timestamp,beats per minute,data source
2023-03-06T00:00:04Z,72.0,Charge 4
2023-03-06T00:00:09Z,74.0,Charge 4
2023-03-06T00:00:14Z,75.0,Charge 4
2023-03-06T00:00:29Z,75.0,Charge 4
2023-03-06T00:00:34Z,73.0,Charge 4
2023-03-06T00:00:49Z,73.0,Charge 4
2023-03-06T00:00:59Z,72.0,Charge 4
2023-03-06T00:01:04Z,70.0,Charge 4
2023-03-06T00:01:09Z,68.0,Charge 4
2023-03-06T00:01:19Z,70.0,Charge 4
2023-03-06T00:01:24Z,71.0,Charge 4
2023-03-06T00:01:29Z,72.0,Charge 4
2023-03-06T00:01:39Z,73.0,Charge 4
2023-03-06T00:01:44Z,72.0,Charge 4
2023-03-06T00:01:59Z,72.0,Charge 4
2023-03-06T00:02:04Z,74.0,Charge 4
2023-03-06T00:02:19Z,74.0,Charge 4
2023-03-06T00:02:29Z,73.0,Charge 4
2023-03-06T00:02:34Z,72.0,Charge 4
2023-03-06T00:02:39Z,71.0,Charge 4
2023-03-06T00:02:54Z,71.0,Charge 4
2023-03-06T00:03:04Z,74.0,Charge 4
2023-03-06T00:03:09Z,75.0,Charge 4
2023-03-06T00:03:15Z,74.0,Charge 4
2023-03-06T00:03:20Z,72.0,Charge 4
2023-03-06T00:03:30Z,73.0,Charge 4
2023-03-06T00:03:35Z,72.0,Charge 4
2023-03-06T00:03:40Z,71.0,Charge 4
2023-03-06T00:03:45Z,72.0,Charge 4
2023-03-06T00:03:55Z,74.0,Charge 4
2023-03-06T00:04:10Z,74.0,Charge 4
2023-03-06T00:04:20Z,73.0,Charge 4
2023-03-06T00:04:25Z,72.0,Charge 4
2023-03-06T00:04:30Z,71.0,Charge 4
2023-03-06T00:04:45Z,72.0,Charge 4
2023-03-06T00:04:50Z,73.0,Charge 4
2023-03-06T00:04:55Z,74.0,Charge 4
2023-03-06T00:05:00Z,73.0,Charge 4
2023-03-06T00:05:05Z,72.0,Charge 4
2023-03-06T00:05:10Z,73.0,Charge 4
2023-03-06T00:05:20Z,72.0,Charge 4
2023-03-06T00:05:30Z,73.0,Charge 4
2023-03-06T00:05:45Z,73.0,Charge 4
2023-03-06T00:05:50Z,75.0,Charge 4
2023-03-06T00:05:55Z,73.0,Charge 4
2023-03-06T00:06:00Z,72.0,Charge 4
2023-03-06T00:06:10Z,73.0,Charge 4
2023-03-06T00:06:15Z,72.0,Charge 4
2023-03-06T00:06:20Z,73.0,Charge 4
2023-03-06T00:06:25Z,72.0,Charge 4
2023-03-06T00:06:30Z,72.0,Charge 4
2023-03-06T00:06:35Z,73.0,Charge 4
2023-03-06T00:06:40Z,74.0,Charge 4
2023-03-06T00:06:45Z,75.0,Charge 4
2023-03-06T00:06:50Z,74.0,Charge 4
2023-03-06T00:06:55Z,72.0,Charge 4
2023-03-06T00:07:00Z,71.0,Charge 4
2023-03-06T00:07:05Z,72.0,Charge 4
2023-03-06T00:07:10Z,73.0,Charge 4
2023-03-06T00:07:20Z,72.0,Charge 4
2023-03-06T00:07:25Z,71.0,Charge 4
2023-03-06T00:07:30Z,70.0,Charge 4
2023-03-06T00:07:40Z,71.0,Charge 4
2023-03-06T00:07:45Z,72.0,Charge 4
2023-03-06T00:07:50Z,73.0,Charge 4
2023-03-06T00:08:05Z,73.0,Charge 4
2023-03-06T00:08:15Z,73.0,Charge 4
2023-03-06T00:08:30Z,73.0,Charge 4
2023-03-06T00:08:35Z,72.0,Charge 4
2023-03-06T00:08:40Z,71.0,Charge 4
2023-03-06T00:08:55Z,71.0,Charge 4
2023-03-06T00:09:05Z,73.0,Charge 4
2023-03-06T00:09:10Z,72.0,Charge 4
2023-03-06T00:09:25Z,72.0,Charge 4
2023-03-06T00:09:31Z,71.0,Charge 4
2023-03-06T00:09:36Z,72.0,Charge 4
2023-03-06T00:09:51Z,72.0,Charge 4
2023-03-06T00:10:01Z,73.0,Charge 4
2023-03-06T00:10:11Z,72.0,Charge 4
2023-03-06T00:10:16Z,71.0,Charge 4
2023-03-06T00:10:31Z,73.0,Charge 4
2023-03-06T00:10:41Z,72.0,Charge 4
2023-03-06T00:10:46Z,71.0,Charge 4
2023-03-06T00:10:56Z,73.0,Charge 4
2023-03-06T00:11:11Z,72.0,Charge 4
2023-03-06T00:11:26Z,72.0,Charge 4
2023-03-06T00:11:31Z,73.0,Charge 4
2023-03-06T00:11:36Z,74.0,Charge 4
2023-03-06T00:11:51Z,74.0,Charge 4
2023-03-06T00:12:01Z,72.0,Charge 4
2023-03-06T00:12:06Z,71.0,Charge 4
2023-03-06T00:12:11Z,72.0,Charge 4
2023-03-06T00:12:16Z,73.0,Charge 4
2023-03-06T00:12:21Z,72.0,Charge 4
2023-03-06T00:12:26Z,71.0,Charge 4
2023-03-06T00:12:31Z,73.0,Charge 4
2023-03-06T00:12:36Z,75.0,Charge 4
2023-03-06T00:12:51Z,73.0,Charge 4
2023-03-06T00:13:06Z,74.0,Charge 4
2023-03-06T00:13:11Z,73.0,Charge 4
2023-03-06T00:13:16Z,72.0,Charge 4
2023-03-06T00:13:21Z,72.0,Charge 4
2023-03-06T00:13:31Z,71.0,Charge 4
2023-03-06T00:13:41Z,72.0,Charge 4
2023-03-06T00:13:46Z,73.0,Charge 4
2023-03-06T00:14:01Z,73.0,Charge 4
2023-03-06T00:14:16Z,73.0,Charge 4
2023-03-06T00:14:31Z,74.0,Charge 4
2023-03-06T00:14:36Z,74.0,Charge 4
2023-03-06T00:14:51Z,74.0,Charge 4
2023-03-06T00:14:56Z,73.0,Charge 4
2023-03-06T00:15:11Z,73.0,Charge 4
2023-03-06T00:15:26Z,72.0,Charge 4
2023-03-06T00:15:36Z,71.0,Charge 4
2023-03-06T00:15:41Z,70.0,Charge 4
2023-03-06T00:15:46Z,71.0,Charge 4
2023-03-06T00:15:56Z,72.0,Charge 4
2023-03-06T00:16:01Z,74.0,Charge 4
2023-03-06T00:16:11Z,73.0,Charge 4
2023-03-06T00:16:26Z,73.0,Charge 4
2023-03-06T00:16:41Z,74.0,Charge 4
2023-03-06T00:16:46Z,72.0,Charge 4
2023-03-06T00:16:51Z,71.0,Charge 4
2023-03-06T00:16:57Z,71.0,Charge 4
2023-03-06T00:17:12Z,71.0,Charge 4
2023-03-06T00:17:17Z,72.0,Charge 4
2023-03-06T00:17:32Z,72.0,Charge 4
2023-03-06T00:17:47Z,72.0,Charge 4
2023-03-06T00:17:52Z,71.0,Charge 4
2023-03-06T00:18:02Z,72.0,Charge 4
2023-03-06T00:18:07Z,73.0,Charge 4
2023-03-06T00:18:12Z,72.0,Charge 4
2023-03-06T00:18:17Z,71.0,Charge 4
2023-03-06T00:18:32Z,72.0,Charge 4
2023-03-06T00:18:37Z,73.0,Charge 4
2023-03-06T00:18:42Z,74.0,Charge 4
2023-03-06T00:18:47Z,73.0,Charge 4
2023-03-06T00:18:52Z,72.0,Charge 4
2023-03-06T00:18:57Z,71.0,Charge 4
2023-03-06T00:19:12Z,72.0,Charge 4
2023-03-06T00:19:27Z,72.0,Charge 4
2023-03-06T00:19:37Z,71.0,Charge 4
2023-03-06T00:19:52Z,72.0,Charge 4
2023-03-06T00:19:57Z,71.0,Charge 4
2023-03-06T00:20:12Z,71.0,Charge 4
2023-03-06T00:20:22Z,72.0,Charge 4
2023-03-06T00:20:32Z,73.0,Charge 4
2023-03-06T00:20:47Z,73.0,Charge 4
2023-03-06T00:20:57Z,73.0,Charge 4
2023-03-06T00:21:03Z,72.0,Charge 4
2023-03-06T00:21:18Z,72.0,Charge 4
2023-03-06T00:21:33Z,73.0,Charge 4
2023-03-06T00:21:38Z,72.0,Charge 4
2023-03-06T00:21:48Z,70.0,Charge 4
2023-03-06T00:21:58Z,71.0,Charge 4
2023-03-06T00:22:03Z,72.0,Charge 4
2023-03-06T00:22:18Z,72.0,Charge 4
2023-03-06T00:22:23Z,70.0,Charge 4
2023-03-06T00:22:33Z,71.0,Charge 4
2023-03-06T00:22:43Z,70.0,Charge 4
2023-03-06T00:22:58Z,71.0,Charge 4
2023-03-06T00:23:13Z,70.0,Charge 4
2023-03-06T00:23:18Z,68.0,Charge 4
2023-03-06T00:23:28Z,70.0,Charge 4
2023-03-06T00:23:33Z,72.0,Charge 4
2023-03-06T00:23:38Z,73.0,Charge 4
2023-03-06T00:23:43Z,74.0,Charge 4
2023-03-06T00:23:48Z,73.0,Charge 4
2023-03-06T00:23:58Z,71.0,Charge 4
2023-03-06T00:24:08Z,72.0,Charge 4
2023-03-06T00:24:13Z,73.0,Charge 4
2023-03-06T00:24:28Z,72.0,Charge 4
2023-03-06T00:24:43Z,73.0,Charge 4
2023-03-06T00:24:48Z,74.0,Charge 4
2023-03-06T00:24:58Z,73.0,Charge 4
2023-03-06T00:25:03Z,72.0,Charge 4
2023-03-06T00:25:08Z,73.0,Charge 4
2023-03-06T00:25:13Z,74.0,Charge 4
2023-03-06T00:25:18Z,73.0,Charge 4
2023-03-06T00:25:23Z,74.0,Charge 4
2023-03-06T00:25:28Z,73.0,Charge 4
2023-03-06T00:25:43Z,73.0,Charge 4
2023-03-06T00:25:48Z,72.0,Charge 4
2023-03-06T00:25:58Z,73.0,Charge 4
2023-03-06T00:26:03Z,74.0,Charge 4
2023-03-06T00:26:08Z,73.0,Charge 4
2023-03-06T00:26:18Z,72.0,Charge 4
2023-03-06T00:26:23Z,70.0,Charge 4
2023-03-06T00:26:33Z,71.0,Charge 4
2023-03-06T00:26:48Z,71.0,Charge 4
2023-03-06T00:26:58Z,72.0,Charge 4
2023-03-06T00:27:08Z,73.0,Charge 4
2023-03-06T00:27:18Z,74.0,Charge 4
2023-03-06T00:27:23Z,73.0,Charge 4
2023-03-06T00:27:28Z,72.0,Charge 4
2023-03-06T00:27:43Z,72.0,Charge 4
2023-03-06T00:27:48Z,73.0,Charge 4
2023-03-06T00:28:03Z,73.0,Charge 4
2023-03-06T00:28:08Z,74.0,Charge 4
2023-03-06T00:28:13Z,73.0,Charge 4
2023-03-06T00:28:18Z,74.0,Charge 4
2023-03-06T00:28:23Z,73.0,Charge 4
2023-03-06T00:28:29Z,74.0,Charge 4
2023-03-06T00:28:34Z,72.0,Charge 4
2023-03-06T00:28:39Z,70.0,Charge 4
2023-03-06T00:28:44Z,71.0,Charge 4
2023-03-06T00:28:49Z,72.0,Charge 4
2023-03-06T00:29:04Z,71.0,Charge 4
2023-03-06T00:29:14Z,72.0,Charge 4
2023-03-06T00:29:24Z,71.0,Charge 4
2023-03-06T00:29:39Z,71.0,Charge 4
2023-03-06T00:29:44Z,72.0,Charge 4
2023-03-06T00:29:49Z,74.0,Charge 4
2023-03-06T00:30:04Z,74.0,Charge 4
2023-03-06T00:30:14Z,87.0,Charge 4
2023-03-06T00:30:19Z,86.0,Charge 4
2023-03-06T00:30:24Z,83.0,Charge 4
2023-03-06T00:30:29Z,77.0,Charge 4
2023-03-06T00:30:34Z,72.0,Charge 4
2023-03-06T00:30:39Z,71.0,Charge 4
2023-03-06T00:30:44Z,69.0,Charge 4
2023-03-06T00:30:49Z,67.0,Charge 4
2023-03-06T00:30:54Z,66.0,Charge 4
2023-03-06T00:31:09Z,66.0,Charge 4
2023-03-06T00:31:14Z,68.0,Charge 4
2023-03-06T00:31:19Z,69.0,Charge 4
2023-03-06T00:31:24Z,68.0,Charge 4
2023-03-06T00:31:39Z,67.0,Charge 4
2023-03-06T00:31:44Z,67.0,Charge 4
2023-03-06T00:31:54Z,68.0,Charge 4
2023-03-06T00:31:59Z,69.0,Charge 4
2023-03-06T00:32:14Z,70.0,Charge 4
2023-03-06T00:32:24Z,69.0,Charge 4
2023-03-06T00:32:29Z,70.0,Charge 4
2023-03-06T00:32:34Z,69.0,Charge 4
2023-03-06T00:32:39Z,68.0,Charge 4
2023-03-06T00:32:44Z,67.0,Charge 4
2023-03-06T00:32:49Z,68.0,Charge 4
2023-03-06T00:32:54Z,69.0,Charge 4
2023-03-06T00:32:59Z,70.0,Charge 4
2023-03-06T00:33:14Z,71.0,Charge 4
2023-03-06T00:33:29Z,72.0,Charge 4
2023-03-06T00:33:34Z,73.0,Charge 4
2023-03-06T00:33:39Z,72.0,Charge 4
2023-03-06T00:33:49Z,71.0,Charge 4
2023-03-06T00:33:54Z,68.0,Charge 4
2023-03-06T00:33:59Z,67.0,Charge 4
2023-03-06T00:34:14Z,67.0,Charge 4
2023-03-06T00:34:19Z,72.0,Charge 4
2023-03-06T00:34:29Z,74.0,Charge 4
2023-03-06T00:34:34Z,73.0,Charge 4
2023-03-06T00:34:39Z,71.0,Charge 4
2023-03-06T00:34:44Z,70.0,Charge 4
2023-03-06T00:34:49Z,71.0,Charge 4
2023-03-06T00:34:55Z,71.0,Charge 4
2023-03-06T00:35:00Z,73.0,Charge 4
2023-03-06T00:35:05Z,74.0,Charge 4
2023-03-06T00:35:10Z,72.0,Charge 4
2023-03-06T00:35:15Z,71.0,Charge 4
2023-03-06T00:35:25Z,70.0,Charge 4
2023-03-06T00:35:30Z,69.0,Charge 4
2023-03-06T00:35:45Z,68.0,Charge 4
2023-03-06T00:35:55Z,69.0,Charge 4
2023-03-06T00:36:10Z,69.0,Charge 4
2023-03-06T00:36:15Z,70.0,Charge 4
2023-03-06T00:36:25Z,69.0,Charge 4
2023-03-06T00:36:30Z,68.0,Charge 4
2023-03-06T00:36:40Z,70.0,Charge 4
2023-03-06T00:36:45Z,72.0,Charge 4
2023-03-06T00:36:50Z,73.0,Charge 4
2023-03-06T00:37:00Z,79.0,Charge 4
2023-03-06T00:37:05Z,78.0,Charge 4
2023-03-06T00:37:10Z,74.0,Charge 4
2023-03-06T00:37:15Z,72.0,Charge 4
2023-03-06T00:37:20Z,68.0,Charge 4
2023-03-06T00:37:25Z,70.0,Charge 4
2023-03-06T00:37:30Z,74.0,Charge 4
2023-03-06T00:37:35Z,76.0,Charge 4
2023-03-06T00:37:45Z,76.0,Charge 4
2023-03-06T00:37:50Z,74.0,Charge 4
2023-03-06T00:37:55Z,72.0,Charge 4
2023-03-06T00:38:00Z,71.0,Charge 4
2023-03-06T00:38:10Z,72.0,Charge 4
2023-03-06T00:38:15Z,79.0,Charge 4
2023-03-06T00:38:20Z,80.0,Charge 4
2023-03-06T00:38:25Z,77.0,Charge 4
2023-03-06T00:38:30Z,75.0,Charge 4
2023-03-06T00:38:35Z,73.0,Charge 4
2023-03-06T00:38:40Z,72.0,Charge 4
2023-03-06T00:38:45Z,70.0,Charge 4
2023-03-06T00:38:50Z,69.0,Charge 4
2023-03-06T00:39:00Z,68.0,Charge 4
2023-03-06T00:39:15Z,68.0,Charge 4
2023-03-06T00:39:20Z,69.0,Charge 4
2023-03-06T00:39:25Z,70.0,Charge 4
2023-03-06T00:39:30Z,69.0,Charge 4
2023-03-06T00:39:45Z,68.0,Charge 4
2023-03-06T00:39:50Z,69.0,Charge 4
2023-03-06T00:39:55Z,71.0,Charge 4
2023-03-06T00:40:00Z,72.0,Charge 4
2023-03-06T00:40:05Z,73.0,Charge 4
2023-03-06T00:40:10Z,71.0,Charge 4
2023-03-06T00:40:15Z,69.0,Charge 4
2023-03-06T00:40:20Z,68.0,Charge 4
2023-03-06T00:40:35Z,68.0,Charge 4
2023-03-06T00:40:50Z,69.0,Charge 4
2023-03-06T00:40:56Z,72.0,Charge 4
2023-03-06T00:41:11Z,73.0,Charge 4
2023-03-06T00:41:16Z,71.0,Charge 4
2023-03-06T00:41:21Z,70.0,Charge 4
2023-03-06T00:41:26Z,69.0,Charge 4
2023-03-06T00:41:41Z,70.0,Charge 4
2023-03-06T00:41:46Z,71.0,Charge 4
2023-03-06T00:41:56Z,69.0,Charge 4
2023-03-06T00:42:11Z,68.0,Charge 4
2023-03-06T00:42:21Z,69.0,Charge 4
2023-03-06T00:42:26Z,70.0,Charge 4
2023-03-06T00:42:31Z,70.0,Charge 4
2023-03-06T00:42:36Z,72.0,Charge 4
2023-03-06T00:42:41Z,73.0,Charge 4
2023-03-06T00:42:46Z,73.0,Charge 4
2023-03-06T00:42:51Z,72.0,Charge 4
2023-03-06T00:43:06Z,71.0,Charge 4
2023-03-06T00:43:11Z,70.0,Charge 4
2023-03-06T00:43:21Z,69.0,Charge 4
2023-03-06T00:43:31Z,70.0,Charge 4
2023-03-06T00:43:36Z,68.0,Charge 4
2023-03-06T00:43:51Z,68.0,Charge 4
2023-03-06T00:44:06Z,68.0,Charge 4
2023-03-06T00:44:11Z,69.0,Charge 4
2023-03-06T00:44:26Z,69.0,Charge 4
2023-03-06T00:44:41Z,69.0,Charge 4
2023-03-06T00:44:46Z,70.0,Charge 4
2023-03-06T00:44:51Z,70.0,Charge 4
2023-03-06T00:45:06Z,71.0,Charge 4
2023-03-06T00:45:11Z,70.0,Charge 4
2023-03-06T00:45:16Z,69.0,Charge 4
2023-03-06T00:45:21Z,68.0,Charge 4
2023-03-06T00:45:31Z,69.0,Charge 4
2023-03-06T00:45:41Z,70.0,Charge 4
2023-03-06T00:45:46Z,79.0,Charge 4
2023-03-06T00:45:51Z,81.0,Charge 4
2023-03-06T00:45:56Z,77.0,Charge 4
2023-03-06T00:46:01Z,74.0,Charge 4
2023-03-06T00:46:06Z,71.0,Charge 4
2023-03-06T00:46:11Z,68.0,Charge 4
2023-03-06T00:46:16Z,67.0,Charge 4
2023-03-06T00:46:21Z,68.0,Charge 4
2023-03-06T00:46:26Z,67.0,Charge 4
2023-03-06T00:46:31Z,66.0,Charge 4
2023-03-06T00:46:36Z,67.0,Charge 4
2023-03-06T00:46:41Z,68.0,Charge 4
2023-03-06T00:46:46Z,67.0,Charge 4
2023-03-06T00:46:56Z,68.0,Charge 4
2023-03-06T00:47:01Z,69.0,Charge 4
2023-03-06T00:47:06Z,69.0,Charge 4
2023-03-06T00:47:16Z,71.0,Charge 4
2023-03-06T00:47:26Z,72.0,Charge 4
2023-03-06T00:47:31Z,71.0,Charge 4
2023-03-06T00:47:37Z,70.0,Charge 4
2023-03-06T00:47:42Z,69.0,Charge 4
2023-03-06T00:47:57Z,69.0,Charge 4
2023-03-06T00:48:02Z,70.0,Charge 4
2023-03-06T00:48:07Z,71.0,Charge 4
2023-03-06T00:48:17Z,72.0,Charge 4
2023-03-06T00:48:22Z,72.0,Charge 4
2023-03-06T00:48:27Z,74.0,Charge 4
2023-03-06T00:48:32Z,73.0,Charge 4
2023-03-06T00:48:37Z,72.0,Charge 4
2023-03-06T00:48:52Z,72.0,Charge 4
2023-03-06T00:49:02Z,71.0,Charge 4
2023-03-06T00:49:07Z,69.0,Charge 4
2023-03-06T00:49:12Z,68.0,Charge 4
2023-03-06T00:49:27Z,68.0,Charge 4
2023-03-06T00:49:37Z,69.0,Charge 4
2023-03-06T00:49:52Z,70.0,Charge 4
2023-03-06T00:49:57Z,71.0,Charge 4
2023-03-06T00:50:02Z,70.0,Charge 4
2023-03-06T00:50:07Z,69.0,Charge 4
2023-03-06T00:50:22Z,69.0,Charge 4
2023-03-06T00:50:27Z,70.0,Charge 4
2023-03-06T00:50:32Z,69.0,Charge 4
2023-03-06T00:50:42Z,70.0,Charge 4
2023-03-06T00:50:52Z,71.0,Charge 4
2023-03-06T00:50:57Z,69.0,Charge 4
2023-03-06T00:51:07Z,70.0,Charge 4
2023-03-06T00:51:12Z,69.0,Charge 4
2023-03-06T00:51:22Z,70.0,Charge 4
2023-03-06T00:51:27Z,71.0,Charge 4
2023-03-06T00:51:37Z,70.0,Charge 4
2023-03-06T00:51:47Z,71.0,Charge 4
2023-03-06T00:52:02Z,71.0,Charge 4
2023-03-06T00:52:07Z,70.0,Charge 4
2023-03-06T00:52:17Z,72.0,Charge 4
2023-03-06T00:52:32Z,73.0,Charge 4
2023-03-06T00:52:42Z,72.0,Charge 4
2023-03-06T00:52:47Z,72.0,Charge 4
2023-03-06T00:53:02Z,72.0,Charge 4
2023-03-06T00:53:07Z,73.0,Charge 4
2023-03-06T00:53:12Z,75.0,Charge 4
2023-03-06T00:53:17Z,74.0,Charge 4
2023-03-06T00:53:32Z,73.0,Charge 4
2023-03-06T00:53:37Z,71.0,Charge 4
2023-03-06T00:53:47Z,70.0,Charge 4
2023-03-06T00:53:52Z,69.0,Charge 4
2023-03-06T00:53:57Z,68.0,Charge 4
2023-03-06T00:54:07Z,67.0,Charge 4
2023-03-06T00:54:12Z,68.0,Charge 4
2023-03-06T00:54:17Z,69.0,Charge 4
2023-03-06T00:54:32Z,69.0,Charge 4
2023-03-06T00:54:37Z,71.0,Charge 4
2023-03-06T00:54:42Z,70.0,Charge 4
2023-03-06T00:54:48Z,69.0,Charge 4
2023-03-06T00:54:53Z,70.0,Charge 4
2023-03-06T00:54:58Z,69.0,Charge 4
2023-03-06T00:55:08Z,71.0,Charge 4
2023-03-06T00:55:23Z,73.0,Charge 4
2023-03-06T00:55:28Z,74.0,Charge 4
2023-03-06T00:55:38Z,73.0,Charge 4
2023-03-06T00:55:43Z,71.0,Charge 4
2023-03-06T00:55:48Z,70.0,Charge 4
2023-03-06T00:56:03Z,70.0,Charge 4
2023-03-06T00:56:08Z,71.0,Charge 4
2023-03-06T00:56:13Z,72.0,Charge 4
2023-03-06T00:56:18Z,74.0,Charge 4
2023-03-06T00:56:33Z,72.0,Charge 4
2023-03-06T00:56:38Z,71.0,Charge 4
2023-03-06T00:56:53Z,68.0,Charge 4
2023-03-06T00:57:03Z,70.0,Charge 4
2023-03-06T00:57:08Z,71.0,Charge 4
2023-03-06T00:57:13Z,72.0,Charge 4
2023-03-06T00:57:28Z,74.0,Charge 4
2023-03-06T00:57:33Z,80.0,Charge 4
2023-03-06T00:57:38Z,75.0,Charge 4
2023-03-06T00:57:43Z,69.0,Charge 4
2023-03-06T00:57:48Z,67.0,Charge 4
2023-03-06T00:57:53Z,66.0,Charge 4
2023-03-06T00:57:58Z,65.0,Charge 4
2023-03-06T00:58:08Z,65.0,Charge 4
2023-03-06T00:58:13Z,64.0,Charge 4
2023-03-06T00:58:23Z,65.0,Charge 4
2023-03-06T00:58:28Z,67.0,Charge 4
2023-03-06T00:58:43Z,66.0,Charge 4
2023-03-06T00:58:48Z,65.0,Charge 4
2023-03-06T00:58:58Z,66.0,Charge 4
2023-03-06T00:59:03Z,67.0,Charge 4
2023-03-06T00:59:08Z,68.0,Charge 4
2023-03-06T00:59:13Z,69.0,Charge 4
2023-03-06T00:59:28Z,69.0,Charge 4
2023-03-06T00:59:38Z,68.0,Charge 4
2023-03-06T00:59:43Z,67.0,Charge 4
2023-03-06T00:59:53Z,68.0,Charge 4
2023-03-06T00:59:58Z,69.0,Charge 4
2023-03-06T01:00:03Z,70.0,Charge 4
2023-03-06T01:00:08Z,69.0,Charge 4
2023-03-06T01:00:18Z,68.0,Charge 4
2023-03-06T01:00:23Z,67.0,Charge 4
2023-03-06T01:00:33Z,68.0,Charge 4
2023-03-06T01:00:38Z,69.0,Charge 4
2023-03-06T01:00:53Z,69.0,Charge 4
2023-03-06T01:01:03Z,68.0,Charge 4
2023-03-06T01:01:08Z,69.0,Charge 4
2023-03-06T01:01:13Z,71.0,Charge 4
2023-03-06T01:01:28Z,71.0,Charge 4
2023-03-06T01:01:38Z,70.0,Charge 4
2023-03-06T01:01:44Z,71.0,Charge 4
2023-03-06T01:01:49Z,72.0,Charge 4
2023-03-06T01:01:54Z,71.0,Charge 4
2023-03-06T01:01:59Z,70.0,Charge 4
2023-03-06T01:02:14Z,70.0,Charge 4
2023-03-06T01:02:24Z,69.0,Charge 4
2023-03-06T01:02:34Z,70.0,Charge 4
2023-03-06T01:02:49Z,69.0,Charge 4
2023-03-06T01:02:54Z,68.0,Charge 4
2023-03-06T01:02:59Z,69.0,Charge 4
2023-03-06T01:03:04Z,71.0,Charge 4
2023-03-06T01:03:09Z,72.0,Charge 4
2023-03-06T01:03:24Z,70.0,Charge 4
2023-03-06T01:03:34Z,69.0,Charge 4
2023-03-06T01:03:49Z,70.0,Charge 4
2023-03-06T01:03:59Z,71.0,Charge 4
2023-03-06T01:04:04Z,72.0,Charge 4
2023-03-06T01:04:09Z,71.0,Charge 4
2023-03-06T01:04:14Z,70.0,Charge 4
2023-03-06T01:04:19Z,68.0,Charge 4
2023-03-06T01:04:24Z,69.0,Charge 4
2023-03-06T01:04:29Z,70.0,Charge 4
2023-03-06T01:04:34Z,69.0,Charge 4
2023-03-06T01:04:44Z,70.0,Charge 4
2023-03-06T01:04:59Z,69.0,Charge 4
2023-03-06T01:05:09Z,67.0,Charge 4
2023-03-06T01:05:19Z,69.0,Charge 4
2023-03-06T01:05:24Z,69.0,Charge 4
2023-03-06T01:05:34Z,70.0,Charge 4
2023-03-06T01:05:39Z,71.0,Charge 4
2023-03-06T01:05:54Z,69.0,Charge 4
2023-03-06T01:05:59Z,69.0,Charge 4
2023-03-06T01:06:14Z,69.0,Charge 4
2023-03-06T01:06:19Z,80.0,Charge 4
2023-03-06T01:06:24Z,92.0,Charge 4
2023-03-06T01:06:29Z,93.0,Charge 4
2023-03-06T01:06:34Z,86.0,Charge 4
2023-03-06T01:06:39Z,78.0,Charge 4
2023-03-06T01:06:44Z,75.0,Charge 4
2023-03-06T01:06:49Z,72.0,Charge 4
2023-03-06T01:06:54Z,70.0,Charge 4
2023-03-06T01:06:59Z,68.0,Charge 4
2023-03-06T01:07:04Z,67.0,Charge 4
2023-03-06T01:07:09Z,68.0,Charge 4
2023-03-06T01:07:14Z,69.0,Charge 4
2023-03-06T01:07:19Z,71.0,Charge 4
2023-03-06T01:07:24Z,72.0,Charge 4
2023-03-06T01:07:29Z,70.0,Charge 4
2023-03-06T01:07:39Z,69.0,Charge 4
2023-03-06T01:07:44Z,70.0,Charge 4
2023-03-06T01:07:59Z,70.0,Charge 4
2023-03-06T01:08:05Z,72.0,Charge 4
2023-03-06T01:08:10Z,71.0,Charge 4
2023-03-06T01:08:15Z,70.0,Charge 4
2023-03-06T01:08:20Z,69.0,Charge 4
2023-03-06T01:08:30Z,68.0,Charge 4
2023-03-06T01:08:40Z,70.0,Charge 4
2023-03-06T01:08:45Z,69.0,Charge 4
2023-03-06T01:08:50Z,70.0,Charge 4
2023-03-06T01:09:05Z,70.0,Charge 4
2023-03-06T01:09:10Z,68.0,Charge 4
2023-03-06T01:09:15Z,67.0,Charge 4
2023-03-06T01:09:20Z,67.0,Charge 4
2023-03-06T01:09:30Z,69.0,Charge 4
2023-03-06T01:09:40Z,70.0,Charge 4
2023-03-06T01:09:45Z,71.0,Charge 4
2023-03-06T01:10:00Z,70.0,Charge 4
2023-03-06T01:10:10Z,71.0,Charge 4
2023-03-06T01:10:15Z,70.0,Charge 4
2023-03-06T01:10:20Z,69.0,Charge 4
2023-03-06T01:10:25Z,70.0,Charge 4
2023-03-06T01:10:30Z,69.0,Charge 4
2023-03-06T01:10:35Z,70.0,Charge 4
2023-03-06T01:10:40Z,71.0,Charge 4
2023-03-06T01:10:45Z,72.0,Charge 4
2023-03-06T01:10:55Z,73.0,Charge 4
2023-03-06T01:11:00Z,73.0,Charge 4
2023-03-06T01:11:05Z,71.0,Charge 4
2023-03-06T01:11:10Z,71.0,Charge 4
2023-03-06T01:11:25Z,70.0,Charge 4
2023-03-06T01:11:40Z,71.0,Charge 4
2023-03-06T01:11:50Z,71.0,Charge 4
2023-03-06T01:11:55Z,72.0,Charge 4
2023-03-06T01:12:00Z,72.0,Charge 4
2023-03-06T01:12:05Z,72.0,Charge 4
2023-03-06T01:12:15Z,71.0,Charge 4
2023-03-06T01:12:20Z,70.0,Charge 4
2023-03-06T01:12:35Z,70.0,Charge 4
2023-03-06T01:12:40Z,70.0,Charge 4
2023-03-06T01:12:45Z,71.0,Charge 4
2023-03-06T01:13:00Z,71.0,Charge 4
2023-03-06T01:13:05Z,72.0,Charge 4
2023-03-06T01:13:20Z,72.0,Charge 4
2023-03-06T01:13:25Z,71.0,Charge 4
2023-03-06T01:13:40Z,71.0,Charge 4
2023-03-06T01:13:45Z,72.0,Charge 4
2023-03-06T01:14:00Z,72.0,Charge 4
2023-03-06T01:14:10Z,71.0,Charge 4
2023-03-06T01:14:25Z,71.0,Charge 4
2023-03-06T01:14:40Z,70.0,Charge 4
2023-03-06T01:14:50Z,71.0,Charge 4
2023-03-06T01:14:55Z,70.0,Charge 4
2023-03-06T01:15:10Z,70.0,Charge 4
2023-03-06T01:15:25Z,70.0,Charge 4
2023-03-06T01:15:26Z,70.0,Charge 4
2023-03-06T01:15:41Z,70.0,Charge 4
2023-03-06T01:15:56Z,71.0,Charge 4
2023-03-06T01:16:11Z,71.0,Charge 4
2023-03-06T01:16:26Z,70.0,Charge 4
2023-03-06T01:16:41Z,69.0,Charge 4
2023-03-06T01:16:46Z,70.0,Charge 4
2023-03-06T01:17:01Z,70.0,Charge 4
2023-03-06T01:17:11Z,71.0,Charge 4
2023-03-06T01:17:26Z,71.0,Charge 4
2023-03-06T01:17:31Z,70.0,Charge 4
2023-03-06T01:17:46Z,70.0,Charge 4
2023-03-06T01:18:01Z,70.0,Charge 4
2023-03-06T01:18:16Z,70.0,Charge 4
2023-03-06T01:18:31Z,70.0,Charge 4
2023-03-06T01:18:46Z,70.0,Charge 4
2023-03-06T01:18:51Z,71.0,Charge 4
2023-03-06T01:18:56Z,73.0,Charge 4
2023-03-06T01:19:06Z,73.0,Charge 4
2023-03-06T01:19:11Z,71.0,Charge 4
2023-03-06T01:19:16Z,71.0,Charge 4
2023-03-06T01:19:26Z,70.0,Charge 4
2023-03-06T01:19:31Z,71.0,Charge 4
2023-03-06T01:19:46Z,71.0,Charge 4
2023-03-06T01:19:56Z,71.0,Charge 4
2023-03-06T01:20:01Z,72.0,Charge 4
2023-03-06T01:20:16Z,71.0,Charge 4
2023-03-06T01:20:21Z,71.0,Charge 4
2023-03-06T01:20:36Z,71.0,Charge 4
2023-03-06T01:20:41Z,72.0,Charge 4
2023-03-06T01:20:46Z,71.0,Charge 4
2023-03-06T01:20:51Z,72.0,Charge 4
2023-03-06T01:21:06Z,72.0,Charge 4
2023-03-06T01:21:11Z,71.0,Charge 4
2023-03-06T01:21:26Z,71.0,Charge 4
2023-03-06T01:21:41Z,71.0,Charge 4
2023-03-06T01:21:56Z,71.0,Charge 4
2023-03-06T01:22:11Z,71.0,Charge 4
2023-03-06T01:22:21Z,70.0,Charge 4
2023-03-06T01:22:36Z,70.0,Charge 4
2023-03-06T01:22:41Z,71.0,Charge 4
2023-03-06T01:22:56Z,71.0,Charge 4
2023-03-06T01:23:01Z,70.0,Charge 4
2023-03-06T01:23:16Z,70.0,Charge 4
2023-03-06T01:23:26Z,71.0,Charge 4
2023-03-06T01:23:31Z,70.0,Charge 4
2023-03-06T01:23:46Z,70.0,Charge 4
2023-03-06T01:24:01Z,71.0,Charge 4
2023-03-06T01:24:16Z,71.0,Charge 4
2023-03-06T01:24:31Z,71.0,Charge 4
2023-03-06T01:24:41Z,72.0,Charge 4
2023-03-06T01:24:46Z,71.0,Charge 4
2023-03-06T01:25:01Z,71.0,Charge 4
2023-03-06T01:25:02Z,71.0,Charge 4
2023-03-06T01:25:17Z,71.0,Charge 4
2023-03-06T01:25:32Z,71.0,Charge 4
2023-03-06T01:25:47Z,71.0,Charge 4
2023-03-06T01:26:02Z,71.0,Charge 4
2023-03-06T01:26:12Z,70.0,Charge 4
2023-03-06T01:26:27Z,70.0,Charge 4
2023-03-06T01:26:42Z,71.0,Charge 4
2023-03-06T01:26:57Z,71.0,Charge 4
2023-03-06T01:27:02Z,70.0,Charge 4
2023-03-06T01:27:12Z,71.0,Charge 4
2023-03-06T01:27:17Z,72.0,Charge 4
2023-03-06T01:27:32Z,72.0,Charge 4
2023-03-06T01:27:47Z,71.0,Charge 4
2023-03-06T01:27:57Z,71.0,Charge 4
2023-03-06T01:28:07Z,70.0,Charge 4
2023-03-06T01:28:22Z,70.0,Charge 4
2023-03-06T01:28:27Z,71.0,Charge 4
2023-03-06T01:28:42Z,71.0,Charge 4
2023-03-06T01:28:57Z,71.0,Charge 4
2023-03-06T01:29:43Z,71.0,Charge 4
2023-03-06T01:29:48Z,71.0,Charge 4
2023-03-06T01:30:03Z,71.0,Charge 4
2023-03-06T01:30:18Z,71.0,Charge 4
2023-03-06T01:30:33Z,71.0,Charge 4
2023-03-06T01:30:48Z,71.0,Charge 4
2023-03-06T01:31:03Z,71.0,Charge 4
2023-03-06T01:31:08Z,70.0,Charge 4
2023-03-06T01:31:23Z,70.0,Charge 4
2023-03-06T01:31:33Z,71.0,Charge 4
2023-03-06T01:31:48Z,71.0,Charge 4
2023-03-06T01:32:03Z,71.0,Charge 4
2023-03-06T01:32:18Z,71.0,Charge 4
2023-03-06T01:32:33Z,71.0,Charge 4
2023-03-06T01:32:48Z,71.0,Charge 4
2023-03-06T01:32:53Z,72.0,Charge 4
2023-03-06T01:32:58Z,71.0,Charge 4
2023-03-06T01:33:03Z,73.0,Charge 4
2023-03-06T01:33:13Z,74.0,Charge 4
2023-03-06T01:33:18Z,72.0,Charge 4
2023-03-06T01:33:28Z,71.0,Charge 4
2023-03-06T01:33:33Z,70.0,Charge 4
2023-03-06T01:33:38Z,69.0,Charge 4
2023-03-06T01:33:43Z,68.0,Charge 4
2023-03-06T01:33:53Z,69.0,Charge 4
2023-03-06T01:33:58Z,70.0,Charge 4
2023-03-06T01:34:03Z,72.0,Charge 4
2023-03-06T01:34:09Z,72.0,Charge 4
2023-03-06T01:34:14Z,71.0,Charge 4
2023-03-06T01:34:19Z,70.0,Charge 4
2023-03-06T01:34:24Z,69.0,Charge 4
2023-03-06T01:34:29Z,68.0,Charge 4
2023-03-06T01:34:39Z,69.0,Charge 4
2023-03-06T01:34:54Z,69.0,Charge 4
2023-03-06T01:35:04Z,70.0,Charge 4
2023-03-06T01:35:09Z,73.0,Charge 4
2023-03-06T01:35:14Z,81.0,Charge 4
2023-03-06T01:35:24Z,81.0,Charge 4
2023-03-06T01:35:29Z,76.0,Charge 4
2023-03-06T01:35:34Z,69.0,Charge 4
2023-03-06T01:35:39Z,67.0,Charge 4
2023-03-06T01:35:44Z,66.0,Charge 4
2023-03-06T01:35:54Z,67.0,Charge 4
2023-03-06T01:35:59Z,70.0,Charge 4
2023-03-06T01:36:09Z,70.0,Charge 4
2023-03-06T01:36:14Z,71.0,Charge 4
2023-03-06T01:36:24Z,70.0,Charge 4
2023-03-06T01:36:29Z,71.0,Charge 4
2023-03-06T01:36:34Z,70.0,Charge 4
2023-03-06T01:36:39Z,69.0,Charge 4
2023-03-06T01:36:54Z,70.0,Charge 4
2023-03-06T01:37:04Z,71.0,Charge 4
2023-03-06T01:37:14Z,70.0,Charge 4
2023-03-06T01:37:19Z,69.0,Charge 4
2023-03-06T01:37:24Z,68.0,Charge 4
2023-03-06T01:37:29Z,69.0,Charge 4
2023-03-06T01:37:34Z,71.0,Charge 4
2023-03-06T01:37:39Z,72.0,Charge 4
2023-03-06T01:37:44Z,73.0,Charge 4
2023-03-06T01:37:59Z,73.0,Charge 4
2023-03-06T01:38:04Z,73.0,Charge 4
2023-03-06T01:38:14Z,73.0,Charge 4
2023-03-06T01:38:19Z,71.0,Charge 4
2023-03-06T01:38:24Z,70.0,Charge 4
2023-03-06T01:38:29Z,72.0,Charge 4
2023-03-06T01:38:39Z,73.0,Charge 4
2023-03-06T01:38:49Z,72.0,Charge 4
2023-03-06T01:38:54Z,71.0,Charge 4
2023-03-06T01:38:59Z,68.0,Charge 4
2023-03-06T01:39:14Z,69.0,Charge 4
2023-03-06T01:39:19Z,70.0,Charge 4
2023-03-06T01:39:24Z,71.0,Charge 4
2023-03-06T01:39:29Z,72.0,Charge 4
2023-03-06T01:39:34Z,73.0,Charge 4
2023-03-06T01:39:49Z,73.0,Charge 4
2023-03-06T01:39:54Z,74.0,Charge 4
2023-03-06T01:39:59Z,74.0,Charge 4
2023-03-06T01:40:04Z,75.0,Charge 4
2023-03-06T01:40:09Z,73.0,Charge 4
2023-03-06T01:40:14Z,72.0,Charge 4
2023-03-06T01:40:19Z,72.0,Charge 4
2023-03-06T01:40:24Z,71.0,Charge 4
2023-03-06T01:40:29Z,71.0,Charge 4
2023-03-06T01:40:34Z,72.0,Charge 4
2023-03-06T01:40:39Z,72.0,Charge 4
2023-03-06T01:40:44Z,70.0,Charge 4
2023-03-06T01:40:49Z,69.0,Charge 4
2023-03-06T01:40:54Z,70.0,Charge 4
2023-03-06T01:41:09Z,70.0,Charge 4
2023-03-06T01:41:24Z,69.0,Charge 4
2023-03-06T01:41:29Z,72.0,Charge 4
2023-03-06T01:41:34Z,71.0,Charge 4
2023-03-06T01:41:39Z,70.0,Charge 4
2023-03-06T01:41:44Z,71.0,Charge 4
2023-03-06T01:41:49Z,72.0,Charge 4
2023-03-06T01:41:54Z,71.0,Charge 4
2023-03-06T01:42:04Z,72.0,Charge 4
2023-03-06T01:42:14Z,71.0,Charge 4
2023-03-06T01:42:19Z,71.0,Charge 4
2023-03-06T01:42:24Z,72.0,Charge 4
2023-03-06T01:42:29Z,73.0,Charge 4
2023-03-06T01:42:34Z,71.0,Charge 4
2023-03-06T01:42:39Z,69.0,Charge 4
2023-03-06T01:42:49Z,70.0,Charge 4
2023-03-06T01:42:54Z,71.0,Charge 4
2023-03-06T01:43:00Z,72.0,Charge 4
2023-03-06T01:43:15Z,72.0,Charge 4
2023-03-06T01:43:20Z,71.0,Charge 4
2023-03-06T01:43:35Z,71.0,Charge 4
2023-03-06T01:43:40Z,72.0,Charge 4
2023-03-06T01:43:45Z,73.0,Charge 4
2023-03-06T01:43:55Z,75.0,Charge 4
2023-03-06T01:44:00Z,77.0,Charge 4
2023-03-06T01:44:05Z,80.0,Charge 4
2023-03-06T01:44:15Z,77.0,Charge 4
2023-03-06T01:44:20Z,74.0,Charge 4
2023-03-06T01:44:35Z,74.0,Charge 4
2023-03-06T01:44:40Z,73.0,Charge 4
2023-03-06T01:44:45Z,72.0,Charge 4
2023-03-06T01:44:50Z,71.0,Charge 4
2023-03-06T01:44:55Z,70.0,Charge 4
2023-03-06T01:45:05Z,71.0,Charge 4
2023-03-06T01:45:10Z,72.0,Charge 4
2023-03-06T01:45:15Z,73.0,Charge 4
2023-03-06T01:45:30Z,70.0,Charge 4
2023-03-06T01:45:35Z,69.0,Charge 4
2023-03-06T01:45:45Z,70.0,Charge 4
2023-03-06T01:45:50Z,69.0,Charge 4
2023-03-06T01:46:05Z,70.0,Charge 4
2023-03-06T01:46:15Z,72.0,Charge 4
2023-03-06T01:46:20Z,74.0,Charge 4
2023-03-06T01:46:25Z,72.0,Charge 4
2023-03-06T01:46:30Z,71.0,Charge 4
2023-03-06T01:46:40Z,70.0,Charge 4
2023-03-06T01:46:45Z,69.0,Charge 4
2023-03-06T01:46:50Z,68.0,Charge 4
2023-03-06T01:46:55Z,67.0,Charge 4
2023-03-06T01:47:10Z,68.0,Charge 4
2023-03-06T01:47:15Z,69.0,Charge 4
2023-03-06T01:47:20Z,71.0,Charge 4
2023-03-06T01:47:25Z,72.0,Charge 4
2023-03-06T01:47:30Z,73.0,Charge 4
2023-03-06T01:47:35Z,74.0,Charge 4
2023-03-06T01:47:45Z,75.0,Charge 4
2023-03-06T01:48:00Z,75.0,Charge 4
2023-03-06T01:48:10Z,74.0,Charge 4
2023-03-06T01:48:15Z,75.0,Charge 4
2023-03-06T01:48:20Z,74.0,Charge 4
2023-03-06T01:48:35Z,74.0,Charge 4
2023-03-06T01:48:45Z,73.0,Charge 4
2023-03-06T01:48:50Z,72.0,Charge 4
2023-03-06T01:49:00Z,73.0,Charge 4
2023-03-06T01:49:15Z,73.0,Charge 4
2023-03-06T01:49:56Z,71.0,Charge 4
2023-03-06T01:50:11Z,71.0,Charge 4
2023-03-06T01:50:26Z,72.0,Charge 4
2023-03-06T01:50:31Z,73.0,Charge 4
2023-03-06T01:50:36Z,75.0,Charge 4
2023-03-06T01:50:41Z,74.0,Charge 4
2023-03-06T01:50:46Z,72.0,Charge 4
2023-03-06T01:50:51Z,71.0,Charge 4
2023-03-06T01:51:06Z,71.0,Charge 4
2023-03-06T01:51:16Z,70.0,Charge 4
2023-03-06T01:51:26Z,71.0,Charge 4
2023-03-06T01:51:41Z,72.0,Charge 4
2023-03-06T01:51:46Z,71.0,Charge 4
2023-03-06T01:51:51Z,70.0,Charge 4
2023-03-06T01:51:56Z,69.0,Charge 4
2023-03-06T01:52:06Z,70.0,Charge 4
2023-03-06T01:52:11Z,68.0,Charge 4
2023-03-06T01:52:26Z,69.0,Charge 4
2023-03-06T01:52:31Z,70.0,Charge 4
2023-03-06T01:52:36Z,71.0,Charge 4
2023-03-06T01:52:41Z,70.0,Charge 4
2023-03-06T01:52:46Z,69.0,Charge 4
2023-03-06T01:52:51Z,70.0,Charge 4
2023-03-06T01:53:06Z,70.0,Charge 4
2023-03-06T01:53:11Z,69.0,Charge 4
2023-03-06T01:53:16Z,70.0,Charge 4
2023-03-06T01:53:21Z,73.0,Charge 4
2023-03-06T01:53:26Z,72.0,Charge 4
2023-03-06T01:53:31Z,70.0,Charge 4
2023-03-06T01:53:41Z,71.0,Charge 4
2023-03-06T01:53:46Z,72.0,Charge 4
2023-03-06T01:53:51Z,71.0,Charge 4
2023-03-06T01:53:56Z,69.0,Charge 4
2023-03-06T01:54:01Z,68.0,Charge 4
2023-03-06T01:54:06Z,69.0,Charge 4
2023-03-06T01:54:11Z,70.0,Charge 4
2023-03-06T01:54:21Z,71.0,Charge 4
2023-03-06T01:54:36Z,71.0,Charge 4
2023-03-06T01:54:51Z,71.0,Charge 4
2023-03-06T01:54:56Z,70.0,Charge 4
2023-03-06T01:55:01Z,71.0,Charge 4
2023-03-06T01:55:16Z,71.0,Charge 4
2023-03-06T01:55:26Z,72.0,Charge 4
2023-03-06T01:55:36Z,71.0,Charge 4
2023-03-06T01:55:46Z,70.0,Charge 4
2023-03-06T01:55:51Z,72.0,Charge 4
2023-03-06T01:55:56Z,73.0,Charge 4
2023-03-06T01:56:01Z,74.0,Charge 4
2023-03-06T01:56:06Z,76.0,Charge 4
2023-03-06T01:56:16Z,78.0,Charge 4
2023-03-06T01:56:21Z,79.0,Charge 4
2023-03-06T01:56:31Z,80.0,Charge 4
2023-03-06T01:56:41Z,81.0,Charge 4
2023-03-06T01:56:47Z,83.0,Charge 4
2023-03-06T01:56:52Z,84.0,Charge 4
2023-03-06T01:56:57Z,85.0,Charge 4
2023-03-06T01:57:07Z,86.0,Charge 4
2023-03-06T01:57:12Z,88.0,Charge 4
2023-03-06T01:57:17Z,89.0,Charge 4
2023-03-06T01:57:32Z,92.0,Charge 4
2023-03-06T01:57:42Z,93.0,Charge 4
2023-03-06T01:57:47Z,92.0,Charge 4
2023-03-06T01:57:52Z,90.0,Charge 4
2023-03-06T01:57:57Z,87.0,Charge 4
2023-03-06T01:58:02Z,84.0,Charge 4
2023-03-06T01:58:07Z,82.0,Charge 4
2023-03-06T01:58:17Z,81.0,Charge 4
2023-03-06T01:58:22Z,79.0,Charge 4
2023-03-06T01:58:27Z,78.0,Charge 4
2023-03-06T01:58:42Z,78.0,Charge 4
2023-03-06T01:58:52Z,76.0,Charge 4
2023-03-06T01:58:57Z,75.0,Charge 4
2023-03-06T01:59:07Z,74.0,Charge 4
2023-03-06T01:59:22Z,76.0,Charge 4
2023-03-06T01:59:27Z,75.0,Charge 4
2023-03-06T01:59:32Z,72.0,Charge 4
2023-03-06T01:59:37Z,73.0,Charge 4
2023-03-06T01:59:42Z,74.0,Charge 4
2023-03-06T01:59:47Z,76.0,Charge 4
2023-03-06T01:59:52Z,77.0,Charge 4
2023-03-06T01:59:57Z,78.0,Charge 4
2023-03-06T02:00:02Z,77.0,Charge 4
2023-03-06T02:00:12Z,76.0,Charge 4
2023-03-06T02:00:17Z,75.0,Charge 4
2023-03-06T02:00:22Z,75.0,Charge 4
2023-03-06T02:00:27Z,72.0,Charge 4
2023-03-06T02:00:32Z,71.0,Charge 4
2023-03-06T02:00:37Z,70.0,Charge 4
2023-03-06T02:00:47Z,71.0,Charge 4
2023-03-06T02:00:57Z,73.0,Charge 4
2023-03-06T02:01:02Z,74.0,Charge 4
2023-03-06T02:01:12Z,73.0,Charge 4
2023-03-06T02:01:27Z,73.0,Charge 4
2023-03-06T02:01:32Z,72.0,Charge 4
2023-03-06T02:01:42Z,73.0,Charge 4
2023-03-06T02:01:47Z,72.0,Charge 4
2023-03-06T02:01:52Z,69.0,Charge 4
2023-03-06T02:02:02Z,71.0,Charge 4
2023-03-06T02:02:07Z,73.0,Charge 4
2023-03-06T02:02:12Z,76.0,Charge 4
2023-03-06T02:02:22Z,77.0,Charge 4
2023-03-06T02:02:37Z,77.0,Charge 4
2023-03-06T02:02:42Z,74.0,Charge 4
2023-03-06T02:02:47Z,72.0,Charge 4
2023-03-06T02:02:52Z,71.0,Charge 4
2023-03-06T02:02:58Z,72.0,Charge 4
2023-03-06T02:03:03Z,73.0,Charge 4
2023-03-06T02:03:08Z,72.0,Charge 4
2023-03-06T02:03:23Z,73.0,Charge 4
2023-03-06T02:03:33Z,77.0,Charge 4
2023-03-06T02:03:38Z,85.0,Charge 4
2023-03-06T02:03:43Z,86.0,Charge 4
2023-03-06T02:03:48Z,85.0,Charge 4
2023-03-06T02:03:53Z,78.0,Charge 4
2023-03-06T02:03:58Z,74.0,Charge 4
2023-03-06T02:04:03Z,72.0,Charge 4
2023-03-06T02:04:08Z,71.0,Charge 4
2023-03-06T02:04:23Z,72.0,Charge 4
2023-03-06T02:04:28Z,71.0,Charge 4
2023-03-06T02:04:33Z,70.0,Charge 4
2023-03-06T02:04:43Z,71.0,Charge 4
2023-03-06T02:04:53Z,72.0,Charge 4
2023-03-06T02:05:08Z,73.0,Charge 4
2023-03-06T02:05:13Z,73.0,Charge 4
2023-03-06T02:05:18Z,73.0,Charge 4
2023-03-06T02:05:28Z,74.0,Charge 4
2023-03-06T02:05:33Z,75.0,Charge 4
2023-03-06T02:05:38Z,73.0,Charge 4
2023-03-06T02:05:48Z,72.0,Charge 4
2023-03-06T02:05:53Z,71.0,Charge 4
2023-03-06T02:06:03Z,69.0,Charge 4
2023-03-06T02:06:08Z,69.0,Charge 4
2023-03-06T02:06:13Z,70.0,Charge 4
2023-03-06T02:06:23Z,71.0,Charge 4
2023-03-06T02:06:28Z,71.0,Charge 4
2023-03-06T02:06:38Z,72.0,Charge 4
2023-03-06T02:06:43Z,73.0,Charge 4
2023-03-06T02:06:48Z,72.0,Charge 4
2023-03-06T02:07:03Z,72.0,Charge 4
2023-03-06T02:07:08Z,73.0,Charge 4
2023-03-06T02:07:13Z,71.0,Charge 4
2023-03-06T02:07:18Z,70.0,Charge 4
2023-03-06T02:07:28Z,69.0,Charge 4
2023-03-06T02:07:33Z,70.0,Charge 4
2023-03-06T02:07:38Z,71.0,Charge 4
2023-03-06T02:07:43Z,73.0,Charge 4
2023-03-06T02:07:48Z,75.0,Charge 4
2023-03-06T02:08:03Z,75.0,Charge 4
2023-03-06T02:08:08Z,74.0,Charge 4
2023-03-06T02:08:13Z,75.0,Charge 4
2023-03-06T02:08:18Z,74.0,Charge 4
2023-03-06T02:08:33Z,74.0,Charge 4
2023-03-06T02:08:48Z,74.0,Charge 4
2023-03-06T02:08:53Z,71.0,Charge 4
2023-03-06T02:09:03Z,69.0,Charge 4
2023-03-06T02:09:08Z,68.0,Charge 4
2023-03-06T02:09:18Z,69.0,Charge 4
2023-03-06T02:09:24Z,71.0,Charge 4
2023-03-06T02:09:34Z,72.0,Charge 4
2023-03-06T02:09:44Z,73.0,Charge 4
2023-03-06T02:09:59Z,72.0,Charge 4
2023-03-06T02:10:04Z,71.0,Charge 4
2023-03-06T02:10:09Z,69.0,Charge 4
2023-03-06T02:10:19Z,70.0,Charge 4
2023-03-06T02:10:24Z,69.0,Charge 4
2023-03-06T02:10:29Z,71.0,Charge 4
2023-03-06T02:10:34Z,70.0,Charge 4
2023-03-06T02:10:39Z,67.0,Charge 4
2023-03-06T02:10:44Z,68.0,Charge 4
2023-03-06T02:10:49Z,70.0,Charge 4
2023-03-06T02:10:54Z,71.0,Charge 4
2023-03-06T02:11:04Z,72.0,Charge 4
2023-03-06T02:11:09Z,73.0,Charge 4
2023-03-06T02:11:14Z,72.0,Charge 4
2023-03-06T02:11:24Z,71.0,Charge 4
2023-03-06T02:11:29Z,68.0,Charge 4
2023-03-06T02:11:34Z,67.0,Charge 4
2023-03-06T02:11:44Z,69.0,Charge 4
2023-03-06T02:11:49Z,71.0,Charge 4
2023-03-06T02:11:59Z,70.0,Charge 4
2023-03-06T02:12:14Z,70.0,Charge 4
2023-03-06T02:12:19Z,72.0,Charge 4
2023-03-06T02:12:29Z,71.0,Charge 4
2023-03-06T02:12:39Z,72.0,Charge 4
2023-03-06T02:12:44Z,72.0,Charge 4
2023-03-06T02:12:54Z,73.0,Charge 4
2023-03-06T02:12:59Z,72.0,Charge 4
2023-03-06T02:13:04Z,70.0,Charge 4
2023-03-06T02:13:09Z,69.0,Charge 4
2023-03-06T02:13:24Z,69.0,Charge 4
2023-03-06T02:13:29Z,67.0,Charge 4
2023-03-06T02:13:39Z,68.0,Charge 4
2023-03-06T02:13:44Z,69.0,Charge 4
2023-03-06T02:13:49Z,67.0,Charge 4
2023-03-06T02:13:54Z,65.0,Charge 4
2023-03-06T02:14:09Z,65.0,Charge 4
2023-03-06T02:14:14Z,67.0,Charge 4
2023-03-06T02:14:19Z,68.0,Charge 4
2023-03-06T02:14:24Z,71.0,Charge 4
2023-03-06T02:14:29Z,72.0,Charge 4
2023-03-06T02:14:34Z,73.0,Charge 4
2023-03-06T02:14:49Z,73.0,Charge 4
2023-03-06T02:15:04Z,73.0,Charge 4
2023-03-06T02:15:09Z,72.0,Charge 4
2023-03-06T02:15:14Z,73.0,Charge 4
2023-03-06T02:15:19Z,74.0,Charge 4
2023-03-06T02:15:24Z,72.0,Charge 4
2023-03-06T02:15:29Z,73.0,Charge 4
2023-03-06T02:15:34Z,74.0,Charge 4
2023-03-06T02:15:39Z,73.0,Charge 4
2023-03-06T02:15:45Z,73.0,Charge 4
2023-03-06T02:15:50Z,72.0,Charge 4
2023-03-06T02:16:05Z,71.0,Charge 4
2023-03-06T02:16:10Z,70.0,Charge 4
2023-03-06T02:16:25Z,70.0,Charge 4
2023-03-06T02:16:30Z,72.0,Charge 4
2023-03-06T02:16:35Z,74.0,Charge 4
2023-03-06T02:16:40Z,76.0,Charge 4
2023-03-06T02:16:45Z,78.0,Charge 4
2023-03-06T02:16:50Z,79.0,Charge 4
2023-03-06T02:16:55Z,78.0,Charge 4
2023-03-06T02:17:00Z,77.0,Charge 4
2023-03-06T02:17:05Z,75.0,Charge 4
2023-03-06T02:17:10Z,73.0,Charge 4
2023-03-06T02:17:15Z,72.0,Charge 4
2023-03-06T02:17:20Z,71.0,Charge 4
2023-03-06T02:17:30Z,73.0,Charge 4
2023-03-06T02:17:40Z,71.0,Charge 4
2023-03-06T02:17:45Z,72.0,Charge 4
2023-03-06T02:17:50Z,73.0,Charge 4
2023-03-06T02:18:00Z,74.0,Charge 4
2023-03-06T02:18:15Z,71.0,Charge 4
2023-03-06T02:18:20Z,70.0,Charge 4
2023-03-06T02:18:35Z,72.0,Charge 4
2023-03-06T02:18:40Z,71.0,Charge 4
2023-03-06T02:18:45Z,70.0,Charge 4
2023-03-06T02:18:50Z,71.0,Charge 4
2023-03-06T02:18:55Z,73.0,Charge 4
2023-03-06T02:19:00Z,72.0,Charge 4
2023-03-06T02:19:05Z,71.0,Charge 4
2023-03-06T02:19:20Z,70.0,Charge 4
2023-03-06T02:19:35Z,70.0,Charge 4
2023-03-06T02:19:40Z,69.0,Charge 4
2023-03-06T02:19:45Z,69.0,Charge 4
2023-03-06T02:19:50Z,70.0,Charge 4
2023-03-06T02:19:55Z,72.0,Charge 4
2023-03-06T02:20:05Z,71.0,Charge 4
2023-03-06T02:20:10Z,70.0,Charge 4
2023-03-06T02:20:15Z,69.0,Charge 4
2023-03-06T02:20:30Z,69.0,Charge 4
2023-03-06T02:20:45Z,69.0,Charge 4
2023-03-06T02:20:50Z,71.0,Charge 4
2023-03-06T02:20:55Z,72.0,Charge 4
2023-03-06T02:21:10Z,72.0,Charge 4
2023-03-06T02:21:15Z,74.0,Charge 4
2023-03-06T02:21:20Z,73.0,Charge 4
2023-03-06T02:21:35Z,73.0,Charge 4
2023-03-06T02:21:50Z,71.0,Charge 4
2023-03-06T02:22:05Z,70.0,Charge 4
2023-03-06T02:22:20Z,70.0,Charge 4
2023-03-06T02:22:21Z,70.0,Charge 4
2023-03-06T02:22:31Z,71.0,Charge 4
2023-03-06T02:22:46Z,71.0,Charge 4
2023-03-06T02:22:51Z,70.0,Charge 4
2023-03-06T02:23:01Z,71.0,Charge 4
2023-03-06T02:23:06Z,73.0,Charge 4
2023-03-06T02:23:21Z,73.0,Charge 4
2023-03-06T02:23:36Z,73.0,Charge 4
2023-03-06T02:23:41Z,72.0,Charge 4
2023-03-06T02:23:46Z,71.0,Charge 4
2023-03-06T02:23:51Z,70.0,Charge 4
2023-03-06T02:24:01Z,70.0,Charge 4
2023-03-06T02:24:11Z,69.0,Charge 4
2023-03-06T02:24:21Z,70.0,Charge 4
2023-03-06T02:24:26Z,71.0,Charge 4
2023-03-06T02:24:31Z,72.0,Charge 4
2023-03-06T02:24:46Z,73.0,Charge 4
2023-03-06T02:24:51Z,72.0,Charge 4
2023-03-06T02:24:56Z,71.0,Charge 4
2023-03-06T02:25:11Z,71.0,Charge 4
2023-03-06T02:25:26Z,71.0,Charge 4
2023-03-06T02:25:41Z,70.0,Charge 4
2023-03-06T02:25:56Z,70.0,Charge 4
2023-03-06T02:26:06Z,71.0,Charge 4
2023-03-06T02:26:11Z,72.0,Charge 4
2023-03-06T02:26:26Z,71.0,Charge 4
2023-03-06T02:26:31Z,69.0,Charge 4
2023-03-06T02:26:36Z,69.0,Charge 4
2023-03-06T02:26:46Z,70.0,Charge 4
2023-03-06T02:27:01Z,70.0,Charge 4
2023-03-06T02:27:16Z,70.0,Charge 4
2023-03-06T02:27:21Z,71.0,Charge 4
2023-03-06T02:27:31Z,72.0,Charge 4
2023-03-06T02:27:36Z,71.0,Charge 4
2023-03-06T02:27:41Z,70.0,Charge 4
2023-03-06T02:27:56Z,70.0,Charge 4
2023-03-06T02:28:06Z,72.0,Charge 4
2023-03-06T02:28:11Z,71.0,Charge 4
2023-03-06T02:28:26Z,71.0,Charge 4
2023-03-06T02:28:41Z,71.0,Charge 4
2023-03-06T02:28:56Z,71.0,Charge 4
2023-03-06T02:29:01Z,70.0,Charge 4
2023-03-06T02:29:16Z,70.0,Charge 4
2023-03-06T02:29:21Z,71.0,Charge 4
2023-03-06T02:29:31Z,70.0,Charge 4
2023-03-06T02:29:46Z,70.0,Charge 4
2023-03-06T02:30:01Z,69.0,Charge 4
2023-03-06T02:30:16Z,71.0,Charge 4
2023-03-06T02:30:31Z,71.0,Charge 4
2023-03-06T02:30:46Z,70.0,Charge 4
2023-03-06T02:30:51Z,71.0,Charge 4
2023-03-06T02:30:57Z,71.0,Charge 4
2023-03-06T02:31:12Z,72.0,Charge 4
2023-03-06T02:31:17Z,71.0,Charge 4
2023-03-06T02:31:32Z,71.0,Charge 4
2023-03-06T02:31:47Z,72.0,Charge 4
2023-03-06T02:31:52Z,73.0,Charge 4
2023-03-06T02:31:57Z,72.0,Charge 4
2023-03-06T02:32:07Z,73.0,Charge 4
2023-03-06T02:32:12Z,72.0,Charge 4
2023-03-06T02:32:17Z,71.0,Charge 4
2023-03-06T02:32:22Z,70.0,Charge 4
2023-03-06T02:32:27Z,69.0,Charge 4
2023-03-06T02:32:42Z,69.0,Charge 4
2023-03-06T02:32:47Z,70.0,Charge 4
2023-03-06T02:32:52Z,71.0,Charge 4
2023-03-06T02:32:57Z,72.0,Charge 4
2023-03-06T02:33:12Z,72.0,Charge 4
2023-03-06T02:33:17Z,71.0,Charge 4
2023-03-06T02:33:22Z,69.0,Charge 4
2023-03-06T02:33:37Z,69.0,Charge 4
2023-03-06T02:33:42Z,70.0,Charge 4
2023-03-06T02:33:57Z,70.0,Charge 4
2023-03-06T02:34:07Z,71.0,Charge 4
2023-03-06T02:34:22Z,71.0,Charge 4
2023-03-06T02:34:27Z,70.0,Charge 4
2023-03-06T02:34:42Z,70.0,Charge 4
2023-03-06T02:34:52Z,71.0,Charge 4
2023-03-06T02:34:58Z,71.0,Charge 4
2023-03-06T02:35:03Z,72.0,Charge 4
2023-03-06T02:35:18Z,71.0,Charge 4
2023-03-06T02:35:23Z,70.0,Charge 4
2023-03-06T02:35:28Z,69.0,Charge 4
2023-03-06T02:35:38Z,70.0,Charge 4
2023-03-06T02:35:48Z,69.0,Charge 4
2023-03-06T02:36:03Z,69.0,Charge 4
2023-03-06T02:36:18Z,70.0,Charge 4
2023-03-06T02:36:23Z,71.0,Charge 4
2023-03-06T02:36:38Z,70.0,Charge 4
2023-03-06T02:36:53Z,70.0,Charge 4
2023-03-06T02:37:08Z,70.0,Charge 4
2023-03-06T02:37:18Z,71.0,Charge 4
2023-03-06T02:37:33Z,70.0,Charge 4
2023-03-06T02:37:38Z,69.0,Charge 4
2023-03-06T02:37:43Z,70.0,Charge 4
2023-03-06T02:37:58Z,70.0,Charge 4
2023-03-06T02:38:03Z,71.0,Charge 4
2023-03-06T02:38:08Z,70.0,Charge 4
2023-03-06T02:38:23Z,70.0,Charge 4
2023-03-06T02:38:28Z,71.0,Charge 4
2023-03-06T02:38:38Z,72.0,Charge 4
2023-03-06T02:38:43Z,73.0,Charge 4
2023-03-06T02:38:53Z,74.0,Charge 4
2023-03-06T02:38:58Z,73.0,Charge 4
2023-03-06T02:39:03Z,72.0,Charge 4
2023-03-06T02:39:08Z,71.0,Charge 4
2023-03-06T02:39:13Z,70.0,Charge 4
2023-03-06T02:39:28Z,71.0,Charge 4
2023-03-06T02:39:33Z,72.0,Charge 4
2023-03-06T02:39:38Z,73.0,Charge 4
2023-03-06T02:39:48Z,72.0,Charge 4
2023-03-06T02:39:53Z,71.0,Charge 4
2023-03-06T02:39:58Z,69.0,Charge 4
2023-03-06T02:40:13Z,70.0,Charge 4
2023-03-06T02:40:28Z,70.0,Charge 4
2023-03-06T02:40:38Z,72.0,Charge 4
2023-03-06T02:40:53Z,72.0,Charge 4
2023-03-06T02:40:58Z,73.0,Charge 4
2023-03-06T02:41:08Z,72.0,Charge 4
2023-03-06T02:41:23Z,72.0,Charge 4
2023-03-06T02:41:28Z,70.0,Charge 4
2023-03-06T02:41:43Z,70.0,Charge 4
2023-03-06T02:41:53Z,69.0,Charge 4
2023-03-06T02:41:58Z,70.0,Charge 4
2023-03-06T02:42:03Z,71.0,Charge 4
2023-03-06T02:42:18Z,71.0,Charge 4
2023-03-06T02:42:33Z,71.0,Charge 4
2023-03-06T02:42:38Z,70.0,Charge 4
2023-03-06T02:42:53Z,70.0,Charge 4
2023-03-06T02:42:58Z,71.0,Charge 4
2023-03-06T02:43:04Z,71.0,Charge 4
2023-03-06T02:43:09Z,70.0,Charge 4
2023-03-06T02:43:24Z,70.0,Charge 4
2023-03-06T02:43:39Z,71.0,Charge 4
2023-03-06T02:43:54Z,73.0,Charge 4
2023-03-06T02:43:59Z,72.0,Charge 4
2023-03-06T02:44:04Z,71.0,Charge 4
2023-03-06T02:44:09Z,69.0,Charge 4
2023-03-06T02:44:24Z,69.0,Charge 4
2023-03-06T02:44:34Z,70.0,Charge 4
2023-03-06T02:44:39Z,71.0,Charge 4
2023-03-06T02:44:44Z,70.0,Charge 4
2023-03-06T02:44:49Z,69.0,Charge 4
2023-03-06T02:45:04Z,70.0,Charge 4
2023-03-06T02:45:09Z,69.0,Charge 4
2023-03-06T02:45:19Z,70.0,Charge 4
2023-03-06T02:45:24Z,71.0,Charge 4
2023-03-06T02:45:39Z,72.0,Charge 4
2023-03-06T02:45:49Z,71.0,Charge 4
2023-03-06T02:45:59Z,70.0,Charge 4
2023-03-06T02:46:14Z,70.0,Charge 4
2023-03-06T02:46:24Z,72.0,Charge 4
2023-03-06T02:46:29Z,73.0,Charge 4
2023-03-06T02:46:44Z,73.0,Charge 4
2023-03-06T02:46:54Z,72.0,Charge 4
2023-03-06T02:46:59Z,71.0,Charge 4
2023-03-06T02:47:14Z,71.0,Charge 4
2023-03-06T02:47:19Z,72.0,Charge 4
2023-03-06T02:47:24Z,71.0,Charge 4
2023-03-06T02:47:34Z,72.0,Charge 4
2023-03-06T02:47:39Z,71.0,Charge 4
2023-03-06T02:47:44Z,72.0,Charge 4
2023-03-06T02:47:49Z,71.0,Charge 4
2023-03-06T02:48:04Z,71.0,Charge 4
2023-03-06T02:48:09Z,72.0,Charge 4
2023-03-06T02:48:14Z,71.0,Charge 4
2023-03-06T02:48:24Z,72.0,Charge 4
2023-03-06T02:48:34Z,71.0,Charge 4
2023-03-06T02:48:39Z,72.0,Charge 4
2023-03-06T02:48:49Z,71.0,Charge 4
2023-03-06T02:48:54Z,70.0,Charge 4
2023-03-06T02:49:09Z,70.0,Charge 4
2023-03-06T02:49:24Z,71.0,Charge 4
2023-03-06T02:49:29Z,73.0,Charge 4
2023-03-06T02:49:34Z,72.0,Charge 4
2023-03-06T02:49:39Z,71.0,Charge 4
2023-03-06T02:49:44Z,70.0,Charge 4
2023-03-06T02:49:59Z,70.0,Charge 4
2023-03-06T02:50:14Z,71.0,Charge 4
2023-03-06T02:50:19Z,70.0,Charge 4
2023-03-06T02:50:34Z,70.0,Charge 4
2023-03-06T02:50:35Z,70.0,Charge 4
2023-03-06T02:50:45Z,71.0,Charge 4
2023-03-06T02:51:00Z,71.0,Charge 4
2023-03-06T02:51:10Z,70.0,Charge 4
2023-03-06T02:51:25Z,71.0,Charge 4
2023-03-06T02:51:40Z,71.0,Charge 4
2023-03-06T02:51:45Z,70.0,Charge 4
2023-03-06T02:51:50Z,69.0,Charge 4
2023-03-06T02:52:00Z,70.0,Charge 4
2023-03-06T02:52:10Z,71.0,Charge 4
2023-03-06T02:52:20Z,69.0,Charge 4
2023-03-06T02:52:35Z,70.0,Charge 4
2023-03-06T02:52:40Z,71.0,Charge 4
2023-03-06T02:52:45Z,72.0,Charge 4
2023-03-06T02:52:55Z,71.0,Charge 4
2023-03-06T02:53:10Z,70.0,Charge 4
2023-03-06T02:53:20Z,71.0,Charge 4
2023-03-06T02:53:25Z,72.0,Charge 4
2023-03-06T02:53:35Z,71.0,Charge 4
2023-03-06T02:53:50Z,72.0,Charge 4
2023-03-06T02:54:05Z,72.0,Charge 4
2023-03-06T02:54:10Z,71.0,Charge 4
2023-03-06T02:54:15Z,70.0,Charge 4
2023-03-06T02:54:25Z,71.0,Charge 4
2023-03-06T02:54:40Z,71.0,Charge 4
2023-03-06T02:54:50Z,73.0,Charge 4
2023-03-06T02:54:56Z,73.0,Charge 4
2023-03-06T02:55:06Z,72.0,Charge 4
2023-03-06T02:55:11Z,71.0,Charge 4
2023-03-06T02:55:21Z,72.0,Charge 4
2023-03-06T02:55:36Z,72.0,Charge 4
2023-03-06T02:55:41Z,71.0,Charge 4
2023-03-06T02:55:56Z,72.0,Charge 4
2023-03-06T02:56:06Z,71.0,Charge 4
2023-03-06T02:56:16Z,70.0,Charge 4
2023-03-06T02:56:26Z,71.0,Charge 4
2023-03-06T02:56:31Z,72.0,Charge 4
2023-03-06T02:56:36Z,73.0,Charge 4
2023-03-06T02:56:41Z,72.0,Charge 4
2023-03-06T02:56:51Z,73.0,Charge 4
2023-03-06T02:57:01Z,72.0,Charge 4
2023-03-06T02:57:11Z,71.0,Charge 4
2023-03-06T02:57:21Z,72.0,Charge 4
2023-03-06T02:57:26Z,73.0,Charge 4
2023-03-06T02:57:31Z,72.0,Charge 4
2023-03-06T02:57:36Z,71.0,Charge 4
2023-03-06T02:57:51Z,72.0,Charge 4
2023-03-06T02:57:56Z,73.0,Charge 4
2023-03-06T02:58:06Z,72.0,Charge 4
2023-03-06T02:58:11Z,71.0,Charge 4
2023-03-06T02:58:26Z,71.0,Charge 4
2023-03-06T02:58:31Z,72.0,Charge 4
2023-03-06T02:58:46Z,72.0,Charge 4
2023-03-06T02:58:51Z,73.0,Charge 4
2023-03-06T02:58:56Z,72.0,Charge 4
2023-03-06T02:59:01Z,71.0,Charge 4
2023-03-06T02:59:06Z,70.0,Charge 4
2023-03-06T02:59:21Z,70.0,Charge 4
2023-03-06T02:59:26Z,71.0,Charge 4
2023-03-06T02:59:36Z,72.0,Charge 4
2023-03-06T02:59:51Z,72.0,Charge 4
2023-03-06T03:00:06Z,72.0,Charge 4
2023-03-06T03:00:16Z,73.0,Charge 4
2023-03-06T03:00:21Z,72.0,Charge 4
2023-03-06T03:00:31Z,71.0,Charge 4
2023-03-06T03:00:46Z,71.0,Charge 4
2023-03-06T03:00:56Z,70.0,Charge 4
2023-03-06T03:01:11Z,70.0,Charge 4
2023-03-06T03:01:26Z,73.0,Charge 4
2023-03-06T03:01:31Z,86.0,Charge 4
2023-03-06T03:01:36Z,87.0,Charge 4
2023-03-06T03:01:41Z,84.0,Charge 4
2023-03-06T03:01:46Z,77.0,Charge 4
2023-03-06T03:01:51Z,68.0,Charge 4
2023-03-06T03:01:56Z,67.0,Charge 4
2023-03-06T03:02:01Z,66.0,Charge 4
2023-03-06T03:02:07Z,65.0,Charge 4
2023-03-06T03:02:22Z,65.0,Charge 4
2023-03-06T03:02:27Z,66.0,Charge 4
2023-03-06T03:02:32Z,68.0,Charge 4
2023-03-06T03:02:37Z,70.0,Charge 4
2023-03-06T03:02:42Z,71.0,Charge 4
2023-03-06T03:02:47Z,72.0,Charge 4
2023-03-06T03:03:02Z,72.0,Charge 4
2023-03-06T03:03:07Z,71.0,Charge 4
2023-03-06T03:03:17Z,70.0,Charge 4
2023-03-06T03:03:22Z,69.0,Charge 4
2023-03-06T03:03:32Z,71.0,Charge 4
2023-03-06T03:03:37Z,70.0,Charge 4
2023-03-06T03:03:52Z,70.0,Charge 4
2023-03-06T03:04:02Z,71.0,Charge 4
2023-03-06T03:04:07Z,73.0,Charge 4
2023-03-06T03:04:12Z,71.0,Charge 4
2023-03-06T03:04:17Z,70.0,Charge 4
2023-03-06T03:04:27Z,72.0,Charge 4
2023-03-06T03:04:32Z,74.0,Charge 4
2023-03-06T03:04:47Z,75.0,Charge 4
2023-03-06T03:04:52Z,74.0,Charge 4
2023-03-06T03:04:57Z,73.0,Charge 4
2023-03-06T03:05:02Z,72.0,Charge 4
2023-03-06T03:05:17Z,73.0,Charge 4
2023-03-06T03:05:22Z,72.0,Charge 4
2023-03-06T03:05:27Z,69.0,Charge 4
2023-03-06T03:05:32Z,69.0,Charge 4
2023-03-06T03:05:37Z,71.0,Charge 4
2023-03-06T03:05:42Z,72.0,Charge 4
2023-03-06T03:05:47Z,72.0,Charge 4
2023-03-06T03:05:57Z,73.0,Charge 4
2023-03-06T03:06:12Z,72.0,Charge 4
2023-03-06T03:06:17Z,71.0,Charge 4
2023-03-06T03:06:27Z,73.0,Charge 4
2023-03-06T03:06:32Z,71.0,Charge 4
2023-03-06T03:06:37Z,70.0,Charge 4
2023-03-06T03:06:42Z,69.0,Charge 4
2023-03-06T03:06:47Z,68.0,Charge 4
2023-03-06T03:06:57Z,70.0,Charge 4
2023-03-06T03:07:07Z,72.0,Charge 4
2023-03-06T03:07:17Z,71.0,Charge 4
2023-03-06T03:07:27Z,70.0,Charge 4
2023-03-06T03:07:32Z,71.0,Charge 4
2023-03-06T03:07:37Z,72.0,Charge 4
2023-03-06T03:07:42Z,71.0,Charge 4
2023-03-06T03:07:47Z,72.0,Charge 4
2023-03-06T03:07:52Z,73.0,Charge 4
2023-03-06T03:07:57Z,72.0,Charge 4
2023-03-06T03:08:02Z,71.0,Charge 4
2023-03-06T03:08:12Z,70.0,Charge 4
2023-03-06T03:08:22Z,71.0,Charge 4
2023-03-06T03:08:27Z,79.0,Charge 4
2023-03-06T03:08:33Z,83.0,Charge 4
2023-03-06T03:08:38Z,80.0,Charge 4
2023-03-06T03:08:43Z,74.0,Charge 4
2023-03-06T03:08:48Z,70.0,Charge 4
2023-03-06T03:08:53Z,69.0,Charge 4
2023-03-06T03:08:58Z,67.0,Charge 4
2023-03-06T03:09:08Z,69.0,Charge 4
2023-03-06T03:09:13Z,70.0,Charge 4
2023-03-06T03:09:18Z,69.0,Charge 4
2023-03-06T03:09:23Z,70.0,Charge 4
2023-03-06T03:09:28Z,69.0,Charge 4
2023-03-06T03:09:33Z,67.0,Charge 4
2023-03-06T03:09:38Z,66.0,Charge 4
2023-03-06T03:09:48Z,65.0,Charge 4
2023-03-06T03:10:03Z,66.0,Charge 4
2023-03-06T03:10:13Z,68.0,Charge 4
2023-03-06T03:10:23Z,67.0,Charge 4
2023-03-06T03:10:28Z,66.0,Charge 4
2023-03-06T03:10:33Z,67.0,Charge 4
2023-03-06T03:10:48Z,67.0,Charge 4
2023-03-06T03:10:53Z,68.0,Charge 4
2023-03-06T03:10:58Z,69.0,Charge 4
2023-03-06T03:11:08Z,68.0,Charge 4
2023-03-06T03:11:13Z,67.0,Charge 4
2023-03-06T03:11:18Z,68.0,Charge 4
2023-03-06T03:11:23Z,70.0,Charge 4
2023-03-06T03:11:28Z,69.0,Charge 4
2023-03-06T03:11:33Z,68.0,Charge 4
2023-03-06T03:11:43Z,69.0,Charge 4
2023-03-06T03:11:48Z,68.0,Charge 4
2023-03-06T03:11:53Z,68.0,Charge 4
2023-03-06T03:12:08Z,69.0,Charge 4
2023-03-06T03:12:13Z,68.0,Charge 4
2023-03-06T03:12:18Z,67.0,Charge 4
2023-03-06T03:12:28Z,68.0,Charge 4
2023-03-06T03:12:43Z,71.0,Charge 4
2023-03-06T03:12:48Z,74.0,Charge 4
2023-03-06T03:12:58Z,73.0,Charge 4
2023-03-06T03:13:03Z,71.0,Charge 4
2023-03-06T03:13:08Z,70.0,Charge 4
2023-03-06T03:13:23Z,71.0,Charge 4
2023-03-06T03:13:33Z,69.0,Charge 4
2023-03-06T03:13:48Z,68.0,Charge 4
2023-03-06T03:14:03Z,69.0,Charge 4
2023-03-06T03:14:08Z,70.0,Charge 4
2023-03-06T03:14:13Z,71.0,Charge 4
2023-03-06T03:14:23Z,72.0,Charge 4
2023-03-06T03:14:28Z,70.0,Charge 4
2023-03-06T03:14:33Z,69.0,Charge 4
2023-03-06T03:14:43Z,68.0,Charge 4
2023-03-06T03:14:53Z,68.0,Charge 4
2023-03-06T03:14:58Z,69.0,Charge 4
2023-03-06T03:15:08Z,77.0,Charge 4
2023-03-06T03:15:14Z,81.0,Charge 4
2023-03-06T03:15:19Z,74.0,Charge 4
2023-03-06T03:15:24Z,72.0,Charge 4
2023-03-06T03:15:29Z,69.0,Charge 4
2023-03-06T03:15:34Z,66.0,Charge 4
2023-03-06T03:15:39Z,65.0,Charge 4
2023-03-06T03:15:54Z,66.0,Charge 4
2023-03-06T03:15:59Z,67.0,Charge 4
2023-03-06T03:16:04Z,69.0,Charge 4
2023-03-06T03:16:09Z,69.0,Charge 4
2023-03-06T03:16:14Z,70.0,Charge 4
2023-03-06T03:16:19Z,69.0,Charge 4
2023-03-06T03:16:24Z,68.0,Charge 4
2023-03-06T03:16:29Z,67.0,Charge 4
2023-03-06T03:16:39Z,68.0,Charge 4
2023-03-06T03:16:44Z,67.0,Charge 4
2023-03-06T03:16:54Z,68.0,Charge 4
2023-03-06T03:16:59Z,67.0,Charge 4
2023-03-06T03:17:09Z,68.0,Charge 4
2023-03-06T03:17:14Z,67.0,Charge 4
2023-03-06T03:17:29Z,69.0,Charge 4
2023-03-06T03:17:34Z,68.0,Charge 4
2023-03-06T03:17:44Z,68.0,Charge 4
2023-03-06T03:17:49Z,66.0,Charge 4
2023-03-06T03:17:54Z,67.0,Charge 4
2023-03-06T03:17:59Z,68.0,Charge 4
2023-03-06T03:18:04Z,67.0,Charge 4
2023-03-06T03:18:09Z,67.0,Charge 4
2023-03-06T03:18:14Z,67.0,Charge 4
2023-03-06T03:18:24Z,66.0,Charge 4
2023-03-06T03:18:29Z,66.0,Charge 4
2023-03-06T03:18:39Z,66.0,Charge 4
2023-03-06T03:18:44Z,66.0,Charge 4
2023-03-06T03:18:54Z,67.0,Charge 4
2023-03-06T03:18:59Z,68.0,Charge 4
2023-03-06T03:19:04Z,69.0,Charge 4
2023-03-06T03:19:09Z,68.0,Charge 4
2023-03-06T03:19:14Z,67.0,Charge 4
2023-03-06T03:19:19Z,66.0,Charge 4
2023-03-06T03:19:24Z,67.0,Charge 4
2023-03-06T03:19:34Z,66.0,Charge 4
2023-03-06T03:19:44Z,67.0,Charge 4
2023-03-06T03:19:54Z,66.0,Charge 4
2023-03-06T03:20:09Z,66.0,Charge 4
2023-03-06T03:20:14Z,65.0,Charge 4
2023-03-06T03:20:19Z,66.0,Charge 4
2023-03-06T03:20:29Z,68.0,Charge 4
2023-03-06T03:20:39Z,67.0,Charge 4
2023-03-06T03:20:44Z,66.0,Charge 4
2023-03-06T03:20:49Z,66.0,Charge 4
2023-03-06T03:21:04Z,66.0,Charge 4
2023-03-06T03:21:25Z,67.0,Charge 4
2023-03-06T03:21:35Z,68.0,Charge 4
2023-03-06T03:21:50Z,68.0,Charge 4
2023-03-06T03:21:55Z,67.0,Charge 4
2023-03-06T03:22:00Z,67.0,Charge 4
2023-03-06T03:22:10Z,66.0,Charge 4
2023-03-06T03:22:20Z,66.0,Charge 4
2023-03-06T03:22:25Z,67.0,Charge 4
2023-03-06T03:22:40Z,67.0,Charge 4
2023-03-06T03:22:45Z,66.0,Charge 4
2023-03-06T03:22:50Z,67.0,Charge 4
2023-03-06T03:22:55Z,67.0,Charge 4
2023-03-06T03:23:05Z,66.0,Charge 4
2023-03-06T03:23:10Z,65.0,Charge 4
2023-03-06T03:23:20Z,65.0,Charge 4
2023-03-06T03:23:30Z,67.0,Charge 4
2023-03-06T03:23:35Z,66.0,Charge 4
2023-03-06T03:23:45Z,65.0,Charge 4
2023-03-06T03:24:00Z,65.0,Charge 4
2023-03-06T03:24:10Z,66.0,Charge 4
2023-03-06T03:24:15Z,65.0,Charge 4
2023-03-06T03:24:20Z,64.0,Charge 4
2023-03-06T03:24:25Z,65.0,Charge 4
2023-03-06T03:24:30Z,65.0,Charge 4
2023-03-06T03:24:35Z,65.0,Charge 4
2023-03-06T03:24:45Z,66.0,Charge 4
2023-03-06T03:24:50Z,67.0,Charge 4
2023-03-06T03:24:55Z,67.0,Charge 4
2023-03-06T03:25:00Z,67.0,Charge 4
2023-03-06T03:25:05Z,67.0,Charge 4
2023-03-06T03:25:10Z,66.0,Charge 4
2023-03-06T03:25:15Z,65.0,Charge 4
2023-03-06T03:25:25Z,66.0,Charge 4
2023-03-06T03:25:30Z,65.0,Charge 4
2023-03-06T03:25:35Z,65.0,Charge 4
2023-03-06T03:25:45Z,65.0,Charge 4
2023-03-06T03:25:55Z,65.0,Charge 4
2023-03-06T03:26:10Z,65.0,Charge 4
2023-03-06T03:26:20Z,66.0,Charge 4
2023-03-06T03:26:30Z,68.0,Charge 4
2023-03-06T03:26:40Z,69.0,Charge 4
2023-03-06T03:26:45Z,68.0,Charge 4
2023-03-06T03:26:50Z,67.0,Charge 4
2023-03-06T03:27:05Z,67.0,Charge 4
2023-03-06T03:27:10Z,66.0,Charge 4
2023-03-06T03:27:25Z,66.0,Charge 4
2023-03-06T03:27:40Z,65.0,Charge 4
2023-03-06T03:27:45Z,66.0,Charge 4
2023-03-06T03:27:50Z,65.0,Charge 4
2023-03-06T03:28:00Z,65.0,Charge 4
2023-03-06T03:28:05Z,66.0,Charge 4
2023-03-06T03:28:10Z,67.0,Charge 4
2023-03-06T03:28:15Z,68.0,Charge 4
2023-03-06T03:28:21Z,67.0,Charge 4
2023-03-06T03:28:36Z,66.0,Charge 4
2023-03-06T03:28:41Z,65.0,Charge 4
2023-03-06T03:28:46Z,65.0,Charge 4
2023-03-06T03:28:51Z,65.0,Charge 4
2023-03-06T03:28:56Z,66.0,Charge 4
2023-03-06T03:29:11Z,66.0,Charge 4
2023-03-06T03:29:16Z,67.0,Charge 4
2023-03-06T03:29:31Z,68.0,Charge 4
2023-03-06T03:29:36Z,67.0,Charge 4
2023-03-06T03:29:51Z,67.0,Charge 4
2023-03-06T03:30:06Z,66.0,Charge 4
2023-03-06T03:30:21Z,67.0,Charge 4
2023-03-06T03:30:36Z,67.0,Charge 4
2023-03-06T03:30:51Z,67.0,Charge 4
2023-03-06T03:31:06Z,67.0,Charge 4
2023-03-06T03:31:16Z,66.0,Charge 4
2023-03-06T03:31:21Z,67.0,Charge 4
2023-03-06T03:31:26Z,65.0,Charge 4
2023-03-06T03:31:31Z,66.0,Charge 4
2023-03-06T03:31:41Z,65.0,Charge 4
2023-03-06T03:31:46Z,64.0,Charge 4
2023-03-06T03:31:51Z,65.0,Charge 4
2023-03-06T03:32:06Z,65.0,Charge 4
2023-03-06T03:32:11Z,66.0,Charge 4
2023-03-06T03:32:16Z,65.0,Charge 4
2023-03-06T03:32:21Z,64.0,Charge 4
2023-03-06T03:32:26Z,64.0,Charge 4
2023-03-06T03:32:41Z,64.0,Charge 4
2023-03-06T03:32:46Z,66.0,Charge 4
2023-03-06T03:32:51Z,68.0,Charge 4
2023-03-06T03:33:06Z,69.0,Charge 4
2023-03-06T03:33:11Z,68.0,Charge 4
2023-03-06T03:33:26Z,68.0,Charge 4
2023-03-06T03:33:31Z,67.0,Charge 4
2023-03-06T03:33:46Z,67.0,Charge 4
2023-03-06T03:33:51Z,66.0,Charge 4
2023-03-06T03:34:01Z,67.0,Charge 4
2023-03-06T03:34:11Z,66.0,Charge 4
2023-03-06T03:34:21Z,67.0,Charge 4
2023-03-06T03:34:31Z,65.0,Charge 4
2023-03-06T03:34:41Z,65.0,Charge 4
2023-03-06T03:34:56Z,65.0,Charge 4
2023-03-06T03:35:06Z,67.0,Charge 4
2023-03-06T03:35:21Z,67.0,Charge 4
2023-03-06T03:35:36Z,67.0,Charge 4
2023-03-06T03:35:46Z,66.0,Charge 4
2023-03-06T03:35:51Z,67.0,Charge 4
2023-03-06T03:35:56Z,66.0,Charge 4
2023-03-06T03:36:11Z,66.0,Charge 4
2023-03-06T03:36:26Z,66.0,Charge 4
2023-03-06T03:36:31Z,67.0,Charge 4
2023-03-06T03:36:36Z,68.0,Charge 4
2023-03-06T03:36:42Z,68.0,Charge 4
2023-03-06T03:36:57Z,68.0,Charge 4
2023-03-06T03:37:07Z,67.0,Charge 4
2023-03-06T03:37:22Z,67.0,Charge 4
2023-03-06T03:37:37Z,67.0,Charge 4
2023-03-06T03:37:47Z,66.0,Charge 4
2023-03-06T03:37:57Z,67.0,Charge 4
2023-03-06T03:38:12Z,66.0,Charge 4
2023-03-06T03:38:17Z,65.0,Charge 4
2023-03-06T03:38:22Z,66.0,Charge 4
2023-03-06T03:38:37Z,67.0,Charge 4
2023-03-06T03:38:47Z,68.0,Charge 4
2023-03-06T03:39:02Z,69.0,Charge 4
2023-03-06T03:39:07Z,68.0,Charge 4
2023-03-06T03:39:12Z,67.0,Charge 4
2023-03-06T03:39:27Z,67.0,Charge 4
2023-03-06T03:39:32Z,68.0,Charge 4
2023-03-06T03:39:47Z,68.0,Charge 4
2023-03-06T03:39:52Z,69.0,Charge 4
2023-03-06T03:40:02Z,78.0,Charge 4
2023-03-06T03:40:07Z,79.0,Charge 4
2023-03-06T03:40:12Z,74.0,Charge 4
2023-03-06T03:40:17Z,70.0,Charge 4
2023-03-06T03:40:22Z,68.0,Charge 4
2023-03-06T03:40:27Z,66.0,Charge 4
2023-03-06T03:40:42Z,66.0,Charge 4
2023-03-06T03:40:48Z,66.0,Charge 4
2023-03-06T03:40:53Z,67.0,Charge 4
2023-03-06T03:41:08Z,67.0,Charge 4
2023-03-06T03:41:13Z,66.0,Charge 4
2023-03-06T03:41:18Z,64.0,Charge 4
2023-03-06T03:41:28Z,65.0,Charge 4
2023-03-06T03:41:33Z,66.0,Charge 4
2023-03-06T03:41:38Z,67.0,Charge 4
2023-03-06T03:41:43Z,68.0,Charge 4
2023-03-06T03:41:48Z,66.0,Charge 4
2023-03-06T03:42:03Z,67.0,Charge 4
2023-03-06T03:42:08Z,69.0,Charge 4
2023-03-06T03:42:13Z,70.0,Charge 4
2023-03-06T03:42:18Z,71.0,Charge 4
2023-03-06T03:42:23Z,69.0,Charge 4
2023-03-06T03:42:38Z,70.0,Charge 4
2023-03-06T03:42:53Z,68.0,Charge 4
2023-03-06T03:42:58Z,65.0,Charge 4
2023-03-06T03:43:13Z,66.0,Charge 4
2023-03-06T03:43:23Z,67.0,Charge 4
2023-03-06T03:43:28Z,68.0,Charge 4
2023-03-06T03:43:43Z,68.0,Charge 4
2023-03-06T03:43:53Z,67.0,Charge 4
2023-03-06T03:44:03Z,68.0,Charge 4
2023-03-06T03:44:08Z,67.0,Charge 4
2023-03-06T03:44:18Z,68.0,Charge 4
2023-03-06T03:44:28Z,69.0,Charge 4
2023-03-06T03:44:33Z,70.0,Charge 4
2023-03-06T03:44:48Z,70.0,Charge 4
2023-03-06T03:44:53Z,69.0,Charge 4
2023-03-06T03:45:08Z,69.0,Charge 4
2023-03-06T03:45:23Z,69.0,Charge 4
2023-03-06T03:45:28Z,70.0,Charge 4
2023-03-06T03:45:43Z,69.0,Charge 4
2023-03-06T03:45:48Z,67.0,Charge 4
2023-03-06T03:45:58Z,68.0,Charge 4
2023-03-06T03:46:03Z,69.0,Charge 4
2023-03-06T03:46:08Z,68.0,Charge 4
2023-03-06T03:46:18Z,69.0,Charge 4
2023-03-06T03:46:23Z,70.0,Charge 4
2023-03-06T03:46:28Z,71.0,Charge 4
2023-03-06T03:46:33Z,72.0,Charge 4
2023-03-06T03:46:38Z,71.0,Charge 4
2023-03-06T03:46:53Z,72.0,Charge 4
2023-03-06T03:47:03Z,73.0,Charge 4
2023-03-06T03:47:08Z,72.0,Charge 4
2023-03-06T03:47:18Z,70.0,Charge 4
2023-03-06T03:47:23Z,68.0,Charge 4
2023-03-06T03:47:38Z,68.0,Charge 4
2023-03-06T03:47:53Z,68.0,Charge 4
2023-03-06T03:48:03Z,70.0,Charge 4
2023-03-06T03:48:08Z,72.0,Charge 4
2023-03-06T03:48:23Z,72.0,Charge 4
2023-03-06T03:48:29Z,68.0,Charge 4
2023-03-06T03:48:34Z,69.0,Charge 4
2023-03-06T03:48:39Z,71.0,Charge 4
2023-03-06T03:48:49Z,70.0,Charge 4
2023-03-06T03:49:04Z,69.0,Charge 4
2023-03-06T03:49:09Z,70.0,Charge 4
2023-03-06T03:49:14Z,71.0,Charge 4
2023-03-06T03:49:19Z,72.0,Charge 4
2023-03-06T03:49:24Z,73.0,Charge 4
2023-03-06T03:49:29Z,70.0,Charge 4
2023-03-06T03:49:34Z,69.0,Charge 4
2023-03-06T03:49:44Z,71.0,Charge 4
2023-03-06T03:49:54Z,70.0,Charge 4
2023-03-06T03:50:04Z,71.0,Charge 4
2023-03-06T03:50:09Z,71.0,Charge 4
2023-03-06T03:50:19Z,72.0,Charge 4
2023-03-06T03:50:24Z,70.0,Charge 4
2023-03-06T03:50:39Z,71.0,Charge 4
2023-03-06T03:50:44Z,72.0,Charge 4
2023-03-06T03:50:49Z,71.0,Charge 4
2023-03-06T03:50:54Z,70.0,Charge 4
2023-03-06T03:50:59Z,69.0,Charge 4
2023-03-06T03:51:04Z,68.0,Charge 4
2023-03-06T03:51:19Z,69.0,Charge 4
2023-03-06T03:51:29Z,68.0,Charge 4
2023-03-06T03:51:39Z,69.0,Charge 4
2023-03-06T03:51:54Z,69.0,Charge 4
2023-03-06T03:51:59Z,67.0,Charge 4
2023-03-06T03:52:04Z,65.0,Charge 4
2023-03-06T03:52:09Z,64.0,Charge 4
2023-03-06T03:52:19Z,65.0,Charge 4
2023-03-06T03:52:24Z,66.0,Charge 4
2023-03-06T03:52:29Z,67.0,Charge 4
2023-03-06T03:52:34Z,67.0,Charge 4
2023-03-06T03:52:44Z,68.0,Charge 4
2023-03-06T03:52:49Z,68.0,Charge 4
2023-03-06T03:53:04Z,68.0,Charge 4
2023-03-06T03:53:09Z,70.0,Charge 4
2023-03-06T03:53:19Z,67.0,Charge 4
2023-03-06T03:53:34Z,67.0,Charge 4
2023-03-06T03:53:39Z,66.0,Charge 4
2023-03-06T03:53:44Z,66.0,Charge 4
2023-03-06T03:53:59Z,66.0,Charge 4
2023-03-06T03:54:04Z,67.0,Charge 4
2023-03-06T03:54:14Z,69.0,Charge 4
2023-03-06T03:54:24Z,67.0,Charge 4
2023-03-06T03:54:29Z,66.0,Charge 4
2023-03-06T03:54:39Z,67.0,Charge 4
2023-03-06T03:54:44Z,68.0,Charge 4
2023-03-06T03:54:54Z,69.0,Charge 4
2023-03-06T03:55:04Z,70.0,Charge 4
2023-03-06T03:55:19Z,70.0,Charge 4
2023-03-06T03:55:29Z,68.0,Charge 4
2023-03-06T03:55:35Z,68.0,Charge 4
2023-03-06T03:55:40Z,69.0,Charge 4
2023-03-06T03:55:50Z,70.0,Charge 4
2023-03-06T03:55:55Z,71.0,Charge 4
2023-03-06T03:56:10Z,73.0,Charge 4
2023-03-06T03:56:15Z,73.0,Charge 4
2023-03-06T03:56:20Z,74.0,Charge 4
2023-03-06T03:56:25Z,73.0,Charge 4
2023-03-06T03:56:40Z,73.0,Charge 4
2023-03-06T03:56:50Z,74.0,Charge 4
2023-03-06T03:56:55Z,73.0,Charge 4
2023-03-06T03:57:00Z,69.0,Charge 4
2023-03-06T03:57:05Z,68.0,Charge 4
2023-03-06T03:57:10Z,67.0,Charge 4
2023-03-06T03:57:25Z,67.0,Charge 4
2023-03-06T03:57:30Z,66.0,Charge 4
2023-03-06T03:57:35Z,65.0,Charge 4
2023-03-06T03:57:40Z,64.0,Charge 4
2023-03-06T03:57:50Z,65.0,Charge 4
2023-03-06T03:58:00Z,65.0,Charge 4
2023-03-06T03:58:05Z,66.0,Charge 4
2023-03-06T03:58:10Z,68.0,Charge 4
2023-03-06T03:58:25Z,69.0,Charge 4
2023-03-06T03:58:30Z,67.0,Charge 4
2023-03-06T03:58:45Z,68.0,Charge 4
2023-03-06T03:58:55Z,67.0,Charge 4
2023-03-06T03:59:10Z,68.0,Charge 4
2023-03-06T03:59:15Z,68.0,Charge 4
2023-03-06T03:59:30Z,68.0,Charge 4
2023-03-06T03:59:45Z,68.0,Charge 4
2023-03-06T03:59:55Z,69.0,Charge 4
2023-03-06T04:00:00Z,68.0,Charge 4
2023-03-06T04:00:05Z,68.0,Charge 4
2023-03-06T04:00:20Z,68.0,Charge 4
2023-03-06T04:00:30Z,69.0,Charge 4
2023-03-06T04:00:40Z,70.0,Charge 4
2023-03-06T04:00:55Z,70.0,Charge 4
2023-03-06T04:01:00Z,71.0,Charge 4
2023-03-06T04:01:15Z,71.0,Charge 4
2023-03-06T04:01:25Z,72.0,Charge 4
2023-03-06T04:01:30Z,71.0,Charge 4
2023-03-06T04:01:40Z,70.0,Charge 4
2023-03-06T04:01:55Z,70.0,Charge 4
2023-03-06T04:02:00Z,72.0,Charge 4
2023-03-06T04:02:05Z,73.0,Charge 4
2023-03-06T04:02:20Z,73.0,Charge 4
2023-03-06T04:02:25Z,74.0,Charge 4
2023-03-06T04:02:30Z,72.0,Charge 4
2023-03-06T04:02:40Z,73.0,Charge 4
2023-03-06T04:02:55Z,73.0,Charge 4
2023-03-06T04:03:10Z,72.0,Charge 4
2023-03-06T04:03:11Z,73.0,Charge 4
2023-03-06T04:03:26Z,73.0,Charge 4
2023-03-06T04:03:41Z,73.0,Charge 4
2023-03-06T04:03:46Z,74.0,Charge 4
2023-03-06T04:03:51Z,76.0,Charge 4
2023-03-06T04:03:56Z,77.0,Charge 4
2023-03-06T04:04:11Z,76.0,Charge 4
2023-03-06T04:04:26Z,74.0,Charge 4
2023-03-06T04:04:31Z,72.0,Charge 4
2023-03-06T04:04:36Z,71.0,Charge 4
2023-03-06T04:04:41Z,69.0,Charge 4
2023-03-06T04:04:56Z,70.0,Charge 4
2023-03-06T04:05:06Z,68.0,Charge 4
2023-03-06T04:05:11Z,67.0,Charge 4
2023-03-06T04:05:16Z,68.0,Charge 4
2023-03-06T04:05:21Z,69.0,Charge 4
2023-03-06T04:05:26Z,69.0,Charge 4
2023-03-06T04:05:41Z,69.0,Charge 4
2023-03-06T04:05:46Z,70.0,Charge 4
2023-03-06T04:06:01Z,70.0,Charge 4
2023-03-06T04:06:06Z,71.0,Charge 4
2023-03-06T04:06:16Z,72.0,Charge 4
2023-03-06T04:06:21Z,73.0,Charge 4
2023-03-06T04:06:26Z,73.0,Charge 4
2023-03-06T04:06:36Z,72.0,Charge 4
2023-03-06T04:06:41Z,70.0,Charge 4
2023-03-06T04:06:46Z,70.0,Charge 4
2023-03-06T04:06:51Z,70.0,Charge 4
2023-03-06T04:07:06Z,71.0,Charge 4
2023-03-06T04:07:21Z,71.0,Charge 4
2023-03-06T04:07:26Z,71.0,Charge 4
2023-03-06T04:07:31Z,71.0,Charge 4
2023-03-06T04:07:36Z,70.0,Charge 4
2023-03-06T04:07:51Z,70.0,Charge 4
2023-03-06T04:08:06Z,70.0,Charge 4
2023-03-06T04:08:11Z,72.0,Charge 4
2023-03-06T04:08:16Z,71.0,Charge 4
2023-03-06T04:08:26Z,70.0,Charge 4
2023-03-06T04:08:41Z,70.0,Charge 4
2023-03-06T04:10:27Z,71.0,Charge 4
2023-03-06T04:10:32Z,73.0,Charge 4
2023-03-06T04:10:37Z,70.0,Charge 4
2023-03-06T04:10:42Z,68.0,Charge 4
2023-03-06T04:10:57Z,68.0,Charge 4
2023-03-06T04:11:02Z,67.0,Charge 4
2023-03-06T04:11:12Z,68.0,Charge 4
2023-03-06T04:11:22Z,69.0,Charge 4
2023-03-06T04:11:27Z,69.0,Charge 4
2023-03-06T04:11:37Z,70.0,Charge 4
2023-03-06T04:11:42Z,69.0,Charge 4
2023-03-06T04:11:47Z,68.0,Charge 4
2023-03-06T04:11:52Z,69.0,Charge 4
2023-03-06T04:11:57Z,70.0,Charge 4
2023-03-06T04:12:07Z,71.0,Charge 4
2023-03-06T04:12:17Z,70.0,Charge 4
2023-03-06T04:12:22Z,69.0,Charge 4
2023-03-06T04:12:37Z,67.0,Charge 4
2023-03-06T04:12:42Z,66.0,Charge 4
2023-03-06T04:12:52Z,67.0,Charge 4
2023-03-06T04:13:07Z,69.0,Charge 4
2023-03-06T04:13:17Z,67.0,Charge 4
2023-03-06T04:13:22Z,65.0,Charge 4
2023-03-06T04:13:37Z,64.0,Charge 4
2023-03-06T04:13:47Z,66.0,Charge 4
2023-03-06T04:13:52Z,67.0,Charge 4
2023-03-06T04:14:07Z,67.0,Charge 4
2023-03-06T04:14:13Z,67.0,Charge 4
2023-03-06T04:14:23Z,68.0,Charge 4
2023-03-06T04:14:28Z,69.0,Charge 4
2023-03-06T04:14:33Z,70.0,Charge 4
2023-03-06T04:14:38Z,70.0,Charge 4
2023-03-06T04:14:48Z,69.0,Charge 4
2023-03-06T04:15:03Z,70.0,Charge 4
2023-03-06T04:15:08Z,70.0,Charge 4
2023-03-06T04:15:18Z,71.0,Charge 4
2023-03-06T04:15:23Z,70.0,Charge 4
2023-03-06T04:15:28Z,69.0,Charge 4
2023-03-06T04:15:43Z,69.0,Charge 4
2023-03-06T04:15:48Z,71.0,Charge 4
2023-03-06T04:15:53Z,72.0,Charge 4
2023-03-06T04:15:58Z,72.0,Charge 4
2023-03-06T04:16:08Z,73.0,Charge 4
2023-03-06T04:16:23Z,70.0,Charge 4
2023-03-06T04:16:28Z,69.0,Charge 4
2023-03-06T04:16:33Z,70.0,Charge 4
2023-03-06T04:16:48Z,70.0,Charge 4
2023-03-06T04:16:58Z,69.0,Charge 4
2023-03-06T04:17:03Z,70.0,Charge 4
2023-03-06T04:17:08Z,70.0,Charge 4
2023-03-06T04:17:23Z,70.0,Charge 4
2023-03-06T04:17:28Z,71.0,Charge 4
2023-03-06T04:17:33Z,70.0,Charge 4
2023-03-06T04:17:43Z,69.0,Charge 4
2023-03-06T04:17:48Z,70.0,Charge 4
2023-03-06T04:17:53Z,72.0,Charge 4
2023-03-06T04:17:58Z,71.0,Charge 4
2023-03-06T04:18:03Z,70.0,Charge 4
2023-03-06T04:18:08Z,71.0,Charge 4
2023-03-06T04:18:13Z,72.0,Charge 4
2023-03-06T04:18:18Z,71.0,Charge 4
2023-03-06T04:18:23Z,70.0,Charge 4
2023-03-06T04:18:28Z,69.0,Charge 4
2023-03-06T04:18:33Z,68.0,Charge 4
2023-03-06T04:18:38Z,70.0,Charge 4
2023-03-06T04:18:43Z,68.0,Charge 4
2023-03-06T04:18:53Z,69.0,Charge 4
2023-03-06T04:19:03Z,69.0,Charge 4
2023-03-06T04:19:08Z,70.0,Charge 4
2023-03-06T04:19:23Z,71.0,Charge 4
2023-03-06T04:19:28Z,70.0,Charge 4
2023-03-06T04:19:43Z,69.0,Charge 4
2023-03-06T04:19:48Z,71.0,Charge 4
2023-03-06T04:19:53Z,70.0,Charge 4
2023-03-06T04:19:58Z,71.0,Charge 4
2023-03-06T04:20:03Z,70.0,Charge 4
2023-03-06T04:20:13Z,71.0,Charge 4
2023-03-06T04:20:23Z,70.0,Charge 4
2023-03-06T04:20:33Z,69.0,Charge 4
2023-03-06T04:20:38Z,68.0,Charge 4
2023-03-06T04:20:53Z,68.0,Charge 4
2023-03-06T04:20:54Z,68.0,Charge 4
2023-03-06T04:20:59Z,68.0,Charge 4
2023-03-06T04:21:04Z,67.0,Charge 4
2023-03-06T04:21:09Z,68.0,Charge 4
2023-03-06T04:21:14Z,68.0,Charge 4
2023-03-06T04:21:29Z,69.0,Charge 4
2023-03-06T04:21:39Z,70.0,Charge 4
2023-03-06T04:21:44Z,69.0,Charge 4
2023-03-06T04:21:59Z,70.0,Charge 4
2023-03-06T04:22:04Z,71.0,Charge 4
2023-03-06T04:22:09Z,73.0,Charge 4
2023-03-06T04:22:14Z,74.0,Charge 4
2023-03-06T04:22:24Z,75.0,Charge 4
2023-03-06T04:22:39Z,74.0,Charge 4
2023-03-06T04:22:44Z,73.0,Charge 4
2023-03-06T04:22:49Z,72.0,Charge 4
2023-03-06T04:22:54Z,73.0,Charge 4
2023-03-06T04:22:59Z,74.0,Charge 4
2023-03-06T04:23:04Z,73.0,Charge 4
2023-03-06T04:23:09Z,72.0,Charge 4
2023-03-06T04:23:14Z,70.0,Charge 4
2023-03-06T04:23:19Z,69.0,Charge 4
2023-03-06T04:23:24Z,70.0,Charge 4
2023-03-06T04:23:34Z,72.0,Charge 4
2023-03-06T04:23:39Z,71.0,Charge 4
2023-03-06T04:23:49Z,73.0,Charge 4
2023-03-06T04:23:54Z,75.0,Charge 4
2023-03-06T04:23:59Z,75.0,Charge 4
2023-03-06T04:24:04Z,74.0,Charge 4
2023-03-06T04:24:14Z,73.0,Charge 4
2023-03-06T04:24:24Z,72.0,Charge 4
2023-03-06T04:24:29Z,72.0,Charge 4
2023-03-06T04:24:34Z,72.0,Charge 4
2023-03-06T04:24:39Z,71.0,Charge 4
2023-03-06T04:24:44Z,72.0,Charge 4
2023-03-06T04:24:54Z,73.0,Charge 4
2023-03-06T04:25:09Z,73.0,Charge 4
2023-03-06T04:25:14Z,72.0,Charge 4
2023-03-06T04:25:19Z,71.0,Charge 4
2023-03-06T04:25:29Z,72.0,Charge 4
2023-03-06T04:25:34Z,73.0,Charge 4
2023-03-06T04:25:44Z,72.0,Charge 4
2023-03-06T04:25:49Z,71.0,Charge 4
2023-03-06T04:26:04Z,70.0,Charge 4
2023-03-06T04:26:09Z,71.0,Charge 4
2023-03-06T04:26:24Z,70.0,Charge 4
2023-03-06T04:26:29Z,70.0,Charge 4
2023-03-06T04:26:34Z,71.0,Charge 4
2023-03-06T04:26:39Z,72.0,Charge 4
2023-03-06T04:26:44Z,73.0,Charge 4
2023-03-06T04:26:49Z,72.0,Charge 4
2023-03-06T04:27:04Z,72.0,Charge 4
2023-03-06T04:27:09Z,71.0,Charge 4
2023-03-06T04:27:14Z,70.0,Charge 4
2023-03-06T04:27:19Z,69.0,Charge 4
2023-03-06T04:27:34Z,69.0,Charge 4
2023-03-06T04:27:39Z,69.0,Charge 4
2023-03-06T04:27:49Z,70.0,Charge 4
2023-03-06T04:27:54Z,69.0,Charge 4
2023-03-06T04:27:59Z,68.0,Charge 4
2023-03-06T04:28:09Z,68.0,Charge 4
2023-03-06T04:28:14Z,69.0,Charge 4
2023-03-06T04:28:29Z,69.0,Charge 4
2023-03-06T04:28:34Z,69.0,Charge 4
2023-03-06T04:28:49Z,69.0,Charge 4
2023-03-06T04:28:54Z,71.0,Charge 4
2023-03-06T04:28:59Z,70.0,Charge 4
2023-03-06T04:29:04Z,69.0,Charge 4
2023-03-06T04:29:09Z,70.0,Charge 4
2023-03-06T04:29:14Z,70.0,Charge 4
2023-03-06T04:29:19Z,69.0,Charge 4
2023-03-06T04:29:24Z,68.0,Charge 4
2023-03-06T04:29:29Z,68.0,Charge 4
2023-03-06T04:29:34Z,69.0,Charge 4
2023-03-06T04:29:44Z,70.0,Charge 4
2023-03-06T04:29:49Z,76.0,Charge 4
2023-03-06T04:29:59Z,73.0,Charge 4
2023-03-06T04:30:04Z,70.0,Charge 4
2023-03-06T04:30:10Z,68.0,Charge 4
2023-03-06T04:30:15Z,67.0,Charge 4
2023-03-06T04:30:20Z,67.0,Charge 4
2023-03-06T04:30:25Z,69.0,Charge 4
2023-03-06T04:30:35Z,65.0,Charge 4
2023-03-06T04:30:40Z,63.0,Charge 4
2023-03-06T04:30:45Z,64.0,Charge 4
2023-03-06T04:30:50Z,65.0,Charge 4
2023-03-06T04:30:55Z,67.0,Charge 4
2023-03-06T04:31:05Z,68.0,Charge 4
2023-03-06T04:31:15Z,69.0,Charge 4
2023-03-06T04:31:20Z,69.0,Charge 4
2023-03-06T04:31:25Z,68.0,Charge 4
2023-03-06T04:31:30Z,68.0,Charge 4
2023-03-06T04:31:35Z,69.0,Charge 4
2023-03-06T04:31:40Z,70.0,Charge 4
2023-03-06T04:31:50Z,69.0,Charge 4
2023-03-06T04:31:55Z,68.0,Charge 4
2023-03-06T04:32:00Z,68.0,Charge 4
2023-03-06T04:32:05Z,70.0,Charge 4
2023-03-06T04:32:10Z,70.0,Charge 4
2023-03-06T04:32:15Z,71.0,Charge 4
2023-03-06T04:32:20Z,70.0,Charge 4
2023-03-06T04:32:25Z,70.0,Charge 4
2023-03-06T04:32:30Z,70.0,Charge 4
2023-03-06T04:32:35Z,68.0,Charge 4
2023-03-06T04:32:40Z,67.0,Charge 4
2023-03-06T04:32:45Z,68.0,Charge 4
2023-03-06T04:32:50Z,69.0,Charge 4
2023-03-06T04:32:55Z,68.0,Charge 4
2023-03-06T04:33:00Z,67.0,Charge 4
2023-03-06T04:33:15Z,66.0,Charge 4
2023-03-06T04:33:25Z,67.0,Charge 4
2023-03-06T04:33:30Z,68.0,Charge 4
2023-03-06T04:33:35Z,68.0,Charge 4
2023-03-06T04:33:40Z,69.0,Charge 4
2023-03-06T04:33:45Z,70.0,Charge 4
2023-03-06T04:33:50Z,71.0,Charge 4
2023-03-06T04:33:55Z,73.0,Charge 4
2023-03-06T04:34:00Z,75.0,Charge 4
2023-03-06T04:34:10Z,76.0,Charge 4
2023-03-06T04:34:20Z,75.0,Charge 4
2023-03-06T04:34:30Z,73.0,Charge 4
2023-03-06T04:34:35Z,72.0,Charge 4
2023-03-06T04:34:45Z,71.0,Charge 4
2023-03-06T04:34:50Z,71.0,Charge 4
2023-03-06T04:34:55Z,72.0,Charge 4
2023-03-06T04:35:00Z,73.0,Charge 4
2023-03-06T04:35:05Z,74.0,Charge 4
2023-03-06T04:35:10Z,73.0,Charge 4
2023-03-06T04:35:25Z,73.0,Charge 4
2023-03-06T04:35:30Z,67.0,Charge 4
2023-03-06T04:35:40Z,68.0,Charge 4
2023-03-06T04:35:46Z,69.0,Charge 4
2023-03-06T04:36:01Z,68.0,Charge 4
2023-03-06T04:36:16Z,68.0,Charge 4
2023-03-06T04:36:21Z,67.0,Charge 4
2023-03-06T04:36:31Z,68.0,Charge 4
2023-03-06T04:36:46Z,69.0,Charge 4
2023-03-06T04:36:51Z,70.0,Charge 4
2023-03-06T04:37:01Z,71.0,Charge 4
2023-03-06T04:37:06Z,71.0,Charge 4
2023-03-06T04:37:16Z,72.0,Charge 4
2023-03-06T04:37:31Z,72.0,Charge 4
2023-03-06T04:37:36Z,73.0,Charge 4
2023-03-06T04:37:41Z,74.0,Charge 4
2023-03-06T04:37:46Z,87.0,Charge 4
2023-03-06T04:37:51Z,88.0,Charge 4
2023-03-06T04:37:56Z,81.0,Charge 4
2023-03-06T04:38:01Z,76.0,Charge 4
2023-03-06T04:38:06Z,72.0,Charge 4
2023-03-06T04:38:11Z,67.0,Charge 4
2023-03-06T04:38:16Z,65.0,Charge 4
2023-03-06T04:38:21Z,64.0,Charge 4
2023-03-06T04:38:26Z,65.0,Charge 4
2023-03-06T04:38:36Z,66.0,Charge 4
2023-03-06T04:38:46Z,65.0,Charge 4
2023-03-06T04:38:56Z,66.0,Charge 4
2023-03-06T04:39:01Z,67.0,Charge 4
2023-03-06T04:39:06Z,67.0,Charge 4
2023-03-06T04:39:16Z,65.0,Charge 4
2023-03-06T04:39:31Z,65.0,Charge 4
2023-03-06T04:39:36Z,66.0,Charge 4
2023-03-06T04:39:41Z,67.0,Charge 4
2023-03-06T04:39:46Z,70.0,Charge 4
2023-03-06T04:39:51Z,71.0,Charge 4
2023-03-06T04:39:56Z,68.0,Charge 4
2023-03-06T04:40:01Z,67.0,Charge 4
2023-03-06T04:40:06Z,68.0,Charge 4
2023-03-06T04:40:11Z,70.0,Charge 4
2023-03-06T04:40:16Z,69.0,Charge 4
2023-03-06T04:40:21Z,68.0,Charge 4
2023-03-06T04:40:31Z,67.0,Charge 4
2023-03-06T04:40:41Z,68.0,Charge 4
2023-03-06T04:40:51Z,70.0,Charge 4
2023-03-06T04:40:56Z,71.0,Charge 4
2023-03-06T04:41:01Z,70.0,Charge 4
2023-03-06T04:41:06Z,71.0,Charge 4
2023-03-06T04:41:16Z,69.0,Charge 4
2023-03-06T04:41:21Z,67.0,Charge 4
2023-03-06T04:41:31Z,69.0,Charge 4
2023-03-06T04:41:36Z,70.0,Charge 4
2023-03-06T04:41:41Z,66.0,Charge 4
2023-03-06T04:41:56Z,66.0,Charge 4
2023-03-06T04:42:11Z,65.0,Charge 4
2023-03-06T04:42:12Z,66.0,Charge 4
2023-03-06T04:42:27Z,66.0,Charge 4
2023-03-06T04:42:37Z,68.0,Charge 4
2023-03-06T04:42:42Z,66.0,Charge 4
2023-03-06T04:42:47Z,66.0,Charge 4
2023-03-06T04:42:52Z,67.0,Charge 4
2023-03-06T04:42:57Z,68.0,Charge 4
2023-03-06T04:43:12Z,67.0,Charge 4
2023-03-06T04:43:22Z,68.0,Charge 4
2023-03-06T04:43:27Z,66.0,Charge 4
2023-03-06T04:43:42Z,66.0,Charge 4
2023-03-06T04:43:47Z,74.0,Charge 4
2023-03-06T04:43:57Z,70.0,Charge 4
2023-03-06T04:44:02Z,67.0,Charge 4
2023-03-06T04:44:07Z,66.0,Charge 4
2023-03-06T04:44:12Z,64.0,Charge 4
2023-03-06T04:44:27Z,64.0,Charge 4
2023-03-06T04:44:37Z,65.0,Charge 4
2023-03-06T04:44:52Z,63.0,Charge 4
2023-03-06T04:44:57Z,62.0,Charge 4
2023-03-06T04:45:07Z,63.0,Charge 4
2023-03-06T04:45:12Z,64.0,Charge 4
2023-03-06T04:45:17Z,63.0,Charge 4
2023-03-06T04:45:22Z,65.0,Charge 4
2023-03-06T04:45:27Z,67.0,Charge 4
2023-03-06T04:45:32Z,67.0,Charge 4
2023-03-06T04:45:37Z,67.0,Charge 4
2023-03-06T04:45:42Z,71.0,Charge 4
2023-03-06T04:45:47Z,83.0,Charge 4
2023-03-06T04:45:52Z,82.0,Charge 4
2023-03-06T04:45:57Z,73.0,Charge 4
2023-03-06T04:46:02Z,68.0,Charge 4
2023-03-06T04:46:12Z,67.0,Charge 4
2023-03-06T04:46:27Z,66.0,Charge 4
2023-03-06T04:46:42Z,66.0,Charge 4
2023-03-06T04:46:47Z,67.0,Charge 4
2023-03-06T04:46:52Z,69.0,Charge 4
2023-03-06T04:46:57Z,68.0,Charge 4
2023-03-06T04:47:02Z,67.0,Charge 4
2023-03-06T04:47:17Z,67.0,Charge 4
2023-03-06T04:47:22Z,68.0,Charge 4
2023-03-06T04:47:27Z,69.0,Charge 4
2023-03-06T04:47:37Z,70.0,Charge 4
2023-03-06T04:47:47Z,71.0,Charge 4
2023-03-06T04:47:52Z,70.0,Charge 4
2023-03-06T04:47:57Z,69.0,Charge 4
2023-03-06T04:48:12Z,69.0,Charge 4
2023-03-06T04:48:17Z,68.0,Charge 4
2023-03-06T04:48:22Z,67.0,Charge 4
2023-03-06T04:48:37Z,67.0,Charge 4
2023-03-06T04:48:43Z,66.0,Charge 4
2023-03-06T04:48:48Z,67.0,Charge 4
2023-03-06T04:48:53Z,66.0,Charge 4
2023-03-06T04:49:03Z,65.0,Charge 4
2023-03-06T04:49:13Z,64.0,Charge 4
2023-03-06T04:49:23Z,65.0,Charge 4
2023-03-06T04:49:28Z,66.0,Charge 4
2023-03-06T04:49:33Z,67.0,Charge 4
2023-03-06T04:49:38Z,68.0,Charge 4
2023-03-06T04:49:43Z,67.0,Charge 4
2023-03-06T04:49:48Z,66.0,Charge 4
2023-03-06T04:49:58Z,65.0,Charge 4
2023-03-06T04:50:08Z,66.0,Charge 4
2023-03-06T04:50:23Z,66.0,Charge 4
2023-03-06T04:50:38Z,66.0,Charge 4
2023-03-06T04:50:53Z,66.0,Charge 4
2023-03-06T04:51:03Z,67.0,Charge 4
2023-03-06T04:51:13Z,66.0,Charge 4
2023-03-06T04:51:18Z,65.0,Charge 4
2023-03-06T04:51:28Z,66.0,Charge 4
2023-03-06T04:51:33Z,68.0,Charge 4
2023-03-06T04:51:38Z,69.0,Charge 4
2023-03-06T04:51:43Z,68.0,Charge 4
2023-03-06T04:51:48Z,66.0,Charge 4
2023-03-06T04:51:53Z,65.0,Charge 4
2023-03-06T04:52:08Z,65.0,Charge 4
2023-03-06T04:52:13Z,66.0,Charge 4
2023-03-06T04:52:18Z,67.0,Charge 4
2023-03-06T04:52:23Z,68.0,Charge 4
2023-03-06T04:52:38Z,68.0,Charge 4
2023-03-06T04:52:53Z,68.0,Charge 4
2023-03-06T04:52:58Z,67.0,Charge 4
2023-03-06T04:53:03Z,66.0,Charge 4
2023-03-06T04:53:18Z,67.0,Charge 4
2023-03-06T04:53:33Z,68.0,Charge 4
2023-03-06T04:53:38Z,67.0,Charge 4
2023-03-06T04:53:43Z,66.0,Charge 4
2023-03-06T04:53:58Z,66.0,Charge 4
2023-03-06T04:54:13Z,66.0,Charge 4
2023-03-06T04:54:18Z,67.0,Charge 4
2023-03-06T04:54:28Z,68.0,Charge 4
2023-03-06T04:54:38Z,67.0,Charge 4
2023-03-06T04:54:48Z,66.0,Charge 4
2023-03-06T04:54:53Z,65.0,Charge 4
2023-03-06T04:55:08Z,65.0,Charge 4
2023-03-06T04:55:23Z,64.0,Charge 4
2023-03-06T04:55:33Z,66.0,Charge 4
2023-03-06T04:55:38Z,67.0,Charge 4
2023-03-06T04:55:43Z,67.0,Charge 4
2023-03-06T04:55:48Z,68.0,Charge 4
2023-03-06T04:56:03Z,68.0,Charge 4
2023-03-06T04:56:08Z,67.0,Charge 4
2023-03-06T04:56:14Z,66.0,Charge 4
2023-03-06T04:56:19Z,65.0,Charge 4
2023-03-06T04:56:29Z,66.0,Charge 4
2023-03-06T04:56:39Z,67.0,Charge 4
2023-03-06T04:56:49Z,66.0,Charge 4
2023-03-06T04:56:59Z,65.0,Charge 4
2023-03-06T04:57:09Z,66.0,Charge 4
2023-03-06T04:57:24Z,65.0,Charge 4
2023-03-06T04:57:29Z,66.0,Charge 4
2023-03-06T04:57:34Z,67.0,Charge 4
2023-03-06T04:57:39Z,69.0,Charge 4
2023-03-06T04:57:44Z,69.0,Charge 4
2023-03-06T04:57:49Z,68.0,Charge 4
2023-03-06T04:57:54Z,67.0,Charge 4
2023-03-06T04:57:59Z,66.0,Charge 4
2023-03-06T04:58:09Z,67.0,Charge 4
2023-03-06T04:58:19Z,66.0,Charge 4
2023-03-06T04:58:24Z,65.0,Charge 4
2023-03-06T04:58:39Z,65.0,Charge 4
2023-03-06T04:58:44Z,64.0,Charge 4
2023-03-06T04:58:54Z,65.0,Charge 4
2023-03-06T04:58:59Z,65.0,Charge 4
2023-03-06T04:59:09Z,68.0,Charge 4
2023-03-06T04:59:14Z,68.0,Charge 4
2023-03-06T04:59:19Z,67.0,Charge 4
2023-03-06T04:59:24Z,66.0,Charge 4
2023-03-06T04:59:39Z,66.0,Charge 4
2023-03-06T04:59:44Z,66.0,Charge 4
2023-03-06T04:59:54Z,65.0,Charge 4
2023-03-06T04:59:59Z,64.0,Charge 4
2023-03-06T05:00:14Z,64.0,Charge 4
2023-03-06T05:00:19Z,63.0,Charge 4
2023-03-06T05:00:34Z,64.0,Charge 4
2023-03-06T05:00:44Z,65.0,Charge 4
2023-03-06T05:00:59Z,65.0,Charge 4
2023-03-06T05:01:04Z,66.0,Charge 4
2023-03-06T05:01:14Z,67.0,Charge 4
2023-03-06T05:01:19Z,68.0,Charge 4
2023-03-06T05:01:24Z,67.0,Charge 4
2023-03-06T05:01:29Z,66.0,Charge 4
2023-03-06T05:01:34Z,65.0,Charge 4
2023-03-06T05:01:49Z,65.0,Charge 4
2023-03-06T05:02:04Z,64.0,Charge 4
2023-03-06T05:02:09Z,64.0,Charge 4
2023-03-06T05:02:19Z,66.0,Charge 4
2023-03-06T05:02:24Z,67.0,Charge 4
2023-03-06T05:02:34Z,66.0,Charge 4
2023-03-06T05:02:39Z,65.0,Charge 4
2023-03-06T05:02:49Z,66.0,Charge 4
2023-03-06T05:02:59Z,65.0,Charge 4
2023-03-06T05:03:04Z,64.0,Charge 4
2023-03-06T05:03:14Z,65.0,Charge 4
2023-03-06T05:03:20Z,65.0,Charge 4
2023-03-06T05:03:25Z,64.0,Charge 4
2023-03-06T05:03:30Z,63.0,Charge 4
2023-03-06T05:03:40Z,64.0,Charge 4
2023-03-06T05:03:55Z,64.0,Charge 4
2023-03-06T05:04:00Z,65.0,Charge 4
2023-03-06T05:04:05Z,66.0,Charge 4
2023-03-06T05:04:10Z,67.0,Charge 4
2023-03-06T05:04:15Z,66.0,Charge 4
2023-03-06T05:04:25Z,65.0,Charge 4
2023-03-06T05:04:30Z,66.0,Charge 4
2023-03-06T05:04:35Z,67.0,Charge 4
2023-03-06T05:04:50Z,67.0,Charge 4
2023-03-06T05:04:55Z,68.0,Charge 4
2023-03-06T05:05:00Z,67.0,Charge 4
2023-03-06T05:05:05Z,66.0,Charge 4
2023-03-06T05:05:10Z,67.0,Charge 4
2023-03-06T05:05:20Z,66.0,Charge 4
2023-03-06T05:05:35Z,66.0,Charge 4
2023-03-06T05:05:50Z,66.0,Charge 4
2023-03-06T05:06:05Z,65.0,Charge 4
2023-03-06T05:06:10Z,64.0,Charge 4
2023-03-06T05:06:25Z,65.0,Charge 4
2023-03-06T05:06:30Z,66.0,Charge 4
2023-03-06T05:06:35Z,67.0,Charge 4
2023-03-06T05:06:50Z,66.0,Charge 4
2023-03-06T05:06:55Z,65.0,Charge 4
2023-03-06T05:07:00Z,65.0,Charge 4
2023-03-06T05:07:15Z,65.0,Charge 4
2023-03-06T05:07:20Z,66.0,Charge 4
2023-03-06T05:07:25Z,67.0,Charge 4
2023-03-06T05:07:35Z,66.0,Charge 4
2023-03-06T05:07:40Z,65.0,Charge 4
2023-03-06T05:07:55Z,65.0,Charge 4
2023-03-06T05:08:00Z,67.0,Charge 4
2023-03-06T05:08:05Z,66.0,Charge 4
2023-03-06T05:08:10Z,65.0,Charge 4
2023-03-06T05:08:15Z,66.0,Charge 4
2023-03-06T05:08:20Z,64.0,Charge 4
2023-03-06T05:08:25Z,61.0,Charge 4
2023-03-06T05:08:35Z,63.0,Charge 4
2023-03-06T05:08:40Z,64.0,Charge 4
2023-03-06T05:08:45Z,65.0,Charge 4
2023-03-06T05:08:50Z,66.0,Charge 4
2023-03-06T05:09:00Z,65.0,Charge 4
2023-03-06T05:09:15Z,65.0,Charge 4
2023-03-06T05:09:20Z,64.0,Charge 4
2023-03-06T05:09:35Z,64.0,Charge 4
2023-03-06T05:09:45Z,64.0,Charge 4
2023-03-06T05:09:50Z,65.0,Charge 4
2023-03-06T05:10:05Z,65.0,Charge 4
2023-03-06T05:10:15Z,64.0,Charge 4
2023-03-06T05:10:21Z,64.0,Charge 4
2023-03-06T05:10:26Z,65.0,Charge 4
2023-03-06T05:10:31Z,66.0,Charge 4
2023-03-06T05:10:36Z,65.0,Charge 4
2023-03-06T05:10:46Z,66.0,Charge 4
2023-03-06T05:10:51Z,67.0,Charge 4
2023-03-06T05:10:56Z,68.0,Charge 4
2023-03-06T05:11:01Z,67.0,Charge 4
2023-03-06T05:11:06Z,66.0,Charge 4
2023-03-06T05:11:11Z,65.0,Charge 4
2023-03-06T05:11:16Z,64.0,Charge 4
2023-03-06T05:11:26Z,65.0,Charge 4
2023-03-06T05:11:31Z,66.0,Charge 4
2023-03-06T05:11:41Z,67.0,Charge 4
2023-03-06T05:11:51Z,66.0,Charge 4
2023-03-06T05:12:06Z,65.0,Charge 4
2023-03-06T05:12:11Z,64.0,Charge 4
2023-03-06T05:12:21Z,66.0,Charge 4
2023-03-06T05:12:31Z,65.0,Charge 4
2023-03-06T05:12:41Z,64.0,Charge 4
2023-03-06T05:12:56Z,64.0,Charge 4
2023-03-06T05:13:06Z,66.0,Charge 4
2023-03-06T05:13:11Z,67.0,Charge 4
2023-03-06T05:13:16Z,68.0,Charge 4
2023-03-06T05:13:26Z,69.0,Charge 4
2023-03-06T05:13:31Z,68.0,Charge 4
2023-03-06T05:13:36Z,66.0,Charge 4
2023-03-06T05:13:41Z,65.0,Charge 4
2023-03-06T05:13:56Z,65.0,Charge 4
2023-03-06T05:14:11Z,65.0,Charge 4
2023-03-06T05:14:16Z,64.0,Charge 4
2023-03-06T05:14:26Z,66.0,Charge 4
2023-03-06T05:14:31Z,67.0,Charge 4
2023-03-06T05:14:41Z,66.0,Charge 4
2023-03-06T05:14:56Z,66.0,Charge 4
2023-03-06T05:15:11Z,66.0,Charge 4
2023-03-06T05:15:16Z,65.0,Charge 4
2023-03-06T05:15:21Z,66.0,Charge 4
2023-03-06T05:15:31Z,65.0,Charge 4
2023-03-06T05:15:36Z,64.0,Charge 4
2023-03-06T05:15:41Z,63.0,Charge 4
2023-03-06T05:15:51Z,64.0,Charge 4
2023-03-06T05:15:56Z,65.0,Charge 4
2023-03-06T05:16:01Z,66.0,Charge 4
2023-03-06T05:16:11Z,67.0,Charge 4
2023-03-06T05:16:16Z,66.0,Charge 4
2023-03-06T05:16:21Z,65.0,Charge 4
2023-03-06T05:16:31Z,66.0,Charge 4
2023-03-06T05:16:41Z,68.0,Charge 4
2023-03-06T05:16:46Z,66.0,Charge 4
2023-03-06T05:17:01Z,66.0,Charge 4
2023-03-06T05:17:16Z,67.0,Charge 4
2023-03-06T05:17:26Z,66.0,Charge 4
2023-03-06T05:17:32Z,65.0,Charge 4
2023-03-06T05:17:47Z,65.0,Charge 4
2023-03-06T05:18:02Z,65.0,Charge 4
2023-03-06T05:18:12Z,66.0,Charge 4
2023-03-06T05:18:17Z,67.0,Charge 4
2023-03-06T05:18:27Z,68.0,Charge 4
2023-03-06T05:18:32Z,71.0,Charge 4
2023-03-06T05:18:37Z,69.0,Charge 4
2023-03-06T05:18:42Z,67.0,Charge 4
2023-03-06T05:18:47Z,66.0,Charge 4
2023-03-06T05:18:57Z,67.0,Charge 4
2023-03-06T05:19:02Z,66.0,Charge 4
2023-03-06T05:19:07Z,67.0,Charge 4
2023-03-06T05:19:17Z,66.0,Charge 4
2023-03-06T05:19:27Z,65.0,Charge 4
2023-03-06T05:19:32Z,64.0,Charge 4
2023-03-06T05:19:47Z,64.0,Charge 4
2023-03-06T05:20:02Z,63.0,Charge 4
2023-03-06T05:20:12Z,64.0,Charge 4
2023-03-06T05:20:17Z,65.0,Charge 4
2023-03-06T05:20:22Z,66.0,Charge 4
2023-03-06T05:20:27Z,65.0,Charge 4
2023-03-06T05:20:32Z,64.0,Charge 4
2023-03-06T05:20:37Z,66.0,Charge 4
2023-03-06T05:20:52Z,64.0,Charge 4
2023-03-06T05:21:02Z,65.0,Charge 4
2023-03-06T05:21:17Z,65.0,Charge 4
2023-03-06T05:21:18Z,65.0,Charge 4
2023-03-06T05:21:33Z,65.0,Charge 4
2023-03-06T05:21:38Z,66.0,Charge 4
2023-03-06T05:21:43Z,65.0,Charge 4
2023-03-06T05:21:48Z,64.0,Charge 4
2023-03-06T05:21:53Z,63.0,Charge 4
2023-03-06T05:21:58Z,62.0,Charge 4
2023-03-06T05:22:03Z,61.0,Charge 4
2023-03-06T05:22:08Z,62.0,Charge 4
2023-03-06T05:22:13Z,63.0,Charge 4
2023-03-06T05:22:18Z,64.0,Charge 4
2023-03-06T05:22:23Z,65.0,Charge 4
2023-03-06T05:22:33Z,66.0,Charge 4
2023-03-06T05:22:48Z,66.0,Charge 4
2023-03-06T05:22:58Z,65.0,Charge 4
2023-03-06T05:23:08Z,66.0,Charge 4
2023-03-06T05:23:13Z,67.0,Charge 4
2023-03-06T05:23:18Z,68.0,Charge 4
2023-03-06T05:23:28Z,67.0,Charge 4
2023-03-06T05:23:43Z,68.0,Charge 4
2023-03-06T05:23:48Z,69.0,Charge 4
2023-03-06T05:23:53Z,70.0,Charge 4
2023-03-06T05:23:58Z,69.0,Charge 4
2023-03-06T05:24:13Z,69.0,Charge 4
2023-03-06T05:24:28Z,68.0,Charge 4
2023-03-06T05:24:33Z,69.0,Charge 4
2023-03-06T05:24:38Z,71.0,Charge 4
2023-03-06T05:24:43Z,72.0,Charge 4
2023-03-06T05:24:53Z,73.0,Charge 4
2023-03-06T05:25:08Z,72.0,Charge 4
2023-03-06T05:25:13Z,71.0,Charge 4
2023-03-06T05:25:18Z,69.0,Charge 4
2023-03-06T05:25:23Z,67.0,Charge 4
2023-03-06T05:25:28Z,68.0,Charge 4
2023-03-06T05:25:38Z,67.0,Charge 4
2023-03-06T05:25:53Z,68.0,Charge 4
2023-03-06T05:25:58Z,69.0,Charge 4
2023-03-06T05:26:13Z,70.0,Charge 4
2023-03-06T05:26:18Z,72.0,Charge 4
2023-03-06T05:26:23Z,71.0,Charge 4
2023-03-06T05:26:28Z,69.0,Charge 4
2023-03-06T05:26:33Z,67.0,Charge 4
2023-03-06T05:26:43Z,68.0,Charge 4
2023-03-06T05:26:48Z,69.0,Charge 4
2023-03-06T05:26:53Z,68.0,Charge 4
2023-03-06T05:26:58Z,67.0,Charge 4
2023-03-06T05:27:13Z,67.0,Charge 4
2023-03-06T05:27:18Z,68.0,Charge 4
2023-03-06T05:27:23Z,69.0,Charge 4
2023-03-06T05:27:28Z,70.0,Charge 4
2023-03-06T05:27:33Z,71.0,Charge 4
2023-03-06T05:27:48Z,71.0,Charge 4
2023-03-06T05:27:53Z,69.0,Charge 4
2023-03-06T05:27:59Z,69.0,Charge 4
2023-03-06T05:28:09Z,68.0,Charge 4
2023-03-06T05:28:14Z,69.0,Charge 4
2023-03-06T05:28:24Z,65.0,Charge 4
2023-03-06T05:28:29Z,64.0,Charge 4
2023-03-06T05:28:34Z,66.0,Charge 4
2023-03-06T05:28:39Z,67.0,Charge 4
2023-03-06T05:28:44Z,69.0,Charge 4
2023-03-06T05:28:49Z,70.0,Charge 4
2023-03-06T05:29:04Z,70.0,Charge 4
2023-03-06T05:29:09Z,69.0,Charge 4
2023-03-06T05:29:19Z,71.0,Charge 4
2023-03-06T05:29:24Z,69.0,Charge 4
2023-03-06T05:29:29Z,67.0,Charge 4
2023-03-06T05:29:39Z,68.0,Charge 4
2023-03-06T05:29:44Z,69.0,Charge 4
2023-03-06T05:29:49Z,70.0,Charge 4
2023-03-06T05:29:54Z,69.0,Charge 4
2023-03-06T05:29:59Z,68.0,Charge 4
2023-03-06T05:30:04Z,67.0,Charge 4
2023-03-06T05:30:09Z,65.0,Charge 4
2023-03-06T05:30:24Z,65.0,Charge 4
2023-03-06T05:30:39Z,66.0,Charge 4
2023-03-06T05:30:49Z,68.0,Charge 4
2023-03-06T05:30:59Z,66.0,Charge 4
2023-03-06T05:31:04Z,65.0,Charge 4
2023-03-06T05:31:09Z,64.0,Charge 4
2023-03-06T05:31:14Z,64.0,Charge 4
2023-03-06T05:31:19Z,65.0,Charge 4
2023-03-06T05:31:24Z,66.0,Charge 4
2023-03-06T05:31:29Z,68.0,Charge 4
2023-03-06T05:31:34Z,65.0,Charge 4
2023-03-06T05:31:44Z,66.0,Charge 4
2023-03-06T05:31:49Z,68.0,Charge 4
2023-03-06T05:32:04Z,68.0,Charge 4
2023-03-06T05:32:09Z,69.0,Charge 4
2023-03-06T05:32:14Z,67.0,Charge 4
2023-03-06T05:32:19Z,64.0,Charge 4
2023-03-06T05:32:24Z,63.0,Charge 4
2023-03-06T05:32:34Z,64.0,Charge 4
2023-03-06T05:32:39Z,66.0,Charge 4
2023-03-06T05:32:44Z,67.0,Charge 4
2023-03-06T05:32:49Z,66.0,Charge 4
2023-03-06T05:33:04Z,67.0,Charge 4
2023-03-06T05:33:09Z,69.0,Charge 4
2023-03-06T05:33:14Z,68.0,Charge 4
2023-03-06T05:33:19Z,68.0,Charge 4
2023-03-06T05:33:34Z,78.0,Charge 4
2023-03-06T05:33:39Z,82.0,Charge 4
2023-03-06T05:33:44Z,76.0,Charge 4
2023-03-06T05:33:49Z,70.0,Charge 4
2023-03-06T05:33:54Z,66.0,Charge 4
2023-03-06T05:33:59Z,65.0,Charge 4
2023-03-06T05:34:04Z,65.0,Charge 4
2023-03-06T05:34:09Z,66.0,Charge 4
2023-03-06T05:34:19Z,67.0,Charge 4
2023-03-06T05:34:24Z,66.0,Charge 4
2023-03-06T05:34:29Z,67.0,Charge 4
2023-03-06T05:34:34Z,66.0,Charge 4
2023-03-06T05:34:44Z,68.0,Charge 4
2023-03-06T05:34:49Z,67.0,Charge 4
2023-03-06T05:35:04Z,67.0,Charge 4
2023-03-06T05:35:09Z,68.0,Charge 4
2023-03-06T05:35:24Z,68.0,Charge 4
2023-03-06T05:35:29Z,70.0,Charge 4
2023-03-06T05:35:34Z,71.0,Charge 4
2023-03-06T05:35:49Z,71.0,Charge 4
2023-03-06T05:35:54Z,71.0,Charge 4
2023-03-06T05:35:59Z,70.0,Charge 4
2023-03-06T05:36:14Z,70.0,Charge 4
2023-03-06T05:36:29Z,71.0,Charge 4
2023-03-06T05:36:39Z,68.0,Charge 4
2023-03-06T05:36:44Z,67.0,Charge 4
2023-03-06T05:36:59Z,67.0,Charge 4
2023-03-06T05:37:04Z,68.0,Charge 4
2023-03-06T05:37:09Z,68.0,Charge 4
2023-03-06T05:37:15Z,68.0,Charge 4
2023-03-06T05:37:20Z,69.0,Charge 4
2023-03-06T05:37:25Z,70.0,Charge 4
2023-03-06T05:37:30Z,72.0,Charge 4
2023-03-06T05:37:40Z,71.0,Charge 4
2023-03-06T05:37:45Z,70.0,Charge 4
2023-03-06T05:37:55Z,69.0,Charge 4
2023-03-06T05:38:05Z,68.0,Charge 4
2023-03-06T05:38:15Z,69.0,Charge 4
2023-03-06T05:38:20Z,70.0,Charge 4
2023-03-06T05:38:25Z,69.0,Charge 4
2023-03-06T05:38:30Z,68.0,Charge 4
2023-03-06T05:38:35Z,67.0,Charge 4
2023-03-06T05:38:50Z,69.0,Charge 4
2023-03-06T05:39:00Z,73.0,Charge 4
2023-03-06T05:39:05Z,82.0,Charge 4
2023-03-06T05:39:10Z,81.0,Charge 4
2023-03-06T05:39:15Z,73.0,Charge 4
2023-03-06T05:39:20Z,69.0,Charge 4
2023-03-06T05:39:25Z,67.0,Charge 4
2023-03-06T05:39:30Z,66.0,Charge 4
2023-03-06T05:39:35Z,65.0,Charge 4
2023-03-06T05:39:40Z,64.0,Charge 4
2023-03-06T05:39:55Z,64.0,Charge 4
2023-03-06T05:40:00Z,65.0,Charge 4
2023-03-06T05:40:15Z,65.0,Charge 4
2023-03-06T05:40:20Z,65.0,Charge 4
2023-03-06T05:40:30Z,66.0,Charge 4
2023-03-06T05:40:35Z,67.0,Charge 4
2023-03-06T05:40:45Z,68.0,Charge 4
2023-03-06T05:40:50Z,70.0,Charge 4
2023-03-06T05:40:55Z,71.0,Charge 4
2023-03-06T05:41:10Z,71.0,Charge 4
2023-03-06T05:41:25Z,70.0,Charge 4
2023-03-06T05:41:30Z,68.0,Charge 4
2023-03-06T05:41:35Z,67.0,Charge 4
2023-03-06T05:41:40Z,68.0,Charge 4
2023-03-06T05:41:45Z,69.0,Charge 4
2023-03-06T05:41:50Z,68.0,Charge 4
2023-03-06T05:42:00Z,67.0,Charge 4
2023-03-06T05:42:05Z,68.0,Charge 4
2023-03-06T05:42:10Z,67.0,Charge 4
2023-03-06T05:42:20Z,66.0,Charge 4
2023-03-06T05:42:25Z,65.0,Charge 4
2023-03-06T05:42:40Z,65.0,Charge 4
2023-03-06T05:42:55Z,66.0,Charge 4
2023-03-06T05:43:00Z,64.0,Charge 4
2023-03-06T05:43:05Z,63.0,Charge 4
2023-03-06T05:43:15Z,64.0,Charge 4
2023-03-06T05:43:20Z,65.0,Charge 4
2023-03-06T05:43:26Z,66.0,Charge 4
2023-03-06T05:43:31Z,67.0,Charge 4
2023-03-06T05:43:36Z,68.0,Charge 4
2023-03-06T05:43:41Z,69.0,Charge 4
2023-03-06T05:43:46Z,70.0,Charge 4
2023-03-06T05:44:01Z,70.0,Charge 4
2023-03-06T05:44:16Z,70.0,Charge 4
2023-03-06T05:44:26Z,69.0,Charge 4
2023-03-06T05:44:36Z,70.0,Charge 4
2023-03-06T05:44:41Z,71.0,Charge 4
2023-03-06T05:44:46Z,72.0,Charge 4
2023-03-06T05:44:51Z,74.0,Charge 4
2023-03-06T05:44:56Z,76.0,Charge 4
2023-03-06T05:45:01Z,77.0,Charge 4
2023-03-06T05:45:06Z,78.0,Charge 4
2023-03-06T05:45:16Z,75.0,Charge 4
2023-03-06T05:45:21Z,72.0,Charge 4
2023-03-06T05:45:26Z,71.0,Charge 4
2023-03-06T05:45:36Z,68.0,Charge 4
2023-03-06T05:45:41Z,66.0,Charge 4
2023-03-06T05:45:56Z,67.0,Charge 4
2023-03-06T05:46:11Z,68.0,Charge 4
2023-03-06T05:46:16Z,69.0,Charge 4
2023-03-06T05:46:26Z,68.0,Charge 4
2023-03-06T05:46:41Z,68.0,Charge 4
2023-03-06T05:46:56Z,69.0,Charge 4
2023-03-06T05:47:06Z,71.0,Charge 4
2023-03-06T05:47:11Z,72.0,Charge 4
2023-03-06T05:47:16Z,75.0,Charge 4
2023-03-06T05:47:21Z,76.0,Charge 4
2023-03-06T05:47:26Z,77.0,Charge 4
2023-03-06T05:47:36Z,80.0,Charge 4
2023-03-06T05:47:41Z,80.0,Charge 4
2023-03-06T05:47:46Z,77.0,Charge 4
2023-03-06T05:47:51Z,73.0,Charge 4
2023-03-06T05:47:56Z,71.0,Charge 4
2023-03-06T05:48:01Z,72.0,Charge 4
2023-03-06T05:48:06Z,70.0,Charge 4
2023-03-06T05:48:11Z,69.0,Charge 4
2023-03-06T05:48:16Z,68.0,Charge 4
2023-03-06T05:48:26Z,69.0,Charge 4
2023-03-06T05:48:41Z,69.0,Charge 4
2023-03-06T05:48:56Z,69.0,Charge 4
2023-03-06T05:49:01Z,68.0,Charge 4
2023-03-06T05:49:16Z,68.0,Charge 4
2023-03-06T05:49:31Z,69.0,Charge 4
2023-03-06T05:49:36Z,86.0,Charge 4
2023-03-06T05:49:41Z,87.0,Charge 4
2023-03-06T05:49:46Z,89.0,Charge 4
2023-03-06T05:49:56Z,92.0,Charge 4
2023-03-06T05:50:02Z,98.0,Charge 4
2023-03-06T05:50:17Z,98.0,Charge 4
2023-03-06T05:50:22Z,96.0,Charge 4
2023-03-06T05:50:27Z,95.0,Charge 4
2023-03-06T05:50:42Z,95.0,Charge 4
2023-03-06T05:50:47Z,96.0,Charge 4
2023-03-06T05:51:02Z,96.0,Charge 4
2023-03-06T05:51:12Z,95.0,Charge 4
2023-03-06T05:51:27Z,92.0,Charge 4
2023-03-06T05:51:32Z,84.0,Charge 4
2023-03-06T05:51:37Z,81.0,Charge 4
2023-03-06T05:51:42Z,80.0,Charge 4
2023-03-06T05:51:47Z,79.0,Charge 4
2023-03-06T05:51:57Z,82.0,Charge 4
2023-03-06T05:52:07Z,82.0,Charge 4
2023-03-06T05:52:17Z,80.0,Charge 4
2023-03-06T05:52:22Z,76.0,Charge 4
2023-03-06T05:52:27Z,74.0,Charge 4
2023-03-06T05:52:32Z,75.0,Charge 4
2023-03-06T05:52:42Z,75.0,Charge 4
2023-03-06T05:52:52Z,76.0,Charge 4
2023-03-06T05:53:02Z,77.0,Charge 4
2023-03-06T05:53:07Z,75.0,Charge 4
2023-03-06T05:53:12Z,72.0,Charge 4
2023-03-06T05:53:22Z,73.0,Charge 4
2023-03-06T05:53:27Z,74.0,Charge 4
2023-03-06T05:53:32Z,76.0,Charge 4
2023-03-06T05:53:37Z,77.0,Charge 4
2023-03-06T05:53:42Z,78.0,Charge 4
2023-03-06T05:53:47Z,80.0,Charge 4
2023-03-06T05:53:52Z,81.0,Charge 4
2023-03-06T05:53:57Z,78.0,Charge 4
2023-03-06T05:54:02Z,77.0,Charge 4
2023-03-06T05:54:12Z,76.0,Charge 4
2023-03-06T05:54:17Z,73.0,Charge 4
2023-03-06T05:54:22Z,73.0,Charge 4
2023-03-06T05:54:37Z,73.0,Charge 4
2023-03-06T05:54:42Z,72.0,Charge 4
2023-03-06T05:54:52Z,73.0,Charge 4
2023-03-06T05:54:57Z,75.0,Charge 4
2023-03-06T05:55:02Z,74.0,Charge 4
2023-03-06T05:55:07Z,73.0,Charge 4
2023-03-06T05:55:12Z,73.0,Charge 4
2023-03-06T05:55:22Z,73.0,Charge 4
2023-03-06T05:55:27Z,74.0,Charge 4
2023-03-06T05:55:32Z,75.0,Charge 4
2023-03-06T05:55:37Z,74.0,Charge 4
2023-03-06T05:55:42Z,73.0,Charge 4
2023-03-06T05:55:47Z,74.0,Charge 4
2023-03-06T05:55:52Z,73.0,Charge 4
2023-03-06T05:56:02Z,74.0,Charge 4
2023-03-06T05:56:07Z,75.0,Charge 4
2023-03-06T05:56:12Z,76.0,Charge 4
2023-03-06T05:56:27Z,76.0,Charge 4
2023-03-06T05:56:28Z,76.0,Charge 4
2023-03-06T05:56:33Z,75.0,Charge 4
2023-03-06T05:56:38Z,74.0,Charge 4
2023-03-06T05:56:48Z,74.0,Charge 4
2023-03-06T05:56:53Z,73.0,Charge 4
2023-03-06T05:57:08Z,74.0,Charge 4
2023-03-06T05:57:13Z,75.0,Charge 4
2023-03-06T05:57:23Z,75.0,Charge 4
2023-03-06T05:57:28Z,74.0,Charge 4
2023-03-06T05:57:38Z,75.0,Charge 4
2023-03-06T05:57:43Z,74.0,Charge 4
2023-03-06T05:57:53Z,75.0,Charge 4
2023-03-06T05:58:03Z,74.0,Charge 4
2023-03-06T05:58:13Z,75.0,Charge 4
2023-03-06T05:58:28Z,72.0,Charge 4
2023-03-06T05:58:33Z,68.0,Charge 4
2023-03-06T05:58:38Z,68.0,Charge 4
2023-03-06T05:58:43Z,69.0,Charge 4
2023-03-06T05:58:48Z,69.0,Charge 4
2023-03-06T05:58:53Z,70.0,Charge 4
2023-03-06T05:58:58Z,72.0,Charge 4
2023-03-06T05:59:03Z,74.0,Charge 4
2023-03-06T05:59:08Z,75.0,Charge 4
2023-03-06T05:59:18Z,76.0,Charge 4
2023-03-06T05:59:28Z,75.0,Charge 4
2023-03-06T05:59:43Z,76.0,Charge 4
2023-03-06T05:59:48Z,75.0,Charge 4
2023-03-06T05:59:53Z,75.0,Charge 4
2023-03-06T05:59:58Z,76.0,Charge 4
2023-03-06T06:00:03Z,76.0,Charge 4
2023-03-06T06:00:18Z,76.0,Charge 4
2023-03-06T06:00:23Z,77.0,Charge 4
2023-03-06T06:00:28Z,78.0,Charge 4
2023-03-06T06:00:33Z,79.0,Charge 4
2023-03-06T06:00:38Z,80.0,Charge 4
2023-03-06T06:00:43Z,81.0,Charge 4
2023-03-06T06:00:58Z,87.0,Charge 4
2023-03-06T06:01:03Z,88.0,Charge 4
2023-03-06T06:01:18Z,88.0,Charge 4
2023-03-06T06:01:23Z,88.0,Charge 4
2023-03-06T06:01:28Z,88.0,Charge 4
2023-03-06T06:01:43Z,88.0,Charge 4
2023-03-06T06:01:58Z,88.0,Charge 4
2023-03-06T06:02:08Z,89.0,Charge 4
2023-03-06T06:02:13Z,90.0,Charge 4
2023-03-06T06:02:18Z,91.0,Charge 4
2023-03-06T06:02:23Z,92.0,Charge 4
2023-03-06T06:02:33Z,93.0,Charge 4
2023-03-06T06:02:48Z,93.0,Charge 4
2023-03-06T06:02:58Z,92.0,Charge 4
2023-03-06T06:03:03Z,91.0,Charge 4
2023-03-06T06:03:13Z,90.0,Charge 4
2023-03-06T06:03:23Z,89.0,Charge 4
2023-03-06T06:03:29Z,86.0,Charge 4
2023-03-06T06:03:34Z,84.0,Charge 4
2023-03-06T06:03:44Z,82.0,Charge 4
2023-03-06T06:03:49Z,81.0,Charge 4
2023-03-06T06:03:54Z,80.0,Charge 4
2023-03-06T06:04:09Z,80.0,Charge 4
2023-03-06T06:04:14Z,79.0,Charge 4
2023-03-06T06:04:19Z,77.0,Charge 4
2023-03-06T06:04:24Z,76.0,Charge 4
2023-03-06T06:04:39Z,76.0,Charge 4
2023-03-06T06:04:44Z,74.0,Charge 4
2023-03-06T06:04:49Z,72.0,Charge 4
2023-03-06T06:04:54Z,71.0,Charge 4
2023-03-06T06:04:59Z,70.0,Charge 4
2023-03-06T06:05:04Z,71.0,Charge 4
2023-03-06T06:05:09Z,71.0,Charge 4
2023-03-06T06:05:14Z,72.0,Charge 4
2023-03-06T06:05:19Z,73.0,Charge 4
2023-03-06T06:05:24Z,74.0,Charge 4
2023-03-06T06:05:29Z,73.0,Charge 4
2023-03-06T06:05:39Z,73.0,Charge 4
2023-03-06T06:05:54Z,72.0,Charge 4
2023-03-06T06:06:04Z,71.0,Charge 4
2023-03-06T06:06:14Z,70.0,Charge 4
2023-03-06T06:06:29Z,71.0,Charge 4
2023-03-06T06:06:34Z,72.0,Charge 4
2023-03-06T06:06:39Z,73.0,Charge 4
2023-03-06T06:06:44Z,73.0,Charge 4
2023-03-06T06:06:49Z,72.0,Charge 4
2023-03-06T06:06:54Z,72.0,Charge 4
2023-03-06T06:07:04Z,72.0,Charge 4
2023-03-06T06:07:19Z,72.0,Charge 4
2023-03-06T06:07:24Z,71.0,Charge 4
2023-03-06T06:07:29Z,72.0,Charge 4
2023-03-06T06:07:44Z,72.0,Charge 4
2023-03-06T06:10:35Z,69.0,Charge 4
2023-03-06T06:10:50Z,68.0,Charge 4
2023-03-06T06:11:00Z,67.0,Charge 4
2023-03-06T06:11:05Z,68.0,Charge 4
2023-03-06T06:11:10Z,67.0,Charge 4
2023-03-06T06:11:15Z,68.0,Charge 4
2023-03-06T06:11:30Z,70.0,Charge 4
2023-03-06T06:11:35Z,73.0,Charge 4
2023-03-06T06:11:40Z,74.0,Charge 4
2023-03-06T06:11:55Z,74.0,Charge 4
2023-03-06T06:12:10Z,75.0,Charge 4
2023-03-06T06:12:15Z,76.0,Charge 4
2023-03-06T06:12:20Z,75.0,Charge 4
2023-03-06T06:12:30Z,71.0,Charge 4
2023-03-06T06:12:35Z,70.0,Charge 4
2023-03-06T06:12:45Z,69.0,Charge 4
2023-03-06T06:13:00Z,70.0,Charge 4
2023-03-06T06:13:15Z,70.0,Charge 4
2023-03-06T06:13:25Z,71.0,Charge 4
2023-03-06T06:13:30Z,70.0,Charge 4
2023-03-06T06:13:40Z,69.0,Charge 4
2023-03-06T06:13:55Z,70.0,Charge 4
2023-03-06T06:14:10Z,70.0,Charge 4
2023-03-06T06:14:25Z,70.0,Charge 4
2023-03-06T06:14:35Z,71.0,Charge 4
2023-03-06T06:14:50Z,71.0,Charge 4
2023-03-06T06:15:05Z,71.0,Charge 4
2023-03-06T06:15:06Z,70.0,Charge 4
2023-03-06T06:15:21Z,70.0,Charge 4
2023-03-06T06:15:26Z,71.0,Charge 4
2023-03-06T06:15:31Z,71.0,Charge 4
2023-03-06T06:15:41Z,70.0,Charge 4
2023-03-06T06:15:56Z,71.0,Charge 4
2023-03-06T06:16:01Z,70.0,Charge 4
2023-03-06T06:16:06Z,70.0,Charge 4
2023-03-06T06:16:16Z,70.0,Charge 4
2023-03-06T06:16:31Z,70.0,Charge 4
2023-03-06T06:16:41Z,69.0,Charge 4
2023-03-06T06:16:46Z,67.0,Charge 4
2023-03-06T06:16:56Z,69.0,Charge 4
2023-03-06T06:17:01Z,70.0,Charge 4
2023-03-06T06:17:06Z,71.0,Charge 4
2023-03-06T06:17:11Z,74.0,Charge 4
2023-03-06T06:17:21Z,72.0,Charge 4
2023-03-06T06:17:26Z,70.0,Charge 4
2023-03-06T06:17:31Z,69.0,Charge 4
2023-03-06T06:17:41Z,70.0,Charge 4
2023-03-06T06:17:46Z,70.0,Charge 4
2023-03-06T06:17:51Z,71.0,Charge 4
2023-03-06T06:18:06Z,71.0,Charge 4
2023-03-06T06:18:16Z,71.0,Charge 4
2023-03-06T06:18:26Z,72.0,Charge 4
2023-03-06T06:18:36Z,71.0,Charge 4
2023-03-06T06:18:41Z,70.0,Charge 4
2023-03-06T06:18:46Z,70.0,Charge 4
2023-03-06T06:18:56Z,69.0,Charge 4
2023-03-06T06:19:01Z,68.0,Charge 4
2023-03-06T06:19:11Z,68.0,Charge 4
2023-03-06T06:19:16Z,68.0,Charge 4
2023-03-06T06:19:21Z,69.0,Charge 4
2023-03-06T06:19:26Z,70.0,Charge 4
2023-03-06T06:19:41Z,73.0,Charge 4
2023-03-06T06:19:46Z,75.0,Charge 4
2023-03-06T06:19:56Z,74.0,Charge 4
2023-03-06T06:20:01Z,73.0,Charge 4
2023-03-06T06:20:06Z,72.0,Charge 4
2023-03-06T06:20:11Z,71.0,Charge 4
2023-03-06T06:20:21Z,70.0,Charge 4
2023-03-06T06:20:26Z,68.0,Charge 4
2023-03-06T06:20:31Z,67.0,Charge 4
2023-03-06T06:20:36Z,68.0,Charge 4
2023-03-06T06:20:46Z,69.0,Charge 4
2023-03-06T06:20:51Z,70.0,Charge 4
2023-03-06T06:21:01Z,69.0,Charge 4
2023-03-06T06:21:06Z,70.0,Charge 4
2023-03-06T06:21:16Z,72.0,Charge 4
2023-03-06T06:21:21Z,71.0,Charge 4
2023-03-06T06:21:36Z,71.0,Charge 4
2023-03-06T06:21:41Z,68.0,Charge 4
2023-03-06T06:21:51Z,69.0,Charge 4
2023-03-06T06:21:57Z,68.0,Charge 4
2023-03-06T06:22:12Z,68.0,Charge 4
2023-03-06T06:22:22Z,68.0,Charge 4
2023-03-06T06:22:32Z,69.0,Charge 4
2023-03-06T06:22:37Z,70.0,Charge 4
2023-03-06T06:22:47Z,70.0,Charge 4
2023-03-06T06:22:52Z,69.0,Charge 4
2023-03-06T06:23:02Z,68.0,Charge 4
2023-03-06T06:23:12Z,68.0,Charge 4
2023-03-06T06:23:17Z,69.0,Charge 4
2023-03-06T06:23:22Z,70.0,Charge 4
2023-03-06T06:23:27Z,71.0,Charge 4
2023-03-06T06:23:32Z,71.0,Charge 4
2023-03-06T06:23:37Z,69.0,Charge 4
2023-03-06T06:23:42Z,69.0,Charge 4
2023-03-06T06:23:52Z,70.0,Charge 4
2023-03-06T06:24:02Z,70.0,Charge 4
2023-03-06T06:24:12Z,71.0,Charge 4
2023-03-06T06:24:17Z,71.0,Charge 4
2023-03-06T06:24:32Z,71.0,Charge 4
2023-03-06T06:24:47Z,71.0,Charge 4
2023-03-06T06:24:52Z,70.0,Charge 4
2023-03-06T06:25:07Z,69.0,Charge 4
2023-03-06T06:25:22Z,69.0,Charge 4
2023-03-06T06:25:32Z,70.0,Charge 4
2023-03-06T06:25:42Z,71.0,Charge 4
2023-03-06T06:25:52Z,71.0,Charge 4
2023-03-06T06:25:59Z,71.0,Charge 4
2023-03-06T06:26:04Z,70.0,Charge 4
2023-03-06T06:26:09Z,69.0,Charge 4
2023-03-06T06:26:14Z,69.0,Charge 4
2023-03-06T06:26:19Z,70.0,Charge 4
2023-03-06T06:26:34Z,69.0,Charge 4
2023-03-06T06:26:39Z,70.0,Charge 4
2023-03-06T06:26:44Z,72.0,Charge 4
2023-03-06T06:26:49Z,71.0,Charge 4
2023-03-06T06:27:04Z,71.0,Charge 4
2023-03-06T06:27:09Z,70.0,Charge 4
2023-03-06T06:27:14Z,69.0,Charge 4
2023-03-06T06:27:19Z,69.0,Charge 4
2023-03-06T06:27:34Z,69.0,Charge 4
2023-03-06T06:27:39Z,69.0,Charge 4
2023-03-06T06:27:44Z,69.0,Charge 4
2023-03-06T06:27:49Z,70.0,Charge 4
2023-03-06T06:27:54Z,71.0,Charge 4
2023-03-06T06:27:59Z,73.0,Charge 4
2023-03-06T06:28:09Z,72.0,Charge 4
2023-03-06T06:28:14Z,71.0,Charge 4
2023-03-06T06:28:19Z,70.0,Charge 4
2023-03-06T06:28:29Z,69.0,Charge 4
2023-03-06T06:28:34Z,69.0,Charge 4
2023-03-06T06:28:39Z,69.0,Charge 4
2023-03-06T06:28:44Z,69.0,Charge 4
2023-03-06T06:28:49Z,68.0,Charge 4
2023-03-06T06:28:54Z,68.0,Charge 4
2023-03-06T06:29:09Z,67.0,Charge 4
2023-03-06T06:29:19Z,68.0,Charge 4
2023-03-06T06:29:24Z,69.0,Charge 4
2023-03-06T06:29:29Z,69.0,Charge 4
2023-03-06T06:29:34Z,68.0,Charge 4
2023-03-06T06:29:39Z,68.0,Charge 4
2023-03-06T06:29:44Z,70.0,Charge 4
2023-03-06T06:29:49Z,71.0,Charge 4
2023-03-06T06:30:04Z,71.0,Charge 4
2023-03-06T06:30:14Z,72.0,Charge 4
2023-03-06T06:30:29Z,69.0,Charge 4
2023-03-06T06:30:34Z,67.0,Charge 4
2023-03-06T06:30:44Z,68.0,Charge 4
2023-03-06T06:30:49Z,69.0,Charge 4
2023-03-06T06:30:59Z,68.0,Charge 4
2023-03-06T06:31:04Z,66.0,Charge 4
2023-03-06T06:31:19Z,66.0,Charge 4
2023-03-06T06:31:29Z,67.0,Charge 4
2023-03-06T06:31:44Z,67.0,Charge 4
2023-03-06T06:31:49Z,68.0,Charge 4
2023-03-06T06:31:54Z,69.0,Charge 4
2023-03-06T06:32:09Z,69.0,Charge 4
2023-03-06T06:32:14Z,68.0,Charge 4
2023-03-06T06:32:19Z,67.0,Charge 4
2023-03-06T06:32:34Z,67.0,Charge 4
2023-03-06T06:32:49Z,67.0,Charge 4
2023-03-06T06:32:50Z,67.0,Charge 4
2023-03-06T06:33:05Z,68.0,Charge 4
2023-03-06T06:33:20Z,68.0,Charge 4
2023-03-06T06:33:35Z,68.0,Charge 4
2023-03-06T06:33:45Z,70.0,Charge 4
2023-03-06T06:33:50Z,72.0,Charge 4
2023-03-06T06:33:55Z,73.0,Charge 4
2023-03-06T06:34:00Z,72.0,Charge 4
2023-03-06T06:34:15Z,71.0,Charge 4
2023-03-06T06:34:30Z,71.0,Charge 4
2023-03-06T06:34:35Z,70.0,Charge 4
2023-03-06T06:34:40Z,69.0,Charge 4
2023-03-06T06:34:55Z,69.0,Charge 4
2023-03-06T06:35:05Z,70.0,Charge 4
2023-03-06T06:35:10Z,70.0,Charge 4
2023-03-06T06:35:15Z,70.0,Charge 4
2023-03-06T06:35:30Z,70.0,Charge 4
2023-03-06T06:35:40Z,68.0,Charge 4
2023-03-06T06:35:50Z,67.0,Charge 4
2023-03-06T06:36:00Z,67.0,Charge 4
2023-03-06T06:36:05Z,68.0,Charge 4
2023-03-06T06:36:20Z,68.0,Charge 4
2023-03-06T06:36:35Z,68.0,Charge 4
2023-03-06T06:36:45Z,69.0,Charge 4
2023-03-06T06:36:55Z,70.0,Charge 4
2023-03-06T06:37:00Z,72.0,Charge 4
2023-03-06T06:37:05Z,74.0,Charge 4
2023-03-06T06:37:10Z,75.0,Charge 4
2023-03-06T06:37:20Z,76.0,Charge 4
2023-03-06T06:37:35Z,77.0,Charge 4
2023-03-06T06:37:50Z,77.0,Charge 4
2023-03-06T06:37:55Z,75.0,Charge 4
2023-03-06T06:38:10Z,75.0,Charge 4
2023-03-06T06:38:25Z,75.0,Charge 4
2023-03-06T06:38:35Z,77.0,Charge 4
2023-03-06T06:38:40Z,80.0,Charge 4
2023-03-06T06:38:45Z,80.0,Charge 4
2023-03-06T06:39:00Z,80.0,Charge 4
2023-03-06T06:39:15Z,79.0,Charge 4
2023-03-06T06:39:25Z,81.0,Charge 4
2023-03-06T06:39:30Z,83.0,Charge 4
2023-03-06T06:39:45Z,83.0,Charge 4
2023-03-06T06:39:55Z,84.0,Charge 4
2023-03-06T06:40:05Z,85.0,Charge 4
2023-03-06T06:40:15Z,84.0,Charge 4
2023-03-06T06:40:30Z,86.0,Charge 4
2023-03-06T06:40:35Z,87.0,Charge 4
2023-03-06T06:40:40Z,86.0,Charge 4
2023-03-06T06:40:50Z,85.0,Charge 4
2023-03-06T06:40:55Z,84.0,Charge 4
2023-03-06T06:41:00Z,83.0,Charge 4
2023-03-06T06:41:05Z,84.0,Charge 4
2023-03-06T06:41:10Z,85.0,Charge 4
2023-03-06T06:41:15Z,86.0,Charge 4
2023-03-06T06:41:20Z,82.0,Charge 4
2023-03-06T06:41:25Z,80.0,Charge 4
2023-03-06T06:41:30Z,79.0,Charge 4
2023-03-06T06:41:35Z,78.0,Charge 4
2023-03-06T06:41:45Z,76.0,Charge 4
2023-03-06T06:41:50Z,73.0,Charge 4
2023-03-06T06:41:55Z,73.0,Charge 4
2023-03-06T06:42:00Z,74.0,Charge 4
2023-03-06T06:42:10Z,72.0,Charge 4
2023-03-06T06:42:25Z,71.0,Charge 4
2023-03-06T06:42:40Z,70.0,Charge 4
2023-03-06T06:42:45Z,71.0,Charge 4
2023-03-06T06:42:50Z,70.0,Charge 4
2023-03-06T06:42:55Z,69.0,Charge 4
2023-03-06T06:43:00Z,70.0,Charge 4
2023-03-06T06:43:15Z,70.0,Charge 4
2023-03-06T06:43:20Z,71.0,Charge 4
2023-03-06T06:43:30Z,73.0,Charge 4
2023-03-06T06:43:35Z,74.0,Charge 4
2023-03-06T06:43:40Z,73.0,Charge 4
2023-03-06T06:43:45Z,72.0,Charge 4
2023-03-06T06:43:50Z,71.0,Charge 4
2023-03-06T06:44:00Z,72.0,Charge 4
2023-03-06T06:44:15Z,71.0,Charge 4
2023-03-06T06:44:20Z,70.0,Charge 4
2023-03-06T06:44:30Z,71.0,Charge 4
2023-03-06T06:44:35Z,72.0,Charge 4
2023-03-06T06:44:40Z,72.0,Charge 4
2023-03-06T06:44:45Z,73.0,Charge 4
2023-03-06T06:45:00Z,72.0,Charge 4
2023-03-06T06:45:05Z,71.0,Charge 4
2023-03-06T06:45:10Z,69.0,Charge 4
2023-03-06T06:45:25Z,70.0,Charge 4
2023-03-06T06:45:30Z,71.0,Charge 4
2023-03-06T06:45:35Z,72.0,Charge 4
2023-03-06T06:45:40Z,71.0,Charge 4
2023-03-06T06:45:45Z,70.0,Charge 4
2023-03-06T06:45:55Z,70.0,Charge 4
2023-03-06T06:46:10Z,71.0,Charge 4
2023-03-06T06:46:15Z,70.0,Charge 4
2023-03-06T06:46:25Z,69.0,Charge 4
2023-03-06T06:46:40Z,69.0,Charge 4
2023-03-06T06:46:50Z,69.0,Charge 4
2023-03-06T06:46:55Z,68.0,Charge 4
2023-03-06T06:47:00Z,68.0,Charge 4
2023-03-06T06:47:05Z,68.0,Charge 4
2023-03-06T06:47:10Z,69.0,Charge 4
2023-03-06T06:47:15Z,70.0,Charge 4
2023-03-06T06:47:25Z,71.0,Charge 4
2023-03-06T06:47:30Z,72.0,Charge 4
2023-03-06T06:47:35Z,71.0,Charge 4
2023-03-06T06:47:40Z,71.0,Charge 4
2023-03-06T06:47:50Z,73.0,Charge 4
2023-03-06T06:47:55Z,71.0,Charge 4
2023-03-06T06:48:00Z,71.0,Charge 4
2023-03-06T06:48:05Z,70.0,Charge 4
2023-03-06T06:48:10Z,68.0,Charge 4
2023-03-06T06:48:15Z,67.0,Charge 4
2023-03-06T06:48:20Z,68.0,Charge 4
2023-03-06T06:48:35Z,67.0,Charge 4
2023-03-06T06:48:50Z,68.0,Charge 4
2023-03-06T06:49:05Z,68.0,Charge 4
2023-03-06T06:49:15Z,68.0,Charge 4
2023-03-06T06:49:25Z,69.0,Charge 4
2023-03-06T06:49:40Z,69.0,Charge 4
2023-03-06T06:49:55Z,69.0,Charge 4
2023-03-06T06:50:10Z,69.0,Charge 4
2023-03-06T06:51:31Z,68.0,Charge 4
2023-03-06T06:51:36Z,67.0,Charge 4
2023-03-06T06:51:41Z,68.0,Charge 4
2023-03-06T06:51:51Z,69.0,Charge 4
2023-03-06T06:52:01Z,68.0,Charge 4
2023-03-06T06:52:11Z,67.0,Charge 4
2023-03-06T06:52:21Z,66.0,Charge 4
2023-03-06T06:52:31Z,68.0,Charge 4
2023-03-06T06:52:36Z,67.0,Charge 4
2023-03-06T06:52:46Z,68.0,Charge 4
2023-03-06T06:52:51Z,69.0,Charge 4
2023-03-06T06:53:06Z,69.0,Charge 4
2023-03-06T06:53:11Z,68.0,Charge 4
2023-03-06T06:53:21Z,67.0,Charge 4
2023-03-06T06:53:36Z,67.0,Charge 4
2023-03-06T06:53:41Z,68.0,Charge 4
2023-03-06T06:53:56Z,67.0,Charge 4
2023-03-06T06:54:11Z,67.0,Charge 4
2023-03-06T06:54:16Z,68.0,Charge 4
2023-03-06T06:54:21Z,69.0,Charge 4
2023-03-06T06:54:26Z,69.0,Charge 4
2023-03-06T06:54:31Z,70.0,Charge 4
2023-03-06T06:54:46Z,71.0,Charge 4
2023-03-06T06:54:56Z,72.0,Charge 4
2023-03-06T06:55:01Z,73.0,Charge 4
2023-03-06T06:55:11Z,74.0,Charge 4
2023-03-06T06:55:26Z,74.0,Charge 4
2023-03-06T06:55:31Z,74.0,Charge 4
2023-03-06T06:55:36Z,73.0,Charge 4
2023-03-06T06:55:41Z,71.0,Charge 4
2023-03-06T06:55:51Z,72.0,Charge 4
2023-03-06T06:56:06Z,73.0,Charge 4
2023-03-06T06:56:11Z,74.0,Charge 4
2023-03-06T06:56:26Z,74.0,Charge 4
2023-03-06T06:56:41Z,76.0,Charge 4
2023-03-06T06:56:46Z,77.0,Charge 4
2023-03-06T06:56:51Z,75.0,Charge 4
2023-03-06T06:56:56Z,76.0,Charge 4
2023-03-06T06:57:06Z,77.0,Charge 4
2023-03-06T06:57:16Z,76.0,Charge 4
2023-03-06T06:57:21Z,75.0,Charge 4
2023-03-06T06:57:26Z,73.0,Charge 4
2023-03-06T06:57:36Z,73.0,Charge 4
2023-03-06T06:57:46Z,74.0,Charge 4
2023-03-06T06:58:01Z,74.0,Charge 4
2023-03-06T06:58:06Z,75.0,Charge 4
2023-03-06T06:58:11Z,76.0,Charge 4
2023-03-06T06:58:16Z,76.0,Charge 4
2023-03-06T06:58:26Z,75.0,Charge 4
2023-03-06T06:58:31Z,74.0,Charge 4
2023-03-06T06:58:36Z,73.0,Charge 4
2023-03-06T06:58:46Z,72.0,Charge 4
2023-03-06T06:58:51Z,73.0,Charge 4
2023-03-06T06:59:01Z,72.0,Charge 4
2023-03-06T06:59:06Z,73.0,Charge 4
2023-03-06T06:59:11Z,74.0,Charge 4
2023-03-06T06:59:16Z,74.0,Charge 4
2023-03-06T06:59:31Z,74.0,Charge 4
2023-03-06T06:59:41Z,73.0,Charge 4
2023-03-06T06:59:46Z,72.0,Charge 4
2023-03-06T06:59:51Z,71.0,Charge 4
2023-03-06T06:59:56Z,71.0,Charge 4
2023-03-06T07:00:06Z,72.0,Charge 4
2023-03-06T07:00:11Z,74.0,Charge 4
2023-03-06T07:00:16Z,73.0,Charge 4
2023-03-06T07:00:21Z,72.0,Charge 4
2023-03-06T07:00:26Z,71.0,Charge 4
2023-03-06T07:00:41Z,71.0,Charge 4
2023-03-06T07:00:51Z,72.0,Charge 4
2023-03-06T07:00:56Z,73.0,Charge 4
2023-03-06T07:01:11Z,72.0,Charge 4
2023-03-06T07:01:16Z,71.0,Charge 4
2023-03-06T07:01:31Z,72.0,Charge 4
2023-03-06T07:01:46Z,71.0,Charge 4
2023-03-06T07:01:51Z,71.0,Charge 4
2023-03-06T07:02:01Z,72.0,Charge 4
2023-03-06T07:02:16Z,72.0,Charge 4
2023-03-06T07:02:21Z,71.0,Charge 4
2023-03-06T07:02:36Z,71.0,Charge 4
2023-03-06T07:02:46Z,70.0,Charge 4
2023-03-06T07:03:01Z,70.0,Charge 4
2023-03-06T07:03:06Z,71.0,Charge 4
2023-03-06T07:03:11Z,72.0,Charge 4
2023-03-06T07:03:16Z,75.0,Charge 4
2023-03-06T07:03:21Z,76.0,Charge 4
2023-03-06T07:03:26Z,77.0,Charge 4
2023-03-06T07:03:36Z,79.0,Charge 4
2023-03-06T07:03:41Z,80.0,Charge 4
2023-03-06T07:03:46Z,82.0,Charge 4
2023-03-06T07:03:51Z,83.0,Charge 4
2023-03-06T07:03:56Z,83.0,Charge 4
2023-03-06T07:04:01Z,85.0,Charge 4
2023-03-06T07:04:16Z,84.0,Charge 4
2023-03-06T07:04:21Z,83.0,Charge 4
2023-03-06T07:04:26Z,84.0,Charge 4
2023-03-06T07:04:31Z,83.0,Charge 4
2023-03-06T07:04:46Z,83.0,Charge 4
2023-03-06T07:04:51Z,84.0,Charge 4
2023-03-06T07:05:01Z,82.0,Charge 4
2023-03-06T07:05:16Z,84.0,Charge 4
2023-03-06T07:05:21Z,85.0,Charge 4
2023-03-06T07:05:26Z,86.0,Charge 4
2023-03-06T07:05:31Z,85.0,Charge 4
2023-03-06T07:05:46Z,86.0,Charge 4
2023-03-06T07:06:01Z,86.0,Charge 4
2023-03-06T07:06:16Z,87.0,Charge 4
2023-03-06T07:06:31Z,87.0,Charge 4
2023-03-06T07:06:32Z,86.0,Charge 4
2023-03-06T07:06:47Z,87.0,Charge 4
2023-03-06T07:06:57Z,86.0,Charge 4
2023-03-06T07:07:02Z,87.0,Charge 4
2023-03-06T07:07:07Z,85.0,Charge 4
2023-03-06T07:07:12Z,84.0,Charge 4
2023-03-06T07:07:17Z,83.0,Charge 4
2023-03-06T07:07:32Z,82.0,Charge 4
2023-03-06T07:07:47Z,83.0,Charge 4
2023-03-06T07:08:02Z,83.0,Charge 4
2023-03-06T07:08:07Z,82.0,Charge 4
2023-03-06T07:08:22Z,82.0,Charge 4
2023-03-06T07:08:27Z,81.0,Charge 4
2023-03-06T07:08:32Z,81.0,Charge 4
2023-03-06T07:08:37Z,80.0,Charge 4
2023-03-06T07:08:42Z,80.0,Charge 4
2023-03-06T07:08:52Z,81.0,Charge 4
2023-03-06T07:09:07Z,81.0,Charge 4
2023-03-06T07:09:22Z,81.0,Charge 4
2023-03-06T07:09:37Z,81.0,Charge 4
2023-03-06T07:09:52Z,81.0,Charge 4
2023-03-06T07:09:57Z,84.0,Charge 4
2023-03-06T07:10:02Z,85.0,Charge 4
2023-03-06T07:10:07Z,84.0,Charge 4
2023-03-06T07:10:17Z,85.0,Charge 4
2023-03-06T07:10:27Z,86.0,Charge 4
2023-03-06T07:10:37Z,87.0,Charge 4
2023-03-06T07:10:42Z,87.0,Charge 4
2023-03-06T07:10:47Z,85.0,Charge 4
2023-03-06T07:10:52Z,86.0,Charge 4
2023-03-06T07:11:02Z,87.0,Charge 4
2023-03-06T07:11:07Z,88.0,Charge 4
2023-03-06T07:11:22Z,88.0,Charge 4
2023-03-06T07:11:37Z,87.0,Charge 4
2023-03-06T07:11:42Z,88.0,Charge 4
2023-03-06T07:11:47Z,89.0,Charge 4
2023-03-06T07:11:52Z,88.0,Charge 4
2023-03-06T07:12:02Z,90.0,Charge 4
2023-03-06T07:12:07Z,89.0,Charge 4
2023-03-06T07:12:12Z,88.0,Charge 4
2023-03-06T07:12:17Z,89.0,Charge 4
2023-03-06T07:12:22Z,88.0,Charge 4
2023-03-06T07:12:37Z,88.0,Charge 4
2023-03-06T07:12:52Z,88.0,Charge 4
2023-03-06T07:12:57Z,89.0,Charge 4
2023-03-06T07:13:02Z,90.0,Charge 4
2023-03-06T07:13:12Z,91.0,Charge 4
2023-03-06T07:13:17Z,90.0,Charge 4
2023-03-06T07:13:22Z,88.0,Charge 4
2023-03-06T07:13:27Z,85.0,Charge 4
2023-03-06T07:13:32Z,84.0,Charge 4
2023-03-06T07:13:42Z,82.0,Charge 4
2023-03-06T07:13:47Z,80.0,Charge 4
2023-03-06T07:13:52Z,79.0,Charge 4
2023-03-06T07:13:57Z,76.0,Charge 4
2023-03-06T07:14:02Z,72.0,Charge 4
2023-03-06T07:14:07Z,72.0,Charge 4
2023-03-06T07:14:12Z,73.0,Charge 4
2023-03-06T07:14:17Z,75.0,Charge 4
2023-03-06T07:14:22Z,76.0,Charge 4
2023-03-06T07:14:27Z,77.0,Charge 4
2023-03-06T07:14:32Z,78.0,Charge 4
2023-03-06T07:14:37Z,79.0,Charge 4
2023-03-06T07:14:42Z,80.0,Charge 4
2023-03-06T07:14:47Z,82.0,Charge 4
2023-03-06T07:14:52Z,83.0,Charge 4
2023-03-06T07:15:02Z,85.0,Charge 4
2023-03-06T07:15:07Z,86.0,Charge 4
2023-03-06T07:15:17Z,87.0,Charge 4
2023-03-06T07:15:22Z,86.0,Charge 4
2023-03-06T07:15:27Z,85.0,Charge 4
2023-03-06T07:15:32Z,84.0,Charge 4
2023-03-06T07:15:37Z,83.0,Charge 4
2023-03-06T07:15:42Z,82.0,Charge 4
2023-03-06T07:15:47Z,83.0,Charge 4
2023-03-06T07:15:52Z,84.0,Charge 4
2023-03-06T07:16:02Z,78.0,Charge 4
2023-03-06T07:16:07Z,77.0,Charge 4
2023-03-06T07:16:12Z,77.0,Charge 4
2023-03-06T07:16:27Z,77.0,Charge 4
2023-03-06T07:16:32Z,78.0,Charge 4
2023-03-06T07:16:37Z,78.0,Charge 4
2023-03-06T07:16:47Z,78.0,Charge 4
2023-03-06T07:16:52Z,77.0,Charge 4
2023-03-06T07:16:57Z,76.0,Charge 4
2023-03-06T07:17:07Z,75.0,Charge 4
2023-03-06T07:17:12Z,74.0,Charge 4
2023-03-06T07:17:17Z,72.0,Charge 4
2023-03-06T07:17:32Z,73.0,Charge 4
2023-03-06T07:17:37Z,74.0,Charge 4
2023-03-06T07:17:42Z,75.0,Charge 4
2023-03-06T07:17:47Z,76.0,Charge 4
2023-03-06T07:17:57Z,76.0,Charge 4
2023-03-06T07:18:02Z,75.0,Charge 4
2023-03-06T07:18:07Z,74.0,Charge 4
2023-03-06T07:18:12Z,75.0,Charge 4
2023-03-06T07:18:17Z,77.0,Charge 4
2023-03-06T07:18:22Z,78.0,Charge 4
2023-03-06T07:18:37Z,78.0,Charge 4
2023-03-06T07:18:47Z,79.0,Charge 4
2023-03-06T07:18:52Z,78.0,Charge 4
2023-03-06T07:18:57Z,76.0,Charge 4
2023-03-06T07:19:02Z,76.0,Charge 4
2023-03-06T07:19:07Z,75.0,Charge 4
2023-03-06T07:19:12Z,75.0,Charge 4
2023-03-06T07:19:22Z,74.0,Charge 4
2023-03-06T07:19:27Z,75.0,Charge 4
2023-03-06T07:19:32Z,74.0,Charge 4
2023-03-06T07:19:37Z,74.0,Charge 4
2023-03-06T07:19:47Z,74.0,Charge 4
2023-03-06T07:19:57Z,73.0,Charge 4
2023-03-06T07:20:12Z,73.0,Charge 4
2023-03-06T07:20:17Z,73.0,Charge 4
2023-03-06T07:20:27Z,74.0,Charge 4
2023-03-06T07:20:32Z,74.0,Charge 4
2023-03-06T07:20:42Z,73.0,Charge 4
2023-03-06T07:20:57Z,73.0,Charge 4
2023-03-06T07:21:02Z,75.0,Charge 4
2023-03-06T07:21:07Z,72.0,Charge 4
2023-03-06T07:21:22Z,73.0,Charge 4
2023-03-06T07:21:27Z,74.0,Charge 4
2023-03-06T07:21:32Z,75.0,Charge 4
2023-03-06T07:21:37Z,76.0,Charge 4
2023-03-06T07:21:47Z,77.0,Charge 4
2023-03-06T07:21:52Z,77.0,Charge 4
2023-03-06T07:22:02Z,78.0,Charge 4
2023-03-06T07:22:07Z,79.0,Charge 4
2023-03-06T07:22:12Z,81.0,Charge 4
2023-03-06T07:22:17Z,88.0,Charge 4
2023-03-06T07:22:22Z,91.0,Charge 4
2023-03-06T07:22:32Z,90.0,Charge 4
2023-03-06T07:22:42Z,89.0,Charge 4
2023-03-06T07:22:47Z,88.0,Charge 4
2023-03-06T07:23:02Z,87.0,Charge 4
2023-03-06T07:23:12Z,85.0,Charge 4
2023-03-06T07:23:18Z,85.0,Charge 4
2023-03-06T07:23:28Z,86.0,Charge 4
2023-03-06T07:23:38Z,85.0,Charge 4
2023-03-06T07:23:48Z,86.0,Charge 4
2023-03-06T07:24:03Z,88.0,Charge 4
2023-03-06T07:24:08Z,85.0,Charge 4
2023-03-06T07:24:13Z,84.0,Charge 4
2023-03-06T07:24:18Z,83.0,Charge 4
2023-03-06T07:24:33Z,82.0,Charge 4
2023-03-06T07:24:38Z,81.0,Charge 4
2023-03-06T07:24:43Z,82.0,Charge 4
2023-03-06T07:24:58Z,80.0,Charge 4
2023-03-06T07:25:03Z,80.0,Charge 4
2023-03-06T07:25:18Z,80.0,Charge 4
2023-03-06T07:25:33Z,81.0,Charge 4
2023-03-06T07:25:38Z,84.0,Charge 4
2023-03-06T07:25:43Z,86.0,Charge 4
2023-03-06T07:25:53Z,85.0,Charge 4
2023-03-06T07:25:58Z,80.0,Charge 4
2023-03-06T07:26:03Z,79.0,Charge 4
2023-03-06T07:26:18Z,79.0,Charge 4
2023-03-06T07:26:23Z,78.0,Charge 4
2023-03-06T07:26:28Z,77.0,Charge 4
2023-03-06T07:26:38Z,76.0,Charge 4
2023-03-06T07:26:43Z,75.0,Charge 4
2023-03-06T07:26:53Z,74.0,Charge 4
2023-03-06T07:27:08Z,77.0,Charge 4
2023-03-06T07:27:13Z,78.0,Charge 4
2023-03-06T07:27:23Z,77.0,Charge 4
2023-03-06T07:27:28Z,76.0,Charge 4
2023-03-06T07:27:33Z,74.0,Charge 4
2023-03-06T07:27:38Z,72.0,Charge 4
2023-03-06T07:27:53Z,72.0,Charge 4
2023-03-06T07:27:58Z,72.0,Charge 4
2023-03-06T07:28:03Z,72.0,Charge 4
2023-03-06T07:28:13Z,72.0,Charge 4
2023-03-06T07:28:28Z,71.0,Charge 4
2023-03-06T07:28:33Z,72.0,Charge 4
2023-03-06T07:28:43Z,73.0,Charge 4
2023-03-06T07:28:48Z,72.0,Charge 4
2023-03-06T07:29:03Z,71.0,Charge 4
2023-03-06T07:29:08Z,70.0,Charge 4
2023-03-06T07:29:23Z,70.0,Charge 4
2023-03-06T07:29:28Z,71.0,Charge 4
2023-03-06T07:29:43Z,71.0,Charge 4
2023-03-06T07:29:48Z,72.0,Charge 4
2023-03-06T07:30:03Z,72.0,Charge 4
2023-03-06T07:30:08Z,73.0,Charge 4
2023-03-06T07:30:13Z,75.0,Charge 4
2023-03-06T07:30:18Z,74.0,Charge 4
2023-03-06T07:30:23Z,74.0,Charge 4
2023-03-06T07:30:38Z,76.0,Charge 4
2023-03-06T07:30:48Z,77.0,Charge 4
2023-03-06T07:30:53Z,79.0,Charge 4
2023-03-06T07:30:58Z,79.0,Charge 4
2023-03-06T07:31:03Z,78.0,Charge 4
2023-03-06T07:31:08Z,78.0,Charge 4
2023-03-06T07:31:23Z,78.0,Charge 4
2023-03-06T07:31:28Z,78.0,Charge 4
2023-03-06T07:31:43Z,78.0,Charge 4
2023-03-06T07:31:58Z,78.0,Charge 4
2023-03-06T07:32:08Z,78.0,Charge 4
2023-03-06T07:32:13Z,77.0,Charge 4
2023-03-06T07:32:23Z,76.0,Charge 4
2023-03-06T07:32:33Z,77.0,Charge 4
2023-03-06T07:32:38Z,76.0,Charge 4
2023-03-06T07:32:48Z,77.0,Charge 4
2023-03-06T07:32:58Z,78.0,Charge 4
2023-03-06T07:33:03Z,79.0,Charge 4
2023-03-06T07:33:18Z,79.0,Charge 4
2023-03-06T07:33:33Z,79.0,Charge 4
2023-03-06T07:33:43Z,79.0,Charge 4
2023-03-06T07:33:58Z,79.0,Charge 4
2023-03-06T07:34:08Z,79.0,Charge 4
2023-03-06T07:34:13Z,79.0,Charge 4
2023-03-06T07:34:18Z,78.0,Charge 4
2023-03-06T07:34:28Z,78.0,Charge 4
2023-03-06T07:34:33Z,77.0,Charge 4
2023-03-06T07:34:48Z,77.0,Charge 4
2023-03-06T07:35:03Z,78.0,Charge 4
2023-03-06T07:35:13Z,78.0,Charge 4
2023-03-06T07:35:18Z,79.0,Charge 4
2023-03-06T07:35:23Z,79.0,Charge 4
2023-03-06T07:35:38Z,79.0,Charge 4
2023-03-06T07:35:53Z,79.0,Charge 4
2023-03-06T07:36:08Z,79.0,Charge 4
2023-03-06T07:36:23Z,78.0,Charge 4
2023-03-06T07:36:28Z,77.0,Charge 4
2023-03-06T07:36:43Z,77.0,Charge 4
2023-03-06T07:36:58Z,77.0,Charge 4
2023-03-06T07:37:13Z,77.0,Charge 4
2023-03-06T07:37:28Z,77.0,Charge 4
2023-03-06T07:37:38Z,76.0,Charge 4
2023-03-06T07:37:53Z,75.0,Charge 4
2023-03-06T07:38:03Z,76.0,Charge 4
2023-03-06T07:38:08Z,78.0,Charge 4
2023-03-06T07:38:13Z,77.0,Charge 4
2023-03-06T07:38:23Z,78.0,Charge 4
2023-03-06T07:38:38Z,78.0,Charge 4
2023-03-06T07:38:43Z,79.0,Charge 4
2023-03-06T07:38:53Z,80.0,Charge 4
2023-03-06T07:38:58Z,79.0,Charge 4
2023-03-06T07:39:03Z,80.0,Charge 4
2023-03-06T07:39:13Z,81.0,Charge 4
2023-03-06T07:39:18Z,90.0,Charge 4
2023-03-06T07:39:23Z,95.0,Charge 4
2023-03-06T07:39:33Z,94.0,Charge 4
2023-03-06T07:39:40Z,94.0,Charge 4
2023-03-06T07:39:55Z,97.0,Charge 4
2023-03-06T07:40:00Z,98.0,Charge 4
2023-03-06T07:40:15Z,96.0,Charge 4
2023-03-06T07:40:30Z,95.0,Charge 4
2023-03-06T07:40:35Z,94.0,Charge 4
2023-03-06T07:40:40Z,92.0,Charge 4
2023-03-06T07:40:50Z,91.0,Charge 4
2023-03-06T07:40:55Z,90.0,Charge 4
2023-03-06T07:41:00Z,89.0,Charge 4
2023-03-06T07:41:05Z,88.0,Charge 4
2023-03-06T07:41:10Z,85.0,Charge 4
2023-03-06T07:41:15Z,82.0,Charge 4
2023-03-06T07:41:20Z,82.0,Charge 4
2023-03-06T07:41:30Z,82.0,Charge 4
2023-03-06T07:41:40Z,81.0,Charge 4
2023-03-06T07:41:45Z,81.0,Charge 4
2023-03-06T07:41:50Z,82.0,Charge 4
2023-03-06T07:41:55Z,82.0,Charge 4
2023-03-06T07:42:00Z,82.0,Charge 4
2023-03-06T07:42:05Z,83.0,Charge 4
2023-03-06T07:42:10Z,82.0,Charge 4
2023-03-06T07:42:25Z,82.0,Charge 4
2023-03-06T07:42:40Z,83.0,Charge 4
2023-03-06T07:42:45Z,85.0,Charge 4
2023-03-06T07:42:50Z,84.0,Charge 4
2023-03-06T07:42:55Z,85.0,Charge 4
2023-03-06T07:43:00Z,85.0,Charge 4
2023-03-06T07:43:05Z,84.0,Charge 4
2023-03-06T07:43:15Z,83.0,Charge 4
2023-03-06T07:43:20Z,81.0,Charge 4
2023-03-06T07:43:25Z,81.0,Charge 4
2023-03-06T07:43:30Z,80.0,Charge 4
2023-03-06T07:43:35Z,80.0,Charge 4
2023-03-06T07:43:50Z,81.0,Charge 4
2023-03-06T07:43:55Z,80.0,Charge 4
2023-03-06T07:44:05Z,81.0,Charge 4
2023-03-06T07:44:20Z,81.0,Charge 4
2023-03-06T07:44:25Z,78.0,Charge 4
2023-03-06T07:44:30Z,80.0,Charge 4
2023-03-06T07:44:40Z,79.0,Charge 4
2023-03-06T07:44:45Z,80.0,Charge 4
2023-03-06T07:44:55Z,81.0,Charge 4
2023-03-06T07:45:00Z,83.0,Charge 4
2023-03-06T07:45:10Z,82.0,Charge 4
2023-03-06T07:45:25Z,82.0,Charge 4
2023-03-06T07:45:30Z,82.0,Charge 4
2023-03-06T07:45:45Z,81.0,Charge 4
2023-03-06T07:45:50Z,81.0,Charge 4
2023-03-06T07:45:55Z,81.0,Charge 4
2023-03-06T07:46:10Z,80.0,Charge 4
2023-03-06T07:46:15Z,79.0,Charge 4
2023-03-06T07:46:20Z,78.0,Charge 4
2023-03-06T07:46:30Z,77.0,Charge 4
2023-03-06T07:46:35Z,77.0,Charge 4
2023-03-06T07:46:40Z,78.0,Charge 4
2023-03-06T07:46:55Z,78.0,Charge 4
2023-03-06T07:47:05Z,75.0,Charge 4
2023-03-06T07:47:10Z,77.0,Charge 4
2023-03-06T07:47:15Z,78.0,Charge 4
2023-03-06T07:47:25Z,79.0,Charge 4
2023-03-06T07:47:30Z,78.0,Charge 4
2023-03-06T07:47:40Z,79.0,Charge 4
2023-03-06T07:47:55Z,79.0,Charge 4
2023-03-06T07:48:10Z,79.0,Charge 4
2023-03-06T07:48:15Z,81.0,Charge 4
2023-03-06T07:48:20Z,82.0,Charge 4
2023-03-06T07:48:25Z,81.0,Charge 4
2023-03-06T07:48:30Z,80.0,Charge 4
2023-03-06T07:48:35Z,79.0,Charge 4
2023-03-06T07:48:45Z,79.0,Charge 4
2023-03-06T07:48:50Z,79.0,Charge 4
2023-03-06T07:49:05Z,80.0,Charge 4
2023-03-06T07:49:20Z,80.0,Charge 4
2023-03-06T07:49:25Z,79.0,Charge 4
2023-03-06T07:49:35Z,79.0,Charge 4
2023-03-06T07:49:40Z,77.0,Charge 4
2023-03-06T07:49:50Z,76.0,Charge 4
2023-03-06T07:50:05Z,76.0,Charge 4
2023-03-06T07:50:20Z,77.0,Charge 4
2023-03-06T07:50:21Z,78.0,Charge 4
2023-03-06T07:50:26Z,79.0,Charge 4
2023-03-06T07:50:41Z,78.0,Charge 4
2023-03-06T07:50:51Z,77.0,Charge 4
2023-03-06T07:50:56Z,76.0,Charge 4
2023-03-06T07:51:01Z,75.0,Charge 4
2023-03-06T07:51:16Z,76.0,Charge 4
2023-03-06T07:51:26Z,77.0,Charge 4
2023-03-06T07:51:31Z,76.0,Charge 4
2023-03-06T07:51:41Z,76.0,Charge 4
2023-03-06T07:51:56Z,76.0,Charge 4
2023-03-06T07:52:11Z,75.0,Charge 4
2023-03-06T07:52:16Z,77.0,Charge 4
2023-03-06T07:52:21Z,79.0,Charge 4
2023-03-06T07:52:26Z,80.0,Charge 4
2023-03-06T07:52:41Z,79.0,Charge 4
2023-03-06T07:52:51Z,78.0,Charge 4
2023-03-06T07:53:01Z,80.0,Charge 4
2023-03-06T07:53:06Z,80.0,Charge 4
2023-03-06T07:53:21Z,80.0,Charge 4
2023-03-06T07:53:36Z,80.0,Charge 4
2023-03-06T07:53:46Z,79.0,Charge 4
2023-03-06T07:54:01Z,79.0,Charge 4
2023-03-06T07:54:06Z,78.0,Charge 4
2023-03-06T07:54:11Z,77.0,Charge 4
2023-03-06T07:54:26Z,77.0,Charge 4
2023-03-06T07:54:36Z,78.0,Charge 4
2023-03-06T07:54:43Z,78.0,Charge 4
2023-03-06T07:54:58Z,78.0,Charge 4
2023-03-06T07:55:13Z,78.0,Charge 4
2023-03-06T07:55:18Z,77.0,Charge 4
2023-03-06T07:55:23Z,76.0,Charge 4
2023-03-06T07:55:28Z,76.0,Charge 4
2023-03-06T07:55:33Z,76.0,Charge 4
2023-03-06T07:55:38Z,77.0,Charge 4
2023-03-06T07:55:48Z,76.0,Charge 4
2023-03-06T07:55:58Z,76.0,Charge 4
2023-03-06T07:56:03Z,77.0,Charge 4
2023-03-06T07:56:13Z,79.0,Charge 4
2023-03-06T07:56:18Z,78.0,Charge 4
2023-03-06T07:56:23Z,77.0,Charge 4
2023-03-06T07:56:33Z,76.0,Charge 4
2023-03-06T07:56:38Z,76.0,Charge 4
2023-03-06T07:56:53Z,77.0,Charge 4
2023-03-06T07:56:58Z,79.0,Charge 4
2023-03-06T07:57:03Z,80.0,Charge 4
2023-03-06T07:57:18Z,78.0,Charge 4
2023-03-06T07:57:23Z,78.0,Charge 4
2023-03-06T07:57:38Z,78.0,Charge 4
2023-03-06T07:57:43Z,78.0,Charge 4
2023-03-06T07:57:48Z,77.0,Charge 4
2023-03-06T07:57:53Z,76.0,Charge 4
2023-03-06T07:57:58Z,76.0,Charge 4
2023-03-06T07:58:08Z,77.0,Charge 4
2023-03-06T07:58:13Z,78.0,Charge 4
2023-03-06T07:58:23Z,80.0,Charge 4
2023-03-06T07:58:28Z,81.0,Charge 4
2023-03-06T07:58:38Z,81.0,Charge 4
2023-03-06T07:58:43Z,82.0,Charge 4
2023-03-06T07:58:58Z,83.0,Charge 4
2023-03-06T07:59:13Z,83.0,Charge 4
2023-03-06T07:59:28Z,83.0,Charge 4
2023-03-06T07:59:38Z,82.0,Charge 4
2023-03-06T07:59:43Z,81.0,Charge 4
2023-03-06T07:59:48Z,79.0,Charge 4
2023-03-06T07:59:53Z,78.0,Charge 4
2023-03-06T08:00:08Z,78.0,Charge 4
2023-03-06T08:00:13Z,76.0,Charge 4
2023-03-06T08:00:18Z,75.0,Charge 4
2023-03-06T08:00:23Z,76.0,Charge 4
2023-03-06T08:00:38Z,75.0,Charge 4
2023-03-06T08:00:43Z,74.0,Charge 4
2023-03-06T08:00:58Z,74.0,Charge 4
2023-03-06T08:01:08Z,74.0,Charge 4
2023-03-06T08:01:18Z,75.0,Charge 4
2023-03-06T08:01:23Z,76.0,Charge 4
2023-03-06T08:01:38Z,76.0,Charge 4
2023-03-06T08:01:53Z,75.0,Charge 4
2023-03-06T08:01:58Z,76.0,Charge 4
2023-03-06T08:02:13Z,76.0,Charge 4
2023-03-06T08:02:28Z,77.0,Charge 4
2023-03-06T08:02:33Z,77.0,Charge 4
2023-03-06T08:02:48Z,77.0,Charge 4
2023-03-06T08:03:03Z,77.0,Charge 4
2023-03-06T08:03:13Z,78.0,Charge 4
2023-03-06T08:03:18Z,77.0,Charge 4
2023-03-06T08:03:23Z,78.0,Charge 4
2023-03-06T08:03:33Z,79.0,Charge 4
2023-03-06T08:03:43Z,80.0,Charge 4
2023-03-06T08:03:48Z,81.0,Charge 4
2023-03-06T08:04:03Z,80.0,Charge 4
2023-03-06T08:04:13Z,79.0,Charge 4
2023-03-06T08:04:18Z,77.0,Charge 4
2023-03-06T08:04:28Z,78.0,Charge 4
2023-03-06T08:04:33Z,77.0,Charge 4
2023-03-06T08:04:43Z,78.0,Charge 4
2023-03-06T08:04:48Z,76.0,Charge 4
2023-03-06T08:04:53Z,73.0,Charge 4
2023-03-06T08:04:58Z,73.0,Charge 4
2023-03-06T08:05:08Z,74.0,Charge 4
2023-03-06T08:05:13Z,75.0,Charge 4
2023-03-06T08:05:18Z,76.0,Charge 4
2023-03-06T08:05:33Z,76.0,Charge 4
2023-03-06T08:05:48Z,76.0,Charge 4
2023-03-06T08:05:53Z,77.0,Charge 4
2023-03-06T08:06:08Z,77.0,Charge 4
2023-03-06T08:06:13Z,78.0,Charge 4
2023-03-06T08:06:18Z,79.0,Charge 4
2023-03-06T08:06:24Z,79.0,Charge 4
2023-03-06T08:06:39Z,79.0,Charge 4
2023-03-06T08:06:54Z,79.0,Charge 4
2023-03-06T08:07:09Z,80.0,Charge 4
2023-03-06T08:07:14Z,81.0,Charge 4
2023-03-06T08:07:19Z,82.0,Charge 4
2023-03-06T08:07:34Z,82.0,Charge 4
2023-03-06T08:07:39Z,81.0,Charge 4
2023-03-06T08:07:49Z,80.0,Charge 4
2023-03-06T08:07:54Z,79.0,Charge 4
2023-03-06T08:08:09Z,80.0,Charge 4
2023-03-06T08:08:14Z,80.0,Charge 4
2023-03-06T08:08:29Z,80.0,Charge 4
2023-03-06T08:08:39Z,81.0,Charge 4
2023-03-06T08:08:54Z,81.0,Charge 4
2023-03-06T08:09:04Z,82.0,Charge 4
2023-03-06T08:09:19Z,81.0,Charge 4
2023-03-06T08:09:34Z,81.0,Charge 4
2023-03-06T08:09:49Z,81.0,Charge 4
2023-03-06T08:10:04Z,82.0,Charge 4
2023-03-06T08:10:09Z,81.0,Charge 4
2023-03-06T08:10:24Z,80.0,Charge 4
2023-03-06T08:10:34Z,80.0,Charge 4
2023-03-06T08:10:39Z,78.0,Charge 4
2023-03-06T08:10:44Z,77.0,Charge 4
2023-03-06T08:10:59Z,78.0,Charge 4
2023-03-06T08:11:04Z,79.0,Charge 4
2023-03-06T08:11:09Z,80.0,Charge 4
2023-03-06T08:11:24Z,79.0,Charge 4
2023-03-06T08:11:39Z,79.0,Charge 4
2023-03-06T08:11:44Z,79.0,Charge 4
2023-03-06T08:11:49Z,80.0,Charge 4
2023-03-06T08:11:59Z,81.0,Charge 4
2023-03-06T08:12:04Z,82.0,Charge 4
2023-03-06T08:12:19Z,82.0,Charge 4
2023-03-06T08:12:24Z,78.0,Charge 4
2023-03-06T08:12:29Z,77.0,Charge 4
2023-03-06T08:12:44Z,77.0,Charge 4
2023-03-06T08:12:59Z,77.0,Charge 4
2023-03-06T08:13:04Z,75.0,Charge 4
2023-03-06T08:13:14Z,75.0,Charge 4
2023-03-06T08:13:24Z,76.0,Charge 4
2023-03-06T08:13:39Z,76.0,Charge 4
2023-03-06T08:13:44Z,77.0,Charge 4
2023-03-06T08:13:59Z,77.0,Charge 4
2023-03-06T08:14:04Z,78.0,Charge 4
2023-03-06T08:14:09Z,78.0,Charge 4
2023-03-06T08:14:24Z,78.0,Charge 4
2023-03-06T08:14:34Z,77.0,Charge 4
2023-03-06T08:14:49Z,77.0,Charge 4
2023-03-06T08:15:04Z,77.0,Charge 4
2023-03-06T08:15:09Z,77.0,Charge 4
2023-03-06T08:15:24Z,76.0,Charge 4
2023-03-06T08:15:39Z,77.0,Charge 4
2023-03-06T08:15:44Z,76.0,Charge 4
2023-03-06T08:15:49Z,75.0,Charge 4
2023-03-06T08:15:59Z,76.0,Charge 4
2023-03-06T08:16:14Z,76.0,Charge 4
2023-03-06T08:16:24Z,77.0,Charge 4
2023-03-06T08:16:29Z,76.0,Charge 4
2023-03-06T08:16:34Z,75.0,Charge 4
2023-03-06T08:16:44Z,74.0,Charge 4
2023-03-06T08:16:49Z,73.0,Charge 4
2023-03-06T08:16:54Z,70.0,Charge 4
2023-03-06T08:17:09Z,70.0,Charge 4
2023-03-06T08:17:14Z,71.0,Charge 4
2023-03-06T08:17:19Z,73.0,Charge 4
2023-03-06T08:17:24Z,74.0,Charge 4
2023-03-06T08:17:29Z,75.0,Charge 4
2023-03-06T08:17:39Z,76.0,Charge 4
2023-03-06T08:17:54Z,75.0,Charge 4
2023-03-06T08:18:04Z,76.0,Charge 4
2023-03-06T08:18:14Z,75.0,Charge 4
2023-03-06T08:18:19Z,74.0,Charge 4
2023-03-06T08:18:29Z,76.0,Charge 4
2023-03-06T08:18:34Z,77.0,Charge 4
2023-03-06T08:18:44Z,76.0,Charge 4
2023-03-06T08:18:54Z,77.0,Charge 4
2023-03-06T08:18:59Z,78.0,Charge 4
2023-03-06T08:19:14Z,78.0,Charge 4
2023-03-06T08:19:29Z,79.0,Charge 4
2023-03-06T08:19:34Z,80.0,Charge 4
2023-03-06T08:19:39Z,81.0,Charge 4
2023-03-06T08:19:44Z,80.0,Charge 4
2023-03-06T08:19:49Z,81.0,Charge 4
2023-03-06T08:19:54Z,81.0,Charge 4
2023-03-06T08:20:04Z,83.0,Charge 4
2023-03-06T08:20:09Z,84.0,Charge 4
2023-03-06T08:20:24Z,83.0,Charge 4
2023-03-06T08:20:29Z,82.0,Charge 4
2023-03-06T08:20:34Z,82.0,Charge 4
2023-03-06T08:20:39Z,82.0,Charge 4
2023-03-06T08:20:44Z,81.0,Charge 4
2023-03-06T08:20:59Z,81.0,Charge 4
2023-03-06T08:21:14Z,81.0,Charge 4
2023-03-06T08:21:29Z,81.0,Charge 4
2023-03-06T08:21:39Z,82.0,Charge 4
2023-03-06T08:21:44Z,81.0,Charge 4
2023-03-06T08:21:49Z,78.0,Charge 4
2023-03-06T08:21:59Z,79.0,Charge 4
2023-03-06T08:22:09Z,80.0,Charge 4
2023-03-06T08:22:14Z,81.0,Charge 4
2023-03-06T08:22:19Z,80.0,Charge 4
2023-03-06T08:22:24Z,79.0,Charge 4
2023-03-06T08:22:29Z,79.0,Charge 4
2023-03-06T08:22:44Z,79.0,Charge 4
2023-03-06T08:22:49Z,82.0,Charge 4
2023-03-06T08:23:04Z,82.0,Charge 4
2023-03-06T08:23:05Z,81.0,Charge 4
2023-03-06T08:23:20Z,81.0,Charge 4
2023-03-06T08:23:35Z,81.0,Charge 4
2023-03-06T08:23:50Z,81.0,Charge 4
2023-03-06T08:24:05Z,82.0,Charge 4
2023-03-06T08:24:15Z,82.0,Charge 4
2023-03-06T08:24:30Z,82.0,Charge 4
2023-03-06T08:24:45Z,82.0,Charge 4
2023-03-06T08:24:50Z,81.0,Charge 4
2023-03-06T08:25:00Z,80.0,Charge 4
2023-03-06T08:25:05Z,80.0,Charge 4
2023-03-06T08:25:20Z,80.0,Charge 4
2023-03-06T08:25:25Z,81.0,Charge 4
2023-03-06T08:25:30Z,82.0,Charge 4
2023-03-06T08:25:35Z,81.0,Charge 4
2023-03-06T08:25:40Z,80.0,Charge 4
2023-03-06T08:25:45Z,81.0,Charge 4
2023-03-06T08:25:55Z,82.0,Charge 4
2023-03-06T08:26:10Z,82.0,Charge 4
2023-03-06T08:26:25Z,82.0,Charge 4
2023-03-06T08:26:40Z,81.0,Charge 4
2023-03-06T08:26:55Z,81.0,Charge 4
2023-03-06T08:27:10Z,81.0,Charge 4
2023-03-06T08:27:25Z,80.0,Charge 4
2023-03-06T08:27:40Z,80.0,Charge 4
2023-03-06T08:27:45Z,79.0,Charge 4
2023-03-06T08:28:00Z,79.0,Charge 4
2023-03-06T08:28:05Z,78.0,Charge 4
2023-03-06T08:28:10Z,79.0,Charge 4
2023-03-06T08:28:15Z,78.0,Charge 4
2023-03-06T08:28:20Z,76.0,Charge 4
2023-03-06T08:28:25Z,74.0,Charge 4
2023-03-06T08:28:30Z,75.0,Charge 4
2023-03-06T08:28:45Z,75.0,Charge 4
2023-03-06T08:29:00Z,77.0,Charge 4
2023-03-06T08:29:15Z,78.0,Charge 4
2023-03-06T08:29:25Z,79.0,Charge 4
2023-03-06T08:29:40Z,79.0,Charge 4
2023-03-06T08:29:50Z,78.0,Charge 4
2023-03-06T08:30:05Z,78.0,Charge 4
2023-03-06T08:30:15Z,79.0,Charge 4
2023-03-06T08:30:20Z,80.0,Charge 4
2023-03-06T08:30:25Z,79.0,Charge 4
2023-03-06T08:30:30Z,79.0,Charge 4
2023-03-06T08:30:35Z,80.0,Charge 4
2023-03-06T08:30:40Z,81.0,Charge 4
2023-03-06T08:30:55Z,81.0,Charge 4
2023-03-06T08:31:05Z,80.0,Charge 4
2023-03-06T08:31:15Z,79.0,Charge 4
2023-03-06T08:31:20Z,77.0,Charge 4
2023-03-06T08:31:25Z,78.0,Charge 4
2023-03-06T08:31:30Z,81.0,Charge 4
2023-03-06T08:31:35Z,82.0,Charge 4
2023-03-06T08:31:50Z,82.0,Charge 4
2023-03-06T08:31:55Z,82.0,Charge 4
2023-03-06T08:32:00Z,81.0,Charge 4
2023-03-06T08:32:05Z,80.0,Charge 4
2023-03-06T08:32:20Z,80.0,Charge 4
2023-03-06T08:32:25Z,79.0,Charge 4
2023-03-06T08:32:40Z,78.0,Charge 4
2023-03-06T08:32:45Z,78.0,Charge 4
2023-03-06T08:32:50Z,78.0,Charge 4
2023-03-06T08:33:05Z,78.0,Charge 4
2023-03-06T08:33:15Z,79.0,Charge 4
2023-03-06T08:33:25Z,78.0,Charge 4
2023-03-06T08:33:40Z,78.0,Charge 4
2023-03-06T08:33:45Z,79.0,Charge 4
2023-03-06T08:33:50Z,79.0,Charge 4
2023-03-06T08:33:55Z,80.0,Charge 4
2023-03-06T08:34:00Z,79.0,Charge 4
2023-03-06T08:34:05Z,79.0,Charge 4
2023-03-06T08:34:10Z,79.0,Charge 4
2023-03-06T08:34:25Z,79.0,Charge 4
2023-03-06T08:34:35Z,80.0,Charge 4
2023-03-06T08:34:40Z,81.0,Charge 4
2023-03-06T08:34:45Z,79.0,Charge 4
2023-03-06T08:34:50Z,78.0,Charge 4
2023-03-06T08:35:00Z,77.0,Charge 4
2023-03-06T08:35:10Z,77.0,Charge 4
2023-03-06T08:35:15Z,76.0,Charge 4
2023-03-06T08:35:20Z,77.0,Charge 4
2023-03-06T08:35:25Z,76.0,Charge 4
2023-03-06T08:35:35Z,77.0,Charge 4
2023-03-06T08:35:40Z,76.0,Charge 4
2023-03-06T08:35:55Z,76.0,Charge 4
2023-03-06T08:36:10Z,75.0,Charge 4
2023-03-06T08:36:15Z,74.0,Charge 4
2023-03-06T08:36:20Z,73.0,Charge 4
2023-03-06T08:36:30Z,74.0,Charge 4
2023-03-06T08:36:45Z,73.0,Charge 4
2023-03-06T08:36:55Z,74.0,Charge 4
2023-03-06T08:37:00Z,75.0,Charge 4
2023-03-06T08:37:05Z,76.0,Charge 4
2023-03-06T08:37:10Z,77.0,Charge 4
2023-03-06T08:37:15Z,75.0,Charge 4
2023-03-06T08:37:25Z,74.0,Charge 4
2023-03-06T08:37:35Z,75.0,Charge 4
2023-03-06T08:37:40Z,75.0,Charge 4
2023-03-06T08:37:45Z,77.0,Charge 4
2023-03-06T08:37:50Z,77.0,Charge 4
2023-03-06T08:37:55Z,76.0,Charge 4
2023-03-06T08:38:00Z,75.0,Charge 4
2023-03-06T08:38:15Z,75.0,Charge 4
2023-03-06T08:38:20Z,76.0,Charge 4
2023-03-06T08:38:25Z,75.0,Charge 4
2023-03-06T08:38:35Z,80.0,Charge 4
2023-03-06T08:38:40Z,81.0,Charge 4
2023-03-06T08:38:45Z,80.0,Charge 4
2023-03-06T08:38:51Z,80.0,Charge 4
2023-03-06T08:39:06Z,80.0,Charge 4
2023-03-06T08:39:16Z,79.0,Charge 4
2023-03-06T08:39:26Z,78.0,Charge 4
2023-03-06T08:39:31Z,76.0,Charge 4
2023-03-06T08:39:41Z,75.0,Charge 4
2023-03-06T08:39:46Z,74.0,Charge 4
2023-03-06T08:40:01Z,74.0,Charge 4
2023-03-06T08:40:06Z,72.0,Charge 4
2023-03-06T08:40:16Z,73.0,Charge 4
2023-03-06T08:40:31Z,73.0,Charge 4
2023-03-06T08:40:41Z,74.0,Charge 4
2023-03-06T08:40:46Z,75.0,Charge 4
2023-03-06T08:40:56Z,74.0,Charge 4
2023-03-06T08:41:01Z,75.0,Charge 4
2023-03-06T08:41:16Z,75.0,Charge 4
2023-03-06T08:41:31Z,75.0,Charge 4
2023-03-06T08:41:46Z,75.0,Charge 4
2023-03-06T08:41:51Z,76.0,Charge 4
2023-03-06T08:42:06Z,76.0,Charge 4
2023-03-06T08:42:21Z,76.0,Charge 4
2023-03-06T08:42:36Z,76.0,Charge 4
2023-03-06T08:42:51Z,76.0,Charge 4
2023-03-06T08:42:56Z,75.0,Charge 4
2023-03-06T08:43:11Z,76.0,Charge 4
2023-03-06T08:43:16Z,79.0,Charge 4
2023-03-06T08:43:21Z,80.0,Charge 4
2023-03-06T08:43:26Z,80.0,Charge 4
2023-03-06T08:43:41Z,79.0,Charge 4
2023-03-06T08:43:46Z,78.0,Charge 4
2023-03-06T08:44:01Z,78.0,Charge 4
2023-03-06T08:44:16Z,78.0,Charge 4
2023-03-06T08:44:31Z,78.0,Charge 4
2023-03-06T08:44:41Z,79.0,Charge 4
2023-03-06T08:44:51Z,78.0,Charge 4
2023-03-06T08:44:56Z,77.0,Charge 4
2023-03-06T08:45:06Z,78.0,Charge 4
2023-03-06T08:45:16Z,80.0,Charge 4
2023-03-06T08:45:21Z,79.0,Charge 4
2023-03-06T08:45:26Z,80.0,Charge 4
2023-03-06T08:45:31Z,77.0,Charge 4
2023-03-06T08:45:41Z,78.0,Charge 4
2023-03-06T08:45:46Z,79.0,Charge 4
2023-03-06T08:46:01Z,79.0,Charge 4
2023-03-06T08:46:06Z,78.0,Charge 4
2023-03-06T08:46:16Z,80.0,Charge 4
2023-03-06T08:46:26Z,81.0,Charge 4
2023-03-06T08:46:31Z,82.0,Charge 4
2023-03-06T08:46:41Z,83.0,Charge 4
2023-03-06T08:46:46Z,84.0,Charge 4
2023-03-06T08:46:56Z,83.0,Charge 4
2023-03-06T08:47:01Z,82.0,Charge 4
2023-03-06T08:47:06Z,80.0,Charge 4
2023-03-06T08:47:21Z,80.0,Charge 4
2023-03-06T08:47:26Z,78.0,Charge 4
2023-03-06T08:47:31Z,76.0,Charge 4
2023-03-06T08:47:46Z,76.0,Charge 4
2023-03-06T08:47:56Z,77.0,Charge 4
2023-03-06T08:48:11Z,76.0,Charge 4
2023-03-06T08:48:21Z,74.0,Charge 4
2023-03-06T08:48:26Z,75.0,Charge 4
2023-03-06T08:48:41Z,76.0,Charge 4
2023-03-06T08:48:51Z,75.0,Charge 4
2023-03-06T08:49:06Z,75.0,Charge 4
2023-03-06T08:49:11Z,76.0,Charge 4
2023-03-06T08:49:16Z,78.0,Charge 4
2023-03-06T08:49:21Z,79.0,Charge 4
2023-03-06T08:49:26Z,78.0,Charge 4
2023-03-06T08:49:31Z,76.0,Charge 4
2023-03-06T08:49:46Z,76.0,Charge 4
2023-03-06T08:49:56Z,77.0,Charge 4
2023-03-06T08:50:01Z,77.0,Charge 4
2023-03-06T08:50:06Z,79.0,Charge 4
2023-03-06T08:50:11Z,74.0,Charge 4
2023-03-06T08:50:16Z,72.0,Charge 4
2023-03-06T08:50:21Z,74.0,Charge 4
2023-03-06T08:50:26Z,76.0,Charge 4
2023-03-06T08:50:41Z,77.0,Charge 4
2023-03-06T08:50:46Z,74.0,Charge 4
2023-03-06T08:50:56Z,75.0,Charge 4
2023-03-06T08:51:06Z,75.0,Charge 4
2023-03-06T08:51:11Z,75.0,Charge 4
2023-03-06T08:51:21Z,75.0,Charge 4
2023-03-06T08:51:36Z,75.0,Charge 4
2023-03-06T08:51:51Z,75.0,Charge 4
2023-03-06T08:51:56Z,76.0,Charge 4
2023-03-06T08:52:11Z,76.0,Charge 4
2023-03-06T08:52:16Z,77.0,Charge 4
2023-03-06T08:52:21Z,76.0,Charge 4
2023-03-06T08:52:36Z,76.0,Charge 4
2023-03-06T08:52:51Z,76.0,Charge 4
2023-03-06T08:52:56Z,75.0,Charge 4
2023-03-06T08:53:11Z,74.0,Charge 4
2023-03-06T08:53:16Z,72.0,Charge 4
2023-03-06T08:53:21Z,71.0,Charge 4
2023-03-06T08:53:26Z,72.0,Charge 4
2023-03-06T08:53:31Z,71.0,Charge 4
2023-03-06T08:53:36Z,70.0,Charge 4
2023-03-06T08:53:46Z,69.0,Charge 4
2023-03-06T08:53:56Z,69.0,Charge 4
2023-03-06T08:54:06Z,70.0,Charge 4
2023-03-06T08:54:11Z,69.0,Charge 4
2023-03-06T08:54:16Z,68.0,Charge 4
2023-03-06T08:54:21Z,67.0,Charge 4
2023-03-06T08:54:26Z,68.0,Charge 4
2023-03-06T08:54:31Z,69.0,Charge 4
2023-03-06T08:54:36Z,70.0,Charge 4
2023-03-06T08:54:41Z,69.0,Charge 4
2023-03-06T08:54:46Z,69.0,Charge 4
2023-03-06T08:54:51Z,70.0,Charge 4
2023-03-06T08:55:06Z,71.0,Charge 4
2023-03-06T08:55:16Z,72.0,Charge 4
2023-03-06T08:55:21Z,71.0,Charge 4
2023-03-06T08:55:36Z,71.0,Charge 4
2023-03-06T08:55:41Z,69.0,Charge 4
2023-03-06T08:55:51Z,70.0,Charge 4
2023-03-06T08:55:56Z,71.0,Charge 4
2023-03-06T08:56:06Z,72.0,Charge 4
2023-03-06T08:56:11Z,75.0,Charge 4
2023-03-06T08:56:16Z,77.0,Charge 4
2023-03-06T08:56:21Z,76.0,Charge 4
2023-03-06T08:56:31Z,75.0,Charge 4
2023-03-06T08:56:46Z,75.0,Charge 4
2023-03-06T08:57:01Z,75.0,Charge 4
2023-03-06T08:57:11Z,76.0,Charge 4
2023-03-06T08:57:16Z,77.0,Charge 4
2023-03-06T08:57:21Z,78.0,Charge 4
2023-03-06T08:57:36Z,78.0,Charge 4
2023-03-06T08:57:41Z,75.0,Charge 4
2023-03-06T08:57:51Z,76.0,Charge 4
2023-03-06T08:58:06Z,76.0,Charge 4
2023-03-06T08:58:16Z,77.0,Charge 4
2023-03-06T08:58:21Z,76.0,Charge 4
2023-03-06T08:58:27Z,76.0,Charge 4
2023-03-06T08:58:37Z,78.0,Charge 4
2023-03-06T08:58:42Z,79.0,Charge 4
2023-03-06T08:58:47Z,79.0,Charge 4
2023-03-06T08:58:57Z,80.0,Charge 4
2023-03-06T08:59:02Z,81.0,Charge 4
2023-03-06T08:59:07Z,82.0,Charge 4
2023-03-06T08:59:12Z,81.0,Charge 4
2023-03-06T08:59:17Z,79.0,Charge 4
2023-03-06T08:59:27Z,77.0,Charge 4
2023-03-06T08:59:32Z,74.0,Charge 4
2023-03-06T08:59:37Z,73.0,Charge 4
2023-03-06T08:59:52Z,71.0,Charge 4
2023-03-06T08:59:57Z,71.0,Charge 4
2023-03-06T09:00:12Z,71.0,Charge 4
2023-03-06T09:00:27Z,71.0,Charge 4
2023-03-06T09:00:37Z,72.0,Charge 4
2023-03-06T09:00:52Z,72.0,Charge 4
2023-03-06T09:01:07Z,73.0,Charge 4
2023-03-06T09:01:12Z,73.0,Charge 4
2023-03-06T09:01:27Z,73.0,Charge 4
2023-03-06T09:01:42Z,73.0,Charge 4
2023-03-06T09:01:47Z,74.0,Charge 4
2023-03-06T09:01:52Z,74.0,Charge 4
2023-03-06T09:02:02Z,72.0,Charge 4
2023-03-06T09:02:17Z,72.0,Charge 4
2023-03-06T09:02:22Z,73.0,Charge 4
2023-03-06T09:02:27Z,73.0,Charge 4
2023-03-06T09:02:32Z,74.0,Charge 4
2023-03-06T09:02:42Z,74.0,Charge 4
2023-03-06T09:02:57Z,74.0,Charge 4
2023-03-06T09:03:07Z,74.0,Charge 4
2023-03-06T09:03:22Z,74.0,Charge 4
2023-03-06T09:03:37Z,74.0,Charge 4
2023-03-06T09:03:52Z,74.0,Charge 4
2023-03-06T09:03:57Z,75.0,Charge 4
2023-03-06T09:04:02Z,74.0,Charge 4
2023-03-06T09:04:07Z,74.0,Charge 4
2023-03-06T09:04:12Z,72.0,Charge 4
2023-03-06T09:04:22Z,71.0,Charge 4
2023-03-06T09:04:27Z,71.0,Charge 4
2023-03-06T09:04:32Z,73.0,Charge 4
2023-03-06T09:04:37Z,77.0,Charge 4
2023-03-06T09:04:52Z,76.0,Charge 4
2023-03-06T09:04:57Z,74.0,Charge 4
2023-03-06T09:05:12Z,74.0,Charge 4
2023-03-06T09:05:17Z,75.0,Charge 4
2023-03-06T09:05:32Z,75.0,Charge 4
2023-03-06T09:05:42Z,74.0,Charge 4
2023-03-06T09:05:57Z,74.0,Charge 4
2023-03-06T09:06:12Z,75.0,Charge 4
2023-03-06T09:06:22Z,71.0,Charge 4
2023-03-06T09:06:27Z,70.0,Charge 4
2023-03-06T09:06:37Z,71.0,Charge 4
2023-03-06T09:06:42Z,72.0,Charge 4
2023-03-06T09:06:47Z,74.0,Charge 4
2023-03-06T09:07:02Z,74.0,Charge 4
2023-03-06T09:07:12Z,75.0,Charge 4
2023-03-06T09:07:17Z,74.0,Charge 4
2023-03-06T09:07:22Z,73.0,Charge 4
2023-03-06T09:07:27Z,72.0,Charge 4
2023-03-06T09:07:42Z,73.0,Charge 4
2023-03-06T09:07:57Z,73.0,Charge 4
2023-03-06T09:08:12Z,73.0,Charge 4
2023-03-06T09:08:22Z,72.0,Charge 4
2023-03-06T09:08:27Z,71.0,Charge 4
2023-03-06T09:08:42Z,71.0,Charge 4
2023-03-06T09:08:57Z,71.0,Charge 4
2023-03-06T09:09:02Z,70.0,Charge 4
2023-03-06T09:09:17Z,70.0,Charge 4
2023-03-06T09:09:22Z,71.0,Charge 4
2023-03-06T09:09:37Z,71.0,Charge 4
2023-03-06T09:09:42Z,72.0,Charge 4
2023-03-06T09:09:57Z,73.0,Charge 4
2023-03-06T09:10:12Z,73.0,Charge 4
2023-03-06T09:10:27Z,74.0,Charge 4
2023-03-06T09:10:32Z,75.0,Charge 4
2023-03-06T09:10:47Z,75.0,Charge 4
2023-03-06T09:10:52Z,74.0,Charge 4
2023-03-06T09:11:07Z,74.0,Charge 4
2023-03-06T09:11:12Z,75.0,Charge 4
2023-03-06T09:11:17Z,77.0,Charge 4
2023-03-06T09:11:22Z,78.0,Charge 4
2023-03-06T09:11:27Z,81.0,Charge 4
2023-03-06T09:11:32Z,83.0,Charge 4
2023-03-06T09:11:37Z,84.0,Charge 4
2023-03-06T09:11:52Z,84.0,Charge 4
2023-03-06T09:11:57Z,85.0,Charge 4
2023-03-06T09:12:12Z,87.0,Charge 4
2023-03-06T09:12:27Z,85.0,Charge 4
2023-03-06T09:12:42Z,85.0,Charge 4
2023-03-06T09:12:57Z,85.0,Charge 4
2023-03-06T09:13:12Z,86.0,Charge 4
2023-03-06T09:13:22Z,88.0,Charge 4
2023-03-06T09:13:37Z,88.0,Charge 4
2023-03-06T09:13:42Z,90.0,Charge 4
2023-03-06T09:13:47Z,92.0,Charge 4
2023-03-06T09:13:52Z,91.0,Charge 4
2023-03-06T09:13:57Z,90.0,Charge 4
2023-03-06T09:14:02Z,89.0,Charge 4
2023-03-06T09:14:17Z,89.0,Charge 4
2023-03-06T09:14:22Z,88.0,Charge 4
2023-03-06T09:14:27Z,89.0,Charge 4
2023-03-06T09:14:32Z,91.0,Charge 4
2023-03-06T09:14:42Z,90.0,Charge 4
2023-03-06T09:14:48Z,88.0,Charge 4
2023-03-06T09:15:03Z,88.0,Charge 4
2023-03-06T09:15:18Z,88.0,Charge 4
2023-03-06T09:15:28Z,87.0,Charge 4
2023-03-06T09:15:33Z,86.0,Charge 4
2023-03-06T09:15:38Z,85.0,Charge 4
2023-03-06T09:15:43Z,84.0,Charge 4
2023-03-06T09:15:48Z,83.0,Charge 4
2023-03-06T09:15:53Z,82.0,Charge 4
2023-03-06T09:16:08Z,82.0,Charge 4
2023-03-06T09:16:23Z,83.0,Charge 4
2023-03-06T09:16:38Z,85.0,Charge 4
2023-03-06T09:16:53Z,87.0,Charge 4
2023-03-06T09:16:58Z,88.0,Charge 4
2023-03-06T09:17:08Z,86.0,Charge 4
2023-03-06T09:17:13Z,85.0,Charge 4
2023-03-06T09:17:18Z,84.0,Charge 4
2023-03-06T09:17:23Z,83.0,Charge 4
2023-03-06T09:17:33Z,82.0,Charge 4
2023-03-06T09:17:48Z,82.0,Charge 4
2023-03-06T09:17:58Z,81.0,Charge 4
2023-03-06T09:18:03Z,79.0,Charge 4
2023-03-06T09:18:18Z,79.0,Charge 4
2023-03-06T09:18:28Z,78.0,Charge 4
2023-03-06T09:18:43Z,78.0,Charge 4
2023-03-06T09:18:48Z,79.0,Charge 4
2023-03-06T09:18:58Z,80.0,Charge 4
2023-03-06T09:19:03Z,80.0,Charge 4
2023-03-06T09:19:08Z,81.0,Charge 4
2023-03-06T09:19:23Z,81.0,Charge 4
2023-03-06T09:19:28Z,82.0,Charge 4
2023-03-06T09:19:33Z,83.0,Charge 4
2023-03-06T09:19:43Z,82.0,Charge 4
2023-03-06T09:19:53Z,83.0,Charge 4
2023-03-06T09:20:03Z,82.0,Charge 4
2023-03-06T09:20:18Z,83.0,Charge 4
2023-03-06T09:20:33Z,81.0,Charge 4
2023-03-06T09:20:38Z,78.0,Charge 4
2023-03-06T09:20:43Z,77.0,Charge 4
2023-03-06T09:20:48Z,76.0,Charge 4
2023-03-06T09:20:53Z,75.0,Charge 4
2023-03-06T09:20:58Z,74.0,Charge 4
2023-03-06T09:21:03Z,73.0,Charge 4
2023-03-06T09:21:13Z,74.0,Charge 4
2023-03-06T09:21:18Z,75.0,Charge 4
2023-03-06T09:21:23Z,76.0,Charge 4
2023-03-06T09:21:33Z,77.0,Charge 4
2023-03-06T09:21:38Z,79.0,Charge 4
2023-03-06T09:21:43Z,81.0,Charge 4
2023-03-06T09:21:53Z,82.0,Charge 4
2023-03-06T09:21:58Z,81.0,Charge 4
2023-03-06T09:22:13Z,81.0,Charge 4
2023-03-06T09:22:18Z,80.0,Charge 4
2023-03-06T09:22:23Z,79.0,Charge 4
2023-03-06T09:22:28Z,79.0,Charge 4
2023-03-06T09:22:38Z,80.0,Charge 4
2023-03-06T09:22:53Z,80.0,Charge 4
2023-03-06T09:22:58Z,79.0,Charge 4
2023-03-06T09:23:08Z,81.0,Charge 4
2023-03-06T09:23:13Z,82.0,Charge 4
2023-03-06T09:23:23Z,83.0,Charge 4
2023-03-06T09:23:38Z,83.0,Charge 4
2023-03-06T09:23:48Z,84.0,Charge 4
2023-03-06T09:23:58Z,83.0,Charge 4
2023-03-06T09:24:08Z,84.0,Charge 4
2023-03-06T09:24:18Z,85.0,Charge 4
2023-03-06T09:24:23Z,84.0,Charge 4
2023-03-06T09:24:28Z,86.0,Charge 4
2023-03-06T09:24:38Z,85.0,Charge 4
2023-03-06T09:24:43Z,86.0,Charge 4
2023-03-06T09:24:53Z,84.0,Charge 4
2023-03-06T09:24:58Z,83.0,Charge 4
2023-03-06T09:25:08Z,82.0,Charge 4
2023-03-06T09:25:13Z,81.0,Charge 4
2023-03-06T09:25:23Z,80.0,Charge 4
2023-03-06T09:25:33Z,82.0,Charge 4
2023-03-06T09:25:38Z,85.0,Charge 4
2023-03-06T09:25:43Z,86.0,Charge 4
2023-03-06T09:25:48Z,88.0,Charge 4
2023-03-06T09:25:53Z,90.0,Charge 4
2023-03-06T09:25:58Z,93.0,Charge 4
2023-03-06T09:26:03Z,95.0,Charge 4
2023-03-06T09:26:08Z,96.0,Charge 4
2023-03-06T09:26:13Z,95.0,Charge 4
2023-03-06T09:26:18Z,94.0,Charge 4
2023-03-06T09:26:23Z,92.0,Charge 4
2023-03-06T09:26:33Z,93.0,Charge 4
2023-03-06T09:26:43Z,92.0,Charge 4
2023-03-06T09:26:58Z,93.0,Charge 4
2023-03-06T09:27:03Z,92.0,Charge 4
2023-03-06T09:27:08Z,93.0,Charge 4
2023-03-06T09:27:18Z,92.0,Charge 4
2023-03-06T09:27:23Z,93.0,Charge 4
2023-03-06T09:27:28Z,91.0,Charge 4
2023-03-06T09:27:33Z,89.0,Charge 4
2023-03-06T09:27:38Z,86.0,Charge 4
2023-03-06T09:27:48Z,87.0,Charge 4
2023-03-06T09:27:53Z,89.0,Charge 4
2023-03-06T09:28:08Z,90.0,Charge 4
2023-03-06T09:28:13Z,91.0,Charge 4
2023-03-06T09:28:18Z,92.0,Charge 4
2023-03-06T09:28:33Z,92.0,Charge 4
2023-03-06T09:28:38Z,90.0,Charge 4
2023-03-06T09:28:53Z,90.0,Charge 4
2023-03-06T09:28:58Z,92.0,Charge 4
2023-03-06T09:29:08Z,91.0,Charge 4
2023-03-06T09:29:13Z,94.0,Charge 4
2023-03-06T09:29:18Z,98.0,Charge 4
2023-03-06T09:29:24Z,99.0,Charge 4
2023-03-06T09:29:34Z,105.0,Charge 4
2023-03-06T09:29:39Z,108.0,Charge 4
2023-03-06T09:29:49Z,106.0,Charge 4
2023-03-06T09:29:54Z,104.0,Charge 4
2023-03-06T09:29:59Z,101.0,Charge 4
2023-03-06T09:30:14Z,101.0,Charge 4
2023-03-06T09:30:19Z,99.0,Charge 4
2023-03-06T09:30:24Z,100.0,Charge 4
2023-03-06T09:30:29Z,99.0,Charge 4
2023-03-06T09:30:34Z,103.0,Charge 4
2023-03-06T09:30:39Z,99.0,Charge 4
2023-03-06T09:30:44Z,96.0,Charge 4
2023-03-06T09:30:54Z,96.0,Charge 4
2023-03-06T09:30:59Z,97.0,Charge 4
2023-03-06T09:31:04Z,100.0,Charge 4
2023-03-06T09:31:09Z,102.0,Charge 4
2023-03-06T09:31:14Z,103.0,Charge 4
2023-03-06T09:31:19Z,109.0,Charge 4
2023-03-06T09:31:24Z,113.0,Charge 4
2023-03-06T09:31:29Z,115.0,Charge 4
2023-03-06T09:31:34Z,111.0,Charge 4
2023-03-06T09:31:39Z,109.0,Charge 4
2023-03-06T09:31:44Z,105.0,Charge 4
2023-03-06T09:31:49Z,103.0,Charge 4
2023-03-06T09:31:54Z,102.0,Charge 4
2023-03-06T09:31:59Z,102.0,Charge 4
2023-03-06T09:32:14Z,102.0,Charge 4
2023-03-06T09:32:19Z,104.0,Charge 4
2023-03-06T09:32:24Z,106.0,Charge 4
2023-03-06T09:32:29Z,104.0,Charge 4
2023-03-06T09:32:34Z,101.0,Charge 4
2023-03-06T09:32:39Z,99.0,Charge 4
2023-03-06T09:32:44Z,97.0,Charge 4
2023-03-06T09:32:49Z,98.0,Charge 4
2023-03-06T09:32:54Z,99.0,Charge 4
2023-03-06T09:32:59Z,101.0,Charge 4
2023-03-06T09:33:09Z,102.0,Charge 4
2023-03-06T09:33:19Z,104.0,Charge 4
2023-03-06T09:33:24Z,108.0,Charge 4
2023-03-06T09:33:29Z,109.0,Charge 4
2023-03-06T09:33:39Z,107.0,Charge 4
2023-03-06T09:33:44Z,106.0,Charge 4
2023-03-06T09:33:49Z,108.0,Charge 4
2023-03-06T09:33:54Z,109.0,Charge 4
2023-03-06T09:33:59Z,110.0,Charge 4
2023-03-06T09:34:04Z,108.0,Charge 4
2023-03-06T09:34:09Z,106.0,Charge 4
2023-03-06T09:34:14Z,109.0,Charge 4
2023-03-06T09:34:19Z,111.0,Charge 4
2023-03-06T09:34:24Z,110.0,Charge 4
2023-03-06T09:34:29Z,109.0,Charge 4
2023-03-06T09:34:44Z,110.0,Charge 4
2023-03-06T09:34:49Z,110.0,Charge 4
2023-03-06T09:34:54Z,109.0,Charge 4
2023-03-06T09:35:04Z,108.0,Charge 4
2023-03-06T09:35:09Z,106.0,Charge 4
2023-03-06T09:35:11Z,105.0,Charge 4
2023-03-06T09:35:14Z,105.0,Charge 4
2023-03-06T09:35:17Z,103.0,Charge 4
2023-03-06T09:35:20Z,103.0,Charge 4
2023-03-06T09:35:22Z,104.0,Charge 4
2023-03-06T09:35:25Z,104.0,Charge 4
2023-03-06T09:35:27Z,105.0,Charge 4
2023-03-06T09:35:30Z,105.0,Charge 4
2023-03-06T09:35:32Z,101.0,Charge 4
2023-03-06T09:35:35Z,101.0,Charge 4
2023-03-06T09:35:37Z,103.0,Charge 4
2023-03-06T09:35:40Z,103.0,Charge 4
2023-03-06T09:35:43Z,103.0,Charge 4
2023-03-06T09:35:46Z,103.0,Charge 4
2023-03-06T09:35:47Z,104.0,Charge 4
2023-03-06T09:35:50Z,104.0,Charge 4
2023-03-06T09:35:52Z,105.0,Charge 4
2023-03-06T09:35:55Z,105.0,Charge 4
2023-03-06T09:35:57Z,106.0,Charge 4
2023-03-06T09:36:00Z,106.0,Charge 4
2023-03-06T09:36:02Z,105.0,Charge 4
2023-03-06T09:36:05Z,105.0,Charge 4
2023-03-06T09:36:07Z,104.0,Charge 4
2023-03-06T09:36:10Z,104.0,Charge 4
2023-03-06T09:36:12Z,105.0,Charge 4
2023-03-06T09:36:15Z,105.0,Charge 4
2023-03-06T09:36:18Z,105.0,Charge 4
2023-03-06T09:36:19Z,105.0,Charge 4
2023-03-06T09:36:22Z,104.0,Charge 4
2023-03-06T09:36:25Z,104.0,Charge 4
2023-03-06T09:36:28Z,104.0,Charge 4
2023-03-06T09:36:31Z,104.0,Charge 4
2023-03-06T09:36:32Z,105.0,Charge 4
2023-03-06T09:36:35Z,105.0,Charge 4
2023-03-06T09:36:37Z,101.0,Charge 4
2023-03-06T09:36:40Z,101.0,Charge 4
2023-03-06T09:36:43Z,100.0,Charge 4
2023-03-06T09:36:46Z,100.0,Charge 4
2023-03-06T09:36:47Z,102.0,Charge 4
2023-03-06T09:36:50Z,102.0,Charge 4
2023-03-06T09:36:52Z,104.0,Charge 4
2023-03-06T09:36:55Z,104.0,Charge 4
2023-03-06T09:36:58Z,104.0,Charge 4
2023-03-06T09:37:01Z,104.0,Charge 4
2023-03-06T09:37:02Z,102.0,Charge 4
2023-03-06T09:37:05Z,102.0,Charge 4
2023-03-06T09:37:07Z,103.0,Charge 4
2023-03-06T09:37:10Z,103.0,Charge 4
2023-03-06T09:37:12Z,104.0,Charge 4
2023-03-06T09:37:15Z,104.0,Charge 4
2023-03-06T09:37:16Z,103.0,Charge 4
2023-03-06T09:37:17Z,104.0,Charge 4
2023-03-06T09:37:20Z,104.0,Charge 4
2023-03-06T09:37:22Z,103.0,Charge 4
2023-03-06T09:37:23Z,103.0,Charge 4
2023-03-06T09:37:29Z,101.0,Charge 4
2023-03-06T09:37:39Z,102.0,Charge 4
2023-03-06T09:37:49Z,103.0,Charge 4
2023-03-06T09:37:54Z,104.0,Charge 4
2023-03-06T09:37:59Z,103.0,Charge 4
2023-03-06T09:38:14Z,103.0,Charge 4
2023-03-06T09:38:24Z,105.0,Charge 4
2023-03-06T09:38:29Z,108.0,Charge 4
2023-03-06T09:38:34Z,118.0,Charge 4
2023-03-06T09:38:39Z,122.0,Charge 4
2023-03-06T09:38:44Z,126.0,Charge 4
2023-03-06T09:38:49Z,127.0,Charge 4
2023-03-06T09:38:54Z,128.0,Charge 4
2023-03-06T09:38:59Z,127.0,Charge 4
2023-03-06T09:39:04Z,120.0,Charge 4
2023-03-06T09:39:09Z,114.0,Charge 4
2023-03-06T09:39:14Z,111.0,Charge 4
2023-03-06T09:39:19Z,109.0,Charge 4
2023-03-06T09:39:24Z,107.0,Charge 4
2023-03-06T09:39:29Z,106.0,Charge 4
2023-03-06T09:39:34Z,104.0,Charge 4
2023-03-06T09:39:39Z,103.0,Charge 4
2023-03-06T09:39:49Z,104.0,Charge 4
2023-03-06T09:39:54Z,106.0,Charge 4
2023-03-06T09:39:59Z,107.0,Charge 4
2023-03-06T09:40:09Z,109.0,Charge 4
2023-03-06T09:40:14Z,108.0,Charge 4
2023-03-06T09:40:19Z,109.0,Charge 4
2023-03-06T09:40:24Z,108.0,Charge 4
2023-03-06T09:40:29Z,107.0,Charge 4
2023-03-06T09:40:34Z,105.0,Charge 4
2023-03-06T09:40:44Z,109.0,Charge 4
2023-03-06T09:40:49Z,108.0,Charge 4
2023-03-06T09:40:54Z,107.0,Charge 4
2023-03-06T09:40:59Z,106.0,Charge 4
2023-03-06T09:41:04Z,104.0,Charge 4
2023-03-06T09:41:19Z,103.0,Charge 4
2023-03-06T09:41:24Z,99.0,Charge 4
2023-03-06T09:41:29Z,94.0,Charge 4
2023-03-06T09:41:39Z,97.0,Charge 4
2023-03-06T09:41:44Z,99.0,Charge 4
2023-03-06T09:41:54Z,100.0,Charge 4
2023-03-06T09:41:59Z,98.0,Charge 4
2023-03-06T09:42:04Z,94.0,Charge 4
2023-03-06T09:42:09Z,88.0,Charge 4
2023-03-06T09:42:14Z,84.0,Charge 4
2023-03-06T09:42:29Z,84.0,Charge 4
2023-03-06T09:42:34Z,85.0,Charge 4
2023-03-06T09:42:44Z,89.0,Charge 4
2023-03-06T09:42:49Z,93.0,Charge 4
2023-03-06T09:42:54Z,95.0,Charge 4
2023-03-06T09:43:09Z,96.0,Charge 4
2023-03-06T09:43:19Z,98.0,Charge 4
2023-03-06T09:43:24Z,98.0,Charge 4
2023-03-06T09:43:34Z,99.0,Charge 4
2023-03-06T09:43:39Z,100.0,Charge 4
2023-03-06T09:43:49Z,98.0,Charge 4
2023-03-06T09:43:59Z,97.0,Charge 4
2023-03-06T09:44:04Z,96.0,Charge 4
2023-03-06T09:44:09Z,94.0,Charge 4
2023-03-06T09:44:14Z,89.0,Charge 4
2023-03-06T09:44:19Z,85.0,Charge 4
2023-03-06T09:44:29Z,87.0,Charge 4
2023-03-06T09:44:34Z,88.0,Charge 4
2023-03-06T09:44:39Z,90.0,Charge 4
2023-03-06T09:44:44Z,91.0,Charge 4
2023-03-06T09:44:49Z,92.0,Charge 4
2023-03-06T09:44:54Z,90.0,Charge 4
2023-03-06T09:45:04Z,92.0,Charge 4
2023-03-06T09:45:09Z,93.0,Charge 4
2023-03-06T09:45:14Z,92.0,Charge 4
2023-03-06T09:45:29Z,92.0,Charge 4
2023-03-06T09:45:34Z,90.0,Charge 4
2023-03-06T09:45:39Z,88.0,Charge 4
2023-03-06T09:45:44Z,87.0,Charge 4
2023-03-06T09:45:49Z,84.0,Charge 4
2023-03-06T09:45:54Z,82.0,Charge 4
2023-03-06T09:45:59Z,84.0,Charge 4
2023-03-06T09:46:04Z,87.0,Charge 4
2023-03-06T09:46:09Z,87.0,Charge 4
2023-03-06T09:46:14Z,86.0,Charge 4
2023-03-06T09:46:19Z,87.0,Charge 4
2023-03-06T09:46:24Z,89.0,Charge 4
2023-03-06T09:46:29Z,86.0,Charge 4
2023-03-06T09:46:34Z,85.0,Charge 4
2023-03-06T09:46:39Z,87.0,Charge 4
2023-03-06T09:46:44Z,90.0,Charge 4
2023-03-06T09:46:49Z,91.0,Charge 4
2023-03-06T09:46:59Z,92.0,Charge 4
2023-03-06T09:47:04Z,93.0,Charge 4
2023-03-06T09:47:14Z,94.0,Charge 4
2023-03-06T09:47:29Z,94.0,Charge 4
2023-03-06T09:47:34Z,93.0,Charge 4
2023-03-06T09:47:39Z,92.0,Charge 4
2023-03-06T09:47:44Z,91.0,Charge 4
2023-03-06T09:47:54Z,90.0,Charge 4
2023-03-06T09:47:59Z,87.0,Charge 4
2023-03-06T09:48:04Z,88.0,Charge 4
2023-03-06T09:48:14Z,86.0,Charge 4
2023-03-06T09:48:19Z,87.0,Charge 4
2023-03-06T09:48:24Z,89.0,Charge 4
2023-03-06T09:48:29Z,90.0,Charge 4
2023-03-06T09:48:34Z,91.0,Charge 4
2023-03-06T09:48:39Z,92.0,Charge 4
2023-03-06T09:48:49Z,91.0,Charge 4
2023-03-06T09:48:54Z,90.0,Charge 4
2023-03-06T09:49:04Z,88.0,Charge 4
2023-03-06T09:49:10Z,85.0,Charge 4
2023-03-06T09:49:20Z,87.0,Charge 4
2023-03-06T09:49:25Z,85.0,Charge 4
2023-03-06T09:49:30Z,86.0,Charge 4
2023-03-06T09:49:35Z,87.0,Charge 4
2023-03-06T09:49:40Z,88.0,Charge 4
2023-03-06T09:49:50Z,88.0,Charge 4
2023-03-06T09:49:55Z,89.0,Charge 4
2023-03-06T09:50:00Z,90.0,Charge 4
2023-03-06T09:50:10Z,89.0,Charge 4
2023-03-06T09:50:15Z,90.0,Charge 4
2023-03-06T09:50:30Z,87.0,Charge 4
2023-03-06T09:50:35Z,84.0,Charge 4
2023-03-06T09:50:45Z,87.0,Charge 4
2023-03-06T09:50:50Z,88.0,Charge 4
2023-03-06T09:50:55Z,89.0,Charge 4
2023-03-06T09:51:00Z,90.0,Charge 4
2023-03-06T09:51:15Z,89.0,Charge 4
2023-03-06T09:51:25Z,91.0,Charge 4
2023-03-06T09:51:30Z,92.0,Charge 4
2023-03-06T09:51:35Z,91.0,Charge 4
2023-03-06T09:51:40Z,90.0,Charge 4
2023-03-06T09:51:50Z,89.0,Charge 4
2023-03-06T09:51:55Z,88.0,Charge 4
2023-03-06T09:52:05Z,89.0,Charge 4
2023-03-06T09:52:15Z,86.0,Charge 4
2023-03-06T09:52:20Z,83.0,Charge 4
2023-03-06T09:52:25Z,82.0,Charge 4
2023-03-06T09:52:30Z,84.0,Charge 4
2023-03-06T09:52:35Z,85.0,Charge 4
2023-03-06T09:52:50Z,85.0,Charge 4
2023-03-06T09:53:05Z,86.0,Charge 4
2023-03-06T09:53:10Z,87.0,Charge 4
2023-03-06T09:53:20Z,89.0,Charge 4
2023-03-06T09:53:25Z,90.0,Charge 4
2023-03-06T09:53:30Z,91.0,Charge 4
2023-03-06T09:53:35Z,92.0,Charge 4
2023-03-06T09:53:40Z,93.0,Charge 4
2023-03-06T09:53:50Z,94.0,Charge 4
2023-03-06T09:54:00Z,93.0,Charge 4
2023-03-06T09:54:05Z,91.0,Charge 4
2023-03-06T09:54:20Z,90.0,Charge 4
2023-03-06T09:54:25Z,89.0,Charge 4
2023-03-06T09:54:35Z,88.0,Charge 4
2023-03-06T09:54:40Z,86.0,Charge 4
2023-03-06T09:54:45Z,85.0,Charge 4
2023-03-06T09:54:50Z,83.0,Charge 4
2023-03-06T09:54:55Z,82.0,Charge 4
2023-03-06T09:55:00Z,81.0,Charge 4
2023-03-06T09:55:05Z,81.0,Charge 4
2023-03-06T09:55:10Z,82.0,Charge 4
2023-03-06T09:55:15Z,81.0,Charge 4
2023-03-06T09:55:20Z,81.0,Charge 4
2023-03-06T09:55:25Z,82.0,Charge 4
2023-03-06T09:55:30Z,83.0,Charge 4
2023-03-06T09:55:45Z,83.0,Charge 4
2023-03-06T09:55:50Z,82.0,Charge 4
2023-03-06T09:56:05Z,82.0,Charge 4
2023-03-06T09:56:20Z,81.0,Charge 4
2023-03-06T09:56:25Z,79.0,Charge 4
2023-03-06T09:56:35Z,80.0,Charge 4
2023-03-06T09:56:50Z,80.0,Charge 4
2023-03-06T09:57:05Z,80.0,Charge 4
2023-03-06T09:57:20Z,80.0,Charge 4
2023-03-06T09:57:30Z,80.0,Charge 4
2023-03-06T09:57:35Z,79.0,Charge 4
2023-03-06T09:57:40Z,78.0,Charge 4
2023-03-06T09:57:55Z,77.0,Charge 4
2023-03-06T09:58:05Z,80.0,Charge 4
2023-03-06T09:58:20Z,81.0,Charge 4
2023-03-06T09:58:35Z,80.0,Charge 4
2023-03-06T09:58:40Z,78.0,Charge 4
2023-03-06T09:58:45Z,79.0,Charge 4
2023-03-06T09:58:50Z,80.0,Charge 4
2023-03-06T09:58:55Z,81.0,Charge 4
2023-03-06T09:59:10Z,81.0,Charge 4
2023-03-06T09:59:20Z,82.0,Charge 4
2023-03-06T09:59:25Z,81.0,Charge 4
2023-03-06T09:59:30Z,80.0,Charge 4
2023-03-06T09:59:35Z,80.0,Charge 4
2023-03-06T09:59:50Z,79.0,Charge 4
2023-03-06T09:59:55Z,79.0,Charge 4
2023-03-06T10:00:05Z,79.0,Charge 4
2023-03-06T10:00:10Z,78.0,Charge 4
2023-03-06T10:00:15Z,77.0,Charge 4
2023-03-06T10:00:20Z,77.0,Charge 4
2023-03-06T10:00:25Z,76.0,Charge 4
2023-03-06T10:00:30Z,76.0,Charge 4
2023-03-06T10:00:45Z,77.0,Charge 4
2023-03-06T10:00:50Z,78.0,Charge 4
2023-03-06T10:01:00Z,79.0,Charge 4
2023-03-06T10:01:15Z,79.0,Charge 4
2023-03-06T10:01:20Z,78.0,Charge 4
2023-03-06T10:01:25Z,76.0,Charge 4
2023-03-06T10:01:30Z,75.0,Charge 4
2023-03-06T10:01:45Z,76.0,Charge 4
2023-03-06T10:01:50Z,75.0,Charge 4
2023-03-06T10:02:05Z,75.0,Charge 4
2023-03-06T10:02:10Z,76.0,Charge 4
2023-03-06T10:02:15Z,77.0,Charge 4
2023-03-06T10:02:20Z,77.0,Charge 4
2023-03-06T10:02:25Z,78.0,Charge 4
2023-03-06T10:02:35Z,79.0,Charge 4
2023-03-06T10:02:40Z,80.0,Charge 4
2023-03-06T10:02:45Z,79.0,Charge 4
2023-03-06T10:02:50Z,78.0,Charge 4
2023-03-06T10:02:55Z,78.0,Charge 4
2023-03-06T10:03:05Z,77.0,Charge 4
2023-03-06T10:03:10Z,77.0,Charge 4
2023-03-06T10:03:15Z,79.0,Charge 4
2023-03-06T10:03:30Z,79.0,Charge 4
2023-03-06T10:03:35Z,79.0,Charge 4
2023-03-06T10:03:40Z,79.0,Charge 4
2023-03-06T10:03:45Z,79.0,Charge 4
2023-03-06T10:03:50Z,80.0,Charge 4
2023-03-06T10:03:55Z,79.0,Charge 4
2023-03-06T10:04:05Z,79.0,Charge 4
2023-03-06T10:04:10Z,79.0,Charge 4
2023-03-06T10:04:15Z,77.0,Charge 4
2023-03-06T10:04:20Z,75.0,Charge 4
2023-03-06T10:04:25Z,74.0,Charge 4
2023-03-06T10:04:35Z,73.0,Charge 4
2023-03-06T10:04:40Z,72.0,Charge 4
2023-03-06T10:04:50Z,72.0,Charge 4
2023-03-06T10:05:00Z,73.0,Charge 4
2023-03-06T10:05:10Z,74.0,Charge 4
2023-03-06T10:05:15Z,75.0,Charge 4
2023-03-06T10:05:25Z,74.0,Charge 4
2023-03-06T10:05:30Z,73.0,Charge 4
2023-03-06T10:05:35Z,74.0,Charge 4
2023-03-06T10:05:40Z,75.0,Charge 4
2023-03-06T10:05:55Z,75.0,Charge 4
2023-03-06T10:06:05Z,75.0,Charge 4
2023-03-06T10:06:10Z,76.0,Charge 4
2023-03-06T10:06:20Z,75.0,Charge 4
2023-03-06T10:06:26Z,75.0,Charge 4
2023-03-06T10:06:31Z,75.0,Charge 4
2023-03-06T10:06:46Z,76.0,Charge 4
2023-03-06T10:06:51Z,77.0,Charge 4
2023-03-06T10:07:06Z,78.0,Charge 4
2023-03-06T10:07:11Z,79.0,Charge 4
2023-03-06T10:07:16Z,78.0,Charge 4
2023-03-06T10:07:26Z,77.0,Charge 4
2023-03-06T10:07:36Z,78.0,Charge 4
2023-03-06T10:07:41Z,77.0,Charge 4
2023-03-06T10:07:51Z,77.0,Charge 4
2023-03-06T10:07:56Z,76.0,Charge 4
2023-03-06T10:08:01Z,75.0,Charge 4
2023-03-06T10:08:06Z,75.0,Charge 4
2023-03-06T10:08:21Z,75.0,Charge 4
2023-03-06T10:08:26Z,74.0,Charge 4
2023-03-06T10:08:31Z,75.0,Charge 4
2023-03-06T10:08:41Z,76.0,Charge 4
2023-03-06T10:08:46Z,77.0,Charge 4
2023-03-06T10:09:01Z,77.0,Charge 4
2023-03-06T10:09:16Z,77.0,Charge 4
2023-03-06T10:09:26Z,78.0,Charge 4
2023-03-06T10:09:36Z,82.0,Charge 4
2023-03-06T10:09:41Z,86.0,Charge 4
2023-03-06T10:09:46Z,92.0,Charge 4
2023-03-06T10:09:51Z,93.0,Charge 4
2023-03-06T10:09:56Z,92.0,Charge 4
2023-03-06T10:10:01Z,92.0,Charge 4
2023-03-06T10:10:06Z,91.0,Charge 4
2023-03-06T10:10:11Z,92.0,Charge 4
2023-03-06T10:10:26Z,92.0,Charge 4
2023-03-06T10:10:31Z,91.0,Charge 4
2023-03-06T10:10:36Z,92.0,Charge 4
2023-03-06T10:10:41Z,91.0,Charge 4
2023-03-06T10:10:46Z,90.0,Charge 4
2023-03-06T10:10:51Z,89.0,Charge 4
2023-03-06T10:10:56Z,88.0,Charge 4
2023-03-06T10:11:06Z,87.0,Charge 4
2023-03-06T10:11:16Z,86.0,Charge 4
2023-03-06T10:11:21Z,84.0,Charge 4
2023-03-06T10:11:31Z,83.0,Charge 4
2023-03-06T10:11:41Z,82.0,Charge 4
2023-03-06T10:11:56Z,81.0,Charge 4
2023-03-06T10:12:11Z,81.0,Charge 4
2023-03-06T10:12:16Z,80.0,Charge 4
2023-03-06T10:12:26Z,81.0,Charge 4
2023-03-06T10:12:41Z,81.0,Charge 4
2023-03-06T10:12:46Z,82.0,Charge 4
2023-03-06T10:12:56Z,83.0,Charge 4
2023-03-06T10:13:01Z,82.0,Charge 4
2023-03-06T10:13:16Z,82.0,Charge 4
2023-03-06T10:13:31Z,82.0,Charge 4
2023-03-06T10:13:41Z,81.0,Charge 4
2023-03-06T10:13:56Z,83.0,Charge 4
2023-03-06T10:14:01Z,84.0,Charge 4
2023-03-06T10:14:06Z,83.0,Charge 4
2023-03-06T10:14:16Z,82.0,Charge 4
2023-03-06T10:14:26Z,81.0,Charge 4
2023-03-06T10:14:36Z,82.0,Charge 4
2023-03-06T10:14:46Z,81.0,Charge 4
2023-03-06T10:15:01Z,82.0,Charge 4
2023-03-06T10:15:11Z,81.0,Charge 4
2023-03-06T10:15:26Z,81.0,Charge 4
2023-03-06T10:15:31Z,82.0,Charge 4
2023-03-06T10:15:41Z,81.0,Charge 4
2023-03-06T10:15:51Z,82.0,Charge 4
2023-03-06T10:16:01Z,81.0,Charge 4
2023-03-06T10:16:16Z,82.0,Charge 4
2023-03-06T10:16:26Z,81.0,Charge 4
2023-03-06T10:16:31Z,82.0,Charge 4
2023-03-06T10:16:46Z,82.0,Charge 4
2023-03-06T10:17:01Z,82.0,Charge 4
2023-03-06T10:17:16Z,82.0,Charge 4
2023-03-06T10:17:26Z,83.0,Charge 4
2023-03-06T10:17:41Z,82.0,Charge 4
2023-03-06T10:17:56Z,82.0,Charge 4
2023-03-06T10:18:01Z,83.0,Charge 4
2023-03-06T10:18:16Z,82.0,Charge 4
2023-03-06T10:18:26Z,84.0,Charge 4
2023-03-06T10:18:31Z,85.0,Charge 4
2023-03-06T10:18:41Z,84.0,Charge 4
2023-03-06T10:18:46Z,80.0,Charge 4
2023-03-06T10:19:01Z,80.0,Charge 4
2023-03-06T10:19:16Z,79.0,Charge 4
2023-03-06T10:19:26Z,78.0,Charge 4
2023-03-06T10:19:31Z,77.0,Charge 4
2023-03-06T10:19:41Z,76.0,Charge 4
2023-03-06T10:19:56Z,76.0,Charge 4
2023-03-06T10:20:01Z,77.0,Charge 4
2023-03-06T10:20:06Z,78.0,Charge 4
2023-03-06T10:20:11Z,79.0,Charge 4
2023-03-06T10:20:26Z,79.0,Charge 4
2023-03-06T10:20:41Z,79.0,Charge 4
2023-03-06T10:20:46Z,81.0,Charge 4
2023-03-06T10:20:56Z,80.0,Charge 4
2023-03-06T10:21:06Z,79.0,Charge 4
2023-03-06T10:21:21Z,79.0,Charge 4
2023-03-06T10:21:36Z,80.0,Charge 4
2023-03-06T10:21:41Z,80.0,Charge 4
2023-03-06T10:21:51Z,81.0,Charge 4
2023-03-06T10:21:56Z,82.0,Charge 4
2023-03-06T10:22:01Z,84.0,Charge 4
2023-03-06T10:22:11Z,85.0,Charge 4
2023-03-06T10:22:21Z,86.0,Charge 4
2023-03-06T10:22:26Z,88.0,Charge 4
2023-03-06T10:22:32Z,88.0,Charge 4
2023-03-06T10:22:37Z,85.0,Charge 4
2023-03-06T10:22:42Z,83.0,Charge 4
2023-03-06T10:22:47Z,82.0,Charge 4
2023-03-06T10:23:02Z,82.0,Charge 4
2023-03-06T10:23:12Z,81.0,Charge 4
2023-03-06T10:23:17Z,79.0,Charge 4
2023-03-06T10:23:22Z,79.0,Charge 4
2023-03-06T10:23:37Z,79.0,Charge 4
2023-03-06T10:23:42Z,78.0,Charge 4
2023-03-06T10:23:47Z,79.0,Charge 4
2023-03-06T10:23:52Z,81.0,Charge 4
2023-03-06T10:23:57Z,82.0,Charge 4
2023-03-06T10:24:07Z,81.0,Charge 4
2023-03-06T10:24:12Z,80.0,Charge 4
2023-03-06T10:24:17Z,79.0,Charge 4
2023-03-06T10:24:27Z,78.0,Charge 4
2023-03-06T10:24:42Z,78.0,Charge 4
2023-03-06T10:24:52Z,77.0,Charge 4
2023-03-06T10:25:07Z,78.0,Charge 4
2023-03-06T10:25:17Z,79.0,Charge 4
2023-03-06T10:25:22Z,81.0,Charge 4
2023-03-06T10:25:37Z,80.0,Charge 4
2023-03-06T10:25:42Z,81.0,Charge 4
2023-03-06T10:25:52Z,82.0,Charge 4
2023-03-06T10:25:57Z,81.0,Charge 4
2023-03-06T10:26:07Z,80.0,Charge 4
2023-03-06T10:26:12Z,80.0,Charge 4
2023-03-06T10:26:17Z,82.0,Charge 4
2023-03-06T10:26:32Z,82.0,Charge 4
2023-03-06T10:26:42Z,83.0,Charge 4
2023-03-06T10:26:52Z,82.0,Charge 4
2023-03-06T10:26:57Z,81.0,Charge 4
2023-03-06T10:27:12Z,83.0,Charge 4
2023-03-06T10:27:17Z,84.0,Charge 4
2023-03-06T10:27:22Z,88.0,Charge 4
2023-03-06T10:27:27Z,89.0,Charge 4
2023-03-06T10:27:32Z,88.0,Charge 4
2023-03-06T10:27:42Z,89.0,Charge 4
2023-03-06T10:27:47Z,90.0,Charge 4
2023-03-06T10:27:52Z,92.0,Charge 4
2023-03-06T10:27:57Z,91.0,Charge 4
2023-03-06T10:28:02Z,90.0,Charge 4
2023-03-06T10:28:17Z,90.0,Charge 4
2023-03-06T10:28:22Z,91.0,Charge 4
2023-03-06T10:28:27Z,90.0,Charge 4
2023-03-06T10:28:32Z,89.0,Charge 4
2023-03-06T10:28:37Z,82.0,Charge 4
2023-03-06T10:28:42Z,80.0,Charge 4
2023-03-06T10:28:52Z,81.0,Charge 4
2023-03-06T10:28:57Z,79.0,Charge 4
2023-03-06T10:29:02Z,77.0,Charge 4
2023-03-06T10:29:17Z,77.0,Charge 4
2023-03-06T10:29:22Z,78.0,Charge 4
2023-03-06T10:29:27Z,79.0,Charge 4
2023-03-06T10:29:32Z,81.0,Charge 4
2023-03-06T10:29:37Z,82.0,Charge 4
2023-03-06T10:29:42Z,88.0,Charge 4
2023-03-06T10:29:47Z,89.0,Charge 4
2023-03-06T10:29:52Z,90.0,Charge 4
2023-03-06T10:30:02Z,89.0,Charge 4
2023-03-06T10:30:07Z,90.0,Charge 4
2023-03-06T10:30:12Z,91.0,Charge 4
2023-03-06T10:30:22Z,89.0,Charge 4
2023-03-06T10:30:27Z,84.0,Charge 4
2023-03-06T10:30:32Z,81.0,Charge 4
2023-03-06T10:30:42Z,80.0,Charge 4
2023-03-06T10:30:47Z,79.0,Charge 4
2023-03-06T10:30:52Z,77.0,Charge 4
2023-03-06T10:31:02Z,76.0,Charge 4
2023-03-06T10:31:12Z,77.0,Charge 4
2023-03-06T10:31:17Z,77.0,Charge 4
2023-03-06T10:31:32Z,79.0,Charge 4
2023-03-06T10:31:37Z,80.0,Charge 4
2023-03-06T10:31:42Z,78.0,Charge 4
2023-03-06T10:31:47Z,76.0,Charge 4
2023-03-06T10:31:57Z,75.0,Charge 4
2023-03-06T10:32:02Z,73.0,Charge 4
2023-03-06T10:32:12Z,73.0,Charge 4
2023-03-06T10:32:22Z,74.0,Charge 4
2023-03-06T10:32:27Z,75.0,Charge 4
2023-03-06T10:32:32Z,76.0,Charge 4
2023-03-06T10:32:37Z,77.0,Charge 4
2023-03-06T10:32:42Z,79.0,Charge 4
2023-03-06T10:32:47Z,81.0,Charge 4
2023-03-06T10:33:02Z,83.0,Charge 4
2023-03-06T10:33:07Z,85.0,Charge 4
2023-03-06T10:33:12Z,87.0,Charge 4
2023-03-06T10:33:17Z,89.0,Charge 4
2023-03-06T10:33:22Z,90.0,Charge 4
2023-03-06T10:33:27Z,89.0,Charge 4
2023-03-06T10:33:32Z,88.0,Charge 4
2023-03-06T10:33:47Z,89.0,Charge 4
2023-03-06T10:33:52Z,91.0,Charge 4
2023-03-06T10:33:57Z,92.0,Charge 4
2023-03-06T10:34:07Z,90.0,Charge 4
2023-03-06T10:34:12Z,89.0,Charge 4
2023-03-06T10:34:17Z,88.0,Charge 4
2023-03-06T10:34:22Z,89.0,Charge 4
2023-03-06T10:34:27Z,90.0,Charge 4
2023-03-06T10:34:32Z,91.0,Charge 4
2023-03-06T10:34:47Z,90.0,Charge 4
2023-03-06T10:34:52Z,89.0,Charge 4
2023-03-06T10:34:57Z,90.0,Charge 4
2023-03-06T10:35:02Z,91.0,Charge 4
2023-03-06T10:35:07Z,92.0,Charge 4
2023-03-06T10:35:12Z,93.0,Charge 4
2023-03-06T10:35:17Z,94.0,Charge 4
2023-03-06T10:35:22Z,94.0,Charge 4
2023-03-06T10:35:37Z,94.0,Charge 4
2023-03-06T10:35:47Z,93.0,Charge 4
2023-03-06T10:35:57Z,92.0,Charge 4
2023-03-06T10:36:02Z,91.0,Charge 4
2023-03-06T10:36:12Z,89.0,Charge 4
2023-03-06T10:36:22Z,88.0,Charge 4
2023-03-06T10:36:32Z,90.0,Charge 4
2023-03-06T10:36:37Z,91.0,Charge 4
2023-03-06T10:36:42Z,90.0,Charge 4
2023-03-06T10:36:57Z,90.0,Charge 4
2023-03-06T10:37:02Z,89.0,Charge 4
2023-03-06T10:37:07Z,88.0,Charge 4
2023-03-06T10:37:22Z,90.0,Charge 4
2023-03-06T10:37:32Z,89.0,Charge 4
2023-03-06T10:37:37Z,88.0,Charge 4
2023-03-06T10:37:42Z,87.0,Charge 4
2023-03-06T10:37:57Z,88.0,Charge 4
2023-03-06T10:38:02Z,90.0,Charge 4
2023-03-06T10:38:17Z,90.0,Charge 4
2023-03-06T10:38:27Z,88.0,Charge 4
2023-03-06T10:38:32Z,89.0,Charge 4
2023-03-06T10:38:37Z,91.0,Charge 4
2023-03-06T10:38:42Z,93.0,Charge 4
2023-03-06T10:38:47Z,95.0,Charge 4
2023-03-06T10:38:52Z,97.0,Charge 4
2023-03-06T10:38:58Z,97.0,Charge 4
2023-03-06T10:39:08Z,95.0,Charge 4
2023-03-06T10:39:13Z,92.0,Charge 4
2023-03-06T10:39:23Z,93.0,Charge 4
2023-03-06T10:39:28Z,92.0,Charge 4
2023-03-06T10:39:33Z,90.0,Charge 4
2023-03-06T10:39:38Z,84.0,Charge 4
2023-03-06T10:39:43Z,83.0,Charge 4
2023-03-06T10:39:48Z,82.0,Charge 4
2023-03-06T10:39:53Z,81.0,Charge 4
2023-03-06T10:39:58Z,79.0,Charge 4
2023-03-06T10:40:03Z,78.0,Charge 4
2023-03-06T10:40:08Z,75.0,Charge 4
2023-03-06T10:40:13Z,75.0,Charge 4
2023-03-06T10:40:23Z,76.0,Charge 4
2023-03-06T10:40:38Z,76.0,Charge 4
2023-03-06T10:40:43Z,76.0,Charge 4
2023-03-06T10:40:48Z,76.0,Charge 4
2023-03-06T10:40:53Z,78.0,Charge 4
2023-03-06T10:40:58Z,79.0,Charge 4
2023-03-06T10:41:03Z,80.0,Charge 4
2023-03-06T10:41:08Z,79.0,Charge 4
2023-03-06T10:41:13Z,78.0,Charge 4
2023-03-06T10:41:18Z,77.0,Charge 4
2023-03-06T10:41:33Z,78.0,Charge 4
2023-03-06T10:41:38Z,77.0,Charge 4
2023-03-06T10:41:48Z,78.0,Charge 4
2023-03-06T10:41:53Z,79.0,Charge 4
2023-03-06T10:41:58Z,77.0,Charge 4
2023-03-06T10:42:03Z,75.0,Charge 4
2023-03-06T10:42:08Z,75.0,Charge 4
2023-03-06T10:42:13Z,76.0,Charge 4
2023-03-06T10:42:18Z,77.0,Charge 4
2023-03-06T10:42:33Z,78.0,Charge 4
2023-03-06T10:42:38Z,77.0,Charge 4
2023-03-06T10:42:43Z,76.0,Charge 4
2023-03-06T10:42:48Z,77.0,Charge 4
2023-03-06T10:43:03Z,76.0,Charge 4
2023-03-06T10:43:13Z,77.0,Charge 4
2023-03-06T10:43:23Z,76.0,Charge 4
2023-03-06T10:43:28Z,77.0,Charge 4
2023-03-06T10:43:33Z,76.0,Charge 4
2023-03-06T10:43:38Z,78.0,Charge 4
2023-03-06T10:43:43Z,78.0,Charge 4
2023-03-06T10:43:48Z,75.0,Charge 4
2023-03-06T10:43:58Z,76.0,Charge 4
2023-03-06T10:44:13Z,76.0,Charge 4
2023-03-06T10:44:23Z,75.0,Charge 4
2023-03-06T10:44:38Z,76.0,Charge 4
2023-03-06T10:44:48Z,76.0,Charge 4
2023-03-06T10:44:53Z,75.0,Charge 4
2023-03-06T10:44:58Z,75.0,Charge 4
2023-03-06T10:45:03Z,76.0,Charge 4
2023-03-06T10:45:08Z,77.0,Charge 4
2023-03-06T10:45:13Z,79.0,Charge 4
2023-03-06T10:45:18Z,80.0,Charge 4
2023-03-06T10:45:33Z,79.0,Charge 4
2023-03-06T10:45:48Z,78.0,Charge 4
2023-03-06T10:45:58Z,77.0,Charge 4
2023-03-06T10:46:08Z,76.0,Charge 4
2023-03-06T10:46:13Z,77.0,Charge 4
2023-03-06T10:46:18Z,77.0,Charge 4
2023-03-06T10:46:33Z,77.0,Charge 4
2023-03-06T10:46:48Z,77.0,Charge 4
2023-03-06T10:46:53Z,76.0,Charge 4
2023-03-06T10:46:58Z,76.0,Charge 4
2023-03-06T10:47:03Z,76.0,Charge 4
2023-03-06T10:47:13Z,77.0,Charge 4
2023-03-06T10:47:23Z,79.0,Charge 4
2023-03-06T10:47:28Z,79.0,Charge 4
2023-03-06T10:47:38Z,78.0,Charge 4
2023-03-06T10:47:43Z,76.0,Charge 4
2023-03-06T10:47:48Z,74.0,Charge 4
2023-03-06T10:47:53Z,75.0,Charge 4
2023-03-06T10:47:58Z,74.0,Charge 4
2023-03-06T10:48:03Z,73.0,Charge 4
2023-03-06T10:48:08Z,72.0,Charge 4
2023-03-06T10:48:18Z,73.0,Charge 4
2023-03-06T10:48:23Z,74.0,Charge 4
2023-03-06T10:48:28Z,75.0,Charge 4
2023-03-06T10:48:38Z,76.0,Charge 4
2023-03-06T10:48:43Z,76.0,Charge 4
2023-03-06T10:48:48Z,77.0,Charge 4
2023-03-06T10:48:58Z,76.0,Charge 4
2023-03-06T10:49:13Z,76.0,Charge 4
2023-03-06T10:49:28Z,76.0,Charge 4
2023-03-06T10:49:43Z,76.0,Charge 4
2023-03-06T10:49:48Z,75.0,Charge 4
2023-03-06T10:49:58Z,76.0,Charge 4
2023-03-06T10:50:13Z,76.0,Charge 4
2023-03-06T10:50:28Z,76.0,Charge 4
2023-03-06T10:50:43Z,75.0,Charge 4
2023-03-06T10:50:58Z,76.0,Charge 4
2023-03-06T10:51:13Z,75.0,Charge 4
2023-03-06T10:51:28Z,75.0,Charge 4
2023-03-06T10:51:33Z,74.0,Charge 4
2023-03-06T10:51:48Z,75.0,Charge 4
2023-03-06T10:51:53Z,74.0,Charge 4
2023-03-06T10:51:58Z,74.0,Charge 4
2023-03-06T10:52:03Z,75.0,Charge 4
2023-03-06T10:52:13Z,75.0,Charge 4
2023-03-06T10:52:23Z,76.0,Charge 4
2023-03-06T10:52:38Z,77.0,Charge 4
2023-03-06T10:52:48Z,78.0,Charge 4
2023-03-06T10:53:03Z,78.0,Charge 4
2023-03-06T10:53:08Z,79.0,Charge 4
2023-03-06T10:53:18Z,80.0,Charge 4
2023-03-06T10:53:33Z,82.0,Charge 4
2023-03-06T10:53:38Z,82.0,Charge 4
2023-03-06T10:53:48Z,81.0,Charge 4
2023-03-06T10:53:53Z,77.0,Charge 4
2023-03-06T10:53:58Z,78.0,Charge 4
2023-03-06T10:54:03Z,79.0,Charge 4
2023-03-06T10:54:08Z,80.0,Charge 4
2023-03-06T10:54:13Z,92.0,Charge 4
2023-03-06T10:54:18Z,93.0,Charge 4
2023-03-06T10:54:28Z,94.0,Charge 4
2023-03-06T10:54:38Z,93.0,Charge 4
2023-03-06T10:54:43Z,94.0,Charge 4
2023-03-06T10:54:48Z,95.0,Charge 4
2023-03-06T10:54:53Z,96.0,Charge 4
2023-03-06T10:55:08Z,96.0,Charge 4
2023-03-06T10:55:13Z,95.0,Charge 4
2023-03-06T10:55:28Z,95.0,Charge 4
2023-03-06T10:56:29Z,100.0,Charge 4
2023-03-06T10:56:34Z,95.0,Charge 4
2023-03-06T10:56:39Z,90.0,Charge 4
2023-03-06T10:56:44Z,91.0,Charge 4
2023-03-06T10:56:49Z,95.0,Charge 4
2023-03-06T10:56:54Z,96.0,Charge 4
2023-03-06T10:56:59Z,97.0,Charge 4
2023-03-06T10:57:04Z,101.0,Charge 4
2023-03-06T10:57:09Z,100.0,Charge 4
2023-03-06T10:57:24Z,99.0,Charge 4
2023-03-06T10:57:39Z,102.0,Charge 4
2023-03-06T10:57:44Z,101.0,Charge 4
2023-03-06T10:57:49Z,100.0,Charge 4
2023-03-06T10:57:59Z,104.0,Charge 4
2023-03-06T10:58:04Z,106.0,Charge 4
2023-03-06T10:58:09Z,101.0,Charge 4
2023-03-06T10:58:14Z,98.0,Charge 4
2023-03-06T10:58:19Z,101.0,Charge 4
2023-03-06T10:58:24Z,103.0,Charge 4
2023-03-06T10:58:29Z,102.0,Charge 4
2023-03-06T10:58:34Z,100.0,Charge 4
2023-03-06T10:58:39Z,97.0,Charge 4
2023-03-06T10:58:44Z,99.0,Charge 4
2023-03-06T10:58:49Z,101.0,Charge 4
2023-03-06T10:58:54Z,103.0,Charge 4
2023-03-06T10:59:04Z,104.0,Charge 4
2023-03-06T10:59:09Z,103.0,Charge 4
2023-03-06T10:59:14Z,102.0,Charge 4
2023-03-06T10:59:19Z,99.0,Charge 4
2023-03-06T10:59:24Z,96.0,Charge 4
2023-03-06T10:59:29Z,94.0,Charge 4
2023-03-06T10:59:44Z,94.0,Charge 4
2023-03-06T10:59:49Z,95.0,Charge 4
2023-03-06T11:00:04Z,96.0,Charge 4
2023-03-06T11:00:09Z,98.0,Charge 4
2023-03-06T11:00:19Z,97.0,Charge 4
2023-03-06T11:00:24Z,96.0,Charge 4
2023-03-06T11:00:39Z,95.0,Charge 4
2023-03-06T11:00:44Z,98.0,Charge 4
2023-03-06T11:00:49Z,99.0,Charge 4
2023-03-06T11:00:54Z,97.0,Charge 4
2023-03-06T11:00:59Z,96.0,Charge 4
2023-03-06T11:01:09Z,95.0,Charge 4
2023-03-06T11:01:24Z,97.0,Charge 4
2023-03-06T11:01:34Z,100.0,Charge 4
2023-03-06T11:01:39Z,101.0,Charge 4
2023-03-06T11:01:54Z,100.0,Charge 4
2023-03-06T11:02:04Z,101.0,Charge 4
2023-03-06T11:02:14Z,102.0,Charge 4
2023-03-06T11:02:19Z,99.0,Charge 4
2023-03-06T11:02:29Z,97.0,Charge 4
2023-03-06T11:02:34Z,96.0,Charge 4
2023-03-06T11:02:39Z,97.0,Charge 4
2023-03-06T11:02:44Z,98.0,Charge 4
2023-03-06T11:02:49Z,100.0,Charge 4
2023-03-06T11:02:59Z,99.0,Charge 4
2023-03-06T11:03:04Z,99.0,Charge 4
2023-03-06T11:03:09Z,100.0,Charge 4
2023-03-06T11:03:14Z,99.0,Charge 4
2023-03-06T11:03:24Z,98.0,Charge 4
2023-03-06T11:03:29Z,97.0,Charge 4
2023-03-06T11:03:34Z,95.0,Charge 4
2023-03-06T11:03:39Z,97.0,Charge 4
2023-03-06T11:03:44Z,98.0,Charge 4
2023-03-06T11:03:49Z,97.0,Charge 4
2023-03-06T11:03:59Z,98.0,Charge 4
2023-03-06T11:04:09Z,97.0,Charge 4
2023-03-06T11:04:19Z,97.0,Charge 4
2023-03-06T11:04:24Z,99.0,Charge 4
2023-03-06T11:04:29Z,100.0,Charge 4
2023-03-06T11:04:34Z,102.0,Charge 4
2023-03-06T11:04:39Z,101.0,Charge 4
2023-03-06T11:04:44Z,98.0,Charge 4
2023-03-06T11:04:49Z,95.0,Charge 4
2023-03-06T11:04:54Z,97.0,Charge 4
2023-03-06T11:04:59Z,105.0,Charge 4
2023-03-06T11:05:04Z,106.0,Charge 4
2023-03-06T11:05:19Z,104.0,Charge 4
2023-03-06T11:05:24Z,102.0,Charge 4
2023-03-06T11:05:29Z,101.0,Charge 4
2023-03-06T11:05:34Z,101.0,Charge 4
2023-03-06T11:05:39Z,104.0,Charge 4
2023-03-06T11:05:49Z,103.0,Charge 4
2023-03-06T11:05:54Z,105.0,Charge 4
2023-03-06T11:05:59Z,106.0,Charge 4
2023-03-06T11:06:04Z,108.0,Charge 4
2023-03-06T11:06:09Z,105.0,Charge 4
2023-03-06T11:06:14Z,101.0,Charge 4
2023-03-06T11:06:19Z,100.0,Charge 4
2023-03-06T11:06:24Z,100.0,Charge 4
2023-03-06T11:06:29Z,102.0,Charge 4
2023-03-06T11:06:39Z,103.0,Charge 4
2023-03-06T11:06:44Z,104.0,Charge 4
2023-03-06T11:06:49Z,105.0,Charge 4
2023-03-06T11:06:54Z,106.0,Charge 4
2023-03-06T11:06:59Z,104.0,Charge 4
2023-03-06T11:07:04Z,107.0,Charge 4
2023-03-06T11:07:09Z,111.0,Charge 4
2023-03-06T11:07:14Z,112.0,Charge 4
2023-03-06T11:07:19Z,111.0,Charge 4
2023-03-06T11:07:29Z,112.0,Charge 4
2023-03-06T11:07:34Z,114.0,Charge 4
2023-03-06T11:07:39Z,115.0,Charge 4
2023-03-06T11:07:44Z,114.0,Charge 4
2023-03-06T11:07:59Z,115.0,Charge 4
2023-03-06T11:08:04Z,116.0,Charge 4
2023-03-06T11:08:09Z,118.0,Charge 4
2023-03-06T11:08:14Z,115.0,Charge 4
2023-03-06T11:08:19Z,114.0,Charge 4
2023-03-06T11:08:29Z,115.0,Charge 4
2023-03-06T11:08:34Z,114.0,Charge 4
2023-03-06T11:08:39Z,117.0,Charge 4
2023-03-06T11:08:44Z,116.0,Charge 4
2023-03-06T11:08:49Z,115.0,Charge 4
2023-03-06T11:08:54Z,114.0,Charge 4
2023-03-06T11:09:04Z,113.0,Charge 4
2023-03-06T11:09:14Z,115.0,Charge 4
2023-03-06T11:09:19Z,118.0,Charge 4
2023-03-06T11:09:24Z,116.0,Charge 4
2023-03-06T11:09:29Z,114.0,Charge 4
2023-03-06T11:09:34Z,112.0,Charge 4
2023-03-06T11:09:39Z,111.0,Charge 4
2023-03-06T11:09:44Z,112.0,Charge 4
2023-03-06T11:09:49Z,111.0,Charge 4
2023-03-06T11:09:54Z,110.0,Charge 4
2023-03-06T11:10:04Z,108.0,Charge 4
2023-03-06T11:10:09Z,104.0,Charge 4
2023-03-06T11:10:14Z,103.0,Charge 4
2023-03-06T11:10:19Z,101.0,Charge 4
2023-03-06T11:10:29Z,102.0,Charge 4
2023-03-06T11:10:39Z,101.0,Charge 4
2023-03-06T11:10:44Z,99.0,Charge 4
2023-03-06T11:10:49Z,100.0,Charge 4
2023-03-06T11:10:54Z,98.0,Charge 4
2023-03-06T11:10:59Z,102.0,Charge 4
2023-03-06T11:11:09Z,101.0,Charge 4
2023-03-06T11:11:14Z,98.0,Charge 4
2023-03-06T11:11:19Z,96.0,Charge 4
2023-03-06T11:11:24Z,94.0,Charge 4
2023-03-06T11:11:29Z,100.0,Charge 4
2023-03-06T11:11:34Z,104.0,Charge 4
2023-03-06T11:11:39Z,106.0,Charge 4
2023-03-06T11:11:44Z,107.0,Charge 4
2023-03-06T11:11:49Z,108.0,Charge 4
2023-03-06T11:11:54Z,110.0,Charge 4
2023-03-06T11:12:04Z,112.0,Charge 4
2023-03-06T11:12:09Z,113.0,Charge 4
2023-03-06T11:12:14Z,114.0,Charge 4
2023-03-06T11:12:19Z,112.0,Charge 4
2023-03-06T11:12:29Z,110.0,Charge 4
2023-03-06T11:12:34Z,108.0,Charge 4
2023-03-06T11:12:39Z,107.0,Charge 4
2023-03-06T11:12:44Z,108.0,Charge 4
2023-03-06T11:12:49Z,106.0,Charge 4
2023-03-06T11:12:54Z,104.0,Charge 4
2023-03-06T11:12:59Z,103.0,Charge 4
2023-03-06T11:13:04Z,104.0,Charge 4
2023-03-06T11:13:09Z,107.0,Charge 4
2023-03-06T11:13:24Z,107.0,Charge 4
2023-03-06T11:13:29Z,107.0,Charge 4
2023-03-06T11:13:35Z,106.0,Charge 4
2023-03-06T11:13:40Z,107.0,Charge 4
2023-03-06T11:13:45Z,109.0,Charge 4
2023-03-06T11:13:50Z,107.0,Charge 4
2023-03-06T11:13:55Z,108.0,Charge 4
2023-03-06T11:14:00Z,110.0,Charge 4
2023-03-06T11:14:05Z,112.0,Charge 4
2023-03-06T11:14:10Z,111.0,Charge 4
2023-03-06T11:14:15Z,110.0,Charge 4
2023-03-06T11:14:25Z,111.0,Charge 4
2023-03-06T11:14:30Z,110.0,Charge 4
2023-03-06T11:14:35Z,111.0,Charge 4
2023-03-06T11:14:40Z,113.0,Charge 4
2023-03-06T11:14:45Z,114.0,Charge 4
2023-03-06T11:14:50Z,113.0,Charge 4
2023-03-06T11:14:55Z,114.0,Charge 4
2023-03-06T11:15:00Z,113.0,Charge 4
2023-03-06T11:15:05Z,110.0,Charge 4
2023-03-06T11:15:10Z,107.0,Charge 4
2023-03-06T11:15:15Z,103.0,Charge 4
2023-03-06T11:15:20Z,97.0,Charge 4
2023-03-06T11:15:25Z,93.0,Charge 4
2023-03-06T11:15:30Z,88.0,Charge 4
2023-03-06T11:15:35Z,87.0,Charge 4
2023-03-06T11:15:40Z,88.0,Charge 4
2023-03-06T11:15:45Z,93.0,Charge 4
2023-03-06T11:15:50Z,93.0,Charge 4
2023-03-06T11:15:55Z,89.0,Charge 4
2023-03-06T11:16:00Z,90.0,Charge 4
2023-03-06T11:16:05Z,93.0,Charge 4
2023-03-06T11:16:10Z,94.0,Charge 4
2023-03-06T11:16:15Z,95.0,Charge 4
2023-03-06T11:16:20Z,99.0,Charge 4
2023-03-06T11:16:25Z,102.0,Charge 4
2023-03-06T11:16:30Z,105.0,Charge 4
2023-03-06T11:16:45Z,106.0,Charge 4
2023-03-06T11:16:50Z,104.0,Charge 4
2023-03-06T11:17:00Z,103.0,Charge 4
2023-03-06T11:17:05Z,104.0,Charge 4
2023-03-06T11:17:15Z,106.0,Charge 4
2023-03-06T11:17:20Z,108.0,Charge 4
2023-03-06T11:17:25Z,110.0,Charge 4
2023-03-06T11:17:30Z,111.0,Charge 4
2023-03-06T11:17:45Z,112.0,Charge 4
2023-03-06T11:18:00Z,111.0,Charge 4
2023-03-06T11:18:05Z,110.0,Charge 4
2023-03-06T11:18:20Z,108.0,Charge 4
2023-03-06T11:18:25Z,106.0,Charge 4
2023-03-06T11:18:30Z,105.0,Charge 4
2023-03-06T11:18:35Z,102.0,Charge 4
2023-03-06T11:18:40Z,98.0,Charge 4
2023-03-06T11:18:45Z,99.0,Charge 4
2023-03-06T11:18:50Z,96.0,Charge 4
2023-03-06T11:18:55Z,93.0,Charge 4
2023-03-06T11:19:00Z,93.0,Charge 4
2023-03-06T11:19:10Z,93.0,Charge 4
2023-03-06T11:19:15Z,94.0,Charge 4
2023-03-06T11:19:30Z,94.0,Charge 4
2023-03-06T11:19:40Z,93.0,Charge 4
2023-03-06T11:19:45Z,92.0,Charge 4
2023-03-06T11:19:50Z,92.0,Charge 4
2023-03-06T11:19:55Z,90.0,Charge 4
2023-03-06T11:20:00Z,88.0,Charge 4
2023-03-06T11:20:15Z,88.0,Charge 4
2023-03-06T11:20:20Z,89.0,Charge 4
2023-03-06T11:20:30Z,88.0,Charge 4
2023-03-06T11:20:35Z,88.0,Charge 4
2023-03-06T11:20:40Z,87.0,Charge 4
2023-03-06T11:20:50Z,86.0,Charge 4
2023-03-06T11:20:55Z,85.0,Charge 4
2023-03-06T11:21:00Z,85.0,Charge 4
2023-03-06T11:21:10Z,87.0,Charge 4
2023-03-06T11:21:20Z,88.0,Charge 4
2023-03-06T11:21:25Z,90.0,Charge 4
2023-03-06T11:21:30Z,95.0,Charge 4
2023-03-06T11:21:35Z,95.0,Charge 4
2023-03-06T11:21:40Z,92.0,Charge 4
2023-03-06T11:21:45Z,90.0,Charge 4
2023-03-06T11:21:50Z,87.0,Charge 4
2023-03-06T11:21:55Z,85.0,Charge 4
2023-03-06T11:22:00Z,82.0,Charge 4
2023-03-06T11:22:05Z,82.0,Charge 4
2023-03-06T11:22:10Z,83.0,Charge 4
2023-03-06T11:22:15Z,87.0,Charge 4
2023-03-06T11:22:25Z,86.0,Charge 4
2023-03-06T11:22:30Z,82.0,Charge 4
2023-03-06T11:22:35Z,79.0,Charge 4
2023-03-06T11:22:50Z,79.0,Charge 4
2023-03-06T11:22:55Z,80.0,Charge 4
2023-03-06T11:23:00Z,81.0,Charge 4
2023-03-06T11:23:05Z,80.0,Charge 4
2023-03-06T11:23:15Z,79.0,Charge 4
2023-03-06T11:23:30Z,79.0,Charge 4
2023-03-06T11:23:45Z,80.0,Charge 4
2023-03-06T11:23:50Z,80.0,Charge 4
2023-03-06T11:23:55Z,81.0,Charge 4
2023-03-06T11:24:00Z,82.0,Charge 4
2023-03-06T11:24:05Z,80.0,Charge 4
2023-03-06T11:24:20Z,80.0,Charge 4
2023-03-06T11:24:35Z,80.0,Charge 4
2023-03-06T11:24:50Z,80.0,Charge 4
2023-03-06T11:25:00Z,80.0,Charge 4
2023-03-06T11:25:05Z,78.0,Charge 4
2023-03-06T11:25:15Z,79.0,Charge 4
2023-03-06T11:25:25Z,80.0,Charge 4
2023-03-06T11:25:30Z,79.0,Charge 4
2023-03-06T11:25:35Z,78.0,Charge 4
2023-03-06T11:25:50Z,78.0,Charge 4
2023-03-06T11:25:55Z,78.0,Charge 4
2023-03-06T11:26:05Z,79.0,Charge 4
2023-03-06T11:26:20Z,79.0,Charge 4
2023-03-06T11:26:25Z,80.0,Charge 4
2023-03-06T11:26:30Z,85.0,Charge 4
2023-03-06T11:26:35Z,88.0,Charge 4
2023-03-06T11:26:40Z,94.0,Charge 4
2023-03-06T11:26:45Z,96.0,Charge 4
2023-03-06T11:26:50Z,97.0,Charge 4
2023-03-06T11:27:00Z,98.0,Charge 4
2023-03-06T11:27:10Z,99.0,Charge 4
2023-03-06T11:27:20Z,99.0,Charge 4
2023-03-06T11:27:35Z,99.0,Charge 4
2023-03-06T11:27:40Z,100.0,Charge 4
2023-03-06T11:27:50Z,102.0,Charge 4
2023-03-06T11:28:00Z,101.0,Charge 4
2023-03-06T11:28:15Z,101.0,Charge 4
2023-03-06T11:28:20Z,97.0,Charge 4
2023-03-06T11:28:35Z,97.0,Charge 4
2023-03-06T11:28:45Z,98.0,Charge 4
2023-03-06T11:28:50Z,99.0,Charge 4
2023-03-06T11:28:55Z,98.0,Charge 4
2023-03-06T11:29:05Z,99.0,Charge 4
2023-03-06T11:29:10Z,98.0,Charge 4
2023-03-06T11:29:25Z,98.0,Charge 4
2023-03-06T11:29:35Z,99.0,Charge 4
2023-03-06T11:29:40Z,101.0,Charge 4
2023-03-06T11:29:46Z,101.0,Charge 4
2023-03-06T11:29:51Z,101.0,Charge 4
2023-03-06T11:30:06Z,101.0,Charge 4
2023-03-06T11:30:16Z,100.0,Charge 4
2023-03-06T11:30:26Z,101.0,Charge 4
2023-03-06T11:30:31Z,100.0,Charge 4
2023-03-06T11:30:36Z,99.0,Charge 4
2023-03-06T11:30:41Z,96.0,Charge 4
2023-03-06T11:30:46Z,93.0,Charge 4
2023-03-06T11:30:56Z,92.0,Charge 4
2023-03-06T11:31:06Z,93.0,Charge 4
2023-03-06T11:31:11Z,96.0,Charge 4
2023-03-06T11:31:16Z,101.0,Charge 4
2023-03-06T11:31:21Z,102.0,Charge 4
2023-03-06T11:31:26Z,104.0,Charge 4
2023-03-06T11:31:31Z,105.0,Charge 4
2023-03-06T11:31:36Z,106.0,Charge 4
2023-03-06T11:31:41Z,104.0,Charge 4
2023-03-06T11:31:46Z,103.0,Charge 4
2023-03-06T11:31:51Z,101.0,Charge 4
2023-03-06T11:32:01Z,103.0,Charge 4
2023-03-06T11:32:06Z,100.0,Charge 4
2023-03-06T11:32:11Z,92.0,Charge 4
2023-03-06T11:32:16Z,86.0,Charge 4
2023-03-06T11:32:21Z,84.0,Charge 4
2023-03-06T11:32:26Z,86.0,Charge 4
2023-03-06T11:32:31Z,87.0,Charge 4
2023-03-06T11:32:36Z,88.0,Charge 4
2023-03-06T11:32:41Z,89.0,Charge 4
2023-03-06T11:32:46Z,92.0,Charge 4
2023-03-06T11:32:51Z,97.0,Charge 4
2023-03-06T11:33:01Z,96.0,Charge 4
2023-03-06T11:33:06Z,97.0,Charge 4
2023-03-06T11:33:11Z,96.0,Charge 4
2023-03-06T11:33:16Z,97.0,Charge 4
2023-03-06T11:33:21Z,101.0,Charge 4
2023-03-06T11:33:26Z,104.0,Charge 4
2023-03-06T11:33:31Z,105.0,Charge 4
2023-03-06T11:33:36Z,106.0,Charge 4
2023-03-06T11:33:41Z,108.0,Charge 4
2023-03-06T11:33:46Z,106.0,Charge 4
2023-03-06T11:33:51Z,102.0,Charge 4
2023-03-06T11:33:56Z,100.0,Charge 4
2023-03-06T11:34:01Z,99.0,Charge 4
2023-03-06T11:34:06Z,96.0,Charge 4
2023-03-06T11:34:11Z,98.0,Charge 4
2023-03-06T11:34:16Z,101.0,Charge 4
2023-03-06T11:34:21Z,100.0,Charge 4
2023-03-06T11:34:26Z,104.0,Charge 4
2023-03-06T11:34:31Z,107.0,Charge 4
2023-03-06T11:34:36Z,110.0,Charge 4
2023-03-06T11:34:41Z,115.0,Charge 4
2023-03-06T11:34:46Z,118.0,Charge 4
2023-03-06T11:34:51Z,113.0,Charge 4
2023-03-06T11:34:56Z,113.0,Charge 4
2023-03-06T11:35:06Z,117.0,Charge 4
2023-03-06T11:35:11Z,118.0,Charge 4
2023-03-06T11:35:21Z,103.0,Charge 4
2023-03-06T11:35:26Z,95.0,Charge 4
2023-03-06T11:35:31Z,93.0,Charge 4
2023-03-06T11:35:36Z,92.0,Charge 4
2023-03-06T11:35:41Z,91.0,Charge 4
2023-03-06T11:35:46Z,92.0,Charge 4
2023-03-06T11:35:51Z,93.0,Charge 4
2023-03-06T11:35:56Z,92.0,Charge 4
2023-03-06T11:36:06Z,91.0,Charge 4
2023-03-06T11:36:11Z,90.0,Charge 4
2023-03-06T11:36:21Z,89.0,Charge 4
2023-03-06T11:36:31Z,87.0,Charge 4
2023-03-06T11:36:36Z,86.0,Charge 4
2023-03-06T11:36:46Z,86.0,Charge 4
2023-03-06T11:36:56Z,86.0,Charge 4
2023-03-06T11:37:11Z,86.0,Charge 4
2023-03-06T11:37:26Z,86.0,Charge 4
2023-03-06T11:37:41Z,86.0,Charge 4
2023-03-06T11:37:46Z,87.0,Charge 4
2023-03-06T11:38:01Z,88.0,Charge 4
2023-03-06T11:38:06Z,86.0,Charge 4
2023-03-06T11:38:16Z,85.0,Charge 4
2023-03-06T11:38:21Z,85.0,Charge 4
2023-03-06T11:38:26Z,85.0,Charge 4
2023-03-06T11:38:36Z,86.0,Charge 4
2023-03-06T11:38:46Z,85.0,Charge 4
2023-03-06T11:38:51Z,84.0,Charge 4
2023-03-06T11:39:06Z,85.0,Charge 4
2023-03-06T11:39:11Z,86.0,Charge 4
2023-03-06T11:39:21Z,87.0,Charge 4
2023-03-06T11:39:26Z,85.0,Charge 4
2023-03-06T11:39:31Z,82.0,Charge 4
2023-03-06T11:39:41Z,83.0,Charge 4
2023-03-06T11:39:46Z,82.0,Charge 4
2023-03-06T11:39:51Z,83.0,Charge 4
2023-03-06T11:39:56Z,82.0,Charge 4
2023-03-06T11:40:01Z,81.0,Charge 4
2023-03-06T11:40:11Z,81.0,Charge 4
2023-03-06T11:40:21Z,82.0,Charge 4
2023-03-06T11:40:31Z,81.0,Charge 4
2023-03-06T11:40:46Z,80.0,Charge 4
2023-03-06T11:40:51Z,81.0,Charge 4
2023-03-06T11:41:01Z,82.0,Charge 4
2023-03-06T11:41:06Z,84.0,Charge 4
2023-03-06T11:41:11Z,83.0,Charge 4
2023-03-06T11:41:16Z,83.0,Charge 4
2023-03-06T11:41:21Z,82.0,Charge 4
2023-03-06T11:41:26Z,82.0,Charge 4
2023-03-06T11:41:36Z,82.0,Charge 4
2023-03-06T11:41:41Z,81.0,Charge 4
2023-03-06T11:41:46Z,81.0,Charge 4
2023-03-06T11:41:51Z,81.0,Charge 4
2023-03-06T11:42:01Z,82.0,Charge 4
2023-03-06T11:42:06Z,82.0,Charge 4
2023-03-06T11:42:11Z,81.0,Charge 4
2023-03-06T11:42:26Z,81.0,Charge 4
2023-03-06T11:42:36Z,81.0,Charge 4
2023-03-06T11:42:41Z,80.0,Charge 4
2023-03-06T11:42:46Z,77.0,Charge 4
2023-03-06T11:42:56Z,79.0,Charge 4
2023-03-06T11:43:01Z,79.0,Charge 4
2023-03-06T11:43:06Z,80.0,Charge 4
2023-03-06T11:43:16Z,82.0,Charge 4
2023-03-06T11:43:31Z,81.0,Charge 4
2023-03-06T11:43:46Z,82.0,Charge 4
2023-03-06T11:43:51Z,84.0,Charge 4
2023-03-06T11:43:56Z,84.0,Charge 4
2023-03-06T11:44:11Z,84.0,Charge 4
2023-03-06T11:44:16Z,83.0,Charge 4
2023-03-06T11:44:26Z,82.0,Charge 4
2023-03-06T11:44:41Z,82.0,Charge 4
2023-03-06T11:44:56Z,82.0,Charge 4
2023-03-06T11:45:11Z,82.0,Charge 4
2023-03-06T11:45:16Z,83.0,Charge 4
2023-03-06T11:45:26Z,83.0,Charge 4
2023-03-06T11:45:36Z,83.0,Charge 4
2023-03-06T11:45:41Z,82.0,Charge 4
2023-03-06T11:45:47Z,81.0,Charge 4
2023-03-06T11:45:57Z,79.0,Charge 4
2023-03-06T11:46:02Z,80.0,Charge 4
2023-03-06T11:46:12Z,81.0,Charge 4
2023-03-06T11:46:22Z,79.0,Charge 4
2023-03-06T11:46:37Z,79.0,Charge 4
2023-03-06T11:46:52Z,81.0,Charge 4
2023-03-06T11:47:02Z,80.0,Charge 4
2023-03-06T11:47:12Z,80.0,Charge 4
2023-03-06T11:47:22Z,83.0,Charge 4
2023-03-06T11:47:27Z,84.0,Charge 4
2023-03-06T11:47:32Z,85.0,Charge 4
2023-03-06T11:47:37Z,86.0,Charge 4
2023-03-06T11:47:42Z,88.0,Charge 4
2023-03-06T11:47:47Z,87.0,Charge 4
2023-03-06T11:47:52Z,86.0,Charge 4
2023-03-06T11:47:57Z,83.0,Charge 4
2023-03-06T11:48:02Z,82.0,Charge 4
2023-03-06T11:48:07Z,81.0,Charge 4
2023-03-06T11:48:17Z,80.0,Charge 4
2023-03-06T11:48:22Z,80.0,Charge 4
2023-03-06T11:48:27Z,81.0,Charge 4
2023-03-06T11:48:32Z,81.0,Charge 4
2023-03-06T11:48:37Z,82.0,Charge 4
2023-03-06T11:48:52Z,82.0,Charge 4
2023-03-06T11:48:57Z,84.0,Charge 4
2023-03-06T11:49:02Z,84.0,Charge 4
2023-03-06T11:49:07Z,83.0,Charge 4
2023-03-06T11:49:22Z,83.0,Charge 4
2023-03-06T11:49:27Z,84.0,Charge 4
2023-03-06T11:49:32Z,83.0,Charge 4
2023-03-06T11:49:37Z,82.0,Charge 4
2023-03-06T11:49:47Z,81.0,Charge 4
2023-03-06T11:49:57Z,80.0,Charge 4
2023-03-06T11:50:07Z,79.0,Charge 4
2023-03-06T11:50:12Z,80.0,Charge 4
2023-03-06T11:50:22Z,81.0,Charge 4
2023-03-06T11:50:37Z,80.0,Charge 4
2023-03-06T11:50:52Z,80.0,Charge 4
2023-03-06T11:50:57Z,80.0,Charge 4
2023-03-06T11:51:12Z,80.0,Charge 4
2023-03-06T11:51:17Z,82.0,Charge 4
2023-03-06T11:51:22Z,83.0,Charge 4
2023-03-06T11:51:27Z,82.0,Charge 4
2023-03-06T11:51:37Z,81.0,Charge 4
2023-03-06T11:51:47Z,82.0,Charge 4
2023-03-06T11:52:02Z,81.0,Charge 4
2023-03-06T11:52:17Z,82.0,Charge 4
2023-03-06T11:52:22Z,81.0,Charge 4
2023-03-06T11:52:27Z,79.0,Charge 4
2023-03-06T11:52:32Z,78.0,Charge 4
2023-03-06T11:52:37Z,80.0,Charge 4
2023-03-06T11:52:42Z,81.0,Charge 4
2023-03-06T11:52:52Z,80.0,Charge 4
2023-03-06T11:53:02Z,80.0,Charge 4
2023-03-06T11:53:07Z,81.0,Charge 4
2023-03-06T11:53:12Z,81.0,Charge 4
2023-03-06T11:53:17Z,80.0,Charge 4
2023-03-06T11:53:22Z,80.0,Charge 4
2023-03-06T11:53:32Z,81.0,Charge 4
2023-03-06T11:53:42Z,81.0,Charge 4
2023-03-06T11:53:52Z,81.0,Charge 4
2023-03-06T11:54:02Z,82.0,Charge 4
2023-03-06T11:54:17Z,80.0,Charge 4
2023-03-06T11:54:22Z,79.0,Charge 4
2023-03-06T11:54:27Z,78.0,Charge 4
2023-03-06T11:54:42Z,78.0,Charge 4
2023-03-06T11:54:47Z,78.0,Charge 4
2023-03-06T11:54:57Z,80.0,Charge 4
2023-03-06T11:55:02Z,79.0,Charge 4
2023-03-06T11:55:17Z,79.0,Charge 4
2023-03-06T11:55:22Z,79.0,Charge 4
2023-03-06T11:55:37Z,77.0,Charge 4
2023-03-06T11:55:42Z,76.0,Charge 4
2023-03-06T11:55:47Z,75.0,Charge 4
2023-03-06T11:55:52Z,76.0,Charge 4
2023-03-06T11:55:57Z,77.0,Charge 4
2023-03-06T11:56:02Z,78.0,Charge 4
2023-03-06T11:56:07Z,77.0,Charge 4
2023-03-06T11:56:12Z,77.0,Charge 4
2023-03-06T11:56:27Z,76.0,Charge 4
2023-03-06T11:56:32Z,75.0,Charge 4
2023-03-06T11:56:47Z,75.0,Charge 4
2023-03-06T11:56:52Z,74.0,Charge 4
2023-03-06T11:57:02Z,75.0,Charge 4
2023-03-06T11:57:07Z,76.0,Charge 4
2023-03-06T11:57:12Z,78.0,Charge 4
2023-03-06T11:57:17Z,79.0,Charge 4
2023-03-06T11:57:27Z,78.0,Charge 4
2023-03-06T11:57:37Z,79.0,Charge 4
2023-03-06T11:57:42Z,79.0,Charge 4
2023-03-06T11:57:57Z,79.0,Charge 4
2023-03-06T11:58:02Z,80.0,Charge 4
2023-03-06T11:58:07Z,80.0,Charge 4
2023-03-06T11:58:22Z,82.0,Charge 4
2023-03-06T11:58:27Z,84.0,Charge 4
2023-03-06T11:58:37Z,83.0,Charge 4
2023-03-06T11:58:42Z,81.0,Charge 4
2023-03-06T11:58:47Z,80.0,Charge 4
2023-03-06T11:58:52Z,79.0,Charge 4
2023-03-06T11:59:02Z,78.0,Charge 4
2023-03-06T11:59:17Z,79.0,Charge 4
2023-03-06T11:59:27Z,79.0,Charge 4
2023-03-06T11:59:37Z,79.0,Charge 4
2023-03-06T11:59:47Z,80.0,Charge 4
2023-03-06T12:00:02Z,81.0,Charge 4
2023-03-06T12:00:07Z,81.0,Charge 4
2023-03-06T12:00:12Z,80.0,Charge 4
2023-03-06T12:00:17Z,78.0,Charge 4
2023-03-06T12:00:27Z,79.0,Charge 4
2023-03-06T12:00:37Z,78.0,Charge 4
2023-03-06T12:00:42Z,77.0,Charge 4
2023-03-06T12:00:47Z,77.0,Charge 4
2023-03-06T12:00:52Z,78.0,Charge 4
2023-03-06T12:00:57Z,79.0,Charge 4
2023-03-06T12:01:02Z,80.0,Charge 4
2023-03-06T12:01:12Z,80.0,Charge 4
2023-03-06T12:01:22Z,80.0,Charge 4
2023-03-06T12:01:27Z,80.0,Charge 4
2023-03-06T12:01:37Z,79.0,Charge 4
2023-03-06T12:01:42Z,79.0,Charge 4
2023-03-06T12:01:52Z,81.0,Charge 4
2023-03-06T12:01:57Z,80.0,Charge 4
2023-03-06T12:02:07Z,79.0,Charge 4
2023-03-06T12:02:17Z,79.0,Charge 4
2023-03-06T12:02:22Z,80.0,Charge 4
2023-03-06T12:02:37Z,80.0,Charge 4
2023-03-06T12:02:47Z,80.0,Charge 4
2023-03-06T12:02:57Z,79.0,Charge 4
2023-03-06T12:03:02Z,78.0,Charge 4
2023-03-06T12:03:12Z,77.0,Charge 4
2023-03-06T12:03:17Z,75.0,Charge 4
2023-03-06T12:03:22Z,75.0,Charge 4
2023-03-06T12:03:27Z,76.0,Charge 4
2023-03-06T12:03:42Z,76.0,Charge 4
2023-03-06T12:03:57Z,76.0,Charge 4
2023-03-06T12:04:12Z,75.0,Charge 4
2023-03-06T12:04:22Z,76.0,Charge 4
2023-03-06T12:04:27Z,75.0,Charge 4
2023-03-06T12:04:42Z,75.0,Charge 4
2023-03-06T12:04:47Z,75.0,Charge 4
2023-03-06T12:04:57Z,76.0,Charge 4
2023-03-06T12:05:02Z,76.0,Charge 4
2023-03-06T12:05:07Z,76.0,Charge 4
2023-03-06T12:05:12Z,77.0,Charge 4
2023-03-06T12:05:27Z,77.0,Charge 4
2023-03-06T12:05:42Z,78.0,Charge 4
2023-03-06T12:05:47Z,78.0,Charge 4
2023-03-06T12:05:57Z,79.0,Charge 4
2023-03-06T12:06:02Z,80.0,Charge 4
2023-03-06T12:06:07Z,79.0,Charge 4
2023-03-06T12:06:17Z,78.0,Charge 4
2023-03-06T12:06:22Z,79.0,Charge 4
2023-03-06T12:06:37Z,79.0,Charge 4
2023-03-06T12:06:47Z,80.0,Charge 4
2023-03-06T12:06:52Z,82.0,Charge 4
2023-03-06T12:07:02Z,79.0,Charge 4
2023-03-06T12:07:08Z,79.0,Charge 4
2023-03-06T12:07:13Z,78.0,Charge 4
2023-03-06T12:07:23Z,79.0,Charge 4
2023-03-06T12:07:28Z,78.0,Charge 4
2023-03-06T12:07:43Z,78.0,Charge 4
2023-03-06T12:07:58Z,78.0,Charge 4
2023-03-06T12:08:13Z,79.0,Charge 4
2023-03-06T12:08:23Z,80.0,Charge 4
2023-03-06T12:08:28Z,79.0,Charge 4
2023-03-06T12:08:38Z,78.0,Charge 4
2023-03-06T12:08:48Z,78.0,Charge 4
2023-03-06T12:08:53Z,79.0,Charge 4
2023-03-06T12:09:03Z,78.0,Charge 4
2023-03-06T12:09:13Z,78.0,Charge 4
2023-03-06T12:09:18Z,78.0,Charge 4
2023-03-06T12:09:33Z,78.0,Charge 4
2023-03-06T12:09:43Z,77.0,Charge 4
2023-03-06T12:09:58Z,78.0,Charge 4
2023-03-06T12:10:03Z,79.0,Charge 4
2023-03-06T12:10:08Z,81.0,Charge 4
2023-03-06T12:10:13Z,80.0,Charge 4
2023-03-06T12:10:18Z,78.0,Charge 4
2023-03-06T12:10:28Z,78.0,Charge 4
2023-03-06T12:10:38Z,78.0,Charge 4
2023-03-06T12:10:43Z,77.0,Charge 4
2023-03-06T12:10:53Z,76.0,Charge 4
2023-03-06T12:11:03Z,77.0,Charge 4
2023-03-06T12:11:08Z,77.0,Charge 4
2023-03-06T12:11:13Z,78.0,Charge 4
2023-03-06T12:11:18Z,79.0,Charge 4
2023-03-06T12:11:23Z,78.0,Charge 4
2023-03-06T12:11:38Z,77.0,Charge 4
2023-03-06T12:11:53Z,78.0,Charge 4
2023-03-06T12:11:58Z,79.0,Charge 4
2023-03-06T12:12:13Z,78.0,Charge 4
2023-03-06T12:12:28Z,78.0,Charge 4
2023-03-06T12:12:38Z,78.0,Charge 4
2023-03-06T12:12:48Z,78.0,Charge 4
2023-03-06T12:12:53Z,78.0,Charge 4
2023-03-06T12:12:58Z,77.0,Charge 4
2023-03-06T12:13:13Z,77.0,Charge 4
2023-03-06T12:13:18Z,78.0,Charge 4
2023-03-06T12:13:33Z,78.0,Charge 4
2023-03-06T12:13:38Z,78.0,Charge 4
2023-03-06T12:13:48Z,77.0,Charge 4
2023-03-06T12:14:03Z,77.0,Charge 4
2023-03-06T12:14:18Z,77.0,Charge 4
2023-03-06T12:14:23Z,78.0,Charge 4
2023-03-06T12:14:28Z,79.0,Charge 4
2023-03-06T12:14:33Z,81.0,Charge 4
2023-03-06T12:14:38Z,83.0,Charge 4
2023-03-06T12:14:48Z,82.0,Charge 4
2023-03-06T12:14:53Z,80.0,Charge 4
2023-03-06T12:14:58Z,79.0,Charge 4
2023-03-06T12:15:03Z,78.0,Charge 4
2023-03-06T12:15:08Z,77.0,Charge 4
2023-03-06T12:15:13Z,75.0,Charge 4
2023-03-06T12:15:28Z,75.0,Charge 4
2023-03-06T12:15:33Z,75.0,Charge 4
2023-03-06T12:15:38Z,76.0,Charge 4
2023-03-06T12:15:43Z,78.0,Charge 4
2023-03-06T12:15:48Z,77.0,Charge 4
2023-03-06T12:15:53Z,76.0,Charge 4
2023-03-06T12:15:58Z,75.0,Charge 4
2023-03-06T12:16:03Z,74.0,Charge 4
2023-03-06T12:16:13Z,75.0,Charge 4
2023-03-06T12:16:18Z,75.0,Charge 4
2023-03-06T12:16:23Z,77.0,Charge 4
2023-03-06T12:16:28Z,78.0,Charge 4
2023-03-06T12:16:33Z,77.0,Charge 4
2023-03-06T12:16:43Z,78.0,Charge 4
2023-03-06T12:16:48Z,77.0,Charge 4
2023-03-06T12:16:53Z,79.0,Charge 4
2023-03-06T12:16:58Z,80.0,Charge 4
2023-03-06T12:17:03Z,81.0,Charge 4
2023-03-06T12:17:08Z,82.0,Charge 4
2023-03-06T12:17:18Z,81.0,Charge 4
2023-03-06T12:17:23Z,79.0,Charge 4
2023-03-06T12:17:28Z,78.0,Charge 4
2023-03-06T12:17:33Z,76.0,Charge 4
2023-03-06T12:17:38Z,75.0,Charge 4
2023-03-06T12:17:43Z,76.0,Charge 4
2023-03-06T12:17:48Z,77.0,Charge 4
2023-03-06T12:17:53Z,78.0,Charge 4
2023-03-06T12:18:03Z,77.0,Charge 4
2023-03-06T12:18:13Z,78.0,Charge 4
2023-03-06T12:18:18Z,79.0,Charge 4
2023-03-06T12:18:33Z,78.0,Charge 4
2023-03-06T12:18:38Z,77.0,Charge 4
2023-03-06T12:18:43Z,76.0,Charge 4
2023-03-06T12:18:48Z,76.0,Charge 4
2023-03-06T12:18:53Z,77.0,Charge 4
2023-03-06T12:19:08Z,77.0,Charge 4
2023-03-06T12:19:13Z,78.0,Charge 4
2023-03-06T12:19:28Z,78.0,Charge 4
2023-03-06T12:19:43Z,78.0,Charge 4
2023-03-06T12:19:53Z,78.0,Charge 4
2023-03-06T12:19:58Z,79.0,Charge 4
2023-03-06T12:20:03Z,80.0,Charge 4
2023-03-06T12:20:08Z,80.0,Charge 4
2023-03-06T12:20:18Z,78.0,Charge 4
2023-03-06T12:20:23Z,76.0,Charge 4
2023-03-06T12:20:28Z,75.0,Charge 4
2023-03-06T12:20:38Z,76.0,Charge 4
2023-03-06T12:20:48Z,77.0,Charge 4
2023-03-06T12:20:58Z,78.0,Charge 4
2023-03-06T12:21:13Z,78.0,Charge 4
2023-03-06T12:21:19Z,77.0,Charge 4
2023-03-06T12:21:24Z,76.0,Charge 4
2023-03-06T12:21:34Z,75.0,Charge 4
2023-03-06T12:21:44Z,76.0,Charge 4
2023-03-06T12:21:54Z,77.0,Charge 4
2023-03-06T12:22:04Z,79.0,Charge 4
2023-03-06T12:22:09Z,80.0,Charge 4
2023-03-06T12:22:19Z,80.0,Charge 4
2023-03-06T12:22:34Z,80.0,Charge 4
2023-03-06T12:22:39Z,79.0,Charge 4
2023-03-06T12:22:44Z,78.0,Charge 4
2023-03-06T12:22:54Z,77.0,Charge 4
2023-03-06T12:23:09Z,78.0,Charge 4
2023-03-06T12:23:19Z,79.0,Charge 4
2023-03-06T12:23:24Z,78.0,Charge 4
2023-03-06T12:23:34Z,79.0,Charge 4
2023-03-06T12:23:39Z,80.0,Charge 4
2023-03-06T12:23:49Z,79.0,Charge 4
2023-03-06T12:23:54Z,78.0,Charge 4
2023-03-06T12:23:59Z,79.0,Charge 4
2023-03-06T12:24:14Z,79.0,Charge 4
2023-03-06T12:24:29Z,80.0,Charge 4
2023-03-06T12:24:34Z,76.0,Charge 4
2023-03-06T12:24:39Z,74.0,Charge 4
2023-03-06T12:24:44Z,75.0,Charge 4
2023-03-06T12:24:49Z,74.0,Charge 4
2023-03-06T12:24:54Z,75.0,Charge 4
2023-03-06T12:24:59Z,75.0,Charge 4
2023-03-06T12:25:04Z,76.0,Charge 4
2023-03-06T12:25:19Z,76.0,Charge 4
2023-03-06T12:25:29Z,77.0,Charge 4
2023-03-06T12:25:34Z,78.0,Charge 4
2023-03-06T12:25:39Z,79.0,Charge 4
2023-03-06T12:25:44Z,79.0,Charge 4
2023-03-06T12:25:49Z,78.0,Charge 4
2023-03-06T12:25:54Z,78.0,Charge 4
2023-03-06T12:25:59Z,78.0,Charge 4
2023-03-06T12:26:04Z,79.0,Charge 4
2023-03-06T12:26:14Z,79.0,Charge 4
2023-03-06T12:26:29Z,78.0,Charge 4
2023-03-06T12:26:34Z,79.0,Charge 4
2023-03-06T12:26:49Z,78.0,Charge 4
2023-03-06T12:26:54Z,77.0,Charge 4
2023-03-06T12:26:59Z,77.0,Charge 4
2023-03-06T12:27:09Z,78.0,Charge 4
2023-03-06T12:27:24Z,78.0,Charge 4
2023-03-06T12:27:34Z,77.0,Charge 4
2023-03-06T12:27:39Z,75.0,Charge 4
2023-03-06T12:27:54Z,75.0,Charge 4
2023-03-06T12:27:59Z,76.0,Charge 4
2023-03-06T12:28:04Z,77.0,Charge 4
2023-03-06T12:28:09Z,78.0,Charge 4
2023-03-06T12:28:19Z,79.0,Charge 4
2023-03-06T12:28:24Z,78.0,Charge 4
2023-03-06T12:28:29Z,77.0,Charge 4
2023-03-06T12:28:34Z,76.0,Charge 4
2023-03-06T12:28:39Z,75.0,Charge 4
2023-03-06T12:28:49Z,76.0,Charge 4
2023-03-06T12:28:54Z,76.0,Charge 4
2023-03-06T12:28:59Z,75.0,Charge 4
2023-03-06T12:29:04Z,74.0,Charge 4
2023-03-06T12:29:09Z,72.0,Charge 4
2023-03-06T12:29:19Z,74.0,Charge 4
2023-03-06T12:29:24Z,76.0,Charge 4
2023-03-06T12:29:29Z,78.0,Charge 4
2023-03-06T12:29:44Z,78.0,Charge 4
2023-03-06T12:29:59Z,78.0,Charge 4
2023-03-06T12:30:14Z,79.0,Charge 4
2023-03-06T12:30:19Z,78.0,Charge 4
2023-03-06T12:30:24Z,77.0,Charge 4
2023-03-06T12:30:29Z,77.0,Charge 4
2023-03-06T12:30:39Z,78.0,Charge 4
2023-03-06T12:30:44Z,78.0,Charge 4
2023-03-06T12:30:54Z,76.0,Charge 4
2023-03-06T12:31:04Z,75.0,Charge 4
2023-03-06T12:31:09Z,74.0,Charge 4
2023-03-06T12:31:14Z,73.0,Charge 4
2023-03-06T12:31:19Z,73.0,Charge 4
2023-03-06T12:31:24Z,74.0,Charge 4
2023-03-06T12:31:29Z,75.0,Charge 4
2023-03-06T12:31:34Z,76.0,Charge 4
2023-03-06T12:31:39Z,77.0,Charge 4
2023-03-06T12:31:44Z,78.0,Charge 4
2023-03-06T12:31:49Z,79.0,Charge 4
2023-03-06T12:31:59Z,77.0,Charge 4
2023-03-06T12:32:04Z,78.0,Charge 4
2023-03-06T12:32:14Z,77.0,Charge 4
2023-03-06T12:32:19Z,76.0,Charge 4
2023-03-06T12:32:34Z,76.0,Charge 4
2023-03-06T12:32:39Z,79.0,Charge 4
2023-03-06T12:32:44Z,81.0,Charge 4
2023-03-06T12:32:49Z,80.0,Charge 4
2023-03-06T12:32:59Z,79.0,Charge 4
2023-03-06T12:33:09Z,78.0,Charge 4
2023-03-06T12:33:14Z,79.0,Charge 4
2023-03-06T12:33:29Z,79.0,Charge 4
2023-03-06T12:33:39Z,82.0,Charge 4
2023-03-06T12:33:49Z,79.0,Charge 4
2023-03-06T12:33:59Z,78.0,Charge 4
2023-03-06T12:34:04Z,77.0,Charge 4
2023-03-06T12:34:09Z,77.0,Charge 4
2023-03-06T12:34:19Z,77.0,Charge 4
2023-03-06T12:34:29Z,77.0,Charge 4
2023-03-06T12:34:34Z,78.0,Charge 4
2023-03-06T12:34:39Z,77.0,Charge 4
2023-03-06T12:34:49Z,76.0,Charge 4
2023-03-06T12:34:54Z,76.0,Charge 4
2023-03-06T12:35:04Z,75.0,Charge 4
2023-03-06T12:35:09Z,74.0,Charge 4
2023-03-06T12:35:14Z,75.0,Charge 4
2023-03-06T12:35:19Z,77.0,Charge 4
2023-03-06T12:35:24Z,79.0,Charge 4
2023-03-06T12:35:29Z,78.0,Charge 4
2023-03-06T12:35:39Z,79.0,Charge 4
2023-03-06T12:35:49Z,79.0,Charge 4
2023-03-06T12:36:04Z,78.0,Charge 4
2023-03-06T12:36:09Z,79.0,Charge 4
2023-03-06T12:36:19Z,80.0,Charge 4
2023-03-06T12:36:24Z,79.0,Charge 4
2023-03-06T12:36:29Z,78.0,Charge 4
2023-03-06T12:36:34Z,77.0,Charge 4
2023-03-06T12:36:44Z,77.0,Charge 4
2023-03-06T12:36:49Z,77.0,Charge 4
2023-03-06T12:36:54Z,77.0,Charge 4
2023-03-06T12:37:09Z,78.0,Charge 4
2023-03-06T12:37:14Z,79.0,Charge 4
2023-03-06T12:37:24Z,79.0,Charge 4
2023-03-06T12:37:34Z,78.0,Charge 4
2023-03-06T12:37:39Z,79.0,Charge 4
2023-03-06T12:37:44Z,80.0,Charge 4
2023-03-06T12:37:49Z,79.0,Charge 4
2023-03-06T12:37:54Z,78.0,Charge 4
2023-03-06T12:37:59Z,77.0,Charge 4
2023-03-06T12:38:04Z,77.0,Charge 4
2023-03-06T12:38:14Z,76.0,Charge 4
2023-03-06T12:38:20Z,76.0,Charge 4
2023-03-06T12:38:25Z,78.0,Charge 4
2023-03-06T12:38:35Z,79.0,Charge 4
2023-03-06T12:38:45Z,78.0,Charge 4
2023-03-06T12:39:00Z,78.0,Charge 4
2023-03-06T12:39:05Z,77.0,Charge 4
2023-03-06T12:39:15Z,78.0,Charge 4
2023-03-06T12:39:20Z,79.0,Charge 4
2023-03-06T12:39:25Z,80.0,Charge 4
2023-03-06T12:39:30Z,80.0,Charge 4
2023-03-06T12:39:40Z,80.0,Charge 4
2023-03-06T12:39:55Z,80.0,Charge 4
2023-03-06T12:40:00Z,79.0,Charge 4
2023-03-06T12:40:05Z,78.0,Charge 4
2023-03-06T12:40:10Z,79.0,Charge 4
2023-03-06T12:40:25Z,78.0,Charge 4
2023-03-06T12:40:30Z,78.0,Charge 4
2023-03-06T12:40:35Z,77.0,Charge 4
2023-03-06T12:40:40Z,76.0,Charge 4
2023-03-06T12:40:45Z,76.0,Charge 4
2023-03-06T12:40:55Z,77.0,Charge 4
2023-03-06T12:41:00Z,77.0,Charge 4
2023-03-06T12:41:05Z,79.0,Charge 4
2023-03-06T12:41:10Z,80.0,Charge 4
2023-03-06T12:41:25Z,80.0,Charge 4
2023-03-06T12:41:30Z,80.0,Charge 4
2023-03-06T12:41:35Z,81.0,Charge 4
2023-03-06T12:41:40Z,81.0,Charge 4
2023-03-06T12:41:45Z,80.0,Charge 4
2023-03-06T12:41:50Z,80.0,Charge 4
2023-03-06T12:41:55Z,81.0,Charge 4
2023-03-06T12:42:05Z,78.0,Charge 4
2023-03-06T12:42:10Z,76.0,Charge 4
2023-03-06T12:42:15Z,75.0,Charge 4
2023-03-06T12:42:30Z,74.0,Charge 4
2023-03-06T12:42:40Z,76.0,Charge 4
2023-03-06T12:42:45Z,77.0,Charge 4
2023-03-06T12:42:50Z,78.0,Charge 4
2023-03-06T12:43:00Z,78.0,Charge 4
2023-03-06T12:43:15Z,78.0,Charge 4
2023-03-06T12:43:25Z,79.0,Charge 4
2023-03-06T12:43:30Z,79.0,Charge 4
2023-03-06T12:43:40Z,80.0,Charge 4
2023-03-06T12:43:45Z,80.0,Charge 4
2023-03-06T12:43:50Z,78.0,Charge 4
2023-03-06T12:44:05Z,78.0,Charge 4
2023-03-06T12:44:15Z,78.0,Charge 4
2023-03-06T12:44:20Z,78.0,Charge 4
2023-03-06T12:44:25Z,77.0,Charge 4
2023-03-06T12:44:30Z,75.0,Charge 4
2023-03-06T12:44:40Z,76.0,Charge 4
2023-03-06T12:44:45Z,77.0,Charge 4
2023-03-06T12:44:50Z,76.0,Charge 4
2023-03-06T12:44:55Z,75.0,Charge 4
2023-03-06T12:45:00Z,76.0,Charge 4
2023-03-06T12:45:05Z,75.0,Charge 4
2023-03-06T12:45:10Z,76.0,Charge 4
2023-03-06T12:45:15Z,77.0,Charge 4
2023-03-06T12:45:20Z,79.0,Charge 4
2023-03-06T12:45:25Z,81.0,Charge 4
2023-03-06T12:45:35Z,82.0,Charge 4
2023-03-06T12:45:40Z,83.0,Charge 4
2023-03-06T12:45:45Z,81.0,Charge 4
2023-03-06T12:45:50Z,78.0,Charge 4
2023-03-06T12:45:55Z,77.0,Charge 4
2023-03-06T12:46:00Z,76.0,Charge 4
2023-03-06T12:46:05Z,76.0,Charge 4
2023-03-06T12:46:10Z,77.0,Charge 4
2023-03-06T12:46:25Z,77.0,Charge 4
2023-03-06T12:46:30Z,78.0,Charge 4
2023-03-06T12:46:35Z,78.0,Charge 4
2023-03-06T12:46:40Z,79.0,Charge 4
2023-03-06T12:46:55Z,80.0,Charge 4
2023-03-06T12:47:00Z,79.0,Charge 4
2023-03-06T12:47:15Z,80.0,Charge 4
2023-03-06T12:47:20Z,82.0,Charge 4
2023-03-06T12:47:25Z,83.0,Charge 4
2023-03-06T12:47:30Z,81.0,Charge 4
2023-03-06T12:47:35Z,77.0,Charge 4
2023-03-06T12:47:40Z,75.0,Charge 4
2023-03-06T12:47:55Z,74.0,Charge 4
2023-03-06T12:48:00Z,74.0,Charge 4
2023-03-06T12:48:05Z,73.0,Charge 4
2023-03-06T12:48:10Z,72.0,Charge 4
2023-03-06T12:48:25Z,74.0,Charge 4
2023-03-06T12:48:30Z,75.0,Charge 4
2023-03-06T12:48:35Z,76.0,Charge 4
2023-03-06T12:48:40Z,78.0,Charge 4
2023-03-06T12:48:55Z,77.0,Charge 4
2023-03-06T12:49:00Z,76.0,Charge 4
2023-03-06T12:49:05Z,77.0,Charge 4
2023-03-06T12:49:10Z,78.0,Charge 4
2023-03-06T12:49:15Z,77.0,Charge 4
2023-03-06T12:49:20Z,75.0,Charge 4
2023-03-06T12:49:25Z,75.0,Charge 4
2023-03-06T12:49:40Z,75.0,Charge 4
2023-03-06T12:49:50Z,76.0,Charge 4
2023-03-06T12:49:55Z,76.0,Charge 4
2023-03-06T12:50:10Z,76.0,Charge 4
2023-03-06T12:50:15Z,77.0,Charge 4
2023-03-06T12:50:25Z,77.0,Charge 4
2023-03-06T12:50:30Z,76.0,Charge 4
2023-03-06T12:50:40Z,75.0,Charge 4
2023-03-06T12:50:45Z,74.0,Charge 4
2023-03-06T12:50:55Z,74.0,Charge 4
2023-03-06T12:51:05Z,74.0,Charge 4
2023-03-06T12:51:10Z,74.0,Charge 4
2023-03-06T12:51:15Z,75.0,Charge 4
2023-03-06T12:51:20Z,76.0,Charge 4
2023-03-06T12:51:30Z,78.0,Charge 4
2023-03-06T12:51:35Z,77.0,Charge 4
2023-03-06T12:51:40Z,76.0,Charge 4
2023-03-06T12:51:45Z,75.0,Charge 4
2023-03-06T12:51:55Z,76.0,Charge 4
2023-03-06T12:52:00Z,77.0,Charge 4
2023-03-06T12:52:15Z,77.0,Charge 4
2023-03-06T12:52:30Z,78.0,Charge 4
2023-03-06T12:52:45Z,77.0,Charge 4
2023-03-06T12:53:00Z,77.0,Charge 4
2023-03-06T12:53:05Z,77.0,Charge 4
2023-03-06T12:53:10Z,78.0,Charge 4
2023-03-06T12:53:15Z,77.0,Charge 4
2023-03-06T12:53:20Z,76.0,Charge 4
2023-03-06T12:53:35Z,75.0,Charge 4
2023-03-06T12:53:50Z,76.0,Charge 4
2023-03-06T12:53:55Z,75.0,Charge 4
2023-03-06T12:54:05Z,76.0,Charge 4
2023-03-06T12:54:15Z,78.0,Charge 4
2023-03-06T12:54:20Z,79.0,Charge 4
2023-03-06T12:54:25Z,78.0,Charge 4
2023-03-06T12:54:30Z,78.0,Charge 4
2023-03-06T12:54:35Z,77.0,Charge 4
2023-03-06T12:54:40Z,75.0,Charge 4
2023-03-06T12:54:45Z,75.0,Charge 4
2023-03-06T12:54:50Z,76.0,Charge 4
2023-03-06T12:54:56Z,77.0,Charge 4
2023-03-06T12:55:01Z,77.0,Charge 4
2023-03-06T12:55:06Z,76.0,Charge 4
2023-03-06T12:55:11Z,75.0,Charge 4
2023-03-06T12:55:16Z,74.0,Charge 4
2023-03-06T12:55:31Z,74.0,Charge 4
2023-03-06T12:55:36Z,73.0,Charge 4
2023-03-06T12:55:41Z,72.0,Charge 4
2023-03-06T12:55:51Z,74.0,Charge 4
2023-03-06T12:55:56Z,75.0,Charge 4
2023-03-06T12:56:01Z,76.0,Charge 4
2023-03-06T12:56:06Z,76.0,Charge 4
2023-03-06T12:56:16Z,77.0,Charge 4
2023-03-06T12:56:21Z,76.0,Charge 4
2023-03-06T12:56:26Z,76.0,Charge 4
2023-03-06T12:56:31Z,76.0,Charge 4
2023-03-06T12:56:46Z,76.0,Charge 4
2023-03-06T12:56:51Z,75.0,Charge 4
2023-03-06T12:56:56Z,74.0,Charge 4
2023-03-06T12:57:06Z,75.0,Charge 4
2023-03-06T12:57:16Z,74.0,Charge 4
2023-03-06T12:57:21Z,73.0,Charge 4
2023-03-06T12:57:26Z,72.0,Charge 4
2023-03-06T12:57:41Z,72.0,Charge 4
2023-03-06T12:57:51Z,74.0,Charge 4
2023-03-06T12:57:56Z,75.0,Charge 4
2023-03-06T12:58:01Z,76.0,Charge 4
2023-03-06T12:58:06Z,76.0,Charge 4
2023-03-06T12:58:21Z,75.0,Charge 4
2023-03-06T12:58:26Z,74.0,Charge 4
2023-03-06T12:58:31Z,73.0,Charge 4
2023-03-06T12:58:36Z,74.0,Charge 4
2023-03-06T12:58:51Z,73.0,Charge 4
2023-03-06T12:59:01Z,74.0,Charge 4
2023-03-06T12:59:06Z,75.0,Charge 4
2023-03-06T12:59:11Z,77.0,Charge 4
2023-03-06T12:59:16Z,78.0,Charge 4
2023-03-06T12:59:21Z,79.0,Charge 4
2023-03-06T12:59:26Z,78.0,Charge 4
2023-03-06T12:59:31Z,77.0,Charge 4
2023-03-06T12:59:36Z,77.0,Charge 4
2023-03-06T12:59:46Z,78.0,Charge 4
2023-03-06T12:59:51Z,78.0,Charge 4
2023-03-06T12:59:56Z,79.0,Charge 4
2023-03-06T13:00:11Z,78.0,Charge 4
2023-03-06T13:00:26Z,78.0,Charge 4
2023-03-06T13:00:36Z,77.0,Charge 4
2023-03-06T13:00:41Z,75.0,Charge 4
2023-03-06T13:00:46Z,76.0,Charge 4
2023-03-06T13:01:01Z,76.0,Charge 4
2023-03-06T13:01:11Z,75.0,Charge 4
2023-03-06T13:01:16Z,74.0,Charge 4
2023-03-06T13:01:21Z,73.0,Charge 4
2023-03-06T13:01:31Z,72.0,Charge 4
2023-03-06T13:01:36Z,72.0,Charge 4
2023-03-06T13:01:41Z,73.0,Charge 4
2023-03-06T13:01:56Z,74.0,Charge 4
2023-03-06T13:02:01Z,74.0,Charge 4
2023-03-06T13:02:16Z,74.0,Charge 4
2023-03-06T13:02:21Z,75.0,Charge 4
2023-03-06T13:02:31Z,76.0,Charge 4
2023-03-06T13:02:36Z,77.0,Charge 4
2023-03-06T13:02:41Z,76.0,Charge 4
2023-03-06T13:02:46Z,75.0,Charge 4
2023-03-06T13:02:51Z,73.0,Charge 4
2023-03-06T13:03:01Z,74.0,Charge 4
2023-03-06T13:03:06Z,73.0,Charge 4
2023-03-06T13:03:11Z,71.0,Charge 4
2023-03-06T13:03:16Z,70.0,Charge 4
2023-03-06T13:03:31Z,71.0,Charge 4
2023-03-06T13:03:36Z,72.0,Charge 4
2023-03-06T13:03:41Z,73.0,Charge 4
2023-03-06T13:03:51Z,75.0,Charge 4
2023-03-06T13:04:06Z,74.0,Charge 4
2023-03-06T13:04:11Z,72.0,Charge 4
2023-03-06T13:04:16Z,71.0,Charge 4
2023-03-06T13:04:26Z,72.0,Charge 4
2023-03-06T13:04:41Z,72.0,Charge 4
2023-03-06T13:04:46Z,73.0,Charge 4
2023-03-06T13:04:51Z,74.0,Charge 4
2023-03-06T13:04:56Z,77.0,Charge 4
2023-03-06T13:05:01Z,77.0,Charge 4
2023-03-06T13:05:16Z,77.0,Charge 4
2023-03-06T13:05:21Z,76.0,Charge 4
2023-03-06T13:05:26Z,75.0,Charge 4
2023-03-06T13:05:36Z,76.0,Charge 4
2023-03-06T13:05:46Z,75.0,Charge 4
2023-03-06T13:05:51Z,76.0,Charge 4
2023-03-06T13:05:56Z,76.0,Charge 4
2023-03-06T13:06:01Z,75.0,Charge 4
2023-03-06T13:06:06Z,74.0,Charge 4
2023-03-06T13:06:16Z,75.0,Charge 4
2023-03-06T13:06:21Z,79.0,Charge 4
2023-03-06T13:06:26Z,79.0,Charge 4
2023-03-06T13:06:36Z,80.0,Charge 4
2023-03-06T13:06:41Z,82.0,Charge 4
2023-03-06T13:06:51Z,78.0,Charge 4
2023-03-06T13:06:56Z,76.0,Charge 4
2023-03-06T13:07:01Z,75.0,Charge 4
2023-03-06T13:07:06Z,73.0,Charge 4
2023-03-06T13:07:11Z,70.0,Charge 4
2023-03-06T13:07:21Z,69.0,Charge 4
2023-03-06T13:07:31Z,70.0,Charge 4
2023-03-06T13:07:46Z,69.0,Charge 4
2023-03-06T13:07:56Z,70.0,Charge 4
2023-03-06T13:08:01Z,71.0,Charge 4
2023-03-06T13:08:11Z,72.0,Charge 4
2023-03-06T13:08:21Z,75.0,Charge 4
2023-03-06T13:08:26Z,78.0,Charge 4
2023-03-06T13:08:31Z,77.0,Charge 4
2023-03-06T13:08:41Z,76.0,Charge 4
2023-03-06T13:08:46Z,75.0,Charge 4
2023-03-06T13:08:51Z,75.0,Charge 4
2023-03-06T13:09:06Z,75.0,Charge 4
2023-03-06T13:09:11Z,75.0,Charge 4
2023-03-06T13:09:16Z,77.0,Charge 4
2023-03-06T13:09:31Z,75.0,Charge 4
2023-03-06T13:09:36Z,74.0,Charge 4
2023-03-06T13:09:41Z,73.0,Charge 4
2023-03-06T13:09:56Z,73.0,Charge 4
2023-03-06T13:10:01Z,74.0,Charge 4
2023-03-06T13:10:11Z,73.0,Charge 4
2023-03-06T13:10:21Z,74.0,Charge 4
2023-03-06T13:10:26Z,74.0,Charge 4
2023-03-06T13:10:31Z,74.0,Charge 4
2023-03-06T13:10:36Z,73.0,Charge 4
2023-03-06T13:10:41Z,73.0,Charge 4
2023-03-06T13:10:46Z,74.0,Charge 4
2023-03-06T13:10:56Z,75.0,Charge 4
2023-03-06T13:11:01Z,76.0,Charge 4
2023-03-06T13:11:06Z,75.0,Charge 4
2023-03-06T13:11:11Z,72.0,Charge 4
2023-03-06T13:11:16Z,75.0,Charge 4
2023-03-06T13:11:21Z,76.0,Charge 4
2023-03-06T13:11:36Z,76.0,Charge 4
2023-03-06T13:11:42Z,77.0,Charge 4
2023-03-06T13:11:52Z,80.0,Charge 4
2023-03-06T13:12:02Z,79.0,Charge 4
2023-03-06T13:12:07Z,77.0,Charge 4
2023-03-06T13:12:12Z,76.0,Charge 4
2023-03-06T13:12:17Z,75.0,Charge 4
2023-03-06T13:12:27Z,75.0,Charge 4
2023-03-06T13:12:42Z,75.0,Charge 4
2023-03-06T13:12:47Z,71.0,Charge 4
2023-03-06T13:12:52Z,70.0,Charge 4
2023-03-06T13:12:57Z,72.0,Charge 4
2023-03-06T13:13:02Z,78.0,Charge 4
2023-03-06T13:13:07Z,79.0,Charge 4
2023-03-06T13:13:17Z,80.0,Charge 4
2023-03-06T13:13:27Z,80.0,Charge 4
2023-03-06T13:13:42Z,80.0,Charge 4
2023-03-06T13:13:57Z,80.0,Charge 4
2023-03-06T13:14:12Z,80.0,Charge 4
2023-03-06T13:14:27Z,81.0,Charge 4
2023-03-06T13:14:42Z,83.0,Charge 4
2023-03-06T13:14:47Z,82.0,Charge 4
2023-03-06T13:14:52Z,81.0,Charge 4
2023-03-06T13:15:07Z,80.0,Charge 4
2023-03-06T13:15:12Z,79.0,Charge 4
2023-03-06T13:15:17Z,78.0,Charge 4
2023-03-06T13:15:22Z,76.0,Charge 4
2023-03-06T13:15:27Z,77.0,Charge 4
2023-03-06T13:15:42Z,75.0,Charge 4
2023-03-06T13:15:47Z,74.0,Charge 4
2023-03-06T13:15:52Z,75.0,Charge 4
2023-03-06T13:15:57Z,76.0,Charge 4
2023-03-06T13:16:02Z,77.0,Charge 4
2023-03-06T13:16:07Z,77.0,Charge 4
2023-03-06T13:16:17Z,78.0,Charge 4
2023-03-06T13:16:22Z,78.0,Charge 4
2023-03-06T13:16:32Z,77.0,Charge 4
2023-03-06T13:16:37Z,78.0,Charge 4
2023-03-06T13:16:42Z,79.0,Charge 4
2023-03-06T13:16:47Z,79.0,Charge 4
2023-03-06T13:16:52Z,78.0,Charge 4
2023-03-06T13:16:57Z,77.0,Charge 4
2023-03-06T13:17:02Z,74.0,Charge 4
2023-03-06T13:17:07Z,72.0,Charge 4
2023-03-06T13:17:12Z,73.0,Charge 4
2023-03-06T13:17:17Z,73.0,Charge 4
2023-03-06T13:17:22Z,74.0,Charge 4
2023-03-06T13:17:27Z,73.0,Charge 4
2023-03-06T13:17:32Z,74.0,Charge 4
2023-03-06T13:17:37Z,73.0,Charge 4
2023-03-06T13:17:42Z,72.0,Charge 4
2023-03-06T13:17:47Z,71.0,Charge 4
2023-03-06T13:18:02Z,71.0,Charge 4
2023-03-06T13:18:07Z,76.0,Charge 4
2023-03-06T13:18:12Z,78.0,Charge 4
2023-03-06T13:18:17Z,77.0,Charge 4
2023-03-06T13:18:22Z,76.0,Charge 4
2023-03-06T13:18:27Z,75.0,Charge 4
2023-03-06T13:18:32Z,74.0,Charge 4
2023-03-06T13:18:37Z,72.0,Charge 4
2023-03-06T13:18:42Z,71.0,Charge 4
2023-03-06T13:18:47Z,70.0,Charge 4
2023-03-06T13:18:52Z,71.0,Charge 4
2023-03-06T13:19:02Z,72.0,Charge 4
2023-03-06T13:19:12Z,73.0,Charge 4
2023-03-06T13:19:17Z,74.0,Charge 4
2023-03-06T13:19:22Z,77.0,Charge 4
2023-03-06T13:19:27Z,78.0,Charge 4
2023-03-06T13:19:37Z,79.0,Charge 4
2023-03-06T13:19:42Z,78.0,Charge 4
2023-03-06T13:19:47Z,76.0,Charge 4
2023-03-06T13:19:52Z,75.0,Charge 4
2023-03-06T13:19:57Z,74.0,Charge 4
2023-03-06T13:20:02Z,75.0,Charge 4
2023-03-06T13:20:17Z,76.0,Charge 4
2023-03-06T13:20:22Z,79.0,Charge 4
2023-03-06T13:20:27Z,81.0,Charge 4
2023-03-06T13:20:32Z,80.0,Charge 4
2023-03-06T13:20:37Z,79.0,Charge 4
2023-03-06T13:20:42Z,79.0,Charge 4
2023-03-06T13:20:47Z,78.0,Charge 4
2023-03-06T13:20:52Z,77.0,Charge 4
2023-03-06T13:20:57Z,77.0,Charge 4
2023-03-06T13:21:02Z,77.0,Charge 4
2023-03-06T13:21:07Z,78.0,Charge 4
2023-03-06T13:21:17Z,79.0,Charge 4
2023-03-06T13:21:22Z,78.0,Charge 4
2023-03-06T13:21:27Z,78.0,Charge 4
2023-03-06T13:21:42Z,77.0,Charge 4
2023-03-06T13:21:47Z,76.0,Charge 4
2023-03-06T13:21:52Z,74.0,Charge 4
2023-03-06T13:21:57Z,75.0,Charge 4
2023-03-06T13:22:02Z,73.0,Charge 4
2023-03-06T13:22:07Z,72.0,Charge 4
2023-03-06T13:22:12Z,73.0,Charge 4
2023-03-06T13:22:17Z,73.0,Charge 4
2023-03-06T13:22:22Z,75.0,Charge 4
2023-03-06T13:22:27Z,76.0,Charge 4
2023-03-06T13:22:42Z,75.0,Charge 4
2023-03-06T13:22:47Z,76.0,Charge 4
2023-03-06T13:22:52Z,75.0,Charge 4
2023-03-06T13:23:07Z,75.0,Charge 4
2023-03-06T13:23:12Z,77.0,Charge 4
2023-03-06T13:23:27Z,77.0,Charge 4
2023-03-06T13:23:37Z,76.0,Charge 4
2023-03-06T13:23:42Z,75.0,Charge 4
2023-03-06T13:23:57Z,75.0,Charge 4
2023-03-06T13:24:02Z,76.0,Charge 4
2023-03-06T13:24:07Z,77.0,Charge 4
2023-03-06T13:24:22Z,77.0,Charge 4
2023-03-06T13:24:27Z,78.0,Charge 4
2023-03-06T13:24:37Z,78.0,Charge 4
2023-03-06T13:24:47Z,77.0,Charge 4
2023-03-06T13:25:02Z,76.0,Charge 4
2023-03-06T13:25:07Z,77.0,Charge 4
2023-03-06T13:25:12Z,76.0,Charge 4
2023-03-06T13:25:17Z,75.0,Charge 4
2023-03-06T13:25:22Z,75.0,Charge 4
2023-03-06T13:25:37Z,77.0,Charge 4
2023-03-06T13:25:42Z,78.0,Charge 4
2023-03-06T13:25:52Z,77.0,Charge 4
2023-03-06T13:25:57Z,75.0,Charge 4
2023-03-06T13:26:02Z,74.0,Charge 4
2023-03-06T13:26:17Z,75.0,Charge 4
2023-03-06T13:26:32Z,76.0,Charge 4
2023-03-06T13:26:37Z,77.0,Charge 4
2023-03-06T13:26:42Z,78.0,Charge 4
2023-03-06T13:26:47Z,79.0,Charge 4
2023-03-06T13:27:02Z,80.0,Charge 4
2023-03-06T13:27:12Z,79.0,Charge 4
2023-03-06T13:27:27Z,79.0,Charge 4
2023-03-06T13:27:42Z,79.0,Charge 4
2023-03-06T13:27:52Z,80.0,Charge 4
2023-03-06T13:27:57Z,79.0,Charge 4
2023-03-06T13:28:12Z,80.0,Charge 4
2023-03-06T13:28:17Z,82.0,Charge 4
2023-03-06T13:28:22Z,86.0,Charge 4
2023-03-06T13:28:27Z,88.0,Charge 4
2023-03-06T13:28:32Z,89.0,Charge 4
2023-03-06T13:28:37Z,90.0,Charge 4
2023-03-06T13:28:42Z,90.0,Charge 4
2023-03-06T13:28:47Z,91.0,Charge 4
2023-03-06T13:28:57Z,92.0,Charge 4
2023-03-06T13:29:02Z,91.0,Charge 4
2023-03-06T13:29:07Z,90.0,Charge 4
2023-03-06T13:29:12Z,90.0,Charge 4
2023-03-06T13:29:17Z,88.0,Charge 4
2023-03-06T13:29:22Z,87.0,Charge 4
2023-03-06T13:29:27Z,86.0,Charge 4
2023-03-06T13:29:42Z,86.0,Charge 4
2023-03-06T13:29:52Z,87.0,Charge 4
2023-03-06T13:30:07Z,87.0,Charge 4
2023-03-06T13:30:22Z,88.0,Charge 4
2023-03-06T13:30:27Z,86.0,Charge 4
2023-03-06T13:30:32Z,85.0,Charge 4
2023-03-06T13:30:42Z,86.0,Charge 4
2023-03-06T13:30:57Z,86.0,Charge 4
2023-03-06T13:31:02Z,87.0,Charge 4
2023-03-06T13:31:17Z,87.0,Charge 4
2023-03-06T13:31:22Z,86.0,Charge 4
2023-03-06T13:31:27Z,85.0,Charge 4
2023-03-06T13:31:33Z,87.0,Charge 4
2023-03-06T13:31:38Z,89.0,Charge 4
2023-03-06T13:31:43Z,91.0,Charge 4
2023-03-06T13:31:48Z,90.0,Charge 4
2023-03-06T13:31:58Z,92.0,Charge 4
2023-03-06T13:32:03Z,91.0,Charge 4
2023-03-06T13:32:13Z,90.0,Charge 4
2023-03-06T13:32:28Z,89.0,Charge 4
2023-03-06T13:32:33Z,88.0,Charge 4
2023-03-06T13:32:38Z,90.0,Charge 4
2023-03-06T13:32:43Z,92.0,Charge 4
2023-03-06T13:32:48Z,91.0,Charge 4
2023-03-06T13:32:53Z,92.0,Charge 4
2023-03-06T13:32:58Z,91.0,Charge 4
2023-03-06T13:33:08Z,90.0,Charge 4
2023-03-06T13:33:13Z,89.0,Charge 4
2023-03-06T13:33:23Z,89.0,Charge 4
2023-03-06T13:33:38Z,90.0,Charge 4
2023-03-06T13:33:43Z,90.0,Charge 4
2023-03-06T13:33:48Z,89.0,Charge 4
2023-03-06T13:33:58Z,88.0,Charge 4
2023-03-06T13:34:03Z,87.0,Charge 4
2023-03-06T13:34:13Z,86.0,Charge 4
2023-03-06T13:34:18Z,87.0,Charge 4
2023-03-06T13:34:33Z,88.0,Charge 4
2023-03-06T13:34:43Z,89.0,Charge 4
2023-03-06T13:34:58Z,89.0,Charge 4
2023-03-06T13:35:03Z,89.0,Charge 4
2023-03-06T13:35:08Z,89.0,Charge 4
2023-03-06T13:35:13Z,90.0,Charge 4
2023-03-06T13:35:18Z,91.0,Charge 4
2023-03-06T13:35:23Z,90.0,Charge 4
2023-03-06T13:35:33Z,89.0,Charge 4
2023-03-06T13:35:43Z,88.0,Charge 4
2023-03-06T13:35:48Z,86.0,Charge 4
2023-03-06T13:35:53Z,85.0,Charge 4
2023-03-06T13:35:58Z,86.0,Charge 4
2023-03-06T13:36:13Z,86.0,Charge 4
2023-03-06T13:36:23Z,85.0,Charge 4
2023-03-06T13:36:28Z,85.0,Charge 4
2023-03-06T13:36:33Z,84.0,Charge 4
2023-03-06T13:36:43Z,83.0,Charge 4
2023-03-06T13:36:58Z,83.0,Charge 4
2023-03-06T13:37:03Z,83.0,Charge 4
2023-03-06T13:37:08Z,84.0,Charge 4
2023-03-06T13:37:13Z,86.0,Charge 4
2023-03-06T13:37:18Z,87.0,Charge 4
2023-03-06T13:37:23Z,88.0,Charge 4
2023-03-06T13:37:28Z,86.0,Charge 4
2023-03-06T13:37:43Z,87.0,Charge 4
2023-03-06T13:37:53Z,89.0,Charge 4
2023-03-06T13:37:58Z,88.0,Charge 4
2023-03-06T13:38:03Z,89.0,Charge 4
2023-03-06T13:38:08Z,90.0,Charge 4
2023-03-06T13:38:13Z,89.0,Charge 4
2023-03-06T13:38:23Z,90.0,Charge 4
2023-03-06T13:38:28Z,89.0,Charge 4
2023-03-06T13:38:33Z,90.0,Charge 4
2023-03-06T13:38:43Z,91.0,Charge 4
2023-03-06T13:38:48Z,92.0,Charge 4
2023-03-06T13:38:53Z,94.0,Charge 4
2023-03-06T13:38:58Z,93.0,Charge 4
2023-03-06T13:39:03Z,92.0,Charge 4
2023-03-06T13:39:08Z,91.0,Charge 4
2023-03-06T13:39:13Z,90.0,Charge 4
2023-03-06T13:39:23Z,91.0,Charge 4
2023-03-06T13:39:33Z,94.0,Charge 4
2023-03-06T13:39:38Z,95.0,Charge 4
2023-03-06T13:39:43Z,101.0,Charge 4
2023-03-06T13:39:48Z,97.0,Charge 4
2023-03-06T13:39:53Z,95.0,Charge 4
2023-03-06T13:39:58Z,93.0,Charge 4
2023-03-06T13:40:03Z,86.0,Charge 4
2023-03-06T13:40:08Z,84.0,Charge 4
2023-03-06T13:40:13Z,83.0,Charge 4
2023-03-06T13:40:28Z,83.0,Charge 4
2023-03-06T13:40:33Z,85.0,Charge 4
2023-03-06T13:40:38Z,84.0,Charge 4
2023-03-06T13:40:48Z,83.0,Charge 4
2023-03-06T13:40:58Z,84.0,Charge 4
2023-03-06T13:41:03Z,85.0,Charge 4
2023-03-06T13:41:08Z,86.0,Charge 4
2023-03-06T13:41:13Z,87.0,Charge 4
2023-03-06T13:41:28Z,87.0,Charge 4
2023-03-06T13:41:33Z,88.0,Charge 4
2023-03-06T13:41:38Z,86.0,Charge 4
2023-03-06T13:41:43Z,85.0,Charge 4
2023-03-06T13:41:48Z,83.0,Charge 4
2023-03-06T13:41:58Z,84.0,Charge 4
2023-03-06T13:42:03Z,85.0,Charge 4
2023-03-06T13:42:08Z,86.0,Charge 4
2023-03-06T13:42:13Z,85.0,Charge 4
2023-03-06T13:42:28Z,85.0,Charge 4
2023-03-06T13:42:33Z,84.0,Charge 4
2023-03-06T13:42:38Z,83.0,Charge 4
2023-03-06T13:42:43Z,82.0,Charge 4
2023-03-06T13:42:58Z,84.0,Charge 4
2023-03-06T13:43:03Z,83.0,Charge 4
2023-03-06T13:43:13Z,84.0,Charge 4
2023-03-06T13:43:18Z,83.0,Charge 4
2023-03-06T13:43:23Z,81.0,Charge 4
2023-03-06T13:43:38Z,81.0,Charge 4
2023-03-06T13:43:43Z,83.0,Charge 4
2023-03-06T13:43:48Z,85.0,Charge 4
2023-03-06T13:44:03Z,87.0,Charge 4
2023-03-06T13:44:08Z,88.0,Charge 4
2023-03-06T13:44:23Z,88.0,Charge 4
2023-03-06T13:44:28Z,89.0,Charge 4
2023-03-06T13:44:33Z,90.0,Charge 4
2023-03-06T13:44:38Z,91.0,Charge 4
2023-03-06T13:44:43Z,92.0,Charge 4
2023-03-06T13:44:48Z,91.0,Charge 4
2023-03-06T13:44:53Z,88.0,Charge 4
2023-03-06T13:44:58Z,84.0,Charge 4
2023-03-06T13:45:13Z,84.0,Charge 4
2023-03-06T13:45:18Z,85.0,Charge 4
2023-03-06T13:45:23Z,85.0,Charge 4
2023-03-06T13:45:28Z,85.0,Charge 4
2023-03-06T13:45:33Z,84.0,Charge 4
2023-03-06T13:45:38Z,85.0,Charge 4
2023-03-06T13:45:53Z,85.0,Charge 4
2023-03-06T13:46:03Z,86.0,Charge 4
2023-03-06T13:46:08Z,87.0,Charge 4
2023-03-06T13:46:13Z,86.0,Charge 4
2023-03-06T13:46:18Z,87.0,Charge 4
2023-03-06T13:46:23Z,84.0,Charge 4
2023-03-06T13:46:38Z,84.0,Charge 4
2023-03-06T13:46:43Z,85.0,Charge 4
2023-03-06T13:46:53Z,86.0,Charge 4
2023-03-06T13:46:58Z,87.0,Charge 4
2023-03-06T13:47:03Z,88.0,Charge 4
2023-03-06T13:47:08Z,89.0,Charge 4
2023-03-06T13:47:13Z,90.0,Charge 4
2023-03-06T13:47:18Z,94.0,Charge 4
2023-03-06T13:47:33Z,94.0,Charge 4
2023-03-06T13:47:34Z,94.0,Charge 4
2023-03-06T13:47:49Z,89.0,Charge 4
2023-03-06T13:47:54Z,90.0,Charge 4
2023-03-06T13:47:59Z,89.0,Charge 4
2023-03-06T13:48:04Z,89.0,Charge 4
2023-03-06T13:48:09Z,91.0,Charge 4
2023-03-06T13:48:14Z,90.0,Charge 4
2023-03-06T13:48:24Z,82.0,Charge 4
2023-03-06T13:48:29Z,77.0,Charge 4
2023-03-06T13:48:34Z,78.0,Charge 4
2023-03-06T13:48:49Z,78.0,Charge 4
2023-03-06T13:48:54Z,81.0,Charge 4
2023-03-06T13:48:59Z,82.0,Charge 4
2023-03-06T13:49:04Z,81.0,Charge 4
2023-03-06T13:49:14Z,80.0,Charge 4
2023-03-06T13:49:19Z,76.0,Charge 4
2023-03-06T13:49:24Z,78.0,Charge 4
2023-03-06T13:49:39Z,78.0,Charge 4
2023-03-06T13:49:44Z,82.0,Charge 4
2023-03-06T13:49:49Z,85.0,Charge 4
2023-03-06T13:49:54Z,82.0,Charge 4
2023-03-06T13:49:59Z,82.0,Charge 4
2023-03-06T13:50:14Z,82.0,Charge 4
2023-03-06T13:50:19Z,84.0,Charge 4
2023-03-06T13:50:29Z,85.0,Charge 4
2023-03-06T13:50:34Z,82.0,Charge 4
2023-03-06T13:50:39Z,81.0,Charge 4
2023-03-06T13:50:44Z,81.0,Charge 4
2023-03-06T13:50:54Z,80.0,Charge 4
2023-03-06T13:50:59Z,79.0,Charge 4
2023-03-06T13:51:04Z,80.0,Charge 4
2023-03-06T13:51:09Z,79.0,Charge 4
2023-03-06T13:51:14Z,79.0,Charge 4
2023-03-06T13:51:19Z,77.0,Charge 4
2023-03-06T13:51:24Z,77.0,Charge 4
2023-03-06T13:51:39Z,78.0,Charge 4
2023-03-06T13:51:44Z,79.0,Charge 4
2023-03-06T13:51:49Z,78.0,Charge 4
2023-03-06T13:51:59Z,79.0,Charge 4
2023-03-06T13:52:09Z,78.0,Charge 4
2023-03-06T13:52:19Z,79.0,Charge 4
2023-03-06T13:52:24Z,75.0,Charge 4
2023-03-06T13:52:29Z,73.0,Charge 4
2023-03-06T13:52:39Z,74.0,Charge 4
2023-03-06T13:52:44Z,77.0,Charge 4
2023-03-06T13:52:49Z,80.0,Charge 4
2023-03-06T13:52:54Z,81.0,Charge 4
2023-03-06T13:52:59Z,79.0,Charge 4
2023-03-06T13:53:14Z,80.0,Charge 4
2023-03-06T13:53:19Z,81.0,Charge 4
2023-03-06T13:53:24Z,80.0,Charge 4
2023-03-06T13:53:29Z,79.0,Charge 4
2023-03-06T13:53:39Z,78.0,Charge 4
2023-03-06T13:53:49Z,79.0,Charge 4
2023-03-06T13:53:54Z,79.0,Charge 4
2023-03-06T13:54:09Z,78.0,Charge 4
2023-03-06T13:54:14Z,75.0,Charge 4
2023-03-06T13:54:29Z,75.0,Charge 4
2023-03-06T13:54:44Z,74.0,Charge 4
2023-03-06T13:54:49Z,74.0,Charge 4
2023-03-06T13:54:59Z,75.0,Charge 4
2023-03-06T13:55:04Z,73.0,Charge 4
2023-03-06T13:55:09Z,74.0,Charge 4
2023-03-06T13:55:14Z,73.0,Charge 4
2023-03-06T13:55:19Z,74.0,Charge 4
2023-03-06T13:55:24Z,75.0,Charge 4
2023-03-06T13:55:29Z,74.0,Charge 4
2023-03-06T13:55:39Z,74.0,Charge 4
2023-03-06T13:55:49Z,76.0,Charge 4
2023-03-06T13:55:59Z,76.0,Charge 4
2023-03-06T13:56:04Z,75.0,Charge 4
2023-03-06T13:56:14Z,76.0,Charge 4
2023-03-06T13:56:29Z,76.0,Charge 4
2023-03-06T13:56:44Z,77.0,Charge 4
2023-03-06T13:56:49Z,79.0,Charge 4
2023-03-06T13:56:54Z,80.0,Charge 4
2023-03-06T13:56:59Z,80.0,Charge 4
2023-03-06T13:57:09Z,81.0,Charge 4
2023-03-06T13:57:14Z,81.0,Charge 4
2023-03-06T13:57:24Z,80.0,Charge 4
2023-03-06T13:57:29Z,79.0,Charge 4
2023-03-06T13:57:34Z,77.0,Charge 4
2023-03-06T13:57:39Z,75.0,Charge 4
2023-03-06T13:57:54Z,75.0,Charge 4
2023-03-06T13:57:59Z,72.0,Charge 4
2023-03-06T13:58:04Z,71.0,Charge 4
2023-03-06T13:58:09Z,70.0,Charge 4
2023-03-06T13:58:24Z,70.0,Charge 4
2023-03-06T13:58:34Z,71.0,Charge 4
2023-03-06T13:58:44Z,72.0,Charge 4
2023-03-06T13:58:49Z,74.0,Charge 4
2023-03-06T13:58:54Z,73.0,Charge 4
2023-03-06T13:59:09Z,74.0,Charge 4
2023-03-06T13:59:14Z,75.0,Charge 4
2023-03-06T13:59:19Z,77.0,Charge 4
2023-03-06T13:59:24Z,81.0,Charge 4
2023-03-06T13:59:34Z,82.0,Charge 4
2023-03-06T13:59:39Z,84.0,Charge 4
2023-03-06T13:59:44Z,85.0,Charge 4
2023-03-06T13:59:54Z,86.0,Charge 4
2023-03-06T14:00:09Z,86.0,Charge 4
2023-03-06T14:00:19Z,87.0,Charge 4
2023-03-06T14:00:24Z,88.0,Charge 4
2023-03-06T14:00:29Z,89.0,Charge 4
2023-03-06T14:00:34Z,93.0,Charge 4
2023-03-06T14:00:39Z,94.0,Charge 4
2023-03-06T14:00:44Z,95.0,Charge 4
2023-03-06T14:00:59Z,94.0,Charge 4
2023-03-06T14:01:04Z,96.0,Charge 4
2023-03-06T14:01:09Z,97.0,Charge 4
2023-03-06T14:01:19Z,96.0,Charge 4
2023-03-06T14:01:24Z,95.0,Charge 4
2023-03-06T14:01:29Z,90.0,Charge 4
2023-03-06T14:01:34Z,84.0,Charge 4
2023-03-06T14:01:44Z,85.0,Charge 4
2023-03-06T14:01:49Z,86.0,Charge 4
2023-03-06T14:01:54Z,87.0,Charge 4
2023-03-06T14:01:59Z,86.0,Charge 4
2023-03-06T14:02:04Z,85.0,Charge 4
2023-03-06T14:02:09Z,84.0,Charge 4
2023-03-06T14:02:24Z,85.0,Charge 4
2023-03-06T14:02:29Z,86.0,Charge 4
2023-03-06T14:02:39Z,87.0,Charge 4
2023-03-06T14:02:49Z,89.0,Charge 4
2023-03-06T14:02:54Z,91.0,Charge 4
2023-03-06T14:03:04Z,92.0,Charge 4
2023-03-06T14:03:19Z,92.0,Charge 4
2023-03-06T14:03:24Z,90.0,Charge 4
2023-03-06T14:03:29Z,91.0,Charge 4
2023-03-06T14:03:39Z,92.0,Charge 4
2023-03-06T14:03:54Z,92.0,Charge 4
2023-03-06T14:04:09Z,91.0,Charge 4
2023-03-06T14:04:19Z,90.0,Charge 4
2023-03-06T14:04:24Z,88.0,Charge 4
2023-03-06T14:04:30Z,87.0,Charge 4
2023-03-06T14:04:45Z,86.0,Charge 4
2023-03-06T14:04:50Z,85.0,Charge 4
2023-03-06T14:04:55Z,84.0,Charge 4
2023-03-06T14:05:05Z,83.0,Charge 4
2023-03-06T14:05:20Z,82.0,Charge 4
2023-03-06T14:05:35Z,82.0,Charge 4
2023-03-06T14:05:45Z,83.0,Charge 4
2023-03-06T14:05:50Z,86.0,Charge 4
2023-03-06T14:05:55Z,89.0,Charge 4
2023-03-06T14:06:00Z,90.0,Charge 4
2023-03-06T14:06:05Z,91.0,Charge 4
2023-03-06T14:06:10Z,92.0,Charge 4
2023-03-06T14:06:15Z,93.0,Charge 4
2023-03-06T14:06:25Z,94.0,Charge 4
2023-03-06T14:06:40Z,94.0,Charge 4
2023-03-06T14:06:45Z,91.0,Charge 4
2023-03-06T14:06:55Z,92.0,Charge 4
2023-03-06T14:07:00Z,91.0,Charge 4
2023-03-06T14:07:05Z,87.0,Charge 4
2023-03-06T14:07:15Z,91.0,Charge 4
2023-03-06T14:07:20Z,97.0,Charge 4
2023-03-06T14:07:30Z,96.0,Charge 4
2023-03-06T14:07:35Z,94.0,Charge 4
2023-03-06T14:07:45Z,93.0,Charge 4
2023-03-06T14:07:50Z,92.0,Charge 4
2023-03-06T14:07:55Z,93.0,Charge 4
2023-03-06T14:08:00Z,94.0,Charge 4
2023-03-06T14:08:05Z,95.0,Charge 4
2023-03-06T14:08:15Z,97.0,Charge 4
2023-03-06T14:08:20Z,96.0,Charge 4
2023-03-06T14:08:30Z,94.0,Charge 4
2023-03-06T14:08:35Z,92.0,Charge 4
2023-03-06T14:08:40Z,93.0,Charge 4
2023-03-06T14:08:45Z,95.0,Charge 4
2023-03-06T14:08:50Z,96.0,Charge 4
2023-03-06T14:09:00Z,97.0,Charge 4
2023-03-06T14:09:10Z,98.0,Charge 4
2023-03-06T14:09:20Z,96.0,Charge 4
2023-03-06T14:09:30Z,98.0,Charge 4
2023-03-06T14:09:35Z,97.0,Charge 4
2023-03-06T14:09:40Z,96.0,Charge 4
2023-03-06T14:09:45Z,94.0,Charge 4
2023-03-06T14:10:00Z,95.0,Charge 4
2023-03-06T14:10:05Z,96.0,Charge 4
2023-03-06T14:10:10Z,95.0,Charge 4
2023-03-06T14:10:15Z,93.0,Charge 4
2023-03-06T14:10:20Z,92.0,Charge 4
2023-03-06T14:10:25Z,90.0,Charge 4
2023-03-06T14:10:30Z,89.0,Charge 4
2023-03-06T14:10:40Z,93.0,Charge 4
2023-03-06T14:10:45Z,97.0,Charge 4
2023-03-06T14:10:55Z,96.0,Charge 4
2023-03-06T14:11:10Z,96.0,Charge 4
2023-03-06T14:11:15Z,95.0,Charge 4
2023-03-06T14:11:20Z,93.0,Charge 4
2023-03-06T14:11:25Z,96.0,Charge 4
2023-03-06T14:11:40Z,96.0,Charge 4
2023-03-06T14:11:45Z,95.0,Charge 4
2023-03-06T14:11:50Z,97.0,Charge 4
2023-03-06T14:11:55Z,99.0,Charge 4
2023-03-06T14:12:00Z,100.0,Charge 4
2023-03-06T14:12:05Z,98.0,Charge 4
2023-03-06T14:12:20Z,97.0,Charge 4
2023-03-06T14:12:25Z,96.0,Charge 4
2023-03-06T14:12:30Z,97.0,Charge 4
2023-03-06T14:12:35Z,100.0,Charge 4
2023-03-06T14:12:40Z,103.0,Charge 4
2023-03-06T14:12:45Z,106.0,Charge 4
2023-03-06T14:12:55Z,105.0,Charge 4
2023-03-06T14:13:00Z,101.0,Charge 4
2023-03-06T14:13:05Z,97.0,Charge 4
2023-03-06T14:13:10Z,95.0,Charge 4
2023-03-06T14:13:15Z,93.0,Charge 4
2023-03-06T14:13:20Z,90.0,Charge 4
2023-03-06T14:13:25Z,89.0,Charge 4
2023-03-06T14:13:30Z,90.0,Charge 4
2023-03-06T14:13:45Z,92.0,Charge 4
2023-03-06T14:13:50Z,91.0,Charge 4
2023-03-06T14:13:55Z,89.0,Charge 4
2023-03-06T14:14:00Z,91.0,Charge 4
2023-03-06T14:14:05Z,90.0,Charge 4
2023-03-06T14:14:10Z,88.0,Charge 4
2023-03-06T14:14:20Z,89.0,Charge 4
2023-03-06T14:14:30Z,90.0,Charge 4
2023-03-06T14:14:40Z,89.0,Charge 4
2023-03-06T14:14:45Z,90.0,Charge 4
2023-03-06T14:14:50Z,92.0,Charge 4
2023-03-06T14:15:05Z,92.0,Charge 4
2023-03-06T14:15:10Z,94.0,Charge 4
2023-03-06T14:15:15Z,98.0,Charge 4
2023-03-06T14:15:30Z,97.0,Charge 4
2023-03-06T14:15:35Z,96.0,Charge 4
2023-03-06T14:15:40Z,95.0,Charge 4
2023-03-06T14:15:50Z,94.0,Charge 4
2023-03-06T14:15:55Z,95.0,Charge 4
2023-03-06T14:16:05Z,94.0,Charge 4
2023-03-06T14:16:10Z,95.0,Charge 4
2023-03-06T14:16:15Z,94.0,Charge 4
2023-03-06T14:16:20Z,92.0,Charge 4
2023-03-06T14:16:30Z,93.0,Charge 4
2023-03-06T14:16:45Z,95.0,Charge 4
2023-03-06T14:16:55Z,94.0,Charge 4
2023-03-06T14:17:00Z,93.0,Charge 4
2023-03-06T14:17:05Z,94.0,Charge 4
2023-03-06T14:17:10Z,95.0,Charge 4
2023-03-06T14:17:25Z,96.0,Charge 4
2023-03-06T14:17:30Z,97.0,Charge 4
2023-03-06T14:17:35Z,98.0,Charge 4
2023-03-06T14:17:45Z,99.0,Charge 4
2023-03-06T14:17:50Z,101.0,Charge 4
2023-03-06T14:18:00Z,102.0,Charge 4
2023-03-06T14:18:05Z,103.0,Charge 4
2023-03-06T14:18:10Z,101.0,Charge 4
2023-03-06T14:18:15Z,100.0,Charge 4
2023-03-06T14:18:20Z,99.0,Charge 4
2023-03-06T14:18:25Z,98.0,Charge 4
2023-03-06T14:18:30Z,93.0,Charge 4
2023-03-06T14:18:35Z,91.0,Charge 4
2023-03-06T14:18:45Z,90.0,Charge 4
2023-03-06T14:18:50Z,92.0,Charge 4
2023-03-06T14:18:55Z,91.0,Charge 4
2023-03-06T14:19:00Z,92.0,Charge 4
2023-03-06T14:19:05Z,94.0,Charge 4
2023-03-06T14:19:15Z,90.0,Charge 4
2023-03-06T14:19:20Z,89.0,Charge 4
2023-03-06T14:19:25Z,91.0,Charge 4
2023-03-06T14:19:30Z,92.0,Charge 4
2023-03-06T14:19:35Z,89.0,Charge 4
2023-03-06T14:19:40Z,86.0,Charge 4
2023-03-06T14:19:45Z,83.0,Charge 4
2023-03-06T14:19:50Z,82.0,Charge 4
2023-03-06T14:19:55Z,81.0,Charge 4
2023-03-06T14:20:10Z,81.0,Charge 4
2023-03-06T14:20:15Z,82.0,Charge 4
2023-03-06T14:20:21Z,83.0,Charge 4
2023-03-06T14:20:36Z,83.0,Charge 4
2023-03-06T14:20:41Z,82.0,Charge 4
2023-03-06T14:20:46Z,81.0,Charge 4
2023-03-06T14:20:51Z,80.0,Charge 4
2023-03-06T14:21:01Z,83.0,Charge 4
2023-03-06T14:21:06Z,82.0,Charge 4
2023-03-06T14:21:11Z,80.0,Charge 4
2023-03-06T14:21:26Z,79.0,Charge 4
2023-03-06T14:21:31Z,76.0,Charge 4
2023-03-06T14:21:36Z,75.0,Charge 4
2023-03-06T14:21:51Z,74.0,Charge 4
2023-03-06T14:22:01Z,76.0,Charge 4
2023-03-06T14:22:06Z,78.0,Charge 4
2023-03-06T14:22:21Z,78.0,Charge 4
2023-03-06T14:22:26Z,81.0,Charge 4
2023-03-06T14:22:31Z,82.0,Charge 4
2023-03-06T14:22:36Z,80.0,Charge 4
2023-03-06T14:22:41Z,77.0,Charge 4
2023-03-06T14:22:46Z,76.0,Charge 4
2023-03-06T14:22:51Z,75.0,Charge 4
2023-03-06T14:22:56Z,76.0,Charge 4
2023-03-06T14:23:01Z,77.0,Charge 4
2023-03-06T14:23:06Z,78.0,Charge 4
2023-03-06T14:23:11Z,75.0,Charge 4
2023-03-06T14:23:26Z,75.0,Charge 4
2023-03-06T14:23:31Z,77.0,Charge 4
2023-03-06T14:23:36Z,79.0,Charge 4
2023-03-06T14:23:46Z,80.0,Charge 4
2023-03-06T14:23:56Z,79.0,Charge 4
2023-03-06T14:24:01Z,76.0,Charge 4
2023-03-06T14:24:06Z,75.0,Charge 4
2023-03-06T14:24:21Z,77.0,Charge 4
2023-03-06T14:24:26Z,79.0,Charge 4
2023-03-06T14:24:31Z,81.0,Charge 4
2023-03-06T14:24:41Z,80.0,Charge 4
2023-03-06T14:24:46Z,79.0,Charge 4
2023-03-06T14:24:56Z,72.0,Charge 4
2023-03-06T14:25:01Z,70.0,Charge 4
2023-03-06T14:25:06Z,72.0,Charge 4
2023-03-06T14:25:11Z,75.0,Charge 4
2023-03-06T14:25:16Z,76.0,Charge 4
2023-03-06T14:25:26Z,75.0,Charge 4
2023-03-06T14:25:36Z,75.0,Charge 4
2023-03-06T14:25:41Z,74.0,Charge 4
2023-03-06T14:25:46Z,75.0,Charge 4
2023-03-06T14:25:51Z,72.0,Charge 4
2023-03-06T14:25:56Z,71.0,Charge 4
2023-03-06T14:26:01Z,73.0,Charge 4
2023-03-06T14:26:06Z,75.0,Charge 4
2023-03-06T14:26:11Z,75.0,Charge 4
2023-03-06T14:26:16Z,76.0,Charge 4
2023-03-06T14:26:31Z,76.0,Charge 4
2023-03-06T14:26:36Z,77.0,Charge 4
2023-03-06T14:26:41Z,78.0,Charge 4
2023-03-06T14:26:46Z,79.0,Charge 4
2023-03-06T14:26:51Z,80.0,Charge 4
2023-03-06T14:27:01Z,83.0,Charge 4
2023-03-06T14:27:06Z,88.0,Charge 4
2023-03-06T14:27:11Z,91.0,Charge 4
2023-03-06T14:27:26Z,92.0,Charge 4
2023-03-06T14:27:36Z,93.0,Charge 4
2023-03-06T14:27:41Z,93.0,Charge 4
2023-03-06T14:27:46Z,93.0,Charge 4
2023-03-06T14:28:01Z,93.0,Charge 4
2023-03-06T14:28:06Z,94.0,Charge 4
2023-03-06T14:28:16Z,95.0,Charge 4
2023-03-06T14:28:31Z,94.0,Charge 4
2023-03-06T14:28:46Z,95.0,Charge 4
2023-03-06T14:28:51Z,94.0,Charge 4
2023-03-06T14:29:01Z,95.0,Charge 4
2023-03-06T14:29:06Z,96.0,Charge 4
2023-03-06T14:29:21Z,96.0,Charge 4
2023-03-06T14:29:36Z,96.0,Charge 4
2023-03-06T14:29:41Z,96.0,Charge 4
2023-03-06T14:29:51Z,96.0,Charge 4
2023-03-06T14:29:56Z,95.0,Charge 4
2023-03-06T14:30:06Z,94.0,Charge 4
2023-03-06T14:30:11Z,92.0,Charge 4
2023-03-06T14:30:16Z,91.0,Charge 4
2023-03-06T14:30:26Z,90.0,Charge 4
2023-03-06T14:30:31Z,90.0,Charge 4
2023-03-06T14:30:36Z,89.0,Charge 4
2023-03-06T14:30:46Z,88.0,Charge 4
2023-03-06T14:30:51Z,89.0,Charge 4
2023-03-06T14:30:56Z,88.0,Charge 4
2023-03-06T14:31:06Z,87.0,Charge 4
2023-03-06T14:31:16Z,86.0,Charge 4
2023-03-06T14:31:26Z,85.0,Charge 4
2023-03-06T14:31:31Z,83.0,Charge 4
2023-03-06T14:31:36Z,82.0,Charge 4
2023-03-06T14:31:41Z,82.0,Charge 4
2023-03-06T14:31:56Z,82.0,Charge 4
2023-03-06T14:32:11Z,82.0,Charge 4
2023-03-06T14:32:16Z,81.0,Charge 4
2023-03-06T14:32:21Z,78.0,Charge 4
2023-03-06T14:32:26Z,75.0,Charge 4
2023-03-06T14:32:31Z,75.0,Charge 4
2023-03-06T14:32:46Z,75.0,Charge 4
2023-03-06T14:32:51Z,76.0,Charge 4
2023-03-06T14:32:56Z,75.0,Charge 4
2023-03-06T14:33:06Z,75.0,Charge 4
2023-03-06T14:33:21Z,75.0,Charge 4
2023-03-06T14:33:36Z,76.0,Charge 4
2023-03-06T14:33:51Z,76.0,Charge 4
2023-03-06T14:33:56Z,75.0,Charge 4
2023-03-06T14:34:11Z,76.0,Charge 4
2023-03-06T14:34:26Z,76.0,Charge 4
2023-03-06T14:34:31Z,76.0,Charge 4
2023-03-06T14:34:46Z,75.0,Charge 4
2023-03-06T14:34:56Z,76.0,Charge 4
2023-03-06T14:35:01Z,77.0,Charge 4
2023-03-06T14:35:06Z,77.0,Charge 4
2023-03-06T14:35:11Z,78.0,Charge 4
2023-03-06T14:35:16Z,78.0,Charge 4
2023-03-06T14:35:31Z,78.0,Charge 4
2023-03-06T14:35:36Z,77.0,Charge 4
2023-03-06T14:35:41Z,78.0,Charge 4
2023-03-06T14:35:56Z,77.0,Charge 4
2023-03-06T14:36:06Z,76.0,Charge 4
2023-03-06T14:36:16Z,79.0,Charge 4
2023-03-06T14:36:21Z,80.0,Charge 4
2023-03-06T14:36:31Z,79.0,Charge 4
2023-03-06T14:36:41Z,80.0,Charge 4
2023-03-06T14:36:46Z,79.0,Charge 4
2023-03-06T14:36:56Z,80.0,Charge 4
2023-03-06T14:37:01Z,79.0,Charge 4
2023-03-06T14:37:16Z,79.0,Charge 4
2023-03-06T14:37:21Z,80.0,Charge 4
2023-03-06T14:37:26Z,82.0,Charge 4
2023-03-06T14:37:31Z,83.0,Charge 4
2023-03-06T14:37:36Z,84.0,Charge 4
2023-03-06T14:37:41Z,84.0,Charge 4
2023-03-06T14:37:46Z,83.0,Charge 4
2023-03-06T14:37:56Z,82.0,Charge 4
2023-03-06T14:38:02Z,81.0,Charge 4
2023-03-06T14:38:12Z,80.0,Charge 4
2023-03-06T14:38:22Z,79.0,Charge 4
2023-03-06T14:38:27Z,78.0,Charge 4
2023-03-06T14:38:37Z,77.0,Charge 4
2023-03-06T14:38:42Z,76.0,Charge 4
2023-03-06T14:38:57Z,76.0,Charge 4
2023-03-06T14:39:02Z,77.0,Charge 4
2023-03-06T14:39:17Z,77.0,Charge 4
2023-03-06T14:39:32Z,77.0,Charge 4
2023-03-06T14:39:47Z,77.0,Charge 4
2023-03-06T14:39:57Z,76.0,Charge 4
2023-03-06T14:40:02Z,76.0,Charge 4
2023-03-06T14:40:07Z,76.0,Charge 4
2023-03-06T14:40:12Z,77.0,Charge 4
2023-03-06T14:40:22Z,78.0,Charge 4
2023-03-06T14:40:37Z,78.0,Charge 4
2023-03-06T14:40:52Z,77.0,Charge 4
2023-03-06T14:41:02Z,79.0,Charge 4
2023-03-06T14:41:07Z,76.0,Charge 4
2023-03-06T14:41:12Z,75.0,Charge 4
2023-03-06T14:41:27Z,76.0,Charge 4
2023-03-06T14:41:32Z,77.0,Charge 4
2023-03-06T14:41:37Z,76.0,Charge 4
2023-03-06T14:41:42Z,77.0,Charge 4
2023-03-06T14:41:47Z,78.0,Charge 4
2023-03-06T14:41:52Z,79.0,Charge 4
2023-03-06T14:41:57Z,79.0,Charge 4
2023-03-06T14:42:12Z,80.0,Charge 4
2023-03-06T14:42:27Z,79.0,Charge 4
2023-03-06T14:42:37Z,78.0,Charge 4
2023-03-06T14:42:42Z,78.0,Charge 4
2023-03-06T14:42:47Z,78.0,Charge 4
2023-03-06T14:43:02Z,78.0,Charge 4
2023-03-06T14:43:17Z,78.0,Charge 4
2023-03-06T14:43:22Z,79.0,Charge 4
2023-03-06T14:43:27Z,80.0,Charge 4
2023-03-06T14:43:32Z,82.0,Charge 4
2023-03-06T14:43:42Z,84.0,Charge 4
2023-03-06T14:43:47Z,83.0,Charge 4
2023-03-06T14:43:52Z,82.0,Charge 4
2023-03-06T14:44:07Z,82.0,Charge 4
2023-03-06T14:44:12Z,82.0,Charge 4
2023-03-06T14:44:17Z,83.0,Charge 4
2023-03-06T14:44:27Z,84.0,Charge 4
2023-03-06T14:44:32Z,83.0,Charge 4
2023-03-06T14:44:37Z,82.0,Charge 4
2023-03-06T14:44:47Z,82.0,Charge 4
2023-03-06T14:45:02Z,83.0,Charge 4
2023-03-06T14:45:17Z,83.0,Charge 4
2023-03-06T14:45:32Z,83.0,Charge 4
2023-03-06T14:45:37Z,82.0,Charge 4
2023-03-06T14:45:42Z,81.0,Charge 4
2023-03-06T14:45:52Z,82.0,Charge 4
2023-03-06T14:45:57Z,82.0,Charge 4
2023-03-06T14:46:02Z,83.0,Charge 4
2023-03-06T14:46:07Z,84.0,Charge 4
2023-03-06T14:46:12Z,83.0,Charge 4
2023-03-06T14:46:17Z,82.0,Charge 4
2023-03-06T14:46:22Z,80.0,Charge 4
2023-03-06T14:46:32Z,78.0,Charge 4
2023-03-06T14:46:37Z,76.0,Charge 4
2023-03-06T14:46:47Z,77.0,Charge 4
2023-03-06T14:46:52Z,78.0,Charge 4
2023-03-06T14:46:57Z,79.0,Charge 4
2023-03-06T14:47:12Z,78.0,Charge 4
2023-03-06T14:47:22Z,79.0,Charge 4
2023-03-06T14:47:27Z,81.0,Charge 4
2023-03-06T14:47:42Z,79.0,Charge 4
2023-03-06T14:47:47Z,77.0,Charge 4
2023-03-06T14:47:52Z,77.0,Charge 4
2023-03-06T14:47:57Z,76.0,Charge 4
2023-03-06T14:48:02Z,76.0,Charge 4
2023-03-06T14:48:17Z,76.0,Charge 4
2023-03-06T14:48:32Z,76.0,Charge 4
2023-03-06T14:48:42Z,77.0,Charge 4
2023-03-06T14:48:47Z,78.0,Charge 4
2023-03-06T14:48:52Z,79.0,Charge 4
2023-03-06T14:48:57Z,78.0,Charge 4
2023-03-06T14:49:02Z,77.0,Charge 4
2023-03-06T14:49:17Z,78.0,Charge 4
2023-03-06T14:49:22Z,80.0,Charge 4
2023-03-06T14:49:27Z,79.0,Charge 4
2023-03-06T14:49:32Z,78.0,Charge 4
2023-03-06T14:49:37Z,77.0,Charge 4
2023-03-06T14:49:42Z,78.0,Charge 4
2023-03-06T14:49:47Z,79.0,Charge 4
2023-03-06T14:49:52Z,78.0,Charge 4
2023-03-06T14:50:07Z,78.0,Charge 4
2023-03-06T14:50:12Z,78.0,Charge 4
2023-03-06T14:50:27Z,78.0,Charge 4
2023-03-06T14:50:37Z,79.0,Charge 4
2023-03-06T14:50:47Z,80.0,Charge 4
2023-03-06T14:50:52Z,81.0,Charge 4
2023-03-06T14:51:07Z,81.0,Charge 4
2023-03-06T14:51:12Z,82.0,Charge 4
2023-03-06T14:51:17Z,90.0,Charge 4
2023-03-06T14:51:22Z,94.0,Charge 4
2023-03-06T14:51:37Z,94.0,Charge 4
2023-03-06T14:51:47Z,95.0,Charge 4
2023-03-06T14:52:02Z,95.0,Charge 4
2023-03-06T14:52:07Z,95.0,Charge 4
2023-03-06T14:52:17Z,93.0,Charge 4
2023-03-06T14:52:22Z,91.0,Charge 4
2023-03-06T14:52:27Z,89.0,Charge 4
2023-03-06T14:52:32Z,88.0,Charge 4
2023-03-06T14:52:47Z,88.0,Charge 4
2023-03-06T14:52:52Z,89.0,Charge 4
2023-03-06T14:52:57Z,88.0,Charge 4
2023-03-06T14:53:02Z,87.0,Charge 4
2023-03-06T14:53:17Z,87.0,Charge 4
2023-03-06T14:53:27Z,86.0,Charge 4
2023-03-06T14:53:42Z,86.0,Charge 4
2023-03-06T14:53:47Z,87.0,Charge 4
2023-03-06T14:53:57Z,86.0,Charge 4
2023-03-06T14:54:02Z,87.0,Charge 4
2023-03-06T14:54:12Z,86.0,Charge 4
2023-03-06T14:54:17Z,87.0,Charge 4
2023-03-06T14:54:32Z,88.0,Charge 4
2023-03-06T14:54:47Z,88.0,Charge 4
2023-03-06T14:55:02Z,87.0,Charge 4
2023-03-06T14:55:07Z,88.0,Charge 4
2023-03-06T14:55:12Z,90.0,Charge 4
2023-03-06T14:55:17Z,91.0,Charge 4
2023-03-06T14:55:22Z,91.0,Charge 4
2023-03-06T14:55:27Z,90.0,Charge 4
2023-03-06T14:55:32Z,89.0,Charge 4
2023-03-06T14:55:47Z,89.0,Charge 4
2023-03-06T14:55:52Z,89.0,Charge 4
2023-03-06T14:55:57Z,86.0,Charge 4
2023-03-06T14:56:02Z,86.0,Charge 4
2023-03-06T14:56:17Z,86.0,Charge 4
2023-03-06T14:56:18Z,86.0,Charge 4
2023-03-06T14:56:23Z,87.0,Charge 4
2023-03-06T14:56:28Z,89.0,Charge 4
2023-03-06T14:56:33Z,91.0,Charge 4
2023-03-06T14:56:48Z,91.0,Charge 4
2023-03-06T14:56:53Z,90.0,Charge 4
2023-03-06T14:57:03Z,88.0,Charge 4
2023-03-06T14:57:08Z,87.0,Charge 4
2023-03-06T14:57:13Z,86.0,Charge 4
2023-03-06T14:57:28Z,85.0,Charge 4
2023-03-06T14:57:43Z,85.0,Charge 4
2023-03-06T14:57:58Z,88.0,Charge 4
2023-03-06T14:58:03Z,89.0,Charge 4
2023-03-06T14:58:08Z,90.0,Charge 4
2023-03-06T14:58:18Z,89.0,Charge 4
2023-03-06T14:58:23Z,94.0,Charge 4
2023-03-06T14:58:28Z,99.0,Charge 4
2023-03-06T14:58:33Z,97.0,Charge 4
2023-03-06T14:58:38Z,96.0,Charge 4
2023-03-06T14:58:48Z,95.0,Charge 4
2023-03-06T14:58:58Z,93.0,Charge 4
2023-03-06T14:59:08Z,92.0,Charge 4
2023-03-06T14:59:23Z,92.0,Charge 4
2023-03-06T14:59:38Z,92.0,Charge 4
2023-03-06T14:59:43Z,93.0,Charge 4
2023-03-06T14:59:48Z,91.0,Charge 4
2023-03-06T14:59:53Z,89.0,Charge 4
2023-03-06T14:59:58Z,86.0,Charge 4
2023-03-06T15:00:03Z,85.0,Charge 4
2023-03-06T15:00:08Z,86.0,Charge 4
2023-03-06T15:00:13Z,87.0,Charge 4
2023-03-06T15:00:18Z,86.0,Charge 4
2023-03-06T15:00:28Z,87.0,Charge 4
2023-03-06T15:00:43Z,88.0,Charge 4
2023-03-06T15:00:48Z,89.0,Charge 4
2023-03-06T15:00:58Z,90.0,Charge 4
2023-03-06T15:01:13Z,90.0,Charge 4
2023-03-06T15:01:23Z,91.0,Charge 4
2023-03-06T15:01:38Z,91.0,Charge 4
2023-03-06T15:01:43Z,90.0,Charge 4
2023-03-06T15:01:48Z,89.0,Charge 4
2023-03-06T15:01:58Z,90.0,Charge 4
2023-03-06T15:02:13Z,90.0,Charge 4
2023-03-06T15:02:18Z,89.0,Charge 4
2023-03-06T15:02:33Z,89.0,Charge 4
2023-03-06T15:02:48Z,90.0,Charge 4
2023-03-06T15:02:53Z,91.0,Charge 4
2023-03-06T15:03:08Z,91.0,Charge 4
2023-03-06T15:03:13Z,92.0,Charge 4
2023-03-06T15:03:18Z,92.0,Charge 4
2023-03-06T15:03:23Z,88.0,Charge 4
2023-03-06T15:03:28Z,86.0,Charge 4
2023-03-06T15:03:33Z,88.0,Charge 4
2023-03-06T15:03:38Z,89.0,Charge 4
2023-03-06T15:03:43Z,90.0,Charge 4
2023-03-06T15:03:48Z,91.0,Charge 4
2023-03-06T15:03:53Z,92.0,Charge 4
2023-03-06T15:04:03Z,91.0,Charge 4
2023-03-06T15:04:08Z,92.0,Charge 4
2023-03-06T15:04:13Z,94.0,Charge 4
2023-03-06T15:04:18Z,97.0,Charge 4
2023-03-06T15:04:28Z,98.0,Charge 4
2023-03-06T15:04:33Z,99.0,Charge 4
2023-03-06T15:04:43Z,97.0,Charge 4
2023-03-06T15:04:58Z,98.0,Charge 4
2023-03-06T15:05:08Z,100.0,Charge 4
2023-03-06T15:05:13Z,103.0,Charge 4
2023-03-06T15:05:23Z,102.0,Charge 4
2023-03-06T15:05:28Z,95.0,Charge 4
2023-03-06T15:05:33Z,90.0,Charge 4
2023-03-06T15:05:38Z,87.0,Charge 4
2023-03-06T15:05:43Z,88.0,Charge 4
2023-03-06T15:05:48Z,90.0,Charge 4
2023-03-06T15:05:53Z,91.0,Charge 4
2023-03-06T15:05:58Z,94.0,Charge 4
2023-03-06T15:06:03Z,95.0,Charge 4
2023-03-06T15:06:18Z,97.0,Charge 4
2023-03-06T15:06:23Z,100.0,Charge 4
2023-03-06T15:06:28Z,101.0,Charge 4
2023-03-06T15:06:33Z,103.0,Charge 4
2023-03-06T15:06:38Z,104.0,Charge 4
2023-03-06T15:06:43Z,104.0,Charge 4
2023-03-06T15:06:48Z,102.0,Charge 4
2023-03-06T15:06:53Z,99.0,Charge 4
2023-03-06T15:07:03Z,101.0,Charge 4
2023-03-06T15:07:08Z,99.0,Charge 4
2023-03-06T15:07:13Z,93.0,Charge 4
2023-03-06T15:07:28Z,93.0,Charge 4
2023-03-06T15:07:33Z,92.0,Charge 4
2023-03-06T15:07:38Z,93.0,Charge 4
2023-03-06T15:07:43Z,94.0,Charge 4
2023-03-06T15:07:53Z,93.0,Charge 4
2023-03-06T15:07:58Z,90.0,Charge 4
2023-03-06T15:08:13Z,89.0,Charge 4
2023-03-06T15:08:18Z,91.0,Charge 4
2023-03-06T15:08:23Z,94.0,Charge 4
2023-03-06T15:08:28Z,95.0,Charge 4
2023-03-06T15:08:33Z,94.0,Charge 4
2023-03-06T15:08:38Z,92.0,Charge 4
2023-03-06T15:08:43Z,91.0,Charge 4
2023-03-06T15:08:53Z,90.0,Charge 4
2023-03-06T15:09:08Z,91.0,Charge 4
2023-03-06T15:09:13Z,94.0,Charge 4
2023-03-06T15:09:18Z,96.0,Charge 4
2023-03-06T15:09:28Z,95.0,Charge 4
2023-03-06T15:09:33Z,93.0,Charge 4
2023-03-06T15:09:38Z,92.0,Charge 4
2023-03-06T15:09:43Z,93.0,Charge 4
2023-03-06T15:09:48Z,93.0,Charge 4
2023-03-06T15:09:53Z,92.0,Charge 4
2023-03-06T15:09:58Z,91.0,Charge 4
2023-03-06T15:10:03Z,90.0,Charge 4
2023-03-06T15:10:08Z,89.0,Charge 4
2023-03-06T15:10:13Z,87.0,Charge 4
2023-03-06T15:10:18Z,85.0,Charge 4
2023-03-06T15:10:33Z,85.0,Charge 4
2023-03-06T15:10:38Z,86.0,Charge 4
2023-03-06T15:10:43Z,89.0,Charge 4
2023-03-06T15:10:48Z,91.0,Charge 4
2023-03-06T15:10:53Z,91.0,Charge 4
2023-03-06T15:11:08Z,91.0,Charge 4
2023-03-06T15:11:18Z,90.0,Charge 4
2023-03-06T15:11:33Z,90.0,Charge 4
2023-03-06T15:11:48Z,91.0,Charge 4
2023-03-06T15:12:03Z,91.0,Charge 4
2023-03-06T15:12:13Z,92.0,Charge 4
2023-03-06T15:12:28Z,92.0,Charge 4
2023-03-06T15:12:38Z,90.0,Charge 4
2023-03-06T15:12:43Z,91.0,Charge 4
2023-03-06T15:12:58Z,91.0,Charge 4
2023-03-06T15:13:13Z,90.0,Charge 4
2023-03-06T15:13:28Z,90.0,Charge 4
2023-03-06T15:13:33Z,89.0,Charge 4
2023-03-06T15:13:39Z,89.0,Charge 4
2023-03-06T15:13:49Z,88.0,Charge 4
2023-03-06T15:13:59Z,87.0,Charge 4
2023-03-06T15:14:09Z,88.0,Charge 4
2023-03-06T15:14:14Z,89.0,Charge 4
2023-03-06T15:14:19Z,90.0,Charge 4
2023-03-06T15:14:24Z,91.0,Charge 4
2023-03-06T15:14:39Z,91.0,Charge 4
2023-03-06T15:14:44Z,92.0,Charge 4
2023-03-06T15:14:54Z,93.0,Charge 4
2023-03-06T15:14:59Z,96.0,Charge 4
2023-03-06T15:15:04Z,97.0,Charge 4
2023-03-06T15:15:09Z,98.0,Charge 4
2023-03-06T15:15:14Z,99.0,Charge 4
2023-03-06T15:15:29Z,98.0,Charge 4
2023-03-06T15:15:34Z,97.0,Charge 4
2023-03-06T15:15:49Z,96.0,Charge 4
2023-03-06T15:15:54Z,95.0,Charge 4
2023-03-06T15:15:59Z,93.0,Charge 4
2023-03-06T15:16:04Z,92.0,Charge 4
2023-03-06T15:16:09Z,91.0,Charge 4
2023-03-06T15:16:14Z,90.0,Charge 4
2023-03-06T15:16:29Z,90.0,Charge 4
2023-03-06T15:16:34Z,89.0,Charge 4
2023-03-06T15:16:44Z,88.0,Charge 4
2023-03-06T15:16:49Z,87.0,Charge 4
2023-03-06T15:16:54Z,86.0,Charge 4
2023-03-06T15:16:59Z,86.0,Charge 4
2023-03-06T15:17:14Z,86.0,Charge 4
2023-03-06T15:17:29Z,86.0,Charge 4
2023-03-06T15:17:44Z,86.0,Charge 4
2023-03-06T15:17:49Z,87.0,Charge 4
2023-03-06T15:18:04Z,87.0,Charge 4
2023-03-06T15:18:14Z,85.0,Charge 4
2023-03-06T15:18:24Z,84.0,Charge 4
2023-03-06T15:18:29Z,81.0,Charge 4
2023-03-06T15:18:34Z,80.0,Charge 4
2023-03-06T15:18:44Z,81.0,Charge 4
2023-03-06T15:18:59Z,81.0,Charge 4
2023-03-06T15:19:04Z,80.0,Charge 4
2023-03-06T15:19:09Z,79.0,Charge 4
2023-03-06T15:19:14Z,78.0,Charge 4
2023-03-06T15:19:29Z,78.0,Charge 4
2023-03-06T15:19:44Z,78.0,Charge 4
2023-03-06T15:19:54Z,79.0,Charge 4
2023-03-06T15:19:59Z,80.0,Charge 4
2023-03-06T15:20:14Z,80.0,Charge 4
2023-03-06T15:20:19Z,79.0,Charge 4
2023-03-06T15:20:24Z,79.0,Charge 4
2023-03-06T15:20:29Z,78.0,Charge 4
2023-03-06T15:20:34Z,77.0,Charge 4
2023-03-06T15:20:39Z,78.0,Charge 4
2023-03-06T15:20:44Z,79.0,Charge 4
2023-03-06T15:20:54Z,80.0,Charge 4
2023-03-06T15:20:59Z,80.0,Charge 4
2023-03-06T15:21:04Z,81.0,Charge 4
2023-03-06T15:21:19Z,81.0,Charge 4
2023-03-06T15:21:24Z,81.0,Charge 4
2023-03-06T15:21:39Z,81.0,Charge 4
2023-03-06T15:21:49Z,82.0,Charge 4
2023-03-06T15:22:04Z,81.0,Charge 4
2023-03-06T15:22:09Z,82.0,Charge 4
2023-03-06T15:22:24Z,81.0,Charge 4
2023-03-06T15:22:39Z,81.0,Charge 4
2023-03-06T15:22:44Z,80.0,Charge 4
2023-03-06T15:22:59Z,79.0,Charge 4
2023-03-06T15:23:14Z,79.0,Charge 4
2023-03-06T15:23:29Z,80.0,Charge 4
2023-03-06T15:23:34Z,81.0,Charge 4
2023-03-06T15:23:49Z,82.0,Charge 4
2023-03-06T15:24:04Z,82.0,Charge 4
2023-03-06T15:24:19Z,82.0,Charge 4
2023-03-06T15:24:34Z,82.0,Charge 4
2023-03-06T15:24:49Z,82.0,Charge 4
2023-03-06T15:24:54Z,83.0,Charge 4
2023-03-06T15:24:59Z,83.0,Charge 4
2023-03-06T15:25:09Z,82.0,Charge 4
2023-03-06T15:25:14Z,81.0,Charge 4
2023-03-06T15:25:29Z,82.0,Charge 4
2023-03-06T15:25:44Z,82.0,Charge 4
2023-03-06T15:25:59Z,82.0,Charge 4
2023-03-06T15:26:04Z,82.0,Charge 4
2023-03-06T15:26:09Z,82.0,Charge 4
2023-03-06T15:26:24Z,81.0,Charge 4
2023-03-06T15:26:29Z,80.0,Charge 4
2023-03-06T15:26:44Z,80.0,Charge 4
2023-03-06T15:26:59Z,82.0,Charge 4
2023-03-06T15:27:04Z,83.0,Charge 4
2023-03-06T15:27:09Z,85.0,Charge 4
2023-03-06T15:27:14Z,86.0,Charge 4
2023-03-06T15:27:19Z,85.0,Charge 4
2023-03-06T15:27:34Z,85.0,Charge 4
2023-03-06T15:27:49Z,85.0,Charge 4
2023-03-06T15:28:04Z,85.0,Charge 4
2023-03-06T15:28:14Z,84.0,Charge 4
2023-03-06T15:28:24Z,83.0,Charge 4
2023-03-06T15:28:29Z,82.0,Charge 4
2023-03-06T15:28:39Z,82.0,Charge 4
2023-03-06T15:28:54Z,82.0,Charge 4
2023-03-06T15:29:04Z,81.0,Charge 4
2023-03-06T15:29:09Z,78.0,Charge 4
2023-03-06T15:29:14Z,79.0,Charge 4
2023-03-06T15:29:29Z,79.0,Charge 4
2023-03-06T15:29:34Z,80.0,Charge 4
2023-03-06T15:29:39Z,81.0,Charge 4
2023-03-06T15:29:54Z,81.0,Charge 4
2023-03-06T15:30:09Z,81.0,Charge 4
2023-03-06T15:30:15Z,81.0,Charge 4
2023-03-06T15:30:20Z,82.0,Charge 4
2023-03-06T15:30:30Z,83.0,Charge 4
2023-03-06T15:30:35Z,83.0,Charge 4
2023-03-06T15:30:50Z,83.0,Charge 4
2023-03-06T15:31:05Z,83.0,Charge 4
2023-03-06T15:31:20Z,83.0,Charge 4
2023-03-06T15:31:30Z,80.0,Charge 4
2023-03-06T15:31:35Z,76.0,Charge 4
2023-03-06T15:31:45Z,77.0,Charge 4
2023-03-06T15:31:50Z,78.0,Charge 4
2023-03-06T15:31:55Z,84.0,Charge 4
2023-03-06T15:32:00Z,87.0,Charge 4
2023-03-06T15:32:05Z,88.0,Charge 4
2023-03-06T15:32:15Z,87.0,Charge 4
2023-03-06T15:32:20Z,86.0,Charge 4
2023-03-06T15:32:25Z,86.0,Charge 4
2023-03-06T15:32:40Z,87.0,Charge 4
2023-03-06T15:32:45Z,93.0,Charge 4
2023-03-06T15:32:50Z,96.0,Charge 4
2023-03-06T15:32:55Z,98.0,Charge 4
2023-03-06T15:33:00Z,99.0,Charge 4
2023-03-06T15:33:05Z,100.0,Charge 4
2023-03-06T15:33:15Z,99.0,Charge 4
2023-03-06T15:33:20Z,98.0,Charge 4
2023-03-06T15:33:25Z,95.0,Charge 4
2023-03-06T15:33:30Z,92.0,Charge 4
2023-03-06T15:33:35Z,89.0,Charge 4
2023-03-06T15:33:50Z,90.0,Charge 4
2023-03-06T15:34:05Z,95.0,Charge 4
2023-03-06T15:34:10Z,97.0,Charge 4
2023-03-06T15:34:20Z,96.0,Charge 4
2023-03-06T15:34:25Z,97.0,Charge 4
2023-03-06T15:34:30Z,98.0,Charge 4
2023-03-06T15:34:40Z,99.0,Charge 4
2023-03-06T15:34:55Z,98.0,Charge 4
2023-03-06T15:35:00Z,99.0,Charge 4
2023-03-06T15:35:05Z,100.0,Charge 4
2023-03-06T15:35:10Z,101.0,Charge 4
2023-03-06T15:35:15Z,102.0,Charge 4
2023-03-06T15:35:20Z,103.0,Charge 4
2023-03-06T15:35:30Z,103.0,Charge 4
2023-03-06T15:35:35Z,104.0,Charge 4
2023-03-06T15:35:40Z,105.0,Charge 4
2023-03-06T15:35:45Z,107.0,Charge 4
2023-03-06T15:35:50Z,104.0,Charge 4
2023-03-06T15:35:55Z,99.0,Charge 4
2023-03-06T15:36:00Z,98.0,Charge 4
2023-03-06T15:36:15Z,98.0,Charge 4
2023-03-06T15:36:30Z,97.0,Charge 4
2023-03-06T15:36:45Z,97.0,Charge 4
2023-03-06T15:37:00Z,97.0,Charge 4
2023-03-06T15:37:10Z,97.0,Charge 4
2023-03-06T15:37:20Z,98.0,Charge 4
2023-03-06T15:37:25Z,98.0,Charge 4
2023-03-06T15:37:35Z,98.0,Charge 4
2023-03-06T15:37:45Z,98.0,Charge 4
2023-03-06T15:37:55Z,99.0,Charge 4
2023-03-06T15:38:00Z,102.0,Charge 4
2023-03-06T15:38:05Z,103.0,Charge 4
2023-03-06T15:38:10Z,99.0,Charge 4
2023-03-06T15:38:15Z,97.0,Charge 4
2023-03-06T15:38:25Z,96.0,Charge 4
2023-03-06T15:38:30Z,95.0,Charge 4
2023-03-06T15:38:35Z,94.0,Charge 4
2023-03-06T15:38:45Z,95.0,Charge 4
2023-03-06T15:38:50Z,96.0,Charge 4
2023-03-06T15:38:55Z,96.0,Charge 4
2023-03-06T15:39:00Z,95.0,Charge 4
2023-03-06T15:39:05Z,92.0,Charge 4
2023-03-06T15:39:10Z,91.0,Charge 4
2023-03-06T15:39:15Z,90.0,Charge 4
2023-03-06T15:39:25Z,89.0,Charge 4
2023-03-06T15:39:30Z,88.0,Charge 4
2023-03-06T15:39:45Z,88.0,Charge 4
2023-03-06T15:39:50Z,88.0,Charge 4
2023-03-06T15:39:55Z,89.0,Charge 4
2023-03-06T15:40:00Z,88.0,Charge 4
2023-03-06T15:40:05Z,85.0,Charge 4
2023-03-06T15:40:20Z,84.0,Charge 4
2023-03-06T15:40:25Z,84.0,Charge 4
2023-03-06T15:40:30Z,84.0,Charge 4
2023-03-06T15:40:35Z,84.0,Charge 4
2023-03-06T15:40:40Z,83.0,Charge 4
2023-03-06T15:40:45Z,82.0,Charge 4
2023-03-06T15:40:50Z,83.0,Charge 4
2023-03-06T15:40:55Z,84.0,Charge 4
2023-03-06T15:41:00Z,85.0,Charge 4
2023-03-06T15:41:05Z,84.0,Charge 4
2023-03-06T15:41:15Z,85.0,Charge 4
2023-03-06T15:41:25Z,86.0,Charge 4
2023-03-06T15:41:30Z,87.0,Charge 4
2023-03-06T15:41:35Z,88.0,Charge 4
2023-03-06T15:41:45Z,89.0,Charge 4
2023-03-06T15:41:50Z,90.0,Charge 4
2023-03-06T15:41:55Z,91.0,Charge 4
2023-03-06T15:42:00Z,92.0,Charge 4
2023-03-06T15:42:10Z,91.0,Charge 4
2023-03-06T15:42:15Z,88.0,Charge 4
2023-03-06T15:42:20Z,87.0,Charge 4
2023-03-06T15:42:30Z,86.0,Charge 4
2023-03-06T15:42:40Z,85.0,Charge 4
2023-03-06T15:42:50Z,86.0,Charge 4
2023-03-06T15:43:05Z,85.0,Charge 4
2023-03-06T15:43:20Z,86.0,Charge 4
2023-03-06T15:43:25Z,88.0,Charge 4
2023-03-06T15:43:30Z,87.0,Charge 4
2023-03-06T15:43:35Z,86.0,Charge 4
2023-03-06T15:43:40Z,87.0,Charge 4
2023-03-06T15:43:45Z,89.0,Charge 4
2023-03-06T15:43:50Z,90.0,Charge 4
2023-03-06T15:44:00Z,91.0,Charge 4
2023-03-06T15:44:05Z,93.0,Charge 4
2023-03-06T15:44:10Z,95.0,Charge 4
2023-03-06T15:44:15Z,94.0,Charge 4
2023-03-06T15:44:20Z,91.0,Charge 4
2023-03-06T15:44:30Z,90.0,Charge 4
2023-03-06T15:44:35Z,89.0,Charge 4
2023-03-06T15:44:45Z,89.0,Charge 4
2023-03-06T15:44:50Z,90.0,Charge 4
2023-03-06T15:44:55Z,91.0,Charge 4
2023-03-06T15:45:00Z,92.0,Charge 4
2023-03-06T15:45:05Z,93.0,Charge 4
2023-03-06T15:45:15Z,92.0,Charge 4
2023-03-06T15:45:20Z,92.0,Charge 4
2023-03-06T15:45:25Z,91.0,Charge 4
2023-03-06T15:45:30Z,90.0,Charge 4
2023-03-06T15:45:35Z,86.0,Charge 4
2023-03-06T15:45:40Z,85.0,Charge 4
2023-03-06T15:45:45Z,86.0,Charge 4
2023-03-06T15:45:50Z,86.0,Charge 4
2023-03-06T15:45:55Z,87.0,Charge 4
2023-03-06T15:46:00Z,88.0,Charge 4
2023-03-06T15:46:05Z,89.0,Charge 4
2023-03-06T15:46:15Z,88.0,Charge 4
2023-03-06T15:46:21Z,85.0,Charge 4
2023-03-06T15:46:26Z,84.0,Charge 4
2023-03-06T15:46:31Z,87.0,Charge 4
2023-03-06T15:46:36Z,88.0,Charge 4
2023-03-06T15:46:41Z,89.0,Charge 4
2023-03-06T15:46:46Z,90.0,Charge 4
2023-03-06T15:46:56Z,90.0,Charge 4
2023-03-06T15:47:06Z,90.0,Charge 4
2023-03-06T15:47:11Z,90.0,Charge 4
2023-03-06T15:47:16Z,91.0,Charge 4
2023-03-06T15:47:21Z,93.0,Charge 4
2023-03-06T15:47:26Z,94.0,Charge 4
2023-03-06T15:47:31Z,95.0,Charge 4
2023-03-06T15:47:46Z,96.0,Charge 4
2023-03-06T15:47:51Z,97.0,Charge 4
2023-03-06T15:48:01Z,96.0,Charge 4
2023-03-06T15:48:11Z,97.0,Charge 4
2023-03-06T15:48:21Z,98.0,Charge 4
2023-03-06T15:48:26Z,101.0,Charge 4
2023-03-06T15:48:31Z,102.0,Charge 4
2023-03-06T15:48:46Z,102.0,Charge 4
2023-03-06T15:48:51Z,103.0,Charge 4
2023-03-06T15:48:56Z,104.0,Charge 4
2023-03-06T15:49:01Z,105.0,Charge 4
2023-03-06T15:49:06Z,106.0,Charge 4
2023-03-06T15:49:11Z,109.0,Charge 4
2023-03-06T15:49:16Z,113.0,Charge 4
2023-03-06T15:49:21Z,118.0,Charge 4
2023-03-06T15:49:26Z,117.0,Charge 4
2023-03-06T15:49:31Z,115.0,Charge 4
2023-03-06T15:49:36Z,115.0,Charge 4
2023-03-06T15:49:41Z,118.0,Charge 4
2023-03-06T15:49:46Z,119.0,Charge 4
2023-03-06T15:50:01Z,119.0,Charge 4
2023-03-06T15:50:06Z,117.0,Charge 4
2023-03-06T15:50:11Z,116.0,Charge 4
2023-03-06T15:50:16Z,118.0,Charge 4
2023-03-06T15:50:26Z,115.0,Charge 4
2023-03-06T15:50:31Z,108.0,Charge 4
2023-03-06T15:50:36Z,106.0,Charge 4
2023-03-06T15:50:51Z,105.0,Charge 4
2023-03-06T15:50:56Z,102.0,Charge 4
2023-03-06T15:51:11Z,109.0,Charge 4
2023-03-06T15:51:21Z,107.0,Charge 4
2023-03-06T15:51:26Z,110.0,Charge 4
2023-03-06T15:51:31Z,112.0,Charge 4
2023-03-06T15:51:36Z,111.0,Charge 4
2023-03-06T15:51:41Z,113.0,Charge 4
2023-03-06T15:51:46Z,115.0,Charge 4
2023-03-06T15:51:51Z,116.0,Charge 4
2023-03-06T15:51:56Z,115.0,Charge 4
2023-03-06T15:52:06Z,116.0,Charge 4
2023-03-06T15:52:11Z,115.0,Charge 4
2023-03-06T15:52:16Z,116.0,Charge 4
2023-03-06T15:52:21Z,118.0,Charge 4
2023-03-06T15:52:26Z,116.0,Charge 4
2023-03-06T15:52:41Z,116.0,Charge 4
2023-03-06T15:52:51Z,114.0,Charge 4
2023-03-06T15:52:56Z,111.0,Charge 4
2023-03-06T15:53:06Z,110.0,Charge 4
2023-03-06T15:53:11Z,109.0,Charge 4
2023-03-06T15:53:21Z,108.0,Charge 4
2023-03-06T15:53:26Z,107.0,Charge 4
2023-03-06T15:53:31Z,104.0,Charge 4
2023-03-06T15:53:36Z,103.0,Charge 4
2023-03-06T15:53:41Z,102.0,Charge 4
2023-03-06T15:53:46Z,101.0,Charge 4
2023-03-06T15:54:01Z,98.0,Charge 4
2023-03-06T15:54:06Z,99.0,Charge 4
2023-03-06T15:54:11Z,104.0,Charge 4
2023-03-06T15:54:16Z,106.0,Charge 4
2023-03-06T15:54:31Z,106.0,Charge 4
2023-03-06T15:54:36Z,104.0,Charge 4
2023-03-06T15:54:41Z,102.0,Charge 4
2023-03-06T15:54:46Z,101.0,Charge 4
2023-03-06T15:54:51Z,100.0,Charge 4
2023-03-06T15:54:56Z,99.0,Charge 4
2023-03-06T15:55:01Z,98.0,Charge 4
2023-03-06T15:55:06Z,97.0,Charge 4
2023-03-06T15:55:11Z,97.0,Charge 4
2023-03-06T15:55:21Z,96.0,Charge 4
2023-03-06T15:55:26Z,96.0,Charge 4
2023-03-06T15:55:41Z,96.0,Charge 4
2023-03-06T15:55:56Z,96.0,Charge 4
2023-03-06T15:56:11Z,97.0,Charge 4
2023-03-06T15:56:16Z,96.0,Charge 4
2023-03-06T15:56:26Z,97.0,Charge 4
2023-03-06T15:56:41Z,96.0,Charge 4
2023-03-06T15:56:46Z,97.0,Charge 4
2023-03-06T15:57:01Z,98.0,Charge 4
2023-03-06T15:57:11Z,93.0,Charge 4
2023-03-06T15:57:16Z,91.0,Charge 4
2023-03-06T15:57:31Z,90.0,Charge 4
2023-03-06T15:57:41Z,93.0,Charge 4
2023-03-06T15:57:46Z,95.0,Charge 4
2023-03-06T15:57:51Z,96.0,Charge 4
2023-03-06T15:58:06Z,96.0,Charge 4
2023-03-06T15:58:21Z,97.0,Charge 4
2023-03-06T15:58:26Z,98.0,Charge 4
2023-03-06T15:58:36Z,97.0,Charge 4
2023-03-06T15:58:51Z,97.0,Charge 4
2023-03-06T15:59:01Z,96.0,Charge 4
2023-03-06T15:59:06Z,94.0,Charge 4
2023-03-06T15:59:21Z,94.0,Charge 4
2023-03-06T15:59:31Z,93.0,Charge 4
2023-03-06T15:59:46Z,93.0,Charge 4
2023-03-06T15:59:56Z,93.0,Charge 4
2023-03-06T16:00:06Z,93.0,Charge 4
2023-03-06T16:00:11Z,93.0,Charge 4
2023-03-06T16:00:16Z,96.0,Charge 4
2023-03-06T16:00:21Z,97.0,Charge 4
2023-03-06T16:00:36Z,95.0,Charge 4
2023-03-06T16:00:51Z,94.0,Charge 4
2023-03-06T16:01:01Z,95.0,Charge 4
2023-03-06T16:01:06Z,97.0,Charge 4
2023-03-06T16:01:16Z,99.0,Charge 4
2023-03-06T16:01:31Z,97.0,Charge 4
2023-03-06T16:01:36Z,95.0,Charge 4
2023-03-06T16:01:46Z,94.0,Charge 4
2023-03-06T16:01:51Z,95.0,Charge 4
2023-03-06T16:02:06Z,96.0,Charge 4
2023-03-06T16:02:11Z,97.0,Charge 4
2023-03-06T16:02:16Z,96.0,Charge 4
2023-03-06T16:02:26Z,97.0,Charge 4
2023-03-06T16:02:31Z,98.0,Charge 4
2023-03-06T16:02:41Z,99.0,Charge 4
2023-03-06T16:02:56Z,99.0,Charge 4
2023-03-06T16:03:11Z,100.0,Charge 4
2023-03-06T16:03:21Z,98.0,Charge 4
2023-03-06T16:03:31Z,97.0,Charge 4
2023-03-06T16:03:46Z,97.0,Charge 4
2023-03-06T16:03:56Z,95.0,Charge 4
2023-03-06T16:04:06Z,94.0,Charge 4
2023-03-06T16:04:12Z,95.0,Charge 4
2023-03-06T16:04:17Z,96.0,Charge 4
2023-03-06T16:04:22Z,94.0,Charge 4
2023-03-06T16:04:27Z,93.0,Charge 4
2023-03-06T16:04:42Z,93.0,Charge 4
2023-03-06T16:04:57Z,93.0,Charge 4
2023-03-06T16:05:02Z,95.0,Charge 4
2023-03-06T16:05:07Z,97.0,Charge 4
2023-03-06T16:05:12Z,98.0,Charge 4
2023-03-06T16:05:17Z,99.0,Charge 4
2023-03-06T16:05:22Z,98.0,Charge 4
2023-03-06T16:05:32Z,97.0,Charge 4
2023-03-06T16:05:37Z,94.0,Charge 4
2023-03-06T16:05:52Z,94.0,Charge 4
2023-03-06T16:05:57Z,95.0,Charge 4
2023-03-06T16:06:12Z,95.0,Charge 4
2023-03-06T16:06:27Z,94.0,Charge 4
2023-03-06T16:06:42Z,93.0,Charge 4
2023-03-06T16:06:52Z,94.0,Charge 4
2023-03-06T16:07:07Z,94.0,Charge 4
2023-03-06T16:07:22Z,95.0,Charge 4
2023-03-06T16:07:32Z,96.0,Charge 4
2023-03-06T16:07:42Z,94.0,Charge 4
2023-03-06T16:07:52Z,93.0,Charge 4
2023-03-06T16:08:02Z,95.0,Charge 4
2023-03-06T16:08:07Z,97.0,Charge 4
2023-03-06T16:08:12Z,99.0,Charge 4
2023-03-06T16:08:17Z,101.0,Charge 4
2023-03-06T16:08:22Z,100.0,Charge 4
2023-03-06T16:08:27Z,97.0,Charge 4
2023-03-06T16:08:32Z,95.0,Charge 4
2023-03-06T16:08:37Z,94.0,Charge 4
2023-03-06T16:08:42Z,96.0,Charge 4
2023-03-06T16:08:47Z,99.0,Charge 4
2023-03-06T16:08:52Z,101.0,Charge 4
2023-03-06T16:09:02Z,102.0,Charge 4
2023-03-06T16:09:07Z,100.0,Charge 4
2023-03-06T16:09:12Z,101.0,Charge 4
2023-03-06T16:09:17Z,105.0,Charge 4
2023-03-06T16:09:22Z,108.0,Charge 4
2023-03-06T16:09:27Z,110.0,Charge 4
2023-03-06T16:09:32Z,110.0,Charge 4
2023-03-06T16:09:42Z,111.0,Charge 4
2023-03-06T16:09:47Z,110.0,Charge 4
2023-03-06T16:09:52Z,105.0,Charge 4
2023-03-06T16:09:57Z,110.0,Charge 4
2023-03-06T16:10:02Z,115.0,Charge 4
2023-03-06T16:10:12Z,115.0,Charge 4
2023-03-06T16:10:17Z,116.0,Charge 4
2023-03-06T16:10:22Z,116.0,Charge 4
2023-03-06T16:10:27Z,115.0,Charge 4
2023-03-06T16:10:32Z,116.0,Charge 4
2023-03-06T16:10:42Z,115.0,Charge 4
2023-03-06T16:10:47Z,113.0,Charge 4
2023-03-06T16:10:52Z,110.0,Charge 4
2023-03-06T16:10:57Z,106.0,Charge 4
2023-03-06T16:11:02Z,105.0,Charge 4
2023-03-06T16:11:07Z,114.0,Charge 4
2023-03-06T16:11:12Z,116.0,Charge 4
2023-03-06T16:11:17Z,111.0,Charge 4
2023-03-06T16:11:22Z,109.0,Charge 4
2023-03-06T16:11:27Z,113.0,Charge 4
2023-03-06T16:11:37Z,113.0,Charge 4
2023-03-06T16:11:42Z,114.0,Charge 4
2023-03-06T16:11:47Z,112.0,Charge 4
2023-03-06T16:11:57Z,109.0,Charge 4
2023-03-06T16:12:02Z,110.0,Charge 4
2023-03-06T16:12:07Z,112.0,Charge 4
2023-03-06T16:12:12Z,110.0,Charge 4
2023-03-06T16:12:17Z,110.0,Charge 4
2023-03-06T16:12:27Z,111.0,Charge 4
2023-03-06T16:12:37Z,112.0,Charge 4
2023-03-06T16:12:42Z,114.0,Charge 4
2023-03-06T16:12:47Z,115.0,Charge 4
2023-03-06T16:12:52Z,114.0,Charge 4
2023-03-06T16:13:02Z,115.0,Charge 4
2023-03-06T16:13:17Z,118.0,Charge 4
2023-03-06T16:13:22Z,115.0,Charge 4
2023-03-06T16:13:27Z,111.0,Charge 4
2023-03-06T16:13:32Z,106.0,Charge 4
2023-03-06T16:13:37Z,103.0,Charge 4
2023-03-06T16:13:42Z,106.0,Charge 4
2023-03-06T16:13:47Z,111.0,Charge 4
2023-03-06T16:13:52Z,110.0,Charge 4
2023-03-06T16:13:57Z,111.0,Charge 4
2023-03-06T16:14:02Z,114.0,Charge 4
2023-03-06T16:14:07Z,117.0,Charge 4
2023-03-06T16:14:12Z,117.0,Charge 4
2023-03-06T16:14:17Z,118.0,Charge 4
2023-03-06T16:14:22Z,119.0,Charge 4
2023-03-06T16:14:27Z,118.0,Charge 4
2023-03-06T16:14:32Z,115.0,Charge 4
2023-03-06T16:14:37Z,116.0,Charge 4
2023-03-06T16:14:42Z,115.0,Charge 4
2023-03-06T16:14:47Z,114.0,Charge 4
2023-03-06T16:14:52Z,115.0,Charge 4
2023-03-06T16:14:57Z,116.0,Charge 4
2023-03-06T16:15:02Z,114.0,Charge 4
2023-03-06T16:15:07Z,113.0,Charge 4
2023-03-06T16:15:17Z,110.0,Charge 4
2023-03-06T16:15:22Z,106.0,Charge 4
2023-03-06T16:15:27Z,107.0,Charge 4
2023-03-06T16:15:32Z,108.0,Charge 4
2023-03-06T16:15:37Z,112.0,Charge 4
2023-03-06T16:15:42Z,109.0,Charge 4
2023-03-06T16:15:47Z,111.0,Charge 4
2023-03-06T16:15:52Z,110.0,Charge 4
2023-03-06T16:15:57Z,113.0,Charge 4
2023-03-06T16:16:02Z,116.0,Charge 4
2023-03-06T16:16:07Z,115.0,Charge 4
2023-03-06T16:16:12Z,113.0,Charge 4
2023-03-06T16:16:17Z,110.0,Charge 4
2023-03-06T16:16:22Z,108.0,Charge 4
2023-03-06T16:16:27Z,106.0,Charge 4
2023-03-06T16:16:32Z,109.0,Charge 4
2023-03-06T16:16:37Z,110.0,Charge 4
2023-03-06T16:16:42Z,109.0,Charge 4
2023-03-06T16:16:47Z,111.0,Charge 4
2023-03-06T16:16:52Z,112.0,Charge 4
2023-03-06T16:17:02Z,108.0,Charge 4
2023-03-06T16:17:07Z,105.0,Charge 4
2023-03-06T16:17:17Z,109.0,Charge 4
2023-03-06T16:17:22Z,107.0,Charge 4
2023-03-06T16:17:27Z,105.0,Charge 4
2023-03-06T16:17:32Z,104.0,Charge 4
2023-03-06T16:17:37Z,98.0,Charge 4
2023-03-06T16:17:42Z,92.0,Charge 4
2023-03-06T16:17:47Z,95.0,Charge 4
2023-03-06T16:17:52Z,98.0,Charge 4
2023-03-06T16:17:57Z,99.0,Charge 4
2023-03-06T16:18:02Z,101.0,Charge 4
2023-03-06T16:18:07Z,101.0,Charge 4
2023-03-06T16:18:12Z,102.0,Charge 4
2023-03-06T16:18:17Z,103.0,Charge 4
2023-03-06T16:18:22Z,103.0,Charge 4
2023-03-06T16:18:37Z,103.0,Charge 4
2023-03-06T16:18:42Z,104.0,Charge 4
2023-03-06T16:18:47Z,102.0,Charge 4
2023-03-06T16:18:52Z,103.0,Charge 4
2023-03-06T16:18:57Z,106.0,Charge 4
2023-03-06T16:19:07Z,97.0,Charge 4
2023-03-06T16:19:12Z,93.0,Charge 4
2023-03-06T16:19:17Z,91.0,Charge 4
2023-03-06T16:19:22Z,90.0,Charge 4
2023-03-06T16:19:27Z,90.0,Charge 4
2023-03-06T16:19:37Z,89.0,Charge 4
2023-03-06T16:19:52Z,89.0,Charge 4
2023-03-06T16:19:57Z,91.0,Charge 4
2023-03-06T16:20:02Z,91.0,Charge 4
2023-03-06T16:20:07Z,90.0,Charge 4
2023-03-06T16:20:12Z,89.0,Charge 4
2023-03-06T16:20:27Z,89.0,Charge 4
2023-03-06T16:20:32Z,87.0,Charge 4
2023-03-06T16:20:42Z,87.0,Charge 4
2023-03-06T16:20:47Z,89.0,Charge 4
2023-03-06T16:20:52Z,90.0,Charge 4
2023-03-06T16:21:02Z,91.0,Charge 4
2023-03-06T16:21:07Z,92.0,Charge 4
2023-03-06T16:21:13Z,90.0,Charge 4
2023-03-06T16:21:18Z,89.0,Charge 4
2023-03-06T16:21:33Z,89.0,Charge 4
2023-03-06T16:21:43Z,90.0,Charge 4
2023-03-06T16:21:48Z,89.0,Charge 4
2023-03-06T16:21:53Z,88.0,Charge 4
2023-03-06T16:22:08Z,88.0,Charge 4
2023-03-06T16:22:13Z,87.0,Charge 4
2023-03-06T16:22:18Z,86.0,Charge 4
2023-03-06T16:22:28Z,87.0,Charge 4
2023-03-06T16:22:38Z,89.0,Charge 4
2023-03-06T16:22:48Z,87.0,Charge 4
2023-03-06T16:22:53Z,85.0,Charge 4
2023-03-06T16:23:08Z,85.0,Charge 4
2023-03-06T16:23:13Z,85.0,Charge 4
2023-03-06T16:23:23Z,87.0,Charge 4
2023-03-06T16:23:28Z,86.0,Charge 4
2023-03-06T16:23:38Z,87.0,Charge 4
2023-03-06T16:23:53Z,86.0,Charge 4
2023-03-06T16:24:03Z,86.0,Charge 4
2023-03-06T16:24:08Z,85.0,Charge 4
2023-03-06T16:24:18Z,85.0,Charge 4
2023-03-06T16:24:33Z,86.0,Charge 4
2023-03-06T16:24:48Z,86.0,Charge 4
2023-03-06T16:24:53Z,87.0,Charge 4
2023-03-06T16:25:08Z,87.0,Charge 4
2023-03-06T16:25:13Z,87.0,Charge 4
2023-03-06T16:25:18Z,88.0,Charge 4
2023-03-06T16:25:28Z,88.0,Charge 4
2023-03-06T16:25:33Z,88.0,Charge 4
2023-03-06T16:25:43Z,87.0,Charge 4
2023-03-06T16:25:48Z,80.0,Charge 4
2023-03-06T16:25:53Z,77.0,Charge 4
2023-03-06T16:25:58Z,80.0,Charge 4
2023-03-06T16:26:03Z,84.0,Charge 4
2023-03-06T16:26:08Z,85.0,Charge 4
2023-03-06T16:26:13Z,86.0,Charge 4
2023-03-06T16:26:18Z,87.0,Charge 4
2023-03-06T16:26:23Z,88.0,Charge 4
2023-03-06T16:26:28Z,87.0,Charge 4
2023-03-06T16:26:38Z,84.0,Charge 4
2023-03-06T16:26:43Z,82.0,Charge 4
2023-03-06T16:26:58Z,83.0,Charge 4
2023-03-06T16:27:08Z,84.0,Charge 4
2023-03-06T16:27:13Z,85.0,Charge 4
2023-03-06T16:27:28Z,85.0,Charge 4
2023-03-06T16:27:33Z,86.0,Charge 4
2023-03-06T16:27:48Z,87.0,Charge 4
2023-03-06T16:27:58Z,89.0,Charge 4
2023-03-06T16:28:03Z,90.0,Charge 4
2023-03-06T16:28:13Z,89.0,Charge 4
2023-03-06T16:28:18Z,88.0,Charge 4
2023-03-06T16:28:28Z,87.0,Charge 4
2023-03-06T16:28:33Z,85.0,Charge 4
2023-03-06T16:28:38Z,82.0,Charge 4
2023-03-06T16:28:48Z,83.0,Charge 4
2023-03-06T16:28:53Z,84.0,Charge 4
2023-03-06T16:29:03Z,85.0,Charge 4
2023-03-06T16:29:08Z,86.0,Charge 4
2023-03-06T16:29:13Z,85.0,Charge 4
2023-03-06T16:29:18Z,86.0,Charge 4
2023-03-06T16:29:23Z,85.0,Charge 4
2023-03-06T16:29:38Z,85.0,Charge 4
2023-03-06T16:29:43Z,87.0,Charge 4
2023-03-06T16:29:48Z,88.0,Charge 4
2023-03-06T16:29:58Z,86.0,Charge 4
2023-03-06T16:30:03Z,85.0,Charge 4
2023-03-06T16:30:08Z,86.0,Charge 4
2023-03-06T16:30:18Z,87.0,Charge 4
2023-03-06T16:30:23Z,88.0,Charge 4
2023-03-06T16:30:28Z,87.0,Charge 4
2023-03-06T16:30:33Z,83.0,Charge 4
2023-03-06T16:30:38Z,81.0,Charge 4
2023-03-06T16:30:48Z,83.0,Charge 4
2023-03-06T16:30:53Z,85.0,Charge 4
2023-03-06T16:30:58Z,86.0,Charge 4
2023-03-06T16:31:08Z,86.0,Charge 4
2023-03-06T16:31:13Z,87.0,Charge 4
2023-03-06T16:31:18Z,88.0,Charge 4
2023-03-06T16:31:23Z,89.0,Charge 4
2023-03-06T16:31:28Z,91.0,Charge 4
2023-03-06T16:31:33Z,91.0,Charge 4
2023-03-06T16:31:38Z,90.0,Charge 4
2023-03-06T16:31:43Z,89.0,Charge 4
2023-03-06T16:31:53Z,88.0,Charge 4
2023-03-06T16:31:58Z,88.0,Charge 4
2023-03-06T16:32:03Z,86.0,Charge 4
2023-03-06T16:32:13Z,85.0,Charge 4
2023-03-06T16:32:18Z,83.0,Charge 4
2023-03-06T16:32:28Z,84.0,Charge 4
2023-03-06T16:32:33Z,85.0,Charge 4
2023-03-06T16:32:38Z,86.0,Charge 4
2023-03-06T16:32:43Z,87.0,Charge 4
2023-03-06T16:32:48Z,88.0,Charge 4
2023-03-06T16:32:53Z,87.0,Charge 4
2023-03-06T16:33:03Z,88.0,Charge 4
2023-03-06T16:33:18Z,87.0,Charge 4
2023-03-06T16:33:23Z,86.0,Charge 4
2023-03-06T16:33:33Z,85.0,Charge 4
2023-03-06T16:33:38Z,85.0,Charge 4
2023-03-06T16:33:43Z,86.0,Charge 4
2023-03-06T16:33:48Z,85.0,Charge 4
2023-03-06T16:33:53Z,83.0,Charge 4
2023-03-06T16:33:58Z,84.0,Charge 4
2023-03-06T16:34:08Z,85.0,Charge 4
2023-03-06T16:34:13Z,87.0,Charge 4
2023-03-06T16:34:28Z,86.0,Charge 4
2023-03-06T16:34:38Z,85.0,Charge 4
2023-03-06T16:34:43Z,85.0,Charge 4
2023-03-06T16:34:53Z,86.0,Charge 4
2023-03-06T16:35:03Z,87.0,Charge 4
2023-03-06T16:35:13Z,92.0,Charge 4
2023-03-06T16:35:18Z,100.0,Charge 4
2023-03-06T16:35:23Z,103.0,Charge 4
2023-03-06T16:35:28Z,104.0,Charge 4
2023-03-06T16:35:33Z,106.0,Charge 4
2023-03-06T16:35:38Z,108.0,Charge 4
2023-03-06T16:35:43Z,109.0,Charge 4
2023-03-06T16:35:53Z,108.0,Charge 4
2023-03-06T16:35:58Z,106.0,Charge 4
2023-03-06T16:36:03Z,101.0,Charge 4
2023-03-06T16:36:08Z,94.0,Charge 4
2023-03-06T16:36:13Z,93.0,Charge 4
2023-03-06T16:36:18Z,93.0,Charge 4
2023-03-06T16:36:33Z,93.0,Charge 4
2023-03-06T16:36:38Z,90.0,Charge 4
2023-03-06T16:36:43Z,89.0,Charge 4
2023-03-06T16:36:48Z,88.0,Charge 4
2023-03-06T16:37:03Z,88.0,Charge 4
2023-03-06T16:37:08Z,87.0,Charge 4
2023-03-06T16:37:18Z,88.0,Charge 4
2023-03-06T16:37:33Z,88.0,Charge 4
2023-03-06T16:37:39Z,92.0,Charge 4
2023-03-06T16:37:44Z,93.0,Charge 4
2023-03-06T16:37:49Z,95.0,Charge 4
2023-03-06T16:37:54Z,97.0,Charge 4
2023-03-06T16:37:59Z,99.0,Charge 4
2023-03-06T16:38:04Z,101.0,Charge 4
2023-03-06T16:38:09Z,103.0,Charge 4
2023-03-06T16:38:19Z,104.0,Charge 4
2023-03-06T16:38:24Z,106.0,Charge 4
2023-03-06T16:38:29Z,109.0,Charge 4
2023-03-06T16:38:34Z,108.0,Charge 4
2023-03-06T16:38:39Z,107.0,Charge 4
2023-03-06T16:38:44Z,105.0,Charge 4
2023-03-06T16:38:49Z,101.0,Charge 4
2023-03-06T16:38:54Z,100.0,Charge 4
2023-03-06T16:38:59Z,102.0,Charge 4
2023-03-06T16:39:04Z,100.0,Charge 4
2023-03-06T16:39:09Z,101.0,Charge 4
2023-03-06T16:39:19Z,103.0,Charge 4
2023-03-06T16:39:24Z,102.0,Charge 4
2023-03-06T16:39:29Z,97.0,Charge 4
2023-03-06T16:39:34Z,102.0,Charge 4
2023-03-06T16:39:39Z,107.0,Charge 4
2023-03-06T16:39:44Z,111.0,Charge 4
2023-03-06T16:39:49Z,110.0,Charge 4
2023-03-06T16:39:54Z,107.0,Charge 4
2023-03-06T16:39:59Z,106.0,Charge 4
2023-03-06T16:40:04Z,105.0,Charge 4
2023-03-06T16:40:14Z,106.0,Charge 4
2023-03-06T16:40:19Z,103.0,Charge 4
2023-03-06T16:40:24Z,97.0,Charge 4
2023-03-06T16:40:29Z,96.0,Charge 4
2023-03-06T16:40:34Z,95.0,Charge 4
2023-03-06T16:40:39Z,100.0,Charge 4
2023-03-06T16:40:44Z,107.0,Charge 4
2023-03-06T16:40:54Z,109.0,Charge 4
2023-03-06T16:40:59Z,115.0,Charge 4
2023-03-06T16:41:04Z,114.0,Charge 4
2023-03-06T16:41:09Z,114.0,Charge 4
2023-03-06T16:41:14Z,115.0,Charge 4
2023-03-06T16:41:19Z,116.0,Charge 4
2023-03-06T16:41:24Z,116.0,Charge 4
2023-03-06T16:41:29Z,115.0,Charge 4
2023-03-06T16:41:34Z,115.0,Charge 4
2023-03-06T16:41:39Z,113.0,Charge 4
2023-03-06T16:41:44Z,111.0,Charge 4
2023-03-06T16:41:49Z,109.0,Charge 4
2023-03-06T16:41:54Z,107.0,Charge 4
2023-03-06T16:42:09Z,111.0,Charge 4
2023-03-06T16:42:14Z,116.0,Charge 4
2023-03-06T16:42:19Z,119.0,Charge 4
2023-03-06T16:42:24Z,120.0,Charge 4
2023-03-06T16:42:34Z,118.0,Charge 4
2023-03-06T16:42:39Z,115.0,Charge 4
2023-03-06T16:42:44Z,121.0,Charge 4
2023-03-06T16:42:49Z,123.0,Charge 4
2023-03-06T16:42:54Z,120.0,Charge 4
2023-03-06T16:42:59Z,118.0,Charge 4
2023-03-06T16:43:09Z,120.0,Charge 4
2023-03-06T16:43:14Z,121.0,Charge 4
2023-03-06T16:43:19Z,120.0,Charge 4
2023-03-06T16:43:24Z,116.0,Charge 4
2023-03-06T16:43:29Z,111.0,Charge 4
2023-03-06T16:43:34Z,107.0,Charge 4
2023-03-06T16:43:39Z,104.0,Charge 4
2023-03-06T16:43:44Z,106.0,Charge 4
2023-03-06T16:43:49Z,114.0,Charge 4
2023-03-06T16:43:59Z,112.0,Charge 4
2023-03-06T16:44:04Z,109.0,Charge 4
2023-03-06T16:44:09Z,108.0,Charge 4
2023-03-06T16:44:14Z,106.0,Charge 4
2023-03-06T16:44:19Z,103.0,Charge 4
2023-03-06T16:44:24Z,100.0,Charge 4
2023-03-06T16:44:29Z,99.0,Charge 4
2023-03-06T16:44:34Z,104.0,Charge 4
2023-03-06T16:44:39Z,110.0,Charge 4
2023-03-06T16:44:44Z,109.0,Charge 4
2023-03-06T16:44:49Z,108.0,Charge 4
2023-03-06T16:44:54Z,105.0,Charge 4
2023-03-06T16:44:59Z,100.0,Charge 4
2023-03-06T16:45:04Z,100.0,Charge 4
2023-03-06T16:45:14Z,103.0,Charge 4
2023-03-06T16:45:19Z,107.0,Charge 4
2023-03-06T16:45:24Z,108.0,Charge 4
2023-03-06T16:45:34Z,111.0,Charge 4
2023-03-06T16:45:39Z,112.0,Charge 4
2023-03-06T16:45:44Z,113.0,Charge 4
2023-03-06T16:45:54Z,114.0,Charge 4
2023-03-06T16:45:59Z,115.0,Charge 4
2023-03-06T16:46:09Z,116.0,Charge 4
2023-03-06T16:46:24Z,115.0,Charge 4
2023-03-06T16:46:29Z,119.0,Charge 4
2023-03-06T16:46:34Z,120.0,Charge 4
2023-03-06T16:46:39Z,119.0,Charge 4
2023-03-06T16:46:44Z,120.0,Charge 4
2023-03-06T16:46:54Z,118.0,Charge 4
2023-03-06T16:46:59Z,112.0,Charge 4
2023-03-06T16:47:04Z,111.0,Charge 4
2023-03-06T16:47:09Z,112.0,Charge 4
2023-03-06T16:47:24Z,111.0,Charge 4
2023-03-06T16:47:29Z,110.0,Charge 4
2023-03-06T16:47:39Z,109.0,Charge 4
2023-03-06T16:47:44Z,106.0,Charge 4
2023-03-06T16:47:49Z,107.0,Charge 4
2023-03-06T16:47:54Z,109.0,Charge 4
2023-03-06T16:47:59Z,112.0,Charge 4
2023-03-06T16:48:04Z,111.0,Charge 4
2023-03-06T16:48:09Z,111.0,Charge 4
2023-03-06T16:48:14Z,110.0,Charge 4
2023-03-06T16:48:19Z,115.0,Charge 4
2023-03-06T16:48:29Z,114.0,Charge 4
2023-03-06T16:48:44Z,113.0,Charge 4
2023-03-06T16:48:49Z,110.0,Charge 4
2023-03-06T16:48:54Z,105.0,Charge 4
2023-03-06T16:49:09Z,105.0,Charge 4
2023-03-06T16:49:14Z,104.0,Charge 4
2023-03-06T16:49:24Z,105.0,Charge 4
2023-03-06T16:49:29Z,104.0,Charge 4
2023-03-06T16:49:39Z,103.0,Charge 4
2023-03-06T16:49:49Z,102.0,Charge 4
2023-03-06T16:49:59Z,94.0,Charge 4
2023-03-06T16:50:04Z,91.0,Charge 4
2023-03-06T16:50:09Z,93.0,Charge 4
2023-03-06T16:50:14Z,94.0,Charge 4
2023-03-06T16:50:24Z,97.0,Charge 4
2023-03-06T16:50:29Z,98.0,Charge 4
2023-03-06T16:50:34Z,99.0,Charge 4
2023-03-06T16:50:49Z,99.0,Charge 4
2023-03-06T16:50:59Z,97.0,Charge 4
2023-03-06T16:51:09Z,97.0,Charge 4
2023-03-06T16:51:19Z,97.0,Charge 4
2023-03-06T16:51:29Z,95.0,Charge 4
2023-03-06T16:51:34Z,94.0,Charge 4
2023-03-06T16:51:39Z,93.0,Charge 4
2023-03-06T16:51:44Z,93.0,Charge 4
2023-03-06T16:51:54Z,94.0,Charge 4
2023-03-06T16:51:59Z,94.0,Charge 4
2023-03-06T16:52:14Z,94.0,Charge 4
2023-03-06T16:52:19Z,96.0,Charge 4
2023-03-06T16:52:24Z,98.0,Charge 4
2023-03-06T16:52:29Z,99.0,Charge 4
2023-03-06T16:52:34Z,100.0,Charge 4
2023-03-06T16:52:39Z,101.0,Charge 4
2023-03-06T16:52:49Z,102.0,Charge 4
2023-03-06T16:52:59Z,101.0,Charge 4
2023-03-06T16:53:04Z,98.0,Charge 4
2023-03-06T16:53:09Z,96.0,Charge 4
2023-03-06T16:53:14Z,98.0,Charge 4
2023-03-06T16:53:19Z,99.0,Charge 4
2023-03-06T16:53:24Z,100.0,Charge 4
2023-03-06T16:53:29Z,99.0,Charge 4
2023-03-06T16:53:34Z,98.0,Charge 4
2023-03-06T16:53:39Z,96.0,Charge 4
2023-03-06T16:53:54Z,96.0,Charge 4
2023-03-06T16:53:59Z,90.0,Charge 4
2023-03-06T16:54:14Z,90.0,Charge 4
2023-03-06T16:54:19Z,91.0,Charge 4
2023-03-06T16:54:24Z,92.0,Charge 4
2023-03-06T16:54:29Z,96.0,Charge 4
2023-03-06T16:54:34Z,97.0,Charge 4
2023-03-06T16:54:40Z,95.0,Charge 4
2023-03-06T16:54:50Z,96.0,Charge 4
2023-03-06T16:55:05Z,96.0,Charge 4
2023-03-06T16:55:15Z,97.0,Charge 4
2023-03-06T16:55:20Z,96.0,Charge 4
2023-03-06T16:55:30Z,95.0,Charge 4
2023-03-06T16:55:45Z,95.0,Charge 4
2023-03-06T16:55:50Z,96.0,Charge 4
2023-03-06T16:55:55Z,97.0,Charge 4
2023-03-06T16:56:10Z,97.0,Charge 4
2023-03-06T16:56:15Z,99.0,Charge 4
2023-03-06T16:56:20Z,100.0,Charge 4
2023-03-06T16:56:25Z,101.0,Charge 4
2023-03-06T16:56:30Z,102.0,Charge 4
2023-03-06T16:56:35Z,104.0,Charge 4
2023-03-06T16:56:45Z,106.0,Charge 4
2023-03-06T16:56:50Z,108.0,Charge 4
2023-03-06T16:56:55Z,106.0,Charge 4
2023-03-06T16:57:00Z,103.0,Charge 4
2023-03-06T16:57:05Z,102.0,Charge 4
2023-03-06T16:57:10Z,100.0,Charge 4
2023-03-06T16:57:15Z,98.0,Charge 4
2023-03-06T16:57:20Z,98.0,Charge 4
2023-03-06T16:57:35Z,98.0,Charge 4
2023-03-06T16:57:40Z,102.0,Charge 4
2023-03-06T16:57:45Z,100.0,Charge 4
2023-03-06T16:57:55Z,102.0,Charge 4
2023-03-06T16:58:00Z,102.0,Charge 4
2023-03-06T16:58:05Z,101.0,Charge 4
2023-03-06T16:58:10Z,98.0,Charge 4
2023-03-06T16:58:15Z,99.0,Charge 4
2023-03-06T16:58:20Z,101.0,Charge 4
2023-03-06T16:58:25Z,100.0,Charge 4
2023-03-06T16:58:30Z,98.0,Charge 4
2023-03-06T16:58:35Z,99.0,Charge 4
2023-03-06T16:58:45Z,101.0,Charge 4
2023-03-06T16:58:50Z,100.0,Charge 4
2023-03-06T16:58:55Z,95.0,Charge 4
2023-03-06T16:59:10Z,94.0,Charge 4
2023-03-06T16:59:20Z,95.0,Charge 4
2023-03-06T16:59:25Z,96.0,Charge 4
2023-03-06T16:59:35Z,97.0,Charge 4
2023-03-06T16:59:50Z,98.0,Charge 4
2023-03-06T16:59:55Z,98.0,Charge 4
2023-03-06T17:00:00Z,98.0,Charge 4
2023-03-06T17:00:15Z,98.0,Charge 4
2023-03-06T17:00:25Z,97.0,Charge 4
2023-03-06T17:00:30Z,96.0,Charge 4
2023-03-06T17:00:45Z,96.0,Charge 4
2023-03-06T17:01:00Z,96.0,Charge 4
2023-03-06T17:01:05Z,95.0,Charge 4
2023-03-06T17:01:15Z,96.0,Charge 4
2023-03-06T17:01:30Z,96.0,Charge 4
2023-03-06T17:01:45Z,96.0,Charge 4
2023-03-06T17:01:50Z,96.0,Charge 4
2023-03-06T17:01:55Z,94.0,Charge 4
2023-03-06T17:02:00Z,93.0,Charge 4
2023-03-06T17:02:15Z,94.0,Charge 4
2023-03-06T17:02:20Z,95.0,Charge 4
2023-03-06T17:02:30Z,96.0,Charge 4
2023-03-06T17:02:45Z,96.0,Charge 4
2023-03-06T17:02:50Z,94.0,Charge 4
2023-03-06T17:03:05Z,95.0,Charge 4
2023-03-06T17:03:15Z,95.0,Charge 4
2023-03-06T17:03:20Z,94.0,Charge 4
2023-03-06T17:03:30Z,95.0,Charge 4
2023-03-06T17:03:40Z,93.0,Charge 4
2023-03-06T17:03:50Z,92.0,Charge 4
2023-03-06T17:04:00Z,93.0,Charge 4
2023-03-06T17:04:05Z,94.0,Charge 4
2023-03-06T17:04:10Z,95.0,Charge 4
2023-03-06T17:04:15Z,95.0,Charge 4
2023-03-06T17:04:20Z,95.0,Charge 4
2023-03-06T17:04:35Z,95.0,Charge 4
2023-03-06T17:04:50Z,97.0,Charge 4
2023-03-06T17:05:05Z,98.0,Charge 4
2023-03-06T17:05:10Z,99.0,Charge 4
2023-03-06T17:05:15Z,98.0,Charge 4
2023-03-06T17:05:20Z,97.0,Charge 4
2023-03-06T17:05:25Z,96.0,Charge 4
2023-03-06T17:05:30Z,95.0,Charge 4
2023-03-06T17:05:35Z,94.0,Charge 4
2023-03-06T17:05:50Z,94.0,Charge 4
2023-03-06T17:06:00Z,95.0,Charge 4
2023-03-06T17:06:10Z,95.0,Charge 4
2023-03-06T17:06:15Z,95.0,Charge 4
2023-03-06T17:06:30Z,95.0,Charge 4
2023-03-06T17:06:35Z,94.0,Charge 4
2023-03-06T17:06:40Z,95.0,Charge 4
2023-03-06T17:06:55Z,94.0,Charge 4
2023-03-06T17:07:00Z,95.0,Charge 4
2023-03-06T17:07:05Z,96.0,Charge 4
2023-03-06T17:07:20Z,96.0,Charge 4
2023-03-06T17:07:25Z,95.0,Charge 4
2023-03-06T17:07:30Z,97.0,Charge 4
2023-03-06T17:07:40Z,96.0,Charge 4
2023-03-06T17:07:50Z,95.0,Charge 4
2023-03-06T17:08:05Z,95.0,Charge 4
2023-03-06T17:08:15Z,94.0,Charge 4
2023-03-06T17:08:30Z,94.0,Charge 4
2023-03-06T17:08:40Z,93.0,Charge 4
2023-03-06T17:08:55Z,94.0,Charge 4
2023-03-06T17:09:00Z,95.0,Charge 4
2023-03-06T17:09:05Z,94.0,Charge 4
2023-03-06T17:09:10Z,93.0,Charge 4
2023-03-06T17:09:15Z,92.0,Charge 4
2023-03-06T17:09:25Z,93.0,Charge 4
2023-03-06T17:09:40Z,93.0,Charge 4
2023-03-06T17:09:45Z,93.0,Charge 4
2023-03-06T17:09:50Z,94.0,Charge 4
2023-03-06T17:09:55Z,92.0,Charge 4
2023-03-06T17:10:00Z,86.0,Charge 4
2023-03-06T17:10:05Z,85.0,Charge 4
2023-03-06T17:10:10Z,86.0,Charge 4
2023-03-06T17:10:20Z,87.0,Charge 4
2023-03-06T17:10:25Z,88.0,Charge 4
2023-03-06T17:10:35Z,89.0,Charge 4
2023-03-06T17:10:40Z,91.0,Charge 4
2023-03-06T17:10:45Z,93.0,Charge 4
2023-03-06T17:10:50Z,94.0,Charge 4
2023-03-06T17:11:05Z,95.0,Charge 4
2023-03-06T17:11:10Z,96.0,Charge 4
2023-03-06T17:11:20Z,97.0,Charge 4
2023-03-06T17:11:25Z,96.0,Charge 4
2023-03-06T17:11:30Z,96.0,Charge 4
2023-03-06T17:11:40Z,97.0,Charge 4
2023-03-06T17:11:50Z,96.0,Charge 4
2023-03-06T17:11:55Z,94.0,Charge 4
2023-03-06T17:12:00Z,93.0,Charge 4
2023-03-06T17:12:10Z,95.0,Charge 4
2023-03-06T17:12:15Z,97.0,Charge 4
2023-03-06T17:12:20Z,96.0,Charge 4
2023-03-06T17:12:30Z,95.0,Charge 4
2023-03-06T17:12:40Z,96.0,Charge 4
2023-03-06T17:12:45Z,95.0,Charge 4
2023-03-06T17:12:51Z,93.0,Charge 4
2023-03-06T17:13:06Z,94.0,Charge 4
2023-03-06T17:13:16Z,93.0,Charge 4
2023-03-06T17:13:31Z,93.0,Charge 4
2023-03-06T17:13:41Z,94.0,Charge 4
2023-03-06T17:13:51Z,92.0,Charge 4
2023-03-06T17:14:01Z,93.0,Charge 4
2023-03-06T17:14:06Z,95.0,Charge 4
2023-03-06T17:14:11Z,94.0,Charge 4
2023-03-06T17:14:21Z,93.0,Charge 4
2023-03-06T17:14:26Z,94.0,Charge 4
2023-03-06T17:14:41Z,95.0,Charge 4
2023-03-06T17:14:46Z,97.0,Charge 4
2023-03-06T17:14:51Z,96.0,Charge 4
2023-03-06T17:14:56Z,95.0,Charge 4
2023-03-06T17:15:01Z,94.0,Charge 4
2023-03-06T17:15:16Z,94.0,Charge 4
2023-03-06T17:15:31Z,94.0,Charge 4
2023-03-06T17:15:46Z,94.0,Charge 4
2023-03-06T17:15:56Z,93.0,Charge 4
2023-03-06T17:16:01Z,92.0,Charge 4
2023-03-06T17:16:06Z,94.0,Charge 4
2023-03-06T17:16:11Z,94.0,Charge 4
2023-03-06T17:16:26Z,94.0,Charge 4
2023-03-06T17:16:31Z,97.0,Charge 4
2023-03-06T17:16:36Z,98.0,Charge 4
2023-03-06T17:16:51Z,98.0,Charge 4
2023-03-06T17:16:56Z,97.0,Charge 4
2023-03-06T17:17:11Z,97.0,Charge 4
2023-03-06T17:17:16Z,96.0,Charge 4
2023-03-06T17:17:21Z,95.0,Charge 4
2023-03-06T17:17:26Z,96.0,Charge 4
2023-03-06T17:17:41Z,96.0,Charge 4
2023-03-06T17:17:46Z,95.0,Charge 4
2023-03-06T17:17:51Z,94.0,Charge 4
2023-03-06T17:18:06Z,94.0,Charge 4
2023-03-06T17:18:21Z,94.0,Charge 4
2023-03-06T17:18:36Z,94.0,Charge 4
2023-03-06T17:18:46Z,95.0,Charge 4
2023-03-06T17:19:01Z,95.0,Charge 4
2023-03-06T17:19:06Z,96.0,Charge 4
2023-03-06T17:19:16Z,97.0,Charge 4
2023-03-06T17:19:31Z,97.0,Charge 4
2023-03-06T17:19:36Z,95.0,Charge 4
2023-03-06T17:19:41Z,93.0,Charge 4
2023-03-06T17:19:46Z,93.0,Charge 4
2023-03-06T17:19:51Z,92.0,Charge 4
2023-03-06T17:20:01Z,93.0,Charge 4
2023-03-06T17:20:16Z,93.0,Charge 4
2023-03-06T17:20:26Z,94.0,Charge 4
2023-03-06T17:20:31Z,95.0,Charge 4
2023-03-06T17:20:36Z,99.0,Charge 4
2023-03-06T17:20:41Z,100.0,Charge 4
2023-03-06T17:20:46Z,101.0,Charge 4
2023-03-06T17:20:51Z,101.0,Charge 4
2023-03-06T17:20:56Z,102.0,Charge 4
2023-03-06T17:21:01Z,100.0,Charge 4
2023-03-06T17:21:11Z,100.0,Charge 4
2023-03-06T17:21:16Z,92.0,Charge 4
2023-03-06T17:21:21Z,90.0,Charge 4
2023-03-06T17:21:26Z,89.0,Charge 4
2023-03-06T17:21:31Z,88.0,Charge 4
2023-03-06T17:21:36Z,89.0,Charge 4
2023-03-06T17:21:41Z,91.0,Charge 4
2023-03-06T17:21:46Z,89.0,Charge 4
2023-03-06T17:21:51Z,88.0,Charge 4
2023-03-06T17:21:56Z,87.0,Charge 4
2023-03-06T17:22:06Z,85.0,Charge 4
2023-03-06T17:22:11Z,79.0,Charge 4
2023-03-06T17:22:16Z,80.0,Charge 4
2023-03-06T17:22:21Z,84.0,Charge 4
2023-03-06T17:22:26Z,86.0,Charge 4
2023-03-06T17:22:41Z,86.0,Charge 4
2023-03-06T17:22:46Z,87.0,Charge 4
2023-03-06T17:22:56Z,90.0,Charge 4
2023-03-06T17:23:01Z,92.0,Charge 4
2023-03-06T17:23:06Z,93.0,Charge 4
2023-03-06T17:23:11Z,94.0,Charge 4
2023-03-06T17:23:16Z,98.0,Charge 4
2023-03-06T17:23:21Z,97.0,Charge 4
2023-03-06T17:23:26Z,95.0,Charge 4
2023-03-06T17:23:31Z,94.0,Charge 4
2023-03-06T17:23:36Z,88.0,Charge 4
2023-03-06T17:23:41Z,82.0,Charge 4
2023-03-06T17:23:46Z,85.0,Charge 4
2023-03-06T17:23:51Z,87.0,Charge 4
2023-03-06T17:24:01Z,86.0,Charge 4
2023-03-06T17:24:11Z,86.0,Charge 4
2023-03-06T17:24:16Z,85.0,Charge 4
2023-03-06T17:24:21Z,84.0,Charge 4
2023-03-06T17:24:26Z,84.0,Charge 4
2023-03-06T17:24:41Z,83.0,Charge 4
2023-03-06T17:24:51Z,83.0,Charge 4
2023-03-06T17:24:56Z,83.0,Charge 4
2023-03-06T17:25:01Z,83.0,Charge 4
2023-03-06T17:25:06Z,82.0,Charge 4
2023-03-06T17:25:11Z,82.0,Charge 4
2023-03-06T17:25:16Z,82.0,Charge 4
2023-03-06T17:25:21Z,82.0,Charge 4
2023-03-06T17:25:31Z,83.0,Charge 4
2023-03-06T17:25:41Z,82.0,Charge 4
2023-03-06T17:25:46Z,81.0,Charge 4
2023-03-06T17:25:51Z,83.0,Charge 4
2023-03-06T17:26:01Z,84.0,Charge 4
2023-03-06T17:26:16Z,83.0,Charge 4
2023-03-06T17:26:21Z,82.0,Charge 4
2023-03-06T17:26:26Z,81.0,Charge 4
2023-03-06T17:26:36Z,81.0,Charge 4
2023-03-06T17:26:41Z,81.0,Charge 4
2023-03-06T17:26:56Z,82.0,Charge 4
2023-03-06T17:27:01Z,81.0,Charge 4
2023-03-06T17:27:06Z,80.0,Charge 4
2023-03-06T17:27:16Z,80.0,Charge 4
2023-03-06T17:27:26Z,83.0,Charge 4
2023-03-06T17:27:31Z,84.0,Charge 4
2023-03-06T17:27:36Z,82.0,Charge 4
2023-03-06T17:27:41Z,81.0,Charge 4
2023-03-06T17:27:56Z,81.0,Charge 4
2023-03-06T17:28:11Z,81.0,Charge 4
2023-03-06T17:28:16Z,81.0,Charge 4
2023-03-06T17:28:26Z,82.0,Charge 4
2023-03-06T17:28:41Z,82.0,Charge 4
2023-03-06T17:29:52Z,84.0,Charge 4
2023-03-06T17:30:07Z,84.0,Charge 4
2023-03-06T17:30:22Z,85.0,Charge 4
2023-03-06T17:30:27Z,84.0,Charge 4
2023-03-06T17:30:32Z,83.0,Charge 4
2023-03-06T17:30:47Z,83.0,Charge 4
2023-03-06T17:31:02Z,85.0,Charge 4
2023-03-06T17:31:12Z,84.0,Charge 4
2023-03-06T17:31:17Z,84.0,Charge 4
2023-03-06T17:31:22Z,85.0,Charge 4
2023-03-06T17:31:37Z,85.0,Charge 4
2023-03-06T17:31:47Z,85.0,Charge 4
2023-03-06T17:31:52Z,86.0,Charge 4
2023-03-06T17:32:07Z,85.0,Charge 4
2023-03-06T17:32:12Z,84.0,Charge 4
2023-03-06T17:32:17Z,83.0,Charge 4
2023-03-06T17:32:22Z,83.0,Charge 4
2023-03-06T17:32:37Z,83.0,Charge 4
2023-03-06T17:32:52Z,83.0,Charge 4
2023-03-06T17:33:02Z,84.0,Charge 4
2023-03-06T17:33:07Z,85.0,Charge 4
2023-03-06T17:33:17Z,85.0,Charge 4
2023-03-06T17:33:27Z,84.0,Charge 4
2023-03-06T17:33:32Z,80.0,Charge 4
2023-03-06T17:33:37Z,80.0,Charge 4
2023-03-06T17:33:42Z,80.0,Charge 4
2023-03-06T17:33:52Z,81.0,Charge 4
2023-03-06T17:33:57Z,82.0,Charge 4
2023-03-06T17:34:07Z,84.0,Charge 4
2023-03-06T17:34:17Z,84.0,Charge 4
2023-03-06T17:34:22Z,84.0,Charge 4
2023-03-06T17:34:27Z,84.0,Charge 4
2023-03-06T17:34:32Z,85.0,Charge 4
2023-03-06T17:34:47Z,87.0,Charge 4
2023-03-06T17:34:52Z,88.0,Charge 4
2023-03-06T17:34:57Z,86.0,Charge 4
2023-03-06T17:35:07Z,86.0,Charge 4
2023-03-06T17:35:12Z,87.0,Charge 4
2023-03-06T17:35:17Z,86.0,Charge 4
2023-03-06T17:35:22Z,86.0,Charge 4
2023-03-06T17:35:32Z,85.0,Charge 4
2023-03-06T17:35:37Z,85.0,Charge 4
2023-03-06T17:35:42Z,84.0,Charge 4
2023-03-06T17:35:47Z,84.0,Charge 4
2023-03-06T17:35:52Z,85.0,Charge 4
2023-03-06T17:35:57Z,85.0,Charge 4
2023-03-06T17:36:07Z,84.0,Charge 4
2023-03-06T17:36:12Z,85.0,Charge 4
2023-03-06T17:36:27Z,86.0,Charge 4
2023-03-06T17:36:32Z,87.0,Charge 4
2023-03-06T17:36:37Z,87.0,Charge 4
2023-03-06T17:36:42Z,86.0,Charge 4
2023-03-06T17:36:52Z,88.0,Charge 4
2023-03-06T17:36:57Z,87.0,Charge 4
2023-03-06T17:37:02Z,86.0,Charge 4
2023-03-06T17:37:12Z,85.0,Charge 4
2023-03-06T17:37:22Z,85.0,Charge 4
2023-03-06T17:37:27Z,86.0,Charge 4
2023-03-06T17:37:32Z,85.0,Charge 4
2023-03-06T17:37:37Z,84.0,Charge 4
2023-03-06T17:37:47Z,85.0,Charge 4
2023-03-06T17:37:52Z,84.0,Charge 4
2023-03-06T17:38:02Z,85.0,Charge 4
2023-03-06T17:38:07Z,86.0,Charge 4
2023-03-06T17:38:17Z,87.0,Charge 4
2023-03-06T17:38:22Z,89.0,Charge 4
2023-03-06T17:38:27Z,84.0,Charge 4
2023-03-06T17:38:32Z,82.0,Charge 4
2023-03-06T17:38:42Z,83.0,Charge 4
2023-03-06T17:38:52Z,84.0,Charge 4
2023-03-06T17:39:02Z,85.0,Charge 4
2023-03-06T17:39:07Z,84.0,Charge 4
2023-03-06T17:39:12Z,84.0,Charge 4
2023-03-06T17:39:17Z,83.0,Charge 4
2023-03-06T17:39:32Z,83.0,Charge 4
2023-03-06T17:39:37Z,84.0,Charge 4
2023-03-06T17:39:52Z,84.0,Charge 4
2023-03-06T17:39:57Z,84.0,Charge 4
2023-03-06T17:40:02Z,83.0,Charge 4
2023-03-06T17:40:07Z,84.0,Charge 4
2023-03-06T17:40:12Z,82.0,Charge 4
2023-03-06T17:40:17Z,82.0,Charge 4
2023-03-06T17:40:27Z,79.0,Charge 4
2023-03-06T17:40:37Z,80.0,Charge 4
2023-03-06T17:40:42Z,80.0,Charge 4
2023-03-06T17:40:52Z,80.0,Charge 4
2023-03-06T17:40:57Z,80.0,Charge 4
2023-03-06T17:41:02Z,81.0,Charge 4
2023-03-06T17:41:07Z,82.0,Charge 4
2023-03-06T17:41:22Z,82.0,Charge 4
2023-03-06T17:41:27Z,81.0,Charge 4
2023-03-06T17:41:32Z,82.0,Charge 4
2023-03-06T17:41:37Z,84.0,Charge 4
2023-03-06T17:41:42Z,87.0,Charge 4
2023-03-06T17:41:47Z,86.0,Charge 4
2023-03-06T17:41:57Z,87.0,Charge 4
2023-03-06T17:42:07Z,85.0,Charge 4
2023-03-06T17:42:22Z,85.0,Charge 4
2023-03-06T17:42:27Z,86.0,Charge 4
2023-03-06T17:42:37Z,84.0,Charge 4
2023-03-06T17:42:42Z,84.0,Charge 4
2023-03-06T17:42:47Z,87.0,Charge 4
2023-03-06T17:42:52Z,88.0,Charge 4
2023-03-06T17:42:57Z,86.0,Charge 4
2023-03-06T17:43:02Z,86.0,Charge 4
2023-03-06T17:43:07Z,85.0,Charge 4
2023-03-06T17:43:17Z,84.0,Charge 4
2023-03-06T17:43:22Z,82.0,Charge 4
2023-03-06T17:43:27Z,82.0,Charge 4
2023-03-06T17:43:42Z,82.0,Charge 4
2023-03-06T17:43:47Z,81.0,Charge 4
2023-03-06T17:44:02Z,81.0,Charge 4
2023-03-06T17:44:12Z,82.0,Charge 4
2023-03-06T17:44:17Z,84.0,Charge 4
2023-03-06T17:44:22Z,82.0,Charge 4
2023-03-06T17:44:32Z,87.0,Charge 4
2023-03-06T17:44:37Z,86.0,Charge 4
2023-03-06T17:44:42Z,85.0,Charge 4
2023-03-06T17:44:47Z,84.0,Charge 4
2023-03-06T17:44:52Z,83.0,Charge 4
2023-03-06T17:45:02Z,84.0,Charge 4
2023-03-06T17:45:07Z,85.0,Charge 4
2023-03-06T17:45:12Z,84.0,Charge 4
2023-03-06T17:45:27Z,85.0,Charge 4
2023-03-06T17:45:37Z,86.0,Charge 4
2023-03-06T17:45:47Z,95.0,Charge 4
2023-03-06T17:45:52Z,96.0,Charge 4
2023-03-06T17:45:57Z,95.0,Charge 4
2023-03-06T17:46:02Z,95.0,Charge 4
2023-03-06T17:46:12Z,101.0,Charge 4
2023-03-06T17:46:17Z,103.0,Charge 4
2023-03-06T17:46:22Z,103.0,Charge 4
2023-03-06T17:46:32Z,102.0,Charge 4
2023-03-06T17:46:37Z,101.0,Charge 4
2023-03-06T17:46:43Z,100.0,Charge 4
2023-03-06T17:46:48Z,99.0,Charge 4
2023-03-06T17:46:58Z,101.0,Charge 4
2023-03-06T17:47:03Z,103.0,Charge 4
2023-03-06T17:47:08Z,102.0,Charge 4
2023-03-06T17:47:23Z,102.0,Charge 4
2023-03-06T17:47:28Z,103.0,Charge 4
2023-03-06T17:47:33Z,102.0,Charge 4
2023-03-06T17:47:38Z,104.0,Charge 4
2023-03-06T17:47:43Z,103.0,Charge 4
2023-03-06T17:47:48Z,104.0,Charge 4
2023-03-06T17:47:58Z,102.0,Charge 4
2023-03-06T17:48:08Z,104.0,Charge 4
2023-03-06T17:48:13Z,103.0,Charge 4
2023-03-06T17:48:18Z,102.0,Charge 4
2023-03-06T17:48:23Z,104.0,Charge 4
2023-03-06T17:48:28Z,107.0,Charge 4
2023-03-06T17:48:33Z,108.0,Charge 4
2023-03-06T17:48:38Z,107.0,Charge 4
2023-03-06T17:48:53Z,110.0,Charge 4
2023-03-06T17:48:58Z,111.0,Charge 4
2023-03-06T17:49:03Z,110.0,Charge 4
2023-03-06T17:49:18Z,110.0,Charge 4
2023-03-06T17:49:28Z,111.0,Charge 4
2023-03-06T17:49:38Z,110.0,Charge 4
2023-03-06T17:49:43Z,108.0,Charge 4
2023-03-06T17:49:48Z,107.0,Charge 4
2023-03-06T17:49:53Z,107.0,Charge 4
2023-03-06T17:49:58Z,108.0,Charge 4
2023-03-06T17:50:03Z,109.0,Charge 4
2023-03-06T17:50:13Z,110.0,Charge 4
2023-03-06T17:50:18Z,108.0,Charge 4
2023-03-06T17:50:33Z,109.0,Charge 4
2023-03-06T17:50:38Z,107.0,Charge 4
2023-03-06T17:50:43Z,103.0,Charge 4
2023-03-06T17:50:48Z,104.0,Charge 4
2023-03-06T17:50:53Z,105.0,Charge 4
2023-03-06T17:50:58Z,106.0,Charge 4
2023-03-06T17:51:03Z,107.0,Charge 4
2023-03-06T17:51:13Z,108.0,Charge 4
2023-03-06T17:51:18Z,109.0,Charge 4
2023-03-06T17:51:23Z,111.0,Charge 4
2023-03-06T17:51:28Z,112.0,Charge 4
2023-03-06T17:51:33Z,113.0,Charge 4
2023-03-06T17:51:48Z,112.0,Charge 4
2023-03-06T17:52:03Z,111.0,Charge 4
2023-03-06T17:52:08Z,109.0,Charge 4
2023-03-06T17:52:18Z,108.0,Charge 4
2023-03-06T17:52:23Z,107.0,Charge 4
2023-03-06T17:52:28Z,107.0,Charge 4
2023-03-06T17:52:33Z,108.0,Charge 4
2023-03-06T17:52:38Z,109.0,Charge 4
2023-03-06T17:52:53Z,109.0,Charge 4
2023-03-06T17:52:58Z,110.0,Charge 4
2023-03-06T17:53:03Z,109.0,Charge 4
2023-03-06T17:53:13Z,110.0,Charge 4
2023-03-06T17:53:23Z,109.0,Charge 4
2023-03-06T17:53:28Z,108.0,Charge 4
2023-03-06T17:53:33Z,107.0,Charge 4
2023-03-06T17:53:48Z,107.0,Charge 4
2023-03-06T17:53:58Z,108.0,Charge 4
2023-03-06T17:54:03Z,109.0,Charge 4
2023-03-06T17:54:13Z,110.0,Charge 4
2023-03-06T17:54:18Z,111.0,Charge 4
2023-03-06T17:54:23Z,110.0,Charge 4
2023-03-06T17:54:28Z,113.0,Charge 4
2023-03-06T17:54:33Z,115.0,Charge 4
2023-03-06T17:54:43Z,114.0,Charge 4
2023-03-06T17:54:48Z,112.0,Charge 4
2023-03-06T17:54:53Z,110.0,Charge 4
2023-03-06T17:55:03Z,106.0,Charge 4
2023-03-06T17:55:08Z,104.0,Charge 4
2023-03-06T17:55:13Z,103.0,Charge 4
2023-03-06T17:55:18Z,103.0,Charge 4
2023-03-06T17:55:23Z,104.0,Charge 4
2023-03-06T17:55:28Z,103.0,Charge 4
2023-03-06T17:55:33Z,104.0,Charge 4
2023-03-06T17:55:38Z,106.0,Charge 4
2023-03-06T17:55:43Z,112.0,Charge 4
2023-03-06T17:55:48Z,117.0,Charge 4
2023-03-06T17:55:58Z,111.0,Charge 4
2023-03-06T17:56:03Z,103.0,Charge 4
2023-03-06T17:56:08Z,101.0,Charge 4
2023-03-06T17:56:13Z,107.0,Charge 4
2023-03-06T17:56:18Z,108.0,Charge 4
2023-03-06T17:56:23Z,109.0,Charge 4
2023-03-06T17:56:28Z,108.0,Charge 4
2023-03-06T17:56:33Z,107.0,Charge 4
2023-03-06T17:56:48Z,107.0,Charge 4
2023-03-06T17:56:53Z,108.0,Charge 4
2023-03-06T17:57:03Z,109.0,Charge 4
2023-03-06T17:57:18Z,110.0,Charge 4
2023-03-06T17:57:23Z,111.0,Charge 4
2023-03-06T17:57:28Z,112.0,Charge 4
2023-03-06T17:57:38Z,113.0,Charge 4
2023-03-06T17:57:53Z,112.0,Charge 4
2023-03-06T17:57:58Z,113.0,Charge 4
2023-03-06T17:58:03Z,112.0,Charge 4
2023-03-06T17:58:18Z,111.0,Charge 4
2023-03-06T17:58:23Z,110.0,Charge 4
2023-03-06T17:58:28Z,109.0,Charge 4
2023-03-06T17:58:43Z,109.0,Charge 4
2023-03-06T17:58:48Z,111.0,Charge 4
2023-03-06T17:59:03Z,113.0,Charge 4
2023-03-06T17:59:18Z,112.0,Charge 4
2023-03-06T17:59:23Z,113.0,Charge 4
2023-03-06T17:59:28Z,115.0,Charge 4
2023-03-06T17:59:33Z,110.0,Charge 4
2023-03-06T17:59:38Z,108.0,Charge 4
2023-03-06T17:59:43Z,101.0,Charge 4
2023-03-06T17:59:48Z,99.0,Charge 4
2023-03-06T17:59:53Z,97.0,Charge 4
2023-03-06T17:59:58Z,93.0,Charge 4
2023-03-06T18:00:03Z,89.0,Charge 4
2023-03-06T18:00:08Z,87.0,Charge 4
2023-03-06T18:00:13Z,88.0,Charge 4
2023-03-06T18:00:18Z,90.0,Charge 4
2023-03-06T18:00:23Z,92.0,Charge 4
2023-03-06T18:00:28Z,90.0,Charge 4
2023-03-06T18:00:38Z,88.0,Charge 4
2023-03-06T18:00:43Z,87.0,Charge 4
2023-03-06T18:00:48Z,88.0,Charge 4
2023-03-06T18:00:53Z,89.0,Charge 4
2023-03-06T18:01:08Z,87.0,Charge 4
2023-03-06T18:01:18Z,86.0,Charge 4
2023-03-06T18:01:23Z,84.0,Charge 4
2023-03-06T18:01:33Z,84.0,Charge 4
2023-03-06T18:01:43Z,85.0,Charge 4
2023-03-06T18:01:48Z,81.0,Charge 4
2023-03-06T18:01:53Z,80.0,Charge 4
2023-03-06T18:01:58Z,84.0,Charge 4
2023-03-06T18:02:03Z,86.0,Charge 4
2023-03-06T18:02:13Z,90.0,Charge 4
2023-03-06T18:02:18Z,95.0,Charge 4
2023-03-06T18:02:23Z,97.0,Charge 4
2023-03-06T18:02:29Z,99.0,Charge 4
2023-03-06T18:02:34Z,102.0,Charge 4
2023-03-06T18:02:39Z,105.0,Charge 4
2023-03-06T18:02:44Z,107.0,Charge 4
2023-03-06T18:02:49Z,109.0,Charge 4
2023-03-06T18:02:54Z,111.0,Charge 4
2023-03-06T18:02:59Z,112.0,Charge 4
2023-03-06T18:03:04Z,113.0,Charge 4
2023-03-06T18:03:09Z,115.0,Charge 4
2023-03-06T18:03:14Z,118.0,Charge 4
2023-03-06T18:03:19Z,119.0,Charge 4
2023-03-06T18:03:34Z,118.0,Charge 4
2023-03-06T18:03:44Z,120.0,Charge 4
2023-03-06T18:03:49Z,119.0,Charge 4
2023-03-06T18:03:54Z,118.0,Charge 4
2023-03-06T18:04:04Z,120.0,Charge 4
2023-03-06T18:04:09Z,122.0,Charge 4
2023-03-06T18:04:14Z,117.0,Charge 4
2023-03-06T18:04:29Z,118.0,Charge 4
2023-03-06T18:04:44Z,117.0,Charge 4
2023-03-06T18:04:49Z,115.0,Charge 4
2023-03-06T18:04:54Z,114.0,Charge 4
2023-03-06T18:04:59Z,112.0,Charge 4
2023-03-06T18:05:09Z,113.0,Charge 4
2023-03-06T18:05:14Z,114.0,Charge 4
2023-03-06T18:05:19Z,115.0,Charge 4
2023-03-06T18:05:24Z,119.0,Charge 4
2023-03-06T18:05:29Z,122.0,Charge 4
2023-03-06T18:05:34Z,125.0,Charge 4
2023-03-06T18:05:39Z,124.0,Charge 4
2023-03-06T18:05:44Z,123.0,Charge 4
2023-03-06T18:05:49Z,119.0,Charge 4
2023-03-06T18:05:54Z,118.0,Charge 4
2023-03-06T18:06:04Z,117.0,Charge 4
2023-03-06T18:06:14Z,116.0,Charge 4
2023-03-06T18:06:19Z,115.0,Charge 4
2023-03-06T18:06:29Z,114.0,Charge 4
2023-03-06T18:06:34Z,112.0,Charge 4
2023-03-06T18:06:39Z,113.0,Charge 4
2023-03-06T18:06:44Z,112.0,Charge 4
2023-03-06T18:06:54Z,114.0,Charge 4
2023-03-06T18:06:59Z,115.0,Charge 4
2023-03-06T18:07:04Z,112.0,Charge 4
2023-03-06T18:07:09Z,110.0,Charge 4
2023-03-06T18:07:14Z,113.0,Charge 4
2023-03-06T18:07:19Z,114.0,Charge 4
2023-03-06T18:07:29Z,115.0,Charge 4
2023-03-06T18:07:34Z,116.0,Charge 4
2023-03-06T18:07:44Z,113.0,Charge 4
2023-03-06T18:07:49Z,109.0,Charge 4
2023-03-06T18:07:54Z,110.0,Charge 4
2023-03-06T18:07:59Z,106.0,Charge 4
2023-03-06T18:08:04Z,104.0,Charge 4
2023-03-06T18:08:19Z,104.0,Charge 4
2023-03-06T18:08:24Z,103.0,Charge 4
2023-03-06T18:08:29Z,100.0,Charge 4
2023-03-06T18:08:39Z,101.0,Charge 4
2023-03-06T18:08:44Z,100.0,Charge 4
2023-03-06T18:08:49Z,97.0,Charge 4
2023-03-06T18:08:54Z,98.0,Charge 4
2023-03-06T18:08:59Z,104.0,Charge 4
2023-03-06T18:09:04Z,107.0,Charge 4
2023-03-06T18:09:09Z,106.0,Charge 4
2023-03-06T18:09:14Z,104.0,Charge 4
2023-03-06T18:09:19Z,101.0,Charge 4
2023-03-06T18:09:24Z,98.0,Charge 4
2023-03-06T18:09:29Z,99.0,Charge 4
2023-03-06T18:09:34Z,101.0,Charge 4
2023-03-06T18:09:39Z,105.0,Charge 4
2023-03-06T18:09:49Z,102.0,Charge 4
2023-03-06T18:09:54Z,101.0,Charge 4
2023-03-06T18:09:59Z,102.0,Charge 4
2023-03-06T18:10:04Z,104.0,Charge 4
2023-03-06T18:10:14Z,99.0,Charge 4
2023-03-06T18:10:19Z,95.0,Charge 4
2023-03-06T18:10:24Z,94.0,Charge 4
2023-03-06T18:10:29Z,93.0,Charge 4
2023-03-06T18:10:34Z,90.0,Charge 4
2023-03-06T18:10:39Z,87.0,Charge 4
2023-03-06T18:10:44Z,86.0,Charge 4
2023-03-06T18:10:49Z,88.0,Charge 4
2023-03-06T18:10:54Z,88.0,Charge 4
2023-03-06T18:10:59Z,87.0,Charge 4
2023-03-06T18:11:04Z,86.0,Charge 4
2023-03-06T18:11:09Z,90.0,Charge 4
2023-03-06T18:11:14Z,92.0,Charge 4
2023-03-06T18:11:24Z,93.0,Charge 4
2023-03-06T18:11:29Z,94.0,Charge 4
2023-03-06T18:11:34Z,93.0,Charge 4
2023-03-06T18:11:39Z,90.0,Charge 4
2023-03-06T18:11:44Z,91.0,Charge 4
2023-03-06T18:11:49Z,92.0,Charge 4
2023-03-06T18:12:04Z,91.0,Charge 4
2023-03-06T18:12:09Z,88.0,Charge 4
2023-03-06T18:12:14Z,82.0,Charge 4
2023-03-06T18:12:24Z,86.0,Charge 4
2023-03-06T18:12:29Z,90.0,Charge 4
2023-03-06T18:12:39Z,91.0,Charge 4
2023-03-06T18:12:44Z,92.0,Charge 4
2023-03-06T18:12:59Z,92.0,Charge 4
2023-03-06T18:13:14Z,91.0,Charge 4
2023-03-06T18:13:29Z,90.0,Charge 4
2023-03-06T18:13:39Z,91.0,Charge 4
2023-03-06T18:13:54Z,90.0,Charge 4
2023-03-06T18:13:59Z,87.0,Charge 4
2023-03-06T18:14:09Z,88.0,Charge 4
2023-03-06T18:14:14Z,89.0,Charge 4
2023-03-06T18:14:19Z,90.0,Charge 4
2023-03-06T18:14:24Z,91.0,Charge 4
2023-03-06T18:14:29Z,90.0,Charge 4
2023-03-06T18:14:39Z,91.0,Charge 4
2023-03-06T18:14:49Z,92.0,Charge 4
2023-03-06T18:15:04Z,93.0,Charge 4
2023-03-06T18:15:19Z,89.0,Charge 4
2023-03-06T18:15:29Z,88.0,Charge 4
2023-03-06T18:15:34Z,89.0,Charge 4
2023-03-06T18:15:39Z,91.0,Charge 4
2023-03-06T18:15:44Z,91.0,Charge 4
2023-03-06T18:15:54Z,92.0,Charge 4
2023-03-06T18:16:09Z,94.0,Charge 4
2023-03-06T18:16:14Z,95.0,Charge 4
2023-03-06T18:16:24Z,95.0,Charge 4
2023-03-06T18:16:39Z,94.0,Charge 4
2023-03-06T18:16:54Z,95.0,Charge 4
2023-03-06T18:17:09Z,95.0,Charge 4
2023-03-06T18:17:14Z,94.0,Charge 4
2023-03-06T18:17:19Z,92.0,Charge 4
2023-03-06T18:17:24Z,89.0,Charge 4
2023-03-06T18:17:29Z,88.0,Charge 4
2023-03-06T18:17:39Z,89.0,Charge 4
2023-03-06T18:17:49Z,90.0,Charge 4
2023-03-06T18:18:04Z,90.0,Charge 4
2023-03-06T18:18:09Z,89.0,Charge 4
2023-03-06T18:18:24Z,89.0,Charge 4
2023-03-06T18:18:29Z,88.0,Charge 4
2023-03-06T18:18:34Z,88.0,Charge 4
2023-03-06T18:18:39Z,88.0,Charge 4
2023-03-06T18:18:44Z,87.0,Charge 4
2023-03-06T18:18:49Z,89.0,Charge 4
2023-03-06T18:18:54Z,89.0,Charge 4
2023-03-06T18:18:59Z,88.0,Charge 4
2023-03-06T18:19:09Z,87.0,Charge 4
2023-03-06T18:19:24Z,87.0,Charge 4
2023-03-06T18:19:29Z,88.0,Charge 4
2023-03-06T18:19:34Z,90.0,Charge 4
2023-03-06T18:19:39Z,90.0,Charge 4
2023-03-06T18:19:49Z,89.0,Charge 4
2023-03-06T18:20:04Z,89.0,Charge 4
2023-03-06T18:20:09Z,87.0,Charge 4
2023-03-06T18:20:19Z,92.0,Charge 4
2023-03-06T18:20:24Z,94.0,Charge 4
2023-03-06T18:20:29Z,98.0,Charge 4
2023-03-06T18:20:34Z,102.0,Charge 4
2023-03-06T18:20:39Z,103.0,Charge 4
2023-03-06T18:20:49Z,102.0,Charge 4
2023-03-06T18:20:54Z,103.0,Charge 4
2023-03-06T18:21:09Z,103.0,Charge 4
2023-03-06T18:21:14Z,98.0,Charge 4
2023-03-06T18:21:19Z,95.0,Charge 4
2023-03-06T18:21:29Z,96.0,Charge 4
2023-03-06T18:21:34Z,95.0,Charge 4
2023-03-06T18:21:40Z,95.0,Charge 4
2023-03-06T18:21:45Z,94.0,Charge 4
2023-03-06T18:21:50Z,90.0,Charge 4
2023-03-06T18:21:55Z,87.0,Charge 4
2023-03-06T18:22:00Z,84.0,Charge 4
2023-03-06T18:22:05Z,85.0,Charge 4
2023-03-06T18:22:10Z,86.0,Charge 4
2023-03-06T18:22:15Z,87.0,Charge 4
2023-03-06T18:22:20Z,86.0,Charge 4
2023-03-06T18:22:30Z,87.0,Charge 4
2023-03-06T18:22:35Z,88.0,Charge 4
2023-03-06T18:22:40Z,87.0,Charge 4
2023-03-06T18:22:45Z,88.0,Charge 4
2023-03-06T18:22:50Z,89.0,Charge 4
2023-03-06T18:22:55Z,88.0,Charge 4
2023-03-06T18:23:00Z,90.0,Charge 4
2023-03-06T18:23:05Z,91.0,Charge 4
2023-03-06T18:23:10Z,92.0,Charge 4
2023-03-06T18:23:25Z,93.0,Charge 4
2023-03-06T18:23:30Z,92.0,Charge 4
2023-03-06T18:23:40Z,91.0,Charge 4
2023-03-06T18:23:50Z,91.0,Charge 4
2023-03-06T18:24:05Z,91.0,Charge 4
2023-03-06T18:24:20Z,91.0,Charge 4
2023-03-06T18:24:25Z,92.0,Charge 4
2023-03-06T18:24:40Z,92.0,Charge 4
2023-03-06T18:24:55Z,92.0,Charge 4
2023-03-06T18:25:00Z,92.0,Charge 4
2023-03-06T18:25:05Z,90.0,Charge 4
2023-03-06T18:25:10Z,90.0,Charge 4
2023-03-06T18:25:15Z,89.0,Charge 4
2023-03-06T18:25:30Z,90.0,Charge 4
2023-03-06T18:25:45Z,91.0,Charge 4
2023-03-06T18:26:00Z,91.0,Charge 4
2023-03-06T18:26:10Z,90.0,Charge 4
2023-03-06T18:26:15Z,90.0,Charge 4
2023-03-06T18:26:25Z,92.0,Charge 4
2023-03-06T18:26:40Z,92.0,Charge 4
2023-03-06T18:26:55Z,92.0,Charge 4
2023-03-06T18:27:00Z,93.0,Charge 4
2023-03-06T18:27:05Z,94.0,Charge 4
2023-03-06T18:27:15Z,97.0,Charge 4
2023-03-06T18:27:20Z,102.0,Charge 4
2023-03-06T18:27:30Z,103.0,Charge 4
2023-03-06T18:27:35Z,103.0,Charge 4
2023-03-06T18:27:40Z,105.0,Charge 4
2023-03-06T18:27:45Z,104.0,Charge 4
2023-03-06T18:27:50Z,102.0,Charge 4
2023-03-06T18:27:55Z,97.0,Charge 4
2023-03-06T18:28:00Z,94.0,Charge 4
2023-03-06T18:28:05Z,93.0,Charge 4
2023-03-06T18:28:10Z,92.0,Charge 4
2023-03-06T18:28:15Z,89.0,Charge 4
2023-03-06T18:28:30Z,91.0,Charge 4
2023-03-06T18:28:35Z,92.0,Charge 4
2023-03-06T18:28:40Z,94.0,Charge 4
2023-03-06T18:28:45Z,96.0,Charge 4
2023-03-06T18:28:50Z,97.0,Charge 4
2023-03-06T18:28:55Z,98.0,Charge 4
2023-03-06T18:29:00Z,100.0,Charge 4
2023-03-06T18:29:05Z,99.0,Charge 4
2023-03-06T18:29:15Z,98.0,Charge 4
2023-03-06T18:29:20Z,97.0,Charge 4
2023-03-06T18:29:25Z,99.0,Charge 4
2023-03-06T18:29:30Z,103.0,Charge 4
2023-03-06T18:29:35Z,102.0,Charge 4
2023-03-06T18:29:40Z,99.0,Charge 4
2023-03-06T18:29:45Z,97.0,Charge 4
2023-03-06T18:29:50Z,97.0,Charge 4
2023-03-06T18:29:55Z,96.0,Charge 4
2023-03-06T18:30:05Z,97.0,Charge 4
2023-03-06T18:30:10Z,99.0,Charge 4
2023-03-06T18:30:15Z,97.0,Charge 4
2023-03-06T18:30:20Z,96.0,Charge 4
2023-03-06T18:30:25Z,95.0,Charge 4
2023-03-06T18:30:30Z,94.0,Charge 4
2023-03-06T18:30:35Z,93.0,Charge 4
2023-03-06T18:30:40Z,92.0,Charge 4
2023-03-06T18:30:45Z,92.0,Charge 4
2023-03-06T18:30:55Z,91.0,Charge 4
2023-03-06T18:31:00Z,89.0,Charge 4
2023-03-06T18:31:05Z,89.0,Charge 4
2023-03-06T18:31:10Z,88.0,Charge 4
2023-03-06T18:31:15Z,87.0,Charge 4
2023-03-06T18:31:20Z,88.0,Charge 4
2023-03-06T18:31:25Z,91.0,Charge 4
2023-03-06T18:31:30Z,92.0,Charge 4
2023-03-06T18:31:35Z,91.0,Charge 4
2023-03-06T18:31:40Z,90.0,Charge 4
2023-03-06T18:31:45Z,90.0,Charge 4
2023-03-06T18:31:50Z,91.0,Charge 4
2023-03-06T18:31:55Z,93.0,Charge 4
2023-03-06T18:32:05Z,93.0,Charge 4
2023-03-06T18:32:20Z,93.0,Charge 4
2023-03-06T18:32:35Z,92.0,Charge 4
2023-03-06T18:32:50Z,92.0,Charge 4
2023-03-06T18:32:55Z,93.0,Charge 4
2023-03-06T18:33:00Z,95.0,Charge 4
2023-03-06T18:33:05Z,98.0,Charge 4
2023-03-06T18:33:10Z,95.0,Charge 4
2023-03-06T18:33:15Z,94.0,Charge 4
2023-03-06T18:33:30Z,94.0,Charge 4
2023-03-06T18:33:35Z,94.0,Charge 4
2023-03-06T18:33:40Z,93.0,Charge 4
2023-03-06T18:33:45Z,94.0,Charge 4
2023-03-06T18:34:00Z,94.0,Charge 4
2023-03-06T18:34:05Z,93.0,Charge 4
2023-03-06T18:34:10Z,92.0,Charge 4
2023-03-06T18:34:15Z,91.0,Charge 4
2023-03-06T18:34:25Z,92.0,Charge 4
2023-03-06T18:34:30Z,91.0,Charge 4
2023-03-06T18:34:40Z,92.0,Charge 4
2023-03-06T18:34:55Z,92.0,Charge 4
2023-03-06T18:35:10Z,93.0,Charge 4
2023-03-06T18:35:15Z,94.0,Charge 4
2023-03-06T18:35:25Z,95.0,Charge 4
2023-03-06T18:35:35Z,96.0,Charge 4
2023-03-06T18:35:40Z,95.0,Charge 4
2023-03-06T18:35:45Z,94.0,Charge 4
2023-03-06T18:35:55Z,93.0,Charge 4
2023-03-06T18:36:00Z,94.0,Charge 4
2023-03-06T18:36:10Z,93.0,Charge 4
2023-03-06T18:36:20Z,95.0,Charge 4
2023-03-06T18:36:25Z,96.0,Charge 4
2023-03-06T18:36:35Z,95.0,Charge 4
2023-03-06T18:36:40Z,94.0,Charge 4
2023-03-06T18:36:50Z,95.0,Charge 4
2023-03-06T18:37:05Z,95.0,Charge 4
2023-03-06T18:37:20Z,95.0,Charge 4
2023-03-06T18:37:25Z,93.0,Charge 4
2023-03-06T18:37:40Z,93.0,Charge 4
2023-03-06T18:37:55Z,93.0,Charge 4
2023-03-06T18:38:00Z,95.0,Charge 4
2023-03-06T18:38:06Z,95.0,Charge 4
2023-03-06T18:38:21Z,95.0,Charge 4
2023-03-06T18:38:26Z,93.0,Charge 4
2023-03-06T18:38:31Z,92.0,Charge 4
2023-03-06T18:38:36Z,91.0,Charge 4
2023-03-06T18:38:41Z,92.0,Charge 4
2023-03-06T18:38:51Z,91.0,Charge 4
2023-03-06T18:39:01Z,92.0,Charge 4
2023-03-06T18:39:11Z,88.0,Charge 4
2023-03-06T18:39:16Z,87.0,Charge 4
2023-03-06T18:39:31Z,88.0,Charge 4
2023-03-06T18:39:36Z,90.0,Charge 4
2023-03-06T18:39:41Z,91.0,Charge 4
2023-03-06T18:39:46Z,92.0,Charge 4
2023-03-06T18:40:01Z,93.0,Charge 4
2023-03-06T18:40:06Z,92.0,Charge 4
2023-03-06T18:40:16Z,88.0,Charge 4
2023-03-06T18:40:21Z,90.0,Charge 4
2023-03-06T18:40:26Z,91.0,Charge 4
2023-03-06T18:40:31Z,92.0,Charge 4
2023-03-06T18:40:46Z,92.0,Charge 4
2023-03-06T18:40:51Z,92.0,Charge 4
2023-03-06T18:40:56Z,92.0,Charge 4
2023-03-06T18:41:01Z,92.0,Charge 4
2023-03-06T18:41:06Z,93.0,Charge 4
2023-03-06T18:41:16Z,94.0,Charge 4
2023-03-06T18:41:21Z,99.0,Charge 4
2023-03-06T18:41:26Z,100.0,Charge 4
2023-03-06T18:41:36Z,99.0,Charge 4
2023-03-06T18:41:41Z,98.0,Charge 4
2023-03-06T18:41:46Z,97.0,Charge 4
2023-03-06T18:42:01Z,97.0,Charge 4
2023-03-06T18:42:06Z,96.0,Charge 4
2023-03-06T18:42:16Z,96.0,Charge 4
2023-03-06T18:42:21Z,95.0,Charge 4
2023-03-06T18:42:31Z,95.0,Charge 4
2023-03-06T18:42:46Z,94.0,Charge 4
2023-03-06T18:43:01Z,94.0,Charge 4
2023-03-06T18:43:11Z,97.0,Charge 4
2023-03-06T18:43:16Z,102.0,Charge 4
2023-03-06T18:43:21Z,101.0,Charge 4
2023-03-06T18:43:26Z,98.0,Charge 4
2023-03-06T18:43:31Z,95.0,Charge 4
2023-03-06T18:43:36Z,95.0,Charge 4
2023-03-06T18:43:46Z,94.0,Charge 4
2023-03-06T18:44:01Z,94.0,Charge 4
2023-03-06T18:44:06Z,95.0,Charge 4
2023-03-06T18:44:16Z,95.0,Charge 4
2023-03-06T18:44:21Z,96.0,Charge 4
2023-03-06T18:44:36Z,96.0,Charge 4
2023-03-06T18:44:41Z,95.0,Charge 4
2023-03-06T18:44:56Z,95.0,Charge 4
2023-03-06T18:45:01Z,92.0,Charge 4
2023-03-06T18:45:11Z,92.0,Charge 4
2023-03-06T18:45:16Z,92.0,Charge 4
2023-03-06T18:45:21Z,93.0,Charge 4
2023-03-06T18:45:31Z,94.0,Charge 4
2023-03-06T18:45:36Z,96.0,Charge 4
2023-03-06T18:45:41Z,94.0,Charge 4
2023-03-06T18:45:46Z,95.0,Charge 4
2023-03-06T18:45:51Z,94.0,Charge 4
2023-03-06T18:45:56Z,93.0,Charge 4
2023-03-06T18:46:01Z,96.0,Charge 4
2023-03-06T18:46:06Z,93.0,Charge 4
2023-03-06T18:46:11Z,89.0,Charge 4
2023-03-06T18:46:16Z,92.0,Charge 4
2023-03-06T18:46:21Z,93.0,Charge 4
2023-03-06T18:46:26Z,95.0,Charge 4
2023-03-06T18:46:31Z,96.0,Charge 4
2023-03-06T18:46:41Z,97.0,Charge 4
2023-03-06T18:46:46Z,87.0,Charge 4
2023-03-06T18:46:51Z,84.0,Charge 4
2023-03-06T18:46:56Z,86.0,Charge 4
2023-03-06T18:47:01Z,85.0,Charge 4
2023-03-06T18:47:06Z,87.0,Charge 4
2023-03-06T18:47:11Z,90.0,Charge 4
2023-03-06T18:47:16Z,92.0,Charge 4
2023-03-06T18:47:21Z,93.0,Charge 4
2023-03-06T18:47:36Z,93.0,Charge 4
2023-03-06T18:47:41Z,93.0,Charge 4
2023-03-06T18:47:46Z,94.0,Charge 4
2023-03-06T18:47:51Z,95.0,Charge 4
2023-03-06T18:48:06Z,96.0,Charge 4
2023-03-06T18:48:21Z,95.0,Charge 4
2023-03-06T18:48:26Z,95.0,Charge 4
2023-03-06T18:48:31Z,94.0,Charge 4
2023-03-06T18:48:36Z,93.0,Charge 4
2023-03-06T18:48:41Z,92.0,Charge 4
2023-03-06T18:48:46Z,93.0,Charge 4
2023-03-06T18:49:01Z,93.0,Charge 4
2023-03-06T18:49:06Z,92.0,Charge 4
2023-03-06T18:49:21Z,91.0,Charge 4
2023-03-06T18:49:26Z,86.0,Charge 4
2023-03-06T18:49:31Z,87.0,Charge 4
2023-03-06T18:49:36Z,90.0,Charge 4
2023-03-06T18:49:41Z,91.0,Charge 4
2023-03-06T18:49:46Z,92.0,Charge 4
2023-03-06T18:49:51Z,93.0,Charge 4
2023-03-06T18:50:01Z,94.0,Charge 4
2023-03-06T18:50:06Z,95.0,Charge 4
2023-03-06T18:50:11Z,96.0,Charge 4
2023-03-06T18:50:16Z,93.0,Charge 4
2023-03-06T18:50:31Z,94.0,Charge 4
2023-03-06T18:50:41Z,95.0,Charge 4
2023-03-06T18:50:46Z,96.0,Charge 4
2023-03-06T18:50:51Z,93.0,Charge 4
2023-03-06T18:51:01Z,92.0,Charge 4
2023-03-06T18:51:06Z,92.0,Charge 4
2023-03-06T18:51:11Z,92.0,Charge 4
2023-03-06T18:51:21Z,93.0,Charge 4
2023-03-06T18:51:26Z,93.0,Charge 4
2023-03-06T18:51:41Z,94.0,Charge 4
2023-03-06T18:51:46Z,95.0,Charge 4
2023-03-06T18:52:01Z,95.0,Charge 4
2023-03-06T18:52:06Z,96.0,Charge 4
2023-03-06T18:52:16Z,95.0,Charge 4
2023-03-06T18:52:21Z,94.0,Charge 4
2023-03-06T18:52:36Z,92.0,Charge 4
2023-03-06T18:52:41Z,91.0,Charge 4
2023-03-06T18:52:51Z,92.0,Charge 4
2023-03-06T18:53:06Z,92.0,Charge 4
2023-03-06T18:53:16Z,94.0,Charge 4
2023-03-06T18:53:26Z,91.0,Charge 4
2023-03-06T18:53:31Z,89.0,Charge 4
2023-03-06T18:53:46Z,89.0,Charge 4
2023-03-06T18:53:51Z,86.0,Charge 4
2023-03-06T18:53:56Z,87.0,Charge 4
2023-03-06T18:54:06Z,86.0,Charge 4
2023-03-06T18:54:11Z,87.0,Charge 4
2023-03-06T18:54:16Z,89.0,Charge 4
2023-03-06T18:54:21Z,91.0,Charge 4
2023-03-06T18:54:26Z,92.0,Charge 4
2023-03-06T18:54:32Z,93.0,Charge 4
2023-03-06T18:54:37Z,91.0,Charge 4
2023-03-06T18:54:42Z,88.0,Charge 4
2023-03-06T18:54:57Z,88.0,Charge 4
2023-03-06T18:55:12Z,88.0,Charge 4
2023-03-06T18:55:27Z,88.0,Charge 4
2023-03-06T18:55:42Z,87.0,Charge 4
2023-03-06T18:55:57Z,87.0,Charge 4
2023-03-06T18:56:12Z,87.0,Charge 4
2023-03-06T18:56:17Z,88.0,Charge 4
2023-03-06T18:56:22Z,90.0,Charge 4
2023-03-06T18:56:27Z,94.0,Charge 4
2023-03-06T18:56:32Z,95.0,Charge 4
2023-03-06T18:56:37Z,95.0,Charge 4
2023-03-06T18:56:52Z,95.0,Charge 4
2023-03-06T18:57:07Z,95.0,Charge 4
2023-03-06T18:57:12Z,95.0,Charge 4
2023-03-06T18:57:27Z,95.0,Charge 4
2023-03-06T18:57:32Z,94.0,Charge 4
2023-03-06T18:57:37Z,93.0,Charge 4
2023-03-06T18:57:42Z,93.0,Charge 4
2023-03-06T18:57:52Z,92.0,Charge 4
2023-03-06T18:57:57Z,91.0,Charge 4
2023-03-06T18:58:02Z,91.0,Charge 4
2023-03-06T18:58:07Z,91.0,Charge 4
2023-03-06T18:58:22Z,93.0,Charge 4
2023-03-06T18:58:27Z,94.0,Charge 4
2023-03-06T18:58:32Z,95.0,Charge 4
2023-03-06T18:58:47Z,95.0,Charge 4
2023-03-06T18:58:52Z,96.0,Charge 4
2023-03-06T18:58:57Z,94.0,Charge 4
2023-03-06T18:59:02Z,94.0,Charge 4
2023-03-06T18:59:12Z,95.0,Charge 4
2023-03-06T18:59:17Z,94.0,Charge 4
2023-03-06T18:59:32Z,94.0,Charge 4
2023-03-06T18:59:47Z,94.0,Charge 4
2023-03-06T18:59:52Z,93.0,Charge 4
2023-03-06T18:59:57Z,92.0,Charge 4
2023-03-06T19:00:02Z,92.0,Charge 4
2023-03-06T19:00:12Z,92.0,Charge 4
2023-03-06T19:00:17Z,91.0,Charge 4
2023-03-06T19:00:22Z,92.0,Charge 4
2023-03-06T19:00:32Z,92.0,Charge 4
2023-03-06T19:00:37Z,93.0,Charge 4
2023-03-06T19:00:42Z,95.0,Charge 4
2023-03-06T19:00:47Z,96.0,Charge 4
2023-03-06T19:00:52Z,95.0,Charge 4
2023-03-06T19:00:57Z,95.0,Charge 4
2023-03-06T19:01:12Z,95.0,Charge 4
2023-03-06T19:01:22Z,96.0,Charge 4
2023-03-06T19:01:27Z,98.0,Charge 4
2023-03-06T19:01:32Z,97.0,Charge 4
2023-03-06T19:01:37Z,90.0,Charge 4
2023-03-06T19:01:42Z,91.0,Charge 4
2023-03-06T19:01:47Z,91.0,Charge 4
2023-03-06T19:01:57Z,93.0,Charge 4
2023-03-06T19:02:02Z,94.0,Charge 4
2023-03-06T19:02:07Z,95.0,Charge 4
2023-03-06T19:02:12Z,98.0,Charge 4
2023-03-06T19:02:17Z,99.0,Charge 4
2023-03-06T19:02:22Z,98.0,Charge 4
2023-03-06T19:02:27Z,96.0,Charge 4
2023-03-06T19:02:32Z,88.0,Charge 4
2023-03-06T19:02:42Z,92.0,Charge 4
2023-03-06T19:02:47Z,93.0,Charge 4
2023-03-06T19:02:52Z,93.0,Charge 4
2023-03-06T19:03:02Z,93.0,Charge 4
2023-03-06T19:03:17Z,93.0,Charge 4
2023-03-06T19:03:32Z,93.0,Charge 4
2023-03-06T19:03:42Z,94.0,Charge 4
2023-03-06T19:03:47Z,93.0,Charge 4
2023-03-06T19:03:57Z,92.0,Charge 4
2023-03-06T19:04:02Z,90.0,Charge 4
2023-03-06T19:04:12Z,91.0,Charge 4
2023-03-06T19:04:17Z,90.0,Charge 4
2023-03-06T19:04:22Z,91.0,Charge 4
2023-03-06T19:04:27Z,93.0,Charge 4
2023-03-06T19:04:32Z,92.0,Charge 4
2023-03-06T19:04:42Z,91.0,Charge 4
2023-03-06T19:04:47Z,90.0,Charge 4
2023-03-06T19:04:52Z,89.0,Charge 4
2023-03-06T19:04:57Z,90.0,Charge 4
2023-03-06T19:05:12Z,92.0,Charge 4
2023-03-06T19:05:22Z,91.0,Charge 4
2023-03-06T19:05:27Z,90.0,Charge 4
2023-03-06T19:05:32Z,90.0,Charge 4
2023-03-06T19:05:37Z,90.0,Charge 4
2023-03-06T19:05:42Z,92.0,Charge 4
2023-03-06T19:05:57Z,92.0,Charge 4
2023-03-06T19:06:12Z,93.0,Charge 4
2023-03-06T19:06:27Z,93.0,Charge 4
2023-03-06T19:06:37Z,96.0,Charge 4
2023-03-06T19:06:42Z,95.0,Charge 4
2023-03-06T19:06:47Z,94.0,Charge 4
2023-03-06T19:07:02Z,92.0,Charge 4
2023-03-06T19:07:07Z,87.0,Charge 4
2023-03-06T19:07:12Z,88.0,Charge 4
2023-03-06T19:07:17Z,90.0,Charge 4
2023-03-06T19:07:22Z,91.0,Charge 4
2023-03-06T19:07:27Z,92.0,Charge 4
2023-03-06T19:07:32Z,93.0,Charge 4
2023-03-06T19:07:42Z,92.0,Charge 4
2023-03-06T19:07:57Z,92.0,Charge 4
2023-03-06T19:08:07Z,93.0,Charge 4
2023-03-06T19:08:17Z,92.0,Charge 4
2023-03-06T19:08:22Z,91.0,Charge 4
2023-03-06T19:08:27Z,91.0,Charge 4
2023-03-06T19:08:32Z,92.0,Charge 4
2023-03-06T19:08:37Z,92.0,Charge 4
2023-03-06T19:08:42Z,90.0,Charge 4
2023-03-06T19:08:47Z,91.0,Charge 4
2023-03-06T19:08:57Z,92.0,Charge 4
2023-03-06T19:09:12Z,92.0,Charge 4
2023-03-06T19:09:17Z,93.0,Charge 4
2023-03-06T19:09:22Z,93.0,Charge 4
2023-03-06T19:09:37Z,93.0,Charge 4
2023-03-06T19:09:52Z,92.0,Charge 4
2023-03-06T19:09:57Z,91.0,Charge 4
2023-03-06T19:10:12Z,91.0,Charge 4
2023-03-06T19:12:18Z,93.0,Charge 4
2023-03-06T19:12:28Z,92.0,Charge 4
2023-03-06T19:12:38Z,93.0,Charge 4
2023-03-06T19:12:48Z,94.0,Charge 4
2023-03-06T19:12:53Z,95.0,Charge 4
2023-03-06T19:12:58Z,97.0,Charge 4
2023-03-06T19:13:03Z,99.0,Charge 4
2023-03-06T19:13:08Z,100.0,Charge 4
2023-03-06T19:13:13Z,101.0,Charge 4
2023-03-06T19:13:23Z,103.0,Charge 4
2023-03-06T19:13:38Z,104.0,Charge 4
2023-03-06T19:13:43Z,105.0,Charge 4
2023-03-06T19:13:48Z,107.0,Charge 4
2023-03-06T19:13:53Z,106.0,Charge 4
2023-03-06T19:13:58Z,105.0,Charge 4
2023-03-06T19:14:08Z,106.0,Charge 4
2023-03-06T19:14:13Z,104.0,Charge 4
2023-03-06T19:14:18Z,105.0,Charge 4
2023-03-06T19:14:23Z,107.0,Charge 4
2023-03-06T19:14:28Z,108.0,Charge 4
2023-03-06T19:14:33Z,109.0,Charge 4
2023-03-06T19:14:38Z,107.0,Charge 4
2023-03-06T19:14:43Z,105.0,Charge 4
2023-03-06T19:14:48Z,103.0,Charge 4
2023-03-06T19:14:53Z,100.0,Charge 4
2023-03-06T19:14:58Z,96.0,Charge 4
2023-03-06T19:15:03Z,99.0,Charge 4
2023-03-06T19:15:08Z,100.0,Charge 4
2023-03-06T19:15:13Z,96.0,Charge 4
2023-03-06T19:15:23Z,101.0,Charge 4
2023-03-06T19:15:28Z,103.0,Charge 4
2023-03-06T19:15:33Z,102.0,Charge 4
2023-03-06T19:15:38Z,100.0,Charge 4
2023-03-06T19:15:43Z,99.0,Charge 4
2023-03-06T19:15:48Z,100.0,Charge 4
2023-03-06T19:15:53Z,97.0,Charge 4
2023-03-06T19:15:58Z,98.0,Charge 4
2023-03-06T19:16:13Z,99.0,Charge 4
2023-03-06T19:16:18Z,100.0,Charge 4
2023-03-06T19:16:23Z,99.0,Charge 4
2023-03-06T19:16:38Z,99.0,Charge 4
2023-03-06T19:16:43Z,97.0,Charge 4
2023-03-06T19:16:48Z,99.0,Charge 4
2023-03-06T19:17:03Z,99.0,Charge 4
2023-03-06T19:17:08Z,97.0,Charge 4
2023-03-06T19:17:18Z,99.0,Charge 4
2023-03-06T19:17:23Z,98.0,Charge 4
2023-03-06T19:17:28Z,98.0,Charge 4
2023-03-06T19:17:33Z,99.0,Charge 4
2023-03-06T19:17:43Z,100.0,Charge 4
2023-03-06T19:17:48Z,102.0,Charge 4
2023-03-06T19:17:53Z,104.0,Charge 4
2023-03-06T19:18:08Z,105.0,Charge 4
2023-03-06T19:18:13Z,106.0,Charge 4
2023-03-06T19:18:18Z,106.0,Charge 4
2023-03-06T19:18:33Z,106.0,Charge 4
2023-03-06T19:18:38Z,107.0,Charge 4
2023-03-06T19:18:48Z,108.0,Charge 4
2023-03-06T19:18:53Z,110.0,Charge 4
2023-03-06T19:18:58Z,109.0,Charge 4
2023-03-06T19:19:03Z,107.0,Charge 4
2023-03-06T19:19:08Z,106.0,Charge 4
2023-03-06T19:19:13Z,103.0,Charge 4
2023-03-06T19:19:18Z,101.0,Charge 4
2023-03-06T19:19:23Z,96.0,Charge 4
2023-03-06T19:19:28Z,100.0,Charge 4
2023-03-06T19:19:33Z,103.0,Charge 4
2023-03-06T19:19:43Z,102.0,Charge 4
2023-03-06T19:19:48Z,100.0,Charge 4
2023-03-06T19:19:53Z,101.0,Charge 4
2023-03-06T19:20:03Z,98.0,Charge 4
2023-03-06T19:20:08Z,96.0,Charge 4
2023-03-06T19:20:18Z,94.0,Charge 4
2023-03-06T19:20:33Z,94.0,Charge 4
2023-03-06T19:20:38Z,96.0,Charge 4
2023-03-06T19:20:43Z,98.0,Charge 4
2023-03-06T19:20:48Z,99.0,Charge 4
2023-03-06T19:20:58Z,100.0,Charge 4
2023-03-06T19:21:03Z,101.0,Charge 4
2023-03-06T19:21:08Z,102.0,Charge 4
2023-03-06T19:21:13Z,106.0,Charge 4
2023-03-06T19:21:18Z,105.0,Charge 4
2023-03-06T19:21:23Z,104.0,Charge 4
2023-03-06T19:21:28Z,101.0,Charge 4
2023-03-06T19:21:43Z,100.0,Charge 4
2023-03-06T19:21:48Z,99.0,Charge 4
2023-03-06T19:21:53Z,94.0,Charge 4
2023-03-06T19:22:03Z,95.0,Charge 4
2023-03-06T19:22:18Z,95.0,Charge 4
2023-03-06T19:22:33Z,94.0,Charge 4
2023-03-06T19:22:48Z,95.0,Charge 4
2023-03-06T19:22:53Z,93.0,Charge 4
2023-03-06T19:22:58Z,92.0,Charge 4
2023-03-06T19:23:08Z,93.0,Charge 4
2023-03-06T19:23:13Z,94.0,Charge 4
2023-03-06T19:23:28Z,95.0,Charge 4
2023-03-06T19:23:43Z,95.0,Charge 4
2023-03-06T19:23:58Z,95.0,Charge 4
2023-03-06T19:24:03Z,93.0,Charge 4
2023-03-06T19:24:08Z,92.0,Charge 4
2023-03-06T19:24:13Z,92.0,Charge 4
2023-03-06T19:24:28Z,95.0,Charge 4
2023-03-06T19:24:33Z,98.0,Charge 4
2023-03-06T19:24:38Z,99.0,Charge 4
2023-03-06T19:24:53Z,100.0,Charge 4
2023-03-06T19:24:58Z,101.0,Charge 4
2023-03-06T19:25:03Z,102.0,Charge 4
2023-03-06T19:25:08Z,101.0,Charge 4
2023-03-06T19:25:13Z,103.0,Charge 4
2023-03-06T19:25:18Z,100.0,Charge 4
2023-03-06T19:25:23Z,97.0,Charge 4
2023-03-06T19:25:28Z,94.0,Charge 4
2023-03-06T19:25:33Z,93.0,Charge 4
2023-03-06T19:25:38Z,91.0,Charge 4
2023-03-06T19:25:43Z,90.0,Charge 4
2023-03-06T19:25:53Z,89.0,Charge 4
2023-03-06T19:26:03Z,83.0,Charge 4
2023-03-06T19:26:08Z,82.0,Charge 4
2023-03-06T19:26:13Z,89.0,Charge 4
2023-03-06T19:26:23Z,88.0,Charge 4
2023-03-06T19:26:38Z,87.0,Charge 4
2023-03-06T19:26:48Z,82.0,Charge 4
2023-03-06T19:27:03Z,82.0,Charge 4
2023-03-06T19:27:13Z,82.0,Charge 4
2023-03-06T19:27:18Z,82.0,Charge 4
2023-03-06T19:27:23Z,80.0,Charge 4
2023-03-06T19:27:38Z,80.0,Charge 4
2023-03-06T19:27:43Z,80.0,Charge 4
2023-03-06T19:27:53Z,81.0,Charge 4
2023-03-06T19:27:58Z,82.0,Charge 4
2023-03-06T19:28:08Z,81.0,Charge 4
2023-03-06T19:28:13Z,80.0,Charge 4
2023-03-06T19:28:28Z,80.0,Charge 4
2023-03-06T19:28:34Z,82.0,Charge 4
2023-03-06T19:28:39Z,83.0,Charge 4
2023-03-06T19:28:44Z,82.0,Charge 4
2023-03-06T19:28:49Z,83.0,Charge 4
2023-03-06T19:29:04Z,84.0,Charge 4
2023-03-06T19:29:09Z,83.0,Charge 4
2023-03-06T19:29:14Z,83.0,Charge 4
2023-03-06T19:29:19Z,82.0,Charge 4
2023-03-06T19:29:24Z,83.0,Charge 4
2023-03-06T19:29:34Z,84.0,Charge 4
2023-03-06T19:29:44Z,87.0,Charge 4
2023-03-06T19:29:49Z,86.0,Charge 4
2023-03-06T19:29:54Z,87.0,Charge 4
2023-03-06T19:30:04Z,86.0,Charge 4
2023-03-06T19:30:09Z,85.0,Charge 4
2023-03-06T19:30:14Z,84.0,Charge 4
2023-03-06T19:30:19Z,85.0,Charge 4
2023-03-06T19:30:29Z,85.0,Charge 4
2023-03-06T19:30:34Z,85.0,Charge 4
2023-03-06T19:30:49Z,85.0,Charge 4
2023-03-06T19:30:54Z,85.0,Charge 4
2023-03-06T19:31:04Z,90.0,Charge 4
2023-03-06T19:31:09Z,92.0,Charge 4
2023-03-06T19:31:14Z,90.0,Charge 4
2023-03-06T19:31:19Z,87.0,Charge 4
2023-03-06T19:31:24Z,87.0,Charge 4
2023-03-06T19:31:39Z,87.0,Charge 4
2023-03-06T19:31:44Z,87.0,Charge 4
2023-03-06T19:31:49Z,86.0,Charge 4
2023-03-06T19:31:54Z,85.0,Charge 4
2023-03-06T19:31:59Z,85.0,Charge 4
2023-03-06T19:32:04Z,85.0,Charge 4
2023-03-06T19:32:09Z,84.0,Charge 4
2023-03-06T19:32:14Z,84.0,Charge 4
2023-03-06T19:32:19Z,84.0,Charge 4
2023-03-06T19:32:34Z,84.0,Charge 4
2023-03-06T19:32:39Z,85.0,Charge 4
2023-03-06T19:32:44Z,86.0,Charge 4
2023-03-06T19:32:49Z,85.0,Charge 4
2023-03-06T19:32:54Z,85.0,Charge 4
2023-03-06T19:32:59Z,85.0,Charge 4
2023-03-06T19:33:14Z,85.0,Charge 4
2023-03-06T19:33:19Z,86.0,Charge 4
2023-03-06T19:33:34Z,86.0,Charge 4
2023-03-06T19:33:39Z,85.0,Charge 4
2023-03-06T19:33:44Z,85.0,Charge 4
2023-03-06T19:33:49Z,84.0,Charge 4
2023-03-06T19:34:04Z,85.0,Charge 4
2023-03-06T19:34:09Z,84.0,Charge 4
2023-03-06T19:34:24Z,85.0,Charge 4
2023-03-06T19:34:39Z,83.0,Charge 4
2023-03-06T19:34:44Z,85.0,Charge 4
2023-03-06T19:34:49Z,82.0,Charge 4
2023-03-06T19:34:54Z,81.0,Charge 4
2023-03-06T19:34:59Z,81.0,Charge 4
2023-03-06T19:35:04Z,83.0,Charge 4
2023-03-06T19:35:09Z,84.0,Charge 4
2023-03-06T19:35:14Z,84.0,Charge 4
2023-03-06T19:35:19Z,83.0,Charge 4
2023-03-06T19:35:24Z,83.0,Charge 4
2023-03-06T19:35:29Z,84.0,Charge 4
2023-03-06T19:35:34Z,83.0,Charge 4
2023-03-06T19:35:39Z,83.0,Charge 4
2023-03-06T19:35:49Z,84.0,Charge 4
2023-03-06T19:35:54Z,85.0,Charge 4
2023-03-06T19:36:04Z,84.0,Charge 4
2023-03-06T19:36:19Z,84.0,Charge 4
2023-03-06T19:36:24Z,83.0,Charge 4
2023-03-06T19:36:29Z,84.0,Charge 4
2023-03-06T19:36:39Z,85.0,Charge 4
2023-03-06T19:36:44Z,85.0,Charge 4
2023-03-06T19:36:49Z,84.0,Charge 4
2023-03-06T19:36:59Z,85.0,Charge 4
2023-03-06T19:37:04Z,84.0,Charge 4
2023-03-06T19:37:09Z,82.0,Charge 4
2023-03-06T19:37:14Z,81.0,Charge 4
2023-03-06T19:37:19Z,82.0,Charge 4
2023-03-06T19:37:24Z,82.0,Charge 4
2023-03-06T19:37:34Z,82.0,Charge 4
2023-03-06T19:37:39Z,81.0,Charge 4
2023-03-06T19:37:44Z,82.0,Charge 4
2023-03-06T19:37:49Z,82.0,Charge 4
2023-03-06T19:37:54Z,83.0,Charge 4
2023-03-06T19:37:59Z,85.0,Charge 4
2023-03-06T19:38:09Z,85.0,Charge 4
2023-03-06T19:38:14Z,86.0,Charge 4
2023-03-06T19:38:19Z,85.0,Charge 4
2023-03-06T19:38:24Z,84.0,Charge 4
2023-03-06T19:38:34Z,81.0,Charge 4
2023-03-06T19:38:39Z,82.0,Charge 4
2023-03-06T19:38:54Z,82.0,Charge 4
2023-03-06T19:38:59Z,81.0,Charge 4
2023-03-06T19:39:14Z,82.0,Charge 4
2023-03-06T19:39:24Z,82.0,Charge 4
2023-03-06T19:39:29Z,85.0,Charge 4
2023-03-06T19:39:34Z,84.0,Charge 4
2023-03-06T19:39:39Z,83.0,Charge 4
2023-03-06T19:39:44Z,83.0,Charge 4
2023-03-06T19:39:49Z,82.0,Charge 4
2023-03-06T19:39:59Z,82.0,Charge 4
2023-03-06T19:40:04Z,86.0,Charge 4
2023-03-06T19:40:09Z,91.0,Charge 4
2023-03-06T19:40:14Z,92.0,Charge 4
2023-03-06T19:40:19Z,93.0,Charge 4
2023-03-06T19:40:34Z,96.0,Charge 4
2023-03-06T19:40:39Z,99.0,Charge 4
2023-03-06T19:40:44Z,100.0,Charge 4
2023-03-06T19:40:49Z,101.0,Charge 4
2023-03-06T19:40:54Z,102.0,Charge 4
2023-03-06T19:41:09Z,103.0,Charge 4
2023-03-06T19:41:14Z,104.0,Charge 4
2023-03-06T19:41:24Z,99.0,Charge 4
2023-03-06T19:41:29Z,95.0,Charge 4
2023-03-06T19:41:34Z,97.0,Charge 4
2023-03-06T19:41:44Z,96.0,Charge 4
2023-03-06T19:41:49Z,96.0,Charge 4
2023-03-06T19:41:54Z,98.0,Charge 4
2023-03-06T19:41:59Z,103.0,Charge 4
2023-03-06T19:42:04Z,104.0,Charge 4
2023-03-06T19:42:09Z,103.0,Charge 4
2023-03-06T19:42:19Z,101.0,Charge 4
2023-03-06T19:42:24Z,99.0,Charge 4
2023-03-06T19:42:29Z,97.0,Charge 4
2023-03-06T19:42:44Z,98.0,Charge 4
2023-03-06T19:42:49Z,99.0,Charge 4
2023-03-06T19:42:59Z,98.0,Charge 4
2023-03-06T19:43:14Z,98.0,Charge 4
2023-03-06T19:43:19Z,95.0,Charge 4
2023-03-06T19:43:24Z,91.0,Charge 4
2023-03-06T19:43:29Z,88.0,Charge 4
2023-03-06T19:43:34Z,88.0,Charge 4
2023-03-06T19:43:44Z,89.0,Charge 4
2023-03-06T19:43:49Z,88.0,Charge 4
2023-03-06T19:43:54Z,87.0,Charge 4
2023-03-06T19:43:59Z,85.0,Charge 4
2023-03-06T19:44:05Z,84.0,Charge 4
2023-03-06T19:44:15Z,86.0,Charge 4
2023-03-06T19:44:20Z,82.0,Charge 4
2023-03-06T19:44:35Z,82.0,Charge 4
2023-03-06T19:44:40Z,81.0,Charge 4
2023-03-06T19:44:45Z,81.0,Charge 4
2023-03-06T19:44:55Z,82.0,Charge 4
2023-03-06T19:45:00Z,84.0,Charge 4
2023-03-06T19:45:10Z,83.0,Charge 4
2023-03-06T19:45:20Z,84.0,Charge 4
2023-03-06T19:45:25Z,85.0,Charge 4
2023-03-06T19:45:30Z,85.0,Charge 4
2023-03-06T19:45:40Z,85.0,Charge 4
2023-03-06T19:45:50Z,85.0,Charge 4
2023-03-06T19:45:55Z,84.0,Charge 4
2023-03-06T19:46:05Z,83.0,Charge 4
2023-03-06T19:46:20Z,82.0,Charge 4
2023-03-06T19:46:35Z,83.0,Charge 4
2023-03-06T19:46:45Z,83.0,Charge 4
2023-03-06T19:46:50Z,83.0,Charge 4
2023-03-06T19:47:00Z,82.0,Charge 4
2023-03-06T19:47:15Z,83.0,Charge 4
2023-03-06T19:47:30Z,83.0,Charge 4
2023-03-06T19:47:40Z,84.0,Charge 4
2023-03-06T19:47:45Z,82.0,Charge 4
2023-03-06T19:47:50Z,81.0,Charge 4
2023-03-06T19:47:55Z,80.0,Charge 4
2023-03-06T19:48:05Z,80.0,Charge 4
2023-03-06T19:48:15Z,81.0,Charge 4
2023-03-06T19:48:20Z,82.0,Charge 4
2023-03-06T19:48:35Z,82.0,Charge 4
2023-03-06T19:48:40Z,83.0,Charge 4
2023-03-06T19:48:45Z,85.0,Charge 4
2023-03-06T19:48:50Z,88.0,Charge 4
2023-03-06T19:48:55Z,89.0,Charge 4
2023-03-06T19:49:00Z,89.0,Charge 4
2023-03-06T19:49:10Z,89.0,Charge 4
2023-03-06T19:49:25Z,88.0,Charge 4
2023-03-06T19:49:30Z,84.0,Charge 4
2023-03-06T19:49:35Z,81.0,Charge 4
2023-03-06T19:49:40Z,80.0,Charge 4
2023-03-06T19:49:45Z,79.0,Charge 4
2023-03-06T19:49:50Z,79.0,Charge 4
2023-03-06T19:49:55Z,80.0,Charge 4
2023-03-06T19:50:10Z,80.0,Charge 4
2023-03-06T19:50:25Z,80.0,Charge 4
2023-03-06T19:50:35Z,81.0,Charge 4
2023-03-06T19:50:40Z,83.0,Charge 4
2023-03-06T19:50:45Z,82.0,Charge 4
2023-03-06T19:50:50Z,82.0,Charge 4
2023-03-06T19:51:05Z,84.0,Charge 4
2023-03-06T19:51:10Z,85.0,Charge 4
2023-03-06T19:51:15Z,84.0,Charge 4
2023-03-06T19:51:20Z,85.0,Charge 4
2023-03-06T19:51:25Z,86.0,Charge 4
2023-03-06T19:51:30Z,88.0,Charge 4
2023-03-06T19:51:35Z,91.0,Charge 4
2023-03-06T19:51:40Z,92.0,Charge 4
2023-03-06T19:51:45Z,93.0,Charge 4
2023-03-06T19:51:50Z,94.0,Charge 4
2023-03-06T19:51:55Z,95.0,Charge 4
2023-03-06T19:52:00Z,96.0,Charge 4
2023-03-06T19:52:05Z,95.0,Charge 4
2023-03-06T19:52:10Z,94.0,Charge 4
2023-03-06T19:52:20Z,96.0,Charge 4
2023-03-06T19:52:25Z,97.0,Charge 4
2023-03-06T19:52:30Z,96.0,Charge 4
2023-03-06T19:52:35Z,94.0,Charge 4
2023-03-06T19:52:45Z,97.0,Charge 4
2023-03-06T19:52:50Z,99.0,Charge 4
2023-03-06T19:53:05Z,99.0,Charge 4
2023-03-06T19:53:15Z,98.0,Charge 4
2023-03-06T19:53:20Z,94.0,Charge 4
2023-03-06T19:53:25Z,93.0,Charge 4
2023-03-06T19:53:40Z,93.0,Charge 4
2023-03-06T19:53:45Z,92.0,Charge 4
2023-03-06T19:53:50Z,91.0,Charge 4
2023-03-06T19:54:05Z,91.0,Charge 4
2023-03-06T19:54:15Z,89.0,Charge 4
2023-03-06T19:54:20Z,85.0,Charge 4
2023-03-06T19:54:35Z,88.0,Charge 4
2023-03-06T19:54:40Z,91.0,Charge 4
2023-03-06T19:54:45Z,89.0,Charge 4
2023-03-06T19:54:50Z,87.0,Charge 4
2023-03-06T19:55:00Z,87.0,Charge 4
2023-03-06T19:55:15Z,88.0,Charge 4
2023-03-06T19:55:20Z,89.0,Charge 4
2023-03-06T19:55:35Z,85.0,Charge 4
2023-03-06T19:55:45Z,88.0,Charge 4
2023-03-06T19:55:50Z,87.0,Charge 4
2023-03-06T19:56:00Z,86.0,Charge 4
2023-03-06T19:56:05Z,85.0,Charge 4
2023-03-06T19:56:10Z,86.0,Charge 4
2023-03-06T19:56:15Z,88.0,Charge 4
2023-03-06T19:56:20Z,88.0,Charge 4
2023-03-06T19:56:35Z,88.0,Charge 4
2023-03-06T19:56:45Z,89.0,Charge 4
2023-03-06T19:56:50Z,93.0,Charge 4
2023-03-06T19:56:55Z,94.0,Charge 4
2023-03-06T19:57:00Z,95.0,Charge 4
2023-03-06T19:57:10Z,94.0,Charge 4
2023-03-06T19:57:25Z,93.0,Charge 4
2023-03-06T19:57:40Z,93.0,Charge 4
2023-03-06T19:57:45Z,92.0,Charge 4
2023-03-06T19:57:50Z,88.0,Charge 4
2023-03-06T19:57:55Z,83.0,Charge 4
2023-03-06T19:58:00Z,83.0,Charge 4
2023-03-06T19:58:15Z,82.0,Charge 4
2023-03-06T19:58:25Z,85.0,Charge 4
2023-03-06T19:58:30Z,86.0,Charge 4
2023-03-06T19:58:35Z,87.0,Charge 4
2023-03-06T19:58:45Z,88.0,Charge 4
2023-03-06T19:59:00Z,88.0,Charge 4
2023-03-06T19:59:05Z,89.0,Charge 4
2023-03-06T19:59:10Z,90.0,Charge 4
2023-03-06T19:59:25Z,91.0,Charge 4
2023-03-06T19:59:30Z,92.0,Charge 4
2023-03-06T19:59:35Z,93.0,Charge 4
2023-03-06T19:59:50Z,93.0,Charge 4
2023-03-06T19:59:55Z,94.0,Charge 4
2023-03-06T20:00:05Z,93.0,Charge 4
2023-03-06T20:00:20Z,95.0,Charge 4
2023-03-06T20:00:30Z,92.0,Charge 4
2023-03-06T20:00:35Z,91.0,Charge 4
2023-03-06T20:00:40Z,88.0,Charge 4
2023-03-06T20:00:55Z,88.0,Charge 4
2023-03-06T20:01:00Z,91.0,Charge 4
2023-03-06T20:01:05Z,90.0,Charge 4
2023-03-06T20:01:10Z,86.0,Charge 4
2023-03-06T20:01:15Z,84.0,Charge 4
2023-03-06T20:01:30Z,84.0,Charge 4
2023-03-06T20:01:40Z,85.0,Charge 4
2023-03-06T20:01:55Z,85.0,Charge 4
2023-03-06T20:02:01Z,87.0,Charge 4
2023-03-06T20:02:06Z,88.0,Charge 4
2023-03-06T20:02:16Z,87.0,Charge 4
2023-03-06T20:02:21Z,86.0,Charge 4
2023-03-06T20:02:31Z,84.0,Charge 4
2023-03-06T20:02:36Z,82.0,Charge 4
2023-03-06T20:02:41Z,80.0,Charge 4
2023-03-06T20:02:51Z,79.0,Charge 4
2023-03-06T20:02:56Z,80.0,Charge 4
2023-03-06T20:03:01Z,79.0,Charge 4
2023-03-06T20:03:06Z,80.0,Charge 4
2023-03-06T20:03:21Z,81.0,Charge 4
2023-03-06T20:03:26Z,83.0,Charge 4
2023-03-06T20:03:31Z,84.0,Charge 4
2023-03-06T20:03:36Z,85.0,Charge 4
2023-03-06T20:03:46Z,86.0,Charge 4
2023-03-06T20:04:01Z,86.0,Charge 4
2023-03-06T20:04:11Z,87.0,Charge 4
2023-03-06T20:04:16Z,86.0,Charge 4
2023-03-06T20:04:21Z,87.0,Charge 4
2023-03-06T20:04:31Z,85.0,Charge 4
2023-03-06T20:04:36Z,84.0,Charge 4
2023-03-06T20:04:51Z,84.0,Charge 4
2023-03-06T20:04:56Z,85.0,Charge 4
2023-03-06T20:05:11Z,85.0,Charge 4
2023-03-06T20:05:26Z,88.0,Charge 4
2023-03-06T20:05:31Z,89.0,Charge 4
2023-03-06T20:05:36Z,88.0,Charge 4
2023-03-06T20:05:41Z,87.0,Charge 4
2023-03-06T20:05:46Z,86.0,Charge 4
2023-03-06T20:05:51Z,85.0,Charge 4
2023-03-06T20:05:56Z,83.0,Charge 4
2023-03-06T20:06:06Z,82.0,Charge 4
2023-03-06T20:06:16Z,81.0,Charge 4
2023-03-06T20:06:21Z,77.0,Charge 4
2023-03-06T20:06:26Z,78.0,Charge 4
2023-03-06T20:06:31Z,79.0,Charge 4
2023-03-06T20:06:36Z,78.0,Charge 4
2023-03-06T20:06:41Z,79.0,Charge 4
2023-03-06T20:06:46Z,80.0,Charge 4
2023-03-06T20:06:51Z,81.0,Charge 4
2023-03-06T20:07:01Z,80.0,Charge 4
2023-03-06T20:07:06Z,80.0,Charge 4
2023-03-06T20:07:16Z,80.0,Charge 4
2023-03-06T20:07:21Z,80.0,Charge 4
2023-03-06T20:07:26Z,81.0,Charge 4
2023-03-06T20:07:36Z,80.0,Charge 4
2023-03-06T20:07:46Z,83.0,Charge 4
2023-03-06T20:07:51Z,86.0,Charge 4
2023-03-06T20:07:56Z,88.0,Charge 4
2023-03-06T20:08:01Z,86.0,Charge 4
2023-03-06T20:08:06Z,85.0,Charge 4
2023-03-06T20:08:11Z,84.0,Charge 4
2023-03-06T20:08:16Z,81.0,Charge 4
2023-03-06T20:08:21Z,79.0,Charge 4
2023-03-06T20:08:26Z,81.0,Charge 4
2023-03-06T20:08:31Z,82.0,Charge 4
2023-03-06T20:08:36Z,81.0,Charge 4
2023-03-06T20:08:41Z,80.0,Charge 4
2023-03-06T20:08:46Z,78.0,Charge 4
2023-03-06T20:08:56Z,78.0,Charge 4
2023-03-06T20:09:01Z,77.0,Charge 4
2023-03-06T20:09:06Z,76.0,Charge 4
2023-03-06T20:09:21Z,78.0,Charge 4
2023-03-06T20:09:26Z,80.0,Charge 4
2023-03-06T20:09:31Z,79.0,Charge 4
2023-03-06T20:09:36Z,77.0,Charge 4
2023-03-06T20:09:41Z,76.0,Charge 4
2023-03-06T20:09:51Z,77.0,Charge 4
2023-03-06T20:09:56Z,78.0,Charge 4
2023-03-06T20:10:11Z,80.0,Charge 4
2023-03-06T20:10:16Z,82.0,Charge 4
2023-03-06T20:10:26Z,82.0,Charge 4
2023-03-06T20:10:36Z,80.0,Charge 4
2023-03-06T20:10:41Z,78.0,Charge 4
2023-03-06T20:10:46Z,77.0,Charge 4
2023-03-06T20:10:56Z,76.0,Charge 4
2023-03-06T20:11:01Z,76.0,Charge 4
2023-03-06T20:11:06Z,76.0,Charge 4
2023-03-06T20:11:11Z,77.0,Charge 4
2023-03-06T20:11:16Z,78.0,Charge 4
2023-03-06T20:11:21Z,81.0,Charge 4
2023-03-06T20:11:26Z,82.0,Charge 4
2023-03-06T20:11:36Z,81.0,Charge 4
2023-03-06T20:11:51Z,81.0,Charge 4
2023-03-06T20:11:56Z,80.0,Charge 4
2023-03-06T20:12:01Z,79.0,Charge 4
2023-03-06T20:12:06Z,78.0,Charge 4
2023-03-06T20:12:11Z,78.0,Charge 4
2023-03-06T20:12:21Z,79.0,Charge 4
2023-03-06T20:12:36Z,79.0,Charge 4
2023-03-06T20:12:46Z,79.0,Charge 4
2023-03-06T20:12:51Z,81.0,Charge 4
2023-03-06T20:12:56Z,80.0,Charge 4
2023-03-06T20:13:01Z,81.0,Charge 4
2023-03-06T20:13:06Z,82.0,Charge 4
2023-03-06T20:13:11Z,81.0,Charge 4
2023-03-06T20:13:16Z,80.0,Charge 4
2023-03-06T20:13:26Z,81.0,Charge 4
2023-03-06T20:13:36Z,80.0,Charge 4
2023-03-06T20:13:46Z,79.0,Charge 4
2023-03-06T20:13:51Z,79.0,Charge 4
2023-03-06T20:13:56Z,80.0,Charge 4
2023-03-06T20:14:01Z,82.0,Charge 4
2023-03-06T20:14:06Z,84.0,Charge 4
2023-03-06T20:14:21Z,77.0,Charge 4
2023-03-06T20:14:31Z,78.0,Charge 4
2023-03-06T20:14:41Z,79.0,Charge 4
2023-03-06T20:14:46Z,79.0,Charge 4
2023-03-06T20:14:51Z,82.0,Charge 4
2023-03-06T20:14:56Z,84.0,Charge 4
2023-03-06T20:15:06Z,85.0,Charge 4
2023-03-06T20:15:16Z,84.0,Charge 4
2023-03-06T20:15:21Z,83.0,Charge 4
2023-03-06T20:15:36Z,82.0,Charge 4
2023-03-06T20:15:41Z,80.0,Charge 4
2023-03-06T20:15:46Z,79.0,Charge 4
2023-03-06T20:15:51Z,78.0,Charge 4
2023-03-06T20:16:01Z,77.0,Charge 4
2023-03-06T20:16:06Z,78.0,Charge 4
2023-03-06T20:16:21Z,78.0,Charge 4
2023-03-06T20:16:26Z,78.0,Charge 4
2023-03-06T20:16:31Z,77.0,Charge 4
2023-03-06T20:16:36Z,76.0,Charge 4
2023-03-06T20:16:41Z,75.0,Charge 4
2023-03-06T20:16:51Z,76.0,Charge 4
2023-03-06T20:16:56Z,77.0,Charge 4
2023-03-06T20:17:01Z,78.0,Charge 4
2023-03-06T20:17:06Z,78.0,Charge 4
2023-03-06T20:17:11Z,79.0,Charge 4
2023-03-06T20:17:16Z,80.0,Charge 4
2023-03-06T20:17:21Z,82.0,Charge 4
2023-03-06T20:17:26Z,83.0,Charge 4
2023-03-06T20:17:31Z,83.0,Charge 4
2023-03-06T20:17:36Z,82.0,Charge 4
2023-03-06T20:17:41Z,82.0,Charge 4
2023-03-06T20:17:46Z,81.0,Charge 4
2023-03-06T20:18:01Z,81.0,Charge 4
2023-03-06T20:18:06Z,82.0,Charge 4
2023-03-06T20:18:11Z,82.0,Charge 4
2023-03-06T20:18:21Z,82.0,Charge 4
2023-03-06T20:18:31Z,84.0,Charge 4
2023-03-06T20:18:46Z,84.0,Charge 4
2023-03-06T20:18:56Z,85.0,Charge 4
2023-03-06T20:19:01Z,84.0,Charge 4
2023-03-06T20:19:06Z,82.0,Charge 4
2023-03-06T20:19:11Z,81.0,Charge 4
2023-03-06T20:19:16Z,81.0,Charge 4
2023-03-06T20:19:21Z,80.0,Charge 4
2023-03-06T20:19:26Z,78.0,Charge 4
2023-03-06T20:19:41Z,78.0,Charge 4
2023-03-06T20:19:56Z,78.0,Charge 4
2023-03-06T20:20:01Z,77.0,Charge 4
2023-03-06T20:20:06Z,76.0,Charge 4
2023-03-06T20:20:21Z,76.0,Charge 4
2023-03-06T20:20:26Z,78.0,Charge 4
2023-03-06T20:20:31Z,79.0,Charge 4
2023-03-06T20:20:36Z,80.0,Charge 4
2023-03-06T20:20:41Z,81.0,Charge 4
2023-03-06T20:20:46Z,80.0,Charge 4
2023-03-06T20:20:52Z,80.0,Charge 4
2023-03-06T20:20:57Z,79.0,Charge 4
2023-03-06T20:21:07Z,80.0,Charge 4
2023-03-06T20:21:22Z,80.0,Charge 4
2023-03-06T20:21:32Z,80.0,Charge 4
2023-03-06T20:21:37Z,79.0,Charge 4
2023-03-06T20:21:52Z,79.0,Charge 4
2023-03-06T20:21:57Z,80.0,Charge 4
2023-03-06T20:22:07Z,81.0,Charge 4
2023-03-06T20:22:12Z,82.0,Charge 4
2023-03-06T20:22:22Z,81.0,Charge 4
2023-03-06T20:22:32Z,82.0,Charge 4
2023-03-06T20:22:42Z,83.0,Charge 4
2023-03-06T20:22:47Z,84.0,Charge 4
2023-03-06T20:22:52Z,82.0,Charge 4
2023-03-06T20:23:07Z,82.0,Charge 4
2023-03-06T20:23:12Z,79.0,Charge 4
2023-03-06T20:23:17Z,77.0,Charge 4
2023-03-06T20:23:27Z,78.0,Charge 4
2023-03-06T20:23:37Z,79.0,Charge 4
2023-03-06T20:23:47Z,80.0,Charge 4
2023-03-06T20:23:52Z,81.0,Charge 4
2023-03-06T20:24:02Z,81.0,Charge 4
2023-03-06T20:24:12Z,80.0,Charge 4
2023-03-06T20:24:22Z,78.0,Charge 4
2023-03-06T20:24:27Z,79.0,Charge 4
2023-03-06T20:24:32Z,80.0,Charge 4
2023-03-06T20:24:37Z,80.0,Charge 4
2023-03-06T20:24:47Z,80.0,Charge 4
2023-03-06T20:24:52Z,81.0,Charge 4
2023-03-06T20:24:57Z,84.0,Charge 4
2023-03-06T20:25:02Z,87.0,Charge 4
2023-03-06T20:25:07Z,88.0,Charge 4
2023-03-06T20:25:12Z,88.0,Charge 4
2023-03-06T20:25:27Z,88.0,Charge 4
2023-03-06T20:25:32Z,85.0,Charge 4
2023-03-06T20:25:37Z,84.0,Charge 4
2023-03-06T20:25:42Z,83.0,Charge 4
2023-03-06T20:25:47Z,83.0,Charge 4
2023-03-06T20:25:57Z,84.0,Charge 4
2023-03-06T20:26:07Z,86.0,Charge 4
2023-03-06T20:26:17Z,85.0,Charge 4
2023-03-06T20:26:22Z,84.0,Charge 4
2023-03-06T20:26:27Z,83.0,Charge 4
2023-03-06T20:26:32Z,81.0,Charge 4
2023-03-06T20:26:37Z,80.0,Charge 4
2023-03-06T20:26:42Z,79.0,Charge 4
2023-03-06T20:26:47Z,79.0,Charge 4
2023-03-06T20:27:02Z,82.0,Charge 4
2023-03-06T20:27:07Z,84.0,Charge 4
2023-03-06T20:27:17Z,83.0,Charge 4
2023-03-06T20:27:22Z,82.0,Charge 4
2023-03-06T20:27:27Z,81.0,Charge 4
2023-03-06T20:27:32Z,80.0,Charge 4
2023-03-06T20:27:37Z,79.0,Charge 4
2023-03-06T20:27:42Z,80.0,Charge 4
2023-03-06T20:27:57Z,79.0,Charge 4
2023-03-06T20:28:12Z,79.0,Charge 4
2023-03-06T20:28:17Z,78.0,Charge 4
2023-03-06T20:28:22Z,79.0,Charge 4
2023-03-06T20:28:32Z,79.0,Charge 4
2023-03-06T20:28:37Z,80.0,Charge 4
2023-03-06T20:28:42Z,81.0,Charge 4
2023-03-06T20:28:52Z,81.0,Charge 4
2023-03-06T20:28:57Z,81.0,Charge 4
2023-03-06T20:29:02Z,81.0,Charge 4
2023-03-06T20:29:17Z,81.0,Charge 4
2023-03-06T20:29:27Z,81.0,Charge 4
2023-03-06T20:29:42Z,82.0,Charge 4
2023-03-06T20:29:47Z,84.0,Charge 4
2023-03-06T20:29:52Z,85.0,Charge 4
2023-03-06T20:29:57Z,85.0,Charge 4
2023-03-06T20:30:07Z,84.0,Charge 4
2023-03-06T20:30:17Z,83.0,Charge 4
2023-03-06T20:30:22Z,83.0,Charge 4
2023-03-06T20:30:27Z,83.0,Charge 4
2023-03-06T20:30:32Z,82.0,Charge 4
2023-03-06T20:30:42Z,81.0,Charge 4
2023-03-06T20:30:47Z,81.0,Charge 4
2023-03-06T20:30:57Z,83.0,Charge 4
2023-03-06T20:31:02Z,84.0,Charge 4
2023-03-06T20:31:07Z,85.0,Charge 4
2023-03-06T20:31:12Z,84.0,Charge 4
2023-03-06T20:31:17Z,83.0,Charge 4
2023-03-06T20:31:27Z,83.0,Charge 4
2023-03-06T20:31:37Z,82.0,Charge 4
2023-03-06T20:31:42Z,82.0,Charge 4
2023-03-06T20:31:52Z,81.0,Charge 4
2023-03-06T20:32:07Z,81.0,Charge 4
2023-03-06T20:32:12Z,82.0,Charge 4
2023-03-06T20:32:17Z,83.0,Charge 4
2023-03-06T20:32:22Z,84.0,Charge 4
2023-03-06T20:32:27Z,85.0,Charge 4
2023-03-06T20:32:37Z,86.0,Charge 4
2023-03-06T20:32:42Z,88.0,Charge 4
2023-03-06T20:32:47Z,89.0,Charge 4
2023-03-06T20:32:57Z,95.0,Charge 4
2023-03-06T20:33:07Z,96.0,Charge 4
2023-03-06T20:33:22Z,96.0,Charge 4
2023-03-06T20:33:32Z,98.0,Charge 4
2023-03-06T20:33:37Z,97.0,Charge 4
2023-03-06T20:33:42Z,94.0,Charge 4
2023-03-06T20:33:47Z,93.0,Charge 4
2023-03-06T20:34:02Z,92.0,Charge 4
2023-03-06T20:34:07Z,91.0,Charge 4
2023-03-06T20:34:12Z,90.0,Charge 4
2023-03-06T20:34:22Z,89.0,Charge 4
2023-03-06T20:34:37Z,89.0,Charge 4
2023-03-06T20:34:42Z,88.0,Charge 4
2023-03-06T20:34:57Z,89.0,Charge 4
2023-03-06T20:35:12Z,89.0,Charge 4
2023-03-06T20:35:17Z,88.0,Charge 4
2023-03-06T20:35:32Z,88.0,Charge 4
2023-03-06T20:35:37Z,88.0,Charge 4
2023-03-06T20:35:42Z,89.0,Charge 4
2023-03-06T20:35:52Z,88.0,Charge 4
2023-03-06T20:35:57Z,86.0,Charge 4
2023-03-06T20:36:07Z,87.0,Charge 4
2023-03-06T20:36:22Z,87.0,Charge 4
2023-03-06T20:36:32Z,86.0,Charge 4
2023-03-06T20:36:37Z,84.0,Charge 4
2023-03-06T20:36:42Z,82.0,Charge 4
2023-03-06T20:36:52Z,83.0,Charge 4
2023-03-06T20:36:57Z,84.0,Charge 4
2023-03-06T20:37:02Z,85.0,Charge 4
2023-03-06T20:37:17Z,85.0,Charge 4
2023-03-06T20:37:32Z,84.0,Charge 4
2023-03-06T20:37:37Z,83.0,Charge 4
2023-03-06T20:37:52Z,83.0,Charge 4
2023-03-06T20:38:02Z,81.0,Charge 4
2023-03-06T20:38:07Z,80.0,Charge 4
2023-03-06T20:38:12Z,80.0,Charge 4
2023-03-06T20:38:22Z,83.0,Charge 4
2023-03-06T20:38:28Z,84.0,Charge 4
2023-03-06T20:38:33Z,82.0,Charge 4
2023-03-06T20:38:38Z,81.0,Charge 4
2023-03-06T20:38:43Z,80.0,Charge 4
2023-03-06T20:38:48Z,79.0,Charge 4
2023-03-06T20:38:53Z,78.0,Charge 4
2023-03-06T20:38:58Z,78.0,Charge 4
2023-03-06T20:39:13Z,79.0,Charge 4
2023-03-06T20:39:18Z,82.0,Charge 4
2023-03-06T20:39:23Z,83.0,Charge 4
2023-03-06T20:39:33Z,80.0,Charge 4
2023-03-06T20:39:38Z,75.0,Charge 4
2023-03-06T20:39:48Z,78.0,Charge 4
2023-03-06T20:39:53Z,79.0,Charge 4
2023-03-06T20:39:58Z,80.0,Charge 4
2023-03-06T20:40:13Z,80.0,Charge 4
2023-03-06T20:40:28Z,80.0,Charge 4
2023-03-06T20:40:38Z,82.0,Charge 4
2023-03-06T20:40:48Z,80.0,Charge 4
2023-03-06T20:40:53Z,79.0,Charge 4
2023-03-06T20:40:58Z,78.0,Charge 4
2023-03-06T20:41:13Z,78.0,Charge 4
2023-03-06T20:41:18Z,78.0,Charge 4
2023-03-06T20:41:23Z,79.0,Charge 4
2023-03-06T20:41:33Z,78.0,Charge 4
2023-03-06T20:41:38Z,77.0,Charge 4
2023-03-06T20:41:43Z,78.0,Charge 4
2023-03-06T20:41:48Z,80.0,Charge 4
2023-03-06T20:41:53Z,81.0,Charge 4
2023-03-06T20:42:03Z,82.0,Charge 4
2023-03-06T20:42:08Z,83.0,Charge 4
2023-03-06T20:42:13Z,81.0,Charge 4
2023-03-06T20:42:23Z,82.0,Charge 4
2023-03-06T20:42:38Z,82.0,Charge 4
2023-03-06T20:42:48Z,82.0,Charge 4
2023-03-06T20:42:58Z,85.0,Charge 4
2023-03-06T20:43:03Z,85.0,Charge 4
2023-03-06T20:43:08Z,83.0,Charge 4
2023-03-06T20:43:13Z,82.0,Charge 4
2023-03-06T20:43:28Z,82.0,Charge 4
2023-03-06T20:43:38Z,81.0,Charge 4
2023-03-06T20:43:43Z,80.0,Charge 4
2023-03-06T20:43:48Z,79.0,Charge 4
2023-03-06T20:44:03Z,79.0,Charge 4
2023-03-06T20:44:08Z,79.0,Charge 4
2023-03-06T20:44:23Z,79.0,Charge 4
2023-03-06T20:44:28Z,80.0,Charge 4
2023-03-06T20:44:43Z,81.0,Charge 4
2023-03-06T20:44:53Z,82.0,Charge 4
2023-03-06T20:44:58Z,81.0,Charge 4
2023-03-06T20:45:08Z,81.0,Charge 4
2023-03-06T20:45:13Z,83.0,Charge 4
2023-03-06T20:45:18Z,85.0,Charge 4
2023-03-06T20:45:23Z,85.0,Charge 4
2023-03-06T20:45:28Z,84.0,Charge 4
2023-03-06T20:45:33Z,84.0,Charge 4
2023-03-06T20:45:38Z,83.0,Charge 4
2023-03-06T20:45:53Z,83.0,Charge 4
2023-03-06T20:45:58Z,83.0,Charge 4
2023-03-06T20:46:03Z,81.0,Charge 4
2023-03-06T20:46:08Z,79.0,Charge 4
2023-03-06T20:46:13Z,78.0,Charge 4
2023-03-06T20:46:18Z,77.0,Charge 4
2023-03-06T20:46:23Z,77.0,Charge 4
2023-03-06T20:46:28Z,77.0,Charge 4
2023-03-06T20:46:33Z,78.0,Charge 4
2023-03-06T20:46:38Z,78.0,Charge 4
2023-03-06T20:46:48Z,79.0,Charge 4
2023-03-06T20:46:53Z,80.0,Charge 4
2023-03-06T20:46:58Z,79.0,Charge 4
2023-03-06T20:47:08Z,80.0,Charge 4
2023-03-06T20:47:18Z,80.0,Charge 4
2023-03-06T20:47:33Z,80.0,Charge 4
2023-03-06T20:47:38Z,80.0,Charge 4
2023-03-06T20:47:43Z,81.0,Charge 4
2023-03-06T20:47:53Z,80.0,Charge 4
2023-03-06T20:47:58Z,79.0,Charge 4
2023-03-06T20:48:03Z,79.0,Charge 4
2023-03-06T20:48:18Z,82.0,Charge 4
2023-03-06T20:48:23Z,83.0,Charge 4
2023-03-06T20:48:33Z,83.0,Charge 4
2023-03-06T20:48:38Z,83.0,Charge 4
2023-03-06T20:48:43Z,83.0,Charge 4
2023-03-06T20:48:48Z,82.0,Charge 4
2023-03-06T20:48:53Z,80.0,Charge 4
2023-03-06T20:48:58Z,79.0,Charge 4
2023-03-06T20:49:03Z,78.0,Charge 4
2023-03-06T20:49:13Z,78.0,Charge 4
2023-03-06T20:49:23Z,80.0,Charge 4
2023-03-06T20:49:28Z,81.0,Charge 4
2023-03-06T20:49:43Z,81.0,Charge 4
2023-03-06T20:49:53Z,80.0,Charge 4
2023-03-06T20:49:58Z,81.0,Charge 4
2023-03-06T20:50:03Z,82.0,Charge 4
2023-03-06T20:50:08Z,82.0,Charge 4
2023-03-06T20:50:13Z,82.0,Charge 4
2023-03-06T20:50:18Z,83.0,Charge 4
2023-03-06T20:50:23Z,82.0,Charge 4
2023-03-06T20:50:28Z,80.0,Charge 4
2023-03-06T20:50:33Z,79.0,Charge 4
2023-03-06T20:50:38Z,78.0,Charge 4
2023-03-06T20:50:43Z,79.0,Charge 4
2023-03-06T20:50:48Z,80.0,Charge 4
2023-03-06T20:51:03Z,81.0,Charge 4
2023-03-06T20:51:18Z,81.0,Charge 4
2023-03-06T20:51:28Z,82.0,Charge 4
2023-03-06T20:51:33Z,83.0,Charge 4
2023-03-06T20:51:38Z,82.0,Charge 4
2023-03-06T20:51:43Z,80.0,Charge 4
2023-03-06T20:51:48Z,79.0,Charge 4
2023-03-06T20:51:53Z,78.0,Charge 4
2023-03-06T20:51:58Z,77.0,Charge 4
2023-03-06T20:52:03Z,76.0,Charge 4
2023-03-06T20:52:18Z,76.0,Charge 4
2023-03-06T20:52:23Z,77.0,Charge 4
2023-03-06T20:52:28Z,77.0,Charge 4
2023-03-06T20:52:33Z,79.0,Charge 4
2023-03-06T20:52:38Z,82.0,Charge 4
2023-03-06T20:52:43Z,83.0,Charge 4
2023-03-06T20:52:58Z,83.0,Charge 4
2023-03-06T20:53:08Z,84.0,Charge 4
2023-03-06T20:53:18Z,82.0,Charge 4
2023-03-06T20:53:23Z,81.0,Charge 4
2023-03-06T20:53:33Z,82.0,Charge 4
2023-03-06T20:53:38Z,82.0,Charge 4
2023-03-06T20:53:53Z,82.0,Charge 4
2023-03-06T20:54:03Z,81.0,Charge 4
2023-03-06T20:54:13Z,82.0,Charge 4
2023-03-06T20:54:18Z,82.0,Charge 4
2023-03-06T20:54:23Z,83.0,Charge 4
2023-03-06T20:54:28Z,82.0,Charge 4
2023-03-06T20:54:33Z,83.0,Charge 4
2023-03-06T20:54:43Z,82.0,Charge 4
2023-03-06T20:54:48Z,81.0,Charge 4
2023-03-06T20:55:03Z,81.0,Charge 4
2023-03-06T20:55:04Z,81.0,Charge 4
2023-03-06T20:55:19Z,81.0,Charge 4
2023-03-06T20:55:29Z,80.0,Charge 4
2023-03-06T20:55:34Z,81.0,Charge 4
2023-03-06T20:55:39Z,81.0,Charge 4
2023-03-06T20:55:44Z,82.0,Charge 4
2023-03-06T20:55:49Z,83.0,Charge 4
2023-03-06T20:56:04Z,83.0,Charge 4
2023-03-06T20:56:19Z,83.0,Charge 4
2023-03-06T20:56:24Z,84.0,Charge 4
2023-03-06T20:56:39Z,84.0,Charge 4
2023-03-06T20:56:49Z,85.0,Charge 4
2023-03-06T20:56:54Z,86.0,Charge 4
2023-03-06T20:56:59Z,85.0,Charge 4
2023-03-06T20:57:04Z,83.0,Charge 4
2023-03-06T20:57:14Z,83.0,Charge 4
2023-03-06T20:57:19Z,83.0,Charge 4
2023-03-06T20:57:29Z,84.0,Charge 4
2023-03-06T20:57:39Z,93.0,Charge 4
2023-03-06T20:57:44Z,100.0,Charge 4
2023-03-06T20:57:49Z,104.0,Charge 4
2023-03-06T20:57:54Z,105.0,Charge 4
2023-03-06T20:58:09Z,109.0,Charge 4
2023-03-06T20:58:14Z,112.0,Charge 4
2023-03-06T20:58:24Z,111.0,Charge 4
2023-03-06T20:58:34Z,110.0,Charge 4
2023-03-06T20:58:39Z,111.0,Charge 4
2023-03-06T20:58:44Z,112.0,Charge 4
2023-03-06T20:58:49Z,111.0,Charge 4
2023-03-06T20:58:59Z,110.0,Charge 4
2023-03-06T20:59:04Z,110.0,Charge 4
2023-03-06T20:59:09Z,110.0,Charge 4
2023-03-06T20:59:19Z,109.0,Charge 4
2023-03-06T20:59:34Z,109.0,Charge 4
2023-03-06T20:59:39Z,100.0,Charge 4
2023-03-06T20:59:44Z,95.0,Charge 4
2023-03-06T20:59:49Z,93.0,Charge 4
2023-03-06T20:59:54Z,90.0,Charge 4
2023-03-06T20:59:59Z,87.0,Charge 4
2023-03-06T21:00:04Z,87.0,Charge 4
2023-03-06T21:00:14Z,87.0,Charge 4
2023-03-06T21:00:19Z,86.0,Charge 4
2023-03-06T21:00:24Z,83.0,Charge 4
2023-03-06T21:00:29Z,81.0,Charge 4
2023-03-06T21:00:34Z,80.0,Charge 4
2023-03-06T21:00:39Z,80.0,Charge 4
2023-03-06T21:00:44Z,81.0,Charge 4
2023-03-06T21:00:49Z,82.0,Charge 4
2023-03-06T21:00:54Z,83.0,Charge 4
2023-03-06T21:01:09Z,82.0,Charge 4
2023-03-06T21:01:14Z,81.0,Charge 4
2023-03-06T21:01:29Z,80.0,Charge 4
2023-03-06T21:01:34Z,80.0,Charge 4
2023-03-06T21:01:39Z,81.0,Charge 4
2023-03-06T21:01:49Z,80.0,Charge 4
2023-03-06T21:01:54Z,79.0,Charge 4
2023-03-06T21:01:59Z,78.0,Charge 4
2023-03-06T21:02:09Z,79.0,Charge 4
2023-03-06T21:02:14Z,80.0,Charge 4
2023-03-06T21:02:29Z,80.0,Charge 4
2023-03-06T21:02:39Z,83.0,Charge 4
2023-03-06T21:02:44Z,83.0,Charge 4
2023-03-06T21:02:49Z,81.0,Charge 4
2023-03-06T21:02:54Z,80.0,Charge 4
2023-03-06T21:03:09Z,79.0,Charge 4
2023-03-06T21:03:19Z,78.0,Charge 4
2023-03-06T21:03:34Z,78.0,Charge 4
2023-03-06T21:03:39Z,77.0,Charge 4
2023-03-06T21:03:44Z,78.0,Charge 4
2023-03-06T21:03:54Z,79.0,Charge 4
2023-03-06T21:04:09Z,79.0,Charge 4
2023-03-06T21:04:19Z,80.0,Charge 4
2023-03-06T21:04:24Z,80.0,Charge 4
2023-03-06T21:04:34Z,79.0,Charge 4
2023-03-06T21:04:39Z,78.0,Charge 4
2023-03-06T21:04:54Z,79.0,Charge 4
2023-03-06T21:05:04Z,80.0,Charge 4
2023-03-06T21:05:19Z,80.0,Charge 4
2023-03-06T21:05:34Z,80.0,Charge 4
2023-03-06T21:05:39Z,80.0,Charge 4
2023-03-06T21:05:44Z,79.0,Charge 4
2023-03-06T21:05:59Z,79.0,Charge 4
2023-03-06T21:06:04Z,81.0,Charge 4
2023-03-06T21:06:14Z,83.0,Charge 4
2023-03-06T21:06:19Z,82.0,Charge 4
2023-03-06T21:06:29Z,81.0,Charge 4
2023-03-06T21:06:39Z,81.0,Charge 4
2023-03-06T21:06:44Z,82.0,Charge 4
2023-03-06T21:06:49Z,83.0,Charge 4
2023-03-06T21:06:54Z,85.0,Charge 4
2023-03-06T21:07:04Z,85.0,Charge 4
2023-03-06T21:07:14Z,84.0,Charge 4
2023-03-06T21:07:19Z,83.0,Charge 4
2023-03-06T21:07:24Z,82.0,Charge 4
2023-03-06T21:07:34Z,80.0,Charge 4
2023-03-06T21:07:44Z,81.0,Charge 4
2023-03-06T21:07:49Z,82.0,Charge 4
2023-03-06T21:07:59Z,83.0,Charge 4
2023-03-06T21:08:04Z,84.0,Charge 4
2023-03-06T21:08:09Z,85.0,Charge 4
2023-03-06T21:08:24Z,85.0,Charge 4
2023-03-06T21:08:29Z,84.0,Charge 4
2023-03-06T21:08:34Z,82.0,Charge 4
2023-03-06T21:08:39Z,81.0,Charge 4
2023-03-06T21:08:49Z,80.0,Charge 4
2023-03-06T21:08:54Z,80.0,Charge 4
2023-03-06T21:08:59Z,80.0,Charge 4
2023-03-06T21:09:04Z,81.0,Charge 4
2023-03-06T21:09:09Z,80.0,Charge 4
2023-03-06T21:09:19Z,79.0,Charge 4
2023-03-06T21:09:29Z,80.0,Charge 4
2023-03-06T21:09:44Z,80.0,Charge 4
2023-03-06T21:09:54Z,77.0,Charge 4
2023-03-06T21:09:59Z,78.0,Charge 4
2023-03-06T21:10:04Z,80.0,Charge 4
2023-03-06T21:10:09Z,81.0,Charge 4
2023-03-06T21:10:19Z,82.0,Charge 4
2023-03-06T21:10:34Z,82.0,Charge 4
2023-03-06T21:10:39Z,80.0,Charge 4
2023-03-06T21:10:44Z,81.0,Charge 4
2023-03-06T21:10:49Z,82.0,Charge 4
2023-03-06T21:10:54Z,81.0,Charge 4
2023-03-06T21:11:04Z,80.0,Charge 4
2023-03-06T21:11:19Z,80.0,Charge 4
2023-03-06T21:11:29Z,78.0,Charge 4
2023-03-06T21:11:39Z,79.0,Charge 4
2023-03-06T21:11:49Z,80.0,Charge 4
2023-03-06T21:11:54Z,81.0,Charge 4
2023-03-06T21:11:59Z,80.0,Charge 4
2023-03-06T21:12:09Z,81.0,Charge 4
2023-03-06T21:12:14Z,82.0,Charge 4
2023-03-06T21:12:20Z,85.0,Charge 4
2023-03-06T21:12:30Z,84.0,Charge 4
2023-03-06T21:12:35Z,83.0,Charge 4
2023-03-06T21:12:40Z,82.0,Charge 4
2023-03-06T21:12:45Z,80.0,Charge 4
2023-03-06T21:12:50Z,79.0,Charge 4
2023-03-06T21:12:55Z,78.0,Charge 4
2023-03-06T21:13:05Z,77.0,Charge 4
2023-03-06T21:13:15Z,75.0,Charge 4
2023-03-06T21:13:25Z,78.0,Charge 4
2023-03-06T21:13:35Z,78.0,Charge 4
2023-03-06T21:13:45Z,78.0,Charge 4
2023-03-06T21:14:00Z,77.0,Charge 4
2023-03-06T21:14:15Z,77.0,Charge 4
2023-03-06T21:14:20Z,77.0,Charge 4
2023-03-06T21:14:30Z,78.0,Charge 4
2023-03-06T21:14:35Z,79.0,Charge 4
2023-03-06T21:14:40Z,78.0,Charge 4
2023-03-06T21:14:45Z,77.0,Charge 4
2023-03-06T21:14:50Z,76.0,Charge 4
2023-03-06T21:14:55Z,75.0,Charge 4
2023-03-06T21:15:10Z,75.0,Charge 4
2023-03-06T21:15:15Z,76.0,Charge 4
2023-03-06T21:15:20Z,77.0,Charge 4
2023-03-06T21:15:35Z,78.0,Charge 4
2023-03-06T21:15:40Z,79.0,Charge 4
2023-03-06T21:15:45Z,78.0,Charge 4
2023-03-06T21:15:50Z,78.0,Charge 4
2023-03-06T21:16:00Z,81.0,Charge 4
2023-03-06T21:16:05Z,82.0,Charge 4
2023-03-06T21:16:10Z,81.0,Charge 4
2023-03-06T21:16:15Z,79.0,Charge 4
2023-03-06T21:16:25Z,78.0,Charge 4
2023-03-06T21:16:35Z,79.0,Charge 4
2023-03-06T21:16:45Z,78.0,Charge 4
2023-03-06T21:17:00Z,79.0,Charge 4
2023-03-06T21:17:05Z,78.0,Charge 4
2023-03-06T21:17:10Z,77.0,Charge 4
2023-03-06T21:17:25Z,77.0,Charge 4
2023-03-06T21:17:30Z,78.0,Charge 4
2023-03-06T21:17:40Z,79.0,Charge 4
2023-03-06T21:17:50Z,80.0,Charge 4
2023-03-06T21:17:55Z,79.0,Charge 4
2023-03-06T21:18:00Z,78.0,Charge 4
2023-03-06T21:18:10Z,79.0,Charge 4
2023-03-06T21:18:20Z,80.0,Charge 4
2023-03-06T21:18:30Z,81.0,Charge 4
2023-03-06T21:18:35Z,80.0,Charge 4
2023-03-06T21:18:40Z,80.0,Charge 4
2023-03-06T21:18:45Z,81.0,Charge 4
2023-03-06T21:18:50Z,82.0,Charge 4
2023-03-06T21:18:55Z,81.0,Charge 4
2023-03-06T21:19:00Z,80.0,Charge 4
2023-03-06T21:19:15Z,80.0,Charge 4
2023-03-06T21:19:20Z,80.0,Charge 4
2023-03-06T21:19:25Z,80.0,Charge 4
2023-03-06T21:19:30Z,79.0,Charge 4
2023-03-06T21:19:45Z,79.0,Charge 4
2023-03-06T21:19:55Z,79.0,Charge 4
2023-03-06T21:20:05Z,79.0,Charge 4
2023-03-06T21:20:10Z,81.0,Charge 4
2023-03-06T21:20:20Z,80.0,Charge 4
2023-03-06T21:20:25Z,79.0,Charge 4
2023-03-06T21:20:30Z,78.0,Charge 4
2023-03-06T21:20:35Z,78.0,Charge 4
2023-03-06T21:20:45Z,79.0,Charge 4
2023-03-06T21:20:55Z,81.0,Charge 4
2023-03-06T21:21:10Z,82.0,Charge 4
2023-03-06T21:21:25Z,83.0,Charge 4
2023-03-06T21:21:35Z,84.0,Charge 4
2023-03-06T21:21:40Z,83.0,Charge 4
2023-03-06T21:21:45Z,83.0,Charge 4
2023-03-06T21:21:55Z,83.0,Charge 4
2023-03-06T21:22:00Z,82.0,Charge 4
2023-03-06T21:22:05Z,82.0,Charge 4
2023-03-06T21:22:10Z,81.0,Charge 4
2023-03-06T21:22:15Z,82.0,Charge 4
2023-03-06T21:22:20Z,82.0,Charge 4
2023-03-06T21:22:25Z,84.0,Charge 4
2023-03-06T21:22:30Z,89.0,Charge 4
2023-03-06T21:22:35Z,88.0,Charge 4
2023-03-06T21:22:40Z,84.0,Charge 4
2023-03-06T21:22:45Z,83.0,Charge 4
2023-03-06T21:22:50Z,80.0,Charge 4
2023-03-06T21:22:55Z,79.0,Charge 4
2023-03-06T21:23:00Z,79.0,Charge 4
2023-03-06T21:23:10Z,80.0,Charge 4
2023-03-06T21:23:15Z,81.0,Charge 4
2023-03-06T21:23:20Z,81.0,Charge 4
2023-03-06T21:23:35Z,82.0,Charge 4
2023-03-06T21:23:50Z,82.0,Charge 4
2023-03-06T21:24:00Z,80.0,Charge 4
2023-03-06T21:24:05Z,79.0,Charge 4
2023-03-06T21:24:10Z,78.0,Charge 4
2023-03-06T21:24:20Z,79.0,Charge 4
2023-03-06T21:24:30Z,81.0,Charge 4
2023-03-06T21:24:35Z,83.0,Charge 4
2023-03-06T21:24:40Z,84.0,Charge 4
2023-03-06T21:24:45Z,83.0,Charge 4
2023-03-06T21:24:50Z,85.0,Charge 4
2023-03-06T21:24:55Z,86.0,Charge 4
2023-03-06T21:25:00Z,84.0,Charge 4
2023-03-06T21:25:05Z,80.0,Charge 4
2023-03-06T21:25:15Z,79.0,Charge 4
2023-03-06T21:25:25Z,80.0,Charge 4
2023-03-06T21:25:30Z,83.0,Charge 4
2023-03-06T21:25:35Z,83.0,Charge 4
2023-03-06T21:25:40Z,82.0,Charge 4
2023-03-06T21:25:45Z,82.0,Charge 4
2023-03-06T21:25:55Z,81.0,Charge 4
2023-03-06T21:26:00Z,76.0,Charge 4
2023-03-06T21:26:05Z,75.0,Charge 4
2023-03-06T21:26:10Z,78.0,Charge 4
2023-03-06T21:26:15Z,80.0,Charge 4
2023-03-06T21:26:20Z,81.0,Charge 4
2023-03-06T21:26:25Z,83.0,Charge 4
2023-03-06T21:26:30Z,84.0,Charge 4
2023-03-06T21:26:40Z,83.0,Charge 4
2023-03-06T21:26:50Z,85.0,Charge 4
2023-03-06T21:26:55Z,86.0,Charge 4
2023-03-06T21:27:00Z,85.0,Charge 4
2023-03-06T21:27:05Z,82.0,Charge 4
2023-03-06T21:27:10Z,81.0,Charge 4
2023-03-06T21:27:15Z,80.0,Charge 4
2023-03-06T21:27:20Z,80.0,Charge 4
2023-03-06T21:27:35Z,80.0,Charge 4
2023-03-06T21:27:50Z,80.0,Charge 4
2023-03-06T21:28:00Z,80.0,Charge 4
2023-03-06T21:28:05Z,81.0,Charge 4
2023-03-06T21:28:15Z,80.0,Charge 4
2023-03-06T21:28:30Z,80.0,Charge 4
2023-03-06T21:28:35Z,78.0,Charge 4
2023-03-06T21:28:40Z,77.0,Charge 4
2023-03-06T21:28:50Z,78.0,Charge 4
2023-03-06T21:28:56Z,79.0,Charge 4
2023-03-06T21:29:01Z,80.0,Charge 4
2023-03-06T21:29:16Z,80.0,Charge 4
2023-03-06T21:29:21Z,78.0,Charge 4
2023-03-06T21:29:36Z,78.0,Charge 4
2023-03-06T21:29:46Z,78.0,Charge 4
2023-03-06T21:29:56Z,79.0,Charge 4
2023-03-06T21:30:01Z,80.0,Charge 4
2023-03-06T21:30:06Z,82.0,Charge 4
2023-03-06T21:30:11Z,85.0,Charge 4
2023-03-06T21:30:21Z,83.0,Charge 4
2023-03-06T21:30:26Z,81.0,Charge 4
2023-03-06T21:30:31Z,80.0,Charge 4
2023-03-06T21:30:41Z,79.0,Charge 4
2023-03-06T21:30:46Z,78.0,Charge 4
2023-03-06T21:30:51Z,77.0,Charge 4
2023-03-06T21:30:56Z,77.0,Charge 4
2023-03-06T21:31:01Z,79.0,Charge 4
2023-03-06T21:31:06Z,82.0,Charge 4
2023-03-06T21:31:11Z,81.0,Charge 4
2023-03-06T21:31:16Z,80.0,Charge 4
2023-03-06T21:31:21Z,81.0,Charge 4
2023-03-06T21:31:26Z,82.0,Charge 4
2023-03-06T21:31:31Z,81.0,Charge 4
2023-03-06T21:31:41Z,81.0,Charge 4
2023-03-06T21:31:46Z,80.0,Charge 4
2023-03-06T21:31:56Z,80.0,Charge 4
2023-03-06T21:32:01Z,80.0,Charge 4
2023-03-06T21:32:11Z,79.0,Charge 4
2023-03-06T21:32:16Z,78.0,Charge 4
2023-03-06T21:32:26Z,77.0,Charge 4
2023-03-06T21:32:36Z,78.0,Charge 4
2023-03-06T21:32:41Z,78.0,Charge 4
2023-03-06T21:32:56Z,78.0,Charge 4
2023-03-06T21:33:01Z,79.0,Charge 4
2023-03-06T21:33:11Z,80.0,Charge 4
2023-03-06T21:33:16Z,79.0,Charge 4
2023-03-06T21:33:21Z,78.0,Charge 4
2023-03-06T21:33:26Z,77.0,Charge 4
2023-03-06T21:33:41Z,78.0,Charge 4
2023-03-06T21:33:46Z,79.0,Charge 4
2023-03-06T21:33:56Z,80.0,Charge 4
2023-03-06T21:34:01Z,81.0,Charge 4
2023-03-06T21:34:06Z,83.0,Charge 4
2023-03-06T21:34:11Z,85.0,Charge 4
2023-03-06T21:34:16Z,83.0,Charge 4
2023-03-06T21:34:21Z,78.0,Charge 4
2023-03-06T21:34:26Z,76.0,Charge 4
2023-03-06T21:34:31Z,74.0,Charge 4
2023-03-06T21:34:36Z,75.0,Charge 4
2023-03-06T21:34:41Z,75.0,Charge 4
2023-03-06T21:34:51Z,78.0,Charge 4
2023-03-06T21:34:56Z,79.0,Charge 4
2023-03-06T21:35:01Z,81.0,Charge 4
2023-03-06T21:35:06Z,80.0,Charge 4
2023-03-06T21:35:11Z,79.0,Charge 4
2023-03-06T21:35:21Z,78.0,Charge 4
2023-03-06T21:35:36Z,79.0,Charge 4
2023-03-06T21:35:51Z,80.0,Charge 4
2023-03-06T21:35:56Z,80.0,Charge 4
2023-03-06T21:36:01Z,81.0,Charge 4
2023-03-06T21:36:11Z,80.0,Charge 4
2023-03-06T21:36:26Z,79.0,Charge 4
2023-03-06T21:36:31Z,78.0,Charge 4
2023-03-06T21:36:41Z,77.0,Charge 4
2023-03-06T21:36:51Z,76.0,Charge 4
2023-03-06T21:36:56Z,77.0,Charge 4
2023-03-06T21:37:01Z,77.0,Charge 4
2023-03-06T21:37:11Z,78.0,Charge 4
2023-03-06T21:37:16Z,80.0,Charge 4
2023-03-06T21:37:21Z,81.0,Charge 4
2023-03-06T21:37:26Z,80.0,Charge 4
2023-03-06T21:37:31Z,79.0,Charge 4
2023-03-06T21:37:36Z,78.0,Charge 4
2023-03-06T21:37:46Z,79.0,Charge 4
2023-03-06T21:37:51Z,78.0,Charge 4
2023-03-06T21:38:06Z,77.0,Charge 4
2023-03-06T21:38:21Z,77.0,Charge 4
2023-03-06T21:38:31Z,78.0,Charge 4
2023-03-06T21:38:36Z,79.0,Charge 4
2023-03-06T21:38:51Z,79.0,Charge 4
2023-03-06T21:38:56Z,79.0,Charge 4
2023-03-06T21:39:01Z,79.0,Charge 4
2023-03-06T21:39:06Z,80.0,Charge 4
2023-03-06T21:39:11Z,79.0,Charge 4
2023-03-06T21:39:26Z,79.0,Charge 4
2023-03-06T21:39:41Z,78.0,Charge 4
2023-03-06T21:39:56Z,78.0,Charge 4
2023-03-06T21:40:11Z,78.0,Charge 4
2023-03-06T21:40:16Z,77.0,Charge 4
2023-03-06T21:40:26Z,78.0,Charge 4
2023-03-06T21:40:41Z,78.0,Charge 4
2023-03-06T21:40:46Z,79.0,Charge 4
2023-03-06T21:40:51Z,80.0,Charge 4
2023-03-06T21:41:06Z,79.0,Charge 4
2023-03-06T21:41:11Z,78.0,Charge 4
2023-03-06T21:41:16Z,77.0,Charge 4
2023-03-06T21:41:31Z,77.0,Charge 4
2023-03-06T21:41:36Z,79.0,Charge 4
2023-03-06T21:41:51Z,79.0,Charge 4
2023-03-06T21:41:56Z,78.0,Charge 4
2023-03-06T21:42:01Z,78.0,Charge 4
2023-03-06T21:42:11Z,79.0,Charge 4
2023-03-06T21:42:16Z,80.0,Charge 4
2023-03-06T21:42:21Z,79.0,Charge 4
2023-03-06T21:42:36Z,79.0,Charge 4
2023-03-06T21:42:51Z,78.0,Charge 4
2023-03-06T21:43:06Z,79.0,Charge 4
2023-03-06T21:43:11Z,80.0,Charge 4
2023-03-06T21:43:16Z,82.0,Charge 4
2023-03-06T21:43:21Z,80.0,Charge 4
2023-03-06T21:43:26Z,79.0,Charge 4
2023-03-06T21:43:31Z,78.0,Charge 4
2023-03-06T21:43:36Z,77.0,Charge 4
2023-03-06T21:43:41Z,77.0,Charge 4
2023-03-06T21:43:46Z,79.0,Charge 4
2023-03-06T21:43:56Z,78.0,Charge 4
2023-03-06T21:44:01Z,77.0,Charge 4
2023-03-06T21:44:11Z,78.0,Charge 4
2023-03-06T21:44:16Z,77.0,Charge 4
2023-03-06T21:44:26Z,78.0,Charge 4
2023-03-06T21:44:41Z,78.0,Charge 4
2023-03-06T21:44:46Z,77.0,Charge 4
2023-03-06T21:44:56Z,72.0,Charge 4
2023-03-06T21:45:01Z,72.0,Charge 4
2023-03-06T21:45:06Z,73.0,Charge 4
2023-03-06T21:45:11Z,74.0,Charge 4
2023-03-06T21:45:16Z,75.0,Charge 4
2023-03-06T21:45:26Z,74.0,Charge 4
2023-03-06T21:45:36Z,75.0,Charge 4
2023-03-06T21:45:51Z,75.0,Charge 4
2023-03-06T21:46:06Z,75.0,Charge 4
2023-03-06T21:46:11Z,76.0,Charge 4
2023-03-06T21:46:21Z,76.0,Charge 4
2023-03-06T21:46:27Z,76.0,Charge 4
2023-03-06T21:46:32Z,79.0,Charge 4
2023-03-06T21:46:37Z,82.0,Charge 4
2023-03-06T21:46:42Z,84.0,Charge 4
2023-03-06T21:46:47Z,87.0,Charge 4
2023-03-06T21:46:52Z,89.0,Charge 4
2023-03-06T21:46:57Z,97.0,Charge 4
2023-03-06T21:47:02Z,100.0,Charge 4
2023-03-06T21:47:07Z,100.0,Charge 4
2023-03-06T21:47:12Z,101.0,Charge 4
2023-03-06T21:47:17Z,104.0,Charge 4
2023-03-06T21:47:22Z,106.0,Charge 4
2023-03-06T21:47:27Z,107.0,Charge 4
2023-03-06T21:47:32Z,102.0,Charge 4
2023-03-06T21:47:37Z,99.0,Charge 4
2023-03-06T21:47:47Z,98.0,Charge 4
2023-03-06T21:47:52Z,94.0,Charge 4
2023-03-06T21:47:57Z,82.0,Charge 4
2023-03-06T21:48:02Z,80.0,Charge 4
2023-03-06T21:48:12Z,80.0,Charge 4
2023-03-06T21:48:17Z,81.0,Charge 4
2023-03-06T21:48:32Z,81.0,Charge 4
2023-03-06T21:48:42Z,80.0,Charge 4
2023-03-06T21:48:47Z,80.0,Charge 4
2023-03-06T21:48:52Z,78.0,Charge 4
2023-03-06T21:48:57Z,77.0,Charge 4
2023-03-06T21:49:02Z,76.0,Charge 4
2023-03-06T21:49:12Z,76.0,Charge 4
2023-03-06T21:49:17Z,75.0,Charge 4
2023-03-06T21:49:22Z,74.0,Charge 4
2023-03-06T21:49:27Z,75.0,Charge 4
2023-03-06T21:49:37Z,76.0,Charge 4
2023-03-06T21:49:42Z,77.0,Charge 4
2023-03-06T21:49:47Z,78.0,Charge 4
2023-03-06T21:50:02Z,78.0,Charge 4
2023-03-06T21:50:07Z,77.0,Charge 4
2023-03-06T21:50:12Z,78.0,Charge 4
2023-03-06T21:50:17Z,80.0,Charge 4
2023-03-06T21:50:27Z,79.0,Charge 4
2023-03-06T21:50:32Z,77.0,Charge 4
2023-03-06T21:50:37Z,76.0,Charge 4
2023-03-06T21:50:42Z,75.0,Charge 4
2023-03-06T21:50:57Z,74.0,Charge 4
2023-03-06T21:51:02Z,75.0,Charge 4
2023-03-06T21:51:07Z,74.0,Charge 4
2023-03-06T21:51:17Z,73.0,Charge 4
2023-03-06T21:51:22Z,74.0,Charge 4
2023-03-06T21:51:27Z,75.0,Charge 4
2023-03-06T21:51:32Z,74.0,Charge 4
2023-03-06T21:51:47Z,74.0,Charge 4
2023-03-06T21:51:57Z,75.0,Charge 4
2023-03-06T21:52:02Z,76.0,Charge 4
2023-03-06T21:52:07Z,75.0,Charge 4
2023-03-06T21:52:12Z,75.0,Charge 4
2023-03-06T21:52:22Z,74.0,Charge 4
2023-03-06T21:52:37Z,73.0,Charge 4
2023-03-06T21:52:42Z,74.0,Charge 4
2023-03-06T21:52:52Z,75.0,Charge 4
2023-03-06T21:53:02Z,76.0,Charge 4
2023-03-06T21:53:12Z,75.0,Charge 4
2023-03-06T21:53:27Z,75.0,Charge 4
2023-03-06T21:53:32Z,76.0,Charge 4
2023-03-06T21:53:42Z,76.0,Charge 4
2023-03-06T21:53:52Z,77.0,Charge 4
2023-03-06T21:54:02Z,75.0,Charge 4
2023-03-06T21:54:17Z,76.0,Charge 4
2023-03-06T21:54:32Z,76.0,Charge 4
2023-03-06T21:54:47Z,77.0,Charge 4
2023-03-06T21:54:52Z,78.0,Charge 4
2023-03-06T21:54:57Z,77.0,Charge 4
2023-03-06T21:55:02Z,77.0,Charge 4
2023-03-06T21:55:12Z,77.0,Charge 4
2023-03-06T21:55:17Z,76.0,Charge 4
2023-03-06T21:55:22Z,75.0,Charge 4
2023-03-06T21:55:27Z,75.0,Charge 4
2023-03-06T21:55:37Z,77.0,Charge 4
2023-03-06T21:55:42Z,76.0,Charge 4
2023-03-06T21:55:57Z,75.0,Charge 4
2023-03-06T21:56:07Z,75.0,Charge 4
2023-03-06T21:56:12Z,73.0,Charge 4
2023-03-06T21:56:17Z,74.0,Charge 4
2023-03-06T21:56:22Z,73.0,Charge 4
2023-03-06T21:56:27Z,75.0,Charge 4
2023-03-06T21:56:37Z,75.0,Charge 4
2023-03-06T21:56:42Z,75.0,Charge 4
2023-03-06T21:56:52Z,80.0,Charge 4
2023-03-06T21:57:02Z,79.0,Charge 4
2023-03-06T21:57:17Z,78.0,Charge 4
2023-03-06T21:57:22Z,77.0,Charge 4
2023-03-06T21:57:32Z,78.0,Charge 4
2023-03-06T21:57:47Z,77.0,Charge 4
2023-03-06T21:57:57Z,78.0,Charge 4
2023-03-06T21:58:12Z,78.0,Charge 4
2023-03-06T21:58:27Z,78.0,Charge 4
2023-03-06T21:58:42Z,78.0,Charge 4
2023-03-06T21:58:47Z,79.0,Charge 4
2023-03-06T21:58:52Z,80.0,Charge 4
2023-03-06T21:58:57Z,79.0,Charge 4
2023-03-06T21:59:02Z,78.0,Charge 4
2023-03-06T21:59:07Z,77.0,Charge 4
2023-03-06T21:59:12Z,76.0,Charge 4
2023-03-06T21:59:22Z,75.0,Charge 4
2023-03-06T21:59:27Z,74.0,Charge 4
2023-03-06T21:59:32Z,75.0,Charge 4
2023-03-06T21:59:37Z,77.0,Charge 4
2023-03-06T21:59:47Z,76.0,Charge 4
2023-03-06T21:59:52Z,76.0,Charge 4
2023-03-06T22:00:07Z,76.0,Charge 4
2023-03-06T22:00:17Z,76.0,Charge 4
2023-03-06T22:00:22Z,77.0,Charge 4
2023-03-06T22:00:27Z,78.0,Charge 4
2023-03-06T22:00:32Z,77.0,Charge 4
2023-03-06T22:00:47Z,77.0,Charge 4
2023-03-06T22:01:02Z,77.0,Charge 4
2023-03-06T22:01:07Z,78.0,Charge 4
2023-03-06T22:01:17Z,79.0,Charge 4
2023-03-06T22:01:22Z,78.0,Charge 4
2023-03-06T22:01:27Z,77.0,Charge 4
2023-03-06T22:01:32Z,76.0,Charge 4
2023-03-06T22:01:37Z,77.0,Charge 4
2023-03-06T22:01:42Z,79.0,Charge 4
2023-03-06T22:01:47Z,80.0,Charge 4
2023-03-06T22:02:02Z,80.0,Charge 4
2023-03-06T22:02:12Z,79.0,Charge 4
2023-03-06T22:02:22Z,80.0,Charge 4
2023-03-06T22:02:27Z,81.0,Charge 4
2023-03-06T22:02:32Z,80.0,Charge 4
2023-03-06T22:02:37Z,80.0,Charge 4
2023-03-06T22:02:42Z,79.0,Charge 4
2023-03-06T22:02:47Z,78.0,Charge 4
2023-03-06T22:02:52Z,77.0,Charge 4
2023-03-06T22:02:57Z,76.0,Charge 4
2023-03-06T22:03:07Z,77.0,Charge 4
2023-03-06T22:03:13Z,82.0,Charge 4
2023-03-06T22:03:18Z,88.0,Charge 4
2023-03-06T22:03:23Z,89.0,Charge 4
2023-03-06T22:03:33Z,90.0,Charge 4
2023-03-06T22:03:38Z,89.0,Charge 4
2023-03-06T22:03:43Z,87.0,Charge 4
2023-03-06T22:03:48Z,86.0,Charge 4
2023-03-06T22:03:53Z,85.0,Charge 4
2023-03-06T22:03:58Z,83.0,Charge 4
2023-03-06T22:04:03Z,81.0,Charge 4
2023-03-06T22:04:08Z,78.0,Charge 4
2023-03-06T22:04:13Z,79.0,Charge 4
2023-03-06T22:04:18Z,77.0,Charge 4
2023-03-06T22:04:23Z,76.0,Charge 4
2023-03-06T22:04:38Z,78.0,Charge 4
2023-03-06T22:04:43Z,79.0,Charge 4
2023-03-06T22:04:53Z,80.0,Charge 4
2023-03-06T22:04:58Z,80.0,Charge 4
2023-03-06T22:05:08Z,85.0,Charge 4
2023-03-06T22:05:13Z,84.0,Charge 4
2023-03-06T22:05:18Z,82.0,Charge 4
2023-03-06T22:05:23Z,79.0,Charge 4
2023-03-06T22:05:28Z,77.0,Charge 4
2023-03-06T22:05:33Z,76.0,Charge 4
2023-03-06T22:05:43Z,77.0,Charge 4
2023-03-06T22:05:48Z,79.0,Charge 4
2023-03-06T22:05:53Z,78.0,Charge 4
2023-03-06T22:05:58Z,77.0,Charge 4
2023-03-06T22:06:08Z,79.0,Charge 4
2023-03-06T22:06:13Z,80.0,Charge 4
2023-03-06T22:06:23Z,79.0,Charge 4
2023-03-06T22:06:28Z,78.0,Charge 4
2023-03-06T22:06:33Z,77.0,Charge 4
2023-03-06T22:06:38Z,77.0,Charge 4
2023-03-06T22:06:43Z,77.0,Charge 4
2023-03-06T22:06:58Z,77.0,Charge 4
2023-03-06T22:07:03Z,77.0,Charge 4
2023-03-06T22:07:08Z,79.0,Charge 4
2023-03-06T22:07:23Z,79.0,Charge 4
2023-03-06T22:07:28Z,78.0,Charge 4
2023-03-06T22:07:33Z,79.0,Charge 4
2023-03-06T22:07:43Z,78.0,Charge 4
2023-03-06T22:07:48Z,78.0,Charge 4
2023-03-06T22:07:53Z,77.0,Charge 4
2023-03-06T22:07:58Z,70.0,Charge 4
2023-03-06T22:08:03Z,69.0,Charge 4
2023-03-06T22:08:08Z,72.0,Charge 4
2023-03-06T22:08:13Z,73.0,Charge 4
2023-03-06T22:08:18Z,74.0,Charge 4
2023-03-06T22:08:23Z,73.0,Charge 4
2023-03-06T22:08:38Z,74.0,Charge 4
2023-03-06T22:08:43Z,74.0,Charge 4
2023-03-06T22:08:48Z,75.0,Charge 4
2023-03-06T22:08:53Z,78.0,Charge 4
2023-03-06T22:08:58Z,81.0,Charge 4
2023-03-06T22:09:03Z,80.0,Charge 4
2023-03-06T22:09:08Z,79.0,Charge 4
2023-03-06T22:09:13Z,78.0,Charge 4
2023-03-06T22:09:28Z,79.0,Charge 4
2023-03-06T22:09:33Z,80.0,Charge 4
2023-03-06T22:09:48Z,80.0,Charge 4
2023-03-06T22:09:53Z,79.0,Charge 4
2023-03-06T22:10:03Z,78.0,Charge 4
2023-03-06T22:10:13Z,78.0,Charge 4
2023-03-06T22:10:23Z,78.0,Charge 4
2023-03-06T22:10:28Z,79.0,Charge 4
2023-03-06T22:10:33Z,78.0,Charge 4
2023-03-06T22:10:38Z,78.0,Charge 4
2023-03-06T22:10:53Z,78.0,Charge 4
2023-03-06T22:10:58Z,77.0,Charge 4
2023-03-06T22:11:03Z,76.0,Charge 4
2023-03-06T22:11:08Z,75.0,Charge 4
2023-03-06T22:11:18Z,76.0,Charge 4
2023-03-06T22:11:28Z,75.0,Charge 4
2023-03-06T22:11:38Z,74.0,Charge 4
2023-03-06T22:11:53Z,74.0,Charge 4
2023-03-06T22:12:03Z,73.0,Charge 4
2023-03-06T22:12:18Z,74.0,Charge 4
2023-03-06T22:12:23Z,75.0,Charge 4
2023-03-06T22:12:38Z,75.0,Charge 4
2023-03-06T22:12:53Z,75.0,Charge 4
2023-03-06T22:12:58Z,75.0,Charge 4
2023-03-06T22:13:08Z,74.0,Charge 4
2023-03-06T22:13:13Z,75.0,Charge 4
2023-03-06T22:13:18Z,76.0,Charge 4
2023-03-06T22:13:33Z,76.0,Charge 4
2023-03-06T22:13:38Z,76.0,Charge 4
2023-03-06T22:13:48Z,77.0,Charge 4
2023-03-06T22:13:53Z,76.0,Charge 4
2023-03-06T22:13:58Z,76.0,Charge 4
2023-03-06T22:14:08Z,77.0,Charge 4
2023-03-06T22:14:18Z,78.0,Charge 4
2023-03-06T22:14:33Z,77.0,Charge 4
2023-03-06T22:14:38Z,75.0,Charge 4
2023-03-06T22:14:53Z,75.0,Charge 4
2023-03-06T22:14:58Z,76.0,Charge 4
2023-03-06T22:15:03Z,76.0,Charge 4
2023-03-06T22:15:08Z,78.0,Charge 4
2023-03-06T22:15:13Z,79.0,Charge 4
2023-03-06T22:15:18Z,78.0,Charge 4
2023-03-06T22:15:28Z,79.0,Charge 4
2023-03-06T22:15:33Z,80.0,Charge 4
2023-03-06T22:15:38Z,79.0,Charge 4
2023-03-06T22:15:43Z,80.0,Charge 4
2023-03-06T22:15:53Z,79.0,Charge 4
2023-03-06T22:16:08Z,79.0,Charge 4
2023-03-06T22:16:13Z,78.0,Charge 4
2023-03-06T22:16:18Z,77.0,Charge 4
2023-03-06T22:16:23Z,77.0,Charge 4
2023-03-06T22:16:28Z,78.0,Charge 4
2023-03-06T22:16:33Z,77.0,Charge 4
2023-03-06T22:16:38Z,77.0,Charge 4
2023-03-06T22:16:48Z,78.0,Charge 4
2023-03-06T22:17:03Z,78.0,Charge 4
2023-03-06T22:17:08Z,78.0,Charge 4
2023-03-06T22:17:18Z,79.0,Charge 4
2023-03-06T22:17:23Z,80.0,Charge 4
2023-03-06T22:17:28Z,78.0,Charge 4
2023-03-06T22:17:33Z,78.0,Charge 4
2023-03-06T22:17:38Z,78.0,Charge 4
2023-03-06T22:17:43Z,76.0,Charge 4
2023-03-06T22:17:48Z,76.0,Charge 4
2023-03-06T22:17:58Z,77.0,Charge 4
2023-03-06T22:18:08Z,76.0,Charge 4
2023-03-06T22:18:23Z,77.0,Charge 4
2023-03-06T22:18:28Z,79.0,Charge 4
2023-03-06T22:18:33Z,77.0,Charge 4
2023-03-06T22:18:38Z,75.0,Charge 4
2023-03-06T22:18:48Z,74.0,Charge 4
2023-03-06T22:18:58Z,75.0,Charge 4
2023-03-06T22:19:08Z,76.0,Charge 4
2023-03-06T22:19:18Z,77.0,Charge 4
2023-03-06T22:19:23Z,76.0,Charge 4
2023-03-06T22:19:38Z,76.0,Charge 4
2023-03-06T22:19:44Z,77.0,Charge 4
2023-03-06T22:19:49Z,79.0,Charge 4
2023-03-06T22:19:54Z,81.0,Charge 4
2023-03-06T22:19:59Z,83.0,Charge 4
2023-03-06T22:20:04Z,81.0,Charge 4
2023-03-06T22:20:09Z,80.0,Charge 4
2023-03-06T22:20:19Z,81.0,Charge 4
2023-03-06T22:20:24Z,82.0,Charge 4
2023-03-06T22:20:29Z,81.0,Charge 4
2023-03-06T22:20:34Z,81.0,Charge 4
2023-03-06T22:20:49Z,82.0,Charge 4
2023-03-06T22:20:54Z,83.0,Charge 4
2023-03-06T22:20:59Z,84.0,Charge 4
2023-03-06T22:21:04Z,85.0,Charge 4
2023-03-06T22:21:19Z,87.0,Charge 4
2023-03-06T22:21:24Z,90.0,Charge 4
2023-03-06T22:21:29Z,91.0,Charge 4
2023-03-06T22:21:34Z,89.0,Charge 4
2023-03-06T22:21:49Z,89.0,Charge 4
2023-03-06T22:21:54Z,93.0,Charge 4
2023-03-06T22:22:04Z,92.0,Charge 4
2023-03-06T22:22:09Z,91.0,Charge 4
2023-03-06T22:22:14Z,92.0,Charge 4
2023-03-06T22:22:24Z,93.0,Charge 4
2023-03-06T22:22:29Z,94.0,Charge 4
2023-03-06T22:22:34Z,92.0,Charge 4
2023-03-06T22:22:39Z,87.0,Charge 4
2023-03-06T22:22:44Z,84.0,Charge 4
2023-03-06T22:22:49Z,83.0,Charge 4
2023-03-06T22:22:54Z,83.0,Charge 4
2023-03-06T22:23:04Z,84.0,Charge 4
2023-03-06T22:23:09Z,85.0,Charge 4
2023-03-06T22:23:19Z,87.0,Charge 4
2023-03-06T22:23:24Z,88.0,Charge 4
2023-03-06T22:23:29Z,87.0,Charge 4
2023-03-06T22:23:34Z,85.0,Charge 4
2023-03-06T22:23:39Z,81.0,Charge 4
2023-03-06T22:23:44Z,80.0,Charge 4
2023-03-06T22:23:49Z,77.0,Charge 4
2023-03-06T22:23:54Z,74.0,Charge 4
2023-03-06T22:23:59Z,77.0,Charge 4
2023-03-06T22:24:04Z,79.0,Charge 4
2023-03-06T22:24:09Z,81.0,Charge 4
2023-03-06T22:24:19Z,80.0,Charge 4
2023-03-06T22:24:24Z,79.0,Charge 4
2023-03-06T22:24:39Z,77.0,Charge 4
2023-03-06T22:24:44Z,76.0,Charge 4
2023-03-06T22:24:49Z,75.0,Charge 4
2023-03-06T22:24:59Z,74.0,Charge 4
2023-03-06T22:25:09Z,75.0,Charge 4
2023-03-06T22:25:14Z,75.0,Charge 4
2023-03-06T22:25:24Z,77.0,Charge 4
2023-03-06T22:25:29Z,78.0,Charge 4
2023-03-06T22:25:34Z,78.0,Charge 4
2023-03-06T22:25:39Z,77.0,Charge 4
2023-03-06T22:25:49Z,78.0,Charge 4
2023-03-06T22:25:54Z,79.0,Charge 4
2023-03-06T22:25:59Z,77.0,Charge 4
2023-03-06T22:26:09Z,76.0,Charge 4
2023-03-06T22:26:14Z,77.0,Charge 4
2023-03-06T22:26:19Z,79.0,Charge 4
2023-03-06T22:26:24Z,77.0,Charge 4
2023-03-06T22:26:29Z,76.0,Charge 4
2023-03-06T22:26:39Z,76.0,Charge 4
2023-03-06T22:26:44Z,75.0,Charge 4
2023-03-06T22:26:59Z,75.0,Charge 4
2023-03-06T22:27:04Z,74.0,Charge 4
2023-03-06T22:27:14Z,73.0,Charge 4
2023-03-06T22:27:29Z,72.0,Charge 4
2023-03-06T22:27:34Z,73.0,Charge 4
2023-03-06T22:27:39Z,74.0,Charge 4
2023-03-06T22:27:54Z,74.0,Charge 4
2023-03-06T22:27:59Z,75.0,Charge 4
2023-03-06T22:28:14Z,75.0,Charge 4
2023-03-06T22:28:29Z,75.0,Charge 4
2023-03-06T22:28:34Z,74.0,Charge 4
2023-03-06T22:28:39Z,75.0,Charge 4
2023-03-06T22:28:44Z,74.0,Charge 4
2023-03-06T22:28:54Z,74.0,Charge 4
2023-03-06T22:29:04Z,75.0,Charge 4
2023-03-06T22:29:14Z,76.0,Charge 4
2023-03-06T22:29:19Z,78.0,Charge 4
2023-03-06T22:29:29Z,79.0,Charge 4
2023-03-06T22:29:34Z,78.0,Charge 4
2023-03-06T22:29:39Z,77.0,Charge 4
2023-03-06T22:29:44Z,78.0,Charge 4
2023-03-06T22:29:49Z,80.0,Charge 4
2023-03-06T22:29:54Z,79.0,Charge 4
2023-03-06T22:30:09Z,79.0,Charge 4
2023-03-06T22:30:14Z,77.0,Charge 4
2023-03-06T22:30:29Z,77.0,Charge 4
2023-03-06T22:30:34Z,76.0,Charge 4
2023-03-06T22:30:39Z,75.0,Charge 4
2023-03-06T22:30:44Z,76.0,Charge 4
2023-03-06T22:30:54Z,77.0,Charge 4
2023-03-06T22:30:59Z,78.0,Charge 4
2023-03-06T22:31:04Z,78.0,Charge 4
2023-03-06T22:31:19Z,78.0,Charge 4
2023-03-06T22:31:24Z,79.0,Charge 4
2023-03-06T22:31:39Z,79.0,Charge 4
2023-03-06T22:31:44Z,80.0,Charge 4
2023-03-06T22:31:54Z,79.0,Charge 4
2023-03-06T22:31:59Z,78.0,Charge 4
2023-03-06T22:32:09Z,78.0,Charge 4
2023-03-06T22:32:19Z,79.0,Charge 4
2023-03-06T22:32:24Z,81.0,Charge 4
2023-03-06T22:32:39Z,82.0,Charge 4
2023-03-06T22:32:44Z,82.0,Charge 4
2023-03-06T22:32:49Z,82.0,Charge 4
2023-03-06T22:32:59Z,81.0,Charge 4
2023-03-06T22:33:04Z,80.0,Charge 4
2023-03-06T22:33:14Z,81.0,Charge 4
2023-03-06T22:33:19Z,82.0,Charge 4
2023-03-06T22:33:24Z,82.0,Charge 4
2023-03-06T22:33:29Z,81.0,Charge 4
2023-03-06T22:33:34Z,79.0,Charge 4
2023-03-06T22:33:39Z,77.0,Charge 4
2023-03-06T22:33:44Z,76.0,Charge 4
2023-03-06T22:33:54Z,76.0,Charge 4
2023-03-06T22:33:59Z,77.0,Charge 4
2023-03-06T22:34:04Z,78.0,Charge 4
2023-03-06T22:34:19Z,78.0,Charge 4
2023-03-06T22:34:24Z,77.0,Charge 4
2023-03-06T22:34:34Z,77.0,Charge 4
2023-03-06T22:34:44Z,76.0,Charge 4
2023-03-06T22:34:59Z,76.0,Charge 4
2023-03-06T22:35:04Z,78.0,Charge 4
2023-03-06T22:35:14Z,80.0,Charge 4
2023-03-06T22:35:19Z,82.0,Charge 4
2023-03-06T22:35:24Z,81.0,Charge 4
2023-03-06T22:35:39Z,81.0,Charge 4
2023-03-06T22:36:05Z,80.0,Charge 4
2023-03-06T22:36:10Z,81.0,Charge 4
2023-03-06T22:36:15Z,80.0,Charge 4
2023-03-06T22:36:20Z,79.0,Charge 4
2023-03-06T22:36:30Z,78.0,Charge 4
2023-03-06T22:36:35Z,77.0,Charge 4
2023-03-06T22:36:45Z,76.0,Charge 4
2023-03-06T22:37:00Z,75.0,Charge 4
2023-03-06T22:37:05Z,76.0,Charge 4
2023-03-06T22:37:10Z,77.0,Charge 4
2023-03-06T22:37:15Z,81.0,Charge 4
2023-03-06T22:37:20Z,82.0,Charge 4
2023-03-06T22:37:25Z,81.0,Charge 4
2023-03-06T22:37:30Z,78.0,Charge 4
2023-03-06T22:37:35Z,78.0,Charge 4
2023-03-06T22:37:50Z,78.0,Charge 4
2023-03-06T22:38:05Z,79.0,Charge 4
2023-03-06T22:38:10Z,80.0,Charge 4
2023-03-06T22:38:15Z,80.0,Charge 4
2023-03-06T22:38:20Z,81.0,Charge 4
2023-03-06T22:38:35Z,82.0,Charge 4
2023-03-06T22:38:45Z,81.0,Charge 4
2023-03-06T22:39:00Z,81.0,Charge 4
2023-03-06T22:39:15Z,80.0,Charge 4
2023-03-06T22:39:25Z,81.0,Charge 4
2023-03-06T22:39:35Z,83.0,Charge 4
2023-03-06T22:39:40Z,82.0,Charge 4
2023-03-06T22:39:45Z,82.0,Charge 4
2023-03-06T22:39:55Z,83.0,Charge 4
2023-03-06T22:40:00Z,82.0,Charge 4
2023-03-06T22:40:05Z,81.0,Charge 4
2023-03-06T22:40:20Z,79.0,Charge 4
2023-03-06T22:40:25Z,78.0,Charge 4
2023-03-06T22:40:35Z,78.0,Charge 4
2023-03-06T22:40:50Z,78.0,Charge 4
2023-03-06T22:40:55Z,79.0,Charge 4
2023-03-06T22:41:10Z,79.0,Charge 4
2023-03-06T22:41:20Z,79.0,Charge 4
2023-03-06T22:41:30Z,80.0,Charge 4
2023-03-06T22:41:35Z,82.0,Charge 4
2023-03-06T22:41:40Z,80.0,Charge 4
2023-03-06T22:41:45Z,79.0,Charge 4
2023-03-06T22:41:50Z,79.0,Charge 4
2023-03-06T22:41:55Z,79.0,Charge 4
2023-03-06T22:42:10Z,79.0,Charge 4
2023-03-06T22:42:15Z,78.0,Charge 4
2023-03-06T22:42:20Z,78.0,Charge 4
2023-03-06T22:42:30Z,77.0,Charge 4
2023-03-06T22:42:45Z,77.0,Charge 4
2023-03-06T22:42:50Z,76.0,Charge 4
2023-03-06T22:42:55Z,76.0,Charge 4
2023-03-06T22:43:00Z,77.0,Charge 4
2023-03-06T22:43:15Z,78.0,Charge 4
2023-03-06T22:43:20Z,78.0,Charge 4
2023-03-06T22:43:25Z,77.0,Charge 4
2023-03-06T22:43:35Z,76.0,Charge 4
2023-03-06T22:43:40Z,77.0,Charge 4
2023-03-06T22:43:50Z,77.0,Charge 4
2023-03-06T22:44:00Z,78.0,Charge 4
2023-03-06T22:44:05Z,78.0,Charge 4
2023-03-06T22:44:10Z,79.0,Charge 4
2023-03-06T22:44:15Z,80.0,Charge 4
2023-03-06T22:44:20Z,79.0,Charge 4
2023-03-06T22:44:25Z,77.0,Charge 4
2023-03-06T22:44:30Z,76.0,Charge 4
2023-03-06T22:44:40Z,75.0,Charge 4
2023-03-06T22:44:45Z,76.0,Charge 4
2023-03-06T22:44:55Z,77.0,Charge 4
2023-03-06T22:45:00Z,78.0,Charge 4
2023-03-06T22:45:05Z,78.0,Charge 4
2023-03-06T22:45:15Z,78.0,Charge 4
2023-03-06T22:45:25Z,79.0,Charge 4
2023-03-06T22:45:30Z,80.0,Charge 4
2023-03-06T22:45:40Z,77.0,Charge 4
2023-03-06T22:45:45Z,76.0,Charge 4
2023-03-06T22:45:55Z,77.0,Charge 4
2023-03-06T22:46:00Z,78.0,Charge 4
2023-03-06T22:46:10Z,78.0,Charge 4
2023-03-06T22:46:15Z,79.0,Charge 4
2023-03-06T22:46:20Z,81.0,Charge 4
2023-03-06T22:46:25Z,80.0,Charge 4
2023-03-06T22:46:30Z,80.0,Charge 4
2023-03-06T22:46:40Z,82.0,Charge 4
2023-03-06T22:46:45Z,82.0,Charge 4
2023-03-06T22:46:50Z,81.0,Charge 4
2023-03-06T22:46:55Z,80.0,Charge 4
2023-03-06T22:47:00Z,80.0,Charge 4
2023-03-06T22:47:05Z,80.0,Charge 4
2023-03-06T22:47:10Z,82.0,Charge 4
2023-03-06T22:47:15Z,83.0,Charge 4
2023-03-06T22:47:20Z,82.0,Charge 4
2023-03-06T22:47:25Z,81.0,Charge 4
2023-03-06T22:47:35Z,80.0,Charge 4
2023-03-06T22:47:45Z,79.0,Charge 4
2023-03-06T22:48:00Z,79.0,Charge 4
2023-03-06T22:48:10Z,80.0,Charge 4
2023-03-06T22:48:15Z,79.0,Charge 4
2023-03-06T22:48:20Z,78.0,Charge 4
2023-03-06T22:48:35Z,78.0,Charge 4
2023-03-06T22:48:40Z,78.0,Charge 4
2023-03-06T22:48:55Z,79.0,Charge 4
2023-03-06T22:49:00Z,83.0,Charge 4
2023-03-06T22:49:05Z,84.0,Charge 4
2023-03-06T22:49:10Z,83.0,Charge 4
2023-03-06T22:49:15Z,81.0,Charge 4
2023-03-06T22:49:20Z,80.0,Charge 4
2023-03-06T22:49:25Z,79.0,Charge 4
2023-03-06T22:49:30Z,77.0,Charge 4
2023-03-06T22:49:35Z,77.0,Charge 4
2023-03-06T22:49:45Z,78.0,Charge 4
2023-03-06T22:50:00Z,78.0,Charge 4
2023-03-06T22:50:05Z,77.0,Charge 4
2023-03-06T22:50:10Z,78.0,Charge 4
2023-03-06T22:50:15Z,77.0,Charge 4
2023-03-06T22:50:30Z,78.0,Charge 4
2023-03-06T22:50:35Z,78.0,Charge 4
2023-03-06T22:50:50Z,77.0,Charge 4
2023-03-06T22:51:00Z,78.0,Charge 4
2023-03-06T22:51:05Z,77.0,Charge 4
2023-03-06T22:51:10Z,77.0,Charge 4
2023-03-06T22:51:20Z,80.0,Charge 4
2023-03-06T22:51:25Z,79.0,Charge 4
2023-03-06T22:51:30Z,77.0,Charge 4
2023-03-06T22:51:40Z,76.0,Charge 4
2023-03-06T22:51:50Z,75.0,Charge 4
2023-03-06T22:51:55Z,77.0,Charge 4
2023-03-06T22:52:00Z,76.0,Charge 4
2023-03-06T22:52:05Z,78.0,Charge 4
2023-03-06T22:52:10Z,79.0,Charge 4
2023-03-06T22:52:20Z,78.0,Charge 4
2023-03-06T22:52:25Z,79.0,Charge 4
2023-03-06T22:52:30Z,78.0,Charge 4
2023-03-06T22:52:40Z,79.0,Charge 4
2023-03-06T22:52:55Z,79.0,Charge 4
2023-03-06T22:53:01Z,78.0,Charge 4
2023-03-06T22:53:11Z,80.0,Charge 4
2023-03-06T22:53:26Z,80.0,Charge 4
2023-03-06T22:53:31Z,81.0,Charge 4
2023-03-06T22:53:46Z,81.0,Charge 4
2023-03-06T22:54:01Z,81.0,Charge 4
2023-03-06T22:54:11Z,80.0,Charge 4
2023-03-06T22:54:16Z,78.0,Charge 4
2023-03-06T22:54:21Z,77.0,Charge 4
2023-03-06T22:54:36Z,77.0,Charge 4
2023-03-06T22:54:46Z,78.0,Charge 4
2023-03-06T22:55:01Z,78.0,Charge 4
2023-03-06T22:55:06Z,79.0,Charge 4
2023-03-06T22:55:16Z,80.0,Charge 4
2023-03-06T22:55:21Z,79.0,Charge 4
2023-03-06T22:55:31Z,80.0,Charge 4
2023-03-06T22:55:41Z,82.0,Charge 4
2023-03-06T22:55:46Z,81.0,Charge 4
2023-03-06T22:55:56Z,80.0,Charge 4
2023-03-06T22:56:01Z,80.0,Charge 4
2023-03-06T22:56:06Z,80.0,Charge 4
2023-03-06T22:56:21Z,79.0,Charge 4
2023-03-06T22:56:31Z,79.0,Charge 4
2023-03-06T22:56:36Z,80.0,Charge 4
2023-03-06T22:56:46Z,81.0,Charge 4
2023-03-06T22:56:56Z,80.0,Charge 4
2023-03-06T22:57:01Z,80.0,Charge 4
2023-03-06T22:57:06Z,80.0,Charge 4
2023-03-06T22:57:21Z,81.0,Charge 4
2023-03-06T22:57:26Z,82.0,Charge 4
2023-03-06T22:57:31Z,83.0,Charge 4
2023-03-06T22:57:36Z,83.0,Charge 4
2023-03-06T22:57:41Z,84.0,Charge 4
2023-03-06T22:57:46Z,86.0,Charge 4
2023-03-06T22:57:51Z,93.0,Charge 4
2023-03-06T22:57:56Z,98.0,Charge 4
2023-03-06T22:58:11Z,98.0,Charge 4
2023-03-06T22:58:21Z,98.0,Charge 4
2023-03-06T22:58:26Z,99.0,Charge 4
2023-03-06T22:58:41Z,100.0,Charge 4
2023-03-06T22:58:56Z,99.0,Charge 4
2023-03-06T22:59:06Z,95.0,Charge 4
2023-03-06T22:59:11Z,92.0,Charge 4
2023-03-06T22:59:21Z,89.0,Charge 4
2023-03-06T22:59:31Z,90.0,Charge 4
2023-03-06T22:59:41Z,91.0,Charge 4
2023-03-06T22:59:46Z,93.0,Charge 4
2023-03-06T22:59:56Z,89.0,Charge 4
2023-03-06T23:00:01Z,84.0,Charge 4
2023-03-06T23:00:06Z,86.0,Charge 4
2023-03-06T23:00:11Z,87.0,Charge 4
2023-03-06T23:00:16Z,85.0,Charge 4
2023-03-06T23:00:21Z,85.0,Charge 4
2023-03-06T23:00:31Z,83.0,Charge 4
2023-03-06T23:00:36Z,80.0,Charge 4
2023-03-06T23:00:46Z,79.0,Charge 4
2023-03-06T23:00:51Z,80.0,Charge 4
2023-03-06T23:00:56Z,81.0,Charge 4
2023-03-06T23:01:06Z,82.0,Charge 4
2023-03-06T23:01:11Z,83.0,Charge 4
2023-03-06T23:01:16Z,82.0,Charge 4
2023-03-06T23:01:26Z,81.0,Charge 4
2023-03-06T23:01:41Z,81.0,Charge 4
2023-03-06T23:01:56Z,81.0,Charge 4
2023-03-06T23:02:11Z,82.0,Charge 4
2023-03-06T23:02:16Z,81.0,Charge 4
2023-03-06T23:02:21Z,80.0,Charge 4
2023-03-06T23:02:26Z,79.0,Charge 4
2023-03-06T23:02:36Z,78.0,Charge 4
2023-03-06T23:02:51Z,77.0,Charge 4
2023-03-06T23:03:06Z,77.0,Charge 4
2023-03-06T23:03:11Z,76.0,Charge 4
2023-03-06T23:03:16Z,75.0,Charge 4
2023-03-06T23:03:21Z,74.0,Charge 4
2023-03-06T23:03:26Z,73.0,Charge 4
2023-03-06T23:03:36Z,72.0,Charge 4
2023-03-06T23:03:51Z,72.0,Charge 4
2023-03-06T23:04:06Z,71.0,Charge 4
2023-03-06T23:04:11Z,72.0,Charge 4
2023-03-06T23:04:16Z,71.0,Charge 4
2023-03-06T23:04:31Z,71.0,Charge 4
2023-03-06T23:04:36Z,72.0,Charge 4
2023-03-06T23:04:41Z,73.0,Charge 4
2023-03-06T23:04:51Z,74.0,Charge 4
2023-03-06T23:05:06Z,75.0,Charge 4
2023-03-06T23:05:21Z,75.0,Charge 4
2023-03-06T23:05:26Z,74.0,Charge 4
2023-03-06T23:05:36Z,75.0,Charge 4
2023-03-06T23:05:46Z,76.0,Charge 4
2023-03-06T23:06:01Z,76.0,Charge 4
2023-03-06T23:06:11Z,77.0,Charge 4
2023-03-06T23:06:16Z,76.0,Charge 4
2023-03-06T23:06:26Z,77.0,Charge 4
2023-03-06T23:06:36Z,78.0,Charge 4
2023-03-06T23:06:41Z,80.0,Charge 4
2023-03-06T23:06:46Z,81.0,Charge 4
2023-03-06T23:06:51Z,80.0,Charge 4
2023-03-06T23:07:01Z,79.0,Charge 4
2023-03-06T23:07:11Z,78.0,Charge 4
2023-03-06T23:07:16Z,78.0,Charge 4
2023-03-06T23:07:21Z,79.0,Charge 4
2023-03-06T23:07:31Z,80.0,Charge 4
2023-03-06T23:07:46Z,80.0,Charge 4
2023-03-06T23:07:51Z,80.0,Charge 4
2023-03-06T23:08:01Z,79.0,Charge 4
2023-03-06T23:08:16Z,79.0,Charge 4
2023-03-06T23:08:23Z,79.0,Charge 4
2023-03-06T23:08:28Z,78.0,Charge 4
2023-03-06T23:08:38Z,77.0,Charge 4
2023-03-06T23:08:43Z,76.0,Charge 4
2023-03-06T23:08:53Z,77.0,Charge 4
2023-03-06T23:08:58Z,78.0,Charge 4
2023-03-06T23:09:13Z,80.0,Charge 4
2023-03-06T23:09:28Z,78.0,Charge 4
2023-03-06T23:09:38Z,80.0,Charge 4
2023-03-06T23:09:43Z,79.0,Charge 4
2023-03-06T23:09:48Z,78.0,Charge 4
2023-03-06T23:09:53Z,76.0,Charge 4
2023-03-06T23:09:58Z,77.0,Charge 4
2023-03-06T23:10:08Z,75.0,Charge 4
2023-03-06T23:10:18Z,77.0,Charge 4
2023-03-06T23:10:23Z,76.0,Charge 4
2023-03-06T23:10:28Z,76.0,Charge 4
2023-03-06T23:10:38Z,77.0,Charge 4
2023-03-06T23:10:43Z,86.0,Charge 4
2023-03-06T23:10:48Z,89.0,Charge 4
2023-03-06T23:10:53Z,85.0,Charge 4
2023-03-06T23:10:58Z,83.0,Charge 4
2023-03-06T23:11:03Z,82.0,Charge 4
2023-03-06T23:11:08Z,81.0,Charge 4
2023-03-06T23:11:18Z,80.0,Charge 4
2023-03-06T23:11:23Z,80.0,Charge 4
2023-03-06T23:11:28Z,80.0,Charge 4
2023-03-06T23:11:33Z,79.0,Charge 4
2023-03-06T23:11:43Z,80.0,Charge 4
2023-03-06T23:11:48Z,81.0,Charge 4
2023-03-06T23:11:53Z,82.0,Charge 4
2023-03-06T23:11:58Z,84.0,Charge 4
2023-03-06T23:12:08Z,82.0,Charge 4
2023-03-06T23:12:13Z,81.0,Charge 4
2023-03-06T23:12:18Z,81.0,Charge 4
2023-03-06T23:12:33Z,87.0,Charge 4
2023-03-06T23:12:38Z,86.0,Charge 4
2023-03-06T23:12:43Z,84.0,Charge 4
2023-03-06T23:12:48Z,82.0,Charge 4
2023-03-06T23:12:53Z,79.0,Charge 4
2023-03-06T23:12:58Z,77.0,Charge 4
2023-03-06T23:13:03Z,75.0,Charge 4
2023-03-06T23:13:08Z,74.0,Charge 4
2023-03-06T23:13:23Z,73.0,Charge 4
2023-03-06T23:13:38Z,73.0,Charge 4
2023-03-06T23:13:43Z,71.0,Charge 4
2023-03-06T23:13:53Z,72.0,Charge 4
2023-03-06T23:13:58Z,71.0,Charge 4
2023-03-06T23:14:03Z,72.0,Charge 4
2023-03-06T23:14:13Z,70.0,Charge 4
2023-03-06T23:14:28Z,70.0,Charge 4
2023-03-06T23:14:34Z,72.0,Charge 4
2023-03-06T23:14:39Z,70.0,Charge 4
2023-03-06T23:14:44Z,71.0,Charge 4
2023-03-06T23:14:49Z,70.0,Charge 4
2023-03-06T23:15:04Z,71.0,Charge 4
2023-03-06T23:15:19Z,71.0,Charge 4
2023-03-06T23:15:34Z,71.0,Charge 4
2023-03-06T23:15:39Z,72.0,Charge 4
2023-03-06T23:15:49Z,73.0,Charge 4
2023-03-06T23:16:04Z,72.0,Charge 4
2023-03-06T23:16:09Z,71.0,Charge 4
2023-03-06T23:16:19Z,70.0,Charge 4
2023-03-06T23:16:29Z,71.0,Charge 4
2023-03-06T23:16:34Z,72.0,Charge 4
2023-03-06T23:16:49Z,74.0,Charge 4
2023-03-06T23:16:59Z,73.0,Charge 4
2023-03-06T23:17:04Z,72.0,Charge 4
2023-03-06T23:17:09Z,71.0,Charge 4
2023-03-06T23:17:24Z,71.0,Charge 4
2023-03-06T23:17:29Z,72.0,Charge 4
2023-03-06T23:17:44Z,73.0,Charge 4
2023-03-06T23:17:54Z,72.0,Charge 4
2023-03-06T23:17:59Z,71.0,Charge 4
2023-03-06T23:18:09Z,72.0,Charge 4
2023-03-06T23:18:24Z,72.0,Charge 4
2023-03-06T23:18:29Z,71.0,Charge 4
2023-03-06T23:18:39Z,72.0,Charge 4
2023-03-06T23:18:44Z,73.0,Charge 4
2023-03-06T23:18:49Z,74.0,Charge 4
2023-03-06T23:19:04Z,73.0,Charge 4
2023-03-06T23:19:09Z,72.0,Charge 4
2023-03-06T23:19:14Z,71.0,Charge 4
2023-03-06T23:19:24Z,70.0,Charge 4
2023-03-06T23:19:29Z,71.0,Charge 4
2023-03-06T23:19:34Z,72.0,Charge 4
2023-03-06T23:19:39Z,73.0,Charge 4
2023-03-06T23:19:44Z,74.0,Charge 4
2023-03-06T23:19:49Z,75.0,Charge 4
2023-03-06T23:19:59Z,74.0,Charge 4
2023-03-06T23:20:14Z,73.0,Charge 4
2023-03-06T23:20:19Z,74.0,Charge 4
2023-03-06T23:20:29Z,73.0,Charge 4
2023-03-06T23:20:39Z,72.0,Charge 4
2023-03-06T23:20:49Z,73.0,Charge 4
2023-03-06T23:20:54Z,72.0,Charge 4
2023-03-06T23:21:09Z,72.0,Charge 4
2023-03-06T23:21:14Z,73.0,Charge 4
2023-03-06T23:21:19Z,74.0,Charge 4
2023-03-06T23:21:24Z,73.0,Charge 4
2023-03-06T23:21:29Z,72.0,Charge 4
2023-03-06T23:21:34Z,71.0,Charge 4
2023-03-06T23:21:49Z,71.0,Charge 4
2023-03-06T23:21:54Z,74.0,Charge 4
2023-03-06T23:22:00Z,75.0,Charge 4
2023-03-06T23:22:05Z,73.0,Charge 4
2023-03-06T23:22:15Z,72.0,Charge 4
2023-03-06T23:22:30Z,73.0,Charge 4
2023-03-06T23:22:40Z,72.0,Charge 4
2023-03-06T23:22:55Z,72.0,Charge 4
2023-03-06T23:23:10Z,73.0,Charge 4
2023-03-06T23:23:20Z,74.0,Charge 4
2023-03-06T23:23:25Z,73.0,Charge 4
2023-03-06T23:23:30Z,72.0,Charge 4
2023-03-06T23:23:45Z,72.0,Charge 4
2023-03-06T23:23:50Z,73.0,Charge 4
2023-03-06T23:23:55Z,74.0,Charge 4
2023-03-06T23:24:00Z,73.0,Charge 4
2023-03-06T23:24:10Z,74.0,Charge 4
2023-03-06T23:24:15Z,75.0,Charge 4
2023-03-06T23:24:25Z,74.0,Charge 4
2023-03-06T23:24:30Z,73.0,Charge 4
2023-03-06T23:24:45Z,73.0,Charge 4
2023-03-06T23:24:50Z,72.0,Charge 4
2023-03-06T23:24:55Z,71.0,Charge 4
2023-03-06T23:25:00Z,72.0,Charge 4
2023-03-06T23:25:05Z,73.0,Charge 4
2023-03-06T23:25:15Z,72.0,Charge 4
2023-03-06T23:25:30Z,72.0,Charge 4
2023-03-06T23:25:45Z,73.0,Charge 4
2023-03-06T23:25:50Z,75.0,Charge 4
2023-03-06T23:25:55Z,74.0,Charge 4
2023-03-06T23:26:00Z,73.0,Charge 4
2023-03-06T23:26:05Z,72.0,Charge 4
2023-03-06T23:26:15Z,73.0,Charge 4
2023-03-06T23:26:25Z,72.0,Charge 4
2023-03-06T23:26:30Z,73.0,Charge 4
2023-03-06T23:26:40Z,74.0,Charge 4
2023-03-06T23:26:45Z,72.0,Charge 4
2023-03-06T23:27:00Z,72.0,Charge 4
2023-03-06T23:27:05Z,72.0,Charge 4
2023-03-06T23:27:10Z,71.0,Charge 4
2023-03-06T23:27:25Z,71.0,Charge 4
2023-03-06T23:27:35Z,72.0,Charge 4
2023-03-06T23:27:45Z,73.0,Charge 4
2023-03-06T23:27:50Z,74.0,Charge 4
2023-03-06T23:28:05Z,74.0,Charge 4
2023-03-06T23:28:15Z,74.0,Charge 4
2023-03-06T23:28:20Z,73.0,Charge 4
2023-03-06T23:28:25Z,72.0,Charge 4
2023-03-06T23:28:35Z,73.0,Charge 4
2023-03-06T23:28:50Z,73.0,Charge 4
2023-03-06T23:29:00Z,73.0,Charge 4
2023-03-06T23:29:10Z,72.0,Charge 4
2023-03-06T23:29:25Z,72.0,Charge 4
2023-03-06T23:29:26Z,73.0,Charge 4
2023-03-06T23:29:41Z,73.0,Charge 4
2023-03-06T23:29:51Z,72.0,Charge 4
2023-03-06T23:30:06Z,72.0,Charge 4
2023-03-06T23:30:11Z,73.0,Charge 4
2023-03-06T23:30:26Z,73.0,Charge 4
2023-03-06T23:30:31Z,72.0,Charge 4
2023-03-06T23:30:41Z,71.0,Charge 4
2023-03-06T23:30:56Z,71.0,Charge 4
2023-03-06T23:31:01Z,73.0,Charge 4
2023-03-06T23:31:06Z,74.0,Charge 4
2023-03-06T23:31:21Z,74.0,Charge 4
2023-03-06T23:31:26Z,75.0,Charge 4
2023-03-06T23:31:31Z,76.0,Charge 4
2023-03-06T23:31:41Z,75.0,Charge 4
2023-03-06T23:31:46Z,75.0,Charge 4
2023-03-06T23:31:51Z,74.0,Charge 4
2023-03-06T23:31:56Z,73.0,Charge 4
2023-03-06T23:32:01Z,72.0,Charge 4
2023-03-06T23:32:06Z,71.0,Charge 4
2023-03-06T23:32:16Z,72.0,Charge 4
2023-03-06T23:32:21Z,73.0,Charge 4
2023-03-06T23:32:26Z,72.0,Charge 4
2023-03-06T23:32:31Z,71.0,Charge 4
2023-03-06T23:32:41Z,72.0,Charge 4
2023-03-06T23:32:46Z,73.0,Charge 4
2023-03-06T23:32:51Z,73.0,Charge 4
2023-03-06T23:32:56Z,73.0,Charge 4
2023-03-06T23:33:01Z,74.0,Charge 4
2023-03-06T23:33:16Z,74.0,Charge 4
2023-03-06T23:33:21Z,73.0,Charge 4
2023-03-06T23:33:26Z,71.0,Charge 4
2023-03-06T23:33:41Z,71.0,Charge 4
2023-03-06T23:33:46Z,71.0,Charge 4
2023-03-06T23:33:51Z,72.0,Charge 4
2023-03-06T23:34:06Z,72.0,Charge 4
2023-03-06T23:34:21Z,73.0,Charge 4
2023-03-06T23:34:36Z,74.0,Charge 4
2023-03-06T23:34:41Z,71.0,Charge 4
2023-03-06T23:34:46Z,70.0,Charge 4
2023-03-06T23:34:56Z,71.0,Charge 4
2023-03-06T23:35:06Z,73.0,Charge 4
2023-03-06T23:35:11Z,72.0,Charge 4
2023-03-06T23:35:16Z,72.0,Charge 4
2023-03-06T23:35:21Z,74.0,Charge 4
2023-03-06T23:35:31Z,72.0,Charge 4
2023-03-06T23:35:46Z,72.0,Charge 4
2023-03-06T23:35:51Z,73.0,Charge 4
2023-03-06T23:36:01Z,72.0,Charge 4
2023-03-06T23:36:06Z,73.0,Charge 4
2023-03-06T23:36:11Z,72.0,Charge 4
2023-03-06T23:36:17Z,72.0,Charge 4
2023-03-06T23:36:22Z,73.0,Charge 4
2023-03-06T23:36:37Z,74.0,Charge 4
2023-03-06T23:36:52Z,74.0,Charge 4
2023-03-06T23:36:57Z,73.0,Charge 4
2023-03-06T23:37:02Z,72.0,Charge 4
2023-03-06T23:37:07Z,71.0,Charge 4
2023-03-06T23:37:22Z,70.0,Charge 4
2023-03-06T23:37:27Z,71.0,Charge 4
2023-03-06T23:37:32Z,72.0,Charge 4
2023-03-06T23:37:37Z,73.0,Charge 4
2023-03-06T23:37:42Z,72.0,Charge 4
2023-03-06T23:37:47Z,73.0,Charge 4
2023-03-06T23:37:52Z,74.0,Charge 4
2023-03-06T23:37:57Z,72.0,Charge 4
2023-03-06T23:38:02Z,71.0,Charge 4
2023-03-06T23:38:07Z,72.0,Charge 4
2023-03-06T23:38:22Z,72.0,Charge 4
2023-03-06T23:38:37Z,73.0,Charge 4
2023-03-06T23:38:47Z,72.0,Charge 4
2023-03-06T23:39:02Z,72.0,Charge 4
2023-03-06T23:39:12Z,73.0,Charge 4
2023-03-06T23:39:27Z,73.0,Charge 4
2023-03-06T23:39:32Z,72.0,Charge 4
2023-03-06T23:39:37Z,73.0,Charge 4
2023-03-06T23:39:47Z,72.0,Charge 4
2023-03-06T23:39:52Z,73.0,Charge 4
2023-03-06T23:39:57Z,74.0,Charge 4
2023-03-06T23:40:07Z,73.0,Charge 4
2023-03-06T23:40:12Z,72.0,Charge 4
2023-03-06T23:40:17Z,71.0,Charge 4
2023-03-06T23:40:22Z,72.0,Charge 4
2023-03-06T23:40:27Z,73.0,Charge 4
2023-03-06T23:40:37Z,72.0,Charge 4
2023-03-06T23:40:42Z,73.0,Charge 4
2023-03-06T23:40:52Z,72.0,Charge 4
2023-03-06T23:41:02Z,73.0,Charge 4
2023-03-06T23:41:07Z,74.0,Charge 4
2023-03-06T23:41:22Z,74.0,Charge 4
2023-03-06T23:41:32Z,72.0,Charge 4
2023-03-06T23:41:42Z,73.0,Charge 4
2023-03-06T23:41:52Z,74.0,Charge 4
2023-03-06T23:41:57Z,75.0,Charge 4
2023-03-06T23:42:02Z,74.0,Charge 4
2023-03-06T23:42:07Z,74.0,Charge 4
2023-03-06T23:42:12Z,76.0,Charge 4
2023-03-06T23:42:22Z,75.0,Charge 4
2023-03-06T23:42:27Z,74.0,Charge 4
2023-03-06T23:42:32Z,73.0,Charge 4
2023-03-06T23:42:37Z,72.0,Charge 4
2023-03-06T23:42:52Z,72.0,Charge 4
2023-03-06T23:42:57Z,72.0,Charge 4
2023-03-06T23:43:03Z,73.0,Charge 4
2023-03-06T23:43:08Z,71.0,Charge 4
2023-03-06T23:43:23Z,71.0,Charge 4
2023-03-06T23:43:28Z,73.0,Charge 4
2023-03-06T23:43:43Z,73.0,Charge 4
2023-03-06T23:43:58Z,73.0,Charge 4
2023-03-06T23:44:03Z,72.0,Charge 4
2023-03-06T23:44:18Z,73.0,Charge 4
2023-03-06T23:44:23Z,74.0,Charge 4
2023-03-06T23:44:28Z,72.0,Charge 4
2023-03-06T23:44:33Z,69.0,Charge 4
2023-03-06T23:44:43Z,70.0,Charge 4
2023-03-06T23:44:53Z,71.0,Charge 4
2023-03-06T23:44:58Z,72.0,Charge 4
2023-03-06T23:45:08Z,71.0,Charge 4
2023-03-06T23:45:23Z,71.0,Charge 4
2023-03-06T23:45:28Z,70.0,Charge 4
2023-03-06T23:45:43Z,72.0,Charge 4
2023-03-06T23:45:58Z,73.0,Charge 4
2023-03-06T23:46:13Z,72.0,Charge 4
2023-03-06T23:46:28Z,73.0,Charge 4
2023-03-06T23:46:43Z,73.0,Charge 4
2023-03-06T23:46:58Z,73.0,Charge 4
2023-03-06T23:47:03Z,74.0,Charge 4
2023-03-06T23:47:18Z,74.0,Charge 4
2023-03-06T23:47:33Z,73.0,Charge 4
2023-03-06T23:47:34Z,72.0,Charge 4
2023-03-06T23:47:44Z,73.0,Charge 4
2023-03-06T23:47:54Z,74.0,Charge 4
2023-03-06T23:48:04Z,73.0,Charge 4
2023-03-06T23:48:19Z,74.0,Charge 4
2023-03-06T23:48:29Z,73.0,Charge 4
2023-03-06T23:48:44Z,72.0,Charge 4
2023-03-06T23:48:54Z,74.0,Charge 4
2023-03-06T23:49:04Z,73.0,Charge 4
2023-03-06T23:49:19Z,73.0,Charge 4
2023-03-06T23:49:24Z,74.0,Charge 4
2023-03-06T23:49:34Z,72.0,Charge 4
2023-03-06T23:49:39Z,71.0,Charge 4
2023-03-06T23:49:54Z,71.0,Charge 4
2023-03-06T23:49:59Z,72.0,Charge 4
2023-03-06T23:50:04Z,73.0,Charge 4
2023-03-06T23:50:09Z,74.0,Charge 4
2023-03-06T23:50:19Z,75.0,Charge 4
2023-03-06T23:50:24Z,74.0,Charge 4
2023-03-06T23:50:29Z,73.0,Charge 4
2023-03-06T23:50:44Z,72.0,Charge 4
2023-03-06T23:50:59Z,73.0,Charge 4
2023-03-06T23:51:04Z,74.0,Charge 4
2023-03-06T23:51:09Z,73.0,Charge 4
2023-03-06T23:51:24Z,73.0,Charge 4
2023-03-06T23:51:39Z,74.0,Charge 4
2023-03-06T23:51:49Z,73.0,Charge 4
2023-03-06T23:51:54Z,72.0,Charge 4
2023-03-06T23:52:04Z,73.0,Charge 4
2023-03-06T23:52:14Z,72.0,Charge 4
2023-03-06T23:52:29Z,72.0,Charge 4
2023-03-06T23:52:34Z,73.0,Charge 4
2023-03-06T23:52:49Z,74.0,Charge 4
2023-03-06T23:52:54Z,75.0,Charge 4
2023-03-06T23:52:59Z,74.0,Charge 4
2023-03-06T23:53:09Z,73.0,Charge 4
2023-03-06T23:53:14Z,72.0,Charge 4
2023-03-06T23:53:24Z,71.0,Charge 4
2023-03-06T23:53:39Z,72.0,Charge 4
2023-03-06T23:53:44Z,73.0,Charge 4
2023-03-06T23:53:54Z,74.0,Charge 4
2023-03-06T23:54:09Z,74.0,Charge 4
2023-03-06T23:54:14Z,73.0,Charge 4
2023-03-06T23:54:29Z,73.0,Charge 4
2023-03-06T23:54:34Z,72.0,Charge 4
2023-03-06T23:54:44Z,74.0,Charge 4
2023-03-06T23:54:49Z,75.0,Charge 4
2023-03-06T23:54:59Z,74.0,Charge 4
2023-03-06T23:55:04Z,73.0,Charge 4
2023-03-06T23:55:19Z,73.0,Charge 4
2023-03-06T23:55:24Z,73.0,Charge 4
2023-03-06T23:55:39Z,73.0,Charge 4
2023-03-06T23:55:44Z,74.0,Charge 4
2023-03-06T23:55:50Z,74.0,Charge 4
2023-03-06T23:55:55Z,76.0,Charge 4
2023-03-06T23:56:00Z,77.0,Charge 4
2023-03-06T23:56:15Z,77.0,Charge 4
2023-03-06T23:56:20Z,78.0,Charge 4
2023-03-06T23:56:30Z,79.0,Charge 4
2023-03-06T23:56:35Z,84.0,Charge 4
2023-03-06T23:56:40Z,92.0,Charge 4
2023-03-06T23:56:45Z,87.0,Charge 4
2023-03-06T23:56:50Z,79.0,Charge 4
2023-03-06T23:56:55Z,76.0,Charge 4
2023-03-06T23:57:05Z,76.0,Charge 4
2023-03-06T23:57:10Z,76.0,Charge 4
2023-03-06T23:57:15Z,74.0,Charge 4
2023-03-06T23:57:20Z,73.0,Charge 4
2023-03-06T23:57:35Z,73.0,Charge 4
2023-03-06T23:57:45Z,74.0,Charge 4
2023-03-06T23:57:50Z,75.0,Charge 4
2023-03-06T23:57:55Z,76.0,Charge 4
2023-03-06T23:58:00Z,78.0,Charge 4
2023-03-06T23:58:15Z,78.0,Charge 4
2023-03-06T23:58:20Z,79.0,Charge 4
2023-03-06T23:58:35Z,80.0,Charge 4
2023-03-06T23:58:40Z,79.0,Charge 4
2023-03-06T23:58:45Z,78.0,Charge 4
2023-03-06T23:58:55Z,79.0,Charge 4
2023-03-06T23:59:00Z,77.0,Charge 4
2023-03-06T23:59:15Z,76.0,Charge 4
2023-03-06T23:59:20Z,77.0,Charge 4
2023-03-06T23:59:30Z,76.0,Charge 4
2023-03-06T23:59:45Z,76.0,Charge 4
2023-03-06T23:59:50Z,77.0,Charge 4
