timestamp,beats per minute,data source
2021-06-24T00:00:00Z,72.0,Charge 4
2021-06-24T00:00:05Z,73.0,Charge 4
2021-06-24T00:00:15Z,77.0,Charge 4
2021-06-24T00:00:20Z,80.0,Charge 4
2021-06-24T00:00:25Z,81.0,Charge 4
2021-06-24T00:00:40Z,81.0,Charge 4
2021-06-24T00:00:45Z,91.0,Charge 4
2021-06-24T00:00:50Z,96.0,Charge 4
2021-06-24T00:00:55Z,94.0,Charge 4
2021-06-24T00:01:00Z,92.0,Charge 4
2021-06-24T00:01:10Z,91.0,Charge 4
2021-06-24T00:01:15Z,90.0,Charge 4
2021-06-24T00:01:30Z,90.0,Charge 4
2021-06-24T00:01:45Z,90.0,Charge 4
2021-06-24T00:01:50Z,91.0,Charge 4
2021-06-24T00:01:55Z,93.0,Charge 4
2021-06-24T00:02:00Z,94.0,Charge 4
2021-06-24T00:02:05Z,92.0,Charge 4
2021-06-24T00:02:10Z,91.0,Charge 4
2021-06-24T00:02:25Z,91.0,Charge 4
2021-06-24T00:02:40Z,94.0,Charge 4
2021-06-24T00:02:45Z,92.0,Charge 4
2021-06-24T00:03:00Z,91.0,Charge 4
2021-06-24T00:03:05Z,88.0,Charge 4
2021-06-24T00:03:10Z,85.0,Charge 4
2021-06-24T00:03:25Z,84.0,Charge 4
2021-06-24T00:03:30Z,86.0,Charge 4
2021-06-24T00:03:35Z,87.0,Charge 4
2021-06-24T00:03:50Z,88.0,Charge 4
2021-06-24T00:03:55Z,89.0,Charge 4
2021-06-24T00:04:10Z,88.0,Charge 4
2021-06-24T00:04:15Z,89.0,Charge 4
2021-06-24T00:04:30Z,91.0,Charge 4
2021-06-24T00:04:35Z,93.0,Charge 4
2021-06-24T00:04:40Z,91.0,Charge 4
2021-06-24T00:04:55Z,91.0,Charge 4
2021-06-24T00:05:00Z,91.0,Charge 4
2021-06-24T00:05:05Z,93.0,Charge 4
2021-06-24T00:05:10Z,93.0,Charge 4
2021-06-24T00:05:15Z,92.0,Charge 4
2021-06-24T00:05:20Z,91.0,Charge 4
2021-06-24T00:05:25Z,88.0,Charge 4
2021-06-24T00:05:30Z,86.0,Charge 4
2021-06-24T00:05:37Z,85.0,Charge 4
2021-06-24T00:05:42Z,82.0,Charge 4
2021-06-24T00:05:47Z,81.0,Charge 4
2021-06-24T00:05:57Z,82.0,Charge 4
2021-06-24T00:06:07Z,84.0,Charge 4
2021-06-24T00:06:17Z,82.0,Charge 4
2021-06-24T00:06:22Z,81.0,Charge 4
2021-06-24T00:06:27Z,80.0,Charge 4
2021-06-24T00:06:32Z,79.0,Charge 4
2021-06-24T00:06:47Z,82.0,Charge 4
2021-06-24T00:06:52Z,83.0,Charge 4
2021-06-24T00:06:57Z,82.0,Charge 4
2021-06-24T00:07:02Z,80.0,Charge 4
2021-06-24T00:07:07Z,78.0,Charge 4
2021-06-24T00:07:22Z,79.0,Charge 4
2021-06-24T00:07:27Z,78.0,Charge 4
2021-06-24T00:07:32Z,77.0,Charge 4
2021-06-24T00:07:47Z,78.0,Charge 4
2021-06-24T00:07:52Z,80.0,Charge 4
2021-06-24T00:08:07Z,80.0,Charge 4
2021-06-24T00:08:12Z,79.0,Charge 4
2021-06-24T00:08:17Z,78.0,Charge 4
2021-06-24T00:08:22Z,77.0,Charge 4
2021-06-24T00:08:32Z,76.0,Charge 4
2021-06-24T00:08:47Z,76.0,Charge 4
2021-06-24T00:08:52Z,75.0,Charge 4
2021-06-24T00:08:57Z,74.0,Charge 4
2021-06-24T00:09:02Z,73.0,Charge 4
2021-06-24T00:09:17Z,73.0,Charge 4
2021-06-24T00:09:27Z,74.0,Charge 4
2021-06-24T00:09:32Z,75.0,Charge 4
2021-06-24T00:09:42Z,74.0,Charge 4
2021-06-24T00:09:47Z,73.0,Charge 4
2021-06-24T00:10:02Z,73.0,Charge 4
2021-06-24T00:10:07Z,74.0,Charge 4
2021-06-24T00:10:17Z,75.0,Charge 4
2021-06-24T00:10:32Z,75.0,Charge 4
2021-06-24T00:10:37Z,75.0,Charge 4
2021-06-24T00:10:47Z,74.0,Charge 4
2021-06-24T00:10:57Z,75.0,Charge 4
2021-06-24T00:11:07Z,74.0,Charge 4
2021-06-24T00:11:17Z,73.0,Charge 4
2021-06-24T00:11:32Z,73.0,Charge 4
2021-06-24T00:11:37Z,74.0,Charge 4
2021-06-24T00:11:52Z,74.0,Charge 4
2021-06-24T00:12:07Z,74.0,Charge 4
2021-06-24T00:12:12Z,75.0,Charge 4
2021-06-24T00:12:17Z,76.0,Charge 4
2021-06-24T00:12:27Z,77.0,Charge 4
2021-06-24T00:12:32Z,76.0,Charge 4
2021-06-24T00:12:37Z,75.0,Charge 4
2021-06-24T00:12:52Z,75.0,Charge 4
2021-06-24T00:12:58Z,78.0,Charge 4
2021-06-24T00:13:03Z,79.0,Charge 4
2021-06-24T00:13:08Z,78.0,Charge 4
2021-06-24T00:13:13Z,77.0,Charge 4
2021-06-24T00:13:18Z,76.0,Charge 4
2021-06-24T00:13:33Z,75.0,Charge 4
2021-06-24T00:13:38Z,76.0,Charge 4
2021-06-24T00:13:43Z,77.0,Charge 4
2021-06-24T00:13:53Z,76.0,Charge 4
2021-06-24T00:14:08Z,76.0,Charge 4
2021-06-24T00:14:13Z,77.0,Charge 4
2021-06-24T00:14:18Z,76.0,Charge 4
2021-06-24T00:14:33Z,76.0,Charge 4
2021-06-24T00:14:38Z,75.0,Charge 4
2021-06-24T00:14:43Z,76.0,Charge 4
2021-06-24T00:14:53Z,75.0,Charge 4
2021-06-24T00:15:08Z,75.0,Charge 4
2021-06-24T00:15:18Z,74.0,Charge 4
2021-06-24T00:15:33Z,74.0,Charge 4
2021-06-24T00:15:38Z,75.0,Charge 4
2021-06-24T00:15:53Z,77.0,Charge 4
2021-06-24T00:16:03Z,78.0,Charge 4
2021-06-24T00:16:13Z,77.0,Charge 4
2021-06-24T00:16:18Z,75.0,Charge 4
2021-06-24T00:16:33Z,75.0,Charge 4
2021-06-24T00:16:38Z,77.0,Charge 4
2021-06-24T00:16:48Z,75.0,Charge 4
2021-06-24T00:16:53Z,71.0,Charge 4
2021-06-24T00:16:58Z,70.0,Charge 4
2021-06-24T00:17:03Z,71.0,Charge 4
2021-06-24T00:17:08Z,72.0,Charge 4
2021-06-24T00:17:13Z,74.0,Charge 4
2021-06-24T00:17:28Z,74.0,Charge 4
2021-06-24T00:17:33Z,76.0,Charge 4
2021-06-24T00:17:38Z,77.0,Charge 4
2021-06-24T00:17:43Z,76.0,Charge 4
2021-06-24T00:17:48Z,74.0,Charge 4
2021-06-24T00:17:58Z,73.0,Charge 4
2021-06-24T00:18:08Z,75.0,Charge 4
2021-06-24T00:18:13Z,80.0,Charge 4
2021-06-24T00:18:18Z,81.0,Charge 4
2021-06-24T00:18:23Z,78.0,Charge 4
2021-06-24T00:18:33Z,77.0,Charge 4
2021-06-24T00:18:38Z,76.0,Charge 4
2021-06-24T00:18:48Z,77.0,Charge 4
2021-06-24T00:18:58Z,78.0,Charge 4
2021-06-24T00:19:03Z,76.0,Charge 4
2021-06-24T00:19:13Z,75.0,Charge 4
2021-06-24T00:19:18Z,74.0,Charge 4
2021-06-24T00:19:28Z,75.0,Charge 4
2021-06-24T00:19:33Z,74.0,Charge 4
2021-06-24T00:19:38Z,73.0,Charge 4
2021-06-24T00:19:43Z,74.0,Charge 4
2021-06-24T00:19:48Z,76.0,Charge 4
2021-06-24T00:19:54Z,77.0,Charge 4
2021-06-24T00:20:04Z,77.0,Charge 4
2021-06-24T00:20:14Z,75.0,Charge 4
2021-06-24T00:20:19Z,74.0,Charge 4
2021-06-24T00:20:24Z,75.0,Charge 4
2021-06-24T00:20:39Z,75.0,Charge 4
2021-06-24T00:20:54Z,75.0,Charge 4
2021-06-24T00:21:09Z,76.0,Charge 4
2021-06-24T00:21:14Z,78.0,Charge 4
2021-06-24T00:21:19Z,79.0,Charge 4
2021-06-24T00:21:24Z,78.0,Charge 4
2021-06-24T00:21:29Z,77.0,Charge 4
2021-06-24T00:21:39Z,76.0,Charge 4
2021-06-24T00:21:54Z,76.0,Charge 4
2021-06-24T00:21:59Z,78.0,Charge 4
2021-06-24T00:22:09Z,77.0,Charge 4
2021-06-24T00:22:14Z,76.0,Charge 4
2021-06-24T00:22:29Z,76.0,Charge 4
2021-06-24T00:22:34Z,75.0,Charge 4
2021-06-24T00:22:49Z,75.0,Charge 4
2021-06-24T00:22:54Z,77.0,Charge 4
2021-06-24T00:23:09Z,77.0,Charge 4
2021-06-24T00:23:16Z,77.0,Charge 4
2021-06-24T00:23:31Z,77.0,Charge 4
2021-06-24T00:23:36Z,78.0,Charge 4
2021-06-24T00:23:41Z,77.0,Charge 4
2021-06-24T00:23:46Z,78.0,Charge 4
2021-06-24T00:23:56Z,80.0,Charge 4
2021-06-24T00:24:11Z,80.0,Charge 4
2021-06-24T00:24:16Z,79.0,Charge 4
2021-06-24T00:24:21Z,80.0,Charge 4
2021-06-24T00:24:36Z,80.0,Charge 4
2021-06-24T00:24:51Z,79.0,Charge 4
2021-06-24T00:25:01Z,81.0,Charge 4
2021-06-24T00:25:06Z,80.0,Charge 4
2021-06-24T00:25:11Z,81.0,Charge 4
2021-06-24T00:25:26Z,81.0,Charge 4
2021-06-24T00:25:31Z,78.0,Charge 4
2021-06-24T00:25:41Z,79.0,Charge 4
2021-06-24T00:25:46Z,80.0,Charge 4
2021-06-24T00:26:01Z,80.0,Charge 4
2021-06-24T00:26:06Z,78.0,Charge 4
2021-06-24T00:26:21Z,78.0,Charge 4
2021-06-24T00:26:36Z,80.0,Charge 4
2021-06-24T00:26:37Z,79.0,Charge 4
2021-06-24T00:26:47Z,78.0,Charge 4
2021-06-24T00:27:02Z,80.0,Charge 4
2021-06-24T00:27:07Z,81.0,Charge 4
2021-06-24T00:27:12Z,80.0,Charge 4
2021-06-24T00:27:22Z,79.0,Charge 4
2021-06-24T00:27:27Z,78.0,Charge 4
2021-06-24T00:27:37Z,79.0,Charge 4
2021-06-24T00:27:52Z,80.0,Charge 4
2021-06-24T00:28:07Z,81.0,Charge 4
2021-06-24T00:28:12Z,80.0,Charge 4
2021-06-24T00:28:22Z,79.0,Charge 4
2021-06-24T00:28:32Z,80.0,Charge 4
2021-06-24T00:28:47Z,81.0,Charge 4
2021-06-24T00:28:57Z,80.0,Charge 4
2021-06-24T00:29:12Z,80.0,Charge 4
2021-06-24T00:29:22Z,79.0,Charge 4
2021-06-24T00:29:32Z,80.0,Charge 4
2021-06-24T00:29:37Z,81.0,Charge 4
2021-06-24T00:29:42Z,80.0,Charge 4
2021-06-24T00:29:47Z,78.0,Charge 4
2021-06-24T00:29:57Z,79.0,Charge 4
2021-06-24T00:30:02Z,81.0,Charge 4
2021-06-24T00:30:12Z,80.0,Charge 4
2021-06-24T00:30:22Z,79.0,Charge 4
2021-06-24T00:30:37Z,80.0,Charge 4
2021-06-24T00:30:42Z,81.0,Charge 4
2021-06-24T00:30:48Z,81.0,Charge 4
2021-06-24T00:30:53Z,80.0,Charge 4
2021-06-24T00:31:03Z,81.0,Charge 4
2021-06-24T00:31:13Z,80.0,Charge 4
2021-06-24T00:31:28Z,80.0,Charge 4
2021-06-24T00:31:33Z,79.0,Charge 4
2021-06-24T00:31:48Z,79.0,Charge 4
2021-06-24T00:31:53Z,80.0,Charge 4
2021-06-24T00:32:08Z,80.0,Charge 4
2021-06-24T00:32:13Z,78.0,Charge 4
2021-06-24T00:32:28Z,78.0,Charge 4
2021-06-24T00:32:38Z,79.0,Charge 4
2021-06-24T00:32:43Z,80.0,Charge 4
2021-06-24T00:32:48Z,82.0,Charge 4
2021-06-24T00:32:53Z,81.0,Charge 4
2021-06-24T00:32:58Z,80.0,Charge 4
2021-06-24T00:33:03Z,79.0,Charge 4
2021-06-24T00:33:08Z,78.0,Charge 4
2021-06-24T00:33:23Z,80.0,Charge 4
2021-06-24T00:33:38Z,80.0,Charge 4
2021-06-24T00:33:53Z,79.0,Charge 4
2021-06-24T00:34:08Z,79.0,Charge 4
2021-06-24T00:34:23Z,79.0,Charge 4
2021-06-24T00:34:28Z,80.0,Charge 4
2021-06-24T00:34:33Z,81.0,Charge 4
2021-06-24T00:34:48Z,81.0,Charge 4
2021-06-24T00:35:03Z,81.0,Charge 4
2021-06-24T00:35:10Z,81.0,Charge 4
2021-06-24T00:35:25Z,81.0,Charge 4
2021-06-24T00:35:35Z,82.0,Charge 4
2021-06-24T00:35:40Z,81.0,Charge 4
2021-06-24T00:35:55Z,82.0,Charge 4
2021-06-24T00:36:05Z,80.0,Charge 4
2021-06-24T00:36:10Z,79.0,Charge 4
2021-06-24T00:36:15Z,80.0,Charge 4
2021-06-24T00:36:20Z,78.0,Charge 4
2021-06-24T00:36:35Z,79.0,Charge 4
2021-06-24T00:36:40Z,80.0,Charge 4
2021-06-24T00:36:45Z,81.0,Charge 4
2021-06-24T00:37:00Z,80.0,Charge 4
2021-06-24T00:37:15Z,80.0,Charge 4
2021-06-24T00:37:25Z,81.0,Charge 4
2021-06-24T00:37:30Z,82.0,Charge 4
2021-06-24T00:37:35Z,83.0,Charge 4
2021-06-24T00:37:40Z,82.0,Charge 4
2021-06-24T00:37:45Z,81.0,Charge 4
2021-06-24T00:38:00Z,80.0,Charge 4
2021-06-24T00:38:05Z,81.0,Charge 4
2021-06-24T00:38:20Z,81.0,Charge 4
2021-06-24T00:38:25Z,80.0,Charge 4
2021-06-24T00:38:30Z,79.0,Charge 4
2021-06-24T00:38:35Z,78.0,Charge 4
2021-06-24T00:38:40Z,79.0,Charge 4
2021-06-24T00:38:50Z,80.0,Charge 4
2021-06-24T00:38:55Z,81.0,Charge 4
2021-06-24T00:39:00Z,82.0,Charge 4
2021-06-24T00:39:10Z,80.0,Charge 4
2021-06-24T00:39:25Z,81.0,Charge 4
2021-06-24T00:39:30Z,82.0,Charge 4
2021-06-24T00:39:40Z,81.0,Charge 4
2021-06-24T00:39:50Z,80.0,Charge 4
2021-06-24T00:39:55Z,81.0,Charge 4
2021-06-24T00:40:00Z,79.0,Charge 4
2021-06-24T00:40:10Z,78.0,Charge 4
2021-06-24T00:40:20Z,79.0,Charge 4
2021-06-24T00:40:30Z,80.0,Charge 4
2021-06-24T00:40:35Z,81.0,Charge 4
2021-06-24T00:40:50Z,81.0,Charge 4
2021-06-24T00:40:55Z,81.0,Charge 4
2021-06-24T00:41:00Z,80.0,Charge 4
2021-06-24T00:41:05Z,78.0,Charge 4
2021-06-24T00:41:20Z,78.0,Charge 4
2021-06-24T00:41:25Z,80.0,Charge 4
2021-06-24T00:41:30Z,81.0,Charge 4
2021-06-24T00:41:40Z,82.0,Charge 4
2021-06-24T00:41:55Z,82.0,Charge 4
2021-06-24T00:42:05Z,82.0,Charge 4
2021-06-24T00:42:10Z,83.0,Charge 4
2021-06-24T00:42:16Z,83.0,Charge 4
2021-06-24T00:42:21Z,81.0,Charge 4
2021-06-24T00:42:36Z,83.0,Charge 4
2021-06-24T00:42:46Z,82.0,Charge 4
2021-06-24T00:43:01Z,82.0,Charge 4
2021-06-24T00:43:16Z,81.0,Charge 4
2021-06-24T00:43:31Z,81.0,Charge 4
2021-06-24T00:43:36Z,82.0,Charge 4
2021-06-24T00:43:51Z,82.0,Charge 4
2021-06-24T00:44:06Z,82.0,Charge 4
2021-06-24T00:44:21Z,82.0,Charge 4
2021-06-24T00:44:31Z,80.0,Charge 4
2021-06-24T00:44:36Z,81.0,Charge 4
2021-06-24T00:44:41Z,82.0,Charge 4
2021-06-24T00:44:56Z,81.0,Charge 4
2021-06-24T00:45:01Z,82.0,Charge 4
2021-06-24T00:45:11Z,83.0,Charge 4
2021-06-24T00:45:16Z,81.0,Charge 4
2021-06-24T00:45:26Z,82.0,Charge 4
2021-06-24T00:45:31Z,81.0,Charge 4
2021-06-24T00:45:41Z,82.0,Charge 4
2021-06-24T00:45:46Z,81.0,Charge 4
2021-06-24T00:45:56Z,82.0,Charge 4
2021-06-24T00:46:01Z,83.0,Charge 4
2021-06-24T00:46:06Z,84.0,Charge 4
2021-06-24T00:46:11Z,82.0,Charge 4
2021-06-24T00:46:21Z,81.0,Charge 4
2021-06-24T00:46:27Z,80.0,Charge 4
2021-06-24T00:46:37Z,81.0,Charge 4
2021-06-24T00:46:42Z,82.0,Charge 4
2021-06-24T00:46:47Z,83.0,Charge 4
2021-06-24T00:46:57Z,82.0,Charge 4
2021-06-24T00:47:12Z,82.0,Charge 4
2021-06-24T00:47:17Z,83.0,Charge 4
2021-06-24T00:47:27Z,82.0,Charge 4
2021-06-24T00:47:32Z,81.0,Charge 4
2021-06-24T00:47:42Z,82.0,Charge 4
2021-06-24T00:47:47Z,83.0,Charge 4
2021-06-24T00:47:52Z,81.0,Charge 4
2021-06-24T00:47:57Z,80.0,Charge 4
2021-06-24T00:48:07Z,81.0,Charge 4
2021-06-24T00:48:12Z,82.0,Charge 4
2021-06-24T00:48:22Z,83.0,Charge 4
2021-06-24T00:48:32Z,82.0,Charge 4
2021-06-24T00:48:37Z,81.0,Charge 4
2021-06-24T00:48:47Z,82.0,Charge 4
2021-06-24T00:48:57Z,81.0,Charge 4
2021-06-24T00:49:02Z,80.0,Charge 4
2021-06-24T00:49:07Z,81.0,Charge 4
2021-06-24T00:49:12Z,80.0,Charge 4
2021-06-24T00:49:27Z,78.0,Charge 4
2021-06-24T00:49:37Z,79.0,Charge 4
2021-06-24T00:49:42Z,80.0,Charge 4
2021-06-24T00:49:47Z,81.0,Charge 4
2021-06-24T00:49:52Z,81.0,Charge 4
2021-06-24T00:49:57Z,82.0,Charge 4
2021-06-24T00:50:02Z,81.0,Charge 4
2021-06-24T00:50:12Z,79.0,Charge 4
2021-06-24T00:50:22Z,80.0,Charge 4
2021-06-24T00:50:27Z,81.0,Charge 4
2021-06-24T00:50:32Z,82.0,Charge 4
2021-06-24T00:50:42Z,81.0,Charge 4
2021-06-24T00:50:47Z,80.0,Charge 4
2021-06-24T00:50:57Z,81.0,Charge 4
2021-06-24T00:51:07Z,80.0,Charge 4
2021-06-24T00:51:12Z,79.0,Charge 4
2021-06-24T00:51:22Z,80.0,Charge 4
2021-06-24T00:51:32Z,81.0,Charge 4
2021-06-24T00:51:37Z,80.0,Charge 4
2021-06-24T00:51:42Z,79.0,Charge 4
2021-06-24T00:51:52Z,80.0,Charge 4
2021-06-24T00:52:07Z,80.0,Charge 4
2021-06-24T00:52:22Z,80.0,Charge 4
2021-06-24T00:52:27Z,82.0,Charge 4
2021-06-24T00:52:32Z,81.0,Charge 4
2021-06-24T00:52:42Z,79.0,Charge 4
2021-06-24T00:52:57Z,79.0,Charge 4
2021-06-24T00:53:02Z,80.0,Charge 4
2021-06-24T00:53:07Z,81.0,Charge 4
2021-06-24T00:53:17Z,80.0,Charge 4
2021-06-24T00:53:27Z,79.0,Charge 4
2021-06-24T00:53:35Z,79.0,Charge 4
2021-06-24T00:53:40Z,80.0,Charge 4
2021-06-24T00:53:50Z,79.0,Charge 4
2021-06-24T00:53:55Z,81.0,Charge 4
2021-06-24T00:54:00Z,82.0,Charge 4
2021-06-24T00:54:05Z,79.0,Charge 4
2021-06-24T00:54:10Z,77.0,Charge 4
2021-06-24T00:54:20Z,76.0,Charge 4
2021-06-24T00:54:25Z,77.0,Charge 4
2021-06-24T00:54:30Z,78.0,Charge 4
2021-06-24T00:54:35Z,79.0,Charge 4
2021-06-24T00:54:50Z,79.0,Charge 4
2021-06-24T00:55:00Z,77.0,Charge 4
2021-06-24T00:55:15Z,77.0,Charge 4
2021-06-24T00:55:25Z,78.0,Charge 4
2021-06-24T00:55:30Z,77.0,Charge 4
2021-06-24T00:55:40Z,78.0,Charge 4
2021-06-24T00:55:45Z,80.0,Charge 4
2021-06-24T00:55:55Z,79.0,Charge 4
2021-06-24T00:56:05Z,80.0,Charge 4
2021-06-24T00:56:10Z,79.0,Charge 4
2021-06-24T00:56:20Z,80.0,Charge 4
2021-06-24T00:56:25Z,79.0,Charge 4
2021-06-24T00:56:30Z,78.0,Charge 4
2021-06-24T00:56:35Z,79.0,Charge 4
2021-06-24T00:56:40Z,78.0,Charge 4
2021-06-24T00:56:46Z,78.0,Charge 4
2021-06-24T00:56:51Z,79.0,Charge 4
2021-06-24T00:56:56Z,78.0,Charge 4
2021-06-24T00:57:11Z,79.0,Charge 4
2021-06-24T00:57:16Z,78.0,Charge 4
2021-06-24T00:57:21Z,77.0,Charge 4
2021-06-24T00:57:26Z,78.0,Charge 4
2021-06-24T00:57:31Z,80.0,Charge 4
2021-06-24T00:57:46Z,80.0,Charge 4
2021-06-24T00:57:51Z,79.0,Charge 4
2021-06-24T00:58:06Z,79.0,Charge 4
2021-06-24T00:58:11Z,80.0,Charge 4
2021-06-24T00:58:16Z,81.0,Charge 4
2021-06-24T00:58:21Z,83.0,Charge 4
2021-06-24T00:58:31Z,82.0,Charge 4
2021-06-24T00:58:36Z,81.0,Charge 4
2021-06-24T00:58:41Z,80.0,Charge 4
2021-06-24T00:58:46Z,79.0,Charge 4
2021-06-24T00:59:01Z,79.0,Charge 4
2021-06-24T00:59:06Z,80.0,Charge 4
2021-06-24T00:59:11Z,81.0,Charge 4
2021-06-24T00:59:26Z,81.0,Charge 4
2021-06-24T00:59:31Z,80.0,Charge 4
2021-06-24T00:59:36Z,79.0,Charge 4
2021-06-24T00:59:41Z,80.0,Charge 4
2021-06-24T00:59:56Z,79.0,Charge 4
2021-06-24T01:00:11Z,79.0,Charge 4
2021-06-24T01:00:12Z,80.0,Charge 4
2021-06-24T01:00:17Z,82.0,Charge 4
2021-06-24T01:00:32Z,81.0,Charge 4
2021-06-24T01:00:47Z,81.0,Charge 4
2021-06-24T01:00:52Z,79.0,Charge 4
2021-06-24T01:01:02Z,80.0,Charge 4
2021-06-24T01:01:07Z,81.0,Charge 4
2021-06-24T01:01:12Z,83.0,Charge 4
2021-06-24T01:01:17Z,82.0,Charge 4
2021-06-24T01:01:22Z,81.0,Charge 4
2021-06-24T01:01:32Z,80.0,Charge 4
2021-06-24T01:01:42Z,81.0,Charge 4
2021-06-24T01:01:57Z,80.0,Charge 4
2021-06-24T01:02:07Z,79.0,Charge 4
2021-06-24T01:02:12Z,78.0,Charge 4
2021-06-24T01:02:17Z,79.0,Charge 4
2021-06-24T01:02:22Z,81.0,Charge 4
2021-06-24T01:02:27Z,82.0,Charge 4
2021-06-24T01:02:37Z,80.0,Charge 4
2021-06-24T01:02:42Z,79.0,Charge 4
2021-06-24T01:02:52Z,80.0,Charge 4
2021-06-24T01:03:02Z,78.0,Charge 4
2021-06-24T01:03:12Z,76.0,Charge 4
2021-06-24T01:03:17Z,74.0,Charge 4
2021-06-24T01:03:27Z,76.0,Charge 4
2021-06-24T01:03:32Z,78.0,Charge 4
2021-06-24T01:03:37Z,79.0,Charge 4
2021-06-24T01:03:42Z,80.0,Charge 4
2021-06-24T01:03:52Z,79.0,Charge 4
2021-06-24T01:03:57Z,78.0,Charge 4
2021-06-24T01:04:12Z,79.0,Charge 4
2021-06-24T01:04:17Z,78.0,Charge 4
2021-06-24T01:04:27Z,79.0,Charge 4
2021-06-24T01:04:32Z,80.0,Charge 4
2021-06-24T01:04:47Z,80.0,Charge 4
2021-06-24T01:05:02Z,80.0,Charge 4
2021-06-24T01:05:12Z,79.0,Charge 4
2021-06-24T01:05:22Z,78.0,Charge 4
2021-06-24T01:05:27Z,77.0,Charge 4
2021-06-24T01:05:32Z,79.0,Charge 4
2021-06-24T01:05:37Z,80.0,Charge 4
2021-06-24T01:05:47Z,81.0,Charge 4
2021-06-24T01:06:02Z,81.0,Charge 4
2021-06-24T01:06:07Z,82.0,Charge 4
2021-06-24T01:06:12Z,80.0,Charge 4
2021-06-24T01:06:27Z,80.0,Charge 4
2021-06-24T01:06:32Z,79.0,Charge 4
2021-06-24T01:06:37Z,78.0,Charge 4
2021-06-24T01:06:42Z,79.0,Charge 4
2021-06-24T01:06:52Z,78.0,Charge 4
2021-06-24T01:06:57Z,79.0,Charge 4
2021-06-24T01:07:12Z,79.0,Charge 4
2021-06-24T01:07:18Z,78.0,Charge 4
2021-06-24T01:07:23Z,79.0,Charge 4
2021-06-24T01:07:38Z,77.0,Charge 4
2021-06-24T01:07:48Z,78.0,Charge 4
2021-06-24T01:07:53Z,79.0,Charge 4
2021-06-24T01:07:58Z,78.0,Charge 4
2021-06-24T01:08:13Z,78.0,Charge 4
2021-06-24T01:08:18Z,79.0,Charge 4
2021-06-24T01:08:23Z,79.0,Charge 4
2021-06-24T01:08:33Z,80.0,Charge 4
2021-06-24T01:08:38Z,82.0,Charge 4
2021-06-24T01:08:43Z,81.0,Charge 4
2021-06-24T01:08:48Z,80.0,Charge 4
2021-06-24T01:08:53Z,81.0,Charge 4
2021-06-24T01:09:03Z,77.0,Charge 4
2021-06-24T01:09:08Z,75.0,Charge 4
2021-06-24T01:09:13Z,76.0,Charge 4
2021-06-24T01:09:18Z,77.0,Charge 4
2021-06-24T01:09:28Z,77.0,Charge 4
2021-06-24T01:09:33Z,78.0,Charge 4
2021-06-24T01:09:38Z,79.0,Charge 4
2021-06-24T01:09:43Z,86.0,Charge 4
2021-06-24T01:09:48Z,91.0,Charge 4
2021-06-24T01:09:53Z,92.0,Charge 4
2021-06-24T01:09:58Z,88.0,Charge 4
2021-06-24T01:10:03Z,80.0,Charge 4
2021-06-24T01:10:08Z,79.0,Charge 4
2021-06-24T01:10:13Z,79.0,Charge 4
2021-06-24T01:10:18Z,77.0,Charge 4
2021-06-24T01:10:23Z,76.0,Charge 4
2021-06-24T01:10:28Z,74.0,Charge 4
2021-06-24T01:10:33Z,73.0,Charge 4
2021-06-24T01:10:38Z,74.0,Charge 4
2021-06-24T01:10:48Z,73.0,Charge 4
2021-06-24T01:10:53Z,74.0,Charge 4
2021-06-24T01:11:03Z,73.0,Charge 4
2021-06-24T01:11:08Z,74.0,Charge 4
2021-06-24T01:11:13Z,73.0,Charge 4
2021-06-24T01:11:18Z,74.0,Charge 4
2021-06-24T01:11:28Z,75.0,Charge 4
2021-06-24T01:11:33Z,73.0,Charge 4
2021-06-24T01:11:38Z,72.0,Charge 4
2021-06-24T01:11:53Z,72.0,Charge 4
2021-06-24T01:11:58Z,74.0,Charge 4
2021-06-24T01:12:03Z,75.0,Charge 4
2021-06-24T01:12:08Z,76.0,Charge 4
2021-06-24T01:12:13Z,77.0,Charge 4
2021-06-24T01:12:18Z,78.0,Charge 4
2021-06-24T01:12:33Z,78.0,Charge 4
2021-06-24T01:12:38Z,77.0,Charge 4
2021-06-24T01:12:48Z,78.0,Charge 4
2021-06-24T01:12:53Z,79.0,Charge 4
2021-06-24T01:12:58Z,78.0,Charge 4
2021-06-24T01:13:04Z,77.0,Charge 4
2021-06-24T01:13:19Z,77.0,Charge 4
2021-06-24T01:13:34Z,77.0,Charge 4
2021-06-24T01:13:49Z,77.0,Charge 4
2021-06-24T01:13:59Z,78.0,Charge 4
2021-06-24T01:14:14Z,78.0,Charge 4
2021-06-24T01:14:24Z,76.0,Charge 4
2021-06-24T01:14:29Z,75.0,Charge 4
2021-06-24T01:14:44Z,75.0,Charge 4
2021-06-24T01:14:59Z,74.0,Charge 4
2021-06-24T01:15:14Z,75.0,Charge 4
2021-06-24T01:15:19Z,76.0,Charge 4
2021-06-24T01:15:29Z,77.0,Charge 4
2021-06-24T01:15:34Z,76.0,Charge 4
2021-06-24T01:15:39Z,75.0,Charge 4
2021-06-24T01:15:54Z,75.0,Charge 4
2021-06-24T01:15:59Z,76.0,Charge 4
2021-06-24T01:16:04Z,77.0,Charge 4
2021-06-24T01:16:09Z,80.0,Charge 4
2021-06-24T01:16:14Z,79.0,Charge 4
2021-06-24T01:16:19Z,77.0,Charge 4
2021-06-24T01:16:24Z,74.0,Charge 4
2021-06-24T01:16:39Z,75.0,Charge 4
2021-06-24T01:16:54Z,75.0,Charge 4
2021-06-24T01:17:09Z,75.0,Charge 4
2021-06-24T01:17:14Z,74.0,Charge 4
2021-06-24T01:17:19Z,73.0,Charge 4
2021-06-24T01:17:24Z,74.0,Charge 4
2021-06-24T01:17:29Z,75.0,Charge 4
2021-06-24T01:17:34Z,76.0,Charge 4
2021-06-24T01:17:44Z,74.0,Charge 4
2021-06-24T01:17:49Z,73.0,Charge 4
2021-06-24T01:17:54Z,73.0,Charge 4
2021-06-24T01:18:04Z,74.0,Charge 4
2021-06-24T01:18:09Z,75.0,Charge 4
2021-06-24T01:18:19Z,75.0,Charge 4
2021-06-24T01:18:24Z,75.0,Charge 4
2021-06-24T01:18:29Z,76.0,Charge 4
2021-06-24T01:18:34Z,77.0,Charge 4
2021-06-24T01:18:39Z,76.0,Charge 4
2021-06-24T01:18:44Z,76.0,Charge 4
2021-06-24T01:18:54Z,75.0,Charge 4
2021-06-24T01:18:59Z,73.0,Charge 4
2021-06-24T01:19:04Z,71.0,Charge 4
2021-06-24T01:19:19Z,71.0,Charge 4
2021-06-24T01:19:24Z,74.0,Charge 4
2021-06-24T01:19:29Z,75.0,Charge 4
2021-06-24T01:19:34Z,76.0,Charge 4
2021-06-24T01:19:39Z,75.0,Charge 4
2021-06-24T01:19:44Z,73.0,Charge 4
2021-06-24T01:19:49Z,72.0,Charge 4
2021-06-24T01:19:54Z,71.0,Charge 4
2021-06-24T01:19:59Z,72.0,Charge 4
2021-06-24T01:20:05Z,73.0,Charge 4
2021-06-24T01:20:10Z,75.0,Charge 4
2021-06-24T01:20:15Z,76.0,Charge 4
2021-06-24T01:20:20Z,78.0,Charge 4
2021-06-24T01:20:25Z,79.0,Charge 4
2021-06-24T01:20:30Z,78.0,Charge 4
2021-06-24T01:20:35Z,77.0,Charge 4
2021-06-24T01:20:45Z,75.0,Charge 4
2021-06-24T01:20:50Z,72.0,Charge 4
2021-06-24T01:20:55Z,71.0,Charge 4
2021-06-24T01:21:10Z,73.0,Charge 4
2021-06-24T01:21:25Z,74.0,Charge 4
2021-06-24T01:21:30Z,75.0,Charge 4
2021-06-24T01:21:45Z,75.0,Charge 4
2021-06-24T01:21:55Z,73.0,Charge 4
2021-06-24T01:22:05Z,72.0,Charge 4
2021-06-24T01:22:10Z,71.0,Charge 4
2021-06-24T01:22:20Z,72.0,Charge 4
2021-06-24T01:22:25Z,74.0,Charge 4
2021-06-24T01:22:30Z,76.0,Charge 4
2021-06-24T01:22:35Z,77.0,Charge 4
2021-06-24T01:22:50Z,77.0,Charge 4
2021-06-24T01:23:05Z,77.0,Charge 4
2021-06-24T01:23:20Z,76.0,Charge 4
2021-06-24T01:23:25Z,75.0,Charge 4
2021-06-24T01:23:32Z,74.0,Charge 4
2021-06-24T01:23:42Z,75.0,Charge 4
2021-06-24T01:23:47Z,76.0,Charge 4
2021-06-24T01:23:57Z,77.0,Charge 4
2021-06-24T01:24:02Z,76.0,Charge 4
2021-06-24T01:24:07Z,75.0,Charge 4
2021-06-24T01:24:17Z,74.0,Charge 4
2021-06-24T01:24:27Z,75.0,Charge 4
2021-06-24T01:24:32Z,76.0,Charge 4
2021-06-24T01:24:47Z,75.0,Charge 4
2021-06-24T01:24:52Z,74.0,Charge 4
2021-06-24T01:25:07Z,74.0,Charge 4
2021-06-24T01:25:12Z,73.0,Charge 4
2021-06-24T01:25:17Z,72.0,Charge 4
2021-06-24T01:25:32Z,72.0,Charge 4
2021-06-24T01:25:47Z,72.0,Charge 4
2021-06-24T01:25:52Z,75.0,Charge 4
2021-06-24T01:25:57Z,76.0,Charge 4
2021-06-24T01:26:02Z,78.0,Charge 4
2021-06-24T01:26:07Z,79.0,Charge 4
2021-06-24T01:26:22Z,79.0,Charge 4
2021-06-24T01:26:27Z,89.0,Charge 4
2021-06-24T01:26:32Z,84.0,Charge 4
2021-06-24T01:26:37Z,79.0,Charge 4
2021-06-24T01:26:43Z,75.0,Charge 4
2021-06-24T01:26:48Z,74.0,Charge 4
2021-06-24T01:27:03Z,75.0,Charge 4
2021-06-24T01:27:08Z,76.0,Charge 4
2021-06-24T01:27:13Z,77.0,Charge 4
2021-06-24T01:27:28Z,76.0,Charge 4
2021-06-24T01:27:38Z,75.0,Charge 4
2021-06-24T01:27:53Z,75.0,Charge 4
2021-06-24T01:28:03Z,74.0,Charge 4
2021-06-24T01:28:08Z,73.0,Charge 4
2021-06-24T01:28:18Z,74.0,Charge 4
2021-06-24T01:28:23Z,75.0,Charge 4
2021-06-24T01:28:28Z,77.0,Charge 4
2021-06-24T01:28:33Z,75.0,Charge 4
2021-06-24T01:28:38Z,74.0,Charge 4
2021-06-24T01:28:43Z,75.0,Charge 4
2021-06-24T01:28:48Z,74.0,Charge 4
2021-06-24T01:29:03Z,74.0,Charge 4
2021-06-24T01:29:08Z,73.0,Charge 4
2021-06-24T01:29:13Z,72.0,Charge 4
2021-06-24T01:29:23Z,73.0,Charge 4
2021-06-24T01:29:33Z,74.0,Charge 4
2021-06-24T01:29:38Z,75.0,Charge 4
2021-06-24T01:29:48Z,76.0,Charge 4
2021-06-24T01:30:03Z,76.0,Charge 4
2021-06-24T01:30:13Z,77.0,Charge 4
2021-06-24T01:30:18Z,76.0,Charge 4
2021-06-24T01:30:23Z,75.0,Charge 4
2021-06-24T01:30:33Z,76.0,Charge 4
2021-06-24T01:30:38Z,74.0,Charge 4
2021-06-24T01:30:43Z,72.0,Charge 4
2021-06-24T01:30:53Z,73.0,Charge 4
2021-06-24T01:30:58Z,74.0,Charge 4
2021-06-24T01:31:03Z,75.0,Charge 4
2021-06-24T01:31:08Z,76.0,Charge 4
2021-06-24T01:31:13Z,77.0,Charge 4
2021-06-24T01:31:18Z,76.0,Charge 4
2021-06-24T01:31:23Z,75.0,Charge 4
2021-06-24T01:31:28Z,74.0,Charge 4
2021-06-24T01:31:33Z,72.0,Charge 4
2021-06-24T01:31:43Z,76.0,Charge 4
2021-06-24T01:31:53Z,75.0,Charge 4
2021-06-24T01:31:58Z,73.0,Charge 4
2021-06-24T01:32:03Z,72.0,Charge 4
2021-06-24T01:32:08Z,71.0,Charge 4
2021-06-24T01:32:13Z,72.0,Charge 4
2021-06-24T01:32:18Z,74.0,Charge 4
2021-06-24T01:32:23Z,75.0,Charge 4
2021-06-24T01:32:28Z,76.0,Charge 4
2021-06-24T01:32:33Z,77.0,Charge 4
2021-06-24T01:32:38Z,78.0,Charge 4
2021-06-24T01:32:43Z,77.0,Charge 4
2021-06-24T01:32:58Z,77.0,Charge 4
2021-06-24T01:33:04Z,78.0,Charge 4
2021-06-24T01:33:09Z,76.0,Charge 4
2021-06-24T01:33:14Z,74.0,Charge 4
2021-06-24T01:33:29Z,75.0,Charge 4
2021-06-24T01:33:39Z,76.0,Charge 4
2021-06-24T01:33:44Z,75.0,Charge 4
2021-06-24T01:33:49Z,76.0,Charge 4
2021-06-24T01:33:59Z,77.0,Charge 4
2021-06-24T01:34:14Z,77.0,Charge 4
2021-06-24T01:34:19Z,78.0,Charge 4
2021-06-24T01:34:24Z,79.0,Charge 4
2021-06-24T01:34:39Z,80.0,Charge 4
2021-06-24T01:34:49Z,79.0,Charge 4
2021-06-24T01:34:54Z,77.0,Charge 4
2021-06-24T01:34:59Z,75.0,Charge 4
2021-06-24T01:35:04Z,73.0,Charge 4
2021-06-24T01:35:09Z,72.0,Charge 4
2021-06-24T01:35:24Z,72.0,Charge 4
2021-06-24T01:35:39Z,73.0,Charge 4
2021-06-24T01:35:44Z,74.0,Charge 4
2021-06-24T01:35:59Z,75.0,Charge 4
2021-06-24T01:36:09Z,77.0,Charge 4
2021-06-24T01:36:24Z,79.0,Charge 4
2021-06-24T01:36:29Z,78.0,Charge 4
2021-06-24T01:36:34Z,77.0,Charge 4
2021-06-24T01:36:49Z,77.0,Charge 4
2021-06-24T01:36:54Z,76.0,Charge 4
2021-06-24T01:37:00Z,76.0,Charge 4
2021-06-24T01:37:10Z,75.0,Charge 4
2021-06-24T01:37:15Z,74.0,Charge 4
2021-06-24T01:37:30Z,74.0,Charge 4
2021-06-24T01:37:35Z,76.0,Charge 4
2021-06-24T01:37:40Z,74.0,Charge 4
2021-06-24T01:37:45Z,72.0,Charge 4
2021-06-24T01:37:55Z,73.0,Charge 4
2021-06-24T01:38:00Z,74.0,Charge 4
2021-06-24T01:38:05Z,75.0,Charge 4
2021-06-24T01:38:10Z,76.0,Charge 4
2021-06-24T01:38:20Z,75.0,Charge 4
2021-06-24T01:38:25Z,74.0,Charge 4
2021-06-24T01:38:35Z,73.0,Charge 4
2021-06-24T01:38:40Z,72.0,Charge 4
2021-06-24T01:38:50Z,74.0,Charge 4
2021-06-24T01:38:55Z,75.0,Charge 4
2021-06-24T01:39:00Z,74.0,Charge 4
2021-06-24T01:39:05Z,73.0,Charge 4
2021-06-24T01:39:10Z,72.0,Charge 4
2021-06-24T01:39:20Z,73.0,Charge 4
2021-06-24T01:39:25Z,76.0,Charge 4
2021-06-24T01:39:30Z,77.0,Charge 4
2021-06-24T01:39:35Z,78.0,Charge 4
2021-06-24T01:39:50Z,78.0,Charge 4
2021-06-24T01:40:05Z,78.0,Charge 4
2021-06-24T01:40:11Z,76.0,Charge 4
2021-06-24T01:40:26Z,77.0,Charge 4
2021-06-24T01:40:36Z,76.0,Charge 4
2021-06-24T01:40:51Z,76.0,Charge 4
2021-06-24T01:40:56Z,75.0,Charge 4
2021-06-24T01:41:11Z,75.0,Charge 4
2021-06-24T01:41:16Z,74.0,Charge 4
2021-06-24T01:41:26Z,77.0,Charge 4
2021-06-24T01:41:31Z,79.0,Charge 4
2021-06-24T01:41:36Z,80.0,Charge 4
2021-06-24T01:41:41Z,79.0,Charge 4
2021-06-24T01:41:46Z,77.0,Charge 4
2021-06-24T01:41:51Z,75.0,Charge 4
2021-06-24T01:41:56Z,74.0,Charge 4
2021-06-24T01:42:06Z,75.0,Charge 4
2021-06-24T01:42:11Z,76.0,Charge 4
2021-06-24T01:42:16Z,77.0,Charge 4
2021-06-24T01:42:21Z,78.0,Charge 4
2021-06-24T01:42:26Z,79.0,Charge 4
2021-06-24T01:42:31Z,78.0,Charge 4
2021-06-24T01:42:46Z,79.0,Charge 4
2021-06-24T01:42:51Z,80.0,Charge 4
2021-06-24T01:42:56Z,79.0,Charge 4
2021-06-24T01:43:06Z,78.0,Charge 4
2021-06-24T01:43:11Z,77.0,Charge 4
2021-06-24T01:43:21Z,78.0,Charge 4
2021-06-24T01:43:36Z,78.0,Charge 4
2021-06-24T01:43:41Z,77.0,Charge 4
2021-06-24T01:43:46Z,75.0,Charge 4
2021-06-24T01:43:56Z,74.0,Charge 4
2021-06-24T01:44:11Z,76.0,Charge 4
2021-06-24T01:44:26Z,76.0,Charge 4
2021-06-24T01:44:31Z,77.0,Charge 4
2021-06-24T01:44:36Z,79.0,Charge 4
2021-06-24T01:44:41Z,79.0,Charge 4
2021-06-24T01:44:51Z,78.0,Charge 4
2021-06-24T01:44:56Z,77.0,Charge 4
2021-06-24T01:45:06Z,76.0,Charge 4
2021-06-24T01:45:21Z,76.0,Charge 4
2021-06-24T01:45:36Z,76.0,Charge 4
2021-06-24T01:45:41Z,78.0,Charge 4
2021-06-24T01:45:56Z,78.0,Charge 4
2021-06-24T01:46:01Z,76.0,Charge 4
2021-06-24T01:46:06Z,75.0,Charge 4
2021-06-24T01:46:11Z,76.0,Charge 4
2021-06-24T01:46:16Z,77.0,Charge 4
2021-06-24T01:46:31Z,77.0,Charge 4
2021-06-24T01:46:36Z,78.0,Charge 4
2021-06-24T01:46:46Z,79.0,Charge 4
2021-06-24T01:46:56Z,78.0,Charge 4
2021-06-24T01:47:11Z,78.0,Charge 4
2021-06-24T01:47:17Z,76.0,Charge 4
2021-06-24T01:47:22Z,75.0,Charge 4
2021-06-24T01:47:27Z,74.0,Charge 4
2021-06-24T01:47:42Z,75.0,Charge 4
2021-06-24T01:47:47Z,76.0,Charge 4
2021-06-24T01:48:02Z,78.0,Charge 4
2021-06-24T01:48:12Z,78.0,Charge 4
2021-06-24T01:48:17Z,78.0,Charge 4
2021-06-24T01:48:22Z,79.0,Charge 4
2021-06-24T01:48:37Z,79.0,Charge 4
2021-06-24T01:48:42Z,78.0,Charge 4
2021-06-24T01:48:52Z,77.0,Charge 4
2021-06-24T01:48:57Z,76.0,Charge 4
2021-06-24T01:49:02Z,75.0,Charge 4
2021-06-24T01:49:12Z,74.0,Charge 4
2021-06-24T01:49:17Z,73.0,Charge 4
2021-06-24T01:49:22Z,74.0,Charge 4
2021-06-24T01:49:27Z,75.0,Charge 4
2021-06-24T01:49:32Z,76.0,Charge 4
2021-06-24T01:49:37Z,77.0,Charge 4
2021-06-24T01:49:42Z,78.0,Charge 4
2021-06-24T01:49:52Z,77.0,Charge 4
2021-06-24T01:50:07Z,77.0,Charge 4
2021-06-24T01:50:22Z,77.0,Charge 4
2021-06-24T01:50:27Z,78.0,Charge 4
2021-06-24T01:50:32Z,79.0,Charge 4
2021-06-24T01:50:47Z,79.0,Charge 4
2021-06-24T01:50:52Z,78.0,Charge 4
2021-06-24T01:50:57Z,77.0,Charge 4
2021-06-24T01:51:12Z,76.0,Charge 4
2021-06-24T01:51:22Z,75.0,Charge 4
2021-06-24T01:51:32Z,76.0,Charge 4
2021-06-24T01:51:47Z,76.0,Charge 4
2021-06-24T01:51:57Z,78.0,Charge 4
2021-06-24T01:52:12Z,78.0,Charge 4
2021-06-24T01:52:27Z,78.0,Charge 4
2021-06-24T01:52:37Z,77.0,Charge 4
2021-06-24T01:52:52Z,77.0,Charge 4
2021-06-24T01:52:57Z,76.0,Charge 4
2021-06-24T01:53:02Z,75.0,Charge 4
2021-06-24T01:53:12Z,76.0,Charge 4
2021-06-24T01:53:17Z,77.0,Charge 4
2021-06-24T01:53:27Z,78.0,Charge 4
2021-06-24T01:53:32Z,79.0,Charge 4
2021-06-24T01:53:47Z,79.0,Charge 4
2021-06-24T01:53:52Z,78.0,Charge 4
2021-06-24T01:53:57Z,77.0,Charge 4
2021-06-24T01:54:12Z,76.0,Charge 4
2021-06-24T01:54:27Z,76.0,Charge 4
2021-06-24T01:54:32Z,77.0,Charge 4
2021-06-24T01:54:37Z,78.0,Charge 4
2021-06-24T01:54:42Z,76.0,Charge 4
2021-06-24T01:54:57Z,76.0,Charge 4
2021-06-24T01:55:12Z,76.0,Charge 4
2021-06-24T01:55:13Z,77.0,Charge 4
2021-06-24T01:55:18Z,76.0,Charge 4
2021-06-24T01:55:28Z,75.0,Charge 4
2021-06-24T01:55:38Z,77.0,Charge 4
2021-06-24T01:55:43Z,78.0,Charge 4
2021-06-24T01:55:58Z,77.0,Charge 4
2021-06-24T01:56:03Z,76.0,Charge 4
2021-06-24T01:56:18Z,77.0,Charge 4
2021-06-24T01:56:33Z,77.0,Charge 4
2021-06-24T01:56:38Z,78.0,Charge 4
2021-06-24T01:56:53Z,78.0,Charge 4
2021-06-24T01:57:03Z,79.0,Charge 4
2021-06-24T01:57:13Z,78.0,Charge 4
2021-06-24T01:57:28Z,75.0,Charge 4
2021-06-24T01:57:33Z,74.0,Charge 4
2021-06-24T01:57:48Z,75.0,Charge 4
2021-06-24T01:57:58Z,76.0,Charge 4
2021-06-24T01:58:03Z,77.0,Charge 4
2021-06-24T01:58:13Z,78.0,Charge 4
2021-06-24T01:58:28Z,76.0,Charge 4
2021-06-24T01:58:43Z,76.0,Charge 4
2021-06-24T01:58:48Z,77.0,Charge 4
2021-06-24T01:58:53Z,76.0,Charge 4
2021-06-24T01:59:08Z,77.0,Charge 4
2021-06-24T01:59:13Z,78.0,Charge 4
2021-06-24T01:59:18Z,77.0,Charge 4
2021-06-24T01:59:33Z,77.0,Charge 4
2021-06-24T01:59:38Z,76.0,Charge 4
2021-06-24T01:59:48Z,75.0,Charge 4
2021-06-24T02:00:03Z,76.0,Charge 4
2021-06-24T02:00:08Z,75.0,Charge 4
2021-06-24T02:00:13Z,76.0,Charge 4
2021-06-24T02:00:18Z,75.0,Charge 4
2021-06-24T02:00:28Z,76.0,Charge 4
2021-06-24T02:00:33Z,77.0,Charge 4
2021-06-24T02:00:38Z,78.0,Charge 4
2021-06-24T02:00:43Z,77.0,Charge 4
2021-06-24T02:00:53Z,78.0,Charge 4
2021-06-24T02:01:03Z,77.0,Charge 4
2021-06-24T02:01:08Z,78.0,Charge 4
2021-06-24T02:01:13Z,77.0,Charge 4
2021-06-24T02:01:18Z,78.0,Charge 4
2021-06-24T02:01:28Z,77.0,Charge 4
2021-06-24T02:01:33Z,76.0,Charge 4
2021-06-24T02:01:43Z,77.0,Charge 4
2021-06-24T02:01:53Z,76.0,Charge 4
2021-06-24T02:02:03Z,75.0,Charge 4
2021-06-24T02:02:13Z,76.0,Charge 4
2021-06-24T02:02:18Z,78.0,Charge 4
2021-06-24T02:02:23Z,79.0,Charge 4
2021-06-24T02:02:28Z,78.0,Charge 4
2021-06-24T02:02:33Z,77.0,Charge 4
2021-06-24T02:02:38Z,76.0,Charge 4
2021-06-24T02:02:43Z,77.0,Charge 4
2021-06-24T02:02:49Z,76.0,Charge 4
2021-06-24T02:02:54Z,75.0,Charge 4
2021-06-24T02:02:59Z,76.0,Charge 4
2021-06-24T02:03:04Z,77.0,Charge 4
2021-06-24T02:03:09Z,78.0,Charge 4
2021-06-24T02:03:14Z,77.0,Charge 4
2021-06-24T02:03:19Z,76.0,Charge 4
2021-06-24T02:03:24Z,75.0,Charge 4
2021-06-24T02:03:39Z,76.0,Charge 4
2021-06-24T02:03:49Z,77.0,Charge 4
2021-06-24T02:03:59Z,78.0,Charge 4
2021-06-24T02:04:14Z,78.0,Charge 4
2021-06-24T02:04:19Z,77.0,Charge 4
2021-06-24T02:04:24Z,78.0,Charge 4
2021-06-24T02:04:29Z,77.0,Charge 4
2021-06-24T02:04:34Z,77.0,Charge 4
2021-06-24T02:04:39Z,77.0,Charge 4
2021-06-24T02:04:44Z,76.0,Charge 4
2021-06-24T02:04:49Z,77.0,Charge 4
2021-06-24T02:05:04Z,76.0,Charge 4
2021-06-24T02:05:19Z,76.0,Charge 4
2021-06-24T02:05:24Z,77.0,Charge 4
2021-06-24T02:05:29Z,78.0,Charge 4
2021-06-24T02:05:34Z,77.0,Charge 4
2021-06-24T02:05:39Z,76.0,Charge 4
2021-06-24T02:05:49Z,77.0,Charge 4
2021-06-24T02:06:04Z,78.0,Charge 4
2021-06-24T02:06:09Z,79.0,Charge 4
2021-06-24T02:06:14Z,78.0,Charge 4
2021-06-24T02:06:19Z,76.0,Charge 4
2021-06-24T02:06:29Z,77.0,Charge 4
2021-06-24T02:06:34Z,78.0,Charge 4
2021-06-24T02:06:39Z,77.0,Charge 4
2021-06-24T02:06:49Z,78.0,Charge 4
2021-06-24T02:06:54Z,77.0,Charge 4
2021-06-24T02:07:09Z,77.0,Charge 4
2021-06-24T02:07:19Z,77.0,Charge 4
2021-06-24T02:07:29Z,76.0,Charge 4
2021-06-24T02:07:39Z,77.0,Charge 4
2021-06-24T02:07:44Z,78.0,Charge 4
2021-06-24T02:07:59Z,78.0,Charge 4
2021-06-24T02:08:04Z,78.0,Charge 4
2021-06-24T02:08:14Z,77.0,Charge 4
2021-06-24T02:08:19Z,76.0,Charge 4
2021-06-24T02:08:24Z,77.0,Charge 4
2021-06-24T02:08:29Z,78.0,Charge 4
2021-06-24T02:08:34Z,77.0,Charge 4
2021-06-24T02:08:39Z,76.0,Charge 4
2021-06-24T02:08:54Z,76.0,Charge 4
2021-06-24T02:09:09Z,76.0,Charge 4
2021-06-24T02:09:14Z,76.0,Charge 4
2021-06-24T02:09:19Z,75.0,Charge 4
2021-06-24T02:09:27Z,75.0,Charge 4
2021-06-24T02:09:32Z,76.0,Charge 4
2021-06-24T02:09:37Z,77.0,Charge 4
2021-06-24T02:09:42Z,76.0,Charge 4
2021-06-24T02:09:47Z,77.0,Charge 4
2021-06-24T02:09:52Z,76.0,Charge 4
2021-06-24T02:10:07Z,76.0,Charge 4
2021-06-24T02:10:22Z,77.0,Charge 4
2021-06-24T02:10:27Z,76.0,Charge 4
2021-06-24T02:10:37Z,77.0,Charge 4
2021-06-24T02:10:47Z,76.0,Charge 4
2021-06-24T02:10:52Z,75.0,Charge 4
2021-06-24T02:11:02Z,76.0,Charge 4
2021-06-24T02:11:07Z,77.0,Charge 4
2021-06-24T02:11:22Z,76.0,Charge 4
2021-06-24T02:11:37Z,76.0,Charge 4
2021-06-24T02:11:42Z,77.0,Charge 4
2021-06-24T02:11:47Z,78.0,Charge 4
2021-06-24T02:11:52Z,77.0,Charge 4
2021-06-24T02:12:07Z,76.0,Charge 4
2021-06-24T02:12:17Z,75.0,Charge 4
2021-06-24T02:12:27Z,76.0,Charge 4
2021-06-24T02:12:37Z,77.0,Charge 4
2021-06-24T02:12:47Z,76.0,Charge 4
2021-06-24T02:12:57Z,78.0,Charge 4
2021-06-24T02:13:02Z,77.0,Charge 4
2021-06-24T02:13:07Z,75.0,Charge 4
2021-06-24T02:13:12Z,75.0,Charge 4
2021-06-24T02:13:17Z,76.0,Charge 4
2021-06-24T02:13:22Z,77.0,Charge 4
2021-06-24T02:13:27Z,78.0,Charge 4
2021-06-24T02:13:37Z,77.0,Charge 4
2021-06-24T02:13:42Z,76.0,Charge 4
2021-06-24T02:13:47Z,75.0,Charge 4
2021-06-24T02:14:02Z,76.0,Charge 4
2021-06-24T02:14:07Z,77.0,Charge 4
2021-06-24T02:14:12Z,78.0,Charge 4
2021-06-24T02:14:27Z,77.0,Charge 4
2021-06-24T02:14:32Z,76.0,Charge 4
2021-06-24T02:14:47Z,76.0,Charge 4
2021-06-24T02:14:52Z,77.0,Charge 4
2021-06-24T02:15:02Z,78.0,Charge 4
2021-06-24T02:15:17Z,78.0,Charge 4
2021-06-24T02:15:22Z,76.0,Charge 4
2021-06-24T02:15:37Z,76.0,Charge 4
2021-06-24T02:15:42Z,77.0,Charge 4
2021-06-24T02:15:57Z,77.0,Charge 4
2021-06-24T02:16:02Z,77.0,Charge 4
2021-06-24T02:16:17Z,77.0,Charge 4
2021-06-24T02:16:32Z,77.0,Charge 4
2021-06-24T02:16:47Z,76.0,Charge 4
2021-06-24T02:16:52Z,77.0,Charge 4
2021-06-24T02:16:58Z,77.0,Charge 4
2021-06-24T02:17:08Z,78.0,Charge 4
2021-06-24T02:17:13Z,76.0,Charge 4
2021-06-24T02:17:18Z,74.0,Charge 4
2021-06-24T02:17:23Z,75.0,Charge 4
2021-06-24T02:17:28Z,76.0,Charge 4
2021-06-24T02:17:38Z,77.0,Charge 4
2021-06-24T02:17:43Z,76.0,Charge 4
2021-06-24T02:17:58Z,76.0,Charge 4
2021-06-24T02:18:03Z,74.0,Charge 4
2021-06-24T02:18:13Z,75.0,Charge 4
2021-06-24T02:18:18Z,76.0,Charge 4
2021-06-24T02:18:33Z,77.0,Charge 4
2021-06-24T02:18:43Z,79.0,Charge 4
2021-06-24T02:18:48Z,80.0,Charge 4
2021-06-24T02:18:53Z,78.0,Charge 4
2021-06-24T02:18:58Z,76.0,Charge 4
2021-06-24T02:19:03Z,72.0,Charge 4
2021-06-24T02:19:08Z,71.0,Charge 4
2021-06-24T02:19:13Z,73.0,Charge 4
2021-06-24T02:19:18Z,71.0,Charge 4
2021-06-24T02:19:23Z,70.0,Charge 4
2021-06-24T02:19:28Z,72.0,Charge 4
2021-06-24T02:19:33Z,74.0,Charge 4
2021-06-24T02:19:43Z,76.0,Charge 4
2021-06-24T02:19:48Z,75.0,Charge 4
2021-06-24T02:19:53Z,73.0,Charge 4
2021-06-24T02:19:58Z,73.0,Charge 4
2021-06-24T02:20:03Z,72.0,Charge 4
2021-06-24T02:20:08Z,74.0,Charge 4
2021-06-24T02:20:13Z,75.0,Charge 4
2021-06-24T02:20:28Z,76.0,Charge 4
2021-06-24T02:20:33Z,77.0,Charge 4
2021-06-24T02:20:43Z,76.0,Charge 4
2021-06-24T02:20:48Z,75.0,Charge 4
2021-06-24T02:21:03Z,75.0,Charge 4
2021-06-24T02:21:08Z,73.0,Charge 4
2021-06-24T02:21:13Z,74.0,Charge 4
2021-06-24T02:21:23Z,75.0,Charge 4
2021-06-24T02:21:28Z,76.0,Charge 4
2021-06-24T02:21:33Z,75.0,Charge 4
2021-06-24T02:21:38Z,74.0,Charge 4
2021-06-24T02:21:53Z,74.0,Charge 4
2021-06-24T02:22:08Z,74.0,Charge 4
2021-06-24T02:22:23Z,74.0,Charge 4
2021-06-24T02:22:38Z,75.0,Charge 4
2021-06-24T02:22:53Z,75.0,Charge 4
2021-06-24T02:22:58Z,76.0,Charge 4
2021-06-24T02:23:03Z,77.0,Charge 4
2021-06-24T02:23:13Z,76.0,Charge 4
2021-06-24T02:23:18Z,77.0,Charge 4
2021-06-24T02:23:28Z,85.0,Charge 4
2021-06-24T02:23:35Z,88.0,Charge 4
2021-06-24T02:23:40Z,82.0,Charge 4
2021-06-24T02:23:45Z,80.0,Charge 4
2021-06-24T02:23:50Z,77.0,Charge 4
2021-06-24T02:23:55Z,75.0,Charge 4
2021-06-24T02:24:05Z,74.0,Charge 4
2021-06-24T02:24:20Z,72.0,Charge 4
2021-06-24T02:24:35Z,73.0,Charge 4
2021-06-24T02:24:40Z,72.0,Charge 4
2021-06-24T02:24:45Z,71.0,Charge 4
2021-06-24T02:25:00Z,72.0,Charge 4
2021-06-24T02:25:10Z,73.0,Charge 4
2021-06-24T02:25:15Z,74.0,Charge 4
2021-06-24T02:25:20Z,75.0,Charge 4
2021-06-24T02:25:25Z,75.0,Charge 4
2021-06-24T02:25:30Z,74.0,Charge 4
2021-06-24T02:25:35Z,73.0,Charge 4
2021-06-24T02:25:40Z,74.0,Charge 4
2021-06-24T02:25:45Z,75.0,Charge 4
2021-06-24T02:25:50Z,76.0,Charge 4
2021-06-24T02:25:55Z,75.0,Charge 4
2021-06-24T02:26:00Z,74.0,Charge 4
2021-06-24T02:26:15Z,75.0,Charge 4
2021-06-24T02:26:25Z,73.0,Charge 4
2021-06-24T02:26:30Z,72.0,Charge 4
2021-06-24T02:26:45Z,72.0,Charge 4
2021-06-24T02:26:50Z,73.0,Charge 4
2021-06-24T02:26:55Z,74.0,Charge 4
2021-06-24T02:27:00Z,73.0,Charge 4
2021-06-24T02:27:15Z,72.0,Charge 4
2021-06-24T02:27:20Z,73.0,Charge 4
2021-06-24T02:27:30Z,74.0,Charge 4
2021-06-24T02:27:35Z,75.0,Charge 4
2021-06-24T02:27:50Z,74.0,Charge 4
2021-06-24T02:28:00Z,75.0,Charge 4
2021-06-24T02:28:05Z,76.0,Charge 4
2021-06-24T02:28:15Z,77.0,Charge 4
2021-06-24T02:28:20Z,76.0,Charge 4
2021-06-24T02:28:30Z,75.0,Charge 4
2021-06-24T02:28:40Z,74.0,Charge 4
2021-06-24T02:28:45Z,73.0,Charge 4
2021-06-24T02:28:50Z,72.0,Charge 4
2021-06-24T02:29:00Z,73.0,Charge 4
2021-06-24T02:29:05Z,74.0,Charge 4
2021-06-24T02:29:10Z,75.0,Charge 4
2021-06-24T02:29:15Z,74.0,Charge 4
2021-06-24T02:29:25Z,76.0,Charge 4
2021-06-24T02:29:30Z,75.0,Charge 4
2021-06-24T02:29:35Z,74.0,Charge 4
2021-06-24T02:29:45Z,75.0,Charge 4
2021-06-24T02:29:50Z,74.0,Charge 4
2021-06-24T02:30:05Z,74.0,Charge 4
2021-06-24T02:30:10Z,75.0,Charge 4
2021-06-24T02:30:15Z,74.0,Charge 4
2021-06-24T02:30:21Z,74.0,Charge 4
2021-06-24T02:30:36Z,74.0,Charge 4
2021-06-24T02:30:41Z,75.0,Charge 4
2021-06-24T02:30:56Z,75.0,Charge 4
2021-06-24T02:31:11Z,75.0,Charge 4
2021-06-24T02:31:21Z,74.0,Charge 4
2021-06-24T02:31:31Z,76.0,Charge 4
2021-06-24T02:31:36Z,77.0,Charge 4
2021-06-24T02:31:41Z,78.0,Charge 4
2021-06-24T02:31:46Z,77.0,Charge 4
2021-06-24T02:31:51Z,76.0,Charge 4
2021-06-24T02:31:56Z,75.0,Charge 4
2021-06-24T02:32:01Z,74.0,Charge 4
2021-06-24T02:32:11Z,75.0,Charge 4
2021-06-24T02:32:16Z,73.0,Charge 4
2021-06-24T02:32:31Z,74.0,Charge 4
2021-06-24T02:32:36Z,75.0,Charge 4
2021-06-24T02:32:51Z,76.0,Charge 4
2021-06-24T02:32:56Z,77.0,Charge 4
2021-06-24T02:33:06Z,76.0,Charge 4
2021-06-24T02:33:11Z,75.0,Charge 4
2021-06-24T02:33:21Z,74.0,Charge 4
2021-06-24T02:33:26Z,75.0,Charge 4
2021-06-24T02:33:36Z,76.0,Charge 4
2021-06-24T02:33:41Z,77.0,Charge 4
2021-06-24T02:33:46Z,76.0,Charge 4
2021-06-24T02:34:01Z,76.0,Charge 4
2021-06-24T02:34:06Z,76.0,Charge 4
2021-06-24T02:34:11Z,75.0,Charge 4
2021-06-24T02:34:16Z,76.0,Charge 4
2021-06-24T02:34:26Z,75.0,Charge 4
2021-06-24T02:34:31Z,73.0,Charge 4
2021-06-24T02:34:41Z,74.0,Charge 4
2021-06-24T02:34:56Z,74.0,Charge 4
2021-06-24T02:35:01Z,75.0,Charge 4
2021-06-24T02:35:11Z,76.0,Charge 4
2021-06-24T02:35:21Z,75.0,Charge 4
2021-06-24T02:35:31Z,76.0,Charge 4
2021-06-24T02:35:36Z,77.0,Charge 4
2021-06-24T02:35:46Z,78.0,Charge 4
2021-06-24T02:35:56Z,77.0,Charge 4
2021-06-24T02:36:06Z,76.0,Charge 4
2021-06-24T02:36:11Z,74.0,Charge 4
2021-06-24T02:36:16Z,73.0,Charge 4
2021-06-24T02:36:21Z,74.0,Charge 4
2021-06-24T02:36:26Z,75.0,Charge 4
2021-06-24T02:36:36Z,74.0,Charge 4
2021-06-24T02:36:46Z,75.0,Charge 4
2021-06-24T02:36:51Z,75.0,Charge 4
2021-06-24T02:37:01Z,76.0,Charge 4
2021-06-24T02:37:06Z,79.0,Charge 4
2021-06-24T02:37:11Z,81.0,Charge 4
2021-06-24T02:37:16Z,86.0,Charge 4
2021-06-24T02:37:21Z,85.0,Charge 4
2021-06-24T02:37:27Z,83.0,Charge 4
2021-06-24T02:37:32Z,80.0,Charge 4
2021-06-24T02:37:37Z,75.0,Charge 4
2021-06-24T02:37:42Z,73.0,Charge 4
2021-06-24T02:37:47Z,72.0,Charge 4
2021-06-24T02:37:52Z,71.0,Charge 4
2021-06-24T02:38:02Z,73.0,Charge 4
2021-06-24T02:38:17Z,73.0,Charge 4
2021-06-24T02:38:32Z,72.0,Charge 4
2021-06-24T02:38:37Z,74.0,Charge 4
2021-06-24T02:38:47Z,73.0,Charge 4
2021-06-24T02:38:57Z,74.0,Charge 4
2021-06-24T02:39:02Z,73.0,Charge 4
2021-06-24T02:39:12Z,74.0,Charge 4
2021-06-24T02:39:17Z,73.0,Charge 4
2021-06-24T02:39:22Z,72.0,Charge 4
2021-06-24T02:39:37Z,72.0,Charge 4
2021-06-24T02:39:52Z,72.0,Charge 4
2021-06-24T02:39:57Z,74.0,Charge 4
2021-06-24T02:40:07Z,75.0,Charge 4
2021-06-24T02:40:12Z,76.0,Charge 4
2021-06-24T02:40:17Z,75.0,Charge 4
2021-06-24T02:40:32Z,75.0,Charge 4
2021-06-24T02:40:39Z,81.0,Charge 4
2021-06-24T02:40:44Z,86.0,Charge 4
2021-06-24T02:40:54Z,81.0,Charge 4
2021-06-24T02:40:59Z,77.0,Charge 4
2021-06-24T02:41:04Z,74.0,Charge 4
2021-06-24T02:41:09Z,70.0,Charge 4
2021-06-24T02:41:14Z,69.0,Charge 4
2021-06-24T02:41:24Z,71.0,Charge 4
2021-06-24T02:41:29Z,74.0,Charge 4
2021-06-24T02:41:34Z,75.0,Charge 4
2021-06-24T02:41:39Z,76.0,Charge 4
2021-06-24T02:41:49Z,77.0,Charge 4
2021-06-24T02:41:54Z,78.0,Charge 4
2021-06-24T02:42:04Z,76.0,Charge 4
2021-06-24T02:42:09Z,75.0,Charge 4
2021-06-24T02:42:14Z,74.0,Charge 4
2021-06-24T02:42:24Z,72.0,Charge 4
2021-06-24T02:42:29Z,71.0,Charge 4
2021-06-24T02:42:39Z,72.0,Charge 4
2021-06-24T02:42:49Z,73.0,Charge 4
2021-06-24T02:42:59Z,74.0,Charge 4
2021-06-24T02:43:04Z,75.0,Charge 4
2021-06-24T02:43:09Z,74.0,Charge 4
2021-06-24T02:43:14Z,72.0,Charge 4
2021-06-24T02:43:29Z,72.0,Charge 4
2021-06-24T02:43:34Z,73.0,Charge 4
2021-06-24T02:43:49Z,74.0,Charge 4
2021-06-24T02:43:54Z,75.0,Charge 4
2021-06-24T02:43:59Z,76.0,Charge 4
2021-06-24T02:44:09Z,78.0,Charge 4
2021-06-24T02:44:14Z,77.0,Charge 4
2021-06-24T02:44:29Z,76.0,Charge 4
2021-06-24T02:44:34Z,73.0,Charge 4
2021-06-24T02:44:44Z,74.0,Charge 4
2021-06-24T02:44:49Z,73.0,Charge 4
2021-06-24T02:44:59Z,74.0,Charge 4
2021-06-24T02:45:04Z,73.0,Charge 4
2021-06-24T02:45:09Z,72.0,Charge 4
2021-06-24T02:45:19Z,73.0,Charge 4
2021-06-24T02:45:24Z,72.0,Charge 4
2021-06-24T02:45:34Z,73.0,Charge 4
2021-06-24T02:45:39Z,74.0,Charge 4
2021-06-24T02:45:44Z,75.0,Charge 4
2021-06-24T02:45:49Z,74.0,Charge 4
2021-06-24T02:46:04Z,75.0,Charge 4
2021-06-24T02:46:09Z,76.0,Charge 4
2021-06-24T02:46:14Z,77.0,Charge 4
2021-06-24T02:46:19Z,76.0,Charge 4
2021-06-24T02:46:24Z,74.0,Charge 4
2021-06-24T02:46:29Z,72.0,Charge 4
2021-06-24T02:46:39Z,73.0,Charge 4
2021-06-24T02:46:44Z,75.0,Charge 4
2021-06-24T02:46:49Z,76.0,Charge 4
2021-06-24T02:46:59Z,74.0,Charge 4
2021-06-24T02:47:05Z,74.0,Charge 4
2021-06-24T02:47:20Z,74.0,Charge 4
2021-06-24T02:47:30Z,75.0,Charge 4
2021-06-24T02:47:35Z,76.0,Charge 4
2021-06-24T02:47:40Z,77.0,Charge 4
2021-06-24T02:47:50Z,78.0,Charge 4
2021-06-24T02:47:55Z,86.0,Charge 4
2021-06-24T02:48:00Z,87.0,Charge 4
2021-06-24T02:48:05Z,82.0,Charge 4
2021-06-24T02:48:10Z,77.0,Charge 4
2021-06-24T02:48:15Z,76.0,Charge 4
2021-06-24T02:48:30Z,76.0,Charge 4
2021-06-24T02:48:35Z,74.0,Charge 4
2021-06-24T02:48:40Z,73.0,Charge 4
2021-06-24T02:48:50Z,74.0,Charge 4
2021-06-24T02:48:55Z,75.0,Charge 4
2021-06-24T02:49:00Z,76.0,Charge 4
2021-06-24T02:49:15Z,76.0,Charge 4
2021-06-24T02:49:30Z,76.0,Charge 4
2021-06-24T02:49:40Z,75.0,Charge 4
2021-06-24T02:49:55Z,76.0,Charge 4
2021-06-24T02:50:00Z,77.0,Charge 4
2021-06-24T02:50:05Z,78.0,Charge 4
2021-06-24T02:50:15Z,77.0,Charge 4
2021-06-24T02:50:20Z,75.0,Charge 4
2021-06-24T02:50:25Z,73.0,Charge 4
2021-06-24T02:50:30Z,72.0,Charge 4
2021-06-24T02:50:40Z,71.0,Charge 4
2021-06-24T02:50:55Z,71.0,Charge 4
2021-06-24T02:51:00Z,70.0,Charge 4
2021-06-24T02:51:05Z,71.0,Charge 4
2021-06-24T02:51:15Z,72.0,Charge 4
2021-06-24T02:51:20Z,73.0,Charge 4
2021-06-24T02:51:25Z,74.0,Charge 4
2021-06-24T02:51:30Z,73.0,Charge 4
2021-06-24T02:51:35Z,72.0,Charge 4
2021-06-24T02:51:50Z,72.0,Charge 4
2021-06-24T02:52:00Z,74.0,Charge 4
2021-06-24T02:52:05Z,74.0,Charge 4
2021-06-24T02:52:10Z,72.0,Charge 4
2021-06-24T02:52:15Z,73.0,Charge 4
2021-06-24T02:52:20Z,74.0,Charge 4
2021-06-24T02:52:30Z,73.0,Charge 4
2021-06-24T02:52:45Z,72.0,Charge 4
2021-06-24T02:53:00Z,73.0,Charge 4
2021-06-24T02:53:15Z,73.0,Charge 4
2021-06-24T02:53:20Z,74.0,Charge 4
2021-06-24T02:53:25Z,76.0,Charge 4
2021-06-24T02:53:30Z,74.0,Charge 4
2021-06-24T02:53:40Z,75.0,Charge 4
2021-06-24T02:53:45Z,74.0,Charge 4
2021-06-24T02:53:55Z,75.0,Charge 4
2021-06-24T02:54:00Z,76.0,Charge 4
2021-06-24T02:54:08Z,75.0,Charge 4
2021-06-24T02:54:13Z,74.0,Charge 4
2021-06-24T02:54:23Z,73.0,Charge 4
2021-06-24T02:54:28Z,72.0,Charge 4
2021-06-24T02:54:43Z,72.0,Charge 4
2021-06-24T02:54:58Z,72.0,Charge 4
2021-06-24T02:55:03Z,73.0,Charge 4
2021-06-24T02:55:13Z,74.0,Charge 4
2021-06-24T02:55:23Z,75.0,Charge 4
2021-06-24T02:55:28Z,77.0,Charge 4
2021-06-24T02:55:33Z,76.0,Charge 4
2021-06-24T02:55:48Z,75.0,Charge 4
2021-06-24T02:55:53Z,74.0,Charge 4
2021-06-24T02:55:58Z,73.0,Charge 4
2021-06-24T02:56:08Z,75.0,Charge 4
2021-06-24T02:56:13Z,76.0,Charge 4
2021-06-24T02:56:18Z,74.0,Charge 4
2021-06-24T02:56:23Z,71.0,Charge 4
2021-06-24T02:56:28Z,69.0,Charge 4
2021-06-24T02:56:43Z,69.0,Charge 4
2021-06-24T02:56:53Z,70.0,Charge 4
2021-06-24T02:57:03Z,71.0,Charge 4
2021-06-24T02:57:08Z,72.0,Charge 4
2021-06-24T02:57:18Z,75.0,Charge 4
2021-06-24T02:57:23Z,75.0,Charge 4
2021-06-24T02:57:28Z,74.0,Charge 4
2021-06-24T02:57:43Z,74.0,Charge 4
2021-06-24T02:57:48Z,73.0,Charge 4
2021-06-24T02:58:03Z,73.0,Charge 4
2021-06-24T02:58:08Z,74.0,Charge 4
2021-06-24T02:58:13Z,75.0,Charge 4
2021-06-24T02:58:18Z,73.0,Charge 4
2021-06-24T02:58:33Z,73.0,Charge 4
2021-06-24T02:58:38Z,76.0,Charge 4
2021-06-24T02:58:43Z,75.0,Charge 4
2021-06-24T02:58:48Z,74.0,Charge 4
2021-06-24T02:58:53Z,73.0,Charge 4
2021-06-24T02:58:58Z,71.0,Charge 4
2021-06-24T02:59:08Z,70.0,Charge 4
2021-06-24T02:59:23Z,70.0,Charge 4
2021-06-24T02:59:33Z,71.0,Charge 4
2021-06-24T02:59:48Z,71.0,Charge 4
2021-06-24T02:59:53Z,70.0,Charge 4
2021-06-24T03:00:08Z,70.0,Charge 4
2021-06-24T03:00:13Z,72.0,Charge 4
2021-06-24T03:00:18Z,73.0,Charge 4
2021-06-24T03:00:23Z,74.0,Charge 4
2021-06-24T03:00:28Z,75.0,Charge 4
2021-06-24T03:00:33Z,74.0,Charge 4
2021-06-24T03:00:43Z,75.0,Charge 4
2021-06-24T03:00:48Z,76.0,Charge 4
2021-06-24T03:00:53Z,77.0,Charge 4
2021-06-24T03:00:58Z,78.0,Charge 4
2021-06-24T03:01:04Z,79.0,Charge 4
2021-06-24T03:01:09Z,78.0,Charge 4
2021-06-24T03:01:19Z,77.0,Charge 4
2021-06-24T03:01:24Z,75.0,Charge 4
2021-06-24T03:01:29Z,73.0,Charge 4
2021-06-24T03:01:34Z,72.0,Charge 4
2021-06-24T03:01:49Z,72.0,Charge 4
2021-06-24T03:02:04Z,73.0,Charge 4
2021-06-24T03:02:09Z,73.0,Charge 4
2021-06-24T03:02:24Z,69.0,Charge 4
2021-06-24T03:02:29Z,68.0,Charge 4
2021-06-24T03:02:39Z,69.0,Charge 4
2021-06-24T03:02:54Z,70.0,Charge 4
2021-06-24T03:03:09Z,70.0,Charge 4
2021-06-24T03:03:24Z,71.0,Charge 4
2021-06-24T03:03:34Z,72.0,Charge 4
2021-06-24T03:03:49Z,72.0,Charge 4
2021-06-24T03:03:54Z,73.0,Charge 4
2021-06-24T03:03:59Z,74.0,Charge 4
2021-06-24T03:04:04Z,75.0,Charge 4
2021-06-24T03:04:19Z,74.0,Charge 4
2021-06-24T03:04:24Z,73.0,Charge 4
2021-06-24T03:04:29Z,72.0,Charge 4
2021-06-24T03:04:44Z,72.0,Charge 4
2021-06-24T03:04:49Z,69.0,Charge 4
2021-06-24T03:04:54Z,68.0,Charge 4
2021-06-24T03:05:04Z,69.0,Charge 4
2021-06-24T03:05:10Z,70.0,Charge 4
2021-06-24T03:05:15Z,72.0,Charge 4
2021-06-24T03:05:25Z,71.0,Charge 4
2021-06-24T03:05:30Z,70.0,Charge 4
2021-06-24T03:05:35Z,71.0,Charge 4
2021-06-24T03:05:45Z,72.0,Charge 4
2021-06-24T03:06:00Z,72.0,Charge 4
2021-06-24T03:06:15Z,71.0,Charge 4
2021-06-24T03:06:20Z,72.0,Charge 4
2021-06-24T03:06:35Z,73.0,Charge 4
2021-06-24T03:06:40Z,74.0,Charge 4
2021-06-24T03:06:55Z,73.0,Charge 4
2021-06-24T03:07:00Z,72.0,Charge 4
2021-06-24T03:07:15Z,71.0,Charge 4
2021-06-24T03:07:20Z,70.0,Charge 4
2021-06-24T03:07:25Z,69.0,Charge 4
2021-06-24T03:07:35Z,71.0,Charge 4
2021-06-24T03:07:40Z,70.0,Charge 4
2021-06-24T03:07:45Z,67.0,Charge 4
2021-06-24T03:08:00Z,69.0,Charge 4
2021-06-24T03:08:05Z,70.0,Charge 4
2021-06-24T03:08:10Z,71.0,Charge 4
2021-06-24T03:08:15Z,72.0,Charge 4
2021-06-24T03:08:25Z,71.0,Charge 4
2021-06-24T03:08:40Z,71.0,Charge 4
2021-06-24T03:08:45Z,70.0,Charge 4
2021-06-24T03:09:00Z,70.0,Charge 4
2021-06-24T03:09:05Z,70.0,Charge 4
2021-06-24T03:09:20Z,69.0,Charge 4
2021-06-24T03:09:35Z,69.0,Charge 4
2021-06-24T03:09:40Z,70.0,Charge 4
2021-06-24T03:09:45Z,72.0,Charge 4
2021-06-24T03:09:55Z,73.0,Charge 4
2021-06-24T03:10:05Z,72.0,Charge 4
2021-06-24T03:10:10Z,73.0,Charge 4
2021-06-24T03:10:20Z,74.0,Charge 4
2021-06-24T03:10:30Z,72.0,Charge 4
2021-06-24T03:10:35Z,70.0,Charge 4
2021-06-24T03:10:40Z,68.0,Charge 4
2021-06-24T03:10:55Z,68.0,Charge 4
2021-06-24T03:11:10Z,69.0,Charge 4
2021-06-24T03:11:15Z,68.0,Charge 4
2021-06-24T03:11:25Z,69.0,Charge 4
2021-06-24T03:11:30Z,70.0,Charge 4
2021-06-24T03:11:40Z,71.0,Charge 4
2021-06-24T03:11:45Z,72.0,Charge 4
2021-06-24T03:11:50Z,73.0,Charge 4
2021-06-24T03:12:00Z,72.0,Charge 4
2021-06-24T03:12:15Z,72.0,Charge 4
2021-06-24T03:12:20Z,70.0,Charge 4
2021-06-24T03:12:25Z,71.0,Charge 4
2021-06-24T03:12:35Z,72.0,Charge 4
2021-06-24T03:12:41Z,72.0,Charge 4
2021-06-24T03:12:56Z,71.0,Charge 4
2021-06-24T03:13:06Z,70.0,Charge 4
2021-06-24T03:13:16Z,69.0,Charge 4
2021-06-24T03:13:26Z,68.0,Charge 4
2021-06-24T03:13:31Z,67.0,Charge 4
2021-06-24T03:13:41Z,68.0,Charge 4
2021-06-24T03:13:51Z,70.0,Charge 4
2021-06-24T03:13:56Z,71.0,Charge 4
2021-06-24T03:14:01Z,72.0,Charge 4
2021-06-24T03:14:11Z,71.0,Charge 4
2021-06-24T03:14:26Z,72.0,Charge 4
2021-06-24T03:14:36Z,71.0,Charge 4
2021-06-24T03:14:41Z,72.0,Charge 4
2021-06-24T03:14:46Z,70.0,Charge 4
2021-06-24T03:14:51Z,69.0,Charge 4
2021-06-24T03:15:01Z,70.0,Charge 4
2021-06-24T03:15:16Z,70.0,Charge 4
2021-06-24T03:15:26Z,73.0,Charge 4
2021-06-24T03:15:31Z,75.0,Charge 4
2021-06-24T03:15:36Z,78.0,Charge 4
2021-06-24T03:15:41Z,79.0,Charge 4
2021-06-24T03:15:46Z,76.0,Charge 4
2021-06-24T03:15:51Z,74.0,Charge 4
2021-06-24T03:15:56Z,73.0,Charge 4
2021-06-24T03:16:11Z,74.0,Charge 4
2021-06-24T03:16:16Z,73.0,Charge 4
2021-06-24T03:16:21Z,72.0,Charge 4
2021-06-24T03:16:31Z,71.0,Charge 4
2021-06-24T03:16:36Z,72.0,Charge 4
2021-06-24T03:16:46Z,73.0,Charge 4
2021-06-24T03:16:51Z,72.0,Charge 4
2021-06-24T03:16:56Z,73.0,Charge 4
2021-06-24T03:17:01Z,75.0,Charge 4
2021-06-24T03:17:16Z,75.0,Charge 4
2021-06-24T03:17:21Z,76.0,Charge 4
2021-06-24T03:17:31Z,74.0,Charge 4
2021-06-24T03:17:36Z,71.0,Charge 4
2021-06-24T03:17:41Z,70.0,Charge 4
2021-06-24T03:17:51Z,69.0,Charge 4
2021-06-24T03:17:56Z,70.0,Charge 4
2021-06-24T03:18:06Z,71.0,Charge 4
2021-06-24T03:18:11Z,71.0,Charge 4
2021-06-24T03:18:16Z,72.0,Charge 4
2021-06-24T03:18:21Z,74.0,Charge 4
2021-06-24T03:18:26Z,71.0,Charge 4
2021-06-24T03:18:31Z,68.0,Charge 4
2021-06-24T03:18:36Z,67.0,Charge 4
2021-06-24T03:18:46Z,66.0,Charge 4
2021-06-24T03:19:01Z,66.0,Charge 4
2021-06-24T03:19:06Z,66.0,Charge 4
2021-06-24T03:19:11Z,67.0,Charge 4
2021-06-24T03:19:21Z,68.0,Charge 4
2021-06-24T03:19:27Z,73.0,Charge 4
2021-06-24T03:19:32Z,74.0,Charge 4
2021-06-24T03:19:47Z,74.0,Charge 4
2021-06-24T03:20:02Z,73.0,Charge 4
2021-06-24T03:20:12Z,72.0,Charge 4
2021-06-24T03:20:17Z,73.0,Charge 4
2021-06-24T03:20:32Z,74.0,Charge 4
2021-06-24T03:20:37Z,73.0,Charge 4
2021-06-24T03:20:42Z,72.0,Charge 4
2021-06-24T03:20:47Z,71.0,Charge 4
2021-06-24T03:21:02Z,72.0,Charge 4
2021-06-24T03:21:07Z,73.0,Charge 4
2021-06-24T03:21:12Z,74.0,Charge 4
2021-06-24T03:21:17Z,71.0,Charge 4
2021-06-24T03:21:22Z,69.0,Charge 4
2021-06-24T03:21:27Z,70.0,Charge 4
2021-06-24T03:21:32Z,71.0,Charge 4
2021-06-24T03:21:37Z,72.0,Charge 4
2021-06-24T03:21:52Z,73.0,Charge 4
2021-06-24T03:21:57Z,74.0,Charge 4
2021-06-24T03:22:02Z,73.0,Charge 4
2021-06-24T03:22:07Z,72.0,Charge 4
2021-06-24T03:22:22Z,71.0,Charge 4
2021-06-24T03:22:32Z,69.0,Charge 4
2021-06-24T03:22:37Z,68.0,Charge 4
2021-06-24T03:22:47Z,70.0,Charge 4
2021-06-24T03:22:57Z,68.0,Charge 4
2021-06-24T03:23:02Z,68.0,Charge 4
2021-06-24T03:23:07Z,69.0,Charge 4
2021-06-24T03:23:12Z,70.0,Charge 4
2021-06-24T03:23:22Z,71.0,Charge 4
2021-06-24T03:23:32Z,70.0,Charge 4
2021-06-24T03:23:37Z,69.0,Charge 4
2021-06-24T03:23:42Z,68.0,Charge 4
2021-06-24T03:23:47Z,67.0,Charge 4
2021-06-24T03:23:52Z,66.0,Charge 4
2021-06-24T03:24:07Z,66.0,Charge 4
2021-06-24T03:24:17Z,68.0,Charge 4
2021-06-24T03:24:22Z,70.0,Charge 4
2021-06-24T03:24:37Z,70.0,Charge 4
2021-06-24T03:24:47Z,72.0,Charge 4
2021-06-24T03:24:52Z,73.0,Charge 4
2021-06-24T03:24:57Z,74.0,Charge 4
2021-06-24T03:25:02Z,73.0,Charge 4
2021-06-24T03:25:17Z,73.0,Charge 4
2021-06-24T03:25:22Z,75.0,Charge 4
2021-06-24T03:25:27Z,74.0,Charge 4
2021-06-24T03:25:42Z,74.0,Charge 4
2021-06-24T03:25:57Z,72.0,Charge 4
2021-06-24T03:26:02Z,71.0,Charge 4
2021-06-24T03:26:11Z,71.0,Charge 4
2021-06-24T03:26:26Z,72.0,Charge 4
2021-06-24T03:26:31Z,73.0,Charge 4
2021-06-24T03:26:46Z,73.0,Charge 4
2021-06-24T03:27:01Z,73.0,Charge 4
2021-06-24T03:27:06Z,73.0,Charge 4
2021-06-24T03:27:11Z,72.0,Charge 4
2021-06-24T03:27:16Z,71.0,Charge 4
2021-06-24T03:27:26Z,72.0,Charge 4
2021-06-24T03:27:31Z,71.0,Charge 4
2021-06-24T03:27:41Z,70.0,Charge 4
2021-06-24T03:27:46Z,69.0,Charge 4
2021-06-24T03:27:56Z,68.0,Charge 4
2021-06-24T03:28:06Z,69.0,Charge 4
2021-06-24T03:28:21Z,69.0,Charge 4
2021-06-24T03:28:36Z,70.0,Charge 4
2021-06-24T03:28:41Z,71.0,Charge 4
2021-06-24T03:28:51Z,72.0,Charge 4
2021-06-24T03:28:56Z,71.0,Charge 4
2021-06-24T03:29:01Z,72.0,Charge 4
2021-06-24T03:29:11Z,73.0,Charge 4
2021-06-24T03:29:16Z,72.0,Charge 4
2021-06-24T03:29:31Z,72.0,Charge 4
2021-06-24T03:29:46Z,72.0,Charge 4
2021-06-24T03:29:51Z,71.0,Charge 4
2021-06-24T03:30:06Z,71.0,Charge 4
2021-06-24T03:30:16Z,70.0,Charge 4
2021-06-24T03:30:21Z,70.0,Charge 4
2021-06-24T03:30:36Z,70.0,Charge 4
2021-06-24T03:30:41Z,71.0,Charge 4
2021-06-24T03:30:46Z,72.0,Charge 4
2021-06-24T03:30:56Z,74.0,Charge 4
2021-06-24T03:31:01Z,75.0,Charge 4
2021-06-24T03:31:06Z,76.0,Charge 4
2021-06-24T03:31:16Z,78.0,Charge 4
2021-06-24T03:31:26Z,77.0,Charge 4
2021-06-24T03:31:31Z,75.0,Charge 4
2021-06-24T03:31:36Z,74.0,Charge 4
2021-06-24T03:31:51Z,74.0,Charge 4
2021-06-24T03:31:56Z,73.0,Charge 4
2021-06-24T03:32:01Z,72.0,Charge 4
2021-06-24T03:32:06Z,71.0,Charge 4
2021-06-24T03:32:21Z,71.0,Charge 4
2021-06-24T03:32:36Z,71.0,Charge 4
2021-06-24T03:32:41Z,72.0,Charge 4
2021-06-24T03:32:56Z,72.0,Charge 4
2021-06-24T03:33:11Z,71.0,Charge 4
2021-06-24T03:33:16Z,69.0,Charge 4
2021-06-24T03:33:26Z,70.0,Charge 4
2021-06-24T03:33:31Z,72.0,Charge 4
2021-06-24T03:33:36Z,71.0,Charge 4
2021-06-24T03:33:41Z,70.0,Charge 4
2021-06-24T03:33:47Z,70.0,Charge 4
2021-06-24T03:34:02Z,71.0,Charge 4
2021-06-24T03:34:07Z,72.0,Charge 4
2021-06-24T03:34:12Z,71.0,Charge 4
2021-06-24T03:34:22Z,70.0,Charge 4
2021-06-24T03:34:32Z,69.0,Charge 4
2021-06-24T03:34:47Z,69.0,Charge 4
2021-06-24T03:34:57Z,70.0,Charge 4
2021-06-24T03:35:07Z,71.0,Charge 4
2021-06-24T03:35:17Z,72.0,Charge 4
2021-06-24T03:35:22Z,73.0,Charge 4
2021-06-24T03:35:27Z,75.0,Charge 4
2021-06-24T03:35:37Z,76.0,Charge 4
2021-06-24T03:35:42Z,75.0,Charge 4
2021-06-24T03:35:52Z,74.0,Charge 4
2021-06-24T03:35:57Z,72.0,Charge 4
2021-06-24T03:36:12Z,73.0,Charge 4
2021-06-24T03:36:22Z,72.0,Charge 4
2021-06-24T03:36:27Z,71.0,Charge 4
2021-06-24T03:36:32Z,70.0,Charge 4
2021-06-24T03:36:37Z,69.0,Charge 4
2021-06-24T03:36:47Z,68.0,Charge 4
2021-06-24T03:37:02Z,69.0,Charge 4
2021-06-24T03:37:12Z,70.0,Charge 4
2021-06-24T03:37:27Z,69.0,Charge 4
2021-06-24T03:37:37Z,70.0,Charge 4
2021-06-24T03:37:42Z,71.0,Charge 4
2021-06-24T03:37:47Z,71.0,Charge 4
2021-06-24T03:37:57Z,68.0,Charge 4
2021-06-24T03:38:07Z,69.0,Charge 4
2021-06-24T03:38:12Z,71.0,Charge 4
2021-06-24T03:38:27Z,71.0,Charge 4
2021-06-24T03:38:42Z,71.0,Charge 4
2021-06-24T03:38:57Z,71.0,Charge 4
2021-06-24T03:39:12Z,71.0,Charge 4
2021-06-24T03:39:17Z,69.0,Charge 4
2021-06-24T03:39:22Z,70.0,Charge 4
2021-06-24T03:39:27Z,69.0,Charge 4
2021-06-24T03:39:42Z,69.0,Charge 4
2021-06-24T03:39:52Z,71.0,Charge 4
2021-06-24T03:39:57Z,72.0,Charge 4
2021-06-24T03:40:12Z,72.0,Charge 4
2021-06-24T03:40:22Z,72.0,Charge 4
2021-06-24T03:40:27Z,70.0,Charge 4
2021-06-24T03:40:42Z,70.0,Charge 4
2021-06-24T03:40:57Z,70.0,Charge 4
2021-06-24T03:41:07Z,72.0,Charge 4
2021-06-24T03:41:12Z,71.0,Charge 4
2021-06-24T03:41:27Z,71.0,Charge 4
2021-06-24T03:41:32Z,72.0,Charge 4
2021-06-24T03:41:39Z,72.0,Charge 4
2021-06-24T03:41:54Z,72.0,Charge 4
2021-06-24T03:42:04Z,71.0,Charge 4
2021-06-24T03:42:09Z,69.0,Charge 4
2021-06-24T03:42:14Z,67.0,Charge 4
2021-06-24T03:42:19Z,66.0,Charge 4
2021-06-24T03:42:34Z,66.0,Charge 4
2021-06-24T03:42:39Z,68.0,Charge 4
2021-06-24T03:42:44Z,69.0,Charge 4
2021-06-24T03:42:54Z,71.0,Charge 4
2021-06-24T03:43:09Z,70.0,Charge 4
2021-06-24T03:43:24Z,70.0,Charge 4
2021-06-24T03:43:34Z,71.0,Charge 4
2021-06-24T03:43:39Z,72.0,Charge 4
2021-06-24T03:43:49Z,73.0,Charge 4
2021-06-24T03:43:54Z,74.0,Charge 4
2021-06-24T03:43:59Z,75.0,Charge 4
2021-06-24T03:44:14Z,75.0,Charge 4
2021-06-24T03:44:19Z,72.0,Charge 4
2021-06-24T03:44:34Z,72.0,Charge 4
2021-06-24T03:44:39Z,69.0,Charge 4
2021-06-24T03:44:54Z,69.0,Charge 4
2021-06-24T03:45:04Z,69.0,Charge 4
2021-06-24T03:45:19Z,69.0,Charge 4
2021-06-24T03:45:20Z,70.0,Charge 4
2021-06-24T03:45:25Z,71.0,Charge 4
2021-06-24T03:45:35Z,72.0,Charge 4
2021-06-24T03:45:45Z,71.0,Charge 4
2021-06-24T03:45:50Z,70.0,Charge 4
2021-06-24T03:46:05Z,70.0,Charge 4
2021-06-24T03:46:10Z,71.0,Charge 4
2021-06-24T03:46:15Z,72.0,Charge 4
2021-06-24T03:46:25Z,71.0,Charge 4
2021-06-24T03:46:40Z,71.0,Charge 4
2021-06-24T03:46:45Z,72.0,Charge 4
2021-06-24T03:46:50Z,71.0,Charge 4
2021-06-24T03:47:00Z,72.0,Charge 4
2021-06-24T03:47:05Z,73.0,Charge 4
2021-06-24T03:47:20Z,73.0,Charge 4
2021-06-24T03:47:25Z,72.0,Charge 4
2021-06-24T03:47:40Z,72.0,Charge 4
2021-06-24T03:47:55Z,72.0,Charge 4
2021-06-24T03:48:00Z,73.0,Charge 4
2021-06-24T03:48:05Z,72.0,Charge 4
2021-06-24T03:48:10Z,71.0,Charge 4
2021-06-24T03:48:15Z,72.0,Charge 4
2021-06-24T03:48:25Z,73.0,Charge 4
2021-06-24T03:48:35Z,87.0,Charge 4
2021-06-24T03:48:40Z,94.0,Charge 4
2021-06-24T03:48:45Z,88.0,Charge 4
2021-06-24T03:48:50Z,78.0,Charge 4
2021-06-24T03:48:55Z,74.0,Charge 4
2021-06-24T03:49:05Z,73.0,Charge 4
2021-06-24T03:49:10Z,72.0,Charge 4
2021-06-24T03:49:15Z,71.0,Charge 4
2021-06-24T03:49:20Z,68.0,Charge 4
2021-06-24T03:49:25Z,66.0,Charge 4
2021-06-24T03:49:35Z,65.0,Charge 4
2021-06-24T03:49:40Z,67.0,Charge 4
2021-06-24T03:49:45Z,66.0,Charge 4
2021-06-24T03:49:50Z,68.0,Charge 4
2021-06-24T03:49:55Z,69.0,Charge 4
2021-06-24T03:50:00Z,68.0,Charge 4
2021-06-24T03:50:05Z,67.0,Charge 4
2021-06-24T03:50:20Z,67.0,Charge 4
2021-06-24T03:50:25Z,70.0,Charge 4
2021-06-24T03:50:30Z,72.0,Charge 4
2021-06-24T03:50:35Z,73.0,Charge 4
2021-06-24T03:50:40Z,74.0,Charge 4
2021-06-24T03:50:45Z,72.0,Charge 4
2021-06-24T03:50:50Z,71.0,Charge 4
2021-06-24T03:50:55Z,72.0,Charge 4
2021-06-24T03:51:00Z,70.0,Charge 4
2021-06-24T03:51:05Z,69.0,Charge 4
2021-06-24T03:51:10Z,70.0,Charge 4
2021-06-24T03:51:15Z,71.0,Charge 4
2021-06-24T03:51:21Z,72.0,Charge 4
2021-06-24T03:51:31Z,73.0,Charge 4
2021-06-24T03:51:36Z,74.0,Charge 4
2021-06-24T03:51:51Z,75.0,Charge 4
2021-06-24T03:51:56Z,74.0,Charge 4
2021-06-24T03:52:01Z,72.0,Charge 4
2021-06-24T03:52:06Z,71.0,Charge 4
2021-06-24T03:52:16Z,71.0,Charge 4
2021-06-24T03:52:21Z,72.0,Charge 4
2021-06-24T03:52:31Z,71.0,Charge 4
2021-06-24T03:52:36Z,72.0,Charge 4
2021-06-24T03:52:41Z,73.0,Charge 4
2021-06-24T03:52:46Z,74.0,Charge 4
2021-06-24T03:52:51Z,75.0,Charge 4
2021-06-24T03:53:06Z,75.0,Charge 4
2021-06-24T03:53:11Z,74.0,Charge 4
2021-06-24T03:53:16Z,73.0,Charge 4
2021-06-24T03:53:21Z,72.0,Charge 4
2021-06-24T03:53:26Z,71.0,Charge 4
2021-06-24T03:53:41Z,72.0,Charge 4
2021-06-24T03:53:46Z,73.0,Charge 4
2021-06-24T03:53:56Z,74.0,Charge 4
2021-06-24T03:54:01Z,74.0,Charge 4
2021-06-24T03:54:06Z,73.0,Charge 4
2021-06-24T03:54:11Z,72.0,Charge 4
2021-06-24T03:54:16Z,71.0,Charge 4
2021-06-24T03:54:21Z,72.0,Charge 4
2021-06-24T03:54:26Z,73.0,Charge 4
2021-06-24T03:54:31Z,73.0,Charge 4
2021-06-24T03:54:36Z,74.0,Charge 4
2021-06-24T03:54:41Z,72.0,Charge 4
2021-06-24T03:54:46Z,71.0,Charge 4
2021-06-24T03:54:51Z,70.0,Charge 4
2021-06-24T03:55:01Z,71.0,Charge 4
2021-06-24T03:55:06Z,73.0,Charge 4
2021-06-24T03:55:11Z,73.0,Charge 4
2021-06-24T03:55:16Z,74.0,Charge 4
2021-06-24T03:55:26Z,73.0,Charge 4
2021-06-24T03:55:31Z,72.0,Charge 4
2021-06-24T03:55:36Z,71.0,Charge 4
2021-06-24T03:55:41Z,70.0,Charge 4
2021-06-24T03:55:56Z,70.0,Charge 4
2021-06-24T03:57:07Z,71.0,Charge 4
2021-06-24T03:57:22Z,71.0,Charge 4
2021-06-24T03:57:27Z,71.0,Charge 4
2021-06-24T03:57:37Z,72.0,Charge 4
2021-06-24T03:57:52Z,72.0,Charge 4
2021-06-24T03:57:57Z,71.0,Charge 4
2021-06-24T03:58:02Z,70.0,Charge 4
2021-06-24T03:58:07Z,69.0,Charge 4
2021-06-24T03:58:12Z,69.0,Charge 4
2021-06-24T03:58:17Z,70.0,Charge 4
2021-06-24T03:58:32Z,71.0,Charge 4
2021-06-24T03:58:42Z,70.0,Charge 4
2021-06-24T03:58:57Z,70.0,Charge 4
2021-06-24T03:59:12Z,71.0,Charge 4
2021-06-24T03:59:17Z,72.0,Charge 4
2021-06-24T03:59:27Z,71.0,Charge 4
2021-06-24T03:59:37Z,70.0,Charge 4
2021-06-24T03:59:42Z,69.0,Charge 4
2021-06-24T03:59:57Z,69.0,Charge 4
2021-06-24T04:00:02Z,70.0,Charge 4
2021-06-24T04:00:12Z,71.0,Charge 4
2021-06-24T04:00:22Z,72.0,Charge 4
2021-06-24T04:00:27Z,71.0,Charge 4
2021-06-24T04:00:32Z,70.0,Charge 4
2021-06-24T04:00:42Z,71.0,Charge 4
2021-06-24T04:00:57Z,71.0,Charge 4
2021-06-24T04:01:02Z,72.0,Charge 4
2021-06-24T04:01:07Z,72.0,Charge 4
2021-06-24T04:01:12Z,73.0,Charge 4
2021-06-24T04:01:17Z,72.0,Charge 4
2021-06-24T04:01:32Z,72.0,Charge 4
2021-06-24T04:01:37Z,71.0,Charge 4
2021-06-24T04:01:42Z,72.0,Charge 4
2021-06-24T04:01:57Z,72.0,Charge 4
2021-06-24T04:02:12Z,72.0,Charge 4
2021-06-24T04:02:17Z,73.0,Charge 4
2021-06-24T04:02:22Z,71.0,Charge 4
2021-06-24T04:02:37Z,71.0,Charge 4
2021-06-24T04:02:52Z,71.0,Charge 4
2021-06-24T04:03:07Z,72.0,Charge 4
2021-06-24T04:03:17Z,71.0,Charge 4
2021-06-24T04:03:32Z,71.0,Charge 4
2021-06-24T04:03:47Z,71.0,Charge 4
2021-06-24T04:04:02Z,71.0,Charge 4
2021-06-24T04:04:17Z,71.0,Charge 4
2021-06-24T04:04:32Z,71.0,Charge 4
2021-06-24T04:04:37Z,72.0,Charge 4
2021-06-24T04:04:52Z,72.0,Charge 4
2021-06-24T04:05:07Z,73.0,Charge 4
2021-06-24T04:05:12Z,76.0,Charge 4
2021-06-24T04:05:17Z,83.0,Charge 4
2021-06-24T04:05:23Z,80.0,Charge 4
2021-06-24T04:05:28Z,76.0,Charge 4
2021-06-24T04:05:33Z,74.0,Charge 4
2021-06-24T04:05:48Z,74.0,Charge 4
2021-06-24T04:05:58Z,73.0,Charge 4
2021-06-24T04:06:13Z,72.0,Charge 4
2021-06-24T04:06:28Z,73.0,Charge 4
2021-06-24T04:06:38Z,74.0,Charge 4
2021-06-24T04:06:53Z,75.0,Charge 4
2021-06-24T04:06:58Z,77.0,Charge 4
2021-06-24T04:07:03Z,76.0,Charge 4
2021-06-24T04:07:08Z,73.0,Charge 4
2021-06-24T04:07:23Z,73.0,Charge 4
2021-06-24T04:07:28Z,72.0,Charge 4
2021-06-24T04:07:43Z,72.0,Charge 4
2021-06-24T04:07:58Z,72.0,Charge 4
2021-06-24T04:08:03Z,73.0,Charge 4
2021-06-24T04:08:08Z,74.0,Charge 4
2021-06-24T04:08:23Z,73.0,Charge 4
2021-06-24T04:08:28Z,72.0,Charge 4
2021-06-24T04:08:43Z,72.0,Charge 4
2021-06-24T04:08:58Z,72.0,Charge 4
2021-06-24T04:09:03Z,73.0,Charge 4
2021-06-24T04:09:08Z,74.0,Charge 4
2021-06-24T04:09:13Z,73.0,Charge 4
2021-06-24T04:09:18Z,72.0,Charge 4
2021-06-24T04:09:23Z,71.0,Charge 4
2021-06-24T04:09:29Z,72.0,Charge 4
2021-06-24T04:09:39Z,73.0,Charge 4
2021-06-24T04:09:44Z,72.0,Charge 4
2021-06-24T04:09:54Z,70.0,Charge 4
2021-06-24T04:10:09Z,70.0,Charge 4
2021-06-24T04:10:14Z,71.0,Charge 4
2021-06-24T04:10:19Z,70.0,Charge 4
2021-06-24T04:10:24Z,69.0,Charge 4
2021-06-24T04:10:34Z,70.0,Charge 4
2021-06-24T04:10:44Z,72.0,Charge 4
2021-06-24T04:10:59Z,72.0,Charge 4
2021-06-24T04:11:04Z,71.0,Charge 4
2021-06-24T04:11:19Z,71.0,Charge 4
2021-06-24T04:11:24Z,73.0,Charge 4
2021-06-24T04:11:34Z,72.0,Charge 4
2021-06-24T04:11:49Z,72.0,Charge 4
2021-06-24T04:11:54Z,71.0,Charge 4
2021-06-24T04:11:59Z,70.0,Charge 4
2021-06-24T04:12:14Z,70.0,Charge 4
2021-06-24T04:12:24Z,71.0,Charge 4
2021-06-24T04:12:39Z,71.0,Charge 4
2021-06-24T04:12:54Z,72.0,Charge 4
2021-06-24T04:13:09Z,70.0,Charge 4
2021-06-24T04:13:16Z,71.0,Charge 4
2021-06-24T04:13:21Z,72.0,Charge 4
2021-06-24T04:13:26Z,73.0,Charge 4
2021-06-24T04:13:31Z,74.0,Charge 4
2021-06-24T04:13:36Z,85.0,Charge 4
2021-06-24T04:13:41Z,90.0,Charge 4
2021-06-24T04:13:46Z,88.0,Charge 4
2021-06-24T04:13:51Z,82.0,Charge 4
2021-06-24T04:13:56Z,77.0,Charge 4
2021-06-24T04:14:01Z,73.0,Charge 4
2021-06-24T04:14:06Z,71.0,Charge 4
2021-06-24T04:14:11Z,70.0,Charge 4
2021-06-24T04:14:16Z,69.0,Charge 4
2021-06-24T04:14:31Z,69.0,Charge 4
2021-06-24T04:14:36Z,70.0,Charge 4
2021-06-24T04:14:41Z,71.0,Charge 4
2021-06-24T04:14:56Z,72.0,Charge 4
2021-06-24T04:15:01Z,71.0,Charge 4
2021-06-24T04:15:06Z,69.0,Charge 4
2021-06-24T04:15:11Z,68.0,Charge 4
2021-06-24T04:15:16Z,69.0,Charge 4
2021-06-24T04:15:21Z,70.0,Charge 4
2021-06-24T04:15:26Z,69.0,Charge 4
2021-06-24T04:15:41Z,70.0,Charge 4
2021-06-24T04:15:46Z,71.0,Charge 4
2021-06-24T04:16:01Z,71.0,Charge 4
2021-06-24T04:16:06Z,70.0,Charge 4
2021-06-24T04:16:21Z,70.0,Charge 4
2021-06-24T04:16:36Z,70.0,Charge 4
2021-06-24T04:16:41Z,69.0,Charge 4
2021-06-24T04:16:56Z,69.0,Charge 4
2021-06-24T04:17:01Z,69.0,Charge 4
2021-06-24T04:17:16Z,69.0,Charge 4
2021-06-24T04:17:31Z,68.0,Charge 4
2021-06-24T04:17:46Z,69.0,Charge 4
2021-06-24T04:18:01Z,70.0,Charge 4
2021-06-24T04:18:11Z,71.0,Charge 4
2021-06-24T04:18:21Z,69.0,Charge 4
2021-06-24T04:18:36Z,69.0,Charge 4
2021-06-24T04:18:41Z,70.0,Charge 4
2021-06-24T04:18:46Z,69.0,Charge 4
2021-06-24T04:18:51Z,70.0,Charge 4
2021-06-24T04:18:56Z,71.0,Charge 4
2021-06-24T04:19:11Z,71.0,Charge 4
2021-06-24T04:19:21Z,70.0,Charge 4
2021-06-24T04:19:31Z,69.0,Charge 4
2021-06-24T04:19:41Z,70.0,Charge 4
2021-06-24T04:19:46Z,71.0,Charge 4
2021-06-24T04:19:52Z,71.0,Charge 4
2021-06-24T04:20:02Z,70.0,Charge 4
2021-06-24T04:20:12Z,72.0,Charge 4
2021-06-24T04:20:17Z,71.0,Charge 4
2021-06-24T04:20:22Z,70.0,Charge 4
2021-06-24T04:20:27Z,72.0,Charge 4
2021-06-24T04:20:42Z,72.0,Charge 4
2021-06-24T04:20:57Z,71.0,Charge 4
2021-06-24T04:21:07Z,70.0,Charge 4
2021-06-24T04:21:12Z,69.0,Charge 4
2021-06-24T04:21:27Z,68.0,Charge 4
2021-06-24T04:21:32Z,70.0,Charge 4
2021-06-24T04:21:37Z,71.0,Charge 4
2021-06-24T04:21:42Z,72.0,Charge 4
2021-06-24T04:21:47Z,73.0,Charge 4
2021-06-24T04:22:02Z,72.0,Charge 4
2021-06-24T04:22:12Z,71.0,Charge 4
2021-06-24T04:22:17Z,70.0,Charge 4
2021-06-24T04:22:32Z,71.0,Charge 4
2021-06-24T04:22:37Z,72.0,Charge 4
2021-06-24T04:22:52Z,72.0,Charge 4
2021-06-24T04:22:57Z,70.0,Charge 4
2021-06-24T04:23:12Z,70.0,Charge 4
2021-06-24T04:23:17Z,71.0,Charge 4
2021-06-24T04:23:22Z,72.0,Charge 4
2021-06-24T04:23:32Z,71.0,Charge 4
2021-06-24T04:23:37Z,74.0,Charge 4
2021-06-24T04:23:43Z,74.0,Charge 4
2021-06-24T04:23:48Z,72.0,Charge 4
2021-06-24T04:23:58Z,71.0,Charge 4
2021-06-24T04:24:13Z,71.0,Charge 4
2021-06-24T04:24:23Z,72.0,Charge 4
2021-06-24T04:24:38Z,71.0,Charge 4
2021-06-24T04:24:43Z,70.0,Charge 4
2021-06-24T04:24:53Z,71.0,Charge 4
2021-06-24T04:25:08Z,70.0,Charge 4
2021-06-24T04:25:18Z,71.0,Charge 4
2021-06-24T04:25:28Z,71.0,Charge 4
2021-06-24T04:25:33Z,71.0,Charge 4
2021-06-24T04:25:38Z,72.0,Charge 4
2021-06-24T04:25:43Z,73.0,Charge 4
2021-06-24T04:25:58Z,73.0,Charge 4
2021-06-24T04:26:03Z,70.0,Charge 4
2021-06-24T04:26:08Z,71.0,Charge 4
2021-06-24T04:26:18Z,72.0,Charge 4
2021-06-24T04:26:23Z,73.0,Charge 4
2021-06-24T04:26:28Z,72.0,Charge 4
2021-06-24T04:26:38Z,71.0,Charge 4
2021-06-24T04:26:53Z,71.0,Charge 4
2021-06-24T04:26:58Z,71.0,Charge 4
2021-06-24T04:27:13Z,71.0,Charge 4
2021-06-24T04:27:19Z,72.0,Charge 4
2021-06-24T04:27:29Z,71.0,Charge 4
2021-06-24T04:27:39Z,72.0,Charge 4
2021-06-24T04:27:44Z,73.0,Charge 4
2021-06-24T04:27:49Z,74.0,Charge 4
2021-06-24T04:27:59Z,73.0,Charge 4
2021-06-24T04:28:04Z,72.0,Charge 4
2021-06-24T04:28:09Z,71.0,Charge 4
2021-06-24T04:28:14Z,72.0,Charge 4
2021-06-24T04:28:19Z,73.0,Charge 4
2021-06-24T04:28:24Z,74.0,Charge 4
2021-06-24T04:28:34Z,73.0,Charge 4
2021-06-24T04:28:39Z,74.0,Charge 4
2021-06-24T04:28:54Z,74.0,Charge 4
2021-06-24T04:29:09Z,75.0,Charge 4
2021-06-24T04:29:24Z,76.0,Charge 4
2021-06-24T04:29:29Z,77.0,Charge 4
2021-06-24T04:29:34Z,76.0,Charge 4
2021-06-24T04:29:39Z,77.0,Charge 4
2021-06-24T04:29:49Z,78.0,Charge 4
2021-06-24T04:29:59Z,76.0,Charge 4
2021-06-24T04:30:14Z,76.0,Charge 4
2021-06-24T04:30:19Z,77.0,Charge 4
2021-06-24T04:30:29Z,77.0,Charge 4
2021-06-24T04:30:34Z,80.0,Charge 4
2021-06-24T04:30:40Z,82.0,Charge 4
2021-06-24T04:30:45Z,81.0,Charge 4
2021-06-24T04:30:50Z,77.0,Charge 4
2021-06-24T04:30:55Z,75.0,Charge 4
2021-06-24T04:31:00Z,73.0,Charge 4
2021-06-24T04:31:05Z,72.0,Charge 4
2021-06-24T04:31:15Z,71.0,Charge 4
2021-06-24T04:31:20Z,72.0,Charge 4
2021-06-24T04:31:35Z,71.0,Charge 4
2021-06-24T04:31:50Z,70.0,Charge 4
2021-06-24T04:32:00Z,71.0,Charge 4
2021-06-24T04:32:15Z,69.0,Charge 4
2021-06-24T04:32:25Z,71.0,Charge 4
2021-06-24T04:32:30Z,72.0,Charge 4
2021-06-24T04:32:35Z,73.0,Charge 4
2021-06-24T04:32:45Z,74.0,Charge 4
2021-06-24T04:33:00Z,76.0,Charge 4
2021-06-24T04:33:10Z,77.0,Charge 4
2021-06-24T04:33:15Z,75.0,Charge 4
2021-06-24T04:33:20Z,72.0,Charge 4
2021-06-24T04:33:25Z,71.0,Charge 4
2021-06-24T04:33:30Z,72.0,Charge 4
2021-06-24T04:33:35Z,73.0,Charge 4
2021-06-24T04:33:40Z,74.0,Charge 4
2021-06-24T04:33:50Z,73.0,Charge 4
2021-06-24T04:33:55Z,72.0,Charge 4
2021-06-24T04:34:05Z,73.0,Charge 4
2021-06-24T04:34:10Z,73.0,Charge 4
2021-06-24T04:34:15Z,74.0,Charge 4
2021-06-24T04:34:20Z,73.0,Charge 4
2021-06-24T04:34:25Z,72.0,Charge 4
2021-06-24T04:34:30Z,71.0,Charge 4
2021-06-24T04:34:45Z,71.0,Charge 4
2021-06-24T04:34:50Z,72.0,Charge 4
2021-06-24T04:34:55Z,73.0,Charge 4
2021-06-24T04:35:00Z,72.0,Charge 4
2021-06-24T04:35:15Z,72.0,Charge 4
2021-06-24T04:35:30Z,73.0,Charge 4
2021-06-24T04:35:35Z,71.0,Charge 4
2021-06-24T04:35:50Z,71.0,Charge 4
2021-06-24T04:35:55Z,73.0,Charge 4
2021-06-24T04:36:00Z,74.0,Charge 4
2021-06-24T04:36:10Z,73.0,Charge 4
2021-06-24T04:36:15Z,72.0,Charge 4
2021-06-24T04:36:20Z,71.0,Charge 4
2021-06-24T04:36:35Z,71.0,Charge 4
2021-06-24T04:36:40Z,70.0,Charge 4
2021-06-24T04:36:50Z,71.0,Charge 4
2021-06-24T04:37:00Z,72.0,Charge 4
2021-06-24T04:37:15Z,72.0,Charge 4
2021-06-24T04:37:16Z,72.0,Charge 4
2021-06-24T04:37:21Z,73.0,Charge 4
2021-06-24T04:37:31Z,72.0,Charge 4
2021-06-24T04:37:36Z,71.0,Charge 4
2021-06-24T04:37:51Z,72.0,Charge 4
2021-06-24T04:38:01Z,71.0,Charge 4
2021-06-24T04:38:11Z,72.0,Charge 4
2021-06-24T04:38:16Z,73.0,Charge 4
2021-06-24T04:38:21Z,74.0,Charge 4
2021-06-24T04:38:26Z,73.0,Charge 4
2021-06-24T04:38:31Z,71.0,Charge 4
2021-06-24T04:38:41Z,69.0,Charge 4
2021-06-24T04:38:51Z,71.0,Charge 4
2021-06-24T04:39:06Z,73.0,Charge 4
2021-06-24T04:39:11Z,74.0,Charge 4
2021-06-24T04:39:21Z,73.0,Charge 4
2021-06-24T04:39:26Z,71.0,Charge 4
2021-06-24T04:39:41Z,71.0,Charge 4
2021-06-24T04:39:51Z,72.0,Charge 4
2021-06-24T04:40:06Z,71.0,Charge 4
2021-06-24T04:40:21Z,71.0,Charge 4
2021-06-24T04:40:26Z,73.0,Charge 4
2021-06-24T04:40:36Z,71.0,Charge 4
2021-06-24T04:40:51Z,71.0,Charge 4
2021-06-24T04:40:56Z,68.0,Charge 4
2021-06-24T04:41:01Z,69.0,Charge 4
2021-06-24T04:41:07Z,71.0,Charge 4
2021-06-24T04:41:12Z,72.0,Charge 4
2021-06-24T04:41:17Z,73.0,Charge 4
2021-06-24T04:41:27Z,72.0,Charge 4
2021-06-24T04:41:32Z,71.0,Charge 4
2021-06-24T04:41:42Z,72.0,Charge 4
2021-06-24T04:41:52Z,73.0,Charge 4
2021-06-24T04:41:57Z,74.0,Charge 4
2021-06-24T04:42:02Z,73.0,Charge 4
2021-06-24T04:42:07Z,72.0,Charge 4
2021-06-24T04:42:12Z,71.0,Charge 4
2021-06-24T04:42:22Z,70.0,Charge 4
2021-06-24T04:42:32Z,70.0,Charge 4
2021-06-24T04:42:42Z,71.0,Charge 4
2021-06-24T04:42:52Z,80.0,Charge 4
2021-06-24T04:42:57Z,87.0,Charge 4
2021-06-24T04:43:02Z,82.0,Charge 4
2021-06-24T04:43:07Z,76.0,Charge 4
2021-06-24T04:43:12Z,72.0,Charge 4
2021-06-24T04:43:17Z,69.0,Charge 4
2021-06-24T04:43:22Z,67.0,Charge 4
2021-06-24T04:43:37Z,67.0,Charge 4
2021-06-24T04:43:42Z,65.0,Charge 4
2021-06-24T04:43:47Z,66.0,Charge 4
2021-06-24T04:43:52Z,67.0,Charge 4
2021-06-24T04:43:58Z,68.0,Charge 4
2021-06-24T04:44:03Z,75.0,Charge 4
2021-06-24T04:44:08Z,85.0,Charge 4
2021-06-24T04:44:13Z,86.0,Charge 4
2021-06-24T04:44:18Z,81.0,Charge 4
2021-06-24T04:44:23Z,77.0,Charge 4
2021-06-24T04:44:28Z,75.0,Charge 4
2021-06-24T04:44:33Z,73.0,Charge 4
2021-06-24T04:44:38Z,71.0,Charge 4
2021-06-24T04:44:43Z,69.0,Charge 4
2021-06-24T04:44:48Z,67.0,Charge 4
2021-06-24T04:44:58Z,68.0,Charge 4
2021-06-24T04:45:13Z,68.0,Charge 4
2021-06-24T04:45:23Z,70.0,Charge 4
2021-06-24T04:45:28Z,71.0,Charge 4
2021-06-24T04:45:33Z,70.0,Charge 4
2021-06-24T04:45:38Z,68.0,Charge 4
2021-06-24T04:45:43Z,70.0,Charge 4
2021-06-24T04:45:53Z,65.0,Charge 4
2021-06-24T04:45:58Z,64.0,Charge 4
2021-06-24T04:46:03Z,65.0,Charge 4
2021-06-24T04:46:13Z,64.0,Charge 4
2021-06-24T04:46:23Z,67.0,Charge 4
2021-06-24T04:46:28Z,69.0,Charge 4
2021-06-24T04:46:33Z,70.0,Charge 4
2021-06-24T04:46:48Z,71.0,Charge 4
2021-06-24T04:46:53Z,70.0,Charge 4
2021-06-24T04:46:58Z,69.0,Charge 4
2021-06-24T04:47:13Z,69.0,Charge 4
2021-06-24T04:47:28Z,68.0,Charge 4
2021-06-24T04:47:33Z,67.0,Charge 4
2021-06-24T04:47:38Z,66.0,Charge 4
2021-06-24T04:47:53Z,67.0,Charge 4
2021-06-24T04:47:58Z,68.0,Charge 4
2021-06-24T04:48:03Z,67.0,Charge 4
2021-06-24T04:48:08Z,68.0,Charge 4
2021-06-24T04:48:13Z,69.0,Charge 4
2021-06-24T04:48:18Z,68.0,Charge 4
2021-06-24T04:48:23Z,67.0,Charge 4
2021-06-24T04:48:38Z,67.0,Charge 4
2021-06-24T04:48:53Z,68.0,Charge 4
2021-06-24T04:48:58Z,69.0,Charge 4
2021-06-24T04:49:03Z,68.0,Charge 4
2021-06-24T04:49:18Z,68.0,Charge 4
2021-06-24T04:49:28Z,70.0,Charge 4
2021-06-24T04:49:33Z,71.0,Charge 4
2021-06-24T04:49:38Z,72.0,Charge 4
2021-06-24T04:49:43Z,70.0,Charge 4
2021-06-24T04:49:53Z,69.0,Charge 4
2021-06-24T04:49:58Z,68.0,Charge 4
2021-06-24T04:50:03Z,67.0,Charge 4
2021-06-24T04:50:13Z,66.0,Charge 4
2021-06-24T04:50:19Z,68.0,Charge 4
2021-06-24T04:50:29Z,67.0,Charge 4
2021-06-24T04:50:44Z,66.0,Charge 4
2021-06-24T04:50:59Z,66.0,Charge 4
2021-06-24T04:51:04Z,68.0,Charge 4
2021-06-24T04:51:14Z,69.0,Charge 4
2021-06-24T04:51:19Z,68.0,Charge 4
2021-06-24T04:51:24Z,67.0,Charge 4
2021-06-24T04:51:39Z,66.0,Charge 4
2021-06-24T04:51:54Z,65.0,Charge 4
2021-06-24T04:52:04Z,66.0,Charge 4
2021-06-24T04:52:19Z,66.0,Charge 4
2021-06-24T04:52:24Z,64.0,Charge 4
2021-06-24T04:52:29Z,63.0,Charge 4
2021-06-24T04:52:34Z,65.0,Charge 4
2021-06-24T04:52:39Z,67.0,Charge 4
2021-06-24T04:52:44Z,69.0,Charge 4
2021-06-24T04:52:59Z,71.0,Charge 4
2021-06-24T04:53:04Z,70.0,Charge 4
2021-06-24T04:53:09Z,68.0,Charge 4
2021-06-24T04:53:14Z,67.0,Charge 4
2021-06-24T04:53:24Z,66.0,Charge 4
2021-06-24T04:53:34Z,67.0,Charge 4
2021-06-24T04:53:39Z,68.0,Charge 4
2021-06-24T04:53:54Z,68.0,Charge 4
2021-06-24T04:54:09Z,68.0,Charge 4
2021-06-24T04:54:24Z,69.0,Charge 4
2021-06-24T04:54:29Z,69.0,Charge 4
2021-06-24T04:54:34Z,71.0,Charge 4
2021-06-24T04:54:39Z,67.0,Charge 4
2021-06-24T04:54:44Z,65.0,Charge 4
2021-06-24T04:54:54Z,64.0,Charge 4
2021-06-24T04:54:59Z,62.0,Charge 4
2021-06-24T04:55:09Z,63.0,Charge 4
2021-06-24T04:55:14Z,64.0,Charge 4
2021-06-24T04:55:19Z,65.0,Charge 4
2021-06-24T04:55:24Z,64.0,Charge 4
2021-06-24T04:55:29Z,62.0,Charge 4
2021-06-24T04:55:39Z,63.0,Charge 4
2021-06-24T04:55:44Z,64.0,Charge 4
2021-06-24T04:55:49Z,65.0,Charge 4
2021-06-24T04:55:54Z,66.0,Charge 4
2021-06-24T04:55:59Z,66.0,Charge 4
2021-06-24T04:56:04Z,65.0,Charge 4
2021-06-24T04:56:09Z,60.0,Charge 4
2021-06-24T04:56:19Z,62.0,Charge 4
2021-06-24T04:56:29Z,61.0,Charge 4
2021-06-24T04:56:44Z,61.0,Charge 4
2021-06-24T04:56:49Z,63.0,Charge 4
2021-06-24T04:56:54Z,64.0,Charge 4
2021-06-24T04:56:59Z,65.0,Charge 4
2021-06-24T04:57:04Z,66.0,Charge 4
2021-06-24T04:57:09Z,67.0,Charge 4
2021-06-24T04:57:18Z,69.0,Charge 4
2021-06-24T04:57:23Z,70.0,Charge 4
2021-06-24T04:57:28Z,69.0,Charge 4
2021-06-24T04:57:33Z,67.0,Charge 4
2021-06-24T04:57:38Z,66.0,Charge 4
2021-06-24T04:57:48Z,65.0,Charge 4
2021-06-24T04:57:53Z,66.0,Charge 4
2021-06-24T04:58:08Z,66.0,Charge 4
2021-06-24T04:58:18Z,64.0,Charge 4
2021-06-24T04:58:23Z,66.0,Charge 4
2021-06-24T04:58:28Z,67.0,Charge 4
2021-06-24T04:58:33Z,65.0,Charge 4
2021-06-24T04:58:38Z,64.0,Charge 4
2021-06-24T04:58:43Z,66.0,Charge 4
2021-06-24T04:58:48Z,65.0,Charge 4
2021-06-24T04:58:53Z,62.0,Charge 4
2021-06-24T04:58:58Z,63.0,Charge 4
2021-06-24T04:59:03Z,64.0,Charge 4
2021-06-24T04:59:08Z,63.0,Charge 4
2021-06-24T04:59:13Z,65.0,Charge 4
2021-06-24T04:59:18Z,66.0,Charge 4
2021-06-24T04:59:23Z,67.0,Charge 4
2021-06-24T04:59:28Z,65.0,Charge 4
2021-06-24T04:59:33Z,64.0,Charge 4
2021-06-24T04:59:48Z,63.0,Charge 4
2021-06-24T05:00:03Z,63.0,Charge 4
2021-06-24T05:00:08Z,64.0,Charge 4
2021-06-24T05:00:13Z,64.0,Charge 4
2021-06-24T05:00:23Z,65.0,Charge 4
2021-06-24T05:00:28Z,65.0,Charge 4
2021-06-24T05:00:38Z,66.0,Charge 4
2021-06-24T05:00:48Z,70.0,Charge 4
2021-06-24T05:00:53Z,85.0,Charge 4
2021-06-24T05:00:58Z,81.0,Charge 4
2021-06-24T05:01:03Z,75.0,Charge 4
2021-06-24T05:01:08Z,71.0,Charge 4
2021-06-24T05:01:13Z,70.0,Charge 4
2021-06-24T05:01:18Z,67.0,Charge 4
2021-06-24T05:01:23Z,64.0,Charge 4
2021-06-24T05:01:28Z,62.0,Charge 4
2021-06-24T05:01:43Z,62.0,Charge 4
2021-06-24T05:01:58Z,62.0,Charge 4
2021-06-24T05:02:03Z,61.0,Charge 4
2021-06-24T05:02:13Z,62.0,Charge 4
2021-06-24T05:02:18Z,65.0,Charge 4
2021-06-24T05:02:23Z,66.0,Charge 4
2021-06-24T05:02:28Z,64.0,Charge 4
2021-06-24T05:02:33Z,61.0,Charge 4
2021-06-24T05:02:43Z,62.0,Charge 4
2021-06-24T05:02:48Z,64.0,Charge 4
2021-06-24T05:02:53Z,66.0,Charge 4
2021-06-24T05:03:03Z,66.0,Charge 4
2021-06-24T05:03:08Z,66.0,Charge 4
2021-06-24T05:03:18Z,69.0,Charge 4
2021-06-24T05:03:23Z,67.0,Charge 4
2021-06-24T05:03:28Z,66.0,Charge 4
2021-06-24T05:03:43Z,67.0,Charge 4
2021-06-24T05:03:58Z,67.0,Charge 4
2021-06-24T05:04:03Z,69.0,Charge 4
2021-06-24T05:04:08Z,68.0,Charge 4
2021-06-24T05:04:13Z,67.0,Charge 4
2021-06-24T05:04:28Z,67.0,Charge 4
2021-06-24T05:04:43Z,66.0,Charge 4
2021-06-24T05:04:48Z,65.0,Charge 4
2021-06-24T05:05:03Z,65.0,Charge 4
2021-06-24T05:05:18Z,66.0,Charge 4
2021-06-24T05:05:23Z,67.0,Charge 4
2021-06-24T05:05:28Z,68.0,Charge 4
2021-06-24T05:05:43Z,68.0,Charge 4
2021-06-24T05:05:48Z,69.0,Charge 4
2021-06-24T05:05:58Z,70.0,Charge 4
2021-06-24T05:06:03Z,67.0,Charge 4
2021-06-24T05:06:08Z,63.0,Charge 4
2021-06-24T05:06:13Z,62.0,Charge 4
2021-06-24T05:06:18Z,61.0,Charge 4
2021-06-24T05:06:24Z,62.0,Charge 4
2021-06-24T05:06:39Z,63.0,Charge 4
2021-06-24T05:06:44Z,64.0,Charge 4
2021-06-24T05:06:49Z,66.0,Charge 4
2021-06-24T05:06:59Z,65.0,Charge 4
2021-06-24T05:07:14Z,66.0,Charge 4
2021-06-24T05:07:29Z,67.0,Charge 4
2021-06-24T05:07:44Z,67.0,Charge 4
2021-06-24T05:07:49Z,66.0,Charge 4
2021-06-24T05:07:59Z,67.0,Charge 4
2021-06-24T05:08:04Z,68.0,Charge 4
2021-06-24T05:08:09Z,69.0,Charge 4
2021-06-24T05:08:14Z,68.0,Charge 4
2021-06-24T05:08:29Z,69.0,Charge 4
2021-06-24T05:08:34Z,67.0,Charge 4
2021-06-24T05:08:39Z,66.0,Charge 4
2021-06-24T05:08:49Z,65.0,Charge 4
2021-06-24T05:08:54Z,64.0,Charge 4
2021-06-24T05:08:59Z,63.0,Charge 4
2021-06-24T05:09:04Z,62.0,Charge 4
2021-06-24T05:09:14Z,63.0,Charge 4
2021-06-24T05:09:24Z,65.0,Charge 4
2021-06-24T05:09:29Z,66.0,Charge 4
2021-06-24T05:09:34Z,67.0,Charge 4
2021-06-24T05:09:39Z,68.0,Charge 4
2021-06-24T05:09:44Z,68.0,Charge 4
2021-06-24T05:09:54Z,71.0,Charge 4
2021-06-24T05:09:59Z,72.0,Charge 4
2021-06-24T05:10:04Z,69.0,Charge 4
2021-06-24T05:10:09Z,70.0,Charge 4
2021-06-24T05:10:19Z,69.0,Charge 4
2021-06-24T05:10:34Z,70.0,Charge 4
2021-06-24T05:10:39Z,69.0,Charge 4
2021-06-24T05:10:44Z,66.0,Charge 4
2021-06-24T05:10:49Z,63.0,Charge 4
2021-06-24T05:10:54Z,62.0,Charge 4
2021-06-24T05:11:09Z,62.0,Charge 4
2021-06-24T05:11:14Z,65.0,Charge 4
2021-06-24T05:11:19Z,66.0,Charge 4
2021-06-24T05:11:29Z,65.0,Charge 4
2021-06-24T05:11:34Z,66.0,Charge 4
2021-06-24T05:11:44Z,67.0,Charge 4
2021-06-24T05:11:49Z,68.0,Charge 4
2021-06-24T05:11:54Z,69.0,Charge 4
2021-06-24T05:12:04Z,68.0,Charge 4
2021-06-24T05:12:09Z,67.0,Charge 4
2021-06-24T05:12:14Z,66.0,Charge 4
2021-06-24T05:12:19Z,65.0,Charge 4
2021-06-24T05:12:34Z,65.0,Charge 4
2021-06-24T05:12:39Z,66.0,Charge 4
2021-06-24T05:12:44Z,67.0,Charge 4
2021-06-24T05:12:49Z,68.0,Charge 4
2021-06-24T05:13:04Z,68.0,Charge 4
2021-06-24T05:13:06Z,68.0,Charge 4
2021-06-24T05:13:21Z,68.0,Charge 4
2021-06-24T05:13:26Z,70.0,Charge 4
2021-06-24T05:13:31Z,68.0,Charge 4
2021-06-24T05:13:36Z,64.0,Charge 4
2021-06-24T05:13:46Z,65.0,Charge 4
2021-06-24T05:13:51Z,66.0,Charge 4
2021-06-24T05:13:56Z,67.0,Charge 4
2021-06-24T05:14:01Z,68.0,Charge 4
2021-06-24T05:14:06Z,69.0,Charge 4
2021-06-24T05:14:21Z,68.0,Charge 4
2021-06-24T05:14:26Z,67.0,Charge 4
2021-06-24T05:14:31Z,67.0,Charge 4
2021-06-24T05:14:46Z,66.0,Charge 4
2021-06-24T05:14:51Z,63.0,Charge 4
2021-06-24T05:14:56Z,61.0,Charge 4
2021-06-24T05:15:11Z,61.0,Charge 4
2021-06-24T05:15:21Z,62.0,Charge 4
2021-06-24T05:15:26Z,63.0,Charge 4
2021-06-24T05:15:36Z,64.0,Charge 4
2021-06-24T05:15:41Z,65.0,Charge 4
2021-06-24T05:15:46Z,64.0,Charge 4
2021-06-24T05:15:51Z,62.0,Charge 4
2021-06-24T05:16:01Z,63.0,Charge 4
2021-06-24T05:16:06Z,64.0,Charge 4
2021-06-24T05:16:21Z,65.0,Charge 4
2021-06-24T05:16:31Z,66.0,Charge 4
2021-06-24T05:16:36Z,66.0,Charge 4
2021-06-24T05:16:51Z,66.0,Charge 4
2021-06-24T05:16:56Z,64.0,Charge 4
2021-06-24T05:17:01Z,63.0,Charge 4
2021-06-24T05:17:16Z,63.0,Charge 4
2021-06-24T05:17:21Z,65.0,Charge 4
2021-06-24T05:17:26Z,67.0,Charge 4
2021-06-24T05:17:36Z,65.0,Charge 4
2021-06-24T05:17:51Z,65.0,Charge 4
2021-06-24T05:18:01Z,67.0,Charge 4
2021-06-24T05:18:11Z,67.0,Charge 4
2021-06-24T05:18:21Z,66.0,Charge 4
2021-06-24T05:18:26Z,65.0,Charge 4
2021-06-24T05:18:31Z,62.0,Charge 4
2021-06-24T05:18:36Z,61.0,Charge 4
2021-06-24T05:18:46Z,62.0,Charge 4
2021-06-24T05:18:51Z,61.0,Charge 4
2021-06-24T05:18:56Z,61.0,Charge 4
2021-06-24T05:19:06Z,61.0,Charge 4
2021-06-24T05:19:11Z,63.0,Charge 4
2021-06-24T05:19:16Z,62.0,Charge 4
2021-06-24T05:19:31Z,62.0,Charge 4
2021-06-24T05:19:46Z,64.0,Charge 4
2021-06-24T05:19:47Z,64.0,Charge 4
2021-06-24T05:19:52Z,65.0,Charge 4
2021-06-24T05:20:02Z,66.0,Charge 4
2021-06-24T05:20:12Z,77.0,Charge 4
2021-06-24T05:20:17Z,83.0,Charge 4
2021-06-24T05:20:22Z,81.0,Charge 4
2021-06-24T05:20:27Z,79.0,Charge 4
2021-06-24T05:20:32Z,77.0,Charge 4
2021-06-24T05:20:37Z,69.0,Charge 4
2021-06-24T05:20:42Z,65.0,Charge 4
2021-06-24T05:20:47Z,63.0,Charge 4
2021-06-24T05:20:57Z,64.0,Charge 4
2021-06-24T05:21:02Z,65.0,Charge 4
2021-06-24T05:21:12Z,64.0,Charge 4
2021-06-24T05:21:17Z,64.0,Charge 4
2021-06-24T05:21:27Z,64.0,Charge 4
2021-06-24T05:21:32Z,63.0,Charge 4
2021-06-24T05:21:37Z,62.0,Charge 4
2021-06-24T05:21:47Z,63.0,Charge 4
2021-06-24T05:21:57Z,64.0,Charge 4
2021-06-24T05:22:02Z,65.0,Charge 4
2021-06-24T05:22:07Z,66.0,Charge 4
2021-06-24T05:22:12Z,65.0,Charge 4
2021-06-24T05:22:17Z,64.0,Charge 4
2021-06-24T05:22:22Z,63.0,Charge 4
2021-06-24T05:22:32Z,64.0,Charge 4
2021-06-24T05:22:37Z,65.0,Charge 4
2021-06-24T05:22:42Z,70.0,Charge 4
2021-06-24T05:22:47Z,68.0,Charge 4
2021-06-24T05:22:52Z,67.0,Charge 4
2021-06-24T05:23:02Z,68.0,Charge 4
2021-06-24T05:23:07Z,67.0,Charge 4
2021-06-24T05:23:12Z,65.0,Charge 4
2021-06-24T05:23:27Z,65.0,Charge 4
2021-06-24T05:23:32Z,67.0,Charge 4
2021-06-24T05:23:37Z,68.0,Charge 4
2021-06-24T05:23:42Z,69.0,Charge 4
2021-06-24T05:23:47Z,70.0,Charge 4
2021-06-24T05:23:52Z,72.0,Charge 4
2021-06-24T05:23:57Z,69.0,Charge 4
2021-06-24T05:24:02Z,65.0,Charge 4
2021-06-24T05:24:17Z,65.0,Charge 4
2021-06-24T05:24:22Z,68.0,Charge 4
2021-06-24T05:24:27Z,67.0,Charge 4
2021-06-24T05:24:32Z,66.0,Charge 4
2021-06-24T05:24:37Z,65.0,Charge 4
2021-06-24T05:24:42Z,64.0,Charge 4
2021-06-24T05:24:52Z,63.0,Charge 4
2021-06-24T05:25:07Z,63.0,Charge 4
2021-06-24T05:25:12Z,67.0,Charge 4
2021-06-24T05:25:17Z,68.0,Charge 4
2021-06-24T05:25:23Z,68.0,Charge 4
2021-06-24T05:25:33Z,66.0,Charge 4
2021-06-24T05:25:38Z,65.0,Charge 4
2021-06-24T05:25:48Z,66.0,Charge 4
2021-06-24T05:25:53Z,67.0,Charge 4
2021-06-24T05:25:58Z,70.0,Charge 4
2021-06-24T05:26:03Z,71.0,Charge 4
2021-06-24T05:26:08Z,69.0,Charge 4
2021-06-24T05:26:18Z,70.0,Charge 4
2021-06-24T05:26:23Z,71.0,Charge 4
2021-06-24T05:26:28Z,70.0,Charge 4
2021-06-24T05:26:43Z,70.0,Charge 4
2021-06-24T05:26:53Z,69.0,Charge 4
2021-06-24T05:26:58Z,67.0,Charge 4
2021-06-24T05:27:03Z,64.0,Charge 4
2021-06-24T05:27:08Z,63.0,Charge 4
2021-06-24T05:27:18Z,64.0,Charge 4
2021-06-24T05:27:23Z,66.0,Charge 4
2021-06-24T05:27:28Z,67.0,Charge 4
2021-06-24T05:27:33Z,68.0,Charge 4
2021-06-24T05:27:38Z,69.0,Charge 4
2021-06-24T05:27:43Z,68.0,Charge 4
2021-06-24T05:27:58Z,68.0,Charge 4
2021-06-24T05:28:03Z,69.0,Charge 4
2021-06-24T05:28:08Z,70.0,Charge 4
2021-06-24T05:28:13Z,69.0,Charge 4
2021-06-24T05:28:23Z,69.0,Charge 4
2021-06-24T05:28:28Z,70.0,Charge 4
2021-06-24T05:28:33Z,68.0,Charge 4
2021-06-24T05:28:38Z,65.0,Charge 4
2021-06-24T05:28:48Z,66.0,Charge 4
2021-06-24T05:28:53Z,65.0,Charge 4
2021-06-24T05:29:03Z,66.0,Charge 4
2021-06-24T05:29:13Z,65.0,Charge 4
2021-06-24T05:29:18Z,66.0,Charge 4
2021-06-24T05:29:28Z,68.0,Charge 4
2021-06-24T05:29:33Z,69.0,Charge 4
2021-06-24T05:29:38Z,68.0,Charge 4
2021-06-24T05:29:48Z,69.0,Charge 4
2021-06-24T05:29:53Z,70.0,Charge 4
2021-06-24T05:29:58Z,70.0,Charge 4
2021-06-24T05:30:08Z,71.0,Charge 4
2021-06-24T05:30:18Z,85.0,Charge 4
2021-06-24T05:30:23Z,89.0,Charge 4
2021-06-24T05:30:28Z,84.0,Charge 4
2021-06-24T05:30:33Z,78.0,Charge 4
2021-06-24T05:30:38Z,71.0,Charge 4
2021-06-24T05:30:43Z,68.0,Charge 4
2021-06-24T05:30:48Z,65.0,Charge 4
2021-06-24T05:30:53Z,63.0,Charge 4
2021-06-24T05:30:58Z,62.0,Charge 4
2021-06-24T05:31:08Z,64.0,Charge 4
2021-06-24T05:31:13Z,65.0,Charge 4
2021-06-24T05:31:18Z,66.0,Charge 4
2021-06-24T05:31:23Z,67.0,Charge 4
2021-06-24T05:31:38Z,67.0,Charge 4
2021-06-24T05:31:48Z,68.0,Charge 4
2021-06-24T05:31:53Z,67.0,Charge 4
2021-06-24T05:31:58Z,65.0,Charge 4
2021-06-24T05:32:03Z,64.0,Charge 4
2021-06-24T05:32:08Z,65.0,Charge 4
2021-06-24T05:32:13Z,64.0,Charge 4
2021-06-24T05:32:28Z,64.0,Charge 4
2021-06-24T05:32:43Z,64.0,Charge 4
2021-06-24T05:32:48Z,66.0,Charge 4
2021-06-24T05:32:53Z,67.0,Charge 4
2021-06-24T05:32:58Z,68.0,Charge 4
2021-06-24T05:33:03Z,70.0,Charge 4
2021-06-24T05:33:08Z,69.0,Charge 4
2021-06-24T05:33:13Z,67.0,Charge 4
2021-06-24T05:33:23Z,66.0,Charge 4
2021-06-24T05:33:28Z,64.0,Charge 4
2021-06-24T05:33:38Z,65.0,Charge 4
2021-06-24T05:33:43Z,67.0,Charge 4
2021-06-24T05:33:48Z,66.0,Charge 4
2021-06-24T05:34:03Z,66.0,Charge 4
2021-06-24T05:34:08Z,65.0,Charge 4
2021-06-24T05:34:23Z,65.0,Charge 4
2021-06-24T05:34:29Z,67.0,Charge 4
2021-06-24T05:34:39Z,68.0,Charge 4
2021-06-24T05:34:44Z,69.0,Charge 4
2021-06-24T05:34:49Z,68.0,Charge 4
2021-06-24T05:35:04Z,68.0,Charge 4
2021-06-24T05:35:19Z,68.0,Charge 4
2021-06-24T05:35:24Z,67.0,Charge 4
2021-06-24T05:35:34Z,66.0,Charge 4
2021-06-24T05:35:49Z,66.0,Charge 4
2021-06-24T05:35:59Z,65.0,Charge 4
2021-06-24T05:36:14Z,65.0,Charge 4
2021-06-24T05:36:24Z,66.0,Charge 4
2021-06-24T05:36:29Z,67.0,Charge 4
2021-06-24T05:36:34Z,68.0,Charge 4
2021-06-24T05:36:39Z,66.0,Charge 4
2021-06-24T05:36:44Z,64.0,Charge 4
2021-06-24T05:36:49Z,65.0,Charge 4
2021-06-24T05:36:54Z,66.0,Charge 4
2021-06-24T05:36:59Z,67.0,Charge 4
2021-06-24T05:37:09Z,66.0,Charge 4
2021-06-24T05:37:24Z,66.0,Charge 4
2021-06-24T05:37:29Z,67.0,Charge 4
2021-06-24T05:37:34Z,68.0,Charge 4
2021-06-24T05:37:39Z,65.0,Charge 4
2021-06-24T05:37:44Z,63.0,Charge 4
2021-06-24T05:37:49Z,62.0,Charge 4
2021-06-24T05:37:59Z,63.0,Charge 4
2021-06-24T05:38:04Z,65.0,Charge 4
2021-06-24T05:38:14Z,66.0,Charge 4
2021-06-24T05:38:19Z,65.0,Charge 4
2021-06-24T05:38:29Z,66.0,Charge 4
2021-06-24T05:38:44Z,66.0,Charge 4
2021-06-24T05:38:54Z,67.0,Charge 4
2021-06-24T05:38:59Z,68.0,Charge 4
2021-06-24T05:39:14Z,68.0,Charge 4
2021-06-24T05:39:19Z,70.0,Charge 4
2021-06-24T05:39:29Z,69.0,Charge 4
2021-06-24T05:39:44Z,69.0,Charge 4
2021-06-24T05:39:49Z,69.0,Charge 4
2021-06-24T05:40:04Z,69.0,Charge 4
2021-06-24T05:40:14Z,71.0,Charge 4
2021-06-24T05:40:24Z,69.0,Charge 4
2021-06-24T05:40:29Z,67.0,Charge 4
2021-06-24T05:40:34Z,66.0,Charge 4
2021-06-24T05:40:44Z,64.0,Charge 4
2021-06-24T05:40:49Z,63.0,Charge 4
2021-06-24T05:40:54Z,64.0,Charge 4
2021-06-24T05:40:59Z,65.0,Charge 4
2021-06-24T05:41:04Z,67.0,Charge 4
2021-06-24T05:41:09Z,68.0,Charge 4
2021-06-24T05:41:14Z,69.0,Charge 4
2021-06-24T05:41:20Z,69.0,Charge 4
2021-06-24T05:41:35Z,68.0,Charge 4
2021-06-24T05:41:40Z,67.0,Charge 4
2021-06-24T05:41:55Z,67.0,Charge 4
2021-06-24T05:42:00Z,67.0,Charge 4
2021-06-24T05:42:15Z,67.0,Charge 4
2021-06-24T05:42:30Z,67.0,Charge 4
2021-06-24T05:42:45Z,67.0,Charge 4
2021-06-24T05:42:50Z,69.0,Charge 4
2021-06-24T05:43:05Z,69.0,Charge 4
2021-06-24T05:43:20Z,69.0,Charge 4
2021-06-24T05:43:25Z,70.0,Charge 4
2021-06-24T05:43:30Z,71.0,Charge 4
2021-06-24T05:43:45Z,71.0,Charge 4
2021-06-24T05:43:50Z,72.0,Charge 4
2021-06-24T05:44:00Z,71.0,Charge 4
2021-06-24T05:44:05Z,69.0,Charge 4
2021-06-24T05:44:20Z,69.0,Charge 4
2021-06-24T05:44:35Z,68.0,Charge 4
2021-06-24T05:44:50Z,67.0,Charge 4
2021-06-24T05:45:00Z,69.0,Charge 4
2021-06-24T05:45:10Z,70.0,Charge 4
2021-06-24T05:45:15Z,68.0,Charge 4
2021-06-24T05:45:25Z,68.0,Charge 4
2021-06-24T05:45:30Z,69.0,Charge 4
2021-06-24T05:45:35Z,68.0,Charge 4
2021-06-24T05:45:40Z,69.0,Charge 4
2021-06-24T05:45:55Z,69.0,Charge 4
2021-06-24T05:46:00Z,70.0,Charge 4
2021-06-24T05:46:15Z,70.0,Charge 4
2021-06-24T05:46:25Z,67.0,Charge 4
2021-06-24T05:46:30Z,66.0,Charge 4
2021-06-24T05:46:35Z,67.0,Charge 4
2021-06-24T05:46:45Z,65.0,Charge 4
2021-06-24T05:47:00Z,66.0,Charge 4
2021-06-24T05:47:05Z,68.0,Charge 4
2021-06-24T05:47:15Z,69.0,Charge 4
2021-06-24T05:47:25Z,68.0,Charge 4
2021-06-24T05:47:30Z,67.0,Charge 4
2021-06-24T05:47:35Z,66.0,Charge 4
2021-06-24T05:47:40Z,67.0,Charge 4
2021-06-24T05:47:45Z,68.0,Charge 4
2021-06-24T05:48:00Z,69.0,Charge 4
2021-06-24T05:48:15Z,69.0,Charge 4
2021-06-24T05:48:20Z,68.0,Charge 4
2021-06-24T05:48:25Z,69.0,Charge 4
2021-06-24T05:48:35Z,66.0,Charge 4
2021-06-24T05:48:40Z,65.0,Charge 4
2021-06-24T05:48:50Z,66.0,Charge 4
2021-06-24T05:48:55Z,67.0,Charge 4
2021-06-24T05:49:00Z,69.0,Charge 4
2021-06-24T05:49:05Z,70.0,Charge 4
2021-06-24T05:49:10Z,71.0,Charge 4
2021-06-24T05:49:25Z,71.0,Charge 4
2021-06-24T05:49:40Z,70.0,Charge 4
2021-06-24T05:49:45Z,67.0,Charge 4
2021-06-24T05:49:50Z,66.0,Charge 4
2021-06-24T05:49:55Z,67.0,Charge 4
2021-06-24T05:50:05Z,66.0,Charge 4
2021-06-24T05:50:20Z,69.0,Charge 4
2021-06-24T05:50:25Z,71.0,Charge 4
2021-06-24T05:50:30Z,69.0,Charge 4
2021-06-24T05:50:35Z,68.0,Charge 4
2021-06-24T05:50:50Z,68.0,Charge 4
2021-06-24T05:50:55Z,69.0,Charge 4
2021-06-24T05:51:00Z,67.0,Charge 4
2021-06-24T05:51:05Z,65.0,Charge 4
2021-06-24T05:51:15Z,67.0,Charge 4
2021-06-24T05:51:20Z,69.0,Charge 4
2021-06-24T05:51:25Z,70.0,Charge 4
2021-06-24T05:51:40Z,70.0,Charge 4
2021-06-24T05:51:55Z,69.0,Charge 4
2021-06-24T05:52:10Z,69.0,Charge 4
2021-06-24T05:52:25Z,69.0,Charge 4
2021-06-24T05:52:40Z,69.0,Charge 4
2021-06-24T05:52:45Z,70.0,Charge 4
2021-06-24T05:52:50Z,69.0,Charge 4
2021-06-24T05:52:56Z,69.0,Charge 4
2021-06-24T05:53:11Z,69.0,Charge 4
2021-06-24T05:53:16Z,70.0,Charge 4
2021-06-24T05:53:26Z,71.0,Charge 4
2021-06-24T05:53:31Z,72.0,Charge 4
2021-06-24T05:53:36Z,71.0,Charge 4
2021-06-24T05:53:46Z,70.0,Charge 4
2021-06-24T05:53:51Z,69.0,Charge 4
2021-06-24T05:53:56Z,69.0,Charge 4
2021-06-24T05:54:06Z,70.0,Charge 4
2021-06-24T05:54:11Z,78.0,Charge 4
2021-06-24T05:54:16Z,85.0,Charge 4
2021-06-24T05:54:21Z,82.0,Charge 4
2021-06-24T05:54:26Z,78.0,Charge 4
2021-06-24T05:54:31Z,73.0,Charge 4
2021-06-24T05:54:36Z,69.0,Charge 4
2021-06-24T05:54:41Z,67.0,Charge 4
2021-06-24T05:54:46Z,65.0,Charge 4
2021-06-24T05:54:51Z,64.0,Charge 4
2021-06-24T05:55:06Z,63.0,Charge 4
2021-06-24T05:55:11Z,61.0,Charge 4
2021-06-24T05:55:21Z,62.0,Charge 4
2021-06-24T05:55:26Z,64.0,Charge 4
2021-06-24T05:55:31Z,66.0,Charge 4
2021-06-24T05:55:36Z,67.0,Charge 4
2021-06-24T05:55:41Z,66.0,Charge 4
2021-06-24T05:55:46Z,64.0,Charge 4
2021-06-24T05:55:51Z,63.0,Charge 4
2021-06-24T05:56:01Z,65.0,Charge 4
2021-06-24T05:56:11Z,63.0,Charge 4
2021-06-24T05:56:16Z,64.0,Charge 4
2021-06-24T05:56:26Z,65.0,Charge 4
2021-06-24T05:56:31Z,66.0,Charge 4
2021-06-24T05:56:41Z,68.0,Charge 4
2021-06-24T05:56:46Z,70.0,Charge 4
2021-06-24T05:57:01Z,69.0,Charge 4
2021-06-24T05:57:06Z,68.0,Charge 4
2021-06-24T05:57:21Z,68.0,Charge 4
2021-06-24T05:57:26Z,85.0,Charge 4
2021-06-24T05:57:31Z,88.0,Charge 4
2021-06-24T05:57:36Z,85.0,Charge 4
2021-06-24T05:57:41Z,81.0,Charge 4
2021-06-24T05:57:46Z,76.0,Charge 4
2021-06-24T05:57:51Z,73.0,Charge 4
2021-06-24T05:57:56Z,70.0,Charge 4
2021-06-24T05:58:01Z,69.0,Charge 4
2021-06-24T05:58:06Z,68.0,Charge 4
2021-06-24T05:58:11Z,67.0,Charge 4
2021-06-24T05:58:16Z,68.0,Charge 4
2021-06-24T05:58:26Z,69.0,Charge 4
2021-06-24T05:58:33Z,69.0,Charge 4
2021-06-24T05:58:38Z,70.0,Charge 4
2021-06-24T05:58:43Z,72.0,Charge 4
2021-06-24T05:58:58Z,72.0,Charge 4
2021-06-24T05:59:03Z,84.0,Charge 4
2021-06-24T05:59:08Z,85.0,Charge 4
2021-06-24T05:59:13Z,82.0,Charge 4
2021-06-24T05:59:28Z,82.0,Charge 4
2021-06-24T05:59:33Z,86.0,Charge 4
2021-06-24T05:59:38Z,88.0,Charge 4
2021-06-24T05:59:43Z,89.0,Charge 4
2021-06-24T05:59:48Z,88.0,Charge 4
2021-06-24T06:00:03Z,88.0,Charge 4
2021-06-24T06:00:08Z,91.0,Charge 4
2021-06-24T06:00:18Z,92.0,Charge 4
2021-06-24T06:00:23Z,93.0,Charge 4
2021-06-24T06:00:28Z,94.0,Charge 4
2021-06-24T06:00:33Z,94.0,Charge 4
2021-06-24T06:00:48Z,94.0,Charge 4
2021-06-24T06:00:58Z,94.0,Charge 4
2021-06-24T06:01:13Z,94.0,Charge 4
2021-06-24T06:01:28Z,94.0,Charge 4
2021-06-24T06:01:33Z,93.0,Charge 4
2021-06-24T06:01:38Z,92.0,Charge 4
2021-06-24T06:01:44Z,92.0,Charge 4
2021-06-24T06:01:49Z,93.0,Charge 4
2021-06-24T06:02:04Z,95.0,Charge 4
2021-06-24T06:02:14Z,93.0,Charge 4
2021-06-24T06:02:24Z,90.0,Charge 4
2021-06-24T06:02:29Z,85.0,Charge 4
2021-06-24T06:02:34Z,82.0,Charge 4
2021-06-24T06:02:44Z,83.0,Charge 4
2021-06-24T06:02:54Z,85.0,Charge 4
2021-06-24T06:03:04Z,86.0,Charge 4
2021-06-24T06:03:14Z,83.0,Charge 4
2021-06-24T06:03:19Z,75.0,Charge 4
2021-06-24T06:03:24Z,72.0,Charge 4
2021-06-24T06:03:29Z,72.0,Charge 4
2021-06-24T06:03:44Z,72.0,Charge 4
2021-06-24T06:03:49Z,76.0,Charge 4
2021-06-24T06:03:54Z,79.0,Charge 4
2021-06-24T06:03:59Z,78.0,Charge 4
2021-06-24T06:04:09Z,79.0,Charge 4
2021-06-24T06:04:14Z,80.0,Charge 4
2021-06-24T06:04:24Z,79.0,Charge 4
2021-06-24T06:04:29Z,78.0,Charge 4
2021-06-24T06:04:44Z,79.0,Charge 4
2021-06-24T06:04:49Z,80.0,Charge 4
2021-06-24T06:04:59Z,81.0,Charge 4
2021-06-24T06:05:09Z,81.0,Charge 4
2021-06-24T06:05:14Z,80.0,Charge 4
2021-06-24T06:05:19Z,78.0,Charge 4
2021-06-24T06:05:24Z,72.0,Charge 4
2021-06-24T06:05:29Z,70.0,Charge 4
2021-06-24T06:05:39Z,71.0,Charge 4
2021-06-24T06:05:44Z,70.0,Charge 4
2021-06-24T06:05:54Z,69.0,Charge 4
2021-06-24T06:05:59Z,71.0,Charge 4
2021-06-24T06:06:04Z,72.0,Charge 4
2021-06-24T06:06:09Z,73.0,Charge 4
2021-06-24T06:06:24Z,73.0,Charge 4
2021-06-24T06:06:29Z,75.0,Charge 4
2021-06-24T06:06:39Z,74.0,Charge 4
2021-06-24T06:06:54Z,74.0,Charge 4
2021-06-24T06:07:04Z,75.0,Charge 4
2021-06-24T06:07:14Z,77.0,Charge 4
2021-06-24T06:07:19Z,76.0,Charge 4
2021-06-24T06:07:24Z,74.0,Charge 4
2021-06-24T06:07:34Z,73.0,Charge 4
2021-06-24T06:07:39Z,72.0,Charge 4
2021-06-24T06:07:49Z,73.0,Charge 4
2021-06-24T06:07:54Z,74.0,Charge 4
2021-06-24T06:07:59Z,76.0,Charge 4
2021-06-24T06:08:04Z,77.0,Charge 4
2021-06-24T06:08:09Z,76.0,Charge 4
2021-06-24T06:08:19Z,74.0,Charge 4
2021-06-24T06:08:24Z,72.0,Charge 4
2021-06-24T06:08:30Z,72.0,Charge 4
2021-06-24T06:08:40Z,73.0,Charge 4
2021-06-24T06:08:45Z,74.0,Charge 4
2021-06-24T06:08:50Z,73.0,Charge 4
2021-06-24T06:08:55Z,72.0,Charge 4
2021-06-24T06:09:00Z,72.0,Charge 4
2021-06-24T06:09:10Z,73.0,Charge 4
2021-06-24T06:09:15Z,74.0,Charge 4
2021-06-24T06:09:20Z,75.0,Charge 4
2021-06-24T06:09:35Z,75.0,Charge 4
2021-06-24T06:09:50Z,75.0,Charge 4
2021-06-24T06:09:55Z,75.0,Charge 4
2021-06-24T06:10:10Z,75.0,Charge 4
2021-06-24T06:10:20Z,75.0,Charge 4
2021-06-24T06:10:25Z,75.0,Charge 4
2021-06-24T06:10:40Z,75.0,Charge 4
2021-06-24T06:10:55Z,75.0,Charge 4
2021-06-24T06:11:05Z,83.0,Charge 4
2021-06-24T06:11:10Z,84.0,Charge 4
2021-06-24T06:11:15Z,80.0,Charge 4
2021-06-24T06:11:20Z,79.0,Charge 4
2021-06-24T06:11:30Z,80.0,Charge 4
2021-06-24T06:11:35Z,81.0,Charge 4
2021-06-24T06:11:50Z,80.0,Charge 4
2021-06-24T06:11:55Z,79.0,Charge 4
2021-06-24T06:12:00Z,78.0,Charge 4
2021-06-24T06:12:05Z,76.0,Charge 4
2021-06-24T06:12:10Z,75.0,Charge 4
2021-06-24T06:12:15Z,73.0,Charge 4
2021-06-24T06:12:30Z,73.0,Charge 4
2021-06-24T06:15:42Z,76.0,Charge 4
2021-06-24T06:15:52Z,77.0,Charge 4
2021-06-24T06:15:57Z,78.0,Charge 4
2021-06-24T06:16:02Z,86.0,Charge 4
2021-06-24T06:16:07Z,88.0,Charge 4
2021-06-24T06:16:22Z,88.0,Charge 4
2021-06-24T06:16:32Z,87.0,Charge 4
2021-06-24T06:16:37Z,86.0,Charge 4
2021-06-24T06:16:52Z,86.0,Charge 4
2021-06-24T06:16:57Z,86.0,Charge 4
2021-06-24T06:17:12Z,86.0,Charge 4
2021-06-24T06:17:27Z,86.0,Charge 4
2021-06-24T06:17:32Z,86.0,Charge 4
2021-06-24T06:17:37Z,85.0,Charge 4
2021-06-24T06:17:42Z,83.0,Charge 4
2021-06-24T06:17:47Z,79.0,Charge 4
2021-06-24T06:17:57Z,80.0,Charge 4
2021-06-24T06:18:02Z,81.0,Charge 4
2021-06-24T06:18:17Z,81.0,Charge 4
2021-06-24T06:18:22Z,80.0,Charge 4
2021-06-24T06:18:32Z,79.0,Charge 4
2021-06-24T06:18:37Z,77.0,Charge 4
2021-06-24T06:18:42Z,77.0,Charge 4
2021-06-24T06:18:52Z,78.0,Charge 4
2021-06-24T06:19:07Z,78.0,Charge 4
2021-06-24T06:19:17Z,77.0,Charge 4
2021-06-24T06:19:23Z,77.0,Charge 4
2021-06-24T06:19:38Z,77.0,Charge 4
2021-06-24T06:19:48Z,76.0,Charge 4
2021-06-24T06:19:53Z,75.0,Charge 4
2021-06-24T06:20:08Z,75.0,Charge 4
2021-06-24T06:20:18Z,79.0,Charge 4
2021-06-24T06:20:33Z,78.0,Charge 4
2021-06-24T06:20:38Z,77.0,Charge 4
2021-06-24T06:20:53Z,77.0,Charge 4
2021-06-24T06:21:08Z,79.0,Charge 4
2021-06-24T06:21:23Z,80.0,Charge 4
2021-06-24T06:21:33Z,78.0,Charge 4
2021-06-24T06:21:38Z,77.0,Charge 4
2021-06-24T06:21:43Z,76.0,Charge 4
2021-06-24T06:21:58Z,76.0,Charge 4
2021-06-24T06:22:03Z,75.0,Charge 4
2021-06-24T06:22:18Z,76.0,Charge 4
2021-06-24T06:22:33Z,77.0,Charge 4
2021-06-24T06:22:38Z,78.0,Charge 4
2021-06-24T06:22:53Z,78.0,Charge 4
2021-06-24T06:23:08Z,76.0,Charge 4
2021-06-24T06:23:23Z,76.0,Charge 4
2021-06-24T06:23:28Z,75.0,Charge 4
2021-06-24T06:23:38Z,75.0,Charge 4
2021-06-24T06:23:53Z,76.0,Charge 4
2021-06-24T06:24:03Z,77.0,Charge 4
2021-06-24T06:24:18Z,78.0,Charge 4
2021-06-24T06:24:23Z,77.0,Charge 4
2021-06-24T06:24:28Z,76.0,Charge 4
2021-06-24T06:24:43Z,77.0,Charge 4
2021-06-24T06:24:48Z,77.0,Charge 4
2021-06-24T06:24:53Z,80.0,Charge 4
2021-06-24T06:24:58Z,80.0,Charge 4
2021-06-24T06:25:03Z,79.0,Charge 4
2021-06-24T06:25:08Z,78.0,Charge 4
2021-06-24T06:25:13Z,77.0,Charge 4
2021-06-24T06:25:18Z,78.0,Charge 4
2021-06-24T06:25:33Z,78.0,Charge 4
2021-06-24T06:25:48Z,79.0,Charge 4
2021-06-24T06:25:53Z,80.0,Charge 4
2021-06-24T06:25:58Z,80.0,Charge 4
2021-06-24T06:26:13Z,80.0,Charge 4
2021-06-24T06:26:18Z,79.0,Charge 4
2021-06-24T06:26:28Z,78.0,Charge 4
2021-06-24T06:26:38Z,77.0,Charge 4
2021-06-24T06:26:53Z,77.0,Charge 4
2021-06-24T06:27:08Z,77.0,Charge 4
2021-06-24T06:27:13Z,78.0,Charge 4
2021-06-24T06:27:28Z,78.0,Charge 4
2021-06-24T06:27:33Z,79.0,Charge 4
2021-06-24T06:27:48Z,79.0,Charge 4
2021-06-24T06:27:50Z,79.0,Charge 4
2021-06-24T06:27:55Z,80.0,Charge 4
2021-06-24T06:28:05Z,81.0,Charge 4
2021-06-24T06:28:20Z,80.0,Charge 4
2021-06-24T06:28:30Z,81.0,Charge 4
2021-06-24T06:28:40Z,80.0,Charge 4
2021-06-24T06:28:55Z,80.0,Charge 4
2021-06-24T06:29:00Z,81.0,Charge 4
2021-06-24T06:29:05Z,82.0,Charge 4
2021-06-24T06:29:10Z,81.0,Charge 4
2021-06-24T06:29:15Z,80.0,Charge 4
2021-06-24T06:29:20Z,79.0,Charge 4
2021-06-24T06:29:25Z,80.0,Charge 4
2021-06-24T06:29:40Z,81.0,Charge 4
2021-06-24T06:29:55Z,80.0,Charge 4
2021-06-24T06:30:00Z,79.0,Charge 4
2021-06-24T06:30:15Z,79.0,Charge 4
2021-06-24T06:30:30Z,79.0,Charge 4
2021-06-24T06:30:35Z,80.0,Charge 4
2021-06-24T06:30:40Z,81.0,Charge 4
2021-06-24T06:30:50Z,81.0,Charge 4
2021-06-24T06:31:00Z,82.0,Charge 4
2021-06-24T06:31:15Z,82.0,Charge 4
2021-06-24T06:31:20Z,82.0,Charge 4
2021-06-24T06:31:25Z,81.0,Charge 4
2021-06-24T06:31:35Z,80.0,Charge 4
2021-06-24T06:31:41Z,80.0,Charge 4
2021-06-24T06:31:46Z,80.0,Charge 4
2021-06-24T06:31:51Z,80.0,Charge 4
2021-06-24T06:31:56Z,81.0,Charge 4
2021-06-24T06:32:06Z,82.0,Charge 4
2021-06-24T06:32:21Z,82.0,Charge 4
2021-06-24T06:32:36Z,82.0,Charge 4
2021-06-24T06:32:46Z,83.0,Charge 4
2021-06-24T06:32:51Z,84.0,Charge 4
2021-06-24T06:32:56Z,83.0,Charge 4
2021-06-24T06:33:06Z,82.0,Charge 4
2021-06-24T06:33:21Z,82.0,Charge 4
2021-06-24T06:33:26Z,85.0,Charge 4
2021-06-24T06:33:31Z,87.0,Charge 4
2021-06-24T06:33:36Z,88.0,Charge 4
2021-06-24T06:33:41Z,89.0,Charge 4
2021-06-24T06:33:51Z,88.0,Charge 4
2021-06-24T06:33:56Z,87.0,Charge 4
2021-06-24T06:34:01Z,87.0,Charge 4
2021-06-24T06:34:11Z,88.0,Charge 4
2021-06-24T06:34:26Z,88.0,Charge 4
2021-06-24T06:34:36Z,87.0,Charge 4
2021-06-24T06:34:41Z,86.0,Charge 4
2021-06-24T06:34:46Z,86.0,Charge 4
2021-06-24T06:34:56Z,85.0,Charge 4
2021-06-24T06:35:06Z,84.0,Charge 4
2021-06-24T06:35:21Z,83.0,Charge 4
2021-06-24T06:35:26Z,83.0,Charge 4
2021-06-24T06:35:31Z,82.0,Charge 4
2021-06-24T06:35:41Z,83.0,Charge 4
2021-06-24T06:35:56Z,83.0,Charge 4
2021-06-24T06:36:11Z,83.0,Charge 4
2021-06-24T06:36:21Z,82.0,Charge 4
2021-06-24T06:36:36Z,82.0,Charge 4
2021-06-24T06:36:51Z,83.0,Charge 4
2021-06-24T06:37:01Z,84.0,Charge 4
2021-06-24T06:37:16Z,81.0,Charge 4
2021-06-24T06:37:21Z,81.0,Charge 4
2021-06-24T06:37:26Z,81.0,Charge 4
2021-06-24T06:37:41Z,82.0,Charge 4
2021-06-24T06:37:46Z,83.0,Charge 4
2021-06-24T06:37:51Z,83.0,Charge 4
2021-06-24T06:37:56Z,82.0,Charge 4
2021-06-24T06:38:01Z,83.0,Charge 4
2021-06-24T06:38:16Z,83.0,Charge 4
2021-06-24T06:38:31Z,83.0,Charge 4
2021-06-24T06:38:36Z,84.0,Charge 4
2021-06-24T06:38:41Z,85.0,Charge 4
2021-06-24T06:38:51Z,86.0,Charge 4
2021-06-24T06:39:01Z,86.0,Charge 4
2021-06-24T06:39:16Z,86.0,Charge 4
2021-06-24T06:39:31Z,85.0,Charge 4
2021-06-24T06:39:46Z,85.0,Charge 4
2021-06-24T06:39:47Z,85.0,Charge 4
2021-06-24T06:40:02Z,85.0,Charge 4
2021-06-24T06:40:17Z,85.0,Charge 4
2021-06-24T06:40:22Z,85.0,Charge 4
2021-06-24T06:40:27Z,84.0,Charge 4
2021-06-24T06:40:32Z,84.0,Charge 4
2021-06-24T06:40:47Z,84.0,Charge 4
2021-06-24T06:40:57Z,82.0,Charge 4
2021-06-24T06:41:02Z,81.0,Charge 4
2021-06-24T06:41:07Z,81.0,Charge 4
2021-06-24T06:41:22Z,81.0,Charge 4
2021-06-24T06:41:37Z,82.0,Charge 4
2021-06-24T06:41:52Z,83.0,Charge 4
2021-06-24T06:42:07Z,84.0,Charge 4
2021-06-24T06:42:22Z,83.0,Charge 4
2021-06-24T06:42:27Z,82.0,Charge 4
2021-06-24T06:42:42Z,83.0,Charge 4
2021-06-24T06:42:47Z,84.0,Charge 4
2021-06-24T06:42:57Z,83.0,Charge 4
2021-06-24T06:43:12Z,83.0,Charge 4
2021-06-24T06:43:27Z,84.0,Charge 4
2021-06-24T06:43:32Z,85.0,Charge 4
2021-06-24T06:43:37Z,86.0,Charge 4
2021-06-24T06:43:52Z,86.0,Charge 4
2021-06-24T06:44:07Z,86.0,Charge 4
2021-06-24T06:44:12Z,84.0,Charge 4
2021-06-24T06:44:18Z,83.0,Charge 4
2021-06-24T06:44:23Z,81.0,Charge 4
2021-06-24T06:44:28Z,81.0,Charge 4
2021-06-24T06:44:33Z,81.0,Charge 4
2021-06-24T06:44:38Z,81.0,Charge 4
2021-06-24T06:44:53Z,81.0,Charge 4
2021-06-24T06:45:08Z,81.0,Charge 4
2021-06-24T06:45:13Z,85.0,Charge 4
2021-06-24T06:45:18Z,94.0,Charge 4
2021-06-24T06:45:23Z,93.0,Charge 4
2021-06-24T06:45:38Z,93.0,Charge 4
2021-06-24T06:45:53Z,92.0,Charge 4
2021-06-24T06:45:58Z,93.0,Charge 4
2021-06-24T06:46:08Z,94.0,Charge 4
2021-06-24T06:46:13Z,92.0,Charge 4
2021-06-24T06:46:18Z,91.0,Charge 4
2021-06-24T06:46:23Z,89.0,Charge 4
2021-06-24T06:46:38Z,89.0,Charge 4
2021-06-24T06:46:43Z,87.0,Charge 4
2021-06-24T06:46:53Z,85.0,Charge 4
2021-06-24T06:46:58Z,84.0,Charge 4
2021-06-24T06:47:13Z,84.0,Charge 4
2021-06-24T06:47:18Z,82.0,Charge 4
2021-06-24T06:47:23Z,81.0,Charge 4
2021-06-24T06:47:33Z,80.0,Charge 4
2021-06-24T06:47:40Z,79.0,Charge 4
2021-06-24T06:47:55Z,79.0,Charge 4
2021-06-24T06:48:00Z,80.0,Charge 4
2021-06-24T06:48:15Z,79.0,Charge 4
2021-06-24T06:48:20Z,78.0,Charge 4
2021-06-24T06:48:25Z,79.0,Charge 4
2021-06-24T06:48:35Z,77.0,Charge 4
2021-06-24T06:48:50Z,77.0,Charge 4
2021-06-24T06:49:00Z,76.0,Charge 4
2021-06-24T06:49:05Z,75.0,Charge 4
2021-06-24T06:49:20Z,75.0,Charge 4
2021-06-24T06:49:25Z,74.0,Charge 4
2021-06-24T06:49:30Z,73.0,Charge 4
2021-06-24T06:49:35Z,72.0,Charge 4
2021-06-24T06:49:40Z,73.0,Charge 4
2021-06-24T06:49:45Z,74.0,Charge 4
2021-06-24T06:49:50Z,75.0,Charge 4
2021-06-24T06:50:00Z,74.0,Charge 4
2021-06-24T06:50:05Z,75.0,Charge 4
2021-06-24T06:50:10Z,75.0,Charge 4
2021-06-24T06:50:20Z,74.0,Charge 4
2021-06-24T06:50:25Z,73.0,Charge 4
2021-06-24T06:50:30Z,73.0,Charge 4
2021-06-24T06:50:45Z,73.0,Charge 4
2021-06-24T06:50:50Z,73.0,Charge 4
2021-06-24T06:51:05Z,73.0,Charge 4
2021-06-24T06:51:10Z,73.0,Charge 4
2021-06-24T06:51:15Z,73.0,Charge 4
2021-06-24T06:51:20Z,73.0,Charge 4
2021-06-24T06:51:25Z,74.0,Charge 4
2021-06-24T06:51:40Z,74.0,Charge 4
2021-06-24T06:51:55Z,74.0,Charge 4
2021-06-24T06:52:10Z,75.0,Charge 4
2021-06-24T06:52:20Z,73.0,Charge 4
2021-06-24T06:52:35Z,73.0,Charge 4
2021-06-24T06:52:50Z,72.0,Charge 4
2021-06-24T06:53:05Z,73.0,Charge 4
2021-06-24T06:53:10Z,74.0,Charge 4
2021-06-24T06:53:20Z,75.0,Charge 4
2021-06-24T06:53:25Z,76.0,Charge 4
2021-06-24T06:53:30Z,77.0,Charge 4
2021-06-24T06:53:40Z,77.0,Charge 4
2021-06-24T06:53:45Z,76.0,Charge 4
2021-06-24T06:53:55Z,77.0,Charge 4
2021-06-24T06:54:00Z,76.0,Charge 4
2021-06-24T06:54:05Z,74.0,Charge 4
2021-06-24T06:54:10Z,73.0,Charge 4
2021-06-24T06:54:20Z,72.0,Charge 4
2021-06-24T06:54:25Z,70.0,Charge 4
2021-06-24T06:54:30Z,70.0,Charge 4
2021-06-24T06:54:40Z,71.0,Charge 4
2021-06-24T06:54:50Z,70.0,Charge 4
2021-06-24T06:55:00Z,70.0,Charge 4
2021-06-24T06:55:05Z,71.0,Charge 4
2021-06-24T06:55:10Z,73.0,Charge 4
2021-06-24T06:55:25Z,72.0,Charge 4
2021-06-24T06:55:30Z,71.0,Charge 4
2021-06-24T06:55:45Z,71.0,Charge 4
2021-06-24T06:55:55Z,72.0,Charge 4
2021-06-24T06:56:00Z,72.0,Charge 4
2021-06-24T06:56:10Z,73.0,Charge 4
2021-06-24T06:56:15Z,73.0,Charge 4
2021-06-24T06:56:30Z,73.0,Charge 4
2021-06-24T06:56:45Z,73.0,Charge 4
2021-06-24T06:56:50Z,72.0,Charge 4
2021-06-24T06:56:55Z,71.0,Charge 4
2021-06-24T06:57:10Z,71.0,Charge 4
2021-06-24T06:57:20Z,73.0,Charge 4
2021-06-24T06:57:25Z,73.0,Charge 4
2021-06-24T06:57:35Z,74.0,Charge 4
2021-06-24T06:57:50Z,76.0,Charge 4
2021-06-24T06:58:05Z,76.0,Charge 4
2021-06-24T06:58:10Z,77.0,Charge 4
2021-06-24T06:58:15Z,78.0,Charge 4
2021-06-24T06:58:20Z,79.0,Charge 4
2021-06-24T06:58:25Z,78.0,Charge 4
2021-06-24T06:58:30Z,75.0,Charge 4
2021-06-24T06:58:35Z,74.0,Charge 4
2021-06-24T06:58:40Z,73.0,Charge 4
2021-06-24T06:58:55Z,73.0,Charge 4
2021-06-24T06:59:00Z,76.0,Charge 4
2021-06-24T06:59:09Z,77.0,Charge 4
2021-06-24T06:59:24Z,77.0,Charge 4
2021-06-24T06:59:29Z,79.0,Charge 4
2021-06-24T06:59:34Z,82.0,Charge 4
2021-06-24T06:59:39Z,83.0,Charge 4
2021-06-24T06:59:49Z,82.0,Charge 4
2021-06-24T06:59:54Z,81.0,Charge 4
2021-06-24T06:59:59Z,80.0,Charge 4
2021-06-24T07:00:09Z,77.0,Charge 4
2021-06-24T07:00:14Z,78.0,Charge 4
2021-06-24T07:00:24Z,77.0,Charge 4
2021-06-24T07:00:34Z,76.0,Charge 4
2021-06-24T07:00:44Z,75.0,Charge 4
2021-06-24T07:00:49Z,74.0,Charge 4
2021-06-24T07:00:54Z,72.0,Charge 4
2021-06-24T07:00:59Z,71.0,Charge 4
2021-06-24T07:01:09Z,70.0,Charge 4
2021-06-24T07:01:14Z,69.0,Charge 4
2021-06-24T07:01:19Z,68.0,Charge 4
2021-06-24T07:01:34Z,70.0,Charge 4
2021-06-24T07:01:39Z,71.0,Charge 4
2021-06-24T07:01:49Z,71.0,Charge 4
2021-06-24T07:02:04Z,69.0,Charge 4
2021-06-24T07:02:09Z,68.0,Charge 4
2021-06-24T07:02:24Z,67.0,Charge 4
2021-06-24T07:02:29Z,68.0,Charge 4
2021-06-24T07:02:44Z,68.0,Charge 4
2021-06-24T07:02:49Z,67.0,Charge 4
2021-06-24T07:02:54Z,66.0,Charge 4
2021-06-24T07:02:59Z,65.0,Charge 4
2021-06-24T07:03:09Z,66.0,Charge 4
2021-06-24T07:03:14Z,67.0,Charge 4
2021-06-24T07:03:19Z,68.0,Charge 4
2021-06-24T07:03:24Z,69.0,Charge 4
2021-06-24T07:03:29Z,68.0,Charge 4
2021-06-24T07:03:44Z,68.0,Charge 4
2021-06-24T07:03:54Z,67.0,Charge 4
2021-06-24T07:03:59Z,69.0,Charge 4
2021-06-24T07:04:04Z,69.0,Charge 4
2021-06-24T07:04:19Z,69.0,Charge 4
2021-06-24T07:04:24Z,68.0,Charge 4
2021-06-24T07:04:29Z,68.0,Charge 4
2021-06-24T07:04:34Z,67.0,Charge 4
2021-06-24T07:04:39Z,68.0,Charge 4
2021-06-24T07:04:44Z,69.0,Charge 4
2021-06-24T07:04:54Z,69.0,Charge 4
2021-06-24T07:04:59Z,69.0,Charge 4
2021-06-24T07:05:14Z,68.0,Charge 4
2021-06-24T07:05:19Z,69.0,Charge 4
2021-06-24T07:05:29Z,68.0,Charge 4
2021-06-24T07:05:34Z,70.0,Charge 4
2021-06-24T07:05:49Z,70.0,Charge 4
2021-06-24T07:05:59Z,71.0,Charge 4
2021-06-24T07:06:04Z,72.0,Charge 4
2021-06-24T07:06:09Z,78.0,Charge 4
2021-06-24T07:06:14Z,80.0,Charge 4
2021-06-24T07:06:24Z,78.0,Charge 4
2021-06-24T07:06:29Z,77.0,Charge 4
2021-06-24T07:06:39Z,77.0,Charge 4
2021-06-24T07:06:44Z,76.0,Charge 4
2021-06-24T07:06:59Z,75.0,Charge 4
2021-06-24T07:07:09Z,73.0,Charge 4
2021-06-24T07:07:14Z,72.0,Charge 4
2021-06-24T07:07:29Z,73.0,Charge 4
2021-06-24T07:07:34Z,76.0,Charge 4
2021-06-24T07:07:39Z,77.0,Charge 4
2021-06-24T07:07:54Z,77.0,Charge 4
2021-06-24T07:08:09Z,75.0,Charge 4
2021-06-24T07:08:14Z,73.0,Charge 4
2021-06-24T07:08:24Z,72.0,Charge 4
2021-06-24T07:08:39Z,72.0,Charge 4
2021-06-24T07:08:49Z,73.0,Charge 4
2021-06-24T07:08:54Z,72.0,Charge 4
2021-06-24T07:09:09Z,71.0,Charge 4
2021-06-24T07:09:14Z,71.0,Charge 4
2021-06-24T07:09:24Z,72.0,Charge 4
2021-06-24T07:09:29Z,75.0,Charge 4
2021-06-24T07:09:34Z,77.0,Charge 4
2021-06-24T07:09:39Z,78.0,Charge 4
2021-06-24T07:09:49Z,77.0,Charge 4
2021-06-24T07:10:04Z,78.0,Charge 4
2021-06-24T07:10:09Z,79.0,Charge 4
2021-06-24T07:10:19Z,80.0,Charge 4
2021-06-24T07:10:24Z,81.0,Charge 4
2021-06-24T07:10:29Z,80.0,Charge 4
2021-06-24T07:10:34Z,77.0,Charge 4
2021-06-24T07:10:49Z,76.0,Charge 4
2021-06-24T07:10:54Z,75.0,Charge 4
2021-06-24T07:11:04Z,72.0,Charge 4
2021-06-24T07:11:09Z,70.0,Charge 4
2021-06-24T07:11:24Z,69.0,Charge 4
2021-06-24T07:11:29Z,70.0,Charge 4
2021-06-24T07:11:34Z,68.0,Charge 4
2021-06-24T07:11:39Z,69.0,Charge 4
2021-06-24T07:11:49Z,72.0,Charge 4
2021-06-24T07:11:54Z,75.0,Charge 4
2021-06-24T07:12:04Z,73.0,Charge 4
2021-06-24T07:12:09Z,72.0,Charge 4
2021-06-24T07:12:14Z,71.0,Charge 4
2021-06-24T07:12:24Z,72.0,Charge 4
2021-06-24T07:12:29Z,70.0,Charge 4
2021-06-24T07:12:34Z,70.0,Charge 4
2021-06-24T07:12:44Z,71.0,Charge 4
2021-06-24T07:12:49Z,72.0,Charge 4
2021-06-24T07:13:04Z,71.0,Charge 4
2021-06-24T07:13:09Z,72.0,Charge 4
2021-06-24T07:13:19Z,73.0,Charge 4
2021-06-24T07:13:24Z,75.0,Charge 4
2021-06-24T07:13:30Z,76.0,Charge 4
2021-06-24T07:13:40Z,76.0,Charge 4
2021-06-24T07:13:55Z,76.0,Charge 4
2021-06-24T07:14:05Z,74.0,Charge 4
2021-06-24T07:14:20Z,74.0,Charge 4
2021-06-24T07:14:30Z,75.0,Charge 4
2021-06-24T07:14:40Z,76.0,Charge 4
2021-06-24T07:14:45Z,76.0,Charge 4
2021-06-24T07:14:55Z,80.0,Charge 4
2021-06-24T07:15:00Z,81.0,Charge 4
2021-06-24T07:15:10Z,84.0,Charge 4
2021-06-24T07:15:15Z,82.0,Charge 4
2021-06-24T07:15:20Z,81.0,Charge 4
2021-06-24T07:15:35Z,81.0,Charge 4
2021-06-24T07:15:40Z,82.0,Charge 4
2021-06-24T07:15:50Z,81.0,Charge 4
2021-06-24T07:15:55Z,81.0,Charge 4
2021-06-24T07:16:10Z,81.0,Charge 4
2021-06-24T07:16:25Z,81.0,Charge 4
2021-06-24T07:16:30Z,80.0,Charge 4
2021-06-24T07:16:35Z,79.0,Charge 4
2021-06-24T07:16:50Z,79.0,Charge 4
2021-06-24T07:17:05Z,80.0,Charge 4
2021-06-24T07:17:20Z,80.0,Charge 4
2021-06-24T07:17:35Z,80.0,Charge 4
2021-06-24T07:17:36Z,80.0,Charge 4
2021-06-24T07:17:51Z,80.0,Charge 4
2021-06-24T07:17:56Z,79.0,Charge 4
2021-06-24T07:18:01Z,78.0,Charge 4
2021-06-24T07:18:06Z,77.0,Charge 4
2021-06-24T07:18:21Z,77.0,Charge 4
2021-06-24T07:18:26Z,76.0,Charge 4
2021-06-24T07:18:31Z,74.0,Charge 4
2021-06-24T07:18:36Z,73.0,Charge 4
2021-06-24T07:18:41Z,74.0,Charge 4
2021-06-24T07:18:51Z,75.0,Charge 4
2021-06-24T07:18:56Z,76.0,Charge 4
2021-06-24T07:19:01Z,75.0,Charge 4
2021-06-24T07:19:06Z,75.0,Charge 4
2021-06-24T07:19:21Z,75.0,Charge 4
2021-06-24T07:19:36Z,78.0,Charge 4
2021-06-24T07:19:46Z,77.0,Charge 4
2021-06-24T07:19:51Z,76.0,Charge 4
2021-06-24T07:19:56Z,75.0,Charge 4
2021-06-24T07:20:11Z,75.0,Charge 4
2021-06-24T07:20:16Z,74.0,Charge 4
2021-06-24T07:20:31Z,74.0,Charge 4
2021-06-24T07:20:41Z,75.0,Charge 4
2021-06-24T07:20:46Z,76.0,Charge 4
2021-06-24T07:20:51Z,76.0,Charge 4
2021-06-24T07:20:56Z,77.0,Charge 4
2021-06-24T07:21:11Z,77.0,Charge 4
2021-06-24T07:21:16Z,77.0,Charge 4
2021-06-24T07:21:21Z,76.0,Charge 4
2021-06-24T07:21:26Z,75.0,Charge 4
2021-06-24T07:21:31Z,73.0,Charge 4
2021-06-24T07:21:46Z,73.0,Charge 4
2021-06-24T07:21:56Z,72.0,Charge 4
2021-06-24T07:22:06Z,72.0,Charge 4
2021-06-24T07:22:11Z,72.0,Charge 4
2021-06-24T07:22:16Z,72.0,Charge 4
2021-06-24T07:22:21Z,71.0,Charge 4
2021-06-24T07:22:26Z,72.0,Charge 4
2021-06-24T07:22:31Z,73.0,Charge 4
2021-06-24T07:22:41Z,72.0,Charge 4
2021-06-24T07:22:46Z,72.0,Charge 4
2021-06-24T07:22:51Z,71.0,Charge 4
2021-06-24T07:23:06Z,72.0,Charge 4
2021-06-24T07:23:11Z,73.0,Charge 4
2021-06-24T07:23:26Z,73.0,Charge 4
2021-06-24T07:23:41Z,74.0,Charge 4
2021-06-24T07:23:46Z,76.0,Charge 4
2021-06-24T07:23:51Z,76.0,Charge 4
2021-06-24T07:23:56Z,75.0,Charge 4
2021-06-24T07:24:06Z,75.0,Charge 4
2021-06-24T07:24:11Z,76.0,Charge 4
2021-06-24T07:24:26Z,76.0,Charge 4
2021-06-24T07:24:31Z,77.0,Charge 4
2021-06-24T07:24:46Z,77.0,Charge 4
2021-06-24T07:24:51Z,78.0,Charge 4
2021-06-24T07:24:56Z,79.0,Charge 4
2021-06-24T07:25:01Z,80.0,Charge 4
2021-06-24T07:25:06Z,81.0,Charge 4
2021-06-24T07:25:11Z,79.0,Charge 4
2021-06-24T07:25:16Z,75.0,Charge 4
2021-06-24T07:25:21Z,73.0,Charge 4
2021-06-24T07:25:36Z,73.0,Charge 4
2021-06-24T07:25:41Z,73.0,Charge 4
2021-06-24T07:25:46Z,74.0,Charge 4
2021-06-24T07:25:56Z,75.0,Charge 4
2021-06-24T07:26:11Z,74.0,Charge 4
2021-06-24T07:26:21Z,75.0,Charge 4
2021-06-24T07:26:26Z,76.0,Charge 4
2021-06-24T07:26:31Z,78.0,Charge 4
2021-06-24T07:26:36Z,81.0,Charge 4
2021-06-24T07:26:46Z,80.0,Charge 4
2021-06-24T07:26:56Z,78.0,Charge 4
2021-06-24T07:27:01Z,77.0,Charge 4
2021-06-24T07:27:06Z,76.0,Charge 4
2021-06-24T07:27:11Z,74.0,Charge 4
2021-06-24T07:27:16Z,72.0,Charge 4
2021-06-24T07:27:31Z,73.0,Charge 4
2021-06-24T07:27:46Z,75.0,Charge 4
2021-06-24T07:28:01Z,75.0,Charge 4
2021-06-24T07:28:16Z,75.0,Charge 4
2021-06-24T07:28:31Z,75.0,Charge 4
2021-06-24T07:28:36Z,73.0,Charge 4
2021-06-24T07:28:51Z,73.0,Charge 4
2021-06-24T07:28:56Z,72.0,Charge 4
2021-06-24T07:29:06Z,70.0,Charge 4
2021-06-24T07:29:11Z,71.0,Charge 4
2021-06-24T07:29:26Z,71.0,Charge 4
2021-06-24T07:32:37Z,83.0,Charge 4
2021-06-24T07:32:42Z,84.0,Charge 4
2021-06-24T07:32:47Z,84.0,Charge 4
2021-06-24T07:32:52Z,83.0,Charge 4
2021-06-24T07:32:57Z,82.0,Charge 4
2021-06-24T07:33:02Z,81.0,Charge 4
2021-06-24T07:33:17Z,80.0,Charge 4
2021-06-24T07:33:32Z,80.0,Charge 4
2021-06-24T07:33:37Z,81.0,Charge 4
2021-06-24T07:33:52Z,81.0,Charge 4
2021-06-24T07:34:07Z,81.0,Charge 4
2021-06-24T07:34:12Z,82.0,Charge 4
2021-06-24T07:34:17Z,81.0,Charge 4
2021-06-24T07:34:32Z,81.0,Charge 4
2021-06-24T07:34:42Z,83.0,Charge 4
2021-06-24T07:34:47Z,85.0,Charge 4
2021-06-24T07:34:52Z,84.0,Charge 4
2021-06-24T07:35:02Z,83.0,Charge 4
2021-06-24T07:35:07Z,82.0,Charge 4
2021-06-24T07:35:12Z,81.0,Charge 4
2021-06-24T07:35:27Z,79.0,Charge 4
2021-06-24T07:35:32Z,78.0,Charge 4
2021-06-24T07:35:37Z,77.0,Charge 4
2021-06-24T07:35:52Z,77.0,Charge 4
2021-06-24T07:36:02Z,78.0,Charge 4
2021-06-24T07:36:17Z,78.0,Charge 4
2021-06-24T07:36:27Z,79.0,Charge 4
2021-06-24T07:36:32Z,81.0,Charge 4
2021-06-24T07:36:47Z,81.0,Charge 4
2021-06-24T07:37:02Z,81.0,Charge 4
2021-06-24T07:37:07Z,80.0,Charge 4
2021-06-24T07:37:12Z,79.0,Charge 4
2021-06-24T07:37:17Z,79.0,Charge 4
2021-06-24T07:37:22Z,78.0,Charge 4
2021-06-24T07:37:37Z,78.0,Charge 4
2021-06-24T07:37:52Z,78.0,Charge 4
2021-06-24T07:38:02Z,78.0,Charge 4
2021-06-24T07:38:07Z,77.0,Charge 4
2021-06-24T07:38:22Z,77.0,Charge 4
2021-06-24T07:38:27Z,77.0,Charge 4
2021-06-24T07:38:32Z,77.0,Charge 4
2021-06-24T07:38:37Z,77.0,Charge 4
2021-06-24T07:38:52Z,77.0,Charge 4
2021-06-24T07:39:07Z,77.0,Charge 4
2021-06-24T07:39:22Z,77.0,Charge 4
2021-06-24T07:39:27Z,76.0,Charge 4
2021-06-24T07:39:32Z,75.0,Charge 4
2021-06-24T07:39:37Z,71.0,Charge 4
2021-06-24T07:39:42Z,67.0,Charge 4
2021-06-24T07:39:47Z,64.0,Charge 4
2021-06-24T07:39:52Z,62.0,Charge 4
2021-06-24T07:39:57Z,67.0,Charge 4
2021-06-24T07:40:02Z,68.0,Charge 4
2021-06-24T07:40:07Z,70.0,Charge 4
2021-06-24T07:40:14Z,71.0,Charge 4
2021-06-24T07:40:19Z,72.0,Charge 4
2021-06-24T07:40:24Z,71.0,Charge 4
2021-06-24T07:40:39Z,69.0,Charge 4
2021-06-24T07:40:44Z,67.0,Charge 4
2021-06-24T07:40:49Z,69.0,Charge 4
2021-06-24T07:40:54Z,72.0,Charge 4
2021-06-24T07:40:59Z,74.0,Charge 4
2021-06-24T07:41:04Z,75.0,Charge 4
2021-06-24T07:41:09Z,76.0,Charge 4
2021-06-24T07:41:19Z,79.0,Charge 4
2021-06-24T07:41:24Z,88.0,Charge 4
2021-06-24T07:41:29Z,86.0,Charge 4
2021-06-24T07:41:34Z,81.0,Charge 4
2021-06-24T07:41:39Z,79.0,Charge 4
2021-06-24T07:41:44Z,80.0,Charge 4
2021-06-24T07:41:49Z,80.0,Charge 4
2021-06-24T07:41:54Z,80.0,Charge 4
2021-06-24T07:41:59Z,81.0,Charge 4
2021-06-24T07:42:04Z,82.0,Charge 4
2021-06-24T07:42:14Z,79.0,Charge 4
2021-06-24T07:42:19Z,78.0,Charge 4
2021-06-24T07:42:24Z,79.0,Charge 4
2021-06-24T07:42:29Z,78.0,Charge 4
2021-06-24T07:42:34Z,76.0,Charge 4
2021-06-24T07:42:39Z,76.0,Charge 4
2021-06-24T07:42:44Z,73.0,Charge 4
2021-06-24T07:42:49Z,72.0,Charge 4
2021-06-24T07:42:54Z,74.0,Charge 4
2021-06-24T07:42:59Z,76.0,Charge 4
2021-06-24T07:43:04Z,74.0,Charge 4
2021-06-24T07:43:09Z,73.0,Charge 4
2021-06-24T07:43:19Z,75.0,Charge 4
2021-06-24T07:43:24Z,74.0,Charge 4
2021-06-24T07:43:34Z,78.0,Charge 4
2021-06-24T07:43:39Z,79.0,Charge 4
2021-06-24T07:43:44Z,81.0,Charge 4
2021-06-24T07:43:49Z,80.0,Charge 4
2021-06-24T07:43:54Z,78.0,Charge 4
2021-06-24T07:43:59Z,76.0,Charge 4
2021-06-24T07:44:04Z,75.0,Charge 4
2021-06-24T07:44:19Z,75.0,Charge 4
2021-06-24T07:44:24Z,74.0,Charge 4
2021-06-24T07:44:34Z,74.0,Charge 4
2021-06-24T07:44:39Z,75.0,Charge 4
2021-06-24T07:44:54Z,75.0,Charge 4
2021-06-24T07:44:59Z,76.0,Charge 4
2021-06-24T07:45:04Z,75.0,Charge 4
2021-06-24T07:45:09Z,74.0,Charge 4
2021-06-24T07:45:24Z,76.0,Charge 4
2021-06-24T07:45:29Z,77.0,Charge 4
2021-06-24T07:45:34Z,77.0,Charge 4
2021-06-24T07:45:39Z,78.0,Charge 4
2021-06-24T07:45:44Z,80.0,Charge 4
2021-06-24T07:45:49Z,79.0,Charge 4
2021-06-24T07:45:59Z,80.0,Charge 4
2021-06-24T07:46:04Z,81.0,Charge 4
2021-06-24T07:46:09Z,82.0,Charge 4
2021-06-24T07:46:14Z,83.0,Charge 4
2021-06-24T07:46:19Z,82.0,Charge 4
2021-06-24T07:46:24Z,82.0,Charge 4
2021-06-24T07:46:34Z,81.0,Charge 4
2021-06-24T07:46:39Z,80.0,Charge 4
2021-06-24T07:46:44Z,79.0,Charge 4
2021-06-24T07:46:49Z,78.0,Charge 4
2021-06-24T07:46:54Z,77.0,Charge 4
2021-06-24T07:47:04Z,73.0,Charge 4
2021-06-24T07:47:09Z,72.0,Charge 4
2021-06-24T07:47:14Z,74.0,Charge 4
2021-06-24T07:47:19Z,75.0,Charge 4
2021-06-24T07:47:34Z,76.0,Charge 4
2021-06-24T07:47:44Z,75.0,Charge 4
2021-06-24T07:47:49Z,72.0,Charge 4
2021-06-24T07:48:04Z,72.0,Charge 4
2021-06-24T07:48:09Z,73.0,Charge 4
2021-06-24T07:48:24Z,73.0,Charge 4
2021-06-24T07:48:39Z,74.0,Charge 4
2021-06-24T07:48:44Z,77.0,Charge 4
2021-06-24T07:48:49Z,78.0,Charge 4
2021-06-24T07:48:54Z,79.0,Charge 4
2021-06-24T07:48:59Z,79.0,Charge 4
2021-06-24T07:49:04Z,78.0,Charge 4
2021-06-24T07:49:09Z,77.0,Charge 4
2021-06-24T07:49:14Z,77.0,Charge 4
2021-06-24T07:49:24Z,76.0,Charge 4
2021-06-24T07:49:29Z,76.0,Charge 4
2021-06-24T07:49:39Z,76.0,Charge 4
2021-06-24T07:49:44Z,75.0,Charge 4
2021-06-24T07:49:49Z,74.0,Charge 4
2021-06-24T07:49:54Z,73.0,Charge 4
2021-06-24T07:49:59Z,74.0,Charge 4
2021-06-24T07:50:04Z,75.0,Charge 4
2021-06-24T07:50:19Z,76.0,Charge 4
2021-06-24T07:50:24Z,76.0,Charge 4
2021-06-24T07:50:39Z,76.0,Charge 4
2021-06-24T07:50:44Z,76.0,Charge 4
2021-06-24T07:50:49Z,76.0,Charge 4
2021-06-24T07:51:04Z,76.0,Charge 4
2021-06-24T07:51:19Z,77.0,Charge 4
2021-06-24T07:51:24Z,79.0,Charge 4
2021-06-24T07:51:29Z,81.0,Charge 4
2021-06-24T07:51:39Z,82.0,Charge 4
2021-06-24T07:51:54Z,82.0,Charge 4
2021-06-24T07:51:59Z,85.0,Charge 4
2021-06-24T07:52:04Z,83.0,Charge 4
2021-06-24T07:52:09Z,82.0,Charge 4
2021-06-24T07:52:14Z,80.0,Charge 4
2021-06-24T07:52:21Z,79.0,Charge 4
2021-06-24T07:55:36Z,81.0,Charge 4
2021-06-24T07:55:41Z,81.0,Charge 4
2021-06-24T07:55:51Z,82.0,Charge 4
2021-06-24T07:55:56Z,81.0,Charge 4
2021-06-24T07:56:11Z,81.0,Charge 4
2021-06-24T07:56:16Z,75.0,Charge 4
2021-06-24T07:56:31Z,75.0,Charge 4
2021-06-24T07:56:36Z,75.0,Charge 4
2021-06-24T07:56:41Z,76.0,Charge 4
2021-06-24T07:56:46Z,77.0,Charge 4
2021-06-24T07:57:01Z,79.0,Charge 4
2021-06-24T07:57:06Z,78.0,Charge 4
2021-06-24T07:57:11Z,79.0,Charge 4
2021-06-24T07:57:16Z,78.0,Charge 4
2021-06-24T07:57:31Z,79.0,Charge 4
2021-06-24T07:57:36Z,80.0,Charge 4
2021-06-24T07:57:46Z,79.0,Charge 4
2021-06-24T07:58:01Z,79.0,Charge 4
2021-06-24T07:58:16Z,81.0,Charge 4
2021-06-24T07:58:21Z,82.0,Charge 4
2021-06-24T07:58:31Z,83.0,Charge 4
2021-06-24T07:58:36Z,82.0,Charge 4
2021-06-24T07:58:51Z,81.0,Charge 4
2021-06-24T07:59:01Z,82.0,Charge 4
2021-06-24T07:59:06Z,81.0,Charge 4
2021-06-24T07:59:11Z,81.0,Charge 4
2021-06-24T07:59:26Z,81.0,Charge 4
2021-06-24T07:59:31Z,81.0,Charge 4
2021-06-24T07:59:36Z,81.0,Charge 4
2021-06-24T07:59:51Z,81.0,Charge 4
2021-06-24T08:00:06Z,81.0,Charge 4
2021-06-24T08:00:11Z,80.0,Charge 4
2021-06-24T08:00:21Z,79.0,Charge 4
2021-06-24T08:00:31Z,78.0,Charge 4
2021-06-24T08:00:41Z,79.0,Charge 4
2021-06-24T08:00:46Z,80.0,Charge 4
2021-06-24T08:00:56Z,79.0,Charge 4
2021-06-24T08:01:11Z,80.0,Charge 4
2021-06-24T08:01:26Z,80.0,Charge 4
2021-06-24T08:01:31Z,77.0,Charge 4
2021-06-24T08:01:36Z,75.0,Charge 4
2021-06-24T08:01:51Z,76.0,Charge 4
2021-06-24T08:01:56Z,76.0,Charge 4
2021-06-24T08:02:01Z,76.0,Charge 4
2021-06-24T08:02:11Z,77.0,Charge 4
2021-06-24T08:02:21Z,78.0,Charge 4
2021-06-24T08:02:26Z,78.0,Charge 4
2021-06-24T08:02:41Z,79.0,Charge 4
2021-06-24T08:02:46Z,81.0,Charge 4
2021-06-24T08:02:51Z,82.0,Charge 4
2021-06-24T08:02:56Z,84.0,Charge 4
2021-06-24T08:03:01Z,86.0,Charge 4
2021-06-24T08:03:06Z,88.0,Charge 4
2021-06-24T08:03:11Z,90.0,Charge 4
2021-06-24T08:03:16Z,86.0,Charge 4
2021-06-24T08:03:21Z,82.0,Charge 4
2021-06-24T08:03:31Z,83.0,Charge 4
2021-06-24T08:03:36Z,85.0,Charge 4
2021-06-24T08:03:41Z,86.0,Charge 4
2021-06-24T08:03:56Z,88.0,Charge 4
2021-06-24T08:04:01Z,89.0,Charge 4
2021-06-24T08:04:11Z,87.0,Charge 4
2021-06-24T08:04:16Z,86.0,Charge 4
2021-06-24T08:04:21Z,81.0,Charge 4
2021-06-24T08:04:26Z,78.0,Charge 4
2021-06-24T08:04:36Z,77.0,Charge 4
2021-06-24T08:04:41Z,76.0,Charge 4
2021-06-24T08:04:56Z,80.0,Charge 4
2021-06-24T08:05:11Z,78.0,Charge 4
2021-06-24T08:05:21Z,79.0,Charge 4
2021-06-24T08:05:31Z,78.0,Charge 4
2021-06-24T08:05:36Z,77.0,Charge 4
2021-06-24T08:05:41Z,78.0,Charge 4
2021-06-24T08:05:46Z,79.0,Charge 4
2021-06-24T08:05:51Z,78.0,Charge 4
2021-06-24T08:06:01Z,77.0,Charge 4
2021-06-24T08:06:11Z,78.0,Charge 4
2021-06-24T08:06:26Z,79.0,Charge 4
2021-06-24T08:06:31Z,80.0,Charge 4
2021-06-24T08:06:41Z,81.0,Charge 4
2021-06-24T08:06:51Z,82.0,Charge 4
2021-06-24T08:06:56Z,83.0,Charge 4
2021-06-24T08:07:01Z,84.0,Charge 4
2021-06-24T08:07:06Z,83.0,Charge 4
2021-06-24T08:07:11Z,84.0,Charge 4
2021-06-24T08:07:16Z,86.0,Charge 4
2021-06-24T08:07:21Z,85.0,Charge 4
2021-06-24T08:07:36Z,85.0,Charge 4
2021-06-24T08:07:41Z,85.0,Charge 4
2021-06-24T08:07:46Z,87.0,Charge 4
2021-06-24T08:07:51Z,88.0,Charge 4
2021-06-24T08:08:06Z,88.0,Charge 4
2021-06-24T08:08:16Z,91.0,Charge 4
2021-06-24T08:08:21Z,92.0,Charge 4
2021-06-24T08:08:31Z,90.0,Charge 4
2021-06-24T08:08:46Z,90.0,Charge 4
2021-06-24T08:08:51Z,86.0,Charge 4
2021-06-24T08:08:56Z,81.0,Charge 4
2021-06-24T08:09:01Z,76.0,Charge 4
2021-06-24T08:09:06Z,74.0,Charge 4
2021-06-24T08:09:11Z,73.0,Charge 4
2021-06-24T08:09:16Z,74.0,Charge 4
2021-06-24T08:09:26Z,74.0,Charge 4
2021-06-24T08:09:31Z,73.0,Charge 4
2021-06-24T08:09:46Z,73.0,Charge 4
2021-06-24T08:09:48Z,74.0,Charge 4
2021-06-24T08:09:53Z,76.0,Charge 4
2021-06-24T08:09:58Z,79.0,Charge 4
2021-06-24T08:10:03Z,80.0,Charge 4
2021-06-24T08:10:13Z,77.0,Charge 4
2021-06-24T08:10:18Z,75.0,Charge 4
2021-06-24T08:10:23Z,74.0,Charge 4
2021-06-24T08:10:33Z,75.0,Charge 4
2021-06-24T08:10:38Z,74.0,Charge 4
2021-06-24T08:10:48Z,73.0,Charge 4
2021-06-24T08:10:53Z,71.0,Charge 4
2021-06-24T08:10:58Z,70.0,Charge 4
2021-06-24T08:11:13Z,71.0,Charge 4
2021-06-24T08:11:28Z,71.0,Charge 4
2021-06-24T08:11:33Z,71.0,Charge 4
2021-06-24T08:11:43Z,75.0,Charge 4
2021-06-24T08:11:48Z,77.0,Charge 4
2021-06-24T08:11:53Z,78.0,Charge 4
2021-06-24T08:11:58Z,76.0,Charge 4
2021-06-24T08:12:03Z,76.0,Charge 4
2021-06-24T08:12:08Z,75.0,Charge 4
2021-06-24T08:12:13Z,73.0,Charge 4
2021-06-24T08:12:18Z,71.0,Charge 4
2021-06-24T08:12:23Z,71.0,Charge 4
2021-06-24T08:12:28Z,70.0,Charge 4
2021-06-24T08:12:43Z,69.0,Charge 4
2021-06-24T08:12:58Z,70.0,Charge 4
2021-06-24T08:13:03Z,71.0,Charge 4
2021-06-24T08:13:18Z,71.0,Charge 4
2021-06-24T08:13:33Z,71.0,Charge 4
2021-06-24T08:13:43Z,72.0,Charge 4
2021-06-24T08:13:48Z,74.0,Charge 4
2021-06-24T08:14:03Z,74.0,Charge 4
2021-06-24T08:14:08Z,75.0,Charge 4
2021-06-24T08:14:18Z,73.0,Charge 4
2021-06-24T08:14:33Z,73.0,Charge 4
2021-06-24T08:14:48Z,74.0,Charge 4
2021-06-24T08:14:53Z,75.0,Charge 4
2021-06-24T08:14:58Z,74.0,Charge 4
2021-06-24T08:15:03Z,73.0,Charge 4
2021-06-24T08:15:08Z,72.0,Charge 4
2021-06-24T08:15:23Z,72.0,Charge 4
2021-06-24T08:15:38Z,72.0,Charge 4
2021-06-24T08:15:48Z,73.0,Charge 4
2021-06-24T08:15:58Z,72.0,Charge 4
2021-06-24T08:16:03Z,71.0,Charge 4
2021-06-24T08:16:13Z,70.0,Charge 4
2021-06-24T08:16:28Z,70.0,Charge 4
2021-06-24T08:16:38Z,72.0,Charge 4
2021-06-24T08:16:43Z,73.0,Charge 4
2021-06-24T08:16:48Z,74.0,Charge 4
2021-06-24T08:16:58Z,73.0,Charge 4
2021-06-24T08:17:13Z,73.0,Charge 4
2021-06-24T08:17:18Z,74.0,Charge 4
2021-06-24T08:17:23Z,74.0,Charge 4
2021-06-24T08:17:33Z,73.0,Charge 4
2021-06-24T08:17:38Z,73.0,Charge 4
2021-06-24T08:17:48Z,73.0,Charge 4
2021-06-24T08:17:53Z,72.0,Charge 4
2021-06-24T08:18:03Z,71.0,Charge 4
2021-06-24T08:18:08Z,71.0,Charge 4
2021-06-24T08:18:18Z,72.0,Charge 4
2021-06-24T08:18:23Z,73.0,Charge 4
2021-06-24T08:18:28Z,74.0,Charge 4
2021-06-24T08:18:43Z,75.0,Charge 4
2021-06-24T08:18:53Z,76.0,Charge 4
2021-06-24T08:19:03Z,77.0,Charge 4
2021-06-24T08:19:08Z,75.0,Charge 4
2021-06-24T08:19:13Z,74.0,Charge 4
2021-06-24T08:19:28Z,74.0,Charge 4
2021-06-24T08:19:33Z,74.0,Charge 4
2021-06-24T08:19:38Z,75.0,Charge 4
2021-06-24T08:19:43Z,76.0,Charge 4
2021-06-24T08:19:48Z,77.0,Charge 4
2021-06-24T08:20:03Z,77.0,Charge 4
2021-06-24T08:20:18Z,77.0,Charge 4
2021-06-24T08:20:23Z,76.0,Charge 4
2021-06-24T08:20:28Z,73.0,Charge 4
2021-06-24T08:20:33Z,72.0,Charge 4
2021-06-24T08:20:48Z,72.0,Charge 4
2021-06-24T08:20:53Z,74.0,Charge 4
2021-06-24T08:20:58Z,72.0,Charge 4
2021-06-24T08:21:03Z,71.0,Charge 4
2021-06-24T08:21:18Z,71.0,Charge 4
2021-06-24T08:21:23Z,74.0,Charge 4
2021-06-24T08:21:38Z,74.0,Charge 4
2021-06-24T08:21:43Z,75.0,Charge 4
2021-06-24T08:21:58Z,75.0,Charge 4
2021-06-24T08:22:03Z,78.0,Charge 4
2021-06-24T08:22:18Z,78.0,Charge 4
2021-06-24T08:22:33Z,79.0,Charge 4
2021-06-24T08:22:38Z,78.0,Charge 4
2021-06-24T08:22:43Z,76.0,Charge 4
2021-06-24T08:22:53Z,75.0,Charge 4
2021-06-24T08:22:58Z,74.0,Charge 4
2021-06-24T08:23:08Z,74.0,Charge 4
2021-06-24T08:23:13Z,75.0,Charge 4
2021-06-24T08:23:28Z,75.0,Charge 4
2021-06-24T08:23:33Z,77.0,Charge 4
2021-06-24T08:23:38Z,78.0,Charge 4
2021-06-24T08:23:53Z,78.0,Charge 4
2021-06-24T08:24:03Z,79.0,Charge 4
2021-06-24T08:24:13Z,80.0,Charge 4
2021-06-24T08:24:18Z,83.0,Charge 4
2021-06-24T08:24:23Z,82.0,Charge 4
2021-06-24T08:24:29Z,80.0,Charge 4
2021-06-24T08:24:34Z,81.0,Charge 4
2021-06-24T08:24:39Z,80.0,Charge 4
2021-06-24T08:24:44Z,79.0,Charge 4
2021-06-24T08:24:59Z,79.0,Charge 4
2021-06-24T08:25:04Z,78.0,Charge 4
2021-06-24T08:25:14Z,79.0,Charge 4
2021-06-24T08:25:19Z,78.0,Charge 4
2021-06-24T08:25:24Z,76.0,Charge 4
2021-06-24T08:25:29Z,77.0,Charge 4
2021-06-24T08:25:34Z,76.0,Charge 4
2021-06-24T08:25:39Z,74.0,Charge 4
2021-06-24T08:25:54Z,74.0,Charge 4
2021-06-24T08:25:59Z,73.0,Charge 4
2021-06-24T08:26:04Z,73.0,Charge 4
2021-06-24T08:26:09Z,73.0,Charge 4
2021-06-24T08:26:19Z,75.0,Charge 4
2021-06-24T08:26:24Z,76.0,Charge 4
2021-06-24T08:26:29Z,75.0,Charge 4
2021-06-24T08:26:34Z,74.0,Charge 4
2021-06-24T08:26:39Z,73.0,Charge 4
2021-06-24T08:26:49Z,74.0,Charge 4
2021-06-24T08:27:04Z,74.0,Charge 4
2021-06-24T08:27:09Z,75.0,Charge 4
2021-06-24T08:27:24Z,74.0,Charge 4
2021-06-24T08:27:39Z,75.0,Charge 4
2021-06-24T08:27:54Z,75.0,Charge 4
2021-06-24T08:27:59Z,75.0,Charge 4
2021-06-24T08:28:09Z,76.0,Charge 4
2021-06-24T08:28:14Z,74.0,Charge 4
2021-06-24T08:28:19Z,72.0,Charge 4
2021-06-24T08:28:29Z,70.0,Charge 4
2021-06-24T08:28:34Z,69.0,Charge 4
2021-06-24T08:28:39Z,68.0,Charge 4
2021-06-24T08:28:44Z,69.0,Charge 4
2021-06-24T08:28:49Z,70.0,Charge 4
2021-06-24T08:28:59Z,72.0,Charge 4
2021-06-24T08:29:04Z,73.0,Charge 4
2021-06-24T08:29:09Z,73.0,Charge 4
2021-06-24T08:29:14Z,74.0,Charge 4
2021-06-24T08:29:29Z,74.0,Charge 4
2021-06-24T08:29:44Z,74.0,Charge 4
2021-06-24T08:29:59Z,74.0,Charge 4
2021-06-24T08:30:09Z,75.0,Charge 4
2021-06-24T08:30:19Z,74.0,Charge 4
2021-06-24T08:30:24Z,73.0,Charge 4
2021-06-24T08:30:29Z,73.0,Charge 4
2021-06-24T08:30:34Z,72.0,Charge 4
2021-06-24T08:30:39Z,71.0,Charge 4
2021-06-24T08:30:44Z,70.0,Charge 4
2021-06-24T08:30:49Z,69.0,Charge 4
2021-06-24T08:30:54Z,68.0,Charge 4
2021-06-24T08:31:04Z,69.0,Charge 4
2021-06-24T08:31:09Z,67.0,Charge 4
2021-06-24T08:31:14Z,67.0,Charge 4
2021-06-24T08:31:19Z,68.0,Charge 4
2021-06-24T08:31:24Z,69.0,Charge 4
2021-06-24T08:31:29Z,70.0,Charge 4
2021-06-24T08:31:34Z,71.0,Charge 4
2021-06-24T08:31:39Z,72.0,Charge 4
2021-06-24T08:31:44Z,73.0,Charge 4
2021-06-24T08:31:49Z,73.0,Charge 4
2021-06-24T08:32:04Z,72.0,Charge 4
2021-06-24T08:32:09Z,71.0,Charge 4
2021-06-24T08:32:14Z,70.0,Charge 4
2021-06-24T08:32:24Z,70.0,Charge 4
2021-06-24T08:32:29Z,71.0,Charge 4
2021-06-24T08:32:34Z,72.0,Charge 4
2021-06-24T08:32:39Z,73.0,Charge 4
2021-06-24T08:32:49Z,75.0,Charge 4
2021-06-24T08:33:04Z,76.0,Charge 4
2021-06-24T08:33:19Z,74.0,Charge 4
2021-06-24T08:33:24Z,74.0,Charge 4
2021-06-24T08:33:39Z,74.0,Charge 4
2021-06-24T08:33:49Z,72.0,Charge 4
2021-06-24T08:33:54Z,73.0,Charge 4
2021-06-24T08:33:59Z,71.0,Charge 4
2021-06-24T08:34:09Z,73.0,Charge 4
2021-06-24T08:34:14Z,74.0,Charge 4
2021-06-24T08:34:19Z,73.0,Charge 4
2021-06-24T08:34:24Z,73.0,Charge 4
2021-06-24T08:34:29Z,73.0,Charge 4
2021-06-24T08:34:39Z,77.0,Charge 4
2021-06-24T08:34:44Z,78.0,Charge 4
2021-06-24T08:34:49Z,79.0,Charge 4
2021-06-24T08:34:54Z,79.0,Charge 4
2021-06-24T08:34:59Z,76.0,Charge 4
2021-06-24T08:35:04Z,75.0,Charge 4
2021-06-24T08:35:09Z,76.0,Charge 4
2021-06-24T08:35:14Z,78.0,Charge 4
2021-06-24T08:35:24Z,77.0,Charge 4
2021-06-24T08:35:29Z,75.0,Charge 4
2021-06-24T08:35:34Z,71.0,Charge 4
2021-06-24T08:35:49Z,71.0,Charge 4
2021-06-24T08:35:59Z,70.0,Charge 4
2021-06-24T08:36:04Z,69.0,Charge 4
2021-06-24T08:36:09Z,70.0,Charge 4
2021-06-24T08:36:14Z,71.0,Charge 4
2021-06-24T08:36:24Z,72.0,Charge 4
2021-06-24T08:36:29Z,73.0,Charge 4
2021-06-24T08:36:39Z,74.0,Charge 4
2021-06-24T08:36:49Z,75.0,Charge 4
2021-06-24T08:36:59Z,74.0,Charge 4
2021-06-24T08:37:14Z,73.0,Charge 4
2021-06-24T08:37:19Z,74.0,Charge 4
2021-06-24T08:37:29Z,77.0,Charge 4
2021-06-24T08:37:34Z,78.0,Charge 4
2021-06-24T08:37:39Z,79.0,Charge 4
2021-06-24T08:37:44Z,77.0,Charge 4
2021-06-24T08:37:54Z,76.0,Charge 4
2021-06-24T08:38:09Z,76.0,Charge 4
2021-06-24T08:38:24Z,77.0,Charge 4
2021-06-24T08:38:34Z,78.0,Charge 4
2021-06-24T08:38:44Z,79.0,Charge 4
2021-06-24T08:38:49Z,78.0,Charge 4
2021-06-24T08:38:54Z,77.0,Charge 4
2021-06-24T08:39:04Z,76.0,Charge 4
2021-06-24T08:39:19Z,76.0,Charge 4
2021-06-24T08:39:29Z,75.0,Charge 4
2021-06-24T08:39:44Z,75.0,Charge 4
2021-06-24T08:39:59Z,75.0,Charge 4
2021-06-24T08:40:04Z,74.0,Charge 4
2021-06-24T08:40:09Z,71.0,Charge 4
2021-06-24T08:40:14Z,70.0,Charge 4
2021-06-24T08:40:19Z,68.0,Charge 4
2021-06-24T08:40:34Z,68.0,Charge 4
2021-06-24T08:40:49Z,69.0,Charge 4
2021-06-24T08:40:54Z,71.0,Charge 4
2021-06-24T08:40:59Z,73.0,Charge 4
2021-06-24T08:41:09Z,72.0,Charge 4
2021-06-24T08:41:14Z,71.0,Charge 4
2021-06-24T08:41:24Z,72.0,Charge 4
2021-06-24T08:41:30Z,71.0,Charge 4
2021-06-24T08:41:40Z,72.0,Charge 4
2021-06-24T08:41:50Z,74.0,Charge 4
2021-06-24T08:41:55Z,75.0,Charge 4
2021-06-24T08:42:00Z,76.0,Charge 4
2021-06-24T08:42:05Z,77.0,Charge 4
2021-06-24T08:42:20Z,77.0,Charge 4
2021-06-24T08:42:30Z,78.0,Charge 4
2021-06-24T08:42:40Z,77.0,Charge 4
2021-06-24T08:42:45Z,73.0,Charge 4
2021-06-24T08:43:00Z,74.0,Charge 4
2021-06-24T08:43:05Z,76.0,Charge 4
2021-06-24T08:43:10Z,77.0,Charge 4
2021-06-24T08:43:15Z,78.0,Charge 4
2021-06-24T08:43:20Z,84.0,Charge 4
2021-06-24T08:43:25Z,84.0,Charge 4
2021-06-24T08:43:30Z,85.0,Charge 4
2021-06-24T08:43:35Z,83.0,Charge 4
2021-06-24T08:43:40Z,81.0,Charge 4
2021-06-24T08:43:45Z,82.0,Charge 4
2021-06-24T08:43:50Z,80.0,Charge 4
2021-06-24T08:44:05Z,80.0,Charge 4
2021-06-24T08:44:15Z,82.0,Charge 4
2021-06-24T08:44:20Z,83.0,Charge 4
2021-06-24T08:44:35Z,82.0,Charge 4
2021-06-24T08:44:45Z,81.0,Charge 4
2021-06-24T08:44:50Z,80.0,Charge 4
2021-06-24T08:44:55Z,79.0,Charge 4
2021-06-24T08:45:00Z,80.0,Charge 4
2021-06-24T08:45:05Z,81.0,Charge 4
2021-06-24T08:45:20Z,80.0,Charge 4
2021-06-24T08:45:25Z,81.0,Charge 4
2021-06-24T08:45:30Z,82.0,Charge 4
2021-06-24T08:45:35Z,83.0,Charge 4
2021-06-24T08:45:40Z,85.0,Charge 4
2021-06-24T08:45:45Z,88.0,Charge 4
2021-06-24T08:45:50Z,89.0,Charge 4
2021-06-24T08:45:55Z,86.0,Charge 4
2021-06-24T08:46:10Z,86.0,Charge 4
2021-06-24T08:46:20Z,87.0,Charge 4
2021-06-24T08:46:25Z,85.0,Charge 4
2021-06-24T08:46:30Z,80.0,Charge 4
2021-06-24T08:46:35Z,80.0,Charge 4
2021-06-24T08:46:40Z,80.0,Charge 4
2021-06-24T08:46:50Z,81.0,Charge 4
2021-06-24T08:46:55Z,82.0,Charge 4
2021-06-24T08:47:00Z,81.0,Charge 4
2021-06-24T08:47:05Z,80.0,Charge 4
2021-06-24T08:47:15Z,79.0,Charge 4
2021-06-24T08:47:25Z,80.0,Charge 4
2021-06-24T08:47:30Z,82.0,Charge 4
2021-06-24T08:47:35Z,82.0,Charge 4
2021-06-24T08:47:40Z,81.0,Charge 4
2021-06-24T08:47:45Z,80.0,Charge 4
2021-06-24T08:47:51Z,80.0,Charge 4
2021-06-24T08:47:56Z,81.0,Charge 4
2021-06-24T08:48:11Z,83.0,Charge 4
2021-06-24T08:48:21Z,82.0,Charge 4
2021-06-24T08:48:31Z,81.0,Charge 4
2021-06-24T08:48:36Z,80.0,Charge 4
2021-06-24T08:48:51Z,80.0,Charge 4
2021-06-24T08:48:56Z,82.0,Charge 4
2021-06-24T08:49:01Z,83.0,Charge 4
2021-06-24T08:49:11Z,82.0,Charge 4
2021-06-24T08:49:21Z,83.0,Charge 4
2021-06-24T08:49:26Z,84.0,Charge 4
2021-06-24T08:49:31Z,81.0,Charge 4
2021-06-24T08:49:41Z,82.0,Charge 4
2021-06-24T08:49:56Z,81.0,Charge 4
2021-06-24T08:50:11Z,82.0,Charge 4
2021-06-24T08:50:16Z,84.0,Charge 4
2021-06-24T08:50:26Z,83.0,Charge 4
2021-06-24T08:50:31Z,81.0,Charge 4
2021-06-24T08:50:36Z,80.0,Charge 4
2021-06-24T08:50:41Z,82.0,Charge 4
2021-06-24T08:50:46Z,85.0,Charge 4
2021-06-24T08:50:51Z,86.0,Charge 4
2021-06-24T08:51:01Z,89.0,Charge 4
2021-06-24T08:51:06Z,90.0,Charge 4
2021-06-24T08:51:16Z,91.0,Charge 4
2021-06-24T08:51:21Z,90.0,Charge 4
2021-06-24T08:51:36Z,91.0,Charge 4
2021-06-24T08:51:41Z,92.0,Charge 4
2021-06-24T08:51:46Z,91.0,Charge 4
2021-06-24T08:52:01Z,90.0,Charge 4
2021-06-24T08:52:06Z,88.0,Charge 4
2021-06-24T08:52:11Z,87.0,Charge 4
2021-06-24T08:52:16Z,86.0,Charge 4
2021-06-24T08:52:21Z,85.0,Charge 4
2021-06-24T08:52:26Z,86.0,Charge 4
2021-06-24T08:52:36Z,83.0,Charge 4
2021-06-24T08:52:41Z,82.0,Charge 4
2021-06-24T08:52:56Z,82.0,Charge 4
2021-06-24T08:53:01Z,83.0,Charge 4
2021-06-24T08:53:06Z,82.0,Charge 4
2021-06-24T08:53:11Z,81.0,Charge 4
2021-06-24T08:53:16Z,81.0,Charge 4
2021-06-24T08:53:31Z,81.0,Charge 4
2021-06-24T08:53:46Z,82.0,Charge 4
2021-06-24T08:54:01Z,83.0,Charge 4
2021-06-24T08:54:06Z,84.0,Charge 4
2021-06-24T08:54:16Z,85.0,Charge 4
2021-06-24T08:54:21Z,84.0,Charge 4
2021-06-24T08:54:36Z,84.0,Charge 4
2021-06-24T08:54:45Z,85.0,Charge 4
2021-06-24T08:54:50Z,81.0,Charge 4
2021-06-24T08:55:00Z,83.0,Charge 4
2021-06-24T08:55:05Z,85.0,Charge 4
2021-06-24T08:55:20Z,86.0,Charge 4
2021-06-24T08:55:25Z,87.0,Charge 4
2021-06-24T08:55:40Z,88.0,Charge 4
2021-06-24T08:55:50Z,89.0,Charge 4
2021-06-24T08:55:55Z,87.0,Charge 4
2021-06-24T08:56:00Z,86.0,Charge 4
2021-06-24T08:56:05Z,84.0,Charge 4
2021-06-24T08:56:20Z,85.0,Charge 4
2021-06-24T08:56:25Z,86.0,Charge 4
2021-06-24T08:56:40Z,85.0,Charge 4
2021-06-24T08:56:45Z,84.0,Charge 4
2021-06-24T08:56:50Z,85.0,Charge 4
2021-06-24T08:57:00Z,86.0,Charge 4
2021-06-24T08:57:05Z,85.0,Charge 4
2021-06-24T08:57:20Z,84.0,Charge 4
2021-06-24T08:57:25Z,85.0,Charge 4
2021-06-24T08:57:35Z,86.0,Charge 4
2021-06-24T08:57:40Z,88.0,Charge 4
2021-06-24T08:57:45Z,87.0,Charge 4
2021-06-24T08:57:50Z,86.0,Charge 4
2021-06-24T08:57:55Z,87.0,Charge 4
2021-06-24T08:58:00Z,86.0,Charge 4
2021-06-24T08:58:15Z,86.0,Charge 4
2021-06-24T08:58:20Z,87.0,Charge 4
2021-06-24T08:58:30Z,88.0,Charge 4
2021-06-24T08:58:35Z,87.0,Charge 4
2021-06-24T08:58:40Z,86.0,Charge 4
2021-06-24T08:58:45Z,85.0,Charge 4
2021-06-24T08:58:50Z,84.0,Charge 4
2021-06-24T08:58:55Z,83.0,Charge 4
2021-06-24T08:59:00Z,82.0,Charge 4
2021-06-24T08:59:05Z,81.0,Charge 4
2021-06-24T08:59:10Z,82.0,Charge 4
2021-06-24T08:59:20Z,83.0,Charge 4
2021-06-24T08:59:30Z,84.0,Charge 4
2021-06-24T08:59:40Z,85.0,Charge 4
2021-06-24T08:59:45Z,87.0,Charge 4
2021-06-24T08:59:50Z,86.0,Charge 4
2021-06-24T08:59:55Z,84.0,Charge 4
2021-06-24T09:00:00Z,85.0,Charge 4
2021-06-24T09:00:10Z,84.0,Charge 4
2021-06-24T09:00:20Z,85.0,Charge 4
2021-06-24T09:00:25Z,86.0,Charge 4
2021-06-24T09:00:35Z,87.0,Charge 4
2021-06-24T09:00:40Z,86.0,Charge 4
2021-06-24T09:00:45Z,85.0,Charge 4
2021-06-24T09:01:00Z,85.0,Charge 4
2021-06-24T09:01:10Z,85.0,Charge 4
2021-06-24T09:01:20Z,86.0,Charge 4
2021-06-24T09:01:26Z,86.0,Charge 4
2021-06-24T09:01:31Z,87.0,Charge 4
2021-06-24T09:01:41Z,88.0,Charge 4
2021-06-24T09:01:56Z,89.0,Charge 4
2021-06-24T09:02:06Z,90.0,Charge 4
2021-06-24T09:02:11Z,89.0,Charge 4
2021-06-24T09:02:16Z,87.0,Charge 4
2021-06-24T09:02:21Z,86.0,Charge 4
2021-06-24T09:02:26Z,87.0,Charge 4
2021-06-24T09:02:41Z,87.0,Charge 4
2021-06-24T09:02:51Z,86.0,Charge 4
2021-06-24T09:02:56Z,83.0,Charge 4
2021-06-24T09:03:06Z,82.0,Charge 4
2021-06-24T09:03:11Z,83.0,Charge 4
2021-06-24T09:03:26Z,81.0,Charge 4
2021-06-24T09:03:36Z,81.0,Charge 4
2021-06-24T09:03:41Z,81.0,Charge 4
2021-06-24T09:03:51Z,82.0,Charge 4
2021-06-24T09:03:56Z,81.0,Charge 4
2021-06-24T09:04:06Z,81.0,Charge 4
2021-06-24T09:04:16Z,82.0,Charge 4
2021-06-24T09:04:21Z,82.0,Charge 4
2021-06-24T09:04:31Z,83.0,Charge 4
2021-06-24T09:04:36Z,84.0,Charge 4
2021-06-24T09:04:41Z,85.0,Charge 4
2021-06-24T09:04:56Z,86.0,Charge 4
2021-06-24T09:05:06Z,90.0,Charge 4
2021-06-24T09:05:11Z,90.0,Charge 4
2021-06-24T09:05:16Z,87.0,Charge 4
2021-06-24T09:05:21Z,85.0,Charge 4
2021-06-24T09:05:26Z,82.0,Charge 4
2021-06-24T09:05:31Z,82.0,Charge 4
2021-06-24T09:05:36Z,83.0,Charge 4
2021-06-24T09:05:46Z,84.0,Charge 4
2021-06-24T09:05:51Z,85.0,Charge 4
2021-06-24T09:06:01Z,82.0,Charge 4
2021-06-24T09:06:06Z,81.0,Charge 4
2021-06-24T09:06:11Z,83.0,Charge 4
2021-06-24T09:06:26Z,82.0,Charge 4
2021-06-24T09:06:36Z,83.0,Charge 4
2021-06-24T09:06:41Z,85.0,Charge 4
2021-06-24T09:06:46Z,86.0,Charge 4
2021-06-24T09:06:51Z,87.0,Charge 4
2021-06-24T09:07:01Z,86.0,Charge 4
2021-06-24T09:07:16Z,86.0,Charge 4
2021-06-24T09:07:21Z,88.0,Charge 4
2021-06-24T09:07:26Z,90.0,Charge 4
2021-06-24T09:07:31Z,91.0,Charge 4
2021-06-24T09:07:41Z,91.0,Charge 4
2021-06-24T09:07:46Z,92.0,Charge 4
2021-06-24T09:08:01Z,92.0,Charge 4
2021-06-24T09:08:16Z,92.0,Charge 4
2021-06-24T09:08:21Z,89.0,Charge 4
2021-06-24T09:08:26Z,88.0,Charge 4
2021-06-24T09:08:31Z,87.0,Charge 4
2021-06-24T09:08:46Z,87.0,Charge 4
2021-06-24T09:08:51Z,85.0,Charge 4
2021-06-24T09:08:56Z,77.0,Charge 4
2021-06-24T09:09:01Z,77.0,Charge 4
2021-06-24T09:09:06Z,79.0,Charge 4
2021-06-24T09:09:11Z,80.0,Charge 4
2021-06-24T09:09:16Z,81.0,Charge 4
2021-06-24T09:09:21Z,79.0,Charge 4
2021-06-24T09:09:31Z,79.0,Charge 4
2021-06-24T09:09:46Z,79.0,Charge 4
2021-06-24T09:12:08Z,78.0,Charge 4
2021-06-24T09:12:13Z,80.0,Charge 4
2021-06-24T09:12:18Z,80.0,Charge 4
2021-06-24T09:12:28Z,79.0,Charge 4
2021-06-24T09:12:38Z,78.0,Charge 4
2021-06-24T09:12:48Z,79.0,Charge 4
2021-06-24T09:12:53Z,79.0,Charge 4
2021-06-24T09:12:58Z,80.0,Charge 4
2021-06-24T09:13:03Z,79.0,Charge 4
2021-06-24T09:13:08Z,79.0,Charge 4
2021-06-24T09:13:13Z,80.0,Charge 4
2021-06-24T09:13:23Z,81.0,Charge 4
2021-06-24T09:13:28Z,80.0,Charge 4
2021-06-24T09:13:33Z,81.0,Charge 4
2021-06-24T09:13:38Z,81.0,Charge 4
2021-06-24T09:13:43Z,79.0,Charge 4
2021-06-24T09:13:53Z,80.0,Charge 4
2021-06-24T09:14:03Z,80.0,Charge 4
2021-06-24T09:14:08Z,80.0,Charge 4
2021-06-24T09:14:23Z,80.0,Charge 4
2021-06-24T09:14:38Z,79.0,Charge 4
2021-06-24T09:14:48Z,80.0,Charge 4
2021-06-24T09:15:03Z,80.0,Charge 4
2021-06-24T09:15:18Z,80.0,Charge 4
2021-06-24T09:15:23Z,81.0,Charge 4
2021-06-24T09:15:38Z,80.0,Charge 4
2021-06-24T09:15:43Z,81.0,Charge 4
2021-06-24T09:15:48Z,83.0,Charge 4
2021-06-24T09:16:03Z,82.0,Charge 4
2021-06-24T09:16:08Z,81.0,Charge 4
2021-06-24T09:16:13Z,77.0,Charge 4
2021-06-24T09:16:28Z,77.0,Charge 4
2021-06-24T09:16:38Z,76.0,Charge 4
2021-06-24T09:16:43Z,76.0,Charge 4
2021-06-24T09:16:48Z,75.0,Charge 4
2021-06-24T09:16:53Z,75.0,Charge 4
2021-06-24T09:17:03Z,77.0,Charge 4
2021-06-24T09:17:08Z,79.0,Charge 4
2021-06-24T09:17:18Z,80.0,Charge 4
2021-06-24T09:17:28Z,83.0,Charge 4
2021-06-24T09:17:33Z,85.0,Charge 4
2021-06-24T09:17:43Z,86.0,Charge 4
2021-06-24T09:17:58Z,86.0,Charge 4
2021-06-24T09:18:03Z,89.0,Charge 4
2021-06-24T09:18:18Z,89.0,Charge 4
2021-06-24T09:18:23Z,90.0,Charge 4
2021-06-24T09:18:28Z,91.0,Charge 4
2021-06-24T09:18:43Z,91.0,Charge 4
2021-06-24T09:18:48Z,92.0,Charge 4
2021-06-24T09:18:53Z,94.0,Charge 4
2021-06-24T09:18:58Z,92.0,Charge 4
2021-06-24T09:19:03Z,87.0,Charge 4
2021-06-24T09:19:08Z,84.0,Charge 4
2021-06-24T09:19:18Z,85.0,Charge 4
2021-06-24T09:19:23Z,85.0,Charge 4
2021-06-24T09:19:28Z,86.0,Charge 4
2021-06-24T09:19:43Z,85.0,Charge 4
2021-06-24T09:19:48Z,84.0,Charge 4
2021-06-24T09:19:53Z,85.0,Charge 4
2021-06-24T09:20:08Z,85.0,Charge 4
2021-06-24T09:20:23Z,86.0,Charge 4
2021-06-24T09:20:28Z,87.0,Charge 4
2021-06-24T09:20:33Z,88.0,Charge 4
2021-06-24T09:20:38Z,89.0,Charge 4
2021-06-24T09:20:43Z,89.0,Charge 4
2021-06-24T09:20:48Z,87.0,Charge 4
2021-06-24T09:20:53Z,86.0,Charge 4
2021-06-24T09:21:03Z,87.0,Charge 4
2021-06-24T09:21:08Z,89.0,Charge 4
2021-06-24T09:21:13Z,88.0,Charge 4
2021-06-24T09:21:18Z,87.0,Charge 4
2021-06-24T09:21:33Z,89.0,Charge 4
2021-06-24T09:21:48Z,89.0,Charge 4
2021-06-24T09:21:53Z,86.0,Charge 4
2021-06-24T09:21:58Z,84.0,Charge 4
2021-06-24T09:22:03Z,85.0,Charge 4
2021-06-24T09:22:18Z,87.0,Charge 4
2021-06-24T09:22:23Z,90.0,Charge 4
2021-06-24T09:22:38Z,91.0,Charge 4
2021-06-24T09:22:43Z,92.0,Charge 4
2021-06-24T09:22:53Z,93.0,Charge 4
2021-06-24T09:22:58Z,93.0,Charge 4
2021-06-24T09:23:13Z,91.0,Charge 4
2021-06-24T09:23:18Z,88.0,Charge 4
2021-06-24T09:23:23Z,85.0,Charge 4
2021-06-24T09:23:33Z,84.0,Charge 4
2021-06-24T09:23:38Z,79.0,Charge 4
2021-06-24T09:23:43Z,79.0,Charge 4
2021-06-24T09:23:48Z,81.0,Charge 4
2021-06-24T09:23:53Z,83.0,Charge 4
2021-06-24T09:23:58Z,82.0,Charge 4
2021-06-24T09:24:08Z,81.0,Charge 4
2021-06-24T09:24:23Z,81.0,Charge 4
2021-06-24T09:24:28Z,80.0,Charge 4
2021-06-24T09:24:33Z,79.0,Charge 4
2021-06-24T09:24:38Z,79.0,Charge 4
2021-06-24T09:24:48Z,80.0,Charge 4
2021-06-24T09:24:53Z,81.0,Charge 4
2021-06-24T09:24:58Z,80.0,Charge 4
2021-06-24T09:25:13Z,81.0,Charge 4
2021-06-24T09:25:18Z,82.0,Charge 4
2021-06-24T09:25:28Z,81.0,Charge 4
2021-06-24T09:25:33Z,80.0,Charge 4
2021-06-24T09:25:38Z,79.0,Charge 4
2021-06-24T09:25:43Z,80.0,Charge 4
2021-06-24T09:25:53Z,80.0,Charge 4
2021-06-24T09:26:03Z,80.0,Charge 4
2021-06-24T09:26:13Z,79.0,Charge 4
2021-06-24T09:26:18Z,78.0,Charge 4
2021-06-24T09:26:23Z,77.0,Charge 4
2021-06-24T09:26:28Z,76.0,Charge 4
2021-06-24T09:26:38Z,78.0,Charge 4
2021-06-24T09:26:43Z,79.0,Charge 4
2021-06-24T09:26:48Z,80.0,Charge 4
2021-06-24T09:27:03Z,80.0,Charge 4
2021-06-24T09:27:08Z,83.0,Charge 4
2021-06-24T09:27:13Z,86.0,Charge 4
2021-06-24T09:27:18Z,87.0,Charge 4
2021-06-24T09:27:23Z,88.0,Charge 4
2021-06-24T09:27:33Z,87.0,Charge 4
2021-06-24T09:27:48Z,87.0,Charge 4
2021-06-24T09:27:58Z,88.0,Charge 4
2021-06-24T09:28:13Z,88.0,Charge 4
2021-06-24T09:28:18Z,88.0,Charge 4
2021-06-24T09:28:23Z,87.0,Charge 4
2021-06-24T09:28:33Z,89.0,Charge 4
2021-06-24T09:28:38Z,90.0,Charge 4
2021-06-24T09:28:53Z,90.0,Charge 4
2021-06-24T09:28:58Z,88.0,Charge 4
2021-06-24T09:29:03Z,87.0,Charge 4
2021-06-24T09:29:13Z,88.0,Charge 4
2021-06-24T09:29:18Z,89.0,Charge 4
2021-06-24T09:29:23Z,88.0,Charge 4
2021-06-24T09:29:28Z,85.0,Charge 4
2021-06-24T09:29:36Z,84.0,Charge 4
2021-06-24T09:29:41Z,83.0,Charge 4
2021-06-24T09:29:46Z,82.0,Charge 4
2021-06-24T09:29:51Z,79.0,Charge 4
2021-06-24T09:29:56Z,78.0,Charge 4
2021-06-24T09:30:11Z,78.0,Charge 4
2021-06-24T09:30:16Z,80.0,Charge 4
2021-06-24T09:30:21Z,82.0,Charge 4
2021-06-24T09:30:36Z,82.0,Charge 4
2021-06-24T09:30:41Z,79.0,Charge 4
2021-06-24T09:30:46Z,77.0,Charge 4
2021-06-24T09:30:56Z,76.0,Charge 4
2021-06-24T09:31:06Z,76.0,Charge 4
2021-06-24T09:31:11Z,75.0,Charge 4
2021-06-24T09:31:21Z,74.0,Charge 4
2021-06-24T09:31:26Z,75.0,Charge 4
2021-06-24T09:31:31Z,75.0,Charge 4
2021-06-24T09:31:41Z,75.0,Charge 4
2021-06-24T09:31:46Z,76.0,Charge 4
2021-06-24T09:31:56Z,76.0,Charge 4
2021-06-24T09:32:01Z,75.0,Charge 4
2021-06-24T09:32:06Z,73.0,Charge 4
2021-06-24T09:32:11Z,72.0,Charge 4
2021-06-24T09:32:16Z,73.0,Charge 4
2021-06-24T09:32:31Z,73.0,Charge 4
2021-06-24T09:32:32Z,74.0,Charge 4
2021-06-24T09:32:37Z,73.0,Charge 4
2021-06-24T09:32:42Z,73.0,Charge 4
2021-06-24T09:32:57Z,73.0,Charge 4
2021-06-24T09:33:02Z,72.0,Charge 4
2021-06-24T09:33:17Z,72.0,Charge 4
2021-06-24T09:33:27Z,71.0,Charge 4
2021-06-24T09:33:42Z,71.0,Charge 4
2021-06-24T09:33:47Z,70.0,Charge 4
2021-06-24T09:33:52Z,70.0,Charge 4
2021-06-24T09:33:57Z,71.0,Charge 4
2021-06-24T09:34:02Z,70.0,Charge 4
2021-06-24T09:34:07Z,70.0,Charge 4
2021-06-24T09:34:22Z,70.0,Charge 4
2021-06-24T09:34:37Z,77.0,Charge 4
2021-06-24T09:34:42Z,84.0,Charge 4
2021-06-24T09:34:47Z,85.0,Charge 4
2021-06-24T09:34:52Z,84.0,Charge 4
2021-06-24T09:34:57Z,84.0,Charge 4
2021-06-24T09:35:02Z,83.0,Charge 4
2021-06-24T09:35:12Z,84.0,Charge 4
2021-06-24T09:35:17Z,81.0,Charge 4
2021-06-24T09:35:22Z,81.0,Charge 4
2021-06-24T09:35:27Z,80.0,Charge 4
2021-06-24T09:35:32Z,78.0,Charge 4
2021-06-24T09:35:37Z,76.0,Charge 4
2021-06-24T09:35:42Z,75.0,Charge 4
2021-06-24T09:35:47Z,74.0,Charge 4
2021-06-24T09:35:52Z,73.0,Charge 4
2021-06-24T09:36:02Z,73.0,Charge 4
2021-06-24T09:36:07Z,74.0,Charge 4
2021-06-24T09:36:17Z,75.0,Charge 4
2021-06-24T09:36:22Z,73.0,Charge 4
2021-06-24T09:36:27Z,71.0,Charge 4
2021-06-24T09:36:42Z,72.0,Charge 4
2021-06-24T09:36:47Z,74.0,Charge 4
2021-06-24T09:36:57Z,73.0,Charge 4
2021-06-24T09:37:02Z,72.0,Charge 4
2021-06-24T09:37:12Z,73.0,Charge 4
2021-06-24T09:37:22Z,74.0,Charge 4
2021-06-24T09:37:27Z,75.0,Charge 4
2021-06-24T09:37:42Z,76.0,Charge 4
2021-06-24T09:37:52Z,77.0,Charge 4
2021-06-24T09:38:07Z,78.0,Charge 4
2021-06-24T09:38:12Z,79.0,Charge 4
2021-06-24T09:38:17Z,80.0,Charge 4
2021-06-24T09:38:32Z,80.0,Charge 4
2021-06-24T09:38:37Z,79.0,Charge 4
2021-06-24T09:38:52Z,79.0,Charge 4
2021-06-24T09:39:07Z,79.0,Charge 4
2021-06-24T09:39:12Z,82.0,Charge 4
2021-06-24T09:39:17Z,93.0,Charge 4
2021-06-24T09:39:27Z,91.0,Charge 4
2021-06-24T09:39:32Z,91.0,Charge 4
2021-06-24T09:39:37Z,89.0,Charge 4
2021-06-24T09:39:42Z,87.0,Charge 4
2021-06-24T09:39:47Z,86.0,Charge 4
2021-06-24T09:39:52Z,83.0,Charge 4
2021-06-24T09:39:57Z,82.0,Charge 4
2021-06-24T09:40:02Z,82.0,Charge 4
2021-06-24T09:40:07Z,81.0,Charge 4
2021-06-24T09:40:12Z,78.0,Charge 4
2021-06-24T09:40:17Z,76.0,Charge 4
2021-06-24T09:40:27Z,77.0,Charge 4
2021-06-24T09:40:37Z,76.0,Charge 4
2021-06-24T09:40:42Z,75.0,Charge 4
2021-06-24T09:40:57Z,75.0,Charge 4
2021-06-24T09:41:02Z,77.0,Charge 4
2021-06-24T09:41:07Z,78.0,Charge 4
2021-06-24T09:41:17Z,79.0,Charge 4
2021-06-24T09:41:22Z,80.0,Charge 4
2021-06-24T09:41:27Z,81.0,Charge 4
2021-06-24T09:41:32Z,83.0,Charge 4
2021-06-24T09:41:37Z,82.0,Charge 4
2021-06-24T09:41:42Z,81.0,Charge 4
2021-06-24T09:41:47Z,80.0,Charge 4
2021-06-24T09:41:57Z,81.0,Charge 4
2021-06-24T09:42:02Z,80.0,Charge 4
2021-06-24T09:42:12Z,79.0,Charge 4
2021-06-24T09:42:27Z,79.0,Charge 4
2021-06-24T09:42:32Z,79.0,Charge 4
2021-06-24T09:42:37Z,77.0,Charge 4
2021-06-24T09:42:42Z,77.0,Charge 4
2021-06-24T09:42:57Z,77.0,Charge 4
2021-06-24T09:43:07Z,80.0,Charge 4
2021-06-24T09:43:12Z,82.0,Charge 4
2021-06-24T09:43:17Z,80.0,Charge 4
2021-06-24T09:43:27Z,81.0,Charge 4
2021-06-24T09:43:32Z,80.0,Charge 4
2021-06-24T09:43:37Z,79.0,Charge 4
2021-06-24T09:43:52Z,79.0,Charge 4
2021-06-24T09:43:57Z,78.0,Charge 4
2021-06-24T09:44:02Z,77.0,Charge 4
2021-06-24T09:44:07Z,76.0,Charge 4
2021-06-24T09:44:12Z,74.0,Charge 4
2021-06-24T09:44:27Z,74.0,Charge 4
2021-06-24T09:44:32Z,76.0,Charge 4
2021-06-24T09:44:47Z,76.0,Charge 4
2021-06-24T09:44:57Z,74.0,Charge 4
2021-06-24T09:45:07Z,73.0,Charge 4
2021-06-24T09:45:17Z,72.0,Charge 4
2021-06-24T09:45:32Z,72.0,Charge 4
2021-06-24T09:45:42Z,74.0,Charge 4
2021-06-24T09:45:52Z,73.0,Charge 4
2021-06-24T09:45:59Z,72.0,Charge 4
2021-06-24T09:46:04Z,71.0,Charge 4
2021-06-24T09:46:09Z,70.0,Charge 4
2021-06-24T09:46:19Z,69.0,Charge 4
2021-06-24T09:46:34Z,69.0,Charge 4
2021-06-24T09:46:49Z,69.0,Charge 4
2021-06-24T09:46:54Z,68.0,Charge 4
2021-06-24T09:46:59Z,69.0,Charge 4
2021-06-24T09:47:09Z,70.0,Charge 4
2021-06-24T09:47:19Z,71.0,Charge 4
2021-06-24T09:47:34Z,71.0,Charge 4
2021-06-24T09:47:44Z,70.0,Charge 4
2021-06-24T09:47:59Z,71.0,Charge 4
2021-06-24T09:48:04Z,72.0,Charge 4
2021-06-24T09:48:19Z,72.0,Charge 4
2021-06-24T09:48:29Z,73.0,Charge 4
2021-06-24T09:48:34Z,71.0,Charge 4
2021-06-24T09:48:39Z,69.0,Charge 4
2021-06-24T09:48:44Z,70.0,Charge 4
2021-06-24T09:48:54Z,69.0,Charge 4
2021-06-24T09:48:59Z,70.0,Charge 4
2021-06-24T09:49:09Z,69.0,Charge 4
2021-06-24T09:49:19Z,70.0,Charge 4
2021-06-24T09:49:24Z,71.0,Charge 4
2021-06-24T09:49:34Z,72.0,Charge 4
2021-06-24T09:49:39Z,76.0,Charge 4
2021-06-24T09:49:44Z,75.0,Charge 4
2021-06-24T09:49:49Z,72.0,Charge 4
2021-06-24T09:49:54Z,71.0,Charge 4
2021-06-24T09:50:09Z,71.0,Charge 4
2021-06-24T09:50:14Z,69.0,Charge 4
2021-06-24T09:50:19Z,68.0,Charge 4
2021-06-24T09:50:24Z,69.0,Charge 4
2021-06-24T09:50:29Z,70.0,Charge 4
2021-06-24T09:50:34Z,71.0,Charge 4
2021-06-24T09:50:39Z,72.0,Charge 4
2021-06-24T09:50:49Z,73.0,Charge 4
2021-06-24T09:50:54Z,72.0,Charge 4
2021-06-24T09:51:04Z,71.0,Charge 4
2021-06-24T09:51:19Z,72.0,Charge 4
2021-06-24T09:51:29Z,73.0,Charge 4
2021-06-24T09:51:39Z,74.0,Charge 4
2021-06-24T09:51:49Z,73.0,Charge 4
2021-06-24T09:51:54Z,72.0,Charge 4
2021-06-24T09:52:04Z,71.0,Charge 4
2021-06-24T09:52:19Z,71.0,Charge 4
2021-06-24T09:52:34Z,72.0,Charge 4
2021-06-24T09:52:49Z,72.0,Charge 4
2021-06-24T09:53:04Z,72.0,Charge 4
2021-06-24T09:53:09Z,70.0,Charge 4
2021-06-24T09:53:14Z,71.0,Charge 4
2021-06-24T09:53:19Z,72.0,Charge 4
2021-06-24T09:53:25Z,73.0,Charge 4
2021-06-24T09:53:30Z,75.0,Charge 4
2021-06-24T09:53:45Z,73.0,Charge 4
2021-06-24T09:53:50Z,71.0,Charge 4
2021-06-24T09:53:55Z,69.0,Charge 4
2021-06-24T09:54:05Z,70.0,Charge 4
2021-06-24T09:54:10Z,71.0,Charge 4
2021-06-24T09:54:15Z,72.0,Charge 4
2021-06-24T09:54:20Z,73.0,Charge 4
2021-06-24T09:54:25Z,71.0,Charge 4
2021-06-24T09:54:35Z,70.0,Charge 4
2021-06-24T09:54:40Z,69.0,Charge 4
2021-06-24T09:54:45Z,70.0,Charge 4
2021-06-24T09:54:50Z,71.0,Charge 4
2021-06-24T09:55:05Z,71.0,Charge 4
2021-06-24T09:55:10Z,72.0,Charge 4
2021-06-24T09:55:15Z,72.0,Charge 4
2021-06-24T09:55:20Z,70.0,Charge 4
2021-06-24T09:55:25Z,71.0,Charge 4
2021-06-24T09:55:30Z,69.0,Charge 4
2021-06-24T09:55:35Z,68.0,Charge 4
2021-06-24T09:55:45Z,70.0,Charge 4
2021-06-24T09:55:50Z,72.0,Charge 4
2021-06-24T09:56:05Z,73.0,Charge 4
2021-06-24T09:56:15Z,75.0,Charge 4
2021-06-24T09:56:30Z,73.0,Charge 4
2021-06-24T09:56:40Z,74.0,Charge 4
2021-06-24T09:56:45Z,74.0,Charge 4
2021-06-24T09:56:50Z,75.0,Charge 4
2021-06-24T09:56:55Z,76.0,Charge 4
2021-06-24T09:57:00Z,77.0,Charge 4
2021-06-24T09:57:05Z,76.0,Charge 4
2021-06-24T09:57:10Z,75.0,Charge 4
2021-06-24T09:57:15Z,72.0,Charge 4
2021-06-24T09:57:20Z,70.0,Charge 4
2021-06-24T09:57:30Z,71.0,Charge 4
2021-06-24T09:57:35Z,73.0,Charge 4
2021-06-24T09:57:40Z,72.0,Charge 4
2021-06-24T09:57:55Z,73.0,Charge 4
2021-06-24T09:58:00Z,74.0,Charge 4
2021-06-24T09:58:05Z,75.0,Charge 4
2021-06-24T09:58:15Z,74.0,Charge 4
2021-06-24T09:58:30Z,74.0,Charge 4
2021-06-24T09:58:40Z,72.0,Charge 4
2021-06-24T09:58:45Z,71.0,Charge 4
2021-06-24T09:58:55Z,72.0,Charge 4
2021-06-24T09:59:00Z,73.0,Charge 4
2021-06-24T09:59:15Z,73.0,Charge 4
2021-06-24T09:59:25Z,76.0,Charge 4
2021-06-24T09:59:30Z,75.0,Charge 4
2021-06-24T09:59:40Z,77.0,Charge 4
2021-06-24T09:59:45Z,79.0,Charge 4
2021-06-24T09:59:50Z,80.0,Charge 4
2021-06-24T10:00:00Z,85.0,Charge 4
2021-06-24T10:00:05Z,95.0,Charge 4
2021-06-24T10:00:10Z,96.0,Charge 4
2021-06-24T10:00:15Z,94.0,Charge 4
2021-06-24T10:00:20Z,90.0,Charge 4
2021-06-24T10:00:25Z,86.0,Charge 4
2021-06-24T10:00:30Z,83.0,Charge 4
2021-06-24T10:00:35Z,82.0,Charge 4
2021-06-24T10:00:40Z,79.0,Charge 4
2021-06-24T10:00:45Z,77.0,Charge 4
2021-06-24T10:00:50Z,74.0,Charge 4
2021-06-24T10:00:55Z,73.0,Charge 4
2021-06-24T10:01:00Z,72.0,Charge 4
2021-06-24T10:01:05Z,71.0,Charge 4
2021-06-24T10:01:20Z,71.0,Charge 4
2021-06-24T10:01:30Z,70.0,Charge 4
2021-06-24T10:01:35Z,71.0,Charge 4
2021-06-24T10:01:40Z,72.0,Charge 4
2021-06-24T10:01:45Z,71.0,Charge 4
2021-06-24T10:02:00Z,71.0,Charge 4
2021-06-24T10:02:05Z,72.0,Charge 4
2021-06-24T10:02:10Z,73.0,Charge 4
2021-06-24T10:02:25Z,74.0,Charge 4
2021-06-24T10:02:35Z,75.0,Charge 4
2021-06-24T10:02:45Z,74.0,Charge 4
2021-06-24T10:02:55Z,75.0,Charge 4
2021-06-24T10:03:05Z,77.0,Charge 4
2021-06-24T10:03:15Z,76.0,Charge 4
2021-06-24T10:03:20Z,77.0,Charge 4
2021-06-24T10:03:25Z,78.0,Charge 4
2021-06-24T10:03:35Z,79.0,Charge 4
2021-06-24T10:03:40Z,80.0,Charge 4
2021-06-24T10:03:45Z,79.0,Charge 4
2021-06-24T10:03:50Z,78.0,Charge 4
2021-06-24T10:03:55Z,77.0,Charge 4
2021-06-24T10:04:00Z,78.0,Charge 4
2021-06-24T10:04:05Z,79.0,Charge 4
2021-06-24T10:04:10Z,76.0,Charge 4
2021-06-24T10:04:15Z,75.0,Charge 4
2021-06-24T10:04:20Z,76.0,Charge 4
2021-06-24T10:04:25Z,77.0,Charge 4
2021-06-24T10:04:35Z,78.0,Charge 4
2021-06-24T10:04:50Z,78.0,Charge 4
2021-06-24T10:04:55Z,77.0,Charge 4
2021-06-24T10:05:00Z,76.0,Charge 4
2021-06-24T10:05:05Z,75.0,Charge 4
2021-06-24T10:05:10Z,76.0,Charge 4
2021-06-24T10:05:15Z,77.0,Charge 4
2021-06-24T10:05:20Z,79.0,Charge 4
2021-06-24T10:05:30Z,80.0,Charge 4
2021-06-24T10:05:35Z,81.0,Charge 4
2021-06-24T10:05:45Z,82.0,Charge 4
2021-06-24T10:05:50Z,80.0,Charge 4
2021-06-24T10:05:55Z,78.0,Charge 4
2021-06-24T10:06:02Z,78.0,Charge 4
2021-06-24T10:06:12Z,77.0,Charge 4
2021-06-24T10:06:17Z,76.0,Charge 4
2021-06-24T10:06:27Z,77.0,Charge 4
2021-06-24T10:06:32Z,76.0,Charge 4
2021-06-24T10:06:42Z,77.0,Charge 4
2021-06-24T10:06:47Z,78.0,Charge 4
2021-06-24T10:06:52Z,77.0,Charge 4
2021-06-24T10:07:07Z,76.0,Charge 4
2021-06-24T10:07:12Z,77.0,Charge 4
2021-06-24T10:07:17Z,78.0,Charge 4
2021-06-24T10:07:22Z,79.0,Charge 4
2021-06-24T10:07:27Z,81.0,Charge 4
2021-06-24T10:07:32Z,83.0,Charge 4
2021-06-24T10:07:42Z,84.0,Charge 4
2021-06-24T10:07:47Z,84.0,Charge 4
2021-06-24T10:07:52Z,85.0,Charge 4
2021-06-24T10:07:57Z,89.0,Charge 4
2021-06-24T10:08:02Z,89.0,Charge 4
2021-06-24T10:08:07Z,86.0,Charge 4
2021-06-24T10:08:12Z,84.0,Charge 4
2021-06-24T10:08:17Z,80.0,Charge 4
2021-06-24T10:08:22Z,77.0,Charge 4
2021-06-24T10:08:27Z,76.0,Charge 4
2021-06-24T10:08:32Z,75.0,Charge 4
2021-06-24T10:08:37Z,74.0,Charge 4
2021-06-24T10:08:47Z,72.0,Charge 4
2021-06-24T10:08:53Z,72.0,Charge 4
2021-06-24T10:08:58Z,73.0,Charge 4
2021-06-24T10:09:03Z,74.0,Charge 4
2021-06-24T10:09:08Z,76.0,Charge 4
2021-06-24T10:09:13Z,77.0,Charge 4
2021-06-24T10:09:18Z,78.0,Charge 4
2021-06-24T10:09:33Z,78.0,Charge 4
2021-06-24T10:09:48Z,78.0,Charge 4
2021-06-24T10:09:58Z,80.0,Charge 4
2021-06-24T10:10:03Z,79.0,Charge 4
2021-06-24T10:10:13Z,78.0,Charge 4
2021-06-24T10:10:18Z,77.0,Charge 4
2021-06-24T10:10:33Z,78.0,Charge 4
2021-06-24T10:10:38Z,80.0,Charge 4
2021-06-24T10:10:43Z,82.0,Charge 4
2021-06-24T10:10:48Z,83.0,Charge 4
2021-06-24T10:11:03Z,82.0,Charge 4
2021-06-24T10:11:08Z,81.0,Charge 4
2021-06-24T10:11:18Z,82.0,Charge 4
2021-06-24T10:11:28Z,81.0,Charge 4
2021-06-24T10:11:33Z,80.0,Charge 4
2021-06-24T10:11:38Z,81.0,Charge 4
2021-06-24T10:11:48Z,81.0,Charge 4
2021-06-24T10:11:53Z,82.0,Charge 4
2021-06-24T10:11:58Z,81.0,Charge 4
2021-06-24T10:12:03Z,79.0,Charge 4
2021-06-24T10:12:18Z,79.0,Charge 4
2021-06-24T10:12:23Z,79.0,Charge 4
2021-06-24T10:12:33Z,78.0,Charge 4
2021-06-24T10:12:43Z,79.0,Charge 4
2021-06-24T10:12:48Z,80.0,Charge 4
2021-06-24T10:12:53Z,82.0,Charge 4
2021-06-24T10:12:58Z,83.0,Charge 4
2021-06-24T10:13:08Z,82.0,Charge 4
2021-06-24T10:13:18Z,81.0,Charge 4
2021-06-24T10:13:23Z,79.0,Charge 4
2021-06-24T10:13:28Z,78.0,Charge 4
2021-06-24T10:13:38Z,79.0,Charge 4
2021-06-24T10:13:48Z,81.0,Charge 4
2021-06-24T10:13:53Z,82.0,Charge 4
2021-06-24T10:13:58Z,83.0,Charge 4
2021-06-24T10:14:03Z,80.0,Charge 4
2021-06-24T10:14:13Z,79.0,Charge 4
2021-06-24T10:14:18Z,78.0,Charge 4
2021-06-24T10:14:23Z,80.0,Charge 4
2021-06-24T10:14:28Z,81.0,Charge 4
2021-06-24T10:14:33Z,80.0,Charge 4
2021-06-24T10:14:38Z,81.0,Charge 4
2021-06-24T10:14:43Z,80.0,Charge 4
2021-06-24T10:14:58Z,80.0,Charge 4
2021-06-24T10:15:03Z,84.0,Charge 4
2021-06-24T10:15:08Z,83.0,Charge 4
2021-06-24T10:15:13Z,81.0,Charge 4
2021-06-24T10:15:20Z,79.0,Charge 4
2021-06-24T10:15:25Z,80.0,Charge 4
2021-06-24T10:15:30Z,78.0,Charge 4
2021-06-24T10:15:35Z,77.0,Charge 4
2021-06-24T10:15:40Z,80.0,Charge 4
2021-06-24T10:15:45Z,82.0,Charge 4
2021-06-24T10:15:55Z,81.0,Charge 4
2021-06-24T10:16:05Z,80.0,Charge 4
2021-06-24T10:16:10Z,81.0,Charge 4
2021-06-24T10:16:15Z,82.0,Charge 4
2021-06-24T10:16:20Z,80.0,Charge 4
2021-06-24T10:16:25Z,79.0,Charge 4
2021-06-24T10:16:30Z,80.0,Charge 4
2021-06-24T10:16:35Z,79.0,Charge 4
2021-06-24T10:16:40Z,80.0,Charge 4
2021-06-24T10:16:50Z,79.0,Charge 4
2021-06-24T10:17:00Z,80.0,Charge 4
2021-06-24T10:17:10Z,81.0,Charge 4
2021-06-24T10:17:15Z,79.0,Charge 4
2021-06-24T10:17:25Z,80.0,Charge 4
2021-06-24T10:17:35Z,81.0,Charge 4
2021-06-24T10:17:40Z,82.0,Charge 4
2021-06-24T10:17:45Z,83.0,Charge 4
2021-06-24T10:17:55Z,82.0,Charge 4
2021-06-24T10:18:00Z,80.0,Charge 4
2021-06-24T10:18:15Z,80.0,Charge 4
2021-06-24T10:18:25Z,81.0,Charge 4
2021-06-24T10:18:31Z,80.0,Charge 4
2021-06-24T10:18:36Z,79.0,Charge 4
2021-06-24T10:18:41Z,78.0,Charge 4
2021-06-24T10:18:46Z,81.0,Charge 4
2021-06-24T10:18:56Z,80.0,Charge 4
2021-06-24T10:19:01Z,81.0,Charge 4
2021-06-24T10:19:06Z,83.0,Charge 4
2021-06-24T10:19:11Z,87.0,Charge 4
2021-06-24T10:19:16Z,86.0,Charge 4
2021-06-24T10:19:21Z,85.0,Charge 4
2021-06-24T10:19:36Z,83.0,Charge 4
2021-06-24T10:19:41Z,82.0,Charge 4
2021-06-24T10:19:46Z,83.0,Charge 4
2021-06-24T10:19:56Z,88.0,Charge 4
2021-06-24T10:20:01Z,89.0,Charge 4
2021-06-24T10:20:16Z,90.0,Charge 4
2021-06-24T10:20:21Z,89.0,Charge 4
2021-06-24T10:20:26Z,88.0,Charge 4
2021-06-24T10:20:31Z,88.0,Charge 4
2021-06-24T10:20:41Z,88.0,Charge 4
2021-06-24T10:20:46Z,86.0,Charge 4
2021-06-24T10:20:51Z,86.0,Charge 4
2021-06-24T10:20:56Z,87.0,Charge 4
2021-06-24T10:21:11Z,88.0,Charge 4
2021-06-24T10:21:16Z,89.0,Charge 4
2021-06-24T10:21:21Z,88.0,Charge 4
2021-06-24T10:21:26Z,87.0,Charge 4
2021-06-24T10:21:31Z,86.0,Charge 4
2021-06-24T10:21:36Z,86.0,Charge 4
2021-06-24T10:21:46Z,87.0,Charge 4
2021-06-24T10:21:56Z,88.0,Charge 4
2021-06-24T10:22:11Z,87.0,Charge 4
2021-06-24T10:22:16Z,87.0,Charge 4
2021-06-24T10:22:21Z,86.0,Charge 4
2021-06-24T10:22:31Z,85.0,Charge 4
2021-06-24T10:22:36Z,85.0,Charge 4
2021-06-24T10:22:41Z,84.0,Charge 4
2021-06-24T10:22:56Z,85.0,Charge 4
2021-06-24T10:23:01Z,86.0,Charge 4
2021-06-24T10:23:16Z,86.0,Charge 4
2021-06-24T10:23:26Z,84.0,Charge 4
2021-06-24T10:23:31Z,83.0,Charge 4
2021-06-24T10:23:41Z,84.0,Charge 4
2021-06-24T10:23:46Z,87.0,Charge 4
2021-06-24T10:23:51Z,89.0,Charge 4
2021-06-24T10:24:01Z,90.0,Charge 4
2021-06-24T10:24:11Z,94.0,Charge 4
2021-06-24T10:24:16Z,97.0,Charge 4
2021-06-24T10:24:31Z,96.0,Charge 4
2021-06-24T10:24:41Z,96.0,Charge 4
2021-06-24T10:24:56Z,96.0,Charge 4
2021-06-24T10:25:11Z,96.0,Charge 4
2021-06-24T10:25:16Z,96.0,Charge 4
2021-06-24T10:25:22Z,87.0,Charge 4
2021-06-24T10:25:37Z,87.0,Charge 4
2021-06-24T10:25:47Z,90.0,Charge 4
2021-06-24T10:25:52Z,93.0,Charge 4
2021-06-24T10:25:57Z,92.0,Charge 4
2021-06-24T10:26:02Z,89.0,Charge 4
2021-06-24T10:26:07Z,86.0,Charge 4
2021-06-24T10:26:12Z,84.0,Charge 4
2021-06-24T10:26:17Z,83.0,Charge 4
2021-06-24T10:26:22Z,83.0,Charge 4
2021-06-24T10:26:32Z,81.0,Charge 4
2021-06-24T10:26:47Z,81.0,Charge 4
2021-06-24T10:26:57Z,82.0,Charge 4
2021-06-24T10:27:12Z,87.0,Charge 4
2021-06-24T10:27:22Z,86.0,Charge 4
2021-06-24T10:27:27Z,84.0,Charge 4
2021-06-24T10:27:32Z,83.0,Charge 4
2021-06-24T10:27:37Z,83.0,Charge 4
2021-06-24T10:27:42Z,85.0,Charge 4
2021-06-24T10:27:47Z,88.0,Charge 4
2021-06-24T10:27:52Z,87.0,Charge 4
2021-06-24T10:27:57Z,85.0,Charge 4
2021-06-24T10:28:02Z,83.0,Charge 4
2021-06-24T10:28:07Z,81.0,Charge 4
2021-06-24T10:28:12Z,80.0,Charge 4
2021-06-24T10:28:27Z,80.0,Charge 4
2021-06-24T10:28:42Z,80.0,Charge 4
2021-06-24T10:28:47Z,81.0,Charge 4
2021-06-24T10:28:57Z,87.0,Charge 4
2021-06-24T10:29:02Z,87.0,Charge 4
2021-06-24T10:29:07Z,86.0,Charge 4
2021-06-24T10:29:22Z,86.0,Charge 4
2021-06-24T10:29:27Z,83.0,Charge 4
2021-06-24T10:29:42Z,83.0,Charge 4
2021-06-24T10:29:57Z,83.0,Charge 4
2021-06-24T10:30:02Z,84.0,Charge 4
2021-06-24T10:30:17Z,84.0,Charge 4
2021-06-24T10:30:22Z,85.0,Charge 4
2021-06-24T10:30:27Z,85.0,Charge 4
2021-06-24T10:30:32Z,86.0,Charge 4
2021-06-24T10:30:42Z,83.0,Charge 4
2021-06-24T10:30:52Z,84.0,Charge 4
2021-06-24T10:30:57Z,85.0,Charge 4
2021-06-24T10:31:07Z,86.0,Charge 4
2021-06-24T10:31:12Z,87.0,Charge 4
2021-06-24T10:31:17Z,88.0,Charge 4
2021-06-24T10:31:32Z,88.0,Charge 4
2021-06-24T10:31:37Z,87.0,Charge 4
2021-06-24T10:31:42Z,86.0,Charge 4
2021-06-24T10:31:57Z,86.0,Charge 4
2021-06-24T10:32:12Z,86.0,Charge 4
2021-06-24T10:32:20Z,89.0,Charge 4
2021-06-24T10:32:25Z,91.0,Charge 4
2021-06-24T10:32:30Z,90.0,Charge 4
2021-06-24T10:32:40Z,89.0,Charge 4
2021-06-24T10:32:50Z,88.0,Charge 4
2021-06-24T10:32:55Z,87.0,Charge 4
2021-06-24T10:33:05Z,86.0,Charge 4
2021-06-24T10:33:10Z,85.0,Charge 4
2021-06-24T10:33:15Z,84.0,Charge 4
2021-06-24T10:33:20Z,83.0,Charge 4
2021-06-24T10:33:25Z,81.0,Charge 4
2021-06-24T10:33:40Z,81.0,Charge 4
2021-06-24T10:33:55Z,81.0,Charge 4
2021-06-24T10:34:00Z,82.0,Charge 4
2021-06-24T10:34:05Z,83.0,Charge 4
2021-06-24T10:34:15Z,82.0,Charge 4
2021-06-24T10:34:25Z,81.0,Charge 4
2021-06-24T10:34:35Z,82.0,Charge 4
2021-06-24T10:34:40Z,84.0,Charge 4
2021-06-24T10:34:45Z,86.0,Charge 4
2021-06-24T10:34:55Z,87.0,Charge 4
2021-06-24T10:35:10Z,87.0,Charge 4
2021-06-24T10:35:20Z,86.0,Charge 4
2021-06-24T10:35:30Z,85.0,Charge 4
2021-06-24T10:35:45Z,85.0,Charge 4
2021-06-24T10:35:50Z,85.0,Charge 4
2021-06-24T10:35:56Z,86.0,Charge 4
2021-06-24T10:36:06Z,85.0,Charge 4
2021-06-24T10:36:16Z,84.0,Charge 4
2021-06-24T10:36:26Z,85.0,Charge 4
2021-06-24T10:36:36Z,84.0,Charge 4
2021-06-24T10:36:46Z,85.0,Charge 4
2021-06-24T10:36:51Z,84.0,Charge 4
2021-06-24T10:36:56Z,83.0,Charge 4
2021-06-24T10:37:01Z,82.0,Charge 4
2021-06-24T10:37:06Z,81.0,Charge 4
2021-06-24T10:37:16Z,80.0,Charge 4
2021-06-24T10:37:31Z,80.0,Charge 4
2021-06-24T10:37:41Z,81.0,Charge 4
2021-06-24T10:37:51Z,82.0,Charge 4
2021-06-24T10:37:56Z,83.0,Charge 4
2021-06-24T10:38:11Z,83.0,Charge 4
2021-06-24T10:38:21Z,81.0,Charge 4
2021-06-24T10:38:26Z,80.0,Charge 4
2021-06-24T10:38:31Z,79.0,Charge 4
2021-06-24T10:38:46Z,80.0,Charge 4
2021-06-24T10:38:51Z,81.0,Charge 4
2021-06-24T10:38:56Z,82.0,Charge 4
2021-06-24T10:39:11Z,82.0,Charge 4
2021-06-24T10:39:26Z,82.0,Charge 4
2021-06-24T10:39:41Z,81.0,Charge 4
2021-06-24T10:39:47Z,88.0,Charge 4
2021-06-24T10:39:52Z,90.0,Charge 4
2021-06-24T10:40:02Z,93.0,Charge 4
2021-06-24T10:40:07Z,99.0,Charge 4
2021-06-24T10:40:12Z,100.0,Charge 4
2021-06-24T10:40:17Z,96.0,Charge 4
2021-06-24T10:40:22Z,94.0,Charge 4
2021-06-24T10:40:27Z,93.0,Charge 4
2021-06-24T10:40:32Z,94.0,Charge 4
2021-06-24T10:40:42Z,92.0,Charge 4
2021-06-24T10:40:47Z,88.0,Charge 4
2021-06-24T10:40:52Z,89.0,Charge 4
2021-06-24T10:41:02Z,88.0,Charge 4
2021-06-24T10:41:17Z,88.0,Charge 4
2021-06-24T10:41:27Z,89.0,Charge 4
2021-06-24T10:41:42Z,86.0,Charge 4
2021-06-24T10:41:47Z,84.0,Charge 4
2021-06-24T10:41:52Z,83.0,Charge 4
2021-06-24T10:42:07Z,84.0,Charge 4
2021-06-24T10:42:12Z,84.0,Charge 4
2021-06-24T10:42:17Z,85.0,Charge 4
2021-06-24T10:42:27Z,86.0,Charge 4
2021-06-24T10:42:32Z,87.0,Charge 4
2021-06-24T10:42:42Z,84.0,Charge 4
2021-06-24T10:42:52Z,83.0,Charge 4
2021-06-24T10:42:57Z,84.0,Charge 4
2021-06-24T10:43:02Z,86.0,Charge 4
2021-06-24T10:43:07Z,89.0,Charge 4
2021-06-24T10:43:12Z,92.0,Charge 4
2021-06-24T10:43:17Z,93.0,Charge 4
2021-06-24T10:43:27Z,92.0,Charge 4
2021-06-24T10:43:32Z,91.0,Charge 4
2021-06-24T10:43:37Z,93.0,Charge 4
2021-06-24T10:43:42Z,94.0,Charge 4
2021-06-24T10:43:57Z,94.0,Charge 4
2021-06-24T10:44:02Z,94.0,Charge 4
2021-06-24T10:44:12Z,93.0,Charge 4
2021-06-24T10:44:17Z,91.0,Charge 4
2021-06-24T10:44:22Z,88.0,Charge 4
2021-06-24T10:44:27Z,89.0,Charge 4
2021-06-24T10:44:42Z,89.0,Charge 4
2021-06-24T10:44:52Z,91.0,Charge 4
2021-06-24T10:44:57Z,90.0,Charge 4
2021-06-24T10:45:07Z,89.0,Charge 4
2021-06-24T10:45:12Z,89.0,Charge 4
2021-06-24T10:45:17Z,88.0,Charge 4
2021-06-24T10:45:22Z,88.0,Charge 4
2021-06-24T10:45:37Z,88.0,Charge 4
2021-06-24T10:45:42Z,86.0,Charge 4
2021-06-24T10:45:47Z,87.0,Charge 4
2021-06-24T10:45:57Z,86.0,Charge 4
2021-06-24T10:46:02Z,86.0,Charge 4
2021-06-24T10:46:10Z,85.0,Charge 4
2021-06-24T10:46:15Z,87.0,Charge 4
2021-06-24T10:46:20Z,86.0,Charge 4
2021-06-24T10:46:25Z,83.0,Charge 4
2021-06-24T10:46:30Z,82.0,Charge 4
2021-06-24T10:46:35Z,82.0,Charge 4
2021-06-24T10:46:45Z,83.0,Charge 4
2021-06-24T10:46:50Z,83.0,Charge 4
2021-06-24T10:46:55Z,84.0,Charge 4
2021-06-24T10:47:00Z,83.0,Charge 4
2021-06-24T10:47:05Z,83.0,Charge 4
2021-06-24T10:47:15Z,82.0,Charge 4
2021-06-24T10:47:30Z,82.0,Charge 4
2021-06-24T10:47:35Z,84.0,Charge 4
2021-06-24T10:47:40Z,85.0,Charge 4
2021-06-24T10:47:45Z,85.0,Charge 4
2021-06-24T10:47:50Z,85.0,Charge 4
2021-06-24T10:47:55Z,86.0,Charge 4
2021-06-24T10:48:00Z,85.0,Charge 4
2021-06-24T10:48:05Z,85.0,Charge 4
2021-06-24T10:48:15Z,86.0,Charge 4
2021-06-24T10:48:25Z,85.0,Charge 4
2021-06-24T10:48:30Z,83.0,Charge 4
2021-06-24T10:48:35Z,82.0,Charge 4
2021-06-24T10:48:45Z,83.0,Charge 4
2021-06-24T10:48:50Z,82.0,Charge 4
2021-06-24T10:48:56Z,81.0,Charge 4
2021-06-24T10:49:06Z,82.0,Charge 4
2021-06-24T10:49:16Z,81.0,Charge 4
2021-06-24T10:49:21Z,83.0,Charge 4
2021-06-24T10:49:31Z,84.0,Charge 4
2021-06-24T10:49:36Z,85.0,Charge 4
2021-06-24T10:49:41Z,84.0,Charge 4
2021-06-24T10:49:46Z,82.0,Charge 4
2021-06-24T10:49:56Z,83.0,Charge 4
2021-06-24T10:50:01Z,84.0,Charge 4
2021-06-24T10:50:06Z,85.0,Charge 4
2021-06-24T10:50:11Z,85.0,Charge 4
2021-06-24T10:50:21Z,84.0,Charge 4
2021-06-24T10:50:26Z,84.0,Charge 4
2021-06-24T10:50:36Z,82.0,Charge 4
2021-06-24T10:50:41Z,82.0,Charge 4
2021-06-24T10:50:46Z,80.0,Charge 4
2021-06-24T10:50:51Z,78.0,Charge 4
2021-06-24T10:50:56Z,77.0,Charge 4
2021-06-24T10:51:01Z,78.0,Charge 4
2021-06-24T10:51:06Z,78.0,Charge 4
2021-06-24T10:51:11Z,79.0,Charge 4
2021-06-24T10:51:16Z,82.0,Charge 4
2021-06-24T10:51:21Z,83.0,Charge 4
2021-06-24T10:51:26Z,82.0,Charge 4
2021-06-24T10:51:36Z,81.0,Charge 4
2021-06-24T10:51:46Z,82.0,Charge 4
2021-06-24T10:51:51Z,83.0,Charge 4
2021-06-24T10:52:01Z,80.0,Charge 4
2021-06-24T10:52:11Z,79.0,Charge 4
2021-06-24T10:52:16Z,78.0,Charge 4
2021-06-24T10:52:21Z,79.0,Charge 4
2021-06-24T10:52:26Z,78.0,Charge 4
2021-06-24T10:52:31Z,79.0,Charge 4
2021-06-24T10:52:36Z,81.0,Charge 4
2021-06-24T10:52:41Z,84.0,Charge 4
2021-06-24T10:52:46Z,85.0,Charge 4
2021-06-24T10:52:51Z,84.0,Charge 4
2021-06-24T10:52:56Z,85.0,Charge 4
2021-06-24T10:53:01Z,86.0,Charge 4
2021-06-24T10:53:06Z,86.0,Charge 4
2021-06-24T10:53:11Z,84.0,Charge 4
2021-06-24T10:53:16Z,81.0,Charge 4
2021-06-24T10:53:21Z,79.0,Charge 4
2021-06-24T10:53:31Z,80.0,Charge 4
2021-06-24T10:53:36Z,81.0,Charge 4
2021-06-24T10:53:41Z,80.0,Charge 4
2021-06-24T10:53:46Z,79.0,Charge 4
2021-06-24T10:53:51Z,82.0,Charge 4
2021-06-24T10:53:56Z,80.0,Charge 4
2021-06-24T10:54:01Z,79.0,Charge 4
2021-06-24T10:54:11Z,82.0,Charge 4
2021-06-24T10:54:21Z,81.0,Charge 4
2021-06-24T10:54:26Z,83.0,Charge 4
2021-06-24T10:54:32Z,84.0,Charge 4
2021-06-24T10:54:37Z,82.0,Charge 4
2021-06-24T10:54:42Z,81.0,Charge 4
2021-06-24T10:54:57Z,80.0,Charge 4
2021-06-24T10:55:02Z,79.0,Charge 4
2021-06-24T10:55:07Z,80.0,Charge 4
2021-06-24T10:55:12Z,79.0,Charge 4
2021-06-24T10:55:27Z,80.0,Charge 4
2021-06-24T10:55:32Z,81.0,Charge 4
2021-06-24T10:55:37Z,81.0,Charge 4
2021-06-24T10:55:42Z,83.0,Charge 4
2021-06-24T10:55:52Z,82.0,Charge 4
2021-06-24T10:55:57Z,81.0,Charge 4
2021-06-24T10:56:12Z,80.0,Charge 4
2021-06-24T10:56:22Z,81.0,Charge 4
2021-06-24T10:56:27Z,79.0,Charge 4
2021-06-24T10:56:32Z,78.0,Charge 4
2021-06-24T10:56:37Z,78.0,Charge 4
2021-06-24T10:56:47Z,79.0,Charge 4
2021-06-24T10:56:52Z,79.0,Charge 4
2021-06-24T10:56:57Z,78.0,Charge 4
2021-06-24T10:57:07Z,77.0,Charge 4
2021-06-24T10:57:12Z,77.0,Charge 4
2021-06-24T10:57:17Z,76.0,Charge 4
2021-06-24T10:57:22Z,77.0,Charge 4
2021-06-24T10:57:27Z,76.0,Charge 4
2021-06-24T10:57:37Z,77.0,Charge 4
2021-06-24T10:57:42Z,77.0,Charge 4
2021-06-24T10:57:47Z,76.0,Charge 4
2021-06-24T10:58:02Z,77.0,Charge 4
2021-06-24T10:58:17Z,77.0,Charge 4
2021-06-24T10:58:32Z,77.0,Charge 4
2021-06-24T10:58:42Z,78.0,Charge 4
2021-06-24T10:58:52Z,78.0,Charge 4
2021-06-24T10:58:57Z,77.0,Charge 4
2021-06-24T10:59:12Z,75.0,Charge 4
2021-06-24T10:59:27Z,75.0,Charge 4
2021-06-24T10:59:32Z,76.0,Charge 4
2021-06-24T10:59:42Z,77.0,Charge 4
2021-06-24T10:59:47Z,78.0,Charge 4
2021-06-24T10:59:52Z,80.0,Charge 4
2021-06-24T11:00:02Z,81.0,Charge 4
2021-06-24T11:00:12Z,86.0,Charge 4
2021-06-24T11:00:17Z,90.0,Charge 4
2021-06-24T11:00:22Z,91.0,Charge 4
2021-06-24T11:00:37Z,91.0,Charge 4
2021-06-24T11:00:47Z,89.0,Charge 4
2021-06-24T11:01:02Z,89.0,Charge 4
2021-06-24T11:01:17Z,89.0,Charge 4
2021-06-24T11:01:22Z,87.0,Charge 4
2021-06-24T11:01:27Z,85.0,Charge 4
2021-06-24T11:01:32Z,86.0,Charge 4
2021-06-24T11:01:37Z,92.0,Charge 4
2021-06-24T11:01:46Z,94.0,Charge 4
2021-06-24T11:01:51Z,95.0,Charge 4
2021-06-24T11:01:56Z,94.0,Charge 4
2021-06-24T11:02:01Z,94.0,Charge 4
2021-06-24T11:02:06Z,92.0,Charge 4
2021-06-24T11:02:11Z,90.0,Charge 4
2021-06-24T11:02:26Z,90.0,Charge 4
2021-06-24T11:02:41Z,90.0,Charge 4
2021-06-24T11:02:46Z,92.0,Charge 4
2021-06-24T11:02:51Z,90.0,Charge 4
2021-06-24T11:02:56Z,88.0,Charge 4
2021-06-24T11:03:01Z,87.0,Charge 4
2021-06-24T11:03:06Z,83.0,Charge 4
2021-06-24T11:03:11Z,81.0,Charge 4
2021-06-24T11:03:26Z,82.0,Charge 4
2021-06-24T11:03:31Z,86.0,Charge 4
2021-06-24T11:03:36Z,86.0,Charge 4
2021-06-24T11:03:41Z,81.0,Charge 4
2021-06-24T11:03:46Z,76.0,Charge 4
2021-06-24T11:03:51Z,74.0,Charge 4
2021-06-24T11:04:01Z,72.0,Charge 4
2021-06-24T11:04:06Z,70.0,Charge 4
2021-06-24T11:04:16Z,71.0,Charge 4
2021-06-24T11:04:31Z,71.0,Charge 4
2021-06-24T11:04:36Z,71.0,Charge 4
2021-06-24T11:04:41Z,72.0,Charge 4
2021-06-24T11:04:51Z,74.0,Charge 4
2021-06-24T11:04:56Z,75.0,Charge 4
2021-06-24T11:05:06Z,74.0,Charge 4
2021-06-24T11:05:16Z,75.0,Charge 4
2021-06-24T11:05:26Z,73.0,Charge 4
2021-06-24T11:05:31Z,72.0,Charge 4
2021-06-24T11:05:46Z,72.0,Charge 4
2021-06-24T11:05:51Z,75.0,Charge 4
2021-06-24T11:05:56Z,75.0,Charge 4
2021-06-24T11:06:06Z,75.0,Charge 4
2021-06-24T11:06:16Z,74.0,Charge 4
2021-06-24T11:06:21Z,73.0,Charge 4
2021-06-24T11:06:31Z,74.0,Charge 4
2021-06-24T11:06:41Z,73.0,Charge 4
2021-06-24T11:06:46Z,72.0,Charge 4
2021-06-24T11:06:51Z,70.0,Charge 4
2021-06-24T11:07:01Z,71.0,Charge 4
2021-06-24T11:07:16Z,71.0,Charge 4
2021-06-24T11:07:26Z,72.0,Charge 4
2021-06-24T11:07:31Z,73.0,Charge 4
2021-06-24T11:07:36Z,72.0,Charge 4
2021-06-24T11:07:41Z,72.0,Charge 4
2021-06-24T11:07:51Z,73.0,Charge 4
2021-06-24T11:07:56Z,71.0,Charge 4
2021-06-24T11:08:06Z,72.0,Charge 4
2021-06-24T11:08:21Z,72.0,Charge 4
2021-06-24T11:08:27Z,73.0,Charge 4
2021-06-24T11:08:32Z,72.0,Charge 4
2021-06-24T11:08:37Z,73.0,Charge 4
2021-06-24T11:08:52Z,73.0,Charge 4
2021-06-24T11:08:57Z,73.0,Charge 4
2021-06-24T11:09:02Z,72.0,Charge 4
2021-06-24T11:09:12Z,73.0,Charge 4
2021-06-24T11:09:22Z,74.0,Charge 4
2021-06-24T11:09:32Z,73.0,Charge 4
2021-06-24T11:09:47Z,74.0,Charge 4
2021-06-24T11:09:52Z,75.0,Charge 4
2021-06-24T11:10:07Z,75.0,Charge 4
2021-06-24T11:10:12Z,75.0,Charge 4
2021-06-24T11:10:17Z,74.0,Charge 4
2021-06-24T11:10:27Z,75.0,Charge 4
2021-06-24T11:10:37Z,76.0,Charge 4
2021-06-24T11:10:52Z,76.0,Charge 4
2021-06-24T11:10:57Z,78.0,Charge 4
2021-06-24T11:11:12Z,78.0,Charge 4
2021-06-24T11:11:17Z,79.0,Charge 4
2021-06-24T11:11:22Z,79.0,Charge 4
2021-06-24T11:11:27Z,78.0,Charge 4
2021-06-24T11:11:32Z,78.0,Charge 4
2021-06-24T11:11:47Z,78.0,Charge 4
2021-06-24T11:11:52Z,79.0,Charge 4
2021-06-24T11:11:57Z,79.0,Charge 4
2021-06-24T11:12:02Z,78.0,Charge 4
2021-06-24T11:12:08Z,78.0,Charge 4
2021-06-24T11:12:18Z,79.0,Charge 4
2021-06-24T11:12:23Z,78.0,Charge 4
2021-06-24T11:12:28Z,77.0,Charge 4
2021-06-24T11:12:33Z,75.0,Charge 4
2021-06-24T11:12:38Z,74.0,Charge 4
2021-06-24T11:12:48Z,75.0,Charge 4
2021-06-24T11:12:53Z,76.0,Charge 4
2021-06-24T11:12:58Z,77.0,Charge 4
2021-06-24T11:13:03Z,76.0,Charge 4
2021-06-24T11:13:18Z,77.0,Charge 4
2021-06-24T11:13:23Z,78.0,Charge 4
2021-06-24T11:13:28Z,78.0,Charge 4
2021-06-24T11:13:38Z,79.0,Charge 4
2021-06-24T11:13:43Z,80.0,Charge 4
2021-06-24T11:13:48Z,82.0,Charge 4
2021-06-24T11:13:58Z,81.0,Charge 4
2021-06-24T11:14:03Z,80.0,Charge 4
2021-06-24T11:14:18Z,80.0,Charge 4
2021-06-24T11:14:33Z,80.0,Charge 4
2021-06-24T11:14:43Z,82.0,Charge 4
2021-06-24T11:14:48Z,81.0,Charge 4
2021-06-24T11:14:53Z,81.0,Charge 4
2021-06-24T11:15:08Z,81.0,Charge 4
2021-06-24T11:15:18Z,77.0,Charge 4
2021-06-24T11:15:23Z,77.0,Charge 4
2021-06-24T11:15:38Z,77.0,Charge 4
2021-06-24T11:15:42Z,77.0,Charge 4
2021-06-24T11:15:52Z,78.0,Charge 4
2021-06-24T11:15:57Z,77.0,Charge 4
2021-06-24T11:16:02Z,74.0,Charge 4
2021-06-24T11:16:07Z,71.0,Charge 4
2021-06-24T11:16:12Z,69.0,Charge 4
2021-06-24T11:16:27Z,69.0,Charge 4
2021-06-24T11:16:32Z,70.0,Charge 4
2021-06-24T11:16:42Z,71.0,Charge 4
2021-06-24T11:16:47Z,72.0,Charge 4
2021-06-24T11:16:52Z,73.0,Charge 4
2021-06-24T11:17:07Z,73.0,Charge 4
2021-06-24T11:17:12Z,74.0,Charge 4
2021-06-24T11:17:17Z,75.0,Charge 4
2021-06-24T11:17:22Z,76.0,Charge 4
2021-06-24T11:17:27Z,77.0,Charge 4
2021-06-24T11:17:42Z,77.0,Charge 4
2021-06-24T11:17:57Z,77.0,Charge 4
2021-06-24T11:18:07Z,75.0,Charge 4
2021-06-24T11:18:12Z,74.0,Charge 4
2021-06-24T11:18:27Z,74.0,Charge 4
2021-06-24T11:18:32Z,74.0,Charge 4
2021-06-24T11:18:42Z,75.0,Charge 4
2021-06-24T11:18:57Z,75.0,Charge 4
2021-06-24T11:19:12Z,75.0,Charge 4
2021-06-24T11:19:17Z,76.0,Charge 4
2021-06-24T11:19:24Z,77.0,Charge 4
2021-06-24T11:19:39Z,77.0,Charge 4
2021-06-24T11:19:54Z,77.0,Charge 4
2021-06-24T11:20:04Z,76.0,Charge 4
2021-06-24T11:20:09Z,75.0,Charge 4
2021-06-24T11:20:14Z,73.0,Charge 4
2021-06-24T11:20:24Z,72.0,Charge 4
2021-06-24T11:20:39Z,72.0,Charge 4
2021-06-24T11:20:49Z,74.0,Charge 4
2021-06-24T11:20:59Z,75.0,Charge 4
2021-06-24T11:21:09Z,76.0,Charge 4
2021-06-24T11:21:14Z,77.0,Charge 4
2021-06-24T11:21:19Z,78.0,Charge 4
2021-06-24T11:21:29Z,79.0,Charge 4
2021-06-24T11:21:44Z,79.0,Charge 4
2021-06-24T11:21:49Z,79.0,Charge 4
2021-06-24T11:21:59Z,80.0,Charge 4
2021-06-24T11:22:04Z,81.0,Charge 4
2021-06-24T11:22:19Z,81.0,Charge 4
2021-06-24T11:22:34Z,80.0,Charge 4
2021-06-24T11:22:39Z,80.0,Charge 4
2021-06-24T11:22:49Z,79.0,Charge 4
2021-06-24T11:22:59Z,80.0,Charge 4
2021-06-24T11:23:04Z,81.0,Charge 4
2021-06-24T11:23:19Z,81.0,Charge 4
2021-06-24T11:23:20Z,79.0,Charge 4
2021-06-24T11:23:25Z,78.0,Charge 4
2021-06-24T11:23:30Z,77.0,Charge 4
2021-06-24T11:23:45Z,77.0,Charge 4
2021-06-24T11:24:00Z,78.0,Charge 4
2021-06-24T11:24:10Z,77.0,Charge 4
2021-06-24T11:24:20Z,78.0,Charge 4
2021-06-24T11:24:35Z,78.0,Charge 4
2021-06-24T11:24:50Z,77.0,Charge 4
2021-06-24T11:25:00Z,77.0,Charge 4
2021-06-24T11:25:05Z,76.0,Charge 4
2021-06-24T11:25:15Z,76.0,Charge 4
2021-06-24T11:25:30Z,77.0,Charge 4
2021-06-24T11:25:40Z,78.0,Charge 4
2021-06-24T11:25:55Z,78.0,Charge 4
2021-06-24T11:26:00Z,77.0,Charge 4
2021-06-24T11:26:15Z,77.0,Charge 4
2021-06-24T11:26:25Z,76.0,Charge 4
2021-06-24T11:26:35Z,77.0,Charge 4
2021-06-24T11:26:50Z,79.0,Charge 4
2021-06-24T11:26:55Z,79.0,Charge 4
2021-06-24T11:27:10Z,79.0,Charge 4
2021-06-24T11:27:15Z,78.0,Charge 4
2021-06-24T11:27:20Z,79.0,Charge 4
2021-06-24T11:27:35Z,79.0,Charge 4
2021-06-24T11:27:40Z,78.0,Charge 4
2021-06-24T11:27:55Z,78.0,Charge 4
2021-06-24T11:28:00Z,78.0,Charge 4
2021-06-24T11:28:15Z,78.0,Charge 4
2021-06-24T11:28:30Z,78.0,Charge 4
2021-06-24T11:28:35Z,77.0,Charge 4
2021-06-24T11:28:50Z,77.0,Charge 4
2021-06-24T11:29:05Z,77.0,Charge 4
2021-06-24T11:29:15Z,76.0,Charge 4
2021-06-24T11:29:20Z,77.0,Charge 4
2021-06-24T11:29:25Z,76.0,Charge 4
2021-06-24T11:29:40Z,75.0,Charge 4
2021-06-24T11:29:55Z,75.0,Charge 4
2021-06-24T11:30:10Z,75.0,Charge 4
2021-06-24T11:30:25Z,75.0,Charge 4
2021-06-24T11:30:40Z,72.0,Charge 4
2021-06-24T11:30:45Z,71.0,Charge 4
2021-06-24T11:30:50Z,72.0,Charge 4
2021-06-24T11:30:55Z,77.0,Charge 4
2021-06-24T11:31:00Z,78.0,Charge 4
2021-06-24T11:31:15Z,78.0,Charge 4
2021-06-24T11:31:20Z,78.0,Charge 4
2021-06-24T11:31:30Z,77.0,Charge 4
2021-06-24T11:31:35Z,77.0,Charge 4
2021-06-24T11:31:50Z,77.0,Charge 4
2021-06-24T11:32:05Z,77.0,Charge 4
2021-06-24T11:32:10Z,77.0,Charge 4
2021-06-24T11:32:15Z,76.0,Charge 4
2021-06-24T11:32:21Z,77.0,Charge 4
2021-06-24T11:32:31Z,78.0,Charge 4
2021-06-24T11:32:36Z,79.0,Charge 4
2021-06-24T11:32:46Z,79.0,Charge 4
2021-06-24T11:33:01Z,76.0,Charge 4
2021-06-24T11:33:16Z,79.0,Charge 4
2021-06-24T11:33:21Z,78.0,Charge 4
2021-06-24T11:33:26Z,77.0,Charge 4
2021-06-24T11:33:31Z,76.0,Charge 4
2021-06-24T11:33:36Z,76.0,Charge 4
2021-06-24T11:33:46Z,76.0,Charge 4
2021-06-24T11:33:51Z,76.0,Charge 4
2021-06-24T11:33:56Z,77.0,Charge 4
2021-06-24T11:34:11Z,76.0,Charge 4
2021-06-24T11:34:26Z,76.0,Charge 4
2021-06-24T11:34:36Z,76.0,Charge 4
2021-06-24T11:34:41Z,77.0,Charge 4
2021-06-24T11:34:46Z,75.0,Charge 4
2021-06-24T11:34:51Z,74.0,Charge 4
2021-06-24T11:34:56Z,73.0,Charge 4
2021-06-24T11:35:01Z,75.0,Charge 4
2021-06-24T11:35:06Z,76.0,Charge 4
2021-06-24T11:35:11Z,78.0,Charge 4
2021-06-24T11:35:16Z,79.0,Charge 4
2021-06-24T11:35:21Z,80.0,Charge 4
2021-06-24T11:35:26Z,81.0,Charge 4
2021-06-24T11:35:31Z,80.0,Charge 4
2021-06-24T11:35:36Z,80.0,Charge 4
2021-06-24T11:35:51Z,80.0,Charge 4
2021-06-24T11:35:56Z,81.0,Charge 4
2021-06-24T11:36:11Z,81.0,Charge 4
2021-06-24T11:36:21Z,84.0,Charge 4
2021-06-24T11:36:36Z,83.0,Charge 4
2021-06-24T11:36:41Z,81.0,Charge 4
2021-06-24T11:36:46Z,80.0,Charge 4
2021-06-24T11:36:51Z,79.0,Charge 4
2021-06-24T11:36:56Z,78.0,Charge 4
2021-06-24T11:37:01Z,77.0,Charge 4
2021-06-24T11:37:16Z,77.0,Charge 4
2021-06-24T11:37:21Z,78.0,Charge 4
2021-06-24T11:37:31Z,77.0,Charge 4
2021-06-24T11:37:41Z,78.0,Charge 4
2021-06-24T11:37:56Z,79.0,Charge 4
2021-06-24T11:38:06Z,80.0,Charge 4
2021-06-24T11:38:21Z,81.0,Charge 4
2021-06-24T11:38:36Z,81.0,Charge 4
2021-06-24T11:38:41Z,80.0,Charge 4
2021-06-24T11:38:46Z,79.0,Charge 4
2021-06-24T11:38:51Z,78.0,Charge 4
2021-06-24T11:38:56Z,78.0,Charge 4
2021-06-24T11:39:11Z,78.0,Charge 4
2021-06-24T11:39:26Z,78.0,Charge 4
2021-06-24T11:39:36Z,79.0,Charge 4
2021-06-24T11:39:51Z,79.0,Charge 4
2021-06-24T11:39:56Z,78.0,Charge 4
2021-06-24T11:40:01Z,77.0,Charge 4
2021-06-24T11:40:06Z,75.0,Charge 4
2021-06-24T11:40:21Z,75.0,Charge 4
2021-06-24T11:40:31Z,76.0,Charge 4
2021-06-24T11:40:46Z,77.0,Charge 4
2021-06-24T11:40:56Z,78.0,Charge 4
2021-06-24T11:41:01Z,79.0,Charge 4
2021-06-24T11:41:16Z,79.0,Charge 4
2021-06-24T11:41:21Z,81.0,Charge 4
2021-06-24T11:41:31Z,80.0,Charge 4
2021-06-24T11:41:36Z,78.0,Charge 4
2021-06-24T11:41:41Z,78.0,Charge 4
2021-06-24T11:41:56Z,78.0,Charge 4
2021-06-24T11:42:01Z,79.0,Charge 4
2021-06-24T11:42:06Z,80.0,Charge 4
2021-06-24T11:42:11Z,79.0,Charge 4
2021-06-24T11:42:26Z,79.0,Charge 4
2021-06-24T11:42:36Z,77.0,Charge 4
2021-06-24T11:42:41Z,78.0,Charge 4
2021-06-24T11:42:46Z,79.0,Charge 4
2021-06-24T11:42:51Z,80.0,Charge 4
2021-06-24T11:43:01Z,79.0,Charge 4
2021-06-24T11:43:16Z,79.0,Charge 4
2021-06-24T11:43:31Z,78.0,Charge 4
2021-06-24T11:43:32Z,79.0,Charge 4
2021-06-24T11:43:42Z,80.0,Charge 4
2021-06-24T11:43:47Z,81.0,Charge 4
2021-06-24T11:43:52Z,80.0,Charge 4
2021-06-24T11:44:07Z,80.0,Charge 4
2021-06-24T11:44:22Z,80.0,Charge 4
2021-06-24T11:44:37Z,80.0,Charge 4
2021-06-24T11:44:52Z,80.0,Charge 4
2021-06-24T11:45:07Z,80.0,Charge 4
2021-06-24T11:45:17Z,81.0,Charge 4
2021-06-24T11:45:22Z,78.0,Charge 4
2021-06-24T11:45:37Z,77.0,Charge 4
2021-06-24T11:45:42Z,76.0,Charge 4
2021-06-24T11:45:52Z,76.0,Charge 4
2021-06-24T11:46:02Z,77.0,Charge 4
2021-06-24T11:46:07Z,83.0,Charge 4
2021-06-24T11:46:12Z,85.0,Charge 4
2021-06-24T11:46:17Z,84.0,Charge 4
2021-06-24T11:46:22Z,85.0,Charge 4
2021-06-24T11:46:32Z,84.0,Charge 4
2021-06-24T11:46:42Z,85.0,Charge 4
2021-06-24T11:46:47Z,87.0,Charge 4
2021-06-24T11:46:52Z,89.0,Charge 4
2021-06-24T11:46:57Z,91.0,Charge 4
2021-06-24T11:47:02Z,92.0,Charge 4
2021-06-24T11:47:12Z,91.0,Charge 4
2021-06-24T11:47:27Z,91.0,Charge 4
2021-06-24T11:47:28Z,90.0,Charge 4
2021-06-24T11:47:43Z,90.0,Charge 4
2021-06-24T11:47:48Z,89.0,Charge 4
2021-06-24T11:48:03Z,88.0,Charge 4
2021-06-24T11:48:08Z,87.0,Charge 4
2021-06-24T11:48:18Z,89.0,Charge 4
2021-06-24T11:48:23Z,91.0,Charge 4
2021-06-24T11:48:28Z,92.0,Charge 4
2021-06-24T11:48:43Z,92.0,Charge 4
2021-06-24T11:48:48Z,91.0,Charge 4
2021-06-24T11:49:03Z,91.0,Charge 4
2021-06-24T11:49:08Z,90.0,Charge 4
2021-06-24T11:49:13Z,88.0,Charge 4
2021-06-24T11:49:28Z,88.0,Charge 4
2021-06-24T11:49:38Z,87.0,Charge 4
2021-06-24T11:49:43Z,86.0,Charge 4
2021-06-24T11:49:48Z,87.0,Charge 4
2021-06-24T11:49:53Z,89.0,Charge 4
2021-06-24T11:49:58Z,90.0,Charge 4
2021-06-24T11:50:03Z,91.0,Charge 4
2021-06-24T11:50:08Z,90.0,Charge 4
2021-06-24T11:50:18Z,91.0,Charge 4
2021-06-24T11:50:23Z,90.0,Charge 4
2021-06-24T11:50:28Z,91.0,Charge 4
2021-06-24T11:50:33Z,90.0,Charge 4
2021-06-24T11:50:38Z,89.0,Charge 4
2021-06-24T11:50:43Z,90.0,Charge 4
2021-06-24T11:50:48Z,91.0,Charge 4
2021-06-24T11:50:53Z,93.0,Charge 4
2021-06-24T11:50:58Z,94.0,Charge 4
2021-06-24T11:51:03Z,93.0,Charge 4
2021-06-24T11:51:08Z,94.0,Charge 4
2021-06-24T11:51:13Z,96.0,Charge 4
2021-06-24T11:51:23Z,95.0,Charge 4
2021-06-24T11:51:28Z,93.0,Charge 4
2021-06-24T11:51:33Z,92.0,Charge 4
2021-06-24T11:51:43Z,90.0,Charge 4
2021-06-24T11:51:48Z,88.0,Charge 4
2021-06-24T11:51:53Z,86.0,Charge 4
2021-06-24T11:51:58Z,85.0,Charge 4
2021-06-24T11:52:03Z,84.0,Charge 4
2021-06-24T11:52:08Z,82.0,Charge 4
2021-06-24T11:52:13Z,80.0,Charge 4
2021-06-24T11:52:18Z,79.0,Charge 4
2021-06-24T11:52:28Z,80.0,Charge 4
2021-06-24T11:52:38Z,79.0,Charge 4
2021-06-24T11:52:53Z,80.0,Charge 4
2021-06-24T11:53:03Z,79.0,Charge 4
2021-06-24T11:53:08Z,78.0,Charge 4
2021-06-24T11:53:13Z,77.0,Charge 4
2021-06-24T11:53:23Z,79.0,Charge 4
2021-06-24T11:53:28Z,80.0,Charge 4
2021-06-24T11:53:43Z,80.0,Charge 4
2021-06-24T11:53:48Z,79.0,Charge 4
2021-06-24T11:53:53Z,79.0,Charge 4
2021-06-24T11:53:58Z,80.0,Charge 4
2021-06-24T11:54:13Z,81.0,Charge 4
2021-06-24T11:54:28Z,81.0,Charge 4
2021-06-24T11:54:43Z,82.0,Charge 4
2021-06-24T11:54:48Z,83.0,Charge 4
2021-06-24T11:55:03Z,83.0,Charge 4
2021-06-24T11:55:08Z,84.0,Charge 4
2021-06-24T11:55:13Z,82.0,Charge 4
2021-06-24T11:55:18Z,80.0,Charge 4
2021-06-24T11:55:23Z,79.0,Charge 4
2021-06-24T11:55:28Z,78.0,Charge 4
2021-06-24T11:55:38Z,77.0,Charge 4
2021-06-24T11:55:43Z,75.0,Charge 4
2021-06-24T11:55:53Z,76.0,Charge 4
2021-06-24T11:55:58Z,76.0,Charge 4
2021-06-24T11:56:03Z,75.0,Charge 4
2021-06-24T11:56:08Z,75.0,Charge 4
2021-06-24T11:56:23Z,76.0,Charge 4
2021-06-24T11:56:33Z,77.0,Charge 4
2021-06-24T11:56:43Z,78.0,Charge 4
2021-06-24T11:56:48Z,79.0,Charge 4
2021-06-24T11:56:53Z,80.0,Charge 4
2021-06-24T11:56:58Z,81.0,Charge 4
2021-06-24T11:57:03Z,82.0,Charge 4
2021-06-24T11:57:08Z,81.0,Charge 4
2021-06-24T11:57:13Z,80.0,Charge 4
2021-06-24T11:57:18Z,82.0,Charge 4
2021-06-24T11:57:23Z,83.0,Charge 4
2021-06-24T11:57:28Z,82.0,Charge 4
2021-06-24T11:57:33Z,79.0,Charge 4
2021-06-24T11:57:38Z,78.0,Charge 4
2021-06-24T11:57:43Z,76.0,Charge 4
2021-06-24T11:57:48Z,75.0,Charge 4
2021-06-24T11:57:53Z,77.0,Charge 4
2021-06-24T11:58:08Z,76.0,Charge 4
2021-06-24T11:58:23Z,76.0,Charge 4
2021-06-24T11:58:38Z,77.0,Charge 4
2021-06-24T11:58:43Z,78.0,Charge 4
2021-06-24T11:58:48Z,80.0,Charge 4
2021-06-24T11:59:03Z,79.0,Charge 4
2021-06-24T11:59:13Z,77.0,Charge 4
2021-06-24T11:59:28Z,77.0,Charge 4
2021-06-24T11:59:43Z,78.0,Charge 4
2021-06-24T11:59:53Z,79.0,Charge 4
2021-06-24T11:59:58Z,80.0,Charge 4
2021-06-24T12:00:03Z,82.0,Charge 4
2021-06-24T12:00:08Z,83.0,Charge 4
2021-06-24T12:00:23Z,82.0,Charge 4
2021-06-24T12:00:28Z,81.0,Charge 4
2021-06-24T12:00:43Z,81.0,Charge 4
2021-06-24T12:00:48Z,80.0,Charge 4
2021-06-24T12:00:58Z,81.0,Charge 4
2021-06-24T12:01:08Z,80.0,Charge 4
2021-06-24T12:01:13Z,80.0,Charge 4
2021-06-24T12:01:28Z,80.0,Charge 4
2021-06-24T12:05:36Z,86.0,Charge 4
2021-06-24T12:05:46Z,83.0,Charge 4
2021-06-24T12:05:51Z,81.0,Charge 4
2021-06-24T12:06:06Z,81.0,Charge 4
2021-06-24T12:06:16Z,83.0,Charge 4
2021-06-24T12:06:21Z,81.0,Charge 4
2021-06-24T12:06:31Z,80.0,Charge 4
2021-06-24T12:06:36Z,81.0,Charge 4
2021-06-24T12:06:51Z,81.0,Charge 4
2021-06-24T12:07:01Z,83.0,Charge 4
2021-06-24T12:07:06Z,81.0,Charge 4
2021-06-24T12:07:21Z,81.0,Charge 4
2021-06-24T12:07:31Z,82.0,Charge 4
2021-06-24T12:07:46Z,82.0,Charge 4
2021-06-24T12:08:01Z,82.0,Charge 4
2021-06-24T12:08:16Z,82.0,Charge 4
2021-06-24T12:08:21Z,80.0,Charge 4
2021-06-24T12:08:31Z,81.0,Charge 4
2021-06-24T12:08:46Z,81.0,Charge 4
2021-06-24T12:08:51Z,82.0,Charge 4
2021-06-24T12:09:06Z,82.0,Charge 4
2021-06-24T12:09:16Z,83.0,Charge 4
2021-06-24T12:09:31Z,83.0,Charge 4
2021-06-24T12:09:36Z,85.0,Charge 4
2021-06-24T12:09:42Z,86.0,Charge 4
2021-06-24T12:09:47Z,86.0,Charge 4
2021-06-24T12:09:57Z,85.0,Charge 4
2021-06-24T12:10:02Z,82.0,Charge 4
2021-06-24T12:10:17Z,82.0,Charge 4
2021-06-24T12:10:22Z,80.0,Charge 4
2021-06-24T12:10:27Z,78.0,Charge 4
2021-06-24T12:10:37Z,79.0,Charge 4
2021-06-24T12:10:47Z,80.0,Charge 4
2021-06-24T12:10:52Z,81.0,Charge 4
2021-06-24T12:10:57Z,82.0,Charge 4
2021-06-24T12:11:02Z,83.0,Charge 4
2021-06-24T12:11:12Z,82.0,Charge 4
2021-06-24T12:11:27Z,82.0,Charge 4
2021-06-24T12:11:42Z,82.0,Charge 4
2021-06-24T12:11:47Z,83.0,Charge 4
2021-06-24T12:12:02Z,84.0,Charge 4
2021-06-24T12:12:17Z,85.0,Charge 4
2021-06-24T12:12:32Z,84.0,Charge 4
2021-06-24T12:12:47Z,84.0,Charge 4
2021-06-24T12:13:02Z,85.0,Charge 4
2021-06-24T12:13:17Z,85.0,Charge 4
2021-06-24T12:13:32Z,86.0,Charge 4
2021-06-24T12:13:47Z,86.0,Charge 4
2021-06-24T12:13:52Z,85.0,Charge 4
2021-06-24T12:14:02Z,86.0,Charge 4
2021-06-24T12:14:17Z,86.0,Charge 4
2021-06-24T12:14:22Z,86.0,Charge 4
2021-06-24T12:14:32Z,87.0,Charge 4
2021-06-24T12:14:37Z,88.0,Charge 4
2021-06-24T12:14:52Z,88.0,Charge 4
2021-06-24T12:15:02Z,87.0,Charge 4
2021-06-24T12:15:12Z,86.0,Charge 4
2021-06-24T12:15:17Z,83.0,Charge 4
2021-06-24T12:15:32Z,83.0,Charge 4
2021-06-24T12:15:37Z,84.0,Charge 4
2021-06-24T12:15:42Z,83.0,Charge 4
2021-06-24T12:15:52Z,82.0,Charge 4
2021-06-24T12:15:57Z,81.0,Charge 4
2021-06-24T12:16:02Z,80.0,Charge 4
2021-06-24T12:16:12Z,81.0,Charge 4
2021-06-24T12:16:27Z,81.0,Charge 4
2021-06-24T12:16:32Z,81.0,Charge 4
2021-06-24T12:16:37Z,82.0,Charge 4
2021-06-24T12:16:52Z,82.0,Charge 4
2021-06-24T12:17:07Z,82.0,Charge 4
2021-06-24T12:17:12Z,83.0,Charge 4
2021-06-24T12:17:17Z,84.0,Charge 4
2021-06-24T12:17:22Z,86.0,Charge 4
2021-06-24T12:17:27Z,85.0,Charge 4
2021-06-24T12:17:42Z,85.0,Charge 4
2021-06-24T12:17:47Z,89.0,Charge 4
2021-06-24T12:17:52Z,89.0,Charge 4
2021-06-24T12:17:58Z,88.0,Charge 4
2021-06-24T12:18:13Z,87.0,Charge 4
2021-06-24T12:18:28Z,87.0,Charge 4
2021-06-24T12:18:43Z,86.0,Charge 4
2021-06-24T12:18:58Z,86.0,Charge 4
2021-06-24T12:19:13Z,87.0,Charge 4
2021-06-24T12:19:18Z,89.0,Charge 4
2021-06-24T12:19:23Z,88.0,Charge 4
2021-06-24T12:19:38Z,88.0,Charge 4
2021-06-24T12:19:53Z,88.0,Charge 4
2021-06-24T12:19:58Z,87.0,Charge 4
2021-06-24T12:20:08Z,83.0,Charge 4
2021-06-24T12:20:18Z,82.0,Charge 4
2021-06-24T12:20:33Z,82.0,Charge 4
2021-06-24T12:20:43Z,83.0,Charge 4
2021-06-24T12:20:58Z,83.0,Charge 4
2021-06-24T12:21:13Z,83.0,Charge 4
2021-06-24T12:21:18Z,79.0,Charge 4
2021-06-24T12:21:23Z,78.0,Charge 4
2021-06-24T12:21:33Z,79.0,Charge 4
2021-06-24T12:21:38Z,78.0,Charge 4
2021-06-24T12:21:43Z,78.0,Charge 4
2021-06-24T12:21:48Z,77.0,Charge 4
2021-06-24T12:21:53Z,77.0,Charge 4
2021-06-24T12:22:03Z,77.0,Charge 4
2021-06-24T12:22:08Z,80.0,Charge 4
2021-06-24T12:22:14Z,80.0,Charge 4
2021-06-24T12:22:19Z,78.0,Charge 4
2021-06-24T12:22:24Z,78.0,Charge 4
2021-06-24T12:22:29Z,79.0,Charge 4
2021-06-24T12:22:34Z,80.0,Charge 4
2021-06-24T12:22:44Z,82.0,Charge 4
2021-06-24T12:22:49Z,84.0,Charge 4
2021-06-24T12:22:54Z,86.0,Charge 4
2021-06-24T12:23:09Z,86.0,Charge 4
2021-06-24T12:23:14Z,87.0,Charge 4
2021-06-24T12:23:24Z,86.0,Charge 4
2021-06-24T12:23:39Z,85.0,Charge 4
2021-06-24T12:23:44Z,84.0,Charge 4
2021-06-24T12:23:49Z,83.0,Charge 4
2021-06-24T12:23:54Z,82.0,Charge 4
2021-06-24T12:24:09Z,82.0,Charge 4
2021-06-24T12:24:24Z,82.0,Charge 4
2021-06-24T12:24:34Z,84.0,Charge 4
2021-06-24T12:24:39Z,85.0,Charge 4
2021-06-24T12:24:44Z,86.0,Charge 4
2021-06-24T12:24:49Z,86.0,Charge 4
2021-06-24T12:24:59Z,84.0,Charge 4
2021-06-24T12:25:04Z,81.0,Charge 4
2021-06-24T12:25:09Z,82.0,Charge 4
2021-06-24T12:25:14Z,82.0,Charge 4
2021-06-24T12:25:19Z,81.0,Charge 4
2021-06-24T12:25:24Z,82.0,Charge 4
2021-06-24T12:25:29Z,82.0,Charge 4
2021-06-24T12:25:34Z,83.0,Charge 4
2021-06-24T12:25:39Z,83.0,Charge 4
2021-06-24T12:25:54Z,83.0,Charge 4
2021-06-24T12:26:09Z,83.0,Charge 4
2021-06-24T12:26:19Z,84.0,Charge 4
2021-06-24T12:26:34Z,84.0,Charge 4
2021-06-24T12:26:44Z,83.0,Charge 4
2021-06-24T12:26:49Z,83.0,Charge 4
2021-06-24T12:26:59Z,82.0,Charge 4
2021-06-24T12:27:04Z,82.0,Charge 4
2021-06-24T12:27:09Z,81.0,Charge 4
2021-06-24T12:27:24Z,82.0,Charge 4
2021-06-24T12:27:39Z,85.0,Charge 4
2021-06-24T12:27:44Z,87.0,Charge 4
2021-06-24T12:27:49Z,87.0,Charge 4
2021-06-24T12:28:04Z,87.0,Charge 4
2021-06-24T12:28:09Z,86.0,Charge 4
2021-06-24T12:28:14Z,84.0,Charge 4
2021-06-24T12:28:19Z,83.0,Charge 4
2021-06-24T12:28:24Z,82.0,Charge 4
2021-06-24T12:28:39Z,82.0,Charge 4
2021-06-24T12:28:44Z,81.0,Charge 4
2021-06-24T12:28:59Z,81.0,Charge 4
2021-06-24T12:29:04Z,82.0,Charge 4
2021-06-24T12:29:19Z,84.0,Charge 4
2021-06-24T12:29:24Z,89.0,Charge 4
2021-06-24T12:29:29Z,90.0,Charge 4
2021-06-24T12:29:39Z,89.0,Charge 4
2021-06-24T12:29:49Z,88.0,Charge 4
2021-06-24T12:29:59Z,87.0,Charge 4
2021-06-24T12:30:04Z,84.0,Charge 4
2021-06-24T12:30:09Z,83.0,Charge 4
2021-06-24T12:30:24Z,84.0,Charge 4
2021-06-24T12:30:39Z,84.0,Charge 4
2021-06-24T12:30:44Z,85.0,Charge 4
2021-06-24T12:30:59Z,84.0,Charge 4
2021-06-24T12:31:04Z,83.0,Charge 4
2021-06-24T12:31:09Z,82.0,Charge 4
2021-06-24T12:31:19Z,81.0,Charge 4
2021-06-24T12:31:24Z,80.0,Charge 4
2021-06-24T12:31:39Z,78.0,Charge 4
2021-06-24T12:31:54Z,78.0,Charge 4
2021-06-24T12:32:09Z,78.0,Charge 4
2021-06-24T12:32:24Z,78.0,Charge 4
2021-06-24T12:33:35Z,77.0,Charge 4
2021-06-24T12:33:40Z,77.0,Charge 4
2021-06-24T12:33:45Z,78.0,Charge 4
2021-06-24T12:34:00Z,79.0,Charge 4
2021-06-24T12:34:15Z,79.0,Charge 4
2021-06-24T12:34:30Z,80.0,Charge 4
2021-06-24T12:34:45Z,80.0,Charge 4
2021-06-24T12:34:55Z,80.0,Charge 4
2021-06-24T12:35:00Z,77.0,Charge 4
2021-06-24T12:35:05Z,76.0,Charge 4
2021-06-24T12:35:20Z,70.0,Charge 4
2021-06-24T12:35:25Z,69.0,Charge 4
2021-06-24T12:35:30Z,72.0,Charge 4
2021-06-24T12:35:35Z,74.0,Charge 4
2021-06-24T12:35:50Z,74.0,Charge 4
2021-06-24T12:36:05Z,74.0,Charge 4
2021-06-24T12:36:15Z,75.0,Charge 4
2021-06-24T12:36:30Z,76.0,Charge 4
2021-06-24T12:36:40Z,77.0,Charge 4
2021-06-24T12:36:45Z,92.0,Charge 4
2021-06-24T12:36:50Z,99.0,Charge 4
2021-06-24T12:37:05Z,98.0,Charge 4
2021-06-24T12:37:15Z,97.0,Charge 4
2021-06-24T12:37:20Z,97.0,Charge 4
2021-06-24T12:37:35Z,96.0,Charge 4
2021-06-24T12:37:40Z,93.0,Charge 4
2021-06-24T12:37:45Z,88.0,Charge 4
2021-06-24T12:38:00Z,88.0,Charge 4
2021-06-24T12:38:10Z,86.0,Charge 4
2021-06-24T12:38:25Z,86.0,Charge 4
2021-06-24T12:38:40Z,88.0,Charge 4
2021-06-24T12:38:45Z,97.0,Charge 4
2021-06-24T12:38:50Z,98.0,Charge 4
2021-06-24T12:38:55Z,98.0,Charge 4
2021-06-24T12:39:05Z,99.0,Charge 4
2021-06-24T12:39:15Z,99.0,Charge 4
2021-06-24T12:39:30Z,99.0,Charge 4
2021-06-24T12:39:45Z,99.0,Charge 4
2021-06-24T12:39:55Z,98.0,Charge 4
2021-06-24T12:40:00Z,97.0,Charge 4
2021-06-24T12:40:05Z,94.0,Charge 4
2021-06-24T12:40:10Z,83.0,Charge 4
2021-06-24T12:40:15Z,80.0,Charge 4
2021-06-24T12:40:30Z,80.0,Charge 4
2021-06-24T12:40:35Z,81.0,Charge 4
2021-06-24T12:40:45Z,85.0,Charge 4
2021-06-24T12:40:50Z,86.0,Charge 4
2021-06-24T12:40:55Z,85.0,Charge 4
2021-06-24T12:41:00Z,84.0,Charge 4
2021-06-24T12:41:10Z,85.0,Charge 4
2021-06-24T12:41:15Z,85.0,Charge 4
2021-06-24T12:41:20Z,81.0,Charge 4
2021-06-24T12:41:25Z,81.0,Charge 4
2021-06-24T12:41:30Z,84.0,Charge 4
2021-06-24T12:41:35Z,88.0,Charge 4
2021-06-24T12:41:40Z,86.0,Charge 4
2021-06-24T12:41:45Z,83.0,Charge 4
2021-06-24T12:41:50Z,81.0,Charge 4
2021-06-24T12:42:00Z,80.0,Charge 4
2021-06-24T12:42:10Z,81.0,Charge 4
2021-06-24T12:42:15Z,82.0,Charge 4
2021-06-24T12:42:25Z,81.0,Charge 4
2021-06-24T12:42:40Z,82.0,Charge 4
2021-06-24T12:42:45Z,83.0,Charge 4
2021-06-24T12:42:50Z,84.0,Charge 4
2021-06-24T12:42:55Z,85.0,Charge 4
2021-06-24T12:43:00Z,85.0,Charge 4
2021-06-24T12:43:05Z,86.0,Charge 4
2021-06-24T12:43:15Z,84.0,Charge 4
2021-06-24T12:43:20Z,82.0,Charge 4
2021-06-24T12:43:35Z,81.0,Charge 4
2021-06-24T12:43:45Z,80.0,Charge 4
2021-06-24T12:44:00Z,80.0,Charge 4
2021-06-24T12:44:05Z,81.0,Charge 4
2021-06-24T12:44:10Z,85.0,Charge 4
2021-06-24T12:44:15Z,86.0,Charge 4
2021-06-24T12:44:20Z,84.0,Charge 4
2021-06-24T12:44:25Z,83.0,Charge 4
2021-06-24T12:44:35Z,84.0,Charge 4
2021-06-24T12:44:45Z,86.0,Charge 4
2021-06-24T12:44:50Z,87.0,Charge 4
2021-06-24T12:45:00Z,88.0,Charge 4
2021-06-24T12:45:05Z,88.0,Charge 4
2021-06-24T12:45:10Z,88.0,Charge 4
2021-06-24T12:45:15Z,87.0,Charge 4
2021-06-24T12:45:20Z,86.0,Charge 4
2021-06-24T12:45:25Z,85.0,Charge 4
2021-06-24T12:45:30Z,85.0,Charge 4
2021-06-24T12:45:35Z,84.0,Charge 4
2021-06-24T12:45:50Z,83.0,Charge 4
2021-06-24T12:45:55Z,81.0,Charge 4
2021-06-24T12:46:00Z,78.0,Charge 4
2021-06-24T12:46:15Z,76.0,Charge 4
2021-06-24T12:46:25Z,77.0,Charge 4
2021-06-24T12:46:30Z,78.0,Charge 4
2021-06-24T12:46:35Z,80.0,Charge 4
2021-06-24T12:46:50Z,80.0,Charge 4
2021-06-24T12:47:05Z,80.0,Charge 4
2021-06-24T12:47:52Z,83.0,Charge 4
2021-06-24T12:48:07Z,83.0,Charge 4
2021-06-24T12:48:17Z,84.0,Charge 4
2021-06-24T12:48:27Z,86.0,Charge 4
2021-06-24T12:48:32Z,87.0,Charge 4
2021-06-24T12:48:47Z,87.0,Charge 4
2021-06-24T12:48:52Z,86.0,Charge 4
2021-06-24T12:48:57Z,84.0,Charge 4
2021-06-24T12:49:02Z,82.0,Charge 4
2021-06-24T12:49:12Z,82.0,Charge 4
2021-06-24T12:49:27Z,82.0,Charge 4
2021-06-24T12:49:42Z,82.0,Charge 4
2021-06-24T12:49:57Z,82.0,Charge 4
2021-06-24T12:50:02Z,82.0,Charge 4
2021-06-24T12:50:17Z,82.0,Charge 4
2021-06-24T12:50:32Z,83.0,Charge 4
2021-06-24T12:50:42Z,82.0,Charge 4
2021-06-24T12:50:47Z,82.0,Charge 4
2021-06-24T12:50:52Z,83.0,Charge 4
2021-06-24T12:50:57Z,84.0,Charge 4
2021-06-24T12:51:02Z,83.0,Charge 4
2021-06-24T12:51:07Z,82.0,Charge 4
2021-06-24T12:51:17Z,83.0,Charge 4
2021-06-24T12:51:22Z,84.0,Charge 4
2021-06-24T12:51:27Z,85.0,Charge 4
2021-06-24T12:51:32Z,85.0,Charge 4
2021-06-24T12:51:47Z,84.0,Charge 4
2021-06-24T12:51:52Z,85.0,Charge 4
2021-06-24T12:51:57Z,87.0,Charge 4
2021-06-24T12:52:02Z,88.0,Charge 4
2021-06-24T12:52:07Z,89.0,Charge 4
2021-06-24T12:52:12Z,89.0,Charge 4
2021-06-24T12:52:17Z,88.0,Charge 4
2021-06-24T12:52:32Z,88.0,Charge 4
2021-06-24T12:52:42Z,87.0,Charge 4
2021-06-24T12:52:57Z,87.0,Charge 4
2021-06-24T12:53:02Z,86.0,Charge 4
2021-06-24T12:53:12Z,85.0,Charge 4
2021-06-24T12:53:17Z,84.0,Charge 4
2021-06-24T12:53:32Z,84.0,Charge 4
2021-06-24T12:53:47Z,84.0,Charge 4
2021-06-24T12:54:02Z,84.0,Charge 4
2021-06-24T12:54:07Z,83.0,Charge 4
2021-06-24T12:54:12Z,83.0,Charge 4
2021-06-24T12:54:17Z,83.0,Charge 4
2021-06-24T12:54:27Z,83.0,Charge 4
2021-06-24T12:54:42Z,83.0,Charge 4
2021-06-24T12:54:57Z,85.0,Charge 4
2021-06-24T12:55:02Z,84.0,Charge 4
2021-06-24T12:55:07Z,84.0,Charge 4
2021-06-24T12:55:22Z,84.0,Charge 4
2021-06-24T12:55:27Z,84.0,Charge 4
2021-06-24T12:55:32Z,85.0,Charge 4
2021-06-24T12:55:47Z,85.0,Charge 4
2021-06-24T12:55:52Z,84.0,Charge 4
2021-06-24T12:55:57Z,83.0,Charge 4
2021-06-24T12:56:02Z,82.0,Charge 4
2021-06-24T12:56:07Z,81.0,Charge 4
2021-06-24T12:56:17Z,82.0,Charge 4
2021-06-24T12:56:22Z,83.0,Charge 4
2021-06-24T12:56:27Z,84.0,Charge 4
2021-06-24T12:56:32Z,81.0,Charge 4
2021-06-24T12:56:47Z,81.0,Charge 4
2021-06-24T12:56:57Z,83.0,Charge 4
2021-06-24T12:57:02Z,87.0,Charge 4
2021-06-24T12:57:07Z,88.0,Charge 4
2021-06-24T12:57:17Z,88.0,Charge 4
2021-06-24T12:57:32Z,88.0,Charge 4
2021-06-24T12:57:37Z,86.0,Charge 4
2021-06-24T12:57:52Z,86.0,Charge 4
2021-06-24T12:58:02Z,85.0,Charge 4
2021-06-24T12:58:12Z,86.0,Charge 4
2021-06-24T12:58:22Z,85.0,Charge 4
2021-06-24T12:58:27Z,85.0,Charge 4
2021-06-24T12:58:42Z,85.0,Charge 4
2021-06-24T12:58:52Z,84.0,Charge 4
2021-06-24T12:58:57Z,85.0,Charge 4
2021-06-24T12:59:02Z,86.0,Charge 4
2021-06-24T12:59:07Z,87.0,Charge 4
2021-06-24T12:59:12Z,86.0,Charge 4
2021-06-24T12:59:18Z,86.0,Charge 4
2021-06-24T12:59:23Z,87.0,Charge 4
2021-06-24T12:59:38Z,86.0,Charge 4
2021-06-24T12:59:53Z,84.0,Charge 4
2021-06-24T13:00:08Z,84.0,Charge 4
2021-06-24T13:00:18Z,85.0,Charge 4
2021-06-24T13:00:33Z,84.0,Charge 4
2021-06-24T13:00:38Z,85.0,Charge 4
2021-06-24T13:00:53Z,85.0,Charge 4
2021-06-24T13:01:08Z,85.0,Charge 4
2021-06-24T13:01:23Z,85.0,Charge 4
2021-06-24T13:01:38Z,85.0,Charge 4
2021-06-24T13:01:43Z,83.0,Charge 4
2021-06-24T13:01:48Z,82.0,Charge 4
2021-06-24T13:02:03Z,82.0,Charge 4
2021-06-24T13:02:18Z,83.0,Charge 4
2021-06-24T13:02:23Z,83.0,Charge 4
2021-06-24T13:02:28Z,84.0,Charge 4
2021-06-24T13:02:33Z,84.0,Charge 4
2021-06-24T13:02:48Z,84.0,Charge 4
2021-06-24T13:02:53Z,88.0,Charge 4
2021-06-24T13:03:03Z,87.0,Charge 4
2021-06-24T13:03:18Z,87.0,Charge 4
2021-06-24T13:03:33Z,87.0,Charge 4
2021-06-24T13:03:38Z,85.0,Charge 4
2021-06-24T13:03:53Z,85.0,Charge 4
2021-06-24T13:03:58Z,85.0,Charge 4
2021-06-24T13:04:04Z,85.0,Charge 4
2021-06-24T13:04:14Z,86.0,Charge 4
2021-06-24T13:04:19Z,86.0,Charge 4
2021-06-24T13:04:29Z,85.0,Charge 4
2021-06-24T13:04:34Z,83.0,Charge 4
2021-06-24T13:04:39Z,83.0,Charge 4
2021-06-24T13:04:54Z,83.0,Charge 4
2021-06-24T13:05:04Z,84.0,Charge 4
2021-06-24T13:05:09Z,87.0,Charge 4
2021-06-24T13:05:19Z,89.0,Charge 4
2021-06-24T13:05:24Z,91.0,Charge 4
2021-06-24T13:05:29Z,93.0,Charge 4
2021-06-24T13:05:34Z,92.0,Charge 4
2021-06-24T13:05:49Z,91.0,Charge 4
2021-06-24T13:05:54Z,92.0,Charge 4
2021-06-24T13:05:59Z,91.0,Charge 4
2021-06-24T13:06:04Z,90.0,Charge 4
2021-06-24T13:06:19Z,90.0,Charge 4
2021-06-24T13:06:29Z,91.0,Charge 4
2021-06-24T13:06:34Z,92.0,Charge 4
2021-06-24T13:06:44Z,93.0,Charge 4
2021-06-24T13:06:49Z,92.0,Charge 4
2021-06-24T13:06:54Z,93.0,Charge 4
2021-06-24T13:06:59Z,94.0,Charge 4
2021-06-24T13:07:14Z,94.0,Charge 4
2021-06-24T13:07:24Z,93.0,Charge 4
2021-06-24T13:07:39Z,93.0,Charge 4
2021-06-24T13:07:40Z,96.0,Charge 4
2021-06-24T13:07:45Z,94.0,Charge 4
2021-06-24T13:07:50Z,87.0,Charge 4
2021-06-24T13:07:55Z,84.0,Charge 4
2021-06-24T13:08:00Z,82.0,Charge 4
2021-06-24T13:08:05Z,81.0,Charge 4
2021-06-24T13:08:10Z,80.0,Charge 4
2021-06-24T13:08:15Z,81.0,Charge 4
2021-06-24T13:08:20Z,80.0,Charge 4
2021-06-24T13:08:30Z,81.0,Charge 4
2021-06-24T13:08:35Z,80.0,Charge 4
2021-06-24T13:08:50Z,77.0,Charge 4
2021-06-24T13:08:55Z,76.0,Charge 4
2021-06-24T13:09:00Z,75.0,Charge 4
2021-06-24T13:09:10Z,75.0,Charge 4
2021-06-24T13:09:20Z,76.0,Charge 4
2021-06-24T13:09:30Z,77.0,Charge 4
2021-06-24T13:09:40Z,76.0,Charge 4
2021-06-24T13:09:55Z,76.0,Charge 4
2021-06-24T13:10:10Z,77.0,Charge 4
2021-06-24T13:10:20Z,81.0,Charge 4
2021-06-24T13:10:25Z,81.0,Charge 4
2021-06-24T13:10:30Z,79.0,Charge 4
2021-06-24T13:10:35Z,80.0,Charge 4
2021-06-24T13:10:40Z,81.0,Charge 4
2021-06-24T13:10:55Z,81.0,Charge 4
2021-06-24T13:11:10Z,80.0,Charge 4
2021-06-24T13:11:15Z,80.0,Charge 4
2021-06-24T13:11:20Z,80.0,Charge 4
2021-06-24T13:11:25Z,79.0,Charge 4
2021-06-24T13:11:30Z,78.0,Charge 4
2021-06-24T13:11:40Z,78.0,Charge 4
2021-06-24T13:11:45Z,76.0,Charge 4
2021-06-24T13:11:50Z,75.0,Charge 4
2021-06-24T13:11:55Z,76.0,Charge 4
2021-06-24T13:12:05Z,75.0,Charge 4
2021-06-24T13:12:15Z,76.0,Charge 4
2021-06-24T13:12:20Z,75.0,Charge 4
2021-06-24T13:12:25Z,75.0,Charge 4
2021-06-24T13:12:30Z,74.0,Charge 4
2021-06-24T13:12:40Z,75.0,Charge 4
2021-06-24T13:12:45Z,76.0,Charge 4
2021-06-24T13:12:50Z,78.0,Charge 4
2021-06-24T13:12:55Z,77.0,Charge 4
2021-06-24T13:13:00Z,76.0,Charge 4
2021-06-24T13:13:15Z,77.0,Charge 4
2021-06-24T13:13:30Z,77.0,Charge 4
2021-06-24T13:13:40Z,78.0,Charge 4
2021-06-24T13:13:45Z,79.0,Charge 4
2021-06-24T13:13:50Z,80.0,Charge 4
2021-06-24T13:13:55Z,79.0,Charge 4
2021-06-24T13:14:00Z,78.0,Charge 4
2021-06-24T13:14:05Z,75.0,Charge 4
2021-06-24T13:14:10Z,76.0,Charge 4
2021-06-24T13:14:15Z,76.0,Charge 4
2021-06-24T13:14:25Z,75.0,Charge 4
2021-06-24T13:14:30Z,75.0,Charge 4
2021-06-24T13:14:35Z,76.0,Charge 4
2021-06-24T13:14:50Z,76.0,Charge 4
2021-06-24T13:14:55Z,75.0,Charge 4
2021-06-24T13:15:00Z,75.0,Charge 4
2021-06-24T13:15:05Z,76.0,Charge 4
2021-06-24T13:15:10Z,77.0,Charge 4
2021-06-24T13:15:20Z,79.0,Charge 4
2021-06-24T13:15:25Z,80.0,Charge 4
2021-06-24T13:15:30Z,79.0,Charge 4
2021-06-24T13:15:40Z,80.0,Charge 4
2021-06-24T13:15:50Z,78.0,Charge 4
2021-06-24T13:15:55Z,76.0,Charge 4
2021-06-24T13:16:00Z,75.0,Charge 4
2021-06-24T13:16:10Z,74.0,Charge 4
2021-06-24T13:16:15Z,74.0,Charge 4
2021-06-24T13:16:25Z,75.0,Charge 4
2021-06-24T13:16:35Z,76.0,Charge 4
2021-06-24T13:16:45Z,76.0,Charge 4
2021-06-24T13:16:50Z,75.0,Charge 4
2021-06-24T13:16:55Z,75.0,Charge 4
2021-06-24T13:17:05Z,76.0,Charge 4
2021-06-24T13:17:15Z,77.0,Charge 4
2021-06-24T13:17:25Z,76.0,Charge 4
2021-06-24T13:17:40Z,77.0,Charge 4
2021-06-24T13:17:45Z,77.0,Charge 4
2021-06-24T13:17:50Z,76.0,Charge 4
2021-06-24T13:17:55Z,74.0,Charge 4
2021-06-24T13:18:05Z,75.0,Charge 4
2021-06-24T13:18:20Z,75.0,Charge 4
2021-06-24T13:18:25Z,76.0,Charge 4
2021-06-24T13:18:40Z,76.0,Charge 4
2021-06-24T13:18:55Z,77.0,Charge 4
2021-06-24T13:19:10Z,77.0,Charge 4
2021-06-24T13:19:20Z,79.0,Charge 4
2021-06-24T13:19:25Z,78.0,Charge 4
2021-06-24T13:19:30Z,79.0,Charge 4
2021-06-24T13:19:45Z,79.0,Charge 4
2021-06-24T13:19:50Z,78.0,Charge 4
2021-06-24T13:19:55Z,76.0,Charge 4
2021-06-24T13:20:00Z,76.0,Charge 4
2021-06-24T13:20:05Z,75.0,Charge 4
2021-06-24T13:20:20Z,75.0,Charge 4
2021-06-24T13:20:30Z,75.0,Charge 4
2021-06-24T13:20:35Z,75.0,Charge 4
2021-06-24T13:20:45Z,76.0,Charge 4
2021-06-24T13:20:50Z,75.0,Charge 4
2021-06-24T13:20:55Z,76.0,Charge 4
2021-06-24T13:21:01Z,76.0,Charge 4
2021-06-24T13:21:06Z,75.0,Charge 4
2021-06-24T13:21:11Z,75.0,Charge 4
2021-06-24T13:21:26Z,75.0,Charge 4
2021-06-24T13:21:31Z,80.0,Charge 4
2021-06-24T13:21:36Z,81.0,Charge 4
2021-06-24T13:21:46Z,81.0,Charge 4
2021-06-24T13:21:56Z,80.0,Charge 4
2021-06-24T13:22:01Z,80.0,Charge 4
2021-06-24T13:22:16Z,80.0,Charge 4
2021-06-24T13:22:21Z,78.0,Charge 4
2021-06-24T13:22:26Z,76.0,Charge 4
2021-06-24T13:22:41Z,76.0,Charge 4
2021-06-24T13:22:56Z,76.0,Charge 4
2021-06-24T13:23:06Z,77.0,Charge 4
2021-06-24T13:23:11Z,76.0,Charge 4
2021-06-24T13:23:16Z,75.0,Charge 4
2021-06-24T13:23:21Z,74.0,Charge 4
2021-06-24T13:23:36Z,74.0,Charge 4
2021-06-24T13:23:51Z,75.0,Charge 4
2021-06-24T13:23:56Z,75.0,Charge 4
2021-06-24T13:24:06Z,75.0,Charge 4
2021-06-24T13:24:21Z,75.0,Charge 4
2021-06-24T13:24:26Z,75.0,Charge 4
2021-06-24T13:24:41Z,75.0,Charge 4
2021-06-24T13:24:46Z,76.0,Charge 4
2021-06-24T13:24:56Z,77.0,Charge 4
2021-06-24T13:25:01Z,77.0,Charge 4
2021-06-24T13:25:16Z,77.0,Charge 4
2021-06-24T13:25:26Z,78.0,Charge 4
2021-06-24T13:25:31Z,78.0,Charge 4
2021-06-24T13:25:36Z,77.0,Charge 4
2021-06-24T13:25:51Z,77.0,Charge 4
2021-06-24T13:26:06Z,77.0,Charge 4
2021-06-24T13:26:16Z,78.0,Charge 4
2021-06-24T13:26:31Z,78.0,Charge 4
2021-06-24T13:26:46Z,78.0,Charge 4
2021-06-24T13:27:01Z,78.0,Charge 4
2021-06-24T13:27:11Z,77.0,Charge 4
2021-06-24T13:27:21Z,76.0,Charge 4
2021-06-24T13:27:26Z,75.0,Charge 4
2021-06-24T13:27:36Z,76.0,Charge 4
2021-06-24T13:27:41Z,75.0,Charge 4
2021-06-24T13:27:46Z,76.0,Charge 4
2021-06-24T13:28:01Z,76.0,Charge 4
2021-06-24T13:28:16Z,76.0,Charge 4
2021-06-24T13:28:31Z,76.0,Charge 4
2021-06-24T13:28:46Z,76.0,Charge 4
2021-06-24T13:28:51Z,79.0,Charge 4
2021-06-24T13:28:56Z,80.0,Charge 4
2021-06-24T13:29:11Z,80.0,Charge 4
2021-06-24T13:29:26Z,79.0,Charge 4
2021-06-24T13:29:27Z,78.0,Charge 4
2021-06-24T13:29:42Z,78.0,Charge 4
2021-06-24T13:29:57Z,78.0,Charge 4
2021-06-24T13:30:02Z,78.0,Charge 4
2021-06-24T13:30:17Z,78.0,Charge 4
2021-06-24T13:30:22Z,79.0,Charge 4
2021-06-24T13:30:37Z,80.0,Charge 4
2021-06-24T13:30:47Z,83.0,Charge 4
2021-06-24T13:30:52Z,84.0,Charge 4
2021-06-24T13:30:57Z,82.0,Charge 4
2021-06-24T13:31:02Z,80.0,Charge 4
2021-06-24T13:31:07Z,79.0,Charge 4
2021-06-24T13:31:12Z,80.0,Charge 4
2021-06-24T13:31:22Z,79.0,Charge 4
2021-06-24T13:31:32Z,78.0,Charge 4
2021-06-24T13:31:37Z,77.0,Charge 4
2021-06-24T13:31:52Z,78.0,Charge 4
2021-06-24T13:32:02Z,77.0,Charge 4
2021-06-24T13:32:17Z,77.0,Charge 4
2021-06-24T13:32:22Z,78.0,Charge 4
2021-06-24T13:32:37Z,80.0,Charge 4
2021-06-24T13:32:42Z,81.0,Charge 4
2021-06-24T13:32:57Z,81.0,Charge 4
2021-06-24T13:33:12Z,81.0,Charge 4
2021-06-24T13:33:27Z,81.0,Charge 4
2021-06-24T13:33:37Z,82.0,Charge 4
2021-06-24T13:33:42Z,81.0,Charge 4
2021-06-24T13:33:47Z,80.0,Charge 4
2021-06-24T13:33:57Z,81.0,Charge 4
2021-06-24T13:34:02Z,80.0,Charge 4
2021-06-24T13:34:07Z,79.0,Charge 4
2021-06-24T13:34:12Z,78.0,Charge 4
2021-06-24T13:34:22Z,77.0,Charge 4
2021-06-24T13:34:27Z,77.0,Charge 4
2021-06-24T13:34:32Z,78.0,Charge 4
2021-06-24T13:34:42Z,77.0,Charge 4
2021-06-24T13:34:47Z,78.0,Charge 4
2021-06-24T13:34:57Z,79.0,Charge 4
2021-06-24T13:35:07Z,79.0,Charge 4
2021-06-24T13:35:17Z,78.0,Charge 4
2021-06-24T13:35:22Z,78.0,Charge 4
2021-06-24T13:35:32Z,80.0,Charge 4
2021-06-24T13:35:37Z,82.0,Charge 4
2021-06-24T13:35:52Z,82.0,Charge 4
2021-06-24T13:35:57Z,83.0,Charge 4
2021-06-24T13:36:02Z,82.0,Charge 4
2021-06-24T13:36:07Z,80.0,Charge 4
2021-06-24T13:36:12Z,79.0,Charge 4
2021-06-24T13:36:22Z,78.0,Charge 4
2021-06-24T13:36:32Z,78.0,Charge 4
2021-06-24T13:36:47Z,78.0,Charge 4
2021-06-24T13:37:02Z,79.0,Charge 4
2021-06-24T13:37:03Z,79.0,Charge 4
2021-06-24T13:37:13Z,80.0,Charge 4
2021-06-24T13:37:28Z,80.0,Charge 4
2021-06-24T13:37:43Z,80.0,Charge 4
2021-06-24T13:37:53Z,82.0,Charge 4
2021-06-24T13:37:58Z,82.0,Charge 4
2021-06-24T13:38:03Z,81.0,Charge 4
2021-06-24T13:38:18Z,81.0,Charge 4
2021-06-24T13:38:23Z,79.0,Charge 4
2021-06-24T13:38:28Z,78.0,Charge 4
2021-06-24T13:38:33Z,78.0,Charge 4
2021-06-24T13:38:43Z,77.0,Charge 4
2021-06-24T13:38:48Z,75.0,Charge 4
2021-06-24T13:38:58Z,76.0,Charge 4
2021-06-24T13:39:03Z,77.0,Charge 4
2021-06-24T13:39:13Z,76.0,Charge 4
2021-06-24T13:39:18Z,76.0,Charge 4
2021-06-24T13:39:33Z,76.0,Charge 4
2021-06-24T13:39:38Z,79.0,Charge 4
2021-06-24T13:39:43Z,81.0,Charge 4
2021-06-24T13:39:48Z,83.0,Charge 4
2021-06-24T13:39:53Z,82.0,Charge 4
2021-06-24T13:39:58Z,81.0,Charge 4
2021-06-24T13:40:13Z,79.0,Charge 4
2021-06-24T13:40:18Z,78.0,Charge 4
2021-06-24T13:40:33Z,80.0,Charge 4
2021-06-24T13:40:38Z,81.0,Charge 4
2021-06-24T13:40:43Z,81.0,Charge 4
2021-06-24T13:40:48Z,80.0,Charge 4
2021-06-24T13:40:53Z,79.0,Charge 4
2021-06-24T13:41:03Z,79.0,Charge 4
2021-06-24T13:41:08Z,79.0,Charge 4
2021-06-24T13:41:23Z,79.0,Charge 4
2021-06-24T13:41:38Z,79.0,Charge 4
2021-06-24T13:41:48Z,78.0,Charge 4
2021-06-24T13:41:53Z,79.0,Charge 4
2021-06-24T13:41:58Z,78.0,Charge 4
2021-06-24T13:42:03Z,79.0,Charge 4
2021-06-24T13:42:08Z,80.0,Charge 4
2021-06-24T13:42:13Z,79.0,Charge 4
2021-06-24T13:42:23Z,78.0,Charge 4
2021-06-24T13:42:28Z,77.0,Charge 4
2021-06-24T13:42:38Z,78.0,Charge 4
2021-06-24T13:42:53Z,78.0,Charge 4
2021-06-24T13:43:08Z,79.0,Charge 4
2021-06-24T13:43:18Z,79.0,Charge 4
2021-06-24T13:43:33Z,79.0,Charge 4
2021-06-24T13:43:48Z,79.0,Charge 4
2021-06-24T13:43:53Z,79.0,Charge 4
2021-06-24T13:44:03Z,79.0,Charge 4
2021-06-24T13:44:08Z,79.0,Charge 4
2021-06-24T13:44:13Z,80.0,Charge 4
2021-06-24T13:44:28Z,80.0,Charge 4
2021-06-24T13:44:43Z,80.0,Charge 4
2021-06-24T13:44:48Z,80.0,Charge 4
2021-06-24T13:45:03Z,80.0,Charge 4
2021-06-24T13:45:13Z,81.0,Charge 4
2021-06-24T13:45:28Z,80.0,Charge 4
2021-06-24T13:45:33Z,78.0,Charge 4
2021-06-24T13:45:48Z,78.0,Charge 4
2021-06-24T13:45:53Z,78.0,Charge 4
2021-06-24T13:46:03Z,79.0,Charge 4
2021-06-24T13:46:08Z,79.0,Charge 4
2021-06-24T13:46:18Z,79.0,Charge 4
2021-06-24T13:46:23Z,80.0,Charge 4
2021-06-24T13:46:38Z,80.0,Charge 4
2021-06-24T13:46:53Z,79.0,Charge 4
2021-06-24T13:46:58Z,80.0,Charge 4
2021-06-24T13:47:03Z,79.0,Charge 4
2021-06-24T13:47:13Z,79.0,Charge 4
2021-06-24T13:47:28Z,79.0,Charge 4
2021-06-24T13:47:33Z,79.0,Charge 4
2021-06-24T13:47:48Z,79.0,Charge 4
2021-06-24T13:47:53Z,79.0,Charge 4
2021-06-24T13:48:08Z,79.0,Charge 4
2021-06-24T13:48:13Z,80.0,Charge 4
2021-06-24T13:48:18Z,81.0,Charge 4
2021-06-24T13:48:23Z,82.0,Charge 4
2021-06-24T13:48:28Z,83.0,Charge 4
2021-06-24T13:48:33Z,83.0,Charge 4
2021-06-24T13:48:38Z,83.0,Charge 4
2021-06-24T13:48:45Z,83.0,Charge 4
2021-06-24T13:48:55Z,84.0,Charge 4
2021-06-24T13:49:00Z,85.0,Charge 4
2021-06-24T13:49:05Z,84.0,Charge 4
2021-06-24T13:49:10Z,83.0,Charge 4
2021-06-24T13:49:15Z,81.0,Charge 4
2021-06-24T13:49:30Z,81.0,Charge 4
2021-06-24T13:49:40Z,80.0,Charge 4
2021-06-24T13:49:45Z,77.0,Charge 4
2021-06-24T13:49:50Z,76.0,Charge 4
2021-06-24T13:50:00Z,78.0,Charge 4
2021-06-24T13:50:05Z,79.0,Charge 4
2021-06-24T13:50:20Z,80.0,Charge 4
2021-06-24T13:50:30Z,82.0,Charge 4
2021-06-24T13:50:35Z,83.0,Charge 4
2021-06-24T13:50:45Z,82.0,Charge 4
2021-06-24T13:50:50Z,81.0,Charge 4
2021-06-24T13:50:55Z,80.0,Charge 4
2021-06-24T13:51:10Z,79.0,Charge 4
2021-06-24T13:51:15Z,78.0,Charge 4
2021-06-24T13:51:20Z,78.0,Charge 4
2021-06-24T13:51:25Z,78.0,Charge 4
2021-06-24T13:51:30Z,78.0,Charge 4
2021-06-24T13:51:45Z,78.0,Charge 4
2021-06-24T13:52:00Z,78.0,Charge 4
2021-06-24T13:52:05Z,77.0,Charge 4
2021-06-24T13:52:10Z,76.0,Charge 4
2021-06-24T13:52:15Z,76.0,Charge 4
2021-06-24T13:52:30Z,77.0,Charge 4
2021-06-24T13:52:35Z,77.0,Charge 4
2021-06-24T13:52:40Z,78.0,Charge 4
2021-06-24T13:52:45Z,78.0,Charge 4
2021-06-24T13:53:00Z,78.0,Charge 4
2021-06-24T13:53:05Z,77.0,Charge 4
2021-06-24T13:53:10Z,77.0,Charge 4
2021-06-24T13:53:20Z,77.0,Charge 4
2021-06-24T13:53:25Z,79.0,Charge 4
2021-06-24T13:53:40Z,78.0,Charge 4
2021-06-24T13:53:55Z,78.0,Charge 4
2021-06-24T13:54:00Z,79.0,Charge 4
2021-06-24T13:54:05Z,81.0,Charge 4
2021-06-24T13:54:20Z,81.0,Charge 4
2021-06-24T13:54:25Z,82.0,Charge 4
2021-06-24T13:54:30Z,81.0,Charge 4
2021-06-24T13:54:45Z,80.0,Charge 4
2021-06-24T13:54:50Z,80.0,Charge 4
2021-06-24T13:54:55Z,79.0,Charge 4
2021-06-24T13:55:00Z,80.0,Charge 4
2021-06-24T13:55:05Z,79.0,Charge 4
2021-06-24T13:55:15Z,80.0,Charge 4
2021-06-24T13:55:30Z,80.0,Charge 4
2021-06-24T13:55:45Z,80.0,Charge 4
2021-06-24T13:56:00Z,80.0,Charge 4
2021-06-24T13:56:15Z,80.0,Charge 4
2021-06-24T13:56:20Z,80.0,Charge 4
2021-06-24T13:56:30Z,79.0,Charge 4
2021-06-24T13:56:45Z,79.0,Charge 4
2021-06-24T13:56:50Z,80.0,Charge 4
2021-06-24T13:57:05Z,80.0,Charge 4
2021-06-24T13:57:20Z,80.0,Charge 4
2021-06-24T13:57:25Z,79.0,Charge 4
2021-06-24T13:57:35Z,78.0,Charge 4
2021-06-24T13:57:50Z,78.0,Charge 4
2021-06-24T13:58:05Z,77.0,Charge 4
2021-06-24T13:58:10Z,77.0,Charge 4
2021-06-24T13:58:20Z,78.0,Charge 4
2021-06-24T13:58:25Z,79.0,Charge 4
2021-06-24T13:58:35Z,80.0,Charge 4
2021-06-24T13:58:40Z,83.0,Charge 4
2021-06-24T13:58:45Z,82.0,Charge 4
2021-06-24T13:58:50Z,81.0,Charge 4
2021-06-24T13:58:55Z,77.0,Charge 4
2021-06-24T13:59:00Z,75.0,Charge 4
2021-06-24T13:59:05Z,75.0,Charge 4
2021-06-24T13:59:10Z,75.0,Charge 4
2021-06-24T13:59:20Z,77.0,Charge 4
2021-06-24T13:59:25Z,79.0,Charge 4
2021-06-24T13:59:30Z,78.0,Charge 4
2021-06-24T13:59:35Z,77.0,Charge 4
2021-06-24T13:59:45Z,76.0,Charge 4
2021-06-24T13:59:50Z,75.0,Charge 4
2021-06-24T13:59:55Z,75.0,Charge 4
2021-06-24T14:00:00Z,76.0,Charge 4
2021-06-24T14:00:05Z,75.0,Charge 4
2021-06-24T14:00:10Z,76.0,Charge 4
2021-06-24T14:00:15Z,77.0,Charge 4
2021-06-24T14:00:25Z,78.0,Charge 4
2021-06-24T14:00:30Z,80.0,Charge 4
2021-06-24T14:00:35Z,81.0,Charge 4
2021-06-24T14:00:45Z,82.0,Charge 4
2021-06-24T14:01:00Z,82.0,Charge 4
2021-06-24T14:01:10Z,81.0,Charge 4
2021-06-24T14:01:25Z,81.0,Charge 4
2021-06-24T14:01:30Z,79.0,Charge 4
2021-06-24T14:01:35Z,75.0,Charge 4
2021-06-24T14:01:40Z,74.0,Charge 4
2021-06-24T14:01:50Z,75.0,Charge 4
2021-06-24T14:02:05Z,76.0,Charge 4
2021-06-24T14:02:10Z,78.0,Charge 4
2021-06-24T14:02:25Z,78.0,Charge 4
2021-06-24T14:02:35Z,79.0,Charge 4
2021-06-24T14:02:50Z,79.0,Charge 4
2021-06-24T14:03:21Z,75.0,Charge 4
2021-06-24T14:03:36Z,75.0,Charge 4
2021-06-24T14:03:51Z,76.0,Charge 4
2021-06-24T14:03:56Z,79.0,Charge 4
2021-06-24T14:04:06Z,81.0,Charge 4
2021-06-24T14:04:21Z,81.0,Charge 4
2021-06-24T14:04:26Z,81.0,Charge 4
2021-06-24T14:04:41Z,81.0,Charge 4
2021-06-24T14:04:46Z,79.0,Charge 4
2021-06-24T14:04:51Z,78.0,Charge 4
2021-06-24T14:05:06Z,78.0,Charge 4
2021-06-24T14:05:21Z,78.0,Charge 4
2021-06-24T14:05:26Z,79.0,Charge 4
2021-06-24T14:05:41Z,79.0,Charge 4
2021-06-24T14:05:51Z,80.0,Charge 4
2021-06-24T14:06:01Z,81.0,Charge 4
2021-06-24T14:06:16Z,81.0,Charge 4
2021-06-24T14:06:26Z,82.0,Charge 4
2021-06-24T14:06:36Z,83.0,Charge 4
2021-06-24T14:06:51Z,83.0,Charge 4
2021-06-24T14:07:06Z,83.0,Charge 4
2021-06-24T14:07:21Z,83.0,Charge 4
2021-06-24T14:07:26Z,82.0,Charge 4
2021-06-24T14:07:36Z,83.0,Charge 4
2021-06-24T14:07:41Z,84.0,Charge 4
2021-06-24T14:07:56Z,84.0,Charge 4
2021-06-24T14:08:11Z,84.0,Charge 4
2021-06-24T14:08:12Z,84.0,Charge 4
2021-06-24T14:08:27Z,84.0,Charge 4
2021-06-24T14:08:32Z,83.0,Charge 4
2021-06-24T14:08:37Z,82.0,Charge 4
2021-06-24T14:08:42Z,81.0,Charge 4
2021-06-24T14:08:57Z,81.0,Charge 4
2021-06-24T14:09:02Z,79.0,Charge 4
2021-06-24T14:09:07Z,79.0,Charge 4
2021-06-24T14:09:22Z,79.0,Charge 4
2021-06-24T14:09:27Z,78.0,Charge 4
2021-06-24T14:09:42Z,78.0,Charge 4
2021-06-24T14:09:47Z,79.0,Charge 4
2021-06-24T14:10:02Z,80.0,Charge 4
2021-06-24T14:10:12Z,81.0,Charge 4
2021-06-24T14:10:17Z,83.0,Charge 4
2021-06-24T14:10:32Z,83.0,Charge 4
2021-06-24T14:10:42Z,82.0,Charge 4
2021-06-24T14:10:47Z,80.0,Charge 4
2021-06-24T14:10:52Z,78.0,Charge 4
2021-06-24T14:11:02Z,78.0,Charge 4
2021-06-24T14:11:12Z,78.0,Charge 4
2021-06-24T14:11:17Z,79.0,Charge 4
2021-06-24T14:11:22Z,79.0,Charge 4
2021-06-24T14:11:27Z,78.0,Charge 4
2021-06-24T14:11:37Z,79.0,Charge 4
2021-06-24T14:11:47Z,80.0,Charge 4
2021-06-24T14:11:52Z,81.0,Charge 4
2021-06-24T14:11:57Z,81.0,Charge 4
2021-06-24T14:12:07Z,76.0,Charge 4
2021-06-24T14:12:22Z,76.0,Charge 4
2021-06-24T14:12:27Z,77.0,Charge 4
2021-06-24T14:12:42Z,77.0,Charge 4
2021-06-24T14:12:52Z,78.0,Charge 4
2021-06-24T14:12:57Z,77.0,Charge 4
2021-06-24T14:13:07Z,78.0,Charge 4
2021-06-24T14:13:17Z,77.0,Charge 4
2021-06-24T14:13:32Z,79.0,Charge 4
2021-06-24T14:13:37Z,81.0,Charge 4
2021-06-24T14:13:47Z,82.0,Charge 4
2021-06-24T14:14:02Z,82.0,Charge 4
2021-06-24T14:14:17Z,82.0,Charge 4
2021-06-24T14:14:22Z,81.0,Charge 4
2021-06-24T14:14:32Z,79.0,Charge 4
2021-06-24T14:14:47Z,79.0,Charge 4
2021-06-24T14:14:57Z,80.0,Charge 4
2021-06-24T14:15:07Z,81.0,Charge 4
2021-06-24T14:15:22Z,81.0,Charge 4
2021-06-24T14:15:37Z,81.0,Charge 4
2021-06-24T14:15:52Z,81.0,Charge 4
2021-06-24T14:16:07Z,81.0,Charge 4
2021-06-24T14:16:17Z,82.0,Charge 4
2021-06-24T14:16:32Z,83.0,Charge 4
2021-06-24T14:16:37Z,85.0,Charge 4
2021-06-24T14:16:42Z,86.0,Charge 4
2021-06-24T14:16:47Z,85.0,Charge 4
2021-06-24T14:16:52Z,84.0,Charge 4
2021-06-24T14:17:02Z,85.0,Charge 4
2021-06-24T14:17:17Z,83.0,Charge 4
2021-06-24T14:17:22Z,79.0,Charge 4
2021-06-24T14:17:27Z,77.0,Charge 4
2021-06-24T14:17:32Z,76.0,Charge 4
2021-06-24T14:17:37Z,75.0,Charge 4
2021-06-24T14:17:47Z,74.0,Charge 4
2021-06-24T14:18:02Z,77.0,Charge 4
2021-06-24T14:18:07Z,79.0,Charge 4
2021-06-24T14:18:12Z,80.0,Charge 4
2021-06-24T14:18:22Z,81.0,Charge 4
2021-06-24T14:18:32Z,80.0,Charge 4
2021-06-24T14:18:37Z,80.0,Charge 4
2021-06-24T14:18:42Z,80.0,Charge 4
2021-06-24T14:18:52Z,79.0,Charge 4
2021-06-24T14:18:57Z,78.0,Charge 4
2021-06-24T14:19:02Z,77.0,Charge 4
2021-06-24T14:19:07Z,75.0,Charge 4
2021-06-24T14:19:17Z,76.0,Charge 4
2021-06-24T14:19:22Z,77.0,Charge 4
2021-06-24T14:19:27Z,78.0,Charge 4
2021-06-24T14:19:37Z,77.0,Charge 4
2021-06-24T14:19:42Z,76.0,Charge 4
2021-06-24T14:19:47Z,76.0,Charge 4
2021-06-24T14:19:56Z,76.0,Charge 4
2021-06-24T14:20:01Z,74.0,Charge 4
2021-06-24T14:20:06Z,75.0,Charge 4
2021-06-24T14:20:21Z,76.0,Charge 4
2021-06-24T14:20:26Z,76.0,Charge 4
2021-06-24T14:20:31Z,75.0,Charge 4
2021-06-24T14:20:36Z,74.0,Charge 4
2021-06-24T14:20:41Z,73.0,Charge 4
2021-06-24T14:20:46Z,73.0,Charge 4
2021-06-24T14:20:51Z,72.0,Charge 4
2021-06-24T14:21:01Z,72.0,Charge 4
2021-06-24T14:21:06Z,73.0,Charge 4
2021-06-24T14:21:16Z,72.0,Charge 4
2021-06-24T14:21:26Z,71.0,Charge 4
2021-06-24T14:21:31Z,72.0,Charge 4
2021-06-24T14:21:36Z,72.0,Charge 4
2021-06-24T14:21:46Z,71.0,Charge 4
2021-06-24T14:21:51Z,70.0,Charge 4
2021-06-24T14:22:06Z,71.0,Charge 4
2021-06-24T14:22:11Z,72.0,Charge 4
2021-06-24T14:22:16Z,73.0,Charge 4
2021-06-24T14:22:21Z,75.0,Charge 4
2021-06-24T14:22:26Z,76.0,Charge 4
2021-06-24T14:22:31Z,75.0,Charge 4
2021-06-24T14:22:36Z,74.0,Charge 4
2021-06-24T14:22:41Z,73.0,Charge 4
2021-06-24T14:22:56Z,72.0,Charge 4
2021-06-24T14:23:01Z,71.0,Charge 4
2021-06-24T14:23:06Z,72.0,Charge 4
2021-06-24T14:23:16Z,73.0,Charge 4
2021-06-24T14:23:21Z,72.0,Charge 4
2021-06-24T14:23:26Z,70.0,Charge 4
2021-06-24T14:23:31Z,70.0,Charge 4
2021-06-24T14:23:41Z,71.0,Charge 4
2021-06-24T14:23:51Z,73.0,Charge 4
2021-06-24T14:23:56Z,75.0,Charge 4
2021-06-24T14:24:01Z,76.0,Charge 4
2021-06-24T14:24:06Z,74.0,Charge 4
2021-06-24T14:24:11Z,74.0,Charge 4
2021-06-24T14:24:16Z,74.0,Charge 4
2021-06-24T14:24:26Z,73.0,Charge 4
2021-06-24T14:24:36Z,74.0,Charge 4
2021-06-24T14:24:41Z,73.0,Charge 4
2021-06-24T14:24:46Z,72.0,Charge 4
2021-06-24T14:24:51Z,73.0,Charge 4
2021-06-24T14:24:56Z,72.0,Charge 4
2021-06-24T14:25:06Z,73.0,Charge 4
2021-06-24T14:25:16Z,74.0,Charge 4
2021-06-24T14:25:21Z,75.0,Charge 4
2021-06-24T14:25:31Z,73.0,Charge 4
2021-06-24T14:25:41Z,74.0,Charge 4
2021-06-24T14:25:46Z,75.0,Charge 4
2021-06-24T14:25:51Z,76.0,Charge 4
2021-06-24T14:26:01Z,77.0,Charge 4
2021-06-24T14:26:06Z,77.0,Charge 4
2021-06-24T14:26:21Z,77.0,Charge 4
2021-06-24T14:26:26Z,77.0,Charge 4
2021-06-24T14:26:36Z,76.0,Charge 4
2021-06-24T14:26:41Z,76.0,Charge 4
2021-06-24T14:26:56Z,76.0,Charge 4
2021-06-24T14:27:01Z,78.0,Charge 4
2021-06-24T14:27:06Z,80.0,Charge 4
2021-06-24T14:27:21Z,80.0,Charge 4
2021-06-24T14:27:31Z,79.0,Charge 4
2021-06-24T14:27:46Z,79.0,Charge 4
2021-06-24T14:27:56Z,80.0,Charge 4
2021-06-24T14:28:11Z,80.0,Charge 4
2021-06-24T14:28:21Z,79.0,Charge 4
2021-06-24T14:28:26Z,78.0,Charge 4
2021-06-24T14:28:36Z,78.0,Charge 4
2021-06-24T14:28:46Z,78.0,Charge 4
2021-06-24T14:29:01Z,78.0,Charge 4
2021-06-24T14:29:16Z,78.0,Charge 4
2021-06-24T14:29:21Z,78.0,Charge 4
2021-06-24T14:29:36Z,78.0,Charge 4
2021-06-24T14:29:41Z,79.0,Charge 4
2021-06-24T14:29:46Z,78.0,Charge 4
2021-06-24T14:29:51Z,75.0,Charge 4
2021-06-24T14:29:56Z,74.0,Charge 4
2021-06-24T14:30:01Z,75.0,Charge 4
2021-06-24T14:30:06Z,76.0,Charge 4
2021-06-24T14:30:11Z,76.0,Charge 4
2021-06-24T14:30:21Z,77.0,Charge 4
2021-06-24T14:30:26Z,77.0,Charge 4
2021-06-24T14:30:41Z,77.0,Charge 4
2021-06-24T14:30:46Z,79.0,Charge 4
2021-06-24T14:30:51Z,80.0,Charge 4
2021-06-24T14:30:56Z,81.0,Charge 4
2021-06-24T14:31:01Z,82.0,Charge 4
2021-06-24T14:31:06Z,83.0,Charge 4
2021-06-24T14:31:21Z,81.0,Charge 4
2021-06-24T14:31:36Z,80.0,Charge 4
2021-06-24T14:31:46Z,81.0,Charge 4
2021-06-24T14:31:56Z,80.0,Charge 4
2021-06-24T14:32:01Z,79.0,Charge 4
2021-06-24T14:32:06Z,81.0,Charge 4
2021-06-24T14:32:11Z,82.0,Charge 4
2021-06-24T14:32:21Z,82.0,Charge 4
2021-06-24T14:32:36Z,82.0,Charge 4
2021-06-24T14:32:46Z,81.0,Charge 4
2021-06-24T14:33:01Z,83.0,Charge 4
2021-06-24T14:33:16Z,83.0,Charge 4
2021-06-24T14:33:31Z,83.0,Charge 4
2021-06-24T14:33:46Z,83.0,Charge 4
2021-06-24T14:34:01Z,82.0,Charge 4
2021-06-24T14:34:06Z,81.0,Charge 4
2021-06-24T14:34:21Z,81.0,Charge 4
2021-06-24T14:34:36Z,81.0,Charge 4
2021-06-24T14:34:38Z,82.0,Charge 4
2021-06-24T14:34:43Z,83.0,Charge 4
2021-06-24T14:34:58Z,82.0,Charge 4
2021-06-24T14:35:03Z,81.0,Charge 4
2021-06-24T14:35:08Z,80.0,Charge 4
2021-06-24T14:35:23Z,80.0,Charge 4
2021-06-24T14:35:28Z,81.0,Charge 4
2021-06-24T14:35:38Z,82.0,Charge 4
2021-06-24T14:35:48Z,82.0,Charge 4
2021-06-24T14:35:53Z,79.0,Charge 4
2021-06-24T14:35:58Z,78.0,Charge 4
2021-06-24T14:36:03Z,78.0,Charge 4
2021-06-24T14:36:18Z,79.0,Charge 4
2021-06-24T14:36:33Z,79.0,Charge 4
2021-06-24T14:36:48Z,79.0,Charge 4
2021-06-24T14:36:53Z,80.0,Charge 4
2021-06-24T14:36:58Z,81.0,Charge 4
2021-06-24T14:37:13Z,81.0,Charge 4
2021-06-24T14:37:18Z,80.0,Charge 4
2021-06-24T14:37:23Z,78.0,Charge 4
2021-06-24T14:37:28Z,79.0,Charge 4
2021-06-24T14:37:38Z,78.0,Charge 4
2021-06-24T14:37:53Z,77.0,Charge 4
2021-06-24T14:37:58Z,78.0,Charge 4
2021-06-24T14:38:03Z,77.0,Charge 4
2021-06-24T14:38:18Z,77.0,Charge 4
2021-06-24T14:38:23Z,78.0,Charge 4
2021-06-24T14:38:28Z,81.0,Charge 4
2021-06-24T14:38:33Z,82.0,Charge 4
2021-06-24T14:38:48Z,82.0,Charge 4
2021-06-24T14:39:03Z,82.0,Charge 4
2021-06-24T14:39:18Z,82.0,Charge 4
2021-06-24T14:39:28Z,79.0,Charge 4
2021-06-24T14:39:33Z,75.0,Charge 4
2021-06-24T14:39:48Z,75.0,Charge 4
2021-06-24T14:39:53Z,75.0,Charge 4
2021-06-24T14:40:08Z,75.0,Charge 4
2021-06-24T14:40:13Z,76.0,Charge 4
2021-06-24T14:40:23Z,77.0,Charge 4
2021-06-24T14:40:28Z,78.0,Charge 4
2021-06-24T14:40:43Z,78.0,Charge 4
2021-06-24T14:40:58Z,79.0,Charge 4
2021-06-24T14:41:03Z,82.0,Charge 4
2021-06-24T14:41:08Z,82.0,Charge 4
2021-06-24T14:41:23Z,82.0,Charge 4
2021-06-24T14:41:28Z,80.0,Charge 4
2021-06-24T14:41:33Z,79.0,Charge 4
2021-06-24T14:41:38Z,78.0,Charge 4
2021-06-24T14:41:53Z,78.0,Charge 4
2021-06-24T14:41:58Z,81.0,Charge 4
2021-06-24T14:42:04Z,86.0,Charge 4
2021-06-24T14:42:09Z,84.0,Charge 4
2021-06-24T14:42:14Z,81.0,Charge 4
2021-06-24T14:42:24Z,83.0,Charge 4
2021-06-24T14:42:29Z,80.0,Charge 4
2021-06-24T14:42:34Z,79.0,Charge 4
2021-06-24T14:42:44Z,81.0,Charge 4
2021-06-24T14:42:49Z,82.0,Charge 4
2021-06-24T14:43:04Z,82.0,Charge 4
2021-06-24T14:43:19Z,82.0,Charge 4
2021-06-24T14:43:24Z,81.0,Charge 4
2021-06-24T14:43:29Z,82.0,Charge 4
2021-06-24T14:43:34Z,81.0,Charge 4
2021-06-24T14:43:39Z,79.0,Charge 4
2021-06-24T14:43:44Z,78.0,Charge 4
2021-06-24T14:43:54Z,77.0,Charge 4
2021-06-24T14:44:09Z,77.0,Charge 4
2021-06-24T14:44:14Z,76.0,Charge 4
2021-06-24T14:44:29Z,75.0,Charge 4
2021-06-24T14:44:34Z,73.0,Charge 4
2021-06-24T14:44:39Z,74.0,Charge 4
2021-06-24T14:44:44Z,73.0,Charge 4
2021-06-24T14:44:54Z,74.0,Charge 4
2021-06-24T14:44:59Z,75.0,Charge 4
2021-06-24T14:45:14Z,76.0,Charge 4
2021-06-24T14:45:29Z,76.0,Charge 4
2021-06-24T14:45:44Z,76.0,Charge 4
2021-06-24T14:45:49Z,76.0,Charge 4
2021-06-24T14:45:54Z,77.0,Charge 4
2021-06-24T14:45:59Z,78.0,Charge 4
2021-06-24T14:46:09Z,79.0,Charge 4
2021-06-24T14:46:14Z,80.0,Charge 4
2021-06-24T14:46:19Z,81.0,Charge 4
2021-06-24T14:46:29Z,80.0,Charge 4
2021-06-24T14:46:44Z,80.0,Charge 4
2021-06-24T14:46:59Z,80.0,Charge 4
2021-06-24T14:47:04Z,79.0,Charge 4
2021-06-24T14:47:19Z,80.0,Charge 4
2021-06-24T14:47:34Z,80.0,Charge 4
2021-06-24T14:47:49Z,80.0,Charge 4
2021-06-24T14:47:54Z,80.0,Charge 4
2021-06-24T14:47:59Z,80.0,Charge 4
2021-06-24T14:48:14Z,81.0,Charge 4
2021-06-24T14:48:19Z,82.0,Charge 4
2021-06-24T14:48:24Z,82.0,Charge 4
2021-06-24T14:48:39Z,82.0,Charge 4
2021-06-24T14:48:49Z,83.0,Charge 4
2021-06-24T14:49:04Z,83.0,Charge 4
2021-06-24T14:49:19Z,81.0,Charge 4
2021-06-24T14:49:29Z,82.0,Charge 4
2021-06-24T14:49:44Z,82.0,Charge 4
2021-06-24T14:49:49Z,84.0,Charge 4
2021-06-24T14:49:54Z,83.0,Charge 4
2021-06-24T14:50:04Z,84.0,Charge 4
2021-06-24T14:50:11Z,84.0,Charge 4
2021-06-24T14:50:16Z,85.0,Charge 4
2021-06-24T14:50:26Z,84.0,Charge 4
2021-06-24T14:50:31Z,83.0,Charge 4
2021-06-24T14:50:36Z,82.0,Charge 4
2021-06-24T14:50:51Z,84.0,Charge 4
2021-06-24T14:50:56Z,80.0,Charge 4
2021-06-24T14:51:06Z,78.0,Charge 4
2021-06-24T14:51:16Z,79.0,Charge 4
2021-06-24T14:51:21Z,82.0,Charge 4
2021-06-24T14:51:26Z,83.0,Charge 4
2021-06-24T14:51:31Z,81.0,Charge 4
2021-06-24T14:51:36Z,79.0,Charge 4
2021-06-24T14:51:41Z,78.0,Charge 4
2021-06-24T14:51:46Z,78.0,Charge 4
2021-06-24T14:51:51Z,77.0,Charge 4
2021-06-24T14:51:56Z,77.0,Charge 4
2021-06-24T14:52:11Z,77.0,Charge 4
2021-06-24T14:52:21Z,78.0,Charge 4
2021-06-24T14:52:26Z,79.0,Charge 4
2021-06-24T14:52:31Z,80.0,Charge 4
2021-06-24T14:52:46Z,81.0,Charge 4
2021-06-24T14:52:51Z,82.0,Charge 4
2021-06-24T14:53:01Z,83.0,Charge 4
2021-06-24T14:53:06Z,85.0,Charge 4
2021-06-24T14:53:16Z,86.0,Charge 4
2021-06-24T14:53:31Z,87.0,Charge 4
2021-06-24T14:53:36Z,87.0,Charge 4
2021-06-24T14:53:51Z,89.0,Charge 4
2021-06-24T14:53:56Z,90.0,Charge 4
2021-06-24T14:54:06Z,89.0,Charge 4
2021-06-24T14:54:16Z,87.0,Charge 4
2021-06-24T14:54:21Z,86.0,Charge 4
2021-06-24T14:54:31Z,87.0,Charge 4
2021-06-24T14:54:36Z,88.0,Charge 4
2021-06-24T14:54:41Z,92.0,Charge 4
2021-06-24T14:54:46Z,94.0,Charge 4
2021-06-24T14:55:01Z,93.0,Charge 4
2021-06-24T14:55:16Z,93.0,Charge 4
2021-06-24T14:55:21Z,91.0,Charge 4
2021-06-24T14:55:26Z,82.0,Charge 4
2021-06-24T14:55:31Z,81.0,Charge 4
2021-06-24T14:55:36Z,79.0,Charge 4
2021-06-24T14:55:41Z,78.0,Charge 4
2021-06-24T14:55:51Z,77.0,Charge 4
2021-06-24T14:55:56Z,76.0,Charge 4
2021-06-24T14:56:06Z,75.0,Charge 4
2021-06-24T14:56:16Z,74.0,Charge 4
2021-06-24T14:56:31Z,75.0,Charge 4
2021-06-24T14:56:36Z,76.0,Charge 4
2021-06-24T14:56:41Z,79.0,Charge 4
2021-06-24T14:56:46Z,79.0,Charge 4
2021-06-24T14:56:51Z,80.0,Charge 4
2021-06-24T14:56:56Z,81.0,Charge 4
2021-06-24T14:57:01Z,80.0,Charge 4
2021-06-24T14:57:06Z,79.0,Charge 4
2021-06-24T14:57:16Z,78.0,Charge 4
2021-06-24T14:57:21Z,76.0,Charge 4
2021-06-24T14:57:26Z,74.0,Charge 4
2021-06-24T14:57:36Z,73.0,Charge 4
2021-06-24T14:57:46Z,74.0,Charge 4
2021-06-24T14:57:51Z,72.0,Charge 4
2021-06-24T14:57:56Z,73.0,Charge 4
2021-06-24T14:58:01Z,74.0,Charge 4
2021-06-24T14:58:11Z,76.0,Charge 4
2021-06-24T14:58:16Z,72.0,Charge 4
2021-06-24T14:58:21Z,69.0,Charge 4
2021-06-24T14:58:26Z,70.0,Charge 4
2021-06-24T14:58:31Z,71.0,Charge 4
2021-06-24T14:58:36Z,73.0,Charge 4
2021-06-24T14:58:41Z,75.0,Charge 4
2021-06-24T14:58:51Z,76.0,Charge 4
2021-06-24T14:58:56Z,77.0,Charge 4
2021-06-24T14:59:06Z,76.0,Charge 4
2021-06-24T14:59:11Z,75.0,Charge 4
2021-06-24T14:59:16Z,75.0,Charge 4
2021-06-24T14:59:21Z,75.0,Charge 4
2021-06-24T14:59:31Z,74.0,Charge 4
2021-06-24T14:59:46Z,73.0,Charge 4
2021-06-24T14:59:56Z,72.0,Charge 4
2021-06-24T15:00:01Z,72.0,Charge 4
2021-06-24T15:00:11Z,76.0,Charge 4
2021-06-24T15:00:16Z,77.0,Charge 4
2021-06-24T15:00:21Z,76.0,Charge 4
2021-06-24T15:00:26Z,75.0,Charge 4
2021-06-24T15:00:31Z,73.0,Charge 4
2021-06-24T15:00:36Z,72.0,Charge 4
2021-06-24T15:00:41Z,73.0,Charge 4
2021-06-24T15:00:46Z,74.0,Charge 4
2021-06-24T15:00:51Z,74.0,Charge 4
2021-06-24T15:01:06Z,73.0,Charge 4
2021-06-24T15:01:11Z,74.0,Charge 4
2021-06-24T15:01:26Z,75.0,Charge 4
2021-06-24T15:01:31Z,77.0,Charge 4
2021-06-24T15:01:36Z,79.0,Charge 4
2021-06-24T15:01:41Z,81.0,Charge 4
2021-06-24T15:01:46Z,82.0,Charge 4
2021-06-24T15:01:56Z,80.0,Charge 4
2021-06-24T15:02:01Z,77.0,Charge 4
2021-06-24T15:02:06Z,75.0,Charge 4
2021-06-24T15:02:11Z,74.0,Charge 4
2021-06-24T15:02:21Z,73.0,Charge 4
2021-06-24T15:02:31Z,74.0,Charge 4
2021-06-24T15:02:41Z,74.0,Charge 4
2021-06-24T15:02:56Z,74.0,Charge 4
2021-06-24T15:03:01Z,75.0,Charge 4
2021-06-24T15:03:16Z,75.0,Charge 4
2021-06-24T15:03:21Z,75.0,Charge 4
2021-06-24T15:03:26Z,75.0,Charge 4
2021-06-24T15:03:31Z,75.0,Charge 4
2021-06-24T15:03:46Z,75.0,Charge 4
2021-06-24T15:03:56Z,75.0,Charge 4
2021-06-24T15:04:01Z,75.0,Charge 4
2021-06-24T15:04:06Z,74.0,Charge 4
2021-06-24T15:04:16Z,73.0,Charge 4
2021-06-24T15:04:31Z,74.0,Charge 4
2021-06-24T15:04:36Z,75.0,Charge 4
2021-06-24T15:04:46Z,74.0,Charge 4
2021-06-24T15:04:56Z,73.0,Charge 4
2021-06-24T15:05:01Z,74.0,Charge 4
2021-06-24T15:05:11Z,73.0,Charge 4
2021-06-24T15:05:16Z,72.0,Charge 4
2021-06-24T15:05:31Z,72.0,Charge 4
2021-06-24T15:05:36Z,73.0,Charge 4
2021-06-24T15:05:41Z,75.0,Charge 4
2021-06-24T15:05:46Z,74.0,Charge 4
2021-06-24T15:06:01Z,74.0,Charge 4
2021-06-24T15:06:16Z,74.0,Charge 4
2021-06-24T15:06:31Z,75.0,Charge 4
2021-06-24T15:06:46Z,75.0,Charge 4
2021-06-24T15:06:56Z,75.0,Charge 4
2021-06-24T15:07:01Z,76.0,Charge 4
2021-06-24T15:07:16Z,76.0,Charge 4
2021-06-24T15:07:18Z,76.0,Charge 4
2021-06-24T15:07:23Z,76.0,Charge 4
2021-06-24T15:07:33Z,77.0,Charge 4
2021-06-24T15:07:43Z,78.0,Charge 4
2021-06-24T15:07:48Z,79.0,Charge 4
2021-06-24T15:08:03Z,79.0,Charge 4
2021-06-24T15:08:08Z,80.0,Charge 4
2021-06-24T15:08:13Z,81.0,Charge 4
2021-06-24T15:08:28Z,81.0,Charge 4
2021-06-24T15:08:33Z,82.0,Charge 4
2021-06-24T15:08:48Z,83.0,Charge 4
2021-06-24T15:08:53Z,84.0,Charge 4
2021-06-24T15:08:58Z,85.0,Charge 4
2021-06-24T15:09:03Z,86.0,Charge 4
2021-06-24T15:09:08Z,87.0,Charge 4
2021-06-24T15:09:13Z,88.0,Charge 4
2021-06-24T15:09:18Z,89.0,Charge 4
2021-06-24T15:09:33Z,90.0,Charge 4
2021-06-24T15:09:38Z,90.0,Charge 4
2021-06-24T15:09:48Z,91.0,Charge 4
2021-06-24T15:09:53Z,92.0,Charge 4
2021-06-24T15:10:08Z,92.0,Charge 4
2021-06-24T15:10:18Z,92.0,Charge 4
2021-06-24T15:10:23Z,91.0,Charge 4
2021-06-24T15:10:38Z,89.0,Charge 4
2021-06-24T15:10:53Z,88.0,Charge 4
2021-06-24T15:11:08Z,86.0,Charge 4
2021-06-24T15:11:13Z,84.0,Charge 4
2021-06-24T15:11:18Z,80.0,Charge 4
2021-06-24T15:11:23Z,78.0,Charge 4
2021-06-24T15:11:28Z,73.0,Charge 4
2021-06-24T15:11:43Z,75.0,Charge 4
2021-06-24T15:11:48Z,76.0,Charge 4
2021-06-24T15:11:58Z,76.0,Charge 4
2021-06-24T15:12:08Z,77.0,Charge 4
2021-06-24T15:12:18Z,76.0,Charge 4
2021-06-24T15:12:33Z,76.0,Charge 4
2021-06-24T15:12:43Z,78.0,Charge 4
2021-06-24T15:12:58Z,80.0,Charge 4
2021-06-24T15:13:08Z,78.0,Charge 4
2021-06-24T15:13:13Z,77.0,Charge 4
2021-06-24T15:13:18Z,74.0,Charge 4
2021-06-24T15:13:23Z,73.0,Charge 4
2021-06-24T15:13:33Z,74.0,Charge 4
2021-06-24T15:13:38Z,75.0,Charge 4
2021-06-24T15:13:43Z,76.0,Charge 4
2021-06-24T15:13:58Z,76.0,Charge 4
2021-06-24T15:14:03Z,77.0,Charge 4
2021-06-24T15:14:08Z,79.0,Charge 4
2021-06-24T15:14:18Z,80.0,Charge 4
2021-06-24T15:14:28Z,79.0,Charge 4
2021-06-24T15:14:33Z,79.0,Charge 4
2021-06-24T15:14:43Z,75.0,Charge 4
2021-06-24T15:14:48Z,74.0,Charge 4
2021-06-24T15:14:53Z,76.0,Charge 4
2021-06-24T15:14:58Z,77.0,Charge 4
2021-06-24T15:15:03Z,78.0,Charge 4
2021-06-24T15:15:18Z,78.0,Charge 4
2021-06-24T15:15:23Z,79.0,Charge 4
2021-06-24T15:15:28Z,81.0,Charge 4
2021-06-24T15:15:43Z,81.0,Charge 4
2021-06-24T15:15:48Z,78.0,Charge 4
2021-06-24T15:15:53Z,76.0,Charge 4
2021-06-24T15:15:58Z,74.0,Charge 4
2021-06-24T15:16:03Z,73.0,Charge 4
2021-06-24T15:16:13Z,74.0,Charge 4
2021-06-24T15:16:18Z,75.0,Charge 4
2021-06-24T15:16:33Z,76.0,Charge 4
2021-06-24T15:16:38Z,77.0,Charge 4
2021-06-24T15:16:48Z,76.0,Charge 4
2021-06-24T15:16:53Z,75.0,Charge 4
2021-06-24T15:16:58Z,75.0,Charge 4
2021-06-24T15:17:03Z,76.0,Charge 4
2021-06-24T15:17:08Z,78.0,Charge 4
2021-06-24T15:17:13Z,80.0,Charge 4
2021-06-24T15:17:18Z,81.0,Charge 4
2021-06-24T15:17:23Z,80.0,Charge 4
2021-06-24T15:17:28Z,79.0,Charge 4
2021-06-24T15:17:33Z,78.0,Charge 4
2021-06-24T15:17:43Z,79.0,Charge 4
2021-06-24T15:17:48Z,78.0,Charge 4
2021-06-24T15:17:54Z,77.0,Charge 4
2021-06-24T15:18:09Z,76.0,Charge 4
2021-06-24T15:18:19Z,78.0,Charge 4
2021-06-24T15:18:34Z,79.0,Charge 4
2021-06-24T15:18:39Z,78.0,Charge 4
2021-06-24T15:18:54Z,79.0,Charge 4
2021-06-24T15:18:59Z,79.0,Charge 4
2021-06-24T15:19:09Z,80.0,Charge 4
2021-06-24T15:19:14Z,80.0,Charge 4
2021-06-24T15:19:19Z,79.0,Charge 4
2021-06-24T15:19:29Z,80.0,Charge 4
2021-06-24T15:19:39Z,79.0,Charge 4
2021-06-24T15:19:44Z,78.0,Charge 4
2021-06-24T15:19:49Z,77.0,Charge 4
2021-06-24T15:19:54Z,76.0,Charge 4
2021-06-24T15:20:09Z,76.0,Charge 4
2021-06-24T15:20:14Z,77.0,Charge 4
2021-06-24T15:20:29Z,78.0,Charge 4
2021-06-24T15:20:39Z,79.0,Charge 4
2021-06-24T15:20:54Z,80.0,Charge 4
2021-06-24T15:21:09Z,80.0,Charge 4
2021-06-24T15:21:24Z,79.0,Charge 4
2021-06-24T15:21:29Z,78.0,Charge 4
2021-06-24T15:21:34Z,77.0,Charge 4
2021-06-24T15:21:49Z,77.0,Charge 4
2021-06-24T15:21:54Z,77.0,Charge 4
2021-06-24T15:22:09Z,77.0,Charge 4
2021-06-24T15:22:24Z,77.0,Charge 4
2021-06-24T15:22:29Z,80.0,Charge 4
2021-06-24T15:22:34Z,81.0,Charge 4
2021-06-24T15:22:39Z,80.0,Charge 4
2021-06-24T15:22:44Z,80.0,Charge 4
2021-06-24T15:22:59Z,80.0,Charge 4
2021-06-24T15:23:04Z,79.0,Charge 4
2021-06-24T15:23:14Z,77.0,Charge 4
2021-06-24T15:23:29Z,77.0,Charge 4
2021-06-24T15:23:34Z,76.0,Charge 4
2021-06-24T15:23:39Z,77.0,Charge 4
2021-06-24T15:23:49Z,78.0,Charge 4
2021-06-24T15:23:59Z,80.0,Charge 4
2021-06-24T15:24:04Z,81.0,Charge 4
2021-06-24T15:24:09Z,81.0,Charge 4
2021-06-24T15:24:19Z,81.0,Charge 4
2021-06-24T15:24:34Z,81.0,Charge 4
2021-06-24T15:24:49Z,81.0,Charge 4
2021-06-24T15:24:54Z,80.0,Charge 4
2021-06-24T15:25:09Z,80.0,Charge 4
2021-06-24T15:25:24Z,80.0,Charge 4
2021-06-24T15:25:34Z,80.0,Charge 4
2021-06-24T15:25:39Z,80.0,Charge 4
2021-06-24T15:25:44Z,78.0,Charge 4
2021-06-24T15:25:54Z,77.0,Charge 4
2021-06-24T15:25:59Z,76.0,Charge 4
2021-06-24T15:26:04Z,75.0,Charge 4
2021-06-24T15:26:14Z,75.0,Charge 4
2021-06-24T15:26:24Z,75.0,Charge 4
2021-06-24T15:26:29Z,74.0,Charge 4
2021-06-24T15:26:44Z,75.0,Charge 4
2021-06-24T15:26:54Z,79.0,Charge 4
2021-06-24T15:26:59Z,82.0,Charge 4
2021-06-24T15:27:04Z,88.0,Charge 4
2021-06-24T15:27:09Z,91.0,Charge 4
2021-06-24T15:27:24Z,92.0,Charge 4
2021-06-24T15:27:34Z,92.0,Charge 4
2021-06-24T15:27:49Z,92.0,Charge 4
2021-06-24T15:28:04Z,92.0,Charge 4
2021-06-24T15:28:14Z,93.0,Charge 4
2021-06-24T15:28:24Z,94.0,Charge 4
2021-06-24T15:28:34Z,95.0,Charge 4
2021-06-24T15:28:49Z,95.0,Charge 4
2021-06-24T15:29:04Z,95.0,Charge 4
2021-06-24T15:29:19Z,95.0,Charge 4
2021-06-24T15:29:29Z,97.0,Charge 4
2021-06-24T15:29:34Z,98.0,Charge 4
2021-06-24T15:29:44Z,99.0,Charge 4
2021-06-24T15:29:49Z,100.0,Charge 4
2021-06-24T15:29:54Z,102.0,Charge 4
2021-06-24T15:30:04Z,104.0,Charge 4
2021-06-24T15:30:06Z,105.0,Charge 4
2021-06-24T15:30:09Z,105.0,Charge 4
2021-06-24T15:30:12Z,105.0,Charge 4
2021-06-24T15:30:15Z,105.0,Charge 4
2021-06-24T15:33:18Z,70.0,Charge 4
2021-06-24T15:33:33Z,72.0,Charge 4
2021-06-24T15:33:38Z,85.0,Charge 4
2021-06-24T15:33:43Z,88.0,Charge 4
2021-06-24T15:33:53Z,89.0,Charge 4
2021-06-24T15:33:58Z,90.0,Charge 4
2021-06-24T15:34:08Z,89.0,Charge 4
2021-06-24T15:34:13Z,90.0,Charge 4
2021-06-24T15:34:18Z,91.0,Charge 4
2021-06-24T15:34:23Z,90.0,Charge 4
2021-06-24T15:34:33Z,92.0,Charge 4
2021-06-24T15:34:38Z,93.0,Charge 4
2021-06-24T15:34:43Z,94.0,Charge 4
2021-06-24T15:34:53Z,95.0,Charge 4
2021-06-24T15:34:58Z,98.0,Charge 4
2021-06-24T15:35:03Z,101.0,Charge 4
2021-06-24T15:35:05Z,102.0,Charge 4
2021-06-24T15:35:14Z,109.0,Charge 4
2021-06-24T15:35:19Z,108.0,Charge 4
2021-06-24T15:35:24Z,107.0,Charge 4
2021-06-24T15:35:34Z,108.0,Charge 4
2021-06-24T15:35:39Z,111.0,Charge 4
2021-06-24T15:35:44Z,113.0,Charge 4
2021-06-24T15:35:49Z,117.0,Charge 4
2021-06-24T15:35:54Z,119.0,Charge 4
2021-06-24T15:35:59Z,120.0,Charge 4
2021-06-24T15:36:04Z,119.0,Charge 4
2021-06-24T15:36:09Z,122.0,Charge 4
2021-06-24T15:36:14Z,119.0,Charge 4
2021-06-24T15:36:19Z,116.0,Charge 4
2021-06-24T15:36:24Z,115.0,Charge 4
2021-06-24T15:36:29Z,115.0,Charge 4
2021-06-24T15:36:41Z,116.0,Charge 4
2021-06-24T15:36:45Z,118.0,Charge 4
2021-06-24T15:36:56Z,117.0,Charge 4
2021-06-24T15:37:01Z,116.0,Charge 4
2021-06-24T15:37:06Z,120.0,Charge 4
2021-06-24T15:37:11Z,122.0,Charge 4
2021-06-24T15:37:19Z,122.0,Charge 4
2021-06-24T15:37:28Z,124.0,Charge 4
2021-06-24T15:37:33Z,122.0,Charge 4
2021-06-24T15:37:38Z,120.0,Charge 4
2021-06-24T15:37:43Z,121.0,Charge 4
2021-06-24T15:37:48Z,123.0,Charge 4
2021-06-24T15:37:54Z,123.0,Charge 4
2021-06-24T15:37:57Z,123.0,Charge 4
2021-06-24T15:38:00Z,124.0,Charge 4
2021-06-24T15:38:01Z,125.0,Charge 4
2021-06-24T15:38:03Z,122.0,Charge 4
2021-06-24T15:38:04Z,123.0,Charge 4
2021-06-24T15:38:07Z,124.0,Charge 4
2021-06-24T15:38:08Z,123.0,Charge 4
2021-06-24T15:38:11Z,123.0,Charge 4
2021-06-24T15:38:13Z,122.0,Charge 4
2021-06-24T15:38:16Z,123.0,Charge 4
2021-06-24T15:38:18Z,122.0,Charge 4
2021-06-24T15:38:21Z,122.0,Charge 4
2021-06-24T15:38:24Z,122.0,Charge 4
2021-06-24T15:38:27Z,123.0,Charge 4
2021-06-24T15:38:28Z,126.0,Charge 4
2021-06-24T15:38:30Z,127.0,Charge 4
2021-06-24T15:38:32Z,128.0,Charge 4
2021-06-24T15:38:33Z,124.0,Charge 4
2021-06-24T15:38:36Z,125.0,Charge 4
2021-06-24T15:38:38Z,123.0,Charge 4
2021-06-24T15:38:41Z,123.0,Charge 4
2021-06-24T15:38:43Z,121.0,Charge 4
2021-06-24T15:38:46Z,121.0,Charge 4
2021-06-24T15:38:48Z,119.0,Charge 4
2021-06-24T15:38:51Z,119.0,Charge 4
2021-06-24T15:38:53Z,118.0,Charge 4
2021-06-24T15:38:54Z,118.0,Charge 4
2021-06-24T15:38:55Z,119.0,Charge 4
2021-06-24T15:38:57Z,120.0,Charge 4
2021-06-24T15:38:58Z,119.0,Charge 4
2021-06-24T15:39:00Z,120.0,Charge 4
2021-06-24T15:39:02Z,121.0,Charge 4
2021-06-24T15:39:05Z,122.0,Charge 4
2021-06-24T15:39:07Z,123.0,Charge 4
2021-06-24T15:39:08Z,127.0,Charge 4
2021-06-24T15:39:10Z,128.0,Charge 4
2021-06-24T15:39:13Z,128.0,Charge 4
2021-06-24T15:39:16Z,129.0,Charge 4
2021-06-24T15:39:18Z,128.0,Charge 4
2021-06-24T15:39:21Z,129.0,Charge 4
2021-06-24T15:39:23Z,127.0,Charge 4
2021-06-24T15:39:26Z,128.0,Charge 4
2021-06-24T15:39:28Z,126.0,Charge 4
2021-06-24T15:39:30Z,127.0,Charge 4
2021-06-24T15:39:33Z,125.0,Charge 4
2021-06-24T15:39:36Z,126.0,Charge 4
2021-06-24T15:39:38Z,124.0,Charge 4
2021-06-24T15:39:41Z,124.0,Charge 4
2021-06-24T15:39:42Z,125.0,Charge 4
2021-06-24T15:39:43Z,123.0,Charge 4
2021-06-24T15:39:45Z,124.0,Charge 4
2021-06-24T15:39:48Z,122.0,Charge 4
2021-06-24T15:39:51Z,122.0,Charge 4
2021-06-24T15:39:52Z,122.0,Charge 4
2021-06-24T15:39:55Z,122.0,Charge 4
2021-06-24T15:39:57Z,123.0,Charge 4
2021-06-24T15:40:00Z,123.0,Charge 4
2021-06-24T15:40:03Z,123.0,Charge 4
2021-06-24T15:40:06Z,123.0,Charge 4
2021-06-24T15:40:07Z,124.0,Charge 4
2021-06-24T15:40:08Z,119.0,Charge 4
2021-06-24T15:40:09Z,120.0,Charge 4
2021-06-24T15:40:12Z,120.0,Charge 4
2021-06-24T15:40:13Z,119.0,Charge 4
2021-06-24T15:40:16Z,120.0,Charge 4
2021-06-24T15:40:18Z,119.0,Charge 4
2021-06-24T15:40:21Z,119.0,Charge 4
2021-06-24T15:40:23Z,118.0,Charge 4
2021-06-24T15:40:24Z,119.0,Charge 4
2021-06-24T15:40:27Z,119.0,Charge 4
2021-06-24T15:40:28Z,118.0,Charge 4
2021-06-24T15:40:31Z,118.0,Charge 4
2021-06-24T15:40:34Z,118.0,Charge 4
2021-06-24T15:40:37Z,118.0,Charge 4
2021-06-24T15:40:38Z,117.0,Charge 4
2021-06-24T15:40:39Z,116.0,Charge 4
2021-06-24T15:40:42Z,115.0,Charge 4
2021-06-24T15:40:43Z,116.0,Charge 4
2021-06-24T15:40:44Z,115.0,Charge 4
2021-06-24T15:40:47Z,115.0,Charge 4
2021-06-24T15:40:48Z,116.0,Charge 4
2021-06-24T15:40:51Z,116.0,Charge 4
2021-06-24T15:40:53Z,117.0,Charge 4
2021-06-24T15:40:56Z,117.0,Charge 4
2021-06-24T15:40:58Z,118.0,Charge 4
2021-06-24T15:41:01Z,118.0,Charge 4
2021-06-24T15:41:02Z,119.0,Charge 4
2021-06-24T15:41:03Z,120.0,Charge 4
2021-06-24T15:41:04Z,121.0,Charge 4
2021-06-24T15:41:07Z,121.0,Charge 4
2021-06-24T15:41:10Z,121.0,Charge 4
2021-06-24T15:41:13Z,122.0,Charge 4
2021-06-24T15:41:16Z,122.0,Charge 4
2021-06-24T15:41:19Z,122.0,Charge 4
2021-06-24T15:41:22Z,122.0,Charge 4
2021-06-24T15:41:23Z,120.0,Charge 4
2021-06-24T15:41:26Z,120.0,Charge 4
2021-06-24T15:41:28Z,119.0,Charge 4
2021-06-24T15:41:31Z,119.0,Charge 4
2021-06-24T15:41:33Z,118.0,Charge 4
2021-06-24T15:41:34Z,117.0,Charge 4
2021-06-24T15:41:37Z,116.0,Charge 4
2021-06-24T15:41:38Z,117.0,Charge 4
2021-06-24T15:41:39Z,116.0,Charge 4
2021-06-24T15:41:41Z,115.0,Charge 4
2021-06-24T15:41:43Z,116.0,Charge 4
2021-06-24T15:41:45Z,115.0,Charge 4
2021-06-24T15:41:46Z,115.0,Charge 4
2021-06-24T15:41:48Z,116.0,Charge 4
2021-06-24T15:41:51Z,116.0,Charge 4
2021-06-24T15:41:53Z,119.0,Charge 4
2021-06-24T15:41:56Z,119.0,Charge 4
2021-06-24T15:41:58Z,121.0,Charge 4
2021-06-24T15:41:59Z,122.0,Charge 4
2021-06-24T15:42:02Z,122.0,Charge 4
2021-06-24T15:42:05Z,123.0,Charge 4
2021-06-24T15:42:08Z,122.0,Charge 4
2021-06-24T15:42:11Z,123.0,Charge 4
2021-06-24T15:42:14Z,123.0,Charge 4
2021-06-24T15:42:17Z,123.0,Charge 4
2021-06-24T15:42:23Z,123.0,Charge 4
2021-06-24T15:42:28Z,124.0,Charge 4
2021-06-24T15:42:33Z,125.0,Charge 4
2021-06-24T15:42:38Z,124.0,Charge 4
2021-06-24T15:42:43Z,123.0,Charge 4
2021-06-24T15:42:53Z,122.0,Charge 4
2021-06-24T15:42:58Z,120.0,Charge 4
2021-06-24T15:43:03Z,119.0,Charge 4
2021-06-24T15:43:08Z,120.0,Charge 4
2021-06-24T15:43:13Z,122.0,Charge 4
2021-06-24T15:43:23Z,123.0,Charge 4
2021-06-24T15:43:38Z,124.0,Charge 4
2021-06-24T15:43:43Z,126.0,Charge 4
2021-06-24T15:43:48Z,128.0,Charge 4
2021-06-24T15:43:53Z,131.0,Charge 4
2021-06-24T15:44:08Z,130.0,Charge 4
2021-06-24T15:44:13Z,126.0,Charge 4
2021-06-24T15:44:18Z,122.0,Charge 4
2021-06-24T15:44:23Z,123.0,Charge 4
2021-06-24T15:44:38Z,124.0,Charge 4
2021-06-24T15:44:43Z,125.0,Charge 4
2021-06-24T15:44:48Z,122.0,Charge 4
2021-06-24T15:44:53Z,121.0,Charge 4
2021-06-24T15:44:58Z,120.0,Charge 4
2021-06-24T15:45:03Z,118.0,Charge 4
2021-06-24T15:45:13Z,117.0,Charge 4
2021-06-24T15:45:18Z,116.0,Charge 4
2021-06-24T15:45:23Z,116.0,Charge 4
2021-06-24T15:45:28Z,120.0,Charge 4
2021-06-24T15:45:33Z,128.0,Charge 4
2021-06-24T15:45:38Z,133.0,Charge 4
2021-06-24T15:45:43Z,135.0,Charge 4
2021-06-24T15:45:58Z,134.0,Charge 4
2021-06-24T15:46:03Z,133.0,Charge 4
2021-06-24T15:46:13Z,134.0,Charge 4
2021-06-24T15:46:23Z,133.0,Charge 4
2021-06-24T15:46:28Z,132.0,Charge 4
2021-06-24T15:46:38Z,131.0,Charge 4
2021-06-24T15:46:43Z,129.0,Charge 4
2021-06-24T15:46:48Z,128.0,Charge 4
2021-06-24T15:46:53Z,129.0,Charge 4
2021-06-24T15:46:58Z,133.0,Charge 4
2021-06-24T15:47:03Z,134.0,Charge 4
2021-06-24T15:47:13Z,132.0,Charge 4
2021-06-24T15:47:18Z,130.0,Charge 4
2021-06-24T15:47:23Z,132.0,Charge 4
2021-06-24T15:47:28Z,135.0,Charge 4
2021-06-24T15:47:33Z,138.0,Charge 4
2021-06-24T15:47:43Z,137.0,Charge 4
2021-06-24T15:47:48Z,134.0,Charge 4
2021-06-24T15:47:58Z,133.0,Charge 4
2021-06-24T15:48:03Z,132.0,Charge 4
2021-06-24T15:48:08Z,131.0,Charge 4
2021-06-24T15:48:13Z,132.0,Charge 4
2021-06-24T15:48:23Z,131.0,Charge 4
2021-06-24T15:48:26Z,129.0,Charge 4
2021-06-24T15:48:38Z,128.0,Charge 4
2021-06-24T15:48:43Z,129.0,Charge 4
2021-06-24T15:48:48Z,128.0,Charge 4
2021-06-24T15:48:53Z,125.0,Charge 4
2021-06-24T15:48:58Z,126.0,Charge 4
2021-06-24T15:49:01Z,126.0,Charge 4
2021-06-24T15:49:04Z,127.0,Charge 4
2021-06-24T15:49:06Z,128.0,Charge 4
2021-06-24T15:49:08Z,129.0,Charge 4
2021-06-24T15:49:11Z,128.0,Charge 4
2021-06-24T15:49:14Z,128.0,Charge 4
2021-06-24T15:49:17Z,128.0,Charge 4
2021-06-24T15:49:20Z,128.0,Charge 4
2021-06-24T15:49:23Z,128.0,Charge 4
2021-06-24T15:49:26Z,128.0,Charge 4
2021-06-24T15:49:27Z,127.0,Charge 4
2021-06-24T15:49:30Z,127.0,Charge 4
2021-06-24T15:49:31Z,128.0,Charge 4
2021-06-24T15:49:34Z,129.0,Charge 4
2021-06-24T15:49:35Z,130.0,Charge 4
2021-06-24T15:49:38Z,130.0,Charge 4
2021-06-24T15:49:40Z,131.0,Charge 4
2021-06-24T15:49:41Z,132.0,Charge 4
2021-06-24T15:49:44Z,132.0,Charge 4
2021-06-24T15:49:46Z,131.0,Charge 4
2021-06-24T15:49:49Z,131.0,Charge 4
2021-06-24T15:49:50Z,130.0,Charge 4
2021-06-24T15:49:53Z,129.0,Charge 4
2021-06-24T15:49:56Z,129.0,Charge 4
2021-06-24T15:49:59Z,128.0,Charge 4
2021-06-24T15:50:01Z,129.0,Charge 4
2021-06-24T15:50:02Z,129.0,Charge 4
2021-06-24T15:50:03Z,128.0,Charge 4
2021-06-24T15:50:05Z,129.0,Charge 4
2021-06-24T15:50:06Z,128.0,Charge 4
2021-06-24T15:50:09Z,128.0,Charge 4
2021-06-24T15:50:10Z,129.0,Charge 4
2021-06-24T15:50:11Z,128.0,Charge 4
2021-06-24T15:50:14Z,128.0,Charge 4
2021-06-24T15:50:16Z,129.0,Charge 4
2021-06-24T15:50:19Z,130.0,Charge 4
2021-06-24T15:50:20Z,131.0,Charge 4
2021-06-24T15:50:21Z,129.0,Charge 4
2021-06-24T15:50:22Z,130.0,Charge 4
2021-06-24T15:50:23Z,131.0,Charge 4
2021-06-24T15:50:25Z,132.0,Charge 4
2021-06-24T15:50:26Z,130.0,Charge 4
2021-06-24T15:50:29Z,130.0,Charge 4
2021-06-24T15:50:30Z,131.0,Charge 4
2021-06-24T15:50:31Z,134.0,Charge 4
2021-06-24T15:50:34Z,134.0,Charge 4
2021-06-24T15:50:36Z,135.0,Charge 4
2021-06-24T15:50:37Z,134.0,Charge 4
2021-06-24T15:50:40Z,134.0,Charge 4
2021-06-24T15:50:41Z,132.0,Charge 4
2021-06-24T15:50:43Z,131.0,Charge 4
2021-06-24T15:50:46Z,132.0,Charge 4
2021-06-24T15:50:47Z,131.0,Charge 4
2021-06-24T15:50:48Z,131.0,Charge 4
2021-06-24T15:50:50Z,130.0,Charge 4
2021-06-24T15:50:51Z,129.0,Charge 4
2021-06-24T15:50:54Z,128.0,Charge 4
2021-06-24T15:50:57Z,128.0,Charge 4
2021-06-24T15:50:59Z,127.0,Charge 4
2021-06-24T15:51:02Z,127.0,Charge 4
2021-06-24T15:51:04Z,126.0,Charge 4
2021-06-24T15:51:06Z,125.0,Charge 4
2021-06-24T15:51:09Z,124.0,Charge 4
2021-06-24T15:51:11Z,126.0,Charge 4
2021-06-24T15:51:13Z,125.0,Charge 4
2021-06-24T15:51:16Z,126.0,Charge 4
2021-06-24T15:51:18Z,127.0,Charge 4
2021-06-24T15:51:20Z,128.0,Charge 4
2021-06-24T15:51:21Z,129.0,Charge 4
2021-06-24T15:51:22Z,130.0,Charge 4
2021-06-24T15:51:24Z,131.0,Charge 4
2021-06-24T15:51:25Z,132.0,Charge 4
2021-06-24T15:51:26Z,130.0,Charge 4
2021-06-24T15:51:29Z,130.0,Charge 4
2021-06-24T15:51:30Z,131.0,Charge 4
2021-06-24T15:51:31Z,133.0,Charge 4
2021-06-24T15:51:34Z,133.0,Charge 4
2021-06-24T15:51:36Z,132.0,Charge 4
2021-06-24T15:51:39Z,132.0,Charge 4
2021-06-24T15:51:40Z,131.0,Charge 4
2021-06-24T15:51:41Z,129.0,Charge 4
2021-06-24T15:51:44Z,129.0,Charge 4
2021-06-24T15:51:47Z,128.0,Charge 4
2021-06-24T15:51:50Z,127.0,Charge 4
2021-06-24T15:51:51Z,128.0,Charge 4
2021-06-24T15:51:53Z,127.0,Charge 4
2021-06-24T15:51:56Z,128.0,Charge 4
2021-06-24T15:51:57Z,127.0,Charge 4
2021-06-24T15:52:00Z,126.0,Charge 4
2021-06-24T15:52:01Z,128.0,Charge 4
2021-06-24T15:52:02Z,127.0,Charge 4
2021-06-24T15:52:05Z,127.0,Charge 4
2021-06-24T15:52:08Z,126.0,Charge 4
2021-06-24T15:52:11Z,127.0,Charge 4
2021-06-24T15:52:14Z,127.0,Charge 4
2021-06-24T15:52:16Z,128.0,Charge 4
2021-06-24T15:52:17Z,127.0,Charge 4
2021-06-24T15:52:20Z,127.0,Charge 4
2021-06-24T15:52:21Z,128.0,Charge 4
2021-06-24T15:52:22Z,127.0,Charge 4
2021-06-24T15:52:25Z,127.0,Charge 4
2021-06-24T15:52:28Z,127.0,Charge 4
2021-06-24T15:52:29Z,126.0,Charge 4
2021-06-24T15:52:31Z,127.0,Charge 4
2021-06-24T15:52:34Z,127.0,Charge 4
2021-06-24T15:52:35Z,126.0,Charge 4
2021-06-24T15:52:38Z,126.0,Charge 4
2021-06-24T15:52:39Z,126.0,Charge 4
2021-06-24T15:52:41Z,125.0,Charge 4
2021-06-24T15:52:43Z,124.0,Charge 4
2021-06-24T15:52:46Z,123.0,Charge 4
2021-06-24T15:52:49Z,123.0,Charge 4
2021-06-24T15:52:51Z,122.0,Charge 4
2021-06-24T15:52:52Z,123.0,Charge 4
2021-06-24T15:52:53Z,124.0,Charge 4
2021-06-24T15:52:54Z,125.0,Charge 4
2021-06-24T15:52:55Z,126.0,Charge 4
2021-06-24T15:52:56Z,125.0,Charge 4
2021-06-24T15:52:57Z,126.0,Charge 4
2021-06-24T15:52:58Z,127.0,Charge 4
2021-06-24T15:53:00Z,128.0,Charge 4
2021-06-24T15:53:02Z,129.0,Charge 4
2021-06-24T15:53:05Z,130.0,Charge 4
2021-06-24T15:53:06Z,131.0,Charge 4
2021-06-24T15:53:07Z,132.0,Charge 4
2021-06-24T15:53:10Z,132.0,Charge 4
2021-06-24T15:53:11Z,130.0,Charge 4
2021-06-24T15:53:14Z,130.0,Charge 4
2021-06-24T15:53:16Z,129.0,Charge 4
2021-06-24T15:53:19Z,129.0,Charge 4
2021-06-24T15:53:20Z,128.0,Charge 4
2021-06-24T15:53:21Z,129.0,Charge 4
2021-06-24T15:53:27Z,128.0,Charge 4
2021-06-24T15:53:32Z,131.0,Charge 4
2021-06-24T15:53:37Z,132.0,Charge 4
2021-06-24T15:53:42Z,130.0,Charge 4
2021-06-24T15:53:47Z,129.0,Charge 4
2021-06-24T15:53:52Z,132.0,Charge 4
2021-06-24T15:53:57Z,134.0,Charge 4
2021-06-24T15:54:02Z,135.0,Charge 4
2021-06-24T15:54:07Z,136.0,Charge 4
2021-06-24T15:54:17Z,134.0,Charge 4
2021-06-24T15:54:27Z,138.0,Charge 4
2021-06-24T15:54:32Z,140.0,Charge 4
2021-06-24T15:54:47Z,140.0,Charge 4
2021-06-24T15:55:02Z,140.0,Charge 4
2021-06-24T15:55:12Z,142.0,Charge 4
2021-06-24T15:55:17Z,141.0,Charge 4
2021-06-24T15:55:22Z,140.0,Charge 4
2021-06-24T15:55:37Z,139.0,Charge 4
2021-06-24T15:55:42Z,138.0,Charge 4
2021-06-24T15:55:47Z,135.0,Charge 4
2021-06-24T15:55:52Z,133.0,Charge 4
2021-06-24T15:55:57Z,131.0,Charge 4
2021-06-24T15:56:02Z,130.0,Charge 4
2021-06-24T15:56:17Z,130.0,Charge 4
2021-06-24T15:56:22Z,128.0,Charge 4
2021-06-24T15:56:27Z,126.0,Charge 4
2021-06-24T15:56:42Z,125.0,Charge 4
2021-06-24T15:56:47Z,119.0,Charge 4
2021-06-24T15:56:52Z,117.0,Charge 4
2021-06-24T15:56:57Z,112.0,Charge 4
2021-06-24T15:57:02Z,110.0,Charge 4
2021-06-24T15:57:17Z,108.0,Charge 4
2021-06-24T15:57:22Z,107.0,Charge 4
2021-06-24T15:57:27Z,104.0,Charge 4
2021-06-24T15:57:42Z,104.0,Charge 4
2021-06-24T15:57:57Z,106.0,Charge 4
2021-06-24T15:58:02Z,112.0,Charge 4
2021-06-24T15:58:07Z,115.0,Charge 4
2021-06-24T15:58:12Z,117.0,Charge 4
2021-06-24T15:58:17Z,120.0,Charge 4
2021-06-24T15:58:22Z,124.0,Charge 4
2021-06-24T15:58:32Z,123.0,Charge 4
2021-06-24T15:58:37Z,124.0,Charge 4
2021-06-24T15:58:42Z,130.0,Charge 4
2021-06-24T15:58:47Z,131.0,Charge 4
2021-06-24T15:58:52Z,132.0,Charge 4
2021-06-24T15:58:53Z,132.0,Charge 4
2021-06-24T15:59:03Z,132.0,Charge 4
2021-06-24T15:59:08Z,131.0,Charge 4
2021-06-24T15:59:13Z,129.0,Charge 4
2021-06-24T15:59:15Z,127.0,Charge 4
2021-06-24T15:59:18Z,127.0,Charge 4
2021-06-24T15:59:20Z,128.0,Charge 4
2021-06-24T15:59:26Z,127.0,Charge 4
2021-06-24T15:59:41Z,127.0,Charge 4
2021-06-24T15:59:51Z,127.0,Charge 4
2021-06-24T15:59:56Z,128.0,Charge 4
2021-06-24T16:00:01Z,129.0,Charge 4
2021-06-24T16:00:06Z,130.0,Charge 4
2021-06-24T16:00:11Z,129.0,Charge 4
2021-06-24T16:00:16Z,127.0,Charge 4
2021-06-24T16:00:26Z,125.0,Charge 4
2021-06-24T16:00:31Z,126.0,Charge 4
2021-06-24T16:00:36Z,127.0,Charge 4
2021-06-24T16:00:41Z,128.0,Charge 4
2021-06-24T16:00:46Z,129.0,Charge 4
2021-06-24T16:00:56Z,127.0,Charge 4
2021-06-24T16:01:01Z,124.0,Charge 4
2021-06-24T16:01:06Z,122.0,Charge 4
2021-06-24T16:01:11Z,124.0,Charge 4
2021-06-24T16:01:16Z,129.0,Charge 4
2021-06-24T16:01:21Z,133.0,Charge 4
2021-06-24T16:01:26Z,134.0,Charge 4
2021-06-24T16:01:31Z,132.0,Charge 4
2021-06-24T16:01:36Z,130.0,Charge 4
2021-06-24T16:01:41Z,128.0,Charge 4
2021-06-24T16:01:46Z,127.0,Charge 4
2021-06-24T16:01:56Z,126.0,Charge 4
2021-06-24T16:02:01Z,124.0,Charge 4
2021-06-24T16:02:06Z,122.0,Charge 4
2021-06-24T16:02:21Z,121.0,Charge 4
2021-06-24T16:02:26Z,120.0,Charge 4
2021-06-24T16:02:31Z,121.0,Charge 4
2021-06-24T16:02:41Z,118.0,Charge 4
2021-06-24T16:02:46Z,117.0,Charge 4
2021-06-24T16:02:56Z,119.0,Charge 4
2021-06-24T16:03:01Z,124.0,Charge 4
2021-06-24T16:03:11Z,123.0,Charge 4
2021-06-24T16:03:16Z,122.0,Charge 4
2021-06-24T16:03:21Z,120.0,Charge 4
2021-06-24T16:03:26Z,118.0,Charge 4
2021-06-24T16:03:31Z,122.0,Charge 4
2021-06-24T16:03:36Z,128.0,Charge 4
2021-06-24T16:03:46Z,125.0,Charge 4
2021-06-24T16:03:51Z,124.0,Charge 4
2021-06-24T16:03:56Z,123.0,Charge 4
2021-06-24T16:04:01Z,122.0,Charge 4
2021-06-24T16:04:06Z,123.0,Charge 4
2021-06-24T16:04:11Z,123.0,Charge 4
2021-06-24T16:04:14Z,123.0,Charge 4
2021-06-24T16:04:17Z,123.0,Charge 4
2021-06-24T16:04:18Z,125.0,Charge 4
2021-06-24T16:04:21Z,125.0,Charge 4
2021-06-24T16:04:23Z,122.0,Charge 4
2021-06-24T16:04:25Z,123.0,Charge 4
2021-06-24T16:04:26Z,124.0,Charge 4
2021-06-24T16:04:28Z,123.0,Charge 4
2021-06-24T16:04:29Z,124.0,Charge 4
2021-06-24T16:04:31Z,125.0,Charge 4
2021-06-24T16:04:33Z,123.0,Charge 4
2021-06-24T16:04:34Z,124.0,Charge 4
2021-06-24T16:04:37Z,124.0,Charge 4
2021-06-24T16:04:38Z,123.0,Charge 4
2021-06-24T16:04:41Z,123.0,Charge 4
2021-06-24T16:04:43Z,124.0,Charge 4
2021-06-24T16:04:46Z,124.0,Charge 4
2021-06-24T16:04:48Z,125.0,Charge 4
2021-06-24T16:04:51Z,125.0,Charge 4
2021-06-24T16:04:53Z,127.0,Charge 4
2021-06-24T16:04:56Z,127.0,Charge 4
2021-06-24T16:04:58Z,125.0,Charge 4
2021-06-24T16:05:01Z,125.0,Charge 4
2021-06-24T16:05:02Z,124.0,Charge 4
2021-06-24T16:05:03Z,123.0,Charge 4
2021-06-24T16:05:06Z,123.0,Charge 4
2021-06-24T16:05:07Z,123.0,Charge 4
2021-06-24T16:05:08Z,122.0,Charge 4
2021-06-24T16:05:11Z,122.0,Charge 4
2021-06-24T16:05:13Z,127.0,Charge 4
2021-06-24T16:05:16Z,126.0,Charge 4
2021-06-24T16:05:19Z,126.0,Charge 4
2021-06-24T16:05:22Z,126.0,Charge 4
2021-06-24T16:05:23Z,127.0,Charge 4
2021-06-24T16:05:26Z,127.0,Charge 4
2021-06-24T16:05:28Z,126.0,Charge 4
2021-06-24T16:05:31Z,125.0,Charge 4
2021-06-24T16:05:33Z,124.0,Charge 4
2021-06-24T16:05:36Z,124.0,Charge 4
2021-06-24T16:05:38Z,122.0,Charge 4
2021-06-24T16:05:41Z,122.0,Charge 4
2021-06-24T16:05:43Z,121.0,Charge 4
2021-06-24T16:05:46Z,121.0,Charge 4
2021-06-24T16:05:47Z,120.0,Charge 4
2021-06-24T16:05:48Z,118.0,Charge 4
2021-06-24T16:05:53Z,117.0,Charge 4
2021-06-24T16:06:03Z,116.0,Charge 4
2021-06-24T16:06:08Z,119.0,Charge 4
2021-06-24T16:06:13Z,118.0,Charge 4
2021-06-24T16:06:18Z,117.0,Charge 4
2021-06-24T16:06:28Z,118.0,Charge 4
2021-06-24T16:06:33Z,119.0,Charge 4
2021-06-24T16:06:38Z,118.0,Charge 4
2021-06-24T16:06:48Z,119.0,Charge 4
2021-06-24T16:06:53Z,118.0,Charge 4
2021-06-24T16:06:58Z,115.0,Charge 4
2021-06-24T16:07:03Z,114.0,Charge 4
2021-06-24T16:07:08Z,112.0,Charge 4
2021-06-24T16:07:13Z,110.0,Charge 4
2021-06-24T16:07:18Z,114.0,Charge 4
2021-06-24T16:07:23Z,115.0,Charge 4
2021-06-24T16:07:33Z,114.0,Charge 4
2021-06-24T16:07:38Z,111.0,Charge 4
2021-06-24T16:07:43Z,109.0,Charge 4
2021-06-24T16:07:48Z,106.0,Charge 4
2021-06-24T16:07:53Z,105.0,Charge 4
2021-06-24T16:08:03Z,114.0,Charge 4
2021-06-24T16:08:08Z,120.0,Charge 4
2021-06-24T16:08:13Z,121.0,Charge 4
2021-06-24T16:08:23Z,120.0,Charge 4
2021-06-24T16:08:28Z,118.0,Charge 4
2021-06-24T16:08:34Z,116.0,Charge 4
2021-06-24T16:08:49Z,116.0,Charge 4
2021-06-24T16:08:59Z,115.0,Charge 4
2021-06-24T16:09:04Z,117.0,Charge 4
2021-06-24T16:09:09Z,123.0,Charge 4
2021-06-24T16:09:19Z,118.0,Charge 4
2021-06-24T16:09:24Z,112.0,Charge 4
2021-06-24T16:09:29Z,110.0,Charge 4
2021-06-24T16:09:34Z,109.0,Charge 4
2021-06-24T16:09:39Z,107.0,Charge 4
2021-06-24T16:09:44Z,111.0,Charge 4
2021-06-24T16:09:49Z,112.0,Charge 4
2021-06-24T16:09:54Z,111.0,Charge 4
2021-06-24T16:09:59Z,108.0,Charge 4
2021-06-24T16:10:04Z,104.0,Charge 4
2021-06-24T16:10:09Z,100.0,Charge 4
2021-06-24T16:10:19Z,99.0,Charge 4
2021-06-24T16:10:29Z,100.0,Charge 4
2021-06-24T16:10:34Z,99.0,Charge 4
2021-06-24T16:10:39Z,102.0,Charge 4
2021-06-24T16:10:44Z,104.0,Charge 4
2021-06-24T16:10:54Z,103.0,Charge 4
2021-06-24T16:10:59Z,101.0,Charge 4
2021-06-24T16:11:04Z,98.0,Charge 4
2021-06-24T16:11:09Z,96.0,Charge 4
2021-06-24T16:11:14Z,95.0,Charge 4
2021-06-24T16:11:29Z,95.0,Charge 4
2021-06-24T16:11:34Z,96.0,Charge 4
2021-06-24T16:11:49Z,96.0,Charge 4
2021-06-24T16:11:54Z,95.0,Charge 4
2021-06-24T16:12:04Z,94.0,Charge 4
2021-06-24T16:12:14Z,93.0,Charge 4
2021-06-24T16:12:29Z,93.0,Charge 4
2021-06-24T16:12:34Z,94.0,Charge 4
2021-06-24T16:12:39Z,95.0,Charge 4
2021-06-24T16:12:54Z,95.0,Charge 4
2021-06-24T16:12:59Z,97.0,Charge 4
2021-06-24T16:13:04Z,100.0,Charge 4
2021-06-24T16:13:09Z,97.0,Charge 4
2021-06-24T16:13:14Z,95.0,Charge 4
2021-06-24T16:13:19Z,96.0,Charge 4
2021-06-24T16:13:29Z,97.0,Charge 4
2021-06-24T16:13:39Z,96.0,Charge 4
2021-06-24T16:13:44Z,96.0,Charge 4
2021-06-24T16:13:59Z,95.0,Charge 4
2021-06-24T16:14:14Z,95.0,Charge 4
2021-06-24T16:14:19Z,94.0,Charge 4
2021-06-24T16:14:24Z,93.0,Charge 4
2021-06-24T16:14:34Z,92.0,Charge 4
2021-06-24T16:14:39Z,92.0,Charge 4
2021-06-24T16:14:44Z,91.0,Charge 4
2021-06-24T16:14:49Z,90.0,Charge 4
2021-06-24T16:15:04Z,89.0,Charge 4
2021-06-24T16:15:14Z,89.0,Charge 4
2021-06-24T16:15:19Z,90.0,Charge 4
2021-06-24T16:15:34Z,90.0,Charge 4
2021-06-24T16:15:49Z,89.0,Charge 4
2021-06-24T16:15:54Z,89.0,Charge 4
2021-06-24T16:16:09Z,90.0,Charge 4
2021-06-24T16:16:19Z,91.0,Charge 4
2021-06-24T16:16:29Z,90.0,Charge 4
2021-06-24T16:16:34Z,89.0,Charge 4
2021-06-24T16:16:44Z,88.0,Charge 4
2021-06-24T16:16:54Z,87.0,Charge 4
2021-06-24T16:17:09Z,87.0,Charge 4
2021-06-24T16:17:14Z,88.0,Charge 4
2021-06-24T16:17:19Z,88.0,Charge 4
2021-06-24T16:17:29Z,87.0,Charge 4
2021-06-24T16:17:39Z,87.0,Charge 4
2021-06-24T16:17:54Z,89.0,Charge 4
2021-06-24T16:17:59Z,87.0,Charge 4
2021-06-24T16:18:09Z,86.0,Charge 4
2021-06-24T16:18:19Z,87.0,Charge 4
2021-06-24T16:18:29Z,82.0,Charge 4
2021-06-24T16:18:39Z,84.0,Charge 4
2021-06-24T16:18:49Z,86.0,Charge 4
2021-06-24T16:18:54Z,87.0,Charge 4
2021-06-24T16:19:04Z,86.0,Charge 4
2021-06-24T16:19:19Z,86.0,Charge 4
2021-06-24T16:19:24Z,87.0,Charge 4
2021-06-24T16:19:29Z,88.0,Charge 4
2021-06-24T16:19:36Z,90.0,Charge 4
2021-06-24T16:19:41Z,89.0,Charge 4
2021-06-24T16:19:46Z,86.0,Charge 4
2021-06-24T16:19:51Z,86.0,Charge 4
2021-06-24T16:19:56Z,87.0,Charge 4
2021-06-24T16:20:11Z,89.0,Charge 4
2021-06-24T16:20:16Z,87.0,Charge 4
2021-06-24T16:20:21Z,85.0,Charge 4
2021-06-24T16:20:31Z,86.0,Charge 4
2021-06-24T16:20:36Z,86.0,Charge 4
2021-06-24T16:20:51Z,85.0,Charge 4
2021-06-24T16:21:01Z,86.0,Charge 4
2021-06-24T16:21:11Z,84.0,Charge 4
2021-06-24T16:21:16Z,84.0,Charge 4
2021-06-24T16:21:31Z,85.0,Charge 4
2021-06-24T16:21:41Z,86.0,Charge 4
2021-06-24T16:21:51Z,87.0,Charge 4
2021-06-24T16:22:06Z,87.0,Charge 4
2021-06-24T16:22:21Z,86.0,Charge 4
2021-06-24T16:22:26Z,86.0,Charge 4
2021-06-24T16:22:31Z,85.0,Charge 4
2021-06-24T16:22:41Z,86.0,Charge 4
2021-06-24T16:22:51Z,87.0,Charge 4
2021-06-24T16:22:56Z,84.0,Charge 4
2021-06-24T16:23:01Z,83.0,Charge 4
2021-06-24T16:23:11Z,83.0,Charge 4
2021-06-24T16:23:16Z,84.0,Charge 4
2021-06-24T16:23:21Z,84.0,Charge 4
2021-06-24T16:23:26Z,85.0,Charge 4
2021-06-24T16:23:41Z,85.0,Charge 4
2021-06-24T16:23:51Z,84.0,Charge 4
2021-06-24T16:23:56Z,82.0,Charge 4
2021-06-24T16:24:01Z,83.0,Charge 4
2021-06-24T16:24:06Z,84.0,Charge 4
2021-06-24T16:24:16Z,83.0,Charge 4
2021-06-24T16:24:21Z,81.0,Charge 4
2021-06-24T16:24:26Z,78.0,Charge 4
2021-06-24T16:24:31Z,79.0,Charge 4
2021-06-24T16:24:36Z,80.0,Charge 4
2021-06-24T16:24:46Z,81.0,Charge 4
2021-06-24T16:24:51Z,82.0,Charge 4
2021-06-24T16:25:01Z,85.0,Charge 4
2021-06-24T16:25:06Z,88.0,Charge 4
2021-06-24T16:25:11Z,90.0,Charge 4
2021-06-24T16:25:16Z,91.0,Charge 4
2021-06-24T16:25:21Z,92.0,Charge 4
2021-06-24T16:25:26Z,95.0,Charge 4
2021-06-24T16:25:31Z,94.0,Charge 4
2021-06-24T16:25:36Z,92.0,Charge 4
2021-06-24T16:25:46Z,93.0,Charge 4
2021-06-24T16:25:51Z,96.0,Charge 4
2021-06-24T16:25:56Z,97.0,Charge 4
2021-06-24T16:26:01Z,100.0,Charge 4
2021-06-24T16:26:11Z,99.0,Charge 4
2021-06-24T16:26:16Z,99.0,Charge 4
2021-06-24T16:26:21Z,98.0,Charge 4
2021-06-24T16:26:26Z,96.0,Charge 4
2021-06-24T16:26:31Z,94.0,Charge 4
2021-06-24T16:26:36Z,93.0,Charge 4
2021-06-24T16:26:46Z,96.0,Charge 4
2021-06-24T16:26:51Z,95.0,Charge 4
2021-06-24T16:26:56Z,89.0,Charge 4
2021-06-24T16:27:01Z,88.0,Charge 4
2021-06-24T16:27:06Z,86.0,Charge 4
2021-06-24T16:27:11Z,85.0,Charge 4
2021-06-24T16:27:21Z,86.0,Charge 4
2021-06-24T16:27:26Z,87.0,Charge 4
2021-06-24T16:27:36Z,86.0,Charge 4
2021-06-24T16:27:41Z,85.0,Charge 4
2021-06-24T16:27:51Z,84.0,Charge 4
2021-06-24T16:27:56Z,83.0,Charge 4
2021-06-24T16:28:01Z,83.0,Charge 4
2021-06-24T16:28:11Z,84.0,Charge 4
2021-06-24T16:28:26Z,85.0,Charge 4
2021-06-24T16:28:31Z,84.0,Charge 4
2021-06-24T16:28:36Z,85.0,Charge 4
2021-06-24T16:28:41Z,84.0,Charge 4
2021-06-24T16:28:46Z,85.0,Charge 4
2021-06-24T16:28:51Z,86.0,Charge 4
2021-06-24T16:28:56Z,85.0,Charge 4
2021-06-24T16:29:01Z,84.0,Charge 4
2021-06-24T16:29:06Z,84.0,Charge 4
2021-06-24T16:29:11Z,81.0,Charge 4
2021-06-24T16:29:26Z,82.0,Charge 4
2021-06-24T16:29:41Z,81.0,Charge 4
2021-06-24T16:29:56Z,85.0,Charge 4
2021-06-24T16:30:01Z,84.0,Charge 4
2021-06-24T16:30:06Z,83.0,Charge 4
2021-06-24T16:30:11Z,82.0,Charge 4
2021-06-24T16:30:26Z,81.0,Charge 4
2021-06-24T16:30:41Z,81.0,Charge 4
2021-06-24T16:30:56Z,82.0,Charge 4
2021-06-24T16:31:01Z,83.0,Charge 4
2021-06-24T16:31:11Z,84.0,Charge 4
2021-06-24T16:31:26Z,84.0,Charge 4
2021-06-24T16:31:41Z,81.0,Charge 4
2021-06-24T16:31:46Z,79.0,Charge 4
2021-06-24T16:32:01Z,79.0,Charge 4
2021-06-24T16:32:11Z,80.0,Charge 4
2021-06-24T16:32:21Z,82.0,Charge 4
2021-06-24T16:32:26Z,83.0,Charge 4
2021-06-24T16:32:41Z,83.0,Charge 4
2021-06-24T16:32:51Z,84.0,Charge 4
2021-06-24T16:33:01Z,83.0,Charge 4
2021-06-24T16:33:06Z,82.0,Charge 4
2021-06-24T16:33:11Z,80.0,Charge 4
2021-06-24T16:33:16Z,79.0,Charge 4
2021-06-24T16:33:31Z,79.0,Charge 4
2021-06-24T16:33:36Z,79.0,Charge 4
2021-06-24T16:33:41Z,80.0,Charge 4
2021-06-24T16:33:51Z,81.0,Charge 4
2021-06-24T16:34:06Z,81.0,Charge 4
2021-06-24T16:34:16Z,83.0,Charge 4
2021-06-24T16:34:26Z,82.0,Charge 4
2021-06-24T16:34:41Z,82.0,Charge 4
2021-06-24T16:34:56Z,83.0,Charge 4
2021-06-24T16:35:01Z,84.0,Charge 4
2021-06-24T16:35:06Z,83.0,Charge 4
2021-06-24T16:35:21Z,82.0,Charge 4
2021-06-24T16:35:26Z,80.0,Charge 4
2021-06-24T16:35:41Z,81.0,Charge 4
2021-06-24T16:35:56Z,82.0,Charge 4
2021-06-24T16:36:06Z,84.0,Charge 4
2021-06-24T16:36:16Z,83.0,Charge 4
2021-06-24T16:36:21Z,84.0,Charge 4
2021-06-24T16:36:26Z,86.0,Charge 4
2021-06-24T16:36:31Z,86.0,Charge 4
2021-06-24T16:36:36Z,85.0,Charge 4
2021-06-24T16:36:41Z,84.0,Charge 4
2021-06-24T16:36:46Z,83.0,Charge 4
2021-06-24T16:37:01Z,82.0,Charge 4
2021-06-24T16:37:11Z,81.0,Charge 4
2021-06-24T16:37:26Z,82.0,Charge 4
2021-06-24T16:37:41Z,83.0,Charge 4
2021-06-24T16:37:46Z,85.0,Charge 4
2021-06-24T16:37:51Z,88.0,Charge 4
2021-06-24T16:38:06Z,88.0,Charge 4
2021-06-24T16:38:11Z,87.0,Charge 4
2021-06-24T16:38:16Z,84.0,Charge 4
2021-06-24T16:38:31Z,84.0,Charge 4
2021-06-24T16:38:36Z,83.0,Charge 4
2021-06-24T16:38:51Z,83.0,Charge 4
2021-06-24T16:38:56Z,85.0,Charge 4
2021-06-24T16:39:01Z,87.0,Charge 4
2021-06-24T16:39:16Z,87.0,Charge 4
2021-06-24T16:39:21Z,85.0,Charge 4
2021-06-24T16:39:26Z,82.0,Charge 4
2021-06-24T16:39:31Z,83.0,Charge 4
2021-06-24T16:39:41Z,83.0,Charge 4
2021-06-24T16:39:56Z,83.0,Charge 4
2021-06-24T16:40:01Z,82.0,Charge 4
2021-06-24T16:40:06Z,81.0,Charge 4
2021-06-24T16:40:11Z,80.0,Charge 4
2021-06-24T16:40:21Z,81.0,Charge 4
2021-06-24T16:40:36Z,81.0,Charge 4
2021-06-24T16:40:41Z,82.0,Charge 4
2021-06-24T16:40:46Z,83.0,Charge 4
2021-06-24T16:40:51Z,83.0,Charge 4
2021-06-24T16:40:56Z,83.0,Charge 4
2021-06-24T16:41:11Z,83.0,Charge 4
2021-06-24T16:41:16Z,81.0,Charge 4
2021-06-24T16:41:27Z,81.0,Charge 4
2021-06-24T16:56:04Z,70.0,Charge 4
2021-06-24T17:05:24Z,70.0,Charge 4
2021-06-24T19:06:05Z,70.0,Charge 4
2021-06-24T19:07:03Z,70.0,Charge 4
2021-06-24T19:10:30Z,70.0,Charge 4
2021-06-24T19:13:46Z,70.0,Charge 4
2021-06-24T19:14:01Z,70.0,Charge 4
2021-06-24T19:21:50Z,70.0,Charge 4
2021-06-24T19:27:06Z,70.0,Charge 4
2021-06-24T19:27:16Z,72.0,Charge 4
2021-06-24T19:27:21Z,87.0,Charge 4
2021-06-24T19:27:26Z,91.0,Charge 4
2021-06-24T19:27:31Z,92.0,Charge 4
2021-06-24T19:27:36Z,89.0,Charge 4
2021-06-24T19:27:46Z,88.0,Charge 4
2021-06-24T19:27:56Z,89.0,Charge 4
2021-06-24T19:28:06Z,91.0,Charge 4
2021-06-24T19:28:11Z,92.0,Charge 4
2021-06-24T19:28:21Z,89.0,Charge 4
2021-06-24T19:28:26Z,87.0,Charge 4
2021-06-24T19:28:36Z,88.0,Charge 4
2021-06-24T19:28:51Z,88.0,Charge 4
2021-06-24T19:28:56Z,89.0,Charge 4
2021-06-24T19:29:11Z,89.0,Charge 4
2021-06-24T19:29:16Z,83.0,Charge 4
2021-06-24T19:29:21Z,84.0,Charge 4
2021-06-24T19:29:26Z,86.0,Charge 4
2021-06-24T19:29:31Z,88.0,Charge 4
2021-06-24T19:29:36Z,87.0,Charge 4
2021-06-24T19:29:41Z,86.0,Charge 4
2021-06-24T19:29:51Z,87.0,Charge 4
2021-06-24T19:29:57Z,88.0,Charge 4
2021-06-24T19:30:12Z,87.0,Charge 4
2021-06-24T19:30:17Z,89.0,Charge 4
2021-06-24T19:30:22Z,90.0,Charge 4
2021-06-24T19:30:37Z,91.0,Charge 4
2021-06-24T19:30:42Z,92.0,Charge 4
2021-06-24T19:30:52Z,93.0,Charge 4
2021-06-24T19:30:57Z,94.0,Charge 4
2021-06-24T19:31:07Z,95.0,Charge 4
2021-06-24T19:31:12Z,96.0,Charge 4
2021-06-24T19:31:17Z,97.0,Charge 4
2021-06-24T19:31:22Z,98.0,Charge 4
2021-06-24T19:31:27Z,99.0,Charge 4
2021-06-24T19:31:32Z,100.0,Charge 4
2021-06-24T19:31:37Z,101.0,Charge 4
2021-06-24T19:31:47Z,102.0,Charge 4
2021-06-24T19:31:52Z,99.0,Charge 4
2021-06-24T19:31:57Z,100.0,Charge 4
2021-06-24T19:32:01Z,100.0,Charge 4
2021-06-24T19:32:04Z,100.0,Charge 4
2021-06-24T19:32:07Z,100.0,Charge 4
2021-06-24T19:32:09Z,106.0,Charge 4
2021-06-24T19:32:12Z,106.0,Charge 4
2021-06-24T19:32:14Z,94.0,Charge 4
2021-06-24T19:32:17Z,94.0,Charge 4
2021-06-24T19:32:20Z,94.0,Charge 4
2021-06-24T19:32:23Z,94.0,Charge 4
2021-06-24T19:32:26Z,94.0,Charge 4
2021-06-24T19:32:29Z,94.0,Charge 4
2021-06-24T19:32:32Z,94.0,Charge 4
2021-06-24T19:32:34Z,96.0,Charge 4
2021-06-24T19:32:37Z,96.0,Charge 4
2021-06-24T19:32:39Z,97.0,Charge 4
2021-06-24T19:32:42Z,97.0,Charge 4
2021-06-24T19:32:45Z,97.0,Charge 4
2021-06-24T19:32:48Z,97.0,Charge 4
2021-06-24T19:32:49Z,98.0,Charge 4
2021-06-24T19:32:52Z,98.0,Charge 4
2021-06-24T19:32:54Z,99.0,Charge 4
2021-06-24T19:32:57Z,99.0,Charge 4
2021-06-24T19:33:00Z,99.0,Charge 4
2021-06-24T19:33:03Z,99.0,Charge 4
2021-06-24T19:33:04Z,98.0,Charge 4
2021-06-24T19:33:07Z,98.0,Charge 4
2021-06-24T19:33:08Z,98.0,Charge 4
2021-06-24T19:33:09Z,97.0,Charge 4
2021-06-24T19:33:12Z,97.0,Charge 4
2021-06-24T19:33:14Z,100.0,Charge 4
2021-06-24T19:33:15Z,101.0,Charge 4
2021-06-24T19:33:16Z,102.0,Charge 4
2021-06-24T19:33:17Z,103.0,Charge 4
2021-06-24T19:33:18Z,104.0,Charge 4
2021-06-24T19:33:19Z,107.0,Charge 4
2021-06-24T19:33:20Z,109.0,Charge 4
2021-06-24T19:33:21Z,110.0,Charge 4
2021-06-24T19:33:22Z,111.0,Charge 4
2021-06-24T19:33:23Z,112.0,Charge 4
2021-06-24T19:33:24Z,128.0,Charge 4
2021-06-24T19:33:25Z,129.0,Charge 4
2021-06-24T19:33:26Z,130.0,Charge 4
2021-06-24T19:33:27Z,131.0,Charge 4
2021-06-24T19:33:28Z,132.0,Charge 4
2021-06-24T19:33:29Z,133.0,Charge 4
2021-06-24T19:33:31Z,134.0,Charge 4
2021-06-24T19:33:33Z,135.0,Charge 4
2021-06-24T19:33:34Z,136.0,Charge 4
2021-06-24T19:33:35Z,137.0,Charge 4
2021-06-24T19:33:38Z,137.0,Charge 4
2021-06-24T19:33:39Z,145.0,Charge 4
2021-06-24T19:33:42Z,145.0,Charge 4
2021-06-24T19:33:44Z,146.0,Charge 4
2021-06-24T19:33:45Z,147.0,Charge 4
2021-06-24T19:33:48Z,147.0,Charge 4
2021-06-24T19:33:51Z,147.0,Charge 4
2021-06-24T19:33:52Z,148.0,Charge 4
2021-06-24T19:33:54Z,149.0,Charge 4
2021-06-24T19:33:56Z,150.0,Charge 4
2021-06-24T19:33:59Z,153.0,Charge 4
2021-06-24T19:34:02Z,153.0,Charge 4
2021-06-24T19:34:04Z,152.0,Charge 4
2021-06-24T19:34:07Z,153.0,Charge 4
2021-06-24T19:34:09Z,158.0,Charge 4
2021-06-24T19:34:12Z,158.0,Charge 4
2021-06-24T19:34:15Z,159.0,Charge 4
2021-06-24T19:34:18Z,159.0,Charge 4
2021-06-24T19:34:19Z,160.0,Charge 4
2021-06-24T19:34:22Z,160.0,Charge 4
2021-06-24T19:34:23Z,161.0,Charge 4
2021-06-24T19:34:25Z,162.0,Charge 4
2021-06-24T19:34:28Z,162.0,Charge 4
2021-06-24T19:34:31Z,162.0,Charge 4
2021-06-24T19:34:33Z,163.0,Charge 4
2021-06-24T19:34:34Z,132.0,Charge 4
2021-06-24T19:34:37Z,133.0,Charge 4
2021-06-24T19:34:39Z,127.0,Charge 4
2021-06-24T19:34:42Z,127.0,Charge 4
2021-06-24T19:34:43Z,128.0,Charge 4
2021-06-24T19:34:44Z,126.0,Charge 4
2021-06-24T19:34:46Z,127.0,Charge 4
2021-06-24T19:34:49Z,126.0,Charge 4
2021-06-24T19:34:51Z,127.0,Charge 4
2021-06-24T19:34:54Z,124.0,Charge 4
2021-06-24T19:34:56Z,123.0,Charge 4
2021-06-24T19:34:59Z,120.0,Charge 4
2021-06-24T19:35:01Z,119.0,Charge 4
2021-06-24T19:35:03Z,118.0,Charge 4
2021-06-24T19:35:05Z,117.0,Charge 4
2021-06-24T19:35:06Z,116.0,Charge 4
2021-06-24T19:35:08Z,115.0,Charge 4
2021-06-24T19:35:09Z,117.0,Charge 4
2021-06-24T19:35:10Z,116.0,Charge 4
2021-06-24T19:35:11Z,115.0,Charge 4
2021-06-24T19:35:12Z,114.0,Charge 4
2021-06-24T19:35:15Z,114.0,Charge 4
2021-06-24T19:35:16Z,113.0,Charge 4
2021-06-24T19:35:17Z,112.0,Charge 4
2021-06-24T19:35:18Z,111.0,Charge 4
2021-06-24T19:35:19Z,113.0,Charge 4
2021-06-24T19:35:20Z,112.0,Charge 4
2021-06-24T19:35:22Z,111.0,Charge 4
2021-06-24T19:35:24Z,110.0,Charge 4
2021-06-24T19:35:27Z,109.0,Charge 4
2021-06-24T19:35:28Z,108.0,Charge 4
2021-06-24T19:35:30Z,111.0,Charge 4
2021-06-24T19:35:31Z,110.0,Charge 4
2021-06-24T19:35:33Z,109.0,Charge 4
2021-06-24T19:35:35Z,116.0,Charge 4
2021-06-24T19:35:36Z,115.0,Charge 4
2021-06-24T19:35:38Z,114.0,Charge 4
2021-06-24T19:35:40Z,112.0,Charge 4
2021-06-24T19:35:42Z,111.0,Charge 4
2021-06-24T19:35:44Z,110.0,Charge 4
2021-06-24T19:35:47Z,109.0,Charge 4
2021-06-24T19:35:48Z,110.0,Charge 4
2021-06-24T19:35:49Z,111.0,Charge 4
2021-06-24T19:35:50Z,113.0,Charge 4
2021-06-24T19:35:51Z,114.0,Charge 4
2021-06-24T19:35:52Z,115.0,Charge 4
2021-06-24T19:35:53Z,116.0,Charge 4
2021-06-24T19:35:56Z,117.0,Charge 4
2021-06-24T19:35:57Z,118.0,Charge 4
2021-06-24T19:35:59Z,119.0,Charge 4
2021-06-24T19:36:00Z,120.0,Charge 4
2021-06-24T19:36:02Z,121.0,Charge 4
2021-06-24T19:36:03Z,122.0,Charge 4
2021-06-24T19:36:05Z,124.0,Charge 4
2021-06-24T19:36:06Z,125.0,Charge 4
2021-06-24T19:36:08Z,126.0,Charge 4
2021-06-24T19:36:10Z,128.0,Charge 4
2021-06-24T19:36:12Z,129.0,Charge 4
2021-06-24T19:36:14Z,130.0,Charge 4
2021-06-24T19:36:15Z,127.0,Charge 4
2021-06-24T19:36:16Z,128.0,Charge 4
2021-06-24T19:36:19Z,129.0,Charge 4
2021-06-24T19:36:20Z,123.0,Charge 4
2021-06-24T19:36:23Z,124.0,Charge 4
2021-06-24T19:36:25Z,120.0,Charge 4
2021-06-24T19:36:30Z,121.0,Charge 4
2021-06-24T19:36:40Z,120.0,Charge 4
2021-06-24T19:36:45Z,117.0,Charge 4
2021-06-24T19:36:50Z,114.0,Charge 4
2021-06-24T19:37:05Z,113.0,Charge 4
2021-06-24T19:37:10Z,112.0,Charge 4
2021-06-24T19:37:15Z,111.0,Charge 4
2021-06-24T19:37:20Z,109.0,Charge 4
2021-06-24T19:37:25Z,105.0,Charge 4
2021-06-24T19:37:30Z,102.0,Charge 4
2021-06-24T19:37:35Z,100.0,Charge 4
2021-06-24T19:37:40Z,101.0,Charge 4
2021-06-24T19:37:45Z,111.0,Charge 4
2021-06-24T19:37:50Z,110.0,Charge 4
2021-06-24T19:37:55Z,107.0,Charge 4
2021-06-24T19:38:00Z,106.0,Charge 4
2021-06-24T19:38:15Z,106.0,Charge 4
2021-06-24T19:38:30Z,105.0,Charge 4
2021-06-24T19:38:40Z,104.0,Charge 4
2021-06-24T19:38:55Z,104.0,Charge 4
2021-06-24T19:39:00Z,104.0,Charge 4
2021-06-24T19:39:05Z,102.0,Charge 4
2021-06-24T19:39:10Z,99.0,Charge 4
2021-06-24T19:39:15Z,97.0,Charge 4
2021-06-24T19:39:22Z,95.0,Charge 4
2021-06-24T19:39:27Z,93.0,Charge 4
2021-06-24T19:39:32Z,93.0,Charge 4
2021-06-24T19:39:37Z,92.0,Charge 4
2021-06-24T19:39:42Z,91.0,Charge 4
2021-06-24T19:39:47Z,93.0,Charge 4
2021-06-24T19:39:52Z,103.0,Charge 4
2021-06-24T19:39:57Z,106.0,Charge 4
2021-06-24T19:40:02Z,103.0,Charge 4
2021-06-24T19:40:07Z,100.0,Charge 4
2021-06-24T19:40:12Z,95.0,Charge 4
2021-06-24T19:40:17Z,92.0,Charge 4
2021-06-24T19:40:32Z,91.0,Charge 4
2021-06-24T19:40:42Z,93.0,Charge 4
2021-06-24T19:40:47Z,95.0,Charge 4
2021-06-24T19:40:57Z,96.0,Charge 4
2021-06-24T19:41:02Z,97.0,Charge 4
2021-06-24T19:41:07Z,98.0,Charge 4
2021-06-24T19:41:12Z,100.0,Charge 4
2021-06-24T19:41:22Z,97.0,Charge 4
2021-06-24T19:41:27Z,94.0,Charge 4
2021-06-24T19:41:32Z,97.0,Charge 4
2021-06-24T19:41:37Z,99.0,Charge 4
2021-06-24T19:41:42Z,96.0,Charge 4
2021-06-24T19:41:47Z,95.0,Charge 4
2021-06-24T19:41:52Z,97.0,Charge 4
2021-06-24T19:41:57Z,96.0,Charge 4
2021-06-24T19:42:12Z,93.0,Charge 4
2021-06-24T19:42:22Z,95.0,Charge 4
2021-06-24T19:42:27Z,94.0,Charge 4
2021-06-24T19:42:32Z,96.0,Charge 4
2021-06-24T19:42:37Z,97.0,Charge 4
2021-06-24T19:42:42Z,98.0,Charge 4
2021-06-24T19:42:52Z,100.0,Charge 4
2021-06-24T19:42:57Z,99.0,Charge 4
2021-06-24T19:43:02Z,96.0,Charge 4
2021-06-24T19:43:07Z,94.0,Charge 4
2021-06-24T19:43:17Z,96.0,Charge 4
2021-06-24T19:43:22Z,92.0,Charge 4
2021-06-24T19:43:32Z,94.0,Charge 4
2021-06-24T19:43:37Z,96.0,Charge 4
2021-06-24T19:43:42Z,99.0,Charge 4
2021-06-24T19:43:47Z,103.0,Charge 4
2021-06-24T19:43:52Z,100.0,Charge 4
2021-06-24T19:43:57Z,95.0,Charge 4
2021-06-24T19:44:02Z,94.0,Charge 4
2021-06-24T19:44:07Z,95.0,Charge 4
2021-06-24T19:44:12Z,94.0,Charge 4
2021-06-24T19:44:17Z,95.0,Charge 4
2021-06-24T19:44:22Z,97.0,Charge 4
2021-06-24T19:44:27Z,96.0,Charge 4
2021-06-24T19:44:32Z,95.0,Charge 4
2021-06-24T19:44:37Z,94.0,Charge 4
2021-06-24T19:44:45Z,94.0,Charge 4
2021-06-24T19:44:55Z,96.0,Charge 4
2021-06-24T19:45:00Z,98.0,Charge 4
2021-06-24T19:45:05Z,101.0,Charge 4
2021-06-24T19:45:10Z,106.0,Charge 4
2021-06-24T19:45:15Z,107.0,Charge 4
2021-06-24T19:45:16Z,106.0,Charge 4
2021-06-24T19:45:26Z,105.0,Charge 4
2021-06-24T19:45:31Z,102.0,Charge 4
2021-06-24T19:45:36Z,99.0,Charge 4
2021-06-24T19:45:41Z,96.0,Charge 4
2021-06-24T19:45:51Z,95.0,Charge 4
2021-06-24T19:46:01Z,96.0,Charge 4
2021-06-24T19:46:06Z,97.0,Charge 4
2021-06-24T19:46:16Z,95.0,Charge 4
2021-06-24T19:46:21Z,94.0,Charge 4
2021-06-24T19:46:26Z,95.0,Charge 4
2021-06-24T19:46:41Z,95.0,Charge 4
2021-06-24T19:46:51Z,97.0,Charge 4
2021-06-24T19:46:56Z,98.0,Charge 4
2021-06-24T19:47:01Z,99.0,Charge 4
2021-06-24T19:47:04Z,99.0,Charge 4
2021-06-24T19:47:14Z,99.0,Charge 4
2021-06-24T19:47:27Z,100.0,Charge 4
2021-06-24T19:47:37Z,102.0,Charge 4
2021-06-24T19:47:47Z,103.0,Charge 4
2021-06-24T19:47:50Z,104.0,Charge 4
2021-06-24T19:47:53Z,104.0,Charge 4
2021-06-24T19:47:56Z,104.0,Charge 4
2021-06-24T19:48:03Z,105.0,Charge 4
2021-06-24T19:48:08Z,104.0,Charge 4
2021-06-24T19:48:13Z,103.0,Charge 4
2021-06-24T19:48:14Z,102.0,Charge 4
2021-06-24T19:48:24Z,104.0,Charge 4
2021-06-24T19:48:29Z,105.0,Charge 4
2021-06-24T19:48:44Z,104.0,Charge 4
2021-06-24T19:48:49Z,105.0,Charge 4
2021-06-24T19:48:54Z,104.0,Charge 4
2021-06-24T19:48:59Z,102.0,Charge 4
2021-06-24T19:49:04Z,101.0,Charge 4
2021-06-24T19:49:19Z,104.0,Charge 4
2021-06-24T19:49:29Z,101.0,Charge 4
2021-06-24T19:49:34Z,100.0,Charge 4
2021-06-24T19:49:49Z,101.0,Charge 4
2021-06-24T19:49:59Z,100.0,Charge 4
2021-06-24T19:50:14Z,103.0,Charge 4
2021-06-24T19:50:24Z,101.0,Charge 4
2021-06-24T19:50:29Z,99.0,Charge 4
2021-06-24T19:50:34Z,98.0,Charge 4
2021-06-24T19:50:39Z,99.0,Charge 4
2021-06-24T19:50:54Z,99.0,Charge 4
2021-06-24T19:51:09Z,99.0,Charge 4
2021-06-24T19:51:24Z,97.0,Charge 4
2021-06-24T19:51:29Z,96.0,Charge 4
2021-06-24T19:51:34Z,98.0,Charge 4
2021-06-24T19:51:44Z,97.0,Charge 4
2021-06-24T19:51:59Z,97.0,Charge 4
2021-06-24T19:52:04Z,96.0,Charge 4
2021-06-24T19:52:09Z,97.0,Charge 4
2021-06-24T19:52:19Z,99.0,Charge 4
2021-06-24T19:52:24Z,100.0,Charge 4
2021-06-24T19:52:29Z,99.0,Charge 4
2021-06-24T19:52:34Z,100.0,Charge 4
2021-06-24T19:52:49Z,100.0,Charge 4
2021-06-24T19:52:54Z,99.0,Charge 4
2021-06-24T19:52:59Z,101.0,Charge 4
2021-06-24T19:53:04Z,102.0,Charge 4
2021-06-24T19:53:09Z,101.0,Charge 4
2021-06-24T19:53:19Z,102.0,Charge 4
2021-06-24T19:53:34Z,102.0,Charge 4
2021-06-24T19:53:39Z,100.0,Charge 4
2021-06-24T19:53:44Z,99.0,Charge 4
2021-06-24T19:53:49Z,100.0,Charge 4
2021-06-24T19:54:04Z,100.0,Charge 4
2021-06-24T19:54:09Z,105.0,Charge 4
2021-06-24T19:54:14Z,102.0,Charge 4
2021-06-24T19:54:19Z,98.0,Charge 4
2021-06-24T19:54:24Z,95.0,Charge 4
2021-06-24T19:54:29Z,94.0,Charge 4
2021-06-24T19:54:34Z,97.0,Charge 4
2021-06-24T19:54:39Z,99.0,Charge 4
2021-06-24T19:54:44Z,101.0,Charge 4
2021-06-24T19:54:49Z,100.0,Charge 4
2021-06-24T19:54:54Z,99.0,Charge 4
2021-06-24T19:54:59Z,101.0,Charge 4
2021-06-24T19:55:06Z,97.0,Charge 4
2021-06-24T19:55:11Z,96.0,Charge 4
2021-06-24T19:55:16Z,98.0,Charge 4
2021-06-24T19:55:26Z,96.0,Charge 4
2021-06-24T19:55:31Z,95.0,Charge 4
2021-06-24T19:55:36Z,98.0,Charge 4
2021-06-24T19:55:41Z,97.0,Charge 4
2021-06-24T19:55:46Z,100.0,Charge 4
2021-06-24T19:55:51Z,102.0,Charge 4
2021-06-24T19:56:01Z,99.0,Charge 4
2021-06-24T19:56:06Z,104.0,Charge 4
2021-06-24T19:56:11Z,107.0,Charge 4
2021-06-24T19:56:26Z,106.0,Charge 4
2021-06-24T19:56:31Z,104.0,Charge 4
2021-06-24T19:56:36Z,102.0,Charge 4
2021-06-24T19:56:41Z,101.0,Charge 4
2021-06-24T19:56:46Z,102.0,Charge 4
2021-06-24T19:56:51Z,97.0,Charge 4
2021-06-24T19:56:56Z,95.0,Charge 4
2021-06-24T19:57:01Z,97.0,Charge 4
2021-06-24T19:57:06Z,95.0,Charge 4
2021-06-24T19:57:11Z,97.0,Charge 4
2021-06-24T19:57:16Z,98.0,Charge 4
2021-06-24T19:57:21Z,99.0,Charge 4
2021-06-24T19:57:26Z,100.0,Charge 4
2021-06-24T19:57:36Z,98.0,Charge 4
2021-06-24T19:57:41Z,97.0,Charge 4
2021-06-24T19:57:46Z,96.0,Charge 4
2021-06-24T19:57:56Z,99.0,Charge 4
2021-06-24T19:58:01Z,100.0,Charge 4
2021-06-24T19:58:06Z,99.0,Charge 4
2021-06-24T19:58:21Z,100.0,Charge 4
2021-06-24T19:58:26Z,101.0,Charge 4
2021-06-24T19:58:31Z,102.0,Charge 4
2021-06-24T20:03:29Z,70.0,Charge 4
2021-06-24T20:04:51Z,70.0,Charge 4
2021-06-24T20:04:52Z,69.0,Charge 4
2021-06-24T20:05:01Z,70.0,Charge 4
2021-06-24T20:05:02Z,81.0,Charge 4
2021-06-24T20:05:05Z,81.0,Charge 4
2021-06-24T20:05:06Z,82.0,Charge 4
2021-06-24T20:05:08Z,83.0,Charge 4
2021-06-24T20:05:11Z,83.0,Charge 4
2021-06-24T20:05:12Z,81.0,Charge 4
2021-06-24T20:08:56Z,70.0,Charge 4
2021-06-24T20:11:54Z,70.0,Charge 4
2021-06-24T20:12:50Z,70.0,Charge 4
2021-06-24T20:12:56Z,88.0,Charge 4
2021-06-24T20:15:45Z,71.0,Charge 4
2021-06-24T20:15:50Z,76.0,Charge 4
2021-06-24T20:15:55Z,73.0,Charge 4
2021-06-24T20:16:00Z,65.0,Charge 4
2021-06-24T20:16:17Z,82.0,Charge 4
2021-06-24T20:16:29Z,85.0,Charge 4
2021-06-24T20:16:34Z,88.0,Charge 4
2021-06-24T20:17:52Z,70.0,Charge 4
2021-06-24T20:19:02Z,70.0,Charge 4
2021-06-24T20:19:17Z,70.0,Charge 4
2021-06-24T20:19:22Z,83.0,Charge 4
2021-06-24T20:19:37Z,83.0,Charge 4
2021-06-24T20:19:52Z,83.0,Charge 4
2021-06-24T20:20:02Z,85.0,Charge 4
2021-06-24T20:20:07Z,85.0,Charge 4
2021-06-24T20:20:12Z,82.0,Charge 4
2021-06-24T20:20:17Z,80.0,Charge 4
2021-06-24T20:20:27Z,82.0,Charge 4
2021-06-24T20:20:32Z,85.0,Charge 4
2021-06-24T20:20:37Z,78.0,Charge 4
2021-06-24T20:20:42Z,77.0,Charge 4
2021-06-24T20:20:47Z,75.0,Charge 4
2021-06-24T20:20:57Z,76.0,Charge 4
2021-06-24T20:21:12Z,76.0,Charge 4
2021-06-24T20:21:17Z,77.0,Charge 4
2021-06-24T20:21:22Z,79.0,Charge 4
2021-06-24T20:21:37Z,78.0,Charge 4
2021-06-24T20:21:42Z,77.0,Charge 4
2021-06-24T20:21:47Z,75.0,Charge 4
2021-06-24T20:21:52Z,74.0,Charge 4
2021-06-24T20:21:57Z,72.0,Charge 4
2021-06-24T20:22:02Z,72.0,Charge 4
2021-06-24T20:22:07Z,73.0,Charge 4
2021-06-24T20:22:17Z,74.0,Charge 4
2021-06-24T20:22:22Z,75.0,Charge 4
2021-06-24T20:22:32Z,77.0,Charge 4
2021-06-24T20:22:37Z,76.0,Charge 4
2021-06-24T20:22:47Z,75.0,Charge 4
2021-06-24T20:23:02Z,75.0,Charge 4
2021-06-24T20:23:07Z,74.0,Charge 4
2021-06-24T20:23:12Z,73.0,Charge 4
2021-06-24T20:23:17Z,71.0,Charge 4
2021-06-24T20:23:22Z,71.0,Charge 4
2021-06-24T20:23:32Z,72.0,Charge 4
2021-06-24T20:23:37Z,74.0,Charge 4
2021-06-24T20:23:42Z,75.0,Charge 4
2021-06-24T20:23:57Z,75.0,Charge 4
2021-06-24T20:24:02Z,73.0,Charge 4
2021-06-24T20:24:07Z,72.0,Charge 4
2021-06-24T20:24:12Z,73.0,Charge 4
2021-06-24T20:24:17Z,75.0,Charge 4
2021-06-24T20:24:27Z,74.0,Charge 4
2021-06-24T20:24:37Z,75.0,Charge 4
2021-06-24T20:24:52Z,75.0,Charge 4
2021-06-24T20:24:57Z,79.0,Charge 4
2021-06-24T20:25:02Z,80.0,Charge 4
2021-06-24T20:25:07Z,81.0,Charge 4
2021-06-24T20:25:12Z,80.0,Charge 4
2021-06-24T20:25:17Z,79.0,Charge 4
2021-06-24T20:25:23Z,77.0,Charge 4
2021-06-24T20:25:28Z,75.0,Charge 4
2021-06-24T20:25:38Z,74.0,Charge 4
2021-06-24T20:25:48Z,73.0,Charge 4
2021-06-24T20:25:53Z,73.0,Charge 4
2021-06-24T20:25:58Z,72.0,Charge 4
2021-06-24T20:26:03Z,71.0,Charge 4
2021-06-24T20:26:13Z,71.0,Charge 4
2021-06-24T20:26:18Z,72.0,Charge 4
2021-06-24T20:26:28Z,75.0,Charge 4
2021-06-24T20:26:33Z,77.0,Charge 4
2021-06-24T20:26:38Z,76.0,Charge 4
2021-06-24T20:26:43Z,75.0,Charge 4
2021-06-24T20:26:53Z,76.0,Charge 4
2021-06-24T20:26:58Z,75.0,Charge 4
2021-06-24T20:27:03Z,75.0,Charge 4
2021-06-24T20:27:08Z,76.0,Charge 4
2021-06-24T20:27:18Z,77.0,Charge 4
2021-06-24T20:27:28Z,78.0,Charge 4
2021-06-24T20:27:33Z,79.0,Charge 4
2021-06-24T20:27:38Z,78.0,Charge 4
2021-06-24T20:27:53Z,77.0,Charge 4
2021-06-24T20:28:03Z,75.0,Charge 4
2021-06-24T20:28:08Z,74.0,Charge 4
2021-06-24T20:28:13Z,73.0,Charge 4
2021-06-24T20:28:18Z,72.0,Charge 4
2021-06-24T20:28:23Z,73.0,Charge 4
2021-06-24T20:28:28Z,74.0,Charge 4
2021-06-24T20:28:33Z,76.0,Charge 4
2021-06-24T20:28:38Z,77.0,Charge 4
2021-06-24T20:28:43Z,76.0,Charge 4
2021-06-24T20:28:48Z,75.0,Charge 4
2021-06-24T20:28:53Z,73.0,Charge 4
2021-06-24T20:28:58Z,72.0,Charge 4
2021-06-24T20:29:13Z,73.0,Charge 4
2021-06-24T20:29:18Z,74.0,Charge 4
2021-06-24T20:29:23Z,74.0,Charge 4
2021-06-24T20:29:38Z,74.0,Charge 4
2021-06-24T20:29:43Z,75.0,Charge 4
2021-06-24T20:29:58Z,76.0,Charge 4
2021-06-24T20:30:03Z,75.0,Charge 4
2021-06-24T20:30:08Z,76.0,Charge 4
2021-06-24T20:30:23Z,77.0,Charge 4
2021-06-24T20:30:38Z,76.0,Charge 4
2021-06-24T20:30:53Z,77.0,Charge 4
2021-06-24T20:30:58Z,78.0,Charge 4
2021-06-24T20:31:03Z,79.0,Charge 4
2021-06-24T20:31:08Z,77.0,Charge 4
2021-06-24T20:31:13Z,76.0,Charge 4
2021-06-24T20:31:28Z,75.0,Charge 4
2021-06-24T20:31:43Z,75.0,Charge 4
2021-06-24T20:31:48Z,77.0,Charge 4
2021-06-24T20:31:53Z,78.0,Charge 4
2021-06-24T20:32:03Z,77.0,Charge 4
2021-06-24T20:32:08Z,77.0,Charge 4
2021-06-24T20:32:23Z,77.0,Charge 4
2021-06-24T20:32:38Z,77.0,Charge 4
2021-06-24T20:32:43Z,76.0,Charge 4
2021-06-24T20:32:58Z,76.0,Charge 4
2021-06-24T20:33:13Z,77.0,Charge 4
2021-06-24T20:33:18Z,76.0,Charge 4
2021-06-24T20:33:33Z,77.0,Charge 4
2021-06-24T20:33:38Z,76.0,Charge 4
2021-06-24T20:33:53Z,77.0,Charge 4
2021-06-24T20:34:03Z,76.0,Charge 4
2021-06-24T20:34:18Z,77.0,Charge 4
2021-06-24T20:34:28Z,76.0,Charge 4
2021-06-24T20:34:43Z,75.0,Charge 4
2021-06-24T20:34:48Z,76.0,Charge 4
2021-06-24T20:34:53Z,77.0,Charge 4
2021-06-24T20:35:03Z,77.0,Charge 4
2021-06-24T20:35:13Z,78.0,Charge 4
2021-06-24T20:35:28Z,78.0,Charge 4
2021-06-24T20:35:33Z,76.0,Charge 4
2021-06-24T20:35:48Z,76.0,Charge 4
2021-06-24T20:36:03Z,76.0,Charge 4
2021-06-24T20:36:13Z,79.0,Charge 4
2021-06-24T20:36:28Z,79.0,Charge 4
2021-06-24T20:36:33Z,80.0,Charge 4
2021-06-24T20:36:40Z,81.0,Charge 4
2021-06-24T20:36:50Z,80.0,Charge 4
2021-06-24T20:37:00Z,81.0,Charge 4
2021-06-24T20:37:05Z,83.0,Charge 4
2021-06-24T20:37:15Z,80.0,Charge 4
2021-06-24T20:37:20Z,78.0,Charge 4
2021-06-24T20:37:25Z,77.0,Charge 4
2021-06-24T20:37:35Z,76.0,Charge 4
2021-06-24T20:37:45Z,77.0,Charge 4
2021-06-24T20:37:50Z,78.0,Charge 4
2021-06-24T20:38:00Z,79.0,Charge 4
2021-06-24T20:38:05Z,78.0,Charge 4
2021-06-24T20:38:10Z,76.0,Charge 4
2021-06-24T20:38:15Z,75.0,Charge 4
2021-06-24T20:38:25Z,76.0,Charge 4
2021-06-24T20:38:30Z,79.0,Charge 4
2021-06-24T20:38:35Z,81.0,Charge 4
2021-06-24T20:38:50Z,81.0,Charge 4
2021-06-24T20:38:55Z,80.0,Charge 4
2021-06-24T20:39:00Z,81.0,Charge 4
2021-06-24T20:39:05Z,85.0,Charge 4
2021-06-24T20:39:10Z,86.0,Charge 4
2021-06-24T20:39:15Z,85.0,Charge 4
2021-06-24T20:39:20Z,84.0,Charge 4
2021-06-24T20:39:25Z,81.0,Charge 4
2021-06-24T20:39:30Z,78.0,Charge 4
2021-06-24T20:39:35Z,79.0,Charge 4
2021-06-24T20:39:42Z,78.0,Charge 4
2021-06-24T20:39:47Z,77.0,Charge 4
2021-06-24T20:39:52Z,76.0,Charge 4
2021-06-24T20:39:57Z,78.0,Charge 4
2021-06-24T20:40:07Z,77.0,Charge 4
2021-06-24T20:40:12Z,76.0,Charge 4
2021-06-24T20:40:17Z,77.0,Charge 4
2021-06-24T20:40:22Z,79.0,Charge 4
2021-06-24T20:40:27Z,76.0,Charge 4
2021-06-24T20:40:32Z,73.0,Charge 4
2021-06-24T20:40:37Z,73.0,Charge 4
2021-06-24T20:40:47Z,75.0,Charge 4
2021-06-24T20:40:52Z,76.0,Charge 4
2021-06-24T20:41:02Z,77.0,Charge 4
2021-06-24T20:41:07Z,80.0,Charge 4
2021-06-24T20:41:17Z,77.0,Charge 4
2021-06-24T20:41:22Z,76.0,Charge 4
2021-06-24T20:41:27Z,80.0,Charge 4
2021-06-24T20:41:32Z,81.0,Charge 4
2021-06-24T20:41:37Z,79.0,Charge 4
2021-06-24T20:41:52Z,78.0,Charge 4
2021-06-24T20:42:02Z,79.0,Charge 4
2021-06-24T20:42:12Z,78.0,Charge 4
2021-06-24T20:42:17Z,78.0,Charge 4
2021-06-24T20:42:32Z,78.0,Charge 4
2021-06-24T20:42:37Z,80.0,Charge 4
2021-06-24T20:42:42Z,81.0,Charge 4
2021-06-24T20:42:47Z,81.0,Charge 4
2021-06-24T20:42:52Z,80.0,Charge 4
2021-06-24T20:42:57Z,78.0,Charge 4
2021-06-24T20:43:02Z,76.0,Charge 4
2021-06-24T20:43:07Z,75.0,Charge 4
2021-06-24T20:43:12Z,74.0,Charge 4
2021-06-24T20:43:17Z,73.0,Charge 4
2021-06-24T20:43:22Z,72.0,Charge 4
2021-06-24T20:43:32Z,72.0,Charge 4
2021-06-24T20:43:37Z,72.0,Charge 4
2021-06-24T20:43:42Z,71.0,Charge 4
2021-06-24T20:43:47Z,71.0,Charge 4
2021-06-24T20:43:52Z,72.0,Charge 4
2021-06-24T20:43:57Z,73.0,Charge 4
2021-06-24T20:44:02Z,74.0,Charge 4
2021-06-24T20:44:07Z,74.0,Charge 4
2021-06-24T20:44:17Z,75.0,Charge 4
2021-06-24T20:44:22Z,77.0,Charge 4
2021-06-24T20:44:27Z,80.0,Charge 4
2021-06-24T20:44:32Z,82.0,Charge 4
2021-06-24T20:44:42Z,79.0,Charge 4
2021-06-24T20:44:47Z,76.0,Charge 4
2021-06-24T20:44:52Z,74.0,Charge 4
2021-06-24T20:45:02Z,73.0,Charge 4
2021-06-24T20:45:17Z,73.0,Charge 4
2021-06-24T20:45:32Z,73.0,Charge 4
2021-06-24T20:45:42Z,74.0,Charge 4
2021-06-24T20:45:48Z,74.0,Charge 4
2021-06-24T20:45:58Z,73.0,Charge 4
2021-06-24T20:46:03Z,72.0,Charge 4
2021-06-24T20:46:18Z,72.0,Charge 4
2021-06-24T20:46:28Z,73.0,Charge 4
2021-06-24T20:46:33Z,74.0,Charge 4
2021-06-24T20:46:38Z,76.0,Charge 4
2021-06-24T20:46:43Z,78.0,Charge 4
2021-06-24T20:46:48Z,77.0,Charge 4
2021-06-24T20:46:53Z,75.0,Charge 4
2021-06-24T20:46:58Z,74.0,Charge 4
2021-06-24T20:47:03Z,73.0,Charge 4
2021-06-24T20:47:13Z,72.0,Charge 4
2021-06-24T20:47:23Z,71.0,Charge 4
2021-06-24T20:47:33Z,72.0,Charge 4
2021-06-24T20:47:43Z,73.0,Charge 4
2021-06-24T20:47:48Z,75.0,Charge 4
2021-06-24T20:47:53Z,77.0,Charge 4
2021-06-24T20:47:58Z,80.0,Charge 4
2021-06-24T20:48:03Z,81.0,Charge 4
2021-06-24T20:48:08Z,79.0,Charge 4
2021-06-24T20:48:13Z,74.0,Charge 4
2021-06-24T20:48:18Z,72.0,Charge 4
2021-06-24T20:48:23Z,71.0,Charge 4
2021-06-24T20:48:38Z,72.0,Charge 4
2021-06-24T20:48:43Z,71.0,Charge 4
2021-06-24T20:48:53Z,72.0,Charge 4
2021-06-24T20:48:58Z,72.0,Charge 4
2021-06-24T20:49:03Z,71.0,Charge 4
2021-06-24T20:49:13Z,73.0,Charge 4
2021-06-24T20:49:23Z,72.0,Charge 4
2021-06-24T20:49:33Z,71.0,Charge 4
2021-06-24T20:49:43Z,71.0,Charge 4
2021-06-24T20:49:48Z,72.0,Charge 4
2021-06-24T20:49:53Z,73.0,Charge 4
2021-06-24T20:50:03Z,73.0,Charge 4
2021-06-24T20:50:13Z,74.0,Charge 4
2021-06-24T20:50:18Z,76.0,Charge 4
2021-06-24T20:50:23Z,77.0,Charge 4
2021-06-24T20:50:28Z,77.0,Charge 4
2021-06-24T20:50:38Z,76.0,Charge 4
2021-06-24T20:50:43Z,76.0,Charge 4
2021-06-24T20:50:48Z,75.0,Charge 4
2021-06-24T20:51:03Z,73.0,Charge 4
2021-06-24T20:51:08Z,73.0,Charge 4
2021-06-24T20:51:13Z,74.0,Charge 4
2021-06-24T20:51:18Z,75.0,Charge 4
2021-06-24T20:51:28Z,75.0,Charge 4
2021-06-24T20:51:43Z,76.0,Charge 4
2021-06-24T20:51:53Z,78.0,Charge 4
2021-06-24T20:51:58Z,83.0,Charge 4
2021-06-24T20:52:03Z,86.0,Charge 4
2021-06-24T20:52:08Z,93.0,Charge 4
2021-06-24T20:52:13Z,97.0,Charge 4
2021-06-24T20:52:19Z,99.0,Charge 4
2021-06-24T20:52:29Z,98.0,Charge 4
2021-06-24T20:52:34Z,97.0,Charge 4
2021-06-24T20:52:39Z,98.0,Charge 4
2021-06-24T20:52:54Z,99.0,Charge 4
2021-06-24T20:52:59Z,103.0,Charge 4
2021-06-24T20:53:04Z,99.0,Charge 4
2021-06-24T20:53:09Z,95.0,Charge 4
2021-06-24T20:53:24Z,95.0,Charge 4
2021-06-24T20:53:34Z,93.0,Charge 4
2021-06-24T20:53:49Z,92.0,Charge 4
2021-06-24T20:53:54Z,91.0,Charge 4
2021-06-24T20:54:04Z,92.0,Charge 4
2021-06-24T20:54:14Z,93.0,Charge 4
2021-06-24T20:54:24Z,88.0,Charge 4
2021-06-24T20:54:29Z,85.0,Charge 4
2021-06-24T20:54:39Z,84.0,Charge 4
2021-06-24T20:54:44Z,82.0,Charge 4
2021-06-24T20:54:49Z,80.0,Charge 4
2021-06-24T20:54:54Z,79.0,Charge 4
2021-06-24T20:54:59Z,78.0,Charge 4
2021-06-24T20:55:04Z,77.0,Charge 4
2021-06-24T20:55:09Z,76.0,Charge 4
2021-06-24T20:55:24Z,76.0,Charge 4
2021-06-24T20:55:29Z,75.0,Charge 4
2021-06-24T20:55:44Z,75.0,Charge 4
2021-06-24T20:55:45Z,77.0,Charge 4
2021-06-24T20:55:50Z,79.0,Charge 4
2021-06-24T20:55:55Z,81.0,Charge 4
2021-06-24T20:56:00Z,82.0,Charge 4
2021-06-24T20:56:05Z,80.0,Charge 4
2021-06-24T20:56:15Z,81.0,Charge 4
2021-06-24T20:56:20Z,78.0,Charge 4
2021-06-24T20:56:25Z,74.0,Charge 4
2021-06-24T20:56:30Z,73.0,Charge 4
2021-06-24T20:56:40Z,74.0,Charge 4
2021-06-24T20:56:45Z,73.0,Charge 4
2021-06-24T20:56:50Z,72.0,Charge 4
2021-06-24T20:56:55Z,70.0,Charge 4
2021-06-24T20:57:00Z,71.0,Charge 4
2021-06-24T20:57:05Z,71.0,Charge 4
2021-06-24T20:57:15Z,74.0,Charge 4
2021-06-24T20:57:30Z,73.0,Charge 4
2021-06-24T20:57:35Z,72.0,Charge 4
2021-06-24T20:57:50Z,72.0,Charge 4
2021-06-24T20:57:55Z,73.0,Charge 4
2021-06-24T20:58:00Z,75.0,Charge 4
2021-06-24T20:58:05Z,74.0,Charge 4
2021-06-24T20:58:10Z,73.0,Charge 4
2021-06-24T20:58:15Z,73.0,Charge 4
2021-06-24T20:58:30Z,73.0,Charge 4
2021-06-24T20:58:40Z,74.0,Charge 4
2021-06-24T20:58:50Z,75.0,Charge 4
2021-06-24T20:58:55Z,76.0,Charge 4
2021-06-24T20:59:00Z,75.0,Charge 4
2021-06-24T20:59:10Z,76.0,Charge 4
2021-06-24T20:59:15Z,77.0,Charge 4
2021-06-24T20:59:25Z,78.0,Charge 4
2021-06-24T20:59:35Z,77.0,Charge 4
2021-06-24T20:59:40Z,76.0,Charge 4
2021-06-24T20:59:55Z,76.0,Charge 4
2021-06-24T21:00:00Z,77.0,Charge 4
2021-06-24T21:00:15Z,77.0,Charge 4
2021-06-24T21:00:20Z,78.0,Charge 4
2021-06-24T21:00:35Z,78.0,Charge 4
2021-06-24T21:00:40Z,76.0,Charge 4
2021-06-24T21:00:45Z,75.0,Charge 4
2021-06-24T21:00:50Z,74.0,Charge 4
2021-06-24T21:00:55Z,75.0,Charge 4
2021-06-24T21:01:05Z,73.0,Charge 4
2021-06-24T21:01:10Z,72.0,Charge 4
2021-06-24T21:01:20Z,73.0,Charge 4
2021-06-24T21:01:25Z,72.0,Charge 4
2021-06-24T21:01:30Z,73.0,Charge 4
2021-06-24T21:01:35Z,75.0,Charge 4
2021-06-24T21:01:45Z,76.0,Charge 4
2021-06-24T21:01:50Z,77.0,Charge 4
2021-06-24T21:01:55Z,74.0,Charge 4
2021-06-24T21:02:10Z,74.0,Charge 4
2021-06-24T21:02:11Z,75.0,Charge 4
2021-06-24T21:02:16Z,76.0,Charge 4
2021-06-24T21:02:21Z,74.0,Charge 4
2021-06-24T21:02:26Z,72.0,Charge 4
2021-06-24T21:02:41Z,71.0,Charge 4
2021-06-24T21:02:46Z,71.0,Charge 4
2021-06-24T21:03:01Z,72.0,Charge 4
2021-06-24T21:03:06Z,73.0,Charge 4
2021-06-24T21:03:11Z,73.0,Charge 4
2021-06-24T21:03:16Z,74.0,Charge 4
2021-06-24T21:03:21Z,75.0,Charge 4
2021-06-24T21:03:26Z,78.0,Charge 4
2021-06-24T21:03:31Z,79.0,Charge 4
2021-06-24T21:03:36Z,78.0,Charge 4
2021-06-24T21:03:41Z,79.0,Charge 4
2021-06-24T21:03:46Z,78.0,Charge 4
2021-06-24T21:03:51Z,76.0,Charge 4
2021-06-24T21:04:06Z,76.0,Charge 4
2021-06-24T21:04:11Z,75.0,Charge 4
2021-06-24T21:04:16Z,73.0,Charge 4
2021-06-24T21:04:26Z,74.0,Charge 4
2021-06-24T21:04:31Z,75.0,Charge 4
2021-06-24T21:04:41Z,74.0,Charge 4
2021-06-24T21:04:56Z,75.0,Charge 4
2021-06-24T21:05:01Z,76.0,Charge 4
2021-06-24T21:05:06Z,78.0,Charge 4
2021-06-24T21:05:11Z,77.0,Charge 4
2021-06-24T21:05:16Z,76.0,Charge 4
2021-06-24T21:05:21Z,75.0,Charge 4
2021-06-24T21:05:26Z,74.0,Charge 4
2021-06-24T21:05:31Z,75.0,Charge 4
2021-06-24T21:05:41Z,76.0,Charge 4
2021-06-24T21:05:46Z,75.0,Charge 4
2021-06-24T21:05:56Z,74.0,Charge 4
2021-06-24T21:06:01Z,73.0,Charge 4
2021-06-24T21:06:06Z,73.0,Charge 4
2021-06-24T21:06:11Z,72.0,Charge 4
2021-06-24T21:06:26Z,72.0,Charge 4
2021-06-24T21:06:31Z,74.0,Charge 4
2021-06-24T21:06:41Z,73.0,Charge 4
2021-06-24T21:06:51Z,74.0,Charge 4
2021-06-24T21:06:56Z,75.0,Charge 4
2021-06-24T21:07:01Z,76.0,Charge 4
2021-06-24T21:07:06Z,78.0,Charge 4
2021-06-24T21:07:16Z,80.0,Charge 4
2021-06-24T21:07:21Z,79.0,Charge 4
2021-06-24T21:07:26Z,77.0,Charge 4
2021-06-24T21:07:31Z,75.0,Charge 4
2021-06-24T21:07:41Z,76.0,Charge 4
2021-06-24T21:07:46Z,77.0,Charge 4
2021-06-24T21:07:51Z,78.0,Charge 4
2021-06-24T21:07:56Z,77.0,Charge 4
2021-06-24T21:08:06Z,76.0,Charge 4
2021-06-24T21:08:13Z,75.0,Charge 4
2021-06-24T21:08:18Z,73.0,Charge 4
2021-06-24T21:08:28Z,74.0,Charge 4
2021-06-24T21:08:33Z,73.0,Charge 4
2021-06-24T21:08:43Z,74.0,Charge 4
2021-06-24T21:08:48Z,76.0,Charge 4
2021-06-24T21:08:53Z,83.0,Charge 4
2021-06-24T21:08:58Z,85.0,Charge 4
2021-06-24T21:09:03Z,83.0,Charge 4
2021-06-24T21:09:18Z,83.0,Charge 4
2021-06-24T21:09:23Z,82.0,Charge 4
2021-06-24T21:09:28Z,80.0,Charge 4
2021-06-24T21:09:33Z,79.0,Charge 4
2021-06-24T21:09:38Z,77.0,Charge 4
2021-06-24T21:09:43Z,76.0,Charge 4
2021-06-24T21:09:58Z,76.0,Charge 4
2021-06-24T21:10:03Z,78.0,Charge 4
2021-06-24T21:10:08Z,87.0,Charge 4
2021-06-24T21:10:13Z,87.0,Charge 4
2021-06-24T21:10:18Z,86.0,Charge 4
2021-06-24T21:10:23Z,86.0,Charge 4
2021-06-24T21:10:28Z,85.0,Charge 4
2021-06-24T21:10:38Z,85.0,Charge 4
2021-06-24T21:10:43Z,83.0,Charge 4
2021-06-24T21:10:53Z,83.0,Charge 4
2021-06-24T21:10:58Z,81.0,Charge 4
2021-06-24T21:11:07Z,78.0,Charge 4
2021-06-24T21:11:12Z,77.0,Charge 4
2021-06-24T21:11:17Z,76.0,Charge 4
2021-06-24T21:11:22Z,75.0,Charge 4
2021-06-24T21:11:37Z,77.0,Charge 4
2021-06-24T21:11:42Z,79.0,Charge 4
2021-06-24T21:11:47Z,77.0,Charge 4
2021-06-24T21:11:52Z,76.0,Charge 4
2021-06-24T21:11:57Z,74.0,Charge 4
2021-06-24T21:12:07Z,73.0,Charge 4
2021-06-24T21:12:12Z,72.0,Charge 4
2021-06-24T21:12:27Z,74.0,Charge 4
2021-06-24T21:12:32Z,76.0,Charge 4
2021-06-24T21:12:37Z,76.0,Charge 4
2021-06-24T21:12:42Z,74.0,Charge 4
2021-06-24T21:12:52Z,75.0,Charge 4
2021-06-24T21:13:02Z,75.0,Charge 4
2021-06-24T21:13:17Z,75.0,Charge 4
2021-06-24T21:13:22Z,75.0,Charge 4
2021-06-24T21:13:27Z,77.0,Charge 4
2021-06-24T21:13:32Z,76.0,Charge 4
2021-06-24T21:13:37Z,75.0,Charge 4
2021-06-24T21:13:42Z,76.0,Charge 4
2021-06-24T21:13:47Z,74.0,Charge 4
2021-06-24T21:14:02Z,74.0,Charge 4
2021-06-24T21:14:07Z,75.0,Charge 4
2021-06-24T21:14:12Z,76.0,Charge 4
2021-06-24T21:14:17Z,76.0,Charge 4
2021-06-24T21:14:32Z,76.0,Charge 4
2021-06-24T21:14:47Z,76.0,Charge 4
2021-06-24T21:15:02Z,75.0,Charge 4
2021-06-24T21:15:17Z,75.0,Charge 4
2021-06-24T21:15:32Z,75.0,Charge 4
2021-06-24T21:15:37Z,74.0,Charge 4
2021-06-24T21:15:42Z,73.0,Charge 4
2021-06-24T21:15:52Z,75.0,Charge 4
2021-06-24T21:15:57Z,78.0,Charge 4
2021-06-24T21:16:02Z,81.0,Charge 4
2021-06-24T21:16:07Z,83.0,Charge 4
2021-06-24T21:16:12Z,82.0,Charge 4
2021-06-24T21:16:17Z,79.0,Charge 4
2021-06-24T21:16:22Z,76.0,Charge 4
2021-06-24T21:16:27Z,75.0,Charge 4
2021-06-24T21:16:32Z,77.0,Charge 4
2021-06-24T21:16:37Z,79.0,Charge 4
2021-06-24T21:16:47Z,77.0,Charge 4
2021-06-24T21:16:52Z,76.0,Charge 4
2021-06-24T21:17:02Z,76.0,Charge 4
2021-06-24T21:17:12Z,77.0,Charge 4
2021-06-24T21:17:22Z,75.0,Charge 4
2021-06-24T21:17:27Z,74.0,Charge 4
2021-06-24T21:17:37Z,73.0,Charge 4
2021-06-24T21:17:47Z,71.0,Charge 4
2021-06-24T21:18:02Z,73.0,Charge 4
2021-06-24T21:18:07Z,74.0,Charge 4
2021-06-24T21:18:12Z,75.0,Charge 4
2021-06-24T21:18:27Z,76.0,Charge 4
2021-06-24T21:18:37Z,77.0,Charge 4
2021-06-24T21:18:42Z,76.0,Charge 4
2021-06-24T21:18:47Z,75.0,Charge 4
2021-06-24T21:19:02Z,75.0,Charge 4
2021-06-24T21:19:17Z,75.0,Charge 4
2021-06-24T21:19:22Z,75.0,Charge 4
2021-06-24T21:19:27Z,76.0,Charge 4
2021-06-24T21:19:32Z,78.0,Charge 4
2021-06-24T21:19:47Z,78.0,Charge 4
2021-06-24T21:21:58Z,75.0,Charge 4
2021-06-24T21:22:13Z,75.0,Charge 4
2021-06-24T21:22:23Z,76.0,Charge 4
2021-06-24T21:22:28Z,77.0,Charge 4
2021-06-24T21:22:33Z,78.0,Charge 4
2021-06-24T21:22:48Z,77.0,Charge 4
2021-06-24T21:23:03Z,77.0,Charge 4
2021-06-24T21:23:13Z,78.0,Charge 4
2021-06-24T21:23:23Z,78.0,Charge 4
2021-06-24T21:23:28Z,77.0,Charge 4
2021-06-24T21:23:38Z,80.0,Charge 4
2021-06-24T21:23:43Z,83.0,Charge 4
2021-06-24T21:23:58Z,82.0,Charge 4
2021-06-24T21:24:03Z,79.0,Charge 4
2021-06-24T21:24:08Z,78.0,Charge 4
2021-06-24T21:24:13Z,77.0,Charge 4
2021-06-24T21:24:18Z,78.0,Charge 4
2021-06-24T21:24:23Z,79.0,Charge 4
2021-06-24T21:24:28Z,80.0,Charge 4
2021-06-24T21:24:38Z,79.0,Charge 4
2021-06-24T21:24:48Z,80.0,Charge 4
2021-06-24T21:24:58Z,81.0,Charge 4
2021-06-24T21:25:03Z,78.0,Charge 4
2021-06-24T21:25:08Z,76.0,Charge 4
2021-06-24T21:25:13Z,75.0,Charge 4
2021-06-24T21:25:23Z,76.0,Charge 4
2021-06-24T21:25:28Z,77.0,Charge 4
2021-06-24T21:25:36Z,77.0,Charge 4
2021-06-24T21:25:46Z,76.0,Charge 4
2021-06-24T21:25:56Z,77.0,Charge 4
2021-06-24T21:26:01Z,78.0,Charge 4
2021-06-24T21:26:06Z,78.0,Charge 4
2021-06-24T21:26:16Z,82.0,Charge 4
2021-06-24T21:26:21Z,80.0,Charge 4
2021-06-24T21:26:26Z,76.0,Charge 4
2021-06-24T21:26:31Z,75.0,Charge 4
2021-06-24T21:26:36Z,74.0,Charge 4
2021-06-24T21:26:41Z,76.0,Charge 4
2021-06-24T21:26:46Z,75.0,Charge 4
2021-06-24T21:26:51Z,73.0,Charge 4
2021-06-24T21:27:01Z,76.0,Charge 4
2021-06-24T21:27:06Z,78.0,Charge 4
2021-06-24T21:27:11Z,81.0,Charge 4
2021-06-24T21:27:16Z,80.0,Charge 4
2021-06-24T21:27:21Z,79.0,Charge 4
2021-06-24T21:27:26Z,78.0,Charge 4
2021-06-24T21:27:31Z,77.0,Charge 4
2021-06-24T21:27:46Z,76.0,Charge 4
2021-06-24T21:27:51Z,77.0,Charge 4
2021-06-24T21:27:56Z,76.0,Charge 4
2021-06-24T21:28:01Z,75.0,Charge 4
2021-06-24T21:28:06Z,74.0,Charge 4
2021-06-24T21:28:11Z,75.0,Charge 4
2021-06-24T21:28:16Z,76.0,Charge 4
2021-06-24T21:28:21Z,77.0,Charge 4
2021-06-24T21:28:26Z,79.0,Charge 4
2021-06-24T21:28:31Z,80.0,Charge 4
2021-06-24T21:28:41Z,81.0,Charge 4
2021-06-24T21:28:46Z,80.0,Charge 4
2021-06-24T21:28:51Z,79.0,Charge 4
2021-06-24T21:28:56Z,77.0,Charge 4
2021-06-24T21:29:01Z,76.0,Charge 4
2021-06-24T21:29:06Z,75.0,Charge 4
2021-06-24T21:29:11Z,76.0,Charge 4
2021-06-24T21:29:21Z,77.0,Charge 4
2021-06-24T21:29:31Z,78.0,Charge 4
2021-06-24T21:29:46Z,78.0,Charge 4
2021-06-24T21:30:01Z,79.0,Charge 4
2021-06-24T21:30:16Z,78.0,Charge 4
2021-06-24T21:30:21Z,79.0,Charge 4
2021-06-24T21:30:26Z,81.0,Charge 4
2021-06-24T21:30:31Z,80.0,Charge 4
2021-06-24T21:30:36Z,79.0,Charge 4
2021-06-24T21:30:46Z,80.0,Charge 4
2021-06-24T21:31:01Z,81.0,Charge 4
2021-06-24T21:31:06Z,80.0,Charge 4
2021-06-24T21:31:11Z,79.0,Charge 4
2021-06-24T21:31:16Z,78.0,Charge 4
2021-06-24T21:31:21Z,76.0,Charge 4
2021-06-24T21:31:31Z,74.0,Charge 4
2021-06-24T21:31:36Z,73.0,Charge 4
2021-06-24T21:31:41Z,72.0,Charge 4
2021-06-24T21:31:46Z,71.0,Charge 4
2021-06-24T21:31:51Z,72.0,Charge 4
2021-06-24T21:32:06Z,72.0,Charge 4
2021-06-24T21:32:11Z,73.0,Charge 4
2021-06-24T21:32:16Z,75.0,Charge 4
2021-06-24T21:32:21Z,76.0,Charge 4
2021-06-24T21:32:36Z,80.0,Charge 4
2021-06-24T21:32:41Z,83.0,Charge 4
2021-06-24T21:32:51Z,84.0,Charge 4
2021-06-24T21:32:56Z,88.0,Charge 4
2021-06-24T21:33:01Z,88.0,Charge 4
2021-06-24T21:33:06Z,87.0,Charge 4
2021-06-24T21:33:11Z,86.0,Charge 4
2021-06-24T21:33:21Z,87.0,Charge 4
2021-06-24T21:33:26Z,88.0,Charge 4
2021-06-24T21:33:31Z,86.0,Charge 4
2021-06-24T21:33:36Z,81.0,Charge 4
2021-06-24T21:33:41Z,79.0,Charge 4
2021-06-24T21:33:51Z,80.0,Charge 4
2021-06-24T21:33:56Z,79.0,Charge 4
2021-06-24T21:34:11Z,79.0,Charge 4
2021-06-24T21:34:16Z,78.0,Charge 4
2021-06-24T21:34:26Z,77.0,Charge 4
2021-06-24T21:34:31Z,75.0,Charge 4
2021-06-24T21:34:36Z,76.0,Charge 4
2021-06-24T21:34:51Z,76.0,Charge 4
2021-06-24T21:34:52Z,76.0,Charge 4
2021-06-24T21:34:57Z,76.0,Charge 4
2021-06-24T21:35:02Z,77.0,Charge 4
2021-06-24T21:35:07Z,78.0,Charge 4
2021-06-24T21:35:22Z,78.0,Charge 4
2021-06-24T21:35:27Z,79.0,Charge 4
2021-06-24T21:35:32Z,80.0,Charge 4
2021-06-24T21:35:47Z,80.0,Charge 4
2021-06-24T21:35:57Z,81.0,Charge 4
2021-06-24T21:36:07Z,79.0,Charge 4
2021-06-24T21:36:12Z,78.0,Charge 4
2021-06-24T21:36:27Z,76.0,Charge 4
2021-06-24T21:36:32Z,75.0,Charge 4
2021-06-24T21:36:37Z,76.0,Charge 4
2021-06-24T21:36:42Z,79.0,Charge 4
2021-06-24T21:36:47Z,81.0,Charge 4
2021-06-24T21:36:52Z,81.0,Charge 4
2021-06-24T21:36:57Z,82.0,Charge 4
2021-06-24T21:37:07Z,81.0,Charge 4
2021-06-24T21:37:12Z,78.0,Charge 4
2021-06-24T21:37:17Z,77.0,Charge 4
2021-06-24T21:37:27Z,78.0,Charge 4
2021-06-24T21:37:32Z,77.0,Charge 4
2021-06-24T21:37:37Z,78.0,Charge 4
2021-06-24T21:37:42Z,79.0,Charge 4
2021-06-24T21:37:47Z,78.0,Charge 4
2021-06-24T21:38:02Z,78.0,Charge 4
2021-06-24T21:38:07Z,79.0,Charge 4
2021-06-24T21:38:22Z,78.0,Charge 4
2021-06-24T21:38:27Z,77.0,Charge 4
2021-06-24T21:38:32Z,75.0,Charge 4
2021-06-24T21:38:37Z,74.0,Charge 4
2021-06-24T21:38:52Z,74.0,Charge 4
2021-06-24T21:38:57Z,75.0,Charge 4
2021-06-24T21:39:07Z,74.0,Charge 4
2021-06-24T21:39:22Z,75.0,Charge 4
2021-06-24T21:39:37Z,76.0,Charge 4
2021-06-24T21:39:52Z,76.0,Charge 4
2021-06-24T21:40:02Z,75.0,Charge 4
2021-06-24T21:40:07Z,75.0,Charge 4
2021-06-24T21:40:22Z,75.0,Charge 4
2021-06-24T21:40:37Z,76.0,Charge 4
2021-06-24T21:42:05Z,79.0,Charge 4
2021-06-24T21:42:20Z,78.0,Charge 4
2021-06-24T21:42:25Z,77.0,Charge 4
2021-06-24T21:42:30Z,77.0,Charge 4
2021-06-24T21:42:35Z,78.0,Charge 4
2021-06-24T21:42:40Z,78.0,Charge 4
2021-06-24T21:42:45Z,79.0,Charge 4
2021-06-24T21:42:55Z,78.0,Charge 4
2021-06-24T21:43:00Z,76.0,Charge 4
2021-06-24T21:43:15Z,77.0,Charge 4
2021-06-24T21:43:20Z,78.0,Charge 4
2021-06-24T21:43:35Z,78.0,Charge 4
2021-06-24T21:43:40Z,77.0,Charge 4
2021-06-24T21:43:45Z,75.0,Charge 4
2021-06-24T21:43:50Z,74.0,Charge 4
2021-06-24T21:44:00Z,73.0,Charge 4
2021-06-24T21:44:05Z,74.0,Charge 4
2021-06-24T21:44:10Z,74.0,Charge 4
2021-06-24T21:44:15Z,75.0,Charge 4
2021-06-24T21:44:20Z,76.0,Charge 4
2021-06-24T21:44:30Z,76.0,Charge 4
2021-06-24T21:44:40Z,77.0,Charge 4
2021-06-24T21:44:45Z,77.0,Charge 4
2021-06-24T21:45:00Z,77.0,Charge 4
2021-06-24T21:45:15Z,76.0,Charge 4
2021-06-24T21:45:20Z,76.0,Charge 4
2021-06-24T21:45:25Z,75.0,Charge 4
2021-06-24T21:45:30Z,74.0,Charge 4
2021-06-24T21:45:35Z,72.0,Charge 4
2021-06-24T21:45:45Z,73.0,Charge 4
2021-06-24T21:46:00Z,74.0,Charge 4
2021-06-24T21:46:05Z,75.0,Charge 4
2021-06-24T21:46:20Z,76.0,Charge 4
2021-06-24T21:46:30Z,75.0,Charge 4
2021-06-24T21:46:40Z,76.0,Charge 4
2021-06-24T21:46:50Z,77.0,Charge 4
2021-06-24T21:46:55Z,78.0,Charge 4
2021-06-24T21:47:00Z,80.0,Charge 4
2021-06-24T21:47:05Z,80.0,Charge 4
2021-06-24T21:47:10Z,78.0,Charge 4
2021-06-24T21:47:15Z,76.0,Charge 4
2021-06-24T21:47:20Z,75.0,Charge 4
2021-06-24T21:47:35Z,75.0,Charge 4
2021-06-24T21:47:40Z,76.0,Charge 4
2021-06-24T21:47:45Z,77.0,Charge 4
2021-06-24T21:47:55Z,77.0,Charge 4
2021-06-24T21:48:00Z,74.0,Charge 4
2021-06-24T21:48:05Z,73.0,Charge 4
2021-06-24T21:48:20Z,75.0,Charge 4
2021-06-24T21:48:25Z,76.0,Charge 4
2021-06-24T21:48:40Z,76.0,Charge 4
2021-06-24T21:48:55Z,76.0,Charge 4
2021-06-24T21:49:05Z,78.0,Charge 4
2021-06-24T21:49:10Z,79.0,Charge 4
2021-06-24T21:49:15Z,80.0,Charge 4
2021-06-24T21:49:20Z,78.0,Charge 4
2021-06-24T21:49:30Z,79.0,Charge 4
2021-06-24T21:49:35Z,80.0,Charge 4
2021-06-24T21:49:45Z,79.0,Charge 4
2021-06-24T21:49:50Z,78.0,Charge 4
2021-06-24T21:49:55Z,78.0,Charge 4
2021-06-24T21:50:10Z,76.0,Charge 4
2021-06-24T21:50:25Z,76.0,Charge 4
2021-06-24T21:50:30Z,76.0,Charge 4
2021-06-24T21:50:45Z,76.0,Charge 4
2021-06-24T21:50:55Z,81.0,Charge 4
2021-06-24T21:51:00Z,83.0,Charge 4
2021-06-24T21:51:05Z,84.0,Charge 4
2021-06-24T21:51:10Z,85.0,Charge 4
2021-06-24T21:51:20Z,84.0,Charge 4
2021-06-24T21:51:30Z,86.0,Charge 4
2021-06-24T21:51:35Z,87.0,Charge 4
2021-06-24T21:51:50Z,87.0,Charge 4
2021-06-24T21:52:05Z,87.0,Charge 4
2021-06-24T21:52:10Z,85.0,Charge 4
2021-06-24T21:52:15Z,81.0,Charge 4
2021-06-24T21:52:20Z,80.0,Charge 4
2021-06-24T21:52:25Z,81.0,Charge 4
2021-06-24T21:52:30Z,82.0,Charge 4
2021-06-24T21:52:45Z,82.0,Charge 4
2021-06-24T21:53:00Z,82.0,Charge 4
2021-06-24T21:53:01Z,88.0,Charge 4
2021-06-24T21:53:06Z,90.0,Charge 4
2021-06-24T21:53:16Z,88.0,Charge 4
2021-06-24T21:53:21Z,85.0,Charge 4
2021-06-24T21:53:26Z,83.0,Charge 4
2021-06-24T21:53:31Z,81.0,Charge 4
2021-06-24T21:53:41Z,80.0,Charge 4
2021-06-24T21:53:51Z,81.0,Charge 4
2021-06-24T21:53:56Z,82.0,Charge 4
2021-06-24T21:54:01Z,83.0,Charge 4
2021-06-24T21:54:16Z,83.0,Charge 4
2021-06-24T21:54:21Z,82.0,Charge 4
2021-06-24T21:54:26Z,80.0,Charge 4
2021-06-24T21:54:31Z,81.0,Charge 4
2021-06-24T21:54:46Z,82.0,Charge 4
2021-06-24T21:54:51Z,83.0,Charge 4
2021-06-24T21:55:06Z,84.0,Charge 4
2021-06-24T21:55:11Z,85.0,Charge 4
2021-06-24T21:55:26Z,84.0,Charge 4
2021-06-24T21:55:31Z,82.0,Charge 4
2021-06-24T21:55:36Z,81.0,Charge 4
2021-06-24T21:55:46Z,82.0,Charge 4
2021-06-24T21:55:51Z,83.0,Charge 4
2021-06-24T21:55:56Z,84.0,Charge 4
2021-06-24T21:56:06Z,84.0,Charge 4
2021-06-24T21:56:11Z,85.0,Charge 4
2021-06-24T21:56:16Z,84.0,Charge 4
2021-06-24T21:56:21Z,84.0,Charge 4
2021-06-24T21:56:36Z,84.0,Charge 4
2021-06-24T21:56:41Z,83.0,Charge 4
2021-06-24T21:56:56Z,85.0,Charge 4
2021-06-24T21:57:01Z,86.0,Charge 4
2021-06-24T21:57:06Z,87.0,Charge 4
2021-06-24T21:57:16Z,88.0,Charge 4
2021-06-24T21:57:21Z,89.0,Charge 4
2021-06-24T21:57:26Z,90.0,Charge 4
2021-06-24T21:57:31Z,93.0,Charge 4
2021-06-24T21:57:41Z,94.0,Charge 4
2021-06-24T21:57:51Z,95.0,Charge 4
2021-06-24T21:58:06Z,95.0,Charge 4
2021-06-24T21:58:16Z,96.0,Charge 4
2021-06-24T21:58:31Z,96.0,Charge 4
2021-06-24T21:58:41Z,96.0,Charge 4
2021-06-24T21:58:46Z,96.0,Charge 4
2021-06-24T21:58:51Z,96.0,Charge 4
2021-06-24T21:59:06Z,96.0,Charge 4
2021-06-24T21:59:11Z,96.0,Charge 4
2021-06-24T21:59:16Z,97.0,Charge 4
2021-06-24T21:59:21Z,101.0,Charge 4
2021-06-24T21:59:26Z,102.0,Charge 4
2021-06-24T21:59:31Z,102.0,Charge 4
2021-06-24T21:59:46Z,102.0,Charge 4
2021-06-24T21:59:51Z,100.0,Charge 4
2021-06-24T21:59:56Z,98.0,Charge 4
2021-06-24T22:00:01Z,98.0,Charge 4
2021-06-24T22:00:06Z,98.0,Charge 4
2021-06-24T22:00:11Z,97.0,Charge 4
2021-06-24T22:00:16Z,97.0,Charge 4
2021-06-24T22:00:21Z,98.0,Charge 4
2021-06-24T22:00:26Z,99.0,Charge 4
2021-06-24T22:00:31Z,98.0,Charge 4
2021-06-24T22:00:36Z,97.0,Charge 4
2021-06-24T22:00:41Z,94.0,Charge 4
2021-06-24T22:00:46Z,91.0,Charge 4
2021-06-24T22:00:51Z,87.0,Charge 4
2021-06-24T22:00:56Z,86.0,Charge 4
2021-06-24T22:01:01Z,83.0,Charge 4
2021-06-24T22:01:16Z,83.0,Charge 4
2021-06-24T22:01:21Z,84.0,Charge 4
2021-06-24T22:01:26Z,88.0,Charge 4
2021-06-24T22:01:31Z,89.0,Charge 4
2021-06-24T22:01:36Z,88.0,Charge 4
2021-06-24T22:01:51Z,88.0,Charge 4
2021-06-24T22:02:01Z,90.0,Charge 4
2021-06-24T22:02:06Z,94.0,Charge 4
2021-06-24T22:02:11Z,95.0,Charge 4
2021-06-24T22:02:16Z,94.0,Charge 4
2021-06-24T22:02:21Z,92.0,Charge 4
2021-06-24T22:02:26Z,90.0,Charge 4
2021-06-24T22:02:31Z,88.0,Charge 4
2021-06-24T22:02:41Z,87.0,Charge 4
2021-06-24T22:02:46Z,86.0,Charge 4
2021-06-24T22:02:51Z,84.0,Charge 4
2021-06-24T22:02:56Z,84.0,Charge 4
2021-06-24T22:03:01Z,83.0,Charge 4
2021-06-24T22:03:11Z,82.0,Charge 4
2021-06-24T22:03:26Z,82.0,Charge 4
2021-06-24T22:03:31Z,81.0,Charge 4
2021-06-24T22:03:36Z,80.0,Charge 4
2021-06-24T22:03:41Z,79.0,Charge 4
2021-06-24T22:03:46Z,78.0,Charge 4
2021-06-24T22:03:56Z,77.0,Charge 4
2021-06-24T22:04:06Z,78.0,Charge 4
2021-06-24T22:04:16Z,79.0,Charge 4
2021-06-24T22:04:26Z,80.0,Charge 4
2021-06-24T22:04:31Z,78.0,Charge 4
2021-06-24T22:04:36Z,77.0,Charge 4
2021-06-24T22:04:41Z,76.0,Charge 4
2021-06-24T22:04:51Z,77.0,Charge 4
2021-06-24T22:05:06Z,77.0,Charge 4
2021-06-24T22:05:11Z,76.0,Charge 4
2021-06-24T22:05:26Z,76.0,Charge 4
2021-06-24T22:05:36Z,76.0,Charge 4
2021-06-24T22:05:51Z,76.0,Charge 4
2021-06-24T22:05:56Z,75.0,Charge 4
2021-06-24T22:06:01Z,75.0,Charge 4
2021-06-24T22:06:06Z,76.0,Charge 4
2021-06-24T22:06:12Z,77.0,Charge 4
2021-06-24T22:06:17Z,76.0,Charge 4
2021-06-24T22:06:22Z,74.0,Charge 4
2021-06-24T22:06:27Z,74.0,Charge 4
2021-06-24T22:06:37Z,75.0,Charge 4
2021-06-24T22:06:42Z,78.0,Charge 4
2021-06-24T22:06:47Z,79.0,Charge 4
2021-06-24T22:06:57Z,77.0,Charge 4
2021-06-24T22:07:12Z,78.0,Charge 4
2021-06-24T22:07:17Z,79.0,Charge 4
2021-06-24T22:07:27Z,78.0,Charge 4
2021-06-24T22:07:42Z,77.0,Charge 4
2021-06-24T22:07:47Z,77.0,Charge 4
2021-06-24T22:07:52Z,78.0,Charge 4
2021-06-24T22:07:57Z,77.0,Charge 4
2021-06-24T22:08:02Z,78.0,Charge 4
2021-06-24T22:08:17Z,79.0,Charge 4
2021-06-24T22:08:22Z,80.0,Charge 4
2021-06-24T22:08:37Z,80.0,Charge 4
2021-06-24T22:08:52Z,79.0,Charge 4
2021-06-24T22:09:02Z,78.0,Charge 4
2021-06-24T22:09:12Z,78.0,Charge 4
2021-06-24T22:09:22Z,79.0,Charge 4
2021-06-24T22:09:27Z,80.0,Charge 4
2021-06-24T22:09:32Z,80.0,Charge 4
2021-06-24T22:09:42Z,79.0,Charge 4
2021-06-24T22:09:47Z,78.0,Charge 4
2021-06-24T22:09:52Z,78.0,Charge 4
2021-06-24T22:10:07Z,75.0,Charge 4
2021-06-24T22:10:12Z,72.0,Charge 4
2021-06-24T22:10:17Z,74.0,Charge 4
2021-06-24T22:10:22Z,76.0,Charge 4
2021-06-24T22:10:27Z,77.0,Charge 4
2021-06-24T22:10:37Z,78.0,Charge 4
2021-06-24T22:10:42Z,76.0,Charge 4
2021-06-24T22:10:47Z,76.0,Charge 4
2021-06-24T22:10:52Z,77.0,Charge 4
2021-06-24T22:10:57Z,78.0,Charge 4
2021-06-24T22:11:02Z,79.0,Charge 4
2021-06-24T22:11:12Z,79.0,Charge 4
2021-06-24T22:11:27Z,79.0,Charge 4
2021-06-24T22:11:42Z,79.0,Charge 4
2021-06-24T22:11:47Z,78.0,Charge 4
2021-06-24T22:11:52Z,79.0,Charge 4
2021-06-24T22:11:57Z,79.0,Charge 4
2021-06-24T22:12:12Z,79.0,Charge 4
2021-06-24T22:12:22Z,79.0,Charge 4
2021-06-24T22:12:27Z,80.0,Charge 4
2021-06-24T22:12:32Z,81.0,Charge 4
2021-06-24T22:12:37Z,81.0,Charge 4
2021-06-24T22:12:42Z,80.0,Charge 4
2021-06-24T22:12:52Z,81.0,Charge 4
2021-06-24T22:13:07Z,81.0,Charge 4
2021-06-24T22:13:22Z,81.0,Charge 4
2021-06-24T22:13:24Z,81.0,Charge 4
2021-06-24T22:13:29Z,83.0,Charge 4
2021-06-24T22:13:34Z,86.0,Charge 4
2021-06-24T22:13:39Z,85.0,Charge 4
2021-06-24T22:13:44Z,82.0,Charge 4
2021-06-24T22:13:49Z,80.0,Charge 4
2021-06-24T22:13:54Z,78.0,Charge 4
2021-06-24T22:13:59Z,79.0,Charge 4
2021-06-24T22:14:14Z,80.0,Charge 4
2021-06-24T22:14:24Z,79.0,Charge 4
2021-06-24T22:14:29Z,78.0,Charge 4
2021-06-24T22:14:34Z,79.0,Charge 4
2021-06-24T22:14:39Z,78.0,Charge 4
2021-06-24T22:14:44Z,79.0,Charge 4
2021-06-24T22:14:54Z,78.0,Charge 4
2021-06-24T22:15:04Z,79.0,Charge 4
2021-06-24T22:15:14Z,79.0,Charge 4
2021-06-24T22:15:29Z,79.0,Charge 4
2021-06-24T22:15:39Z,81.0,Charge 4
2021-06-24T22:15:49Z,79.0,Charge 4
2021-06-24T22:15:59Z,80.0,Charge 4
2021-06-24T22:16:04Z,81.0,Charge 4
2021-06-24T22:16:09Z,82.0,Charge 4
2021-06-24T22:16:19Z,81.0,Charge 4
2021-06-24T22:16:34Z,81.0,Charge 4
2021-06-24T22:16:40Z,80.0,Charge 4
2021-06-24T22:16:45Z,79.0,Charge 4
2021-06-24T22:17:00Z,79.0,Charge 4
2021-06-24T22:17:10Z,80.0,Charge 4
2021-06-24T22:17:20Z,81.0,Charge 4
2021-06-24T22:17:25Z,82.0,Charge 4
2021-06-24T22:17:30Z,82.0,Charge 4
2021-06-24T22:17:35Z,81.0,Charge 4
2021-06-24T22:17:40Z,81.0,Charge 4
2021-06-24T22:17:50Z,81.0,Charge 4
2021-06-24T22:18:05Z,81.0,Charge 4
2021-06-24T22:18:10Z,83.0,Charge 4
2021-06-24T22:18:20Z,85.0,Charge 4
2021-06-24T22:18:25Z,95.0,Charge 4
2021-06-24T22:18:35Z,91.0,Charge 4
2021-06-24T22:18:50Z,91.0,Charge 4
2021-06-24T22:19:05Z,92.0,Charge 4
2021-06-24T22:19:10Z,95.0,Charge 4
2021-06-24T22:19:15Z,96.0,Charge 4
2021-06-24T22:19:30Z,96.0,Charge 4
2021-06-24T22:19:45Z,96.0,Charge 4
2021-06-24T22:19:50Z,98.0,Charge 4
2021-06-24T22:19:55Z,97.0,Charge 4
2021-06-24T22:20:00Z,94.0,Charge 4
2021-06-24T22:20:10Z,92.0,Charge 4
2021-06-24T22:20:15Z,82.0,Charge 4
2021-06-24T22:20:20Z,82.0,Charge 4
2021-06-24T22:20:30Z,85.0,Charge 4
2021-06-24T22:20:35Z,88.0,Charge 4
2021-06-24T22:20:40Z,88.0,Charge 4
2021-06-24T22:20:55Z,88.0,Charge 4
2021-06-24T22:21:00Z,89.0,Charge 4
2021-06-24T22:21:05Z,91.0,Charge 4
2021-06-24T22:21:10Z,89.0,Charge 4
2021-06-24T22:21:15Z,86.0,Charge 4
2021-06-24T22:21:25Z,85.0,Charge 4
2021-06-24T22:21:30Z,85.0,Charge 4
2021-06-24T22:21:40Z,84.0,Charge 4
2021-06-24T22:21:45Z,83.0,Charge 4
2021-06-24T22:21:50Z,82.0,Charge 4
2021-06-24T22:22:05Z,82.0,Charge 4
2021-06-24T22:22:15Z,81.0,Charge 4
2021-06-24T22:22:30Z,80.0,Charge 4
2021-06-24T22:22:35Z,79.0,Charge 4
2021-06-24T22:22:45Z,78.0,Charge 4
2021-06-24T22:22:55Z,77.0,Charge 4
2021-06-24T22:23:10Z,76.0,Charge 4
2021-06-24T22:23:25Z,77.0,Charge 4
2021-06-24T22:23:30Z,76.0,Charge 4
2021-06-24T22:23:35Z,76.0,Charge 4
2021-06-24T22:23:40Z,76.0,Charge 4
2021-06-24T22:23:45Z,76.0,Charge 4
2021-06-24T22:23:50Z,76.0,Charge 4
2021-06-24T22:24:05Z,76.0,Charge 4
2021-06-24T22:24:10Z,75.0,Charge 4
2021-06-24T22:24:25Z,75.0,Charge 4
2021-06-24T22:24:40Z,75.0,Charge 4
2021-06-24T22:24:45Z,74.0,Charge 4
2021-06-24T22:25:00Z,75.0,Charge 4
2021-06-24T22:25:10Z,76.0,Charge 4
2021-06-24T22:25:20Z,77.0,Charge 4
2021-06-24T22:25:25Z,78.0,Charge 4
2021-06-24T22:25:30Z,77.0,Charge 4
2021-06-24T22:25:35Z,75.0,Charge 4
2021-06-24T22:25:45Z,76.0,Charge 4
2021-06-24T22:25:55Z,75.0,Charge 4
2021-06-24T22:26:05Z,76.0,Charge 4
2021-06-24T22:26:10Z,77.0,Charge 4
2021-06-24T22:26:15Z,78.0,Charge 4
2021-06-24T22:26:20Z,79.0,Charge 4
2021-06-24T22:26:25Z,80.0,Charge 4
2021-06-24T22:26:30Z,81.0,Charge 4
2021-06-24T22:26:35Z,82.0,Charge 4
2021-06-24T22:26:50Z,82.0,Charge 4
2021-06-24T22:27:05Z,79.0,Charge 4
2021-06-24T22:27:20Z,80.0,Charge 4
2021-06-24T22:27:35Z,80.0,Charge 4
2021-06-24T22:27:37Z,81.0,Charge 4
2021-06-24T22:27:47Z,79.0,Charge 4
2021-06-24T22:27:52Z,77.0,Charge 4
2021-06-24T22:27:57Z,76.0,Charge 4
2021-06-24T22:28:07Z,77.0,Charge 4
2021-06-24T22:28:12Z,76.0,Charge 4
2021-06-24T22:28:27Z,75.0,Charge 4
2021-06-24T22:28:32Z,74.0,Charge 4
2021-06-24T22:28:42Z,75.0,Charge 4
2021-06-24T22:28:47Z,76.0,Charge 4
2021-06-24T22:28:52Z,75.0,Charge 4
2021-06-24T22:29:02Z,76.0,Charge 4
2021-06-24T22:29:07Z,77.0,Charge 4
2021-06-24T22:29:12Z,78.0,Charge 4
2021-06-24T22:29:27Z,78.0,Charge 4
2021-06-24T22:29:32Z,79.0,Charge 4
2021-06-24T22:29:37Z,80.0,Charge 4
2021-06-24T22:29:47Z,79.0,Charge 4
2021-06-24T22:29:52Z,80.0,Charge 4
2021-06-24T22:30:02Z,78.0,Charge 4
2021-06-24T22:30:07Z,77.0,Charge 4
2021-06-24T22:30:17Z,78.0,Charge 4
2021-06-24T22:30:22Z,76.0,Charge 4
2021-06-24T22:30:32Z,78.0,Charge 4
2021-06-24T22:30:37Z,81.0,Charge 4
2021-06-24T22:30:42Z,82.0,Charge 4
2021-06-24T22:30:47Z,82.0,Charge 4
2021-06-24T22:30:52Z,83.0,Charge 4
2021-06-24T22:30:57Z,82.0,Charge 4
2021-06-24T22:31:02Z,78.0,Charge 4
2021-06-24T22:31:07Z,77.0,Charge 4
2021-06-24T22:31:17Z,76.0,Charge 4
2021-06-24T22:31:27Z,75.0,Charge 4
2021-06-24T22:31:42Z,76.0,Charge 4
2021-06-24T22:31:47Z,78.0,Charge 4
2021-06-24T22:31:52Z,79.0,Charge 4
2021-06-24T22:31:57Z,80.0,Charge 4
2021-06-24T22:32:02Z,79.0,Charge 4
2021-06-24T22:32:12Z,80.0,Charge 4
2021-06-24T22:32:17Z,81.0,Charge 4
2021-06-24T22:32:22Z,80.0,Charge 4
2021-06-24T22:32:32Z,79.0,Charge 4
2021-06-24T22:32:47Z,79.0,Charge 4
2021-06-24T22:32:52Z,78.0,Charge 4
2021-06-24T22:33:07Z,78.0,Charge 4
2021-06-24T22:33:17Z,77.0,Charge 4
2021-06-24T22:33:22Z,75.0,Charge 4
2021-06-24T22:33:27Z,74.0,Charge 4
2021-06-24T22:33:32Z,75.0,Charge 4
2021-06-24T22:33:37Z,76.0,Charge 4
2021-06-24T22:33:42Z,77.0,Charge 4
2021-06-24T22:33:47Z,78.0,Charge 4
2021-06-24T22:33:52Z,79.0,Charge 4
2021-06-24T22:34:02Z,78.0,Charge 4
2021-06-24T22:34:08Z,77.0,Charge 4
2021-06-24T22:34:13Z,76.0,Charge 4
2021-06-24T22:34:18Z,77.0,Charge 4
2021-06-24T22:34:23Z,79.0,Charge 4
2021-06-24T22:34:28Z,80.0,Charge 4
2021-06-24T22:34:43Z,79.0,Charge 4
2021-06-24T22:34:48Z,76.0,Charge 4
2021-06-24T22:34:53Z,75.0,Charge 4
2021-06-24T22:34:58Z,76.0,Charge 4
2021-06-24T22:35:03Z,78.0,Charge 4
2021-06-24T22:35:08Z,79.0,Charge 4
2021-06-24T22:35:13Z,80.0,Charge 4
2021-06-24T22:35:28Z,80.0,Charge 4
2021-06-24T22:35:33Z,79.0,Charge 4
2021-06-24T22:35:38Z,78.0,Charge 4
2021-06-24T22:35:48Z,77.0,Charge 4
2021-06-24T22:35:53Z,78.0,Charge 4
2021-06-24T22:35:58Z,80.0,Charge 4
2021-06-24T22:36:03Z,83.0,Charge 4
2021-06-24T22:36:13Z,82.0,Charge 4
2021-06-24T22:36:18Z,80.0,Charge 4
2021-06-24T22:36:23Z,79.0,Charge 4
2021-06-24T22:36:28Z,80.0,Charge 4
2021-06-24T22:36:33Z,80.0,Charge 4
2021-06-24T22:36:43Z,78.0,Charge 4
2021-06-24T22:36:53Z,80.0,Charge 4
2021-06-24T22:37:03Z,79.0,Charge 4
2021-06-24T22:37:09Z,78.0,Charge 4
2021-06-24T22:37:19Z,80.0,Charge 4
2021-06-24T22:37:34Z,81.0,Charge 4
2021-06-24T22:37:39Z,82.0,Charge 4
2021-06-24T22:37:49Z,81.0,Charge 4
2021-06-24T22:37:54Z,80.0,Charge 4
2021-06-24T22:37:59Z,79.0,Charge 4
2021-06-24T22:38:04Z,80.0,Charge 4
2021-06-24T22:38:09Z,81.0,Charge 4
2021-06-24T22:38:14Z,80.0,Charge 4
2021-06-24T22:38:19Z,79.0,Charge 4
2021-06-24T22:38:24Z,78.0,Charge 4
2021-06-24T22:38:34Z,79.0,Charge 4
2021-06-24T22:38:39Z,80.0,Charge 4
2021-06-24T22:38:49Z,81.0,Charge 4
2021-06-24T22:38:54Z,80.0,Charge 4
2021-06-24T22:39:04Z,78.0,Charge 4
2021-06-24T22:39:09Z,77.0,Charge 4
2021-06-24T22:39:19Z,75.0,Charge 4
2021-06-24T22:39:24Z,73.0,Charge 4
2021-06-24T22:39:29Z,74.0,Charge 4
2021-06-24T22:39:34Z,76.0,Charge 4
2021-06-24T22:39:39Z,77.0,Charge 4
2021-06-24T22:39:49Z,76.0,Charge 4
2021-06-24T22:40:04Z,78.0,Charge 4
2021-06-24T22:40:19Z,78.0,Charge 4
2021-06-24T22:40:29Z,77.0,Charge 4
2021-06-24T22:40:34Z,78.0,Charge 4
2021-06-24T22:40:44Z,80.0,Charge 4
2021-06-24T22:40:59Z,80.0,Charge 4
2021-06-24T22:41:09Z,79.0,Charge 4
2021-06-24T22:41:14Z,78.0,Charge 4
2021-06-24T22:41:19Z,77.0,Charge 4
2021-06-24T22:41:29Z,76.0,Charge 4
2021-06-24T22:41:44Z,76.0,Charge 4
2021-06-24T22:41:49Z,78.0,Charge 4
2021-06-24T22:42:04Z,78.0,Charge 4
2021-06-24T22:42:09Z,76.0,Charge 4
2021-06-24T22:42:24Z,76.0,Charge 4
2021-06-24T22:42:29Z,78.0,Charge 4
2021-06-24T22:42:34Z,79.0,Charge 4
2021-06-24T22:42:49Z,79.0,Charge 4
2021-06-24T22:42:59Z,79.0,Charge 4
2021-06-24T22:43:04Z,78.0,Charge 4
2021-06-24T22:43:14Z,79.0,Charge 4
2021-06-24T22:43:19Z,79.0,Charge 4
2021-06-24T22:43:29Z,84.0,Charge 4
2021-06-24T22:43:34Z,86.0,Charge 4
2021-06-24T22:43:39Z,81.0,Charge 4
2021-06-24T22:43:44Z,77.0,Charge 4
2021-06-24T22:43:49Z,76.0,Charge 4
2021-06-24T22:43:55Z,74.0,Charge 4
2021-06-24T22:44:00Z,73.0,Charge 4
2021-06-24T22:44:15Z,73.0,Charge 4
2021-06-24T22:44:20Z,74.0,Charge 4
2021-06-24T22:44:25Z,75.0,Charge 4
2021-06-24T22:44:30Z,74.0,Charge 4
2021-06-24T22:44:45Z,76.0,Charge 4
2021-06-24T22:44:50Z,78.0,Charge 4
2021-06-24T22:44:55Z,79.0,Charge 4
2021-06-24T22:45:05Z,78.0,Charge 4
2021-06-24T22:45:10Z,76.0,Charge 4
2021-06-24T22:45:15Z,75.0,Charge 4
2021-06-24T22:45:25Z,76.0,Charge 4
2021-06-24T22:45:30Z,77.0,Charge 4
2021-06-24T22:45:35Z,78.0,Charge 4
2021-06-24T22:45:40Z,77.0,Charge 4
2021-06-24T22:45:45Z,76.0,Charge 4
2021-06-24T22:45:50Z,77.0,Charge 4
2021-06-24T22:46:05Z,77.0,Charge 4
2021-06-24T22:46:10Z,77.0,Charge 4
2021-06-24T22:46:15Z,75.0,Charge 4
2021-06-24T22:46:20Z,74.0,Charge 4
2021-06-24T22:46:35Z,74.0,Charge 4
2021-06-24T22:46:40Z,76.0,Charge 4
2021-06-24T22:46:45Z,77.0,Charge 4
2021-06-24T22:46:51Z,77.0,Charge 4
2021-06-24T22:47:01Z,76.0,Charge 4
2021-06-24T22:47:16Z,76.0,Charge 4
2021-06-24T22:47:21Z,75.0,Charge 4
2021-06-24T22:47:26Z,76.0,Charge 4
2021-06-24T22:47:41Z,76.0,Charge 4
2021-06-24T22:47:51Z,77.0,Charge 4
2021-06-24T22:47:56Z,78.0,Charge 4
2021-06-24T22:48:01Z,77.0,Charge 4
2021-06-24T22:48:06Z,76.0,Charge 4
2021-06-24T22:48:16Z,75.0,Charge 4
2021-06-24T22:48:21Z,72.0,Charge 4
2021-06-24T22:48:26Z,74.0,Charge 4
2021-06-24T22:48:31Z,76.0,Charge 4
2021-06-24T22:48:36Z,77.0,Charge 4
2021-06-24T22:48:41Z,78.0,Charge 4
2021-06-24T22:48:46Z,77.0,Charge 4
2021-06-24T22:48:51Z,78.0,Charge 4
2021-06-24T22:49:06Z,78.0,Charge 4
2021-06-24T22:49:21Z,77.0,Charge 4
2021-06-24T22:49:26Z,76.0,Charge 4
2021-06-24T22:49:31Z,79.0,Charge 4
2021-06-24T22:49:36Z,75.0,Charge 4
2021-06-24T22:49:41Z,73.0,Charge 4
2021-06-24T22:49:46Z,74.0,Charge 4
2021-06-24T22:49:51Z,75.0,Charge 4
2021-06-24T22:49:56Z,77.0,Charge 4
2021-06-24T22:50:01Z,77.0,Charge 4
2021-06-24T22:50:06Z,78.0,Charge 4
2021-06-24T22:50:11Z,79.0,Charge 4
2021-06-24T22:50:16Z,77.0,Charge 4
2021-06-24T22:50:21Z,76.0,Charge 4
2021-06-24T22:50:26Z,77.0,Charge 4
2021-06-24T22:50:41Z,77.0,Charge 4
2021-06-24T22:50:46Z,78.0,Charge 4
2021-06-24T22:50:51Z,77.0,Charge 4
2021-06-24T22:51:01Z,78.0,Charge 4
2021-06-24T22:51:06Z,77.0,Charge 4
2021-06-24T22:51:16Z,79.0,Charge 4
2021-06-24T22:51:21Z,78.0,Charge 4
2021-06-24T22:51:26Z,76.0,Charge 4
2021-06-24T22:51:31Z,74.0,Charge 4
2021-06-24T22:51:36Z,75.0,Charge 4
2021-06-24T22:51:41Z,77.0,Charge 4
2021-06-24T22:51:51Z,77.0,Charge 4
2021-06-24T22:51:56Z,76.0,Charge 4
2021-06-24T22:52:01Z,77.0,Charge 4
2021-06-24T22:52:06Z,78.0,Charge 4
2021-06-24T22:52:11Z,77.0,Charge 4
2021-06-24T22:52:16Z,75.0,Charge 4
2021-06-24T22:52:26Z,76.0,Charge 4
2021-06-24T22:52:31Z,77.0,Charge 4
2021-06-24T22:52:36Z,78.0,Charge 4
2021-06-24T22:52:46Z,77.0,Charge 4
2021-06-24T22:52:52Z,75.0,Charge 4
2021-06-24T22:52:57Z,76.0,Charge 4
2021-06-24T22:53:02Z,77.0,Charge 4
2021-06-24T22:53:07Z,78.0,Charge 4
2021-06-24T22:53:12Z,77.0,Charge 4
2021-06-24T22:53:22Z,78.0,Charge 4
2021-06-24T22:53:27Z,79.0,Charge 4
2021-06-24T22:53:37Z,80.0,Charge 4
2021-06-24T22:53:42Z,79.0,Charge 4
2021-06-24T22:53:47Z,77.0,Charge 4
2021-06-24T22:54:02Z,77.0,Charge 4
2021-06-24T22:54:12Z,79.0,Charge 4
2021-06-24T22:54:17Z,76.0,Charge 4
2021-06-24T22:54:22Z,74.0,Charge 4
2021-06-24T22:54:32Z,76.0,Charge 4
2021-06-24T22:54:37Z,77.0,Charge 4
2021-06-24T22:54:42Z,78.0,Charge 4
2021-06-24T22:54:47Z,79.0,Charge 4
2021-06-24T22:54:57Z,75.0,Charge 4
2021-06-24T22:55:02Z,74.0,Charge 4
2021-06-24T22:55:12Z,77.0,Charge 4
2021-06-24T22:55:17Z,79.0,Charge 4
2021-06-24T22:55:27Z,80.0,Charge 4
2021-06-24T22:55:37Z,79.0,Charge 4
2021-06-24T22:55:52Z,78.0,Charge 4
2021-06-24T22:55:57Z,77.0,Charge 4
2021-06-24T22:56:02Z,76.0,Charge 4
2021-06-24T22:56:07Z,76.0,Charge 4
2021-06-24T22:56:17Z,78.0,Charge 4
2021-06-24T22:56:32Z,78.0,Charge 4
2021-06-24T22:59:39Z,79.0,Charge 4
2021-06-24T22:59:49Z,77.0,Charge 4
2021-06-24T22:59:59Z,78.0,Charge 4
2021-06-24T23:00:09Z,79.0,Charge 4
2021-06-24T23:00:14Z,78.0,Charge 4
2021-06-24T23:00:24Z,77.0,Charge 4
2021-06-24T23:00:29Z,78.0,Charge 4
2021-06-24T23:00:44Z,78.0,Charge 4
2021-06-24T23:00:49Z,78.0,Charge 4
2021-06-24T23:00:59Z,79.0,Charge 4
2021-06-24T23:01:14Z,79.0,Charge 4
2021-06-24T23:01:19Z,78.0,Charge 4
2021-06-24T23:01:29Z,77.0,Charge 4
2021-06-24T23:01:44Z,77.0,Charge 4
2021-06-24T23:01:49Z,78.0,Charge 4
2021-06-24T23:01:54Z,79.0,Charge 4
2021-06-24T23:01:59Z,80.0,Charge 4
2021-06-24T23:02:14Z,80.0,Charge 4
2021-06-24T23:02:29Z,79.0,Charge 4
2021-06-24T23:02:34Z,80.0,Charge 4
2021-06-24T23:02:39Z,79.0,Charge 4
2021-06-24T23:02:44Z,78.0,Charge 4
2021-06-24T23:02:54Z,79.0,Charge 4
2021-06-24T23:03:04Z,78.0,Charge 4
2021-06-24T23:03:14Z,79.0,Charge 4
2021-06-24T23:03:20Z,78.0,Charge 4
2021-06-24T23:03:25Z,77.0,Charge 4
2021-06-24T23:03:40Z,79.0,Charge 4
2021-06-24T23:03:55Z,78.0,Charge 4
2021-06-24T23:04:10Z,78.0,Charge 4
2021-06-24T23:04:15Z,79.0,Charge 4
2021-06-24T23:04:20Z,80.0,Charge 4
2021-06-24T23:04:25Z,79.0,Charge 4
2021-06-24T23:04:30Z,80.0,Charge 4
2021-06-24T23:04:45Z,80.0,Charge 4
2021-06-24T23:04:50Z,79.0,Charge 4
2021-06-24T23:04:55Z,78.0,Charge 4
2021-06-24T23:05:10Z,79.0,Charge 4
2021-06-24T23:05:20Z,80.0,Charge 4
2021-06-24T23:05:35Z,79.0,Charge 4
2021-06-24T23:05:45Z,78.0,Charge 4
2021-06-24T23:06:00Z,79.0,Charge 4
2021-06-24T23:06:10Z,78.0,Charge 4
2021-06-24T23:06:25Z,79.0,Charge 4
2021-06-24T23:06:40Z,79.0,Charge 4
2021-06-24T23:06:50Z,81.0,Charge 4
2021-06-24T23:06:55Z,79.0,Charge 4
2021-06-24T23:07:00Z,78.0,Charge 4
2021-06-24T23:07:05Z,77.0,Charge 4
2021-06-24T23:07:10Z,76.0,Charge 4
2021-06-24T23:07:15Z,78.0,Charge 4
2021-06-24T23:07:20Z,79.0,Charge 4
2021-06-24T23:07:26Z,80.0,Charge 4
2021-06-24T23:07:36Z,81.0,Charge 4
2021-06-24T23:07:41Z,80.0,Charge 4
2021-06-24T23:07:46Z,79.0,Charge 4
2021-06-24T23:07:56Z,80.0,Charge 4
2021-06-24T23:08:06Z,78.0,Charge 4
2021-06-24T23:08:16Z,79.0,Charge 4
2021-06-24T23:08:31Z,77.0,Charge 4
2021-06-24T23:08:36Z,75.0,Charge 4
2021-06-24T23:08:41Z,76.0,Charge 4
2021-06-24T23:08:46Z,77.0,Charge 4
2021-06-24T23:08:51Z,78.0,Charge 4
2021-06-24T23:09:01Z,79.0,Charge 4
2021-06-24T23:09:16Z,79.0,Charge 4
2021-06-24T23:09:26Z,80.0,Charge 4
2021-06-24T23:09:31Z,77.0,Charge 4
2021-06-24T23:09:36Z,75.0,Charge 4
2021-06-24T23:09:41Z,78.0,Charge 4
2021-06-24T23:09:46Z,79.0,Charge 4
2021-06-24T23:09:51Z,80.0,Charge 4
2021-06-24T23:09:56Z,79.0,Charge 4
2021-06-24T23:10:01Z,78.0,Charge 4
2021-06-24T23:10:06Z,76.0,Charge 4
2021-06-24T23:10:16Z,79.0,Charge 4
2021-06-24T23:10:21Z,80.0,Charge 4
2021-06-24T23:10:26Z,79.0,Charge 4
2021-06-24T23:10:31Z,80.0,Charge 4
2021-06-24T23:10:36Z,79.0,Charge 4
2021-06-24T23:10:46Z,78.0,Charge 4
2021-06-24T23:10:56Z,77.0,Charge 4
2021-06-24T23:11:06Z,78.0,Charge 4
2021-06-24T23:11:21Z,79.0,Charge 4
2021-06-24T23:11:26Z,80.0,Charge 4
2021-06-24T23:11:31Z,78.0,Charge 4
2021-06-24T23:11:46Z,78.0,Charge 4
2021-06-24T23:11:56Z,78.0,Charge 4
2021-06-24T23:12:01Z,79.0,Charge 4
2021-06-24T23:12:11Z,78.0,Charge 4
2021-06-24T23:12:26Z,78.0,Charge 4
2021-06-24T23:12:36Z,80.0,Charge 4
2021-06-24T23:12:41Z,79.0,Charge 4
2021-06-24T23:12:56Z,79.0,Charge 4
2021-06-24T23:13:01Z,77.0,Charge 4
2021-06-24T23:13:16Z,77.0,Charge 4
2021-06-24T23:13:21Z,78.0,Charge 4
2021-06-24T23:13:31Z,77.0,Charge 4
2021-06-24T23:13:46Z,77.0,Charge 4
2021-06-24T23:13:51Z,77.0,Charge 4
2021-06-24T23:13:56Z,78.0,Charge 4
2021-06-24T23:14:01Z,79.0,Charge 4
2021-06-24T23:14:08Z,80.0,Charge 4
2021-06-24T23:14:13Z,79.0,Charge 4
2021-06-24T23:14:18Z,77.0,Charge 4
2021-06-24T23:14:23Z,76.0,Charge 4
2021-06-24T23:14:33Z,77.0,Charge 4
2021-06-24T23:14:38Z,75.0,Charge 4
2021-06-24T23:14:48Z,76.0,Charge 4
2021-06-24T23:14:53Z,77.0,Charge 4
2021-06-24T23:15:03Z,79.0,Charge 4
2021-06-24T23:15:18Z,80.0,Charge 4
2021-06-24T23:15:23Z,90.0,Charge 4
2021-06-24T23:15:28Z,105.0,Charge 4
2021-06-24T23:15:33Z,104.0,Charge 4
2021-06-24T23:15:38Z,100.0,Charge 4
2021-06-24T23:15:43Z,99.0,Charge 4
2021-06-24T23:15:48Z,90.0,Charge 4
2021-06-24T23:15:53Z,81.0,Charge 4
2021-06-24T23:15:58Z,77.0,Charge 4
2021-06-24T23:16:08Z,83.0,Charge 4
2021-06-24T23:16:13Z,88.0,Charge 4
2021-06-24T23:16:18Z,90.0,Charge 4
2021-06-24T23:16:23Z,84.0,Charge 4
2021-06-24T23:16:28Z,80.0,Charge 4
2021-06-24T23:16:33Z,76.0,Charge 4
2021-06-24T23:16:38Z,77.0,Charge 4
2021-06-24T23:16:43Z,79.0,Charge 4
2021-06-24T23:16:48Z,74.0,Charge 4
2021-06-24T23:16:58Z,73.0,Charge 4
2021-06-24T23:17:13Z,72.0,Charge 4
2021-06-24T23:17:23Z,73.0,Charge 4
2021-06-24T23:17:28Z,75.0,Charge 4
2021-06-24T23:17:33Z,76.0,Charge 4
2021-06-24T23:17:38Z,78.0,Charge 4
2021-06-24T23:17:43Z,88.0,Charge 4
2021-06-24T23:17:48Z,90.0,Charge 4
2021-06-24T23:17:58Z,93.0,Charge 4
2021-06-24T23:18:03Z,93.0,Charge 4
2021-06-24T23:18:08Z,85.0,Charge 4
2021-06-24T23:18:13Z,77.0,Charge 4
2021-06-24T23:18:18Z,74.0,Charge 4
2021-06-24T23:18:23Z,73.0,Charge 4
2021-06-24T23:18:33Z,73.0,Charge 4
2021-06-24T23:18:38Z,72.0,Charge 4
2021-06-24T23:18:43Z,71.0,Charge 4
2021-06-24T23:18:53Z,73.0,Charge 4
2021-06-24T23:18:58Z,75.0,Charge 4
2021-06-24T23:19:03Z,77.0,Charge 4
2021-06-24T23:19:08Z,78.0,Charge 4
2021-06-24T23:19:13Z,78.0,Charge 4
2021-06-24T23:19:18Z,76.0,Charge 4
2021-06-24T23:19:23Z,73.0,Charge 4
2021-06-24T23:19:28Z,74.0,Charge 4
2021-06-24T23:19:33Z,75.0,Charge 4
2021-06-24T23:19:38Z,76.0,Charge 4
2021-06-24T23:19:48Z,75.0,Charge 4
2021-06-24T23:19:58Z,77.0,Charge 4
2021-06-24T23:20:03Z,78.0,Charge 4
2021-06-24T23:20:13Z,77.0,Charge 4
2021-06-24T23:20:28Z,77.0,Charge 4
2021-06-24T23:20:33Z,76.0,Charge 4
2021-06-24T23:20:38Z,74.0,Charge 4
2021-06-24T23:20:43Z,73.0,Charge 4
2021-06-24T23:20:53Z,71.0,Charge 4
2021-06-24T23:21:03Z,72.0,Charge 4
2021-06-24T23:21:08Z,74.0,Charge 4
2021-06-24T23:21:13Z,75.0,Charge 4
2021-06-24T23:21:28Z,75.0,Charge 4
2021-06-24T23:21:38Z,74.0,Charge 4
2021-06-24T23:21:48Z,75.0,Charge 4
2021-06-24T23:21:53Z,76.0,Charge 4
2021-06-24T23:22:03Z,77.0,Charge 4
2021-06-24T23:22:13Z,78.0,Charge 4
2021-06-24T23:22:23Z,77.0,Charge 4
2021-06-24T23:22:28Z,76.0,Charge 4
2021-06-24T23:22:33Z,75.0,Charge 4
2021-06-24T23:22:39Z,75.0,Charge 4
2021-06-24T23:22:44Z,76.0,Charge 4
2021-06-24T23:22:49Z,74.0,Charge 4
2021-06-24T23:22:59Z,75.0,Charge 4
2021-06-24T23:23:14Z,75.0,Charge 4
2021-06-24T23:23:19Z,74.0,Charge 4
2021-06-24T23:23:34Z,73.0,Charge 4
2021-06-24T23:23:39Z,74.0,Charge 4
2021-06-24T23:23:49Z,75.0,Charge 4
2021-06-24T23:23:54Z,77.0,Charge 4
2021-06-24T23:23:59Z,78.0,Charge 4
2021-06-24T23:24:14Z,77.0,Charge 4
2021-06-24T23:24:29Z,77.0,Charge 4
2021-06-24T23:24:39Z,76.0,Charge 4
2021-06-24T23:24:44Z,75.0,Charge 4
2021-06-24T23:24:54Z,74.0,Charge 4
2021-06-24T23:24:59Z,73.0,Charge 4
2021-06-24T23:25:14Z,73.0,Charge 4
2021-06-24T23:25:29Z,75.0,Charge 4
2021-06-24T23:25:34Z,77.0,Charge 4
2021-06-24T23:25:39Z,78.0,Charge 4
2021-06-24T23:25:44Z,79.0,Charge 4
2021-06-24T23:25:49Z,81.0,Charge 4
2021-06-24T23:25:54Z,77.0,Charge 4
2021-06-24T23:25:59Z,73.0,Charge 4
2021-06-24T23:26:14Z,73.0,Charge 4
2021-06-24T23:26:24Z,72.0,Charge 4
2021-06-24T23:26:30Z,72.0,Charge 4
2021-06-24T23:26:40Z,73.0,Charge 4
2021-06-24T23:26:45Z,74.0,Charge 4
2021-06-24T23:26:50Z,75.0,Charge 4
2021-06-24T23:26:55Z,74.0,Charge 4
2021-06-24T23:27:00Z,73.0,Charge 4
2021-06-24T23:27:05Z,74.0,Charge 4
2021-06-24T23:27:10Z,75.0,Charge 4
2021-06-24T23:27:15Z,76.0,Charge 4
2021-06-24T23:27:20Z,77.0,Charge 4
2021-06-24T23:27:30Z,78.0,Charge 4
2021-06-24T23:27:35Z,80.0,Charge 4
2021-06-24T23:27:50Z,80.0,Charge 4
2021-06-24T23:28:05Z,80.0,Charge 4
2021-06-24T23:28:10Z,81.0,Charge 4
2021-06-24T23:28:15Z,82.0,Charge 4
2021-06-24T23:28:20Z,83.0,Charge 4
2021-06-24T23:28:35Z,83.0,Charge 4
2021-06-24T23:28:45Z,81.0,Charge 4
2021-06-24T23:29:00Z,81.0,Charge 4
2021-06-24T23:29:05Z,79.0,Charge 4
2021-06-24T23:29:20Z,79.0,Charge 4
2021-06-24T23:29:25Z,80.0,Charge 4
2021-06-24T23:29:30Z,78.0,Charge 4
2021-06-24T23:29:36Z,78.0,Charge 4
2021-06-24T23:29:51Z,78.0,Charge 4
2021-06-24T23:29:56Z,79.0,Charge 4
2021-06-24T23:30:01Z,76.0,Charge 4
2021-06-24T23:30:06Z,74.0,Charge 4
2021-06-24T23:30:21Z,74.0,Charge 4
2021-06-24T23:30:36Z,75.0,Charge 4
2021-06-24T23:30:51Z,76.0,Charge 4
2021-06-24T23:30:56Z,78.0,Charge 4
2021-06-24T23:31:01Z,80.0,Charge 4
2021-06-24T23:31:06Z,79.0,Charge 4
2021-06-24T23:31:16Z,76.0,Charge 4
2021-06-24T23:31:21Z,73.0,Charge 4
2021-06-24T23:31:26Z,74.0,Charge 4
2021-06-24T23:31:31Z,77.0,Charge 4
2021-06-24T23:31:36Z,79.0,Charge 4
2021-06-24T23:31:41Z,78.0,Charge 4
2021-06-24T23:31:46Z,76.0,Charge 4
2021-06-24T23:31:51Z,75.0,Charge 4
2021-06-24T23:31:56Z,74.0,Charge 4
2021-06-24T23:32:01Z,73.0,Charge 4
2021-06-24T23:32:06Z,72.0,Charge 4
2021-06-24T23:32:16Z,73.0,Charge 4
2021-06-24T23:32:21Z,76.0,Charge 4
2021-06-24T23:32:26Z,77.0,Charge 4
2021-06-24T23:32:41Z,76.0,Charge 4
2021-06-24T23:32:56Z,76.0,Charge 4
2021-06-24T23:33:01Z,78.0,Charge 4
2021-06-24T23:33:06Z,79.0,Charge 4
2021-06-24T23:33:16Z,80.0,Charge 4
2021-06-24T23:33:21Z,78.0,Charge 4
2021-06-24T23:33:31Z,77.0,Charge 4
2021-06-24T23:33:36Z,76.0,Charge 4
2021-06-24T23:33:51Z,77.0,Charge 4
2021-06-24T23:34:01Z,76.0,Charge 4
2021-06-24T23:34:11Z,75.0,Charge 4
2021-06-24T23:34:21Z,76.0,Charge 4
2021-06-24T23:34:31Z,77.0,Charge 4
2021-06-24T23:34:36Z,79.0,Charge 4
2021-06-24T23:34:41Z,80.0,Charge 4
2021-06-24T23:34:56Z,80.0,Charge 4
2021-06-24T23:35:01Z,81.0,Charge 4
2021-06-24T23:35:06Z,80.0,Charge 4
2021-06-24T23:35:11Z,78.0,Charge 4
2021-06-24T23:35:26Z,78.0,Charge 4
2021-06-24T23:35:36Z,77.0,Charge 4
2021-06-24T23:35:51Z,77.0,Charge 4
2021-06-24T23:36:06Z,77.0,Charge 4
2021-06-24T23:36:11Z,78.0,Charge 4
2021-06-24T23:36:16Z,79.0,Charge 4
2021-06-24T23:36:31Z,79.0,Charge 4
2021-06-24T23:36:36Z,77.0,Charge 4
2021-06-24T23:36:46Z,76.0,Charge 4
2021-06-24T23:36:52Z,74.0,Charge 4
2021-06-24T23:36:57Z,73.0,Charge 4
2021-06-24T23:37:02Z,72.0,Charge 4
2021-06-24T23:37:17Z,73.0,Charge 4
2021-06-24T23:37:27Z,75.0,Charge 4
2021-06-24T23:37:32Z,77.0,Charge 4
2021-06-24T23:37:37Z,78.0,Charge 4
2021-06-24T23:37:42Z,79.0,Charge 4
2021-06-24T23:37:47Z,80.0,Charge 4
2021-06-24T23:37:57Z,79.0,Charge 4
2021-06-24T23:38:12Z,79.0,Charge 4
2021-06-24T23:38:17Z,78.0,Charge 4
2021-06-24T23:38:27Z,79.0,Charge 4
2021-06-24T23:38:37Z,78.0,Charge 4
2021-06-24T23:38:52Z,78.0,Charge 4
2021-06-24T23:38:57Z,81.0,Charge 4
2021-06-24T23:39:02Z,82.0,Charge 4
2021-06-24T23:39:07Z,81.0,Charge 4
2021-06-24T23:39:12Z,80.0,Charge 4
2021-06-24T23:39:17Z,81.0,Charge 4
2021-06-24T23:39:22Z,83.0,Charge 4
2021-06-24T23:39:27Z,85.0,Charge 4
2021-06-24T23:39:32Z,86.0,Charge 4
2021-06-24T23:39:37Z,87.0,Charge 4
2021-06-24T23:39:52Z,86.0,Charge 4
2021-06-24T23:39:57Z,83.0,Charge 4
2021-06-24T23:40:02Z,81.0,Charge 4
2021-06-24T23:40:07Z,80.0,Charge 4
2021-06-24T23:40:22Z,81.0,Charge 4
2021-06-24T23:40:32Z,80.0,Charge 4
2021-06-24T23:40:37Z,75.0,Charge 4
2021-06-24T23:40:47Z,77.0,Charge 4
2021-06-24T23:40:57Z,78.0,Charge 4
2021-06-24T23:41:02Z,80.0,Charge 4
2021-06-24T23:41:07Z,81.0,Charge 4
2021-06-24T23:41:17Z,80.0,Charge 4
2021-06-24T23:41:27Z,81.0,Charge 4
2021-06-24T23:41:32Z,79.0,Charge 4
2021-06-24T23:41:37Z,78.0,Charge 4
2021-06-24T23:41:42Z,80.0,Charge 4
2021-06-24T23:41:47Z,76.0,Charge 4
2021-06-24T23:41:52Z,74.0,Charge 4
2021-06-24T23:42:02Z,76.0,Charge 4
2021-06-24T23:42:07Z,77.0,Charge 4
2021-06-24T23:42:12Z,79.0,Charge 4
2021-06-24T23:42:17Z,81.0,Charge 4
2021-06-24T23:42:22Z,80.0,Charge 4
2021-06-24T23:42:37Z,79.0,Charge 4
2021-06-24T23:42:42Z,78.0,Charge 4
2021-06-24T23:42:57Z,78.0,Charge 4
2021-06-24T23:43:12Z,77.0,Charge 4
2021-06-24T23:43:27Z,76.0,Charge 4
2021-06-24T23:43:37Z,74.0,Charge 4
2021-06-24T23:43:42Z,73.0,Charge 4
2021-06-24T23:43:47Z,73.0,Charge 4
2021-06-24T23:44:02Z,74.0,Charge 4
2021-06-24T23:44:07Z,75.0,Charge 4
2021-06-24T23:44:12Z,76.0,Charge 4
2021-06-24T23:44:17Z,78.0,Charge 4
2021-06-24T23:44:22Z,79.0,Charge 4
2021-06-24T23:44:27Z,78.0,Charge 4
2021-06-24T23:44:32Z,74.0,Charge 4
2021-06-24T23:44:37Z,73.0,Charge 4
2021-06-24T23:44:42Z,72.0,Charge 4
2021-06-24T23:44:47Z,71.0,Charge 4
2021-06-24T23:44:57Z,73.0,Charge 4
2021-06-24T23:45:02Z,75.0,Charge 4
2021-06-24T23:45:07Z,76.0,Charge 4
2021-06-24T23:45:22Z,78.0,Charge 4
2021-06-24T23:45:27Z,77.0,Charge 4
2021-06-24T23:45:32Z,75.0,Charge 4
2021-06-24T23:45:37Z,74.0,Charge 4
2021-06-24T23:45:42Z,74.0,Charge 4
2021-06-24T23:45:52Z,76.0,Charge 4
2021-06-24T23:45:57Z,88.0,Charge 4
2021-06-24T23:46:02Z,91.0,Charge 4
2021-06-24T23:46:07Z,87.0,Charge 4
2021-06-24T23:46:12Z,81.0,Charge 4
2021-06-24T23:46:17Z,77.0,Charge 4
2021-06-24T23:46:22Z,76.0,Charge 4
2021-06-24T23:46:27Z,74.0,Charge 4
2021-06-24T23:46:32Z,72.0,Charge 4
2021-06-24T23:46:37Z,71.0,Charge 4
2021-06-24T23:46:42Z,72.0,Charge 4
2021-06-24T23:46:52Z,73.0,Charge 4
2021-06-24T23:46:57Z,74.0,Charge 4
2021-06-24T23:47:12Z,74.0,Charge 4
2021-06-24T23:47:22Z,76.0,Charge 4
2021-06-24T23:47:27Z,77.0,Charge 4
2021-06-24T23:47:32Z,78.0,Charge 4
2021-06-24T23:47:37Z,77.0,Charge 4
2021-06-24T23:47:42Z,75.0,Charge 4
2021-06-24T23:47:47Z,76.0,Charge 4
2021-06-24T23:47:57Z,77.0,Charge 4
2021-06-24T23:48:02Z,76.0,Charge 4
2021-06-24T23:48:17Z,76.0,Charge 4
2021-06-24T23:48:27Z,78.0,Charge 4
2021-06-24T23:48:32Z,79.0,Charge 4
2021-06-24T23:48:37Z,80.0,Charge 4
2021-06-24T23:48:42Z,82.0,Charge 4
2021-06-24T23:48:47Z,80.0,Charge 4
2021-06-24T23:48:52Z,78.0,Charge 4
2021-06-24T23:48:57Z,77.0,Charge 4
2021-06-24T23:49:12Z,77.0,Charge 4
2021-06-24T23:49:27Z,77.0,Charge 4
2021-06-24T23:49:32Z,79.0,Charge 4
2021-06-24T23:49:38Z,80.0,Charge 4
2021-06-24T23:49:48Z,79.0,Charge 4
2021-06-24T23:49:53Z,78.0,Charge 4
2021-06-24T23:49:58Z,79.0,Charge 4
2021-06-24T23:50:08Z,80.0,Charge 4
2021-06-24T23:50:13Z,81.0,Charge 4
2021-06-24T23:50:18Z,80.0,Charge 4
2021-06-24T23:50:33Z,79.0,Charge 4
2021-06-24T23:50:43Z,78.0,Charge 4
2021-06-24T23:50:48Z,75.0,Charge 4
2021-06-24T23:50:53Z,74.0,Charge 4
2021-06-24T23:51:03Z,76.0,Charge 4
2021-06-24T23:51:08Z,77.0,Charge 4
2021-06-24T23:51:13Z,80.0,Charge 4
2021-06-24T23:51:18Z,83.0,Charge 4
2021-06-24T23:51:23Z,81.0,Charge 4
2021-06-24T23:51:28Z,80.0,Charge 4
2021-06-24T23:51:38Z,79.0,Charge 4
2021-06-24T23:51:43Z,78.0,Charge 4
2021-06-24T23:51:53Z,79.0,Charge 4
2021-06-24T23:51:58Z,78.0,Charge 4
2021-06-24T23:52:03Z,79.0,Charge 4
2021-06-24T23:52:13Z,80.0,Charge 4
2021-06-24T23:52:18Z,79.0,Charge 4
2021-06-24T23:52:23Z,77.0,Charge 4
2021-06-24T23:52:28Z,79.0,Charge 4
2021-06-24T23:52:33Z,82.0,Charge 4
2021-06-24T23:52:38Z,82.0,Charge 4
2021-06-24T23:52:43Z,81.0,Charge 4
2021-06-24T23:52:48Z,80.0,Charge 4
2021-06-24T23:52:53Z,79.0,Charge 4
2021-06-24T23:52:58Z,77.0,Charge 4
2021-06-24T23:53:03Z,76.0,Charge 4
2021-06-24T23:53:08Z,77.0,Charge 4
2021-06-24T23:53:13Z,78.0,Charge 4
2021-06-24T23:53:23Z,79.0,Charge 4
2021-06-24T23:53:28Z,81.0,Charge 4
2021-06-24T23:53:33Z,80.0,Charge 4
2021-06-24T23:53:43Z,78.0,Charge 4
2021-06-24T23:53:58Z,78.0,Charge 4
2021-06-24T23:54:08Z,79.0,Charge 4
2021-06-24T23:54:23Z,80.0,Charge 4
2021-06-24T23:54:38Z,80.0,Charge 4
2021-06-24T23:54:43Z,79.0,Charge 4
2021-06-24T23:54:58Z,79.0,Charge 4
2021-06-24T23:55:03Z,76.0,Charge 4
2021-06-24T23:55:08Z,75.0,Charge 4
2021-06-24T23:55:13Z,76.0,Charge 4
2021-06-24T23:55:18Z,78.0,Charge 4
2021-06-24T23:55:28Z,79.0,Charge 4
2021-06-24T23:55:43Z,79.0,Charge 4
2021-06-24T23:55:48Z,81.0,Charge 4
2021-06-24T23:55:53Z,83.0,Charge 4
2021-06-24T23:55:59Z,82.0,Charge 4
2021-06-24T23:56:04Z,81.0,Charge 4
2021-06-24T23:56:09Z,80.0,Charge 4
2021-06-24T23:56:14Z,79.0,Charge 4
2021-06-24T23:56:24Z,80.0,Charge 4
2021-06-24T23:56:29Z,79.0,Charge 4
2021-06-24T23:56:34Z,78.0,Charge 4
2021-06-24T23:56:39Z,79.0,Charge 4
2021-06-24T23:56:44Z,78.0,Charge 4
2021-06-24T23:56:54Z,79.0,Charge 4
2021-06-24T23:56:59Z,78.0,Charge 4
2021-06-24T23:57:04Z,77.0,Charge 4
2021-06-24T23:57:14Z,78.0,Charge 4
2021-06-24T23:57:19Z,79.0,Charge 4
2021-06-24T23:57:24Z,78.0,Charge 4
2021-06-24T23:57:39Z,78.0,Charge 4
2021-06-24T23:57:49Z,76.0,Charge 4
2021-06-24T23:57:59Z,79.0,Charge 4
2021-06-24T23:58:04Z,80.0,Charge 4
2021-06-24T23:58:09Z,81.0,Charge 4
2021-06-24T23:58:14Z,81.0,Charge 4
2021-06-24T23:58:29Z,81.0,Charge 4
2021-06-24T23:58:34Z,91.0,Charge 4
2021-06-24T23:58:39Z,89.0,Charge 4
2021-06-24T23:58:44Z,82.0,Charge 4
2021-06-24T23:58:51Z,77.0,Charge 4
2021-06-24T23:59:01Z,76.0,Charge 4
2021-06-24T23:59:06Z,77.0,Charge 4
2021-06-24T23:59:11Z,75.0,Charge 4
2021-06-24T23:59:16Z,73.0,Charge 4
2021-06-24T23:59:31Z,73.0,Charge 4
2021-06-24T23:59:41Z,74.0,Charge 4
2021-06-24T23:59:46Z,76.0,Charge 4
2021-06-24T23:59:51Z,77.0,Charge 4
