timestamp,beats per minute,data source
2022-03-11T00:00:13Z,74.0,Charge 4
2022-03-11T00:00:18Z,73.0,Charge 4
2022-03-11T00:00:23Z,72.0,Charge 4
2022-03-11T00:00:28Z,71.0,Charge 4
2022-03-11T00:00:33Z,72.0,Charge 4
2022-03-11T00:00:48Z,72.0,Charge 4
2022-03-11T00:00:49Z,74.0,Charge 4
2022-03-11T00:00:54Z,76.0,Charge 4
2022-03-11T00:00:59Z,77.0,Charge 4
2022-03-11T00:01:09Z,78.0,Charge 4
2022-03-11T00:01:14Z,81.0,Charge 4
2022-03-11T00:01:19Z,79.0,Charge 4
2022-03-11T00:01:24Z,76.0,Charge 4
2022-03-11T00:01:29Z,72.0,Charge 4
2022-03-11T00:01:34Z,71.0,Charge 4
2022-03-11T00:01:49Z,71.0,Charge 4
2022-03-11T00:01:59Z,72.0,Charge 4
2022-03-11T00:02:04Z,73.0,Charge 4
2022-03-11T00:02:09Z,74.0,Charge 4
2022-03-11T00:02:14Z,75.0,Charge 4
2022-03-11T00:02:19Z,76.0,Charge 4
2022-03-11T00:02:34Z,75.0,Charge 4
2022-03-11T00:02:39Z,73.0,Charge 4
2022-03-11T00:02:49Z,74.0,Charge 4
2022-03-11T00:02:59Z,75.0,Charge 4
2022-03-11T00:03:04Z,76.0,Charge 4
2022-03-11T00:03:09Z,77.0,Charge 4
2022-03-11T00:03:19Z,78.0,Charge 4
2022-03-11T00:03:29Z,77.0,Charge 4
2022-03-11T00:03:34Z,75.0,Charge 4
2022-03-11T00:03:39Z,74.0,Charge 4
2022-03-11T00:03:49Z,75.0,Charge 4
2022-03-11T00:03:59Z,74.0,Charge 4
2022-03-11T00:04:04Z,73.0,Charge 4
2022-03-11T00:04:09Z,72.0,Charge 4
2022-03-11T00:04:24Z,73.0,Charge 4
2022-03-11T00:04:29Z,72.0,Charge 4
2022-03-11T00:04:39Z,73.0,Charge 4
2022-03-11T00:04:44Z,74.0,Charge 4
2022-03-11T00:04:54Z,73.0,Charge 4
2022-03-11T00:04:59Z,74.0,Charge 4
2022-03-11T00:05:04Z,75.0,Charge 4
2022-03-11T00:05:09Z,77.0,Charge 4
2022-03-11T00:05:14Z,76.0,Charge 4
2022-03-11T00:05:19Z,72.0,Charge 4
2022-03-11T00:05:24Z,73.0,Charge 4
2022-03-11T00:05:29Z,75.0,Charge 4
2022-03-11T00:05:39Z,74.0,Charge 4
2022-03-11T00:05:44Z,73.0,Charge 4
2022-03-11T00:05:49Z,72.0,Charge 4
2022-03-11T00:05:54Z,73.0,Charge 4
2022-03-11T00:06:09Z,72.0,Charge 4
2022-03-11T00:06:24Z,72.0,Charge 4
2022-03-11T00:06:34Z,71.0,Charge 4
2022-03-11T00:06:49Z,72.0,Charge 4
2022-03-11T00:06:54Z,73.0,Charge 4
2022-03-11T00:06:59Z,72.0,Charge 4
2022-03-11T00:07:04Z,73.0,Charge 4
2022-03-11T00:07:09Z,72.0,Charge 4
2022-03-11T00:07:19Z,71.0,Charge 4
2022-03-11T00:07:25Z,70.0,Charge 4
2022-03-11T00:07:30Z,71.0,Charge 4
2022-03-11T00:07:35Z,73.0,Charge 4
2022-03-11T00:07:45Z,72.0,Charge 4
2022-03-11T00:07:50Z,71.0,Charge 4
2022-03-11T00:07:55Z,70.0,Charge 4
2022-03-11T00:08:00Z,71.0,Charge 4
2022-03-11T00:08:05Z,71.0,Charge 4
2022-03-11T00:08:15Z,72.0,Charge 4
2022-03-11T00:08:20Z,71.0,Charge 4
2022-03-11T00:08:25Z,70.0,Charge 4
2022-03-11T00:08:30Z,71.0,Charge 4
2022-03-11T00:08:35Z,73.0,Charge 4
2022-03-11T00:08:40Z,74.0,Charge 4
2022-03-11T00:08:45Z,73.0,Charge 4
2022-03-11T00:09:00Z,73.0,Charge 4
2022-03-11T00:09:05Z,71.0,Charge 4
2022-03-11T00:09:20Z,73.0,Charge 4
2022-03-11T00:09:25Z,75.0,Charge 4
2022-03-11T00:09:35Z,74.0,Charge 4
2022-03-11T00:09:40Z,73.0,Charge 4
2022-03-11T00:09:50Z,74.0,Charge 4
2022-03-11T00:09:55Z,73.0,Charge 4
2022-03-11T00:10:00Z,72.0,Charge 4
2022-03-11T00:10:10Z,73.0,Charge 4
2022-03-11T00:10:25Z,73.0,Charge 4
2022-03-11T00:10:30Z,74.0,Charge 4
2022-03-11T00:10:35Z,75.0,Charge 4
2022-03-11T00:10:50Z,75.0,Charge 4
2022-03-11T00:11:05Z,75.0,Charge 4
2022-03-11T00:11:10Z,74.0,Charge 4
2022-03-11T00:11:25Z,74.0,Charge 4
2022-03-11T00:11:30Z,73.0,Charge 4
2022-03-11T00:11:40Z,72.0,Charge 4
2022-03-11T00:11:50Z,74.0,Charge 4
2022-03-11T00:12:00Z,73.0,Charge 4
2022-03-11T00:12:10Z,72.0,Charge 4
2022-03-11T00:12:25Z,72.0,Charge 4
2022-03-11T00:12:35Z,73.0,Charge 4
2022-03-11T00:12:40Z,74.0,Charge 4
2022-03-11T00:12:55Z,75.0,Charge 4
2022-03-11T00:13:05Z,74.0,Charge 4
2022-03-11T00:13:10Z,73.0,Charge 4
2022-03-11T00:13:25Z,73.0,Charge 4
2022-03-11T00:13:35Z,72.0,Charge 4
2022-03-11T00:13:50Z,73.0,Charge 4
2022-03-11T00:14:05Z,73.0,Charge 4
2022-03-11T00:14:20Z,73.0,Charge 4
2022-03-11T00:14:25Z,72.0,Charge 4
2022-03-11T00:14:30Z,71.0,Charge 4
2022-03-11T00:14:35Z,73.0,Charge 4
2022-03-11T00:14:40Z,74.0,Charge 4
2022-03-11T00:14:45Z,73.0,Charge 4
2022-03-11T00:14:55Z,74.0,Charge 4
2022-03-11T00:15:01Z,74.0,Charge 4
2022-03-11T00:15:11Z,73.0,Charge 4
2022-03-11T00:15:21Z,74.0,Charge 4
2022-03-11T00:15:26Z,73.0,Charge 4
2022-03-11T00:15:36Z,74.0,Charge 4
2022-03-11T00:15:41Z,72.0,Charge 4
2022-03-11T00:15:56Z,71.0,Charge 4
2022-03-11T00:16:11Z,72.0,Charge 4
2022-03-11T00:16:26Z,73.0,Charge 4
2022-03-11T00:16:36Z,74.0,Charge 4
2022-03-11T00:16:51Z,73.0,Charge 4
2022-03-11T00:17:06Z,73.0,Charge 4
2022-03-11T00:17:21Z,72.0,Charge 4
2022-03-11T00:17:36Z,73.0,Charge 4
2022-03-11T00:17:41Z,74.0,Charge 4
2022-03-11T00:17:56Z,74.0,Charge 4
2022-03-11T00:18:01Z,73.0,Charge 4
2022-03-11T00:18:11Z,72.0,Charge 4
2022-03-11T00:18:21Z,73.0,Charge 4
2022-03-11T00:18:36Z,72.0,Charge 4
2022-03-11T00:18:46Z,73.0,Charge 4
2022-03-11T00:18:56Z,74.0,Charge 4
2022-03-11T00:19:01Z,73.0,Charge 4
2022-03-11T00:19:11Z,74.0,Charge 4
2022-03-11T00:19:16Z,73.0,Charge 4
2022-03-11T00:19:26Z,74.0,Charge 4
2022-03-11T00:19:41Z,73.0,Charge 4
2022-03-11T00:19:46Z,72.0,Charge 4
2022-03-11T00:19:51Z,71.0,Charge 4
2022-03-11T00:20:06Z,71.0,Charge 4
2022-03-11T00:20:11Z,72.0,Charge 4
2022-03-11T00:20:21Z,74.0,Charge 4
2022-03-11T00:20:31Z,73.0,Charge 4
2022-03-11T00:20:36Z,72.0,Charge 4
2022-03-11T00:20:51Z,72.0,Charge 4
2022-03-11T00:20:56Z,71.0,Charge 4
2022-03-11T00:21:11Z,71.0,Charge 4
2022-03-11T00:21:16Z,72.0,Charge 4
2022-03-11T00:21:21Z,73.0,Charge 4
2022-03-11T00:21:36Z,73.0,Charge 4
2022-03-11T00:21:51Z,73.0,Charge 4
2022-03-11T00:21:56Z,72.0,Charge 4
2022-03-11T00:22:11Z,72.0,Charge 4
2022-03-11T00:22:26Z,73.0,Charge 4
2022-03-11T00:22:31Z,72.0,Charge 4
2022-03-11T00:22:36Z,71.0,Charge 4
2022-03-11T00:22:41Z,70.0,Charge 4
2022-03-11T00:22:46Z,72.0,Charge 4
2022-03-11T00:23:01Z,72.0,Charge 4
2022-03-11T00:23:06Z,71.0,Charge 4
2022-03-11T00:23:21Z,71.0,Charge 4
2022-03-11T00:23:31Z,71.0,Charge 4
2022-03-11T00:23:37Z,70.0,Charge 4
2022-03-11T00:23:47Z,69.0,Charge 4
2022-03-11T00:23:57Z,70.0,Charge 4
2022-03-11T00:24:07Z,71.0,Charge 4
2022-03-11T00:24:17Z,72.0,Charge 4
2022-03-11T00:24:22Z,73.0,Charge 4
2022-03-11T00:24:32Z,72.0,Charge 4
2022-03-11T00:24:42Z,71.0,Charge 4
2022-03-11T00:24:57Z,70.0,Charge 4
2022-03-11T00:25:02Z,69.0,Charge 4
2022-03-11T00:25:07Z,70.0,Charge 4
2022-03-11T00:25:12Z,71.0,Charge 4
2022-03-11T00:25:27Z,70.0,Charge 4
2022-03-11T00:25:32Z,71.0,Charge 4
2022-03-11T00:25:37Z,72.0,Charge 4
2022-03-11T00:25:42Z,73.0,Charge 4
2022-03-11T00:25:52Z,72.0,Charge 4
2022-03-11T00:25:57Z,71.0,Charge 4
2022-03-11T00:26:07Z,70.0,Charge 4
2022-03-11T00:26:12Z,71.0,Charge 4
2022-03-11T00:26:27Z,70.0,Charge 4
2022-03-11T00:26:37Z,72.0,Charge 4
2022-03-11T00:26:52Z,72.0,Charge 4
2022-03-11T00:26:57Z,73.0,Charge 4
2022-03-11T00:27:02Z,72.0,Charge 4
2022-03-11T00:27:07Z,71.0,Charge 4
2022-03-11T00:27:12Z,72.0,Charge 4
2022-03-11T00:27:18Z,72.0,Charge 4
2022-03-11T00:27:28Z,73.0,Charge 4
2022-03-11T00:27:33Z,74.0,Charge 4
2022-03-11T00:27:38Z,73.0,Charge 4
2022-03-11T00:27:43Z,74.0,Charge 4
2022-03-11T00:27:48Z,75.0,Charge 4
2022-03-11T00:27:53Z,74.0,Charge 4
2022-03-11T00:27:58Z,73.0,Charge 4
2022-03-11T00:28:08Z,72.0,Charge 4
2022-03-11T00:28:13Z,71.0,Charge 4
2022-03-11T00:28:28Z,71.0,Charge 4
2022-03-11T00:28:38Z,72.0,Charge 4
2022-03-11T00:28:53Z,71.0,Charge 4
2022-03-11T00:29:08Z,71.0,Charge 4
2022-03-11T00:29:23Z,71.0,Charge 4
2022-03-11T00:29:28Z,72.0,Charge 4
2022-03-11T00:29:43Z,72.0,Charge 4
2022-03-11T00:29:58Z,72.0,Charge 4
2022-03-11T00:30:03Z,71.0,Charge 4
2022-03-11T00:30:13Z,72.0,Charge 4
2022-03-11T00:30:18Z,73.0,Charge 4
2022-03-11T00:30:23Z,72.0,Charge 4
2022-03-11T00:30:28Z,71.0,Charge 4
2022-03-11T00:30:38Z,72.0,Charge 4
2022-03-11T00:30:53Z,72.0,Charge 4
2022-03-11T00:31:08Z,71.0,Charge 4
2022-03-11T00:31:23Z,72.0,Charge 4
2022-03-11T00:31:28Z,72.0,Charge 4
2022-03-11T00:31:43Z,72.0,Charge 4
2022-03-11T00:31:58Z,73.0,Charge 4
2022-03-11T00:32:03Z,72.0,Charge 4
2022-03-11T00:32:08Z,71.0,Charge 4
2022-03-11T00:32:23Z,70.0,Charge 4
2022-03-11T00:32:38Z,69.0,Charge 4
2022-03-11T00:32:43Z,68.0,Charge 4
2022-03-11T00:32:53Z,69.0,Charge 4
2022-03-11T00:32:58Z,70.0,Charge 4
2022-03-11T00:33:08Z,71.0,Charge 4
2022-03-11T00:33:13Z,72.0,Charge 4
2022-03-11T00:33:28Z,72.0,Charge 4
2022-03-11T00:33:43Z,72.0,Charge 4
2022-03-11T00:33:53Z,71.0,Charge 4
2022-03-11T00:33:58Z,70.0,Charge 4
2022-03-11T00:34:03Z,72.0,Charge 4
2022-03-11T00:34:18Z,72.0,Charge 4
2022-03-11T00:34:23Z,70.0,Charge 4
2022-03-11T00:34:28Z,69.0,Charge 4
2022-03-11T00:34:33Z,70.0,Charge 4
2022-03-11T00:34:43Z,71.0,Charge 4
2022-03-11T00:34:58Z,71.0,Charge 4
2022-03-11T00:35:03Z,74.0,Charge 4
2022-03-11T00:35:13Z,73.0,Charge 4
2022-03-11T00:35:18Z,71.0,Charge 4
2022-03-11T00:35:24Z,71.0,Charge 4
2022-03-11T00:35:39Z,71.0,Charge 4
2022-03-11T00:35:44Z,72.0,Charge 4
2022-03-11T00:35:54Z,71.0,Charge 4
2022-03-11T00:36:04Z,70.0,Charge 4
2022-03-11T00:36:19Z,67.0,Charge 4
2022-03-11T00:36:29Z,68.0,Charge 4
2022-03-11T00:36:34Z,70.0,Charge 4
2022-03-11T00:36:39Z,71.0,Charge 4
2022-03-11T00:36:44Z,72.0,Charge 4
2022-03-11T00:36:49Z,71.0,Charge 4
2022-03-11T00:36:59Z,72.0,Charge 4
2022-03-11T00:37:14Z,73.0,Charge 4
2022-03-11T00:37:19Z,72.0,Charge 4
2022-03-11T00:37:34Z,71.0,Charge 4
2022-03-11T00:37:39Z,70.0,Charge 4
2022-03-11T00:37:54Z,71.0,Charge 4
2022-03-11T00:37:59Z,72.0,Charge 4
2022-03-11T00:38:14Z,71.0,Charge 4
2022-03-11T00:38:29Z,70.0,Charge 4
2022-03-11T00:38:44Z,70.0,Charge 4
2022-03-11T00:38:54Z,71.0,Charge 4
2022-03-11T00:38:59Z,73.0,Charge 4
2022-03-11T00:39:04Z,74.0,Charge 4
2022-03-11T00:39:09Z,73.0,Charge 4
2022-03-11T00:39:14Z,71.0,Charge 4
2022-03-11T00:39:19Z,70.0,Charge 4
2022-03-11T00:39:24Z,70.0,Charge 4
2022-03-11T00:39:29Z,69.0,Charge 4
2022-03-11T00:39:34Z,70.0,Charge 4
2022-03-11T00:39:39Z,71.0,Charge 4
2022-03-11T00:39:44Z,72.0,Charge 4
2022-03-11T00:39:49Z,70.0,Charge 4
2022-03-11T00:39:54Z,69.0,Charge 4
2022-03-11T00:39:59Z,70.0,Charge 4
2022-03-11T00:40:04Z,71.0,Charge 4
2022-03-11T00:40:14Z,72.0,Charge 4
2022-03-11T00:40:24Z,71.0,Charge 4
2022-03-11T00:40:34Z,72.0,Charge 4
2022-03-11T00:40:44Z,71.0,Charge 4
2022-03-11T00:40:49Z,70.0,Charge 4
2022-03-11T00:41:04Z,70.0,Charge 4
2022-03-11T00:41:09Z,72.0,Charge 4
2022-03-11T00:41:24Z,72.0,Charge 4
2022-03-11T00:41:29Z,72.0,Charge 4
2022-03-11T00:41:39Z,71.0,Charge 4
2022-03-11T00:41:44Z,70.0,Charge 4
2022-03-11T00:41:54Z,71.0,Charge 4
2022-03-11T00:41:59Z,72.0,Charge 4
2022-03-11T00:42:09Z,71.0,Charge 4
2022-03-11T00:42:14Z,70.0,Charge 4
2022-03-11T00:42:29Z,70.0,Charge 4
2022-03-11T00:42:30Z,71.0,Charge 4
2022-03-11T00:42:35Z,72.0,Charge 4
2022-03-11T00:42:45Z,71.0,Charge 4
2022-03-11T00:42:50Z,69.0,Charge 4
2022-03-11T00:43:00Z,70.0,Charge 4
2022-03-11T00:43:05Z,72.0,Charge 4
2022-03-11T00:43:10Z,71.0,Charge 4
2022-03-11T00:43:25Z,72.0,Charge 4
2022-03-11T00:43:40Z,72.0,Charge 4
2022-03-11T00:43:45Z,71.0,Charge 4
2022-03-11T00:44:00Z,71.0,Charge 4
2022-03-11T00:44:10Z,69.0,Charge 4
2022-03-11T00:44:15Z,68.0,Charge 4
2022-03-11T00:44:20Z,69.0,Charge 4
2022-03-11T00:44:35Z,70.0,Charge 4
2022-03-11T00:44:40Z,71.0,Charge 4
2022-03-11T00:44:55Z,70.0,Charge 4
2022-03-11T00:45:00Z,69.0,Charge 4
2022-03-11T00:45:05Z,70.0,Charge 4
2022-03-11T00:45:10Z,71.0,Charge 4
2022-03-11T00:45:25Z,72.0,Charge 4
2022-03-11T00:45:30Z,73.0,Charge 4
2022-03-11T00:45:35Z,72.0,Charge 4
2022-03-11T00:45:45Z,71.0,Charge 4
2022-03-11T00:45:50Z,70.0,Charge 4
2022-03-11T00:45:55Z,69.0,Charge 4
2022-03-11T00:46:00Z,70.0,Charge 4
2022-03-11T00:46:06Z,70.0,Charge 4
2022-03-11T00:46:21Z,69.0,Charge 4
2022-03-11T00:46:26Z,70.0,Charge 4
2022-03-11T00:46:41Z,70.0,Charge 4
2022-03-11T00:46:46Z,71.0,Charge 4
2022-03-11T00:47:01Z,72.0,Charge 4
2022-03-11T00:47:11Z,71.0,Charge 4
2022-03-11T00:47:16Z,72.0,Charge 4
2022-03-11T00:47:31Z,72.0,Charge 4
2022-03-11T00:47:46Z,71.0,Charge 4
2022-03-11T00:47:51Z,71.0,Charge 4
2022-03-11T00:48:01Z,72.0,Charge 4
2022-03-11T00:48:16Z,72.0,Charge 4
2022-03-11T00:48:21Z,71.0,Charge 4
2022-03-11T00:48:26Z,73.0,Charge 4
2022-03-11T00:48:31Z,73.0,Charge 4
2022-03-11T00:48:46Z,73.0,Charge 4
2022-03-11T00:48:51Z,81.0,Charge 4
2022-03-11T00:48:56Z,80.0,Charge 4
2022-03-11T00:49:01Z,75.0,Charge 4
2022-03-11T00:49:06Z,72.0,Charge 4
2022-03-11T00:49:11Z,69.0,Charge 4
2022-03-11T00:49:16Z,68.0,Charge 4
2022-03-11T00:49:21Z,67.0,Charge 4
2022-03-11T00:49:27Z,67.0,Charge 4
2022-03-11T00:49:32Z,68.0,Charge 4
2022-03-11T00:49:37Z,69.0,Charge 4
2022-03-11T00:49:52Z,69.0,Charge 4
2022-03-11T00:49:57Z,68.0,Charge 4
2022-03-11T00:50:07Z,70.0,Charge 4
2022-03-11T00:50:12Z,71.0,Charge 4
2022-03-11T00:50:22Z,70.0,Charge 4
2022-03-11T00:50:37Z,70.0,Charge 4
2022-03-11T00:50:52Z,69.0,Charge 4
2022-03-11T00:51:07Z,72.0,Charge 4
2022-03-11T00:51:12Z,75.0,Charge 4
2022-03-11T00:51:17Z,77.0,Charge 4
2022-03-11T00:51:27Z,75.0,Charge 4
2022-03-11T00:51:32Z,73.0,Charge 4
2022-03-11T00:51:42Z,72.0,Charge 4
2022-03-11T00:51:47Z,71.0,Charge 4
2022-03-11T00:51:57Z,70.0,Charge 4
2022-03-11T00:52:02Z,69.0,Charge 4
2022-03-11T00:52:12Z,68.0,Charge 4
2022-03-11T00:52:22Z,70.0,Charge 4
2022-03-11T00:52:27Z,73.0,Charge 4
2022-03-11T00:52:42Z,73.0,Charge 4
2022-03-11T00:52:52Z,72.0,Charge 4
2022-03-11T00:52:57Z,71.0,Charge 4
2022-03-11T00:53:02Z,70.0,Charge 4
2022-03-11T00:53:12Z,69.0,Charge 4
2022-03-11T00:53:17Z,69.0,Charge 4
2022-03-11T00:53:22Z,72.0,Charge 4
2022-03-11T00:53:32Z,71.0,Charge 4
2022-03-11T00:53:42Z,70.0,Charge 4
2022-03-11T00:53:57Z,70.0,Charge 4
2022-03-11T00:54:12Z,70.0,Charge 4
2022-03-11T00:54:17Z,71.0,Charge 4
2022-03-11T00:54:27Z,70.0,Charge 4
2022-03-11T00:54:37Z,71.0,Charge 4
2022-03-11T00:54:42Z,70.0,Charge 4
2022-03-11T00:54:47Z,69.0,Charge 4
2022-03-11T00:54:52Z,71.0,Charge 4
2022-03-11T00:54:57Z,73.0,Charge 4
2022-03-11T00:55:02Z,72.0,Charge 4
2022-03-11T00:55:12Z,73.0,Charge 4
2022-03-11T00:55:17Z,75.0,Charge 4
2022-03-11T00:55:22Z,76.0,Charge 4
2022-03-11T00:55:27Z,74.0,Charge 4
2022-03-11T00:55:32Z,72.0,Charge 4
2022-03-11T00:55:37Z,70.0,Charge 4
2022-03-11T00:55:52Z,70.0,Charge 4
2022-03-11T00:56:02Z,72.0,Charge 4
2022-03-11T00:56:07Z,79.0,Charge 4
2022-03-11T00:56:12Z,85.0,Charge 4
2022-03-11T00:56:17Z,82.0,Charge 4
2022-03-11T00:56:22Z,76.0,Charge 4
2022-03-11T00:56:28Z,72.0,Charge 4
2022-03-11T00:56:33Z,69.0,Charge 4
2022-03-11T00:56:38Z,67.0,Charge 4
2022-03-11T00:56:48Z,65.0,Charge 4
2022-03-11T00:57:03Z,67.0,Charge 4
2022-03-11T00:57:13Z,68.0,Charge 4
2022-03-11T00:57:18Z,69.0,Charge 4
2022-03-11T00:57:23Z,70.0,Charge 4
2022-03-11T00:57:33Z,71.0,Charge 4
2022-03-11T00:57:38Z,73.0,Charge 4
2022-03-11T00:57:43Z,74.0,Charge 4
2022-03-11T00:57:48Z,73.0,Charge 4
2022-03-11T00:58:03Z,72.0,Charge 4
2022-03-11T00:58:13Z,73.0,Charge 4
2022-03-11T00:58:18Z,72.0,Charge 4
2022-03-11T00:58:23Z,71.0,Charge 4
2022-03-11T00:58:33Z,72.0,Charge 4
2022-03-11T00:58:38Z,73.0,Charge 4
2022-03-11T00:58:43Z,74.0,Charge 4
2022-03-11T00:58:53Z,72.0,Charge 4
2022-03-11T00:58:58Z,71.0,Charge 4
2022-03-11T00:59:13Z,71.0,Charge 4
2022-03-11T00:59:18Z,75.0,Charge 4
2022-03-11T00:59:23Z,76.0,Charge 4
2022-03-11T00:59:28Z,75.0,Charge 4
2022-03-11T00:59:33Z,74.0,Charge 4
2022-03-11T00:59:38Z,73.0,Charge 4
2022-03-11T00:59:43Z,74.0,Charge 4
2022-03-11T00:59:48Z,75.0,Charge 4
2022-03-11T00:59:53Z,74.0,Charge 4
2022-03-11T01:00:08Z,75.0,Charge 4
2022-03-11T01:00:13Z,76.0,Charge 4
2022-03-11T01:00:18Z,75.0,Charge 4
2022-03-11T01:00:23Z,73.0,Charge 4
2022-03-11T01:00:33Z,72.0,Charge 4
2022-03-11T01:00:38Z,71.0,Charge 4
2022-03-11T01:00:43Z,70.0,Charge 4
2022-03-11T01:00:53Z,72.0,Charge 4
2022-03-11T01:01:08Z,72.0,Charge 4
2022-03-11T01:01:13Z,82.0,Charge 4
2022-03-11T01:01:23Z,77.0,Charge 4
2022-03-11T01:01:28Z,72.0,Charge 4
2022-03-11T01:01:33Z,71.0,Charge 4
2022-03-11T01:01:38Z,70.0,Charge 4
2022-03-11T01:01:43Z,69.0,Charge 4
2022-03-11T01:01:48Z,68.0,Charge 4
2022-03-11T01:01:53Z,69.0,Charge 4
2022-03-11T01:02:03Z,70.0,Charge 4
2022-03-11T01:02:18Z,70.0,Charge 4
2022-03-11T01:02:33Z,70.0,Charge 4
2022-03-11T01:02:38Z,72.0,Charge 4
2022-03-11T01:02:44Z,73.0,Charge 4
2022-03-11T01:02:49Z,72.0,Charge 4
2022-03-11T01:02:59Z,73.0,Charge 4
2022-03-11T01:03:04Z,72.0,Charge 4
2022-03-11T01:03:09Z,73.0,Charge 4
2022-03-11T01:03:14Z,74.0,Charge 4
2022-03-11T01:03:19Z,75.0,Charge 4
2022-03-11T01:03:24Z,74.0,Charge 4
2022-03-11T01:03:29Z,72.0,Charge 4
2022-03-11T01:03:44Z,72.0,Charge 4
2022-03-11T01:03:54Z,73.0,Charge 4
2022-03-11T01:03:59Z,74.0,Charge 4
2022-03-11T01:04:09Z,75.0,Charge 4
2022-03-11T01:04:19Z,74.0,Charge 4
2022-03-11T01:04:24Z,73.0,Charge 4
2022-03-11T01:04:34Z,73.0,Charge 4
2022-03-11T01:04:39Z,74.0,Charge 4
2022-03-11T01:04:49Z,72.0,Charge 4
2022-03-11T01:05:04Z,74.0,Charge 4
2022-03-11T01:05:09Z,76.0,Charge 4
2022-03-11T01:05:19Z,75.0,Charge 4
2022-03-11T01:05:29Z,75.0,Charge 4
2022-03-11T01:05:34Z,77.0,Charge 4
2022-03-11T01:05:39Z,75.0,Charge 4
2022-03-11T01:05:44Z,74.0,Charge 4
2022-03-11T01:05:49Z,74.0,Charge 4
2022-03-11T01:05:54Z,75.0,Charge 4
2022-03-11T01:05:59Z,75.0,Charge 4
2022-03-11T01:06:04Z,74.0,Charge 4
2022-03-11T01:06:09Z,73.0,Charge 4
2022-03-11T01:06:19Z,72.0,Charge 4
2022-03-11T01:06:24Z,71.0,Charge 4
2022-03-11T01:06:29Z,73.0,Charge 4
2022-03-11T01:06:34Z,74.0,Charge 4
2022-03-11T01:06:39Z,74.0,Charge 4
2022-03-11T01:06:44Z,73.0,Charge 4
2022-03-11T01:06:54Z,74.0,Charge 4
2022-03-11T01:06:59Z,75.0,Charge 4
2022-03-11T01:07:04Z,76.0,Charge 4
2022-03-11T01:07:14Z,75.0,Charge 4
2022-03-11T01:07:24Z,75.0,Charge 4
2022-03-11T01:07:29Z,73.0,Charge 4
2022-03-11T01:07:34Z,72.0,Charge 4
2022-03-11T01:07:44Z,73.0,Charge 4
2022-03-11T01:07:49Z,72.0,Charge 4
2022-03-11T01:08:04Z,72.0,Charge 4
2022-03-11T01:08:19Z,74.0,Charge 4
2022-03-11T01:08:34Z,75.0,Charge 4
2022-03-11T01:08:39Z,75.0,Charge 4
2022-03-11T01:08:44Z,76.0,Charge 4
2022-03-11T01:08:49Z,75.0,Charge 4
2022-03-11T01:08:55Z,74.0,Charge 4
2022-03-11T01:09:00Z,74.0,Charge 4
2022-03-11T01:09:05Z,73.0,Charge 4
2022-03-11T01:09:20Z,72.0,Charge 4
2022-03-11T01:09:35Z,73.0,Charge 4
2022-03-11T01:09:40Z,74.0,Charge 4
2022-03-11T01:09:45Z,75.0,Charge 4
2022-03-11T01:09:50Z,76.0,Charge 4
2022-03-11T01:09:55Z,75.0,Charge 4
2022-03-11T01:10:00Z,73.0,Charge 4
2022-03-11T01:10:15Z,74.0,Charge 4
2022-03-11T01:10:30Z,74.0,Charge 4
2022-03-11T01:10:35Z,75.0,Charge 4
2022-03-11T01:10:45Z,75.0,Charge 4
2022-03-11T01:10:50Z,74.0,Charge 4
2022-03-11T01:10:55Z,72.0,Charge 4
2022-03-11T01:11:00Z,71.0,Charge 4
2022-03-11T01:11:10Z,72.0,Charge 4
2022-03-11T01:11:15Z,72.0,Charge 4
2022-03-11T01:11:25Z,73.0,Charge 4
2022-03-11T01:11:30Z,78.0,Charge 4
2022-03-11T01:11:35Z,83.0,Charge 4
2022-03-11T01:11:40Z,80.0,Charge 4
2022-03-11T01:11:45Z,75.0,Charge 4
2022-03-11T01:11:50Z,70.0,Charge 4
2022-03-11T01:11:55Z,67.0,Charge 4
2022-03-11T01:12:00Z,66.0,Charge 4
2022-03-11T01:12:05Z,65.0,Charge 4
2022-03-11T01:12:15Z,70.0,Charge 4
2022-03-11T01:12:20Z,72.0,Charge 4
2022-03-11T01:12:25Z,73.0,Charge 4
2022-03-11T01:12:30Z,74.0,Charge 4
2022-03-11T01:12:40Z,73.0,Charge 4
2022-03-11T01:12:45Z,71.0,Charge 4
2022-03-11T01:12:50Z,69.0,Charge 4
2022-03-11T01:13:05Z,70.0,Charge 4
2022-03-11T01:13:10Z,72.0,Charge 4
2022-03-11T01:13:15Z,74.0,Charge 4
2022-03-11T01:13:25Z,73.0,Charge 4
2022-03-11T01:13:30Z,71.0,Charge 4
2022-03-11T01:13:40Z,72.0,Charge 4
2022-03-11T01:13:45Z,71.0,Charge 4
2022-03-11T01:14:00Z,71.0,Charge 4
2022-03-11T01:14:15Z,70.0,Charge 4
2022-03-11T01:14:20Z,71.0,Charge 4
2022-03-11T01:14:25Z,73.0,Charge 4
2022-03-11T01:14:30Z,75.0,Charge 4
2022-03-11T01:14:35Z,76.0,Charge 4
2022-03-11T01:14:40Z,75.0,Charge 4
2022-03-11T01:14:45Z,74.0,Charge 4
2022-03-11T01:14:50Z,72.0,Charge 4
2022-03-11T01:15:05Z,72.0,Charge 4
2022-03-11T01:15:11Z,71.0,Charge 4
2022-03-11T01:15:21Z,72.0,Charge 4
2022-03-11T01:15:31Z,70.0,Charge 4
2022-03-11T01:15:36Z,69.0,Charge 4
2022-03-11T01:15:51Z,70.0,Charge 4
2022-03-11T01:15:56Z,71.0,Charge 4
2022-03-11T01:16:06Z,73.0,Charge 4
2022-03-11T01:16:11Z,74.0,Charge 4
2022-03-11T01:16:16Z,75.0,Charge 4
2022-03-11T01:16:21Z,74.0,Charge 4
2022-03-11T01:16:26Z,72.0,Charge 4
2022-03-11T01:16:31Z,72.0,Charge 4
2022-03-11T01:16:41Z,73.0,Charge 4
2022-03-11T01:16:46Z,79.0,Charge 4
2022-03-11T01:16:51Z,82.0,Charge 4
2022-03-11T01:17:01Z,79.0,Charge 4
2022-03-11T01:17:06Z,76.0,Charge 4
2022-03-11T01:17:11Z,79.0,Charge 4
2022-03-11T01:17:16Z,74.0,Charge 4
2022-03-11T01:17:21Z,71.0,Charge 4
2022-03-11T01:17:26Z,69.0,Charge 4
2022-03-11T01:17:36Z,70.0,Charge 4
2022-03-11T01:17:46Z,69.0,Charge 4
2022-03-11T01:17:56Z,68.0,Charge 4
2022-03-11T01:18:11Z,68.0,Charge 4
2022-03-11T01:18:16Z,70.0,Charge 4
2022-03-11T01:18:21Z,72.0,Charge 4
2022-03-11T01:18:26Z,71.0,Charge 4
2022-03-11T01:18:36Z,72.0,Charge 4
2022-03-11T01:18:46Z,73.0,Charge 4
2022-03-11T01:18:51Z,72.0,Charge 4
2022-03-11T01:19:06Z,71.0,Charge 4
2022-03-11T01:19:21Z,71.0,Charge 4
2022-03-11T01:19:26Z,72.0,Charge 4
2022-03-11T01:19:36Z,73.0,Charge 4
2022-03-11T01:19:41Z,74.0,Charge 4
2022-03-11T01:19:46Z,73.0,Charge 4
2022-03-11T01:19:51Z,72.0,Charge 4
2022-03-11T01:20:06Z,72.0,Charge 4
2022-03-11T01:20:11Z,71.0,Charge 4
2022-03-11T01:20:16Z,70.0,Charge 4
2022-03-11T01:20:26Z,69.0,Charge 4
2022-03-11T01:20:36Z,70.0,Charge 4
2022-03-11T01:20:46Z,71.0,Charge 4
2022-03-11T01:20:51Z,72.0,Charge 4
2022-03-11T01:21:01Z,71.0,Charge 4
2022-03-11T01:21:11Z,72.0,Charge 4
2022-03-11T01:21:16Z,73.0,Charge 4
2022-03-11T01:21:26Z,72.0,Charge 4
2022-03-11T01:21:31Z,73.0,Charge 4
2022-03-11T01:21:36Z,74.0,Charge 4
2022-03-11T01:21:46Z,74.0,Charge 4
2022-03-11T01:21:56Z,75.0,Charge 4
2022-03-11T01:22:01Z,75.0,Charge 4
2022-03-11T01:22:07Z,74.0,Charge 4
2022-03-11T01:22:17Z,73.0,Charge 4
2022-03-11T01:22:22Z,71.0,Charge 4
2022-03-11T01:22:27Z,72.0,Charge 4
2022-03-11T01:22:32Z,74.0,Charge 4
2022-03-11T01:22:37Z,73.0,Charge 4
2022-03-11T01:22:42Z,71.0,Charge 4
2022-03-11T01:22:52Z,70.0,Charge 4
2022-03-11T01:23:07Z,70.0,Charge 4
2022-03-11T01:23:12Z,72.0,Charge 4
2022-03-11T01:23:22Z,71.0,Charge 4
2022-03-11T01:23:27Z,70.0,Charge 4
2022-03-11T01:23:32Z,71.0,Charge 4
2022-03-11T01:23:47Z,72.0,Charge 4
2022-03-11T01:23:52Z,73.0,Charge 4
2022-03-11T01:24:02Z,74.0,Charge 4
2022-03-11T01:24:07Z,75.0,Charge 4
2022-03-11T01:24:12Z,76.0,Charge 4
2022-03-11T01:24:17Z,74.0,Charge 4
2022-03-11T01:24:32Z,72.0,Charge 4
2022-03-11T01:24:37Z,70.0,Charge 4
2022-03-11T01:24:47Z,71.0,Charge 4
2022-03-11T01:24:52Z,72.0,Charge 4
2022-03-11T01:24:57Z,73.0,Charge 4
2022-03-11T01:25:02Z,74.0,Charge 4
2022-03-11T01:25:07Z,75.0,Charge 4
2022-03-11T01:25:17Z,74.0,Charge 4
2022-03-11T01:25:22Z,73.0,Charge 4
2022-03-11T01:25:32Z,73.0,Charge 4
2022-03-11T01:25:42Z,72.0,Charge 4
2022-03-11T01:25:47Z,72.0,Charge 4
2022-03-11T01:26:02Z,73.0,Charge 4
2022-03-11T01:26:12Z,74.0,Charge 4
2022-03-11T01:26:17Z,75.0,Charge 4
2022-03-11T01:26:22Z,73.0,Charge 4
2022-03-11T01:26:27Z,72.0,Charge 4
2022-03-11T01:26:42Z,71.0,Charge 4
2022-03-11T01:26:57Z,71.0,Charge 4
2022-03-11T01:27:07Z,73.0,Charge 4
2022-03-11T01:27:12Z,74.0,Charge 4
2022-03-11T01:27:17Z,73.0,Charge 4
2022-03-11T01:27:27Z,74.0,Charge 4
2022-03-11T01:27:32Z,74.0,Charge 4
2022-03-11T01:27:42Z,74.0,Charge 4
2022-03-11T01:27:47Z,73.0,Charge 4
2022-03-11T01:28:02Z,73.0,Charge 4
2022-03-11T01:28:07Z,75.0,Charge 4
2022-03-11T01:28:12Z,77.0,Charge 4
2022-03-11T01:28:17Z,79.0,Charge 4
2022-03-11T01:28:22Z,78.0,Charge 4
2022-03-11T01:28:27Z,77.0,Charge 4
2022-03-11T01:28:32Z,76.0,Charge 4
2022-03-11T01:28:47Z,76.0,Charge 4
2022-03-11T01:28:48Z,75.0,Charge 4
2022-03-11T01:28:53Z,73.0,Charge 4
2022-03-11T01:28:58Z,72.0,Charge 4
2022-03-11T01:29:03Z,73.0,Charge 4
2022-03-11T01:29:13Z,74.0,Charge 4
2022-03-11T01:29:18Z,75.0,Charge 4
2022-03-11T01:29:23Z,74.0,Charge 4
2022-03-11T01:29:33Z,74.0,Charge 4
2022-03-11T01:29:38Z,75.0,Charge 4
2022-03-11T01:29:53Z,75.0,Charge 4
2022-03-11T01:29:58Z,74.0,Charge 4
2022-03-11T01:30:13Z,74.0,Charge 4
2022-03-11T01:30:28Z,75.0,Charge 4
2022-03-11T01:30:33Z,79.0,Charge 4
2022-03-11T01:30:38Z,81.0,Charge 4
2022-03-11T01:30:43Z,78.0,Charge 4
2022-03-11T01:30:48Z,73.0,Charge 4
2022-03-11T01:30:53Z,70.0,Charge 4
2022-03-11T01:31:08Z,70.0,Charge 4
2022-03-11T01:31:13Z,71.0,Charge 4
2022-03-11T01:31:28Z,70.0,Charge 4
2022-03-11T01:31:38Z,71.0,Charge 4
2022-03-11T01:31:43Z,72.0,Charge 4
2022-03-11T01:31:53Z,72.0,Charge 4
2022-03-11T01:31:58Z,71.0,Charge 4
2022-03-11T01:32:03Z,70.0,Charge 4
2022-03-11T01:32:08Z,69.0,Charge 4
2022-03-11T01:32:13Z,68.0,Charge 4
2022-03-11T01:32:28Z,68.0,Charge 4
2022-03-11T01:32:38Z,69.0,Charge 4
2022-03-11T01:32:43Z,70.0,Charge 4
2022-03-11T01:32:48Z,72.0,Charge 4
2022-03-11T01:32:53Z,71.0,Charge 4
2022-03-11T01:32:58Z,70.0,Charge 4
2022-03-11T01:33:13Z,70.0,Charge 4
2022-03-11T01:33:18Z,71.0,Charge 4
2022-03-11T01:33:33Z,70.0,Charge 4
2022-03-11T01:33:38Z,71.0,Charge 4
2022-03-11T01:33:53Z,71.0,Charge 4
2022-03-11T01:33:58Z,70.0,Charge 4
2022-03-11T01:34:08Z,71.0,Charge 4
2022-03-11T01:34:18Z,71.0,Charge 4
2022-03-11T01:34:23Z,72.0,Charge 4
2022-03-11T01:34:28Z,74.0,Charge 4
2022-03-11T01:34:33Z,73.0,Charge 4
2022-03-11T01:34:43Z,72.0,Charge 4
2022-03-11T01:34:48Z,70.0,Charge 4
2022-03-11T01:34:53Z,69.0,Charge 4
2022-03-11T01:35:03Z,68.0,Charge 4
2022-03-11T01:35:13Z,69.0,Charge 4
2022-03-11T01:35:28Z,69.0,Charge 4
2022-03-11T01:35:54Z,68.0,Charge 4
2022-03-11T01:36:09Z,68.0,Charge 4
2022-03-11T01:36:14Z,68.0,Charge 4
2022-03-11T01:36:29Z,69.0,Charge 4
2022-03-11T01:36:44Z,69.0,Charge 4
2022-03-11T01:36:59Z,69.0,Charge 4
2022-03-11T01:37:04Z,68.0,Charge 4
2022-03-11T01:37:14Z,69.0,Charge 4
2022-03-11T01:37:29Z,68.0,Charge 4
2022-03-11T01:37:44Z,68.0,Charge 4
2022-03-11T01:37:59Z,70.0,Charge 4
2022-03-11T01:38:14Z,71.0,Charge 4
2022-03-11T01:38:29Z,72.0,Charge 4
2022-03-11T01:38:34Z,70.0,Charge 4
2022-03-11T01:38:39Z,69.0,Charge 4
2022-03-11T01:38:49Z,70.0,Charge 4
2022-03-11T01:39:04Z,70.0,Charge 4
2022-03-11T01:39:19Z,70.0,Charge 4
2022-03-11T01:39:29Z,71.0,Charge 4
2022-03-11T01:39:39Z,72.0,Charge 4
2022-03-11T01:39:44Z,72.0,Charge 4
2022-03-11T01:39:49Z,73.0,Charge 4
2022-03-11T01:40:04Z,73.0,Charge 4
2022-03-11T01:40:19Z,73.0,Charge 4
2022-03-11T01:40:24Z,74.0,Charge 4
2022-03-11T01:40:29Z,75.0,Charge 4
2022-03-11T01:40:34Z,74.0,Charge 4
2022-03-11T01:40:40Z,75.0,Charge 4
2022-03-11T01:40:55Z,75.0,Charge 4
2022-03-11T01:41:00Z,75.0,Charge 4
2022-03-11T01:41:15Z,75.0,Charge 4
2022-03-11T01:41:30Z,74.0,Charge 4
2022-03-11T01:41:40Z,75.0,Charge 4
2022-03-11T01:41:45Z,76.0,Charge 4
2022-03-11T01:41:55Z,75.0,Charge 4
2022-03-11T01:42:00Z,78.0,Charge 4
2022-03-11T01:42:05Z,78.0,Charge 4
2022-03-11T01:42:10Z,74.0,Charge 4
2022-03-11T01:42:15Z,73.0,Charge 4
2022-03-11T01:42:25Z,71.0,Charge 4
2022-03-11T01:42:30Z,70.0,Charge 4
2022-03-11T01:42:35Z,72.0,Charge 4
2022-03-11T01:42:45Z,71.0,Charge 4
2022-03-11T01:42:55Z,72.0,Charge 4
2022-03-11T01:43:00Z,71.0,Charge 4
2022-03-11T01:43:10Z,70.0,Charge 4
2022-03-11T01:43:25Z,71.0,Charge 4
2022-03-11T01:43:30Z,70.0,Charge 4
2022-03-11T01:43:45Z,69.0,Charge 4
2022-03-11T01:43:55Z,68.0,Charge 4
2022-03-11T01:44:05Z,69.0,Charge 4
2022-03-11T01:44:15Z,70.0,Charge 4
2022-03-11T01:44:20Z,69.0,Charge 4
2022-03-11T01:44:30Z,70.0,Charge 4
2022-03-11T01:44:35Z,70.0,Charge 4
2022-03-11T01:44:40Z,71.0,Charge 4
2022-03-11T01:44:45Z,70.0,Charge 4
2022-03-11T01:45:00Z,70.0,Charge 4
2022-03-11T01:45:05Z,71.0,Charge 4
2022-03-11T01:45:10Z,70.0,Charge 4
2022-03-11T01:45:25Z,70.0,Charge 4
2022-03-11T01:45:40Z,70.0,Charge 4
2022-03-11T01:45:50Z,71.0,Charge 4
2022-03-11T01:46:00Z,69.0,Charge 4
2022-03-11T01:46:10Z,71.0,Charge 4
2022-03-11T01:46:15Z,70.0,Charge 4
2022-03-11T01:46:20Z,69.0,Charge 4
2022-03-11T01:46:30Z,70.0,Charge 4
2022-03-11T01:46:35Z,71.0,Charge 4
2022-03-11T01:46:40Z,72.0,Charge 4
2022-03-11T01:46:45Z,73.0,Charge 4
2022-03-11T01:47:00Z,72.0,Charge 4
2022-03-11T01:47:15Z,72.0,Charge 4
2022-03-11T01:47:30Z,72.0,Charge 4
2022-03-11T01:47:35Z,73.0,Charge 4
2022-03-11T01:47:50Z,73.0,Charge 4
2022-03-11T01:48:00Z,72.0,Charge 4
2022-03-11T01:48:10Z,73.0,Charge 4
2022-03-11T01:48:15Z,72.0,Charge 4
2022-03-11T01:48:20Z,71.0,Charge 4
2022-03-11T01:48:25Z,70.0,Charge 4
2022-03-11T01:48:31Z,70.0,Charge 4
2022-03-11T01:48:36Z,71.0,Charge 4
2022-03-11T01:48:41Z,70.0,Charge 4
2022-03-11T01:48:46Z,69.0,Charge 4
2022-03-11T01:48:56Z,70.0,Charge 4
2022-03-11T01:49:01Z,69.0,Charge 4
2022-03-11T01:49:11Z,69.0,Charge 4
2022-03-11T01:49:16Z,68.0,Charge 4
2022-03-11T01:49:21Z,67.0,Charge 4
2022-03-11T01:49:31Z,68.0,Charge 4
2022-03-11T01:49:36Z,69.0,Charge 4
2022-03-11T01:49:51Z,69.0,Charge 4
2022-03-11T01:50:01Z,68.0,Charge 4
2022-03-11T01:50:11Z,69.0,Charge 4
2022-03-11T01:50:16Z,70.0,Charge 4
2022-03-11T01:50:21Z,71.0,Charge 4
2022-03-11T01:50:26Z,70.0,Charge 4
2022-03-11T01:50:41Z,70.0,Charge 4
2022-03-11T01:50:51Z,70.0,Charge 4
2022-03-11T01:50:56Z,71.0,Charge 4
2022-03-11T01:51:01Z,73.0,Charge 4
2022-03-11T01:51:06Z,69.0,Charge 4
2022-03-11T01:51:11Z,68.0,Charge 4
2022-03-11T01:51:16Z,69.0,Charge 4
2022-03-11T01:51:21Z,71.0,Charge 4
2022-03-11T01:51:36Z,73.0,Charge 4
2022-03-11T01:51:41Z,74.0,Charge 4
2022-03-11T01:51:46Z,73.0,Charge 4
2022-03-11T01:51:51Z,74.0,Charge 4
2022-03-11T01:51:56Z,74.0,Charge 4
2022-03-11T01:52:01Z,71.0,Charge 4
2022-03-11T01:52:06Z,69.0,Charge 4
2022-03-11T01:52:21Z,69.0,Charge 4
2022-03-11T01:52:31Z,70.0,Charge 4
2022-03-11T01:52:41Z,70.0,Charge 4
2022-03-11T01:52:56Z,70.0,Charge 4
2022-03-11T01:53:01Z,72.0,Charge 4
2022-03-11T01:53:06Z,71.0,Charge 4
2022-03-11T01:53:11Z,67.0,Charge 4
2022-03-11T01:53:16Z,65.0,Charge 4
2022-03-11T01:53:21Z,64.0,Charge 4
2022-03-11T01:53:31Z,65.0,Charge 4
2022-03-11T01:53:36Z,66.0,Charge 4
2022-03-11T01:53:51Z,66.0,Charge 4
2022-03-11T01:54:06Z,66.0,Charge 4
2022-03-11T01:54:21Z,66.0,Charge 4
2022-03-11T01:54:26Z,65.0,Charge 4
2022-03-11T01:54:41Z,65.0,Charge 4
2022-03-11T01:54:51Z,66.0,Charge 4
2022-03-11T01:55:01Z,67.0,Charge 4
2022-03-11T01:55:06Z,69.0,Charge 4
2022-03-11T01:55:11Z,70.0,Charge 4
2022-03-11T01:55:21Z,69.0,Charge 4
2022-03-11T01:55:27Z,68.0,Charge 4
2022-03-11T01:55:42Z,69.0,Charge 4
2022-03-11T01:55:57Z,69.0,Charge 4
2022-03-11T01:56:02Z,68.0,Charge 4
2022-03-11T01:56:12Z,68.0,Charge 4
2022-03-11T01:56:17Z,69.0,Charge 4
2022-03-11T01:56:22Z,68.0,Charge 4
2022-03-11T01:56:37Z,69.0,Charge 4
2022-03-11T01:56:42Z,70.0,Charge 4
2022-03-11T01:56:47Z,71.0,Charge 4
2022-03-11T01:56:52Z,70.0,Charge 4
2022-03-11T01:56:57Z,69.0,Charge 4
2022-03-11T01:57:02Z,68.0,Charge 4
2022-03-11T01:57:17Z,68.0,Charge 4
2022-03-11T01:57:22Z,69.0,Charge 4
2022-03-11T01:57:32Z,71.0,Charge 4
2022-03-11T01:57:37Z,69.0,Charge 4
2022-03-11T01:57:42Z,68.0,Charge 4
2022-03-11T01:57:57Z,68.0,Charge 4
2022-03-11T01:58:02Z,68.0,Charge 4
2022-03-11T01:58:12Z,69.0,Charge 4
2022-03-11T01:58:17Z,67.0,Charge 4
2022-03-11T01:58:32Z,67.0,Charge 4
2022-03-11T01:58:37Z,66.0,Charge 4
2022-03-11T01:58:47Z,67.0,Charge 4
2022-03-11T01:58:57Z,68.0,Charge 4
2022-03-11T01:59:02Z,70.0,Charge 4
2022-03-11T01:59:07Z,70.0,Charge 4
2022-03-11T01:59:12Z,68.0,Charge 4
2022-03-11T01:59:17Z,69.0,Charge 4
2022-03-11T01:59:27Z,70.0,Charge 4
2022-03-11T01:59:32Z,71.0,Charge 4
2022-03-11T01:59:37Z,72.0,Charge 4
2022-03-11T01:59:42Z,73.0,Charge 4
2022-03-11T01:59:52Z,72.0,Charge 4
2022-03-11T01:59:57Z,71.0,Charge 4
2022-03-11T02:00:02Z,69.0,Charge 4
2022-03-11T02:00:07Z,70.0,Charge 4
2022-03-11T02:00:17Z,68.0,Charge 4
2022-03-11T02:00:22Z,66.0,Charge 4
2022-03-11T02:00:27Z,64.0,Charge 4
2022-03-11T02:00:37Z,65.0,Charge 4
2022-03-11T02:00:47Z,66.0,Charge 4
2022-03-11T02:01:02Z,66.0,Charge 4
2022-03-11T02:01:07Z,70.0,Charge 4
2022-03-11T02:01:12Z,72.0,Charge 4
2022-03-11T02:01:17Z,75.0,Charge 4
2022-03-11T02:01:22Z,74.0,Charge 4
2022-03-11T02:01:32Z,75.0,Charge 4
2022-03-11T02:01:37Z,74.0,Charge 4
2022-03-11T02:01:42Z,72.0,Charge 4
2022-03-11T02:01:47Z,70.0,Charge 4
2022-03-11T02:01:52Z,68.0,Charge 4
2022-03-11T02:01:58Z,66.0,Charge 4
2022-03-11T02:02:03Z,65.0,Charge 4
2022-03-11T02:02:08Z,64.0,Charge 4
2022-03-11T02:02:13Z,63.0,Charge 4
2022-03-11T02:02:18Z,63.0,Charge 4
2022-03-11T02:02:23Z,66.0,Charge 4
2022-03-11T02:02:28Z,67.0,Charge 4
2022-03-11T02:02:33Z,65.0,Charge 4
2022-03-11T02:02:43Z,66.0,Charge 4
2022-03-11T02:02:48Z,67.0,Charge 4
2022-03-11T02:02:53Z,66.0,Charge 4
2022-03-11T02:02:58Z,67.0,Charge 4
2022-03-11T02:03:08Z,66.0,Charge 4
2022-03-11T02:03:23Z,67.0,Charge 4
2022-03-11T02:03:33Z,68.0,Charge 4
2022-03-11T02:03:43Z,70.0,Charge 4
2022-03-11T02:03:48Z,72.0,Charge 4
2022-03-11T02:03:53Z,73.0,Charge 4
2022-03-11T02:04:03Z,77.0,Charge 4
2022-03-11T02:04:08Z,84.0,Charge 4
2022-03-11T02:04:13Z,81.0,Charge 4
2022-03-11T02:04:18Z,75.0,Charge 4
2022-03-11T02:04:23Z,71.0,Charge 4
2022-03-11T02:04:28Z,68.0,Charge 4
2022-03-11T02:04:33Z,66.0,Charge 4
2022-03-11T02:04:38Z,65.0,Charge 4
2022-03-11T02:04:53Z,65.0,Charge 4
2022-03-11T02:04:58Z,66.0,Charge 4
2022-03-11T02:05:13Z,67.0,Charge 4
2022-03-11T02:05:28Z,67.0,Charge 4
2022-03-11T02:05:38Z,68.0,Charge 4
2022-03-11T02:05:43Z,69.0,Charge 4
2022-03-11T02:05:48Z,68.0,Charge 4
2022-03-11T02:06:03Z,68.0,Charge 4
2022-03-11T02:06:08Z,67.0,Charge 4
2022-03-11T02:06:13Z,66.0,Charge 4
2022-03-11T02:06:23Z,67.0,Charge 4
2022-03-11T02:06:28Z,68.0,Charge 4
2022-03-11T02:06:33Z,66.0,Charge 4
2022-03-11T02:06:38Z,67.0,Charge 4
2022-03-11T02:06:43Z,68.0,Charge 4
2022-03-11T02:06:48Z,69.0,Charge 4
2022-03-11T02:06:53Z,68.0,Charge 4
2022-03-11T02:06:58Z,69.0,Charge 4
2022-03-11T02:07:03Z,71.0,Charge 4
2022-03-11T02:07:08Z,68.0,Charge 4
2022-03-11T02:07:13Z,65.0,Charge 4
2022-03-11T02:07:18Z,66.0,Charge 4
2022-03-11T02:07:23Z,68.0,Charge 4
2022-03-11T02:07:28Z,70.0,Charge 4
2022-03-11T02:07:33Z,69.0,Charge 4
2022-03-11T02:07:38Z,68.0,Charge 4
2022-03-11T02:07:48Z,70.0,Charge 4
2022-03-11T02:07:53Z,71.0,Charge 4
2022-03-11T02:07:59Z,70.0,Charge 4
2022-03-11T02:08:04Z,71.0,Charge 4
2022-03-11T02:08:09Z,72.0,Charge 4
2022-03-11T02:08:14Z,73.0,Charge 4
2022-03-11T02:08:19Z,74.0,Charge 4
2022-03-11T02:08:24Z,73.0,Charge 4
2022-03-11T02:08:29Z,74.0,Charge 4
2022-03-11T02:08:34Z,73.0,Charge 4
2022-03-11T02:08:39Z,68.0,Charge 4
2022-03-11T02:08:44Z,67.0,Charge 4
2022-03-11T02:08:49Z,68.0,Charge 4
2022-03-11T02:08:54Z,69.0,Charge 4
2022-03-11T02:08:59Z,70.0,Charge 4
2022-03-11T02:09:14Z,69.0,Charge 4
2022-03-11T02:09:29Z,70.0,Charge 4
2022-03-11T02:09:34Z,70.0,Charge 4
2022-03-11T02:09:39Z,69.0,Charge 4
2022-03-11T02:09:44Z,68.0,Charge 4
2022-03-11T02:09:54Z,69.0,Charge 4
2022-03-11T02:09:59Z,70.0,Charge 4
2022-03-11T02:10:04Z,71.0,Charge 4
2022-03-11T02:10:14Z,70.0,Charge 4
2022-03-11T02:10:29Z,70.0,Charge 4
2022-03-11T02:10:34Z,71.0,Charge 4
2022-03-11T02:10:39Z,70.0,Charge 4
2022-03-11T02:10:44Z,71.0,Charge 4
2022-03-11T02:10:49Z,72.0,Charge 4
2022-03-11T02:10:54Z,73.0,Charge 4
2022-03-11T02:11:04Z,72.0,Charge 4
2022-03-11T02:11:09Z,69.0,Charge 4
2022-03-11T02:11:14Z,67.0,Charge 4
2022-03-11T02:11:29Z,67.0,Charge 4
2022-03-11T02:11:39Z,66.0,Charge 4
2022-03-11T02:11:49Z,67.0,Charge 4
2022-03-11T02:11:54Z,69.0,Charge 4
2022-03-11T02:11:59Z,70.0,Charge 4
2022-03-11T02:12:09Z,72.0,Charge 4
2022-03-11T02:12:14Z,71.0,Charge 4
2022-03-11T02:12:19Z,70.0,Charge 4
2022-03-11T02:12:24Z,69.0,Charge 4
2022-03-11T02:12:34Z,68.0,Charge 4
2022-03-11T02:12:44Z,70.0,Charge 4
2022-03-11T02:12:49Z,71.0,Charge 4
2022-03-11T02:12:59Z,70.0,Charge 4
2022-03-11T02:13:04Z,68.0,Charge 4
2022-03-11T02:13:19Z,67.0,Charge 4
2022-03-11T02:13:34Z,68.0,Charge 4
2022-03-11T02:13:39Z,69.0,Charge 4
2022-03-11T02:13:44Z,70.0,Charge 4
2022-03-11T02:13:49Z,71.0,Charge 4
2022-03-11T02:13:59Z,69.0,Charge 4
2022-03-11T02:14:09Z,70.0,Charge 4
2022-03-11T02:14:19Z,69.0,Charge 4
2022-03-11T02:14:24Z,67.0,Charge 4
2022-03-11T02:14:30Z,67.0,Charge 4
2022-03-11T02:14:40Z,68.0,Charge 4
2022-03-11T02:14:50Z,67.0,Charge 4
2022-03-11T02:15:05Z,65.0,Charge 4
2022-03-11T02:15:10Z,64.0,Charge 4
2022-03-11T02:15:15Z,65.0,Charge 4
2022-03-11T02:15:20Z,66.0,Charge 4
2022-03-11T02:15:35Z,71.0,Charge 4
2022-03-11T02:15:40Z,69.0,Charge 4
2022-03-11T02:15:55Z,68.0,Charge 4
2022-03-11T02:16:10Z,67.0,Charge 4
2022-03-11T02:16:20Z,68.0,Charge 4
2022-03-11T02:16:25Z,67.0,Charge 4
2022-03-11T02:16:30Z,66.0,Charge 4
2022-03-11T02:16:40Z,67.0,Charge 4
2022-03-11T02:16:50Z,68.0,Charge 4
2022-03-11T02:16:55Z,67.0,Charge 4
2022-03-11T02:17:10Z,67.0,Charge 4
2022-03-11T02:17:15Z,68.0,Charge 4
2022-03-11T02:17:30Z,67.0,Charge 4
2022-03-11T02:17:45Z,67.0,Charge 4
2022-03-11T02:17:55Z,68.0,Charge 4
2022-03-11T02:18:05Z,69.0,Charge 4
2022-03-11T02:18:10Z,70.0,Charge 4
2022-03-11T02:18:20Z,69.0,Charge 4
2022-03-11T02:18:30Z,68.0,Charge 4
2022-03-11T02:18:45Z,70.0,Charge 4
2022-03-11T02:18:50Z,71.0,Charge 4
2022-03-11T02:18:55Z,70.0,Charge 4
2022-03-11T02:19:00Z,68.0,Charge 4
2022-03-11T02:19:05Z,67.0,Charge 4
2022-03-11T02:19:15Z,66.0,Charge 4
2022-03-11T02:19:20Z,65.0,Charge 4
2022-03-11T02:19:35Z,67.0,Charge 4
2022-03-11T02:19:45Z,68.0,Charge 4
2022-03-11T02:19:50Z,69.0,Charge 4
2022-03-11T02:20:05Z,69.0,Charge 4
2022-03-11T02:20:15Z,68.0,Charge 4
2022-03-11T02:20:20Z,67.0,Charge 4
2022-03-11T02:20:35Z,68.0,Charge 4
2022-03-11T02:20:45Z,67.0,Charge 4
2022-03-11T02:20:55Z,68.0,Charge 4
2022-03-11T02:21:10Z,68.0,Charge 4
2022-03-11T02:21:15Z,69.0,Charge 4
2022-03-11T02:21:20Z,70.0,Charge 4
2022-03-11T02:21:30Z,69.0,Charge 4
2022-03-11T02:21:35Z,67.0,Charge 4
2022-03-11T02:21:50Z,67.0,Charge 4
2022-03-11T02:22:05Z,67.0,Charge 4
2022-03-11T02:22:10Z,68.0,Charge 4
2022-03-11T02:22:25Z,68.0,Charge 4
2022-03-11T02:22:30Z,69.0,Charge 4
2022-03-11T02:22:40Z,70.0,Charge 4
2022-03-11T02:22:50Z,69.0,Charge 4
2022-03-11T02:22:56Z,69.0,Charge 4
2022-03-11T02:23:01Z,68.0,Charge 4
2022-03-11T02:23:11Z,67.0,Charge 4
2022-03-11T02:23:26Z,68.0,Charge 4
2022-03-11T02:23:41Z,68.0,Charge 4
2022-03-11T02:23:46Z,67.0,Charge 4
2022-03-11T02:23:56Z,68.0,Charge 4
2022-03-11T02:24:01Z,67.0,Charge 4
2022-03-11T02:24:06Z,68.0,Charge 4
2022-03-11T02:24:11Z,67.0,Charge 4
2022-03-11T02:24:26Z,67.0,Charge 4
2022-03-11T02:24:31Z,68.0,Charge 4
2022-03-11T02:24:41Z,69.0,Charge 4
2022-03-11T02:24:46Z,70.0,Charge 4
2022-03-11T02:24:56Z,69.0,Charge 4
2022-03-11T02:25:01Z,68.0,Charge 4
2022-03-11T02:25:16Z,68.0,Charge 4
2022-03-11T02:25:26Z,69.0,Charge 4
2022-03-11T02:25:31Z,67.0,Charge 4
2022-03-11T02:25:46Z,67.0,Charge 4
2022-03-11T02:25:56Z,66.0,Charge 4
2022-03-11T02:26:06Z,67.0,Charge 4
2022-03-11T02:26:21Z,68.0,Charge 4
2022-03-11T02:26:36Z,69.0,Charge 4
2022-03-11T02:26:41Z,68.0,Charge 4
2022-03-11T02:26:56Z,68.0,Charge 4
2022-03-11T02:27:11Z,68.0,Charge 4
2022-03-11T02:27:16Z,69.0,Charge 4
2022-03-11T02:27:31Z,69.0,Charge 4
2022-03-11T02:27:36Z,68.0,Charge 4
2022-03-11T02:27:51Z,68.0,Charge 4
2022-03-11T02:27:56Z,67.0,Charge 4
2022-03-11T02:28:06Z,66.0,Charge 4
2022-03-11T02:28:21Z,66.0,Charge 4
2022-03-11T02:28:36Z,66.0,Charge 4
2022-03-11T02:28:41Z,66.0,Charge 4
2022-03-11T02:28:46Z,67.0,Charge 4
2022-03-11T02:28:51Z,68.0,Charge 4
2022-03-11T02:29:01Z,67.0,Charge 4
2022-03-11T02:29:16Z,67.0,Charge 4
2022-03-11T02:29:26Z,67.0,Charge 4
2022-03-11T02:29:31Z,68.0,Charge 4
2022-03-11T02:29:36Z,69.0,Charge 4
2022-03-11T02:29:51Z,69.0,Charge 4
2022-03-11T02:29:56Z,67.0,Charge 4
2022-03-11T02:30:06Z,68.0,Charge 4
2022-03-11T02:30:21Z,68.0,Charge 4
2022-03-11T02:30:26Z,65.0,Charge 4
2022-03-11T02:30:36Z,64.0,Charge 4
2022-03-11T02:30:51Z,64.0,Charge 4
2022-03-11T02:30:52Z,65.0,Charge 4
2022-03-11T02:30:57Z,66.0,Charge 4
2022-03-11T02:31:02Z,67.0,Charge 4
2022-03-11T02:31:07Z,66.0,Charge 4
2022-03-11T02:31:17Z,65.0,Charge 4
2022-03-11T02:31:22Z,66.0,Charge 4
2022-03-11T02:31:32Z,67.0,Charge 4
2022-03-11T02:31:42Z,68.0,Charge 4
2022-03-11T02:31:52Z,67.0,Charge 4
2022-03-11T02:31:57Z,66.0,Charge 4
2022-03-11T02:32:07Z,65.0,Charge 4
2022-03-11T02:32:17Z,66.0,Charge 4
2022-03-11T02:32:27Z,67.0,Charge 4
2022-03-11T02:32:37Z,66.0,Charge 4
2022-03-11T02:32:42Z,65.0,Charge 4
2022-03-11T02:32:57Z,66.0,Charge 4
2022-03-11T02:33:02Z,67.0,Charge 4
2022-03-11T02:33:07Z,68.0,Charge 4
2022-03-11T02:33:22Z,67.0,Charge 4
2022-03-11T02:33:27Z,66.0,Charge 4
2022-03-11T02:33:42Z,65.0,Charge 4
2022-03-11T02:33:52Z,66.0,Charge 4
2022-03-11T02:33:57Z,67.0,Charge 4
2022-03-11T02:34:12Z,67.0,Charge 4
2022-03-11T02:34:17Z,66.0,Charge 4
2022-03-11T02:34:27Z,67.0,Charge 4
2022-03-11T02:34:32Z,68.0,Charge 4
2022-03-11T02:34:38Z,69.0,Charge 4
2022-03-11T02:34:43Z,68.0,Charge 4
2022-03-11T02:34:48Z,67.0,Charge 4
2022-03-11T02:35:03Z,67.0,Charge 4
2022-03-11T02:35:08Z,66.0,Charge 4
2022-03-11T02:35:13Z,67.0,Charge 4
2022-03-11T02:35:23Z,66.0,Charge 4
2022-03-11T02:35:38Z,66.0,Charge 4
2022-03-11T02:35:43Z,65.0,Charge 4
2022-03-11T02:35:58Z,65.0,Charge 4
2022-03-11T02:36:08Z,66.0,Charge 4
2022-03-11T02:36:13Z,68.0,Charge 4
2022-03-11T02:36:28Z,67.0,Charge 4
2022-03-11T02:36:43Z,66.0,Charge 4
2022-03-11T02:36:58Z,67.0,Charge 4
2022-03-11T02:37:08Z,66.0,Charge 4
2022-03-11T02:37:18Z,65.0,Charge 4
2022-03-11T02:37:28Z,67.0,Charge 4
2022-03-11T02:37:38Z,68.0,Charge 4
2022-03-11T02:37:43Z,67.0,Charge 4
2022-03-11T02:37:48Z,66.0,Charge 4
2022-03-11T02:38:03Z,66.0,Charge 4
2022-03-11T02:38:18Z,67.0,Charge 4
2022-03-11T02:38:23Z,68.0,Charge 4
2022-03-11T02:38:28Z,69.0,Charge 4
2022-03-11T02:38:33Z,68.0,Charge 4
2022-03-11T02:38:38Z,67.0,Charge 4
2022-03-11T02:38:43Z,66.0,Charge 4
2022-03-11T02:38:48Z,65.0,Charge 4
2022-03-11T02:39:03Z,66.0,Charge 4
2022-03-11T02:39:08Z,67.0,Charge 4
2022-03-11T02:39:13Z,66.0,Charge 4
2022-03-11T02:39:23Z,65.0,Charge 4
2022-03-11T02:39:28Z,64.0,Charge 4
2022-03-11T02:39:38Z,65.0,Charge 4
2022-03-11T02:39:43Z,64.0,Charge 4
2022-03-11T02:39:53Z,65.0,Charge 4
2022-03-11T02:40:03Z,66.0,Charge 4
2022-03-11T02:40:18Z,66.0,Charge 4
2022-03-11T02:40:28Z,67.0,Charge 4
2022-03-11T02:40:33Z,66.0,Charge 4
2022-03-11T02:40:38Z,67.0,Charge 4
2022-03-11T02:40:53Z,67.0,Charge 4
2022-03-11T02:40:58Z,69.0,Charge 4
2022-03-11T02:41:13Z,69.0,Charge 4
2022-03-11T02:41:18Z,69.0,Charge 4
2022-03-11T02:41:23Z,67.0,Charge 4
2022-03-11T02:41:28Z,66.0,Charge 4
2022-03-11T02:41:33Z,65.0,Charge 4
2022-03-11T02:41:48Z,65.0,Charge 4
2022-03-11T02:42:03Z,65.0,Charge 4
2022-03-11T02:42:18Z,65.0,Charge 4
2022-03-11T02:42:19Z,66.0,Charge 4
2022-03-11T02:42:24Z,65.0,Charge 4
2022-03-11T02:42:39Z,65.0,Charge 4
2022-03-11T02:42:44Z,66.0,Charge 4
2022-03-11T02:42:59Z,66.0,Charge 4
2022-03-11T02:43:09Z,65.0,Charge 4
2022-03-11T02:43:19Z,66.0,Charge 4
2022-03-11T02:43:29Z,65.0,Charge 4
2022-03-11T02:43:44Z,65.0,Charge 4
2022-03-11T02:43:59Z,65.0,Charge 4
2022-03-11T02:44:04Z,66.0,Charge 4
2022-03-11T02:44:14Z,67.0,Charge 4
2022-03-11T02:44:19Z,66.0,Charge 4
2022-03-11T02:44:34Z,65.0,Charge 4
2022-03-11T02:44:49Z,66.0,Charge 4
2022-03-11T02:44:54Z,67.0,Charge 4
2022-03-11T02:45:04Z,66.0,Charge 4
2022-03-11T02:45:19Z,66.0,Charge 4
2022-03-11T02:45:34Z,66.0,Charge 4
2022-03-11T02:45:39Z,65.0,Charge 4
2022-03-11T02:45:44Z,64.0,Charge 4
2022-03-11T02:45:54Z,65.0,Charge 4
2022-03-11T02:46:04Z,66.0,Charge 4
2022-03-11T02:46:19Z,66.0,Charge 4
2022-03-11T02:46:34Z,67.0,Charge 4
2022-03-11T02:46:39Z,66.0,Charge 4
2022-03-11T02:46:54Z,66.0,Charge 4
2022-03-11T02:46:59Z,65.0,Charge 4
2022-03-11T02:47:14Z,65.0,Charge 4
2022-03-11T02:47:29Z,66.0,Charge 4
2022-03-11T02:47:44Z,66.0,Charge 4
2022-03-11T02:47:49Z,67.0,Charge 4
2022-03-11T02:47:54Z,68.0,Charge 4
2022-03-11T02:48:04Z,66.0,Charge 4
2022-03-11T02:48:19Z,66.0,Charge 4
2022-03-11T02:48:24Z,67.0,Charge 4
2022-03-11T02:48:39Z,67.0,Charge 4
2022-03-11T02:48:54Z,66.0,Charge 4
2022-03-11T02:48:59Z,68.0,Charge 4
2022-03-11T02:49:14Z,68.0,Charge 4
2022-03-11T02:49:29Z,66.0,Charge 4
2022-03-11T02:49:39Z,64.0,Charge 4
2022-03-11T02:49:54Z,64.0,Charge 4
2022-03-11T02:49:59Z,65.0,Charge 4
2022-03-11T02:50:04Z,66.0,Charge 4
2022-03-11T02:50:09Z,66.0,Charge 4
2022-03-11T02:50:14Z,67.0,Charge 4
2022-03-11T02:50:24Z,71.0,Charge 4
2022-03-11T02:50:29Z,81.0,Charge 4
2022-03-11T02:50:35Z,82.0,Charge 4
2022-03-11T02:50:40Z,75.0,Charge 4
2022-03-11T02:50:45Z,71.0,Charge 4
2022-03-11T02:50:50Z,68.0,Charge 4
2022-03-11T02:50:55Z,64.0,Charge 4
2022-03-11T02:51:00Z,62.0,Charge 4
2022-03-11T02:51:05Z,61.0,Charge 4
2022-03-11T02:51:20Z,61.0,Charge 4
2022-03-11T02:51:25Z,62.0,Charge 4
2022-03-11T02:51:30Z,64.0,Charge 4
2022-03-11T02:51:35Z,65.0,Charge 4
2022-03-11T02:51:40Z,63.0,Charge 4
2022-03-11T02:51:45Z,62.0,Charge 4
2022-03-11T02:51:50Z,61.0,Charge 4
2022-03-11T02:51:55Z,62.0,Charge 4
2022-03-11T02:52:05Z,63.0,Charge 4
2022-03-11T02:52:10Z,64.0,Charge 4
2022-03-11T02:52:20Z,65.0,Charge 4
2022-03-11T02:52:25Z,64.0,Charge 4
2022-03-11T02:52:40Z,64.0,Charge 4
2022-03-11T02:52:45Z,63.0,Charge 4
2022-03-11T02:52:55Z,62.0,Charge 4
2022-03-11T02:53:10Z,63.0,Charge 4
2022-03-11T02:53:15Z,64.0,Charge 4
2022-03-11T02:53:20Z,66.0,Charge 4
2022-03-11T02:53:25Z,65.0,Charge 4
2022-03-11T02:53:40Z,65.0,Charge 4
2022-03-11T02:53:45Z,65.0,Charge 4
2022-03-11T02:53:50Z,66.0,Charge 4
2022-03-11T02:54:05Z,66.0,Charge 4
2022-03-11T02:54:10Z,64.0,Charge 4
2022-03-11T02:54:20Z,65.0,Charge 4
2022-03-11T02:54:35Z,65.0,Charge 4
2022-03-11T02:54:50Z,65.0,Charge 4
2022-03-11T02:54:55Z,67.0,Charge 4
2022-03-11T02:55:10Z,67.0,Charge 4
2022-03-11T02:55:15Z,67.0,Charge 4
2022-03-11T02:55:20Z,66.0,Charge 4
2022-03-11T02:55:25Z,67.0,Charge 4
2022-03-11T02:55:35Z,66.0,Charge 4
2022-03-11T02:55:50Z,66.0,Charge 4
2022-03-11T02:55:55Z,67.0,Charge 4
2022-03-11T02:56:10Z,67.0,Charge 4
2022-03-11T02:56:25Z,67.0,Charge 4
2022-03-11T02:56:40Z,67.0,Charge 4
2022-03-11T02:56:45Z,67.0,Charge 4
2022-03-11T02:56:50Z,69.0,Charge 4
2022-03-11T02:56:55Z,70.0,Charge 4
2022-03-11T02:57:05Z,68.0,Charge 4
2022-03-11T02:57:15Z,67.0,Charge 4
2022-03-11T02:57:30Z,67.0,Charge 4
2022-03-11T02:57:31Z,67.0,Charge 4
2022-03-11T02:57:36Z,68.0,Charge 4
2022-03-11T02:57:41Z,67.0,Charge 4
2022-03-11T02:57:46Z,68.0,Charge 4
2022-03-11T02:57:51Z,67.0,Charge 4
2022-03-11T02:58:06Z,67.0,Charge 4
2022-03-11T02:58:21Z,68.0,Charge 4
2022-03-11T02:58:26Z,67.0,Charge 4
2022-03-11T02:58:31Z,69.0,Charge 4
2022-03-11T02:58:36Z,68.0,Charge 4
2022-03-11T02:58:51Z,68.0,Charge 4
2022-03-11T02:58:56Z,67.0,Charge 4
2022-03-11T02:59:01Z,66.0,Charge 4
2022-03-11T02:59:16Z,66.0,Charge 4
2022-03-11T02:59:21Z,68.0,Charge 4
2022-03-11T02:59:31Z,67.0,Charge 4
2022-03-11T02:59:36Z,66.0,Charge 4
2022-03-11T02:59:41Z,64.0,Charge 4
2022-03-11T02:59:51Z,63.0,Charge 4
2022-03-11T02:59:56Z,64.0,Charge 4
2022-03-11T03:00:01Z,66.0,Charge 4
2022-03-11T03:00:16Z,65.0,Charge 4
2022-03-11T03:00:26Z,64.0,Charge 4
2022-03-11T03:00:31Z,63.0,Charge 4
2022-03-11T03:00:46Z,63.0,Charge 4
2022-03-11T03:00:51Z,65.0,Charge 4
2022-03-11T03:00:56Z,66.0,Charge 4
2022-03-11T03:01:02Z,66.0,Charge 4
2022-03-11T03:01:07Z,65.0,Charge 4
2022-03-11T03:01:12Z,64.0,Charge 4
2022-03-11T03:01:27Z,65.0,Charge 4
2022-03-11T03:01:42Z,65.0,Charge 4
2022-03-11T03:01:47Z,66.0,Charge 4
2022-03-11T03:01:52Z,67.0,Charge 4
2022-03-11T03:01:57Z,66.0,Charge 4
2022-03-11T03:02:12Z,65.0,Charge 4
2022-03-11T03:02:17Z,64.0,Charge 4
2022-03-11T03:02:32Z,64.0,Charge 4
2022-03-11T03:02:37Z,65.0,Charge 4
2022-03-11T03:02:42Z,66.0,Charge 4
2022-03-11T03:02:47Z,65.0,Charge 4
2022-03-11T03:02:57Z,66.0,Charge 4
2022-03-11T03:03:12Z,66.0,Charge 4
2022-03-11T03:03:27Z,65.0,Charge 4
2022-03-11T03:03:32Z,64.0,Charge 4
2022-03-11T03:03:47Z,65.0,Charge 4
2022-03-11T03:04:02Z,65.0,Charge 4
2022-03-11T03:04:07Z,64.0,Charge 4
2022-03-11T03:04:22Z,65.0,Charge 4
2022-03-11T03:04:27Z,66.0,Charge 4
2022-03-11T03:04:32Z,65.0,Charge 4
2022-03-11T03:04:37Z,64.0,Charge 4
2022-03-11T03:04:42Z,63.0,Charge 4
2022-03-11T03:04:47Z,64.0,Charge 4
2022-03-11T03:04:52Z,63.0,Charge 4
2022-03-11T03:04:57Z,64.0,Charge 4
2022-03-11T03:05:02Z,65.0,Charge 4
2022-03-11T03:05:17Z,65.0,Charge 4
2022-03-11T03:05:27Z,66.0,Charge 4
2022-03-11T03:05:32Z,65.0,Charge 4
2022-03-11T03:05:37Z,64.0,Charge 4
2022-03-11T03:05:52Z,64.0,Charge 4
2022-03-11T03:06:07Z,64.0,Charge 4
2022-03-11T03:06:22Z,63.0,Charge 4
2022-03-11T03:06:37Z,63.0,Charge 4
2022-03-11T03:06:42Z,64.0,Charge 4
2022-03-11T03:06:52Z,66.0,Charge 4
2022-03-11T03:07:02Z,65.0,Charge 4
2022-03-11T03:07:07Z,65.0,Charge 4
2022-03-11T03:07:12Z,66.0,Charge 4
2022-03-11T03:07:27Z,77.0,Charge 4
2022-03-11T03:07:32Z,84.0,Charge 4
2022-03-11T03:07:37Z,80.0,Charge 4
2022-03-11T03:07:42Z,78.0,Charge 4
2022-03-11T03:07:47Z,76.0,Charge 4
2022-03-11T03:07:52Z,68.0,Charge 4
2022-03-11T03:07:57Z,66.0,Charge 4
2022-03-11T03:08:07Z,67.0,Charge 4
2022-03-11T03:08:22Z,67.0,Charge 4
2022-03-11T03:08:28Z,65.0,Charge 4
2022-03-11T03:08:38Z,64.0,Charge 4
2022-03-11T03:08:43Z,65.0,Charge 4
2022-03-11T03:08:58Z,64.0,Charge 4
2022-03-11T03:09:08Z,65.0,Charge 4
2022-03-11T03:09:23Z,66.0,Charge 4
2022-03-11T03:09:28Z,67.0,Charge 4
2022-03-11T03:09:43Z,66.0,Charge 4
2022-03-11T03:09:48Z,65.0,Charge 4
2022-03-11T03:09:53Z,64.0,Charge 4
2022-03-11T03:10:03Z,65.0,Charge 4
2022-03-11T03:10:18Z,67.0,Charge 4
2022-03-11T03:10:23Z,68.0,Charge 4
2022-03-11T03:10:28Z,69.0,Charge 4
2022-03-11T03:10:38Z,68.0,Charge 4
2022-03-11T03:10:48Z,67.0,Charge 4
2022-03-11T03:11:03Z,67.0,Charge 4
2022-03-11T03:11:18Z,67.0,Charge 4
2022-03-11T03:11:33Z,68.0,Charge 4
2022-03-11T03:11:43Z,69.0,Charge 4
2022-03-11T03:11:48Z,68.0,Charge 4
2022-03-11T03:11:53Z,69.0,Charge 4
2022-03-11T03:11:58Z,69.0,Charge 4
2022-03-11T03:12:03Z,68.0,Charge 4
2022-03-11T03:12:13Z,67.0,Charge 4
2022-03-11T03:12:23Z,68.0,Charge 4
2022-03-11T03:12:28Z,69.0,Charge 4
2022-03-11T03:12:33Z,68.0,Charge 4
2022-03-11T03:12:38Z,69.0,Charge 4
2022-03-11T03:12:43Z,68.0,Charge 4
2022-03-11T03:12:48Z,67.0,Charge 4
2022-03-11T03:12:53Z,67.0,Charge 4
2022-03-11T03:13:03Z,67.0,Charge 4
2022-03-11T03:13:13Z,68.0,Charge 4
2022-03-11T03:13:18Z,68.0,Charge 4
2022-03-11T03:13:23Z,68.0,Charge 4
2022-03-11T03:13:33Z,69.0,Charge 4
2022-03-11T03:13:43Z,68.0,Charge 4
2022-03-11T03:13:48Z,68.0,Charge 4
2022-03-11T03:13:53Z,67.0,Charge 4
2022-03-11T03:13:58Z,68.0,Charge 4
2022-03-11T03:14:03Z,68.0,Charge 4
2022-03-11T03:14:13Z,68.0,Charge 4
2022-03-11T03:14:18Z,67.0,Charge 4
2022-03-11T03:14:23Z,66.0,Charge 4
2022-03-11T03:14:33Z,67.0,Charge 4
2022-03-11T03:14:38Z,68.0,Charge 4
2022-03-11T03:14:53Z,68.0,Charge 4
2022-03-11T03:14:58Z,69.0,Charge 4
2022-03-11T03:15:03Z,69.0,Charge 4
2022-03-11T03:15:13Z,70.0,Charge 4
2022-03-11T03:15:18Z,69.0,Charge 4
2022-03-11T03:15:23Z,68.0,Charge 4
2022-03-11T03:15:28Z,66.0,Charge 4
2022-03-11T03:15:34Z,66.0,Charge 4
2022-03-11T03:15:39Z,65.0,Charge 4
2022-03-11T03:15:44Z,67.0,Charge 4
2022-03-11T03:15:49Z,69.0,Charge 4
2022-03-11T03:15:54Z,68.0,Charge 4
2022-03-11T03:15:59Z,69.0,Charge 4
2022-03-11T03:16:04Z,69.0,Charge 4
2022-03-11T03:16:14Z,69.0,Charge 4
2022-03-11T03:16:19Z,69.0,Charge 4
2022-03-11T03:16:29Z,69.0,Charge 4
2022-03-11T03:16:34Z,69.0,Charge 4
2022-03-11T03:16:49Z,70.0,Charge 4
2022-03-11T03:17:04Z,70.0,Charge 4
2022-03-11T03:17:19Z,70.0,Charge 4
2022-03-11T03:17:24Z,69.0,Charge 4
2022-03-11T03:17:34Z,68.0,Charge 4
2022-03-11T03:17:39Z,67.0,Charge 4
2022-03-11T03:17:44Z,66.0,Charge 4
2022-03-11T03:17:54Z,69.0,Charge 4
2022-03-11T03:17:59Z,70.0,Charge 4
2022-03-11T03:18:04Z,70.0,Charge 4
2022-03-11T03:18:09Z,69.0,Charge 4
2022-03-11T03:18:14Z,69.0,Charge 4
2022-03-11T03:18:24Z,68.0,Charge 4
2022-03-11T03:18:34Z,67.0,Charge 4
2022-03-11T03:18:49Z,67.0,Charge 4
2022-03-11T03:18:59Z,68.0,Charge 4
2022-03-11T03:19:04Z,73.0,Charge 4
2022-03-11T03:19:09Z,71.0,Charge 4
2022-03-11T03:19:14Z,69.0,Charge 4
2022-03-11T03:19:19Z,66.0,Charge 4
2022-03-11T03:19:24Z,65.0,Charge 4
2022-03-11T03:19:29Z,64.0,Charge 4
2022-03-11T03:19:39Z,65.0,Charge 4
2022-03-11T03:19:49Z,67.0,Charge 4
2022-03-11T03:19:54Z,68.0,Charge 4
2022-03-11T03:19:59Z,67.0,Charge 4
2022-03-11T03:20:04Z,66.0,Charge 4
2022-03-11T03:20:09Z,67.0,Charge 4
2022-03-11T03:20:24Z,70.0,Charge 4
2022-03-11T03:20:29Z,67.0,Charge 4
2022-03-11T03:20:34Z,66.0,Charge 4
2022-03-11T03:20:49Z,66.0,Charge 4
2022-03-11T03:20:54Z,67.0,Charge 4
2022-03-11T03:21:04Z,69.0,Charge 4
2022-03-11T03:21:14Z,68.0,Charge 4
2022-03-11T03:21:29Z,68.0,Charge 4
2022-03-11T03:21:44Z,68.0,Charge 4
2022-03-11T03:21:59Z,68.0,Charge 4
2022-03-11T03:22:04Z,71.0,Charge 4
2022-03-11T03:22:09Z,70.0,Charge 4
2022-03-11T03:22:14Z,68.0,Charge 4
2022-03-11T03:22:19Z,69.0,Charge 4
2022-03-11T03:22:25Z,70.0,Charge 4
2022-03-11T03:22:30Z,71.0,Charge 4
2022-03-11T03:22:35Z,69.0,Charge 4
2022-03-11T03:22:40Z,68.0,Charge 4
2022-03-11T03:22:50Z,70.0,Charge 4
2022-03-11T03:22:55Z,69.0,Charge 4
2022-03-11T03:23:05Z,68.0,Charge 4
2022-03-11T03:23:10Z,67.0,Charge 4
2022-03-11T03:23:15Z,66.0,Charge 4
2022-03-11T03:23:20Z,65.0,Charge 4
2022-03-11T03:23:25Z,64.0,Charge 4
2022-03-11T03:23:35Z,65.0,Charge 4
2022-03-11T03:23:40Z,65.0,Charge 4
2022-03-11T03:23:50Z,66.0,Charge 4
2022-03-11T03:23:55Z,67.0,Charge 4
2022-03-11T03:24:05Z,66.0,Charge 4
2022-03-11T03:24:10Z,65.0,Charge 4
2022-03-11T03:24:15Z,65.0,Charge 4
2022-03-11T03:24:20Z,69.0,Charge 4
2022-03-11T03:24:25Z,68.0,Charge 4
2022-03-11T03:24:30Z,67.0,Charge 4
2022-03-11T03:24:35Z,66.0,Charge 4
2022-03-11T03:24:40Z,67.0,Charge 4
2022-03-11T03:24:45Z,68.0,Charge 4
2022-03-11T03:24:50Z,68.0,Charge 4
2022-03-11T03:24:55Z,69.0,Charge 4
2022-03-11T03:25:00Z,69.0,Charge 4
2022-03-11T03:25:05Z,69.0,Charge 4
2022-03-11T03:25:10Z,70.0,Charge 4
2022-03-11T03:25:15Z,71.0,Charge 4
2022-03-11T03:25:20Z,72.0,Charge 4
2022-03-11T03:25:25Z,72.0,Charge 4
2022-03-11T03:25:30Z,71.0,Charge 4
2022-03-11T03:25:35Z,70.0,Charge 4
2022-03-11T03:25:40Z,69.0,Charge 4
2022-03-11T03:25:55Z,68.0,Charge 4
2022-03-11T03:26:05Z,67.0,Charge 4
2022-03-11T03:26:15Z,66.0,Charge 4
2022-03-11T03:26:20Z,64.0,Charge 4
2022-03-11T03:26:30Z,65.0,Charge 4
2022-03-11T03:26:35Z,66.0,Charge 4
2022-03-11T03:26:50Z,66.0,Charge 4
2022-03-11T03:26:55Z,67.0,Charge 4
2022-03-11T03:27:05Z,69.0,Charge 4
2022-03-11T03:27:15Z,68.0,Charge 4
2022-03-11T03:27:25Z,68.0,Charge 4
2022-03-11T03:27:30Z,68.0,Charge 4
2022-03-11T03:27:35Z,70.0,Charge 4
2022-03-11T03:27:40Z,70.0,Charge 4
2022-03-11T03:27:45Z,67.0,Charge 4
2022-03-11T03:27:50Z,65.0,Charge 4
2022-03-11T03:27:55Z,64.0,Charge 4
2022-03-11T03:28:10Z,64.0,Charge 4
2022-03-11T03:28:16Z,66.0,Charge 4
2022-03-11T03:28:26Z,68.0,Charge 4
2022-03-11T03:28:31Z,68.0,Charge 4
2022-03-11T03:28:41Z,67.0,Charge 4
2022-03-11T03:28:51Z,67.0,Charge 4
2022-03-11T03:29:01Z,68.0,Charge 4
2022-03-11T03:29:06Z,67.0,Charge 4
2022-03-11T03:29:21Z,67.0,Charge 4
2022-03-11T03:29:36Z,68.0,Charge 4
2022-03-11T03:29:46Z,67.0,Charge 4
2022-03-11T03:29:51Z,66.0,Charge 4
2022-03-11T03:29:56Z,64.0,Charge 4
2022-03-11T03:30:06Z,65.0,Charge 4
2022-03-11T03:30:11Z,65.0,Charge 4
2022-03-11T03:30:26Z,66.0,Charge 4
2022-03-11T03:30:41Z,66.0,Charge 4
2022-03-11T03:30:46Z,67.0,Charge 4
2022-03-11T03:30:56Z,68.0,Charge 4
2022-03-11T03:31:01Z,69.0,Charge 4
2022-03-11T03:31:06Z,68.0,Charge 4
2022-03-11T03:31:11Z,69.0,Charge 4
2022-03-11T03:31:16Z,69.0,Charge 4
2022-03-11T03:31:21Z,69.0,Charge 4
2022-03-11T03:31:26Z,68.0,Charge 4
2022-03-11T03:31:41Z,67.0,Charge 4
2022-03-11T03:31:51Z,66.0,Charge 4
2022-03-11T03:31:56Z,65.0,Charge 4
2022-03-11T03:32:01Z,65.0,Charge 4
2022-03-11T03:32:16Z,65.0,Charge 4
2022-03-11T03:32:26Z,69.0,Charge 4
2022-03-11T03:32:31Z,69.0,Charge 4
2022-03-11T03:32:36Z,68.0,Charge 4
2022-03-11T03:32:41Z,68.0,Charge 4
2022-03-11T03:32:46Z,69.0,Charge 4
2022-03-11T03:32:51Z,68.0,Charge 4
2022-03-11T03:32:56Z,68.0,Charge 4
2022-03-11T03:33:06Z,69.0,Charge 4
2022-03-11T03:33:11Z,68.0,Charge 4
2022-03-11T03:33:16Z,67.0,Charge 4
2022-03-11T03:33:21Z,67.0,Charge 4
2022-03-11T03:33:26Z,66.0,Charge 4
2022-03-11T03:33:36Z,68.0,Charge 4
2022-03-11T03:33:41Z,67.0,Charge 4
2022-03-11T03:33:51Z,69.0,Charge 4
2022-03-11T03:33:56Z,68.0,Charge 4
2022-03-11T03:34:01Z,67.0,Charge 4
2022-03-11T03:34:11Z,67.0,Charge 4
2022-03-11T03:34:26Z,67.0,Charge 4
2022-03-11T03:34:41Z,67.0,Charge 4
2022-03-11T03:35:22Z,69.0,Charge 4
2022-03-11T03:35:37Z,70.0,Charge 4
2022-03-11T03:35:52Z,71.0,Charge 4
2022-03-11T03:36:07Z,71.0,Charge 4
2022-03-11T03:36:22Z,71.0,Charge 4
2022-03-11T03:36:32Z,72.0,Charge 4
2022-03-11T03:36:47Z,72.0,Charge 4
2022-03-11T03:37:02Z,72.0,Charge 4
2022-03-11T03:37:17Z,71.0,Charge 4
2022-03-11T03:37:32Z,71.0,Charge 4
2022-03-11T03:37:47Z,70.0,Charge 4
2022-03-11T03:37:57Z,69.0,Charge 4
2022-03-11T03:38:02Z,68.0,Charge 4
2022-03-11T03:38:07Z,67.0,Charge 4
2022-03-11T03:38:12Z,67.0,Charge 4
2022-03-11T03:38:17Z,68.0,Charge 4
2022-03-11T03:38:22Z,67.0,Charge 4
2022-03-11T03:38:37Z,67.0,Charge 4
2022-03-11T03:38:52Z,67.0,Charge 4
2022-03-11T03:38:57Z,68.0,Charge 4
2022-03-11T03:39:12Z,68.0,Charge 4
2022-03-11T03:39:17Z,69.0,Charge 4
2022-03-11T03:39:22Z,68.0,Charge 4
2022-03-11T03:39:27Z,67.0,Charge 4
2022-03-11T03:39:32Z,67.0,Charge 4
2022-03-11T03:39:47Z,66.0,Charge 4
2022-03-11T03:40:02Z,66.0,Charge 4
2022-03-11T03:40:07Z,65.0,Charge 4
2022-03-11T03:40:22Z,66.0,Charge 4
2022-03-11T03:40:37Z,67.0,Charge 4
2022-03-11T03:40:52Z,67.0,Charge 4
2022-03-11T03:41:07Z,68.0,Charge 4
2022-03-11T03:41:12Z,69.0,Charge 4
2022-03-11T03:41:17Z,70.0,Charge 4
2022-03-11T03:41:32Z,70.0,Charge 4
2022-03-11T03:41:37Z,71.0,Charge 4
2022-03-11T03:41:52Z,71.0,Charge 4
2022-03-11T03:42:07Z,71.0,Charge 4
2022-03-11T03:42:22Z,72.0,Charge 4
2022-03-11T03:42:27Z,72.0,Charge 4
2022-03-11T03:42:42Z,72.0,Charge 4
2022-03-11T03:42:47Z,71.0,Charge 4
2022-03-11T03:42:57Z,72.0,Charge 4
2022-03-11T03:43:07Z,73.0,Charge 4
2022-03-11T03:43:22Z,73.0,Charge 4
2022-03-11T03:43:37Z,73.0,Charge 4
2022-03-11T03:43:52Z,73.0,Charge 4
2022-03-11T03:44:07Z,73.0,Charge 4
2022-03-11T03:44:17Z,71.0,Charge 4
2022-03-11T03:44:32Z,71.0,Charge 4
2022-03-11T03:44:42Z,72.0,Charge 4
2022-03-11T03:44:48Z,72.0,Charge 4
2022-03-11T03:44:53Z,73.0,Charge 4
2022-03-11T03:44:58Z,74.0,Charge 4
2022-03-11T03:45:08Z,75.0,Charge 4
2022-03-11T03:45:23Z,75.0,Charge 4
2022-03-11T03:45:33Z,76.0,Charge 4
2022-03-11T03:45:48Z,76.0,Charge 4
2022-03-11T03:45:53Z,75.0,Charge 4
2022-03-11T03:46:03Z,74.0,Charge 4
2022-03-11T03:46:18Z,74.0,Charge 4
2022-03-11T03:46:28Z,73.0,Charge 4
2022-03-11T03:46:38Z,74.0,Charge 4
2022-03-11T03:46:53Z,74.0,Charge 4
2022-03-11T03:46:58Z,72.0,Charge 4
2022-03-11T03:47:03Z,73.0,Charge 4
2022-03-11T03:47:08Z,74.0,Charge 4
2022-03-11T03:47:13Z,73.0,Charge 4
2022-03-11T03:47:28Z,73.0,Charge 4
2022-03-11T03:47:33Z,75.0,Charge 4
2022-03-11T03:47:43Z,77.0,Charge 4
2022-03-11T03:47:48Z,78.0,Charge 4
2022-03-11T03:47:53Z,80.0,Charge 4
2022-03-11T03:47:58Z,83.0,Charge 4
2022-03-11T03:48:03Z,77.0,Charge 4
2022-03-11T03:48:08Z,72.0,Charge 4
2022-03-11T03:48:13Z,70.0,Charge 4
2022-03-11T03:48:19Z,70.0,Charge 4
2022-03-11T03:48:24Z,69.0,Charge 4
2022-03-11T03:48:39Z,68.0,Charge 4
2022-03-11T03:48:49Z,67.0,Charge 4
2022-03-11T03:48:59Z,66.0,Charge 4
2022-03-11T03:49:04Z,65.0,Charge 4
2022-03-11T03:49:09Z,66.0,Charge 4
2022-03-11T03:49:24Z,68.0,Charge 4
2022-03-11T03:49:29Z,67.0,Charge 4
2022-03-11T03:49:39Z,66.0,Charge 4
2022-03-11T03:49:54Z,67.0,Charge 4
2022-03-11T03:49:59Z,68.0,Charge 4
2022-03-11T03:50:14Z,68.0,Charge 4
2022-03-11T03:50:19Z,67.0,Charge 4
2022-03-11T03:50:24Z,66.0,Charge 4
2022-03-11T03:50:34Z,65.0,Charge 4
2022-03-11T03:50:44Z,65.0,Charge 4
2022-03-11T03:50:54Z,66.0,Charge 4
2022-03-11T03:50:59Z,67.0,Charge 4
2022-03-11T03:51:04Z,67.0,Charge 4
2022-03-11T03:51:19Z,67.0,Charge 4
2022-03-11T03:51:24Z,68.0,Charge 4
2022-03-11T03:51:29Z,67.0,Charge 4
2022-03-11T03:51:39Z,68.0,Charge 4
2022-03-11T03:51:54Z,67.0,Charge 4
2022-03-11T03:52:09Z,66.0,Charge 4
2022-03-11T03:52:14Z,66.0,Charge 4
2022-03-11T03:52:19Z,66.0,Charge 4
2022-03-11T03:52:24Z,63.0,Charge 4
2022-03-11T03:52:29Z,64.0,Charge 4
2022-03-11T03:52:34Z,66.0,Charge 4
2022-03-11T03:52:39Z,68.0,Charge 4
2022-03-11T03:52:44Z,69.0,Charge 4
2022-03-11T03:52:49Z,68.0,Charge 4
2022-03-11T03:53:04Z,68.0,Charge 4
2022-03-11T03:53:19Z,68.0,Charge 4
2022-03-11T03:53:24Z,67.0,Charge 4
2022-03-11T03:53:29Z,66.0,Charge 4
2022-03-11T03:53:39Z,66.0,Charge 4
2022-03-11T03:53:49Z,66.0,Charge 4
2022-03-11T03:53:54Z,65.0,Charge 4
2022-03-11T03:54:04Z,66.0,Charge 4
2022-03-11T03:54:09Z,67.0,Charge 4
2022-03-11T03:54:24Z,67.0,Charge 4
2022-03-11T03:54:39Z,66.0,Charge 4
2022-03-11T03:54:49Z,64.0,Charge 4
2022-03-11T03:54:59Z,65.0,Charge 4
2022-03-11T03:55:09Z,67.0,Charge 4
2022-03-11T03:55:14Z,69.0,Charge 4
2022-03-11T03:55:24Z,70.0,Charge 4
2022-03-11T03:55:34Z,69.0,Charge 4
2022-03-11T03:55:44Z,68.0,Charge 4
2022-03-11T03:55:50Z,66.0,Charge 4
2022-03-11T03:56:05Z,66.0,Charge 4
2022-03-11T03:56:15Z,67.0,Charge 4
2022-03-11T03:56:20Z,68.0,Charge 4
2022-03-11T03:56:35Z,69.0,Charge 4
2022-03-11T03:56:40Z,69.0,Charge 4
2022-03-11T03:56:45Z,68.0,Charge 4
2022-03-11T03:56:50Z,65.0,Charge 4
2022-03-11T03:56:55Z,62.0,Charge 4
2022-03-11T03:57:00Z,61.0,Charge 4
2022-03-11T03:57:15Z,62.0,Charge 4
2022-03-11T03:57:30Z,62.0,Charge 4
2022-03-11T03:57:35Z,63.0,Charge 4
2022-03-11T03:57:40Z,65.0,Charge 4
2022-03-11T03:57:45Z,66.0,Charge 4
2022-03-11T03:57:50Z,68.0,Charge 4
2022-03-11T03:58:05Z,67.0,Charge 4
2022-03-11T03:58:15Z,65.0,Charge 4
2022-03-11T03:58:20Z,64.0,Charge 4
2022-03-11T03:58:30Z,63.0,Charge 4
2022-03-11T03:58:35Z,61.0,Charge 4
2022-03-11T03:58:40Z,60.0,Charge 4
2022-03-11T03:58:50Z,61.0,Charge 4
2022-03-11T03:59:05Z,62.0,Charge 4
2022-03-11T03:59:15Z,63.0,Charge 4
2022-03-11T03:59:20Z,62.0,Charge 4
2022-03-11T03:59:35Z,62.0,Charge 4
2022-03-11T03:59:40Z,62.0,Charge 4
2022-03-11T03:59:55Z,62.0,Charge 4
2022-03-11T04:00:05Z,63.0,Charge 4
2022-03-11T04:00:15Z,64.0,Charge 4
2022-03-11T04:00:25Z,65.0,Charge 4
2022-03-11T04:00:30Z,66.0,Charge 4
2022-03-11T04:00:35Z,68.0,Charge 4
2022-03-11T04:00:40Z,69.0,Charge 4
2022-03-11T04:00:45Z,70.0,Charge 4
2022-03-11T04:00:50Z,69.0,Charge 4
2022-03-11T04:00:55Z,67.0,Charge 4
2022-03-11T04:01:00Z,65.0,Charge 4
2022-03-11T04:01:15Z,65.0,Charge 4
2022-03-11T04:01:20Z,64.0,Charge 4
2022-03-11T04:01:35Z,64.0,Charge 4
2022-03-11T04:01:50Z,65.0,Charge 4
2022-03-11T04:02:00Z,67.0,Charge 4
2022-03-11T04:02:05Z,68.0,Charge 4
2022-03-11T04:02:10Z,69.0,Charge 4
2022-03-11T04:02:15Z,67.0,Charge 4
2022-03-11T04:02:20Z,65.0,Charge 4
2022-03-11T04:02:30Z,66.0,Charge 4
2022-03-11T04:02:35Z,67.0,Charge 4
2022-03-11T04:02:40Z,66.0,Charge 4
2022-03-11T04:02:45Z,66.0,Charge 4
2022-03-11T04:02:51Z,66.0,Charge 4
2022-03-11T04:03:01Z,67.0,Charge 4
2022-03-11T04:03:06Z,68.0,Charge 4
2022-03-11T04:03:11Z,69.0,Charge 4
2022-03-11T04:03:16Z,70.0,Charge 4
2022-03-11T04:03:21Z,69.0,Charge 4
2022-03-11T04:03:26Z,68.0,Charge 4
2022-03-11T04:03:36Z,67.0,Charge 4
2022-03-11T04:03:51Z,68.0,Charge 4
2022-03-11T04:03:56Z,67.0,Charge 4
2022-03-11T04:04:01Z,65.0,Charge 4
2022-03-11T04:04:16Z,66.0,Charge 4
2022-03-11T04:04:31Z,65.0,Charge 4
2022-03-11T04:04:46Z,65.0,Charge 4
2022-03-11T04:04:51Z,65.0,Charge 4
2022-03-11T04:05:06Z,65.0,Charge 4
2022-03-11T04:05:11Z,69.0,Charge 4
2022-03-11T04:05:16Z,68.0,Charge 4
2022-03-11T04:05:21Z,65.0,Charge 4
2022-03-11T04:05:26Z,63.0,Charge 4
2022-03-11T04:05:31Z,62.0,Charge 4
2022-03-11T04:05:41Z,63.0,Charge 4
2022-03-11T04:05:51Z,64.0,Charge 4
2022-03-11T04:05:56Z,65.0,Charge 4
2022-03-11T04:06:11Z,65.0,Charge 4
2022-03-11T04:06:21Z,64.0,Charge 4
2022-03-11T04:06:36Z,62.0,Charge 4
2022-03-11T04:06:41Z,62.0,Charge 4
2022-03-11T04:06:51Z,63.0,Charge 4
2022-03-11T04:06:56Z,64.0,Charge 4
2022-03-11T04:07:01Z,63.0,Charge 4
2022-03-11T04:07:16Z,63.0,Charge 4
2022-03-11T04:07:21Z,62.0,Charge 4
2022-03-11T04:07:31Z,63.0,Charge 4
2022-03-11T04:07:46Z,63.0,Charge 4
2022-03-11T04:07:56Z,66.0,Charge 4
2022-03-11T04:08:01Z,67.0,Charge 4
2022-03-11T04:08:06Z,70.0,Charge 4
2022-03-11T04:08:11Z,69.0,Charge 4
2022-03-11T04:08:16Z,68.0,Charge 4
2022-03-11T04:08:21Z,63.0,Charge 4
2022-03-11T04:08:26Z,61.0,Charge 4
2022-03-11T04:08:31Z,62.0,Charge 4
2022-03-11T04:08:46Z,62.0,Charge 4
2022-03-11T04:08:51Z,64.0,Charge 4
2022-03-11T04:08:56Z,65.0,Charge 4
2022-03-11T04:09:11Z,65.0,Charge 4
2022-03-11T04:09:26Z,65.0,Charge 4
2022-03-11T04:09:36Z,66.0,Charge 4
2022-03-11T04:09:41Z,67.0,Charge 4
2022-03-11T04:09:46Z,66.0,Charge 4
2022-03-11T04:09:56Z,67.0,Charge 4
2022-03-11T04:10:02Z,67.0,Charge 4
2022-03-11T04:10:12Z,66.0,Charge 4
2022-03-11T04:10:17Z,65.0,Charge 4
2022-03-11T04:10:22Z,64.0,Charge 4
2022-03-11T04:10:27Z,62.0,Charge 4
2022-03-11T04:10:32Z,61.0,Charge 4
2022-03-11T04:10:37Z,62.0,Charge 4
2022-03-11T04:10:52Z,64.0,Charge 4
2022-03-11T04:10:57Z,66.0,Charge 4
2022-03-11T04:11:02Z,68.0,Charge 4
2022-03-11T04:11:07Z,69.0,Charge 4
2022-03-11T04:11:12Z,68.0,Charge 4
2022-03-11T04:11:22Z,67.0,Charge 4
2022-03-11T04:11:37Z,69.0,Charge 4
2022-03-11T04:11:42Z,70.0,Charge 4
2022-03-11T04:11:47Z,71.0,Charge 4
2022-03-11T04:12:02Z,70.0,Charge 4
2022-03-11T04:12:07Z,69.0,Charge 4
2022-03-11T04:12:22Z,70.0,Charge 4
2022-03-11T04:12:32Z,69.0,Charge 4
2022-03-11T04:12:37Z,68.0,Charge 4
2022-03-11T04:12:42Z,67.0,Charge 4
2022-03-11T04:12:47Z,66.0,Charge 4
2022-03-11T04:13:02Z,67.0,Charge 4
2022-03-11T04:13:07Z,68.0,Charge 4
2022-03-11T04:13:12Z,69.0,Charge 4
2022-03-11T04:13:22Z,68.0,Charge 4
2022-03-11T04:13:27Z,68.0,Charge 4
2022-03-11T04:13:42Z,68.0,Charge 4
2022-03-11T04:13:47Z,67.0,Charge 4
2022-03-11T04:13:57Z,68.0,Charge 4
2022-03-11T04:14:07Z,67.0,Charge 4
2022-03-11T04:14:12Z,68.0,Charge 4
2022-03-11T04:14:17Z,67.0,Charge 4
2022-03-11T04:14:22Z,64.0,Charge 4
2022-03-11T04:14:32Z,66.0,Charge 4
2022-03-11T04:14:37Z,67.0,Charge 4
2022-03-11T04:14:42Z,68.0,Charge 4
2022-03-11T04:14:47Z,69.0,Charge 4
2022-03-11T04:14:57Z,69.0,Charge 4
2022-03-11T04:15:07Z,66.0,Charge 4
2022-03-11T04:15:17Z,67.0,Charge 4
2022-03-11T04:15:32Z,67.0,Charge 4
2022-03-11T04:15:47Z,66.0,Charge 4
2022-03-11T04:15:52Z,67.0,Charge 4
2022-03-11T04:16:02Z,68.0,Charge 4
2022-03-11T04:16:12Z,68.0,Charge 4
2022-03-11T04:16:17Z,67.0,Charge 4
2022-03-11T04:16:22Z,67.0,Charge 4
2022-03-11T04:16:32Z,68.0,Charge 4
2022-03-11T04:16:37Z,69.0,Charge 4
2022-03-11T04:16:52Z,69.0,Charge 4
2022-03-11T04:16:58Z,69.0,Charge 4
2022-03-11T04:17:03Z,67.0,Charge 4
2022-03-11T04:17:08Z,66.0,Charge 4
2022-03-11T04:17:13Z,64.0,Charge 4
2022-03-11T04:17:18Z,63.0,Charge 4
2022-03-11T04:17:33Z,63.0,Charge 4
2022-03-11T04:17:38Z,64.0,Charge 4
2022-03-11T04:17:43Z,66.0,Charge 4
2022-03-11T04:17:48Z,67.0,Charge 4
2022-03-11T04:17:53Z,68.0,Charge 4
2022-03-11T04:17:58Z,69.0,Charge 4
2022-03-11T04:18:03Z,68.0,Charge 4
2022-03-11T04:18:13Z,69.0,Charge 4
2022-03-11T04:18:18Z,70.0,Charge 4
2022-03-11T04:18:23Z,70.0,Charge 4
2022-03-11T04:18:38Z,71.0,Charge 4
2022-03-11T04:18:43Z,70.0,Charge 4
2022-03-11T04:18:48Z,67.0,Charge 4
2022-03-11T04:18:53Z,65.0,Charge 4
2022-03-11T04:19:03Z,64.0,Charge 4
2022-03-11T04:19:08Z,65.0,Charge 4
2022-03-11T04:19:18Z,66.0,Charge 4
2022-03-11T04:19:28Z,65.0,Charge 4
2022-03-11T04:19:38Z,66.0,Charge 4
2022-03-11T04:19:43Z,68.0,Charge 4
2022-03-11T04:19:53Z,67.0,Charge 4
2022-03-11T04:20:03Z,66.0,Charge 4
2022-03-11T04:20:08Z,66.0,Charge 4
2022-03-11T04:20:23Z,67.0,Charge 4
2022-03-11T04:20:33Z,68.0,Charge 4
2022-03-11T04:20:48Z,68.0,Charge 4
2022-03-11T04:20:58Z,67.0,Charge 4
2022-03-11T04:21:08Z,66.0,Charge 4
2022-03-11T04:21:23Z,66.0,Charge 4
2022-03-11T04:21:28Z,68.0,Charge 4
2022-03-11T04:21:33Z,68.0,Charge 4
2022-03-11T04:21:38Z,67.0,Charge 4
2022-03-11T04:21:43Z,66.0,Charge 4
2022-03-11T04:21:53Z,67.0,Charge 4
2022-03-11T04:21:58Z,68.0,Charge 4
2022-03-11T04:22:08Z,67.0,Charge 4
2022-03-11T04:22:18Z,66.0,Charge 4
2022-03-11T04:22:33Z,66.0,Charge 4
2022-03-11T04:22:43Z,68.0,Charge 4
2022-03-11T04:22:48Z,67.0,Charge 4
2022-03-11T04:23:03Z,67.0,Charge 4
2022-03-11T04:23:08Z,65.0,Charge 4
2022-03-11T04:23:23Z,65.0,Charge 4
2022-03-11T04:23:28Z,66.0,Charge 4
2022-03-11T04:23:33Z,67.0,Charge 4
2022-03-11T04:23:38Z,68.0,Charge 4
2022-03-11T04:23:53Z,68.0,Charge 4
2022-03-11T04:24:03Z,66.0,Charge 4
2022-03-11T04:24:09Z,64.0,Charge 4
2022-03-11T04:24:24Z,64.0,Charge 4
2022-03-11T04:24:29Z,65.0,Charge 4
2022-03-11T04:24:39Z,66.0,Charge 4
2022-03-11T04:24:44Z,67.0,Charge 4
2022-03-11T04:24:59Z,67.0,Charge 4
2022-03-11T04:25:04Z,68.0,Charge 4
2022-03-11T04:25:14Z,67.0,Charge 4
2022-03-11T04:25:29Z,68.0,Charge 4
2022-03-11T04:25:34Z,69.0,Charge 4
2022-03-11T04:25:49Z,68.0,Charge 4
2022-03-11T04:25:54Z,67.0,Charge 4
2022-03-11T04:25:59Z,66.0,Charge 4
2022-03-11T04:26:04Z,65.0,Charge 4
2022-03-11T04:26:09Z,64.0,Charge 4
2022-03-11T04:26:19Z,65.0,Charge 4
2022-03-11T04:26:24Z,66.0,Charge 4
2022-03-11T04:26:39Z,66.0,Charge 4
2022-03-11T04:26:54Z,67.0,Charge 4
2022-03-11T04:26:59Z,68.0,Charge 4
2022-03-11T04:27:09Z,67.0,Charge 4
2022-03-11T04:27:24Z,68.0,Charge 4
2022-03-11T04:27:29Z,70.0,Charge 4
2022-03-11T04:27:34Z,71.0,Charge 4
2022-03-11T04:27:44Z,69.0,Charge 4
2022-03-11T04:27:49Z,68.0,Charge 4
2022-03-11T04:27:54Z,67.0,Charge 4
2022-03-11T04:28:00Z,67.0,Charge 4
2022-03-11T04:28:15Z,68.0,Charge 4
2022-03-11T04:28:30Z,68.0,Charge 4
2022-03-11T04:28:35Z,67.0,Charge 4
2022-03-11T04:28:40Z,68.0,Charge 4
2022-03-11T04:28:55Z,68.0,Charge 4
2022-03-11T04:29:00Z,69.0,Charge 4
2022-03-11T04:29:15Z,68.0,Charge 4
2022-03-11T04:29:20Z,67.0,Charge 4
2022-03-11T04:29:30Z,66.0,Charge 4
2022-03-11T04:29:35Z,65.0,Charge 4
2022-03-11T04:29:50Z,67.0,Charge 4
2022-03-11T04:29:55Z,68.0,Charge 4
2022-03-11T04:30:00Z,69.0,Charge 4
2022-03-11T04:30:05Z,71.0,Charge 4
2022-03-11T04:30:10Z,72.0,Charge 4
2022-03-11T04:30:15Z,71.0,Charge 4
2022-03-11T04:30:20Z,70.0,Charge 4
2022-03-11T04:30:25Z,69.0,Charge 4
2022-03-11T04:30:30Z,68.0,Charge 4
2022-03-11T04:30:35Z,68.0,Charge 4
2022-03-11T04:30:40Z,67.0,Charge 4
2022-03-11T04:30:45Z,66.0,Charge 4
2022-03-11T04:30:50Z,67.0,Charge 4
2022-03-11T04:30:55Z,68.0,Charge 4
2022-03-11T04:31:00Z,66.0,Charge 4
2022-03-11T04:31:15Z,66.0,Charge 4
2022-03-11T04:31:20Z,68.0,Charge 4
2022-03-11T04:31:30Z,67.0,Charge 4
2022-03-11T04:31:45Z,66.0,Charge 4
2022-03-11T04:31:55Z,67.0,Charge 4
2022-03-11T04:32:00Z,68.0,Charge 4
2022-03-11T04:32:05Z,69.0,Charge 4
2022-03-11T04:32:10Z,71.0,Charge 4
2022-03-11T04:32:15Z,70.0,Charge 4
2022-03-11T04:32:20Z,69.0,Charge 4
2022-03-11T04:32:25Z,67.0,Charge 4
2022-03-11T04:32:30Z,66.0,Charge 4
2022-03-11T04:32:45Z,66.0,Charge 4
2022-03-11T04:32:55Z,67.0,Charge 4
2022-03-11T04:33:00Z,66.0,Charge 4
2022-03-11T04:33:05Z,65.0,Charge 4
2022-03-11T04:33:15Z,64.0,Charge 4
2022-03-11T04:33:30Z,64.0,Charge 4
2022-03-11T04:33:35Z,65.0,Charge 4
2022-03-11T04:33:40Z,66.0,Charge 4
2022-03-11T04:33:55Z,67.0,Charge 4
2022-03-11T04:34:05Z,66.0,Charge 4
2022-03-11T04:34:20Z,67.0,Charge 4
2022-03-11T04:34:25Z,69.0,Charge 4
2022-03-11T04:34:30Z,68.0,Charge 4
2022-03-11T04:34:35Z,69.0,Charge 4
2022-03-11T04:34:40Z,71.0,Charge 4
2022-03-11T04:34:45Z,70.0,Charge 4
2022-03-11T04:34:51Z,67.0,Charge 4
2022-03-11T04:34:56Z,65.0,Charge 4
2022-03-11T04:35:11Z,65.0,Charge 4
2022-03-11T04:35:21Z,66.0,Charge 4
2022-03-11T04:35:26Z,67.0,Charge 4
2022-03-11T04:35:36Z,69.0,Charge 4
2022-03-11T04:35:41Z,81.0,Charge 4
2022-03-11T04:35:46Z,78.0,Charge 4
2022-03-11T04:35:51Z,66.0,Charge 4
2022-03-11T04:35:56Z,62.0,Charge 4
2022-03-11T04:36:01Z,61.0,Charge 4
2022-03-11T04:36:06Z,60.0,Charge 4
2022-03-11T04:36:11Z,59.0,Charge 4
2022-03-11T04:36:16Z,58.0,Charge 4
2022-03-11T04:36:26Z,59.0,Charge 4
2022-03-11T04:36:31Z,60.0,Charge 4
2022-03-11T04:36:36Z,61.0,Charge 4
2022-03-11T04:36:51Z,61.0,Charge 4
2022-03-11T04:36:56Z,63.0,Charge 4
2022-03-11T04:37:01Z,64.0,Charge 4
2022-03-11T04:37:06Z,66.0,Charge 4
2022-03-11T04:37:11Z,65.0,Charge 4
2022-03-11T04:37:16Z,64.0,Charge 4
2022-03-11T04:37:31Z,64.0,Charge 4
2022-03-11T04:37:46Z,65.0,Charge 4
2022-03-11T04:37:51Z,66.0,Charge 4
2022-03-11T04:37:56Z,67.0,Charge 4
2022-03-11T04:38:01Z,68.0,Charge 4
2022-03-11T04:38:11Z,67.0,Charge 4
2022-03-11T04:38:16Z,68.0,Charge 4
2022-03-11T04:38:31Z,68.0,Charge 4
2022-03-11T04:38:36Z,67.0,Charge 4
2022-03-11T04:38:46Z,66.0,Charge 4
2022-03-11T04:38:56Z,67.0,Charge 4
2022-03-11T04:39:06Z,68.0,Charge 4
2022-03-11T04:39:16Z,67.0,Charge 4
2022-03-11T04:39:31Z,67.0,Charge 4
2022-03-11T04:39:41Z,68.0,Charge 4
2022-03-11T04:39:46Z,69.0,Charge 4
2022-03-11T04:39:56Z,68.0,Charge 4
2022-03-11T04:40:06Z,69.0,Charge 4
2022-03-11T04:40:11Z,70.0,Charge 4
2022-03-11T04:40:16Z,69.0,Charge 4
2022-03-11T04:40:21Z,68.0,Charge 4
2022-03-11T04:40:26Z,66.0,Charge 4
2022-03-11T04:40:31Z,64.0,Charge 4
2022-03-11T04:40:36Z,63.0,Charge 4
2022-03-11T04:40:46Z,64.0,Charge 4
2022-03-11T04:40:51Z,69.0,Charge 4
2022-03-11T04:40:56Z,79.0,Charge 4
2022-03-11T04:41:01Z,76.0,Charge 4
2022-03-11T04:41:07Z,72.0,Charge 4
2022-03-11T04:41:12Z,67.0,Charge 4
2022-03-11T04:41:17Z,66.0,Charge 4
2022-03-11T04:41:22Z,65.0,Charge 4
2022-03-11T04:41:27Z,64.0,Charge 4
2022-03-11T04:41:42Z,64.0,Charge 4
2022-03-11T04:41:52Z,63.0,Charge 4
2022-03-11T04:42:07Z,63.0,Charge 4
2022-03-11T04:42:22Z,65.0,Charge 4
2022-03-11T04:42:27Z,66.0,Charge 4
2022-03-11T04:42:32Z,65.0,Charge 4
2022-03-11T04:42:37Z,64.0,Charge 4
2022-03-11T04:42:42Z,63.0,Charge 4
2022-03-11T04:42:57Z,63.0,Charge 4
2022-03-11T04:43:02Z,64.0,Charge 4
2022-03-11T04:43:12Z,65.0,Charge 4
2022-03-11T04:43:17Z,66.0,Charge 4
2022-03-11T04:43:27Z,68.0,Charge 4
2022-03-11T04:43:32Z,69.0,Charge 4
2022-03-11T04:43:37Z,67.0,Charge 4
2022-03-11T04:43:42Z,66.0,Charge 4
2022-03-11T04:43:52Z,67.0,Charge 4
2022-03-11T04:43:57Z,68.0,Charge 4
2022-03-11T04:44:07Z,67.0,Charge 4
2022-03-11T04:44:12Z,66.0,Charge 4
2022-03-11T04:44:17Z,65.0,Charge 4
2022-03-11T04:44:32Z,64.0,Charge 4
2022-03-11T04:44:37Z,64.0,Charge 4
2022-03-11T04:44:47Z,65.0,Charge 4
2022-03-11T04:45:02Z,65.0,Charge 4
2022-03-11T04:45:17Z,66.0,Charge 4
2022-03-11T04:45:27Z,67.0,Charge 4
2022-03-11T04:45:37Z,66.0,Charge 4
2022-03-11T04:45:42Z,64.0,Charge 4
2022-03-11T04:45:52Z,63.0,Charge 4
2022-03-11T04:45:57Z,64.0,Charge 4
2022-03-11T04:46:02Z,65.0,Charge 4
2022-03-11T04:46:12Z,66.0,Charge 4
2022-03-11T04:46:17Z,67.0,Charge 4
2022-03-11T04:46:32Z,67.0,Charge 4
2022-03-11T04:46:47Z,66.0,Charge 4
2022-03-11T04:46:57Z,65.0,Charge 4
2022-03-11T04:47:02Z,64.0,Charge 4
2022-03-11T04:47:17Z,65.0,Charge 4
2022-03-11T04:47:22Z,66.0,Charge 4
2022-03-11T04:47:37Z,65.0,Charge 4
2022-03-11T04:47:42Z,64.0,Charge 4
2022-03-11T04:47:57Z,64.0,Charge 4
2022-03-11T04:48:12Z,64.0,Charge 4
2022-03-11T04:48:22Z,65.0,Charge 4
2022-03-11T04:48:27Z,66.0,Charge 4
2022-03-11T04:48:37Z,65.0,Charge 4
2022-03-11T04:48:52Z,65.0,Charge 4
2022-03-11T04:48:58Z,64.0,Charge 4
2022-03-11T04:49:13Z,64.0,Charge 4
2022-03-11T04:49:18Z,65.0,Charge 4
2022-03-11T04:49:28Z,66.0,Charge 4
2022-03-11T04:49:33Z,67.0,Charge 4
2022-03-11T04:49:38Z,66.0,Charge 4
2022-03-11T04:49:48Z,65.0,Charge 4
2022-03-11T04:50:03Z,66.0,Charge 4
2022-03-11T04:50:13Z,65.0,Charge 4
2022-03-11T04:50:23Z,66.0,Charge 4
2022-03-11T04:50:28Z,64.0,Charge 4
2022-03-11T04:50:38Z,65.0,Charge 4
2022-03-11T04:50:53Z,66.0,Charge 4
2022-03-11T04:50:58Z,67.0,Charge 4
2022-03-11T04:51:13Z,66.0,Charge 4
2022-03-11T04:51:18Z,65.0,Charge 4
2022-03-11T04:51:23Z,64.0,Charge 4
2022-03-11T04:51:28Z,65.0,Charge 4
2022-03-11T04:51:43Z,65.0,Charge 4
2022-03-11T04:51:53Z,64.0,Charge 4
2022-03-11T04:52:08Z,65.0,Charge 4
2022-03-11T04:52:13Z,66.0,Charge 4
2022-03-11T04:52:23Z,67.0,Charge 4
2022-03-11T04:52:28Z,68.0,Charge 4
2022-03-11T04:52:43Z,68.0,Charge 4
2022-03-11T04:52:48Z,67.0,Charge 4
2022-03-11T04:52:53Z,66.0,Charge 4
2022-03-11T04:52:58Z,65.0,Charge 4
2022-03-11T04:53:08Z,67.0,Charge 4
2022-03-11T04:53:13Z,68.0,Charge 4
2022-03-11T04:53:23Z,67.0,Charge 4
2022-03-11T04:53:28Z,65.0,Charge 4
2022-03-11T04:53:38Z,64.0,Charge 4
2022-03-11T04:53:48Z,63.0,Charge 4
2022-03-11T04:54:03Z,65.0,Charge 4
2022-03-11T04:54:08Z,68.0,Charge 4
2022-03-11T04:54:13Z,70.0,Charge 4
2022-03-11T04:54:28Z,70.0,Charge 4
2022-03-11T04:54:33Z,80.0,Charge 4
2022-03-11T04:54:38Z,78.0,Charge 4
2022-03-11T04:54:43Z,77.0,Charge 4
2022-03-11T04:54:48Z,73.0,Charge 4
2022-03-11T04:54:53Z,68.0,Charge 4
2022-03-11T04:54:58Z,66.0,Charge 4
2022-03-11T04:55:03Z,65.0,Charge 4
2022-03-11T04:55:18Z,65.0,Charge 4
2022-03-11T04:55:28Z,64.0,Charge 4
2022-03-11T04:55:33Z,64.0,Charge 4
2022-03-11T04:55:38Z,64.0,Charge 4
2022-03-11T04:55:53Z,64.0,Charge 4
2022-03-11T04:56:08Z,64.0,Charge 4
2022-03-11T04:56:13Z,65.0,Charge 4
2022-03-11T04:56:21Z,65.0,Charge 4
2022-03-11T04:56:26Z,66.0,Charge 4
2022-03-11T04:56:31Z,68.0,Charge 4
2022-03-11T04:56:36Z,70.0,Charge 4
2022-03-11T04:56:51Z,69.0,Charge 4
2022-03-11T04:56:56Z,67.0,Charge 4
2022-03-11T04:57:06Z,66.0,Charge 4
2022-03-11T04:57:11Z,65.0,Charge 4
2022-03-11T04:57:26Z,65.0,Charge 4
2022-03-11T04:57:31Z,66.0,Charge 4
2022-03-11T04:57:41Z,67.0,Charge 4
2022-03-11T04:57:56Z,67.0,Charge 4
2022-03-11T04:58:11Z,67.0,Charge 4
2022-03-11T04:58:16Z,68.0,Charge 4
2022-03-11T04:58:21Z,69.0,Charge 4
2022-03-11T04:58:26Z,70.0,Charge 4
2022-03-11T04:58:41Z,69.0,Charge 4
2022-03-11T04:58:46Z,68.0,Charge 4
2022-03-11T04:58:51Z,67.0,Charge 4
2022-03-11T04:59:01Z,68.0,Charge 4
2022-03-11T04:59:06Z,69.0,Charge 4
2022-03-11T04:59:11Z,71.0,Charge 4
2022-03-11T04:59:26Z,71.0,Charge 4
2022-03-11T04:59:31Z,69.0,Charge 4
2022-03-11T04:59:36Z,68.0,Charge 4
2022-03-11T04:59:41Z,67.0,Charge 4
2022-03-11T04:59:49Z,67.0,Charge 4
2022-03-11T05:00:04Z,67.0,Charge 4
2022-03-11T05:00:14Z,68.0,Charge 4
2022-03-11T05:00:24Z,67.0,Charge 4
2022-03-11T05:00:29Z,66.0,Charge 4
2022-03-11T05:00:39Z,67.0,Charge 4
2022-03-11T05:00:44Z,68.0,Charge 4
2022-03-11T05:00:49Z,69.0,Charge 4
2022-03-11T05:00:54Z,70.0,Charge 4
2022-03-11T05:00:59Z,69.0,Charge 4
2022-03-11T05:01:09Z,68.0,Charge 4
2022-03-11T05:01:14Z,69.0,Charge 4
2022-03-11T05:01:19Z,68.0,Charge 4
2022-03-11T05:01:24Z,67.0,Charge 4
2022-03-11T05:01:39Z,67.0,Charge 4
2022-03-11T05:01:44Z,66.0,Charge 4
2022-03-11T05:01:54Z,68.0,Charge 4
2022-03-11T05:02:09Z,68.0,Charge 4
2022-03-11T05:02:14Z,69.0,Charge 4
2022-03-11T05:02:29Z,69.0,Charge 4
2022-03-11T05:02:34Z,67.0,Charge 4
2022-03-11T05:02:39Z,68.0,Charge 4
2022-03-11T05:02:49Z,69.0,Charge 4
2022-03-11T05:02:54Z,70.0,Charge 4
2022-03-11T05:03:04Z,69.0,Charge 4
2022-03-11T05:03:09Z,67.0,Charge 4
2022-03-11T05:03:15Z,66.0,Charge 4
2022-03-11T05:03:30Z,66.0,Charge 4
2022-03-11T05:03:45Z,68.0,Charge 4
2022-03-11T05:03:50Z,69.0,Charge 4
2022-03-11T05:03:55Z,70.0,Charge 4
2022-03-11T05:04:05Z,69.0,Charge 4
2022-03-11T05:04:10Z,68.0,Charge 4
2022-03-11T05:04:15Z,69.0,Charge 4
2022-03-11T05:04:30Z,69.0,Charge 4
2022-03-11T05:04:45Z,68.0,Charge 4
2022-03-11T05:04:50Z,67.0,Charge 4
2022-03-11T05:05:05Z,67.0,Charge 4
2022-03-11T05:05:20Z,68.0,Charge 4
2022-03-11T05:05:25Z,69.0,Charge 4
2022-03-11T05:05:30Z,70.0,Charge 4
2022-03-11T05:05:40Z,69.0,Charge 4
2022-03-11T05:05:55Z,69.0,Charge 4
2022-03-11T05:06:00Z,68.0,Charge 4
2022-03-11T05:06:15Z,68.0,Charge 4
2022-03-11T05:06:25Z,69.0,Charge 4
2022-03-11T05:06:35Z,68.0,Charge 4
2022-03-11T05:06:50Z,68.0,Charge 4
2022-03-11T05:07:05Z,69.0,Charge 4
2022-03-11T05:07:15Z,70.0,Charge 4
2022-03-11T05:07:20Z,71.0,Charge 4
2022-03-11T05:07:25Z,70.0,Charge 4
2022-03-11T05:07:35Z,69.0,Charge 4
2022-03-11T05:07:41Z,68.0,Charge 4
2022-03-11T05:07:46Z,67.0,Charge 4
2022-03-11T05:08:01Z,68.0,Charge 4
2022-03-11T05:08:11Z,69.0,Charge 4
2022-03-11T05:08:16Z,68.0,Charge 4
2022-03-11T05:08:21Z,67.0,Charge 4
2022-03-11T05:08:31Z,66.0,Charge 4
2022-03-11T05:08:46Z,66.0,Charge 4
2022-03-11T05:08:56Z,68.0,Charge 4
2022-03-11T05:09:11Z,68.0,Charge 4
2022-03-11T05:09:16Z,69.0,Charge 4
2022-03-11T05:09:21Z,68.0,Charge 4
2022-03-11T05:09:36Z,68.0,Charge 4
2022-03-11T05:09:51Z,67.0,Charge 4
2022-03-11T05:09:56Z,68.0,Charge 4
2022-03-11T05:10:06Z,70.0,Charge 4
2022-03-11T05:10:11Z,69.0,Charge 4
2022-03-11T05:10:16Z,68.0,Charge 4
2022-03-11T05:10:26Z,69.0,Charge 4
2022-03-11T05:10:36Z,68.0,Charge 4
2022-03-11T05:10:51Z,69.0,Charge 4
2022-03-11T05:10:56Z,70.0,Charge 4
2022-03-11T05:11:11Z,71.0,Charge 4
2022-03-11T05:11:16Z,70.0,Charge 4
2022-03-11T05:11:21Z,69.0,Charge 4
2022-03-11T05:11:31Z,68.0,Charge 4
2022-03-11T05:11:41Z,69.0,Charge 4
2022-03-11T05:11:46Z,69.0,Charge 4
2022-03-11T05:12:01Z,69.0,Charge 4
2022-03-11T05:12:11Z,70.0,Charge 4
2022-03-11T05:12:16Z,71.0,Charge 4
2022-03-11T05:12:26Z,70.0,Charge 4
2022-03-11T05:12:31Z,68.0,Charge 4
2022-03-11T05:12:46Z,69.0,Charge 4
2022-03-11T05:12:51Z,70.0,Charge 4
2022-03-11T05:12:56Z,71.0,Charge 4
2022-03-11T05:13:11Z,71.0,Charge 4
2022-03-11T05:13:16Z,72.0,Charge 4
2022-03-11T05:13:26Z,71.0,Charge 4
2022-03-11T05:13:41Z,72.0,Charge 4
2022-03-11T05:13:51Z,70.0,Charge 4
2022-03-11T05:13:56Z,69.0,Charge 4
2022-03-11T05:14:11Z,69.0,Charge 4
2022-03-11T05:14:26Z,68.0,Charge 4
2022-03-11T05:14:36Z,70.0,Charge 4
2022-03-11T05:14:41Z,69.0,Charge 4
2022-03-11T05:14:46Z,68.0,Charge 4
2022-03-11T05:14:51Z,69.0,Charge 4
2022-03-11T05:14:56Z,70.0,Charge 4
2022-03-11T05:15:01Z,71.0,Charge 4
2022-03-11T05:15:11Z,72.0,Charge 4
2022-03-11T05:15:16Z,73.0,Charge 4
2022-03-11T05:15:22Z,72.0,Charge 4
2022-03-11T05:15:27Z,71.0,Charge 4
2022-03-11T05:15:37Z,70.0,Charge 4
2022-03-11T05:15:52Z,70.0,Charge 4
2022-03-11T05:16:02Z,71.0,Charge 4
2022-03-11T05:16:17Z,70.0,Charge 4
2022-03-11T05:16:22Z,69.0,Charge 4
2022-03-11T05:16:27Z,68.0,Charge 4
2022-03-11T05:16:37Z,69.0,Charge 4
2022-03-11T05:16:42Z,70.0,Charge 4
2022-03-11T05:16:47Z,69.0,Charge 4
2022-03-11T05:16:57Z,70.0,Charge 4
2022-03-11T05:17:12Z,70.0,Charge 4
2022-03-11T05:17:22Z,69.0,Charge 4
2022-03-11T05:17:32Z,70.0,Charge 4
2022-03-11T05:17:37Z,71.0,Charge 4
2022-03-11T05:17:42Z,70.0,Charge 4
2022-03-11T05:17:47Z,71.0,Charge 4
2022-03-11T05:18:02Z,71.0,Charge 4
2022-03-11T05:18:07Z,70.0,Charge 4
2022-03-11T05:18:12Z,67.0,Charge 4
2022-03-11T05:18:22Z,68.0,Charge 4
2022-03-11T05:18:27Z,70.0,Charge 4
2022-03-11T05:18:32Z,71.0,Charge 4
2022-03-11T05:18:47Z,70.0,Charge 4
2022-03-11T05:18:57Z,69.0,Charge 4
2022-03-11T05:19:07Z,70.0,Charge 4
2022-03-11T05:19:12Z,70.0,Charge 4
2022-03-11T05:19:22Z,71.0,Charge 4
2022-03-11T05:19:27Z,72.0,Charge 4
2022-03-11T05:19:32Z,70.0,Charge 4
2022-03-11T05:19:42Z,69.0,Charge 4
2022-03-11T05:19:57Z,70.0,Charge 4
2022-03-11T05:20:02Z,71.0,Charge 4
2022-03-11T05:20:07Z,72.0,Charge 4
2022-03-11T05:20:12Z,73.0,Charge 4
2022-03-11T05:20:22Z,72.0,Charge 4
2022-03-11T05:20:27Z,71.0,Charge 4
2022-03-11T05:20:32Z,70.0,Charge 4
2022-03-11T05:20:47Z,70.0,Charge 4
2022-03-11T05:21:02Z,69.0,Charge 4
2022-03-11T05:21:07Z,70.0,Charge 4
2022-03-11T05:21:12Z,71.0,Charge 4
2022-03-11T05:21:27Z,71.0,Charge 4
2022-03-11T05:21:32Z,70.0,Charge 4
2022-03-11T05:21:37Z,69.0,Charge 4
2022-03-11T05:21:42Z,68.0,Charge 4
2022-03-11T05:21:57Z,68.0,Charge 4
2022-03-11T05:22:07Z,70.0,Charge 4
2022-03-11T05:22:17Z,69.0,Charge 4
2022-03-11T05:22:22Z,67.0,Charge 4
2022-03-11T05:22:37Z,67.0,Charge 4
2022-03-11T05:22:38Z,68.0,Charge 4
2022-03-11T05:22:43Z,69.0,Charge 4
2022-03-11T05:22:53Z,68.0,Charge 4
2022-03-11T05:23:08Z,68.0,Charge 4
2022-03-11T05:23:13Z,69.0,Charge 4
2022-03-11T05:23:23Z,70.0,Charge 4
2022-03-11T05:23:38Z,69.0,Charge 4
2022-03-11T05:23:43Z,68.0,Charge 4
2022-03-11T05:23:48Z,68.0,Charge 4
2022-03-11T05:23:53Z,68.0,Charge 4
2022-03-11T05:23:58Z,66.0,Charge 4
2022-03-11T05:24:03Z,65.0,Charge 4
2022-03-11T05:24:08Z,63.0,Charge 4
2022-03-11T05:24:18Z,62.0,Charge 4
2022-03-11T05:24:28Z,64.0,Charge 4
2022-03-11T05:24:43Z,66.0,Charge 4
2022-03-11T05:24:58Z,66.0,Charge 4
2022-03-11T05:25:03Z,65.0,Charge 4
2022-03-11T05:25:18Z,65.0,Charge 4
2022-03-11T05:25:23Z,67.0,Charge 4
2022-03-11T05:25:28Z,69.0,Charge 4
2022-03-11T05:25:33Z,68.0,Charge 4
2022-03-11T05:25:38Z,66.0,Charge 4
2022-03-11T05:25:43Z,63.0,Charge 4
2022-03-11T05:25:53Z,64.0,Charge 4
2022-03-11T05:25:58Z,65.0,Charge 4
2022-03-11T05:26:03Z,66.0,Charge 4
2022-03-11T05:26:08Z,75.0,Charge 4
2022-03-11T05:26:13Z,81.0,Charge 4
2022-03-11T05:26:18Z,78.0,Charge 4
2022-03-11T05:26:23Z,69.0,Charge 4
2022-03-11T05:26:28Z,65.0,Charge 4
2022-03-11T05:26:33Z,64.0,Charge 4
2022-03-11T05:26:38Z,63.0,Charge 4
2022-03-11T05:26:48Z,62.0,Charge 4
2022-03-11T05:27:03Z,62.0,Charge 4
2022-03-11T05:27:08Z,63.0,Charge 4
2022-03-11T05:27:18Z,64.0,Charge 4
2022-03-11T05:27:23Z,65.0,Charge 4
2022-03-11T05:27:28Z,64.0,Charge 4
2022-03-11T05:27:43Z,64.0,Charge 4
2022-03-11T05:27:48Z,65.0,Charge 4
2022-03-11T05:27:53Z,67.0,Charge 4
2022-03-11T05:28:03Z,68.0,Charge 4
2022-03-11T05:28:13Z,67.0,Charge 4
2022-03-11T05:28:18Z,66.0,Charge 4
2022-03-11T05:28:23Z,64.0,Charge 4
2022-03-11T05:28:33Z,63.0,Charge 4
2022-03-11T05:28:38Z,64.0,Charge 4
2022-03-11T05:28:43Z,65.0,Charge 4
2022-03-11T05:28:48Z,66.0,Charge 4
2022-03-11T05:28:58Z,67.0,Charge 4
2022-03-11T05:29:03Z,69.0,Charge 4
2022-03-11T05:29:09Z,69.0,Charge 4
2022-03-11T05:29:14Z,68.0,Charge 4
2022-03-11T05:29:19Z,69.0,Charge 4
2022-03-11T05:29:24Z,68.0,Charge 4
2022-03-11T05:29:34Z,67.0,Charge 4
2022-03-11T05:29:39Z,65.0,Charge 4
2022-03-11T05:29:49Z,66.0,Charge 4
2022-03-11T05:29:54Z,67.0,Charge 4
2022-03-11T05:30:09Z,67.0,Charge 4
2022-03-11T05:30:24Z,67.0,Charge 4
2022-03-11T05:30:39Z,67.0,Charge 4
2022-03-11T05:30:54Z,68.0,Charge 4
2022-03-11T05:31:04Z,67.0,Charge 4
2022-03-11T05:31:19Z,67.0,Charge 4
2022-03-11T05:31:24Z,68.0,Charge 4
2022-03-11T05:31:29Z,68.0,Charge 4
2022-03-11T05:31:44Z,69.0,Charge 4
2022-03-11T05:31:49Z,66.0,Charge 4
2022-03-11T05:31:54Z,65.0,Charge 4
2022-03-11T05:32:09Z,65.0,Charge 4
2022-03-11T05:32:14Z,67.0,Charge 4
2022-03-11T05:32:24Z,66.0,Charge 4
2022-03-11T05:32:29Z,65.0,Charge 4
2022-03-11T05:32:39Z,65.0,Charge 4
2022-03-11T05:32:44Z,67.0,Charge 4
2022-03-11T05:32:59Z,68.0,Charge 4
2022-03-11T05:33:14Z,68.0,Charge 4
2022-03-11T05:33:19Z,68.0,Charge 4
2022-03-11T05:33:24Z,67.0,Charge 4
2022-03-11T05:33:29Z,67.0,Charge 4
2022-03-11T05:33:34Z,67.0,Charge 4
2022-03-11T05:33:49Z,67.0,Charge 4
2022-03-11T05:33:59Z,68.0,Charge 4
2022-03-11T05:34:09Z,69.0,Charge 4
2022-03-11T05:34:24Z,69.0,Charge 4
2022-03-11T05:34:39Z,70.0,Charge 4
2022-03-11T05:34:49Z,72.0,Charge 4
2022-03-11T05:34:54Z,73.0,Charge 4
2022-03-11T05:34:59Z,72.0,Charge 4
2022-03-11T05:35:04Z,69.0,Charge 4
2022-03-11T05:35:09Z,65.0,Charge 4
2022-03-11T05:35:24Z,65.0,Charge 4
2022-03-11T05:35:34Z,63.0,Charge 4
2022-03-11T05:35:39Z,65.0,Charge 4
2022-03-11T05:35:44Z,66.0,Charge 4
2022-03-11T05:35:54Z,67.0,Charge 4
2022-03-11T05:35:59Z,68.0,Charge 4
2022-03-11T05:36:04Z,67.0,Charge 4
2022-03-11T05:36:09Z,67.0,Charge 4
2022-03-11T05:36:14Z,66.0,Charge 4
2022-03-11T05:36:19Z,65.0,Charge 4
2022-03-11T05:36:24Z,64.0,Charge 4
2022-03-11T05:36:30Z,64.0,Charge 4
2022-03-11T05:36:40Z,64.0,Charge 4
2022-03-11T05:36:45Z,66.0,Charge 4
2022-03-11T05:36:50Z,69.0,Charge 4
2022-03-11T05:37:00Z,68.0,Charge 4
2022-03-11T05:37:05Z,67.0,Charge 4
2022-03-11T05:37:10Z,66.0,Charge 4
2022-03-11T05:37:15Z,65.0,Charge 4
2022-03-11T05:37:20Z,66.0,Charge 4
2022-03-11T05:37:35Z,66.0,Charge 4
2022-03-11T05:37:40Z,67.0,Charge 4
2022-03-11T05:37:45Z,68.0,Charge 4
2022-03-11T05:37:55Z,67.0,Charge 4
2022-03-11T05:38:10Z,68.0,Charge 4
2022-03-11T05:38:25Z,69.0,Charge 4
2022-03-11T05:38:35Z,75.0,Charge 4
2022-03-11T05:38:40Z,84.0,Charge 4
2022-03-11T05:38:45Z,81.0,Charge 4
2022-03-11T05:38:50Z,78.0,Charge 4
2022-03-11T05:38:55Z,76.0,Charge 4
2022-03-11T05:39:00Z,75.0,Charge 4
2022-03-11T05:39:05Z,75.0,Charge 4
2022-03-11T05:39:20Z,75.0,Charge 4
2022-03-11T05:39:25Z,73.0,Charge 4
2022-03-11T05:39:30Z,72.0,Charge 4
2022-03-11T05:39:35Z,74.0,Charge 4
2022-03-11T05:39:40Z,76.0,Charge 4
2022-03-11T05:39:50Z,76.0,Charge 4
2022-03-11T05:39:55Z,74.0,Charge 4
2022-03-11T05:40:00Z,73.0,Charge 4
2022-03-11T05:40:05Z,72.0,Charge 4
2022-03-11T05:40:10Z,71.0,Charge 4
2022-03-11T05:40:15Z,72.0,Charge 4
2022-03-11T05:40:20Z,72.0,Charge 4
2022-03-11T05:40:35Z,73.0,Charge 4
2022-03-11T05:40:40Z,71.0,Charge 4
2022-03-11T05:40:45Z,70.0,Charge 4
2022-03-11T05:40:55Z,71.0,Charge 4
2022-03-11T05:41:00Z,73.0,Charge 4
2022-03-11T05:41:05Z,72.0,Charge 4
2022-03-11T05:41:10Z,71.0,Charge 4
2022-03-11T05:41:15Z,71.0,Charge 4
2022-03-11T05:41:20Z,72.0,Charge 4
2022-03-11T05:41:35Z,72.0,Charge 4
2022-03-11T05:41:40Z,71.0,Charge 4
2022-03-11T05:41:50Z,73.0,Charge 4
2022-03-11T05:41:55Z,81.0,Charge 4
2022-03-11T05:42:00Z,79.0,Charge 4
2022-03-11T05:42:05Z,73.0,Charge 4
2022-03-11T05:42:10Z,68.0,Charge 4
2022-03-11T05:42:15Z,66.0,Charge 4
2022-03-11T05:42:20Z,65.0,Charge 4
2022-03-11T05:42:26Z,64.0,Charge 4
2022-03-11T05:42:31Z,63.0,Charge 4
2022-03-11T05:42:41Z,62.0,Charge 4
2022-03-11T05:42:51Z,61.0,Charge 4
2022-03-11T05:43:01Z,60.0,Charge 4
2022-03-11T05:43:16Z,59.0,Charge 4
2022-03-11T05:43:21Z,60.0,Charge 4
2022-03-11T05:43:36Z,61.0,Charge 4
2022-03-11T05:43:41Z,62.0,Charge 4
2022-03-11T05:43:51Z,63.0,Charge 4
2022-03-11T05:44:06Z,62.0,Charge 4
2022-03-11T05:44:21Z,61.0,Charge 4
2022-03-11T05:44:36Z,62.0,Charge 4
2022-03-11T05:44:51Z,62.0,Charge 4
2022-03-11T05:45:06Z,63.0,Charge 4
2022-03-11T05:45:11Z,64.0,Charge 4
2022-03-11T05:45:16Z,65.0,Charge 4
2022-03-11T05:45:26Z,65.0,Charge 4
2022-03-11T05:45:31Z,68.0,Charge 4
2022-03-11T05:45:36Z,72.0,Charge 4
2022-03-11T05:45:41Z,70.0,Charge 4
2022-03-11T05:45:46Z,67.0,Charge 4
2022-03-11T05:45:51Z,64.0,Charge 4
2022-03-11T05:45:56Z,62.0,Charge 4
2022-03-11T05:46:11Z,62.0,Charge 4
2022-03-11T05:46:16Z,63.0,Charge 4
2022-03-11T05:46:21Z,64.0,Charge 4
2022-03-11T05:46:26Z,64.0,Charge 4
2022-03-11T05:46:31Z,65.0,Charge 4
2022-03-11T05:46:46Z,65.0,Charge 4
2022-03-11T05:46:56Z,66.0,Charge 4
2022-03-11T05:47:01Z,67.0,Charge 4
2022-03-11T05:47:06Z,68.0,Charge 4
2022-03-11T05:47:11Z,69.0,Charge 4
2022-03-11T05:47:16Z,68.0,Charge 4
2022-03-11T05:47:26Z,66.0,Charge 4
2022-03-11T05:47:31Z,64.0,Charge 4
2022-03-11T05:47:41Z,63.0,Charge 4
2022-03-11T05:47:46Z,62.0,Charge 4
2022-03-11T05:47:51Z,63.0,Charge 4
2022-03-11T05:47:56Z,64.0,Charge 4
2022-03-11T05:48:01Z,65.0,Charge 4
2022-03-11T05:48:06Z,66.0,Charge 4
2022-03-11T05:48:11Z,65.0,Charge 4
2022-03-11T05:48:26Z,65.0,Charge 4
2022-03-11T05:48:36Z,65.0,Charge 4
2022-03-11T05:48:41Z,66.0,Charge 4
2022-03-11T05:48:56Z,66.0,Charge 4
2022-03-11T05:49:01Z,67.0,Charge 4
2022-03-11T05:49:06Z,68.0,Charge 4
2022-03-11T05:49:11Z,70.0,Charge 4
2022-03-11T05:49:21Z,69.0,Charge 4
2022-03-11T05:49:26Z,68.0,Charge 4
2022-03-11T05:49:32Z,67.0,Charge 4
2022-03-11T05:49:37Z,65.0,Charge 4
2022-03-11T05:49:52Z,65.0,Charge 4
2022-03-11T05:50:07Z,66.0,Charge 4
2022-03-11T05:50:17Z,64.0,Charge 4
2022-03-11T05:50:22Z,63.0,Charge 4
2022-03-11T05:50:27Z,61.0,Charge 4
2022-03-11T05:50:32Z,61.0,Charge 4
2022-03-11T05:50:42Z,63.0,Charge 4
2022-03-11T05:50:47Z,62.0,Charge 4
2022-03-11T05:50:57Z,61.0,Charge 4
2022-03-11T05:51:02Z,62.0,Charge 4
2022-03-11T05:51:17Z,63.0,Charge 4
2022-03-11T05:51:27Z,65.0,Charge 4
2022-03-11T05:51:32Z,66.0,Charge 4
2022-03-11T05:51:47Z,66.0,Charge 4
2022-03-11T05:51:52Z,62.0,Charge 4
2022-03-11T05:51:57Z,60.0,Charge 4
2022-03-11T05:52:02Z,58.0,Charge 4
2022-03-11T05:52:17Z,58.0,Charge 4
2022-03-11T05:52:27Z,59.0,Charge 4
2022-03-11T05:52:32Z,60.0,Charge 4
2022-03-11T05:52:47Z,61.0,Charge 4
2022-03-11T05:52:52Z,62.0,Charge 4
2022-03-11T05:52:57Z,61.0,Charge 4
2022-03-11T05:53:07Z,63.0,Charge 4
2022-03-11T05:53:22Z,63.0,Charge 4
2022-03-11T05:53:27Z,64.0,Charge 4
2022-03-11T05:53:32Z,63.0,Charge 4
2022-03-11T05:53:42Z,64.0,Charge 4
2022-03-11T05:53:47Z,63.0,Charge 4
2022-03-11T05:54:02Z,62.0,Charge 4
2022-03-11T05:54:12Z,63.0,Charge 4
2022-03-11T05:54:17Z,64.0,Charge 4
2022-03-11T05:54:22Z,65.0,Charge 4
2022-03-11T05:54:27Z,66.0,Charge 4
2022-03-11T05:54:32Z,65.0,Charge 4
2022-03-11T05:54:47Z,65.0,Charge 4
2022-03-11T05:54:57Z,64.0,Charge 4
2022-03-11T05:55:12Z,64.0,Charge 4
2022-03-11T05:55:27Z,63.0,Charge 4
2022-03-11T05:55:42Z,64.0,Charge 4
2022-03-11T05:55:52Z,64.0,Charge 4
2022-03-11T05:55:57Z,65.0,Charge 4
2022-03-11T05:56:02Z,67.0,Charge 4
2022-03-11T05:56:07Z,68.0,Charge 4
2022-03-11T05:56:12Z,67.0,Charge 4
2022-03-11T05:56:17Z,68.0,Charge 4
2022-03-11T05:56:27Z,66.0,Charge 4
2022-03-11T05:56:32Z,65.0,Charge 4
2022-03-11T05:56:42Z,67.0,Charge 4
2022-03-11T05:56:48Z,69.0,Charge 4
2022-03-11T05:56:53Z,68.0,Charge 4
2022-03-11T05:56:58Z,67.0,Charge 4
2022-03-11T05:57:03Z,66.0,Charge 4
2022-03-11T05:57:18Z,65.0,Charge 4
2022-03-11T05:57:33Z,64.0,Charge 4
2022-03-11T05:57:43Z,65.0,Charge 4
2022-03-11T05:57:48Z,66.0,Charge 4
2022-03-11T05:57:53Z,67.0,Charge 4
2022-03-11T05:57:58Z,68.0,Charge 4
2022-03-11T05:58:08Z,67.0,Charge 4
2022-03-11T05:58:13Z,65.0,Charge 4
2022-03-11T05:58:18Z,64.0,Charge 4
2022-03-11T05:58:23Z,63.0,Charge 4
2022-03-11T05:58:28Z,62.0,Charge 4
2022-03-11T05:58:43Z,62.0,Charge 4
2022-03-11T05:58:53Z,63.0,Charge 4
2022-03-11T05:58:58Z,64.0,Charge 4
2022-03-11T05:59:13Z,64.0,Charge 4
2022-03-11T05:59:18Z,65.0,Charge 4
2022-03-11T05:59:28Z,66.0,Charge 4
2022-03-11T05:59:38Z,67.0,Charge 4
2022-03-11T05:59:43Z,68.0,Charge 4
2022-03-11T05:59:48Z,69.0,Charge 4
2022-03-11T05:59:53Z,67.0,Charge 4
2022-03-11T05:59:58Z,66.0,Charge 4
2022-03-11T06:00:03Z,68.0,Charge 4
2022-03-11T06:00:08Z,69.0,Charge 4
2022-03-11T06:00:23Z,73.0,Charge 4
2022-03-11T06:00:28Z,82.0,Charge 4
2022-03-11T06:00:33Z,79.0,Charge 4
2022-03-11T06:00:38Z,74.0,Charge 4
2022-03-11T06:00:43Z,69.0,Charge 4
2022-03-11T06:00:48Z,65.0,Charge 4
2022-03-11T06:00:53Z,63.0,Charge 4
2022-03-11T06:00:58Z,62.0,Charge 4
2022-03-11T06:01:03Z,61.0,Charge 4
2022-03-11T06:01:18Z,61.0,Charge 4
2022-03-11T06:01:23Z,62.0,Charge 4
2022-03-11T06:01:28Z,63.0,Charge 4
2022-03-11T06:01:33Z,64.0,Charge 4
2022-03-11T06:01:48Z,64.0,Charge 4
2022-03-11T06:01:53Z,62.0,Charge 4
2022-03-11T06:02:03Z,63.0,Charge 4
2022-03-11T06:02:18Z,63.0,Charge 4
2022-03-11T06:02:23Z,64.0,Charge 4
2022-03-11T06:02:28Z,67.0,Charge 4
2022-03-11T06:02:33Z,68.0,Charge 4
2022-03-11T06:02:48Z,68.0,Charge 4
2022-03-11T06:02:58Z,66.0,Charge 4
2022-03-11T06:03:13Z,66.0,Charge 4
2022-03-11T06:03:28Z,66.0,Charge 4
2022-03-11T06:03:29Z,65.0,Charge 4
2022-03-11T06:03:39Z,66.0,Charge 4
2022-03-11T06:03:54Z,65.0,Charge 4
2022-03-11T06:04:09Z,65.0,Charge 4
2022-03-11T06:04:19Z,64.0,Charge 4
2022-03-11T06:04:24Z,65.0,Charge 4
2022-03-11T06:04:29Z,66.0,Charge 4
2022-03-11T06:04:34Z,67.0,Charge 4
2022-03-11T06:04:39Z,68.0,Charge 4
2022-03-11T06:04:49Z,67.0,Charge 4
2022-03-11T06:04:54Z,66.0,Charge 4
2022-03-11T06:05:09Z,66.0,Charge 4
2022-03-11T06:05:14Z,67.0,Charge 4
2022-03-11T06:05:29Z,68.0,Charge 4
2022-03-11T06:05:34Z,67.0,Charge 4
2022-03-11T06:05:44Z,66.0,Charge 4
2022-03-11T06:05:49Z,64.0,Charge 4
2022-03-11T06:05:59Z,67.0,Charge 4
2022-03-11T06:06:04Z,68.0,Charge 4
2022-03-11T06:06:09Z,67.0,Charge 4
2022-03-11T06:06:14Z,64.0,Charge 4
2022-03-11T06:06:19Z,63.0,Charge 4
2022-03-11T06:06:34Z,63.0,Charge 4
2022-03-11T06:06:44Z,62.0,Charge 4
2022-03-11T06:06:54Z,63.0,Charge 4
2022-03-11T06:07:09Z,63.0,Charge 4
2022-03-11T06:07:19Z,64.0,Charge 4
2022-03-11T06:07:24Z,66.0,Charge 4
2022-03-11T06:07:29Z,67.0,Charge 4
2022-03-11T06:07:44Z,67.0,Charge 4
2022-03-11T06:07:49Z,68.0,Charge 4
2022-03-11T06:07:54Z,65.0,Charge 4
2022-03-11T06:08:04Z,64.0,Charge 4
2022-03-11T06:08:14Z,65.0,Charge 4
2022-03-11T06:08:29Z,65.0,Charge 4
2022-03-11T06:08:44Z,65.0,Charge 4
2022-03-11T06:08:49Z,67.0,Charge 4
2022-03-11T06:08:59Z,68.0,Charge 4
2022-03-11T06:09:14Z,68.0,Charge 4
2022-03-11T06:09:19Z,67.0,Charge 4
2022-03-11T06:09:29Z,69.0,Charge 4
2022-03-11T06:09:34Z,72.0,Charge 4
2022-03-11T06:09:39Z,69.0,Charge 4
2022-03-11T06:09:44Z,67.0,Charge 4
2022-03-11T06:09:49Z,66.0,Charge 4
2022-03-11T06:09:54Z,64.0,Charge 4
2022-03-11T06:09:59Z,63.0,Charge 4
2022-03-11T06:10:04Z,63.0,Charge 4
2022-03-11T06:10:09Z,64.0,Charge 4
2022-03-11T06:10:14Z,65.0,Charge 4
2022-03-11T06:10:19Z,71.0,Charge 4
2022-03-11T06:10:24Z,74.0,Charge 4
2022-03-11T06:10:29Z,72.0,Charge 4
2022-03-11T06:10:35Z,68.0,Charge 4
2022-03-11T06:10:40Z,63.0,Charge 4
2022-03-11T06:10:45Z,62.0,Charge 4
2022-03-11T06:10:50Z,60.0,Charge 4
2022-03-11T06:11:05Z,60.0,Charge 4
2022-03-11T06:11:10Z,61.0,Charge 4
2022-03-11T06:11:15Z,62.0,Charge 4
2022-03-11T06:11:20Z,63.0,Charge 4
2022-03-11T06:11:25Z,64.0,Charge 4
2022-03-11T06:11:30Z,66.0,Charge 4
2022-03-11T06:11:35Z,67.0,Charge 4
2022-03-11T06:11:40Z,66.0,Charge 4
2022-03-11T06:11:45Z,65.0,Charge 4
2022-03-11T06:11:50Z,64.0,Charge 4
2022-03-11T06:12:05Z,65.0,Charge 4
2022-03-11T06:12:15Z,64.0,Charge 4
2022-03-11T06:12:20Z,63.0,Charge 4
2022-03-11T06:12:35Z,64.0,Charge 4
2022-03-11T06:12:40Z,65.0,Charge 4
2022-03-11T06:12:50Z,64.0,Charge 4
2022-03-11T06:13:00Z,65.0,Charge 4
2022-03-11T06:13:10Z,64.0,Charge 4
2022-03-11T06:13:20Z,63.0,Charge 4
2022-03-11T06:13:25Z,62.0,Charge 4
2022-03-11T06:13:35Z,63.0,Charge 4
2022-03-11T06:13:40Z,64.0,Charge 4
2022-03-11T06:13:50Z,65.0,Charge 4
2022-03-11T06:13:55Z,66.0,Charge 4
2022-03-11T06:14:00Z,67.0,Charge 4
2022-03-11T06:14:05Z,68.0,Charge 4
2022-03-11T06:14:20Z,68.0,Charge 4
2022-03-11T06:14:25Z,70.0,Charge 4
2022-03-11T06:14:30Z,68.0,Charge 4
2022-03-11T06:14:35Z,66.0,Charge 4
2022-03-11T06:14:40Z,64.0,Charge 4
2022-03-11T06:14:45Z,63.0,Charge 4
2022-03-11T06:15:00Z,63.0,Charge 4
2022-03-11T06:15:05Z,64.0,Charge 4
2022-03-11T06:15:10Z,65.0,Charge 4
2022-03-11T06:15:20Z,66.0,Charge 4
2022-03-11T06:15:25Z,65.0,Charge 4
2022-03-11T06:15:40Z,65.0,Charge 4
2022-03-11T06:15:55Z,65.0,Charge 4
2022-03-11T06:16:00Z,68.0,Charge 4
2022-03-11T06:16:05Z,67.0,Charge 4
2022-03-11T06:16:15Z,66.0,Charge 4
2022-03-11T06:16:30Z,66.0,Charge 4
2022-03-11T06:16:40Z,65.0,Charge 4
2022-03-11T06:16:45Z,66.0,Charge 4
2022-03-11T06:16:55Z,65.0,Charge 4
2022-03-11T06:17:10Z,65.0,Charge 4
2022-03-11T06:17:16Z,67.0,Charge 4
2022-03-11T06:17:21Z,69.0,Charge 4
2022-03-11T06:17:31Z,68.0,Charge 4
2022-03-11T06:17:41Z,67.0,Charge 4
2022-03-11T06:17:56Z,67.0,Charge 4
2022-03-11T06:18:01Z,68.0,Charge 4
2022-03-11T06:18:06Z,67.0,Charge 4
2022-03-11T06:18:11Z,66.0,Charge 4
2022-03-11T06:18:16Z,65.0,Charge 4
2022-03-11T06:18:26Z,66.0,Charge 4
2022-03-11T06:18:31Z,65.0,Charge 4
2022-03-11T06:18:41Z,66.0,Charge 4
2022-03-11T06:18:46Z,67.0,Charge 4
2022-03-11T06:18:51Z,68.0,Charge 4
2022-03-11T06:18:56Z,67.0,Charge 4
2022-03-11T06:19:01Z,65.0,Charge 4
2022-03-11T06:19:06Z,64.0,Charge 4
2022-03-11T06:19:16Z,65.0,Charge 4
2022-03-11T06:19:31Z,65.0,Charge 4
2022-03-11T06:19:41Z,66.0,Charge 4
2022-03-11T06:19:46Z,65.0,Charge 4
2022-03-11T06:19:56Z,66.0,Charge 4
2022-03-11T06:20:01Z,66.0,Charge 4
2022-03-11T06:20:16Z,66.0,Charge 4
2022-03-11T06:20:26Z,67.0,Charge 4
2022-03-11T06:20:31Z,68.0,Charge 4
2022-03-11T06:20:41Z,70.0,Charge 4
2022-03-11T06:20:46Z,72.0,Charge 4
2022-03-11T06:21:01Z,72.0,Charge 4
2022-03-11T06:21:11Z,70.0,Charge 4
2022-03-11T06:21:16Z,68.0,Charge 4
2022-03-11T06:21:21Z,67.0,Charge 4
2022-03-11T06:21:26Z,66.0,Charge 4
2022-03-11T06:21:36Z,65.0,Charge 4
2022-03-11T06:21:41Z,64.0,Charge 4
2022-03-11T06:21:51Z,63.0,Charge 4
2022-03-11T06:22:06Z,63.0,Charge 4
2022-03-11T06:22:11Z,64.0,Charge 4
2022-03-11T06:22:16Z,66.0,Charge 4
2022-03-11T06:22:31Z,66.0,Charge 4
2022-03-11T06:22:41Z,65.0,Charge 4
2022-03-11T06:22:56Z,65.0,Charge 4
2022-03-11T06:23:01Z,66.0,Charge 4
2022-03-11T06:23:06Z,69.0,Charge 4
2022-03-11T06:23:11Z,71.0,Charge 4
2022-03-11T06:23:16Z,73.0,Charge 4
2022-03-11T06:23:26Z,72.0,Charge 4
2022-03-11T06:23:31Z,71.0,Charge 4
2022-03-11T06:23:36Z,69.0,Charge 4
2022-03-11T06:23:46Z,68.0,Charge 4
2022-03-11T06:23:51Z,70.0,Charge 4
2022-03-11T06:24:01Z,69.0,Charge 4
2022-03-11T06:24:06Z,69.0,Charge 4
2022-03-11T06:24:12Z,68.0,Charge 4
2022-03-11T06:24:27Z,68.0,Charge 4
2022-03-11T06:24:42Z,68.0,Charge 4
2022-03-11T06:24:52Z,69.0,Charge 4
2022-03-11T06:24:57Z,68.0,Charge 4
2022-03-11T06:25:07Z,67.0,Charge 4
2022-03-11T06:25:22Z,66.0,Charge 4
2022-03-11T06:25:37Z,66.0,Charge 4
2022-03-11T06:25:42Z,69.0,Charge 4
2022-03-11T06:25:47Z,69.0,Charge 4
2022-03-11T06:25:57Z,68.0,Charge 4
2022-03-11T06:26:02Z,67.0,Charge 4
2022-03-11T06:26:12Z,66.0,Charge 4
2022-03-11T06:26:17Z,65.0,Charge 4
2022-03-11T06:26:22Z,67.0,Charge 4
2022-03-11T06:26:37Z,67.0,Charge 4
2022-03-11T06:26:47Z,66.0,Charge 4
2022-03-11T06:27:02Z,65.0,Charge 4
2022-03-11T06:27:17Z,65.0,Charge 4
2022-03-11T06:27:22Z,66.0,Charge 4
2022-03-11T06:27:27Z,67.0,Charge 4
2022-03-11T06:27:32Z,68.0,Charge 4
2022-03-11T06:27:42Z,67.0,Charge 4
2022-03-11T06:27:57Z,67.0,Charge 4
2022-03-11T06:28:12Z,66.0,Charge 4
2022-03-11T06:28:17Z,65.0,Charge 4
2022-03-11T06:28:23Z,65.0,Charge 4
2022-03-11T06:28:33Z,64.0,Charge 4
2022-03-11T06:28:48Z,65.0,Charge 4
2022-03-11T06:28:53Z,67.0,Charge 4
2022-03-11T06:29:08Z,67.0,Charge 4
2022-03-11T06:29:13Z,68.0,Charge 4
2022-03-11T06:29:18Z,67.0,Charge 4
2022-03-11T06:29:23Z,67.0,Charge 4
2022-03-11T06:29:28Z,67.0,Charge 4
2022-03-11T06:29:38Z,66.0,Charge 4
2022-03-11T06:29:53Z,66.0,Charge 4
2022-03-11T06:29:58Z,65.0,Charge 4
2022-03-11T06:30:08Z,66.0,Charge 4
2022-03-11T06:30:18Z,67.0,Charge 4
2022-03-11T06:30:33Z,67.0,Charge 4
2022-03-11T06:30:38Z,66.0,Charge 4
2022-03-11T06:30:48Z,66.0,Charge 4
2022-03-11T06:30:53Z,66.0,Charge 4
2022-03-11T06:30:58Z,67.0,Charge 4
2022-03-11T06:31:08Z,68.0,Charge 4
2022-03-11T06:31:13Z,68.0,Charge 4
2022-03-11T06:31:18Z,69.0,Charge 4
2022-03-11T06:31:33Z,71.0,Charge 4
2022-03-11T06:31:38Z,72.0,Charge 4
2022-03-11T06:31:53Z,72.0,Charge 4
2022-03-11T06:32:08Z,72.0,Charge 4
2022-03-11T06:32:23Z,74.0,Charge 4
2022-03-11T06:32:28Z,84.0,Charge 4
2022-03-11T06:32:33Z,100.0,Charge 4
2022-03-11T06:32:38Z,102.0,Charge 4
2022-03-11T06:32:43Z,104.0,Charge 4
2022-03-11T06:32:48Z,104.0,Charge 4
2022-03-11T06:33:03Z,104.0,Charge 4
2022-03-11T06:33:18Z,104.0,Charge 4
2022-03-11T06:33:28Z,101.0,Charge 4
2022-03-11T06:33:33Z,97.0,Charge 4
2022-03-11T06:33:38Z,96.0,Charge 4
2022-03-11T06:33:43Z,94.0,Charge 4
2022-03-11T06:33:48Z,92.0,Charge 4
2022-03-11T06:33:53Z,88.0,Charge 4
2022-03-11T06:33:58Z,87.0,Charge 4
2022-03-11T06:34:13Z,87.0,Charge 4
2022-03-11T06:34:18Z,89.0,Charge 4
2022-03-11T06:34:23Z,90.0,Charge 4
2022-03-11T06:34:28Z,88.0,Charge 4
2022-03-11T06:34:38Z,88.0,Charge 4
2022-03-11T06:34:43Z,88.0,Charge 4
2022-03-11T06:34:53Z,89.0,Charge 4
2022-03-11T06:35:08Z,89.0,Charge 4
2022-03-11T06:35:29Z,91.0,Charge 4
2022-03-11T06:35:34Z,95.0,Charge 4
2022-03-11T06:35:39Z,97.0,Charge 4
2022-03-11T06:35:44Z,94.0,Charge 4
2022-03-11T06:35:54Z,93.0,Charge 4
2022-03-11T06:35:59Z,91.0,Charge 4
2022-03-11T06:36:04Z,90.0,Charge 4
2022-03-11T06:36:14Z,91.0,Charge 4
2022-03-11T06:36:19Z,92.0,Charge 4
2022-03-11T06:36:24Z,93.0,Charge 4
2022-03-11T06:36:29Z,100.0,Charge 4
2022-03-11T06:36:34Z,101.0,Charge 4
2022-03-11T06:36:44Z,100.0,Charge 4
2022-03-11T06:36:54Z,99.0,Charge 4
2022-03-11T06:36:59Z,98.0,Charge 4
2022-03-11T06:37:04Z,100.0,Charge 4
2022-03-11T06:37:09Z,102.0,Charge 4
2022-03-11T06:37:14Z,99.0,Charge 4
2022-03-11T06:37:24Z,101.0,Charge 4
2022-03-11T06:37:29Z,100.0,Charge 4
2022-03-11T06:37:39Z,99.0,Charge 4
2022-03-11T06:37:44Z,98.0,Charge 4
2022-03-11T06:37:49Z,92.0,Charge 4
2022-03-11T06:37:54Z,91.0,Charge 4
2022-03-11T06:38:09Z,90.0,Charge 4
2022-03-11T06:38:19Z,91.0,Charge 4
2022-03-11T06:38:29Z,93.0,Charge 4
2022-03-11T06:38:34Z,93.0,Charge 4
2022-03-11T06:38:39Z,95.0,Charge 4
2022-03-11T06:38:44Z,96.0,Charge 4
2022-03-11T06:38:49Z,97.0,Charge 4
2022-03-11T06:38:59Z,95.0,Charge 4
2022-03-11T06:39:04Z,92.0,Charge 4
2022-03-11T06:39:09Z,83.0,Charge 4
2022-03-11T06:39:14Z,84.0,Charge 4
2022-03-11T06:39:29Z,83.0,Charge 4
2022-03-11T06:39:39Z,84.0,Charge 4
2022-03-11T06:39:44Z,85.0,Charge 4
2022-03-11T06:39:49Z,86.0,Charge 4
2022-03-11T06:39:59Z,87.0,Charge 4
2022-03-11T06:54:45Z,70.0,Charge 4
2022-03-11T06:54:55Z,85.0,Charge 4
2022-03-11T06:55:00Z,91.0,Charge 4
2022-03-11T06:55:05Z,92.0,Charge 4
2022-03-11T06:55:10Z,95.0,Charge 4
2022-03-11T06:55:15Z,94.0,Charge 4
2022-03-11T06:55:20Z,92.0,Charge 4
2022-03-11T06:55:25Z,94.0,Charge 4
2022-03-11T06:55:30Z,95.0,Charge 4
2022-03-11T06:55:35Z,96.0,Charge 4
2022-03-11T06:55:45Z,99.0,Charge 4
2022-03-11T06:55:50Z,100.0,Charge 4
2022-03-11T06:55:55Z,99.0,Charge 4
2022-03-11T06:56:00Z,100.0,Charge 4
2022-03-11T06:56:05Z,102.0,Charge 4
2022-03-11T06:56:10Z,100.0,Charge 4
2022-03-11T06:56:20Z,101.0,Charge 4
2022-03-11T06:56:30Z,100.0,Charge 4
2022-03-11T06:56:35Z,101.0,Charge 4
2022-03-11T06:56:40Z,100.0,Charge 4
2022-03-11T06:56:45Z,99.0,Charge 4
2022-03-11T06:56:50Z,98.0,Charge 4
2022-03-11T06:56:55Z,100.0,Charge 4
2022-03-11T06:57:00Z,103.0,Charge 4
2022-03-11T06:57:05Z,106.0,Charge 4
2022-03-11T06:57:11Z,108.0,Charge 4
2022-03-11T06:57:16Z,109.0,Charge 4
2022-03-11T06:57:26Z,111.0,Charge 4
2022-03-11T06:57:31Z,108.0,Charge 4
2022-03-11T06:57:36Z,101.0,Charge 4
2022-03-11T06:57:41Z,100.0,Charge 4
2022-03-11T06:57:46Z,96.0,Charge 4
2022-03-11T06:57:51Z,94.0,Charge 4
2022-03-11T06:57:56Z,92.0,Charge 4
2022-03-11T06:58:01Z,100.0,Charge 4
2022-03-11T06:58:06Z,101.0,Charge 4
2022-03-11T06:58:11Z,99.0,Charge 4
2022-03-11T06:58:16Z,96.0,Charge 4
2022-03-11T06:58:26Z,102.0,Charge 4
2022-03-11T06:58:31Z,104.0,Charge 4
2022-03-11T06:58:36Z,106.0,Charge 4
2022-03-11T06:58:41Z,102.0,Charge 4
2022-03-11T06:58:46Z,97.0,Charge 4
2022-03-11T06:58:51Z,99.0,Charge 4
2022-03-11T06:58:56Z,98.0,Charge 4
2022-03-11T06:59:01Z,99.0,Charge 4
2022-03-11T06:59:06Z,104.0,Charge 4
2022-03-11T06:59:11Z,106.0,Charge 4
2022-03-11T06:59:16Z,105.0,Charge 4
2022-03-11T06:59:26Z,104.0,Charge 4
2022-03-11T06:59:36Z,105.0,Charge 4
2022-03-11T06:59:41Z,105.0,Charge 4
2022-03-11T06:59:46Z,111.0,Charge 4
2022-03-11T06:59:51Z,113.0,Charge 4
2022-03-11T06:59:56Z,112.0,Charge 4
2022-03-11T07:00:01Z,109.0,Charge 4
2022-03-11T07:00:06Z,106.0,Charge 4
2022-03-11T07:00:11Z,103.0,Charge 4
2022-03-11T07:00:16Z,101.0,Charge 4
2022-03-11T07:00:21Z,105.0,Charge 4
2022-03-11T07:00:26Z,103.0,Charge 4
2022-03-11T07:00:31Z,102.0,Charge 4
2022-03-11T07:00:36Z,100.0,Charge 4
2022-03-11T07:00:41Z,100.0,Charge 4
2022-03-11T07:00:56Z,104.0,Charge 4
2022-03-11T07:01:01Z,108.0,Charge 4
2022-03-11T07:01:06Z,107.0,Charge 4
2022-03-11T07:01:11Z,103.0,Charge 4
2022-03-11T07:01:16Z,103.0,Charge 4
2022-03-11T07:01:21Z,102.0,Charge 4
2022-03-11T07:01:26Z,99.0,Charge 4
2022-03-11T07:01:31Z,98.0,Charge 4
2022-03-11T07:01:36Z,96.0,Charge 4
2022-03-11T07:01:41Z,104.0,Charge 4
2022-03-11T07:01:46Z,113.0,Charge 4
2022-03-11T07:01:51Z,114.0,Charge 4
2022-03-11T07:01:56Z,111.0,Charge 4
2022-03-11T07:02:01Z,108.0,Charge 4
2022-03-11T07:02:06Z,103.0,Charge 4
2022-03-11T07:02:11Z,101.0,Charge 4
2022-03-11T07:02:16Z,98.0,Charge 4
2022-03-11T07:02:21Z,101.0,Charge 4
2022-03-11T07:02:26Z,104.0,Charge 4
2022-03-11T07:02:31Z,105.0,Charge 4
2022-03-11T07:02:36Z,101.0,Charge 4
2022-03-11T07:02:41Z,98.0,Charge 4
2022-03-11T07:02:46Z,95.0,Charge 4
2022-03-11T07:02:51Z,91.0,Charge 4
2022-03-11T07:02:56Z,88.0,Charge 4
2022-03-11T07:03:01Z,89.0,Charge 4
2022-03-11T07:03:11Z,92.0,Charge 4
2022-03-11T07:03:16Z,100.0,Charge 4
2022-03-11T07:03:21Z,101.0,Charge 4
2022-03-11T07:03:26Z,100.0,Charge 4
2022-03-11T07:03:31Z,102.0,Charge 4
2022-03-11T07:03:36Z,101.0,Charge 4
2022-03-11T07:03:41Z,98.0,Charge 4
2022-03-11T07:03:46Z,97.0,Charge 4
2022-03-11T07:03:51Z,99.0,Charge 4
2022-03-11T07:03:56Z,101.0,Charge 4
2022-03-11T07:04:01Z,104.0,Charge 4
2022-03-11T07:04:06Z,109.0,Charge 4
2022-03-11T07:04:12Z,110.0,Charge 4
2022-03-11T07:04:17Z,111.0,Charge 4
2022-03-11T07:04:22Z,110.0,Charge 4
2022-03-11T07:04:27Z,106.0,Charge 4
2022-03-11T07:04:32Z,108.0,Charge 4
2022-03-11T07:04:42Z,107.0,Charge 4
2022-03-11T07:04:47Z,106.0,Charge 4
2022-03-11T07:04:57Z,107.0,Charge 4
2022-03-11T07:05:02Z,110.0,Charge 4
2022-03-11T07:05:07Z,112.0,Charge 4
2022-03-11T07:05:12Z,111.0,Charge 4
2022-03-11T07:05:27Z,111.0,Charge 4
2022-03-11T07:05:32Z,113.0,Charge 4
2022-03-11T07:05:42Z,112.0,Charge 4
2022-03-11T07:05:47Z,114.0,Charge 4
2022-03-11T07:05:52Z,114.0,Charge 4
2022-03-11T07:05:57Z,117.0,Charge 4
2022-03-11T07:06:02Z,118.0,Charge 4
2022-03-11T07:06:07Z,115.0,Charge 4
2022-03-11T07:06:12Z,115.0,Charge 4
2022-03-11T07:06:17Z,114.0,Charge 4
2022-03-11T07:06:22Z,113.0,Charge 4
2022-03-11T07:06:27Z,112.0,Charge 4
2022-03-11T07:06:32Z,114.0,Charge 4
2022-03-11T07:06:37Z,113.0,Charge 4
2022-03-11T07:06:42Z,110.0,Charge 4
2022-03-11T07:06:47Z,112.0,Charge 4
2022-03-11T07:06:52Z,113.0,Charge 4
2022-03-11T07:06:57Z,112.0,Charge 4
2022-03-11T07:07:02Z,113.0,Charge 4
2022-03-11T07:07:07Z,115.0,Charge 4
2022-03-11T07:07:12Z,117.0,Charge 4
2022-03-11T07:07:17Z,120.0,Charge 4
2022-03-11T07:07:22Z,123.0,Charge 4
2022-03-11T07:07:32Z,122.0,Charge 4
2022-03-11T07:07:37Z,120.0,Charge 4
2022-03-11T07:07:42Z,119.0,Charge 4
2022-03-11T07:07:47Z,120.0,Charge 4
2022-03-11T07:07:52Z,117.0,Charge 4
2022-03-11T07:07:57Z,113.0,Charge 4
2022-03-11T07:08:02Z,112.0,Charge 4
2022-03-11T07:08:07Z,109.0,Charge 4
2022-03-11T07:08:12Z,105.0,Charge 4
2022-03-11T07:08:17Z,109.0,Charge 4
2022-03-11T07:08:22Z,112.0,Charge 4
2022-03-11T07:08:27Z,115.0,Charge 4
2022-03-11T07:08:32Z,117.0,Charge 4
2022-03-11T07:08:37Z,115.0,Charge 4
2022-03-11T07:08:42Z,119.0,Charge 4
2022-03-11T07:08:47Z,120.0,Charge 4
2022-03-11T07:08:52Z,119.0,Charge 4
2022-03-11T07:08:57Z,117.0,Charge 4
2022-03-11T07:09:07Z,119.0,Charge 4
2022-03-11T07:09:12Z,121.0,Charge 4
2022-03-11T07:09:17Z,121.0,Charge 4
2022-03-11T07:09:22Z,123.0,Charge 4
2022-03-11T07:09:27Z,126.0,Charge 4
2022-03-11T07:09:32Z,128.0,Charge 4
2022-03-11T07:09:37Z,129.0,Charge 4
2022-03-11T07:09:42Z,130.0,Charge 4
2022-03-11T07:09:57Z,128.0,Charge 4
2022-03-11T07:10:02Z,124.0,Charge 4
2022-03-11T07:10:07Z,120.0,Charge 4
2022-03-11T07:10:12Z,113.0,Charge 4
2022-03-11T07:10:17Z,108.0,Charge 4
2022-03-11T07:10:22Z,109.0,Charge 4
2022-03-11T07:10:27Z,112.0,Charge 4
2022-03-11T07:10:32Z,113.0,Charge 4
2022-03-11T07:10:42Z,112.0,Charge 4
2022-03-11T07:10:47Z,113.0,Charge 4
2022-03-11T07:10:57Z,111.0,Charge 4
2022-03-11T07:11:02Z,107.0,Charge 4
2022-03-11T07:11:07Z,106.0,Charge 4
2022-03-11T07:11:12Z,105.0,Charge 4
2022-03-11T07:11:27Z,105.0,Charge 4
2022-03-11T07:11:42Z,104.0,Charge 4
2022-03-11T07:11:47Z,108.0,Charge 4
2022-03-11T07:11:52Z,109.0,Charge 4
2022-03-11T07:12:02Z,110.0,Charge 4
2022-03-11T07:12:08Z,111.0,Charge 4
2022-03-11T07:12:13Z,112.0,Charge 4
2022-03-11T07:12:18Z,113.0,Charge 4
2022-03-11T07:12:23Z,111.0,Charge 4
2022-03-11T07:12:28Z,110.0,Charge 4
2022-03-11T07:12:38Z,105.0,Charge 4
2022-03-11T07:12:43Z,103.0,Charge 4
2022-03-11T07:12:48Z,101.0,Charge 4
2022-03-11T07:12:53Z,100.0,Charge 4
2022-03-11T07:13:08Z,100.0,Charge 4
2022-03-11T07:13:13Z,98.0,Charge 4
2022-03-11T07:13:18Z,97.0,Charge 4
2022-03-11T07:13:33Z,95.0,Charge 4
2022-03-11T07:13:48Z,94.0,Charge 4
2022-03-11T07:14:03Z,95.0,Charge 4
2022-03-11T07:14:13Z,94.0,Charge 4
2022-03-11T07:14:18Z,93.0,Charge 4
2022-03-11T07:14:23Z,92.0,Charge 4
2022-03-11T07:14:28Z,89.0,Charge 4
2022-03-11T07:14:38Z,90.0,Charge 4
2022-03-11T07:14:43Z,92.0,Charge 4
2022-03-11T07:14:48Z,93.0,Charge 4
2022-03-11T07:14:58Z,94.0,Charge 4
2022-03-11T07:15:13Z,94.0,Charge 4
2022-03-11T07:15:23Z,93.0,Charge 4
2022-03-11T07:15:28Z,92.0,Charge 4
2022-03-11T07:15:33Z,93.0,Charge 4
2022-03-11T07:15:38Z,92.0,Charge 4
2022-03-11T07:15:53Z,92.0,Charge 4
2022-03-11T07:16:03Z,93.0,Charge 4
2022-03-11T07:16:13Z,91.0,Charge 4
2022-03-11T07:16:28Z,91.0,Charge 4
2022-03-11T07:16:33Z,90.0,Charge 4
2022-03-11T07:16:43Z,92.0,Charge 4
2022-03-11T07:16:48Z,93.0,Charge 4
2022-03-11T07:16:58Z,94.0,Charge 4
2022-03-11T07:17:03Z,93.0,Charge 4
2022-03-11T07:17:08Z,92.0,Charge 4
2022-03-11T07:17:18Z,92.0,Charge 4
2022-03-11T07:17:28Z,92.0,Charge 4
2022-03-11T07:17:38Z,91.0,Charge 4
2022-03-11T07:17:43Z,91.0,Charge 4
2022-03-11T07:17:58Z,91.0,Charge 4
2022-03-11T07:18:13Z,91.0,Charge 4
2022-03-11T07:18:23Z,92.0,Charge 4
2022-03-11T07:18:28Z,91.0,Charge 4
2022-03-11T07:18:43Z,91.0,Charge 4
2022-03-11T07:18:58Z,91.0,Charge 4
2022-03-11T07:19:13Z,90.0,Charge 4
2022-03-11T07:19:28Z,89.0,Charge 4
2022-03-11T07:19:43Z,89.0,Charge 4
2022-03-11T07:19:49Z,90.0,Charge 4
2022-03-11T07:19:59Z,91.0,Charge 4
2022-03-11T07:20:14Z,90.0,Charge 4
2022-03-11T07:20:29Z,90.0,Charge 4
2022-03-11T07:20:44Z,90.0,Charge 4
2022-03-11T07:20:49Z,90.0,Charge 4
2022-03-11T07:20:54Z,90.0,Charge 4
2022-03-11T07:21:09Z,90.0,Charge 4
2022-03-11T07:21:24Z,90.0,Charge 4
2022-03-11T07:21:39Z,90.0,Charge 4
2022-03-11T07:21:54Z,90.0,Charge 4
2022-03-11T07:22:09Z,90.0,Charge 4
2022-03-11T07:22:24Z,90.0,Charge 4
2022-03-11T07:22:39Z,89.0,Charge 4
2022-03-11T07:22:49Z,89.0,Charge 4
2022-03-11T07:22:54Z,88.0,Charge 4
2022-03-11T07:22:59Z,88.0,Charge 4
2022-03-11T07:23:04Z,89.0,Charge 4
2022-03-11T07:23:09Z,89.0,Charge 4
2022-03-11T07:23:19Z,90.0,Charge 4
2022-03-11T07:23:24Z,90.0,Charge 4
2022-03-11T07:23:29Z,89.0,Charge 4
2022-03-11T07:23:34Z,87.0,Charge 4
2022-03-11T07:23:39Z,86.0,Charge 4
2022-03-11T07:23:44Z,85.0,Charge 4
2022-03-11T07:23:54Z,86.0,Charge 4
2022-03-11T07:24:04Z,88.0,Charge 4
2022-03-11T07:24:10Z,89.0,Charge 4
2022-03-11T07:24:15Z,88.0,Charge 4
2022-03-11T07:24:20Z,87.0,Charge 4
2022-03-11T07:24:25Z,85.0,Charge 4
2022-03-11T07:24:35Z,86.0,Charge 4
2022-03-11T07:24:50Z,86.0,Charge 4
2022-03-11T07:25:00Z,88.0,Charge 4
2022-03-11T07:25:05Z,86.0,Charge 4
2022-03-11T07:25:10Z,85.0,Charge 4
2022-03-11T07:25:15Z,83.0,Charge 4
2022-03-11T07:25:20Z,84.0,Charge 4
2022-03-11T07:25:30Z,85.0,Charge 4
2022-03-11T07:25:35Z,86.0,Charge 4
2022-03-11T07:25:50Z,89.0,Charge 4
2022-03-11T07:25:55Z,89.0,Charge 4
2022-03-11T07:26:10Z,89.0,Charge 4
2022-03-11T07:26:25Z,89.0,Charge 4
2022-03-11T07:26:40Z,89.0,Charge 4
2022-03-11T07:26:55Z,88.0,Charge 4
2022-03-11T07:27:00Z,87.0,Charge 4
2022-03-11T07:27:15Z,86.0,Charge 4
2022-03-11T07:27:30Z,86.0,Charge 4
2022-03-11T07:27:35Z,87.0,Charge 4
2022-03-11T07:27:40Z,88.0,Charge 4
2022-03-11T07:27:45Z,87.0,Charge 4
2022-03-11T07:28:00Z,88.0,Charge 4
2022-03-11T07:28:05Z,88.0,Charge 4
2022-03-11T07:28:10Z,88.0,Charge 4
2022-03-11T07:28:20Z,88.0,Charge 4
2022-03-11T07:28:35Z,88.0,Charge 4
2022-03-11T07:28:40Z,87.0,Charge 4
2022-03-11T07:28:45Z,86.0,Charge 4
2022-03-11T07:28:50Z,86.0,Charge 4
2022-03-11T07:29:05Z,86.0,Charge 4
2022-03-11T07:29:20Z,86.0,Charge 4
2022-03-11T07:29:35Z,87.0,Charge 4
2022-03-11T07:29:40Z,88.0,Charge 4
2022-03-11T07:29:45Z,87.0,Charge 4
2022-03-11T07:29:50Z,86.0,Charge 4
2022-03-11T07:29:55Z,84.0,Charge 4
2022-03-11T07:30:10Z,84.0,Charge 4
2022-03-11T07:30:15Z,85.0,Charge 4
2022-03-11T07:30:30Z,85.0,Charge 4
2022-03-11T07:30:35Z,86.0,Charge 4
2022-03-11T07:30:40Z,85.0,Charge 4
2022-03-11T07:30:45Z,87.0,Charge 4
2022-03-11T07:30:50Z,88.0,Charge 4
2022-03-11T07:30:55Z,91.0,Charge 4
2022-03-11T07:31:00Z,93.0,Charge 4
2022-03-11T07:31:05Z,95.0,Charge 4
2022-03-11T07:31:10Z,97.0,Charge 4
2022-03-11T07:31:15Z,99.0,Charge 4
2022-03-11T07:31:20Z,102.0,Charge 4
2022-03-11T07:31:25Z,103.0,Charge 4
2022-03-11T07:31:32Z,102.0,Charge 4
2022-03-11T07:31:37Z,101.0,Charge 4
2022-03-11T07:31:42Z,99.0,Charge 4
2022-03-11T07:31:47Z,96.0,Charge 4
2022-03-11T07:31:52Z,97.0,Charge 4
2022-03-11T07:31:57Z,99.0,Charge 4
2022-03-11T07:32:02Z,100.0,Charge 4
2022-03-11T07:32:17Z,102.0,Charge 4
2022-03-11T07:32:22Z,103.0,Charge 4
2022-03-11T07:32:27Z,104.0,Charge 4
2022-03-11T07:32:37Z,97.0,Charge 4
2022-03-11T07:32:42Z,91.0,Charge 4
2022-03-11T07:32:57Z,90.0,Charge 4
2022-03-11T07:33:12Z,83.0,Charge 4
2022-03-11T07:33:17Z,82.0,Charge 4
2022-03-11T07:33:22Z,85.0,Charge 4
2022-03-11T07:33:27Z,90.0,Charge 4
2022-03-11T07:33:42Z,88.0,Charge 4
2022-03-11T07:33:47Z,85.0,Charge 4
2022-03-11T07:33:52Z,83.0,Charge 4
2022-03-11T07:34:07Z,83.0,Charge 4
2022-03-11T07:34:22Z,83.0,Charge 4
2022-03-11T07:34:27Z,82.0,Charge 4
2022-03-11T07:34:37Z,84.0,Charge 4
2022-03-11T07:34:42Z,84.0,Charge 4
2022-03-11T07:34:47Z,83.0,Charge 4
2022-03-11T07:34:52Z,82.0,Charge 4
2022-03-11T07:34:57Z,82.0,Charge 4
2022-03-11T07:35:07Z,84.0,Charge 4
2022-03-11T07:35:12Z,85.0,Charge 4
2022-03-11T07:35:22Z,84.0,Charge 4
2022-03-11T07:35:27Z,81.0,Charge 4
2022-03-11T07:35:42Z,82.0,Charge 4
2022-03-11T07:35:47Z,83.0,Charge 4
2022-03-11T07:35:52Z,84.0,Charge 4
2022-03-11T07:36:02Z,85.0,Charge 4
2022-03-11T07:36:07Z,85.0,Charge 4
2022-03-11T07:36:12Z,83.0,Charge 4
2022-03-11T07:36:22Z,82.0,Charge 4
2022-03-11T07:36:27Z,82.0,Charge 4
2022-03-11T07:36:32Z,83.0,Charge 4
2022-03-11T07:36:42Z,83.0,Charge 4
2022-03-11T07:36:47Z,84.0,Charge 4
2022-03-11T07:37:02Z,83.0,Charge 4
2022-03-11T07:37:17Z,83.0,Charge 4
2022-03-11T07:37:32Z,83.0,Charge 4
2022-03-11T07:37:37Z,82.0,Charge 4
2022-03-11T07:37:42Z,82.0,Charge 4
2022-03-11T07:37:47Z,82.0,Charge 4
2022-03-11T07:37:57Z,81.0,Charge 4
2022-03-11T07:38:07Z,84.0,Charge 4
2022-03-11T07:38:12Z,86.0,Charge 4
2022-03-11T07:38:27Z,86.0,Charge 4
2022-03-11T07:38:33Z,85.0,Charge 4
2022-03-11T07:38:48Z,85.0,Charge 4
2022-03-11T07:38:58Z,86.0,Charge 4
2022-03-11T07:39:08Z,85.0,Charge 4
2022-03-11T07:39:18Z,86.0,Charge 4
2022-03-11T07:39:33Z,86.0,Charge 4
2022-03-11T07:39:43Z,87.0,Charge 4
2022-03-11T07:39:53Z,88.0,Charge 4
2022-03-11T07:39:58Z,88.0,Charge 4
2022-03-11T07:40:08Z,89.0,Charge 4
2022-03-11T07:40:23Z,88.0,Charge 4
2022-03-11T07:40:28Z,89.0,Charge 4
2022-03-11T07:40:43Z,89.0,Charge 4
2022-03-11T07:40:53Z,88.0,Charge 4
2022-03-11T07:40:58Z,87.0,Charge 4
2022-03-11T07:41:03Z,86.0,Charge 4
2022-03-11T07:41:18Z,86.0,Charge 4
2022-03-11T07:41:33Z,86.0,Charge 4
2022-03-11T07:41:48Z,85.0,Charge 4
2022-03-11T07:41:53Z,84.0,Charge 4
2022-03-11T07:42:03Z,83.0,Charge 4
2022-03-11T07:42:18Z,83.0,Charge 4
2022-03-11T07:42:23Z,83.0,Charge 4
2022-03-11T07:42:33Z,83.0,Charge 4
2022-03-11T07:42:48Z,84.0,Charge 4
2022-03-11T07:42:53Z,84.0,Charge 4
2022-03-11T07:42:58Z,85.0,Charge 4
2022-03-11T07:43:03Z,87.0,Charge 4
2022-03-11T07:43:13Z,89.0,Charge 4
2022-03-11T07:43:18Z,89.0,Charge 4
2022-03-11T07:43:23Z,88.0,Charge 4
2022-03-11T07:43:28Z,85.0,Charge 4
2022-03-11T07:43:33Z,85.0,Charge 4
2022-03-11T07:43:48Z,86.0,Charge 4
2022-03-11T07:43:53Z,86.0,Charge 4
2022-03-11T07:44:03Z,83.0,Charge 4
2022-03-11T07:44:13Z,82.0,Charge 4
2022-03-11T07:44:18Z,83.0,Charge 4
2022-03-11T07:44:23Z,84.0,Charge 4
2022-03-11T07:44:33Z,83.0,Charge 4
2022-03-11T07:44:43Z,81.0,Charge 4
2022-03-11T07:44:48Z,80.0,Charge 4
2022-03-11T07:44:53Z,81.0,Charge 4
2022-03-11T07:44:58Z,83.0,Charge 4
2022-03-11T07:45:03Z,85.0,Charge 4
2022-03-11T07:45:08Z,85.0,Charge 4
2022-03-11T07:45:18Z,86.0,Charge 4
2022-03-11T07:45:33Z,86.0,Charge 4
2022-03-11T07:45:43Z,85.0,Charge 4
2022-03-11T07:45:48Z,84.0,Charge 4
2022-03-11T07:45:53Z,84.0,Charge 4
2022-03-11T07:46:08Z,84.0,Charge 4
2022-03-11T07:46:18Z,87.0,Charge 4
2022-03-11T07:46:23Z,88.0,Charge 4
2022-03-11T07:46:28Z,89.0,Charge 4
2022-03-11T07:46:38Z,90.0,Charge 4
2022-03-11T07:46:43Z,90.0,Charge 4
2022-03-11T07:46:48Z,89.0,Charge 4
2022-03-11T07:46:53Z,85.0,Charge 4
2022-03-11T07:47:08Z,85.0,Charge 4
2022-03-11T07:47:13Z,84.0,Charge 4
2022-03-11T07:47:28Z,85.0,Charge 4
2022-03-11T07:47:33Z,86.0,Charge 4
2022-03-11T07:47:38Z,86.0,Charge 4
2022-03-11T07:47:43Z,84.0,Charge 4
2022-03-11T07:47:53Z,85.0,Charge 4
2022-03-11T07:47:58Z,87.0,Charge 4
2022-03-11T07:48:03Z,89.0,Charge 4
2022-03-11T07:48:08Z,91.0,Charge 4
2022-03-11T07:48:18Z,90.0,Charge 4
2022-03-11T07:48:33Z,89.0,Charge 4
2022-03-11T07:48:48Z,89.0,Charge 4
2022-03-11T07:48:53Z,88.0,Charge 4
2022-03-11T07:48:58Z,86.0,Charge 4
2022-03-11T07:49:03Z,85.0,Charge 4
2022-03-11T07:49:08Z,86.0,Charge 4
2022-03-11T07:49:13Z,85.0,Charge 4
2022-03-11T07:49:28Z,85.0,Charge 4
2022-03-11T07:49:38Z,86.0,Charge 4
2022-03-11T07:49:53Z,86.0,Charge 4
2022-03-11T07:49:58Z,87.0,Charge 4
2022-03-11T07:50:03Z,88.0,Charge 4
2022-03-11T07:50:18Z,88.0,Charge 4
2022-03-11T07:50:33Z,88.0,Charge 4
2022-03-11T07:50:38Z,91.0,Charge 4
2022-03-11T07:50:43Z,93.0,Charge 4
2022-03-11T07:50:48Z,94.0,Charge 4
2022-03-11T07:50:53Z,93.0,Charge 4
2022-03-11T07:51:08Z,92.0,Charge 4
2022-03-11T07:51:13Z,90.0,Charge 4
2022-03-11T07:51:18Z,89.0,Charge 4
2022-03-11T07:51:23Z,88.0,Charge 4
2022-03-11T07:51:28Z,87.0,Charge 4
2022-03-11T07:51:33Z,87.0,Charge 4
2022-03-11T07:51:38Z,86.0,Charge 4
2022-03-11T07:51:43Z,85.0,Charge 4
2022-03-11T07:51:58Z,85.0,Charge 4
2022-03-11T07:52:13Z,85.0,Charge 4
2022-03-11T07:52:23Z,86.0,Charge 4
2022-03-11T07:52:28Z,87.0,Charge 4
2022-03-11T07:52:43Z,87.0,Charge 4
2022-03-11T07:52:48Z,86.0,Charge 4
2022-03-11T07:52:58Z,87.0,Charge 4
2022-03-11T07:53:03Z,86.0,Charge 4
2022-03-11T07:53:13Z,85.0,Charge 4
2022-03-11T07:53:28Z,84.0,Charge 4
2022-03-11T07:53:43Z,83.0,Charge 4
2022-03-11T07:53:48Z,82.0,Charge 4
2022-03-11T07:53:53Z,83.0,Charge 4
2022-03-11T07:54:03Z,84.0,Charge 4
2022-03-11T07:54:08Z,83.0,Charge 4
2022-03-11T07:54:18Z,84.0,Charge 4
2022-03-11T07:54:23Z,84.0,Charge 4
2022-03-11T07:54:38Z,84.0,Charge 4
2022-03-11T07:54:43Z,83.0,Charge 4
2022-03-11T07:54:58Z,83.0,Charge 4
2022-03-11T07:55:13Z,83.0,Charge 4
2022-03-11T07:55:18Z,84.0,Charge 4
2022-03-11T07:55:23Z,85.0,Charge 4
2022-03-11T07:55:28Z,86.0,Charge 4
2022-03-11T07:55:33Z,87.0,Charge 4
2022-03-11T07:55:43Z,90.0,Charge 4
2022-03-11T07:55:48Z,91.0,Charge 4
2022-03-11T07:56:03Z,91.0,Charge 4
2022-03-11T07:56:18Z,90.0,Charge 4
2022-03-11T07:56:23Z,88.0,Charge 4
2022-03-11T07:56:28Z,89.0,Charge 4
2022-03-11T07:56:38Z,90.0,Charge 4
2022-03-11T07:56:48Z,91.0,Charge 4
2022-03-11T07:56:58Z,90.0,Charge 4
2022-03-11T07:57:03Z,89.0,Charge 4
2022-03-11T07:57:13Z,88.0,Charge 4
2022-03-11T07:57:28Z,88.0,Charge 4
2022-03-11T07:57:29Z,88.0,Charge 4
2022-03-11T07:57:39Z,87.0,Charge 4
2022-03-11T07:57:49Z,86.0,Charge 4
2022-03-11T07:57:54Z,85.0,Charge 4
2022-03-11T07:58:09Z,85.0,Charge 4
2022-03-11T07:58:14Z,84.0,Charge 4
2022-03-11T07:58:29Z,84.0,Charge 4
2022-03-11T07:58:34Z,85.0,Charge 4
2022-03-11T07:58:39Z,87.0,Charge 4
2022-03-11T07:58:44Z,89.0,Charge 4
2022-03-11T07:58:49Z,90.0,Charge 4
2022-03-11T07:58:54Z,91.0,Charge 4
2022-03-11T07:59:04Z,89.0,Charge 4
2022-03-11T07:59:09Z,88.0,Charge 4
2022-03-11T07:59:24Z,88.0,Charge 4
2022-03-11T07:59:29Z,89.0,Charge 4
2022-03-11T07:59:34Z,90.0,Charge 4
2022-03-11T07:59:49Z,91.0,Charge 4
2022-03-11T07:59:54Z,94.0,Charge 4
2022-03-11T07:59:59Z,95.0,Charge 4
2022-03-11T08:00:04Z,96.0,Charge 4
2022-03-11T08:00:09Z,97.0,Charge 4
2022-03-11T08:00:14Z,98.0,Charge 4
2022-03-11T08:00:19Z,99.0,Charge 4
2022-03-11T08:00:24Z,100.0,Charge 4
2022-03-11T08:00:29Z,100.0,Charge 4
2022-03-11T08:00:34Z,103.0,Charge 4
2022-03-11T08:00:39Z,108.0,Charge 4
2022-03-11T08:00:44Z,106.0,Charge 4
2022-03-11T08:00:49Z,107.0,Charge 4
2022-03-11T08:00:54Z,108.0,Charge 4
2022-03-11T08:00:59Z,107.0,Charge 4
2022-03-11T08:01:04Z,107.0,Charge 4
2022-03-11T08:01:19Z,107.0,Charge 4
2022-03-11T08:01:24Z,111.0,Charge 4
2022-03-11T08:01:29Z,114.0,Charge 4
2022-03-11T08:01:34Z,115.0,Charge 4
2022-03-11T08:01:44Z,116.0,Charge 4
2022-03-11T08:01:54Z,115.0,Charge 4
2022-03-11T08:02:04Z,111.0,Charge 4
2022-03-11T08:02:09Z,108.0,Charge 4
2022-03-11T08:02:14Z,106.0,Charge 4
2022-03-11T08:02:29Z,105.0,Charge 4
2022-03-11T08:02:44Z,107.0,Charge 4
2022-03-11T08:02:49Z,108.0,Charge 4
2022-03-11T08:02:54Z,110.0,Charge 4
2022-03-11T08:02:59Z,112.0,Charge 4
2022-03-11T08:03:14Z,111.0,Charge 4
2022-03-11T08:03:19Z,109.0,Charge 4
2022-03-11T08:03:24Z,107.0,Charge 4
2022-03-11T08:03:29Z,101.0,Charge 4
2022-03-11T08:03:34Z,99.0,Charge 4
2022-03-11T08:03:39Z,101.0,Charge 4
2022-03-11T08:03:44Z,103.0,Charge 4
2022-03-11T08:03:49Z,103.0,Charge 4
2022-03-11T08:03:54Z,107.0,Charge 4
2022-03-11T08:03:59Z,107.0,Charge 4
2022-03-11T08:04:04Z,108.0,Charge 4
2022-03-11T08:04:14Z,109.0,Charge 4
2022-03-11T08:04:19Z,107.0,Charge 4
2022-03-11T08:04:24Z,105.0,Charge 4
2022-03-11T08:04:29Z,108.0,Charge 4
2022-03-11T08:04:34Z,109.0,Charge 4
2022-03-11T08:04:39Z,110.0,Charge 4
2022-03-11T08:04:44Z,111.0,Charge 4
2022-03-11T08:04:49Z,109.0,Charge 4
2022-03-11T08:04:54Z,107.0,Charge 4
2022-03-11T08:04:59Z,110.0,Charge 4
2022-03-11T08:05:04Z,113.0,Charge 4
2022-03-11T08:05:09Z,115.0,Charge 4
2022-03-11T08:05:14Z,119.0,Charge 4
2022-03-11T08:05:19Z,117.0,Charge 4
2022-03-11T08:05:24Z,112.0,Charge 4
2022-03-11T08:05:29Z,106.0,Charge 4
2022-03-11T08:05:34Z,101.0,Charge 4
2022-03-11T08:05:39Z,99.0,Charge 4
2022-03-11T08:05:44Z,100.0,Charge 4
2022-03-11T08:05:54Z,101.0,Charge 4
2022-03-11T08:05:59Z,99.0,Charge 4
2022-03-11T08:06:09Z,103.0,Charge 4
2022-03-11T08:06:14Z,100.0,Charge 4
2022-03-11T08:06:19Z,98.0,Charge 4
2022-03-11T08:06:29Z,97.0,Charge 4
2022-03-11T08:06:34Z,98.0,Charge 4
2022-03-11T08:06:39Z,100.0,Charge 4
2022-03-11T08:06:44Z,103.0,Charge 4
2022-03-11T08:06:49Z,106.0,Charge 4
2022-03-11T08:06:54Z,105.0,Charge 4
2022-03-11T08:06:59Z,100.0,Charge 4
2022-03-11T08:07:04Z,97.0,Charge 4
2022-03-11T08:07:09Z,98.0,Charge 4
2022-03-11T08:07:14Z,100.0,Charge 4
2022-03-11T08:07:19Z,102.0,Charge 4
2022-03-11T08:07:24Z,105.0,Charge 4
2022-03-11T08:07:29Z,104.0,Charge 4
2022-03-11T08:07:34Z,105.0,Charge 4
2022-03-11T08:07:39Z,102.0,Charge 4
2022-03-11T08:07:44Z,98.0,Charge 4
2022-03-11T08:07:49Z,96.0,Charge 4
2022-03-11T08:07:54Z,97.0,Charge 4
2022-03-11T08:07:59Z,95.0,Charge 4
2022-03-11T08:08:04Z,96.0,Charge 4
2022-03-11T08:08:09Z,97.0,Charge 4
2022-03-11T08:08:14Z,100.0,Charge 4
2022-03-11T08:08:19Z,101.0,Charge 4
2022-03-11T08:08:24Z,108.0,Charge 4
2022-03-11T08:08:29Z,112.0,Charge 4
2022-03-11T08:08:39Z,109.0,Charge 4
2022-03-11T08:08:44Z,109.0,Charge 4
2022-03-11T08:08:49Z,107.0,Charge 4
2022-03-11T08:09:04Z,107.0,Charge 4
2022-03-11T08:09:09Z,108.0,Charge 4
2022-03-11T08:09:14Z,107.0,Charge 4
2022-03-11T08:09:19Z,109.0,Charge 4
2022-03-11T08:09:29Z,107.0,Charge 4
2022-03-11T08:09:34Z,105.0,Charge 4
2022-03-11T08:09:39Z,106.0,Charge 4
2022-03-11T08:09:44Z,105.0,Charge 4
2022-03-11T08:09:49Z,105.0,Charge 4
2022-03-11T08:09:59Z,104.0,Charge 4
2022-03-11T08:10:04Z,100.0,Charge 4
2022-03-11T08:10:09Z,95.0,Charge 4
2022-03-11T08:10:14Z,93.0,Charge 4
2022-03-11T08:10:19Z,97.0,Charge 4
2022-03-11T08:10:24Z,98.0,Charge 4
2022-03-11T08:10:29Z,92.0,Charge 4
2022-03-11T08:10:34Z,93.0,Charge 4
2022-03-11T08:10:39Z,95.0,Charge 4
2022-03-11T08:10:44Z,96.0,Charge 4
2022-03-11T08:10:49Z,97.0,Charge 4
2022-03-11T08:10:54Z,98.0,Charge 4
2022-03-11T08:10:59Z,100.0,Charge 4
2022-03-11T08:11:04Z,101.0,Charge 4
2022-03-11T08:11:14Z,100.0,Charge 4
2022-03-11T08:11:19Z,104.0,Charge 4
2022-03-11T08:11:24Z,105.0,Charge 4
2022-03-11T08:11:29Z,102.0,Charge 4
2022-03-11T08:11:34Z,101.0,Charge 4
2022-03-11T08:11:39Z,97.0,Charge 4
2022-03-11T08:11:44Z,96.0,Charge 4
2022-03-11T08:11:54Z,95.0,Charge 4
2022-03-11T08:12:09Z,95.0,Charge 4
2022-03-11T08:12:19Z,96.0,Charge 4
2022-03-11T08:12:24Z,97.0,Charge 4
2022-03-11T08:12:34Z,98.0,Charge 4
2022-03-11T08:12:39Z,96.0,Charge 4
2022-03-11T08:12:44Z,102.0,Charge 4
2022-03-11T08:12:49Z,104.0,Charge 4
2022-03-11T08:12:54Z,105.0,Charge 4
2022-03-11T08:12:59Z,104.0,Charge 4
2022-03-11T08:13:04Z,102.0,Charge 4
2022-03-11T08:13:09Z,97.0,Charge 4
2022-03-11T08:13:14Z,95.0,Charge 4
2022-03-11T08:13:19Z,94.0,Charge 4
2022-03-11T08:13:24Z,92.0,Charge 4
2022-03-11T08:13:39Z,92.0,Charge 4
2022-03-11T08:13:44Z,96.0,Charge 4
2022-03-11T08:13:49Z,93.0,Charge 4
2022-03-11T08:13:54Z,92.0,Charge 4
2022-03-11T08:13:59Z,93.0,Charge 4
2022-03-11T08:14:09Z,92.0,Charge 4
2022-03-11T08:14:15Z,92.0,Charge 4
2022-03-11T08:14:20Z,91.0,Charge 4
2022-03-11T08:14:30Z,90.0,Charge 4
2022-03-11T08:14:40Z,91.0,Charge 4
2022-03-11T08:14:45Z,92.0,Charge 4
2022-03-11T08:14:50Z,93.0,Charge 4
2022-03-11T08:15:00Z,94.0,Charge 4
2022-03-11T08:15:05Z,95.0,Charge 4
2022-03-11T08:15:10Z,94.0,Charge 4
2022-03-11T08:15:20Z,93.0,Charge 4
2022-03-11T08:15:30Z,92.0,Charge 4
2022-03-11T08:15:40Z,91.0,Charge 4
2022-03-11T08:15:50Z,89.0,Charge 4
2022-03-11T08:15:55Z,90.0,Charge 4
2022-03-11T08:16:00Z,93.0,Charge 4
2022-03-11T08:16:05Z,95.0,Charge 4
2022-03-11T08:16:10Z,93.0,Charge 4
2022-03-11T08:16:15Z,92.0,Charge 4
2022-03-11T08:16:20Z,93.0,Charge 4
2022-03-11T08:16:30Z,94.0,Charge 4
2022-03-11T08:16:45Z,94.0,Charge 4
2022-03-11T08:16:55Z,95.0,Charge 4
2022-03-11T08:17:00Z,93.0,Charge 4
2022-03-11T08:17:15Z,93.0,Charge 4
2022-03-11T08:17:20Z,92.0,Charge 4
2022-03-11T08:17:35Z,92.0,Charge 4
2022-03-11T08:17:50Z,92.0,Charge 4
2022-03-11T08:17:55Z,92.0,Charge 4
2022-03-11T08:18:05Z,91.0,Charge 4
2022-03-11T08:18:10Z,92.0,Charge 4
2022-03-11T08:18:25Z,92.0,Charge 4
2022-03-11T08:18:30Z,91.0,Charge 4
2022-03-11T08:18:35Z,90.0,Charge 4
2022-03-11T08:18:45Z,92.0,Charge 4
2022-03-11T08:18:50Z,93.0,Charge 4
2022-03-11T08:18:55Z,92.0,Charge 4
2022-03-11T08:19:00Z,91.0,Charge 4
2022-03-11T08:19:10Z,92.0,Charge 4
2022-03-11T08:19:15Z,91.0,Charge 4
2022-03-11T08:19:30Z,93.0,Charge 4
2022-03-11T08:19:45Z,93.0,Charge 4
2022-03-11T08:20:00Z,93.0,Charge 4
2022-03-11T08:20:10Z,92.0,Charge 4
2022-03-11T08:20:15Z,91.0,Charge 4
2022-03-11T08:20:30Z,92.0,Charge 4
2022-03-11T08:20:45Z,93.0,Charge 4
2022-03-11T08:20:50Z,94.0,Charge 4
2022-03-11T08:20:55Z,93.0,Charge 4
2022-03-11T08:21:05Z,94.0,Charge 4
2022-03-11T08:21:15Z,93.0,Charge 4
2022-03-11T08:21:25Z,92.0,Charge 4
2022-03-11T08:21:35Z,93.0,Charge 4
2022-03-11T08:21:40Z,95.0,Charge 4
2022-03-11T08:21:45Z,97.0,Charge 4
2022-03-11T08:21:50Z,97.0,Charge 4
2022-03-11T08:21:55Z,96.0,Charge 4
2022-03-11T08:22:00Z,95.0,Charge 4
2022-03-11T08:22:10Z,94.0,Charge 4
2022-03-11T08:22:15Z,95.0,Charge 4
2022-03-11T08:22:30Z,97.0,Charge 4
2022-03-11T08:22:35Z,96.0,Charge 4
2022-03-11T08:22:40Z,93.0,Charge 4
2022-03-11T08:22:55Z,94.0,Charge 4
2022-03-11T08:23:05Z,95.0,Charge 4
2022-03-11T08:23:10Z,95.0,Charge 4
2022-03-11T08:23:15Z,96.0,Charge 4
2022-03-11T08:23:20Z,97.0,Charge 4
2022-03-11T08:23:25Z,99.0,Charge 4
2022-03-11T08:23:30Z,100.0,Charge 4
2022-03-11T08:23:45Z,98.0,Charge 4
2022-03-11T08:23:50Z,96.0,Charge 4
2022-03-11T08:23:55Z,101.0,Charge 4
2022-03-11T08:24:00Z,105.0,Charge 4
2022-03-11T08:24:10Z,106.0,Charge 4
2022-03-11T08:24:15Z,104.0,Charge 4
2022-03-11T08:24:20Z,102.0,Charge 4
2022-03-11T08:24:25Z,103.0,Charge 4
2022-03-11T08:24:30Z,106.0,Charge 4
2022-03-11T08:24:40Z,105.0,Charge 4
2022-03-11T08:24:45Z,104.0,Charge 4
2022-03-11T08:24:50Z,103.0,Charge 4
2022-03-11T08:24:55Z,103.0,Charge 4
2022-03-11T08:25:05Z,101.0,Charge 4
2022-03-11T08:25:20Z,101.0,Charge 4
2022-03-11T08:25:25Z,100.0,Charge 4
2022-03-11T08:25:30Z,99.0,Charge 4
2022-03-11T08:25:40Z,100.0,Charge 4
2022-03-11T08:25:50Z,102.0,Charge 4
2022-03-11T08:25:55Z,101.0,Charge 4
2022-03-11T08:26:00Z,105.0,Charge 4
2022-03-11T08:26:05Z,106.0,Charge 4
2022-03-11T08:26:10Z,103.0,Charge 4
2022-03-11T08:26:15Z,104.0,Charge 4
2022-03-11T08:26:20Z,105.0,Charge 4
2022-03-11T08:26:25Z,106.0,Charge 4
2022-03-11T08:26:35Z,102.0,Charge 4
2022-03-11T08:26:40Z,90.0,Charge 4
2022-03-11T08:26:45Z,89.0,Charge 4
2022-03-11T08:26:50Z,92.0,Charge 4
2022-03-11T08:26:55Z,94.0,Charge 4
2022-03-11T08:27:00Z,96.0,Charge 4
2022-03-11T08:27:05Z,95.0,Charge 4
2022-03-11T08:27:10Z,96.0,Charge 4
2022-03-11T08:27:15Z,97.0,Charge 4
2022-03-11T08:27:25Z,98.0,Charge 4
2022-03-11T08:27:30Z,101.0,Charge 4
2022-03-11T08:27:35Z,98.0,Charge 4
2022-03-11T08:27:40Z,94.0,Charge 4
2022-03-11T08:27:50Z,92.0,Charge 4
2022-03-11T08:27:55Z,93.0,Charge 4
2022-03-11T08:28:00Z,94.0,Charge 4
2022-03-11T08:28:15Z,94.0,Charge 4
2022-03-11T08:28:30Z,94.0,Charge 4
2022-03-11T08:28:35Z,95.0,Charge 4
2022-03-11T08:28:45Z,94.0,Charge 4
2022-03-11T08:28:50Z,92.0,Charge 4
2022-03-11T08:28:55Z,91.0,Charge 4
2022-03-11T08:29:00Z,90.0,Charge 4
2022-03-11T08:29:05Z,89.0,Charge 4
2022-03-11T08:29:20Z,88.0,Charge 4
2022-03-11T08:29:25Z,87.0,Charge 4
2022-03-11T08:29:30Z,86.0,Charge 4
2022-03-11T08:29:35Z,88.0,Charge 4
2022-03-11T08:29:40Z,87.0,Charge 4
2022-03-11T08:29:50Z,86.0,Charge 4
2022-03-11T08:29:55Z,85.0,Charge 4
2022-03-11T08:30:05Z,87.0,Charge 4
2022-03-11T08:30:20Z,87.0,Charge 4
2022-03-11T08:30:35Z,88.0,Charge 4
2022-03-11T08:30:45Z,87.0,Charge 4
2022-03-11T08:30:50Z,88.0,Charge 4
2022-03-11T08:30:55Z,90.0,Charge 4
2022-03-11T08:31:05Z,93.0,Charge 4
2022-03-11T08:31:11Z,94.0,Charge 4
2022-03-11T08:31:21Z,93.0,Charge 4
2022-03-11T08:31:26Z,92.0,Charge 4
2022-03-11T08:31:31Z,91.0,Charge 4
2022-03-11T08:31:36Z,90.0,Charge 4
2022-03-11T08:31:51Z,88.0,Charge 4
2022-03-11T08:31:56Z,87.0,Charge 4
2022-03-11T08:32:11Z,87.0,Charge 4
2022-03-11T08:32:16Z,88.0,Charge 4
2022-03-11T08:32:21Z,87.0,Charge 4
2022-03-11T08:32:36Z,87.0,Charge 4
2022-03-11T08:32:41Z,88.0,Charge 4
2022-03-11T08:32:51Z,89.0,Charge 4
2022-03-11T08:32:56Z,90.0,Charge 4
2022-03-11T08:33:11Z,89.0,Charge 4
2022-03-11T08:33:21Z,88.0,Charge 4
2022-03-11T08:33:36Z,88.0,Charge 4
2022-03-11T08:33:41Z,86.0,Charge 4
2022-03-11T08:33:56Z,86.0,Charge 4
2022-03-11T08:34:01Z,87.0,Charge 4
2022-03-11T08:34:06Z,88.0,Charge 4
2022-03-11T08:34:11Z,87.0,Charge 4
2022-03-11T08:34:26Z,88.0,Charge 4
2022-03-11T08:34:31Z,89.0,Charge 4
2022-03-11T08:34:41Z,89.0,Charge 4
2022-03-11T08:34:46Z,90.0,Charge 4
2022-03-11T08:34:51Z,91.0,Charge 4
2022-03-11T08:34:56Z,91.0,Charge 4
2022-03-11T08:35:06Z,89.0,Charge 4
2022-03-11T08:35:21Z,89.0,Charge 4
2022-03-11T08:35:31Z,89.0,Charge 4
2022-03-11T08:35:36Z,88.0,Charge 4
2022-03-11T08:35:41Z,87.0,Charge 4
2022-03-11T08:35:51Z,90.0,Charge 4
2022-03-11T08:36:01Z,89.0,Charge 4
2022-03-11T08:36:16Z,88.0,Charge 4
2022-03-11T08:36:31Z,88.0,Charge 4
2022-03-11T08:36:46Z,88.0,Charge 4
2022-03-11T08:37:01Z,87.0,Charge 4
2022-03-11T08:37:06Z,86.0,Charge 4
2022-03-11T08:37:11Z,86.0,Charge 4
2022-03-11T08:37:21Z,87.0,Charge 4
2022-03-11T08:37:36Z,88.0,Charge 4
2022-03-11T08:37:41Z,87.0,Charge 4
2022-03-11T08:37:46Z,84.0,Charge 4
2022-03-11T08:38:01Z,84.0,Charge 4
2022-03-11T08:38:16Z,84.0,Charge 4
2022-03-11T08:38:26Z,85.0,Charge 4
2022-03-11T08:38:41Z,78.0,Charge 4
2022-03-11T08:38:46Z,77.0,Charge 4
2022-03-11T08:38:51Z,78.0,Charge 4
2022-03-11T08:39:01Z,80.0,Charge 4
2022-03-11T08:39:06Z,81.0,Charge 4
2022-03-11T08:39:21Z,81.0,Charge 4
2022-03-11T08:39:26Z,84.0,Charge 4
2022-03-11T08:39:31Z,85.0,Charge 4
2022-03-11T08:39:41Z,86.0,Charge 4
2022-03-11T08:39:56Z,85.0,Charge 4
2022-03-11T08:40:01Z,86.0,Charge 4
2022-03-11T08:40:06Z,85.0,Charge 4
2022-03-11T08:40:11Z,86.0,Charge 4
2022-03-11T08:40:26Z,86.0,Charge 4
2022-03-11T08:40:31Z,86.0,Charge 4
2022-03-11T08:40:36Z,86.0,Charge 4
2022-03-11T08:40:46Z,87.0,Charge 4
2022-03-11T08:40:51Z,88.0,Charge 4
2022-03-11T08:41:01Z,88.0,Charge 4
2022-03-11T08:41:16Z,87.0,Charge 4
2022-03-11T08:41:21Z,85.0,Charge 4
2022-03-11T08:41:31Z,86.0,Charge 4
2022-03-11T08:41:41Z,85.0,Charge 4
2022-03-11T08:41:51Z,86.0,Charge 4
2022-03-11T08:41:56Z,85.0,Charge 4
2022-03-11T08:42:01Z,87.0,Charge 4
2022-03-11T08:42:06Z,88.0,Charge 4
2022-03-11T08:42:11Z,87.0,Charge 4
2022-03-11T08:42:16Z,86.0,Charge 4
2022-03-11T08:42:31Z,86.0,Charge 4
2022-03-11T08:42:36Z,87.0,Charge 4
2022-03-11T08:42:41Z,90.0,Charge 4
2022-03-11T08:42:51Z,89.0,Charge 4
2022-03-11T08:42:56Z,88.0,Charge 4
2022-03-11T08:43:01Z,87.0,Charge 4
2022-03-11T08:43:16Z,86.0,Charge 4
2022-03-11T08:43:21Z,83.0,Charge 4
2022-03-11T08:43:36Z,81.0,Charge 4
2022-03-11T08:43:41Z,82.0,Charge 4
2022-03-11T08:43:56Z,82.0,Charge 4
2022-03-11T08:44:01Z,83.0,Charge 4
2022-03-11T08:44:16Z,83.0,Charge 4
2022-03-11T08:44:31Z,83.0,Charge 4
2022-03-11T08:44:46Z,83.0,Charge 4
2022-03-11T08:44:51Z,84.0,Charge 4
2022-03-11T08:45:06Z,84.0,Charge 4
2022-03-11T08:45:16Z,84.0,Charge 4
2022-03-11T08:45:31Z,84.0,Charge 4
2022-03-11T08:45:36Z,84.0,Charge 4
2022-03-11T08:45:41Z,84.0,Charge 4
2022-03-11T08:45:46Z,85.0,Charge 4
2022-03-11T08:45:51Z,84.0,Charge 4
2022-03-11T08:45:56Z,85.0,Charge 4
2022-03-11T08:46:01Z,86.0,Charge 4
2022-03-11T08:46:16Z,87.0,Charge 4
2022-03-11T08:46:26Z,87.0,Charge 4
2022-03-11T08:46:31Z,86.0,Charge 4
2022-03-11T08:46:36Z,85.0,Charge 4
2022-03-11T08:46:41Z,86.0,Charge 4
2022-03-11T08:46:56Z,86.0,Charge 4
2022-03-11T08:46:57Z,87.0,Charge 4
2022-03-11T08:47:02Z,88.0,Charge 4
2022-03-11T08:47:07Z,86.0,Charge 4
2022-03-11T08:47:12Z,82.0,Charge 4
2022-03-11T08:47:27Z,84.0,Charge 4
2022-03-11T08:47:42Z,84.0,Charge 4
2022-03-11T08:47:52Z,83.0,Charge 4
2022-03-11T08:47:57Z,81.0,Charge 4
2022-03-11T08:48:02Z,80.0,Charge 4
2022-03-11T08:48:12Z,79.0,Charge 4
2022-03-11T08:48:27Z,79.0,Charge 4
2022-03-11T08:48:37Z,80.0,Charge 4
2022-03-11T08:48:47Z,81.0,Charge 4
2022-03-11T08:48:57Z,84.0,Charge 4
2022-03-11T08:49:02Z,82.0,Charge 4
2022-03-11T08:49:17Z,82.0,Charge 4
2022-03-11T08:49:32Z,83.0,Charge 4
2022-03-11T08:49:47Z,82.0,Charge 4
2022-03-11T08:49:52Z,82.0,Charge 4
2022-03-11T08:50:07Z,82.0,Charge 4
2022-03-11T08:50:17Z,83.0,Charge 4
2022-03-11T08:50:27Z,84.0,Charge 4
2022-03-11T08:50:37Z,85.0,Charge 4
2022-03-11T08:50:42Z,84.0,Charge 4
2022-03-11T08:50:47Z,85.0,Charge 4
2022-03-11T08:50:52Z,85.0,Charge 4
2022-03-11T08:51:02Z,87.0,Charge 4
2022-03-11T08:51:07Z,89.0,Charge 4
2022-03-11T08:51:12Z,90.0,Charge 4
2022-03-11T08:51:22Z,89.0,Charge 4
2022-03-11T08:51:27Z,88.0,Charge 4
2022-03-11T08:51:32Z,86.0,Charge 4
2022-03-11T08:51:47Z,86.0,Charge 4
2022-03-11T08:51:52Z,88.0,Charge 4
2022-03-11T08:51:57Z,90.0,Charge 4
2022-03-11T08:52:02Z,91.0,Charge 4
2022-03-11T08:52:12Z,90.0,Charge 4
2022-03-11T08:52:27Z,90.0,Charge 4
2022-03-11T08:52:42Z,89.0,Charge 4
2022-03-11T08:52:52Z,89.0,Charge 4
2022-03-11T08:52:57Z,90.0,Charge 4
2022-03-11T08:53:02Z,91.0,Charge 4
2022-03-11T08:53:12Z,90.0,Charge 4
2022-03-11T08:53:22Z,88.0,Charge 4
2022-03-11T08:53:27Z,87.0,Charge 4
2022-03-11T08:53:42Z,87.0,Charge 4
2022-03-11T08:53:57Z,87.0,Charge 4
2022-03-11T08:54:02Z,86.0,Charge 4
2022-03-11T08:54:07Z,84.0,Charge 4
2022-03-11T08:54:22Z,84.0,Charge 4
2022-03-11T08:54:27Z,85.0,Charge 4
2022-03-11T08:54:42Z,85.0,Charge 4
2022-03-11T08:54:57Z,85.0,Charge 4
2022-03-11T08:55:02Z,86.0,Charge 4
2022-03-11T08:55:07Z,86.0,Charge 4
2022-03-11T08:55:17Z,87.0,Charge 4
2022-03-11T08:55:22Z,88.0,Charge 4
2022-03-11T08:55:32Z,87.0,Charge 4
2022-03-11T08:55:42Z,86.0,Charge 4
2022-03-11T08:55:52Z,86.0,Charge 4
2022-03-11T08:55:57Z,85.0,Charge 4
2022-03-11T08:56:12Z,85.0,Charge 4
2022-03-11T08:56:27Z,86.0,Charge 4
2022-03-11T08:56:42Z,87.0,Charge 4
2022-03-11T08:56:52Z,86.0,Charge 4
2022-03-11T08:57:02Z,87.0,Charge 4
2022-03-11T08:57:12Z,86.0,Charge 4
2022-03-11T08:57:17Z,85.0,Charge 4
2022-03-11T08:57:32Z,86.0,Charge 4
2022-03-11T08:57:37Z,87.0,Charge 4
2022-03-11T08:57:42Z,88.0,Charge 4
2022-03-11T08:57:52Z,87.0,Charge 4
2022-03-11T08:57:57Z,86.0,Charge 4
2022-03-11T08:58:02Z,85.0,Charge 4
2022-03-11T08:58:12Z,84.0,Charge 4
2022-03-11T08:58:17Z,85.0,Charge 4
2022-03-11T08:58:22Z,83.0,Charge 4
2022-03-11T08:58:27Z,82.0,Charge 4
2022-03-11T08:58:32Z,80.0,Charge 4
2022-03-11T08:58:47Z,80.0,Charge 4
2022-03-11T08:59:02Z,80.0,Charge 4
2022-03-11T08:59:07Z,80.0,Charge 4
2022-03-11T08:59:17Z,82.0,Charge 4
2022-03-11T08:59:27Z,83.0,Charge 4
2022-03-11T08:59:37Z,83.0,Charge 4
2022-03-11T08:59:47Z,84.0,Charge 4
2022-03-11T08:59:52Z,85.0,Charge 4
2022-03-11T08:59:57Z,85.0,Charge 4
2022-03-11T09:00:07Z,87.0,Charge 4
2022-03-11T09:00:12Z,89.0,Charge 4
2022-03-11T09:00:27Z,90.0,Charge 4
2022-03-11T09:00:32Z,92.0,Charge 4
2022-03-11T09:00:42Z,94.0,Charge 4
2022-03-11T09:00:47Z,95.0,Charge 4
2022-03-11T09:00:52Z,97.0,Charge 4
2022-03-11T09:00:57Z,98.0,Charge 4
2022-03-11T09:01:02Z,99.0,Charge 4
2022-03-11T09:01:07Z,99.0,Charge 4
2022-03-11T09:01:12Z,100.0,Charge 4
2022-03-11T09:01:17Z,99.0,Charge 4
2022-03-11T09:01:27Z,100.0,Charge 4
2022-03-11T09:01:32Z,105.0,Charge 4
2022-03-11T09:01:37Z,108.0,Charge 4
2022-03-11T09:01:42Z,106.0,Charge 4
2022-03-11T09:01:47Z,104.0,Charge 4
2022-03-11T09:02:02Z,106.0,Charge 4
2022-03-11T09:02:07Z,107.0,Charge 4
2022-03-11T09:02:12Z,106.0,Charge 4
2022-03-11T09:02:17Z,106.0,Charge 4
2022-03-11T09:02:22Z,105.0,Charge 4
2022-03-11T09:02:27Z,103.0,Charge 4
2022-03-11T09:02:37Z,102.0,Charge 4
2022-03-11T09:02:47Z,101.0,Charge 4
2022-03-11T09:02:52Z,102.0,Charge 4
2022-03-11T09:03:02Z,103.0,Charge 4
2022-03-11T09:03:07Z,100.0,Charge 4
2022-03-11T09:03:12Z,98.0,Charge 4
2022-03-11T09:03:17Z,97.0,Charge 4
2022-03-11T09:03:22Z,99.0,Charge 4
2022-03-11T09:03:27Z,102.0,Charge 4
2022-03-11T09:03:32Z,101.0,Charge 4
2022-03-11T09:03:37Z,101.0,Charge 4
2022-03-11T09:03:47Z,100.0,Charge 4
2022-03-11T09:03:52Z,97.0,Charge 4
2022-03-11T09:04:07Z,97.0,Charge 4
2022-03-11T09:04:22Z,95.0,Charge 4
2022-03-11T09:04:27Z,96.0,Charge 4
2022-03-11T09:04:32Z,100.0,Charge 4
2022-03-11T09:04:37Z,101.0,Charge 4
2022-03-11T09:04:47Z,102.0,Charge 4
2022-03-11T09:04:57Z,96.0,Charge 4
2022-03-11T09:05:07Z,95.0,Charge 4
2022-03-11T09:05:22Z,95.0,Charge 4
2022-03-11T09:05:28Z,93.0,Charge 4
2022-03-11T09:05:43Z,93.0,Charge 4
2022-03-11T09:05:48Z,90.0,Charge 4
2022-03-11T09:05:53Z,88.0,Charge 4
2022-03-11T09:05:58Z,89.0,Charge 4
2022-03-11T09:06:13Z,88.0,Charge 4
2022-03-11T09:06:18Z,86.0,Charge 4
2022-03-11T09:06:23Z,89.0,Charge 4
2022-03-11T09:06:28Z,90.0,Charge 4
2022-03-11T09:06:33Z,89.0,Charge 4
2022-03-11T09:06:48Z,88.0,Charge 4
2022-03-11T09:06:58Z,87.0,Charge 4
2022-03-11T09:07:03Z,85.0,Charge 4
2022-03-11T09:07:18Z,84.0,Charge 4
2022-03-11T09:07:28Z,83.0,Charge 4
2022-03-11T09:07:43Z,84.0,Charge 4
2022-03-11T09:07:58Z,82.0,Charge 4
2022-03-11T09:08:03Z,80.0,Charge 4
2022-03-11T09:08:18Z,79.0,Charge 4
2022-03-11T09:08:33Z,80.0,Charge 4
2022-03-11T09:08:43Z,81.0,Charge 4
2022-03-11T09:08:48Z,82.0,Charge 4
2022-03-11T09:09:03Z,81.0,Charge 4
2022-03-11T09:09:08Z,80.0,Charge 4
2022-03-11T09:09:18Z,79.0,Charge 4
2022-03-11T09:09:33Z,79.0,Charge 4
2022-03-11T09:09:38Z,80.0,Charge 4
2022-03-11T09:09:43Z,80.0,Charge 4
2022-03-11T09:09:58Z,80.0,Charge 4
2022-03-11T09:10:08Z,80.0,Charge 4
2022-03-11T09:10:23Z,81.0,Charge 4
2022-03-11T09:10:28Z,82.0,Charge 4
2022-03-11T09:10:43Z,82.0,Charge 4
2022-03-11T09:10:58Z,82.0,Charge 4
2022-03-11T09:11:03Z,82.0,Charge 4
2022-03-11T09:11:13Z,81.0,Charge 4
2022-03-11T09:11:18Z,80.0,Charge 4
2022-03-11T09:11:33Z,79.0,Charge 4
2022-03-11T09:11:48Z,79.0,Charge 4
2022-03-11T09:11:53Z,80.0,Charge 4
2022-03-11T09:11:58Z,80.0,Charge 4
2022-03-11T09:12:03Z,81.0,Charge 4
2022-03-11T09:12:08Z,78.0,Charge 4
2022-03-11T09:12:13Z,78.0,Charge 4
2022-03-11T09:12:18Z,78.0,Charge 4
2022-03-11T09:12:23Z,77.0,Charge 4
2022-03-11T09:12:28Z,78.0,Charge 4
2022-03-11T09:12:33Z,77.0,Charge 4
2022-03-11T09:12:38Z,78.0,Charge 4
2022-03-11T09:12:43Z,80.0,Charge 4
2022-03-11T09:12:58Z,80.0,Charge 4
2022-03-11T09:13:03Z,81.0,Charge 4
2022-03-11T09:13:13Z,81.0,Charge 4
2022-03-11T09:13:18Z,81.0,Charge 4
2022-03-11T09:13:23Z,81.0,Charge 4
2022-03-11T09:13:28Z,81.0,Charge 4
2022-03-11T09:13:43Z,82.0,Charge 4
2022-03-11T09:13:48Z,83.0,Charge 4
2022-03-11T09:14:03Z,83.0,Charge 4
2022-03-11T09:14:13Z,82.0,Charge 4
2022-03-11T09:14:18Z,80.0,Charge 4
2022-03-11T09:14:23Z,80.0,Charge 4
2022-03-11T09:14:38Z,80.0,Charge 4
2022-03-11T09:14:48Z,81.0,Charge 4
2022-03-11T09:14:53Z,80.0,Charge 4
2022-03-11T09:14:58Z,79.0,Charge 4
2022-03-11T09:15:08Z,79.0,Charge 4
2022-03-11T09:15:13Z,78.0,Charge 4
2022-03-11T09:15:28Z,79.0,Charge 4
2022-03-11T09:15:33Z,85.0,Charge 4
2022-03-11T09:15:38Z,86.0,Charge 4
2022-03-11T09:15:48Z,85.0,Charge 4
2022-03-11T09:15:53Z,84.0,Charge 4
2022-03-11T09:15:58Z,83.0,Charge 4
2022-03-11T09:16:03Z,82.0,Charge 4
2022-03-11T09:16:18Z,82.0,Charge 4
2022-03-11T09:16:28Z,82.0,Charge 4
2022-03-11T09:16:38Z,83.0,Charge 4
2022-03-11T09:16:48Z,85.0,Charge 4
2022-03-11T09:16:53Z,86.0,Charge 4
2022-03-11T09:17:03Z,88.0,Charge 4
2022-03-11T09:17:08Z,89.0,Charge 4
2022-03-11T09:17:18Z,90.0,Charge 4
2022-03-11T09:17:23Z,89.0,Charge 4
2022-03-11T09:17:28Z,90.0,Charge 4
2022-03-11T09:17:33Z,92.0,Charge 4
2022-03-11T09:17:38Z,94.0,Charge 4
2022-03-11T09:17:43Z,95.0,Charge 4
2022-03-11T09:17:48Z,96.0,Charge 4
2022-03-11T09:17:53Z,98.0,Charge 4
2022-03-11T09:17:58Z,102.0,Charge 4
2022-03-11T09:18:03Z,104.0,Charge 4
2022-03-11T09:18:13Z,103.0,Charge 4
2022-03-11T09:18:18Z,102.0,Charge 4
2022-03-11T09:18:23Z,101.0,Charge 4
2022-03-11T09:18:28Z,98.0,Charge 4
2022-03-11T09:18:33Z,101.0,Charge 4
2022-03-11T09:18:38Z,102.0,Charge 4
2022-03-11T09:18:43Z,98.0,Charge 4
2022-03-11T09:18:48Z,95.0,Charge 4
2022-03-11T09:18:53Z,94.0,Charge 4
2022-03-11T09:19:03Z,93.0,Charge 4
2022-03-11T09:19:13Z,92.0,Charge 4
2022-03-11T09:19:18Z,90.0,Charge 4
2022-03-11T09:19:23Z,89.0,Charge 4
2022-03-11T09:19:28Z,88.0,Charge 4
2022-03-11T09:19:33Z,85.0,Charge 4
2022-03-11T09:19:38Z,84.0,Charge 4
2022-03-11T09:19:43Z,84.0,Charge 4
2022-03-11T09:19:58Z,84.0,Charge 4
2022-03-11T09:20:08Z,84.0,Charge 4
2022-03-11T09:20:13Z,85.0,Charge 4
2022-03-11T09:20:18Z,87.0,Charge 4
2022-03-11T09:20:23Z,89.0,Charge 4
2022-03-11T09:20:33Z,90.0,Charge 4
2022-03-11T09:20:38Z,89.0,Charge 4
2022-03-11T09:20:48Z,90.0,Charge 4
2022-03-11T09:20:53Z,91.0,Charge 4
2022-03-11T09:20:58Z,89.0,Charge 4
2022-03-11T09:21:03Z,87.0,Charge 4
2022-03-11T09:21:18Z,87.0,Charge 4
2022-03-11T09:21:28Z,88.0,Charge 4
2022-03-11T09:21:33Z,89.0,Charge 4
2022-03-11T09:21:38Z,90.0,Charge 4
2022-03-11T09:21:43Z,90.0,Charge 4
2022-03-11T09:21:53Z,89.0,Charge 4
2022-03-11T09:21:58Z,88.0,Charge 4
2022-03-11T09:22:03Z,86.0,Charge 4
2022-03-11T09:22:08Z,87.0,Charge 4
2022-03-11T09:22:13Z,91.0,Charge 4
2022-03-11T09:22:23Z,90.0,Charge 4
2022-03-11T09:22:28Z,89.0,Charge 4
2022-03-11T09:22:33Z,88.0,Charge 4
2022-03-11T09:22:38Z,87.0,Charge 4
2022-03-11T09:22:43Z,85.0,Charge 4
2022-03-11T09:22:49Z,83.0,Charge 4
2022-03-11T09:23:04Z,84.0,Charge 4
2022-03-11T09:23:09Z,85.0,Charge 4
2022-03-11T09:23:19Z,84.0,Charge 4
2022-03-11T09:23:24Z,83.0,Charge 4
2022-03-11T09:23:39Z,82.0,Charge 4
2022-03-11T09:23:44Z,81.0,Charge 4
2022-03-11T09:23:49Z,80.0,Charge 4
2022-03-11T09:24:04Z,80.0,Charge 4
2022-03-11T09:24:14Z,78.0,Charge 4
2022-03-11T09:24:19Z,78.0,Charge 4
2022-03-11T09:24:24Z,79.0,Charge 4
2022-03-11T09:24:29Z,78.0,Charge 4
2022-03-11T09:24:39Z,77.0,Charge 4
2022-03-11T09:24:54Z,77.0,Charge 4
2022-03-11T09:24:59Z,79.0,Charge 4
2022-03-11T09:25:04Z,80.0,Charge 4
2022-03-11T09:25:09Z,81.0,Charge 4
2022-03-11T09:25:14Z,83.0,Charge 4
2022-03-11T09:25:19Z,84.0,Charge 4
2022-03-11T09:25:24Z,85.0,Charge 4
2022-03-11T09:25:29Z,86.0,Charge 4
2022-03-11T09:25:44Z,86.0,Charge 4
2022-03-11T09:25:49Z,87.0,Charge 4
2022-03-11T09:25:54Z,89.0,Charge 4
2022-03-11T09:25:59Z,91.0,Charge 4
2022-03-11T09:26:09Z,92.0,Charge 4
2022-03-11T09:26:14Z,92.0,Charge 4
2022-03-11T09:26:24Z,91.0,Charge 4
2022-03-11T09:26:29Z,90.0,Charge 4
2022-03-11T09:26:39Z,89.0,Charge 4
2022-03-11T09:26:44Z,88.0,Charge 4
2022-03-11T09:26:49Z,87.0,Charge 4
2022-03-11T09:26:54Z,86.0,Charge 4
2022-03-11T09:27:09Z,86.0,Charge 4
2022-03-11T09:27:14Z,88.0,Charge 4
2022-03-11T09:27:19Z,89.0,Charge 4
2022-03-11T09:27:24Z,90.0,Charge 4
2022-03-11T09:27:34Z,89.0,Charge 4
2022-03-11T09:27:44Z,88.0,Charge 4
2022-03-11T09:27:59Z,88.0,Charge 4
2022-03-11T09:28:04Z,88.0,Charge 4
2022-03-11T09:28:09Z,87.0,Charge 4
2022-03-11T09:28:14Z,87.0,Charge 4
2022-03-11T09:28:19Z,86.0,Charge 4
2022-03-11T09:28:24Z,86.0,Charge 4
2022-03-11T09:28:34Z,85.0,Charge 4
2022-03-11T09:28:39Z,84.0,Charge 4
2022-03-11T09:28:44Z,83.0,Charge 4
2022-03-11T09:28:59Z,83.0,Charge 4
2022-03-11T09:29:04Z,84.0,Charge 4
2022-03-11T09:29:19Z,84.0,Charge 4
2022-03-11T09:29:34Z,84.0,Charge 4
2022-03-11T09:29:49Z,84.0,Charge 4
2022-03-11T09:29:54Z,85.0,Charge 4
2022-03-11T09:29:59Z,85.0,Charge 4
2022-03-11T09:30:04Z,84.0,Charge 4
2022-03-11T09:30:14Z,85.0,Charge 4
2022-03-11T09:30:24Z,86.0,Charge 4
2022-03-11T09:30:39Z,87.0,Charge 4
2022-03-11T09:30:49Z,85.0,Charge 4
2022-03-11T09:30:54Z,83.0,Charge 4
2022-03-11T09:30:59Z,83.0,Charge 4
2022-03-11T09:31:04Z,84.0,Charge 4
2022-03-11T09:31:14Z,86.0,Charge 4
2022-03-11T09:31:29Z,86.0,Charge 4
2022-03-11T09:31:34Z,87.0,Charge 4
2022-03-11T09:31:49Z,87.0,Charge 4
2022-03-11T09:32:04Z,86.0,Charge 4
2022-03-11T09:32:14Z,85.0,Charge 4
2022-03-11T09:32:19Z,85.0,Charge 4
2022-03-11T09:32:34Z,84.0,Charge 4
2022-03-11T09:32:39Z,83.0,Charge 4
2022-03-11T09:32:44Z,83.0,Charge 4
2022-03-11T09:32:49Z,84.0,Charge 4
2022-03-11T09:32:54Z,85.0,Charge 4
2022-03-11T09:32:59Z,86.0,Charge 4
2022-03-11T09:33:04Z,87.0,Charge 4
2022-03-11T09:33:09Z,88.0,Charge 4
2022-03-11T09:33:24Z,88.0,Charge 4
2022-03-11T09:33:29Z,89.0,Charge 4
2022-03-11T09:33:34Z,89.0,Charge 4
2022-03-11T09:33:49Z,89.0,Charge 4
2022-03-11T09:33:54Z,88.0,Charge 4
2022-03-11T09:34:09Z,89.0,Charge 4
2022-03-11T09:34:14Z,90.0,Charge 4
2022-03-11T09:34:29Z,91.0,Charge 4
2022-03-11T09:34:44Z,91.0,Charge 4
2022-03-11T09:34:59Z,90.0,Charge 4
2022-03-11T09:35:04Z,89.0,Charge 4
2022-03-11T09:35:09Z,88.0,Charge 4
2022-03-11T09:35:14Z,87.0,Charge 4
2022-03-11T09:35:24Z,88.0,Charge 4
2022-03-11T09:35:29Z,89.0,Charge 4
2022-03-11T09:35:34Z,88.0,Charge 4
2022-03-11T09:35:49Z,88.0,Charge 4
2022-03-11T09:35:59Z,88.0,Charge 4
2022-03-11T09:36:09Z,87.0,Charge 4
2022-03-11T09:36:19Z,88.0,Charge 4
2022-03-11T09:36:24Z,89.0,Charge 4
2022-03-11T09:36:39Z,89.0,Charge 4
2022-03-11T09:36:44Z,91.0,Charge 4
2022-03-11T09:36:49Z,92.0,Charge 4
2022-03-11T09:37:04Z,92.0,Charge 4
2022-03-11T09:37:09Z,93.0,Charge 4
2022-03-11T09:37:24Z,93.0,Charge 4
2022-03-11T09:37:34Z,94.0,Charge 4
2022-03-11T09:37:39Z,95.0,Charge 4
2022-03-11T09:37:44Z,95.0,Charge 4
2022-03-11T09:37:49Z,96.0,Charge 4
2022-03-11T09:37:54Z,99.0,Charge 4
2022-03-11T09:37:59Z,102.0,Charge 4
2022-03-11T09:38:04Z,103.0,Charge 4
2022-03-11T09:38:09Z,103.0,Charge 4
2022-03-11T09:38:14Z,102.0,Charge 4
2022-03-11T09:38:19Z,103.0,Charge 4
2022-03-11T09:38:24Z,107.0,Charge 4
2022-03-11T09:38:29Z,111.0,Charge 4
2022-03-11T09:38:34Z,108.0,Charge 4
2022-03-11T09:38:39Z,106.0,Charge 4
2022-03-11T09:38:44Z,103.0,Charge 4
2022-03-11T09:38:54Z,104.0,Charge 4
2022-03-11T09:38:59Z,100.0,Charge 4
2022-03-11T09:39:04Z,103.0,Charge 4
2022-03-11T09:39:09Z,104.0,Charge 4
2022-03-11T09:39:14Z,105.0,Charge 4
2022-03-11T09:39:19Z,103.0,Charge 4
2022-03-11T09:39:24Z,105.0,Charge 4
2022-03-11T09:39:29Z,108.0,Charge 4
2022-03-11T09:39:34Z,107.0,Charge 4
2022-03-11T09:39:44Z,104.0,Charge 4
2022-03-11T09:39:49Z,104.0,Charge 4
2022-03-11T09:39:59Z,106.0,Charge 4
2022-03-11T09:40:04Z,107.0,Charge 4
2022-03-11T09:40:09Z,109.0,Charge 4
2022-03-11T09:40:15Z,111.0,Charge 4
2022-03-11T09:40:20Z,114.0,Charge 4
2022-03-11T09:40:25Z,115.0,Charge 4
2022-03-11T09:40:30Z,116.0,Charge 4
2022-03-11T09:40:35Z,116.0,Charge 4
2022-03-11T09:40:45Z,117.0,Charge 4
2022-03-11T09:40:50Z,114.0,Charge 4
2022-03-11T09:40:55Z,113.0,Charge 4
2022-03-11T09:41:00Z,111.0,Charge 4
2022-03-11T09:41:05Z,107.0,Charge 4
2022-03-11T09:41:10Z,105.0,Charge 4
2022-03-11T09:41:15Z,100.0,Charge 4
2022-03-11T09:41:20Z,101.0,Charge 4
2022-03-11T09:41:25Z,104.0,Charge 4
2022-03-11T09:41:35Z,103.0,Charge 4
2022-03-11T09:41:40Z,104.0,Charge 4
2022-03-11T09:41:45Z,108.0,Charge 4
2022-03-11T09:41:50Z,111.0,Charge 4
2022-03-11T09:41:55Z,107.0,Charge 4
2022-03-11T09:42:05Z,105.0,Charge 4
2022-03-11T09:42:10Z,107.0,Charge 4
2022-03-11T09:42:15Z,106.0,Charge 4
2022-03-11T09:42:20Z,105.0,Charge 4
2022-03-11T09:42:25Z,109.0,Charge 4
2022-03-11T09:42:30Z,108.0,Charge 4
2022-03-11T09:42:35Z,105.0,Charge 4
2022-03-11T09:42:40Z,103.0,Charge 4
2022-03-11T09:42:45Z,105.0,Charge 4
2022-03-11T09:42:50Z,106.0,Charge 4
2022-03-11T09:42:55Z,107.0,Charge 4
2022-03-11T09:43:00Z,106.0,Charge 4
2022-03-11T09:43:05Z,104.0,Charge 4
2022-03-11T09:43:10Z,99.0,Charge 4
2022-03-11T09:43:15Z,98.0,Charge 4
2022-03-11T09:43:30Z,97.0,Charge 4
2022-03-11T09:43:45Z,97.0,Charge 4
2022-03-11T09:43:55Z,93.0,Charge 4
2022-03-11T09:44:00Z,87.0,Charge 4
2022-03-11T09:44:15Z,87.0,Charge 4
2022-03-11T09:44:20Z,89.0,Charge 4
2022-03-11T09:44:25Z,93.0,Charge 4
2022-03-11T09:44:30Z,95.0,Charge 4
2022-03-11T09:44:35Z,95.0,Charge 4
2022-03-11T09:44:40Z,94.0,Charge 4
2022-03-11T09:44:45Z,95.0,Charge 4
2022-03-11T09:44:50Z,98.0,Charge 4
2022-03-11T09:44:55Z,99.0,Charge 4
2022-03-11T09:45:05Z,100.0,Charge 4
2022-03-11T09:45:10Z,102.0,Charge 4
2022-03-11T09:45:15Z,97.0,Charge 4
2022-03-11T09:45:20Z,93.0,Charge 4
2022-03-11T09:45:25Z,95.0,Charge 4
2022-03-11T09:45:30Z,98.0,Charge 4
2022-03-11T09:45:35Z,97.0,Charge 4
2022-03-11T09:45:40Z,98.0,Charge 4
2022-03-11T09:45:50Z,99.0,Charge 4
2022-03-11T09:46:00Z,96.0,Charge 4
2022-03-11T09:46:05Z,93.0,Charge 4
2022-03-11T09:46:10Z,92.0,Charge 4
2022-03-11T09:46:25Z,93.0,Charge 4
2022-03-11T09:46:30Z,95.0,Charge 4
2022-03-11T09:46:45Z,95.0,Charge 4
2022-03-11T09:46:55Z,94.0,Charge 4
2022-03-11T09:47:00Z,93.0,Charge 4
2022-03-11T09:47:10Z,94.0,Charge 4
2022-03-11T09:47:20Z,93.0,Charge 4
2022-03-11T09:47:25Z,94.0,Charge 4
2022-03-11T09:47:30Z,95.0,Charge 4
2022-03-11T09:47:35Z,94.0,Charge 4
2022-03-11T09:47:40Z,93.0,Charge 4
2022-03-11T09:47:45Z,92.0,Charge 4
2022-03-11T09:47:55Z,93.0,Charge 4
2022-03-11T09:48:00Z,92.0,Charge 4
2022-03-11T09:48:05Z,93.0,Charge 4
2022-03-11T09:48:10Z,91.0,Charge 4
2022-03-11T09:48:25Z,91.0,Charge 4
2022-03-11T09:48:40Z,90.0,Charge 4
2022-03-11T09:48:50Z,90.0,Charge 4
2022-03-11T09:49:05Z,90.0,Charge 4
2022-03-11T09:49:15Z,91.0,Charge 4
2022-03-11T09:49:20Z,90.0,Charge 4
2022-03-11T09:49:25Z,90.0,Charge 4
2022-03-11T09:49:30Z,89.0,Charge 4
2022-03-11T09:49:40Z,88.0,Charge 4
2022-03-11T09:49:55Z,88.0,Charge 4
2022-03-11T09:50:10Z,88.0,Charge 4
2022-03-11T09:50:25Z,86.0,Charge 4
2022-03-11T09:50:30Z,87.0,Charge 4
2022-03-11T09:50:40Z,85.0,Charge 4
2022-03-11T09:50:50Z,84.0,Charge 4
2022-03-11T09:51:05Z,84.0,Charge 4
2022-03-11T09:51:20Z,85.0,Charge 4
2022-03-11T09:51:35Z,85.0,Charge 4
2022-03-11T09:51:40Z,86.0,Charge 4
2022-03-11T09:51:50Z,87.0,Charge 4
2022-03-11T09:51:55Z,88.0,Charge 4
2022-03-11T09:52:10Z,89.0,Charge 4
2022-03-11T09:52:25Z,91.0,Charge 4
2022-03-11T09:52:30Z,92.0,Charge 4
2022-03-11T09:52:35Z,93.0,Charge 4
2022-03-11T09:52:40Z,94.0,Charge 4
2022-03-11T09:52:45Z,95.0,Charge 4
2022-03-11T09:52:50Z,94.0,Charge 4
2022-03-11T09:52:55Z,93.0,Charge 4
2022-03-11T09:53:05Z,94.0,Charge 4
2022-03-11T09:53:10Z,93.0,Charge 4
2022-03-11T09:53:15Z,92.0,Charge 4
2022-03-11T09:53:20Z,91.0,Charge 4
2022-03-11T09:53:25Z,92.0,Charge 4
2022-03-11T09:53:40Z,91.0,Charge 4
2022-03-11T09:53:50Z,91.0,Charge 4
2022-03-11T09:54:00Z,92.0,Charge 4
2022-03-11T09:54:05Z,92.0,Charge 4
2022-03-11T09:54:10Z,91.0,Charge 4
2022-03-11T09:54:15Z,90.0,Charge 4
2022-03-11T09:54:20Z,85.0,Charge 4
2022-03-11T09:54:35Z,85.0,Charge 4
2022-03-11T09:54:45Z,86.0,Charge 4
2022-03-11T09:54:50Z,87.0,Charge 4
2022-03-11T09:55:00Z,86.0,Charge 4
2022-03-11T09:55:15Z,86.0,Charge 4
2022-03-11T09:55:20Z,87.0,Charge 4
2022-03-11T09:55:25Z,88.0,Charge 4
2022-03-11T09:55:40Z,88.0,Charge 4
2022-03-11T09:55:50Z,87.0,Charge 4
2022-03-11T09:55:55Z,86.0,Charge 4
2022-03-11T09:56:10Z,86.0,Charge 4
2022-03-11T09:56:25Z,88.0,Charge 4
2022-03-11T09:56:35Z,87.0,Charge 4
2022-03-11T09:56:50Z,87.0,Charge 4
2022-03-11T09:57:00Z,86.0,Charge 4
2022-03-11T09:57:05Z,84.0,Charge 4
2022-03-11T09:57:10Z,84.0,Charge 4
2022-03-11T09:57:15Z,83.0,Charge 4
2022-03-11T09:57:21Z,83.0,Charge 4
2022-03-11T09:57:31Z,84.0,Charge 4
2022-03-11T09:57:41Z,85.0,Charge 4
2022-03-11T09:57:46Z,86.0,Charge 4
2022-03-11T09:57:51Z,88.0,Charge 4
2022-03-11T09:57:56Z,88.0,Charge 4
2022-03-11T09:58:01Z,88.0,Charge 4
2022-03-11T09:58:16Z,88.0,Charge 4
2022-03-11T09:58:31Z,87.0,Charge 4
2022-03-11T09:58:36Z,86.0,Charge 4
2022-03-11T09:58:41Z,87.0,Charge 4
2022-03-11T09:58:51Z,88.0,Charge 4
2022-03-11T09:59:06Z,86.0,Charge 4
2022-03-11T09:59:11Z,85.0,Charge 4
2022-03-11T09:59:21Z,86.0,Charge 4
2022-03-11T09:59:36Z,86.0,Charge 4
2022-03-11T09:59:46Z,85.0,Charge 4
2022-03-11T10:00:01Z,85.0,Charge 4
2022-03-11T10:00:06Z,83.0,Charge 4
2022-03-11T10:00:11Z,84.0,Charge 4
2022-03-11T10:00:26Z,83.0,Charge 4
2022-03-11T10:00:31Z,84.0,Charge 4
2022-03-11T10:00:36Z,85.0,Charge 4
2022-03-11T10:00:41Z,86.0,Charge 4
2022-03-11T10:00:51Z,87.0,Charge 4
2022-03-11T10:00:56Z,89.0,Charge 4
2022-03-11T10:01:01Z,90.0,Charge 4
2022-03-11T10:01:06Z,90.0,Charge 4
2022-03-11T10:01:21Z,91.0,Charge 4
2022-03-11T10:01:31Z,90.0,Charge 4
2022-03-11T10:01:41Z,91.0,Charge 4
2022-03-11T10:01:46Z,89.0,Charge 4
2022-03-11T10:01:51Z,85.0,Charge 4
2022-03-11T10:01:56Z,86.0,Charge 4
2022-03-11T10:02:01Z,87.0,Charge 4
2022-03-11T10:02:06Z,88.0,Charge 4
2022-03-11T10:02:11Z,90.0,Charge 4
2022-03-11T10:02:21Z,89.0,Charge 4
2022-03-11T10:02:31Z,88.0,Charge 4
2022-03-11T10:02:36Z,88.0,Charge 4
2022-03-11T10:02:51Z,88.0,Charge 4
2022-03-11T10:03:01Z,87.0,Charge 4
2022-03-11T10:03:11Z,89.0,Charge 4
2022-03-11T10:03:16Z,90.0,Charge 4
2022-03-11T10:03:31Z,88.0,Charge 4
2022-03-11T10:03:36Z,86.0,Charge 4
2022-03-11T10:03:41Z,85.0,Charge 4
2022-03-11T10:03:46Z,85.0,Charge 4
2022-03-11T10:03:51Z,84.0,Charge 4
2022-03-11T10:03:56Z,84.0,Charge 4
2022-03-11T10:04:01Z,83.0,Charge 4
2022-03-11T10:04:06Z,83.0,Charge 4
2022-03-11T10:04:21Z,82.0,Charge 4
2022-03-11T10:04:26Z,83.0,Charge 4
2022-03-11T10:04:31Z,83.0,Charge 4
2022-03-11T10:04:46Z,83.0,Charge 4
2022-03-11T10:04:51Z,84.0,Charge 4
2022-03-11T10:05:06Z,84.0,Charge 4
2022-03-11T10:05:11Z,84.0,Charge 4
2022-03-11T10:05:16Z,85.0,Charge 4
2022-03-11T10:05:21Z,84.0,Charge 4
2022-03-11T10:05:31Z,84.0,Charge 4
2022-03-11T10:05:46Z,84.0,Charge 4
2022-03-11T10:06:01Z,83.0,Charge 4
2022-03-11T10:06:06Z,84.0,Charge 4
2022-03-11T10:06:11Z,85.0,Charge 4
2022-03-11T10:06:21Z,84.0,Charge 4
2022-03-11T10:06:36Z,84.0,Charge 4
2022-03-11T10:06:41Z,83.0,Charge 4
2022-03-11T10:06:46Z,83.0,Charge 4
2022-03-11T10:06:56Z,82.0,Charge 4
2022-03-11T10:07:06Z,83.0,Charge 4
2022-03-11T10:07:11Z,84.0,Charge 4
2022-03-11T10:07:16Z,83.0,Charge 4
2022-03-11T10:07:21Z,84.0,Charge 4
2022-03-11T10:07:36Z,84.0,Charge 4
2022-03-11T10:07:51Z,83.0,Charge 4
2022-03-11T10:07:56Z,82.0,Charge 4
2022-03-11T10:08:01Z,82.0,Charge 4
2022-03-11T10:08:11Z,82.0,Charge 4
2022-03-11T10:08:16Z,81.0,Charge 4
2022-03-11T10:08:21Z,81.0,Charge 4
2022-03-11T10:08:36Z,82.0,Charge 4
2022-03-11T10:08:46Z,83.0,Charge 4
2022-03-11T10:08:51Z,84.0,Charge 4
2022-03-11T10:08:56Z,84.0,Charge 4
2022-03-11T10:09:06Z,83.0,Charge 4
2022-03-11T10:09:21Z,83.0,Charge 4
2022-03-11T10:09:36Z,83.0,Charge 4
2022-03-11T10:09:46Z,82.0,Charge 4
2022-03-11T10:09:51Z,80.0,Charge 4
2022-03-11T10:10:06Z,81.0,Charge 4
2022-03-11T10:10:11Z,82.0,Charge 4
2022-03-11T10:10:26Z,83.0,Charge 4
2022-03-11T10:10:36Z,82.0,Charge 4
2022-03-11T10:10:41Z,81.0,Charge 4
2022-03-11T10:10:56Z,81.0,Charge 4
2022-03-11T10:11:06Z,82.0,Charge 4
2022-03-11T10:11:16Z,83.0,Charge 4
2022-03-11T10:11:31Z,84.0,Charge 4
2022-03-11T10:11:46Z,84.0,Charge 4
2022-03-11T10:11:56Z,83.0,Charge 4
2022-03-11T10:12:01Z,84.0,Charge 4
2022-03-11T10:12:06Z,85.0,Charge 4
2022-03-11T10:12:21Z,85.0,Charge 4
2022-03-11T10:12:26Z,86.0,Charge 4
2022-03-11T10:12:41Z,86.0,Charge 4
2022-03-11T10:12:46Z,87.0,Charge 4
2022-03-11T10:12:52Z,86.0,Charge 4
2022-03-11T10:13:02Z,86.0,Charge 4
2022-03-11T10:13:07Z,85.0,Charge 4
2022-03-11T10:13:17Z,85.0,Charge 4
2022-03-11T10:13:22Z,85.0,Charge 4
2022-03-11T10:13:27Z,85.0,Charge 4
2022-03-11T10:13:37Z,86.0,Charge 4
2022-03-11T10:13:42Z,87.0,Charge 4
2022-03-11T10:13:47Z,84.0,Charge 4
2022-03-11T10:14:02Z,84.0,Charge 4
2022-03-11T10:14:17Z,85.0,Charge 4
2022-03-11T10:14:32Z,85.0,Charge 4
2022-03-11T10:14:37Z,85.0,Charge 4
2022-03-11T10:14:52Z,85.0,Charge 4
2022-03-11T10:15:07Z,86.0,Charge 4
2022-03-11T10:15:17Z,85.0,Charge 4
2022-03-11T10:15:32Z,85.0,Charge 4
2022-03-11T10:15:37Z,86.0,Charge 4
2022-03-11T10:15:42Z,88.0,Charge 4
2022-03-11T10:15:47Z,87.0,Charge 4
2022-03-11T10:15:52Z,84.0,Charge 4
2022-03-11T10:15:57Z,81.0,Charge 4
2022-03-11T10:16:12Z,80.0,Charge 4
2022-03-11T10:16:27Z,81.0,Charge 4
2022-03-11T10:16:37Z,83.0,Charge 4
2022-03-11T10:16:47Z,84.0,Charge 4
2022-03-11T10:16:52Z,85.0,Charge 4
2022-03-11T10:16:57Z,87.0,Charge 4
2022-03-11T10:17:07Z,86.0,Charge 4
2022-03-11T10:17:12Z,84.0,Charge 4
2022-03-11T10:17:17Z,83.0,Charge 4
2022-03-11T10:17:32Z,83.0,Charge 4
2022-03-11T10:17:42Z,84.0,Charge 4
2022-03-11T10:17:47Z,84.0,Charge 4
2022-03-11T10:17:57Z,83.0,Charge 4
2022-03-11T10:18:02Z,82.0,Charge 4
2022-03-11T10:18:07Z,81.0,Charge 4
2022-03-11T10:18:22Z,82.0,Charge 4
2022-03-11T10:18:37Z,82.0,Charge 4
2022-03-11T10:18:47Z,80.0,Charge 4
2022-03-11T10:18:52Z,78.0,Charge 4
2022-03-11T10:18:57Z,78.0,Charge 4
2022-03-11T10:19:02Z,80.0,Charge 4
2022-03-11T10:19:07Z,79.0,Charge 4
2022-03-11T10:19:22Z,79.0,Charge 4
2022-03-11T10:19:37Z,79.0,Charge 4
2022-03-11T10:19:42Z,78.0,Charge 4
2022-03-11T10:19:47Z,79.0,Charge 4
2022-03-11T10:19:52Z,80.0,Charge 4
2022-03-11T10:19:57Z,81.0,Charge 4
2022-03-11T10:20:12Z,79.0,Charge 4
2022-03-11T10:20:17Z,76.0,Charge 4
2022-03-11T10:20:27Z,78.0,Charge 4
2022-03-11T10:20:42Z,80.0,Charge 4
2022-03-11T10:20:47Z,80.0,Charge 4
2022-03-11T10:20:52Z,79.0,Charge 4
2022-03-11T10:21:07Z,79.0,Charge 4
2022-03-11T10:21:12Z,80.0,Charge 4
2022-03-11T10:21:22Z,81.0,Charge 4
2022-03-11T10:21:37Z,80.0,Charge 4
2022-03-11T10:21:52Z,80.0,Charge 4
2022-03-11T10:22:02Z,80.0,Charge 4
2022-03-11T10:22:17Z,80.0,Charge 4
2022-03-11T10:22:22Z,81.0,Charge 4
2022-03-11T10:22:32Z,82.0,Charge 4
2022-03-11T10:22:37Z,84.0,Charge 4
2022-03-11T10:22:42Z,87.0,Charge 4
2022-03-11T10:22:52Z,83.0,Charge 4
2022-03-11T10:22:57Z,82.0,Charge 4
2022-03-11T10:23:07Z,84.0,Charge 4
2022-03-11T10:23:12Z,85.0,Charge 4
2022-03-11T10:23:17Z,85.0,Charge 4
2022-03-11T10:23:27Z,84.0,Charge 4
2022-03-11T10:23:32Z,83.0,Charge 4
2022-03-11T10:23:42Z,82.0,Charge 4
2022-03-11T10:23:47Z,83.0,Charge 4
2022-03-11T10:24:02Z,84.0,Charge 4
2022-03-11T10:24:07Z,83.0,Charge 4
2022-03-11T10:24:22Z,83.0,Charge 4
2022-03-11T10:24:32Z,84.0,Charge 4
2022-03-11T10:24:37Z,85.0,Charge 4
2022-03-11T10:24:42Z,87.0,Charge 4
2022-03-11T10:24:52Z,86.0,Charge 4
2022-03-11T10:24:57Z,83.0,Charge 4
2022-03-11T10:25:07Z,84.0,Charge 4
2022-03-11T10:25:17Z,85.0,Charge 4
2022-03-11T10:25:22Z,86.0,Charge 4
2022-03-11T10:25:32Z,85.0,Charge 4
2022-03-11T10:25:42Z,87.0,Charge 4
2022-03-11T10:25:52Z,86.0,Charge 4
2022-03-11T10:25:57Z,85.0,Charge 4
2022-03-11T10:26:12Z,85.0,Charge 4
2022-03-11T10:26:17Z,84.0,Charge 4
2022-03-11T10:26:32Z,83.0,Charge 4
2022-03-11T10:26:37Z,86.0,Charge 4
2022-03-11T10:26:42Z,87.0,Charge 4
2022-03-11T10:26:47Z,89.0,Charge 4
2022-03-11T10:26:57Z,80.0,Charge 4
2022-03-11T10:27:02Z,82.0,Charge 4
2022-03-11T10:27:07Z,84.0,Charge 4
2022-03-11T10:27:22Z,84.0,Charge 4
2022-03-11T10:27:27Z,85.0,Charge 4
2022-03-11T10:27:37Z,84.0,Charge 4
2022-03-11T10:27:42Z,82.0,Charge 4
2022-03-11T10:27:47Z,82.0,Charge 4
2022-03-11T10:28:02Z,82.0,Charge 4
2022-03-11T10:28:17Z,82.0,Charge 4
2022-03-11T10:28:22Z,82.0,Charge 4
2022-03-11T10:28:32Z,81.0,Charge 4
2022-03-11T10:28:47Z,82.0,Charge 4
2022-03-11T10:29:02Z,83.0,Charge 4
2022-03-11T10:29:17Z,83.0,Charge 4
2022-03-11T10:29:22Z,79.0,Charge 4
2022-03-11T10:29:37Z,79.0,Charge 4
2022-03-11T10:29:42Z,81.0,Charge 4
2022-03-11T10:29:47Z,80.0,Charge 4
2022-03-11T10:29:52Z,79.0,Charge 4
2022-03-11T10:30:02Z,80.0,Charge 4
2022-03-11T10:30:17Z,80.0,Charge 4
2022-03-11T10:30:32Z,80.0,Charge 4
2022-03-11T10:30:37Z,81.0,Charge 4
2022-03-11T10:30:52Z,81.0,Charge 4
2022-03-11T10:31:02Z,82.0,Charge 4
2022-03-11T10:31:07Z,83.0,Charge 4
2022-03-11T10:31:12Z,82.0,Charge 4
2022-03-11T10:31:27Z,82.0,Charge 4
2022-03-11T10:31:42Z,82.0,Charge 4
2022-03-11T10:31:52Z,84.0,Charge 4
2022-03-11T10:31:57Z,83.0,Charge 4
2022-03-11T10:32:12Z,83.0,Charge 4
2022-03-11T10:32:27Z,83.0,Charge 4
2022-03-11T10:32:28Z,83.0,Charge 4
2022-03-11T10:32:33Z,84.0,Charge 4
2022-03-11T10:32:48Z,84.0,Charge 4
2022-03-11T10:33:03Z,83.0,Charge 4
2022-03-11T10:33:13Z,84.0,Charge 4
2022-03-11T10:33:23Z,84.0,Charge 4
2022-03-11T10:33:38Z,84.0,Charge 4
2022-03-11T10:33:43Z,83.0,Charge 4
2022-03-11T10:33:48Z,82.0,Charge 4
2022-03-11T10:33:53Z,81.0,Charge 4
2022-03-11T10:33:58Z,80.0,Charge 4
2022-03-11T10:34:03Z,80.0,Charge 4
2022-03-11T10:34:08Z,80.0,Charge 4
2022-03-11T10:34:18Z,81.0,Charge 4
2022-03-11T10:34:33Z,81.0,Charge 4
2022-03-11T10:34:43Z,82.0,Charge 4
2022-03-11T10:34:58Z,82.0,Charge 4
2022-03-11T10:35:13Z,82.0,Charge 4
2022-03-11T10:35:23Z,83.0,Charge 4
2022-03-11T10:35:28Z,85.0,Charge 4
2022-03-11T10:35:33Z,89.0,Charge 4
2022-03-11T10:35:38Z,89.0,Charge 4
2022-03-11T10:35:43Z,87.0,Charge 4
2022-03-11T10:35:53Z,86.0,Charge 4
2022-03-11T10:36:08Z,86.0,Charge 4
2022-03-11T10:36:13Z,85.0,Charge 4
2022-03-11T10:36:18Z,84.0,Charge 4
2022-03-11T10:36:23Z,84.0,Charge 4
2022-03-11T10:36:33Z,83.0,Charge 4
2022-03-11T10:36:38Z,82.0,Charge 4
2022-03-11T10:36:43Z,81.0,Charge 4
2022-03-11T10:36:53Z,83.0,Charge 4
2022-03-11T10:37:08Z,84.0,Charge 4
2022-03-11T10:37:23Z,84.0,Charge 4
2022-03-11T10:37:33Z,85.0,Charge 4
2022-03-11T10:37:38Z,86.0,Charge 4
2022-03-11T10:37:43Z,87.0,Charge 4
2022-03-11T10:37:48Z,88.0,Charge 4
2022-03-11T10:37:58Z,86.0,Charge 4
2022-03-11T10:38:13Z,86.0,Charge 4
2022-03-11T10:38:23Z,84.0,Charge 4
2022-03-11T10:38:28Z,83.0,Charge 4
2022-03-11T10:38:33Z,84.0,Charge 4
2022-03-11T10:38:38Z,85.0,Charge 4
2022-03-11T10:38:53Z,85.0,Charge 4
2022-03-11T10:38:58Z,86.0,Charge 4
2022-03-11T10:39:08Z,81.0,Charge 4
2022-03-11T10:39:13Z,81.0,Charge 4
2022-03-11T10:39:18Z,82.0,Charge 4
2022-03-11T10:39:23Z,83.0,Charge 4
2022-03-11T10:39:28Z,85.0,Charge 4
2022-03-11T10:39:33Z,86.0,Charge 4
2022-03-11T10:39:38Z,87.0,Charge 4
2022-03-11T10:39:43Z,88.0,Charge 4
2022-03-11T10:39:48Z,87.0,Charge 4
2022-03-11T10:39:53Z,86.0,Charge 4
2022-03-11T10:40:03Z,87.0,Charge 4
2022-03-11T10:40:08Z,88.0,Charge 4
2022-03-11T10:40:18Z,90.0,Charge 4
2022-03-11T10:40:23Z,91.0,Charge 4
2022-03-11T10:40:28Z,92.0,Charge 4
2022-03-11T10:40:43Z,93.0,Charge 4
2022-03-11T10:40:58Z,92.0,Charge 4
2022-03-11T10:41:03Z,91.0,Charge 4
2022-03-11T10:41:08Z,89.0,Charge 4
2022-03-11T10:41:18Z,88.0,Charge 4
2022-03-11T10:41:33Z,88.0,Charge 4
2022-03-11T10:41:38Z,89.0,Charge 4
2022-03-11T10:41:53Z,87.0,Charge 4
2022-03-11T10:41:58Z,86.0,Charge 4
2022-03-11T10:42:13Z,88.0,Charge 4
2022-03-11T10:42:18Z,89.0,Charge 4
2022-03-11T10:42:28Z,89.0,Charge 4
2022-03-11T10:42:43Z,88.0,Charge 4
2022-03-11T10:42:58Z,85.0,Charge 4
2022-03-11T10:43:08Z,84.0,Charge 4
2022-03-11T10:43:13Z,85.0,Charge 4
2022-03-11T10:43:28Z,84.0,Charge 4
2022-03-11T10:43:33Z,84.0,Charge 4
2022-03-11T10:43:43Z,85.0,Charge 4
2022-03-11T10:43:58Z,84.0,Charge 4
2022-03-11T10:44:03Z,84.0,Charge 4
2022-03-11T10:44:13Z,83.0,Charge 4
2022-03-11T10:44:18Z,83.0,Charge 4
2022-03-11T10:44:28Z,84.0,Charge 4
2022-03-11T10:44:33Z,85.0,Charge 4
2022-03-11T10:44:38Z,84.0,Charge 4
2022-03-11T10:44:53Z,85.0,Charge 4
2022-03-11T10:45:08Z,86.0,Charge 4
2022-03-11T10:45:23Z,87.0,Charge 4
2022-03-11T10:45:28Z,87.0,Charge 4
2022-03-11T10:45:38Z,86.0,Charge 4
2022-03-11T10:45:43Z,88.0,Charge 4
2022-03-11T10:45:58Z,88.0,Charge 4
2022-03-11T10:46:13Z,89.0,Charge 4
2022-03-11T10:46:18Z,90.0,Charge 4
2022-03-11T10:46:23Z,89.0,Charge 4
2022-03-11T10:46:33Z,90.0,Charge 4
2022-03-11T10:46:48Z,90.0,Charge 4
2022-03-11T10:46:53Z,91.0,Charge 4
2022-03-11T10:46:58Z,91.0,Charge 4
2022-03-11T10:47:03Z,92.0,Charge 4
2022-03-11T10:47:08Z,89.0,Charge 4
2022-03-11T10:47:13Z,84.0,Charge 4
2022-03-11T10:47:28Z,84.0,Charge 4
2022-03-11T10:47:33Z,84.0,Charge 4
2022-03-11T10:47:48Z,84.0,Charge 4
2022-03-11T10:47:53Z,81.0,Charge 4
2022-03-11T10:47:59Z,81.0,Charge 4
2022-03-11T10:48:04Z,78.0,Charge 4
2022-03-11T10:48:09Z,77.0,Charge 4
2022-03-11T10:48:24Z,77.0,Charge 4
2022-03-11T10:48:34Z,78.0,Charge 4
2022-03-11T10:48:49Z,79.0,Charge 4
2022-03-11T10:49:04Z,80.0,Charge 4
2022-03-11T10:49:09Z,81.0,Charge 4
2022-03-11T10:49:14Z,82.0,Charge 4
2022-03-11T10:49:29Z,82.0,Charge 4
2022-03-11T10:49:34Z,82.0,Charge 4
2022-03-11T10:49:49Z,81.0,Charge 4
2022-03-11T10:50:04Z,81.0,Charge 4
2022-03-11T10:50:19Z,82.0,Charge 4
2022-03-11T10:50:24Z,83.0,Charge 4
2022-03-11T10:50:39Z,83.0,Charge 4
2022-03-11T10:50:44Z,85.0,Charge 4
2022-03-11T10:50:49Z,86.0,Charge 4
2022-03-11T10:50:54Z,87.0,Charge 4
2022-03-11T10:51:09Z,86.0,Charge 4
2022-03-11T10:51:24Z,86.0,Charge 4
2022-03-11T10:51:29Z,87.0,Charge 4
2022-03-11T10:51:34Z,88.0,Charge 4
2022-03-11T10:51:39Z,89.0,Charge 4
2022-03-11T10:51:44Z,90.0,Charge 4
2022-03-11T10:51:49Z,91.0,Charge 4
2022-03-11T10:52:04Z,91.0,Charge 4
2022-03-11T10:52:09Z,86.0,Charge 4
2022-03-11T10:52:14Z,86.0,Charge 4
2022-03-11T10:52:19Z,87.0,Charge 4
2022-03-11T10:52:24Z,88.0,Charge 4
2022-03-11T10:52:39Z,87.0,Charge 4
2022-03-11T10:52:49Z,88.0,Charge 4
2022-03-11T10:52:54Z,86.0,Charge 4
2022-03-11T10:52:59Z,84.0,Charge 4
2022-03-11T10:53:14Z,84.0,Charge 4
2022-03-11T10:53:19Z,83.0,Charge 4
2022-03-11T10:53:34Z,83.0,Charge 4
2022-03-11T10:53:49Z,82.0,Charge 4
2022-03-11T10:53:59Z,81.0,Charge 4
2022-03-11T10:54:04Z,82.0,Charge 4
2022-03-11T10:54:09Z,84.0,Charge 4
2022-03-11T10:54:14Z,85.0,Charge 4
2022-03-11T10:54:19Z,85.0,Charge 4
2022-03-11T10:54:24Z,85.0,Charge 4
2022-03-11T10:54:34Z,84.0,Charge 4
2022-03-11T10:54:44Z,85.0,Charge 4
2022-03-11T10:54:59Z,84.0,Charge 4
2022-03-11T10:55:04Z,85.0,Charge 4
2022-03-11T10:55:14Z,85.0,Charge 4
2022-03-11T10:55:19Z,86.0,Charge 4
2022-03-11T10:55:24Z,87.0,Charge 4
2022-03-11T10:55:29Z,88.0,Charge 4
2022-03-11T10:55:44Z,86.0,Charge 4
2022-03-11T10:55:49Z,86.0,Charge 4
2022-03-11T10:56:04Z,87.0,Charge 4
2022-03-11T10:56:14Z,88.0,Charge 4
2022-03-11T10:56:24Z,86.0,Charge 4
2022-03-11T10:56:29Z,85.0,Charge 4
2022-03-11T10:56:44Z,84.0,Charge 4
2022-03-11T10:56:54Z,86.0,Charge 4
2022-03-11T10:56:59Z,87.0,Charge 4
2022-03-11T10:57:09Z,86.0,Charge 4
2022-03-11T10:57:14Z,84.0,Charge 4
2022-03-11T10:57:29Z,83.0,Charge 4
2022-03-11T10:57:39Z,85.0,Charge 4
2022-03-11T10:57:54Z,85.0,Charge 4
2022-03-11T10:58:09Z,85.0,Charge 4
2022-03-11T10:58:19Z,85.0,Charge 4
2022-03-11T10:58:24Z,86.0,Charge 4
2022-03-11T10:58:34Z,87.0,Charge 4
2022-03-11T10:58:39Z,88.0,Charge 4
2022-03-11T10:58:44Z,89.0,Charge 4
2022-03-11T10:58:59Z,90.0,Charge 4
2022-03-11T10:59:14Z,89.0,Charge 4
2022-03-11T10:59:19Z,88.0,Charge 4
2022-03-11T10:59:34Z,87.0,Charge 4
2022-03-11T10:59:49Z,87.0,Charge 4
2022-03-11T10:59:54Z,85.0,Charge 4
2022-03-11T11:00:09Z,85.0,Charge 4
2022-03-11T11:00:24Z,85.0,Charge 4
2022-03-11T11:00:29Z,85.0,Charge 4
2022-03-11T11:00:39Z,86.0,Charge 4
2022-03-11T11:00:54Z,86.0,Charge 4
2022-03-11T11:01:09Z,85.0,Charge 4
2022-03-11T11:01:14Z,84.0,Charge 4
2022-03-11T11:01:19Z,83.0,Charge 4
2022-03-11T11:01:34Z,83.0,Charge 4
2022-03-11T11:01:39Z,83.0,Charge 4
2022-03-11T11:01:54Z,83.0,Charge 4
2022-03-11T11:02:09Z,83.0,Charge 4
2022-03-11T11:02:24Z,83.0,Charge 4
2022-03-11T11:02:34Z,84.0,Charge 4
2022-03-11T11:02:39Z,85.0,Charge 4
2022-03-11T11:02:44Z,86.0,Charge 4
2022-03-11T11:02:54Z,85.0,Charge 4
2022-03-11T11:02:59Z,83.0,Charge 4
2022-03-11T11:03:09Z,83.0,Charge 4
2022-03-11T11:03:24Z,83.0,Charge 4
2022-03-11T11:03:29Z,82.0,Charge 4
2022-03-11T11:03:39Z,83.0,Charge 4
2022-03-11T11:03:54Z,83.0,Charge 4
2022-03-11T11:04:09Z,84.0,Charge 4
2022-03-11T11:04:19Z,85.0,Charge 4
2022-03-11T11:04:34Z,85.0,Charge 4
2022-03-11T11:04:44Z,86.0,Charge 4
2022-03-11T11:04:49Z,87.0,Charge 4
2022-03-11T11:04:55Z,87.0,Charge 4
2022-03-11T11:05:10Z,87.0,Charge 4
2022-03-11T11:05:15Z,88.0,Charge 4
2022-03-11T11:05:30Z,88.0,Charge 4
2022-03-11T11:05:35Z,87.0,Charge 4
2022-03-11T11:05:50Z,86.0,Charge 4
2022-03-11T11:05:55Z,86.0,Charge 4
2022-03-11T11:06:05Z,86.0,Charge 4
2022-03-11T11:06:10Z,87.0,Charge 4
2022-03-11T11:06:15Z,84.0,Charge 4
2022-03-11T11:06:25Z,86.0,Charge 4
2022-03-11T11:06:30Z,86.0,Charge 4
2022-03-11T11:06:40Z,87.0,Charge 4
2022-03-11T11:06:55Z,87.0,Charge 4
2022-03-11T11:07:05Z,88.0,Charge 4
2022-03-11T11:07:15Z,89.0,Charge 4
2022-03-11T11:07:30Z,89.0,Charge 4
2022-03-11T11:07:40Z,91.0,Charge 4
2022-03-11T11:07:50Z,92.0,Charge 4
2022-03-11T11:07:55Z,91.0,Charge 4
2022-03-11T11:08:00Z,90.0,Charge 4
2022-03-11T11:08:05Z,89.0,Charge 4
2022-03-11T11:08:10Z,90.0,Charge 4
2022-03-11T11:08:25Z,90.0,Charge 4
2022-03-11T11:08:35Z,91.0,Charge 4
2022-03-11T11:08:40Z,90.0,Charge 4
2022-03-11T11:08:45Z,90.0,Charge 4
2022-03-11T11:08:50Z,91.0,Charge 4
2022-03-11T11:09:05Z,90.0,Charge 4
2022-03-11T11:09:10Z,88.0,Charge 4
2022-03-11T11:09:15Z,87.0,Charge 4
2022-03-11T11:09:20Z,85.0,Charge 4
2022-03-11T11:09:35Z,85.0,Charge 4
2022-03-11T11:09:50Z,85.0,Charge 4
2022-03-11T11:10:00Z,86.0,Charge 4
2022-03-11T11:10:05Z,85.0,Charge 4
2022-03-11T11:10:10Z,84.0,Charge 4
2022-03-11T11:10:15Z,85.0,Charge 4
2022-03-11T11:10:20Z,83.0,Charge 4
2022-03-11T11:10:35Z,83.0,Charge 4
2022-03-11T11:10:45Z,84.0,Charge 4
2022-03-11T11:10:50Z,85.0,Charge 4
2022-03-11T11:10:55Z,84.0,Charge 4
2022-03-11T11:11:10Z,85.0,Charge 4
2022-03-11T11:11:15Z,86.0,Charge 4
2022-03-11T11:11:20Z,85.0,Charge 4
2022-03-11T11:11:25Z,86.0,Charge 4
2022-03-11T11:11:40Z,86.0,Charge 4
2022-03-11T11:11:50Z,85.0,Charge 4
2022-03-11T11:11:55Z,84.0,Charge 4
2022-03-11T11:12:00Z,85.0,Charge 4
2022-03-11T11:12:05Z,84.0,Charge 4
2022-03-11T11:12:10Z,82.0,Charge 4
2022-03-11T11:12:25Z,82.0,Charge 4
2022-03-11T11:12:30Z,82.0,Charge 4
2022-03-11T11:12:35Z,82.0,Charge 4
2022-03-11T11:12:45Z,81.0,Charge 4
2022-03-11T11:12:50Z,80.0,Charge 4
2022-03-11T11:12:55Z,77.0,Charge 4
2022-03-11T11:13:00Z,74.0,Charge 4
2022-03-11T11:13:05Z,74.0,Charge 4
2022-03-11T11:13:10Z,77.0,Charge 4
2022-03-11T11:13:15Z,78.0,Charge 4
2022-03-11T11:13:20Z,80.0,Charge 4
2022-03-11T11:13:25Z,82.0,Charge 4
2022-03-11T11:13:30Z,83.0,Charge 4
2022-03-11T11:13:45Z,83.0,Charge 4
2022-03-11T11:13:55Z,85.0,Charge 4
2022-03-11T11:14:00Z,85.0,Charge 4
2022-03-11T11:14:15Z,85.0,Charge 4
2022-03-11T11:14:20Z,86.0,Charge 4
2022-03-11T11:14:25Z,85.0,Charge 4
2022-03-11T11:14:35Z,86.0,Charge 4
2022-03-11T11:14:40Z,88.0,Charge 4
2022-03-11T11:14:45Z,89.0,Charge 4
2022-03-11T11:14:50Z,84.0,Charge 4
2022-03-11T11:14:55Z,68.0,Charge 4
2022-03-11T11:15:00Z,70.0,Charge 4
2022-03-11T11:15:05Z,72.0,Charge 4
2022-03-11T11:15:10Z,75.0,Charge 4
2022-03-11T11:15:15Z,82.0,Charge 4
2022-03-11T11:15:20Z,84.0,Charge 4
2022-03-11T11:15:30Z,86.0,Charge 4
2022-03-11T11:15:35Z,88.0,Charge 4
2022-03-11T11:15:40Z,91.0,Charge 4
2022-03-11T11:15:45Z,93.0,Charge 4
2022-03-11T11:15:50Z,95.0,Charge 4
2022-03-11T11:15:55Z,97.0,Charge 4
2022-03-11T11:16:00Z,99.0,Charge 4
2022-03-11T11:16:05Z,100.0,Charge 4
2022-03-11T11:16:10Z,102.0,Charge 4
2022-03-11T11:16:15Z,103.0,Charge 4
2022-03-11T11:16:20Z,106.0,Charge 4
2022-03-11T11:16:25Z,105.0,Charge 4
2022-03-11T11:16:40Z,107.0,Charge 4
2022-03-11T11:16:45Z,110.0,Charge 4
2022-03-11T11:16:50Z,116.0,Charge 4
2022-03-11T11:16:55Z,118.0,Charge 4
2022-03-11T11:17:00Z,120.0,Charge 4
2022-03-11T11:17:05Z,121.0,Charge 4
2022-03-11T11:17:15Z,122.0,Charge 4
2022-03-11T11:17:20Z,123.0,Charge 4
2022-03-11T11:17:25Z,125.0,Charge 4
2022-03-11T11:17:30Z,122.0,Charge 4
2022-03-11T11:17:35Z,121.0,Charge 4
2022-03-11T11:17:50Z,121.0,Charge 4
2022-03-11T11:17:55Z,122.0,Charge 4
2022-03-11T11:18:00Z,120.0,Charge 4
2022-03-11T11:18:05Z,116.0,Charge 4
2022-03-11T11:18:10Z,110.0,Charge 4
2022-03-11T11:18:15Z,107.0,Charge 4
2022-03-11T11:18:20Z,106.0,Charge 4
2022-03-11T11:18:25Z,104.0,Charge 4
2022-03-11T11:18:30Z,101.0,Charge 4
2022-03-11T11:18:35Z,100.0,Charge 4
2022-03-11T11:18:40Z,99.0,Charge 4
2022-03-11T11:18:45Z,99.0,Charge 4
2022-03-11T11:18:50Z,100.0,Charge 4
2022-03-11T11:18:55Z,99.0,Charge 4
2022-03-11T11:19:10Z,99.0,Charge 4
2022-03-11T11:19:15Z,100.0,Charge 4
2022-03-11T11:19:20Z,101.0,Charge 4
2022-03-11T11:19:25Z,102.0,Charge 4
2022-03-11T11:19:30Z,103.0,Charge 4
2022-03-11T11:19:35Z,102.0,Charge 4
2022-03-11T11:19:40Z,103.0,Charge 4
2022-03-11T11:19:45Z,106.0,Charge 4
2022-03-11T11:19:50Z,108.0,Charge 4
2022-03-11T11:19:55Z,107.0,Charge 4
2022-03-11T11:20:00Z,105.0,Charge 4
2022-03-11T11:20:05Z,103.0,Charge 4
2022-03-11T11:20:10Z,100.0,Charge 4
2022-03-11T11:20:15Z,97.0,Charge 4
2022-03-11T11:20:20Z,95.0,Charge 4
2022-03-11T11:20:26Z,95.0,Charge 4
2022-03-11T11:20:31Z,96.0,Charge 4
2022-03-11T11:20:36Z,94.0,Charge 4
2022-03-11T11:20:41Z,91.0,Charge 4
2022-03-11T11:20:56Z,91.0,Charge 4
2022-03-11T11:21:01Z,90.0,Charge 4
2022-03-11T11:21:11Z,89.0,Charge 4
2022-03-11T11:21:26Z,89.0,Charge 4
2022-03-11T11:21:41Z,89.0,Charge 4
2022-03-11T11:21:51Z,91.0,Charge 4
2022-03-11T11:21:56Z,94.0,Charge 4
2022-03-11T11:22:01Z,95.0,Charge 4
2022-03-11T11:22:06Z,96.0,Charge 4
2022-03-11T11:22:11Z,97.0,Charge 4
2022-03-11T11:22:16Z,98.0,Charge 4
2022-03-11T11:22:21Z,99.0,Charge 4
2022-03-11T11:22:26Z,95.0,Charge 4
2022-03-11T11:22:31Z,93.0,Charge 4
2022-03-11T11:22:36Z,92.0,Charge 4
2022-03-11T11:22:41Z,91.0,Charge 4
2022-03-11T11:22:51Z,94.0,Charge 4
2022-03-11T11:22:56Z,93.0,Charge 4
2022-03-11T11:23:01Z,93.0,Charge 4
2022-03-11T11:23:06Z,91.0,Charge 4
2022-03-11T11:23:11Z,91.0,Charge 4
2022-03-11T11:23:21Z,92.0,Charge 4
2022-03-11T11:23:26Z,93.0,Charge 4
2022-03-11T11:23:31Z,94.0,Charge 4
2022-03-11T11:23:36Z,93.0,Charge 4
2022-03-11T11:23:46Z,94.0,Charge 4
2022-03-11T11:23:51Z,96.0,Charge 4
2022-03-11T11:24:01Z,94.0,Charge 4
2022-03-11T11:24:06Z,95.0,Charge 4
2022-03-11T11:24:11Z,96.0,Charge 4
2022-03-11T11:24:16Z,97.0,Charge 4
2022-03-11T11:24:21Z,95.0,Charge 4
2022-03-11T11:24:26Z,94.0,Charge 4
2022-03-11T11:24:31Z,95.0,Charge 4
2022-03-11T11:24:36Z,98.0,Charge 4
2022-03-11T11:24:41Z,99.0,Charge 4
2022-03-11T11:24:46Z,100.0,Charge 4
2022-03-11T11:25:01Z,99.0,Charge 4
2022-03-11T11:25:06Z,100.0,Charge 4
2022-03-11T11:25:11Z,104.0,Charge 4
2022-03-11T11:25:16Z,106.0,Charge 4
2022-03-11T11:25:26Z,107.0,Charge 4
2022-03-11T11:25:31Z,108.0,Charge 4
2022-03-11T11:25:36Z,110.0,Charge 4
2022-03-11T11:25:41Z,105.0,Charge 4
2022-03-11T11:25:46Z,100.0,Charge 4
2022-03-11T11:25:51Z,99.0,Charge 4
2022-03-11T11:25:56Z,98.0,Charge 4
2022-03-11T11:26:01Z,105.0,Charge 4
2022-03-11T11:26:06Z,106.0,Charge 4
2022-03-11T11:26:11Z,105.0,Charge 4
2022-03-11T11:26:16Z,107.0,Charge 4
2022-03-11T11:26:21Z,108.0,Charge 4
2022-03-11T11:26:26Z,108.0,Charge 4
2022-03-11T11:26:31Z,103.0,Charge 4
2022-03-11T11:26:36Z,104.0,Charge 4
2022-03-11T11:26:41Z,105.0,Charge 4
2022-03-11T11:26:46Z,104.0,Charge 4
2022-03-11T11:26:51Z,106.0,Charge 4
2022-03-11T11:26:56Z,109.0,Charge 4
2022-03-11T11:27:01Z,104.0,Charge 4
2022-03-11T11:27:06Z,98.0,Charge 4
2022-03-11T11:27:11Z,96.0,Charge 4
2022-03-11T11:27:21Z,98.0,Charge 4
2022-03-11T11:27:26Z,99.0,Charge 4
2022-03-11T11:27:31Z,97.0,Charge 4
2022-03-11T11:27:36Z,98.0,Charge 4
2022-03-11T11:27:41Z,101.0,Charge 4
2022-03-11T11:27:46Z,103.0,Charge 4
2022-03-11T11:27:51Z,105.0,Charge 4
2022-03-11T11:27:56Z,104.0,Charge 4
2022-03-11T11:28:01Z,106.0,Charge 4
2022-03-11T11:28:06Z,102.0,Charge 4
2022-03-11T11:28:11Z,101.0,Charge 4
2022-03-11T11:28:21Z,100.0,Charge 4
2022-03-11T11:28:26Z,98.0,Charge 4
2022-03-11T11:28:31Z,96.0,Charge 4
2022-03-11T11:28:36Z,96.0,Charge 4
2022-03-11T11:28:41Z,93.0,Charge 4
2022-03-11T11:28:51Z,92.0,Charge 4
2022-03-11T11:28:56Z,94.0,Charge 4
2022-03-11T11:29:01Z,97.0,Charge 4
2022-03-11T11:29:06Z,99.0,Charge 4
2022-03-11T11:29:11Z,100.0,Charge 4
2022-03-11T11:29:16Z,101.0,Charge 4
2022-03-11T11:29:21Z,99.0,Charge 4
2022-03-11T11:29:26Z,95.0,Charge 4
2022-03-11T11:29:31Z,93.0,Charge 4
2022-03-11T11:29:41Z,90.0,Charge 4
2022-03-11T11:29:46Z,89.0,Charge 4
2022-03-11T11:29:51Z,91.0,Charge 4
2022-03-11T11:29:56Z,89.0,Charge 4
2022-03-11T11:30:01Z,88.0,Charge 4
2022-03-11T11:30:11Z,90.0,Charge 4
2022-03-11T11:30:16Z,90.0,Charge 4
2022-03-11T11:30:21Z,93.0,Charge 4
2022-03-11T11:30:26Z,95.0,Charge 4
2022-03-11T11:30:31Z,95.0,Charge 4
2022-03-11T11:30:41Z,96.0,Charge 4
2022-03-11T11:30:46Z,97.0,Charge 4
2022-03-11T11:30:51Z,96.0,Charge 4
2022-03-11T11:31:06Z,95.0,Charge 4
2022-03-11T11:31:11Z,96.0,Charge 4
2022-03-11T11:31:16Z,95.0,Charge 4
2022-03-11T11:31:21Z,95.0,Charge 4
2022-03-11T11:31:26Z,96.0,Charge 4
2022-03-11T11:31:31Z,95.0,Charge 4
2022-03-11T11:31:41Z,93.0,Charge 4
2022-03-11T11:31:46Z,92.0,Charge 4
2022-03-11T11:31:51Z,92.0,Charge 4
2022-03-11T11:31:56Z,90.0,Charge 4
2022-03-11T11:32:06Z,90.0,Charge 4
2022-03-11T11:32:11Z,89.0,Charge 4
2022-03-11T11:32:26Z,88.0,Charge 4
2022-03-11T11:32:41Z,87.0,Charge 4
2022-03-11T11:32:56Z,87.0,Charge 4
2022-03-11T11:33:11Z,87.0,Charge 4
2022-03-11T11:33:26Z,87.0,Charge 4
2022-03-11T11:33:36Z,88.0,Charge 4
2022-03-11T11:33:46Z,90.0,Charge 4
2022-03-11T11:34:01Z,88.0,Charge 4
2022-03-11T11:34:06Z,87.0,Charge 4
2022-03-11T11:34:11Z,86.0,Charge 4
2022-03-11T11:34:21Z,85.0,Charge 4
2022-03-11T11:34:31Z,86.0,Charge 4
2022-03-11T11:34:36Z,87.0,Charge 4
2022-03-11T11:34:41Z,88.0,Charge 4
2022-03-11T11:34:51Z,86.0,Charge 4
2022-03-11T11:35:01Z,87.0,Charge 4
2022-03-11T11:35:06Z,87.0,Charge 4
2022-03-11T11:35:11Z,80.0,Charge 4
2022-03-11T11:35:16Z,79.0,Charge 4
2022-03-11T11:35:26Z,80.0,Charge 4
2022-03-11T11:35:31Z,81.0,Charge 4
2022-03-11T11:35:36Z,82.0,Charge 4
2022-03-11T11:35:46Z,83.0,Charge 4
2022-03-11T11:35:56Z,84.0,Charge 4
2022-03-11T11:36:06Z,85.0,Charge 4
2022-03-11T11:36:11Z,87.0,Charge 4
2022-03-11T11:36:16Z,88.0,Charge 4
2022-03-11T11:36:31Z,88.0,Charge 4
2022-03-11T11:36:46Z,89.0,Charge 4
2022-03-11T11:36:56Z,90.0,Charge 4
2022-03-11T11:37:01Z,89.0,Charge 4
2022-03-11T11:37:16Z,89.0,Charge 4
2022-03-11T11:37:21Z,86.0,Charge 4
2022-03-11T11:37:26Z,85.0,Charge 4
2022-03-11T11:37:31Z,86.0,Charge 4
2022-03-11T11:37:41Z,87.0,Charge 4
2022-03-11T11:37:51Z,88.0,Charge 4
2022-03-11T11:37:56Z,89.0,Charge 4
2022-03-11T11:38:11Z,89.0,Charge 4
2022-03-11T11:38:16Z,90.0,Charge 4
2022-03-11T11:38:31Z,90.0,Charge 4
2022-03-11T11:38:36Z,92.0,Charge 4
2022-03-11T11:38:41Z,93.0,Charge 4
2022-03-11T11:38:51Z,92.0,Charge 4
2022-03-11T11:38:57Z,92.0,Charge 4
2022-03-11T11:39:07Z,91.0,Charge 4
2022-03-11T11:39:17Z,91.0,Charge 4
2022-03-11T11:39:22Z,90.0,Charge 4
2022-03-11T11:39:27Z,89.0,Charge 4
2022-03-11T11:39:37Z,90.0,Charge 4
2022-03-11T11:39:42Z,88.0,Charge 4
2022-03-11T11:39:52Z,88.0,Charge 4
2022-03-11T11:39:57Z,86.0,Charge 4
2022-03-11T11:40:02Z,85.0,Charge 4
2022-03-11T11:40:12Z,84.0,Charge 4
2022-03-11T11:40:17Z,85.0,Charge 4
2022-03-11T11:40:22Z,84.0,Charge 4
2022-03-11T11:40:32Z,85.0,Charge 4
2022-03-11T11:40:37Z,86.0,Charge 4
2022-03-11T11:40:52Z,87.0,Charge 4
2022-03-11T11:40:57Z,88.0,Charge 4
2022-03-11T11:41:02Z,88.0,Charge 4
2022-03-11T11:41:07Z,90.0,Charge 4
2022-03-11T11:41:22Z,90.0,Charge 4
2022-03-11T11:41:32Z,90.0,Charge 4
2022-03-11T11:41:42Z,89.0,Charge 4
2022-03-11T11:41:52Z,90.0,Charge 4
2022-03-11T11:42:02Z,89.0,Charge 4
2022-03-11T11:42:17Z,91.0,Charge 4
2022-03-11T11:42:22Z,92.0,Charge 4
2022-03-11T11:42:37Z,92.0,Charge 4
2022-03-11T11:42:42Z,92.0,Charge 4
2022-03-11T11:42:47Z,91.0,Charge 4
2022-03-11T11:42:52Z,93.0,Charge 4
2022-03-11T11:42:57Z,94.0,Charge 4
2022-03-11T11:43:02Z,95.0,Charge 4
2022-03-11T11:43:07Z,93.0,Charge 4
2022-03-11T11:43:12Z,92.0,Charge 4
2022-03-11T11:43:17Z,93.0,Charge 4
2022-03-11T11:43:22Z,92.0,Charge 4
2022-03-11T11:43:27Z,91.0,Charge 4
2022-03-11T11:43:42Z,90.0,Charge 4
2022-03-11T11:43:47Z,91.0,Charge 4
2022-03-11T11:43:57Z,89.0,Charge 4
2022-03-11T11:44:02Z,88.0,Charge 4
2022-03-11T11:44:17Z,87.0,Charge 4
2022-03-11T11:44:22Z,87.0,Charge 4
2022-03-11T11:44:37Z,88.0,Charge 4
2022-03-11T11:44:42Z,89.0,Charge 4
2022-03-11T11:44:47Z,90.0,Charge 4
2022-03-11T11:45:02Z,91.0,Charge 4
2022-03-11T11:45:07Z,91.0,Charge 4
2022-03-11T11:45:12Z,92.0,Charge 4
2022-03-11T11:45:27Z,92.0,Charge 4
2022-03-11T11:45:32Z,94.0,Charge 4
2022-03-11T11:45:42Z,95.0,Charge 4
2022-03-11T11:45:47Z,94.0,Charge 4
2022-03-11T11:45:52Z,92.0,Charge 4
2022-03-11T11:45:57Z,90.0,Charge 4
2022-03-11T11:46:02Z,90.0,Charge 4
2022-03-11T11:46:17Z,90.0,Charge 4
2022-03-11T11:46:32Z,90.0,Charge 4
2022-03-11T11:46:47Z,90.0,Charge 4
2022-03-11T11:46:52Z,89.0,Charge 4
2022-03-11T11:46:57Z,88.0,Charge 4
2022-03-11T11:47:12Z,87.0,Charge 4
2022-03-11T11:47:27Z,87.0,Charge 4
2022-03-11T11:47:32Z,88.0,Charge 4
2022-03-11T11:47:47Z,89.0,Charge 4
2022-03-11T11:48:02Z,90.0,Charge 4
2022-03-11T11:48:12Z,91.0,Charge 4
2022-03-11T11:48:22Z,92.0,Charge 4
2022-03-11T11:48:27Z,92.0,Charge 4
2022-03-11T11:48:37Z,94.0,Charge 4
2022-03-11T11:48:42Z,95.0,Charge 4
2022-03-11T11:48:47Z,96.0,Charge 4
2022-03-11T11:48:52Z,95.0,Charge 4
2022-03-11T11:48:57Z,94.0,Charge 4
2022-03-11T11:49:02Z,97.0,Charge 4
2022-03-11T11:49:07Z,103.0,Charge 4
2022-03-11T11:49:12Z,103.0,Charge 4
2022-03-11T11:49:17Z,101.0,Charge 4
2022-03-11T11:49:22Z,100.0,Charge 4
2022-03-11T11:49:27Z,99.0,Charge 4
2022-03-11T11:49:42Z,99.0,Charge 4
2022-03-11T11:49:47Z,100.0,Charge 4
2022-03-11T11:49:52Z,101.0,Charge 4
2022-03-11T11:49:57Z,98.0,Charge 4
2022-03-11T11:50:02Z,94.0,Charge 4
2022-03-11T11:50:12Z,95.0,Charge 4
2022-03-11T11:50:17Z,99.0,Charge 4
2022-03-11T11:50:22Z,100.0,Charge 4
2022-03-11T11:50:27Z,98.0,Charge 4
2022-03-11T11:50:37Z,97.0,Charge 4
2022-03-11T11:50:42Z,98.0,Charge 4
2022-03-11T11:50:47Z,99.0,Charge 4
2022-03-11T11:50:52Z,101.0,Charge 4
2022-03-11T11:50:57Z,100.0,Charge 4
2022-03-11T11:51:02Z,101.0,Charge 4
2022-03-11T11:51:07Z,103.0,Charge 4
2022-03-11T11:51:12Z,102.0,Charge 4
2022-03-11T11:51:22Z,105.0,Charge 4
2022-03-11T11:51:27Z,106.0,Charge 4
2022-03-11T11:51:32Z,107.0,Charge 4
2022-03-11T11:51:37Z,111.0,Charge 4
2022-03-11T11:51:42Z,112.0,Charge 4
2022-03-11T11:51:47Z,112.0,Charge 4
2022-03-11T11:51:52Z,112.0,Charge 4
2022-03-11T11:51:57Z,111.0,Charge 4
2022-03-11T11:52:02Z,110.0,Charge 4
2022-03-11T11:52:07Z,110.0,Charge 4
2022-03-11T11:52:17Z,111.0,Charge 4
2022-03-11T11:52:22Z,112.0,Charge 4
2022-03-11T11:52:27Z,115.0,Charge 4
2022-03-11T11:52:32Z,117.0,Charge 4
2022-03-11T11:52:42Z,114.0,Charge 4
2022-03-11T11:52:47Z,111.0,Charge 4
2022-03-11T11:52:52Z,108.0,Charge 4
2022-03-11T11:52:57Z,109.0,Charge 4
2022-03-11T11:53:07Z,110.0,Charge 4
2022-03-11T11:53:12Z,112.0,Charge 4
2022-03-11T11:53:17Z,114.0,Charge 4
2022-03-11T11:53:22Z,115.0,Charge 4
2022-03-11T11:53:27Z,114.0,Charge 4
2022-03-11T11:53:32Z,112.0,Charge 4
2022-03-11T11:53:37Z,111.0,Charge 4
2022-03-11T11:53:42Z,109.0,Charge 4
2022-03-11T11:53:47Z,107.0,Charge 4
2022-03-11T11:53:52Z,102.0,Charge 4
2022-03-11T11:53:57Z,103.0,Charge 4
2022-03-11T11:54:02Z,102.0,Charge 4
2022-03-11T11:54:07Z,102.0,Charge 4
2022-03-11T11:54:22Z,102.0,Charge 4
2022-03-11T11:54:27Z,101.0,Charge 4
2022-03-11T11:54:37Z,104.0,Charge 4
2022-03-11T11:54:42Z,107.0,Charge 4
2022-03-11T11:54:47Z,106.0,Charge 4
2022-03-11T11:55:02Z,106.0,Charge 4
2022-03-11T11:55:08Z,103.0,Charge 4
2022-03-11T11:55:13Z,105.0,Charge 4
2022-03-11T11:55:18Z,104.0,Charge 4
2022-03-11T11:55:23Z,103.0,Charge 4
2022-03-11T11:55:28Z,97.0,Charge 4
2022-03-11T11:55:33Z,99.0,Charge 4
2022-03-11T11:55:38Z,100.0,Charge 4
2022-03-11T11:55:48Z,97.0,Charge 4
2022-03-11T11:55:58Z,98.0,Charge 4
2022-03-11T11:56:03Z,99.0,Charge 4
2022-03-11T11:56:13Z,101.0,Charge 4
2022-03-11T11:56:23Z,98.0,Charge 4
2022-03-11T11:56:28Z,90.0,Charge 4
2022-03-11T11:56:43Z,90.0,Charge 4
2022-03-11T11:56:48Z,91.0,Charge 4
2022-03-11T11:56:53Z,92.0,Charge 4
2022-03-11T11:56:58Z,95.0,Charge 4
2022-03-11T11:57:08Z,94.0,Charge 4
2022-03-11T11:57:18Z,95.0,Charge 4
2022-03-11T11:57:33Z,95.0,Charge 4
2022-03-11T11:57:43Z,94.0,Charge 4
2022-03-11T11:57:48Z,95.0,Charge 4
2022-03-11T11:58:03Z,96.0,Charge 4
2022-03-11T11:58:13Z,97.0,Charge 4
2022-03-11T11:58:18Z,97.0,Charge 4
2022-03-11T11:58:23Z,96.0,Charge 4
2022-03-11T11:58:28Z,95.0,Charge 4
2022-03-11T11:58:33Z,95.0,Charge 4
2022-03-11T11:58:48Z,95.0,Charge 4
2022-03-11T11:58:53Z,96.0,Charge 4
2022-03-11T11:58:58Z,96.0,Charge 4
2022-03-11T11:59:08Z,96.0,Charge 4
2022-03-11T11:59:13Z,95.0,Charge 4
2022-03-11T11:59:28Z,96.0,Charge 4
2022-03-11T11:59:38Z,95.0,Charge 4
2022-03-11T11:59:48Z,94.0,Charge 4
2022-03-11T11:59:53Z,93.0,Charge 4
2022-03-11T11:59:58Z,92.0,Charge 4
2022-03-11T12:00:08Z,91.0,Charge 4
2022-03-11T12:00:13Z,89.0,Charge 4
2022-03-11T12:00:23Z,90.0,Charge 4
2022-03-11T12:00:38Z,90.0,Charge 4
2022-03-11T12:00:43Z,92.0,Charge 4
2022-03-11T12:00:48Z,93.0,Charge 4
2022-03-11T12:00:53Z,92.0,Charge 4
2022-03-11T12:01:08Z,92.0,Charge 4
2022-03-11T12:01:18Z,93.0,Charge 4
2022-03-11T12:01:23Z,94.0,Charge 4
2022-03-11T12:01:28Z,93.0,Charge 4
2022-03-11T12:01:43Z,94.0,Charge 4
2022-03-11T12:01:48Z,95.0,Charge 4
2022-03-11T12:01:53Z,96.0,Charge 4
2022-03-11T12:01:58Z,91.0,Charge 4
2022-03-11T12:02:03Z,86.0,Charge 4
2022-03-11T12:02:08Z,86.0,Charge 4
2022-03-11T12:02:13Z,87.0,Charge 4
2022-03-11T12:02:18Z,88.0,Charge 4
2022-03-11T12:02:33Z,88.0,Charge 4
2022-03-11T12:02:43Z,89.0,Charge 4
2022-03-11T12:02:48Z,90.0,Charge 4
2022-03-11T12:02:53Z,93.0,Charge 4
2022-03-11T12:03:08Z,95.0,Charge 4
2022-03-11T12:03:18Z,96.0,Charge 4
2022-03-11T12:03:23Z,94.0,Charge 4
2022-03-11T12:03:33Z,102.0,Charge 4
2022-03-11T12:03:38Z,108.0,Charge 4
2022-03-11T12:03:43Z,109.0,Charge 4
2022-03-11T12:03:53Z,107.0,Charge 4
2022-03-11T12:03:58Z,103.0,Charge 4
2022-03-11T12:04:03Z,96.0,Charge 4
2022-03-11T12:04:08Z,95.0,Charge 4
2022-03-11T12:04:23Z,94.0,Charge 4
2022-03-11T12:04:28Z,93.0,Charge 4
2022-03-11T12:04:43Z,93.0,Charge 4
2022-03-11T12:04:58Z,93.0,Charge 4
2022-03-11T12:05:03Z,93.0,Charge 4
2022-03-11T12:05:13Z,92.0,Charge 4
2022-03-11T12:05:23Z,93.0,Charge 4
2022-03-11T12:05:28Z,94.0,Charge 4
2022-03-11T12:05:33Z,95.0,Charge 4
2022-03-11T12:05:38Z,95.0,Charge 4
2022-03-11T12:05:53Z,95.0,Charge 4
2022-03-11T12:06:03Z,94.0,Charge 4
2022-03-11T12:06:08Z,96.0,Charge 4
2022-03-11T12:06:13Z,100.0,Charge 4
2022-03-11T12:06:18Z,99.0,Charge 4
2022-03-11T12:06:23Z,100.0,Charge 4
2022-03-11T12:06:28Z,102.0,Charge 4
2022-03-11T12:06:33Z,104.0,Charge 4
2022-03-11T12:06:38Z,103.0,Charge 4
2022-03-11T12:06:43Z,106.0,Charge 4
2022-03-11T12:06:53Z,106.0,Charge 4
2022-03-11T12:07:03Z,106.0,Charge 4
2022-03-11T12:07:13Z,104.0,Charge 4
2022-03-11T12:07:18Z,103.0,Charge 4
2022-03-11T12:07:23Z,102.0,Charge 4
2022-03-11T12:07:28Z,101.0,Charge 4
2022-03-11T12:07:33Z,98.0,Charge 4
2022-03-11T12:07:43Z,98.0,Charge 4
2022-03-11T12:07:48Z,96.0,Charge 4
2022-03-11T12:07:53Z,94.0,Charge 4
2022-03-11T12:08:08Z,98.0,Charge 4
2022-03-11T12:08:23Z,98.0,Charge 4
2022-03-11T12:08:38Z,98.0,Charge 4
2022-03-11T12:08:48Z,100.0,Charge 4
2022-03-11T12:08:53Z,102.0,Charge 4
2022-03-11T12:09:03Z,101.0,Charge 4
2022-03-11T12:09:08Z,102.0,Charge 4
2022-03-11T12:09:23Z,102.0,Charge 4
2022-03-11T12:09:28Z,103.0,Charge 4
2022-03-11T12:09:33Z,106.0,Charge 4
2022-03-11T12:09:43Z,107.0,Charge 4
2022-03-11T12:09:48Z,108.0,Charge 4
2022-03-11T12:09:53Z,105.0,Charge 4
2022-03-11T12:09:58Z,98.0,Charge 4
2022-03-11T12:10:03Z,97.0,Charge 4
2022-03-11T12:10:08Z,100.0,Charge 4
2022-03-11T12:10:13Z,103.0,Charge 4
2022-03-11T12:10:18Z,101.0,Charge 4
2022-03-11T12:10:23Z,100.0,Charge 4
2022-03-11T12:10:33Z,99.0,Charge 4
2022-03-11T12:10:38Z,102.0,Charge 4
2022-03-11T12:10:43Z,104.0,Charge 4
2022-03-11T12:10:48Z,106.0,Charge 4
2022-03-11T12:10:53Z,107.0,Charge 4
2022-03-11T12:10:58Z,110.0,Charge 4
2022-03-11T12:11:03Z,112.0,Charge 4
2022-03-11T12:11:08Z,110.0,Charge 4
2022-03-11T12:11:13Z,111.0,Charge 4
2022-03-11T12:11:18Z,109.0,Charge 4
2022-03-11T12:11:23Z,106.0,Charge 4
2022-03-11T12:11:33Z,108.0,Charge 4
2022-03-11T12:11:43Z,112.0,Charge 4
2022-03-11T12:11:48Z,115.0,Charge 4
2022-03-11T12:11:54Z,116.0,Charge 4
2022-03-11T12:12:04Z,115.0,Charge 4
2022-03-11T12:12:09Z,114.0,Charge 4
2022-03-11T12:12:14Z,113.0,Charge 4
2022-03-11T12:12:19Z,109.0,Charge 4
2022-03-11T12:12:24Z,112.0,Charge 4
2022-03-11T12:12:29Z,119.0,Charge 4
2022-03-11T12:12:34Z,116.0,Charge 4
2022-03-11T12:12:39Z,115.0,Charge 4
2022-03-11T12:12:44Z,120.0,Charge 4
2022-03-11T12:12:49Z,122.0,Charge 4
2022-03-11T12:12:54Z,121.0,Charge 4
2022-03-11T12:12:59Z,118.0,Charge 4
2022-03-11T12:13:04Z,114.0,Charge 4
2022-03-11T12:13:09Z,117.0,Charge 4
2022-03-11T12:13:19Z,115.0,Charge 4
2022-03-11T12:13:24Z,116.0,Charge 4
2022-03-11T12:13:29Z,115.0,Charge 4
2022-03-11T12:13:34Z,116.0,Charge 4
2022-03-11T12:13:39Z,117.0,Charge 4
2022-03-11T12:13:44Z,119.0,Charge 4
2022-03-11T12:13:54Z,118.0,Charge 4
2022-03-11T12:14:09Z,120.0,Charge 4
2022-03-11T12:14:14Z,118.0,Charge 4
2022-03-11T12:14:19Z,116.0,Charge 4
2022-03-11T12:14:29Z,117.0,Charge 4
2022-03-11T12:14:34Z,118.0,Charge 4
2022-03-11T12:14:39Z,118.0,Charge 4
2022-03-11T12:14:44Z,119.0,Charge 4
2022-03-11T12:14:49Z,123.0,Charge 4
2022-03-11T12:14:54Z,122.0,Charge 4
2022-03-11T12:14:59Z,115.0,Charge 4
2022-03-11T12:15:04Z,106.0,Charge 4
2022-03-11T12:15:09Z,103.0,Charge 4
2022-03-11T12:15:19Z,104.0,Charge 4
2022-03-11T12:15:24Z,109.0,Charge 4
2022-03-11T12:15:29Z,114.0,Charge 4
2022-03-11T12:15:39Z,115.0,Charge 4
2022-03-11T12:15:54Z,115.0,Charge 4
2022-03-11T12:16:09Z,115.0,Charge 4
2022-03-11T12:16:14Z,113.0,Charge 4
2022-03-11T12:16:19Z,110.0,Charge 4
2022-03-11T12:16:29Z,111.0,Charge 4
2022-03-11T12:16:34Z,113.0,Charge 4
2022-03-11T12:16:39Z,113.0,Charge 4
2022-03-11T12:16:44Z,114.0,Charge 4
2022-03-11T12:16:49Z,113.0,Charge 4
2022-03-11T12:16:54Z,107.0,Charge 4
2022-03-11T12:16:59Z,103.0,Charge 4
2022-03-11T12:17:04Z,102.0,Charge 4
2022-03-11T12:17:09Z,101.0,Charge 4
2022-03-11T12:17:14Z,100.0,Charge 4
2022-03-11T12:17:24Z,98.0,Charge 4
2022-03-11T12:17:29Z,96.0,Charge 4
2022-03-11T12:17:34Z,95.0,Charge 4
2022-03-11T12:17:39Z,95.0,Charge 4
2022-03-11T12:17:49Z,94.0,Charge 4
2022-03-11T12:17:54Z,94.0,Charge 4
2022-03-11T12:17:59Z,93.0,Charge 4
2022-03-11T12:18:09Z,92.0,Charge 4
2022-03-11T12:18:14Z,89.0,Charge 4
2022-03-11T12:18:29Z,89.0,Charge 4
2022-03-11T12:18:34Z,88.0,Charge 4
2022-03-11T12:18:39Z,89.0,Charge 4
2022-03-11T12:18:49Z,88.0,Charge 4
2022-03-11T12:19:04Z,87.0,Charge 4
2022-03-11T12:19:19Z,87.0,Charge 4
2022-03-11T12:19:34Z,87.0,Charge 4
2022-03-11T12:19:44Z,88.0,Charge 4
2022-03-11T12:19:59Z,88.0,Charge 4
2022-03-11T12:20:09Z,87.0,Charge 4
2022-03-11T12:20:14Z,88.0,Charge 4
2022-03-11T12:20:29Z,87.0,Charge 4
2022-03-11T12:20:39Z,88.0,Charge 4
2022-03-11T12:20:54Z,88.0,Charge 4
2022-03-11T12:20:59Z,88.0,Charge 4
2022-03-11T12:21:09Z,87.0,Charge 4
2022-03-11T12:21:24Z,87.0,Charge 4
2022-03-11T12:21:29Z,86.0,Charge 4
2022-03-11T12:21:44Z,86.0,Charge 4
2022-03-11T12:21:49Z,86.0,Charge 4
2022-03-11T12:21:54Z,87.0,Charge 4
2022-03-11T12:21:59Z,88.0,Charge 4
2022-03-11T12:22:14Z,88.0,Charge 4
2022-03-11T12:22:29Z,87.0,Charge 4
2022-03-11T12:22:44Z,87.0,Charge 4
2022-03-11T12:22:49Z,86.0,Charge 4
2022-03-11T12:23:04Z,86.0,Charge 4
2022-03-11T12:23:19Z,86.0,Charge 4
2022-03-11T12:23:34Z,86.0,Charge 4
2022-03-11T12:23:39Z,87.0,Charge 4
2022-03-11T12:23:54Z,87.0,Charge 4
2022-03-11T12:24:09Z,87.0,Charge 4
2022-03-11T12:24:19Z,92.0,Charge 4
2022-03-11T12:24:24Z,95.0,Charge 4
2022-03-11T12:24:29Z,93.0,Charge 4
2022-03-11T12:24:34Z,92.0,Charge 4
2022-03-11T12:24:39Z,91.0,Charge 4
2022-03-11T12:24:44Z,92.0,Charge 4
2022-03-11T12:24:54Z,91.0,Charge 4
2022-03-11T12:24:59Z,90.0,Charge 4
2022-03-11T12:25:04Z,88.0,Charge 4
2022-03-11T12:25:09Z,88.0,Charge 4
2022-03-11T12:25:24Z,88.0,Charge 4
2022-03-11T12:25:39Z,88.0,Charge 4
2022-03-11T12:25:54Z,88.0,Charge 4
2022-03-11T12:25:59Z,89.0,Charge 4
2022-03-11T12:26:04Z,90.0,Charge 4
2022-03-11T12:26:09Z,89.0,Charge 4
2022-03-11T12:26:14Z,89.0,Charge 4
2022-03-11T12:26:24Z,88.0,Charge 4
2022-03-11T12:26:34Z,88.0,Charge 4
2022-03-11T12:26:44Z,88.0,Charge 4
2022-03-11T12:26:54Z,90.0,Charge 4
2022-03-11T12:26:59Z,91.0,Charge 4
2022-03-11T12:27:09Z,90.0,Charge 4
2022-03-11T12:27:14Z,91.0,Charge 4
2022-03-11T12:27:29Z,89.0,Charge 4
2022-03-11T12:27:44Z,91.0,Charge 4
2022-03-11T12:27:49Z,92.0,Charge 4
2022-03-11T12:27:54Z,93.0,Charge 4
2022-03-11T12:28:09Z,93.0,Charge 4
2022-03-11T12:28:19Z,95.0,Charge 4
2022-03-11T12:28:24Z,94.0,Charge 4
2022-03-11T12:28:34Z,93.0,Charge 4
2022-03-11T12:28:49Z,93.0,Charge 4
2022-03-11T12:28:59Z,94.0,Charge 4
2022-03-11T12:29:09Z,95.0,Charge 4
2022-03-11T12:29:24Z,95.0,Charge 4
2022-03-11T12:30:10Z,92.0,Charge 4
2022-03-11T12:30:25Z,92.0,Charge 4
2022-03-11T12:30:35Z,91.0,Charge 4
2022-03-11T12:30:40Z,92.0,Charge 4
2022-03-11T12:30:45Z,93.0,Charge 4
2022-03-11T12:30:55Z,92.0,Charge 4
2022-03-11T12:31:00Z,91.0,Charge 4
2022-03-11T12:31:15Z,92.0,Charge 4
2022-03-11T12:31:20Z,91.0,Charge 4
2022-03-11T12:31:30Z,90.0,Charge 4
2022-03-11T12:31:45Z,91.0,Charge 4
2022-03-11T12:32:00Z,91.0,Charge 4
2022-03-11T12:32:05Z,90.0,Charge 4
2022-03-11T12:32:20Z,90.0,Charge 4
2022-03-11T12:32:35Z,90.0,Charge 4
2022-03-11T12:32:45Z,91.0,Charge 4
2022-03-11T12:32:55Z,92.0,Charge 4
2022-03-11T12:33:00Z,93.0,Charge 4
2022-03-11T12:33:05Z,94.0,Charge 4
2022-03-11T12:33:10Z,95.0,Charge 4
2022-03-11T12:33:25Z,94.0,Charge 4
2022-03-11T12:33:35Z,93.0,Charge 4
2022-03-11T12:33:45Z,93.0,Charge 4
2022-03-11T12:33:50Z,94.0,Charge 4
2022-03-11T12:33:55Z,97.0,Charge 4
2022-03-11T12:34:05Z,96.0,Charge 4
2022-03-11T12:34:15Z,96.0,Charge 4
2022-03-11T12:34:20Z,95.0,Charge 4
2022-03-11T12:34:35Z,95.0,Charge 4
2022-03-11T12:34:40Z,94.0,Charge 4
2022-03-11T12:34:45Z,93.0,Charge 4
2022-03-11T12:34:50Z,90.0,Charge 4
2022-03-11T12:34:55Z,89.0,Charge 4
2022-03-11T12:35:05Z,89.0,Charge 4
2022-03-11T12:35:10Z,89.0,Charge 4
2022-03-11T12:35:25Z,89.0,Charge 4
2022-03-11T12:35:30Z,88.0,Charge 4
2022-03-11T12:35:35Z,89.0,Charge 4
2022-03-11T12:35:40Z,89.0,Charge 4
2022-03-11T12:35:55Z,88.0,Charge 4
2022-03-11T12:36:10Z,88.0,Charge 4
2022-03-11T12:36:15Z,87.0,Charge 4
2022-03-11T12:36:20Z,86.0,Charge 4
2022-03-11T12:36:30Z,87.0,Charge 4
2022-03-11T12:36:45Z,88.0,Charge 4
2022-03-11T12:36:55Z,87.0,Charge 4
2022-03-11T12:37:10Z,88.0,Charge 4
2022-03-11T12:37:25Z,88.0,Charge 4
2022-03-11T12:37:40Z,88.0,Charge 4
2022-03-11T12:37:55Z,88.0,Charge 4
2022-03-11T12:38:00Z,87.0,Charge 4
2022-03-11T12:38:05Z,86.0,Charge 4
2022-03-11T12:38:15Z,86.0,Charge 4
2022-03-11T12:38:20Z,87.0,Charge 4
2022-03-11T12:38:25Z,87.0,Charge 4
2022-03-11T12:38:30Z,87.0,Charge 4
2022-03-11T12:38:40Z,87.0,Charge 4
2022-03-11T12:38:55Z,86.0,Charge 4
2022-03-11T12:39:05Z,86.0,Charge 4
2022-03-11T12:39:10Z,87.0,Charge 4
2022-03-11T12:39:25Z,87.0,Charge 4
2022-03-11T12:39:40Z,87.0,Charge 4
2022-03-11T12:39:45Z,89.0,Charge 4
2022-03-11T12:39:55Z,88.0,Charge 4
2022-03-11T12:40:00Z,86.0,Charge 4
2022-03-11T12:40:15Z,87.0,Charge 4
2022-03-11T12:40:25Z,88.0,Charge 4
2022-03-11T12:40:30Z,87.0,Charge 4
2022-03-11T12:40:45Z,87.0,Charge 4
2022-03-11T12:40:55Z,86.0,Charge 4
2022-03-11T12:41:05Z,87.0,Charge 4
2022-03-11T12:41:10Z,90.0,Charge 4
2022-03-11T12:41:15Z,91.0,Charge 4
2022-03-11T12:41:25Z,90.0,Charge 4
2022-03-11T12:41:35Z,89.0,Charge 4
2022-03-11T12:41:40Z,87.0,Charge 4
2022-03-11T12:41:45Z,86.0,Charge 4
2022-03-11T12:41:50Z,85.0,Charge 4
2022-03-11T12:42:00Z,84.0,Charge 4
2022-03-11T12:42:05Z,83.0,Charge 4
2022-03-11T12:42:10Z,81.0,Charge 4
2022-03-11T12:42:15Z,80.0,Charge 4
2022-03-11T12:42:20Z,79.0,Charge 4
2022-03-11T12:42:25Z,80.0,Charge 4
2022-03-11T12:42:30Z,82.0,Charge 4
2022-03-11T12:42:35Z,84.0,Charge 4
2022-03-11T12:42:40Z,85.0,Charge 4
2022-03-11T12:42:55Z,85.0,Charge 4
2022-03-11T12:43:00Z,86.0,Charge 4
2022-03-11T12:43:05Z,87.0,Charge 4
2022-03-11T12:43:10Z,88.0,Charge 4
2022-03-11T12:43:15Z,89.0,Charge 4
2022-03-11T12:43:20Z,90.0,Charge 4
2022-03-11T12:43:30Z,89.0,Charge 4
2022-03-11T12:43:35Z,89.0,Charge 4
2022-03-11T12:43:40Z,88.0,Charge 4
2022-03-11T12:43:55Z,88.0,Charge 4
2022-03-11T12:44:10Z,89.0,Charge 4
2022-03-11T12:44:20Z,88.0,Charge 4
2022-03-11T12:44:25Z,87.0,Charge 4
2022-03-11T12:44:30Z,84.0,Charge 4
2022-03-11T12:44:35Z,83.0,Charge 4
2022-03-11T12:44:45Z,83.0,Charge 4
2022-03-11T12:44:55Z,82.0,Charge 4
2022-03-11T12:45:00Z,81.0,Charge 4
2022-03-11T12:45:05Z,82.0,Charge 4
2022-03-11T12:45:10Z,83.0,Charge 4
2022-03-11T12:45:25Z,83.0,Charge 4
2022-03-11T12:45:30Z,84.0,Charge 4
2022-03-11T12:45:45Z,84.0,Charge 4
2022-03-11T12:46:00Z,84.0,Charge 4
2022-03-11T12:46:15Z,84.0,Charge 4
2022-03-11T12:46:25Z,83.0,Charge 4
2022-03-11T12:46:30Z,82.0,Charge 4
2022-03-11T12:46:45Z,82.0,Charge 4
2022-03-11T12:49:11Z,87.0,Charge 4
2022-03-11T12:49:16Z,86.0,Charge 4
2022-03-11T12:49:21Z,85.0,Charge 4
2022-03-11T12:49:31Z,87.0,Charge 4
2022-03-11T12:49:36Z,88.0,Charge 4
2022-03-11T12:49:41Z,89.0,Charge 4
2022-03-11T12:49:46Z,91.0,Charge 4
2022-03-11T12:49:51Z,91.0,Charge 4
2022-03-11T12:50:01Z,92.0,Charge 4
2022-03-11T12:50:16Z,92.0,Charge 4
2022-03-11T12:50:21Z,93.0,Charge 4
2022-03-11T12:50:26Z,94.0,Charge 4
2022-03-11T12:50:36Z,93.0,Charge 4
2022-03-11T12:50:51Z,93.0,Charge 4
2022-03-11T12:51:01Z,93.0,Charge 4
2022-03-11T12:51:06Z,92.0,Charge 4
2022-03-11T12:51:11Z,90.0,Charge 4
2022-03-11T12:51:16Z,90.0,Charge 4
2022-03-11T12:51:21Z,89.0,Charge 4
2022-03-11T12:51:36Z,89.0,Charge 4
2022-03-11T12:51:51Z,90.0,Charge 4
2022-03-11T12:52:06Z,90.0,Charge 4
2022-03-11T12:52:11Z,91.0,Charge 4
2022-03-11T12:52:16Z,92.0,Charge 4
2022-03-11T12:52:21Z,93.0,Charge 4
2022-03-11T12:52:26Z,94.0,Charge 4
2022-03-11T12:52:31Z,95.0,Charge 4
2022-03-11T12:52:36Z,93.0,Charge 4
2022-03-11T12:52:51Z,93.0,Charge 4
2022-03-11T12:53:01Z,90.0,Charge 4
2022-03-11T12:53:16Z,90.0,Charge 4
2022-03-11T12:53:26Z,92.0,Charge 4
2022-03-11T12:53:36Z,91.0,Charge 4
2022-03-11T12:53:41Z,90.0,Charge 4
2022-03-11T12:53:46Z,90.0,Charge 4
2022-03-11T12:53:56Z,91.0,Charge 4
2022-03-11T12:54:01Z,91.0,Charge 4
2022-03-11T12:54:06Z,93.0,Charge 4
2022-03-11T12:54:11Z,94.0,Charge 4
2022-03-11T12:54:16Z,93.0,Charge 4
2022-03-11T12:54:21Z,92.0,Charge 4
2022-03-11T12:54:36Z,92.0,Charge 4
2022-03-11T12:54:41Z,91.0,Charge 4
2022-03-11T12:54:46Z,91.0,Charge 4
2022-03-11T12:54:51Z,90.0,Charge 4
2022-03-11T12:54:56Z,89.0,Charge 4
2022-03-11T12:55:11Z,89.0,Charge 4
2022-03-11T12:55:26Z,88.0,Charge 4
2022-03-11T12:55:31Z,89.0,Charge 4
2022-03-11T12:55:46Z,89.0,Charge 4
2022-03-11T12:55:51Z,90.0,Charge 4
2022-03-11T12:56:06Z,89.0,Charge 4
2022-03-11T12:56:11Z,88.0,Charge 4
2022-03-11T12:56:16Z,87.0,Charge 4
2022-03-11T12:56:21Z,87.0,Charge 4
2022-03-11T12:56:26Z,87.0,Charge 4
2022-03-11T12:56:31Z,89.0,Charge 4
2022-03-11T12:56:36Z,91.0,Charge 4
2022-03-11T12:56:41Z,92.0,Charge 4
2022-03-11T12:56:46Z,91.0,Charge 4
2022-03-11T12:56:51Z,87.0,Charge 4
2022-03-11T12:56:56Z,88.0,Charge 4
2022-03-11T12:57:01Z,90.0,Charge 4
2022-03-11T12:57:16Z,90.0,Charge 4
2022-03-11T12:57:31Z,90.0,Charge 4
2022-03-11T12:57:46Z,90.0,Charge 4
2022-03-11T12:58:01Z,90.0,Charge 4
2022-03-11T12:58:16Z,90.0,Charge 4
2022-03-11T12:58:21Z,89.0,Charge 4
2022-03-11T12:58:26Z,88.0,Charge 4
2022-03-11T12:58:31Z,89.0,Charge 4
2022-03-11T12:58:41Z,88.0,Charge 4
2022-03-11T12:58:51Z,89.0,Charge 4
2022-03-11T12:59:06Z,89.0,Charge 4
2022-03-11T12:59:11Z,89.0,Charge 4
2022-03-11T12:59:16Z,90.0,Charge 4
2022-03-11T12:59:21Z,90.0,Charge 4
2022-03-11T12:59:31Z,89.0,Charge 4
2022-03-11T12:59:46Z,89.0,Charge 4
2022-03-11T12:59:56Z,88.0,Charge 4
2022-03-11T13:00:01Z,87.0,Charge 4
2022-03-11T13:00:06Z,87.0,Charge 4
2022-03-11T13:00:11Z,88.0,Charge 4
2022-03-11T13:00:16Z,89.0,Charge 4
2022-03-11T13:00:26Z,89.0,Charge 4
2022-03-11T13:00:36Z,90.0,Charge 4
2022-03-11T13:00:41Z,89.0,Charge 4
2022-03-11T13:00:51Z,88.0,Charge 4
2022-03-11T13:00:56Z,88.0,Charge 4
2022-03-11T13:01:01Z,89.0,Charge 4
2022-03-11T13:01:11Z,89.0,Charge 4
2022-03-11T13:01:16Z,90.0,Charge 4
2022-03-11T13:01:21Z,91.0,Charge 4
2022-03-11T13:01:31Z,91.0,Charge 4
2022-03-11T13:01:46Z,91.0,Charge 4
2022-03-11T13:01:56Z,92.0,Charge 4
2022-03-11T13:02:01Z,90.0,Charge 4
2022-03-11T13:02:16Z,90.0,Charge 4
2022-03-11T13:02:26Z,88.0,Charge 4
2022-03-11T13:02:31Z,88.0,Charge 4
2022-03-11T13:02:46Z,88.0,Charge 4
2022-03-11T13:02:51Z,89.0,Charge 4
2022-03-11T13:03:06Z,89.0,Charge 4
2022-03-11T13:03:16Z,91.0,Charge 4
2022-03-11T13:03:21Z,92.0,Charge 4
2022-03-11T13:03:26Z,93.0,Charge 4
2022-03-11T13:03:36Z,91.0,Charge 4
2022-03-11T13:03:42Z,87.0,Charge 4
2022-03-11T13:03:47Z,84.0,Charge 4
2022-03-11T13:03:52Z,84.0,Charge 4
2022-03-11T13:04:02Z,86.0,Charge 4
2022-03-11T13:04:12Z,88.0,Charge 4
2022-03-11T13:04:22Z,87.0,Charge 4
2022-03-11T13:04:37Z,87.0,Charge 4
2022-03-11T13:04:47Z,87.0,Charge 4
2022-03-11T13:04:52Z,88.0,Charge 4
2022-03-11T13:04:57Z,88.0,Charge 4
2022-03-11T13:05:12Z,90.0,Charge 4
2022-03-11T13:05:27Z,90.0,Charge 4
2022-03-11T13:05:42Z,92.0,Charge 4
2022-03-11T13:05:47Z,93.0,Charge 4
2022-03-11T13:06:02Z,93.0,Charge 4
2022-03-11T13:06:12Z,92.0,Charge 4
2022-03-11T13:06:17Z,90.0,Charge 4
2022-03-11T13:06:22Z,89.0,Charge 4
2022-03-11T13:06:27Z,88.0,Charge 4
2022-03-11T13:06:37Z,88.0,Charge 4
2022-03-11T13:06:42Z,88.0,Charge 4
2022-03-11T13:06:57Z,88.0,Charge 4
2022-03-11T13:07:02Z,89.0,Charge 4
2022-03-11T13:07:07Z,90.0,Charge 4
2022-03-11T13:07:17Z,89.0,Charge 4
2022-03-11T13:07:22Z,88.0,Charge 4
2022-03-11T13:07:27Z,89.0,Charge 4
2022-03-11T13:07:32Z,89.0,Charge 4
2022-03-11T13:07:47Z,89.0,Charge 4
2022-03-11T13:07:57Z,89.0,Charge 4
2022-03-11T13:08:07Z,89.0,Charge 4
2022-03-11T13:08:17Z,88.0,Charge 4
2022-03-11T13:08:32Z,88.0,Charge 4
2022-03-11T13:08:47Z,88.0,Charge 4
2022-03-11T13:08:57Z,88.0,Charge 4
2022-03-11T13:09:02Z,88.0,Charge 4
2022-03-11T13:09:17Z,88.0,Charge 4
2022-03-11T13:09:27Z,89.0,Charge 4
2022-03-11T13:09:42Z,89.0,Charge 4
2022-03-11T13:09:57Z,89.0,Charge 4
2022-03-11T13:10:07Z,90.0,Charge 4
2022-03-11T13:10:22Z,90.0,Charge 4
2022-03-11T13:10:32Z,89.0,Charge 4
2022-03-11T13:10:47Z,89.0,Charge 4
2022-03-11T13:10:57Z,88.0,Charge 4
2022-03-11T13:11:12Z,88.0,Charge 4
2022-03-11T13:11:22Z,88.0,Charge 4
2022-03-11T13:11:37Z,89.0,Charge 4
2022-03-11T13:11:47Z,89.0,Charge 4
2022-03-11T13:12:02Z,89.0,Charge 4
2022-03-11T13:12:12Z,87.0,Charge 4
2022-03-11T13:12:27Z,88.0,Charge 4
2022-03-11T13:12:32Z,88.0,Charge 4
2022-03-11T13:12:47Z,88.0,Charge 4
2022-03-11T13:12:52Z,88.0,Charge 4
2022-03-11T13:12:57Z,89.0,Charge 4
2022-03-11T13:13:12Z,89.0,Charge 4
2022-03-11T13:13:27Z,89.0,Charge 4
2022-03-11T13:13:37Z,87.0,Charge 4
2022-03-11T13:13:42Z,87.0,Charge 4
2022-03-11T13:13:47Z,86.0,Charge 4
2022-03-11T13:13:52Z,86.0,Charge 4
2022-03-11T13:14:02Z,87.0,Charge 4
2022-03-11T13:14:07Z,86.0,Charge 4
2022-03-11T13:14:22Z,86.0,Charge 4
2022-03-11T13:14:37Z,86.0,Charge 4
2022-03-11T13:14:52Z,85.0,Charge 4
2022-03-11T13:14:57Z,86.0,Charge 4
2022-03-11T13:15:07Z,85.0,Charge 4
2022-03-11T13:15:12Z,87.0,Charge 4
2022-03-11T13:15:27Z,88.0,Charge 4
2022-03-11T13:15:32Z,87.0,Charge 4
2022-03-11T13:15:37Z,88.0,Charge 4
2022-03-11T13:15:42Z,91.0,Charge 4
2022-03-11T13:15:47Z,94.0,Charge 4
2022-03-11T13:15:52Z,94.0,Charge 4
2022-03-11T13:15:57Z,93.0,Charge 4
2022-03-11T13:16:02Z,94.0,Charge 4
2022-03-11T13:16:07Z,95.0,Charge 4
2022-03-11T13:16:12Z,96.0,Charge 4
2022-03-11T13:16:17Z,97.0,Charge 4
2022-03-11T13:16:22Z,96.0,Charge 4
2022-03-11T13:16:27Z,97.0,Charge 4
2022-03-11T13:16:32Z,99.0,Charge 4
2022-03-11T13:16:47Z,99.0,Charge 4
2022-03-11T13:16:52Z,100.0,Charge 4
2022-03-11T13:16:57Z,99.0,Charge 4
2022-03-11T13:17:07Z,99.0,Charge 4
2022-03-11T13:17:22Z,101.0,Charge 4
2022-03-11T13:17:27Z,101.0,Charge 4
2022-03-11T13:17:32Z,100.0,Charge 4
2022-03-11T13:17:37Z,99.0,Charge 4
2022-03-11T13:17:42Z,98.0,Charge 4
2022-03-11T13:17:47Z,99.0,Charge 4
2022-03-11T13:17:52Z,100.0,Charge 4
2022-03-11T13:18:02Z,104.0,Charge 4
2022-03-11T13:18:07Z,111.0,Charge 4
2022-03-11T13:18:12Z,114.0,Charge 4
2022-03-11T13:18:17Z,113.0,Charge 4
2022-03-11T13:18:22Z,112.0,Charge 4
2022-03-11T13:18:27Z,112.0,Charge 4
2022-03-11T13:18:32Z,111.0,Charge 4
2022-03-11T13:18:37Z,109.0,Charge 4
2022-03-11T13:18:42Z,106.0,Charge 4
2022-03-11T13:18:47Z,102.0,Charge 4
2022-03-11T13:18:52Z,97.0,Charge 4
2022-03-11T13:18:57Z,95.0,Charge 4
2022-03-11T13:19:02Z,97.0,Charge 4
2022-03-11T13:19:07Z,95.0,Charge 4
2022-03-11T13:19:12Z,94.0,Charge 4
2022-03-11T13:19:17Z,95.0,Charge 4
2022-03-11T13:19:22Z,98.0,Charge 4
2022-03-11T13:19:27Z,100.0,Charge 4
2022-03-11T13:19:32Z,104.0,Charge 4
2022-03-11T13:19:37Z,109.0,Charge 4
2022-03-11T13:19:42Z,112.0,Charge 4
2022-03-11T13:19:52Z,113.0,Charge 4
2022-03-11T13:20:02Z,114.0,Charge 4
2022-03-11T13:20:07Z,112.0,Charge 4
2022-03-11T13:20:12Z,111.0,Charge 4
2022-03-11T13:20:17Z,109.0,Charge 4
2022-03-11T13:20:22Z,106.0,Charge 4
2022-03-11T13:20:27Z,105.0,Charge 4
2022-03-11T13:20:32Z,107.0,Charge 4
2022-03-11T13:20:37Z,108.0,Charge 4
2022-03-11T13:20:42Z,109.0,Charge 4
2022-03-11T13:20:47Z,109.0,Charge 4
2022-03-11T13:20:52Z,106.0,Charge 4
2022-03-11T13:21:07Z,106.0,Charge 4
2022-03-11T13:21:17Z,108.0,Charge 4
2022-03-11T13:21:22Z,107.0,Charge 4
2022-03-11T13:21:27Z,108.0,Charge 4
2022-03-11T13:21:32Z,110.0,Charge 4
2022-03-11T13:21:37Z,110.0,Charge 4
2022-03-11T13:21:43Z,111.0,Charge 4
2022-03-11T13:21:48Z,109.0,Charge 4
2022-03-11T13:21:53Z,107.0,Charge 4
2022-03-11T13:21:58Z,105.0,Charge 4
2022-03-11T13:22:08Z,107.0,Charge 4
2022-03-11T13:22:13Z,110.0,Charge 4
2022-03-11T13:22:18Z,109.0,Charge 4
2022-03-11T13:22:23Z,108.0,Charge 4
2022-03-11T13:22:28Z,107.0,Charge 4
2022-03-11T13:22:33Z,109.0,Charge 4
2022-03-11T13:22:38Z,107.0,Charge 4
2022-03-11T13:22:43Z,106.0,Charge 4
2022-03-11T13:22:48Z,108.0,Charge 4
2022-03-11T13:22:58Z,111.0,Charge 4
2022-03-11T13:23:03Z,110.0,Charge 4
2022-03-11T13:23:08Z,107.0,Charge 4
2022-03-11T13:23:13Z,106.0,Charge 4
2022-03-11T13:23:18Z,107.0,Charge 4
2022-03-11T13:23:23Z,108.0,Charge 4
2022-03-11T13:23:33Z,112.0,Charge 4
2022-03-11T13:23:38Z,115.0,Charge 4
2022-03-11T13:23:43Z,112.0,Charge 4
2022-03-11T13:23:48Z,110.0,Charge 4
2022-03-11T13:23:53Z,109.0,Charge 4
2022-03-11T13:23:58Z,109.0,Charge 4
2022-03-11T13:24:03Z,110.0,Charge 4
2022-03-11T13:24:08Z,109.0,Charge 4
2022-03-11T13:24:13Z,109.0,Charge 4
2022-03-11T13:24:18Z,107.0,Charge 4
2022-03-11T13:24:23Z,106.0,Charge 4
2022-03-11T13:24:38Z,104.0,Charge 4
2022-03-11T13:24:43Z,107.0,Charge 4
2022-03-11T13:24:53Z,108.0,Charge 4
2022-03-11T13:24:58Z,109.0,Charge 4
2022-03-11T13:25:03Z,110.0,Charge 4
2022-03-11T13:25:08Z,111.0,Charge 4
2022-03-11T13:25:18Z,110.0,Charge 4
2022-03-11T13:25:23Z,110.0,Charge 4
2022-03-11T13:25:28Z,114.0,Charge 4
2022-03-11T13:25:33Z,113.0,Charge 4
2022-03-11T13:25:38Z,112.0,Charge 4
2022-03-11T13:25:43Z,111.0,Charge 4
2022-03-11T13:25:48Z,112.0,Charge 4
2022-03-11T13:25:53Z,111.0,Charge 4
2022-03-11T13:25:58Z,109.0,Charge 4
2022-03-11T13:26:03Z,107.0,Charge 4
2022-03-11T13:26:13Z,105.0,Charge 4
2022-03-11T13:26:23Z,106.0,Charge 4
2022-03-11T13:26:28Z,106.0,Charge 4
2022-03-11T13:26:38Z,108.0,Charge 4
2022-03-11T13:26:43Z,110.0,Charge 4
2022-03-11T13:26:48Z,113.0,Charge 4
2022-03-11T13:26:53Z,114.0,Charge 4
2022-03-11T13:26:58Z,115.0,Charge 4
2022-03-11T13:27:03Z,112.0,Charge 4
2022-03-11T13:27:08Z,117.0,Charge 4
2022-03-11T13:27:13Z,116.0,Charge 4
2022-03-11T13:27:23Z,113.0,Charge 4
2022-03-11T13:27:28Z,110.0,Charge 4
2022-03-11T13:27:33Z,108.0,Charge 4
2022-03-11T13:27:38Z,110.0,Charge 4
2022-03-11T13:27:43Z,109.0,Charge 4
2022-03-11T13:27:48Z,105.0,Charge 4
2022-03-11T13:27:53Z,103.0,Charge 4
2022-03-11T13:28:03Z,104.0,Charge 4
2022-03-11T13:28:08Z,103.0,Charge 4
2022-03-11T13:28:13Z,97.0,Charge 4
2022-03-11T13:28:18Z,94.0,Charge 4
2022-03-11T13:28:23Z,96.0,Charge 4
2022-03-11T13:28:28Z,98.0,Charge 4
2022-03-11T13:28:33Z,101.0,Charge 4
2022-03-11T13:28:48Z,99.0,Charge 4
2022-03-11T13:28:53Z,101.0,Charge 4
2022-03-11T13:28:58Z,97.0,Charge 4
2022-03-11T13:29:03Z,95.0,Charge 4
2022-03-11T13:29:08Z,93.0,Charge 4
2022-03-11T13:29:13Z,92.0,Charge 4
2022-03-11T13:29:18Z,94.0,Charge 4
2022-03-11T13:29:23Z,98.0,Charge 4
2022-03-11T13:29:28Z,101.0,Charge 4
2022-03-11T13:29:33Z,102.0,Charge 4
2022-03-11T13:29:38Z,100.0,Charge 4
2022-03-11T13:29:43Z,101.0,Charge 4
2022-03-11T13:29:48Z,100.0,Charge 4
2022-03-11T13:29:58Z,102.0,Charge 4
2022-03-11T13:30:03Z,105.0,Charge 4
2022-03-11T13:30:08Z,105.0,Charge 4
2022-03-11T13:30:18Z,106.0,Charge 4
2022-03-11T13:30:33Z,104.0,Charge 4
2022-03-11T13:30:38Z,98.0,Charge 4
2022-03-11T13:30:43Z,95.0,Charge 4
2022-03-11T13:30:53Z,93.0,Charge 4
2022-03-11T13:30:58Z,91.0,Charge 4
2022-03-11T13:31:03Z,88.0,Charge 4
2022-03-11T13:31:18Z,87.0,Charge 4
2022-03-11T13:31:23Z,85.0,Charge 4
2022-03-11T13:31:38Z,93.0,Charge 4
2022-03-11T13:31:43Z,100.0,Charge 4
2022-03-11T13:31:53Z,99.0,Charge 4
2022-03-11T13:32:03Z,100.0,Charge 4
2022-03-11T13:32:08Z,105.0,Charge 4
2022-03-11T13:32:13Z,109.0,Charge 4
2022-03-11T13:32:18Z,110.0,Charge 4
2022-03-11T13:32:23Z,109.0,Charge 4
2022-03-11T13:32:38Z,111.0,Charge 4
2022-03-11T13:32:43Z,109.0,Charge 4
2022-03-11T13:32:48Z,108.0,Charge 4
2022-03-11T13:32:53Z,112.0,Charge 4
2022-03-11T13:32:58Z,114.0,Charge 4
2022-03-11T13:33:03Z,113.0,Charge 4
2022-03-11T13:33:08Z,112.0,Charge 4
2022-03-11T13:33:13Z,116.0,Charge 4
2022-03-11T13:33:18Z,118.0,Charge 4
2022-03-11T13:33:23Z,117.0,Charge 4
2022-03-11T13:33:28Z,118.0,Charge 4
2022-03-11T13:33:38Z,113.0,Charge 4
2022-03-11T13:33:43Z,106.0,Charge 4
2022-03-11T13:33:48Z,100.0,Charge 4
2022-03-11T13:33:53Z,99.0,Charge 4
2022-03-11T13:33:58Z,101.0,Charge 4
2022-03-11T13:34:03Z,105.0,Charge 4
2022-03-11T13:34:08Z,106.0,Charge 4
2022-03-11T13:34:23Z,105.0,Charge 4
2022-03-11T13:34:33Z,107.0,Charge 4
2022-03-11T13:34:38Z,110.0,Charge 4
2022-03-11T13:34:43Z,108.0,Charge 4
2022-03-11T13:34:48Z,106.0,Charge 4
2022-03-11T13:34:53Z,104.0,Charge 4
2022-03-11T13:34:58Z,102.0,Charge 4
2022-03-11T13:35:03Z,105.0,Charge 4
2022-03-11T13:35:08Z,107.0,Charge 4
2022-03-11T13:35:13Z,105.0,Charge 4
2022-03-11T13:35:18Z,104.0,Charge 4
2022-03-11T13:35:23Z,109.0,Charge 4
2022-03-11T13:35:28Z,113.0,Charge 4
2022-03-11T13:35:33Z,116.0,Charge 4
2022-03-11T13:35:43Z,117.0,Charge 4
2022-03-11T13:35:48Z,120.0,Charge 4
2022-03-11T13:35:53Z,121.0,Charge 4
2022-03-11T13:35:58Z,122.0,Charge 4
2022-03-11T13:36:03Z,123.0,Charge 4
2022-03-11T13:36:08Z,124.0,Charge 4
2022-03-11T13:36:18Z,122.0,Charge 4
2022-03-11T13:36:23Z,119.0,Charge 4
2022-03-11T13:36:28Z,116.0,Charge 4
2022-03-11T13:36:33Z,114.0,Charge 4
2022-03-11T13:36:38Z,115.0,Charge 4
2022-03-11T13:36:43Z,116.0,Charge 4
2022-03-11T13:36:53Z,117.0,Charge 4
2022-03-11T13:36:58Z,118.0,Charge 4
2022-03-11T13:37:08Z,116.0,Charge 4
2022-03-11T13:37:13Z,114.0,Charge 4
2022-03-11T13:37:18Z,117.0,Charge 4
2022-03-11T13:37:23Z,115.0,Charge 4
2022-03-11T13:37:28Z,111.0,Charge 4
2022-03-11T13:37:33Z,110.0,Charge 4
2022-03-11T13:37:43Z,108.0,Charge 4
2022-03-11T13:37:48Z,108.0,Charge 4
2022-03-11T13:37:53Z,111.0,Charge 4
2022-03-11T13:37:58Z,110.0,Charge 4
2022-03-11T13:38:03Z,111.0,Charge 4
2022-03-11T13:38:09Z,112.0,Charge 4
2022-03-11T13:38:14Z,109.0,Charge 4
2022-03-11T13:38:19Z,106.0,Charge 4
2022-03-11T13:38:24Z,101.0,Charge 4
2022-03-11T13:38:29Z,98.0,Charge 4
2022-03-11T13:38:44Z,99.0,Charge 4
2022-03-11T13:38:54Z,98.0,Charge 4
2022-03-11T13:39:09Z,92.0,Charge 4
2022-03-11T13:39:14Z,90.0,Charge 4
2022-03-11T13:39:19Z,92.0,Charge 4
2022-03-11T13:39:29Z,93.0,Charge 4
2022-03-11T13:39:44Z,93.0,Charge 4
2022-03-11T13:39:54Z,92.0,Charge 4
2022-03-11T13:40:09Z,92.0,Charge 4
2022-03-11T13:40:14Z,91.0,Charge 4
2022-03-11T13:40:19Z,89.0,Charge 4
2022-03-11T13:40:24Z,88.0,Charge 4
2022-03-11T13:40:39Z,86.0,Charge 4
2022-03-11T13:40:44Z,83.0,Charge 4
2022-03-11T13:40:59Z,85.0,Charge 4
2022-03-11T13:41:14Z,85.0,Charge 4
2022-03-11T13:41:19Z,84.0,Charge 4
2022-03-11T13:41:24Z,85.0,Charge 4
2022-03-11T13:41:29Z,88.0,Charge 4
2022-03-11T13:41:44Z,87.0,Charge 4
2022-03-11T13:41:54Z,86.0,Charge 4
2022-03-11T13:41:59Z,90.0,Charge 4
2022-03-11T13:42:04Z,94.0,Charge 4
2022-03-11T13:42:09Z,93.0,Charge 4
2022-03-11T13:42:14Z,92.0,Charge 4
2022-03-11T13:42:19Z,91.0,Charge 4
2022-03-11T13:42:34Z,91.0,Charge 4
2022-03-11T13:42:39Z,90.0,Charge 4
2022-03-11T13:42:54Z,92.0,Charge 4
2022-03-11T13:42:59Z,93.0,Charge 4
2022-03-11T13:43:04Z,92.0,Charge 4
2022-03-11T13:43:09Z,91.0,Charge 4
2022-03-11T13:43:14Z,90.0,Charge 4
2022-03-11T13:43:24Z,89.0,Charge 4
2022-03-11T13:43:29Z,90.0,Charge 4
2022-03-11T13:43:39Z,91.0,Charge 4
2022-03-11T13:43:49Z,90.0,Charge 4
2022-03-11T13:43:54Z,91.0,Charge 4
2022-03-11T13:43:59Z,93.0,Charge 4
2022-03-11T13:44:04Z,96.0,Charge 4
2022-03-11T13:44:09Z,98.0,Charge 4
2022-03-11T13:44:14Z,97.0,Charge 4
2022-03-11T13:44:19Z,99.0,Charge 4
2022-03-11T13:44:24Z,97.0,Charge 4
2022-03-11T13:44:29Z,96.0,Charge 4
2022-03-11T13:44:34Z,94.0,Charge 4
2022-03-11T13:44:39Z,95.0,Charge 4
2022-03-11T13:44:44Z,99.0,Charge 4
2022-03-11T13:44:49Z,96.0,Charge 4
2022-03-11T13:44:54Z,94.0,Charge 4
2022-03-11T13:44:59Z,92.0,Charge 4
2022-03-11T13:45:04Z,96.0,Charge 4
2022-03-11T13:45:14Z,95.0,Charge 4
2022-03-11T13:45:24Z,99.0,Charge 4
2022-03-11T13:45:29Z,97.0,Charge 4
2022-03-11T13:45:34Z,94.0,Charge 4
2022-03-11T13:45:39Z,91.0,Charge 4
2022-03-11T13:45:44Z,95.0,Charge 4
2022-03-11T13:45:49Z,98.0,Charge 4
2022-03-11T13:45:54Z,99.0,Charge 4
2022-03-11T13:45:59Z,103.0,Charge 4
2022-03-11T13:46:09Z,103.0,Charge 4
2022-03-11T13:46:14Z,105.0,Charge 4
2022-03-11T13:46:19Z,104.0,Charge 4
2022-03-11T13:46:24Z,105.0,Charge 4
2022-03-11T13:46:29Z,110.0,Charge 4
2022-03-11T13:46:34Z,111.0,Charge 4
2022-03-11T13:46:39Z,112.0,Charge 4
2022-03-11T13:46:44Z,111.0,Charge 4
2022-03-11T13:46:59Z,111.0,Charge 4
2022-03-11T13:47:04Z,112.0,Charge 4
2022-03-11T13:47:19Z,117.0,Charge 4
2022-03-11T13:47:24Z,120.0,Charge 4
2022-03-11T13:47:39Z,120.0,Charge 4
2022-03-11T13:47:49Z,122.0,Charge 4
2022-03-11T13:47:54Z,124.0,Charge 4
2022-03-11T13:47:59Z,124.0,Charge 4
2022-03-11T13:48:04Z,121.0,Charge 4
2022-03-11T13:48:09Z,115.0,Charge 4
2022-03-11T13:48:14Z,106.0,Charge 4
2022-03-11T13:48:19Z,104.0,Charge 4
2022-03-11T13:48:24Z,102.0,Charge 4
2022-03-11T15:35:39Z,70.0,Charge 4
2022-03-11T15:35:49Z,73.0,Charge 4
2022-03-11T15:35:54Z,89.0,Charge 4
2022-03-11T15:35:59Z,88.0,Charge 4
2022-03-11T15:36:09Z,91.0,Charge 4
2022-03-11T15:36:19Z,90.0,Charge 4
2022-03-11T15:36:24Z,89.0,Charge 4
2022-03-11T15:36:39Z,90.0,Charge 4
2022-03-11T15:36:49Z,91.0,Charge 4
2022-03-11T15:37:04Z,90.0,Charge 4
2022-03-11T15:37:14Z,89.0,Charge 4
2022-03-11T15:37:19Z,88.0,Charge 4
2022-03-11T15:37:29Z,87.0,Charge 4
2022-03-11T15:37:34Z,86.0,Charge 4
2022-03-11T15:37:44Z,88.0,Charge 4
2022-03-11T15:37:49Z,91.0,Charge 4
2022-03-11T15:37:54Z,93.0,Charge 4
2022-03-11T15:38:04Z,93.0,Charge 4
2022-03-11T15:38:09Z,94.0,Charge 4
2022-03-11T15:38:19Z,95.0,Charge 4
2022-03-11T15:38:24Z,93.0,Charge 4
2022-03-11T15:38:39Z,93.0,Charge 4
2022-03-11T15:38:49Z,96.0,Charge 4
2022-03-11T15:38:54Z,105.0,Charge 4
2022-03-11T15:38:59Z,108.0,Charge 4
2022-03-11T15:39:04Z,110.0,Charge 4
2022-03-11T15:39:19Z,111.0,Charge 4
2022-03-11T15:39:24Z,110.0,Charge 4
2022-03-11T15:39:29Z,108.0,Charge 4
2022-03-11T15:39:34Z,103.0,Charge 4
2022-03-11T15:39:39Z,105.0,Charge 4
2022-03-11T15:39:44Z,106.0,Charge 4
2022-03-11T15:39:49Z,104.0,Charge 4
2022-03-11T15:39:54Z,102.0,Charge 4
2022-03-11T15:39:59Z,101.0,Charge 4
2022-03-11T15:40:04Z,100.0,Charge 4
2022-03-11T15:40:09Z,97.0,Charge 4
2022-03-11T15:40:19Z,96.0,Charge 4
2022-03-11T15:40:24Z,92.0,Charge 4
2022-03-11T15:40:29Z,91.0,Charge 4
2022-03-11T15:40:44Z,91.0,Charge 4
2022-03-11T15:40:54Z,90.0,Charge 4
2022-03-11T15:41:09Z,90.0,Charge 4
2022-03-11T15:41:14Z,91.0,Charge 4
2022-03-11T15:41:19Z,92.0,Charge 4
2022-03-11T15:41:24Z,93.0,Charge 4
2022-03-11T15:41:29Z,92.0,Charge 4
2022-03-11T15:41:44Z,92.0,Charge 4
2022-03-11T15:41:49Z,93.0,Charge 4
2022-03-11T15:42:04Z,93.0,Charge 4
2022-03-11T15:42:09Z,94.0,Charge 4
2022-03-11T15:42:15Z,94.0,Charge 4
2022-03-11T15:42:20Z,95.0,Charge 4
2022-03-11T15:42:25Z,93.0,Charge 4
2022-03-11T15:42:40Z,92.0,Charge 4
2022-03-11T15:42:50Z,93.0,Charge 4
2022-03-11T15:42:55Z,94.0,Charge 4
2022-03-11T15:43:05Z,93.0,Charge 4
2022-03-11T15:43:10Z,92.0,Charge 4
2022-03-11T15:43:20Z,91.0,Charge 4
2022-03-11T15:43:25Z,90.0,Charge 4
2022-03-11T15:43:35Z,92.0,Charge 4
2022-03-11T15:43:40Z,92.0,Charge 4
2022-03-11T15:43:45Z,92.0,Charge 4
2022-03-11T15:44:00Z,92.0,Charge 4
2022-03-11T15:44:15Z,92.0,Charge 4
2022-03-11T15:45:46Z,91.0,Charge 4
2022-03-11T15:46:01Z,92.0,Charge 4
2022-03-11T15:46:06Z,94.0,Charge 4
2022-03-11T15:46:11Z,92.0,Charge 4
2022-03-11T15:46:16Z,91.0,Charge 4
2022-03-11T15:46:21Z,91.0,Charge 4
2022-03-11T15:46:36Z,91.0,Charge 4
2022-03-11T15:46:51Z,91.0,Charge 4
2022-03-11T15:46:56Z,90.0,Charge 4
2022-03-11T15:47:11Z,91.0,Charge 4
2022-03-11T15:47:26Z,91.0,Charge 4
2022-03-11T15:47:36Z,92.0,Charge 4
2022-03-11T15:47:46Z,91.0,Charge 4
2022-03-11T15:48:01Z,90.0,Charge 4
2022-03-11T15:48:11Z,89.0,Charge 4
2022-03-11T15:48:26Z,89.0,Charge 4
2022-03-11T15:48:36Z,88.0,Charge 4
2022-03-11T15:48:41Z,89.0,Charge 4
2022-03-11T15:48:46Z,93.0,Charge 4
2022-03-11T15:48:51Z,94.0,Charge 4
2022-03-11T15:49:01Z,93.0,Charge 4
2022-03-11T15:49:11Z,92.0,Charge 4
2022-03-11T15:49:26Z,92.0,Charge 4
2022-03-11T15:49:31Z,93.0,Charge 4
2022-03-11T15:49:36Z,94.0,Charge 4
2022-03-11T15:49:41Z,96.0,Charge 4
2022-03-11T15:49:56Z,96.0,Charge 4
2022-03-11T15:49:57Z,96.0,Charge 4
2022-03-11T15:50:07Z,100.0,Charge 4
2022-03-11T15:50:12Z,103.0,Charge 4
2022-03-11T15:50:17Z,104.0,Charge 4
2022-03-11T15:50:22Z,102.0,Charge 4
2022-03-11T15:50:27Z,101.0,Charge 4
2022-03-11T15:50:32Z,100.0,Charge 4
2022-03-11T15:50:37Z,103.0,Charge 4
2022-03-11T15:50:42Z,108.0,Charge 4
2022-03-11T15:50:47Z,112.0,Charge 4
2022-03-11T15:50:52Z,113.0,Charge 4
2022-03-11T15:50:57Z,111.0,Charge 4
2022-03-11T15:51:02Z,108.0,Charge 4
2022-03-11T15:51:12Z,109.0,Charge 4
2022-03-11T15:51:17Z,108.0,Charge 4
2022-03-11T15:51:22Z,104.0,Charge 4
2022-03-11T15:51:27Z,96.0,Charge 4
2022-03-11T15:51:32Z,95.0,Charge 4
2022-03-11T15:51:37Z,96.0,Charge 4
2022-03-11T15:51:52Z,96.0,Charge 4
2022-03-11T15:51:57Z,95.0,Charge 4
2022-03-11T15:52:07Z,94.0,Charge 4
2022-03-11T15:52:17Z,93.0,Charge 4
2022-03-11T15:52:27Z,94.0,Charge 4
2022-03-11T15:52:32Z,95.0,Charge 4
2022-03-11T15:52:37Z,97.0,Charge 4
2022-03-11T15:52:47Z,98.0,Charge 4
2022-03-11T15:52:52Z,98.0,Charge 4
2022-03-11T15:53:07Z,99.0,Charge 4
2022-03-11T15:53:22Z,98.0,Charge 4
2022-03-11T15:53:32Z,97.0,Charge 4
2022-03-11T15:53:42Z,101.0,Charge 4
2022-03-11T15:53:47Z,103.0,Charge 4
2022-03-11T15:54:02Z,101.0,Charge 4
2022-03-11T15:54:07Z,97.0,Charge 4
2022-03-11T15:54:12Z,98.0,Charge 4
2022-03-11T15:54:17Z,99.0,Charge 4
2022-03-11T15:54:22Z,100.0,Charge 4
2022-03-11T15:54:27Z,95.0,Charge 4
2022-03-11T15:54:32Z,93.0,Charge 4
2022-03-11T15:54:37Z,92.0,Charge 4
2022-03-11T15:54:42Z,91.0,Charge 4
2022-03-11T15:54:57Z,89.0,Charge 4
2022-03-11T15:55:02Z,90.0,Charge 4
2022-03-11T15:55:17Z,93.0,Charge 4
2022-03-11T15:55:22Z,92.0,Charge 4
2022-03-11T15:55:27Z,88.0,Charge 4
2022-03-11T15:55:32Z,86.0,Charge 4
2022-03-11T15:55:37Z,86.0,Charge 4
2022-03-11T15:55:47Z,88.0,Charge 4
2022-03-11T15:55:52Z,89.0,Charge 4
2022-03-11T15:56:02Z,93.0,Charge 4
2022-03-11T15:56:07Z,95.0,Charge 4
2022-03-11T15:56:17Z,94.0,Charge 4
2022-03-11T15:56:23Z,94.0,Charge 4
2022-03-11T15:56:28Z,93.0,Charge 4
2022-03-11T15:56:38Z,92.0,Charge 4
2022-03-11T15:56:43Z,93.0,Charge 4
2022-03-11T15:56:48Z,94.0,Charge 4
2022-03-11T15:56:58Z,93.0,Charge 4
2022-03-11T15:57:13Z,91.0,Charge 4
2022-03-11T15:57:18Z,90.0,Charge 4
2022-03-11T15:57:28Z,89.0,Charge 4
2022-03-11T15:57:33Z,90.0,Charge 4
2022-03-11T15:57:43Z,91.0,Charge 4
2022-03-11T15:57:48Z,92.0,Charge 4
2022-03-11T15:57:53Z,91.0,Charge 4
2022-03-11T15:58:08Z,90.0,Charge 4
2022-03-11T15:58:13Z,89.0,Charge 4
2022-03-11T15:58:23Z,90.0,Charge 4
2022-03-11T15:58:38Z,92.0,Charge 4
2022-03-11T15:58:53Z,92.0,Charge 4
2022-03-11T15:58:58Z,91.0,Charge 4
2022-03-11T15:59:03Z,90.0,Charge 4
2022-03-11T15:59:13Z,91.0,Charge 4
2022-03-11T15:59:18Z,92.0,Charge 4
2022-03-11T15:59:23Z,91.0,Charge 4
2022-03-11T15:59:28Z,91.0,Charge 4
2022-03-11T15:59:33Z,89.0,Charge 4
2022-03-11T15:59:38Z,88.0,Charge 4
2022-03-11T15:59:43Z,89.0,Charge 4
2022-03-11T15:59:48Z,89.0,Charge 4
2022-03-11T15:59:58Z,88.0,Charge 4
2022-03-11T16:00:08Z,89.0,Charge 4
2022-03-11T16:00:13Z,89.0,Charge 4
2022-03-11T16:00:23Z,90.0,Charge 4
2022-03-11T16:00:33Z,89.0,Charge 4
2022-03-11T16:00:38Z,88.0,Charge 4
2022-03-11T16:00:48Z,87.0,Charge 4
2022-03-11T16:00:58Z,88.0,Charge 4
2022-03-11T16:01:03Z,89.0,Charge 4
2022-03-11T16:01:08Z,90.0,Charge 4
2022-03-11T16:01:18Z,89.0,Charge 4
2022-03-11T16:01:23Z,89.0,Charge 4
2022-03-11T16:01:28Z,91.0,Charge 4
2022-03-11T16:01:43Z,91.0,Charge 4
2022-03-11T16:01:48Z,90.0,Charge 4
2022-03-11T16:01:53Z,89.0,Charge 4
2022-03-11T16:02:03Z,88.0,Charge 4
2022-03-11T16:02:08Z,89.0,Charge 4
2022-03-11T16:02:18Z,89.0,Charge 4
2022-03-11T16:02:33Z,89.0,Charge 4
2022-03-11T16:02:38Z,91.0,Charge 4
2022-03-11T16:02:43Z,90.0,Charge 4
2022-03-11T16:02:48Z,91.0,Charge 4
2022-03-11T16:03:03Z,91.0,Charge 4
2022-03-11T16:03:13Z,90.0,Charge 4
2022-03-11T16:03:23Z,89.0,Charge 4
2022-03-11T16:03:29Z,88.0,Charge 4
2022-03-11T16:03:34Z,87.0,Charge 4
2022-03-11T16:03:44Z,89.0,Charge 4
2022-03-11T16:03:49Z,89.0,Charge 4
2022-03-11T16:03:54Z,90.0,Charge 4
2022-03-11T16:04:04Z,92.0,Charge 4
2022-03-11T16:04:14Z,93.0,Charge 4
2022-03-11T16:04:24Z,92.0,Charge 4
2022-03-11T16:04:39Z,92.0,Charge 4
2022-03-11T16:04:44Z,91.0,Charge 4
2022-03-11T16:04:49Z,92.0,Charge 4
2022-03-11T16:04:54Z,91.0,Charge 4
2022-03-11T16:04:59Z,92.0,Charge 4
2022-03-11T16:05:04Z,93.0,Charge 4
2022-03-11T16:05:19Z,91.0,Charge 4
2022-03-11T16:05:29Z,90.0,Charge 4
2022-03-11T16:05:34Z,89.0,Charge 4
2022-03-11T16:05:39Z,88.0,Charge 4
2022-03-11T16:05:44Z,87.0,Charge 4
2022-03-11T16:05:49Z,88.0,Charge 4
2022-03-11T16:05:54Z,88.0,Charge 4
2022-03-11T16:06:04Z,87.0,Charge 4
2022-03-11T16:06:09Z,88.0,Charge 4
2022-03-11T16:06:14Z,90.0,Charge 4
2022-03-11T16:06:24Z,91.0,Charge 4
2022-03-11T16:06:29Z,92.0,Charge 4
2022-03-11T16:06:39Z,93.0,Charge 4
2022-03-11T16:06:47Z,92.0,Charge 4
2022-03-11T16:06:52Z,92.0,Charge 4
2022-03-11T16:06:57Z,93.0,Charge 4
2022-03-11T16:07:02Z,92.0,Charge 4
2022-03-11T16:07:12Z,93.0,Charge 4
2022-03-11T16:07:22Z,93.0,Charge 4
2022-03-11T16:07:27Z,93.0,Charge 4
2022-03-11T16:07:42Z,94.0,Charge 4
2022-03-11T16:07:52Z,93.0,Charge 4
2022-03-11T16:08:07Z,92.0,Charge 4
2022-03-11T16:08:22Z,93.0,Charge 4
2022-03-11T16:08:37Z,94.0,Charge 4
2022-03-11T16:08:42Z,93.0,Charge 4
2022-03-11T16:08:47Z,93.0,Charge 4
2022-03-11T16:08:52Z,93.0,Charge 4
2022-03-11T16:08:57Z,92.0,Charge 4
2022-03-11T16:09:07Z,93.0,Charge 4
2022-03-11T16:09:12Z,92.0,Charge 4
2022-03-11T16:09:17Z,91.0,Charge 4
2022-03-11T16:09:22Z,91.0,Charge 4
2022-03-11T16:09:37Z,91.0,Charge 4
2022-03-11T16:09:42Z,94.0,Charge 4
2022-03-11T16:09:52Z,95.0,Charge 4
2022-03-11T16:09:57Z,94.0,Charge 4
2022-03-11T16:10:07Z,95.0,Charge 4
2022-03-11T16:10:22Z,95.0,Charge 4
2022-03-11T16:10:23Z,95.0,Charge 4
2022-03-11T16:10:28Z,94.0,Charge 4
2022-03-11T16:10:38Z,93.0,Charge 4
2022-03-11T16:10:48Z,94.0,Charge 4
2022-03-11T16:10:58Z,94.0,Charge 4
2022-03-11T16:11:08Z,93.0,Charge 4
2022-03-11T16:11:18Z,92.0,Charge 4
2022-03-11T16:11:23Z,91.0,Charge 4
2022-03-11T16:11:28Z,92.0,Charge 4
2022-03-11T16:11:38Z,93.0,Charge 4
2022-03-11T16:11:43Z,93.0,Charge 4
2022-03-11T16:11:53Z,94.0,Charge 4
2022-03-11T16:11:58Z,93.0,Charge 4
2022-03-11T16:14:12Z,94.0,Charge 4
2022-03-11T16:14:17Z,93.0,Charge 4
2022-03-11T16:14:22Z,92.0,Charge 4
2022-03-11T16:14:27Z,91.0,Charge 4
2022-03-11T16:14:32Z,90.0,Charge 4
2022-03-11T16:14:37Z,89.0,Charge 4
2022-03-11T16:14:52Z,90.0,Charge 4
2022-03-11T16:14:57Z,91.0,Charge 4
2022-03-11T16:15:02Z,92.0,Charge 4
2022-03-11T16:15:07Z,93.0,Charge 4
2022-03-11T16:15:17Z,93.0,Charge 4
2022-03-11T16:15:22Z,92.0,Charge 4
2022-03-11T16:15:27Z,91.0,Charge 4
2022-03-11T16:15:32Z,92.0,Charge 4
2022-03-11T16:15:42Z,92.0,Charge 4
2022-03-11T16:15:47Z,93.0,Charge 4
2022-03-11T16:15:57Z,92.0,Charge 4
2022-03-11T16:16:07Z,91.0,Charge 4
2022-03-11T16:16:12Z,92.0,Charge 4
2022-03-11T16:16:22Z,94.0,Charge 4
2022-03-11T16:16:27Z,95.0,Charge 4
2022-03-11T16:16:32Z,93.0,Charge 4
2022-03-11T16:16:37Z,92.0,Charge 4
2022-03-11T16:16:42Z,91.0,Charge 4
2022-03-11T16:16:52Z,91.0,Charge 4
2022-03-11T16:17:02Z,90.0,Charge 4
2022-03-11T16:17:07Z,89.0,Charge 4
2022-03-11T16:17:12Z,88.0,Charge 4
2022-03-11T16:17:17Z,87.0,Charge 4
2022-03-11T16:17:22Z,86.0,Charge 4
2022-03-11T16:17:27Z,85.0,Charge 4
2022-03-11T16:17:42Z,85.0,Charge 4
2022-03-11T16:17:47Z,86.0,Charge 4
2022-03-11T16:17:57Z,87.0,Charge 4
2022-03-11T16:18:02Z,88.0,Charge 4
2022-03-11T16:18:17Z,90.0,Charge 4
2022-03-11T16:18:27Z,91.0,Charge 4
2022-03-11T16:18:32Z,89.0,Charge 4
2022-03-11T16:18:37Z,88.0,Charge 4
2022-03-11T16:18:42Z,88.0,Charge 4
2022-03-11T16:18:47Z,87.0,Charge 4
2022-03-11T16:19:02Z,86.0,Charge 4
2022-03-11T16:19:07Z,86.0,Charge 4
2022-03-11T16:19:17Z,80.0,Charge 4
2022-03-11T16:19:22Z,81.0,Charge 4
2022-03-11T16:19:27Z,82.0,Charge 4
2022-03-11T16:19:37Z,80.0,Charge 4
2022-03-11T16:19:47Z,80.0,Charge 4
2022-03-11T16:19:57Z,81.0,Charge 4
2022-03-11T16:20:07Z,86.0,Charge 4
2022-03-11T16:20:12Z,89.0,Charge 4
2022-03-11T16:20:27Z,88.0,Charge 4
2022-03-11T16:20:32Z,87.0,Charge 4
2022-03-11T16:20:37Z,87.0,Charge 4
2022-03-11T16:20:42Z,87.0,Charge 4
2022-03-11T16:20:47Z,88.0,Charge 4
2022-03-11T16:20:57Z,89.0,Charge 4
2022-03-11T16:21:07Z,91.0,Charge 4
2022-03-11T16:21:12Z,94.0,Charge 4
2022-03-11T16:21:17Z,96.0,Charge 4
2022-03-11T16:21:22Z,97.0,Charge 4
2022-03-11T16:21:27Z,98.0,Charge 4
2022-03-11T16:21:32Z,100.0,Charge 4
2022-03-11T16:21:37Z,106.0,Charge 4
2022-03-11T16:21:42Z,105.0,Charge 4
2022-03-11T16:21:47Z,104.0,Charge 4
2022-03-11T16:21:52Z,102.0,Charge 4
2022-03-11T16:21:57Z,103.0,Charge 4
2022-03-11T16:22:02Z,111.0,Charge 4
2022-03-11T16:22:07Z,114.0,Charge 4
2022-03-11T16:22:17Z,113.0,Charge 4
2022-03-11T16:22:22Z,110.0,Charge 4
2022-03-11T16:22:32Z,111.0,Charge 4
2022-03-11T16:22:42Z,110.0,Charge 4
2022-03-11T16:22:47Z,102.0,Charge 4
2022-03-11T16:23:02Z,100.0,Charge 4
2022-03-11T16:23:07Z,99.0,Charge 4
2022-03-11T16:23:17Z,98.0,Charge 4
2022-03-11T16:23:27Z,99.0,Charge 4
2022-03-11T16:23:32Z,100.0,Charge 4
2022-03-11T16:23:37Z,98.0,Charge 4
2022-03-11T16:23:42Z,97.0,Charge 4
2022-03-11T16:23:47Z,102.0,Charge 4
2022-03-11T16:23:52Z,103.0,Charge 4
2022-03-11T16:23:57Z,102.0,Charge 4
2022-03-11T16:24:02Z,101.0,Charge 4
2022-03-11T16:24:07Z,94.0,Charge 4
2022-03-11T16:24:17Z,95.0,Charge 4
2022-03-11T16:24:32Z,95.0,Charge 4
2022-03-11T16:24:42Z,93.0,Charge 4
2022-03-11T16:24:47Z,89.0,Charge 4
2022-03-11T16:24:52Z,92.0,Charge 4
2022-03-11T16:24:57Z,93.0,Charge 4
2022-03-11T16:25:12Z,93.0,Charge 4
2022-03-11T16:25:27Z,93.0,Charge 4
2022-03-11T16:25:42Z,95.0,Charge 4
2022-03-11T16:25:52Z,94.0,Charge 4
2022-03-11T16:26:02Z,95.0,Charge 4
2022-03-11T16:26:17Z,95.0,Charge 4
2022-03-11T16:26:22Z,94.0,Charge 4
2022-03-11T16:26:32Z,92.0,Charge 4
2022-03-11T16:26:37Z,91.0,Charge 4
2022-03-11T16:26:42Z,92.0,Charge 4
2022-03-11T16:26:47Z,97.0,Charge 4
2022-03-11T16:26:52Z,99.0,Charge 4
2022-03-11T16:26:57Z,98.0,Charge 4
2022-03-11T16:27:02Z,97.0,Charge 4
2022-03-11T16:27:08Z,98.0,Charge 4
2022-03-11T16:27:18Z,96.0,Charge 4
2022-03-11T16:27:28Z,97.0,Charge 4
2022-03-11T16:27:38Z,96.0,Charge 4
2022-03-11T16:27:53Z,96.0,Charge 4
2022-03-11T16:27:58Z,95.0,Charge 4
2022-03-11T16:28:03Z,94.0,Charge 4
2022-03-11T16:28:08Z,93.0,Charge 4
2022-03-11T16:28:18Z,92.0,Charge 4
2022-03-11T16:28:28Z,93.0,Charge 4
2022-03-11T16:28:33Z,94.0,Charge 4
2022-03-11T16:28:38Z,95.0,Charge 4
2022-03-11T16:28:53Z,95.0,Charge 4
2022-03-11T16:29:08Z,96.0,Charge 4
2022-03-11T16:29:13Z,95.0,Charge 4
2022-03-11T16:29:28Z,95.0,Charge 4
2022-03-11T16:29:33Z,93.0,Charge 4
2022-03-11T16:29:38Z,90.0,Charge 4
2022-03-11T16:29:43Z,87.0,Charge 4
2022-03-11T16:29:53Z,88.0,Charge 4
2022-03-11T16:29:58Z,89.0,Charge 4
2022-03-11T16:30:03Z,90.0,Charge 4
2022-03-11T16:30:08Z,91.0,Charge 4
2022-03-11T16:30:23Z,91.0,Charge 4
2022-03-11T16:30:38Z,91.0,Charge 4
2022-03-11T16:30:41Z,90.0,Charge 4
2022-03-11T16:30:46Z,91.0,Charge 4
2022-03-11T16:31:01Z,91.0,Charge 4
2022-03-11T16:31:11Z,92.0,Charge 4
2022-03-11T16:31:16Z,93.0,Charge 4
2022-03-11T16:31:31Z,94.0,Charge 4
2022-03-11T16:31:36Z,95.0,Charge 4
2022-03-11T16:31:51Z,95.0,Charge 4
2022-03-11T16:32:06Z,95.0,Charge 4
2022-03-11T16:32:16Z,94.0,Charge 4
2022-03-11T16:32:31Z,94.0,Charge 4
2022-03-11T16:32:41Z,94.0,Charge 4
2022-03-11T16:32:51Z,94.0,Charge 4
2022-03-11T16:33:01Z,93.0,Charge 4
2022-03-11T16:33:11Z,92.0,Charge 4
2022-03-11T16:33:21Z,91.0,Charge 4
2022-03-11T16:33:31Z,92.0,Charge 4
2022-03-11T16:33:36Z,93.0,Charge 4
2022-03-11T16:33:51Z,93.0,Charge 4
2022-03-11T16:34:06Z,93.0,Charge 4
2022-03-11T16:34:11Z,94.0,Charge 4
2022-03-11T16:34:21Z,93.0,Charge 4
2022-03-11T16:34:36Z,93.0,Charge 4
2022-03-11T16:34:46Z,92.0,Charge 4
2022-03-11T16:35:01Z,92.0,Charge 4
2022-03-11T16:35:06Z,94.0,Charge 4
2022-03-11T16:35:12Z,94.0,Charge 4
2022-03-11T16:35:27Z,95.0,Charge 4
2022-03-11T16:35:32Z,97.0,Charge 4
2022-03-11T16:35:37Z,96.0,Charge 4
2022-03-11T16:35:42Z,95.0,Charge 4
2022-03-11T16:35:52Z,93.0,Charge 4
2022-03-11T16:36:02Z,92.0,Charge 4
2022-03-11T16:36:07Z,93.0,Charge 4
2022-03-11T16:36:12Z,95.0,Charge 4
2022-03-11T16:36:17Z,96.0,Charge 4
2022-03-11T16:36:22Z,95.0,Charge 4
2022-03-11T16:36:37Z,95.0,Charge 4
2022-03-11T16:36:47Z,96.0,Charge 4
2022-03-11T16:36:57Z,97.0,Charge 4
2022-03-11T16:37:02Z,95.0,Charge 4
2022-03-11T16:37:07Z,93.0,Charge 4
2022-03-11T16:37:12Z,92.0,Charge 4
2022-03-11T16:37:22Z,93.0,Charge 4
2022-03-11T16:37:27Z,92.0,Charge 4
2022-03-11T16:37:42Z,92.0,Charge 4
2022-03-11T16:37:47Z,93.0,Charge 4
2022-03-11T16:38:02Z,93.0,Charge 4
2022-03-11T16:38:17Z,93.0,Charge 4
2022-03-11T16:38:32Z,93.0,Charge 4
2022-03-11T16:38:47Z,93.0,Charge 4
2022-03-11T16:39:02Z,93.0,Charge 4
2022-03-11T16:39:07Z,94.0,Charge 4
2022-03-11T16:39:12Z,95.0,Charge 4
2022-03-11T16:39:17Z,96.0,Charge 4
2022-03-11T16:39:27Z,95.0,Charge 4
2022-03-11T16:39:37Z,94.0,Charge 4
2022-03-11T16:39:52Z,94.0,Charge 4
2022-03-11T16:40:07Z,94.0,Charge 4
2022-03-11T16:40:17Z,95.0,Charge 4
2022-03-11T16:40:22Z,94.0,Charge 4
2022-03-11T16:40:37Z,94.0,Charge 4
2022-03-11T16:40:52Z,93.0,Charge 4
2022-03-11T16:40:57Z,92.0,Charge 4
2022-03-11T16:41:02Z,93.0,Charge 4
2022-03-11T16:41:17Z,94.0,Charge 4
2022-03-11T16:41:22Z,95.0,Charge 4
2022-03-11T16:41:32Z,97.0,Charge 4
2022-03-11T16:41:47Z,97.0,Charge 4
2022-03-11T16:41:57Z,95.0,Charge 4
2022-03-11T16:42:02Z,93.0,Charge 4
2022-03-11T16:42:17Z,93.0,Charge 4
2022-03-11T16:42:32Z,94.0,Charge 4
2022-03-11T16:42:47Z,94.0,Charge 4
2022-03-11T16:43:02Z,94.0,Charge 4
2022-03-11T16:43:12Z,91.0,Charge 4
2022-03-11T16:43:17Z,90.0,Charge 4
2022-03-11T16:43:22Z,91.0,Charge 4
2022-03-11T16:43:27Z,92.0,Charge 4
2022-03-11T16:43:33Z,92.0,Charge 4
2022-03-11T16:43:38Z,93.0,Charge 4
2022-03-11T16:43:43Z,95.0,Charge 4
2022-03-11T16:43:48Z,96.0,Charge 4
2022-03-11T16:43:53Z,99.0,Charge 4
2022-03-11T16:43:58Z,100.0,Charge 4
2022-03-11T16:44:08Z,101.0,Charge 4
2022-03-11T16:44:13Z,95.0,Charge 4
2022-03-11T16:44:18Z,94.0,Charge 4
2022-03-11T16:44:23Z,95.0,Charge 4
2022-03-11T16:44:38Z,92.0,Charge 4
2022-03-11T16:44:43Z,88.0,Charge 4
2022-03-11T16:44:58Z,90.0,Charge 4
2022-03-11T16:45:03Z,91.0,Charge 4
2022-03-11T16:45:18Z,91.0,Charge 4
2022-03-11T16:45:28Z,92.0,Charge 4
2022-03-11T16:45:33Z,91.0,Charge 4
2022-03-11T16:45:38Z,92.0,Charge 4
2022-03-11T16:45:53Z,92.0,Charge 4
2022-03-11T16:45:58Z,93.0,Charge 4
2022-03-11T16:46:03Z,92.0,Charge 4
2022-03-11T16:46:08Z,91.0,Charge 4
2022-03-11T16:46:23Z,91.0,Charge 4
2022-03-11T16:46:28Z,92.0,Charge 4
2022-03-11T16:46:33Z,94.0,Charge 4
2022-03-11T16:46:43Z,96.0,Charge 4
2022-03-11T16:46:48Z,95.0,Charge 4
2022-03-11T16:46:53Z,95.0,Charge 4
2022-03-11T16:47:08Z,95.0,Charge 4
2022-03-11T16:47:23Z,95.0,Charge 4
2022-03-11T16:47:33Z,94.0,Charge 4
2022-03-11T16:47:38Z,84.0,Charge 4
2022-03-11T16:47:43Z,86.0,Charge 4
2022-03-11T16:47:48Z,88.0,Charge 4
2022-03-11T16:47:53Z,89.0,Charge 4
2022-03-11T16:47:58Z,91.0,Charge 4
2022-03-11T16:48:03Z,91.0,Charge 4
2022-03-11T16:48:13Z,93.0,Charge 4
2022-03-11T16:48:18Z,95.0,Charge 4
2022-03-11T16:48:23Z,94.0,Charge 4
2022-03-11T16:48:33Z,93.0,Charge 4
2022-03-11T16:48:38Z,92.0,Charge 4
2022-03-11T16:48:43Z,92.0,Charge 4
2022-03-11T16:48:53Z,93.0,Charge 4
2022-03-11T16:49:03Z,92.0,Charge 4
2022-03-11T16:49:13Z,94.0,Charge 4
2022-03-11T16:49:18Z,95.0,Charge 4
2022-03-11T16:49:33Z,95.0,Charge 4
2022-03-11T16:49:43Z,93.0,Charge 4
2022-03-11T16:49:53Z,92.0,Charge 4
2022-03-11T16:49:58Z,94.0,Charge 4
2022-03-11T16:50:03Z,91.0,Charge 4
2022-03-11T16:50:09Z,91.0,Charge 4
2022-03-11T16:50:14Z,93.0,Charge 4
2022-03-11T16:50:19Z,85.0,Charge 4
2022-03-11T16:50:24Z,84.0,Charge 4
2022-03-11T16:50:29Z,85.0,Charge 4
2022-03-11T16:50:39Z,86.0,Charge 4
2022-03-11T16:50:44Z,89.0,Charge 4
2022-03-11T16:50:49Z,92.0,Charge 4
2022-03-11T16:50:54Z,91.0,Charge 4
2022-03-11T16:51:04Z,92.0,Charge 4
2022-03-11T16:51:14Z,93.0,Charge 4
2022-03-11T16:51:29Z,94.0,Charge 4
2022-03-11T16:51:34Z,93.0,Charge 4
2022-03-11T16:51:39Z,93.0,Charge 4
2022-03-11T16:51:44Z,91.0,Charge 4
2022-03-11T16:51:49Z,90.0,Charge 4
2022-03-11T16:51:54Z,91.0,Charge 4
2022-03-11T16:52:09Z,91.0,Charge 4
2022-03-11T16:52:14Z,86.0,Charge 4
2022-03-11T16:52:19Z,87.0,Charge 4
2022-03-11T16:52:24Z,88.0,Charge 4
2022-03-11T16:52:29Z,93.0,Charge 4
2022-03-11T16:52:34Z,94.0,Charge 4
2022-03-11T16:52:49Z,93.0,Charge 4
2022-03-11T16:52:59Z,93.0,Charge 4
2022-03-11T16:53:14Z,93.0,Charge 4
2022-03-11T16:53:19Z,94.0,Charge 4
2022-03-11T16:53:24Z,93.0,Charge 4
2022-03-11T16:53:29Z,93.0,Charge 4
2022-03-11T16:53:34Z,92.0,Charge 4
2022-03-11T16:53:49Z,92.0,Charge 4
2022-03-11T16:53:54Z,90.0,Charge 4
2022-03-11T16:53:59Z,90.0,Charge 4
2022-03-11T16:54:14Z,90.0,Charge 4
2022-03-11T16:54:24Z,91.0,Charge 4
2022-03-11T16:54:39Z,92.0,Charge 4
2022-03-11T16:54:44Z,95.0,Charge 4
2022-03-11T16:54:49Z,96.0,Charge 4
2022-03-11T16:55:04Z,95.0,Charge 4
2022-03-11T16:55:19Z,96.0,Charge 4
2022-03-11T16:55:24Z,95.0,Charge 4
2022-03-11T16:55:29Z,94.0,Charge 4
2022-03-11T16:55:34Z,92.0,Charge 4
2022-03-11T16:55:39Z,91.0,Charge 4
2022-03-11T16:55:44Z,90.0,Charge 4
2022-03-11T16:55:49Z,91.0,Charge 4
2022-03-11T16:55:59Z,90.0,Charge 4
2022-03-11T16:56:14Z,91.0,Charge 4
2022-03-11T16:56:19Z,92.0,Charge 4
2022-03-11T16:56:34Z,92.0,Charge 4
2022-03-11T16:56:39Z,93.0,Charge 4
2022-03-11T16:56:44Z,94.0,Charge 4
2022-03-11T16:56:54Z,95.0,Charge 4
2022-03-11T16:57:04Z,96.0,Charge 4
2022-03-11T16:57:09Z,95.0,Charge 4
2022-03-11T16:57:14Z,96.0,Charge 4
2022-03-11T16:57:24Z,97.0,Charge 4
2022-03-11T16:57:29Z,96.0,Charge 4
2022-03-11T16:57:34Z,95.0,Charge 4
2022-03-11T16:57:44Z,97.0,Charge 4
2022-03-11T16:57:59Z,104.0,Charge 4
2022-03-11T16:58:04Z,106.0,Charge 4
2022-03-11T16:58:09Z,110.0,Charge 4
2022-03-11T16:58:14Z,112.0,Charge 4
2022-03-11T16:58:19Z,111.0,Charge 4
2022-03-11T16:58:24Z,108.0,Charge 4
2022-03-11T16:58:29Z,107.0,Charge 4
2022-03-11T16:58:34Z,103.0,Charge 4
2022-03-11T16:58:39Z,101.0,Charge 4
2022-03-11T16:58:44Z,102.0,Charge 4
2022-03-11T16:58:49Z,104.0,Charge 4
2022-03-11T16:58:54Z,102.0,Charge 4
2022-03-11T16:58:59Z,101.0,Charge 4
2022-03-11T16:59:04Z,100.0,Charge 4
2022-03-11T16:59:09Z,101.0,Charge 4
2022-03-11T16:59:19Z,99.0,Charge 4
2022-03-11T16:59:34Z,100.0,Charge 4
2022-03-11T16:59:39Z,104.0,Charge 4
2022-03-11T16:59:44Z,105.0,Charge 4
2022-03-11T16:59:49Z,102.0,Charge 4
2022-03-11T16:59:59Z,101.0,Charge 4
2022-03-11T17:00:04Z,100.0,Charge 4
2022-03-11T17:00:09Z,96.0,Charge 4
2022-03-11T17:00:14Z,95.0,Charge 4
2022-03-11T17:00:19Z,94.0,Charge 4
2022-03-11T17:00:24Z,92.0,Charge 4
2022-03-11T17:00:29Z,95.0,Charge 4
2022-03-11T17:00:34Z,100.0,Charge 4
2022-03-11T17:00:39Z,102.0,Charge 4
2022-03-11T17:00:44Z,104.0,Charge 4
2022-03-11T17:00:49Z,107.0,Charge 4
2022-03-11T17:00:54Z,111.0,Charge 4
2022-03-11T17:00:59Z,112.0,Charge 4
2022-03-11T17:01:04Z,113.0,Charge 4
2022-03-11T17:01:14Z,112.0,Charge 4
2022-03-11T17:01:19Z,113.0,Charge 4
2022-03-11T17:01:24Z,117.0,Charge 4
2022-03-11T17:01:34Z,107.0,Charge 4
2022-03-11T17:01:39Z,106.0,Charge 4
2022-03-11T17:01:44Z,107.0,Charge 4
2022-03-11T17:01:49Z,113.0,Charge 4
2022-03-11T17:01:54Z,112.0,Charge 4
2022-03-11T17:01:59Z,111.0,Charge 4
2022-03-11T17:02:04Z,110.0,Charge 4
2022-03-11T17:02:09Z,111.0,Charge 4
2022-03-11T17:02:14Z,112.0,Charge 4
2022-03-11T17:02:24Z,113.0,Charge 4
2022-03-11T17:02:29Z,109.0,Charge 4
2022-03-11T17:02:34Z,107.0,Charge 4
2022-03-11T17:02:49Z,110.0,Charge 4
2022-03-11T17:02:54Z,113.0,Charge 4
2022-03-11T17:02:59Z,114.0,Charge 4
2022-03-11T17:03:09Z,115.0,Charge 4
2022-03-11T17:03:14Z,113.0,Charge 4
2022-03-11T17:03:19Z,109.0,Charge 4
2022-03-11T17:03:29Z,107.0,Charge 4
2022-03-11T17:03:34Z,105.0,Charge 4
2022-03-11T17:03:39Z,104.0,Charge 4
2022-03-11T17:03:49Z,103.0,Charge 4
2022-03-11T17:03:54Z,102.0,Charge 4
2022-03-11T17:03:59Z,101.0,Charge 4
2022-03-11T17:04:04Z,100.0,Charge 4
2022-03-11T17:04:19Z,100.0,Charge 4
2022-03-11T17:04:24Z,101.0,Charge 4
2022-03-11T17:04:29Z,100.0,Charge 4
2022-03-11T17:04:34Z,98.0,Charge 4
2022-03-11T17:04:39Z,90.0,Charge 4
2022-03-11T17:04:44Z,87.0,Charge 4
2022-03-11T17:04:49Z,89.0,Charge 4
2022-03-11T17:04:54Z,91.0,Charge 4
2022-03-11T17:05:09Z,91.0,Charge 4
2022-03-11T17:05:14Z,93.0,Charge 4
2022-03-11T17:05:19Z,93.0,Charge 4
2022-03-11T17:05:25Z,94.0,Charge 4
2022-03-11T17:05:30Z,95.0,Charge 4
2022-03-11T17:05:40Z,94.0,Charge 4
2022-03-11T17:05:45Z,94.0,Charge 4
2022-03-11T17:05:50Z,93.0,Charge 4
2022-03-11T17:06:00Z,94.0,Charge 4
2022-03-11T17:06:10Z,94.0,Charge 4
2022-03-11T17:06:15Z,94.0,Charge 4
2022-03-11T17:06:20Z,95.0,Charge 4
2022-03-11T17:06:35Z,96.0,Charge 4
2022-03-11T17:06:50Z,97.0,Charge 4
2022-03-11T17:06:55Z,98.0,Charge 4
2022-03-11T17:07:00Z,99.0,Charge 4
2022-03-11T17:07:05Z,100.0,Charge 4
2022-03-11T17:07:10Z,97.0,Charge 4
2022-03-11T17:07:15Z,96.0,Charge 4
2022-03-11T17:07:20Z,94.0,Charge 4
2022-03-11T17:07:25Z,93.0,Charge 4
2022-03-11T17:07:30Z,92.0,Charge 4
2022-03-11T17:07:40Z,92.0,Charge 4
2022-03-11T17:07:55Z,94.0,Charge 4
2022-03-11T17:08:00Z,96.0,Charge 4
2022-03-11T17:08:10Z,95.0,Charge 4
2022-03-11T17:08:25Z,96.0,Charge 4
2022-03-11T17:08:35Z,98.0,Charge 4
2022-03-11T17:08:50Z,97.0,Charge 4
2022-03-11T17:08:55Z,97.0,Charge 4
2022-03-11T17:09:00Z,96.0,Charge 4
2022-03-11T17:09:10Z,95.0,Charge 4
2022-03-11T17:09:15Z,95.0,Charge 4
2022-03-11T17:09:20Z,95.0,Charge 4
2022-03-11T17:09:25Z,96.0,Charge 4
2022-03-11T17:09:35Z,97.0,Charge 4
2022-03-11T17:09:40Z,98.0,Charge 4
2022-03-11T17:09:55Z,97.0,Charge 4
2022-03-11T17:10:05Z,96.0,Charge 4
2022-03-11T17:10:10Z,95.0,Charge 4
2022-03-11T17:10:15Z,89.0,Charge 4
2022-03-11T17:10:25Z,92.0,Charge 4
2022-03-11T17:10:30Z,94.0,Charge 4
2022-03-11T17:10:40Z,95.0,Charge 4
2022-03-11T17:10:45Z,93.0,Charge 4
2022-03-11T17:10:50Z,89.0,Charge 4
2022-03-11T17:10:55Z,90.0,Charge 4
2022-03-11T17:11:00Z,91.0,Charge 4
2022-03-11T17:11:05Z,93.0,Charge 4
2022-03-11T17:11:15Z,94.0,Charge 4
2022-03-11T17:11:20Z,93.0,Charge 4
2022-03-11T17:11:25Z,92.0,Charge 4
2022-03-11T17:11:40Z,91.0,Charge 4
2022-03-11T17:11:50Z,92.0,Charge 4
2022-03-11T17:11:55Z,92.0,Charge 4
2022-03-11T17:12:00Z,91.0,Charge 4
2022-03-11T17:12:10Z,90.0,Charge 4
2022-03-11T17:12:15Z,90.0,Charge 4
2022-03-11T17:12:20Z,91.0,Charge 4
2022-03-11T17:12:25Z,92.0,Charge 4
2022-03-11T17:12:30Z,95.0,Charge 4
2022-03-11T17:12:35Z,96.0,Charge 4
2022-03-11T17:12:50Z,95.0,Charge 4
2022-03-11T17:13:00Z,96.0,Charge 4
2022-03-11T17:13:05Z,94.0,Charge 4
2022-03-11T17:13:10Z,91.0,Charge 4
2022-03-11T17:13:20Z,89.0,Charge 4
2022-03-11T17:13:25Z,88.0,Charge 4
2022-03-11T17:13:30Z,91.0,Charge 4
2022-03-11T17:13:35Z,93.0,Charge 4
2022-03-11T17:13:40Z,94.0,Charge 4
2022-03-11T17:13:50Z,90.0,Charge 4
2022-03-11T17:13:55Z,90.0,Charge 4
2022-03-11T17:14:05Z,90.0,Charge 4
2022-03-11T17:14:10Z,91.0,Charge 4
2022-03-11T17:14:20Z,92.0,Charge 4
2022-03-11T17:14:35Z,92.0,Charge 4
2022-03-11T17:14:50Z,93.0,Charge 4
2022-03-11T17:14:55Z,91.0,Charge 4
2022-03-11T17:15:00Z,88.0,Charge 4
2022-03-11T17:15:10Z,91.0,Charge 4
2022-03-11T17:15:15Z,92.0,Charge 4
2022-03-11T17:15:25Z,91.0,Charge 4
2022-03-11T17:15:40Z,91.0,Charge 4
2022-03-11T17:15:45Z,91.0,Charge 4
2022-03-11T17:16:00Z,92.0,Charge 4
2022-03-11T17:16:05Z,93.0,Charge 4
2022-03-11T17:16:20Z,94.0,Charge 4
2022-03-11T17:16:25Z,95.0,Charge 4
2022-03-11T17:16:40Z,95.0,Charge 4
2022-03-11T17:16:50Z,93.0,Charge 4
2022-03-11T17:17:05Z,93.0,Charge 4
2022-03-11T17:17:10Z,91.0,Charge 4
2022-03-11T17:17:15Z,92.0,Charge 4
2022-03-11T17:17:30Z,93.0,Charge 4
2022-03-11T17:17:40Z,89.0,Charge 4
2022-03-11T17:17:45Z,88.0,Charge 4
2022-03-11T17:17:50Z,89.0,Charge 4
2022-03-11T17:17:55Z,90.0,Charge 4
2022-03-11T17:18:05Z,91.0,Charge 4
2022-03-11T17:18:10Z,92.0,Charge 4
2022-03-11T17:18:15Z,93.0,Charge 4
2022-03-11T17:18:20Z,94.0,Charge 4
2022-03-11T17:18:25Z,95.0,Charge 4
2022-03-11T17:18:35Z,97.0,Charge 4
2022-03-11T17:18:45Z,98.0,Charge 4
2022-03-11T17:19:00Z,98.0,Charge 4
2022-03-11T17:19:05Z,97.0,Charge 4
2022-03-11T17:19:20Z,97.0,Charge 4
2022-03-11T17:19:35Z,96.0,Charge 4
2022-03-11T17:19:40Z,94.0,Charge 4
2022-03-11T17:19:45Z,94.0,Charge 4
2022-03-11T17:19:55Z,93.0,Charge 4
2022-03-11T17:20:10Z,94.0,Charge 4
2022-03-11T17:20:15Z,93.0,Charge 4
2022-03-11T17:20:25Z,94.0,Charge 4
2022-03-11T17:20:35Z,99.0,Charge 4
2022-03-11T17:20:40Z,97.0,Charge 4
2022-03-11T17:20:45Z,96.0,Charge 4
2022-03-11T17:20:50Z,95.0,Charge 4
2022-03-11T17:21:05Z,95.0,Charge 4
2022-03-11T17:21:10Z,95.0,Charge 4
2022-03-11T17:21:15Z,92.0,Charge 4
2022-03-11T17:21:20Z,91.0,Charge 4
2022-03-11T17:21:25Z,89.0,Charge 4
2022-03-11T17:21:30Z,88.0,Charge 4
2022-03-11T17:21:35Z,88.0,Charge 4
2022-03-11T17:21:45Z,88.0,Charge 4
2022-03-11T17:22:00Z,88.0,Charge 4
2022-03-11T17:22:10Z,90.0,Charge 4
2022-03-11T17:22:15Z,91.0,Charge 4
2022-03-11T17:22:20Z,91.0,Charge 4
2022-03-11T17:22:25Z,90.0,Charge 4
2022-03-11T17:22:40Z,93.0,Charge 4
2022-03-11T17:22:45Z,92.0,Charge 4
2022-03-11T17:22:50Z,90.0,Charge 4
2022-03-11T17:22:55Z,88.0,Charge 4
2022-03-11T17:23:00Z,87.0,Charge 4
2022-03-11T17:23:05Z,87.0,Charge 4
2022-03-11T17:23:10Z,88.0,Charge 4
2022-03-11T17:23:25Z,89.0,Charge 4
2022-03-11T17:23:30Z,90.0,Charge 4
2022-03-11T17:23:35Z,90.0,Charge 4
2022-03-11T17:23:45Z,91.0,Charge 4
2022-03-11T17:23:55Z,90.0,Charge 4
2022-03-11T17:24:05Z,91.0,Charge 4
2022-03-11T17:24:15Z,93.0,Charge 4
2022-03-11T17:24:25Z,94.0,Charge 4
2022-03-11T17:24:30Z,93.0,Charge 4
2022-03-11T17:24:35Z,94.0,Charge 4
2022-03-11T17:24:50Z,95.0,Charge 4
2022-03-11T17:24:55Z,94.0,Charge 4
2022-03-11T17:25:10Z,94.0,Charge 4
2022-03-11T17:25:15Z,96.0,Charge 4
2022-03-11T17:25:25Z,97.0,Charge 4
2022-03-11T17:25:35Z,96.0,Charge 4
2022-03-11T17:25:40Z,94.0,Charge 4
2022-03-11T17:25:55Z,94.0,Charge 4
2022-03-11T17:26:05Z,95.0,Charge 4
2022-03-11T17:26:20Z,95.0,Charge 4
2022-03-11T17:26:25Z,96.0,Charge 4
2022-03-11T17:26:35Z,98.0,Charge 4
2022-03-11T17:26:45Z,96.0,Charge 4
2022-03-11T17:26:50Z,96.0,Charge 4
2022-03-11T17:27:05Z,96.0,Charge 4
2022-03-11T17:27:06Z,95.0,Charge 4
2022-03-11T17:27:21Z,96.0,Charge 4
2022-03-11T17:27:31Z,97.0,Charge 4
2022-03-11T17:27:36Z,96.0,Charge 4
2022-03-11T17:27:51Z,97.0,Charge 4
2022-03-11T17:28:01Z,96.0,Charge 4
2022-03-11T17:28:16Z,96.0,Charge 4
2022-03-11T17:28:31Z,98.0,Charge 4
2022-03-11T17:28:36Z,99.0,Charge 4
2022-03-11T17:28:41Z,99.0,Charge 4
2022-03-11T17:28:56Z,98.0,Charge 4
2022-03-11T17:29:11Z,98.0,Charge 4
2022-03-11T17:29:21Z,99.0,Charge 4
2022-03-11T17:29:31Z,98.0,Charge 4
2022-03-11T17:29:36Z,96.0,Charge 4
2022-03-11T17:29:41Z,94.0,Charge 4
2022-03-11T17:29:46Z,93.0,Charge 4
2022-03-11T17:29:51Z,91.0,Charge 4
2022-03-11T17:29:56Z,89.0,Charge 4
2022-03-11T17:30:01Z,90.0,Charge 4
2022-03-11T17:30:11Z,91.0,Charge 4
2022-03-11T17:30:16Z,92.0,Charge 4
2022-03-11T17:30:21Z,93.0,Charge 4
2022-03-11T17:30:26Z,93.0,Charge 4
2022-03-11T17:30:41Z,93.0,Charge 4
2022-03-11T17:30:56Z,93.0,Charge 4
2022-03-11T17:31:01Z,92.0,Charge 4
2022-03-11T17:31:06Z,91.0,Charge 4
2022-03-11T17:31:21Z,90.0,Charge 4
2022-03-11T17:31:36Z,91.0,Charge 4
2022-03-11T17:31:41Z,92.0,Charge 4
2022-03-11T17:31:56Z,92.0,Charge 4
2022-03-11T17:32:06Z,94.0,Charge 4
2022-03-11T17:32:11Z,95.0,Charge 4
2022-03-11T17:32:16Z,93.0,Charge 4
2022-03-11T17:32:21Z,91.0,Charge 4
2022-03-11T17:32:26Z,90.0,Charge 4
2022-03-11T17:32:41Z,89.0,Charge 4
2022-03-11T17:32:56Z,90.0,Charge 4
2022-03-11T17:33:01Z,91.0,Charge 4
2022-03-11T17:33:16Z,89.0,Charge 4
2022-03-11T17:33:26Z,90.0,Charge 4
2022-03-11T17:33:41Z,90.0,Charge 4
2022-03-11T17:33:51Z,91.0,Charge 4
2022-03-11T17:34:06Z,91.0,Charge 4
2022-03-11T17:34:16Z,90.0,Charge 4
2022-03-11T17:34:21Z,89.0,Charge 4
2022-03-11T17:34:36Z,91.0,Charge 4
2022-03-11T17:34:41Z,92.0,Charge 4
2022-03-11T17:34:51Z,91.0,Charge 4
2022-03-11T17:35:06Z,91.0,Charge 4
2022-03-11T17:35:16Z,94.0,Charge 4
2022-03-11T17:35:21Z,95.0,Charge 4
2022-03-11T17:35:26Z,94.0,Charge 4
2022-03-11T17:35:31Z,92.0,Charge 4
2022-03-11T17:35:46Z,91.0,Charge 4
2022-03-11T17:36:01Z,92.0,Charge 4
2022-03-11T17:36:06Z,93.0,Charge 4
2022-03-11T17:36:21Z,93.0,Charge 4
2022-03-11T17:36:36Z,94.0,Charge 4
2022-03-11T17:36:41Z,95.0,Charge 4
2022-03-11T17:36:46Z,96.0,Charge 4
2022-03-11T17:36:56Z,94.0,Charge 4
2022-03-11T17:37:11Z,93.0,Charge 4
2022-03-11T17:37:26Z,93.0,Charge 4
2022-03-11T17:37:31Z,92.0,Charge 4
2022-03-11T17:37:41Z,93.0,Charge 4
2022-03-11T17:37:46Z,92.0,Charge 4
2022-03-11T17:37:51Z,93.0,Charge 4
2022-03-11T17:37:56Z,94.0,Charge 4
2022-03-11T17:38:06Z,95.0,Charge 4
2022-03-11T17:38:11Z,96.0,Charge 4
2022-03-11T17:38:21Z,95.0,Charge 4
2022-03-11T17:38:36Z,95.0,Charge 4
2022-03-11T17:38:41Z,94.0,Charge 4
2022-03-11T17:38:56Z,93.0,Charge 4
2022-03-11T17:39:01Z,92.0,Charge 4
2022-03-11T17:39:16Z,92.0,Charge 4
2022-03-11T17:39:26Z,93.0,Charge 4
2022-03-11T17:39:31Z,92.0,Charge 4
2022-03-11T17:39:46Z,93.0,Charge 4
2022-03-11T17:39:51Z,94.0,Charge 4
2022-03-11T17:40:06Z,95.0,Charge 4
2022-03-11T17:40:16Z,96.0,Charge 4
2022-03-11T17:40:21Z,97.0,Charge 4
2022-03-11T17:40:26Z,97.0,Charge 4
2022-03-11T17:40:41Z,97.0,Charge 4
2022-03-11T17:40:51Z,98.0,Charge 4
2022-03-11T17:40:56Z,99.0,Charge 4
2022-03-11T17:41:11Z,100.0,Charge 4
2022-03-11T17:41:26Z,100.0,Charge 4
2022-03-11T17:41:31Z,102.0,Charge 4
2022-03-11T17:41:36Z,106.0,Charge 4
2022-03-11T17:41:41Z,105.0,Charge 4
2022-03-11T17:41:46Z,103.0,Charge 4
2022-03-11T17:41:51Z,102.0,Charge 4
2022-03-11T17:41:56Z,101.0,Charge 4
2022-03-11T17:42:11Z,100.0,Charge 4
2022-03-11T17:42:16Z,99.0,Charge 4
2022-03-11T17:42:21Z,98.0,Charge 4
2022-03-11T17:42:26Z,97.0,Charge 4
2022-03-11T17:42:41Z,98.0,Charge 4
2022-03-11T17:42:46Z,99.0,Charge 4
2022-03-11T17:42:56Z,96.0,Charge 4
2022-03-11T17:43:01Z,93.0,Charge 4
2022-03-11T17:43:06Z,92.0,Charge 4
2022-03-11T17:43:11Z,89.0,Charge 4
2022-03-11T17:43:16Z,89.0,Charge 4
2022-03-11T17:43:21Z,92.0,Charge 4
2022-03-11T17:43:26Z,91.0,Charge 4
2022-03-11T17:43:31Z,84.0,Charge 4
2022-03-11T17:43:36Z,87.0,Charge 4
2022-03-11T17:43:41Z,90.0,Charge 4
2022-03-11T17:43:46Z,92.0,Charge 4
2022-03-11T17:43:51Z,93.0,Charge 4
2022-03-11T17:43:56Z,94.0,Charge 4
2022-03-11T17:44:01Z,90.0,Charge 4
2022-03-11T17:44:06Z,91.0,Charge 4
2022-03-11T17:44:11Z,94.0,Charge 4
2022-03-11T17:44:21Z,93.0,Charge 4
2022-03-11T17:44:31Z,93.0,Charge 4
2022-03-11T17:44:36Z,92.0,Charge 4
2022-03-11T17:44:41Z,92.0,Charge 4
2022-03-11T17:44:46Z,93.0,Charge 4
2022-03-11T17:44:56Z,92.0,Charge 4
2022-03-11T17:45:06Z,91.0,Charge 4
2022-03-11T17:45:16Z,91.0,Charge 4
2022-03-11T17:45:31Z,91.0,Charge 4
2022-03-11T17:46:27Z,90.0,Charge 4
2022-03-11T17:46:42Z,90.0,Charge 4
2022-03-11T17:46:52Z,89.0,Charge 4
2022-03-11T17:46:57Z,87.0,Charge 4
2022-03-11T17:47:07Z,88.0,Charge 4
2022-03-11T17:47:17Z,89.0,Charge 4
2022-03-11T17:47:32Z,90.0,Charge 4
2022-03-11T17:47:37Z,91.0,Charge 4
2022-03-11T17:47:52Z,91.0,Charge 4
2022-03-11T17:48:02Z,91.0,Charge 4
2022-03-11T17:48:07Z,91.0,Charge 4
2022-03-11T17:48:17Z,90.0,Charge 4
2022-03-11T17:48:32Z,90.0,Charge 4
2022-03-11T17:48:37Z,92.0,Charge 4
2022-03-11T17:48:52Z,92.0,Charge 4
2022-03-11T17:49:07Z,91.0,Charge 4
2022-03-11T17:49:12Z,94.0,Charge 4
2022-03-11T17:49:17Z,99.0,Charge 4
2022-03-11T17:49:22Z,105.0,Charge 4
2022-03-11T17:49:27Z,106.0,Charge 4
2022-03-11T17:49:32Z,105.0,Charge 4
2022-03-11T17:49:37Z,106.0,Charge 4
2022-03-11T17:49:47Z,105.0,Charge 4
2022-03-11T17:49:57Z,107.0,Charge 4
2022-03-11T17:50:02Z,108.0,Charge 4
2022-03-11T17:50:07Z,106.0,Charge 4
2022-03-11T17:50:12Z,105.0,Charge 4
2022-03-11T17:50:17Z,106.0,Charge 4
2022-03-11T17:50:27Z,109.0,Charge 4
2022-03-11T17:50:37Z,107.0,Charge 4
2022-03-11T17:50:42Z,103.0,Charge 4
2022-03-11T17:50:47Z,100.0,Charge 4
2022-03-11T17:50:52Z,107.0,Charge 4
2022-03-11T17:50:57Z,114.0,Charge 4
2022-03-11T17:51:02Z,110.0,Charge 4
2022-03-11T17:51:17Z,109.0,Charge 4
2022-03-11T17:51:22Z,108.0,Charge 4
2022-03-11T17:51:27Z,112.0,Charge 4
2022-03-11T17:51:32Z,116.0,Charge 4
2022-03-11T17:51:37Z,119.0,Charge 4
2022-03-11T17:51:42Z,121.0,Charge 4
2022-03-11T17:51:47Z,123.0,Charge 4
2022-03-11T17:52:02Z,123.0,Charge 4
2022-03-11T17:52:17Z,122.0,Charge 4
2022-03-11T17:52:27Z,109.0,Charge 4
2022-03-11T17:52:32Z,95.0,Charge 4
2022-03-11T17:52:37Z,91.0,Charge 4
2022-03-11T17:52:42Z,93.0,Charge 4
2022-03-11T17:52:47Z,93.0,Charge 4
2022-03-11T17:52:52Z,94.0,Charge 4
2022-03-11T17:53:02Z,93.0,Charge 4
2022-03-11T17:53:12Z,95.0,Charge 4
2022-03-11T17:53:17Z,94.0,Charge 4
2022-03-11T17:53:22Z,92.0,Charge 4
2022-03-11T17:53:27Z,91.0,Charge 4
2022-03-11T17:53:32Z,95.0,Charge 4
2022-03-11T17:53:37Z,91.0,Charge 4
2022-03-11T17:53:52Z,91.0,Charge 4
2022-03-11T17:53:57Z,92.0,Charge 4
2022-03-11T17:54:12Z,93.0,Charge 4
2022-03-11T17:54:17Z,93.0,Charge 4
2022-03-11T17:54:22Z,92.0,Charge 4
2022-03-11T17:54:27Z,91.0,Charge 4
2022-03-11T17:54:32Z,90.0,Charge 4
2022-03-11T17:54:37Z,91.0,Charge 4
2022-03-11T17:54:42Z,89.0,Charge 4
2022-03-11T17:54:47Z,84.0,Charge 4
2022-03-11T17:54:52Z,87.0,Charge 4
2022-03-11T17:54:57Z,90.0,Charge 4
2022-03-11T17:55:02Z,91.0,Charge 4
2022-03-11T17:55:07Z,91.0,Charge 4
2022-03-11T17:55:17Z,83.0,Charge 4
2022-03-11T17:55:22Z,86.0,Charge 4
2022-03-11T17:55:27Z,87.0,Charge 4
2022-03-11T17:55:42Z,87.0,Charge 4
2022-03-11T17:55:47Z,88.0,Charge 4
2022-03-11T17:55:52Z,89.0,Charge 4
2022-03-11T17:56:07Z,90.0,Charge 4
2022-03-11T17:56:12Z,91.0,Charge 4
2022-03-11T17:56:17Z,91.0,Charge 4
2022-03-11T17:56:32Z,90.0,Charge 4
2022-03-11T17:56:47Z,90.0,Charge 4
2022-03-11T17:56:57Z,91.0,Charge 4
2022-03-11T17:57:02Z,92.0,Charge 4
2022-03-11T17:57:12Z,91.0,Charge 4
2022-03-11T17:57:22Z,91.0,Charge 4
2022-03-11T17:57:27Z,90.0,Charge 4
2022-03-11T17:57:37Z,89.0,Charge 4
2022-03-11T17:57:52Z,90.0,Charge 4
2022-03-11T17:57:57Z,89.0,Charge 4
2022-03-11T17:58:02Z,90.0,Charge 4
2022-03-11T17:58:07Z,89.0,Charge 4
2022-03-11T17:58:12Z,89.0,Charge 4
2022-03-11T17:58:27Z,89.0,Charge 4
2022-03-11T17:58:42Z,90.0,Charge 4
2022-03-11T17:58:47Z,89.0,Charge 4
2022-03-11T17:58:52Z,87.0,Charge 4
2022-03-11T17:58:57Z,88.0,Charge 4
2022-03-11T17:59:02Z,89.0,Charge 4
2022-03-11T17:59:07Z,88.0,Charge 4
2022-03-11T17:59:22Z,88.0,Charge 4
2022-03-11T17:59:32Z,87.0,Charge 4
2022-03-11T17:59:37Z,86.0,Charge 4
2022-03-11T17:59:42Z,87.0,Charge 4
2022-03-11T17:59:47Z,88.0,Charge 4
2022-03-11T17:59:57Z,89.0,Charge 4
2022-03-11T18:00:03Z,88.0,Charge 4
2022-03-11T18:00:18Z,88.0,Charge 4
2022-03-11T18:00:23Z,89.0,Charge 4
2022-03-11T18:00:28Z,88.0,Charge 4
2022-03-11T18:00:43Z,87.0,Charge 4
2022-03-11T18:00:48Z,86.0,Charge 4
2022-03-11T18:00:53Z,85.0,Charge 4
2022-03-11T18:01:08Z,85.0,Charge 4
2022-03-11T18:01:23Z,85.0,Charge 4
2022-03-11T18:01:28Z,87.0,Charge 4
2022-03-11T18:01:43Z,88.0,Charge 4
2022-03-11T18:01:58Z,91.0,Charge 4
2022-03-11T18:02:08Z,89.0,Charge 4
2022-03-11T18:02:23Z,89.0,Charge 4
2022-03-11T18:02:28Z,88.0,Charge 4
2022-03-11T18:02:33Z,89.0,Charge 4
2022-03-11T18:02:48Z,89.0,Charge 4
2022-03-11T18:02:53Z,90.0,Charge 4
2022-03-11T18:02:58Z,91.0,Charge 4
2022-03-11T18:03:03Z,96.0,Charge 4
2022-03-11T18:03:08Z,97.0,Charge 4
2022-03-11T18:03:13Z,96.0,Charge 4
2022-03-11T18:03:18Z,95.0,Charge 4
2022-03-11T18:03:23Z,92.0,Charge 4
2022-03-11T18:03:38Z,93.0,Charge 4
2022-03-11T18:03:43Z,92.0,Charge 4
2022-03-11T18:03:48Z,91.0,Charge 4
2022-03-11T18:03:53Z,90.0,Charge 4
2022-03-11T18:04:08Z,90.0,Charge 4
2022-03-11T18:04:23Z,90.0,Charge 4
2022-03-11T18:04:38Z,91.0,Charge 4
2022-03-11T18:04:53Z,92.0,Charge 4
2022-03-11T18:05:08Z,93.0,Charge 4
2022-03-11T18:05:13Z,94.0,Charge 4
2022-03-11T18:05:28Z,94.0,Charge 4
2022-03-11T18:05:38Z,93.0,Charge 4
2022-03-11T18:05:48Z,94.0,Charge 4
2022-03-11T18:05:53Z,95.0,Charge 4
2022-03-11T18:05:58Z,94.0,Charge 4
2022-03-11T18:06:08Z,93.0,Charge 4
2022-03-11T18:06:13Z,92.0,Charge 4
2022-03-11T18:06:18Z,93.0,Charge 4
2022-03-11T18:06:33Z,93.0,Charge 4
2022-03-11T18:06:48Z,93.0,Charge 4
2022-03-11T18:06:53Z,94.0,Charge 4
2022-03-11T18:07:03Z,95.0,Charge 4
2022-03-11T18:07:18Z,95.0,Charge 4
2022-03-11T18:07:23Z,96.0,Charge 4
2022-03-11T18:07:28Z,97.0,Charge 4
2022-03-11T18:07:43Z,97.0,Charge 4
2022-03-11T18:07:58Z,96.0,Charge 4
2022-03-11T18:08:13Z,96.0,Charge 4
2022-03-11T18:08:18Z,97.0,Charge 4
2022-03-11T18:08:28Z,96.0,Charge 4
2022-03-11T18:08:33Z,96.0,Charge 4
2022-03-11T18:08:48Z,95.0,Charge 4
2022-03-11T18:08:53Z,94.0,Charge 4
2022-03-11T18:08:58Z,89.0,Charge 4
2022-03-11T18:09:03Z,86.0,Charge 4
2022-03-11T18:09:13Z,87.0,Charge 4
2022-03-11T18:09:28Z,88.0,Charge 4
2022-03-11T18:09:38Z,89.0,Charge 4
2022-03-11T18:09:43Z,90.0,Charge 4
2022-03-11T18:09:53Z,89.0,Charge 4
2022-03-11T18:09:58Z,90.0,Charge 4
2022-03-11T18:10:03Z,91.0,Charge 4
2022-03-11T18:10:18Z,91.0,Charge 4
2022-03-11T18:10:28Z,92.0,Charge 4
2022-03-11T18:10:43Z,93.0,Charge 4
2022-03-11T18:10:58Z,93.0,Charge 4
2022-03-11T18:11:03Z,92.0,Charge 4
2022-03-11T18:11:13Z,93.0,Charge 4
2022-03-11T18:11:18Z,94.0,Charge 4
2022-03-11T18:11:23Z,96.0,Charge 4
2022-03-11T18:11:28Z,97.0,Charge 4
2022-03-11T18:11:43Z,97.0,Charge 4
2022-03-11T18:11:58Z,98.0,Charge 4
2022-03-11T18:12:03Z,99.0,Charge 4
2022-03-11T18:12:18Z,99.0,Charge 4
2022-03-11T18:12:23Z,97.0,Charge 4
2022-03-11T18:12:28Z,96.0,Charge 4
2022-03-11T18:12:33Z,96.0,Charge 4
2022-03-11T18:12:48Z,96.0,Charge 4
2022-03-11T18:12:58Z,97.0,Charge 4
2022-03-11T18:13:03Z,97.0,Charge 4
2022-03-11T18:13:08Z,96.0,Charge 4
2022-03-11T18:13:18Z,94.0,Charge 4
2022-03-11T18:13:23Z,93.0,Charge 4
2022-03-11T18:13:28Z,92.0,Charge 4
2022-03-11T18:13:38Z,93.0,Charge 4
2022-03-11T18:13:43Z,92.0,Charge 4
2022-03-11T18:13:58Z,92.0,Charge 4
2022-03-11T18:14:03Z,91.0,Charge 4
2022-03-11T18:14:18Z,91.0,Charge 4
2022-03-11T18:14:23Z,94.0,Charge 4
2022-03-11T18:14:38Z,94.0,Charge 4
2022-03-11T18:14:48Z,95.0,Charge 4
2022-03-11T18:15:03Z,95.0,Charge 4
2022-03-11T18:16:09Z,91.0,Charge 4
2022-03-11T18:16:19Z,92.0,Charge 4
2022-03-11T18:16:24Z,91.0,Charge 4
2022-03-11T18:16:29Z,85.0,Charge 4
2022-03-11T18:16:34Z,84.0,Charge 4
2022-03-11T18:16:39Z,87.0,Charge 4
2022-03-11T18:16:44Z,87.0,Charge 4
2022-03-11T18:16:49Z,88.0,Charge 4
2022-03-11T18:16:54Z,90.0,Charge 4
2022-03-11T18:16:59Z,91.0,Charge 4
2022-03-11T18:17:09Z,90.0,Charge 4
2022-03-11T18:17:24Z,91.0,Charge 4
2022-03-11T18:17:29Z,90.0,Charge 4
2022-03-11T18:17:39Z,90.0,Charge 4
2022-03-11T18:17:54Z,90.0,Charge 4
2022-03-11T18:18:04Z,93.0,Charge 4
2022-03-11T18:18:09Z,93.0,Charge 4
2022-03-11T18:18:14Z,87.0,Charge 4
2022-03-11T18:18:24Z,88.0,Charge 4
2022-03-11T18:18:29Z,90.0,Charge 4
2022-03-11T18:18:39Z,91.0,Charge 4
2022-03-11T18:18:49Z,91.0,Charge 4
2022-03-11T18:18:54Z,90.0,Charge 4
2022-03-11T18:19:09Z,90.0,Charge 4
2022-03-11T18:19:14Z,90.0,Charge 4
2022-03-11T18:19:24Z,90.0,Charge 4
2022-03-11T18:19:34Z,89.0,Charge 4
2022-03-11T18:19:39Z,89.0,Charge 4
2022-03-11T18:19:54Z,89.0,Charge 4
2022-03-11T18:19:59Z,90.0,Charge 4
2022-03-11T18:20:14Z,90.0,Charge 4
2022-03-11T18:20:19Z,91.0,Charge 4
2022-03-11T18:20:34Z,92.0,Charge 4
2022-03-11T18:20:39Z,93.0,Charge 4
2022-03-11T18:20:54Z,93.0,Charge 4
2022-03-11T18:21:04Z,92.0,Charge 4
2022-03-11T18:21:14Z,91.0,Charge 4
2022-03-11T18:21:29Z,91.0,Charge 4
2022-03-11T18:21:44Z,92.0,Charge 4
2022-03-11T18:21:59Z,92.0,Charge 4
2022-03-11T18:22:09Z,93.0,Charge 4
2022-03-11T18:22:19Z,92.0,Charge 4
2022-03-11T18:22:34Z,92.0,Charge 4
2022-03-11T18:22:49Z,92.0,Charge 4
2022-03-11T18:22:54Z,93.0,Charge 4
2022-03-11T18:23:04Z,92.0,Charge 4
2022-03-11T18:23:19Z,92.0,Charge 4
2022-03-11T18:23:24Z,93.0,Charge 4
2022-03-11T18:23:29Z,97.0,Charge 4
2022-03-11T18:23:34Z,95.0,Charge 4
2022-03-11T18:23:49Z,95.0,Charge 4
2022-03-11T18:24:04Z,94.0,Charge 4
2022-03-11T18:24:19Z,94.0,Charge 4
2022-03-11T18:24:34Z,94.0,Charge 4
2022-03-11T18:24:39Z,94.0,Charge 4
2022-03-11T18:24:44Z,95.0,Charge 4
2022-03-11T18:24:49Z,94.0,Charge 4
2022-03-11T18:24:59Z,95.0,Charge 4
2022-03-11T18:25:04Z,93.0,Charge 4
2022-03-11T18:25:09Z,92.0,Charge 4
2022-03-11T18:25:14Z,93.0,Charge 4
2022-03-11T18:25:24Z,94.0,Charge 4
2022-03-11T18:25:29Z,95.0,Charge 4
2022-03-11T18:25:34Z,97.0,Charge 4
2022-03-11T18:25:44Z,98.0,Charge 4
2022-03-11T18:25:49Z,97.0,Charge 4
2022-03-11T18:25:59Z,96.0,Charge 4
2022-03-11T18:26:04Z,96.0,Charge 4
2022-03-11T18:26:09Z,95.0,Charge 4
2022-03-11T18:26:14Z,94.0,Charge 4
2022-03-11T18:26:19Z,94.0,Charge 4
2022-03-11T18:26:34Z,94.0,Charge 4
2022-03-11T18:26:39Z,94.0,Charge 4
2022-03-11T18:26:44Z,96.0,Charge 4
2022-03-11T18:26:59Z,96.0,Charge 4
2022-03-11T18:27:14Z,96.0,Charge 4
2022-03-11T18:27:24Z,97.0,Charge 4
2022-03-11T18:27:29Z,96.0,Charge 4
2022-03-11T18:27:34Z,97.0,Charge 4
2022-03-11T18:27:44Z,96.0,Charge 4
2022-03-11T18:27:59Z,96.0,Charge 4
2022-03-11T18:28:04Z,96.0,Charge 4
2022-03-11T18:28:19Z,95.0,Charge 4
2022-03-11T18:28:34Z,96.0,Charge 4
2022-03-11T18:28:44Z,95.0,Charge 4
2022-03-11T18:28:59Z,95.0,Charge 4
2022-03-11T18:29:14Z,96.0,Charge 4
2022-03-11T18:29:29Z,96.0,Charge 4
2022-03-11T18:29:34Z,97.0,Charge 4
2022-03-11T18:29:44Z,94.0,Charge 4
2022-03-11T18:29:49Z,93.0,Charge 4
2022-03-11T18:29:54Z,92.0,Charge 4
2022-03-11T18:30:04Z,92.0,Charge 4
2022-03-11T18:30:09Z,91.0,Charge 4
2022-03-11T18:30:19Z,92.0,Charge 4
2022-03-11T18:30:34Z,92.0,Charge 4
2022-03-11T18:30:49Z,91.0,Charge 4
2022-03-11T18:30:59Z,90.0,Charge 4
2022-03-11T18:31:09Z,93.0,Charge 4
2022-03-11T18:31:24Z,93.0,Charge 4
2022-03-11T18:31:29Z,94.0,Charge 4
2022-03-11T18:31:34Z,93.0,Charge 4
2022-03-11T18:31:49Z,93.0,Charge 4
2022-03-11T18:31:54Z,92.0,Charge 4
2022-03-11T18:31:59Z,91.0,Charge 4
2022-03-11T18:32:09Z,90.0,Charge 4
2022-03-11T18:32:17Z,90.0,Charge 4
2022-03-11T18:32:32Z,92.0,Charge 4
2022-03-11T18:32:37Z,92.0,Charge 4
2022-03-11T18:32:42Z,91.0,Charge 4
2022-03-11T18:32:57Z,92.0,Charge 4
2022-03-11T18:33:12Z,92.0,Charge 4
2022-03-11T18:33:27Z,91.0,Charge 4
2022-03-11T18:33:42Z,92.0,Charge 4
2022-03-11T18:33:52Z,91.0,Charge 4
2022-03-11T18:33:57Z,89.0,Charge 4
2022-03-11T18:34:02Z,86.0,Charge 4
2022-03-11T18:34:07Z,85.0,Charge 4
2022-03-11T18:34:12Z,86.0,Charge 4
2022-03-11T18:34:27Z,86.0,Charge 4
2022-03-11T18:34:42Z,87.0,Charge 4
2022-03-11T18:34:47Z,89.0,Charge 4
2022-03-11T18:34:57Z,90.0,Charge 4
2022-03-11T18:35:02Z,91.0,Charge 4
2022-03-11T18:35:17Z,91.0,Charge 4
2022-03-11T18:35:32Z,92.0,Charge 4
2022-03-11T18:35:47Z,92.0,Charge 4
2022-03-11T18:36:02Z,92.0,Charge 4
2022-03-11T18:36:07Z,93.0,Charge 4
2022-03-11T18:36:17Z,92.0,Charge 4
2022-03-11T18:36:22Z,91.0,Charge 4
2022-03-11T18:36:32Z,91.0,Charge 4
2022-03-11T18:36:37Z,92.0,Charge 4
2022-03-11T18:36:42Z,92.0,Charge 4
2022-03-11T18:36:57Z,92.0,Charge 4
2022-03-11T18:37:12Z,91.0,Charge 4
2022-03-11T18:37:27Z,91.0,Charge 4
2022-03-11T18:37:32Z,92.0,Charge 4
2022-03-11T18:37:37Z,92.0,Charge 4
2022-03-11T18:37:42Z,92.0,Charge 4
2022-03-11T18:37:57Z,92.0,Charge 4
2022-03-11T18:38:12Z,91.0,Charge 4
2022-03-11T18:38:27Z,91.0,Charge 4
2022-03-11T18:38:37Z,92.0,Charge 4
2022-03-11T18:38:42Z,92.0,Charge 4
2022-03-11T18:38:47Z,92.0,Charge 4
2022-03-11T18:38:57Z,91.0,Charge 4
2022-03-11T18:39:02Z,90.0,Charge 4
2022-03-11T18:39:17Z,90.0,Charge 4
2022-03-11T18:39:32Z,90.0,Charge 4
2022-03-11T18:39:47Z,91.0,Charge 4
2022-03-11T18:39:52Z,92.0,Charge 4
2022-03-11T18:39:57Z,93.0,Charge 4
2022-03-11T18:40:07Z,94.0,Charge 4
2022-03-11T18:40:12Z,95.0,Charge 4
2022-03-11T18:40:17Z,94.0,Charge 4
2022-03-11T18:40:22Z,89.0,Charge 4
2022-03-11T18:40:32Z,90.0,Charge 4
2022-03-11T18:40:47Z,89.0,Charge 4
2022-03-11T18:41:02Z,89.0,Charge 4
2022-03-11T18:41:07Z,90.0,Charge 4
2022-03-11T18:41:22Z,90.0,Charge 4
2022-03-11T18:41:27Z,93.0,Charge 4
2022-03-11T18:41:32Z,104.0,Charge 4
2022-03-11T18:41:37Z,105.0,Charge 4
2022-03-11T18:41:47Z,104.0,Charge 4
2022-03-11T18:41:52Z,103.0,Charge 4
2022-03-11T18:41:57Z,102.0,Charge 4
2022-03-11T18:42:02Z,101.0,Charge 4
2022-03-11T18:42:12Z,101.0,Charge 4
2022-03-11T18:42:27Z,101.0,Charge 4
2022-03-11T18:42:42Z,101.0,Charge 4
2022-03-11T18:42:47Z,102.0,Charge 4
2022-03-11T18:42:52Z,103.0,Charge 4
2022-03-11T18:42:57Z,104.0,Charge 4
2022-03-11T18:43:02Z,105.0,Charge 4
2022-03-11T18:43:07Z,106.0,Charge 4
2022-03-11T18:43:17Z,105.0,Charge 4
2022-03-11T18:43:32Z,105.0,Charge 4
2022-03-11T18:43:37Z,103.0,Charge 4
2022-03-11T18:43:42Z,100.0,Charge 4
2022-03-11T18:43:52Z,99.0,Charge 4
2022-03-11T18:43:57Z,98.0,Charge 4
2022-03-11T18:44:02Z,99.0,Charge 4
2022-03-11T18:44:17Z,99.0,Charge 4
2022-03-11T18:44:22Z,98.0,Charge 4
2022-03-11T18:44:28Z,98.0,Charge 4
2022-03-11T18:44:43Z,100.0,Charge 4
2022-03-11T18:44:58Z,100.0,Charge 4
2022-03-11T18:45:03Z,99.0,Charge 4
2022-03-11T18:45:08Z,100.0,Charge 4
2022-03-11T18:45:13Z,99.0,Charge 4
2022-03-11T18:45:18Z,100.0,Charge 4
2022-03-11T18:45:23Z,101.0,Charge 4
2022-03-11T18:45:38Z,101.0,Charge 4
2022-03-11T18:45:43Z,103.0,Charge 4
2022-03-11T18:45:48Z,105.0,Charge 4
2022-03-11T18:45:53Z,103.0,Charge 4
2022-03-11T18:45:58Z,102.0,Charge 4
2022-03-11T18:46:03Z,103.0,Charge 4
2022-03-11T18:46:13Z,104.0,Charge 4
2022-03-11T18:46:18Z,105.0,Charge 4
2022-03-11T18:46:23Z,104.0,Charge 4
2022-03-11T18:46:28Z,102.0,Charge 4
2022-03-11T18:46:38Z,103.0,Charge 4
2022-03-11T18:46:48Z,104.0,Charge 4
2022-03-11T18:46:58Z,103.0,Charge 4
2022-03-11T18:47:03Z,98.0,Charge 4
2022-03-11T18:47:08Z,96.0,Charge 4
2022-03-11T18:47:23Z,96.0,Charge 4
2022-03-11T18:47:29Z,95.0,Charge 4
2022-03-11T18:47:34Z,96.0,Charge 4
2022-03-11T18:47:39Z,97.0,Charge 4
2022-03-11T18:47:44Z,95.0,Charge 4
2022-03-11T18:47:49Z,93.0,Charge 4
2022-03-11T18:47:54Z,94.0,Charge 4
2022-03-11T18:48:04Z,95.0,Charge 4
2022-03-11T18:48:19Z,96.0,Charge 4
2022-03-11T18:48:29Z,95.0,Charge 4
2022-03-11T18:48:34Z,92.0,Charge 4
2022-03-11T18:48:49Z,92.0,Charge 4
2022-03-11T18:48:54Z,91.0,Charge 4
2022-03-11T18:49:04Z,93.0,Charge 4
2022-03-11T18:49:09Z,94.0,Charge 4
2022-03-11T18:49:19Z,95.0,Charge 4
2022-03-11T18:49:24Z,96.0,Charge 4
2022-03-11T18:49:39Z,95.0,Charge 4
2022-03-11T18:49:54Z,95.0,Charge 4
2022-03-11T18:50:09Z,95.0,Charge 4
2022-03-11T18:50:24Z,95.0,Charge 4
2022-03-11T18:50:39Z,95.0,Charge 4
2022-03-11T18:50:54Z,95.0,Charge 4
2022-03-11T18:51:04Z,96.0,Charge 4
2022-03-11T18:51:14Z,97.0,Charge 4
2022-03-11T18:51:29Z,97.0,Charge 4
2022-03-11T18:51:44Z,97.0,Charge 4
2022-03-11T18:51:54Z,96.0,Charge 4
2022-03-11T18:51:59Z,96.0,Charge 4
2022-03-11T18:52:14Z,96.0,Charge 4
2022-03-11T18:52:19Z,97.0,Charge 4
2022-03-11T18:52:34Z,96.0,Charge 4
2022-03-11T18:52:49Z,96.0,Charge 4
2022-03-11T18:52:59Z,97.0,Charge 4
2022-03-11T18:53:14Z,99.0,Charge 4
2022-03-11T18:53:19Z,100.0,Charge 4
2022-03-11T18:53:34Z,100.0,Charge 4
2022-03-11T18:53:49Z,100.0,Charge 4
2022-03-11T18:54:04Z,99.0,Charge 4
2022-03-11T18:54:19Z,99.0,Charge 4
2022-03-11T18:54:24Z,98.0,Charge 4
2022-03-11T18:54:34Z,99.0,Charge 4
2022-03-11T18:54:49Z,99.0,Charge 4
2022-03-11T18:54:59Z,101.0,Charge 4
2022-03-11T18:55:14Z,100.0,Charge 4
2022-03-11T18:55:24Z,99.0,Charge 4
2022-03-11T18:55:29Z,98.0,Charge 4
2022-03-11T18:55:44Z,98.0,Charge 4
2022-03-11T18:55:54Z,99.0,Charge 4
2022-03-11T18:56:09Z,99.0,Charge 4
2022-03-11T18:56:14Z,100.0,Charge 4
2022-03-11T18:56:19Z,101.0,Charge 4
2022-03-11T18:56:24Z,103.0,Charge 4
2022-03-11T18:56:29Z,104.0,Charge 4
2022-03-11T18:56:34Z,105.0,Charge 4
2022-03-11T18:56:39Z,105.0,Charge 4
2022-03-11T18:56:49Z,106.0,Charge 4
2022-03-11T18:56:54Z,105.0,Charge 4
2022-03-11T18:56:59Z,103.0,Charge 4
2022-03-11T18:57:04Z,102.0,Charge 4
2022-03-11T18:57:09Z,100.0,Charge 4
2022-03-11T18:57:14Z,98.0,Charge 4
2022-03-11T18:57:19Z,98.0,Charge 4
2022-03-11T18:57:24Z,97.0,Charge 4
2022-03-11T18:57:34Z,98.0,Charge 4
2022-03-11T18:57:39Z,99.0,Charge 4
2022-03-11T18:57:44Z,101.0,Charge 4
2022-03-11T18:57:49Z,103.0,Charge 4
2022-03-11T18:57:54Z,106.0,Charge 4
2022-03-11T18:57:59Z,106.0,Charge 4
2022-03-11T18:58:04Z,107.0,Charge 4
2022-03-11T18:58:09Z,107.0,Charge 4
2022-03-11T18:58:24Z,107.0,Charge 4
2022-03-11T18:58:34Z,106.0,Charge 4
2022-03-11T18:58:39Z,107.0,Charge 4
2022-03-11T18:58:44Z,103.0,Charge 4
2022-03-11T18:58:49Z,101.0,Charge 4
2022-03-11T18:58:54Z,103.0,Charge 4
2022-03-11T18:59:09Z,103.0,Charge 4
2022-03-11T18:59:19Z,105.0,Charge 4
2022-03-11T18:59:24Z,106.0,Charge 4
2022-03-11T18:59:30Z,105.0,Charge 4
2022-03-11T18:59:35Z,104.0,Charge 4
2022-03-11T18:59:40Z,102.0,Charge 4
2022-03-11T18:59:45Z,98.0,Charge 4
2022-03-11T18:59:50Z,95.0,Charge 4
2022-03-11T18:59:55Z,92.0,Charge 4
2022-03-11T19:00:05Z,93.0,Charge 4
2022-03-11T19:00:15Z,97.0,Charge 4
2022-03-11T19:00:20Z,98.0,Charge 4
2022-03-11T19:00:25Z,99.0,Charge 4
2022-03-11T19:00:35Z,99.0,Charge 4
2022-03-11T19:00:40Z,98.0,Charge 4
2022-03-11T19:00:50Z,97.0,Charge 4
2022-03-11T19:01:05Z,97.0,Charge 4
2022-03-11T19:01:10Z,95.0,Charge 4
2022-03-11T19:01:25Z,96.0,Charge 4
2022-03-11T19:01:40Z,97.0,Charge 4
2022-03-11T19:01:45Z,99.0,Charge 4
2022-03-11T19:01:55Z,98.0,Charge 4
2022-03-11T19:02:10Z,96.0,Charge 4
2022-03-11T19:02:25Z,96.0,Charge 4
2022-03-11T19:02:35Z,95.0,Charge 4
2022-03-11T19:02:50Z,95.0,Charge 4
2022-03-11T19:03:00Z,96.0,Charge 4
2022-03-11T19:03:10Z,97.0,Charge 4
2022-03-11T19:03:25Z,97.0,Charge 4
2022-03-11T19:03:40Z,98.0,Charge 4
2022-03-11T19:03:45Z,94.0,Charge 4
2022-03-11T19:03:50Z,93.0,Charge 4
2022-03-11T19:04:05Z,93.0,Charge 4
2022-03-11T19:04:20Z,93.0,Charge 4
2022-03-11T19:04:30Z,94.0,Charge 4
2022-03-11T19:04:45Z,95.0,Charge 4
2022-03-11T19:04:50Z,96.0,Charge 4
2022-03-11T19:05:00Z,97.0,Charge 4
2022-03-11T19:05:10Z,92.0,Charge 4
2022-03-11T19:05:15Z,90.0,Charge 4
2022-03-11T19:05:20Z,91.0,Charge 4
2022-03-11T19:05:35Z,92.0,Charge 4
2022-03-11T19:05:50Z,93.0,Charge 4
2022-03-11T19:05:55Z,94.0,Charge 4
2022-03-11T19:06:05Z,95.0,Charge 4
2022-03-11T19:06:15Z,93.0,Charge 4
2022-03-11T19:06:30Z,93.0,Charge 4
2022-03-11T19:06:40Z,94.0,Charge 4
2022-03-11T19:06:50Z,95.0,Charge 4
2022-03-11T19:07:00Z,96.0,Charge 4
2022-03-11T19:07:10Z,97.0,Charge 4
2022-03-11T19:07:15Z,98.0,Charge 4
2022-03-11T19:07:30Z,99.0,Charge 4
2022-03-11T19:07:45Z,99.0,Charge 4
2022-03-11T19:07:50Z,101.0,Charge 4
2022-03-11T19:07:55Z,100.0,Charge 4
2022-03-11T19:08:00Z,99.0,Charge 4
2022-03-11T19:08:05Z,98.0,Charge 4
2022-03-11T19:08:10Z,95.0,Charge 4
2022-03-11T19:08:15Z,94.0,Charge 4
2022-03-11T19:08:20Z,97.0,Charge 4
2022-03-11T19:08:25Z,98.0,Charge 4
2022-03-11T19:08:30Z,97.0,Charge 4
2022-03-11T19:08:45Z,97.0,Charge 4
2022-03-11T19:08:50Z,99.0,Charge 4
2022-03-11T19:08:55Z,100.0,Charge 4
2022-03-11T19:09:00Z,97.0,Charge 4
2022-03-11T19:09:05Z,96.0,Charge 4
2022-03-11T19:09:10Z,97.0,Charge 4
2022-03-11T19:09:20Z,98.0,Charge 4
2022-03-11T19:09:35Z,98.0,Charge 4
2022-03-11T19:09:40Z,99.0,Charge 4
2022-03-11T19:09:45Z,100.0,Charge 4
2022-03-11T19:10:00Z,100.0,Charge 4
2022-03-11T19:10:10Z,99.0,Charge 4
2022-03-11T19:10:15Z,98.0,Charge 4
2022-03-11T19:10:20Z,99.0,Charge 4
2022-03-11T19:10:25Z,98.0,Charge 4
2022-03-11T19:10:40Z,98.0,Charge 4
2022-03-11T19:10:50Z,99.0,Charge 4
2022-03-11T19:11:00Z,93.0,Charge 4
2022-03-11T19:11:05Z,90.0,Charge 4
2022-03-11T19:11:20Z,90.0,Charge 4
2022-03-11T19:11:26Z,93.0,Charge 4
2022-03-11T19:11:31Z,94.0,Charge 4
2022-03-11T19:11:36Z,96.0,Charge 4
2022-03-11T19:11:46Z,94.0,Charge 4
2022-03-11T19:11:51Z,96.0,Charge 4
2022-03-11T19:11:56Z,94.0,Charge 4
2022-03-11T19:12:01Z,94.0,Charge 4
2022-03-11T19:12:06Z,94.0,Charge 4
2022-03-11T19:12:11Z,95.0,Charge 4
2022-03-11T19:12:21Z,96.0,Charge 4
2022-03-11T19:12:31Z,96.0,Charge 4
2022-03-11T19:12:41Z,95.0,Charge 4
2022-03-11T19:12:46Z,94.0,Charge 4
2022-03-11T19:12:51Z,94.0,Charge 4
2022-03-11T19:13:06Z,96.0,Charge 4
2022-03-11T19:13:11Z,95.0,Charge 4
2022-03-11T19:13:16Z,95.0,Charge 4
2022-03-11T19:13:31Z,94.0,Charge 4
2022-03-11T19:13:36Z,94.0,Charge 4
2022-03-11T19:13:51Z,95.0,Charge 4
2022-03-11T19:13:56Z,94.0,Charge 4
2022-03-11T19:14:01Z,93.0,Charge 4
2022-03-11T19:14:06Z,94.0,Charge 4
2022-03-11T19:14:21Z,95.0,Charge 4
2022-03-11T19:14:26Z,97.0,Charge 4
2022-03-11T19:14:31Z,95.0,Charge 4
2022-03-11T19:14:36Z,94.0,Charge 4
2022-03-11T19:14:41Z,95.0,Charge 4
2022-03-11T19:14:46Z,94.0,Charge 4
2022-03-11T19:14:51Z,93.0,Charge 4
2022-03-11T19:15:01Z,96.0,Charge 4
2022-03-11T19:15:06Z,99.0,Charge 4
2022-03-11T19:15:11Z,97.0,Charge 4
2022-03-11T19:15:16Z,96.0,Charge 4
2022-03-11T19:15:31Z,96.0,Charge 4
2022-03-11T19:15:36Z,94.0,Charge 4
2022-03-11T19:15:41Z,93.0,Charge 4
2022-03-11T19:15:56Z,93.0,Charge 4
2022-03-11T19:16:06Z,92.0,Charge 4
2022-03-11T19:16:11Z,91.0,Charge 4
2022-03-11T19:16:16Z,93.0,Charge 4
2022-03-11T19:16:21Z,95.0,Charge 4
2022-03-11T19:16:26Z,96.0,Charge 4
2022-03-11T19:16:41Z,96.0,Charge 4
2022-03-11T19:16:46Z,94.0,Charge 4
2022-03-11T19:17:01Z,94.0,Charge 4
2022-03-11T19:17:16Z,94.0,Charge 4
2022-03-11T19:17:21Z,95.0,Charge 4
2022-03-11T19:17:36Z,95.0,Charge 4
2022-03-11T19:17:43Z,94.0,Charge 4
2022-03-11T19:17:48Z,95.0,Charge 4
2022-03-11T19:17:53Z,96.0,Charge 4
2022-03-11T19:17:58Z,97.0,Charge 4
2022-03-11T19:18:08Z,102.0,Charge 4
2022-03-11T19:18:13Z,107.0,Charge 4
2022-03-11T19:18:18Z,110.0,Charge 4
2022-03-11T19:18:23Z,112.0,Charge 4
2022-03-11T19:18:28Z,114.0,Charge 4
2022-03-11T19:18:33Z,112.0,Charge 4
2022-03-11T19:18:38Z,112.0,Charge 4
2022-03-11T19:18:43Z,113.0,Charge 4
2022-03-11T19:18:48Z,112.0,Charge 4
2022-03-11T19:18:58Z,111.0,Charge 4
2022-03-11T19:19:03Z,111.0,Charge 4
2022-03-11T19:19:08Z,110.0,Charge 4
2022-03-11T19:19:13Z,108.0,Charge 4
2022-03-11T19:19:18Z,112.0,Charge 4
2022-03-11T19:19:28Z,109.0,Charge 4
2022-03-11T19:19:33Z,108.0,Charge 4
2022-03-11T19:19:38Z,106.0,Charge 4
2022-03-11T19:19:43Z,100.0,Charge 4
2022-03-11T19:19:48Z,102.0,Charge 4
2022-03-11T19:19:53Z,107.0,Charge 4
2022-03-11T19:19:58Z,111.0,Charge 4
2022-03-11T19:20:03Z,112.0,Charge 4
2022-03-11T19:20:08Z,111.0,Charge 4
2022-03-11T19:20:13Z,110.0,Charge 4
2022-03-11T19:20:18Z,109.0,Charge 4
2022-03-11T19:20:33Z,109.0,Charge 4
2022-03-11T19:20:43Z,113.0,Charge 4
2022-03-11T19:20:48Z,114.0,Charge 4
2022-03-11T19:21:03Z,114.0,Charge 4
2022-03-11T19:21:08Z,116.0,Charge 4
2022-03-11T19:21:13Z,113.0,Charge 4
2022-03-11T19:21:18Z,112.0,Charge 4
2022-03-11T19:21:28Z,108.0,Charge 4
2022-03-11T19:21:33Z,99.0,Charge 4
2022-03-11T19:21:38Z,98.0,Charge 4
2022-03-11T19:21:53Z,98.0,Charge 4
2022-03-11T19:22:08Z,97.0,Charge 4
2022-03-11T19:22:13Z,96.0,Charge 4
2022-03-11T19:22:23Z,97.0,Charge 4
2022-03-11T19:22:28Z,96.0,Charge 4
2022-03-11T19:22:43Z,97.0,Charge 4
2022-03-11T19:22:48Z,96.0,Charge 4
2022-03-11T19:23:03Z,94.0,Charge 4
2022-03-11T19:23:08Z,93.0,Charge 4
2022-03-11T19:23:18Z,93.0,Charge 4
2022-03-11T19:23:33Z,94.0,Charge 4
2022-03-11T19:23:43Z,93.0,Charge 4
2022-03-11T19:23:53Z,93.0,Charge 4
2022-03-11T19:23:58Z,94.0,Charge 4
2022-03-11T19:24:03Z,94.0,Charge 4
2022-03-11T19:24:18Z,95.0,Charge 4
2022-03-11T19:24:28Z,96.0,Charge 4
2022-03-11T19:24:33Z,97.0,Charge 4
2022-03-11T19:24:38Z,96.0,Charge 4
2022-03-11T19:24:43Z,95.0,Charge 4
2022-03-11T19:24:48Z,94.0,Charge 4
2022-03-11T19:25:03Z,93.0,Charge 4
2022-03-11T19:25:08Z,92.0,Charge 4
2022-03-11T19:25:13Z,91.0,Charge 4
2022-03-11T19:25:18Z,86.0,Charge 4
2022-03-11T19:25:23Z,87.0,Charge 4
2022-03-11T19:25:33Z,89.0,Charge 4
2022-03-11T19:25:38Z,91.0,Charge 4
2022-03-11T19:25:43Z,92.0,Charge 4
2022-03-11T19:25:48Z,93.0,Charge 4
2022-03-11T19:25:53Z,95.0,Charge 4
2022-03-11T19:25:58Z,97.0,Charge 4
2022-03-11T19:26:03Z,98.0,Charge 4
2022-03-11T19:26:18Z,97.0,Charge 4
2022-03-11T19:26:23Z,95.0,Charge 4
2022-03-11T19:26:28Z,95.0,Charge 4
2022-03-11T19:26:43Z,95.0,Charge 4
2022-03-11T19:26:48Z,97.0,Charge 4
2022-03-11T19:26:53Z,97.0,Charge 4
2022-03-11T19:27:03Z,96.0,Charge 4
2022-03-11T19:27:18Z,96.0,Charge 4
2022-03-11T19:27:23Z,95.0,Charge 4
2022-03-11T19:27:28Z,94.0,Charge 4
2022-03-11T19:27:33Z,92.0,Charge 4
2022-03-11T19:27:38Z,90.0,Charge 4
2022-03-11T19:27:43Z,90.0,Charge 4
2022-03-11T19:27:58Z,90.0,Charge 4
2022-03-11T19:28:03Z,86.0,Charge 4
2022-03-11T19:28:08Z,90.0,Charge 4
2022-03-11T19:28:13Z,91.0,Charge 4
2022-03-11T19:28:23Z,91.0,Charge 4
2022-03-11T19:28:28Z,92.0,Charge 4
2022-03-11T19:28:43Z,92.0,Charge 4
2022-03-11T19:28:48Z,93.0,Charge 4
2022-03-11T19:28:58Z,94.0,Charge 4
2022-03-11T19:29:03Z,95.0,Charge 4
2022-03-11T19:29:08Z,94.0,Charge 4
2022-03-11T19:29:18Z,92.0,Charge 4
2022-03-11T19:29:28Z,93.0,Charge 4
2022-03-11T19:29:43Z,93.0,Charge 4
2022-03-11T19:29:48Z,94.0,Charge 4
2022-03-11T19:30:03Z,95.0,Charge 4
2022-03-11T19:30:08Z,96.0,Charge 4
2022-03-11T19:30:13Z,97.0,Charge 4
2022-03-11T19:30:18Z,96.0,Charge 4
2022-03-11T19:30:28Z,97.0,Charge 4
2022-03-11T19:30:38Z,94.0,Charge 4
2022-03-11T19:30:53Z,94.0,Charge 4
2022-03-11T19:30:56Z,94.0,Charge 4
2022-03-11T19:31:11Z,94.0,Charge 4
2022-03-11T19:31:16Z,95.0,Charge 4
2022-03-11T19:31:26Z,97.0,Charge 4
2022-03-11T19:31:31Z,96.0,Charge 4
2022-03-11T19:31:36Z,95.0,Charge 4
2022-03-11T19:31:41Z,92.0,Charge 4
2022-03-11T19:31:51Z,91.0,Charge 4
2022-03-11T19:31:56Z,91.0,Charge 4
2022-03-11T19:32:01Z,91.0,Charge 4
2022-03-11T19:32:16Z,91.0,Charge 4
2022-03-11T19:32:31Z,91.0,Charge 4
2022-03-11T19:32:36Z,90.0,Charge 4
2022-03-11T19:32:41Z,89.0,Charge 4
2022-03-11T19:32:56Z,88.0,Charge 4
2022-03-11T19:33:11Z,88.0,Charge 4
2022-03-11T19:33:26Z,88.0,Charge 4
2022-03-11T19:33:31Z,89.0,Charge 4
2022-03-11T19:33:46Z,88.0,Charge 4
2022-03-11T19:33:56Z,87.0,Charge 4
2022-03-11T19:34:11Z,87.0,Charge 4
2022-03-11T19:34:21Z,86.0,Charge 4
2022-03-11T19:34:36Z,86.0,Charge 4
2022-03-11T19:34:41Z,86.0,Charge 4
2022-03-11T19:34:51Z,87.0,Charge 4
2022-03-11T19:34:56Z,88.0,Charge 4
2022-03-11T19:35:01Z,90.0,Charge 4
2022-03-11T19:35:06Z,91.0,Charge 4
2022-03-11T19:35:21Z,96.0,Charge 4
2022-03-11T19:35:26Z,99.0,Charge 4
2022-03-11T19:35:41Z,98.0,Charge 4
2022-03-11T19:35:46Z,96.0,Charge 4
2022-03-11T19:35:51Z,94.0,Charge 4
2022-03-11T19:35:56Z,92.0,Charge 4
2022-03-11T19:36:06Z,93.0,Charge 4
2022-03-11T19:36:11Z,94.0,Charge 4
2022-03-11T19:36:21Z,90.0,Charge 4
2022-03-11T19:36:26Z,86.0,Charge 4
2022-03-11T19:36:31Z,87.0,Charge 4
2022-03-11T19:36:46Z,88.0,Charge 4
2022-03-11T19:37:01Z,88.0,Charge 4
2022-03-11T19:37:16Z,88.0,Charge 4
2022-03-11T19:37:31Z,89.0,Charge 4
2022-03-11T19:37:46Z,90.0,Charge 4
2022-03-11T19:37:51Z,91.0,Charge 4
2022-03-11T19:37:56Z,92.0,Charge 4
2022-03-11T19:38:06Z,94.0,Charge 4
2022-03-11T19:38:11Z,91.0,Charge 4
2022-03-11T19:38:16Z,89.0,Charge 4
2022-03-11T19:38:31Z,88.0,Charge 4
2022-03-11T19:38:41Z,89.0,Charge 4
2022-03-11T19:38:56Z,90.0,Charge 4
2022-03-11T19:39:01Z,91.0,Charge 4
2022-03-11T19:39:06Z,92.0,Charge 4
2022-03-11T19:39:11Z,92.0,Charge 4
2022-03-11T19:39:26Z,91.0,Charge 4
2022-03-11T19:39:41Z,90.0,Charge 4
2022-03-11T19:39:46Z,91.0,Charge 4
2022-03-11T19:39:51Z,90.0,Charge 4
2022-03-11T19:40:06Z,91.0,Charge 4
2022-03-11T19:40:11Z,90.0,Charge 4
2022-03-11T19:40:16Z,88.0,Charge 4
2022-03-11T19:40:26Z,87.0,Charge 4
2022-03-11T19:40:41Z,87.0,Charge 4
2022-03-11T19:40:56Z,87.0,Charge 4
2022-03-11T19:41:11Z,89.0,Charge 4
2022-03-11T19:41:16Z,91.0,Charge 4
2022-03-11T19:41:21Z,90.0,Charge 4
2022-03-11T19:41:36Z,90.0,Charge 4
2022-03-11T19:41:51Z,90.0,Charge 4
2022-03-11T19:42:06Z,90.0,Charge 4
2022-03-11T19:42:16Z,91.0,Charge 4
2022-03-11T19:42:21Z,93.0,Charge 4
2022-03-11T19:42:31Z,92.0,Charge 4
2022-03-11T19:42:36Z,93.0,Charge 4
2022-03-11T19:42:41Z,92.0,Charge 4
2022-03-11T19:42:46Z,89.0,Charge 4
2022-03-11T19:42:51Z,88.0,Charge 4
2022-03-11T19:42:56Z,87.0,Charge 4
2022-03-11T19:43:01Z,87.0,Charge 4
2022-03-11T19:43:11Z,88.0,Charge 4
2022-03-11T19:43:16Z,88.0,Charge 4
2022-03-11T19:43:31Z,89.0,Charge 4
2022-03-11T19:43:36Z,93.0,Charge 4
2022-03-11T19:43:46Z,92.0,Charge 4
2022-03-11T19:43:56Z,91.0,Charge 4
2022-03-11T19:44:01Z,90.0,Charge 4
2022-03-11T19:44:11Z,89.0,Charge 4
2022-03-11T19:44:16Z,88.0,Charge 4
2022-03-11T19:44:26Z,87.0,Charge 4
2022-03-11T19:44:31Z,86.0,Charge 4
2022-03-11T19:44:36Z,86.0,Charge 4
2022-03-11T19:44:51Z,86.0,Charge 4
2022-03-11T19:44:56Z,85.0,Charge 4
2022-03-11T19:45:06Z,86.0,Charge 4
2022-03-11T19:45:21Z,86.0,Charge 4
2022-03-11T19:45:26Z,87.0,Charge 4
2022-03-11T19:45:31Z,88.0,Charge 4
2022-03-11T19:45:36Z,87.0,Charge 4
2022-03-11T19:45:41Z,88.0,Charge 4
2022-03-11T19:45:46Z,87.0,Charge 4
2022-03-11T19:45:51Z,88.0,Charge 4
2022-03-11T19:45:56Z,87.0,Charge 4
2022-03-11T19:46:11Z,87.0,Charge 4
2022-03-11T19:46:16Z,88.0,Charge 4
2022-03-11T19:46:21Z,88.0,Charge 4
2022-03-11T19:46:26Z,87.0,Charge 4
2022-03-11T19:46:31Z,86.0,Charge 4
2022-03-11T19:46:37Z,87.0,Charge 4
2022-03-11T19:46:42Z,85.0,Charge 4
2022-03-11T19:46:47Z,84.0,Charge 4
2022-03-11T19:46:52Z,83.0,Charge 4
2022-03-11T19:47:02Z,84.0,Charge 4
2022-03-11T19:47:07Z,85.0,Charge 4
2022-03-11T19:47:12Z,89.0,Charge 4
2022-03-11T19:47:17Z,89.0,Charge 4
2022-03-11T19:47:32Z,89.0,Charge 4
2022-03-11T19:47:37Z,90.0,Charge 4
2022-03-11T19:47:42Z,89.0,Charge 4
2022-03-11T19:47:57Z,89.0,Charge 4
2022-03-11T19:48:07Z,91.0,Charge 4
2022-03-11T19:48:12Z,90.0,Charge 4
2022-03-11T19:48:22Z,89.0,Charge 4
2022-03-11T19:48:27Z,89.0,Charge 4
2022-03-11T19:48:42Z,89.0,Charge 4
2022-03-11T19:48:57Z,88.0,Charge 4
2022-03-11T19:49:12Z,88.0,Charge 4
2022-03-11T19:49:17Z,91.0,Charge 4
2022-03-11T19:49:22Z,89.0,Charge 4
2022-03-11T19:49:27Z,87.0,Charge 4
2022-03-11T19:49:32Z,84.0,Charge 4
2022-03-11T19:49:37Z,85.0,Charge 4
2022-03-11T19:49:42Z,86.0,Charge 4
2022-03-11T19:49:48Z,86.0,Charge 4
2022-03-11T19:49:53Z,87.0,Charge 4
2022-03-11T19:49:58Z,86.0,Charge 4
2022-03-11T19:50:13Z,86.0,Charge 4
2022-03-11T19:50:28Z,86.0,Charge 4
2022-03-11T19:50:33Z,88.0,Charge 4
2022-03-11T19:50:43Z,87.0,Charge 4
2022-03-11T19:50:58Z,84.0,Charge 4
2022-03-11T19:51:08Z,86.0,Charge 4
2022-03-11T19:51:13Z,88.0,Charge 4
2022-03-11T19:51:18Z,90.0,Charge 4
2022-03-11T19:51:23Z,90.0,Charge 4
2022-03-11T19:51:28Z,89.0,Charge 4
2022-03-11T19:51:38Z,88.0,Charge 4
2022-03-11T19:51:43Z,89.0,Charge 4
2022-03-11T19:51:48Z,88.0,Charge 4
2022-03-11T19:51:58Z,89.0,Charge 4
2022-03-11T19:52:08Z,88.0,Charge 4
2022-03-11T19:52:23Z,88.0,Charge 4
2022-03-11T19:52:28Z,87.0,Charge 4
2022-03-11T19:52:43Z,86.0,Charge 4
2022-03-11T19:52:58Z,85.0,Charge 4
2022-03-11T19:53:03Z,84.0,Charge 4
2022-03-11T19:53:13Z,83.0,Charge 4
2022-03-11T19:53:18Z,83.0,Charge 4
2022-03-11T19:53:28Z,84.0,Charge 4
2022-03-11T19:53:33Z,86.0,Charge 4
2022-03-11T19:53:38Z,89.0,Charge 4
2022-03-11T19:53:48Z,89.0,Charge 4
2022-03-11T19:53:53Z,89.0,Charge 4
2022-03-11T19:53:58Z,88.0,Charge 4
2022-03-11T19:54:03Z,87.0,Charge 4
2022-03-11T19:54:08Z,87.0,Charge 4
2022-03-11T19:54:13Z,87.0,Charge 4
2022-03-11T19:54:23Z,86.0,Charge 4
2022-03-11T19:54:28Z,86.0,Charge 4
2022-03-11T19:54:33Z,87.0,Charge 4
2022-03-11T19:54:38Z,88.0,Charge 4
2022-03-11T19:54:43Z,88.0,Charge 4
2022-03-11T19:54:53Z,87.0,Charge 4
2022-03-11T19:55:03Z,85.0,Charge 4
2022-03-11T19:55:08Z,83.0,Charge 4
2022-03-11T19:55:13Z,88.0,Charge 4
2022-03-11T19:55:18Z,90.0,Charge 4
2022-03-11T19:55:23Z,89.0,Charge 4
2022-03-11T19:55:28Z,88.0,Charge 4
2022-03-11T19:55:38Z,89.0,Charge 4
2022-03-11T19:55:43Z,87.0,Charge 4
2022-03-11T19:55:48Z,87.0,Charge 4
2022-03-11T19:55:58Z,87.0,Charge 4
2022-03-11T19:56:03Z,87.0,Charge 4
2022-03-11T19:56:18Z,87.0,Charge 4
2022-03-11T19:56:33Z,87.0,Charge 4
2022-03-11T19:56:38Z,88.0,Charge 4
2022-03-11T19:56:43Z,88.0,Charge 4
2022-03-11T19:56:48Z,89.0,Charge 4
2022-03-11T19:56:58Z,90.0,Charge 4
2022-03-11T19:57:08Z,89.0,Charge 4
2022-03-11T19:57:23Z,89.0,Charge 4
2022-03-11T19:57:38Z,89.0,Charge 4
2022-03-11T19:57:53Z,89.0,Charge 4
2022-03-11T19:57:58Z,88.0,Charge 4
2022-03-11T19:58:08Z,87.0,Charge 4
2022-03-11T19:58:23Z,88.0,Charge 4
2022-03-11T19:58:38Z,88.0,Charge 4
2022-03-11T19:58:43Z,87.0,Charge 4
2022-03-11T19:58:58Z,87.0,Charge 4
2022-03-11T19:59:08Z,86.0,Charge 4
2022-03-11T19:59:23Z,86.0,Charge 4
2022-03-11T19:59:33Z,87.0,Charge 4
2022-03-11T19:59:48Z,87.0,Charge 4
2022-03-11T20:00:03Z,87.0,Charge 4
2022-03-11T20:00:08Z,88.0,Charge 4
2022-03-11T20:00:23Z,87.0,Charge 4
2022-03-11T20:00:33Z,88.0,Charge 4
2022-03-11T20:00:43Z,87.0,Charge 4
2022-03-11T20:00:48Z,86.0,Charge 4
2022-03-11T20:00:53Z,87.0,Charge 4
2022-03-11T20:01:03Z,88.0,Charge 4
2022-03-11T20:01:08Z,89.0,Charge 4
2022-03-11T20:01:23Z,89.0,Charge 4
2022-03-11T20:01:25Z,89.0,Charge 4
2022-03-11T20:01:40Z,89.0,Charge 4
2022-03-11T20:01:55Z,89.0,Charge 4
2022-03-11T20:02:10Z,89.0,Charge 4
2022-03-11T20:02:25Z,89.0,Charge 4
2022-03-11T20:02:30Z,88.0,Charge 4
2022-03-11T20:02:45Z,88.0,Charge 4
2022-03-11T20:03:00Z,88.0,Charge 4
2022-03-11T20:03:15Z,89.0,Charge 4
2022-03-11T20:03:20Z,92.0,Charge 4
2022-03-11T20:03:25Z,93.0,Charge 4
2022-03-11T20:03:30Z,94.0,Charge 4
2022-03-11T20:03:40Z,93.0,Charge 4
2022-03-11T20:03:50Z,92.0,Charge 4
2022-03-11T20:04:05Z,92.0,Charge 4
2022-03-11T20:04:10Z,88.0,Charge 4
2022-03-11T20:04:15Z,83.0,Charge 4
2022-03-11T20:04:20Z,85.0,Charge 4
2022-03-11T20:04:25Z,90.0,Charge 4
2022-03-11T20:04:30Z,89.0,Charge 4
2022-03-11T20:04:35Z,89.0,Charge 4
2022-03-11T20:04:40Z,88.0,Charge 4
2022-03-11T20:04:45Z,89.0,Charge 4
2022-03-11T20:04:50Z,87.0,Charge 4
2022-03-11T20:04:55Z,86.0,Charge 4
2022-03-11T20:05:00Z,87.0,Charge 4
2022-03-11T20:05:05Z,88.0,Charge 4
2022-03-11T20:05:11Z,91.0,Charge 4
2022-03-11T20:05:16Z,90.0,Charge 4
2022-03-11T20:05:21Z,89.0,Charge 4
2022-03-11T20:05:26Z,88.0,Charge 4
2022-03-11T20:05:31Z,87.0,Charge 4
2022-03-11T20:05:36Z,88.0,Charge 4
2022-03-11T20:05:46Z,89.0,Charge 4
2022-03-11T20:05:56Z,90.0,Charge 4
2022-03-11T20:06:01Z,92.0,Charge 4
2022-03-11T20:06:06Z,93.0,Charge 4
2022-03-11T20:06:11Z,92.0,Charge 4
2022-03-11T20:06:16Z,91.0,Charge 4
2022-03-11T20:06:21Z,91.0,Charge 4
2022-03-11T20:06:31Z,90.0,Charge 4
2022-03-11T20:06:41Z,92.0,Charge 4
2022-03-11T20:06:51Z,91.0,Charge 4
2022-03-11T20:07:06Z,91.0,Charge 4
2022-03-11T20:07:11Z,89.0,Charge 4
2022-03-11T20:07:16Z,88.0,Charge 4
2022-03-11T20:07:21Z,87.0,Charge 4
2022-03-11T20:07:31Z,86.0,Charge 4
2022-03-11T20:07:36Z,87.0,Charge 4
2022-03-11T20:07:41Z,88.0,Charge 4
2022-03-11T20:07:46Z,88.0,Charge 4
2022-03-11T20:07:51Z,87.0,Charge 4
2022-03-11T20:08:01Z,86.0,Charge 4
2022-03-11T20:08:06Z,86.0,Charge 4
2022-03-11T20:08:11Z,87.0,Charge 4
2022-03-11T20:08:16Z,88.0,Charge 4
2022-03-11T20:08:21Z,88.0,Charge 4
2022-03-11T20:08:31Z,89.0,Charge 4
2022-03-11T20:08:46Z,89.0,Charge 4
2022-03-11T20:09:01Z,89.0,Charge 4
2022-03-11T20:09:11Z,88.0,Charge 4
2022-03-11T20:09:16Z,89.0,Charge 4
2022-03-11T20:09:21Z,87.0,Charge 4
2022-03-11T20:09:26Z,86.0,Charge 4
2022-03-11T20:09:31Z,87.0,Charge 4
2022-03-11T20:09:36Z,88.0,Charge 4
2022-03-11T20:09:41Z,88.0,Charge 4
2022-03-11T20:09:51Z,87.0,Charge 4
2022-03-11T20:10:01Z,86.0,Charge 4
2022-03-11T20:10:06Z,86.0,Charge 4
2022-03-11T20:10:16Z,87.0,Charge 4
2022-03-11T20:10:21Z,90.0,Charge 4
2022-03-11T20:10:26Z,89.0,Charge 4
2022-03-11T20:10:31Z,88.0,Charge 4
2022-03-11T20:10:36Z,87.0,Charge 4
2022-03-11T20:10:41Z,87.0,Charge 4
2022-03-11T20:10:51Z,88.0,Charge 4
2022-03-11T20:11:06Z,88.0,Charge 4
2022-03-11T20:11:11Z,90.0,Charge 4
2022-03-11T20:11:16Z,95.0,Charge 4
2022-03-11T20:11:21Z,94.0,Charge 4
2022-03-11T20:11:26Z,94.0,Charge 4
2022-03-11T20:11:31Z,93.0,Charge 4
2022-03-11T20:11:36Z,92.0,Charge 4
2022-03-11T20:11:41Z,91.0,Charge 4
2022-03-11T20:11:56Z,91.0,Charge 4
2022-03-11T20:12:06Z,91.0,Charge 4
2022-03-11T20:12:11Z,93.0,Charge 4
2022-03-11T20:12:21Z,92.0,Charge 4
2022-03-11T20:12:26Z,91.0,Charge 4
2022-03-11T20:12:36Z,91.0,Charge 4
2022-03-11T20:12:51Z,91.0,Charge 4
2022-03-11T20:12:56Z,90.0,Charge 4
2022-03-11T20:13:01Z,90.0,Charge 4
2022-03-11T20:13:11Z,91.0,Charge 4
2022-03-11T20:13:21Z,90.0,Charge 4
2022-03-11T20:13:36Z,90.0,Charge 4
2022-03-11T20:13:51Z,90.0,Charge 4
2022-03-11T20:14:06Z,90.0,Charge 4
2022-03-11T20:14:11Z,90.0,Charge 4
2022-03-11T20:14:16Z,90.0,Charge 4
2022-03-11T20:14:26Z,90.0,Charge 4
2022-03-11T20:14:41Z,90.0,Charge 4
2022-03-11T20:14:51Z,88.0,Charge 4
2022-03-11T20:14:56Z,86.0,Charge 4
2022-03-11T20:15:11Z,87.0,Charge 4
2022-03-11T20:15:16Z,91.0,Charge 4
2022-03-11T20:15:21Z,92.0,Charge 4
2022-03-11T20:15:26Z,92.0,Charge 4
2022-03-11T20:15:41Z,92.0,Charge 4
2022-03-11T20:15:56Z,92.0,Charge 4
2022-03-11T20:16:01Z,92.0,Charge 4
2022-03-11T20:16:11Z,93.0,Charge 4
2022-03-11T20:16:16Z,94.0,Charge 4
2022-03-11T20:16:21Z,93.0,Charge 4
2022-03-11T20:16:36Z,93.0,Charge 4
2022-03-11T20:16:41Z,92.0,Charge 4
2022-03-11T20:16:51Z,92.0,Charge 4
2022-03-11T20:16:56Z,91.0,Charge 4
2022-03-11T20:17:06Z,92.0,Charge 4
2022-03-11T20:17:16Z,92.0,Charge 4
2022-03-11T20:17:21Z,92.0,Charge 4
2022-03-11T20:17:31Z,93.0,Charge 4
2022-03-11T20:17:36Z,91.0,Charge 4
2022-03-11T20:17:41Z,90.0,Charge 4
2022-03-11T20:17:51Z,88.0,Charge 4
2022-03-11T20:17:56Z,87.0,Charge 4
2022-03-11T20:18:01Z,86.0,Charge 4
2022-03-11T20:18:06Z,89.0,Charge 4
2022-03-11T20:18:11Z,91.0,Charge 4
2022-03-11T20:18:16Z,93.0,Charge 4
2022-03-11T20:18:21Z,94.0,Charge 4
2022-03-11T20:18:26Z,95.0,Charge 4
2022-03-11T20:18:31Z,91.0,Charge 4
2022-03-11T20:18:41Z,93.0,Charge 4
2022-03-11T20:18:48Z,93.0,Charge 4
2022-03-11T20:18:53Z,94.0,Charge 4
2022-03-11T20:18:58Z,95.0,Charge 4
2022-03-11T20:19:08Z,92.0,Charge 4
2022-03-11T20:19:13Z,87.0,Charge 4
2022-03-11T20:19:18Z,86.0,Charge 4
2022-03-11T20:19:33Z,86.0,Charge 4
2022-03-11T20:19:38Z,89.0,Charge 4
2022-03-11T20:19:43Z,91.0,Charge 4
2022-03-11T20:19:58Z,91.0,Charge 4
2022-03-11T20:20:03Z,98.0,Charge 4
2022-03-11T20:20:08Z,100.0,Charge 4
2022-03-11T20:20:18Z,101.0,Charge 4
2022-03-11T20:20:23Z,102.0,Charge 4
2022-03-11T20:20:28Z,104.0,Charge 4
2022-03-11T20:20:33Z,107.0,Charge 4
2022-03-11T20:20:38Z,111.0,Charge 4
2022-03-11T20:20:43Z,113.0,Charge 4
2022-03-11T20:20:53Z,112.0,Charge 4
2022-03-11T20:20:58Z,113.0,Charge 4
2022-03-11T20:21:03Z,110.0,Charge 4
2022-03-11T20:21:13Z,109.0,Charge 4
2022-03-11T20:21:23Z,110.0,Charge 4
2022-03-11T20:21:28Z,111.0,Charge 4
2022-03-11T20:21:33Z,113.0,Charge 4
2022-03-11T20:21:38Z,115.0,Charge 4
2022-03-11T20:21:48Z,116.0,Charge 4
2022-03-11T20:21:53Z,117.0,Charge 4
2022-03-11T20:22:03Z,112.0,Charge 4
2022-03-11T20:22:08Z,110.0,Charge 4
2022-03-11T20:22:13Z,112.0,Charge 4
2022-03-11T20:22:18Z,113.0,Charge 4
2022-03-11T20:22:23Z,115.0,Charge 4
2022-03-11T20:22:28Z,116.0,Charge 4
2022-03-11T20:22:38Z,112.0,Charge 4
2022-03-11T20:22:43Z,111.0,Charge 4
2022-03-11T20:22:48Z,110.0,Charge 4
2022-03-11T20:22:53Z,109.0,Charge 4
2022-03-11T20:22:58Z,107.0,Charge 4
2022-03-11T20:23:03Z,104.0,Charge 4
2022-03-11T20:23:08Z,102.0,Charge 4
2022-03-11T20:23:13Z,94.0,Charge 4
2022-03-11T20:23:18Z,94.0,Charge 4
2022-03-11T20:23:23Z,95.0,Charge 4
2022-03-11T20:23:28Z,99.0,Charge 4
2022-03-11T20:23:33Z,93.0,Charge 4
2022-03-11T20:23:38Z,92.0,Charge 4
2022-03-11T20:23:43Z,95.0,Charge 4
2022-03-11T20:23:48Z,96.0,Charge 4
2022-03-11T20:23:53Z,97.0,Charge 4
2022-03-11T20:23:58Z,94.0,Charge 4
2022-03-11T20:24:03Z,92.0,Charge 4
2022-03-11T20:24:18Z,94.0,Charge 4
2022-03-11T20:24:23Z,94.0,Charge 4
2022-03-11T20:24:28Z,93.0,Charge 4
2022-03-11T20:24:33Z,94.0,Charge 4
2022-03-11T20:24:48Z,93.0,Charge 4
2022-03-11T20:24:53Z,91.0,Charge 4
2022-03-11T20:24:58Z,90.0,Charge 4
2022-03-11T20:25:03Z,90.0,Charge 4
2022-03-11T20:25:13Z,91.0,Charge 4
2022-03-11T20:25:18Z,91.0,Charge 4
2022-03-11T20:25:23Z,90.0,Charge 4
2022-03-11T20:25:28Z,92.0,Charge 4
2022-03-11T20:25:33Z,93.0,Charge 4
2022-03-11T20:25:43Z,92.0,Charge 4
2022-03-11T20:25:48Z,93.0,Charge 4
2022-03-11T20:25:53Z,95.0,Charge 4
2022-03-11T20:25:58Z,94.0,Charge 4
2022-03-11T20:26:03Z,93.0,Charge 4
2022-03-11T20:26:08Z,92.0,Charge 4
2022-03-11T20:26:13Z,93.0,Charge 4
2022-03-11T20:26:28Z,93.0,Charge 4
2022-03-11T20:26:33Z,92.0,Charge 4
2022-03-11T20:26:38Z,90.0,Charge 4
2022-03-11T20:26:43Z,89.0,Charge 4
2022-03-11T20:26:58Z,84.0,Charge 4
2022-03-11T20:27:08Z,86.0,Charge 4
2022-03-11T20:27:18Z,87.0,Charge 4
2022-03-11T20:27:33Z,87.0,Charge 4
2022-03-11T20:27:38Z,83.0,Charge 4
2022-03-11T20:27:43Z,82.0,Charge 4
2022-03-11T20:27:53Z,83.0,Charge 4
2022-03-11T20:28:08Z,84.0,Charge 4
2022-03-11T20:28:13Z,87.0,Charge 4
2022-03-11T20:28:23Z,91.0,Charge 4
2022-03-11T20:28:28Z,92.0,Charge 4
2022-03-11T20:28:38Z,92.0,Charge 4
2022-03-11T20:28:43Z,91.0,Charge 4
2022-03-11T20:28:48Z,90.0,Charge 4
2022-03-11T20:28:53Z,89.0,Charge 4
2022-03-11T20:28:58Z,87.0,Charge 4
2022-03-11T20:29:08Z,86.0,Charge 4
2022-03-11T20:29:23Z,87.0,Charge 4
2022-03-11T20:29:33Z,88.0,Charge 4
2022-03-11T20:29:43Z,90.0,Charge 4
2022-03-11T20:29:48Z,91.0,Charge 4
2022-03-11T20:29:53Z,92.0,Charge 4
2022-03-11T20:29:58Z,90.0,Charge 4
2022-03-11T20:30:03Z,90.0,Charge 4
2022-03-11T20:30:18Z,90.0,Charge 4
2022-03-11T20:30:28Z,89.0,Charge 4
2022-03-11T20:30:33Z,88.0,Charge 4
2022-03-11T20:30:38Z,87.0,Charge 4
2022-03-11T20:30:48Z,88.0,Charge 4
2022-03-11T20:30:53Z,89.0,Charge 4
2022-03-11T20:30:58Z,87.0,Charge 4
2022-03-11T20:31:08Z,88.0,Charge 4
2022-03-11T20:31:14Z,88.0,Charge 4
2022-03-11T20:31:19Z,89.0,Charge 4
2022-03-11T20:31:24Z,90.0,Charge 4
2022-03-11T20:31:39Z,90.0,Charge 4
2022-03-11T20:31:54Z,90.0,Charge 4
2022-03-11T20:32:09Z,90.0,Charge 4
2022-03-11T20:32:24Z,89.0,Charge 4
2022-03-11T20:32:39Z,88.0,Charge 4
2022-03-11T20:32:54Z,88.0,Charge 4
2022-03-11T20:33:09Z,89.0,Charge 4
2022-03-11T20:33:19Z,91.0,Charge 4
2022-03-11T20:33:29Z,92.0,Charge 4
2022-03-11T20:33:34Z,93.0,Charge 4
2022-03-11T20:33:49Z,93.0,Charge 4
2022-03-11T20:33:54Z,91.0,Charge 4
2022-03-11T20:33:59Z,92.0,Charge 4
2022-03-11T20:34:14Z,92.0,Charge 4
2022-03-11T20:34:29Z,91.0,Charge 4
2022-03-11T20:34:34Z,92.0,Charge 4
2022-03-11T20:34:49Z,92.0,Charge 4
2022-03-11T20:35:04Z,92.0,Charge 4
2022-03-11T20:35:14Z,93.0,Charge 4
2022-03-11T20:35:20Z,92.0,Charge 4
2022-03-11T20:35:25Z,93.0,Charge 4
2022-03-11T20:35:35Z,96.0,Charge 4
2022-03-11T20:35:40Z,95.0,Charge 4
2022-03-11T20:35:45Z,94.0,Charge 4
2022-03-11T20:35:50Z,94.0,Charge 4
2022-03-11T20:35:55Z,94.0,Charge 4
2022-03-11T20:36:00Z,95.0,Charge 4
2022-03-11T20:36:10Z,93.0,Charge 4
2022-03-11T20:36:15Z,90.0,Charge 4
2022-03-11T20:36:30Z,90.0,Charge 4
2022-03-11T20:36:35Z,91.0,Charge 4
2022-03-11T20:36:40Z,93.0,Charge 4
2022-03-11T20:36:45Z,94.0,Charge 4
2022-03-11T20:37:00Z,93.0,Charge 4
2022-03-11T20:37:05Z,91.0,Charge 4
2022-03-11T20:37:10Z,91.0,Charge 4
2022-03-11T20:37:25Z,90.0,Charge 4
2022-03-11T20:37:35Z,91.0,Charge 4
2022-03-11T20:37:40Z,90.0,Charge 4
2022-03-11T20:37:50Z,93.0,Charge 4
2022-03-11T20:38:00Z,97.0,Charge 4
2022-03-11T20:38:05Z,96.0,Charge 4
2022-03-11T20:38:10Z,95.0,Charge 4
2022-03-11T20:38:15Z,95.0,Charge 4
2022-03-11T20:38:25Z,94.0,Charge 4
2022-03-11T20:38:40Z,90.0,Charge 4
2022-03-11T20:38:45Z,88.0,Charge 4
2022-03-11T20:39:00Z,88.0,Charge 4
2022-03-11T20:39:10Z,90.0,Charge 4
2022-03-11T20:39:15Z,89.0,Charge 4
2022-03-11T20:39:30Z,89.0,Charge 4
2022-03-11T20:39:45Z,90.0,Charge 4
2022-03-11T20:39:55Z,89.0,Charge 4
2022-03-11T20:40:05Z,90.0,Charge 4
2022-03-11T20:40:20Z,90.0,Charge 4
2022-03-11T20:40:35Z,90.0,Charge 4
2022-03-11T20:40:45Z,89.0,Charge 4
2022-03-11T20:41:00Z,89.0,Charge 4
2022-03-11T20:41:10Z,88.0,Charge 4
2022-03-11T20:41:15Z,87.0,Charge 4
2022-03-11T20:41:30Z,87.0,Charge 4
2022-03-11T20:41:40Z,88.0,Charge 4
2022-03-11T20:41:55Z,89.0,Charge 4
2022-03-11T20:42:00Z,90.0,Charge 4
2022-03-11T20:42:15Z,89.0,Charge 4
2022-03-11T20:42:20Z,88.0,Charge 4
2022-03-11T20:42:25Z,89.0,Charge 4
2022-03-11T20:42:35Z,88.0,Charge 4
2022-03-11T20:42:45Z,89.0,Charge 4
2022-03-11T20:43:00Z,89.0,Charge 4
2022-03-11T20:43:15Z,89.0,Charge 4
2022-03-11T20:43:20Z,88.0,Charge 4
2022-03-11T20:43:35Z,88.0,Charge 4
2022-03-11T20:43:40Z,87.0,Charge 4
2022-03-11T20:43:45Z,88.0,Charge 4
2022-03-11T20:43:50Z,87.0,Charge 4
2022-03-11T20:44:00Z,88.0,Charge 4
2022-03-11T20:44:15Z,88.0,Charge 4
2022-03-11T20:44:25Z,89.0,Charge 4
2022-03-11T20:44:35Z,89.0,Charge 4
2022-03-11T20:44:50Z,89.0,Charge 4
2022-03-11T20:45:00Z,88.0,Charge 4
2022-03-11T20:45:05Z,87.0,Charge 4
2022-03-11T20:45:10Z,88.0,Charge 4
2022-03-11T20:45:15Z,90.0,Charge 4
2022-03-11T20:45:20Z,91.0,Charge 4
2022-03-11T20:45:35Z,90.0,Charge 4
2022-03-11T20:45:40Z,90.0,Charge 4
2022-03-11T20:45:50Z,91.0,Charge 4
2022-03-11T20:45:55Z,90.0,Charge 4
2022-03-11T20:46:00Z,90.0,Charge 4
2022-03-11T20:46:05Z,91.0,Charge 4
2022-03-11T20:46:10Z,90.0,Charge 4
2022-03-11T20:46:25Z,90.0,Charge 4
2022-03-11T20:46:40Z,90.0,Charge 4
2022-03-11T20:46:50Z,89.0,Charge 4
2022-03-11T20:46:55Z,88.0,Charge 4
2022-03-11T20:47:05Z,89.0,Charge 4
2022-03-11T20:47:10Z,91.0,Charge 4
2022-03-11T20:47:15Z,94.0,Charge 4
2022-03-11T20:47:22Z,95.0,Charge 4
2022-03-11T20:47:32Z,94.0,Charge 4
2022-03-11T20:47:37Z,92.0,Charge 4
2022-03-11T20:47:52Z,91.0,Charge 4
2022-03-11T20:47:57Z,90.0,Charge 4
2022-03-11T20:48:02Z,91.0,Charge 4
2022-03-11T20:48:07Z,90.0,Charge 4
2022-03-11T20:48:12Z,89.0,Charge 4
2022-03-11T20:48:27Z,89.0,Charge 4
2022-03-11T20:48:32Z,88.0,Charge 4
2022-03-11T20:48:37Z,87.0,Charge 4
2022-03-11T20:48:42Z,86.0,Charge 4
2022-03-11T20:48:47Z,86.0,Charge 4
2022-03-11T20:48:57Z,88.0,Charge 4
2022-03-11T20:49:02Z,90.0,Charge 4
2022-03-11T20:49:07Z,92.0,Charge 4
2022-03-11T20:49:12Z,93.0,Charge 4
2022-03-11T20:49:17Z,92.0,Charge 4
2022-03-11T20:49:22Z,90.0,Charge 4
2022-03-11T20:49:27Z,88.0,Charge 4
2022-03-11T20:49:32Z,87.0,Charge 4
2022-03-11T20:49:42Z,87.0,Charge 4
2022-03-11T20:49:52Z,88.0,Charge 4
2022-03-11T20:50:07Z,90.0,Charge 4
2022-03-11T20:50:22Z,89.0,Charge 4
2022-03-11T20:50:37Z,89.0,Charge 4
2022-03-11T20:50:47Z,90.0,Charge 4
2022-03-11T20:50:53Z,90.0,Charge 4
2022-03-11T20:51:08Z,90.0,Charge 4
2022-03-11T20:51:23Z,90.0,Charge 4
2022-03-11T20:51:28Z,95.0,Charge 4
2022-03-11T20:51:33Z,96.0,Charge 4
2022-03-11T20:51:43Z,96.0,Charge 4
2022-03-11T20:51:48Z,95.0,Charge 4
2022-03-11T20:51:53Z,95.0,Charge 4
2022-03-11T20:51:58Z,94.0,Charge 4
2022-03-11T20:52:03Z,93.0,Charge 4
2022-03-11T20:52:08Z,90.0,Charge 4
2022-03-11T20:52:13Z,89.0,Charge 4
2022-03-11T20:52:18Z,88.0,Charge 4
2022-03-11T20:52:33Z,88.0,Charge 4
2022-03-11T20:52:38Z,88.0,Charge 4
2022-03-11T20:52:48Z,89.0,Charge 4
2022-03-11T20:53:03Z,91.0,Charge 4
2022-03-11T20:53:13Z,90.0,Charge 4
2022-03-11T20:53:23Z,91.0,Charge 4
2022-03-11T20:53:33Z,90.0,Charge 4
2022-03-11T20:53:38Z,90.0,Charge 4
2022-03-11T20:53:43Z,91.0,Charge 4
2022-03-11T20:53:48Z,92.0,Charge 4
2022-03-11T20:53:53Z,93.0,Charge 4
2022-03-11T20:53:58Z,94.0,Charge 4
2022-03-11T20:54:03Z,92.0,Charge 4
2022-03-11T20:54:13Z,91.0,Charge 4
2022-03-11T20:54:18Z,90.0,Charge 4
2022-03-11T20:54:23Z,89.0,Charge 4
2022-03-11T20:54:33Z,87.0,Charge 4
2022-03-11T20:54:43Z,86.0,Charge 4
2022-03-11T20:54:48Z,86.0,Charge 4
2022-03-11T20:54:53Z,86.0,Charge 4
2022-03-11T20:55:03Z,87.0,Charge 4
2022-03-11T20:55:08Z,88.0,Charge 4
2022-03-11T20:55:23Z,88.0,Charge 4
2022-03-11T20:55:28Z,88.0,Charge 4
2022-03-11T20:55:43Z,88.0,Charge 4
2022-03-11T20:55:58Z,88.0,Charge 4
2022-03-11T20:56:13Z,88.0,Charge 4
2022-03-11T20:56:28Z,90.0,Charge 4
2022-03-11T20:56:33Z,93.0,Charge 4
2022-03-11T20:56:43Z,92.0,Charge 4
2022-03-11T20:56:48Z,90.0,Charge 4
2022-03-11T20:56:58Z,90.0,Charge 4
2022-03-11T20:57:08Z,92.0,Charge 4
2022-03-11T20:57:13Z,93.0,Charge 4
2022-03-11T20:57:18Z,94.0,Charge 4
2022-03-11T20:57:23Z,93.0,Charge 4
2022-03-11T20:57:28Z,92.0,Charge 4
2022-03-11T20:57:33Z,90.0,Charge 4
2022-03-11T20:57:38Z,89.0,Charge 4
2022-03-11T20:57:48Z,87.0,Charge 4
2022-03-11T20:57:53Z,85.0,Charge 4
2022-03-11T20:57:58Z,86.0,Charge 4
2022-03-11T20:58:03Z,87.0,Charge 4
2022-03-11T20:58:08Z,89.0,Charge 4
2022-03-11T20:58:13Z,89.0,Charge 4
2022-03-11T20:58:23Z,89.0,Charge 4
2022-03-11T20:58:28Z,90.0,Charge 4
2022-03-11T20:58:43Z,90.0,Charge 4
2022-03-11T20:58:58Z,92.0,Charge 4
2022-03-11T20:59:03Z,94.0,Charge 4
2022-03-11T20:59:13Z,93.0,Charge 4
2022-03-11T20:59:18Z,92.0,Charge 4
2022-03-11T20:59:28Z,91.0,Charge 4
2022-03-11T20:59:43Z,91.0,Charge 4
2022-03-11T20:59:58Z,92.0,Charge 4
2022-03-11T21:00:08Z,93.0,Charge 4
2022-03-11T21:00:18Z,94.0,Charge 4
2022-03-11T21:00:23Z,93.0,Charge 4
2022-03-11T21:00:33Z,92.0,Charge 4
2022-03-11T21:00:48Z,92.0,Charge 4
2022-03-11T21:01:03Z,93.0,Charge 4
2022-03-11T21:01:08Z,91.0,Charge 4
2022-03-11T21:01:13Z,91.0,Charge 4
2022-03-11T21:01:18Z,92.0,Charge 4
2022-03-11T21:01:28Z,91.0,Charge 4
2022-03-11T21:01:33Z,90.0,Charge 4
2022-03-11T21:01:48Z,90.0,Charge 4
2022-03-11T21:01:53Z,91.0,Charge 4
2022-03-11T21:01:58Z,91.0,Charge 4
2022-03-11T21:02:13Z,91.0,Charge 4
2022-03-11T21:02:28Z,91.0,Charge 4
2022-03-11T21:02:33Z,94.0,Charge 4
2022-03-11T21:02:38Z,96.0,Charge 4
2022-03-11T21:02:43Z,97.0,Charge 4
2022-03-11T21:02:53Z,96.0,Charge 4
2022-03-11T21:02:58Z,95.0,Charge 4
2022-03-11T21:03:13Z,95.0,Charge 4
2022-03-11T21:03:28Z,95.0,Charge 4
2022-03-11T21:03:43Z,95.0,Charge 4
2022-03-11T21:03:48Z,95.0,Charge 4
2022-03-11T21:03:53Z,93.0,Charge 4
2022-03-11T21:03:58Z,92.0,Charge 4
2022-03-11T21:04:13Z,92.0,Charge 4
2022-03-11T21:04:23Z,95.0,Charge 4
2022-03-11T21:04:33Z,93.0,Charge 4
2022-03-11T21:04:38Z,91.0,Charge 4
2022-03-11T21:04:48Z,93.0,Charge 4
2022-03-11T21:04:53Z,94.0,Charge 4
2022-03-11T21:05:08Z,94.0,Charge 4
2022-03-11T21:05:13Z,89.0,Charge 4
2022-03-11T21:05:28Z,89.0,Charge 4
2022-03-11T21:05:29Z,89.0,Charge 4
2022-03-11T21:05:34Z,90.0,Charge 4
2022-03-11T21:05:39Z,91.0,Charge 4
2022-03-11T21:05:44Z,90.0,Charge 4
2022-03-11T21:05:54Z,89.0,Charge 4
2022-03-11T21:05:59Z,88.0,Charge 4
2022-03-11T21:06:04Z,88.0,Charge 4
2022-03-11T21:06:09Z,87.0,Charge 4
2022-03-11T21:06:14Z,86.0,Charge 4
2022-03-11T21:06:24Z,87.0,Charge 4
2022-03-11T21:06:34Z,88.0,Charge 4
2022-03-11T21:06:39Z,90.0,Charge 4
2022-03-11T21:06:54Z,89.0,Charge 4
2022-03-11T21:06:59Z,90.0,Charge 4
2022-03-11T21:07:09Z,88.0,Charge 4
2022-03-11T21:07:14Z,87.0,Charge 4
2022-03-11T21:07:19Z,86.0,Charge 4
2022-03-11T21:07:24Z,85.0,Charge 4
2022-03-11T21:07:34Z,85.0,Charge 4
2022-03-11T21:07:44Z,86.0,Charge 4
2022-03-11T21:07:49Z,87.0,Charge 4
2022-03-11T21:07:54Z,87.0,Charge 4
2022-03-11T21:07:59Z,88.0,Charge 4
2022-03-11T21:08:04Z,89.0,Charge 4
2022-03-11T21:08:09Z,88.0,Charge 4
2022-03-11T21:08:14Z,87.0,Charge 4
2022-03-11T21:08:19Z,86.0,Charge 4
2022-03-11T21:08:24Z,86.0,Charge 4
2022-03-11T21:08:34Z,85.0,Charge 4
2022-03-11T21:08:44Z,86.0,Charge 4
2022-03-11T21:08:49Z,87.0,Charge 4
2022-03-11T21:08:54Z,88.0,Charge 4
2022-03-11T21:08:59Z,87.0,Charge 4
2022-03-11T21:09:04Z,86.0,Charge 4
2022-03-11T21:09:09Z,87.0,Charge 4
2022-03-11T21:09:19Z,86.0,Charge 4
2022-03-11T21:09:24Z,86.0,Charge 4
2022-03-11T21:09:29Z,86.0,Charge 4
2022-03-11T21:09:39Z,86.0,Charge 4
2022-03-11T21:09:44Z,88.0,Charge 4
2022-03-11T21:09:49Z,89.0,Charge 4
2022-03-11T21:10:04Z,88.0,Charge 4
2022-03-11T21:10:14Z,86.0,Charge 4
2022-03-11T21:10:19Z,85.0,Charge 4
2022-03-11T21:10:34Z,85.0,Charge 4
2022-03-11T21:10:39Z,84.0,Charge 4
2022-03-11T21:10:44Z,84.0,Charge 4
2022-03-11T21:10:54Z,85.0,Charge 4
2022-03-11T21:11:04Z,85.0,Charge 4
2022-03-11T21:11:09Z,84.0,Charge 4
2022-03-11T21:11:19Z,84.0,Charge 4
2022-03-11T21:11:29Z,84.0,Charge 4
2022-03-11T21:11:34Z,83.0,Charge 4
2022-03-11T21:11:44Z,85.0,Charge 4
2022-03-11T21:11:49Z,87.0,Charge 4
2022-03-11T21:11:54Z,85.0,Charge 4
2022-03-11T21:11:59Z,84.0,Charge 4
2022-03-11T21:12:04Z,83.0,Charge 4
2022-03-11T21:12:09Z,83.0,Charge 4
2022-03-11T21:12:19Z,84.0,Charge 4
2022-03-11T21:12:24Z,85.0,Charge 4
2022-03-11T21:12:34Z,85.0,Charge 4
2022-03-11T21:12:39Z,86.0,Charge 4
2022-03-11T21:12:44Z,88.0,Charge 4
2022-03-11T21:12:49Z,89.0,Charge 4
2022-03-11T21:12:54Z,88.0,Charge 4
2022-03-11T21:12:59Z,87.0,Charge 4
2022-03-11T21:13:04Z,87.0,Charge 4
2022-03-11T21:13:14Z,88.0,Charge 4
2022-03-11T21:13:19Z,89.0,Charge 4
2022-03-11T21:13:24Z,88.0,Charge 4
2022-03-11T21:13:29Z,87.0,Charge 4
2022-03-11T21:13:34Z,86.0,Charge 4
2022-03-11T21:13:39Z,85.0,Charge 4
2022-03-11T21:13:44Z,86.0,Charge 4
2022-03-11T21:13:49Z,86.0,Charge 4
2022-03-11T21:13:59Z,85.0,Charge 4
2022-03-11T21:14:04Z,85.0,Charge 4
2022-03-11T21:14:09Z,84.0,Charge 4
2022-03-11T21:14:14Z,85.0,Charge 4
2022-03-11T21:14:29Z,85.0,Charge 4
2022-03-11T21:14:30Z,85.0,Charge 4
2022-03-11T21:14:35Z,87.0,Charge 4
2022-03-11T21:14:45Z,86.0,Charge 4
2022-03-11T21:15:00Z,87.0,Charge 4
2022-03-11T21:15:15Z,87.0,Charge 4
2022-03-11T21:15:30Z,87.0,Charge 4
2022-03-11T21:15:40Z,86.0,Charge 4
2022-03-11T21:15:55Z,85.0,Charge 4
2022-03-11T21:16:05Z,86.0,Charge 4
2022-03-11T21:16:20Z,86.0,Charge 4
2022-03-11T21:16:25Z,88.0,Charge 4
2022-03-11T21:16:30Z,85.0,Charge 4
2022-03-11T21:16:45Z,85.0,Charge 4
2022-03-11T21:16:50Z,84.0,Charge 4
2022-03-11T21:16:55Z,85.0,Charge 4
2022-03-11T21:17:00Z,87.0,Charge 4
2022-03-11T21:17:05Z,86.0,Charge 4
2022-03-11T21:17:15Z,87.0,Charge 4
2022-03-11T21:17:20Z,86.0,Charge 4
2022-03-11T21:17:30Z,85.0,Charge 4
2022-03-11T21:17:40Z,86.0,Charge 4
2022-03-11T21:17:45Z,87.0,Charge 4
2022-03-11T21:17:50Z,85.0,Charge 4
2022-03-11T21:17:55Z,84.0,Charge 4
2022-03-11T21:18:00Z,85.0,Charge 4
2022-03-11T21:18:05Z,85.0,Charge 4
2022-03-11T21:18:10Z,84.0,Charge 4
2022-03-11T21:18:17Z,83.0,Charge 4
2022-03-11T21:18:32Z,83.0,Charge 4
2022-03-11T21:18:37Z,82.0,Charge 4
2022-03-11T21:18:42Z,83.0,Charge 4
2022-03-11T21:18:52Z,84.0,Charge 4
2022-03-11T21:18:57Z,85.0,Charge 4
2022-03-11T21:19:07Z,84.0,Charge 4
2022-03-11T21:19:12Z,83.0,Charge 4
2022-03-11T21:19:17Z,81.0,Charge 4
2022-03-11T21:19:22Z,80.0,Charge 4
2022-03-11T21:19:27Z,81.0,Charge 4
2022-03-11T21:19:32Z,83.0,Charge 4
2022-03-11T21:19:42Z,83.0,Charge 4
2022-03-11T21:19:57Z,84.0,Charge 4
2022-03-11T21:20:07Z,83.0,Charge 4
2022-03-11T21:20:12Z,81.0,Charge 4
2022-03-11T21:20:17Z,80.0,Charge 4
2022-03-11T21:20:32Z,80.0,Charge 4
2022-03-11T21:20:37Z,82.0,Charge 4
2022-03-11T21:20:42Z,82.0,Charge 4
2022-03-11T21:20:47Z,83.0,Charge 4
2022-03-11T21:20:52Z,86.0,Charge 4
2022-03-11T21:20:57Z,84.0,Charge 4
2022-03-11T21:21:02Z,83.0,Charge 4
2022-03-11T21:21:07Z,81.0,Charge 4
2022-03-11T21:21:17Z,82.0,Charge 4
2022-03-11T21:21:22Z,81.0,Charge 4
2022-03-11T21:21:37Z,81.0,Charge 4
2022-03-11T21:21:47Z,78.0,Charge 4
2022-03-11T21:21:52Z,74.0,Charge 4
2022-03-11T21:22:02Z,77.0,Charge 4
2022-03-11T21:22:07Z,78.0,Charge 4
2022-03-11T21:22:12Z,79.0,Charge 4
2022-03-11T21:22:17Z,80.0,Charge 4
2022-03-11T21:22:22Z,81.0,Charge 4
2022-03-11T21:22:32Z,82.0,Charge 4
2022-03-11T21:22:37Z,81.0,Charge 4
2022-03-11T21:22:42Z,84.0,Charge 4
2022-03-11T21:22:47Z,85.0,Charge 4
2022-03-11T21:22:52Z,83.0,Charge 4
2022-03-11T21:22:57Z,82.0,Charge 4
2022-03-11T21:23:02Z,81.0,Charge 4
2022-03-11T21:23:07Z,80.0,Charge 4
2022-03-11T21:23:12Z,81.0,Charge 4
2022-03-11T21:23:17Z,82.0,Charge 4
2022-03-11T21:23:32Z,82.0,Charge 4
2022-03-11T21:23:47Z,82.0,Charge 4
2022-03-11T21:23:57Z,81.0,Charge 4
2022-03-11T21:24:02Z,81.0,Charge 4
2022-03-11T21:24:12Z,84.0,Charge 4
2022-03-11T21:24:22Z,82.0,Charge 4
2022-03-11T21:24:27Z,81.0,Charge 4
2022-03-11T21:24:33Z,80.0,Charge 4
2022-03-11T21:24:38Z,79.0,Charge 4
2022-03-11T21:24:43Z,78.0,Charge 4
2022-03-11T21:24:58Z,78.0,Charge 4
2022-03-11T21:25:03Z,79.0,Charge 4
2022-03-11T21:25:08Z,81.0,Charge 4
2022-03-11T21:25:13Z,84.0,Charge 4
2022-03-11T21:25:18Z,82.0,Charge 4
2022-03-11T21:25:23Z,81.0,Charge 4
2022-03-11T21:25:33Z,81.0,Charge 4
2022-03-11T21:25:38Z,80.0,Charge 4
2022-03-11T21:25:48Z,79.0,Charge 4
2022-03-11T21:25:53Z,79.0,Charge 4
2022-03-11T21:26:03Z,79.0,Charge 4
2022-03-11T21:26:08Z,78.0,Charge 4
2022-03-11T21:26:23Z,79.0,Charge 4
2022-03-11T21:26:33Z,79.0,Charge 4
2022-03-11T21:26:48Z,80.0,Charge 4
2022-03-11T21:26:53Z,81.0,Charge 4
2022-03-11T21:26:58Z,80.0,Charge 4
2022-03-11T21:27:13Z,80.0,Charge 4
2022-03-11T21:27:18Z,79.0,Charge 4
2022-03-11T21:27:23Z,80.0,Charge 4
2022-03-11T21:27:33Z,78.0,Charge 4
2022-03-11T21:27:38Z,75.0,Charge 4
2022-03-11T21:27:43Z,75.0,Charge 4
2022-03-11T21:27:48Z,76.0,Charge 4
2022-03-11T21:27:53Z,79.0,Charge 4
2022-03-11T21:27:58Z,80.0,Charge 4
2022-03-11T21:28:03Z,81.0,Charge 4
2022-03-11T21:28:08Z,82.0,Charge 4
2022-03-11T21:28:23Z,81.0,Charge 4
2022-03-11T21:28:28Z,82.0,Charge 4
2022-03-11T21:28:43Z,82.0,Charge 4
2022-03-11T21:28:48Z,82.0,Charge 4
2022-03-11T21:29:03Z,83.0,Charge 4
2022-03-11T21:29:13Z,85.0,Charge 4
2022-03-11T21:29:18Z,88.0,Charge 4
2022-03-11T21:29:33Z,87.0,Charge 4
2022-03-11T21:29:38Z,87.0,Charge 4
2022-03-11T21:29:43Z,89.0,Charge 4
2022-03-11T21:29:48Z,88.0,Charge 4
2022-03-11T21:29:53Z,87.0,Charge 4
2022-03-11T21:29:58Z,87.0,Charge 4
2022-03-11T21:30:03Z,84.0,Charge 4
2022-03-11T21:30:08Z,81.0,Charge 4
2022-03-11T21:30:23Z,81.0,Charge 4
2022-03-11T21:30:28Z,82.0,Charge 4
2022-03-11T21:30:33Z,83.0,Charge 4
2022-03-11T21:30:43Z,82.0,Charge 4
2022-03-11T21:30:48Z,83.0,Charge 4
2022-03-11T21:30:53Z,85.0,Charge 4
2022-03-11T21:30:58Z,87.0,Charge 4
2022-03-11T21:31:03Z,86.0,Charge 4
2022-03-11T21:31:08Z,85.0,Charge 4
2022-03-11T21:31:13Z,84.0,Charge 4
2022-03-11T21:31:23Z,84.0,Charge 4
2022-03-11T21:31:28Z,83.0,Charge 4
2022-03-11T21:31:43Z,83.0,Charge 4
2022-03-11T21:31:53Z,82.0,Charge 4
2022-03-11T21:31:58Z,83.0,Charge 4
2022-03-11T21:32:08Z,82.0,Charge 4
2022-03-11T21:32:13Z,83.0,Charge 4
2022-03-11T21:32:23Z,84.0,Charge 4
2022-03-11T21:32:28Z,85.0,Charge 4
2022-03-11T21:32:33Z,86.0,Charge 4
2022-03-11T21:32:38Z,87.0,Charge 4
2022-03-11T21:32:43Z,88.0,Charge 4
2022-03-11T21:32:48Z,89.0,Charge 4
2022-03-11T21:32:53Z,88.0,Charge 4
2022-03-11T21:32:58Z,89.0,Charge 4
2022-03-11T21:33:08Z,91.0,Charge 4
2022-03-11T21:33:13Z,89.0,Charge 4
2022-03-11T21:33:18Z,85.0,Charge 4
2022-03-11T21:33:23Z,85.0,Charge 4
2022-03-11T21:33:38Z,85.0,Charge 4
2022-03-11T21:33:43Z,87.0,Charge 4
2022-03-11T21:33:48Z,90.0,Charge 4
2022-03-11T21:33:53Z,104.0,Charge 4
2022-03-11T21:33:58Z,107.0,Charge 4
2022-03-11T21:34:05Z,112.0,Charge 4
2022-03-11T21:34:10Z,113.0,Charge 4
2022-03-11T21:34:15Z,112.0,Charge 4
2022-03-11T21:34:25Z,113.0,Charge 4
2022-03-11T21:34:30Z,112.0,Charge 4
2022-03-11T21:34:35Z,115.0,Charge 4
2022-03-11T21:34:40Z,118.0,Charge 4
2022-03-11T21:34:45Z,117.0,Charge 4
2022-03-11T21:34:50Z,116.0,Charge 4
2022-03-11T21:34:55Z,113.0,Charge 4
2022-03-11T21:35:00Z,108.0,Charge 4
2022-03-11T21:35:05Z,110.0,Charge 4
2022-03-11T21:35:10Z,109.0,Charge 4
2022-03-11T21:35:15Z,112.0,Charge 4
2022-03-11T21:35:20Z,113.0,Charge 4
2022-03-11T21:35:25Z,114.0,Charge 4
2022-03-11T21:35:30Z,115.0,Charge 4
2022-03-11T21:35:35Z,116.0,Charge 4
2022-03-11T21:35:45Z,115.0,Charge 4
2022-03-11T21:35:50Z,114.0,Charge 4
2022-03-11T21:35:55Z,112.0,Charge 4
2022-03-11T21:36:00Z,108.0,Charge 4
2022-03-11T21:36:05Z,106.0,Charge 4
2022-03-11T21:36:10Z,103.0,Charge 4
2022-03-11T21:36:15Z,98.0,Charge 4
2022-03-11T21:36:20Z,97.0,Charge 4
2022-03-11T21:36:25Z,93.0,Charge 4
2022-03-11T21:36:30Z,92.0,Charge 4
2022-03-11T21:36:40Z,95.0,Charge 4
2022-03-11T21:36:45Z,96.0,Charge 4
2022-03-11T21:36:50Z,95.0,Charge 4
2022-03-11T21:36:55Z,89.0,Charge 4
2022-03-11T21:37:00Z,88.0,Charge 4
2022-03-11T21:37:05Z,84.0,Charge 4
2022-03-11T21:37:10Z,91.0,Charge 4
2022-03-11T21:37:15Z,92.0,Charge 4
2022-03-11T21:37:30Z,92.0,Charge 4
2022-03-11T21:37:40Z,93.0,Charge 4
2022-03-11T21:37:45Z,94.0,Charge 4
2022-03-11T21:37:50Z,92.0,Charge 4
2022-03-11T21:37:55Z,91.0,Charge 4
2022-03-11T21:38:00Z,92.0,Charge 4
2022-03-11T21:38:05Z,93.0,Charge 4
2022-03-11T21:38:10Z,92.0,Charge 4
2022-03-11T21:38:15Z,91.0,Charge 4
2022-03-11T21:38:30Z,91.0,Charge 4
2022-03-11T21:38:35Z,89.0,Charge 4
2022-03-11T21:38:40Z,88.0,Charge 4
2022-03-11T21:38:45Z,89.0,Charge 4
2022-03-11T21:38:50Z,88.0,Charge 4
2022-03-11T21:38:55Z,86.0,Charge 4
2022-03-11T21:39:00Z,86.0,Charge 4
2022-03-11T21:39:05Z,87.0,Charge 4
2022-03-11T21:39:11Z,88.0,Charge 4
2022-03-11T21:39:16Z,87.0,Charge 4
2022-03-11T21:39:26Z,85.0,Charge 4
2022-03-11T21:39:36Z,84.0,Charge 4
2022-03-11T21:39:41Z,84.0,Charge 4
2022-03-11T21:39:51Z,85.0,Charge 4
2022-03-11T21:40:06Z,87.0,Charge 4
2022-03-11T21:40:11Z,89.0,Charge 4
2022-03-11T21:40:16Z,89.0,Charge 4
2022-03-11T21:40:21Z,88.0,Charge 4
2022-03-11T21:40:26Z,87.0,Charge 4
2022-03-11T21:40:31Z,86.0,Charge 4
2022-03-11T21:40:41Z,87.0,Charge 4
2022-03-11T21:40:56Z,87.0,Charge 4
2022-03-11T21:41:01Z,86.0,Charge 4
2022-03-11T21:41:06Z,86.0,Charge 4
2022-03-11T21:41:16Z,86.0,Charge 4
2022-03-11T21:41:21Z,85.0,Charge 4
2022-03-11T21:41:26Z,84.0,Charge 4
2022-03-11T21:41:41Z,85.0,Charge 4
2022-03-11T21:41:46Z,86.0,Charge 4
2022-03-11T21:41:56Z,87.0,Charge 4
2022-03-11T21:42:01Z,88.0,Charge 4
2022-03-11T21:42:11Z,87.0,Charge 4
2022-03-11T21:42:16Z,87.0,Charge 4
2022-03-11T21:42:26Z,88.0,Charge 4
2022-03-11T21:42:31Z,87.0,Charge 4
2022-03-11T21:42:36Z,83.0,Charge 4
2022-03-11T21:42:41Z,84.0,Charge 4
2022-03-11T21:42:46Z,85.0,Charge 4
2022-03-11T21:42:51Z,85.0,Charge 4
2022-03-11T21:42:56Z,86.0,Charge 4
2022-03-11T21:43:01Z,86.0,Charge 4
2022-03-11T21:43:16Z,87.0,Charge 4
2022-03-11T21:43:26Z,84.0,Charge 4
2022-03-11T21:43:31Z,83.0,Charge 4
2022-03-11T21:43:46Z,80.0,Charge 4
2022-03-11T21:43:51Z,83.0,Charge 4
2022-03-11T21:43:56Z,85.0,Charge 4
2022-03-11T21:44:01Z,86.0,Charge 4
2022-03-11T21:44:16Z,86.0,Charge 4
2022-03-11T21:44:21Z,87.0,Charge 4
2022-03-11T21:44:26Z,89.0,Charge 4
2022-03-11T21:44:31Z,88.0,Charge 4
2022-03-11T21:44:36Z,87.0,Charge 4
2022-03-11T21:44:51Z,87.0,Charge 4
2022-03-11T21:45:01Z,88.0,Charge 4
2022-03-11T21:45:06Z,87.0,Charge 4
2022-03-11T21:45:21Z,88.0,Charge 4
2022-03-11T21:45:31Z,89.0,Charge 4
2022-03-11T21:45:36Z,88.0,Charge 4
2022-03-11T21:45:41Z,89.0,Charge 4
2022-03-11T21:45:56Z,90.0,Charge 4
2022-03-11T21:46:06Z,93.0,Charge 4
2022-03-11T21:46:11Z,102.0,Charge 4
2022-03-11T21:46:16Z,96.0,Charge 4
2022-03-11T21:46:21Z,93.0,Charge 4
2022-03-11T21:46:26Z,90.0,Charge 4
2022-03-11T21:46:31Z,86.0,Charge 4
2022-03-11T21:46:36Z,87.0,Charge 4
2022-03-11T21:46:46Z,88.0,Charge 4
2022-03-11T21:46:51Z,87.0,Charge 4
2022-03-11T21:46:56Z,83.0,Charge 4
2022-03-11T21:47:06Z,82.0,Charge 4
2022-03-11T21:47:11Z,84.0,Charge 4
2022-03-11T21:47:16Z,85.0,Charge 4
2022-03-11T21:47:21Z,84.0,Charge 4
2022-03-11T21:47:31Z,86.0,Charge 4
2022-03-11T21:47:36Z,85.0,Charge 4
2022-03-11T21:47:41Z,83.0,Charge 4
2022-03-11T21:47:46Z,80.0,Charge 4
2022-03-11T21:47:51Z,78.0,Charge 4
2022-03-11T21:48:01Z,81.0,Charge 4
2022-03-11T21:48:06Z,83.0,Charge 4
2022-03-11T21:48:16Z,82.0,Charge 4
2022-03-11T21:48:26Z,81.0,Charge 4
2022-03-11T21:48:41Z,81.0,Charge 4
2022-03-11T21:48:46Z,85.0,Charge 4
2022-03-11T21:48:56Z,84.0,Charge 4
2022-03-11T21:49:01Z,81.0,Charge 4
2022-03-11T21:49:06Z,79.0,Charge 4
2022-03-11T21:49:11Z,79.0,Charge 4
2022-03-11T21:49:26Z,79.0,Charge 4
2022-03-11T21:49:36Z,80.0,Charge 4
2022-03-11T21:49:41Z,81.0,Charge 4
2022-03-11T21:49:46Z,84.0,Charge 4
2022-03-11T21:50:01Z,83.0,Charge 4
2022-03-11T21:50:11Z,84.0,Charge 4
2022-03-11T21:50:16Z,82.0,Charge 4
2022-03-11T21:50:21Z,81.0,Charge 4
2022-03-11T21:50:26Z,79.0,Charge 4
2022-03-11T21:50:31Z,78.0,Charge 4
2022-03-11T21:50:36Z,76.0,Charge 4
2022-03-11T21:50:51Z,76.0,Charge 4
2022-03-11T21:50:56Z,77.0,Charge 4
2022-03-11T21:51:01Z,76.0,Charge 4
2022-03-11T21:51:06Z,77.0,Charge 4
2022-03-11T21:51:11Z,78.0,Charge 4
2022-03-11T21:51:16Z,81.0,Charge 4
2022-03-11T21:51:26Z,80.0,Charge 4
2022-03-11T21:51:31Z,78.0,Charge 4
2022-03-11T21:51:36Z,77.0,Charge 4
2022-03-11T21:51:41Z,77.0,Charge 4
2022-03-11T21:51:46Z,79.0,Charge 4
2022-03-11T21:51:56Z,77.0,Charge 4
2022-03-11T21:52:01Z,76.0,Charge 4
2022-03-11T21:52:06Z,75.0,Charge 4
2022-03-11T21:52:21Z,75.0,Charge 4
2022-03-11T21:52:26Z,75.0,Charge 4
2022-03-11T21:52:31Z,74.0,Charge 4
2022-03-11T21:52:46Z,75.0,Charge 4
2022-03-11T21:52:51Z,76.0,Charge 4
2022-03-11T21:52:56Z,77.0,Charge 4
2022-03-11T21:53:11Z,77.0,Charge 4
2022-03-11T21:53:26Z,78.0,Charge 4
2022-03-11T21:53:31Z,79.0,Charge 4
2022-03-11T21:53:46Z,78.0,Charge 4
2022-03-11T21:53:56Z,79.0,Charge 4
2022-03-11T21:54:01Z,81.0,Charge 4
2022-03-11T21:54:06Z,83.0,Charge 4
2022-03-11T21:54:11Z,86.0,Charge 4
2022-03-11T21:54:16Z,87.0,Charge 4
2022-03-11T21:54:21Z,85.0,Charge 4
2022-03-11T21:54:26Z,83.0,Charge 4
2022-03-11T21:54:31Z,79.0,Charge 4
2022-03-11T21:54:36Z,77.0,Charge 4
2022-03-11T21:54:41Z,76.0,Charge 4
2022-03-11T21:54:51Z,75.0,Charge 4
2022-03-11T21:54:56Z,74.0,Charge 4
2022-03-11T21:55:06Z,75.0,Charge 4
2022-03-11T21:55:11Z,76.0,Charge 4
2022-03-11T21:55:26Z,76.0,Charge 4
2022-03-11T21:55:31Z,74.0,Charge 4
2022-03-11T21:55:36Z,73.0,Charge 4
2022-03-11T21:55:42Z,73.0,Charge 4
2022-03-11T21:55:52Z,74.0,Charge 4
2022-03-11T21:56:02Z,75.0,Charge 4
2022-03-11T21:56:12Z,76.0,Charge 4
2022-03-11T21:56:27Z,76.0,Charge 4
2022-03-11T21:56:37Z,75.0,Charge 4
2022-03-11T21:56:47Z,74.0,Charge 4
2022-03-11T21:56:57Z,76.0,Charge 4
2022-03-11T21:57:02Z,75.0,Charge 4
2022-03-11T21:57:12Z,74.0,Charge 4
2022-03-11T21:57:27Z,75.0,Charge 4
2022-03-11T21:57:32Z,76.0,Charge 4
2022-03-11T21:57:42Z,78.0,Charge 4
2022-03-11T21:57:52Z,77.0,Charge 4
2022-03-11T21:58:02Z,78.0,Charge 4
2022-03-11T21:58:07Z,79.0,Charge 4
2022-03-11T21:58:12Z,80.0,Charge 4
2022-03-11T21:58:17Z,81.0,Charge 4
2022-03-11T21:58:32Z,81.0,Charge 4
2022-03-11T21:58:37Z,80.0,Charge 4
2022-03-11T21:58:47Z,79.0,Charge 4
2022-03-11T21:58:52Z,78.0,Charge 4
2022-03-11T21:58:57Z,79.0,Charge 4
2022-03-11T21:59:02Z,80.0,Charge 4
2022-03-11T21:59:12Z,81.0,Charge 4
2022-03-11T21:59:17Z,80.0,Charge 4
2022-03-11T21:59:22Z,79.0,Charge 4
2022-03-11T21:59:28Z,80.0,Charge 4
2022-03-11T21:59:38Z,81.0,Charge 4
2022-03-11T21:59:53Z,81.0,Charge 4
2022-03-11T21:59:58Z,79.0,Charge 4
2022-03-11T22:00:08Z,78.0,Charge 4
2022-03-11T22:00:13Z,77.0,Charge 4
2022-03-11T22:00:18Z,78.0,Charge 4
2022-03-11T22:00:23Z,79.0,Charge 4
2022-03-11T22:00:28Z,81.0,Charge 4
2022-03-11T22:00:33Z,82.0,Charge 4
2022-03-11T22:00:38Z,83.0,Charge 4
2022-03-11T22:00:53Z,81.0,Charge 4
2022-03-11T22:01:03Z,80.0,Charge 4
2022-03-11T22:01:13Z,81.0,Charge 4
2022-03-11T22:01:23Z,80.0,Charge 4
2022-03-11T22:01:28Z,79.0,Charge 4
2022-03-11T22:01:33Z,78.0,Charge 4
2022-03-11T22:01:38Z,79.0,Charge 4
2022-03-11T22:01:43Z,80.0,Charge 4
2022-03-11T22:01:48Z,81.0,Charge 4
2022-03-11T22:02:03Z,81.0,Charge 4
2022-03-11T22:02:13Z,81.0,Charge 4
2022-03-11T22:02:23Z,80.0,Charge 4
2022-03-11T22:02:28Z,82.0,Charge 4
2022-03-11T22:02:38Z,81.0,Charge 4
2022-03-11T22:02:43Z,80.0,Charge 4
2022-03-11T22:02:49Z,80.0,Charge 4
2022-03-11T22:02:54Z,79.0,Charge 4
2022-03-11T22:03:09Z,79.0,Charge 4
2022-03-11T22:03:14Z,80.0,Charge 4
2022-03-11T22:03:24Z,82.0,Charge 4
2022-03-11T22:03:29Z,83.0,Charge 4
2022-03-11T22:03:34Z,84.0,Charge 4
2022-03-11T22:03:44Z,83.0,Charge 4
2022-03-11T22:03:49Z,82.0,Charge 4
2022-03-11T22:03:59Z,81.0,Charge 4
2022-03-11T22:04:04Z,82.0,Charge 4
2022-03-11T22:04:09Z,81.0,Charge 4
2022-03-11T22:04:24Z,80.0,Charge 4
2022-03-11T22:04:29Z,79.0,Charge 4
2022-03-11T22:04:39Z,80.0,Charge 4
2022-03-11T22:04:44Z,81.0,Charge 4
2022-03-11T22:04:49Z,80.0,Charge 4
2022-03-11T22:04:54Z,79.0,Charge 4
2022-03-11T22:05:04Z,80.0,Charge 4
2022-03-11T22:05:14Z,81.0,Charge 4
2022-03-11T22:05:19Z,82.0,Charge 4
2022-03-11T22:05:29Z,81.0,Charge 4
2022-03-11T22:05:34Z,80.0,Charge 4
2022-03-11T22:05:49Z,79.0,Charge 4
2022-03-11T22:05:59Z,78.0,Charge 4
2022-03-11T22:06:14Z,79.0,Charge 4
2022-03-11T22:06:19Z,80.0,Charge 4
2022-03-11T22:06:24Z,80.0,Charge 4
2022-03-11T22:06:29Z,81.0,Charge 4
2022-03-11T22:06:39Z,80.0,Charge 4
2022-03-11T22:06:49Z,77.0,Charge 4
2022-03-11T22:06:54Z,78.0,Charge 4
2022-03-11T22:07:04Z,80.0,Charge 4
2022-03-11T22:07:09Z,81.0,Charge 4
2022-03-11T22:07:24Z,82.0,Charge 4
2022-03-11T22:07:29Z,81.0,Charge 4
2022-03-11T22:07:34Z,79.0,Charge 4
2022-03-11T22:07:49Z,80.0,Charge 4
2022-03-11T22:07:54Z,79.0,Charge 4
2022-03-11T22:08:09Z,79.0,Charge 4
2022-03-11T22:08:14Z,79.0,Charge 4
2022-03-11T22:08:29Z,79.0,Charge 4
2022-03-11T22:08:44Z,79.0,Charge 4
2022-03-11T22:08:59Z,79.0,Charge 4
2022-03-11T22:09:04Z,78.0,Charge 4
2022-03-11T22:09:19Z,78.0,Charge 4
2022-03-11T22:09:34Z,78.0,Charge 4
2022-03-11T22:09:39Z,79.0,Charge 4
2022-03-11T22:09:44Z,80.0,Charge 4
2022-03-11T22:09:49Z,81.0,Charge 4
2022-03-11T22:09:59Z,80.0,Charge 4
2022-03-11T22:10:04Z,79.0,Charge 4
2022-03-11T22:10:14Z,78.0,Charge 4
2022-03-11T22:10:20Z,77.0,Charge 4
2022-03-11T22:10:30Z,78.0,Charge 4
2022-03-11T22:10:35Z,79.0,Charge 4
2022-03-11T22:10:50Z,78.0,Charge 4
2022-03-11T22:10:55Z,77.0,Charge 4
2022-03-11T22:11:00Z,76.0,Charge 4
2022-03-11T22:11:05Z,77.0,Charge 4
2022-03-11T22:11:10Z,78.0,Charge 4
2022-03-11T22:11:15Z,77.0,Charge 4
2022-03-11T22:11:30Z,79.0,Charge 4
2022-03-11T22:11:35Z,80.0,Charge 4
2022-03-11T22:11:45Z,79.0,Charge 4
2022-03-11T22:11:50Z,78.0,Charge 4
2022-03-11T22:12:00Z,81.0,Charge 4
2022-03-11T22:12:05Z,87.0,Charge 4
2022-03-11T22:12:10Z,92.0,Charge 4
2022-03-11T22:12:15Z,90.0,Charge 4
2022-03-11T22:12:20Z,85.0,Charge 4
2022-03-11T22:12:25Z,82.0,Charge 4
2022-03-11T22:12:30Z,79.0,Charge 4
2022-03-11T22:12:35Z,78.0,Charge 4
2022-03-11T22:12:40Z,77.0,Charge 4
2022-03-11T22:12:45Z,76.0,Charge 4
2022-03-11T22:12:55Z,74.0,Charge 4
2022-03-11T22:13:05Z,76.0,Charge 4
2022-03-11T22:13:10Z,78.0,Charge 4
2022-03-11T22:13:25Z,78.0,Charge 4
2022-03-11T22:13:30Z,79.0,Charge 4
2022-03-11T22:13:35Z,78.0,Charge 4
2022-03-11T22:13:45Z,77.0,Charge 4
2022-03-11T22:13:55Z,79.0,Charge 4
2022-03-11T22:14:00Z,80.0,Charge 4
2022-03-11T22:14:15Z,79.0,Charge 4
2022-03-11T22:14:30Z,79.0,Charge 4
2022-03-11T22:14:35Z,78.0,Charge 4
2022-03-11T22:14:45Z,76.0,Charge 4
2022-03-11T22:14:55Z,77.0,Charge 4
2022-03-11T22:15:00Z,78.0,Charge 4
2022-03-11T22:15:15Z,78.0,Charge 4
2022-03-11T22:15:20Z,79.0,Charge 4
2022-03-11T22:15:25Z,80.0,Charge 4
2022-03-11T22:15:40Z,80.0,Charge 4
2022-03-11T22:15:55Z,79.0,Charge 4
2022-03-11T22:16:00Z,83.0,Charge 4
2022-03-11T22:16:05Z,82.0,Charge 4
2022-03-11T22:16:10Z,79.0,Charge 4
2022-03-11T22:16:15Z,78.0,Charge 4
2022-03-11T22:16:20Z,79.0,Charge 4
2022-03-11T22:16:25Z,78.0,Charge 4
2022-03-11T22:16:40Z,78.0,Charge 4
2022-03-11T22:16:45Z,80.0,Charge 4
2022-03-11T22:16:51Z,80.0,Charge 4
2022-03-11T22:16:56Z,81.0,Charge 4
2022-03-11T22:17:01Z,82.0,Charge 4
2022-03-11T22:17:06Z,84.0,Charge 4
2022-03-11T22:17:16Z,83.0,Charge 4
2022-03-11T22:17:21Z,81.0,Charge 4
2022-03-11T22:17:26Z,79.0,Charge 4
2022-03-11T22:17:31Z,78.0,Charge 4
2022-03-11T22:17:36Z,76.0,Charge 4
2022-03-11T22:17:46Z,77.0,Charge 4
2022-03-11T22:17:51Z,78.0,Charge 4
2022-03-11T22:17:56Z,79.0,Charge 4
2022-03-11T22:18:11Z,79.0,Charge 4
2022-03-11T22:18:26Z,80.0,Charge 4
2022-03-11T22:18:36Z,79.0,Charge 4
2022-03-11T22:18:41Z,76.0,Charge 4
2022-03-11T22:18:56Z,76.0,Charge 4
2022-03-11T22:19:01Z,75.0,Charge 4
2022-03-11T22:19:06Z,76.0,Charge 4
2022-03-11T22:19:11Z,77.0,Charge 4
2022-03-11T22:19:21Z,78.0,Charge 4
2022-03-11T22:19:26Z,79.0,Charge 4
2022-03-11T22:19:31Z,80.0,Charge 4
2022-03-11T22:19:41Z,81.0,Charge 4
2022-03-11T22:19:46Z,105.0,Charge 4
2022-03-11T22:19:51Z,111.0,Charge 4
2022-03-11T22:19:56Z,105.0,Charge 4
2022-03-11T22:20:01Z,95.0,Charge 4
2022-03-11T22:20:06Z,87.0,Charge 4
2022-03-11T22:20:11Z,81.0,Charge 4
2022-03-11T22:20:16Z,78.0,Charge 4
2022-03-11T22:20:21Z,75.0,Charge 4
2022-03-11T22:20:26Z,74.0,Charge 4
2022-03-11T22:20:31Z,75.0,Charge 4
2022-03-11T22:20:36Z,74.0,Charge 4
2022-03-11T22:20:51Z,74.0,Charge 4
2022-03-11T22:20:56Z,75.0,Charge 4
2022-03-11T22:21:06Z,78.0,Charge 4
2022-03-11T22:21:11Z,80.0,Charge 4
2022-03-11T22:21:16Z,81.0,Charge 4
2022-03-11T22:21:21Z,84.0,Charge 4
2022-03-11T22:21:26Z,83.0,Charge 4
2022-03-11T22:21:31Z,82.0,Charge 4
2022-03-11T22:21:36Z,81.0,Charge 4
2022-03-11T22:21:51Z,81.0,Charge 4
2022-03-11T22:22:06Z,79.0,Charge 4
2022-03-11T22:22:21Z,77.0,Charge 4
2022-03-11T22:22:27Z,78.0,Charge 4
2022-03-11T22:22:32Z,79.0,Charge 4
2022-03-11T22:22:37Z,78.0,Charge 4
2022-03-11T22:22:42Z,79.0,Charge 4
2022-03-11T22:22:47Z,78.0,Charge 4
2022-03-11T22:23:02Z,80.0,Charge 4
2022-03-11T22:23:07Z,81.0,Charge 4
2022-03-11T22:23:12Z,80.0,Charge 4
2022-03-11T22:23:17Z,78.0,Charge 4
2022-03-11T22:23:22Z,79.0,Charge 4
2022-03-11T22:23:27Z,77.0,Charge 4
2022-03-11T22:23:32Z,79.0,Charge 4
2022-03-11T22:23:37Z,81.0,Charge 4
2022-03-11T22:23:42Z,82.0,Charge 4
2022-03-11T22:23:47Z,84.0,Charge 4
2022-03-11T22:23:52Z,85.0,Charge 4
2022-03-11T22:23:57Z,84.0,Charge 4
2022-03-11T22:24:02Z,83.0,Charge 4
2022-03-11T22:24:07Z,82.0,Charge 4
2022-03-11T22:24:12Z,84.0,Charge 4
2022-03-11T22:24:17Z,87.0,Charge 4
2022-03-11T22:24:22Z,87.0,Charge 4
2022-03-11T22:24:27Z,85.0,Charge 4
2022-03-11T22:24:32Z,83.0,Charge 4
2022-03-11T22:24:37Z,82.0,Charge 4
2022-03-11T22:24:47Z,81.0,Charge 4
2022-03-11T22:24:57Z,83.0,Charge 4
2022-03-11T22:25:02Z,84.0,Charge 4
2022-03-11T22:25:12Z,83.0,Charge 4
2022-03-11T22:25:17Z,81.0,Charge 4
2022-03-11T22:25:22Z,79.0,Charge 4
2022-03-11T22:25:32Z,80.0,Charge 4
2022-03-11T22:25:37Z,79.0,Charge 4
2022-03-11T22:25:42Z,81.0,Charge 4
2022-03-11T22:25:47Z,84.0,Charge 4
2022-03-11T22:25:57Z,85.0,Charge 4
2022-03-11T22:26:02Z,87.0,Charge 4
2022-03-11T22:26:07Z,85.0,Charge 4
2022-03-11T22:26:12Z,83.0,Charge 4
2022-03-11T22:26:17Z,85.0,Charge 4
2022-03-11T22:26:22Z,86.0,Charge 4
2022-03-11T22:26:27Z,84.0,Charge 4
2022-03-11T22:26:32Z,82.0,Charge 4
2022-03-11T22:26:42Z,84.0,Charge 4
2022-03-11T22:26:47Z,85.0,Charge 4
2022-03-11T22:26:57Z,84.0,Charge 4
2022-03-11T22:27:02Z,85.0,Charge 4
2022-03-11T22:27:07Z,88.0,Charge 4
2022-03-11T22:27:12Z,91.0,Charge 4
2022-03-11T22:27:17Z,88.0,Charge 4
2022-03-11T22:27:22Z,84.0,Charge 4
2022-03-11T22:27:27Z,82.0,Charge 4
2022-03-11T22:27:32Z,83.0,Charge 4
2022-03-11T22:27:42Z,82.0,Charge 4
2022-03-11T22:27:47Z,82.0,Charge 4
2022-03-11T22:27:57Z,83.0,Charge 4
2022-03-11T22:28:02Z,82.0,Charge 4
2022-03-11T22:28:07Z,81.0,Charge 4
2022-03-11T22:28:12Z,83.0,Charge 4
2022-03-11T22:28:17Z,84.0,Charge 4
2022-03-11T22:28:22Z,85.0,Charge 4
2022-03-11T22:28:27Z,84.0,Charge 4
2022-03-11T22:28:32Z,83.0,Charge 4
2022-03-11T22:28:37Z,84.0,Charge 4
2022-03-11T22:28:47Z,82.0,Charge 4
2022-03-11T22:28:52Z,84.0,Charge 4
2022-03-11T22:29:02Z,85.0,Charge 4
2022-03-11T22:29:07Z,86.0,Charge 4
2022-03-11T22:29:12Z,85.0,Charge 4
2022-03-11T22:29:17Z,84.0,Charge 4
2022-03-11T22:29:32Z,84.0,Charge 4
2022-03-11T22:29:37Z,84.0,Charge 4
2022-03-11T22:29:42Z,86.0,Charge 4
2022-03-11T22:29:47Z,87.0,Charge 4
2022-03-11T22:29:52Z,90.0,Charge 4
2022-03-11T22:30:02Z,86.0,Charge 4
2022-03-11T22:30:07Z,83.0,Charge 4
2022-03-11T22:30:12Z,85.0,Charge 4
2022-03-11T22:30:27Z,85.0,Charge 4
2022-03-11T22:30:32Z,86.0,Charge 4
2022-03-11T22:30:38Z,85.0,Charge 4
2022-03-11T22:30:43Z,84.0,Charge 4
2022-03-11T22:30:48Z,85.0,Charge 4
2022-03-11T22:30:58Z,86.0,Charge 4
2022-03-11T22:31:08Z,85.0,Charge 4
2022-03-11T22:31:23Z,85.0,Charge 4
2022-03-11T22:31:28Z,84.0,Charge 4
2022-03-11T22:31:33Z,85.0,Charge 4
2022-03-11T22:31:38Z,86.0,Charge 4
2022-03-11T22:31:43Z,88.0,Charge 4
2022-03-11T22:31:48Z,89.0,Charge 4
2022-03-11T22:31:53Z,87.0,Charge 4
2022-03-11T22:31:58Z,86.0,Charge 4
2022-03-11T22:32:03Z,87.0,Charge 4
2022-03-11T22:32:13Z,86.0,Charge 4
2022-03-11T22:32:18Z,88.0,Charge 4
2022-03-11T22:32:23Z,92.0,Charge 4
2022-03-11T22:32:33Z,88.0,Charge 4
2022-03-11T22:32:38Z,85.0,Charge 4
2022-03-11T22:32:43Z,83.0,Charge 4
2022-03-11T22:32:53Z,85.0,Charge 4
2022-03-11T22:32:58Z,86.0,Charge 4
2022-03-11T22:33:03Z,87.0,Charge 4
2022-03-11T22:33:08Z,86.0,Charge 4
2022-03-11T22:33:13Z,84.0,Charge 4
2022-03-11T22:33:28Z,81.0,Charge 4
2022-03-11T22:33:33Z,82.0,Charge 4
2022-03-11T22:33:38Z,84.0,Charge 4
2022-03-11T22:33:48Z,86.0,Charge 4
2022-03-11T22:33:53Z,88.0,Charge 4
2022-03-11T22:34:08Z,89.0,Charge 4
2022-03-11T22:34:13Z,87.0,Charge 4
2022-03-11T22:34:18Z,85.0,Charge 4
2022-03-11T22:34:28Z,86.0,Charge 4
2022-03-11T22:34:33Z,84.0,Charge 4
2022-03-11T22:34:43Z,86.0,Charge 4
2022-03-11T22:34:53Z,87.0,Charge 4
2022-03-11T22:34:58Z,85.0,Charge 4
2022-03-11T22:35:03Z,86.0,Charge 4
2022-03-11T22:35:08Z,87.0,Charge 4
2022-03-11T22:35:13Z,84.0,Charge 4
2022-03-11T22:35:18Z,85.0,Charge 4
2022-03-11T22:35:23Z,87.0,Charge 4
2022-03-11T22:35:33Z,88.0,Charge 4
2022-03-11T22:35:38Z,89.0,Charge 4
2022-03-11T22:35:43Z,87.0,Charge 4
2022-03-11T22:35:48Z,85.0,Charge 4
2022-03-11T22:36:03Z,85.0,Charge 4
2022-03-11T22:36:13Z,85.0,Charge 4
2022-03-11T22:36:23Z,85.0,Charge 4
2022-03-11T22:36:28Z,86.0,Charge 4
2022-03-11T22:36:38Z,93.0,Charge 4
2022-03-11T22:36:43Z,97.0,Charge 4
2022-03-11T22:36:49Z,96.0,Charge 4
2022-03-11T22:36:54Z,89.0,Charge 4
2022-03-11T22:36:59Z,88.0,Charge 4
2022-03-11T22:37:04Z,87.0,Charge 4
2022-03-11T22:37:09Z,84.0,Charge 4
2022-03-11T22:37:14Z,84.0,Charge 4
2022-03-11T22:37:29Z,84.0,Charge 4
2022-03-11T22:37:39Z,85.0,Charge 4
2022-03-11T22:37:49Z,87.0,Charge 4
2022-03-11T22:37:54Z,87.0,Charge 4
2022-03-11T22:38:09Z,87.0,Charge 4
2022-03-11T22:38:19Z,86.0,Charge 4
2022-03-11T22:38:24Z,87.0,Charge 4
2022-03-11T22:38:39Z,87.0,Charge 4
2022-03-11T22:38:49Z,85.0,Charge 4
2022-03-11T22:38:54Z,85.0,Charge 4
2022-03-11T22:39:04Z,86.0,Charge 4
2022-03-11T22:39:09Z,86.0,Charge 4
2022-03-11T22:39:14Z,86.0,Charge 4
2022-03-11T22:39:19Z,86.0,Charge 4
2022-03-11T22:39:24Z,86.0,Charge 4
2022-03-11T22:39:34Z,87.0,Charge 4
2022-03-11T22:39:39Z,86.0,Charge 4
2022-03-11T22:39:44Z,85.0,Charge 4
2022-03-11T22:39:54Z,85.0,Charge 4
2022-03-11T22:40:09Z,85.0,Charge 4
2022-03-11T22:40:24Z,86.0,Charge 4
2022-03-11T22:40:29Z,86.0,Charge 4
2022-03-11T22:40:39Z,88.0,Charge 4
2022-03-11T22:40:44Z,87.0,Charge 4
2022-03-11T22:40:49Z,86.0,Charge 4
2022-03-11T22:40:54Z,85.0,Charge 4
2022-03-11T22:41:09Z,86.0,Charge 4
2022-03-11T22:41:14Z,85.0,Charge 4
2022-03-11T22:41:29Z,85.0,Charge 4
2022-03-11T22:41:39Z,84.0,Charge 4
2022-03-11T22:41:44Z,85.0,Charge 4
2022-03-11T22:41:49Z,88.0,Charge 4
2022-03-11T22:41:54Z,88.0,Charge 4
2022-03-11T22:41:59Z,91.0,Charge 4
2022-03-11T22:42:09Z,91.0,Charge 4
2022-03-11T22:42:14Z,90.0,Charge 4
2022-03-11T22:42:24Z,91.0,Charge 4
2022-03-11T22:42:29Z,92.0,Charge 4
2022-03-11T22:42:39Z,91.0,Charge 4
2022-03-11T22:42:44Z,92.0,Charge 4
2022-03-11T22:42:54Z,89.0,Charge 4
2022-03-11T22:42:59Z,88.0,Charge 4
2022-03-11T22:43:04Z,87.0,Charge 4
2022-03-11T22:43:19Z,87.0,Charge 4
2022-03-11T22:43:29Z,85.0,Charge 4
2022-03-11T22:43:34Z,85.0,Charge 4
2022-03-11T22:43:49Z,85.0,Charge 4
2022-03-11T22:43:54Z,86.0,Charge 4
2022-03-11T22:44:00Z,87.0,Charge 4
2022-03-11T22:44:05Z,86.0,Charge 4
2022-03-11T22:44:10Z,84.0,Charge 4
2022-03-11T22:44:15Z,87.0,Charge 4
2022-03-11T22:44:20Z,89.0,Charge 4
2022-03-11T22:44:25Z,88.0,Charge 4
2022-03-11T22:44:30Z,86.0,Charge 4
2022-03-11T22:44:35Z,85.0,Charge 4
2022-03-11T22:44:40Z,84.0,Charge 4
2022-03-11T22:44:50Z,85.0,Charge 4
2022-03-11T22:44:55Z,84.0,Charge 4
2022-03-11T22:45:00Z,86.0,Charge 4
2022-03-11T22:45:05Z,88.0,Charge 4
2022-03-11T22:45:10Z,89.0,Charge 4
2022-03-11T22:45:15Z,89.0,Charge 4
2022-03-11T22:45:20Z,86.0,Charge 4
2022-03-11T22:45:25Z,86.0,Charge 4
2022-03-11T22:45:30Z,87.0,Charge 4
2022-03-11T22:45:35Z,89.0,Charge 4
2022-03-11T22:45:40Z,93.0,Charge 4
2022-03-11T22:45:45Z,95.0,Charge 4
2022-03-11T22:45:50Z,92.0,Charge 4
2022-03-11T22:45:55Z,89.0,Charge 4
2022-03-11T22:46:00Z,85.0,Charge 4
2022-03-11T22:46:05Z,82.0,Charge 4
2022-03-11T22:46:10Z,81.0,Charge 4
2022-03-11T22:46:15Z,83.0,Charge 4
2022-03-11T22:46:20Z,84.0,Charge 4
2022-03-11T22:46:25Z,87.0,Charge 4
2022-03-11T22:46:30Z,88.0,Charge 4
2022-03-11T22:46:35Z,89.0,Charge 4
2022-03-11T22:46:40Z,90.0,Charge 4
2022-03-11T22:46:45Z,91.0,Charge 4
2022-03-11T22:46:55Z,89.0,Charge 4
2022-03-11T22:47:00Z,88.0,Charge 4
2022-03-11T22:47:15Z,88.0,Charge 4
2022-03-11T22:47:20Z,90.0,Charge 4
2022-03-11T22:47:25Z,89.0,Charge 4
2022-03-11T22:47:30Z,87.0,Charge 4
2022-03-11T22:47:35Z,86.0,Charge 4
2022-03-11T22:47:40Z,87.0,Charge 4
2022-03-11T22:47:45Z,88.0,Charge 4
2022-03-11T22:47:50Z,88.0,Charge 4
2022-03-11T22:47:55Z,90.0,Charge 4
2022-03-11T22:48:00Z,89.0,Charge 4
2022-03-11T22:48:10Z,88.0,Charge 4
2022-03-11T22:48:15Z,87.0,Charge 4
2022-03-11T22:48:20Z,88.0,Charge 4
2022-03-11T22:48:25Z,88.0,Charge 4
2022-03-11T22:48:35Z,89.0,Charge 4
2022-03-11T22:48:45Z,92.0,Charge 4
2022-03-11T22:48:50Z,104.0,Charge 4
2022-03-11T22:48:55Z,102.0,Charge 4
2022-03-11T22:49:01Z,92.0,Charge 4
2022-03-11T22:49:06Z,86.0,Charge 4
2022-03-11T22:49:11Z,81.0,Charge 4
2022-03-11T22:49:21Z,83.0,Charge 4
2022-03-11T22:49:26Z,84.0,Charge 4
2022-03-11T22:49:31Z,85.0,Charge 4
2022-03-11T22:49:36Z,87.0,Charge 4
2022-03-11T22:49:41Z,86.0,Charge 4
2022-03-11T22:49:46Z,84.0,Charge 4
2022-03-11T22:49:56Z,86.0,Charge 4
2022-03-11T22:50:01Z,89.0,Charge 4
2022-03-11T22:50:06Z,90.0,Charge 4
2022-03-11T22:50:16Z,89.0,Charge 4
2022-03-11T22:50:21Z,86.0,Charge 4
2022-03-11T22:50:26Z,82.0,Charge 4
2022-03-11T22:50:36Z,83.0,Charge 4
2022-03-11T22:50:41Z,85.0,Charge 4
2022-03-11T22:50:46Z,88.0,Charge 4
2022-03-11T22:50:51Z,89.0,Charge 4
2022-03-11T22:50:56Z,90.0,Charge 4
2022-03-11T22:51:06Z,88.0,Charge 4
2022-03-11T22:51:11Z,85.0,Charge 4
2022-03-11T22:51:26Z,83.0,Charge 4
2022-03-11T22:51:41Z,86.0,Charge 4
2022-03-11T22:51:51Z,87.0,Charge 4
2022-03-11T22:51:56Z,88.0,Charge 4
2022-03-11T22:52:01Z,89.0,Charge 4
2022-03-11T22:52:06Z,89.0,Charge 4
2022-03-11T22:52:11Z,88.0,Charge 4
2022-03-11T22:52:16Z,86.0,Charge 4
2022-03-11T22:52:26Z,85.0,Charge 4
2022-03-11T22:52:31Z,86.0,Charge 4
2022-03-11T22:52:46Z,84.0,Charge 4
2022-03-11T22:53:01Z,84.0,Charge 4
2022-03-11T22:53:06Z,85.0,Charge 4
2022-03-11T22:53:11Z,86.0,Charge 4
2022-03-11T22:53:16Z,85.0,Charge 4
2022-03-11T22:53:21Z,84.0,Charge 4
2022-03-11T22:53:36Z,86.0,Charge 4
2022-03-11T22:53:41Z,87.0,Charge 4
2022-03-11T22:53:46Z,88.0,Charge 4
2022-03-11T22:53:51Z,89.0,Charge 4
2022-03-11T22:53:56Z,88.0,Charge 4
2022-03-11T22:54:06Z,86.0,Charge 4
2022-03-11T22:54:11Z,84.0,Charge 4
2022-03-11T22:54:16Z,85.0,Charge 4
2022-03-11T22:54:21Z,86.0,Charge 4
2022-03-11T22:54:31Z,87.0,Charge 4
2022-03-11T22:54:36Z,86.0,Charge 4
2022-03-11T22:54:46Z,88.0,Charge 4
2022-03-11T22:54:56Z,86.0,Charge 4
2022-03-11T22:55:01Z,85.0,Charge 4
2022-03-11T22:55:06Z,87.0,Charge 4
2022-03-11T22:55:11Z,91.0,Charge 4
2022-03-11T22:55:17Z,91.0,Charge 4
2022-03-11T22:55:22Z,89.0,Charge 4
2022-03-11T22:55:27Z,88.0,Charge 4
2022-03-11T22:55:32Z,86.0,Charge 4
2022-03-11T22:55:37Z,85.0,Charge 4
2022-03-11T22:55:42Z,84.0,Charge 4
2022-03-11T22:55:47Z,83.0,Charge 4
2022-03-11T22:55:52Z,84.0,Charge 4
2022-03-11T22:55:57Z,83.0,Charge 4
2022-03-11T22:56:07Z,84.0,Charge 4
2022-03-11T22:56:12Z,86.0,Charge 4
2022-03-11T22:56:17Z,85.0,Charge 4
2022-03-11T22:56:22Z,83.0,Charge 4
2022-03-11T22:56:27Z,86.0,Charge 4
2022-03-11T22:56:32Z,88.0,Charge 4
2022-03-11T22:56:42Z,86.0,Charge 4
2022-03-11T22:56:47Z,84.0,Charge 4
2022-03-11T22:56:52Z,85.0,Charge 4
2022-03-11T22:56:57Z,87.0,Charge 4
2022-03-11T22:57:02Z,88.0,Charge 4
2022-03-11T22:57:07Z,87.0,Charge 4
2022-03-11T22:57:12Z,88.0,Charge 4
2022-03-11T22:57:27Z,88.0,Charge 4
2022-03-11T22:57:32Z,86.0,Charge 4
2022-03-11T22:57:37Z,85.0,Charge 4
2022-03-11T22:57:42Z,86.0,Charge 4
2022-03-11T22:57:52Z,85.0,Charge 4
2022-03-11T22:57:57Z,85.0,Charge 4
2022-03-11T22:58:02Z,86.0,Charge 4
2022-03-11T22:58:12Z,85.0,Charge 4
2022-03-11T22:58:17Z,86.0,Charge 4
2022-03-11T22:58:22Z,87.0,Charge 4
2022-03-11T22:58:27Z,86.0,Charge 4
2022-03-11T22:58:32Z,85.0,Charge 4
2022-03-11T22:58:37Z,84.0,Charge 4
2022-03-11T22:58:47Z,85.0,Charge 4
2022-03-11T22:58:52Z,87.0,Charge 4
2022-03-11T22:58:57Z,88.0,Charge 4
2022-03-11T22:59:12Z,88.0,Charge 4
2022-03-11T22:59:27Z,87.0,Charge 4
2022-03-11T22:59:32Z,88.0,Charge 4
2022-03-11T22:59:42Z,85.0,Charge 4
2022-03-11T22:59:52Z,86.0,Charge 4
2022-03-11T22:59:57Z,85.0,Charge 4
2022-03-11T23:00:12Z,86.0,Charge 4
2022-03-11T23:00:22Z,91.0,Charge 4
2022-03-11T23:00:27Z,94.0,Charge 4
2022-03-11T23:00:32Z,95.0,Charge 4
2022-03-11T23:00:42Z,94.0,Charge 4
2022-03-11T23:00:57Z,93.0,Charge 4
2022-03-11T23:01:02Z,93.0,Charge 4
2022-03-11T23:01:07Z,92.0,Charge 4
2022-03-11T23:01:12Z,91.0,Charge 4
2022-03-11T23:01:17Z,89.0,Charge 4
2022-03-11T23:01:22Z,86.0,Charge 4
2022-03-11T23:01:37Z,86.0,Charge 4
2022-03-11T23:01:42Z,84.0,Charge 4
2022-03-11T23:01:57Z,84.0,Charge 4
2022-03-11T23:02:02Z,86.0,Charge 4
2022-03-11T23:02:07Z,87.0,Charge 4
2022-03-11T23:02:12Z,88.0,Charge 4
2022-03-11T23:02:22Z,89.0,Charge 4
2022-03-11T23:02:27Z,88.0,Charge 4
2022-03-11T23:02:42Z,88.0,Charge 4
2022-03-11T23:02:47Z,89.0,Charge 4
2022-03-11T23:02:52Z,87.0,Charge 4
2022-03-11T23:02:57Z,85.0,Charge 4
2022-03-11T23:03:02Z,84.0,Charge 4
2022-03-11T23:03:12Z,86.0,Charge 4
2022-03-11T23:03:17Z,83.0,Charge 4
2022-03-11T23:03:22Z,81.0,Charge 4
2022-03-11T23:03:27Z,83.0,Charge 4
2022-03-11T23:03:32Z,86.0,Charge 4
2022-03-11T23:03:37Z,87.0,Charge 4
2022-03-11T23:03:52Z,87.0,Charge 4
2022-03-11T23:03:57Z,88.0,Charge 4
2022-03-11T23:04:02Z,87.0,Charge 4
2022-03-11T23:04:07Z,88.0,Charge 4
2022-03-11T23:04:12Z,87.0,Charge 4
2022-03-11T23:04:18Z,84.0,Charge 4
2022-03-11T23:04:33Z,84.0,Charge 4
2022-03-11T23:04:38Z,85.0,Charge 4
2022-03-11T23:04:43Z,86.0,Charge 4
2022-03-11T23:04:48Z,87.0,Charge 4
2022-03-11T23:04:53Z,88.0,Charge 4
2022-03-11T23:05:08Z,90.0,Charge 4
2022-03-11T23:05:13Z,89.0,Charge 4
2022-03-11T23:05:18Z,86.0,Charge 4
2022-03-11T23:05:23Z,86.0,Charge 4
2022-03-11T23:05:28Z,86.0,Charge 4
2022-03-11T23:05:38Z,85.0,Charge 4
2022-03-11T23:05:53Z,85.0,Charge 4
2022-03-11T23:06:08Z,86.0,Charge 4
2022-03-11T23:06:13Z,87.0,Charge 4
2022-03-11T23:06:23Z,87.0,Charge 4
2022-03-11T23:06:28Z,86.0,Charge 4
2022-03-11T23:06:33Z,85.0,Charge 4
2022-03-11T23:06:43Z,86.0,Charge 4
2022-03-11T23:06:53Z,88.0,Charge 4
2022-03-11T23:06:58Z,89.0,Charge 4
2022-03-11T23:07:08Z,87.0,Charge 4
2022-03-11T23:07:13Z,84.0,Charge 4
2022-03-11T23:07:18Z,82.0,Charge 4
2022-03-11T23:07:23Z,81.0,Charge 4
2022-03-11T23:07:28Z,80.0,Charge 4
2022-03-11T23:07:33Z,80.0,Charge 4
2022-03-11T23:07:38Z,80.0,Charge 4
2022-03-11T23:07:53Z,80.0,Charge 4
2022-03-11T23:07:58Z,81.0,Charge 4
2022-03-11T23:08:03Z,83.0,Charge 4
2022-03-11T23:08:13Z,84.0,Charge 4
2022-03-11T23:08:18Z,85.0,Charge 4
2022-03-11T23:08:28Z,86.0,Charge 4
2022-03-11T23:08:43Z,86.0,Charge 4
2022-03-11T23:08:48Z,88.0,Charge 4
2022-03-11T23:08:58Z,87.0,Charge 4
2022-03-11T23:09:03Z,86.0,Charge 4
2022-03-11T23:09:13Z,85.0,Charge 4
2022-03-11T23:09:18Z,84.0,Charge 4
2022-03-11T23:09:33Z,84.0,Charge 4
2022-03-11T23:09:43Z,85.0,Charge 4
2022-03-11T23:09:53Z,87.0,Charge 4
2022-03-11T23:10:08Z,87.0,Charge 4
2022-03-11T23:10:13Z,86.0,Charge 4
2022-03-11T23:10:18Z,85.0,Charge 4
2022-03-11T23:10:33Z,85.0,Charge 4
2022-03-11T23:10:38Z,83.0,Charge 4
2022-03-11T23:10:43Z,82.0,Charge 4
2022-03-11T23:10:58Z,82.0,Charge 4
2022-03-11T23:11:08Z,84.0,Charge 4
2022-03-11T23:11:23Z,84.0,Charge 4
2022-03-11T23:11:24Z,84.0,Charge 4
2022-03-11T23:11:39Z,84.0,Charge 4
2022-03-11T23:11:54Z,85.0,Charge 4
2022-03-11T23:11:59Z,87.0,Charge 4
2022-03-11T23:12:14Z,86.0,Charge 4
2022-03-11T23:12:19Z,85.0,Charge 4
2022-03-11T23:12:34Z,84.0,Charge 4
2022-03-11T23:12:39Z,83.0,Charge 4
2022-03-11T23:12:44Z,82.0,Charge 4
2022-03-11T23:12:54Z,83.0,Charge 4
2022-03-11T23:12:59Z,82.0,Charge 4
2022-03-11T23:13:04Z,83.0,Charge 4
2022-03-11T23:13:09Z,84.0,Charge 4
2022-03-11T23:13:14Z,85.0,Charge 4
2022-03-11T23:13:29Z,80.0,Charge 4
2022-03-11T23:13:39Z,81.0,Charge 4
2022-03-11T23:13:54Z,80.0,Charge 4
2022-03-11T23:14:04Z,81.0,Charge 4
2022-03-11T23:14:19Z,81.0,Charge 4
2022-03-11T23:14:24Z,83.0,Charge 4
2022-03-11T23:14:29Z,84.0,Charge 4
2022-03-11T23:14:34Z,85.0,Charge 4
2022-03-11T23:14:39Z,84.0,Charge 4
2022-03-11T23:14:49Z,83.0,Charge 4
2022-03-11T23:14:54Z,82.0,Charge 4
2022-03-11T23:15:09Z,82.0,Charge 4
2022-03-11T23:15:24Z,82.0,Charge 4
2022-03-11T23:15:25Z,83.0,Charge 4
2022-03-11T23:15:30Z,82.0,Charge 4
2022-03-11T23:15:45Z,82.0,Charge 4
2022-03-11T23:15:50Z,83.0,Charge 4
2022-03-11T23:15:55Z,90.0,Charge 4
2022-03-11T23:16:00Z,100.0,Charge 4
2022-03-11T23:16:05Z,98.0,Charge 4
2022-03-11T23:16:10Z,88.0,Charge 4
2022-03-11T23:16:15Z,83.0,Charge 4
2022-03-11T23:16:20Z,81.0,Charge 4
2022-03-11T23:16:25Z,80.0,Charge 4
2022-03-11T23:16:35Z,82.0,Charge 4
2022-03-11T23:16:40Z,83.0,Charge 4
2022-03-11T23:16:55Z,83.0,Charge 4
2022-03-11T23:17:10Z,83.0,Charge 4
2022-03-11T23:17:15Z,81.0,Charge 4
2022-03-11T23:17:20Z,80.0,Charge 4
2022-03-11T23:17:35Z,80.0,Charge 4
2022-03-11T23:17:40Z,81.0,Charge 4
2022-03-11T23:17:50Z,79.0,Charge 4
2022-03-11T23:18:05Z,80.0,Charge 4
2022-03-11T23:18:10Z,81.0,Charge 4
2022-03-11T23:18:20Z,82.0,Charge 4
2022-03-11T23:18:35Z,83.0,Charge 4
2022-03-11T23:18:40Z,82.0,Charge 4
2022-03-11T23:18:45Z,84.0,Charge 4
2022-03-11T23:18:50Z,86.0,Charge 4
2022-03-11T23:18:55Z,85.0,Charge 4
2022-03-11T23:19:00Z,83.0,Charge 4
2022-03-11T23:19:05Z,82.0,Charge 4
2022-03-11T23:19:15Z,83.0,Charge 4
2022-03-11T23:19:20Z,84.0,Charge 4
2022-03-11T23:19:35Z,83.0,Charge 4
2022-03-11T23:19:40Z,82.0,Charge 4
2022-03-11T23:19:45Z,83.0,Charge 4
2022-03-11T23:20:00Z,83.0,Charge 4
2022-03-11T23:20:15Z,83.0,Charge 4
2022-03-11T23:20:20Z,84.0,Charge 4
2022-03-11T23:20:30Z,83.0,Charge 4
2022-03-11T23:20:45Z,82.0,Charge 4
2022-03-11T23:21:00Z,84.0,Charge 4
2022-03-11T23:21:05Z,83.0,Charge 4
2022-03-11T23:21:20Z,84.0,Charge 4
2022-03-11T23:21:30Z,85.0,Charge 4
2022-03-11T23:21:35Z,84.0,Charge 4
2022-03-11T23:21:40Z,83.0,Charge 4
2022-03-11T23:21:50Z,85.0,Charge 4
2022-03-11T23:21:55Z,84.0,Charge 4
2022-03-11T23:22:00Z,82.0,Charge 4
2022-03-11T23:22:05Z,81.0,Charge 4
2022-03-11T23:22:15Z,82.0,Charge 4
2022-03-11T23:22:20Z,83.0,Charge 4
2022-03-11T23:22:26Z,84.0,Charge 4
2022-03-11T23:22:31Z,85.0,Charge 4
2022-03-11T23:22:36Z,85.0,Charge 4
2022-03-11T23:22:41Z,84.0,Charge 4
2022-03-11T23:22:56Z,83.0,Charge 4
2022-03-11T23:23:06Z,84.0,Charge 4
2022-03-11T23:23:11Z,85.0,Charge 4
2022-03-11T23:23:21Z,84.0,Charge 4
2022-03-11T23:23:36Z,84.0,Charge 4
2022-03-11T23:23:51Z,83.0,Charge 4
2022-03-11T23:24:01Z,84.0,Charge 4
2022-03-11T23:24:06Z,85.0,Charge 4
2022-03-11T23:24:11Z,84.0,Charge 4
2022-03-11T23:24:21Z,85.0,Charge 4
2022-03-11T23:24:26Z,84.0,Charge 4
2022-03-11T23:24:41Z,85.0,Charge 4
2022-03-11T23:24:46Z,84.0,Charge 4
2022-03-11T23:24:51Z,82.0,Charge 4
2022-03-11T23:25:01Z,83.0,Charge 4
2022-03-11T23:25:16Z,84.0,Charge 4
2022-03-11T23:25:31Z,83.0,Charge 4
2022-03-11T23:25:41Z,82.0,Charge 4
2022-03-11T23:25:51Z,83.0,Charge 4
2022-03-11T23:25:56Z,82.0,Charge 4
2022-03-11T23:26:06Z,83.0,Charge 4
2022-03-11T23:26:11Z,84.0,Charge 4
2022-03-11T23:26:16Z,85.0,Charge 4
2022-03-11T23:26:21Z,84.0,Charge 4
2022-03-11T23:26:36Z,83.0,Charge 4
2022-03-11T23:26:46Z,84.0,Charge 4
2022-03-11T23:27:01Z,83.0,Charge 4
2022-03-11T23:27:11Z,82.0,Charge 4
2022-03-11T23:27:21Z,83.0,Charge 4
2022-03-11T23:27:26Z,82.0,Charge 4
2022-03-11T23:27:41Z,82.0,Charge 4
2022-03-11T23:27:46Z,83.0,Charge 4
2022-03-11T23:27:51Z,84.0,Charge 4
2022-03-11T23:27:56Z,83.0,Charge 4
2022-03-11T23:28:01Z,82.0,Charge 4
2022-03-11T23:28:16Z,82.0,Charge 4
2022-03-11T23:28:31Z,82.0,Charge 4
2022-03-11T23:28:46Z,82.0,Charge 4
2022-03-11T23:28:56Z,81.0,Charge 4
2022-03-11T23:29:01Z,82.0,Charge 4
2022-03-11T23:29:11Z,83.0,Charge 4
2022-03-11T23:29:16Z,84.0,Charge 4
2022-03-11T23:29:21Z,85.0,Charge 4
2022-03-11T23:29:26Z,83.0,Charge 4
2022-03-11T23:29:41Z,83.0,Charge 4
2022-03-11T23:29:46Z,82.0,Charge 4
2022-03-11T23:29:51Z,81.0,Charge 4
2022-03-11T23:30:01Z,80.0,Charge 4
2022-03-11T23:30:06Z,79.0,Charge 4
2022-03-11T23:30:12Z,79.0,Charge 4
2022-03-11T23:30:17Z,80.0,Charge 4
2022-03-11T23:30:22Z,81.0,Charge 4
2022-03-11T23:30:27Z,82.0,Charge 4
2022-03-11T23:30:32Z,83.0,Charge 4
2022-03-11T23:30:47Z,82.0,Charge 4
2022-03-11T23:31:02Z,82.0,Charge 4
2022-03-11T23:31:07Z,83.0,Charge 4
2022-03-11T23:31:12Z,84.0,Charge 4
2022-03-11T23:31:22Z,83.0,Charge 4
2022-03-11T23:31:27Z,82.0,Charge 4
2022-03-11T23:31:32Z,81.0,Charge 4
2022-03-11T23:31:47Z,81.0,Charge 4
2022-03-11T23:31:52Z,82.0,Charge 4
2022-03-11T23:32:07Z,82.0,Charge 4
2022-03-11T23:32:12Z,81.0,Charge 4
2022-03-11T23:32:27Z,82.0,Charge 4
2022-03-11T23:32:42Z,81.0,Charge 4
2022-03-11T23:32:47Z,82.0,Charge 4
2022-03-11T23:32:57Z,81.0,Charge 4
2022-03-11T23:33:07Z,82.0,Charge 4
2022-03-11T23:33:12Z,83.0,Charge 4
2022-03-11T23:33:22Z,82.0,Charge 4
2022-03-11T23:33:37Z,83.0,Charge 4
2022-03-11T23:33:42Z,82.0,Charge 4
2022-03-11T23:33:47Z,81.0,Charge 4
2022-03-11T23:33:57Z,82.0,Charge 4
2022-03-11T23:34:02Z,81.0,Charge 4
2022-03-11T23:34:07Z,80.0,Charge 4
2022-03-11T23:34:12Z,82.0,Charge 4
2022-03-11T23:34:17Z,83.0,Charge 4
2022-03-11T23:34:22Z,83.0,Charge 4
2022-03-11T23:34:27Z,84.0,Charge 4
2022-03-11T23:34:32Z,83.0,Charge 4
2022-03-11T23:34:37Z,82.0,Charge 4
2022-03-11T23:34:42Z,81.0,Charge 4
2022-03-11T23:34:47Z,80.0,Charge 4
2022-03-11T23:34:52Z,79.0,Charge 4
2022-03-11T23:35:02Z,80.0,Charge 4
2022-03-11T23:35:07Z,81.0,Charge 4
2022-03-11T23:35:12Z,82.0,Charge 4
2022-03-11T23:35:27Z,82.0,Charge 4
2022-03-11T23:35:32Z,83.0,Charge 4
2022-03-11T23:35:42Z,82.0,Charge 4
2022-03-11T23:35:47Z,81.0,Charge 4
2022-03-11T23:35:52Z,82.0,Charge 4
2022-03-11T23:36:07Z,82.0,Charge 4
2022-03-11T23:36:22Z,81.0,Charge 4
2022-03-11T23:36:32Z,81.0,Charge 4
2022-03-11T23:36:42Z,82.0,Charge 4
2022-03-11T23:36:47Z,83.0,Charge 4
2022-03-11T23:36:57Z,84.0,Charge 4
2022-03-11T23:37:03Z,84.0,Charge 4
2022-03-11T23:37:08Z,82.0,Charge 4
2022-03-11T23:37:23Z,82.0,Charge 4
2022-03-11T23:37:28Z,84.0,Charge 4
2022-03-11T23:37:33Z,83.0,Charge 4
2022-03-11T23:37:38Z,84.0,Charge 4
2022-03-11T23:37:48Z,85.0,Charge 4
2022-03-11T23:37:53Z,83.0,Charge 4
2022-03-11T23:37:58Z,82.0,Charge 4
2022-03-11T23:38:03Z,83.0,Charge 4
2022-03-11T23:38:18Z,84.0,Charge 4
2022-03-11T23:38:23Z,83.0,Charge 4
2022-03-11T23:38:28Z,82.0,Charge 4
2022-03-11T23:38:38Z,81.0,Charge 4
2022-03-11T23:38:43Z,82.0,Charge 4
2022-03-11T23:38:58Z,82.0,Charge 4
2022-03-11T23:39:08Z,81.0,Charge 4
2022-03-11T23:39:18Z,82.0,Charge 4
2022-03-11T23:39:28Z,83.0,Charge 4
2022-03-11T23:39:43Z,84.0,Charge 4
2022-03-11T23:39:58Z,83.0,Charge 4
2022-03-11T23:40:08Z,82.0,Charge 4
2022-03-11T23:40:13Z,81.0,Charge 4
2022-03-11T23:40:18Z,82.0,Charge 4
2022-03-11T23:40:33Z,82.0,Charge 4
2022-03-11T23:40:38Z,81.0,Charge 4
2022-03-11T23:40:53Z,83.0,Charge 4
2022-03-11T23:40:58Z,84.0,Charge 4
2022-03-11T23:41:03Z,83.0,Charge 4
2022-03-11T23:41:18Z,82.0,Charge 4
2022-03-11T23:41:23Z,84.0,Charge 4
2022-03-11T23:41:28Z,85.0,Charge 4
2022-03-11T23:41:38Z,84.0,Charge 4
2022-03-11T23:41:43Z,83.0,Charge 4
2022-03-11T23:41:53Z,84.0,Charge 4
2022-03-11T23:42:03Z,83.0,Charge 4
2022-03-11T23:42:13Z,82.0,Charge 4
2022-03-11T23:42:23Z,83.0,Charge 4
2022-03-11T23:42:28Z,84.0,Charge 4
2022-03-11T23:42:33Z,83.0,Charge 4
2022-03-11T23:42:43Z,84.0,Charge 4
2022-03-11T23:42:48Z,83.0,Charge 4
2022-03-11T23:42:53Z,80.0,Charge 4
2022-03-11T23:42:58Z,81.0,Charge 4
2022-03-11T23:43:03Z,82.0,Charge 4
2022-03-11T23:43:18Z,82.0,Charge 4
2022-03-11T23:43:23Z,82.0,Charge 4
2022-03-11T23:43:33Z,81.0,Charge 4
2022-03-11T23:43:43Z,82.0,Charge 4
2022-03-11T23:43:48Z,83.0,Charge 4
2022-03-11T23:43:58Z,82.0,Charge 4
2022-03-11T23:44:03Z,83.0,Charge 4
2022-03-11T23:44:08Z,82.0,Charge 4
2022-03-11T23:44:14Z,81.0,Charge 4
2022-03-11T23:44:19Z,83.0,Charge 4
2022-03-11T23:44:24Z,84.0,Charge 4
2022-03-11T23:44:29Z,82.0,Charge 4
2022-03-11T23:44:34Z,81.0,Charge 4
2022-03-11T23:44:44Z,82.0,Charge 4
2022-03-11T23:44:49Z,81.0,Charge 4
2022-03-11T23:44:59Z,82.0,Charge 4
2022-03-11T23:45:14Z,82.0,Charge 4
2022-03-11T23:45:24Z,81.0,Charge 4
2022-03-11T23:45:39Z,82.0,Charge 4
2022-03-11T23:45:54Z,83.0,Charge 4
2022-03-11T23:45:59Z,82.0,Charge 4
2022-03-11T23:46:04Z,81.0,Charge 4
2022-03-11T23:46:09Z,80.0,Charge 4
2022-03-11T23:46:14Z,81.0,Charge 4
2022-03-11T23:46:19Z,82.0,Charge 4
2022-03-11T23:46:29Z,83.0,Charge 4
2022-03-11T23:46:34Z,84.0,Charge 4
2022-03-11T23:46:49Z,84.0,Charge 4
2022-03-11T23:46:54Z,83.0,Charge 4
2022-03-11T23:47:04Z,82.0,Charge 4
2022-03-11T23:47:19Z,83.0,Charge 4
2022-03-11T23:47:24Z,84.0,Charge 4
2022-03-11T23:47:29Z,83.0,Charge 4
2022-03-11T23:47:44Z,83.0,Charge 4
2022-03-11T23:47:49Z,82.0,Charge 4
2022-03-11T23:47:54Z,81.0,Charge 4
2022-03-11T23:47:59Z,83.0,Charge 4
2022-03-11T23:48:04Z,84.0,Charge 4
2022-03-11T23:48:14Z,83.0,Charge 4
2022-03-11T23:48:19Z,82.0,Charge 4
2022-03-11T23:48:24Z,83.0,Charge 4
2022-03-11T23:48:39Z,83.0,Charge 4
2022-03-11T23:48:44Z,83.0,Charge 4
2022-03-11T23:48:59Z,83.0,Charge 4
2022-03-11T23:49:09Z,81.0,Charge 4
2022-03-11T23:49:24Z,81.0,Charge 4
2022-03-11T23:49:29Z,82.0,Charge 4
2022-03-11T23:49:34Z,81.0,Charge 4
2022-03-11T23:49:44Z,82.0,Charge 4
2022-03-11T23:49:49Z,83.0,Charge 4
2022-03-11T23:49:59Z,82.0,Charge 4
2022-03-11T23:50:14Z,82.0,Charge 4
2022-03-11T23:50:19Z,83.0,Charge 4
2022-03-11T23:50:24Z,84.0,Charge 4
2022-03-11T23:50:29Z,83.0,Charge 4
2022-03-11T23:50:34Z,80.0,Charge 4
2022-03-11T23:50:44Z,81.0,Charge 4
2022-03-11T23:50:49Z,82.0,Charge 4
2022-03-11T23:50:54Z,81.0,Charge 4
2022-03-11T23:51:04Z,82.0,Charge 4
2022-03-11T23:51:10Z,81.0,Charge 4
2022-03-11T23:51:15Z,79.0,Charge 4
2022-03-11T23:51:20Z,80.0,Charge 4
2022-03-11T23:51:30Z,79.0,Charge 4
2022-03-11T23:51:35Z,80.0,Charge 4
2022-03-11T23:51:45Z,81.0,Charge 4
2022-03-11T23:51:50Z,82.0,Charge 4
2022-03-11T23:51:55Z,83.0,Charge 4
2022-03-11T23:52:00Z,84.0,Charge 4
2022-03-11T23:52:05Z,83.0,Charge 4
2022-03-11T23:52:15Z,82.0,Charge 4
2022-03-11T23:52:25Z,83.0,Charge 4
2022-03-11T23:52:35Z,84.0,Charge 4
2022-03-11T23:52:50Z,84.0,Charge 4
2022-03-11T23:53:05Z,84.0,Charge 4
2022-03-11T23:53:10Z,83.0,Charge 4
2022-03-11T23:53:15Z,82.0,Charge 4
2022-03-11T23:53:25Z,81.0,Charge 4
2022-03-11T23:53:30Z,82.0,Charge 4
2022-03-11T23:53:40Z,83.0,Charge 4
2022-03-11T23:53:45Z,84.0,Charge 4
2022-03-11T23:53:50Z,83.0,Charge 4
2022-03-11T23:53:55Z,84.0,Charge 4
2022-03-11T23:54:00Z,87.0,Charge 4
2022-03-11T23:54:05Z,85.0,Charge 4
2022-03-11T23:54:15Z,86.0,Charge 4
2022-03-11T23:54:20Z,87.0,Charge 4
2022-03-11T23:54:25Z,86.0,Charge 4
2022-03-11T23:54:40Z,86.0,Charge 4
2022-03-11T23:54:45Z,87.0,Charge 4
2022-03-11T23:54:50Z,87.0,Charge 4
2022-03-11T23:54:55Z,88.0,Charge 4
2022-03-11T23:55:00Z,84.0,Charge 4
2022-03-11T23:55:05Z,73.0,Charge 4
2022-03-11T23:55:10Z,74.0,Charge 4
2022-03-11T23:55:15Z,77.0,Charge 4
2022-03-11T23:55:25Z,75.0,Charge 4
2022-03-11T23:55:30Z,73.0,Charge 4
2022-03-11T23:55:40Z,74.0,Charge 4
2022-03-11T23:55:45Z,75.0,Charge 4
2022-03-11T23:55:50Z,78.0,Charge 4
2022-03-11T23:56:05Z,78.0,Charge 4
2022-03-11T23:57:16Z,77.0,Charge 4
2022-03-11T23:57:31Z,77.0,Charge 4
2022-03-11T23:57:36Z,78.0,Charge 4
2022-03-11T23:57:46Z,79.0,Charge 4
2022-03-11T23:57:56Z,80.0,Charge 4
2022-03-11T23:58:01Z,78.0,Charge 4
2022-03-11T23:58:06Z,77.0,Charge 4
2022-03-11T23:58:16Z,78.0,Charge 4
2022-03-11T23:58:26Z,79.0,Charge 4
2022-03-11T23:58:36Z,80.0,Charge 4
2022-03-11T23:58:46Z,79.0,Charge 4
2022-03-11T23:58:51Z,80.0,Charge 4
2022-03-11T23:58:56Z,82.0,Charge 4
2022-03-11T23:59:01Z,82.0,Charge 4
2022-03-11T23:59:06Z,81.0,Charge 4
2022-03-11T23:59:11Z,79.0,Charge 4
2022-03-11T23:59:16Z,78.0,Charge 4
2022-03-11T23:59:31Z,78.0,Charge 4
2022-03-11T23:59:36Z,77.0,Charge 4
2022-03-11T23:59:51Z,76.0,Charge 4
