timestamp,beats per minute,data source
2022-12-16T00:00:09Z,80.0,Charge 4
2022-12-16T00:00:14Z,81.0,Charge 4
2022-12-16T00:00:19Z,80.0,Charge 4
2022-12-16T00:00:24Z,79.0,Charge 4
2022-12-16T00:00:34Z,80.0,Charge 4
2022-12-16T00:00:39Z,81.0,Charge 4
2022-12-16T00:00:54Z,79.0,Charge 4
2022-12-16T00:01:04Z,78.0,Charge 4
2022-12-16T00:01:09Z,77.0,Charge 4
2022-12-16T00:01:19Z,79.0,Charge 4
2022-12-16T00:01:24Z,80.0,Charge 4
2022-12-16T00:01:39Z,79.0,Charge 4
2022-12-16T00:01:44Z,78.0,Charge 4
2022-12-16T00:01:54Z,79.0,Charge 4
2022-12-16T00:01:59Z,80.0,Charge 4
2022-12-16T00:02:09Z,81.0,Charge 4
2022-12-16T00:02:14Z,80.0,Charge 4
2022-12-16T00:02:19Z,81.0,Charge 4
2022-12-16T00:02:34Z,80.0,Charge 4
2022-12-16T00:02:39Z,78.0,Charge 4
2022-12-16T00:02:44Z,77.0,Charge 4
2022-12-16T00:02:54Z,78.0,Charge 4
2022-12-16T00:02:59Z,80.0,Charge 4
2022-12-16T00:03:04Z,81.0,Charge 4
2022-12-16T00:03:09Z,80.0,Charge 4
2022-12-16T00:03:14Z,79.0,Charge 4
2022-12-16T00:03:19Z,78.0,Charge 4
2022-12-16T00:03:29Z,78.0,Charge 4
2022-12-16T00:03:34Z,79.0,Charge 4
2022-12-16T00:03:39Z,79.0,Charge 4
2022-12-16T00:03:44Z,79.0,Charge 4
2022-12-16T00:03:54Z,80.0,Charge 4
2022-12-16T00:03:59Z,82.0,Charge 4
2022-12-16T00:04:04Z,81.0,Charge 4
2022-12-16T00:04:09Z,80.0,Charge 4
2022-12-16T00:04:19Z,79.0,Charge 4
2022-12-16T00:04:24Z,79.0,Charge 4
2022-12-16T00:04:29Z,78.0,Charge 4
2022-12-16T00:04:34Z,79.0,Charge 4
2022-12-16T00:04:39Z,80.0,Charge 4
2022-12-16T00:04:44Z,81.0,Charge 4
2022-12-16T00:04:49Z,80.0,Charge 4
2022-12-16T00:04:54Z,79.0,Charge 4
2022-12-16T00:04:59Z,78.0,Charge 4
2022-12-16T00:05:14Z,79.0,Charge 4
2022-12-16T00:05:19Z,80.0,Charge 4
2022-12-16T00:05:24Z,81.0,Charge 4
2022-12-16T00:05:29Z,80.0,Charge 4
2022-12-16T00:05:39Z,79.0,Charge 4
2022-12-16T00:05:44Z,79.0,Charge 4
2022-12-16T00:05:59Z,78.0,Charge 4
2022-12-16T00:06:09Z,77.0,Charge 4
2022-12-16T00:06:19Z,78.0,Charge 4
2022-12-16T00:06:34Z,79.0,Charge 4
2022-12-16T00:06:39Z,80.0,Charge 4
2022-12-16T00:06:54Z,80.0,Charge 4
2022-12-16T00:06:59Z,79.0,Charge 4
2022-12-16T00:07:04Z,77.0,Charge 4
2022-12-16T00:07:19Z,77.0,Charge 4
2022-12-16T00:07:29Z,76.0,Charge 4
2022-12-16T00:07:34Z,77.0,Charge 4
2022-12-16T00:07:39Z,78.0,Charge 4
2022-12-16T00:07:54Z,78.0,Charge 4
2022-12-16T00:08:04Z,77.0,Charge 4
2022-12-16T00:08:19Z,76.0,Charge 4
2022-12-16T00:08:29Z,77.0,Charge 4
2022-12-16T00:08:34Z,78.0,Charge 4
2022-12-16T00:08:44Z,79.0,Charge 4
2022-12-16T00:08:59Z,78.0,Charge 4
2022-12-16T00:09:04Z,77.0,Charge 4
2022-12-16T00:09:19Z,78.0,Charge 4
2022-12-16T00:09:24Z,77.0,Charge 4
2022-12-16T00:09:39Z,78.0,Charge 4
2022-12-16T00:09:44Z,79.0,Charge 4
2022-12-16T00:09:49Z,78.0,Charge 4
2022-12-16T00:09:59Z,79.0,Charge 4
2022-12-16T00:10:04Z,78.0,Charge 4
2022-12-16T00:10:14Z,77.0,Charge 4
2022-12-16T00:10:24Z,78.0,Charge 4
2022-12-16T00:10:39Z,77.0,Charge 4
2022-12-16T00:10:44Z,78.0,Charge 4
2022-12-16T00:10:59Z,78.0,Charge 4
2022-12-16T00:11:14Z,78.0,Charge 4
2022-12-16T00:11:24Z,78.0,Charge 4
2022-12-16T00:11:39Z,78.0,Charge 4
2022-12-16T00:11:49Z,77.0,Charge 4
2022-12-16T00:11:59Z,79.0,Charge 4
2022-12-16T00:12:04Z,80.0,Charge 4
2022-12-16T00:12:09Z,86.0,Charge 4
2022-12-16T00:12:14Z,88.0,Charge 4
2022-12-16T00:12:19Z,86.0,Charge 4
2022-12-16T00:12:24Z,82.0,Charge 4
2022-12-16T00:12:29Z,80.0,Charge 4
2022-12-16T00:12:34Z,79.0,Charge 4
2022-12-16T00:12:39Z,78.0,Charge 4
2022-12-16T00:12:44Z,77.0,Charge 4
2022-12-16T00:12:54Z,76.0,Charge 4
2022-12-16T00:13:04Z,77.0,Charge 4
2022-12-16T00:13:14Z,76.0,Charge 4
2022-12-16T00:13:19Z,75.0,Charge 4
2022-12-16T00:13:24Z,74.0,Charge 4
2022-12-16T00:13:34Z,76.0,Charge 4
2022-12-16T00:13:40Z,76.0,Charge 4
2022-12-16T00:13:45Z,77.0,Charge 4
2022-12-16T00:14:00Z,76.0,Charge 4
2022-12-16T00:14:10Z,77.0,Charge 4
2022-12-16T00:14:25Z,77.0,Charge 4
2022-12-16T00:14:40Z,75.0,Charge 4
2022-12-16T00:14:45Z,74.0,Charge 4
2022-12-16T00:14:50Z,75.0,Charge 4
2022-12-16T00:14:55Z,76.0,Charge 4
2022-12-16T00:15:00Z,77.0,Charge 4
2022-12-16T00:15:05Z,78.0,Charge 4
2022-12-16T00:15:15Z,77.0,Charge 4
2022-12-16T00:15:20Z,76.0,Charge 4
2022-12-16T00:15:35Z,76.0,Charge 4
2022-12-16T00:15:40Z,77.0,Charge 4
2022-12-16T00:15:45Z,78.0,Charge 4
2022-12-16T00:15:50Z,77.0,Charge 4
2022-12-16T00:15:55Z,76.0,Charge 4
2022-12-16T00:16:00Z,75.0,Charge 4
2022-12-16T00:16:05Z,76.0,Charge 4
2022-12-16T00:16:10Z,77.0,Charge 4
2022-12-16T00:16:15Z,76.0,Charge 4
2022-12-16T00:16:30Z,77.0,Charge 4
2022-12-16T00:16:40Z,76.0,Charge 4
2022-12-16T00:16:55Z,77.0,Charge 4
2022-12-16T00:17:05Z,78.0,Charge 4
2022-12-16T00:17:20Z,77.0,Charge 4
2022-12-16T00:17:25Z,76.0,Charge 4
2022-12-16T00:17:40Z,76.0,Charge 4
2022-12-16T00:17:45Z,77.0,Charge 4
2022-12-16T00:17:50Z,76.0,Charge 4
2022-12-16T00:18:00Z,75.0,Charge 4
2022-12-16T00:18:15Z,75.0,Charge 4
2022-12-16T00:18:20Z,76.0,Charge 4
2022-12-16T00:18:25Z,77.0,Charge 4
2022-12-16T00:18:35Z,78.0,Charge 4
2022-12-16T00:18:40Z,79.0,Charge 4
2022-12-16T00:18:50Z,78.0,Charge 4
2022-12-16T00:19:05Z,78.0,Charge 4
2022-12-16T00:19:20Z,78.0,Charge 4
2022-12-16T00:19:25Z,79.0,Charge 4
2022-12-16T00:19:30Z,78.0,Charge 4
2022-12-16T00:19:35Z,77.0,Charge 4
2022-12-16T00:19:45Z,76.0,Charge 4
2022-12-16T00:20:00Z,76.0,Charge 4
2022-12-16T00:20:05Z,76.0,Charge 4
2022-12-16T00:20:10Z,77.0,Charge 4
2022-12-16T00:20:15Z,78.0,Charge 4
2022-12-16T00:20:20Z,77.0,Charge 4
2022-12-16T00:20:35Z,77.0,Charge 4
2022-12-16T00:20:50Z,77.0,Charge 4
2022-12-16T00:21:00Z,77.0,Charge 4
2022-12-16T00:21:06Z,78.0,Charge 4
2022-12-16T00:21:21Z,79.0,Charge 4
2022-12-16T00:21:31Z,78.0,Charge 4
2022-12-16T00:21:46Z,77.0,Charge 4
2022-12-16T00:21:56Z,78.0,Charge 4
2022-12-16T00:22:11Z,78.0,Charge 4
2022-12-16T00:22:21Z,77.0,Charge 4
2022-12-16T00:22:26Z,76.0,Charge 4
2022-12-16T00:22:41Z,77.0,Charge 4
2022-12-16T00:22:46Z,78.0,Charge 4
2022-12-16T00:22:51Z,77.0,Charge 4
2022-12-16T00:23:06Z,77.0,Charge 4
2022-12-16T00:23:16Z,78.0,Charge 4
2022-12-16T00:23:21Z,79.0,Charge 4
2022-12-16T00:23:31Z,78.0,Charge 4
2022-12-16T00:23:46Z,78.0,Charge 4
2022-12-16T00:24:01Z,78.0,Charge 4
2022-12-16T00:24:06Z,77.0,Charge 4
2022-12-16T00:24:11Z,76.0,Charge 4
2022-12-16T00:24:21Z,77.0,Charge 4
2022-12-16T00:24:36Z,77.0,Charge 4
2022-12-16T00:24:51Z,78.0,Charge 4
2022-12-16T00:24:56Z,77.0,Charge 4
2022-12-16T00:25:01Z,76.0,Charge 4
2022-12-16T00:25:16Z,77.0,Charge 4
2022-12-16T00:25:26Z,79.0,Charge 4
2022-12-16T00:25:36Z,80.0,Charge 4
2022-12-16T00:25:42Z,80.0,Charge 4
2022-12-16T00:25:47Z,79.0,Charge 4
2022-12-16T00:26:02Z,78.0,Charge 4
2022-12-16T00:26:07Z,79.0,Charge 4
2022-12-16T00:26:12Z,80.0,Charge 4
2022-12-16T00:26:17Z,79.0,Charge 4
2022-12-16T00:26:32Z,79.0,Charge 4
2022-12-16T00:26:47Z,78.0,Charge 4
2022-12-16T00:26:52Z,75.0,Charge 4
2022-12-16T00:27:02Z,76.0,Charge 4
2022-12-16T00:27:07Z,77.0,Charge 4
2022-12-16T00:27:22Z,77.0,Charge 4
2022-12-16T00:27:37Z,77.0,Charge 4
2022-12-16T00:27:42Z,76.0,Charge 4
2022-12-16T00:27:47Z,77.0,Charge 4
2022-12-16T00:28:02Z,77.0,Charge 4
2022-12-16T00:28:07Z,78.0,Charge 4
2022-12-16T00:28:12Z,79.0,Charge 4
2022-12-16T00:28:17Z,77.0,Charge 4
2022-12-16T00:28:22Z,76.0,Charge 4
2022-12-16T00:28:27Z,75.0,Charge 4
2022-12-16T00:28:37Z,76.0,Charge 4
2022-12-16T00:28:42Z,77.0,Charge 4
2022-12-16T00:28:52Z,79.0,Charge 4
2022-12-16T00:28:57Z,78.0,Charge 4
2022-12-16T00:29:02Z,77.0,Charge 4
2022-12-16T00:29:07Z,75.0,Charge 4
2022-12-16T00:29:12Z,76.0,Charge 4
2022-12-16T00:29:22Z,74.0,Charge 4
2022-12-16T00:29:27Z,75.0,Charge 4
2022-12-16T00:29:32Z,77.0,Charge 4
2022-12-16T00:29:37Z,76.0,Charge 4
2022-12-16T00:29:52Z,76.0,Charge 4
2022-12-16T00:29:57Z,77.0,Charge 4
2022-12-16T00:30:02Z,78.0,Charge 4
2022-12-16T00:30:07Z,77.0,Charge 4
2022-12-16T00:30:22Z,78.0,Charge 4
2022-12-16T00:30:27Z,77.0,Charge 4
2022-12-16T00:30:32Z,78.0,Charge 4
2022-12-16T00:30:47Z,76.0,Charge 4
2022-12-16T00:30:52Z,74.0,Charge 4
2022-12-16T00:30:57Z,75.0,Charge 4
2022-12-16T00:31:02Z,76.0,Charge 4
2022-12-16T00:31:07Z,77.0,Charge 4
2022-12-16T00:31:12Z,78.0,Charge 4
2022-12-16T00:31:22Z,77.0,Charge 4
2022-12-16T00:31:27Z,76.0,Charge 4
2022-12-16T00:31:42Z,75.0,Charge 4
2022-12-16T00:31:47Z,76.0,Charge 4
2022-12-16T00:31:52Z,77.0,Charge 4
2022-12-16T00:32:02Z,76.0,Charge 4
2022-12-16T00:32:17Z,76.0,Charge 4
2022-12-16T00:32:22Z,77.0,Charge 4
2022-12-16T00:32:32Z,80.0,Charge 4
2022-12-16T00:32:38Z,81.0,Charge 4
2022-12-16T00:32:48Z,80.0,Charge 4
2022-12-16T00:32:53Z,78.0,Charge 4
2022-12-16T00:32:58Z,77.0,Charge 4
2022-12-16T00:33:13Z,76.0,Charge 4
2022-12-16T00:33:28Z,76.0,Charge 4
2022-12-16T00:33:33Z,75.0,Charge 4
2022-12-16T00:33:38Z,76.0,Charge 4
2022-12-16T00:33:53Z,75.0,Charge 4
2022-12-16T00:33:58Z,76.0,Charge 4
2022-12-16T00:34:13Z,76.0,Charge 4
2022-12-16T00:34:18Z,77.0,Charge 4
2022-12-16T00:34:33Z,77.0,Charge 4
2022-12-16T00:34:38Z,76.0,Charge 4
2022-12-16T00:34:43Z,75.0,Charge 4
2022-12-16T00:34:48Z,74.0,Charge 4
2022-12-16T00:34:58Z,75.0,Charge 4
2022-12-16T00:35:03Z,76.0,Charge 4
2022-12-16T00:35:08Z,77.0,Charge 4
2022-12-16T00:35:23Z,77.0,Charge 4
2022-12-16T00:35:33Z,78.0,Charge 4
2022-12-16T00:35:38Z,76.0,Charge 4
2022-12-16T00:35:43Z,76.0,Charge 4
2022-12-16T00:35:53Z,77.0,Charge 4
2022-12-16T00:35:58Z,85.0,Charge 4
2022-12-16T00:36:03Z,90.0,Charge 4
2022-12-16T00:36:08Z,92.0,Charge 4
2022-12-16T00:36:13Z,94.0,Charge 4
2022-12-16T00:36:23Z,95.0,Charge 4
2022-12-16T00:36:28Z,97.0,Charge 4
2022-12-16T00:36:33Z,94.0,Charge 4
2022-12-16T00:36:38Z,89.0,Charge 4
2022-12-16T00:36:43Z,84.0,Charge 4
2022-12-16T00:36:48Z,81.0,Charge 4
2022-12-16T00:36:53Z,79.0,Charge 4
2022-12-16T00:37:03Z,81.0,Charge 4
2022-12-16T00:37:08Z,82.0,Charge 4
2022-12-16T00:37:13Z,79.0,Charge 4
2022-12-16T00:37:18Z,77.0,Charge 4
2022-12-16T00:37:23Z,76.0,Charge 4
2022-12-16T00:37:28Z,75.0,Charge 4
2022-12-16T00:37:33Z,74.0,Charge 4
2022-12-16T00:37:38Z,73.0,Charge 4
2022-12-16T00:37:43Z,75.0,Charge 4
2022-12-16T00:37:48Z,76.0,Charge 4
2022-12-16T00:37:53Z,77.0,Charge 4
2022-12-16T00:37:58Z,78.0,Charge 4
2022-12-16T00:38:03Z,79.0,Charge 4
2022-12-16T00:38:08Z,78.0,Charge 4
2022-12-16T00:38:23Z,78.0,Charge 4
2022-12-16T00:38:28Z,80.0,Charge 4
2022-12-16T00:38:38Z,79.0,Charge 4
2022-12-16T00:38:47Z,80.0,Charge 4
2022-12-16T00:38:52Z,78.0,Charge 4
2022-12-16T00:39:07Z,78.0,Charge 4
2022-12-16T00:39:22Z,76.0,Charge 4
2022-12-16T00:39:27Z,78.0,Charge 4
2022-12-16T00:39:32Z,79.0,Charge 4
2022-12-16T00:39:47Z,79.0,Charge 4
2022-12-16T00:39:52Z,80.0,Charge 4
2022-12-16T00:40:07Z,80.0,Charge 4
2022-12-16T00:40:12Z,82.0,Charge 4
2022-12-16T00:40:22Z,81.0,Charge 4
2022-12-16T00:40:27Z,80.0,Charge 4
2022-12-16T00:40:37Z,79.0,Charge 4
2022-12-16T00:40:47Z,80.0,Charge 4
2022-12-16T00:40:52Z,78.0,Charge 4
2022-12-16T00:41:02Z,79.0,Charge 4
2022-12-16T00:41:12Z,77.0,Charge 4
2022-12-16T00:41:17Z,76.0,Charge 4
2022-12-16T00:41:27Z,75.0,Charge 4
2022-12-16T00:41:42Z,75.0,Charge 4
2022-12-16T00:41:57Z,76.0,Charge 4
2022-12-16T00:42:12Z,75.0,Charge 4
2022-12-16T00:42:17Z,76.0,Charge 4
2022-12-16T00:42:23Z,76.0,Charge 4
2022-12-16T00:42:33Z,75.0,Charge 4
2022-12-16T00:42:38Z,74.0,Charge 4
2022-12-16T00:42:48Z,75.0,Charge 4
2022-12-16T00:42:53Z,77.0,Charge 4
2022-12-16T00:43:08Z,76.0,Charge 4
2022-12-16T00:43:23Z,76.0,Charge 4
2022-12-16T00:43:28Z,75.0,Charge 4
2022-12-16T00:43:43Z,75.0,Charge 4
2022-12-16T00:43:58Z,74.0,Charge 4
2022-12-16T00:44:03Z,71.0,Charge 4
2022-12-16T00:44:08Z,73.0,Charge 4
2022-12-16T00:44:13Z,74.0,Charge 4
2022-12-16T00:44:18Z,75.0,Charge 4
2022-12-16T00:44:23Z,73.0,Charge 4
2022-12-16T00:44:28Z,71.0,Charge 4
2022-12-16T00:44:43Z,73.0,Charge 4
2022-12-16T00:44:48Z,74.0,Charge 4
2022-12-16T00:44:53Z,72.0,Charge 4
2022-12-16T00:45:08Z,73.0,Charge 4
2022-12-16T00:45:13Z,72.0,Charge 4
2022-12-16T00:45:18Z,73.0,Charge 4
2022-12-16T00:45:28Z,76.0,Charge 4
2022-12-16T00:45:33Z,77.0,Charge 4
2022-12-16T00:45:38Z,78.0,Charge 4
2022-12-16T00:45:43Z,79.0,Charge 4
2022-12-16T00:45:48Z,77.0,Charge 4
2022-12-16T00:45:54Z,76.0,Charge 4
2022-12-16T00:45:59Z,77.0,Charge 4
2022-12-16T00:46:09Z,78.0,Charge 4
2022-12-16T00:46:14Z,79.0,Charge 4
2022-12-16T00:46:19Z,80.0,Charge 4
2022-12-16T00:46:29Z,79.0,Charge 4
2022-12-16T00:46:34Z,78.0,Charge 4
2022-12-16T00:46:39Z,76.0,Charge 4
2022-12-16T00:46:44Z,73.0,Charge 4
2022-12-16T00:46:49Z,70.0,Charge 4
2022-12-16T00:46:59Z,71.0,Charge 4
2022-12-16T00:47:09Z,73.0,Charge 4
2022-12-16T00:47:14Z,74.0,Charge 4
2022-12-16T00:47:29Z,76.0,Charge 4
2022-12-16T00:47:34Z,78.0,Charge 4
2022-12-16T00:47:39Z,79.0,Charge 4
2022-12-16T00:47:49Z,78.0,Charge 4
2022-12-16T00:47:54Z,76.0,Charge 4
2022-12-16T00:47:59Z,73.0,Charge 4
2022-12-16T00:48:04Z,71.0,Charge 4
2022-12-16T00:48:09Z,70.0,Charge 4
2022-12-16T00:48:14Z,69.0,Charge 4
2022-12-16T00:48:24Z,70.0,Charge 4
2022-12-16T00:48:29Z,71.0,Charge 4
2022-12-16T00:48:34Z,82.0,Charge 4
2022-12-16T00:48:39Z,92.0,Charge 4
2022-12-16T00:48:44Z,94.0,Charge 4
2022-12-16T00:48:54Z,93.0,Charge 4
2022-12-16T00:48:59Z,90.0,Charge 4
2022-12-16T00:49:04Z,82.0,Charge 4
2022-12-16T00:49:09Z,77.0,Charge 4
2022-12-16T00:49:14Z,76.0,Charge 4
2022-12-16T00:49:19Z,77.0,Charge 4
2022-12-16T00:49:24Z,80.0,Charge 4
2022-12-16T00:49:29Z,82.0,Charge 4
2022-12-16T00:49:44Z,80.0,Charge 4
2022-12-16T00:49:49Z,79.0,Charge 4
2022-12-16T00:49:54Z,77.0,Charge 4
2022-12-16T00:49:59Z,75.0,Charge 4
2022-12-16T00:50:04Z,74.0,Charge 4
2022-12-16T00:50:14Z,73.0,Charge 4
2022-12-16T00:50:29Z,74.0,Charge 4
2022-12-16T00:50:34Z,75.0,Charge 4
2022-12-16T00:50:49Z,76.0,Charge 4
2022-12-16T00:50:54Z,77.0,Charge 4
2022-12-16T00:50:59Z,76.0,Charge 4
2022-12-16T00:51:09Z,77.0,Charge 4
2022-12-16T00:51:14Z,78.0,Charge 4
2022-12-16T00:51:19Z,79.0,Charge 4
2022-12-16T00:51:24Z,80.0,Charge 4
2022-12-16T00:51:34Z,81.0,Charge 4
2022-12-16T00:51:39Z,82.0,Charge 4
2022-12-16T00:51:47Z,83.0,Charge 4
2022-12-16T00:51:52Z,84.0,Charge 4
2022-12-16T00:52:07Z,87.0,Charge 4
2022-12-16T00:52:12Z,89.0,Charge 4
2022-12-16T00:52:17Z,87.0,Charge 4
2022-12-16T00:52:22Z,85.0,Charge 4
2022-12-16T00:52:37Z,85.0,Charge 4
2022-12-16T00:52:42Z,84.0,Charge 4
2022-12-16T00:52:47Z,83.0,Charge 4
2022-12-16T00:52:52Z,81.0,Charge 4
2022-12-16T00:52:57Z,79.0,Charge 4
2022-12-16T00:53:02Z,77.0,Charge 4
2022-12-16T00:53:12Z,76.0,Charge 4
2022-12-16T00:53:27Z,77.0,Charge 4
2022-12-16T00:53:32Z,78.0,Charge 4
2022-12-16T00:53:37Z,78.0,Charge 4
2022-12-16T00:53:52Z,83.0,Charge 4
2022-12-16T00:53:57Z,84.0,Charge 4
2022-12-16T00:54:02Z,81.0,Charge 4
2022-12-16T00:54:07Z,77.0,Charge 4
2022-12-16T00:54:12Z,74.0,Charge 4
2022-12-16T00:54:17Z,72.0,Charge 4
2022-12-16T00:54:27Z,73.0,Charge 4
2022-12-16T00:54:37Z,74.0,Charge 4
2022-12-16T00:54:42Z,73.0,Charge 4
2022-12-16T00:54:52Z,74.0,Charge 4
2022-12-16T00:54:57Z,74.0,Charge 4
2022-12-16T00:55:03Z,74.0,Charge 4
2022-12-16T00:55:08Z,76.0,Charge 4
2022-12-16T00:55:13Z,77.0,Charge 4
2022-12-16T00:55:18Z,84.0,Charge 4
2022-12-16T00:55:23Z,88.0,Charge 4
2022-12-16T00:55:28Z,87.0,Charge 4
2022-12-16T00:55:33Z,85.0,Charge 4
2022-12-16T00:55:38Z,85.0,Charge 4
2022-12-16T00:55:48Z,85.0,Charge 4
2022-12-16T00:55:58Z,84.0,Charge 4
2022-12-16T00:56:03Z,84.0,Charge 4
2022-12-16T00:56:08Z,82.0,Charge 4
2022-12-16T00:56:13Z,83.0,Charge 4
2022-12-16T00:56:18Z,82.0,Charge 4
2022-12-16T00:56:33Z,82.0,Charge 4
2022-12-16T00:56:38Z,87.0,Charge 4
2022-12-16T00:56:43Z,89.0,Charge 4
2022-12-16T00:56:48Z,87.0,Charge 4
2022-12-16T00:56:53Z,86.0,Charge 4
2022-12-16T00:56:58Z,84.0,Charge 4
2022-12-16T00:57:03Z,82.0,Charge 4
2022-12-16T00:57:08Z,80.0,Charge 4
2022-12-16T00:57:13Z,79.0,Charge 4
2022-12-16T00:57:18Z,80.0,Charge 4
2022-12-16T00:57:23Z,81.0,Charge 4
2022-12-16T00:57:28Z,82.0,Charge 4
2022-12-16T00:57:38Z,85.0,Charge 4
2022-12-16T00:57:43Z,88.0,Charge 4
2022-12-16T00:57:48Z,87.0,Charge 4
2022-12-16T00:57:53Z,84.0,Charge 4
2022-12-16T00:57:58Z,85.0,Charge 4
2022-12-16T00:58:03Z,85.0,Charge 4
2022-12-16T00:58:08Z,84.0,Charge 4
2022-12-16T00:58:13Z,82.0,Charge 4
2022-12-16T00:58:18Z,79.0,Charge 4
2022-12-16T00:58:23Z,77.0,Charge 4
2022-12-16T00:58:28Z,75.0,Charge 4
2022-12-16T00:58:33Z,74.0,Charge 4
2022-12-16T00:58:38Z,73.0,Charge 4
2022-12-16T00:58:53Z,72.0,Charge 4
2022-12-16T00:59:08Z,73.0,Charge 4
2022-12-16T00:59:13Z,74.0,Charge 4
2022-12-16T00:59:23Z,73.0,Charge 4
2022-12-16T00:59:38Z,73.0,Charge 4
2022-12-16T00:59:48Z,74.0,Charge 4
2022-12-16T01:00:03Z,76.0,Charge 4
2022-12-16T01:00:18Z,77.0,Charge 4
2022-12-16T01:00:28Z,76.0,Charge 4
2022-12-16T01:00:38Z,77.0,Charge 4
2022-12-16T01:00:53Z,76.0,Charge 4
2022-12-16T01:01:08Z,76.0,Charge 4
2022-12-16T01:01:23Z,76.0,Charge 4
2022-12-16T01:01:33Z,78.0,Charge 4
2022-12-16T01:01:39Z,78.0,Charge 4
2022-12-16T01:01:44Z,79.0,Charge 4
2022-12-16T01:01:49Z,81.0,Charge 4
2022-12-16T01:01:54Z,80.0,Charge 4
2022-12-16T01:01:59Z,79.0,Charge 4
2022-12-16T01:02:14Z,78.0,Charge 4
2022-12-16T01:02:24Z,77.0,Charge 4
2022-12-16T01:02:29Z,76.0,Charge 4
2022-12-16T01:02:44Z,77.0,Charge 4
2022-12-16T01:02:49Z,78.0,Charge 4
2022-12-16T01:03:04Z,78.0,Charge 4
2022-12-16T01:03:09Z,77.0,Charge 4
2022-12-16T01:03:19Z,76.0,Charge 4
2022-12-16T01:03:24Z,75.0,Charge 4
2022-12-16T01:03:29Z,76.0,Charge 4
2022-12-16T01:03:34Z,77.0,Charge 4
2022-12-16T01:03:49Z,77.0,Charge 4
2022-12-16T01:03:59Z,79.0,Charge 4
2022-12-16T01:04:09Z,78.0,Charge 4
2022-12-16T01:04:14Z,77.0,Charge 4
2022-12-16T01:04:19Z,76.0,Charge 4
2022-12-16T01:04:34Z,76.0,Charge 4
2022-12-16T01:04:39Z,77.0,Charge 4
2022-12-16T01:04:44Z,78.0,Charge 4
2022-12-16T01:04:59Z,77.0,Charge 4
2022-12-16T01:05:14Z,77.0,Charge 4
2022-12-16T01:05:19Z,78.0,Charge 4
2022-12-16T01:05:24Z,78.0,Charge 4
2022-12-16T01:05:29Z,77.0,Charge 4
2022-12-16T01:05:44Z,77.0,Charge 4
2022-12-16T01:05:54Z,78.0,Charge 4
2022-12-16T01:05:59Z,79.0,Charge 4
2022-12-16T01:06:04Z,78.0,Charge 4
2022-12-16T01:06:14Z,77.0,Charge 4
2022-12-16T01:06:19Z,76.0,Charge 4
2022-12-16T01:06:34Z,76.0,Charge 4
2022-12-16T01:06:39Z,73.0,Charge 4
2022-12-16T01:06:44Z,76.0,Charge 4
2022-12-16T01:06:49Z,79.0,Charge 4
2022-12-16T01:06:54Z,80.0,Charge 4
2022-12-16T01:06:59Z,78.0,Charge 4
2022-12-16T01:07:04Z,77.0,Charge 4
2022-12-16T01:07:19Z,77.0,Charge 4
2022-12-16T01:07:29Z,78.0,Charge 4
2022-12-16T01:07:34Z,79.0,Charge 4
2022-12-16T01:07:44Z,78.0,Charge 4
2022-12-16T01:07:54Z,77.0,Charge 4
2022-12-16T01:07:59Z,76.0,Charge 4
2022-12-16T01:08:04Z,74.0,Charge 4
2022-12-16T01:08:19Z,74.0,Charge 4
2022-12-16T01:08:24Z,76.0,Charge 4
2022-12-16T01:08:29Z,77.0,Charge 4
2022-12-16T01:08:35Z,78.0,Charge 4
2022-12-16T01:08:45Z,77.0,Charge 4
2022-12-16T01:09:00Z,78.0,Charge 4
2022-12-16T01:09:05Z,77.0,Charge 4
2022-12-16T01:09:20Z,77.0,Charge 4
2022-12-16T01:09:30Z,78.0,Charge 4
2022-12-16T01:09:40Z,76.0,Charge 4
2022-12-16T01:09:50Z,77.0,Charge 4
2022-12-16T01:09:55Z,76.0,Charge 4
2022-12-16T01:10:10Z,76.0,Charge 4
2022-12-16T01:10:15Z,78.0,Charge 4
2022-12-16T01:10:25Z,79.0,Charge 4
2022-12-16T01:10:30Z,78.0,Charge 4
2022-12-16T01:10:35Z,77.0,Charge 4
2022-12-16T01:10:50Z,78.0,Charge 4
2022-12-16T01:10:55Z,77.0,Charge 4
2022-12-16T01:11:10Z,77.0,Charge 4
2022-12-16T01:11:15Z,76.0,Charge 4
2022-12-16T01:11:25Z,77.0,Charge 4
2022-12-16T01:11:30Z,78.0,Charge 4
2022-12-16T01:11:40Z,77.0,Charge 4
2022-12-16T01:11:50Z,78.0,Charge 4
2022-12-16T01:12:05Z,78.0,Charge 4
2022-12-16T01:12:15Z,77.0,Charge 4
2022-12-16T01:12:25Z,78.0,Charge 4
2022-12-16T01:12:30Z,79.0,Charge 4
2022-12-16T01:12:35Z,80.0,Charge 4
2022-12-16T01:12:41Z,80.0,Charge 4
2022-12-16T01:12:46Z,78.0,Charge 4
2022-12-16T01:12:56Z,77.0,Charge 4
2022-12-16T01:13:11Z,78.0,Charge 4
2022-12-16T01:13:21Z,77.0,Charge 4
2022-12-16T01:13:36Z,77.0,Charge 4
2022-12-16T01:13:46Z,78.0,Charge 4
2022-12-16T01:13:51Z,77.0,Charge 4
2022-12-16T01:13:56Z,76.0,Charge 4
2022-12-16T01:14:06Z,77.0,Charge 4
2022-12-16T01:14:11Z,78.0,Charge 4
2022-12-16T01:14:16Z,79.0,Charge 4
2022-12-16T01:14:31Z,78.0,Charge 4
2022-12-16T01:14:36Z,76.0,Charge 4
2022-12-16T01:14:41Z,75.0,Charge 4
2022-12-16T01:14:51Z,74.0,Charge 4
2022-12-16T01:14:56Z,75.0,Charge 4
2022-12-16T01:15:01Z,77.0,Charge 4
2022-12-16T01:15:06Z,78.0,Charge 4
2022-12-16T01:15:11Z,77.0,Charge 4
2022-12-16T01:15:16Z,76.0,Charge 4
2022-12-16T01:15:26Z,75.0,Charge 4
2022-12-16T01:15:41Z,76.0,Charge 4
2022-12-16T01:15:51Z,77.0,Charge 4
2022-12-16T01:15:56Z,75.0,Charge 4
2022-12-16T01:16:06Z,76.0,Charge 4
2022-12-16T01:16:11Z,77.0,Charge 4
2022-12-16T01:16:16Z,76.0,Charge 4
2022-12-16T01:16:26Z,77.0,Charge 4
2022-12-16T01:16:41Z,78.0,Charge 4
2022-12-16T01:16:46Z,77.0,Charge 4
2022-12-16T01:16:51Z,78.0,Charge 4
2022-12-16T01:17:01Z,79.0,Charge 4
2022-12-16T01:17:11Z,78.0,Charge 4
2022-12-16T01:17:16Z,76.0,Charge 4
2022-12-16T01:17:21Z,75.0,Charge 4
2022-12-16T01:17:36Z,76.0,Charge 4
2022-12-16T01:17:51Z,76.0,Charge 4
2022-12-16T01:17:56Z,75.0,Charge 4
2022-12-16T01:18:01Z,76.0,Charge 4
2022-12-16T01:18:11Z,75.0,Charge 4
2022-12-16T01:18:26Z,76.0,Charge 4
2022-12-16T01:18:31Z,77.0,Charge 4
2022-12-16T01:18:36Z,78.0,Charge 4
2022-12-16T01:18:41Z,79.0,Charge 4
2022-12-16T01:18:51Z,80.0,Charge 4
2022-12-16T01:18:56Z,79.0,Charge 4
2022-12-16T01:19:01Z,78.0,Charge 4
2022-12-16T01:19:06Z,77.0,Charge 4
2022-12-16T01:19:11Z,76.0,Charge 4
2022-12-16T01:19:21Z,75.0,Charge 4
2022-12-16T01:19:31Z,76.0,Charge 4
2022-12-16T01:19:36Z,75.0,Charge 4
2022-12-16T01:19:41Z,77.0,Charge 4
2022-12-16T01:19:47Z,77.0,Charge 4
2022-12-16T01:19:52Z,76.0,Charge 4
2022-12-16T01:19:57Z,77.0,Charge 4
2022-12-16T01:20:02Z,76.0,Charge 4
2022-12-16T01:20:12Z,77.0,Charge 4
2022-12-16T01:20:27Z,78.0,Charge 4
2022-12-16T01:20:32Z,79.0,Charge 4
2022-12-16T01:20:37Z,81.0,Charge 4
2022-12-16T01:20:42Z,84.0,Charge 4
2022-12-16T01:20:47Z,85.0,Charge 4
2022-12-16T01:20:52Z,86.0,Charge 4
2022-12-16T01:20:57Z,84.0,Charge 4
2022-12-16T01:21:02Z,82.0,Charge 4
2022-12-16T01:21:07Z,79.0,Charge 4
2022-12-16T01:21:12Z,79.0,Charge 4
2022-12-16T01:21:22Z,83.0,Charge 4
2022-12-16T01:21:27Z,87.0,Charge 4
2022-12-16T01:21:32Z,85.0,Charge 4
2022-12-16T01:21:37Z,82.0,Charge 4
2022-12-16T01:21:42Z,79.0,Charge 4
2022-12-16T01:21:47Z,78.0,Charge 4
2022-12-16T01:21:52Z,75.0,Charge 4
2022-12-16T01:22:02Z,76.0,Charge 4
2022-12-16T01:22:07Z,77.0,Charge 4
2022-12-16T01:22:12Z,78.0,Charge 4
2022-12-16T01:22:22Z,77.0,Charge 4
2022-12-16T01:22:27Z,76.0,Charge 4
2022-12-16T01:22:34Z,75.0,Charge 4
2022-12-16T01:22:49Z,76.0,Charge 4
2022-12-16T01:22:59Z,77.0,Charge 4
2022-12-16T01:23:04Z,78.0,Charge 4
2022-12-16T01:23:09Z,79.0,Charge 4
2022-12-16T01:23:14Z,80.0,Charge 4
2022-12-16T01:23:24Z,82.0,Charge 4
2022-12-16T01:23:34Z,80.0,Charge 4
2022-12-16T01:23:39Z,79.0,Charge 4
2022-12-16T01:23:44Z,78.0,Charge 4
2022-12-16T01:23:49Z,78.0,Charge 4
2022-12-16T01:24:04Z,81.0,Charge 4
2022-12-16T01:24:09Z,83.0,Charge 4
2022-12-16T01:24:14Z,84.0,Charge 4
2022-12-16T01:24:24Z,82.0,Charge 4
2022-12-16T01:24:29Z,79.0,Charge 4
2022-12-16T01:24:34Z,77.0,Charge 4
2022-12-16T01:24:39Z,76.0,Charge 4
2022-12-16T01:24:44Z,75.0,Charge 4
2022-12-16T01:24:49Z,74.0,Charge 4
2022-12-16T01:24:59Z,75.0,Charge 4
2022-12-16T01:25:04Z,76.0,Charge 4
2022-12-16T01:25:14Z,75.0,Charge 4
2022-12-16T01:25:24Z,76.0,Charge 4
2022-12-16T01:25:34Z,77.0,Charge 4
2022-12-16T01:25:39Z,76.0,Charge 4
2022-12-16T01:25:44Z,77.0,Charge 4
2022-12-16T01:25:50Z,78.0,Charge 4
2022-12-16T01:26:05Z,77.0,Charge 4
2022-12-16T01:26:15Z,76.0,Charge 4
2022-12-16T01:26:25Z,75.0,Charge 4
2022-12-16T01:26:30Z,74.0,Charge 4
2022-12-16T01:26:40Z,75.0,Charge 4
2022-12-16T01:26:45Z,76.0,Charge 4
2022-12-16T01:26:50Z,77.0,Charge 4
2022-12-16T01:26:55Z,76.0,Charge 4
2022-12-16T01:27:00Z,77.0,Charge 4
2022-12-16T01:27:05Z,78.0,Charge 4
2022-12-16T01:27:20Z,78.0,Charge 4
2022-12-16T01:27:35Z,77.0,Charge 4
2022-12-16T01:27:40Z,76.0,Charge 4
2022-12-16T01:27:55Z,76.0,Charge 4
2022-12-16T01:28:10Z,76.0,Charge 4
2022-12-16T01:28:20Z,77.0,Charge 4
2022-12-16T01:28:30Z,76.0,Charge 4
2022-12-16T01:28:40Z,77.0,Charge 4
2022-12-16T01:28:50Z,76.0,Charge 4
2022-12-16T01:28:55Z,74.0,Charge 4
2022-12-16T01:29:00Z,73.0,Charge 4
2022-12-16T01:29:10Z,74.0,Charge 4
2022-12-16T01:29:15Z,76.0,Charge 4
2022-12-16T01:29:20Z,75.0,Charge 4
2022-12-16T01:29:25Z,73.0,Charge 4
2022-12-16T01:29:30Z,72.0,Charge 4
2022-12-16T01:29:35Z,72.0,Charge 4
2022-12-16T01:29:50Z,73.0,Charge 4
2022-12-16T01:30:00Z,74.0,Charge 4
2022-12-16T01:30:15Z,73.0,Charge 4
2022-12-16T01:30:25Z,74.0,Charge 4
2022-12-16T01:30:35Z,75.0,Charge 4
2022-12-16T01:30:40Z,76.0,Charge 4
2022-12-16T01:30:55Z,75.0,Charge 4
2022-12-16T01:31:05Z,77.0,Charge 4
2022-12-16T01:31:10Z,78.0,Charge 4
2022-12-16T01:31:25Z,77.0,Charge 4
2022-12-16T01:31:40Z,77.0,Charge 4
2022-12-16T01:31:45Z,76.0,Charge 4
2022-12-16T01:32:00Z,76.0,Charge 4
2022-12-16T01:32:15Z,75.0,Charge 4
2022-12-16T01:32:20Z,72.0,Charge 4
2022-12-16T01:32:25Z,71.0,Charge 4
2022-12-16T01:32:30Z,69.0,Charge 4
2022-12-16T01:32:45Z,69.0,Charge 4
2022-12-16T01:32:50Z,73.0,Charge 4
2022-12-16T01:32:55Z,79.0,Charge 4
2022-12-16T01:33:00Z,81.0,Charge 4
2022-12-16T01:33:05Z,80.0,Charge 4
2022-12-16T01:33:10Z,78.0,Charge 4
2022-12-16T01:33:16Z,78.0,Charge 4
2022-12-16T01:33:26Z,77.0,Charge 4
2022-12-16T01:33:31Z,75.0,Charge 4
2022-12-16T01:33:36Z,74.0,Charge 4
2022-12-16T01:33:46Z,74.0,Charge 4
2022-12-16T01:33:51Z,78.0,Charge 4
2022-12-16T01:33:56Z,80.0,Charge 4
2022-12-16T01:34:01Z,79.0,Charge 4
2022-12-16T01:34:06Z,78.0,Charge 4
2022-12-16T01:34:11Z,77.0,Charge 4
2022-12-16T01:34:16Z,76.0,Charge 4
2022-12-16T01:34:26Z,75.0,Charge 4
2022-12-16T01:34:36Z,76.0,Charge 4
2022-12-16T01:34:51Z,77.0,Charge 4
2022-12-16T01:34:56Z,78.0,Charge 4
2022-12-16T01:35:01Z,80.0,Charge 4
2022-12-16T01:35:06Z,81.0,Charge 4
2022-12-16T01:35:16Z,79.0,Charge 4
2022-12-16T01:35:21Z,77.0,Charge 4
2022-12-16T01:35:26Z,76.0,Charge 4
2022-12-16T01:35:31Z,74.0,Charge 4
2022-12-16T01:35:36Z,72.0,Charge 4
2022-12-16T01:35:51Z,72.0,Charge 4
2022-12-16T01:35:56Z,73.0,Charge 4
2022-12-16T01:36:01Z,74.0,Charge 4
2022-12-16T01:36:11Z,75.0,Charge 4
2022-12-16T01:36:16Z,76.0,Charge 4
2022-12-16T01:36:21Z,78.0,Charge 4
2022-12-16T01:36:26Z,79.0,Charge 4
2022-12-16T01:36:31Z,81.0,Charge 4
2022-12-16T01:36:36Z,82.0,Charge 4
2022-12-16T01:36:51Z,82.0,Charge 4
2022-12-16T01:37:01Z,80.0,Charge 4
2022-12-16T01:37:06Z,78.0,Charge 4
2022-12-16T01:37:11Z,77.0,Charge 4
2022-12-16T01:37:16Z,75.0,Charge 4
2022-12-16T01:37:21Z,72.0,Charge 4
2022-12-16T01:37:36Z,72.0,Charge 4
2022-12-16T01:37:41Z,73.0,Charge 4
2022-12-16T01:37:46Z,75.0,Charge 4
2022-12-16T01:37:51Z,74.0,Charge 4
2022-12-16T01:38:01Z,75.0,Charge 4
2022-12-16T01:38:11Z,76.0,Charge 4
2022-12-16T01:38:16Z,77.0,Charge 4
2022-12-16T01:38:21Z,80.0,Charge 4
2022-12-16T01:38:36Z,80.0,Charge 4
2022-12-16T01:38:41Z,79.0,Charge 4
2022-12-16T01:38:46Z,78.0,Charge 4
2022-12-16T01:38:51Z,76.0,Charge 4
2022-12-16T01:38:56Z,75.0,Charge 4
2022-12-16T01:39:01Z,76.0,Charge 4
2022-12-16T01:39:06Z,77.0,Charge 4
2022-12-16T01:39:21Z,77.0,Charge 4
2022-12-16T01:39:24Z,77.0,Charge 4
2022-12-16T01:39:29Z,76.0,Charge 4
2022-12-16T01:39:34Z,74.0,Charge 4
2022-12-16T01:39:44Z,74.0,Charge 4
2022-12-16T01:39:54Z,76.0,Charge 4
2022-12-16T01:39:59Z,77.0,Charge 4
2022-12-16T01:40:04Z,80.0,Charge 4
2022-12-16T01:40:09Z,78.0,Charge 4
2022-12-16T01:40:14Z,75.0,Charge 4
2022-12-16T01:40:19Z,73.0,Charge 4
2022-12-16T01:40:34Z,73.0,Charge 4
2022-12-16T01:40:49Z,75.0,Charge 4
2022-12-16T01:40:54Z,75.0,Charge 4
2022-12-16T01:40:59Z,77.0,Charge 4
2022-12-16T01:41:04Z,78.0,Charge 4
2022-12-16T01:41:09Z,77.0,Charge 4
2022-12-16T01:41:14Z,76.0,Charge 4
2022-12-16T01:41:19Z,75.0,Charge 4
2022-12-16T01:41:24Z,74.0,Charge 4
2022-12-16T01:41:29Z,73.0,Charge 4
2022-12-16T01:41:39Z,72.0,Charge 4
2022-12-16T01:41:44Z,74.0,Charge 4
2022-12-16T01:41:49Z,76.0,Charge 4
2022-12-16T01:41:54Z,77.0,Charge 4
2022-12-16T01:41:59Z,78.0,Charge 4
2022-12-16T01:42:04Z,77.0,Charge 4
2022-12-16T01:42:09Z,76.0,Charge 4
2022-12-16T01:42:14Z,74.0,Charge 4
2022-12-16T01:42:19Z,73.0,Charge 4
2022-12-16T01:42:24Z,72.0,Charge 4
2022-12-16T01:42:29Z,71.0,Charge 4
2022-12-16T01:42:34Z,70.0,Charge 4
2022-12-16T01:42:44Z,72.0,Charge 4
2022-12-16T01:42:49Z,74.0,Charge 4
2022-12-16T01:42:54Z,73.0,Charge 4
2022-12-16T01:43:04Z,72.0,Charge 4
2022-12-16T01:43:19Z,71.0,Charge 4
2022-12-16T01:43:34Z,72.0,Charge 4
2022-12-16T01:43:39Z,74.0,Charge 4
2022-12-16T01:43:49Z,77.0,Charge 4
2022-12-16T01:43:54Z,78.0,Charge 4
2022-12-16T01:44:04Z,79.0,Charge 4
2022-12-16T01:44:09Z,78.0,Charge 4
2022-12-16T01:44:14Z,77.0,Charge 4
2022-12-16T01:44:29Z,77.0,Charge 4
2022-12-16T01:44:34Z,79.0,Charge 4
2022-12-16T01:44:39Z,80.0,Charge 4
2022-12-16T01:44:44Z,81.0,Charge 4
2022-12-16T01:44:49Z,82.0,Charge 4
2022-12-16T01:44:54Z,83.0,Charge 4
2022-12-16T01:44:59Z,84.0,Charge 4
2022-12-16T01:45:04Z,82.0,Charge 4
2022-12-16T01:45:09Z,80.0,Charge 4
2022-12-16T01:45:14Z,77.0,Charge 4
2022-12-16T01:45:20Z,74.0,Charge 4
2022-12-16T01:45:25Z,73.0,Charge 4
2022-12-16T01:45:30Z,72.0,Charge 4
2022-12-16T01:45:35Z,73.0,Charge 4
2022-12-16T01:45:40Z,74.0,Charge 4
2022-12-16T01:45:50Z,77.0,Charge 4
2022-12-16T01:45:55Z,79.0,Charge 4
2022-12-16T01:46:00Z,77.0,Charge 4
2022-12-16T01:46:05Z,76.0,Charge 4
2022-12-16T01:46:10Z,75.0,Charge 4
2022-12-16T01:46:25Z,75.0,Charge 4
2022-12-16T01:46:30Z,75.0,Charge 4
2022-12-16T01:46:35Z,75.0,Charge 4
2022-12-16T01:46:45Z,74.0,Charge 4
2022-12-16T01:46:50Z,74.0,Charge 4
2022-12-16T01:47:05Z,74.0,Charge 4
2022-12-16T01:47:10Z,75.0,Charge 4
2022-12-16T01:47:15Z,77.0,Charge 4
2022-12-16T01:47:20Z,76.0,Charge 4
2022-12-16T01:47:30Z,75.0,Charge 4
2022-12-16T01:47:35Z,74.0,Charge 4
2022-12-16T01:47:40Z,73.0,Charge 4
2022-12-16T01:47:45Z,72.0,Charge 4
2022-12-16T01:47:50Z,70.0,Charge 4
2022-12-16T01:48:00Z,72.0,Charge 4
2022-12-16T01:48:05Z,74.0,Charge 4
2022-12-16T01:48:10Z,76.0,Charge 4
2022-12-16T01:48:15Z,77.0,Charge 4
2022-12-16T01:48:20Z,76.0,Charge 4
2022-12-16T01:48:30Z,75.0,Charge 4
2022-12-16T01:48:40Z,76.0,Charge 4
2022-12-16T01:48:45Z,77.0,Charge 4
2022-12-16T01:48:50Z,78.0,Charge 4
2022-12-16T01:48:55Z,79.0,Charge 4
2022-12-16T01:49:00Z,79.0,Charge 4
2022-12-16T01:49:10Z,80.0,Charge 4
2022-12-16T01:49:20Z,79.0,Charge 4
2022-12-16T01:49:25Z,78.0,Charge 4
2022-12-16T01:49:30Z,79.0,Charge 4
2022-12-16T01:49:45Z,79.0,Charge 4
2022-12-16T01:49:55Z,79.0,Charge 4
2022-12-16T01:50:05Z,73.0,Charge 4
2022-12-16T01:50:10Z,75.0,Charge 4
2022-12-16T01:50:15Z,77.0,Charge 4
2022-12-16T01:50:20Z,78.0,Charge 4
2022-12-16T01:50:30Z,79.0,Charge 4
2022-12-16T01:50:35Z,79.0,Charge 4
2022-12-16T01:50:40Z,79.0,Charge 4
2022-12-16T01:50:45Z,76.0,Charge 4
2022-12-16T01:50:50Z,74.0,Charge 4
2022-12-16T01:50:55Z,75.0,Charge 4
2022-12-16T01:51:05Z,76.0,Charge 4
2022-12-16T01:51:10Z,77.0,Charge 4
2022-12-16T01:51:15Z,76.0,Charge 4
2022-12-16T01:51:21Z,76.0,Charge 4
2022-12-16T01:51:31Z,77.0,Charge 4
2022-12-16T01:51:41Z,78.0,Charge 4
2022-12-16T01:51:46Z,77.0,Charge 4
2022-12-16T01:52:01Z,77.0,Charge 4
2022-12-16T01:52:06Z,72.0,Charge 4
2022-12-16T01:52:11Z,71.0,Charge 4
2022-12-16T01:52:21Z,71.0,Charge 4
2022-12-16T01:52:26Z,72.0,Charge 4
2022-12-16T01:52:36Z,79.0,Charge 4
2022-12-16T01:52:41Z,91.0,Charge 4
2022-12-16T01:52:51Z,88.0,Charge 4
2022-12-16T01:52:56Z,84.0,Charge 4
2022-12-16T01:53:01Z,82.0,Charge 4
2022-12-16T01:53:06Z,78.0,Charge 4
2022-12-16T01:53:11Z,76.0,Charge 4
2022-12-16T01:53:16Z,75.0,Charge 4
2022-12-16T01:53:26Z,75.0,Charge 4
2022-12-16T01:53:31Z,76.0,Charge 4
2022-12-16T01:53:41Z,78.0,Charge 4
2022-12-16T01:53:46Z,80.0,Charge 4
2022-12-16T01:53:56Z,79.0,Charge 4
2022-12-16T01:54:01Z,78.0,Charge 4
2022-12-16T01:54:06Z,79.0,Charge 4
2022-12-16T01:54:11Z,81.0,Charge 4
2022-12-16T01:54:17Z,80.0,Charge 4
2022-12-16T01:54:27Z,79.0,Charge 4
2022-12-16T01:54:42Z,79.0,Charge 4
2022-12-16T01:54:47Z,80.0,Charge 4
2022-12-16T01:54:52Z,82.0,Charge 4
2022-12-16T01:55:02Z,80.0,Charge 4
2022-12-16T01:55:07Z,79.0,Charge 4
2022-12-16T01:55:12Z,77.0,Charge 4
2022-12-16T01:55:17Z,76.0,Charge 4
2022-12-16T01:55:22Z,75.0,Charge 4
2022-12-16T01:55:32Z,74.0,Charge 4
2022-12-16T01:55:42Z,75.0,Charge 4
2022-12-16T01:55:47Z,76.0,Charge 4
2022-12-16T01:55:52Z,77.0,Charge 4
2022-12-16T01:55:57Z,79.0,Charge 4
2022-12-16T01:56:02Z,78.0,Charge 4
2022-12-16T01:56:07Z,77.0,Charge 4
2022-12-16T01:56:12Z,74.0,Charge 4
2022-12-16T01:56:17Z,73.0,Charge 4
2022-12-16T01:56:27Z,77.0,Charge 4
2022-12-16T01:56:32Z,78.0,Charge 4
2022-12-16T01:56:37Z,79.0,Charge 4
2022-12-16T01:56:42Z,80.0,Charge 4
2022-12-16T01:56:47Z,78.0,Charge 4
2022-12-16T01:56:52Z,76.0,Charge 4
2022-12-16T01:56:57Z,74.0,Charge 4
2022-12-16T01:57:02Z,72.0,Charge 4
2022-12-16T01:57:08Z,73.0,Charge 4
2022-12-16T01:57:13Z,76.0,Charge 4
2022-12-16T01:57:18Z,77.0,Charge 4
2022-12-16T01:57:23Z,77.0,Charge 4
2022-12-16T01:57:28Z,74.0,Charge 4
2022-12-16T01:57:43Z,74.0,Charge 4
2022-12-16T01:57:48Z,75.0,Charge 4
2022-12-16T01:57:53Z,74.0,Charge 4
2022-12-16T01:57:58Z,75.0,Charge 4
2022-12-16T01:58:03Z,76.0,Charge 4
2022-12-16T01:58:08Z,77.0,Charge 4
2022-12-16T01:58:13Z,76.0,Charge 4
2022-12-16T01:58:18Z,74.0,Charge 4
2022-12-16T01:58:33Z,74.0,Charge 4
2022-12-16T01:58:38Z,73.0,Charge 4
2022-12-16T01:58:43Z,72.0,Charge 4
2022-12-16T01:58:48Z,71.0,Charge 4
2022-12-16T01:59:03Z,71.0,Charge 4
2022-12-16T01:59:13Z,73.0,Charge 4
2022-12-16T01:59:18Z,71.0,Charge 4
2022-12-16T01:59:23Z,69.0,Charge 4
2022-12-16T01:59:33Z,70.0,Charge 4
2022-12-16T01:59:38Z,71.0,Charge 4
2022-12-16T01:59:43Z,73.0,Charge 4
2022-12-16T01:59:48Z,74.0,Charge 4
2022-12-16T01:59:53Z,74.0,Charge 4
2022-12-16T01:59:58Z,71.0,Charge 4
2022-12-16T02:00:03Z,71.0,Charge 4
2022-12-16T02:00:08Z,70.0,Charge 4
2022-12-16T02:00:18Z,71.0,Charge 4
2022-12-16T02:00:23Z,76.0,Charge 4
2022-12-16T02:00:28Z,85.0,Charge 4
2022-12-16T02:00:33Z,86.0,Charge 4
2022-12-16T02:00:38Z,81.0,Charge 4
2022-12-16T02:00:43Z,78.0,Charge 4
2022-12-16T02:00:48Z,76.0,Charge 4
2022-12-16T02:00:53Z,73.0,Charge 4
2022-12-16T02:00:58Z,72.0,Charge 4
2022-12-16T02:01:08Z,74.0,Charge 4
2022-12-16T02:01:13Z,75.0,Charge 4
2022-12-16T02:01:18Z,76.0,Charge 4
2022-12-16T02:01:23Z,75.0,Charge 4
2022-12-16T02:01:28Z,74.0,Charge 4
2022-12-16T02:01:33Z,72.0,Charge 4
2022-12-16T02:01:38Z,71.0,Charge 4
2022-12-16T02:01:43Z,70.0,Charge 4
2022-12-16T02:01:48Z,72.0,Charge 4
2022-12-16T02:01:53Z,74.0,Charge 4
2022-12-16T02:02:03Z,74.0,Charge 4
2022-12-16T02:02:08Z,73.0,Charge 4
2022-12-16T02:02:13Z,74.0,Charge 4
2022-12-16T02:02:18Z,76.0,Charge 4
2022-12-16T02:02:23Z,77.0,Charge 4
2022-12-16T02:02:28Z,76.0,Charge 4
2022-12-16T02:02:33Z,73.0,Charge 4
2022-12-16T02:02:38Z,72.0,Charge 4
2022-12-16T02:02:43Z,71.0,Charge 4
2022-12-16T02:02:48Z,71.0,Charge 4
2022-12-16T02:02:53Z,70.0,Charge 4
2022-12-16T02:02:58Z,70.0,Charge 4
2022-12-16T02:03:03Z,72.0,Charge 4
2022-12-16T02:03:08Z,74.0,Charge 4
2022-12-16T02:03:18Z,73.0,Charge 4
2022-12-16T02:03:23Z,71.0,Charge 4
2022-12-16T02:03:38Z,71.0,Charge 4
2022-12-16T02:03:48Z,73.0,Charge 4
2022-12-16T02:03:53Z,73.0,Charge 4
2022-12-16T02:04:03Z,75.0,Charge 4
2022-12-16T02:04:08Z,74.0,Charge 4
2022-12-16T02:04:13Z,73.0,Charge 4
2022-12-16T02:04:18Z,73.0,Charge 4
2022-12-16T02:04:23Z,73.0,Charge 4
2022-12-16T02:04:33Z,73.0,Charge 4
2022-12-16T02:04:38Z,75.0,Charge 4
2022-12-16T02:04:43Z,76.0,Charge 4
2022-12-16T02:04:48Z,77.0,Charge 4
2022-12-16T02:04:53Z,75.0,Charge 4
2022-12-16T02:04:58Z,72.0,Charge 4
2022-12-16T02:05:13Z,72.0,Charge 4
2022-12-16T02:05:14Z,74.0,Charge 4
2022-12-16T02:05:19Z,75.0,Charge 4
2022-12-16T02:05:24Z,76.0,Charge 4
2022-12-16T02:05:29Z,76.0,Charge 4
2022-12-16T02:05:34Z,77.0,Charge 4
2022-12-16T02:05:39Z,76.0,Charge 4
2022-12-16T02:05:44Z,75.0,Charge 4
2022-12-16T02:05:54Z,75.0,Charge 4
2022-12-16T02:05:59Z,74.0,Charge 4
2022-12-16T02:06:04Z,74.0,Charge 4
2022-12-16T02:06:09Z,74.0,Charge 4
2022-12-16T02:06:14Z,74.0,Charge 4
2022-12-16T02:06:19Z,75.0,Charge 4
2022-12-16T02:06:29Z,75.0,Charge 4
2022-12-16T02:06:44Z,75.0,Charge 4
2022-12-16T02:06:49Z,74.0,Charge 4
2022-12-16T02:06:54Z,73.0,Charge 4
2022-12-16T02:07:09Z,73.0,Charge 4
2022-12-16T02:07:24Z,71.0,Charge 4
2022-12-16T02:07:29Z,72.0,Charge 4
2022-12-16T02:07:34Z,73.0,Charge 4
2022-12-16T02:07:49Z,73.0,Charge 4
2022-12-16T02:07:59Z,73.0,Charge 4
2022-12-16T02:08:14Z,73.0,Charge 4
2022-12-16T02:08:18Z,72.0,Charge 4
2022-12-16T02:08:28Z,73.0,Charge 4
2022-12-16T02:08:33Z,74.0,Charge 4
2022-12-16T02:08:38Z,73.0,Charge 4
2022-12-16T02:08:43Z,72.0,Charge 4
2022-12-16T02:08:48Z,72.0,Charge 4
2022-12-16T02:09:03Z,72.0,Charge 4
2022-12-16T02:09:08Z,73.0,Charge 4
2022-12-16T02:09:13Z,75.0,Charge 4
2022-12-16T02:09:23Z,74.0,Charge 4
2022-12-16T02:09:38Z,74.0,Charge 4
2022-12-16T02:09:43Z,73.0,Charge 4
2022-12-16T02:09:58Z,73.0,Charge 4
2022-12-16T02:10:03Z,74.0,Charge 4
2022-12-16T02:10:18Z,73.0,Charge 4
2022-12-16T02:10:28Z,74.0,Charge 4
2022-12-16T02:10:43Z,74.0,Charge 4
2022-12-16T02:10:58Z,74.0,Charge 4
2022-12-16T02:11:03Z,73.0,Charge 4
2022-12-16T02:11:18Z,74.0,Charge 4
2022-12-16T02:11:33Z,75.0,Charge 4
2022-12-16T02:11:38Z,74.0,Charge 4
2022-12-16T02:11:53Z,74.0,Charge 4
2022-12-16T02:11:58Z,75.0,Charge 4
2022-12-16T02:12:03Z,74.0,Charge 4
2022-12-16T02:12:13Z,75.0,Charge 4
2022-12-16T02:12:28Z,74.0,Charge 4
2022-12-16T02:12:33Z,74.0,Charge 4
2022-12-16T02:12:43Z,73.0,Charge 4
2022-12-16T02:12:58Z,73.0,Charge 4
2022-12-16T02:13:13Z,76.0,Charge 4
2022-12-16T02:13:18Z,81.0,Charge 4
2022-12-16T02:13:23Z,83.0,Charge 4
2022-12-16T02:13:33Z,80.0,Charge 4
2022-12-16T02:13:38Z,78.0,Charge 4
2022-12-16T02:13:43Z,76.0,Charge 4
2022-12-16T02:13:48Z,72.0,Charge 4
2022-12-16T02:13:58Z,73.0,Charge 4
2022-12-16T02:14:13Z,73.0,Charge 4
2022-12-16T02:14:28Z,73.0,Charge 4
2022-12-16T02:14:38Z,74.0,Charge 4
2022-12-16T02:14:43Z,71.0,Charge 4
2022-12-16T02:14:48Z,69.0,Charge 4
2022-12-16T02:14:53Z,68.0,Charge 4
2022-12-16T02:14:58Z,67.0,Charge 4
2022-12-16T02:15:08Z,69.0,Charge 4
2022-12-16T02:15:13Z,73.0,Charge 4
2022-12-16T02:15:28Z,73.0,Charge 4
2022-12-16T02:15:38Z,76.0,Charge 4
2022-12-16T02:15:43Z,79.0,Charge 4
2022-12-16T02:15:53Z,77.0,Charge 4
2022-12-16T02:15:58Z,74.0,Charge 4
2022-12-16T02:16:03Z,73.0,Charge 4
2022-12-16T02:16:09Z,72.0,Charge 4
2022-12-16T02:16:24Z,73.0,Charge 4
2022-12-16T02:16:29Z,72.0,Charge 4
2022-12-16T02:16:34Z,71.0,Charge 4
2022-12-16T02:16:44Z,72.0,Charge 4
2022-12-16T02:16:49Z,74.0,Charge 4
2022-12-16T02:16:54Z,75.0,Charge 4
2022-12-16T02:16:59Z,74.0,Charge 4
2022-12-16T02:17:04Z,71.0,Charge 4
2022-12-16T02:17:09Z,69.0,Charge 4
2022-12-16T02:17:19Z,70.0,Charge 4
2022-12-16T02:17:24Z,72.0,Charge 4
2022-12-16T02:17:29Z,71.0,Charge 4
2022-12-16T02:17:34Z,70.0,Charge 4
2022-12-16T02:17:44Z,72.0,Charge 4
2022-12-16T02:17:54Z,73.0,Charge 4
2022-12-16T02:18:04Z,71.0,Charge 4
2022-12-16T02:18:14Z,73.0,Charge 4
2022-12-16T02:18:19Z,74.0,Charge 4
2022-12-16T02:18:24Z,73.0,Charge 4
2022-12-16T02:18:34Z,71.0,Charge 4
2022-12-16T02:18:39Z,70.0,Charge 4
2022-12-16T02:18:49Z,72.0,Charge 4
2022-12-16T02:18:54Z,71.0,Charge 4
2022-12-16T02:18:59Z,70.0,Charge 4
2022-12-16T02:19:04Z,71.0,Charge 4
2022-12-16T02:19:09Z,70.0,Charge 4
2022-12-16T02:19:14Z,68.0,Charge 4
2022-12-16T02:19:24Z,69.0,Charge 4
2022-12-16T02:19:29Z,72.0,Charge 4
2022-12-16T02:19:34Z,71.0,Charge 4
2022-12-16T02:19:39Z,72.0,Charge 4
2022-12-16T02:19:44Z,74.0,Charge 4
2022-12-16T02:19:54Z,75.0,Charge 4
2022-12-16T02:19:59Z,77.0,Charge 4
2022-12-16T02:20:04Z,76.0,Charge 4
2022-12-16T02:20:09Z,73.0,Charge 4
2022-12-16T02:20:14Z,70.0,Charge 4
2022-12-16T02:20:24Z,71.0,Charge 4
2022-12-16T02:20:29Z,72.0,Charge 4
2022-12-16T02:20:39Z,70.0,Charge 4
2022-12-16T02:20:49Z,71.0,Charge 4
2022-12-16T02:20:54Z,72.0,Charge 4
2022-12-16T02:20:59Z,70.0,Charge 4
2022-12-16T02:21:04Z,69.0,Charge 4
2022-12-16T02:21:09Z,71.0,Charge 4
2022-12-16T02:21:14Z,72.0,Charge 4
2022-12-16T02:21:19Z,74.0,Charge 4
2022-12-16T02:21:24Z,75.0,Charge 4
2022-12-16T02:21:29Z,73.0,Charge 4
2022-12-16T02:21:39Z,72.0,Charge 4
2022-12-16T02:21:44Z,70.0,Charge 4
2022-12-16T02:21:59Z,70.0,Charge 4
2022-12-16T02:22:04Z,71.0,Charge 4
2022-12-16T02:22:11Z,72.0,Charge 4
2022-12-16T02:22:16Z,73.0,Charge 4
2022-12-16T02:22:21Z,75.0,Charge 4
2022-12-16T02:22:26Z,77.0,Charge 4
2022-12-16T02:22:31Z,79.0,Charge 4
2022-12-16T02:22:36Z,80.0,Charge 4
2022-12-16T02:22:41Z,78.0,Charge 4
2022-12-16T02:22:46Z,74.0,Charge 4
2022-12-16T02:22:51Z,71.0,Charge 4
2022-12-16T02:22:56Z,70.0,Charge 4
2022-12-16T02:23:11Z,71.0,Charge 4
2022-12-16T02:23:16Z,74.0,Charge 4
2022-12-16T02:23:21Z,77.0,Charge 4
2022-12-16T02:23:36Z,76.0,Charge 4
2022-12-16T02:23:41Z,74.0,Charge 4
2022-12-16T02:23:46Z,72.0,Charge 4
2022-12-16T02:24:01Z,73.0,Charge 4
2022-12-16T02:24:06Z,87.0,Charge 4
2022-12-16T02:24:16Z,80.0,Charge 4
2022-12-16T02:24:21Z,77.0,Charge 4
2022-12-16T02:24:26Z,78.0,Charge 4
2022-12-16T02:24:31Z,79.0,Charge 4
2022-12-16T02:24:46Z,80.0,Charge 4
2022-12-16T02:24:51Z,81.0,Charge 4
2022-12-16T02:24:56Z,80.0,Charge 4
2022-12-16T02:25:06Z,79.0,Charge 4
2022-12-16T02:25:11Z,78.0,Charge 4
2022-12-16T02:25:26Z,78.0,Charge 4
2022-12-16T02:25:31Z,77.0,Charge 4
2022-12-16T02:25:36Z,75.0,Charge 4
2022-12-16T02:25:46Z,76.0,Charge 4
2022-12-16T02:25:56Z,77.0,Charge 4
2022-12-16T02:26:01Z,78.0,Charge 4
2022-12-16T02:26:11Z,77.0,Charge 4
2022-12-16T02:26:26Z,76.0,Charge 4
2022-12-16T02:26:36Z,77.0,Charge 4
2022-12-16T02:26:51Z,77.0,Charge 4
2022-12-16T02:26:56Z,76.0,Charge 4
2022-12-16T02:27:01Z,75.0,Charge 4
2022-12-16T02:27:16Z,75.0,Charge 4
2022-12-16T02:27:21Z,76.0,Charge 4
2022-12-16T02:27:26Z,75.0,Charge 4
2022-12-16T02:27:41Z,75.0,Charge 4
2022-12-16T02:27:46Z,76.0,Charge 4
2022-12-16T02:27:51Z,75.0,Charge 4
2022-12-16T02:28:01Z,77.0,Charge 4
2022-12-16T02:28:06Z,76.0,Charge 4
2022-12-16T02:28:11Z,75.0,Charge 4
2022-12-16T02:28:21Z,74.0,Charge 4
2022-12-16T02:28:31Z,73.0,Charge 4
2022-12-16T02:28:41Z,74.0,Charge 4
2022-12-16T02:28:46Z,74.0,Charge 4
2022-12-16T02:28:56Z,76.0,Charge 4
2022-12-16T02:29:02Z,78.0,Charge 4
2022-12-16T02:29:12Z,76.0,Charge 4
2022-12-16T02:29:22Z,75.0,Charge 4
2022-12-16T02:29:27Z,74.0,Charge 4
2022-12-16T02:29:32Z,73.0,Charge 4
2022-12-16T02:29:47Z,73.0,Charge 4
2022-12-16T02:29:52Z,74.0,Charge 4
2022-12-16T02:29:57Z,75.0,Charge 4
2022-12-16T02:30:12Z,75.0,Charge 4
2022-12-16T02:30:17Z,76.0,Charge 4
2022-12-16T02:30:27Z,78.0,Charge 4
2022-12-16T02:30:37Z,79.0,Charge 4
2022-12-16T02:30:42Z,77.0,Charge 4
2022-12-16T02:30:47Z,76.0,Charge 4
2022-12-16T02:30:52Z,75.0,Charge 4
2022-12-16T02:30:57Z,76.0,Charge 4
2022-12-16T02:31:02Z,75.0,Charge 4
2022-12-16T02:31:17Z,76.0,Charge 4
2022-12-16T02:31:27Z,77.0,Charge 4
2022-12-16T02:31:32Z,76.0,Charge 4
2022-12-16T02:31:42Z,75.0,Charge 4
2022-12-16T02:31:52Z,77.0,Charge 4
2022-12-16T02:31:57Z,78.0,Charge 4
2022-12-16T02:32:02Z,79.0,Charge 4
2022-12-16T02:32:07Z,77.0,Charge 4
2022-12-16T02:32:22Z,77.0,Charge 4
2022-12-16T02:32:32Z,76.0,Charge 4
2022-12-16T02:32:37Z,75.0,Charge 4
2022-12-16T02:32:42Z,76.0,Charge 4
2022-12-16T02:32:47Z,74.0,Charge 4
2022-12-16T02:32:52Z,75.0,Charge 4
2022-12-16T02:32:57Z,77.0,Charge 4
2022-12-16T02:33:12Z,75.0,Charge 4
2022-12-16T02:33:27Z,76.0,Charge 4
2022-12-16T02:33:37Z,77.0,Charge 4
2022-12-16T02:33:47Z,79.0,Charge 4
2022-12-16T02:33:52Z,78.0,Charge 4
2022-12-16T02:34:02Z,76.0,Charge 4
2022-12-16T02:34:17Z,77.0,Charge 4
2022-12-16T02:34:22Z,76.0,Charge 4
2022-12-16T02:34:32Z,75.0,Charge 4
2022-12-16T02:34:37Z,74.0,Charge 4
2022-12-16T02:34:42Z,76.0,Charge 4
2022-12-16T02:34:47Z,77.0,Charge 4
2022-12-16T02:35:02Z,77.0,Charge 4
2022-12-16T02:35:17Z,78.0,Charge 4
2022-12-16T02:35:27Z,78.0,Charge 4
2022-12-16T02:35:32Z,77.0,Charge 4
2022-12-16T02:35:37Z,78.0,Charge 4
2022-12-16T02:35:42Z,77.0,Charge 4
2022-12-16T02:35:52Z,76.0,Charge 4
2022-12-16T02:36:02Z,77.0,Charge 4
2022-12-16T02:36:08Z,78.0,Charge 4
2022-12-16T02:36:13Z,79.0,Charge 4
2022-12-16T02:36:18Z,78.0,Charge 4
2022-12-16T02:36:23Z,79.0,Charge 4
2022-12-16T02:36:33Z,78.0,Charge 4
2022-12-16T02:36:38Z,79.0,Charge 4
2022-12-16T02:36:43Z,78.0,Charge 4
2022-12-16T02:36:48Z,79.0,Charge 4
2022-12-16T02:36:53Z,78.0,Charge 4
2022-12-16T02:37:08Z,78.0,Charge 4
2022-12-16T02:37:18Z,80.0,Charge 4
2022-12-16T02:37:23Z,79.0,Charge 4
2022-12-16T02:37:38Z,79.0,Charge 4
2022-12-16T02:37:43Z,78.0,Charge 4
2022-12-16T02:37:58Z,78.0,Charge 4
2022-12-16T02:38:03Z,78.0,Charge 4
2022-12-16T02:38:08Z,74.0,Charge 4
2022-12-16T02:38:18Z,77.0,Charge 4
2022-12-16T02:38:23Z,78.0,Charge 4
2022-12-16T02:38:28Z,79.0,Charge 4
2022-12-16T02:38:33Z,80.0,Charge 4
2022-12-16T02:38:48Z,80.0,Charge 4
2022-12-16T02:38:53Z,78.0,Charge 4
2022-12-16T02:39:03Z,79.0,Charge 4
2022-12-16T02:39:09Z,80.0,Charge 4
2022-12-16T02:39:24Z,80.0,Charge 4
2022-12-16T02:39:34Z,79.0,Charge 4
2022-12-16T02:39:44Z,80.0,Charge 4
2022-12-16T02:39:59Z,81.0,Charge 4
2022-12-16T02:40:04Z,80.0,Charge 4
2022-12-16T02:40:09Z,78.0,Charge 4
2022-12-16T02:40:24Z,79.0,Charge 4
2022-12-16T02:40:29Z,80.0,Charge 4
2022-12-16T02:40:34Z,79.0,Charge 4
2022-12-16T02:40:49Z,79.0,Charge 4
2022-12-16T02:40:54Z,80.0,Charge 4
2022-12-16T02:40:59Z,79.0,Charge 4
2022-12-16T02:41:09Z,78.0,Charge 4
2022-12-16T02:41:14Z,79.0,Charge 4
2022-12-16T02:41:19Z,78.0,Charge 4
2022-12-16T02:41:29Z,79.0,Charge 4
2022-12-16T02:41:34Z,77.0,Charge 4
2022-12-16T02:41:39Z,78.0,Charge 4
2022-12-16T02:41:54Z,78.0,Charge 4
2022-12-16T02:41:59Z,79.0,Charge 4
2022-12-16T02:42:04Z,80.0,Charge 4
2022-12-16T02:42:09Z,79.0,Charge 4
2022-12-16T02:42:14Z,80.0,Charge 4
2022-12-16T02:42:29Z,80.0,Charge 4
2022-12-16T02:42:34Z,78.0,Charge 4
2022-12-16T02:42:40Z,78.0,Charge 4
2022-12-16T02:42:45Z,80.0,Charge 4
2022-12-16T02:42:50Z,81.0,Charge 4
2022-12-16T02:43:05Z,78.0,Charge 4
2022-12-16T02:43:20Z,78.0,Charge 4
2022-12-16T02:43:30Z,79.0,Charge 4
2022-12-16T02:43:40Z,77.0,Charge 4
2022-12-16T02:43:45Z,76.0,Charge 4
2022-12-16T02:43:50Z,77.0,Charge 4
2022-12-16T02:43:55Z,78.0,Charge 4
2022-12-16T02:44:00Z,79.0,Charge 4
2022-12-16T02:44:15Z,78.0,Charge 4
2022-12-16T02:44:20Z,76.0,Charge 4
2022-12-16T02:44:25Z,77.0,Charge 4
2022-12-16T02:44:30Z,74.0,Charge 4
2022-12-16T02:44:35Z,75.0,Charge 4
2022-12-16T02:44:40Z,76.0,Charge 4
2022-12-16T02:44:45Z,78.0,Charge 4
2022-12-16T02:45:00Z,78.0,Charge 4
2022-12-16T02:45:05Z,78.0,Charge 4
2022-12-16T02:45:15Z,79.0,Charge 4
2022-12-16T02:45:30Z,80.0,Charge 4
2022-12-16T02:45:35Z,79.0,Charge 4
2022-12-16T02:45:40Z,78.0,Charge 4
2022-12-16T02:45:55Z,79.0,Charge 4
2022-12-16T02:46:10Z,79.0,Charge 4
2022-12-16T02:46:15Z,78.0,Charge 4
2022-12-16T02:46:20Z,78.0,Charge 4
2022-12-16T02:46:25Z,77.0,Charge 4
2022-12-16T02:46:40Z,77.0,Charge 4
2022-12-16T02:46:45Z,78.0,Charge 4
2022-12-16T02:46:55Z,80.0,Charge 4
2022-12-16T02:47:05Z,79.0,Charge 4
2022-12-16T02:47:20Z,77.0,Charge 4
2022-12-16T02:47:35Z,78.0,Charge 4
2022-12-16T02:47:40Z,79.0,Charge 4
2022-12-16T02:47:50Z,80.0,Charge 4
2022-12-16T02:48:05Z,80.0,Charge 4
2022-12-16T02:48:15Z,79.0,Charge 4
2022-12-16T02:48:25Z,80.0,Charge 4
2022-12-16T02:48:30Z,80.0,Charge 4
2022-12-16T02:48:35Z,81.0,Charge 4
2022-12-16T02:48:40Z,80.0,Charge 4
2022-12-16T02:48:50Z,79.0,Charge 4
2022-12-16T02:49:00Z,80.0,Charge 4
2022-12-16T02:49:15Z,80.0,Charge 4
2022-12-16T02:50:11Z,84.0,Charge 4
2022-12-16T02:50:16Z,82.0,Charge 4
2022-12-16T02:50:21Z,81.0,Charge 4
2022-12-16T02:50:26Z,80.0,Charge 4
2022-12-16T02:50:31Z,79.0,Charge 4
2022-12-16T02:50:41Z,80.0,Charge 4
2022-12-16T02:50:56Z,81.0,Charge 4
2022-12-16T02:51:01Z,80.0,Charge 4
2022-12-16T02:51:06Z,79.0,Charge 4
2022-12-16T02:51:21Z,80.0,Charge 4
2022-12-16T02:51:26Z,79.0,Charge 4
2022-12-16T02:51:41Z,80.0,Charge 4
2022-12-16T02:51:46Z,81.0,Charge 4
2022-12-16T02:51:51Z,83.0,Charge 4
2022-12-16T02:51:56Z,82.0,Charge 4
2022-12-16T02:52:01Z,81.0,Charge 4
2022-12-16T02:52:06Z,80.0,Charge 4
2022-12-16T02:52:11Z,79.0,Charge 4
2022-12-16T02:52:21Z,80.0,Charge 4
2022-12-16T02:52:36Z,80.0,Charge 4
2022-12-16T02:52:51Z,81.0,Charge 4
2022-12-16T02:53:01Z,79.0,Charge 4
2022-12-16T02:53:11Z,78.0,Charge 4
2022-12-16T02:53:21Z,79.0,Charge 4
2022-12-16T02:53:26Z,80.0,Charge 4
2022-12-16T02:53:33Z,80.0,Charge 4
2022-12-16T02:53:48Z,80.0,Charge 4
2022-12-16T02:53:58Z,81.0,Charge 4
2022-12-16T02:54:08Z,82.0,Charge 4
2022-12-16T02:54:23Z,81.0,Charge 4
2022-12-16T02:54:33Z,80.0,Charge 4
2022-12-16T02:54:38Z,79.0,Charge 4
2022-12-16T02:54:43Z,80.0,Charge 4
2022-12-16T02:54:58Z,80.0,Charge 4
2022-12-16T02:55:03Z,79.0,Charge 4
2022-12-16T02:55:18Z,79.0,Charge 4
2022-12-16T02:55:28Z,80.0,Charge 4
2022-12-16T02:55:33Z,79.0,Charge 4
2022-12-16T02:55:43Z,80.0,Charge 4
2022-12-16T02:55:48Z,79.0,Charge 4
2022-12-16T02:55:53Z,80.0,Charge 4
2022-12-16T02:55:58Z,79.0,Charge 4
2022-12-16T02:56:08Z,80.0,Charge 4
2022-12-16T02:56:13Z,79.0,Charge 4
2022-12-16T02:56:18Z,78.0,Charge 4
2022-12-16T02:56:23Z,79.0,Charge 4
2022-12-16T02:56:28Z,80.0,Charge 4
2022-12-16T02:56:33Z,82.0,Charge 4
2022-12-16T02:56:48Z,82.0,Charge 4
2022-12-16T02:56:53Z,81.0,Charge 4
2022-12-16T02:56:58Z,78.0,Charge 4
2022-12-16T02:57:03Z,79.0,Charge 4
2022-12-16T02:57:08Z,80.0,Charge 4
2022-12-16T02:57:13Z,79.0,Charge 4
2022-12-16T02:57:18Z,80.0,Charge 4
2022-12-16T02:57:23Z,79.0,Charge 4
2022-12-16T02:57:33Z,80.0,Charge 4
2022-12-16T02:57:38Z,79.0,Charge 4
2022-12-16T02:57:53Z,79.0,Charge 4
2022-12-16T02:57:58Z,78.0,Charge 4
2022-12-16T02:58:03Z,79.0,Charge 4
2022-12-16T02:58:08Z,80.0,Charge 4
2022-12-16T02:58:13Z,79.0,Charge 4
2022-12-16T02:58:28Z,78.0,Charge 4
2022-12-16T02:58:43Z,79.0,Charge 4
2022-12-16T02:58:48Z,80.0,Charge 4
2022-12-16T02:58:53Z,81.0,Charge 4
2022-12-16T02:58:58Z,82.0,Charge 4
2022-12-16T02:59:03Z,83.0,Charge 4
2022-12-16T02:59:13Z,84.0,Charge 4
2022-12-16T02:59:18Z,95.0,Charge 4
2022-12-16T02:59:23Z,96.0,Charge 4
2022-12-16T02:59:28Z,90.0,Charge 4
2022-12-16T02:59:33Z,85.0,Charge 4
2022-12-16T02:59:38Z,83.0,Charge 4
2022-12-16T02:59:43Z,79.0,Charge 4
2022-12-16T02:59:48Z,78.0,Charge 4
2022-12-16T02:59:53Z,81.0,Charge 4
2022-12-16T02:59:59Z,83.0,Charge 4
2022-12-16T03:00:09Z,82.0,Charge 4
2022-12-16T03:00:19Z,81.0,Charge 4
2022-12-16T03:00:24Z,79.0,Charge 4
2022-12-16T03:00:29Z,77.0,Charge 4
2022-12-16T03:00:39Z,78.0,Charge 4
2022-12-16T03:00:49Z,80.0,Charge 4
2022-12-16T03:00:54Z,83.0,Charge 4
2022-12-16T03:00:59Z,86.0,Charge 4
2022-12-16T03:01:04Z,85.0,Charge 4
2022-12-16T03:01:09Z,84.0,Charge 4
2022-12-16T03:01:19Z,82.0,Charge 4
2022-12-16T03:01:24Z,81.0,Charge 4
2022-12-16T03:01:34Z,80.0,Charge 4
2022-12-16T03:01:49Z,79.0,Charge 4
2022-12-16T03:01:54Z,78.0,Charge 4
2022-12-16T03:02:09Z,78.0,Charge 4
2022-12-16T03:02:24Z,79.0,Charge 4
2022-12-16T03:02:29Z,78.0,Charge 4
2022-12-16T03:02:34Z,77.0,Charge 4
2022-12-16T03:02:44Z,78.0,Charge 4
2022-12-16T03:02:49Z,81.0,Charge 4
2022-12-16T03:02:59Z,80.0,Charge 4
2022-12-16T03:03:04Z,79.0,Charge 4
2022-12-16T03:03:19Z,80.0,Charge 4
2022-12-16T03:03:34Z,79.0,Charge 4
2022-12-16T03:03:44Z,78.0,Charge 4
2022-12-16T03:03:49Z,77.0,Charge 4
2022-12-16T03:03:54Z,76.0,Charge 4
2022-12-16T03:03:59Z,77.0,Charge 4
2022-12-16T03:04:09Z,79.0,Charge 4
2022-12-16T03:04:14Z,81.0,Charge 4
2022-12-16T03:04:19Z,82.0,Charge 4
2022-12-16T03:04:34Z,80.0,Charge 4
2022-12-16T03:04:39Z,79.0,Charge 4
2022-12-16T03:04:54Z,79.0,Charge 4
2022-12-16T03:04:59Z,78.0,Charge 4
2022-12-16T03:05:09Z,80.0,Charge 4
2022-12-16T03:05:14Z,80.0,Charge 4
2022-12-16T03:05:29Z,80.0,Charge 4
2022-12-16T03:05:34Z,92.0,Charge 4
2022-12-16T03:05:44Z,86.0,Charge 4
2022-12-16T03:05:49Z,82.0,Charge 4
2022-12-16T03:05:54Z,80.0,Charge 4
2022-12-16T03:05:59Z,77.0,Charge 4
2022-12-16T03:06:04Z,74.0,Charge 4
2022-12-16T03:06:14Z,75.0,Charge 4
2022-12-16T03:06:19Z,76.0,Charge 4
2022-12-16T03:06:34Z,76.0,Charge 4
2022-12-16T03:06:44Z,78.0,Charge 4
2022-12-16T03:06:54Z,76.0,Charge 4
2022-12-16T03:07:09Z,76.0,Charge 4
2022-12-16T03:07:10Z,76.0,Charge 4
2022-12-16T03:07:15Z,77.0,Charge 4
2022-12-16T03:07:30Z,77.0,Charge 4
2022-12-16T03:07:40Z,80.0,Charge 4
2022-12-16T03:07:50Z,79.0,Charge 4
2022-12-16T03:07:55Z,78.0,Charge 4
2022-12-16T03:08:10Z,78.0,Charge 4
2022-12-16T03:08:15Z,78.0,Charge 4
2022-12-16T03:08:20Z,79.0,Charge 4
2022-12-16T03:08:35Z,79.0,Charge 4
2022-12-16T03:08:40Z,79.0,Charge 4
2022-12-16T03:08:45Z,80.0,Charge 4
2022-12-16T03:08:50Z,82.0,Charge 4
2022-12-16T03:09:05Z,82.0,Charge 4
2022-12-16T03:09:15Z,80.0,Charge 4
2022-12-16T03:09:20Z,79.0,Charge 4
2022-12-16T03:09:25Z,78.0,Charge 4
2022-12-16T03:09:30Z,77.0,Charge 4
2022-12-16T03:09:40Z,79.0,Charge 4
2022-12-16T03:09:55Z,79.0,Charge 4
2022-12-16T03:10:00Z,80.0,Charge 4
2022-12-16T03:10:05Z,81.0,Charge 4
2022-12-16T03:10:15Z,82.0,Charge 4
2022-12-16T03:10:22Z,88.0,Charge 4
2022-12-16T03:10:27Z,89.0,Charge 4
2022-12-16T03:10:32Z,85.0,Charge 4
2022-12-16T03:10:37Z,81.0,Charge 4
2022-12-16T03:10:42Z,78.0,Charge 4
2022-12-16T03:10:47Z,76.0,Charge 4
2022-12-16T03:10:57Z,77.0,Charge 4
2022-12-16T03:11:02Z,78.0,Charge 4
2022-12-16T03:11:07Z,77.0,Charge 4
2022-12-16T03:11:12Z,76.0,Charge 4
2022-12-16T03:11:17Z,74.0,Charge 4
2022-12-16T03:11:22Z,73.0,Charge 4
2022-12-16T03:11:27Z,76.0,Charge 4
2022-12-16T03:11:32Z,77.0,Charge 4
2022-12-16T03:11:47Z,78.0,Charge 4
2022-12-16T03:11:52Z,79.0,Charge 4
2022-12-16T03:12:07Z,77.0,Charge 4
2022-12-16T03:12:12Z,75.0,Charge 4
2022-12-16T03:12:17Z,73.0,Charge 4
2022-12-16T03:12:22Z,74.0,Charge 4
2022-12-16T03:12:27Z,75.0,Charge 4
2022-12-16T03:12:32Z,78.0,Charge 4
2022-12-16T03:12:37Z,79.0,Charge 4
2022-12-16T03:12:52Z,78.0,Charge 4
2022-12-16T03:13:07Z,78.0,Charge 4
2022-12-16T03:13:12Z,77.0,Charge 4
2022-12-16T03:13:22Z,78.0,Charge 4
2022-12-16T03:13:27Z,79.0,Charge 4
2022-12-16T03:13:32Z,81.0,Charge 4
2022-12-16T03:13:37Z,82.0,Charge 4
2022-12-16T03:13:47Z,81.0,Charge 4
2022-12-16T03:13:52Z,80.0,Charge 4
2022-12-16T03:13:57Z,79.0,Charge 4
2022-12-16T03:14:02Z,77.0,Charge 4
2022-12-16T03:14:07Z,76.0,Charge 4
2022-12-16T03:14:22Z,78.0,Charge 4
2022-12-16T03:14:27Z,84.0,Charge 4
2022-12-16T03:14:32Z,94.0,Charge 4
2022-12-16T03:14:37Z,91.0,Charge 4
2022-12-16T03:14:42Z,85.0,Charge 4
2022-12-16T03:14:47Z,82.0,Charge 4
2022-12-16T03:14:52Z,81.0,Charge 4
2022-12-16T03:15:02Z,82.0,Charge 4
2022-12-16T03:15:17Z,80.0,Charge 4
2022-12-16T03:15:27Z,79.0,Charge 4
2022-12-16T03:15:42Z,80.0,Charge 4
2022-12-16T03:15:47Z,81.0,Charge 4
2022-12-16T03:15:52Z,82.0,Charge 4
2022-12-16T03:16:07Z,82.0,Charge 4
2022-12-16T03:16:12Z,79.0,Charge 4
2022-12-16T03:16:27Z,79.0,Charge 4
2022-12-16T03:16:33Z,81.0,Charge 4
2022-12-16T03:16:38Z,82.0,Charge 4
2022-12-16T03:16:53Z,83.0,Charge 4
2022-12-16T03:17:03Z,82.0,Charge 4
2022-12-16T03:17:08Z,81.0,Charge 4
2022-12-16T03:17:23Z,81.0,Charge 4
2022-12-16T03:17:33Z,82.0,Charge 4
2022-12-16T03:17:43Z,83.0,Charge 4
2022-12-16T03:17:48Z,84.0,Charge 4
2022-12-16T03:17:53Z,83.0,Charge 4
2022-12-16T03:18:03Z,84.0,Charge 4
2022-12-16T03:18:18Z,84.0,Charge 4
2022-12-16T03:18:23Z,83.0,Charge 4
2022-12-16T03:18:28Z,82.0,Charge 4
2022-12-16T03:18:33Z,80.0,Charge 4
2022-12-16T03:18:38Z,79.0,Charge 4
2022-12-16T03:18:43Z,77.0,Charge 4
2022-12-16T03:18:53Z,78.0,Charge 4
2022-12-16T03:18:58Z,79.0,Charge 4
2022-12-16T03:19:08Z,80.0,Charge 4
2022-12-16T03:19:18Z,83.0,Charge 4
2022-12-16T03:19:23Z,84.0,Charge 4
2022-12-16T03:19:38Z,83.0,Charge 4
2022-12-16T03:19:43Z,82.0,Charge 4
2022-12-16T03:19:48Z,80.0,Charge 4
2022-12-16T03:19:53Z,77.0,Charge 4
2022-12-16T03:19:58Z,75.0,Charge 4
2022-12-16T03:20:03Z,74.0,Charge 4
2022-12-16T03:20:18Z,75.0,Charge 4
2022-12-16T03:20:23Z,76.0,Charge 4
2022-12-16T03:20:28Z,77.0,Charge 4
2022-12-16T03:20:33Z,78.0,Charge 4
2022-12-16T03:20:43Z,79.0,Charge 4
2022-12-16T03:20:48Z,80.0,Charge 4
2022-12-16T03:20:53Z,81.0,Charge 4
2022-12-16T03:21:08Z,82.0,Charge 4
2022-12-16T03:21:18Z,81.0,Charge 4
2022-12-16T03:21:23Z,82.0,Charge 4
2022-12-16T03:21:33Z,83.0,Charge 4
2022-12-16T03:21:38Z,86.0,Charge 4
2022-12-16T03:21:43Z,85.0,Charge 4
2022-12-16T03:21:58Z,83.0,Charge 4
2022-12-16T03:22:03Z,81.0,Charge 4
2022-12-16T03:22:18Z,81.0,Charge 4
2022-12-16T03:22:23Z,83.0,Charge 4
2022-12-16T03:22:28Z,83.0,Charge 4
2022-12-16T03:22:43Z,82.0,Charge 4
2022-12-16T03:22:48Z,81.0,Charge 4
2022-12-16T03:23:03Z,81.0,Charge 4
2022-12-16T03:23:08Z,83.0,Charge 4
2022-12-16T03:23:23Z,83.0,Charge 4
2022-12-16T03:23:28Z,82.0,Charge 4
2022-12-16T03:23:33Z,81.0,Charge 4
2022-12-16T03:23:43Z,80.0,Charge 4
2022-12-16T03:23:49Z,80.0,Charge 4
2022-12-16T03:24:04Z,80.0,Charge 4
2022-12-16T03:24:14Z,79.0,Charge 4
2022-12-16T03:24:29Z,79.0,Charge 4
2022-12-16T03:24:39Z,78.0,Charge 4
2022-12-16T03:24:54Z,79.0,Charge 4
2022-12-16T03:24:59Z,79.0,Charge 4
2022-12-16T03:25:04Z,82.0,Charge 4
2022-12-16T03:25:09Z,83.0,Charge 4
2022-12-16T03:25:14Z,79.0,Charge 4
2022-12-16T03:25:19Z,78.0,Charge 4
2022-12-16T03:25:29Z,77.0,Charge 4
2022-12-16T03:25:34Z,76.0,Charge 4
2022-12-16T03:25:49Z,76.0,Charge 4
2022-12-16T03:25:54Z,77.0,Charge 4
2022-12-16T03:25:59Z,79.0,Charge 4
2022-12-16T03:26:04Z,80.0,Charge 4
2022-12-16T03:26:09Z,84.0,Charge 4
2022-12-16T03:26:14Z,85.0,Charge 4
2022-12-16T03:26:24Z,86.0,Charge 4
2022-12-16T03:26:39Z,87.0,Charge 4
2022-12-16T03:26:44Z,89.0,Charge 4
2022-12-16T03:26:49Z,90.0,Charge 4
2022-12-16T03:26:59Z,89.0,Charge 4
2022-12-16T03:27:04Z,87.0,Charge 4
2022-12-16T03:27:09Z,86.0,Charge 4
2022-12-16T03:27:14Z,83.0,Charge 4
2022-12-16T03:27:19Z,81.0,Charge 4
2022-12-16T03:27:24Z,80.0,Charge 4
2022-12-16T03:27:39Z,80.0,Charge 4
2022-12-16T03:27:49Z,81.0,Charge 4
2022-12-16T03:27:54Z,82.0,Charge 4
2022-12-16T03:27:59Z,80.0,Charge 4
2022-12-16T03:28:04Z,79.0,Charge 4
2022-12-16T03:28:09Z,80.0,Charge 4
2022-12-16T03:28:14Z,81.0,Charge 4
2022-12-16T03:28:19Z,80.0,Charge 4
2022-12-16T03:28:34Z,81.0,Charge 4
2022-12-16T03:28:39Z,82.0,Charge 4
2022-12-16T03:28:49Z,81.0,Charge 4
2022-12-16T03:28:59Z,82.0,Charge 4
2022-12-16T03:29:04Z,83.0,Charge 4
2022-12-16T03:29:09Z,85.0,Charge 4
2022-12-16T03:29:19Z,84.0,Charge 4
2022-12-16T03:29:24Z,83.0,Charge 4
2022-12-16T03:29:29Z,82.0,Charge 4
2022-12-16T03:29:44Z,82.0,Charge 4
2022-12-16T03:29:59Z,82.0,Charge 4
2022-12-16T03:30:04Z,80.0,Charge 4
2022-12-16T03:30:14Z,79.0,Charge 4
2022-12-16T03:30:19Z,78.0,Charge 4
2022-12-16T03:30:29Z,79.0,Charge 4
2022-12-16T03:30:34Z,78.0,Charge 4
2022-12-16T03:30:40Z,79.0,Charge 4
2022-12-16T03:30:45Z,78.0,Charge 4
2022-12-16T03:30:55Z,79.0,Charge 4
2022-12-16T03:31:00Z,80.0,Charge 4
2022-12-16T03:31:05Z,82.0,Charge 4
2022-12-16T03:31:10Z,84.0,Charge 4
2022-12-16T03:31:15Z,85.0,Charge 4
2022-12-16T03:31:30Z,84.0,Charge 4
2022-12-16T03:31:40Z,83.0,Charge 4
2022-12-16T03:31:55Z,83.0,Charge 4
2022-12-16T03:32:05Z,82.0,Charge 4
2022-12-16T03:32:10Z,83.0,Charge 4
2022-12-16T03:32:15Z,84.0,Charge 4
2022-12-16T03:32:25Z,85.0,Charge 4
2022-12-16T03:32:35Z,86.0,Charge 4
2022-12-16T03:32:45Z,87.0,Charge 4
2022-12-16T03:32:50Z,86.0,Charge 4
2022-12-16T03:33:00Z,85.0,Charge 4
2022-12-16T03:33:05Z,84.0,Charge 4
2022-12-16T03:33:10Z,82.0,Charge 4
2022-12-16T03:33:15Z,81.0,Charge 4
2022-12-16T03:33:20Z,79.0,Charge 4
2022-12-16T03:33:35Z,79.0,Charge 4
2022-12-16T03:33:45Z,80.0,Charge 4
2022-12-16T03:33:50Z,81.0,Charge 4
2022-12-16T03:33:55Z,82.0,Charge 4
2022-12-16T03:34:00Z,83.0,Charge 4
2022-12-16T03:34:05Z,83.0,Charge 4
2022-12-16T03:34:20Z,84.0,Charge 4
2022-12-16T03:34:35Z,83.0,Charge 4
2022-12-16T03:34:50Z,80.0,Charge 4
2022-12-16T03:34:55Z,79.0,Charge 4
2022-12-16T03:35:00Z,81.0,Charge 4
2022-12-16T03:35:05Z,83.0,Charge 4
2022-12-16T03:35:10Z,85.0,Charge 4
2022-12-16T03:35:20Z,84.0,Charge 4
2022-12-16T03:35:35Z,83.0,Charge 4
2022-12-16T03:35:40Z,84.0,Charge 4
2022-12-16T03:35:50Z,85.0,Charge 4
2022-12-16T03:36:00Z,86.0,Charge 4
2022-12-16T03:36:15Z,86.0,Charge 4
2022-12-16T03:36:30Z,85.0,Charge 4
2022-12-16T03:36:35Z,83.0,Charge 4
2022-12-16T03:36:40Z,82.0,Charge 4
2022-12-16T03:36:45Z,83.0,Charge 4
2022-12-16T03:36:55Z,82.0,Charge 4
2022-12-16T03:37:10Z,82.0,Charge 4
2022-12-16T03:37:15Z,80.0,Charge 4
2022-12-16T03:37:25Z,81.0,Charge 4
2022-12-16T03:37:35Z,82.0,Charge 4
2022-12-16T03:37:40Z,83.0,Charge 4
2022-12-16T03:37:49Z,83.0,Charge 4
2022-12-16T03:37:54Z,82.0,Charge 4
2022-12-16T03:38:04Z,81.0,Charge 4
2022-12-16T03:38:14Z,83.0,Charge 4
2022-12-16T03:38:29Z,84.0,Charge 4
2022-12-16T03:38:44Z,83.0,Charge 4
2022-12-16T03:38:49Z,81.0,Charge 4
2022-12-16T03:38:59Z,82.0,Charge 4
2022-12-16T03:39:04Z,81.0,Charge 4
2022-12-16T03:39:19Z,79.0,Charge 4
2022-12-16T03:39:29Z,80.0,Charge 4
2022-12-16T03:39:34Z,81.0,Charge 4
2022-12-16T03:39:44Z,83.0,Charge 4
2022-12-16T03:39:49Z,82.0,Charge 4
2022-12-16T03:39:59Z,83.0,Charge 4
2022-12-16T03:40:04Z,82.0,Charge 4
2022-12-16T03:40:09Z,79.0,Charge 4
2022-12-16T03:40:19Z,80.0,Charge 4
2022-12-16T03:40:24Z,83.0,Charge 4
2022-12-16T03:40:29Z,83.0,Charge 4
2022-12-16T03:40:39Z,84.0,Charge 4
2022-12-16T03:40:44Z,83.0,Charge 4
2022-12-16T03:40:49Z,82.0,Charge 4
2022-12-16T03:40:54Z,81.0,Charge 4
2022-12-16T03:40:59Z,82.0,Charge 4
2022-12-16T03:41:04Z,83.0,Charge 4
2022-12-16T03:41:09Z,85.0,Charge 4
2022-12-16T03:41:15Z,85.0,Charge 4
2022-12-16T03:41:30Z,87.0,Charge 4
2022-12-16T03:41:40Z,82.0,Charge 4
2022-12-16T03:41:45Z,80.0,Charge 4
2022-12-16T03:41:50Z,78.0,Charge 4
2022-12-16T03:42:00Z,79.0,Charge 4
2022-12-16T03:42:15Z,79.0,Charge 4
2022-12-16T03:42:25Z,79.0,Charge 4
2022-12-16T03:42:30Z,80.0,Charge 4
2022-12-16T03:42:35Z,81.0,Charge 4
2022-12-16T03:42:40Z,83.0,Charge 4
2022-12-16T03:42:45Z,82.0,Charge 4
2022-12-16T03:42:50Z,81.0,Charge 4
2022-12-16T03:42:55Z,80.0,Charge 4
2022-12-16T03:43:00Z,80.0,Charge 4
2022-12-16T03:43:10Z,81.0,Charge 4
2022-12-16T03:43:15Z,82.0,Charge 4
2022-12-16T03:43:20Z,81.0,Charge 4
2022-12-16T03:43:25Z,80.0,Charge 4
2022-12-16T03:43:30Z,79.0,Charge 4
2022-12-16T03:43:40Z,80.0,Charge 4
2022-12-16T03:43:45Z,79.0,Charge 4
2022-12-16T03:43:50Z,80.0,Charge 4
2022-12-16T03:43:55Z,81.0,Charge 4
2022-12-16T03:44:10Z,82.0,Charge 4
2022-12-16T03:44:20Z,83.0,Charge 4
2022-12-16T03:44:35Z,83.0,Charge 4
2022-12-16T03:44:40Z,82.0,Charge 4
2022-12-16T03:44:45Z,81.0,Charge 4
2022-12-16T03:45:00Z,80.0,Charge 4
2022-12-16T03:45:15Z,81.0,Charge 4
2022-12-16T03:45:20Z,82.0,Charge 4
2022-12-16T03:45:25Z,81.0,Charge 4
2022-12-16T03:45:35Z,82.0,Charge 4
2022-12-16T03:45:45Z,83.0,Charge 4
2022-12-16T03:45:50Z,82.0,Charge 4
2022-12-16T03:45:55Z,81.0,Charge 4
2022-12-16T03:46:00Z,79.0,Charge 4
2022-12-16T03:46:10Z,78.0,Charge 4
2022-12-16T03:46:15Z,77.0,Charge 4
2022-12-16T03:46:20Z,78.0,Charge 4
2022-12-16T03:46:30Z,79.0,Charge 4
2022-12-16T03:46:40Z,80.0,Charge 4
2022-12-16T03:46:45Z,78.0,Charge 4
2022-12-16T03:47:00Z,78.0,Charge 4
2022-12-16T03:47:10Z,80.0,Charge 4
2022-12-16T03:47:25Z,80.0,Charge 4
2022-12-16T03:47:30Z,82.0,Charge 4
2022-12-16T03:47:35Z,81.0,Charge 4
2022-12-16T03:47:45Z,80.0,Charge 4
2022-12-16T03:48:00Z,80.0,Charge 4
2022-12-16T03:48:06Z,79.0,Charge 4
2022-12-16T03:48:11Z,80.0,Charge 4
2022-12-16T03:48:21Z,78.0,Charge 4
2022-12-16T03:48:26Z,76.0,Charge 4
2022-12-16T03:48:31Z,78.0,Charge 4
2022-12-16T03:48:36Z,79.0,Charge 4
2022-12-16T03:48:41Z,80.0,Charge 4
2022-12-16T03:48:51Z,81.0,Charge 4
2022-12-16T03:49:01Z,80.0,Charge 4
2022-12-16T03:49:11Z,81.0,Charge 4
2022-12-16T03:49:16Z,82.0,Charge 4
2022-12-16T03:49:21Z,81.0,Charge 4
2022-12-16T03:49:36Z,81.0,Charge 4
2022-12-16T03:49:46Z,80.0,Charge 4
2022-12-16T03:49:51Z,79.0,Charge 4
2022-12-16T03:49:56Z,78.0,Charge 4
2022-12-16T03:50:01Z,79.0,Charge 4
2022-12-16T03:50:11Z,80.0,Charge 4
2022-12-16T03:50:21Z,79.0,Charge 4
2022-12-16T03:50:26Z,80.0,Charge 4
2022-12-16T03:50:31Z,81.0,Charge 4
2022-12-16T03:50:41Z,80.0,Charge 4
2022-12-16T03:50:46Z,77.0,Charge 4
2022-12-16T03:50:51Z,79.0,Charge 4
2022-12-16T03:50:56Z,80.0,Charge 4
2022-12-16T03:51:11Z,81.0,Charge 4
2022-12-16T03:51:21Z,82.0,Charge 4
2022-12-16T03:51:26Z,82.0,Charge 4
2022-12-16T03:51:31Z,81.0,Charge 4
2022-12-16T03:51:41Z,82.0,Charge 4
2022-12-16T03:51:46Z,83.0,Charge 4
2022-12-16T03:51:51Z,94.0,Charge 4
2022-12-16T03:51:56Z,97.0,Charge 4
2022-12-16T03:52:01Z,89.0,Charge 4
2022-12-16T03:52:06Z,83.0,Charge 4
2022-12-16T03:52:11Z,80.0,Charge 4
2022-12-16T03:52:16Z,76.0,Charge 4
2022-12-16T03:52:21Z,73.0,Charge 4
2022-12-16T03:52:26Z,72.0,Charge 4
2022-12-16T03:52:31Z,71.0,Charge 4
2022-12-16T03:52:46Z,71.0,Charge 4
2022-12-16T03:52:56Z,75.0,Charge 4
2022-12-16T03:53:06Z,76.0,Charge 4
2022-12-16T03:53:11Z,77.0,Charge 4
2022-12-16T03:53:16Z,75.0,Charge 4
2022-12-16T03:53:21Z,74.0,Charge 4
2022-12-16T03:53:26Z,73.0,Charge 4
2022-12-16T03:53:36Z,75.0,Charge 4
2022-12-16T03:53:41Z,77.0,Charge 4
2022-12-16T03:53:46Z,79.0,Charge 4
2022-12-16T03:54:01Z,79.0,Charge 4
2022-12-16T03:54:06Z,77.0,Charge 4
2022-12-16T03:54:12Z,77.0,Charge 4
2022-12-16T03:54:22Z,76.0,Charge 4
2022-12-16T03:54:27Z,75.0,Charge 4
2022-12-16T03:54:32Z,76.0,Charge 4
2022-12-16T03:54:37Z,77.0,Charge 4
2022-12-16T03:54:42Z,79.0,Charge 4
2022-12-16T03:54:47Z,80.0,Charge 4
2022-12-16T03:54:52Z,79.0,Charge 4
2022-12-16T03:54:57Z,78.0,Charge 4
2022-12-16T03:55:02Z,76.0,Charge 4
2022-12-16T03:55:07Z,75.0,Charge 4
2022-12-16T03:55:22Z,76.0,Charge 4
2022-12-16T03:55:37Z,80.0,Charge 4
2022-12-16T03:55:42Z,84.0,Charge 4
2022-12-16T03:55:52Z,81.0,Charge 4
2022-12-16T03:55:57Z,78.0,Charge 4
2022-12-16T03:56:07Z,78.0,Charge 4
2022-12-16T03:56:22Z,77.0,Charge 4
2022-12-16T03:56:27Z,77.0,Charge 4
2022-12-16T03:56:37Z,76.0,Charge 4
2022-12-16T03:56:47Z,76.0,Charge 4
2022-12-16T03:56:57Z,76.0,Charge 4
2022-12-16T03:57:02Z,77.0,Charge 4
2022-12-16T03:57:17Z,77.0,Charge 4
2022-12-16T03:57:22Z,78.0,Charge 4
2022-12-16T03:57:27Z,79.0,Charge 4
2022-12-16T03:57:32Z,78.0,Charge 4
2022-12-16T03:57:38Z,77.0,Charge 4
2022-12-16T03:57:43Z,76.0,Charge 4
2022-12-16T03:57:53Z,77.0,Charge 4
2022-12-16T03:57:58Z,79.0,Charge 4
2022-12-16T03:58:08Z,78.0,Charge 4
2022-12-16T03:58:13Z,77.0,Charge 4
2022-12-16T03:58:23Z,77.0,Charge 4
2022-12-16T03:58:28Z,78.0,Charge 4
2022-12-16T03:58:33Z,79.0,Charge 4
2022-12-16T03:58:38Z,78.0,Charge 4
2022-12-16T03:58:43Z,77.0,Charge 4
2022-12-16T03:58:48Z,76.0,Charge 4
2022-12-16T03:58:53Z,75.0,Charge 4
2022-12-16T03:59:08Z,78.0,Charge 4
2022-12-16T03:59:13Z,89.0,Charge 4
2022-12-16T03:59:18Z,91.0,Charge 4
2022-12-16T03:59:23Z,86.0,Charge 4
2022-12-16T03:59:28Z,81.0,Charge 4
2022-12-16T03:59:33Z,78.0,Charge 4
2022-12-16T03:59:38Z,78.0,Charge 4
2022-12-16T03:59:43Z,77.0,Charge 4
2022-12-16T03:59:53Z,78.0,Charge 4
2022-12-16T04:00:03Z,77.0,Charge 4
2022-12-16T04:00:08Z,76.0,Charge 4
2022-12-16T04:00:13Z,77.0,Charge 4
2022-12-16T04:00:23Z,79.0,Charge 4
2022-12-16T04:00:28Z,78.0,Charge 4
2022-12-16T04:00:38Z,79.0,Charge 4
2022-12-16T04:00:43Z,80.0,Charge 4
2022-12-16T04:00:48Z,79.0,Charge 4
2022-12-16T04:00:53Z,78.0,Charge 4
2022-12-16T04:00:58Z,77.0,Charge 4
2022-12-16T04:01:08Z,76.0,Charge 4
2022-12-16T04:01:13Z,77.0,Charge 4
2022-12-16T04:01:18Z,77.0,Charge 4
2022-12-16T04:01:23Z,78.0,Charge 4
2022-12-16T04:01:33Z,76.0,Charge 4
2022-12-16T04:01:43Z,77.0,Charge 4
2022-12-16T04:01:58Z,77.0,Charge 4
2022-12-16T04:02:08Z,76.0,Charge 4
2022-12-16T04:02:18Z,74.0,Charge 4
2022-12-16T04:02:23Z,74.0,Charge 4
2022-12-16T04:02:33Z,73.0,Charge 4
2022-12-16T04:02:48Z,74.0,Charge 4
2022-12-16T04:02:58Z,76.0,Charge 4
2022-12-16T04:03:03Z,77.0,Charge 4
2022-12-16T04:03:08Z,73.0,Charge 4
2022-12-16T04:03:18Z,72.0,Charge 4
2022-12-16T04:03:23Z,71.0,Charge 4
2022-12-16T04:03:28Z,71.0,Charge 4
2022-12-16T04:03:33Z,72.0,Charge 4
2022-12-16T04:03:38Z,73.0,Charge 4
2022-12-16T04:03:53Z,73.0,Charge 4
2022-12-16T04:03:54Z,73.0,Charge 4
2022-12-16T04:04:09Z,73.0,Charge 4
2022-12-16T04:04:19Z,74.0,Charge 4
2022-12-16T04:04:29Z,75.0,Charge 4
2022-12-16T04:04:34Z,74.0,Charge 4
2022-12-16T04:04:49Z,74.0,Charge 4
2022-12-16T04:04:59Z,76.0,Charge 4
2022-12-16T04:05:04Z,84.0,Charge 4
2022-12-16T04:05:09Z,86.0,Charge 4
2022-12-16T04:05:14Z,84.0,Charge 4
2022-12-16T04:05:19Z,81.0,Charge 4
2022-12-16T04:05:24Z,78.0,Charge 4
2022-12-16T04:05:29Z,76.0,Charge 4
2022-12-16T04:05:34Z,75.0,Charge 4
2022-12-16T04:05:44Z,74.0,Charge 4
2022-12-16T04:05:59Z,75.0,Charge 4
2022-12-16T04:06:14Z,75.0,Charge 4
2022-12-16T04:06:29Z,76.0,Charge 4
2022-12-16T04:06:44Z,76.0,Charge 4
2022-12-16T04:06:49Z,75.0,Charge 4
2022-12-16T04:06:54Z,74.0,Charge 4
2022-12-16T04:07:09Z,75.0,Charge 4
2022-12-16T04:07:14Z,74.0,Charge 4
2022-12-16T04:07:24Z,73.0,Charge 4
2022-12-16T04:07:34Z,74.0,Charge 4
2022-12-16T04:07:39Z,75.0,Charge 4
2022-12-16T04:07:46Z,75.0,Charge 4
2022-12-16T04:08:01Z,74.0,Charge 4
2022-12-16T04:08:06Z,75.0,Charge 4
2022-12-16T04:08:16Z,74.0,Charge 4
2022-12-16T04:08:21Z,75.0,Charge 4
2022-12-16T04:08:26Z,74.0,Charge 4
2022-12-16T04:08:41Z,75.0,Charge 4
2022-12-16T04:08:56Z,75.0,Charge 4
2022-12-16T04:09:01Z,74.0,Charge 4
2022-12-16T04:09:16Z,74.0,Charge 4
2022-12-16T04:09:26Z,73.0,Charge 4
2022-12-16T04:09:31Z,72.0,Charge 4
2022-12-16T04:09:36Z,73.0,Charge 4
2022-12-16T04:09:41Z,74.0,Charge 4
2022-12-16T04:09:46Z,75.0,Charge 4
2022-12-16T04:09:51Z,74.0,Charge 4
2022-12-16T04:09:56Z,73.0,Charge 4
2022-12-16T04:10:01Z,72.0,Charge 4
2022-12-16T04:10:06Z,73.0,Charge 4
2022-12-16T04:10:21Z,73.0,Charge 4
2022-12-16T04:10:26Z,74.0,Charge 4
2022-12-16T04:10:31Z,75.0,Charge 4
2022-12-16T04:10:41Z,74.0,Charge 4
2022-12-16T04:10:46Z,75.0,Charge 4
2022-12-16T04:10:51Z,74.0,Charge 4
2022-12-16T04:10:56Z,73.0,Charge 4
2022-12-16T04:11:01Z,74.0,Charge 4
2022-12-16T04:11:07Z,75.0,Charge 4
2022-12-16T04:11:17Z,76.0,Charge 4
2022-12-16T04:11:22Z,75.0,Charge 4
2022-12-16T04:11:27Z,74.0,Charge 4
2022-12-16T04:11:42Z,75.0,Charge 4
2022-12-16T04:11:47Z,78.0,Charge 4
2022-12-16T04:11:57Z,79.0,Charge 4
2022-12-16T04:12:02Z,78.0,Charge 4
2022-12-16T04:12:07Z,77.0,Charge 4
2022-12-16T04:12:12Z,78.0,Charge 4
2022-12-16T04:12:17Z,77.0,Charge 4
2022-12-16T04:12:22Z,76.0,Charge 4
2022-12-16T04:12:27Z,74.0,Charge 4
2022-12-16T04:12:32Z,73.0,Charge 4
2022-12-16T04:12:37Z,74.0,Charge 4
2022-12-16T04:12:47Z,75.0,Charge 4
2022-12-16T04:12:52Z,76.0,Charge 4
2022-12-16T04:12:57Z,75.0,Charge 4
2022-12-16T04:13:02Z,74.0,Charge 4
2022-12-16T04:13:17Z,74.0,Charge 4
2022-12-16T04:13:27Z,75.0,Charge 4
2022-12-16T04:13:42Z,75.0,Charge 4
2022-12-16T04:13:47Z,75.0,Charge 4
2022-12-16T04:13:52Z,77.0,Charge 4
2022-12-16T04:14:07Z,76.0,Charge 4
2022-12-16T04:14:22Z,77.0,Charge 4
2022-12-16T04:14:37Z,76.0,Charge 4
2022-12-16T04:14:42Z,76.0,Charge 4
2022-12-16T04:14:57Z,76.0,Charge 4
2022-12-16T04:15:12Z,76.0,Charge 4
2022-12-16T04:15:22Z,74.0,Charge 4
2022-12-16T04:15:37Z,74.0,Charge 4
2022-12-16T04:15:42Z,75.0,Charge 4
2022-12-16T04:15:47Z,76.0,Charge 4
2022-12-16T04:15:52Z,77.0,Charge 4
2022-12-16T04:16:07Z,77.0,Charge 4
2022-12-16T04:16:22Z,77.0,Charge 4
2022-12-16T04:16:27Z,75.0,Charge 4
2022-12-16T04:16:32Z,76.0,Charge 4
2022-12-16T04:16:37Z,77.0,Charge 4
2022-12-16T04:16:52Z,77.0,Charge 4
2022-12-16T04:16:57Z,77.0,Charge 4
2022-12-16T04:17:02Z,76.0,Charge 4
2022-12-16T04:17:07Z,75.0,Charge 4
2022-12-16T04:17:12Z,74.0,Charge 4
2022-12-16T04:17:17Z,75.0,Charge 4
2022-12-16T04:17:22Z,76.0,Charge 4
2022-12-16T04:17:27Z,77.0,Charge 4
2022-12-16T04:17:32Z,79.0,Charge 4
2022-12-16T04:17:47Z,79.0,Charge 4
2022-12-16T04:18:02Z,79.0,Charge 4
2022-12-16T04:18:12Z,77.0,Charge 4
2022-12-16T04:18:18Z,77.0,Charge 4
2022-12-16T04:18:23Z,76.0,Charge 4
2022-12-16T04:18:38Z,76.0,Charge 4
2022-12-16T04:18:43Z,75.0,Charge 4
2022-12-16T04:18:53Z,76.0,Charge 4
2022-12-16T04:18:58Z,77.0,Charge 4
2022-12-16T04:19:03Z,78.0,Charge 4
2022-12-16T04:19:08Z,77.0,Charge 4
2022-12-16T04:19:23Z,77.0,Charge 4
2022-12-16T04:19:28Z,76.0,Charge 4
2022-12-16T04:19:38Z,78.0,Charge 4
2022-12-16T04:19:43Z,77.0,Charge 4
2022-12-16T04:19:48Z,78.0,Charge 4
2022-12-16T04:20:03Z,78.0,Charge 4
2022-12-16T04:20:08Z,76.0,Charge 4
2022-12-16T04:20:23Z,75.0,Charge 4
2022-12-16T04:20:28Z,73.0,Charge 4
2022-12-16T04:20:33Z,72.0,Charge 4
2022-12-16T04:20:43Z,74.0,Charge 4
2022-12-16T04:20:53Z,76.0,Charge 4
2022-12-16T04:20:58Z,77.0,Charge 4
2022-12-16T04:21:03Z,78.0,Charge 4
2022-12-16T04:21:08Z,79.0,Charge 4
2022-12-16T04:21:13Z,78.0,Charge 4
2022-12-16T04:21:28Z,77.0,Charge 4
2022-12-16T04:21:33Z,76.0,Charge 4
2022-12-16T04:21:43Z,77.0,Charge 4
2022-12-16T04:21:48Z,77.0,Charge 4
2022-12-16T04:21:58Z,78.0,Charge 4
2022-12-16T04:22:08Z,77.0,Charge 4
2022-12-16T04:22:18Z,78.0,Charge 4
2022-12-16T04:22:23Z,79.0,Charge 4
2022-12-16T04:22:38Z,79.0,Charge 4
2022-12-16T04:22:53Z,79.0,Charge 4
2022-12-16T04:22:58Z,75.0,Charge 4
2022-12-16T04:23:08Z,76.0,Charge 4
2022-12-16T04:23:13Z,77.0,Charge 4
2022-12-16T04:23:28Z,77.0,Charge 4
2022-12-16T04:23:33Z,75.0,Charge 4
2022-12-16T04:23:38Z,76.0,Charge 4
2022-12-16T04:23:48Z,77.0,Charge 4
2022-12-16T04:23:53Z,78.0,Charge 4
2022-12-16T04:24:03Z,77.0,Charge 4
2022-12-16T04:24:13Z,78.0,Charge 4
2022-12-16T04:24:23Z,77.0,Charge 4
2022-12-16T04:24:28Z,76.0,Charge 4
2022-12-16T04:24:43Z,76.0,Charge 4
2022-12-16T04:24:48Z,77.0,Charge 4
2022-12-16T04:24:53Z,76.0,Charge 4
2022-12-16T04:24:58Z,75.0,Charge 4
2022-12-16T04:25:13Z,75.0,Charge 4
2022-12-16T04:25:19Z,77.0,Charge 4
2022-12-16T04:25:29Z,75.0,Charge 4
2022-12-16T04:25:34Z,76.0,Charge 4
2022-12-16T04:25:39Z,77.0,Charge 4
2022-12-16T04:25:54Z,76.0,Charge 4
2022-12-16T04:26:09Z,76.0,Charge 4
2022-12-16T04:26:19Z,77.0,Charge 4
2022-12-16T04:26:34Z,77.0,Charge 4
2022-12-16T04:26:39Z,77.0,Charge 4
2022-12-16T04:26:49Z,78.0,Charge 4
2022-12-16T04:26:54Z,77.0,Charge 4
2022-12-16T04:26:59Z,76.0,Charge 4
2022-12-16T04:27:14Z,76.0,Charge 4
2022-12-16T04:27:19Z,76.0,Charge 4
2022-12-16T04:27:24Z,75.0,Charge 4
2022-12-16T04:27:39Z,75.0,Charge 4
2022-12-16T04:27:49Z,77.0,Charge 4
2022-12-16T04:27:54Z,76.0,Charge 4
2022-12-16T04:28:09Z,76.0,Charge 4
2022-12-16T04:28:24Z,75.0,Charge 4
2022-12-16T04:28:29Z,77.0,Charge 4
2022-12-16T04:28:34Z,75.0,Charge 4
2022-12-16T04:28:40Z,75.0,Charge 4
2022-12-16T04:28:50Z,76.0,Charge 4
2022-12-16T04:28:55Z,77.0,Charge 4
2022-12-16T04:29:10Z,76.0,Charge 4
2022-12-16T04:29:25Z,76.0,Charge 4
2022-12-16T04:29:30Z,78.0,Charge 4
2022-12-16T04:29:35Z,79.0,Charge 4
2022-12-16T04:29:40Z,78.0,Charge 4
2022-12-16T04:29:45Z,77.0,Charge 4
2022-12-16T04:29:50Z,76.0,Charge 4
2022-12-16T04:29:55Z,77.0,Charge 4
2022-12-16T04:30:10Z,76.0,Charge 4
2022-12-16T04:30:25Z,78.0,Charge 4
2022-12-16T04:30:40Z,77.0,Charge 4
2022-12-16T04:30:45Z,76.0,Charge 4
2022-12-16T04:30:50Z,75.0,Charge 4
2022-12-16T04:30:55Z,74.0,Charge 4
2022-12-16T04:31:05Z,76.0,Charge 4
2022-12-16T04:31:10Z,77.0,Charge 4
2022-12-16T04:31:15Z,78.0,Charge 4
2022-12-16T04:31:20Z,77.0,Charge 4
2022-12-16T04:31:25Z,76.0,Charge 4
2022-12-16T04:31:40Z,76.0,Charge 4
2022-12-16T04:31:55Z,76.0,Charge 4
2022-12-16T04:32:00Z,77.0,Charge 4
2022-12-16T04:32:15Z,77.0,Charge 4
2022-12-16T04:32:20Z,78.0,Charge 4
2022-12-16T04:32:25Z,78.0,Charge 4
2022-12-16T04:32:30Z,77.0,Charge 4
2022-12-16T04:32:35Z,76.0,Charge 4
2022-12-16T04:32:45Z,75.0,Charge 4
2022-12-16T04:32:50Z,74.0,Charge 4
2022-12-16T04:32:55Z,75.0,Charge 4
2022-12-16T04:33:00Z,76.0,Charge 4
2022-12-16T04:33:05Z,77.0,Charge 4
2022-12-16T04:33:10Z,79.0,Charge 4
2022-12-16T04:33:15Z,80.0,Charge 4
2022-12-16T04:33:25Z,79.0,Charge 4
2022-12-16T04:33:30Z,78.0,Charge 4
2022-12-16T04:33:35Z,77.0,Charge 4
2022-12-16T04:33:45Z,78.0,Charge 4
2022-12-16T04:33:55Z,79.0,Charge 4
2022-12-16T04:34:05Z,78.0,Charge 4
2022-12-16T04:34:10Z,79.0,Charge 4
2022-12-16T04:34:25Z,79.0,Charge 4
2022-12-16T04:34:30Z,77.0,Charge 4
2022-12-16T04:34:40Z,78.0,Charge 4
2022-12-16T04:34:45Z,79.0,Charge 4
2022-12-16T04:34:50Z,78.0,Charge 4
2022-12-16T04:34:55Z,77.0,Charge 4
2022-12-16T04:35:10Z,77.0,Charge 4
2022-12-16T04:35:20Z,79.0,Charge 4
2022-12-16T04:35:26Z,79.0,Charge 4
2022-12-16T04:35:31Z,78.0,Charge 4
2022-12-16T04:35:36Z,77.0,Charge 4
2022-12-16T04:35:46Z,78.0,Charge 4
2022-12-16T04:35:51Z,79.0,Charge 4
2022-12-16T04:35:56Z,80.0,Charge 4
2022-12-16T04:36:01Z,79.0,Charge 4
2022-12-16T04:36:11Z,78.0,Charge 4
2022-12-16T04:36:21Z,80.0,Charge 4
2022-12-16T04:36:26Z,81.0,Charge 4
2022-12-16T04:36:31Z,82.0,Charge 4
2022-12-16T04:36:41Z,80.0,Charge 4
2022-12-16T04:36:51Z,79.0,Charge 4
2022-12-16T04:37:06Z,79.0,Charge 4
2022-12-16T04:37:21Z,80.0,Charge 4
2022-12-16T04:37:26Z,81.0,Charge 4
2022-12-16T04:37:36Z,80.0,Charge 4
2022-12-16T04:37:41Z,78.0,Charge 4
2022-12-16T04:37:46Z,77.0,Charge 4
2022-12-16T04:37:56Z,77.0,Charge 4
2022-12-16T04:38:01Z,78.0,Charge 4
2022-12-16T04:38:06Z,80.0,Charge 4
2022-12-16T04:38:11Z,81.0,Charge 4
2022-12-16T04:38:16Z,80.0,Charge 4
2022-12-16T04:38:21Z,79.0,Charge 4
2022-12-16T04:38:31Z,80.0,Charge 4
2022-12-16T04:38:41Z,79.0,Charge 4
2022-12-16T04:38:47Z,80.0,Charge 4
2022-12-16T04:38:57Z,79.0,Charge 4
2022-12-16T04:39:12Z,79.0,Charge 4
2022-12-16T04:39:27Z,80.0,Charge 4
2022-12-16T04:39:32Z,81.0,Charge 4
2022-12-16T04:39:42Z,80.0,Charge 4
2022-12-16T04:39:47Z,79.0,Charge 4
2022-12-16T04:39:52Z,78.0,Charge 4
2022-12-16T04:40:07Z,78.0,Charge 4
2022-12-16T04:40:12Z,80.0,Charge 4
2022-12-16T04:40:17Z,82.0,Charge 4
2022-12-16T04:40:22Z,81.0,Charge 4
2022-12-16T04:40:32Z,80.0,Charge 4
2022-12-16T04:40:47Z,80.0,Charge 4
2022-12-16T04:40:57Z,80.0,Charge 4
2022-12-16T04:41:07Z,81.0,Charge 4
2022-12-16T04:41:17Z,82.0,Charge 4
2022-12-16T04:41:22Z,81.0,Charge 4
2022-12-16T04:41:27Z,80.0,Charge 4
2022-12-16T04:41:32Z,79.0,Charge 4
2022-12-16T04:41:47Z,79.0,Charge 4
2022-12-16T04:41:57Z,78.0,Charge 4
2022-12-16T04:42:07Z,77.0,Charge 4
2022-12-16T04:42:12Z,78.0,Charge 4
2022-12-16T04:42:17Z,79.0,Charge 4
2022-12-16T04:42:23Z,79.0,Charge 4
2022-12-16T04:42:28Z,80.0,Charge 4
2022-12-16T04:42:33Z,79.0,Charge 4
2022-12-16T04:42:38Z,78.0,Charge 4
2022-12-16T04:42:53Z,78.0,Charge 4
2022-12-16T04:42:58Z,78.0,Charge 4
2022-12-16T04:43:08Z,81.0,Charge 4
2022-12-16T04:43:13Z,92.0,Charge 4
2022-12-16T04:43:18Z,94.0,Charge 4
2022-12-16T04:43:23Z,90.0,Charge 4
2022-12-16T04:43:28Z,83.0,Charge 4
2022-12-16T04:43:33Z,78.0,Charge 4
2022-12-16T04:43:38Z,77.0,Charge 4
2022-12-16T04:43:43Z,75.0,Charge 4
2022-12-16T04:43:48Z,76.0,Charge 4
2022-12-16T04:43:53Z,77.0,Charge 4
2022-12-16T04:44:03Z,78.0,Charge 4
2022-12-16T04:44:08Z,79.0,Charge 4
2022-12-16T04:44:13Z,80.0,Charge 4
2022-12-16T04:44:18Z,81.0,Charge 4
2022-12-16T04:44:33Z,79.0,Charge 4
2022-12-16T04:44:38Z,78.0,Charge 4
2022-12-16T04:44:53Z,78.0,Charge 4
2022-12-16T04:44:58Z,80.0,Charge 4
2022-12-16T04:45:08Z,79.0,Charge 4
2022-12-16T04:45:13Z,80.0,Charge 4
2022-12-16T04:45:18Z,78.0,Charge 4
2022-12-16T04:45:23Z,76.0,Charge 4
2022-12-16T04:45:28Z,77.0,Charge 4
2022-12-16T04:45:33Z,78.0,Charge 4
2022-12-16T04:45:38Z,77.0,Charge 4
2022-12-16T04:45:48Z,78.0,Charge 4
2022-12-16T04:46:03Z,84.0,Charge 4
2022-12-16T04:46:08Z,91.0,Charge 4
2022-12-16T04:46:13Z,89.0,Charge 4
2022-12-16T04:46:18Z,84.0,Charge 4
2022-12-16T04:46:23Z,80.0,Charge 4
2022-12-16T04:46:33Z,78.0,Charge 4
2022-12-16T04:46:38Z,77.0,Charge 4
2022-12-16T04:46:43Z,78.0,Charge 4
2022-12-16T04:46:48Z,79.0,Charge 4
2022-12-16T04:46:53Z,77.0,Charge 4
2022-12-16T04:47:08Z,77.0,Charge 4
2022-12-16T04:47:18Z,78.0,Charge 4
2022-12-16T04:47:33Z,78.0,Charge 4
2022-12-16T04:47:38Z,77.0,Charge 4
2022-12-16T04:47:43Z,76.0,Charge 4
2022-12-16T04:47:58Z,76.0,Charge 4
2022-12-16T04:48:03Z,78.0,Charge 4
2022-12-16T04:48:08Z,79.0,Charge 4
2022-12-16T04:48:23Z,79.0,Charge 4
2022-12-16T04:48:28Z,80.0,Charge 4
2022-12-16T04:48:38Z,81.0,Charge 4
2022-12-16T04:48:44Z,81.0,Charge 4
2022-12-16T04:48:54Z,80.0,Charge 4
2022-12-16T04:48:59Z,79.0,Charge 4
2022-12-16T04:49:14Z,79.0,Charge 4
2022-12-16T04:49:29Z,79.0,Charge 4
2022-12-16T04:49:39Z,78.0,Charge 4
2022-12-16T04:49:49Z,77.0,Charge 4
2022-12-16T04:50:04Z,78.0,Charge 4
2022-12-16T04:50:19Z,78.0,Charge 4
2022-12-16T04:50:24Z,79.0,Charge 4
2022-12-16T04:50:34Z,80.0,Charge 4
2022-12-16T04:50:39Z,79.0,Charge 4
2022-12-16T04:50:49Z,78.0,Charge 4
2022-12-16T04:50:54Z,77.0,Charge 4
2022-12-16T04:51:09Z,78.0,Charge 4
2022-12-16T04:51:19Z,79.0,Charge 4
2022-12-16T04:51:24Z,78.0,Charge 4
2022-12-16T04:51:39Z,78.0,Charge 4
2022-12-16T04:51:44Z,77.0,Charge 4
2022-12-16T04:51:59Z,77.0,Charge 4
2022-12-16T04:52:14Z,78.0,Charge 4
2022-12-16T04:52:24Z,79.0,Charge 4
2022-12-16T04:52:34Z,80.0,Charge 4
2022-12-16T04:52:39Z,79.0,Charge 4
2022-12-16T04:52:49Z,80.0,Charge 4
2022-12-16T04:53:04Z,80.0,Charge 4
2022-12-16T04:53:19Z,80.0,Charge 4
2022-12-16T04:53:21Z,81.0,Charge 4
2022-12-16T04:53:31Z,80.0,Charge 4
2022-12-16T04:53:36Z,79.0,Charge 4
2022-12-16T04:53:41Z,79.0,Charge 4
2022-12-16T04:53:51Z,80.0,Charge 4
2022-12-16T04:53:56Z,80.0,Charge 4
2022-12-16T04:54:11Z,81.0,Charge 4
2022-12-16T04:54:16Z,82.0,Charge 4
2022-12-16T04:54:21Z,83.0,Charge 4
2022-12-16T04:54:31Z,82.0,Charge 4
2022-12-16T04:54:36Z,81.0,Charge 4
2022-12-16T04:54:46Z,80.0,Charge 4
2022-12-16T04:54:56Z,79.0,Charge 4
2022-12-16T04:55:01Z,77.0,Charge 4
2022-12-16T04:55:11Z,77.0,Charge 4
2022-12-16T04:55:16Z,77.0,Charge 4
2022-12-16T04:55:21Z,77.0,Charge 4
2022-12-16T04:55:26Z,77.0,Charge 4
2022-12-16T04:55:31Z,77.0,Charge 4
2022-12-16T04:55:41Z,78.0,Charge 4
2022-12-16T04:55:46Z,77.0,Charge 4
2022-12-16T04:55:51Z,79.0,Charge 4
2022-12-16T04:55:56Z,80.0,Charge 4
2022-12-16T04:56:06Z,80.0,Charge 4
2022-12-16T04:56:11Z,79.0,Charge 4
2022-12-16T04:56:16Z,77.0,Charge 4
2022-12-16T04:56:21Z,78.0,Charge 4
2022-12-16T04:56:27Z,76.0,Charge 4
2022-12-16T04:56:37Z,77.0,Charge 4
2022-12-16T04:56:42Z,78.0,Charge 4
2022-12-16T04:56:52Z,79.0,Charge 4
2022-12-16T04:56:57Z,80.0,Charge 4
2022-12-16T04:57:02Z,81.0,Charge 4
2022-12-16T04:57:07Z,80.0,Charge 4
2022-12-16T04:57:22Z,78.0,Charge 4
2022-12-16T04:57:32Z,77.0,Charge 4
2022-12-16T04:57:37Z,76.0,Charge 4
2022-12-16T04:57:47Z,77.0,Charge 4
2022-12-16T04:57:52Z,78.0,Charge 4
2022-12-16T04:57:57Z,79.0,Charge 4
2022-12-16T04:58:12Z,78.0,Charge 4
2022-12-16T04:58:17Z,79.0,Charge 4
2022-12-16T04:58:27Z,78.0,Charge 4
2022-12-16T04:58:32Z,79.0,Charge 4
2022-12-16T04:58:37Z,80.0,Charge 4
2022-12-16T04:58:42Z,81.0,Charge 4
2022-12-16T04:58:47Z,82.0,Charge 4
2022-12-16T04:58:52Z,83.0,Charge 4
2022-12-16T04:58:57Z,82.0,Charge 4
2022-12-16T04:59:02Z,81.0,Charge 4
2022-12-16T04:59:07Z,80.0,Charge 4
2022-12-16T04:59:12Z,77.0,Charge 4
2022-12-16T04:59:17Z,75.0,Charge 4
2022-12-16T04:59:32Z,74.0,Charge 4
2022-12-16T04:59:37Z,75.0,Charge 4
2022-12-16T04:59:47Z,76.0,Charge 4
2022-12-16T04:59:52Z,78.0,Charge 4
2022-12-16T04:59:57Z,79.0,Charge 4
2022-12-16T05:00:02Z,80.0,Charge 4
2022-12-16T05:00:07Z,81.0,Charge 4
2022-12-16T05:00:12Z,82.0,Charge 4
2022-12-16T05:00:17Z,83.0,Charge 4
2022-12-16T05:00:22Z,82.0,Charge 4
2022-12-16T05:00:37Z,83.0,Charge 4
2022-12-16T05:00:42Z,83.0,Charge 4
2022-12-16T05:00:52Z,84.0,Charge 4
2022-12-16T05:00:57Z,82.0,Charge 4
2022-12-16T05:01:02Z,81.0,Charge 4
2022-12-16T05:01:12Z,82.0,Charge 4
2022-12-16T05:01:17Z,81.0,Charge 4
2022-12-16T05:01:27Z,82.0,Charge 4
2022-12-16T05:01:42Z,82.0,Charge 4
2022-12-16T05:01:52Z,81.0,Charge 4
2022-12-16T05:01:57Z,85.0,Charge 4
2022-12-16T05:02:02Z,83.0,Charge 4
2022-12-16T05:02:07Z,79.0,Charge 4
2022-12-16T05:02:12Z,82.0,Charge 4
2022-12-16T05:02:17Z,82.0,Charge 4
2022-12-16T05:02:22Z,81.0,Charge 4
2022-12-16T05:02:27Z,82.0,Charge 4
2022-12-16T05:02:32Z,81.0,Charge 4
2022-12-16T05:02:38Z,80.0,Charge 4
2022-12-16T05:02:48Z,81.0,Charge 4
2022-12-16T05:02:53Z,83.0,Charge 4
2022-12-16T05:02:58Z,84.0,Charge 4
2022-12-16T05:03:03Z,86.0,Charge 4
2022-12-16T05:03:08Z,87.0,Charge 4
2022-12-16T05:03:13Z,86.0,Charge 4
2022-12-16T05:03:18Z,84.0,Charge 4
2022-12-16T05:03:23Z,83.0,Charge 4
2022-12-16T05:03:28Z,82.0,Charge 4
2022-12-16T05:03:43Z,82.0,Charge 4
2022-12-16T05:03:58Z,81.0,Charge 4
2022-12-16T05:04:03Z,80.0,Charge 4
2022-12-16T05:04:18Z,80.0,Charge 4
2022-12-16T05:04:33Z,81.0,Charge 4
2022-12-16T05:04:38Z,82.0,Charge 4
2022-12-16T05:04:48Z,81.0,Charge 4
2022-12-16T05:04:58Z,80.0,Charge 4
2022-12-16T05:05:03Z,79.0,Charge 4
2022-12-16T05:05:18Z,78.0,Charge 4
2022-12-16T05:05:23Z,79.0,Charge 4
2022-12-16T05:05:28Z,80.0,Charge 4
2022-12-16T05:05:33Z,80.0,Charge 4
2022-12-16T05:05:43Z,81.0,Charge 4
2022-12-16T05:05:53Z,79.0,Charge 4
2022-12-16T05:06:08Z,79.0,Charge 4
2022-12-16T05:06:13Z,79.0,Charge 4
2022-12-16T05:06:18Z,79.0,Charge 4
2022-12-16T05:06:28Z,80.0,Charge 4
2022-12-16T05:06:33Z,81.0,Charge 4
2022-12-16T05:06:38Z,82.0,Charge 4
2022-12-16T05:06:53Z,82.0,Charge 4
2022-12-16T05:06:58Z,77.0,Charge 4
2022-12-16T05:07:03Z,75.0,Charge 4
2022-12-16T05:07:08Z,73.0,Charge 4
2022-12-16T05:07:18Z,74.0,Charge 4
2022-12-16T05:07:23Z,75.0,Charge 4
2022-12-16T05:07:28Z,75.0,Charge 4
2022-12-16T05:07:33Z,76.0,Charge 4
2022-12-16T05:07:38Z,80.0,Charge 4
2022-12-16T05:07:43Z,79.0,Charge 4
2022-12-16T05:07:58Z,78.0,Charge 4
2022-12-16T05:08:03Z,77.0,Charge 4
2022-12-16T05:08:08Z,78.0,Charge 4
2022-12-16T05:08:18Z,79.0,Charge 4
2022-12-16T05:08:23Z,80.0,Charge 4
2022-12-16T05:08:28Z,81.0,Charge 4
2022-12-16T05:08:33Z,80.0,Charge 4
2022-12-16T05:08:38Z,79.0,Charge 4
2022-12-16T05:08:43Z,76.0,Charge 4
2022-12-16T05:08:53Z,75.0,Charge 4
2022-12-16T05:08:58Z,74.0,Charge 4
2022-12-16T05:09:08Z,72.0,Charge 4
2022-12-16T05:09:13Z,70.0,Charge 4
2022-12-16T05:09:18Z,70.0,Charge 4
2022-12-16T05:09:23Z,72.0,Charge 4
2022-12-16T05:09:28Z,73.0,Charge 4
2022-12-16T05:09:33Z,76.0,Charge 4
2022-12-16T05:09:38Z,77.0,Charge 4
2022-12-16T05:09:43Z,77.0,Charge 4
2022-12-16T05:09:48Z,76.0,Charge 4
2022-12-16T05:09:53Z,75.0,Charge 4
2022-12-16T05:09:58Z,74.0,Charge 4
2022-12-16T05:10:03Z,75.0,Charge 4
2022-12-16T05:10:18Z,75.0,Charge 4
2022-12-16T05:10:28Z,75.0,Charge 4
2022-12-16T05:10:43Z,75.0,Charge 4
2022-12-16T05:10:53Z,75.0,Charge 4
2022-12-16T05:11:08Z,75.0,Charge 4
2022-12-16T05:11:23Z,75.0,Charge 4
2022-12-16T05:11:38Z,75.0,Charge 4
2022-12-16T05:12:49Z,76.0,Charge 4
2022-12-16T05:12:59Z,75.0,Charge 4
2022-12-16T05:13:14Z,74.0,Charge 4
2022-12-16T05:13:24Z,76.0,Charge 4
2022-12-16T05:13:34Z,77.0,Charge 4
2022-12-16T05:13:44Z,76.0,Charge 4
2022-12-16T05:13:49Z,74.0,Charge 4
2022-12-16T05:14:04Z,74.0,Charge 4
2022-12-16T05:14:14Z,75.0,Charge 4
2022-12-16T05:14:24Z,77.0,Charge 4
2022-12-16T05:14:29Z,78.0,Charge 4
2022-12-16T05:14:44Z,79.0,Charge 4
2022-12-16T05:14:49Z,78.0,Charge 4
2022-12-16T05:15:04Z,77.0,Charge 4
2022-12-16T05:15:09Z,75.0,Charge 4
2022-12-16T05:15:19Z,76.0,Charge 4
2022-12-16T05:15:34Z,76.0,Charge 4
2022-12-16T05:15:39Z,77.0,Charge 4
2022-12-16T05:15:44Z,78.0,Charge 4
2022-12-16T05:15:49Z,76.0,Charge 4
2022-12-16T05:15:54Z,75.0,Charge 4
2022-12-16T05:15:59Z,76.0,Charge 4
2022-12-16T05:16:09Z,75.0,Charge 4
2022-12-16T05:16:24Z,74.0,Charge 4
2022-12-16T05:16:34Z,75.0,Charge 4
2022-12-16T05:16:39Z,76.0,Charge 4
2022-12-16T05:16:44Z,77.0,Charge 4
2022-12-16T05:16:50Z,77.0,Charge 4
2022-12-16T05:17:00Z,78.0,Charge 4
2022-12-16T05:17:05Z,79.0,Charge 4
2022-12-16T05:17:20Z,79.0,Charge 4
2022-12-16T05:17:30Z,80.0,Charge 4
2022-12-16T05:17:45Z,79.0,Charge 4
2022-12-16T05:17:50Z,78.0,Charge 4
2022-12-16T05:17:55Z,79.0,Charge 4
2022-12-16T05:18:10Z,86.0,Charge 4
2022-12-16T05:18:15Z,96.0,Charge 4
2022-12-16T05:18:20Z,92.0,Charge 4
2022-12-16T05:18:25Z,87.0,Charge 4
2022-12-16T05:18:30Z,84.0,Charge 4
2022-12-16T05:18:35Z,80.0,Charge 4
2022-12-16T05:18:40Z,78.0,Charge 4
2022-12-16T05:18:45Z,75.0,Charge 4
2022-12-16T05:18:50Z,74.0,Charge 4
2022-12-16T05:18:55Z,72.0,Charge 4
2022-12-16T05:19:00Z,71.0,Charge 4
2022-12-16T05:19:05Z,70.0,Charge 4
2022-12-16T05:19:10Z,70.0,Charge 4
2022-12-16T05:19:15Z,71.0,Charge 4
2022-12-16T05:19:25Z,73.0,Charge 4
2022-12-16T05:19:30Z,74.0,Charge 4
2022-12-16T05:19:35Z,74.0,Charge 4
2022-12-16T05:19:40Z,72.0,Charge 4
2022-12-16T05:19:45Z,71.0,Charge 4
2022-12-16T05:19:50Z,72.0,Charge 4
2022-12-16T05:19:55Z,71.0,Charge 4
2022-12-16T05:20:00Z,73.0,Charge 4
2022-12-16T05:20:05Z,74.0,Charge 4
2022-12-16T05:20:10Z,73.0,Charge 4
2022-12-16T05:20:15Z,72.0,Charge 4
2022-12-16T05:20:20Z,71.0,Charge 4
2022-12-16T05:20:25Z,72.0,Charge 4
2022-12-16T05:20:40Z,72.0,Charge 4
2022-12-16T05:20:55Z,71.0,Charge 4
2022-12-16T05:21:00Z,72.0,Charge 4
2022-12-16T05:21:05Z,73.0,Charge 4
2022-12-16T05:21:10Z,72.0,Charge 4
2022-12-16T05:21:15Z,73.0,Charge 4
2022-12-16T05:21:20Z,74.0,Charge 4
2022-12-16T05:21:30Z,76.0,Charge 4
2022-12-16T05:21:45Z,76.0,Charge 4
2022-12-16T05:21:50Z,76.0,Charge 4
2022-12-16T05:21:55Z,77.0,Charge 4
2022-12-16T05:22:10Z,76.0,Charge 4
2022-12-16T05:22:25Z,77.0,Charge 4
2022-12-16T05:22:40Z,77.0,Charge 4
2022-12-16T05:22:50Z,78.0,Charge 4
2022-12-16T05:22:55Z,91.0,Charge 4
2022-12-16T05:23:00Z,93.0,Charge 4
2022-12-16T05:23:08Z,93.0,Charge 4
2022-12-16T05:23:13Z,93.0,Charge 4
2022-12-16T05:23:18Z,90.0,Charge 4
2022-12-16T05:23:23Z,86.0,Charge 4
2022-12-16T05:23:28Z,84.0,Charge 4
2022-12-16T05:23:33Z,84.0,Charge 4
2022-12-16T05:23:38Z,82.0,Charge 4
2022-12-16T05:23:43Z,81.0,Charge 4
2022-12-16T05:23:48Z,80.0,Charge 4
2022-12-16T05:23:53Z,79.0,Charge 4
2022-12-16T05:23:58Z,77.0,Charge 4
2022-12-16T05:24:08Z,78.0,Charge 4
2022-12-16T05:24:13Z,79.0,Charge 4
2022-12-16T05:24:18Z,80.0,Charge 4
2022-12-16T05:24:33Z,81.0,Charge 4
2022-12-16T05:24:48Z,81.0,Charge 4
2022-12-16T05:24:53Z,80.0,Charge 4
2022-12-16T05:25:08Z,79.0,Charge 4
2022-12-16T05:25:23Z,79.0,Charge 4
2022-12-16T05:25:33Z,81.0,Charge 4
2022-12-16T05:25:38Z,83.0,Charge 4
2022-12-16T05:25:48Z,82.0,Charge 4
2022-12-16T05:25:53Z,81.0,Charge 4
2022-12-16T05:25:58Z,80.0,Charge 4
2022-12-16T05:26:08Z,79.0,Charge 4
2022-12-16T05:26:13Z,78.0,Charge 4
2022-12-16T05:26:23Z,77.0,Charge 4
2022-12-16T05:26:28Z,77.0,Charge 4
2022-12-16T05:26:43Z,77.0,Charge 4
2022-12-16T05:26:48Z,80.0,Charge 4
2022-12-16T05:26:53Z,86.0,Charge 4
2022-12-16T05:26:58Z,88.0,Charge 4
2022-12-16T05:27:08Z,89.0,Charge 4
2022-12-16T05:27:13Z,90.0,Charge 4
2022-12-16T05:27:23Z,89.0,Charge 4
2022-12-16T05:27:33Z,88.0,Charge 4
2022-12-16T05:27:38Z,87.0,Charge 4
2022-12-16T05:27:43Z,88.0,Charge 4
2022-12-16T05:27:48Z,86.0,Charge 4
2022-12-16T05:27:53Z,82.0,Charge 4
2022-12-16T05:28:08Z,82.0,Charge 4
2022-12-16T05:28:18Z,80.0,Charge 4
2022-12-16T05:28:23Z,78.0,Charge 4
2022-12-16T05:28:38Z,78.0,Charge 4
2022-12-16T05:28:43Z,75.0,Charge 4
2022-12-16T05:28:48Z,74.0,Charge 4
2022-12-16T05:28:58Z,73.0,Charge 4
2022-12-16T05:29:03Z,72.0,Charge 4
2022-12-16T05:29:08Z,71.0,Charge 4
2022-12-16T05:29:23Z,71.0,Charge 4
2022-12-16T05:29:28Z,72.0,Charge 4
2022-12-16T05:29:38Z,71.0,Charge 4
2022-12-16T05:29:53Z,71.0,Charge 4
2022-12-16T05:29:54Z,71.0,Charge 4
2022-12-16T05:30:09Z,70.0,Charge 4
2022-12-16T05:30:24Z,71.0,Charge 4
2022-12-16T05:30:34Z,70.0,Charge 4
2022-12-16T05:30:39Z,71.0,Charge 4
2022-12-16T05:30:54Z,72.0,Charge 4
2022-12-16T05:31:04Z,73.0,Charge 4
2022-12-16T05:31:09Z,74.0,Charge 4
2022-12-16T05:31:19Z,75.0,Charge 4
2022-12-16T05:31:29Z,74.0,Charge 4
2022-12-16T05:31:39Z,75.0,Charge 4
2022-12-16T05:31:54Z,76.0,Charge 4
2022-12-16T05:31:59Z,75.0,Charge 4
2022-12-16T05:32:04Z,74.0,Charge 4
2022-12-16T05:32:19Z,75.0,Charge 4
2022-12-16T05:32:24Z,76.0,Charge 4
2022-12-16T05:32:29Z,77.0,Charge 4
2022-12-16T05:32:39Z,76.0,Charge 4
2022-12-16T05:32:49Z,75.0,Charge 4
2022-12-16T05:32:54Z,74.0,Charge 4
2022-12-16T05:33:09Z,75.0,Charge 4
2022-12-16T05:33:19Z,76.0,Charge 4
2022-12-16T05:33:24Z,75.0,Charge 4
2022-12-16T05:33:39Z,74.0,Charge 4
2022-12-16T05:33:54Z,73.0,Charge 4
2022-12-16T05:34:09Z,73.0,Charge 4
2022-12-16T05:34:14Z,74.0,Charge 4
2022-12-16T05:34:19Z,75.0,Charge 4
2022-12-16T05:34:24Z,76.0,Charge 4
2022-12-16T05:34:29Z,77.0,Charge 4
2022-12-16T05:34:44Z,77.0,Charge 4
2022-12-16T05:34:49Z,76.0,Charge 4
2022-12-16T05:34:54Z,75.0,Charge 4
2022-12-16T05:35:09Z,75.0,Charge 4
2022-12-16T05:35:19Z,75.0,Charge 4
2022-12-16T05:35:24Z,76.0,Charge 4
2022-12-16T05:35:29Z,77.0,Charge 4
2022-12-16T05:35:34Z,81.0,Charge 4
2022-12-16T05:35:44Z,79.0,Charge 4
2022-12-16T05:35:49Z,78.0,Charge 4
2022-12-16T05:36:04Z,78.0,Charge 4
2022-12-16T05:36:14Z,77.0,Charge 4
2022-12-16T05:36:19Z,76.0,Charge 4
2022-12-16T05:36:24Z,75.0,Charge 4
2022-12-16T05:36:29Z,74.0,Charge 4
2022-12-16T05:36:44Z,74.0,Charge 4
2022-12-16T05:36:49Z,75.0,Charge 4
2022-12-16T05:36:59Z,78.0,Charge 4
2022-12-16T05:37:04Z,79.0,Charge 4
2022-12-16T05:37:19Z,79.0,Charge 4
2022-12-16T05:37:24Z,90.0,Charge 4
2022-12-16T05:37:30Z,93.0,Charge 4
2022-12-16T05:37:35Z,90.0,Charge 4
2022-12-16T05:37:40Z,85.0,Charge 4
2022-12-16T05:37:45Z,82.0,Charge 4
2022-12-16T05:37:50Z,82.0,Charge 4
2022-12-16T05:38:05Z,83.0,Charge 4
2022-12-16T05:38:10Z,85.0,Charge 4
2022-12-16T05:38:25Z,85.0,Charge 4
2022-12-16T05:38:35Z,87.0,Charge 4
2022-12-16T05:38:40Z,85.0,Charge 4
2022-12-16T05:38:45Z,84.0,Charge 4
2022-12-16T05:38:50Z,83.0,Charge 4
2022-12-16T05:39:05Z,83.0,Charge 4
2022-12-16T05:39:10Z,81.0,Charge 4
2022-12-16T05:39:15Z,79.0,Charge 4
2022-12-16T05:39:20Z,78.0,Charge 4
2022-12-16T05:39:35Z,78.0,Charge 4
2022-12-16T05:39:45Z,77.0,Charge 4
2022-12-16T05:40:00Z,77.0,Charge 4
2022-12-16T05:40:05Z,78.0,Charge 4
2022-12-16T05:40:10Z,77.0,Charge 4
2022-12-16T05:40:25Z,77.0,Charge 4
2022-12-16T05:40:35Z,75.0,Charge 4
2022-12-16T05:40:41Z,75.0,Charge 4
2022-12-16T05:40:51Z,74.0,Charge 4
2022-12-16T05:40:56Z,73.0,Charge 4
2022-12-16T05:41:01Z,72.0,Charge 4
2022-12-16T05:41:11Z,71.0,Charge 4
2022-12-16T05:41:21Z,69.0,Charge 4
2022-12-16T05:41:26Z,70.0,Charge 4
2022-12-16T05:41:31Z,71.0,Charge 4
2022-12-16T05:41:36Z,70.0,Charge 4
2022-12-16T05:41:41Z,71.0,Charge 4
2022-12-16T05:41:46Z,70.0,Charge 4
2022-12-16T05:41:56Z,71.0,Charge 4
2022-12-16T05:42:06Z,72.0,Charge 4
2022-12-16T05:42:16Z,73.0,Charge 4
2022-12-16T05:42:26Z,75.0,Charge 4
2022-12-16T05:42:31Z,76.0,Charge 4
2022-12-16T05:42:41Z,77.0,Charge 4
2022-12-16T05:42:56Z,75.0,Charge 4
2022-12-16T05:43:06Z,76.0,Charge 4
2022-12-16T05:43:11Z,77.0,Charge 4
2022-12-16T05:43:16Z,76.0,Charge 4
2022-12-16T05:43:21Z,74.0,Charge 4
2022-12-16T05:43:36Z,74.0,Charge 4
2022-12-16T05:43:46Z,73.0,Charge 4
2022-12-16T05:43:51Z,74.0,Charge 4
2022-12-16T05:44:01Z,75.0,Charge 4
2022-12-16T05:44:06Z,74.0,Charge 4
2022-12-16T05:44:11Z,74.0,Charge 4
2022-12-16T05:44:21Z,73.0,Charge 4
2022-12-16T05:44:36Z,73.0,Charge 4
2022-12-16T05:44:51Z,73.0,Charge 4
2022-12-16T05:45:06Z,74.0,Charge 4
2022-12-16T05:45:16Z,74.0,Charge 4
2022-12-16T05:45:21Z,73.0,Charge 4
2022-12-16T05:45:31Z,74.0,Charge 4
2022-12-16T05:45:41Z,73.0,Charge 4
2022-12-16T05:45:56Z,73.0,Charge 4
2022-12-16T05:46:06Z,72.0,Charge 4
2022-12-16T05:46:21Z,72.0,Charge 4
2022-12-16T05:46:26Z,72.0,Charge 4
2022-12-16T05:46:41Z,72.0,Charge 4
2022-12-16T05:46:46Z,73.0,Charge 4
2022-12-16T05:47:01Z,73.0,Charge 4
2022-12-16T05:47:06Z,74.0,Charge 4
2022-12-16T05:47:11Z,75.0,Charge 4
2022-12-16T05:47:26Z,75.0,Charge 4
2022-12-16T05:47:31Z,76.0,Charge 4
2022-12-16T05:47:46Z,76.0,Charge 4
2022-12-16T05:47:51Z,75.0,Charge 4
2022-12-16T05:47:56Z,74.0,Charge 4
2022-12-16T05:48:01Z,73.0,Charge 4
2022-12-16T05:48:07Z,73.0,Charge 4
2022-12-16T05:48:22Z,73.0,Charge 4
2022-12-16T05:48:27Z,74.0,Charge 4
2022-12-16T05:48:42Z,74.0,Charge 4
2022-12-16T05:48:57Z,73.0,Charge 4
2022-12-16T05:49:12Z,73.0,Charge 4
2022-12-16T05:49:17Z,74.0,Charge 4
2022-12-16T05:49:22Z,75.0,Charge 4
2022-12-16T05:49:27Z,74.0,Charge 4
2022-12-16T05:49:42Z,74.0,Charge 4
2022-12-16T05:49:47Z,73.0,Charge 4
2022-12-16T05:49:57Z,74.0,Charge 4
2022-12-16T05:50:07Z,73.0,Charge 4
2022-12-16T05:50:12Z,74.0,Charge 4
2022-12-16T05:50:17Z,75.0,Charge 4
2022-12-16T05:50:32Z,76.0,Charge 4
2022-12-16T05:50:37Z,75.0,Charge 4
2022-12-16T05:50:42Z,74.0,Charge 4
2022-12-16T05:50:47Z,73.0,Charge 4
2022-12-16T05:51:02Z,73.0,Charge 4
2022-12-16T05:51:12Z,74.0,Charge 4
2022-12-16T05:51:17Z,75.0,Charge 4
2022-12-16T05:51:22Z,76.0,Charge 4
2022-12-16T05:51:27Z,75.0,Charge 4
2022-12-16T05:51:32Z,74.0,Charge 4
2022-12-16T05:51:47Z,74.0,Charge 4
2022-12-16T05:51:52Z,75.0,Charge 4
2022-12-16T05:51:58Z,75.0,Charge 4
2022-12-16T05:52:03Z,76.0,Charge 4
2022-12-16T05:52:13Z,73.0,Charge 4
2022-12-16T05:52:18Z,74.0,Charge 4
2022-12-16T05:52:23Z,73.0,Charge 4
2022-12-16T05:52:28Z,72.0,Charge 4
2022-12-16T05:52:33Z,73.0,Charge 4
2022-12-16T05:52:38Z,71.0,Charge 4
2022-12-16T05:52:43Z,72.0,Charge 4
2022-12-16T05:52:48Z,73.0,Charge 4
2022-12-16T05:52:53Z,74.0,Charge 4
2022-12-16T05:52:58Z,75.0,Charge 4
2022-12-16T05:53:08Z,73.0,Charge 4
2022-12-16T05:53:13Z,72.0,Charge 4
2022-12-16T05:53:28Z,72.0,Charge 4
2022-12-16T05:53:43Z,71.0,Charge 4
2022-12-16T05:53:48Z,72.0,Charge 4
2022-12-16T05:53:53Z,71.0,Charge 4
2022-12-16T05:54:03Z,73.0,Charge 4
2022-12-16T05:54:08Z,72.0,Charge 4
2022-12-16T05:54:23Z,72.0,Charge 4
2022-12-16T05:54:28Z,72.0,Charge 4
2022-12-16T05:54:33Z,71.0,Charge 4
2022-12-16T05:54:38Z,73.0,Charge 4
2022-12-16T05:54:53Z,73.0,Charge 4
2022-12-16T05:54:54Z,72.0,Charge 4
2022-12-16T05:54:59Z,71.0,Charge 4
2022-12-16T05:55:09Z,70.0,Charge 4
2022-12-16T05:55:19Z,71.0,Charge 4
2022-12-16T05:55:34Z,73.0,Charge 4
2022-12-16T05:55:49Z,74.0,Charge 4
2022-12-16T05:55:59Z,72.0,Charge 4
2022-12-16T05:56:04Z,70.0,Charge 4
2022-12-16T05:56:09Z,68.0,Charge 4
2022-12-16T05:56:14Z,69.0,Charge 4
2022-12-16T05:56:19Z,71.0,Charge 4
2022-12-16T05:56:24Z,72.0,Charge 4
2022-12-16T05:56:29Z,73.0,Charge 4
2022-12-16T05:56:34Z,72.0,Charge 4
2022-12-16T05:56:44Z,73.0,Charge 4
2022-12-16T05:56:49Z,74.0,Charge 4
2022-12-16T05:57:04Z,74.0,Charge 4
2022-12-16T05:57:14Z,74.0,Charge 4
2022-12-16T05:57:19Z,73.0,Charge 4
2022-12-16T05:57:24Z,71.0,Charge 4
2022-12-16T05:57:39Z,71.0,Charge 4
2022-12-16T05:57:54Z,72.0,Charge 4
2022-12-16T05:58:04Z,74.0,Charge 4
2022-12-16T05:58:09Z,73.0,Charge 4
2022-12-16T05:58:15Z,73.0,Charge 4
2022-12-16T05:58:20Z,74.0,Charge 4
2022-12-16T05:58:25Z,73.0,Charge 4
2022-12-16T05:58:35Z,72.0,Charge 4
2022-12-16T05:58:40Z,71.0,Charge 4
2022-12-16T05:58:45Z,70.0,Charge 4
2022-12-16T05:58:55Z,72.0,Charge 4
2022-12-16T05:59:10Z,71.0,Charge 4
2022-12-16T05:59:20Z,73.0,Charge 4
2022-12-16T05:59:30Z,74.0,Charge 4
2022-12-16T05:59:45Z,76.0,Charge 4
2022-12-16T05:59:50Z,75.0,Charge 4
2022-12-16T05:59:55Z,73.0,Charge 4
2022-12-16T06:00:00Z,72.0,Charge 4
2022-12-16T06:00:05Z,71.0,Charge 4
2022-12-16T06:00:10Z,70.0,Charge 4
2022-12-16T06:00:15Z,69.0,Charge 4
2022-12-16T06:00:20Z,68.0,Charge 4
2022-12-16T06:00:25Z,69.0,Charge 4
2022-12-16T06:00:30Z,71.0,Charge 4
2022-12-16T06:00:35Z,72.0,Charge 4
2022-12-16T06:00:45Z,71.0,Charge 4
2022-12-16T06:00:55Z,70.0,Charge 4
2022-12-16T06:01:00Z,69.0,Charge 4
2022-12-16T06:01:05Z,70.0,Charge 4
2022-12-16T06:01:10Z,71.0,Charge 4
2022-12-16T06:01:15Z,72.0,Charge 4
2022-12-16T06:01:20Z,73.0,Charge 4
2022-12-16T06:01:30Z,75.0,Charge 4
2022-12-16T06:01:35Z,76.0,Charge 4
2022-12-16T06:01:40Z,75.0,Charge 4
2022-12-16T06:01:45Z,74.0,Charge 4
2022-12-16T06:01:50Z,73.0,Charge 4
2022-12-16T06:01:55Z,72.0,Charge 4
2022-12-16T06:02:00Z,73.0,Charge 4
2022-12-16T06:02:05Z,74.0,Charge 4
2022-12-16T06:02:20Z,74.0,Charge 4
2022-12-16T06:02:30Z,75.0,Charge 4
2022-12-16T06:02:45Z,74.0,Charge 4
2022-12-16T06:02:50Z,75.0,Charge 4
2022-12-16T06:02:55Z,77.0,Charge 4
2022-12-16T06:03:00Z,76.0,Charge 4
2022-12-16T06:03:05Z,75.0,Charge 4
2022-12-16T06:03:10Z,74.0,Charge 4
2022-12-16T06:03:15Z,73.0,Charge 4
2022-12-16T06:03:20Z,72.0,Charge 4
2022-12-16T06:03:30Z,73.0,Charge 4
2022-12-16T06:03:40Z,74.0,Charge 4
2022-12-16T06:03:45Z,73.0,Charge 4
2022-12-16T06:03:55Z,72.0,Charge 4
2022-12-16T06:04:10Z,72.0,Charge 4
2022-12-16T06:04:25Z,74.0,Charge 4
2022-12-16T06:04:40Z,74.0,Charge 4
2022-12-16T06:04:41Z,74.0,Charge 4
2022-12-16T06:04:51Z,73.0,Charge 4
2022-12-16T06:04:56Z,74.0,Charge 4
2022-12-16T06:05:01Z,73.0,Charge 4
2022-12-16T06:05:06Z,70.0,Charge 4
2022-12-16T06:05:11Z,71.0,Charge 4
2022-12-16T06:05:16Z,72.0,Charge 4
2022-12-16T06:05:26Z,73.0,Charge 4
2022-12-16T06:05:31Z,74.0,Charge 4
2022-12-16T06:05:36Z,73.0,Charge 4
2022-12-16T06:05:46Z,72.0,Charge 4
2022-12-16T06:06:01Z,72.0,Charge 4
2022-12-16T06:06:06Z,73.0,Charge 4
2022-12-16T06:06:21Z,73.0,Charge 4
2022-12-16T06:06:26Z,75.0,Charge 4
2022-12-16T06:06:31Z,77.0,Charge 4
2022-12-16T06:06:41Z,78.0,Charge 4
2022-12-16T06:06:46Z,76.0,Charge 4
2022-12-16T06:06:51Z,75.0,Charge 4
2022-12-16T06:06:56Z,73.0,Charge 4
2022-12-16T06:07:06Z,72.0,Charge 4
2022-12-16T06:07:11Z,71.0,Charge 4
2022-12-16T06:07:16Z,72.0,Charge 4
2022-12-16T06:07:21Z,74.0,Charge 4
2022-12-16T06:07:26Z,73.0,Charge 4
2022-12-16T06:07:31Z,73.0,Charge 4
2022-12-16T06:07:36Z,72.0,Charge 4
2022-12-16T06:07:41Z,72.0,Charge 4
2022-12-16T06:07:51Z,71.0,Charge 4
2022-12-16T06:07:56Z,72.0,Charge 4
2022-12-16T06:08:11Z,73.0,Charge 4
2022-12-16T06:08:16Z,74.0,Charge 4
2022-12-16T06:08:21Z,75.0,Charge 4
2022-12-16T06:08:26Z,74.0,Charge 4
2022-12-16T06:08:41Z,73.0,Charge 4
2022-12-16T06:08:46Z,72.0,Charge 4
2022-12-16T06:09:01Z,72.0,Charge 4
2022-12-16T06:09:06Z,73.0,Charge 4
2022-12-16T06:09:11Z,74.0,Charge 4
2022-12-16T06:09:16Z,77.0,Charge 4
2022-12-16T06:09:21Z,79.0,Charge 4
2022-12-16T06:09:26Z,77.0,Charge 4
2022-12-16T06:09:31Z,75.0,Charge 4
2022-12-16T06:09:41Z,74.0,Charge 4
2022-12-16T06:09:51Z,75.0,Charge 4
2022-12-16T06:09:56Z,76.0,Charge 4
2022-12-16T06:10:11Z,76.0,Charge 4
2022-12-16T06:10:16Z,74.0,Charge 4
2022-12-16T06:10:21Z,72.0,Charge 4
2022-12-16T06:10:36Z,72.0,Charge 4
2022-12-16T06:10:41Z,74.0,Charge 4
2022-12-16T06:10:47Z,74.0,Charge 4
2022-12-16T06:10:52Z,73.0,Charge 4
2022-12-16T06:10:57Z,71.0,Charge 4
2022-12-16T06:11:02Z,70.0,Charge 4
2022-12-16T06:11:12Z,71.0,Charge 4
2022-12-16T06:11:22Z,73.0,Charge 4
2022-12-16T06:11:27Z,74.0,Charge 4
2022-12-16T06:11:32Z,76.0,Charge 4
2022-12-16T06:11:42Z,74.0,Charge 4
2022-12-16T06:11:47Z,73.0,Charge 4
2022-12-16T06:11:52Z,72.0,Charge 4
2022-12-16T06:12:07Z,73.0,Charge 4
2022-12-16T06:12:12Z,75.0,Charge 4
2022-12-16T06:12:17Z,74.0,Charge 4
2022-12-16T06:12:22Z,73.0,Charge 4
2022-12-16T06:12:32Z,74.0,Charge 4
2022-12-16T06:12:37Z,73.0,Charge 4
2022-12-16T06:12:47Z,74.0,Charge 4
2022-12-16T06:13:02Z,73.0,Charge 4
2022-12-16T06:13:12Z,74.0,Charge 4
2022-12-16T06:13:17Z,75.0,Charge 4
2022-12-16T06:13:22Z,76.0,Charge 4
2022-12-16T06:13:27Z,77.0,Charge 4
2022-12-16T06:13:42Z,77.0,Charge 4
2022-12-16T06:13:52Z,76.0,Charge 4
2022-12-16T06:13:57Z,75.0,Charge 4
2022-12-16T06:14:12Z,76.0,Charge 4
2022-12-16T06:14:17Z,76.0,Charge 4
2022-12-16T06:14:22Z,75.0,Charge 4
2022-12-16T06:14:32Z,74.0,Charge 4
2022-12-16T06:14:42Z,73.0,Charge 4
2022-12-16T06:14:47Z,72.0,Charge 4
2022-12-16T06:14:52Z,71.0,Charge 4
2022-12-16T06:14:57Z,69.0,Charge 4
2022-12-16T06:15:02Z,70.0,Charge 4
2022-12-16T06:15:07Z,71.0,Charge 4
2022-12-16T06:15:12Z,72.0,Charge 4
2022-12-16T06:15:17Z,74.0,Charge 4
2022-12-16T06:15:22Z,75.0,Charge 4
2022-12-16T06:15:32Z,73.0,Charge 4
2022-12-16T06:15:37Z,72.0,Charge 4
2022-12-16T06:15:42Z,71.0,Charge 4
2022-12-16T06:15:52Z,73.0,Charge 4
2022-12-16T06:15:57Z,76.0,Charge 4
2022-12-16T06:16:12Z,76.0,Charge 4
2022-12-16T06:16:17Z,74.0,Charge 4
2022-12-16T06:16:32Z,74.0,Charge 4
2022-12-16T06:16:47Z,75.0,Charge 4
2022-12-16T06:16:52Z,77.0,Charge 4
2022-12-16T06:17:02Z,78.0,Charge 4
2022-12-16T06:17:07Z,80.0,Charge 4
2022-12-16T06:17:13Z,88.0,Charge 4
2022-12-16T06:17:18Z,89.0,Charge 4
2022-12-16T06:17:23Z,84.0,Charge 4
2022-12-16T06:17:28Z,82.0,Charge 4
2022-12-16T06:17:33Z,78.0,Charge 4
2022-12-16T06:17:38Z,74.0,Charge 4
2022-12-16T06:17:43Z,72.0,Charge 4
2022-12-16T06:17:48Z,70.0,Charge 4
2022-12-16T06:17:53Z,69.0,Charge 4
2022-12-16T06:17:58Z,68.0,Charge 4
2022-12-16T06:18:03Z,66.0,Charge 4
2022-12-16T06:18:13Z,67.0,Charge 4
2022-12-16T06:18:23Z,68.0,Charge 4
2022-12-16T06:18:33Z,69.0,Charge 4
2022-12-16T06:18:38Z,71.0,Charge 4
2022-12-16T06:18:48Z,72.0,Charge 4
2022-12-16T06:18:53Z,73.0,Charge 4
2022-12-16T06:19:08Z,73.0,Charge 4
2022-12-16T06:19:13Z,74.0,Charge 4
2022-12-16T06:19:18Z,76.0,Charge 4
2022-12-16T06:19:23Z,74.0,Charge 4
2022-12-16T06:19:28Z,73.0,Charge 4
2022-12-16T06:19:33Z,72.0,Charge 4
2022-12-16T06:19:48Z,72.0,Charge 4
2022-12-16T06:19:58Z,73.0,Charge 4
2022-12-16T06:20:03Z,72.0,Charge 4
2022-12-16T06:20:13Z,73.0,Charge 4
2022-12-16T06:20:18Z,74.0,Charge 4
2022-12-16T06:20:28Z,73.0,Charge 4
2022-12-16T06:20:33Z,71.0,Charge 4
2022-12-16T06:20:38Z,69.0,Charge 4
2022-12-16T06:20:48Z,70.0,Charge 4
2022-12-16T06:20:53Z,71.0,Charge 4
2022-12-16T06:20:58Z,72.0,Charge 4
2022-12-16T06:21:03Z,73.0,Charge 4
2022-12-16T06:21:08Z,74.0,Charge 4
2022-12-16T06:21:13Z,73.0,Charge 4
2022-12-16T06:21:18Z,72.0,Charge 4
2022-12-16T06:21:28Z,73.0,Charge 4
2022-12-16T06:21:33Z,74.0,Charge 4
2022-12-16T06:21:43Z,73.0,Charge 4
2022-12-16T06:21:53Z,72.0,Charge 4
2022-12-16T06:21:58Z,71.0,Charge 4
2022-12-16T06:22:08Z,70.0,Charge 4
2022-12-16T06:22:23Z,70.0,Charge 4
2022-12-16T06:22:28Z,72.0,Charge 4
2022-12-16T06:22:33Z,73.0,Charge 4
2022-12-16T06:22:38Z,72.0,Charge 4
2022-12-16T06:22:48Z,73.0,Charge 4
2022-12-16T06:22:58Z,72.0,Charge 4
2022-12-16T06:23:03Z,71.0,Charge 4
2022-12-16T06:23:13Z,72.0,Charge 4
2022-12-16T06:23:23Z,71.0,Charge 4
2022-12-16T06:23:32Z,71.0,Charge 4
2022-12-16T06:23:47Z,71.0,Charge 4
2022-12-16T06:23:57Z,72.0,Charge 4
2022-12-16T06:24:02Z,71.0,Charge 4
2022-12-16T06:24:07Z,72.0,Charge 4
2022-12-16T06:24:17Z,70.0,Charge 4
2022-12-16T06:24:27Z,72.0,Charge 4
2022-12-16T06:24:32Z,74.0,Charge 4
2022-12-16T06:24:37Z,75.0,Charge 4
2022-12-16T06:24:42Z,77.0,Charge 4
2022-12-16T06:24:47Z,78.0,Charge 4
2022-12-16T06:24:57Z,82.0,Charge 4
2022-12-16T06:25:02Z,83.0,Charge 4
2022-12-16T06:25:07Z,78.0,Charge 4
2022-12-16T06:25:12Z,72.0,Charge 4
2022-12-16T06:25:17Z,70.0,Charge 4
2022-12-16T06:25:32Z,70.0,Charge 4
2022-12-16T06:25:42Z,71.0,Charge 4
2022-12-16T06:25:47Z,72.0,Charge 4
2022-12-16T06:25:52Z,73.0,Charge 4
2022-12-16T06:26:07Z,73.0,Charge 4
2022-12-16T06:26:12Z,73.0,Charge 4
2022-12-16T06:26:17Z,76.0,Charge 4
2022-12-16T06:26:22Z,73.0,Charge 4
2022-12-16T06:26:27Z,69.0,Charge 4
2022-12-16T06:26:32Z,70.0,Charge 4
2022-12-16T06:26:37Z,72.0,Charge 4
2022-12-16T06:26:43Z,73.0,Charge 4
2022-12-16T06:26:48Z,74.0,Charge 4
2022-12-16T06:26:53Z,73.0,Charge 4
2022-12-16T06:27:03Z,75.0,Charge 4
2022-12-16T06:27:13Z,74.0,Charge 4
2022-12-16T06:27:23Z,75.0,Charge 4
2022-12-16T06:27:28Z,74.0,Charge 4
2022-12-16T06:27:33Z,75.0,Charge 4
2022-12-16T06:27:38Z,77.0,Charge 4
2022-12-16T06:27:48Z,75.0,Charge 4
2022-12-16T06:27:53Z,76.0,Charge 4
2022-12-16T06:28:03Z,75.0,Charge 4
2022-12-16T06:28:08Z,76.0,Charge 4
2022-12-16T06:28:13Z,75.0,Charge 4
2022-12-16T06:28:18Z,73.0,Charge 4
2022-12-16T06:28:23Z,72.0,Charge 4
2022-12-16T06:28:28Z,71.0,Charge 4
2022-12-16T06:28:33Z,70.0,Charge 4
2022-12-16T06:28:43Z,72.0,Charge 4
2022-12-16T06:28:48Z,74.0,Charge 4
2022-12-16T06:28:58Z,76.0,Charge 4
2022-12-16T06:29:03Z,78.0,Charge 4
2022-12-16T06:29:08Z,77.0,Charge 4
2022-12-16T06:29:13Z,76.0,Charge 4
2022-12-16T06:29:18Z,75.0,Charge 4
2022-12-16T06:29:23Z,74.0,Charge 4
2022-12-16T06:29:28Z,72.0,Charge 4
2022-12-16T06:29:33Z,72.0,Charge 4
2022-12-16T06:29:38Z,74.0,Charge 4
2022-12-16T06:29:43Z,77.0,Charge 4
2022-12-16T06:29:48Z,79.0,Charge 4
2022-12-16T06:29:53Z,77.0,Charge 4
2022-12-16T06:29:58Z,76.0,Charge 4
2022-12-16T06:30:03Z,75.0,Charge 4
2022-12-16T06:30:08Z,74.0,Charge 4
2022-12-16T06:30:13Z,73.0,Charge 4
2022-12-16T06:30:23Z,71.0,Charge 4
2022-12-16T06:30:28Z,69.0,Charge 4
2022-12-16T06:30:38Z,68.0,Charge 4
2022-12-16T06:30:43Z,67.0,Charge 4
2022-12-16T06:30:48Z,66.0,Charge 4
2022-12-16T06:30:58Z,64.0,Charge 4
2022-12-16T06:31:13Z,65.0,Charge 4
2022-12-16T06:31:18Z,67.0,Charge 4
2022-12-16T06:31:23Z,70.0,Charge 4
2022-12-16T06:31:28Z,73.0,Charge 4
2022-12-16T06:31:33Z,76.0,Charge 4
2022-12-16T06:31:38Z,75.0,Charge 4
2022-12-16T06:31:43Z,73.0,Charge 4
2022-12-16T06:31:48Z,74.0,Charge 4
2022-12-16T06:31:53Z,75.0,Charge 4
2022-12-16T06:31:58Z,76.0,Charge 4
2022-12-16T06:32:08Z,77.0,Charge 4
2022-12-16T06:32:13Z,78.0,Charge 4
2022-12-16T06:32:18Z,77.0,Charge 4
2022-12-16T06:32:28Z,78.0,Charge 4
2022-12-16T06:32:33Z,77.0,Charge 4
2022-12-16T06:32:38Z,75.0,Charge 4
2022-12-16T06:32:48Z,77.0,Charge 4
2022-12-16T06:32:53Z,76.0,Charge 4
2022-12-16T06:32:58Z,75.0,Charge 4
2022-12-16T06:33:03Z,73.0,Charge 4
2022-12-16T06:33:18Z,73.0,Charge 4
2022-12-16T06:33:23Z,74.0,Charge 4
2022-12-16T06:33:33Z,77.0,Charge 4
2022-12-16T06:33:38Z,81.0,Charge 4
2022-12-16T06:33:43Z,79.0,Charge 4
2022-12-16T06:33:48Z,76.0,Charge 4
2022-12-16T06:33:53Z,75.0,Charge 4
2022-12-16T06:33:58Z,73.0,Charge 4
2022-12-16T06:34:03Z,71.0,Charge 4
2022-12-16T06:34:08Z,70.0,Charge 4
2022-12-16T06:34:13Z,69.0,Charge 4
2022-12-16T06:34:28Z,69.0,Charge 4
2022-12-16T06:34:43Z,70.0,Charge 4
2022-12-16T06:34:53Z,71.0,Charge 4
2022-12-16T06:34:58Z,69.0,Charge 4
2022-12-16T06:35:03Z,67.0,Charge 4
2022-12-16T06:35:13Z,69.0,Charge 4
2022-12-16T06:35:18Z,71.0,Charge 4
2022-12-16T06:35:24Z,72.0,Charge 4
2022-12-16T06:35:39Z,72.0,Charge 4
2022-12-16T06:35:49Z,73.0,Charge 4
2022-12-16T06:36:04Z,73.0,Charge 4
2022-12-16T06:36:14Z,72.0,Charge 4
2022-12-16T06:36:29Z,71.0,Charge 4
2022-12-16T06:36:44Z,71.0,Charge 4
2022-12-16T06:36:49Z,72.0,Charge 4
2022-12-16T06:36:54Z,73.0,Charge 4
2022-12-16T06:37:04Z,72.0,Charge 4
2022-12-16T06:37:09Z,71.0,Charge 4
2022-12-16T06:37:14Z,71.0,Charge 4
2022-12-16T06:37:19Z,74.0,Charge 4
2022-12-16T06:37:24Z,73.0,Charge 4
2022-12-16T06:37:29Z,72.0,Charge 4
2022-12-16T06:37:34Z,73.0,Charge 4
2022-12-16T06:37:44Z,72.0,Charge 4
2022-12-16T06:37:49Z,71.0,Charge 4
2022-12-16T06:37:59Z,71.0,Charge 4
2022-12-16T06:38:04Z,74.0,Charge 4
2022-12-16T06:38:09Z,78.0,Charge 4
2022-12-16T06:38:14Z,76.0,Charge 4
2022-12-16T06:38:19Z,74.0,Charge 4
2022-12-16T06:38:29Z,73.0,Charge 4
2022-12-16T06:38:44Z,73.0,Charge 4
2022-12-16T06:38:49Z,70.0,Charge 4
2022-12-16T06:38:57Z,70.0,Charge 4
2022-12-16T06:39:02Z,71.0,Charge 4
2022-12-16T06:39:12Z,72.0,Charge 4
2022-12-16T06:39:17Z,73.0,Charge 4
2022-12-16T06:39:22Z,69.0,Charge 4
2022-12-16T06:39:37Z,68.0,Charge 4
2022-12-16T06:39:47Z,67.0,Charge 4
2022-12-16T06:39:52Z,66.0,Charge 4
2022-12-16T06:40:02Z,67.0,Charge 4
2022-12-16T06:40:12Z,69.0,Charge 4
2022-12-16T06:40:17Z,70.0,Charge 4
2022-12-16T06:40:22Z,72.0,Charge 4
2022-12-16T06:40:27Z,74.0,Charge 4
2022-12-16T06:40:32Z,72.0,Charge 4
2022-12-16T06:40:47Z,72.0,Charge 4
2022-12-16T06:40:52Z,70.0,Charge 4
2022-12-16T06:41:02Z,71.0,Charge 4
2022-12-16T06:41:07Z,70.0,Charge 4
2022-12-16T06:41:12Z,71.0,Charge 4
2022-12-16T06:41:22Z,72.0,Charge 4
2022-12-16T06:41:27Z,73.0,Charge 4
2022-12-16T06:41:37Z,74.0,Charge 4
2022-12-16T06:41:47Z,76.0,Charge 4
2022-12-16T06:41:52Z,78.0,Charge 4
2022-12-16T06:41:57Z,80.0,Charge 4
2022-12-16T06:42:02Z,81.0,Charge 4
2022-12-16T06:42:07Z,79.0,Charge 4
2022-12-16T06:42:12Z,78.0,Charge 4
2022-12-16T06:42:17Z,76.0,Charge 4
2022-12-16T06:42:22Z,74.0,Charge 4
2022-12-16T06:42:27Z,73.0,Charge 4
2022-12-16T06:42:32Z,74.0,Charge 4
2022-12-16T06:42:47Z,73.0,Charge 4
2022-12-16T06:42:52Z,71.0,Charge 4
2022-12-16T06:43:07Z,69.0,Charge 4
2022-12-16T06:43:17Z,68.0,Charge 4
2022-12-16T06:43:27Z,69.0,Charge 4
2022-12-16T06:43:32Z,70.0,Charge 4
2022-12-16T06:43:37Z,71.0,Charge 4
2022-12-16T06:43:47Z,72.0,Charge 4
2022-12-16T06:43:57Z,70.0,Charge 4
2022-12-16T06:44:02Z,71.0,Charge 4
2022-12-16T06:44:12Z,70.0,Charge 4
2022-12-16T06:44:17Z,71.0,Charge 4
2022-12-16T06:44:27Z,70.0,Charge 4
2022-12-16T06:44:37Z,71.0,Charge 4
2022-12-16T06:44:47Z,74.0,Charge 4
2022-12-16T06:44:52Z,76.0,Charge 4
2022-12-16T06:44:57Z,75.0,Charge 4
2022-12-16T06:45:02Z,73.0,Charge 4
2022-12-16T06:45:07Z,71.0,Charge 4
2022-12-16T06:45:17Z,70.0,Charge 4
2022-12-16T06:45:32Z,70.0,Charge 4
2022-12-16T06:45:38Z,70.0,Charge 4
2022-12-16T06:45:43Z,69.0,Charge 4
2022-12-16T06:45:48Z,68.0,Charge 4
2022-12-16T06:45:58Z,68.0,Charge 4
2022-12-16T06:46:03Z,69.0,Charge 4
2022-12-16T06:46:18Z,70.0,Charge 4
2022-12-16T06:46:23Z,82.0,Charge 4
2022-12-16T06:46:28Z,89.0,Charge 4
2022-12-16T06:46:33Z,85.0,Charge 4
2022-12-16T06:46:38Z,81.0,Charge 4
2022-12-16T06:46:43Z,78.0,Charge 4
2022-12-16T06:46:48Z,77.0,Charge 4
2022-12-16T06:46:53Z,76.0,Charge 4
2022-12-16T06:46:58Z,75.0,Charge 4
2022-12-16T06:47:03Z,74.0,Charge 4
2022-12-16T06:47:08Z,73.0,Charge 4
2022-12-16T06:47:18Z,72.0,Charge 4
2022-12-16T06:47:23Z,72.0,Charge 4
2022-12-16T06:47:28Z,75.0,Charge 4
2022-12-16T06:47:33Z,78.0,Charge 4
2022-12-16T06:47:43Z,77.0,Charge 4
2022-12-16T06:47:53Z,76.0,Charge 4
2022-12-16T06:47:58Z,75.0,Charge 4
2022-12-16T06:48:03Z,75.0,Charge 4
2022-12-16T06:48:13Z,73.0,Charge 4
2022-12-16T06:48:18Z,79.0,Charge 4
2022-12-16T06:48:23Z,79.0,Charge 4
2022-12-16T06:48:28Z,78.0,Charge 4
2022-12-16T06:48:33Z,77.0,Charge 4
2022-12-16T06:48:48Z,77.0,Charge 4
2022-12-16T06:48:53Z,78.0,Charge 4
2022-12-16T06:49:08Z,76.0,Charge 4
2022-12-16T06:49:23Z,75.0,Charge 4
2022-12-16T06:49:38Z,74.0,Charge 4
2022-12-16T06:49:53Z,74.0,Charge 4
2022-12-16T06:50:08Z,74.0,Charge 4
2022-12-16T06:50:18Z,75.0,Charge 4
2022-12-16T06:50:23Z,76.0,Charge 4
2022-12-16T06:50:28Z,77.0,Charge 4
2022-12-16T06:50:33Z,78.0,Charge 4
2022-12-16T06:50:38Z,79.0,Charge 4
2022-12-16T06:50:43Z,80.0,Charge 4
2022-12-16T06:50:58Z,81.0,Charge 4
2022-12-16T06:51:03Z,80.0,Charge 4
2022-12-16T06:51:13Z,78.0,Charge 4
2022-12-16T06:51:18Z,76.0,Charge 4
2022-12-16T06:51:33Z,75.0,Charge 4
2022-12-16T06:51:38Z,74.0,Charge 4
2022-12-16T06:51:48Z,77.0,Charge 4
2022-12-16T06:51:53Z,75.0,Charge 4
2022-12-16T06:51:58Z,74.0,Charge 4
2022-12-16T06:52:03Z,75.0,Charge 4
2022-12-16T06:52:08Z,74.0,Charge 4
2022-12-16T06:52:14Z,74.0,Charge 4
2022-12-16T06:52:19Z,73.0,Charge 4
2022-12-16T06:52:24Z,72.0,Charge 4
2022-12-16T06:52:29Z,71.0,Charge 4
2022-12-16T06:52:34Z,70.0,Charge 4
2022-12-16T06:52:44Z,72.0,Charge 4
2022-12-16T06:52:49Z,74.0,Charge 4
2022-12-16T06:52:54Z,72.0,Charge 4
2022-12-16T06:52:59Z,70.0,Charge 4
2022-12-16T06:53:04Z,71.0,Charge 4
2022-12-16T06:53:09Z,72.0,Charge 4
2022-12-16T06:53:14Z,73.0,Charge 4
2022-12-16T06:53:24Z,74.0,Charge 4
2022-12-16T06:53:39Z,74.0,Charge 4
2022-12-16T06:53:44Z,73.0,Charge 4
2022-12-16T06:53:54Z,74.0,Charge 4
2022-12-16T06:53:59Z,73.0,Charge 4
2022-12-16T06:54:14Z,73.0,Charge 4
2022-12-16T06:54:29Z,72.0,Charge 4
2022-12-16T06:54:34Z,74.0,Charge 4
2022-12-16T06:54:44Z,73.0,Charge 4
2022-12-16T06:54:49Z,74.0,Charge 4
2022-12-16T06:54:59Z,72.0,Charge 4
2022-12-16T06:55:09Z,74.0,Charge 4
2022-12-16T06:55:17Z,73.0,Charge 4
2022-12-16T06:55:32Z,73.0,Charge 4
2022-12-16T06:55:37Z,72.0,Charge 4
2022-12-16T06:55:52Z,72.0,Charge 4
2022-12-16T06:55:57Z,73.0,Charge 4
2022-12-16T06:56:07Z,77.0,Charge 4
2022-12-16T06:56:17Z,74.0,Charge 4
2022-12-16T06:56:27Z,75.0,Charge 4
2022-12-16T06:56:32Z,77.0,Charge 4
2022-12-16T06:56:47Z,76.0,Charge 4
2022-12-16T06:56:52Z,74.0,Charge 4
2022-12-16T06:56:57Z,73.0,Charge 4
2022-12-16T06:57:07Z,74.0,Charge 4
2022-12-16T06:57:12Z,73.0,Charge 4
2022-12-16T06:57:17Z,74.0,Charge 4
2022-12-16T06:57:27Z,71.0,Charge 4
2022-12-16T06:57:42Z,71.0,Charge 4
2022-12-16T06:57:47Z,70.0,Charge 4
2022-12-16T06:58:02Z,73.0,Charge 4
2022-12-16T06:58:07Z,75.0,Charge 4
2022-12-16T06:58:12Z,77.0,Charge 4
2022-12-16T06:58:27Z,78.0,Charge 4
2022-12-16T06:58:32Z,78.0,Charge 4
2022-12-16T06:58:37Z,79.0,Charge 4
2022-12-16T06:58:42Z,77.0,Charge 4
2022-12-16T06:58:47Z,74.0,Charge 4
2022-12-16T06:58:52Z,73.0,Charge 4
2022-12-16T06:58:58Z,74.0,Charge 4
2022-12-16T06:59:13Z,74.0,Charge 4
2022-12-16T06:59:28Z,74.0,Charge 4
2022-12-16T06:59:43Z,75.0,Charge 4
2022-12-16T06:59:48Z,76.0,Charge 4
2022-12-16T06:59:58Z,76.0,Charge 4
2022-12-16T07:00:03Z,78.0,Charge 4
2022-12-16T07:00:08Z,73.0,Charge 4
2022-12-16T07:00:13Z,69.0,Charge 4
2022-12-16T07:00:18Z,71.0,Charge 4
2022-12-16T07:00:23Z,73.0,Charge 4
2022-12-16T07:00:28Z,72.0,Charge 4
2022-12-16T07:00:38Z,73.0,Charge 4
2022-12-16T07:00:48Z,74.0,Charge 4
2022-12-16T07:00:53Z,75.0,Charge 4
2022-12-16T07:00:58Z,73.0,Charge 4
2022-12-16T07:01:03Z,74.0,Charge 4
2022-12-16T07:01:08Z,73.0,Charge 4
2022-12-16T07:01:23Z,73.0,Charge 4
2022-12-16T07:01:28Z,74.0,Charge 4
2022-12-16T07:01:38Z,73.0,Charge 4
2022-12-16T07:01:53Z,74.0,Charge 4
2022-12-16T07:02:08Z,75.0,Charge 4
2022-12-16T07:02:23Z,75.0,Charge 4
2022-12-16T07:02:38Z,75.0,Charge 4
2022-12-16T07:02:43Z,74.0,Charge 4
2022-12-16T07:02:48Z,73.0,Charge 4
2022-12-16T07:02:53Z,72.0,Charge 4
2022-12-16T07:03:03Z,71.0,Charge 4
2022-12-16T07:03:13Z,71.0,Charge 4
2022-12-16T07:03:28Z,69.0,Charge 4
2022-12-16T07:03:38Z,70.0,Charge 4
2022-12-16T07:03:43Z,71.0,Charge 4
2022-12-16T07:03:48Z,72.0,Charge 4
2022-12-16T07:03:58Z,73.0,Charge 4
2022-12-16T07:04:08Z,74.0,Charge 4
2022-12-16T07:04:13Z,75.0,Charge 4
2022-12-16T07:04:23Z,73.0,Charge 4
2022-12-16T07:04:28Z,74.0,Charge 4
2022-12-16T07:04:33Z,75.0,Charge 4
2022-12-16T07:04:38Z,76.0,Charge 4
2022-12-16T07:04:48Z,76.0,Charge 4
2022-12-16T07:04:58Z,75.0,Charge 4
2022-12-16T07:05:08Z,76.0,Charge 4
2022-12-16T07:05:13Z,77.0,Charge 4
2022-12-16T07:05:18Z,75.0,Charge 4
2022-12-16T07:05:23Z,74.0,Charge 4
2022-12-16T07:05:38Z,74.0,Charge 4
2022-12-16T07:05:53Z,74.0,Charge 4
2022-12-16T07:05:58Z,72.0,Charge 4
2022-12-16T07:06:03Z,71.0,Charge 4
2022-12-16T07:06:08Z,73.0,Charge 4
2022-12-16T07:06:23Z,73.0,Charge 4
2022-12-16T07:06:24Z,73.0,Charge 4
2022-12-16T07:06:39Z,73.0,Charge 4
2022-12-16T07:06:49Z,72.0,Charge 4
2022-12-16T07:06:59Z,74.0,Charge 4
2022-12-16T07:07:04Z,73.0,Charge 4
2022-12-16T07:07:09Z,74.0,Charge 4
2022-12-16T07:07:14Z,75.0,Charge 4
2022-12-16T07:07:19Z,76.0,Charge 4
2022-12-16T07:07:24Z,73.0,Charge 4
2022-12-16T07:07:34Z,76.0,Charge 4
2022-12-16T07:07:39Z,77.0,Charge 4
2022-12-16T07:07:44Z,75.0,Charge 4
2022-12-16T07:07:49Z,73.0,Charge 4
2022-12-16T07:08:04Z,72.0,Charge 4
2022-12-16T07:08:09Z,73.0,Charge 4
2022-12-16T07:08:14Z,74.0,Charge 4
2022-12-16T07:08:29Z,74.0,Charge 4
2022-12-16T07:08:34Z,73.0,Charge 4
2022-12-16T07:08:44Z,74.0,Charge 4
2022-12-16T07:08:59Z,74.0,Charge 4
2022-12-16T07:09:09Z,75.0,Charge 4
2022-12-16T07:09:14Z,76.0,Charge 4
2022-12-16T07:09:19Z,75.0,Charge 4
2022-12-16T07:09:24Z,74.0,Charge 4
2022-12-16T07:09:34Z,73.0,Charge 4
2022-12-16T07:09:39Z,74.0,Charge 4
2022-12-16T07:09:49Z,73.0,Charge 4
2022-12-16T07:09:56Z,73.0,Charge 4
2022-12-16T07:10:01Z,74.0,Charge 4
2022-12-16T07:10:06Z,73.0,Charge 4
2022-12-16T07:10:11Z,74.0,Charge 4
2022-12-16T07:10:21Z,76.0,Charge 4
2022-12-16T07:10:26Z,75.0,Charge 4
2022-12-16T07:10:31Z,74.0,Charge 4
2022-12-16T07:10:36Z,76.0,Charge 4
2022-12-16T07:10:46Z,75.0,Charge 4
2022-12-16T07:10:56Z,73.0,Charge 4
2022-12-16T07:11:01Z,72.0,Charge 4
2022-12-16T07:11:11Z,73.0,Charge 4
2022-12-16T07:11:16Z,72.0,Charge 4
2022-12-16T07:11:21Z,71.0,Charge 4
2022-12-16T07:11:31Z,70.0,Charge 4
2022-12-16T07:11:36Z,71.0,Charge 4
2022-12-16T07:11:41Z,72.0,Charge 4
2022-12-16T07:11:46Z,73.0,Charge 4
2022-12-16T07:11:51Z,74.0,Charge 4
2022-12-16T07:12:06Z,74.0,Charge 4
2022-12-16T07:12:21Z,74.0,Charge 4
2022-12-16T07:12:26Z,73.0,Charge 4
2022-12-16T07:12:36Z,74.0,Charge 4
2022-12-16T07:12:41Z,75.0,Charge 4
2022-12-16T07:12:56Z,76.0,Charge 4
2022-12-16T07:13:06Z,77.0,Charge 4
2022-12-16T07:13:11Z,74.0,Charge 4
2022-12-16T07:13:16Z,72.0,Charge 4
2022-12-16T07:13:26Z,73.0,Charge 4
2022-12-16T07:13:36Z,74.0,Charge 4
2022-12-16T07:13:46Z,75.0,Charge 4
2022-12-16T07:13:56Z,74.0,Charge 4
2022-12-16T07:14:06Z,73.0,Charge 4
2022-12-16T07:14:21Z,72.0,Charge 4
2022-12-16T07:14:31Z,73.0,Charge 4
2022-12-16T07:14:41Z,74.0,Charge 4
2022-12-16T07:14:46Z,73.0,Charge 4
2022-12-16T07:15:01Z,73.0,Charge 4
2022-12-16T07:15:06Z,74.0,Charge 4
2022-12-16T07:15:11Z,71.0,Charge 4
2022-12-16T07:15:21Z,74.0,Charge 4
2022-12-16T07:15:26Z,76.0,Charge 4
2022-12-16T07:15:36Z,74.0,Charge 4
2022-12-16T07:15:51Z,74.0,Charge 4
2022-12-16T07:16:01Z,74.0,Charge 4
2022-12-16T07:16:06Z,75.0,Charge 4
2022-12-16T07:16:11Z,74.0,Charge 4
2022-12-16T07:16:26Z,74.0,Charge 4
2022-12-16T07:16:31Z,73.0,Charge 4
2022-12-16T07:16:46Z,73.0,Charge 4
2022-12-16T07:17:01Z,73.0,Charge 4
2022-12-16T07:17:06Z,74.0,Charge 4
2022-12-16T07:17:12Z,74.0,Charge 4
2022-12-16T07:17:17Z,75.0,Charge 4
2022-12-16T07:17:27Z,73.0,Charge 4
2022-12-16T07:17:42Z,74.0,Charge 4
2022-12-16T07:17:52Z,73.0,Charge 4
2022-12-16T07:18:02Z,74.0,Charge 4
2022-12-16T07:18:17Z,73.0,Charge 4
2022-12-16T07:18:32Z,74.0,Charge 4
2022-12-16T07:18:47Z,74.0,Charge 4
2022-12-16T07:18:52Z,73.0,Charge 4
2022-12-16T07:18:57Z,71.0,Charge 4
2022-12-16T07:19:07Z,73.0,Charge 4
2022-12-16T07:19:12Z,75.0,Charge 4
2022-12-16T07:19:17Z,74.0,Charge 4
2022-12-16T07:19:22Z,73.0,Charge 4
2022-12-16T07:19:32Z,72.0,Charge 4
2022-12-16T07:19:47Z,72.0,Charge 4
2022-12-16T07:19:52Z,73.0,Charge 4
2022-12-16T07:20:07Z,73.0,Charge 4
2022-12-16T07:20:22Z,73.0,Charge 4
2022-12-16T07:20:32Z,74.0,Charge 4
2022-12-16T07:20:42Z,73.0,Charge 4
2022-12-16T07:20:52Z,74.0,Charge 4
2022-12-16T07:21:02Z,75.0,Charge 4
2022-12-16T07:21:07Z,74.0,Charge 4
2022-12-16T07:21:12Z,73.0,Charge 4
2022-12-16T07:21:22Z,72.0,Charge 4
2022-12-16T07:21:28Z,72.0,Charge 4
2022-12-16T07:21:33Z,73.0,Charge 4
2022-12-16T07:21:38Z,74.0,Charge 4
2022-12-16T07:21:48Z,73.0,Charge 4
2022-12-16T07:22:03Z,74.0,Charge 4
2022-12-16T07:22:08Z,75.0,Charge 4
2022-12-16T07:22:23Z,74.0,Charge 4
2022-12-16T07:22:28Z,73.0,Charge 4
2022-12-16T07:22:38Z,72.0,Charge 4
2022-12-16T07:22:48Z,74.0,Charge 4
2022-12-16T07:22:58Z,75.0,Charge 4
2022-12-16T07:23:08Z,76.0,Charge 4
2022-12-16T07:23:13Z,77.0,Charge 4
2022-12-16T07:23:23Z,76.0,Charge 4
2022-12-16T07:23:28Z,75.0,Charge 4
2022-12-16T07:23:43Z,74.0,Charge 4
2022-12-16T07:23:48Z,73.0,Charge 4
2022-12-16T07:23:53Z,73.0,Charge 4
2022-12-16T07:23:58Z,72.0,Charge 4
2022-12-16T07:24:03Z,73.0,Charge 4
2022-12-16T07:24:13Z,74.0,Charge 4
2022-12-16T07:24:18Z,75.0,Charge 4
2022-12-16T07:24:23Z,76.0,Charge 4
2022-12-16T07:24:33Z,75.0,Charge 4
2022-12-16T07:24:48Z,75.0,Charge 4
2022-12-16T07:24:53Z,73.0,Charge 4
2022-12-16T07:25:01Z,73.0,Charge 4
2022-12-16T07:25:06Z,74.0,Charge 4
2022-12-16T07:25:21Z,74.0,Charge 4
2022-12-16T07:25:26Z,73.0,Charge 4
2022-12-16T07:25:36Z,71.0,Charge 4
2022-12-16T07:25:46Z,72.0,Charge 4
2022-12-16T07:25:56Z,71.0,Charge 4
2022-12-16T07:26:06Z,72.0,Charge 4
2022-12-16T07:26:11Z,73.0,Charge 4
2022-12-16T07:26:26Z,74.0,Charge 4
2022-12-16T07:26:41Z,73.0,Charge 4
2022-12-16T07:26:56Z,73.0,Charge 4
2022-12-16T07:27:01Z,72.0,Charge 4
2022-12-16T07:27:16Z,72.0,Charge 4
2022-12-16T07:27:26Z,74.0,Charge 4
2022-12-16T07:27:31Z,75.0,Charge 4
2022-12-16T07:27:46Z,75.0,Charge 4
2022-12-16T07:27:51Z,75.0,Charge 4
2022-12-16T07:28:06Z,75.0,Charge 4
2022-12-16T07:28:47Z,72.0,Charge 4
2022-12-16T07:28:57Z,73.0,Charge 4
2022-12-16T07:29:02Z,74.0,Charge 4
2022-12-16T07:29:12Z,73.0,Charge 4
2022-12-16T07:29:27Z,73.0,Charge 4
2022-12-16T07:29:32Z,74.0,Charge 4
2022-12-16T07:29:47Z,74.0,Charge 4
2022-12-16T07:29:52Z,75.0,Charge 4
2022-12-16T07:29:57Z,76.0,Charge 4
2022-12-16T07:30:02Z,74.0,Charge 4
2022-12-16T07:30:17Z,73.0,Charge 4
2022-12-16T07:30:32Z,74.0,Charge 4
2022-12-16T07:30:37Z,75.0,Charge 4
2022-12-16T07:30:47Z,74.0,Charge 4
2022-12-16T07:30:52Z,73.0,Charge 4
2022-12-16T07:31:07Z,73.0,Charge 4
2022-12-16T07:31:17Z,72.0,Charge 4
2022-12-16T07:31:27Z,73.0,Charge 4
2022-12-16T07:31:42Z,73.0,Charge 4
2022-12-16T07:31:52Z,74.0,Charge 4
2022-12-16T07:32:02Z,73.0,Charge 4
2022-12-16T07:32:07Z,72.0,Charge 4
2022-12-16T07:32:22Z,73.0,Charge 4
2022-12-16T07:32:27Z,74.0,Charge 4
2022-12-16T07:32:32Z,75.0,Charge 4
2022-12-16T07:32:47Z,74.0,Charge 4
2022-12-16T07:32:57Z,75.0,Charge 4
2022-12-16T07:33:02Z,74.0,Charge 4
2022-12-16T07:33:07Z,73.0,Charge 4
2022-12-16T07:33:12Z,75.0,Charge 4
2022-12-16T07:33:17Z,76.0,Charge 4
2022-12-16T07:33:22Z,75.0,Charge 4
2022-12-16T07:33:32Z,76.0,Charge 4
2022-12-16T07:33:37Z,75.0,Charge 4
2022-12-16T07:33:52Z,75.0,Charge 4
2022-12-16T07:33:57Z,74.0,Charge 4
2022-12-16T07:34:12Z,74.0,Charge 4
2022-12-16T07:34:22Z,74.0,Charge 4
2022-12-16T07:34:37Z,74.0,Charge 4
2022-12-16T07:34:47Z,75.0,Charge 4
2022-12-16T07:35:02Z,75.0,Charge 4
2022-12-16T07:35:17Z,75.0,Charge 4
2022-12-16T07:35:32Z,75.0,Charge 4
2022-12-16T07:35:47Z,74.0,Charge 4
2022-12-16T07:35:57Z,74.0,Charge 4
2022-12-16T07:36:02Z,73.0,Charge 4
2022-12-16T07:36:07Z,74.0,Charge 4
2022-12-16T07:36:22Z,74.0,Charge 4
2022-12-16T07:36:37Z,74.0,Charge 4
2022-12-16T07:36:42Z,75.0,Charge 4
2022-12-16T07:36:52Z,74.0,Charge 4
2022-12-16T07:36:58Z,73.0,Charge 4
2022-12-16T07:37:03Z,74.0,Charge 4
2022-12-16T07:37:18Z,74.0,Charge 4
2022-12-16T07:37:33Z,75.0,Charge 4
2022-12-16T07:37:43Z,76.0,Charge 4
2022-12-16T07:37:58Z,75.0,Charge 4
2022-12-16T07:38:13Z,75.0,Charge 4
2022-12-16T07:38:18Z,74.0,Charge 4
2022-12-16T07:38:28Z,75.0,Charge 4
2022-12-16T07:38:33Z,76.0,Charge 4
2022-12-16T07:38:43Z,75.0,Charge 4
2022-12-16T07:38:48Z,74.0,Charge 4
2022-12-16T07:38:53Z,71.0,Charge 4
2022-12-16T07:38:58Z,70.0,Charge 4
2022-12-16T07:39:03Z,71.0,Charge 4
2022-12-16T07:39:08Z,73.0,Charge 4
2022-12-16T07:39:13Z,74.0,Charge 4
2022-12-16T07:39:18Z,75.0,Charge 4
2022-12-16T07:39:33Z,74.0,Charge 4
2022-12-16T07:39:38Z,73.0,Charge 4
2022-12-16T07:39:43Z,74.0,Charge 4
2022-12-16T07:39:58Z,74.0,Charge 4
2022-12-16T07:40:13Z,73.0,Charge 4
2022-12-16T07:40:23Z,74.0,Charge 4
2022-12-16T07:40:33Z,73.0,Charge 4
2022-12-16T07:40:43Z,74.0,Charge 4
2022-12-16T07:40:48Z,74.0,Charge 4
2022-12-16T07:40:53Z,73.0,Charge 4
2022-12-16T07:40:58Z,74.0,Charge 4
2022-12-16T07:41:08Z,75.0,Charge 4
2022-12-16T07:41:23Z,75.0,Charge 4
2022-12-16T07:41:38Z,75.0,Charge 4
2022-12-16T07:41:48Z,74.0,Charge 4
2022-12-16T07:42:03Z,74.0,Charge 4
2022-12-16T07:42:18Z,75.0,Charge 4
2022-12-16T07:42:28Z,74.0,Charge 4
2022-12-16T07:42:43Z,74.0,Charge 4
2022-12-16T07:42:58Z,74.0,Charge 4
2022-12-16T07:43:08Z,76.0,Charge 4
2022-12-16T07:43:13Z,75.0,Charge 4
2022-12-16T07:43:18Z,74.0,Charge 4
2022-12-16T07:43:28Z,74.0,Charge 4
2022-12-16T07:43:33Z,74.0,Charge 4
2022-12-16T07:43:38Z,75.0,Charge 4
2022-12-16T07:43:43Z,74.0,Charge 4
2022-12-16T07:43:48Z,73.0,Charge 4
2022-12-16T07:44:03Z,73.0,Charge 4
2022-12-16T07:44:13Z,74.0,Charge 4
2022-12-16T07:44:18Z,73.0,Charge 4
2022-12-16T07:44:23Z,72.0,Charge 4
2022-12-16T07:44:33Z,74.0,Charge 4
2022-12-16T07:44:43Z,75.0,Charge 4
2022-12-16T07:44:48Z,74.0,Charge 4
2022-12-16T07:44:53Z,73.0,Charge 4
2022-12-16T07:44:58Z,73.0,Charge 4
2022-12-16T07:45:13Z,74.0,Charge 4
2022-12-16T07:45:28Z,73.0,Charge 4
2022-12-16T07:45:43Z,73.0,Charge 4
2022-12-16T07:45:48Z,74.0,Charge 4
2022-12-16T07:45:53Z,75.0,Charge 4
2022-12-16T07:46:08Z,74.0,Charge 4
2022-12-16T07:46:23Z,74.0,Charge 4
2022-12-16T07:46:38Z,74.0,Charge 4
2022-12-16T07:46:53Z,74.0,Charge 4
2022-12-16T07:47:03Z,75.0,Charge 4
2022-12-16T07:47:18Z,75.0,Charge 4
2022-12-16T07:47:23Z,75.0,Charge 4
2022-12-16T07:47:28Z,76.0,Charge 4
2022-12-16T07:47:38Z,77.0,Charge 4
2022-12-16T07:47:43Z,83.0,Charge 4
2022-12-16T07:47:48Z,85.0,Charge 4
2022-12-16T07:47:53Z,80.0,Charge 4
2022-12-16T07:47:58Z,75.0,Charge 4
2022-12-16T07:48:03Z,70.0,Charge 4
2022-12-16T07:48:08Z,69.0,Charge 4
2022-12-16T07:48:13Z,67.0,Charge 4
2022-12-16T07:48:18Z,64.0,Charge 4
2022-12-16T07:48:33Z,64.0,Charge 4
2022-12-16T07:48:38Z,67.0,Charge 4
2022-12-16T07:48:43Z,69.0,Charge 4
2022-12-16T07:48:49Z,68.0,Charge 4
2022-12-16T07:49:04Z,69.0,Charge 4
2022-12-16T07:49:14Z,68.0,Charge 4
2022-12-16T07:49:24Z,69.0,Charge 4
2022-12-16T07:49:29Z,70.0,Charge 4
2022-12-16T07:49:44Z,70.0,Charge 4
2022-12-16T07:49:49Z,69.0,Charge 4
2022-12-16T07:49:54Z,68.0,Charge 4
2022-12-16T07:49:59Z,69.0,Charge 4
2022-12-16T07:50:09Z,67.0,Charge 4
2022-12-16T07:50:14Z,66.0,Charge 4
2022-12-16T07:50:19Z,69.0,Charge 4
2022-12-16T07:50:24Z,71.0,Charge 4
2022-12-16T07:50:29Z,72.0,Charge 4
2022-12-16T07:50:34Z,74.0,Charge 4
2022-12-16T07:50:39Z,83.0,Charge 4
2022-12-16T07:50:44Z,82.0,Charge 4
2022-12-16T07:50:49Z,74.0,Charge 4
2022-12-16T07:50:54Z,69.0,Charge 4
2022-12-16T07:50:59Z,67.0,Charge 4
2022-12-16T07:51:04Z,65.0,Charge 4
2022-12-16T07:51:19Z,66.0,Charge 4
2022-12-16T07:51:34Z,66.0,Charge 4
2022-12-16T07:51:39Z,65.0,Charge 4
2022-12-16T07:51:44Z,66.0,Charge 4
2022-12-16T07:51:54Z,65.0,Charge 4
2022-12-16T07:51:59Z,64.0,Charge 4
2022-12-16T07:52:09Z,66.0,Charge 4
2022-12-16T07:52:14Z,68.0,Charge 4
2022-12-16T07:52:19Z,69.0,Charge 4
2022-12-16T07:52:24Z,67.0,Charge 4
2022-12-16T07:52:29Z,66.0,Charge 4
2022-12-16T07:52:39Z,67.0,Charge 4
2022-12-16T07:52:44Z,69.0,Charge 4
2022-12-16T07:52:49Z,70.0,Charge 4
2022-12-16T07:52:54Z,71.0,Charge 4
2022-12-16T07:52:59Z,72.0,Charge 4
2022-12-16T07:53:04Z,69.0,Charge 4
2022-12-16T07:53:09Z,65.0,Charge 4
2022-12-16T07:53:19Z,66.0,Charge 4
2022-12-16T07:53:24Z,69.0,Charge 4
2022-12-16T07:53:29Z,71.0,Charge 4
2022-12-16T07:53:34Z,70.0,Charge 4
2022-12-16T07:53:44Z,71.0,Charge 4
2022-12-16T07:53:49Z,72.0,Charge 4
2022-12-16T07:53:54Z,71.0,Charge 4
2022-12-16T07:54:09Z,71.0,Charge 4
2022-12-16T07:54:24Z,73.0,Charge 4
2022-12-16T07:54:34Z,72.0,Charge 4
2022-12-16T07:54:39Z,70.0,Charge 4
2022-12-16T07:54:49Z,71.0,Charge 4
2022-12-16T07:54:54Z,69.0,Charge 4
2022-12-16T07:55:02Z,68.0,Charge 4
2022-12-16T07:55:07Z,70.0,Charge 4
2022-12-16T07:55:12Z,72.0,Charge 4
2022-12-16T07:55:17Z,70.0,Charge 4
2022-12-16T07:55:27Z,71.0,Charge 4
2022-12-16T07:55:42Z,71.0,Charge 4
2022-12-16T07:55:52Z,76.0,Charge 4
2022-12-16T07:55:57Z,88.0,Charge 4
2022-12-16T07:56:02Z,87.0,Charge 4
2022-12-16T07:56:07Z,77.0,Charge 4
2022-12-16T07:56:12Z,72.0,Charge 4
2022-12-16T07:56:17Z,70.0,Charge 4
2022-12-16T07:56:22Z,69.0,Charge 4
2022-12-16T07:56:27Z,68.0,Charge 4
2022-12-16T07:56:32Z,67.0,Charge 4
2022-12-16T07:56:42Z,68.0,Charge 4
2022-12-16T07:56:47Z,69.0,Charge 4
2022-12-16T07:56:57Z,68.0,Charge 4
2022-12-16T07:57:02Z,67.0,Charge 4
2022-12-16T07:57:07Z,66.0,Charge 4
2022-12-16T07:57:17Z,67.0,Charge 4
2022-12-16T07:57:22Z,69.0,Charge 4
2022-12-16T07:57:27Z,71.0,Charge 4
2022-12-16T07:57:32Z,72.0,Charge 4
2022-12-16T07:57:38Z,72.0,Charge 4
2022-12-16T07:57:43Z,71.0,Charge 4
2022-12-16T07:57:48Z,70.0,Charge 4
2022-12-16T07:57:53Z,69.0,Charge 4
2022-12-16T07:57:58Z,68.0,Charge 4
2022-12-16T07:58:08Z,69.0,Charge 4
2022-12-16T07:58:13Z,71.0,Charge 4
2022-12-16T07:58:23Z,70.0,Charge 4
2022-12-16T07:58:38Z,70.0,Charge 4
2022-12-16T07:58:53Z,70.0,Charge 4
2022-12-16T07:58:58Z,68.0,Charge 4
2022-12-16T07:59:03Z,67.0,Charge 4
2022-12-16T07:59:08Z,70.0,Charge 4
2022-12-16T07:59:13Z,71.0,Charge 4
2022-12-16T07:59:23Z,73.0,Charge 4
2022-12-16T07:59:28Z,74.0,Charge 4
2022-12-16T07:59:43Z,75.0,Charge 4
2022-12-16T07:59:48Z,76.0,Charge 4
2022-12-16T07:59:53Z,74.0,Charge 4
2022-12-16T07:59:58Z,73.0,Charge 4
2022-12-16T08:00:13Z,72.0,Charge 4
2022-12-16T08:00:23Z,71.0,Charge 4
2022-12-16T08:00:28Z,72.0,Charge 4
2022-12-16T08:00:43Z,73.0,Charge 4
2022-12-16T08:00:53Z,74.0,Charge 4
2022-12-16T08:00:58Z,75.0,Charge 4
2022-12-16T08:01:03Z,75.0,Charge 4
2022-12-16T08:01:08Z,74.0,Charge 4
2022-12-16T08:01:13Z,73.0,Charge 4
2022-12-16T08:01:23Z,74.0,Charge 4
2022-12-16T08:01:33Z,73.0,Charge 4
2022-12-16T08:01:38Z,72.0,Charge 4
2022-12-16T08:01:53Z,72.0,Charge 4
2022-12-16T08:02:08Z,70.0,Charge 4
2022-12-16T08:02:13Z,70.0,Charge 4
2022-12-16T08:02:18Z,71.0,Charge 4
2022-12-16T08:02:28Z,72.0,Charge 4
2022-12-16T08:02:38Z,73.0,Charge 4
2022-12-16T08:02:43Z,74.0,Charge 4
2022-12-16T08:02:58Z,74.0,Charge 4
2022-12-16T08:03:03Z,75.0,Charge 4
2022-12-16T08:03:08Z,74.0,Charge 4
2022-12-16T08:03:13Z,74.0,Charge 4
2022-12-16T08:03:18Z,73.0,Charge 4
2022-12-16T08:03:23Z,71.0,Charge 4
2022-12-16T08:03:28Z,69.0,Charge 4
2022-12-16T08:03:38Z,72.0,Charge 4
2022-12-16T08:03:43Z,73.0,Charge 4
2022-12-16T08:03:58Z,73.0,Charge 4
2022-12-16T08:04:13Z,74.0,Charge 4
2022-12-16T08:04:19Z,73.0,Charge 4
2022-12-16T08:04:34Z,73.0,Charge 4
2022-12-16T08:04:39Z,72.0,Charge 4
2022-12-16T08:04:54Z,72.0,Charge 4
2022-12-16T08:05:04Z,73.0,Charge 4
2022-12-16T08:05:09Z,72.0,Charge 4
2022-12-16T08:05:14Z,73.0,Charge 4
2022-12-16T08:05:19Z,74.0,Charge 4
2022-12-16T08:05:29Z,75.0,Charge 4
2022-12-16T08:05:34Z,74.0,Charge 4
2022-12-16T08:05:44Z,73.0,Charge 4
2022-12-16T08:05:59Z,73.0,Charge 4
2022-12-16T08:06:09Z,74.0,Charge 4
2022-12-16T08:06:14Z,73.0,Charge 4
2022-12-16T08:06:19Z,74.0,Charge 4
2022-12-16T08:06:29Z,73.0,Charge 4
2022-12-16T08:06:34Z,74.0,Charge 4
2022-12-16T08:06:39Z,75.0,Charge 4
2022-12-16T08:06:44Z,74.0,Charge 4
2022-12-16T08:06:59Z,73.0,Charge 4
2022-12-16T08:07:09Z,72.0,Charge 4
2022-12-16T08:07:14Z,71.0,Charge 4
2022-12-16T08:07:24Z,70.0,Charge 4
2022-12-16T08:07:34Z,71.0,Charge 4
2022-12-16T08:07:49Z,72.0,Charge 4
2022-12-16T08:07:54Z,73.0,Charge 4
2022-12-16T08:08:09Z,72.0,Charge 4
2022-12-16T08:08:14Z,72.0,Charge 4
2022-12-16T08:08:29Z,72.0,Charge 4
2022-12-16T08:08:39Z,71.0,Charge 4
2022-12-16T08:08:44Z,69.0,Charge 4
2022-12-16T08:08:49Z,70.0,Charge 4
2022-12-16T08:08:54Z,72.0,Charge 4
2022-12-16T08:09:04Z,71.0,Charge 4
2022-12-16T08:09:09Z,72.0,Charge 4
2022-12-16T08:09:19Z,75.0,Charge 4
2022-12-16T08:09:29Z,74.0,Charge 4
2022-12-16T08:09:34Z,75.0,Charge 4
2022-12-16T08:09:44Z,74.0,Charge 4
2022-12-16T08:09:59Z,74.0,Charge 4
2022-12-16T08:10:14Z,74.0,Charge 4
2022-12-16T08:10:19Z,71.0,Charge 4
2022-12-16T08:10:29Z,72.0,Charge 4
2022-12-16T08:10:44Z,72.0,Charge 4
2022-12-16T08:10:49Z,72.0,Charge 4
2022-12-16T08:10:54Z,76.0,Charge 4
2022-12-16T08:11:09Z,76.0,Charge 4
2022-12-16T08:11:19Z,75.0,Charge 4
2022-12-16T08:11:24Z,73.0,Charge 4
2022-12-16T08:11:29Z,72.0,Charge 4
2022-12-16T08:11:34Z,70.0,Charge 4
2022-12-16T08:11:49Z,70.0,Charge 4
2022-12-16T08:11:52Z,70.0,Charge 4
2022-12-16T08:11:57Z,71.0,Charge 4
2022-12-16T08:12:02Z,70.0,Charge 4
2022-12-16T08:12:17Z,70.0,Charge 4
2022-12-16T08:12:22Z,71.0,Charge 4
2022-12-16T08:12:27Z,72.0,Charge 4
2022-12-16T08:12:32Z,71.0,Charge 4
2022-12-16T08:12:42Z,72.0,Charge 4
2022-12-16T08:12:47Z,71.0,Charge 4
2022-12-16T08:13:02Z,71.0,Charge 4
2022-12-16T08:13:17Z,71.0,Charge 4
2022-12-16T08:13:32Z,72.0,Charge 4
2022-12-16T08:13:42Z,73.0,Charge 4
2022-12-16T08:13:57Z,73.0,Charge 4
2022-12-16T08:14:02Z,74.0,Charge 4
2022-12-16T08:14:12Z,73.0,Charge 4
2022-12-16T08:14:17Z,74.0,Charge 4
2022-12-16T08:14:32Z,74.0,Charge 4
2022-12-16T08:14:42Z,77.0,Charge 4
2022-12-16T08:14:47Z,79.0,Charge 4
2022-12-16T08:15:02Z,79.0,Charge 4
2022-12-16T08:15:07Z,80.0,Charge 4
2022-12-16T08:15:22Z,80.0,Charge 4
2022-12-16T08:15:37Z,81.0,Charge 4
2022-12-16T08:15:38Z,80.0,Charge 4
2022-12-16T08:15:48Z,79.0,Charge 4
2022-12-16T08:15:53Z,78.0,Charge 4
2022-12-16T08:15:58Z,77.0,Charge 4
2022-12-16T08:16:13Z,77.0,Charge 4
2022-12-16T08:16:18Z,75.0,Charge 4
2022-12-16T08:16:23Z,74.0,Charge 4
2022-12-16T08:16:28Z,75.0,Charge 4
2022-12-16T08:16:33Z,77.0,Charge 4
2022-12-16T08:16:38Z,75.0,Charge 4
2022-12-16T08:16:43Z,72.0,Charge 4
2022-12-16T08:16:48Z,73.0,Charge 4
2022-12-16T08:16:53Z,74.0,Charge 4
2022-12-16T08:16:58Z,75.0,Charge 4
2022-12-16T08:17:13Z,75.0,Charge 4
2022-12-16T08:17:28Z,75.0,Charge 4
2022-12-16T08:17:33Z,76.0,Charge 4
2022-12-16T08:17:38Z,75.0,Charge 4
2022-12-16T08:17:43Z,72.0,Charge 4
2022-12-16T08:17:53Z,75.0,Charge 4
2022-12-16T08:18:03Z,74.0,Charge 4
2022-12-16T08:18:13Z,73.0,Charge 4
2022-12-16T08:18:28Z,72.0,Charge 4
2022-12-16T08:18:33Z,71.0,Charge 4
2022-12-16T08:18:38Z,70.0,Charge 4
2022-12-16T08:18:43Z,72.0,Charge 4
2022-12-16T08:18:48Z,71.0,Charge 4
2022-12-16T08:18:53Z,71.0,Charge 4
2022-12-16T08:18:58Z,72.0,Charge 4
2022-12-16T08:19:03Z,75.0,Charge 4
2022-12-16T08:19:08Z,76.0,Charge 4
2022-12-16T08:19:23Z,76.0,Charge 4
2022-12-16T08:19:38Z,75.0,Charge 4
2022-12-16T08:19:53Z,74.0,Charge 4
2022-12-16T08:20:03Z,74.0,Charge 4
2022-12-16T08:20:13Z,75.0,Charge 4
2022-12-16T08:20:18Z,77.0,Charge 4
2022-12-16T08:20:28Z,78.0,Charge 4
2022-12-16T08:20:33Z,77.0,Charge 4
2022-12-16T08:20:38Z,75.0,Charge 4
2022-12-16T08:20:53Z,75.0,Charge 4
2022-12-16T08:21:03Z,73.0,Charge 4
2022-12-16T08:21:13Z,74.0,Charge 4
2022-12-16T08:21:23Z,73.0,Charge 4
2022-12-16T08:21:28Z,74.0,Charge 4
2022-12-16T08:21:33Z,75.0,Charge 4
2022-12-16T08:21:38Z,77.0,Charge 4
2022-12-16T08:21:48Z,80.0,Charge 4
2022-12-16T08:22:03Z,80.0,Charge 4
2022-12-16T08:22:09Z,78.0,Charge 4
2022-12-16T08:22:14Z,77.0,Charge 4
2022-12-16T08:22:19Z,74.0,Charge 4
2022-12-16T08:22:24Z,72.0,Charge 4
2022-12-16T08:22:34Z,73.0,Charge 4
2022-12-16T08:22:39Z,74.0,Charge 4
2022-12-16T08:22:54Z,73.0,Charge 4
2022-12-16T08:23:04Z,74.0,Charge 4
2022-12-16T08:23:19Z,75.0,Charge 4
2022-12-16T08:23:24Z,74.0,Charge 4
2022-12-16T08:23:34Z,75.0,Charge 4
2022-12-16T08:23:39Z,74.0,Charge 4
2022-12-16T08:23:49Z,75.0,Charge 4
2022-12-16T08:23:59Z,74.0,Charge 4
2022-12-16T08:24:04Z,73.0,Charge 4
2022-12-16T08:24:09Z,72.0,Charge 4
2022-12-16T08:24:19Z,73.0,Charge 4
2022-12-16T08:24:34Z,73.0,Charge 4
2022-12-16T08:24:39Z,73.0,Charge 4
2022-12-16T08:24:44Z,75.0,Charge 4
2022-12-16T08:24:49Z,76.0,Charge 4
2022-12-16T08:25:04Z,76.0,Charge 4
2022-12-16T08:25:19Z,77.0,Charge 4
2022-12-16T08:25:24Z,80.0,Charge 4
2022-12-16T08:25:34Z,76.0,Charge 4
2022-12-16T08:25:39Z,77.0,Charge 4
2022-12-16T08:25:44Z,79.0,Charge 4
2022-12-16T08:25:49Z,80.0,Charge 4
2022-12-16T08:25:54Z,81.0,Charge 4
2022-12-16T08:25:59Z,83.0,Charge 4
2022-12-16T08:26:04Z,82.0,Charge 4
2022-12-16T08:26:09Z,79.0,Charge 4
2022-12-16T08:26:14Z,78.0,Charge 4
2022-12-16T08:26:24Z,76.0,Charge 4
2022-12-16T08:26:29Z,75.0,Charge 4
2022-12-16T08:26:44Z,74.0,Charge 4
2022-12-16T08:26:54Z,75.0,Charge 4
2022-12-16T08:26:59Z,76.0,Charge 4
2022-12-16T08:27:04Z,77.0,Charge 4
2022-12-16T08:27:09Z,76.0,Charge 4
2022-12-16T08:27:19Z,75.0,Charge 4
2022-12-16T08:27:34Z,75.0,Charge 4
2022-12-16T08:27:49Z,77.0,Charge 4
2022-12-16T08:27:54Z,76.0,Charge 4
2022-12-16T08:27:59Z,76.0,Charge 4
2022-12-16T08:28:04Z,75.0,Charge 4
2022-12-16T08:28:09Z,76.0,Charge 4
2022-12-16T08:28:24Z,76.0,Charge 4
2022-12-16T08:28:34Z,75.0,Charge 4
2022-12-16T08:28:39Z,76.0,Charge 4
2022-12-16T08:28:49Z,75.0,Charge 4
2022-12-16T08:28:54Z,76.0,Charge 4
2022-12-16T08:29:04Z,75.0,Charge 4
2022-12-16T08:29:09Z,76.0,Charge 4
2022-12-16T08:29:14Z,75.0,Charge 4
2022-12-16T08:29:29Z,75.0,Charge 4
2022-12-16T08:29:39Z,76.0,Charge 4
2022-12-16T08:29:44Z,77.0,Charge 4
2022-12-16T08:29:49Z,76.0,Charge 4
2022-12-16T08:29:54Z,75.0,Charge 4
2022-12-16T08:29:59Z,74.0,Charge 4
2022-12-16T08:30:09Z,75.0,Charge 4
2022-12-16T08:30:14Z,77.0,Charge 4
2022-12-16T08:30:19Z,78.0,Charge 4
2022-12-16T08:30:34Z,78.0,Charge 4
2022-12-16T08:30:44Z,76.0,Charge 4
2022-12-16T08:30:49Z,72.0,Charge 4
2022-12-16T08:30:54Z,71.0,Charge 4
2022-12-16T08:30:59Z,72.0,Charge 4
2022-12-16T08:31:04Z,73.0,Charge 4
2022-12-16T08:31:09Z,72.0,Charge 4
2022-12-16T08:31:14Z,73.0,Charge 4
2022-12-16T08:31:19Z,77.0,Charge 4
2022-12-16T08:31:24Z,78.0,Charge 4
2022-12-16T08:31:39Z,79.0,Charge 4
2022-12-16T08:31:44Z,88.0,Charge 4
2022-12-16T08:31:49Z,91.0,Charge 4
2022-12-16T08:31:54Z,85.0,Charge 4
2022-12-16T08:31:59Z,86.0,Charge 4
2022-12-16T08:32:05Z,87.0,Charge 4
2022-12-16T08:32:10Z,88.0,Charge 4
2022-12-16T08:32:15Z,88.0,Charge 4
2022-12-16T08:32:20Z,87.0,Charge 4
2022-12-16T08:32:25Z,85.0,Charge 4
2022-12-16T08:32:30Z,83.0,Charge 4
2022-12-16T08:32:35Z,82.0,Charge 4
2022-12-16T08:32:40Z,83.0,Charge 4
2022-12-16T08:32:45Z,82.0,Charge 4
2022-12-16T08:32:50Z,81.0,Charge 4
2022-12-16T08:32:55Z,80.0,Charge 4
2022-12-16T08:33:00Z,80.0,Charge 4
2022-12-16T08:33:10Z,81.0,Charge 4
2022-12-16T08:33:15Z,84.0,Charge 4
2022-12-16T08:33:20Z,84.0,Charge 4
2022-12-16T08:33:25Z,83.0,Charge 4
2022-12-16T08:33:40Z,84.0,Charge 4
2022-12-16T08:33:50Z,85.0,Charge 4
2022-12-16T08:33:55Z,88.0,Charge 4
2022-12-16T08:34:00Z,89.0,Charge 4
2022-12-16T08:34:05Z,90.0,Charge 4
2022-12-16T08:34:15Z,88.0,Charge 4
2022-12-16T08:34:20Z,86.0,Charge 4
2022-12-16T08:34:25Z,85.0,Charge 4
2022-12-16T08:34:30Z,84.0,Charge 4
2022-12-16T08:34:40Z,89.0,Charge 4
2022-12-16T08:34:45Z,91.0,Charge 4
2022-12-16T08:34:50Z,91.0,Charge 4
2022-12-16T08:34:55Z,89.0,Charge 4
2022-12-16T08:35:00Z,86.0,Charge 4
2022-12-16T08:35:05Z,85.0,Charge 4
2022-12-16T08:35:10Z,86.0,Charge 4
2022-12-16T08:35:20Z,86.0,Charge 4
2022-12-16T08:35:30Z,83.0,Charge 4
2022-12-16T08:35:35Z,81.0,Charge 4
2022-12-16T08:35:45Z,81.0,Charge 4
2022-12-16T08:35:50Z,82.0,Charge 4
2022-12-16T08:35:55Z,83.0,Charge 4
2022-12-16T08:36:00Z,84.0,Charge 4
2022-12-16T08:36:10Z,85.0,Charge 4
2022-12-16T08:36:15Z,84.0,Charge 4
2022-12-16T08:36:20Z,82.0,Charge 4
2022-12-16T08:36:25Z,83.0,Charge 4
2022-12-16T08:36:30Z,84.0,Charge 4
2022-12-16T08:36:35Z,83.0,Charge 4
2022-12-16T08:36:40Z,82.0,Charge 4
2022-12-16T08:36:45Z,82.0,Charge 4
2022-12-16T08:36:55Z,81.0,Charge 4
2022-12-16T08:37:00Z,81.0,Charge 4
2022-12-16T08:37:10Z,82.0,Charge 4
2022-12-16T08:37:20Z,86.0,Charge 4
2022-12-16T08:37:25Z,88.0,Charge 4
2022-12-16T08:37:30Z,89.0,Charge 4
2022-12-16T08:37:45Z,88.0,Charge 4
2022-12-16T08:37:50Z,88.0,Charge 4
2022-12-16T08:38:05Z,88.0,Charge 4
2022-12-16T08:38:10Z,82.0,Charge 4
2022-12-16T08:38:15Z,81.0,Charge 4
2022-12-16T08:38:25Z,82.0,Charge 4
2022-12-16T08:38:30Z,83.0,Charge 4
2022-12-16T08:38:40Z,82.0,Charge 4
2022-12-16T08:38:50Z,82.0,Charge 4
2022-12-16T08:38:55Z,81.0,Charge 4
2022-12-16T08:39:00Z,80.0,Charge 4
2022-12-16T08:39:05Z,81.0,Charge 4
2022-12-16T08:39:10Z,82.0,Charge 4
2022-12-16T08:39:15Z,81.0,Charge 4
2022-12-16T08:39:20Z,80.0,Charge 4
2022-12-16T08:39:30Z,82.0,Charge 4
2022-12-16T08:39:40Z,84.0,Charge 4
2022-12-16T08:39:50Z,82.0,Charge 4
2022-12-16T08:40:05Z,82.0,Charge 4
2022-12-16T08:40:10Z,83.0,Charge 4
2022-12-16T08:40:25Z,83.0,Charge 4
2022-12-16T08:41:06Z,90.0,Charge 4
2022-12-16T08:41:11Z,102.0,Charge 4
2022-12-16T08:41:16Z,105.0,Charge 4
2022-12-16T08:41:26Z,104.0,Charge 4
2022-12-16T08:41:36Z,105.0,Charge 4
2022-12-16T08:41:46Z,106.0,Charge 4
2022-12-16T08:41:56Z,107.0,Charge 4
2022-12-16T08:42:01Z,105.0,Charge 4
2022-12-16T08:42:06Z,102.0,Charge 4
2022-12-16T08:42:21Z,102.0,Charge 4
2022-12-16T08:42:36Z,102.0,Charge 4
2022-12-16T08:42:51Z,102.0,Charge 4
2022-12-16T08:43:01Z,102.0,Charge 4
2022-12-16T08:43:06Z,103.0,Charge 4
2022-12-16T08:43:11Z,102.0,Charge 4
2022-12-16T08:43:26Z,102.0,Charge 4
2022-12-16T08:43:41Z,102.0,Charge 4
2022-12-16T08:43:51Z,103.0,Charge 4
2022-12-16T08:43:56Z,104.0,Charge 4
2022-12-16T08:44:01Z,104.0,Charge 4
2022-12-16T08:44:11Z,105.0,Charge 4
2022-12-16T08:44:16Z,106.0,Charge 4
2022-12-16T08:44:21Z,107.0,Charge 4
2022-12-16T08:44:31Z,107.0,Charge 4
2022-12-16T08:44:36Z,101.0,Charge 4
2022-12-16T08:44:41Z,96.0,Charge 4
2022-12-16T08:44:46Z,98.0,Charge 4
2022-12-16T08:44:51Z,98.0,Charge 4
2022-12-16T08:45:06Z,98.0,Charge 4
2022-12-16T08:45:11Z,100.0,Charge 4
2022-12-16T08:45:16Z,95.0,Charge 4
2022-12-16T08:45:21Z,93.0,Charge 4
2022-12-16T08:45:31Z,94.0,Charge 4
2022-12-16T08:45:36Z,101.0,Charge 4
2022-12-16T08:45:51Z,101.0,Charge 4
2022-12-16T08:45:56Z,99.0,Charge 4
2022-12-16T08:46:01Z,101.0,Charge 4
2022-12-16T08:46:16Z,101.0,Charge 4
2022-12-16T08:46:21Z,103.0,Charge 4
2022-12-16T08:46:26Z,105.0,Charge 4
2022-12-16T08:46:41Z,105.0,Charge 4
2022-12-16T08:46:56Z,105.0,Charge 4
2022-12-16T08:47:06Z,101.0,Charge 4
2022-12-16T08:47:16Z,98.0,Charge 4
2022-12-16T08:47:21Z,96.0,Charge 4
2022-12-16T08:47:26Z,91.0,Charge 4
2022-12-16T08:47:31Z,85.0,Charge 4
2022-12-16T08:47:36Z,83.0,Charge 4
2022-12-16T08:47:41Z,84.0,Charge 4
2022-12-16T08:47:46Z,86.0,Charge 4
2022-12-16T08:47:51Z,87.0,Charge 4
2022-12-16T08:47:59Z,89.0,Charge 4
2022-12-16T08:48:04Z,90.0,Charge 4
2022-12-16T08:48:09Z,93.0,Charge 4
2022-12-16T08:48:14Z,92.0,Charge 4
2022-12-16T08:48:29Z,94.0,Charge 4
2022-12-16T08:48:34Z,95.0,Charge 4
2022-12-16T08:48:39Z,98.0,Charge 4
2022-12-16T08:48:44Z,100.0,Charge 4
2022-12-16T08:48:49Z,99.0,Charge 4
2022-12-16T08:48:54Z,97.0,Charge 4
2022-12-16T08:48:59Z,94.0,Charge 4
2022-12-16T08:49:04Z,91.0,Charge 4
2022-12-16T08:49:09Z,90.0,Charge 4
2022-12-16T08:49:19Z,92.0,Charge 4
2022-12-16T08:49:24Z,93.0,Charge 4
2022-12-16T08:49:29Z,93.0,Charge 4
2022-12-16T08:49:34Z,94.0,Charge 4
2022-12-16T08:49:39Z,91.0,Charge 4
2022-12-16T08:49:44Z,90.0,Charge 4
2022-12-16T08:49:49Z,92.0,Charge 4
2022-12-16T08:50:04Z,91.0,Charge 4
2022-12-16T08:50:09Z,89.0,Charge 4
2022-12-16T08:50:24Z,89.0,Charge 4
2022-12-16T08:50:34Z,90.0,Charge 4
2022-12-16T08:50:39Z,89.0,Charge 4
2022-12-16T08:50:49Z,88.0,Charge 4
2022-12-16T08:50:54Z,87.0,Charge 4
2022-12-16T08:50:59Z,89.0,Charge 4
2022-12-16T08:51:04Z,90.0,Charge 4
2022-12-16T08:51:09Z,91.0,Charge 4
2022-12-16T08:51:14Z,92.0,Charge 4
2022-12-16T08:51:19Z,94.0,Charge 4
2022-12-16T08:51:24Z,96.0,Charge 4
2022-12-16T08:51:29Z,97.0,Charge 4
2022-12-16T08:51:34Z,98.0,Charge 4
2022-12-16T08:51:44Z,99.0,Charge 4
2022-12-16T08:51:54Z,98.0,Charge 4
2022-12-16T08:51:59Z,100.0,Charge 4
2022-12-16T08:52:04Z,99.0,Charge 4
2022-12-16T08:52:09Z,97.0,Charge 4
2022-12-16T08:52:14Z,94.0,Charge 4
2022-12-16T08:52:19Z,96.0,Charge 4
2022-12-16T08:52:24Z,95.0,Charge 4
2022-12-16T08:52:29Z,94.0,Charge 4
2022-12-16T08:52:34Z,97.0,Charge 4
2022-12-16T08:52:39Z,98.0,Charge 4
2022-12-16T08:52:54Z,98.0,Charge 4
2022-12-16T08:52:59Z,105.0,Charge 4
2022-12-16T08:53:04Z,104.0,Charge 4
2022-12-16T08:53:14Z,102.0,Charge 4
2022-12-16T08:53:19Z,100.0,Charge 4
2022-12-16T08:53:24Z,99.0,Charge 4
2022-12-16T08:53:29Z,101.0,Charge 4
2022-12-16T08:53:35Z,102.0,Charge 4
2022-12-16T08:53:40Z,103.0,Charge 4
2022-12-16T08:53:50Z,104.0,Charge 4
2022-12-16T08:54:00Z,101.0,Charge 4
2022-12-16T08:54:05Z,102.0,Charge 4
2022-12-16T08:54:10Z,101.0,Charge 4
2022-12-16T08:54:15Z,99.0,Charge 4
2022-12-16T08:54:20Z,97.0,Charge 4
2022-12-16T08:54:25Z,96.0,Charge 4
2022-12-16T08:54:30Z,95.0,Charge 4
2022-12-16T08:54:35Z,93.0,Charge 4
2022-12-16T08:54:50Z,94.0,Charge 4
2022-12-16T08:55:00Z,93.0,Charge 4
2022-12-16T08:55:05Z,91.0,Charge 4
2022-12-16T08:55:10Z,89.0,Charge 4
2022-12-16T08:55:15Z,88.0,Charge 4
2022-12-16T08:55:20Z,87.0,Charge 4
2022-12-16T08:55:35Z,88.0,Charge 4
2022-12-16T08:55:40Z,89.0,Charge 4
2022-12-16T08:55:50Z,91.0,Charge 4
2022-12-16T08:55:55Z,92.0,Charge 4
2022-12-16T08:56:00Z,87.0,Charge 4
2022-12-16T08:56:05Z,85.0,Charge 4
2022-12-16T08:56:10Z,84.0,Charge 4
2022-12-16T08:56:15Z,85.0,Charge 4
2022-12-16T08:56:25Z,87.0,Charge 4
2022-12-16T08:56:30Z,89.0,Charge 4
2022-12-16T08:56:35Z,88.0,Charge 4
2022-12-16T08:56:50Z,87.0,Charge 4
2022-12-16T08:57:05Z,86.0,Charge 4
2022-12-16T08:57:20Z,86.0,Charge 4
2022-12-16T08:57:35Z,86.0,Charge 4
2022-12-16T08:57:45Z,85.0,Charge 4
2022-12-16T08:57:50Z,83.0,Charge 4
2022-12-16T08:58:00Z,82.0,Charge 4
2022-12-16T08:58:05Z,80.0,Charge 4
2022-12-16T08:58:10Z,79.0,Charge 4
2022-12-16T08:58:15Z,79.0,Charge 4
2022-12-16T08:58:20Z,80.0,Charge 4
2022-12-16T08:58:25Z,87.0,Charge 4
2022-12-16T08:58:35Z,87.0,Charge 4
2022-12-16T08:58:50Z,87.0,Charge 4
2022-12-16T08:58:55Z,86.0,Charge 4
2022-12-16T08:59:10Z,86.0,Charge 4
2022-12-16T08:59:20Z,87.0,Charge 4
2022-12-16T08:59:30Z,85.0,Charge 4
2022-12-16T08:59:40Z,87.0,Charge 4
2022-12-16T08:59:50Z,86.0,Charge 4
2022-12-16T08:59:55Z,85.0,Charge 4
2022-12-16T09:00:10Z,85.0,Charge 4
2022-12-16T09:00:20Z,86.0,Charge 4
2022-12-16T09:00:25Z,89.0,Charge 4
2022-12-16T09:00:30Z,90.0,Charge 4
2022-12-16T09:00:45Z,90.0,Charge 4
2022-12-16T09:00:46Z,89.0,Charge 4
2022-12-16T09:00:51Z,88.0,Charge 4
2022-12-16T09:01:06Z,88.0,Charge 4
2022-12-16T09:01:16Z,87.0,Charge 4
2022-12-16T09:01:21Z,86.0,Charge 4
2022-12-16T09:01:36Z,86.0,Charge 4
2022-12-16T09:01:46Z,86.0,Charge 4
2022-12-16T09:01:56Z,85.0,Charge 4
2022-12-16T09:02:01Z,84.0,Charge 4
2022-12-16T09:02:06Z,86.0,Charge 4
2022-12-16T09:02:11Z,87.0,Charge 4
2022-12-16T09:02:26Z,85.0,Charge 4
2022-12-16T09:02:41Z,85.0,Charge 4
2022-12-16T09:02:46Z,85.0,Charge 4
2022-12-16T09:03:01Z,85.0,Charge 4
2022-12-16T09:03:06Z,84.0,Charge 4
2022-12-16T09:03:21Z,85.0,Charge 4
2022-12-16T09:03:26Z,87.0,Charge 4
2022-12-16T09:03:41Z,89.0,Charge 4
2022-12-16T09:03:46Z,88.0,Charge 4
2022-12-16T09:03:51Z,87.0,Charge 4
2022-12-16T09:04:06Z,87.0,Charge 4
2022-12-16T09:04:11Z,86.0,Charge 4
2022-12-16T09:04:26Z,86.0,Charge 4
2022-12-16T09:04:41Z,86.0,Charge 4
2022-12-16T09:04:46Z,85.0,Charge 4
2022-12-16T09:04:51Z,86.0,Charge 4
2022-12-16T09:04:56Z,86.0,Charge 4
2022-12-16T09:05:11Z,86.0,Charge 4
2022-12-16T09:05:16Z,86.0,Charge 4
2022-12-16T09:05:31Z,86.0,Charge 4
2022-12-16T09:05:36Z,86.0,Charge 4
2022-12-16T09:05:41Z,87.0,Charge 4
2022-12-16T09:05:46Z,86.0,Charge 4
2022-12-16T09:06:01Z,86.0,Charge 4
2022-12-16T09:08:23Z,85.0,Charge 4
2022-12-16T09:08:33Z,84.0,Charge 4
2022-12-16T09:08:48Z,84.0,Charge 4
2022-12-16T09:09:03Z,84.0,Charge 4
2022-12-16T09:09:18Z,83.0,Charge 4
2022-12-16T09:09:23Z,83.0,Charge 4
2022-12-16T09:09:38Z,83.0,Charge 4
2022-12-16T09:09:53Z,83.0,Charge 4
2022-12-16T09:10:03Z,85.0,Charge 4
2022-12-16T09:10:08Z,86.0,Charge 4
2022-12-16T09:10:23Z,86.0,Charge 4
2022-12-16T09:10:38Z,86.0,Charge 4
2022-12-16T09:10:53Z,86.0,Charge 4
2022-12-16T09:11:03Z,85.0,Charge 4
2022-12-16T09:11:08Z,82.0,Charge 4
2022-12-16T09:11:23Z,82.0,Charge 4
2022-12-16T09:11:33Z,81.0,Charge 4
2022-12-16T09:11:38Z,80.0,Charge 4
2022-12-16T09:11:43Z,81.0,Charge 4
2022-12-16T09:11:48Z,84.0,Charge 4
2022-12-16T09:11:53Z,86.0,Charge 4
2022-12-16T09:12:03Z,85.0,Charge 4
2022-12-16T09:12:08Z,83.0,Charge 4
2022-12-16T09:12:23Z,84.0,Charge 4
2022-12-16T09:12:33Z,85.0,Charge 4
2022-12-16T09:12:43Z,86.0,Charge 4
2022-12-16T09:12:53Z,85.0,Charge 4
2022-12-16T09:12:58Z,85.0,Charge 4
2022-12-16T09:13:13Z,85.0,Charge 4
2022-12-16T09:13:18Z,89.0,Charge 4
2022-12-16T09:13:23Z,92.0,Charge 4
2022-12-16T09:13:28Z,91.0,Charge 4
2022-12-16T09:13:33Z,89.0,Charge 4
2022-12-16T09:13:38Z,88.0,Charge 4
2022-12-16T09:13:53Z,88.0,Charge 4
2022-12-16T09:14:08Z,88.0,Charge 4
2022-12-16T09:14:13Z,88.0,Charge 4
2022-12-16T09:14:18Z,87.0,Charge 4
2022-12-16T09:14:23Z,85.0,Charge 4
2022-12-16T09:14:33Z,85.0,Charge 4
2022-12-16T09:14:43Z,84.0,Charge 4
2022-12-16T09:14:58Z,84.0,Charge 4
2022-12-16T09:15:08Z,85.0,Charge 4
2022-12-16T09:15:18Z,84.0,Charge 4
2022-12-16T09:15:33Z,84.0,Charge 4
2022-12-16T09:15:48Z,83.0,Charge 4
2022-12-16T09:16:03Z,83.0,Charge 4
2022-12-16T09:16:18Z,83.0,Charge 4
2022-12-16T09:16:23Z,84.0,Charge 4
2022-12-16T09:16:33Z,86.0,Charge 4
2022-12-16T09:16:38Z,85.0,Charge 4
2022-12-16T09:16:48Z,84.0,Charge 4
2022-12-16T09:16:58Z,83.0,Charge 4
2022-12-16T09:17:04Z,82.0,Charge 4
2022-12-16T09:17:09Z,83.0,Charge 4
2022-12-16T09:17:24Z,85.0,Charge 4
2022-12-16T09:17:29Z,86.0,Charge 4
2022-12-16T09:17:44Z,86.0,Charge 4
2022-12-16T09:17:59Z,86.0,Charge 4
2022-12-16T09:18:14Z,86.0,Charge 4
2022-12-16T09:18:29Z,86.0,Charge 4
2022-12-16T09:18:34Z,86.0,Charge 4
2022-12-16T09:18:44Z,85.0,Charge 4
2022-12-16T09:18:54Z,84.0,Charge 4
2022-12-16T09:18:59Z,84.0,Charge 4
2022-12-16T09:19:09Z,83.0,Charge 4
2022-12-16T09:19:24Z,83.0,Charge 4
2022-12-16T09:19:39Z,83.0,Charge 4
2022-12-16T09:19:49Z,82.0,Charge 4
2022-12-16T09:19:59Z,83.0,Charge 4
2022-12-16T09:20:09Z,82.0,Charge 4
2022-12-16T09:20:19Z,81.0,Charge 4
2022-12-16T09:20:34Z,81.0,Charge 4
2022-12-16T09:20:49Z,81.0,Charge 4
2022-12-16T09:20:54Z,84.0,Charge 4
2022-12-16T09:21:04Z,83.0,Charge 4
2022-12-16T09:21:14Z,84.0,Charge 4
2022-12-16T09:21:29Z,85.0,Charge 4
2022-12-16T09:21:44Z,85.0,Charge 4
2022-12-16T09:21:49Z,82.0,Charge 4
2022-12-16T09:21:54Z,79.0,Charge 4
2022-12-16T09:21:59Z,81.0,Charge 4
2022-12-16T09:22:04Z,82.0,Charge 4
2022-12-16T09:22:14Z,83.0,Charge 4
2022-12-16T09:22:19Z,82.0,Charge 4
2022-12-16T09:22:24Z,82.0,Charge 4
2022-12-16T09:22:39Z,87.0,Charge 4
2022-12-16T09:22:44Z,90.0,Charge 4
2022-12-16T09:22:54Z,89.0,Charge 4
2022-12-16T09:22:59Z,88.0,Charge 4
2022-12-16T09:23:04Z,86.0,Charge 4
2022-12-16T09:23:09Z,86.0,Charge 4
2022-12-16T09:23:24Z,86.0,Charge 4
2022-12-16T09:23:29Z,87.0,Charge 4
2022-12-16T09:23:44Z,87.0,Charge 4
2022-12-16T09:23:49Z,84.0,Charge 4
2022-12-16T09:23:54Z,80.0,Charge 4
2022-12-16T09:23:59Z,79.0,Charge 4
2022-12-16T09:24:14Z,80.0,Charge 4
2022-12-16T09:24:24Z,82.0,Charge 4
2022-12-16T09:24:29Z,88.0,Charge 4
2022-12-16T09:24:34Z,94.0,Charge 4
2022-12-16T09:24:39Z,95.0,Charge 4
2022-12-16T09:24:54Z,96.0,Charge 4
2022-12-16T09:24:59Z,98.0,Charge 4
2022-12-16T09:25:04Z,97.0,Charge 4
2022-12-16T09:25:09Z,96.0,Charge 4
2022-12-16T09:25:14Z,96.0,Charge 4
2022-12-16T09:25:24Z,97.0,Charge 4
2022-12-16T09:25:29Z,98.0,Charge 4
2022-12-16T09:25:34Z,99.0,Charge 4
2022-12-16T09:25:39Z,98.0,Charge 4
2022-12-16T09:25:44Z,96.0,Charge 4
2022-12-16T09:25:49Z,95.0,Charge 4
2022-12-16T09:25:59Z,96.0,Charge 4
2022-12-16T09:26:04Z,95.0,Charge 4
2022-12-16T09:26:19Z,94.0,Charge 4
2022-12-16T09:26:29Z,95.0,Charge 4
2022-12-16T09:26:34Z,94.0,Charge 4
2022-12-16T09:26:44Z,95.0,Charge 4
2022-12-16T09:26:49Z,96.0,Charge 4
2022-12-16T09:26:54Z,98.0,Charge 4
2022-12-16T09:26:59Z,97.0,Charge 4
2022-12-16T09:27:04Z,98.0,Charge 4
2022-12-16T09:27:09Z,97.0,Charge 4
2022-12-16T09:27:14Z,96.0,Charge 4
2022-12-16T09:27:19Z,95.0,Charge 4
2022-12-16T09:27:24Z,94.0,Charge 4
2022-12-16T09:27:34Z,93.0,Charge 4
2022-12-16T09:27:44Z,92.0,Charge 4
2022-12-16T09:27:49Z,91.0,Charge 4
2022-12-16T09:27:54Z,93.0,Charge 4
2022-12-16T09:27:59Z,94.0,Charge 4
2022-12-16T09:28:09Z,95.0,Charge 4
2022-12-16T09:28:14Z,95.0,Charge 4
2022-12-16T09:28:24Z,97.0,Charge 4
2022-12-16T09:28:34Z,98.0,Charge 4
2022-12-16T09:28:39Z,97.0,Charge 4
2022-12-16T09:28:49Z,96.0,Charge 4
2022-12-16T09:28:54Z,92.0,Charge 4
2022-12-16T09:28:59Z,93.0,Charge 4
2022-12-16T09:29:09Z,93.0,Charge 4
2022-12-16T09:29:14Z,94.0,Charge 4
2022-12-16T09:29:19Z,94.0,Charge 4
2022-12-16T09:29:24Z,94.0,Charge 4
2022-12-16T09:29:34Z,93.0,Charge 4
2022-12-16T09:29:39Z,93.0,Charge 4
2022-12-16T09:29:54Z,93.0,Charge 4
2022-12-16T09:30:04Z,92.0,Charge 4
2022-12-16T09:30:09Z,91.0,Charge 4
2022-12-16T09:30:14Z,90.0,Charge 4
2022-12-16T09:30:24Z,90.0,Charge 4
2022-12-16T09:30:29Z,90.0,Charge 4
2022-12-16T09:30:44Z,90.0,Charge 4
2022-12-16T09:30:49Z,89.0,Charge 4
2022-12-16T09:30:54Z,88.0,Charge 4
2022-12-16T09:30:59Z,88.0,Charge 4
2022-12-16T09:31:04Z,89.0,Charge 4
2022-12-16T09:31:14Z,90.0,Charge 4
2022-12-16T09:31:29Z,90.0,Charge 4
2022-12-16T09:31:39Z,89.0,Charge 4
2022-12-16T09:31:45Z,89.0,Charge 4
2022-12-16T09:31:50Z,88.0,Charge 4
2022-12-16T09:32:00Z,89.0,Charge 4
2022-12-16T09:32:05Z,88.0,Charge 4
2022-12-16T09:32:10Z,88.0,Charge 4
2022-12-16T09:32:15Z,88.0,Charge 4
2022-12-16T09:32:25Z,89.0,Charge 4
2022-12-16T09:32:30Z,87.0,Charge 4
2022-12-16T09:32:35Z,87.0,Charge 4
2022-12-16T09:32:40Z,88.0,Charge 4
2022-12-16T09:32:50Z,88.0,Charge 4
2022-12-16T09:32:55Z,86.0,Charge 4
2022-12-16T09:33:05Z,86.0,Charge 4
2022-12-16T09:33:20Z,86.0,Charge 4
2022-12-16T09:33:35Z,88.0,Charge 4
2022-12-16T09:33:45Z,87.0,Charge 4
2022-12-16T09:34:00Z,87.0,Charge 4
2022-12-16T09:34:10Z,88.0,Charge 4
2022-12-16T09:34:15Z,89.0,Charge 4
2022-12-16T09:34:20Z,89.0,Charge 4
2022-12-16T09:34:25Z,89.0,Charge 4
2022-12-16T09:34:40Z,89.0,Charge 4
2022-12-16T09:34:45Z,88.0,Charge 4
2022-12-16T09:34:55Z,89.0,Charge 4
2022-12-16T09:35:00Z,88.0,Charge 4
2022-12-16T09:35:05Z,87.0,Charge 4
2022-12-16T09:35:10Z,87.0,Charge 4
2022-12-16T09:35:15Z,87.0,Charge 4
2022-12-16T09:35:20Z,87.0,Charge 4
2022-12-16T09:35:30Z,86.0,Charge 4
2022-12-16T09:35:35Z,85.0,Charge 4
2022-12-16T09:35:40Z,83.0,Charge 4
2022-12-16T09:35:45Z,83.0,Charge 4
2022-12-16T09:35:50Z,83.0,Charge 4
2022-12-16T09:36:05Z,83.0,Charge 4
2022-12-16T09:36:15Z,84.0,Charge 4
2022-12-16T09:36:20Z,85.0,Charge 4
2022-12-16T09:36:25Z,86.0,Charge 4
2022-12-16T09:36:30Z,84.0,Charge 4
2022-12-16T09:36:35Z,83.0,Charge 4
2022-12-16T09:36:50Z,83.0,Charge 4
2022-12-16T09:37:00Z,84.0,Charge 4
2022-12-16T09:37:05Z,85.0,Charge 4
2022-12-16T09:37:15Z,86.0,Charge 4
2022-12-16T09:37:20Z,85.0,Charge 4
2022-12-16T09:37:35Z,86.0,Charge 4
2022-12-16T09:37:40Z,87.0,Charge 4
2022-12-16T09:37:45Z,89.0,Charge 4
2022-12-16T09:38:00Z,89.0,Charge 4
2022-12-16T09:38:15Z,89.0,Charge 4
2022-12-16T09:38:30Z,88.0,Charge 4
2022-12-16T09:38:45Z,88.0,Charge 4
2022-12-16T09:39:00Z,88.0,Charge 4
2022-12-16T09:39:15Z,87.0,Charge 4
2022-12-16T09:39:20Z,88.0,Charge 4
2022-12-16T09:39:25Z,87.0,Charge 4
2022-12-16T09:39:40Z,87.0,Charge 4
2022-12-16T09:39:55Z,88.0,Charge 4
2022-12-16T09:40:10Z,88.0,Charge 4
2022-12-16T09:40:20Z,87.0,Charge 4
2022-12-16T09:40:25Z,85.0,Charge 4
2022-12-16T09:40:40Z,85.0,Charge 4
2022-12-16T09:40:50Z,86.0,Charge 4
2022-12-16T09:40:55Z,87.0,Charge 4
2022-12-16T09:41:05Z,88.0,Charge 4
2022-12-16T09:41:20Z,88.0,Charge 4
2022-12-16T09:41:25Z,89.0,Charge 4
2022-12-16T09:41:40Z,89.0,Charge 4
2022-12-16T09:41:55Z,88.0,Charge 4
2022-12-16T09:42:10Z,88.0,Charge 4
2022-12-16T09:42:25Z,88.0,Charge 4
2022-12-16T09:42:35Z,86.0,Charge 4
2022-12-16T09:42:45Z,87.0,Charge 4
2022-12-16T09:42:55Z,88.0,Charge 4
2022-12-16T09:43:10Z,88.0,Charge 4
2022-12-16T09:43:25Z,88.0,Charge 4
2022-12-16T09:43:30Z,89.0,Charge 4
2022-12-16T09:43:45Z,90.0,Charge 4
2022-12-16T09:43:50Z,90.0,Charge 4
2022-12-16T09:43:55Z,90.0,Charge 4
2022-12-16T09:44:10Z,90.0,Charge 4
2022-12-16T09:44:15Z,90.0,Charge 4
2022-12-16T09:44:30Z,90.0,Charge 4
2022-12-16T09:44:35Z,89.0,Charge 4
2022-12-16T09:44:45Z,90.0,Charge 4
2022-12-16T09:44:50Z,91.0,Charge 4
2022-12-16T09:45:05Z,91.0,Charge 4
2022-12-16T09:45:20Z,90.0,Charge 4
2022-12-16T09:45:35Z,90.0,Charge 4
2022-12-16T09:45:50Z,90.0,Charge 4
2022-12-16T09:46:05Z,90.0,Charge 4
2022-12-16T09:46:15Z,91.0,Charge 4
2022-12-16T09:46:30Z,91.0,Charge 4
2022-12-16T09:46:40Z,92.0,Charge 4
2022-12-16T09:46:50Z,93.0,Charge 4
2022-12-16T09:46:55Z,94.0,Charge 4
2022-12-16T09:47:00Z,96.0,Charge 4
2022-12-16T09:47:05Z,98.0,Charge 4
2022-12-16T09:47:10Z,99.0,Charge 4
2022-12-16T09:47:15Z,100.0,Charge 4
2022-12-16T09:47:30Z,100.0,Charge 4
2022-12-16T09:47:35Z,98.0,Charge 4
2022-12-16T09:47:40Z,97.0,Charge 4
2022-12-16T09:47:50Z,96.0,Charge 4
2022-12-16T09:47:55Z,98.0,Charge 4
2022-12-16T09:48:00Z,99.0,Charge 4
2022-12-16T09:48:10Z,101.0,Charge 4
2022-12-16T09:48:16Z,105.0,Charge 4
2022-12-16T09:48:21Z,107.0,Charge 4
2022-12-16T09:48:26Z,108.0,Charge 4
2022-12-16T09:48:31Z,104.0,Charge 4
2022-12-16T09:48:36Z,99.0,Charge 4
2022-12-16T09:48:41Z,98.0,Charge 4
2022-12-16T09:48:46Z,96.0,Charge 4
2022-12-16T09:48:51Z,95.0,Charge 4
2022-12-16T09:49:06Z,94.0,Charge 4
2022-12-16T09:49:11Z,95.0,Charge 4
2022-12-16T09:49:21Z,95.0,Charge 4
2022-12-16T09:49:26Z,93.0,Charge 4
2022-12-16T09:49:31Z,92.0,Charge 4
2022-12-16T09:49:46Z,92.0,Charge 4
2022-12-16T09:49:56Z,91.0,Charge 4
2022-12-16T09:50:01Z,92.0,Charge 4
2022-12-16T09:50:11Z,95.0,Charge 4
2022-12-16T09:50:16Z,97.0,Charge 4
2022-12-16T09:50:26Z,98.0,Charge 4
2022-12-16T09:50:31Z,96.0,Charge 4
2022-12-16T09:50:36Z,94.0,Charge 4
2022-12-16T09:50:51Z,93.0,Charge 4
2022-12-16T09:51:01Z,91.0,Charge 4
2022-12-16T09:51:06Z,91.0,Charge 4
2022-12-16T09:51:11Z,92.0,Charge 4
2022-12-16T09:51:26Z,92.0,Charge 4
2022-12-16T09:51:41Z,92.0,Charge 4
2022-12-16T09:51:43Z,92.0,Charge 4
2022-12-16T09:51:48Z,91.0,Charge 4
2022-12-16T09:52:03Z,91.0,Charge 4
2022-12-16T09:52:18Z,91.0,Charge 4
2022-12-16T09:52:33Z,91.0,Charge 4
2022-12-16T09:55:57Z,92.0,Charge 4
2022-12-16T09:56:12Z,92.0,Charge 4
2022-12-16T09:56:17Z,93.0,Charge 4
2022-12-16T09:56:27Z,92.0,Charge 4
2022-12-16T09:56:37Z,93.0,Charge 4
2022-12-16T09:56:52Z,94.0,Charge 4
2022-12-16T09:56:57Z,95.0,Charge 4
2022-12-16T09:57:02Z,96.0,Charge 4
2022-12-16T09:57:12Z,95.0,Charge 4
2022-12-16T09:57:17Z,94.0,Charge 4
2022-12-16T09:57:27Z,93.0,Charge 4
2022-12-16T09:57:42Z,93.0,Charge 4
2022-12-16T09:57:57Z,93.0,Charge 4
2022-12-16T09:58:12Z,94.0,Charge 4
2022-12-16T09:58:27Z,94.0,Charge 4
2022-12-16T09:58:37Z,94.0,Charge 4
2022-12-16T09:58:42Z,93.0,Charge 4
2022-12-16T09:58:57Z,93.0,Charge 4
2022-12-16T09:59:02Z,93.0,Charge 4
2022-12-16T09:59:07Z,92.0,Charge 4
2022-12-16T09:59:22Z,92.0,Charge 4
2022-12-16T09:59:27Z,92.0,Charge 4
2022-12-16T09:59:42Z,92.0,Charge 4
2022-12-16T09:59:46Z,92.0,Charge 4
2022-12-16T10:00:01Z,91.0,Charge 4
2022-12-16T10:00:06Z,90.0,Charge 4
2022-12-16T10:00:16Z,91.0,Charge 4
2022-12-16T10:00:21Z,92.0,Charge 4
2022-12-16T10:00:36Z,91.0,Charge 4
2022-12-16T10:00:51Z,92.0,Charge 4
2022-12-16T10:01:01Z,93.0,Charge 4
2022-12-16T10:01:06Z,94.0,Charge 4
2022-12-16T10:01:11Z,93.0,Charge 4
2022-12-16T10:01:26Z,93.0,Charge 4
2022-12-16T10:01:36Z,94.0,Charge 4
2022-12-16T10:01:41Z,96.0,Charge 4
2022-12-16T10:01:56Z,95.0,Charge 4
2022-12-16T10:02:06Z,94.0,Charge 4
2022-12-16T10:02:21Z,94.0,Charge 4
2022-12-16T10:02:36Z,94.0,Charge 4
2022-12-16T10:02:41Z,95.0,Charge 4
2022-12-16T10:02:51Z,94.0,Charge 4
2022-12-16T10:03:01Z,95.0,Charge 4
2022-12-16T10:03:06Z,93.0,Charge 4
2022-12-16T10:03:21Z,93.0,Charge 4
2022-12-16T10:03:26Z,92.0,Charge 4
2022-12-16T10:03:36Z,92.0,Charge 4
2022-12-16T10:03:46Z,91.0,Charge 4
2022-12-16T10:03:51Z,92.0,Charge 4
2022-12-16T10:04:06Z,92.0,Charge 4
2022-12-16T10:04:11Z,92.0,Charge 4
2022-12-16T10:04:26Z,92.0,Charge 4
2022-12-16T10:04:41Z,92.0,Charge 4
2022-12-16T10:04:46Z,93.0,Charge 4
2022-12-16T10:04:56Z,92.0,Charge 4
2022-12-16T10:05:11Z,92.0,Charge 4
2022-12-16T10:05:16Z,91.0,Charge 4
2022-12-16T10:05:21Z,89.0,Charge 4
2022-12-16T10:05:26Z,87.0,Charge 4
2022-12-16T10:05:31Z,88.0,Charge 4
2022-12-16T10:05:41Z,90.0,Charge 4
2022-12-16T10:05:46Z,91.0,Charge 4
2022-12-16T10:05:56Z,92.0,Charge 4
2022-12-16T10:06:06Z,93.0,Charge 4
2022-12-16T10:06:11Z,94.0,Charge 4
2022-12-16T10:06:16Z,95.0,Charge 4
2022-12-16T10:06:31Z,95.0,Charge 4
2022-12-16T10:06:36Z,96.0,Charge 4
2022-12-16T10:06:41Z,95.0,Charge 4
2022-12-16T10:06:46Z,96.0,Charge 4
2022-12-16T10:06:56Z,97.0,Charge 4
2022-12-16T10:07:11Z,97.0,Charge 4
2022-12-16T10:07:26Z,97.0,Charge 4
2022-12-16T10:07:41Z,97.0,Charge 4
2022-12-16T10:07:56Z,97.0,Charge 4
2022-12-16T10:08:01Z,96.0,Charge 4
2022-12-16T10:08:06Z,97.0,Charge 4
2022-12-16T10:08:12Z,96.0,Charge 4
2022-12-16T10:08:17Z,97.0,Charge 4
2022-12-16T10:08:22Z,96.0,Charge 4
2022-12-16T10:08:37Z,96.0,Charge 4
2022-12-16T10:08:42Z,97.0,Charge 4
2022-12-16T10:08:57Z,97.0,Charge 4
2022-12-16T10:09:12Z,97.0,Charge 4
2022-12-16T10:09:17Z,98.0,Charge 4
2022-12-16T10:09:22Z,97.0,Charge 4
2022-12-16T10:09:37Z,97.0,Charge 4
2022-12-16T10:09:42Z,98.0,Charge 4
2022-12-16T10:09:47Z,97.0,Charge 4
2022-12-16T10:09:57Z,98.0,Charge 4
2022-12-16T10:10:12Z,98.0,Charge 4
2022-12-16T10:10:27Z,98.0,Charge 4
2022-12-16T10:10:32Z,97.0,Charge 4
2022-12-16T10:10:42Z,96.0,Charge 4
2022-12-16T10:10:57Z,96.0,Charge 4
2022-12-16T10:11:02Z,97.0,Charge 4
2022-12-16T10:11:17Z,97.0,Charge 4
2022-12-16T10:11:22Z,98.0,Charge 4
2022-12-16T10:11:37Z,96.0,Charge 4
2022-12-16T10:11:52Z,96.0,Charge 4
2022-12-16T10:12:02Z,88.0,Charge 4
2022-12-16T10:12:07Z,85.0,Charge 4
2022-12-16T10:12:12Z,86.0,Charge 4
2022-12-16T10:12:27Z,87.0,Charge 4
2022-12-16T10:12:32Z,87.0,Charge 4
2022-12-16T10:12:37Z,88.0,Charge 4
2022-12-16T10:12:42Z,89.0,Charge 4
2022-12-16T10:12:57Z,89.0,Charge 4
2022-12-16T10:13:12Z,90.0,Charge 4
2022-12-16T10:13:17Z,89.0,Charge 4
2022-12-16T10:13:32Z,91.0,Charge 4
2022-12-16T10:13:37Z,90.0,Charge 4
2022-12-16T10:13:52Z,90.0,Charge 4
2022-12-16T10:14:02Z,91.0,Charge 4
2022-12-16T10:14:07Z,92.0,Charge 4
2022-12-16T10:14:22Z,92.0,Charge 4
2022-12-16T10:14:32Z,93.0,Charge 4
2022-12-16T10:14:47Z,94.0,Charge 4
2022-12-16T10:14:52Z,95.0,Charge 4
2022-12-16T10:14:57Z,96.0,Charge 4
2022-12-16T10:15:12Z,96.0,Charge 4
2022-12-16T10:15:17Z,95.0,Charge 4
2022-12-16T10:15:22Z,95.0,Charge 4
2022-12-16T10:15:27Z,89.0,Charge 4
2022-12-16T10:15:32Z,88.0,Charge 4
2022-12-16T10:15:37Z,89.0,Charge 4
2022-12-16T10:15:47Z,91.0,Charge 4
2022-12-16T10:15:52Z,94.0,Charge 4
2022-12-16T10:15:57Z,95.0,Charge 4
2022-12-16T10:16:02Z,96.0,Charge 4
2022-12-16T10:16:07Z,95.0,Charge 4
2022-12-16T10:16:12Z,95.0,Charge 4
2022-12-16T10:16:17Z,92.0,Charge 4
2022-12-16T10:16:27Z,93.0,Charge 4
2022-12-16T10:16:32Z,94.0,Charge 4
2022-12-16T10:16:37Z,95.0,Charge 4
2022-12-16T10:16:42Z,97.0,Charge 4
2022-12-16T10:16:52Z,96.0,Charge 4
2022-12-16T10:16:57Z,96.0,Charge 4
2022-12-16T10:17:02Z,97.0,Charge 4
2022-12-16T10:17:17Z,96.0,Charge 4
2022-12-16T10:17:32Z,96.0,Charge 4
2022-12-16T10:17:37Z,94.0,Charge 4
2022-12-16T10:17:42Z,92.0,Charge 4
2022-12-16T10:17:47Z,93.0,Charge 4
2022-12-16T10:18:02Z,93.0,Charge 4
2022-12-16T10:18:07Z,92.0,Charge 4
2022-12-16T10:18:12Z,90.0,Charge 4
2022-12-16T10:18:17Z,89.0,Charge 4
2022-12-16T10:18:32Z,90.0,Charge 4
2022-12-16T10:18:42Z,91.0,Charge 4
2022-12-16T10:18:47Z,93.0,Charge 4
2022-12-16T10:18:57Z,94.0,Charge 4
2022-12-16T10:19:02Z,95.0,Charge 4
2022-12-16T10:19:07Z,94.0,Charge 4
2022-12-16T10:19:12Z,93.0,Charge 4
2022-12-16T10:19:17Z,94.0,Charge 4
2022-12-16T10:19:22Z,96.0,Charge 4
2022-12-16T10:19:27Z,97.0,Charge 4
2022-12-16T10:19:42Z,97.0,Charge 4
2022-12-16T10:19:57Z,97.0,Charge 4
2022-12-16T10:20:12Z,98.0,Charge 4
2022-12-16T10:20:27Z,98.0,Charge 4
2022-12-16T10:20:42Z,98.0,Charge 4
2022-12-16T10:20:57Z,97.0,Charge 4
2022-12-16T10:21:07Z,96.0,Charge 4
2022-12-16T10:21:22Z,96.0,Charge 4
2022-12-16T10:21:37Z,96.0,Charge 4
2022-12-16T10:21:52Z,97.0,Charge 4
2022-12-16T10:22:07Z,96.0,Charge 4
2022-12-16T10:22:22Z,96.0,Charge 4
2022-12-16T10:22:37Z,96.0,Charge 4
2022-12-16T10:22:52Z,96.0,Charge 4
2022-12-16T10:23:07Z,95.0,Charge 4
2022-12-16T10:23:22Z,94.0,Charge 4
2022-12-16T10:23:37Z,94.0,Charge 4
2022-12-16T10:23:47Z,95.0,Charge 4
2022-12-16T10:23:52Z,96.0,Charge 4
2022-12-16T10:24:07Z,94.0,Charge 4
2022-12-16T10:24:22Z,92.0,Charge 4
2022-12-16T10:24:37Z,92.0,Charge 4
2022-12-16T10:24:47Z,91.0,Charge 4
2022-12-16T10:24:57Z,92.0,Charge 4
2022-12-16T10:25:12Z,92.0,Charge 4
2022-12-16T10:25:27Z,92.0,Charge 4
2022-12-16T10:25:28Z,91.0,Charge 4
2022-12-16T10:25:33Z,89.0,Charge 4
2022-12-16T10:25:48Z,89.0,Charge 4
2022-12-16T10:25:53Z,86.0,Charge 4
2022-12-16T10:25:58Z,87.0,Charge 4
2022-12-16T10:26:03Z,88.0,Charge 4
2022-12-16T10:26:08Z,89.0,Charge 4
2022-12-16T10:26:23Z,89.0,Charge 4
2022-12-16T10:26:33Z,90.0,Charge 4
2022-12-16T10:26:43Z,91.0,Charge 4
2022-12-16T10:26:48Z,92.0,Charge 4
2022-12-16T10:26:58Z,90.0,Charge 4
2022-12-16T10:27:03Z,88.0,Charge 4
2022-12-16T10:27:08Z,88.0,Charge 4
2022-12-16T10:27:18Z,88.0,Charge 4
2022-12-16T10:27:23Z,89.0,Charge 4
2022-12-16T10:27:38Z,90.0,Charge 4
2022-12-16T10:27:53Z,90.0,Charge 4
2022-12-16T10:28:03Z,91.0,Charge 4
2022-12-16T10:28:08Z,92.0,Charge 4
2022-12-16T10:28:23Z,94.0,Charge 4
2022-12-16T10:28:28Z,95.0,Charge 4
2022-12-16T10:28:38Z,94.0,Charge 4
2022-12-16T10:28:53Z,94.0,Charge 4
2022-12-16T10:29:08Z,95.0,Charge 4
2022-12-16T10:29:23Z,94.0,Charge 4
2022-12-16T10:29:28Z,95.0,Charge 4
2022-12-16T10:29:33Z,93.0,Charge 4
2022-12-16T10:29:48Z,93.0,Charge 4
2022-12-16T10:30:03Z,93.0,Charge 4
2022-12-16T10:30:13Z,94.0,Charge 4
2022-12-16T10:30:28Z,94.0,Charge 4
2022-12-16T10:30:33Z,93.0,Charge 4
2022-12-16T10:30:43Z,94.0,Charge 4
2022-12-16T10:30:58Z,94.0,Charge 4
2022-12-16T10:31:13Z,94.0,Charge 4
2022-12-16T10:31:28Z,94.0,Charge 4
2022-12-16T10:31:43Z,93.0,Charge 4
2022-12-16T10:31:48Z,92.0,Charge 4
2022-12-16T10:31:53Z,93.0,Charge 4
2022-12-16T10:31:58Z,92.0,Charge 4
2022-12-16T10:32:13Z,92.0,Charge 4
2022-12-16T10:32:18Z,93.0,Charge 4
2022-12-16T10:32:23Z,94.0,Charge 4
2022-12-16T10:32:38Z,94.0,Charge 4
2022-12-16T10:32:43Z,95.0,Charge 4
2022-12-16T10:32:53Z,94.0,Charge 4
2022-12-16T10:33:03Z,93.0,Charge 4
2022-12-16T10:33:13Z,94.0,Charge 4
2022-12-16T10:33:23Z,93.0,Charge 4
2022-12-16T10:33:28Z,94.0,Charge 4
2022-12-16T10:33:33Z,94.0,Charge 4
2022-12-16T10:33:43Z,92.0,Charge 4
2022-12-16T10:33:48Z,91.0,Charge 4
2022-12-16T10:33:53Z,91.0,Charge 4
2022-12-16T10:33:58Z,91.0,Charge 4
2022-12-16T10:34:03Z,90.0,Charge 4
2022-12-16T10:34:08Z,90.0,Charge 4
2022-12-16T10:34:13Z,90.0,Charge 4
2022-12-16T10:34:18Z,91.0,Charge 4
2022-12-16T10:34:23Z,90.0,Charge 4
2022-12-16T10:34:33Z,92.0,Charge 4
2022-12-16T10:34:38Z,94.0,Charge 4
2022-12-16T10:34:53Z,94.0,Charge 4
2022-12-16T10:35:08Z,94.0,Charge 4
2022-12-16T10:35:13Z,93.0,Charge 4
2022-12-16T10:35:28Z,94.0,Charge 4
2022-12-16T10:35:43Z,94.0,Charge 4
2022-12-16T10:35:53Z,93.0,Charge 4
2022-12-16T10:36:03Z,92.0,Charge 4
2022-12-16T10:36:18Z,92.0,Charge 4
2022-12-16T10:36:23Z,93.0,Charge 4
2022-12-16T10:36:38Z,94.0,Charge 4
2022-12-16T10:36:53Z,94.0,Charge 4
2022-12-16T10:37:03Z,95.0,Charge 4
2022-12-16T10:37:08Z,94.0,Charge 4
2022-12-16T10:37:23Z,95.0,Charge 4
2022-12-16T10:37:38Z,95.0,Charge 4
2022-12-16T10:37:43Z,94.0,Charge 4
2022-12-16T10:37:58Z,94.0,Charge 4
2022-12-16T10:38:13Z,95.0,Charge 4
2022-12-16T10:38:18Z,95.0,Charge 4
2022-12-16T10:38:33Z,95.0,Charge 4
2022-12-16T10:38:43Z,96.0,Charge 4
2022-12-16T10:38:58Z,96.0,Charge 4
2022-12-16T10:39:13Z,95.0,Charge 4
2022-12-16T10:39:28Z,95.0,Charge 4
2022-12-16T10:39:33Z,94.0,Charge 4
2022-12-16T10:39:38Z,93.0,Charge 4
2022-12-16T10:39:53Z,92.0,Charge 4
2022-12-16T10:39:58Z,91.0,Charge 4
2022-12-16T10:40:13Z,91.0,Charge 4
2022-12-16T10:40:23Z,92.0,Charge 4
2022-12-16T10:40:28Z,94.0,Charge 4
2022-12-16T10:40:33Z,94.0,Charge 4
2022-12-16T10:40:48Z,94.0,Charge 4
2022-12-16T10:41:03Z,94.0,Charge 4
2022-12-16T10:41:18Z,95.0,Charge 4
2022-12-16T10:41:33Z,95.0,Charge 4
2022-12-16T10:41:48Z,95.0,Charge 4
2022-12-16T10:42:03Z,95.0,Charge 4
2022-12-16T10:42:08Z,96.0,Charge 4
2022-12-16T10:42:23Z,96.0,Charge 4
2022-12-16T10:42:38Z,96.0,Charge 4
2022-12-16T10:42:43Z,97.0,Charge 4
2022-12-16T10:42:48Z,98.0,Charge 4
2022-12-16T10:43:03Z,98.0,Charge 4
2022-12-16T10:43:09Z,97.0,Charge 4
2022-12-16T10:43:14Z,96.0,Charge 4
2022-12-16T10:43:19Z,93.0,Charge 4
2022-12-16T10:43:24Z,90.0,Charge 4
2022-12-16T10:43:39Z,90.0,Charge 4
2022-12-16T10:43:44Z,89.0,Charge 4
2022-12-16T10:43:59Z,90.0,Charge 4
2022-12-16T10:44:14Z,91.0,Charge 4
2022-12-16T10:44:29Z,91.0,Charge 4
2022-12-16T10:44:34Z,92.0,Charge 4
2022-12-16T10:44:49Z,93.0,Charge 4
2022-12-16T10:44:54Z,94.0,Charge 4
2022-12-16T10:45:04Z,96.0,Charge 4
2022-12-16T10:45:19Z,95.0,Charge 4
2022-12-16T10:45:29Z,94.0,Charge 4
2022-12-16T10:45:34Z,93.0,Charge 4
2022-12-16T10:45:44Z,94.0,Charge 4
2022-12-16T10:45:49Z,93.0,Charge 4
2022-12-16T10:46:04Z,93.0,Charge 4
2022-12-16T10:46:19Z,93.0,Charge 4
2022-12-16T10:46:24Z,94.0,Charge 4
2022-12-16T10:46:39Z,94.0,Charge 4
2022-12-16T10:46:54Z,94.0,Charge 4
2022-12-16T10:46:59Z,95.0,Charge 4
2022-12-16T10:47:14Z,94.0,Charge 4
2022-12-16T10:47:24Z,95.0,Charge 4
2022-12-16T10:47:29Z,94.0,Charge 4
2022-12-16T10:47:34Z,95.0,Charge 4
2022-12-16T10:47:49Z,95.0,Charge 4
2022-12-16T10:47:54Z,94.0,Charge 4
2022-12-16T10:48:04Z,95.0,Charge 4
2022-12-16T10:48:19Z,95.0,Charge 4
2022-12-16T10:48:34Z,95.0,Charge 4
2022-12-16T10:48:49Z,95.0,Charge 4
2022-12-16T10:48:54Z,94.0,Charge 4
2022-12-16T10:48:59Z,93.0,Charge 4
2022-12-16T10:49:14Z,94.0,Charge 4
2022-12-16T10:49:29Z,94.0,Charge 4
2022-12-16T10:49:39Z,93.0,Charge 4
2022-12-16T10:49:44Z,93.0,Charge 4
2022-12-16T10:49:59Z,93.0,Charge 4
2022-12-16T10:50:04Z,94.0,Charge 4
2022-12-16T10:50:14Z,92.0,Charge 4
2022-12-16T10:50:19Z,88.0,Charge 4
2022-12-16T10:50:24Z,89.0,Charge 4
2022-12-16T10:50:29Z,90.0,Charge 4
2022-12-16T10:50:34Z,92.0,Charge 4
2022-12-16T10:50:39Z,93.0,Charge 4
2022-12-16T10:50:49Z,94.0,Charge 4
2022-12-16T10:50:54Z,93.0,Charge 4
2022-12-16T10:51:09Z,93.0,Charge 4
2022-12-16T10:51:24Z,93.0,Charge 4
2022-12-16T10:51:34Z,92.0,Charge 4
2022-12-16T10:51:39Z,93.0,Charge 4
2022-12-16T10:51:44Z,93.0,Charge 4
2022-12-16T10:51:59Z,92.0,Charge 4
2022-12-16T10:52:14Z,93.0,Charge 4
2022-12-16T10:52:29Z,94.0,Charge 4
2022-12-16T10:52:44Z,94.0,Charge 4
2022-12-16T10:52:59Z,94.0,Charge 4
2022-12-16T10:53:14Z,94.0,Charge 4
2022-12-16T10:53:29Z,94.0,Charge 4
2022-12-16T10:53:39Z,92.0,Charge 4
2022-12-16T10:53:54Z,92.0,Charge 4
2022-12-16T10:53:59Z,95.0,Charge 4
2022-12-16T10:54:04Z,96.0,Charge 4
2022-12-16T10:54:14Z,95.0,Charge 4
2022-12-16T10:54:29Z,95.0,Charge 4
2022-12-16T10:54:44Z,96.0,Charge 4
2022-12-16T10:54:59Z,96.0,Charge 4
2022-12-16T10:55:04Z,97.0,Charge 4
2022-12-16T10:55:14Z,96.0,Charge 4
2022-12-16T10:55:24Z,101.0,Charge 4
2022-12-16T10:55:29Z,105.0,Charge 4
2022-12-16T10:55:34Z,106.0,Charge 4
2022-12-16T10:55:39Z,105.0,Charge 4
2022-12-16T10:55:44Z,104.0,Charge 4
2022-12-16T10:55:49Z,107.0,Charge 4
2022-12-16T10:55:54Z,109.0,Charge 4
2022-12-16T10:56:09Z,108.0,Charge 4
2022-12-16T10:56:14Z,107.0,Charge 4
2022-12-16T10:56:19Z,110.0,Charge 4
2022-12-16T10:56:24Z,112.0,Charge 4
2022-12-16T10:56:29Z,110.0,Charge 4
2022-12-16T10:56:34Z,101.0,Charge 4
2022-12-16T10:56:39Z,92.0,Charge 4
2022-12-16T10:56:44Z,91.0,Charge 4
2022-12-16T10:56:49Z,92.0,Charge 4
2022-12-16T10:56:54Z,93.0,Charge 4
2022-12-16T10:56:59Z,92.0,Charge 4
2022-12-16T10:57:14Z,93.0,Charge 4
2022-12-16T10:57:19Z,97.0,Charge 4
2022-12-16T10:57:24Z,98.0,Charge 4
2022-12-16T10:57:29Z,99.0,Charge 4
2022-12-16T10:57:34Z,101.0,Charge 4
2022-12-16T10:57:39Z,107.0,Charge 4
2022-12-16T10:57:44Z,108.0,Charge 4
2022-12-16T10:57:49Z,109.0,Charge 4
2022-12-16T10:57:59Z,110.0,Charge 4
2022-12-16T10:58:04Z,109.0,Charge 4
2022-12-16T10:58:09Z,105.0,Charge 4
2022-12-16T10:58:14Z,100.0,Charge 4
2022-12-16T10:58:19Z,99.0,Charge 4
2022-12-16T10:58:34Z,99.0,Charge 4
2022-12-16T10:58:39Z,100.0,Charge 4
2022-12-16T10:58:54Z,100.0,Charge 4
2022-12-16T10:58:55Z,99.0,Charge 4
2022-12-16T10:59:00Z,95.0,Charge 4
2022-12-16T10:59:05Z,89.0,Charge 4
2022-12-16T10:59:10Z,90.0,Charge 4
2022-12-16T10:59:15Z,91.0,Charge 4
2022-12-16T10:59:25Z,90.0,Charge 4
2022-12-16T10:59:30Z,88.0,Charge 4
2022-12-16T10:59:35Z,90.0,Charge 4
2022-12-16T10:59:40Z,92.0,Charge 4
2022-12-16T10:59:45Z,93.0,Charge 4
2022-12-16T11:00:00Z,93.0,Charge 4
2022-12-16T11:00:15Z,93.0,Charge 4
2022-12-16T11:00:20Z,96.0,Charge 4
2022-12-16T11:00:25Z,97.0,Charge 4
2022-12-16T11:00:30Z,99.0,Charge 4
2022-12-16T11:00:40Z,94.0,Charge 4
2022-12-16T11:00:45Z,93.0,Charge 4
2022-12-16T11:00:50Z,91.0,Charge 4
2022-12-16T11:01:00Z,91.0,Charge 4
2022-12-16T11:01:10Z,91.0,Charge 4
2022-12-16T11:01:25Z,92.0,Charge 4
2022-12-16T11:01:30Z,91.0,Charge 4
2022-12-16T11:01:45Z,93.0,Charge 4
2022-12-16T11:01:50Z,93.0,Charge 4
2022-12-16T11:02:00Z,93.0,Charge 4
2022-12-16T11:02:05Z,92.0,Charge 4
2022-12-16T11:02:20Z,93.0,Charge 4
2022-12-16T11:02:25Z,94.0,Charge 4
2022-12-16T11:02:30Z,95.0,Charge 4
2022-12-16T11:02:35Z,97.0,Charge 4
2022-12-16T11:02:45Z,97.0,Charge 4
2022-12-16T11:02:50Z,97.0,Charge 4
2022-12-16T11:03:00Z,96.0,Charge 4
2022-12-16T11:03:10Z,96.0,Charge 4
2022-12-16T11:03:15Z,98.0,Charge 4
2022-12-16T11:03:25Z,97.0,Charge 4
2022-12-16T11:03:30Z,96.0,Charge 4
2022-12-16T11:03:40Z,95.0,Charge 4
2022-12-16T11:03:55Z,93.0,Charge 4
2022-12-16T11:04:10Z,92.0,Charge 4
2022-12-16T11:04:20Z,93.0,Charge 4
2022-12-16T11:04:25Z,94.0,Charge 4
2022-12-16T11:04:30Z,93.0,Charge 4
2022-12-16T11:04:35Z,93.0,Charge 4
2022-12-16T11:04:50Z,94.0,Charge 4
2022-12-16T11:05:00Z,95.0,Charge 4
2022-12-16T11:05:15Z,95.0,Charge 4
2022-12-16T11:05:20Z,94.0,Charge 4
2022-12-16T11:05:30Z,93.0,Charge 4
2022-12-16T11:05:45Z,93.0,Charge 4
2022-12-16T11:06:00Z,93.0,Charge 4
2022-12-16T11:06:15Z,93.0,Charge 4
2022-12-16T11:06:30Z,93.0,Charge 4
2022-12-16T11:06:45Z,92.0,Charge 4
2022-12-16T11:06:50Z,92.0,Charge 4
2022-12-16T11:07:00Z,90.0,Charge 4
2022-12-16T11:07:05Z,90.0,Charge 4
2022-12-16T11:07:10Z,91.0,Charge 4
2022-12-16T11:07:25Z,92.0,Charge 4
2022-12-16T11:07:30Z,93.0,Charge 4
2022-12-16T11:07:35Z,94.0,Charge 4
2022-12-16T11:07:40Z,97.0,Charge 4
2022-12-16T11:07:45Z,99.0,Charge 4
2022-12-16T11:07:50Z,100.0,Charge 4
2022-12-16T11:07:55Z,102.0,Charge 4
2022-12-16T11:08:00Z,99.0,Charge 4
2022-12-16T11:08:05Z,95.0,Charge 4
2022-12-16T11:08:10Z,94.0,Charge 4
2022-12-16T11:08:15Z,95.0,Charge 4
2022-12-16T11:08:20Z,94.0,Charge 4
2022-12-16T11:08:25Z,93.0,Charge 4
2022-12-16T11:08:30Z,91.0,Charge 4
2022-12-16T11:08:35Z,91.0,Charge 4
2022-12-16T11:08:40Z,90.0,Charge 4
2022-12-16T11:08:45Z,89.0,Charge 4
2022-12-16T11:08:50Z,88.0,Charge 4
2022-12-16T11:08:55Z,88.0,Charge 4
2022-12-16T11:09:10Z,88.0,Charge 4
2022-12-16T11:09:15Z,90.0,Charge 4
2022-12-16T11:09:30Z,91.0,Charge 4
2022-12-16T11:09:45Z,92.0,Charge 4
2022-12-16T11:09:50Z,91.0,Charge 4
2022-12-16T11:09:55Z,89.0,Charge 4
2022-12-16T11:10:00Z,88.0,Charge 4
2022-12-16T11:10:10Z,90.0,Charge 4
2022-12-16T11:10:15Z,94.0,Charge 4
2022-12-16T11:10:20Z,97.0,Charge 4
2022-12-16T11:10:25Z,99.0,Charge 4
2022-12-16T11:10:35Z,100.0,Charge 4
2022-12-16T11:10:45Z,95.0,Charge 4
2022-12-16T11:10:50Z,93.0,Charge 4
2022-12-16T11:10:55Z,92.0,Charge 4
2022-12-16T11:11:00Z,88.0,Charge 4
2022-12-16T11:11:10Z,88.0,Charge 4
2022-12-16T11:11:20Z,87.0,Charge 4
2022-12-16T11:11:25Z,86.0,Charge 4
2022-12-16T11:11:30Z,84.0,Charge 4
2022-12-16T11:11:35Z,82.0,Charge 4
2022-12-16T11:11:50Z,82.0,Charge 4
2022-12-16T11:11:55Z,81.0,Charge 4
2022-12-16T11:12:00Z,81.0,Charge 4
2022-12-16T11:12:05Z,82.0,Charge 4
2022-12-16T11:12:10Z,83.0,Charge 4
2022-12-16T11:12:15Z,85.0,Charge 4
2022-12-16T11:12:20Z,87.0,Charge 4
2022-12-16T11:12:30Z,86.0,Charge 4
2022-12-16T11:12:40Z,86.0,Charge 4
2022-12-16T11:12:45Z,85.0,Charge 4
2022-12-16T11:12:50Z,86.0,Charge 4
2022-12-16T11:12:55Z,85.0,Charge 4
2022-12-16T11:13:00Z,83.0,Charge 4
2022-12-16T11:13:05Z,81.0,Charge 4
2022-12-16T11:13:10Z,80.0,Charge 4
2022-12-16T11:13:20Z,81.0,Charge 4
2022-12-16T11:13:35Z,82.0,Charge 4
2022-12-16T11:13:50Z,82.0,Charge 4
2022-12-16T11:13:55Z,83.0,Charge 4
2022-12-16T11:14:00Z,82.0,Charge 4
2022-12-16T11:14:05Z,80.0,Charge 4
2022-12-16T11:14:20Z,80.0,Charge 4
2022-12-16T11:14:30Z,81.0,Charge 4
2022-12-16T11:14:45Z,81.0,Charge 4
2022-12-16T11:14:50Z,82.0,Charge 4
2022-12-16T11:14:55Z,81.0,Charge 4
2022-12-16T11:15:10Z,82.0,Charge 4
2022-12-16T11:15:25Z,82.0,Charge 4
2022-12-16T11:15:35Z,83.0,Charge 4
2022-12-16T11:15:40Z,82.0,Charge 4
2022-12-16T11:15:45Z,82.0,Charge 4
2022-12-16T11:15:55Z,84.0,Charge 4
2022-12-16T11:16:00Z,85.0,Charge 4
2022-12-16T11:16:05Z,84.0,Charge 4
2022-12-16T11:16:10Z,82.0,Charge 4
2022-12-16T11:16:25Z,82.0,Charge 4
2022-12-16T11:16:31Z,82.0,Charge 4
2022-12-16T11:16:36Z,83.0,Charge 4
2022-12-16T11:16:46Z,84.0,Charge 4
2022-12-16T11:16:56Z,82.0,Charge 4
2022-12-16T11:17:01Z,78.0,Charge 4
2022-12-16T11:17:11Z,80.0,Charge 4
2022-12-16T11:17:21Z,81.0,Charge 4
2022-12-16T11:17:26Z,82.0,Charge 4
2022-12-16T11:17:36Z,83.0,Charge 4
2022-12-16T11:17:51Z,83.0,Charge 4
2022-12-16T11:17:56Z,83.0,Charge 4
2022-12-16T11:18:11Z,83.0,Charge 4
2022-12-16T11:18:16Z,85.0,Charge 4
2022-12-16T11:18:26Z,85.0,Charge 4
2022-12-16T11:18:31Z,85.0,Charge 4
2022-12-16T11:18:46Z,86.0,Charge 4
2022-12-16T11:19:01Z,87.0,Charge 4
2022-12-16T11:19:16Z,87.0,Charge 4
2022-12-16T11:19:21Z,85.0,Charge 4
2022-12-16T11:19:26Z,84.0,Charge 4
2022-12-16T11:19:31Z,84.0,Charge 4
2022-12-16T11:19:46Z,84.0,Charge 4
2022-12-16T11:19:56Z,84.0,Charge 4
2022-12-16T11:20:11Z,84.0,Charge 4
2022-12-16T11:20:16Z,84.0,Charge 4
2022-12-16T11:20:21Z,85.0,Charge 4
2022-12-16T11:20:26Z,84.0,Charge 4
2022-12-16T11:20:31Z,84.0,Charge 4
2022-12-16T11:20:41Z,85.0,Charge 4
2022-12-16T11:20:46Z,85.0,Charge 4
2022-12-16T11:20:51Z,86.0,Charge 4
2022-12-16T11:20:56Z,89.0,Charge 4
2022-12-16T11:21:01Z,90.0,Charge 4
2022-12-16T11:21:06Z,89.0,Charge 4
2022-12-16T11:21:16Z,88.0,Charge 4
2022-12-16T11:21:21Z,88.0,Charge 4
2022-12-16T11:21:26Z,87.0,Charge 4
2022-12-16T11:21:31Z,86.0,Charge 4
2022-12-16T11:21:36Z,85.0,Charge 4
2022-12-16T11:21:41Z,83.0,Charge 4
2022-12-16T11:21:51Z,83.0,Charge 4
2022-12-16T11:21:56Z,83.0,Charge 4
2022-12-16T11:22:01Z,82.0,Charge 4
2022-12-16T11:22:16Z,83.0,Charge 4
2022-12-16T11:22:26Z,84.0,Charge 4
2022-12-16T11:22:41Z,85.0,Charge 4
2022-12-16T11:22:56Z,86.0,Charge 4
2022-12-16T11:23:01Z,85.0,Charge 4
2022-12-16T11:23:06Z,86.0,Charge 4
2022-12-16T11:23:11Z,87.0,Charge 4
2022-12-16T11:23:21Z,88.0,Charge 4
2022-12-16T11:23:31Z,88.0,Charge 4
2022-12-16T11:23:41Z,87.0,Charge 4
2022-12-16T11:23:46Z,87.0,Charge 4
2022-12-16T11:23:51Z,87.0,Charge 4
2022-12-16T11:23:56Z,85.0,Charge 4
2022-12-16T11:24:01Z,84.0,Charge 4
2022-12-16T11:24:06Z,83.0,Charge 4
2022-12-16T11:24:11Z,84.0,Charge 4
2022-12-16T11:24:21Z,85.0,Charge 4
2022-12-16T11:24:26Z,84.0,Charge 4
2022-12-16T11:24:31Z,85.0,Charge 4
2022-12-16T11:24:46Z,85.0,Charge 4
2022-12-16T11:25:01Z,85.0,Charge 4
2022-12-16T11:25:16Z,85.0,Charge 4
2022-12-16T11:25:26Z,87.0,Charge 4
2022-12-16T11:25:31Z,92.0,Charge 4
2022-12-16T11:25:36Z,91.0,Charge 4
2022-12-16T11:25:41Z,88.0,Charge 4
2022-12-16T11:25:46Z,86.0,Charge 4
2022-12-16T11:25:51Z,86.0,Charge 4
2022-12-16T11:26:06Z,88.0,Charge 4
2022-12-16T11:26:11Z,92.0,Charge 4
2022-12-16T11:26:16Z,90.0,Charge 4
2022-12-16T11:26:21Z,89.0,Charge 4
2022-12-16T11:26:31Z,88.0,Charge 4
2022-12-16T11:26:36Z,89.0,Charge 4
2022-12-16T11:26:51Z,88.0,Charge 4
2022-12-16T11:26:56Z,89.0,Charge 4
2022-12-16T11:27:06Z,91.0,Charge 4
2022-12-16T11:27:11Z,89.0,Charge 4
2022-12-16T11:27:16Z,89.0,Charge 4
2022-12-16T11:27:21Z,88.0,Charge 4
2022-12-16T11:27:36Z,87.0,Charge 4
2022-12-16T11:27:51Z,87.0,Charge 4
2022-12-16T11:27:56Z,88.0,Charge 4
2022-12-16T11:28:11Z,88.0,Charge 4
2022-12-16T11:28:26Z,85.0,Charge 4
2022-12-16T11:28:31Z,86.0,Charge 4
2022-12-16T11:28:36Z,87.0,Charge 4
2022-12-16T11:28:41Z,88.0,Charge 4
2022-12-16T11:28:46Z,90.0,Charge 4
2022-12-16T11:28:51Z,89.0,Charge 4
2022-12-16T11:29:06Z,89.0,Charge 4
2022-12-16T11:29:16Z,90.0,Charge 4
2022-12-16T11:29:31Z,89.0,Charge 4
2022-12-16T11:29:36Z,88.0,Charge 4
2022-12-16T11:29:51Z,88.0,Charge 4
2022-12-16T11:30:06Z,89.0,Charge 4
2022-12-16T11:30:21Z,90.0,Charge 4
2022-12-16T11:30:36Z,90.0,Charge 4
2022-12-16T11:30:41Z,89.0,Charge 4
2022-12-16T11:30:46Z,90.0,Charge 4
2022-12-16T11:31:01Z,89.0,Charge 4
2022-12-16T11:31:11Z,90.0,Charge 4
2022-12-16T11:31:26Z,91.0,Charge 4
2022-12-16T11:31:36Z,92.0,Charge 4
2022-12-16T11:31:41Z,94.0,Charge 4
2022-12-16T11:31:46Z,95.0,Charge 4
2022-12-16T11:32:01Z,94.0,Charge 4
2022-12-16T11:32:06Z,93.0,Charge 4
2022-12-16T11:32:16Z,92.0,Charge 4
2022-12-16T11:32:31Z,91.0,Charge 4
2022-12-16T11:32:46Z,91.0,Charge 4
2022-12-16T11:32:51Z,90.0,Charge 4
2022-12-16T11:33:06Z,90.0,Charge 4
2022-12-16T11:33:16Z,91.0,Charge 4
2022-12-16T11:33:31Z,91.0,Charge 4
2022-12-16T11:33:46Z,91.0,Charge 4
2022-12-16T11:34:01Z,91.0,Charge 4
2022-12-16T11:34:16Z,91.0,Charge 4
2022-12-16T11:34:21Z,90.0,Charge 4
2022-12-16T11:34:26Z,88.0,Charge 4
2022-12-16T11:34:36Z,87.0,Charge 4
2022-12-16T11:34:51Z,87.0,Charge 4
2022-12-16T11:35:01Z,88.0,Charge 4
2022-12-16T11:35:16Z,88.0,Charge 4
2022-12-16T11:35:21Z,91.0,Charge 4
2022-12-16T11:35:26Z,90.0,Charge 4
2022-12-16T11:35:41Z,90.0,Charge 4
2022-12-16T11:35:46Z,91.0,Charge 4
2022-12-16T11:35:51Z,89.0,Charge 4
2022-12-16T11:36:06Z,89.0,Charge 4
2022-12-16T11:36:21Z,90.0,Charge 4
2022-12-16T11:36:22Z,90.0,Charge 4
2022-12-16T11:36:27Z,87.0,Charge 4
2022-12-16T11:36:37Z,88.0,Charge 4
2022-12-16T11:36:47Z,89.0,Charge 4
2022-12-16T11:36:52Z,91.0,Charge 4
2022-12-16T11:37:02Z,92.0,Charge 4
2022-12-16T11:37:07Z,91.0,Charge 4
2022-12-16T11:37:22Z,91.0,Charge 4
2022-12-16T11:37:27Z,92.0,Charge 4
2022-12-16T11:37:37Z,93.0,Charge 4
2022-12-16T11:37:47Z,92.0,Charge 4
2022-12-16T11:37:52Z,91.0,Charge 4
2022-12-16T11:38:02Z,92.0,Charge 4
2022-12-16T11:38:07Z,91.0,Charge 4
2022-12-16T11:38:17Z,90.0,Charge 4
2022-12-16T11:38:22Z,89.0,Charge 4
2022-12-16T11:38:27Z,89.0,Charge 4
2022-12-16T11:38:42Z,91.0,Charge 4
2022-12-16T11:38:47Z,93.0,Charge 4
2022-12-16T11:38:57Z,92.0,Charge 4
2022-12-16T11:39:12Z,92.0,Charge 4
2022-12-16T11:39:27Z,92.0,Charge 4
2022-12-16T11:39:42Z,92.0,Charge 4
2022-12-16T11:39:47Z,91.0,Charge 4
2022-12-16T11:40:02Z,92.0,Charge 4
2022-12-16T11:40:17Z,92.0,Charge 4
2022-12-16T11:40:27Z,91.0,Charge 4
2022-12-16T11:40:32Z,91.0,Charge 4
2022-12-16T11:40:47Z,92.0,Charge 4
2022-12-16T11:40:57Z,93.0,Charge 4
2022-12-16T11:41:07Z,94.0,Charge 4
2022-12-16T11:41:22Z,93.0,Charge 4
2022-12-16T11:41:27Z,93.0,Charge 4
2022-12-16T11:41:32Z,92.0,Charge 4
2022-12-16T11:41:37Z,92.0,Charge 4
2022-12-16T11:41:52Z,92.0,Charge 4
2022-12-16T11:42:07Z,92.0,Charge 4
2022-12-16T11:42:12Z,91.0,Charge 4
2022-12-16T11:42:22Z,92.0,Charge 4
2022-12-16T11:42:37Z,92.0,Charge 4
2022-12-16T11:42:42Z,93.0,Charge 4
2022-12-16T11:42:47Z,94.0,Charge 4
2022-12-16T11:42:52Z,96.0,Charge 4
2022-12-16T11:42:57Z,97.0,Charge 4
2022-12-16T11:43:02Z,98.0,Charge 4
2022-12-16T11:43:07Z,99.0,Charge 4
2022-12-16T11:43:17Z,104.0,Charge 4
2022-12-16T11:43:22Z,106.0,Charge 4
2022-12-16T11:43:37Z,107.0,Charge 4
2022-12-16T11:43:47Z,105.0,Charge 4
2022-12-16T11:43:52Z,107.0,Charge 4
2022-12-16T11:43:57Z,108.0,Charge 4
2022-12-16T11:44:07Z,107.0,Charge 4
2022-12-16T11:44:12Z,105.0,Charge 4
2022-12-16T11:44:17Z,104.0,Charge 4
2022-12-16T11:44:32Z,101.0,Charge 4
2022-12-16T11:44:47Z,102.0,Charge 4
2022-12-16T11:44:52Z,104.0,Charge 4
2022-12-16T11:44:57Z,105.0,Charge 4
2022-12-16T11:45:02Z,106.0,Charge 4
2022-12-16T11:45:07Z,107.0,Charge 4
2022-12-16T11:45:12Z,109.0,Charge 4
2022-12-16T11:45:17Z,111.0,Charge 4
2022-12-16T11:45:32Z,110.0,Charge 4
2022-12-16T11:45:42Z,111.0,Charge 4
2022-12-16T11:45:47Z,110.0,Charge 4
2022-12-16T11:45:52Z,109.0,Charge 4
2022-12-16T11:46:07Z,107.0,Charge 4
2022-12-16T11:46:17Z,108.0,Charge 4
2022-12-16T11:46:22Z,105.0,Charge 4
2022-12-16T11:46:27Z,103.0,Charge 4
2022-12-16T11:46:32Z,102.0,Charge 4
2022-12-16T11:46:37Z,98.0,Charge 4
2022-12-16T11:46:42Z,97.0,Charge 4
2022-12-16T11:46:52Z,99.0,Charge 4
2022-12-16T11:46:57Z,98.0,Charge 4
2022-12-16T11:47:07Z,96.0,Charge 4
2022-12-16T11:47:22Z,97.0,Charge 4
2022-12-16T11:47:27Z,96.0,Charge 4
2022-12-16T11:47:37Z,95.0,Charge 4
2022-12-16T11:47:42Z,96.0,Charge 4
2022-12-16T11:47:47Z,96.0,Charge 4
2022-12-16T11:48:02Z,96.0,Charge 4
2022-12-16T11:48:07Z,95.0,Charge 4
2022-12-16T11:48:12Z,96.0,Charge 4
2022-12-16T11:48:27Z,96.0,Charge 4
2022-12-16T11:48:37Z,95.0,Charge 4
2022-12-16T11:48:47Z,96.0,Charge 4
2022-12-16T11:49:02Z,95.0,Charge 4
2022-12-16T11:49:17Z,95.0,Charge 4
2022-12-16T11:49:32Z,95.0,Charge 4
2022-12-16T11:49:47Z,95.0,Charge 4
2022-12-16T11:50:02Z,95.0,Charge 4
2022-12-16T11:50:17Z,95.0,Charge 4
2022-12-16T11:50:22Z,95.0,Charge 4
2022-12-16T11:50:27Z,94.0,Charge 4
2022-12-16T11:50:42Z,94.0,Charge 4
2022-12-16T11:50:47Z,93.0,Charge 4
2022-12-16T11:51:02Z,93.0,Charge 4
2022-12-16T11:51:17Z,93.0,Charge 4
2022-12-16T11:51:32Z,93.0,Charge 4
2022-12-16T11:51:42Z,92.0,Charge 4
2022-12-16T11:51:52Z,93.0,Charge 4
2022-12-16T11:52:02Z,93.0,Charge 4
2022-12-16T11:52:12Z,93.0,Charge 4
2022-12-16T11:52:17Z,93.0,Charge 4
2022-12-16T11:52:22Z,93.0,Charge 4
2022-12-16T11:52:28Z,93.0,Charge 4
2022-12-16T11:52:33Z,94.0,Charge 4
2022-12-16T11:52:48Z,94.0,Charge 4
2022-12-16T11:53:03Z,94.0,Charge 4
2022-12-16T11:53:08Z,95.0,Charge 4
2022-12-16T11:53:23Z,95.0,Charge 4
2022-12-16T11:53:28Z,96.0,Charge 4
2022-12-16T11:53:43Z,96.0,Charge 4
2022-12-16T11:53:53Z,95.0,Charge 4
2022-12-16T11:54:03Z,94.0,Charge 4
2022-12-16T11:54:18Z,94.0,Charge 4
2022-12-16T11:54:33Z,94.0,Charge 4
2022-12-16T11:54:48Z,95.0,Charge 4
2022-12-16T11:55:03Z,95.0,Charge 4
2022-12-16T11:55:08Z,94.0,Charge 4
2022-12-16T11:55:23Z,94.0,Charge 4
2022-12-16T11:55:38Z,94.0,Charge 4
2022-12-16T11:55:43Z,93.0,Charge 4
2022-12-16T11:55:48Z,94.0,Charge 4
2022-12-16T11:55:53Z,95.0,Charge 4
2022-12-16T11:55:58Z,94.0,Charge 4
2022-12-16T11:56:03Z,94.0,Charge 4
2022-12-16T11:56:13Z,95.0,Charge 4
2022-12-16T11:56:28Z,96.0,Charge 4
2022-12-16T11:56:33Z,97.0,Charge 4
2022-12-16T11:56:38Z,96.0,Charge 4
2022-12-16T11:56:53Z,95.0,Charge 4
2022-12-16T11:56:58Z,94.0,Charge 4
2022-12-16T11:57:03Z,95.0,Charge 4
2022-12-16T11:57:08Z,96.0,Charge 4
2022-12-16T11:57:13Z,97.0,Charge 4
2022-12-16T11:57:28Z,96.0,Charge 4
2022-12-16T11:57:38Z,95.0,Charge 4
2022-12-16T11:57:43Z,95.0,Charge 4
2022-12-16T11:57:48Z,94.0,Charge 4
2022-12-16T11:57:58Z,93.0,Charge 4
2022-12-16T11:58:03Z,93.0,Charge 4
2022-12-16T11:58:18Z,92.0,Charge 4
2022-12-16T11:58:28Z,91.0,Charge 4
2022-12-16T11:58:38Z,91.0,Charge 4
2022-12-16T11:58:53Z,91.0,Charge 4
2022-12-16T11:58:58Z,92.0,Charge 4
2022-12-16T11:59:08Z,95.0,Charge 4
2022-12-16T11:59:18Z,93.0,Charge 4
2022-12-16T11:59:23Z,94.0,Charge 4
2022-12-16T11:59:28Z,94.0,Charge 4
2022-12-16T11:59:38Z,93.0,Charge 4
2022-12-16T11:59:43Z,92.0,Charge 4
2022-12-16T11:59:48Z,93.0,Charge 4
2022-12-16T12:00:03Z,92.0,Charge 4
2022-12-16T12:00:18Z,93.0,Charge 4
2022-12-16T12:00:23Z,94.0,Charge 4
2022-12-16T12:00:28Z,95.0,Charge 4
2022-12-16T12:00:43Z,94.0,Charge 4
2022-12-16T12:00:48Z,94.0,Charge 4
2022-12-16T12:00:53Z,93.0,Charge 4
2022-12-16T12:01:08Z,93.0,Charge 4
2022-12-16T12:01:18Z,89.0,Charge 4
2022-12-16T12:01:23Z,88.0,Charge 4
2022-12-16T12:01:28Z,89.0,Charge 4
2022-12-16T12:01:33Z,90.0,Charge 4
2022-12-16T12:01:48Z,90.0,Charge 4
2022-12-16T12:01:53Z,89.0,Charge 4
2022-12-16T12:01:58Z,90.0,Charge 4
2022-12-16T12:02:03Z,90.0,Charge 4
2022-12-16T12:02:08Z,89.0,Charge 4
2022-12-16T12:02:13Z,89.0,Charge 4
2022-12-16T12:02:23Z,90.0,Charge 4
2022-12-16T12:02:38Z,90.0,Charge 4
2022-12-16T12:02:48Z,89.0,Charge 4
2022-12-16T12:02:53Z,88.0,Charge 4
2022-12-16T12:03:08Z,88.0,Charge 4
2022-12-16T12:03:23Z,90.0,Charge 4
2022-12-16T12:03:28Z,90.0,Charge 4
2022-12-16T12:03:33Z,89.0,Charge 4
2022-12-16T12:03:43Z,90.0,Charge 4
2022-12-16T12:03:48Z,89.0,Charge 4
2022-12-16T12:03:53Z,90.0,Charge 4
2022-12-16T12:03:58Z,91.0,Charge 4
2022-12-16T12:04:03Z,90.0,Charge 4
2022-12-16T12:04:18Z,90.0,Charge 4
2022-12-16T12:04:23Z,91.0,Charge 4
2022-12-16T12:04:38Z,92.0,Charge 4
2022-12-16T12:04:43Z,93.0,Charge 4
2022-12-16T12:04:53Z,96.0,Charge 4
2022-12-16T12:04:58Z,97.0,Charge 4
2022-12-16T12:05:03Z,98.0,Charge 4
2022-12-16T12:05:08Z,100.0,Charge 4
2022-12-16T12:05:13Z,102.0,Charge 4
2022-12-16T12:05:18Z,103.0,Charge 4
2022-12-16T12:05:23Z,102.0,Charge 4
2022-12-16T12:05:28Z,101.0,Charge 4
2022-12-16T12:05:33Z,100.0,Charge 4
2022-12-16T12:05:48Z,99.0,Charge 4
2022-12-16T12:05:53Z,97.0,Charge 4
2022-12-16T12:05:58Z,98.0,Charge 4
2022-12-16T12:06:03Z,99.0,Charge 4
2022-12-16T12:06:08Z,98.0,Charge 4
2022-12-16T12:06:13Z,97.0,Charge 4
2022-12-16T12:06:18Z,98.0,Charge 4
2022-12-16T12:06:23Z,101.0,Charge 4
2022-12-16T12:06:28Z,100.0,Charge 4
2022-12-16T12:06:43Z,100.0,Charge 4
2022-12-16T12:06:48Z,103.0,Charge 4
2022-12-16T12:06:58Z,102.0,Charge 4
2022-12-16T12:07:03Z,98.0,Charge 4
2022-12-16T12:07:08Z,97.0,Charge 4
2022-12-16T12:07:13Z,98.0,Charge 4
2022-12-16T12:07:19Z,99.0,Charge 4
2022-12-16T12:07:24Z,98.0,Charge 4
2022-12-16T12:07:29Z,100.0,Charge 4
2022-12-16T12:07:34Z,99.0,Charge 4
2022-12-16T12:07:39Z,98.0,Charge 4
2022-12-16T12:07:44Z,96.0,Charge 4
2022-12-16T12:07:54Z,95.0,Charge 4
2022-12-16T12:07:59Z,96.0,Charge 4
2022-12-16T12:08:09Z,95.0,Charge 4
2022-12-16T12:08:14Z,94.0,Charge 4
2022-12-16T12:08:19Z,98.0,Charge 4
2022-12-16T12:08:24Z,100.0,Charge 4
2022-12-16T12:08:29Z,99.0,Charge 4
2022-12-16T12:08:44Z,100.0,Charge 4
2022-12-16T12:08:49Z,101.0,Charge 4
2022-12-16T12:08:54Z,104.0,Charge 4
2022-12-16T12:09:04Z,101.0,Charge 4
2022-12-16T12:09:09Z,98.0,Charge 4
2022-12-16T12:09:14Z,96.0,Charge 4
2022-12-16T12:09:19Z,100.0,Charge 4
2022-12-16T12:09:24Z,101.0,Charge 4
2022-12-16T12:09:29Z,99.0,Charge 4
2022-12-16T12:09:34Z,97.0,Charge 4
2022-12-16T12:09:44Z,96.0,Charge 4
2022-12-16T12:09:49Z,95.0,Charge 4
2022-12-16T12:09:54Z,94.0,Charge 4
2022-12-16T12:10:09Z,94.0,Charge 4
2022-12-16T12:10:14Z,95.0,Charge 4
2022-12-16T12:10:19Z,96.0,Charge 4
2022-12-16T12:10:24Z,97.0,Charge 4
2022-12-16T12:10:39Z,95.0,Charge 4
2022-12-16T12:10:44Z,94.0,Charge 4
2022-12-16T12:10:49Z,93.0,Charge 4
2022-12-16T12:10:54Z,92.0,Charge 4
2022-12-16T12:10:59Z,94.0,Charge 4
2022-12-16T12:11:04Z,93.0,Charge 4
2022-12-16T12:11:09Z,91.0,Charge 4
2022-12-16T12:11:14Z,91.0,Charge 4
2022-12-16T12:11:24Z,92.0,Charge 4
2022-12-16T12:11:34Z,89.0,Charge 4
2022-12-16T12:11:39Z,87.0,Charge 4
2022-12-16T12:11:44Z,90.0,Charge 4
2022-12-16T12:11:49Z,91.0,Charge 4
2022-12-16T12:11:54Z,92.0,Charge 4
2022-12-16T12:11:59Z,93.0,Charge 4
2022-12-16T12:12:04Z,94.0,Charge 4
2022-12-16T12:12:09Z,95.0,Charge 4
2022-12-16T12:12:14Z,95.0,Charge 4
2022-12-16T12:12:19Z,93.0,Charge 4
2022-12-16T12:12:24Z,92.0,Charge 4
2022-12-16T12:12:29Z,92.0,Charge 4
2022-12-16T12:12:34Z,91.0,Charge 4
2022-12-16T12:12:39Z,90.0,Charge 4
2022-12-16T12:12:44Z,92.0,Charge 4
2022-12-16T12:12:49Z,93.0,Charge 4
2022-12-16T12:13:04Z,93.0,Charge 4
2022-12-16T12:13:19Z,94.0,Charge 4
2022-12-16T12:13:24Z,92.0,Charge 4
2022-12-16T12:13:29Z,93.0,Charge 4
2022-12-16T12:13:34Z,94.0,Charge 4
2022-12-16T12:13:44Z,94.0,Charge 4
2022-12-16T12:13:49Z,94.0,Charge 4
2022-12-16T12:13:59Z,94.0,Charge 4
2022-12-16T12:14:09Z,95.0,Charge 4
2022-12-16T12:14:24Z,94.0,Charge 4
2022-12-16T12:14:29Z,93.0,Charge 4
2022-12-16T12:14:34Z,90.0,Charge 4
2022-12-16T12:14:49Z,91.0,Charge 4
2022-12-16T12:14:54Z,93.0,Charge 4
2022-12-16T12:15:04Z,93.0,Charge 4
2022-12-16T12:15:09Z,92.0,Charge 4
2022-12-16T12:15:14Z,92.0,Charge 4
2022-12-16T12:15:24Z,93.0,Charge 4
2022-12-16T12:15:29Z,94.0,Charge 4
2022-12-16T12:15:39Z,93.0,Charge 4
2022-12-16T12:15:49Z,94.0,Charge 4
2022-12-16T12:15:59Z,94.0,Charge 4
2022-12-16T12:16:04Z,95.0,Charge 4
2022-12-16T12:16:09Z,97.0,Charge 4
2022-12-16T12:16:14Z,96.0,Charge 4
2022-12-16T12:16:24Z,95.0,Charge 4
2022-12-16T12:16:29Z,94.0,Charge 4
2022-12-16T12:16:39Z,93.0,Charge 4
2022-12-16T12:16:44Z,92.0,Charge 4
2022-12-16T12:16:49Z,93.0,Charge 4
2022-12-16T12:16:54Z,95.0,Charge 4
2022-12-16T12:16:59Z,96.0,Charge 4
2022-12-16T12:17:14Z,96.0,Charge 4
2022-12-16T12:17:29Z,95.0,Charge 4
2022-12-16T12:17:44Z,95.0,Charge 4
2022-12-16T12:17:59Z,95.0,Charge 4
2022-12-16T12:18:14Z,95.0,Charge 4
2022-12-16T12:18:19Z,93.0,Charge 4
2022-12-16T12:18:24Z,91.0,Charge 4
2022-12-16T12:18:34Z,90.0,Charge 4
2022-12-16T12:18:39Z,89.0,Charge 4
2022-12-16T12:18:44Z,90.0,Charge 4
2022-12-16T12:18:49Z,92.0,Charge 4
2022-12-16T12:18:59Z,93.0,Charge 4
2022-12-16T12:19:04Z,94.0,Charge 4
2022-12-16T12:19:09Z,94.0,Charge 4
2022-12-16T12:19:14Z,92.0,Charge 4
2022-12-16T12:19:19Z,90.0,Charge 4
2022-12-16T12:19:34Z,90.0,Charge 4
2022-12-16T12:19:44Z,91.0,Charge 4
2022-12-16T12:19:49Z,92.0,Charge 4
2022-12-16T12:19:59Z,93.0,Charge 4
2022-12-16T12:20:04Z,94.0,Charge 4
2022-12-16T12:20:09Z,94.0,Charge 4
2022-12-16T12:20:24Z,93.0,Charge 4
2022-12-16T12:20:29Z,94.0,Charge 4
2022-12-16T12:20:34Z,95.0,Charge 4
2022-12-16T12:20:49Z,95.0,Charge 4
2022-12-16T12:20:54Z,96.0,Charge 4
2022-12-16T12:21:04Z,96.0,Charge 4
2022-12-16T12:21:14Z,97.0,Charge 4
2022-12-16T12:21:29Z,97.0,Charge 4
2022-12-16T12:21:34Z,98.0,Charge 4
2022-12-16T12:21:49Z,98.0,Charge 4
2022-12-16T12:21:54Z,99.0,Charge 4
2022-12-16T12:21:59Z,101.0,Charge 4
2022-12-16T12:22:04Z,107.0,Charge 4
2022-12-16T12:22:09Z,107.0,Charge 4
2022-12-16T12:22:14Z,105.0,Charge 4
2022-12-16T12:22:19Z,101.0,Charge 4
2022-12-16T12:22:24Z,100.0,Charge 4
2022-12-16T12:22:29Z,98.0,Charge 4
2022-12-16T12:22:39Z,97.0,Charge 4
2022-12-16T12:22:44Z,96.0,Charge 4
2022-12-16T12:22:49Z,94.0,Charge 4
2022-12-16T12:22:54Z,92.0,Charge 4
2022-12-16T12:23:04Z,91.0,Charge 4
2022-12-16T12:23:09Z,87.0,Charge 4
2022-12-16T12:23:14Z,86.0,Charge 4
2022-12-16T12:23:19Z,88.0,Charge 4
2022-12-16T12:23:24Z,89.0,Charge 4
2022-12-16T12:23:29Z,91.0,Charge 4
2022-12-16T12:23:34Z,92.0,Charge 4
2022-12-16T12:23:39Z,91.0,Charge 4
2022-12-16T12:23:49Z,90.0,Charge 4
2022-12-16T12:24:04Z,90.0,Charge 4
2022-12-16T12:24:09Z,90.0,Charge 4
2022-12-16T12:24:19Z,89.0,Charge 4
2022-12-16T12:24:24Z,90.0,Charge 4
2022-12-16T12:24:29Z,90.0,Charge 4
2022-12-16T12:24:34Z,90.0,Charge 4
2022-12-16T12:24:39Z,90.0,Charge 4
2022-12-16T12:24:54Z,90.0,Charge 4
2022-12-16T12:25:04Z,88.0,Charge 4
2022-12-16T12:25:19Z,88.0,Charge 4
2022-12-16T12:25:24Z,89.0,Charge 4
2022-12-16T12:25:39Z,89.0,Charge 4
2022-12-16T12:25:54Z,88.0,Charge 4
2022-12-16T12:25:59Z,88.0,Charge 4
2022-12-16T12:26:09Z,89.0,Charge 4
2022-12-16T12:26:19Z,91.0,Charge 4
2022-12-16T12:26:24Z,92.0,Charge 4
2022-12-16T12:26:29Z,94.0,Charge 4
2022-12-16T12:26:39Z,95.0,Charge 4
2022-12-16T12:26:44Z,96.0,Charge 4
2022-12-16T12:26:50Z,95.0,Charge 4
2022-12-16T12:27:05Z,95.0,Charge 4
2022-12-16T12:27:20Z,95.0,Charge 4
2022-12-16T12:27:25Z,94.0,Charge 4
2022-12-16T12:27:40Z,93.0,Charge 4
2022-12-16T12:27:45Z,94.0,Charge 4
2022-12-16T12:27:55Z,95.0,Charge 4
2022-12-16T12:28:10Z,97.0,Charge 4
2022-12-16T12:28:15Z,98.0,Charge 4
2022-12-16T12:28:20Z,99.0,Charge 4
2022-12-16T12:28:25Z,101.0,Charge 4
2022-12-16T12:28:30Z,102.0,Charge 4
2022-12-16T12:28:40Z,99.0,Charge 4
2022-12-16T12:28:45Z,102.0,Charge 4
2022-12-16T12:28:50Z,106.0,Charge 4
2022-12-16T12:28:55Z,109.0,Charge 4
2022-12-16T12:29:00Z,110.0,Charge 4
2022-12-16T12:29:05Z,109.0,Charge 4
2022-12-16T12:29:10Z,108.0,Charge 4
2022-12-16T12:29:15Z,107.0,Charge 4
2022-12-16T12:29:20Z,108.0,Charge 4
2022-12-16T12:29:25Z,109.0,Charge 4
2022-12-16T12:29:35Z,108.0,Charge 4
2022-12-16T12:29:40Z,106.0,Charge 4
2022-12-16T12:29:45Z,107.0,Charge 4
2022-12-16T12:29:55Z,108.0,Charge 4
2022-12-16T12:30:00Z,103.0,Charge 4
2022-12-16T12:30:05Z,102.0,Charge 4
2022-12-16T12:30:10Z,103.0,Charge 4
2022-12-16T12:30:15Z,105.0,Charge 4
2022-12-16T12:30:25Z,101.0,Charge 4
2022-12-16T12:30:30Z,99.0,Charge 4
2022-12-16T12:30:35Z,100.0,Charge 4
2022-12-16T12:30:40Z,104.0,Charge 4
2022-12-16T12:30:45Z,106.0,Charge 4
2022-12-16T12:30:50Z,108.0,Charge 4
2022-12-16T12:30:55Z,107.0,Charge 4
2022-12-16T12:31:05Z,106.0,Charge 4
2022-12-16T12:31:10Z,109.0,Charge 4
2022-12-16T12:31:15Z,110.0,Charge 4
2022-12-16T12:31:20Z,109.0,Charge 4
2022-12-16T12:31:25Z,107.0,Charge 4
2022-12-16T12:31:35Z,106.0,Charge 4
2022-12-16T12:31:40Z,105.0,Charge 4
2022-12-16T12:31:45Z,108.0,Charge 4
2022-12-16T12:31:50Z,107.0,Charge 4
2022-12-16T12:31:55Z,101.0,Charge 4
2022-12-16T12:32:00Z,98.0,Charge 4
2022-12-16T12:32:15Z,97.0,Charge 4
2022-12-16T12:32:20Z,99.0,Charge 4
2022-12-16T12:32:25Z,101.0,Charge 4
2022-12-16T12:32:30Z,104.0,Charge 4
2022-12-16T12:32:35Z,106.0,Charge 4
2022-12-16T12:32:40Z,105.0,Charge 4
2022-12-16T12:32:45Z,104.0,Charge 4
2022-12-16T12:32:50Z,101.0,Charge 4
2022-12-16T12:32:55Z,98.0,Charge 4
2022-12-16T12:33:00Z,96.0,Charge 4
2022-12-16T12:33:05Z,95.0,Charge 4
2022-12-16T12:33:10Z,92.0,Charge 4
2022-12-16T12:33:25Z,92.0,Charge 4
2022-12-16T12:33:30Z,93.0,Charge 4
2022-12-16T12:33:45Z,92.0,Charge 4
2022-12-16T12:34:00Z,93.0,Charge 4
2022-12-16T12:34:15Z,93.0,Charge 4
2022-12-16T12:34:20Z,92.0,Charge 4
2022-12-16T12:34:35Z,91.0,Charge 4
2022-12-16T12:34:50Z,91.0,Charge 4
2022-12-16T12:35:05Z,92.0,Charge 4
2022-12-16T12:35:15Z,93.0,Charge 4
2022-12-16T12:35:30Z,93.0,Charge 4
2022-12-16T12:35:40Z,89.0,Charge 4
2022-12-16T12:35:45Z,80.0,Charge 4
2022-12-16T12:35:50Z,84.0,Charge 4
2022-12-16T12:35:55Z,86.0,Charge 4
2022-12-16T12:36:00Z,87.0,Charge 4
2022-12-16T12:36:05Z,88.0,Charge 4
2022-12-16T12:36:20Z,88.0,Charge 4
2022-12-16T12:36:30Z,89.0,Charge 4
2022-12-16T12:36:45Z,89.0,Charge 4
2022-12-16T12:36:50Z,91.0,Charge 4
2022-12-16T12:36:55Z,88.0,Charge 4
2022-12-16T12:37:05Z,89.0,Charge 4
2022-12-16T12:37:15Z,90.0,Charge 4
2022-12-16T12:37:30Z,91.0,Charge 4
2022-12-16T12:37:35Z,93.0,Charge 4
2022-12-16T12:37:45Z,98.0,Charge 4
2022-12-16T12:38:00Z,97.0,Charge 4
2022-12-16T12:38:10Z,97.0,Charge 4
2022-12-16T12:38:25Z,97.0,Charge 4
2022-12-16T12:38:30Z,99.0,Charge 4
2022-12-16T12:38:45Z,100.0,Charge 4
2022-12-16T12:38:50Z,98.0,Charge 4
2022-12-16T12:38:55Z,97.0,Charge 4
2022-12-16T12:39:00Z,94.0,Charge 4
2022-12-16T12:39:05Z,92.0,Charge 4
2022-12-16T12:39:15Z,90.0,Charge 4
2022-12-16T12:39:25Z,89.0,Charge 4
2022-12-16T12:39:35Z,88.0,Charge 4
2022-12-16T12:39:40Z,87.0,Charge 4
2022-12-16T12:39:55Z,87.0,Charge 4
2022-12-16T12:40:00Z,86.0,Charge 4
2022-12-16T12:40:15Z,85.0,Charge 4
2022-12-16T12:40:25Z,84.0,Charge 4
2022-12-16T12:40:40Z,84.0,Charge 4
2022-12-16T12:40:45Z,86.0,Charge 4
2022-12-16T12:40:50Z,87.0,Charge 4
2022-12-16T12:40:55Z,87.0,Charge 4
2022-12-16T12:41:10Z,86.0,Charge 4
2022-12-16T12:41:15Z,85.0,Charge 4
2022-12-16T12:41:25Z,86.0,Charge 4
2022-12-16T12:41:30Z,86.0,Charge 4
2022-12-16T12:41:45Z,86.0,Charge 4
2022-12-16T12:41:50Z,86.0,Charge 4
2022-12-16T12:41:55Z,85.0,Charge 4
2022-12-16T12:42:10Z,85.0,Charge 4
2022-12-16T12:42:15Z,86.0,Charge 4
2022-12-16T12:42:20Z,87.0,Charge 4
2022-12-16T12:42:25Z,86.0,Charge 4
2022-12-16T12:42:30Z,85.0,Charge 4
2022-12-16T12:42:35Z,84.0,Charge 4
2022-12-16T12:42:40Z,83.0,Charge 4
2022-12-16T12:42:45Z,84.0,Charge 4
2022-12-16T12:42:50Z,85.0,Charge 4
2022-12-16T12:43:00Z,84.0,Charge 4
2022-12-16T12:43:10Z,83.0,Charge 4
2022-12-16T12:43:15Z,83.0,Charge 4
2022-12-16T12:43:25Z,82.0,Charge 4
2022-12-16T12:43:35Z,82.0,Charge 4
2022-12-16T12:43:40Z,82.0,Charge 4
2022-12-16T12:43:50Z,80.0,Charge 4
2022-12-16T12:43:55Z,80.0,Charge 4
2022-12-16T12:44:00Z,81.0,Charge 4
2022-12-16T12:44:05Z,82.0,Charge 4
2022-12-16T12:44:11Z,83.0,Charge 4
2022-12-16T12:44:26Z,83.0,Charge 4
2022-12-16T12:44:31Z,84.0,Charge 4
2022-12-16T12:44:36Z,85.0,Charge 4
2022-12-16T12:44:51Z,85.0,Charge 4
2022-12-16T12:45:06Z,84.0,Charge 4
2022-12-16T12:45:16Z,85.0,Charge 4
2022-12-16T12:45:21Z,87.0,Charge 4
2022-12-16T12:45:26Z,88.0,Charge 4
2022-12-16T12:45:31Z,86.0,Charge 4
2022-12-16T12:45:36Z,82.0,Charge 4
2022-12-16T12:45:41Z,82.0,Charge 4
2022-12-16T12:45:56Z,82.0,Charge 4
2022-12-16T12:46:11Z,82.0,Charge 4
2022-12-16T12:46:16Z,81.0,Charge 4
2022-12-16T12:46:26Z,83.0,Charge 4
2022-12-16T12:46:36Z,83.0,Charge 4
2022-12-16T12:46:41Z,82.0,Charge 4
2022-12-16T12:46:46Z,82.0,Charge 4
2022-12-16T12:46:51Z,83.0,Charge 4
2022-12-16T12:46:56Z,84.0,Charge 4
2022-12-16T12:47:01Z,86.0,Charge 4
2022-12-16T12:47:06Z,88.0,Charge 4
2022-12-16T12:47:11Z,87.0,Charge 4
2022-12-16T12:47:16Z,84.0,Charge 4
2022-12-16T12:47:21Z,83.0,Charge 4
2022-12-16T12:47:26Z,87.0,Charge 4
2022-12-16T12:47:31Z,88.0,Charge 4
2022-12-16T12:47:36Z,90.0,Charge 4
2022-12-16T12:47:41Z,91.0,Charge 4
2022-12-16T12:47:51Z,90.0,Charge 4
2022-12-16T12:48:06Z,89.0,Charge 4
2022-12-16T12:48:11Z,88.0,Charge 4
2022-12-16T12:48:16Z,86.0,Charge 4
2022-12-16T12:48:21Z,85.0,Charge 4
2022-12-16T12:48:26Z,85.0,Charge 4
2022-12-16T12:48:31Z,86.0,Charge 4
2022-12-16T12:48:46Z,85.0,Charge 4
2022-12-16T12:48:51Z,85.0,Charge 4
2022-12-16T12:48:56Z,85.0,Charge 4
2022-12-16T12:49:06Z,84.0,Charge 4
2022-12-16T12:49:11Z,84.0,Charge 4
2022-12-16T12:49:26Z,84.0,Charge 4
2022-12-16T12:49:31Z,85.0,Charge 4
2022-12-16T12:49:36Z,86.0,Charge 4
2022-12-16T12:49:41Z,87.0,Charge 4
2022-12-16T12:49:51Z,89.0,Charge 4
2022-12-16T12:49:56Z,91.0,Charge 4
2022-12-16T12:50:01Z,96.0,Charge 4
2022-12-16T12:50:16Z,96.0,Charge 4
2022-12-16T12:50:21Z,95.0,Charge 4
2022-12-16T12:50:26Z,97.0,Charge 4
2022-12-16T12:50:31Z,96.0,Charge 4
2022-12-16T12:50:36Z,97.0,Charge 4
2022-12-16T12:50:41Z,99.0,Charge 4
2022-12-16T12:50:46Z,100.0,Charge 4
2022-12-16T12:50:51Z,99.0,Charge 4
2022-12-16T12:51:01Z,102.0,Charge 4
2022-12-16T12:51:06Z,104.0,Charge 4
2022-12-16T12:51:11Z,101.0,Charge 4
2022-12-16T12:51:16Z,96.0,Charge 4
2022-12-16T12:51:21Z,95.0,Charge 4
2022-12-16T12:51:26Z,94.0,Charge 4
2022-12-16T12:51:31Z,95.0,Charge 4
2022-12-16T12:51:41Z,96.0,Charge 4
2022-12-16T12:51:46Z,98.0,Charge 4
2022-12-16T12:51:51Z,97.0,Charge 4
2022-12-16T12:51:56Z,98.0,Charge 4
2022-12-16T12:52:01Z,99.0,Charge 4
2022-12-16T12:52:16Z,98.0,Charge 4
2022-12-16T12:52:21Z,99.0,Charge 4
2022-12-16T12:52:26Z,98.0,Charge 4
2022-12-16T12:52:31Z,99.0,Charge 4
2022-12-16T12:52:36Z,100.0,Charge 4
2022-12-16T12:52:41Z,97.0,Charge 4
2022-12-16T12:52:56Z,96.0,Charge 4
2022-12-16T12:53:01Z,95.0,Charge 4
2022-12-16T12:53:06Z,96.0,Charge 4
2022-12-16T12:53:11Z,98.0,Charge 4
2022-12-16T12:53:16Z,97.0,Charge 4
2022-12-16T12:53:21Z,96.0,Charge 4
2022-12-16T12:53:26Z,95.0,Charge 4
2022-12-16T12:53:36Z,96.0,Charge 4
2022-12-16T12:53:41Z,97.0,Charge 4
2022-12-16T12:53:46Z,99.0,Charge 4
2022-12-16T12:54:01Z,99.0,Charge 4
2022-12-16T12:54:06Z,98.0,Charge 4
2022-12-16T14:55:08Z,70.0,Charge 4
2022-12-16T14:55:23Z,82.0,Charge 4
2022-12-16T14:55:28Z,103.0,Charge 4
2022-12-16T14:55:33Z,96.0,Charge 4
2022-12-16T14:55:38Z,94.0,Charge 4
2022-12-16T14:55:48Z,92.0,Charge 4
2022-12-16T14:55:53Z,88.0,Charge 4
2022-12-16T14:56:03Z,89.0,Charge 4
2022-12-16T14:56:08Z,91.0,Charge 4
2022-12-16T14:56:13Z,90.0,Charge 4
2022-12-16T14:56:23Z,91.0,Charge 4
2022-12-16T14:56:28Z,92.0,Charge 4
2022-12-16T14:56:33Z,90.0,Charge 4
2022-12-16T14:56:38Z,89.0,Charge 4
2022-12-16T14:56:43Z,91.0,Charge 4
2022-12-16T14:56:48Z,93.0,Charge 4
2022-12-16T14:56:53Z,94.0,Charge 4
2022-12-16T14:56:58Z,95.0,Charge 4
2022-12-16T14:57:13Z,95.0,Charge 4
2022-12-16T14:57:18Z,93.0,Charge 4
2022-12-16T14:57:33Z,95.0,Charge 4
2022-12-16T14:57:38Z,94.0,Charge 4
2022-12-16T14:57:43Z,98.0,Charge 4
2022-12-16T14:57:48Z,93.0,Charge 4
2022-12-16T14:57:53Z,93.0,Charge 4
2022-12-16T14:57:58Z,92.0,Charge 4
2022-12-16T14:58:03Z,91.0,Charge 4
2022-12-16T14:58:08Z,96.0,Charge 4
2022-12-16T14:58:13Z,98.0,Charge 4
2022-12-16T14:58:28Z,98.0,Charge 4
2022-12-16T14:58:33Z,101.0,Charge 4
2022-12-16T14:58:48Z,101.0,Charge 4
2022-12-16T14:58:53Z,102.0,Charge 4
2022-12-16T14:58:58Z,96.0,Charge 4
2022-12-16T14:59:08Z,101.0,Charge 4
2022-12-16T14:59:13Z,103.0,Charge 4
2022-12-16T14:59:23Z,100.0,Charge 4
2022-12-16T14:59:28Z,102.0,Charge 4
2022-12-16T14:59:33Z,105.0,Charge 4
2022-12-16T14:59:38Z,106.0,Charge 4
2022-12-16T14:59:43Z,107.0,Charge 4
2022-12-16T14:59:48Z,110.0,Charge 4
2022-12-16T15:00:03Z,110.0,Charge 4
2022-12-16T15:00:08Z,110.0,Charge 4
2022-12-16T15:00:13Z,108.0,Charge 4
2022-12-16T15:00:18Z,109.0,Charge 4
2022-12-16T15:00:23Z,108.0,Charge 4
2022-12-16T15:00:28Z,105.0,Charge 4
2022-12-16T15:00:33Z,108.0,Charge 4
2022-12-16T15:00:43Z,109.0,Charge 4
2022-12-16T15:00:50Z,109.0,Charge 4
2022-12-16T15:00:55Z,106.0,Charge 4
2022-12-16T15:01:00Z,105.0,Charge 4
2022-12-16T15:01:05Z,102.0,Charge 4
2022-12-16T15:01:10Z,99.0,Charge 4
2022-12-16T15:01:15Z,95.0,Charge 4
2022-12-16T15:01:20Z,94.0,Charge 4
2022-12-16T15:01:25Z,93.0,Charge 4
2022-12-16T15:01:30Z,92.0,Charge 4
2022-12-16T15:01:45Z,92.0,Charge 4
2022-12-16T15:01:55Z,93.0,Charge 4
2022-12-16T15:02:05Z,92.0,Charge 4
2022-12-16T15:02:10Z,93.0,Charge 4
2022-12-16T15:02:20Z,95.0,Charge 4
2022-12-16T15:02:25Z,94.0,Charge 4
2022-12-16T15:02:30Z,92.0,Charge 4
2022-12-16T15:02:35Z,91.0,Charge 4
2022-12-16T15:02:40Z,92.0,Charge 4
2022-12-16T15:02:55Z,91.0,Charge 4
2022-12-16T15:03:00Z,91.0,Charge 4
2022-12-16T15:03:10Z,91.0,Charge 4
2022-12-16T15:03:25Z,91.0,Charge 4
2022-12-16T15:03:35Z,92.0,Charge 4
2022-12-16T15:03:45Z,90.0,Charge 4
2022-12-16T15:03:50Z,90.0,Charge 4
2022-12-16T15:04:05Z,91.0,Charge 4
2022-12-16T15:04:10Z,92.0,Charge 4
2022-12-16T15:04:15Z,93.0,Charge 4
2022-12-16T15:04:20Z,92.0,Charge 4
2022-12-16T15:04:25Z,92.0,Charge 4
2022-12-16T15:04:30Z,91.0,Charge 4
2022-12-16T15:04:45Z,91.0,Charge 4
2022-12-16T15:05:00Z,90.0,Charge 4
2022-12-16T15:05:10Z,91.0,Charge 4
2022-12-16T15:05:15Z,90.0,Charge 4
2022-12-16T15:05:20Z,89.0,Charge 4
2022-12-16T15:05:35Z,89.0,Charge 4
2022-12-16T15:05:40Z,90.0,Charge 4
2022-12-16T15:05:45Z,91.0,Charge 4
2022-12-16T15:05:50Z,93.0,Charge 4
2022-12-16T15:05:55Z,94.0,Charge 4
2022-12-16T15:06:05Z,95.0,Charge 4
2022-12-16T15:06:10Z,98.0,Charge 4
2022-12-16T15:06:15Z,99.0,Charge 4
2022-12-16T15:06:20Z,96.0,Charge 4
2022-12-16T15:06:25Z,94.0,Charge 4
2022-12-16T15:06:40Z,94.0,Charge 4
2022-12-16T15:06:50Z,92.0,Charge 4
2022-12-16T15:07:05Z,92.0,Charge 4
2022-12-16T15:07:20Z,92.0,Charge 4
2022-12-16T15:07:25Z,91.0,Charge 4
2022-12-16T15:07:30Z,91.0,Charge 4
2022-12-16T15:07:35Z,90.0,Charge 4
2022-12-16T15:07:41Z,90.0,Charge 4
2022-12-16T15:07:46Z,91.0,Charge 4
2022-12-16T15:07:51Z,92.0,Charge 4
2022-12-16T15:07:56Z,91.0,Charge 4
2022-12-16T15:08:01Z,90.0,Charge 4
2022-12-16T15:08:06Z,89.0,Charge 4
2022-12-16T15:08:11Z,88.0,Charge 4
2022-12-16T15:08:26Z,89.0,Charge 4
2022-12-16T15:08:41Z,89.0,Charge 4
2022-12-16T15:08:51Z,88.0,Charge 4
2022-12-16T15:09:06Z,89.0,Charge 4
2022-12-16T15:09:11Z,89.0,Charge 4
2022-12-16T15:09:26Z,91.0,Charge 4
2022-12-16T15:09:41Z,91.0,Charge 4
2022-12-16T15:09:46Z,92.0,Charge 4
2022-12-16T15:10:01Z,91.0,Charge 4
2022-12-16T15:10:06Z,90.0,Charge 4
2022-12-16T15:10:21Z,90.0,Charge 4
2022-12-16T15:10:36Z,89.0,Charge 4
2022-12-16T15:10:41Z,90.0,Charge 4
2022-12-16T15:10:51Z,90.0,Charge 4
2022-12-16T15:10:56Z,89.0,Charge 4
2022-12-16T15:11:01Z,88.0,Charge 4
2022-12-16T15:11:11Z,89.0,Charge 4
2022-12-16T15:11:26Z,89.0,Charge 4
2022-12-16T15:11:41Z,89.0,Charge 4
2022-12-16T15:11:46Z,90.0,Charge 4
2022-12-16T15:11:51Z,90.0,Charge 4
2022-12-16T15:11:56Z,91.0,Charge 4
2022-12-16T15:12:01Z,90.0,Charge 4
2022-12-16T15:12:11Z,90.0,Charge 4
2022-12-16T15:12:26Z,91.0,Charge 4
2022-12-16T15:12:36Z,95.0,Charge 4
2022-12-16T15:12:41Z,101.0,Charge 4
2022-12-16T15:12:56Z,100.0,Charge 4
2022-12-16T15:13:01Z,94.0,Charge 4
2022-12-16T15:13:06Z,98.0,Charge 4
2022-12-16T15:13:11Z,100.0,Charge 4
2022-12-16T15:13:21Z,103.0,Charge 4
2022-12-16T15:13:26Z,108.0,Charge 4
2022-12-16T15:13:31Z,110.0,Charge 4
2022-12-16T15:13:46Z,110.0,Charge 4
2022-12-16T15:13:51Z,108.0,Charge 4
2022-12-16T15:13:56Z,106.0,Charge 4
2022-12-16T15:14:01Z,104.0,Charge 4
2022-12-16T15:14:06Z,103.0,Charge 4
2022-12-16T15:14:11Z,104.0,Charge 4
2022-12-16T15:14:16Z,105.0,Charge 4
2022-12-16T15:14:21Z,107.0,Charge 4
2022-12-16T15:14:26Z,105.0,Charge 4
2022-12-16T15:14:31Z,104.0,Charge 4
2022-12-16T15:14:46Z,104.0,Charge 4
2022-12-16T15:14:51Z,106.0,Charge 4
2022-12-16T15:14:57Z,108.0,Charge 4
2022-12-16T15:15:12Z,108.0,Charge 4
2022-12-16T15:15:17Z,105.0,Charge 4
2022-12-16T15:15:22Z,102.0,Charge 4
2022-12-16T15:15:27Z,99.0,Charge 4
2022-12-16T15:15:37Z,100.0,Charge 4
2022-12-16T15:15:42Z,99.0,Charge 4
2022-12-16T15:15:47Z,100.0,Charge 4
2022-12-16T15:15:52Z,96.0,Charge 4
2022-12-16T15:15:57Z,95.0,Charge 4
2022-12-16T15:16:02Z,97.0,Charge 4
2022-12-16T15:16:07Z,98.0,Charge 4
2022-12-16T15:16:12Z,99.0,Charge 4
2022-12-16T15:16:22Z,97.0,Charge 4
2022-12-16T15:16:27Z,96.0,Charge 4
2022-12-16T15:16:32Z,97.0,Charge 4
2022-12-16T15:16:37Z,98.0,Charge 4
2022-12-16T15:16:42Z,99.0,Charge 4
2022-12-16T15:16:52Z,101.0,Charge 4
2022-12-16T15:16:57Z,103.0,Charge 4
2022-12-16T15:17:02Z,105.0,Charge 4
2022-12-16T15:17:07Z,103.0,Charge 4
2022-12-16T15:17:12Z,101.0,Charge 4
2022-12-16T15:17:17Z,104.0,Charge 4
2022-12-16T15:17:22Z,105.0,Charge 4
2022-12-16T15:17:32Z,104.0,Charge 4
2022-12-16T15:17:37Z,101.0,Charge 4
2022-12-16T15:17:42Z,101.0,Charge 4
2022-12-16T15:17:57Z,101.0,Charge 4
2022-12-16T15:18:12Z,101.0,Charge 4
2022-12-16T15:18:17Z,99.0,Charge 4
2022-12-16T15:18:22Z,97.0,Charge 4
2022-12-16T15:18:27Z,97.0,Charge 4
2022-12-16T15:18:42Z,97.0,Charge 4
2022-12-16T15:18:57Z,98.0,Charge 4
2022-12-16T15:19:02Z,99.0,Charge 4
2022-12-16T15:19:07Z,100.0,Charge 4
2022-12-16T15:19:17Z,102.0,Charge 4
2022-12-16T15:19:22Z,103.0,Charge 4
2022-12-16T15:19:27Z,105.0,Charge 4
2022-12-16T15:19:32Z,109.0,Charge 4
2022-12-16T15:19:42Z,108.0,Charge 4
2022-12-16T15:19:47Z,110.0,Charge 4
2022-12-16T15:19:52Z,107.0,Charge 4
2022-12-16T15:19:57Z,106.0,Charge 4
2022-12-16T15:20:02Z,108.0,Charge 4
2022-12-16T15:20:07Z,110.0,Charge 4
2022-12-16T15:20:12Z,112.0,Charge 4
2022-12-16T15:20:17Z,111.0,Charge 4
2022-12-16T15:20:22Z,107.0,Charge 4
2022-12-16T15:20:27Z,103.0,Charge 4
2022-12-16T15:20:32Z,101.0,Charge 4
2022-12-16T15:20:47Z,101.0,Charge 4
2022-12-16T15:20:53Z,102.0,Charge 4
2022-12-16T15:20:58Z,105.0,Charge 4
2022-12-16T15:21:03Z,106.0,Charge 4
2022-12-16T15:21:08Z,93.0,Charge 4
2022-12-16T15:21:13Z,92.0,Charge 4
2022-12-16T15:21:23Z,93.0,Charge 4
2022-12-16T15:21:38Z,93.0,Charge 4
2022-12-16T15:21:53Z,90.0,Charge 4
2022-12-16T15:21:58Z,91.0,Charge 4
2022-12-16T15:22:08Z,90.0,Charge 4
2022-12-16T15:22:18Z,87.0,Charge 4
2022-12-16T15:22:23Z,85.0,Charge 4
2022-12-16T15:22:28Z,83.0,Charge 4
2022-12-16T15:22:33Z,83.0,Charge 4
2022-12-16T15:22:38Z,82.0,Charge 4
2022-12-16T15:22:53Z,81.0,Charge 4
2022-12-16T15:23:08Z,81.0,Charge 4
2022-12-16T15:23:13Z,82.0,Charge 4
2022-12-16T15:23:18Z,81.0,Charge 4
2022-12-16T15:23:23Z,82.0,Charge 4
2022-12-16T15:23:28Z,84.0,Charge 4
2022-12-16T15:23:33Z,86.0,Charge 4
2022-12-16T15:23:38Z,87.0,Charge 4
2022-12-16T15:23:48Z,84.0,Charge 4
2022-12-16T15:23:53Z,81.0,Charge 4
2022-12-16T15:24:08Z,82.0,Charge 4
2022-12-16T15:24:13Z,82.0,Charge 4
2022-12-16T15:24:23Z,81.0,Charge 4
2022-12-16T15:24:33Z,82.0,Charge 4
2022-12-16T15:24:38Z,84.0,Charge 4
2022-12-16T15:24:53Z,85.0,Charge 4
2022-12-16T15:25:08Z,86.0,Charge 4
2022-12-16T15:25:13Z,87.0,Charge 4
2022-12-16T15:25:18Z,89.0,Charge 4
2022-12-16T15:25:23Z,90.0,Charge 4
2022-12-16T15:25:28Z,92.0,Charge 4
2022-12-16T15:25:33Z,94.0,Charge 4
2022-12-16T15:25:38Z,96.0,Charge 4
2022-12-16T15:25:43Z,100.0,Charge 4
2022-12-16T15:25:48Z,101.0,Charge 4
2022-12-16T15:25:58Z,102.0,Charge 4
2022-12-16T15:26:03Z,103.0,Charge 4
2022-12-16T15:26:08Z,104.0,Charge 4
2022-12-16T15:26:18Z,103.0,Charge 4
2022-12-16T15:26:23Z,102.0,Charge 4
2022-12-16T15:26:28Z,101.0,Charge 4
2022-12-16T15:26:33Z,99.0,Charge 4
2022-12-16T15:26:38Z,96.0,Charge 4
2022-12-16T15:26:43Z,93.0,Charge 4
2022-12-16T15:26:48Z,92.0,Charge 4
2022-12-16T15:26:53Z,90.0,Charge 4
2022-12-16T15:26:58Z,88.0,Charge 4
2022-12-16T15:27:03Z,87.0,Charge 4
2022-12-16T15:27:09Z,87.0,Charge 4
2022-12-16T15:27:14Z,86.0,Charge 4
2022-12-16T15:27:24Z,85.0,Charge 4
2022-12-16T15:27:39Z,86.0,Charge 4
2022-12-16T15:27:49Z,85.0,Charge 4
2022-12-16T15:27:54Z,86.0,Charge 4
2022-12-16T15:28:04Z,85.0,Charge 4
2022-12-16T15:28:14Z,84.0,Charge 4
2022-12-16T15:28:29Z,83.0,Charge 4
2022-12-16T15:28:39Z,84.0,Charge 4
2022-12-16T15:28:44Z,80.0,Charge 4
2022-12-16T15:28:49Z,83.0,Charge 4
2022-12-16T15:28:54Z,85.0,Charge 4
2022-12-16T15:28:59Z,86.0,Charge 4
2022-12-16T15:29:04Z,87.0,Charge 4
2022-12-16T15:29:09Z,86.0,Charge 4
2022-12-16T15:29:14Z,84.0,Charge 4
2022-12-16T15:29:29Z,84.0,Charge 4
2022-12-16T15:29:44Z,84.0,Charge 4
2022-12-16T15:29:59Z,84.0,Charge 4
2022-12-16T15:30:14Z,84.0,Charge 4
2022-12-16T15:30:24Z,85.0,Charge 4
2022-12-16T15:30:29Z,84.0,Charge 4
2022-12-16T15:30:44Z,85.0,Charge 4
2022-12-16T15:30:59Z,85.0,Charge 4
2022-12-16T15:31:09Z,84.0,Charge 4
2022-12-16T15:31:19Z,85.0,Charge 4
2022-12-16T15:31:24Z,84.0,Charge 4
2022-12-16T15:31:29Z,85.0,Charge 4
2022-12-16T15:31:34Z,91.0,Charge 4
2022-12-16T15:31:39Z,95.0,Charge 4
2022-12-16T15:31:44Z,97.0,Charge 4
2022-12-16T15:31:59Z,97.0,Charge 4
2022-12-16T15:32:14Z,96.0,Charge 4
2022-12-16T15:32:19Z,95.0,Charge 4
2022-12-16T15:32:24Z,93.0,Charge 4
2022-12-16T15:32:29Z,89.0,Charge 4
2022-12-16T15:32:44Z,88.0,Charge 4
2022-12-16T15:32:49Z,86.0,Charge 4
2022-12-16T15:32:54Z,85.0,Charge 4
2022-12-16T15:32:59Z,84.0,Charge 4
2022-12-16T15:33:04Z,83.0,Charge 4
2022-12-16T15:33:14Z,84.0,Charge 4
2022-12-16T15:33:29Z,84.0,Charge 4
2022-12-16T15:33:44Z,84.0,Charge 4
2022-12-16T15:33:59Z,83.0,Charge 4
2022-12-16T15:34:04Z,82.0,Charge 4
2022-12-16T15:34:19Z,82.0,Charge 4
2022-12-16T15:34:34Z,82.0,Charge 4
2022-12-16T15:34:39Z,81.0,Charge 4
2022-12-16T15:34:49Z,82.0,Charge 4
2022-12-16T15:35:04Z,82.0,Charge 4
2022-12-16T15:35:09Z,83.0,Charge 4
2022-12-16T15:35:15Z,83.0,Charge 4
2022-12-16T15:35:25Z,84.0,Charge 4
2022-12-16T15:35:35Z,83.0,Charge 4
2022-12-16T15:35:50Z,83.0,Charge 4
2022-12-16T15:35:55Z,83.0,Charge 4
2022-12-16T15:36:00Z,84.0,Charge 4
2022-12-16T15:36:05Z,85.0,Charge 4
2022-12-16T15:36:20Z,85.0,Charge 4
2022-12-16T15:36:30Z,84.0,Charge 4
2022-12-16T15:36:35Z,82.0,Charge 4
2022-12-16T15:36:50Z,82.0,Charge 4
2022-12-16T15:36:55Z,81.0,Charge 4
2022-12-16T15:37:10Z,81.0,Charge 4
2022-12-16T15:37:15Z,82.0,Charge 4
2022-12-16T15:37:20Z,83.0,Charge 4
2022-12-16T15:37:30Z,82.0,Charge 4
2022-12-16T15:37:35Z,82.0,Charge 4
2022-12-16T15:37:40Z,83.0,Charge 4
2022-12-16T15:37:50Z,82.0,Charge 4
2022-12-16T15:38:05Z,82.0,Charge 4
2022-12-16T15:38:20Z,82.0,Charge 4
2022-12-16T15:38:30Z,83.0,Charge 4
2022-12-16T15:38:45Z,83.0,Charge 4
2022-12-16T15:39:00Z,83.0,Charge 4
2022-12-16T15:39:10Z,82.0,Charge 4
2022-12-16T15:39:15Z,81.0,Charge 4
2022-12-16T15:39:25Z,82.0,Charge 4
2022-12-16T15:39:30Z,82.0,Charge 4
2022-12-16T15:39:35Z,83.0,Charge 4
2022-12-16T15:39:40Z,84.0,Charge 4
2022-12-16T15:39:55Z,84.0,Charge 4
2022-12-16T15:40:10Z,84.0,Charge 4
2022-12-16T15:40:15Z,85.0,Charge 4
2022-12-16T15:40:25Z,86.0,Charge 4
2022-12-16T15:40:40Z,86.0,Charge 4
2022-12-16T15:40:55Z,85.0,Charge 4
2022-12-16T15:41:10Z,84.0,Charge 4
2022-12-16T15:41:15Z,85.0,Charge 4
2022-12-16T15:41:20Z,86.0,Charge 4
2022-12-16T15:41:30Z,85.0,Charge 4
2022-12-16T15:41:35Z,86.0,Charge 4
2022-12-16T15:41:45Z,85.0,Charge 4
2022-12-16T15:42:00Z,85.0,Charge 4
2022-12-16T15:42:05Z,86.0,Charge 4
2022-12-16T15:42:15Z,87.0,Charge 4
2022-12-16T15:42:30Z,87.0,Charge 4
2022-12-16T15:42:35Z,88.0,Charge 4
2022-12-16T15:42:40Z,89.0,Charge 4
2022-12-16T15:42:45Z,90.0,Charge 4
2022-12-16T15:42:50Z,91.0,Charge 4
2022-12-16T15:43:00Z,90.0,Charge 4
2022-12-16T15:43:15Z,90.0,Charge 4
2022-12-16T15:43:16Z,91.0,Charge 4
2022-12-16T15:43:21Z,92.0,Charge 4
2022-12-16T15:43:26Z,93.0,Charge 4
2022-12-16T15:43:36Z,94.0,Charge 4
2022-12-16T15:43:46Z,91.0,Charge 4
2022-12-16T15:44:01Z,91.0,Charge 4
2022-12-16T15:44:11Z,90.0,Charge 4
2022-12-16T15:44:26Z,90.0,Charge 4
2022-12-16T15:44:31Z,91.0,Charge 4
2022-12-16T15:44:41Z,92.0,Charge 4
2022-12-16T15:44:46Z,93.0,Charge 4
2022-12-16T15:44:51Z,94.0,Charge 4
2022-12-16T15:44:56Z,93.0,Charge 4
2022-12-16T15:45:01Z,91.0,Charge 4
2022-12-16T15:45:06Z,88.0,Charge 4
2022-12-16T15:45:11Z,86.0,Charge 4
2022-12-16T15:45:16Z,86.0,Charge 4
2022-12-16T15:45:31Z,86.0,Charge 4
2022-12-16T15:45:36Z,87.0,Charge 4
2022-12-16T15:45:51Z,87.0,Charge 4
2022-12-16T15:45:56Z,86.0,Charge 4
2022-12-16T15:46:06Z,87.0,Charge 4
2022-12-16T15:46:11Z,88.0,Charge 4
2022-12-16T15:46:16Z,89.0,Charge 4
2022-12-16T15:46:21Z,90.0,Charge 4
2022-12-16T15:46:26Z,86.0,Charge 4
2022-12-16T15:46:41Z,86.0,Charge 4
2022-12-16T15:46:42Z,86.0,Charge 4
2022-12-16T15:46:57Z,87.0,Charge 4
2022-12-16T15:47:12Z,87.0,Charge 4
2022-12-16T15:47:27Z,88.0,Charge 4
2022-12-16T15:47:32Z,87.0,Charge 4
2022-12-16T15:47:37Z,86.0,Charge 4
2022-12-16T15:47:52Z,86.0,Charge 4
2022-12-16T15:48:07Z,86.0,Charge 4
2022-12-16T15:48:12Z,86.0,Charge 4
2022-12-16T15:48:22Z,86.0,Charge 4
2022-12-16T15:48:37Z,86.0,Charge 4
2022-12-16T15:48:47Z,85.0,Charge 4
2022-12-16T15:48:52Z,86.0,Charge 4
2022-12-16T15:49:07Z,86.0,Charge 4
2022-12-16T15:49:22Z,87.0,Charge 4
2022-12-16T15:49:27Z,86.0,Charge 4
2022-12-16T15:49:37Z,85.0,Charge 4
2022-12-16T15:49:52Z,85.0,Charge 4
2022-12-16T15:50:49Z,85.0,Charge 4
2022-12-16T15:51:04Z,85.0,Charge 4
2022-12-16T15:51:19Z,84.0,Charge 4
2022-12-16T15:51:29Z,85.0,Charge 4
2022-12-16T15:51:44Z,85.0,Charge 4
2022-12-16T15:51:59Z,85.0,Charge 4
2022-12-16T15:52:14Z,85.0,Charge 4
2022-12-16T15:52:29Z,83.0,Charge 4
2022-12-16T15:52:34Z,82.0,Charge 4
2022-12-16T15:52:49Z,82.0,Charge 4
2022-12-16T15:53:04Z,82.0,Charge 4
2022-12-16T15:53:19Z,83.0,Charge 4
2022-12-16T15:53:24Z,84.0,Charge 4
2022-12-16T15:53:29Z,82.0,Charge 4
2022-12-16T15:53:34Z,81.0,Charge 4
2022-12-16T15:53:44Z,82.0,Charge 4
2022-12-16T15:53:54Z,81.0,Charge 4
2022-12-16T15:53:59Z,80.0,Charge 4
2022-12-16T15:54:04Z,79.0,Charge 4
2022-12-16T15:54:09Z,73.0,Charge 4
2022-12-16T15:54:14Z,76.0,Charge 4
2022-12-16T15:54:19Z,80.0,Charge 4
2022-12-16T15:54:29Z,81.0,Charge 4
2022-12-16T15:54:39Z,82.0,Charge 4
2022-12-16T15:54:54Z,82.0,Charge 4
2022-12-16T15:55:09Z,83.0,Charge 4
2022-12-16T15:55:24Z,83.0,Charge 4
2022-12-16T15:55:29Z,82.0,Charge 4
2022-12-16T15:55:34Z,80.0,Charge 4
2022-12-16T15:55:49Z,81.0,Charge 4
2022-12-16T15:55:54Z,82.0,Charge 4
2022-12-16T15:56:04Z,83.0,Charge 4
2022-12-16T15:56:14Z,85.0,Charge 4
2022-12-16T15:56:19Z,86.0,Charge 4
2022-12-16T15:56:29Z,87.0,Charge 4
2022-12-16T15:56:34Z,88.0,Charge 4
2022-12-16T15:56:49Z,88.0,Charge 4
2022-12-16T15:56:54Z,88.0,Charge 4
2022-12-16T15:57:09Z,89.0,Charge 4
2022-12-16T15:57:19Z,90.0,Charge 4
2022-12-16T15:57:24Z,91.0,Charge 4
2022-12-16T15:57:29Z,92.0,Charge 4
2022-12-16T15:57:44Z,93.0,Charge 4
2022-12-16T15:57:49Z,95.0,Charge 4
2022-12-16T15:57:54Z,96.0,Charge 4
2022-12-16T15:57:59Z,95.0,Charge 4
2022-12-16T15:58:04Z,94.0,Charge 4
2022-12-16T15:58:09Z,95.0,Charge 4
2022-12-16T15:58:14Z,98.0,Charge 4
2022-12-16T15:58:19Z,99.0,Charge 4
2022-12-16T15:58:24Z,100.0,Charge 4
2022-12-16T15:58:29Z,98.0,Charge 4
2022-12-16T15:58:34Z,95.0,Charge 4
2022-12-16T15:58:39Z,94.0,Charge 4
2022-12-16T15:58:44Z,94.0,Charge 4
2022-12-16T15:58:54Z,95.0,Charge 4
2022-12-16T15:59:09Z,95.0,Charge 4
2022-12-16T15:59:19Z,94.0,Charge 4
2022-12-16T15:59:29Z,94.0,Charge 4
2022-12-16T15:59:39Z,95.0,Charge 4
2022-12-16T15:59:54Z,96.0,Charge 4
2022-12-16T15:59:59Z,96.0,Charge 4
2022-12-16T16:00:04Z,97.0,Charge 4
2022-12-16T16:00:19Z,99.0,Charge 4
2022-12-16T16:00:24Z,101.0,Charge 4
2022-12-16T16:00:29Z,104.0,Charge 4
2022-12-16T16:00:39Z,103.0,Charge 4
2022-12-16T16:00:44Z,101.0,Charge 4
2022-12-16T16:00:49Z,97.0,Charge 4
2022-12-16T16:00:54Z,99.0,Charge 4
2022-12-16T16:00:59Z,103.0,Charge 4
2022-12-16T16:01:04Z,104.0,Charge 4
2022-12-16T16:01:09Z,107.0,Charge 4
2022-12-16T16:01:14Z,106.0,Charge 4
2022-12-16T16:01:19Z,108.0,Charge 4
2022-12-16T16:01:24Z,107.0,Charge 4
2022-12-16T16:01:29Z,105.0,Charge 4
2022-12-16T16:01:34Z,103.0,Charge 4
2022-12-16T16:01:39Z,106.0,Charge 4
2022-12-16T16:01:44Z,105.0,Charge 4
2022-12-16T16:01:54Z,103.0,Charge 4
2022-12-16T16:01:59Z,102.0,Charge 4
2022-12-16T16:02:14Z,100.0,Charge 4
2022-12-16T16:02:19Z,97.0,Charge 4
2022-12-16T16:02:24Z,92.0,Charge 4
2022-12-16T16:02:39Z,91.0,Charge 4
2022-12-16T16:02:54Z,91.0,Charge 4
2022-12-16T16:03:09Z,91.0,Charge 4
2022-12-16T16:03:19Z,89.0,Charge 4
2022-12-16T16:03:24Z,88.0,Charge 4
2022-12-16T16:03:29Z,89.0,Charge 4
2022-12-16T16:03:34Z,88.0,Charge 4
2022-12-16T16:03:39Z,87.0,Charge 4
2022-12-16T16:03:44Z,86.0,Charge 4
2022-12-16T16:03:49Z,87.0,Charge 4
2022-12-16T16:03:54Z,88.0,Charge 4
2022-12-16T16:04:04Z,87.0,Charge 4
2022-12-16T16:04:09Z,86.0,Charge 4
2022-12-16T16:04:14Z,85.0,Charge 4
2022-12-16T16:04:24Z,85.0,Charge 4
2022-12-16T16:04:39Z,85.0,Charge 4
2022-12-16T16:04:44Z,84.0,Charge 4
2022-12-16T16:04:49Z,83.0,Charge 4
2022-12-16T16:04:54Z,81.0,Charge 4
2022-12-16T16:05:04Z,82.0,Charge 4
2022-12-16T16:05:19Z,82.0,Charge 4
2022-12-16T16:05:24Z,83.0,Charge 4
2022-12-16T16:05:29Z,84.0,Charge 4
2022-12-16T16:05:34Z,85.0,Charge 4
2022-12-16T16:05:39Z,86.0,Charge 4
2022-12-16T16:05:54Z,87.0,Charge 4
2022-12-16T16:06:04Z,87.0,Charge 4
2022-12-16T16:06:14Z,86.0,Charge 4
2022-12-16T16:06:19Z,85.0,Charge 4
2022-12-16T16:06:24Z,84.0,Charge 4
2022-12-16T16:06:29Z,82.0,Charge 4
2022-12-16T16:06:34Z,83.0,Charge 4
2022-12-16T16:06:44Z,84.0,Charge 4
2022-12-16T16:06:49Z,86.0,Charge 4
2022-12-16T16:07:04Z,86.0,Charge 4
2022-12-16T16:07:19Z,86.0,Charge 4
2022-12-16T16:07:24Z,86.0,Charge 4
2022-12-16T16:07:29Z,87.0,Charge 4
2022-12-16T16:07:34Z,88.0,Charge 4
2022-12-16T16:07:39Z,87.0,Charge 4
2022-12-16T16:07:44Z,86.0,Charge 4
2022-12-16T16:07:49Z,87.0,Charge 4
2022-12-16T16:07:59Z,88.0,Charge 4
2022-12-16T16:08:14Z,88.0,Charge 4
2022-12-16T16:08:19Z,88.0,Charge 4
2022-12-16T16:08:34Z,88.0,Charge 4
2022-12-16T16:08:49Z,89.0,Charge 4
2022-12-16T16:08:50Z,89.0,Charge 4
2022-12-16T16:09:05Z,88.0,Charge 4
2022-12-16T16:09:20Z,88.0,Charge 4
2022-12-16T16:09:25Z,87.0,Charge 4
2022-12-16T16:09:40Z,88.0,Charge 4
2022-12-16T16:09:55Z,88.0,Charge 4
2022-12-16T16:10:05Z,90.0,Charge 4
2022-12-16T16:10:20Z,89.0,Charge 4
2022-12-16T16:10:35Z,89.0,Charge 4
2022-12-16T16:10:40Z,88.0,Charge 4
2022-12-16T16:10:55Z,88.0,Charge 4
2022-12-16T16:11:10Z,88.0,Charge 4
2022-12-16T16:11:25Z,88.0,Charge 4
2022-12-16T16:11:40Z,88.0,Charge 4
2022-12-16T16:11:55Z,88.0,Charge 4
2022-12-16T16:12:10Z,87.0,Charge 4
2022-12-16T16:12:20Z,88.0,Charge 4
2022-12-16T16:12:35Z,89.0,Charge 4
2022-12-16T16:12:40Z,88.0,Charge 4
2022-12-16T16:12:55Z,87.0,Charge 4
2022-12-16T16:13:00Z,88.0,Charge 4
2022-12-16T16:13:10Z,89.0,Charge 4
2022-12-16T16:13:15Z,89.0,Charge 4
2022-12-16T16:13:25Z,92.0,Charge 4
2022-12-16T16:13:30Z,92.0,Charge 4
2022-12-16T16:13:35Z,91.0,Charge 4
2022-12-16T16:13:45Z,90.0,Charge 4
2022-12-16T16:13:50Z,89.0,Charge 4
2022-12-16T16:14:00Z,88.0,Charge 4
2022-12-16T16:14:05Z,87.0,Charge 4
2022-12-16T16:14:20Z,88.0,Charge 4
2022-12-16T16:14:25Z,89.0,Charge 4
2022-12-16T16:14:40Z,89.0,Charge 4
2022-12-16T16:14:45Z,90.0,Charge 4
2022-12-16T16:15:00Z,88.0,Charge 4
2022-12-16T16:15:15Z,87.0,Charge 4
2022-12-16T16:15:30Z,87.0,Charge 4
2022-12-16T16:15:45Z,88.0,Charge 4
2022-12-16T16:15:50Z,86.0,Charge 4
2022-12-16T16:16:00Z,85.0,Charge 4
2022-12-16T16:16:10Z,85.0,Charge 4
2022-12-16T16:16:25Z,85.0,Charge 4
2022-12-16T16:16:35Z,84.0,Charge 4
2022-12-16T16:16:50Z,84.0,Charge 4
2022-12-16T16:17:05Z,83.0,Charge 4
2022-12-16T16:17:10Z,82.0,Charge 4
2022-12-16T16:17:15Z,81.0,Charge 4
2022-12-16T16:17:20Z,82.0,Charge 4
2022-12-16T16:17:30Z,83.0,Charge 4
2022-12-16T16:17:35Z,84.0,Charge 4
2022-12-16T16:17:40Z,86.0,Charge 4
2022-12-16T16:17:45Z,85.0,Charge 4
2022-12-16T16:18:00Z,84.0,Charge 4
2022-12-16T16:18:05Z,83.0,Charge 4
2022-12-16T16:18:10Z,83.0,Charge 4
2022-12-16T16:18:15Z,84.0,Charge 4
2022-12-16T16:18:20Z,86.0,Charge 4
2022-12-16T16:18:30Z,85.0,Charge 4
2022-12-16T16:18:45Z,85.0,Charge 4
2022-12-16T16:19:00Z,85.0,Charge 4
2022-12-16T16:19:05Z,84.0,Charge 4
2022-12-16T16:19:15Z,78.0,Charge 4
2022-12-16T16:19:20Z,79.0,Charge 4
2022-12-16T16:19:25Z,81.0,Charge 4
2022-12-16T16:19:35Z,82.0,Charge 4
2022-12-16T16:19:45Z,83.0,Charge 4
2022-12-16T16:19:50Z,84.0,Charge 4
2022-12-16T16:20:05Z,85.0,Charge 4
2022-12-16T16:20:15Z,86.0,Charge 4
2022-12-16T16:20:30Z,86.0,Charge 4
2022-12-16T16:20:45Z,86.0,Charge 4
2022-12-16T16:21:00Z,84.0,Charge 4
2022-12-16T16:21:10Z,85.0,Charge 4
2022-12-16T16:21:25Z,86.0,Charge 4
2022-12-16T16:21:35Z,85.0,Charge 4
2022-12-16T16:21:50Z,85.0,Charge 4
2022-12-16T16:22:00Z,87.0,Charge 4
2022-12-16T16:22:05Z,86.0,Charge 4
2022-12-16T16:22:15Z,87.0,Charge 4
2022-12-16T16:22:30Z,88.0,Charge 4
2022-12-16T16:22:45Z,88.0,Charge 4
2022-12-16T16:22:50Z,88.0,Charge 4
2022-12-16T16:23:05Z,88.0,Charge 4
2022-12-16T16:23:15Z,90.0,Charge 4
2022-12-16T16:23:30Z,90.0,Charge 4
2022-12-16T16:23:45Z,89.0,Charge 4
2022-12-16T16:24:00Z,88.0,Charge 4
2022-12-16T16:24:10Z,87.0,Charge 4
2022-12-16T16:24:25Z,87.0,Charge 4
2022-12-16T16:24:30Z,88.0,Charge 4
2022-12-16T16:24:35Z,89.0,Charge 4
2022-12-16T16:24:40Z,90.0,Charge 4
2022-12-16T16:24:55Z,90.0,Charge 4
2022-12-16T16:25:05Z,91.0,Charge 4
2022-12-16T16:25:20Z,91.0,Charge 4
2022-12-16T16:25:25Z,89.0,Charge 4
2022-12-16T16:25:30Z,88.0,Charge 4
2022-12-16T16:25:45Z,88.0,Charge 4
2022-12-16T16:26:00Z,88.0,Charge 4
2022-12-16T16:26:15Z,87.0,Charge 4
2022-12-16T16:26:30Z,86.0,Charge 4
2022-12-16T16:26:36Z,88.0,Charge 4
2022-12-16T16:26:46Z,90.0,Charge 4
2022-12-16T16:26:56Z,91.0,Charge 4
2022-12-16T16:27:01Z,92.0,Charge 4
2022-12-16T16:27:06Z,94.0,Charge 4
2022-12-16T16:27:16Z,93.0,Charge 4
2022-12-16T16:27:31Z,93.0,Charge 4
2022-12-16T16:27:41Z,92.0,Charge 4
2022-12-16T16:27:46Z,90.0,Charge 4
2022-12-16T16:27:56Z,89.0,Charge 4
2022-12-16T16:28:11Z,89.0,Charge 4
2022-12-16T16:28:21Z,90.0,Charge 4
2022-12-16T16:28:26Z,91.0,Charge 4
2022-12-16T16:28:31Z,93.0,Charge 4
2022-12-16T16:28:46Z,92.0,Charge 4
2022-12-16T16:28:56Z,91.0,Charge 4
2022-12-16T16:29:01Z,90.0,Charge 4
2022-12-16T16:29:11Z,91.0,Charge 4
2022-12-16T16:29:26Z,92.0,Charge 4
2022-12-16T16:29:31Z,90.0,Charge 4
2022-12-16T16:29:36Z,89.0,Charge 4
2022-12-16T16:29:41Z,88.0,Charge 4
2022-12-16T16:29:56Z,88.0,Charge 4
2022-12-16T16:30:01Z,89.0,Charge 4
2022-12-16T16:30:06Z,86.0,Charge 4
2022-12-16T16:30:21Z,86.0,Charge 4
2022-12-16T16:30:26Z,87.0,Charge 4
2022-12-16T16:30:31Z,87.0,Charge 4
2022-12-16T16:30:46Z,86.0,Charge 4
2022-12-16T16:31:01Z,85.0,Charge 4
2022-12-16T16:31:16Z,86.0,Charge 4
2022-12-16T16:31:26Z,85.0,Charge 4
2022-12-16T16:31:31Z,85.0,Charge 4
2022-12-16T16:31:46Z,85.0,Charge 4
2022-12-16T16:31:51Z,86.0,Charge 4
2022-12-16T16:32:01Z,87.0,Charge 4
2022-12-16T16:32:06Z,88.0,Charge 4
2022-12-16T16:32:11Z,89.0,Charge 4
2022-12-16T16:32:16Z,100.0,Charge 4
2022-12-16T16:32:21Z,101.0,Charge 4
2022-12-16T16:32:26Z,101.0,Charge 4
2022-12-16T16:32:41Z,101.0,Charge 4
2022-12-16T16:32:51Z,104.0,Charge 4
2022-12-16T16:32:56Z,107.0,Charge 4
2022-12-16T16:33:01Z,106.0,Charge 4
2022-12-16T16:33:06Z,103.0,Charge 4
2022-12-16T16:33:11Z,101.0,Charge 4
2022-12-16T16:33:21Z,99.0,Charge 4
2022-12-16T16:33:26Z,97.0,Charge 4
2022-12-16T16:33:31Z,96.0,Charge 4
2022-12-16T16:33:41Z,95.0,Charge 4
2022-12-16T16:33:46Z,96.0,Charge 4
2022-12-16T16:33:56Z,97.0,Charge 4
2022-12-16T16:34:01Z,98.0,Charge 4
2022-12-16T16:34:11Z,96.0,Charge 4
2022-12-16T16:34:16Z,97.0,Charge 4
2022-12-16T16:34:26Z,98.0,Charge 4
2022-12-16T16:34:31Z,99.0,Charge 4
2022-12-16T16:34:36Z,100.0,Charge 4
2022-12-16T16:34:41Z,99.0,Charge 4
2022-12-16T16:34:46Z,102.0,Charge 4
2022-12-16T16:34:51Z,103.0,Charge 4
2022-12-16T16:35:01Z,104.0,Charge 4
2022-12-16T16:35:06Z,105.0,Charge 4
2022-12-16T16:35:11Z,105.0,Charge 4
2022-12-16T16:35:16Z,102.0,Charge 4
2022-12-16T16:35:21Z,101.0,Charge 4
2022-12-16T16:35:26Z,102.0,Charge 4
2022-12-16T16:35:31Z,101.0,Charge 4
2022-12-16T16:35:41Z,102.0,Charge 4
2022-12-16T16:35:51Z,100.0,Charge 4
2022-12-16T16:36:01Z,99.0,Charge 4
2022-12-16T16:36:11Z,101.0,Charge 4
2022-12-16T16:36:16Z,103.0,Charge 4
2022-12-16T16:36:21Z,104.0,Charge 4
2022-12-16T16:36:26Z,105.0,Charge 4
2022-12-16T16:36:31Z,106.0,Charge 4
2022-12-16T16:36:36Z,108.0,Charge 4
2022-12-16T16:36:41Z,106.0,Charge 4
2022-12-16T16:36:56Z,106.0,Charge 4
2022-12-16T16:37:01Z,105.0,Charge 4
2022-12-16T16:37:06Z,101.0,Charge 4
2022-12-16T16:37:11Z,100.0,Charge 4
2022-12-16T16:37:16Z,102.0,Charge 4
2022-12-16T16:37:21Z,104.0,Charge 4
2022-12-16T16:37:26Z,105.0,Charge 4
2022-12-16T16:37:31Z,104.0,Charge 4
2022-12-16T16:37:46Z,107.0,Charge 4
2022-12-16T16:37:51Z,106.0,Charge 4
2022-12-16T16:38:01Z,107.0,Charge 4
2022-12-16T16:38:06Z,111.0,Charge 4
2022-12-16T16:38:11Z,113.0,Charge 4
2022-12-16T16:38:16Z,111.0,Charge 4
2022-12-16T16:38:21Z,114.0,Charge 4
2022-12-16T16:38:26Z,115.0,Charge 4
2022-12-16T16:38:36Z,113.0,Charge 4
2022-12-16T16:38:41Z,112.0,Charge 4
2022-12-16T16:38:46Z,111.0,Charge 4
2022-12-16T16:38:51Z,109.0,Charge 4
2022-12-16T16:38:56Z,112.0,Charge 4
2022-12-16T16:39:01Z,113.0,Charge 4
2022-12-16T16:39:11Z,115.0,Charge 4
2022-12-16T16:39:16Z,116.0,Charge 4
2022-12-16T16:39:21Z,117.0,Charge 4
2022-12-16T16:39:26Z,117.0,Charge 4
2022-12-16T16:39:31Z,117.0,Charge 4
2022-12-16T16:39:41Z,117.0,Charge 4
2022-12-16T16:39:46Z,117.0,Charge 4
2022-12-16T16:39:56Z,112.0,Charge 4
2022-12-16T16:40:06Z,110.0,Charge 4
2022-12-16T16:40:11Z,108.0,Charge 4
2022-12-16T16:40:26Z,108.0,Charge 4
2022-12-16T16:40:31Z,100.0,Charge 4
2022-12-16T16:40:36Z,97.0,Charge 4
2022-12-16T16:40:41Z,94.0,Charge 4
2022-12-16T16:40:46Z,91.0,Charge 4
2022-12-16T16:40:51Z,97.0,Charge 4
2022-12-16T16:40:56Z,98.0,Charge 4
2022-12-16T16:41:01Z,99.0,Charge 4
2022-12-16T16:41:06Z,98.0,Charge 4
2022-12-16T16:41:11Z,97.0,Charge 4
2022-12-16T16:41:16Z,109.0,Charge 4
2022-12-16T16:41:21Z,110.0,Charge 4
2022-12-16T16:41:31Z,114.0,Charge 4
2022-12-16T16:41:36Z,116.0,Charge 4
2022-12-16T16:41:41Z,120.0,Charge 4
2022-12-16T16:41:46Z,121.0,Charge 4
2022-12-16T16:41:51Z,120.0,Charge 4
2022-12-16T16:42:01Z,125.0,Charge 4
2022-12-16T16:42:06Z,124.0,Charge 4
2022-12-16T16:42:11Z,120.0,Charge 4
2022-12-16T16:42:16Z,115.0,Charge 4
2022-12-16T16:42:22Z,111.0,Charge 4
2022-12-16T16:42:27Z,107.0,Charge 4
2022-12-16T16:42:32Z,102.0,Charge 4
2022-12-16T16:42:37Z,102.0,Charge 4
2022-12-16T16:42:42Z,106.0,Charge 4
2022-12-16T16:42:47Z,105.0,Charge 4
2022-12-16T16:42:52Z,107.0,Charge 4
2022-12-16T16:42:57Z,108.0,Charge 4
2022-12-16T16:43:07Z,107.0,Charge 4
2022-12-16T16:43:12Z,108.0,Charge 4
2022-12-16T16:43:17Z,114.0,Charge 4
2022-12-16T16:43:27Z,114.0,Charge 4
2022-12-16T16:43:37Z,117.0,Charge 4
2022-12-16T16:43:42Z,120.0,Charge 4
2022-12-16T16:43:52Z,119.0,Charge 4
2022-12-16T16:43:57Z,121.0,Charge 4
2022-12-16T16:44:07Z,121.0,Charge 4
2022-12-16T16:44:12Z,119.0,Charge 4
2022-12-16T16:44:17Z,117.0,Charge 4
2022-12-16T16:44:22Z,114.0,Charge 4
2022-12-16T16:44:32Z,115.0,Charge 4
2022-12-16T16:44:37Z,110.0,Charge 4
2022-12-16T16:44:42Z,109.0,Charge 4
2022-12-16T16:44:52Z,107.0,Charge 4
2022-12-16T16:44:57Z,108.0,Charge 4
2022-12-16T16:45:07Z,106.0,Charge 4
2022-12-16T16:45:22Z,103.0,Charge 4
2022-12-16T16:45:27Z,100.0,Charge 4
2022-12-16T16:45:32Z,101.0,Charge 4
2022-12-16T16:45:37Z,105.0,Charge 4
2022-12-16T16:45:42Z,111.0,Charge 4
2022-12-16T16:45:47Z,112.0,Charge 4
2022-12-16T16:45:52Z,113.0,Charge 4
2022-12-16T16:45:57Z,112.0,Charge 4
2022-12-16T16:46:02Z,113.0,Charge 4
2022-12-16T16:46:07Z,114.0,Charge 4
2022-12-16T16:46:17Z,117.0,Charge 4
2022-12-16T16:46:22Z,120.0,Charge 4
2022-12-16T16:46:27Z,119.0,Charge 4
2022-12-16T16:46:32Z,117.0,Charge 4
2022-12-16T16:46:47Z,117.0,Charge 4
2022-12-16T16:46:52Z,116.0,Charge 4
2022-12-16T16:46:57Z,114.0,Charge 4
2022-12-16T16:47:02Z,115.0,Charge 4
2022-12-16T16:47:12Z,116.0,Charge 4
2022-12-16T16:47:17Z,113.0,Charge 4
2022-12-16T16:47:22Z,108.0,Charge 4
2022-12-16T16:47:27Z,106.0,Charge 4
2022-12-16T16:47:32Z,107.0,Charge 4
2022-12-16T16:47:37Z,110.0,Charge 4
2022-12-16T16:47:42Z,109.0,Charge 4
2022-12-16T16:47:47Z,109.0,Charge 4
2022-12-16T16:47:57Z,110.0,Charge 4
2022-12-16T16:48:02Z,111.0,Charge 4
2022-12-16T16:48:07Z,111.0,Charge 4
2022-12-16T16:48:12Z,113.0,Charge 4
2022-12-16T16:48:17Z,114.0,Charge 4
2022-12-16T16:48:22Z,113.0,Charge 4
2022-12-16T16:48:27Z,117.0,Charge 4
2022-12-16T16:48:32Z,120.0,Charge 4
2022-12-16T16:48:42Z,118.0,Charge 4
2022-12-16T16:48:52Z,116.0,Charge 4
2022-12-16T16:48:57Z,116.0,Charge 4
2022-12-16T16:49:02Z,117.0,Charge 4
2022-12-16T16:49:07Z,116.0,Charge 4
2022-12-16T16:49:12Z,115.0,Charge 4
2022-12-16T16:49:17Z,117.0,Charge 4
2022-12-16T16:49:22Z,116.0,Charge 4
2022-12-16T16:49:27Z,115.0,Charge 4
2022-12-16T16:49:37Z,116.0,Charge 4
2022-12-16T16:49:47Z,119.0,Charge 4
2022-12-16T16:50:02Z,117.0,Charge 4
2022-12-16T16:50:07Z,112.0,Charge 4
2022-12-16T16:50:12Z,113.0,Charge 4
2022-12-16T16:50:17Z,114.0,Charge 4
2022-12-16T16:50:22Z,115.0,Charge 4
2022-12-16T16:50:32Z,112.0,Charge 4
2022-12-16T16:50:37Z,113.0,Charge 4
2022-12-16T16:50:42Z,114.0,Charge 4
2022-12-16T16:50:57Z,114.0,Charge 4
2022-12-16T16:51:02Z,115.0,Charge 4
2022-12-16T16:51:07Z,117.0,Charge 4
2022-12-16T16:51:17Z,114.0,Charge 4
2022-12-16T16:51:22Z,108.0,Charge 4
2022-12-16T16:51:27Z,104.0,Charge 4
2022-12-16T16:51:32Z,106.0,Charge 4
2022-12-16T16:51:37Z,108.0,Charge 4
2022-12-16T16:51:42Z,107.0,Charge 4
2022-12-16T16:51:47Z,106.0,Charge 4
2022-12-16T16:51:52Z,110.0,Charge 4
2022-12-16T16:51:57Z,115.0,Charge 4
2022-12-16T16:52:02Z,114.0,Charge 4
2022-12-16T16:52:07Z,117.0,Charge 4
2022-12-16T16:52:12Z,118.0,Charge 4
2022-12-16T16:52:17Z,117.0,Charge 4
2022-12-16T16:52:22Z,116.0,Charge 4
2022-12-16T16:52:27Z,114.0,Charge 4
2022-12-16T16:52:32Z,113.0,Charge 4
2022-12-16T16:52:37Z,112.0,Charge 4
2022-12-16T16:52:42Z,111.0,Charge 4
2022-12-16T16:52:47Z,109.0,Charge 4
2022-12-16T16:52:52Z,108.0,Charge 4
2022-12-16T16:53:07Z,106.0,Charge 4
2022-12-16T16:53:12Z,105.0,Charge 4
2022-12-16T16:53:17Z,104.0,Charge 4
2022-12-16T16:53:22Z,101.0,Charge 4
2022-12-16T16:53:27Z,98.0,Charge 4
2022-12-16T16:53:32Z,93.0,Charge 4
2022-12-16T16:53:37Z,93.0,Charge 4
2022-12-16T16:53:42Z,94.0,Charge 4
2022-12-16T16:53:57Z,94.0,Charge 4
2022-12-16T16:54:02Z,95.0,Charge 4
2022-12-16T16:54:07Z,93.0,Charge 4
2022-12-16T16:54:17Z,91.0,Charge 4
2022-12-16T16:54:22Z,86.0,Charge 4
2022-12-16T16:54:27Z,85.0,Charge 4
2022-12-16T16:54:42Z,85.0,Charge 4
2022-12-16T16:54:47Z,86.0,Charge 4
2022-12-16T16:54:52Z,87.0,Charge 4
2022-12-16T16:54:57Z,89.0,Charge 4
2022-12-16T16:55:02Z,91.0,Charge 4
2022-12-16T16:55:17Z,91.0,Charge 4
2022-12-16T16:55:22Z,92.0,Charge 4
2022-12-16T16:55:27Z,93.0,Charge 4
2022-12-16T16:55:42Z,93.0,Charge 4
2022-12-16T16:55:52Z,90.0,Charge 4
2022-12-16T16:55:57Z,86.0,Charge 4
2022-12-16T16:56:07Z,88.0,Charge 4
2022-12-16T16:56:17Z,87.0,Charge 4
2022-12-16T16:56:22Z,88.0,Charge 4
2022-12-16T16:56:27Z,92.0,Charge 4
2022-12-16T16:56:32Z,91.0,Charge 4
2022-12-16T16:56:47Z,91.0,Charge 4
2022-12-16T16:56:57Z,92.0,Charge 4
2022-12-16T16:57:12Z,92.0,Charge 4
2022-12-16T16:57:18Z,93.0,Charge 4
2022-12-16T16:57:28Z,94.0,Charge 4
2022-12-16T16:57:38Z,93.0,Charge 4
2022-12-16T16:57:53Z,94.0,Charge 4
2022-12-16T16:57:58Z,95.0,Charge 4
2022-12-16T16:58:13Z,95.0,Charge 4
2022-12-16T16:58:23Z,96.0,Charge 4
2022-12-16T16:58:28Z,95.0,Charge 4
2022-12-16T16:58:33Z,96.0,Charge 4
2022-12-16T16:58:48Z,97.0,Charge 4
2022-12-16T16:59:03Z,99.0,Charge 4
2022-12-16T16:59:08Z,103.0,Charge 4
2022-12-16T16:59:13Z,105.0,Charge 4
2022-12-16T16:59:18Z,108.0,Charge 4
2022-12-16T16:59:23Z,110.0,Charge 4
2022-12-16T16:59:28Z,111.0,Charge 4
2022-12-16T16:59:33Z,113.0,Charge 4
2022-12-16T16:59:38Z,114.0,Charge 4
2022-12-16T16:59:48Z,115.0,Charge 4
2022-12-16T16:59:58Z,118.0,Charge 4
2022-12-16T17:00:13Z,118.0,Charge 4
2022-12-16T17:00:23Z,119.0,Charge 4
2022-12-16T17:00:28Z,118.0,Charge 4
2022-12-16T17:00:43Z,117.0,Charge 4
2022-12-16T17:00:53Z,115.0,Charge 4
2022-12-16T17:00:58Z,114.0,Charge 4
2022-12-16T17:01:03Z,113.0,Charge 4
2022-12-16T17:01:08Z,113.0,Charge 4
2022-12-16T17:01:13Z,111.0,Charge 4
2022-12-16T17:01:18Z,110.0,Charge 4
2022-12-16T17:01:33Z,111.0,Charge 4
2022-12-16T17:01:38Z,112.0,Charge 4
2022-12-16T17:01:43Z,111.0,Charge 4
2022-12-16T17:01:58Z,110.0,Charge 4
2022-12-16T17:02:03Z,106.0,Charge 4
2022-12-16T17:02:18Z,105.0,Charge 4
2022-12-16T17:02:23Z,106.0,Charge 4
2022-12-16T17:02:28Z,108.0,Charge 4
2022-12-16T17:02:33Z,109.0,Charge 4
2022-12-16T17:02:38Z,110.0,Charge 4
2022-12-16T17:02:43Z,109.0,Charge 4
2022-12-16T17:02:48Z,106.0,Charge 4
2022-12-16T17:02:58Z,107.0,Charge 4
2022-12-16T17:03:03Z,106.0,Charge 4
2022-12-16T17:03:18Z,106.0,Charge 4
2022-12-16T17:03:23Z,107.0,Charge 4
2022-12-16T17:03:28Z,108.0,Charge 4
2022-12-16T17:03:43Z,108.0,Charge 4
2022-12-16T17:03:48Z,109.0,Charge 4
2022-12-16T17:03:53Z,110.0,Charge 4
2022-12-16T17:03:58Z,109.0,Charge 4
2022-12-16T17:04:03Z,110.0,Charge 4
2022-12-16T17:04:13Z,109.0,Charge 4
2022-12-16T17:04:28Z,109.0,Charge 4
2022-12-16T17:04:33Z,108.0,Charge 4
2022-12-16T17:04:38Z,107.0,Charge 4
2022-12-16T17:04:43Z,106.0,Charge 4
2022-12-16T17:04:58Z,106.0,Charge 4
2022-12-16T17:05:03Z,105.0,Charge 4
2022-12-16T17:05:08Z,106.0,Charge 4
2022-12-16T17:05:13Z,107.0,Charge 4
2022-12-16T17:05:18Z,106.0,Charge 4
2022-12-16T17:05:28Z,105.0,Charge 4
2022-12-16T17:05:43Z,104.0,Charge 4
2022-12-16T17:05:53Z,105.0,Charge 4
2022-12-16T17:05:58Z,106.0,Charge 4
2022-12-16T17:06:08Z,109.0,Charge 4
2022-12-16T17:06:13Z,112.0,Charge 4
2022-12-16T17:06:18Z,113.0,Charge 4
2022-12-16T17:06:28Z,114.0,Charge 4
2022-12-16T17:06:33Z,115.0,Charge 4
2022-12-16T17:06:43Z,116.0,Charge 4
2022-12-16T17:06:53Z,117.0,Charge 4
2022-12-16T17:06:58Z,118.0,Charge 4
2022-12-16T17:07:03Z,117.0,Charge 4
2022-12-16T17:07:08Z,114.0,Charge 4
2022-12-16T17:07:13Z,112.0,Charge 4
2022-12-16T17:07:18Z,108.0,Charge 4
2022-12-16T17:07:23Z,107.0,Charge 4
2022-12-16T17:07:28Z,113.0,Charge 4
2022-12-16T17:07:33Z,115.0,Charge 4
2022-12-16T17:07:38Z,115.0,Charge 4
2022-12-16T17:07:43Z,114.0,Charge 4
2022-12-16T17:07:48Z,110.0,Charge 4
2022-12-16T17:07:53Z,111.0,Charge 4
2022-12-16T17:07:58Z,111.0,Charge 4
2022-12-16T17:08:08Z,116.0,Charge 4
2022-12-16T17:08:13Z,118.0,Charge 4
2022-12-16T17:08:28Z,116.0,Charge 4
2022-12-16T17:08:33Z,114.0,Charge 4
2022-12-16T17:08:38Z,115.0,Charge 4
2022-12-16T17:08:43Z,116.0,Charge 4
2022-12-16T17:08:48Z,117.0,Charge 4
2022-12-16T17:08:53Z,119.0,Charge 4
2022-12-16T17:08:58Z,117.0,Charge 4
2022-12-16T17:09:03Z,116.0,Charge 4
2022-12-16T17:09:08Z,114.0,Charge 4
2022-12-16T17:09:13Z,114.0,Charge 4
2022-12-16T17:09:23Z,110.0,Charge 4
2022-12-16T17:09:28Z,103.0,Charge 4
2022-12-16T17:09:43Z,103.0,Charge 4
2022-12-16T17:09:53Z,104.0,Charge 4
2022-12-16T17:09:58Z,109.0,Charge 4
2022-12-16T17:10:03Z,107.0,Charge 4
2022-12-16T17:10:08Z,108.0,Charge 4
2022-12-16T17:10:18Z,109.0,Charge 4
2022-12-16T17:10:28Z,107.0,Charge 4
2022-12-16T17:10:33Z,109.0,Charge 4
2022-12-16T17:10:38Z,110.0,Charge 4
2022-12-16T17:10:43Z,109.0,Charge 4
2022-12-16T17:10:58Z,108.0,Charge 4
2022-12-16T17:11:08Z,109.0,Charge 4
2022-12-16T17:11:18Z,108.0,Charge 4
2022-12-16T17:11:28Z,109.0,Charge 4
2022-12-16T17:11:38Z,108.0,Charge 4
2022-12-16T17:11:43Z,107.0,Charge 4
2022-12-16T17:11:53Z,107.0,Charge 4
2022-12-16T17:12:03Z,107.0,Charge 4
2022-12-16T17:12:13Z,106.0,Charge 4
2022-12-16T17:12:18Z,103.0,Charge 4
2022-12-16T17:12:23Z,99.0,Charge 4
2022-12-16T17:12:38Z,100.0,Charge 4
2022-12-16T17:12:43Z,101.0,Charge 4
2022-12-16T17:12:48Z,102.0,Charge 4
2022-12-16T17:12:53Z,103.0,Charge 4
2022-12-16T17:12:58Z,104.0,Charge 4
2022-12-16T17:13:03Z,103.0,Charge 4
2022-12-16T17:13:08Z,104.0,Charge 4
2022-12-16T17:13:13Z,107.0,Charge 4
2022-12-16T17:13:18Z,107.0,Charge 4
2022-12-16T17:13:28Z,108.0,Charge 4
2022-12-16T17:13:33Z,112.0,Charge 4
2022-12-16T17:13:43Z,113.0,Charge 4
2022-12-16T17:13:48Z,112.0,Charge 4
2022-12-16T17:13:58Z,110.0,Charge 4
2022-12-16T17:14:03Z,110.0,Charge 4
2022-12-16T17:14:08Z,112.0,Charge 4
2022-12-16T17:14:18Z,114.0,Charge 4
2022-12-16T17:14:23Z,113.0,Charge 4
2022-12-16T17:14:28Z,110.0,Charge 4
2022-12-16T17:14:33Z,112.0,Charge 4
2022-12-16T17:14:48Z,112.0,Charge 4
2022-12-16T17:14:53Z,112.0,Charge 4
2022-12-16T17:14:58Z,111.0,Charge 4
2022-12-16T17:15:03Z,106.0,Charge 4
2022-12-16T17:15:13Z,112.0,Charge 4
2022-12-16T17:15:18Z,113.0,Charge 4
2022-12-16T17:15:23Z,114.0,Charge 4
2022-12-16T17:15:28Z,115.0,Charge 4
2022-12-16T17:15:33Z,113.0,Charge 4
2022-12-16T17:15:48Z,113.0,Charge 4
2022-12-16T17:15:53Z,110.0,Charge 4
2022-12-16T17:15:58Z,108.0,Charge 4
2022-12-16T17:16:03Z,106.0,Charge 4
2022-12-16T17:16:08Z,102.0,Charge 4
2022-12-16T17:16:13Z,99.0,Charge 4
2022-12-16T17:16:18Z,96.0,Charge 4
2022-12-16T17:16:23Z,97.0,Charge 4
2022-12-16T17:16:28Z,98.0,Charge 4
2022-12-16T17:16:33Z,99.0,Charge 4
2022-12-16T17:16:38Z,98.0,Charge 4
2022-12-16T17:16:44Z,98.0,Charge 4
2022-12-16T17:16:54Z,97.0,Charge 4
2022-12-16T17:17:04Z,98.0,Charge 4
2022-12-16T17:17:19Z,98.0,Charge 4
2022-12-16T17:17:24Z,97.0,Charge 4
2022-12-16T17:17:29Z,95.0,Charge 4
2022-12-16T17:17:39Z,96.0,Charge 4
2022-12-16T17:17:54Z,95.0,Charge 4
2022-12-16T17:18:09Z,95.0,Charge 4
2022-12-16T17:18:24Z,95.0,Charge 4
2022-12-16T17:18:29Z,96.0,Charge 4
2022-12-16T17:18:44Z,96.0,Charge 4
2022-12-16T17:18:59Z,95.0,Charge 4
2022-12-16T17:19:04Z,96.0,Charge 4
2022-12-16T17:19:19Z,96.0,Charge 4
2022-12-16T17:19:24Z,95.0,Charge 4
2022-12-16T17:19:29Z,94.0,Charge 4
2022-12-16T17:19:39Z,92.0,Charge 4
2022-12-16T17:19:49Z,91.0,Charge 4
2022-12-16T17:19:59Z,92.0,Charge 4
2022-12-16T17:20:14Z,93.0,Charge 4
2022-12-16T17:20:19Z,95.0,Charge 4
2022-12-16T17:20:24Z,96.0,Charge 4
2022-12-16T17:20:29Z,98.0,Charge 4
2022-12-16T17:20:34Z,99.0,Charge 4
2022-12-16T17:20:39Z,95.0,Charge 4
2022-12-16T17:20:44Z,93.0,Charge 4
2022-12-16T17:20:49Z,93.0,Charge 4
2022-12-16T17:20:54Z,92.0,Charge 4
2022-12-16T17:21:04Z,93.0,Charge 4
2022-12-16T17:21:09Z,94.0,Charge 4
2022-12-16T17:21:24Z,96.0,Charge 4
2022-12-16T17:21:29Z,97.0,Charge 4
2022-12-16T17:21:34Z,95.0,Charge 4
2022-12-16T17:21:44Z,102.0,Charge 4
2022-12-16T17:21:49Z,106.0,Charge 4
2022-12-16T17:21:54Z,107.0,Charge 4
2022-12-16T17:22:04Z,106.0,Charge 4
2022-12-16T17:22:09Z,105.0,Charge 4
2022-12-16T17:22:14Z,103.0,Charge 4
2022-12-16T17:22:19Z,104.0,Charge 4
2022-12-16T17:22:24Z,105.0,Charge 4
2022-12-16T17:22:29Z,104.0,Charge 4
2022-12-16T17:22:34Z,103.0,Charge 4
2022-12-16T17:22:39Z,100.0,Charge 4
2022-12-16T17:22:44Z,97.0,Charge 4
2022-12-16T17:22:49Z,99.0,Charge 4
2022-12-16T17:23:04Z,99.0,Charge 4
2022-12-16T17:23:09Z,98.0,Charge 4
2022-12-16T17:23:19Z,97.0,Charge 4
2022-12-16T17:23:24Z,96.0,Charge 4
2022-12-16T17:23:39Z,96.0,Charge 4
2022-12-16T17:23:44Z,95.0,Charge 4
2022-12-16T17:23:54Z,98.0,Charge 4
2022-12-16T17:23:59Z,101.0,Charge 4
2022-12-16T17:24:09Z,100.0,Charge 4
2022-12-16T17:24:19Z,101.0,Charge 4
2022-12-16T17:24:24Z,103.0,Charge 4
2022-12-16T17:24:39Z,103.0,Charge 4
2022-12-16T17:24:44Z,105.0,Charge 4
2022-12-16T17:24:49Z,104.0,Charge 4
2022-12-16T17:24:54Z,105.0,Charge 4
2022-12-16T17:24:59Z,109.0,Charge 4
2022-12-16T17:25:04Z,110.0,Charge 4
2022-12-16T17:25:14Z,113.0,Charge 4
2022-12-16T17:25:19Z,114.0,Charge 4
2022-12-16T17:25:24Z,117.0,Charge 4
2022-12-16T17:25:29Z,116.0,Charge 4
2022-12-16T17:25:34Z,115.0,Charge 4
2022-12-16T17:25:39Z,119.0,Charge 4
2022-12-16T17:25:44Z,121.0,Charge 4
2022-12-16T17:25:49Z,120.0,Charge 4
2022-12-16T17:25:54Z,118.0,Charge 4
2022-12-16T17:25:59Z,115.0,Charge 4
2022-12-16T17:26:04Z,111.0,Charge 4
2022-12-16T17:26:14Z,110.0,Charge 4
2022-12-16T17:26:19Z,111.0,Charge 4
2022-12-16T17:26:24Z,112.0,Charge 4
2022-12-16T17:26:39Z,111.0,Charge 4
2022-12-16T17:26:49Z,112.0,Charge 4
2022-12-16T17:26:54Z,110.0,Charge 4
2022-12-16T17:26:59Z,110.0,Charge 4
2022-12-16T17:27:14Z,112.0,Charge 4
2022-12-16T17:27:19Z,113.0,Charge 4
2022-12-16T17:27:24Z,112.0,Charge 4
2022-12-16T17:27:29Z,113.0,Charge 4
2022-12-16T17:27:34Z,114.0,Charge 4
2022-12-16T17:27:39Z,115.0,Charge 4
2022-12-16T17:27:44Z,112.0,Charge 4
2022-12-16T17:27:54Z,110.0,Charge 4
2022-12-16T17:27:59Z,104.0,Charge 4
2022-12-16T17:28:04Z,98.0,Charge 4
2022-12-16T17:28:09Z,99.0,Charge 4
2022-12-16T17:28:19Z,101.0,Charge 4
2022-12-16T17:28:24Z,102.0,Charge 4
2022-12-16T17:28:29Z,103.0,Charge 4
2022-12-16T17:28:34Z,104.0,Charge 4
2022-12-16T17:28:39Z,105.0,Charge 4
2022-12-16T17:28:49Z,102.0,Charge 4
2022-12-16T17:28:54Z,100.0,Charge 4
2022-12-16T17:28:59Z,98.0,Charge 4
2022-12-16T17:29:04Z,98.0,Charge 4
2022-12-16T17:29:09Z,96.0,Charge 4
2022-12-16T17:29:24Z,95.0,Charge 4
2022-12-16T17:29:29Z,96.0,Charge 4
2022-12-16T17:29:34Z,97.0,Charge 4
2022-12-16T17:29:39Z,99.0,Charge 4
2022-12-16T17:29:44Z,100.0,Charge 4
2022-12-16T17:29:49Z,95.0,Charge 4
2022-12-16T17:29:54Z,91.0,Charge 4
2022-12-16T17:30:04Z,92.0,Charge 4
2022-12-16T17:30:19Z,94.0,Charge 4
2022-12-16T17:30:24Z,94.0,Charge 4
2022-12-16T17:30:34Z,93.0,Charge 4
2022-12-16T17:30:39Z,89.0,Charge 4
2022-12-16T17:30:44Z,90.0,Charge 4
2022-12-16T17:30:49Z,91.0,Charge 4
2022-12-16T17:31:04Z,91.0,Charge 4
2022-12-16T17:31:09Z,92.0,Charge 4
2022-12-16T17:31:14Z,93.0,Charge 4
2022-12-16T17:31:24Z,91.0,Charge 4
2022-12-16T17:31:29Z,90.0,Charge 4
2022-12-16T17:31:39Z,89.0,Charge 4
2022-12-16T17:31:44Z,90.0,Charge 4
2022-12-16T17:31:49Z,89.0,Charge 4
2022-12-16T17:31:54Z,91.0,Charge 4
2022-12-16T17:32:09Z,91.0,Charge 4
2022-12-16T17:32:24Z,92.0,Charge 4
2022-12-16T17:32:34Z,91.0,Charge 4
2022-12-16T17:32:39Z,90.0,Charge 4
2022-12-16T17:32:44Z,90.0,Charge 4
2022-12-16T17:32:49Z,91.0,Charge 4
2022-12-16T17:32:54Z,92.0,Charge 4
2022-12-16T17:32:59Z,91.0,Charge 4
2022-12-16T17:33:05Z,90.0,Charge 4
2022-12-16T17:33:10Z,89.0,Charge 4
2022-12-16T17:33:15Z,90.0,Charge 4
2022-12-16T17:33:20Z,90.0,Charge 4
2022-12-16T17:33:25Z,92.0,Charge 4
2022-12-16T17:33:35Z,91.0,Charge 4
2022-12-16T17:33:40Z,91.0,Charge 4
2022-12-16T17:33:50Z,93.0,Charge 4
2022-12-16T17:33:55Z,92.0,Charge 4
2022-12-16T17:34:05Z,91.0,Charge 4
2022-12-16T17:34:10Z,92.0,Charge 4
2022-12-16T17:34:25Z,93.0,Charge 4
2022-12-16T17:34:35Z,92.0,Charge 4
2022-12-16T17:34:40Z,90.0,Charge 4
2022-12-16T17:34:45Z,88.0,Charge 4
2022-12-16T17:34:50Z,89.0,Charge 4
2022-12-16T17:35:00Z,89.0,Charge 4
2022-12-16T17:35:05Z,88.0,Charge 4
2022-12-16T17:35:10Z,89.0,Charge 4
2022-12-16T17:35:15Z,88.0,Charge 4
2022-12-16T17:35:25Z,87.0,Charge 4
2022-12-16T17:35:35Z,88.0,Charge 4
2022-12-16T17:35:40Z,87.0,Charge 4
2022-12-16T17:35:45Z,88.0,Charge 4
2022-12-16T17:35:55Z,89.0,Charge 4
2022-12-16T17:36:10Z,85.0,Charge 4
2022-12-16T17:36:15Z,87.0,Charge 4
2022-12-16T17:36:20Z,88.0,Charge 4
2022-12-16T17:36:25Z,89.0,Charge 4
2022-12-16T17:36:30Z,89.0,Charge 4
2022-12-16T17:36:40Z,88.0,Charge 4
2022-12-16T17:36:45Z,86.0,Charge 4
2022-12-16T17:36:55Z,85.0,Charge 4
2022-12-16T17:37:00Z,85.0,Charge 4
2022-12-16T17:37:05Z,86.0,Charge 4
2022-12-16T17:37:15Z,87.0,Charge 4
2022-12-16T17:37:25Z,86.0,Charge 4
2022-12-16T17:37:40Z,86.0,Charge 4
2022-12-16T17:37:45Z,87.0,Charge 4
2022-12-16T17:37:55Z,85.0,Charge 4
2022-12-16T17:38:00Z,85.0,Charge 4
2022-12-16T17:38:10Z,86.0,Charge 4
2022-12-16T17:38:15Z,86.0,Charge 4
2022-12-16T17:38:20Z,87.0,Charge 4
2022-12-16T17:38:25Z,88.0,Charge 4
2022-12-16T17:38:35Z,87.0,Charge 4
2022-12-16T17:38:50Z,87.0,Charge 4
2022-12-16T17:39:05Z,87.0,Charge 4
2022-12-16T17:39:10Z,87.0,Charge 4
2022-12-16T17:39:15Z,88.0,Charge 4
2022-12-16T17:39:25Z,89.0,Charge 4
2022-12-16T17:39:30Z,90.0,Charge 4
2022-12-16T17:39:35Z,90.0,Charge 4
2022-12-16T17:39:45Z,89.0,Charge 4
2022-12-16T17:39:50Z,88.0,Charge 4
2022-12-16T17:40:05Z,89.0,Charge 4
2022-12-16T17:40:15Z,90.0,Charge 4
2022-12-16T17:40:20Z,89.0,Charge 4
2022-12-16T17:40:35Z,90.0,Charge 4
2022-12-16T17:40:40Z,92.0,Charge 4
2022-12-16T17:40:50Z,93.0,Charge 4
2022-12-16T17:41:00Z,94.0,Charge 4
2022-12-16T17:41:10Z,95.0,Charge 4
2022-12-16T17:41:25Z,95.0,Charge 4
2022-12-16T17:41:30Z,94.0,Charge 4
2022-12-16T17:41:35Z,94.0,Charge 4
2022-12-16T17:41:50Z,95.0,Charge 4
2022-12-16T17:41:55Z,96.0,Charge 4
2022-12-16T17:42:05Z,94.0,Charge 4
2022-12-16T17:42:20Z,94.0,Charge 4
2022-12-16T17:42:25Z,93.0,Charge 4
2022-12-16T17:42:40Z,93.0,Charge 4
2022-12-16T17:42:55Z,93.0,Charge 4
2022-12-16T17:43:00Z,94.0,Charge 4
2022-12-16T17:43:10Z,95.0,Charge 4
2022-12-16T17:43:15Z,98.0,Charge 4
2022-12-16T17:43:20Z,99.0,Charge 4
2022-12-16T17:43:25Z,96.0,Charge 4
2022-12-16T17:43:30Z,95.0,Charge 4
2022-12-16T17:43:35Z,96.0,Charge 4
2022-12-16T17:43:40Z,97.0,Charge 4
2022-12-16T17:43:45Z,98.0,Charge 4
2022-12-16T17:43:50Z,99.0,Charge 4
2022-12-16T17:44:05Z,99.0,Charge 4
2022-12-16T17:44:20Z,99.0,Charge 4
2022-12-16T17:44:25Z,97.0,Charge 4
2022-12-16T17:44:40Z,97.0,Charge 4
2022-12-16T17:44:50Z,98.0,Charge 4
2022-12-16T17:44:55Z,100.0,Charge 4
2022-12-16T17:45:00Z,102.0,Charge 4
2022-12-16T17:45:05Z,105.0,Charge 4
2022-12-16T17:45:10Z,106.0,Charge 4
2022-12-16T17:45:25Z,103.0,Charge 4
2022-12-16T17:45:30Z,101.0,Charge 4
2022-12-16T17:45:45Z,101.0,Charge 4
2022-12-16T17:45:50Z,103.0,Charge 4
2022-12-16T17:45:55Z,102.0,Charge 4
2022-12-16T17:46:00Z,98.0,Charge 4
2022-12-16T17:46:05Z,96.0,Charge 4
2022-12-16T17:46:10Z,99.0,Charge 4
2022-12-16T17:46:15Z,102.0,Charge 4
2022-12-16T17:46:20Z,102.0,Charge 4
2022-12-16T17:46:25Z,101.0,Charge 4
2022-12-16T17:46:30Z,100.0,Charge 4
2022-12-16T17:46:40Z,99.0,Charge 4
2022-12-16T17:46:50Z,99.0,Charge 4
2022-12-16T17:46:55Z,100.0,Charge 4
2022-12-16T17:47:00Z,101.0,Charge 4
2022-12-16T17:47:05Z,101.0,Charge 4
2022-12-16T17:47:10Z,102.0,Charge 4
2022-12-16T17:47:15Z,103.0,Charge 4
2022-12-16T17:47:20Z,104.0,Charge 4
2022-12-16T17:47:25Z,103.0,Charge 4
2022-12-16T17:47:30Z,104.0,Charge 4
2022-12-16T17:47:35Z,105.0,Charge 4
2022-12-16T17:47:45Z,106.0,Charge 4
2022-12-16T17:47:55Z,105.0,Charge 4
2022-12-16T17:48:00Z,104.0,Charge 4
2022-12-16T17:48:05Z,103.0,Charge 4
2022-12-16T17:48:10Z,101.0,Charge 4
2022-12-16T17:48:25Z,100.0,Charge 4
2022-12-16T17:48:30Z,100.0,Charge 4
2022-12-16T17:48:35Z,100.0,Charge 4
2022-12-16T17:48:40Z,101.0,Charge 4
2022-12-16T17:48:45Z,104.0,Charge 4
2022-12-16T17:49:00Z,104.0,Charge 4
2022-12-16T17:49:05Z,100.0,Charge 4
2022-12-16T17:49:15Z,101.0,Charge 4
2022-12-16T17:49:25Z,102.0,Charge 4
2022-12-16T17:49:30Z,101.0,Charge 4
2022-12-16T17:49:45Z,101.0,Charge 4
2022-12-16T17:49:50Z,101.0,Charge 4
2022-12-16T17:50:00Z,100.0,Charge 4
2022-12-16T17:50:06Z,96.0,Charge 4
2022-12-16T17:50:11Z,100.0,Charge 4
2022-12-16T17:50:16Z,101.0,Charge 4
2022-12-16T17:50:26Z,101.0,Charge 4
2022-12-16T17:50:31Z,100.0,Charge 4
2022-12-16T17:50:36Z,98.0,Charge 4
2022-12-16T17:50:41Z,101.0,Charge 4
2022-12-16T17:50:46Z,102.0,Charge 4
2022-12-16T17:51:01Z,103.0,Charge 4
2022-12-16T17:51:06Z,104.0,Charge 4
2022-12-16T17:51:16Z,105.0,Charge 4
2022-12-16T17:51:21Z,106.0,Charge 4
2022-12-16T17:51:26Z,104.0,Charge 4
2022-12-16T17:51:31Z,102.0,Charge 4
2022-12-16T17:51:36Z,103.0,Charge 4
2022-12-16T17:51:41Z,104.0,Charge 4
2022-12-16T17:51:46Z,103.0,Charge 4
2022-12-16T17:51:51Z,100.0,Charge 4
2022-12-16T17:51:56Z,99.0,Charge 4
2022-12-16T17:52:11Z,101.0,Charge 4
2022-12-16T17:52:16Z,100.0,Charge 4
2022-12-16T17:52:26Z,101.0,Charge 4
2022-12-16T17:52:31Z,103.0,Charge 4
2022-12-16T17:52:46Z,105.0,Charge 4
2022-12-16T17:52:51Z,106.0,Charge 4
2022-12-16T17:52:56Z,104.0,Charge 4
2022-12-16T17:53:11Z,103.0,Charge 4
2022-12-16T17:53:16Z,103.0,Charge 4
2022-12-16T17:53:21Z,104.0,Charge 4
2022-12-16T17:53:31Z,106.0,Charge 4
2022-12-16T18:12:34Z,70.0,Charge 4
2022-12-16T18:12:51Z,70.0,Charge 4
2022-12-16T18:13:19Z,70.0,Charge 4
2022-12-16T18:13:29Z,80.0,Charge 4
2022-12-16T18:13:34Z,79.0,Charge 4
2022-12-16T18:13:39Z,80.0,Charge 4
2022-12-16T18:13:44Z,83.0,Charge 4
2022-12-16T18:13:59Z,83.0,Charge 4
2022-12-16T18:14:14Z,84.0,Charge 4
2022-12-16T18:14:29Z,84.0,Charge 4
2022-12-16T18:14:34Z,85.0,Charge 4
2022-12-16T18:14:39Z,86.0,Charge 4
2022-12-16T18:14:44Z,87.0,Charge 4
2022-12-16T18:14:49Z,88.0,Charge 4
2022-12-16T18:14:59Z,89.0,Charge 4
2022-12-16T18:15:09Z,87.0,Charge 4
2022-12-16T18:15:24Z,87.0,Charge 4
2022-12-16T18:15:34Z,86.0,Charge 4
2022-12-16T18:15:49Z,85.0,Charge 4
2022-12-16T18:16:04Z,85.0,Charge 4
2022-12-16T21:03:50Z,70.0,Charge 4
2022-12-16T21:04:00Z,75.0,Charge 4
2022-12-16T21:04:05Z,100.0,Charge 4
2022-12-16T21:04:10Z,101.0,Charge 4
2022-12-16T21:04:15Z,98.0,Charge 4
2022-12-16T21:04:20Z,94.0,Charge 4
2022-12-16T21:04:30Z,93.0,Charge 4
2022-12-16T21:04:35Z,88.0,Charge 4
2022-12-16T21:04:40Z,87.0,Charge 4
2022-12-16T21:04:55Z,86.0,Charge 4
2022-12-16T21:05:10Z,87.0,Charge 4
2022-12-16T21:05:25Z,86.0,Charge 4
2022-12-16T21:05:30Z,85.0,Charge 4
2022-12-16T21:05:35Z,84.0,Charge 4
2022-12-16T21:05:40Z,85.0,Charge 4
2022-12-16T21:05:45Z,84.0,Charge 4
2022-12-16T21:06:00Z,85.0,Charge 4
2022-12-16T21:06:15Z,85.0,Charge 4
2022-12-16T21:06:20Z,84.0,Charge 4
2022-12-16T21:06:30Z,85.0,Charge 4
2022-12-16T21:06:45Z,85.0,Charge 4
2022-12-16T21:06:50Z,84.0,Charge 4
