timestamp,beats per minute,data source
2022-02-16T00:00:06Z,83.0,Charge 4
2022-02-16T00:00:11Z,82.0,Charge 4
2022-02-16T00:00:21Z,80.0,Charge 4
2022-02-16T00:00:26Z,77.0,Charge 4
2022-02-16T00:00:41Z,77.0,Charge 4
2022-02-16T00:00:46Z,78.0,Charge 4
2022-02-16T00:00:56Z,79.0,Charge 4
2022-02-16T00:01:06Z,80.0,Charge 4
2022-02-16T00:01:11Z,81.0,Charge 4
2022-02-16T00:01:16Z,80.0,Charge 4
2022-02-16T00:01:22Z,77.0,Charge 4
2022-02-16T00:01:37Z,78.0,Charge 4
2022-02-16T00:01:42Z,80.0,Charge 4
2022-02-16T00:01:47Z,81.0,Charge 4
2022-02-16T00:01:52Z,80.0,Charge 4
2022-02-16T00:02:02Z,82.0,Charge 4
2022-02-16T00:02:07Z,82.0,Charge 4
2022-02-16T00:02:12Z,80.0,Charge 4
2022-02-16T00:02:22Z,78.0,Charge 4
2022-02-16T00:02:27Z,76.0,Charge 4
2022-02-16T00:02:32Z,77.0,Charge 4
2022-02-16T00:02:37Z,78.0,Charge 4
2022-02-16T00:02:42Z,83.0,Charge 4
2022-02-16T00:02:47Z,94.0,Charge 4
2022-02-16T00:02:57Z,87.0,Charge 4
2022-02-16T00:03:02Z,80.0,Charge 4
2022-02-16T00:03:17Z,80.0,Charge 4
2022-02-16T00:03:22Z,79.0,Charge 4
2022-02-16T00:03:27Z,78.0,Charge 4
2022-02-16T00:03:32Z,77.0,Charge 4
2022-02-16T00:03:37Z,79.0,Charge 4
2022-02-16T00:03:42Z,80.0,Charge 4
2022-02-16T00:03:52Z,79.0,Charge 4
2022-02-16T00:03:57Z,77.0,Charge 4
2022-02-16T00:04:07Z,75.0,Charge 4
2022-02-16T00:04:12Z,73.0,Charge 4
2022-02-16T00:04:17Z,73.0,Charge 4
2022-02-16T00:04:22Z,74.0,Charge 4
2022-02-16T00:04:27Z,75.0,Charge 4
2022-02-16T00:04:32Z,76.0,Charge 4
2022-02-16T00:04:47Z,76.0,Charge 4
2022-02-16T00:04:57Z,75.0,Charge 4
2022-02-16T00:05:02Z,76.0,Charge 4
2022-02-16T00:05:12Z,78.0,Charge 4
2022-02-16T00:05:17Z,79.0,Charge 4
2022-02-16T00:05:27Z,78.0,Charge 4
2022-02-16T00:05:32Z,76.0,Charge 4
2022-02-16T00:05:42Z,77.0,Charge 4
2022-02-16T00:05:57Z,76.0,Charge 4
2022-02-16T00:06:12Z,76.0,Charge 4
2022-02-16T00:06:22Z,77.0,Charge 4
2022-02-16T00:06:37Z,77.0,Charge 4
2022-02-16T00:06:52Z,77.0,Charge 4
2022-02-16T00:06:57Z,78.0,Charge 4
2022-02-16T00:07:02Z,79.0,Charge 4
2022-02-16T00:07:07Z,80.0,Charge 4
2022-02-16T00:07:12Z,79.0,Charge 4
2022-02-16T00:07:22Z,78.0,Charge 4
2022-02-16T00:07:27Z,77.0,Charge 4
2022-02-16T00:07:32Z,78.0,Charge 4
2022-02-16T00:07:37Z,79.0,Charge 4
2022-02-16T00:07:42Z,78.0,Charge 4
2022-02-16T00:07:47Z,77.0,Charge 4
2022-02-16T00:07:56Z,77.0,Charge 4
2022-02-16T00:08:01Z,78.0,Charge 4
2022-02-16T00:08:11Z,77.0,Charge 4
2022-02-16T00:08:16Z,76.0,Charge 4
2022-02-16T00:08:31Z,77.0,Charge 4
2022-02-16T00:08:36Z,78.0,Charge 4
2022-02-16T00:08:41Z,77.0,Charge 4
2022-02-16T00:08:51Z,78.0,Charge 4
2022-02-16T00:09:01Z,77.0,Charge 4
2022-02-16T00:09:06Z,78.0,Charge 4
2022-02-16T00:09:16Z,77.0,Charge 4
2022-02-16T00:09:26Z,76.0,Charge 4
2022-02-16T00:09:31Z,77.0,Charge 4
2022-02-16T00:09:36Z,78.0,Charge 4
2022-02-16T00:09:51Z,78.0,Charge 4
2022-02-16T00:09:56Z,77.0,Charge 4
2022-02-16T00:10:01Z,76.0,Charge 4
2022-02-16T00:10:06Z,75.0,Charge 4
2022-02-16T00:10:11Z,77.0,Charge 4
2022-02-16T00:10:21Z,78.0,Charge 4
2022-02-16T00:10:36Z,78.0,Charge 4
2022-02-16T00:10:41Z,80.0,Charge 4
2022-02-16T00:10:46Z,79.0,Charge 4
2022-02-16T00:10:51Z,78.0,Charge 4
2022-02-16T00:11:06Z,78.0,Charge 4
2022-02-16T00:11:11Z,79.0,Charge 4
2022-02-16T00:11:17Z,79.0,Charge 4
2022-02-16T00:11:32Z,79.0,Charge 4
2022-02-16T00:11:42Z,78.0,Charge 4
2022-02-16T00:11:52Z,79.0,Charge 4
2022-02-16T00:12:07Z,80.0,Charge 4
2022-02-16T00:12:12Z,79.0,Charge 4
2022-02-16T00:12:17Z,78.0,Charge 4
2022-02-16T00:12:27Z,77.0,Charge 4
2022-02-16T00:12:32Z,78.0,Charge 4
2022-02-16T00:12:37Z,77.0,Charge 4
2022-02-16T00:12:42Z,77.0,Charge 4
2022-02-16T00:12:47Z,78.0,Charge 4
2022-02-16T00:12:52Z,79.0,Charge 4
2022-02-16T00:13:02Z,78.0,Charge 4
2022-02-16T00:13:07Z,77.0,Charge 4
2022-02-16T00:13:22Z,78.0,Charge 4
2022-02-16T00:13:37Z,79.0,Charge 4
2022-02-16T00:13:42Z,78.0,Charge 4
2022-02-16T00:13:57Z,78.0,Charge 4
2022-02-16T00:14:07Z,77.0,Charge 4
2022-02-16T00:14:12Z,78.0,Charge 4
2022-02-16T00:14:22Z,77.0,Charge 4
2022-02-16T00:14:37Z,77.0,Charge 4
2022-02-16T00:14:42Z,78.0,Charge 4
2022-02-16T00:14:52Z,79.0,Charge 4
2022-02-16T00:15:02Z,80.0,Charge 4
2022-02-16T00:15:07Z,79.0,Charge 4
2022-02-16T00:15:12Z,78.0,Charge 4
2022-02-16T00:15:17Z,77.0,Charge 4
2022-02-16T00:15:22Z,78.0,Charge 4
2022-02-16T00:15:32Z,79.0,Charge 4
2022-02-16T00:15:37Z,80.0,Charge 4
2022-02-16T00:15:47Z,79.0,Charge 4
2022-02-16T00:16:02Z,79.0,Charge 4
2022-02-16T00:16:12Z,80.0,Charge 4
2022-02-16T00:16:17Z,79.0,Charge 4
2022-02-16T00:16:32Z,79.0,Charge 4
2022-02-16T00:16:37Z,80.0,Charge 4
2022-02-16T00:16:52Z,80.0,Charge 4
2022-02-16T00:16:57Z,79.0,Charge 4
2022-02-16T00:17:07Z,78.0,Charge 4
2022-02-16T00:17:12Z,76.0,Charge 4
2022-02-16T00:17:17Z,77.0,Charge 4
2022-02-16T00:17:22Z,77.0,Charge 4
2022-02-16T00:17:27Z,78.0,Charge 4
2022-02-16T00:17:32Z,77.0,Charge 4
2022-02-16T00:17:37Z,75.0,Charge 4
2022-02-16T00:17:42Z,76.0,Charge 4
2022-02-16T00:17:57Z,76.0,Charge 4
2022-02-16T00:18:12Z,77.0,Charge 4
2022-02-16T00:18:17Z,79.0,Charge 4
2022-02-16T00:18:22Z,77.0,Charge 4
2022-02-16T00:18:28Z,76.0,Charge 4
2022-02-16T00:18:43Z,76.0,Charge 4
2022-02-16T00:18:48Z,77.0,Charge 4
2022-02-16T00:18:53Z,78.0,Charge 4
2022-02-16T00:19:03Z,80.0,Charge 4
2022-02-16T00:19:08Z,79.0,Charge 4
2022-02-16T00:19:23Z,78.0,Charge 4
2022-02-16T00:19:28Z,77.0,Charge 4
2022-02-16T00:19:38Z,78.0,Charge 4
2022-02-16T00:19:48Z,79.0,Charge 4
2022-02-16T00:20:03Z,78.0,Charge 4
2022-02-16T00:20:13Z,77.0,Charge 4
2022-02-16T00:20:18Z,76.0,Charge 4
2022-02-16T00:20:23Z,77.0,Charge 4
2022-02-16T00:20:28Z,78.0,Charge 4
2022-02-16T00:20:33Z,79.0,Charge 4
2022-02-16T00:20:38Z,80.0,Charge 4
2022-02-16T00:20:48Z,79.0,Charge 4
2022-02-16T00:20:53Z,77.0,Charge 4
2022-02-16T00:21:08Z,77.0,Charge 4
2022-02-16T00:21:13Z,79.0,Charge 4
2022-02-16T00:21:28Z,78.0,Charge 4
2022-02-16T00:21:33Z,78.0,Charge 4
2022-02-16T00:21:38Z,78.0,Charge 4
2022-02-16T00:21:53Z,78.0,Charge 4
2022-02-16T00:22:08Z,77.0,Charge 4
2022-02-16T00:22:13Z,77.0,Charge 4
2022-02-16T00:22:18Z,76.0,Charge 4
2022-02-16T00:22:28Z,77.0,Charge 4
2022-02-16T00:22:38Z,76.0,Charge 4
2022-02-16T00:22:43Z,77.0,Charge 4
2022-02-16T00:22:53Z,78.0,Charge 4
2022-02-16T00:23:08Z,78.0,Charge 4
2022-02-16T00:23:23Z,79.0,Charge 4
2022-02-16T00:23:33Z,78.0,Charge 4
2022-02-16T00:23:38Z,77.0,Charge 4
2022-02-16T00:23:48Z,78.0,Charge 4
2022-02-16T00:23:58Z,79.0,Charge 4
2022-02-16T00:24:08Z,77.0,Charge 4
2022-02-16T00:24:13Z,76.0,Charge 4
2022-02-16T00:24:18Z,77.0,Charge 4
2022-02-16T00:24:23Z,76.0,Charge 4
2022-02-16T00:24:38Z,76.0,Charge 4
2022-02-16T00:24:43Z,77.0,Charge 4
2022-02-16T00:24:48Z,79.0,Charge 4
2022-02-16T00:24:53Z,77.0,Charge 4
2022-02-16T00:25:03Z,77.0,Charge 4
2022-02-16T00:25:18Z,77.0,Charge 4
2022-02-16T00:25:28Z,76.0,Charge 4
2022-02-16T00:25:38Z,76.0,Charge 4
2022-02-16T00:25:43Z,77.0,Charge 4
2022-02-16T00:25:48Z,78.0,Charge 4
2022-02-16T00:25:55Z,78.0,Charge 4
2022-02-16T00:26:05Z,77.0,Charge 4
2022-02-16T00:26:10Z,75.0,Charge 4
2022-02-16T00:26:15Z,74.0,Charge 4
2022-02-16T00:26:20Z,75.0,Charge 4
2022-02-16T00:26:25Z,76.0,Charge 4
2022-02-16T00:26:30Z,77.0,Charge 4
2022-02-16T00:26:40Z,78.0,Charge 4
2022-02-16T00:26:45Z,78.0,Charge 4
2022-02-16T00:26:50Z,79.0,Charge 4
2022-02-16T00:26:55Z,78.0,Charge 4
2022-02-16T00:27:00Z,76.0,Charge 4
2022-02-16T00:27:15Z,76.0,Charge 4
2022-02-16T00:27:20Z,77.0,Charge 4
2022-02-16T00:27:25Z,78.0,Charge 4
2022-02-16T00:27:30Z,77.0,Charge 4
2022-02-16T00:27:35Z,78.0,Charge 4
2022-02-16T00:27:45Z,77.0,Charge 4
2022-02-16T00:28:00Z,78.0,Charge 4
2022-02-16T00:28:10Z,79.0,Charge 4
2022-02-16T00:28:15Z,78.0,Charge 4
2022-02-16T00:28:25Z,76.0,Charge 4
2022-02-16T00:28:30Z,77.0,Charge 4
2022-02-16T00:28:35Z,78.0,Charge 4
2022-02-16T00:28:40Z,79.0,Charge 4
2022-02-16T00:28:45Z,78.0,Charge 4
2022-02-16T00:28:50Z,79.0,Charge 4
2022-02-16T00:28:55Z,78.0,Charge 4
2022-02-16T00:29:00Z,76.0,Charge 4
2022-02-16T00:29:05Z,76.0,Charge 4
2022-02-16T00:29:15Z,75.0,Charge 4
2022-02-16T00:29:25Z,76.0,Charge 4
2022-02-16T00:29:30Z,77.0,Charge 4
2022-02-16T00:29:40Z,78.0,Charge 4
2022-02-16T00:29:45Z,77.0,Charge 4
2022-02-16T00:29:55Z,77.0,Charge 4
2022-02-16T00:30:05Z,78.0,Charge 4
2022-02-16T00:30:15Z,80.0,Charge 4
2022-02-16T00:30:20Z,79.0,Charge 4
2022-02-16T00:30:25Z,78.0,Charge 4
2022-02-16T00:30:40Z,78.0,Charge 4
2022-02-16T00:30:45Z,79.0,Charge 4
2022-02-16T00:30:50Z,78.0,Charge 4
2022-02-16T00:31:05Z,78.0,Charge 4
2022-02-16T00:31:15Z,77.0,Charge 4
2022-02-16T00:31:25Z,78.0,Charge 4
2022-02-16T00:31:40Z,78.0,Charge 4
2022-02-16T00:31:45Z,79.0,Charge 4
2022-02-16T00:31:55Z,78.0,Charge 4
2022-02-16T00:32:00Z,77.0,Charge 4
2022-02-16T00:32:05Z,79.0,Charge 4
2022-02-16T00:32:10Z,80.0,Charge 4
2022-02-16T00:32:16Z,79.0,Charge 4
2022-02-16T00:32:21Z,78.0,Charge 4
2022-02-16T00:32:31Z,77.0,Charge 4
2022-02-16T00:32:41Z,76.0,Charge 4
2022-02-16T00:32:46Z,75.0,Charge 4
2022-02-16T00:32:56Z,74.0,Charge 4
2022-02-16T00:33:01Z,75.0,Charge 4
2022-02-16T00:33:06Z,78.0,Charge 4
2022-02-16T00:33:11Z,80.0,Charge 4
2022-02-16T00:33:21Z,79.0,Charge 4
2022-02-16T00:33:26Z,78.0,Charge 4
2022-02-16T00:33:31Z,77.0,Charge 4
2022-02-16T00:33:46Z,77.0,Charge 4
2022-02-16T00:33:51Z,78.0,Charge 4
2022-02-16T00:33:56Z,79.0,Charge 4
2022-02-16T00:34:06Z,78.0,Charge 4
2022-02-16T00:34:11Z,77.0,Charge 4
2022-02-16T00:34:16Z,78.0,Charge 4
2022-02-16T00:34:26Z,80.0,Charge 4
2022-02-16T00:34:31Z,78.0,Charge 4
2022-02-16T00:34:36Z,77.0,Charge 4
2022-02-16T00:34:41Z,79.0,Charge 4
2022-02-16T00:34:46Z,78.0,Charge 4
2022-02-16T00:35:01Z,79.0,Charge 4
2022-02-16T00:35:06Z,80.0,Charge 4
2022-02-16T00:35:11Z,81.0,Charge 4
2022-02-16T00:35:21Z,84.0,Charge 4
2022-02-16T00:35:26Z,92.0,Charge 4
2022-02-16T00:35:31Z,93.0,Charge 4
2022-02-16T00:35:36Z,90.0,Charge 4
2022-02-16T00:35:41Z,85.0,Charge 4
2022-02-16T00:35:46Z,81.0,Charge 4
2022-02-16T00:35:51Z,79.0,Charge 4
2022-02-16T00:35:56Z,77.0,Charge 4
2022-02-16T00:36:06Z,81.0,Charge 4
2022-02-16T00:36:11Z,84.0,Charge 4
2022-02-16T00:36:16Z,87.0,Charge 4
2022-02-16T00:36:21Z,84.0,Charge 4
2022-02-16T00:36:26Z,79.0,Charge 4
2022-02-16T00:36:31Z,76.0,Charge 4
2022-02-16T00:36:41Z,75.0,Charge 4
2022-02-16T00:36:56Z,75.0,Charge 4
2022-02-16T00:37:06Z,78.0,Charge 4
2022-02-16T00:37:11Z,79.0,Charge 4
2022-02-16T00:37:16Z,81.0,Charge 4
2022-02-16T00:37:21Z,80.0,Charge 4
2022-02-16T00:37:26Z,78.0,Charge 4
2022-02-16T00:37:31Z,77.0,Charge 4
2022-02-16T00:37:46Z,77.0,Charge 4
2022-02-16T00:37:51Z,78.0,Charge 4
2022-02-16T00:38:01Z,80.0,Charge 4
2022-02-16T00:38:11Z,79.0,Charge 4
2022-02-16T00:38:16Z,80.0,Charge 4
2022-02-16T00:38:21Z,80.0,Charge 4
2022-02-16T00:38:31Z,81.0,Charge 4
2022-02-16T00:38:41Z,80.0,Charge 4
2022-02-16T00:38:51Z,81.0,Charge 4
2022-02-16T00:38:56Z,80.0,Charge 4
2022-02-16T00:39:11Z,80.0,Charge 4
2022-02-16T00:39:16Z,81.0,Charge 4
2022-02-16T00:39:21Z,79.0,Charge 4
2022-02-16T00:39:26Z,76.0,Charge 4
2022-02-16T00:39:31Z,77.0,Charge 4
2022-02-16T00:39:36Z,78.0,Charge 4
2022-02-16T00:39:51Z,78.0,Charge 4
2022-02-16T00:39:56Z,79.0,Charge 4
2022-02-16T00:40:01Z,80.0,Charge 4
2022-02-16T00:40:16Z,80.0,Charge 4
2022-02-16T00:40:31Z,79.0,Charge 4
2022-02-16T00:40:36Z,80.0,Charge 4
2022-02-16T00:40:41Z,79.0,Charge 4
2022-02-16T00:40:51Z,80.0,Charge 4
2022-02-16T00:41:01Z,79.0,Charge 4
2022-02-16T00:41:11Z,80.0,Charge 4
2022-02-16T00:41:21Z,79.0,Charge 4
2022-02-16T00:41:31Z,80.0,Charge 4
2022-02-16T00:41:41Z,79.0,Charge 4
2022-02-16T00:41:46Z,78.0,Charge 4
2022-02-16T00:41:56Z,77.0,Charge 4
2022-02-16T00:42:02Z,76.0,Charge 4
2022-02-16T00:42:17Z,77.0,Charge 4
2022-02-16T00:42:22Z,78.0,Charge 4
2022-02-16T00:42:37Z,78.0,Charge 4
2022-02-16T00:42:42Z,79.0,Charge 4
2022-02-16T00:42:52Z,80.0,Charge 4
2022-02-16T00:42:57Z,80.0,Charge 4
2022-02-16T00:43:07Z,87.0,Charge 4
2022-02-16T00:43:12Z,90.0,Charge 4
2022-02-16T00:43:22Z,87.0,Charge 4
2022-02-16T00:43:27Z,84.0,Charge 4
2022-02-16T00:43:32Z,82.0,Charge 4
2022-02-16T00:43:37Z,80.0,Charge 4
2022-02-16T00:43:42Z,78.0,Charge 4
2022-02-16T00:43:57Z,78.0,Charge 4
2022-02-16T00:44:07Z,77.0,Charge 4
2022-02-16T00:44:17Z,78.0,Charge 4
2022-02-16T00:44:32Z,77.0,Charge 4
2022-02-16T00:44:37Z,78.0,Charge 4
2022-02-16T00:44:52Z,79.0,Charge 4
2022-02-16T00:45:07Z,78.0,Charge 4
2022-02-16T00:45:17Z,77.0,Charge 4
2022-02-16T00:45:22Z,78.0,Charge 4
2022-02-16T00:45:27Z,80.0,Charge 4
2022-02-16T00:45:32Z,82.0,Charge 4
2022-02-16T00:45:37Z,83.0,Charge 4
2022-02-16T00:45:42Z,84.0,Charge 4
2022-02-16T00:45:48Z,83.0,Charge 4
2022-02-16T00:45:53Z,84.0,Charge 4
2022-02-16T00:45:58Z,83.0,Charge 4
2022-02-16T00:46:03Z,80.0,Charge 4
2022-02-16T00:46:08Z,79.0,Charge 4
2022-02-16T00:46:13Z,77.0,Charge 4
2022-02-16T00:46:18Z,76.0,Charge 4
2022-02-16T00:46:28Z,78.0,Charge 4
2022-02-16T00:46:33Z,81.0,Charge 4
2022-02-16T00:46:43Z,80.0,Charge 4
2022-02-16T00:46:48Z,79.0,Charge 4
2022-02-16T00:47:03Z,79.0,Charge 4
2022-02-16T00:47:08Z,80.0,Charge 4
2022-02-16T00:47:23Z,80.0,Charge 4
2022-02-16T00:47:33Z,81.0,Charge 4
2022-02-16T00:47:38Z,82.0,Charge 4
2022-02-16T00:47:53Z,82.0,Charge 4
2022-02-16T00:47:58Z,83.0,Charge 4
2022-02-16T00:48:03Z,82.0,Charge 4
2022-02-16T00:48:18Z,81.0,Charge 4
2022-02-16T00:48:23Z,80.0,Charge 4
2022-02-16T00:48:28Z,79.0,Charge 4
2022-02-16T00:48:43Z,79.0,Charge 4
2022-02-16T00:48:53Z,77.0,Charge 4
2022-02-16T00:48:58Z,75.0,Charge 4
2022-02-16T00:49:13Z,76.0,Charge 4
2022-02-16T00:49:23Z,78.0,Charge 4
2022-02-16T00:49:28Z,78.0,Charge 4
2022-02-16T00:49:33Z,79.0,Charge 4
2022-02-16T00:49:38Z,80.0,Charge 4
2022-02-16T00:49:48Z,82.0,Charge 4
2022-02-16T00:50:03Z,81.0,Charge 4
2022-02-16T00:50:08Z,80.0,Charge 4
2022-02-16T00:50:13Z,79.0,Charge 4
2022-02-16T00:50:18Z,78.0,Charge 4
2022-02-16T00:50:23Z,79.0,Charge 4
2022-02-16T00:50:33Z,80.0,Charge 4
2022-02-16T00:50:38Z,81.0,Charge 4
2022-02-16T00:50:43Z,80.0,Charge 4
2022-02-16T00:50:53Z,79.0,Charge 4
2022-02-16T00:50:58Z,78.0,Charge 4
2022-02-16T00:51:08Z,77.0,Charge 4
2022-02-16T00:51:18Z,79.0,Charge 4
2022-02-16T00:51:23Z,81.0,Charge 4
2022-02-16T00:51:28Z,82.0,Charge 4
2022-02-16T00:51:33Z,84.0,Charge 4
2022-02-16T00:51:38Z,83.0,Charge 4
2022-02-16T00:51:53Z,82.0,Charge 4
2022-02-16T00:51:58Z,81.0,Charge 4
2022-02-16T00:52:03Z,80.0,Charge 4
2022-02-16T00:52:08Z,79.0,Charge 4
2022-02-16T00:52:13Z,80.0,Charge 4
2022-02-16T00:52:18Z,81.0,Charge 4
2022-02-16T00:52:23Z,80.0,Charge 4
2022-02-16T00:52:29Z,80.0,Charge 4
2022-02-16T00:52:44Z,79.0,Charge 4
2022-02-16T00:52:49Z,78.0,Charge 4
2022-02-16T00:53:04Z,77.0,Charge 4
2022-02-16T00:53:19Z,78.0,Charge 4
2022-02-16T00:53:29Z,79.0,Charge 4
2022-02-16T00:53:34Z,80.0,Charge 4
2022-02-16T00:53:39Z,81.0,Charge 4
2022-02-16T00:53:44Z,82.0,Charge 4
2022-02-16T00:53:54Z,81.0,Charge 4
2022-02-16T00:54:04Z,80.0,Charge 4
2022-02-16T00:54:14Z,79.0,Charge 4
2022-02-16T00:54:24Z,80.0,Charge 4
2022-02-16T00:54:39Z,80.0,Charge 4
2022-02-16T00:54:44Z,80.0,Charge 4
2022-02-16T00:54:54Z,82.0,Charge 4
2022-02-16T00:54:59Z,84.0,Charge 4
2022-02-16T00:55:04Z,83.0,Charge 4
2022-02-16T00:55:09Z,81.0,Charge 4
2022-02-16T00:55:14Z,80.0,Charge 4
2022-02-16T00:55:19Z,78.0,Charge 4
2022-02-16T00:55:24Z,75.0,Charge 4
2022-02-16T00:55:34Z,76.0,Charge 4
2022-02-16T00:55:39Z,77.0,Charge 4
2022-02-16T00:55:44Z,78.0,Charge 4
2022-02-16T00:55:49Z,79.0,Charge 4
2022-02-16T00:55:57Z,79.0,Charge 4
2022-02-16T00:56:02Z,81.0,Charge 4
2022-02-16T00:56:12Z,78.0,Charge 4
2022-02-16T00:56:17Z,80.0,Charge 4
2022-02-16T00:56:22Z,86.0,Charge 4
2022-02-16T00:56:32Z,85.0,Charge 4
2022-02-16T00:56:37Z,84.0,Charge 4
2022-02-16T00:56:42Z,83.0,Charge 4
2022-02-16T00:56:47Z,82.0,Charge 4
2022-02-16T00:56:52Z,80.0,Charge 4
2022-02-16T00:57:02Z,79.0,Charge 4
2022-02-16T00:57:07Z,78.0,Charge 4
2022-02-16T00:57:12Z,77.0,Charge 4
2022-02-16T00:57:22Z,76.0,Charge 4
2022-02-16T00:57:37Z,76.0,Charge 4
2022-02-16T00:57:47Z,75.0,Charge 4
2022-02-16T00:58:02Z,75.0,Charge 4
2022-02-16T00:58:07Z,78.0,Charge 4
2022-02-16T00:58:12Z,80.0,Charge 4
2022-02-16T00:58:22Z,81.0,Charge 4
2022-02-16T00:58:27Z,82.0,Charge 4
2022-02-16T00:58:32Z,83.0,Charge 4
2022-02-16T00:58:37Z,83.0,Charge 4
2022-02-16T00:58:42Z,81.0,Charge 4
2022-02-16T00:58:52Z,78.0,Charge 4
2022-02-16T00:58:57Z,75.0,Charge 4
2022-02-16T00:59:12Z,76.0,Charge 4
2022-02-16T00:59:17Z,77.0,Charge 4
2022-02-16T00:59:22Z,78.0,Charge 4
2022-02-16T00:59:32Z,79.0,Charge 4
2022-02-16T00:59:47Z,80.0,Charge 4
2022-02-16T00:59:52Z,78.0,Charge 4
2022-02-16T00:59:57Z,77.0,Charge 4
2022-02-16T01:00:02Z,76.0,Charge 4
2022-02-16T01:00:07Z,77.0,Charge 4
2022-02-16T01:00:22Z,78.0,Charge 4
2022-02-16T01:00:27Z,79.0,Charge 4
2022-02-16T01:00:42Z,80.0,Charge 4
2022-02-16T01:00:47Z,81.0,Charge 4
2022-02-16T01:01:02Z,79.0,Charge 4
2022-02-16T01:01:07Z,78.0,Charge 4
2022-02-16T01:01:12Z,76.0,Charge 4
2022-02-16T01:01:27Z,76.0,Charge 4
2022-02-16T01:01:32Z,77.0,Charge 4
2022-02-16T01:01:37Z,78.0,Charge 4
2022-02-16T01:01:52Z,78.0,Charge 4
2022-02-16T01:02:02Z,80.0,Charge 4
2022-02-16T01:02:17Z,80.0,Charge 4
2022-02-16T01:02:27Z,78.0,Charge 4
2022-02-16T01:02:32Z,79.0,Charge 4
2022-02-16T01:02:37Z,78.0,Charge 4
2022-02-16T01:02:42Z,79.0,Charge 4
2022-02-16T01:02:48Z,79.0,Charge 4
2022-02-16T01:02:53Z,78.0,Charge 4
2022-02-16T01:03:03Z,77.0,Charge 4
2022-02-16T01:03:08Z,78.0,Charge 4
2022-02-16T01:03:13Z,79.0,Charge 4
2022-02-16T01:03:18Z,80.0,Charge 4
2022-02-16T01:03:23Z,79.0,Charge 4
2022-02-16T01:03:33Z,78.0,Charge 4
2022-02-16T01:03:38Z,77.0,Charge 4
2022-02-16T01:03:53Z,77.0,Charge 4
2022-02-16T01:03:58Z,78.0,Charge 4
2022-02-16T01:04:08Z,80.0,Charge 4
2022-02-16T01:04:13Z,89.0,Charge 4
2022-02-16T01:04:18Z,90.0,Charge 4
2022-02-16T01:04:23Z,85.0,Charge 4
2022-02-16T01:04:28Z,81.0,Charge 4
2022-02-16T01:04:33Z,76.0,Charge 4
2022-02-16T01:04:38Z,73.0,Charge 4
2022-02-16T01:04:48Z,75.0,Charge 4
2022-02-16T01:04:53Z,77.0,Charge 4
2022-02-16T01:04:58Z,78.0,Charge 4
2022-02-16T01:05:03Z,79.0,Charge 4
2022-02-16T01:05:08Z,80.0,Charge 4
2022-02-16T01:05:18Z,79.0,Charge 4
2022-02-16T01:05:23Z,78.0,Charge 4
2022-02-16T01:05:38Z,78.0,Charge 4
2022-02-16T01:05:43Z,80.0,Charge 4
2022-02-16T01:05:48Z,81.0,Charge 4
2022-02-16T01:05:53Z,80.0,Charge 4
2022-02-16T01:06:03Z,79.0,Charge 4
2022-02-16T01:06:08Z,78.0,Charge 4
2022-02-16T01:06:23Z,78.0,Charge 4
2022-02-16T01:06:33Z,81.0,Charge 4
2022-02-16T01:06:38Z,84.0,Charge 4
2022-02-16T01:06:48Z,82.0,Charge 4
2022-02-16T01:06:53Z,80.0,Charge 4
2022-02-16T01:06:58Z,79.0,Charge 4
2022-02-16T01:07:08Z,78.0,Charge 4
2022-02-16T01:07:13Z,77.0,Charge 4
2022-02-16T01:07:18Z,76.0,Charge 4
2022-02-16T01:07:28Z,76.0,Charge 4
2022-02-16T01:07:33Z,77.0,Charge 4
2022-02-16T01:07:43Z,78.0,Charge 4
2022-02-16T01:07:48Z,81.0,Charge 4
2022-02-16T01:07:53Z,82.0,Charge 4
2022-02-16T01:07:58Z,81.0,Charge 4
2022-02-16T01:08:03Z,80.0,Charge 4
2022-02-16T01:08:08Z,78.0,Charge 4
2022-02-16T01:08:18Z,77.0,Charge 4
2022-02-16T01:08:28Z,78.0,Charge 4
2022-02-16T01:08:33Z,79.0,Charge 4
2022-02-16T01:08:38Z,80.0,Charge 4
2022-02-16T01:08:43Z,79.0,Charge 4
2022-02-16T01:08:49Z,78.0,Charge 4
2022-02-16T01:08:54Z,77.0,Charge 4
2022-02-16T01:09:04Z,76.0,Charge 4
2022-02-16T01:09:09Z,77.0,Charge 4
2022-02-16T01:09:19Z,79.0,Charge 4
2022-02-16T01:09:24Z,81.0,Charge 4
2022-02-16T01:09:29Z,82.0,Charge 4
2022-02-16T01:09:34Z,81.0,Charge 4
2022-02-16T01:09:39Z,80.0,Charge 4
2022-02-16T01:09:44Z,78.0,Charge 4
2022-02-16T01:09:54Z,77.0,Charge 4
2022-02-16T01:09:59Z,78.0,Charge 4
2022-02-16T01:10:04Z,77.0,Charge 4
2022-02-16T01:10:14Z,76.0,Charge 4
2022-02-16T01:10:19Z,75.0,Charge 4
2022-02-16T01:10:29Z,76.0,Charge 4
2022-02-16T01:10:34Z,75.0,Charge 4
2022-02-16T01:10:39Z,76.0,Charge 4
2022-02-16T01:10:54Z,76.0,Charge 4
2022-02-16T01:11:09Z,76.0,Charge 4
2022-02-16T01:11:24Z,77.0,Charge 4
2022-02-16T01:11:39Z,77.0,Charge 4
2022-02-16T01:11:49Z,76.0,Charge 4
2022-02-16T01:11:54Z,77.0,Charge 4
2022-02-16T01:11:59Z,76.0,Charge 4
2022-02-16T01:12:09Z,77.0,Charge 4
2022-02-16T01:12:14Z,79.0,Charge 4
2022-02-16T01:12:19Z,80.0,Charge 4
2022-02-16T01:12:34Z,79.0,Charge 4
2022-02-16T01:12:39Z,78.0,Charge 4
2022-02-16T01:12:49Z,77.0,Charge 4
2022-02-16T01:12:59Z,76.0,Charge 4
2022-02-16T01:13:09Z,77.0,Charge 4
2022-02-16T01:13:24Z,77.0,Charge 4
2022-02-16T01:13:29Z,78.0,Charge 4
2022-02-16T01:13:44Z,78.0,Charge 4
2022-02-16T01:13:54Z,76.0,Charge 4
2022-02-16T01:14:04Z,77.0,Charge 4
2022-02-16T01:14:14Z,79.0,Charge 4
2022-02-16T01:14:19Z,80.0,Charge 4
2022-02-16T01:14:24Z,79.0,Charge 4
2022-02-16T01:14:29Z,78.0,Charge 4
2022-02-16T01:14:34Z,77.0,Charge 4
2022-02-16T01:14:39Z,76.0,Charge 4
2022-02-16T01:14:54Z,76.0,Charge 4
2022-02-16T01:14:59Z,78.0,Charge 4
2022-02-16T01:15:09Z,79.0,Charge 4
2022-02-16T01:15:14Z,78.0,Charge 4
2022-02-16T01:15:29Z,78.0,Charge 4
2022-02-16T01:15:34Z,78.0,Charge 4
2022-02-16T01:15:39Z,76.0,Charge 4
2022-02-16T01:15:45Z,75.0,Charge 4
2022-02-16T01:15:50Z,76.0,Charge 4
2022-02-16T01:16:00Z,77.0,Charge 4
2022-02-16T01:16:15Z,77.0,Charge 4
2022-02-16T01:16:25Z,76.0,Charge 4
2022-02-16T01:16:30Z,75.0,Charge 4
2022-02-16T01:16:45Z,76.0,Charge 4
2022-02-16T01:16:55Z,78.0,Charge 4
2022-02-16T01:17:00Z,79.0,Charge 4
2022-02-16T01:17:05Z,77.0,Charge 4
2022-02-16T01:17:20Z,78.0,Charge 4
2022-02-16T01:17:30Z,78.0,Charge 4
2022-02-16T01:17:40Z,77.0,Charge 4
2022-02-16T01:17:45Z,78.0,Charge 4
2022-02-16T01:18:00Z,79.0,Charge 4
2022-02-16T01:18:05Z,78.0,Charge 4
2022-02-16T01:18:10Z,77.0,Charge 4
2022-02-16T01:18:25Z,77.0,Charge 4
2022-02-16T01:18:40Z,77.0,Charge 4
2022-02-16T01:18:45Z,78.0,Charge 4
2022-02-16T01:18:50Z,76.0,Charge 4
2022-02-16T01:18:55Z,79.0,Charge 4
2022-02-16T01:19:00Z,80.0,Charge 4
2022-02-16T01:19:05Z,79.0,Charge 4
2022-02-16T01:19:15Z,78.0,Charge 4
2022-02-16T01:19:20Z,77.0,Charge 4
2022-02-16T01:19:25Z,76.0,Charge 4
2022-02-16T01:19:30Z,76.0,Charge 4
2022-02-16T01:19:40Z,76.0,Charge 4
2022-02-16T01:19:50Z,77.0,Charge 4
2022-02-16T01:19:55Z,78.0,Charge 4
2022-02-16T01:20:00Z,79.0,Charge 4
2022-02-16T01:20:05Z,80.0,Charge 4
2022-02-16T01:20:15Z,89.0,Charge 4
2022-02-16T01:20:20Z,99.0,Charge 4
2022-02-16T01:20:25Z,96.0,Charge 4
2022-02-16T01:20:30Z,91.0,Charge 4
2022-02-16T01:20:35Z,91.0,Charge 4
2022-02-16T01:20:40Z,87.0,Charge 4
2022-02-16T01:20:45Z,82.0,Charge 4
2022-02-16T01:20:50Z,80.0,Charge 4
2022-02-16T01:21:05Z,80.0,Charge 4
2022-02-16T01:21:10Z,80.0,Charge 4
2022-02-16T01:21:20Z,81.0,Charge 4
2022-02-16T01:21:30Z,80.0,Charge 4
2022-02-16T01:21:35Z,79.0,Charge 4
2022-02-16T01:21:50Z,79.0,Charge 4
2022-02-16T01:21:55Z,80.0,Charge 4
2022-02-16T01:22:00Z,79.0,Charge 4
2022-02-16T01:22:10Z,80.0,Charge 4
2022-02-16T01:22:15Z,84.0,Charge 4
2022-02-16T01:22:21Z,87.0,Charge 4
2022-02-16T01:22:26Z,86.0,Charge 4
2022-02-16T01:22:31Z,84.0,Charge 4
2022-02-16T01:22:36Z,82.0,Charge 4
2022-02-16T01:22:41Z,78.0,Charge 4
2022-02-16T01:22:46Z,76.0,Charge 4
2022-02-16T01:22:51Z,77.0,Charge 4
2022-02-16T01:22:56Z,78.0,Charge 4
2022-02-16T01:23:01Z,79.0,Charge 4
2022-02-16T01:23:16Z,79.0,Charge 4
2022-02-16T01:23:21Z,77.0,Charge 4
2022-02-16T01:23:31Z,78.0,Charge 4
2022-02-16T01:23:46Z,78.0,Charge 4
2022-02-16T01:23:56Z,77.0,Charge 4
2022-02-16T01:24:01Z,78.0,Charge 4
2022-02-16T01:24:06Z,77.0,Charge 4
2022-02-16T01:24:11Z,76.0,Charge 4
2022-02-16T01:24:16Z,78.0,Charge 4
2022-02-16T01:24:21Z,79.0,Charge 4
2022-02-16T01:24:26Z,81.0,Charge 4
2022-02-16T01:24:36Z,80.0,Charge 4
2022-02-16T01:24:41Z,79.0,Charge 4
2022-02-16T01:24:51Z,78.0,Charge 4
2022-02-16T01:25:06Z,78.0,Charge 4
2022-02-16T01:25:21Z,80.0,Charge 4
2022-02-16T01:25:27Z,79.0,Charge 4
2022-02-16T01:25:32Z,80.0,Charge 4
2022-02-16T01:25:37Z,81.0,Charge 4
2022-02-16T01:25:42Z,82.0,Charge 4
2022-02-16T01:25:47Z,81.0,Charge 4
2022-02-16T01:25:52Z,82.0,Charge 4
2022-02-16T01:25:57Z,80.0,Charge 4
2022-02-16T01:26:12Z,79.0,Charge 4
2022-02-16T01:26:22Z,80.0,Charge 4
2022-02-16T01:26:37Z,80.0,Charge 4
2022-02-16T01:26:42Z,81.0,Charge 4
2022-02-16T01:26:52Z,80.0,Charge 4
2022-02-16T01:26:57Z,79.0,Charge 4
2022-02-16T01:27:02Z,78.0,Charge 4
2022-02-16T01:27:12Z,79.0,Charge 4
2022-02-16T01:27:17Z,81.0,Charge 4
2022-02-16T01:27:27Z,80.0,Charge 4
2022-02-16T01:27:42Z,80.0,Charge 4
2022-02-16T01:27:47Z,79.0,Charge 4
2022-02-16T01:27:52Z,79.0,Charge 4
2022-02-16T01:28:07Z,79.0,Charge 4
2022-02-16T01:28:12Z,80.0,Charge 4
2022-02-16T01:28:17Z,81.0,Charge 4
2022-02-16T01:28:32Z,81.0,Charge 4
2022-02-16T01:28:37Z,82.0,Charge 4
2022-02-16T01:28:42Z,81.0,Charge 4
2022-02-16T01:28:47Z,80.0,Charge 4
2022-02-16T01:28:52Z,80.0,Charge 4
2022-02-16T01:28:57Z,80.0,Charge 4
2022-02-16T01:29:07Z,80.0,Charge 4
2022-02-16T01:29:12Z,80.0,Charge 4
2022-02-16T01:29:17Z,81.0,Charge 4
2022-02-16T01:29:22Z,81.0,Charge 4
2022-02-16T01:29:37Z,81.0,Charge 4
2022-02-16T01:29:52Z,81.0,Charge 4
2022-02-16T01:30:02Z,80.0,Charge 4
2022-02-16T01:30:07Z,79.0,Charge 4
2022-02-16T01:30:17Z,79.0,Charge 4
2022-02-16T01:30:22Z,79.0,Charge 4
2022-02-16T01:30:32Z,79.0,Charge 4
2022-02-16T01:30:37Z,80.0,Charge 4
2022-02-16T01:30:47Z,80.0,Charge 4
2022-02-16T01:30:52Z,81.0,Charge 4
2022-02-16T01:30:57Z,81.0,Charge 4
2022-02-16T01:31:02Z,79.0,Charge 4
2022-02-16T01:31:17Z,79.0,Charge 4
2022-02-16T01:31:22Z,80.0,Charge 4
2022-02-16T01:31:27Z,80.0,Charge 4
2022-02-16T01:31:42Z,80.0,Charge 4
2022-02-16T01:31:47Z,78.0,Charge 4
2022-02-16T01:31:52Z,79.0,Charge 4
2022-02-16T01:32:02Z,80.0,Charge 4
2022-02-16T01:32:08Z,82.0,Charge 4
2022-02-16T01:32:13Z,81.0,Charge 4
2022-02-16T01:32:18Z,80.0,Charge 4
2022-02-16T01:32:23Z,80.0,Charge 4
2022-02-16T01:32:28Z,79.0,Charge 4
2022-02-16T01:32:33Z,79.0,Charge 4
2022-02-16T01:32:43Z,80.0,Charge 4
2022-02-16T01:32:48Z,82.0,Charge 4
2022-02-16T01:32:58Z,81.0,Charge 4
2022-02-16T01:33:13Z,81.0,Charge 4
2022-02-16T01:33:18Z,80.0,Charge 4
2022-02-16T01:33:28Z,81.0,Charge 4
2022-02-16T01:33:33Z,81.0,Charge 4
2022-02-16T01:33:38Z,80.0,Charge 4
2022-02-16T01:33:43Z,79.0,Charge 4
2022-02-16T01:33:48Z,79.0,Charge 4
2022-02-16T01:33:53Z,80.0,Charge 4
2022-02-16T01:33:58Z,81.0,Charge 4
2022-02-16T01:34:13Z,82.0,Charge 4
2022-02-16T01:34:18Z,80.0,Charge 4
2022-02-16T01:34:23Z,78.0,Charge 4
2022-02-16T01:34:28Z,79.0,Charge 4
2022-02-16T01:34:38Z,80.0,Charge 4
2022-02-16T01:34:43Z,81.0,Charge 4
2022-02-16T01:34:48Z,81.0,Charge 4
2022-02-16T01:34:53Z,81.0,Charge 4
2022-02-16T01:35:03Z,78.0,Charge 4
2022-02-16T01:35:08Z,77.0,Charge 4
2022-02-16T01:35:18Z,78.0,Charge 4
2022-02-16T01:35:28Z,79.0,Charge 4
2022-02-16T01:35:33Z,80.0,Charge 4
2022-02-16T01:35:38Z,80.0,Charge 4
2022-02-16T01:35:43Z,79.0,Charge 4
2022-02-16T01:35:48Z,77.0,Charge 4
2022-02-16T01:35:53Z,77.0,Charge 4
2022-02-16T01:35:58Z,78.0,Charge 4
2022-02-16T01:36:03Z,80.0,Charge 4
2022-02-16T01:36:08Z,81.0,Charge 4
2022-02-16T01:36:13Z,80.0,Charge 4
2022-02-16T01:36:23Z,79.0,Charge 4
2022-02-16T01:36:28Z,78.0,Charge 4
2022-02-16T01:36:38Z,79.0,Charge 4
2022-02-16T01:36:53Z,79.0,Charge 4
2022-02-16T01:37:08Z,79.0,Charge 4
2022-02-16T01:38:09Z,82.0,Charge 4
2022-02-16T01:38:24Z,80.0,Charge 4
2022-02-16T01:38:29Z,79.0,Charge 4
2022-02-16T01:38:34Z,80.0,Charge 4
2022-02-16T01:38:39Z,79.0,Charge 4
2022-02-16T01:38:44Z,80.0,Charge 4
2022-02-16T01:38:49Z,81.0,Charge 4
2022-02-16T01:39:04Z,81.0,Charge 4
2022-02-16T01:39:19Z,81.0,Charge 4
2022-02-16T01:39:24Z,82.0,Charge 4
2022-02-16T01:39:29Z,82.0,Charge 4
2022-02-16T01:39:39Z,81.0,Charge 4
2022-02-16T01:39:44Z,80.0,Charge 4
2022-02-16T01:39:59Z,80.0,Charge 4
2022-02-16T01:40:04Z,81.0,Charge 4
2022-02-16T01:40:09Z,80.0,Charge 4
2022-02-16T01:40:14Z,81.0,Charge 4
2022-02-16T01:40:19Z,80.0,Charge 4
2022-02-16T01:40:29Z,81.0,Charge 4
2022-02-16T01:40:39Z,83.0,Charge 4
2022-02-16T01:40:44Z,82.0,Charge 4
2022-02-16T01:40:49Z,82.0,Charge 4
2022-02-16T01:40:54Z,81.0,Charge 4
2022-02-16T01:41:09Z,81.0,Charge 4
2022-02-16T01:41:14Z,85.0,Charge 4
2022-02-16T01:41:19Z,90.0,Charge 4
2022-02-16T01:41:29Z,91.0,Charge 4
2022-02-16T01:41:36Z,92.0,Charge 4
2022-02-16T01:41:41Z,90.0,Charge 4
2022-02-16T01:41:46Z,84.0,Charge 4
2022-02-16T01:41:51Z,82.0,Charge 4
2022-02-16T01:41:56Z,82.0,Charge 4
2022-02-16T01:42:01Z,82.0,Charge 4
2022-02-16T01:42:06Z,81.0,Charge 4
2022-02-16T01:42:11Z,80.0,Charge 4
2022-02-16T01:42:21Z,81.0,Charge 4
2022-02-16T01:42:31Z,80.0,Charge 4
2022-02-16T01:42:36Z,79.0,Charge 4
2022-02-16T01:42:46Z,80.0,Charge 4
2022-02-16T01:42:56Z,82.0,Charge 4
2022-02-16T01:43:01Z,83.0,Charge 4
2022-02-16T01:43:11Z,82.0,Charge 4
2022-02-16T01:43:16Z,81.0,Charge 4
2022-02-16T01:43:21Z,80.0,Charge 4
2022-02-16T01:43:26Z,78.0,Charge 4
2022-02-16T01:43:41Z,79.0,Charge 4
2022-02-16T01:43:46Z,80.0,Charge 4
2022-02-16T01:43:51Z,80.0,Charge 4
2022-02-16T01:43:56Z,81.0,Charge 4
2022-02-16T01:44:01Z,82.0,Charge 4
2022-02-16T01:44:16Z,82.0,Charge 4
2022-02-16T01:44:21Z,78.0,Charge 4
2022-02-16T01:44:26Z,76.0,Charge 4
2022-02-16T01:44:31Z,76.0,Charge 4
2022-02-16T01:44:36Z,75.0,Charge 4
2022-02-16T01:44:41Z,77.0,Charge 4
2022-02-16T01:44:46Z,78.0,Charge 4
2022-02-16T01:44:56Z,79.0,Charge 4
2022-02-16T01:45:01Z,78.0,Charge 4
2022-02-16T01:45:16Z,79.0,Charge 4
2022-02-16T01:45:21Z,80.0,Charge 4
2022-02-16T01:45:26Z,81.0,Charge 4
2022-02-16T01:45:36Z,82.0,Charge 4
2022-02-16T01:45:46Z,80.0,Charge 4
2022-02-16T01:45:51Z,79.0,Charge 4
2022-02-16T01:46:06Z,80.0,Charge 4
2022-02-16T01:46:11Z,81.0,Charge 4
2022-02-16T01:46:16Z,80.0,Charge 4
2022-02-16T01:46:26Z,81.0,Charge 4
2022-02-16T01:46:36Z,81.0,Charge 4
2022-02-16T01:46:41Z,79.0,Charge 4
2022-02-16T01:46:56Z,79.0,Charge 4
2022-02-16T01:47:01Z,82.0,Charge 4
2022-02-16T01:47:11Z,81.0,Charge 4
2022-02-16T01:47:16Z,80.0,Charge 4
2022-02-16T01:47:21Z,81.0,Charge 4
2022-02-16T01:47:26Z,82.0,Charge 4
2022-02-16T01:47:31Z,83.0,Charge 4
2022-02-16T01:47:36Z,84.0,Charge 4
2022-02-16T01:47:41Z,82.0,Charge 4
2022-02-16T01:47:47Z,82.0,Charge 4
2022-02-16T01:47:52Z,81.0,Charge 4
2022-02-16T01:47:57Z,80.0,Charge 4
2022-02-16T01:48:02Z,79.0,Charge 4
2022-02-16T01:48:07Z,80.0,Charge 4
2022-02-16T01:48:22Z,80.0,Charge 4
2022-02-16T01:48:27Z,80.0,Charge 4
2022-02-16T01:48:32Z,77.0,Charge 4
2022-02-16T01:48:37Z,77.0,Charge 4
2022-02-16T01:48:52Z,79.0,Charge 4
2022-02-16T01:48:57Z,82.0,Charge 4
2022-02-16T01:49:02Z,83.0,Charge 4
2022-02-16T01:49:07Z,81.0,Charge 4
2022-02-16T01:49:12Z,80.0,Charge 4
2022-02-16T01:49:17Z,79.0,Charge 4
2022-02-16T01:49:27Z,80.0,Charge 4
2022-02-16T01:49:42Z,79.0,Charge 4
2022-02-16T01:49:52Z,78.0,Charge 4
2022-02-16T01:49:57Z,77.0,Charge 4
2022-02-16T01:50:02Z,78.0,Charge 4
2022-02-16T01:50:12Z,77.0,Charge 4
2022-02-16T01:50:17Z,78.0,Charge 4
2022-02-16T01:50:22Z,79.0,Charge 4
2022-02-16T01:50:27Z,80.0,Charge 4
2022-02-16T01:50:37Z,84.0,Charge 4
2022-02-16T01:50:42Z,86.0,Charge 4
2022-02-16T01:50:47Z,96.0,Charge 4
2022-02-16T01:50:52Z,98.0,Charge 4
2022-02-16T01:50:57Z,93.0,Charge 4
2022-02-16T01:51:02Z,90.0,Charge 4
2022-02-16T01:51:07Z,87.0,Charge 4
2022-02-16T01:51:12Z,84.0,Charge 4
2022-02-16T01:51:17Z,82.0,Charge 4
2022-02-16T01:51:32Z,82.0,Charge 4
2022-02-16T01:51:42Z,84.0,Charge 4
2022-02-16T01:51:47Z,91.0,Charge 4
2022-02-16T01:51:52Z,88.0,Charge 4
2022-02-16T01:51:57Z,85.0,Charge 4
2022-02-16T01:52:02Z,81.0,Charge 4
2022-02-16T01:52:07Z,79.0,Charge 4
2022-02-16T01:52:22Z,81.0,Charge 4
2022-02-16T01:52:27Z,82.0,Charge 4
2022-02-16T01:52:32Z,84.0,Charge 4
2022-02-16T01:52:37Z,85.0,Charge 4
2022-02-16T01:52:42Z,84.0,Charge 4
2022-02-16T01:52:47Z,82.0,Charge 4
2022-02-16T01:52:57Z,81.0,Charge 4
2022-02-16T01:53:12Z,82.0,Charge 4
2022-02-16T01:53:17Z,83.0,Charge 4
2022-02-16T01:53:27Z,82.0,Charge 4
2022-02-16T01:53:37Z,81.0,Charge 4
2022-02-16T01:53:42Z,80.0,Charge 4
2022-02-16T01:53:52Z,81.0,Charge 4
2022-02-16T01:53:58Z,81.0,Charge 4
2022-02-16T01:54:03Z,82.0,Charge 4
2022-02-16T01:54:18Z,81.0,Charge 4
2022-02-16T01:54:23Z,80.0,Charge 4
2022-02-16T01:54:33Z,81.0,Charge 4
2022-02-16T01:54:38Z,79.0,Charge 4
2022-02-16T01:54:43Z,77.0,Charge 4
2022-02-16T01:54:48Z,78.0,Charge 4
2022-02-16T01:54:53Z,79.0,Charge 4
2022-02-16T01:54:58Z,80.0,Charge 4
2022-02-16T01:55:03Z,82.0,Charge 4
2022-02-16T01:55:13Z,81.0,Charge 4
2022-02-16T01:55:18Z,82.0,Charge 4
2022-02-16T01:55:28Z,81.0,Charge 4
2022-02-16T01:55:33Z,80.0,Charge 4
2022-02-16T01:55:38Z,79.0,Charge 4
2022-02-16T01:55:53Z,80.0,Charge 4
2022-02-16T01:55:58Z,82.0,Charge 4
2022-02-16T01:56:13Z,83.0,Charge 4
2022-02-16T01:56:18Z,81.0,Charge 4
2022-02-16T01:56:28Z,80.0,Charge 4
2022-02-16T01:56:43Z,78.0,Charge 4
2022-02-16T01:56:58Z,78.0,Charge 4
2022-02-16T01:57:03Z,79.0,Charge 4
2022-02-16T01:57:08Z,80.0,Charge 4
2022-02-16T01:57:13Z,82.0,Charge 4
2022-02-16T01:57:18Z,81.0,Charge 4
2022-02-16T01:57:23Z,81.0,Charge 4
2022-02-16T01:57:28Z,80.0,Charge 4
2022-02-16T01:57:38Z,79.0,Charge 4
2022-02-16T01:57:53Z,79.0,Charge 4
2022-02-16T01:57:58Z,80.0,Charge 4
2022-02-16T01:58:13Z,80.0,Charge 4
2022-02-16T01:58:23Z,78.0,Charge 4
2022-02-16T01:58:33Z,79.0,Charge 4
2022-02-16T01:58:38Z,80.0,Charge 4
2022-02-16T01:58:53Z,80.0,Charge 4
2022-02-16T01:58:58Z,78.0,Charge 4
2022-02-16T01:59:03Z,79.0,Charge 4
2022-02-16T01:59:08Z,80.0,Charge 4
2022-02-16T01:59:18Z,79.0,Charge 4
2022-02-16T01:59:23Z,78.0,Charge 4
2022-02-16T01:59:28Z,79.0,Charge 4
2022-02-16T01:59:33Z,77.0,Charge 4
2022-02-16T01:59:43Z,79.0,Charge 4
2022-02-16T01:59:48Z,78.0,Charge 4
2022-02-16T01:59:53Z,79.0,Charge 4
2022-02-16T01:59:58Z,80.0,Charge 4
2022-02-16T02:00:13Z,80.0,Charge 4
2022-02-16T02:00:28Z,79.0,Charge 4
2022-02-16T02:00:43Z,79.0,Charge 4
2022-02-16T02:00:49Z,78.0,Charge 4
2022-02-16T02:00:54Z,79.0,Charge 4
2022-02-16T02:00:59Z,78.0,Charge 4
2022-02-16T02:01:09Z,79.0,Charge 4
2022-02-16T02:01:24Z,80.0,Charge 4
2022-02-16T02:01:29Z,79.0,Charge 4
2022-02-16T02:01:44Z,79.0,Charge 4
2022-02-16T02:01:49Z,78.0,Charge 4
2022-02-16T02:02:04Z,78.0,Charge 4
2022-02-16T02:02:14Z,79.0,Charge 4
2022-02-16T02:02:29Z,80.0,Charge 4
2022-02-16T02:02:34Z,79.0,Charge 4
2022-02-16T02:02:39Z,78.0,Charge 4
2022-02-16T02:02:44Z,79.0,Charge 4
2022-02-16T02:02:54Z,80.0,Charge 4
2022-02-16T02:02:59Z,81.0,Charge 4
2022-02-16T02:03:14Z,81.0,Charge 4
2022-02-16T02:03:24Z,80.0,Charge 4
2022-02-16T02:03:39Z,80.0,Charge 4
2022-02-16T02:03:44Z,81.0,Charge 4
2022-02-16T02:03:54Z,80.0,Charge 4
2022-02-16T02:04:04Z,82.0,Charge 4
2022-02-16T02:04:14Z,81.0,Charge 4
2022-02-16T02:04:19Z,79.0,Charge 4
2022-02-16T02:04:29Z,80.0,Charge 4
2022-02-16T02:04:44Z,81.0,Charge 4
2022-02-16T02:04:59Z,81.0,Charge 4
2022-02-16T02:05:04Z,80.0,Charge 4
2022-02-16T02:05:14Z,81.0,Charge 4
2022-02-16T02:05:19Z,82.0,Charge 4
2022-02-16T02:05:24Z,81.0,Charge 4
2022-02-16T02:05:34Z,80.0,Charge 4
2022-02-16T02:05:39Z,79.0,Charge 4
2022-02-16T02:05:49Z,78.0,Charge 4
2022-02-16T02:06:04Z,78.0,Charge 4
2022-02-16T02:06:09Z,79.0,Charge 4
2022-02-16T02:06:24Z,79.0,Charge 4
2022-02-16T02:06:39Z,80.0,Charge 4
2022-02-16T02:06:44Z,79.0,Charge 4
2022-02-16T02:06:59Z,79.0,Charge 4
2022-02-16T02:07:14Z,80.0,Charge 4
2022-02-16T02:07:24Z,79.0,Charge 4
2022-02-16T02:07:39Z,79.0,Charge 4
2022-02-16T02:07:44Z,77.0,Charge 4
2022-02-16T02:07:49Z,78.0,Charge 4
2022-02-16T02:07:59Z,77.0,Charge 4
2022-02-16T02:08:14Z,77.0,Charge 4
2022-02-16T02:08:29Z,77.0,Charge 4
2022-02-16T02:08:34Z,78.0,Charge 4
2022-02-16T02:08:39Z,79.0,Charge 4
2022-02-16T02:08:44Z,80.0,Charge 4
2022-02-16T02:08:49Z,81.0,Charge 4
2022-02-16T02:08:55Z,81.0,Charge 4
2022-02-16T02:09:05Z,80.0,Charge 4
2022-02-16T02:09:10Z,79.0,Charge 4
2022-02-16T02:09:25Z,79.0,Charge 4
2022-02-16T02:09:30Z,80.0,Charge 4
2022-02-16T02:09:40Z,78.0,Charge 4
2022-02-16T02:09:50Z,79.0,Charge 4
2022-02-16T02:10:00Z,77.0,Charge 4
2022-02-16T02:10:10Z,78.0,Charge 4
2022-02-16T02:10:25Z,78.0,Charge 4
2022-02-16T02:10:30Z,79.0,Charge 4
2022-02-16T02:10:35Z,80.0,Charge 4
2022-02-16T02:10:45Z,79.0,Charge 4
2022-02-16T02:10:55Z,80.0,Charge 4
2022-02-16T02:11:00Z,78.0,Charge 4
2022-02-16T02:11:10Z,79.0,Charge 4
2022-02-16T02:11:25Z,80.0,Charge 4
2022-02-16T02:11:35Z,81.0,Charge 4
2022-02-16T02:11:45Z,80.0,Charge 4
2022-02-16T02:11:50Z,79.0,Charge 4
2022-02-16T02:12:05Z,79.0,Charge 4
2022-02-16T02:12:15Z,83.0,Charge 4
2022-02-16T02:12:20Z,87.0,Charge 4
2022-02-16T02:12:30Z,88.0,Charge 4
2022-02-16T02:12:40Z,87.0,Charge 4
2022-02-16T02:12:50Z,88.0,Charge 4
2022-02-16T02:12:56Z,92.0,Charge 4
2022-02-16T02:13:01Z,94.0,Charge 4
2022-02-16T02:13:06Z,92.0,Charge 4
2022-02-16T02:13:11Z,88.0,Charge 4
2022-02-16T02:13:16Z,88.0,Charge 4
2022-02-16T02:13:21Z,87.0,Charge 4
2022-02-16T02:13:31Z,88.0,Charge 4
2022-02-16T02:13:36Z,92.0,Charge 4
2022-02-16T02:13:41Z,90.0,Charge 4
2022-02-16T02:13:46Z,84.0,Charge 4
2022-02-16T02:13:51Z,80.0,Charge 4
2022-02-16T02:13:56Z,76.0,Charge 4
2022-02-16T02:14:01Z,73.0,Charge 4
2022-02-16T02:14:06Z,72.0,Charge 4
2022-02-16T02:14:11Z,71.0,Charge 4
2022-02-16T02:14:21Z,73.0,Charge 4
2022-02-16T02:14:26Z,74.0,Charge 4
2022-02-16T02:14:31Z,76.0,Charge 4
2022-02-16T02:14:36Z,77.0,Charge 4
2022-02-16T02:14:46Z,78.0,Charge 4
2022-02-16T02:14:56Z,77.0,Charge 4
2022-02-16T02:15:06Z,79.0,Charge 4
2022-02-16T02:15:21Z,80.0,Charge 4
2022-02-16T02:15:36Z,78.0,Charge 4
2022-02-16T02:15:51Z,79.0,Charge 4
2022-02-16T02:16:01Z,77.0,Charge 4
2022-02-16T02:16:06Z,76.0,Charge 4
2022-02-16T02:16:11Z,76.0,Charge 4
2022-02-16T02:16:21Z,77.0,Charge 4
2022-02-16T02:16:26Z,78.0,Charge 4
2022-02-16T02:16:31Z,80.0,Charge 4
2022-02-16T02:16:46Z,80.0,Charge 4
2022-02-16T02:17:01Z,80.0,Charge 4
2022-02-16T02:17:06Z,79.0,Charge 4
2022-02-16T02:17:11Z,76.0,Charge 4
2022-02-16T02:17:21Z,78.0,Charge 4
2022-02-16T02:17:31Z,79.0,Charge 4
2022-02-16T02:17:41Z,77.0,Charge 4
2022-02-16T02:17:46Z,76.0,Charge 4
2022-02-16T02:18:01Z,76.0,Charge 4
2022-02-16T02:18:06Z,77.0,Charge 4
2022-02-16T02:18:11Z,76.0,Charge 4
2022-02-16T02:18:16Z,77.0,Charge 4
2022-02-16T02:18:21Z,78.0,Charge 4
2022-02-16T02:18:31Z,77.0,Charge 4
2022-02-16T02:18:41Z,79.0,Charge 4
2022-02-16T02:18:46Z,80.0,Charge 4
2022-02-16T02:18:56Z,79.0,Charge 4
2022-02-16T02:19:01Z,78.0,Charge 4
2022-02-16T02:19:16Z,78.0,Charge 4
2022-02-16T02:19:21Z,81.0,Charge 4
2022-02-16T02:19:26Z,80.0,Charge 4
2022-02-16T02:19:31Z,78.0,Charge 4
2022-02-16T02:19:37Z,77.0,Charge 4
2022-02-16T02:19:47Z,78.0,Charge 4
2022-02-16T02:19:52Z,79.0,Charge 4
2022-02-16T02:19:57Z,80.0,Charge 4
2022-02-16T02:20:02Z,79.0,Charge 4
2022-02-16T02:20:07Z,78.0,Charge 4
2022-02-16T02:20:12Z,77.0,Charge 4
2022-02-16T02:20:22Z,78.0,Charge 4
2022-02-16T02:20:32Z,77.0,Charge 4
2022-02-16T02:20:37Z,76.0,Charge 4
2022-02-16T02:20:47Z,75.0,Charge 4
2022-02-16T02:21:02Z,74.0,Charge 4
2022-02-16T02:21:12Z,76.0,Charge 4
2022-02-16T02:21:17Z,78.0,Charge 4
2022-02-16T02:21:22Z,80.0,Charge 4
2022-02-16T02:21:27Z,79.0,Charge 4
2022-02-16T02:21:37Z,77.0,Charge 4
2022-02-16T02:21:42Z,76.0,Charge 4
2022-02-16T02:21:47Z,75.0,Charge 4
2022-02-16T02:22:02Z,78.0,Charge 4
2022-02-16T02:22:17Z,79.0,Charge 4
2022-02-16T02:22:22Z,78.0,Charge 4
2022-02-16T02:22:27Z,79.0,Charge 4
2022-02-16T02:22:32Z,80.0,Charge 4
2022-02-16T02:22:47Z,81.0,Charge 4
2022-02-16T02:22:52Z,80.0,Charge 4
2022-02-16T02:22:57Z,81.0,Charge 4
2022-02-16T02:23:02Z,82.0,Charge 4
2022-02-16T02:23:12Z,80.0,Charge 4
2022-02-16T02:23:17Z,79.0,Charge 4
2022-02-16T02:23:27Z,77.0,Charge 4
2022-02-16T02:23:32Z,76.0,Charge 4
2022-02-16T02:23:47Z,76.0,Charge 4
2022-02-16T02:23:57Z,78.0,Charge 4
2022-02-16T02:24:12Z,78.0,Charge 4
2022-02-16T02:24:17Z,77.0,Charge 4
2022-02-16T02:24:22Z,78.0,Charge 4
2022-02-16T02:24:27Z,77.0,Charge 4
2022-02-16T02:24:37Z,75.0,Charge 4
2022-02-16T02:24:42Z,75.0,Charge 4
2022-02-16T02:24:47Z,77.0,Charge 4
2022-02-16T02:24:57Z,78.0,Charge 4
2022-02-16T02:25:02Z,84.0,Charge 4
2022-02-16T02:25:07Z,86.0,Charge 4
2022-02-16T02:25:12Z,85.0,Charge 4
2022-02-16T02:25:17Z,80.0,Charge 4
2022-02-16T02:25:22Z,76.0,Charge 4
2022-02-16T02:25:27Z,73.0,Charge 4
2022-02-16T02:25:32Z,71.0,Charge 4
2022-02-16T02:25:37Z,72.0,Charge 4
2022-02-16T02:25:42Z,74.0,Charge 4
2022-02-16T02:25:47Z,75.0,Charge 4
2022-02-16T02:25:57Z,75.0,Charge 4
2022-02-16T02:26:07Z,74.0,Charge 4
2022-02-16T02:26:13Z,74.0,Charge 4
2022-02-16T02:26:23Z,73.0,Charge 4
2022-02-16T02:26:33Z,74.0,Charge 4
2022-02-16T02:26:48Z,75.0,Charge 4
2022-02-16T02:26:58Z,76.0,Charge 4
2022-02-16T02:27:13Z,76.0,Charge 4
2022-02-16T02:27:23Z,77.0,Charge 4
2022-02-16T02:27:28Z,78.0,Charge 4
2022-02-16T02:27:33Z,77.0,Charge 4
2022-02-16T02:27:38Z,76.0,Charge 4
2022-02-16T02:27:53Z,75.0,Charge 4
2022-02-16T02:28:03Z,76.0,Charge 4
2022-02-16T02:28:08Z,75.0,Charge 4
2022-02-16T02:28:13Z,74.0,Charge 4
2022-02-16T02:28:23Z,73.0,Charge 4
2022-02-16T02:28:28Z,74.0,Charge 4
2022-02-16T02:28:33Z,76.0,Charge 4
2022-02-16T02:28:43Z,77.0,Charge 4
2022-02-16T02:28:58Z,76.0,Charge 4
2022-02-16T02:29:08Z,76.0,Charge 4
2022-02-16T02:29:18Z,77.0,Charge 4
2022-02-16T02:29:23Z,87.0,Charge 4
2022-02-16T02:29:28Z,92.0,Charge 4
2022-02-16T02:29:38Z,84.0,Charge 4
2022-02-16T02:29:43Z,80.0,Charge 4
2022-02-16T02:29:48Z,78.0,Charge 4
2022-02-16T02:29:54Z,76.0,Charge 4
2022-02-16T02:29:59Z,74.0,Charge 4
2022-02-16T02:30:14Z,73.0,Charge 4
2022-02-16T02:30:24Z,74.0,Charge 4
2022-02-16T02:30:39Z,75.0,Charge 4
2022-02-16T02:30:54Z,76.0,Charge 4
2022-02-16T02:30:59Z,77.0,Charge 4
2022-02-16T02:31:09Z,76.0,Charge 4
2022-02-16T02:31:24Z,76.0,Charge 4
2022-02-16T02:31:29Z,77.0,Charge 4
2022-02-16T02:31:44Z,77.0,Charge 4
2022-02-16T02:31:49Z,76.0,Charge 4
2022-02-16T02:31:59Z,77.0,Charge 4
2022-02-16T02:32:14Z,77.0,Charge 4
2022-02-16T02:32:19Z,76.0,Charge 4
2022-02-16T02:32:34Z,77.0,Charge 4
2022-02-16T02:32:39Z,79.0,Charge 4
2022-02-16T02:32:49Z,77.0,Charge 4
2022-02-16T02:32:54Z,76.0,Charge 4
2022-02-16T02:32:59Z,75.0,Charge 4
2022-02-16T02:33:09Z,74.0,Charge 4
2022-02-16T02:33:24Z,74.0,Charge 4
2022-02-16T02:33:29Z,75.0,Charge 4
2022-02-16T02:33:34Z,76.0,Charge 4
2022-02-16T02:33:39Z,77.0,Charge 4
2022-02-16T02:33:44Z,76.0,Charge 4
2022-02-16T02:33:49Z,75.0,Charge 4
2022-02-16T02:33:54Z,75.0,Charge 4
2022-02-16T02:34:09Z,75.0,Charge 4
2022-02-16T02:34:14Z,76.0,Charge 4
2022-02-16T02:34:19Z,77.0,Charge 4
2022-02-16T02:34:34Z,77.0,Charge 4
2022-02-16T02:34:44Z,78.0,Charge 4
2022-02-16T02:34:49Z,79.0,Charge 4
2022-02-16T02:34:59Z,78.0,Charge 4
2022-02-16T02:35:04Z,79.0,Charge 4
2022-02-16T02:35:14Z,78.0,Charge 4
2022-02-16T02:35:19Z,76.0,Charge 4
2022-02-16T02:35:24Z,77.0,Charge 4
2022-02-16T02:35:29Z,78.0,Charge 4
2022-02-16T02:35:34Z,77.0,Charge 4
2022-02-16T02:35:44Z,76.0,Charge 4
2022-02-16T02:35:54Z,77.0,Charge 4
2022-02-16T02:36:04Z,76.0,Charge 4
2022-02-16T02:36:19Z,76.0,Charge 4
2022-02-16T02:36:29Z,75.0,Charge 4
2022-02-16T02:36:34Z,74.0,Charge 4
2022-02-16T02:36:44Z,76.0,Charge 4
2022-02-16T02:36:49Z,77.0,Charge 4
2022-02-16T02:36:54Z,78.0,Charge 4
2022-02-16T02:37:09Z,78.0,Charge 4
2022-02-16T02:37:19Z,78.0,Charge 4
2022-02-16T02:37:24Z,77.0,Charge 4
2022-02-16T02:37:30Z,76.0,Charge 4
2022-02-16T02:37:35Z,74.0,Charge 4
2022-02-16T02:37:40Z,73.0,Charge 4
2022-02-16T02:37:50Z,74.0,Charge 4
2022-02-16T02:38:05Z,74.0,Charge 4
2022-02-16T02:38:15Z,76.0,Charge 4
2022-02-16T02:38:20Z,77.0,Charge 4
2022-02-16T02:38:35Z,77.0,Charge 4
2022-02-16T02:38:45Z,76.0,Charge 4
2022-02-16T02:38:50Z,75.0,Charge 4
2022-02-16T02:38:55Z,76.0,Charge 4
2022-02-16T02:39:10Z,76.0,Charge 4
2022-02-16T02:39:15Z,75.0,Charge 4
2022-02-16T02:39:20Z,76.0,Charge 4
2022-02-16T02:39:30Z,77.0,Charge 4
2022-02-16T02:39:35Z,78.0,Charge 4
2022-02-16T02:39:50Z,79.0,Charge 4
2022-02-16T02:39:55Z,78.0,Charge 4
2022-02-16T02:40:00Z,77.0,Charge 4
2022-02-16T02:40:10Z,76.0,Charge 4
2022-02-16T02:40:15Z,75.0,Charge 4
2022-02-16T02:40:20Z,76.0,Charge 4
2022-02-16T02:40:25Z,77.0,Charge 4
2022-02-16T02:40:30Z,78.0,Charge 4
2022-02-16T02:40:35Z,77.0,Charge 4
2022-02-16T02:40:50Z,77.0,Charge 4
2022-02-16T02:40:57Z,76.0,Charge 4
2022-02-16T02:41:02Z,77.0,Charge 4
2022-02-16T02:41:12Z,76.0,Charge 4
2022-02-16T02:41:22Z,77.0,Charge 4
2022-02-16T02:41:32Z,74.0,Charge 4
2022-02-16T02:41:42Z,75.0,Charge 4
2022-02-16T02:41:52Z,74.0,Charge 4
2022-02-16T02:41:57Z,75.0,Charge 4
2022-02-16T02:42:02Z,77.0,Charge 4
2022-02-16T02:42:12Z,76.0,Charge 4
2022-02-16T02:42:17Z,75.0,Charge 4
2022-02-16T02:42:32Z,74.0,Charge 4
2022-02-16T02:42:37Z,73.0,Charge 4
2022-02-16T02:42:42Z,74.0,Charge 4
2022-02-16T02:42:47Z,75.0,Charge 4
2022-02-16T02:42:52Z,76.0,Charge 4
2022-02-16T02:42:57Z,77.0,Charge 4
2022-02-16T02:43:07Z,75.0,Charge 4
2022-02-16T02:43:12Z,73.0,Charge 4
2022-02-16T02:43:17Z,72.0,Charge 4
2022-02-16T02:43:22Z,73.0,Charge 4
2022-02-16T02:43:37Z,73.0,Charge 4
2022-02-16T02:43:42Z,75.0,Charge 4
2022-02-16T02:43:52Z,76.0,Charge 4
2022-02-16T02:43:57Z,77.0,Charge 4
2022-02-16T02:44:07Z,78.0,Charge 4
2022-02-16T02:44:12Z,77.0,Charge 4
2022-02-16T02:44:17Z,76.0,Charge 4
2022-02-16T02:44:27Z,77.0,Charge 4
2022-02-16T02:44:37Z,79.0,Charge 4
2022-02-16T02:44:42Z,80.0,Charge 4
2022-02-16T02:44:52Z,81.0,Charge 4
2022-02-16T02:44:57Z,80.0,Charge 4
2022-02-16T02:45:07Z,79.0,Charge 4
2022-02-16T02:45:12Z,78.0,Charge 4
2022-02-16T02:45:17Z,77.0,Charge 4
2022-02-16T02:45:22Z,76.0,Charge 4
2022-02-16T02:45:37Z,76.0,Charge 4
2022-02-16T02:45:42Z,76.0,Charge 4
2022-02-16T02:45:52Z,77.0,Charge 4
2022-02-16T02:45:57Z,75.0,Charge 4
2022-02-16T02:46:02Z,74.0,Charge 4
2022-02-16T02:46:12Z,75.0,Charge 4
2022-02-16T02:46:22Z,76.0,Charge 4
2022-02-16T02:46:27Z,77.0,Charge 4
2022-02-16T02:46:37Z,78.0,Charge 4
2022-02-16T02:46:42Z,79.0,Charge 4
2022-02-16T02:46:47Z,78.0,Charge 4
2022-02-16T02:46:52Z,76.0,Charge 4
2022-02-16T02:46:57Z,77.0,Charge 4
2022-02-16T02:47:02Z,78.0,Charge 4
2022-02-16T02:47:07Z,77.0,Charge 4
2022-02-16T02:47:12Z,76.0,Charge 4
2022-02-16T02:47:18Z,76.0,Charge 4
2022-02-16T02:47:23Z,75.0,Charge 4
2022-02-16T02:47:28Z,74.0,Charge 4
2022-02-16T02:47:43Z,74.0,Charge 4
2022-02-16T02:47:48Z,75.0,Charge 4
2022-02-16T02:47:53Z,76.0,Charge 4
2022-02-16T02:48:08Z,77.0,Charge 4
2022-02-16T02:48:23Z,76.0,Charge 4
2022-02-16T02:48:38Z,77.0,Charge 4
2022-02-16T02:48:43Z,78.0,Charge 4
2022-02-16T02:48:48Z,79.0,Charge 4
2022-02-16T02:48:53Z,78.0,Charge 4
2022-02-16T02:48:58Z,77.0,Charge 4
2022-02-16T02:49:03Z,75.0,Charge 4
2022-02-16T02:49:18Z,76.0,Charge 4
2022-02-16T02:49:23Z,78.0,Charge 4
2022-02-16T02:49:28Z,76.0,Charge 4
2022-02-16T02:49:33Z,74.0,Charge 4
2022-02-16T02:49:48Z,74.0,Charge 4
2022-02-16T02:49:53Z,75.0,Charge 4
2022-02-16T02:49:58Z,74.0,Charge 4
2022-02-16T02:50:03Z,72.0,Charge 4
2022-02-16T02:50:08Z,71.0,Charge 4
2022-02-16T02:50:13Z,72.0,Charge 4
2022-02-16T02:50:18Z,74.0,Charge 4
2022-02-16T02:50:23Z,75.0,Charge 4
2022-02-16T02:50:28Z,76.0,Charge 4
2022-02-16T02:50:33Z,76.0,Charge 4
2022-02-16T02:50:38Z,74.0,Charge 4
2022-02-16T02:50:43Z,72.0,Charge 4
2022-02-16T02:50:53Z,73.0,Charge 4
2022-02-16T02:50:58Z,76.0,Charge 4
2022-02-16T02:51:03Z,78.0,Charge 4
2022-02-16T02:51:08Z,77.0,Charge 4
2022-02-16T02:51:18Z,76.0,Charge 4
2022-02-16T02:51:33Z,76.0,Charge 4
2022-02-16T02:51:48Z,76.0,Charge 4
2022-02-16T02:51:53Z,77.0,Charge 4
2022-02-16T02:51:58Z,76.0,Charge 4
2022-02-16T02:52:08Z,75.0,Charge 4
2022-02-16T02:52:13Z,74.0,Charge 4
2022-02-16T02:52:18Z,75.0,Charge 4
2022-02-16T02:52:23Z,74.0,Charge 4
2022-02-16T02:52:33Z,75.0,Charge 4
2022-02-16T02:52:38Z,78.0,Charge 4
2022-02-16T02:52:43Z,79.0,Charge 4
2022-02-16T02:52:53Z,78.0,Charge 4
2022-02-16T02:53:03Z,76.0,Charge 4
2022-02-16T02:53:13Z,77.0,Charge 4
2022-02-16T02:53:18Z,76.0,Charge 4
2022-02-16T02:53:28Z,78.0,Charge 4
2022-02-16T02:53:38Z,77.0,Charge 4
2022-02-16T02:53:43Z,78.0,Charge 4
2022-02-16T02:53:48Z,79.0,Charge 4
2022-02-16T02:53:54Z,80.0,Charge 4
2022-02-16T02:54:09Z,80.0,Charge 4
2022-02-16T02:54:24Z,80.0,Charge 4
2022-02-16T02:54:29Z,81.0,Charge 4
2022-02-16T02:54:44Z,82.0,Charge 4
2022-02-16T02:54:59Z,82.0,Charge 4
2022-02-16T02:55:09Z,83.0,Charge 4
2022-02-16T02:55:14Z,84.0,Charge 4
2022-02-16T02:55:19Z,85.0,Charge 4
2022-02-16T02:55:34Z,84.0,Charge 4
2022-02-16T02:55:39Z,83.0,Charge 4
2022-02-16T02:55:49Z,84.0,Charge 4
2022-02-16T02:55:54Z,81.0,Charge 4
2022-02-16T02:55:59Z,79.0,Charge 4
2022-02-16T02:56:09Z,80.0,Charge 4
2022-02-16T02:56:14Z,82.0,Charge 4
2022-02-16T02:56:19Z,85.0,Charge 4
2022-02-16T02:56:29Z,83.0,Charge 4
2022-02-16T02:56:34Z,82.0,Charge 4
2022-02-16T02:56:39Z,81.0,Charge 4
2022-02-16T02:56:54Z,80.0,Charge 4
2022-02-16T02:56:59Z,79.0,Charge 4
2022-02-16T02:57:14Z,78.0,Charge 4
2022-02-16T02:57:19Z,77.0,Charge 4
2022-02-16T02:57:29Z,76.0,Charge 4
2022-02-16T02:57:34Z,77.0,Charge 4
2022-02-16T02:57:39Z,76.0,Charge 4
2022-02-16T02:57:45Z,76.0,Charge 4
2022-02-16T02:58:00Z,77.0,Charge 4
2022-02-16T02:58:05Z,78.0,Charge 4
2022-02-16T02:58:10Z,80.0,Charge 4
2022-02-16T02:58:15Z,78.0,Charge 4
2022-02-16T02:58:20Z,77.0,Charge 4
2022-02-16T02:58:35Z,77.0,Charge 4
2022-02-16T02:58:50Z,78.0,Charge 4
2022-02-16T02:58:55Z,79.0,Charge 4
2022-02-16T02:59:05Z,76.0,Charge 4
2022-02-16T02:59:10Z,75.0,Charge 4
2022-02-16T02:59:20Z,76.0,Charge 4
2022-02-16T02:59:25Z,77.0,Charge 4
2022-02-16T02:59:30Z,78.0,Charge 4
2022-02-16T02:59:45Z,77.0,Charge 4
2022-02-16T02:59:50Z,77.0,Charge 4
2022-02-16T02:59:55Z,79.0,Charge 4
2022-02-16T03:00:00Z,78.0,Charge 4
2022-02-16T03:00:05Z,75.0,Charge 4
2022-02-16T03:00:10Z,73.0,Charge 4
2022-02-16T03:00:15Z,74.0,Charge 4
2022-02-16T03:00:20Z,75.0,Charge 4
2022-02-16T03:00:35Z,76.0,Charge 4
2022-02-16T03:00:40Z,75.0,Charge 4
2022-02-16T03:00:45Z,73.0,Charge 4
2022-02-16T03:00:50Z,71.0,Charge 4
2022-02-16T03:01:05Z,72.0,Charge 4
2022-02-16T03:01:10Z,73.0,Charge 4
2022-02-16T03:01:25Z,74.0,Charge 4
2022-02-16T03:01:30Z,75.0,Charge 4
2022-02-16T03:01:35Z,76.0,Charge 4
2022-02-16T03:01:40Z,77.0,Charge 4
2022-02-16T03:01:45Z,80.0,Charge 4
2022-02-16T03:02:00Z,80.0,Charge 4
2022-02-16T03:02:10Z,79.0,Charge 4
2022-02-16T03:02:15Z,78.0,Charge 4
2022-02-16T03:02:20Z,77.0,Charge 4
2022-02-16T03:02:35Z,78.0,Charge 4
2022-02-16T03:02:50Z,79.0,Charge 4
2022-02-16T03:03:00Z,78.0,Charge 4
2022-02-16T03:03:15Z,79.0,Charge 4
2022-02-16T03:03:20Z,80.0,Charge 4
2022-02-16T03:03:30Z,81.0,Charge 4
2022-02-16T03:03:35Z,82.0,Charge 4
2022-02-16T03:03:40Z,82.0,Charge 4
2022-02-16T03:03:45Z,83.0,Charge 4
2022-02-16T03:04:00Z,80.0,Charge 4
2022-02-16T03:04:05Z,76.0,Charge 4
2022-02-16T03:04:10Z,75.0,Charge 4
2022-02-16T03:04:25Z,75.0,Charge 4
2022-02-16T03:04:35Z,77.0,Charge 4
2022-02-16T03:04:40Z,78.0,Charge 4
2022-02-16T03:04:45Z,80.0,Charge 4
2022-02-16T03:04:50Z,81.0,Charge 4
2022-02-16T03:04:56Z,81.0,Charge 4
2022-02-16T03:05:06Z,80.0,Charge 4
2022-02-16T03:05:11Z,78.0,Charge 4
2022-02-16T03:05:16Z,77.0,Charge 4
2022-02-16T03:05:31Z,76.0,Charge 4
2022-02-16T03:05:41Z,78.0,Charge 4
2022-02-16T03:05:51Z,77.0,Charge 4
2022-02-16T03:05:56Z,75.0,Charge 4
2022-02-16T03:06:11Z,73.0,Charge 4
2022-02-16T03:06:21Z,75.0,Charge 4
2022-02-16T03:06:26Z,76.0,Charge 4
2022-02-16T03:06:31Z,74.0,Charge 4
2022-02-16T03:06:36Z,72.0,Charge 4
2022-02-16T03:06:41Z,74.0,Charge 4
2022-02-16T03:06:46Z,75.0,Charge 4
2022-02-16T03:06:51Z,74.0,Charge 4
2022-02-16T03:07:01Z,75.0,Charge 4
2022-02-16T03:07:06Z,76.0,Charge 4
2022-02-16T03:07:11Z,75.0,Charge 4
2022-02-16T03:07:21Z,74.0,Charge 4
2022-02-16T03:07:31Z,75.0,Charge 4
2022-02-16T03:07:36Z,74.0,Charge 4
2022-02-16T03:07:46Z,75.0,Charge 4
2022-02-16T03:07:51Z,77.0,Charge 4
2022-02-16T03:07:56Z,76.0,Charge 4
2022-02-16T03:08:01Z,75.0,Charge 4
2022-02-16T03:08:16Z,74.0,Charge 4
2022-02-16T03:08:21Z,73.0,Charge 4
2022-02-16T03:08:36Z,73.0,Charge 4
2022-02-16T03:08:41Z,76.0,Charge 4
2022-02-16T03:08:51Z,73.0,Charge 4
2022-02-16T03:08:56Z,72.0,Charge 4
2022-02-16T03:09:01Z,71.0,Charge 4
2022-02-16T03:09:16Z,71.0,Charge 4
2022-02-16T03:09:21Z,72.0,Charge 4
2022-02-16T03:09:31Z,72.0,Charge 4
2022-02-16T03:09:36Z,74.0,Charge 4
2022-02-16T03:09:41Z,76.0,Charge 4
2022-02-16T03:09:46Z,74.0,Charge 4
2022-02-16T03:09:51Z,73.0,Charge 4
2022-02-16T03:10:01Z,74.0,Charge 4
2022-02-16T03:10:06Z,75.0,Charge 4
2022-02-16T03:10:21Z,74.0,Charge 4
2022-02-16T03:10:36Z,74.0,Charge 4
2022-02-16T03:10:51Z,74.0,Charge 4
2022-02-16T03:11:06Z,76.0,Charge 4
2022-02-16T03:11:11Z,80.0,Charge 4
2022-02-16T03:11:16Z,81.0,Charge 4
2022-02-16T03:11:21Z,82.0,Charge 4
2022-02-16T03:11:26Z,81.0,Charge 4
2022-02-16T03:11:31Z,79.0,Charge 4
2022-02-16T03:11:36Z,78.0,Charge 4
2022-02-16T03:11:46Z,77.0,Charge 4
2022-02-16T03:11:51Z,78.0,Charge 4
2022-02-16T03:11:59Z,77.0,Charge 4
2022-02-16T03:12:04Z,76.0,Charge 4
2022-02-16T03:12:09Z,77.0,Charge 4
2022-02-16T03:12:14Z,79.0,Charge 4
2022-02-16T03:12:24Z,77.0,Charge 4
2022-02-16T03:12:29Z,76.0,Charge 4
2022-02-16T03:12:34Z,74.0,Charge 4
2022-02-16T03:12:49Z,73.0,Charge 4
2022-02-16T03:12:54Z,74.0,Charge 4
2022-02-16T03:13:09Z,75.0,Charge 4
2022-02-16T03:13:14Z,76.0,Charge 4
2022-02-16T03:13:19Z,74.0,Charge 4
2022-02-16T03:13:34Z,75.0,Charge 4
2022-02-16T03:13:39Z,77.0,Charge 4
2022-02-16T03:13:49Z,76.0,Charge 4
2022-02-16T03:13:54Z,75.0,Charge 4
2022-02-16T03:13:59Z,74.0,Charge 4
2022-02-16T03:14:09Z,76.0,Charge 4
2022-02-16T03:14:14Z,79.0,Charge 4
2022-02-16T03:14:19Z,81.0,Charge 4
2022-02-16T03:14:34Z,88.0,Charge 4
2022-02-16T03:14:39Z,95.0,Charge 4
2022-02-16T03:14:44Z,93.0,Charge 4
2022-02-16T03:14:49Z,87.0,Charge 4
2022-02-16T03:14:54Z,85.0,Charge 4
2022-02-16T03:14:59Z,84.0,Charge 4
2022-02-16T03:15:04Z,81.0,Charge 4
2022-02-16T03:15:10Z,78.0,Charge 4
2022-02-16T03:15:15Z,76.0,Charge 4
2022-02-16T03:15:20Z,75.0,Charge 4
2022-02-16T03:15:25Z,74.0,Charge 4
2022-02-16T03:15:40Z,74.0,Charge 4
2022-02-16T03:15:45Z,75.0,Charge 4
2022-02-16T03:15:50Z,74.0,Charge 4
2022-02-16T03:16:05Z,74.0,Charge 4
2022-02-16T03:16:10Z,76.0,Charge 4
2022-02-16T03:16:15Z,77.0,Charge 4
2022-02-16T03:16:20Z,76.0,Charge 4
2022-02-16T03:16:25Z,75.0,Charge 4
2022-02-16T03:16:30Z,76.0,Charge 4
2022-02-16T03:16:35Z,77.0,Charge 4
2022-02-16T03:16:40Z,78.0,Charge 4
2022-02-16T03:16:50Z,80.0,Charge 4
2022-02-16T03:16:55Z,79.0,Charge 4
2022-02-16T03:17:00Z,78.0,Charge 4
2022-02-16T03:17:05Z,77.0,Charge 4
2022-02-16T03:17:10Z,74.0,Charge 4
2022-02-16T03:17:15Z,73.0,Charge 4
2022-02-16T03:17:25Z,74.0,Charge 4
2022-02-16T03:17:30Z,75.0,Charge 4
2022-02-16T03:17:35Z,74.0,Charge 4
2022-02-16T03:17:45Z,73.0,Charge 4
2022-02-16T03:18:00Z,72.0,Charge 4
2022-02-16T03:18:10Z,73.0,Charge 4
2022-02-16T03:18:15Z,75.0,Charge 4
2022-02-16T03:18:25Z,76.0,Charge 4
2022-02-16T03:18:30Z,74.0,Charge 4
2022-02-16T03:18:35Z,73.0,Charge 4
2022-02-16T03:18:45Z,74.0,Charge 4
2022-02-16T03:18:50Z,75.0,Charge 4
2022-02-16T03:18:55Z,73.0,Charge 4
2022-02-16T03:19:10Z,74.0,Charge 4
2022-02-16T03:19:15Z,75.0,Charge 4
2022-02-16T03:19:20Z,74.0,Charge 4
2022-02-16T03:19:25Z,75.0,Charge 4
2022-02-16T03:19:30Z,74.0,Charge 4
2022-02-16T03:19:35Z,73.0,Charge 4
2022-02-16T03:19:40Z,74.0,Charge 4
2022-02-16T03:19:45Z,76.0,Charge 4
2022-02-16T03:19:50Z,78.0,Charge 4
2022-02-16T03:19:55Z,77.0,Charge 4
2022-02-16T03:20:00Z,76.0,Charge 4
2022-02-16T03:20:10Z,75.0,Charge 4
2022-02-16T03:20:15Z,74.0,Charge 4
2022-02-16T03:20:25Z,73.0,Charge 4
2022-02-16T03:20:40Z,73.0,Charge 4
2022-02-16T03:20:55Z,75.0,Charge 4
2022-02-16T03:21:10Z,76.0,Charge 4
2022-02-16T03:21:15Z,78.0,Charge 4
2022-02-16T03:21:20Z,79.0,Charge 4
2022-02-16T03:21:25Z,78.0,Charge 4
2022-02-16T03:21:30Z,78.0,Charge 4
2022-02-16T03:21:45Z,78.0,Charge 4
2022-02-16T03:21:50Z,76.0,Charge 4
2022-02-16T03:22:00Z,75.0,Charge 4
2022-02-16T03:22:05Z,74.0,Charge 4
2022-02-16T03:22:10Z,73.0,Charge 4
2022-02-16T03:22:25Z,73.0,Charge 4
2022-02-16T03:22:30Z,74.0,Charge 4
2022-02-16T03:22:35Z,75.0,Charge 4
2022-02-16T03:22:45Z,74.0,Charge 4
2022-02-16T03:22:50Z,73.0,Charge 4
2022-02-16T03:23:00Z,74.0,Charge 4
2022-02-16T03:23:05Z,76.0,Charge 4
2022-02-16T03:23:10Z,75.0,Charge 4
2022-02-16T03:23:15Z,76.0,Charge 4
2022-02-16T03:23:20Z,77.0,Charge 4
2022-02-16T03:23:30Z,76.0,Charge 4
2022-02-16T03:23:45Z,76.0,Charge 4
2022-02-16T03:23:55Z,77.0,Charge 4
2022-02-16T03:24:10Z,77.0,Charge 4
2022-02-16T03:24:15Z,75.0,Charge 4
2022-02-16T03:24:30Z,75.0,Charge 4
2022-02-16T03:24:35Z,76.0,Charge 4
2022-02-16T03:24:40Z,79.0,Charge 4
2022-02-16T03:24:46Z,79.0,Charge 4
2022-02-16T03:25:01Z,79.0,Charge 4
2022-02-16T03:25:11Z,78.0,Charge 4
2022-02-16T03:25:16Z,77.0,Charge 4
2022-02-16T03:25:21Z,75.0,Charge 4
2022-02-16T03:25:36Z,76.0,Charge 4
2022-02-16T03:25:46Z,75.0,Charge 4
2022-02-16T03:25:56Z,74.0,Charge 4
2022-02-16T03:26:06Z,75.0,Charge 4
2022-02-16T03:26:11Z,74.0,Charge 4
2022-02-16T03:26:16Z,73.0,Charge 4
2022-02-16T03:26:26Z,75.0,Charge 4
2022-02-16T03:26:31Z,76.0,Charge 4
2022-02-16T03:26:41Z,78.0,Charge 4
2022-02-16T03:26:46Z,79.0,Charge 4
2022-02-16T03:26:51Z,78.0,Charge 4
2022-02-16T03:27:01Z,77.0,Charge 4
2022-02-16T03:27:11Z,78.0,Charge 4
2022-02-16T03:27:21Z,79.0,Charge 4
2022-02-16T03:27:31Z,78.0,Charge 4
2022-02-16T03:27:46Z,78.0,Charge 4
2022-02-16T03:28:01Z,79.0,Charge 4
2022-02-16T03:28:06Z,77.0,Charge 4
2022-02-16T03:28:16Z,76.0,Charge 4
2022-02-16T03:28:31Z,76.0,Charge 4
2022-02-16T03:28:32Z,77.0,Charge 4
2022-02-16T03:28:42Z,76.0,Charge 4
2022-02-16T03:28:47Z,75.0,Charge 4
2022-02-16T03:28:57Z,76.0,Charge 4
2022-02-16T03:29:07Z,78.0,Charge 4
2022-02-16T03:29:12Z,79.0,Charge 4
2022-02-16T03:29:17Z,78.0,Charge 4
2022-02-16T03:29:22Z,77.0,Charge 4
2022-02-16T03:29:27Z,76.0,Charge 4
2022-02-16T03:29:42Z,77.0,Charge 4
2022-02-16T03:29:47Z,78.0,Charge 4
2022-02-16T03:30:02Z,78.0,Charge 4
2022-02-16T03:30:12Z,77.0,Charge 4
2022-02-16T03:30:22Z,78.0,Charge 4
2022-02-16T03:30:27Z,79.0,Charge 4
2022-02-16T03:30:37Z,80.0,Charge 4
2022-02-16T03:30:47Z,79.0,Charge 4
2022-02-16T03:30:52Z,78.0,Charge 4
2022-02-16T03:30:57Z,76.0,Charge 4
2022-02-16T03:31:02Z,75.0,Charge 4
2022-02-16T03:31:12Z,76.0,Charge 4
2022-02-16T03:31:17Z,77.0,Charge 4
2022-02-16T03:31:27Z,76.0,Charge 4
2022-02-16T03:31:32Z,77.0,Charge 4
2022-02-16T03:31:37Z,78.0,Charge 4
2022-02-16T03:31:52Z,77.0,Charge 4
2022-02-16T03:31:57Z,75.0,Charge 4
2022-02-16T03:32:03Z,75.0,Charge 4
2022-02-16T03:32:08Z,74.0,Charge 4
2022-02-16T03:32:23Z,74.0,Charge 4
2022-02-16T03:32:28Z,75.0,Charge 4
2022-02-16T03:32:38Z,76.0,Charge 4
2022-02-16T03:32:43Z,77.0,Charge 4
2022-02-16T03:32:58Z,78.0,Charge 4
2022-02-16T03:33:13Z,78.0,Charge 4
2022-02-16T03:33:28Z,78.0,Charge 4
2022-02-16T03:33:38Z,77.0,Charge 4
2022-02-16T03:33:43Z,78.0,Charge 4
2022-02-16T03:33:53Z,79.0,Charge 4
2022-02-16T03:34:03Z,80.0,Charge 4
2022-02-16T03:34:18Z,79.0,Charge 4
2022-02-16T03:34:23Z,78.0,Charge 4
2022-02-16T03:34:28Z,77.0,Charge 4
2022-02-16T03:34:33Z,76.0,Charge 4
2022-02-16T03:34:43Z,78.0,Charge 4
2022-02-16T03:34:48Z,79.0,Charge 4
2022-02-16T03:35:03Z,79.0,Charge 4
2022-02-16T03:35:08Z,78.0,Charge 4
2022-02-16T03:35:13Z,77.0,Charge 4
2022-02-16T03:35:18Z,76.0,Charge 4
2022-02-16T03:35:28Z,77.0,Charge 4
2022-02-16T03:35:43Z,78.0,Charge 4
2022-02-16T03:35:48Z,79.0,Charge 4
2022-02-16T03:35:58Z,81.0,Charge 4
2022-02-16T03:36:03Z,81.0,Charge 4
2022-02-16T03:36:08Z,80.0,Charge 4
2022-02-16T03:36:13Z,80.0,Charge 4
2022-02-16T03:36:18Z,79.0,Charge 4
2022-02-16T03:36:23Z,78.0,Charge 4
2022-02-16T03:36:28Z,79.0,Charge 4
2022-02-16T03:36:43Z,78.0,Charge 4
2022-02-16T03:36:48Z,77.0,Charge 4
2022-02-16T03:36:58Z,78.0,Charge 4
2022-02-16T03:37:13Z,78.0,Charge 4
2022-02-16T03:37:28Z,78.0,Charge 4
2022-02-16T03:37:33Z,80.0,Charge 4
2022-02-16T03:37:43Z,78.0,Charge 4
2022-02-16T03:37:53Z,77.0,Charge 4
2022-02-16T03:37:58Z,76.0,Charge 4
2022-02-16T03:38:08Z,75.0,Charge 4
2022-02-16T03:38:23Z,77.0,Charge 4
2022-02-16T03:38:38Z,77.0,Charge 4
2022-02-16T03:38:43Z,78.0,Charge 4
2022-02-16T03:38:48Z,77.0,Charge 4
2022-02-16T03:38:58Z,77.0,Charge 4
2022-02-16T03:39:03Z,78.0,Charge 4
2022-02-16T03:39:08Z,76.0,Charge 4
2022-02-16T03:39:13Z,75.0,Charge 4
2022-02-16T03:39:28Z,75.0,Charge 4
2022-02-16T03:39:38Z,77.0,Charge 4
2022-02-16T03:39:44Z,78.0,Charge 4
2022-02-16T03:39:54Z,76.0,Charge 4
2022-02-16T03:39:59Z,73.0,Charge 4
2022-02-16T03:40:04Z,74.0,Charge 4
2022-02-16T03:40:09Z,75.0,Charge 4
2022-02-16T03:40:14Z,76.0,Charge 4
2022-02-16T03:40:19Z,77.0,Charge 4
2022-02-16T03:40:24Z,78.0,Charge 4
2022-02-16T03:40:34Z,77.0,Charge 4
2022-02-16T03:40:39Z,74.0,Charge 4
2022-02-16T03:40:44Z,73.0,Charge 4
2022-02-16T03:40:49Z,74.0,Charge 4
2022-02-16T03:40:54Z,75.0,Charge 4
2022-02-16T03:40:59Z,76.0,Charge 4
2022-02-16T03:41:04Z,77.0,Charge 4
2022-02-16T03:41:14Z,77.0,Charge 4
2022-02-16T03:41:24Z,78.0,Charge 4
2022-02-16T03:41:34Z,78.0,Charge 4
2022-02-16T03:41:49Z,78.0,Charge 4
2022-02-16T03:42:04Z,78.0,Charge 4
2022-02-16T03:42:46Z,76.0,Charge 4
2022-02-16T03:42:56Z,77.0,Charge 4
2022-02-16T03:43:01Z,78.0,Charge 4
2022-02-16T03:43:11Z,79.0,Charge 4
2022-02-16T03:43:16Z,77.0,Charge 4
2022-02-16T03:43:21Z,76.0,Charge 4
2022-02-16T03:43:26Z,75.0,Charge 4
2022-02-16T03:43:41Z,75.0,Charge 4
2022-02-16T03:43:46Z,77.0,Charge 4
2022-02-16T03:43:51Z,75.0,Charge 4
2022-02-16T03:44:01Z,76.0,Charge 4
2022-02-16T03:44:06Z,77.0,Charge 4
2022-02-16T03:44:11Z,78.0,Charge 4
2022-02-16T03:44:16Z,77.0,Charge 4
2022-02-16T03:44:21Z,78.0,Charge 4
2022-02-16T03:44:31Z,78.0,Charge 4
2022-02-16T03:44:36Z,77.0,Charge 4
2022-02-16T03:44:41Z,73.0,Charge 4
2022-02-16T03:44:46Z,71.0,Charge 4
2022-02-16T03:44:56Z,72.0,Charge 4
2022-02-16T03:45:01Z,73.0,Charge 4
2022-02-16T03:45:06Z,74.0,Charge 4
2022-02-16T03:45:11Z,75.0,Charge 4
2022-02-16T03:45:16Z,76.0,Charge 4
2022-02-16T03:45:21Z,77.0,Charge 4
2022-02-16T03:45:26Z,78.0,Charge 4
2022-02-16T03:45:31Z,77.0,Charge 4
2022-02-16T03:45:36Z,77.0,Charge 4
2022-02-16T03:45:46Z,79.0,Charge 4
2022-02-16T03:45:51Z,80.0,Charge 4
2022-02-16T03:45:56Z,79.0,Charge 4
2022-02-16T03:46:01Z,80.0,Charge 4
2022-02-16T03:46:06Z,78.0,Charge 4
2022-02-16T03:46:11Z,76.0,Charge 4
2022-02-16T03:46:16Z,75.0,Charge 4
2022-02-16T03:46:31Z,75.0,Charge 4
2022-02-16T03:46:41Z,76.0,Charge 4
2022-02-16T03:46:46Z,75.0,Charge 4
2022-02-16T03:46:51Z,74.0,Charge 4
2022-02-16T03:47:06Z,76.0,Charge 4
2022-02-16T03:47:21Z,77.0,Charge 4
2022-02-16T03:47:26Z,78.0,Charge 4
2022-02-16T03:47:36Z,77.0,Charge 4
2022-02-16T03:47:41Z,76.0,Charge 4
2022-02-16T03:47:46Z,77.0,Charge 4
2022-02-16T03:47:51Z,78.0,Charge 4
2022-02-16T03:47:56Z,79.0,Charge 4
2022-02-16T03:48:01Z,77.0,Charge 4
2022-02-16T03:48:06Z,76.0,Charge 4
2022-02-16T03:48:11Z,75.0,Charge 4
2022-02-16T03:48:16Z,74.0,Charge 4
2022-02-16T03:48:21Z,75.0,Charge 4
2022-02-16T03:48:26Z,74.0,Charge 4
2022-02-16T03:48:41Z,76.0,Charge 4
2022-02-16T03:48:47Z,77.0,Charge 4
2022-02-16T03:49:02Z,79.0,Charge 4
2022-02-16T03:49:07Z,77.0,Charge 4
2022-02-16T03:49:12Z,76.0,Charge 4
2022-02-16T03:49:17Z,76.0,Charge 4
2022-02-16T03:49:22Z,77.0,Charge 4
2022-02-16T03:49:32Z,77.0,Charge 4
2022-02-16T03:49:37Z,76.0,Charge 4
2022-02-16T03:49:42Z,75.0,Charge 4
2022-02-16T03:49:52Z,75.0,Charge 4
2022-02-16T03:49:57Z,75.0,Charge 4
2022-02-16T03:50:02Z,75.0,Charge 4
2022-02-16T03:50:12Z,76.0,Charge 4
2022-02-16T03:50:22Z,75.0,Charge 4
2022-02-16T03:50:32Z,76.0,Charge 4
2022-02-16T03:50:42Z,77.0,Charge 4
2022-02-16T03:50:47Z,77.0,Charge 4
2022-02-16T03:50:52Z,76.0,Charge 4
2022-02-16T03:50:57Z,76.0,Charge 4
2022-02-16T03:51:07Z,76.0,Charge 4
2022-02-16T03:51:12Z,75.0,Charge 4
2022-02-16T03:51:22Z,75.0,Charge 4
2022-02-16T03:51:27Z,76.0,Charge 4
2022-02-16T03:51:42Z,76.0,Charge 4
2022-02-16T03:51:47Z,75.0,Charge 4
2022-02-16T03:52:02Z,77.0,Charge 4
2022-02-16T03:52:07Z,77.0,Charge 4
2022-02-16T03:52:12Z,76.0,Charge 4
2022-02-16T03:52:17Z,75.0,Charge 4
2022-02-16T03:52:27Z,77.0,Charge 4
2022-02-16T03:52:32Z,77.0,Charge 4
2022-02-16T03:52:42Z,78.0,Charge 4
2022-02-16T03:52:52Z,77.0,Charge 4
2022-02-16T03:52:57Z,76.0,Charge 4
2022-02-16T03:53:07Z,75.0,Charge 4
2022-02-16T03:53:22Z,75.0,Charge 4
2022-02-16T03:53:27Z,76.0,Charge 4
2022-02-16T03:53:37Z,75.0,Charge 4
2022-02-16T03:53:42Z,74.0,Charge 4
2022-02-16T03:53:52Z,76.0,Charge 4
2022-02-16T03:53:57Z,77.0,Charge 4
2022-02-16T03:54:07Z,76.0,Charge 4
2022-02-16T03:54:22Z,75.0,Charge 4
2022-02-16T03:54:27Z,75.0,Charge 4
2022-02-16T03:54:37Z,76.0,Charge 4
2022-02-16T03:54:52Z,75.0,Charge 4
2022-02-16T03:54:57Z,75.0,Charge 4
2022-02-16T03:55:02Z,75.0,Charge 4
2022-02-16T03:55:17Z,76.0,Charge 4
2022-02-16T03:55:22Z,77.0,Charge 4
2022-02-16T03:55:27Z,77.0,Charge 4
2022-02-16T03:55:32Z,76.0,Charge 4
2022-02-16T03:55:42Z,75.0,Charge 4
2022-02-16T03:55:48Z,75.0,Charge 4
2022-02-16T03:55:53Z,75.0,Charge 4
2022-02-16T03:55:58Z,76.0,Charge 4
2022-02-16T03:56:13Z,77.0,Charge 4
2022-02-16T03:56:18Z,76.0,Charge 4
2022-02-16T03:56:33Z,78.0,Charge 4
2022-02-16T03:56:48Z,77.0,Charge 4
2022-02-16T03:56:53Z,76.0,Charge 4
2022-02-16T03:56:58Z,77.0,Charge 4
2022-02-16T03:57:03Z,78.0,Charge 4
2022-02-16T03:57:08Z,79.0,Charge 4
2022-02-16T03:57:13Z,79.0,Charge 4
2022-02-16T03:57:18Z,78.0,Charge 4
2022-02-16T03:57:23Z,77.0,Charge 4
2022-02-16T03:57:28Z,77.0,Charge 4
2022-02-16T03:57:33Z,76.0,Charge 4
2022-02-16T03:57:38Z,76.0,Charge 4
2022-02-16T03:57:43Z,77.0,Charge 4
2022-02-16T03:57:48Z,78.0,Charge 4
2022-02-16T03:57:58Z,77.0,Charge 4
2022-02-16T03:58:03Z,77.0,Charge 4
2022-02-16T03:58:08Z,77.0,Charge 4
2022-02-16T03:58:13Z,76.0,Charge 4
2022-02-16T03:58:18Z,76.0,Charge 4
2022-02-16T03:58:28Z,75.0,Charge 4
2022-02-16T03:58:33Z,74.0,Charge 4
2022-02-16T03:58:43Z,75.0,Charge 4
2022-02-16T03:58:49Z,76.0,Charge 4
2022-02-16T03:58:59Z,77.0,Charge 4
2022-02-16T03:59:14Z,76.0,Charge 4
2022-02-16T03:59:29Z,76.0,Charge 4
2022-02-16T03:59:44Z,77.0,Charge 4
2022-02-16T03:59:54Z,78.0,Charge 4
2022-02-16T04:00:04Z,77.0,Charge 4
2022-02-16T04:00:09Z,76.0,Charge 4
2022-02-16T04:00:14Z,76.0,Charge 4
2022-02-16T04:00:19Z,77.0,Charge 4
2022-02-16T04:00:24Z,75.0,Charge 4
2022-02-16T04:00:29Z,73.0,Charge 4
2022-02-16T04:00:34Z,74.0,Charge 4
2022-02-16T04:00:49Z,74.0,Charge 4
2022-02-16T04:00:59Z,75.0,Charge 4
2022-02-16T04:01:04Z,76.0,Charge 4
2022-02-16T04:01:19Z,76.0,Charge 4
2022-02-16T04:01:24Z,76.0,Charge 4
2022-02-16T04:01:29Z,76.0,Charge 4
2022-02-16T04:01:39Z,77.0,Charge 4
2022-02-16T04:01:44Z,77.0,Charge 4
2022-02-16T04:01:49Z,76.0,Charge 4
2022-02-16T04:01:54Z,76.0,Charge 4
2022-02-16T04:02:09Z,76.0,Charge 4
2022-02-16T04:02:14Z,76.0,Charge 4
2022-02-16T04:02:19Z,76.0,Charge 4
2022-02-16T04:02:25Z,78.0,Charge 4
2022-02-16T04:02:30Z,80.0,Charge 4
2022-02-16T04:02:45Z,79.0,Charge 4
2022-02-16T04:02:50Z,78.0,Charge 4
2022-02-16T04:03:00Z,76.0,Charge 4
2022-02-16T04:03:05Z,75.0,Charge 4
2022-02-16T04:03:20Z,75.0,Charge 4
2022-02-16T04:03:25Z,77.0,Charge 4
2022-02-16T04:03:30Z,78.0,Charge 4
2022-02-16T04:03:35Z,79.0,Charge 4
2022-02-16T04:03:40Z,80.0,Charge 4
2022-02-16T04:03:45Z,78.0,Charge 4
2022-02-16T04:03:50Z,75.0,Charge 4
2022-02-16T04:03:55Z,74.0,Charge 4
2022-02-16T04:04:05Z,75.0,Charge 4
2022-02-16T04:04:10Z,76.0,Charge 4
2022-02-16T04:04:20Z,78.0,Charge 4
2022-02-16T04:04:25Z,79.0,Charge 4
2022-02-16T04:04:35Z,77.0,Charge 4
2022-02-16T04:04:40Z,76.0,Charge 4
2022-02-16T04:04:45Z,77.0,Charge 4
2022-02-16T04:04:55Z,78.0,Charge 4
2022-02-16T04:05:00Z,79.0,Charge 4
2022-02-16T04:05:05Z,78.0,Charge 4
2022-02-16T04:05:20Z,78.0,Charge 4
2022-02-16T04:05:25Z,77.0,Charge 4
2022-02-16T04:05:35Z,78.0,Charge 4
2022-02-16T04:05:40Z,77.0,Charge 4
2022-02-16T04:05:45Z,75.0,Charge 4
2022-02-16T04:05:50Z,76.0,Charge 4
2022-02-16T04:06:00Z,75.0,Charge 4
2022-02-16T04:06:05Z,76.0,Charge 4
2022-02-16T04:06:10Z,77.0,Charge 4
2022-02-16T04:06:20Z,78.0,Charge 4
2022-02-16T04:06:25Z,79.0,Charge 4
2022-02-16T04:06:30Z,77.0,Charge 4
2022-02-16T04:06:45Z,77.0,Charge 4
2022-02-16T04:06:50Z,78.0,Charge 4
2022-02-16T04:07:00Z,80.0,Charge 4
2022-02-16T04:07:05Z,81.0,Charge 4
2022-02-16T04:07:10Z,82.0,Charge 4
2022-02-16T04:07:15Z,81.0,Charge 4
2022-02-16T04:07:20Z,79.0,Charge 4
2022-02-16T04:07:35Z,79.0,Charge 4
2022-02-16T04:07:40Z,80.0,Charge 4
2022-02-16T04:07:45Z,79.0,Charge 4
2022-02-16T04:07:55Z,80.0,Charge 4
2022-02-16T04:08:05Z,78.0,Charge 4
2022-02-16T04:08:20Z,78.0,Charge 4
2022-02-16T04:08:30Z,77.0,Charge 4
2022-02-16T04:08:45Z,77.0,Charge 4
2022-02-16T04:08:50Z,78.0,Charge 4
2022-02-16T04:08:55Z,82.0,Charge 4
2022-02-16T04:09:01Z,83.0,Charge 4
2022-02-16T04:09:06Z,84.0,Charge 4
2022-02-16T04:09:21Z,88.0,Charge 4
2022-02-16T04:09:26Z,83.0,Charge 4
2022-02-16T04:09:31Z,78.0,Charge 4
2022-02-16T04:09:36Z,76.0,Charge 4
2022-02-16T04:09:41Z,76.0,Charge 4
2022-02-16T04:09:56Z,75.0,Charge 4
2022-02-16T04:10:01Z,74.0,Charge 4
2022-02-16T04:10:16Z,74.0,Charge 4
2022-02-16T04:10:26Z,75.0,Charge 4
2022-02-16T04:10:31Z,76.0,Charge 4
2022-02-16T04:10:36Z,77.0,Charge 4
2022-02-16T04:10:41Z,76.0,Charge 4
2022-02-16T04:10:51Z,77.0,Charge 4
2022-02-16T04:10:56Z,76.0,Charge 4
2022-02-16T04:11:01Z,77.0,Charge 4
2022-02-16T04:11:06Z,78.0,Charge 4
2022-02-16T04:11:11Z,79.0,Charge 4
2022-02-16T04:11:16Z,78.0,Charge 4
2022-02-16T04:11:21Z,77.0,Charge 4
2022-02-16T04:11:36Z,76.0,Charge 4
2022-02-16T04:11:41Z,77.0,Charge 4
2022-02-16T04:11:56Z,78.0,Charge 4
2022-02-16T04:12:06Z,77.0,Charge 4
2022-02-16T04:12:16Z,78.0,Charge 4
2022-02-16T04:12:21Z,79.0,Charge 4
2022-02-16T04:12:27Z,80.0,Charge 4
2022-02-16T04:12:32Z,81.0,Charge 4
2022-02-16T04:12:37Z,82.0,Charge 4
2022-02-16T04:12:42Z,81.0,Charge 4
2022-02-16T04:12:47Z,80.0,Charge 4
2022-02-16T04:13:02Z,80.0,Charge 4
2022-02-16T04:13:12Z,79.0,Charge 4
2022-02-16T04:13:22Z,78.0,Charge 4
2022-02-16T04:13:27Z,77.0,Charge 4
2022-02-16T04:13:32Z,78.0,Charge 4
2022-02-16T04:13:47Z,77.0,Charge 4
2022-02-16T04:13:57Z,78.0,Charge 4
2022-02-16T04:14:07Z,76.0,Charge 4
2022-02-16T04:14:12Z,73.0,Charge 4
2022-02-16T04:14:22Z,75.0,Charge 4
2022-02-16T04:14:27Z,76.0,Charge 4
2022-02-16T04:14:37Z,77.0,Charge 4
2022-02-16T04:14:47Z,78.0,Charge 4
2022-02-16T04:14:57Z,79.0,Charge 4
2022-02-16T04:15:02Z,80.0,Charge 4
2022-02-16T04:15:07Z,81.0,Charge 4
2022-02-16T04:15:12Z,79.0,Charge 4
2022-02-16T04:15:27Z,78.0,Charge 4
2022-02-16T04:15:37Z,79.0,Charge 4
2022-02-16T04:15:42Z,78.0,Charge 4
2022-02-16T04:15:47Z,77.0,Charge 4
2022-02-16T04:16:02Z,76.0,Charge 4
2022-02-16T04:16:08Z,75.0,Charge 4
2022-02-16T04:16:13Z,76.0,Charge 4
2022-02-16T04:16:23Z,77.0,Charge 4
2022-02-16T04:16:38Z,78.0,Charge 4
2022-02-16T04:16:43Z,77.0,Charge 4
2022-02-16T04:16:48Z,76.0,Charge 4
2022-02-16T04:16:58Z,78.0,Charge 4
2022-02-16T04:17:13Z,79.0,Charge 4
2022-02-16T04:17:18Z,86.0,Charge 4
2022-02-16T04:17:23Z,88.0,Charge 4
2022-02-16T04:17:28Z,87.0,Charge 4
2022-02-16T04:17:33Z,81.0,Charge 4
2022-02-16T04:17:38Z,76.0,Charge 4
2022-02-16T04:17:43Z,74.0,Charge 4
2022-02-16T04:17:48Z,73.0,Charge 4
2022-02-16T04:17:53Z,74.0,Charge 4
2022-02-16T04:17:58Z,75.0,Charge 4
2022-02-16T04:18:13Z,76.0,Charge 4
2022-02-16T04:18:28Z,77.0,Charge 4
2022-02-16T04:18:43Z,76.0,Charge 4
2022-02-16T04:18:48Z,75.0,Charge 4
2022-02-16T04:18:53Z,76.0,Charge 4
2022-02-16T04:18:58Z,77.0,Charge 4
2022-02-16T04:19:03Z,74.0,Charge 4
2022-02-16T04:19:08Z,75.0,Charge 4
2022-02-16T04:19:13Z,77.0,Charge 4
2022-02-16T04:19:28Z,78.0,Charge 4
2022-02-16T04:19:33Z,76.0,Charge 4
2022-02-16T04:19:38Z,76.0,Charge 4
2022-02-16T04:19:43Z,77.0,Charge 4
2022-02-16T04:19:58Z,78.0,Charge 4
2022-02-16T04:20:03Z,77.0,Charge 4
2022-02-16T04:20:08Z,75.0,Charge 4
2022-02-16T04:20:23Z,76.0,Charge 4
2022-02-16T04:20:38Z,76.0,Charge 4
2022-02-16T04:20:43Z,76.0,Charge 4
2022-02-16T04:20:48Z,75.0,Charge 4
2022-02-16T04:20:53Z,73.0,Charge 4
2022-02-16T04:20:58Z,73.0,Charge 4
2022-02-16T04:21:08Z,74.0,Charge 4
2022-02-16T04:21:13Z,75.0,Charge 4
2022-02-16T04:21:23Z,76.0,Charge 4
2022-02-16T04:21:33Z,76.0,Charge 4
2022-02-16T04:21:38Z,76.0,Charge 4
2022-02-16T04:21:43Z,76.0,Charge 4
2022-02-16T04:21:48Z,76.0,Charge 4
2022-02-16T04:22:03Z,75.0,Charge 4
2022-02-16T04:22:08Z,76.0,Charge 4
2022-02-16T04:22:13Z,78.0,Charge 4
2022-02-16T04:22:23Z,78.0,Charge 4
2022-02-16T04:22:28Z,77.0,Charge 4
2022-02-16T04:22:33Z,78.0,Charge 4
2022-02-16T04:22:48Z,78.0,Charge 4
2022-02-16T04:22:53Z,76.0,Charge 4
2022-02-16T04:22:58Z,75.0,Charge 4
2022-02-16T04:23:03Z,75.0,Charge 4
2022-02-16T04:23:13Z,74.0,Charge 4
2022-02-16T04:23:23Z,74.0,Charge 4
2022-02-16T04:23:28Z,75.0,Charge 4
2022-02-16T04:23:38Z,76.0,Charge 4
2022-02-16T04:23:43Z,75.0,Charge 4
2022-02-16T04:23:58Z,75.0,Charge 4
2022-02-16T04:24:13Z,75.0,Charge 4
2022-02-16T04:24:28Z,76.0,Charge 4
2022-02-16T04:24:33Z,75.0,Charge 4
2022-02-16T04:24:43Z,76.0,Charge 4
2022-02-16T04:24:58Z,76.0,Charge 4
2022-02-16T04:25:08Z,75.0,Charge 4
2022-02-16T04:25:18Z,76.0,Charge 4
2022-02-16T04:25:28Z,77.0,Charge 4
2022-02-16T04:25:38Z,78.0,Charge 4
2022-02-16T04:25:43Z,79.0,Charge 4
2022-02-16T04:25:48Z,77.0,Charge 4
2022-02-16T04:25:53Z,78.0,Charge 4
2022-02-16T04:25:58Z,79.0,Charge 4
2022-02-16T04:26:03Z,78.0,Charge 4
2022-02-16T04:26:08Z,77.0,Charge 4
2022-02-16T04:26:23Z,77.0,Charge 4
2022-02-16T04:26:38Z,76.0,Charge 4
2022-02-16T04:26:39Z,76.0,Charge 4
2022-02-16T04:26:44Z,75.0,Charge 4
2022-02-16T04:26:59Z,75.0,Charge 4
2022-02-16T04:27:04Z,76.0,Charge 4
2022-02-16T04:27:19Z,76.0,Charge 4
2022-02-16T04:27:29Z,77.0,Charge 4
2022-02-16T04:27:39Z,78.0,Charge 4
2022-02-16T04:27:44Z,74.0,Charge 4
2022-02-16T04:27:49Z,70.0,Charge 4
2022-02-16T04:27:54Z,68.0,Charge 4
2022-02-16T04:27:59Z,68.0,Charge 4
2022-02-16T04:28:09Z,69.0,Charge 4
2022-02-16T04:28:14Z,70.0,Charge 4
2022-02-16T04:28:19Z,71.0,Charge 4
2022-02-16T04:28:24Z,72.0,Charge 4
2022-02-16T04:28:39Z,72.0,Charge 4
2022-02-16T04:28:49Z,72.0,Charge 4
2022-02-16T04:28:54Z,73.0,Charge 4
2022-02-16T04:29:04Z,72.0,Charge 4
2022-02-16T04:29:09Z,71.0,Charge 4
2022-02-16T04:29:19Z,72.0,Charge 4
2022-02-16T04:29:24Z,73.0,Charge 4
2022-02-16T04:29:29Z,74.0,Charge 4
2022-02-16T04:29:34Z,75.0,Charge 4
2022-02-16T04:29:39Z,74.0,Charge 4
2022-02-16T04:29:49Z,73.0,Charge 4
2022-02-16T04:29:54Z,74.0,Charge 4
2022-02-16T04:29:59Z,75.0,Charge 4
2022-02-16T04:30:04Z,76.0,Charge 4
2022-02-16T04:30:09Z,77.0,Charge 4
2022-02-16T04:30:14Z,76.0,Charge 4
2022-02-16T04:30:24Z,75.0,Charge 4
2022-02-16T04:30:39Z,75.0,Charge 4
2022-02-16T04:30:44Z,76.0,Charge 4
2022-02-16T04:30:54Z,77.0,Charge 4
2022-02-16T04:31:04Z,75.0,Charge 4
2022-02-16T04:31:09Z,73.0,Charge 4
2022-02-16T04:31:19Z,74.0,Charge 4
2022-02-16T04:31:24Z,73.0,Charge 4
2022-02-16T04:31:29Z,72.0,Charge 4
2022-02-16T04:31:39Z,73.0,Charge 4
2022-02-16T04:31:44Z,74.0,Charge 4
2022-02-16T04:31:54Z,75.0,Charge 4
2022-02-16T04:31:59Z,74.0,Charge 4
2022-02-16T04:32:04Z,75.0,Charge 4
2022-02-16T04:32:09Z,74.0,Charge 4
2022-02-16T04:32:24Z,73.0,Charge 4
2022-02-16T04:32:29Z,72.0,Charge 4
2022-02-16T04:32:44Z,71.0,Charge 4
2022-02-16T04:32:54Z,73.0,Charge 4
2022-02-16T04:32:59Z,75.0,Charge 4
2022-02-16T04:33:04Z,76.0,Charge 4
2022-02-16T04:33:09Z,77.0,Charge 4
2022-02-16T04:33:14Z,78.0,Charge 4
2022-02-16T04:33:19Z,79.0,Charge 4
2022-02-16T04:33:24Z,90.0,Charge 4
2022-02-16T04:33:34Z,82.0,Charge 4
2022-02-16T04:33:39Z,76.0,Charge 4
2022-02-16T04:33:44Z,74.0,Charge 4
2022-02-16T04:33:49Z,73.0,Charge 4
2022-02-16T04:33:59Z,74.0,Charge 4
2022-02-16T04:34:04Z,76.0,Charge 4
2022-02-16T04:34:09Z,79.0,Charge 4
2022-02-16T04:34:14Z,80.0,Charge 4
2022-02-16T04:34:19Z,78.0,Charge 4
2022-02-16T04:34:24Z,76.0,Charge 4
2022-02-16T04:34:29Z,77.0,Charge 4
2022-02-16T04:34:34Z,76.0,Charge 4
2022-02-16T04:34:49Z,76.0,Charge 4
2022-02-16T04:35:04Z,76.0,Charge 4
2022-02-16T04:35:09Z,75.0,Charge 4
2022-02-16T04:35:14Z,74.0,Charge 4
2022-02-16T04:35:29Z,74.0,Charge 4
2022-02-16T04:35:34Z,73.0,Charge 4
2022-02-16T04:35:44Z,74.0,Charge 4
2022-02-16T04:35:54Z,75.0,Charge 4
2022-02-16T04:35:59Z,74.0,Charge 4
2022-02-16T04:36:04Z,76.0,Charge 4
2022-02-16T04:36:14Z,75.0,Charge 4
2022-02-16T04:36:20Z,74.0,Charge 4
2022-02-16T04:36:35Z,74.0,Charge 4
2022-02-16T04:36:45Z,75.0,Charge 4
2022-02-16T04:36:50Z,76.0,Charge 4
2022-02-16T04:36:55Z,77.0,Charge 4
2022-02-16T04:37:05Z,76.0,Charge 4
2022-02-16T04:37:15Z,74.0,Charge 4
2022-02-16T04:37:20Z,73.0,Charge 4
2022-02-16T04:37:30Z,75.0,Charge 4
2022-02-16T04:37:40Z,74.0,Charge 4
2022-02-16T04:37:50Z,75.0,Charge 4
2022-02-16T04:38:05Z,76.0,Charge 4
2022-02-16T04:38:10Z,74.0,Charge 4
2022-02-16T04:38:20Z,75.0,Charge 4
2022-02-16T04:38:25Z,76.0,Charge 4
2022-02-16T04:38:30Z,75.0,Charge 4
2022-02-16T04:38:35Z,74.0,Charge 4
2022-02-16T04:38:40Z,75.0,Charge 4
2022-02-16T04:38:45Z,77.0,Charge 4
2022-02-16T04:38:50Z,76.0,Charge 4
2022-02-16T04:39:05Z,76.0,Charge 4
2022-02-16T04:39:15Z,77.0,Charge 4
2022-02-16T04:39:30Z,76.0,Charge 4
2022-02-16T04:39:45Z,76.0,Charge 4
2022-02-16T04:39:50Z,78.0,Charge 4
2022-02-16T04:39:55Z,79.0,Charge 4
2022-02-16T04:40:05Z,80.0,Charge 4
2022-02-16T04:40:10Z,78.0,Charge 4
2022-02-16T04:40:15Z,77.0,Charge 4
2022-02-16T04:40:20Z,76.0,Charge 4
2022-02-16T04:40:25Z,74.0,Charge 4
2022-02-16T04:40:30Z,73.0,Charge 4
2022-02-16T04:40:35Z,71.0,Charge 4
2022-02-16T04:40:40Z,70.0,Charge 4
2022-02-16T04:40:45Z,71.0,Charge 4
2022-02-16T04:40:55Z,73.0,Charge 4
2022-02-16T04:41:00Z,74.0,Charge 4
2022-02-16T04:41:05Z,76.0,Charge 4
2022-02-16T04:41:15Z,75.0,Charge 4
2022-02-16T04:41:25Z,76.0,Charge 4
2022-02-16T04:41:30Z,74.0,Charge 4
2022-02-16T04:41:35Z,73.0,Charge 4
2022-02-16T04:41:50Z,73.0,Charge 4
2022-02-16T04:41:55Z,72.0,Charge 4
2022-02-16T04:42:10Z,72.0,Charge 4
2022-02-16T04:42:15Z,73.0,Charge 4
2022-02-16T04:42:25Z,71.0,Charge 4
2022-02-16T04:42:30Z,72.0,Charge 4
2022-02-16T04:42:35Z,74.0,Charge 4
2022-02-16T04:42:50Z,74.0,Charge 4
2022-02-16T04:42:55Z,74.0,Charge 4
2022-02-16T04:43:10Z,74.0,Charge 4
2022-02-16T04:43:20Z,75.0,Charge 4
2022-02-16T04:43:29Z,75.0,Charge 4
2022-02-16T04:43:34Z,76.0,Charge 4
2022-02-16T04:43:49Z,78.0,Charge 4
2022-02-16T04:43:54Z,77.0,Charge 4
2022-02-16T04:44:04Z,76.0,Charge 4
2022-02-16T04:44:09Z,74.0,Charge 4
2022-02-16T04:44:14Z,75.0,Charge 4
2022-02-16T04:44:19Z,76.0,Charge 4
2022-02-16T04:44:34Z,73.0,Charge 4
2022-02-16T04:44:39Z,72.0,Charge 4
2022-02-16T04:44:49Z,74.0,Charge 4
2022-02-16T04:44:54Z,75.0,Charge 4
2022-02-16T04:44:59Z,75.0,Charge 4
2022-02-16T04:45:09Z,74.0,Charge 4
2022-02-16T04:45:14Z,73.0,Charge 4
2022-02-16T04:45:29Z,72.0,Charge 4
2022-02-16T04:45:39Z,73.0,Charge 4
2022-02-16T04:45:44Z,75.0,Charge 4
2022-02-16T04:45:49Z,76.0,Charge 4
2022-02-16T04:45:54Z,77.0,Charge 4
2022-02-16T04:45:59Z,78.0,Charge 4
2022-02-16T04:46:04Z,81.0,Charge 4
2022-02-16T04:46:09Z,78.0,Charge 4
2022-02-16T04:46:14Z,75.0,Charge 4
2022-02-16T04:46:19Z,76.0,Charge 4
2022-02-16T04:46:29Z,75.0,Charge 4
2022-02-16T04:46:39Z,74.0,Charge 4
2022-02-16T04:46:44Z,73.0,Charge 4
2022-02-16T04:46:49Z,71.0,Charge 4
2022-02-16T04:46:54Z,70.0,Charge 4
2022-02-16T04:47:09Z,70.0,Charge 4
2022-02-16T04:47:14Z,71.0,Charge 4
2022-02-16T04:47:19Z,72.0,Charge 4
2022-02-16T04:47:24Z,73.0,Charge 4
2022-02-16T04:47:39Z,74.0,Charge 4
2022-02-16T04:47:49Z,75.0,Charge 4
2022-02-16T04:47:54Z,76.0,Charge 4
2022-02-16T04:47:59Z,77.0,Charge 4
2022-02-16T04:48:14Z,77.0,Charge 4
2022-02-16T04:48:19Z,78.0,Charge 4
2022-02-16T04:48:24Z,76.0,Charge 4
2022-02-16T04:48:29Z,74.0,Charge 4
2022-02-16T04:48:34Z,72.0,Charge 4
2022-02-16T04:48:39Z,73.0,Charge 4
2022-02-16T04:48:49Z,72.0,Charge 4
2022-02-16T04:49:04Z,74.0,Charge 4
2022-02-16T04:49:09Z,75.0,Charge 4
2022-02-16T04:49:19Z,72.0,Charge 4
2022-02-16T04:49:24Z,73.0,Charge 4
2022-02-16T04:49:29Z,74.0,Charge 4
2022-02-16T04:49:39Z,73.0,Charge 4
2022-02-16T04:49:54Z,73.0,Charge 4
2022-02-16T04:49:59Z,73.0,Charge 4
2022-02-16T04:50:05Z,72.0,Charge 4
2022-02-16T04:50:20Z,74.0,Charge 4
2022-02-16T04:50:25Z,76.0,Charge 4
2022-02-16T04:50:40Z,76.0,Charge 4
2022-02-16T04:50:55Z,74.0,Charge 4
2022-02-16T04:51:00Z,73.0,Charge 4
2022-02-16T04:51:05Z,74.0,Charge 4
2022-02-16T04:51:10Z,75.0,Charge 4
2022-02-16T04:51:15Z,73.0,Charge 4
2022-02-16T04:51:30Z,74.0,Charge 4
2022-02-16T04:51:35Z,75.0,Charge 4
2022-02-16T04:51:40Z,76.0,Charge 4
2022-02-16T04:51:55Z,75.0,Charge 4
2022-02-16T04:52:05Z,74.0,Charge 4
2022-02-16T04:52:10Z,72.0,Charge 4
2022-02-16T04:52:15Z,71.0,Charge 4
2022-02-16T04:52:20Z,73.0,Charge 4
2022-02-16T04:52:25Z,74.0,Charge 4
2022-02-16T04:52:30Z,75.0,Charge 4
2022-02-16T04:52:35Z,74.0,Charge 4
2022-02-16T04:52:40Z,73.0,Charge 4
2022-02-16T04:52:50Z,74.0,Charge 4
2022-02-16T04:52:55Z,75.0,Charge 4
2022-02-16T04:53:00Z,76.0,Charge 4
2022-02-16T04:53:05Z,74.0,Charge 4
2022-02-16T04:53:20Z,74.0,Charge 4
2022-02-16T04:53:25Z,73.0,Charge 4
2022-02-16T04:53:30Z,73.0,Charge 4
2022-02-16T04:53:35Z,72.0,Charge 4
2022-02-16T04:53:40Z,71.0,Charge 4
2022-02-16T04:53:45Z,70.0,Charge 4
2022-02-16T04:53:50Z,69.0,Charge 4
2022-02-16T04:54:00Z,70.0,Charge 4
2022-02-16T04:54:05Z,69.0,Charge 4
2022-02-16T04:54:15Z,71.0,Charge 4
2022-02-16T04:54:20Z,73.0,Charge 4
2022-02-16T04:54:25Z,74.0,Charge 4
2022-02-16T04:54:30Z,76.0,Charge 4
2022-02-16T04:54:35Z,82.0,Charge 4
2022-02-16T04:54:40Z,83.0,Charge 4
2022-02-16T04:54:45Z,82.0,Charge 4
2022-02-16T04:54:55Z,81.0,Charge 4
2022-02-16T04:55:00Z,80.0,Charge 4
2022-02-16T04:55:15Z,80.0,Charge 4
2022-02-16T04:55:30Z,81.0,Charge 4
2022-02-16T04:55:40Z,80.0,Charge 4
2022-02-16T04:55:45Z,79.0,Charge 4
2022-02-16T04:56:00Z,79.0,Charge 4
2022-02-16T04:56:51Z,78.0,Charge 4
2022-02-16T04:56:56Z,78.0,Charge 4
2022-02-16T04:57:01Z,77.0,Charge 4
2022-02-16T04:57:06Z,76.0,Charge 4
2022-02-16T04:57:21Z,76.0,Charge 4
2022-02-16T04:57:31Z,75.0,Charge 4
2022-02-16T04:57:36Z,76.0,Charge 4
2022-02-16T04:57:51Z,76.0,Charge 4
2022-02-16T04:57:56Z,77.0,Charge 4
2022-02-16T04:58:01Z,77.0,Charge 4
2022-02-16T04:58:06Z,76.0,Charge 4
2022-02-16T04:58:11Z,75.0,Charge 4
2022-02-16T04:58:16Z,75.0,Charge 4
2022-02-16T04:58:21Z,76.0,Charge 4
2022-02-16T04:58:36Z,77.0,Charge 4
2022-02-16T04:58:46Z,78.0,Charge 4
2022-02-16T04:58:51Z,80.0,Charge 4
2022-02-16T04:58:56Z,79.0,Charge 4
2022-02-16T04:59:01Z,78.0,Charge 4
2022-02-16T04:59:11Z,77.0,Charge 4
2022-02-16T04:59:16Z,75.0,Charge 4
2022-02-16T04:59:26Z,76.0,Charge 4
2022-02-16T04:59:31Z,75.0,Charge 4
2022-02-16T04:59:36Z,73.0,Charge 4
2022-02-16T04:59:46Z,74.0,Charge 4
2022-02-16T04:59:51Z,73.0,Charge 4
2022-02-16T05:00:06Z,73.0,Charge 4
2022-02-16T05:00:07Z,73.0,Charge 4
2022-02-16T05:00:12Z,74.0,Charge 4
2022-02-16T05:00:17Z,75.0,Charge 4
2022-02-16T05:00:27Z,74.0,Charge 4
2022-02-16T05:00:32Z,73.0,Charge 4
2022-02-16T05:00:37Z,71.0,Charge 4
2022-02-16T05:00:42Z,71.0,Charge 4
2022-02-16T05:00:52Z,70.0,Charge 4
2022-02-16T05:01:02Z,71.0,Charge 4
2022-02-16T05:01:07Z,72.0,Charge 4
2022-02-16T05:01:17Z,73.0,Charge 4
2022-02-16T05:01:22Z,76.0,Charge 4
2022-02-16T05:01:27Z,79.0,Charge 4
2022-02-16T05:01:37Z,78.0,Charge 4
2022-02-16T05:01:52Z,74.0,Charge 4
2022-02-16T05:01:57Z,71.0,Charge 4
2022-02-16T05:02:07Z,71.0,Charge 4
2022-02-16T05:02:12Z,71.0,Charge 4
2022-02-16T05:02:17Z,73.0,Charge 4
2022-02-16T05:02:27Z,74.0,Charge 4
2022-02-16T05:02:42Z,74.0,Charge 4
2022-02-16T05:02:47Z,75.0,Charge 4
2022-02-16T05:02:52Z,76.0,Charge 4
2022-02-16T05:03:07Z,76.0,Charge 4
2022-02-16T05:03:12Z,77.0,Charge 4
2022-02-16T05:03:22Z,78.0,Charge 4
2022-02-16T05:03:27Z,79.0,Charge 4
2022-02-16T05:03:32Z,80.0,Charge 4
2022-02-16T05:03:37Z,81.0,Charge 4
2022-02-16T05:03:52Z,80.0,Charge 4
2022-02-16T05:03:57Z,79.0,Charge 4
2022-02-16T05:04:02Z,78.0,Charge 4
2022-02-16T05:04:07Z,76.0,Charge 4
2022-02-16T05:04:12Z,74.0,Charge 4
2022-02-16T05:04:17Z,73.0,Charge 4
2022-02-16T05:04:22Z,73.0,Charge 4
2022-02-16T05:04:27Z,75.0,Charge 4
2022-02-16T05:04:32Z,73.0,Charge 4
2022-02-16T05:04:37Z,72.0,Charge 4
2022-02-16T05:04:42Z,71.0,Charge 4
2022-02-16T05:04:57Z,71.0,Charge 4
2022-02-16T05:05:02Z,72.0,Charge 4
2022-02-16T05:05:17Z,72.0,Charge 4
2022-02-16T05:05:27Z,73.0,Charge 4
2022-02-16T05:05:32Z,76.0,Charge 4
2022-02-16T05:05:37Z,78.0,Charge 4
2022-02-16T05:05:42Z,79.0,Charge 4
2022-02-16T05:05:47Z,77.0,Charge 4
2022-02-16T05:05:52Z,75.0,Charge 4
2022-02-16T05:05:57Z,74.0,Charge 4
2022-02-16T05:06:02Z,73.0,Charge 4
2022-02-16T05:06:12Z,72.0,Charge 4
2022-02-16T05:06:27Z,72.0,Charge 4
2022-02-16T05:06:32Z,73.0,Charge 4
2022-02-16T05:06:38Z,74.0,Charge 4
2022-02-16T05:06:48Z,75.0,Charge 4
2022-02-16T05:06:58Z,74.0,Charge 4
2022-02-16T05:07:13Z,74.0,Charge 4
2022-02-16T05:07:23Z,75.0,Charge 4
2022-02-16T05:07:38Z,78.0,Charge 4
2022-02-16T05:07:43Z,81.0,Charge 4
2022-02-16T05:07:48Z,74.0,Charge 4
2022-02-16T05:07:53Z,69.0,Charge 4
2022-02-16T05:08:08Z,70.0,Charge 4
2022-02-16T05:08:13Z,71.0,Charge 4
2022-02-16T05:08:28Z,72.0,Charge 4
2022-02-16T05:08:38Z,70.0,Charge 4
2022-02-16T05:08:43Z,70.0,Charge 4
2022-02-16T05:08:48Z,72.0,Charge 4
2022-02-16T05:08:53Z,72.0,Charge 4
2022-02-16T05:09:08Z,72.0,Charge 4
2022-02-16T05:09:18Z,71.0,Charge 4
2022-02-16T05:09:23Z,72.0,Charge 4
2022-02-16T05:09:28Z,73.0,Charge 4
2022-02-16T05:09:38Z,72.0,Charge 4
2022-02-16T05:09:43Z,73.0,Charge 4
2022-02-16T05:09:48Z,75.0,Charge 4
2022-02-16T05:09:53Z,76.0,Charge 4
2022-02-16T05:09:58Z,77.0,Charge 4
2022-02-16T05:10:13Z,79.0,Charge 4
2022-02-16T05:10:18Z,80.0,Charge 4
2022-02-16T05:10:23Z,80.0,Charge 4
2022-02-16T05:10:28Z,85.0,Charge 4
2022-02-16T05:10:33Z,86.0,Charge 4
2022-02-16T05:10:38Z,83.0,Charge 4
2022-02-16T05:10:43Z,79.0,Charge 4
2022-02-16T05:10:48Z,76.0,Charge 4
2022-02-16T05:10:53Z,74.0,Charge 4
2022-02-16T05:10:58Z,73.0,Charge 4
2022-02-16T05:11:03Z,72.0,Charge 4
2022-02-16T05:11:08Z,73.0,Charge 4
2022-02-16T05:11:13Z,73.0,Charge 4
2022-02-16T05:11:28Z,74.0,Charge 4
2022-02-16T05:11:33Z,75.0,Charge 4
2022-02-16T05:11:38Z,76.0,Charge 4
2022-02-16T05:11:43Z,75.0,Charge 4
2022-02-16T05:11:53Z,77.0,Charge 4
2022-02-16T05:11:58Z,80.0,Charge 4
2022-02-16T05:12:03Z,88.0,Charge 4
2022-02-16T05:12:08Z,88.0,Charge 4
2022-02-16T05:12:18Z,89.0,Charge 4
2022-02-16T05:12:23Z,95.0,Charge 4
2022-02-16T05:12:28Z,96.0,Charge 4
2022-02-16T05:12:38Z,96.0,Charge 4
2022-02-16T05:12:53Z,96.0,Charge 4
2022-02-16T05:13:08Z,96.0,Charge 4
2022-02-16T05:13:23Z,96.0,Charge 4
2022-02-16T05:13:24Z,97.0,Charge 4
2022-02-16T05:13:34Z,96.0,Charge 4
2022-02-16T05:13:44Z,97.0,Charge 4
2022-02-16T05:13:49Z,98.0,Charge 4
2022-02-16T05:13:59Z,97.0,Charge 4
2022-02-16T05:14:04Z,95.0,Charge 4
2022-02-16T05:14:09Z,88.0,Charge 4
2022-02-16T05:14:14Z,87.0,Charge 4
2022-02-16T05:14:19Z,85.0,Charge 4
2022-02-16T05:14:34Z,85.0,Charge 4
2022-02-16T05:14:39Z,82.0,Charge 4
2022-02-16T05:14:49Z,83.0,Charge 4
2022-02-16T05:14:59Z,81.0,Charge 4
2022-02-16T05:15:04Z,81.0,Charge 4
2022-02-16T05:15:19Z,81.0,Charge 4
2022-02-16T05:15:24Z,80.0,Charge 4
2022-02-16T05:15:29Z,80.0,Charge 4
2022-02-16T05:15:34Z,79.0,Charge 4
2022-02-16T05:15:39Z,78.0,Charge 4
2022-02-16T05:15:44Z,77.0,Charge 4
2022-02-16T05:15:49Z,78.0,Charge 4
2022-02-16T05:15:59Z,76.0,Charge 4
2022-02-16T05:16:04Z,73.0,Charge 4
2022-02-16T05:16:09Z,74.0,Charge 4
2022-02-16T05:16:14Z,75.0,Charge 4
2022-02-16T05:16:19Z,74.0,Charge 4
2022-02-16T05:16:25Z,74.0,Charge 4
2022-02-16T05:16:35Z,73.0,Charge 4
2022-02-16T05:16:40Z,72.0,Charge 4
2022-02-16T05:16:45Z,71.0,Charge 4
2022-02-16T05:17:00Z,71.0,Charge 4
2022-02-16T05:17:05Z,72.0,Charge 4
2022-02-16T05:17:20Z,72.0,Charge 4
2022-02-16T05:17:35Z,72.0,Charge 4
2022-02-16T05:17:50Z,73.0,Charge 4
2022-02-16T05:18:00Z,72.0,Charge 4
2022-02-16T05:18:15Z,72.0,Charge 4
2022-02-16T05:18:25Z,73.0,Charge 4
2022-02-16T05:18:30Z,75.0,Charge 4
2022-02-16T05:18:35Z,76.0,Charge 4
2022-02-16T05:18:45Z,79.0,Charge 4
2022-02-16T05:18:50Z,81.0,Charge 4
2022-02-16T05:18:55Z,83.0,Charge 4
2022-02-16T05:19:00Z,82.0,Charge 4
2022-02-16T05:19:05Z,82.0,Charge 4
2022-02-16T05:19:10Z,81.0,Charge 4
2022-02-16T05:19:15Z,80.0,Charge 4
2022-02-16T05:19:20Z,78.0,Charge 4
2022-02-16T05:19:25Z,76.0,Charge 4
2022-02-16T05:19:30Z,74.0,Charge 4
2022-02-16T05:19:35Z,73.0,Charge 4
2022-02-16T05:19:40Z,72.0,Charge 4
2022-02-16T05:19:55Z,72.0,Charge 4
2022-02-16T05:19:56Z,71.0,Charge 4
2022-02-16T05:20:11Z,73.0,Charge 4
2022-02-16T05:20:26Z,73.0,Charge 4
2022-02-16T05:20:36Z,72.0,Charge 4
2022-02-16T05:20:41Z,73.0,Charge 4
2022-02-16T05:20:51Z,74.0,Charge 4
2022-02-16T05:21:06Z,74.0,Charge 4
2022-02-16T05:21:11Z,75.0,Charge 4
2022-02-16T05:21:16Z,73.0,Charge 4
2022-02-16T05:21:31Z,72.0,Charge 4
2022-02-16T05:21:41Z,73.0,Charge 4
2022-02-16T05:21:46Z,72.0,Charge 4
2022-02-16T05:21:51Z,72.0,Charge 4
2022-02-16T05:21:56Z,73.0,Charge 4
2022-02-16T05:22:01Z,71.0,Charge 4
2022-02-16T05:22:11Z,72.0,Charge 4
2022-02-16T05:22:16Z,73.0,Charge 4
2022-02-16T05:22:21Z,74.0,Charge 4
2022-02-16T05:22:36Z,74.0,Charge 4
2022-02-16T05:22:41Z,73.0,Charge 4
2022-02-16T05:22:51Z,74.0,Charge 4
2022-02-16T05:22:56Z,75.0,Charge 4
2022-02-16T05:23:01Z,77.0,Charge 4
2022-02-16T05:23:11Z,76.0,Charge 4
2022-02-16T05:23:16Z,75.0,Charge 4
2022-02-16T05:23:21Z,74.0,Charge 4
2022-02-16T05:23:36Z,75.0,Charge 4
2022-02-16T05:23:41Z,74.0,Charge 4
2022-02-16T05:23:46Z,71.0,Charge 4
2022-02-16T05:23:51Z,70.0,Charge 4
2022-02-16T05:24:01Z,71.0,Charge 4
2022-02-16T05:24:11Z,73.0,Charge 4
2022-02-16T05:24:16Z,74.0,Charge 4
2022-02-16T05:24:31Z,73.0,Charge 4
2022-02-16T05:24:41Z,75.0,Charge 4
2022-02-16T05:24:46Z,77.0,Charge 4
2022-02-16T05:24:51Z,79.0,Charge 4
2022-02-16T05:24:56Z,77.0,Charge 4
2022-02-16T05:25:01Z,75.0,Charge 4
2022-02-16T05:25:06Z,73.0,Charge 4
2022-02-16T05:25:21Z,73.0,Charge 4
2022-02-16T05:25:31Z,72.0,Charge 4
2022-02-16T05:25:41Z,73.0,Charge 4
2022-02-16T05:25:46Z,72.0,Charge 4
2022-02-16T05:25:56Z,73.0,Charge 4
2022-02-16T05:26:06Z,74.0,Charge 4
2022-02-16T05:26:11Z,75.0,Charge 4
2022-02-16T05:26:16Z,77.0,Charge 4
2022-02-16T05:26:21Z,81.0,Charge 4
2022-02-16T05:26:26Z,81.0,Charge 4
2022-02-16T05:26:31Z,79.0,Charge 4
2022-02-16T05:26:36Z,74.0,Charge 4
2022-02-16T05:26:41Z,73.0,Charge 4
2022-02-16T05:26:46Z,74.0,Charge 4
2022-02-16T05:26:52Z,76.0,Charge 4
2022-02-16T05:26:57Z,75.0,Charge 4
2022-02-16T05:27:02Z,73.0,Charge 4
2022-02-16T05:27:17Z,73.0,Charge 4
2022-02-16T05:27:22Z,74.0,Charge 4
2022-02-16T05:27:27Z,75.0,Charge 4
2022-02-16T05:27:32Z,76.0,Charge 4
2022-02-16T05:27:37Z,77.0,Charge 4
2022-02-16T05:27:42Z,78.0,Charge 4
2022-02-16T05:27:57Z,78.0,Charge 4
2022-02-16T05:28:02Z,79.0,Charge 4
2022-02-16T05:28:07Z,77.0,Charge 4
2022-02-16T05:28:12Z,74.0,Charge 4
2022-02-16T05:28:17Z,72.0,Charge 4
2022-02-16T05:28:22Z,71.0,Charge 4
2022-02-16T05:28:27Z,69.0,Charge 4
2022-02-16T05:28:37Z,68.0,Charge 4
2022-02-16T05:28:52Z,69.0,Charge 4
2022-02-16T05:28:57Z,70.0,Charge 4
2022-02-16T05:29:02Z,72.0,Charge 4
2022-02-16T05:29:07Z,73.0,Charge 4
2022-02-16T05:29:12Z,71.0,Charge 4
2022-02-16T05:29:22Z,70.0,Charge 4
2022-02-16T05:29:32Z,71.0,Charge 4
2022-02-16T05:29:42Z,70.0,Charge 4
2022-02-16T05:29:47Z,69.0,Charge 4
2022-02-16T05:29:52Z,70.0,Charge 4
2022-02-16T05:29:59Z,71.0,Charge 4
2022-02-16T05:30:04Z,72.0,Charge 4
2022-02-16T05:30:09Z,74.0,Charge 4
2022-02-16T05:30:24Z,74.0,Charge 4
2022-02-16T05:30:29Z,73.0,Charge 4
2022-02-16T05:30:44Z,73.0,Charge 4
2022-02-16T05:30:59Z,71.0,Charge 4
2022-02-16T05:31:14Z,72.0,Charge 4
2022-02-16T05:31:19Z,72.0,Charge 4
2022-02-16T05:31:29Z,73.0,Charge 4
2022-02-16T05:31:39Z,76.0,Charge 4
2022-02-16T05:31:44Z,81.0,Charge 4
2022-02-16T05:31:49Z,82.0,Charge 4
2022-02-16T05:31:54Z,81.0,Charge 4
2022-02-16T05:31:59Z,79.0,Charge 4
2022-02-16T05:32:04Z,76.0,Charge 4
2022-02-16T05:32:09Z,74.0,Charge 4
2022-02-16T05:32:19Z,73.0,Charge 4
2022-02-16T05:32:24Z,72.0,Charge 4
2022-02-16T05:32:29Z,73.0,Charge 4
2022-02-16T05:32:34Z,72.0,Charge 4
2022-02-16T05:32:39Z,71.0,Charge 4
2022-02-16T05:32:49Z,72.0,Charge 4
2022-02-16T05:32:54Z,71.0,Charge 4
2022-02-16T05:33:04Z,72.0,Charge 4
2022-02-16T05:33:14Z,73.0,Charge 4
2022-02-16T05:33:19Z,74.0,Charge 4
2022-02-16T05:33:24Z,75.0,Charge 4
2022-02-16T05:33:39Z,75.0,Charge 4
2022-02-16T05:33:44Z,76.0,Charge 4
2022-02-16T05:33:59Z,76.0,Charge 4
2022-02-16T05:34:04Z,75.0,Charge 4
2022-02-16T05:34:14Z,74.0,Charge 4
2022-02-16T05:34:19Z,73.0,Charge 4
2022-02-16T05:34:29Z,75.0,Charge 4
2022-02-16T05:34:39Z,75.0,Charge 4
2022-02-16T05:34:49Z,74.0,Charge 4
2022-02-16T05:34:54Z,73.0,Charge 4
2022-02-16T05:35:09Z,73.0,Charge 4
2022-02-16T05:35:14Z,75.0,Charge 4
2022-02-16T05:35:19Z,76.0,Charge 4
2022-02-16T05:35:24Z,75.0,Charge 4
2022-02-16T05:35:29Z,76.0,Charge 4
2022-02-16T05:35:39Z,77.0,Charge 4
2022-02-16T05:35:44Z,76.0,Charge 4
2022-02-16T05:35:59Z,76.0,Charge 4
2022-02-16T05:36:14Z,75.0,Charge 4
2022-02-16T05:36:29Z,75.0,Charge 4
2022-02-16T05:36:34Z,73.0,Charge 4
2022-02-16T05:36:39Z,74.0,Charge 4
2022-02-16T05:36:49Z,75.0,Charge 4
2022-02-16T05:36:54Z,76.0,Charge 4
2022-02-16T05:37:00Z,77.0,Charge 4
2022-02-16T05:37:05Z,78.0,Charge 4
2022-02-16T05:37:20Z,77.0,Charge 4
2022-02-16T05:37:25Z,76.0,Charge 4
2022-02-16T05:37:40Z,76.0,Charge 4
2022-02-16T05:37:45Z,75.0,Charge 4
2022-02-16T05:37:50Z,74.0,Charge 4
2022-02-16T05:38:05Z,75.0,Charge 4
2022-02-16T05:38:10Z,76.0,Charge 4
2022-02-16T05:38:25Z,76.0,Charge 4
2022-02-16T05:38:35Z,74.0,Charge 4
2022-02-16T05:38:50Z,74.0,Charge 4
2022-02-16T05:38:55Z,73.0,Charge 4
2022-02-16T05:39:00Z,72.0,Charge 4
2022-02-16T05:39:15Z,73.0,Charge 4
2022-02-16T05:39:20Z,74.0,Charge 4
2022-02-16T05:39:25Z,75.0,Charge 4
2022-02-16T05:39:30Z,76.0,Charge 4
2022-02-16T05:39:45Z,75.0,Charge 4
2022-02-16T05:39:55Z,76.0,Charge 4
2022-02-16T05:40:00Z,75.0,Charge 4
2022-02-16T05:40:05Z,74.0,Charge 4
2022-02-16T05:40:10Z,76.0,Charge 4
2022-02-16T05:40:20Z,75.0,Charge 4
2022-02-16T05:40:25Z,73.0,Charge 4
2022-02-16T05:40:35Z,74.0,Charge 4
2022-02-16T05:40:50Z,74.0,Charge 4
2022-02-16T05:40:55Z,75.0,Charge 4
2022-02-16T05:41:00Z,76.0,Charge 4
2022-02-16T05:41:05Z,77.0,Charge 4
2022-02-16T05:41:10Z,79.0,Charge 4
2022-02-16T05:41:15Z,78.0,Charge 4
2022-02-16T05:41:25Z,77.0,Charge 4
2022-02-16T05:41:40Z,77.0,Charge 4
2022-02-16T05:41:50Z,75.0,Charge 4
2022-02-16T05:42:05Z,75.0,Charge 4
2022-02-16T05:42:15Z,77.0,Charge 4
2022-02-16T05:42:20Z,78.0,Charge 4
2022-02-16T05:42:35Z,78.0,Charge 4
2022-02-16T05:42:40Z,77.0,Charge 4
2022-02-16T05:42:50Z,76.0,Charge 4
2022-02-16T05:43:05Z,76.0,Charge 4
2022-02-16T05:43:10Z,75.0,Charge 4
2022-02-16T05:43:20Z,76.0,Charge 4
2022-02-16T05:43:25Z,77.0,Charge 4
2022-02-16T05:43:30Z,78.0,Charge 4
2022-02-16T05:43:35Z,76.0,Charge 4
2022-02-16T05:43:40Z,73.0,Charge 4
2022-02-16T05:43:50Z,75.0,Charge 4
2022-02-16T05:43:55Z,77.0,Charge 4
2022-02-16T05:44:05Z,75.0,Charge 4
2022-02-16T05:44:15Z,76.0,Charge 4
2022-02-16T05:44:20Z,77.0,Charge 4
2022-02-16T05:44:27Z,79.0,Charge 4
2022-02-16T05:44:37Z,78.0,Charge 4
2022-02-16T05:44:42Z,76.0,Charge 4
2022-02-16T05:44:47Z,75.0,Charge 4
2022-02-16T05:44:52Z,75.0,Charge 4
2022-02-16T05:44:57Z,71.0,Charge 4
2022-02-16T05:45:07Z,72.0,Charge 4
2022-02-16T05:45:12Z,74.0,Charge 4
2022-02-16T05:45:17Z,75.0,Charge 4
2022-02-16T05:45:22Z,76.0,Charge 4
2022-02-16T05:45:27Z,77.0,Charge 4
2022-02-16T05:45:37Z,76.0,Charge 4
2022-02-16T05:45:52Z,76.0,Charge 4
2022-02-16T05:46:02Z,77.0,Charge 4
2022-02-16T05:46:07Z,78.0,Charge 4
2022-02-16T05:46:17Z,76.0,Charge 4
2022-02-16T05:46:22Z,75.0,Charge 4
2022-02-16T05:46:32Z,76.0,Charge 4
2022-02-16T05:46:37Z,77.0,Charge 4
2022-02-16T05:46:42Z,76.0,Charge 4
2022-02-16T05:46:47Z,74.0,Charge 4
2022-02-16T05:46:57Z,75.0,Charge 4
2022-02-16T05:47:07Z,76.0,Charge 4
2022-02-16T05:47:12Z,77.0,Charge 4
2022-02-16T05:47:22Z,76.0,Charge 4
2022-02-16T05:47:32Z,78.0,Charge 4
2022-02-16T05:47:47Z,77.0,Charge 4
2022-02-16T05:47:52Z,77.0,Charge 4
2022-02-16T05:48:07Z,77.0,Charge 4
2022-02-16T05:48:12Z,76.0,Charge 4
2022-02-16T05:48:22Z,77.0,Charge 4
2022-02-16T05:48:32Z,76.0,Charge 4
2022-02-16T05:48:42Z,77.0,Charge 4
2022-02-16T05:48:47Z,76.0,Charge 4
2022-02-16T05:48:52Z,75.0,Charge 4
2022-02-16T05:48:57Z,74.0,Charge 4
2022-02-16T05:49:07Z,75.0,Charge 4
2022-02-16T05:49:12Z,76.0,Charge 4
2022-02-16T05:49:22Z,75.0,Charge 4
2022-02-16T05:49:32Z,74.0,Charge 4
2022-02-16T05:49:42Z,75.0,Charge 4
2022-02-16T05:49:47Z,76.0,Charge 4
2022-02-16T05:50:02Z,75.0,Charge 4
2022-02-16T05:50:17Z,76.0,Charge 4
2022-02-16T05:50:22Z,77.0,Charge 4
2022-02-16T05:50:32Z,76.0,Charge 4
2022-02-16T05:50:42Z,75.0,Charge 4
2022-02-16T05:50:57Z,75.0,Charge 4
2022-02-16T05:51:02Z,74.0,Charge 4
2022-02-16T05:51:07Z,73.0,Charge 4
2022-02-16T05:51:12Z,72.0,Charge 4
2022-02-16T05:51:22Z,73.0,Charge 4
2022-02-16T05:51:27Z,74.0,Charge 4
2022-02-16T05:51:32Z,75.0,Charge 4
2022-02-16T05:51:38Z,75.0,Charge 4
2022-02-16T05:51:48Z,74.0,Charge 4
2022-02-16T05:51:53Z,73.0,Charge 4
2022-02-16T05:52:03Z,74.0,Charge 4
2022-02-16T05:52:18Z,74.0,Charge 4
2022-02-16T05:52:28Z,73.0,Charge 4
2022-02-16T05:52:38Z,74.0,Charge 4
2022-02-16T05:52:48Z,73.0,Charge 4
2022-02-16T05:52:53Z,72.0,Charge 4
2022-02-16T05:53:03Z,71.0,Charge 4
2022-02-16T05:53:08Z,72.0,Charge 4
2022-02-16T05:53:13Z,73.0,Charge 4
2022-02-16T05:53:18Z,74.0,Charge 4
2022-02-16T05:53:33Z,75.0,Charge 4
2022-02-16T05:53:38Z,76.0,Charge 4
2022-02-16T05:53:43Z,77.0,Charge 4
2022-02-16T05:53:53Z,76.0,Charge 4
2022-02-16T05:54:08Z,76.0,Charge 4
2022-02-16T05:54:13Z,75.0,Charge 4
2022-02-16T05:54:23Z,76.0,Charge 4
2022-02-16T05:54:28Z,75.0,Charge 4
2022-02-16T05:54:43Z,74.0,Charge 4
2022-02-16T05:54:48Z,75.0,Charge 4
2022-02-16T05:54:53Z,76.0,Charge 4
2022-02-16T05:54:58Z,75.0,Charge 4
2022-02-16T05:55:08Z,74.0,Charge 4
2022-02-16T05:55:13Z,73.0,Charge 4
2022-02-16T05:55:18Z,72.0,Charge 4
2022-02-16T05:55:28Z,74.0,Charge 4
2022-02-16T05:55:33Z,75.0,Charge 4
2022-02-16T05:55:38Z,77.0,Charge 4
2022-02-16T05:55:48Z,76.0,Charge 4
2022-02-16T05:55:53Z,75.0,Charge 4
2022-02-16T05:55:58Z,74.0,Charge 4
2022-02-16T05:56:03Z,73.0,Charge 4
2022-02-16T05:56:08Z,71.0,Charge 4
2022-02-16T05:56:18Z,72.0,Charge 4
2022-02-16T05:56:23Z,73.0,Charge 4
2022-02-16T05:56:33Z,74.0,Charge 4
2022-02-16T05:56:38Z,76.0,Charge 4
2022-02-16T05:56:43Z,77.0,Charge 4
2022-02-16T05:56:48Z,76.0,Charge 4
2022-02-16T05:57:03Z,76.0,Charge 4
2022-02-16T05:57:18Z,76.0,Charge 4
2022-02-16T05:57:28Z,77.0,Charge 4
2022-02-16T05:57:33Z,75.0,Charge 4
2022-02-16T05:57:43Z,76.0,Charge 4
2022-02-16T05:57:58Z,76.0,Charge 4
2022-02-16T05:58:08Z,75.0,Charge 4
2022-02-16T05:58:23Z,75.0,Charge 4
2022-02-16T05:58:33Z,75.0,Charge 4
2022-02-16T05:58:43Z,76.0,Charge 4
2022-02-16T05:58:48Z,77.0,Charge 4
2022-02-16T05:58:54Z,77.0,Charge 4
2022-02-16T05:58:59Z,74.0,Charge 4
2022-02-16T05:59:09Z,73.0,Charge 4
2022-02-16T05:59:24Z,74.0,Charge 4
2022-02-16T05:59:34Z,76.0,Charge 4
2022-02-16T05:59:44Z,73.0,Charge 4
2022-02-16T05:59:49Z,72.0,Charge 4
2022-02-16T05:59:54Z,73.0,Charge 4
2022-02-16T05:59:59Z,74.0,Charge 4
2022-02-16T06:00:04Z,75.0,Charge 4
2022-02-16T06:00:14Z,77.0,Charge 4
2022-02-16T06:00:24Z,75.0,Charge 4
2022-02-16T06:00:29Z,76.0,Charge 4
2022-02-16T06:00:34Z,77.0,Charge 4
2022-02-16T06:00:39Z,76.0,Charge 4
2022-02-16T06:00:44Z,75.0,Charge 4
2022-02-16T06:00:59Z,75.0,Charge 4
2022-02-16T06:01:14Z,75.0,Charge 4
2022-02-16T06:01:24Z,74.0,Charge 4
2022-02-16T06:01:39Z,74.0,Charge 4
2022-02-16T06:01:54Z,73.0,Charge 4
2022-02-16T06:01:59Z,74.0,Charge 4
2022-02-16T06:02:04Z,75.0,Charge 4
2022-02-16T06:02:09Z,77.0,Charge 4
2022-02-16T06:02:14Z,76.0,Charge 4
2022-02-16T06:02:24Z,77.0,Charge 4
2022-02-16T06:02:31Z,77.0,Charge 4
2022-02-16T06:02:41Z,75.0,Charge 4
2022-02-16T06:02:46Z,73.0,Charge 4
2022-02-16T06:03:01Z,73.0,Charge 4
2022-02-16T06:03:06Z,75.0,Charge 4
2022-02-16T06:03:11Z,76.0,Charge 4
2022-02-16T06:03:21Z,77.0,Charge 4
2022-02-16T06:03:31Z,78.0,Charge 4
2022-02-16T06:03:36Z,77.0,Charge 4
2022-02-16T06:03:41Z,75.0,Charge 4
2022-02-16T06:03:51Z,74.0,Charge 4
2022-02-16T06:03:56Z,73.0,Charge 4
2022-02-16T06:04:06Z,75.0,Charge 4
2022-02-16T06:04:11Z,76.0,Charge 4
2022-02-16T06:04:16Z,77.0,Charge 4
2022-02-16T06:04:26Z,76.0,Charge 4
2022-02-16T06:04:41Z,76.0,Charge 4
2022-02-16T06:04:51Z,76.0,Charge 4
2022-02-16T06:04:56Z,79.0,Charge 4
2022-02-16T06:05:01Z,89.0,Charge 4
2022-02-16T06:05:06Z,92.0,Charge 4
2022-02-16T06:05:11Z,89.0,Charge 4
2022-02-16T06:05:16Z,79.0,Charge 4
2022-02-16T06:05:22Z,75.0,Charge 4
2022-02-16T06:05:27Z,71.0,Charge 4
2022-02-16T06:05:32Z,70.0,Charge 4
2022-02-16T06:05:37Z,69.0,Charge 4
2022-02-16T06:05:52Z,70.0,Charge 4
2022-02-16T06:06:07Z,70.0,Charge 4
2022-02-16T06:06:17Z,71.0,Charge 4
2022-02-16T06:06:32Z,71.0,Charge 4
2022-02-16T06:06:42Z,70.0,Charge 4
2022-02-16T06:06:47Z,71.0,Charge 4
2022-02-16T06:06:52Z,69.0,Charge 4
2022-02-16T06:07:02Z,71.0,Charge 4
2022-02-16T06:07:07Z,72.0,Charge 4
2022-02-16T06:07:12Z,74.0,Charge 4
2022-02-16T06:07:22Z,72.0,Charge 4
2022-02-16T06:07:37Z,74.0,Charge 4
2022-02-16T06:07:42Z,76.0,Charge 4
2022-02-16T06:07:47Z,77.0,Charge 4
2022-02-16T06:07:52Z,74.0,Charge 4
2022-02-16T06:07:57Z,73.0,Charge 4
2022-02-16T06:08:12Z,74.0,Charge 4
2022-02-16T06:08:22Z,73.0,Charge 4
2022-02-16T06:08:32Z,72.0,Charge 4
2022-02-16T06:08:47Z,75.0,Charge 4
2022-02-16T06:08:52Z,76.0,Charge 4
2022-02-16T06:09:02Z,77.0,Charge 4
2022-02-16T06:09:07Z,78.0,Charge 4
2022-02-16T06:09:12Z,76.0,Charge 4
2022-02-16T06:09:17Z,73.0,Charge 4
2022-02-16T06:09:22Z,72.0,Charge 4
2022-02-16T06:09:27Z,73.0,Charge 4
2022-02-16T06:09:32Z,72.0,Charge 4
2022-02-16T06:09:37Z,69.0,Charge 4
2022-02-16T06:09:47Z,70.0,Charge 4
2022-02-16T06:09:52Z,72.0,Charge 4
2022-02-16T06:09:57Z,71.0,Charge 4
2022-02-16T06:10:02Z,72.0,Charge 4
2022-02-16T06:10:07Z,74.0,Charge 4
2022-02-16T06:10:12Z,75.0,Charge 4
2022-02-16T06:10:22Z,73.0,Charge 4
2022-02-16T06:10:27Z,71.0,Charge 4
2022-02-16T06:10:42Z,71.0,Charge 4
2022-02-16T06:10:47Z,74.0,Charge 4
2022-02-16T06:10:52Z,73.0,Charge 4
2022-02-16T06:11:02Z,75.0,Charge 4
2022-02-16T06:11:07Z,76.0,Charge 4
2022-02-16T06:11:12Z,75.0,Charge 4
2022-02-16T06:11:17Z,72.0,Charge 4
2022-02-16T06:11:22Z,71.0,Charge 4
2022-02-16T06:11:27Z,70.0,Charge 4
2022-02-16T06:11:37Z,72.0,Charge 4
2022-02-16T06:11:52Z,72.0,Charge 4
2022-02-16T06:11:58Z,76.0,Charge 4
2022-02-16T06:12:03Z,75.0,Charge 4
2022-02-16T06:12:08Z,74.0,Charge 4
2022-02-16T06:12:13Z,72.0,Charge 4
2022-02-16T06:12:18Z,70.0,Charge 4
2022-02-16T06:12:23Z,70.0,Charge 4
2022-02-16T06:12:38Z,71.0,Charge 4
2022-02-16T06:12:43Z,72.0,Charge 4
2022-02-16T06:12:48Z,71.0,Charge 4
2022-02-16T06:12:53Z,70.0,Charge 4
2022-02-16T06:12:58Z,69.0,Charge 4
2022-02-16T06:13:13Z,70.0,Charge 4
2022-02-16T06:13:18Z,69.0,Charge 4
2022-02-16T06:13:23Z,69.0,Charge 4
2022-02-16T06:13:28Z,68.0,Charge 4
2022-02-16T06:13:43Z,70.0,Charge 4
2022-02-16T06:13:48Z,72.0,Charge 4
2022-02-16T06:14:03Z,72.0,Charge 4
2022-02-16T06:14:08Z,71.0,Charge 4
2022-02-16T06:14:23Z,73.0,Charge 4
2022-02-16T06:14:28Z,72.0,Charge 4
2022-02-16T06:14:33Z,71.0,Charge 4
2022-02-16T06:14:38Z,70.0,Charge 4
2022-02-16T06:14:43Z,69.0,Charge 4
2022-02-16T06:14:48Z,71.0,Charge 4
2022-02-16T06:14:53Z,73.0,Charge 4
2022-02-16T06:14:58Z,74.0,Charge 4
2022-02-16T06:15:05Z,72.0,Charge 4
2022-02-16T06:15:10Z,71.0,Charge 4
2022-02-16T06:15:15Z,70.0,Charge 4
2022-02-16T06:15:20Z,71.0,Charge 4
2022-02-16T06:15:25Z,73.0,Charge 4
2022-02-16T06:15:35Z,72.0,Charge 4
2022-02-16T06:15:45Z,71.0,Charge 4
2022-02-16T06:15:55Z,72.0,Charge 4
2022-02-16T06:16:10Z,71.0,Charge 4
2022-02-16T06:16:15Z,70.0,Charge 4
2022-02-16T06:16:20Z,69.0,Charge 4
2022-02-16T06:16:35Z,70.0,Charge 4
2022-02-16T06:16:45Z,71.0,Charge 4
2022-02-16T06:16:55Z,73.0,Charge 4
2022-02-16T06:17:00Z,76.0,Charge 4
2022-02-16T06:17:05Z,75.0,Charge 4
2022-02-16T06:17:10Z,73.0,Charge 4
2022-02-16T06:17:20Z,74.0,Charge 4
2022-02-16T06:17:25Z,76.0,Charge 4
2022-02-16T06:17:30Z,72.0,Charge 4
2022-02-16T06:17:35Z,69.0,Charge 4
2022-02-16T06:17:40Z,70.0,Charge 4
2022-02-16T06:17:45Z,69.0,Charge 4
2022-02-16T06:17:50Z,70.0,Charge 4
2022-02-16T06:17:55Z,78.0,Charge 4
2022-02-16T06:18:00Z,87.0,Charge 4
2022-02-16T06:18:05Z,84.0,Charge 4
2022-02-16T06:18:10Z,76.0,Charge 4
2022-02-16T06:18:15Z,71.0,Charge 4
2022-02-16T06:18:20Z,69.0,Charge 4
2022-02-16T06:18:35Z,69.0,Charge 4
2022-02-16T06:18:40Z,71.0,Charge 4
2022-02-16T06:18:55Z,71.0,Charge 4
2022-02-16T06:19:00Z,71.0,Charge 4
2022-02-16T06:19:15Z,71.0,Charge 4
2022-02-16T06:19:30Z,71.0,Charge 4
2022-02-16T06:19:35Z,72.0,Charge 4
2022-02-16T06:19:50Z,72.0,Charge 4
2022-02-16T06:20:00Z,71.0,Charge 4
2022-02-16T06:20:05Z,70.0,Charge 4
2022-02-16T06:20:10Z,71.0,Charge 4
2022-02-16T06:20:15Z,69.0,Charge 4
2022-02-16T06:20:30Z,69.0,Charge 4
2022-02-16T06:20:35Z,72.0,Charge 4
2022-02-16T06:20:40Z,71.0,Charge 4
2022-02-16T06:20:45Z,70.0,Charge 4
2022-02-16T06:20:50Z,71.0,Charge 4
2022-02-16T06:20:55Z,72.0,Charge 4
2022-02-16T06:21:00Z,73.0,Charge 4
2022-02-16T06:21:06Z,73.0,Charge 4
2022-02-16T06:21:21Z,74.0,Charge 4
2022-02-16T06:21:26Z,75.0,Charge 4
2022-02-16T06:21:31Z,76.0,Charge 4
2022-02-16T06:21:36Z,75.0,Charge 4
2022-02-16T06:21:41Z,74.0,Charge 4
2022-02-16T06:21:51Z,73.0,Charge 4
2022-02-16T06:22:01Z,74.0,Charge 4
2022-02-16T06:22:16Z,74.0,Charge 4
2022-02-16T06:22:31Z,75.0,Charge 4
2022-02-16T06:22:46Z,75.0,Charge 4
2022-02-16T06:22:56Z,74.0,Charge 4
2022-02-16T06:23:11Z,73.0,Charge 4
2022-02-16T06:23:26Z,73.0,Charge 4
2022-02-16T06:23:36Z,72.0,Charge 4
2022-02-16T06:23:41Z,70.0,Charge 4
2022-02-16T06:23:46Z,69.0,Charge 4
2022-02-16T06:23:51Z,70.0,Charge 4
2022-02-16T06:23:56Z,71.0,Charge 4
2022-02-16T06:24:01Z,72.0,Charge 4
2022-02-16T06:24:11Z,73.0,Charge 4
2022-02-16T06:24:16Z,74.0,Charge 4
2022-02-16T06:24:21Z,73.0,Charge 4
2022-02-16T06:24:26Z,73.0,Charge 4
2022-02-16T06:24:36Z,70.0,Charge 4
2022-02-16T06:24:41Z,69.0,Charge 4
2022-02-16T06:24:51Z,71.0,Charge 4
2022-02-16T06:24:57Z,73.0,Charge 4
2022-02-16T06:25:02Z,74.0,Charge 4
2022-02-16T06:25:17Z,74.0,Charge 4
2022-02-16T06:25:22Z,73.0,Charge 4
2022-02-16T06:25:37Z,74.0,Charge 4
2022-02-16T06:25:42Z,75.0,Charge 4
2022-02-16T06:25:52Z,74.0,Charge 4
2022-02-16T06:26:02Z,73.0,Charge 4
2022-02-16T06:26:17Z,74.0,Charge 4
2022-02-16T06:26:27Z,75.0,Charge 4
2022-02-16T06:26:32Z,76.0,Charge 4
2022-02-16T06:26:37Z,77.0,Charge 4
2022-02-16T06:26:47Z,78.0,Charge 4
2022-02-16T06:26:57Z,76.0,Charge 4
2022-02-16T06:27:02Z,73.0,Charge 4
2022-02-16T06:27:07Z,71.0,Charge 4
2022-02-16T06:27:12Z,70.0,Charge 4
2022-02-16T06:27:27Z,71.0,Charge 4
2022-02-16T06:27:37Z,72.0,Charge 4
2022-02-16T06:27:42Z,73.0,Charge 4
2022-02-16T06:27:52Z,72.0,Charge 4
2022-02-16T06:27:57Z,71.0,Charge 4
2022-02-16T06:28:12Z,70.0,Charge 4
2022-02-16T06:28:17Z,71.0,Charge 4
2022-02-16T06:28:22Z,73.0,Charge 4
2022-02-16T06:28:27Z,75.0,Charge 4
2022-02-16T06:28:37Z,72.0,Charge 4
2022-02-16T06:28:42Z,72.0,Charge 4
2022-02-16T06:28:47Z,74.0,Charge 4
2022-02-16T06:28:52Z,75.0,Charge 4
2022-02-16T06:28:57Z,74.0,Charge 4
2022-02-16T06:29:02Z,73.0,Charge 4
2022-02-16T06:29:07Z,72.0,Charge 4
2022-02-16T06:29:12Z,71.0,Charge 4
2022-02-16T06:29:22Z,72.0,Charge 4
2022-02-16T06:29:37Z,70.0,Charge 4
2022-02-16T06:29:47Z,73.0,Charge 4
2022-02-16T06:29:52Z,74.0,Charge 4
2022-02-16T06:30:02Z,75.0,Charge 4
2022-02-16T06:30:12Z,77.0,Charge 4
2022-02-16T06:30:17Z,84.0,Charge 4
2022-02-16T06:30:22Z,88.0,Charge 4
2022-02-16T06:30:27Z,86.0,Charge 4
2022-02-16T06:30:32Z,84.0,Charge 4
2022-02-16T06:30:37Z,83.0,Charge 4
2022-02-16T06:30:42Z,81.0,Charge 4
2022-02-16T06:30:47Z,80.0,Charge 4
2022-02-16T06:30:57Z,79.0,Charge 4
2022-02-16T06:31:02Z,77.0,Charge 4
2022-02-16T06:31:12Z,76.0,Charge 4
2022-02-16T06:31:27Z,76.0,Charge 4
2022-02-16T06:31:32Z,74.0,Charge 4
2022-02-16T06:31:37Z,73.0,Charge 4
2022-02-16T06:31:44Z,72.0,Charge 4
2022-02-16T06:31:59Z,72.0,Charge 4
2022-02-16T06:32:04Z,73.0,Charge 4
2022-02-16T06:32:09Z,74.0,Charge 4
2022-02-16T06:32:14Z,76.0,Charge 4
2022-02-16T06:32:29Z,74.0,Charge 4
2022-02-16T06:32:34Z,72.0,Charge 4
2022-02-16T06:32:39Z,73.0,Charge 4
2022-02-16T06:32:44Z,74.0,Charge 4
2022-02-16T06:32:49Z,75.0,Charge 4
2022-02-16T06:33:04Z,75.0,Charge 4
2022-02-16T06:33:09Z,87.0,Charge 4
2022-02-16T06:33:19Z,82.0,Charge 4
2022-02-16T06:33:24Z,79.0,Charge 4
2022-02-16T06:33:29Z,80.0,Charge 4
2022-02-16T06:33:39Z,79.0,Charge 4
2022-02-16T06:33:44Z,78.0,Charge 4
2022-02-16T06:33:49Z,76.0,Charge 4
2022-02-16T06:33:54Z,75.0,Charge 4
2022-02-16T06:34:04Z,76.0,Charge 4
2022-02-16T06:34:09Z,78.0,Charge 4
2022-02-16T06:34:14Z,79.0,Charge 4
2022-02-16T06:34:19Z,81.0,Charge 4
2022-02-16T06:34:24Z,80.0,Charge 4
2022-02-16T06:34:29Z,79.0,Charge 4
2022-02-16T06:34:34Z,80.0,Charge 4
2022-02-16T06:34:39Z,82.0,Charge 4
2022-02-16T06:34:44Z,81.0,Charge 4
2022-02-16T06:34:49Z,80.0,Charge 4
2022-02-16T06:34:59Z,81.0,Charge 4
2022-02-16T06:35:04Z,85.0,Charge 4
2022-02-16T06:35:09Z,89.0,Charge 4
2022-02-16T06:35:14Z,87.0,Charge 4
2022-02-16T06:35:19Z,85.0,Charge 4
2022-02-16T06:35:24Z,86.0,Charge 4
2022-02-16T06:35:29Z,85.0,Charge 4
2022-02-16T06:35:34Z,83.0,Charge 4
2022-02-16T06:35:39Z,80.0,Charge 4
2022-02-16T06:35:44Z,78.0,Charge 4
2022-02-16T06:35:49Z,76.0,Charge 4
2022-02-16T06:35:54Z,75.0,Charge 4
2022-02-16T06:36:04Z,74.0,Charge 4
2022-02-16T06:36:09Z,72.0,Charge 4
2022-02-16T06:36:19Z,73.0,Charge 4
2022-02-16T06:36:24Z,75.0,Charge 4
2022-02-16T06:36:34Z,76.0,Charge 4
2022-02-16T06:36:39Z,77.0,Charge 4
2022-02-16T06:36:44Z,78.0,Charge 4
2022-02-16T06:36:49Z,81.0,Charge 4
2022-02-16T06:36:59Z,79.0,Charge 4
2022-02-16T06:37:09Z,78.0,Charge 4
2022-02-16T06:37:19Z,80.0,Charge 4
2022-02-16T06:37:24Z,79.0,Charge 4
2022-02-16T06:37:30Z,79.0,Charge 4
2022-02-16T06:37:40Z,80.0,Charge 4
2022-02-16T06:37:55Z,82.0,Charge 4
2022-02-16T06:38:00Z,81.0,Charge 4
2022-02-16T06:38:05Z,80.0,Charge 4
2022-02-16T06:38:15Z,81.0,Charge 4
2022-02-16T06:38:30Z,83.0,Charge 4
2022-02-16T06:38:35Z,86.0,Charge 4
2022-02-16T06:38:40Z,84.0,Charge 4
2022-02-16T06:38:45Z,82.0,Charge 4
2022-02-16T06:38:55Z,80.0,Charge 4
2022-02-16T06:39:00Z,78.0,Charge 4
2022-02-16T06:39:05Z,79.0,Charge 4
2022-02-16T06:39:20Z,78.0,Charge 4
2022-02-16T06:39:25Z,75.0,Charge 4
2022-02-16T06:39:30Z,74.0,Charge 4
2022-02-16T06:39:35Z,76.0,Charge 4
2022-02-16T06:39:40Z,78.0,Charge 4
2022-02-16T06:39:45Z,77.0,Charge 4
2022-02-16T06:40:00Z,78.0,Charge 4
2022-02-16T06:40:15Z,78.0,Charge 4
2022-02-16T06:40:20Z,79.0,Charge 4
2022-02-16T06:40:25Z,81.0,Charge 4
2022-02-16T06:40:30Z,75.0,Charge 4
2022-02-16T06:40:35Z,73.0,Charge 4
2022-02-16T06:40:50Z,73.0,Charge 4
2022-02-16T06:40:55Z,75.0,Charge 4
2022-02-16T06:41:00Z,78.0,Charge 4
2022-02-16T06:41:05Z,77.0,Charge 4
2022-02-16T06:41:10Z,75.0,Charge 4
2022-02-16T06:41:15Z,74.0,Charge 4
2022-02-16T06:41:25Z,77.0,Charge 4
2022-02-16T06:41:30Z,79.0,Charge 4
2022-02-16T06:41:35Z,77.0,Charge 4
2022-02-16T06:41:40Z,76.0,Charge 4
2022-02-16T06:41:55Z,76.0,Charge 4
2022-02-16T06:42:00Z,80.0,Charge 4
2022-02-16T06:42:05Z,76.0,Charge 4
2022-02-16T06:42:10Z,72.0,Charge 4
2022-02-16T06:42:15Z,73.0,Charge 4
2022-02-16T06:42:30Z,73.0,Charge 4
2022-02-16T06:42:40Z,72.0,Charge 4
2022-02-16T06:42:45Z,73.0,Charge 4
2022-02-16T06:42:50Z,74.0,Charge 4
2022-02-16T06:42:55Z,75.0,Charge 4
2022-02-16T06:43:00Z,76.0,Charge 4
2022-02-16T06:43:10Z,75.0,Charge 4
2022-02-16T06:43:25Z,75.0,Charge 4
2022-02-16T06:43:35Z,77.0,Charge 4
2022-02-16T06:43:40Z,78.0,Charge 4
2022-02-16T06:43:45Z,77.0,Charge 4
2022-02-16T06:43:50Z,75.0,Charge 4
2022-02-16T06:43:56Z,74.0,Charge 4
2022-02-16T06:44:01Z,73.0,Charge 4
2022-02-16T06:44:06Z,74.0,Charge 4
2022-02-16T06:44:11Z,75.0,Charge 4
2022-02-16T06:44:16Z,78.0,Charge 4
2022-02-16T06:44:21Z,83.0,Charge 4
2022-02-16T06:44:26Z,82.0,Charge 4
2022-02-16T06:44:31Z,84.0,Charge 4
2022-02-16T06:44:36Z,85.0,Charge 4
2022-02-16T06:44:41Z,84.0,Charge 4
2022-02-16T06:44:46Z,82.0,Charge 4
2022-02-16T06:44:51Z,80.0,Charge 4
2022-02-16T06:44:56Z,78.0,Charge 4
2022-02-16T06:45:11Z,78.0,Charge 4
2022-02-16T06:45:21Z,77.0,Charge 4
2022-02-16T06:45:31Z,77.0,Charge 4
2022-02-16T06:45:41Z,78.0,Charge 4
2022-02-16T06:45:46Z,80.0,Charge 4
2022-02-16T06:45:56Z,81.0,Charge 4
2022-02-16T06:46:01Z,82.0,Charge 4
2022-02-16T06:46:06Z,83.0,Charge 4
2022-02-16T06:46:11Z,84.0,Charge 4
2022-02-16T06:46:26Z,84.0,Charge 4
2022-02-16T06:46:31Z,84.0,Charge 4
2022-02-16T06:46:36Z,85.0,Charge 4
2022-02-16T06:46:46Z,87.0,Charge 4
2022-02-16T06:46:54Z,87.0,Charge 4
2022-02-16T06:46:59Z,86.0,Charge 4
2022-02-16T06:47:04Z,84.0,Charge 4
2022-02-16T06:47:19Z,83.0,Charge 4
2022-02-16T06:47:29Z,84.0,Charge 4
2022-02-16T06:47:34Z,85.0,Charge 4
2022-02-16T06:47:39Z,86.0,Charge 4
2022-02-16T06:47:44Z,87.0,Charge 4
2022-02-16T06:47:54Z,85.0,Charge 4
2022-02-16T06:47:59Z,81.0,Charge 4
2022-02-16T06:48:04Z,80.0,Charge 4
2022-02-16T06:48:19Z,78.0,Charge 4
2022-02-16T06:48:24Z,77.0,Charge 4
2022-02-16T06:48:29Z,76.0,Charge 4
2022-02-16T06:48:34Z,77.0,Charge 4
2022-02-16T06:48:39Z,76.0,Charge 4
2022-02-16T06:48:49Z,77.0,Charge 4
2022-02-16T06:48:54Z,78.0,Charge 4
2022-02-16T06:48:59Z,79.0,Charge 4
2022-02-16T06:49:04Z,80.0,Charge 4
2022-02-16T06:49:09Z,77.0,Charge 4
2022-02-16T06:49:14Z,76.0,Charge 4
2022-02-16T06:49:19Z,75.0,Charge 4
2022-02-16T06:49:24Z,76.0,Charge 4
2022-02-16T06:49:29Z,75.0,Charge 4
2022-02-16T06:49:34Z,75.0,Charge 4
2022-02-16T06:49:44Z,74.0,Charge 4
2022-02-16T06:49:49Z,74.0,Charge 4
2022-02-16T06:49:54Z,75.0,Charge 4
2022-02-16T06:49:59Z,75.0,Charge 4
2022-02-16T06:50:04Z,73.0,Charge 4
2022-02-16T06:50:09Z,75.0,Charge 4
2022-02-16T06:50:14Z,77.0,Charge 4
2022-02-16T06:50:19Z,76.0,Charge 4
2022-02-16T06:50:24Z,74.0,Charge 4
2022-02-16T06:50:29Z,73.0,Charge 4
2022-02-16T06:50:34Z,72.0,Charge 4
2022-02-16T06:50:49Z,71.0,Charge 4
2022-02-16T06:50:54Z,72.0,Charge 4
2022-02-16T06:51:04Z,75.0,Charge 4
2022-02-16T06:51:09Z,77.0,Charge 4
2022-02-16T06:51:14Z,76.0,Charge 4
2022-02-16T06:51:19Z,75.0,Charge 4
2022-02-16T06:51:24Z,73.0,Charge 4
2022-02-16T06:51:39Z,74.0,Charge 4
2022-02-16T06:51:49Z,76.0,Charge 4
2022-02-16T06:51:54Z,77.0,Charge 4
2022-02-16T07:04:55Z,70.0,Charge 4
2022-02-16T07:05:05Z,79.0,Charge 4
2022-02-16T07:05:10Z,89.0,Charge 4
2022-02-16T07:05:25Z,89.0,Charge 4
2022-02-16T07:05:30Z,92.0,Charge 4
2022-02-16T07:05:35Z,93.0,Charge 4
2022-02-16T07:05:40Z,95.0,Charge 4
2022-02-16T07:05:45Z,94.0,Charge 4
2022-02-16T07:06:00Z,94.0,Charge 4
2022-02-16T07:06:05Z,95.0,Charge 4
2022-02-16T07:06:15Z,94.0,Charge 4
2022-02-16T07:06:30Z,94.0,Charge 4
2022-02-16T07:06:40Z,95.0,Charge 4
2022-02-16T07:06:45Z,97.0,Charge 4
2022-02-16T07:06:50Z,100.0,Charge 4
2022-02-16T07:06:55Z,99.0,Charge 4
2022-02-16T07:07:05Z,98.0,Charge 4
2022-02-16T07:07:10Z,97.0,Charge 4
2022-02-16T07:07:20Z,101.0,Charge 4
2022-02-16T07:07:25Z,106.0,Charge 4
2022-02-16T07:07:30Z,107.0,Charge 4
2022-02-16T07:07:35Z,106.0,Charge 4
2022-02-16T07:07:40Z,104.0,Charge 4
2022-02-16T07:07:45Z,103.0,Charge 4
2022-02-16T07:07:55Z,105.0,Charge 4
2022-02-16T07:08:01Z,105.0,Charge 4
2022-02-16T07:08:06Z,103.0,Charge 4
2022-02-16T07:08:11Z,104.0,Charge 4
2022-02-16T07:08:16Z,105.0,Charge 4
2022-02-16T07:08:21Z,106.0,Charge 4
2022-02-16T07:08:26Z,105.0,Charge 4
2022-02-16T07:08:31Z,104.0,Charge 4
2022-02-16T07:08:36Z,105.0,Charge 4
2022-02-16T07:08:41Z,104.0,Charge 4
2022-02-16T07:08:46Z,103.0,Charge 4
2022-02-16T07:08:56Z,101.0,Charge 4
2022-02-16T07:09:01Z,100.0,Charge 4
2022-02-16T07:09:16Z,99.0,Charge 4
2022-02-16T07:09:21Z,94.0,Charge 4
2022-02-16T07:09:26Z,92.0,Charge 4
2022-02-16T07:09:31Z,93.0,Charge 4
2022-02-16T07:09:41Z,92.0,Charge 4
2022-02-16T07:09:56Z,93.0,Charge 4
2022-02-16T07:10:01Z,94.0,Charge 4
2022-02-16T07:10:11Z,95.0,Charge 4
2022-02-16T07:10:16Z,92.0,Charge 4
2022-02-16T07:10:21Z,91.0,Charge 4
2022-02-16T07:10:36Z,91.0,Charge 4
2022-02-16T07:10:46Z,93.0,Charge 4
2022-02-16T07:10:51Z,90.0,Charge 4
2022-02-16T07:10:56Z,88.0,Charge 4
2022-02-16T07:11:11Z,88.0,Charge 4
2022-02-16T07:11:16Z,89.0,Charge 4
2022-02-16T07:11:26Z,90.0,Charge 4
2022-02-16T07:11:31Z,92.0,Charge 4
2022-02-16T07:11:36Z,97.0,Charge 4
2022-02-16T07:11:41Z,98.0,Charge 4
2022-02-16T07:11:46Z,99.0,Charge 4
2022-02-16T07:11:56Z,96.0,Charge 4
2022-02-16T07:12:01Z,97.0,Charge 4
2022-02-16T07:12:11Z,96.0,Charge 4
2022-02-16T07:12:21Z,97.0,Charge 4
2022-02-16T07:12:26Z,96.0,Charge 4
2022-02-16T07:12:36Z,95.0,Charge 4
2022-02-16T07:12:41Z,94.0,Charge 4
2022-02-16T07:12:46Z,95.0,Charge 4
2022-02-16T07:12:56Z,97.0,Charge 4
2022-02-16T07:13:01Z,98.0,Charge 4
2022-02-16T07:13:06Z,97.0,Charge 4
2022-02-16T07:13:11Z,95.0,Charge 4
2022-02-16T07:13:26Z,95.0,Charge 4
2022-02-16T07:13:36Z,94.0,Charge 4
2022-02-16T07:13:46Z,95.0,Charge 4
2022-02-16T07:13:51Z,91.0,Charge 4
2022-02-16T07:13:56Z,87.0,Charge 4
2022-02-16T07:14:06Z,86.0,Charge 4
2022-02-16T07:14:11Z,86.0,Charge 4
2022-02-16T07:14:16Z,84.0,Charge 4
2022-02-16T07:14:21Z,83.0,Charge 4
2022-02-16T07:14:27Z,81.0,Charge 4
2022-02-16T07:14:32Z,77.0,Charge 4
2022-02-16T07:14:37Z,79.0,Charge 4
2022-02-16T07:14:42Z,81.0,Charge 4
2022-02-16T07:14:47Z,82.0,Charge 4
2022-02-16T07:14:52Z,85.0,Charge 4
2022-02-16T07:15:02Z,85.0,Charge 4
2022-02-16T07:15:07Z,84.0,Charge 4
2022-02-16T07:15:12Z,83.0,Charge 4
2022-02-16T07:15:27Z,84.0,Charge 4
2022-02-16T07:15:42Z,84.0,Charge 4
2022-02-16T07:15:47Z,83.0,Charge 4
2022-02-16T07:15:52Z,80.0,Charge 4
2022-02-16T07:15:57Z,79.0,Charge 4
2022-02-16T07:16:02Z,80.0,Charge 4
2022-02-16T07:16:07Z,81.0,Charge 4
2022-02-16T07:16:17Z,82.0,Charge 4
2022-02-16T07:16:27Z,81.0,Charge 4
2022-02-16T07:16:37Z,80.0,Charge 4
2022-02-16T07:16:52Z,80.0,Charge 4
2022-02-16T07:16:57Z,79.0,Charge 4
2022-02-16T07:17:02Z,80.0,Charge 4
2022-02-16T07:17:07Z,79.0,Charge 4
2022-02-16T07:17:12Z,79.0,Charge 4
2022-02-16T07:17:22Z,80.0,Charge 4
2022-02-16T07:17:27Z,80.0,Charge 4
2022-02-16T07:17:32Z,80.0,Charge 4
2022-02-16T07:17:37Z,80.0,Charge 4
2022-02-16T07:17:42Z,81.0,Charge 4
2022-02-16T07:17:52Z,82.0,Charge 4
2022-02-16T07:18:02Z,81.0,Charge 4
2022-02-16T07:18:12Z,82.0,Charge 4
2022-02-16T07:18:17Z,81.0,Charge 4
2022-02-16T07:18:32Z,82.0,Charge 4
2022-02-16T07:18:37Z,84.0,Charge 4
2022-02-16T07:18:42Z,85.0,Charge 4
2022-02-16T07:18:57Z,85.0,Charge 4
2022-02-16T07:19:07Z,84.0,Charge 4
2022-02-16T07:19:12Z,82.0,Charge 4
2022-02-16T07:19:17Z,81.0,Charge 4
2022-02-16T07:19:32Z,81.0,Charge 4
2022-02-16T07:19:42Z,80.0,Charge 4
2022-02-16T07:19:47Z,81.0,Charge 4
2022-02-16T07:19:52Z,82.0,Charge 4
2022-02-16T07:20:07Z,82.0,Charge 4
2022-02-16T07:20:22Z,82.0,Charge 4
2022-02-16T07:20:27Z,84.0,Charge 4
2022-02-16T07:20:42Z,84.0,Charge 4
2022-02-16T07:20:47Z,83.0,Charge 4
2022-02-16T07:20:57Z,82.0,Charge 4
2022-02-16T07:21:07Z,83.0,Charge 4
2022-02-16T07:21:12Z,84.0,Charge 4
2022-02-16T07:21:17Z,85.0,Charge 4
2022-02-16T07:21:23Z,84.0,Charge 4
2022-02-16T07:21:28Z,83.0,Charge 4
2022-02-16T07:21:33Z,82.0,Charge 4
2022-02-16T07:21:48Z,82.0,Charge 4
2022-02-16T07:21:58Z,82.0,Charge 4
2022-02-16T07:22:03Z,81.0,Charge 4
2022-02-16T07:22:18Z,81.0,Charge 4
2022-02-16T07:22:33Z,81.0,Charge 4
2022-02-16T07:22:43Z,82.0,Charge 4
2022-02-16T07:22:48Z,81.0,Charge 4
2022-02-16T07:23:03Z,81.0,Charge 4
2022-02-16T07:23:13Z,82.0,Charge 4
2022-02-16T07:23:23Z,81.0,Charge 4
2022-02-16T07:23:33Z,80.0,Charge 4
2022-02-16T07:23:43Z,79.0,Charge 4
2022-02-16T07:23:58Z,79.0,Charge 4
2022-02-16T07:24:13Z,80.0,Charge 4
2022-02-16T07:24:28Z,81.0,Charge 4
2022-02-16T07:24:33Z,81.0,Charge 4
2022-02-16T07:24:43Z,82.0,Charge 4
2022-02-16T07:24:48Z,84.0,Charge 4
2022-02-16T07:24:53Z,87.0,Charge 4
2022-02-16T07:25:08Z,87.0,Charge 4
2022-02-16T07:25:09Z,86.0,Charge 4
2022-02-16T07:25:14Z,85.0,Charge 4
2022-02-16T07:25:29Z,84.0,Charge 4
2022-02-16T07:25:39Z,83.0,Charge 4
2022-02-16T07:25:44Z,82.0,Charge 4
2022-02-16T07:25:54Z,83.0,Charge 4
2022-02-16T07:25:59Z,84.0,Charge 4
2022-02-16T07:26:09Z,85.0,Charge 4
2022-02-16T07:26:14Z,87.0,Charge 4
2022-02-16T07:26:29Z,87.0,Charge 4
2022-02-16T07:26:34Z,88.0,Charge 4
2022-02-16T07:26:39Z,89.0,Charge 4
2022-02-16T07:26:49Z,90.0,Charge 4
2022-02-16T07:27:04Z,90.0,Charge 4
2022-02-16T07:27:09Z,89.0,Charge 4
2022-02-16T07:27:14Z,87.0,Charge 4
2022-02-16T07:27:29Z,87.0,Charge 4
2022-02-16T07:27:34Z,86.0,Charge 4
2022-02-16T07:27:39Z,87.0,Charge 4
2022-02-16T07:27:49Z,86.0,Charge 4
2022-02-16T07:28:04Z,84.0,Charge 4
2022-02-16T07:28:19Z,83.0,Charge 4
2022-02-16T07:28:34Z,83.0,Charge 4
2022-02-16T07:28:49Z,83.0,Charge 4
2022-02-16T07:28:54Z,82.0,Charge 4
2022-02-16T07:29:09Z,82.0,Charge 4
2022-02-16T07:29:14Z,82.0,Charge 4
2022-02-16T07:29:19Z,81.0,Charge 4
2022-02-16T07:29:24Z,80.0,Charge 4
2022-02-16T07:29:39Z,80.0,Charge 4
2022-02-16T07:29:54Z,80.0,Charge 4
2022-02-16T07:30:04Z,81.0,Charge 4
2022-02-16T07:30:14Z,81.0,Charge 4
2022-02-16T07:30:29Z,81.0,Charge 4
2022-02-16T07:30:44Z,81.0,Charge 4
2022-02-16T07:30:54Z,82.0,Charge 4
2022-02-16T07:30:59Z,83.0,Charge 4
2022-02-16T07:31:14Z,82.0,Charge 4
2022-02-16T07:31:24Z,81.0,Charge 4
2022-02-16T07:31:29Z,82.0,Charge 4
2022-02-16T07:31:44Z,82.0,Charge 4
2022-02-16T07:31:49Z,85.0,Charge 4
2022-02-16T07:32:04Z,85.0,Charge 4
2022-02-16T07:32:09Z,85.0,Charge 4
2022-02-16T07:32:14Z,82.0,Charge 4
2022-02-16T07:32:19Z,81.0,Charge 4
2022-02-16T07:32:34Z,81.0,Charge 4
2022-02-16T07:32:44Z,80.0,Charge 4
2022-02-16T07:32:49Z,79.0,Charge 4
2022-02-16T07:33:04Z,79.0,Charge 4
2022-02-16T07:33:14Z,81.0,Charge 4
2022-02-16T07:33:19Z,81.0,Charge 4
2022-02-16T07:33:29Z,81.0,Charge 4
2022-02-16T07:33:35Z,80.0,Charge 4
2022-02-16T07:33:50Z,80.0,Charge 4
2022-02-16T07:33:55Z,80.0,Charge 4
2022-02-16T07:34:00Z,79.0,Charge 4
2022-02-16T07:34:05Z,78.0,Charge 4
2022-02-16T07:34:15Z,79.0,Charge 4
2022-02-16T07:34:25Z,80.0,Charge 4
2022-02-16T07:34:35Z,79.0,Charge 4
2022-02-16T07:34:45Z,80.0,Charge 4
2022-02-16T07:34:50Z,81.0,Charge 4
2022-02-16T07:34:55Z,80.0,Charge 4
2022-02-16T07:35:10Z,80.0,Charge 4
2022-02-16T07:35:15Z,81.0,Charge 4
2022-02-16T07:35:30Z,81.0,Charge 4
2022-02-16T07:35:45Z,81.0,Charge 4
2022-02-16T07:35:50Z,80.0,Charge 4
2022-02-16T07:36:05Z,80.0,Charge 4
2022-02-16T07:36:10Z,79.0,Charge 4
2022-02-16T07:36:15Z,78.0,Charge 4
2022-02-16T07:36:30Z,78.0,Charge 4
2022-02-16T07:36:35Z,79.0,Charge 4
2022-02-16T07:36:50Z,79.0,Charge 4
2022-02-16T07:37:00Z,80.0,Charge 4
2022-02-16T07:37:15Z,80.0,Charge 4
2022-02-16T07:37:25Z,81.0,Charge 4
2022-02-16T07:37:40Z,81.0,Charge 4
2022-02-16T07:37:55Z,81.0,Charge 4
2022-02-16T07:38:00Z,81.0,Charge 4
2022-02-16T07:38:10Z,78.0,Charge 4
2022-02-16T07:38:25Z,80.0,Charge 4
2022-02-16T07:38:30Z,81.0,Charge 4
2022-02-16T07:38:45Z,80.0,Charge 4
2022-02-16T07:39:00Z,80.0,Charge 4
2022-02-16T07:39:15Z,81.0,Charge 4
2022-02-16T07:39:30Z,81.0,Charge 4
2022-02-16T07:39:35Z,82.0,Charge 4
2022-02-16T07:39:50Z,82.0,Charge 4
2022-02-16T07:39:55Z,83.0,Charge 4
2022-02-16T07:40:00Z,82.0,Charge 4
2022-02-16T07:40:15Z,82.0,Charge 4
2022-02-16T07:40:25Z,80.0,Charge 4
2022-02-16T07:40:30Z,79.0,Charge 4
2022-02-16T07:40:40Z,80.0,Charge 4
2022-02-16T07:40:45Z,81.0,Charge 4
2022-02-16T07:41:00Z,81.0,Charge 4
2022-02-16T07:41:10Z,82.0,Charge 4
2022-02-16T07:41:25Z,82.0,Charge 4
2022-02-16T07:41:40Z,82.0,Charge 4
2022-02-16T07:41:45Z,81.0,Charge 4
2022-02-16T07:42:00Z,81.0,Charge 4
2022-02-16T07:42:26Z,84.0,Charge 4
2022-02-16T07:42:31Z,83.0,Charge 4
2022-02-16T07:42:36Z,80.0,Charge 4
2022-02-16T07:42:41Z,80.0,Charge 4
2022-02-16T07:42:51Z,81.0,Charge 4
2022-02-16T07:43:01Z,82.0,Charge 4
2022-02-16T07:43:11Z,82.0,Charge 4
2022-02-16T07:43:26Z,82.0,Charge 4
2022-02-16T07:43:31Z,83.0,Charge 4
2022-02-16T07:43:41Z,83.0,Charge 4
2022-02-16T07:43:46Z,84.0,Charge 4
2022-02-16T07:43:51Z,83.0,Charge 4
2022-02-16T07:43:56Z,84.0,Charge 4
2022-02-16T07:44:06Z,84.0,Charge 4
2022-02-16T07:44:11Z,84.0,Charge 4
2022-02-16T07:44:16Z,83.0,Charge 4
2022-02-16T07:44:26Z,82.0,Charge 4
2022-02-16T07:44:41Z,82.0,Charge 4
2022-02-16T07:44:56Z,82.0,Charge 4
2022-02-16T07:45:06Z,82.0,Charge 4
2022-02-16T07:45:21Z,82.0,Charge 4
2022-02-16T07:45:26Z,81.0,Charge 4
2022-02-16T07:45:36Z,81.0,Charge 4
2022-02-16T07:45:51Z,81.0,Charge 4
2022-02-16T07:46:06Z,81.0,Charge 4
2022-02-16T07:46:11Z,81.0,Charge 4
2022-02-16T07:46:16Z,82.0,Charge 4
2022-02-16T07:46:21Z,82.0,Charge 4
2022-02-16T07:46:31Z,82.0,Charge 4
2022-02-16T07:46:36Z,80.0,Charge 4
2022-02-16T07:46:46Z,79.0,Charge 4
2022-02-16T07:46:56Z,80.0,Charge 4
2022-02-16T07:47:11Z,80.0,Charge 4
2022-02-16T07:47:16Z,82.0,Charge 4
2022-02-16T07:47:31Z,82.0,Charge 4
2022-02-16T07:47:46Z,82.0,Charge 4
2022-02-16T07:48:01Z,81.0,Charge 4
2022-02-16T07:48:16Z,81.0,Charge 4
2022-02-16T07:48:31Z,81.0,Charge 4
2022-02-16T07:48:46Z,81.0,Charge 4
2022-02-16T07:49:01Z,81.0,Charge 4
2022-02-16T07:49:06Z,80.0,Charge 4
2022-02-16T07:49:21Z,80.0,Charge 4
2022-02-16T07:49:31Z,79.0,Charge 4
2022-02-16T07:49:36Z,79.0,Charge 4
2022-02-16T07:49:51Z,79.0,Charge 4
2022-02-16T07:50:06Z,80.0,Charge 4
2022-02-16T07:50:16Z,80.0,Charge 4
2022-02-16T07:50:31Z,80.0,Charge 4
2022-02-16T07:50:46Z,80.0,Charge 4
2022-02-16T07:50:51Z,84.0,Charge 4
2022-02-16T07:50:57Z,86.0,Charge 4
2022-02-16T07:51:12Z,85.0,Charge 4
2022-02-16T07:51:27Z,85.0,Charge 4
2022-02-16T07:51:37Z,83.0,Charge 4
2022-02-16T07:51:42Z,81.0,Charge 4
2022-02-16T07:51:47Z,82.0,Charge 4
2022-02-16T07:51:52Z,83.0,Charge 4
2022-02-16T07:52:02Z,82.0,Charge 4
2022-02-16T07:52:17Z,82.0,Charge 4
2022-02-16T07:52:32Z,82.0,Charge 4
2022-02-16T07:52:37Z,81.0,Charge 4
2022-02-16T07:52:52Z,81.0,Charge 4
2022-02-16T07:52:57Z,82.0,Charge 4
2022-02-16T07:53:07Z,83.0,Charge 4
2022-02-16T07:53:22Z,84.0,Charge 4
2022-02-16T07:53:32Z,83.0,Charge 4
2022-02-16T07:53:37Z,82.0,Charge 4
2022-02-16T07:53:47Z,81.0,Charge 4
2022-02-16T07:53:52Z,81.0,Charge 4
2022-02-16T07:54:07Z,81.0,Charge 4
2022-02-16T07:54:22Z,81.0,Charge 4
2022-02-16T07:54:37Z,81.0,Charge 4
2022-02-16T07:54:42Z,81.0,Charge 4
2022-02-16T07:54:47Z,82.0,Charge 4
2022-02-16T07:54:52Z,83.0,Charge 4
2022-02-16T07:55:02Z,82.0,Charge 4
2022-02-16T07:55:17Z,83.0,Charge 4
2022-02-16T07:55:22Z,83.0,Charge 4
2022-02-16T07:55:32Z,89.0,Charge 4
2022-02-16T07:55:37Z,90.0,Charge 4
2022-02-16T07:55:42Z,85.0,Charge 4
2022-02-16T07:55:47Z,83.0,Charge 4
2022-02-16T07:55:52Z,84.0,Charge 4
2022-02-16T07:56:02Z,85.0,Charge 4
2022-02-16T07:56:07Z,89.0,Charge 4
2022-02-16T07:56:12Z,91.0,Charge 4
2022-02-16T07:56:22Z,90.0,Charge 4
2022-02-16T07:56:27Z,89.0,Charge 4
2022-02-16T07:56:37Z,89.0,Charge 4
2022-02-16T07:56:42Z,91.0,Charge 4
2022-02-16T07:56:47Z,92.0,Charge 4
2022-02-16T07:57:02Z,90.0,Charge 4
2022-02-16T07:57:07Z,85.0,Charge 4
2022-02-16T07:57:12Z,84.0,Charge 4
2022-02-16T07:57:17Z,85.0,Charge 4
2022-02-16T07:57:22Z,86.0,Charge 4
2022-02-16T07:57:27Z,87.0,Charge 4
2022-02-16T07:57:37Z,88.0,Charge 4
2022-02-16T07:57:42Z,87.0,Charge 4
2022-02-16T07:57:57Z,87.0,Charge 4
2022-02-16T07:58:02Z,82.0,Charge 4
2022-02-16T07:58:07Z,78.0,Charge 4
2022-02-16T07:58:12Z,77.0,Charge 4
2022-02-16T07:58:18Z,77.0,Charge 4
2022-02-16T07:58:23Z,80.0,Charge 4
2022-02-16T07:58:33Z,81.0,Charge 4
2022-02-16T07:58:38Z,83.0,Charge 4
2022-02-16T07:58:43Z,84.0,Charge 4
2022-02-16T07:58:58Z,84.0,Charge 4
2022-02-16T07:59:13Z,86.0,Charge 4
2022-02-16T07:59:18Z,88.0,Charge 4
2022-02-16T07:59:23Z,83.0,Charge 4
2022-02-16T07:59:28Z,81.0,Charge 4
2022-02-16T07:59:38Z,82.0,Charge 4
2022-02-16T07:59:43Z,83.0,Charge 4
2022-02-16T07:59:53Z,84.0,Charge 4
2022-02-16T07:59:58Z,85.0,Charge 4
2022-02-16T08:00:08Z,87.0,Charge 4
2022-02-16T08:00:13Z,90.0,Charge 4
2022-02-16T08:00:18Z,91.0,Charge 4
2022-02-16T08:00:23Z,92.0,Charge 4
2022-02-16T08:00:28Z,94.0,Charge 4
2022-02-16T08:00:33Z,93.0,Charge 4
2022-02-16T08:00:38Z,90.0,Charge 4
2022-02-16T08:00:43Z,83.0,Charge 4
2022-02-16T08:00:48Z,81.0,Charge 4
2022-02-16T08:01:03Z,81.0,Charge 4
2022-02-16T08:01:18Z,81.0,Charge 4
2022-02-16T08:01:23Z,80.0,Charge 4
2022-02-16T08:01:28Z,79.0,Charge 4
2022-02-16T08:01:33Z,78.0,Charge 4
2022-02-16T08:01:38Z,77.0,Charge 4
2022-02-16T08:01:53Z,77.0,Charge 4
2022-02-16T08:02:03Z,77.0,Charge 4
2022-02-16T08:02:08Z,79.0,Charge 4
2022-02-16T08:02:23Z,80.0,Charge 4
2022-02-16T08:02:33Z,82.0,Charge 4
2022-02-16T08:02:38Z,85.0,Charge 4
2022-02-16T08:02:43Z,87.0,Charge 4
2022-02-16T08:02:48Z,88.0,Charge 4
2022-02-16T08:02:53Z,89.0,Charge 4
2022-02-16T08:03:03Z,90.0,Charge 4
2022-02-16T08:03:08Z,89.0,Charge 4
2022-02-16T08:03:18Z,90.0,Charge 4
2022-02-16T08:03:28Z,96.0,Charge 4
2022-02-16T08:03:33Z,99.0,Charge 4
2022-02-16T08:03:38Z,97.0,Charge 4
2022-02-16T08:03:43Z,96.0,Charge 4
2022-02-16T08:03:58Z,96.0,Charge 4
2022-02-16T08:04:03Z,97.0,Charge 4
2022-02-16T08:04:08Z,93.0,Charge 4
2022-02-16T08:04:13Z,91.0,Charge 4
2022-02-16T08:04:18Z,90.0,Charge 4
2022-02-16T08:04:28Z,87.0,Charge 4
2022-02-16T08:04:33Z,85.0,Charge 4
2022-02-16T08:04:43Z,84.0,Charge 4
2022-02-16T08:04:48Z,84.0,Charge 4
2022-02-16T08:04:53Z,85.0,Charge 4
2022-02-16T08:05:03Z,84.0,Charge 4
2022-02-16T08:05:08Z,82.0,Charge 4
2022-02-16T08:05:13Z,80.0,Charge 4
2022-02-16T08:05:23Z,80.0,Charge 4
2022-02-16T08:05:33Z,81.0,Charge 4
2022-02-16T08:05:38Z,82.0,Charge 4
2022-02-16T08:05:48Z,82.0,Charge 4
2022-02-16T08:06:03Z,82.0,Charge 4
2022-02-16T08:06:08Z,81.0,Charge 4
2022-02-16T08:06:13Z,80.0,Charge 4
2022-02-16T08:06:23Z,81.0,Charge 4
2022-02-16T08:06:28Z,82.0,Charge 4
2022-02-16T08:06:38Z,81.0,Charge 4
2022-02-16T08:06:43Z,79.0,Charge 4
2022-02-16T08:06:48Z,78.0,Charge 4
2022-02-16T08:06:53Z,77.0,Charge 4
2022-02-16T08:06:58Z,76.0,Charge 4
2022-02-16T08:07:13Z,77.0,Charge 4
2022-02-16T08:07:23Z,78.0,Charge 4
2022-02-16T08:07:38Z,76.0,Charge 4
2022-02-16T08:07:48Z,75.0,Charge 4
2022-02-16T08:08:03Z,76.0,Charge 4
2022-02-16T08:08:13Z,77.0,Charge 4
2022-02-16T08:08:28Z,78.0,Charge 4
2022-02-16T08:08:43Z,78.0,Charge 4
2022-02-16T08:08:53Z,81.0,Charge 4
2022-02-16T08:08:58Z,83.0,Charge 4
2022-02-16T08:09:08Z,81.0,Charge 4
2022-02-16T08:09:13Z,80.0,Charge 4
2022-02-16T08:09:28Z,80.0,Charge 4
2022-02-16T08:09:33Z,79.0,Charge 4
2022-02-16T08:09:48Z,79.0,Charge 4
2022-02-16T08:09:53Z,78.0,Charge 4
2022-02-16T08:09:58Z,77.0,Charge 4
2022-02-16T08:10:13Z,76.0,Charge 4
2022-02-16T08:10:18Z,75.0,Charge 4
2022-02-16T08:10:23Z,76.0,Charge 4
2022-02-16T08:10:38Z,76.0,Charge 4
2022-02-16T08:10:53Z,76.0,Charge 4
2022-02-16T08:10:58Z,77.0,Charge 4
2022-02-16T08:11:03Z,79.0,Charge 4
2022-02-16T08:11:08Z,80.0,Charge 4
2022-02-16T08:11:13Z,81.0,Charge 4
2022-02-16T08:11:28Z,81.0,Charge 4
2022-02-16T08:11:33Z,83.0,Charge 4
2022-02-16T08:11:43Z,85.0,Charge 4
2022-02-16T08:11:53Z,86.0,Charge 4
2022-02-16T08:12:03Z,86.0,Charge 4
2022-02-16T08:12:08Z,84.0,Charge 4
2022-02-16T08:12:13Z,83.0,Charge 4
2022-02-16T08:12:28Z,83.0,Charge 4
2022-02-16T08:12:33Z,78.0,Charge 4
2022-02-16T08:12:38Z,75.0,Charge 4
2022-02-16T08:12:53Z,75.0,Charge 4
2022-02-16T08:12:58Z,76.0,Charge 4
2022-02-16T08:13:03Z,77.0,Charge 4
2022-02-16T08:13:13Z,78.0,Charge 4
2022-02-16T08:13:18Z,77.0,Charge 4
2022-02-16T08:13:33Z,77.0,Charge 4
2022-02-16T08:13:38Z,77.0,Charge 4
2022-02-16T08:13:48Z,77.0,Charge 4
2022-02-16T08:13:53Z,78.0,Charge 4
2022-02-16T08:14:08Z,78.0,Charge 4
2022-02-16T08:14:18Z,78.0,Charge 4
2022-02-16T08:14:23Z,78.0,Charge 4
2022-02-16T08:14:33Z,77.0,Charge 4
2022-02-16T08:14:38Z,79.0,Charge 4
2022-02-16T08:14:43Z,81.0,Charge 4
2022-02-16T08:14:48Z,82.0,Charge 4
2022-02-16T08:14:58Z,82.0,Charge 4
2022-02-16T08:15:08Z,81.0,Charge 4
2022-02-16T08:15:13Z,80.0,Charge 4
2022-02-16T08:15:18Z,79.0,Charge 4
2022-02-16T08:15:23Z,78.0,Charge 4
2022-02-16T08:15:28Z,77.0,Charge 4
2022-02-16T08:15:38Z,78.0,Charge 4
2022-02-16T08:15:53Z,78.0,Charge 4
2022-02-16T08:15:58Z,79.0,Charge 4
2022-02-16T08:16:04Z,79.0,Charge 4
2022-02-16T08:16:09Z,78.0,Charge 4
2022-02-16T08:16:14Z,77.0,Charge 4
2022-02-16T08:16:19Z,78.0,Charge 4
2022-02-16T08:16:29Z,79.0,Charge 4
2022-02-16T08:16:39Z,78.0,Charge 4
2022-02-16T08:16:44Z,77.0,Charge 4
2022-02-16T08:16:54Z,78.0,Charge 4
2022-02-16T08:16:59Z,79.0,Charge 4
2022-02-16T08:17:04Z,80.0,Charge 4
2022-02-16T08:17:09Z,81.0,Charge 4
2022-02-16T08:17:24Z,81.0,Charge 4
2022-02-16T08:17:39Z,81.0,Charge 4
2022-02-16T08:17:44Z,80.0,Charge 4
2022-02-16T08:17:54Z,78.0,Charge 4
2022-02-16T08:17:59Z,76.0,Charge 4
2022-02-16T08:18:04Z,75.0,Charge 4
2022-02-16T08:18:09Z,73.0,Charge 4
2022-02-16T08:18:14Z,73.0,Charge 4
2022-02-16T08:18:19Z,74.0,Charge 4
2022-02-16T08:18:24Z,76.0,Charge 4
2022-02-16T08:18:34Z,77.0,Charge 4
2022-02-16T08:18:39Z,79.0,Charge 4
2022-02-16T08:18:49Z,78.0,Charge 4
2022-02-16T08:18:54Z,78.0,Charge 4
2022-02-16T08:19:04Z,79.0,Charge 4
2022-02-16T08:19:09Z,78.0,Charge 4
2022-02-16T08:19:15Z,79.0,Charge 4
2022-02-16T08:19:20Z,80.0,Charge 4
2022-02-16T08:19:35Z,80.0,Charge 4
2022-02-16T08:19:40Z,79.0,Charge 4
2022-02-16T08:19:55Z,79.0,Charge 4
2022-02-16T08:20:10Z,80.0,Charge 4
2022-02-16T08:20:15Z,81.0,Charge 4
2022-02-16T08:20:25Z,82.0,Charge 4
2022-02-16T08:20:30Z,83.0,Charge 4
2022-02-16T08:20:35Z,84.0,Charge 4
2022-02-16T08:20:40Z,83.0,Charge 4
2022-02-16T08:20:45Z,81.0,Charge 4
2022-02-16T08:20:55Z,80.0,Charge 4
2022-02-16T08:21:00Z,79.0,Charge 4
2022-02-16T08:21:05Z,79.0,Charge 4
2022-02-16T08:21:10Z,79.0,Charge 4
2022-02-16T08:21:15Z,78.0,Charge 4
2022-02-16T08:21:20Z,77.0,Charge 4
2022-02-16T08:21:35Z,77.0,Charge 4
2022-02-16T08:21:40Z,78.0,Charge 4
2022-02-16T08:21:45Z,79.0,Charge 4
2022-02-16T08:21:55Z,81.0,Charge 4
2022-02-16T08:22:00Z,82.0,Charge 4
2022-02-16T08:22:05Z,81.0,Charge 4
2022-02-16T08:22:10Z,80.0,Charge 4
2022-02-16T08:22:15Z,80.0,Charge 4
2022-02-16T08:22:25Z,81.0,Charge 4
2022-02-16T08:22:30Z,82.0,Charge 4
2022-02-16T08:22:45Z,79.0,Charge 4
2022-02-16T08:22:50Z,79.0,Charge 4
2022-02-16T08:23:05Z,80.0,Charge 4
2022-02-16T08:23:10Z,80.0,Charge 4
2022-02-16T08:23:25Z,79.0,Charge 4
2022-02-16T08:23:30Z,78.0,Charge 4
2022-02-16T08:23:45Z,79.0,Charge 4
2022-02-16T08:23:55Z,80.0,Charge 4
2022-02-16T08:24:00Z,81.0,Charge 4
2022-02-16T08:24:05Z,82.0,Charge 4
2022-02-16T08:24:10Z,82.0,Charge 4
2022-02-16T08:24:15Z,82.0,Charge 4
2022-02-16T08:24:20Z,78.0,Charge 4
2022-02-16T08:24:25Z,75.0,Charge 4
2022-02-16T08:24:30Z,73.0,Charge 4
2022-02-16T08:24:35Z,72.0,Charge 4
2022-02-16T08:24:45Z,71.0,Charge 4
2022-02-16T08:24:50Z,72.0,Charge 4
2022-02-16T08:24:55Z,73.0,Charge 4
2022-02-16T08:25:10Z,73.0,Charge 4
2022-02-16T08:25:25Z,75.0,Charge 4
2022-02-16T08:25:30Z,76.0,Charge 4
2022-02-16T08:25:35Z,75.0,Charge 4
2022-02-16T08:25:45Z,75.0,Charge 4
2022-02-16T08:26:00Z,75.0,Charge 4
2022-02-16T08:26:05Z,76.0,Charge 4
2022-02-16T08:26:10Z,77.0,Charge 4
2022-02-16T08:26:15Z,77.0,Charge 4
2022-02-16T08:26:25Z,78.0,Charge 4
2022-02-16T08:26:30Z,78.0,Charge 4
2022-02-16T08:26:40Z,79.0,Charge 4
2022-02-16T08:26:55Z,79.0,Charge 4
2022-02-16T08:27:00Z,79.0,Charge 4
2022-02-16T08:27:05Z,78.0,Charge 4
2022-02-16T08:27:15Z,79.0,Charge 4
2022-02-16T08:27:25Z,83.0,Charge 4
2022-02-16T08:27:30Z,84.0,Charge 4
2022-02-16T08:27:35Z,84.0,Charge 4
2022-02-16T08:27:45Z,83.0,Charge 4
2022-02-16T08:27:50Z,82.0,Charge 4
2022-02-16T08:27:55Z,79.0,Charge 4
2022-02-16T08:28:00Z,78.0,Charge 4
2022-02-16T08:28:05Z,77.0,Charge 4
2022-02-16T08:28:10Z,77.0,Charge 4
2022-02-16T08:28:25Z,77.0,Charge 4
2022-02-16T08:28:30Z,80.0,Charge 4
2022-02-16T08:28:45Z,80.0,Charge 4
2022-02-16T08:28:50Z,77.0,Charge 4
2022-02-16T08:28:55Z,76.0,Charge 4
2022-02-16T08:29:05Z,76.0,Charge 4
2022-02-16T08:29:10Z,75.0,Charge 4
2022-02-16T08:29:16Z,75.0,Charge 4
2022-02-16T08:29:21Z,75.0,Charge 4
2022-02-16T08:29:26Z,74.0,Charge 4
2022-02-16T08:29:31Z,75.0,Charge 4
2022-02-16T08:29:36Z,76.0,Charge 4
2022-02-16T08:29:41Z,79.0,Charge 4
2022-02-16T08:29:51Z,78.0,Charge 4
2022-02-16T08:29:56Z,77.0,Charge 4
2022-02-16T08:30:06Z,78.0,Charge 4
2022-02-16T08:30:11Z,79.0,Charge 4
2022-02-16T08:30:16Z,80.0,Charge 4
2022-02-16T08:30:21Z,83.0,Charge 4
2022-02-16T08:30:26Z,84.0,Charge 4
2022-02-16T08:30:36Z,83.0,Charge 4
2022-02-16T08:30:41Z,82.0,Charge 4
2022-02-16T08:30:51Z,81.0,Charge 4
2022-02-16T08:30:56Z,80.0,Charge 4
2022-02-16T08:31:01Z,79.0,Charge 4
2022-02-16T08:31:06Z,77.0,Charge 4
2022-02-16T08:31:16Z,76.0,Charge 4
2022-02-16T08:31:21Z,75.0,Charge 4
2022-02-16T08:31:26Z,75.0,Charge 4
2022-02-16T08:31:41Z,75.0,Charge 4
2022-02-16T08:31:56Z,75.0,Charge 4
2022-02-16T08:32:01Z,78.0,Charge 4
2022-02-16T08:32:06Z,79.0,Charge 4
2022-02-16T08:32:11Z,80.0,Charge 4
2022-02-16T08:32:16Z,81.0,Charge 4
2022-02-16T08:32:31Z,81.0,Charge 4
2022-02-16T08:32:36Z,82.0,Charge 4
2022-02-16T08:32:51Z,83.0,Charge 4
2022-02-16T08:33:06Z,83.0,Charge 4
2022-02-16T08:33:11Z,81.0,Charge 4
2022-02-16T08:33:26Z,81.0,Charge 4
2022-02-16T08:33:41Z,81.0,Charge 4
2022-02-16T08:33:46Z,82.0,Charge 4
2022-02-16T08:33:51Z,85.0,Charge 4
2022-02-16T08:33:56Z,86.0,Charge 4
2022-02-16T08:34:11Z,88.0,Charge 4
2022-02-16T08:34:16Z,92.0,Charge 4
2022-02-16T08:34:26Z,91.0,Charge 4
2022-02-16T08:34:31Z,90.0,Charge 4
2022-02-16T08:34:46Z,90.0,Charge 4
2022-02-16T08:35:01Z,91.0,Charge 4
2022-02-16T08:35:16Z,91.0,Charge 4
2022-02-16T08:35:21Z,90.0,Charge 4
2022-02-16T08:35:26Z,89.0,Charge 4
2022-02-16T08:35:36Z,94.0,Charge 4
2022-02-16T08:35:41Z,98.0,Charge 4
2022-02-16T08:35:46Z,100.0,Charge 4
2022-02-16T08:35:51Z,101.0,Charge 4
2022-02-16T08:36:06Z,105.0,Charge 4
2022-02-16T08:36:11Z,107.0,Charge 4
2022-02-16T08:36:16Z,104.0,Charge 4
2022-02-16T08:36:21Z,103.0,Charge 4
2022-02-16T08:36:26Z,104.0,Charge 4
2022-02-16T08:36:31Z,106.0,Charge 4
2022-02-16T08:36:41Z,106.0,Charge 4
2022-02-16T08:36:46Z,107.0,Charge 4
2022-02-16T08:36:51Z,105.0,Charge 4
2022-02-16T08:37:06Z,106.0,Charge 4
2022-02-16T08:37:11Z,106.0,Charge 4
2022-02-16T08:37:21Z,107.0,Charge 4
2022-02-16T08:37:26Z,107.0,Charge 4
2022-02-16T08:37:31Z,105.0,Charge 4
2022-02-16T08:37:36Z,103.0,Charge 4
2022-02-16T08:37:41Z,102.0,Charge 4
2022-02-16T08:37:46Z,102.0,Charge 4
2022-02-16T08:37:51Z,99.0,Charge 4
2022-02-16T08:37:56Z,100.0,Charge 4
2022-02-16T08:38:01Z,102.0,Charge 4
2022-02-16T08:38:16Z,105.0,Charge 4
2022-02-16T08:38:26Z,108.0,Charge 4
2022-02-16T08:38:31Z,109.0,Charge 4
2022-02-16T08:38:46Z,109.0,Charge 4
2022-02-16T08:38:51Z,110.0,Charge 4
2022-02-16T08:39:01Z,109.0,Charge 4
2022-02-16T08:39:06Z,108.0,Charge 4
2022-02-16T08:39:11Z,109.0,Charge 4
2022-02-16T08:39:16Z,110.0,Charge 4
2022-02-16T08:39:21Z,112.0,Charge 4
2022-02-16T08:39:26Z,112.0,Charge 4
2022-02-16T08:39:31Z,112.0,Charge 4
2022-02-16T08:39:36Z,115.0,Charge 4
2022-02-16T08:39:41Z,114.0,Charge 4
2022-02-16T08:39:46Z,113.0,Charge 4
2022-02-16T08:39:51Z,116.0,Charge 4
2022-02-16T08:39:56Z,119.0,Charge 4
2022-02-16T08:40:01Z,119.0,Charge 4
2022-02-16T08:40:06Z,117.0,Charge 4
2022-02-16T08:40:11Z,114.0,Charge 4
2022-02-16T08:40:16Z,113.0,Charge 4
2022-02-16T08:40:21Z,114.0,Charge 4
2022-02-16T08:40:26Z,112.0,Charge 4
2022-02-16T08:40:31Z,109.0,Charge 4
2022-02-16T08:40:41Z,107.0,Charge 4
2022-02-16T08:40:46Z,106.0,Charge 4
2022-02-16T08:40:51Z,105.0,Charge 4
2022-02-16T08:40:56Z,102.0,Charge 4
2022-02-16T08:41:01Z,98.0,Charge 4
2022-02-16T08:41:06Z,97.0,Charge 4
2022-02-16T08:41:11Z,98.0,Charge 4
2022-02-16T08:41:16Z,99.0,Charge 4
2022-02-16T08:41:21Z,98.0,Charge 4
2022-02-16T08:41:26Z,97.0,Charge 4
2022-02-16T08:41:31Z,96.0,Charge 4
2022-02-16T08:41:36Z,94.0,Charge 4
2022-02-16T08:41:41Z,95.0,Charge 4
2022-02-16T08:41:47Z,95.0,Charge 4
2022-02-16T08:41:52Z,98.0,Charge 4
2022-02-16T08:41:57Z,99.0,Charge 4
2022-02-16T08:42:02Z,100.0,Charge 4
2022-02-16T08:42:07Z,101.0,Charge 4
2022-02-16T08:42:12Z,100.0,Charge 4
2022-02-16T08:42:17Z,101.0,Charge 4
2022-02-16T08:42:22Z,100.0,Charge 4
2022-02-16T08:42:27Z,98.0,Charge 4
2022-02-16T08:42:32Z,97.0,Charge 4
2022-02-16T08:42:37Z,101.0,Charge 4
2022-02-16T08:42:42Z,101.0,Charge 4
2022-02-16T08:42:47Z,100.0,Charge 4
2022-02-16T08:42:52Z,99.0,Charge 4
2022-02-16T08:43:02Z,97.0,Charge 4
2022-02-16T08:43:07Z,95.0,Charge 4
2022-02-16T08:43:12Z,94.0,Charge 4
2022-02-16T08:43:17Z,92.0,Charge 4
2022-02-16T08:43:22Z,89.0,Charge 4
2022-02-16T08:43:27Z,87.0,Charge 4
2022-02-16T08:43:32Z,86.0,Charge 4
2022-02-16T08:43:47Z,86.0,Charge 4
2022-02-16T08:43:52Z,87.0,Charge 4
2022-02-16T08:44:02Z,88.0,Charge 4
2022-02-16T08:44:07Z,87.0,Charge 4
2022-02-16T08:44:22Z,87.0,Charge 4
2022-02-16T08:44:27Z,86.0,Charge 4
2022-02-16T08:44:35Z,82.0,Charge 4
2022-02-16T08:44:50Z,83.0,Charge 4
2022-02-16T08:45:00Z,84.0,Charge 4
2022-02-16T08:45:05Z,82.0,Charge 4
2022-02-16T08:45:20Z,82.0,Charge 4
2022-02-16T08:45:30Z,83.0,Charge 4
2022-02-16T08:45:35Z,84.0,Charge 4
2022-02-16T08:45:40Z,85.0,Charge 4
2022-02-16T08:45:45Z,83.0,Charge 4
2022-02-16T08:45:50Z,81.0,Charge 4
2022-02-16T08:46:00Z,82.0,Charge 4
2022-02-16T08:46:15Z,83.0,Charge 4
2022-02-16T08:46:30Z,82.0,Charge 4
2022-02-16T08:46:40Z,83.0,Charge 4
2022-02-16T08:46:45Z,82.0,Charge 4
2022-02-16T08:47:00Z,81.0,Charge 4
2022-02-16T08:47:10Z,82.0,Charge 4
2022-02-16T08:47:25Z,82.0,Charge 4
2022-02-16T08:47:40Z,82.0,Charge 4
2022-02-16T08:47:50Z,83.0,Charge 4
2022-02-16T08:47:55Z,85.0,Charge 4
2022-02-16T08:48:00Z,86.0,Charge 4
2022-02-16T08:48:15Z,86.0,Charge 4
2022-02-16T08:48:20Z,87.0,Charge 4
2022-02-16T08:48:30Z,88.0,Charge 4
2022-02-16T08:48:40Z,90.0,Charge 4
2022-02-16T08:48:45Z,91.0,Charge 4
2022-02-16T08:48:50Z,92.0,Charge 4
2022-02-16T08:48:55Z,93.0,Charge 4
2022-02-16T08:49:00Z,94.0,Charge 4
2022-02-16T08:49:05Z,96.0,Charge 4
2022-02-16T08:49:10Z,98.0,Charge 4
2022-02-16T08:49:15Z,100.0,Charge 4
2022-02-16T08:49:20Z,101.0,Charge 4
2022-02-16T08:49:25Z,102.0,Charge 4
2022-02-16T08:49:30Z,104.0,Charge 4
2022-02-16T08:49:40Z,105.0,Charge 4
2022-02-16T08:49:45Z,107.0,Charge 4
2022-02-16T08:49:55Z,108.0,Charge 4
2022-02-16T08:50:00Z,106.0,Charge 4
2022-02-16T08:50:10Z,109.0,Charge 4
2022-02-16T08:50:25Z,106.0,Charge 4
2022-02-16T08:50:30Z,105.0,Charge 4
2022-02-16T08:50:35Z,104.0,Charge 4
2022-02-16T08:50:45Z,104.0,Charge 4
2022-02-16T08:50:50Z,106.0,Charge 4
2022-02-16T08:51:00Z,105.0,Charge 4
2022-02-16T08:51:05Z,107.0,Charge 4
2022-02-16T08:51:10Z,108.0,Charge 4
2022-02-16T08:51:15Z,109.0,Charge 4
2022-02-16T08:51:20Z,108.0,Charge 4
2022-02-16T08:51:25Z,109.0,Charge 4
2022-02-16T08:51:30Z,111.0,Charge 4
2022-02-16T08:51:35Z,113.0,Charge 4
2022-02-16T08:51:40Z,114.0,Charge 4
2022-02-16T08:51:45Z,111.0,Charge 4
2022-02-16T08:51:50Z,113.0,Charge 4
2022-02-16T08:51:55Z,112.0,Charge 4
2022-02-16T08:52:05Z,113.0,Charge 4
2022-02-16T08:52:10Z,114.0,Charge 4
2022-02-16T08:52:15Z,115.0,Charge 4
2022-02-16T08:52:20Z,116.0,Charge 4
2022-02-16T08:52:25Z,115.0,Charge 4
2022-02-16T08:52:30Z,114.0,Charge 4
2022-02-16T08:52:35Z,115.0,Charge 4
2022-02-16T08:52:40Z,114.0,Charge 4
2022-02-16T08:52:45Z,110.0,Charge 4
2022-02-16T08:52:50Z,109.0,Charge 4
2022-02-16T08:52:55Z,110.0,Charge 4
2022-02-16T08:53:00Z,113.0,Charge 4
2022-02-16T08:53:05Z,115.0,Charge 4
2022-02-16T08:53:10Z,117.0,Charge 4
2022-02-16T08:53:15Z,117.0,Charge 4
2022-02-16T08:53:30Z,115.0,Charge 4
2022-02-16T08:53:35Z,110.0,Charge 4
2022-02-16T08:53:40Z,110.0,Charge 4
2022-02-16T08:53:45Z,113.0,Charge 4
2022-02-16T08:53:50Z,114.0,Charge 4
2022-02-16T08:53:55Z,116.0,Charge 4
2022-02-16T08:54:00Z,119.0,Charge 4
2022-02-16T08:54:05Z,118.0,Charge 4
2022-02-16T08:54:10Z,118.0,Charge 4
2022-02-16T08:54:15Z,120.0,Charge 4
2022-02-16T08:54:20Z,116.0,Charge 4
2022-02-16T08:54:25Z,111.0,Charge 4
2022-02-16T08:54:30Z,107.0,Charge 4
2022-02-16T08:54:35Z,104.0,Charge 4
2022-02-16T08:54:40Z,102.0,Charge 4
2022-02-16T08:54:55Z,102.0,Charge 4
2022-02-16T08:55:10Z,102.0,Charge 4
2022-02-16T08:55:20Z,104.0,Charge 4
2022-02-16T08:55:25Z,106.0,Charge 4
2022-02-16T08:55:30Z,111.0,Charge 4
2022-02-16T08:55:35Z,112.0,Charge 4
2022-02-16T08:55:45Z,111.0,Charge 4
2022-02-16T08:55:50Z,110.0,Charge 4
2022-02-16T08:56:05Z,111.0,Charge 4
2022-02-16T08:56:20Z,113.0,Charge 4
2022-02-16T08:56:25Z,115.0,Charge 4
2022-02-16T08:56:35Z,113.0,Charge 4
2022-02-16T08:56:40Z,111.0,Charge 4
2022-02-16T08:56:45Z,107.0,Charge 4
2022-02-16T08:56:50Z,99.0,Charge 4
2022-02-16T08:56:55Z,94.0,Charge 4
2022-02-16T08:57:10Z,94.0,Charge 4
2022-02-16T08:57:20Z,93.0,Charge 4
2022-02-16T08:57:35Z,93.0,Charge 4
2022-02-16T08:57:42Z,91.0,Charge 4
2022-02-16T08:57:47Z,92.0,Charge 4
2022-02-16T08:57:52Z,92.0,Charge 4
2022-02-16T08:57:57Z,91.0,Charge 4
2022-02-16T08:58:07Z,92.0,Charge 4
2022-02-16T08:58:12Z,92.0,Charge 4
2022-02-16T08:58:17Z,91.0,Charge 4
2022-02-16T08:58:32Z,91.0,Charge 4
2022-02-16T08:58:47Z,91.0,Charge 4
2022-02-16T08:59:02Z,91.0,Charge 4
2022-02-16T08:59:07Z,92.0,Charge 4
2022-02-16T08:59:12Z,93.0,Charge 4
2022-02-16T08:59:27Z,93.0,Charge 4
2022-02-16T08:59:42Z,93.0,Charge 4
2022-02-16T08:59:47Z,92.0,Charge 4
2022-02-16T08:59:52Z,91.0,Charge 4
2022-02-16T08:59:57Z,89.0,Charge 4
2022-02-16T09:00:02Z,88.0,Charge 4
2022-02-16T09:00:17Z,88.0,Charge 4
2022-02-16T09:00:27Z,87.0,Charge 4
2022-02-16T09:00:37Z,86.0,Charge 4
2022-02-16T09:00:42Z,87.0,Charge 4
2022-02-16T09:00:57Z,87.0,Charge 4
2022-02-16T09:01:12Z,87.0,Charge 4
2022-02-16T09:01:27Z,87.0,Charge 4
2022-02-16T09:01:42Z,87.0,Charge 4
2022-02-16T09:01:52Z,86.0,Charge 4
2022-02-16T09:01:57Z,86.0,Charge 4
2022-02-16T09:02:07Z,86.0,Charge 4
2022-02-16T09:02:12Z,87.0,Charge 4
2022-02-16T09:02:22Z,87.0,Charge 4
2022-02-16T09:02:37Z,87.0,Charge 4
2022-02-16T09:02:47Z,86.0,Charge 4
2022-02-16T09:02:52Z,87.0,Charge 4
2022-02-16T09:03:02Z,88.0,Charge 4
2022-02-16T09:03:12Z,89.0,Charge 4
2022-02-16T09:03:22Z,88.0,Charge 4
2022-02-16T09:03:37Z,89.0,Charge 4
2022-02-16T09:03:42Z,90.0,Charge 4
2022-02-16T09:03:52Z,89.0,Charge 4
2022-02-16T09:03:57Z,88.0,Charge 4
2022-02-16T09:04:02Z,88.0,Charge 4
2022-02-16T09:04:07Z,89.0,Charge 4
2022-02-16T09:04:12Z,88.0,Charge 4
2022-02-16T09:04:17Z,87.0,Charge 4
2022-02-16T09:04:27Z,86.0,Charge 4
2022-02-16T09:04:37Z,88.0,Charge 4
2022-02-16T09:04:52Z,88.0,Charge 4
2022-02-16T09:05:07Z,88.0,Charge 4
2022-02-16T09:05:12Z,87.0,Charge 4
2022-02-16T09:05:17Z,88.0,Charge 4
2022-02-16T09:05:22Z,87.0,Charge 4
2022-02-16T09:05:37Z,85.0,Charge 4
2022-02-16T09:05:42Z,85.0,Charge 4
2022-02-16T09:05:47Z,86.0,Charge 4
2022-02-16T09:05:57Z,87.0,Charge 4
2022-02-16T09:06:07Z,87.0,Charge 4
2022-02-16T09:06:17Z,88.0,Charge 4
2022-02-16T09:06:22Z,81.0,Charge 4
2022-02-16T09:06:27Z,83.0,Charge 4
2022-02-16T09:06:32Z,85.0,Charge 4
2022-02-16T09:06:47Z,86.0,Charge 4
2022-02-16T09:06:52Z,85.0,Charge 4
2022-02-16T09:06:57Z,86.0,Charge 4
2022-02-16T09:07:02Z,85.0,Charge 4
2022-02-16T09:07:12Z,86.0,Charge 4
2022-02-16T09:07:27Z,86.0,Charge 4
2022-02-16T09:07:37Z,85.0,Charge 4
2022-02-16T09:07:47Z,87.0,Charge 4
2022-02-16T09:08:02Z,87.0,Charge 4
2022-02-16T09:08:17Z,87.0,Charge 4
2022-02-16T09:08:22Z,88.0,Charge 4
2022-02-16T09:08:37Z,88.0,Charge 4
2022-02-16T09:08:52Z,87.0,Charge 4
2022-02-16T09:09:07Z,88.0,Charge 4
2022-02-16T09:09:12Z,90.0,Charge 4
2022-02-16T09:09:27Z,91.0,Charge 4
2022-02-16T09:09:32Z,92.0,Charge 4
2022-02-16T09:09:37Z,91.0,Charge 4
2022-02-16T09:09:52Z,91.0,Charge 4
2022-02-16T09:10:07Z,91.0,Charge 4
2022-02-16T09:10:12Z,91.0,Charge 4
2022-02-16T09:10:27Z,91.0,Charge 4
2022-02-16T09:10:42Z,91.0,Charge 4
2022-02-16T09:10:47Z,92.0,Charge 4
2022-02-16T09:10:57Z,91.0,Charge 4
2022-02-16T09:11:12Z,89.0,Charge 4
2022-02-16T09:11:27Z,89.0,Charge 4
2022-02-16T09:11:42Z,88.0,Charge 4
2022-02-16T09:11:47Z,87.0,Charge 4
2022-02-16T09:11:52Z,88.0,Charge 4
2022-02-16T09:12:07Z,88.0,Charge 4
2022-02-16T09:12:17Z,87.0,Charge 4
2022-02-16T09:12:22Z,86.0,Charge 4
2022-02-16T09:12:37Z,86.0,Charge 4
2022-02-16T09:12:42Z,85.0,Charge 4
2022-02-16T09:12:47Z,84.0,Charge 4
2022-02-16T09:13:02Z,83.0,Charge 4
2022-02-16T09:13:17Z,83.0,Charge 4
2022-02-16T09:13:22Z,84.0,Charge 4
2022-02-16T09:13:37Z,84.0,Charge 4
2022-02-16T09:13:47Z,83.0,Charge 4
2022-02-16T09:13:52Z,84.0,Charge 4
2022-02-16T09:14:07Z,84.0,Charge 4
2022-02-16T09:14:22Z,85.0,Charge 4
2022-02-16T09:14:32Z,84.0,Charge 4
2022-02-16T09:14:37Z,87.0,Charge 4
2022-02-16T09:14:42Z,92.0,Charge 4
2022-02-16T09:14:47Z,93.0,Charge 4
2022-02-16T09:14:52Z,91.0,Charge 4
2022-02-16T09:14:57Z,90.0,Charge 4
2022-02-16T09:15:07Z,89.0,Charge 4
2022-02-16T09:15:17Z,89.0,Charge 4
2022-02-16T09:15:32Z,89.0,Charge 4
2022-02-16T09:15:37Z,88.0,Charge 4
2022-02-16T09:15:42Z,86.0,Charge 4
2022-02-16T09:15:47Z,85.0,Charge 4
2022-02-16T09:16:02Z,85.0,Charge 4
2022-02-16T09:16:17Z,86.0,Charge 4
2022-02-16T09:16:27Z,85.0,Charge 4
2022-02-16T09:16:32Z,86.0,Charge 4
2022-02-16T09:16:47Z,84.0,Charge 4
2022-02-16T09:16:52Z,83.0,Charge 4
2022-02-16T09:17:02Z,84.0,Charge 4
2022-02-16T09:17:12Z,85.0,Charge 4
2022-02-16T09:17:17Z,87.0,Charge 4
2022-02-16T09:17:22Z,88.0,Charge 4
2022-02-16T09:17:27Z,87.0,Charge 4
2022-02-16T09:17:32Z,86.0,Charge 4
2022-02-16T09:17:42Z,85.0,Charge 4
2022-02-16T09:17:57Z,85.0,Charge 4
2022-02-16T09:18:02Z,86.0,Charge 4
2022-02-16T09:18:12Z,85.0,Charge 4
2022-02-16T09:18:27Z,86.0,Charge 4
2022-02-16T09:18:32Z,87.0,Charge 4
2022-02-16T09:18:37Z,87.0,Charge 4
2022-02-16T09:18:42Z,88.0,Charge 4
2022-02-16T09:18:52Z,90.0,Charge 4
2022-02-16T09:19:07Z,90.0,Charge 4
2022-02-16T09:19:12Z,91.0,Charge 4
2022-02-16T09:19:17Z,92.0,Charge 4
2022-02-16T09:19:22Z,91.0,Charge 4
2022-02-16T09:19:37Z,91.0,Charge 4
2022-02-16T09:19:52Z,91.0,Charge 4
2022-02-16T09:19:57Z,91.0,Charge 4
2022-02-16T09:20:12Z,90.0,Charge 4
2022-02-16T09:20:27Z,90.0,Charge 4
2022-02-16T09:20:37Z,91.0,Charge 4
2022-02-16T09:20:52Z,92.0,Charge 4
2022-02-16T09:20:57Z,91.0,Charge 4
2022-02-16T09:21:02Z,90.0,Charge 4
2022-02-16T09:21:12Z,90.0,Charge 4
2022-02-16T09:21:22Z,91.0,Charge 4
2022-02-16T09:21:27Z,92.0,Charge 4
2022-02-16T09:21:32Z,93.0,Charge 4
2022-02-16T09:21:37Z,94.0,Charge 4
2022-02-16T09:21:42Z,93.0,Charge 4
2022-02-16T09:21:47Z,92.0,Charge 4
2022-02-16T09:21:52Z,91.0,Charge 4
2022-02-16T09:21:57Z,90.0,Charge 4
2022-02-16T09:22:07Z,91.0,Charge 4
2022-02-16T09:22:22Z,90.0,Charge 4
2022-02-16T09:22:27Z,90.0,Charge 4
2022-02-16T09:22:42Z,91.0,Charge 4
2022-02-16T09:22:57Z,93.0,Charge 4
2022-02-16T09:23:07Z,92.0,Charge 4
2022-02-16T09:23:22Z,92.0,Charge 4
2022-02-16T09:23:32Z,93.0,Charge 4
2022-02-16T09:23:37Z,94.0,Charge 4
2022-02-16T09:23:42Z,96.0,Charge 4
2022-02-16T09:23:47Z,95.0,Charge 4
2022-02-16T09:23:52Z,94.0,Charge 4
2022-02-16T09:24:07Z,92.0,Charge 4
2022-02-16T09:24:12Z,91.0,Charge 4
2022-02-16T09:24:22Z,90.0,Charge 4
2022-02-16T09:24:27Z,89.0,Charge 4
2022-02-16T09:24:32Z,90.0,Charge 4
2022-02-16T09:24:37Z,91.0,Charge 4
2022-02-16T09:24:52Z,91.0,Charge 4
2022-02-16T09:24:57Z,94.0,Charge 4
2022-02-16T09:25:12Z,94.0,Charge 4
2022-02-16T09:25:17Z,93.0,Charge 4
2022-02-16T09:25:22Z,92.0,Charge 4
2022-02-16T09:25:32Z,91.0,Charge 4
2022-02-16T09:25:47Z,91.0,Charge 4
2022-02-16T09:26:02Z,91.0,Charge 4
2022-02-16T09:26:17Z,91.0,Charge 4
2022-02-16T09:26:22Z,92.0,Charge 4
2022-02-16T09:26:28Z,93.0,Charge 4
2022-02-16T09:26:43Z,93.0,Charge 4
2022-02-16T09:26:53Z,92.0,Charge 4
2022-02-16T09:27:03Z,93.0,Charge 4
2022-02-16T09:27:08Z,94.0,Charge 4
2022-02-16T09:27:13Z,95.0,Charge 4
2022-02-16T09:27:28Z,96.0,Charge 4
2022-02-16T09:27:33Z,97.0,Charge 4
2022-02-16T09:27:43Z,96.0,Charge 4
2022-02-16T09:27:48Z,97.0,Charge 4
2022-02-16T09:27:53Z,96.0,Charge 4
2022-02-16T09:28:08Z,97.0,Charge 4
2022-02-16T09:28:13Z,96.0,Charge 4
2022-02-16T09:28:28Z,96.0,Charge 4
2022-02-16T09:28:43Z,96.0,Charge 4
2022-02-16T09:28:53Z,95.0,Charge 4
2022-02-16T09:29:08Z,95.0,Charge 4
2022-02-16T09:29:23Z,95.0,Charge 4
2022-02-16T09:29:28Z,96.0,Charge 4
2022-02-16T09:29:43Z,94.0,Charge 4
2022-02-16T09:29:48Z,93.0,Charge 4
2022-02-16T09:29:53Z,92.0,Charge 4
2022-02-16T09:29:58Z,91.0,Charge 4
2022-02-16T09:30:13Z,91.0,Charge 4
2022-02-16T09:30:18Z,90.0,Charge 4
2022-02-16T09:30:28Z,91.0,Charge 4
2022-02-16T09:30:33Z,92.0,Charge 4
2022-02-16T09:30:38Z,93.0,Charge 4
2022-02-16T09:30:43Z,95.0,Charge 4
2022-02-16T09:30:53Z,98.0,Charge 4
2022-02-16T09:30:58Z,99.0,Charge 4
2022-02-16T09:31:03Z,100.0,Charge 4
2022-02-16T09:31:08Z,101.0,Charge 4
2022-02-16T09:31:13Z,98.0,Charge 4
2022-02-16T09:31:18Z,94.0,Charge 4
2022-02-16T09:31:33Z,95.0,Charge 4
2022-02-16T09:31:38Z,94.0,Charge 4
2022-02-16T09:31:48Z,96.0,Charge 4
2022-02-16T09:31:53Z,98.0,Charge 4
2022-02-16T09:31:58Z,101.0,Charge 4
2022-02-16T09:32:13Z,100.0,Charge 4
2022-02-16T09:32:18Z,99.0,Charge 4
2022-02-16T09:32:28Z,101.0,Charge 4
2022-02-16T09:32:33Z,103.0,Charge 4
2022-02-16T09:32:38Z,104.0,Charge 4
2022-02-16T09:32:48Z,105.0,Charge 4
2022-02-16T09:32:53Z,103.0,Charge 4
2022-02-16T09:33:03Z,104.0,Charge 4
2022-02-16T09:33:08Z,105.0,Charge 4
2022-02-16T09:33:13Z,107.0,Charge 4
2022-02-16T09:33:18Z,108.0,Charge 4
2022-02-16T09:33:23Z,111.0,Charge 4
2022-02-16T09:33:33Z,112.0,Charge 4
2022-02-16T09:33:43Z,111.0,Charge 4
2022-02-16T09:33:48Z,114.0,Charge 4
2022-02-16T09:33:53Z,113.0,Charge 4
2022-02-16T09:33:58Z,112.0,Charge 4
2022-02-16T09:34:03Z,110.0,Charge 4
2022-02-16T09:34:08Z,111.0,Charge 4
2022-02-16T09:34:13Z,112.0,Charge 4
2022-02-16T09:34:18Z,112.0,Charge 4
2022-02-16T09:34:23Z,110.0,Charge 4
2022-02-16T09:34:28Z,112.0,Charge 4
2022-02-16T09:34:33Z,111.0,Charge 4
2022-02-16T09:34:38Z,110.0,Charge 4
2022-02-16T09:34:43Z,108.0,Charge 4
2022-02-16T09:34:48Z,107.0,Charge 4
2022-02-16T09:34:53Z,109.0,Charge 4
2022-02-16T09:34:58Z,110.0,Charge 4
2022-02-16T09:35:03Z,107.0,Charge 4
2022-02-16T09:35:08Z,105.0,Charge 4
2022-02-16T09:35:13Z,106.0,Charge 4
2022-02-16T09:35:18Z,107.0,Charge 4
2022-02-16T09:35:23Z,104.0,Charge 4
2022-02-16T09:35:28Z,103.0,Charge 4
2022-02-16T09:35:33Z,105.0,Charge 4
2022-02-16T09:35:38Z,107.0,Charge 4
2022-02-16T09:35:43Z,106.0,Charge 4
2022-02-16T09:35:58Z,106.0,Charge 4
2022-02-16T09:36:03Z,107.0,Charge 4
2022-02-16T09:36:08Z,109.0,Charge 4
2022-02-16T09:36:13Z,109.0,Charge 4
2022-02-16T09:36:18Z,110.0,Charge 4
2022-02-16T09:36:23Z,113.0,Charge 4
2022-02-16T09:36:28Z,118.0,Charge 4
2022-02-16T09:36:33Z,117.0,Charge 4
2022-02-16T09:36:38Z,114.0,Charge 4
2022-02-16T09:36:43Z,108.0,Charge 4
2022-02-16T09:36:48Z,107.0,Charge 4
2022-02-16T09:36:53Z,111.0,Charge 4
2022-02-16T09:36:58Z,111.0,Charge 4
2022-02-16T09:37:03Z,110.0,Charge 4
2022-02-16T09:37:08Z,110.0,Charge 4
2022-02-16T09:37:13Z,111.0,Charge 4
2022-02-16T09:37:18Z,109.0,Charge 4
2022-02-16T09:37:23Z,105.0,Charge 4
2022-02-16T09:37:38Z,106.0,Charge 4
2022-02-16T09:37:53Z,107.0,Charge 4
2022-02-16T09:37:58Z,108.0,Charge 4
2022-02-16T09:38:03Z,109.0,Charge 4
2022-02-16T09:38:08Z,108.0,Charge 4
2022-02-16T09:38:13Z,104.0,Charge 4
2022-02-16T09:38:18Z,98.0,Charge 4
2022-02-16T09:38:23Z,95.0,Charge 4
2022-02-16T09:38:33Z,98.0,Charge 4
2022-02-16T09:38:38Z,97.0,Charge 4
2022-02-16T09:38:43Z,96.0,Charge 4
2022-02-16T09:38:48Z,99.0,Charge 4
2022-02-16T09:38:53Z,100.0,Charge 4
2022-02-16T09:39:03Z,102.0,Charge 4
2022-02-16T09:39:13Z,98.0,Charge 4
2022-02-16T09:39:18Z,97.0,Charge 4
2022-02-16T09:39:23Z,98.0,Charge 4
2022-02-16T09:39:28Z,97.0,Charge 4
2022-02-16T09:39:33Z,98.0,Charge 4
2022-02-16T09:39:43Z,97.0,Charge 4
2022-02-16T09:39:48Z,96.0,Charge 4
2022-02-16T09:39:53Z,97.0,Charge 4
2022-02-16T09:39:58Z,96.0,Charge 4
2022-02-16T09:40:03Z,95.0,Charge 4
2022-02-16T09:40:18Z,95.0,Charge 4
2022-02-16T09:40:23Z,93.0,Charge 4
2022-02-16T09:40:38Z,93.0,Charge 4
2022-02-16T09:40:53Z,92.0,Charge 4
2022-02-16T09:40:58Z,89.0,Charge 4
2022-02-16T09:41:03Z,90.0,Charge 4
2022-02-16T09:41:18Z,90.0,Charge 4
2022-02-16T09:41:23Z,92.0,Charge 4
2022-02-16T09:41:33Z,95.0,Charge 4
2022-02-16T09:41:43Z,94.0,Charge 4
2022-02-16T09:41:53Z,93.0,Charge 4
2022-02-16T09:41:59Z,92.0,Charge 4
2022-02-16T09:42:04Z,91.0,Charge 4
2022-02-16T09:42:09Z,91.0,Charge 4
2022-02-16T09:42:14Z,90.0,Charge 4
2022-02-16T09:42:24Z,91.0,Charge 4
2022-02-16T09:42:39Z,91.0,Charge 4
2022-02-16T09:42:44Z,90.0,Charge 4
2022-02-16T09:42:54Z,89.0,Charge 4
2022-02-16T09:43:09Z,89.0,Charge 4
2022-02-16T09:43:19Z,88.0,Charge 4
2022-02-16T09:43:24Z,87.0,Charge 4
2022-02-16T09:43:34Z,88.0,Charge 4
2022-02-16T09:43:39Z,87.0,Charge 4
2022-02-16T09:43:49Z,86.0,Charge 4
2022-02-16T09:43:54Z,85.0,Charge 4
2022-02-16T09:44:04Z,84.0,Charge 4
2022-02-16T09:44:09Z,83.0,Charge 4
2022-02-16T09:44:14Z,81.0,Charge 4
2022-02-16T09:44:19Z,80.0,Charge 4
2022-02-16T09:44:34Z,80.0,Charge 4
2022-02-16T09:44:44Z,78.0,Charge 4
2022-02-16T09:44:49Z,79.0,Charge 4
2022-02-16T09:45:04Z,79.0,Charge 4
2022-02-16T09:45:19Z,80.0,Charge 4
2022-02-16T09:45:26Z,82.0,Charge 4
2022-02-16T09:45:31Z,83.0,Charge 4
2022-02-16T09:45:46Z,83.0,Charge 4
2022-02-16T09:45:51Z,75.0,Charge 4
2022-02-16T09:45:56Z,76.0,Charge 4
2022-02-16T09:46:11Z,76.0,Charge 4
2022-02-16T09:46:26Z,77.0,Charge 4
2022-02-16T09:46:41Z,77.0,Charge 4
2022-02-16T09:46:56Z,77.0,Charge 4
2022-02-16T09:47:01Z,78.0,Charge 4
2022-02-16T09:47:06Z,79.0,Charge 4
2022-02-16T09:47:11Z,80.0,Charge 4
2022-02-16T09:47:16Z,82.0,Charge 4
2022-02-16T09:47:31Z,83.0,Charge 4
2022-02-16T09:47:41Z,84.0,Charge 4
2022-02-16T09:47:46Z,85.0,Charge 4
2022-02-16T09:47:51Z,87.0,Charge 4
2022-02-16T09:47:56Z,90.0,Charge 4
2022-02-16T09:48:01Z,91.0,Charge 4
2022-02-16T09:48:06Z,93.0,Charge 4
2022-02-16T09:48:11Z,95.0,Charge 4
2022-02-16T09:48:16Z,96.0,Charge 4
2022-02-16T09:48:21Z,96.0,Charge 4
2022-02-16T09:48:26Z,99.0,Charge 4
2022-02-16T09:48:31Z,100.0,Charge 4
2022-02-16T09:48:46Z,101.0,Charge 4
2022-02-16T09:48:51Z,103.0,Charge 4
2022-02-16T09:48:56Z,103.0,Charge 4
2022-02-16T09:49:01Z,99.0,Charge 4
2022-02-16T09:49:06Z,98.0,Charge 4
2022-02-16T09:49:11Z,99.0,Charge 4
2022-02-16T09:49:21Z,95.0,Charge 4
2022-02-16T09:49:31Z,97.0,Charge 4
2022-02-16T09:49:41Z,98.0,Charge 4
2022-02-16T09:49:51Z,99.0,Charge 4
2022-02-16T09:49:56Z,100.0,Charge 4
2022-02-16T09:50:01Z,101.0,Charge 4
2022-02-16T09:50:06Z,102.0,Charge 4
2022-02-16T09:50:11Z,103.0,Charge 4
2022-02-16T09:50:21Z,104.0,Charge 4
2022-02-16T09:50:31Z,105.0,Charge 4
2022-02-16T09:50:36Z,106.0,Charge 4
2022-02-16T09:50:51Z,108.0,Charge 4
2022-02-16T09:50:56Z,107.0,Charge 4
2022-02-16T09:51:11Z,105.0,Charge 4
2022-02-16T09:51:16Z,104.0,Charge 4
2022-02-16T09:51:31Z,105.0,Charge 4
2022-02-16T09:51:36Z,109.0,Charge 4
2022-02-16T09:51:41Z,113.0,Charge 4
2022-02-16T09:51:46Z,114.0,Charge 4
2022-02-16T09:51:51Z,115.0,Charge 4
2022-02-16T09:52:01Z,116.0,Charge 4
2022-02-16T09:52:11Z,117.0,Charge 4
2022-02-16T09:52:16Z,120.0,Charge 4
2022-02-16T09:52:22Z,120.0,Charge 4
2022-02-16T09:52:32Z,122.0,Charge 4
2022-02-16T09:52:42Z,119.0,Charge 4
2022-02-16T09:52:47Z,120.0,Charge 4
2022-02-16T09:52:57Z,123.0,Charge 4
2022-02-16T09:53:02Z,120.0,Charge 4
2022-02-16T09:53:07Z,117.0,Charge 4
2022-02-16T09:53:12Z,115.0,Charge 4
2022-02-16T09:53:17Z,114.0,Charge 4
2022-02-16T09:53:22Z,113.0,Charge 4
2022-02-16T09:53:27Z,111.0,Charge 4
2022-02-16T09:53:32Z,108.0,Charge 4
2022-02-16T09:53:37Z,104.0,Charge 4
2022-02-16T09:53:42Z,103.0,Charge 4
2022-02-16T09:53:47Z,102.0,Charge 4
2022-02-16T09:53:52Z,101.0,Charge 4
2022-02-16T09:53:57Z,99.0,Charge 4
2022-02-16T09:54:02Z,103.0,Charge 4
2022-02-16T09:54:07Z,109.0,Charge 4
2022-02-16T09:54:17Z,110.0,Charge 4
2022-02-16T09:54:22Z,111.0,Charge 4
2022-02-16T09:54:37Z,112.0,Charge 4
2022-02-16T09:54:42Z,110.0,Charge 4
2022-02-16T09:54:47Z,106.0,Charge 4
2022-02-16T09:54:57Z,105.0,Charge 4
2022-02-16T09:55:02Z,103.0,Charge 4
2022-02-16T09:55:07Z,98.0,Charge 4
2022-02-16T09:55:12Z,97.0,Charge 4
2022-02-16T09:55:27Z,97.0,Charge 4
2022-02-16T09:55:32Z,103.0,Charge 4
2022-02-16T09:55:37Z,104.0,Charge 4
2022-02-16T09:55:42Z,102.0,Charge 4
2022-02-16T09:55:47Z,100.0,Charge 4
2022-02-16T09:55:57Z,99.0,Charge 4
2022-02-16T09:56:02Z,98.0,Charge 4
2022-02-16T09:56:17Z,100.0,Charge 4
2022-02-16T09:56:22Z,101.0,Charge 4
2022-02-16T09:56:27Z,100.0,Charge 4
2022-02-16T09:56:32Z,98.0,Charge 4
2022-02-16T09:56:42Z,99.0,Charge 4
2022-02-16T09:56:47Z,100.0,Charge 4
2022-02-16T09:56:52Z,99.0,Charge 4
2022-02-16T09:56:57Z,100.0,Charge 4
2022-02-16T09:57:02Z,102.0,Charge 4
2022-02-16T09:57:07Z,100.0,Charge 4
2022-02-16T09:57:17Z,98.0,Charge 4
2022-02-16T09:57:22Z,97.0,Charge 4
2022-02-16T09:57:27Z,99.0,Charge 4
2022-02-16T09:57:37Z,97.0,Charge 4
2022-02-16T09:57:42Z,100.0,Charge 4
2022-02-16T09:57:47Z,98.0,Charge 4
2022-02-16T09:57:52Z,95.0,Charge 4
2022-02-16T09:57:57Z,96.0,Charge 4
2022-02-16T09:58:02Z,99.0,Charge 4
2022-02-16T09:58:07Z,100.0,Charge 4
2022-02-16T09:58:17Z,97.0,Charge 4
2022-02-16T09:58:27Z,100.0,Charge 4
2022-02-16T09:58:37Z,98.0,Charge 4
2022-02-16T09:58:42Z,95.0,Charge 4
2022-02-16T09:58:52Z,96.0,Charge 4
2022-02-16T09:58:57Z,97.0,Charge 4
2022-02-16T09:59:02Z,98.0,Charge 4
2022-02-16T09:59:07Z,101.0,Charge 4
2022-02-16T09:59:12Z,103.0,Charge 4
2022-02-16T09:59:22Z,101.0,Charge 4
2022-02-16T09:59:27Z,98.0,Charge 4
2022-02-16T09:59:37Z,100.0,Charge 4
2022-02-16T09:59:42Z,105.0,Charge 4
2022-02-16T09:59:47Z,108.0,Charge 4
2022-02-16T09:59:52Z,104.0,Charge 4
2022-02-16T09:59:57Z,103.0,Charge 4
2022-02-16T10:00:02Z,102.0,Charge 4
2022-02-16T10:00:17Z,102.0,Charge 4
2022-02-16T10:00:22Z,104.0,Charge 4
2022-02-16T10:00:27Z,103.0,Charge 4
2022-02-16T10:00:32Z,102.0,Charge 4
2022-02-16T10:00:37Z,100.0,Charge 4
2022-02-16T10:00:42Z,96.0,Charge 4
2022-02-16T10:00:47Z,97.0,Charge 4
2022-02-16T10:00:53Z,98.0,Charge 4
2022-02-16T10:01:03Z,99.0,Charge 4
2022-02-16T10:01:08Z,96.0,Charge 4
2022-02-16T10:01:13Z,97.0,Charge 4
2022-02-16T10:01:18Z,98.0,Charge 4
2022-02-16T10:01:23Z,96.0,Charge 4
2022-02-16T10:01:28Z,92.0,Charge 4
2022-02-16T10:01:33Z,94.0,Charge 4
2022-02-16T10:01:38Z,97.0,Charge 4
2022-02-16T10:01:43Z,96.0,Charge 4
2022-02-16T10:01:48Z,95.0,Charge 4
2022-02-16T10:01:53Z,97.0,Charge 4
2022-02-16T10:02:08Z,99.0,Charge 4
2022-02-16T10:02:23Z,100.0,Charge 4
2022-02-16T10:02:28Z,98.0,Charge 4
2022-02-16T10:02:33Z,92.0,Charge 4
2022-02-16T10:02:38Z,87.0,Charge 4
2022-02-16T10:02:43Z,86.0,Charge 4
2022-02-16T10:02:53Z,85.0,Charge 4
2022-02-16T10:02:58Z,83.0,Charge 4
2022-02-16T10:03:03Z,80.0,Charge 4
2022-02-16T10:03:13Z,82.0,Charge 4
2022-02-16T10:03:18Z,89.0,Charge 4
2022-02-16T10:03:23Z,94.0,Charge 4
2022-02-16T10:03:28Z,96.0,Charge 4
2022-02-16T10:03:33Z,98.0,Charge 4
2022-02-16T10:03:43Z,90.0,Charge 4
2022-02-16T10:03:48Z,90.0,Charge 4
2022-02-16T10:03:53Z,89.0,Charge 4
2022-02-16T10:03:58Z,86.0,Charge 4
2022-02-16T10:04:03Z,83.0,Charge 4
2022-02-16T10:04:18Z,83.0,Charge 4
2022-02-16T10:04:23Z,84.0,Charge 4
2022-02-16T10:04:33Z,83.0,Charge 4
2022-02-16T10:04:38Z,80.0,Charge 4
2022-02-16T10:04:48Z,79.0,Charge 4
2022-02-16T10:04:53Z,78.0,Charge 4
2022-02-16T10:04:58Z,77.0,Charge 4
2022-02-16T10:05:08Z,78.0,Charge 4
2022-02-16T10:05:23Z,79.0,Charge 4
2022-02-16T10:05:28Z,80.0,Charge 4
2022-02-16T10:05:43Z,81.0,Charge 4
2022-02-16T10:05:58Z,80.0,Charge 4
2022-02-16T10:06:08Z,81.0,Charge 4
2022-02-16T10:06:23Z,80.0,Charge 4
2022-02-16T10:06:28Z,79.0,Charge 4
2022-02-16T10:06:33Z,80.0,Charge 4
2022-02-16T10:06:43Z,82.0,Charge 4
2022-02-16T10:06:48Z,83.0,Charge 4
2022-02-16T10:07:03Z,82.0,Charge 4
2022-02-16T10:07:08Z,79.0,Charge 4
2022-02-16T10:07:13Z,78.0,Charge 4
2022-02-16T10:07:18Z,78.0,Charge 4
2022-02-16T10:07:33Z,78.0,Charge 4
2022-02-16T10:07:38Z,78.0,Charge 4
2022-02-16T10:07:43Z,77.0,Charge 4
2022-02-16T10:07:53Z,78.0,Charge 4
2022-02-16T10:08:03Z,79.0,Charge 4
2022-02-16T10:08:13Z,80.0,Charge 4
2022-02-16T10:08:28Z,80.0,Charge 4
2022-02-16T10:08:43Z,79.0,Charge 4
2022-02-16T10:08:48Z,78.0,Charge 4
2022-02-16T10:09:03Z,78.0,Charge 4
2022-02-16T10:09:08Z,80.0,Charge 4
2022-02-16T10:09:13Z,81.0,Charge 4
2022-02-16T10:09:28Z,81.0,Charge 4
2022-02-16T10:09:43Z,82.0,Charge 4
2022-02-16T10:09:53Z,80.0,Charge 4
2022-02-16T10:09:58Z,77.0,Charge 4
2022-02-16T10:10:03Z,75.0,Charge 4
2022-02-16T10:10:13Z,76.0,Charge 4
2022-02-16T10:10:18Z,78.0,Charge 4
2022-02-16T10:10:28Z,77.0,Charge 4
2022-02-16T10:10:38Z,77.0,Charge 4
2022-02-16T10:10:48Z,76.0,Charge 4
2022-02-16T10:10:53Z,77.0,Charge 4
2022-02-16T10:10:58Z,78.0,Charge 4
2022-02-16T10:11:03Z,79.0,Charge 4
2022-02-16T10:11:08Z,81.0,Charge 4
2022-02-16T10:11:14Z,82.0,Charge 4
2022-02-16T10:11:19Z,82.0,Charge 4
2022-02-16T10:11:24Z,80.0,Charge 4
2022-02-16T10:11:29Z,78.0,Charge 4
2022-02-16T10:11:34Z,76.0,Charge 4
2022-02-16T10:11:39Z,75.0,Charge 4
2022-02-16T10:11:44Z,75.0,Charge 4
2022-02-16T10:11:54Z,76.0,Charge 4
2022-02-16T10:11:59Z,77.0,Charge 4
2022-02-16T10:12:09Z,77.0,Charge 4
2022-02-16T10:12:19Z,78.0,Charge 4
2022-02-16T10:12:34Z,78.0,Charge 4
2022-02-16T10:12:39Z,77.0,Charge 4
2022-02-16T10:12:54Z,77.0,Charge 4
2022-02-16T10:12:59Z,78.0,Charge 4
2022-02-16T10:13:04Z,79.0,Charge 4
2022-02-16T10:13:19Z,79.0,Charge 4
2022-02-16T10:13:29Z,80.0,Charge 4
2022-02-16T10:13:34Z,79.0,Charge 4
2022-02-16T10:13:39Z,79.0,Charge 4
2022-02-16T10:13:44Z,78.0,Charge 4
2022-02-16T10:13:49Z,77.0,Charge 4
2022-02-16T10:13:54Z,76.0,Charge 4
2022-02-16T10:14:09Z,76.0,Charge 4
2022-02-16T10:14:14Z,77.0,Charge 4
2022-02-16T10:14:24Z,80.0,Charge 4
2022-02-16T10:14:29Z,82.0,Charge 4
2022-02-16T10:14:35Z,82.0,Charge 4
2022-02-16T10:14:40Z,82.0,Charge 4
2022-02-16T10:14:45Z,81.0,Charge 4
2022-02-16T10:14:50Z,80.0,Charge 4
2022-02-16T10:15:00Z,79.0,Charge 4
2022-02-16T10:15:05Z,78.0,Charge 4
2022-02-16T10:15:15Z,77.0,Charge 4
2022-02-16T10:15:30Z,77.0,Charge 4
2022-02-16T10:15:45Z,77.0,Charge 4
2022-02-16T10:15:55Z,78.0,Charge 4
2022-02-16T10:16:00Z,80.0,Charge 4
2022-02-16T10:16:05Z,81.0,Charge 4
2022-02-16T10:16:10Z,81.0,Charge 4
2022-02-16T10:16:15Z,79.0,Charge 4
2022-02-16T10:16:20Z,78.0,Charge 4
2022-02-16T10:16:30Z,77.0,Charge 4
2022-02-16T10:16:45Z,77.0,Charge 4
2022-02-16T10:16:50Z,77.0,Charge 4
2022-02-16T10:16:55Z,81.0,Charge 4
2022-02-16T10:17:00Z,80.0,Charge 4
2022-02-16T10:17:05Z,78.0,Charge 4
2022-02-16T10:17:15Z,77.0,Charge 4
2022-02-16T10:17:20Z,76.0,Charge 4
2022-02-16T10:17:30Z,77.0,Charge 4
2022-02-16T10:17:35Z,77.0,Charge 4
2022-02-16T10:17:40Z,75.0,Charge 4
2022-02-16T10:17:50Z,76.0,Charge 4
2022-02-16T10:17:56Z,76.0,Charge 4
2022-02-16T10:18:01Z,75.0,Charge 4
2022-02-16T10:18:11Z,74.0,Charge 4
2022-02-16T10:18:21Z,75.0,Charge 4
2022-02-16T10:18:26Z,76.0,Charge 4
2022-02-16T10:18:31Z,74.0,Charge 4
2022-02-16T10:18:36Z,75.0,Charge 4
2022-02-16T10:18:46Z,77.0,Charge 4
2022-02-16T10:18:51Z,78.0,Charge 4
2022-02-16T10:19:01Z,79.0,Charge 4
2022-02-16T10:19:16Z,79.0,Charge 4
2022-02-16T10:19:26Z,76.0,Charge 4
2022-02-16T10:19:31Z,77.0,Charge 4
2022-02-16T10:19:36Z,79.0,Charge 4
2022-02-16T10:19:41Z,78.0,Charge 4
2022-02-16T10:19:56Z,79.0,Charge 4
2022-02-16T10:20:01Z,79.0,Charge 4
2022-02-16T10:20:06Z,81.0,Charge 4
2022-02-16T10:20:16Z,79.0,Charge 4
2022-02-16T10:20:21Z,78.0,Charge 4
2022-02-16T10:20:26Z,77.0,Charge 4
2022-02-16T10:20:31Z,78.0,Charge 4
2022-02-16T10:20:46Z,78.0,Charge 4
2022-02-16T10:20:56Z,79.0,Charge 4
2022-02-16T10:21:06Z,80.0,Charge 4
2022-02-16T10:21:11Z,82.0,Charge 4
2022-02-16T10:21:16Z,83.0,Charge 4
2022-02-16T10:21:21Z,84.0,Charge 4
2022-02-16T10:21:26Z,83.0,Charge 4
2022-02-16T10:21:31Z,85.0,Charge 4
2022-02-16T10:21:46Z,86.0,Charge 4
2022-02-16T10:21:51Z,86.0,Charge 4
2022-02-16T10:21:56Z,84.0,Charge 4
2022-02-16T10:22:01Z,81.0,Charge 4
2022-02-16T10:22:06Z,77.0,Charge 4
2022-02-16T10:22:11Z,77.0,Charge 4
2022-02-16T10:22:16Z,80.0,Charge 4
2022-02-16T10:22:21Z,81.0,Charge 4
2022-02-16T10:22:26Z,80.0,Charge 4
2022-02-16T10:22:31Z,79.0,Charge 4
2022-02-16T10:22:36Z,78.0,Charge 4
2022-02-16T10:22:41Z,76.0,Charge 4
2022-02-16T10:22:46Z,75.0,Charge 4
2022-02-16T10:23:01Z,74.0,Charge 4
2022-02-16T10:23:06Z,75.0,Charge 4
2022-02-16T10:23:11Z,77.0,Charge 4
2022-02-16T10:23:21Z,78.0,Charge 4
2022-02-16T10:23:31Z,80.0,Charge 4
2022-02-16T10:23:36Z,81.0,Charge 4
2022-02-16T10:23:41Z,82.0,Charge 4
2022-02-16T10:23:46Z,83.0,Charge 4
2022-02-16T10:23:51Z,81.0,Charge 4
2022-02-16T10:24:01Z,80.0,Charge 4
2022-02-16T10:24:06Z,79.0,Charge 4
2022-02-16T10:24:11Z,80.0,Charge 4
2022-02-16T10:24:16Z,79.0,Charge 4
2022-02-16T10:24:26Z,78.0,Charge 4
2022-02-16T10:24:31Z,79.0,Charge 4
2022-02-16T10:24:36Z,80.0,Charge 4
2022-02-16T10:24:46Z,81.0,Charge 4
2022-02-16T10:25:01Z,81.0,Charge 4
2022-02-16T10:25:06Z,79.0,Charge 4
2022-02-16T10:25:11Z,77.0,Charge 4
2022-02-16T10:25:16Z,79.0,Charge 4
2022-02-16T10:25:21Z,82.0,Charge 4
2022-02-16T10:25:26Z,81.0,Charge 4
2022-02-16T10:25:31Z,81.0,Charge 4
2022-02-16T10:25:46Z,83.0,Charge 4
2022-02-16T10:25:51Z,84.0,Charge 4
2022-02-16T10:26:06Z,83.0,Charge 4
2022-02-16T10:26:11Z,81.0,Charge 4
2022-02-16T10:26:16Z,80.0,Charge 4
2022-02-16T10:26:21Z,80.0,Charge 4
2022-02-16T10:26:31Z,79.0,Charge 4
2022-02-16T10:26:41Z,76.0,Charge 4
2022-02-16T10:26:46Z,75.0,Charge 4
2022-02-16T10:27:01Z,77.0,Charge 4
2022-02-16T10:27:16Z,77.0,Charge 4
2022-02-16T10:27:31Z,77.0,Charge 4
2022-02-16T10:27:36Z,78.0,Charge 4
2022-02-16T10:27:41Z,77.0,Charge 4
2022-02-16T10:27:46Z,77.0,Charge 4
2022-02-16T10:28:01Z,78.0,Charge 4
2022-02-16T10:28:11Z,79.0,Charge 4
2022-02-16T10:28:16Z,81.0,Charge 4
2022-02-16T10:28:21Z,83.0,Charge 4
2022-02-16T10:28:26Z,84.0,Charge 4
2022-02-16T10:28:31Z,87.0,Charge 4
2022-02-16T10:28:36Z,90.0,Charge 4
2022-02-16T10:28:41Z,91.0,Charge 4
2022-02-16T10:28:46Z,92.0,Charge 4
2022-02-16T10:28:51Z,93.0,Charge 4
2022-02-16T10:28:56Z,94.0,Charge 4
2022-02-16T10:29:06Z,96.0,Charge 4
2022-02-16T10:29:11Z,97.0,Charge 4
2022-02-16T10:29:16Z,96.0,Charge 4
2022-02-16T10:29:21Z,95.0,Charge 4
2022-02-16T10:29:26Z,96.0,Charge 4
2022-02-16T10:29:31Z,97.0,Charge 4
2022-02-16T10:29:36Z,96.0,Charge 4
2022-02-16T10:29:41Z,91.0,Charge 4
2022-02-16T10:29:51Z,92.0,Charge 4
2022-02-16T10:29:56Z,92.0,Charge 4
2022-02-16T10:30:01Z,91.0,Charge 4
2022-02-16T10:30:06Z,90.0,Charge 4
2022-02-16T10:30:21Z,90.0,Charge 4
2022-02-16T10:30:26Z,88.0,Charge 4
2022-02-16T10:30:31Z,85.0,Charge 4
2022-02-16T10:30:36Z,83.0,Charge 4
2022-02-16T10:30:46Z,82.0,Charge 4
2022-02-16T10:30:51Z,81.0,Charge 4
2022-02-16T10:31:06Z,80.0,Charge 4
2022-02-16T10:31:21Z,80.0,Charge 4
2022-02-16T10:31:26Z,80.0,Charge 4
2022-02-16T10:31:31Z,81.0,Charge 4
2022-02-16T10:31:46Z,82.0,Charge 4
2022-02-16T10:31:51Z,83.0,Charge 4
2022-02-16T10:31:56Z,84.0,Charge 4
2022-02-16T10:32:06Z,83.0,Charge 4
2022-02-16T10:32:11Z,83.0,Charge 4
2022-02-16T10:32:26Z,83.0,Charge 4
2022-02-16T10:32:31Z,83.0,Charge 4
2022-02-16T10:32:46Z,83.0,Charge 4
2022-02-16T10:33:01Z,83.0,Charge 4
2022-02-16T10:33:16Z,83.0,Charge 4
2022-02-16T10:33:31Z,83.0,Charge 4
2022-02-16T10:33:41Z,84.0,Charge 4
2022-02-16T10:33:46Z,85.0,Charge 4
2022-02-16T10:33:51Z,86.0,Charge 4
2022-02-16T10:33:56Z,87.0,Charge 4
2022-02-16T10:34:11Z,86.0,Charge 4
2022-02-16T10:34:21Z,85.0,Charge 4
2022-02-16T10:34:31Z,84.0,Charge 4
2022-02-16T10:34:36Z,85.0,Charge 4
2022-02-16T10:34:46Z,84.0,Charge 4
2022-02-16T10:34:52Z,84.0,Charge 4
2022-02-16T10:34:57Z,82.0,Charge 4
2022-02-16T10:35:07Z,81.0,Charge 4
2022-02-16T10:35:17Z,80.0,Charge 4
2022-02-16T10:35:32Z,80.0,Charge 4
2022-02-16T10:35:37Z,81.0,Charge 4
2022-02-16T10:35:52Z,81.0,Charge 4
2022-02-16T10:36:02Z,80.0,Charge 4
2022-02-16T10:36:12Z,82.0,Charge 4
2022-02-16T10:36:17Z,84.0,Charge 4
2022-02-16T10:36:32Z,84.0,Charge 4
2022-02-16T10:36:37Z,85.0,Charge 4
2022-02-16T10:36:52Z,85.0,Charge 4
2022-02-16T10:37:07Z,85.0,Charge 4
2022-02-16T10:37:22Z,86.0,Charge 4
2022-02-16T10:37:32Z,85.0,Charge 4
2022-02-16T10:37:37Z,84.0,Charge 4
2022-02-16T10:37:42Z,83.0,Charge 4
2022-02-16T10:37:57Z,82.0,Charge 4
2022-02-16T10:38:12Z,83.0,Charge 4
2022-02-16T10:38:22Z,84.0,Charge 4
2022-02-16T10:38:37Z,85.0,Charge 4
2022-02-16T10:38:42Z,84.0,Charge 4
2022-02-16T10:38:52Z,85.0,Charge 4
2022-02-16T10:38:57Z,86.0,Charge 4
2022-02-16T10:39:12Z,85.0,Charge 4
2022-02-16T10:39:17Z,85.0,Charge 4
2022-02-16T10:39:22Z,84.0,Charge 4
2022-02-16T10:39:37Z,82.0,Charge 4
2022-02-16T10:39:52Z,82.0,Charge 4
2022-02-16T10:40:07Z,82.0,Charge 4
2022-02-16T10:40:22Z,82.0,Charge 4
2022-02-16T10:40:37Z,82.0,Charge 4
2022-02-16T10:40:42Z,80.0,Charge 4
2022-02-16T10:40:47Z,79.0,Charge 4
2022-02-16T10:40:52Z,77.0,Charge 4
2022-02-16T10:40:57Z,76.0,Charge 4
2022-02-16T10:41:02Z,77.0,Charge 4
2022-02-16T10:41:12Z,78.0,Charge 4
2022-02-16T10:41:17Z,79.0,Charge 4
2022-02-16T10:41:32Z,80.0,Charge 4
2022-02-16T10:41:37Z,83.0,Charge 4
2022-02-16T10:41:42Z,84.0,Charge 4
2022-02-16T10:41:47Z,85.0,Charge 4
2022-02-16T10:42:02Z,85.0,Charge 4
2022-02-16T10:42:07Z,86.0,Charge 4
2022-02-16T10:42:17Z,87.0,Charge 4
2022-02-16T10:42:27Z,88.0,Charge 4
2022-02-16T10:42:32Z,89.0,Charge 4
2022-02-16T10:42:37Z,88.0,Charge 4
2022-02-16T10:42:52Z,88.0,Charge 4
2022-02-16T10:42:57Z,87.0,Charge 4
2022-02-16T10:43:12Z,87.0,Charge 4
2022-02-16T10:43:17Z,87.0,Charge 4
2022-02-16T10:43:32Z,86.0,Charge 4
2022-02-16T10:43:47Z,85.0,Charge 4
2022-02-16T10:43:52Z,84.0,Charge 4
2022-02-16T10:44:02Z,87.0,Charge 4
2022-02-16T10:44:07Z,88.0,Charge 4
2022-02-16T10:44:12Z,89.0,Charge 4
2022-02-16T10:44:17Z,89.0,Charge 4
2022-02-16T10:44:27Z,88.0,Charge 4
2022-02-16T10:44:42Z,88.0,Charge 4
2022-02-16T10:44:52Z,91.0,Charge 4
2022-02-16T10:44:57Z,91.0,Charge 4
2022-02-16T10:45:07Z,92.0,Charge 4
2022-02-16T10:45:22Z,92.0,Charge 4
2022-02-16T10:45:32Z,89.0,Charge 4
2022-02-16T10:45:47Z,89.0,Charge 4
2022-02-16T10:45:52Z,89.0,Charge 4
2022-02-16T10:45:57Z,88.0,Charge 4
2022-02-16T10:46:07Z,87.0,Charge 4
2022-02-16T10:46:22Z,87.0,Charge 4
2022-02-16T10:46:27Z,87.0,Charge 4
2022-02-16T10:46:32Z,86.0,Charge 4
2022-02-16T10:46:42Z,85.0,Charge 4
2022-02-16T10:46:47Z,85.0,Charge 4
2022-02-16T10:46:57Z,84.0,Charge 4
2022-02-16T10:47:07Z,83.0,Charge 4
2022-02-16T10:47:14Z,83.0,Charge 4
2022-02-16T10:47:29Z,82.0,Charge 4
2022-02-16T10:47:44Z,82.0,Charge 4
2022-02-16T10:47:49Z,81.0,Charge 4
2022-02-16T10:48:04Z,81.0,Charge 4
2022-02-16T10:48:14Z,83.0,Charge 4
2022-02-16T10:48:29Z,82.0,Charge 4
2022-02-16T10:48:44Z,82.0,Charge 4
2022-02-16T10:48:54Z,82.0,Charge 4
2022-02-16T10:49:04Z,80.0,Charge 4
2022-02-16T10:49:14Z,79.0,Charge 4
2022-02-16T10:49:19Z,77.0,Charge 4
2022-02-16T10:49:29Z,78.0,Charge 4
2022-02-16T10:49:44Z,78.0,Charge 4
2022-02-16T10:49:54Z,75.0,Charge 4
2022-02-16T10:49:59Z,74.0,Charge 4
2022-02-16T10:50:04Z,73.0,Charge 4
2022-02-16T10:50:14Z,71.0,Charge 4
2022-02-16T10:50:29Z,71.0,Charge 4
2022-02-16T10:50:34Z,69.0,Charge 4
2022-02-16T10:50:39Z,66.0,Charge 4
2022-02-16T10:50:44Z,65.0,Charge 4
2022-02-16T10:50:49Z,64.0,Charge 4
2022-02-16T10:51:04Z,65.0,Charge 4
2022-02-16T10:51:09Z,66.0,Charge 4
2022-02-16T10:51:14Z,67.0,Charge 4
2022-02-16T10:51:29Z,67.0,Charge 4
2022-02-16T10:51:34Z,67.0,Charge 4
2022-02-16T10:51:49Z,67.0,Charge 4
2022-02-16T10:51:59Z,69.0,Charge 4
2022-02-16T10:52:04Z,70.0,Charge 4
2022-02-16T10:52:09Z,71.0,Charge 4
2022-02-16T10:52:14Z,72.0,Charge 4
2022-02-16T10:52:29Z,72.0,Charge 4
2022-02-16T10:52:44Z,72.0,Charge 4
2022-02-16T10:52:49Z,71.0,Charge 4
2022-02-16T10:53:04Z,73.0,Charge 4
2022-02-16T10:53:09Z,72.0,Charge 4
2022-02-16T10:53:19Z,71.0,Charge 4
2022-02-16T10:53:29Z,70.0,Charge 4
2022-02-16T10:53:44Z,70.0,Charge 4
2022-02-16T10:53:59Z,70.0,Charge 4
2022-02-16T10:54:04Z,72.0,Charge 4
2022-02-16T10:54:09Z,73.0,Charge 4
2022-02-16T10:54:19Z,74.0,Charge 4
2022-02-16T10:54:24Z,90.0,Charge 4
2022-02-16T10:54:29Z,94.0,Charge 4
2022-02-16T10:54:34Z,95.0,Charge 4
2022-02-16T10:54:44Z,94.0,Charge 4
2022-02-16T10:54:49Z,93.0,Charge 4
2022-02-16T10:55:04Z,93.0,Charge 4
2022-02-16T10:55:05Z,92.0,Charge 4
2022-02-16T10:55:20Z,92.0,Charge 4
2022-02-16T10:55:25Z,91.0,Charge 4
2022-02-16T10:55:30Z,90.0,Charge 4
2022-02-16T10:55:35Z,90.0,Charge 4
2022-02-16T10:55:40Z,91.0,Charge 4
2022-02-16T10:55:45Z,90.0,Charge 4
2022-02-16T10:55:55Z,91.0,Charge 4
2022-02-16T10:56:05Z,90.0,Charge 4
2022-02-16T10:56:10Z,89.0,Charge 4
2022-02-16T10:56:15Z,88.0,Charge 4
2022-02-16T10:56:20Z,86.0,Charge 4
2022-02-16T10:56:25Z,84.0,Charge 4
2022-02-16T10:56:30Z,85.0,Charge 4
2022-02-16T10:56:45Z,86.0,Charge 4
2022-02-16T10:57:00Z,87.0,Charge 4
2022-02-16T10:57:15Z,87.0,Charge 4
2022-02-16T10:57:30Z,86.0,Charge 4
2022-02-16T10:57:45Z,87.0,Charge 4
2022-02-16T10:57:50Z,87.0,Charge 4
2022-02-16T10:57:55Z,88.0,Charge 4
2022-02-16T10:58:10Z,88.0,Charge 4
2022-02-16T10:58:25Z,89.0,Charge 4
2022-02-16T10:58:35Z,87.0,Charge 4
2022-02-16T10:58:40Z,85.0,Charge 4
2022-02-16T10:58:55Z,85.0,Charge 4
2022-02-16T10:59:10Z,85.0,Charge 4
2022-02-16T10:59:15Z,85.0,Charge 4
2022-02-16T10:59:30Z,83.0,Charge 4
2022-02-16T10:59:40Z,82.0,Charge 4
2022-02-16T10:59:45Z,80.0,Charge 4
2022-02-16T10:59:50Z,81.0,Charge 4
2022-02-16T11:00:05Z,81.0,Charge 4
2022-02-16T11:00:10Z,82.0,Charge 4
2022-02-16T11:00:20Z,81.0,Charge 4
2022-02-16T11:00:35Z,81.0,Charge 4
2022-02-16T11:00:50Z,81.0,Charge 4
2022-02-16T11:01:05Z,82.0,Charge 4
2022-02-16T11:01:20Z,82.0,Charge 4
2022-02-16T11:01:35Z,82.0,Charge 4
2022-02-16T11:01:50Z,81.0,Charge 4
2022-02-16T11:02:05Z,80.0,Charge 4
2022-02-16T11:02:15Z,81.0,Charge 4
2022-02-16T11:02:30Z,81.0,Charge 4
2022-02-16T11:02:45Z,81.0,Charge 4
2022-02-16T11:02:55Z,82.0,Charge 4
2022-02-16T11:03:05Z,82.0,Charge 4
2022-02-16T11:03:10Z,83.0,Charge 4
2022-02-16T11:03:20Z,84.0,Charge 4
2022-02-16T11:03:25Z,83.0,Charge 4
2022-02-16T11:03:40Z,83.0,Charge 4
2022-02-16T11:03:41Z,83.0,Charge 4
2022-02-16T11:03:51Z,84.0,Charge 4
2022-02-16T11:03:56Z,83.0,Charge 4
2022-02-16T11:04:06Z,84.0,Charge 4
2022-02-16T11:04:11Z,86.0,Charge 4
2022-02-16T11:04:26Z,86.0,Charge 4
2022-02-16T11:04:31Z,86.0,Charge 4
2022-02-16T11:04:36Z,85.0,Charge 4
2022-02-16T11:04:41Z,83.0,Charge 4
2022-02-16T11:04:46Z,82.0,Charge 4
2022-02-16T11:05:01Z,82.0,Charge 4
2022-02-16T11:05:06Z,81.0,Charge 4
2022-02-16T11:05:11Z,80.0,Charge 4
2022-02-16T11:05:16Z,81.0,Charge 4
2022-02-16T11:05:31Z,81.0,Charge 4
2022-02-16T11:05:46Z,83.0,Charge 4
2022-02-16T11:05:56Z,80.0,Charge 4
2022-02-16T11:06:01Z,79.0,Charge 4
2022-02-16T11:06:11Z,79.0,Charge 4
2022-02-16T11:06:26Z,79.0,Charge 4
2022-02-16T11:06:31Z,79.0,Charge 4
2022-02-16T11:06:36Z,82.0,Charge 4
2022-02-16T11:06:41Z,84.0,Charge 4
2022-02-16T11:06:46Z,84.0,Charge 4
2022-02-16T11:07:01Z,83.0,Charge 4
2022-02-16T11:07:16Z,83.0,Charge 4
2022-02-16T11:07:31Z,82.0,Charge 4
2022-02-16T11:07:36Z,83.0,Charge 4
2022-02-16T11:07:51Z,83.0,Charge 4
2022-02-16T11:07:56Z,83.0,Charge 4
2022-02-16T11:08:01Z,84.0,Charge 4
2022-02-16T11:08:06Z,89.0,Charge 4
2022-02-16T11:08:11Z,90.0,Charge 4
2022-02-16T11:08:21Z,89.0,Charge 4
2022-02-16T11:08:36Z,89.0,Charge 4
2022-02-16T11:08:51Z,89.0,Charge 4
2022-02-16T11:09:06Z,90.0,Charge 4
2022-02-16T11:09:11Z,91.0,Charge 4
2022-02-16T11:09:21Z,87.0,Charge 4
2022-02-16T11:09:26Z,86.0,Charge 4
2022-02-16T11:09:31Z,87.0,Charge 4
2022-02-16T11:09:36Z,90.0,Charge 4
2022-02-16T11:09:46Z,89.0,Charge 4
2022-02-16T11:09:56Z,88.0,Charge 4
2022-02-16T11:10:01Z,86.0,Charge 4
2022-02-16T11:10:06Z,85.0,Charge 4
2022-02-16T11:10:11Z,85.0,Charge 4
2022-02-16T11:10:26Z,85.0,Charge 4
2022-02-16T11:10:41Z,85.0,Charge 4
2022-02-16T11:10:46Z,87.0,Charge 4
2022-02-16T11:10:51Z,87.0,Charge 4
2022-02-16T11:11:06Z,87.0,Charge 4
2022-02-16T11:11:21Z,87.0,Charge 4
2022-02-16T11:11:26Z,87.0,Charge 4
2022-02-16T11:11:32Z,86.0,Charge 4
2022-02-16T11:11:42Z,87.0,Charge 4
2022-02-16T11:11:47Z,85.0,Charge 4
2022-02-16T11:11:57Z,84.0,Charge 4
2022-02-16T11:12:02Z,82.0,Charge 4
2022-02-16T11:12:07Z,82.0,Charge 4
2022-02-16T11:12:22Z,82.0,Charge 4
2022-02-16T11:12:37Z,82.0,Charge 4
2022-02-16T11:12:47Z,79.0,Charge 4
2022-02-16T11:12:52Z,77.0,Charge 4
2022-02-16T11:12:57Z,76.0,Charge 4
2022-02-16T11:13:02Z,74.0,Charge 4
2022-02-16T11:13:17Z,74.0,Charge 4
2022-02-16T11:13:22Z,73.0,Charge 4
2022-02-16T11:13:27Z,72.0,Charge 4
2022-02-16T11:13:32Z,71.0,Charge 4
2022-02-16T11:13:37Z,70.0,Charge 4
2022-02-16T11:13:47Z,71.0,Charge 4
2022-02-16T11:13:57Z,72.0,Charge 4
2022-02-16T11:14:12Z,72.0,Charge 4
2022-02-16T11:14:27Z,73.0,Charge 4
2022-02-16T11:14:37Z,70.0,Charge 4
2022-02-16T11:14:42Z,69.0,Charge 4
2022-02-16T11:14:47Z,70.0,Charge 4
2022-02-16T11:15:02Z,70.0,Charge 4
2022-02-16T11:15:12Z,68.0,Charge 4
2022-02-16T11:15:17Z,67.0,Charge 4
2022-02-16T11:15:22Z,66.0,Charge 4
2022-02-16T11:15:27Z,65.0,Charge 4
2022-02-16T11:15:37Z,66.0,Charge 4
2022-02-16T11:15:52Z,65.0,Charge 4
2022-02-16T11:16:02Z,66.0,Charge 4
2022-02-16T11:16:17Z,66.0,Charge 4
2022-02-16T11:16:22Z,68.0,Charge 4
2022-02-16T11:16:32Z,69.0,Charge 4
2022-02-16T11:16:37Z,72.0,Charge 4
2022-02-16T11:16:42Z,73.0,Charge 4
2022-02-16T11:16:52Z,74.0,Charge 4
2022-02-16T11:17:07Z,75.0,Charge 4
2022-02-16T11:17:12Z,76.0,Charge 4
2022-02-16T11:17:17Z,78.0,Charge 4
2022-02-16T11:17:27Z,79.0,Charge 4
2022-02-16T11:17:32Z,80.0,Charge 4
2022-02-16T11:17:47Z,80.0,Charge 4
2022-02-16T11:17:52Z,82.0,Charge 4
2022-02-16T11:18:02Z,83.0,Charge 4
2022-02-16T11:18:07Z,84.0,Charge 4
2022-02-16T11:18:22Z,84.0,Charge 4
2022-02-16T11:18:27Z,85.0,Charge 4
2022-02-16T11:18:42Z,86.0,Charge 4
2022-02-16T11:18:47Z,87.0,Charge 4
2022-02-16T11:19:02Z,87.0,Charge 4
2022-02-16T11:19:17Z,88.0,Charge 4
2022-02-16T11:19:27Z,89.0,Charge 4
2022-02-16T11:19:32Z,89.0,Charge 4
2022-02-16T11:19:37Z,90.0,Charge 4
2022-02-16T11:19:42Z,88.0,Charge 4
2022-02-16T11:19:47Z,89.0,Charge 4
2022-02-16T11:20:02Z,87.0,Charge 4
2022-02-16T11:20:12Z,86.0,Charge 4
2022-02-16T11:20:17Z,87.0,Charge 4
2022-02-16T11:20:32Z,88.0,Charge 4
2022-02-16T11:20:37Z,87.0,Charge 4
2022-02-16T11:20:42Z,86.0,Charge 4
2022-02-16T11:20:47Z,87.0,Charge 4
2022-02-16T11:20:57Z,88.0,Charge 4
2022-02-16T11:21:02Z,89.0,Charge 4
2022-02-16T11:21:17Z,89.0,Charge 4
2022-02-16T11:21:22Z,88.0,Charge 4
2022-02-16T11:21:37Z,88.0,Charge 4
2022-02-16T11:21:52Z,88.0,Charge 4
2022-02-16T11:21:57Z,89.0,Charge 4
2022-02-16T11:22:12Z,88.0,Charge 4
2022-02-16T11:22:17Z,87.0,Charge 4
2022-02-16T11:22:27Z,86.0,Charge 4
2022-02-16T11:22:42Z,86.0,Charge 4
2022-02-16T11:22:47Z,87.0,Charge 4
2022-02-16T11:22:52Z,88.0,Charge 4
2022-02-16T11:22:57Z,90.0,Charge 4
2022-02-16T11:23:02Z,90.0,Charge 4
2022-02-16T11:23:17Z,89.0,Charge 4
2022-02-16T11:23:22Z,86.0,Charge 4
2022-02-16T11:23:37Z,84.0,Charge 4
2022-02-16T11:23:52Z,84.0,Charge 4
2022-02-16T11:23:57Z,84.0,Charge 4
2022-02-16T11:24:02Z,86.0,Charge 4
2022-02-16T11:24:17Z,86.0,Charge 4
2022-02-16T11:24:22Z,86.0,Charge 4
2022-02-16T11:24:27Z,87.0,Charge 4
2022-02-16T11:24:32Z,86.0,Charge 4
2022-02-16T11:24:47Z,86.0,Charge 4
2022-02-16T11:24:52Z,86.0,Charge 4
2022-02-16T11:24:57Z,85.0,Charge 4
2022-02-16T11:25:07Z,86.0,Charge 4
2022-02-16T11:25:12Z,87.0,Charge 4
2022-02-16T11:25:17Z,86.0,Charge 4
2022-02-16T11:25:22Z,87.0,Charge 4
2022-02-16T11:25:37Z,87.0,Charge 4
2022-02-16T11:25:42Z,88.0,Charge 4
2022-02-16T11:25:47Z,89.0,Charge 4
2022-02-16T11:25:52Z,90.0,Charge 4
2022-02-16T11:25:57Z,90.0,Charge 4
2022-02-16T11:26:02Z,92.0,Charge 4
2022-02-16T11:26:17Z,92.0,Charge 4
2022-02-16T11:26:32Z,93.0,Charge 4
2022-02-16T11:26:47Z,92.0,Charge 4
2022-02-16T11:26:52Z,91.0,Charge 4
2022-02-16T11:26:57Z,90.0,Charge 4
2022-02-16T11:27:02Z,90.0,Charge 4
2022-02-16T11:27:17Z,90.0,Charge 4
2022-02-16T11:27:22Z,89.0,Charge 4
2022-02-16T11:27:27Z,89.0,Charge 4
2022-02-16T11:27:42Z,89.0,Charge 4
2022-02-16T11:27:57Z,89.0,Charge 4
2022-02-16T11:28:02Z,87.0,Charge 4
2022-02-16T11:28:07Z,85.0,Charge 4
2022-02-16T11:28:12Z,83.0,Charge 4
2022-02-16T11:28:17Z,82.0,Charge 4
2022-02-16T11:28:27Z,82.0,Charge 4
2022-02-16T11:28:42Z,82.0,Charge 4
2022-02-16T11:28:47Z,83.0,Charge 4
2022-02-16T11:28:57Z,84.0,Charge 4
2022-02-16T11:29:07Z,84.0,Charge 4
2022-02-16T11:29:22Z,84.0,Charge 4
2022-02-16T11:29:27Z,85.0,Charge 4
2022-02-16T11:29:42Z,85.0,Charge 4
2022-02-16T11:29:52Z,85.0,Charge 4
2022-02-16T11:30:07Z,85.0,Charge 4
2022-02-16T11:30:22Z,86.0,Charge 4
2022-02-16T11:30:32Z,86.0,Charge 4
2022-02-16T11:30:42Z,87.0,Charge 4
2022-02-16T11:30:47Z,88.0,Charge 4
2022-02-16T11:30:53Z,88.0,Charge 4
2022-02-16T11:31:08Z,88.0,Charge 4
2022-02-16T11:31:18Z,89.0,Charge 4
2022-02-16T11:31:28Z,90.0,Charge 4
2022-02-16T11:31:33Z,89.0,Charge 4
2022-02-16T11:31:48Z,87.0,Charge 4
2022-02-16T11:31:53Z,86.0,Charge 4
2022-02-16T11:32:08Z,86.0,Charge 4
2022-02-16T11:32:13Z,87.0,Charge 4
2022-02-16T11:32:18Z,90.0,Charge 4
2022-02-16T11:32:23Z,92.0,Charge 4
2022-02-16T11:32:28Z,93.0,Charge 4
2022-02-16T11:32:38Z,92.0,Charge 4
2022-02-16T11:32:48Z,93.0,Charge 4
2022-02-16T11:33:03Z,93.0,Charge 4
2022-02-16T11:33:08Z,94.0,Charge 4
2022-02-16T11:33:23Z,93.0,Charge 4
2022-02-16T11:33:38Z,93.0,Charge 4
2022-02-16T11:33:48Z,94.0,Charge 4
2022-02-16T11:33:53Z,95.0,Charge 4
2022-02-16T11:33:58Z,96.0,Charge 4
2022-02-16T11:34:03Z,97.0,Charge 4
2022-02-16T11:34:08Z,96.0,Charge 4
2022-02-16T11:34:13Z,95.0,Charge 4
2022-02-16T11:34:23Z,94.0,Charge 4
2022-02-16T11:34:28Z,93.0,Charge 4
2022-02-16T11:34:38Z,89.0,Charge 4
2022-02-16T11:34:43Z,87.0,Charge 4
2022-02-16T11:34:48Z,86.0,Charge 4
2022-02-16T11:35:03Z,87.0,Charge 4
2022-02-16T11:35:13Z,88.0,Charge 4
2022-02-16T11:35:28Z,88.0,Charge 4
2022-02-16T11:35:43Z,87.0,Charge 4
2022-02-16T11:35:58Z,87.0,Charge 4
2022-02-16T11:36:08Z,87.0,Charge 4
2022-02-16T11:36:23Z,87.0,Charge 4
2022-02-16T11:36:28Z,86.0,Charge 4
2022-02-16T11:36:43Z,87.0,Charge 4
2022-02-16T11:36:58Z,87.0,Charge 4
2022-02-16T11:37:03Z,86.0,Charge 4
2022-02-16T11:37:08Z,87.0,Charge 4
2022-02-16T11:37:18Z,87.0,Charge 4
2022-02-16T11:37:23Z,90.0,Charge 4
2022-02-16T11:37:28Z,92.0,Charge 4
2022-02-16T11:37:33Z,90.0,Charge 4
2022-02-16T11:37:38Z,90.0,Charge 4
2022-02-16T11:37:43Z,89.0,Charge 4
2022-02-16T11:37:58Z,88.0,Charge 4
2022-02-16T11:38:08Z,87.0,Charge 4
2022-02-16T11:38:23Z,87.0,Charge 4
2022-02-16T11:38:38Z,87.0,Charge 4
2022-02-16T11:38:53Z,87.0,Charge 4
2022-02-16T11:38:58Z,91.0,Charge 4
2022-02-16T11:39:13Z,90.0,Charge 4
2022-02-16T11:39:18Z,90.0,Charge 4
2022-02-16T11:39:23Z,89.0,Charge 4
2022-02-16T11:39:28Z,88.0,Charge 4
2022-02-16T11:39:38Z,87.0,Charge 4
2022-02-16T11:39:53Z,87.0,Charge 4
2022-02-16T11:40:08Z,87.0,Charge 4
2022-02-16T11:40:23Z,87.0,Charge 4
2022-02-16T11:40:28Z,88.0,Charge 4
2022-02-16T11:40:33Z,90.0,Charge 4
2022-02-16T11:40:38Z,89.0,Charge 4
2022-02-16T11:40:53Z,89.0,Charge 4
2022-02-16T11:41:08Z,89.0,Charge 4
2022-02-16T11:41:23Z,90.0,Charge 4
2022-02-16T11:41:38Z,90.0,Charge 4
2022-02-16T11:41:53Z,89.0,Charge 4
2022-02-16T11:42:08Z,89.0,Charge 4
2022-02-16T11:42:23Z,89.0,Charge 4
2022-02-16T11:42:28Z,90.0,Charge 4
2022-02-16T11:42:43Z,90.0,Charge 4
2022-02-16T11:43:27Z,90.0,Charge 4
2022-02-16T11:43:32Z,91.0,Charge 4
2022-02-16T11:43:47Z,91.0,Charge 4
2022-02-16T11:43:52Z,89.0,Charge 4
2022-02-16T11:43:57Z,85.0,Charge 4
2022-02-16T11:44:02Z,84.0,Charge 4
2022-02-16T11:44:12Z,85.0,Charge 4
2022-02-16T11:44:27Z,85.0,Charge 4
2022-02-16T11:44:42Z,85.0,Charge 4
2022-02-16T11:44:52Z,87.0,Charge 4
2022-02-16T11:44:57Z,88.0,Charge 4
2022-02-16T11:45:02Z,89.0,Charge 4
2022-02-16T11:45:07Z,90.0,Charge 4
2022-02-16T11:45:22Z,90.0,Charge 4
2022-02-16T11:45:32Z,91.0,Charge 4
2022-02-16T11:45:37Z,92.0,Charge 4
2022-02-16T11:45:47Z,94.0,Charge 4
2022-02-16T11:45:52Z,93.0,Charge 4
2022-02-16T11:45:57Z,92.0,Charge 4
2022-02-16T11:46:02Z,90.0,Charge 4
2022-02-16T11:46:17Z,91.0,Charge 4
2022-02-16T11:46:22Z,90.0,Charge 4
2022-02-16T11:46:27Z,89.0,Charge 4
2022-02-16T11:46:32Z,87.0,Charge 4
2022-02-16T11:46:42Z,88.0,Charge 4
2022-02-16T11:46:57Z,89.0,Charge 4
2022-02-16T11:47:07Z,90.0,Charge 4
2022-02-16T11:47:12Z,91.0,Charge 4
2022-02-16T11:47:27Z,91.0,Charge 4
2022-02-16T11:47:32Z,90.0,Charge 4
2022-02-16T11:47:42Z,89.0,Charge 4
2022-02-16T11:47:57Z,89.0,Charge 4
2022-02-16T11:48:12Z,89.0,Charge 4
2022-02-16T11:48:17Z,90.0,Charge 4
2022-02-16T11:48:27Z,89.0,Charge 4
2022-02-16T11:48:32Z,90.0,Charge 4
2022-02-16T11:48:42Z,91.0,Charge 4
2022-02-16T11:48:52Z,90.0,Charge 4
2022-02-16T11:49:07Z,91.0,Charge 4
2022-02-16T11:49:17Z,90.0,Charge 4
2022-02-16T11:49:32Z,90.0,Charge 4
2022-02-16T11:49:37Z,89.0,Charge 4
2022-02-16T11:49:47Z,87.0,Charge 4
2022-02-16T11:49:52Z,87.0,Charge 4
2022-02-16T11:50:07Z,88.0,Charge 4
2022-02-16T11:50:22Z,88.0,Charge 4
2022-02-16T11:50:32Z,87.0,Charge 4
2022-02-16T11:50:42Z,86.0,Charge 4
2022-02-16T11:50:57Z,87.0,Charge 4
2022-02-16T11:51:07Z,88.0,Charge 4
2022-02-16T11:51:12Z,88.0,Charge 4
2022-02-16T11:51:27Z,87.0,Charge 4
2022-02-16T11:51:42Z,87.0,Charge 4
2022-02-16T11:51:47Z,88.0,Charge 4
2022-02-16T11:51:52Z,88.0,Charge 4
2022-02-16T11:52:02Z,89.0,Charge 4
2022-02-16T11:52:07Z,88.0,Charge 4
2022-02-16T11:52:17Z,89.0,Charge 4
2022-02-16T11:52:22Z,90.0,Charge 4
2022-02-16T11:52:27Z,89.0,Charge 4
2022-02-16T11:52:32Z,88.0,Charge 4
2022-02-16T11:52:37Z,87.0,Charge 4
2022-02-16T11:52:42Z,88.0,Charge 4
2022-02-16T11:52:57Z,88.0,Charge 4
2022-02-16T11:53:07Z,86.0,Charge 4
2022-02-16T11:53:12Z,85.0,Charge 4
2022-02-16T11:53:17Z,86.0,Charge 4
2022-02-16T11:53:32Z,86.0,Charge 4
2022-02-16T11:53:37Z,85.0,Charge 4
2022-02-16T11:53:42Z,86.0,Charge 4
2022-02-16T11:53:57Z,86.0,Charge 4
2022-02-16T11:54:58Z,82.0,Charge 4
2022-02-16T11:55:03Z,83.0,Charge 4
2022-02-16T11:55:08Z,84.0,Charge 4
2022-02-16T11:55:13Z,85.0,Charge 4
2022-02-16T11:55:28Z,85.0,Charge 4
2022-02-16T11:55:33Z,87.0,Charge 4
2022-02-16T11:55:43Z,86.0,Charge 4
2022-02-16T11:55:48Z,85.0,Charge 4
2022-02-16T11:56:03Z,85.0,Charge 4
2022-02-16T11:58:01Z,91.0,Charge 4
2022-02-16T11:58:16Z,91.0,Charge 4
2022-02-16T11:58:21Z,90.0,Charge 4
2022-02-16T11:58:31Z,92.0,Charge 4
2022-02-16T11:58:36Z,96.0,Charge 4
2022-02-16T11:58:41Z,97.0,Charge 4
2022-02-16T11:58:51Z,95.0,Charge 4
2022-02-16T11:59:06Z,95.0,Charge 4
2022-02-16T11:59:16Z,94.0,Charge 4
2022-02-16T11:59:31Z,94.0,Charge 4
2022-02-16T11:59:41Z,96.0,Charge 4
2022-02-16T11:59:46Z,97.0,Charge 4
2022-02-16T11:59:51Z,97.0,Charge 4
2022-02-16T12:00:01Z,98.0,Charge 4
2022-02-16T12:00:06Z,100.0,Charge 4
2022-02-16T12:00:11Z,101.0,Charge 4
2022-02-16T12:00:16Z,100.0,Charge 4
2022-02-16T12:00:26Z,99.0,Charge 4
2022-02-16T12:00:31Z,97.0,Charge 4
2022-02-16T12:00:36Z,95.0,Charge 4
2022-02-16T12:00:41Z,94.0,Charge 4
2022-02-16T12:00:46Z,93.0,Charge 4
2022-02-16T12:00:56Z,92.0,Charge 4
2022-02-16T12:01:06Z,92.0,Charge 4
2022-02-16T12:01:11Z,93.0,Charge 4
2022-02-16T12:01:16Z,94.0,Charge 4
2022-02-16T12:01:31Z,93.0,Charge 4
2022-02-16T12:01:36Z,92.0,Charge 4
2022-02-16T12:01:41Z,89.0,Charge 4
2022-02-16T12:01:46Z,88.0,Charge 4
2022-02-16T12:01:56Z,89.0,Charge 4
2022-02-16T12:02:01Z,88.0,Charge 4
2022-02-16T12:02:16Z,88.0,Charge 4
2022-02-16T12:02:26Z,89.0,Charge 4
2022-02-16T12:02:41Z,89.0,Charge 4
2022-02-16T12:02:56Z,88.0,Charge 4
2022-02-16T12:03:01Z,89.0,Charge 4
2022-02-16T12:03:16Z,89.0,Charge 4
2022-02-16T12:03:31Z,89.0,Charge 4
2022-02-16T12:03:46Z,88.0,Charge 4
2022-02-16T12:03:51Z,86.0,Charge 4
2022-02-16T12:04:06Z,87.0,Charge 4
2022-02-16T12:04:11Z,88.0,Charge 4
2022-02-16T12:04:16Z,89.0,Charge 4
2022-02-16T12:04:21Z,90.0,Charge 4
2022-02-16T12:04:26Z,91.0,Charge 4
2022-02-16T12:04:41Z,89.0,Charge 4
2022-02-16T12:04:46Z,87.0,Charge 4
2022-02-16T12:04:51Z,84.0,Charge 4
2022-02-16T12:04:56Z,84.0,Charge 4
2022-02-16T12:05:01Z,84.0,Charge 4
2022-02-16T12:05:11Z,85.0,Charge 4
2022-02-16T12:05:21Z,84.0,Charge 4
2022-02-16T12:05:26Z,83.0,Charge 4
2022-02-16T12:05:31Z,89.0,Charge 4
2022-02-16T12:05:46Z,89.0,Charge 4
2022-02-16T12:06:01Z,89.0,Charge 4
2022-02-16T12:06:06Z,90.0,Charge 4
2022-02-16T12:06:16Z,89.0,Charge 4
2022-02-16T12:06:26Z,88.0,Charge 4
2022-02-16T12:06:41Z,88.0,Charge 4
2022-02-16T12:06:56Z,88.0,Charge 4
2022-02-16T12:07:01Z,89.0,Charge 4
2022-02-16T12:07:06Z,90.0,Charge 4
2022-02-16T12:07:16Z,91.0,Charge 4
2022-02-16T12:07:21Z,92.0,Charge 4
2022-02-16T12:07:26Z,90.0,Charge 4
2022-02-16T12:07:31Z,88.0,Charge 4
2022-02-16T12:07:41Z,87.0,Charge 4
2022-02-16T12:07:51Z,88.0,Charge 4
2022-02-16T12:08:06Z,88.0,Charge 4
2022-02-16T12:08:21Z,87.0,Charge 4
2022-02-16T12:08:26Z,88.0,Charge 4
2022-02-16T12:08:36Z,88.0,Charge 4
2022-02-16T12:08:46Z,89.0,Charge 4
2022-02-16T12:08:56Z,90.0,Charge 4
2022-02-16T12:09:06Z,93.0,Charge 4
2022-02-16T12:09:11Z,94.0,Charge 4
2022-02-16T12:09:16Z,93.0,Charge 4
2022-02-16T12:09:31Z,93.0,Charge 4
2022-02-16T12:09:32Z,92.0,Charge 4
2022-02-16T12:09:47Z,91.0,Charge 4
2022-02-16T12:09:52Z,90.0,Charge 4
2022-02-16T12:09:57Z,89.0,Charge 4
2022-02-16T12:10:02Z,86.0,Charge 4
2022-02-16T12:10:07Z,85.0,Charge 4
2022-02-16T12:10:17Z,84.0,Charge 4
2022-02-16T12:10:32Z,84.0,Charge 4
2022-02-16T12:10:42Z,85.0,Charge 4
2022-02-16T12:10:47Z,89.0,Charge 4
2022-02-16T12:10:52Z,90.0,Charge 4
2022-02-16T12:10:57Z,91.0,Charge 4
2022-02-16T12:11:02Z,92.0,Charge 4
2022-02-16T12:11:17Z,92.0,Charge 4
2022-02-16T12:11:22Z,94.0,Charge 4
2022-02-16T12:11:37Z,94.0,Charge 4
2022-02-16T12:11:52Z,95.0,Charge 4
2022-02-16T12:11:57Z,94.0,Charge 4
2022-02-16T12:12:12Z,94.0,Charge 4
2022-02-16T12:13:04Z,94.0,Charge 4
2022-02-16T12:13:14Z,93.0,Charge 4
2022-02-16T12:13:24Z,94.0,Charge 4
2022-02-16T12:13:29Z,93.0,Charge 4
2022-02-16T12:13:44Z,93.0,Charge 4
2022-02-16T12:13:59Z,92.0,Charge 4
2022-02-16T12:14:14Z,92.0,Charge 4
2022-02-16T12:14:19Z,91.0,Charge 4
2022-02-16T12:14:24Z,90.0,Charge 4
2022-02-16T12:14:29Z,87.0,Charge 4
2022-02-16T12:14:34Z,85.0,Charge 4
2022-02-16T12:14:39Z,86.0,Charge 4
2022-02-16T12:14:44Z,85.0,Charge 4
2022-02-16T12:14:49Z,82.0,Charge 4
2022-02-16T12:14:54Z,81.0,Charge 4
2022-02-16T12:15:04Z,82.0,Charge 4
2022-02-16T12:15:09Z,83.0,Charge 4
2022-02-16T12:15:14Z,82.0,Charge 4
2022-02-16T12:15:19Z,81.0,Charge 4
2022-02-16T12:15:34Z,81.0,Charge 4
2022-02-16T12:15:44Z,82.0,Charge 4
2022-02-16T12:15:49Z,83.0,Charge 4
2022-02-16T12:15:54Z,84.0,Charge 4
2022-02-16T12:16:09Z,84.0,Charge 4
2022-02-16T12:16:14Z,83.0,Charge 4
2022-02-16T12:16:24Z,82.0,Charge 4
2022-02-16T12:16:39Z,84.0,Charge 4
2022-02-16T12:16:44Z,85.0,Charge 4
2022-02-16T12:16:49Z,84.0,Charge 4
2022-02-16T12:16:54Z,83.0,Charge 4
2022-02-16T12:17:09Z,83.0,Charge 4
2022-02-16T12:17:19Z,82.0,Charge 4
2022-02-16T12:17:34Z,82.0,Charge 4
2022-02-16T12:17:39Z,80.0,Charge 4
2022-02-16T12:17:44Z,81.0,Charge 4
2022-02-16T12:17:49Z,82.0,Charge 4
2022-02-16T12:18:04Z,82.0,Charge 4
2022-02-16T12:18:19Z,82.0,Charge 4
2022-02-16T12:18:29Z,85.0,Charge 4
2022-02-16T12:18:34Z,86.0,Charge 4
2022-02-16T12:18:49Z,86.0,Charge 4
2022-02-16T12:20:15Z,89.0,Charge 4
2022-02-16T12:20:20Z,90.0,Charge 4
2022-02-16T12:20:25Z,90.0,Charge 4
2022-02-16T12:20:35Z,88.0,Charge 4
2022-02-16T12:20:40Z,87.0,Charge 4
2022-02-16T12:20:45Z,88.0,Charge 4
2022-02-16T12:21:00Z,88.0,Charge 4
2022-02-16T12:21:05Z,87.0,Charge 4
2022-02-16T12:21:10Z,88.0,Charge 4
2022-02-16T12:21:15Z,89.0,Charge 4
2022-02-16T12:21:30Z,89.0,Charge 4
2022-02-16T12:21:45Z,89.0,Charge 4
2022-02-16T12:22:00Z,89.0,Charge 4
2022-02-16T12:22:05Z,87.0,Charge 4
2022-02-16T12:22:20Z,87.0,Charge 4
2022-02-16T12:22:25Z,86.0,Charge 4
2022-02-16T12:22:35Z,87.0,Charge 4
2022-02-16T12:22:40Z,88.0,Charge 4
2022-02-16T12:22:55Z,87.0,Charge 4
2022-02-16T12:23:00Z,89.0,Charge 4
2022-02-16T12:23:10Z,90.0,Charge 4
2022-02-16T12:23:25Z,89.0,Charge 4
2022-02-16T12:23:35Z,87.0,Charge 4
2022-02-16T12:23:50Z,88.0,Charge 4
2022-02-16T12:24:00Z,88.0,Charge 4
2022-02-16T12:24:05Z,89.0,Charge 4
2022-02-16T12:24:10Z,90.0,Charge 4
2022-02-16T12:24:15Z,92.0,Charge 4
2022-02-16T12:24:30Z,93.0,Charge 4
2022-02-16T12:24:40Z,94.0,Charge 4
2022-02-16T12:24:50Z,95.0,Charge 4
2022-02-16T12:24:55Z,96.0,Charge 4
2022-02-16T12:25:00Z,95.0,Charge 4
2022-02-16T12:25:05Z,94.0,Charge 4
2022-02-16T12:25:10Z,92.0,Charge 4
2022-02-16T12:25:25Z,92.0,Charge 4
2022-02-16T12:25:30Z,92.0,Charge 4
2022-02-16T12:25:45Z,92.0,Charge 4
2022-02-16T12:26:00Z,92.0,Charge 4
2022-02-16T12:26:05Z,93.0,Charge 4
2022-02-16T12:26:15Z,94.0,Charge 4
2022-02-16T12:26:30Z,94.0,Charge 4
2022-02-16T12:26:35Z,93.0,Charge 4
2022-02-16T12:26:40Z,92.0,Charge 4
2022-02-16T12:26:45Z,88.0,Charge 4
2022-02-16T12:27:00Z,88.0,Charge 4
2022-02-16T12:27:10Z,88.0,Charge 4
2022-02-16T12:27:20Z,89.0,Charge 4
2022-02-16T12:27:25Z,88.0,Charge 4
2022-02-16T12:27:35Z,86.0,Charge 4
2022-02-16T12:27:50Z,86.0,Charge 4
2022-02-16T12:28:00Z,87.0,Charge 4
2022-02-16T12:28:15Z,87.0,Charge 4
2022-02-16T12:28:17Z,87.0,Charge 4
2022-02-16T12:28:22Z,86.0,Charge 4
2022-02-16T12:28:37Z,86.0,Charge 4
2022-02-16T12:28:42Z,87.0,Charge 4
2022-02-16T12:28:47Z,89.0,Charge 4
2022-02-16T12:28:52Z,88.0,Charge 4
2022-02-16T12:28:57Z,88.0,Charge 4
2022-02-16T12:29:02Z,85.0,Charge 4
2022-02-16T12:29:12Z,86.0,Charge 4
2022-02-16T12:29:22Z,85.0,Charge 4
2022-02-16T12:29:37Z,85.0,Charge 4
2022-02-16T12:29:52Z,86.0,Charge 4
2022-02-16T12:29:57Z,84.0,Charge 4
2022-02-16T12:30:02Z,81.0,Charge 4
2022-02-16T12:30:07Z,82.0,Charge 4
2022-02-16T12:30:12Z,84.0,Charge 4
2022-02-16T12:30:17Z,85.0,Charge 4
2022-02-16T12:30:27Z,86.0,Charge 4
2022-02-16T12:30:42Z,86.0,Charge 4
2022-02-16T12:30:47Z,87.0,Charge 4
2022-02-16T12:30:57Z,88.0,Charge 4
2022-02-16T12:31:02Z,89.0,Charge 4
2022-02-16T12:31:07Z,91.0,Charge 4
2022-02-16T12:31:12Z,90.0,Charge 4
2022-02-16T12:31:22Z,91.0,Charge 4
2022-02-16T12:31:37Z,90.0,Charge 4
2022-02-16T12:31:52Z,92.0,Charge 4
2022-02-16T12:31:57Z,93.0,Charge 4
2022-02-16T12:32:02Z,91.0,Charge 4
2022-02-16T12:32:12Z,90.0,Charge 4
2022-02-16T12:32:27Z,90.0,Charge 4
2022-02-16T12:32:32Z,89.0,Charge 4
2022-02-16T12:32:37Z,88.0,Charge 4
2022-02-16T12:32:47Z,89.0,Charge 4
2022-02-16T12:32:52Z,88.0,Charge 4
2022-02-16T12:32:57Z,87.0,Charge 4
2022-02-16T12:33:02Z,86.0,Charge 4
2022-02-16T12:33:12Z,85.0,Charge 4
2022-02-16T12:33:17Z,86.0,Charge 4
2022-02-16T12:33:22Z,85.0,Charge 4
2022-02-16T12:33:27Z,84.0,Charge 4
2022-02-16T12:33:32Z,83.0,Charge 4
2022-02-16T12:33:42Z,84.0,Charge 4
2022-02-16T12:33:47Z,85.0,Charge 4
2022-02-16T12:33:57Z,86.0,Charge 4
2022-02-16T12:34:12Z,86.0,Charge 4
2022-02-16T12:34:17Z,88.0,Charge 4
2022-02-16T12:34:27Z,89.0,Charge 4
2022-02-16T12:34:42Z,89.0,Charge 4
2022-02-16T12:34:47Z,88.0,Charge 4
2022-02-16T12:34:57Z,87.0,Charge 4
2022-02-16T12:35:02Z,86.0,Charge 4
2022-02-16T12:35:07Z,85.0,Charge 4
2022-02-16T12:35:22Z,85.0,Charge 4
2022-02-16T12:35:27Z,85.0,Charge 4
2022-02-16T12:35:42Z,85.0,Charge 4
2022-02-16T12:35:52Z,84.0,Charge 4
2022-02-16T12:36:07Z,84.0,Charge 4
2022-02-16T12:36:12Z,83.0,Charge 4
2022-02-16T12:36:17Z,81.0,Charge 4
2022-02-16T12:36:32Z,81.0,Charge 4
2022-02-16T12:36:47Z,82.0,Charge 4
2022-02-16T12:37:02Z,81.0,Charge 4
2022-02-16T12:37:17Z,82.0,Charge 4
2022-02-16T12:37:32Z,82.0,Charge 4
2022-02-16T12:37:47Z,81.0,Charge 4
2022-02-16T12:37:52Z,81.0,Charge 4
2022-02-16T12:37:57Z,81.0,Charge 4
2022-02-16T12:38:12Z,81.0,Charge 4
2022-02-16T12:38:17Z,82.0,Charge 4
2022-02-16T12:38:32Z,82.0,Charge 4
2022-02-16T12:38:47Z,82.0,Charge 4
2022-02-16T12:38:57Z,83.0,Charge 4
2022-02-16T12:39:02Z,84.0,Charge 4
2022-02-16T12:39:07Z,85.0,Charge 4
2022-02-16T12:39:12Z,85.0,Charge 4
2022-02-16T12:39:27Z,84.0,Charge 4
2022-02-16T12:39:32Z,82.0,Charge 4
2022-02-16T12:39:42Z,83.0,Charge 4
2022-02-16T12:39:57Z,83.0,Charge 4
2022-02-16T12:40:07Z,82.0,Charge 4
2022-02-16T12:40:12Z,80.0,Charge 4
2022-02-16T12:40:17Z,81.0,Charge 4
2022-02-16T12:40:32Z,81.0,Charge 4
2022-02-16T12:40:37Z,83.0,Charge 4
2022-02-16T12:40:42Z,83.0,Charge 4
2022-02-16T12:40:57Z,83.0,Charge 4
2022-02-16T12:41:02Z,82.0,Charge 4
2022-02-16T12:41:07Z,82.0,Charge 4
2022-02-16T12:41:12Z,82.0,Charge 4
2022-02-16T12:41:27Z,82.0,Charge 4
2022-02-16T12:41:32Z,85.0,Charge 4
2022-02-16T12:41:42Z,86.0,Charge 4
2022-02-16T12:41:47Z,85.0,Charge 4
2022-02-16T12:41:52Z,83.0,Charge 4
2022-02-16T12:42:07Z,83.0,Charge 4
2022-02-16T12:42:12Z,84.0,Charge 4
2022-02-16T12:42:27Z,84.0,Charge 4
2022-02-16T12:43:35Z,81.0,Charge 4
2022-02-16T12:43:40Z,80.0,Charge 4
2022-02-16T12:43:45Z,78.0,Charge 4
2022-02-16T12:43:50Z,77.0,Charge 4
2022-02-16T12:44:05Z,77.0,Charge 4
2022-02-16T12:44:20Z,78.0,Charge 4
2022-02-16T12:44:25Z,79.0,Charge 4
2022-02-16T12:44:30Z,78.0,Charge 4
2022-02-16T12:44:40Z,79.0,Charge 4
2022-02-16T12:44:45Z,79.0,Charge 4
2022-02-16T12:44:50Z,79.0,Charge 4
2022-02-16T12:45:00Z,80.0,Charge 4
2022-02-16T12:45:05Z,81.0,Charge 4
2022-02-16T12:45:15Z,80.0,Charge 4
2022-02-16T12:45:25Z,79.0,Charge 4
2022-02-16T12:45:30Z,79.0,Charge 4
2022-02-16T12:45:40Z,78.0,Charge 4
2022-02-16T12:45:45Z,78.0,Charge 4
2022-02-16T12:45:55Z,77.0,Charge 4
2022-02-16T12:46:00Z,76.0,Charge 4
2022-02-16T12:46:05Z,75.0,Charge 4
2022-02-16T12:46:15Z,75.0,Charge 4
2022-02-16T12:46:20Z,76.0,Charge 4
2022-02-16T12:46:25Z,77.0,Charge 4
2022-02-16T12:46:30Z,77.0,Charge 4
2022-02-16T12:46:35Z,76.0,Charge 4
2022-02-16T12:46:40Z,78.0,Charge 4
2022-02-16T12:46:45Z,81.0,Charge 4
2022-02-16T12:46:50Z,82.0,Charge 4
2022-02-16T12:46:55Z,81.0,Charge 4
2022-02-16T12:47:05Z,80.0,Charge 4
2022-02-16T12:47:15Z,79.0,Charge 4
2022-02-16T12:47:20Z,78.0,Charge 4
2022-02-16T12:47:25Z,77.0,Charge 4
2022-02-16T12:47:30Z,78.0,Charge 4
2022-02-16T12:47:35Z,76.0,Charge 4
2022-02-16T12:47:40Z,75.0,Charge 4
2022-02-16T12:47:50Z,76.0,Charge 4
2022-02-16T12:48:05Z,77.0,Charge 4
2022-02-16T12:48:10Z,78.0,Charge 4
2022-02-16T12:48:20Z,77.0,Charge 4
2022-02-16T12:48:25Z,76.0,Charge 4
2022-02-16T12:48:30Z,76.0,Charge 4
2022-02-16T12:48:40Z,77.0,Charge 4
2022-02-16T12:48:50Z,78.0,Charge 4
2022-02-16T12:49:05Z,78.0,Charge 4
2022-02-16T12:49:10Z,80.0,Charge 4
2022-02-16T12:49:25Z,80.0,Charge 4
2022-02-16T12:49:30Z,79.0,Charge 4
2022-02-16T12:49:35Z,78.0,Charge 4
2022-02-16T12:49:45Z,77.0,Charge 4
2022-02-16T12:49:50Z,78.0,Charge 4
2022-02-16T12:49:55Z,77.0,Charge 4
2022-02-16T12:50:10Z,77.0,Charge 4
2022-02-16T12:50:15Z,78.0,Charge 4
2022-02-16T12:50:20Z,78.0,Charge 4
2022-02-16T12:50:35Z,77.0,Charge 4
2022-02-16T12:50:40Z,76.0,Charge 4
2022-02-16T12:50:45Z,78.0,Charge 4
2022-02-16T12:50:55Z,78.0,Charge 4
2022-02-16T12:51:05Z,77.0,Charge 4
2022-02-16T12:51:10Z,77.0,Charge 4
2022-02-16T12:51:15Z,78.0,Charge 4
2022-02-16T12:51:20Z,79.0,Charge 4
2022-02-16T12:51:35Z,78.0,Charge 4
2022-02-16T12:51:40Z,77.0,Charge 4
2022-02-16T12:51:45Z,76.0,Charge 4
2022-02-16T12:51:50Z,77.0,Charge 4
2022-02-16T12:51:55Z,78.0,Charge 4
2022-02-16T12:52:10Z,78.0,Charge 4
2022-02-16T12:52:25Z,77.0,Charge 4
2022-02-16T12:52:30Z,77.0,Charge 4
2022-02-16T12:52:40Z,78.0,Charge 4
2022-02-16T12:52:45Z,80.0,Charge 4
2022-02-16T12:52:55Z,80.0,Charge 4
2022-02-16T12:53:05Z,79.0,Charge 4
2022-02-16T12:53:10Z,78.0,Charge 4
2022-02-16T12:53:20Z,81.0,Charge 4
2022-02-16T12:53:25Z,80.0,Charge 4
2022-02-16T12:53:30Z,81.0,Charge 4
2022-02-16T12:53:40Z,80.0,Charge 4
2022-02-16T12:53:45Z,80.0,Charge 4
2022-02-16T12:54:00Z,80.0,Charge 4
2022-02-16T12:54:05Z,81.0,Charge 4
2022-02-16T12:54:20Z,81.0,Charge 4
2022-02-16T12:54:35Z,81.0,Charge 4
2022-02-16T12:54:45Z,82.0,Charge 4
2022-02-16T12:54:50Z,86.0,Charge 4
2022-02-16T12:54:55Z,89.0,Charge 4
2022-02-16T12:55:10Z,88.0,Charge 4
2022-02-16T12:55:15Z,87.0,Charge 4
2022-02-16T12:55:30Z,88.0,Charge 4
2022-02-16T12:55:40Z,90.0,Charge 4
2022-02-16T12:55:45Z,91.0,Charge 4
2022-02-16T12:56:00Z,92.0,Charge 4
2022-02-16T12:56:05Z,94.0,Charge 4
2022-02-16T12:56:15Z,93.0,Charge 4
2022-02-16T12:56:30Z,93.0,Charge 4
2022-02-16T12:56:45Z,94.0,Charge 4
2022-02-16T12:57:00Z,94.0,Charge 4
2022-02-16T12:57:10Z,93.0,Charge 4
2022-02-16T12:57:20Z,94.0,Charge 4
2022-02-16T12:57:25Z,93.0,Charge 4
2022-02-16T12:57:40Z,93.0,Charge 4
2022-02-16T12:57:50Z,92.0,Charge 4
2022-02-16T12:58:05Z,92.0,Charge 4
2022-02-16T12:58:11Z,94.0,Charge 4
2022-02-16T12:58:16Z,92.0,Charge 4
2022-02-16T12:58:31Z,95.0,Charge 4
2022-02-16T12:58:36Z,96.0,Charge 4
2022-02-16T12:58:41Z,96.0,Charge 4
2022-02-16T12:58:51Z,94.0,Charge 4
2022-02-16T12:59:01Z,95.0,Charge 4
2022-02-16T12:59:06Z,97.0,Charge 4
2022-02-16T12:59:16Z,98.0,Charge 4
2022-02-16T12:59:21Z,99.0,Charge 4
2022-02-16T12:59:31Z,98.0,Charge 4
2022-02-16T12:59:36Z,97.0,Charge 4
2022-02-16T12:59:46Z,98.0,Charge 4
2022-02-16T12:59:51Z,97.0,Charge 4
2022-02-16T12:59:56Z,95.0,Charge 4
2022-02-16T13:00:01Z,93.0,Charge 4
2022-02-16T13:00:11Z,91.0,Charge 4
2022-02-16T13:00:21Z,90.0,Charge 4
2022-02-16T13:00:31Z,89.0,Charge 4
2022-02-16T13:00:41Z,90.0,Charge 4
2022-02-16T13:00:46Z,86.0,Charge 4
2022-02-16T13:00:56Z,88.0,Charge 4
2022-02-16T13:01:01Z,89.0,Charge 4
2022-02-16T13:01:06Z,86.0,Charge 4
2022-02-16T13:01:21Z,86.0,Charge 4
2022-02-16T13:01:36Z,86.0,Charge 4
2022-02-16T13:01:41Z,87.0,Charge 4
2022-02-16T13:01:46Z,87.0,Charge 4
2022-02-16T13:01:51Z,88.0,Charge 4
2022-02-16T13:02:01Z,90.0,Charge 4
2022-02-16T13:02:06Z,91.0,Charge 4
2022-02-16T13:02:11Z,92.0,Charge 4
2022-02-16T13:02:16Z,93.0,Charge 4
2022-02-16T13:02:26Z,92.0,Charge 4
2022-02-16T13:02:36Z,94.0,Charge 4
2022-02-16T13:02:41Z,93.0,Charge 4
2022-02-16T13:02:46Z,92.0,Charge 4
2022-02-16T13:02:51Z,93.0,Charge 4
2022-02-16T13:02:56Z,95.0,Charge 4
2022-02-16T13:03:06Z,97.0,Charge 4
2022-02-16T13:03:11Z,99.0,Charge 4
2022-02-16T13:03:16Z,104.0,Charge 4
2022-02-16T13:03:26Z,103.0,Charge 4
2022-02-16T13:03:31Z,101.0,Charge 4
2022-02-16T13:03:36Z,98.0,Charge 4
2022-02-16T13:03:41Z,97.0,Charge 4
2022-02-16T13:03:51Z,99.0,Charge 4
2022-02-16T13:04:06Z,96.0,Charge 4
2022-02-16T13:04:11Z,94.0,Charge 4
2022-02-16T13:04:16Z,97.0,Charge 4
2022-02-16T13:04:21Z,99.0,Charge 4
2022-02-16T13:04:26Z,97.0,Charge 4
2022-02-16T13:04:31Z,96.0,Charge 4
2022-02-16T13:04:36Z,98.0,Charge 4
2022-02-16T13:04:41Z,100.0,Charge 4
2022-02-16T13:04:46Z,98.0,Charge 4
2022-02-16T13:04:51Z,96.0,Charge 4
2022-02-16T13:04:56Z,94.0,Charge 4
2022-02-16T13:05:11Z,92.0,Charge 4
2022-02-16T13:05:16Z,91.0,Charge 4
2022-02-16T13:05:31Z,91.0,Charge 4
2022-02-16T13:05:46Z,92.0,Charge 4
2022-02-16T13:05:51Z,94.0,Charge 4
2022-02-16T13:05:56Z,96.0,Charge 4
2022-02-16T13:06:11Z,97.0,Charge 4
2022-02-16T13:06:16Z,98.0,Charge 4
2022-02-16T13:06:21Z,99.0,Charge 4
2022-02-16T13:06:31Z,98.0,Charge 4
2022-02-16T13:06:46Z,98.0,Charge 4
2022-02-16T13:07:01Z,98.0,Charge 4
2022-02-16T13:07:06Z,97.0,Charge 4
2022-02-16T13:07:16Z,98.0,Charge 4
2022-02-16T13:07:21Z,100.0,Charge 4
2022-02-16T13:07:26Z,101.0,Charge 4
2022-02-16T13:07:31Z,99.0,Charge 4
2022-02-16T13:07:36Z,96.0,Charge 4
2022-02-16T13:07:41Z,95.0,Charge 4
2022-02-16T13:07:51Z,94.0,Charge 4
2022-02-16T13:07:56Z,99.0,Charge 4
2022-02-16T13:08:01Z,100.0,Charge 4
2022-02-16T13:08:06Z,97.0,Charge 4
2022-02-16T13:08:11Z,97.0,Charge 4
2022-02-16T13:08:16Z,97.0,Charge 4
2022-02-16T13:08:26Z,98.0,Charge 4
2022-02-16T13:08:41Z,97.0,Charge 4
2022-02-16T13:08:56Z,97.0,Charge 4
2022-02-16T13:09:11Z,97.0,Charge 4
2022-02-16T13:09:26Z,96.0,Charge 4
2022-02-16T13:09:41Z,96.0,Charge 4
2022-02-16T13:09:51Z,97.0,Charge 4
2022-02-16T13:10:01Z,101.0,Charge 4
2022-02-16T13:10:11Z,100.0,Charge 4
2022-02-16T13:10:21Z,96.0,Charge 4
2022-02-16T13:10:31Z,97.0,Charge 4
2022-02-16T13:10:36Z,96.0,Charge 4
2022-02-16T13:10:51Z,97.0,Charge 4
2022-02-16T13:10:56Z,96.0,Charge 4
2022-02-16T13:11:01Z,95.0,Charge 4
2022-02-16T13:11:16Z,95.0,Charge 4
2022-02-16T13:11:31Z,93.0,Charge 4
2022-02-16T13:11:36Z,93.0,Charge 4
2022-02-16T13:11:41Z,92.0,Charge 4
2022-02-16T13:11:56Z,92.0,Charge 4
2022-02-16T13:12:01Z,93.0,Charge 4
2022-02-16T13:12:06Z,94.0,Charge 4
2022-02-16T13:12:11Z,95.0,Charge 4
2022-02-16T13:12:16Z,96.0,Charge 4
2022-02-16T13:12:21Z,95.0,Charge 4
2022-02-16T13:12:28Z,95.0,Charge 4
2022-02-16T13:12:33Z,94.0,Charge 4
2022-02-16T13:12:43Z,94.0,Charge 4
2022-02-16T13:12:53Z,95.0,Charge 4
2022-02-16T13:12:58Z,94.0,Charge 4
2022-02-16T13:13:08Z,93.0,Charge 4
2022-02-16T13:13:23Z,95.0,Charge 4
2022-02-16T13:13:38Z,95.0,Charge 4
2022-02-16T13:13:48Z,96.0,Charge 4
2022-02-16T13:13:53Z,97.0,Charge 4
2022-02-16T13:14:08Z,97.0,Charge 4
2022-02-16T13:14:18Z,96.0,Charge 4
2022-02-16T13:14:23Z,95.0,Charge 4
2022-02-16T13:14:38Z,96.0,Charge 4
2022-02-16T13:14:53Z,96.0,Charge 4
2022-02-16T13:15:03Z,97.0,Charge 4
2022-02-16T13:15:13Z,97.0,Charge 4
2022-02-16T13:15:28Z,96.0,Charge 4
2022-02-16T13:15:33Z,94.0,Charge 4
2022-02-16T13:15:43Z,95.0,Charge 4
2022-02-16T13:15:48Z,94.0,Charge 4
2022-02-16T13:15:53Z,94.0,Charge 4
2022-02-16T13:16:08Z,92.0,Charge 4
2022-02-16T13:16:13Z,90.0,Charge 4
2022-02-16T13:16:28Z,91.0,Charge 4
2022-02-16T13:16:38Z,90.0,Charge 4
2022-02-16T13:16:48Z,92.0,Charge 4
2022-02-16T13:16:53Z,93.0,Charge 4
2022-02-16T13:16:58Z,90.0,Charge 4
2022-02-16T13:17:03Z,91.0,Charge 4
2022-02-16T13:17:13Z,92.0,Charge 4
2022-02-16T13:17:18Z,93.0,Charge 4
2022-02-16T13:17:28Z,94.0,Charge 4
2022-02-16T13:17:38Z,95.0,Charge 4
2022-02-16T13:17:53Z,94.0,Charge 4
2022-02-16T13:18:08Z,95.0,Charge 4
2022-02-16T13:18:13Z,94.0,Charge 4
2022-02-16T13:18:18Z,95.0,Charge 4
2022-02-16T13:18:33Z,94.0,Charge 4
2022-02-16T13:18:43Z,93.0,Charge 4
2022-02-16T13:18:48Z,91.0,Charge 4
2022-02-16T13:18:58Z,94.0,Charge 4
2022-02-16T13:19:03Z,96.0,Charge 4
2022-02-16T13:19:13Z,97.0,Charge 4
2022-02-16T13:19:28Z,98.0,Charge 4
2022-02-16T13:19:43Z,98.0,Charge 4
2022-02-16T13:19:58Z,98.0,Charge 4
2022-02-16T13:20:08Z,99.0,Charge 4
2022-02-16T13:20:18Z,98.0,Charge 4
2022-02-16T13:20:23Z,99.0,Charge 4
2022-02-16T13:20:33Z,100.0,Charge 4
2022-02-16T13:20:48Z,99.0,Charge 4
2022-02-16T13:20:53Z,96.0,Charge 4
2022-02-16T13:20:58Z,98.0,Charge 4
2022-02-16T13:21:03Z,97.0,Charge 4
2022-02-16T13:21:08Z,98.0,Charge 4
2022-02-16T13:21:13Z,99.0,Charge 4
2022-02-16T13:21:23Z,100.0,Charge 4
2022-02-16T13:21:28Z,99.0,Charge 4
2022-02-16T13:21:38Z,101.0,Charge 4
2022-02-16T13:21:43Z,102.0,Charge 4
2022-02-16T13:21:48Z,104.0,Charge 4
2022-02-16T13:21:53Z,103.0,Charge 4
2022-02-16T13:21:58Z,101.0,Charge 4
2022-02-16T13:22:03Z,100.0,Charge 4
2022-02-16T13:22:08Z,97.0,Charge 4
2022-02-16T13:22:13Z,96.0,Charge 4
2022-02-16T13:22:18Z,95.0,Charge 4
2022-02-16T13:22:23Z,96.0,Charge 4
2022-02-16T13:22:28Z,95.0,Charge 4
2022-02-16T13:22:33Z,98.0,Charge 4
2022-02-16T13:22:48Z,98.0,Charge 4
2022-02-16T13:23:03Z,98.0,Charge 4
2022-02-16T13:23:13Z,100.0,Charge 4
2022-02-16T13:23:18Z,99.0,Charge 4
2022-02-16T13:23:28Z,98.0,Charge 4
2022-02-16T13:23:33Z,97.0,Charge 4
2022-02-16T13:23:38Z,96.0,Charge 4
2022-02-16T13:23:48Z,95.0,Charge 4
2022-02-16T13:23:53Z,93.0,Charge 4
2022-02-16T13:23:58Z,91.0,Charge 4
2022-02-16T13:24:03Z,91.0,Charge 4
2022-02-16T13:24:13Z,92.0,Charge 4
2022-02-16T13:24:18Z,93.0,Charge 4
2022-02-16T13:24:23Z,94.0,Charge 4
2022-02-16T13:24:28Z,95.0,Charge 4
2022-02-16T13:24:33Z,94.0,Charge 4
2022-02-16T13:24:48Z,94.0,Charge 4
2022-02-16T13:24:58Z,95.0,Charge 4
2022-02-16T13:25:03Z,96.0,Charge 4
2022-02-16T13:25:18Z,97.0,Charge 4
2022-02-16T13:25:33Z,98.0,Charge 4
2022-02-16T13:25:43Z,99.0,Charge 4
2022-02-16T13:25:48Z,100.0,Charge 4
2022-02-16T13:25:53Z,98.0,Charge 4
2022-02-16T13:25:58Z,91.0,Charge 4
2022-02-16T13:26:03Z,90.0,Charge 4
2022-02-16T13:26:13Z,89.0,Charge 4
2022-02-16T13:26:28Z,89.0,Charge 4
2022-02-16T13:26:33Z,86.0,Charge 4
2022-02-16T13:26:38Z,84.0,Charge 4
2022-02-16T13:26:43Z,80.0,Charge 4
2022-02-16T13:26:48Z,81.0,Charge 4
2022-02-16T13:27:03Z,81.0,Charge 4
2022-02-16T13:27:13Z,80.0,Charge 4
2022-02-16T13:27:28Z,80.0,Charge 4
2022-02-16T13:27:34Z,79.0,Charge 4
2022-02-16T13:27:49Z,80.0,Charge 4
2022-02-16T13:27:59Z,81.0,Charge 4
2022-02-16T13:28:04Z,82.0,Charge 4
2022-02-16T13:28:14Z,84.0,Charge 4
2022-02-16T13:28:19Z,83.0,Charge 4
2022-02-16T13:28:34Z,84.0,Charge 4
2022-02-16T13:28:44Z,85.0,Charge 4
2022-02-16T13:28:54Z,84.0,Charge 4
2022-02-16T13:29:04Z,83.0,Charge 4
2022-02-16T13:29:09Z,84.0,Charge 4
2022-02-16T13:29:14Z,82.0,Charge 4
2022-02-16T13:29:19Z,81.0,Charge 4
2022-02-16T13:29:29Z,81.0,Charge 4
2022-02-16T13:29:34Z,82.0,Charge 4
2022-02-16T13:29:49Z,81.0,Charge 4
2022-02-16T13:30:04Z,81.0,Charge 4
2022-02-16T13:30:09Z,80.0,Charge 4
2022-02-16T13:30:24Z,81.0,Charge 4
2022-02-16T13:30:29Z,80.0,Charge 4
2022-02-16T13:30:44Z,80.0,Charge 4
2022-02-16T13:30:49Z,76.0,Charge 4
2022-02-16T13:30:54Z,80.0,Charge 4
2022-02-16T13:30:59Z,82.0,Charge 4
2022-02-16T13:31:14Z,82.0,Charge 4
2022-02-16T13:31:29Z,81.0,Charge 4
2022-02-16T13:31:34Z,82.0,Charge 4
2022-02-16T13:31:39Z,82.0,Charge 4
2022-02-16T13:31:49Z,81.0,Charge 4
2022-02-16T13:31:54Z,81.0,Charge 4
2022-02-16T13:31:59Z,81.0,Charge 4
2022-02-16T13:32:09Z,81.0,Charge 4
2022-02-16T13:32:19Z,81.0,Charge 4
2022-02-16T13:32:34Z,81.0,Charge 4
2022-02-16T13:32:49Z,81.0,Charge 4
2022-02-16T13:32:59Z,81.0,Charge 4
2022-02-16T13:33:09Z,80.0,Charge 4
2022-02-16T13:33:14Z,77.0,Charge 4
2022-02-16T13:33:24Z,77.0,Charge 4
2022-02-16T13:33:29Z,78.0,Charge 4
2022-02-16T13:33:44Z,78.0,Charge 4
2022-02-16T13:33:49Z,79.0,Charge 4
2022-02-16T13:34:04Z,79.0,Charge 4
2022-02-16T13:34:19Z,80.0,Charge 4
2022-02-16T13:34:29Z,81.0,Charge 4
2022-02-16T13:34:34Z,80.0,Charge 4
2022-02-16T13:34:39Z,79.0,Charge 4
2022-02-16T13:34:44Z,79.0,Charge 4
2022-02-16T13:34:59Z,79.0,Charge 4
2022-02-16T13:35:14Z,80.0,Charge 4
2022-02-16T13:35:19Z,81.0,Charge 4
2022-02-16T13:35:29Z,83.0,Charge 4
2022-02-16T13:35:39Z,82.0,Charge 4
2022-02-16T13:35:54Z,82.0,Charge 4
2022-02-16T13:35:59Z,82.0,Charge 4
2022-02-16T13:36:04Z,81.0,Charge 4
2022-02-16T13:36:09Z,81.0,Charge 4
2022-02-16T13:36:24Z,81.0,Charge 4
2022-02-16T13:36:39Z,81.0,Charge 4
2022-02-16T13:36:44Z,80.0,Charge 4
2022-02-16T13:36:49Z,80.0,Charge 4
2022-02-16T13:36:59Z,81.0,Charge 4
2022-02-16T13:37:04Z,81.0,Charge 4
2022-02-16T13:37:09Z,82.0,Charge 4
2022-02-16T13:37:14Z,82.0,Charge 4
2022-02-16T13:37:29Z,82.0,Charge 4
2022-02-16T13:37:44Z,82.0,Charge 4
2022-02-16T13:37:49Z,84.0,Charge 4
2022-02-16T13:37:54Z,83.0,Charge 4
2022-02-16T13:38:09Z,83.0,Charge 4
2022-02-16T13:38:24Z,83.0,Charge 4
2022-02-16T13:38:29Z,82.0,Charge 4
2022-02-16T13:38:34Z,80.0,Charge 4
2022-02-16T13:38:49Z,80.0,Charge 4
2022-02-16T13:38:54Z,79.0,Charge 4
2022-02-16T13:38:59Z,82.0,Charge 4
2022-02-16T13:39:04Z,83.0,Charge 4
2022-02-16T13:39:14Z,82.0,Charge 4
2022-02-16T13:39:29Z,82.0,Charge 4
2022-02-16T13:39:34Z,83.0,Charge 4
2022-02-16T13:39:40Z,82.0,Charge 4
2022-02-16T13:39:45Z,85.0,Charge 4
2022-02-16T13:39:55Z,84.0,Charge 4
2022-02-16T13:40:00Z,84.0,Charge 4
2022-02-16T13:40:15Z,83.0,Charge 4
2022-02-16T13:40:30Z,82.0,Charge 4
2022-02-16T13:40:35Z,82.0,Charge 4
2022-02-16T13:40:40Z,82.0,Charge 4
2022-02-16T13:40:55Z,82.0,Charge 4
2022-02-16T13:41:05Z,82.0,Charge 4
2022-02-16T13:41:15Z,82.0,Charge 4
2022-02-16T13:41:25Z,81.0,Charge 4
2022-02-16T13:41:40Z,81.0,Charge 4
2022-02-16T13:41:45Z,80.0,Charge 4
2022-02-16T13:41:55Z,79.0,Charge 4
2022-02-16T13:42:00Z,79.0,Charge 4
2022-02-16T13:42:10Z,80.0,Charge 4
2022-02-16T13:42:25Z,80.0,Charge 4
2022-02-16T13:42:35Z,80.0,Charge 4
2022-02-16T13:42:40Z,81.0,Charge 4
2022-02-16T13:42:45Z,82.0,Charge 4
2022-02-16T13:42:50Z,81.0,Charge 4
2022-02-16T13:42:55Z,81.0,Charge 4
2022-02-16T13:43:00Z,80.0,Charge 4
2022-02-16T13:43:05Z,81.0,Charge 4
2022-02-16T13:43:20Z,81.0,Charge 4
2022-02-16T13:43:30Z,81.0,Charge 4
2022-02-16T13:43:36Z,81.0,Charge 4
2022-02-16T13:43:51Z,81.0,Charge 4
2022-02-16T13:44:01Z,84.0,Charge 4
2022-02-16T13:44:06Z,83.0,Charge 4
2022-02-16T13:44:11Z,83.0,Charge 4
2022-02-16T13:44:26Z,83.0,Charge 4
2022-02-16T13:44:41Z,83.0,Charge 4
2022-02-16T13:44:56Z,82.0,Charge 4
2022-02-16T13:45:11Z,82.0,Charge 4
2022-02-16T13:45:26Z,81.0,Charge 4
2022-02-16T13:45:31Z,82.0,Charge 4
2022-02-16T13:45:41Z,83.0,Charge 4
2022-02-16T13:45:46Z,84.0,Charge 4
2022-02-16T13:45:51Z,85.0,Charge 4
2022-02-16T13:45:56Z,88.0,Charge 4
2022-02-16T13:46:01Z,94.0,Charge 4
2022-02-16T13:46:16Z,95.0,Charge 4
2022-02-16T13:46:31Z,95.0,Charge 4
2022-02-16T13:46:46Z,92.0,Charge 4
2022-02-16T13:46:51Z,91.0,Charge 4
2022-02-16T13:46:56Z,91.0,Charge 4
2022-02-16T13:47:11Z,91.0,Charge 4
2022-02-16T13:47:16Z,92.0,Charge 4
2022-02-16T13:47:26Z,90.0,Charge 4
2022-02-16T13:47:41Z,90.0,Charge 4
2022-02-16T13:47:56Z,90.0,Charge 4
2022-02-16T13:48:06Z,90.0,Charge 4
2022-02-16T13:48:11Z,90.0,Charge 4
2022-02-16T13:48:21Z,89.0,Charge 4
2022-02-16T13:48:26Z,89.0,Charge 4
2022-02-16T13:48:31Z,89.0,Charge 4
2022-02-16T13:48:46Z,89.0,Charge 4
2022-02-16T13:49:01Z,88.0,Charge 4
2022-02-16T13:49:06Z,89.0,Charge 4
2022-02-16T13:49:21Z,89.0,Charge 4
2022-02-16T13:49:26Z,88.0,Charge 4
2022-02-16T13:49:41Z,88.0,Charge 4
2022-02-16T13:49:56Z,88.0,Charge 4
2022-02-16T13:50:11Z,88.0,Charge 4
2022-02-16T13:50:21Z,87.0,Charge 4
2022-02-16T13:50:26Z,85.0,Charge 4
2022-02-16T13:50:41Z,86.0,Charge 4
2022-02-16T13:50:46Z,85.0,Charge 4
2022-02-16T13:50:51Z,87.0,Charge 4
2022-02-16T13:51:01Z,86.0,Charge 4
2022-02-16T13:51:06Z,85.0,Charge 4
2022-02-16T13:51:11Z,85.0,Charge 4
2022-02-16T13:51:21Z,85.0,Charge 4
2022-02-16T13:51:31Z,86.0,Charge 4
2022-02-16T13:51:41Z,87.0,Charge 4
2022-02-16T13:51:56Z,88.0,Charge 4
2022-02-16T13:52:01Z,90.0,Charge 4
2022-02-16T13:52:06Z,91.0,Charge 4
2022-02-16T13:52:16Z,90.0,Charge 4
2022-02-16T13:52:21Z,90.0,Charge 4
2022-02-16T13:52:36Z,90.0,Charge 4
2022-02-16T13:52:46Z,89.0,Charge 4
2022-02-16T13:53:01Z,89.0,Charge 4
2022-02-16T13:53:11Z,88.0,Charge 4
2022-02-16T13:53:21Z,82.0,Charge 4
2022-02-16T13:53:26Z,81.0,Charge 4
2022-02-16T13:53:36Z,81.0,Charge 4
2022-02-16T13:53:41Z,82.0,Charge 4
2022-02-16T13:53:56Z,83.0,Charge 4
2022-02-16T13:54:06Z,82.0,Charge 4
2022-02-16T13:54:21Z,82.0,Charge 4
2022-02-16T13:54:31Z,83.0,Charge 4
2022-02-16T13:54:46Z,84.0,Charge 4
2022-02-16T13:55:01Z,84.0,Charge 4
2022-02-16T13:55:16Z,84.0,Charge 4
2022-02-16T13:55:31Z,84.0,Charge 4
2022-02-16T13:55:41Z,85.0,Charge 4
2022-02-16T13:55:46Z,88.0,Charge 4
2022-02-16T13:56:01Z,88.0,Charge 4
2022-02-16T13:56:16Z,88.0,Charge 4
2022-02-16T13:56:26Z,89.0,Charge 4
2022-02-16T13:56:31Z,88.0,Charge 4
2022-02-16T13:56:46Z,88.0,Charge 4
2022-02-16T13:57:01Z,88.0,Charge 4
2022-02-16T13:57:16Z,88.0,Charge 4
2022-02-16T13:57:22Z,80.0,Charge 4
2022-02-16T13:57:27Z,82.0,Charge 4
2022-02-16T13:57:32Z,83.0,Charge 4
2022-02-16T13:57:47Z,84.0,Charge 4
2022-02-16T13:57:52Z,85.0,Charge 4
2022-02-16T13:57:57Z,86.0,Charge 4
2022-02-16T13:58:12Z,85.0,Charge 4
2022-02-16T13:58:22Z,86.0,Charge 4
2022-02-16T13:58:27Z,87.0,Charge 4
2022-02-16T13:58:37Z,86.0,Charge 4
2022-02-16T13:58:52Z,86.0,Charge 4
2022-02-16T13:59:02Z,85.0,Charge 4
2022-02-16T13:59:07Z,86.0,Charge 4
2022-02-16T13:59:12Z,87.0,Charge 4
2022-02-16T13:59:27Z,88.0,Charge 4
2022-02-16T13:59:37Z,89.0,Charge 4
2022-02-16T13:59:42Z,90.0,Charge 4
2022-02-16T13:59:52Z,91.0,Charge 4
2022-02-16T14:00:02Z,90.0,Charge 4
2022-02-16T14:00:07Z,89.0,Charge 4
2022-02-16T14:00:12Z,86.0,Charge 4
2022-02-16T14:00:17Z,87.0,Charge 4
2022-02-16T14:00:22Z,88.0,Charge 4
2022-02-16T14:00:37Z,88.0,Charge 4
2022-02-16T14:00:52Z,88.0,Charge 4
2022-02-16T14:00:57Z,87.0,Charge 4
2022-02-16T14:01:12Z,87.0,Charge 4
2022-02-16T14:01:17Z,88.0,Charge 4
2022-02-16T14:01:32Z,88.0,Charge 4
2022-02-16T14:01:42Z,87.0,Charge 4
2022-02-16T14:01:57Z,87.0,Charge 4
2022-02-16T14:02:07Z,88.0,Charge 4
2022-02-16T14:02:12Z,87.0,Charge 4
2022-02-16T14:02:27Z,87.0,Charge 4
2022-02-16T14:02:42Z,87.0,Charge 4
2022-02-16T14:02:57Z,87.0,Charge 4
2022-02-16T14:03:12Z,87.0,Charge 4
2022-02-16T14:03:17Z,86.0,Charge 4
2022-02-16T14:03:22Z,84.0,Charge 4
2022-02-16T14:03:27Z,82.0,Charge 4
2022-02-16T14:03:32Z,83.0,Charge 4
2022-02-16T14:03:37Z,85.0,Charge 4
2022-02-16T14:03:52Z,85.0,Charge 4
2022-02-16T14:03:57Z,86.0,Charge 4
2022-02-16T14:04:12Z,86.0,Charge 4
2022-02-16T14:04:27Z,86.0,Charge 4
2022-02-16T14:04:37Z,86.0,Charge 4
2022-02-16T14:04:52Z,86.0,Charge 4
2022-02-16T14:05:07Z,87.0,Charge 4
2022-02-16T14:05:17Z,86.0,Charge 4
2022-02-16T14:05:22Z,85.0,Charge 4
2022-02-16T14:05:27Z,85.0,Charge 4
2022-02-16T14:05:37Z,84.0,Charge 4
2022-02-16T14:05:47Z,85.0,Charge 4
2022-02-16T14:05:52Z,85.0,Charge 4
2022-02-16T14:06:02Z,84.0,Charge 4
2022-02-16T14:06:07Z,85.0,Charge 4
2022-02-16T14:06:22Z,86.0,Charge 4
2022-02-16T14:06:32Z,87.0,Charge 4
2022-02-16T14:06:47Z,87.0,Charge 4
2022-02-16T14:06:57Z,86.0,Charge 4
2022-02-16T14:07:02Z,87.0,Charge 4
2022-02-16T14:07:12Z,85.0,Charge 4
2022-02-16T14:07:17Z,85.0,Charge 4
2022-02-16T14:07:32Z,85.0,Charge 4
2022-02-16T14:07:37Z,86.0,Charge 4
2022-02-16T14:07:47Z,87.0,Charge 4
2022-02-16T14:07:52Z,88.0,Charge 4
2022-02-16T14:07:57Z,89.0,Charge 4
2022-02-16T14:08:07Z,87.0,Charge 4
2022-02-16T14:08:22Z,87.0,Charge 4
2022-02-16T14:08:37Z,87.0,Charge 4
2022-02-16T14:08:52Z,85.0,Charge 4
2022-02-16T14:09:07Z,87.0,Charge 4
2022-02-16T14:09:22Z,88.0,Charge 4
2022-02-16T14:09:37Z,87.0,Charge 4
2022-02-16T14:09:52Z,87.0,Charge 4
2022-02-16T14:10:07Z,87.0,Charge 4
2022-02-16T14:10:22Z,87.0,Charge 4
2022-02-16T14:10:37Z,89.0,Charge 4
2022-02-16T14:10:42Z,86.0,Charge 4
2022-02-16T14:10:47Z,86.0,Charge 4
2022-02-16T14:11:02Z,88.0,Charge 4
2022-02-16T14:11:07Z,89.0,Charge 4
2022-02-16T14:11:22Z,89.0,Charge 4
2022-02-16T14:11:37Z,89.0,Charge 4
2022-02-16T14:11:42Z,88.0,Charge 4
2022-02-16T14:11:52Z,89.0,Charge 4
2022-02-16T14:11:57Z,92.0,Charge 4
2022-02-16T14:12:02Z,90.0,Charge 4
2022-02-16T14:12:07Z,91.0,Charge 4
2022-02-16T14:12:12Z,90.0,Charge 4
2022-02-16T14:12:17Z,89.0,Charge 4
2022-02-16T14:12:32Z,89.0,Charge 4
2022-02-16T14:12:42Z,89.0,Charge 4
2022-02-16T14:12:47Z,88.0,Charge 4
2022-02-16T14:13:02Z,88.0,Charge 4
2022-02-16T14:13:07Z,89.0,Charge 4
2022-02-16T14:13:12Z,90.0,Charge 4
2022-02-16T14:13:17Z,91.0,Charge 4
2022-02-16T14:13:22Z,90.0,Charge 4
2022-02-16T14:13:32Z,89.0,Charge 4
2022-02-16T14:13:47Z,89.0,Charge 4
2022-02-16T14:13:57Z,90.0,Charge 4
2022-02-16T14:14:02Z,89.0,Charge 4
2022-02-16T14:14:12Z,88.0,Charge 4
2022-02-16T14:14:19Z,88.0,Charge 4
2022-02-16T14:14:34Z,88.0,Charge 4
2022-02-16T14:14:39Z,89.0,Charge 4
2022-02-16T14:14:44Z,90.0,Charge 4
2022-02-16T14:14:59Z,90.0,Charge 4
2022-02-16T14:15:14Z,90.0,Charge 4
2022-02-16T14:15:19Z,88.0,Charge 4
2022-02-16T14:15:24Z,87.0,Charge 4
2022-02-16T14:15:29Z,88.0,Charge 4
2022-02-16T14:15:39Z,87.0,Charge 4
2022-02-16T14:15:44Z,86.0,Charge 4
2022-02-16T14:15:59Z,87.0,Charge 4
2022-02-16T14:16:04Z,88.0,Charge 4
2022-02-16T14:16:09Z,88.0,Charge 4
2022-02-16T14:16:24Z,88.0,Charge 4
2022-02-16T14:16:29Z,87.0,Charge 4
2022-02-16T14:16:44Z,87.0,Charge 4
2022-02-16T14:16:54Z,88.0,Charge 4
2022-02-16T14:17:09Z,89.0,Charge 4
2022-02-16T14:17:14Z,89.0,Charge 4
2022-02-16T14:17:19Z,90.0,Charge 4
2022-02-16T14:17:34Z,90.0,Charge 4
2022-02-16T14:17:44Z,89.0,Charge 4
2022-02-16T14:17:59Z,89.0,Charge 4
2022-02-16T14:18:04Z,89.0,Charge 4
2022-02-16T14:18:19Z,89.0,Charge 4
2022-02-16T14:18:20Z,89.0,Charge 4
2022-02-16T14:18:35Z,89.0,Charge 4
2022-02-16T14:18:50Z,89.0,Charge 4
2022-02-16T14:19:05Z,89.0,Charge 4
2022-02-16T14:19:20Z,90.0,Charge 4
2022-02-16T14:19:35Z,89.0,Charge 4
2022-02-16T14:19:50Z,90.0,Charge 4
2022-02-16T14:20:05Z,90.0,Charge 4
2022-02-16T14:20:10Z,91.0,Charge 4
2022-02-16T14:20:15Z,93.0,Charge 4
2022-02-16T14:20:20Z,92.0,Charge 4
2022-02-16T14:20:35Z,93.0,Charge 4
2022-02-16T14:20:50Z,90.0,Charge 4
2022-02-16T14:20:55Z,89.0,Charge 4
2022-02-16T14:21:00Z,88.0,Charge 4
2022-02-16T14:21:05Z,87.0,Charge 4
2022-02-16T14:21:15Z,88.0,Charge 4
2022-02-16T14:21:30Z,88.0,Charge 4
2022-02-16T14:21:45Z,88.0,Charge 4
2022-02-16T14:21:50Z,87.0,Charge 4
2022-02-16T14:22:05Z,87.0,Charge 4
2022-02-16T14:22:20Z,86.0,Charge 4
2022-02-16T14:22:25Z,84.0,Charge 4
2022-02-16T14:22:30Z,85.0,Charge 4
2022-02-16T14:22:40Z,84.0,Charge 4
2022-02-16T14:22:50Z,85.0,Charge 4
2022-02-16T14:23:00Z,87.0,Charge 4
2022-02-16T14:23:05Z,86.0,Charge 4
2022-02-16T14:23:10Z,85.0,Charge 4
2022-02-16T14:23:15Z,86.0,Charge 4
2022-02-16T14:23:30Z,86.0,Charge 4
2022-02-16T14:23:35Z,85.0,Charge 4
2022-02-16T14:23:40Z,86.0,Charge 4
2022-02-16T14:23:50Z,87.0,Charge 4
2022-02-16T14:24:00Z,87.0,Charge 4
2022-02-16T14:24:10Z,88.0,Charge 4
2022-02-16T14:24:20Z,89.0,Charge 4
2022-02-16T14:24:25Z,91.0,Charge 4
2022-02-16T14:24:40Z,91.0,Charge 4
2022-02-16T14:24:50Z,90.0,Charge 4
2022-02-16T14:24:55Z,89.0,Charge 4
2022-02-16T14:25:00Z,90.0,Charge 4
2022-02-16T14:25:05Z,90.0,Charge 4
2022-02-16T14:25:15Z,89.0,Charge 4
2022-02-16T14:25:20Z,88.0,Charge 4
2022-02-16T14:25:25Z,88.0,Charge 4
2022-02-16T14:25:30Z,89.0,Charge 4
2022-02-16T14:25:40Z,90.0,Charge 4
2022-02-16T14:25:50Z,91.0,Charge 4
2022-02-16T14:26:00Z,90.0,Charge 4
2022-02-16T14:26:10Z,88.0,Charge 4
2022-02-16T14:26:20Z,89.0,Charge 4
2022-02-16T14:26:25Z,87.0,Charge 4
2022-02-16T14:26:30Z,86.0,Charge 4
2022-02-16T14:26:35Z,86.0,Charge 4
2022-02-16T14:26:50Z,86.0,Charge 4
2022-02-16T14:26:55Z,87.0,Charge 4
2022-02-16T14:27:00Z,87.0,Charge 4
2022-02-16T14:27:10Z,87.0,Charge 4
2022-02-16T14:27:15Z,87.0,Charge 4
2022-02-16T14:27:25Z,88.0,Charge 4
2022-02-16T14:27:40Z,88.0,Charge 4
2022-02-16T14:27:45Z,89.0,Charge 4
2022-02-16T14:27:55Z,90.0,Charge 4
2022-02-16T14:28:05Z,89.0,Charge 4
2022-02-16T14:28:15Z,88.0,Charge 4
2022-02-16T14:28:20Z,87.0,Charge 4
2022-02-16T14:28:25Z,86.0,Charge 4
2022-02-16T14:28:40Z,86.0,Charge 4
2022-02-16T14:28:55Z,86.0,Charge 4
2022-02-16T14:29:05Z,88.0,Charge 4
2022-02-16T14:29:10Z,89.0,Charge 4
2022-02-16T14:29:15Z,90.0,Charge 4
2022-02-16T14:29:30Z,90.0,Charge 4
2022-02-16T14:29:45Z,89.0,Charge 4
2022-02-16T14:30:00Z,89.0,Charge 4
2022-02-16T14:30:05Z,90.0,Charge 4
2022-02-16T14:30:10Z,89.0,Charge 4
2022-02-16T14:30:25Z,89.0,Charge 4
2022-02-16T14:30:26Z,89.0,Charge 4
2022-02-16T14:30:31Z,88.0,Charge 4
2022-02-16T14:30:36Z,85.0,Charge 4
2022-02-16T14:30:41Z,83.0,Charge 4
2022-02-16T14:30:46Z,85.0,Charge 4
2022-02-16T14:30:51Z,86.0,Charge 4
2022-02-16T14:30:56Z,87.0,Charge 4
2022-02-16T14:31:11Z,87.0,Charge 4
2022-02-16T14:31:16Z,85.0,Charge 4
2022-02-16T14:31:21Z,82.0,Charge 4
2022-02-16T14:31:26Z,83.0,Charge 4
2022-02-16T14:31:31Z,85.0,Charge 4
2022-02-16T14:31:41Z,86.0,Charge 4
2022-02-16T14:31:56Z,86.0,Charge 4
2022-02-16T14:32:01Z,87.0,Charge 4
2022-02-16T14:32:06Z,88.0,Charge 4
2022-02-16T14:32:11Z,89.0,Charge 4
2022-02-16T14:32:26Z,89.0,Charge 4
2022-02-16T14:32:31Z,88.0,Charge 4
2022-02-16T14:32:46Z,87.0,Charge 4
2022-02-16T14:33:01Z,87.0,Charge 4
2022-02-16T14:33:16Z,86.0,Charge 4
2022-02-16T14:33:31Z,88.0,Charge 4
2022-02-16T14:33:36Z,90.0,Charge 4
2022-02-16T14:33:46Z,89.0,Charge 4
2022-02-16T14:33:51Z,88.0,Charge 4
2022-02-16T14:33:56Z,89.0,Charge 4
2022-02-16T14:34:01Z,89.0,Charge 4
2022-02-16T14:34:16Z,89.0,Charge 4
2022-02-16T14:34:21Z,88.0,Charge 4
2022-02-16T14:34:36Z,88.0,Charge 4
2022-02-16T14:34:51Z,87.0,Charge 4
2022-02-16T14:34:56Z,85.0,Charge 4
2022-02-16T14:35:01Z,84.0,Charge 4
2022-02-16T14:35:06Z,84.0,Charge 4
2022-02-16T14:35:11Z,86.0,Charge 4
2022-02-16T14:35:16Z,84.0,Charge 4
2022-02-16T14:35:21Z,83.0,Charge 4
2022-02-16T14:35:36Z,82.0,Charge 4
2022-02-16T14:35:51Z,81.0,Charge 4
2022-02-16T14:36:01Z,82.0,Charge 4
2022-02-16T14:36:06Z,83.0,Charge 4
2022-02-16T14:36:21Z,83.0,Charge 4
2022-02-16T14:36:36Z,83.0,Charge 4
2022-02-16T14:36:46Z,84.0,Charge 4
2022-02-16T14:36:51Z,85.0,Charge 4
2022-02-16T14:37:06Z,85.0,Charge 4
2022-02-16T14:37:21Z,85.0,Charge 4
2022-02-16T14:37:26Z,86.0,Charge 4
2022-02-16T14:37:31Z,85.0,Charge 4
2022-02-16T14:37:36Z,86.0,Charge 4
2022-02-16T14:37:46Z,87.0,Charge 4
2022-02-16T14:37:51Z,89.0,Charge 4
2022-02-16T14:37:56Z,90.0,Charge 4
2022-02-16T14:38:01Z,90.0,Charge 4
2022-02-16T14:38:06Z,93.0,Charge 4
2022-02-16T14:38:11Z,94.0,Charge 4
2022-02-16T14:38:16Z,93.0,Charge 4
2022-02-16T14:38:26Z,92.0,Charge 4
2022-02-16T14:38:36Z,92.0,Charge 4
2022-02-16T14:38:41Z,92.0,Charge 4
2022-02-16T14:38:46Z,91.0,Charge 4
2022-02-16T14:38:51Z,90.0,Charge 4
2022-02-16T14:39:06Z,90.0,Charge 4
2022-02-16T14:39:21Z,90.0,Charge 4
2022-02-16T14:39:26Z,89.0,Charge 4
2022-02-16T14:39:31Z,90.0,Charge 4
2022-02-16T14:39:41Z,92.0,Charge 4
2022-02-16T14:39:51Z,93.0,Charge 4
2022-02-16T14:39:56Z,90.0,Charge 4
2022-02-16T14:40:01Z,87.0,Charge 4
2022-02-16T14:40:11Z,87.0,Charge 4
2022-02-16T14:40:26Z,88.0,Charge 4
2022-02-16T14:40:31Z,89.0,Charge 4
2022-02-16T14:40:46Z,88.0,Charge 4
2022-02-16T14:41:01Z,88.0,Charge 4
2022-02-16T14:41:16Z,88.0,Charge 4
2022-02-16T14:41:21Z,89.0,Charge 4
2022-02-16T14:41:26Z,88.0,Charge 4
2022-02-16T14:41:41Z,88.0,Charge 4
2022-02-16T14:41:46Z,89.0,Charge 4
2022-02-16T14:42:01Z,90.0,Charge 4
2022-02-16T14:42:16Z,90.0,Charge 4
2022-02-16T14:42:31Z,88.0,Charge 4
2022-02-16T14:42:36Z,90.0,Charge 4
2022-02-16T14:42:41Z,92.0,Charge 4
2022-02-16T14:42:46Z,88.0,Charge 4
2022-02-16T14:42:56Z,87.0,Charge 4
2022-02-16T14:43:11Z,87.0,Charge 4
2022-02-16T14:43:16Z,89.0,Charge 4
2022-02-16T14:43:21Z,90.0,Charge 4
2022-02-16T14:43:26Z,89.0,Charge 4
2022-02-16T14:43:41Z,89.0,Charge 4
2022-02-16T14:43:46Z,87.0,Charge 4
2022-02-16T14:43:51Z,87.0,Charge 4
2022-02-16T14:44:01Z,88.0,Charge 4
2022-02-16T14:44:11Z,89.0,Charge 4
2022-02-16T14:44:26Z,89.0,Charge 4
2022-02-16T14:44:31Z,88.0,Charge 4
2022-02-16T14:44:46Z,88.0,Charge 4
2022-02-16T14:44:51Z,91.0,Charge 4
2022-02-16T14:44:56Z,93.0,Charge 4
2022-02-16T14:45:01Z,92.0,Charge 4
2022-02-16T14:45:11Z,93.0,Charge 4
2022-02-16T14:45:17Z,92.0,Charge 4
2022-02-16T14:45:27Z,93.0,Charge 4
2022-02-16T14:45:42Z,93.0,Charge 4
2022-02-16T14:45:47Z,92.0,Charge 4
2022-02-16T14:46:02Z,92.0,Charge 4
2022-02-16T14:46:17Z,93.0,Charge 4
2022-02-16T14:46:22Z,94.0,Charge 4
2022-02-16T14:46:27Z,94.0,Charge 4
2022-02-16T14:46:32Z,93.0,Charge 4
2022-02-16T14:46:37Z,92.0,Charge 4
2022-02-16T14:46:42Z,86.0,Charge 4
2022-02-16T14:46:47Z,85.0,Charge 4
2022-02-16T14:46:57Z,86.0,Charge 4
2022-02-16T14:47:02Z,87.0,Charge 4
2022-02-16T14:47:07Z,88.0,Charge 4
2022-02-16T14:47:12Z,89.0,Charge 4
2022-02-16T14:47:17Z,90.0,Charge 4
2022-02-16T14:47:32Z,90.0,Charge 4
2022-02-16T14:47:47Z,90.0,Charge 4
2022-02-16T14:47:57Z,90.0,Charge 4
2022-02-16T14:48:02Z,91.0,Charge 4
2022-02-16T14:48:12Z,93.0,Charge 4
2022-02-16T14:48:27Z,93.0,Charge 4
2022-02-16T14:48:32Z,94.0,Charge 4
2022-02-16T14:48:47Z,94.0,Charge 4
2022-02-16T14:48:52Z,93.0,Charge 4
2022-02-16T14:49:02Z,92.0,Charge 4
2022-02-16T14:49:07Z,91.0,Charge 4
2022-02-16T14:49:12Z,89.0,Charge 4
2022-02-16T14:49:17Z,89.0,Charge 4
2022-02-16T14:49:32Z,89.0,Charge 4
2022-02-16T14:49:37Z,90.0,Charge 4
2022-02-16T14:49:47Z,89.0,Charge 4
2022-02-16T14:49:52Z,90.0,Charge 4
2022-02-16T14:50:02Z,89.0,Charge 4
2022-02-16T14:50:17Z,89.0,Charge 4
2022-02-16T14:50:22Z,90.0,Charge 4
2022-02-16T14:50:32Z,92.0,Charge 4
2022-02-16T14:50:37Z,95.0,Charge 4
2022-02-16T14:50:52Z,95.0,Charge 4
2022-02-16T14:50:57Z,94.0,Charge 4
2022-02-16T14:51:02Z,88.0,Charge 4
2022-02-16T14:51:17Z,89.0,Charge 4
2022-02-16T14:51:27Z,90.0,Charge 4
2022-02-16T14:51:42Z,89.0,Charge 4
2022-02-16T14:51:57Z,88.0,Charge 4
2022-02-16T14:52:07Z,87.0,Charge 4
2022-02-16T14:52:17Z,86.0,Charge 4
2022-02-16T14:52:22Z,85.0,Charge 4
2022-02-16T14:52:27Z,84.0,Charge 4
2022-02-16T14:52:32Z,83.0,Charge 4
2022-02-16T14:52:42Z,83.0,Charge 4
2022-02-16T14:52:57Z,83.0,Charge 4
2022-02-16T14:53:07Z,86.0,Charge 4
2022-02-16T14:53:12Z,87.0,Charge 4
2022-02-16T14:53:17Z,89.0,Charge 4
2022-02-16T14:53:22Z,90.0,Charge 4
2022-02-16T14:53:37Z,90.0,Charge 4
2022-02-16T14:53:52Z,89.0,Charge 4
2022-02-16T14:54:02Z,89.0,Charge 4
2022-02-16T14:54:12Z,88.0,Charge 4
2022-02-16T14:54:22Z,89.0,Charge 4
2022-02-16T14:54:27Z,90.0,Charge 4
2022-02-16T14:54:32Z,91.0,Charge 4
2022-02-16T14:54:37Z,90.0,Charge 4
2022-02-16T14:54:42Z,91.0,Charge 4
2022-02-16T14:54:57Z,91.0,Charge 4
2022-02-16T14:55:07Z,92.0,Charge 4
2022-02-16T14:55:22Z,92.0,Charge 4
2022-02-16T14:55:32Z,92.0,Charge 4
2022-02-16T14:55:37Z,94.0,Charge 4
2022-02-16T14:55:42Z,95.0,Charge 4
2022-02-16T14:55:57Z,95.0,Charge 4
2022-02-16T14:56:07Z,94.0,Charge 4
2022-02-16T14:56:17Z,95.0,Charge 4
2022-02-16T14:56:22Z,96.0,Charge 4
2022-02-16T14:56:37Z,96.0,Charge 4
2022-02-16T14:56:42Z,95.0,Charge 4
2022-02-16T14:56:47Z,94.0,Charge 4
2022-02-16T14:56:53Z,94.0,Charge 4
2022-02-16T14:57:08Z,93.0,Charge 4
2022-02-16T14:57:23Z,93.0,Charge 4
2022-02-16T14:57:33Z,92.0,Charge 4
2022-02-16T14:57:38Z,88.0,Charge 4
2022-02-16T14:57:53Z,88.0,Charge 4
2022-02-16T14:58:03Z,87.0,Charge 4
2022-02-16T14:58:08Z,86.0,Charge 4
2022-02-16T14:58:18Z,86.0,Charge 4
2022-02-16T14:58:28Z,84.0,Charge 4
2022-02-16T14:58:38Z,84.0,Charge 4
2022-02-16T14:58:43Z,86.0,Charge 4
2022-02-16T14:58:53Z,87.0,Charge 4
2022-02-16T14:59:08Z,87.0,Charge 4
2022-02-16T14:59:13Z,89.0,Charge 4
2022-02-16T14:59:18Z,90.0,Charge 4
2022-02-16T14:59:33Z,90.0,Charge 4
2022-02-16T14:59:38Z,93.0,Charge 4
2022-02-16T14:59:43Z,95.0,Charge 4
2022-02-16T14:59:48Z,96.0,Charge 4
2022-02-16T15:00:03Z,96.0,Charge 4
2022-02-16T15:00:08Z,93.0,Charge 4
2022-02-16T15:00:18Z,92.0,Charge 4
2022-02-16T15:00:27Z,93.0,Charge 4
2022-02-16T15:00:42Z,93.0,Charge 4
2022-02-16T15:00:47Z,92.0,Charge 4
2022-02-16T15:00:52Z,92.0,Charge 4
2022-02-16T15:01:07Z,92.0,Charge 4
2022-02-16T15:01:22Z,92.0,Charge 4
2022-02-16T15:01:27Z,93.0,Charge 4
2022-02-16T15:01:42Z,93.0,Charge 4
2022-02-16T15:01:57Z,93.0,Charge 4
2022-02-16T15:02:02Z,94.0,Charge 4
2022-02-16T15:02:07Z,94.0,Charge 4
2022-02-16T15:02:17Z,94.0,Charge 4
2022-02-16T15:02:32Z,94.0,Charge 4
2022-02-16T15:02:47Z,93.0,Charge 4
2022-02-16T15:03:02Z,93.0,Charge 4
2022-02-16T15:03:17Z,92.0,Charge 4
2022-02-16T15:03:22Z,93.0,Charge 4
2022-02-16T15:03:32Z,95.0,Charge 4
2022-02-16T15:03:37Z,94.0,Charge 4
2022-02-16T15:03:52Z,94.0,Charge 4
2022-02-16T15:03:57Z,95.0,Charge 4
2022-02-16T15:04:02Z,95.0,Charge 4
2022-02-16T15:04:17Z,94.0,Charge 4
2022-02-16T15:04:22Z,93.0,Charge 4
2022-02-16T15:04:32Z,93.0,Charge 4
2022-02-16T15:04:37Z,93.0,Charge 4
2022-02-16T15:04:47Z,92.0,Charge 4
2022-02-16T15:04:52Z,92.0,Charge 4
2022-02-16T15:05:07Z,92.0,Charge 4
2022-02-16T15:05:22Z,92.0,Charge 4
2022-02-16T15:05:37Z,92.0,Charge 4
2022-02-16T15:05:42Z,91.0,Charge 4
2022-02-16T15:05:47Z,90.0,Charge 4
2022-02-16T15:05:52Z,91.0,Charge 4
2022-02-16T15:05:57Z,92.0,Charge 4
2022-02-16T15:06:02Z,91.0,Charge 4
2022-02-16T15:06:17Z,91.0,Charge 4
2022-02-16T15:06:32Z,91.0,Charge 4
2022-02-16T15:06:37Z,91.0,Charge 4
2022-02-16T15:06:42Z,89.0,Charge 4
2022-02-16T15:06:47Z,89.0,Charge 4
2022-02-16T15:06:57Z,88.0,Charge 4
2022-02-16T15:07:02Z,89.0,Charge 4
2022-02-16T15:07:17Z,90.0,Charge 4
2022-02-16T15:07:22Z,89.0,Charge 4
2022-02-16T15:07:37Z,89.0,Charge 4
2022-02-16T15:07:52Z,89.0,Charge 4
2022-02-16T15:08:07Z,89.0,Charge 4
2022-02-16T15:08:12Z,88.0,Charge 4
2022-02-16T15:08:17Z,86.0,Charge 4
2022-02-16T15:08:27Z,86.0,Charge 4
2022-02-16T15:08:42Z,86.0,Charge 4
2022-02-16T15:08:57Z,86.0,Charge 4
2022-02-16T15:09:03Z,86.0,Charge 4
2022-02-16T15:09:08Z,87.0,Charge 4
2022-02-16T15:09:23Z,87.0,Charge 4
2022-02-16T15:09:33Z,87.0,Charge 4
2022-02-16T15:09:38Z,85.0,Charge 4
2022-02-16T15:09:43Z,85.0,Charge 4
2022-02-16T15:09:58Z,86.0,Charge 4
2022-02-16T15:10:08Z,86.0,Charge 4
2022-02-16T15:10:13Z,86.0,Charge 4
2022-02-16T15:10:23Z,86.0,Charge 4
2022-02-16T15:10:28Z,87.0,Charge 4
2022-02-16T15:10:33Z,88.0,Charge 4
2022-02-16T15:10:38Z,90.0,Charge 4
2022-02-16T15:10:48Z,91.0,Charge 4
2022-02-16T15:10:53Z,90.0,Charge 4
2022-02-16T15:10:58Z,91.0,Charge 4
2022-02-16T15:11:03Z,92.0,Charge 4
2022-02-16T15:11:18Z,92.0,Charge 4
2022-02-16T15:11:28Z,91.0,Charge 4
2022-02-16T15:11:38Z,91.0,Charge 4
2022-02-16T15:11:48Z,92.0,Charge 4
2022-02-16T15:12:03Z,92.0,Charge 4
2022-02-16T15:12:13Z,91.0,Charge 4
2022-02-16T15:12:18Z,90.0,Charge 4
2022-02-16T15:12:28Z,91.0,Charge 4
2022-02-16T15:12:33Z,92.0,Charge 4
2022-02-16T15:12:43Z,91.0,Charge 4
2022-02-16T15:12:48Z,92.0,Charge 4
2022-02-16T15:13:03Z,89.0,Charge 4
2022-02-16T15:13:08Z,87.0,Charge 4
2022-02-16T15:13:23Z,87.0,Charge 4
2022-02-16T15:13:28Z,87.0,Charge 4
2022-02-16T15:13:33Z,87.0,Charge 4
2022-02-16T15:13:48Z,87.0,Charge 4
2022-02-16T15:13:58Z,87.0,Charge 4
2022-02-16T15:14:03Z,88.0,Charge 4
2022-02-16T15:14:18Z,88.0,Charge 4
2022-02-16T15:14:23Z,89.0,Charge 4
2022-02-16T15:14:38Z,89.0,Charge 4
2022-02-16T15:14:48Z,87.0,Charge 4
2022-02-16T15:15:03Z,87.0,Charge 4
2022-02-16T15:15:18Z,88.0,Charge 4
2022-02-16T15:15:33Z,88.0,Charge 4
2022-02-16T15:15:38Z,89.0,Charge 4
2022-02-16T15:15:53Z,89.0,Charge 4
2022-02-16T15:16:03Z,90.0,Charge 4
2022-02-16T15:16:08Z,91.0,Charge 4
2022-02-16T15:16:23Z,91.0,Charge 4
2022-02-16T15:16:33Z,93.0,Charge 4
2022-02-16T15:16:38Z,92.0,Charge 4
2022-02-16T15:16:43Z,91.0,Charge 4
2022-02-16T15:16:49Z,90.0,Charge 4
2022-02-16T15:17:04Z,87.0,Charge 4
2022-02-16T15:17:09Z,86.0,Charge 4
2022-02-16T15:17:24Z,86.0,Charge 4
2022-02-16T15:17:29Z,85.0,Charge 4
2022-02-16T15:17:34Z,84.0,Charge 4
2022-02-16T15:17:39Z,83.0,Charge 4
2022-02-16T15:17:49Z,82.0,Charge 4
2022-02-16T15:17:54Z,81.0,Charge 4
2022-02-16T15:17:59Z,81.0,Charge 4
2022-02-16T15:18:04Z,82.0,Charge 4
2022-02-16T15:18:19Z,82.0,Charge 4
2022-02-16T15:18:29Z,83.0,Charge 4
2022-02-16T15:18:34Z,84.0,Charge 4
2022-02-16T15:18:44Z,83.0,Charge 4
2022-02-16T15:18:49Z,81.0,Charge 4
2022-02-16T15:19:04Z,81.0,Charge 4
2022-02-16T15:19:14Z,83.0,Charge 4
2022-02-16T15:19:19Z,85.0,Charge 4
2022-02-16T15:19:24Z,86.0,Charge 4
2022-02-16T15:19:29Z,87.0,Charge 4
2022-02-16T15:19:34Z,86.0,Charge 4
2022-02-16T15:19:39Z,86.0,Charge 4
2022-02-16T15:19:49Z,86.0,Charge 4
2022-02-16T15:19:54Z,86.0,Charge 4
2022-02-16T15:19:59Z,85.0,Charge 4
2022-02-16T15:20:09Z,85.0,Charge 4
2022-02-16T15:20:14Z,85.0,Charge 4
2022-02-16T15:20:19Z,86.0,Charge 4
2022-02-16T15:20:29Z,87.0,Charge 4
2022-02-16T15:20:44Z,87.0,Charge 4
2022-02-16T15:20:49Z,86.0,Charge 4
2022-02-16T15:20:59Z,85.0,Charge 4
2022-02-16T15:21:14Z,86.0,Charge 4
2022-02-16T15:21:24Z,85.0,Charge 4
2022-02-16T15:21:39Z,86.0,Charge 4
2022-02-16T15:21:44Z,87.0,Charge 4
2022-02-16T15:21:59Z,86.0,Charge 4
2022-02-16T15:22:04Z,85.0,Charge 4
2022-02-16T15:22:14Z,86.0,Charge 4
2022-02-16T15:22:24Z,85.0,Charge 4
2022-02-16T15:22:39Z,85.0,Charge 4
2022-02-16T15:22:44Z,86.0,Charge 4
2022-02-16T15:22:54Z,87.0,Charge 4
2022-02-16T15:22:59Z,86.0,Charge 4
2022-02-16T15:23:14Z,88.0,Charge 4
2022-02-16T15:23:19Z,88.0,Charge 4
2022-02-16T15:23:34Z,89.0,Charge 4
2022-02-16T15:23:49Z,89.0,Charge 4
2022-02-16T15:23:54Z,90.0,Charge 4
2022-02-16T15:24:09Z,90.0,Charge 4
2022-02-16T15:24:14Z,91.0,Charge 4
2022-02-16T15:24:19Z,90.0,Charge 4
2022-02-16T15:24:24Z,89.0,Charge 4
2022-02-16T15:24:29Z,89.0,Charge 4
2022-02-16T15:24:39Z,87.0,Charge 4
2022-02-16T15:24:44Z,85.0,Charge 4
2022-02-16T15:24:49Z,83.0,Charge 4
2022-02-16T15:24:59Z,84.0,Charge 4
2022-02-16T15:25:04Z,84.0,Charge 4
2022-02-16T15:25:09Z,85.0,Charge 4
2022-02-16T15:25:14Z,86.0,Charge 4
2022-02-16T15:25:24Z,87.0,Charge 4
2022-02-16T15:25:29Z,88.0,Charge 4
2022-02-16T15:25:44Z,89.0,Charge 4
2022-02-16T15:25:49Z,88.0,Charge 4
2022-02-16T15:25:54Z,89.0,Charge 4
2022-02-16T15:25:59Z,91.0,Charge 4
2022-02-16T15:26:09Z,89.0,Charge 4
2022-02-16T15:26:14Z,89.0,Charge 4
2022-02-16T15:26:29Z,89.0,Charge 4
2022-02-16T15:26:34Z,88.0,Charge 4
2022-02-16T15:26:44Z,87.0,Charge 4
2022-02-16T15:26:59Z,87.0,Charge 4
2022-02-16T15:27:09Z,88.0,Charge 4
2022-02-16T15:27:24Z,88.0,Charge 4
2022-02-16T15:27:29Z,87.0,Charge 4
2022-02-16T15:27:34Z,88.0,Charge 4
2022-02-16T15:27:49Z,89.0,Charge 4
2022-02-16T15:27:54Z,88.0,Charge 4
2022-02-16T15:27:59Z,89.0,Charge 4
2022-02-16T15:28:04Z,88.0,Charge 4
2022-02-16T15:28:09Z,87.0,Charge 4
2022-02-16T15:28:19Z,86.0,Charge 4
2022-02-16T15:28:24Z,85.0,Charge 4
2022-02-16T15:28:39Z,85.0,Charge 4
2022-02-16T15:28:44Z,86.0,Charge 4
2022-02-16T15:28:49Z,85.0,Charge 4
2022-02-16T15:28:54Z,84.0,Charge 4
2022-02-16T15:29:04Z,85.0,Charge 4
2022-02-16T15:29:19Z,85.0,Charge 4
2022-02-16T15:29:34Z,86.0,Charge 4
2022-02-16T15:29:44Z,88.0,Charge 4
2022-02-16T15:29:59Z,88.0,Charge 4
2022-02-16T15:30:14Z,88.0,Charge 4
2022-02-16T15:30:24Z,86.0,Charge 4
2022-02-16T15:30:34Z,87.0,Charge 4
2022-02-16T15:30:39Z,88.0,Charge 4
2022-02-16T15:30:44Z,89.0,Charge 4
2022-02-16T15:30:49Z,89.0,Charge 4
2022-02-16T15:30:54Z,87.0,Charge 4
2022-02-16T15:31:04Z,86.0,Charge 4
2022-02-16T15:31:19Z,86.0,Charge 4
2022-02-16T15:31:24Z,87.0,Charge 4
2022-02-16T15:31:34Z,86.0,Charge 4
2022-02-16T15:31:40Z,86.0,Charge 4
2022-02-16T15:31:55Z,86.0,Charge 4
2022-02-16T15:32:10Z,86.0,Charge 4
2022-02-16T15:32:15Z,87.0,Charge 4
2022-02-16T15:32:25Z,88.0,Charge 4
2022-02-16T15:32:30Z,89.0,Charge 4
2022-02-16T15:32:45Z,90.0,Charge 4
2022-02-16T15:32:50Z,91.0,Charge 4
2022-02-16T15:33:05Z,90.0,Charge 4
2022-02-16T15:33:20Z,90.0,Charge 4
2022-02-16T15:33:25Z,89.0,Charge 4
2022-02-16T15:33:30Z,88.0,Charge 4
2022-02-16T15:33:45Z,88.0,Charge 4
2022-02-16T15:33:50Z,87.0,Charge 4
2022-02-16T15:34:00Z,87.0,Charge 4
2022-02-16T15:34:05Z,89.0,Charge 4
2022-02-16T15:34:10Z,90.0,Charge 4
2022-02-16T15:34:15Z,91.0,Charge 4
2022-02-16T15:34:20Z,91.0,Charge 4
2022-02-16T15:34:25Z,90.0,Charge 4
2022-02-16T15:34:30Z,89.0,Charge 4
2022-02-16T15:34:35Z,87.0,Charge 4
2022-02-16T15:34:50Z,87.0,Charge 4
2022-02-16T15:34:55Z,85.0,Charge 4
2022-02-16T15:35:10Z,85.0,Charge 4
2022-02-16T15:35:15Z,84.0,Charge 4
2022-02-16T15:35:25Z,82.0,Charge 4
2022-02-16T15:35:30Z,82.0,Charge 4
2022-02-16T15:35:45Z,82.0,Charge 4
2022-02-16T15:36:00Z,83.0,Charge 4
2022-02-16T15:36:15Z,83.0,Charge 4
2022-02-16T15:36:20Z,82.0,Charge 4
2022-02-16T15:36:35Z,82.0,Charge 4
2022-02-16T15:36:45Z,83.0,Charge 4
2022-02-16T15:37:00Z,84.0,Charge 4
2022-02-16T15:37:15Z,82.0,Charge 4
2022-02-16T15:37:20Z,81.0,Charge 4
2022-02-16T15:37:35Z,81.0,Charge 4
2022-02-16T15:37:40Z,82.0,Charge 4
2022-02-16T15:37:45Z,83.0,Charge 4
2022-02-16T15:37:50Z,84.0,Charge 4
2022-02-16T15:37:55Z,86.0,Charge 4
2022-02-16T15:38:00Z,88.0,Charge 4
2022-02-16T15:38:05Z,87.0,Charge 4
2022-02-16T15:38:10Z,88.0,Charge 4
2022-02-16T15:38:20Z,87.0,Charge 4
2022-02-16T15:38:25Z,85.0,Charge 4
2022-02-16T15:38:40Z,84.0,Charge 4
2022-02-16T15:38:55Z,84.0,Charge 4
2022-02-16T15:39:05Z,85.0,Charge 4
2022-02-16T15:39:10Z,84.0,Charge 4
2022-02-16T15:39:20Z,84.0,Charge 4
2022-02-16T15:39:35Z,84.0,Charge 4
2022-02-16T15:39:40Z,84.0,Charge 4
2022-02-16T15:39:45Z,84.0,Charge 4
2022-02-16T15:40:00Z,84.0,Charge 4
2022-02-16T15:40:05Z,85.0,Charge 4
2022-02-16T15:40:10Z,84.0,Charge 4
2022-02-16T15:40:25Z,84.0,Charge 4
2022-02-16T15:40:30Z,85.0,Charge 4
2022-02-16T15:40:40Z,85.0,Charge 4
2022-02-16T15:40:45Z,86.0,Charge 4
2022-02-16T15:40:50Z,85.0,Charge 4
2022-02-16T15:40:55Z,83.0,Charge 4
2022-02-16T15:41:00Z,82.0,Charge 4
2022-02-16T15:41:15Z,82.0,Charge 4
2022-02-16T15:41:20Z,81.0,Charge 4
2022-02-16T15:41:35Z,81.0,Charge 4
2022-02-16T15:41:40Z,82.0,Charge 4
2022-02-16T15:41:55Z,82.0,Charge 4
2022-02-16T15:42:05Z,80.0,Charge 4
2022-02-16T15:42:20Z,80.0,Charge 4
2022-02-16T15:42:30Z,82.0,Charge 4
2022-02-16T15:42:45Z,82.0,Charge 4
2022-02-16T15:42:50Z,81.0,Charge 4
2022-02-16T15:43:05Z,81.0,Charge 4
2022-02-16T15:43:15Z,82.0,Charge 4
2022-02-16T15:43:20Z,83.0,Charge 4
2022-02-16T15:43:25Z,82.0,Charge 4
2022-02-16T15:43:31Z,81.0,Charge 4
2022-02-16T15:43:41Z,81.0,Charge 4
2022-02-16T15:43:51Z,82.0,Charge 4
2022-02-16T15:43:56Z,85.0,Charge 4
2022-02-16T15:44:06Z,84.0,Charge 4
2022-02-16T15:44:16Z,83.0,Charge 4
2022-02-16T15:44:21Z,84.0,Charge 4
2022-02-16T15:44:36Z,84.0,Charge 4
2022-02-16T15:44:41Z,81.0,Charge 4
2022-02-16T15:44:51Z,82.0,Charge 4
2022-02-16T15:44:56Z,83.0,Charge 4
2022-02-16T15:45:01Z,83.0,Charge 4
2022-02-16T15:45:11Z,83.0,Charge 4
2022-02-16T15:45:21Z,84.0,Charge 4
2022-02-16T15:45:36Z,84.0,Charge 4
2022-02-16T15:45:41Z,83.0,Charge 4
2022-02-16T15:45:51Z,82.0,Charge 4
2022-02-16T15:46:01Z,83.0,Charge 4
2022-02-16T15:46:16Z,83.0,Charge 4
2022-02-16T15:47:27Z,84.0,Charge 4
2022-02-16T15:47:37Z,83.0,Charge 4
2022-02-16T15:47:42Z,84.0,Charge 4
2022-02-16T15:47:57Z,84.0,Charge 4
2022-02-16T15:48:07Z,83.0,Charge 4
2022-02-16T15:48:17Z,84.0,Charge 4
2022-02-16T15:48:32Z,82.0,Charge 4
2022-02-16T15:48:37Z,80.0,Charge 4
2022-02-16T15:48:52Z,80.0,Charge 4
2022-02-16T15:48:57Z,81.0,Charge 4
2022-02-16T15:49:07Z,82.0,Charge 4
2022-02-16T15:49:22Z,82.0,Charge 4
2022-02-16T15:49:27Z,83.0,Charge 4
2022-02-16T15:49:42Z,83.0,Charge 4
2022-02-16T15:49:57Z,83.0,Charge 4
2022-02-16T15:50:12Z,84.0,Charge 4
2022-02-16T15:50:17Z,85.0,Charge 4
2022-02-16T15:50:32Z,85.0,Charge 4
2022-02-16T15:50:37Z,86.0,Charge 4
2022-02-16T15:50:52Z,87.0,Charge 4
2022-02-16T15:51:02Z,86.0,Charge 4
2022-02-16T15:51:17Z,87.0,Charge 4
2022-02-16T15:51:22Z,88.0,Charge 4
2022-02-16T15:51:32Z,87.0,Charge 4
2022-02-16T15:51:37Z,86.0,Charge 4
2022-02-16T15:51:42Z,85.0,Charge 4
2022-02-16T15:51:47Z,84.0,Charge 4
2022-02-16T15:51:52Z,84.0,Charge 4
2022-02-16T15:52:07Z,84.0,Charge 4
2022-02-16T15:52:17Z,85.0,Charge 4
2022-02-16T15:52:22Z,86.0,Charge 4
2022-02-16T15:52:27Z,87.0,Charge 4
2022-02-16T15:52:32Z,88.0,Charge 4
2022-02-16T15:52:37Z,89.0,Charge 4
2022-02-16T15:52:47Z,88.0,Charge 4
2022-02-16T15:52:52Z,85.0,Charge 4
2022-02-16T15:52:57Z,82.0,Charge 4
2022-02-16T15:53:02Z,79.0,Charge 4
2022-02-16T15:53:07Z,78.0,Charge 4
2022-02-16T15:53:12Z,77.0,Charge 4
2022-02-16T15:53:17Z,79.0,Charge 4
2022-02-16T15:53:22Z,80.0,Charge 4
2022-02-16T15:53:27Z,81.0,Charge 4
2022-02-16T15:53:32Z,87.0,Charge 4
2022-02-16T15:53:37Z,90.0,Charge 4
2022-02-16T15:53:42Z,89.0,Charge 4
2022-02-16T15:53:57Z,87.0,Charge 4
2022-02-16T15:54:12Z,87.0,Charge 4
2022-02-16T15:54:22Z,86.0,Charge 4
2022-02-16T15:54:27Z,85.0,Charge 4
2022-02-16T15:54:32Z,83.0,Charge 4
2022-02-16T15:54:42Z,82.0,Charge 4
2022-02-16T15:54:52Z,83.0,Charge 4
2022-02-16T15:54:57Z,84.0,Charge 4
2022-02-16T15:55:02Z,84.0,Charge 4
2022-02-16T15:55:07Z,85.0,Charge 4
2022-02-16T15:55:12Z,86.0,Charge 4
2022-02-16T15:55:17Z,87.0,Charge 4
2022-02-16T15:55:27Z,89.0,Charge 4
2022-02-16T15:55:32Z,90.0,Charge 4
2022-02-16T15:55:42Z,91.0,Charge 4
2022-02-16T15:55:47Z,90.0,Charge 4
2022-02-16T15:55:52Z,91.0,Charge 4
2022-02-16T15:55:57Z,90.0,Charge 4
2022-02-16T15:56:02Z,91.0,Charge 4
2022-02-16T15:56:07Z,93.0,Charge 4
2022-02-16T15:56:12Z,91.0,Charge 4
2022-02-16T15:56:22Z,93.0,Charge 4
2022-02-16T15:56:27Z,94.0,Charge 4
2022-02-16T15:56:42Z,94.0,Charge 4
2022-02-16T15:56:47Z,95.0,Charge 4
2022-02-16T15:56:57Z,94.0,Charge 4
2022-02-16T15:57:02Z,93.0,Charge 4
2022-02-16T15:57:17Z,93.0,Charge 4
2022-02-16T15:57:27Z,98.0,Charge 4
2022-02-16T15:57:32Z,99.0,Charge 4
2022-02-16T15:57:47Z,98.0,Charge 4
2022-02-16T15:57:52Z,97.0,Charge 4
2022-02-16T15:58:07Z,98.0,Charge 4
2022-02-16T15:58:22Z,98.0,Charge 4
2022-02-16T15:58:27Z,99.0,Charge 4
2022-02-16T15:58:32Z,100.0,Charge 4
2022-02-16T15:58:37Z,101.0,Charge 4
2022-02-16T15:58:47Z,102.0,Charge 4
2022-02-16T15:58:52Z,101.0,Charge 4
2022-02-16T15:58:57Z,100.0,Charge 4
2022-02-16T15:59:02Z,98.0,Charge 4
2022-02-16T15:59:07Z,99.0,Charge 4
2022-02-16T15:59:12Z,100.0,Charge 4
2022-02-16T15:59:17Z,101.0,Charge 4
2022-02-16T15:59:22Z,102.0,Charge 4
2022-02-16T15:59:27Z,100.0,Charge 4
2022-02-16T15:59:32Z,96.0,Charge 4
2022-02-16T15:59:37Z,97.0,Charge 4
2022-02-16T15:59:42Z,94.0,Charge 4
2022-02-16T15:59:57Z,94.0,Charge 4
2022-02-16T16:00:12Z,93.0,Charge 4
2022-02-16T16:00:22Z,95.0,Charge 4
2022-02-16T16:00:32Z,94.0,Charge 4
2022-02-16T16:00:37Z,93.0,Charge 4
2022-02-16T16:00:47Z,92.0,Charge 4
2022-02-16T16:01:02Z,92.0,Charge 4
2022-02-16T16:01:12Z,91.0,Charge 4
2022-02-16T16:01:17Z,92.0,Charge 4
2022-02-16T16:01:27Z,94.0,Charge 4
2022-02-16T16:01:36Z,94.0,Charge 4
2022-02-16T16:01:46Z,95.0,Charge 4
2022-02-16T16:01:56Z,94.0,Charge 4
2022-02-16T16:02:06Z,92.0,Charge 4
2022-02-16T16:02:11Z,91.0,Charge 4
2022-02-16T16:02:21Z,92.0,Charge 4
2022-02-16T16:02:26Z,93.0,Charge 4
2022-02-16T16:02:31Z,96.0,Charge 4
2022-02-16T16:02:36Z,99.0,Charge 4
2022-02-16T16:02:41Z,100.0,Charge 4
2022-02-16T16:02:51Z,99.0,Charge 4
2022-02-16T16:02:56Z,98.0,Charge 4
2022-02-16T16:03:01Z,96.0,Charge 4
2022-02-16T16:03:06Z,92.0,Charge 4
2022-02-16T16:03:11Z,91.0,Charge 4
2022-02-16T16:03:21Z,90.0,Charge 4
2022-02-16T16:03:31Z,88.0,Charge 4
2022-02-16T16:03:46Z,88.0,Charge 4
2022-02-16T16:04:01Z,89.0,Charge 4
2022-02-16T16:04:16Z,89.0,Charge 4
2022-02-16T16:04:26Z,91.0,Charge 4
2022-02-16T16:04:31Z,93.0,Charge 4
2022-02-16T16:04:36Z,91.0,Charge 4
2022-02-16T16:04:46Z,90.0,Charge 4
2022-02-16T16:04:51Z,89.0,Charge 4
2022-02-16T16:05:01Z,87.0,Charge 4
2022-02-16T16:05:06Z,85.0,Charge 4
2022-02-16T16:05:12Z,86.0,Charge 4
2022-02-16T16:05:22Z,84.0,Charge 4
2022-02-16T16:05:27Z,83.0,Charge 4
2022-02-16T16:05:37Z,85.0,Charge 4
2022-02-16T16:05:47Z,86.0,Charge 4
2022-02-16T16:06:02Z,86.0,Charge 4
2022-02-16T16:06:17Z,87.0,Charge 4
2022-02-16T16:06:22Z,87.0,Charge 4
2022-02-16T16:06:37Z,87.0,Charge 4
2022-02-16T16:06:52Z,86.0,Charge 4
2022-02-16T16:07:07Z,85.0,Charge 4
2022-02-16T16:07:17Z,86.0,Charge 4
2022-02-16T16:07:32Z,86.0,Charge 4
2022-02-16T16:07:42Z,85.0,Charge 4
2022-02-16T16:07:57Z,85.0,Charge 4
2022-02-16T16:08:02Z,84.0,Charge 4
2022-02-16T16:08:07Z,83.0,Charge 4
2022-02-16T16:08:12Z,83.0,Charge 4
2022-02-16T16:08:22Z,82.0,Charge 4
2022-02-16T16:08:27Z,83.0,Charge 4
2022-02-16T16:08:42Z,82.0,Charge 4
2022-02-16T16:08:57Z,82.0,Charge 4
2022-02-16T16:09:12Z,79.0,Charge 4
2022-02-16T16:09:17Z,78.0,Charge 4
2022-02-16T16:09:27Z,79.0,Charge 4
2022-02-16T16:09:37Z,80.0,Charge 4
2022-02-16T16:09:42Z,80.0,Charge 4
2022-02-16T16:09:57Z,80.0,Charge 4
2022-02-16T16:10:02Z,81.0,Charge 4
2022-02-16T16:10:17Z,81.0,Charge 4
2022-02-16T16:10:32Z,81.0,Charge 4
2022-02-16T16:10:42Z,83.0,Charge 4
2022-02-16T16:10:47Z,84.0,Charge 4
2022-02-16T16:10:52Z,84.0,Charge 4
2022-02-16T16:11:02Z,82.0,Charge 4
2022-02-16T16:11:17Z,82.0,Charge 4
2022-02-16T16:11:32Z,82.0,Charge 4
2022-02-16T16:11:37Z,81.0,Charge 4
2022-02-16T16:11:52Z,81.0,Charge 4
2022-02-16T16:11:57Z,80.0,Charge 4
2022-02-16T16:12:02Z,79.0,Charge 4
2022-02-16T16:12:17Z,80.0,Charge 4
2022-02-16T16:12:32Z,80.0,Charge 4
2022-02-16T16:12:47Z,80.0,Charge 4
2022-02-16T16:13:02Z,80.0,Charge 4
2022-02-16T16:13:07Z,81.0,Charge 4
2022-02-16T16:13:12Z,83.0,Charge 4
2022-02-16T16:13:22Z,82.0,Charge 4
2022-02-16T16:13:32Z,83.0,Charge 4
2022-02-16T16:13:42Z,84.0,Charge 4
2022-02-16T16:13:47Z,83.0,Charge 4
2022-02-16T16:14:02Z,84.0,Charge 4
2022-02-16T16:14:07Z,83.0,Charge 4
2022-02-16T16:14:12Z,83.0,Charge 4
2022-02-16T16:14:22Z,85.0,Charge 4
2022-02-16T16:14:27Z,86.0,Charge 4
2022-02-16T16:14:32Z,85.0,Charge 4
2022-02-16T16:14:37Z,84.0,Charge 4
2022-02-16T16:14:42Z,90.0,Charge 4
2022-02-16T16:14:47Z,93.0,Charge 4
2022-02-16T16:14:52Z,94.0,Charge 4
2022-02-16T16:15:02Z,95.0,Charge 4
2022-02-16T16:15:17Z,95.0,Charge 4
2022-02-16T16:15:22Z,96.0,Charge 4
2022-02-16T16:15:27Z,97.0,Charge 4
2022-02-16T16:15:42Z,97.0,Charge 4
2022-02-16T16:15:52Z,98.0,Charge 4
2022-02-16T16:16:02Z,99.0,Charge 4
2022-02-16T16:16:07Z,100.0,Charge 4
2022-02-16T16:16:17Z,99.0,Charge 4
2022-02-16T16:16:32Z,99.0,Charge 4
2022-02-16T16:16:37Z,97.0,Charge 4
2022-02-16T16:16:42Z,95.0,Charge 4
2022-02-16T16:16:47Z,93.0,Charge 4
2022-02-16T16:16:52Z,92.0,Charge 4
2022-02-16T16:17:07Z,92.0,Charge 4
2022-02-16T16:17:17Z,90.0,Charge 4
2022-02-16T16:17:32Z,90.0,Charge 4
2022-02-16T16:17:47Z,90.0,Charge 4
2022-02-16T16:17:49Z,90.0,Charge 4
2022-02-16T16:18:04Z,91.0,Charge 4
2022-02-16T16:18:09Z,91.0,Charge 4
2022-02-16T16:18:24Z,91.0,Charge 4
2022-02-16T16:18:29Z,92.0,Charge 4
2022-02-16T16:18:34Z,91.0,Charge 4
2022-02-16T16:18:39Z,89.0,Charge 4
2022-02-16T16:18:44Z,88.0,Charge 4
2022-02-16T16:18:59Z,88.0,Charge 4
2022-02-16T16:19:14Z,88.0,Charge 4
2022-02-16T16:19:29Z,88.0,Charge 4
2022-02-16T16:19:44Z,89.0,Charge 4
2022-02-16T16:19:49Z,93.0,Charge 4
2022-02-16T16:19:54Z,96.0,Charge 4
2022-02-16T16:19:59Z,90.0,Charge 4
2022-02-16T16:20:04Z,93.0,Charge 4
2022-02-16T16:20:19Z,93.0,Charge 4
2022-02-16T16:20:24Z,92.0,Charge 4
2022-02-16T16:20:29Z,93.0,Charge 4
2022-02-16T16:20:44Z,94.0,Charge 4
2022-02-16T16:20:59Z,94.0,Charge 4
2022-02-16T16:21:09Z,93.0,Charge 4
2022-02-16T16:21:14Z,92.0,Charge 4
2022-02-16T16:21:19Z,90.0,Charge 4
2022-02-16T16:21:24Z,91.0,Charge 4
2022-02-16T16:21:29Z,91.0,Charge 4
2022-02-16T16:21:39Z,92.0,Charge 4
2022-02-16T16:21:44Z,92.0,Charge 4
2022-02-16T16:21:59Z,93.0,Charge 4
2022-02-16T16:22:14Z,93.0,Charge 4
2022-02-16T16:22:24Z,94.0,Charge 4
2022-02-16T16:22:39Z,94.0,Charge 4
2022-02-16T16:22:49Z,93.0,Charge 4
2022-02-16T16:22:54Z,93.0,Charge 4
2022-02-16T16:22:59Z,93.0,Charge 4
2022-02-16T16:23:14Z,93.0,Charge 4
2022-02-16T16:23:19Z,91.0,Charge 4
2022-02-16T16:23:29Z,92.0,Charge 4
2022-02-16T16:23:44Z,92.0,Charge 4
2022-02-16T16:23:49Z,93.0,Charge 4
2022-02-16T16:23:59Z,92.0,Charge 4
2022-02-16T16:24:04Z,91.0,Charge 4
2022-02-16T16:24:09Z,92.0,Charge 4
2022-02-16T16:24:14Z,91.0,Charge 4
2022-02-16T16:24:29Z,91.0,Charge 4
2022-02-16T16:24:34Z,91.0,Charge 4
2022-02-16T16:24:39Z,92.0,Charge 4
2022-02-16T16:24:44Z,92.0,Charge 4
2022-02-16T16:24:59Z,92.0,Charge 4
2022-02-16T16:25:14Z,93.0,Charge 4
2022-02-16T16:25:29Z,93.0,Charge 4
2022-02-16T16:25:44Z,93.0,Charge 4
2022-02-16T16:25:54Z,92.0,Charge 4
2022-02-16T16:26:00Z,93.0,Charge 4
2022-02-16T16:26:15Z,93.0,Charge 4
2022-02-16T16:26:30Z,93.0,Charge 4
2022-02-16T16:26:40Z,93.0,Charge 4
2022-02-16T16:26:45Z,93.0,Charge 4
2022-02-16T16:26:50Z,93.0,Charge 4
2022-02-16T16:26:55Z,92.0,Charge 4
2022-02-16T16:27:00Z,90.0,Charge 4
2022-02-16T16:27:15Z,90.0,Charge 4
2022-02-16T16:27:20Z,90.0,Charge 4
2022-02-16T16:27:35Z,91.0,Charge 4
2022-02-16T16:27:45Z,90.0,Charge 4
2022-02-16T16:27:50Z,88.0,Charge 4
2022-02-16T16:28:05Z,87.0,Charge 4
2022-02-16T16:28:20Z,87.0,Charge 4
2022-02-16T16:28:25Z,86.0,Charge 4
2022-02-16T16:28:30Z,85.0,Charge 4
2022-02-16T16:28:35Z,86.0,Charge 4
2022-02-16T16:28:40Z,86.0,Charge 4
2022-02-16T16:28:55Z,86.0,Charge 4
2022-02-16T16:29:10Z,86.0,Charge 4
2022-02-16T16:29:25Z,87.0,Charge 4
2022-02-16T16:29:30Z,88.0,Charge 4
2022-02-16T16:29:35Z,89.0,Charge 4
2022-02-16T16:29:40Z,88.0,Charge 4
2022-02-16T16:29:55Z,88.0,Charge 4
2022-02-16T16:30:05Z,89.0,Charge 4
2022-02-16T16:30:11Z,89.0,Charge 4
2022-02-16T16:30:26Z,89.0,Charge 4
2022-02-16T16:30:41Z,89.0,Charge 4
2022-02-16T16:30:51Z,88.0,Charge 4
2022-02-16T16:31:06Z,88.0,Charge 4
2022-02-16T16:31:11Z,88.0,Charge 4
2022-02-16T16:31:26Z,86.0,Charge 4
2022-02-16T16:31:31Z,85.0,Charge 4
2022-02-16T16:31:36Z,84.0,Charge 4
2022-02-16T16:31:41Z,83.0,Charge 4
2022-02-16T16:31:46Z,81.0,Charge 4
2022-02-16T16:31:51Z,80.0,Charge 4
2022-02-16T16:32:06Z,80.0,Charge 4
2022-02-16T16:32:16Z,81.0,Charge 4
2022-02-16T16:32:21Z,83.0,Charge 4
2022-02-16T16:32:26Z,84.0,Charge 4
2022-02-16T16:32:31Z,85.0,Charge 4
2022-02-16T16:32:41Z,89.0,Charge 4
2022-02-16T16:32:46Z,90.0,Charge 4
2022-02-16T16:33:01Z,90.0,Charge 4
2022-02-16T16:33:16Z,91.0,Charge 4
2022-02-16T16:33:21Z,92.0,Charge 4
2022-02-16T16:33:36Z,92.0,Charge 4
2022-02-16T16:33:51Z,92.0,Charge 4
2022-02-16T16:33:56Z,93.0,Charge 4
2022-02-16T16:34:06Z,94.0,Charge 4
2022-02-16T16:34:11Z,95.0,Charge 4
2022-02-16T16:34:16Z,96.0,Charge 4
2022-02-16T16:34:26Z,95.0,Charge 4
2022-02-16T16:34:41Z,93.0,Charge 4
2022-02-16T16:34:46Z,92.0,Charge 4
2022-02-16T16:34:51Z,91.0,Charge 4
2022-02-16T16:35:01Z,91.0,Charge 4
2022-02-16T16:35:16Z,92.0,Charge 4
2022-02-16T16:35:31Z,92.0,Charge 4
2022-02-16T16:35:36Z,90.0,Charge 4
2022-02-16T16:35:41Z,90.0,Charge 4
2022-02-16T16:35:56Z,90.0,Charge 4
2022-02-16T16:36:06Z,89.0,Charge 4
2022-02-16T16:36:21Z,89.0,Charge 4
2022-02-16T16:36:26Z,90.0,Charge 4
2022-02-16T16:36:36Z,90.0,Charge 4
2022-02-16T16:36:46Z,89.0,Charge 4
2022-02-16T16:36:51Z,89.0,Charge 4
2022-02-16T16:36:56Z,88.0,Charge 4
2022-02-16T16:37:11Z,88.0,Charge 4
2022-02-16T16:37:21Z,87.0,Charge 4
2022-02-16T16:37:31Z,88.0,Charge 4
2022-02-16T16:37:36Z,88.0,Charge 4
2022-02-16T16:37:51Z,88.0,Charge 4
2022-02-16T16:37:56Z,90.0,Charge 4
2022-02-16T16:38:11Z,90.0,Charge 4
2022-02-16T16:38:16Z,90.0,Charge 4
2022-02-16T16:38:31Z,90.0,Charge 4
2022-02-16T16:38:36Z,90.0,Charge 4
2022-02-16T16:38:41Z,91.0,Charge 4
2022-02-16T16:38:56Z,89.0,Charge 4
2022-02-16T16:39:01Z,89.0,Charge 4
2022-02-16T16:39:06Z,89.0,Charge 4
2022-02-16T16:39:21Z,89.0,Charge 4
2022-02-16T16:39:26Z,88.0,Charge 4
2022-02-16T16:39:31Z,86.0,Charge 4
2022-02-16T16:39:41Z,87.0,Charge 4
2022-02-16T16:39:56Z,87.0,Charge 4
2022-02-16T16:40:11Z,87.0,Charge 4
2022-02-16T16:40:16Z,87.0,Charge 4
2022-02-16T16:40:31Z,87.0,Charge 4
2022-02-16T16:40:41Z,86.0,Charge 4
2022-02-16T16:40:56Z,86.0,Charge 4
2022-02-16T16:41:01Z,85.0,Charge 4
2022-02-16T16:41:16Z,85.0,Charge 4
2022-02-16T16:41:31Z,85.0,Charge 4
2022-02-16T16:41:36Z,83.0,Charge 4
2022-02-16T16:41:41Z,83.0,Charge 4
2022-02-16T16:41:56Z,83.0,Charge 4
2022-02-16T16:42:06Z,84.0,Charge 4
2022-02-16T16:42:21Z,84.0,Charge 4
2022-02-16T16:42:36Z,84.0,Charge 4
2022-02-16T16:42:46Z,85.0,Charge 4
2022-02-16T16:43:01Z,85.0,Charge 4
2022-02-16T16:43:11Z,84.0,Charge 4
2022-02-16T16:43:16Z,83.0,Charge 4
2022-02-16T16:43:31Z,83.0,Charge 4
2022-02-16T16:43:46Z,82.0,Charge 4
2022-02-16T16:44:01Z,82.0,Charge 4
2022-02-16T16:44:16Z,82.0,Charge 4
2022-02-16T16:44:26Z,84.0,Charge 4
2022-02-16T16:44:31Z,85.0,Charge 4
2022-02-16T16:44:41Z,84.0,Charge 4
2022-02-16T16:44:46Z,83.0,Charge 4
2022-02-16T16:44:56Z,82.0,Charge 4
2022-02-16T16:45:01Z,81.0,Charge 4
2022-02-16T16:45:06Z,81.0,Charge 4
2022-02-16T16:45:16Z,79.0,Charge 4
2022-02-16T16:45:31Z,79.0,Charge 4
2022-02-16T16:45:41Z,80.0,Charge 4
2022-02-16T16:45:56Z,80.0,Charge 4
2022-02-16T16:46:01Z,81.0,Charge 4
2022-02-16T16:46:16Z,81.0,Charge 4
2022-02-16T16:46:31Z,80.0,Charge 4
2022-02-16T16:46:36Z,79.0,Charge 4
2022-02-16T16:46:46Z,79.0,Charge 4
2022-02-16T16:46:51Z,79.0,Charge 4
2022-02-16T16:46:56Z,79.0,Charge 4
2022-02-16T16:47:11Z,79.0,Charge 4
2022-02-16T16:47:16Z,80.0,Charge 4
2022-02-16T16:47:31Z,80.0,Charge 4
2022-02-16T16:47:33Z,80.0,Charge 4
2022-02-16T16:47:48Z,80.0,Charge 4
2022-02-16T16:47:53Z,80.0,Charge 4
2022-02-16T16:48:03Z,80.0,Charge 4
2022-02-16T16:48:08Z,81.0,Charge 4
2022-02-16T16:48:13Z,83.0,Charge 4
2022-02-16T16:48:28Z,83.0,Charge 4
2022-02-16T16:48:38Z,83.0,Charge 4
2022-02-16T16:48:48Z,82.0,Charge 4
2022-02-16T16:49:03Z,82.0,Charge 4
2022-02-16T16:49:18Z,81.0,Charge 4
2022-02-16T16:49:23Z,80.0,Charge 4
2022-02-16T16:49:28Z,80.0,Charge 4
2022-02-16T16:49:43Z,79.0,Charge 4
2022-02-16T16:49:48Z,78.0,Charge 4
2022-02-16T16:50:03Z,79.0,Charge 4
2022-02-16T16:50:13Z,79.0,Charge 4
2022-02-16T16:50:18Z,78.0,Charge 4
2022-02-16T16:50:23Z,78.0,Charge 4
2022-02-16T16:50:38Z,78.0,Charge 4
2022-02-16T16:50:48Z,77.0,Charge 4
2022-02-16T16:50:58Z,79.0,Charge 4
2022-02-16T16:51:03Z,80.0,Charge 4
2022-02-16T16:51:18Z,80.0,Charge 4
2022-02-16T16:51:33Z,80.0,Charge 4
2022-02-16T16:51:48Z,80.0,Charge 4
2022-02-16T16:52:03Z,80.0,Charge 4
2022-02-16T16:52:08Z,80.0,Charge 4
2022-02-16T16:52:18Z,78.0,Charge 4
2022-02-16T16:52:23Z,77.0,Charge 4
2022-02-16T16:52:38Z,78.0,Charge 4
2022-02-16T16:52:53Z,78.0,Charge 4
2022-02-16T16:52:58Z,77.0,Charge 4
2022-02-16T16:53:03Z,78.0,Charge 4
2022-02-16T16:53:18Z,78.0,Charge 4
2022-02-16T16:53:33Z,78.0,Charge 4
2022-02-16T16:53:43Z,79.0,Charge 4
2022-02-16T16:53:58Z,76.0,Charge 4
2022-02-16T16:54:03Z,77.0,Charge 4
2022-02-16T16:54:08Z,78.0,Charge 4
2022-02-16T16:54:18Z,79.0,Charge 4
2022-02-16T16:54:33Z,79.0,Charge 4
2022-02-16T16:54:48Z,80.0,Charge 4
2022-02-16T16:54:53Z,79.0,Charge 4
2022-02-16T16:55:08Z,79.0,Charge 4
2022-02-16T16:55:18Z,77.0,Charge 4
2022-02-16T16:55:28Z,76.0,Charge 4
2022-02-16T16:55:33Z,74.0,Charge 4
2022-02-16T16:55:48Z,74.0,Charge 4
2022-02-16T16:55:58Z,74.0,Charge 4
2022-02-16T16:56:13Z,75.0,Charge 4
2022-02-16T16:56:28Z,75.0,Charge 4
2022-02-16T16:56:33Z,76.0,Charge 4
2022-02-16T16:56:38Z,77.0,Charge 4
2022-02-16T16:56:43Z,78.0,Charge 4
2022-02-16T16:56:48Z,79.0,Charge 4
2022-02-16T16:56:58Z,80.0,Charge 4
2022-02-16T16:57:13Z,79.0,Charge 4
2022-02-16T16:57:18Z,78.0,Charge 4
2022-02-16T16:57:33Z,78.0,Charge 4
2022-02-16T16:57:48Z,82.0,Charge 4
2022-02-16T16:57:53Z,83.0,Charge 4
2022-02-16T16:58:08Z,83.0,Charge 4
2022-02-16T16:58:18Z,83.0,Charge 4
2022-02-16T16:58:33Z,83.0,Charge 4
2022-02-16T16:58:43Z,84.0,Charge 4
2022-02-16T16:58:53Z,85.0,Charge 4
2022-02-16T16:58:58Z,84.0,Charge 4
2022-02-16T16:59:03Z,84.0,Charge 4
2022-02-16T16:59:18Z,84.0,Charge 4
2022-02-16T16:59:28Z,83.0,Charge 4
2022-02-16T16:59:33Z,82.0,Charge 4
2022-02-16T16:59:38Z,81.0,Charge 4
2022-02-16T16:59:43Z,82.0,Charge 4
2022-02-16T16:59:58Z,82.0,Charge 4
2022-02-16T17:00:03Z,83.0,Charge 4
2022-02-16T17:00:13Z,86.0,Charge 4
2022-02-16T17:00:18Z,87.0,Charge 4
2022-02-16T17:00:28Z,85.0,Charge 4
2022-02-16T17:00:43Z,85.0,Charge 4
2022-02-16T17:00:53Z,86.0,Charge 4
2022-02-16T17:00:59Z,86.0,Charge 4
2022-02-16T17:01:04Z,87.0,Charge 4
2022-02-16T17:01:19Z,87.0,Charge 4
2022-02-16T17:01:34Z,87.0,Charge 4
2022-02-16T17:01:44Z,86.0,Charge 4
2022-02-16T17:01:49Z,85.0,Charge 4
2022-02-16T17:02:04Z,84.0,Charge 4
2022-02-16T17:02:09Z,82.0,Charge 4
2022-02-16T17:02:24Z,82.0,Charge 4
2022-02-16T17:02:39Z,81.0,Charge 4
2022-02-16T17:02:54Z,81.0,Charge 4
2022-02-16T17:03:09Z,81.0,Charge 4
2022-02-16T17:03:14Z,81.0,Charge 4
2022-02-16T17:03:24Z,80.0,Charge 4
2022-02-16T17:03:29Z,79.0,Charge 4
2022-02-16T17:03:39Z,79.0,Charge 4
2022-02-16T17:03:44Z,79.0,Charge 4
2022-02-16T17:03:59Z,79.0,Charge 4
2022-02-16T17:04:14Z,80.0,Charge 4
2022-02-16T17:04:19Z,80.0,Charge 4
2022-02-16T17:04:29Z,80.0,Charge 4
2022-02-16T17:04:44Z,80.0,Charge 4
2022-02-16T17:04:49Z,76.0,Charge 4
2022-02-16T17:04:59Z,75.0,Charge 4
2022-02-16T17:05:09Z,74.0,Charge 4
2022-02-16T17:05:14Z,73.0,Charge 4
2022-02-16T17:05:19Z,71.0,Charge 4
2022-02-16T17:05:24Z,71.0,Charge 4
2022-02-16T17:05:29Z,72.0,Charge 4
2022-02-16T17:05:34Z,73.0,Charge 4
2022-02-16T17:05:39Z,74.0,Charge 4
2022-02-16T17:05:44Z,76.0,Charge 4
2022-02-16T17:05:54Z,77.0,Charge 4
2022-02-16T17:05:59Z,78.0,Charge 4
2022-02-16T17:06:04Z,77.0,Charge 4
2022-02-16T17:06:19Z,77.0,Charge 4
2022-02-16T17:08:35Z,74.0,Charge 4
2022-02-16T17:08:50Z,76.0,Charge 4
2022-02-16T17:08:55Z,78.0,Charge 4
2022-02-16T17:09:00Z,81.0,Charge 4
2022-02-16T17:09:05Z,82.0,Charge 4
2022-02-16T17:09:20Z,83.0,Charge 4
2022-02-16T17:09:35Z,82.0,Charge 4
2022-02-16T17:09:50Z,85.0,Charge 4
2022-02-16T17:09:55Z,87.0,Charge 4
2022-02-16T17:10:10Z,87.0,Charge 4
2022-02-16T17:10:25Z,87.0,Charge 4
2022-02-16T17:10:30Z,88.0,Charge 4
2022-02-16T17:10:40Z,88.0,Charge 4
2022-02-16T17:10:45Z,89.0,Charge 4
2022-02-16T17:10:50Z,90.0,Charge 4
2022-02-16T17:10:55Z,91.0,Charge 4
2022-02-16T17:11:10Z,91.0,Charge 4
2022-02-16T17:11:15Z,90.0,Charge 4
2022-02-16T17:11:25Z,88.0,Charge 4
2022-02-16T17:11:40Z,88.0,Charge 4
2022-02-16T17:11:55Z,88.0,Charge 4
2022-02-16T17:12:00Z,89.0,Charge 4
2022-02-16T17:12:15Z,89.0,Charge 4
2022-02-16T17:12:20Z,88.0,Charge 4
2022-02-16T17:12:25Z,87.0,Charge 4
2022-02-16T17:12:35Z,88.0,Charge 4
2022-02-16T17:12:40Z,88.0,Charge 4
2022-02-16T17:12:45Z,88.0,Charge 4
2022-02-16T17:13:00Z,87.0,Charge 4
2022-02-16T17:13:05Z,86.0,Charge 4
2022-02-16T17:13:15Z,87.0,Charge 4
2022-02-16T17:13:30Z,89.0,Charge 4
2022-02-16T17:13:40Z,88.0,Charge 4
2022-02-16T17:13:45Z,87.0,Charge 4
2022-02-16T17:14:00Z,87.0,Charge 4
2022-02-16T17:14:05Z,88.0,Charge 4
2022-02-16T17:14:15Z,89.0,Charge 4
2022-02-16T17:14:20Z,89.0,Charge 4
2022-02-16T17:14:30Z,90.0,Charge 4
2022-02-16T17:14:35Z,91.0,Charge 4
2022-02-16T17:14:40Z,92.0,Charge 4
2022-02-16T17:14:55Z,92.0,Charge 4
2022-02-16T17:15:00Z,91.0,Charge 4
2022-02-16T17:15:10Z,92.0,Charge 4
2022-02-16T17:15:20Z,95.0,Charge 4
2022-02-16T17:15:25Z,93.0,Charge 4
2022-02-16T17:15:30Z,90.0,Charge 4
2022-02-16T17:15:35Z,92.0,Charge 4
2022-02-16T17:15:40Z,96.0,Charge 4
2022-02-16T17:15:45Z,100.0,Charge 4
2022-02-16T17:15:50Z,99.0,Charge 4
2022-02-16T17:15:55Z,97.0,Charge 4
2022-02-16T17:16:00Z,100.0,Charge 4
2022-02-16T17:16:05Z,102.0,Charge 4
2022-02-16T17:16:12Z,101.0,Charge 4
2022-02-16T17:16:17Z,100.0,Charge 4
2022-02-16T17:16:22Z,97.0,Charge 4
2022-02-16T17:16:27Z,95.0,Charge 4
2022-02-16T17:16:37Z,98.0,Charge 4
2022-02-16T17:16:42Z,100.0,Charge 4
2022-02-16T17:16:47Z,101.0,Charge 4
2022-02-16T17:16:57Z,102.0,Charge 4
2022-02-16T17:17:02Z,101.0,Charge 4
2022-02-16T17:17:07Z,100.0,Charge 4
2022-02-16T17:17:12Z,98.0,Charge 4
2022-02-16T17:17:27Z,97.0,Charge 4
2022-02-16T17:17:42Z,95.0,Charge 4
2022-02-16T17:17:47Z,94.0,Charge 4
2022-02-16T17:17:52Z,92.0,Charge 4
2022-02-16T17:17:57Z,90.0,Charge 4
2022-02-16T17:18:07Z,89.0,Charge 4
2022-02-16T17:18:12Z,90.0,Charge 4
2022-02-16T17:18:17Z,92.0,Charge 4
2022-02-16T17:18:22Z,94.0,Charge 4
2022-02-16T17:18:27Z,93.0,Charge 4
2022-02-16T17:18:37Z,94.0,Charge 4
2022-02-16T17:18:42Z,95.0,Charge 4
2022-02-16T17:18:47Z,96.0,Charge 4
2022-02-16T17:18:52Z,95.0,Charge 4
2022-02-16T17:18:57Z,93.0,Charge 4
2022-02-16T17:19:02Z,92.0,Charge 4
2022-02-16T17:19:07Z,91.0,Charge 4
2022-02-16T17:19:12Z,92.0,Charge 4
2022-02-16T17:19:22Z,90.0,Charge 4
2022-02-16T17:19:27Z,91.0,Charge 4
2022-02-16T17:19:32Z,93.0,Charge 4
2022-02-16T17:19:37Z,94.0,Charge 4
2022-02-16T17:19:52Z,94.0,Charge 4
2022-02-16T17:19:57Z,94.0,Charge 4
2022-02-16T17:20:07Z,94.0,Charge 4
2022-02-16T17:20:12Z,96.0,Charge 4
2022-02-16T17:20:22Z,95.0,Charge 4
2022-02-16T17:20:27Z,96.0,Charge 4
2022-02-16T17:20:32Z,98.0,Charge 4
2022-02-16T17:20:42Z,96.0,Charge 4
2022-02-16T17:20:47Z,94.0,Charge 4
2022-02-16T17:20:52Z,94.0,Charge 4
2022-02-16T17:21:02Z,95.0,Charge 4
2022-02-16T17:21:12Z,94.0,Charge 4
2022-02-16T17:21:27Z,93.0,Charge 4
2022-02-16T17:21:37Z,95.0,Charge 4
2022-02-16T17:21:42Z,96.0,Charge 4
2022-02-16T17:21:47Z,97.0,Charge 4
2022-02-16T17:21:57Z,96.0,Charge 4
2022-02-16T17:22:12Z,96.0,Charge 4
2022-02-16T17:22:22Z,95.0,Charge 4
2022-02-16T17:22:27Z,93.0,Charge 4
2022-02-16T17:22:37Z,94.0,Charge 4
2022-02-16T17:22:42Z,94.0,Charge 4
2022-02-16T17:22:57Z,93.0,Charge 4
2022-02-16T17:23:02Z,94.0,Charge 4
2022-02-16T17:23:07Z,95.0,Charge 4
2022-02-16T17:23:12Z,96.0,Charge 4
2022-02-16T17:23:17Z,98.0,Charge 4
2022-02-16T17:23:22Z,100.0,Charge 4
2022-02-16T17:23:27Z,99.0,Charge 4
2022-02-16T17:23:42Z,99.0,Charge 4
2022-02-16T17:23:47Z,100.0,Charge 4
2022-02-16T17:23:52Z,101.0,Charge 4
2022-02-16T17:23:57Z,102.0,Charge 4
2022-02-16T17:24:02Z,103.0,Charge 4
2022-02-16T17:24:07Z,99.0,Charge 4
2022-02-16T17:24:22Z,99.0,Charge 4
2022-02-16T17:24:32Z,101.0,Charge 4
2022-02-16T17:24:37Z,99.0,Charge 4
2022-02-16T17:24:42Z,96.0,Charge 4
2022-02-16T17:24:47Z,95.0,Charge 4
2022-02-16T17:24:57Z,94.0,Charge 4
2022-02-16T17:25:02Z,93.0,Charge 4
2022-02-16T17:25:07Z,98.0,Charge 4
2022-02-16T17:25:12Z,102.0,Charge 4
2022-02-16T17:25:22Z,100.0,Charge 4
2022-02-16T17:25:27Z,98.0,Charge 4
2022-02-16T17:25:32Z,96.0,Charge 4
2022-02-16T17:25:38Z,97.0,Charge 4
2022-02-16T17:25:43Z,96.0,Charge 4
2022-02-16T17:25:48Z,95.0,Charge 4
2022-02-16T17:25:53Z,96.0,Charge 4
2022-02-16T17:26:03Z,97.0,Charge 4
2022-02-16T17:26:08Z,96.0,Charge 4
2022-02-16T17:26:23Z,97.0,Charge 4
2022-02-16T17:26:28Z,98.0,Charge 4
2022-02-16T17:26:38Z,97.0,Charge 4
2022-02-16T17:26:43Z,95.0,Charge 4
2022-02-16T17:26:48Z,94.0,Charge 4
2022-02-16T17:26:53Z,95.0,Charge 4
2022-02-16T17:26:58Z,96.0,Charge 4
2022-02-16T17:27:03Z,94.0,Charge 4
2022-02-16T17:27:13Z,95.0,Charge 4
2022-02-16T17:27:18Z,96.0,Charge 4
2022-02-16T17:27:23Z,97.0,Charge 4
2022-02-16T17:27:28Z,96.0,Charge 4
2022-02-16T17:27:33Z,94.0,Charge 4
2022-02-16T17:27:38Z,92.0,Charge 4
2022-02-16T17:27:43Z,91.0,Charge 4
2022-02-16T17:27:48Z,92.0,Charge 4
2022-02-16T17:28:03Z,93.0,Charge 4
2022-02-16T17:28:08Z,95.0,Charge 4
2022-02-16T17:28:13Z,96.0,Charge 4
2022-02-16T17:28:18Z,97.0,Charge 4
2022-02-16T17:28:23Z,97.0,Charge 4
2022-02-16T17:28:28Z,96.0,Charge 4
2022-02-16T17:28:38Z,95.0,Charge 4
2022-02-16T17:28:43Z,93.0,Charge 4
2022-02-16T17:28:53Z,95.0,Charge 4
2022-02-16T17:28:58Z,97.0,Charge 4
2022-02-16T17:29:03Z,101.0,Charge 4
2022-02-16T17:29:08Z,100.0,Charge 4
2022-02-16T17:29:13Z,96.0,Charge 4
2022-02-16T17:29:18Z,95.0,Charge 4
2022-02-16T17:29:28Z,96.0,Charge 4
2022-02-16T17:29:33Z,95.0,Charge 4
2022-02-16T17:29:38Z,94.0,Charge 4
2022-02-16T17:29:48Z,95.0,Charge 4
2022-02-16T17:29:58Z,94.0,Charge 4
2022-02-16T17:30:03Z,96.0,Charge 4
2022-02-16T17:30:08Z,97.0,Charge 4
2022-02-16T17:30:18Z,97.0,Charge 4
2022-02-16T17:30:23Z,96.0,Charge 4
2022-02-16T17:30:28Z,97.0,Charge 4
2022-02-16T17:30:33Z,98.0,Charge 4
2022-02-16T17:30:38Z,99.0,Charge 4
2022-02-16T17:30:43Z,100.0,Charge 4
2022-02-16T17:30:48Z,98.0,Charge 4
2022-02-16T17:30:53Z,103.0,Charge 4
2022-02-16T17:30:58Z,104.0,Charge 4
2022-02-16T17:31:03Z,100.0,Charge 4
2022-02-16T17:31:08Z,95.0,Charge 4
2022-02-16T17:31:13Z,92.0,Charge 4
2022-02-16T17:31:18Z,94.0,Charge 4
2022-02-16T17:31:23Z,98.0,Charge 4
2022-02-16T17:31:28Z,100.0,Charge 4
2022-02-16T17:31:33Z,103.0,Charge 4
2022-02-16T17:31:38Z,102.0,Charge 4
2022-02-16T17:31:43Z,100.0,Charge 4
2022-02-16T17:31:48Z,99.0,Charge 4
2022-02-16T17:31:53Z,97.0,Charge 4
2022-02-16T17:31:58Z,96.0,Charge 4
2022-02-16T17:32:08Z,95.0,Charge 4
2022-02-16T17:32:13Z,93.0,Charge 4
2022-02-16T17:32:23Z,100.0,Charge 4
2022-02-16T17:32:28Z,99.0,Charge 4
2022-02-16T17:32:33Z,106.0,Charge 4
2022-02-16T17:32:38Z,113.0,Charge 4
2022-02-16T17:32:43Z,111.0,Charge 4
2022-02-16T17:32:53Z,112.0,Charge 4
2022-02-16T17:32:58Z,110.0,Charge 4
2022-02-16T17:33:08Z,112.0,Charge 4
2022-02-16T17:33:18Z,113.0,Charge 4
2022-02-16T17:33:28Z,109.0,Charge 4
2022-02-16T17:33:33Z,104.0,Charge 4
2022-02-16T17:33:38Z,100.0,Charge 4
2022-02-16T17:33:43Z,96.0,Charge 4
2022-02-16T17:33:48Z,93.0,Charge 4
2022-02-16T17:33:57Z,99.0,Charge 4
2022-02-16T17:34:02Z,100.0,Charge 4
2022-02-16T17:34:07Z,98.0,Charge 4
2022-02-16T17:34:12Z,100.0,Charge 4
2022-02-16T17:34:27Z,99.0,Charge 4
2022-02-16T17:34:37Z,100.0,Charge 4
2022-02-16T17:34:42Z,99.0,Charge 4
2022-02-16T17:34:47Z,98.0,Charge 4
2022-02-16T17:34:52Z,95.0,Charge 4
2022-02-16T17:34:57Z,94.0,Charge 4
2022-02-16T17:35:02Z,93.0,Charge 4
2022-02-16T17:35:07Z,94.0,Charge 4
2022-02-16T17:35:22Z,92.0,Charge 4
2022-02-16T17:35:27Z,91.0,Charge 4
2022-02-16T17:35:37Z,89.0,Charge 4
2022-02-16T17:35:42Z,88.0,Charge 4
2022-02-16T17:35:47Z,89.0,Charge 4
2022-02-16T17:35:52Z,90.0,Charge 4
2022-02-16T17:36:07Z,89.0,Charge 4
2022-02-16T17:36:17Z,90.0,Charge 4
2022-02-16T17:36:22Z,93.0,Charge 4
2022-02-16T17:36:27Z,96.0,Charge 4
2022-02-16T17:36:42Z,98.0,Charge 4
2022-02-16T17:36:47Z,92.0,Charge 4
2022-02-16T17:36:52Z,90.0,Charge 4
2022-02-16T17:36:57Z,91.0,Charge 4
2022-02-16T17:37:07Z,90.0,Charge 4
2022-02-16T17:37:12Z,89.0,Charge 4
2022-02-16T17:37:22Z,92.0,Charge 4
2022-02-16T17:37:27Z,97.0,Charge 4
2022-02-16T17:37:32Z,96.0,Charge 4
2022-02-16T17:37:37Z,95.0,Charge 4
2022-02-16T17:37:52Z,95.0,Charge 4
2022-02-16T17:37:57Z,98.0,Charge 4
2022-02-16T17:38:02Z,97.0,Charge 4
2022-02-16T17:38:12Z,96.0,Charge 4
2022-02-16T17:38:17Z,94.0,Charge 4
2022-02-16T17:38:22Z,88.0,Charge 4
2022-02-16T17:38:32Z,87.0,Charge 4
2022-02-16T17:38:47Z,87.0,Charge 4
2022-02-16T17:38:57Z,83.0,Charge 4
2022-02-16T17:39:02Z,80.0,Charge 4
2022-02-16T17:39:07Z,81.0,Charge 4
2022-02-16T17:39:22Z,81.0,Charge 4
2022-02-16T17:39:32Z,83.0,Charge 4
2022-02-16T17:39:37Z,84.0,Charge 4
2022-02-16T17:39:42Z,83.0,Charge 4
2022-02-16T17:39:47Z,82.0,Charge 4
2022-02-16T17:39:57Z,83.0,Charge 4
2022-02-16T17:40:07Z,84.0,Charge 4
2022-02-16T17:40:12Z,83.0,Charge 4
2022-02-16T17:40:17Z,84.0,Charge 4
2022-02-16T17:40:27Z,85.0,Charge 4
2022-02-16T17:40:33Z,86.0,Charge 4
2022-02-16T17:40:38Z,85.0,Charge 4
2022-02-16T17:40:48Z,86.0,Charge 4
2022-02-16T17:40:53Z,87.0,Charge 4
2022-02-16T17:41:08Z,87.0,Charge 4
2022-02-16T17:41:18Z,88.0,Charge 4
2022-02-16T17:41:23Z,87.0,Charge 4
2022-02-16T17:41:38Z,87.0,Charge 4
2022-02-16T17:41:48Z,87.0,Charge 4
2022-02-16T17:41:53Z,88.0,Charge 4
2022-02-16T17:41:58Z,88.0,Charge 4
2022-02-16T17:42:03Z,87.0,Charge 4
2022-02-16T17:42:08Z,86.0,Charge 4
2022-02-16T17:42:13Z,85.0,Charge 4
2022-02-16T17:42:28Z,85.0,Charge 4
2022-02-16T17:42:43Z,83.0,Charge 4
2022-02-16T17:42:48Z,82.0,Charge 4
2022-02-16T17:43:03Z,83.0,Charge 4
2022-02-16T17:43:08Z,84.0,Charge 4
2022-02-16T17:43:13Z,83.0,Charge 4
2022-02-16T17:43:23Z,82.0,Charge 4
2022-02-16T17:43:28Z,83.0,Charge 4
2022-02-16T17:43:33Z,82.0,Charge 4
2022-02-16T17:43:38Z,82.0,Charge 4
2022-02-16T17:43:43Z,83.0,Charge 4
2022-02-16T17:43:58Z,84.0,Charge 4
2022-02-16T17:44:03Z,83.0,Charge 4
2022-02-16T17:44:08Z,83.0,Charge 4
2022-02-16T17:44:13Z,83.0,Charge 4
2022-02-16T17:44:18Z,83.0,Charge 4
2022-02-16T17:44:23Z,84.0,Charge 4
2022-02-16T17:44:38Z,84.0,Charge 4
2022-02-16T17:44:53Z,84.0,Charge 4
2022-02-16T17:45:08Z,84.0,Charge 4
2022-02-16T17:45:18Z,85.0,Charge 4
2022-02-16T17:45:23Z,88.0,Charge 4
2022-02-16T17:45:28Z,87.0,Charge 4
2022-02-16T17:45:33Z,87.0,Charge 4
2022-02-16T17:45:43Z,88.0,Charge 4
2022-02-16T17:45:48Z,87.0,Charge 4
2022-02-16T17:46:03Z,87.0,Charge 4
2022-02-16T17:46:08Z,88.0,Charge 4
2022-02-16T17:46:23Z,88.0,Charge 4
2022-02-16T17:46:33Z,87.0,Charge 4
2022-02-16T17:46:48Z,87.0,Charge 4
2022-02-16T17:47:03Z,87.0,Charge 4
2022-02-16T17:47:13Z,87.0,Charge 4
2022-02-16T17:47:28Z,87.0,Charge 4
2022-02-16T17:47:43Z,86.0,Charge 4
2022-02-16T17:47:48Z,88.0,Charge 4
2022-02-16T17:47:53Z,92.0,Charge 4
2022-02-16T17:47:58Z,89.0,Charge 4
2022-02-16T17:48:05Z,87.0,Charge 4
2022-02-16T17:48:10Z,86.0,Charge 4
2022-02-16T17:48:20Z,87.0,Charge 4
2022-02-16T17:48:25Z,88.0,Charge 4
2022-02-16T17:48:35Z,87.0,Charge 4
2022-02-16T17:48:50Z,87.0,Charge 4
2022-02-16T17:49:00Z,86.0,Charge 4
2022-02-16T17:49:15Z,86.0,Charge 4
2022-02-16T17:49:30Z,85.0,Charge 4
2022-02-16T17:51:51Z,85.0,Charge 4
2022-02-16T17:52:01Z,86.0,Charge 4
2022-02-16T17:52:06Z,86.0,Charge 4
2022-02-16T17:52:11Z,87.0,Charge 4
2022-02-16T17:52:16Z,87.0,Charge 4
2022-02-16T17:52:26Z,88.0,Charge 4
2022-02-16T17:52:41Z,88.0,Charge 4
2022-02-16T17:52:56Z,88.0,Charge 4
2022-02-16T17:53:11Z,88.0,Charge 4
2022-02-16T17:53:26Z,88.0,Charge 4
2022-02-16T17:53:31Z,86.0,Charge 4
2022-02-16T17:53:41Z,85.0,Charge 4
2022-02-16T17:53:56Z,85.0,Charge 4
2022-02-16T17:54:11Z,84.0,Charge 4
2022-02-16T17:54:26Z,84.0,Charge 4
2022-02-16T17:54:31Z,83.0,Charge 4
2022-02-16T17:54:46Z,83.0,Charge 4
2022-02-16T17:55:01Z,83.0,Charge 4
2022-02-16T17:55:16Z,84.0,Charge 4
2022-02-16T17:55:31Z,84.0,Charge 4
2022-02-16T17:55:36Z,84.0,Charge 4
2022-02-16T17:55:51Z,84.0,Charge 4
2022-02-16T17:56:06Z,84.0,Charge 4
2022-02-16T17:56:21Z,83.0,Charge 4
2022-02-16T17:56:36Z,83.0,Charge 4
2022-02-16T17:56:46Z,82.0,Charge 4
2022-02-16T17:56:51Z,80.0,Charge 4
2022-02-16T17:56:56Z,80.0,Charge 4
2022-02-16T17:57:01Z,81.0,Charge 4
2022-02-16T17:57:16Z,81.0,Charge 4
2022-02-16T17:57:31Z,81.0,Charge 4
2022-02-16T17:57:46Z,81.0,Charge 4
2022-02-16T17:58:01Z,81.0,Charge 4
2022-02-16T17:58:11Z,81.0,Charge 4
2022-02-16T17:58:26Z,80.0,Charge 4
2022-02-16T17:58:41Z,81.0,Charge 4
2022-02-16T17:58:56Z,81.0,Charge 4
2022-02-16T17:59:11Z,81.0,Charge 4
2022-02-16T17:59:16Z,83.0,Charge 4
2022-02-16T17:59:26Z,84.0,Charge 4
2022-02-16T17:59:31Z,85.0,Charge 4
2022-02-16T17:59:36Z,85.0,Charge 4
2022-02-16T17:59:51Z,85.0,Charge 4
2022-02-16T18:00:06Z,85.0,Charge 4
2022-02-16T18:00:11Z,84.0,Charge 4
2022-02-16T18:00:16Z,85.0,Charge 4
2022-02-16T18:00:31Z,85.0,Charge 4
2022-02-16T18:00:36Z,85.0,Charge 4
2022-02-16T18:00:51Z,85.0,Charge 4
2022-02-16T18:00:56Z,86.0,Charge 4
2022-02-16T18:01:01Z,87.0,Charge 4
2022-02-16T18:01:06Z,88.0,Charge 4
2022-02-16T18:01:11Z,87.0,Charge 4
2022-02-16T18:01:26Z,87.0,Charge 4
2022-02-16T18:01:31Z,87.0,Charge 4
2022-02-16T18:01:46Z,87.0,Charge 4
2022-02-16T18:01:56Z,86.0,Charge 4
2022-02-16T18:02:11Z,85.0,Charge 4
2022-02-16T18:02:16Z,84.0,Charge 4
2022-02-16T18:02:31Z,84.0,Charge 4
2022-02-16T18:02:36Z,86.0,Charge 4
2022-02-16T18:02:46Z,85.0,Charge 4
2022-02-16T18:02:51Z,86.0,Charge 4
2022-02-16T18:03:06Z,86.0,Charge 4
2022-02-16T18:03:21Z,87.0,Charge 4
2022-02-16T18:03:36Z,86.0,Charge 4
2022-02-16T18:03:41Z,87.0,Charge 4
2022-02-16T18:03:56Z,87.0,Charge 4
2022-02-16T18:04:11Z,87.0,Charge 4
2022-02-16T18:05:15Z,82.0,Charge 4
2022-02-16T18:05:30Z,83.0,Charge 4
2022-02-16T18:05:35Z,84.0,Charge 4
2022-02-16T18:05:50Z,85.0,Charge 4
2022-02-16T18:06:05Z,86.0,Charge 4
2022-02-16T18:06:20Z,86.0,Charge 4
2022-02-16T18:06:25Z,85.0,Charge 4
2022-02-16T18:06:35Z,86.0,Charge 4
2022-02-16T18:06:40Z,85.0,Charge 4
2022-02-16T18:06:55Z,85.0,Charge 4
2022-02-16T18:07:00Z,86.0,Charge 4
2022-02-16T18:07:15Z,86.0,Charge 4
2022-02-16T18:07:25Z,86.0,Charge 4
2022-02-16T18:07:30Z,86.0,Charge 4
2022-02-16T18:07:35Z,83.0,Charge 4
2022-02-16T18:07:40Z,82.0,Charge 4
2022-02-16T18:07:55Z,82.0,Charge 4
2022-02-16T18:08:05Z,83.0,Charge 4
2022-02-16T18:08:20Z,84.0,Charge 4
2022-02-16T18:08:25Z,86.0,Charge 4
2022-02-16T18:08:35Z,85.0,Charge 4
2022-02-16T18:08:40Z,86.0,Charge 4
2022-02-16T18:08:55Z,86.0,Charge 4
2022-02-16T18:09:10Z,86.0,Charge 4
2022-02-16T18:09:25Z,86.0,Charge 4
2022-02-16T18:09:30Z,84.0,Charge 4
2022-02-16T18:09:35Z,84.0,Charge 4
2022-02-16T18:09:40Z,85.0,Charge 4
2022-02-16T18:09:55Z,85.0,Charge 4
2022-02-16T18:10:05Z,86.0,Charge 4
2022-02-16T18:10:10Z,87.0,Charge 4
2022-02-16T18:10:15Z,86.0,Charge 4
2022-02-16T18:10:30Z,86.0,Charge 4
2022-02-16T18:10:45Z,86.0,Charge 4
2022-02-16T18:11:00Z,87.0,Charge 4
2022-02-16T18:11:10Z,89.0,Charge 4
2022-02-16T18:11:20Z,88.0,Charge 4
2022-02-16T18:11:35Z,88.0,Charge 4
2022-02-16T18:11:50Z,84.0,Charge 4
2022-02-16T18:12:05Z,84.0,Charge 4
2022-02-16T18:12:10Z,85.0,Charge 4
2022-02-16T18:12:15Z,86.0,Charge 4
2022-02-16T18:12:20Z,87.0,Charge 4
2022-02-16T18:12:35Z,87.0,Charge 4
2022-02-16T18:12:50Z,87.0,Charge 4
2022-02-16T18:13:00Z,86.0,Charge 4
2022-02-16T18:13:05Z,84.0,Charge 4
2022-02-16T18:13:10Z,83.0,Charge 4
2022-02-16T18:13:20Z,85.0,Charge 4
2022-02-16T18:13:25Z,84.0,Charge 4
2022-02-16T18:13:40Z,84.0,Charge 4
2022-02-16T18:13:41Z,84.0,Charge 4
2022-02-16T18:13:46Z,85.0,Charge 4
2022-02-16T18:13:51Z,86.0,Charge 4
2022-02-16T18:14:06Z,88.0,Charge 4
2022-02-16T18:14:11Z,88.0,Charge 4
2022-02-16T18:14:26Z,89.0,Charge 4
2022-02-16T18:14:41Z,89.0,Charge 4
2022-02-16T18:14:56Z,89.0,Charge 4
2022-02-16T18:15:11Z,88.0,Charge 4
2022-02-16T18:15:26Z,88.0,Charge 4
2022-02-16T18:15:36Z,89.0,Charge 4
2022-02-16T18:15:46Z,90.0,Charge 4
2022-02-16T18:15:51Z,88.0,Charge 4
2022-02-16T18:15:56Z,87.0,Charge 4
2022-02-16T18:16:11Z,87.0,Charge 4
2022-02-16T18:16:16Z,88.0,Charge 4
2022-02-16T18:16:21Z,89.0,Charge 4
2022-02-16T18:16:26Z,88.0,Charge 4
2022-02-16T18:16:41Z,88.0,Charge 4
2022-02-16T18:16:56Z,88.0,Charge 4
2022-02-16T18:17:11Z,88.0,Charge 4
2022-02-16T18:17:26Z,88.0,Charge 4
2022-02-16T18:17:36Z,89.0,Charge 4
2022-02-16T18:17:41Z,90.0,Charge 4
2022-02-16T18:17:46Z,92.0,Charge 4
2022-02-16T18:18:01Z,92.0,Charge 4
2022-02-16T18:18:11Z,89.0,Charge 4
2022-02-16T18:18:16Z,89.0,Charge 4
2022-02-16T18:18:21Z,88.0,Charge 4
2022-02-16T18:18:26Z,87.0,Charge 4
2022-02-16T18:18:36Z,89.0,Charge 4
2022-02-16T18:18:41Z,89.0,Charge 4
2022-02-16T18:18:46Z,87.0,Charge 4
2022-02-16T18:18:51Z,85.0,Charge 4
2022-02-16T18:18:56Z,85.0,Charge 4
2022-02-16T18:19:01Z,87.0,Charge 4
2022-02-16T18:19:06Z,88.0,Charge 4
2022-02-16T18:19:11Z,89.0,Charge 4
2022-02-16T18:19:16Z,89.0,Charge 4
2022-02-16T18:19:21Z,89.0,Charge 4
2022-02-16T18:19:26Z,88.0,Charge 4
2022-02-16T18:19:31Z,87.0,Charge 4
2022-02-16T18:19:41Z,88.0,Charge 4
2022-02-16T18:19:46Z,89.0,Charge 4
2022-02-16T18:19:56Z,88.0,Charge 4
2022-02-16T18:20:01Z,87.0,Charge 4
2022-02-16T18:20:06Z,88.0,Charge 4
2022-02-16T18:20:21Z,88.0,Charge 4
2022-02-16T18:20:26Z,89.0,Charge 4
2022-02-16T18:20:41Z,88.0,Charge 4
2022-02-16T18:20:46Z,87.0,Charge 4
2022-02-16T18:20:51Z,86.0,Charge 4
2022-02-16T18:20:56Z,84.0,Charge 4
2022-02-16T18:21:01Z,85.0,Charge 4
2022-02-16T18:21:06Z,84.0,Charge 4
2022-02-16T18:21:11Z,85.0,Charge 4
2022-02-16T18:21:16Z,86.0,Charge 4
2022-02-16T18:21:31Z,87.0,Charge 4
2022-02-16T18:21:41Z,88.0,Charge 4
2022-02-16T18:21:46Z,89.0,Charge 4
2022-02-16T18:22:01Z,89.0,Charge 4
2022-02-16T18:22:06Z,89.0,Charge 4
2022-02-16T18:22:11Z,87.0,Charge 4
2022-02-16T18:22:16Z,87.0,Charge 4
2022-02-16T18:22:31Z,87.0,Charge 4
2022-02-16T18:22:36Z,89.0,Charge 4
2022-02-16T18:22:41Z,89.0,Charge 4
2022-02-16T18:22:46Z,89.0,Charge 4
2022-02-16T18:22:51Z,88.0,Charge 4
2022-02-16T18:23:01Z,85.0,Charge 4
2022-02-16T18:23:16Z,85.0,Charge 4
2022-02-16T18:23:21Z,85.0,Charge 4
2022-02-16T18:23:26Z,87.0,Charge 4
2022-02-16T18:23:36Z,88.0,Charge 4
2022-02-16T18:23:46Z,90.0,Charge 4
2022-02-16T18:23:51Z,91.0,Charge 4
2022-02-16T18:24:06Z,91.0,Charge 4
2022-02-16T18:24:11Z,89.0,Charge 4
2022-02-16T18:24:16Z,88.0,Charge 4
2022-02-16T18:24:31Z,88.0,Charge 4
2022-02-16T18:24:32Z,88.0,Charge 4
2022-02-16T18:24:47Z,88.0,Charge 4
2022-02-16T18:24:52Z,87.0,Charge 4
2022-02-16T18:25:02Z,88.0,Charge 4
2022-02-16T18:25:07Z,89.0,Charge 4
2022-02-16T18:25:12Z,90.0,Charge 4
2022-02-16T18:25:17Z,89.0,Charge 4
2022-02-16T18:25:22Z,87.0,Charge 4
2022-02-16T18:25:27Z,85.0,Charge 4
2022-02-16T18:25:42Z,85.0,Charge 4
2022-02-16T18:25:52Z,86.0,Charge 4
2022-02-16T18:25:57Z,87.0,Charge 4
2022-02-16T18:26:02Z,87.0,Charge 4
2022-02-16T18:26:17Z,87.0,Charge 4
2022-02-16T18:26:32Z,87.0,Charge 4
2022-02-16T18:26:37Z,88.0,Charge 4
2022-02-16T18:26:52Z,87.0,Charge 4
2022-02-16T18:26:57Z,88.0,Charge 4
2022-02-16T18:27:07Z,89.0,Charge 4
2022-02-16T18:27:12Z,89.0,Charge 4
2022-02-16T18:27:17Z,89.0,Charge 4
2022-02-16T18:27:27Z,88.0,Charge 4
2022-02-16T18:27:32Z,87.0,Charge 4
2022-02-16T18:27:42Z,88.0,Charge 4
2022-02-16T18:27:47Z,87.0,Charge 4
2022-02-16T18:28:02Z,86.0,Charge 4
2022-02-16T18:28:07Z,86.0,Charge 4
2022-02-16T18:28:12Z,86.0,Charge 4
2022-02-16T18:28:27Z,86.0,Charge 4
2022-02-16T18:28:42Z,88.0,Charge 4
2022-02-16T18:28:47Z,88.0,Charge 4
2022-02-16T18:29:02Z,88.0,Charge 4
2022-02-16T18:29:07Z,87.0,Charge 4
2022-02-16T18:29:22Z,87.0,Charge 4
2022-02-16T18:29:37Z,87.0,Charge 4
2022-02-16T18:29:47Z,87.0,Charge 4
2022-02-16T18:29:52Z,86.0,Charge 4
2022-02-16T18:30:07Z,86.0,Charge 4
2022-02-16T18:30:12Z,88.0,Charge 4
2022-02-16T18:30:17Z,89.0,Charge 4
2022-02-16T18:30:27Z,88.0,Charge 4
2022-02-16T18:30:42Z,88.0,Charge 4
2022-02-16T18:30:52Z,87.0,Charge 4
2022-02-16T18:31:07Z,87.0,Charge 4
2022-02-16T18:31:12Z,86.0,Charge 4
2022-02-16T18:31:17Z,85.0,Charge 4
2022-02-16T18:31:32Z,85.0,Charge 4
2022-02-16T18:31:42Z,88.0,Charge 4
2022-02-16T18:31:52Z,89.0,Charge 4
2022-02-16T18:31:57Z,90.0,Charge 4
2022-02-16T18:32:02Z,89.0,Charge 4
2022-02-16T18:32:07Z,88.0,Charge 4
2022-02-16T18:32:22Z,88.0,Charge 4
2022-02-16T18:32:37Z,87.0,Charge 4
2022-02-16T18:32:42Z,85.0,Charge 4
2022-02-16T18:32:47Z,84.0,Charge 4
2022-02-16T18:33:02Z,84.0,Charge 4
2022-02-16T18:33:07Z,84.0,Charge 4
2022-02-16T18:33:12Z,85.0,Charge 4
2022-02-16T18:33:27Z,85.0,Charge 4
2022-02-16T18:33:32Z,86.0,Charge 4
2022-02-16T18:33:47Z,86.0,Charge 4
2022-02-16T18:33:57Z,87.0,Charge 4
2022-02-16T18:34:12Z,87.0,Charge 4
2022-02-16T18:34:22Z,87.0,Charge 4
2022-02-16T18:34:27Z,84.0,Charge 4
2022-02-16T18:34:32Z,82.0,Charge 4
2022-02-16T18:34:37Z,84.0,Charge 4
2022-02-16T18:34:47Z,85.0,Charge 4
2022-02-16T18:34:57Z,86.0,Charge 4
2022-02-16T18:35:02Z,87.0,Charge 4
2022-02-16T18:35:07Z,86.0,Charge 4
2022-02-16T18:35:12Z,85.0,Charge 4
2022-02-16T18:35:22Z,86.0,Charge 4
2022-02-16T18:35:37Z,86.0,Charge 4
2022-02-16T18:35:42Z,87.0,Charge 4
2022-02-16T18:35:47Z,86.0,Charge 4
2022-02-16T18:35:52Z,85.0,Charge 4
2022-02-16T18:36:02Z,86.0,Charge 4
2022-02-16T18:36:17Z,91.0,Charge 4
2022-02-16T18:36:27Z,90.0,Charge 4
2022-02-16T18:36:32Z,88.0,Charge 4
2022-02-16T18:36:37Z,88.0,Charge 4
2022-02-16T18:36:42Z,87.0,Charge 4
2022-02-16T18:36:52Z,88.0,Charge 4
2022-02-16T18:36:57Z,89.0,Charge 4
2022-02-16T18:37:02Z,91.0,Charge 4
2022-02-16T18:37:07Z,88.0,Charge 4
2022-02-16T18:37:12Z,88.0,Charge 4
2022-02-16T18:37:17Z,89.0,Charge 4
2022-02-16T18:37:27Z,88.0,Charge 4
2022-02-16T18:37:32Z,87.0,Charge 4
2022-02-16T18:37:37Z,86.0,Charge 4
2022-02-16T18:37:42Z,85.0,Charge 4
2022-02-16T18:37:57Z,85.0,Charge 4
2022-02-16T18:38:12Z,84.0,Charge 4
2022-02-16T18:38:27Z,84.0,Charge 4
2022-02-16T18:38:37Z,83.0,Charge 4
2022-02-16T18:38:52Z,83.0,Charge 4
2022-02-16T18:39:07Z,83.0,Charge 4
2022-02-16T18:39:22Z,84.0,Charge 4
2022-02-16T18:39:27Z,86.0,Charge 4
2022-02-16T18:39:32Z,87.0,Charge 4
2022-02-16T18:39:37Z,88.0,Charge 4
2022-02-16T18:39:52Z,88.0,Charge 4
2022-02-16T18:39:57Z,87.0,Charge 4
2022-02-16T18:40:03Z,86.0,Charge 4
2022-02-16T18:40:18Z,86.0,Charge 4
2022-02-16T18:40:28Z,86.0,Charge 4
2022-02-16T18:40:33Z,87.0,Charge 4
2022-02-16T18:40:38Z,87.0,Charge 4
2022-02-16T18:40:43Z,87.0,Charge 4
2022-02-16T18:40:53Z,88.0,Charge 4
2022-02-16T18:41:03Z,87.0,Charge 4
2022-02-16T18:41:08Z,87.0,Charge 4
2022-02-16T18:41:13Z,87.0,Charge 4
2022-02-16T18:41:18Z,86.0,Charge 4
2022-02-16T18:41:28Z,86.0,Charge 4
2022-02-16T18:41:33Z,86.0,Charge 4
2022-02-16T18:41:43Z,87.0,Charge 4
2022-02-16T18:41:58Z,87.0,Charge 4
2022-02-16T18:42:03Z,89.0,Charge 4
2022-02-16T18:42:18Z,89.0,Charge 4
2022-02-16T18:42:23Z,88.0,Charge 4
2022-02-16T18:42:38Z,88.0,Charge 4
2022-02-16T18:42:53Z,88.0,Charge 4
2022-02-16T18:43:08Z,88.0,Charge 4
2022-02-16T18:43:23Z,88.0,Charge 4
2022-02-16T18:43:28Z,87.0,Charge 4
2022-02-16T18:43:33Z,86.0,Charge 4
2022-02-16T18:43:38Z,85.0,Charge 4
2022-02-16T18:43:43Z,84.0,Charge 4
2022-02-16T18:43:58Z,85.0,Charge 4
2022-02-16T18:44:03Z,85.0,Charge 4
2022-02-16T18:44:13Z,86.0,Charge 4
2022-02-16T18:44:18Z,87.0,Charge 4
2022-02-16T18:44:28Z,86.0,Charge 4
2022-02-16T18:44:43Z,86.0,Charge 4
2022-02-16T18:44:53Z,87.0,Charge 4
2022-02-16T18:44:58Z,88.0,Charge 4
2022-02-16T18:45:13Z,88.0,Charge 4
2022-02-16T18:45:28Z,89.0,Charge 4
2022-02-16T18:45:43Z,88.0,Charge 4
2022-02-16T18:45:48Z,87.0,Charge 4
2022-02-16T18:45:53Z,86.0,Charge 4
2022-02-16T18:46:03Z,87.0,Charge 4
2022-02-16T18:46:08Z,86.0,Charge 4
2022-02-16T18:46:23Z,86.0,Charge 4
2022-02-16T18:46:33Z,87.0,Charge 4
2022-02-16T18:46:48Z,88.0,Charge 4
2022-02-16T18:47:03Z,87.0,Charge 4
2022-02-16T18:47:08Z,87.0,Charge 4
2022-02-16T18:47:13Z,86.0,Charge 4
2022-02-16T18:47:23Z,87.0,Charge 4
2022-02-16T18:47:38Z,86.0,Charge 4
2022-02-16T18:47:53Z,86.0,Charge 4
2022-02-16T18:47:58Z,84.0,Charge 4
2022-02-16T18:48:08Z,85.0,Charge 4
2022-02-16T18:48:13Z,84.0,Charge 4
2022-02-16T18:48:20Z,85.0,Charge 4
2022-02-16T18:48:35Z,85.0,Charge 4
2022-02-16T18:48:50Z,85.0,Charge 4
2022-02-16T18:48:55Z,87.0,Charge 4
2022-02-16T18:49:10Z,87.0,Charge 4
2022-02-16T18:49:25Z,87.0,Charge 4
2022-02-16T18:49:40Z,87.0,Charge 4
2022-02-16T18:49:55Z,87.0,Charge 4
2022-02-16T18:50:00Z,88.0,Charge 4
2022-02-16T18:50:10Z,89.0,Charge 4
2022-02-16T18:50:20Z,88.0,Charge 4
2022-02-16T18:50:30Z,86.0,Charge 4
2022-02-16T18:50:35Z,83.0,Charge 4
2022-02-16T18:50:40Z,82.0,Charge 4
2022-02-16T18:50:55Z,82.0,Charge 4
2022-02-16T18:51:00Z,83.0,Charge 4
2022-02-16T18:51:10Z,85.0,Charge 4
2022-02-16T18:51:15Z,89.0,Charge 4
2022-02-16T18:51:30Z,89.0,Charge 4
2022-02-16T18:51:45Z,89.0,Charge 4
2022-02-16T18:51:55Z,87.0,Charge 4
2022-02-16T18:52:00Z,88.0,Charge 4
2022-02-16T18:52:15Z,88.0,Charge 4
2022-02-16T18:52:30Z,87.0,Charge 4
2022-02-16T18:52:31Z,87.0,Charge 4
2022-02-16T18:52:46Z,87.0,Charge 4
2022-02-16T18:53:01Z,87.0,Charge 4
2022-02-16T18:53:11Z,87.0,Charge 4
2022-02-16T18:53:21Z,86.0,Charge 4
2022-02-16T18:53:31Z,87.0,Charge 4
2022-02-16T18:53:41Z,86.0,Charge 4
2022-02-16T18:53:51Z,87.0,Charge 4
2022-02-16T18:53:56Z,89.0,Charge 4
2022-02-16T18:54:06Z,88.0,Charge 4
2022-02-16T18:54:11Z,87.0,Charge 4
2022-02-16T18:54:21Z,87.0,Charge 4
2022-02-16T18:54:36Z,87.0,Charge 4
2022-02-16T18:54:41Z,85.0,Charge 4
2022-02-16T18:54:56Z,87.0,Charge 4
2022-02-16T18:55:01Z,88.0,Charge 4
2022-02-16T18:55:06Z,88.0,Charge 4
2022-02-16T18:55:16Z,89.0,Charge 4
2022-02-16T18:55:31Z,88.0,Charge 4
2022-02-16T18:55:36Z,86.0,Charge 4
2022-02-16T18:55:41Z,86.0,Charge 4
2022-02-16T18:55:56Z,87.0,Charge 4
2022-02-16T18:56:01Z,89.0,Charge 4
2022-02-16T18:56:06Z,88.0,Charge 4
2022-02-16T18:56:11Z,86.0,Charge 4
2022-02-16T18:56:16Z,86.0,Charge 4
2022-02-16T18:56:31Z,86.0,Charge 4
2022-02-16T18:56:36Z,86.0,Charge 4
2022-02-16T18:56:41Z,87.0,Charge 4
2022-02-16T18:56:46Z,86.0,Charge 4
2022-02-16T18:56:51Z,85.0,Charge 4
2022-02-16T18:57:06Z,85.0,Charge 4
2022-02-16T18:57:21Z,85.0,Charge 4
2022-02-16T18:57:26Z,85.0,Charge 4
2022-02-16T18:57:36Z,86.0,Charge 4
2022-02-16T18:57:41Z,86.0,Charge 4
2022-02-16T18:57:56Z,87.0,Charge 4
2022-02-16T18:58:06Z,88.0,Charge 4
2022-02-16T18:58:11Z,87.0,Charge 4
2022-02-16T18:58:16Z,86.0,Charge 4
2022-02-16T18:58:21Z,84.0,Charge 4
2022-02-16T18:58:31Z,86.0,Charge 4
2022-02-16T18:58:36Z,87.0,Charge 4
2022-02-16T18:58:51Z,87.0,Charge 4
2022-02-16T18:59:06Z,87.0,Charge 4
2022-02-16T18:59:11Z,88.0,Charge 4
2022-02-16T18:59:21Z,89.0,Charge 4
2022-02-16T18:59:26Z,90.0,Charge 4
2022-02-16T18:59:31Z,92.0,Charge 4
2022-02-16T18:59:36Z,94.0,Charge 4
2022-02-16T18:59:41Z,97.0,Charge 4
2022-02-16T18:59:46Z,100.0,Charge 4
2022-02-16T19:00:01Z,100.0,Charge 4
2022-02-16T19:00:06Z,99.0,Charge 4
2022-02-16T19:00:11Z,98.0,Charge 4
2022-02-16T19:00:16Z,95.0,Charge 4
2022-02-16T19:00:21Z,93.0,Charge 4
2022-02-16T19:00:26Z,91.0,Charge 4
2022-02-16T19:00:31Z,92.0,Charge 4
2022-02-16T19:00:36Z,96.0,Charge 4
2022-02-16T19:00:41Z,101.0,Charge 4
2022-02-16T19:00:46Z,99.0,Charge 4
2022-02-16T19:00:56Z,100.0,Charge 4
2022-02-16T19:01:01Z,102.0,Charge 4
2022-02-16T19:01:06Z,103.0,Charge 4
2022-02-16T19:01:11Z,102.0,Charge 4
2022-02-16T19:01:26Z,102.0,Charge 4
2022-02-16T19:01:31Z,98.0,Charge 4
2022-02-16T19:01:36Z,100.0,Charge 4
2022-02-16T19:01:41Z,102.0,Charge 4
2022-02-16T19:01:51Z,105.0,Charge 4
2022-02-16T19:01:56Z,106.0,Charge 4
2022-02-16T19:02:01Z,105.0,Charge 4
2022-02-16T19:02:06Z,105.0,Charge 4
2022-02-16T19:02:21Z,105.0,Charge 4
2022-02-16T19:02:26Z,103.0,Charge 4
2022-02-16T19:02:31Z,104.0,Charge 4
2022-02-16T19:02:36Z,106.0,Charge 4
2022-02-16T19:02:41Z,105.0,Charge 4
2022-02-16T19:02:46Z,103.0,Charge 4
2022-02-16T19:03:01Z,103.0,Charge 4
2022-02-16T19:03:02Z,99.0,Charge 4
2022-02-16T19:03:07Z,94.0,Charge 4
2022-02-16T19:03:12Z,92.0,Charge 4
2022-02-16T19:03:17Z,93.0,Charge 4
2022-02-16T19:03:22Z,92.0,Charge 4
2022-02-16T19:03:32Z,93.0,Charge 4
2022-02-16T19:03:42Z,92.0,Charge 4
2022-02-16T19:03:47Z,93.0,Charge 4
2022-02-16T19:03:52Z,94.0,Charge 4
2022-02-16T19:03:57Z,96.0,Charge 4
2022-02-16T19:04:02Z,97.0,Charge 4
2022-02-16T19:04:07Z,98.0,Charge 4
2022-02-16T19:04:12Z,97.0,Charge 4
2022-02-16T19:04:17Z,95.0,Charge 4
2022-02-16T19:04:22Z,94.0,Charge 4
2022-02-16T19:04:27Z,93.0,Charge 4
2022-02-16T19:04:37Z,92.0,Charge 4
2022-02-16T19:04:52Z,92.0,Charge 4
2022-02-16T19:05:02Z,93.0,Charge 4
2022-02-16T19:05:17Z,94.0,Charge 4
2022-02-16T19:05:27Z,93.0,Charge 4
2022-02-16T19:05:37Z,92.0,Charge 4
2022-02-16T19:05:47Z,91.0,Charge 4
2022-02-16T19:05:57Z,90.0,Charge 4
2022-02-16T19:06:07Z,91.0,Charge 4
2022-02-16T19:06:12Z,90.0,Charge 4
2022-02-16T19:06:27Z,90.0,Charge 4
2022-02-16T19:06:32Z,90.0,Charge 4
2022-02-16T19:06:37Z,84.0,Charge 4
2022-02-16T19:06:47Z,85.0,Charge 4
2022-02-16T19:06:57Z,86.0,Charge 4
2022-02-16T19:07:07Z,87.0,Charge 4
2022-02-16T19:07:12Z,86.0,Charge 4
2022-02-16T19:07:27Z,87.0,Charge 4
2022-02-16T19:07:37Z,88.0,Charge 4
2022-02-16T19:07:52Z,88.0,Charge 4
2022-02-16T19:08:07Z,88.0,Charge 4
2022-02-16T19:08:22Z,88.0,Charge 4
2022-02-16T19:08:27Z,89.0,Charge 4
2022-02-16T19:08:42Z,89.0,Charge 4
2022-02-16T19:08:57Z,90.0,Charge 4
2022-02-16T19:09:12Z,90.0,Charge 4
2022-02-16T19:09:22Z,91.0,Charge 4
2022-02-16T19:09:37Z,91.0,Charge 4
2022-02-16T19:09:52Z,91.0,Charge 4
2022-02-16T19:10:02Z,89.0,Charge 4
2022-02-16T19:10:07Z,88.0,Charge 4
2022-02-16T19:10:22Z,88.0,Charge 4
2022-02-16T19:10:32Z,89.0,Charge 4
2022-02-16T19:10:47Z,90.0,Charge 4
2022-02-16T19:11:02Z,90.0,Charge 4
2022-02-16T19:11:12Z,89.0,Charge 4
2022-02-16T19:11:22Z,92.0,Charge 4
2022-02-16T19:11:27Z,93.0,Charge 4
2022-02-16T19:11:33Z,93.0,Charge 4
2022-02-16T19:11:48Z,93.0,Charge 4
2022-02-16T19:12:03Z,92.0,Charge 4
2022-02-16T19:12:18Z,89.0,Charge 4
2022-02-16T19:12:23Z,86.0,Charge 4
2022-02-16T19:12:33Z,87.0,Charge 4
2022-02-16T19:12:38Z,88.0,Charge 4
2022-02-16T19:12:53Z,88.0,Charge 4
2022-02-16T19:12:58Z,89.0,Charge 4
2022-02-16T19:13:08Z,90.0,Charge 4
2022-02-16T19:13:18Z,91.0,Charge 4
2022-02-16T19:13:33Z,91.0,Charge 4
2022-02-16T19:13:38Z,90.0,Charge 4
2022-02-16T19:13:53Z,90.0,Charge 4
2022-02-16T19:14:08Z,88.0,Charge 4
2022-02-16T19:14:13Z,87.0,Charge 4
2022-02-16T19:14:18Z,88.0,Charge 4
2022-02-16T19:14:23Z,88.0,Charge 4
2022-02-16T19:14:33Z,89.0,Charge 4
2022-02-16T19:14:48Z,89.0,Charge 4
2022-02-16T19:14:53Z,90.0,Charge 4
2022-02-16T19:14:58Z,91.0,Charge 4
2022-02-16T19:15:13Z,91.0,Charge 4
2022-02-16T19:15:28Z,91.0,Charge 4
2022-02-16T19:15:43Z,90.0,Charge 4
2022-02-16T19:15:58Z,90.0,Charge 4
2022-02-16T19:16:03Z,90.0,Charge 4
2022-02-16T19:16:13Z,92.0,Charge 4
2022-02-16T19:16:18Z,93.0,Charge 4
2022-02-16T19:16:33Z,93.0,Charge 4
2022-02-16T19:16:38Z,95.0,Charge 4
2022-02-16T19:16:53Z,94.0,Charge 4
2022-02-16T19:16:58Z,93.0,Charge 4
2022-02-16T19:17:03Z,93.0,Charge 4
2022-02-16T19:17:08Z,94.0,Charge 4
2022-02-16T19:17:13Z,93.0,Charge 4
2022-02-16T19:17:23Z,93.0,Charge 4
2022-02-16T19:17:38Z,93.0,Charge 4
2022-02-16T19:17:53Z,93.0,Charge 4
2022-02-16T19:18:03Z,94.0,Charge 4
2022-02-16T19:18:18Z,94.0,Charge 4
2022-02-16T19:18:23Z,93.0,Charge 4
2022-02-16T19:18:38Z,93.0,Charge 4
2022-02-16T19:18:53Z,93.0,Charge 4
2022-02-16T19:18:58Z,85.0,Charge 4
2022-02-16T19:19:03Z,86.0,Charge 4
2022-02-16T19:19:08Z,87.0,Charge 4
2022-02-16T19:19:13Z,88.0,Charge 4
2022-02-16T19:19:18Z,89.0,Charge 4
2022-02-16T19:19:28Z,88.0,Charge 4
2022-02-16T19:19:38Z,82.0,Charge 4
2022-02-16T19:19:48Z,85.0,Charge 4
2022-02-16T19:19:53Z,88.0,Charge 4
2022-02-16T19:20:01Z,87.0,Charge 4
2022-02-16T19:20:11Z,88.0,Charge 4
2022-02-16T19:20:16Z,89.0,Charge 4
2022-02-16T19:20:21Z,91.0,Charge 4
2022-02-16T19:20:31Z,93.0,Charge 4
2022-02-16T19:20:36Z,94.0,Charge 4
2022-02-16T19:20:51Z,94.0,Charge 4
2022-02-16T19:20:56Z,93.0,Charge 4
2022-02-16T19:21:01Z,93.0,Charge 4
2022-02-16T19:21:06Z,93.0,Charge 4
2022-02-16T19:21:16Z,92.0,Charge 4
2022-02-16T19:21:21Z,93.0,Charge 4
2022-02-16T19:21:36Z,94.0,Charge 4
2022-02-16T19:21:41Z,93.0,Charge 4
2022-02-16T19:21:46Z,92.0,Charge 4
2022-02-16T19:22:01Z,92.0,Charge 4
2022-02-16T19:22:11Z,94.0,Charge 4
2022-02-16T19:22:16Z,96.0,Charge 4
2022-02-16T19:22:21Z,97.0,Charge 4
2022-02-16T19:22:36Z,97.0,Charge 4
2022-02-16T19:22:41Z,96.0,Charge 4
2022-02-16T19:22:56Z,96.0,Charge 4
2022-02-16T19:23:01Z,95.0,Charge 4
2022-02-16T19:23:06Z,96.0,Charge 4
2022-02-16T19:23:11Z,95.0,Charge 4
2022-02-16T19:23:16Z,94.0,Charge 4
2022-02-16T19:23:26Z,93.0,Charge 4
2022-02-16T19:23:31Z,93.0,Charge 4
2022-02-16T19:23:41Z,92.0,Charge 4
2022-02-16T19:23:46Z,93.0,Charge 4
2022-02-16T19:23:51Z,94.0,Charge 4
2022-02-16T19:24:01Z,93.0,Charge 4
2022-02-16T19:24:06Z,92.0,Charge 4
2022-02-16T19:24:21Z,92.0,Charge 4
2022-02-16T19:24:26Z,91.0,Charge 4
2022-02-16T19:24:36Z,92.0,Charge 4
2022-02-16T19:24:51Z,93.0,Charge 4
2022-02-16T19:24:56Z,91.0,Charge 4
2022-02-16T19:25:06Z,91.0,Charge 4
2022-02-16T19:25:11Z,90.0,Charge 4
2022-02-16T19:25:26Z,90.0,Charge 4
2022-02-16T19:25:31Z,91.0,Charge 4
2022-02-16T19:25:36Z,93.0,Charge 4
2022-02-16T19:25:41Z,93.0,Charge 4
2022-02-16T19:25:46Z,91.0,Charge 4
2022-02-16T19:25:56Z,92.0,Charge 4
2022-02-16T19:26:01Z,91.0,Charge 4
2022-02-16T19:26:06Z,90.0,Charge 4
2022-02-16T19:26:11Z,91.0,Charge 4
2022-02-16T19:26:16Z,92.0,Charge 4
2022-02-16T19:26:21Z,93.0,Charge 4
2022-02-16T19:26:31Z,92.0,Charge 4
2022-02-16T19:26:46Z,91.0,Charge 4
2022-02-16T19:26:51Z,90.0,Charge 4
2022-02-16T19:26:56Z,89.0,Charge 4
2022-02-16T19:27:06Z,90.0,Charge 4
2022-02-16T19:27:11Z,91.0,Charge 4
2022-02-16T19:27:16Z,92.0,Charge 4
2022-02-16T19:27:21Z,93.0,Charge 4
2022-02-16T19:27:26Z,94.0,Charge 4
2022-02-16T19:27:31Z,94.0,Charge 4
2022-02-16T19:27:46Z,94.0,Charge 4
2022-02-16T19:27:56Z,92.0,Charge 4
2022-02-16T19:28:01Z,91.0,Charge 4
2022-02-16T19:28:06Z,90.0,Charge 4
2022-02-16T19:28:11Z,90.0,Charge 4
2022-02-16T19:28:21Z,91.0,Charge 4
2022-02-16T19:28:31Z,89.0,Charge 4
2022-02-16T19:28:46Z,89.0,Charge 4
2022-02-16T19:28:51Z,91.0,Charge 4
2022-02-16T19:28:56Z,92.0,Charge 4
2022-02-16T19:29:11Z,92.0,Charge 4
2022-02-16T19:29:16Z,91.0,Charge 4
2022-02-16T19:29:26Z,90.0,Charge 4
2022-02-16T19:29:31Z,91.0,Charge 4
2022-02-16T19:29:46Z,91.0,Charge 4
2022-02-16T19:30:01Z,91.0,Charge 4
2022-02-16T19:30:16Z,92.0,Charge 4
2022-02-16T19:30:31Z,92.0,Charge 4
2022-02-16T19:30:32Z,92.0,Charge 4
2022-02-16T19:30:42Z,93.0,Charge 4
2022-02-16T19:30:47Z,92.0,Charge 4
2022-02-16T19:30:52Z,90.0,Charge 4
2022-02-16T19:30:57Z,89.0,Charge 4
2022-02-16T19:31:12Z,90.0,Charge 4
2022-02-16T19:31:17Z,91.0,Charge 4
2022-02-16T19:31:27Z,90.0,Charge 4
2022-02-16T19:31:32Z,88.0,Charge 4
2022-02-16T19:31:47Z,88.0,Charge 4
2022-02-16T19:31:57Z,89.0,Charge 4
2022-02-16T19:32:02Z,91.0,Charge 4
2022-02-16T19:32:07Z,92.0,Charge 4
2022-02-16T19:32:17Z,88.0,Charge 4
2022-02-16T19:32:22Z,83.0,Charge 4
2022-02-16T19:32:27Z,85.0,Charge 4
2022-02-16T19:32:32Z,87.0,Charge 4
2022-02-16T19:32:37Z,88.0,Charge 4
2022-02-16T19:32:47Z,89.0,Charge 4
2022-02-16T19:32:52Z,88.0,Charge 4
2022-02-16T19:33:07Z,88.0,Charge 4
2022-02-16T19:33:22Z,89.0,Charge 4
2022-02-16T19:33:37Z,89.0,Charge 4
2022-02-16T19:33:42Z,90.0,Charge 4
2022-02-16T19:33:57Z,90.0,Charge 4
2022-02-16T19:34:07Z,91.0,Charge 4
2022-02-16T19:34:16Z,93.0,Charge 4
2022-02-16T19:34:21Z,94.0,Charge 4
2022-02-16T19:34:31Z,93.0,Charge 4
2022-02-16T19:34:36Z,91.0,Charge 4
2022-02-16T19:34:41Z,89.0,Charge 4
2022-02-16T19:34:46Z,90.0,Charge 4
2022-02-16T19:34:51Z,89.0,Charge 4
2022-02-16T19:34:56Z,90.0,Charge 4
2022-02-16T19:35:11Z,90.0,Charge 4
2022-02-16T19:35:16Z,92.0,Charge 4
2022-02-16T19:35:21Z,93.0,Charge 4
2022-02-16T19:35:36Z,93.0,Charge 4
2022-02-16T19:35:41Z,92.0,Charge 4
2022-02-16T19:35:46Z,91.0,Charge 4
2022-02-16T19:36:01Z,91.0,Charge 4
2022-02-16T19:36:16Z,90.0,Charge 4
2022-02-16T19:36:31Z,90.0,Charge 4
2022-02-16T19:36:36Z,92.0,Charge 4
2022-02-16T19:36:41Z,91.0,Charge 4
2022-02-16T19:36:56Z,91.0,Charge 4
2022-02-16T19:37:11Z,91.0,Charge 4
2022-02-16T19:37:16Z,91.0,Charge 4
2022-02-16T19:37:21Z,92.0,Charge 4
2022-02-16T19:37:31Z,92.0,Charge 4
2022-02-16T19:37:46Z,90.0,Charge 4
2022-02-16T19:37:51Z,91.0,Charge 4
2022-02-16T19:38:06Z,93.0,Charge 4
2022-02-16T19:38:11Z,94.0,Charge 4
2022-02-16T19:38:16Z,94.0,Charge 4
2022-02-16T19:38:21Z,93.0,Charge 4
2022-02-16T19:38:26Z,93.0,Charge 4
2022-02-16T19:38:41Z,93.0,Charge 4
2022-02-16T19:38:46Z,92.0,Charge 4
2022-02-16T19:38:51Z,92.0,Charge 4
2022-02-16T19:39:01Z,92.0,Charge 4
2022-02-16T19:39:16Z,92.0,Charge 4
2022-02-16T19:39:31Z,91.0,Charge 4
2022-02-16T19:39:36Z,91.0,Charge 4
2022-02-16T19:39:41Z,91.0,Charge 4
2022-02-16T19:39:56Z,91.0,Charge 4
2022-02-16T19:40:11Z,91.0,Charge 4
2022-02-16T19:40:16Z,92.0,Charge 4
2022-02-16T19:40:26Z,92.0,Charge 4
2022-02-16T19:40:36Z,91.0,Charge 4
2022-02-16T19:40:46Z,92.0,Charge 4
2022-02-16T19:40:51Z,92.0,Charge 4
2022-02-16T19:40:56Z,89.0,Charge 4
2022-02-16T19:41:06Z,92.0,Charge 4
2022-02-16T19:41:11Z,93.0,Charge 4
2022-02-16T19:41:16Z,94.0,Charge 4
2022-02-16T19:41:21Z,95.0,Charge 4
2022-02-16T19:41:36Z,94.0,Charge 4
2022-02-16T19:41:51Z,94.0,Charge 4
2022-02-16T19:42:01Z,94.0,Charge 4
2022-02-16T19:42:06Z,94.0,Charge 4
2022-02-16T19:42:11Z,93.0,Charge 4
2022-02-16T19:42:16Z,91.0,Charge 4
2022-02-16T19:42:31Z,91.0,Charge 4
2022-02-16T19:42:46Z,91.0,Charge 4
2022-02-16T19:42:51Z,91.0,Charge 4
2022-02-16T19:42:56Z,89.0,Charge 4
2022-02-16T19:43:01Z,88.0,Charge 4
2022-02-16T19:43:16Z,88.0,Charge 4
2022-02-16T19:43:26Z,90.0,Charge 4
2022-02-16T19:43:31Z,91.0,Charge 4
2022-02-16T19:43:41Z,92.0,Charge 4
2022-02-16T19:43:56Z,92.0,Charge 4
2022-02-16T19:44:11Z,92.0,Charge 4
2022-02-16T19:44:26Z,92.0,Charge 4
2022-02-16T19:44:41Z,92.0,Charge 4
2022-02-16T19:44:46Z,92.0,Charge 4
2022-02-16T19:45:01Z,92.0,Charge 4
2022-02-16T19:45:16Z,92.0,Charge 4
2022-02-16T19:45:21Z,91.0,Charge 4
2022-02-16T19:45:36Z,90.0,Charge 4
2022-02-16T19:45:41Z,89.0,Charge 4
2022-02-16T19:45:46Z,88.0,Charge 4
2022-02-16T19:46:01Z,88.0,Charge 4
2022-02-16T19:46:11Z,89.0,Charge 4
2022-02-16T19:46:21Z,88.0,Charge 4
2022-02-16T19:46:26Z,85.0,Charge 4
2022-02-16T19:46:31Z,84.0,Charge 4
2022-02-16T19:46:41Z,86.0,Charge 4
2022-02-16T19:46:51Z,86.0,Charge 4
2022-02-16T19:47:06Z,86.0,Charge 4
2022-02-16T19:47:21Z,85.0,Charge 4
2022-02-16T19:47:31Z,84.0,Charge 4
2022-02-16T19:47:41Z,85.0,Charge 4
2022-02-16T19:47:46Z,86.0,Charge 4
2022-02-16T19:47:51Z,85.0,Charge 4
2022-02-16T19:48:01Z,86.0,Charge 4
2022-02-16T19:48:11Z,87.0,Charge 4
2022-02-16T19:48:16Z,89.0,Charge 4
2022-02-16T19:48:21Z,88.0,Charge 4
2022-02-16T19:48:31Z,90.0,Charge 4
2022-02-16T19:48:46Z,90.0,Charge 4
2022-02-16T19:49:01Z,91.0,Charge 4
2022-02-16T19:49:06Z,93.0,Charge 4
2022-02-16T19:49:21Z,93.0,Charge 4
2022-02-16T19:49:26Z,91.0,Charge 4
2022-02-16T19:49:36Z,90.0,Charge 4
2022-02-16T19:49:51Z,90.0,Charge 4
2022-02-16T19:50:01Z,91.0,Charge 4
2022-02-16T19:50:16Z,91.0,Charge 4
2022-02-16T19:50:22Z,92.0,Charge 4
2022-02-16T19:50:37Z,92.0,Charge 4
2022-02-16T19:50:47Z,93.0,Charge 4
2022-02-16T19:51:02Z,93.0,Charge 4
2022-02-16T19:51:07Z,92.0,Charge 4
2022-02-16T19:51:17Z,91.0,Charge 4
2022-02-16T19:51:27Z,90.0,Charge 4
2022-02-16T19:51:42Z,90.0,Charge 4
2022-02-16T19:51:57Z,90.0,Charge 4
2022-02-16T19:52:07Z,89.0,Charge 4
2022-02-16T19:52:22Z,89.0,Charge 4
2022-02-16T19:52:27Z,90.0,Charge 4
2022-02-16T19:52:42Z,90.0,Charge 4
2022-02-16T19:52:52Z,89.0,Charge 4
2022-02-16T19:52:57Z,87.0,Charge 4
2022-02-16T19:53:02Z,87.0,Charge 4
2022-02-16T19:53:07Z,89.0,Charge 4
2022-02-16T19:53:12Z,90.0,Charge 4
2022-02-16T19:53:17Z,91.0,Charge 4
2022-02-16T19:53:22Z,90.0,Charge 4
2022-02-16T19:53:27Z,91.0,Charge 4
2022-02-16T19:53:32Z,91.0,Charge 4
2022-02-16T19:53:37Z,92.0,Charge 4
2022-02-16T19:53:47Z,93.0,Charge 4
2022-02-16T19:53:52Z,91.0,Charge 4
2022-02-16T19:53:57Z,90.0,Charge 4
2022-02-16T19:54:02Z,90.0,Charge 4
2022-02-16T19:54:07Z,89.0,Charge 4
2022-02-16T19:54:22Z,89.0,Charge 4
2022-02-16T19:54:37Z,89.0,Charge 4
2022-02-16T19:54:52Z,90.0,Charge 4
2022-02-16T19:54:57Z,91.0,Charge 4
2022-02-16T19:55:02Z,90.0,Charge 4
2022-02-16T19:55:17Z,90.0,Charge 4
2022-02-16T19:55:27Z,89.0,Charge 4
2022-02-16T19:55:32Z,90.0,Charge 4
2022-02-16T19:55:47Z,90.0,Charge 4
2022-02-16T19:55:52Z,88.0,Charge 4
2022-02-16T19:55:57Z,90.0,Charge 4
2022-02-16T19:56:02Z,91.0,Charge 4
2022-02-16T19:56:17Z,91.0,Charge 4
2022-02-16T19:56:32Z,91.0,Charge 4
2022-02-16T19:56:47Z,91.0,Charge 4
2022-02-16T19:56:52Z,90.0,Charge 4
2022-02-16T19:57:02Z,89.0,Charge 4
2022-02-16T19:57:07Z,88.0,Charge 4
2022-02-16T19:57:17Z,87.0,Charge 4
2022-02-16T19:57:22Z,85.0,Charge 4
2022-02-16T19:57:27Z,84.0,Charge 4
2022-02-16T19:57:32Z,85.0,Charge 4
2022-02-16T19:57:37Z,86.0,Charge 4
2022-02-16T19:57:42Z,87.0,Charge 4
2022-02-16T19:57:48Z,87.0,Charge 4
2022-02-16T19:58:03Z,87.0,Charge 4
2022-02-16T19:58:08Z,87.0,Charge 4
2022-02-16T19:58:18Z,88.0,Charge 4
2022-02-16T19:58:23Z,87.0,Charge 4
2022-02-16T19:58:38Z,87.0,Charge 4
2022-02-16T19:58:53Z,87.0,Charge 4
2022-02-16T19:59:03Z,87.0,Charge 4
2022-02-16T19:59:08Z,82.0,Charge 4
2022-02-16T19:59:13Z,79.0,Charge 4
2022-02-16T19:59:18Z,79.0,Charge 4
2022-02-16T19:59:23Z,80.0,Charge 4
2022-02-16T19:59:28Z,81.0,Charge 4
2022-02-16T19:59:38Z,81.0,Charge 4
2022-02-16T19:59:43Z,85.0,Charge 4
2022-02-16T19:59:48Z,86.0,Charge 4
2022-02-16T19:59:53Z,87.0,Charge 4
2022-02-16T20:00:08Z,87.0,Charge 4
2022-02-16T20:00:18Z,89.0,Charge 4
2022-02-16T20:00:28Z,89.0,Charge 4
2022-02-16T20:00:43Z,89.0,Charge 4
2022-02-16T20:00:58Z,89.0,Charge 4
2022-02-16T20:01:13Z,89.0,Charge 4
2022-02-16T20:01:18Z,90.0,Charge 4
2022-02-16T20:01:23Z,91.0,Charge 4
2022-02-16T20:01:33Z,89.0,Charge 4
2022-02-16T20:01:38Z,88.0,Charge 4
2022-02-16T20:01:43Z,88.0,Charge 4
2022-02-16T20:01:53Z,90.0,Charge 4
2022-02-16T20:01:58Z,91.0,Charge 4
2022-02-16T20:02:03Z,90.0,Charge 4
2022-02-16T20:02:13Z,92.0,Charge 4
2022-02-16T20:02:18Z,93.0,Charge 4
2022-02-16T20:02:28Z,92.0,Charge 4
2022-02-16T20:02:33Z,91.0,Charge 4
2022-02-16T20:02:38Z,90.0,Charge 4
2022-02-16T20:02:53Z,91.0,Charge 4
2022-02-16T20:02:58Z,92.0,Charge 4
2022-02-16T20:03:03Z,93.0,Charge 4
2022-02-16T20:03:18Z,93.0,Charge 4
2022-02-16T20:03:33Z,93.0,Charge 4
2022-02-16T20:03:48Z,91.0,Charge 4
2022-02-16T20:03:53Z,89.0,Charge 4
2022-02-16T20:03:58Z,88.0,Charge 4
2022-02-16T20:04:03Z,86.0,Charge 4
2022-02-16T20:04:18Z,86.0,Charge 4
2022-02-16T20:04:23Z,87.0,Charge 4
2022-02-16T20:04:33Z,88.0,Charge 4
2022-02-16T20:04:48Z,88.0,Charge 4
2022-02-16T20:04:58Z,87.0,Charge 4
2022-02-16T20:05:08Z,88.0,Charge 4
2022-02-16T20:05:23Z,88.0,Charge 4
2022-02-16T20:05:32Z,88.0,Charge 4
2022-02-16T20:05:42Z,89.0,Charge 4
2022-02-16T20:05:47Z,88.0,Charge 4
2022-02-16T20:06:02Z,88.0,Charge 4
2022-02-16T20:06:17Z,88.0,Charge 4
2022-02-16T20:06:27Z,89.0,Charge 4
2022-02-16T20:06:42Z,89.0,Charge 4
2022-02-16T20:06:47Z,90.0,Charge 4
2022-02-16T20:07:02Z,91.0,Charge 4
2022-02-16T20:07:12Z,92.0,Charge 4
2022-02-16T20:07:17Z,91.0,Charge 4
2022-02-16T20:07:27Z,90.0,Charge 4
2022-02-16T20:07:37Z,90.0,Charge 4
2022-02-16T20:07:42Z,90.0,Charge 4
2022-02-16T20:07:57Z,90.0,Charge 4
2022-02-16T20:08:02Z,89.0,Charge 4
2022-02-16T20:08:17Z,88.0,Charge 4
2022-02-16T20:08:32Z,88.0,Charge 4
2022-02-16T20:08:37Z,89.0,Charge 4
2022-02-16T20:08:42Z,90.0,Charge 4
2022-02-16T20:08:52Z,89.0,Charge 4
2022-02-16T20:09:07Z,89.0,Charge 4
2022-02-16T20:09:22Z,89.0,Charge 4
2022-02-16T20:09:27Z,88.0,Charge 4
2022-02-16T20:09:32Z,89.0,Charge 4
2022-02-16T20:09:37Z,93.0,Charge 4
2022-02-16T20:09:42Z,90.0,Charge 4
2022-02-16T20:09:47Z,89.0,Charge 4
2022-02-16T20:10:02Z,88.0,Charge 4
2022-02-16T20:10:07Z,88.0,Charge 4
2022-02-16T20:10:12Z,89.0,Charge 4
2022-02-16T20:10:17Z,89.0,Charge 4
2022-02-16T20:10:22Z,89.0,Charge 4
2022-02-16T20:10:32Z,90.0,Charge 4
2022-02-16T20:10:42Z,91.0,Charge 4
2022-02-16T20:10:47Z,90.0,Charge 4
2022-02-16T20:10:52Z,89.0,Charge 4
2022-02-16T20:10:57Z,86.0,Charge 4
2022-02-16T20:11:02Z,87.0,Charge 4
2022-02-16T20:11:17Z,87.0,Charge 4
2022-02-16T20:11:27Z,88.0,Charge 4
2022-02-16T20:11:42Z,88.0,Charge 4
2022-02-16T20:11:52Z,89.0,Charge 4
2022-02-16T20:12:07Z,89.0,Charge 4
2022-02-16T20:12:22Z,89.0,Charge 4
2022-02-16T20:12:37Z,89.0,Charge 4
2022-02-16T20:12:42Z,91.0,Charge 4
2022-02-16T20:12:47Z,94.0,Charge 4
2022-02-16T20:12:52Z,93.0,Charge 4
2022-02-16T20:12:57Z,92.0,Charge 4
2022-02-16T20:13:12Z,87.0,Charge 4
2022-02-16T20:13:17Z,86.0,Charge 4
2022-02-16T20:13:22Z,85.0,Charge 4
2022-02-16T20:13:37Z,85.0,Charge 4
2022-02-16T20:13:42Z,85.0,Charge 4
2022-02-16T20:13:52Z,86.0,Charge 4
2022-02-16T20:14:02Z,87.0,Charge 4
2022-02-16T20:14:17Z,88.0,Charge 4
2022-02-16T20:14:22Z,85.0,Charge 4
2022-02-16T20:14:27Z,84.0,Charge 4
2022-02-16T20:14:42Z,84.0,Charge 4
2022-02-16T20:14:47Z,85.0,Charge 4
2022-02-16T20:14:57Z,86.0,Charge 4
2022-02-16T20:15:02Z,87.0,Charge 4
2022-02-16T20:15:12Z,88.0,Charge 4
2022-02-16T20:15:27Z,88.0,Charge 4
2022-02-16T20:15:32Z,89.0,Charge 4
2022-02-16T20:15:37Z,90.0,Charge 4
2022-02-16T20:15:42Z,91.0,Charge 4
2022-02-16T20:15:47Z,92.0,Charge 4
2022-02-16T20:16:02Z,92.0,Charge 4
2022-02-16T20:17:23Z,88.0,Charge 4
2022-02-16T20:17:38Z,88.0,Charge 4
2022-02-16T20:17:53Z,88.0,Charge 4
2022-02-16T20:18:08Z,87.0,Charge 4
2022-02-16T20:18:18Z,88.0,Charge 4
2022-02-16T20:18:28Z,90.0,Charge 4
2022-02-16T20:18:33Z,91.0,Charge 4
2022-02-16T20:18:48Z,91.0,Charge 4
2022-02-16T20:18:53Z,90.0,Charge 4
2022-02-16T20:18:58Z,90.0,Charge 4
2022-02-16T20:19:03Z,89.0,Charge 4
2022-02-16T20:19:18Z,89.0,Charge 4
2022-02-16T20:19:33Z,89.0,Charge 4
2022-02-16T20:19:48Z,89.0,Charge 4
2022-02-16T20:20:03Z,89.0,Charge 4
2022-02-16T20:20:08Z,87.0,Charge 4
2022-02-16T20:20:23Z,87.0,Charge 4
2022-02-16T20:20:38Z,87.0,Charge 4
2022-02-16T20:20:43Z,88.0,Charge 4
2022-02-16T20:20:58Z,88.0,Charge 4
2022-02-16T20:21:08Z,88.0,Charge 4
2022-02-16T20:21:13Z,89.0,Charge 4
2022-02-16T20:21:18Z,88.0,Charge 4
2022-02-16T20:21:33Z,88.0,Charge 4
2022-02-16T20:21:48Z,88.0,Charge 4
2022-02-16T20:21:51Z,88.0,Charge 4
2022-02-16T20:22:06Z,88.0,Charge 4
2022-02-16T20:22:21Z,88.0,Charge 4
2022-02-16T20:22:36Z,88.0,Charge 4
2022-02-16T20:22:51Z,88.0,Charge 4
2022-02-16T20:23:06Z,88.0,Charge 4
2022-02-16T20:23:21Z,89.0,Charge 4
2022-02-16T20:23:31Z,88.0,Charge 4
2022-02-16T20:23:46Z,89.0,Charge 4
2022-02-16T20:23:56Z,88.0,Charge 4
2022-02-16T20:24:11Z,88.0,Charge 4
2022-02-16T20:24:21Z,88.0,Charge 4
2022-02-16T20:24:26Z,88.0,Charge 4
2022-02-16T20:24:41Z,88.0,Charge 4
2022-02-16T20:24:56Z,87.0,Charge 4
2022-02-16T20:25:11Z,88.0,Charge 4
2022-02-16T20:25:21Z,89.0,Charge 4
2022-02-16T20:25:36Z,89.0,Charge 4
2022-02-16T20:25:51Z,89.0,Charge 4
2022-02-16T20:25:56Z,90.0,Charge 4
2022-02-16T20:26:11Z,89.0,Charge 4
2022-02-16T20:26:26Z,89.0,Charge 4
2022-02-16T20:26:31Z,91.0,Charge 4
2022-02-16T20:26:36Z,92.0,Charge 4
2022-02-16T20:26:41Z,89.0,Charge 4
2022-02-16T20:26:46Z,87.0,Charge 4
2022-02-16T20:27:01Z,88.0,Charge 4
2022-02-16T20:27:06Z,89.0,Charge 4
2022-02-16T20:27:16Z,88.0,Charge 4
2022-02-16T20:27:26Z,87.0,Charge 4
2022-02-16T20:27:31Z,86.0,Charge 4
2022-02-16T20:27:41Z,87.0,Charge 4
2022-02-16T20:27:51Z,86.0,Charge 4
2022-02-16T20:28:01Z,86.0,Charge 4
2022-02-16T20:28:16Z,86.0,Charge 4
2022-02-16T20:28:31Z,86.0,Charge 4
2022-02-16T20:28:36Z,85.0,Charge 4
2022-02-16T20:28:51Z,85.0,Charge 4
2022-02-16T20:29:06Z,85.0,Charge 4
2022-02-16T20:29:11Z,86.0,Charge 4
2022-02-16T20:29:26Z,85.0,Charge 4
2022-02-16T20:29:41Z,85.0,Charge 4
2022-02-16T20:29:46Z,83.0,Charge 4
2022-02-16T20:30:01Z,83.0,Charge 4
2022-02-16T20:30:16Z,83.0,Charge 4
2022-02-16T20:30:31Z,83.0,Charge 4
2022-02-16T20:30:41Z,82.0,Charge 4
2022-02-16T20:30:56Z,82.0,Charge 4
2022-02-16T20:31:11Z,82.0,Charge 4
2022-02-16T20:31:21Z,83.0,Charge 4
2022-02-16T20:31:36Z,83.0,Charge 4
2022-02-16T20:31:51Z,83.0,Charge 4
2022-02-16T20:31:56Z,84.0,Charge 4
2022-02-16T20:32:01Z,85.0,Charge 4
2022-02-16T20:32:07Z,85.0,Charge 4
2022-02-16T20:32:12Z,85.0,Charge 4
2022-02-16T20:32:17Z,86.0,Charge 4
2022-02-16T20:32:22Z,89.0,Charge 4
2022-02-16T20:32:27Z,91.0,Charge 4
2022-02-16T20:32:37Z,92.0,Charge 4
2022-02-16T20:32:42Z,91.0,Charge 4
2022-02-16T20:32:47Z,89.0,Charge 4
2022-02-16T20:32:57Z,87.0,Charge 4
2022-02-16T20:33:02Z,88.0,Charge 4
2022-02-16T20:33:12Z,91.0,Charge 4
2022-02-16T20:33:27Z,90.0,Charge 4
2022-02-16T20:33:37Z,91.0,Charge 4
2022-02-16T20:33:42Z,90.0,Charge 4
2022-02-16T20:33:47Z,91.0,Charge 4
2022-02-16T20:33:52Z,92.0,Charge 4
2022-02-16T20:33:57Z,93.0,Charge 4
2022-02-16T20:34:12Z,93.0,Charge 4
2022-02-16T20:34:27Z,93.0,Charge 4
2022-02-16T20:34:42Z,93.0,Charge 4
2022-02-16T20:34:52Z,94.0,Charge 4
2022-02-16T20:35:02Z,95.0,Charge 4
2022-02-16T20:35:12Z,96.0,Charge 4
2022-02-16T20:35:27Z,96.0,Charge 4
2022-02-16T20:35:32Z,91.0,Charge 4
2022-02-16T20:35:39Z,91.0,Charge 4
2022-02-16T20:35:44Z,90.0,Charge 4
2022-02-16T20:35:54Z,90.0,Charge 4
2022-02-16T20:35:59Z,91.0,Charge 4
2022-02-16T20:36:14Z,91.0,Charge 4
2022-02-16T20:36:19Z,92.0,Charge 4
2022-02-16T20:36:24Z,91.0,Charge 4
2022-02-16T20:36:34Z,91.0,Charge 4
2022-02-16T20:36:39Z,91.0,Charge 4
2022-02-16T20:36:54Z,91.0,Charge 4
2022-02-16T20:37:04Z,92.0,Charge 4
2022-02-16T20:37:09Z,94.0,Charge 4
2022-02-16T20:37:14Z,95.0,Charge 4
2022-02-16T20:37:24Z,93.0,Charge 4
2022-02-16T20:37:29Z,91.0,Charge 4
2022-02-16T20:37:34Z,89.0,Charge 4
2022-02-16T20:37:39Z,88.0,Charge 4
2022-02-16T20:37:44Z,88.0,Charge 4
2022-02-16T20:37:54Z,89.0,Charge 4
2022-02-16T20:38:09Z,89.0,Charge 4
2022-02-16T20:38:24Z,89.0,Charge 4
2022-02-16T20:38:29Z,88.0,Charge 4
2022-02-16T20:38:34Z,89.0,Charge 4
2022-02-16T20:38:39Z,90.0,Charge 4
2022-02-16T20:38:49Z,91.0,Charge 4
2022-02-16T20:38:54Z,92.0,Charge 4
2022-02-16T20:38:59Z,91.0,Charge 4
2022-02-16T20:39:04Z,90.0,Charge 4
2022-02-16T20:39:09Z,90.0,Charge 4
2022-02-16T20:39:14Z,89.0,Charge 4
2022-02-16T20:39:19Z,90.0,Charge 4
2022-02-16T20:39:34Z,90.0,Charge 4
2022-02-16T20:39:39Z,91.0,Charge 4
2022-02-16T20:39:44Z,92.0,Charge 4
2022-02-16T20:39:54Z,91.0,Charge 4
2022-02-16T20:39:59Z,89.0,Charge 4
2022-02-16T20:40:09Z,90.0,Charge 4
2022-02-16T20:40:19Z,89.0,Charge 4
2022-02-16T20:40:29Z,88.0,Charge 4
2022-02-16T20:40:44Z,88.0,Charge 4
2022-02-16T20:40:59Z,89.0,Charge 4
2022-02-16T20:41:04Z,90.0,Charge 4
2022-02-16T20:41:09Z,89.0,Charge 4
2022-02-16T20:41:14Z,88.0,Charge 4
2022-02-16T20:41:19Z,86.0,Charge 4
2022-02-16T20:41:29Z,87.0,Charge 4
2022-02-16T20:41:34Z,88.0,Charge 4
2022-02-16T20:41:44Z,89.0,Charge 4
2022-02-16T20:41:49Z,90.0,Charge 4
2022-02-16T20:41:54Z,89.0,Charge 4
2022-02-16T20:42:04Z,88.0,Charge 4
2022-02-16T20:42:19Z,88.0,Charge 4
2022-02-16T20:42:29Z,89.0,Charge 4
2022-02-16T20:42:44Z,89.0,Charge 4
2022-02-16T20:42:50Z,89.0,Charge 4
2022-02-16T20:43:05Z,89.0,Charge 4
2022-02-16T20:43:15Z,91.0,Charge 4
2022-02-16T20:43:20Z,91.0,Charge 4
2022-02-16T20:43:25Z,91.0,Charge 4
2022-02-16T20:43:40Z,91.0,Charge 4
2022-02-16T20:43:45Z,92.0,Charge 4
2022-02-16T20:43:55Z,91.0,Charge 4
2022-02-16T20:44:00Z,90.0,Charge 4
2022-02-16T20:44:05Z,87.0,Charge 4
2022-02-16T20:44:10Z,88.0,Charge 4
2022-02-16T20:44:15Z,86.0,Charge 4
2022-02-16T20:44:20Z,84.0,Charge 4
2022-02-16T20:44:25Z,87.0,Charge 4
2022-02-16T20:44:35Z,89.0,Charge 4
2022-02-16T20:44:40Z,90.0,Charge 4
2022-02-16T20:44:45Z,88.0,Charge 4
2022-02-16T20:44:55Z,89.0,Charge 4
2022-02-16T20:45:00Z,90.0,Charge 4
2022-02-16T20:45:10Z,91.0,Charge 4
2022-02-16T20:45:25Z,90.0,Charge 4
2022-02-16T20:45:35Z,88.0,Charge 4
2022-02-16T20:45:40Z,89.0,Charge 4
2022-02-16T20:45:55Z,89.0,Charge 4
2022-02-16T20:46:10Z,89.0,Charge 4
2022-02-16T20:46:25Z,89.0,Charge 4
2022-02-16T20:46:40Z,88.0,Charge 4
2022-02-16T20:46:45Z,87.0,Charge 4
2022-02-16T20:46:50Z,86.0,Charge 4
2022-02-16T20:46:55Z,84.0,Charge 4
2022-02-16T20:47:00Z,83.0,Charge 4
2022-02-16T20:47:05Z,82.0,Charge 4
2022-02-16T20:47:10Z,79.0,Charge 4
2022-02-16T20:47:25Z,79.0,Charge 4
2022-02-16T20:47:40Z,79.0,Charge 4
2022-02-16T20:47:45Z,81.0,Charge 4
2022-02-16T20:47:50Z,82.0,Charge 4
2022-02-16T20:48:05Z,82.0,Charge 4
2022-02-16T20:48:20Z,81.0,Charge 4
2022-02-16T20:48:25Z,82.0,Charge 4
2022-02-16T20:48:40Z,82.0,Charge 4
2022-02-16T20:48:55Z,82.0,Charge 4
2022-02-16T20:49:00Z,83.0,Charge 4
2022-02-16T20:49:05Z,86.0,Charge 4
2022-02-16T20:49:10Z,88.0,Charge 4
2022-02-16T20:49:15Z,88.0,Charge 4
2022-02-16T20:49:30Z,88.0,Charge 4
2022-02-16T20:49:35Z,89.0,Charge 4
2022-02-16T20:49:45Z,88.0,Charge 4
2022-02-16T20:49:50Z,86.0,Charge 4
2022-02-16T20:50:05Z,87.0,Charge 4
2022-02-16T20:50:10Z,88.0,Charge 4
2022-02-16T20:50:20Z,87.0,Charge 4
2022-02-16T20:50:25Z,90.0,Charge 4
2022-02-16T20:50:30Z,90.0,Charge 4
2022-02-16T20:50:40Z,89.0,Charge 4
2022-02-16T20:50:55Z,89.0,Charge 4
2022-02-16T20:51:00Z,85.0,Charge 4
2022-02-16T20:51:05Z,87.0,Charge 4
2022-02-16T20:51:10Z,89.0,Charge 4
2022-02-16T20:51:15Z,90.0,Charge 4
2022-02-16T20:51:30Z,90.0,Charge 4
2022-02-16T20:51:45Z,90.0,Charge 4
2022-02-16T20:51:55Z,89.0,Charge 4
2022-02-16T20:52:00Z,88.0,Charge 4
2022-02-16T20:52:10Z,88.0,Charge 4
2022-02-16T20:52:20Z,87.0,Charge 4
2022-02-16T20:52:25Z,88.0,Charge 4
2022-02-16T20:52:40Z,88.0,Charge 4
2022-02-16T20:52:45Z,89.0,Charge 4
2022-02-16T20:52:55Z,90.0,Charge 4
2022-02-16T20:53:05Z,91.0,Charge 4
2022-02-16T20:53:10Z,92.0,Charge 4
2022-02-16T20:53:25Z,92.0,Charge 4
2022-02-16T20:53:40Z,90.0,Charge 4
2022-02-16T20:53:45Z,89.0,Charge 4
2022-02-16T20:53:55Z,90.0,Charge 4
2022-02-16T20:54:05Z,89.0,Charge 4
2022-02-16T20:54:10Z,88.0,Charge 4
2022-02-16T20:54:15Z,87.0,Charge 4
2022-02-16T20:54:30Z,87.0,Charge 4
2022-02-16T20:54:35Z,87.0,Charge 4
2022-02-16T20:54:50Z,87.0,Charge 4
2022-02-16T20:55:00Z,86.0,Charge 4
2022-02-16T20:55:05Z,84.0,Charge 4
2022-02-16T20:55:20Z,85.0,Charge 4
2022-02-16T20:55:25Z,86.0,Charge 4
2022-02-16T20:55:30Z,87.0,Charge 4
2022-02-16T20:55:35Z,88.0,Charge 4
2022-02-16T20:55:40Z,89.0,Charge 4
2022-02-16T20:55:50Z,90.0,Charge 4
2022-02-16T20:55:55Z,90.0,Charge 4
2022-02-16T20:56:10Z,91.0,Charge 4
2022-02-16T20:56:20Z,92.0,Charge 4
2022-02-16T20:56:35Z,91.0,Charge 4
2022-02-16T20:56:40Z,89.0,Charge 4
2022-02-16T20:56:45Z,86.0,Charge 4
2022-02-16T20:56:50Z,86.0,Charge 4
2022-02-16T20:57:00Z,87.0,Charge 4
2022-02-16T20:57:05Z,84.0,Charge 4
2022-02-16T20:57:10Z,85.0,Charge 4
2022-02-16T20:57:15Z,86.0,Charge 4
2022-02-16T20:57:20Z,83.0,Charge 4
2022-02-16T20:57:35Z,83.0,Charge 4
2022-02-16T20:57:40Z,85.0,Charge 4
2022-02-16T20:57:45Z,87.0,Charge 4
2022-02-16T20:57:50Z,88.0,Charge 4
2022-02-16T20:58:05Z,88.0,Charge 4
2022-02-16T20:58:10Z,88.0,Charge 4
2022-02-16T20:58:25Z,88.0,Charge 4
2022-02-16T20:58:35Z,89.0,Charge 4
2022-02-16T20:58:50Z,91.0,Charge 4
2022-02-16T20:58:55Z,90.0,Charge 4
2022-02-16T20:59:10Z,90.0,Charge 4
2022-02-16T20:59:20Z,91.0,Charge 4
2022-02-16T20:59:25Z,90.0,Charge 4
2022-02-16T20:59:40Z,90.0,Charge 4
2022-02-16T20:59:45Z,89.0,Charge 4
2022-02-16T20:59:50Z,88.0,Charge 4
2022-02-16T20:59:55Z,88.0,Charge 4
2022-02-16T21:00:10Z,88.0,Charge 4
2022-02-16T21:00:15Z,90.0,Charge 4
2022-02-16T21:00:20Z,91.0,Charge 4
2022-02-16T21:00:35Z,91.0,Charge 4
2022-02-16T21:00:40Z,92.0,Charge 4
2022-02-16T21:00:55Z,92.0,Charge 4
2022-02-16T21:01:10Z,92.0,Charge 4
2022-02-16T21:01:15Z,93.0,Charge 4
2022-02-16T21:01:20Z,92.0,Charge 4
2022-02-16T21:01:30Z,93.0,Charge 4
2022-02-16T21:01:45Z,93.0,Charge 4
2022-02-16T21:01:50Z,93.0,Charge 4
2022-02-16T21:01:55Z,92.0,Charge 4
2022-02-16T21:02:00Z,88.0,Charge 4
2022-02-16T21:02:06Z,88.0,Charge 4
2022-02-16T21:02:21Z,88.0,Charge 4
2022-02-16T21:02:26Z,87.0,Charge 4
2022-02-16T21:02:31Z,86.0,Charge 4
2022-02-16T21:02:46Z,86.0,Charge 4
2022-02-16T21:03:01Z,86.0,Charge 4
2022-02-16T21:03:11Z,87.0,Charge 4
2022-02-16T21:03:16Z,85.0,Charge 4
2022-02-16T21:03:26Z,86.0,Charge 4
2022-02-16T21:03:31Z,82.0,Charge 4
2022-02-16T21:03:36Z,81.0,Charge 4
2022-02-16T21:03:51Z,80.0,Charge 4
2022-02-16T21:04:06Z,85.0,Charge 4
2022-02-16T21:04:11Z,90.0,Charge 4
2022-02-16T21:04:16Z,91.0,Charge 4
2022-02-16T21:04:26Z,90.0,Charge 4
2022-02-16T21:04:41Z,90.0,Charge 4
2022-02-16T21:04:56Z,90.0,Charge 4
2022-02-16T21:05:01Z,89.0,Charge 4
2022-02-16T21:05:06Z,90.0,Charge 4
2022-02-16T21:05:11Z,91.0,Charge 4
2022-02-16T21:05:16Z,93.0,Charge 4
2022-02-16T21:05:31Z,93.0,Charge 4
2022-02-16T21:05:46Z,94.0,Charge 4
2022-02-16T21:05:51Z,96.0,Charge 4
2022-02-16T21:05:56Z,101.0,Charge 4
2022-02-16T21:06:01Z,105.0,Charge 4
2022-02-16T21:06:07Z,105.0,Charge 4
2022-02-16T21:06:22Z,107.0,Charge 4
2022-02-16T21:06:27Z,108.0,Charge 4
2022-02-16T21:06:32Z,109.0,Charge 4
2022-02-16T21:06:37Z,110.0,Charge 4
2022-02-16T21:06:42Z,109.0,Charge 4
2022-02-16T21:06:52Z,110.0,Charge 4
2022-02-16T21:06:57Z,111.0,Charge 4
2022-02-16T21:07:02Z,112.0,Charge 4
2022-02-16T21:07:07Z,113.0,Charge 4
2022-02-16T21:07:12Z,112.0,Charge 4
2022-02-16T21:07:22Z,111.0,Charge 4
2022-02-16T21:07:27Z,110.0,Charge 4
2022-02-16T21:07:32Z,116.0,Charge 4
2022-02-16T21:07:37Z,117.0,Charge 4
2022-02-16T21:07:42Z,114.0,Charge 4
2022-02-16T21:07:47Z,113.0,Charge 4
2022-02-16T21:07:57Z,112.0,Charge 4
2022-02-16T21:08:02Z,111.0,Charge 4
2022-02-16T21:08:07Z,112.0,Charge 4
2022-02-16T21:08:12Z,115.0,Charge 4
2022-02-16T21:08:17Z,117.0,Charge 4
2022-02-16T21:08:22Z,112.0,Charge 4
2022-02-16T21:08:27Z,109.0,Charge 4
2022-02-16T21:08:32Z,108.0,Charge 4
2022-02-16T21:08:37Z,109.0,Charge 4
2022-02-16T21:08:42Z,109.0,Charge 4
2022-02-16T21:08:47Z,107.0,Charge 4
2022-02-16T21:08:52Z,109.0,Charge 4
2022-02-16T21:08:57Z,107.0,Charge 4
2022-02-16T21:09:02Z,108.0,Charge 4
2022-02-16T21:09:12Z,106.0,Charge 4
2022-02-16T21:09:17Z,103.0,Charge 4
2022-02-16T21:09:22Z,104.0,Charge 4
2022-02-16T21:09:27Z,101.0,Charge 4
2022-02-16T21:09:32Z,97.0,Charge 4
2022-02-16T21:09:42Z,98.0,Charge 4
2022-02-16T21:09:47Z,95.0,Charge 4
2022-02-16T21:09:52Z,92.0,Charge 4
2022-02-16T21:09:57Z,91.0,Charge 4
2022-02-16T21:10:02Z,88.0,Charge 4
2022-02-16T21:10:07Z,89.0,Charge 4
2022-02-16T21:10:22Z,88.0,Charge 4
2022-02-16T21:10:27Z,87.0,Charge 4
2022-02-16T21:10:32Z,86.0,Charge 4
2022-02-16T21:10:42Z,85.0,Charge 4
2022-02-16T21:10:47Z,84.0,Charge 4
2022-02-16T21:10:52Z,86.0,Charge 4
2022-02-16T21:10:57Z,87.0,Charge 4
2022-02-16T21:11:07Z,86.0,Charge 4
2022-02-16T21:11:12Z,87.0,Charge 4
2022-02-16T21:11:17Z,90.0,Charge 4
2022-02-16T21:11:22Z,89.0,Charge 4
2022-02-16T21:11:27Z,88.0,Charge 4
2022-02-16T21:11:37Z,87.0,Charge 4
2022-02-16T21:11:42Z,86.0,Charge 4
2022-02-16T21:11:52Z,87.0,Charge 4
2022-02-16T21:11:57Z,89.0,Charge 4
2022-02-16T21:12:02Z,87.0,Charge 4
2022-02-16T21:12:12Z,89.0,Charge 4
2022-02-16T21:12:17Z,85.0,Charge 4
2022-02-16T21:12:22Z,80.0,Charge 4
2022-02-16T21:12:37Z,80.0,Charge 4
2022-02-16T21:12:47Z,81.0,Charge 4
2022-02-16T21:12:52Z,82.0,Charge 4
2022-02-16T21:13:02Z,84.0,Charge 4
2022-02-16T21:13:07Z,85.0,Charge 4
2022-02-16T21:13:12Z,87.0,Charge 4
2022-02-16T21:13:17Z,88.0,Charge 4
2022-02-16T21:13:22Z,89.0,Charge 4
2022-02-16T21:13:37Z,89.0,Charge 4
2022-02-16T21:13:42Z,88.0,Charge 4
2022-02-16T21:13:47Z,86.0,Charge 4
2022-02-16T21:13:52Z,84.0,Charge 4
2022-02-16T21:14:02Z,83.0,Charge 4
2022-02-16T21:14:07Z,83.0,Charge 4
2022-02-16T21:14:17Z,84.0,Charge 4
2022-02-16T21:14:22Z,85.0,Charge 4
2022-02-16T21:14:27Z,83.0,Charge 4
2022-02-16T21:14:42Z,81.0,Charge 4
2022-02-16T21:14:47Z,80.0,Charge 4
2022-02-16T21:14:52Z,81.0,Charge 4
2022-02-16T21:15:02Z,80.0,Charge 4
2022-02-16T21:15:07Z,81.0,Charge 4
2022-02-16T21:15:22Z,82.0,Charge 4
2022-02-16T21:15:32Z,81.0,Charge 4
2022-02-16T21:15:47Z,81.0,Charge 4
2022-02-16T21:15:52Z,82.0,Charge 4
2022-02-16T21:15:57Z,82.0,Charge 4
2022-02-16T21:16:07Z,83.0,Charge 4
2022-02-16T21:16:17Z,85.0,Charge 4
2022-02-16T21:16:22Z,86.0,Charge 4
2022-02-16T21:16:27Z,87.0,Charge 4
2022-02-16T21:16:32Z,88.0,Charge 4
2022-02-16T21:16:42Z,87.0,Charge 4
2022-02-16T21:16:52Z,88.0,Charge 4
2022-02-16T21:17:07Z,87.0,Charge 4
2022-02-16T21:17:22Z,87.0,Charge 4
2022-02-16T21:17:32Z,86.0,Charge 4
2022-02-16T21:17:47Z,85.0,Charge 4
2022-02-16T21:18:02Z,85.0,Charge 4
2022-02-16T21:18:12Z,84.0,Charge 4
2022-02-16T21:18:17Z,85.0,Charge 4
2022-02-16T21:18:32Z,85.0,Charge 4
2022-02-16T21:18:47Z,85.0,Charge 4
2022-02-16T21:18:52Z,86.0,Charge 4
2022-02-16T21:19:02Z,88.0,Charge 4
2022-02-16T21:19:07Z,88.0,Charge 4
2022-02-16T21:19:12Z,87.0,Charge 4
2022-02-16T21:19:27Z,87.0,Charge 4
2022-02-16T21:19:32Z,86.0,Charge 4
2022-02-16T21:19:37Z,87.0,Charge 4
2022-02-16T21:19:42Z,88.0,Charge 4
2022-02-16T21:19:57Z,87.0,Charge 4
2022-02-16T21:20:12Z,84.0,Charge 4
2022-02-16T21:20:27Z,84.0,Charge 4
2022-02-16T21:20:37Z,85.0,Charge 4
2022-02-16T21:20:52Z,85.0,Charge 4
2022-02-16T21:20:57Z,85.0,Charge 4
2022-02-16T21:21:02Z,86.0,Charge 4
2022-02-16T21:21:12Z,84.0,Charge 4
2022-02-16T21:21:17Z,82.0,Charge 4
2022-02-16T21:21:22Z,81.0,Charge 4
2022-02-16T21:21:37Z,81.0,Charge 4
2022-02-16T21:21:52Z,81.0,Charge 4
2022-02-16T21:22:07Z,81.0,Charge 4
2022-02-16T21:22:12Z,83.0,Charge 4
2022-02-16T21:22:27Z,83.0,Charge 4
2022-02-16T21:22:32Z,83.0,Charge 4
2022-02-16T21:22:42Z,83.0,Charge 4
2022-02-16T21:22:52Z,82.0,Charge 4
2022-02-16T21:22:59Z,82.0,Charge 4
2022-02-16T21:23:04Z,83.0,Charge 4
2022-02-16T21:23:14Z,84.0,Charge 4
2022-02-16T21:23:19Z,84.0,Charge 4
2022-02-16T21:23:29Z,83.0,Charge 4
2022-02-16T21:23:34Z,83.0,Charge 4
2022-02-16T21:23:39Z,82.0,Charge 4
2022-02-16T21:23:54Z,83.0,Charge 4
2022-02-16T21:23:59Z,84.0,Charge 4
2022-02-16T21:24:04Z,84.0,Charge 4
2022-02-16T21:24:09Z,83.0,Charge 4
2022-02-16T21:24:14Z,82.0,Charge 4
2022-02-16T21:24:19Z,81.0,Charge 4
2022-02-16T21:24:24Z,81.0,Charge 4
2022-02-16T21:24:29Z,80.0,Charge 4
2022-02-16T21:24:34Z,78.0,Charge 4
2022-02-16T21:24:39Z,79.0,Charge 4
2022-02-16T21:24:49Z,80.0,Charge 4
2022-02-16T21:24:54Z,81.0,Charge 4
2022-02-16T21:24:59Z,82.0,Charge 4
2022-02-16T21:25:09Z,81.0,Charge 4
2022-02-16T21:25:14Z,81.0,Charge 4
2022-02-16T21:25:19Z,81.0,Charge 4
2022-02-16T21:25:24Z,82.0,Charge 4
2022-02-16T21:25:29Z,82.0,Charge 4
2022-02-16T21:25:39Z,82.0,Charge 4
2022-02-16T21:25:44Z,81.0,Charge 4
2022-02-16T21:25:49Z,81.0,Charge 4
2022-02-16T21:25:59Z,81.0,Charge 4
2022-02-16T21:26:09Z,82.0,Charge 4
2022-02-16T21:26:14Z,81.0,Charge 4
2022-02-16T21:26:29Z,80.0,Charge 4
2022-02-16T21:26:34Z,81.0,Charge 4
2022-02-16T21:26:39Z,80.0,Charge 4
2022-02-16T21:26:54Z,80.0,Charge 4
2022-02-16T21:27:09Z,80.0,Charge 4
2022-02-16T21:27:14Z,77.0,Charge 4
2022-02-16T21:27:19Z,78.0,Charge 4
2022-02-16T21:27:24Z,79.0,Charge 4
2022-02-16T21:27:34Z,81.0,Charge 4
2022-02-16T21:27:39Z,83.0,Charge 4
2022-02-16T21:27:44Z,82.0,Charge 4
2022-02-16T21:27:49Z,82.0,Charge 4
2022-02-16T21:28:04Z,82.0,Charge 4
2022-02-16T21:28:19Z,81.0,Charge 4
2022-02-16T21:28:29Z,83.0,Charge 4
2022-02-16T21:28:34Z,83.0,Charge 4
2022-02-16T21:28:49Z,84.0,Charge 4
2022-02-16T21:28:59Z,78.0,Charge 4
2022-02-16T21:29:09Z,79.0,Charge 4
2022-02-16T21:29:14Z,80.0,Charge 4
2022-02-16T21:29:24Z,81.0,Charge 4
2022-02-16T21:29:34Z,81.0,Charge 4
2022-02-16T21:29:39Z,80.0,Charge 4
2022-02-16T21:29:44Z,80.0,Charge 4
2022-02-16T21:29:59Z,81.0,Charge 4
2022-02-16T21:30:04Z,82.0,Charge 4
2022-02-16T21:30:09Z,82.0,Charge 4
2022-02-16T21:30:24Z,82.0,Charge 4
2022-02-16T21:30:29Z,81.0,Charge 4
2022-02-16T21:30:39Z,80.0,Charge 4
2022-02-16T21:30:49Z,81.0,Charge 4
2022-02-16T21:31:04Z,82.0,Charge 4
2022-02-16T21:31:19Z,78.0,Charge 4
2022-02-16T21:31:24Z,79.0,Charge 4
2022-02-16T21:31:29Z,80.0,Charge 4
2022-02-16T21:31:39Z,86.0,Charge 4
2022-02-16T21:31:44Z,87.0,Charge 4
2022-02-16T21:31:54Z,86.0,Charge 4
2022-02-16T21:32:04Z,85.0,Charge 4
2022-02-16T21:32:09Z,84.0,Charge 4
2022-02-16T21:32:14Z,83.0,Charge 4
2022-02-16T21:32:19Z,82.0,Charge 4
2022-02-16T21:32:24Z,82.0,Charge 4
2022-02-16T21:32:39Z,82.0,Charge 4
2022-02-16T21:32:54Z,82.0,Charge 4
2022-02-16T21:32:59Z,80.0,Charge 4
2022-02-16T21:33:04Z,82.0,Charge 4
2022-02-16T21:33:09Z,83.0,Charge 4
2022-02-16T21:33:14Z,85.0,Charge 4
2022-02-16T21:33:19Z,86.0,Charge 4
2022-02-16T21:33:24Z,86.0,Charge 4
2022-02-16T21:33:39Z,86.0,Charge 4
2022-02-16T21:33:44Z,85.0,Charge 4
2022-02-16T21:33:49Z,84.0,Charge 4
2022-02-16T21:34:04Z,84.0,Charge 4
2022-02-16T21:34:09Z,85.0,Charge 4
2022-02-16T21:34:24Z,84.0,Charge 4
2022-02-16T21:34:39Z,84.0,Charge 4
2022-02-16T21:34:54Z,84.0,Charge 4
2022-02-16T21:34:59Z,83.0,Charge 4
2022-02-16T21:35:14Z,83.0,Charge 4
2022-02-16T21:35:19Z,81.0,Charge 4
2022-02-16T21:35:24Z,82.0,Charge 4
2022-02-16T21:35:29Z,81.0,Charge 4
2022-02-16T21:35:34Z,80.0,Charge 4
2022-02-16T21:35:49Z,80.0,Charge 4
2022-02-16T21:36:04Z,80.0,Charge 4
2022-02-16T21:36:09Z,82.0,Charge 4
2022-02-16T21:36:14Z,82.0,Charge 4
2022-02-16T21:36:29Z,82.0,Charge 4
2022-02-16T21:36:44Z,83.0,Charge 4
2022-02-16T21:36:54Z,85.0,Charge 4
2022-02-16T21:37:04Z,85.0,Charge 4
2022-02-16T21:37:09Z,85.0,Charge 4
2022-02-16T21:37:14Z,85.0,Charge 4
2022-02-16T21:37:20Z,85.0,Charge 4
2022-02-16T21:37:30Z,82.0,Charge 4
2022-02-16T21:37:35Z,80.0,Charge 4
2022-02-16T21:37:40Z,81.0,Charge 4
2022-02-16T21:37:45Z,82.0,Charge 4
2022-02-16T21:37:50Z,83.0,Charge 4
2022-02-16T21:38:05Z,83.0,Charge 4
2022-02-16T21:38:10Z,82.0,Charge 4
2022-02-16T21:38:15Z,81.0,Charge 4
2022-02-16T21:38:30Z,82.0,Charge 4
2022-02-16T21:38:45Z,82.0,Charge 4
2022-02-16T21:38:50Z,83.0,Charge 4
2022-02-16T21:39:00Z,82.0,Charge 4
2022-02-16T21:39:05Z,82.0,Charge 4
2022-02-16T21:39:10Z,84.0,Charge 4
2022-02-16T21:39:15Z,85.0,Charge 4
2022-02-16T21:39:25Z,84.0,Charge 4
2022-02-16T21:39:30Z,82.0,Charge 4
2022-02-16T21:39:40Z,83.0,Charge 4
2022-02-16T21:39:45Z,83.0,Charge 4
2022-02-16T21:39:50Z,85.0,Charge 4
2022-02-16T21:40:00Z,84.0,Charge 4
2022-02-16T21:40:15Z,84.0,Charge 4
2022-02-16T21:40:30Z,83.0,Charge 4
2022-02-16T21:40:35Z,82.0,Charge 4
2022-02-16T21:40:40Z,83.0,Charge 4
2022-02-16T21:40:50Z,82.0,Charge 4
2022-02-16T21:40:55Z,83.0,Charge 4
2022-02-16T21:41:00Z,85.0,Charge 4
2022-02-16T21:41:05Z,84.0,Charge 4
2022-02-16T21:41:15Z,84.0,Charge 4
2022-02-16T21:41:30Z,86.0,Charge 4
2022-02-16T21:41:35Z,87.0,Charge 4
2022-02-16T21:41:40Z,87.0,Charge 4
2022-02-16T21:41:50Z,86.0,Charge 4
2022-02-16T21:42:00Z,85.0,Charge 4
2022-02-16T21:42:05Z,83.0,Charge 4
2022-02-16T21:42:15Z,82.0,Charge 4
2022-02-16T21:42:20Z,82.0,Charge 4
2022-02-16T21:42:30Z,83.0,Charge 4
2022-02-16T21:42:35Z,88.0,Charge 4
2022-02-16T21:42:40Z,90.0,Charge 4
2022-02-16T21:42:55Z,89.0,Charge 4
2022-02-16T21:43:00Z,88.0,Charge 4
2022-02-16T21:43:05Z,86.0,Charge 4
2022-02-16T21:43:10Z,85.0,Charge 4
2022-02-16T21:43:25Z,84.0,Charge 4
2022-02-16T21:43:30Z,84.0,Charge 4
2022-02-16T21:43:35Z,83.0,Charge 4
2022-02-16T21:43:40Z,82.0,Charge 4
2022-02-16T21:43:45Z,82.0,Charge 4
2022-02-16T21:44:00Z,82.0,Charge 4
2022-02-16T21:44:05Z,83.0,Charge 4
2022-02-16T21:44:10Z,82.0,Charge 4
2022-02-16T21:44:15Z,84.0,Charge 4
2022-02-16T21:44:20Z,85.0,Charge 4
2022-02-16T21:44:25Z,85.0,Charge 4
2022-02-16T21:44:30Z,84.0,Charge 4
2022-02-16T21:44:45Z,84.0,Charge 4
2022-02-16T21:44:55Z,85.0,Charge 4
2022-02-16T21:45:05Z,86.0,Charge 4
2022-02-16T21:45:20Z,86.0,Charge 4
2022-02-16T21:45:35Z,86.0,Charge 4
2022-02-16T21:45:45Z,85.0,Charge 4
2022-02-16T21:46:00Z,84.0,Charge 4
2022-02-16T21:46:05Z,83.0,Charge 4
2022-02-16T21:46:15Z,82.0,Charge 4
2022-02-16T21:46:25Z,83.0,Charge 4
2022-02-16T21:46:30Z,82.0,Charge 4
2022-02-16T21:46:35Z,83.0,Charge 4
2022-02-16T21:46:40Z,84.0,Charge 4
2022-02-16T21:46:45Z,83.0,Charge 4
2022-02-16T21:46:50Z,82.0,Charge 4
2022-02-16T21:47:05Z,82.0,Charge 4
2022-02-16T21:47:15Z,82.0,Charge 4
2022-02-16T21:47:20Z,83.0,Charge 4
2022-02-16T21:47:35Z,83.0,Charge 4
2022-02-16T21:47:40Z,82.0,Charge 4
2022-02-16T21:47:45Z,78.0,Charge 4
2022-02-16T21:47:50Z,79.0,Charge 4
2022-02-16T21:47:55Z,81.0,Charge 4
2022-02-16T21:48:00Z,82.0,Charge 4
2022-02-16T21:48:05Z,81.0,Charge 4
2022-02-16T21:48:10Z,80.0,Charge 4
2022-02-16T21:48:15Z,82.0,Charge 4
2022-02-16T21:48:20Z,84.0,Charge 4
2022-02-16T21:48:30Z,83.0,Charge 4
2022-02-16T21:48:45Z,83.0,Charge 4
2022-02-16T21:49:00Z,83.0,Charge 4
2022-02-16T21:49:10Z,84.0,Charge 4
2022-02-16T21:49:15Z,86.0,Charge 4
2022-02-16T21:49:20Z,87.0,Charge 4
2022-02-16T21:49:30Z,86.0,Charge 4
2022-02-16T21:49:35Z,85.0,Charge 4
2022-02-16T21:49:40Z,84.0,Charge 4
2022-02-16T21:49:55Z,84.0,Charge 4
2022-02-16T21:50:10Z,84.0,Charge 4
2022-02-16T21:50:25Z,84.0,Charge 4
2022-02-16T21:50:30Z,83.0,Charge 4
2022-02-16T21:50:35Z,84.0,Charge 4
2022-02-16T21:50:40Z,84.0,Charge 4
2022-02-16T21:50:55Z,84.0,Charge 4
2022-02-16T21:51:00Z,85.0,Charge 4
2022-02-16T21:51:05Z,84.0,Charge 4
2022-02-16T21:51:10Z,83.0,Charge 4
2022-02-16T21:51:15Z,82.0,Charge 4
2022-02-16T21:51:20Z,84.0,Charge 4
2022-02-16T21:51:27Z,85.0,Charge 4
2022-02-16T21:51:32Z,85.0,Charge 4
2022-02-16T21:51:37Z,84.0,Charge 4
2022-02-16T21:51:42Z,83.0,Charge 4
2022-02-16T21:51:52Z,83.0,Charge 4
2022-02-16T21:52:02Z,83.0,Charge 4
2022-02-16T21:52:17Z,83.0,Charge 4
2022-02-16T21:52:27Z,85.0,Charge 4
2022-02-16T21:52:32Z,87.0,Charge 4
2022-02-16T21:52:37Z,86.0,Charge 4
2022-02-16T21:52:42Z,85.0,Charge 4
2022-02-16T21:52:52Z,84.0,Charge 4
2022-02-16T21:52:57Z,83.0,Charge 4
2022-02-16T21:53:07Z,83.0,Charge 4
2022-02-16T21:53:22Z,83.0,Charge 4
2022-02-16T21:53:27Z,83.0,Charge 4
2022-02-16T21:53:32Z,84.0,Charge 4
2022-02-16T21:53:42Z,85.0,Charge 4
2022-02-16T21:53:57Z,85.0,Charge 4
2022-02-16T21:54:02Z,85.0,Charge 4
2022-02-16T21:54:12Z,84.0,Charge 4
2022-02-16T21:54:17Z,84.0,Charge 4
2022-02-16T21:54:27Z,83.0,Charge 4
2022-02-16T21:54:37Z,84.0,Charge 4
2022-02-16T21:54:42Z,83.0,Charge 4
2022-02-16T21:54:52Z,83.0,Charge 4
2022-02-16T21:54:58Z,83.0,Charge 4
2022-02-16T21:55:03Z,84.0,Charge 4
2022-02-16T21:55:08Z,83.0,Charge 4
2022-02-16T21:55:18Z,85.0,Charge 4
2022-02-16T21:55:33Z,85.0,Charge 4
2022-02-16T21:55:43Z,86.0,Charge 4
2022-02-16T21:55:48Z,87.0,Charge 4
2022-02-16T21:55:53Z,86.0,Charge 4
2022-02-16T21:55:58Z,84.0,Charge 4
2022-02-16T21:56:03Z,83.0,Charge 4
2022-02-16T21:56:08Z,82.0,Charge 4
2022-02-16T21:56:23Z,83.0,Charge 4
2022-02-16T21:56:38Z,84.0,Charge 4
2022-02-16T21:56:53Z,85.0,Charge 4
2022-02-16T21:56:58Z,87.0,Charge 4
2022-02-16T21:57:13Z,87.0,Charge 4
2022-02-16T21:57:28Z,87.0,Charge 4
2022-02-16T21:57:43Z,86.0,Charge 4
2022-02-16T21:57:48Z,85.0,Charge 4
2022-02-16T21:57:58Z,84.0,Charge 4
2022-02-16T21:58:13Z,84.0,Charge 4
2022-02-16T21:58:28Z,84.0,Charge 4
2022-02-16T21:58:33Z,83.0,Charge 4
2022-02-16T21:58:48Z,83.0,Charge 4
2022-02-16T21:59:03Z,84.0,Charge 4
2022-02-16T21:59:18Z,82.0,Charge 4
2022-02-16T21:59:33Z,82.0,Charge 4
2022-02-16T21:59:38Z,82.0,Charge 4
2022-02-16T21:59:43Z,83.0,Charge 4
2022-02-16T21:59:48Z,84.0,Charge 4
2022-02-16T21:59:58Z,85.0,Charge 4
2022-02-16T22:00:08Z,86.0,Charge 4
2022-02-16T22:00:23Z,86.0,Charge 4
2022-02-16T22:00:33Z,85.0,Charge 4
2022-02-16T22:00:38Z,84.0,Charge 4
2022-02-16T22:00:48Z,86.0,Charge 4
2022-02-16T22:00:53Z,85.0,Charge 4
2022-02-16T22:00:58Z,85.0,Charge 4
2022-02-16T22:01:03Z,86.0,Charge 4
2022-02-16T22:01:08Z,85.0,Charge 4
2022-02-16T22:01:13Z,83.0,Charge 4
2022-02-16T22:01:18Z,82.0,Charge 4
2022-02-16T22:01:33Z,81.0,Charge 4
2022-02-16T22:01:43Z,82.0,Charge 4
2022-02-16T22:01:53Z,83.0,Charge 4
2022-02-16T22:02:08Z,84.0,Charge 4
2022-02-16T22:02:13Z,85.0,Charge 4
2022-02-16T22:02:23Z,85.0,Charge 4
2022-02-16T22:02:33Z,86.0,Charge 4
2022-02-16T22:02:38Z,85.0,Charge 4
2022-02-16T22:02:43Z,85.0,Charge 4
2022-02-16T22:02:48Z,86.0,Charge 4
2022-02-16T22:02:53Z,85.0,Charge 4
2022-02-16T22:03:03Z,85.0,Charge 4
2022-02-16T22:03:08Z,85.0,Charge 4
2022-02-16T22:03:13Z,86.0,Charge 4
2022-02-16T22:03:23Z,86.0,Charge 4
2022-02-16T22:03:28Z,85.0,Charge 4
2022-02-16T22:03:38Z,87.0,Charge 4
2022-02-16T22:03:48Z,86.0,Charge 4
2022-02-16T22:03:53Z,85.0,Charge 4
2022-02-16T22:03:58Z,84.0,Charge 4
2022-02-16T22:04:03Z,83.0,Charge 4
2022-02-16T22:04:18Z,84.0,Charge 4
2022-02-16T22:04:23Z,83.0,Charge 4
2022-02-16T22:04:28Z,81.0,Charge 4
2022-02-16T22:04:38Z,82.0,Charge 4
2022-02-16T22:04:53Z,80.0,Charge 4
2022-02-16T22:04:58Z,82.0,Charge 4
2022-02-16T22:05:03Z,83.0,Charge 4
2022-02-16T22:05:08Z,84.0,Charge 4
2022-02-16T22:05:13Z,85.0,Charge 4
2022-02-16T22:05:28Z,87.0,Charge 4
2022-02-16T22:05:43Z,86.0,Charge 4
2022-02-16T22:05:58Z,86.0,Charge 4
2022-02-16T22:06:03Z,87.0,Charge 4
2022-02-16T22:06:08Z,86.0,Charge 4
2022-02-16T22:06:18Z,85.0,Charge 4
2022-02-16T22:06:23Z,84.0,Charge 4
2022-02-16T22:06:28Z,84.0,Charge 4
2022-02-16T22:06:33Z,83.0,Charge 4
2022-02-16T22:06:39Z,83.0,Charge 4
2022-02-16T22:06:44Z,84.0,Charge 4
2022-02-16T22:06:54Z,83.0,Charge 4
2022-02-16T22:07:04Z,83.0,Charge 4
2022-02-16T22:07:09Z,84.0,Charge 4
2022-02-16T22:07:19Z,83.0,Charge 4
2022-02-16T22:07:24Z,84.0,Charge 4
2022-02-16T22:07:29Z,85.0,Charge 4
2022-02-16T22:07:44Z,85.0,Charge 4
2022-02-16T22:07:59Z,84.0,Charge 4
2022-02-16T22:08:04Z,80.0,Charge 4
2022-02-16T22:08:09Z,80.0,Charge 4
2022-02-16T22:08:14Z,83.0,Charge 4
2022-02-16T22:08:19Z,84.0,Charge 4
2022-02-16T22:08:24Z,83.0,Charge 4
2022-02-16T22:08:34Z,84.0,Charge 4
2022-02-16T22:08:49Z,84.0,Charge 4
2022-02-16T22:08:59Z,83.0,Charge 4
2022-02-16T22:09:04Z,82.0,Charge 4
2022-02-16T22:09:14Z,83.0,Charge 4
2022-02-16T22:09:29Z,83.0,Charge 4
2022-02-16T22:09:44Z,83.0,Charge 4
2022-02-16T22:09:54Z,86.0,Charge 4
2022-02-16T22:10:04Z,88.0,Charge 4
2022-02-16T22:10:14Z,87.0,Charge 4
2022-02-16T22:10:19Z,85.0,Charge 4
2022-02-16T22:10:24Z,83.0,Charge 4
2022-02-16T22:10:29Z,83.0,Charge 4
2022-02-16T22:10:44Z,84.0,Charge 4
2022-02-16T22:10:54Z,83.0,Charge 4
2022-02-16T22:11:09Z,83.0,Charge 4
2022-02-16T22:11:14Z,84.0,Charge 4
2022-02-16T22:11:19Z,85.0,Charge 4
2022-02-16T22:11:24Z,85.0,Charge 4
2022-02-16T22:11:34Z,86.0,Charge 4
2022-02-16T22:11:44Z,85.0,Charge 4
2022-02-16T22:11:54Z,86.0,Charge 4
2022-02-16T22:12:09Z,86.0,Charge 4
2022-02-16T22:13:45Z,82.0,Charge 4
2022-02-16T22:13:55Z,82.0,Charge 4
2022-02-16T22:14:00Z,80.0,Charge 4
2022-02-16T22:14:05Z,79.0,Charge 4
2022-02-16T22:14:20Z,80.0,Charge 4
2022-02-16T22:14:35Z,83.0,Charge 4
2022-02-16T22:14:40Z,86.0,Charge 4
2022-02-16T22:14:55Z,86.0,Charge 4
2022-02-16T22:15:05Z,85.0,Charge 4
2022-02-16T22:15:20Z,85.0,Charge 4
2022-02-16T22:15:25Z,84.0,Charge 4
2022-02-16T22:15:35Z,84.0,Charge 4
2022-02-16T22:15:50Z,84.0,Charge 4
2022-02-16T22:16:05Z,84.0,Charge 4
2022-02-16T22:16:15Z,83.0,Charge 4
2022-02-16T22:16:30Z,84.0,Charge 4
2022-02-16T22:16:35Z,83.0,Charge 4
2022-02-16T22:16:40Z,81.0,Charge 4
2022-02-16T22:16:45Z,83.0,Charge 4
2022-02-16T22:17:00Z,83.0,Charge 4
2022-02-16T22:17:15Z,83.0,Charge 4
2022-02-16T22:17:30Z,83.0,Charge 4
2022-02-16T22:17:35Z,83.0,Charge 4
2022-02-16T22:17:40Z,83.0,Charge 4
2022-02-16T22:17:45Z,85.0,Charge 4
2022-02-16T22:17:55Z,86.0,Charge 4
2022-02-16T22:18:10Z,86.0,Charge 4
2022-02-16T22:18:15Z,86.0,Charge 4
2022-02-16T22:18:25Z,85.0,Charge 4
2022-02-16T22:18:40Z,85.0,Charge 4
2022-02-16T22:18:45Z,84.0,Charge 4
2022-02-16T22:18:55Z,82.0,Charge 4
2022-02-16T22:19:00Z,80.0,Charge 4
2022-02-16T22:19:10Z,81.0,Charge 4
2022-02-16T22:19:15Z,82.0,Charge 4
2022-02-16T22:19:20Z,85.0,Charge 4
2022-02-16T22:19:25Z,84.0,Charge 4
2022-02-16T22:19:30Z,83.0,Charge 4
2022-02-16T22:19:35Z,83.0,Charge 4
2022-02-16T22:19:40Z,84.0,Charge 4
2022-02-16T22:19:45Z,83.0,Charge 4
2022-02-16T22:19:55Z,82.0,Charge 4
2022-02-16T22:20:05Z,81.0,Charge 4
2022-02-16T22:20:10Z,80.0,Charge 4
2022-02-16T22:20:20Z,79.0,Charge 4
2022-02-16T22:20:30Z,80.0,Charge 4
2022-02-16T22:20:35Z,79.0,Charge 4
2022-02-16T22:20:40Z,78.0,Charge 4
2022-02-16T22:20:55Z,80.0,Charge 4
2022-02-16T22:21:00Z,81.0,Charge 4
2022-02-16T22:21:05Z,80.0,Charge 4
2022-02-16T22:21:15Z,81.0,Charge 4
2022-02-16T22:21:20Z,80.0,Charge 4
2022-02-16T22:21:35Z,80.0,Charge 4
2022-02-16T22:21:40Z,80.0,Charge 4
2022-02-16T22:21:45Z,81.0,Charge 4
2022-02-16T22:21:50Z,83.0,Charge 4
2022-02-16T22:21:55Z,84.0,Charge 4
2022-02-16T22:22:00Z,88.0,Charge 4
2022-02-16T22:22:10Z,89.0,Charge 4
2022-02-16T22:22:20Z,90.0,Charge 4
2022-02-16T22:22:25Z,91.0,Charge 4
2022-02-16T22:22:30Z,92.0,Charge 4
2022-02-16T22:22:45Z,92.0,Charge 4
2022-02-16T22:22:50Z,98.0,Charge 4
2022-02-16T22:22:55Z,96.0,Charge 4
2022-02-16T22:23:05Z,95.0,Charge 4
2022-02-16T22:23:10Z,93.0,Charge 4
2022-02-16T22:23:25Z,93.0,Charge 4
2022-02-16T22:23:30Z,95.0,Charge 4
2022-02-16T22:23:45Z,95.0,Charge 4
2022-02-16T22:23:50Z,93.0,Charge 4
2022-02-16T22:23:55Z,96.0,Charge 4
2022-02-16T22:24:05Z,95.0,Charge 4
2022-02-16T22:24:10Z,96.0,Charge 4
2022-02-16T22:24:25Z,96.0,Charge 4
2022-02-16T22:24:35Z,95.0,Charge 4
2022-02-16T22:24:50Z,95.0,Charge 4
2022-02-16T22:24:54Z,94.0,Charge 4
2022-02-16T22:25:09Z,94.0,Charge 4
2022-02-16T22:25:24Z,94.0,Charge 4
2022-02-16T22:25:29Z,96.0,Charge 4
2022-02-16T22:25:34Z,97.0,Charge 4
2022-02-16T22:25:39Z,97.0,Charge 4
2022-02-16T22:25:49Z,95.0,Charge 4
2022-02-16T22:25:59Z,96.0,Charge 4
2022-02-16T22:26:04Z,97.0,Charge 4
2022-02-16T22:26:09Z,98.0,Charge 4
2022-02-16T22:26:19Z,97.0,Charge 4
2022-02-16T22:26:24Z,94.0,Charge 4
2022-02-16T22:26:29Z,92.0,Charge 4
2022-02-16T22:26:34Z,92.0,Charge 4
2022-02-16T22:26:44Z,91.0,Charge 4
2022-02-16T22:26:59Z,90.0,Charge 4
2022-02-16T22:27:09Z,85.0,Charge 4
2022-02-16T22:27:14Z,83.0,Charge 4
2022-02-16T22:27:24Z,84.0,Charge 4
2022-02-16T22:27:29Z,82.0,Charge 4
2022-02-16T22:27:44Z,82.0,Charge 4
2022-02-16T22:27:54Z,84.0,Charge 4
2022-02-16T22:27:59Z,87.0,Charge 4
2022-02-16T22:28:04Z,88.0,Charge 4
2022-02-16T22:28:09Z,87.0,Charge 4
2022-02-16T22:28:14Z,86.0,Charge 4
2022-02-16T22:28:19Z,84.0,Charge 4
2022-02-16T22:28:24Z,84.0,Charge 4
2022-02-16T22:28:34Z,83.0,Charge 4
2022-02-16T22:28:39Z,82.0,Charge 4
2022-02-16T22:28:44Z,81.0,Charge 4
2022-02-16T22:28:54Z,82.0,Charge 4
2022-02-16T22:29:04Z,81.0,Charge 4
2022-02-16T22:29:09Z,79.0,Charge 4
2022-02-16T22:29:14Z,77.0,Charge 4
2022-02-16T22:29:19Z,76.0,Charge 4
2022-02-16T22:29:29Z,76.0,Charge 4
2022-02-16T22:29:34Z,77.0,Charge 4
2022-02-16T22:29:39Z,78.0,Charge 4
2022-02-16T22:29:49Z,80.0,Charge 4
2022-02-16T22:29:54Z,81.0,Charge 4
2022-02-16T22:29:59Z,81.0,Charge 4
2022-02-16T22:30:04Z,80.0,Charge 4
2022-02-16T22:30:14Z,81.0,Charge 4
2022-02-16T22:30:19Z,82.0,Charge 4
2022-02-16T22:30:29Z,84.0,Charge 4
2022-02-16T22:30:34Z,83.0,Charge 4
2022-02-16T22:30:39Z,81.0,Charge 4
2022-02-16T22:30:44Z,79.0,Charge 4
2022-02-16T22:30:49Z,78.0,Charge 4
2022-02-16T22:30:54Z,77.0,Charge 4
2022-02-16T22:30:59Z,78.0,Charge 4
2022-02-16T22:31:14Z,78.0,Charge 4
2022-02-16T22:31:29Z,78.0,Charge 4
2022-02-16T22:31:34Z,78.0,Charge 4
2022-02-16T22:31:39Z,79.0,Charge 4
2022-02-16T22:31:49Z,80.0,Charge 4
2022-02-16T22:31:54Z,81.0,Charge 4
2022-02-16T22:32:04Z,82.0,Charge 4
2022-02-16T22:32:19Z,83.0,Charge 4
2022-02-16T22:32:24Z,82.0,Charge 4
2022-02-16T22:32:34Z,83.0,Charge 4
2022-02-16T22:32:39Z,83.0,Charge 4
2022-02-16T22:32:49Z,83.0,Charge 4
2022-02-16T22:32:59Z,83.0,Charge 4
2022-02-16T22:33:14Z,84.0,Charge 4
2022-02-16T22:33:29Z,86.0,Charge 4
2022-02-16T22:33:34Z,84.0,Charge 4
2022-02-16T22:33:39Z,81.0,Charge 4
2022-02-16T22:33:44Z,80.0,Charge 4
2022-02-16T22:33:54Z,81.0,Charge 4
2022-02-16T22:33:59Z,82.0,Charge 4
2022-02-16T22:34:09Z,81.0,Charge 4
2022-02-16T22:34:14Z,80.0,Charge 4
2022-02-16T22:34:19Z,78.0,Charge 4
2022-02-16T22:34:34Z,78.0,Charge 4
2022-02-16T22:34:39Z,77.0,Charge 4
2022-02-16T22:34:44Z,77.0,Charge 4
2022-02-16T22:34:54Z,77.0,Charge 4
2022-02-16T22:34:59Z,77.0,Charge 4
2022-02-16T22:35:04Z,76.0,Charge 4
2022-02-16T22:35:09Z,76.0,Charge 4
2022-02-16T22:35:24Z,76.0,Charge 4
2022-02-16T22:35:34Z,77.0,Charge 4
2022-02-16T22:35:39Z,78.0,Charge 4
2022-02-16T22:35:49Z,79.0,Charge 4
2022-02-16T22:35:59Z,80.0,Charge 4
2022-02-16T22:36:04Z,82.0,Charge 4
2022-02-16T22:36:09Z,84.0,Charge 4
2022-02-16T22:36:14Z,85.0,Charge 4
2022-02-16T22:36:19Z,84.0,Charge 4
2022-02-16T22:36:24Z,81.0,Charge 4
2022-02-16T22:36:29Z,79.0,Charge 4
2022-02-16T22:36:34Z,79.0,Charge 4
2022-02-16T22:36:39Z,80.0,Charge 4
2022-02-16T22:36:44Z,81.0,Charge 4
2022-02-16T22:36:59Z,81.0,Charge 4
2022-02-16T22:37:04Z,79.0,Charge 4
2022-02-16T22:37:14Z,78.0,Charge 4
2022-02-16T22:37:29Z,78.0,Charge 4
2022-02-16T22:37:34Z,79.0,Charge 4
2022-02-16T22:37:39Z,80.0,Charge 4
2022-02-16T22:37:44Z,83.0,Charge 4
2022-02-16T22:37:49Z,84.0,Charge 4
2022-02-16T22:37:59Z,82.0,Charge 4
2022-02-16T22:38:04Z,81.0,Charge 4
2022-02-16T22:38:09Z,79.0,Charge 4
2022-02-16T22:38:15Z,79.0,Charge 4
2022-02-16T22:38:20Z,80.0,Charge 4
2022-02-16T22:38:25Z,82.0,Charge 4
2022-02-16T22:38:35Z,81.0,Charge 4
2022-02-16T22:38:40Z,80.0,Charge 4
2022-02-16T22:38:50Z,79.0,Charge 4
2022-02-16T22:39:00Z,78.0,Charge 4
2022-02-16T22:39:05Z,77.0,Charge 4
2022-02-16T22:39:15Z,78.0,Charge 4
2022-02-16T22:39:25Z,77.0,Charge 4
2022-02-16T22:39:30Z,76.0,Charge 4
2022-02-16T22:39:35Z,77.0,Charge 4
2022-02-16T22:39:40Z,78.0,Charge 4
2022-02-16T22:39:45Z,79.0,Charge 4
2022-02-16T22:39:50Z,77.0,Charge 4
2022-02-16T22:39:55Z,76.0,Charge 4
2022-02-16T22:40:05Z,76.0,Charge 4
2022-02-16T22:40:10Z,78.0,Charge 4
2022-02-16T22:40:25Z,79.0,Charge 4
2022-02-16T22:40:35Z,80.0,Charge 4
2022-02-16T22:40:40Z,81.0,Charge 4
2022-02-16T22:40:45Z,82.0,Charge 4
2022-02-16T22:40:50Z,83.0,Charge 4
2022-02-16T22:40:55Z,85.0,Charge 4
2022-02-16T22:41:00Z,86.0,Charge 4
2022-02-16T22:41:05Z,84.0,Charge 4
2022-02-16T22:41:15Z,83.0,Charge 4
2022-02-16T22:41:20Z,79.0,Charge 4
2022-02-16T22:41:25Z,77.0,Charge 4
2022-02-16T22:41:40Z,77.0,Charge 4
2022-02-16T22:41:45Z,76.0,Charge 4
2022-02-16T22:41:50Z,77.0,Charge 4
2022-02-16T22:41:55Z,78.0,Charge 4
2022-02-16T22:42:05Z,77.0,Charge 4
2022-02-16T22:42:10Z,76.0,Charge 4
2022-02-16T22:42:15Z,75.0,Charge 4
2022-02-16T22:42:20Z,74.0,Charge 4
2022-02-16T22:42:30Z,75.0,Charge 4
2022-02-16T22:42:45Z,76.0,Charge 4
2022-02-16T22:42:50Z,75.0,Charge 4
2022-02-16T22:42:55Z,75.0,Charge 4
2022-02-16T22:43:10Z,82.0,Charge 4
2022-02-16T22:43:15Z,86.0,Charge 4
2022-02-16T22:43:20Z,84.0,Charge 4
2022-02-16T22:43:25Z,83.0,Charge 4
2022-02-16T22:43:30Z,81.0,Charge 4
2022-02-16T22:43:35Z,80.0,Charge 4
2022-02-16T22:43:40Z,81.0,Charge 4
2022-02-16T22:43:45Z,81.0,Charge 4
2022-02-16T22:43:50Z,80.0,Charge 4
2022-02-16T22:43:55Z,77.0,Charge 4
2022-02-16T22:44:00Z,78.0,Charge 4
2022-02-16T22:44:05Z,79.0,Charge 4
2022-02-16T22:44:10Z,81.0,Charge 4
2022-02-16T22:44:15Z,81.0,Charge 4
2022-02-16T22:44:20Z,79.0,Charge 4
2022-02-16T22:44:25Z,78.0,Charge 4
2022-02-16T22:44:40Z,77.0,Charge 4
2022-02-16T22:44:55Z,78.0,Charge 4
2022-02-16T22:45:10Z,78.0,Charge 4
2022-02-16T22:45:15Z,77.0,Charge 4
2022-02-16T22:45:20Z,75.0,Charge 4
2022-02-16T22:45:25Z,74.0,Charge 4
2022-02-16T22:45:30Z,75.0,Charge 4
2022-02-16T22:45:35Z,74.0,Charge 4
2022-02-16T22:45:45Z,75.0,Charge 4
2022-02-16T22:45:50Z,76.0,Charge 4
2022-02-16T22:46:00Z,79.0,Charge 4
2022-02-16T22:46:05Z,80.0,Charge 4
2022-02-16T22:46:10Z,80.0,Charge 4
2022-02-16T22:46:15Z,79.0,Charge 4
2022-02-16T22:46:30Z,79.0,Charge 4
2022-02-16T22:46:40Z,80.0,Charge 4
2022-02-16T22:46:50Z,86.0,Charge 4
2022-02-16T22:46:55Z,96.0,Charge 4
2022-02-16T22:47:00Z,98.0,Charge 4
2022-02-16T22:47:05Z,100.0,Charge 4
2022-02-16T22:47:10Z,98.0,Charge 4
2022-02-16T22:47:25Z,100.0,Charge 4
2022-02-16T22:47:30Z,101.0,Charge 4
2022-02-16T22:47:35Z,101.0,Charge 4
2022-02-16T22:47:45Z,97.0,Charge 4
2022-02-16T22:47:50Z,96.0,Charge 4
2022-02-16T22:47:55Z,90.0,Charge 4
2022-02-16T22:48:00Z,86.0,Charge 4
2022-02-16T22:48:05Z,84.0,Charge 4
2022-02-16T22:48:15Z,85.0,Charge 4
2022-02-16T22:48:20Z,86.0,Charge 4
2022-02-16T22:48:25Z,87.0,Charge 4
2022-02-16T22:48:30Z,86.0,Charge 4
2022-02-16T22:48:40Z,85.0,Charge 4
2022-02-16T22:48:45Z,84.0,Charge 4
2022-02-16T22:48:50Z,83.0,Charge 4
2022-02-16T22:49:00Z,81.0,Charge 4
2022-02-16T22:49:05Z,81.0,Charge 4
2022-02-16T22:49:15Z,79.0,Charge 4
2022-02-16T22:49:25Z,78.0,Charge 4
2022-02-16T22:49:35Z,79.0,Charge 4
2022-02-16T22:49:45Z,78.0,Charge 4
2022-02-16T22:49:50Z,77.0,Charge 4
2022-02-16T22:49:55Z,76.0,Charge 4
2022-02-16T22:50:00Z,77.0,Charge 4
2022-02-16T22:50:15Z,77.0,Charge 4
2022-02-16T22:50:20Z,77.0,Charge 4
2022-02-16T22:50:25Z,78.0,Charge 4
2022-02-16T22:50:30Z,77.0,Charge 4
2022-02-16T22:50:35Z,76.0,Charge 4
2022-02-16T22:50:40Z,76.0,Charge 4
2022-02-16T22:50:55Z,77.0,Charge 4
2022-02-16T22:51:00Z,78.0,Charge 4
2022-02-16T22:51:05Z,80.0,Charge 4
2022-02-16T22:51:10Z,82.0,Charge 4
2022-02-16T22:51:15Z,81.0,Charge 4
2022-02-16T22:51:25Z,78.0,Charge 4
2022-02-16T22:51:30Z,76.0,Charge 4
2022-02-16T22:51:45Z,76.0,Charge 4
2022-02-16T22:52:00Z,77.0,Charge 4
2022-02-16T22:52:10Z,78.0,Charge 4
2022-02-16T22:52:15Z,77.0,Charge 4
2022-02-16T22:52:20Z,76.0,Charge 4
2022-02-16T22:52:25Z,75.0,Charge 4
2022-02-16T22:52:35Z,74.0,Charge 4
2022-02-16T22:52:50Z,74.0,Charge 4
2022-02-16T22:52:55Z,76.0,Charge 4
2022-02-16T22:53:10Z,76.0,Charge 4
2022-02-16T22:53:15Z,75.0,Charge 4
2022-02-16T22:53:25Z,76.0,Charge 4
2022-02-16T22:53:30Z,79.0,Charge 4
2022-02-16T22:53:35Z,80.0,Charge 4
2022-02-16T22:53:40Z,77.0,Charge 4
2022-02-16T22:53:45Z,78.0,Charge 4
2022-02-16T22:53:50Z,79.0,Charge 4
2022-02-16T22:53:55Z,78.0,Charge 4
2022-02-16T22:54:03Z,79.0,Charge 4
2022-02-16T22:54:08Z,76.0,Charge 4
2022-02-16T22:54:13Z,75.0,Charge 4
2022-02-16T22:54:18Z,74.0,Charge 4
2022-02-16T22:54:28Z,74.0,Charge 4
2022-02-16T22:54:38Z,75.0,Charge 4
2022-02-16T22:54:48Z,76.0,Charge 4
2022-02-16T22:54:53Z,80.0,Charge 4
2022-02-16T22:54:58Z,81.0,Charge 4
2022-02-16T22:55:03Z,79.0,Charge 4
2022-02-16T22:55:08Z,78.0,Charge 4
2022-02-16T22:55:13Z,76.0,Charge 4
2022-02-16T22:55:18Z,75.0,Charge 4
2022-02-16T22:55:28Z,75.0,Charge 4
2022-02-16T22:55:33Z,77.0,Charge 4
2022-02-16T22:55:38Z,78.0,Charge 4
2022-02-16T22:55:48Z,78.0,Charge 4
2022-02-16T22:55:53Z,77.0,Charge 4
2022-02-16T22:55:58Z,75.0,Charge 4
2022-02-16T22:56:03Z,74.0,Charge 4
2022-02-16T22:56:13Z,73.0,Charge 4
2022-02-16T22:56:28Z,74.0,Charge 4
2022-02-16T22:56:33Z,75.0,Charge 4
2022-02-16T22:56:38Z,76.0,Charge 4
2022-02-16T22:56:53Z,75.0,Charge 4
2022-02-16T22:56:58Z,76.0,Charge 4
2022-02-16T22:57:03Z,78.0,Charge 4
2022-02-16T22:57:08Z,80.0,Charge 4
2022-02-16T22:57:18Z,81.0,Charge 4
2022-02-16T22:57:28Z,80.0,Charge 4
2022-02-16T22:57:33Z,79.0,Charge 4
2022-02-16T22:57:38Z,78.0,Charge 4
2022-02-16T22:57:43Z,80.0,Charge 4
2022-02-16T22:57:53Z,79.0,Charge 4
2022-02-16T22:57:58Z,78.0,Charge 4
2022-02-16T22:58:08Z,79.0,Charge 4
2022-02-16T22:58:13Z,80.0,Charge 4
2022-02-16T22:58:18Z,79.0,Charge 4
2022-02-16T22:58:23Z,80.0,Charge 4
2022-02-16T22:58:33Z,81.0,Charge 4
2022-02-16T22:58:38Z,82.0,Charge 4
2022-02-16T22:58:48Z,84.0,Charge 4
2022-02-16T22:58:53Z,86.0,Charge 4
2022-02-16T22:58:58Z,85.0,Charge 4
2022-02-16T22:59:03Z,82.0,Charge 4
2022-02-16T22:59:08Z,80.0,Charge 4
2022-02-16T22:59:13Z,78.0,Charge 4
2022-02-16T22:59:23Z,77.0,Charge 4
2022-02-16T22:59:28Z,78.0,Charge 4
2022-02-16T22:59:38Z,77.0,Charge 4
2022-02-16T22:59:43Z,76.0,Charge 4
2022-02-16T22:59:48Z,75.0,Charge 4
2022-02-16T22:59:53Z,76.0,Charge 4
2022-02-16T22:59:58Z,77.0,Charge 4
2022-02-16T23:00:03Z,79.0,Charge 4
2022-02-16T23:00:13Z,80.0,Charge 4
2022-02-16T23:00:23Z,81.0,Charge 4
2022-02-16T23:00:28Z,82.0,Charge 4
2022-02-16T23:00:33Z,81.0,Charge 4
2022-02-16T23:00:48Z,84.0,Charge 4
2022-02-16T23:00:53Z,86.0,Charge 4
2022-02-16T23:00:58Z,86.0,Charge 4
2022-02-16T23:01:08Z,85.0,Charge 4
2022-02-16T23:01:13Z,84.0,Charge 4
2022-02-16T23:01:18Z,82.0,Charge 4
2022-02-16T23:01:23Z,80.0,Charge 4
2022-02-16T23:01:28Z,79.0,Charge 4
2022-02-16T23:01:38Z,80.0,Charge 4
2022-02-16T23:01:43Z,79.0,Charge 4
2022-02-16T23:01:48Z,79.0,Charge 4
2022-02-16T23:01:53Z,78.0,Charge 4
2022-02-16T23:01:58Z,77.0,Charge 4
2022-02-16T23:02:03Z,79.0,Charge 4
2022-02-16T23:02:08Z,83.0,Charge 4
2022-02-16T23:02:13Z,82.0,Charge 4
2022-02-16T23:02:18Z,81.0,Charge 4
2022-02-16T23:02:23Z,81.0,Charge 4
2022-02-16T23:02:28Z,80.0,Charge 4
2022-02-16T23:02:38Z,82.0,Charge 4
2022-02-16T23:02:48Z,81.0,Charge 4
2022-02-16T23:02:53Z,80.0,Charge 4
2022-02-16T23:02:58Z,78.0,Charge 4
2022-02-16T23:03:03Z,77.0,Charge 4
2022-02-16T23:03:18Z,78.0,Charge 4
2022-02-16T23:03:33Z,79.0,Charge 4
2022-02-16T23:03:38Z,79.0,Charge 4
2022-02-16T23:03:43Z,80.0,Charge 4
2022-02-16T23:03:48Z,82.0,Charge 4
2022-02-16T23:03:53Z,83.0,Charge 4
2022-02-16T23:03:58Z,82.0,Charge 4
2022-02-16T23:04:08Z,83.0,Charge 4
2022-02-16T23:04:13Z,86.0,Charge 4
2022-02-16T23:04:23Z,85.0,Charge 4
2022-02-16T23:04:28Z,83.0,Charge 4
2022-02-16T23:04:33Z,81.0,Charge 4
2022-02-16T23:04:38Z,80.0,Charge 4
2022-02-16T23:04:43Z,78.0,Charge 4
2022-02-16T23:04:53Z,79.0,Charge 4
2022-02-16T23:04:58Z,80.0,Charge 4
2022-02-16T23:05:03Z,81.0,Charge 4
2022-02-16T23:05:18Z,82.0,Charge 4
2022-02-16T23:05:28Z,81.0,Charge 4
2022-02-16T23:05:33Z,79.0,Charge 4
2022-02-16T23:05:38Z,78.0,Charge 4
2022-02-16T23:05:43Z,80.0,Charge 4
2022-02-16T23:05:48Z,81.0,Charge 4
2022-02-16T23:06:03Z,81.0,Charge 4
2022-02-16T23:06:08Z,80.0,Charge 4
2022-02-16T23:06:13Z,79.0,Charge 4
2022-02-16T23:06:28Z,80.0,Charge 4
2022-02-16T23:06:33Z,82.0,Charge 4
2022-02-16T23:06:38Z,80.0,Charge 4
2022-02-16T23:06:53Z,81.0,Charge 4
2022-02-16T23:06:58Z,80.0,Charge 4
2022-02-16T23:07:03Z,80.0,Charge 4
2022-02-16T23:07:13Z,81.0,Charge 4
2022-02-16T23:07:18Z,82.0,Charge 4
2022-02-16T23:07:23Z,81.0,Charge 4
2022-02-16T23:07:28Z,80.0,Charge 4
2022-02-16T23:07:33Z,79.0,Charge 4
2022-02-16T23:07:38Z,78.0,Charge 4
2022-02-16T23:07:43Z,79.0,Charge 4
2022-02-16T23:07:48Z,80.0,Charge 4
2022-02-16T23:07:58Z,78.0,Charge 4
2022-02-16T23:08:03Z,77.0,Charge 4
2022-02-16T23:08:08Z,76.0,Charge 4
2022-02-16T23:08:23Z,76.0,Charge 4
2022-02-16T23:08:33Z,80.0,Charge 4
2022-02-16T23:08:38Z,82.0,Charge 4
2022-02-16T23:08:43Z,84.0,Charge 4
2022-02-16T23:08:53Z,84.0,Charge 4
2022-02-16T23:08:58Z,83.0,Charge 4
2022-02-16T23:09:03Z,80.0,Charge 4
2022-02-16T23:09:18Z,80.0,Charge 4
2022-02-16T23:09:21Z,81.0,Charge 4
2022-02-16T23:09:26Z,82.0,Charge 4
2022-02-16T23:09:31Z,81.0,Charge 4
2022-02-16T23:09:46Z,80.0,Charge 4
2022-02-16T23:09:51Z,78.0,Charge 4
2022-02-16T23:09:56Z,77.0,Charge 4
2022-02-16T23:10:11Z,78.0,Charge 4
2022-02-16T23:10:16Z,77.0,Charge 4
2022-02-16T23:10:31Z,77.0,Charge 4
2022-02-16T23:10:41Z,78.0,Charge 4
2022-02-16T23:10:51Z,77.0,Charge 4
2022-02-16T23:10:56Z,77.0,Charge 4
2022-02-16T23:11:06Z,80.0,Charge 4
2022-02-16T23:11:11Z,82.0,Charge 4
2022-02-16T23:11:16Z,83.0,Charge 4
2022-02-16T23:11:21Z,84.0,Charge 4
2022-02-16T23:11:26Z,83.0,Charge 4
2022-02-16T23:11:31Z,82.0,Charge 4
2022-02-16T23:11:36Z,79.0,Charge 4
2022-02-16T23:11:41Z,77.0,Charge 4
2022-02-16T23:11:46Z,78.0,Charge 4
2022-02-16T23:11:51Z,81.0,Charge 4
2022-02-16T23:11:56Z,82.0,Charge 4
2022-02-16T23:12:01Z,81.0,Charge 4
2022-02-16T23:12:06Z,80.0,Charge 4
2022-02-16T23:12:11Z,79.0,Charge 4
2022-02-16T23:12:16Z,78.0,Charge 4
2022-02-16T23:12:21Z,78.0,Charge 4
2022-02-16T23:12:26Z,78.0,Charge 4
2022-02-16T23:12:36Z,78.0,Charge 4
2022-02-16T23:12:46Z,79.0,Charge 4
2022-02-16T23:12:56Z,78.0,Charge 4
2022-02-16T23:13:01Z,77.0,Charge 4
2022-02-16T23:13:11Z,78.0,Charge 4
2022-02-16T23:13:21Z,79.0,Charge 4
2022-02-16T23:13:26Z,78.0,Charge 4
2022-02-16T23:13:41Z,78.0,Charge 4
2022-02-16T23:13:46Z,79.0,Charge 4
2022-02-16T23:13:51Z,80.0,Charge 4
2022-02-16T23:13:56Z,81.0,Charge 4
2022-02-16T23:14:11Z,81.0,Charge 4
2022-02-16T23:15:42Z,79.0,Charge 4
2022-02-16T23:15:52Z,80.0,Charge 4
2022-02-16T23:16:07Z,80.0,Charge 4
2022-02-16T23:16:12Z,81.0,Charge 4
2022-02-16T23:16:17Z,82.0,Charge 4
2022-02-16T23:16:22Z,81.0,Charge 4
2022-02-16T23:16:27Z,82.0,Charge 4
2022-02-16T23:16:32Z,81.0,Charge 4
2022-02-16T23:16:37Z,79.0,Charge 4
2022-02-16T23:16:52Z,79.0,Charge 4
2022-02-16T23:16:57Z,80.0,Charge 4
2022-02-16T23:17:02Z,81.0,Charge 4
2022-02-16T23:17:07Z,83.0,Charge 4
2022-02-16T23:17:12Z,84.0,Charge 4
2022-02-16T23:17:22Z,85.0,Charge 4
2022-02-16T23:17:27Z,83.0,Charge 4
2022-02-16T23:17:42Z,82.0,Charge 4
2022-02-16T23:17:47Z,79.0,Charge 4
2022-02-16T23:17:52Z,79.0,Charge 4
2022-02-16T23:17:57Z,80.0,Charge 4
2022-02-16T23:18:02Z,82.0,Charge 4
2022-02-16T23:18:07Z,85.0,Charge 4
2022-02-16T23:18:12Z,84.0,Charge 4
2022-02-16T23:18:17Z,83.0,Charge 4
2022-02-16T23:18:22Z,82.0,Charge 4
2022-02-16T23:18:32Z,84.0,Charge 4
2022-02-16T23:18:42Z,82.0,Charge 4
2022-02-16T23:18:47Z,80.0,Charge 4
2022-02-16T23:19:02Z,80.0,Charge 4
2022-02-16T23:19:17Z,82.0,Charge 4
2022-02-16T23:19:27Z,83.0,Charge 4
2022-02-16T23:19:42Z,82.0,Charge 4
2022-02-16T23:19:57Z,82.0,Charge 4
2022-02-16T23:20:02Z,84.0,Charge 4
2022-02-16T23:20:17Z,82.0,Charge 4
2022-02-16T23:20:22Z,81.0,Charge 4
2022-02-16T23:20:27Z,81.0,Charge 4
2022-02-16T23:20:42Z,80.0,Charge 4
2022-02-16T23:20:47Z,80.0,Charge 4
2022-02-16T23:21:02Z,80.0,Charge 4
2022-02-16T23:21:07Z,78.0,Charge 4
2022-02-16T23:21:22Z,78.0,Charge 4
2022-02-16T23:21:32Z,79.0,Charge 4
2022-02-16T23:21:47Z,79.0,Charge 4
2022-02-16T23:21:52Z,80.0,Charge 4
2022-02-16T23:21:57Z,81.0,Charge 4
2022-02-16T23:22:02Z,82.0,Charge 4
2022-02-16T23:22:07Z,83.0,Charge 4
2022-02-16T23:22:17Z,82.0,Charge 4
2022-02-16T23:22:22Z,80.0,Charge 4
2022-02-16T23:22:27Z,80.0,Charge 4
2022-02-16T23:22:37Z,78.0,Charge 4
2022-02-16T23:22:42Z,78.0,Charge 4
2022-02-16T23:22:47Z,77.0,Charge 4
2022-02-16T23:22:52Z,77.0,Charge 4
2022-02-16T23:23:02Z,76.0,Charge 4
2022-02-16T23:23:07Z,75.0,Charge 4
2022-02-16T23:23:17Z,77.0,Charge 4
2022-02-16T23:23:32Z,77.0,Charge 4
2022-02-16T23:23:42Z,77.0,Charge 4
2022-02-16T23:23:52Z,78.0,Charge 4
2022-02-16T23:24:07Z,78.0,Charge 4
2022-02-16T23:24:12Z,77.0,Charge 4
2022-02-16T23:24:17Z,76.0,Charge 4
2022-02-16T23:24:27Z,77.0,Charge 4
2022-02-16T23:24:32Z,78.0,Charge 4
2022-02-16T23:24:37Z,79.0,Charge 4
2022-02-16T23:24:42Z,78.0,Charge 4
2022-02-16T23:24:52Z,80.0,Charge 4
2022-02-16T23:24:57Z,82.0,Charge 4
2022-02-16T23:25:02Z,81.0,Charge 4
2022-02-16T23:25:07Z,79.0,Charge 4
2022-02-16T23:25:17Z,77.0,Charge 4
2022-02-16T23:25:22Z,76.0,Charge 4
2022-02-16T23:25:32Z,77.0,Charge 4
2022-02-16T23:25:37Z,78.0,Charge 4
2022-02-16T23:25:42Z,79.0,Charge 4
2022-02-16T23:25:47Z,80.0,Charge 4
2022-02-16T23:25:52Z,79.0,Charge 4
2022-02-16T23:25:57Z,77.0,Charge 4
2022-02-16T23:26:04Z,77.0,Charge 4
2022-02-16T23:26:14Z,78.0,Charge 4
2022-02-16T23:26:19Z,79.0,Charge 4
2022-02-16T23:26:29Z,78.0,Charge 4
2022-02-16T23:26:34Z,77.0,Charge 4
2022-02-16T23:26:44Z,78.0,Charge 4
2022-02-16T23:26:59Z,78.0,Charge 4
2022-02-16T23:27:04Z,79.0,Charge 4
2022-02-16T23:27:14Z,80.0,Charge 4
2022-02-16T23:27:29Z,80.0,Charge 4
2022-02-16T23:27:39Z,80.0,Charge 4
2022-02-16T23:27:44Z,79.0,Charge 4
2022-02-16T23:27:54Z,77.0,Charge 4
2022-02-16T23:27:59Z,77.0,Charge 4
2022-02-16T23:28:14Z,80.0,Charge 4
2022-02-16T23:28:19Z,82.0,Charge 4
2022-02-16T23:28:29Z,81.0,Charge 4
2022-02-16T23:28:34Z,79.0,Charge 4
2022-02-16T23:28:49Z,80.0,Charge 4
2022-02-16T23:28:59Z,82.0,Charge 4
2022-02-16T23:29:04Z,83.0,Charge 4
2022-02-16T23:29:09Z,84.0,Charge 4
2022-02-16T23:29:14Z,86.0,Charge 4
2022-02-16T23:29:19Z,92.0,Charge 4
2022-02-16T23:29:29Z,94.0,Charge 4
2022-02-16T23:29:34Z,96.0,Charge 4
2022-02-16T23:29:39Z,97.0,Charge 4
2022-02-16T23:29:44Z,97.0,Charge 4
2022-02-16T23:29:59Z,99.0,Charge 4
2022-02-16T23:30:04Z,99.0,Charge 4
2022-02-16T23:30:14Z,98.0,Charge 4
2022-02-16T23:30:29Z,98.0,Charge 4
2022-02-16T23:30:39Z,99.0,Charge 4
2022-02-16T23:30:44Z,101.0,Charge 4
2022-02-16T23:30:54Z,101.0,Charge 4
2022-02-16T23:30:59Z,101.0,Charge 4
2022-02-16T23:31:04Z,101.0,Charge 4
2022-02-16T23:31:19Z,101.0,Charge 4
2022-02-16T23:31:34Z,101.0,Charge 4
2022-02-16T23:31:44Z,97.0,Charge 4
2022-02-16T23:31:59Z,98.0,Charge 4
2022-02-16T23:32:09Z,99.0,Charge 4
2022-02-16T23:32:14Z,97.0,Charge 4
2022-02-16T23:32:19Z,97.0,Charge 4
2022-02-16T23:32:29Z,96.0,Charge 4
2022-02-16T23:32:34Z,97.0,Charge 4
2022-02-16T23:32:49Z,96.0,Charge 4
2022-02-16T23:32:54Z,97.0,Charge 4
2022-02-16T23:32:59Z,97.0,Charge 4
2022-02-16T23:33:04Z,96.0,Charge 4
2022-02-16T23:33:09Z,94.0,Charge 4
2022-02-16T23:33:14Z,90.0,Charge 4
2022-02-16T23:33:19Z,88.0,Charge 4
2022-02-16T23:33:34Z,93.0,Charge 4
2022-02-16T23:33:39Z,89.0,Charge 4
2022-02-16T23:33:44Z,85.0,Charge 4
2022-02-16T23:33:49Z,83.0,Charge 4
2022-02-16T23:33:54Z,81.0,Charge 4
2022-02-16T23:33:59Z,83.0,Charge 4
2022-02-16T23:34:04Z,84.0,Charge 4
2022-02-16T23:34:09Z,83.0,Charge 4
2022-02-16T23:34:14Z,82.0,Charge 4
2022-02-16T23:34:19Z,82.0,Charge 4
2022-02-16T23:34:24Z,81.0,Charge 4
2022-02-16T23:34:29Z,80.0,Charge 4
2022-02-16T23:34:34Z,79.0,Charge 4
2022-02-16T23:34:39Z,78.0,Charge 4
2022-02-16T23:34:44Z,77.0,Charge 4
2022-02-16T23:34:49Z,78.0,Charge 4
2022-02-16T23:34:59Z,76.0,Charge 4
2022-02-16T23:35:09Z,78.0,Charge 4
2022-02-16T23:35:14Z,79.0,Charge 4
2022-02-16T23:35:24Z,78.0,Charge 4
2022-02-16T23:35:34Z,77.0,Charge 4
2022-02-16T23:35:39Z,76.0,Charge 4
2022-02-16T23:35:49Z,79.0,Charge 4
2022-02-16T23:35:54Z,78.0,Charge 4
2022-02-16T23:35:59Z,76.0,Charge 4
2022-02-16T23:36:04Z,75.0,Charge 4
2022-02-16T23:36:19Z,75.0,Charge 4
2022-02-16T23:36:25Z,76.0,Charge 4
2022-02-16T23:36:40Z,76.0,Charge 4
2022-02-16T23:36:45Z,75.0,Charge 4
2022-02-16T23:37:00Z,75.0,Charge 4
2022-02-16T23:37:15Z,76.0,Charge 4
2022-02-16T23:37:30Z,77.0,Charge 4
2022-02-16T23:37:35Z,78.0,Charge 4
2022-02-16T23:37:45Z,77.0,Charge 4
2022-02-16T23:37:50Z,76.0,Charge 4
2022-02-16T23:38:05Z,77.0,Charge 4
2022-02-16T23:38:10Z,78.0,Charge 4
2022-02-16T23:38:15Z,79.0,Charge 4
2022-02-16T23:38:20Z,78.0,Charge 4
2022-02-16T23:38:30Z,77.0,Charge 4
2022-02-16T23:38:40Z,78.0,Charge 4
2022-02-16T23:38:50Z,77.0,Charge 4
2022-02-16T23:38:55Z,76.0,Charge 4
2022-02-16T23:39:00Z,75.0,Charge 4
2022-02-16T23:39:15Z,75.0,Charge 4
2022-02-16T23:39:20Z,75.0,Charge 4
2022-02-16T23:39:25Z,76.0,Charge 4
2022-02-16T23:39:30Z,77.0,Charge 4
2022-02-16T23:39:35Z,78.0,Charge 4
2022-02-16T23:39:40Z,77.0,Charge 4
2022-02-16T23:39:55Z,77.0,Charge 4
2022-02-16T23:40:00Z,78.0,Charge 4
2022-02-16T23:40:07Z,78.0,Charge 4
2022-02-16T23:40:22Z,77.0,Charge 4
2022-02-16T23:40:27Z,78.0,Charge 4
2022-02-16T23:40:42Z,77.0,Charge 4
2022-02-16T23:40:52Z,78.0,Charge 4
2022-02-16T23:40:57Z,79.0,Charge 4
2022-02-16T23:41:07Z,78.0,Charge 4
2022-02-16T23:41:22Z,78.0,Charge 4
2022-02-16T23:41:37Z,78.0,Charge 4
2022-02-16T23:41:42Z,77.0,Charge 4
2022-02-16T23:41:52Z,78.0,Charge 4
2022-02-16T23:42:02Z,79.0,Charge 4
2022-02-16T23:42:07Z,80.0,Charge 4
2022-02-16T23:42:17Z,81.0,Charge 4
2022-02-16T23:42:27Z,79.0,Charge 4
2022-02-16T23:42:32Z,77.0,Charge 4
2022-02-16T23:42:42Z,78.0,Charge 4
2022-02-16T23:42:47Z,79.0,Charge 4
2022-02-16T23:42:57Z,78.0,Charge 4
2022-02-16T23:43:07Z,79.0,Charge 4
2022-02-16T23:43:12Z,78.0,Charge 4
2022-02-16T23:43:17Z,76.0,Charge 4
2022-02-16T23:43:27Z,77.0,Charge 4
2022-02-16T23:43:32Z,78.0,Charge 4
2022-02-16T23:43:37Z,79.0,Charge 4
2022-02-16T23:43:42Z,80.0,Charge 4
2022-02-16T23:43:52Z,78.0,Charge 4
2022-02-16T23:43:57Z,77.0,Charge 4
2022-02-16T23:44:02Z,76.0,Charge 4
2022-02-16T23:44:17Z,76.0,Charge 4
2022-02-16T23:44:22Z,77.0,Charge 4
2022-02-16T23:44:37Z,78.0,Charge 4
2022-02-16T23:44:42Z,76.0,Charge 4
2022-02-16T23:44:47Z,77.0,Charge 4
2022-02-16T23:44:52Z,80.0,Charge 4
2022-02-16T23:44:57Z,82.0,Charge 4
2022-02-16T23:45:07Z,81.0,Charge 4
2022-02-16T23:45:17Z,80.0,Charge 4
2022-02-16T23:45:22Z,78.0,Charge 4
2022-02-16T23:45:27Z,77.0,Charge 4
2022-02-16T23:45:37Z,79.0,Charge 4
2022-02-16T23:45:42Z,81.0,Charge 4
2022-02-16T23:45:57Z,81.0,Charge 4
2022-02-16T23:46:02Z,80.0,Charge 4
2022-02-16T23:46:17Z,81.0,Charge 4
2022-02-16T23:46:22Z,82.0,Charge 4
2022-02-16T23:46:32Z,80.0,Charge 4
2022-02-16T23:46:37Z,78.0,Charge 4
2022-02-16T23:46:42Z,76.0,Charge 4
2022-02-16T23:46:57Z,76.0,Charge 4
2022-02-16T23:47:02Z,78.0,Charge 4
2022-02-16T23:47:07Z,79.0,Charge 4
2022-02-16T23:47:12Z,80.0,Charge 4
2022-02-16T23:47:22Z,81.0,Charge 4
2022-02-16T23:47:27Z,82.0,Charge 4
2022-02-16T23:47:37Z,81.0,Charge 4
2022-02-16T23:47:47Z,80.0,Charge 4
2022-02-16T23:48:02Z,79.0,Charge 4
2022-02-16T23:48:12Z,81.0,Charge 4
2022-02-16T23:48:17Z,83.0,Charge 4
2022-02-16T23:48:22Z,84.0,Charge 4
2022-02-16T23:48:27Z,83.0,Charge 4
2022-02-16T23:48:32Z,82.0,Charge 4
2022-02-16T23:48:37Z,81.0,Charge 4
2022-02-16T23:48:52Z,82.0,Charge 4
2022-02-16T23:48:57Z,81.0,Charge 4
2022-02-16T23:49:02Z,82.0,Charge 4
2022-02-16T23:49:07Z,83.0,Charge 4
2022-02-16T23:49:22Z,82.0,Charge 4
2022-02-16T23:49:27Z,81.0,Charge 4
2022-02-16T23:49:32Z,80.0,Charge 4
2022-02-16T23:49:47Z,82.0,Charge 4
2022-02-16T23:50:02Z,81.0,Charge 4
2022-02-16T23:50:07Z,79.0,Charge 4
2022-02-16T23:50:12Z,80.0,Charge 4
2022-02-16T23:50:17Z,82.0,Charge 4
2022-02-16T23:50:27Z,81.0,Charge 4
2022-02-16T23:50:32Z,80.0,Charge 4
2022-02-16T23:50:37Z,82.0,Charge 4
2022-02-16T23:50:42Z,83.0,Charge 4
2022-02-16T23:50:47Z,82.0,Charge 4
2022-02-16T23:50:52Z,83.0,Charge 4
2022-02-16T23:50:57Z,87.0,Charge 4
2022-02-16T23:51:02Z,89.0,Charge 4
2022-02-16T23:51:07Z,87.0,Charge 4
2022-02-16T23:51:12Z,86.0,Charge 4
2022-02-16T23:51:17Z,85.0,Charge 4
2022-02-16T23:51:22Z,83.0,Charge 4
2022-02-16T23:51:27Z,82.0,Charge 4
2022-02-16T23:51:42Z,82.0,Charge 4
2022-02-16T23:51:57Z,82.0,Charge 4
2022-02-16T23:52:02Z,80.0,Charge 4
2022-02-16T23:52:07Z,79.0,Charge 4
2022-02-16T23:52:12Z,78.0,Charge 4
2022-02-16T23:52:22Z,79.0,Charge 4
2022-02-16T23:52:27Z,81.0,Charge 4
2022-02-16T23:52:32Z,82.0,Charge 4
2022-02-16T23:52:37Z,81.0,Charge 4
2022-02-16T23:52:42Z,82.0,Charge 4
2022-02-16T23:52:47Z,83.0,Charge 4
2022-02-16T23:52:52Z,82.0,Charge 4
2022-02-16T23:52:57Z,81.0,Charge 4
2022-02-16T23:53:02Z,80.0,Charge 4
2022-02-16T23:53:12Z,81.0,Charge 4
2022-02-16T23:53:17Z,82.0,Charge 4
2022-02-16T23:53:32Z,81.0,Charge 4
2022-02-16T23:53:37Z,82.0,Charge 4
2022-02-16T23:53:47Z,83.0,Charge 4
2022-02-16T23:53:52Z,83.0,Charge 4
2022-02-16T23:53:57Z,84.0,Charge 4
2022-02-16T23:54:12Z,84.0,Charge 4
2022-02-16T23:54:22Z,82.0,Charge 4
2022-02-16T23:54:27Z,81.0,Charge 4
2022-02-16T23:54:37Z,82.0,Charge 4
2022-02-16T23:54:42Z,83.0,Charge 4
2022-02-16T23:54:47Z,84.0,Charge 4
2022-02-16T23:54:52Z,85.0,Charge 4
2022-02-16T23:55:07Z,83.0,Charge 4
2022-02-16T23:55:12Z,81.0,Charge 4
2022-02-16T23:55:22Z,82.0,Charge 4
2022-02-16T23:55:27Z,84.0,Charge 4
2022-02-16T23:55:32Z,85.0,Charge 4
2022-02-16T23:55:37Z,86.0,Charge 4
2022-02-16T23:55:42Z,87.0,Charge 4
2022-02-16T23:55:47Z,85.0,Charge 4
2022-02-16T23:55:52Z,84.0,Charge 4
2022-02-16T23:56:07Z,84.0,Charge 4
2022-02-16T23:56:17Z,85.0,Charge 4
2022-02-16T23:56:32Z,84.0,Charge 4
2022-02-16T23:56:37Z,83.0,Charge 4
2022-02-16T23:56:42Z,84.0,Charge 4
2022-02-16T23:56:57Z,85.0,Charge 4
2022-02-16T23:57:02Z,86.0,Charge 4
2022-02-16T23:57:17Z,86.0,Charge 4
2022-02-16T23:57:22Z,87.0,Charge 4
2022-02-16T23:57:27Z,88.0,Charge 4
2022-02-16T23:57:32Z,87.0,Charge 4
2022-02-16T23:57:47Z,87.0,Charge 4
2022-02-16T23:57:52Z,86.0,Charge 4
2022-02-16T23:58:07Z,87.0,Charge 4
2022-02-16T23:58:17Z,86.0,Charge 4
2022-02-16T23:58:32Z,86.0,Charge 4
2022-02-16T23:58:42Z,85.0,Charge 4
2022-02-16T23:58:47Z,86.0,Charge 4
2022-02-16T23:59:02Z,87.0,Charge 4
2022-02-16T23:59:07Z,88.0,Charge 4
2022-02-16T23:59:17Z,86.0,Charge 4
2022-02-16T23:59:22Z,85.0,Charge 4
2022-02-16T23:59:27Z,86.0,Charge 4
2022-02-16T23:59:42Z,87.0,Charge 4
2022-02-16T23:59:47Z,88.0,Charge 4
2022-02-16T23:59:52Z,87.0,Charge 4
