timestamp,beats per minute,data source
2022-07-10T00:00:02Z,126.0,Charge 4
2022-07-10T00:00:07Z,123.0,Charge 4
2022-07-10T00:00:22Z,122.0,Charge 4
2022-07-10T00:00:37Z,123.0,Charge 4
2022-07-10T00:00:47Z,122.0,Charge 4
2022-07-10T00:00:52Z,120.0,Charge 4
2022-07-10T00:01:02Z,121.0,Charge 4
2022-07-10T00:01:12Z,118.0,Charge 4
2022-07-10T00:01:17Z,116.0,Charge 4
2022-07-10T00:01:22Z,119.0,Charge 4
2022-07-10T00:01:27Z,117.0,Charge 4
2022-07-10T00:01:32Z,118.0,Charge 4
2022-07-10T00:01:37Z,119.0,Charge 4
2022-07-10T00:01:42Z,118.0,Charge 4
2022-07-10T00:01:47Z,120.0,Charge 4
2022-07-10T00:01:52Z,123.0,Charge 4
2022-07-10T00:01:57Z,124.0,Charge 4
2022-07-10T00:02:02Z,122.0,Charge 4
2022-07-10T00:02:07Z,120.0,Charge 4
2022-07-10T00:02:12Z,119.0,Charge 4
2022-07-10T00:02:17Z,118.0,Charge 4
2022-07-10T00:02:22Z,117.0,Charge 4
2022-07-10T00:02:27Z,115.0,Charge 4
2022-07-10T00:02:32Z,112.0,Charge 4
2022-07-10T00:02:42Z,113.0,Charge 4
2022-07-10T00:02:52Z,112.0,Charge 4
2022-07-10T00:03:07Z,112.0,Charge 4
2022-07-10T00:03:12Z,113.0,Charge 4
2022-07-10T00:03:17Z,110.0,Charge 4
2022-07-10T00:03:22Z,111.0,Charge 4
2022-07-10T00:03:32Z,110.0,Charge 4
2022-07-10T00:03:47Z,110.0,Charge 4
2022-07-10T00:03:57Z,110.0,Charge 4
2022-07-10T00:04:02Z,111.0,Charge 4
2022-07-10T00:04:07Z,109.0,Charge 4
2022-07-10T00:04:22Z,109.0,Charge 4
2022-07-10T00:04:27Z,110.0,Charge 4
2022-07-10T00:04:32Z,109.0,Charge 4
2022-07-10T00:04:37Z,108.0,Charge 4
2022-07-10T00:04:47Z,109.0,Charge 4
2022-07-10T00:04:52Z,108.0,Charge 4
2022-07-10T00:05:07Z,108.0,Charge 4
2022-07-10T00:05:12Z,107.0,Charge 4
2022-07-10T00:05:22Z,106.0,Charge 4
2022-07-10T00:05:27Z,105.0,Charge 4
2022-07-10T00:05:42Z,105.0,Charge 4
2022-07-10T00:05:57Z,105.0,Charge 4
2022-07-10T00:06:07Z,106.0,Charge 4
2022-07-10T00:06:13Z,106.0,Charge 4
2022-07-10T00:06:18Z,107.0,Charge 4
2022-07-10T00:06:28Z,106.0,Charge 4
2022-07-10T00:06:33Z,105.0,Charge 4
2022-07-10T00:06:38Z,106.0,Charge 4
2022-07-10T00:06:43Z,107.0,Charge 4
2022-07-10T00:06:48Z,108.0,Charge 4
2022-07-10T00:07:03Z,108.0,Charge 4
2022-07-10T00:07:08Z,109.0,Charge 4
2022-07-10T00:07:13Z,108.0,Charge 4
2022-07-10T00:07:18Z,107.0,Charge 4
2022-07-10T00:07:33Z,106.0,Charge 4
2022-07-10T00:07:38Z,107.0,Charge 4
2022-07-10T00:07:53Z,107.0,Charge 4
2022-07-10T00:08:08Z,106.0,Charge 4
2022-07-10T00:08:23Z,106.0,Charge 4
2022-07-10T00:08:38Z,106.0,Charge 4
2022-07-10T00:08:53Z,106.0,Charge 4
2022-07-10T00:09:08Z,106.0,Charge 4
2022-07-10T00:09:23Z,106.0,Charge 4
2022-07-10T00:09:38Z,106.0,Charge 4
2022-07-10T00:09:48Z,107.0,Charge 4
2022-07-10T00:09:53Z,109.0,Charge 4
2022-07-10T00:09:58Z,108.0,Charge 4
2022-07-10T00:10:08Z,107.0,Charge 4
2022-07-10T00:10:18Z,106.0,Charge 4
2022-07-10T00:10:23Z,105.0,Charge 4
2022-07-10T00:10:29Z,105.0,Charge 4
2022-07-10T00:10:34Z,104.0,Charge 4
2022-07-10T00:10:44Z,103.0,Charge 4
2022-07-10T00:10:54Z,105.0,Charge 4
2022-07-10T00:11:04Z,103.0,Charge 4
2022-07-10T00:11:19Z,103.0,Charge 4
2022-07-10T00:11:34Z,103.0,Charge 4
2022-07-10T00:11:49Z,104.0,Charge 4
2022-07-10T00:11:59Z,103.0,Charge 4
2022-07-10T00:12:04Z,104.0,Charge 4
2022-07-10T00:12:14Z,106.0,Charge 4
2022-07-10T00:12:19Z,105.0,Charge 4
2022-07-10T00:12:24Z,102.0,Charge 4
2022-07-10T00:12:29Z,103.0,Charge 4
2022-07-10T00:12:34Z,104.0,Charge 4
2022-07-10T00:12:49Z,105.0,Charge 4
2022-07-10T00:12:54Z,106.0,Charge 4
2022-07-10T00:12:59Z,105.0,Charge 4
2022-07-10T00:13:04Z,105.0,Charge 4
2022-07-10T00:13:14Z,107.0,Charge 4
2022-07-10T00:13:19Z,108.0,Charge 4
2022-07-10T00:13:34Z,108.0,Charge 4
2022-07-10T00:13:39Z,109.0,Charge 4
2022-07-10T00:13:54Z,109.0,Charge 4
2022-07-10T00:14:04Z,110.0,Charge 4
2022-07-10T00:14:14Z,112.0,Charge 4
2022-07-10T00:14:19Z,115.0,Charge 4
2022-07-10T00:14:25Z,115.0,Charge 4
2022-07-10T00:14:30Z,116.0,Charge 4
2022-07-10T00:14:40Z,115.0,Charge 4
2022-07-10T00:14:45Z,116.0,Charge 4
2022-07-10T00:14:50Z,114.0,Charge 4
2022-07-10T00:14:55Z,113.0,Charge 4
2022-07-10T00:15:00Z,112.0,Charge 4
2022-07-10T00:15:15Z,112.0,Charge 4
2022-07-10T00:15:20Z,111.0,Charge 4
2022-07-10T00:15:35Z,111.0,Charge 4
2022-07-10T00:15:40Z,109.0,Charge 4
2022-07-10T00:15:45Z,110.0,Charge 4
2022-07-10T00:16:00Z,110.0,Charge 4
2022-07-10T00:16:05Z,109.0,Charge 4
2022-07-10T00:16:20Z,110.0,Charge 4
2022-07-10T00:16:25Z,109.0,Charge 4
2022-07-10T00:16:30Z,110.0,Charge 4
2022-07-10T00:16:35Z,109.0,Charge 4
2022-07-10T00:16:50Z,109.0,Charge 4
2022-07-10T00:17:00Z,108.0,Charge 4
2022-07-10T00:17:05Z,107.0,Charge 4
2022-07-10T00:17:10Z,104.0,Charge 4
2022-07-10T00:17:15Z,102.0,Charge 4
2022-07-10T00:17:20Z,103.0,Charge 4
2022-07-10T00:17:25Z,100.0,Charge 4
2022-07-10T00:17:30Z,98.0,Charge 4
2022-07-10T00:17:35Z,95.0,Charge 4
2022-07-10T00:17:40Z,98.0,Charge 4
2022-07-10T00:17:50Z,99.0,Charge 4
2022-07-10T00:18:05Z,99.0,Charge 4
2022-07-10T00:18:10Z,104.0,Charge 4
2022-07-10T00:18:15Z,105.0,Charge 4
2022-07-10T00:18:20Z,106.0,Charge 4
2022-07-10T00:18:25Z,107.0,Charge 4
2022-07-10T00:18:30Z,108.0,Charge 4
2022-07-10T00:18:35Z,107.0,Charge 4
2022-07-10T00:18:40Z,105.0,Charge 4
2022-07-10T00:18:45Z,104.0,Charge 4
2022-07-10T00:18:50Z,105.0,Charge 4
2022-07-10T00:18:55Z,106.0,Charge 4
2022-07-10T00:19:00Z,107.0,Charge 4
2022-07-10T00:19:15Z,108.0,Charge 4
2022-07-10T00:19:20Z,107.0,Charge 4
2022-07-10T00:19:30Z,108.0,Charge 4
2022-07-10T00:19:35Z,107.0,Charge 4
2022-07-10T00:19:40Z,106.0,Charge 4
2022-07-10T00:19:55Z,108.0,Charge 4
2022-07-10T00:20:00Z,108.0,Charge 4
2022-07-10T00:20:05Z,109.0,Charge 4
2022-07-10T00:20:20Z,109.0,Charge 4
2022-07-10T00:20:25Z,108.0,Charge 4
2022-07-10T00:20:40Z,108.0,Charge 4
2022-07-10T00:20:45Z,108.0,Charge 4
2022-07-10T00:20:51Z,108.0,Charge 4
2022-07-10T00:21:01Z,107.0,Charge 4
2022-07-10T00:21:06Z,108.0,Charge 4
2022-07-10T00:21:16Z,109.0,Charge 4
2022-07-10T00:21:21Z,108.0,Charge 4
2022-07-10T00:21:31Z,107.0,Charge 4
2022-07-10T00:21:46Z,106.0,Charge 4
2022-07-10T00:22:01Z,106.0,Charge 4
2022-07-10T00:22:06Z,107.0,Charge 4
2022-07-10T00:22:11Z,106.0,Charge 4
2022-07-10T00:22:16Z,107.0,Charge 4
2022-07-10T00:22:26Z,108.0,Charge 4
2022-07-10T00:22:31Z,109.0,Charge 4
2022-07-10T00:22:46Z,109.0,Charge 4
2022-07-10T00:23:01Z,109.0,Charge 4
2022-07-10T00:23:16Z,110.0,Charge 4
2022-07-10T00:23:26Z,108.0,Charge 4
2022-07-10T00:23:41Z,108.0,Charge 4
2022-07-10T00:23:51Z,107.0,Charge 4
2022-07-10T00:24:01Z,109.0,Charge 4
2022-07-10T00:24:16Z,109.0,Charge 4
2022-07-10T00:24:31Z,106.0,Charge 4
2022-07-10T00:24:41Z,108.0,Charge 4
2022-07-10T00:24:51Z,109.0,Charge 4
2022-07-10T00:24:56Z,108.0,Charge 4
2022-07-10T00:25:01Z,109.0,Charge 4
2022-07-10T00:25:16Z,109.0,Charge 4
2022-07-10T00:25:21Z,108.0,Charge 4
2022-07-10T00:25:31Z,107.0,Charge 4
2022-07-10T00:25:36Z,105.0,Charge 4
2022-07-10T00:25:41Z,104.0,Charge 4
2022-07-10T00:25:46Z,105.0,Charge 4
2022-07-10T00:26:01Z,102.0,Charge 4
2022-07-10T00:26:06Z,101.0,Charge 4
2022-07-10T00:26:21Z,101.0,Charge 4
2022-07-10T00:26:26Z,103.0,Charge 4
2022-07-10T00:26:36Z,103.0,Charge 4
2022-07-10T00:26:41Z,104.0,Charge 4
2022-07-10T00:26:46Z,107.0,Charge 4
2022-07-10T00:26:51Z,106.0,Charge 4
2022-07-10T00:26:56Z,105.0,Charge 4
2022-07-10T00:27:01Z,106.0,Charge 4
2022-07-10T00:27:11Z,108.0,Charge 4
2022-07-10T00:27:26Z,108.0,Charge 4
2022-07-10T00:27:31Z,107.0,Charge 4
2022-07-10T00:27:46Z,107.0,Charge 4
2022-07-10T00:27:51Z,108.0,Charge 4
2022-07-10T00:28:06Z,108.0,Charge 4
2022-07-10T00:28:21Z,107.0,Charge 4
2022-07-10T00:28:36Z,107.0,Charge 4
2022-07-10T00:28:41Z,106.0,Charge 4
2022-07-10T00:28:46Z,105.0,Charge 4
2022-07-10T00:28:53Z,105.0,Charge 4
2022-07-10T00:29:08Z,105.0,Charge 4
2022-07-10T00:29:18Z,104.0,Charge 4
2022-07-10T00:29:33Z,104.0,Charge 4
2022-07-10T00:29:38Z,105.0,Charge 4
2022-07-10T00:29:43Z,107.0,Charge 4
2022-07-10T00:29:48Z,106.0,Charge 4
2022-07-10T00:29:53Z,104.0,Charge 4
2022-07-10T00:30:03Z,103.0,Charge 4
2022-07-10T00:30:08Z,105.0,Charge 4
2022-07-10T00:30:13Z,108.0,Charge 4
2022-07-10T00:30:23Z,109.0,Charge 4
2022-07-10T00:30:28Z,113.0,Charge 4
2022-07-10T00:30:33Z,118.0,Charge 4
2022-07-10T00:30:48Z,118.0,Charge 4
2022-07-10T00:30:53Z,119.0,Charge 4
2022-07-10T00:31:03Z,116.0,Charge 4
2022-07-10T00:31:08Z,113.0,Charge 4
2022-07-10T00:31:13Z,114.0,Charge 4
2022-07-10T00:31:23Z,115.0,Charge 4
2022-07-10T00:31:28Z,114.0,Charge 4
2022-07-10T00:31:38Z,115.0,Charge 4
2022-07-10T00:31:48Z,116.0,Charge 4
2022-07-10T00:31:53Z,118.0,Charge 4
2022-07-10T00:32:03Z,117.0,Charge 4
2022-07-10T00:32:08Z,116.0,Charge 4
2022-07-10T00:32:13Z,115.0,Charge 4
2022-07-10T00:32:19Z,114.0,Charge 4
2022-07-10T00:32:24Z,115.0,Charge 4
2022-07-10T00:32:34Z,116.0,Charge 4
2022-07-10T00:32:44Z,115.0,Charge 4
2022-07-10T00:32:49Z,114.0,Charge 4
2022-07-10T00:32:54Z,115.0,Charge 4
2022-07-10T00:32:59Z,116.0,Charge 4
2022-07-10T00:33:04Z,117.0,Charge 4
2022-07-10T00:33:14Z,119.0,Charge 4
2022-07-10T00:33:19Z,122.0,Charge 4
2022-07-10T00:33:24Z,125.0,Charge 4
2022-07-10T00:33:29Z,124.0,Charge 4
2022-07-10T00:33:34Z,127.0,Charge 4
2022-07-10T00:33:39Z,128.0,Charge 4
2022-07-10T00:33:44Z,132.0,Charge 4
2022-07-10T00:33:49Z,136.0,Charge 4
2022-07-10T00:33:54Z,137.0,Charge 4
2022-07-10T00:33:59Z,135.0,Charge 4
2022-07-10T00:34:04Z,132.0,Charge 4
2022-07-10T00:34:09Z,129.0,Charge 4
2022-07-10T00:34:14Z,130.0,Charge 4
2022-07-10T00:34:19Z,129.0,Charge 4
2022-07-10T00:34:24Z,128.0,Charge 4
2022-07-10T00:34:29Z,126.0,Charge 4
2022-07-10T00:34:34Z,125.0,Charge 4
2022-07-10T00:34:39Z,124.0,Charge 4
2022-07-10T00:34:44Z,123.0,Charge 4
2022-07-10T00:34:49Z,121.0,Charge 4
2022-07-10T00:34:54Z,119.0,Charge 4
2022-07-10T00:34:59Z,116.0,Charge 4
2022-07-10T00:35:04Z,115.0,Charge 4
2022-07-10T00:35:14Z,116.0,Charge 4
2022-07-10T00:35:19Z,118.0,Charge 4
2022-07-10T00:35:34Z,118.0,Charge 4
2022-07-10T00:35:44Z,117.0,Charge 4
2022-07-10T00:35:49Z,115.0,Charge 4
2022-07-10T00:35:54Z,115.0,Charge 4
2022-07-10T00:36:09Z,114.0,Charge 4
2022-07-10T00:36:14Z,115.0,Charge 4
2022-07-10T00:36:19Z,116.0,Charge 4
2022-07-10T00:36:24Z,115.0,Charge 4
2022-07-10T00:36:29Z,114.0,Charge 4
2022-07-10T00:36:39Z,113.0,Charge 4
2022-07-10T00:36:44Z,113.0,Charge 4
2022-07-10T00:36:59Z,113.0,Charge 4
2022-07-10T00:37:04Z,111.0,Charge 4
2022-07-10T00:37:09Z,107.0,Charge 4
2022-07-10T00:37:19Z,109.0,Charge 4
2022-07-10T00:37:29Z,114.0,Charge 4
2022-07-10T00:37:39Z,113.0,Charge 4
2022-07-10T00:37:44Z,111.0,Charge 4
2022-07-10T00:37:54Z,110.0,Charge 4
2022-07-10T00:37:59Z,109.0,Charge 4
2022-07-10T00:38:04Z,111.0,Charge 4
2022-07-10T00:38:09Z,112.0,Charge 4
2022-07-10T00:38:24Z,113.0,Charge 4
2022-07-10T00:38:39Z,114.0,Charge 4
2022-07-10T00:38:44Z,115.0,Charge 4
2022-07-10T00:38:54Z,113.0,Charge 4
2022-07-10T00:38:59Z,112.0,Charge 4
2022-07-10T00:39:04Z,114.0,Charge 4
2022-07-10T00:39:14Z,115.0,Charge 4
2022-07-10T00:39:19Z,114.0,Charge 4
2022-07-10T00:39:34Z,115.0,Charge 4
2022-07-10T00:39:39Z,116.0,Charge 4
2022-07-10T00:39:49Z,118.0,Charge 4
2022-07-10T00:39:54Z,117.0,Charge 4
2022-07-10T00:40:09Z,117.0,Charge 4
2022-07-10T00:40:19Z,118.0,Charge 4
2022-07-10T00:40:34Z,118.0,Charge 4
2022-07-10T00:40:39Z,119.0,Charge 4
2022-07-10T00:40:54Z,119.0,Charge 4
2022-07-10T00:40:59Z,114.0,Charge 4
2022-07-10T00:41:04Z,112.0,Charge 4
2022-07-10T00:41:09Z,113.0,Charge 4
2022-07-10T00:41:14Z,112.0,Charge 4
2022-07-10T00:41:19Z,110.0,Charge 4
2022-07-10T00:41:24Z,111.0,Charge 4
2022-07-10T00:41:29Z,111.0,Charge 4
2022-07-10T00:41:39Z,112.0,Charge 4
2022-07-10T00:41:44Z,113.0,Charge 4
2022-07-10T00:41:49Z,112.0,Charge 4
2022-07-10T00:41:54Z,111.0,Charge 4
2022-07-10T00:41:59Z,112.0,Charge 4
2022-07-10T00:42:04Z,113.0,Charge 4
2022-07-10T00:42:14Z,112.0,Charge 4
2022-07-10T00:42:29Z,111.0,Charge 4
2022-07-10T00:42:34Z,112.0,Charge 4
2022-07-10T00:42:39Z,113.0,Charge 4
2022-07-10T00:42:44Z,111.0,Charge 4
2022-07-10T00:42:49Z,110.0,Charge 4
2022-07-10T00:43:04Z,110.0,Charge 4
2022-07-10T00:43:14Z,111.0,Charge 4
2022-07-10T00:43:24Z,110.0,Charge 4
2022-07-10T00:43:34Z,112.0,Charge 4
2022-07-10T00:43:39Z,115.0,Charge 4
2022-07-10T00:43:44Z,111.0,Charge 4
2022-07-10T00:43:54Z,112.0,Charge 4
2022-07-10T00:43:59Z,113.0,Charge 4
2022-07-10T00:44:04Z,115.0,Charge 4
2022-07-10T00:44:19Z,115.0,Charge 4
2022-07-10T00:44:29Z,116.0,Charge 4
2022-07-10T00:44:39Z,108.0,Charge 4
2022-07-10T00:44:44Z,115.0,Charge 4
2022-07-10T00:44:54Z,116.0,Charge 4
2022-07-10T00:45:04Z,115.0,Charge 4
2022-07-10T00:45:09Z,114.0,Charge 4
2022-07-10T00:45:14Z,113.0,Charge 4
2022-07-10T00:45:19Z,113.0,Charge 4
2022-07-10T00:45:24Z,114.0,Charge 4
2022-07-10T00:45:39Z,114.0,Charge 4
2022-07-10T00:45:44Z,115.0,Charge 4
2022-07-10T00:45:49Z,116.0,Charge 4
2022-07-10T00:45:54Z,115.0,Charge 4
2022-07-10T00:46:04Z,116.0,Charge 4
2022-07-10T00:46:09Z,117.0,Charge 4
2022-07-10T00:46:14Z,118.0,Charge 4
2022-07-10T00:46:19Z,120.0,Charge 4
2022-07-10T00:46:29Z,121.0,Charge 4
2022-07-10T00:46:34Z,121.0,Charge 4
2022-07-10T00:46:39Z,118.0,Charge 4
2022-07-10T00:46:44Z,117.0,Charge 4
2022-07-10T00:46:49Z,116.0,Charge 4
2022-07-10T00:46:54Z,116.0,Charge 4
2022-07-10T00:47:09Z,115.0,Charge 4
2022-07-10T00:47:14Z,114.0,Charge 4
2022-07-10T00:47:19Z,112.0,Charge 4
2022-07-10T00:47:34Z,113.0,Charge 4
2022-07-10T00:47:39Z,112.0,Charge 4
2022-07-10T00:47:49Z,111.0,Charge 4
2022-07-10T00:47:54Z,109.0,Charge 4
2022-07-10T00:47:59Z,111.0,Charge 4
2022-07-10T00:48:04Z,112.0,Charge 4
2022-07-10T00:48:09Z,109.0,Charge 4
2022-07-10T00:48:14Z,106.0,Charge 4
2022-07-10T00:48:20Z,99.0,Charge 4
2022-07-10T00:48:25Z,102.0,Charge 4
2022-07-10T00:48:30Z,105.0,Charge 4
2022-07-10T00:48:35Z,102.0,Charge 4
2022-07-10T00:48:40Z,99.0,Charge 4
2022-07-10T00:48:45Z,104.0,Charge 4
2022-07-10T00:48:50Z,104.0,Charge 4
2022-07-10T00:49:00Z,106.0,Charge 4
2022-07-10T00:49:15Z,105.0,Charge 4
2022-07-10T00:49:20Z,104.0,Charge 4
2022-07-10T00:49:25Z,101.0,Charge 4
2022-07-10T00:49:30Z,104.0,Charge 4
2022-07-10T00:49:35Z,103.0,Charge 4
2022-07-10T00:49:40Z,100.0,Charge 4
2022-07-10T00:49:45Z,101.0,Charge 4
2022-07-10T00:49:50Z,105.0,Charge 4
2022-07-10T00:49:55Z,106.0,Charge 4
2022-07-10T00:50:00Z,106.0,Charge 4
2022-07-10T00:50:15Z,104.0,Charge 4
2022-07-10T00:50:20Z,102.0,Charge 4
2022-07-10T00:50:35Z,103.0,Charge 4
2022-07-10T00:50:45Z,104.0,Charge 4
2022-07-10T00:51:00Z,104.0,Charge 4
2022-07-10T00:51:15Z,103.0,Charge 4
2022-07-10T00:51:20Z,101.0,Charge 4
2022-07-10T00:51:25Z,100.0,Charge 4
2022-07-10T00:51:35Z,101.0,Charge 4
2022-07-10T00:51:40Z,100.0,Charge 4
2022-07-10T00:51:45Z,101.0,Charge 4
2022-07-10T00:52:00Z,102.0,Charge 4
2022-07-10T00:52:05Z,101.0,Charge 4
2022-07-10T00:52:15Z,102.0,Charge 4
2022-07-10T08:55:46Z,70.0,Charge 4
2022-07-10T13:38:23Z,70.0,Charge 4
2022-07-10T13:38:33Z,73.0,Charge 4
2022-07-10T13:38:38Z,84.0,Charge 4
2022-07-10T13:38:43Z,90.0,Charge 4
2022-07-10T13:38:48Z,92.0,Charge 4
2022-07-10T13:38:53Z,93.0,Charge 4
2022-07-10T13:38:58Z,95.0,Charge 4
2022-07-10T13:39:13Z,95.0,Charge 4
2022-07-10T13:39:18Z,93.0,Charge 4
2022-07-10T13:39:23Z,92.0,Charge 4
2022-07-10T13:39:28Z,91.0,Charge 4
2022-07-10T13:39:33Z,92.0,Charge 4
2022-07-10T13:39:38Z,93.0,Charge 4
2022-07-10T13:39:43Z,92.0,Charge 4
2022-07-10T13:39:48Z,91.0,Charge 4
2022-07-10T13:39:53Z,92.0,Charge 4
2022-07-10T13:40:03Z,93.0,Charge 4
2022-07-10T13:40:08Z,96.0,Charge 4
2022-07-10T13:40:13Z,99.0,Charge 4
2022-07-10T13:40:28Z,99.0,Charge 4
2022-07-10T13:40:33Z,101.0,Charge 4
2022-07-10T13:40:43Z,102.0,Charge 4
2022-07-10T13:40:48Z,101.0,Charge 4
2022-07-10T13:40:53Z,100.0,Charge 4
2022-07-10T13:40:58Z,101.0,Charge 4
2022-07-10T13:41:03Z,103.0,Charge 4
2022-07-10T13:41:08Z,103.0,Charge 4
2022-07-10T13:41:18Z,107.0,Charge 4
2022-07-10T13:41:23Z,109.0,Charge 4
2022-07-10T13:41:28Z,108.0,Charge 4
2022-07-10T13:41:33Z,106.0,Charge 4
2022-07-10T13:41:38Z,105.0,Charge 4
2022-07-10T13:41:43Z,103.0,Charge 4
2022-07-10T13:41:48Z,100.0,Charge 4
2022-07-10T13:41:53Z,102.0,Charge 4
2022-07-10T13:41:58Z,104.0,Charge 4
2022-07-10T13:42:08Z,103.0,Charge 4
2022-07-10T13:42:18Z,104.0,Charge 4
2022-07-10T13:42:23Z,96.0,Charge 4
2022-07-10T13:42:33Z,100.0,Charge 4
2022-07-10T13:42:38Z,101.0,Charge 4
2022-07-10T13:42:48Z,103.0,Charge 4
2022-07-10T13:42:53Z,102.0,Charge 4
2022-07-10T13:42:58Z,100.0,Charge 4
2022-07-10T13:43:08Z,102.0,Charge 4
2022-07-10T13:43:13Z,103.0,Charge 4
2022-07-10T13:43:23Z,100.0,Charge 4
2022-07-10T13:43:28Z,97.0,Charge 4
2022-07-10T13:43:33Z,98.0,Charge 4
2022-07-10T13:43:38Z,99.0,Charge 4
2022-07-10T13:43:48Z,100.0,Charge 4
2022-07-10T13:43:58Z,99.0,Charge 4
2022-07-10T13:44:03Z,100.0,Charge 4
2022-07-10T13:44:11Z,103.0,Charge 4
2022-07-10T13:44:16Z,105.0,Charge 4
2022-07-10T13:44:21Z,106.0,Charge 4
2022-07-10T13:44:26Z,105.0,Charge 4
2022-07-10T13:44:36Z,100.0,Charge 4
2022-07-10T13:44:46Z,100.0,Charge 4
2022-07-10T13:45:01Z,100.0,Charge 4
2022-07-10T13:45:16Z,100.0,Charge 4
2022-07-10T13:45:21Z,99.0,Charge 4
2022-07-10T13:45:26Z,98.0,Charge 4
2022-07-10T13:45:31Z,96.0,Charge 4
2022-07-10T13:45:46Z,96.0,Charge 4
2022-07-10T13:46:01Z,97.0,Charge 4
2022-07-10T13:46:06Z,97.0,Charge 4
2022-07-10T13:46:11Z,96.0,Charge 4
2022-07-10T13:46:26Z,96.0,Charge 4
2022-07-10T13:46:41Z,94.0,Charge 4
2022-07-10T13:46:51Z,95.0,Charge 4
2022-07-10T13:46:56Z,94.0,Charge 4
2022-07-10T13:47:11Z,94.0,Charge 4
2022-07-10T13:47:21Z,95.0,Charge 4
2022-07-10T13:47:26Z,94.0,Charge 4
2022-07-10T13:47:31Z,92.0,Charge 4
2022-07-10T13:47:36Z,91.0,Charge 4
2022-07-10T13:47:42Z,91.0,Charge 4
2022-07-10T13:47:52Z,92.0,Charge 4
2022-07-10T13:48:07Z,92.0,Charge 4
2022-07-10T13:48:22Z,92.0,Charge 4
2022-07-10T13:48:27Z,93.0,Charge 4
2022-07-10T13:48:42Z,93.0,Charge 4
2022-07-10T13:48:52Z,94.0,Charge 4
2022-07-10T13:48:57Z,95.0,Charge 4
2022-07-10T13:49:02Z,96.0,Charge 4
2022-07-10T13:49:07Z,93.0,Charge 4
2022-07-10T13:49:12Z,91.0,Charge 4
2022-07-10T13:49:17Z,90.0,Charge 4
2022-07-10T13:49:22Z,89.0,Charge 4
2022-07-10T13:49:27Z,90.0,Charge 4
2022-07-10T13:49:32Z,92.0,Charge 4
2022-07-10T13:49:37Z,93.0,Charge 4
2022-07-10T13:49:52Z,93.0,Charge 4
2022-07-10T13:50:02Z,94.0,Charge 4
2022-07-10T13:50:07Z,95.0,Charge 4
2022-07-10T13:50:22Z,95.0,Charge 4
2022-07-10T13:50:37Z,95.0,Charge 4
2022-07-10T13:50:42Z,101.0,Charge 4
2022-07-10T13:50:47Z,104.0,Charge 4
2022-07-10T13:50:57Z,106.0,Charge 4
2022-07-10T13:51:02Z,107.0,Charge 4
2022-07-10T13:51:17Z,107.0,Charge 4
2022-07-10T13:51:18Z,109.0,Charge 4
2022-07-10T13:51:23Z,110.0,Charge 4
2022-07-10T13:51:38Z,112.0,Charge 4
2022-07-10T13:51:53Z,112.0,Charge 4
2022-07-10T13:51:58Z,109.0,Charge 4
2022-07-10T13:52:03Z,107.0,Charge 4
2022-07-10T13:52:08Z,108.0,Charge 4
2022-07-10T13:52:13Z,107.0,Charge 4
2022-07-10T13:52:18Z,102.0,Charge 4
2022-07-10T13:52:23Z,103.0,Charge 4
2022-07-10T13:52:28Z,107.0,Charge 4
2022-07-10T13:52:33Z,103.0,Charge 4
2022-07-10T13:52:38Z,100.0,Charge 4
2022-07-10T13:52:43Z,96.0,Charge 4
2022-07-10T13:52:58Z,99.0,Charge 4
2022-07-10T13:53:03Z,103.0,Charge 4
2022-07-10T13:53:08Z,101.0,Charge 4
2022-07-10T13:53:13Z,97.0,Charge 4
2022-07-10T13:53:18Z,99.0,Charge 4
2022-07-10T13:53:23Z,105.0,Charge 4
2022-07-10T13:53:28Z,110.0,Charge 4
2022-07-10T13:53:33Z,111.0,Charge 4
2022-07-10T13:53:38Z,112.0,Charge 4
2022-07-10T13:53:43Z,113.0,Charge 4
2022-07-10T13:53:48Z,111.0,Charge 4
2022-07-10T13:53:53Z,109.0,Charge 4
2022-07-10T13:54:03Z,110.0,Charge 4
2022-07-10T13:54:08Z,110.0,Charge 4
2022-07-10T13:54:18Z,109.0,Charge 4
2022-07-10T13:54:23Z,112.0,Charge 4
2022-07-10T13:54:38Z,113.0,Charge 4
2022-07-10T13:54:43Z,112.0,Charge 4
2022-07-10T13:54:58Z,111.0,Charge 4
2022-07-10T13:55:08Z,110.0,Charge 4
2022-07-10T13:55:13Z,108.0,Charge 4
2022-07-10T13:55:18Z,106.0,Charge 4
2022-07-10T13:55:23Z,105.0,Charge 4
2022-07-10T13:55:28Z,102.0,Charge 4
2022-07-10T13:55:33Z,96.0,Charge 4
2022-07-10T13:55:38Z,91.0,Charge 4
2022-07-10T13:55:48Z,93.0,Charge 4
2022-07-10T13:55:53Z,98.0,Charge 4
2022-07-10T13:55:58Z,103.0,Charge 4
2022-07-10T13:56:03Z,106.0,Charge 4
2022-07-10T13:56:08Z,108.0,Charge 4
2022-07-10T13:56:23Z,108.0,Charge 4
2022-07-10T13:56:38Z,109.0,Charge 4
2022-07-10T13:56:53Z,109.0,Charge 4
2022-07-10T13:56:58Z,109.0,Charge 4
2022-07-10T13:57:03Z,108.0,Charge 4
2022-07-10T13:57:13Z,107.0,Charge 4
2022-07-10T13:57:23Z,106.0,Charge 4
2022-07-10T13:57:29Z,106.0,Charge 4
2022-07-10T13:57:39Z,105.0,Charge 4
2022-07-10T13:57:49Z,106.0,Charge 4
2022-07-10T13:58:04Z,105.0,Charge 4
2022-07-10T13:58:19Z,105.0,Charge 4
2022-07-10T13:58:34Z,104.0,Charge 4
2022-07-10T13:58:49Z,104.0,Charge 4
2022-07-10T13:58:54Z,106.0,Charge 4
2022-07-10T13:58:59Z,106.0,Charge 4
2022-07-10T13:59:04Z,106.0,Charge 4
2022-07-10T13:59:09Z,105.0,Charge 4
2022-07-10T13:59:14Z,102.0,Charge 4
2022-07-10T13:59:19Z,101.0,Charge 4
2022-07-10T13:59:24Z,103.0,Charge 4
2022-07-10T13:59:29Z,104.0,Charge 4
2022-07-10T13:59:34Z,106.0,Charge 4
2022-07-10T13:59:44Z,108.0,Charge 4
2022-07-10T13:59:49Z,107.0,Charge 4
2022-07-10T13:59:54Z,106.0,Charge 4
2022-07-10T13:59:59Z,104.0,Charge 4
2022-07-10T14:00:09Z,105.0,Charge 4
2022-07-10T14:00:24Z,105.0,Charge 4
2022-07-10T14:00:29Z,104.0,Charge 4
2022-07-10T14:00:34Z,102.0,Charge 4
2022-07-10T14:00:49Z,102.0,Charge 4
2022-07-10T14:00:54Z,101.0,Charge 4
2022-07-10T14:01:04Z,102.0,Charge 4
2022-07-10T14:01:09Z,102.0,Charge 4
2022-07-10T14:01:14Z,104.0,Charge 4
2022-07-10T14:01:24Z,105.0,Charge 4
2022-07-10T14:01:34Z,104.0,Charge 4
2022-07-10T14:01:39Z,105.0,Charge 4
2022-07-10T14:01:54Z,104.0,Charge 4
2022-07-10T14:02:04Z,105.0,Charge 4
2022-07-10T14:02:09Z,106.0,Charge 4
2022-07-10T14:02:14Z,107.0,Charge 4
2022-07-10T14:02:19Z,108.0,Charge 4
2022-07-10T14:02:29Z,109.0,Charge 4
2022-07-10T14:02:34Z,108.0,Charge 4
2022-07-10T14:02:39Z,104.0,Charge 4
2022-07-10T14:02:44Z,99.0,Charge 4
2022-07-10T14:02:49Z,96.0,Charge 4
2022-07-10T14:02:54Z,97.0,Charge 4
2022-07-10T14:02:59Z,96.0,Charge 4
2022-07-10T14:03:04Z,97.0,Charge 4
2022-07-10T14:03:09Z,100.0,Charge 4
2022-07-10T14:03:14Z,101.0,Charge 4
2022-07-10T14:03:19Z,102.0,Charge 4
2022-07-10T14:03:24Z,103.0,Charge 4
2022-07-10T14:03:29Z,104.0,Charge 4
2022-07-10T14:03:39Z,103.0,Charge 4
2022-07-10T14:03:49Z,104.0,Charge 4
2022-07-10T14:03:54Z,105.0,Charge 4
2022-07-10T14:03:59Z,104.0,Charge 4
2022-07-10T14:04:05Z,104.0,Charge 4
2022-07-10T14:04:10Z,103.0,Charge 4
2022-07-10T14:04:20Z,102.0,Charge 4
2022-07-10T14:04:30Z,101.0,Charge 4
2022-07-10T14:04:35Z,100.0,Charge 4
2022-07-10T14:04:45Z,101.0,Charge 4
2022-07-10T14:04:50Z,100.0,Charge 4
2022-07-10T14:05:05Z,100.0,Charge 4
2022-07-10T14:05:15Z,101.0,Charge 4
2022-07-10T14:05:25Z,99.0,Charge 4
2022-07-10T14:05:30Z,96.0,Charge 4
2022-07-10T14:05:45Z,96.0,Charge 4
2022-07-10T14:06:00Z,99.0,Charge 4
2022-07-10T14:06:05Z,100.0,Charge 4
2022-07-10T14:06:10Z,101.0,Charge 4
2022-07-10T14:06:25Z,101.0,Charge 4
2022-07-10T14:06:30Z,102.0,Charge 4
2022-07-10T14:06:40Z,101.0,Charge 4
2022-07-10T14:06:45Z,100.0,Charge 4
2022-07-10T14:06:55Z,99.0,Charge 4
2022-07-10T14:07:05Z,100.0,Charge 4
2022-07-10T14:07:10Z,101.0,Charge 4
2022-07-10T14:07:15Z,102.0,Charge 4
2022-07-10T14:07:20Z,103.0,Charge 4
2022-07-10T14:07:35Z,103.0,Charge 4
2022-07-10T14:07:50Z,103.0,Charge 4
2022-07-10T14:07:55Z,102.0,Charge 4
2022-07-10T14:08:00Z,102.0,Charge 4
2022-07-10T14:08:05Z,101.0,Charge 4
2022-07-10T14:08:10Z,102.0,Charge 4
2022-07-10T14:08:20Z,103.0,Charge 4
2022-07-10T14:08:25Z,102.0,Charge 4
2022-07-10T14:08:30Z,101.0,Charge 4
2022-07-10T14:08:35Z,101.0,Charge 4
2022-07-10T14:08:45Z,102.0,Charge 4
2022-07-10T14:08:50Z,103.0,Charge 4
2022-07-10T14:09:00Z,102.0,Charge 4
2022-07-10T14:09:05Z,103.0,Charge 4
2022-07-10T14:09:10Z,101.0,Charge 4
2022-07-10T14:09:15Z,102.0,Charge 4
2022-07-10T14:09:20Z,103.0,Charge 4
2022-07-10T14:09:25Z,104.0,Charge 4
2022-07-10T14:09:30Z,103.0,Charge 4
2022-07-10T14:09:35Z,105.0,Charge 4
2022-07-10T14:09:40Z,107.0,Charge 4
2022-07-10T14:09:50Z,106.0,Charge 4
2022-07-10T14:09:55Z,102.0,Charge 4
2022-07-10T14:10:00Z,101.0,Charge 4
2022-07-10T14:10:05Z,96.0,Charge 4
2022-07-10T14:10:20Z,96.0,Charge 4
2022-07-10T14:10:30Z,94.0,Charge 4
2022-07-10T14:10:35Z,94.0,Charge 4
2022-07-10T14:10:40Z,94.0,Charge 4
2022-07-10T14:10:45Z,94.0,Charge 4
2022-07-10T14:10:51Z,94.0,Charge 4
2022-07-10T14:11:06Z,94.0,Charge 4
2022-07-10T14:11:11Z,96.0,Charge 4
2022-07-10T14:11:16Z,97.0,Charge 4
2022-07-10T14:11:26Z,96.0,Charge 4
2022-07-10T14:11:41Z,96.0,Charge 4
2022-07-10T14:11:46Z,96.0,Charge 4
2022-07-10T14:11:51Z,96.0,Charge 4
2022-07-10T14:12:01Z,95.0,Charge 4
2022-07-10T14:12:16Z,95.0,Charge 4
2022-07-10T14:12:21Z,96.0,Charge 4
2022-07-10T14:12:26Z,97.0,Charge 4
2022-07-10T14:12:36Z,96.0,Charge 4
2022-07-10T14:12:46Z,95.0,Charge 4
2022-07-10T14:12:51Z,94.0,Charge 4
2022-07-10T14:13:01Z,93.0,Charge 4
2022-07-10T14:13:06Z,92.0,Charge 4
2022-07-10T14:13:11Z,92.0,Charge 4
2022-07-10T14:13:16Z,92.0,Charge 4
2022-07-10T14:13:21Z,93.0,Charge 4
2022-07-10T14:13:36Z,92.0,Charge 4
2022-07-10T14:13:41Z,91.0,Charge 4
2022-07-10T14:13:56Z,91.0,Charge 4
2022-07-10T14:14:01Z,91.0,Charge 4
2022-07-10T14:14:06Z,92.0,Charge 4
2022-07-10T14:14:11Z,92.0,Charge 4
2022-07-10T14:14:21Z,94.0,Charge 4
2022-07-10T14:14:26Z,94.0,Charge 4
2022-07-10T14:14:41Z,94.0,Charge 4
2022-07-10T14:14:51Z,95.0,Charge 4
2022-07-10T14:15:01Z,94.0,Charge 4
2022-07-10T14:15:11Z,93.0,Charge 4
2022-07-10T14:15:26Z,93.0,Charge 4
2022-07-10T14:15:41Z,93.0,Charge 4
2022-07-10T14:15:56Z,93.0,Charge 4
2022-07-10T14:16:01Z,93.0,Charge 4
2022-07-10T14:16:06Z,93.0,Charge 4
2022-07-10T14:16:21Z,93.0,Charge 4
2022-07-10T14:16:36Z,94.0,Charge 4
2022-07-10T14:16:41Z,95.0,Charge 4
2022-07-10T14:16:56Z,95.0,Charge 4
2022-07-10T14:17:11Z,95.0,Charge 4
2022-07-10T14:17:16Z,94.0,Charge 4
2022-07-10T14:17:21Z,93.0,Charge 4
2022-07-10T14:17:36Z,93.0,Charge 4
2022-07-10T14:17:51Z,93.0,Charge 4
2022-07-10T14:18:06Z,93.0,Charge 4
2022-07-10T14:18:11Z,94.0,Charge 4
2022-07-10T14:18:21Z,93.0,Charge 4
2022-07-10T14:18:36Z,93.0,Charge 4
2022-07-10T14:18:51Z,93.0,Charge 4
2022-07-10T14:19:06Z,93.0,Charge 4
2022-07-10T14:19:21Z,93.0,Charge 4
2022-07-10T14:19:23Z,93.0,Charge 4
2022-07-10T14:19:38Z,93.0,Charge 4
2022-07-10T14:19:43Z,92.0,Charge 4
2022-07-10T14:19:53Z,91.0,Charge 4
2022-07-10T14:20:08Z,91.0,Charge 4
2022-07-10T14:20:18Z,92.0,Charge 4
2022-07-10T14:20:28Z,93.0,Charge 4
2022-07-10T14:20:43Z,94.0,Charge 4
2022-07-10T14:20:48Z,92.0,Charge 4
2022-07-10T14:20:58Z,95.0,Charge 4
2022-07-10T14:21:03Z,98.0,Charge 4
2022-07-10T14:21:08Z,98.0,Charge 4
2022-07-10T14:21:13Z,97.0,Charge 4
2022-07-10T14:21:18Z,96.0,Charge 4
2022-07-10T14:21:23Z,95.0,Charge 4
2022-07-10T14:21:28Z,95.0,Charge 4
2022-07-10T14:21:38Z,94.0,Charge 4
2022-07-10T14:21:48Z,94.0,Charge 4
2022-07-10T14:21:53Z,94.0,Charge 4
2022-07-10T14:22:08Z,94.0,Charge 4
2022-07-10T14:22:13Z,92.0,Charge 4
2022-07-10T14:22:28Z,92.0,Charge 4
2022-07-10T14:22:43Z,93.0,Charge 4
2022-07-10T14:22:58Z,93.0,Charge 4
2022-07-10T14:23:08Z,92.0,Charge 4
2022-07-10T14:23:18Z,93.0,Charge 4
2022-07-10T14:23:33Z,93.0,Charge 4
2022-07-10T14:23:38Z,93.0,Charge 4
2022-07-10T14:23:48Z,94.0,Charge 4
2022-07-10T14:24:03Z,94.0,Charge 4
2022-07-10T14:24:18Z,93.0,Charge 4
2022-07-10T14:24:33Z,93.0,Charge 4
2022-07-10T14:24:48Z,93.0,Charge 4
2022-07-10T14:25:03Z,93.0,Charge 4
2022-07-10T14:25:18Z,93.0,Charge 4
2022-07-10T14:25:33Z,94.0,Charge 4
2022-07-10T14:25:48Z,94.0,Charge 4
2022-07-10T14:25:53Z,95.0,Charge 4
2022-07-10T14:26:08Z,95.0,Charge 4
2022-07-10T14:26:18Z,94.0,Charge 4
2022-07-10T14:26:23Z,93.0,Charge 4
2022-07-10T14:26:28Z,93.0,Charge 4
2022-07-10T14:26:33Z,92.0,Charge 4
2022-07-10T14:26:48Z,92.0,Charge 4
2022-07-10T14:27:03Z,92.0,Charge 4
2022-07-10T14:27:13Z,93.0,Charge 4
2022-07-10T14:27:28Z,93.0,Charge 4
2022-07-10T14:27:33Z,92.0,Charge 4
2022-07-10T14:27:43Z,92.0,Charge 4
2022-07-10T14:27:48Z,91.0,Charge 4
2022-07-10T14:27:58Z,92.0,Charge 4
2022-07-10T14:28:08Z,93.0,Charge 4
2022-07-10T14:28:18Z,94.0,Charge 4
2022-07-10T14:28:33Z,94.0,Charge 4
2022-07-10T14:28:38Z,94.0,Charge 4
2022-07-10T14:28:53Z,94.0,Charge 4
2022-07-10T14:28:58Z,91.0,Charge 4
2022-07-10T14:29:13Z,91.0,Charge 4
2022-07-10T14:29:23Z,92.0,Charge 4
2022-07-10T14:29:38Z,92.0,Charge 4
2022-07-10T14:29:48Z,93.0,Charge 4
2022-07-10T14:30:03Z,93.0,Charge 4
2022-07-10T14:30:13Z,94.0,Charge 4
2022-07-10T14:30:28Z,94.0,Charge 4
2022-07-10T14:30:43Z,95.0,Charge 4
2022-07-10T14:30:53Z,94.0,Charge 4
2022-07-10T14:31:03Z,95.0,Charge 4
2022-07-10T14:31:18Z,95.0,Charge 4
2022-07-10T14:31:33Z,95.0,Charge 4
2022-07-10T14:31:38Z,94.0,Charge 4
2022-07-10T14:31:48Z,95.0,Charge 4
2022-07-10T14:32:03Z,94.0,Charge 4
2022-07-10T14:32:18Z,93.0,Charge 4
2022-07-10T14:32:28Z,94.0,Charge 4
2022-07-10T14:32:43Z,94.0,Charge 4
2022-07-10T14:32:58Z,94.0,Charge 4
2022-07-10T14:33:13Z,95.0,Charge 4
2022-07-10T14:33:23Z,94.0,Charge 4
2022-07-10T14:33:38Z,94.0,Charge 4
2022-07-10T14:33:53Z,94.0,Charge 4
2022-07-10T14:33:54Z,94.0,Charge 4
2022-07-10T14:34:09Z,94.0,Charge 4
2022-07-10T14:34:24Z,94.0,Charge 4
2022-07-10T14:34:29Z,95.0,Charge 4
2022-07-10T14:34:34Z,96.0,Charge 4
2022-07-10T14:34:39Z,97.0,Charge 4
2022-07-10T14:34:49Z,98.0,Charge 4
2022-07-10T14:34:54Z,100.0,Charge 4
2022-07-10T14:34:59Z,102.0,Charge 4
2022-07-10T14:35:14Z,103.0,Charge 4
2022-07-10T14:35:19Z,104.0,Charge 4
2022-07-10T14:35:24Z,103.0,Charge 4
2022-07-10T14:35:34Z,104.0,Charge 4
2022-07-10T14:35:39Z,105.0,Charge 4
2022-07-10T14:35:44Z,107.0,Charge 4
2022-07-10T14:35:49Z,110.0,Charge 4
2022-07-10T14:35:54Z,111.0,Charge 4
2022-07-10T14:35:59Z,113.0,Charge 4
2022-07-10T14:36:04Z,114.0,Charge 4
2022-07-10T14:36:14Z,112.0,Charge 4
2022-07-10T14:36:24Z,111.0,Charge 4
2022-07-10T14:36:34Z,114.0,Charge 4
2022-07-10T14:36:49Z,114.0,Charge 4
2022-07-10T14:36:54Z,116.0,Charge 4
2022-07-10T14:37:04Z,117.0,Charge 4
2022-07-10T14:37:09Z,115.0,Charge 4
2022-07-10T14:37:19Z,117.0,Charge 4
2022-07-10T14:37:24Z,118.0,Charge 4
2022-07-10T14:37:29Z,119.0,Charge 4
2022-07-10T14:37:39Z,120.0,Charge 4
2022-07-10T14:37:44Z,122.0,Charge 4
2022-07-10T14:37:49Z,124.0,Charge 4
2022-07-10T14:37:54Z,125.0,Charge 4
2022-07-10T14:37:59Z,126.0,Charge 4
2022-07-10T14:38:04Z,128.0,Charge 4
2022-07-10T14:38:09Z,131.0,Charge 4
2022-07-10T14:38:14Z,133.0,Charge 4
2022-07-10T14:38:29Z,131.0,Charge 4
2022-07-10T14:38:34Z,130.0,Charge 4
2022-07-10T14:38:44Z,129.0,Charge 4
2022-07-10T14:38:49Z,127.0,Charge 4
2022-07-10T14:38:54Z,124.0,Charge 4
2022-07-10T14:38:59Z,122.0,Charge 4
2022-07-10T14:39:04Z,123.0,Charge 4
2022-07-10T14:39:09Z,124.0,Charge 4
2022-07-10T14:39:14Z,125.0,Charge 4
2022-07-10T14:39:19Z,123.0,Charge 4
2022-07-10T14:39:34Z,116.0,Charge 4
2022-07-10T14:39:39Z,115.0,Charge 4
2022-07-10T14:39:44Z,114.0,Charge 4
2022-07-10T14:39:49Z,112.0,Charge 4
2022-07-10T14:39:54Z,108.0,Charge 4
2022-07-10T14:39:59Z,105.0,Charge 4
2022-07-10T14:40:04Z,107.0,Charge 4
2022-07-10T14:40:09Z,107.0,Charge 4
2022-07-10T14:40:19Z,106.0,Charge 4
2022-07-10T14:40:24Z,105.0,Charge 4
2022-07-10T14:40:29Z,103.0,Charge 4
2022-07-10T14:40:44Z,103.0,Charge 4
2022-07-10T14:40:49Z,104.0,Charge 4
2022-07-10T14:40:54Z,103.0,Charge 4
2022-07-10T14:41:04Z,104.0,Charge 4
2022-07-10T14:41:14Z,105.0,Charge 4
2022-07-10T14:41:24Z,104.0,Charge 4
2022-07-10T14:41:39Z,102.0,Charge 4
2022-07-10T14:41:44Z,97.0,Charge 4
2022-07-10T14:41:54Z,95.0,Charge 4
2022-07-10T14:42:04Z,99.0,Charge 4
2022-07-10T14:42:09Z,100.0,Charge 4
2022-07-10T14:42:14Z,101.0,Charge 4
2022-07-10T14:42:19Z,102.0,Charge 4
2022-07-10T14:42:24Z,103.0,Charge 4
2022-07-10T14:42:34Z,104.0,Charge 4
2022-07-10T14:42:39Z,106.0,Charge 4
2022-07-10T14:42:44Z,107.0,Charge 4
2022-07-10T14:42:54Z,108.0,Charge 4
2022-07-10T14:42:59Z,109.0,Charge 4
2022-07-10T14:43:09Z,107.0,Charge 4
2022-07-10T14:43:14Z,108.0,Charge 4
2022-07-10T14:43:19Z,109.0,Charge 4
2022-07-10T14:43:29Z,110.0,Charge 4
2022-07-10T14:43:34Z,111.0,Charge 4
2022-07-10T14:43:39Z,113.0,Charge 4
2022-07-10T14:43:44Z,115.0,Charge 4
2022-07-10T14:43:49Z,113.0,Charge 4
2022-07-10T14:43:54Z,112.0,Charge 4
2022-07-10T14:43:59Z,110.0,Charge 4
2022-07-10T14:44:09Z,108.0,Charge 4
2022-07-10T14:44:14Z,105.0,Charge 4
2022-07-10T14:44:19Z,103.0,Charge 4
2022-07-10T14:44:24Z,99.0,Charge 4
2022-07-10T14:44:39Z,100.0,Charge 4
2022-07-10T14:44:44Z,99.0,Charge 4
2022-07-10T14:44:49Z,102.0,Charge 4
2022-07-10T14:44:54Z,104.0,Charge 4
2022-07-10T14:44:59Z,105.0,Charge 4
2022-07-10T14:45:04Z,104.0,Charge 4
2022-07-10T14:45:09Z,104.0,Charge 4
2022-07-10T14:45:14Z,108.0,Charge 4
2022-07-10T14:45:19Z,111.0,Charge 4
2022-07-10T14:45:24Z,112.0,Charge 4
2022-07-10T14:45:29Z,114.0,Charge 4
2022-07-10T14:45:44Z,114.0,Charge 4
2022-07-10T14:45:59Z,114.0,Charge 4
2022-07-10T14:46:14Z,113.0,Charge 4
2022-07-10T14:46:29Z,112.0,Charge 4
2022-07-10T14:46:30Z,110.0,Charge 4
2022-07-10T14:46:40Z,109.0,Charge 4
2022-07-10T14:46:45Z,108.0,Charge 4
2022-07-10T14:46:50Z,107.0,Charge 4
2022-07-10T14:47:05Z,106.0,Charge 4
2022-07-10T14:47:10Z,105.0,Charge 4
2022-07-10T14:47:15Z,106.0,Charge 4
2022-07-10T14:47:25Z,108.0,Charge 4
2022-07-10T14:47:35Z,107.0,Charge 4
2022-07-10T14:47:40Z,108.0,Charge 4
2022-07-10T14:47:45Z,109.0,Charge 4
2022-07-10T14:47:50Z,112.0,Charge 4
2022-07-10T14:48:05Z,112.0,Charge 4
2022-07-10T14:48:20Z,112.0,Charge 4
2022-07-10T14:48:35Z,113.0,Charge 4
2022-07-10T14:48:40Z,112.0,Charge 4
2022-07-10T14:48:50Z,112.0,Charge 4
2022-07-10T14:49:05Z,112.0,Charge 4
2022-07-10T14:49:15Z,111.0,Charge 4
2022-07-10T14:49:20Z,110.0,Charge 4
2022-07-10T14:49:35Z,110.0,Charge 4
2022-07-10T14:49:50Z,110.0,Charge 4
2022-07-10T14:49:55Z,109.0,Charge 4
2022-07-10T14:50:00Z,110.0,Charge 4
2022-07-10T14:50:15Z,110.0,Charge 4
2022-07-10T14:50:30Z,110.0,Charge 4
2022-07-10T14:50:40Z,109.0,Charge 4
2022-07-10T14:50:45Z,109.0,Charge 4
2022-07-10T14:50:50Z,110.0,Charge 4
2022-07-10T14:51:05Z,110.0,Charge 4
2022-07-10T14:51:15Z,109.0,Charge 4
2022-07-10T14:51:25Z,105.0,Charge 4
2022-07-10T14:51:30Z,104.0,Charge 4
2022-07-10T14:51:40Z,103.0,Charge 4
2022-07-10T14:51:45Z,102.0,Charge 4
2022-07-10T14:51:50Z,100.0,Charge 4
2022-07-10T14:52:05Z,99.0,Charge 4
2022-07-10T14:52:15Z,98.0,Charge 4
2022-07-10T14:52:20Z,99.0,Charge 4
2022-07-10T14:52:25Z,100.0,Charge 4
2022-07-10T14:52:30Z,99.0,Charge 4
2022-07-10T14:52:35Z,100.0,Charge 4
2022-07-10T14:52:40Z,102.0,Charge 4
2022-07-10T14:52:55Z,101.0,Charge 4
2022-07-10T14:53:00Z,100.0,Charge 4
2022-07-10T14:53:05Z,98.0,Charge 4
2022-07-10T14:53:20Z,97.0,Charge 4
2022-07-10T14:53:30Z,96.0,Charge 4
2022-07-10T14:53:35Z,95.0,Charge 4
2022-07-10T14:53:40Z,94.0,Charge 4
2022-07-10T14:53:45Z,94.0,Charge 4
2022-07-10T14:54:00Z,94.0,Charge 4
2022-07-10T14:54:05Z,94.0,Charge 4
2022-07-10T14:54:15Z,93.0,Charge 4
2022-07-10T14:54:20Z,93.0,Charge 4
2022-07-10T14:54:30Z,94.0,Charge 4
2022-07-10T14:54:35Z,96.0,Charge 4
2022-07-10T14:54:40Z,97.0,Charge 4
2022-07-10T14:54:45Z,98.0,Charge 4
2022-07-10T14:54:50Z,98.0,Charge 4
2022-07-10T14:55:00Z,97.0,Charge 4
2022-07-10T14:55:15Z,97.0,Charge 4
2022-07-10T14:55:20Z,97.0,Charge 4
2022-07-10T14:55:25Z,96.0,Charge 4
2022-07-10T14:55:40Z,96.0,Charge 4
2022-07-10T14:55:55Z,95.0,Charge 4
2022-07-10T14:56:00Z,94.0,Charge 4
2022-07-10T14:56:05Z,93.0,Charge 4
2022-07-10T14:56:10Z,92.0,Charge 4
2022-07-10T14:56:15Z,91.0,Charge 4
2022-07-10T14:56:25Z,93.0,Charge 4
2022-07-10T14:56:35Z,94.0,Charge 4
2022-07-10T14:56:40Z,95.0,Charge 4
2022-07-10T14:56:50Z,94.0,Charge 4
2022-07-10T14:57:00Z,94.0,Charge 4
2022-07-10T14:57:05Z,95.0,Charge 4
2022-07-10T14:57:10Z,97.0,Charge 4
2022-07-10T14:57:25Z,96.0,Charge 4
2022-07-10T14:57:40Z,96.0,Charge 4
2022-07-10T14:57:45Z,96.0,Charge 4
2022-07-10T14:58:00Z,96.0,Charge 4
2022-07-10T14:58:05Z,97.0,Charge 4
2022-07-10T14:58:10Z,99.0,Charge 4
2022-07-10T14:58:20Z,100.0,Charge 4
2022-07-10T14:58:25Z,101.0,Charge 4
2022-07-10T14:58:30Z,101.0,Charge 4
2022-07-10T14:58:40Z,100.0,Charge 4
2022-07-10T14:58:55Z,100.0,Charge 4
2022-07-10T14:59:00Z,99.0,Charge 4
2022-07-10T14:59:15Z,100.0,Charge 4
2022-07-10T14:59:20Z,100.0,Charge 4
2022-07-10T14:59:25Z,98.0,Charge 4
2022-07-10T14:59:30Z,94.0,Charge 4
2022-07-10T14:59:45Z,94.0,Charge 4
2022-07-10T15:00:00Z,97.0,Charge 4
2022-07-10T15:00:05Z,98.0,Charge 4
2022-07-10T15:00:10Z,96.0,Charge 4
2022-07-10T15:00:15Z,94.0,Charge 4
2022-07-10T15:00:20Z,93.0,Charge 4
2022-07-10T15:00:25Z,93.0,Charge 4
2022-07-10T15:00:35Z,94.0,Charge 4
2022-07-10T15:00:40Z,95.0,Charge 4
2022-07-10T15:00:50Z,93.0,Charge 4
2022-07-10T15:01:05Z,93.0,Charge 4
2022-07-10T15:01:10Z,92.0,Charge 4
2022-07-10T15:01:15Z,89.0,Charge 4
2022-07-10T15:01:20Z,88.0,Charge 4
2022-07-10T15:01:35Z,88.0,Charge 4
2022-07-10T15:01:38Z,89.0,Charge 4
2022-07-10T15:01:43Z,88.0,Charge 4
2022-07-10T15:01:58Z,88.0,Charge 4
2022-07-10T15:02:08Z,87.0,Charge 4
2022-07-10T15:02:13Z,86.0,Charge 4
2022-07-10T15:02:18Z,88.0,Charge 4
2022-07-10T15:02:23Z,93.0,Charge 4
2022-07-10T15:02:38Z,93.0,Charge 4
2022-07-10T15:02:53Z,93.0,Charge 4
2022-07-10T15:02:58Z,91.0,Charge 4
2022-07-10T15:03:03Z,88.0,Charge 4
2022-07-10T15:03:18Z,88.0,Charge 4
2022-07-10T15:03:28Z,89.0,Charge 4
2022-07-10T15:03:33Z,90.0,Charge 4
2022-07-10T15:03:38Z,92.0,Charge 4
2022-07-10T15:03:43Z,95.0,Charge 4
2022-07-10T15:03:58Z,95.0,Charge 4
2022-07-10T15:04:13Z,96.0,Charge 4
2022-07-10T15:04:18Z,95.0,Charge 4
2022-07-10T15:04:28Z,96.0,Charge 4
2022-07-10T15:04:33Z,97.0,Charge 4
2022-07-10T15:04:48Z,98.0,Charge 4
2022-07-10T15:04:53Z,99.0,Charge 4
2022-07-10T15:04:58Z,100.0,Charge 4
2022-07-10T15:05:13Z,101.0,Charge 4
2022-07-10T15:05:18Z,97.0,Charge 4
2022-07-10T15:05:23Z,96.0,Charge 4
2022-07-10T15:05:28Z,94.0,Charge 4
2022-07-10T15:05:33Z,93.0,Charge 4
2022-07-10T15:05:38Z,94.0,Charge 4
2022-07-10T15:05:48Z,92.0,Charge 4
2022-07-10T15:05:53Z,91.0,Charge 4
2022-07-10T15:05:58Z,91.0,Charge 4
2022-07-10T15:06:03Z,93.0,Charge 4
2022-07-10T15:06:08Z,94.0,Charge 4
2022-07-10T15:06:18Z,95.0,Charge 4
2022-07-10T15:06:23Z,94.0,Charge 4
2022-07-10T15:06:28Z,94.0,Charge 4
2022-07-10T15:06:38Z,94.0,Charge 4
2022-07-10T15:06:53Z,95.0,Charge 4
2022-07-10T15:07:08Z,95.0,Charge 4
2022-07-10T15:07:13Z,93.0,Charge 4
2022-07-10T15:07:18Z,92.0,Charge 4
2022-07-10T15:07:23Z,91.0,Charge 4
2022-07-10T15:07:38Z,91.0,Charge 4
2022-07-10T15:07:43Z,92.0,Charge 4
2022-07-10T15:07:48Z,94.0,Charge 4
2022-07-10T15:08:03Z,94.0,Charge 4
2022-07-10T15:08:08Z,94.0,Charge 4
2022-07-10T15:08:13Z,94.0,Charge 4
2022-07-10T15:08:28Z,94.0,Charge 4
2022-07-10T15:08:33Z,96.0,Charge 4
2022-07-10T15:08:43Z,96.0,Charge 4
2022-07-10T15:08:49Z,96.0,Charge 4
2022-07-10T15:08:59Z,95.0,Charge 4
2022-07-10T15:09:09Z,94.0,Charge 4
2022-07-10T15:09:14Z,93.0,Charge 4
2022-07-10T15:09:24Z,94.0,Charge 4
2022-07-10T15:09:29Z,95.0,Charge 4
2022-07-10T15:09:34Z,94.0,Charge 4
2022-07-10T15:09:39Z,93.0,Charge 4
2022-07-10T15:09:49Z,91.0,Charge 4
2022-07-10T15:09:54Z,90.0,Charge 4
2022-07-10T15:10:09Z,91.0,Charge 4
2022-07-10T15:10:24Z,92.0,Charge 4
2022-07-10T15:10:29Z,91.0,Charge 4
2022-07-10T15:10:34Z,89.0,Charge 4
2022-07-10T15:10:44Z,90.0,Charge 4
2022-07-10T15:10:49Z,91.0,Charge 4
2022-07-10T15:11:04Z,92.0,Charge 4
2022-07-10T15:11:19Z,92.0,Charge 4
2022-07-10T15:11:24Z,93.0,Charge 4
2022-07-10T15:11:39Z,93.0,Charge 4
2022-07-10T15:11:44Z,91.0,Charge 4
2022-07-10T15:11:49Z,93.0,Charge 4
2022-07-10T15:11:54Z,94.0,Charge 4
2022-07-10T15:12:09Z,94.0,Charge 4
2022-07-10T15:12:24Z,93.0,Charge 4
2022-07-10T15:12:34Z,92.0,Charge 4
2022-07-10T15:12:49Z,93.0,Charge 4
2022-07-10T15:12:54Z,93.0,Charge 4
2022-07-10T15:13:09Z,93.0,Charge 4
2022-07-10T15:13:24Z,92.0,Charge 4
2022-07-10T15:13:34Z,94.0,Charge 4
2022-07-10T15:13:39Z,93.0,Charge 4
2022-07-10T15:13:54Z,93.0,Charge 4
2022-07-10T15:14:04Z,94.0,Charge 4
2022-07-10T15:14:19Z,94.0,Charge 4
2022-07-10T15:14:34Z,94.0,Charge 4
2022-07-10T15:14:49Z,94.0,Charge 4
2022-07-10T15:14:54Z,95.0,Charge 4
2022-07-10T15:14:59Z,96.0,Charge 4
2022-07-10T15:15:04Z,96.0,Charge 4
2022-07-10T15:15:09Z,95.0,Charge 4
2022-07-10T15:15:19Z,95.0,Charge 4
2022-07-10T15:15:34Z,94.0,Charge 4
2022-07-10T15:15:39Z,96.0,Charge 4
2022-07-10T15:15:44Z,96.0,Charge 4
2022-07-10T15:15:59Z,96.0,Charge 4
2022-07-10T15:16:09Z,96.0,Charge 4
2022-07-10T15:16:14Z,96.0,Charge 4
2022-07-10T15:16:19Z,96.0,Charge 4
2022-07-10T15:16:29Z,95.0,Charge 4
2022-07-10T15:16:34Z,96.0,Charge 4
2022-07-10T15:16:44Z,94.0,Charge 4
2022-07-10T15:16:49Z,93.0,Charge 4
2022-07-10T15:16:57Z,93.0,Charge 4
2022-07-10T15:17:02Z,94.0,Charge 4
2022-07-10T15:17:07Z,95.0,Charge 4
2022-07-10T15:17:12Z,94.0,Charge 4
2022-07-10T15:17:22Z,95.0,Charge 4
2022-07-10T15:17:27Z,96.0,Charge 4
2022-07-10T15:17:37Z,97.0,Charge 4
2022-07-10T15:17:42Z,98.0,Charge 4
2022-07-10T15:17:47Z,97.0,Charge 4
2022-07-10T15:17:52Z,96.0,Charge 4
2022-07-10T15:17:57Z,95.0,Charge 4
2022-07-10T15:18:02Z,94.0,Charge 4
2022-07-10T15:18:07Z,93.0,Charge 4
2022-07-10T15:18:12Z,94.0,Charge 4
2022-07-10T15:18:17Z,93.0,Charge 4
2022-07-10T15:18:22Z,91.0,Charge 4
2022-07-10T15:18:37Z,91.0,Charge 4
2022-07-10T15:18:42Z,92.0,Charge 4
2022-07-10T15:18:57Z,93.0,Charge 4
2022-07-10T15:19:02Z,92.0,Charge 4
2022-07-10T15:19:17Z,92.0,Charge 4
2022-07-10T15:19:32Z,91.0,Charge 4
2022-07-10T15:19:42Z,92.0,Charge 4
2022-07-10T15:19:57Z,92.0,Charge 4
2022-07-10T15:20:12Z,92.0,Charge 4
2022-07-10T15:20:17Z,91.0,Charge 4
2022-07-10T15:20:22Z,91.0,Charge 4
2022-07-10T15:20:27Z,91.0,Charge 4
2022-07-10T15:20:37Z,90.0,Charge 4
2022-07-10T15:20:42Z,91.0,Charge 4
2022-07-10T15:20:57Z,90.0,Charge 4
2022-07-10T15:21:12Z,90.0,Charge 4
2022-07-10T15:21:17Z,89.0,Charge 4
2022-07-10T15:21:22Z,90.0,Charge 4
2022-07-10T15:21:32Z,91.0,Charge 4
2022-07-10T15:21:47Z,92.0,Charge 4
2022-07-10T15:22:02Z,90.0,Charge 4
2022-07-10T15:22:07Z,87.0,Charge 4
2022-07-10T15:22:17Z,88.0,Charge 4
2022-07-10T15:22:32Z,89.0,Charge 4
2022-07-10T15:22:37Z,88.0,Charge 4
2022-07-10T15:22:42Z,88.0,Charge 4
2022-07-10T15:22:47Z,89.0,Charge 4
2022-07-10T15:22:57Z,89.0,Charge 4
2022-07-10T15:23:12Z,89.0,Charge 4
2022-07-10T15:23:17Z,88.0,Charge 4
2022-07-10T15:23:27Z,89.0,Charge 4
2022-07-10T15:23:42Z,89.0,Charge 4
2022-07-10T15:23:52Z,91.0,Charge 4
2022-07-10T15:23:57Z,93.0,Charge 4
2022-07-10T15:24:12Z,94.0,Charge 4
2022-07-10T15:24:22Z,93.0,Charge 4
2022-07-10T15:24:37Z,93.0,Charge 4
2022-07-10T15:24:47Z,92.0,Charge 4
2022-07-10T15:24:53Z,92.0,Charge 4
2022-07-10T15:25:08Z,92.0,Charge 4
2022-07-10T15:25:18Z,93.0,Charge 4
2022-07-10T15:25:33Z,93.0,Charge 4
2022-07-10T15:25:43Z,93.0,Charge 4
2022-07-10T15:25:48Z,94.0,Charge 4
2022-07-10T15:25:58Z,95.0,Charge 4
2022-07-10T15:26:03Z,94.0,Charge 4
2022-07-10T15:26:08Z,94.0,Charge 4
2022-07-10T15:26:18Z,93.0,Charge 4
2022-07-10T15:26:23Z,92.0,Charge 4
2022-07-10T15:26:33Z,93.0,Charge 4
2022-07-10T15:26:38Z,92.0,Charge 4
2022-07-10T15:26:53Z,94.0,Charge 4
2022-07-10T15:26:58Z,93.0,Charge 4
2022-07-10T15:27:13Z,93.0,Charge 4
2022-07-10T15:27:28Z,93.0,Charge 4
2022-07-10T15:27:33Z,95.0,Charge 4
2022-07-10T15:27:48Z,94.0,Charge 4
2022-07-10T15:27:53Z,93.0,Charge 4
2022-07-10T15:27:58Z,93.0,Charge 4
2022-07-10T15:28:03Z,93.0,Charge 4
2022-07-10T15:28:18Z,93.0,Charge 4
2022-07-10T15:28:33Z,93.0,Charge 4
2022-07-10T15:28:48Z,93.0,Charge 4
2022-07-10T15:29:03Z,93.0,Charge 4
2022-07-10T15:29:18Z,93.0,Charge 4
2022-07-10T15:29:23Z,93.0,Charge 4
2022-07-10T15:29:38Z,93.0,Charge 4
2022-07-10T15:29:43Z,92.0,Charge 4
2022-07-10T15:29:58Z,93.0,Charge 4
2022-07-10T15:30:08Z,94.0,Charge 4
2022-07-10T15:30:18Z,95.0,Charge 4
2022-07-10T15:30:33Z,94.0,Charge 4
2022-07-10T15:30:38Z,93.0,Charge 4
2022-07-10T15:30:53Z,93.0,Charge 4
2022-07-10T15:30:58Z,94.0,Charge 4
2022-07-10T15:31:03Z,94.0,Charge 4
2022-07-10T15:31:13Z,93.0,Charge 4
2022-07-10T15:31:28Z,93.0,Charge 4
2022-07-10T15:31:43Z,94.0,Charge 4
2022-07-10T15:31:58Z,94.0,Charge 4
2022-07-10T15:32:08Z,95.0,Charge 4
2022-07-10T15:32:13Z,94.0,Charge 4
2022-07-10T15:32:28Z,94.0,Charge 4
2022-07-10T15:32:43Z,94.0,Charge 4
2022-07-10T15:32:48Z,93.0,Charge 4
2022-07-10T15:33:03Z,93.0,Charge 4
2022-07-10T15:33:08Z,89.0,Charge 4
2022-07-10T15:33:13Z,87.0,Charge 4
2022-07-10T15:33:18Z,88.0,Charge 4
2022-07-10T15:33:23Z,87.0,Charge 4
2022-07-10T15:33:28Z,88.0,Charge 4
2022-07-10T15:33:38Z,89.0,Charge 4
2022-07-10T15:33:43Z,90.0,Charge 4
2022-07-10T15:33:58Z,91.0,Charge 4
2022-07-10T15:34:08Z,92.0,Charge 4
2022-07-10T15:34:13Z,92.0,Charge 4
2022-07-10T15:34:28Z,93.0,Charge 4
2022-07-10T15:34:43Z,93.0,Charge 4
2022-07-10T15:34:48Z,92.0,Charge 4
2022-07-10T15:35:03Z,92.0,Charge 4
2022-07-10T15:35:13Z,91.0,Charge 4
2022-07-10T15:35:28Z,91.0,Charge 4
2022-07-10T15:35:43Z,91.0,Charge 4
2022-07-10T15:35:58Z,92.0,Charge 4
2022-07-10T15:36:03Z,93.0,Charge 4
2022-07-10T15:36:08Z,95.0,Charge 4
2022-07-10T15:36:23Z,95.0,Charge 4
2022-07-10T15:36:28Z,102.0,Charge 4
2022-07-10T15:36:33Z,104.0,Charge 4
2022-07-10T15:36:38Z,103.0,Charge 4
2022-07-10T15:36:43Z,101.0,Charge 4
2022-07-10T15:36:48Z,97.0,Charge 4
2022-07-10T15:36:53Z,96.0,Charge 4
2022-07-10T15:36:58Z,94.0,Charge 4
2022-07-10T15:37:03Z,93.0,Charge 4
2022-07-10T15:37:08Z,94.0,Charge 4
2022-07-10T15:37:23Z,94.0,Charge 4
2022-07-10T15:37:28Z,91.0,Charge 4
2022-07-10T15:37:33Z,93.0,Charge 4
2022-07-10T15:37:38Z,92.0,Charge 4
2022-07-10T15:37:43Z,92.0,Charge 4
2022-07-10T15:37:53Z,93.0,Charge 4
2022-07-10T15:37:58Z,94.0,Charge 4
2022-07-10T15:38:03Z,93.0,Charge 4
2022-07-10T15:38:08Z,93.0,Charge 4
2022-07-10T15:38:13Z,94.0,Charge 4
2022-07-10T15:38:23Z,96.0,Charge 4
2022-07-10T15:38:28Z,97.0,Charge 4
2022-07-10T15:38:33Z,98.0,Charge 4
2022-07-10T15:38:38Z,99.0,Charge 4
2022-07-10T15:38:43Z,99.0,Charge 4
2022-07-10T15:38:48Z,98.0,Charge 4
2022-07-10T15:39:03Z,99.0,Charge 4
2022-07-10T15:39:18Z,99.0,Charge 4
2022-07-10T15:39:28Z,100.0,Charge 4
2022-07-10T15:39:43Z,101.0,Charge 4
2022-07-10T15:39:58Z,102.0,Charge 4
2022-07-10T15:40:03Z,103.0,Charge 4
2022-07-10T15:40:08Z,105.0,Charge 4
2022-07-10T15:40:13Z,107.0,Charge 4
2022-07-10T15:40:18Z,108.0,Charge 4
2022-07-10T15:40:28Z,107.0,Charge 4
2022-07-10T15:40:43Z,107.0,Charge 4
2022-07-10T15:40:48Z,105.0,Charge 4
2022-07-10T15:40:53Z,101.0,Charge 4
2022-07-10T15:40:58Z,99.0,Charge 4
2022-07-10T15:41:03Z,99.0,Charge 4
2022-07-10T15:41:08Z,100.0,Charge 4
2022-07-10T15:41:18Z,102.0,Charge 4
2022-07-10T15:41:23Z,108.0,Charge 4
2022-07-10T15:41:28Z,112.0,Charge 4
2022-07-10T15:41:33Z,113.0,Charge 4
2022-07-10T15:41:38Z,114.0,Charge 4
2022-07-10T15:41:43Z,113.0,Charge 4
2022-07-10T15:41:53Z,111.0,Charge 4
2022-07-10T15:41:58Z,108.0,Charge 4
2022-07-10T15:42:03Z,107.0,Charge 4
2022-07-10T15:42:08Z,108.0,Charge 4
2022-07-10T15:42:13Z,107.0,Charge 4
2022-07-10T15:42:18Z,106.0,Charge 4
2022-07-10T15:42:23Z,107.0,Charge 4
2022-07-10T15:42:28Z,111.0,Charge 4
2022-07-10T15:42:33Z,116.0,Charge 4
2022-07-10T15:42:38Z,119.0,Charge 4
2022-07-10T15:42:43Z,122.0,Charge 4
2022-07-10T15:42:48Z,123.0,Charge 4
2022-07-10T15:42:53Z,122.0,Charge 4
2022-07-10T15:42:58Z,121.0,Charge 4
2022-07-10T15:43:13Z,121.0,Charge 4
2022-07-10T15:43:18Z,121.0,Charge 4
2022-07-10T15:43:23Z,122.0,Charge 4
2022-07-10T15:43:38Z,122.0,Charge 4
2022-07-10T15:43:39Z,122.0,Charge 4
2022-07-10T15:43:44Z,125.0,Charge 4
2022-07-10T15:43:54Z,123.0,Charge 4
2022-07-10T15:43:59Z,121.0,Charge 4
2022-07-10T15:44:04Z,115.0,Charge 4
2022-07-10T15:44:09Z,112.0,Charge 4
2022-07-10T15:44:14Z,110.0,Charge 4
2022-07-10T15:44:19Z,109.0,Charge 4
2022-07-10T15:44:29Z,110.0,Charge 4
2022-07-10T15:44:39Z,110.0,Charge 4
2022-07-10T15:44:44Z,108.0,Charge 4
2022-07-10T15:44:59Z,109.0,Charge 4
2022-07-10T15:45:09Z,107.0,Charge 4
2022-07-10T15:45:19Z,107.0,Charge 4
2022-07-10T15:45:34Z,107.0,Charge 4
2022-07-10T15:45:39Z,108.0,Charge 4
2022-07-10T15:45:49Z,104.0,Charge 4
2022-07-10T15:45:54Z,105.0,Charge 4
2022-07-10T15:45:59Z,105.0,Charge 4
2022-07-10T15:46:09Z,105.0,Charge 4
2022-07-10T15:46:24Z,106.0,Charge 4
2022-07-10T15:46:34Z,105.0,Charge 4
2022-07-10T15:46:39Z,105.0,Charge 4
2022-07-10T15:46:54Z,105.0,Charge 4
2022-07-10T15:47:09Z,105.0,Charge 4
2022-07-10T15:47:12Z,104.0,Charge 4
2022-07-10T15:47:22Z,107.0,Charge 4
2022-07-10T15:47:27Z,108.0,Charge 4
2022-07-10T15:47:32Z,110.0,Charge 4
2022-07-10T15:47:42Z,109.0,Charge 4
2022-07-10T15:47:57Z,109.0,Charge 4
2022-07-10T15:48:07Z,108.0,Charge 4
2022-07-10T15:48:12Z,106.0,Charge 4
2022-07-10T15:48:17Z,105.0,Charge 4
2022-07-10T15:48:27Z,104.0,Charge 4
2022-07-10T15:48:42Z,104.0,Charge 4
2022-07-10T15:48:57Z,105.0,Charge 4
2022-07-10T15:49:02Z,107.0,Charge 4
2022-07-10T15:49:17Z,107.0,Charge 4
2022-07-10T15:49:32Z,105.0,Charge 4
2022-07-10T15:49:47Z,106.0,Charge 4
2022-07-10T15:49:57Z,109.0,Charge 4
2022-07-10T15:50:02Z,115.0,Charge 4
2022-07-10T15:50:12Z,116.0,Charge 4
2022-07-10T15:50:17Z,115.0,Charge 4
2022-07-10T15:50:27Z,114.0,Charge 4
2022-07-10T15:50:32Z,111.0,Charge 4
2022-07-10T15:50:47Z,111.0,Charge 4
2022-07-10T15:51:02Z,109.0,Charge 4
2022-07-10T15:51:07Z,108.0,Charge 4
2022-07-10T15:51:12Z,107.0,Charge 4
2022-07-10T15:51:27Z,105.0,Charge 4
2022-07-10T15:51:32Z,105.0,Charge 4
2022-07-10T15:51:42Z,105.0,Charge 4
2022-07-10T15:51:52Z,105.0,Charge 4
2022-07-10T15:52:07Z,106.0,Charge 4
2022-07-10T15:52:12Z,107.0,Charge 4
2022-07-10T15:52:17Z,105.0,Charge 4
2022-07-10T15:52:22Z,102.0,Charge 4
2022-07-10T15:52:27Z,101.0,Charge 4
2022-07-10T15:52:32Z,104.0,Charge 4
2022-07-10T15:52:37Z,105.0,Charge 4
2022-07-10T15:52:47Z,104.0,Charge 4
2022-07-10T15:52:52Z,105.0,Charge 4
2022-07-10T15:53:07Z,104.0,Charge 4
2022-07-10T15:53:12Z,105.0,Charge 4
2022-07-10T15:53:17Z,109.0,Charge 4
2022-07-10T15:53:27Z,108.0,Charge 4
2022-07-10T15:53:37Z,109.0,Charge 4
2022-07-10T15:53:42Z,110.0,Charge 4
2022-07-10T15:53:47Z,109.0,Charge 4
2022-07-10T15:53:52Z,103.0,Charge 4
2022-07-10T15:53:57Z,95.0,Charge 4
2022-07-10T15:54:02Z,95.0,Charge 4
2022-07-10T15:54:07Z,96.0,Charge 4
2022-07-10T15:54:12Z,92.0,Charge 4
2022-07-10T15:54:17Z,94.0,Charge 4
2022-07-10T15:54:22Z,99.0,Charge 4
2022-07-10T15:54:27Z,100.0,Charge 4
2022-07-10T15:54:32Z,103.0,Charge 4
2022-07-10T15:54:37Z,105.0,Charge 4
2022-07-10T15:54:42Z,109.0,Charge 4
2022-07-10T15:54:52Z,110.0,Charge 4
2022-07-10T15:54:57Z,108.0,Charge 4
2022-07-10T15:55:02Z,103.0,Charge 4
2022-07-10T15:55:12Z,106.0,Charge 4
2022-07-10T15:55:17Z,107.0,Charge 4
2022-07-10T15:55:22Z,106.0,Charge 4
2022-07-10T15:55:27Z,105.0,Charge 4
2022-07-10T15:55:32Z,104.0,Charge 4
2022-07-10T15:55:42Z,107.0,Charge 4
2022-07-10T15:55:52Z,106.0,Charge 4
2022-07-10T15:55:57Z,106.0,Charge 4
2022-07-10T15:56:02Z,101.0,Charge 4
2022-07-10T15:56:07Z,100.0,Charge 4
2022-07-10T15:56:12Z,99.0,Charge 4
2022-07-10T15:56:17Z,99.0,Charge 4
2022-07-10T15:56:22Z,100.0,Charge 4
2022-07-10T15:56:27Z,103.0,Charge 4
2022-07-10T15:56:42Z,105.0,Charge 4
2022-07-10T15:56:47Z,108.0,Charge 4
2022-07-10T15:56:52Z,109.0,Charge 4
2022-07-10T15:57:07Z,108.0,Charge 4
2022-07-10T15:57:17Z,108.0,Charge 4
2022-07-10T15:57:32Z,108.0,Charge 4
2022-07-10T15:57:47Z,108.0,Charge 4
2022-07-10T15:57:48Z,108.0,Charge 4
2022-07-10T15:57:53Z,107.0,Charge 4
2022-07-10T15:58:03Z,106.0,Charge 4
2022-07-10T15:58:08Z,103.0,Charge 4
2022-07-10T15:58:18Z,104.0,Charge 4
2022-07-10T15:58:23Z,105.0,Charge 4
2022-07-10T15:58:28Z,106.0,Charge 4
2022-07-10T15:58:43Z,104.0,Charge 4
2022-07-10T15:58:53Z,105.0,Charge 4
2022-07-10T15:59:03Z,104.0,Charge 4
2022-07-10T15:59:08Z,103.0,Charge 4
2022-07-10T15:59:23Z,103.0,Charge 4
2022-07-10T15:59:28Z,104.0,Charge 4
2022-07-10T15:59:33Z,105.0,Charge 4
2022-07-10T15:59:48Z,105.0,Charge 4
2022-07-10T15:59:53Z,106.0,Charge 4
2022-07-10T15:59:58Z,107.0,Charge 4
2022-07-10T16:00:13Z,108.0,Charge 4
2022-07-10T16:00:18Z,107.0,Charge 4
2022-07-10T16:00:28Z,106.0,Charge 4
2022-07-10T16:00:33Z,106.0,Charge 4
2022-07-10T16:00:38Z,105.0,Charge 4
2022-07-10T16:00:53Z,105.0,Charge 4
2022-07-10T16:00:58Z,105.0,Charge 4
2022-07-10T16:01:03Z,111.0,Charge 4
2022-07-10T16:01:08Z,110.0,Charge 4
2022-07-10T16:01:13Z,109.0,Charge 4
2022-07-10T16:01:18Z,109.0,Charge 4
2022-07-10T16:01:23Z,107.0,Charge 4
2022-07-10T16:01:28Z,107.0,Charge 4
2022-07-10T16:01:33Z,106.0,Charge 4
2022-07-10T16:01:38Z,104.0,Charge 4
2022-07-10T16:01:53Z,104.0,Charge 4
2022-07-10T16:02:03Z,103.0,Charge 4
2022-07-10T16:02:08Z,102.0,Charge 4
2022-07-10T16:02:13Z,103.0,Charge 4
2022-07-10T16:02:18Z,105.0,Charge 4
2022-07-10T16:02:23Z,105.0,Charge 4
2022-07-10T16:02:28Z,105.0,Charge 4
2022-07-10T16:02:43Z,104.0,Charge 4
2022-07-10T16:02:48Z,103.0,Charge 4
2022-07-10T16:02:58Z,105.0,Charge 4
2022-07-10T16:03:08Z,107.0,Charge 4
2022-07-10T16:03:13Z,108.0,Charge 4
2022-07-10T16:03:28Z,108.0,Charge 4
2022-07-10T16:03:38Z,110.0,Charge 4
2022-07-10T16:03:53Z,109.0,Charge 4
2022-07-10T16:03:58Z,107.0,Charge 4
2022-07-10T16:04:03Z,105.0,Charge 4
2022-07-10T16:04:08Z,104.0,Charge 4
2022-07-10T16:04:13Z,105.0,Charge 4
2022-07-10T16:04:18Z,104.0,Charge 4
2022-07-10T16:04:23Z,105.0,Charge 4
2022-07-10T16:04:28Z,110.0,Charge 4
2022-07-10T16:04:33Z,109.0,Charge 4
2022-07-10T16:04:38Z,108.0,Charge 4
2022-07-10T16:04:43Z,107.0,Charge 4
2022-07-10T16:04:48Z,107.0,Charge 4
2022-07-10T16:04:58Z,108.0,Charge 4
2022-07-10T16:05:03Z,110.0,Charge 4
2022-07-10T16:05:18Z,110.0,Charge 4
2022-07-10T16:05:23Z,109.0,Charge 4
2022-07-10T16:05:38Z,109.0,Charge 4
2022-07-10T16:05:43Z,110.0,Charge 4
2022-07-10T16:05:58Z,110.0,Charge 4
2022-07-10T16:06:13Z,111.0,Charge 4
2022-07-10T16:06:28Z,110.0,Charge 4
2022-07-10T16:06:38Z,111.0,Charge 4
2022-07-10T16:06:43Z,112.0,Charge 4
2022-07-10T16:06:48Z,117.0,Charge 4
2022-07-10T16:06:53Z,115.0,Charge 4
2022-07-10T16:06:58Z,114.0,Charge 4
2022-07-10T16:07:03Z,113.0,Charge 4
2022-07-10T16:07:08Z,109.0,Charge 4
2022-07-10T16:07:23Z,109.0,Charge 4
2022-07-10T16:07:38Z,109.0,Charge 4
2022-07-10T16:07:53Z,109.0,Charge 4
2022-07-10T16:08:08Z,109.0,Charge 4
2022-07-10T16:08:23Z,109.0,Charge 4
2022-07-10T16:08:38Z,108.0,Charge 4
2022-07-10T16:08:48Z,107.0,Charge 4
2022-07-10T16:08:53Z,107.0,Charge 4
2022-07-10T16:08:58Z,111.0,Charge 4
2022-07-10T16:09:08Z,111.0,Charge 4
2022-07-10T16:09:23Z,111.0,Charge 4
2022-07-10T16:09:28Z,110.0,Charge 4
2022-07-10T16:09:38Z,111.0,Charge 4
2022-07-10T16:09:53Z,111.0,Charge 4
2022-07-10T16:10:08Z,111.0,Charge 4
2022-07-10T16:10:23Z,111.0,Charge 4
2022-07-10T16:10:33Z,110.0,Charge 4
2022-07-10T16:10:38Z,109.0,Charge 4
2022-07-10T16:10:48Z,110.0,Charge 4
2022-07-10T16:10:53Z,111.0,Charge 4
2022-07-10T16:10:58Z,113.0,Charge 4
2022-07-10T16:11:08Z,112.0,Charge 4
2022-07-10T16:11:23Z,112.0,Charge 4
2022-07-10T16:11:28Z,112.0,Charge 4
2022-07-10T16:11:33Z,115.0,Charge 4
2022-07-10T16:11:43Z,114.0,Charge 4
2022-07-10T16:11:48Z,113.0,Charge 4
2022-07-10T16:11:53Z,111.0,Charge 4
2022-07-10T16:11:58Z,109.0,Charge 4
2022-07-10T16:12:03Z,107.0,Charge 4
2022-07-10T16:12:08Z,106.0,Charge 4
2022-07-10T16:12:13Z,105.0,Charge 4
2022-07-10T16:12:23Z,104.0,Charge 4
2022-07-10T16:12:29Z,104.0,Charge 4
2022-07-10T16:12:39Z,100.0,Charge 4
2022-07-10T16:12:44Z,99.0,Charge 4
2022-07-10T16:12:49Z,99.0,Charge 4
2022-07-10T16:12:54Z,99.0,Charge 4
2022-07-10T16:13:04Z,101.0,Charge 4
2022-07-10T16:13:09Z,99.0,Charge 4
2022-07-10T16:13:19Z,100.0,Charge 4
2022-07-10T16:13:24Z,101.0,Charge 4
2022-07-10T16:13:29Z,103.0,Charge 4
2022-07-10T16:13:34Z,105.0,Charge 4
2022-07-10T16:13:39Z,104.0,Charge 4
2022-07-10T16:13:44Z,105.0,Charge 4
2022-07-10T16:13:59Z,105.0,Charge 4
2022-07-10T16:14:14Z,105.0,Charge 4
2022-07-10T16:14:29Z,106.0,Charge 4
2022-07-10T16:14:39Z,106.0,Charge 4
2022-07-10T16:14:54Z,106.0,Charge 4
2022-07-10T16:14:59Z,104.0,Charge 4
2022-07-10T16:15:04Z,98.0,Charge 4
2022-07-10T16:15:09Z,97.0,Charge 4
2022-07-10T16:15:24Z,97.0,Charge 4
2022-07-10T16:15:29Z,98.0,Charge 4
2022-07-10T16:15:34Z,98.0,Charge 4
2022-07-10T16:15:39Z,99.0,Charge 4
2022-07-10T16:15:44Z,98.0,Charge 4
2022-07-10T16:15:49Z,96.0,Charge 4
2022-07-10T16:15:54Z,96.0,Charge 4
2022-07-10T16:15:59Z,95.0,Charge 4
2022-07-10T16:16:04Z,93.0,Charge 4
2022-07-10T16:16:19Z,93.0,Charge 4
2022-07-10T16:16:29Z,95.0,Charge 4
2022-07-10T16:16:34Z,94.0,Charge 4
2022-07-10T16:16:39Z,96.0,Charge 4
2022-07-10T16:16:44Z,99.0,Charge 4
2022-07-10T16:16:49Z,100.0,Charge 4
2022-07-10T16:16:54Z,101.0,Charge 4
2022-07-10T16:16:59Z,102.0,Charge 4
2022-07-10T16:17:09Z,100.0,Charge 4
2022-07-10T16:17:19Z,99.0,Charge 4
2022-07-10T16:17:24Z,100.0,Charge 4
2022-07-10T16:17:29Z,98.0,Charge 4
2022-07-10T16:17:39Z,100.0,Charge 4
2022-07-10T16:17:54Z,100.0,Charge 4
2022-07-10T16:18:04Z,101.0,Charge 4
2022-07-10T16:18:09Z,100.0,Charge 4
2022-07-10T16:18:14Z,101.0,Charge 4
2022-07-10T16:18:29Z,101.0,Charge 4
2022-07-10T16:18:34Z,99.0,Charge 4
2022-07-10T16:18:49Z,99.0,Charge 4
2022-07-10T16:19:04Z,99.0,Charge 4
2022-07-10T16:19:19Z,99.0,Charge 4
2022-07-10T16:19:23Z,99.0,Charge 4
2022-07-10T16:19:38Z,99.0,Charge 4
2022-07-10T16:19:43Z,99.0,Charge 4
2022-07-10T16:19:58Z,99.0,Charge 4
2022-07-10T16:20:03Z,100.0,Charge 4
2022-07-10T16:20:18Z,101.0,Charge 4
2022-07-10T16:20:23Z,100.0,Charge 4
2022-07-10T16:20:38Z,99.0,Charge 4
2022-07-10T16:20:43Z,99.0,Charge 4
2022-07-10T16:20:58Z,99.0,Charge 4
2022-07-10T16:21:03Z,100.0,Charge 4
2022-07-10T16:21:08Z,97.0,Charge 4
2022-07-10T16:21:13Z,90.0,Charge 4
2022-07-10T16:21:18Z,98.0,Charge 4
2022-07-10T16:21:23Z,100.0,Charge 4
2022-07-10T16:21:38Z,100.0,Charge 4
2022-07-10T16:21:48Z,98.0,Charge 4
2022-07-10T16:21:53Z,99.0,Charge 4
2022-07-10T16:21:58Z,100.0,Charge 4
2022-07-10T16:22:03Z,100.0,Charge 4
2022-07-10T16:22:08Z,98.0,Charge 4
2022-07-10T16:22:13Z,98.0,Charge 4
2022-07-10T16:22:18Z,97.0,Charge 4
2022-07-10T16:22:23Z,96.0,Charge 4
2022-07-10T16:22:38Z,96.0,Charge 4
2022-07-10T16:22:43Z,95.0,Charge 4
2022-07-10T16:22:49Z,95.0,Charge 4
2022-07-10T16:22:54Z,96.0,Charge 4
2022-07-10T16:22:59Z,97.0,Charge 4
2022-07-10T16:23:09Z,98.0,Charge 4
2022-07-10T16:23:14Z,99.0,Charge 4
2022-07-10T16:23:29Z,99.0,Charge 4
2022-07-10T16:23:39Z,99.0,Charge 4
2022-07-10T16:23:49Z,99.0,Charge 4
2022-07-10T16:24:04Z,98.0,Charge 4
2022-07-10T16:24:14Z,97.0,Charge 4
2022-07-10T16:24:24Z,96.0,Charge 4
2022-07-10T16:24:39Z,96.0,Charge 4
2022-07-10T16:24:44Z,97.0,Charge 4
2022-07-10T16:24:49Z,96.0,Charge 4
2022-07-10T16:24:54Z,95.0,Charge 4
2022-07-10T16:25:04Z,94.0,Charge 4
2022-07-10T16:25:09Z,93.0,Charge 4
2022-07-10T16:25:19Z,94.0,Charge 4
2022-07-10T16:25:24Z,92.0,Charge 4
2022-07-10T16:25:29Z,93.0,Charge 4
2022-07-10T16:25:34Z,94.0,Charge 4
2022-07-10T16:25:44Z,95.0,Charge 4
2022-07-10T16:25:49Z,96.0,Charge 4
2022-07-10T16:25:59Z,97.0,Charge 4
2022-07-10T16:26:14Z,97.0,Charge 4
2022-07-10T16:26:19Z,96.0,Charge 4
2022-07-10T16:26:24Z,95.0,Charge 4
2022-07-10T16:26:29Z,95.0,Charge 4
2022-07-10T16:26:39Z,96.0,Charge 4
2022-07-10T16:26:49Z,97.0,Charge 4
2022-07-10T16:26:54Z,98.0,Charge 4
2022-07-10T16:27:09Z,98.0,Charge 4
2022-07-10T16:27:24Z,98.0,Charge 4
2022-07-10T16:27:39Z,97.0,Charge 4
2022-07-10T16:27:54Z,97.0,Charge 4
2022-07-10T16:28:09Z,97.0,Charge 4
2022-07-10T16:28:14Z,98.0,Charge 4
2022-07-10T16:28:24Z,99.0,Charge 4
2022-07-10T16:28:34Z,98.0,Charge 4
2022-07-10T16:28:49Z,99.0,Charge 4
2022-07-10T16:28:54Z,100.0,Charge 4
2022-07-10T16:28:59Z,104.0,Charge 4
2022-07-10T16:29:14Z,103.0,Charge 4
2022-07-10T16:29:19Z,99.0,Charge 4
2022-07-10T16:29:24Z,98.0,Charge 4
2022-07-10T16:29:39Z,98.0,Charge 4
2022-07-10T16:29:54Z,98.0,Charge 4
2022-07-10T16:30:04Z,99.0,Charge 4
2022-07-10T16:30:09Z,99.0,Charge 4
2022-07-10T16:30:14Z,99.0,Charge 4
2022-07-10T16:30:29Z,99.0,Charge 4
2022-07-10T16:30:39Z,100.0,Charge 4
2022-07-10T16:30:44Z,99.0,Charge 4
2022-07-10T16:30:49Z,99.0,Charge 4
2022-07-10T16:30:54Z,98.0,Charge 4
2022-07-10T16:31:09Z,97.0,Charge 4
2022-07-10T16:31:24Z,96.0,Charge 4
2022-07-10T16:31:39Z,93.0,Charge 4
2022-07-10T16:31:44Z,89.0,Charge 4
2022-07-10T16:31:49Z,90.0,Charge 4
2022-07-10T16:31:54Z,91.0,Charge 4
2022-07-10T16:32:04Z,91.0,Charge 4
2022-07-10T16:32:09Z,89.0,Charge 4
2022-07-10T16:32:19Z,88.0,Charge 4
2022-07-10T16:32:29Z,89.0,Charge 4
2022-07-10T16:32:44Z,90.0,Charge 4
2022-07-10T16:32:49Z,94.0,Charge 4
2022-07-10T16:32:54Z,95.0,Charge 4
2022-07-10T16:32:59Z,96.0,Charge 4
2022-07-10T16:33:04Z,98.0,Charge 4
2022-07-10T16:33:09Z,99.0,Charge 4
2022-07-10T16:33:24Z,98.0,Charge 4
2022-07-10T16:33:39Z,98.0,Charge 4
2022-07-10T16:33:44Z,97.0,Charge 4
2022-07-10T16:33:54Z,97.0,Charge 4
2022-07-10T16:34:09Z,97.0,Charge 4
2022-07-10T16:34:24Z,99.0,Charge 4
2022-07-10T16:34:29Z,102.0,Charge 4
2022-07-10T16:34:34Z,103.0,Charge 4
2022-07-10T16:34:44Z,104.0,Charge 4
2022-07-10T16:34:49Z,105.0,Charge 4
2022-07-10T16:34:54Z,105.0,Charge 4
2022-07-10T16:35:09Z,103.0,Charge 4
2022-07-10T16:35:14Z,103.0,Charge 4
2022-07-10T16:35:29Z,103.0,Charge 4
2022-07-10T16:35:34Z,104.0,Charge 4
2022-07-10T16:35:44Z,105.0,Charge 4
2022-07-10T16:35:54Z,103.0,Charge 4
2022-07-10T16:35:59Z,99.0,Charge 4
2022-07-10T16:36:04Z,94.0,Charge 4
2022-07-10T16:36:09Z,89.0,Charge 4
2022-07-10T16:36:14Z,87.0,Charge 4
2022-07-10T16:36:19Z,84.0,Charge 4
2022-07-10T16:36:24Z,85.0,Charge 4
2022-07-10T16:36:29Z,87.0,Charge 4
2022-07-10T16:36:34Z,88.0,Charge 4
2022-07-10T16:36:39Z,88.0,Charge 4
2022-07-10T16:36:54Z,88.0,Charge 4
2022-07-10T16:36:59Z,82.0,Charge 4
2022-07-10T16:37:04Z,85.0,Charge 4
2022-07-10T16:37:09Z,88.0,Charge 4
2022-07-10T16:37:14Z,90.0,Charge 4
2022-07-10T16:37:19Z,92.0,Charge 4
2022-07-10T16:37:24Z,93.0,Charge 4
2022-07-10T16:37:29Z,92.0,Charge 4
2022-07-10T16:37:44Z,92.0,Charge 4
2022-07-10T16:37:45Z,93.0,Charge 4
2022-07-10T16:38:00Z,93.0,Charge 4
2022-07-10T16:38:15Z,92.0,Charge 4
2022-07-10T16:38:20Z,90.0,Charge 4
2022-07-10T16:38:35Z,90.0,Charge 4
2022-07-10T16:38:40Z,91.0,Charge 4
2022-07-10T16:38:45Z,93.0,Charge 4
2022-07-10T16:38:50Z,94.0,Charge 4
2022-07-10T16:39:05Z,95.0,Charge 4
2022-07-10T16:39:20Z,96.0,Charge 4
2022-07-10T16:39:30Z,95.0,Charge 4
2022-07-10T16:39:35Z,94.0,Charge 4
2022-07-10T16:39:40Z,95.0,Charge 4
2022-07-10T16:39:45Z,94.0,Charge 4
2022-07-10T16:39:55Z,95.0,Charge 4
2022-07-10T16:40:05Z,96.0,Charge 4
2022-07-10T16:40:20Z,96.0,Charge 4
2022-07-10T16:40:35Z,96.0,Charge 4
2022-07-10T16:40:45Z,95.0,Charge 4
2022-07-10T16:41:00Z,95.0,Charge 4
2022-07-10T16:41:05Z,96.0,Charge 4
2022-07-10T16:41:10Z,95.0,Charge 4
2022-07-10T16:41:15Z,96.0,Charge 4
2022-07-10T16:41:30Z,96.0,Charge 4
2022-07-10T16:41:45Z,96.0,Charge 4
2022-07-10T16:41:50Z,97.0,Charge 4
2022-07-10T16:41:55Z,98.0,Charge 4
2022-07-10T16:42:00Z,97.0,Charge 4
2022-07-10T16:42:05Z,96.0,Charge 4
2022-07-10T16:42:10Z,95.0,Charge 4
2022-07-10T16:42:15Z,96.0,Charge 4
2022-07-10T16:42:20Z,102.0,Charge 4
2022-07-10T16:42:25Z,106.0,Charge 4
2022-07-10T16:42:30Z,107.0,Charge 4
2022-07-10T16:42:40Z,109.0,Charge 4
2022-07-10T16:42:45Z,111.0,Charge 4
2022-07-10T16:42:55Z,110.0,Charge 4
2022-07-10T16:43:10Z,110.0,Charge 4
2022-07-10T16:43:15Z,109.0,Charge 4
2022-07-10T16:43:20Z,105.0,Charge 4
2022-07-10T16:43:25Z,102.0,Charge 4
2022-07-10T16:43:30Z,102.0,Charge 4
2022-07-10T16:43:40Z,103.0,Charge 4
2022-07-10T16:43:45Z,105.0,Charge 4
2022-07-10T16:43:55Z,103.0,Charge 4
2022-07-10T16:44:00Z,104.0,Charge 4
2022-07-10T16:44:10Z,103.0,Charge 4
2022-07-10T16:44:15Z,102.0,Charge 4
2022-07-10T16:44:30Z,102.0,Charge 4
2022-07-10T16:44:45Z,102.0,Charge 4
2022-07-10T16:45:00Z,101.0,Charge 4
2022-07-10T16:45:05Z,100.0,Charge 4
2022-07-10T16:45:10Z,100.0,Charge 4
2022-07-10T16:45:20Z,98.0,Charge 4
2022-07-10T16:45:25Z,98.0,Charge 4
2022-07-10T16:45:40Z,98.0,Charge 4
2022-07-10T16:45:45Z,97.0,Charge 4
2022-07-10T16:45:50Z,96.0,Charge 4
2022-07-10T16:45:55Z,93.0,Charge 4
2022-07-10T16:46:00Z,92.0,Charge 4
2022-07-10T16:46:15Z,93.0,Charge 4
2022-07-10T16:46:20Z,94.0,Charge 4
2022-07-10T16:46:25Z,98.0,Charge 4
2022-07-10T16:46:30Z,99.0,Charge 4
2022-07-10T16:46:35Z,98.0,Charge 4
2022-07-10T16:46:40Z,96.0,Charge 4
2022-07-10T16:46:50Z,97.0,Charge 4
2022-07-10T16:47:00Z,98.0,Charge 4
2022-07-10T16:47:15Z,98.0,Charge 4
2022-07-10T16:47:20Z,97.0,Charge 4
2022-07-10T16:47:25Z,98.0,Charge 4
2022-07-10T16:47:40Z,98.0,Charge 4
2022-07-10T16:47:55Z,98.0,Charge 4
2022-07-10T16:48:00Z,99.0,Charge 4
2022-07-10T16:48:05Z,98.0,Charge 4
2022-07-10T16:48:20Z,98.0,Charge 4
2022-07-10T16:48:30Z,98.0,Charge 4
2022-07-10T16:48:40Z,98.0,Charge 4
2022-07-10T16:48:55Z,98.0,Charge 4
2022-07-10T16:49:10Z,96.0,Charge 4
2022-07-10T16:49:25Z,97.0,Charge 4
2022-07-10T16:49:30Z,97.0,Charge 4
2022-07-10T16:49:45Z,97.0,Charge 4
2022-07-10T16:50:00Z,97.0,Charge 4
2022-07-10T16:50:15Z,97.0,Charge 4
2022-07-10T16:50:25Z,97.0,Charge 4
2022-07-10T16:50:40Z,97.0,Charge 4
2022-07-10T16:50:50Z,98.0,Charge 4
2022-07-10T16:50:55Z,97.0,Charge 4
2022-07-10T16:51:10Z,97.0,Charge 4
2022-07-10T16:51:20Z,97.0,Charge 4
2022-07-10T16:51:25Z,96.0,Charge 4
2022-07-10T16:51:40Z,97.0,Charge 4
2022-07-10T16:51:55Z,97.0,Charge 4
2022-07-10T16:52:10Z,97.0,Charge 4
2022-07-10T16:52:25Z,97.0,Charge 4
2022-07-10T16:52:30Z,98.0,Charge 4
2022-07-10T16:52:45Z,98.0,Charge 4
2022-07-10T16:53:51Z,97.0,Charge 4
2022-07-10T16:54:06Z,98.0,Charge 4
2022-07-10T16:54:21Z,97.0,Charge 4
2022-07-10T16:54:26Z,96.0,Charge 4
2022-07-10T16:54:36Z,97.0,Charge 4
2022-07-10T16:54:41Z,96.0,Charge 4
2022-07-10T16:54:46Z,95.0,Charge 4
2022-07-10T16:54:51Z,94.0,Charge 4
2022-07-10T16:55:06Z,95.0,Charge 4
2022-07-10T16:55:21Z,95.0,Charge 4
2022-07-10T16:55:31Z,94.0,Charge 4
2022-07-10T16:55:46Z,95.0,Charge 4
2022-07-10T16:55:51Z,96.0,Charge 4
2022-07-10T16:55:56Z,97.0,Charge 4
2022-07-10T16:56:01Z,100.0,Charge 4
2022-07-10T16:56:06Z,101.0,Charge 4
2022-07-10T16:56:16Z,102.0,Charge 4
2022-07-10T16:56:31Z,102.0,Charge 4
2022-07-10T16:56:36Z,101.0,Charge 4
2022-07-10T16:56:41Z,98.0,Charge 4
2022-07-10T16:56:51Z,96.0,Charge 4
2022-07-10T16:56:56Z,93.0,Charge 4
2022-07-10T16:57:01Z,90.0,Charge 4
2022-07-10T16:57:06Z,89.0,Charge 4
2022-07-10T16:57:16Z,88.0,Charge 4
2022-07-10T16:57:26Z,92.0,Charge 4
2022-07-10T16:57:31Z,95.0,Charge 4
2022-07-10T16:57:36Z,97.0,Charge 4
2022-07-10T16:57:46Z,95.0,Charge 4
2022-07-10T16:57:51Z,90.0,Charge 4
2022-07-10T16:57:56Z,88.0,Charge 4
2022-07-10T16:58:06Z,89.0,Charge 4
2022-07-10T16:58:11Z,89.0,Charge 4
2022-07-10T16:58:16Z,88.0,Charge 4
2022-07-10T16:58:21Z,89.0,Charge 4
2022-07-10T16:58:26Z,92.0,Charge 4
2022-07-10T16:58:31Z,95.0,Charge 4
2022-07-10T16:58:36Z,96.0,Charge 4
2022-07-10T16:58:41Z,95.0,Charge 4
2022-07-10T16:58:51Z,95.0,Charge 4
2022-07-10T16:59:01Z,94.0,Charge 4
2022-07-10T16:59:06Z,95.0,Charge 4
2022-07-10T16:59:21Z,96.0,Charge 4
2022-07-10T16:59:36Z,97.0,Charge 4
2022-07-10T16:59:41Z,96.0,Charge 4
2022-07-10T16:59:56Z,96.0,Charge 4
2022-07-10T17:00:01Z,96.0,Charge 4
2022-07-10T17:00:16Z,96.0,Charge 4
2022-07-10T17:00:21Z,97.0,Charge 4
2022-07-10T17:00:26Z,98.0,Charge 4
2022-07-10T17:00:31Z,99.0,Charge 4
2022-07-10T17:00:46Z,99.0,Charge 4
2022-07-10T17:00:51Z,97.0,Charge 4
2022-07-10T17:00:56Z,96.0,Charge 4
2022-07-10T17:01:01Z,96.0,Charge 4
2022-07-10T17:01:11Z,96.0,Charge 4
2022-07-10T17:01:21Z,96.0,Charge 4
2022-07-10T17:01:36Z,96.0,Charge 4
2022-07-10T17:01:51Z,97.0,Charge 4
2022-07-10T17:01:56Z,98.0,Charge 4
2022-07-10T17:02:11Z,98.0,Charge 4
2022-07-10T17:02:16Z,97.0,Charge 4
2022-07-10T17:02:31Z,97.0,Charge 4
2022-07-10T17:02:36Z,95.0,Charge 4
2022-07-10T17:02:46Z,94.0,Charge 4
2022-07-10T17:02:51Z,93.0,Charge 4
2022-07-10T17:02:56Z,93.0,Charge 4
2022-07-10T17:03:06Z,93.0,Charge 4
2022-07-10T17:03:21Z,93.0,Charge 4
2022-07-10T17:03:31Z,92.0,Charge 4
2022-07-10T17:03:46Z,92.0,Charge 4
2022-07-10T17:03:56Z,93.0,Charge 4
2022-07-10T17:04:11Z,93.0,Charge 4
2022-07-10T17:04:26Z,92.0,Charge 4
2022-07-10T17:04:41Z,92.0,Charge 4
2022-07-10T17:04:56Z,92.0,Charge 4
2022-07-10T17:05:11Z,93.0,Charge 4
2022-07-10T17:05:19Z,94.0,Charge 4
2022-07-10T17:05:24Z,93.0,Charge 4
2022-07-10T17:05:29Z,94.0,Charge 4
2022-07-10T17:05:44Z,94.0,Charge 4
2022-07-10T17:05:54Z,93.0,Charge 4
2022-07-10T17:06:04Z,93.0,Charge 4
2022-07-10T17:06:14Z,96.0,Charge 4
2022-07-10T17:06:19Z,98.0,Charge 4
2022-07-10T17:06:34Z,98.0,Charge 4
2022-07-10T17:06:39Z,97.0,Charge 4
2022-07-10T17:06:54Z,97.0,Charge 4
2022-07-10T17:06:59Z,96.0,Charge 4
2022-07-10T17:07:09Z,97.0,Charge 4
2022-07-10T17:07:14Z,98.0,Charge 4
2022-07-10T17:07:29Z,97.0,Charge 4
2022-07-10T17:07:44Z,97.0,Charge 4
2022-07-10T17:07:49Z,98.0,Charge 4
2022-07-10T17:08:04Z,99.0,Charge 4
2022-07-10T17:08:09Z,100.0,Charge 4
2022-07-10T17:08:14Z,99.0,Charge 4
2022-07-10T17:08:19Z,96.0,Charge 4
2022-07-10T17:08:24Z,95.0,Charge 4
2022-07-10T17:08:29Z,94.0,Charge 4
2022-07-10T17:08:34Z,93.0,Charge 4
2022-07-10T17:08:39Z,91.0,Charge 4
2022-07-10T17:08:44Z,89.0,Charge 4
2022-07-10T17:08:49Z,89.0,Charge 4
2022-07-10T17:08:54Z,90.0,Charge 4
2022-07-10T17:08:59Z,91.0,Charge 4
2022-07-10T17:09:04Z,93.0,Charge 4
2022-07-10T17:09:19Z,93.0,Charge 4
2022-07-10T17:09:29Z,94.0,Charge 4
2022-07-10T17:09:39Z,95.0,Charge 4
2022-07-10T17:09:49Z,96.0,Charge 4
2022-07-10T17:09:54Z,97.0,Charge 4
2022-07-10T17:09:59Z,96.0,Charge 4
2022-07-10T17:10:14Z,96.0,Charge 4
2022-07-10T17:10:29Z,96.0,Charge 4
2022-07-10T17:10:44Z,96.0,Charge 4
2022-07-10T17:10:54Z,97.0,Charge 4
2022-07-10T17:11:04Z,96.0,Charge 4
2022-07-10T17:11:19Z,96.0,Charge 4
2022-07-10T17:11:24Z,92.0,Charge 4
2022-07-10T17:11:34Z,91.0,Charge 4
2022-07-10T17:11:44Z,90.0,Charge 4
2022-07-10T17:11:59Z,90.0,Charge 4
2022-07-10T17:12:04Z,90.0,Charge 4
2022-07-10T17:12:09Z,91.0,Charge 4
2022-07-10T17:12:19Z,94.0,Charge 4
2022-07-10T17:12:24Z,95.0,Charge 4
2022-07-10T17:12:29Z,94.0,Charge 4
2022-07-10T17:12:44Z,94.0,Charge 4
2022-07-10T17:12:45Z,94.0,Charge 4
2022-07-10T17:13:00Z,96.0,Charge 4
2022-07-10T17:13:10Z,95.0,Charge 4
2022-07-10T17:13:15Z,93.0,Charge 4
2022-07-10T17:13:30Z,93.0,Charge 4
2022-07-10T17:13:45Z,93.0,Charge 4
2022-07-10T17:13:55Z,92.0,Charge 4
2022-07-10T17:14:10Z,93.0,Charge 4
2022-07-10T17:14:25Z,93.0,Charge 4
2022-07-10T17:14:40Z,93.0,Charge 4
2022-07-10T17:14:55Z,93.0,Charge 4
2022-07-10T17:15:00Z,94.0,Charge 4
2022-07-10T17:15:15Z,94.0,Charge 4
2022-07-10T17:15:20Z,93.0,Charge 4
2022-07-10T17:15:30Z,94.0,Charge 4
2022-07-10T17:15:45Z,93.0,Charge 4
2022-07-10T17:15:50Z,92.0,Charge 4
2022-07-10T17:15:55Z,92.0,Charge 4
2022-07-10T17:16:05Z,91.0,Charge 4
2022-07-10T17:16:20Z,91.0,Charge 4
2022-07-10T17:16:25Z,92.0,Charge 4
2022-07-10T17:16:30Z,94.0,Charge 4
2022-07-10T17:16:35Z,98.0,Charge 4
2022-07-10T17:16:40Z,101.0,Charge 4
2022-07-10T17:16:45Z,102.0,Charge 4
2022-07-10T17:16:50Z,104.0,Charge 4
2022-07-10T17:16:55Z,105.0,Charge 4
2022-07-10T17:17:00Z,106.0,Charge 4
2022-07-10T17:17:10Z,101.0,Charge 4
2022-07-10T17:17:15Z,98.0,Charge 4
2022-07-10T17:17:30Z,98.0,Charge 4
2022-07-10T17:17:45Z,98.0,Charge 4
2022-07-10T17:18:00Z,98.0,Charge 4
2022-07-10T17:18:15Z,97.0,Charge 4
2022-07-10T17:18:20Z,98.0,Charge 4
2022-07-10T17:18:25Z,99.0,Charge 4
2022-07-10T17:18:30Z,98.0,Charge 4
2022-07-10T17:18:35Z,97.0,Charge 4
2022-07-10T17:18:40Z,96.0,Charge 4
2022-07-10T17:18:55Z,96.0,Charge 4
2022-07-10T17:19:00Z,97.0,Charge 4
2022-07-10T17:19:10Z,95.0,Charge 4
2022-07-10T17:19:25Z,96.0,Charge 4
2022-07-10T17:19:35Z,95.0,Charge 4
2022-07-10T17:19:50Z,95.0,Charge 4
2022-07-10T17:20:05Z,95.0,Charge 4
2022-07-10T17:20:10Z,96.0,Charge 4
2022-07-10T17:20:15Z,97.0,Charge 4
2022-07-10T17:20:20Z,96.0,Charge 4
2022-07-10T17:20:25Z,95.0,Charge 4
2022-07-10T17:20:40Z,95.0,Charge 4
2022-07-10T17:20:50Z,96.0,Charge 4
2022-07-10T17:21:00Z,97.0,Charge 4
2022-07-10T17:21:15Z,96.0,Charge 4
2022-07-10T17:21:20Z,96.0,Charge 4
2022-07-10T17:21:25Z,96.0,Charge 4
2022-07-10T17:21:30Z,97.0,Charge 4
2022-07-10T17:21:45Z,95.0,Charge 4
2022-07-10T17:21:55Z,95.0,Charge 4
2022-07-10T17:22:10Z,96.0,Charge 4
2022-07-10T17:22:15Z,97.0,Charge 4
2022-07-10T17:22:25Z,100.0,Charge 4
2022-07-10T17:22:35Z,101.0,Charge 4
2022-07-10T17:22:40Z,104.0,Charge 4
2022-07-10T17:22:45Z,107.0,Charge 4
2022-07-10T17:22:50Z,109.0,Charge 4
2022-07-10T17:22:55Z,108.0,Charge 4
2022-07-10T17:23:00Z,110.0,Charge 4
2022-07-10T17:23:15Z,111.0,Charge 4
2022-07-10T17:23:20Z,112.0,Charge 4
2022-07-10T17:23:25Z,111.0,Charge 4
2022-07-10T17:23:30Z,112.0,Charge 4
2022-07-10T17:23:40Z,114.0,Charge 4
2022-07-10T17:23:45Z,116.0,Charge 4
2022-07-10T17:23:55Z,115.0,Charge 4
2022-07-10T17:24:00Z,116.0,Charge 4
2022-07-10T17:24:15Z,116.0,Charge 4
2022-07-10T17:24:20Z,118.0,Charge 4
2022-07-10T17:24:30Z,120.0,Charge 4
2022-07-10T17:24:35Z,122.0,Charge 4
2022-07-10T17:24:41Z,124.0,Charge 4
2022-07-10T17:24:46Z,123.0,Charge 4
2022-07-10T17:24:51Z,120.0,Charge 4
2022-07-10T17:24:56Z,119.0,Charge 4
2022-07-10T17:25:01Z,118.0,Charge 4
2022-07-10T17:25:11Z,117.0,Charge 4
2022-07-10T17:25:16Z,119.0,Charge 4
2022-07-10T17:25:26Z,118.0,Charge 4
2022-07-10T17:25:31Z,123.0,Charge 4
2022-07-10T17:25:36Z,122.0,Charge 4
2022-07-10T17:25:41Z,120.0,Charge 4
2022-07-10T17:25:51Z,121.0,Charge 4
2022-07-10T17:25:56Z,124.0,Charge 4
2022-07-10T17:26:06Z,123.0,Charge 4
2022-07-10T17:26:16Z,122.0,Charge 4
2022-07-10T17:26:26Z,121.0,Charge 4
2022-07-10T17:26:31Z,120.0,Charge 4
2022-07-10T17:26:36Z,121.0,Charge 4
2022-07-10T17:26:41Z,122.0,Charge 4
2022-07-10T17:26:51Z,123.0,Charge 4
2022-07-10T17:27:06Z,122.0,Charge 4
2022-07-10T17:27:16Z,123.0,Charge 4
2022-07-10T17:27:21Z,124.0,Charge 4
2022-07-10T17:27:26Z,125.0,Charge 4
2022-07-10T17:27:31Z,127.0,Charge 4
2022-07-10T17:27:36Z,124.0,Charge 4
2022-07-10T17:27:41Z,125.0,Charge 4
2022-07-10T17:27:46Z,124.0,Charge 4
2022-07-10T17:27:56Z,122.0,Charge 4
2022-07-10T17:28:01Z,121.0,Charge 4
2022-07-10T17:28:06Z,120.0,Charge 4
2022-07-10T17:28:11Z,119.0,Charge 4
2022-07-10T17:28:16Z,120.0,Charge 4
2022-07-10T17:28:21Z,121.0,Charge 4
2022-07-10T17:28:26Z,122.0,Charge 4
2022-07-10T17:28:31Z,126.0,Charge 4
2022-07-10T17:28:36Z,125.0,Charge 4
2022-07-10T17:28:41Z,122.0,Charge 4
2022-07-10T17:28:46Z,120.0,Charge 4
2022-07-10T17:28:51Z,118.0,Charge 4
2022-07-10T17:28:56Z,118.0,Charge 4
2022-07-10T17:29:01Z,120.0,Charge 4
2022-07-10T17:29:11Z,121.0,Charge 4
2022-07-10T17:29:16Z,122.0,Charge 4
2022-07-10T17:29:26Z,123.0,Charge 4
2022-07-10T17:29:41Z,124.0,Charge 4
2022-07-10T17:29:56Z,124.0,Charge 4
2022-07-10T17:30:06Z,122.0,Charge 4
2022-07-10T17:30:11Z,121.0,Charge 4
2022-07-10T17:30:16Z,122.0,Charge 4
2022-07-10T17:30:21Z,121.0,Charge 4
2022-07-10T17:30:26Z,120.0,Charge 4
2022-07-10T17:30:31Z,117.0,Charge 4
2022-07-10T17:30:36Z,114.0,Charge 4
2022-07-10T17:30:41Z,114.0,Charge 4
2022-07-10T17:30:46Z,117.0,Charge 4
2022-07-10T17:30:51Z,119.0,Charge 4
2022-07-10T17:31:01Z,120.0,Charge 4
2022-07-10T17:31:11Z,119.0,Charge 4
2022-07-10T17:31:16Z,117.0,Charge 4
2022-07-10T17:31:21Z,118.0,Charge 4
2022-07-10T17:31:26Z,121.0,Charge 4
2022-07-10T17:31:31Z,123.0,Charge 4
2022-07-10T17:31:36Z,124.0,Charge 4
2022-07-10T17:31:41Z,125.0,Charge 4
2022-07-10T17:31:56Z,125.0,Charge 4
2022-07-10T17:32:06Z,127.0,Charge 4
2022-07-10T17:32:11Z,128.0,Charge 4
2022-07-10T17:32:21Z,126.0,Charge 4
2022-07-10T17:32:31Z,123.0,Charge 4
2022-07-10T17:32:36Z,119.0,Charge 4
2022-07-10T17:32:41Z,123.0,Charge 4
2022-07-10T17:32:46Z,128.0,Charge 4
2022-07-10T17:32:51Z,131.0,Charge 4
2022-07-10T17:32:56Z,132.0,Charge 4
2022-07-10T17:33:01Z,134.0,Charge 4
2022-07-10T17:33:11Z,129.0,Charge 4
2022-07-10T17:33:16Z,130.0,Charge 4
2022-07-10T17:33:21Z,134.0,Charge 4
2022-07-10T17:33:26Z,135.0,Charge 4
2022-07-10T17:33:31Z,136.0,Charge 4
2022-07-10T17:33:36Z,138.0,Charge 4
2022-07-10T17:33:41Z,140.0,Charge 4
2022-07-10T17:33:44Z,141.0,Charge 4
2022-07-10T17:33:53Z,142.0,Charge 4
2022-07-10T17:34:03Z,144.0,Charge 4
2022-07-10T17:34:08Z,147.0,Charge 4
2022-07-10T17:34:13Z,148.0,Charge 4
2022-07-10T17:34:23Z,147.0,Charge 4
2022-07-10T17:34:33Z,148.0,Charge 4
2022-07-10T17:34:44Z,150.0,Charge 4
2022-07-10T17:34:49Z,146.0,Charge 4
2022-07-10T17:34:54Z,143.0,Charge 4
2022-07-10T17:35:04Z,141.0,Charge 4
2022-07-10T17:35:09Z,140.0,Charge 4
2022-07-10T17:35:14Z,137.0,Charge 4
2022-07-10T17:35:19Z,136.0,Charge 4
2022-07-10T17:35:24Z,134.0,Charge 4
2022-07-10T17:35:29Z,130.0,Charge 4
2022-07-10T17:35:34Z,127.0,Charge 4
2022-07-10T17:35:44Z,124.0,Charge 4
2022-07-10T17:35:49Z,121.0,Charge 4
2022-07-10T17:35:59Z,118.0,Charge 4
2022-07-10T17:36:04Z,116.0,Charge 4
2022-07-10T17:36:14Z,115.0,Charge 4
2022-07-10T17:36:19Z,113.0,Charge 4
2022-07-10T17:36:24Z,110.0,Charge 4
2022-07-10T17:36:29Z,109.0,Charge 4
2022-07-10T17:36:44Z,109.0,Charge 4
2022-07-10T17:36:49Z,110.0,Charge 4
2022-07-10T17:36:54Z,109.0,Charge 4
2022-07-10T17:36:59Z,108.0,Charge 4
2022-07-10T17:37:04Z,107.0,Charge 4
2022-07-10T17:37:19Z,107.0,Charge 4
2022-07-10T17:37:34Z,107.0,Charge 4
2022-07-10T17:37:39Z,106.0,Charge 4
2022-07-10T17:37:49Z,105.0,Charge 4
2022-07-10T17:37:55Z,104.0,Charge 4
2022-07-10T17:38:00Z,103.0,Charge 4
2022-07-10T17:38:15Z,101.0,Charge 4
2022-07-10T17:38:30Z,101.0,Charge 4
2022-07-10T17:38:40Z,100.0,Charge 4
2022-07-10T17:38:50Z,101.0,Charge 4
2022-07-10T17:39:05Z,101.0,Charge 4
2022-07-10T17:39:10Z,102.0,Charge 4
2022-07-10T17:39:15Z,101.0,Charge 4
2022-07-10T17:39:20Z,100.0,Charge 4
2022-07-10T17:39:25Z,99.0,Charge 4
2022-07-10T17:39:30Z,98.0,Charge 4
2022-07-10T17:39:45Z,98.0,Charge 4
2022-07-10T17:39:50Z,100.0,Charge 4
2022-07-10T17:40:00Z,101.0,Charge 4
2022-07-10T17:40:05Z,103.0,Charge 4
2022-07-10T17:40:10Z,105.0,Charge 4
2022-07-10T17:40:20Z,104.0,Charge 4
2022-07-10T17:40:25Z,103.0,Charge 4
2022-07-10T17:40:30Z,102.0,Charge 4
2022-07-10T17:40:40Z,101.0,Charge 4
2022-07-10T17:40:45Z,102.0,Charge 4
2022-07-10T17:40:55Z,97.0,Charge 4
2022-07-10T17:41:00Z,94.0,Charge 4
2022-07-10T17:41:05Z,99.0,Charge 4
2022-07-10T17:41:10Z,100.0,Charge 4
2022-07-10T17:41:25Z,100.0,Charge 4
2022-07-10T17:41:30Z,100.0,Charge 4
2022-07-10T17:41:45Z,101.0,Charge 4
2022-07-10T17:41:55Z,100.0,Charge 4
2022-07-10T17:42:10Z,100.0,Charge 4
2022-07-10T17:42:25Z,99.0,Charge 4
2022-07-10T17:42:35Z,100.0,Charge 4
2022-07-10T17:42:50Z,99.0,Charge 4
2022-07-10T17:42:55Z,98.0,Charge 4
2022-07-10T17:43:00Z,97.0,Charge 4
2022-07-10T17:43:05Z,97.0,Charge 4
2022-07-10T17:43:10Z,98.0,Charge 4
2022-07-10T17:43:25Z,98.0,Charge 4
2022-07-10T17:43:35Z,99.0,Charge 4
2022-07-10T17:43:45Z,99.0,Charge 4
2022-07-10T17:43:50Z,98.0,Charge 4
2022-07-10T17:44:05Z,99.0,Charge 4
2022-07-10T17:44:10Z,100.0,Charge 4
2022-07-10T17:44:25Z,99.0,Charge 4
2022-07-10T17:44:30Z,96.0,Charge 4
2022-07-10T17:44:45Z,96.0,Charge 4
2022-07-10T17:44:55Z,98.0,Charge 4
2022-07-10T17:45:10Z,99.0,Charge 4
2022-07-10T17:45:15Z,98.0,Charge 4
2022-07-10T17:45:20Z,97.0,Charge 4
2022-07-10T17:45:30Z,98.0,Charge 4
2022-07-10T17:45:45Z,98.0,Charge 4
2022-07-10T17:46:00Z,99.0,Charge 4
2022-07-10T17:46:05Z,99.0,Charge 4
2022-07-10T17:46:15Z,98.0,Charge 4
2022-07-10T17:46:30Z,98.0,Charge 4
2022-07-10T17:46:35Z,97.0,Charge 4
2022-07-10T17:46:45Z,98.0,Charge 4
2022-07-10T17:46:50Z,97.0,Charge 4
2022-07-10T17:47:05Z,97.0,Charge 4
2022-07-10T17:47:15Z,96.0,Charge 4
2022-07-10T17:47:25Z,97.0,Charge 4
2022-07-10T17:47:35Z,98.0,Charge 4
2022-07-10T17:47:50Z,98.0,Charge 4
2022-07-10T17:47:55Z,97.0,Charge 4
2022-07-10T17:48:05Z,96.0,Charge 4
2022-07-10T17:48:15Z,95.0,Charge 4
2022-07-10T17:48:30Z,95.0,Charge 4
2022-07-10T17:48:45Z,95.0,Charge 4
2022-07-10T17:49:00Z,95.0,Charge 4
2022-07-10T17:49:10Z,97.0,Charge 4
2022-07-10T17:49:15Z,98.0,Charge 4
2022-07-10T17:49:20Z,101.0,Charge 4
2022-07-10T17:49:25Z,103.0,Charge 4
2022-07-10T17:49:30Z,106.0,Charge 4
2022-07-10T17:49:35Z,107.0,Charge 4
2022-07-10T17:49:40Z,106.0,Charge 4
2022-07-10T17:49:45Z,108.0,Charge 4
2022-07-10T17:49:50Z,110.0,Charge 4
2022-07-10T17:49:55Z,111.0,Charge 4
2022-07-10T17:50:00Z,111.0,Charge 4
2022-07-10T17:50:05Z,110.0,Charge 4
2022-07-10T17:50:15Z,111.0,Charge 4
2022-07-10T17:50:20Z,108.0,Charge 4
2022-07-10T17:50:25Z,107.0,Charge 4
2022-07-10T17:50:30Z,106.0,Charge 4
2022-07-10T17:50:35Z,107.0,Charge 4
2022-07-10T17:50:40Z,108.0,Charge 4
2022-07-10T17:50:50Z,109.0,Charge 4
2022-07-10T17:51:05Z,110.0,Charge 4
2022-07-10T17:51:10Z,111.0,Charge 4
2022-07-10T17:51:15Z,112.0,Charge 4
2022-07-10T17:51:20Z,113.0,Charge 4
2022-07-10T17:51:25Z,114.0,Charge 4
2022-07-10T17:51:30Z,115.0,Charge 4
2022-07-10T17:51:35Z,114.0,Charge 4
2022-07-10T17:51:40Z,113.0,Charge 4
2022-07-10T17:51:50Z,110.0,Charge 4
2022-07-10T17:51:55Z,109.0,Charge 4
2022-07-10T17:52:05Z,108.0,Charge 4
2022-07-10T17:52:10Z,106.0,Charge 4
2022-07-10T17:52:15Z,105.0,Charge 4
2022-07-10T17:52:20Z,106.0,Charge 4
2022-07-10T17:52:25Z,108.0,Charge 4
2022-07-10T17:52:30Z,106.0,Charge 4
2022-07-10T17:52:35Z,104.0,Charge 4
2022-07-10T17:52:50Z,104.0,Charge 4
2022-07-10T17:52:55Z,104.0,Charge 4
2022-07-10T17:53:00Z,105.0,Charge 4
2022-07-10T17:53:05Z,106.0,Charge 4
2022-07-10T17:53:15Z,107.0,Charge 4
2022-07-10T17:53:30Z,107.0,Charge 4
2022-07-10T17:53:35Z,106.0,Charge 4
2022-07-10T17:53:40Z,105.0,Charge 4
2022-07-10T17:53:55Z,105.0,Charge 4
2022-07-10T17:54:00Z,106.0,Charge 4
2022-07-10T17:54:05Z,105.0,Charge 4
2022-07-10T17:54:10Z,106.0,Charge 4
2022-07-10T17:54:25Z,106.0,Charge 4
2022-07-10T17:54:30Z,100.0,Charge 4
2022-07-10T17:54:40Z,100.0,Charge 4
2022-07-10T17:54:55Z,100.0,Charge 4
2022-07-10T17:55:10Z,100.0,Charge 4
2022-07-10T17:55:25Z,100.0,Charge 4
2022-07-10T17:55:40Z,101.0,Charge 4
2022-07-10T17:55:55Z,101.0,Charge 4
2022-07-10T17:56:10Z,101.0,Charge 4
2022-07-10T17:56:51Z,101.0,Charge 4
2022-07-10T17:56:56Z,101.0,Charge 4
2022-07-10T17:57:01Z,101.0,Charge 4
2022-07-10T17:57:16Z,101.0,Charge 4
2022-07-10T17:57:26Z,99.0,Charge 4
2022-07-10T17:57:41Z,99.0,Charge 4
2022-07-10T17:57:56Z,99.0,Charge 4
2022-07-10T17:58:01Z,98.0,Charge 4
2022-07-10T17:58:06Z,93.0,Charge 4
2022-07-10T17:58:11Z,94.0,Charge 4
2022-07-10T17:58:16Z,94.0,Charge 4
2022-07-10T17:58:21Z,95.0,Charge 4
2022-07-10T17:58:31Z,100.0,Charge 4
2022-07-10T17:58:36Z,104.0,Charge 4
2022-07-10T17:58:41Z,107.0,Charge 4
2022-07-10T17:58:46Z,109.0,Charge 4
2022-07-10T17:58:56Z,110.0,Charge 4
2022-07-10T17:59:01Z,111.0,Charge 4
2022-07-10T17:59:06Z,113.0,Charge 4
2022-07-10T17:59:11Z,114.0,Charge 4
2022-07-10T17:59:16Z,113.0,Charge 4
2022-07-10T17:59:26Z,114.0,Charge 4
2022-07-10T17:59:41Z,111.0,Charge 4
2022-07-10T17:59:46Z,106.0,Charge 4
2022-07-10T17:59:51Z,100.0,Charge 4
2022-07-10T17:59:56Z,103.0,Charge 4
2022-07-10T18:00:01Z,106.0,Charge 4
2022-07-10T18:00:06Z,107.0,Charge 4
2022-07-10T18:00:11Z,105.0,Charge 4
2022-07-10T18:00:16Z,104.0,Charge 4
2022-07-10T18:00:21Z,102.0,Charge 4
2022-07-10T18:00:26Z,102.0,Charge 4
2022-07-10T18:00:31Z,105.0,Charge 4
2022-07-10T18:00:41Z,107.0,Charge 4
2022-07-10T18:00:51Z,110.0,Charge 4
2022-07-10T18:01:01Z,109.0,Charge 4
2022-07-10T18:01:06Z,111.0,Charge 4
2022-07-10T18:01:21Z,110.0,Charge 4
2022-07-10T18:01:26Z,106.0,Charge 4
2022-07-10T18:01:36Z,107.0,Charge 4
2022-07-10T18:01:41Z,109.0,Charge 4
2022-07-10T18:01:46Z,110.0,Charge 4
2022-07-10T18:01:51Z,115.0,Charge 4
2022-07-10T18:02:01Z,116.0,Charge 4
2022-07-10T18:02:06Z,114.0,Charge 4
2022-07-10T18:02:11Z,112.0,Charge 4
2022-07-10T18:02:21Z,111.0,Charge 4
2022-07-10T18:02:26Z,109.0,Charge 4
2022-07-10T18:02:31Z,106.0,Charge 4
2022-07-10T18:02:36Z,110.0,Charge 4
2022-07-10T18:02:41Z,113.0,Charge 4
2022-07-10T18:02:46Z,115.0,Charge 4
2022-07-10T18:02:51Z,114.0,Charge 4
2022-07-10T18:02:56Z,111.0,Charge 4
2022-07-10T18:03:01Z,108.0,Charge 4
2022-07-10T18:03:06Z,106.0,Charge 4
2022-07-10T18:03:11Z,104.0,Charge 4
2022-07-10T18:03:16Z,106.0,Charge 4
2022-07-10T18:03:21Z,107.0,Charge 4
2022-07-10T18:03:26Z,103.0,Charge 4
2022-07-10T18:03:31Z,105.0,Charge 4
2022-07-10T18:03:36Z,106.0,Charge 4
2022-07-10T18:03:46Z,107.0,Charge 4
2022-07-10T18:03:56Z,109.0,Charge 4
2022-07-10T18:04:01Z,111.0,Charge 4
2022-07-10T18:04:06Z,114.0,Charge 4
2022-07-10T18:04:11Z,117.0,Charge 4
2022-07-10T18:04:16Z,121.0,Charge 4
2022-07-10T18:04:21Z,122.0,Charge 4
2022-07-10T18:04:26Z,124.0,Charge 4
2022-07-10T18:04:31Z,125.0,Charge 4
2022-07-10T18:04:36Z,124.0,Charge 4
2022-07-10T18:04:41Z,123.0,Charge 4
2022-07-10T18:04:46Z,122.0,Charge 4
2022-07-10T18:05:01Z,122.0,Charge 4
2022-07-10T18:05:06Z,123.0,Charge 4
2022-07-10T18:05:16Z,122.0,Charge 4
2022-07-10T18:05:31Z,122.0,Charge 4
2022-07-10T18:05:36Z,120.0,Charge 4
2022-07-10T18:05:41Z,121.0,Charge 4
2022-07-10T18:05:46Z,115.0,Charge 4
2022-07-10T18:05:51Z,114.0,Charge 4
2022-07-10T18:05:56Z,108.0,Charge 4
2022-07-10T18:06:01Z,106.0,Charge 4
2022-07-10T18:06:06Z,104.0,Charge 4
2022-07-10T18:06:11Z,101.0,Charge 4
2022-07-10T18:06:16Z,99.0,Charge 4
2022-07-10T18:06:21Z,98.0,Charge 4
2022-07-10T18:06:26Z,98.0,Charge 4
2022-07-10T18:06:41Z,102.0,Charge 4
2022-07-10T18:06:46Z,104.0,Charge 4
2022-07-10T18:06:56Z,102.0,Charge 4
2022-07-10T18:07:01Z,101.0,Charge 4
2022-07-10T18:07:06Z,101.0,Charge 4
2022-07-10T18:07:11Z,100.0,Charge 4
2022-07-10T18:07:21Z,99.0,Charge 4
2022-07-10T18:07:26Z,99.0,Charge 4
2022-07-10T18:07:31Z,99.0,Charge 4
2022-07-10T18:07:36Z,98.0,Charge 4
2022-07-10T18:07:51Z,98.0,Charge 4
2022-07-10T18:07:56Z,97.0,Charge 4
2022-07-10T18:08:01Z,95.0,Charge 4
2022-07-10T18:08:06Z,91.0,Charge 4
2022-07-10T18:08:16Z,92.0,Charge 4
2022-07-10T18:08:26Z,92.0,Charge 4
2022-07-10T18:08:31Z,93.0,Charge 4
2022-07-10T18:08:36Z,101.0,Charge 4
2022-07-10T18:08:41Z,101.0,Charge 4
2022-07-10T18:08:46Z,100.0,Charge 4
2022-07-10T18:09:01Z,99.0,Charge 4
2022-07-10T18:09:16Z,100.0,Charge 4
2022-07-10T18:09:21Z,101.0,Charge 4
2022-07-10T18:09:26Z,102.0,Charge 4
2022-07-10T18:09:31Z,103.0,Charge 4
2022-07-10T18:09:41Z,108.0,Charge 4
2022-07-10T18:09:51Z,107.0,Charge 4
2022-07-10T18:09:56Z,106.0,Charge 4
2022-07-10T18:10:01Z,107.0,Charge 4
2022-07-10T18:10:06Z,109.0,Charge 4
2022-07-10T18:10:16Z,108.0,Charge 4
2022-07-10T18:10:21Z,107.0,Charge 4
2022-07-10T18:10:26Z,106.0,Charge 4
2022-07-10T18:10:31Z,104.0,Charge 4
2022-07-10T18:10:36Z,102.0,Charge 4
2022-07-10T18:10:41Z,99.0,Charge 4
2022-07-10T18:10:46Z,98.0,Charge 4
2022-07-10T18:11:01Z,99.0,Charge 4
2022-07-10T18:11:06Z,100.0,Charge 4
2022-07-10T18:11:11Z,101.0,Charge 4
2022-07-10T18:11:26Z,101.0,Charge 4
2022-07-10T18:11:31Z,100.0,Charge 4
2022-07-10T18:11:36Z,98.0,Charge 4
2022-07-10T18:11:41Z,96.0,Charge 4
2022-07-10T18:11:46Z,95.0,Charge 4
2022-07-10T18:11:51Z,95.0,Charge 4
2022-07-10T18:12:01Z,96.0,Charge 4
2022-07-10T18:12:06Z,95.0,Charge 4
2022-07-10T18:12:11Z,92.0,Charge 4
2022-07-10T18:12:16Z,91.0,Charge 4
2022-07-10T18:12:31Z,93.0,Charge 4
2022-07-10T18:12:36Z,94.0,Charge 4
2022-07-10T18:12:41Z,91.0,Charge 4
2022-07-10T18:12:56Z,92.0,Charge 4
2022-07-10T18:13:01Z,93.0,Charge 4
2022-07-10T18:13:11Z,94.0,Charge 4
2022-07-10T18:13:16Z,95.0,Charge 4
2022-07-10T18:13:21Z,96.0,Charge 4
2022-07-10T18:13:26Z,97.0,Charge 4
2022-07-10T18:13:41Z,97.0,Charge 4
2022-07-10T18:13:46Z,95.0,Charge 4
2022-07-10T18:13:51Z,95.0,Charge 4
2022-07-10T18:14:01Z,95.0,Charge 4
2022-07-10T18:14:16Z,94.0,Charge 4
2022-07-10T18:14:21Z,93.0,Charge 4
2022-07-10T18:14:31Z,94.0,Charge 4
2022-07-10T18:14:36Z,93.0,Charge 4
2022-07-10T18:14:51Z,92.0,Charge 4
2022-07-10T18:14:56Z,91.0,Charge 4
2022-07-10T18:15:11Z,92.0,Charge 4
2022-07-10T18:15:16Z,92.0,Charge 4
2022-07-10T18:15:21Z,93.0,Charge 4
2022-07-10T18:15:26Z,92.0,Charge 4
2022-07-10T18:15:31Z,93.0,Charge 4
2022-07-10T18:15:41Z,92.0,Charge 4
2022-07-10T18:15:56Z,93.0,Charge 4
2022-07-10T18:16:01Z,94.0,Charge 4
2022-07-10T18:16:16Z,94.0,Charge 4
2022-07-10T18:16:26Z,97.0,Charge 4
2022-07-10T18:16:31Z,99.0,Charge 4
2022-07-10T18:16:41Z,98.0,Charge 4
2022-07-10T18:16:46Z,99.0,Charge 4
2022-07-10T18:16:51Z,98.0,Charge 4
2022-07-10T18:16:56Z,97.0,Charge 4
2022-07-10T18:17:11Z,97.0,Charge 4
2022-07-10T18:17:26Z,98.0,Charge 4
2022-07-10T18:17:31Z,99.0,Charge 4
2022-07-10T18:17:36Z,100.0,Charge 4
2022-07-10T18:17:41Z,100.0,Charge 4
2022-07-10T18:17:46Z,101.0,Charge 4
2022-07-10T18:17:51Z,101.0,Charge 4
2022-07-10T18:17:56Z,100.0,Charge 4
2022-07-10T18:18:01Z,101.0,Charge 4
2022-07-10T18:18:11Z,99.0,Charge 4
2022-07-10T18:18:16Z,99.0,Charge 4
2022-07-10T18:18:21Z,100.0,Charge 4
2022-07-10T18:18:36Z,98.0,Charge 4
2022-07-10T18:18:51Z,97.0,Charge 4
2022-07-10T18:18:56Z,96.0,Charge 4
2022-07-10T18:19:01Z,96.0,Charge 4
2022-07-10T18:19:06Z,95.0,Charge 4
2022-07-10T18:19:11Z,96.0,Charge 4
2022-07-10T18:19:26Z,96.0,Charge 4
2022-07-10T18:19:31Z,95.0,Charge 4
2022-07-10T18:19:41Z,87.0,Charge 4
2022-07-10T18:19:46Z,89.0,Charge 4
2022-07-10T18:19:51Z,91.0,Charge 4
2022-07-10T18:20:01Z,93.0,Charge 4
2022-07-10T18:20:16Z,93.0,Charge 4
2022-07-10T18:20:21Z,94.0,Charge 4
2022-07-10T18:20:26Z,101.0,Charge 4
2022-07-10T18:20:31Z,103.0,Charge 4
2022-07-10T18:20:46Z,103.0,Charge 4
2022-07-10T18:20:51Z,97.0,Charge 4
2022-07-10T18:20:56Z,96.0,Charge 4
2022-07-10T18:21:01Z,94.0,Charge 4
2022-07-10T18:21:11Z,95.0,Charge 4
2022-07-10T18:21:26Z,95.0,Charge 4
2022-07-10T18:21:31Z,96.0,Charge 4
2022-07-10T18:21:41Z,97.0,Charge 4
2022-07-10T18:21:46Z,100.0,Charge 4
2022-07-10T18:21:51Z,103.0,Charge 4
2022-07-10T18:21:56Z,102.0,Charge 4
2022-07-10T18:22:01Z,100.0,Charge 4
2022-07-10T18:22:07Z,100.0,Charge 4
2022-07-10T18:22:12Z,98.0,Charge 4
2022-07-10T18:22:17Z,94.0,Charge 4
2022-07-10T18:22:22Z,92.0,Charge 4
2022-07-10T18:22:27Z,92.0,Charge 4
2022-07-10T18:22:32Z,94.0,Charge 4
2022-07-10T18:22:37Z,95.0,Charge 4
2022-07-10T18:22:42Z,95.0,Charge 4
2022-07-10T18:22:47Z,94.0,Charge 4
2022-07-10T18:22:52Z,92.0,Charge 4
2022-07-10T18:22:57Z,91.0,Charge 4
2022-07-10T18:23:02Z,90.0,Charge 4
2022-07-10T18:23:17Z,91.0,Charge 4
2022-07-10T18:23:22Z,92.0,Charge 4
2022-07-10T18:23:27Z,94.0,Charge 4
2022-07-10T18:23:32Z,93.0,Charge 4
2022-07-10T18:23:37Z,92.0,Charge 4
2022-07-10T18:23:42Z,91.0,Charge 4
2022-07-10T18:23:52Z,90.0,Charge 4
2022-07-10T18:23:57Z,90.0,Charge 4
2022-07-10T18:24:07Z,92.0,Charge 4
2022-07-10T18:24:12Z,93.0,Charge 4
2022-07-10T18:24:17Z,90.0,Charge 4
2022-07-10T18:24:32Z,91.0,Charge 4
2022-07-10T18:24:37Z,93.0,Charge 4
2022-07-10T18:24:42Z,98.0,Charge 4
2022-07-10T18:24:47Z,100.0,Charge 4
2022-07-10T18:24:52Z,102.0,Charge 4
2022-07-10T18:24:57Z,103.0,Charge 4
2022-07-10T18:25:12Z,103.0,Charge 4
2022-07-10T18:25:27Z,103.0,Charge 4
2022-07-10T18:25:32Z,102.0,Charge 4
2022-07-10T18:25:37Z,100.0,Charge 4
2022-07-10T18:25:47Z,97.0,Charge 4
2022-07-10T18:25:52Z,95.0,Charge 4
2022-07-10T18:26:07Z,97.0,Charge 4
2022-07-10T18:26:17Z,98.0,Charge 4
2022-07-10T18:26:22Z,97.0,Charge 4
2022-07-10T18:26:27Z,96.0,Charge 4
2022-07-10T18:26:32Z,95.0,Charge 4
2022-07-10T18:26:37Z,94.0,Charge 4
2022-07-10T18:26:42Z,93.0,Charge 4
2022-07-10T18:26:47Z,92.0,Charge 4
2022-07-10T18:27:02Z,94.0,Charge 4
2022-07-10T18:27:17Z,94.0,Charge 4
2022-07-10T18:27:27Z,93.0,Charge 4
2022-07-10T18:27:37Z,94.0,Charge 4
2022-07-10T18:27:52Z,94.0,Charge 4
2022-07-10T18:28:07Z,95.0,Charge 4
2022-07-10T18:28:12Z,97.0,Charge 4
2022-07-10T18:28:17Z,98.0,Charge 4
2022-07-10T18:28:22Z,97.0,Charge 4
2022-07-10T18:28:27Z,95.0,Charge 4
2022-07-10T18:28:37Z,96.0,Charge 4
2022-07-10T18:28:42Z,96.0,Charge 4
2022-07-10T18:28:47Z,98.0,Charge 4
2022-07-10T18:28:57Z,100.0,Charge 4
2022-07-10T18:29:02Z,101.0,Charge 4
2022-07-10T18:29:07Z,102.0,Charge 4
2022-07-10T18:29:17Z,100.0,Charge 4
2022-07-10T18:29:22Z,98.0,Charge 4
2022-07-10T18:29:27Z,98.0,Charge 4
2022-07-10T18:29:37Z,99.0,Charge 4
2022-07-10T18:29:42Z,97.0,Charge 4
2022-07-10T18:29:47Z,95.0,Charge 4
2022-07-10T18:30:02Z,96.0,Charge 4
2022-07-10T18:30:07Z,97.0,Charge 4
2022-07-10T18:30:22Z,90.0,Charge 4
2022-07-10T18:30:27Z,91.0,Charge 4
2022-07-10T18:30:32Z,92.0,Charge 4
2022-07-10T18:30:37Z,93.0,Charge 4
2022-07-10T18:30:47Z,94.0,Charge 4
2022-07-10T18:30:52Z,96.0,Charge 4
2022-07-10T18:30:57Z,98.0,Charge 4
2022-07-10T18:31:02Z,100.0,Charge 4
2022-07-10T18:31:07Z,104.0,Charge 4
2022-07-10T18:31:12Z,105.0,Charge 4
2022-07-10T18:31:22Z,107.0,Charge 4
2022-07-10T18:31:37Z,111.0,Charge 4
2022-07-10T18:31:42Z,115.0,Charge 4
2022-07-10T18:31:47Z,116.0,Charge 4
2022-07-10T18:31:52Z,113.0,Charge 4
2022-07-10T18:31:57Z,112.0,Charge 4
2022-07-10T18:32:07Z,111.0,Charge 4
2022-07-10T18:32:17Z,113.0,Charge 4
2022-07-10T18:32:22Z,112.0,Charge 4
2022-07-10T18:32:32Z,107.0,Charge 4
2022-07-10T18:32:37Z,104.0,Charge 4
2022-07-10T18:32:42Z,106.0,Charge 4
2022-07-10T18:32:52Z,105.0,Charge 4
2022-07-10T18:33:02Z,103.0,Charge 4
2022-07-10T18:33:07Z,98.0,Charge 4
2022-07-10T18:33:12Z,101.0,Charge 4
2022-07-10T18:33:17Z,99.0,Charge 4
2022-07-10T18:33:22Z,94.0,Charge 4
2022-07-10T18:33:27Z,94.0,Charge 4
2022-07-10T18:33:32Z,95.0,Charge 4
2022-07-10T18:33:37Z,98.0,Charge 4
2022-07-10T18:33:42Z,106.0,Charge 4
2022-07-10T18:33:47Z,107.0,Charge 4
2022-07-10T18:33:52Z,106.0,Charge 4
2022-07-10T18:33:57Z,105.0,Charge 4
2022-07-10T18:34:02Z,101.0,Charge 4
2022-07-10T18:34:07Z,96.0,Charge 4
2022-07-10T18:34:17Z,92.0,Charge 4
2022-07-10T18:34:22Z,90.0,Charge 4
2022-07-10T18:34:27Z,89.0,Charge 4
2022-07-10T18:34:32Z,92.0,Charge 4
2022-07-10T18:34:37Z,93.0,Charge 4
2022-07-10T18:34:52Z,95.0,Charge 4
2022-07-10T18:34:57Z,94.0,Charge 4
2022-07-10T18:35:07Z,92.0,Charge 4
2022-07-10T18:35:12Z,97.0,Charge 4
2022-07-10T18:35:22Z,94.0,Charge 4
2022-07-10T18:35:27Z,100.0,Charge 4
2022-07-10T18:35:32Z,103.0,Charge 4
2022-07-10T18:35:42Z,102.0,Charge 4
2022-07-10T18:35:47Z,100.0,Charge 4
2022-07-10T18:35:52Z,103.0,Charge 4
2022-07-10T18:36:02Z,104.0,Charge 4
2022-07-10T18:36:12Z,107.0,Charge 4
2022-07-10T18:36:17Z,99.0,Charge 4
2022-07-10T18:36:22Z,100.0,Charge 4
2022-07-10T18:36:27Z,103.0,Charge 4
2022-07-10T18:36:32Z,105.0,Charge 4
2022-07-10T18:36:37Z,100.0,Charge 4
2022-07-10T18:36:42Z,98.0,Charge 4
2022-07-10T18:36:47Z,100.0,Charge 4
2022-07-10T18:36:52Z,98.0,Charge 4
2022-07-10T18:36:57Z,96.0,Charge 4
2022-07-10T18:37:02Z,96.0,Charge 4
2022-07-10T18:37:07Z,99.0,Charge 4
2022-07-10T18:37:22Z,101.0,Charge 4
2022-07-10T18:37:27Z,99.0,Charge 4
2022-07-10T18:37:32Z,99.0,Charge 4
2022-07-10T18:37:37Z,97.0,Charge 4
2022-07-10T18:37:42Z,95.0,Charge 4
2022-07-10T18:37:52Z,99.0,Charge 4
2022-07-10T18:37:57Z,104.0,Charge 4
2022-07-10T18:38:02Z,111.0,Charge 4
2022-07-10T18:38:07Z,118.0,Charge 4
2022-07-10T18:38:12Z,124.0,Charge 4
2022-07-10T18:38:17Z,125.0,Charge 4
2022-07-10T18:38:27Z,127.0,Charge 4
2022-07-10T18:38:32Z,128.0,Charge 4
2022-07-10T18:38:37Z,129.0,Charge 4
2022-07-10T18:38:42Z,131.0,Charge 4
2022-07-10T18:38:47Z,129.0,Charge 4
2022-07-10T18:38:52Z,128.0,Charge 4
2022-07-10T18:38:57Z,127.0,Charge 4
2022-07-10T18:39:02Z,123.0,Charge 4
2022-07-10T18:39:07Z,121.0,Charge 4
2022-07-10T18:39:12Z,120.0,Charge 4
2022-07-10T18:39:17Z,117.0,Charge 4
2022-07-10T18:39:22Z,115.0,Charge 4
2022-07-10T18:39:27Z,112.0,Charge 4
2022-07-10T18:39:32Z,110.0,Charge 4
2022-07-10T18:39:37Z,111.0,Charge 4
2022-07-10T18:39:42Z,112.0,Charge 4
2022-07-10T18:39:47Z,110.0,Charge 4
2022-07-10T18:39:52Z,103.0,Charge 4
2022-07-10T18:39:58Z,102.0,Charge 4
2022-07-10T18:40:03Z,103.0,Charge 4
2022-07-10T18:40:08Z,103.0,Charge 4
2022-07-10T18:40:18Z,106.0,Charge 4
2022-07-10T18:40:23Z,111.0,Charge 4
2022-07-10T18:40:28Z,106.0,Charge 4
2022-07-10T18:40:33Z,100.0,Charge 4
2022-07-10T18:40:38Z,100.0,Charge 4
2022-07-10T18:40:43Z,99.0,Charge 4
2022-07-10T18:40:48Z,97.0,Charge 4
2022-07-10T18:40:53Z,98.0,Charge 4
2022-07-10T18:40:58Z,99.0,Charge 4
2022-07-10T18:41:03Z,98.0,Charge 4
2022-07-10T18:41:13Z,97.0,Charge 4
2022-07-10T18:41:23Z,98.0,Charge 4
2022-07-10T18:41:28Z,99.0,Charge 4
2022-07-10T18:41:33Z,98.0,Charge 4
2022-07-10T18:41:38Z,97.0,Charge 4
2022-07-10T18:41:43Z,95.0,Charge 4
2022-07-10T18:41:58Z,94.0,Charge 4
2022-07-10T18:42:13Z,94.0,Charge 4
2022-07-10T18:42:18Z,95.0,Charge 4
2022-07-10T18:42:23Z,96.0,Charge 4
2022-07-10T18:42:28Z,97.0,Charge 4
2022-07-10T18:42:38Z,96.0,Charge 4
2022-07-10T18:42:43Z,96.0,Charge 4
2022-07-10T18:42:48Z,97.0,Charge 4
2022-07-10T18:42:53Z,96.0,Charge 4
2022-07-10T18:43:03Z,95.0,Charge 4
2022-07-10T18:43:08Z,93.0,Charge 4
2022-07-10T18:43:18Z,94.0,Charge 4
2022-07-10T18:43:23Z,96.0,Charge 4
2022-07-10T18:43:28Z,98.0,Charge 4
2022-07-10T18:43:33Z,97.0,Charge 4
2022-07-10T18:43:48Z,96.0,Charge 4
2022-07-10T18:44:03Z,96.0,Charge 4
2022-07-10T18:44:08Z,96.0,Charge 4
2022-07-10T18:44:23Z,97.0,Charge 4
2022-07-10T18:44:28Z,102.0,Charge 4
2022-07-10T18:44:33Z,108.0,Charge 4
2022-07-10T18:44:38Z,109.0,Charge 4
2022-07-10T18:44:48Z,108.0,Charge 4
2022-07-10T18:44:53Z,107.0,Charge 4
2022-07-10T18:44:58Z,108.0,Charge 4
2022-07-10T18:45:03Z,109.0,Charge 4
2022-07-10T18:45:08Z,110.0,Charge 4
2022-07-10T18:45:13Z,111.0,Charge 4
2022-07-10T18:45:18Z,114.0,Charge 4
2022-07-10T18:45:23Z,115.0,Charge 4
2022-07-10T18:45:28Z,116.0,Charge 4
2022-07-10T18:45:33Z,117.0,Charge 4
2022-07-10T18:45:38Z,118.0,Charge 4
2022-07-10T18:45:53Z,119.0,Charge 4
2022-07-10T18:45:58Z,120.0,Charge 4
2022-07-10T18:46:03Z,119.0,Charge 4
2022-07-10T18:46:08Z,116.0,Charge 4
2022-07-10T18:46:13Z,114.0,Charge 4
2022-07-10T18:46:18Z,115.0,Charge 4
2022-07-10T18:46:23Z,114.0,Charge 4
2022-07-10T18:46:28Z,118.0,Charge 4
2022-07-10T18:46:33Z,121.0,Charge 4
2022-07-10T18:46:38Z,119.0,Charge 4
2022-07-10T18:46:53Z,119.0,Charge 4
2022-07-10T18:47:08Z,120.0,Charge 4
2022-07-10T18:47:13Z,119.0,Charge 4
2022-07-10T18:47:18Z,120.0,Charge 4
2022-07-10T18:47:28Z,116.0,Charge 4
2022-07-10T18:47:33Z,111.0,Charge 4
2022-07-10T18:47:38Z,112.0,Charge 4
2022-07-10T18:47:43Z,115.0,Charge 4
2022-07-10T18:47:53Z,116.0,Charge 4
2022-07-10T18:48:08Z,116.0,Charge 4
2022-07-10T18:48:18Z,113.0,Charge 4
2022-07-10T18:48:28Z,114.0,Charge 4
2022-07-10T18:48:33Z,112.0,Charge 4
2022-07-10T18:48:38Z,114.0,Charge 4
2022-07-10T18:48:43Z,118.0,Charge 4
2022-07-10T18:48:58Z,118.0,Charge 4
2022-07-10T18:49:08Z,114.0,Charge 4
2022-07-10T18:49:14Z,110.0,Charge 4
2022-07-10T18:49:19Z,106.0,Charge 4
2022-07-10T18:49:24Z,107.0,Charge 4
2022-07-10T18:49:29Z,111.0,Charge 4
2022-07-10T18:49:34Z,113.0,Charge 4
2022-07-10T18:49:39Z,114.0,Charge 4
2022-07-10T18:49:44Z,115.0,Charge 4
2022-07-10T18:49:49Z,114.0,Charge 4
2022-07-10T18:49:54Z,117.0,Charge 4
2022-07-10T18:49:59Z,115.0,Charge 4
2022-07-10T18:50:04Z,114.0,Charge 4
2022-07-10T18:50:09Z,120.0,Charge 4
2022-07-10T18:50:14Z,123.0,Charge 4
2022-07-10T18:50:19Z,124.0,Charge 4
2022-07-10T18:50:24Z,123.0,Charge 4
2022-07-10T18:50:34Z,119.0,Charge 4
2022-07-10T18:50:39Z,113.0,Charge 4
2022-07-10T18:50:44Z,110.0,Charge 4
2022-07-10T18:50:49Z,109.0,Charge 4
2022-07-10T18:50:54Z,107.0,Charge 4
2022-07-10T18:50:59Z,105.0,Charge 4
2022-07-10T18:51:04Z,104.0,Charge 4
2022-07-10T18:51:14Z,103.0,Charge 4
2022-07-10T18:51:29Z,102.0,Charge 4
2022-07-10T18:51:34Z,101.0,Charge 4
2022-07-10T18:51:39Z,107.0,Charge 4
2022-07-10T18:51:44Z,111.0,Charge 4
2022-07-10T18:51:49Z,112.0,Charge 4
2022-07-10T18:51:59Z,111.0,Charge 4
2022-07-10T18:52:04Z,112.0,Charge 4
2022-07-10T18:52:09Z,111.0,Charge 4
2022-07-10T18:52:14Z,114.0,Charge 4
2022-07-10T18:52:29Z,116.0,Charge 4
2022-07-10T18:52:34Z,115.0,Charge 4
2022-07-10T18:52:44Z,114.0,Charge 4
2022-07-10T18:52:49Z,116.0,Charge 4
2022-07-10T18:52:59Z,114.0,Charge 4
2022-07-10T18:53:04Z,113.0,Charge 4
2022-07-10T18:53:09Z,111.0,Charge 4
2022-07-10T18:53:14Z,110.0,Charge 4
2022-07-10T18:53:19Z,107.0,Charge 4
2022-07-10T18:53:24Z,105.0,Charge 4
2022-07-10T18:53:29Z,104.0,Charge 4
2022-07-10T18:53:39Z,106.0,Charge 4
2022-07-10T18:53:44Z,107.0,Charge 4
2022-07-10T18:53:49Z,109.0,Charge 4
2022-07-10T18:53:54Z,106.0,Charge 4
2022-07-10T18:53:59Z,105.0,Charge 4
2022-07-10T18:54:04Z,106.0,Charge 4
2022-07-10T18:54:09Z,108.0,Charge 4
2022-07-10T18:54:14Z,107.0,Charge 4
2022-07-10T18:54:19Z,111.0,Charge 4
2022-07-10T18:54:24Z,112.0,Charge 4
2022-07-10T18:54:29Z,114.0,Charge 4
2022-07-10T18:54:34Z,115.0,Charge 4
2022-07-10T18:54:39Z,114.0,Charge 4
2022-07-10T18:54:44Z,112.0,Charge 4
2022-07-10T18:54:49Z,111.0,Charge 4
2022-07-10T18:54:54Z,110.0,Charge 4
2022-07-10T18:54:59Z,109.0,Charge 4
2022-07-10T18:55:04Z,108.0,Charge 4
2022-07-10T18:55:09Z,106.0,Charge 4
2022-07-10T18:55:24Z,106.0,Charge 4
2022-07-10T18:55:29Z,104.0,Charge 4
2022-07-10T18:55:34Z,104.0,Charge 4
2022-07-10T18:55:49Z,104.0,Charge 4
2022-07-10T18:55:54Z,105.0,Charge 4
2022-07-10T18:56:04Z,106.0,Charge 4
2022-07-10T18:56:09Z,107.0,Charge 4
2022-07-10T18:56:24Z,107.0,Charge 4
2022-07-10T18:56:29Z,105.0,Charge 4
2022-07-10T18:56:44Z,105.0,Charge 4
2022-07-10T18:56:54Z,107.0,Charge 4
2022-07-10T18:56:59Z,107.0,Charge 4
2022-07-10T18:57:04Z,107.0,Charge 4
2022-07-10T18:57:19Z,107.0,Charge 4
2022-07-10T18:57:24Z,104.0,Charge 4
2022-07-10T18:57:34Z,103.0,Charge 4
2022-07-10T18:57:49Z,103.0,Charge 4
2022-07-10T18:57:50Z,103.0,Charge 4
2022-07-10T18:58:00Z,105.0,Charge 4
2022-07-10T18:58:05Z,105.0,Charge 4
2022-07-10T18:58:10Z,105.0,Charge 4
2022-07-10T18:58:25Z,103.0,Charge 4
2022-07-10T18:58:30Z,102.0,Charge 4
2022-07-10T18:58:35Z,102.0,Charge 4
2022-07-10T18:58:45Z,106.0,Charge 4
2022-07-10T18:58:50Z,104.0,Charge 4
2022-07-10T18:59:05Z,102.0,Charge 4
2022-07-10T18:59:10Z,102.0,Charge 4
2022-07-10T18:59:15Z,101.0,Charge 4
2022-07-10T18:59:25Z,102.0,Charge 4
2022-07-10T18:59:30Z,99.0,Charge 4
2022-07-10T18:59:35Z,89.0,Charge 4
2022-07-10T18:59:40Z,97.0,Charge 4
2022-07-10T18:59:45Z,101.0,Charge 4
2022-07-10T18:59:50Z,102.0,Charge 4
2022-07-10T18:59:55Z,102.0,Charge 4
2022-07-10T19:00:10Z,102.0,Charge 4
2022-07-10T19:00:20Z,103.0,Charge 4
2022-07-10T19:00:30Z,101.0,Charge 4
2022-07-10T19:00:35Z,103.0,Charge 4
2022-07-10T19:00:40Z,103.0,Charge 4
2022-07-10T19:00:45Z,102.0,Charge 4
2022-07-10T19:00:50Z,103.0,Charge 4
2022-07-10T19:00:55Z,104.0,Charge 4
2022-07-10T19:01:00Z,105.0,Charge 4
2022-07-10T19:01:05Z,104.0,Charge 4
2022-07-10T19:01:20Z,104.0,Charge 4
2022-07-10T19:01:25Z,103.0,Charge 4
2022-07-10T19:01:30Z,101.0,Charge 4
2022-07-10T19:01:35Z,101.0,Charge 4
2022-07-10T19:01:40Z,102.0,Charge 4
2022-07-10T19:01:45Z,101.0,Charge 4
2022-07-10T19:01:55Z,102.0,Charge 4
2022-07-10T19:02:05Z,101.0,Charge 4
2022-07-10T19:02:10Z,100.0,Charge 4
2022-07-10T19:02:25Z,101.0,Charge 4
2022-07-10T19:02:35Z,102.0,Charge 4
2022-07-10T19:02:40Z,103.0,Charge 4
2022-07-10T19:02:45Z,100.0,Charge 4
2022-07-10T19:02:50Z,99.0,Charge 4
2022-07-10T19:03:05Z,99.0,Charge 4
2022-07-10T19:03:10Z,100.0,Charge 4
2022-07-10T19:03:15Z,101.0,Charge 4
2022-07-10T19:03:20Z,99.0,Charge 4
2022-07-10T19:03:25Z,96.0,Charge 4
2022-07-10T19:03:35Z,97.0,Charge 4
2022-07-10T19:03:40Z,100.0,Charge 4
2022-07-10T19:03:45Z,103.0,Charge 4
2022-07-10T19:03:54Z,104.0,Charge 4
2022-07-10T19:04:09Z,100.0,Charge 4
2022-07-10T19:04:14Z,102.0,Charge 4
2022-07-10T19:04:19Z,103.0,Charge 4
2022-07-10T19:04:24Z,102.0,Charge 4
2022-07-10T19:04:29Z,104.0,Charge 4
2022-07-10T19:04:34Z,103.0,Charge 4
2022-07-10T19:04:44Z,105.0,Charge 4
2022-07-10T19:04:49Z,106.0,Charge 4
2022-07-10T19:04:54Z,106.0,Charge 4
2022-07-10T19:04:59Z,104.0,Charge 4
2022-07-10T19:05:04Z,103.0,Charge 4
2022-07-10T19:05:09Z,105.0,Charge 4
2022-07-10T19:05:14Z,100.0,Charge 4
2022-07-10T19:05:19Z,99.0,Charge 4
2022-07-10T19:05:24Z,102.0,Charge 4
2022-07-10T19:05:29Z,101.0,Charge 4
2022-07-10T19:05:39Z,102.0,Charge 4
2022-07-10T19:05:44Z,101.0,Charge 4
2022-07-10T19:05:59Z,102.0,Charge 4
2022-07-10T19:06:04Z,102.0,Charge 4
2022-07-10T19:06:14Z,103.0,Charge 4
2022-07-10T19:06:24Z,105.0,Charge 4
2022-07-10T19:06:34Z,103.0,Charge 4
2022-07-10T19:06:44Z,104.0,Charge 4
2022-07-10T19:06:49Z,103.0,Charge 4
2022-07-10T19:06:54Z,100.0,Charge 4
2022-07-10T19:06:59Z,102.0,Charge 4
2022-07-10T19:07:09Z,103.0,Charge 4
2022-07-10T19:07:14Z,104.0,Charge 4
2022-07-10T19:07:29Z,104.0,Charge 4
2022-07-10T19:07:34Z,105.0,Charge 4
2022-07-10T19:07:49Z,105.0,Charge 4
2022-07-10T19:07:59Z,106.0,Charge 4
2022-07-10T19:08:09Z,105.0,Charge 4
2022-07-10T19:08:14Z,104.0,Charge 4
2022-07-10T19:08:19Z,103.0,Charge 4
2022-07-10T19:08:24Z,104.0,Charge 4
2022-07-10T19:08:29Z,103.0,Charge 4
2022-07-10T19:08:39Z,104.0,Charge 4
2022-07-10T19:08:44Z,103.0,Charge 4
2022-07-10T19:08:49Z,98.0,Charge 4
2022-07-10T19:08:54Z,91.0,Charge 4
2022-07-10T19:08:59Z,94.0,Charge 4
2022-07-10T19:09:04Z,99.0,Charge 4
2022-07-10T19:09:09Z,99.0,Charge 4
2022-07-10T19:09:14Z,100.0,Charge 4
2022-07-10T19:09:19Z,99.0,Charge 4
2022-07-10T19:09:24Z,100.0,Charge 4
2022-07-10T19:09:29Z,99.0,Charge 4
2022-07-10T19:09:34Z,100.0,Charge 4
2022-07-10T19:09:49Z,100.0,Charge 4
2022-07-10T19:09:59Z,100.0,Charge 4
2022-07-10T19:10:14Z,100.0,Charge 4
2022-07-10T19:10:15Z,100.0,Charge 4
2022-07-10T19:10:20Z,102.0,Charge 4
2022-07-10T19:10:25Z,108.0,Charge 4
2022-07-10T19:10:30Z,110.0,Charge 4
2022-07-10T19:10:35Z,111.0,Charge 4
2022-07-10T19:10:45Z,112.0,Charge 4
2022-07-10T19:11:00Z,110.0,Charge 4
2022-07-10T19:11:05Z,108.0,Charge 4
2022-07-10T19:11:10Z,104.0,Charge 4
2022-07-10T19:11:15Z,102.0,Charge 4
2022-07-10T19:11:20Z,102.0,Charge 4
2022-07-10T19:11:30Z,101.0,Charge 4
2022-07-10T19:11:40Z,102.0,Charge 4
2022-07-10T19:11:45Z,101.0,Charge 4
2022-07-10T19:11:55Z,99.0,Charge 4
2022-07-10T19:12:05Z,98.0,Charge 4
2022-07-10T19:12:15Z,99.0,Charge 4
2022-07-10T19:12:20Z,98.0,Charge 4
2022-07-10T19:12:25Z,99.0,Charge 4
2022-07-10T19:12:35Z,98.0,Charge 4
2022-07-10T19:12:45Z,99.0,Charge 4
2022-07-10T19:12:50Z,102.0,Charge 4
2022-07-10T19:13:00Z,101.0,Charge 4
2022-07-10T19:13:05Z,99.0,Charge 4
2022-07-10T19:13:10Z,98.0,Charge 4
2022-07-10T19:13:20Z,98.0,Charge 4
2022-07-10T19:13:30Z,99.0,Charge 4
2022-07-10T19:13:35Z,100.0,Charge 4
2022-07-10T19:13:45Z,101.0,Charge 4
2022-07-10T19:13:50Z,101.0,Charge 4
2022-07-10T19:13:55Z,102.0,Charge 4
2022-07-10T19:14:05Z,103.0,Charge 4
2022-07-10T19:14:10Z,102.0,Charge 4
2022-07-10T19:14:20Z,102.0,Charge 4
2022-07-10T19:14:25Z,100.0,Charge 4
2022-07-10T19:14:30Z,101.0,Charge 4
2022-07-10T19:14:35Z,100.0,Charge 4
2022-07-10T19:14:45Z,100.0,Charge 4
2022-07-10T19:14:50Z,101.0,Charge 4
2022-07-10T19:14:55Z,98.0,Charge 4
2022-07-10T19:15:00Z,96.0,Charge 4
2022-07-10T19:15:05Z,99.0,Charge 4
2022-07-10T19:15:10Z,100.0,Charge 4
2022-07-10T19:15:25Z,100.0,Charge 4
2022-07-10T19:15:40Z,100.0,Charge 4
2022-07-10T19:15:50Z,101.0,Charge 4
2022-07-10T19:15:55Z,102.0,Charge 4
2022-07-10T19:16:00Z,101.0,Charge 4
2022-07-10T19:16:15Z,101.0,Charge 4
2022-07-10T19:16:20Z,100.0,Charge 4
2022-07-10T19:16:35Z,101.0,Charge 4
2022-07-10T19:16:50Z,100.0,Charge 4
2022-07-10T19:17:05Z,100.0,Charge 4
2022-07-10T19:17:10Z,101.0,Charge 4
2022-07-10T19:17:15Z,101.0,Charge 4
2022-07-10T19:17:20Z,100.0,Charge 4
2022-07-10T19:17:25Z,101.0,Charge 4
2022-07-10T19:17:35Z,100.0,Charge 4
2022-07-10T19:17:50Z,99.0,Charge 4
2022-07-10T19:18:00Z,98.0,Charge 4
2022-07-10T19:18:05Z,98.0,Charge 4
2022-07-10T19:18:10Z,99.0,Charge 4
2022-07-10T19:18:15Z,99.0,Charge 4
2022-07-10T19:18:25Z,97.0,Charge 4
2022-07-10T19:18:35Z,99.0,Charge 4
2022-07-10T19:18:50Z,99.0,Charge 4
2022-07-10T19:18:55Z,100.0,Charge 4
2022-07-10T19:19:00Z,101.0,Charge 4
2022-07-10T19:19:15Z,100.0,Charge 4
2022-07-10T19:19:25Z,101.0,Charge 4
2022-07-10T19:19:30Z,91.0,Charge 4
2022-07-10T19:19:35Z,98.0,Charge 4
2022-07-10T19:19:40Z,100.0,Charge 4
2022-07-10T19:19:45Z,102.0,Charge 4
2022-07-10T19:19:50Z,101.0,Charge 4
2022-07-10T19:19:55Z,100.0,Charge 4
2022-07-10T19:20:00Z,101.0,Charge 4
2022-07-10T19:20:05Z,103.0,Charge 4
2022-07-10T19:20:10Z,102.0,Charge 4
2022-07-10T19:20:15Z,100.0,Charge 4
2022-07-10T19:20:20Z,100.0,Charge 4
2022-07-10T19:20:25Z,102.0,Charge 4
2022-07-10T19:20:35Z,103.0,Charge 4
2022-07-10T19:20:40Z,102.0,Charge 4
2022-07-10T19:20:45Z,103.0,Charge 4
2022-07-10T19:20:50Z,102.0,Charge 4
2022-07-10T19:20:55Z,101.0,Charge 4
2022-07-10T19:21:00Z,102.0,Charge 4
2022-07-10T19:21:15Z,102.0,Charge 4
2022-07-10T19:21:20Z,101.0,Charge 4
2022-07-10T19:21:25Z,100.0,Charge 4
2022-07-10T19:21:30Z,102.0,Charge 4
2022-07-10T19:21:35Z,103.0,Charge 4
2022-07-10T19:21:40Z,104.0,Charge 4
2022-07-10T19:21:45Z,103.0,Charge 4
2022-07-10T19:21:55Z,101.0,Charge 4
2022-07-10T19:22:10Z,103.0,Charge 4
2022-07-10T19:22:20Z,102.0,Charge 4
2022-07-10T19:22:25Z,103.0,Charge 4
2022-07-10T19:22:35Z,105.0,Charge 4
2022-07-10T19:22:40Z,103.0,Charge 4
2022-07-10T19:22:45Z,102.0,Charge 4
2022-07-10T19:22:50Z,101.0,Charge 4
2022-07-10T19:22:55Z,100.0,Charge 4
2022-07-10T19:23:00Z,100.0,Charge 4
2022-07-10T19:23:10Z,101.0,Charge 4
2022-07-10T19:23:15Z,100.0,Charge 4
2022-07-10T19:23:20Z,101.0,Charge 4
2022-07-10T19:23:30Z,102.0,Charge 4
2022-07-10T19:23:35Z,103.0,Charge 4
2022-07-10T19:23:40Z,103.0,Charge 4
2022-07-10T19:23:45Z,101.0,Charge 4
2022-07-10T19:23:50Z,99.0,Charge 4
2022-07-10T19:23:55Z,100.0,Charge 4
2022-07-10T19:24:05Z,102.0,Charge 4
2022-07-10T19:24:10Z,101.0,Charge 4
2022-07-10T19:24:15Z,100.0,Charge 4
2022-07-10T19:24:30Z,99.0,Charge 4
2022-07-10T19:24:35Z,98.0,Charge 4
2022-07-10T19:24:40Z,97.0,Charge 4
2022-07-10T19:24:45Z,98.0,Charge 4
2022-07-10T19:24:50Z,97.0,Charge 4
2022-07-10T19:24:55Z,98.0,Charge 4
2022-07-10T19:25:00Z,99.0,Charge 4
2022-07-10T19:25:15Z,100.0,Charge 4
2022-07-10T19:25:25Z,101.0,Charge 4
2022-07-10T19:25:40Z,100.0,Charge 4
2022-07-10T19:25:45Z,101.0,Charge 4
2022-07-10T19:25:55Z,103.0,Charge 4
2022-07-10T19:26:05Z,101.0,Charge 4
2022-07-10T19:26:15Z,100.0,Charge 4
2022-07-10T19:26:25Z,100.0,Charge 4
2022-07-10T19:26:35Z,99.0,Charge 4
2022-07-10T19:26:40Z,101.0,Charge 4
2022-07-10T19:26:45Z,103.0,Charge 4
2022-07-10T19:26:55Z,102.0,Charge 4
2022-07-10T19:27:00Z,101.0,Charge 4
2022-07-10T19:27:05Z,100.0,Charge 4
2022-07-10T19:27:10Z,99.0,Charge 4
2022-07-10T19:27:15Z,98.0,Charge 4
2022-07-10T19:27:30Z,98.0,Charge 4
2022-07-10T19:27:40Z,100.0,Charge 4
2022-07-10T19:27:55Z,100.0,Charge 4
2022-07-10T19:28:05Z,99.0,Charge 4
2022-07-10T19:28:20Z,99.0,Charge 4
2022-07-10T19:28:25Z,100.0,Charge 4
2022-07-10T19:28:30Z,99.0,Charge 4
2022-07-10T19:28:35Z,99.0,Charge 4
2022-07-10T19:28:45Z,99.0,Charge 4
2022-07-10T19:28:50Z,98.0,Charge 4
2022-07-10T19:28:55Z,99.0,Charge 4
2022-07-10T19:29:10Z,100.0,Charge 4
2022-07-10T19:29:20Z,99.0,Charge 4
2022-07-10T19:29:30Z,98.0,Charge 4
2022-07-10T19:29:35Z,97.0,Charge 4
2022-07-10T19:29:40Z,98.0,Charge 4
2022-07-10T19:29:45Z,98.0,Charge 4
2022-07-10T19:29:50Z,99.0,Charge 4
2022-07-10T19:30:05Z,99.0,Charge 4
2022-07-10T19:30:10Z,99.0,Charge 4
2022-07-10T19:30:25Z,99.0,Charge 4
2022-07-10T19:30:26Z,99.0,Charge 4
2022-07-10T19:30:36Z,99.0,Charge 4
2022-07-10T19:30:41Z,100.0,Charge 4
2022-07-10T19:30:46Z,99.0,Charge 4
2022-07-10T19:31:01Z,99.0,Charge 4
2022-07-10T19:31:06Z,102.0,Charge 4
2022-07-10T19:31:11Z,103.0,Charge 4
2022-07-10T19:31:26Z,101.0,Charge 4
2022-07-10T19:31:36Z,99.0,Charge 4
2022-07-10T19:31:46Z,101.0,Charge 4
2022-07-10T19:31:51Z,100.0,Charge 4
2022-07-10T19:31:56Z,97.0,Charge 4
2022-07-10T19:32:01Z,96.0,Charge 4
2022-07-10T19:32:06Z,98.0,Charge 4
2022-07-10T19:32:11Z,99.0,Charge 4
2022-07-10T19:32:21Z,99.0,Charge 4
2022-07-10T19:32:36Z,100.0,Charge 4
2022-07-10T19:32:46Z,99.0,Charge 4
2022-07-10T19:32:51Z,100.0,Charge 4
2022-07-10T19:32:56Z,101.0,Charge 4
2022-07-10T19:33:11Z,101.0,Charge 4
2022-07-10T19:33:16Z,99.0,Charge 4
2022-07-10T19:33:26Z,98.0,Charge 4
2022-07-10T19:33:31Z,98.0,Charge 4
2022-07-10T19:33:36Z,100.0,Charge 4
2022-07-10T19:33:41Z,101.0,Charge 4
2022-07-10T19:33:46Z,102.0,Charge 4
2022-07-10T19:33:55Z,101.0,Charge 4
2022-07-10T19:34:00Z,99.0,Charge 4
2022-07-10T19:34:05Z,97.0,Charge 4
2022-07-10T19:34:10Z,98.0,Charge 4
2022-07-10T19:34:15Z,100.0,Charge 4
2022-07-10T19:34:30Z,100.0,Charge 4
2022-07-10T19:34:45Z,100.0,Charge 4
2022-07-10T19:34:50Z,98.0,Charge 4
2022-07-10T19:35:05Z,98.0,Charge 4
2022-07-10T19:35:15Z,97.0,Charge 4
2022-07-10T19:35:30Z,97.0,Charge 4
2022-07-10T19:35:45Z,97.0,Charge 4
2022-07-10T19:35:55Z,97.0,Charge 4
2022-07-10T19:36:10Z,97.0,Charge 4
2022-07-10T19:36:15Z,98.0,Charge 4
2022-07-10T19:36:20Z,99.0,Charge 4
2022-07-10T19:36:25Z,98.0,Charge 4
2022-07-10T19:36:30Z,97.0,Charge 4
2022-07-10T19:36:45Z,97.0,Charge 4
2022-07-10T19:36:55Z,99.0,Charge 4
2022-07-10T19:37:00Z,98.0,Charge 4
2022-07-10T19:37:10Z,97.0,Charge 4
2022-07-10T19:37:25Z,97.0,Charge 4
2022-07-10T19:37:40Z,97.0,Charge 4
2022-07-10T19:37:55Z,97.0,Charge 4
2022-07-10T19:37:56Z,97.0,Charge 4
2022-07-10T19:38:01Z,96.0,Charge 4
2022-07-10T19:38:11Z,97.0,Charge 4
2022-07-10T19:38:26Z,97.0,Charge 4
2022-07-10T19:38:31Z,97.0,Charge 4
2022-07-10T19:38:46Z,97.0,Charge 4
2022-07-10T19:38:51Z,97.0,Charge 4
2022-07-10T19:38:56Z,98.0,Charge 4
2022-07-10T19:39:01Z,99.0,Charge 4
2022-07-10T19:39:16Z,99.0,Charge 4
2022-07-10T19:39:21Z,94.0,Charge 4
2022-07-10T19:39:26Z,93.0,Charge 4
2022-07-10T19:39:31Z,94.0,Charge 4
2022-07-10T19:39:36Z,95.0,Charge 4
2022-07-10T19:39:46Z,96.0,Charge 4
2022-07-10T19:39:51Z,96.0,Charge 4
2022-07-10T19:40:06Z,97.0,Charge 4
2022-07-10T19:40:16Z,96.0,Charge 4
2022-07-10T19:40:21Z,97.0,Charge 4
2022-07-10T19:40:26Z,96.0,Charge 4
2022-07-10T19:40:31Z,97.0,Charge 4
2022-07-10T19:40:36Z,96.0,Charge 4
2022-07-10T19:40:41Z,97.0,Charge 4
2022-07-10T19:40:56Z,97.0,Charge 4
2022-07-10T19:41:06Z,99.0,Charge 4
2022-07-10T19:41:21Z,99.0,Charge 4
2022-07-10T19:41:36Z,98.0,Charge 4
2022-07-10T19:41:41Z,98.0,Charge 4
2022-07-10T19:41:46Z,97.0,Charge 4
2022-07-10T19:41:51Z,96.0,Charge 4
2022-07-10T19:41:56Z,95.0,Charge 4
2022-07-10T19:42:06Z,96.0,Charge 4
2022-07-10T19:42:11Z,97.0,Charge 4
2022-07-10T19:42:16Z,97.0,Charge 4
2022-07-10T19:42:21Z,97.0,Charge 4
2022-07-10T19:42:26Z,96.0,Charge 4
2022-07-10T19:42:31Z,97.0,Charge 4
2022-07-10T19:42:46Z,97.0,Charge 4
2022-07-10T19:42:51Z,98.0,Charge 4
2022-07-10T19:43:06Z,99.0,Charge 4
2022-07-10T19:43:11Z,98.0,Charge 4
2022-07-10T19:43:16Z,99.0,Charge 4
2022-07-10T19:43:21Z,99.0,Charge 4
2022-07-10T19:43:26Z,100.0,Charge 4
2022-07-10T19:43:31Z,99.0,Charge 4
2022-07-10T19:43:41Z,98.0,Charge 4
2022-07-10T19:43:56Z,98.0,Charge 4
2022-07-10T19:44:01Z,99.0,Charge 4
2022-07-10T19:44:06Z,100.0,Charge 4
2022-07-10T19:44:11Z,99.0,Charge 4
2022-07-10T19:44:16Z,99.0,Charge 4
2022-07-10T19:44:26Z,98.0,Charge 4
2022-07-10T19:44:31Z,98.0,Charge 4
2022-07-10T19:44:36Z,98.0,Charge 4
2022-07-10T19:44:41Z,98.0,Charge 4
2022-07-10T19:44:46Z,97.0,Charge 4
2022-07-10T19:45:01Z,97.0,Charge 4
2022-07-10T19:45:11Z,98.0,Charge 4
2022-07-10T19:45:16Z,99.0,Charge 4
2022-07-10T19:45:31Z,99.0,Charge 4
2022-07-10T19:45:41Z,98.0,Charge 4
2022-07-10T19:45:46Z,99.0,Charge 4
2022-07-10T19:45:51Z,99.0,Charge 4
2022-07-10T19:45:56Z,100.0,Charge 4
2022-07-10T19:46:01Z,101.0,Charge 4
2022-07-10T19:46:06Z,99.0,Charge 4
2022-07-10T19:46:11Z,99.0,Charge 4
2022-07-10T19:46:21Z,98.0,Charge 4
2022-07-10T19:46:26Z,96.0,Charge 4
2022-07-10T19:46:36Z,97.0,Charge 4
2022-07-10T19:46:46Z,96.0,Charge 4
2022-07-10T19:46:51Z,97.0,Charge 4
2022-07-10T19:47:06Z,97.0,Charge 4
2022-07-10T19:47:16Z,98.0,Charge 4
2022-07-10T19:47:26Z,99.0,Charge 4
2022-07-10T19:47:41Z,99.0,Charge 4
2022-07-10T19:47:56Z,99.0,Charge 4
2022-07-10T19:48:11Z,99.0,Charge 4
2022-07-10T19:48:16Z,98.0,Charge 4
2022-07-10T19:48:26Z,98.0,Charge 4
2022-07-10T19:48:32Z,97.0,Charge 4
2022-07-10T19:48:37Z,93.0,Charge 4
2022-07-10T19:48:42Z,95.0,Charge 4
2022-07-10T19:48:47Z,97.0,Charge 4
2022-07-10T19:48:57Z,96.0,Charge 4
2022-07-10T19:49:07Z,97.0,Charge 4
2022-07-10T19:49:12Z,97.0,Charge 4
2022-07-10T19:49:17Z,98.0,Charge 4
2022-07-10T19:49:22Z,97.0,Charge 4
2022-07-10T19:49:32Z,99.0,Charge 4
2022-07-10T19:49:47Z,98.0,Charge 4
2022-07-10T19:50:02Z,98.0,Charge 4
2022-07-10T19:50:12Z,98.0,Charge 4
2022-07-10T19:50:22Z,98.0,Charge 4
2022-07-10T19:50:32Z,99.0,Charge 4
2022-07-10T19:50:42Z,100.0,Charge 4
2022-07-10T19:50:52Z,99.0,Charge 4
2022-07-10T19:51:02Z,99.0,Charge 4
2022-07-10T19:51:07Z,98.0,Charge 4
2022-07-10T19:51:12Z,98.0,Charge 4
2022-07-10T19:51:17Z,97.0,Charge 4
2022-07-10T19:51:27Z,97.0,Charge 4
2022-07-10T19:51:32Z,97.0,Charge 4
2022-07-10T19:51:37Z,98.0,Charge 4
2022-07-10T19:51:52Z,98.0,Charge 4
2022-07-10T19:51:57Z,99.0,Charge 4
2022-07-10T19:52:02Z,100.0,Charge 4
2022-07-10T19:52:07Z,101.0,Charge 4
2022-07-10T19:52:12Z,100.0,Charge 4
2022-07-10T19:52:17Z,100.0,Charge 4
2022-07-10T19:52:27Z,98.0,Charge 4
2022-07-10T19:52:37Z,97.0,Charge 4
2022-07-10T19:52:52Z,97.0,Charge 4
2022-07-10T19:53:07Z,97.0,Charge 4
2022-07-10T19:53:17Z,98.0,Charge 4
2022-07-10T19:53:27Z,99.0,Charge 4
2022-07-10T19:53:37Z,100.0,Charge 4
2022-07-10T19:53:47Z,101.0,Charge 4
2022-07-10T19:53:52Z,100.0,Charge 4
2022-07-10T19:54:02Z,99.0,Charge 4
2022-07-10T19:54:07Z,100.0,Charge 4
2022-07-10T19:54:12Z,99.0,Charge 4
2022-07-10T19:54:22Z,97.0,Charge 4
2022-07-10T19:54:27Z,93.0,Charge 4
2022-07-10T19:54:37Z,95.0,Charge 4
2022-07-10T19:54:42Z,94.0,Charge 4
2022-07-10T19:54:47Z,95.0,Charge 4
2022-07-10T19:54:52Z,97.0,Charge 4
2022-07-10T19:54:57Z,98.0,Charge 4
2022-07-10T19:55:02Z,99.0,Charge 4
2022-07-10T19:55:17Z,99.0,Charge 4
2022-07-10T19:55:32Z,99.0,Charge 4
2022-07-10T19:55:42Z,98.0,Charge 4
2022-07-10T19:55:47Z,97.0,Charge 4
2022-07-10T19:55:52Z,98.0,Charge 4
2022-07-10T19:55:57Z,99.0,Charge 4
2022-07-10T19:56:02Z,100.0,Charge 4
2022-07-10T19:56:17Z,99.0,Charge 4
2022-07-10T19:56:22Z,98.0,Charge 4
2022-07-10T19:56:32Z,97.0,Charge 4
2022-07-10T19:56:37Z,98.0,Charge 4
2022-07-10T19:56:52Z,99.0,Charge 4
2022-07-10T19:57:02Z,99.0,Charge 4
2022-07-10T19:57:17Z,99.0,Charge 4
2022-07-10T19:57:27Z,100.0,Charge 4
2022-07-10T19:57:37Z,99.0,Charge 4
2022-07-10T19:57:42Z,98.0,Charge 4
2022-07-10T19:57:47Z,98.0,Charge 4
2022-07-10T19:57:52Z,100.0,Charge 4
2022-07-10T19:57:57Z,99.0,Charge 4
2022-07-10T19:58:02Z,98.0,Charge 4
2022-07-10T19:58:12Z,99.0,Charge 4
2022-07-10T19:58:27Z,99.0,Charge 4
2022-07-10T19:58:42Z,99.0,Charge 4
2022-07-10T19:58:57Z,99.0,Charge 4
2022-07-10T19:59:07Z,100.0,Charge 4
2022-07-10T19:59:22Z,100.0,Charge 4
2022-07-10T19:59:27Z,99.0,Charge 4
2022-07-10T19:59:37Z,98.0,Charge 4
2022-07-10T19:59:42Z,97.0,Charge 4
2022-07-10T19:59:47Z,98.0,Charge 4
2022-07-10T19:59:52Z,97.0,Charge 4
2022-07-10T20:00:02Z,98.0,Charge 4
2022-07-10T20:00:07Z,99.0,Charge 4
2022-07-10T20:00:17Z,98.0,Charge 4
2022-07-10T20:00:32Z,99.0,Charge 4
2022-07-10T20:00:37Z,99.0,Charge 4
2022-07-10T20:00:42Z,99.0,Charge 4
2022-07-10T20:00:57Z,99.0,Charge 4
2022-07-10T20:01:02Z,97.0,Charge 4
2022-07-10T20:01:17Z,97.0,Charge 4
2022-07-10T20:01:22Z,96.0,Charge 4
2022-07-10T20:01:27Z,95.0,Charge 4
2022-07-10T20:01:32Z,96.0,Charge 4
2022-07-10T20:01:42Z,97.0,Charge 4
2022-07-10T20:01:47Z,96.0,Charge 4
2022-07-10T20:02:02Z,96.0,Charge 4
2022-07-10T20:02:07Z,95.0,Charge 4
2022-07-10T20:02:22Z,95.0,Charge 4
2022-07-10T20:02:37Z,97.0,Charge 4
2022-07-10T20:02:42Z,98.0,Charge 4
2022-07-10T20:02:52Z,97.0,Charge 4
2022-07-10T20:02:57Z,96.0,Charge 4
2022-07-10T20:03:07Z,96.0,Charge 4
2022-07-10T20:03:12Z,95.0,Charge 4
2022-07-10T20:03:17Z,96.0,Charge 4
2022-07-10T20:03:27Z,95.0,Charge 4
2022-07-10T20:03:32Z,93.0,Charge 4
2022-07-10T20:03:38Z,91.0,Charge 4
2022-07-10T20:03:43Z,93.0,Charge 4
2022-07-10T20:03:48Z,93.0,Charge 4
2022-07-10T20:03:53Z,94.0,Charge 4
2022-07-10T20:04:03Z,94.0,Charge 4
2022-07-10T20:04:18Z,94.0,Charge 4
2022-07-10T20:04:23Z,94.0,Charge 4
2022-07-10T20:04:33Z,92.0,Charge 4
2022-07-10T20:04:43Z,92.0,Charge 4
2022-07-10T20:04:48Z,93.0,Charge 4
2022-07-10T20:04:58Z,93.0,Charge 4
2022-07-10T20:05:03Z,93.0,Charge 4
2022-07-10T20:05:08Z,94.0,Charge 4
2022-07-10T20:05:13Z,93.0,Charge 4
2022-07-10T20:05:23Z,93.0,Charge 4
2022-07-10T20:05:33Z,92.0,Charge 4
2022-07-10T20:05:38Z,91.0,Charge 4
2022-07-10T20:05:43Z,92.0,Charge 4
2022-07-10T20:05:53Z,93.0,Charge 4
2022-07-10T20:05:58Z,94.0,Charge 4
2022-07-10T20:06:13Z,94.0,Charge 4
2022-07-10T20:06:18Z,95.0,Charge 4
2022-07-10T20:06:23Z,92.0,Charge 4
2022-07-10T20:06:38Z,93.0,Charge 4
2022-07-10T20:06:53Z,93.0,Charge 4
2022-07-10T20:06:58Z,93.0,Charge 4
2022-07-10T20:07:08Z,93.0,Charge 4
2022-07-10T20:07:13Z,93.0,Charge 4
2022-07-10T20:07:23Z,94.0,Charge 4
2022-07-10T20:07:38Z,94.0,Charge 4
2022-07-10T20:07:43Z,94.0,Charge 4
2022-07-10T20:07:53Z,94.0,Charge 4
2022-07-10T20:08:08Z,94.0,Charge 4
2022-07-10T20:08:18Z,93.0,Charge 4
2022-07-10T20:08:33Z,94.0,Charge 4
2022-07-10T20:08:48Z,94.0,Charge 4
2022-07-10T20:08:53Z,94.0,Charge 4
2022-07-10T20:09:08Z,94.0,Charge 4
2022-07-10T20:09:23Z,94.0,Charge 4
2022-07-10T20:09:38Z,94.0,Charge 4
2022-07-10T20:09:43Z,93.0,Charge 4
2022-07-10T20:09:58Z,93.0,Charge 4
2022-07-10T20:10:08Z,94.0,Charge 4
2022-07-10T20:10:23Z,94.0,Charge 4
2022-07-10T20:10:33Z,93.0,Charge 4
2022-07-10T20:10:48Z,93.0,Charge 4
2022-07-10T20:10:53Z,92.0,Charge 4
2022-07-10T20:11:03Z,93.0,Charge 4
2022-07-10T20:11:13Z,92.0,Charge 4
2022-07-10T20:11:18Z,91.0,Charge 4
2022-07-10T20:11:23Z,92.0,Charge 4
2022-07-10T20:11:28Z,95.0,Charge 4
2022-07-10T20:11:43Z,94.0,Charge 4
2022-07-10T20:11:48Z,93.0,Charge 4
2022-07-10T20:11:53Z,93.0,Charge 4
2022-07-10T20:11:58Z,92.0,Charge 4
2022-07-10T20:12:13Z,92.0,Charge 4
2022-07-10T20:12:18Z,93.0,Charge 4
2022-07-10T20:12:33Z,93.0,Charge 4
2022-07-10T20:12:43Z,94.0,Charge 4
2022-07-10T20:12:58Z,94.0,Charge 4
2022-07-10T20:13:03Z,93.0,Charge 4
2022-07-10T20:13:08Z,93.0,Charge 4
2022-07-10T20:13:23Z,93.0,Charge 4
2022-07-10T20:13:28Z,92.0,Charge 4
2022-07-10T20:13:33Z,92.0,Charge 4
2022-07-10T20:13:38Z,93.0,Charge 4
2022-07-10T20:13:53Z,93.0,Charge 4
2022-07-10T20:14:08Z,92.0,Charge 4
2022-07-10T20:14:18Z,93.0,Charge 4
2022-07-10T20:14:23Z,93.0,Charge 4
2022-07-10T20:14:28Z,92.0,Charge 4
2022-07-10T20:14:33Z,92.0,Charge 4
2022-07-10T20:14:38Z,93.0,Charge 4
2022-07-10T20:14:53Z,93.0,Charge 4
2022-07-10T20:15:08Z,94.0,Charge 4
2022-07-10T20:15:23Z,94.0,Charge 4
2022-07-10T20:15:38Z,94.0,Charge 4
2022-07-10T20:15:53Z,94.0,Charge 4
2022-07-10T20:16:08Z,94.0,Charge 4
2022-07-10T20:16:23Z,94.0,Charge 4
2022-07-10T20:16:28Z,93.0,Charge 4
2022-07-10T20:16:38Z,92.0,Charge 4
2022-07-10T20:16:48Z,93.0,Charge 4
2022-07-10T20:17:03Z,94.0,Charge 4
2022-07-10T20:17:08Z,95.0,Charge 4
2022-07-10T20:17:18Z,95.0,Charge 4
2022-07-10T20:17:23Z,94.0,Charge 4
2022-07-10T20:17:28Z,93.0,Charge 4
2022-07-10T20:17:43Z,93.0,Charge 4
2022-07-10T20:17:53Z,93.0,Charge 4
2022-07-10T20:18:08Z,93.0,Charge 4
2022-07-10T20:18:18Z,94.0,Charge 4
2022-07-10T20:18:33Z,94.0,Charge 4
2022-07-10T20:18:38Z,95.0,Charge 4
2022-07-10T20:18:43Z,95.0,Charge 4
2022-07-10T20:18:48Z,96.0,Charge 4
2022-07-10T20:18:53Z,95.0,Charge 4
2022-07-10T20:18:58Z,95.0,Charge 4
2022-07-10T20:19:08Z,95.0,Charge 4
2022-07-10T20:19:23Z,95.0,Charge 4
2022-07-10T20:19:38Z,95.0,Charge 4
2022-07-10T20:19:53Z,95.0,Charge 4
2022-07-10T20:19:58Z,94.0,Charge 4
2022-07-10T20:20:08Z,93.0,Charge 4
2022-07-10T20:20:13Z,94.0,Charge 4
2022-07-10T20:20:18Z,96.0,Charge 4
2022-07-10T20:20:33Z,96.0,Charge 4
2022-07-10T20:20:34Z,96.0,Charge 4
2022-07-10T20:20:44Z,94.0,Charge 4
2022-07-10T20:20:54Z,95.0,Charge 4
2022-07-10T20:21:04Z,94.0,Charge 4
2022-07-10T20:21:19Z,94.0,Charge 4
2022-07-10T20:21:34Z,95.0,Charge 4
2022-07-10T20:21:49Z,95.0,Charge 4
2022-07-10T20:21:59Z,96.0,Charge 4
2022-07-10T20:22:04Z,97.0,Charge 4
2022-07-10T20:22:09Z,96.0,Charge 4
2022-07-10T20:22:14Z,97.0,Charge 4
2022-07-10T20:22:24Z,96.0,Charge 4
2022-07-10T20:22:39Z,96.0,Charge 4
2022-07-10T20:22:44Z,94.0,Charge 4
2022-07-10T20:22:49Z,93.0,Charge 4
2022-07-10T20:23:04Z,93.0,Charge 4
2022-07-10T20:23:09Z,94.0,Charge 4
2022-07-10T20:23:24Z,94.0,Charge 4
2022-07-10T20:23:39Z,94.0,Charge 4
2022-07-10T20:23:54Z,94.0,Charge 4
2022-07-10T20:24:09Z,94.0,Charge 4
2022-07-10T20:24:14Z,95.0,Charge 4
2022-07-10T20:24:19Z,96.0,Charge 4
2022-07-10T20:24:29Z,95.0,Charge 4
2022-07-10T20:24:34Z,94.0,Charge 4
2022-07-10T20:24:39Z,93.0,Charge 4
2022-07-10T20:24:44Z,92.0,Charge 4
2022-07-10T20:24:49Z,92.0,Charge 4
2022-07-10T20:24:54Z,93.0,Charge 4
2022-07-10T20:24:59Z,94.0,Charge 4
2022-07-10T20:25:04Z,95.0,Charge 4
2022-07-10T20:25:14Z,94.0,Charge 4
2022-07-10T20:25:24Z,93.0,Charge 4
2022-07-10T20:25:29Z,94.0,Charge 4
2022-07-10T20:25:44Z,93.0,Charge 4
2022-07-10T20:25:54Z,94.0,Charge 4
2022-07-10T20:26:09Z,94.0,Charge 4
2022-07-10T20:26:14Z,95.0,Charge 4
2022-07-10T20:26:24Z,94.0,Charge 4
2022-07-10T20:26:39Z,94.0,Charge 4
2022-07-10T20:26:54Z,94.0,Charge 4
2022-07-10T20:27:04Z,95.0,Charge 4
2022-07-10T20:27:09Z,96.0,Charge 4
2022-07-10T20:27:14Z,97.0,Charge 4
2022-07-10T20:27:29Z,96.0,Charge 4
2022-07-10T20:27:44Z,95.0,Charge 4
2022-07-10T20:27:59Z,95.0,Charge 4
2022-07-10T20:28:09Z,96.0,Charge 4
2022-07-10T20:28:24Z,97.0,Charge 4
2022-07-10T20:28:29Z,96.0,Charge 4
2022-07-10T20:28:44Z,96.0,Charge 4
2022-07-10T20:28:59Z,96.0,Charge 4
2022-07-10T20:29:14Z,96.0,Charge 4
2022-07-10T20:29:19Z,97.0,Charge 4
2022-07-10T20:29:24Z,97.0,Charge 4
2022-07-10T20:29:34Z,97.0,Charge 4
2022-07-10T20:29:49Z,99.0,Charge 4
2022-07-10T20:29:59Z,96.0,Charge 4
2022-07-10T20:30:04Z,95.0,Charge 4
2022-07-10T20:30:19Z,96.0,Charge 4
2022-07-10T20:30:24Z,97.0,Charge 4
2022-07-10T20:30:29Z,98.0,Charge 4
2022-07-10T20:30:34Z,97.0,Charge 4
2022-07-10T20:30:49Z,98.0,Charge 4
2022-07-10T20:30:59Z,99.0,Charge 4
2022-07-10T20:31:14Z,98.0,Charge 4
2022-07-10T20:31:29Z,98.0,Charge 4
2022-07-10T20:31:34Z,97.0,Charge 4
2022-07-10T20:31:39Z,96.0,Charge 4
2022-07-10T20:31:54Z,96.0,Charge 4
2022-07-10T20:31:59Z,97.0,Charge 4
2022-07-10T20:32:09Z,97.0,Charge 4
2022-07-10T20:32:14Z,96.0,Charge 4
2022-07-10T20:32:24Z,95.0,Charge 4
2022-07-10T20:32:39Z,95.0,Charge 4
2022-07-10T20:32:54Z,95.0,Charge 4
2022-07-10T20:33:04Z,94.0,Charge 4
2022-07-10T20:33:19Z,94.0,Charge 4
2022-07-10T20:33:24Z,90.0,Charge 4
2022-07-10T20:33:29Z,89.0,Charge 4
2022-07-10T20:33:35Z,89.0,Charge 4
2022-07-10T20:33:50Z,88.0,Charge 4
2022-07-10T20:34:00Z,88.0,Charge 4
2022-07-10T20:34:05Z,95.0,Charge 4
2022-07-10T20:34:10Z,98.0,Charge 4
2022-07-10T20:34:15Z,97.0,Charge 4
2022-07-10T20:34:20Z,96.0,Charge 4
2022-07-10T20:34:30Z,96.0,Charge 4
2022-07-10T20:34:45Z,97.0,Charge 4
2022-07-10T20:35:00Z,97.0,Charge 4
2022-07-10T20:35:10Z,98.0,Charge 4
2022-07-10T20:35:25Z,99.0,Charge 4
2022-07-10T20:35:40Z,99.0,Charge 4
2022-07-10T20:35:45Z,98.0,Charge 4
2022-07-10T20:35:50Z,97.0,Charge 4
2022-07-10T20:36:05Z,97.0,Charge 4
2022-07-10T20:36:10Z,97.0,Charge 4
2022-07-10T20:36:25Z,97.0,Charge 4
2022-07-10T20:36:40Z,97.0,Charge 4
2022-07-10T20:36:50Z,97.0,Charge 4
2022-07-10T20:36:55Z,97.0,Charge 4
2022-07-10T20:37:05Z,98.0,Charge 4
2022-07-10T20:37:10Z,100.0,Charge 4
2022-07-10T20:37:15Z,98.0,Charge 4
2022-07-10T20:37:20Z,98.0,Charge 4
2022-07-10T20:37:30Z,97.0,Charge 4
2022-07-10T20:37:35Z,97.0,Charge 4
2022-07-10T20:37:40Z,97.0,Charge 4
2022-07-10T20:37:45Z,98.0,Charge 4
2022-07-10T20:37:50Z,98.0,Charge 4
2022-07-10T20:38:05Z,98.0,Charge 4
2022-07-10T20:38:15Z,99.0,Charge 4
2022-07-10T20:38:20Z,100.0,Charge 4
2022-07-10T20:38:25Z,99.0,Charge 4
2022-07-10T20:38:35Z,98.0,Charge 4
2022-07-10T20:38:45Z,98.0,Charge 4
2022-07-10T20:38:55Z,99.0,Charge 4
2022-07-10T20:39:00Z,100.0,Charge 4
2022-07-10T20:39:15Z,101.0,Charge 4
2022-07-10T20:39:20Z,100.0,Charge 4
2022-07-10T20:39:25Z,99.0,Charge 4
2022-07-10T20:39:30Z,98.0,Charge 4
2022-07-10T20:39:45Z,97.0,Charge 4
2022-07-10T20:40:00Z,97.0,Charge 4
2022-07-10T20:40:15Z,97.0,Charge 4
2022-07-10T20:40:20Z,98.0,Charge 4
2022-07-10T20:40:25Z,99.0,Charge 4
2022-07-10T20:40:30Z,100.0,Charge 4
2022-07-10T20:40:35Z,101.0,Charge 4
2022-07-10T20:40:40Z,100.0,Charge 4
2022-07-10T20:40:45Z,99.0,Charge 4
2022-07-10T20:41:00Z,99.0,Charge 4
2022-07-10T20:41:15Z,99.0,Charge 4
2022-07-10T20:41:30Z,99.0,Charge 4
2022-07-10T20:41:31Z,98.0,Charge 4
2022-07-10T20:41:46Z,98.0,Charge 4
2022-07-10T20:42:01Z,97.0,Charge 4
2022-07-10T20:42:06Z,95.0,Charge 4
2022-07-10T20:42:11Z,96.0,Charge 4
2022-07-10T20:42:26Z,96.0,Charge 4
2022-07-10T20:42:31Z,97.0,Charge 4
2022-07-10T20:42:46Z,97.0,Charge 4
2022-07-10T20:42:56Z,98.0,Charge 4
2022-07-10T20:43:01Z,97.0,Charge 4
2022-07-10T20:43:06Z,98.0,Charge 4
2022-07-10T20:43:21Z,98.0,Charge 4
2022-07-10T20:43:31Z,99.0,Charge 4
2022-07-10T20:43:46Z,99.0,Charge 4
2022-07-10T20:44:01Z,99.0,Charge 4
2022-07-10T20:44:16Z,99.0,Charge 4
2022-07-10T20:44:31Z,99.0,Charge 4
2022-07-10T20:44:46Z,99.0,Charge 4
2022-07-10T20:45:01Z,98.0,Charge 4
2022-07-10T20:45:06Z,97.0,Charge 4
2022-07-10T20:45:16Z,98.0,Charge 4
2022-07-10T20:45:21Z,97.0,Charge 4
2022-07-10T20:45:36Z,98.0,Charge 4
2022-07-10T20:45:46Z,97.0,Charge 4
2022-07-10T20:46:01Z,98.0,Charge 4
2022-07-10T20:46:06Z,99.0,Charge 4
2022-07-10T20:46:11Z,101.0,Charge 4
2022-07-10T20:46:16Z,101.0,Charge 4
2022-07-10T20:46:21Z,100.0,Charge 4
2022-07-10T20:46:31Z,99.0,Charge 4
2022-07-10T20:46:36Z,99.0,Charge 4
2022-07-10T20:46:51Z,98.0,Charge 4
2022-07-10T20:47:06Z,101.0,Charge 4
2022-07-10T20:47:16Z,101.0,Charge 4
2022-07-10T20:47:31Z,101.0,Charge 4
2022-07-10T20:47:36Z,100.0,Charge 4
2022-07-10T20:47:46Z,98.0,Charge 4
2022-07-10T20:47:51Z,97.0,Charge 4
2022-07-10T20:47:56Z,96.0,Charge 4
2022-07-10T20:48:06Z,97.0,Charge 4
2022-07-10T20:48:11Z,98.0,Charge 4
2022-07-10T20:48:16Z,97.0,Charge 4
2022-07-10T20:48:31Z,97.0,Charge 4
2022-07-10T20:49:49Z,101.0,Charge 4
2022-07-10T20:49:59Z,100.0,Charge 4
2022-07-10T20:50:04Z,96.0,Charge 4
2022-07-10T20:50:09Z,91.0,Charge 4
2022-07-10T20:50:14Z,86.0,Charge 4
2022-07-10T20:50:29Z,86.0,Charge 4
2022-07-10T20:50:39Z,88.0,Charge 4
2022-07-10T20:50:44Z,89.0,Charge 4
2022-07-10T20:50:54Z,92.0,Charge 4
2022-07-10T20:50:59Z,95.0,Charge 4
2022-07-10T20:51:14Z,96.0,Charge 4
2022-07-10T20:51:29Z,96.0,Charge 4
2022-07-10T20:51:44Z,96.0,Charge 4
2022-07-10T20:51:59Z,96.0,Charge 4
2022-07-10T20:52:09Z,95.0,Charge 4
2022-07-10T20:52:24Z,96.0,Charge 4
2022-07-10T20:52:39Z,95.0,Charge 4
2022-07-10T20:52:49Z,96.0,Charge 4
2022-07-10T20:53:04Z,94.0,Charge 4
2022-07-10T20:53:14Z,95.0,Charge 4
2022-07-10T20:53:19Z,94.0,Charge 4
2022-07-10T20:53:34Z,92.0,Charge 4
2022-07-10T20:53:44Z,93.0,Charge 4
2022-07-10T20:53:49Z,94.0,Charge 4
2022-07-10T20:54:04Z,93.0,Charge 4
2022-07-10T20:54:14Z,94.0,Charge 4
2022-07-10T20:54:29Z,94.0,Charge 4
2022-07-10T20:54:30Z,94.0,Charge 4
2022-07-10T20:54:35Z,93.0,Charge 4
2022-07-10T20:54:45Z,94.0,Charge 4
2022-07-10T20:55:00Z,94.0,Charge 4
2022-07-10T20:55:10Z,95.0,Charge 4
2022-07-10T20:55:25Z,95.0,Charge 4
2022-07-10T20:55:30Z,95.0,Charge 4
2022-07-10T20:55:35Z,96.0,Charge 4
2022-07-10T20:55:40Z,96.0,Charge 4
2022-07-10T20:55:55Z,96.0,Charge 4
2022-07-10T20:56:10Z,96.0,Charge 4
2022-07-10T20:56:25Z,96.0,Charge 4
2022-07-10T20:56:35Z,95.0,Charge 4
2022-07-10T20:56:40Z,94.0,Charge 4
2022-07-10T20:56:55Z,94.0,Charge 4
2022-07-10T20:57:10Z,94.0,Charge 4
2022-07-10T20:57:15Z,95.0,Charge 4
2022-07-10T20:57:20Z,94.0,Charge 4
2022-07-10T20:57:35Z,94.0,Charge 4
2022-07-10T20:57:45Z,94.0,Charge 4
2022-07-10T20:58:00Z,94.0,Charge 4
2022-07-10T20:58:15Z,94.0,Charge 4
2022-07-10T20:58:20Z,94.0,Charge 4
2022-07-10T20:58:25Z,93.0,Charge 4
2022-07-10T20:58:30Z,92.0,Charge 4
2022-07-10T20:58:40Z,91.0,Charge 4
2022-07-10T20:58:50Z,92.0,Charge 4
2022-07-10T20:58:55Z,92.0,Charge 4
2022-07-10T20:59:00Z,93.0,Charge 4
2022-07-10T20:59:15Z,93.0,Charge 4
2022-07-10T20:59:25Z,93.0,Charge 4
2022-07-10T20:59:30Z,93.0,Charge 4
2022-07-10T20:59:40Z,93.0,Charge 4
2022-07-10T20:59:55Z,93.0,Charge 4
2022-07-10T21:00:00Z,93.0,Charge 4
2022-07-10T21:00:15Z,93.0,Charge 4
2022-07-10T21:00:20Z,94.0,Charge 4
2022-07-10T21:00:35Z,95.0,Charge 4
2022-07-10T21:00:50Z,96.0,Charge 4
2022-07-10T21:00:55Z,97.0,Charge 4
2022-07-10T21:01:10Z,98.0,Charge 4
2022-07-10T21:01:25Z,97.0,Charge 4
2022-07-10T21:01:40Z,97.0,Charge 4
2022-07-10T21:01:45Z,98.0,Charge 4
2022-07-10T21:01:50Z,97.0,Charge 4
2022-07-10T21:02:05Z,96.0,Charge 4
2022-07-10T21:02:20Z,96.0,Charge 4
2022-07-10T21:02:30Z,94.0,Charge 4
2022-07-10T21:02:35Z,92.0,Charge 4
2022-07-10T21:02:40Z,92.0,Charge 4
2022-07-10T21:02:55Z,92.0,Charge 4
2022-07-10T21:03:00Z,96.0,Charge 4
2022-07-10T21:03:05Z,94.0,Charge 4
2022-07-10T21:03:12Z,93.0,Charge 4
2022-07-10T21:03:27Z,93.0,Charge 4
2022-07-10T21:03:42Z,93.0,Charge 4
2022-07-10T21:03:57Z,93.0,Charge 4
2022-07-10T21:04:12Z,94.0,Charge 4
2022-07-10T21:04:17Z,95.0,Charge 4
2022-07-10T21:04:27Z,96.0,Charge 4
2022-07-10T21:04:32Z,95.0,Charge 4
2022-07-10T21:04:47Z,95.0,Charge 4
2022-07-10T21:04:57Z,96.0,Charge 4
2022-07-10T21:05:12Z,97.0,Charge 4
2022-07-10T21:05:27Z,96.0,Charge 4
2022-07-10T21:05:42Z,96.0,Charge 4
2022-07-10T21:05:47Z,95.0,Charge 4
2022-07-10T21:06:02Z,95.0,Charge 4
2022-07-10T21:06:07Z,95.0,Charge 4
2022-07-10T21:06:12Z,95.0,Charge 4
2022-07-10T21:06:17Z,94.0,Charge 4
2022-07-10T21:06:22Z,94.0,Charge 4
2022-07-10T21:06:37Z,95.0,Charge 4
2022-07-10T21:06:47Z,94.0,Charge 4
2022-07-10T21:07:02Z,94.0,Charge 4
2022-07-10T21:07:17Z,95.0,Charge 4
2022-07-10T21:07:22Z,96.0,Charge 4
2022-07-10T21:07:32Z,95.0,Charge 4
2022-07-10T21:07:37Z,94.0,Charge 4
2022-07-10T21:07:47Z,95.0,Charge 4
2022-07-10T21:07:52Z,94.0,Charge 4
2022-07-10T21:07:57Z,92.0,Charge 4
2022-07-10T21:08:02Z,92.0,Charge 4
2022-07-10T21:08:07Z,91.0,Charge 4
2022-07-10T21:08:17Z,90.0,Charge 4
2022-07-10T21:08:22Z,89.0,Charge 4
2022-07-10T21:08:27Z,87.0,Charge 4
2022-07-10T21:08:32Z,87.0,Charge 4
2022-07-10T21:08:37Z,88.0,Charge 4
2022-07-10T21:08:47Z,88.0,Charge 4
2022-07-10T21:09:02Z,89.0,Charge 4
2022-07-10T21:09:07Z,90.0,Charge 4
2022-07-10T21:09:17Z,89.0,Charge 4
2022-07-10T21:09:22Z,93.0,Charge 4
2022-07-10T21:09:27Z,91.0,Charge 4
2022-07-10T21:09:32Z,90.0,Charge 4
2022-07-10T21:09:37Z,92.0,Charge 4
2022-07-10T21:09:42Z,92.0,Charge 4
2022-07-10T21:09:57Z,92.0,Charge 4
2022-07-10T21:10:07Z,91.0,Charge 4
2022-07-10T21:10:12Z,92.0,Charge 4
2022-07-10T21:10:22Z,91.0,Charge 4
2022-07-10T21:10:37Z,91.0,Charge 4
2022-07-10T21:10:42Z,92.0,Charge 4
2022-07-10T21:10:47Z,93.0,Charge 4
2022-07-10T21:11:02Z,93.0,Charge 4
2022-07-10T21:11:17Z,93.0,Charge 4
2022-07-10T21:11:22Z,92.0,Charge 4
2022-07-10T21:11:37Z,92.0,Charge 4
2022-07-10T21:11:42Z,93.0,Charge 4
2022-07-10T21:11:57Z,93.0,Charge 4
2022-07-10T21:12:12Z,93.0,Charge 4
2022-07-10T21:12:27Z,93.0,Charge 4
2022-07-10T21:12:37Z,94.0,Charge 4
2022-07-10T21:12:52Z,94.0,Charge 4
2022-07-10T21:12:57Z,93.0,Charge 4
2022-07-10T21:13:12Z,93.0,Charge 4
2022-07-10T21:13:22Z,92.0,Charge 4
2022-07-10T21:13:37Z,92.0,Charge 4
2022-07-10T21:13:47Z,93.0,Charge 4
2022-07-10T21:14:02Z,93.0,Charge 4
2022-07-10T21:14:07Z,94.0,Charge 4
2022-07-10T21:14:22Z,94.0,Charge 4
2022-07-10T21:14:32Z,93.0,Charge 4
2022-07-10T21:14:47Z,93.0,Charge 4
2022-07-10T21:14:57Z,94.0,Charge 4
2022-07-10T21:15:12Z,94.0,Charge 4
2022-07-10T21:15:27Z,94.0,Charge 4
2022-07-10T21:15:42Z,93.0,Charge 4
2022-07-10T21:15:52Z,92.0,Charge 4
2022-07-10T21:16:07Z,92.0,Charge 4
2022-07-10T21:16:22Z,92.0,Charge 4
2022-07-10T21:16:27Z,93.0,Charge 4
2022-07-10T21:16:37Z,94.0,Charge 4
2022-07-10T21:16:42Z,94.0,Charge 4
2022-07-10T21:16:57Z,95.0,Charge 4
2022-07-10T21:17:07Z,96.0,Charge 4
2022-07-10T21:17:12Z,97.0,Charge 4
2022-07-10T21:17:27Z,97.0,Charge 4
2022-07-10T21:17:42Z,93.0,Charge 4
2022-07-10T21:17:47Z,91.0,Charge 4
2022-07-10T21:18:02Z,92.0,Charge 4
2022-07-10T21:18:07Z,93.0,Charge 4
2022-07-10T21:18:12Z,94.0,Charge 4
2022-07-10T21:18:27Z,95.0,Charge 4
2022-07-10T21:18:42Z,96.0,Charge 4
2022-07-10T21:18:57Z,96.0,Charge 4
2022-07-10T21:19:07Z,95.0,Charge 4
2022-07-10T21:19:17Z,97.0,Charge 4
2022-07-10T21:19:22Z,98.0,Charge 4
2022-07-10T21:19:27Z,97.0,Charge 4
2022-07-10T21:19:32Z,96.0,Charge 4
2022-07-10T21:19:37Z,97.0,Charge 4
2022-07-10T21:19:47Z,98.0,Charge 4
2022-07-10T21:19:57Z,99.0,Charge 4
2022-07-10T21:20:12Z,102.0,Charge 4
2022-07-10T21:20:27Z,101.0,Charge 4
2022-07-10T21:20:32Z,100.0,Charge 4
2022-07-10T21:20:47Z,102.0,Charge 4
2022-07-10T21:20:52Z,101.0,Charge 4
2022-07-10T21:21:02Z,100.0,Charge 4
2022-07-10T21:21:07Z,99.0,Charge 4
2022-07-10T21:21:12Z,97.0,Charge 4
2022-07-10T21:21:27Z,96.0,Charge 4
2022-07-10T21:21:32Z,95.0,Charge 4
2022-07-10T21:21:37Z,96.0,Charge 4
2022-07-10T21:21:42Z,96.0,Charge 4
2022-07-10T21:21:47Z,94.0,Charge 4
2022-07-10T21:21:52Z,91.0,Charge 4
2022-07-10T21:22:07Z,91.0,Charge 4
2022-07-10T21:22:12Z,93.0,Charge 4
2022-07-10T21:22:17Z,94.0,Charge 4
2022-07-10T21:22:22Z,94.0,Charge 4
2022-07-10T21:22:27Z,93.0,Charge 4
2022-07-10T21:22:32Z,90.0,Charge 4
2022-07-10T21:22:37Z,86.0,Charge 4
2022-07-10T21:22:52Z,88.0,Charge 4
2022-07-10T21:22:57Z,90.0,Charge 4
2022-07-10T21:23:02Z,91.0,Charge 4
2022-07-10T21:23:07Z,92.0,Charge 4
2022-07-10T21:23:17Z,94.0,Charge 4
2022-07-10T21:23:22Z,95.0,Charge 4
2022-07-10T21:23:27Z,96.0,Charge 4
2022-07-10T21:23:42Z,95.0,Charge 4
2022-07-10T21:23:52Z,97.0,Charge 4
2022-07-10T21:23:57Z,98.0,Charge 4
2022-07-10T21:24:07Z,99.0,Charge 4
2022-07-10T21:24:17Z,98.0,Charge 4
2022-07-10T21:24:22Z,97.0,Charge 4
2022-07-10T21:24:27Z,96.0,Charge 4
2022-07-10T21:24:37Z,95.0,Charge 4
2022-07-10T21:24:52Z,95.0,Charge 4
2022-07-10T21:25:07Z,95.0,Charge 4
2022-07-10T21:25:12Z,94.0,Charge 4
2022-07-10T21:25:17Z,95.0,Charge 4
2022-07-10T21:25:27Z,96.0,Charge 4
2022-07-10T21:25:32Z,97.0,Charge 4
2022-07-10T21:25:47Z,98.0,Charge 4
2022-07-10T21:25:52Z,97.0,Charge 4
2022-07-10T21:26:07Z,97.0,Charge 4
2022-07-10T21:26:17Z,96.0,Charge 4
2022-07-10T21:26:32Z,96.0,Charge 4
2022-07-10T21:26:37Z,95.0,Charge 4
2022-07-10T21:26:52Z,95.0,Charge 4
2022-07-10T21:27:07Z,95.0,Charge 4
2022-07-10T21:27:22Z,95.0,Charge 4
2022-07-10T21:27:32Z,95.0,Charge 4
2022-07-10T21:27:37Z,94.0,Charge 4
2022-07-10T21:27:42Z,95.0,Charge 4
2022-07-10T21:27:57Z,95.0,Charge 4
2022-07-10T21:28:12Z,96.0,Charge 4
2022-07-10T21:28:17Z,97.0,Charge 4
2022-07-10T21:28:22Z,98.0,Charge 4
2022-07-10T21:28:32Z,97.0,Charge 4
2022-07-10T21:28:42Z,96.0,Charge 4
2022-07-10T21:28:48Z,96.0,Charge 4
2022-07-10T21:29:03Z,96.0,Charge 4
2022-07-10T21:29:08Z,96.0,Charge 4
2022-07-10T21:29:13Z,95.0,Charge 4
2022-07-10T21:29:28Z,95.0,Charge 4
2022-07-10T21:29:43Z,95.0,Charge 4
2022-07-10T21:29:58Z,93.0,Charge 4
2022-07-10T21:30:08Z,94.0,Charge 4
2022-07-10T21:30:18Z,93.0,Charge 4
2022-07-10T21:30:28Z,94.0,Charge 4
2022-07-10T21:30:43Z,95.0,Charge 4
2022-07-10T21:30:48Z,96.0,Charge 4
2022-07-10T21:30:58Z,96.0,Charge 4
2022-07-10T21:31:08Z,97.0,Charge 4
2022-07-10T21:31:18Z,98.0,Charge 4
2022-07-10T21:31:23Z,99.0,Charge 4
2022-07-10T21:31:28Z,98.0,Charge 4
2022-07-10T21:31:43Z,98.0,Charge 4
2022-07-10T21:31:53Z,97.0,Charge 4
2022-07-10T21:32:08Z,97.0,Charge 4
2022-07-10T21:32:23Z,96.0,Charge 4
2022-07-10T21:32:38Z,96.0,Charge 4
2022-07-10T21:32:53Z,97.0,Charge 4
2022-07-10T21:32:58Z,97.0,Charge 4
2022-07-10T21:33:03Z,96.0,Charge 4
2022-07-10T21:33:08Z,97.0,Charge 4
2022-07-10T21:33:17Z,96.0,Charge 4
2022-07-10T21:33:32Z,96.0,Charge 4
2022-07-10T21:33:47Z,96.0,Charge 4
2022-07-10T21:33:57Z,96.0,Charge 4
2022-07-10T21:34:07Z,97.0,Charge 4
2022-07-10T21:34:12Z,98.0,Charge 4
2022-07-10T21:34:17Z,99.0,Charge 4
2022-07-10T21:34:27Z,100.0,Charge 4
2022-07-10T21:34:32Z,101.0,Charge 4
2022-07-10T21:34:42Z,100.0,Charge 4
2022-07-10T21:34:47Z,99.0,Charge 4
2022-07-10T21:34:52Z,97.0,Charge 4
2022-07-10T21:34:57Z,95.0,Charge 4
2022-07-10T21:35:07Z,92.0,Charge 4
2022-07-10T21:35:12Z,88.0,Charge 4
2022-07-10T21:35:17Z,89.0,Charge 4
2022-07-10T21:35:22Z,90.0,Charge 4
2022-07-10T21:35:27Z,94.0,Charge 4
2022-07-10T21:35:32Z,96.0,Charge 4
2022-07-10T21:35:37Z,95.0,Charge 4
2022-07-10T21:35:42Z,94.0,Charge 4
2022-07-10T21:35:47Z,95.0,Charge 4
2022-07-10T21:35:52Z,94.0,Charge 4
2022-07-10T21:36:07Z,94.0,Charge 4
2022-07-10T21:36:12Z,95.0,Charge 4
2022-07-10T21:36:17Z,96.0,Charge 4
2022-07-10T21:36:22Z,94.0,Charge 4
2022-07-10T21:36:28Z,94.0,Charge 4
2022-07-10T21:36:43Z,92.0,Charge 4
2022-07-10T21:36:58Z,90.0,Charge 4
2022-07-10T21:37:03Z,91.0,Charge 4
2022-07-10T21:37:13Z,92.0,Charge 4
2022-07-10T21:37:18Z,93.0,Charge 4
2022-07-10T21:37:28Z,94.0,Charge 4
2022-07-10T21:37:43Z,94.0,Charge 4
2022-07-10T21:37:58Z,94.0,Charge 4
2022-07-10T21:38:13Z,95.0,Charge 4
2022-07-10T21:38:23Z,95.0,Charge 4
2022-07-10T21:38:28Z,94.0,Charge 4
2022-07-10T21:38:43Z,94.0,Charge 4
2022-07-10T21:38:58Z,98.0,Charge 4
2022-07-10T21:39:03Z,99.0,Charge 4
2022-07-10T21:39:13Z,97.0,Charge 4
2022-07-10T21:39:18Z,93.0,Charge 4
2022-07-10T21:39:33Z,93.0,Charge 4
2022-07-10T21:39:43Z,94.0,Charge 4
2022-07-10T21:39:58Z,93.0,Charge 4
2022-07-10T21:40:03Z,94.0,Charge 4
2022-07-10T21:40:08Z,95.0,Charge 4
2022-07-10T21:40:23Z,94.0,Charge 4
2022-07-10T21:40:38Z,94.0,Charge 4
2022-07-10T21:40:53Z,93.0,Charge 4
2022-07-10T21:40:58Z,92.0,Charge 4
2022-07-10T21:41:03Z,93.0,Charge 4
2022-07-10T21:41:08Z,93.0,Charge 4
2022-07-10T21:41:23Z,93.0,Charge 4
2022-07-10T21:41:38Z,93.0,Charge 4
2022-07-10T21:41:53Z,93.0,Charge 4
2022-07-10T21:41:58Z,93.0,Charge 4
2022-07-10T21:42:03Z,93.0,Charge 4
2022-07-10T21:42:18Z,94.0,Charge 4
2022-07-10T21:42:33Z,94.0,Charge 4
2022-07-10T21:42:48Z,95.0,Charge 4
2022-07-10T21:43:03Z,96.0,Charge 4
2022-07-10T21:43:08Z,95.0,Charge 4
2022-07-10T21:43:23Z,94.0,Charge 4
2022-07-10T21:43:38Z,94.0,Charge 4
2022-07-10T21:43:43Z,95.0,Charge 4
2022-07-10T21:43:58Z,95.0,Charge 4
2022-07-10T21:44:13Z,96.0,Charge 4
2022-07-10T21:44:18Z,97.0,Charge 4
2022-07-10T21:44:33Z,98.0,Charge 4
2022-07-10T21:44:38Z,96.0,Charge 4
2022-07-10T21:44:43Z,95.0,Charge 4
2022-07-10T21:44:48Z,97.0,Charge 4
2022-07-10T21:44:53Z,96.0,Charge 4
2022-07-10T21:45:08Z,96.0,Charge 4
2022-07-10T21:45:23Z,96.0,Charge 4
2022-07-10T21:45:33Z,97.0,Charge 4
2022-07-10T21:45:48Z,96.0,Charge 4
2022-07-10T21:46:03Z,96.0,Charge 4
2022-07-10T21:46:08Z,96.0,Charge 4
2022-07-10T21:46:23Z,97.0,Charge 4
2022-07-10T21:46:38Z,97.0,Charge 4
2022-07-10T21:46:48Z,96.0,Charge 4
2022-07-10T21:46:53Z,95.0,Charge 4
2022-07-10T21:46:58Z,96.0,Charge 4
2022-07-10T21:47:13Z,95.0,Charge 4
2022-07-10T21:47:28Z,95.0,Charge 4
2022-07-10T21:47:38Z,96.0,Charge 4
2022-07-10T21:47:43Z,97.0,Charge 4
2022-07-10T21:47:48Z,98.0,Charge 4
2022-07-10T21:48:03Z,98.0,Charge 4
2022-07-10T21:48:13Z,99.0,Charge 4
2022-07-10T21:48:18Z,97.0,Charge 4
2022-07-10T21:48:28Z,96.0,Charge 4
2022-07-10T21:48:43Z,96.0,Charge 4
2022-07-10T21:48:58Z,95.0,Charge 4
2022-07-10T21:49:08Z,96.0,Charge 4
2022-07-10T21:49:23Z,96.0,Charge 4
2022-07-10T21:49:38Z,96.0,Charge 4
2022-07-10T21:49:53Z,95.0,Charge 4
2022-07-10T21:50:08Z,95.0,Charge 4
2022-07-10T21:50:18Z,94.0,Charge 4
2022-07-10T21:50:23Z,93.0,Charge 4
2022-07-10T21:50:29Z,93.0,Charge 4
2022-07-10T21:50:39Z,94.0,Charge 4
2022-07-10T21:50:54Z,94.0,Charge 4
2022-07-10T21:51:09Z,94.0,Charge 4
2022-07-10T21:51:24Z,94.0,Charge 4
2022-07-10T21:51:29Z,94.0,Charge 4
2022-07-10T21:51:34Z,93.0,Charge 4
2022-07-10T21:51:44Z,93.0,Charge 4
2022-07-10T21:51:49Z,93.0,Charge 4
2022-07-10T21:52:04Z,94.0,Charge 4
2022-07-10T21:52:19Z,94.0,Charge 4
2022-07-10T21:52:34Z,94.0,Charge 4
2022-07-10T21:52:49Z,94.0,Charge 4
2022-07-10T21:53:04Z,94.0,Charge 4
2022-07-10T21:53:09Z,93.0,Charge 4
2022-07-10T21:53:24Z,93.0,Charge 4
2022-07-10T21:53:39Z,93.0,Charge 4
2022-07-10T21:53:54Z,93.0,Charge 4
2022-07-10T21:54:09Z,93.0,Charge 4
2022-07-10T21:54:24Z,93.0,Charge 4
2022-07-10T21:54:29Z,93.0,Charge 4
2022-07-10T21:54:34Z,92.0,Charge 4
2022-07-10T21:54:39Z,92.0,Charge 4
2022-07-10T21:54:54Z,92.0,Charge 4
2022-07-10T21:54:59Z,91.0,Charge 4
2022-07-10T21:55:14Z,91.0,Charge 4
2022-07-10T21:55:29Z,89.0,Charge 4
2022-07-10T21:55:34Z,89.0,Charge 4
2022-07-10T21:55:39Z,90.0,Charge 4
2022-07-10T21:55:49Z,91.0,Charge 4
2022-07-10T21:55:54Z,91.0,Charge 4
2022-07-10T21:56:09Z,91.0,Charge 4
2022-07-10T21:56:14Z,91.0,Charge 4
2022-07-10T21:56:19Z,91.0,Charge 4
2022-07-10T21:56:34Z,91.0,Charge 4
2022-07-10T21:56:49Z,91.0,Charge 4
2022-07-10T21:56:54Z,89.0,Charge 4
2022-07-10T21:57:04Z,88.0,Charge 4
2022-07-10T21:57:19Z,88.0,Charge 4
2022-07-10T21:57:24Z,90.0,Charge 4
2022-07-10T21:57:39Z,90.0,Charge 4
2022-07-10T21:57:49Z,91.0,Charge 4
2022-07-10T21:58:04Z,91.0,Charge 4
2022-07-10T21:58:14Z,92.0,Charge 4
2022-07-10T21:58:29Z,92.0,Charge 4
2022-07-10T21:58:34Z,91.0,Charge 4
2022-07-10T21:58:39Z,90.0,Charge 4
2022-07-10T21:58:54Z,90.0,Charge 4
2022-07-10T21:59:09Z,89.0,Charge 4
2022-07-10T21:59:14Z,89.0,Charge 4
2022-07-10T21:59:29Z,89.0,Charge 4
2022-07-10T21:59:30Z,89.0,Charge 4
2022-07-10T21:59:35Z,90.0,Charge 4
2022-07-10T21:59:50Z,90.0,Charge 4
2022-07-10T21:59:55Z,91.0,Charge 4
2022-07-10T22:00:05Z,90.0,Charge 4
2022-07-10T22:00:10Z,88.0,Charge 4
2022-07-10T22:00:25Z,89.0,Charge 4
2022-07-10T22:00:40Z,89.0,Charge 4
2022-07-10T22:00:50Z,90.0,Charge 4
2022-07-10T22:01:05Z,90.0,Charge 4
2022-07-10T22:01:10Z,90.0,Charge 4
2022-07-10T22:01:25Z,91.0,Charge 4
2022-07-10T22:01:40Z,92.0,Charge 4
2022-07-10T22:01:50Z,93.0,Charge 4
2022-07-10T22:02:00Z,92.0,Charge 4
2022-07-10T22:02:15Z,92.0,Charge 4
2022-07-10T22:02:25Z,93.0,Charge 4
2022-07-10T22:02:40Z,93.0,Charge 4
2022-07-10T22:02:50Z,94.0,Charge 4
2022-07-10T22:03:05Z,93.0,Charge 4
2022-07-10T22:03:10Z,93.0,Charge 4
2022-07-10T22:03:25Z,93.0,Charge 4
2022-07-10T22:03:35Z,94.0,Charge 4
2022-07-10T22:03:45Z,92.0,Charge 4
2022-07-10T22:03:50Z,92.0,Charge 4
2022-07-10T22:04:05Z,92.0,Charge 4
2022-07-10T22:04:20Z,92.0,Charge 4
2022-07-10T22:04:25Z,92.0,Charge 4
2022-07-10T22:04:40Z,93.0,Charge 4
2022-07-10T22:04:45Z,92.0,Charge 4
2022-07-10T22:05:00Z,92.0,Charge 4
2022-07-10T22:05:15Z,92.0,Charge 4
2022-07-10T22:05:25Z,92.0,Charge 4
2022-07-10T22:05:30Z,91.0,Charge 4
2022-07-10T22:05:40Z,92.0,Charge 4
2022-07-10T22:05:55Z,93.0,Charge 4
2022-07-10T22:06:10Z,93.0,Charge 4
2022-07-10T22:06:25Z,93.0,Charge 4
2022-07-10T22:06:35Z,94.0,Charge 4
2022-07-10T22:06:40Z,96.0,Charge 4
2022-07-10T22:06:45Z,97.0,Charge 4
2022-07-10T22:06:50Z,98.0,Charge 4
2022-07-10T22:07:05Z,98.0,Charge 4
2022-07-10T22:07:15Z,97.0,Charge 4
2022-07-10T22:07:30Z,97.0,Charge 4
2022-07-10T22:07:45Z,97.0,Charge 4
2022-07-10T22:07:50Z,94.0,Charge 4
2022-07-10T22:08:00Z,95.0,Charge 4
2022-07-10T22:08:15Z,95.0,Charge 4
2022-07-10T22:08:25Z,96.0,Charge 4
2022-07-10T22:08:40Z,97.0,Charge 4
2022-07-10T22:08:55Z,96.0,Charge 4
2022-07-10T22:09:00Z,96.0,Charge 4
2022-07-10T22:09:10Z,98.0,Charge 4
2022-07-10T22:09:15Z,98.0,Charge 4
2022-07-10T22:09:30Z,97.0,Charge 4
2022-07-10T22:09:35Z,96.0,Charge 4
2022-07-10T22:09:50Z,97.0,Charge 4
2022-07-10T22:10:00Z,96.0,Charge 4
2022-07-10T22:10:10Z,95.0,Charge 4
2022-07-10T22:10:25Z,95.0,Charge 4
2022-07-10T22:10:35Z,96.0,Charge 4
2022-07-10T22:10:50Z,96.0,Charge 4
2022-07-10T22:11:00Z,95.0,Charge 4
2022-07-10T22:11:15Z,95.0,Charge 4
2022-07-10T22:11:20Z,94.0,Charge 4
2022-07-10T22:11:35Z,94.0,Charge 4
2022-07-10T22:11:50Z,94.0,Charge 4
2022-07-10T22:12:00Z,95.0,Charge 4
2022-07-10T22:12:15Z,95.0,Charge 4
2022-07-10T22:12:30Z,95.0,Charge 4
2022-07-10T22:12:45Z,95.0,Charge 4
2022-07-10T22:13:00Z,95.0,Charge 4
2022-07-10T22:13:15Z,95.0,Charge 4
2022-07-10T22:13:30Z,95.0,Charge 4
2022-07-10T22:13:35Z,94.0,Charge 4
2022-07-10T22:13:50Z,95.0,Charge 4
2022-07-10T22:14:05Z,95.0,Charge 4
2022-07-10T22:14:20Z,96.0,Charge 4
2022-07-10T22:14:35Z,96.0,Charge 4
2022-07-10T22:14:50Z,96.0,Charge 4
2022-07-10T22:14:55Z,96.0,Charge 4
2022-07-10T22:15:00Z,95.0,Charge 4
2022-07-10T22:15:15Z,96.0,Charge 4
2022-07-10T22:15:30Z,96.0,Charge 4
2022-07-10T22:15:40Z,97.0,Charge 4
2022-07-10T22:15:55Z,97.0,Charge 4
2022-07-10T22:16:10Z,97.0,Charge 4
2022-07-10T22:16:15Z,98.0,Charge 4
2022-07-10T22:16:30Z,98.0,Charge 4
2022-07-10T22:16:45Z,98.0,Charge 4
2022-07-10T22:17:00Z,98.0,Charge 4
2022-07-10T22:17:15Z,98.0,Charge 4
2022-07-10T22:17:25Z,99.0,Charge 4
2022-07-10T22:17:35Z,101.0,Charge 4
2022-07-10T22:17:50Z,101.0,Charge 4
2022-07-10T22:17:55Z,98.0,Charge 4
2022-07-10T22:18:05Z,99.0,Charge 4
2022-07-10T22:18:15Z,98.0,Charge 4
2022-07-10T22:18:20Z,96.0,Charge 4
2022-07-10T22:18:35Z,96.0,Charge 4
2022-07-10T22:18:50Z,96.0,Charge 4
2022-07-10T22:18:55Z,97.0,Charge 4
2022-07-10T22:19:10Z,97.0,Charge 4
2022-07-10T22:19:15Z,96.0,Charge 4
2022-07-10T22:19:20Z,95.0,Charge 4
2022-07-10T22:19:25Z,94.0,Charge 4
2022-07-10T22:19:31Z,94.0,Charge 4
2022-07-10T22:19:36Z,95.0,Charge 4
2022-07-10T22:19:51Z,95.0,Charge 4
2022-07-10T22:19:56Z,96.0,Charge 4
2022-07-10T22:20:01Z,97.0,Charge 4
2022-07-10T22:20:06Z,95.0,Charge 4
2022-07-10T22:20:11Z,95.0,Charge 4
2022-07-10T22:20:26Z,95.0,Charge 4
2022-07-10T22:20:31Z,96.0,Charge 4
2022-07-10T22:20:36Z,95.0,Charge 4
2022-07-10T22:20:51Z,95.0,Charge 4
2022-07-10T22:21:06Z,95.0,Charge 4
2022-07-10T22:21:11Z,96.0,Charge 4
2022-07-10T22:21:21Z,97.0,Charge 4
2022-07-10T22:21:26Z,95.0,Charge 4
2022-07-10T22:21:36Z,94.0,Charge 4
2022-07-10T22:21:46Z,93.0,Charge 4
2022-07-10T22:21:56Z,92.0,Charge 4
2022-07-10T22:22:01Z,90.0,Charge 4
2022-07-10T22:22:11Z,91.0,Charge 4
2022-07-10T22:22:16Z,92.0,Charge 4
2022-07-10T22:22:21Z,93.0,Charge 4
2022-07-10T22:22:26Z,94.0,Charge 4
2022-07-10T22:22:41Z,94.0,Charge 4
2022-07-10T22:22:57Z,91.0,Charge 4
2022-07-10T22:23:02Z,89.0,Charge 4
2022-07-10T22:23:07Z,90.0,Charge 4
2022-07-10T22:23:17Z,92.0,Charge 4
2022-07-10T22:23:22Z,94.0,Charge 4
2022-07-10T22:23:27Z,93.0,Charge 4
2022-07-10T22:23:32Z,93.0,Charge 4
2022-07-10T22:23:37Z,93.0,Charge 4
2022-07-10T22:23:42Z,93.0,Charge 4
2022-07-10T22:23:47Z,93.0,Charge 4
2022-07-10T22:23:52Z,92.0,Charge 4
2022-07-10T22:23:57Z,92.0,Charge 4
2022-07-10T22:24:12Z,92.0,Charge 4
2022-07-10T22:24:22Z,93.0,Charge 4
2022-07-10T22:24:32Z,95.0,Charge 4
2022-07-10T22:24:42Z,94.0,Charge 4
2022-07-10T22:24:57Z,94.0,Charge 4
2022-07-10T22:25:02Z,93.0,Charge 4
2022-07-10T22:25:17Z,94.0,Charge 4
2022-07-10T22:25:32Z,95.0,Charge 4
2022-07-10T22:25:47Z,95.0,Charge 4
2022-07-10T22:25:52Z,94.0,Charge 4
2022-07-10T22:26:07Z,94.0,Charge 4
2022-07-10T22:26:12Z,93.0,Charge 4
2022-07-10T22:26:17Z,92.0,Charge 4
2022-07-10T22:26:22Z,91.0,Charge 4
2022-07-10T22:26:37Z,91.0,Charge 4
2022-07-10T22:26:42Z,91.0,Charge 4
2022-07-10T22:26:47Z,90.0,Charge 4
2022-07-10T22:26:52Z,91.0,Charge 4
2022-07-10T22:27:07Z,91.0,Charge 4
2022-07-10T22:27:12Z,92.0,Charge 4
2022-07-10T22:27:27Z,93.0,Charge 4
2022-07-10T22:27:42Z,93.0,Charge 4
2022-07-10T22:27:57Z,94.0,Charge 4
2022-07-10T22:28:12Z,95.0,Charge 4
2022-07-10T22:28:17Z,96.0,Charge 4
2022-07-10T22:28:32Z,95.0,Charge 4
2022-07-10T22:28:47Z,94.0,Charge 4
2022-07-10T22:29:02Z,94.0,Charge 4
2022-07-10T22:29:17Z,94.0,Charge 4
2022-07-10T22:29:27Z,95.0,Charge 4
2022-07-10T22:29:37Z,94.0,Charge 4
2022-07-10T22:29:47Z,95.0,Charge 4
2022-07-10T22:29:57Z,94.0,Charge 4
2022-07-10T22:30:02Z,93.0,Charge 4
2022-07-10T22:30:17Z,94.0,Charge 4
2022-07-10T22:30:32Z,96.0,Charge 4
2022-07-10T22:30:47Z,96.0,Charge 4
2022-07-10T22:30:52Z,95.0,Charge 4
2022-07-10T22:31:07Z,95.0,Charge 4
2022-07-10T22:31:12Z,94.0,Charge 4
2022-07-10T22:31:27Z,94.0,Charge 4
2022-07-10T22:31:42Z,94.0,Charge 4
2022-07-10T22:31:47Z,94.0,Charge 4
2022-07-10T22:31:52Z,95.0,Charge 4
2022-07-10T22:32:07Z,95.0,Charge 4
2022-07-10T22:32:22Z,95.0,Charge 4
2022-07-10T22:32:27Z,96.0,Charge 4
2022-07-10T22:32:37Z,96.0,Charge 4
2022-07-10T22:32:47Z,96.0,Charge 4
2022-07-10T22:32:57Z,98.0,Charge 4
2022-07-10T22:33:02Z,99.0,Charge 4
2022-07-10T22:33:17Z,99.0,Charge 4
2022-07-10T22:33:22Z,97.0,Charge 4
2022-07-10T22:33:37Z,97.0,Charge 4
2022-07-10T22:33:52Z,97.0,Charge 4
2022-07-10T22:34:07Z,97.0,Charge 4
2022-07-10T22:34:22Z,97.0,Charge 4
2022-07-10T22:34:37Z,98.0,Charge 4
2022-07-10T22:34:42Z,99.0,Charge 4
2022-07-10T22:34:57Z,97.0,Charge 4
2022-07-10T22:35:02Z,98.0,Charge 4
2022-07-10T22:35:07Z,97.0,Charge 4
2022-07-10T22:35:12Z,95.0,Charge 4
2022-07-10T22:35:17Z,92.0,Charge 4
2022-07-10T22:35:22Z,91.0,Charge 4
2022-07-10T22:35:27Z,92.0,Charge 4
2022-07-10T22:35:32Z,93.0,Charge 4
2022-07-10T22:35:37Z,93.0,Charge 4
2022-07-10T22:35:52Z,93.0,Charge 4
2022-07-10T22:36:07Z,93.0,Charge 4
2022-07-10T22:36:12Z,95.0,Charge 4
2022-07-10T22:36:17Z,96.0,Charge 4
2022-07-10T22:36:22Z,97.0,Charge 4
2022-07-10T22:36:27Z,100.0,Charge 4
2022-07-10T22:36:32Z,103.0,Charge 4
2022-07-10T22:36:37Z,102.0,Charge 4
2022-07-10T22:36:42Z,101.0,Charge 4
2022-07-10T22:36:47Z,100.0,Charge 4
2022-07-10T22:36:57Z,100.0,Charge 4
2022-07-10T22:37:07Z,101.0,Charge 4
2022-07-10T22:37:22Z,102.0,Charge 4
2022-07-10T22:37:27Z,100.0,Charge 4
2022-07-10T22:37:32Z,97.0,Charge 4
2022-07-10T22:37:37Z,95.0,Charge 4
2022-07-10T22:37:42Z,93.0,Charge 4
2022-07-10T22:37:52Z,91.0,Charge 4
2022-07-10T22:37:57Z,90.0,Charge 4
2022-07-10T22:38:02Z,90.0,Charge 4
2022-07-10T22:38:07Z,90.0,Charge 4
2022-07-10T22:38:12Z,91.0,Charge 4
2022-07-10T22:38:17Z,92.0,Charge 4
2022-07-10T22:38:27Z,91.0,Charge 4
2022-07-10T22:38:37Z,91.0,Charge 4
2022-07-10T22:38:47Z,91.0,Charge 4
2022-07-10T22:38:52Z,91.0,Charge 4
2022-07-10T22:38:57Z,90.0,Charge 4
2022-07-10T22:39:07Z,89.0,Charge 4
2022-07-10T22:39:12Z,89.0,Charge 4
2022-07-10T22:39:27Z,89.0,Charge 4
2022-07-10T22:39:32Z,90.0,Charge 4
2022-07-10T22:39:47Z,88.0,Charge 4
2022-07-10T22:39:52Z,88.0,Charge 4
2022-07-10T22:40:07Z,89.0,Charge 4
2022-07-10T22:40:12Z,90.0,Charge 4
2022-07-10T22:40:17Z,91.0,Charge 4
2022-07-10T22:40:32Z,91.0,Charge 4
2022-07-10T22:40:37Z,90.0,Charge 4
2022-07-10T22:40:42Z,89.0,Charge 4
2022-07-10T22:40:47Z,88.0,Charge 4
2022-07-10T22:40:52Z,88.0,Charge 4
2022-07-10T22:41:07Z,88.0,Charge 4
2022-07-10T22:41:12Z,89.0,Charge 4
2022-07-10T22:41:27Z,89.0,Charge 4
2022-07-10T22:41:37Z,91.0,Charge 4
2022-07-10T22:41:42Z,91.0,Charge 4
2022-07-10T22:41:57Z,90.0,Charge 4
2022-07-10T22:42:02Z,88.0,Charge 4
2022-07-10T22:42:12Z,88.0,Charge 4
2022-07-10T22:42:17Z,89.0,Charge 4
2022-07-10T22:42:22Z,90.0,Charge 4
2022-07-10T22:42:32Z,91.0,Charge 4
2022-07-10T22:42:37Z,91.0,Charge 4
2022-07-10T22:42:52Z,91.0,Charge 4
2022-07-10T22:42:57Z,90.0,Charge 4
2022-07-10T22:43:12Z,91.0,Charge 4
2022-07-10T22:43:27Z,91.0,Charge 4
2022-07-10T22:43:42Z,91.0,Charge 4
2022-07-10T22:43:52Z,92.0,Charge 4
2022-07-10T22:44:07Z,91.0,Charge 4
2022-07-10T22:44:22Z,91.0,Charge 4
2022-07-10T22:44:32Z,93.0,Charge 4
2022-07-10T22:44:47Z,92.0,Charge 4
2022-07-10T22:44:52Z,91.0,Charge 4
2022-07-10T22:45:02Z,90.0,Charge 4
2022-07-10T22:45:12Z,91.0,Charge 4
2022-07-10T22:45:27Z,91.0,Charge 4
2022-07-10T22:45:42Z,91.0,Charge 4
2022-07-10T22:45:57Z,90.0,Charge 4
2022-07-10T22:46:12Z,90.0,Charge 4
2022-07-10T22:46:27Z,90.0,Charge 4
2022-07-10T22:46:32Z,90.0,Charge 4
2022-07-10T22:46:47Z,90.0,Charge 4
2022-07-10T22:47:02Z,90.0,Charge 4
2022-07-10T22:47:12Z,91.0,Charge 4
2022-07-10T22:47:27Z,91.0,Charge 4
2022-07-10T22:47:42Z,91.0,Charge 4
2022-07-10T22:47:57Z,90.0,Charge 4
2022-07-10T22:48:12Z,90.0,Charge 4
2022-07-10T22:48:13Z,90.0,Charge 4
2022-07-10T22:48:18Z,91.0,Charge 4
2022-07-10T22:48:23Z,92.0,Charge 4
2022-07-10T22:48:28Z,91.0,Charge 4
2022-07-10T22:48:43Z,92.0,Charge 4
2022-07-10T22:48:58Z,92.0,Charge 4
2022-07-10T22:49:13Z,92.0,Charge 4
2022-07-10T22:49:28Z,92.0,Charge 4
2022-07-10T22:49:43Z,91.0,Charge 4
2022-07-10T22:49:53Z,90.0,Charge 4
2022-07-10T22:49:58Z,91.0,Charge 4
2022-07-10T22:50:08Z,91.0,Charge 4
2022-07-10T22:50:13Z,92.0,Charge 4
2022-07-10T22:50:23Z,93.0,Charge 4
2022-07-10T22:50:33Z,94.0,Charge 4
2022-07-10T22:50:38Z,95.0,Charge 4
2022-07-10T22:50:43Z,96.0,Charge 4
2022-07-10T22:50:53Z,97.0,Charge 4
2022-07-10T22:51:03Z,98.0,Charge 4
2022-07-10T22:51:08Z,99.0,Charge 4
2022-07-10T22:51:23Z,99.0,Charge 4
2022-07-10T22:51:33Z,98.0,Charge 4
2022-07-10T22:51:48Z,98.0,Charge 4
2022-07-10T22:52:03Z,98.0,Charge 4
2022-07-10T22:52:18Z,98.0,Charge 4
2022-07-10T22:52:23Z,98.0,Charge 4
2022-07-10T22:52:38Z,98.0,Charge 4
2022-07-10T22:52:43Z,98.0,Charge 4
2022-07-10T22:52:58Z,98.0,Charge 4
2022-07-10T22:53:03Z,95.0,Charge 4
2022-07-10T22:53:13Z,96.0,Charge 4
2022-07-10T22:53:18Z,95.0,Charge 4
2022-07-10T22:53:28Z,94.0,Charge 4
2022-07-10T22:53:43Z,94.0,Charge 4
2022-07-10T22:53:48Z,95.0,Charge 4
2022-07-10T22:53:53Z,92.0,Charge 4
2022-07-10T22:53:58Z,90.0,Charge 4
2022-07-10T22:54:03Z,90.0,Charge 4
2022-07-10T22:54:08Z,91.0,Charge 4
2022-07-10T22:54:13Z,90.0,Charge 4
2022-07-10T22:54:18Z,90.0,Charge 4
2022-07-10T22:54:28Z,89.0,Charge 4
2022-07-10T22:54:33Z,88.0,Charge 4
2022-07-10T22:54:48Z,88.0,Charge 4
2022-07-10T22:55:03Z,88.0,Charge 4
2022-07-10T22:55:08Z,89.0,Charge 4
2022-07-10T22:55:23Z,89.0,Charge 4
2022-07-10T22:55:28Z,90.0,Charge 4
2022-07-10T22:55:33Z,91.0,Charge 4
2022-07-10T22:55:38Z,90.0,Charge 4
2022-07-10T22:55:48Z,90.0,Charge 4
2022-07-10T22:55:53Z,90.0,Charge 4
2022-07-10T22:55:58Z,90.0,Charge 4
2022-07-10T22:56:13Z,90.0,Charge 4
2022-07-10T22:56:18Z,89.0,Charge 4
2022-07-10T22:56:23Z,88.0,Charge 4
2022-07-10T22:56:33Z,89.0,Charge 4
2022-07-10T22:56:48Z,89.0,Charge 4
2022-07-10T22:56:53Z,88.0,Charge 4
2022-07-10T22:57:08Z,89.0,Charge 4
2022-07-10T22:57:23Z,89.0,Charge 4
2022-07-10T22:57:33Z,88.0,Charge 4
2022-07-10T22:57:38Z,89.0,Charge 4
2022-07-10T22:57:43Z,88.0,Charge 4
2022-07-10T22:57:48Z,87.0,Charge 4
2022-07-10T22:57:53Z,86.0,Charge 4
2022-07-10T22:57:58Z,86.0,Charge 4
2022-07-10T22:58:03Z,86.0,Charge 4
2022-07-10T22:58:08Z,87.0,Charge 4
2022-07-10T22:58:13Z,87.0,Charge 4
2022-07-10T22:58:28Z,88.0,Charge 4
2022-07-10T22:58:33Z,90.0,Charge 4
2022-07-10T22:58:38Z,91.0,Charge 4
2022-07-10T22:58:43Z,90.0,Charge 4
2022-07-10T22:58:48Z,89.0,Charge 4
2022-07-10T22:59:03Z,88.0,Charge 4
2022-07-10T22:59:18Z,88.0,Charge 4
2022-07-10T22:59:33Z,88.0,Charge 4
2022-07-10T22:59:48Z,88.0,Charge 4
2022-07-10T22:59:53Z,90.0,Charge 4
2022-07-10T23:00:03Z,89.0,Charge 4
2022-07-10T23:00:08Z,86.0,Charge 4
2022-07-10T23:00:18Z,88.0,Charge 4
2022-07-10T23:00:33Z,87.0,Charge 4
2022-07-10T23:00:38Z,85.0,Charge 4
2022-07-10T23:00:43Z,84.0,Charge 4
2022-07-10T23:00:48Z,87.0,Charge 4
2022-07-10T23:00:53Z,88.0,Charge 4
2022-07-10T23:00:58Z,87.0,Charge 4
2022-07-10T23:01:03Z,87.0,Charge 4
2022-07-10T23:01:08Z,86.0,Charge 4
2022-07-10T23:01:13Z,86.0,Charge 4
2022-07-10T23:01:28Z,86.0,Charge 4
2022-07-10T23:01:33Z,87.0,Charge 4
2022-07-10T23:01:48Z,87.0,Charge 4
2022-07-10T23:01:53Z,87.0,Charge 4
2022-07-10T23:01:58Z,87.0,Charge 4
2022-07-10T23:02:13Z,87.0,Charge 4
2022-07-10T23:02:23Z,86.0,Charge 4
2022-07-10T23:02:28Z,82.0,Charge 4
2022-07-10T23:02:33Z,81.0,Charge 4
2022-07-10T23:02:38Z,80.0,Charge 4
2022-07-10T23:02:43Z,83.0,Charge 4
2022-07-10T23:02:48Z,84.0,Charge 4
2022-07-10T23:02:53Z,87.0,Charge 4
2022-07-10T23:02:58Z,89.0,Charge 4
2022-07-10T23:03:03Z,89.0,Charge 4
2022-07-10T23:03:13Z,88.0,Charge 4
2022-07-10T23:03:19Z,88.0,Charge 4
2022-07-10T23:03:34Z,88.0,Charge 4
2022-07-10T23:03:39Z,87.0,Charge 4
2022-07-10T23:03:44Z,85.0,Charge 4
2022-07-10T23:03:49Z,85.0,Charge 4
2022-07-10T23:03:54Z,87.0,Charge 4
2022-07-10T23:03:59Z,85.0,Charge 4
2022-07-10T23:04:14Z,84.0,Charge 4
2022-07-10T23:04:24Z,85.0,Charge 4
2022-07-10T23:04:34Z,87.0,Charge 4
2022-07-10T23:04:49Z,87.0,Charge 4
2022-07-10T23:04:54Z,88.0,Charge 4
2022-07-10T23:05:04Z,87.0,Charge 4
2022-07-10T23:05:19Z,87.0,Charge 4
2022-07-10T23:05:29Z,88.0,Charge 4
2022-07-10T23:05:39Z,89.0,Charge 4
2022-07-10T23:05:49Z,88.0,Charge 4
2022-07-10T23:06:04Z,89.0,Charge 4
2022-07-10T23:06:09Z,88.0,Charge 4
2022-07-10T23:06:14Z,87.0,Charge 4
2022-07-10T23:06:19Z,87.0,Charge 4
2022-07-10T23:06:34Z,87.0,Charge 4
2022-07-10T23:06:49Z,87.0,Charge 4
2022-07-10T23:07:04Z,87.0,Charge 4
2022-07-10T23:07:19Z,87.0,Charge 4
2022-07-10T23:07:34Z,88.0,Charge 4
2022-07-10T23:07:44Z,86.0,Charge 4
2022-07-10T23:07:49Z,85.0,Charge 4
2022-07-10T23:07:54Z,86.0,Charge 4
2022-07-10T23:07:59Z,89.0,Charge 4
2022-07-10T23:08:14Z,87.0,Charge 4
2022-07-10T23:08:19Z,88.0,Charge 4
2022-07-10T23:08:24Z,87.0,Charge 4
2022-07-10T23:08:29Z,87.0,Charge 4
2022-07-10T23:08:44Z,87.0,Charge 4
2022-07-10T23:08:49Z,89.0,Charge 4
2022-07-10T23:09:04Z,89.0,Charge 4
2022-07-10T23:09:09Z,86.0,Charge 4
2022-07-10T23:09:14Z,86.0,Charge 4
2022-07-10T23:09:19Z,87.0,Charge 4
2022-07-10T23:09:24Z,87.0,Charge 4
2022-07-10T23:09:39Z,87.0,Charge 4
2022-07-10T23:09:44Z,88.0,Charge 4
2022-07-10T23:09:49Z,90.0,Charge 4
2022-07-10T23:09:54Z,89.0,Charge 4
2022-07-10T23:09:59Z,88.0,Charge 4
2022-07-10T23:10:14Z,87.0,Charge 4
2022-07-10T23:10:29Z,88.0,Charge 4
2022-07-10T23:10:34Z,87.0,Charge 4
2022-07-10T23:10:44Z,88.0,Charge 4
2022-07-10T23:10:49Z,89.0,Charge 4
2022-07-10T23:11:04Z,89.0,Charge 4
2022-07-10T23:11:14Z,91.0,Charge 4
2022-07-10T23:11:19Z,90.0,Charge 4
2022-07-10T23:11:24Z,89.0,Charge 4
2022-07-10T23:11:39Z,91.0,Charge 4
2022-07-10T23:11:44Z,90.0,Charge 4
2022-07-10T23:11:49Z,90.0,Charge 4
2022-07-10T23:11:54Z,89.0,Charge 4
2022-07-10T23:11:59Z,88.0,Charge 4
2022-07-10T23:12:04Z,88.0,Charge 4
2022-07-10T23:12:14Z,88.0,Charge 4
2022-07-10T23:12:24Z,89.0,Charge 4
2022-07-10T23:12:29Z,88.0,Charge 4
2022-07-10T23:12:39Z,89.0,Charge 4
2022-07-10T23:12:44Z,88.0,Charge 4
2022-07-10T23:12:49Z,89.0,Charge 4
2022-07-10T23:12:54Z,88.0,Charge 4
2022-07-10T23:12:59Z,88.0,Charge 4
2022-07-10T23:13:04Z,88.0,Charge 4
2022-07-10T23:13:19Z,88.0,Charge 4
2022-07-10T23:13:34Z,88.0,Charge 4
2022-07-10T23:13:39Z,87.0,Charge 4
2022-07-10T23:13:44Z,86.0,Charge 4
2022-07-10T23:13:49Z,86.0,Charge 4
2022-07-10T23:14:04Z,86.0,Charge 4
2022-07-10T23:14:14Z,87.0,Charge 4
2022-07-10T23:14:19Z,88.0,Charge 4
2022-07-10T23:14:34Z,88.0,Charge 4
2022-07-10T23:14:39Z,89.0,Charge 4
2022-07-10T23:14:45Z,88.0,Charge 4
2022-07-10T23:15:00Z,88.0,Charge 4
2022-07-10T23:15:15Z,88.0,Charge 4
2022-07-10T23:15:25Z,88.0,Charge 4
2022-07-10T23:15:30Z,87.0,Charge 4
2022-07-10T23:15:35Z,88.0,Charge 4
2022-07-10T23:15:50Z,88.0,Charge 4
2022-07-10T23:15:55Z,88.0,Charge 4
2022-07-10T23:16:05Z,87.0,Charge 4
2022-07-10T23:16:10Z,87.0,Charge 4
2022-07-10T23:16:15Z,86.0,Charge 4
2022-07-10T23:16:25Z,87.0,Charge 4
2022-07-10T23:16:35Z,87.0,Charge 4
2022-07-10T23:16:45Z,87.0,Charge 4
2022-07-10T23:17:00Z,86.0,Charge 4
2022-07-10T23:17:10Z,87.0,Charge 4
2022-07-10T23:17:15Z,88.0,Charge 4
2022-07-10T23:17:20Z,91.0,Charge 4
2022-07-10T23:17:25Z,92.0,Charge 4
2022-07-10T23:17:35Z,93.0,Charge 4
2022-07-10T23:17:40Z,94.0,Charge 4
2022-07-10T23:17:45Z,95.0,Charge 4
2022-07-10T23:17:50Z,96.0,Charge 4
2022-07-10T23:18:05Z,99.0,Charge 4
2022-07-10T23:18:10Z,100.0,Charge 4
2022-07-10T23:18:25Z,100.0,Charge 4
2022-07-10T23:18:31Z,99.0,Charge 4
2022-07-10T23:18:36Z,101.0,Charge 4
2022-07-10T23:18:41Z,102.0,Charge 4
2022-07-10T23:18:46Z,103.0,Charge 4
2022-07-10T23:18:51Z,108.0,Charge 4
2022-07-10T23:19:01Z,107.0,Charge 4
2022-07-10T23:19:06Z,106.0,Charge 4
2022-07-10T23:19:11Z,105.0,Charge 4
2022-07-10T23:19:21Z,104.0,Charge 4
2022-07-10T23:19:26Z,103.0,Charge 4
2022-07-10T23:19:31Z,102.0,Charge 4
2022-07-10T23:19:46Z,102.0,Charge 4
2022-07-10T23:19:51Z,104.0,Charge 4
2022-07-10T23:20:01Z,102.0,Charge 4
2022-07-10T23:20:06Z,101.0,Charge 4
2022-07-10T23:20:11Z,100.0,Charge 4
2022-07-10T23:20:21Z,99.0,Charge 4
2022-07-10T23:20:26Z,96.0,Charge 4
2022-07-10T23:20:31Z,98.0,Charge 4
2022-07-10T23:20:36Z,100.0,Charge 4
2022-07-10T23:20:41Z,102.0,Charge 4
2022-07-10T23:20:46Z,103.0,Charge 4
2022-07-10T23:20:56Z,97.0,Charge 4
2022-07-10T23:21:01Z,94.0,Charge 4
2022-07-10T23:21:06Z,94.0,Charge 4
2022-07-10T23:21:16Z,93.0,Charge 4
2022-07-10T23:21:21Z,92.0,Charge 4
2022-07-10T23:21:26Z,90.0,Charge 4
2022-07-10T23:21:31Z,90.0,Charge 4
2022-07-10T23:21:46Z,89.0,Charge 4
2022-07-10T23:21:51Z,88.0,Charge 4
2022-07-10T23:22:06Z,89.0,Charge 4
2022-07-10T23:22:11Z,86.0,Charge 4
2022-07-10T23:22:16Z,85.0,Charge 4
2022-07-10T23:22:31Z,85.0,Charge 4
2022-07-10T23:22:46Z,85.0,Charge 4
2022-07-10T23:22:56Z,84.0,Charge 4
2022-07-10T23:23:01Z,83.0,Charge 4
2022-07-10T23:23:06Z,84.0,Charge 4
2022-07-10T23:23:11Z,83.0,Charge 4
2022-07-10T23:23:16Z,81.0,Charge 4
2022-07-10T23:23:21Z,78.0,Charge 4
2022-07-10T23:23:31Z,79.0,Charge 4
2022-07-10T23:23:36Z,80.0,Charge 4
2022-07-10T23:23:41Z,82.0,Charge 4
2022-07-10T23:23:46Z,84.0,Charge 4
2022-07-10T23:23:51Z,85.0,Charge 4
2022-07-10T23:24:06Z,85.0,Charge 4
2022-07-10T23:24:11Z,86.0,Charge 4
2022-07-10T23:24:16Z,86.0,Charge 4
2022-07-10T23:24:26Z,84.0,Charge 4
2022-07-10T23:24:31Z,82.0,Charge 4
2022-07-10T23:24:41Z,83.0,Charge 4
2022-07-10T23:24:46Z,84.0,Charge 4
2022-07-10T23:24:51Z,84.0,Charge 4
2022-07-10T23:25:01Z,85.0,Charge 4
2022-07-10T23:25:06Z,86.0,Charge 4
2022-07-10T23:25:11Z,90.0,Charge 4
2022-07-10T23:25:16Z,92.0,Charge 4
2022-07-10T23:25:21Z,93.0,Charge 4
2022-07-10T23:25:26Z,94.0,Charge 4
2022-07-10T23:25:36Z,96.0,Charge 4
2022-07-10T23:25:41Z,97.0,Charge 4
2022-07-10T23:25:46Z,99.0,Charge 4
2022-07-10T23:25:51Z,101.0,Charge 4
2022-07-10T23:26:01Z,97.0,Charge 4
2022-07-10T23:26:06Z,96.0,Charge 4
2022-07-10T23:26:11Z,98.0,Charge 4
2022-07-10T23:26:16Z,99.0,Charge 4
2022-07-10T23:26:21Z,100.0,Charge 4
2022-07-10T23:26:26Z,101.0,Charge 4
2022-07-10T23:26:36Z,102.0,Charge 4
2022-07-10T23:26:41Z,103.0,Charge 4
2022-07-10T23:26:46Z,102.0,Charge 4
2022-07-10T23:26:51Z,104.0,Charge 4
2022-07-10T23:27:06Z,104.0,Charge 4
2022-07-10T23:27:11Z,104.0,Charge 4
2022-07-10T23:27:16Z,99.0,Charge 4
2022-07-10T23:27:21Z,103.0,Charge 4
2022-07-10T23:27:26Z,100.0,Charge 4
2022-07-10T23:27:32Z,102.0,Charge 4
2022-07-10T23:27:37Z,101.0,Charge 4
2022-07-10T23:27:42Z,102.0,Charge 4
2022-07-10T23:27:47Z,104.0,Charge 4
2022-07-10T23:27:52Z,102.0,Charge 4
2022-07-10T23:27:57Z,100.0,Charge 4
2022-07-10T23:28:02Z,98.0,Charge 4
2022-07-10T23:28:17Z,98.0,Charge 4
2022-07-10T23:28:27Z,99.0,Charge 4
2022-07-10T23:28:37Z,97.0,Charge 4
2022-07-10T23:28:42Z,93.0,Charge 4
2022-07-10T23:28:47Z,91.0,Charge 4
2022-07-10T23:28:57Z,92.0,Charge 4
2022-07-10T23:29:02Z,91.0,Charge 4
2022-07-10T23:29:07Z,90.0,Charge 4
2022-07-10T23:29:12Z,89.0,Charge 4
2022-07-10T23:29:27Z,88.0,Charge 4
2022-07-10T23:29:32Z,87.0,Charge 4
2022-07-10T23:29:37Z,85.0,Charge 4
2022-07-10T23:29:42Z,84.0,Charge 4
2022-07-10T23:29:52Z,85.0,Charge 4
2022-07-10T23:29:57Z,86.0,Charge 4
2022-07-10T23:30:02Z,86.0,Charge 4
2022-07-10T23:30:12Z,87.0,Charge 4
2022-07-10T23:30:17Z,88.0,Charge 4
2022-07-10T23:30:32Z,87.0,Charge 4
2022-07-10T23:30:37Z,86.0,Charge 4
2022-07-10T23:30:42Z,86.0,Charge 4
2022-07-10T23:30:47Z,85.0,Charge 4
2022-07-10T23:31:02Z,85.0,Charge 4
2022-07-10T23:31:07Z,86.0,Charge 4
2022-07-10T23:31:12Z,88.0,Charge 4
2022-07-10T23:31:17Z,90.0,Charge 4
2022-07-10T23:31:22Z,93.0,Charge 4
2022-07-10T23:31:27Z,92.0,Charge 4
2022-07-10T23:31:32Z,90.0,Charge 4
2022-07-10T23:31:37Z,89.0,Charge 4
2022-07-10T23:31:42Z,90.0,Charge 4
2022-07-10T23:31:47Z,89.0,Charge 4
2022-07-10T23:31:57Z,91.0,Charge 4
2022-07-10T23:32:02Z,92.0,Charge 4
2022-07-10T23:32:17Z,92.0,Charge 4
2022-07-10T23:32:22Z,91.0,Charge 4
2022-07-10T23:32:27Z,88.0,Charge 4
2022-07-10T23:32:42Z,88.0,Charge 4
2022-07-10T23:32:47Z,87.0,Charge 4
2022-07-10T23:32:52Z,86.0,Charge 4
2022-07-10T23:33:02Z,85.0,Charge 4
2022-07-10T23:33:17Z,85.0,Charge 4
2022-07-10T23:33:22Z,84.0,Charge 4
2022-07-10T23:33:37Z,85.0,Charge 4
2022-07-10T23:33:42Z,86.0,Charge 4
2022-07-10T23:33:52Z,88.0,Charge 4
2022-07-10T23:33:57Z,89.0,Charge 4
2022-07-10T23:34:02Z,88.0,Charge 4
2022-07-10T23:34:17Z,86.0,Charge 4
2022-07-10T23:34:27Z,87.0,Charge 4
2022-07-10T23:34:32Z,90.0,Charge 4
2022-07-10T23:34:37Z,92.0,Charge 4
2022-07-10T23:34:52Z,94.0,Charge 4
2022-07-10T23:34:57Z,95.0,Charge 4
2022-07-10T23:35:07Z,94.0,Charge 4
2022-07-10T23:35:12Z,93.0,Charge 4
2022-07-10T23:35:22Z,92.0,Charge 4
2022-07-10T23:35:27Z,90.0,Charge 4
2022-07-10T23:35:32Z,89.0,Charge 4
2022-07-10T23:35:37Z,85.0,Charge 4
2022-07-10T23:35:42Z,84.0,Charge 4
2022-07-10T23:35:52Z,83.0,Charge 4
2022-07-10T23:36:07Z,82.0,Charge 4
2022-07-10T23:36:12Z,81.0,Charge 4
2022-07-10T23:36:17Z,81.0,Charge 4
2022-07-10T23:36:22Z,81.0,Charge 4
2022-07-10T23:36:27Z,83.0,Charge 4
2022-07-10T23:36:32Z,85.0,Charge 4
2022-07-10T23:36:42Z,85.0,Charge 4
2022-07-10T23:36:57Z,86.0,Charge 4
2022-07-10T23:37:02Z,85.0,Charge 4
2022-07-10T23:37:17Z,85.0,Charge 4
2022-07-10T23:37:22Z,84.0,Charge 4
2022-07-10T23:37:27Z,82.0,Charge 4
2022-07-10T23:37:32Z,82.0,Charge 4
2022-07-10T23:37:42Z,81.0,Charge 4
2022-07-10T23:37:47Z,82.0,Charge 4
2022-07-10T23:37:52Z,83.0,Charge 4
2022-07-10T23:37:57Z,84.0,Charge 4
2022-07-10T23:38:02Z,85.0,Charge 4
2022-07-10T23:38:12Z,84.0,Charge 4
2022-07-10T23:38:17Z,85.0,Charge 4
2022-07-10T23:38:22Z,83.0,Charge 4
2022-07-10T23:38:27Z,82.0,Charge 4
2022-07-10T23:38:32Z,85.0,Charge 4
2022-07-10T23:38:37Z,87.0,Charge 4
2022-07-10T23:38:42Z,89.0,Charge 4
2022-07-10T23:38:47Z,87.0,Charge 4
2022-07-10T23:38:52Z,86.0,Charge 4
2022-07-10T23:38:57Z,87.0,Charge 4
2022-07-10T23:39:12Z,87.0,Charge 4
2022-07-10T23:39:22Z,88.0,Charge 4
2022-07-10T23:39:27Z,87.0,Charge 4
2022-07-10T23:39:32Z,86.0,Charge 4
2022-07-10T23:39:37Z,85.0,Charge 4
2022-07-10T23:39:42Z,84.0,Charge 4
2022-07-10T23:39:47Z,83.0,Charge 4
2022-07-10T23:39:52Z,81.0,Charge 4
2022-07-10T23:39:57Z,80.0,Charge 4
2022-07-10T23:40:02Z,79.0,Charge 4
2022-07-10T23:40:07Z,78.0,Charge 4
2022-07-10T23:40:12Z,81.0,Charge 4
2022-07-10T23:40:17Z,80.0,Charge 4
2022-07-10T23:40:27Z,81.0,Charge 4
2022-07-10T23:40:37Z,85.0,Charge 4
2022-07-10T23:40:42Z,86.0,Charge 4
2022-07-10T23:40:52Z,87.0,Charge 4
2022-07-10T23:40:57Z,86.0,Charge 4
2022-07-10T23:41:07Z,84.0,Charge 4
2022-07-10T23:41:12Z,83.0,Charge 4
2022-07-10T23:41:22Z,83.0,Charge 4
2022-07-10T23:41:37Z,83.0,Charge 4
2022-07-10T23:41:47Z,84.0,Charge 4
2022-07-10T23:41:52Z,83.0,Charge 4
2022-07-10T23:41:57Z,83.0,Charge 4
2022-07-10T23:42:02Z,83.0,Charge 4
2022-07-10T23:42:07Z,82.0,Charge 4
2022-07-10T23:42:22Z,82.0,Charge 4
2022-07-10T23:42:27Z,82.0,Charge 4
2022-07-10T23:42:37Z,81.0,Charge 4
2022-07-10T23:42:47Z,81.0,Charge 4
2022-07-10T23:43:02Z,81.0,Charge 4
2022-07-10T23:43:07Z,82.0,Charge 4
2022-07-10T23:43:12Z,82.0,Charge 4
2022-07-10T23:43:27Z,82.0,Charge 4
2022-07-10T23:43:32Z,82.0,Charge 4
2022-07-10T23:43:37Z,81.0,Charge 4
2022-07-10T23:43:52Z,81.0,Charge 4
2022-07-10T23:43:57Z,82.0,Charge 4
2022-07-10T23:44:02Z,85.0,Charge 4
2022-07-10T23:44:07Z,85.0,Charge 4
2022-07-10T23:44:12Z,84.0,Charge 4
2022-07-10T23:44:17Z,83.0,Charge 4
2022-07-10T23:44:27Z,82.0,Charge 4
2022-07-10T23:44:42Z,82.0,Charge 4
2022-07-10T23:44:57Z,81.0,Charge 4
2022-07-10T23:45:02Z,82.0,Charge 4
2022-07-10T23:45:07Z,84.0,Charge 4
2022-07-10T23:45:12Z,86.0,Charge 4
2022-07-10T23:45:17Z,85.0,Charge 4
2022-07-10T23:45:22Z,84.0,Charge 4
2022-07-10T23:45:27Z,83.0,Charge 4
2022-07-10T23:45:42Z,83.0,Charge 4
2022-07-10T23:45:47Z,82.0,Charge 4
2022-07-10T23:46:02Z,82.0,Charge 4
2022-07-10T23:47:18Z,85.0,Charge 4
2022-07-10T23:47:23Z,86.0,Charge 4
2022-07-10T23:47:28Z,85.0,Charge 4
2022-07-10T23:47:33Z,84.0,Charge 4
2022-07-10T23:47:38Z,83.0,Charge 4
2022-07-10T23:47:43Z,83.0,Charge 4
2022-07-10T23:47:48Z,83.0,Charge 4
2022-07-10T23:47:53Z,84.0,Charge 4
2022-07-10T23:47:58Z,83.0,Charge 4
2022-07-10T23:48:03Z,82.0,Charge 4
2022-07-10T23:48:18Z,82.0,Charge 4
2022-07-10T23:48:33Z,82.0,Charge 4
2022-07-10T23:48:38Z,84.0,Charge 4
2022-07-10T23:48:43Z,83.0,Charge 4
2022-07-10T23:48:53Z,82.0,Charge 4
2022-07-10T23:48:58Z,81.0,Charge 4
2022-07-10T23:49:13Z,81.0,Charge 4
2022-07-10T23:49:18Z,82.0,Charge 4
2022-07-10T23:49:33Z,82.0,Charge 4
2022-07-10T23:49:48Z,83.0,Charge 4
2022-07-10T23:50:03Z,83.0,Charge 4
2022-07-10T23:50:44Z,84.0,Charge 4
2022-07-10T23:50:49Z,85.0,Charge 4
2022-07-10T23:51:04Z,85.0,Charge 4
2022-07-10T23:51:09Z,84.0,Charge 4
2022-07-10T23:51:14Z,84.0,Charge 4
2022-07-10T23:51:24Z,85.0,Charge 4
2022-07-10T23:51:34Z,85.0,Charge 4
2022-07-10T23:51:49Z,84.0,Charge 4
2022-07-10T23:51:54Z,83.0,Charge 4
2022-07-10T23:51:59Z,84.0,Charge 4
2022-07-10T23:52:14Z,84.0,Charge 4
2022-07-10T23:52:19Z,83.0,Charge 4
2022-07-10T23:52:34Z,83.0,Charge 4
2022-07-10T23:52:39Z,83.0,Charge 4
2022-07-10T23:52:44Z,82.0,Charge 4
2022-07-10T23:52:59Z,82.0,Charge 4
2022-07-10T23:53:14Z,82.0,Charge 4
2022-07-10T23:53:19Z,81.0,Charge 4
2022-07-10T23:53:34Z,81.0,Charge 4
2022-07-10T23:53:49Z,81.0,Charge 4
2022-07-10T23:53:54Z,81.0,Charge 4
2022-07-10T23:54:09Z,81.0,Charge 4
2022-07-10T23:54:24Z,81.0,Charge 4
2022-07-10T23:54:39Z,81.0,Charge 4
2022-07-10T23:54:54Z,82.0,Charge 4
2022-07-10T23:54:55Z,82.0,Charge 4
2022-07-10T23:55:10Z,82.0,Charge 4
2022-07-10T23:55:20Z,81.0,Charge 4
2022-07-10T23:55:35Z,81.0,Charge 4
2022-07-10T23:55:40Z,82.0,Charge 4
2022-07-10T23:55:55Z,82.0,Charge 4
2022-07-10T23:56:10Z,82.0,Charge 4
2022-07-10T23:56:15Z,81.0,Charge 4
2022-07-10T23:56:20Z,81.0,Charge 4
2022-07-10T23:56:35Z,80.0,Charge 4
2022-07-10T23:56:50Z,80.0,Charge 4
2022-07-10T23:57:05Z,80.0,Charge 4
2022-07-10T23:57:10Z,83.0,Charge 4
2022-07-10T23:57:15Z,83.0,Charge 4
2022-07-10T23:57:30Z,83.0,Charge 4
2022-07-10T23:57:35Z,82.0,Charge 4
2022-07-10T23:57:40Z,83.0,Charge 4
2022-07-10T23:57:45Z,83.0,Charge 4
2022-07-10T23:57:50Z,84.0,Charge 4
2022-07-10T23:58:05Z,85.0,Charge 4
2022-07-10T23:58:10Z,86.0,Charge 4
2022-07-10T23:58:15Z,85.0,Charge 4
2022-07-10T23:58:20Z,84.0,Charge 4
2022-07-10T23:58:35Z,84.0,Charge 4
2022-07-10T23:58:40Z,84.0,Charge 4
2022-07-10T23:58:50Z,85.0,Charge 4
2022-07-10T23:58:55Z,86.0,Charge 4
2022-07-10T23:59:00Z,87.0,Charge 4
2022-07-10T23:59:05Z,86.0,Charge 4
2022-07-10T23:59:10Z,86.0,Charge 4
2022-07-10T23:59:15Z,85.0,Charge 4
2022-07-10T23:59:20Z,83.0,Charge 4
2022-07-10T23:59:35Z,83.0,Charge 4
2022-07-10T23:59:50Z,83.0,Charge 4
