timestamp,beats per minute,data source
2020-12-26T00:00:03Z,100.0,Charge 4
2020-12-26T00:00:08Z,103.0,Charge 4
2020-12-26T00:00:13Z,104.0,Charge 4
2020-12-26T00:00:18Z,102.0,Charge 4
2020-12-26T00:00:23Z,99.0,Charge 4
2020-12-26T00:00:28Z,96.0,Charge 4
2020-12-26T00:00:33Z,92.0,Charge 4
2020-12-26T00:00:38Z,91.0,Charge 4
2020-12-26T00:00:43Z,91.0,Charge 4
2020-12-26T00:00:48Z,91.0,Charge 4
2020-12-26T00:00:53Z,91.0,Charge 4
2020-12-26T00:01:03Z,92.0,Charge 4
2020-12-26T00:01:08Z,91.0,Charge 4
2020-12-26T00:01:13Z,89.0,Charge 4
2020-12-26T00:01:18Z,89.0,Charge 4
2020-12-26T00:01:23Z,88.0,Charge 4
2020-12-26T00:01:28Z,85.0,Charge 4
2020-12-26T00:01:33Z,82.0,Charge 4
2020-12-26T00:01:38Z,80.0,Charge 4
2020-12-26T00:01:48Z,81.0,Charge 4
2020-12-26T00:01:53Z,83.0,Charge 4
2020-12-26T00:01:58Z,83.0,Charge 4
2020-12-26T00:02:13Z,85.0,Charge 4
2020-12-26T00:02:23Z,84.0,Charge 4
2020-12-26T00:02:38Z,84.0,Charge 4
2020-12-26T00:02:48Z,83.0,Charge 4
2020-12-26T00:02:53Z,83.0,Charge 4
2020-12-26T00:02:58Z,84.0,Charge 4
2020-12-26T00:03:03Z,84.0,Charge 4
2020-12-26T00:03:08Z,86.0,Charge 4
2020-12-26T00:03:13Z,87.0,Charge 4
2020-12-26T00:03:18Z,86.0,Charge 4
2020-12-26T00:03:33Z,86.0,Charge 4
2020-12-26T00:03:38Z,87.0,Charge 4
2020-12-26T00:03:53Z,86.0,Charge 4
2020-12-26T00:03:58Z,87.0,Charge 4
2020-12-26T00:04:03Z,88.0,Charge 4
2020-12-26T00:04:08Z,90.0,Charge 4
2020-12-26T00:04:23Z,90.0,Charge 4
2020-12-26T00:04:28Z,89.0,Charge 4
2020-12-26T00:04:33Z,85.0,Charge 4
2020-12-26T00:04:38Z,86.0,Charge 4
2020-12-26T00:04:53Z,83.0,Charge 4
2020-12-26T00:04:58Z,84.0,Charge 4
2020-12-26T00:05:08Z,87.0,Charge 4
2020-12-26T00:05:13Z,87.0,Charge 4
2020-12-26T00:05:28Z,87.0,Charge 4
2020-12-26T00:05:43Z,88.0,Charge 4
2020-12-26T00:05:48Z,86.0,Charge 4
2020-12-26T00:05:53Z,82.0,Charge 4
2020-12-26T00:05:58Z,80.0,Charge 4
2020-12-26T00:06:03Z,81.0,Charge 4
2020-12-26T00:06:08Z,81.0,Charge 4
2020-12-26T00:06:18Z,82.0,Charge 4
2020-12-26T00:06:33Z,82.0,Charge 4
2020-12-26T00:06:48Z,83.0,Charge 4
2020-12-26T00:06:53Z,85.0,Charge 4
2020-12-26T00:06:58Z,86.0,Charge 4
2020-12-26T00:07:03Z,84.0,Charge 4
2020-12-26T00:07:08Z,83.0,Charge 4
2020-12-26T00:07:13Z,84.0,Charge 4
2020-12-26T00:07:23Z,83.0,Charge 4
2020-12-26T00:07:38Z,83.0,Charge 4
2020-12-26T00:07:43Z,84.0,Charge 4
2020-12-26T00:07:48Z,84.0,Charge 4
2020-12-26T00:07:53Z,85.0,Charge 4
2020-12-26T00:07:58Z,85.0,Charge 4
2020-12-26T00:08:13Z,85.0,Charge 4
2020-12-26T00:08:28Z,85.0,Charge 4
2020-12-26T00:08:38Z,85.0,Charge 4
2020-12-26T00:08:43Z,84.0,Charge 4
2020-12-26T00:08:48Z,83.0,Charge 4
2020-12-26T00:08:53Z,82.0,Charge 4
2020-12-26T00:08:58Z,80.0,Charge 4
2020-12-26T00:09:03Z,82.0,Charge 4
2020-12-26T00:09:10Z,86.0,Charge 4
2020-12-26T00:09:15Z,88.0,Charge 4
2020-12-26T00:09:20Z,89.0,Charge 4
2020-12-26T00:09:35Z,88.0,Charge 4
2020-12-26T00:09:45Z,87.0,Charge 4
2020-12-26T00:09:50Z,85.0,Charge 4
2020-12-26T00:10:05Z,85.0,Charge 4
2020-12-26T00:10:15Z,85.0,Charge 4
2020-12-26T00:10:20Z,86.0,Charge 4
2020-12-26T00:10:25Z,88.0,Charge 4
2020-12-26T00:10:30Z,87.0,Charge 4
2020-12-26T00:10:35Z,86.0,Charge 4
2020-12-26T00:10:40Z,84.0,Charge 4
2020-12-26T00:10:45Z,82.0,Charge 4
2020-12-26T00:10:50Z,81.0,Charge 4
2020-12-26T00:11:05Z,81.0,Charge 4
2020-12-26T00:11:15Z,80.0,Charge 4
2020-12-26T00:11:20Z,81.0,Charge 4
2020-12-26T00:11:25Z,83.0,Charge 4
2020-12-26T00:11:30Z,84.0,Charge 4
2020-12-26T00:11:45Z,83.0,Charge 4
2020-12-26T00:12:00Z,82.0,Charge 4
2020-12-26T00:12:15Z,82.0,Charge 4
2020-12-26T00:12:30Z,82.0,Charge 4
2020-12-26T00:12:40Z,84.0,Charge 4
2020-12-26T00:12:45Z,90.0,Charge 4
2020-12-26T00:12:50Z,91.0,Charge 4
2020-12-26T00:12:55Z,92.0,Charge 4
2020-12-26T00:13:10Z,92.0,Charge 4
2020-12-26T00:13:20Z,92.0,Charge 4
2020-12-26T00:13:35Z,92.0,Charge 4
2020-12-26T00:13:40Z,93.0,Charge 4
2020-12-26T00:13:45Z,96.0,Charge 4
2020-12-26T00:13:50Z,98.0,Charge 4
2020-12-26T00:13:55Z,100.0,Charge 4
2020-12-26T00:14:05Z,97.0,Charge 4
2020-12-26T00:14:10Z,88.0,Charge 4
2020-12-26T00:14:15Z,83.0,Charge 4
2020-12-26T00:14:20Z,82.0,Charge 4
2020-12-26T00:14:25Z,82.0,Charge 4
2020-12-26T00:14:40Z,85.0,Charge 4
2020-12-26T00:14:45Z,86.0,Charge 4
2020-12-26T00:14:50Z,83.0,Charge 4
2020-12-26T00:14:55Z,82.0,Charge 4
2020-12-26T00:15:00Z,82.0,Charge 4
2020-12-26T00:15:05Z,83.0,Charge 4
2020-12-26T00:15:20Z,83.0,Charge 4
2020-12-26T00:15:25Z,87.0,Charge 4
2020-12-26T00:15:30Z,89.0,Charge 4
2020-12-26T00:15:40Z,88.0,Charge 4
2020-12-26T00:15:45Z,87.0,Charge 4
2020-12-26T00:16:00Z,87.0,Charge 4
2020-12-26T00:16:15Z,88.0,Charge 4
2020-12-26T00:16:20Z,88.0,Charge 4
2020-12-26T00:16:35Z,88.0,Charge 4
2020-12-26T00:16:50Z,88.0,Charge 4
2020-12-26T00:16:55Z,89.0,Charge 4
2020-12-26T00:17:05Z,90.0,Charge 4
2020-12-26T00:17:10Z,91.0,Charge 4
2020-12-26T00:17:20Z,90.0,Charge 4
2020-12-26T00:17:25Z,88.0,Charge 4
2020-12-26T00:17:30Z,87.0,Charge 4
2020-12-26T00:17:35Z,87.0,Charge 4
2020-12-26T00:17:40Z,86.0,Charge 4
2020-12-26T00:17:45Z,85.0,Charge 4
2020-12-26T00:17:55Z,86.0,Charge 4
2020-12-26T00:18:00Z,85.0,Charge 4
2020-12-26T00:18:05Z,84.0,Charge 4
2020-12-26T00:18:20Z,84.0,Charge 4
2020-12-26T00:18:25Z,85.0,Charge 4
2020-12-26T00:18:30Z,86.0,Charge 4
2020-12-26T00:18:35Z,87.0,Charge 4
2020-12-26T00:18:40Z,86.0,Charge 4
2020-12-26T00:18:45Z,86.0,Charge 4
2020-12-26T00:18:50Z,86.0,Charge 4
2020-12-26T00:19:05Z,85.0,Charge 4
2020-12-26T00:19:15Z,86.0,Charge 4
2020-12-26T00:19:25Z,86.0,Charge 4
2020-12-26T00:19:40Z,86.0,Charge 4
2020-12-26T00:19:45Z,85.0,Charge 4
2020-12-26T00:19:50Z,85.0,Charge 4
2020-12-26T00:19:55Z,85.0,Charge 4
2020-12-26T00:20:00Z,84.0,Charge 4
2020-12-26T00:20:15Z,84.0,Charge 4
2020-12-26T00:20:20Z,85.0,Charge 4
2020-12-26T00:20:25Z,85.0,Charge 4
2020-12-26T00:20:35Z,86.0,Charge 4
2020-12-26T00:20:50Z,86.0,Charge 4
2020-12-26T00:20:55Z,85.0,Charge 4
2020-12-26T00:21:00Z,85.0,Charge 4
2020-12-26T00:21:05Z,85.0,Charge 4
2020-12-26T00:21:10Z,84.0,Charge 4
2020-12-26T00:21:15Z,83.0,Charge 4
2020-12-26T00:21:30Z,84.0,Charge 4
2020-12-26T00:21:45Z,84.0,Charge 4
2020-12-26T00:21:55Z,84.0,Charge 4
2020-12-26T00:22:10Z,83.0,Charge 4
2020-12-26T00:22:20Z,82.0,Charge 4
2020-12-26T00:22:35Z,82.0,Charge 4
2020-12-26T00:23:37Z,82.0,Charge 4
2020-12-26T00:23:52Z,82.0,Charge 4
2020-12-26T00:24:02Z,83.0,Charge 4
2020-12-26T00:24:07Z,84.0,Charge 4
2020-12-26T00:24:12Z,87.0,Charge 4
2020-12-26T00:24:22Z,88.0,Charge 4
2020-12-26T00:24:32Z,89.0,Charge 4
2020-12-26T00:24:37Z,91.0,Charge 4
2020-12-26T00:24:42Z,90.0,Charge 4
2020-12-26T00:24:47Z,88.0,Charge 4
2020-12-26T00:24:52Z,87.0,Charge 4
2020-12-26T00:24:57Z,86.0,Charge 4
2020-12-26T00:25:07Z,85.0,Charge 4
2020-12-26T00:25:12Z,84.0,Charge 4
2020-12-26T00:25:17Z,84.0,Charge 4
2020-12-26T00:25:22Z,85.0,Charge 4
2020-12-26T00:25:27Z,87.0,Charge 4
2020-12-26T00:25:32Z,89.0,Charge 4
2020-12-26T00:25:37Z,88.0,Charge 4
2020-12-26T00:25:42Z,86.0,Charge 4
2020-12-26T00:25:47Z,85.0,Charge 4
2020-12-26T00:25:57Z,85.0,Charge 4
2020-12-26T00:26:07Z,86.0,Charge 4
2020-12-26T00:26:17Z,85.0,Charge 4
2020-12-26T00:26:22Z,84.0,Charge 4
2020-12-26T00:26:27Z,84.0,Charge 4
2020-12-26T00:26:37Z,83.0,Charge 4
2020-12-26T00:26:42Z,83.0,Charge 4
2020-12-26T00:26:47Z,83.0,Charge 4
2020-12-26T00:26:52Z,83.0,Charge 4
2020-12-26T00:26:57Z,84.0,Charge 4
2020-12-26T00:27:07Z,85.0,Charge 4
2020-12-26T00:27:12Z,84.0,Charge 4
2020-12-26T00:27:22Z,84.0,Charge 4
2020-12-26T00:27:32Z,85.0,Charge 4
2020-12-26T00:27:37Z,86.0,Charge 4
2020-12-26T00:27:47Z,87.0,Charge 4
2020-12-26T00:27:52Z,86.0,Charge 4
2020-12-26T00:28:02Z,85.0,Charge 4
2020-12-26T00:28:07Z,85.0,Charge 4
2020-12-26T00:28:17Z,86.0,Charge 4
2020-12-26T00:28:22Z,89.0,Charge 4
2020-12-26T00:28:27Z,90.0,Charge 4
2020-12-26T00:28:32Z,92.0,Charge 4
2020-12-26T00:28:37Z,93.0,Charge 4
2020-12-26T00:28:52Z,92.0,Charge 4
2020-12-26T00:29:02Z,81.0,Charge 4
2020-12-26T00:29:07Z,81.0,Charge 4
2020-12-26T00:29:12Z,83.0,Charge 4
2020-12-26T00:29:17Z,84.0,Charge 4
2020-12-26T00:29:22Z,85.0,Charge 4
2020-12-26T00:29:27Z,87.0,Charge 4
2020-12-26T00:29:37Z,86.0,Charge 4
2020-12-26T00:29:42Z,85.0,Charge 4
2020-12-26T00:29:52Z,86.0,Charge 4
2020-12-26T00:29:57Z,87.0,Charge 4
2020-12-26T00:30:02Z,86.0,Charge 4
2020-12-26T00:30:07Z,84.0,Charge 4
2020-12-26T00:30:12Z,82.0,Charge 4
2020-12-26T00:30:22Z,83.0,Charge 4
2020-12-26T00:30:27Z,84.0,Charge 4
2020-12-26T00:30:32Z,85.0,Charge 4
2020-12-26T00:30:42Z,86.0,Charge 4
2020-12-26T00:30:47Z,87.0,Charge 4
2020-12-26T00:30:52Z,87.0,Charge 4
2020-12-26T00:30:57Z,87.0,Charge 4
2020-12-26T00:31:02Z,87.0,Charge 4
2020-12-26T00:31:17Z,86.0,Charge 4
2020-12-26T00:31:22Z,85.0,Charge 4
2020-12-26T00:31:27Z,85.0,Charge 4
2020-12-26T00:31:37Z,84.0,Charge 4
2020-12-26T00:31:42Z,83.0,Charge 4
2020-12-26T00:31:47Z,84.0,Charge 4
2020-12-26T00:31:57Z,85.0,Charge 4
2020-12-26T00:32:07Z,84.0,Charge 4
2020-12-26T00:32:17Z,83.0,Charge 4
2020-12-26T00:32:32Z,84.0,Charge 4
2020-12-26T00:32:42Z,86.0,Charge 4
2020-12-26T00:32:52Z,85.0,Charge 4
2020-12-26T00:32:57Z,84.0,Charge 4
2020-12-26T00:33:02Z,83.0,Charge 4
2020-12-26T00:33:07Z,82.0,Charge 4
2020-12-26T00:33:22Z,82.0,Charge 4
2020-12-26T00:33:27Z,82.0,Charge 4
2020-12-26T00:33:42Z,82.0,Charge 4
2020-12-26T00:33:57Z,82.0,Charge 4
2020-12-26T00:34:02Z,81.0,Charge 4
2020-12-26T00:34:17Z,81.0,Charge 4
2020-12-26T00:34:27Z,83.0,Charge 4
2020-12-26T00:34:32Z,84.0,Charge 4
2020-12-26T00:34:47Z,84.0,Charge 4
2020-12-26T00:34:57Z,86.0,Charge 4
2020-12-26T00:35:07Z,85.0,Charge 4
2020-12-26T00:35:17Z,84.0,Charge 4
2020-12-26T00:35:32Z,84.0,Charge 4
2020-12-26T00:35:37Z,84.0,Charge 4
2020-12-26T00:35:47Z,87.0,Charge 4
2020-12-26T00:35:52Z,88.0,Charge 4
2020-12-26T00:35:57Z,89.0,Charge 4
2020-12-26T00:36:02Z,93.0,Charge 4
2020-12-26T00:36:07Z,94.0,Charge 4
2020-12-26T00:36:12Z,94.0,Charge 4
2020-12-26T00:36:17Z,93.0,Charge 4
2020-12-26T00:36:22Z,92.0,Charge 4
2020-12-26T00:36:32Z,91.0,Charge 4
2020-12-26T00:36:38Z,91.0,Charge 4
2020-12-26T00:36:48Z,92.0,Charge 4
2020-12-26T00:36:53Z,91.0,Charge 4
2020-12-26T00:36:58Z,90.0,Charge 4
2020-12-26T00:37:03Z,89.0,Charge 4
2020-12-26T00:37:08Z,88.0,Charge 4
2020-12-26T00:37:18Z,89.0,Charge 4
2020-12-26T00:37:23Z,88.0,Charge 4
2020-12-26T00:37:28Z,87.0,Charge 4
2020-12-26T00:37:33Z,85.0,Charge 4
2020-12-26T00:37:43Z,84.0,Charge 4
2020-12-26T00:37:48Z,83.0,Charge 4
2020-12-26T00:37:58Z,84.0,Charge 4
2020-12-26T00:38:03Z,83.0,Charge 4
2020-12-26T00:38:13Z,84.0,Charge 4
2020-12-26T00:38:28Z,84.0,Charge 4
2020-12-26T00:38:33Z,84.0,Charge 4
2020-12-26T00:38:48Z,84.0,Charge 4
2020-12-26T00:38:53Z,86.0,Charge 4
2020-12-26T00:38:58Z,87.0,Charge 4
2020-12-26T00:39:03Z,88.0,Charge 4
2020-12-26T00:39:08Z,88.0,Charge 4
2020-12-26T00:39:18Z,87.0,Charge 4
2020-12-26T00:39:23Z,86.0,Charge 4
2020-12-26T00:39:38Z,86.0,Charge 4
2020-12-26T00:39:42Z,86.0,Charge 4
2020-12-26T00:39:47Z,87.0,Charge 4
2020-12-26T00:39:52Z,86.0,Charge 4
2020-12-26T00:40:02Z,87.0,Charge 4
2020-12-26T00:40:17Z,88.0,Charge 4
2020-12-26T00:40:27Z,89.0,Charge 4
2020-12-26T00:40:37Z,88.0,Charge 4
2020-12-26T00:40:42Z,87.0,Charge 4
2020-12-26T00:40:47Z,86.0,Charge 4
2020-12-26T00:40:52Z,85.0,Charge 4
2020-12-26T00:40:57Z,85.0,Charge 4
2020-12-26T00:41:02Z,86.0,Charge 4
2020-12-26T00:41:07Z,88.0,Charge 4
2020-12-26T00:41:22Z,87.0,Charge 4
2020-12-26T00:41:27Z,86.0,Charge 4
2020-12-26T00:41:32Z,85.0,Charge 4
2020-12-26T00:41:37Z,84.0,Charge 4
2020-12-26T00:41:42Z,83.0,Charge 4
2020-12-26T00:41:52Z,84.0,Charge 4
2020-12-26T00:42:02Z,85.0,Charge 4
2020-12-26T00:42:12Z,86.0,Charge 4
2020-12-26T00:42:27Z,86.0,Charge 4
2020-12-26T00:42:37Z,87.0,Charge 4
2020-12-26T00:42:52Z,87.0,Charge 4
2020-12-26T00:42:57Z,86.0,Charge 4
2020-12-26T00:43:02Z,85.0,Charge 4
2020-12-26T00:43:07Z,85.0,Charge 4
2020-12-26T00:43:12Z,85.0,Charge 4
2020-12-26T00:43:17Z,87.0,Charge 4
2020-12-26T00:43:22Z,88.0,Charge 4
2020-12-26T00:43:37Z,88.0,Charge 4
2020-12-26T00:43:47Z,87.0,Charge 4
2020-12-26T00:43:57Z,86.0,Charge 4
2020-12-26T00:44:02Z,85.0,Charge 4
2020-12-26T00:44:07Z,85.0,Charge 4
2020-12-26T00:44:22Z,85.0,Charge 4
2020-12-26T00:44:27Z,86.0,Charge 4
2020-12-26T00:44:42Z,86.0,Charge 4
2020-12-26T00:44:57Z,85.0,Charge 4
2020-12-26T00:45:12Z,85.0,Charge 4
2020-12-26T00:45:22Z,86.0,Charge 4
2020-12-26T00:45:37Z,86.0,Charge 4
2020-12-26T00:45:47Z,86.0,Charge 4
2020-12-26T00:46:02Z,86.0,Charge 4
2020-12-26T00:46:17Z,85.0,Charge 4
2020-12-26T00:46:22Z,86.0,Charge 4
2020-12-26T00:46:32Z,85.0,Charge 4
2020-12-26T00:46:37Z,84.0,Charge 4
2020-12-26T00:46:42Z,85.0,Charge 4
2020-12-26T00:46:52Z,84.0,Charge 4
2020-12-26T00:47:02Z,84.0,Charge 4
2020-12-26T00:47:07Z,85.0,Charge 4
2020-12-26T00:47:13Z,86.0,Charge 4
2020-12-26T00:47:18Z,87.0,Charge 4
2020-12-26T00:47:28Z,88.0,Charge 4
2020-12-26T00:47:33Z,87.0,Charge 4
2020-12-26T00:47:38Z,85.0,Charge 4
2020-12-26T00:47:43Z,86.0,Charge 4
2020-12-26T00:47:48Z,85.0,Charge 4
2020-12-26T00:47:58Z,86.0,Charge 4
2020-12-26T00:48:13Z,86.0,Charge 4
2020-12-26T00:48:28Z,86.0,Charge 4
2020-12-26T00:48:33Z,85.0,Charge 4
2020-12-26T00:48:38Z,86.0,Charge 4
2020-12-26T00:48:53Z,85.0,Charge 4
2020-12-26T00:48:58Z,84.0,Charge 4
2020-12-26T00:49:03Z,85.0,Charge 4
2020-12-26T00:49:08Z,86.0,Charge 4
2020-12-26T00:49:13Z,89.0,Charge 4
2020-12-26T00:49:18Z,88.0,Charge 4
2020-12-26T00:49:23Z,87.0,Charge 4
2020-12-26T00:49:28Z,87.0,Charge 4
2020-12-26T00:49:33Z,86.0,Charge 4
2020-12-26T00:49:43Z,87.0,Charge 4
2020-12-26T00:49:48Z,87.0,Charge 4
2020-12-26T00:49:53Z,87.0,Charge 4
2020-12-26T00:50:03Z,86.0,Charge 4
2020-12-26T00:50:18Z,86.0,Charge 4
2020-12-26T00:50:23Z,86.0,Charge 4
2020-12-26T00:50:28Z,85.0,Charge 4
2020-12-26T00:50:33Z,84.0,Charge 4
2020-12-26T00:50:48Z,84.0,Charge 4
2020-12-26T00:50:58Z,85.0,Charge 4
2020-12-26T00:51:03Z,86.0,Charge 4
2020-12-26T00:51:18Z,87.0,Charge 4
2020-12-26T00:51:23Z,88.0,Charge 4
2020-12-26T00:51:33Z,91.0,Charge 4
2020-12-26T00:51:38Z,92.0,Charge 4
2020-12-26T00:51:48Z,93.0,Charge 4
2020-12-26T00:51:53Z,94.0,Charge 4
2020-12-26T00:51:58Z,92.0,Charge 4
2020-12-26T00:52:03Z,91.0,Charge 4
2020-12-26T00:52:13Z,93.0,Charge 4
2020-12-26T00:52:18Z,94.0,Charge 4
2020-12-26T00:52:23Z,93.0,Charge 4
2020-12-26T00:52:28Z,93.0,Charge 4
2020-12-26T00:52:33Z,93.0,Charge 4
2020-12-26T00:52:48Z,92.0,Charge 4
2020-12-26T00:52:58Z,94.0,Charge 4
2020-12-26T00:53:03Z,97.0,Charge 4
2020-12-26T00:53:18Z,98.0,Charge 4
2020-12-26T00:53:28Z,98.0,Charge 4
2020-12-26T00:53:33Z,96.0,Charge 4
2020-12-26T00:53:38Z,93.0,Charge 4
2020-12-26T00:53:53Z,93.0,Charge 4
2020-12-26T00:53:58Z,94.0,Charge 4
2020-12-26T00:54:04Z,94.0,Charge 4
2020-12-26T00:54:09Z,95.0,Charge 4
2020-12-26T00:54:14Z,97.0,Charge 4
2020-12-26T00:54:19Z,92.0,Charge 4
2020-12-26T00:54:24Z,87.0,Charge 4
2020-12-26T00:54:29Z,85.0,Charge 4
2020-12-26T00:54:34Z,85.0,Charge 4
2020-12-26T00:54:44Z,86.0,Charge 4
2020-12-26T00:54:49Z,87.0,Charge 4
2020-12-26T00:54:54Z,88.0,Charge 4
2020-12-26T00:54:59Z,89.0,Charge 4
2020-12-26T00:55:04Z,86.0,Charge 4
2020-12-26T00:55:09Z,85.0,Charge 4
2020-12-26T00:55:14Z,86.0,Charge 4
2020-12-26T00:55:19Z,87.0,Charge 4
2020-12-26T00:55:34Z,88.0,Charge 4
2020-12-26T00:55:49Z,88.0,Charge 4
2020-12-26T00:55:54Z,89.0,Charge 4
2020-12-26T00:55:59Z,91.0,Charge 4
2020-12-26T00:56:04Z,94.0,Charge 4
2020-12-26T00:56:09Z,95.0,Charge 4
2020-12-26T00:56:19Z,94.0,Charge 4
2020-12-26T00:56:29Z,94.0,Charge 4
2020-12-26T00:56:34Z,95.0,Charge 4
2020-12-26T00:56:49Z,96.0,Charge 4
2020-12-26T00:56:59Z,94.0,Charge 4
2020-12-26T00:57:04Z,93.0,Charge 4
2020-12-26T00:57:09Z,92.0,Charge 4
2020-12-26T00:57:19Z,89.0,Charge 4
2020-12-26T00:57:24Z,88.0,Charge 4
2020-12-26T00:57:39Z,89.0,Charge 4
2020-12-26T00:57:44Z,90.0,Charge 4
2020-12-26T00:57:54Z,91.0,Charge 4
2020-12-26T00:57:59Z,90.0,Charge 4
2020-12-26T00:58:09Z,91.0,Charge 4
2020-12-26T00:58:19Z,90.0,Charge 4
2020-12-26T00:58:29Z,91.0,Charge 4
2020-12-26T00:58:34Z,92.0,Charge 4
2020-12-26T00:58:39Z,91.0,Charge 4
2020-12-26T00:58:44Z,90.0,Charge 4
2020-12-26T00:58:49Z,88.0,Charge 4
2020-12-26T00:58:54Z,86.0,Charge 4
2020-12-26T00:58:59Z,85.0,Charge 4
2020-12-26T00:59:04Z,84.0,Charge 4
2020-12-26T00:59:19Z,84.0,Charge 4
2020-12-26T00:59:24Z,85.0,Charge 4
2020-12-26T00:59:29Z,86.0,Charge 4
2020-12-26T00:59:44Z,85.0,Charge 4
2020-12-26T00:59:49Z,84.0,Charge 4
2020-12-26T01:00:04Z,84.0,Charge 4
2020-12-26T01:00:19Z,84.0,Charge 4
2020-12-26T01:00:24Z,87.0,Charge 4
2020-12-26T01:00:39Z,88.0,Charge 4
2020-12-26T01:00:44Z,87.0,Charge 4
2020-12-26T01:00:49Z,86.0,Charge 4
2020-12-26T01:00:54Z,85.0,Charge 4
2020-12-26T01:01:04Z,84.0,Charge 4
2020-12-26T01:01:14Z,85.0,Charge 4
2020-12-26T01:01:19Z,86.0,Charge 4
2020-12-26T01:01:24Z,87.0,Charge 4
2020-12-26T01:01:29Z,88.0,Charge 4
2020-12-26T01:01:44Z,88.0,Charge 4
2020-12-26T01:01:54Z,89.0,Charge 4
2020-12-26T01:02:04Z,88.0,Charge 4
2020-12-26T01:02:09Z,87.0,Charge 4
2020-12-26T01:02:19Z,86.0,Charge 4
2020-12-26T01:02:24Z,85.0,Charge 4
2020-12-26T01:02:34Z,86.0,Charge 4
2020-12-26T01:02:39Z,87.0,Charge 4
2020-12-26T01:02:44Z,88.0,Charge 4
2020-12-26T01:02:49Z,90.0,Charge 4
2020-12-26T01:02:54Z,91.0,Charge 4
2020-12-26T01:03:04Z,90.0,Charge 4
2020-12-26T01:03:09Z,89.0,Charge 4
2020-12-26T01:03:19Z,90.0,Charge 4
2020-12-26T01:03:24Z,89.0,Charge 4
2020-12-26T01:03:29Z,88.0,Charge 4
2020-12-26T01:03:39Z,89.0,Charge 4
2020-12-26T01:03:49Z,88.0,Charge 4
2020-12-26T01:03:59Z,87.0,Charge 4
2020-12-26T01:04:04Z,88.0,Charge 4
2020-12-26T01:04:10Z,88.0,Charge 4
2020-12-26T01:04:15Z,89.0,Charge 4
2020-12-26T01:04:30Z,89.0,Charge 4
2020-12-26T01:04:35Z,87.0,Charge 4
2020-12-26T01:04:40Z,86.0,Charge 4
2020-12-26T01:04:55Z,87.0,Charge 4
2020-12-26T01:05:10Z,87.0,Charge 4
2020-12-26T01:05:20Z,89.0,Charge 4
2020-12-26T01:05:25Z,89.0,Charge 4
2020-12-26T01:05:40Z,88.0,Charge 4
2020-12-26T01:05:45Z,89.0,Charge 4
2020-12-26T01:05:55Z,88.0,Charge 4
2020-12-26T01:06:00Z,87.0,Charge 4
2020-12-26T01:06:15Z,87.0,Charge 4
2020-12-26T01:06:20Z,87.0,Charge 4
2020-12-26T01:06:30Z,88.0,Charge 4
2020-12-26T01:06:35Z,85.0,Charge 4
2020-12-26T01:06:40Z,86.0,Charge 4
2020-12-26T01:06:45Z,88.0,Charge 4
2020-12-26T01:06:55Z,87.0,Charge 4
2020-12-26T01:07:10Z,86.0,Charge 4
2020-12-26T01:07:15Z,86.0,Charge 4
2020-12-26T01:07:30Z,86.0,Charge 4
2020-12-26T01:07:35Z,87.0,Charge 4
2020-12-26T01:07:50Z,87.0,Charge 4
2020-12-26T01:07:55Z,87.0,Charge 4
2020-12-26T01:08:05Z,86.0,Charge 4
2020-12-26T01:08:10Z,86.0,Charge 4
2020-12-26T01:08:15Z,87.0,Charge 4
2020-12-26T01:08:30Z,86.0,Charge 4
2020-12-26T01:08:35Z,85.0,Charge 4
2020-12-26T01:08:45Z,86.0,Charge 4
2020-12-26T01:08:55Z,87.0,Charge 4
2020-12-26T01:09:10Z,87.0,Charge 4
2020-12-26T01:09:15Z,87.0,Charge 4
2020-12-26T01:09:20Z,86.0,Charge 4
2020-12-26T01:09:35Z,86.0,Charge 4
2020-12-26T01:09:45Z,86.0,Charge 4
2020-12-26T01:09:50Z,87.0,Charge 4
2020-12-26T01:10:05Z,87.0,Charge 4
2020-12-26T01:10:15Z,89.0,Charge 4
2020-12-26T01:10:30Z,89.0,Charge 4
2020-12-26T01:11:22Z,86.0,Charge 4
2020-12-26T01:11:27Z,85.0,Charge 4
2020-12-26T01:11:32Z,83.0,Charge 4
2020-12-26T01:11:37Z,82.0,Charge 4
2020-12-26T01:11:42Z,83.0,Charge 4
2020-12-26T01:11:57Z,83.0,Charge 4
2020-12-26T01:12:07Z,85.0,Charge 4
2020-12-26T01:12:12Z,87.0,Charge 4
2020-12-26T01:12:17Z,85.0,Charge 4
2020-12-26T01:12:22Z,83.0,Charge 4
2020-12-26T01:12:27Z,82.0,Charge 4
2020-12-26T01:12:32Z,83.0,Charge 4
2020-12-26T01:12:47Z,83.0,Charge 4
2020-12-26T01:12:57Z,84.0,Charge 4
2020-12-26T01:13:02Z,85.0,Charge 4
2020-12-26T01:13:12Z,85.0,Charge 4
2020-12-26T01:13:17Z,85.0,Charge 4
2020-12-26T01:13:22Z,85.0,Charge 4
2020-12-26T01:13:27Z,84.0,Charge 4
2020-12-26T01:13:32Z,84.0,Charge 4
2020-12-26T01:13:47Z,84.0,Charge 4
2020-12-26T01:13:57Z,85.0,Charge 4
2020-12-26T01:14:12Z,85.0,Charge 4
2020-12-26T01:14:27Z,84.0,Charge 4
2020-12-26T01:14:42Z,84.0,Charge 4
2020-12-26T01:14:47Z,85.0,Charge 4
2020-12-26T01:14:52Z,84.0,Charge 4
2020-12-26T01:14:57Z,84.0,Charge 4
2020-12-26T01:15:12Z,85.0,Charge 4
2020-12-26T01:15:17Z,85.0,Charge 4
2020-12-26T01:15:27Z,85.0,Charge 4
2020-12-26T01:15:32Z,86.0,Charge 4
2020-12-26T01:15:47Z,86.0,Charge 4
2020-12-26T01:15:52Z,87.0,Charge 4
2020-12-26T01:15:57Z,88.0,Charge 4
2020-12-26T01:16:02Z,91.0,Charge 4
2020-12-26T01:16:07Z,92.0,Charge 4
2020-12-26T01:16:12Z,93.0,Charge 4
2020-12-26T01:16:17Z,93.0,Charge 4
2020-12-26T01:16:32Z,95.0,Charge 4
2020-12-26T01:16:47Z,96.0,Charge 4
2020-12-26T01:16:52Z,97.0,Charge 4
2020-12-26T01:16:57Z,95.0,Charge 4
2020-12-26T01:17:02Z,95.0,Charge 4
2020-12-26T01:17:07Z,94.0,Charge 4
2020-12-26T01:17:12Z,93.0,Charge 4
2020-12-26T01:17:27Z,93.0,Charge 4
2020-12-26T01:17:32Z,92.0,Charge 4
2020-12-26T01:17:47Z,91.0,Charge 4
2020-12-26T01:18:02Z,91.0,Charge 4
2020-12-26T01:18:07Z,90.0,Charge 4
2020-12-26T01:18:12Z,91.0,Charge 4
2020-12-26T01:18:17Z,91.0,Charge 4
2020-12-26T01:18:27Z,90.0,Charge 4
2020-12-26T01:18:32Z,89.0,Charge 4
2020-12-26T01:18:42Z,88.0,Charge 4
2020-12-26T01:18:47Z,84.0,Charge 4
2020-12-26T01:18:52Z,83.0,Charge 4
2020-12-26T01:19:07Z,83.0,Charge 4
2020-12-26T01:19:22Z,84.0,Charge 4
2020-12-26T01:19:27Z,84.0,Charge 4
2020-12-26T01:19:32Z,86.0,Charge 4
2020-12-26T01:19:42Z,84.0,Charge 4
2020-12-26T01:19:47Z,82.0,Charge 4
2020-12-26T01:19:52Z,81.0,Charge 4
2020-12-26T01:20:07Z,81.0,Charge 4
2020-12-26T01:20:22Z,81.0,Charge 4
2020-12-26T01:20:32Z,82.0,Charge 4
2020-12-26T01:20:37Z,83.0,Charge 4
2020-12-26T01:20:42Z,83.0,Charge 4
2020-12-26T01:20:47Z,84.0,Charge 4
2020-12-26T01:20:52Z,85.0,Charge 4
2020-12-26T01:21:07Z,85.0,Charge 4
2020-12-26T01:21:12Z,85.0,Charge 4
2020-12-26T01:21:27Z,85.0,Charge 4
2020-12-26T01:21:32Z,86.0,Charge 4
2020-12-26T01:21:42Z,87.0,Charge 4
2020-12-26T01:21:47Z,88.0,Charge 4
2020-12-26T01:21:52Z,86.0,Charge 4
2020-12-26T01:21:57Z,85.0,Charge 4
2020-12-26T01:22:07Z,84.0,Charge 4
2020-12-26T01:22:12Z,84.0,Charge 4
2020-12-26T01:22:27Z,85.0,Charge 4
2020-12-26T01:22:42Z,84.0,Charge 4
2020-12-26T01:22:52Z,82.0,Charge 4
2020-12-26T01:22:57Z,81.0,Charge 4
2020-12-26T01:23:12Z,81.0,Charge 4
2020-12-26T01:23:22Z,80.0,Charge 4
2020-12-26T01:23:32Z,80.0,Charge 4
2020-12-26T01:23:47Z,81.0,Charge 4
2020-12-26T01:23:52Z,82.0,Charge 4
2020-12-26T01:24:02Z,82.0,Charge 4
2020-12-26T01:24:12Z,82.0,Charge 4
2020-12-26T01:24:17Z,81.0,Charge 4
2020-12-26T01:26:12Z,87.0,Charge 4
2020-12-26T01:26:17Z,89.0,Charge 4
2020-12-26T01:26:22Z,95.0,Charge 4
2020-12-26T01:26:27Z,98.0,Charge 4
2020-12-26T01:26:32Z,99.0,Charge 4
2020-12-26T01:26:37Z,101.0,Charge 4
2020-12-26T01:26:42Z,104.0,Charge 4
2020-12-26T01:26:47Z,107.0,Charge 4
2020-12-26T01:26:57Z,106.0,Charge 4
2020-12-26T01:27:02Z,107.0,Charge 4
2020-12-26T01:27:12Z,105.0,Charge 4
2020-12-26T01:27:27Z,100.0,Charge 4
2020-12-26T01:27:32Z,97.0,Charge 4
2020-12-26T01:27:37Z,95.0,Charge 4
2020-12-26T01:27:42Z,94.0,Charge 4
2020-12-26T01:27:47Z,92.0,Charge 4
2020-12-26T01:27:52Z,91.0,Charge 4
2020-12-26T01:27:57Z,89.0,Charge 4
2020-12-26T01:28:02Z,89.0,Charge 4
2020-12-26T01:28:07Z,86.0,Charge 4
2020-12-26T01:28:12Z,86.0,Charge 4
2020-12-26T01:28:17Z,85.0,Charge 4
2020-12-26T01:28:32Z,85.0,Charge 4
2020-12-26T01:28:47Z,85.0,Charge 4
2020-12-26T01:28:52Z,86.0,Charge 4
2020-12-26T01:28:57Z,84.0,Charge 4
2020-12-26T01:29:02Z,83.0,Charge 4
2020-12-26T01:29:07Z,84.0,Charge 4
2020-12-26T01:29:12Z,83.0,Charge 4
2020-12-26T01:29:22Z,85.0,Charge 4
2020-12-26T01:29:27Z,87.0,Charge 4
2020-12-26T01:29:32Z,86.0,Charge 4
2020-12-26T01:29:47Z,88.0,Charge 4
2020-12-26T01:29:52Z,89.0,Charge 4
2020-12-26T01:30:02Z,88.0,Charge 4
2020-12-26T01:30:07Z,85.0,Charge 4
2020-12-26T01:30:12Z,92.0,Charge 4
2020-12-26T01:30:17Z,98.0,Charge 4
2020-12-26T01:30:22Z,100.0,Charge 4
2020-12-26T01:30:27Z,101.0,Charge 4
2020-12-26T01:30:42Z,102.0,Charge 4
2020-12-26T01:30:47Z,104.0,Charge 4
2020-12-26T01:30:52Z,105.0,Charge 4
2020-12-26T01:31:02Z,101.0,Charge 4
2020-12-26T01:31:07Z,99.0,Charge 4
2020-12-26T01:31:22Z,99.0,Charge 4
2020-12-26T01:31:37Z,99.0,Charge 4
2020-12-26T01:31:42Z,100.0,Charge 4
2020-12-26T01:31:52Z,100.0,Charge 4
2020-12-26T01:31:57Z,96.0,Charge 4
2020-12-26T01:32:02Z,93.0,Charge 4
2020-12-26T01:32:07Z,92.0,Charge 4
2020-12-26T01:32:17Z,93.0,Charge 4
2020-12-26T01:32:22Z,94.0,Charge 4
2020-12-26T01:32:28Z,94.0,Charge 4
2020-12-26T01:32:33Z,92.0,Charge 4
2020-12-26T01:32:38Z,91.0,Charge 4
2020-12-26T01:32:43Z,90.0,Charge 4
2020-12-26T01:32:48Z,91.0,Charge 4
2020-12-26T01:33:03Z,91.0,Charge 4
2020-12-26T01:33:13Z,90.0,Charge 4
2020-12-26T01:33:18Z,89.0,Charge 4
2020-12-26T01:33:23Z,88.0,Charge 4
2020-12-26T01:33:28Z,87.0,Charge 4
2020-12-26T01:33:33Z,87.0,Charge 4
2020-12-26T01:33:43Z,88.0,Charge 4
2020-12-26T01:33:48Z,90.0,Charge 4
2020-12-26T01:33:53Z,91.0,Charge 4
2020-12-26T01:34:08Z,92.0,Charge 4
2020-12-26T01:34:13Z,90.0,Charge 4
2020-12-26T01:34:23Z,89.0,Charge 4
2020-12-26T01:34:33Z,86.0,Charge 4
2020-12-26T01:34:38Z,83.0,Charge 4
2020-12-26T01:34:48Z,84.0,Charge 4
2020-12-26T01:34:53Z,82.0,Charge 4
2020-12-26T01:34:58Z,81.0,Charge 4
2020-12-26T01:35:03Z,80.0,Charge 4
2020-12-26T01:35:18Z,80.0,Charge 4
2020-12-26T01:35:23Z,81.0,Charge 4
2020-12-26T01:35:28Z,81.0,Charge 4
2020-12-26T01:35:38Z,83.0,Charge 4
2020-12-26T01:35:43Z,84.0,Charge 4
2020-12-26T01:35:48Z,82.0,Charge 4
2020-12-26T01:35:53Z,79.0,Charge 4
2020-12-26T01:35:58Z,78.0,Charge 4
2020-12-26T01:36:03Z,78.0,Charge 4
2020-12-26T01:36:13Z,81.0,Charge 4
2020-12-26T01:36:18Z,84.0,Charge 4
2020-12-26T01:36:23Z,85.0,Charge 4
2020-12-26T01:36:33Z,86.0,Charge 4
2020-12-26T01:36:38Z,88.0,Charge 4
2020-12-26T01:36:43Z,89.0,Charge 4
2020-12-26T01:36:53Z,91.0,Charge 4
2020-12-26T01:36:58Z,93.0,Charge 4
2020-12-26T01:37:03Z,96.0,Charge 4
2020-12-26T01:37:13Z,97.0,Charge 4
2020-12-26T01:37:18Z,98.0,Charge 4
2020-12-26T01:37:23Z,99.0,Charge 4
2020-12-26T01:37:28Z,100.0,Charge 4
2020-12-26T01:37:33Z,101.0,Charge 4
2020-12-26T01:37:38Z,104.0,Charge 4
2020-12-26T01:37:43Z,106.0,Charge 4
2020-12-26T01:37:48Z,105.0,Charge 4
2020-12-26T01:37:58Z,103.0,Charge 4
2020-12-26T01:38:03Z,99.0,Charge 4
2020-12-26T01:38:08Z,96.0,Charge 4
2020-12-26T01:38:18Z,95.0,Charge 4
2020-12-26T01:38:23Z,94.0,Charge 4
2020-12-26T01:38:28Z,93.0,Charge 4
2020-12-26T01:38:43Z,93.0,Charge 4
2020-12-26T01:38:48Z,92.0,Charge 4
2020-12-26T01:38:53Z,94.0,Charge 4
2020-12-26T01:38:58Z,96.0,Charge 4
2020-12-26T01:39:03Z,97.0,Charge 4
2020-12-26T01:39:08Z,99.0,Charge 4
2020-12-26T01:39:13Z,102.0,Charge 4
2020-12-26T01:39:18Z,103.0,Charge 4
2020-12-26T01:39:23Z,102.0,Charge 4
2020-12-26T01:39:28Z,102.0,Charge 4
2020-12-26T01:39:33Z,103.0,Charge 4
2020-12-26T01:39:38Z,102.0,Charge 4
2020-12-26T01:39:43Z,103.0,Charge 4
2020-12-26T01:39:48Z,102.0,Charge 4
2020-12-26T01:39:53Z,101.0,Charge 4
2020-12-26T01:39:58Z,102.0,Charge 4
2020-12-26T01:40:03Z,100.0,Charge 4
2020-12-26T01:40:08Z,99.0,Charge 4
2020-12-26T01:40:23Z,99.0,Charge 4
2020-12-26T01:40:38Z,99.0,Charge 4
2020-12-26T01:40:43Z,100.0,Charge 4
2020-12-26T01:40:48Z,99.0,Charge 4
2020-12-26T01:40:53Z,96.0,Charge 4
2020-12-26T01:40:58Z,94.0,Charge 4
2020-12-26T01:41:08Z,97.0,Charge 4
2020-12-26T01:41:23Z,97.0,Charge 4
2020-12-26T01:41:25Z,98.0,Charge 4
2020-12-26T01:41:30Z,99.0,Charge 4
2020-12-26T01:41:40Z,98.0,Charge 4
2020-12-26T01:41:45Z,99.0,Charge 4
2020-12-26T01:41:50Z,100.0,Charge 4
2020-12-26T01:42:00Z,99.0,Charge 4
2020-12-26T01:42:05Z,100.0,Charge 4
2020-12-26T01:42:15Z,102.0,Charge 4
2020-12-26T01:42:20Z,103.0,Charge 4
2020-12-26T01:42:30Z,101.0,Charge 4
2020-12-26T01:42:35Z,99.0,Charge 4
2020-12-26T01:42:45Z,98.0,Charge 4
2020-12-26T01:42:55Z,95.0,Charge 4
2020-12-26T01:43:00Z,93.0,Charge 4
2020-12-26T01:43:05Z,94.0,Charge 4
2020-12-26T01:43:10Z,95.0,Charge 4
2020-12-26T01:43:15Z,94.0,Charge 4
2020-12-26T01:43:20Z,89.0,Charge 4
2020-12-26T01:43:25Z,87.0,Charge 4
2020-12-26T01:43:30Z,91.0,Charge 4
2020-12-26T01:43:35Z,92.0,Charge 4
2020-12-26T01:43:40Z,88.0,Charge 4
2020-12-26T01:43:45Z,85.0,Charge 4
2020-12-26T01:44:00Z,84.0,Charge 4
2020-12-26T01:44:10Z,85.0,Charge 4
2020-12-26T01:44:15Z,84.0,Charge 4
2020-12-26T01:44:25Z,84.0,Charge 4
2020-12-26T01:44:30Z,84.0,Charge 4
2020-12-26T01:44:40Z,85.0,Charge 4
2020-12-26T01:44:45Z,86.0,Charge 4
2020-12-26T01:44:50Z,87.0,Charge 4
2020-12-26T01:44:55Z,86.0,Charge 4
2020-12-26T01:45:00Z,85.0,Charge 4
2020-12-26T01:45:05Z,82.0,Charge 4
2020-12-26T01:45:20Z,83.0,Charge 4
2020-12-26T01:45:35Z,83.0,Charge 4
2020-12-26T01:45:50Z,84.0,Charge 4
2020-12-26T01:46:05Z,84.0,Charge 4
2020-12-26T01:46:10Z,83.0,Charge 4
2020-12-26T01:46:15Z,81.0,Charge 4
2020-12-26T01:46:20Z,79.0,Charge 4
2020-12-26T01:46:30Z,79.0,Charge 4
2020-12-26T01:46:40Z,80.0,Charge 4
2020-12-26T01:46:50Z,81.0,Charge 4
2020-12-26T01:46:55Z,80.0,Charge 4
2020-12-26T01:47:10Z,81.0,Charge 4
2020-12-26T01:47:15Z,82.0,Charge 4
2020-12-26T01:47:25Z,84.0,Charge 4
2020-12-26T01:47:30Z,85.0,Charge 4
2020-12-26T01:47:35Z,84.0,Charge 4
2020-12-26T01:47:45Z,83.0,Charge 4
2020-12-26T01:47:50Z,82.0,Charge 4
2020-12-26T01:48:00Z,84.0,Charge 4
2020-12-26T01:48:10Z,83.0,Charge 4
2020-12-26T01:48:15Z,83.0,Charge 4
2020-12-26T01:48:30Z,82.0,Charge 4
2020-12-26T01:48:45Z,82.0,Charge 4
2020-12-26T01:48:55Z,83.0,Charge 4
2020-12-26T01:49:10Z,83.0,Charge 4
2020-12-26T01:49:20Z,82.0,Charge 4
2020-12-26T01:49:30Z,83.0,Charge 4
2020-12-26T01:49:35Z,82.0,Charge 4
2020-12-26T01:49:40Z,81.0,Charge 4
2020-12-26T01:49:55Z,81.0,Charge 4
2020-12-26T01:50:10Z,81.0,Charge 4
2020-12-26T01:50:25Z,81.0,Charge 4
2020-12-26T01:50:40Z,81.0,Charge 4
2020-12-26T01:50:45Z,82.0,Charge 4
2020-12-26T01:50:50Z,81.0,Charge 4
2020-12-26T01:51:00Z,82.0,Charge 4
2020-12-26T01:51:05Z,81.0,Charge 4
2020-12-26T01:51:10Z,80.0,Charge 4
2020-12-26T01:51:15Z,80.0,Charge 4
2020-12-26T01:51:25Z,81.0,Charge 4
2020-12-26T01:51:30Z,80.0,Charge 4
2020-12-26T01:51:40Z,80.0,Charge 4
2020-12-26T01:51:55Z,80.0,Charge 4
2020-12-26T01:52:00Z,79.0,Charge 4
2020-12-26T01:52:15Z,79.0,Charge 4
2020-12-26T01:52:16Z,79.0,Charge 4
2020-12-26T01:52:31Z,78.0,Charge 4
2020-12-26T01:52:41Z,80.0,Charge 4
2020-12-26T01:52:46Z,83.0,Charge 4
2020-12-26T01:52:56Z,82.0,Charge 4
2020-12-26T01:53:01Z,81.0,Charge 4
2020-12-26T01:53:16Z,80.0,Charge 4
2020-12-26T01:53:26Z,79.0,Charge 4
2020-12-26T01:53:31Z,78.0,Charge 4
2020-12-26T01:53:36Z,77.0,Charge 4
2020-12-26T01:53:41Z,77.0,Charge 4
2020-12-26T01:53:51Z,76.0,Charge 4
2020-12-26T01:54:01Z,77.0,Charge 4
2020-12-26T01:54:11Z,79.0,Charge 4
2020-12-26T01:54:16Z,84.0,Charge 4
2020-12-26T01:54:21Z,85.0,Charge 4
2020-12-26T01:54:36Z,85.0,Charge 4
2020-12-26T01:54:41Z,86.0,Charge 4
2020-12-26T01:54:51Z,87.0,Charge 4
2020-12-26T01:54:56Z,88.0,Charge 4
2020-12-26T01:55:01Z,87.0,Charge 4
2020-12-26T01:55:06Z,82.0,Charge 4
2020-12-26T01:55:21Z,82.0,Charge 4
2020-12-26T01:55:26Z,80.0,Charge 4
2020-12-26T01:55:31Z,79.0,Charge 4
2020-12-26T01:55:36Z,79.0,Charge 4
2020-12-26T01:55:44Z,79.0,Charge 4
2020-12-26T01:55:59Z,78.0,Charge 4
2020-12-26T01:56:09Z,77.0,Charge 4
2020-12-26T01:56:14Z,77.0,Charge 4
2020-12-26T01:56:19Z,77.0,Charge 4
2020-12-26T01:56:29Z,78.0,Charge 4
2020-12-26T01:56:44Z,78.0,Charge 4
2020-12-26T01:56:59Z,77.0,Charge 4
2020-12-26T01:57:14Z,77.0,Charge 4
2020-12-26T01:57:24Z,80.0,Charge 4
2020-12-26T01:57:29Z,81.0,Charge 4
2020-12-26T01:57:39Z,80.0,Charge 4
2020-12-26T01:57:54Z,80.0,Charge 4
2020-12-26T01:57:59Z,79.0,Charge 4
2020-12-26T01:58:14Z,79.0,Charge 4
2020-12-26T01:58:19Z,77.0,Charge 4
2020-12-26T01:58:29Z,78.0,Charge 4
2020-12-26T01:58:34Z,79.0,Charge 4
2020-12-26T01:58:39Z,79.0,Charge 4
2020-12-26T01:58:49Z,79.0,Charge 4
2020-12-26T01:58:54Z,79.0,Charge 4
2020-12-26T01:58:59Z,79.0,Charge 4
2020-12-26T01:59:04Z,79.0,Charge 4
2020-12-26T01:59:19Z,79.0,Charge 4
2020-12-26T01:59:24Z,83.0,Charge 4
2020-12-26T01:59:29Z,87.0,Charge 4
2020-12-26T01:59:34Z,83.0,Charge 4
2020-12-26T01:59:39Z,81.0,Charge 4
2020-12-26T01:59:49Z,83.0,Charge 4
2020-12-26T01:59:54Z,85.0,Charge 4
2020-12-26T01:59:59Z,83.0,Charge 4
2020-12-26T02:00:04Z,82.0,Charge 4
2020-12-26T02:00:14Z,83.0,Charge 4
2020-12-26T02:00:19Z,82.0,Charge 4
2020-12-26T02:00:24Z,79.0,Charge 4
2020-12-26T02:00:29Z,78.0,Charge 4
2020-12-26T02:00:34Z,78.0,Charge 4
2020-12-26T02:00:39Z,78.0,Charge 4
2020-12-26T02:00:49Z,79.0,Charge 4
2020-12-26T02:00:54Z,80.0,Charge 4
2020-12-26T02:01:09Z,80.0,Charge 4
2020-12-26T02:01:14Z,79.0,Charge 4
2020-12-26T02:01:19Z,78.0,Charge 4
2020-12-26T02:01:29Z,77.0,Charge 4
2020-12-26T02:01:34Z,77.0,Charge 4
2020-12-26T02:01:44Z,78.0,Charge 4
2020-12-26T02:01:49Z,79.0,Charge 4
2020-12-26T02:01:54Z,86.0,Charge 4
2020-12-26T02:01:59Z,87.0,Charge 4
2020-12-26T02:02:14Z,86.0,Charge 4
2020-12-26T02:02:19Z,85.0,Charge 4
2020-12-26T02:02:24Z,82.0,Charge 4
2020-12-26T02:02:29Z,79.0,Charge 4
2020-12-26T02:02:34Z,77.0,Charge 4
2020-12-26T02:02:39Z,76.0,Charge 4
2020-12-26T02:02:44Z,77.0,Charge 4
2020-12-26T02:02:54Z,78.0,Charge 4
2020-12-26T02:02:59Z,78.0,Charge 4
2020-12-26T02:03:04Z,79.0,Charge 4
2020-12-26T02:03:09Z,78.0,Charge 4
2020-12-26T02:03:19Z,80.0,Charge 4
2020-12-26T02:03:24Z,83.0,Charge 4
2020-12-26T02:03:34Z,82.0,Charge 4
2020-12-26T02:03:44Z,81.0,Charge 4
2020-12-26T02:03:49Z,80.0,Charge 4
2020-12-26T02:03:54Z,79.0,Charge 4
2020-12-26T02:03:59Z,78.0,Charge 4
2020-12-26T02:04:09Z,77.0,Charge 4
2020-12-26T02:04:24Z,77.0,Charge 4
2020-12-26T02:04:39Z,77.0,Charge 4
2020-12-26T02:04:44Z,78.0,Charge 4
2020-12-26T02:04:49Z,79.0,Charge 4
2020-12-26T02:04:54Z,80.0,Charge 4
2020-12-26T02:04:59Z,81.0,Charge 4
2020-12-26T02:05:09Z,83.0,Charge 4
2020-12-26T02:05:14Z,85.0,Charge 4
2020-12-26T02:05:19Z,86.0,Charge 4
2020-12-26T02:05:24Z,86.0,Charge 4
2020-12-26T02:05:34Z,84.0,Charge 4
2020-12-26T02:05:44Z,85.0,Charge 4
2020-12-26T02:05:49Z,86.0,Charge 4
2020-12-26T02:05:54Z,86.0,Charge 4
2020-12-26T02:05:59Z,84.0,Charge 4
2020-12-26T02:06:04Z,83.0,Charge 4
2020-12-26T02:06:09Z,86.0,Charge 4
2020-12-26T02:06:14Z,85.0,Charge 4
2020-12-26T02:06:19Z,82.0,Charge 4
2020-12-26T02:06:24Z,77.0,Charge 4
2020-12-26T02:06:29Z,76.0,Charge 4
2020-12-26T02:06:39Z,77.0,Charge 4
2020-12-26T02:06:44Z,80.0,Charge 4
2020-12-26T02:06:49Z,82.0,Charge 4
2020-12-26T02:06:54Z,82.0,Charge 4
2020-12-26T02:07:04Z,83.0,Charge 4
2020-12-26T02:07:09Z,83.0,Charge 4
2020-12-26T02:07:14Z,81.0,Charge 4
2020-12-26T02:07:19Z,78.0,Charge 4
2020-12-26T02:07:24Z,76.0,Charge 4
2020-12-26T02:07:29Z,75.0,Charge 4
2020-12-26T02:07:34Z,77.0,Charge 4
2020-12-26T02:07:39Z,79.0,Charge 4
2020-12-26T02:07:44Z,80.0,Charge 4
2020-12-26T02:07:49Z,81.0,Charge 4
2020-12-26T02:07:54Z,80.0,Charge 4
2020-12-26T02:08:09Z,79.0,Charge 4
2020-12-26T02:08:14Z,77.0,Charge 4
2020-12-26T02:08:19Z,75.0,Charge 4
2020-12-26T02:08:24Z,74.0,Charge 4
2020-12-26T02:08:29Z,74.0,Charge 4
2020-12-26T02:08:34Z,75.0,Charge 4
2020-12-26T02:08:39Z,77.0,Charge 4
2020-12-26T02:08:44Z,79.0,Charge 4
2020-12-26T02:08:49Z,82.0,Charge 4
2020-12-26T02:08:54Z,83.0,Charge 4
2020-12-26T02:08:59Z,86.0,Charge 4
2020-12-26T02:09:04Z,87.0,Charge 4
2020-12-26T02:09:09Z,86.0,Charge 4
2020-12-26T02:09:14Z,85.0,Charge 4
2020-12-26T02:09:19Z,84.0,Charge 4
2020-12-26T02:09:29Z,83.0,Charge 4
2020-12-26T02:09:44Z,82.0,Charge 4
2020-12-26T02:09:49Z,79.0,Charge 4
2020-12-26T02:09:54Z,77.0,Charge 4
2020-12-26T02:09:59Z,75.0,Charge 4
2020-12-26T02:10:04Z,74.0,Charge 4
2020-12-26T02:10:14Z,75.0,Charge 4
2020-12-26T02:10:19Z,76.0,Charge 4
2020-12-26T02:10:24Z,77.0,Charge 4
2020-12-26T02:10:34Z,78.0,Charge 4
2020-12-26T02:10:39Z,79.0,Charge 4
2020-12-26T02:10:44Z,83.0,Charge 4
2020-12-26T02:10:49Z,83.0,Charge 4
2020-12-26T02:10:54Z,82.0,Charge 4
2020-12-26T02:10:59Z,78.0,Charge 4
2020-12-26T02:11:04Z,75.0,Charge 4
2020-12-26T02:11:13Z,74.0,Charge 4
2020-12-26T02:11:18Z,74.0,Charge 4
2020-12-26T02:11:23Z,74.0,Charge 4
2020-12-26T02:11:28Z,74.0,Charge 4
2020-12-26T02:11:33Z,75.0,Charge 4
2020-12-26T02:11:38Z,76.0,Charge 4
2020-12-26T02:11:53Z,76.0,Charge 4
2020-12-26T02:12:03Z,75.0,Charge 4
2020-12-26T02:12:08Z,76.0,Charge 4
2020-12-26T02:12:13Z,78.0,Charge 4
2020-12-26T02:12:18Z,79.0,Charge 4
2020-12-26T02:12:23Z,80.0,Charge 4
2020-12-26T02:12:28Z,81.0,Charge 4
2020-12-26T02:12:33Z,80.0,Charge 4
2020-12-26T02:12:38Z,81.0,Charge 4
2020-12-26T02:12:43Z,86.0,Charge 4
2020-12-26T02:12:48Z,87.0,Charge 4
2020-12-26T02:12:53Z,86.0,Charge 4
2020-12-26T02:12:58Z,84.0,Charge 4
2020-12-26T02:13:03Z,82.0,Charge 4
2020-12-26T02:13:08Z,80.0,Charge 4
2020-12-26T02:13:13Z,79.0,Charge 4
2020-12-26T02:13:18Z,79.0,Charge 4
2020-12-26T02:13:28Z,78.0,Charge 4
2020-12-26T02:13:33Z,77.0,Charge 4
2020-12-26T02:13:38Z,78.0,Charge 4
2020-12-26T02:13:43Z,78.0,Charge 4
2020-12-26T02:13:48Z,78.0,Charge 4
2020-12-26T02:13:53Z,81.0,Charge 4
2020-12-26T02:13:58Z,85.0,Charge 4
2020-12-26T02:14:03Z,88.0,Charge 4
2020-12-26T02:14:13Z,85.0,Charge 4
2020-12-26T02:14:18Z,82.0,Charge 4
2020-12-26T02:14:23Z,81.0,Charge 4
2020-12-26T02:14:28Z,80.0,Charge 4
2020-12-26T02:14:33Z,79.0,Charge 4
2020-12-26T02:14:38Z,77.0,Charge 4
2020-12-26T02:14:53Z,77.0,Charge 4
2020-12-26T02:14:58Z,76.0,Charge 4
2020-12-26T02:15:13Z,76.0,Charge 4
2020-12-26T02:15:28Z,76.0,Charge 4
2020-12-26T02:15:33Z,76.0,Charge 4
2020-12-26T02:15:38Z,79.0,Charge 4
2020-12-26T02:15:43Z,81.0,Charge 4
2020-12-26T02:15:48Z,83.0,Charge 4
2020-12-26T02:15:53Z,82.0,Charge 4
2020-12-26T02:16:03Z,83.0,Charge 4
2020-12-26T02:16:13Z,82.0,Charge 4
2020-12-26T02:16:18Z,80.0,Charge 4
2020-12-26T02:16:23Z,78.0,Charge 4
2020-12-26T02:16:28Z,77.0,Charge 4
2020-12-26T02:16:33Z,78.0,Charge 4
2020-12-26T02:16:43Z,77.0,Charge 4
2020-12-26T02:16:53Z,78.0,Charge 4
2020-12-26T02:16:58Z,80.0,Charge 4
2020-12-26T02:17:03Z,84.0,Charge 4
2020-12-26T02:17:08Z,84.0,Charge 4
2020-12-26T02:17:13Z,84.0,Charge 4
2020-12-26T02:17:18Z,81.0,Charge 4
2020-12-26T02:17:23Z,78.0,Charge 4
2020-12-26T02:17:28Z,76.0,Charge 4
2020-12-26T02:17:43Z,77.0,Charge 4
2020-12-26T02:17:48Z,76.0,Charge 4
2020-12-26T02:17:53Z,76.0,Charge 4
2020-12-26T02:18:08Z,81.0,Charge 4
2020-12-26T02:18:13Z,86.0,Charge 4
2020-12-26T02:18:18Z,87.0,Charge 4
2020-12-26T02:18:23Z,87.0,Charge 4
2020-12-26T02:18:28Z,86.0,Charge 4
2020-12-26T02:18:33Z,85.0,Charge 4
2020-12-26T02:18:38Z,83.0,Charge 4
2020-12-26T02:18:48Z,84.0,Charge 4
2020-12-26T02:18:53Z,83.0,Charge 4
2020-12-26T02:18:58Z,79.0,Charge 4
2020-12-26T02:19:08Z,78.0,Charge 4
2020-12-26T02:19:13Z,77.0,Charge 4
2020-12-26T02:19:18Z,76.0,Charge 4
2020-12-26T02:19:23Z,76.0,Charge 4
2020-12-26T02:19:33Z,78.0,Charge 4
2020-12-26T02:19:48Z,80.0,Charge 4
2020-12-26T02:19:53Z,81.0,Charge 4
2020-12-26T02:19:58Z,81.0,Charge 4
2020-12-26T02:20:03Z,80.0,Charge 4
2020-12-26T02:20:08Z,79.0,Charge 4
2020-12-26T02:20:13Z,78.0,Charge 4
2020-12-26T02:20:18Z,77.0,Charge 4
2020-12-26T02:20:23Z,75.0,Charge 4
2020-12-26T02:20:33Z,76.0,Charge 4
2020-12-26T02:20:48Z,75.0,Charge 4
2020-12-26T02:20:53Z,75.0,Charge 4
2020-12-26T02:21:03Z,76.0,Charge 4
2020-12-26T02:21:08Z,77.0,Charge 4
2020-12-26T02:21:13Z,76.0,Charge 4
2020-12-26T02:21:23Z,77.0,Charge 4
2020-12-26T02:21:33Z,76.0,Charge 4
2020-12-26T02:21:38Z,76.0,Charge 4
2020-12-26T02:21:48Z,77.0,Charge 4
2020-12-26T02:22:03Z,77.0,Charge 4
2020-12-26T02:22:08Z,78.0,Charge 4
2020-12-26T02:22:18Z,77.0,Charge 4
2020-12-26T02:22:23Z,76.0,Charge 4
2020-12-26T02:22:28Z,75.0,Charge 4
2020-12-26T02:22:38Z,75.0,Charge 4
2020-12-26T02:22:43Z,76.0,Charge 4
2020-12-26T02:22:53Z,77.0,Charge 4
2020-12-26T02:23:03Z,78.0,Charge 4
2020-12-26T02:23:13Z,76.0,Charge 4
2020-12-26T02:23:23Z,78.0,Charge 4
2020-12-26T02:23:28Z,79.0,Charge 4
2020-12-26T02:23:33Z,80.0,Charge 4
2020-12-26T02:23:38Z,81.0,Charge 4
2020-12-26T02:23:43Z,82.0,Charge 4
2020-12-26T02:23:48Z,81.0,Charge 4
2020-12-26T02:23:53Z,78.0,Charge 4
2020-12-26T02:23:58Z,76.0,Charge 4
2020-12-26T02:24:03Z,75.0,Charge 4
2020-12-26T02:24:08Z,74.0,Charge 4
2020-12-26T02:24:13Z,74.0,Charge 4
2020-12-26T02:24:23Z,75.0,Charge 4
2020-12-26T02:24:33Z,76.0,Charge 4
2020-12-26T02:24:38Z,77.0,Charge 4
2020-12-26T02:24:43Z,78.0,Charge 4
2020-12-26T02:24:48Z,79.0,Charge 4
2020-12-26T02:24:53Z,78.0,Charge 4
2020-12-26T02:24:58Z,78.0,Charge 4
2020-12-26T02:25:08Z,78.0,Charge 4
2020-12-26T02:25:13Z,79.0,Charge 4
2020-12-26T02:25:23Z,80.0,Charge 4
2020-12-26T02:25:28Z,80.0,Charge 4
2020-12-26T02:25:33Z,79.0,Charge 4
2020-12-26T02:25:38Z,78.0,Charge 4
2020-12-26T02:25:43Z,76.0,Charge 4
2020-12-26T02:25:48Z,75.0,Charge 4
2020-12-26T02:25:53Z,76.0,Charge 4
2020-12-26T02:25:58Z,78.0,Charge 4
2020-12-26T02:26:04Z,78.0,Charge 4
2020-12-26T02:26:14Z,77.0,Charge 4
2020-12-26T02:26:29Z,78.0,Charge 4
2020-12-26T02:26:44Z,78.0,Charge 4
2020-12-26T02:26:54Z,77.0,Charge 4
2020-12-26T02:27:09Z,79.0,Charge 4
2020-12-26T02:27:14Z,82.0,Charge 4
2020-12-26T02:27:19Z,83.0,Charge 4
2020-12-26T02:27:24Z,82.0,Charge 4
2020-12-26T02:27:29Z,81.0,Charge 4
2020-12-26T02:27:34Z,79.0,Charge 4
2020-12-26T02:27:39Z,79.0,Charge 4
2020-12-26T02:27:44Z,80.0,Charge 4
2020-12-26T02:27:49Z,81.0,Charge 4
2020-12-26T02:28:04Z,81.0,Charge 4
2020-12-26T02:28:09Z,79.0,Charge 4
2020-12-26T02:28:14Z,78.0,Charge 4
2020-12-26T02:28:24Z,79.0,Charge 4
2020-12-26T02:28:39Z,78.0,Charge 4
2020-12-26T02:28:49Z,78.0,Charge 4
2020-12-26T02:28:54Z,78.0,Charge 4
2020-12-26T02:28:59Z,78.0,Charge 4
2020-12-26T02:29:04Z,79.0,Charge 4
2020-12-26T02:29:09Z,80.0,Charge 4
2020-12-26T02:29:19Z,81.0,Charge 4
2020-12-26T02:29:24Z,81.0,Charge 4
2020-12-26T02:29:39Z,81.0,Charge 4
2020-12-26T02:29:44Z,82.0,Charge 4
2020-12-26T02:29:49Z,80.0,Charge 4
2020-12-26T02:29:59Z,80.0,Charge 4
2020-12-26T02:30:14Z,82.0,Charge 4
2020-12-26T02:30:24Z,80.0,Charge 4
2020-12-26T02:30:29Z,79.0,Charge 4
2020-12-26T02:30:34Z,78.0,Charge 4
2020-12-26T02:30:39Z,78.0,Charge 4
2020-12-26T02:30:44Z,80.0,Charge 4
2020-12-26T02:30:49Z,81.0,Charge 4
2020-12-26T02:30:54Z,80.0,Charge 4
2020-12-26T02:30:59Z,79.0,Charge 4
2020-12-26T02:31:09Z,80.0,Charge 4
2020-12-26T02:31:19Z,82.0,Charge 4
2020-12-26T02:31:24Z,80.0,Charge 4
2020-12-26T02:31:29Z,80.0,Charge 4
2020-12-26T02:31:44Z,80.0,Charge 4
2020-12-26T02:31:54Z,83.0,Charge 4
2020-12-26T02:31:59Z,91.0,Charge 4
2020-12-26T02:32:04Z,93.0,Charge 4
2020-12-26T02:32:19Z,92.0,Charge 4
2020-12-26T02:32:24Z,93.0,Charge 4
2020-12-26T02:32:29Z,97.0,Charge 4
2020-12-26T02:32:39Z,97.0,Charge 4
2020-12-26T02:32:54Z,97.0,Charge 4
2020-12-26T02:33:09Z,98.0,Charge 4
2020-12-26T02:33:14Z,98.0,Charge 4
2020-12-26T02:33:19Z,95.0,Charge 4
2020-12-26T02:33:24Z,95.0,Charge 4
2020-12-26T02:33:39Z,94.0,Charge 4
2020-12-26T02:33:44Z,94.0,Charge 4
2020-12-26T02:33:59Z,94.0,Charge 4
2020-12-26T02:34:04Z,93.0,Charge 4
2020-12-26T02:34:09Z,91.0,Charge 4
2020-12-26T02:34:19Z,92.0,Charge 4
2020-12-26T02:34:29Z,94.0,Charge 4
2020-12-26T02:34:34Z,96.0,Charge 4
2020-12-26T02:34:39Z,95.0,Charge 4
2020-12-26T02:34:54Z,95.0,Charge 4
2020-12-26T02:34:59Z,90.0,Charge 4
2020-12-26T02:35:09Z,89.0,Charge 4
2020-12-26T02:35:14Z,86.0,Charge 4
2020-12-26T02:35:19Z,83.0,Charge 4
2020-12-26T02:35:24Z,83.0,Charge 4
2020-12-26T02:35:29Z,84.0,Charge 4
2020-12-26T02:35:34Z,86.0,Charge 4
2020-12-26T02:35:44Z,87.0,Charge 4
2020-12-26T02:35:49Z,86.0,Charge 4
2020-12-26T02:35:54Z,85.0,Charge 4
2020-12-26T02:35:59Z,83.0,Charge 4
2020-12-26T02:36:04Z,81.0,Charge 4
2020-12-26T02:36:09Z,83.0,Charge 4
2020-12-26T02:36:14Z,84.0,Charge 4
2020-12-26T02:36:19Z,85.0,Charge 4
2020-12-26T02:36:24Z,83.0,Charge 4
2020-12-26T02:36:29Z,79.0,Charge 4
2020-12-26T02:36:34Z,77.0,Charge 4
2020-12-26T02:36:49Z,78.0,Charge 4
2020-12-26T02:36:54Z,77.0,Charge 4
2020-12-26T02:36:59Z,76.0,Charge 4
2020-12-26T02:37:04Z,75.0,Charge 4
2020-12-26T02:37:09Z,74.0,Charge 4
2020-12-26T02:37:19Z,75.0,Charge 4
2020-12-26T02:37:24Z,76.0,Charge 4
2020-12-26T02:37:29Z,77.0,Charge 4
2020-12-26T02:37:39Z,78.0,Charge 4
2020-12-26T02:37:44Z,79.0,Charge 4
2020-12-26T02:37:49Z,80.0,Charge 4
2020-12-26T02:37:54Z,79.0,Charge 4
2020-12-26T02:37:59Z,80.0,Charge 4
2020-12-26T02:38:09Z,79.0,Charge 4
2020-12-26T02:38:24Z,79.0,Charge 4
2020-12-26T02:38:39Z,80.0,Charge 4
2020-12-26T02:38:49Z,81.0,Charge 4
2020-12-26T02:38:59Z,80.0,Charge 4
2020-12-26T02:39:09Z,79.0,Charge 4
2020-12-26T02:39:24Z,80.0,Charge 4
2020-12-26T02:39:29Z,81.0,Charge 4
2020-12-26T02:39:34Z,82.0,Charge 4
2020-12-26T02:39:39Z,83.0,Charge 4
2020-12-26T02:39:44Z,84.0,Charge 4
2020-12-26T02:39:49Z,83.0,Charge 4
2020-12-26T02:39:59Z,81.0,Charge 4
2020-12-26T02:40:14Z,80.0,Charge 4
2020-12-26T02:40:19Z,79.0,Charge 4
2020-12-26T02:40:24Z,78.0,Charge 4
2020-12-26T02:40:29Z,79.0,Charge 4
2020-12-26T02:40:34Z,80.0,Charge 4
2020-12-26T02:40:39Z,81.0,Charge 4
2020-12-26T02:40:49Z,80.0,Charge 4
2020-12-26T02:41:04Z,79.0,Charge 4
2020-12-26T02:41:19Z,79.0,Charge 4
2020-12-26T02:41:29Z,80.0,Charge 4
2020-12-26T02:41:44Z,79.0,Charge 4
2020-12-26T02:41:59Z,79.0,Charge 4
2020-12-26T02:42:04Z,79.0,Charge 4
2020-12-26T02:42:14Z,81.0,Charge 4
2020-12-26T02:42:19Z,82.0,Charge 4
2020-12-26T02:42:29Z,80.0,Charge 4
2020-12-26T02:42:39Z,79.0,Charge 4
2020-12-26T02:42:44Z,78.0,Charge 4
2020-12-26T02:42:59Z,78.0,Charge 4
2020-12-26T02:43:04Z,80.0,Charge 4
2020-12-26T02:43:09Z,79.0,Charge 4
2020-12-26T02:43:19Z,80.0,Charge 4
2020-12-26T02:43:29Z,79.0,Charge 4
2020-12-26T02:43:36Z,78.0,Charge 4
2020-12-26T02:43:51Z,78.0,Charge 4
2020-12-26T02:44:01Z,78.0,Charge 4
2020-12-26T02:44:06Z,77.0,Charge 4
2020-12-26T02:44:21Z,77.0,Charge 4
2020-12-26T02:44:26Z,78.0,Charge 4
2020-12-26T02:44:31Z,79.0,Charge 4
2020-12-26T02:44:46Z,79.0,Charge 4
2020-12-26T02:44:51Z,78.0,Charge 4
2020-12-26T02:44:56Z,77.0,Charge 4
2020-12-26T02:45:01Z,78.0,Charge 4
2020-12-26T02:45:06Z,79.0,Charge 4
2020-12-26T02:45:21Z,79.0,Charge 4
2020-12-26T02:45:36Z,78.0,Charge 4
2020-12-26T02:45:41Z,78.0,Charge 4
2020-12-26T02:45:46Z,77.0,Charge 4
2020-12-26T02:46:01Z,77.0,Charge 4
2020-12-26T02:46:11Z,78.0,Charge 4
2020-12-26T02:46:16Z,79.0,Charge 4
2020-12-26T02:46:26Z,78.0,Charge 4
2020-12-26T02:46:31Z,77.0,Charge 4
2020-12-26T02:46:46Z,77.0,Charge 4
2020-12-26T02:46:51Z,78.0,Charge 4
2020-12-26T02:46:56Z,79.0,Charge 4
2020-12-26T02:47:02Z,79.0,Charge 4
2020-12-26T02:47:17Z,79.0,Charge 4
2020-12-26T02:47:22Z,78.0,Charge 4
2020-12-26T02:47:27Z,77.0,Charge 4
2020-12-26T02:47:32Z,78.0,Charge 4
2020-12-26T02:47:37Z,79.0,Charge 4
2020-12-26T02:47:42Z,78.0,Charge 4
2020-12-26T02:47:57Z,78.0,Charge 4
2020-12-26T02:48:07Z,79.0,Charge 4
2020-12-26T02:48:12Z,78.0,Charge 4
2020-12-26T02:48:27Z,78.0,Charge 4
2020-12-26T02:48:32Z,79.0,Charge 4
2020-12-26T02:48:37Z,80.0,Charge 4
2020-12-26T02:48:52Z,79.0,Charge 4
2020-12-26T02:48:57Z,78.0,Charge 4
2020-12-26T02:49:12Z,78.0,Charge 4
2020-12-26T02:49:27Z,77.0,Charge 4
2020-12-26T02:49:37Z,79.0,Charge 4
2020-12-26T02:49:42Z,80.0,Charge 4
2020-12-26T02:49:47Z,79.0,Charge 4
2020-12-26T02:49:52Z,78.0,Charge 4
2020-12-26T02:50:07Z,79.0,Charge 4
2020-12-26T02:50:17Z,80.0,Charge 4
2020-12-26T02:50:22Z,79.0,Charge 4
2020-12-26T02:50:37Z,79.0,Charge 4
2020-12-26T02:50:42Z,77.0,Charge 4
2020-12-26T02:50:48Z,78.0,Charge 4
2020-12-26T02:51:03Z,79.0,Charge 4
2020-12-26T02:51:08Z,80.0,Charge 4
2020-12-26T02:51:13Z,79.0,Charge 4
2020-12-26T02:51:23Z,80.0,Charge 4
2020-12-26T02:51:38Z,79.0,Charge 4
2020-12-26T02:51:53Z,80.0,Charge 4
2020-12-26T02:51:58Z,79.0,Charge 4
2020-12-26T02:52:03Z,78.0,Charge 4
2020-12-26T02:52:13Z,79.0,Charge 4
2020-12-26T02:52:18Z,78.0,Charge 4
2020-12-26T02:52:23Z,79.0,Charge 4
2020-12-26T02:52:38Z,79.0,Charge 4
2020-12-26T02:52:53Z,80.0,Charge 4
2020-12-26T02:53:03Z,79.0,Charge 4
2020-12-26T02:53:18Z,78.0,Charge 4
2020-12-26T02:53:28Z,79.0,Charge 4
2020-12-26T02:53:38Z,80.0,Charge 4
2020-12-26T02:53:48Z,79.0,Charge 4
2020-12-26T02:53:58Z,80.0,Charge 4
2020-12-26T02:54:08Z,78.0,Charge 4
2020-12-26T02:54:23Z,78.0,Charge 4
2020-12-26T02:54:28Z,79.0,Charge 4
2020-12-26T02:54:43Z,79.0,Charge 4
2020-12-26T02:54:58Z,78.0,Charge 4
2020-12-26T02:55:03Z,77.0,Charge 4
2020-12-26T02:55:13Z,78.0,Charge 4
2020-12-26T02:55:18Z,78.0,Charge 4
2020-12-26T02:55:23Z,79.0,Charge 4
2020-12-26T02:55:38Z,79.0,Charge 4
2020-12-26T02:55:43Z,78.0,Charge 4
2020-12-26T02:55:53Z,79.0,Charge 4
2020-12-26T02:56:08Z,79.0,Charge 4
2020-12-26T02:56:23Z,79.0,Charge 4
2020-12-26T02:56:38Z,78.0,Charge 4
2020-12-26T02:56:43Z,77.0,Charge 4
2020-12-26T02:56:48Z,78.0,Charge 4
2020-12-26T02:56:58Z,77.0,Charge 4
2020-12-26T02:57:08Z,78.0,Charge 4
2020-12-26T02:57:13Z,79.0,Charge 4
2020-12-26T02:57:28Z,79.0,Charge 4
2020-12-26T02:57:33Z,79.0,Charge 4
2020-12-26T02:57:38Z,78.0,Charge 4
2020-12-26T02:57:53Z,78.0,Charge 4
2020-12-26T02:58:08Z,78.0,Charge 4
2020-12-26T02:58:23Z,78.0,Charge 4
2020-12-26T02:58:28Z,80.0,Charge 4
2020-12-26T02:58:38Z,79.0,Charge 4
2020-12-26T02:58:43Z,78.0,Charge 4
2020-12-26T02:58:48Z,77.0,Charge 4
2020-12-26T02:58:53Z,78.0,Charge 4
2020-12-26T02:59:03Z,79.0,Charge 4
2020-12-26T02:59:09Z,79.0,Charge 4
2020-12-26T02:59:24Z,78.0,Charge 4
2020-12-26T02:59:39Z,79.0,Charge 4
2020-12-26T02:59:49Z,78.0,Charge 4
2020-12-26T02:59:59Z,79.0,Charge 4
2020-12-26T03:00:04Z,80.0,Charge 4
2020-12-26T03:00:14Z,79.0,Charge 4
2020-12-26T03:00:29Z,79.0,Charge 4
2020-12-26T03:00:44Z,78.0,Charge 4
2020-12-26T03:00:59Z,78.0,Charge 4
2020-12-26T03:01:04Z,79.0,Charge 4
2020-12-26T03:01:14Z,80.0,Charge 4
2020-12-26T03:01:24Z,81.0,Charge 4
2020-12-26T03:01:29Z,80.0,Charge 4
2020-12-26T03:01:34Z,79.0,Charge 4
2020-12-26T03:01:39Z,78.0,Charge 4
2020-12-26T03:01:54Z,79.0,Charge 4
2020-12-26T03:01:59Z,80.0,Charge 4
2020-12-26T03:02:04Z,79.0,Charge 4
2020-12-26T03:02:19Z,79.0,Charge 4
2020-12-26T03:02:34Z,79.0,Charge 4
2020-12-26T03:02:39Z,78.0,Charge 4
2020-12-26T03:02:54Z,78.0,Charge 4
2020-12-26T03:02:59Z,79.0,Charge 4
2020-12-26T03:03:04Z,80.0,Charge 4
2020-12-26T03:03:09Z,79.0,Charge 4
2020-12-26T03:03:24Z,79.0,Charge 4
2020-12-26T03:03:29Z,79.0,Charge 4
2020-12-26T03:03:34Z,80.0,Charge 4
2020-12-26T03:03:44Z,78.0,Charge 4
2020-12-26T03:03:49Z,77.0,Charge 4
2020-12-26T03:03:59Z,78.0,Charge 4
2020-12-26T03:04:04Z,79.0,Charge 4
2020-12-26T03:04:09Z,80.0,Charge 4
2020-12-26T03:04:14Z,81.0,Charge 4
2020-12-26T03:04:19Z,80.0,Charge 4
2020-12-26T03:04:29Z,79.0,Charge 4
2020-12-26T03:04:44Z,79.0,Charge 4
2020-12-26T03:04:59Z,79.0,Charge 4
2020-12-26T03:05:09Z,79.0,Charge 4
2020-12-26T03:05:19Z,80.0,Charge 4
2020-12-26T03:05:34Z,80.0,Charge 4
2020-12-26T03:05:44Z,79.0,Charge 4
2020-12-26T03:05:54Z,80.0,Charge 4
2020-12-26T03:06:09Z,80.0,Charge 4
2020-12-26T03:06:19Z,78.0,Charge 4
2020-12-26T03:06:29Z,79.0,Charge 4
2020-12-26T03:06:34Z,80.0,Charge 4
2020-12-26T03:06:44Z,79.0,Charge 4
2020-12-26T03:06:54Z,78.0,Charge 4
2020-12-26T03:07:04Z,77.0,Charge 4
2020-12-26T03:07:09Z,78.0,Charge 4
2020-12-26T03:07:15Z,78.0,Charge 4
2020-12-26T03:07:30Z,79.0,Charge 4
2020-12-26T03:07:45Z,79.0,Charge 4
2020-12-26T03:08:00Z,79.0,Charge 4
2020-12-26T03:08:10Z,79.0,Charge 4
2020-12-26T03:08:20Z,80.0,Charge 4
2020-12-26T03:08:35Z,81.0,Charge 4
2020-12-26T03:08:40Z,80.0,Charge 4
2020-12-26T03:08:45Z,79.0,Charge 4
2020-12-26T03:08:50Z,78.0,Charge 4
2020-12-26T03:09:05Z,78.0,Charge 4
2020-12-26T03:09:10Z,79.0,Charge 4
2020-12-26T03:09:15Z,80.0,Charge 4
2020-12-26T03:09:20Z,81.0,Charge 4
2020-12-26T03:09:30Z,80.0,Charge 4
2020-12-26T03:09:35Z,79.0,Charge 4
2020-12-26T03:09:45Z,80.0,Charge 4
2020-12-26T03:10:00Z,79.0,Charge 4
2020-12-26T03:10:10Z,80.0,Charge 4
2020-12-26T03:10:25Z,79.0,Charge 4
2020-12-26T03:10:30Z,80.0,Charge 4
2020-12-26T03:10:35Z,79.0,Charge 4
2020-12-26T03:10:50Z,79.0,Charge 4
2020-12-26T03:11:05Z,80.0,Charge 4
2020-12-26T03:11:10Z,79.0,Charge 4
2020-12-26T03:11:20Z,80.0,Charge 4
2020-12-26T03:11:26Z,80.0,Charge 4
2020-12-26T03:11:31Z,79.0,Charge 4
2020-12-26T03:11:46Z,80.0,Charge 4
2020-12-26T03:11:51Z,81.0,Charge 4
2020-12-26T03:11:56Z,80.0,Charge 4
2020-12-26T03:12:01Z,79.0,Charge 4
2020-12-26T03:12:11Z,80.0,Charge 4
2020-12-26T03:12:16Z,81.0,Charge 4
2020-12-26T03:12:31Z,81.0,Charge 4
2020-12-26T03:12:36Z,80.0,Charge 4
2020-12-26T03:12:46Z,79.0,Charge 4
2020-12-26T03:12:56Z,80.0,Charge 4
2020-12-26T03:13:01Z,79.0,Charge 4
2020-12-26T03:13:06Z,80.0,Charge 4
2020-12-26T03:13:11Z,81.0,Charge 4
2020-12-26T03:13:26Z,80.0,Charge 4
2020-12-26T03:13:36Z,81.0,Charge 4
2020-12-26T03:13:46Z,80.0,Charge 4
2020-12-26T03:14:01Z,80.0,Charge 4
2020-12-26T03:14:06Z,81.0,Charge 4
2020-12-26T03:14:11Z,80.0,Charge 4
2020-12-26T03:14:16Z,79.0,Charge 4
2020-12-26T03:14:31Z,80.0,Charge 4
2020-12-26T03:14:46Z,80.0,Charge 4
2020-12-26T03:14:51Z,79.0,Charge 4
2020-12-26T03:15:06Z,79.0,Charge 4
2020-12-26T03:15:11Z,80.0,Charge 4
2020-12-26T03:15:16Z,80.0,Charge 4
2020-12-26T03:15:31Z,81.0,Charge 4
2020-12-26T03:15:36Z,80.0,Charge 4
2020-12-26T03:15:41Z,79.0,Charge 4
2020-12-26T03:15:51Z,80.0,Charge 4
2020-12-26T03:16:01Z,81.0,Charge 4
2020-12-26T03:16:06Z,80.0,Charge 4
2020-12-26T03:16:21Z,80.0,Charge 4
2020-12-26T03:16:36Z,81.0,Charge 4
2020-12-26T03:16:51Z,79.0,Charge 4
2020-12-26T03:17:06Z,79.0,Charge 4
2020-12-26T03:17:16Z,80.0,Charge 4
2020-12-26T03:17:21Z,81.0,Charge 4
2020-12-26T03:17:26Z,82.0,Charge 4
2020-12-26T03:17:31Z,81.0,Charge 4
2020-12-26T03:17:41Z,80.0,Charge 4
2020-12-26T03:17:51Z,79.0,Charge 4
2020-12-26T03:18:01Z,80.0,Charge 4
2020-12-26T03:18:06Z,79.0,Charge 4
2020-12-26T03:18:11Z,80.0,Charge 4
2020-12-26T03:18:26Z,80.0,Charge 4
2020-12-26T03:18:41Z,79.0,Charge 4
2020-12-26T03:18:46Z,81.0,Charge 4
2020-12-26T03:18:56Z,80.0,Charge 4
2020-12-26T03:19:11Z,80.0,Charge 4
2020-12-26T03:19:12Z,79.0,Charge 4
2020-12-26T03:19:22Z,80.0,Charge 4
2020-12-26T03:19:37Z,79.0,Charge 4
2020-12-26T03:19:47Z,80.0,Charge 4
2020-12-26T03:19:52Z,82.0,Charge 4
2020-12-26T03:20:02Z,81.0,Charge 4
2020-12-26T03:20:17Z,80.0,Charge 4
2020-12-26T03:20:22Z,81.0,Charge 4
2020-12-26T03:20:37Z,81.0,Charge 4
2020-12-26T03:20:42Z,80.0,Charge 4
2020-12-26T03:20:47Z,79.0,Charge 4
2020-12-26T03:20:57Z,81.0,Charge 4
2020-12-26T03:21:07Z,80.0,Charge 4
2020-12-26T03:21:17Z,79.0,Charge 4
2020-12-26T03:21:27Z,80.0,Charge 4
2020-12-26T03:21:37Z,81.0,Charge 4
2020-12-26T03:21:52Z,81.0,Charge 4
2020-12-26T03:22:07Z,81.0,Charge 4
2020-12-26T03:22:12Z,80.0,Charge 4
2020-12-26T03:22:22Z,81.0,Charge 4
2020-12-26T03:22:27Z,82.0,Charge 4
2020-12-26T03:22:42Z,81.0,Charge 4
2020-12-26T03:22:57Z,81.0,Charge 4
2020-12-26T03:23:12Z,81.0,Charge 4
2020-12-26T03:23:17Z,80.0,Charge 4
2020-12-26T03:23:32Z,81.0,Charge 4
2020-12-26T03:23:37Z,82.0,Charge 4
2020-12-26T03:23:42Z,82.0,Charge 4
2020-12-26T03:23:57Z,82.0,Charge 4
2020-12-26T03:24:02Z,80.0,Charge 4
2020-12-26T03:24:12Z,81.0,Charge 4
2020-12-26T03:24:17Z,82.0,Charge 4
2020-12-26T03:24:27Z,80.0,Charge 4
2020-12-26T03:24:42Z,80.0,Charge 4
2020-12-26T03:24:47Z,81.0,Charge 4
2020-12-26T03:25:02Z,81.0,Charge 4
2020-12-26T03:25:12Z,82.0,Charge 4
2020-12-26T03:25:17Z,81.0,Charge 4
2020-12-26T03:25:32Z,81.0,Charge 4
2020-12-26T03:25:47Z,81.0,Charge 4
2020-12-26T03:26:02Z,80.0,Charge 4
2020-12-26T03:26:07Z,81.0,Charge 4
2020-12-26T03:26:12Z,80.0,Charge 4
2020-12-26T03:26:17Z,79.0,Charge 4
2020-12-26T03:26:27Z,81.0,Charge 4
2020-12-26T03:26:37Z,82.0,Charge 4
2020-12-26T03:26:47Z,80.0,Charge 4
2020-12-26T03:27:02Z,80.0,Charge 4
2020-12-26T03:27:07Z,83.0,Charge 4
2020-12-26T03:27:17Z,81.0,Charge 4
2020-12-26T03:27:23Z,80.0,Charge 4
2020-12-26T03:27:38Z,82.0,Charge 4
2020-12-26T03:27:43Z,83.0,Charge 4
2020-12-26T03:27:58Z,87.0,Charge 4
2020-12-26T03:28:03Z,86.0,Charge 4
2020-12-26T03:28:08Z,81.0,Charge 4
2020-12-26T03:28:13Z,80.0,Charge 4
2020-12-26T03:28:18Z,80.0,Charge 4
2020-12-26T03:28:23Z,79.0,Charge 4
2020-12-26T03:28:28Z,79.0,Charge 4
2020-12-26T03:28:38Z,80.0,Charge 4
2020-12-26T03:28:53Z,79.0,Charge 4
2020-12-26T03:29:08Z,79.0,Charge 4
2020-12-26T03:29:23Z,79.0,Charge 4
2020-12-26T03:29:28Z,80.0,Charge 4
2020-12-26T03:29:33Z,81.0,Charge 4
2020-12-26T03:29:38Z,80.0,Charge 4
2020-12-26T03:29:48Z,81.0,Charge 4
2020-12-26T03:29:58Z,80.0,Charge 4
2020-12-26T03:30:03Z,79.0,Charge 4
2020-12-26T03:30:08Z,78.0,Charge 4
2020-12-26T03:30:13Z,79.0,Charge 4
2020-12-26T03:30:23Z,78.0,Charge 4
2020-12-26T03:30:33Z,79.0,Charge 4
2020-12-26T03:30:48Z,79.0,Charge 4
2020-12-26T03:31:03Z,79.0,Charge 4
2020-12-26T03:31:18Z,79.0,Charge 4
2020-12-26T03:31:19Z,79.0,Charge 4
2020-12-26T03:31:24Z,78.0,Charge 4
2020-12-26T03:31:39Z,78.0,Charge 4
2020-12-26T03:31:44Z,79.0,Charge 4
2020-12-26T03:31:49Z,80.0,Charge 4
2020-12-26T03:32:04Z,79.0,Charge 4
2020-12-26T03:32:09Z,78.0,Charge 4
2020-12-26T03:32:19Z,79.0,Charge 4
2020-12-26T03:32:24Z,78.0,Charge 4
2020-12-26T03:32:39Z,80.0,Charge 4
2020-12-26T03:32:44Z,81.0,Charge 4
2020-12-26T03:32:54Z,82.0,Charge 4
2020-12-26T03:32:59Z,81.0,Charge 4
2020-12-26T03:33:04Z,80.0,Charge 4
2020-12-26T03:33:09Z,79.0,Charge 4
2020-12-26T03:33:24Z,78.0,Charge 4
2020-12-26T03:33:34Z,77.0,Charge 4
2020-12-26T03:33:49Z,79.0,Charge 4
2020-12-26T03:33:54Z,80.0,Charge 4
2020-12-26T03:34:04Z,79.0,Charge 4
2020-12-26T03:34:19Z,79.0,Charge 4
2020-12-26T03:34:29Z,79.0,Charge 4
2020-12-26T03:34:39Z,80.0,Charge 4
2020-12-26T03:34:44Z,78.0,Charge 4
2020-12-26T03:34:49Z,77.0,Charge 4
2020-12-26T03:34:59Z,78.0,Charge 4
2020-12-26T03:35:09Z,79.0,Charge 4
2020-12-26T03:35:14Z,79.0,Charge 4
2020-12-26T03:35:24Z,78.0,Charge 4
2020-12-26T03:35:29Z,79.0,Charge 4
2020-12-26T03:35:44Z,79.0,Charge 4
2020-12-26T03:35:49Z,80.0,Charge 4
2020-12-26T03:35:54Z,79.0,Charge 4
2020-12-26T03:36:04Z,80.0,Charge 4
2020-12-26T03:36:09Z,79.0,Charge 4
2020-12-26T03:36:24Z,79.0,Charge 4
2020-12-26T03:36:29Z,80.0,Charge 4
2020-12-26T03:36:39Z,79.0,Charge 4
2020-12-26T03:36:54Z,79.0,Charge 4
2020-12-26T03:37:09Z,80.0,Charge 4
2020-12-26T03:37:19Z,79.0,Charge 4
2020-12-26T03:37:29Z,78.0,Charge 4
2020-12-26T03:37:34Z,77.0,Charge 4
2020-12-26T03:37:39Z,78.0,Charge 4
2020-12-26T03:37:44Z,79.0,Charge 4
2020-12-26T03:37:49Z,80.0,Charge 4
2020-12-26T03:37:59Z,79.0,Charge 4
2020-12-26T03:38:14Z,79.0,Charge 4
2020-12-26T03:38:19Z,78.0,Charge 4
2020-12-26T03:38:29Z,79.0,Charge 4
2020-12-26T03:38:34Z,80.0,Charge 4
2020-12-26T03:38:44Z,79.0,Charge 4
2020-12-26T03:38:59Z,79.0,Charge 4
2020-12-26T03:39:05Z,77.0,Charge 4
2020-12-26T03:39:10Z,78.0,Charge 4
2020-12-26T03:39:15Z,79.0,Charge 4
2020-12-26T03:39:20Z,80.0,Charge 4
2020-12-26T03:39:25Z,81.0,Charge 4
2020-12-26T03:39:30Z,82.0,Charge 4
2020-12-26T03:39:35Z,81.0,Charge 4
2020-12-26T03:39:40Z,80.0,Charge 4
2020-12-26T03:39:45Z,79.0,Charge 4
2020-12-26T03:40:00Z,79.0,Charge 4
2020-12-26T03:40:05Z,80.0,Charge 4
2020-12-26T03:40:10Z,79.0,Charge 4
2020-12-26T03:40:20Z,78.0,Charge 4
2020-12-26T03:40:35Z,78.0,Charge 4
2020-12-26T03:40:50Z,78.0,Charge 4
2020-12-26T03:40:55Z,79.0,Charge 4
2020-12-26T03:41:00Z,80.0,Charge 4
2020-12-26T03:41:10Z,79.0,Charge 4
2020-12-26T03:41:15Z,80.0,Charge 4
2020-12-26T03:41:30Z,78.0,Charge 4
2020-12-26T03:41:45Z,79.0,Charge 4
2020-12-26T03:41:55Z,80.0,Charge 4
2020-12-26T03:42:00Z,81.0,Charge 4
2020-12-26T03:42:05Z,80.0,Charge 4
2020-12-26T03:42:10Z,79.0,Charge 4
2020-12-26T03:42:25Z,77.0,Charge 4
2020-12-26T03:42:30Z,78.0,Charge 4
2020-12-26T03:42:35Z,79.0,Charge 4
2020-12-26T03:42:40Z,80.0,Charge 4
2020-12-26T03:42:45Z,79.0,Charge 4
2020-12-26T03:42:55Z,81.0,Charge 4
2020-12-26T03:43:00Z,80.0,Charge 4
2020-12-26T03:43:05Z,79.0,Charge 4
2020-12-26T03:43:10Z,78.0,Charge 4
2020-12-26T03:43:25Z,78.0,Charge 4
2020-12-26T03:43:30Z,79.0,Charge 4
2020-12-26T03:43:35Z,80.0,Charge 4
2020-12-26T03:43:50Z,80.0,Charge 4
2020-12-26T03:44:00Z,79.0,Charge 4
2020-12-26T03:44:15Z,79.0,Charge 4
2020-12-26T03:44:30Z,79.0,Charge 4
2020-12-26T03:44:40Z,81.0,Charge 4
2020-12-26T03:44:55Z,81.0,Charge 4
2020-12-26T03:45:00Z,78.0,Charge 4
2020-12-26T03:45:10Z,79.0,Charge 4
2020-12-26T03:45:15Z,80.0,Charge 4
2020-12-26T03:45:25Z,79.0,Charge 4
2020-12-26T03:45:35Z,78.0,Charge 4
2020-12-26T03:45:50Z,78.0,Charge 4
2020-12-26T03:45:55Z,80.0,Charge 4
2020-12-26T03:46:00Z,81.0,Charge 4
2020-12-26T03:46:06Z,81.0,Charge 4
2020-12-26T03:46:16Z,82.0,Charge 4
2020-12-26T03:46:21Z,80.0,Charge 4
2020-12-26T03:46:36Z,80.0,Charge 4
2020-12-26T03:46:46Z,79.0,Charge 4
2020-12-26T03:47:01Z,79.0,Charge 4
2020-12-26T03:47:06Z,80.0,Charge 4
2020-12-26T03:47:11Z,81.0,Charge 4
2020-12-26T03:47:21Z,80.0,Charge 4
2020-12-26T03:47:26Z,79.0,Charge 4
2020-12-26T03:47:41Z,79.0,Charge 4
2020-12-26T03:47:51Z,80.0,Charge 4
2020-12-26T03:48:06Z,80.0,Charge 4
2020-12-26T03:48:16Z,79.0,Charge 4
2020-12-26T03:48:26Z,78.0,Charge 4
2020-12-26T03:48:36Z,79.0,Charge 4
2020-12-26T03:48:46Z,80.0,Charge 4
2020-12-26T03:48:51Z,82.0,Charge 4
2020-12-26T03:49:01Z,81.0,Charge 4
2020-12-26T03:49:06Z,80.0,Charge 4
2020-12-26T03:49:11Z,78.0,Charge 4
2020-12-26T03:49:26Z,79.0,Charge 4
2020-12-26T03:49:36Z,80.0,Charge 4
2020-12-26T03:49:46Z,81.0,Charge 4
2020-12-26T03:49:51Z,80.0,Charge 4
2020-12-26T03:49:56Z,79.0,Charge 4
2020-12-26T03:50:06Z,80.0,Charge 4
2020-12-26T03:50:11Z,81.0,Charge 4
2020-12-26T03:50:16Z,80.0,Charge 4
2020-12-26T03:50:26Z,81.0,Charge 4
2020-12-26T03:50:36Z,82.0,Charge 4
2020-12-26T03:50:41Z,83.0,Charge 4
2020-12-26T03:50:46Z,82.0,Charge 4
2020-12-26T03:50:51Z,80.0,Charge 4
2020-12-26T03:50:56Z,79.0,Charge 4
2020-12-26T03:51:01Z,78.0,Charge 4
2020-12-26T03:51:11Z,79.0,Charge 4
2020-12-26T03:51:16Z,80.0,Charge 4
2020-12-26T03:51:26Z,81.0,Charge 4
2020-12-26T03:51:31Z,80.0,Charge 4
2020-12-26T03:51:46Z,80.0,Charge 4
2020-12-26T03:51:56Z,80.0,Charge 4
2020-12-26T03:52:11Z,80.0,Charge 4
2020-12-26T03:52:21Z,82.0,Charge 4
2020-12-26T03:52:31Z,83.0,Charge 4
2020-12-26T03:52:36Z,82.0,Charge 4
2020-12-26T03:52:41Z,81.0,Charge 4
2020-12-26T03:52:46Z,80.0,Charge 4
2020-12-26T03:52:56Z,81.0,Charge 4
2020-12-26T03:53:01Z,82.0,Charge 4
2020-12-26T03:53:11Z,87.0,Charge 4
2020-12-26T03:53:16Z,91.0,Charge 4
2020-12-26T03:53:22Z,92.0,Charge 4
2020-12-26T03:53:27Z,94.0,Charge 4
2020-12-26T03:53:32Z,93.0,Charge 4
2020-12-26T03:53:37Z,91.0,Charge 4
2020-12-26T03:53:42Z,88.0,Charge 4
2020-12-26T03:53:57Z,91.0,Charge 4
2020-12-26T03:54:02Z,93.0,Charge 4
2020-12-26T03:54:07Z,90.0,Charge 4
2020-12-26T03:54:12Z,84.0,Charge 4
2020-12-26T03:54:17Z,83.0,Charge 4
2020-12-26T03:54:27Z,82.0,Charge 4
2020-12-26T03:54:32Z,81.0,Charge 4
2020-12-26T03:54:37Z,80.0,Charge 4
2020-12-26T03:54:42Z,79.0,Charge 4
2020-12-26T03:54:57Z,82.0,Charge 4
2020-12-26T03:55:02Z,84.0,Charge 4
2020-12-26T03:55:12Z,83.0,Charge 4
2020-12-26T03:55:22Z,82.0,Charge 4
2020-12-26T03:55:27Z,81.0,Charge 4
2020-12-26T03:55:32Z,80.0,Charge 4
2020-12-26T03:55:37Z,79.0,Charge 4
2020-12-26T03:55:42Z,80.0,Charge 4
2020-12-26T03:55:47Z,81.0,Charge 4
2020-12-26T03:55:52Z,82.0,Charge 4
2020-12-26T03:55:57Z,83.0,Charge 4
2020-12-26T03:56:12Z,84.0,Charge 4
2020-12-26T03:56:17Z,85.0,Charge 4
2020-12-26T03:56:22Z,85.0,Charge 4
2020-12-26T03:56:27Z,84.0,Charge 4
2020-12-26T03:56:32Z,82.0,Charge 4
2020-12-26T03:56:37Z,81.0,Charge 4
2020-12-26T03:56:47Z,82.0,Charge 4
2020-12-26T03:56:52Z,83.0,Charge 4
2020-12-26T03:56:57Z,81.0,Charge 4
2020-12-26T03:57:02Z,80.0,Charge 4
2020-12-26T03:57:07Z,79.0,Charge 4
2020-12-26T03:57:22Z,79.0,Charge 4
2020-12-26T03:57:32Z,82.0,Charge 4
2020-12-26T03:57:37Z,85.0,Charge 4
2020-12-26T03:57:42Z,86.0,Charge 4
2020-12-26T03:57:47Z,87.0,Charge 4
2020-12-26T03:57:52Z,86.0,Charge 4
2020-12-26T03:57:57Z,85.0,Charge 4
2020-12-26T03:58:02Z,82.0,Charge 4
2020-12-26T03:58:07Z,80.0,Charge 4
2020-12-26T03:58:12Z,78.0,Charge 4
2020-12-26T03:58:17Z,77.0,Charge 4
2020-12-26T03:58:27Z,78.0,Charge 4
2020-12-26T03:58:32Z,79.0,Charge 4
2020-12-26T03:58:37Z,81.0,Charge 4
2020-12-26T03:58:42Z,87.0,Charge 4
2020-12-26T03:58:52Z,85.0,Charge 4
2020-12-26T03:58:57Z,83.0,Charge 4
2020-12-26T03:59:02Z,81.0,Charge 4
2020-12-26T03:59:08Z,81.0,Charge 4
2020-12-26T03:59:23Z,80.0,Charge 4
2020-12-26T03:59:33Z,83.0,Charge 4
2020-12-26T03:59:38Z,85.0,Charge 4
2020-12-26T03:59:43Z,86.0,Charge 4
2020-12-26T03:59:48Z,85.0,Charge 4
2020-12-26T03:59:53Z,83.0,Charge 4
2020-12-26T03:59:58Z,81.0,Charge 4
2020-12-26T04:00:13Z,82.0,Charge 4
2020-12-26T04:00:23Z,83.0,Charge 4
2020-12-26T04:00:28Z,81.0,Charge 4
2020-12-26T04:00:33Z,79.0,Charge 4
2020-12-26T04:00:48Z,81.0,Charge 4
2020-12-26T04:00:53Z,82.0,Charge 4
2020-12-26T04:00:58Z,81.0,Charge 4
2020-12-26T04:01:03Z,80.0,Charge 4
2020-12-26T04:01:08Z,79.0,Charge 4
2020-12-26T04:01:13Z,78.0,Charge 4
2020-12-26T04:01:23Z,79.0,Charge 4
2020-12-26T04:01:33Z,77.0,Charge 4
2020-12-26T04:01:43Z,78.0,Charge 4
2020-12-26T04:01:48Z,82.0,Charge 4
2020-12-26T04:01:53Z,84.0,Charge 4
2020-12-26T04:02:03Z,83.0,Charge 4
2020-12-26T04:02:13Z,84.0,Charge 4
2020-12-26T04:02:18Z,83.0,Charge 4
2020-12-26T04:02:23Z,81.0,Charge 4
2020-12-26T04:02:28Z,81.0,Charge 4
2020-12-26T04:02:33Z,82.0,Charge 4
2020-12-26T04:02:38Z,84.0,Charge 4
2020-12-26T04:02:48Z,83.0,Charge 4
2020-12-26T04:02:53Z,80.0,Charge 4
2020-12-26T04:02:58Z,77.0,Charge 4
2020-12-26T04:03:13Z,77.0,Charge 4
2020-12-26T04:03:18Z,78.0,Charge 4
2020-12-26T04:03:33Z,77.0,Charge 4
2020-12-26T04:03:43Z,76.0,Charge 4
2020-12-26T04:03:53Z,77.0,Charge 4
2020-12-26T04:03:58Z,78.0,Charge 4
2020-12-26T04:04:03Z,83.0,Charge 4
2020-12-26T04:04:08Z,90.0,Charge 4
2020-12-26T04:04:13Z,94.0,Charge 4
2020-12-26T04:04:23Z,90.0,Charge 4
2020-12-26T04:04:28Z,87.0,Charge 4
2020-12-26T04:04:33Z,84.0,Charge 4
2020-12-26T04:04:38Z,82.0,Charge 4
2020-12-26T04:04:53Z,82.0,Charge 4
2020-12-26T04:04:58Z,84.0,Charge 4
2020-12-26T04:05:08Z,83.0,Charge 4
2020-12-26T04:05:18Z,82.0,Charge 4
2020-12-26T04:05:23Z,81.0,Charge 4
2020-12-26T04:05:28Z,80.0,Charge 4
2020-12-26T04:05:33Z,79.0,Charge 4
2020-12-26T04:05:39Z,80.0,Charge 4
2020-12-26T04:05:49Z,82.0,Charge 4
2020-12-26T04:05:59Z,83.0,Charge 4
2020-12-26T04:06:04Z,82.0,Charge 4
2020-12-26T04:06:19Z,83.0,Charge 4
2020-12-26T04:06:34Z,83.0,Charge 4
2020-12-26T04:06:39Z,82.0,Charge 4
2020-12-26T04:06:54Z,82.0,Charge 4
2020-12-26T04:07:04Z,81.0,Charge 4
2020-12-26T04:07:14Z,80.0,Charge 4
2020-12-26T04:07:29Z,80.0,Charge 4
2020-12-26T04:07:44Z,81.0,Charge 4
2020-12-26T04:07:59Z,81.0,Charge 4
2020-12-26T04:08:04Z,82.0,Charge 4
2020-12-26T04:08:19Z,82.0,Charge 4
2020-12-26T04:08:24Z,81.0,Charge 4
2020-12-26T04:08:34Z,80.0,Charge 4
2020-12-26T04:08:49Z,80.0,Charge 4
2020-12-26T04:08:54Z,81.0,Charge 4
2020-12-26T04:09:09Z,80.0,Charge 4
2020-12-26T04:09:24Z,80.0,Charge 4
2020-12-26T04:09:29Z,79.0,Charge 4
2020-12-26T04:09:34Z,78.0,Charge 4
2020-12-26T04:09:39Z,78.0,Charge 4
2020-12-26T04:09:44Z,80.0,Charge 4
2020-12-26T04:09:49Z,83.0,Charge 4
2020-12-26T04:09:54Z,82.0,Charge 4
2020-12-26T04:09:59Z,81.0,Charge 4
2020-12-26T04:10:04Z,80.0,Charge 4
2020-12-26T04:10:09Z,79.0,Charge 4
2020-12-26T04:10:14Z,78.0,Charge 4
2020-12-26T04:10:29Z,78.0,Charge 4
2020-12-26T04:10:34Z,79.0,Charge 4
2020-12-26T04:10:39Z,80.0,Charge 4
2020-12-26T04:10:54Z,80.0,Charge 4
2020-12-26T04:11:09Z,79.0,Charge 4
2020-12-26T04:11:14Z,78.0,Charge 4
2020-12-26T04:11:24Z,77.0,Charge 4
2020-12-26T04:11:39Z,77.0,Charge 4
2020-12-26T04:11:44Z,78.0,Charge 4
2020-12-26T04:11:49Z,79.0,Charge 4
2020-12-26T04:11:59Z,81.0,Charge 4
2020-12-26T04:12:04Z,82.0,Charge 4
2020-12-26T04:12:14Z,80.0,Charge 4
2020-12-26T04:12:19Z,79.0,Charge 4
2020-12-26T04:12:24Z,78.0,Charge 4
2020-12-26T04:12:34Z,77.0,Charge 4
2020-12-26T04:12:49Z,77.0,Charge 4
2020-12-26T04:13:04Z,78.0,Charge 4
2020-12-26T04:13:14Z,80.0,Charge 4
2020-12-26T04:13:24Z,81.0,Charge 4
2020-12-26T04:13:30Z,80.0,Charge 4
2020-12-26T04:13:45Z,80.0,Charge 4
2020-12-26T04:13:50Z,79.0,Charge 4
2020-12-26T04:14:00Z,80.0,Charge 4
2020-12-26T04:14:05Z,79.0,Charge 4
2020-12-26T04:14:20Z,79.0,Charge 4
2020-12-26T04:14:25Z,80.0,Charge 4
2020-12-26T04:14:35Z,81.0,Charge 4
2020-12-26T04:14:40Z,82.0,Charge 4
2020-12-26T04:14:45Z,81.0,Charge 4
2020-12-26T04:14:50Z,80.0,Charge 4
2020-12-26T04:14:55Z,79.0,Charge 4
2020-12-26T04:15:00Z,78.0,Charge 4
2020-12-26T04:15:05Z,79.0,Charge 4
2020-12-26T04:15:10Z,80.0,Charge 4
2020-12-26T04:15:25Z,81.0,Charge 4
2020-12-26T04:15:30Z,82.0,Charge 4
2020-12-26T04:15:35Z,81.0,Charge 4
2020-12-26T04:15:50Z,81.0,Charge 4
2020-12-26T04:15:55Z,80.0,Charge 4
2020-12-26T04:16:05Z,79.0,Charge 4
2020-12-26T04:16:15Z,80.0,Charge 4
2020-12-26T04:16:25Z,81.0,Charge 4
2020-12-26T04:16:40Z,81.0,Charge 4
2020-12-26T04:16:45Z,80.0,Charge 4
2020-12-26T04:16:55Z,79.0,Charge 4
2020-12-26T04:17:10Z,79.0,Charge 4
2020-12-26T04:17:16Z,79.0,Charge 4
2020-12-26T04:17:21Z,78.0,Charge 4
2020-12-26T04:17:26Z,77.0,Charge 4
2020-12-26T04:17:41Z,77.0,Charge 4
2020-12-26T04:17:56Z,76.0,Charge 4
2020-12-26T04:18:11Z,76.0,Charge 4
2020-12-26T04:18:21Z,77.0,Charge 4
2020-12-26T04:18:26Z,78.0,Charge 4
2020-12-26T04:18:41Z,79.0,Charge 4
2020-12-26T04:18:46Z,79.0,Charge 4
2020-12-26T04:18:51Z,78.0,Charge 4
2020-12-26T04:18:56Z,77.0,Charge 4
2020-12-26T04:19:01Z,75.0,Charge 4
2020-12-26T04:19:11Z,76.0,Charge 4
2020-12-26T04:19:16Z,77.0,Charge 4
2020-12-26T04:19:21Z,78.0,Charge 4
2020-12-26T04:19:26Z,79.0,Charge 4
2020-12-26T04:19:36Z,78.0,Charge 4
2020-12-26T04:19:41Z,77.0,Charge 4
2020-12-26T04:19:46Z,76.0,Charge 4
2020-12-26T04:20:01Z,76.0,Charge 4
2020-12-26T04:20:11Z,75.0,Charge 4
2020-12-26T04:20:21Z,76.0,Charge 4
2020-12-26T04:20:26Z,77.0,Charge 4
2020-12-26T04:20:41Z,77.0,Charge 4
2020-12-26T04:20:51Z,78.0,Charge 4
2020-12-26T04:20:56Z,77.0,Charge 4
2020-12-26T04:21:01Z,77.0,Charge 4
2020-12-26T04:21:16Z,78.0,Charge 4
2020-12-26T04:21:26Z,77.0,Charge 4
2020-12-26T04:21:36Z,78.0,Charge 4
2020-12-26T04:21:46Z,79.0,Charge 4
2020-12-26T04:22:01Z,79.0,Charge 4
2020-12-26T04:22:16Z,77.0,Charge 4
2020-12-26T04:22:31Z,77.0,Charge 4
2020-12-26T04:22:36Z,76.0,Charge 4
2020-12-26T04:22:51Z,76.0,Charge 4
2020-12-26T04:23:06Z,77.0,Charge 4
2020-12-26T04:23:11Z,78.0,Charge 4
2020-12-26T04:23:21Z,77.0,Charge 4
2020-12-26T04:23:26Z,78.0,Charge 4
2020-12-26T04:23:41Z,78.0,Charge 4
2020-12-26T04:23:56Z,78.0,Charge 4
2020-12-26T04:24:11Z,79.0,Charge 4
2020-12-26T04:24:16Z,77.0,Charge 4
2020-12-26T04:24:26Z,76.0,Charge 4
2020-12-26T04:24:36Z,76.0,Charge 4
2020-12-26T04:24:46Z,78.0,Charge 4
2020-12-26T04:24:51Z,82.0,Charge 4
2020-12-26T04:24:56Z,83.0,Charge 4
2020-12-26T04:25:01Z,84.0,Charge 4
2020-12-26T04:25:06Z,84.0,Charge 4
2020-12-26T04:25:12Z,84.0,Charge 4
2020-12-26T04:25:27Z,85.0,Charge 4
2020-12-26T04:25:32Z,85.0,Charge 4
2020-12-26T04:25:37Z,83.0,Charge 4
2020-12-26T04:25:42Z,80.0,Charge 4
2020-12-26T04:25:47Z,79.0,Charge 4
2020-12-26T04:25:52Z,77.0,Charge 4
2020-12-26T04:25:57Z,77.0,Charge 4
2020-12-26T04:26:07Z,79.0,Charge 4
2020-12-26T04:26:17Z,80.0,Charge 4
2020-12-26T04:26:27Z,79.0,Charge 4
2020-12-26T04:26:37Z,79.0,Charge 4
2020-12-26T04:26:42Z,80.0,Charge 4
2020-12-26T04:26:47Z,82.0,Charge 4
2020-12-26T04:26:52Z,83.0,Charge 4
2020-12-26T04:27:02Z,83.0,Charge 4
2020-12-26T04:27:07Z,82.0,Charge 4
2020-12-26T04:27:12Z,81.0,Charge 4
2020-12-26T04:27:17Z,80.0,Charge 4
2020-12-26T04:27:22Z,79.0,Charge 4
2020-12-26T04:27:27Z,77.0,Charge 4
2020-12-26T04:27:32Z,77.0,Charge 4
2020-12-26T04:27:42Z,76.0,Charge 4
2020-12-26T04:27:57Z,75.0,Charge 4
2020-12-26T04:28:07Z,79.0,Charge 4
2020-12-26T04:28:12Z,83.0,Charge 4
2020-12-26T04:28:22Z,84.0,Charge 4
2020-12-26T04:28:27Z,85.0,Charge 4
2020-12-26T04:28:32Z,84.0,Charge 4
2020-12-26T04:28:37Z,83.0,Charge 4
2020-12-26T04:28:42Z,82.0,Charge 4
2020-12-26T04:28:52Z,83.0,Charge 4
2020-12-26T04:28:57Z,83.0,Charge 4
2020-12-26T04:29:02Z,83.0,Charge 4
2020-12-26T04:29:12Z,82.0,Charge 4
2020-12-26T04:29:22Z,81.0,Charge 4
2020-12-26T04:29:32Z,80.0,Charge 4
2020-12-26T04:29:47Z,80.0,Charge 4
2020-12-26T04:29:57Z,81.0,Charge 4
2020-12-26T04:30:02Z,82.0,Charge 4
2020-12-26T04:30:07Z,83.0,Charge 4
2020-12-26T04:30:12Z,86.0,Charge 4
2020-12-26T04:30:17Z,88.0,Charge 4
2020-12-26T04:30:22Z,85.0,Charge 4
2020-12-26T04:30:27Z,81.0,Charge 4
2020-12-26T04:30:32Z,78.0,Charge 4
2020-12-26T04:30:37Z,77.0,Charge 4
2020-12-26T04:30:42Z,76.0,Charge 4
2020-12-26T04:30:47Z,75.0,Charge 4
2020-12-26T04:30:52Z,75.0,Charge 4
2020-12-26T04:31:07Z,75.0,Charge 4
2020-12-26T04:31:17Z,75.0,Charge 4
2020-12-26T04:31:23Z,84.0,Charge 4
2020-12-26T04:31:28Z,88.0,Charge 4
2020-12-26T04:31:38Z,88.0,Charge 4
2020-12-26T04:31:43Z,87.0,Charge 4
2020-12-26T04:31:48Z,85.0,Charge 4
2020-12-26T04:31:53Z,84.0,Charge 4
2020-12-26T04:31:58Z,81.0,Charge 4
2020-12-26T04:32:03Z,79.0,Charge 4
2020-12-26T04:32:08Z,77.0,Charge 4
2020-12-26T04:32:23Z,76.0,Charge 4
2020-12-26T04:32:28Z,77.0,Charge 4
2020-12-26T04:32:33Z,76.0,Charge 4
2020-12-26T04:32:38Z,75.0,Charge 4
2020-12-26T04:32:43Z,74.0,Charge 4
2020-12-26T04:32:58Z,77.0,Charge 4
2020-12-26T04:33:03Z,81.0,Charge 4
2020-12-26T04:33:08Z,83.0,Charge 4
2020-12-26T04:33:18Z,81.0,Charge 4
2020-12-26T04:33:28Z,79.0,Charge 4
2020-12-26T04:33:33Z,77.0,Charge 4
2020-12-26T04:33:38Z,76.0,Charge 4
2020-12-26T04:33:53Z,77.0,Charge 4
2020-12-26T04:33:58Z,76.0,Charge 4
2020-12-26T04:34:03Z,77.0,Charge 4
2020-12-26T04:34:13Z,79.0,Charge 4
2020-12-26T04:34:18Z,80.0,Charge 4
2020-12-26T04:34:28Z,79.0,Charge 4
2020-12-26T04:34:33Z,79.0,Charge 4
2020-12-26T04:34:38Z,80.0,Charge 4
2020-12-26T04:34:43Z,79.0,Charge 4
2020-12-26T04:34:48Z,80.0,Charge 4
2020-12-26T04:34:53Z,81.0,Charge 4
2020-12-26T04:35:03Z,80.0,Charge 4
2020-12-26T04:35:08Z,79.0,Charge 4
2020-12-26T04:35:13Z,78.0,Charge 4
2020-12-26T04:35:18Z,77.0,Charge 4
2020-12-26T04:35:28Z,79.0,Charge 4
2020-12-26T04:35:33Z,81.0,Charge 4
2020-12-26T04:35:38Z,82.0,Charge 4
2020-12-26T04:35:48Z,80.0,Charge 4
2020-12-26T04:35:58Z,79.0,Charge 4
2020-12-26T04:36:08Z,80.0,Charge 4
2020-12-26T04:36:13Z,81.0,Charge 4
2020-12-26T04:36:18Z,82.0,Charge 4
2020-12-26T04:36:33Z,81.0,Charge 4
2020-12-26T04:36:38Z,80.0,Charge 4
2020-12-26T04:36:43Z,79.0,Charge 4
2020-12-26T04:36:48Z,78.0,Charge 4
2020-12-26T04:37:03Z,80.0,Charge 4
2020-12-26T04:37:08Z,81.0,Charge 4
2020-12-26T04:37:13Z,83.0,Charge 4
2020-12-26T04:37:18Z,84.0,Charge 4
2020-12-26T04:37:28Z,82.0,Charge 4
2020-12-26T04:37:33Z,81.0,Charge 4
2020-12-26T04:37:39Z,80.0,Charge 4
2020-12-26T04:37:44Z,81.0,Charge 4
2020-12-26T04:37:59Z,80.0,Charge 4
2020-12-26T04:38:14Z,80.0,Charge 4
2020-12-26T04:38:24Z,79.0,Charge 4
2020-12-26T04:38:39Z,80.0,Charge 4
2020-12-26T04:38:44Z,79.0,Charge 4
2020-12-26T04:38:49Z,78.0,Charge 4
2020-12-26T04:38:59Z,80.0,Charge 4
2020-12-26T04:39:04Z,81.0,Charge 4
2020-12-26T04:39:09Z,82.0,Charge 4
2020-12-26T04:39:14Z,83.0,Charge 4
2020-12-26T04:39:19Z,82.0,Charge 4
2020-12-26T04:39:29Z,81.0,Charge 4
2020-12-26T04:39:39Z,80.0,Charge 4
2020-12-26T04:39:44Z,79.0,Charge 4
2020-12-26T04:39:54Z,78.0,Charge 4
2020-12-26T04:40:04Z,79.0,Charge 4
2020-12-26T04:40:09Z,81.0,Charge 4
2020-12-26T04:40:14Z,82.0,Charge 4
2020-12-26T04:40:19Z,83.0,Charge 4
2020-12-26T04:40:24Z,82.0,Charge 4
2020-12-26T04:40:29Z,81.0,Charge 4
2020-12-26T04:40:39Z,82.0,Charge 4
2020-12-26T04:40:44Z,83.0,Charge 4
2020-12-26T04:40:49Z,82.0,Charge 4
2020-12-26T04:40:54Z,81.0,Charge 4
2020-12-26T04:40:59Z,81.0,Charge 4
2020-12-26T04:41:04Z,82.0,Charge 4
2020-12-26T04:41:09Z,84.0,Charge 4
2020-12-26T04:41:14Z,87.0,Charge 4
2020-12-26T04:41:19Z,88.0,Charge 4
2020-12-26T04:41:24Z,92.0,Charge 4
2020-12-26T04:41:29Z,95.0,Charge 4
2020-12-26T04:41:34Z,94.0,Charge 4
2020-12-26T04:41:39Z,90.0,Charge 4
2020-12-26T04:41:44Z,87.0,Charge 4
2020-12-26T04:41:49Z,86.0,Charge 4
2020-12-26T04:41:54Z,84.0,Charge 4
2020-12-26T04:41:59Z,81.0,Charge 4
2020-12-26T04:42:04Z,79.0,Charge 4
2020-12-26T04:42:09Z,78.0,Charge 4
2020-12-26T04:42:14Z,77.0,Charge 4
2020-12-26T04:42:19Z,76.0,Charge 4
2020-12-26T04:42:24Z,74.0,Charge 4
2020-12-26T04:42:34Z,74.0,Charge 4
2020-12-26T04:42:39Z,75.0,Charge 4
2020-12-26T04:42:44Z,76.0,Charge 4
2020-12-26T04:42:49Z,83.0,Charge 4
2020-12-26T04:42:54Z,91.0,Charge 4
2020-12-26T04:42:59Z,93.0,Charge 4
2020-12-26T04:43:04Z,90.0,Charge 4
2020-12-26T04:43:09Z,89.0,Charge 4
2020-12-26T04:43:14Z,87.0,Charge 4
2020-12-26T04:43:19Z,86.0,Charge 4
2020-12-26T04:43:24Z,83.0,Charge 4
2020-12-26T04:43:29Z,80.0,Charge 4
2020-12-26T04:43:34Z,77.0,Charge 4
2020-12-26T04:43:39Z,76.0,Charge 4
2020-12-26T04:43:49Z,79.0,Charge 4
2020-12-26T04:43:54Z,82.0,Charge 4
2020-12-26T04:43:59Z,83.0,Charge 4
2020-12-26T04:44:04Z,84.0,Charge 4
2020-12-26T04:44:09Z,83.0,Charge 4
2020-12-26T04:44:14Z,82.0,Charge 4
2020-12-26T04:44:19Z,80.0,Charge 4
2020-12-26T04:44:29Z,81.0,Charge 4
2020-12-26T04:44:39Z,80.0,Charge 4
2020-12-26T04:44:49Z,78.0,Charge 4
2020-12-26T04:44:54Z,76.0,Charge 4
2020-12-26T04:45:04Z,78.0,Charge 4
2020-12-26T04:45:09Z,79.0,Charge 4
2020-12-26T04:45:14Z,78.0,Charge 4
2020-12-26T04:45:19Z,77.0,Charge 4
2020-12-26T04:45:24Z,76.0,Charge 4
2020-12-26T04:45:34Z,78.0,Charge 4
2020-12-26T04:45:49Z,78.0,Charge 4
2020-12-26T04:46:04Z,79.0,Charge 4
2020-12-26T04:46:09Z,78.0,Charge 4
2020-12-26T04:46:15Z,78.0,Charge 4
2020-12-26T04:46:25Z,77.0,Charge 4
2020-12-26T04:46:30Z,76.0,Charge 4
2020-12-26T04:46:40Z,77.0,Charge 4
2020-12-26T04:46:45Z,78.0,Charge 4
2020-12-26T04:46:50Z,80.0,Charge 4
2020-12-26T04:46:55Z,81.0,Charge 4
2020-12-26T04:47:05Z,80.0,Charge 4
2020-12-26T04:47:10Z,79.0,Charge 4
2020-12-26T04:47:15Z,78.0,Charge 4
2020-12-26T04:47:20Z,77.0,Charge 4
2020-12-26T04:47:35Z,77.0,Charge 4
2020-12-26T04:47:50Z,78.0,Charge 4
2020-12-26T04:47:55Z,79.0,Charge 4
2020-12-26T04:48:00Z,80.0,Charge 4
2020-12-26T04:48:05Z,79.0,Charge 4
2020-12-26T04:48:10Z,78.0,Charge 4
2020-12-26T04:48:25Z,79.0,Charge 4
2020-12-26T04:48:30Z,77.0,Charge 4
2020-12-26T04:48:40Z,76.0,Charge 4
2020-12-26T04:48:50Z,77.0,Charge 4
2020-12-26T04:48:55Z,78.0,Charge 4
2020-12-26T04:49:00Z,77.0,Charge 4
2020-12-26T04:49:05Z,77.0,Charge 4
2020-12-26T04:49:10Z,78.0,Charge 4
2020-12-26T04:49:20Z,79.0,Charge 4
2020-12-26T04:49:35Z,79.0,Charge 4
2020-12-26T04:49:40Z,79.0,Charge 4
2020-12-26T04:49:45Z,80.0,Charge 4
2020-12-26T04:49:50Z,81.0,Charge 4
2020-12-26T04:49:55Z,80.0,Charge 4
2020-12-26T04:50:00Z,80.0,Charge 4
2020-12-26T04:50:15Z,81.0,Charge 4
2020-12-26T04:50:20Z,80.0,Charge 4
2020-12-26T04:50:35Z,82.0,Charge 4
2020-12-26T04:50:45Z,81.0,Charge 4
2020-12-26T04:50:50Z,80.0,Charge 4
2020-12-26T04:51:00Z,81.0,Charge 4
2020-12-26T04:51:05Z,82.0,Charge 4
2020-12-26T04:51:15Z,81.0,Charge 4
2020-12-26T04:51:30Z,81.0,Charge 4
2020-12-26T04:51:40Z,81.0,Charge 4
2020-12-26T04:51:55Z,81.0,Charge 4
2020-12-26T04:52:05Z,81.0,Charge 4
2020-12-26T04:52:10Z,82.0,Charge 4
2020-12-26T04:52:15Z,83.0,Charge 4
2020-12-26T04:52:20Z,82.0,Charge 4
2020-12-26T04:52:25Z,81.0,Charge 4
2020-12-26T04:52:30Z,80.0,Charge 4
2020-12-26T04:52:40Z,81.0,Charge 4
2020-12-26T04:52:45Z,80.0,Charge 4
2020-12-26T04:53:00Z,80.0,Charge 4
2020-12-26T04:53:01Z,81.0,Charge 4
2020-12-26T04:53:06Z,82.0,Charge 4
2020-12-26T04:53:21Z,82.0,Charge 4
2020-12-26T04:53:26Z,82.0,Charge 4
2020-12-26T04:53:31Z,82.0,Charge 4
2020-12-26T04:53:41Z,81.0,Charge 4
2020-12-26T04:53:46Z,81.0,Charge 4
2020-12-26T04:53:51Z,81.0,Charge 4
2020-12-26T04:54:06Z,81.0,Charge 4
2020-12-26T04:54:11Z,80.0,Charge 4
2020-12-26T04:54:21Z,81.0,Charge 4
2020-12-26T04:54:26Z,80.0,Charge 4
2020-12-26T04:54:31Z,79.0,Charge 4
2020-12-26T04:54:36Z,80.0,Charge 4
2020-12-26T04:54:46Z,80.0,Charge 4
2020-12-26T04:54:51Z,81.0,Charge 4
2020-12-26T04:55:01Z,80.0,Charge 4
2020-12-26T04:55:06Z,79.0,Charge 4
2020-12-26T04:55:21Z,79.0,Charge 4
2020-12-26T04:55:26Z,80.0,Charge 4
2020-12-26T04:55:41Z,77.0,Charge 4
2020-12-26T04:55:46Z,75.0,Charge 4
2020-12-26T04:55:51Z,76.0,Charge 4
2020-12-26T04:56:01Z,78.0,Charge 4
2020-12-26T04:56:06Z,79.0,Charge 4
2020-12-26T04:56:11Z,80.0,Charge 4
2020-12-26T04:56:16Z,81.0,Charge 4
2020-12-26T04:56:21Z,81.0,Charge 4
2020-12-26T04:56:31Z,81.0,Charge 4
2020-12-26T04:56:36Z,80.0,Charge 4
2020-12-26T04:56:51Z,80.0,Charge 4
2020-12-26T04:56:56Z,79.0,Charge 4
2020-12-26T04:57:06Z,80.0,Charge 4
2020-12-26T04:57:11Z,81.0,Charge 4
2020-12-26T04:57:16Z,82.0,Charge 4
2020-12-26T04:57:21Z,83.0,Charge 4
2020-12-26T04:57:31Z,85.0,Charge 4
2020-12-26T04:57:36Z,82.0,Charge 4
2020-12-26T04:57:41Z,80.0,Charge 4
2020-12-26T04:57:56Z,80.0,Charge 4
2020-12-26T04:58:11Z,80.0,Charge 4
2020-12-26T04:58:26Z,80.0,Charge 4
2020-12-26T04:58:31Z,79.0,Charge 4
2020-12-26T04:58:46Z,79.0,Charge 4
2020-12-26T04:58:51Z,81.0,Charge 4
2020-12-26T04:58:56Z,82.0,Charge 4
2020-12-26T04:59:01Z,81.0,Charge 4
2020-12-26T04:59:06Z,80.0,Charge 4
2020-12-26T04:59:11Z,79.0,Charge 4
2020-12-26T04:59:26Z,79.0,Charge 4
2020-12-26T04:59:41Z,79.0,Charge 4
2020-12-26T04:59:46Z,81.0,Charge 4
2020-12-26T04:59:52Z,81.0,Charge 4
2020-12-26T04:59:57Z,80.0,Charge 4
2020-12-26T05:00:07Z,79.0,Charge 4
2020-12-26T05:00:22Z,81.0,Charge 4
2020-12-26T05:00:27Z,83.0,Charge 4
2020-12-26T05:00:42Z,82.0,Charge 4
2020-12-26T05:00:47Z,81.0,Charge 4
2020-12-26T05:00:52Z,80.0,Charge 4
2020-12-26T05:01:07Z,80.0,Charge 4
2020-12-26T05:01:12Z,81.0,Charge 4
2020-12-26T05:01:22Z,82.0,Charge 4
2020-12-26T05:01:37Z,82.0,Charge 4
2020-12-26T05:01:47Z,81.0,Charge 4
2020-12-26T05:01:52Z,80.0,Charge 4
2020-12-26T05:01:57Z,79.0,Charge 4
2020-12-26T05:02:12Z,79.0,Charge 4
2020-12-26T05:02:22Z,80.0,Charge 4
2020-12-26T05:02:37Z,81.0,Charge 4
2020-12-26T05:02:47Z,80.0,Charge 4
2020-12-26T05:02:52Z,81.0,Charge 4
2020-12-26T05:02:57Z,80.0,Charge 4
2020-12-26T05:03:02Z,81.0,Charge 4
2020-12-26T05:03:07Z,82.0,Charge 4
2020-12-26T05:03:22Z,81.0,Charge 4
2020-12-26T05:03:37Z,81.0,Charge 4
2020-12-26T05:03:42Z,80.0,Charge 4
2020-12-26T05:03:47Z,81.0,Charge 4
2020-12-26T05:03:52Z,81.0,Charge 4
2020-12-26T05:04:02Z,82.0,Charge 4
2020-12-26T05:04:12Z,81.0,Charge 4
2020-12-26T05:04:27Z,81.0,Charge 4
2020-12-26T05:04:32Z,79.0,Charge 4
2020-12-26T05:04:42Z,80.0,Charge 4
2020-12-26T05:04:52Z,82.0,Charge 4
2020-12-26T05:05:07Z,82.0,Charge 4
2020-12-26T05:05:12Z,80.0,Charge 4
2020-12-26T05:05:27Z,80.0,Charge 4
2020-12-26T05:05:42Z,80.0,Charge 4
2020-12-26T05:05:57Z,81.0,Charge 4
2020-12-26T05:06:12Z,82.0,Charge 4
2020-12-26T05:06:27Z,82.0,Charge 4
2020-12-26T05:06:37Z,80.0,Charge 4
2020-12-26T05:06:42Z,79.0,Charge 4
2020-12-26T05:06:52Z,80.0,Charge 4
2020-12-26T05:07:02Z,81.0,Charge 4
2020-12-26T05:07:07Z,80.0,Charge 4
2020-12-26T05:07:12Z,81.0,Charge 4
2020-12-26T05:07:17Z,82.0,Charge 4
2020-12-26T05:07:27Z,81.0,Charge 4
2020-12-26T05:07:37Z,80.0,Charge 4
2020-12-26T05:07:43Z,81.0,Charge 4
2020-12-26T05:07:48Z,82.0,Charge 4
2020-12-26T05:07:53Z,83.0,Charge 4
2020-12-26T05:07:58Z,82.0,Charge 4
2020-12-26T05:08:03Z,81.0,Charge 4
2020-12-26T05:08:18Z,81.0,Charge 4
2020-12-26T05:08:23Z,80.0,Charge 4
2020-12-26T05:08:33Z,83.0,Charge 4
2020-12-26T05:08:38Z,84.0,Charge 4
2020-12-26T05:08:43Z,85.0,Charge 4
2020-12-26T05:08:48Z,88.0,Charge 4
2020-12-26T05:08:53Z,88.0,Charge 4
2020-12-26T05:08:58Z,85.0,Charge 4
2020-12-26T05:09:03Z,80.0,Charge 4
2020-12-26T05:09:08Z,77.0,Charge 4
2020-12-26T05:09:18Z,78.0,Charge 4
2020-12-26T05:09:33Z,79.0,Charge 4
2020-12-26T05:09:38Z,80.0,Charge 4
2020-12-26T05:09:43Z,79.0,Charge 4
2020-12-26T05:09:48Z,77.0,Charge 4
2020-12-26T05:10:03Z,78.0,Charge 4
2020-12-26T05:10:18Z,78.0,Charge 4
2020-12-26T05:10:33Z,77.0,Charge 4
2020-12-26T05:10:43Z,76.0,Charge 4
2020-12-26T05:10:48Z,75.0,Charge 4
2020-12-26T05:10:53Z,74.0,Charge 4
2020-12-26T05:11:03Z,75.0,Charge 4
2020-12-26T05:11:09Z,76.0,Charge 4
2020-12-26T05:11:14Z,77.0,Charge 4
2020-12-26T05:11:19Z,78.0,Charge 4
2020-12-26T05:11:34Z,78.0,Charge 4
2020-12-26T05:11:39Z,77.0,Charge 4
2020-12-26T05:11:44Z,76.0,Charge 4
2020-12-26T05:11:54Z,75.0,Charge 4
2020-12-26T05:12:04Z,76.0,Charge 4
2020-12-26T05:12:09Z,77.0,Charge 4
2020-12-26T05:12:24Z,78.0,Charge 4
2020-12-26T05:12:34Z,77.0,Charge 4
2020-12-26T05:12:39Z,76.0,Charge 4
2020-12-26T05:12:49Z,77.0,Charge 4
2020-12-26T05:12:54Z,78.0,Charge 4
2020-12-26T05:12:59Z,79.0,Charge 4
2020-12-26T05:13:14Z,78.0,Charge 4
2020-12-26T05:13:19Z,77.0,Charge 4
2020-12-26T05:13:29Z,78.0,Charge 4
2020-12-26T05:13:44Z,77.0,Charge 4
2020-12-26T05:13:59Z,77.0,Charge 4
2020-12-26T05:14:09Z,78.0,Charge 4
2020-12-26T05:14:14Z,79.0,Charge 4
2020-12-26T05:14:19Z,78.0,Charge 4
2020-12-26T05:14:24Z,79.0,Charge 4
2020-12-26T05:14:29Z,78.0,Charge 4
2020-12-26T05:14:34Z,77.0,Charge 4
2020-12-26T05:14:49Z,77.0,Charge 4
2020-12-26T05:14:54Z,78.0,Charge 4
2020-12-26T05:14:59Z,77.0,Charge 4
2020-12-26T05:15:04Z,78.0,Charge 4
2020-12-26T05:15:14Z,77.0,Charge 4
2020-12-26T05:15:29Z,78.0,Charge 4
2020-12-26T05:15:34Z,79.0,Charge 4
2020-12-26T05:15:39Z,80.0,Charge 4
2020-12-26T05:15:44Z,79.0,Charge 4
2020-12-26T05:15:49Z,78.0,Charge 4
2020-12-26T05:15:54Z,76.0,Charge 4
2020-12-26T05:16:09Z,76.0,Charge 4
2020-12-26T05:16:14Z,75.0,Charge 4
2020-12-26T05:16:24Z,76.0,Charge 4
2020-12-26T05:16:29Z,78.0,Charge 4
2020-12-26T05:16:34Z,77.0,Charge 4
2020-12-26T05:16:44Z,76.0,Charge 4
2020-12-26T05:16:49Z,77.0,Charge 4
2020-12-26T05:17:04Z,76.0,Charge 4
2020-12-26T05:17:09Z,75.0,Charge 4
2020-12-26T05:17:19Z,76.0,Charge 4
2020-12-26T05:17:24Z,77.0,Charge 4
2020-12-26T05:17:39Z,77.0,Charge 4
2020-12-26T05:17:54Z,77.0,Charge 4
2020-12-26T05:18:04Z,78.0,Charge 4
2020-12-26T05:18:19Z,78.0,Charge 4
2020-12-26T05:18:29Z,78.0,Charge 4
2020-12-26T05:18:35Z,78.0,Charge 4
2020-12-26T05:18:40Z,77.0,Charge 4
2020-12-26T05:18:50Z,76.0,Charge 4
2020-12-26T05:18:55Z,75.0,Charge 4
2020-12-26T05:19:05Z,76.0,Charge 4
2020-12-26T05:19:10Z,77.0,Charge 4
2020-12-26T05:19:15Z,78.0,Charge 4
2020-12-26T05:19:30Z,77.0,Charge 4
2020-12-26T05:19:40Z,78.0,Charge 4
2020-12-26T05:19:45Z,77.0,Charge 4
2020-12-26T05:20:00Z,77.0,Charge 4
2020-12-26T05:20:05Z,78.0,Charge 4
2020-12-26T05:20:10Z,77.0,Charge 4
2020-12-26T05:20:25Z,78.0,Charge 4
2020-12-26T05:20:30Z,77.0,Charge 4
2020-12-26T05:20:40Z,76.0,Charge 4
2020-12-26T05:20:55Z,76.0,Charge 4
2020-12-26T05:21:00Z,77.0,Charge 4
2020-12-26T05:21:15Z,78.0,Charge 4
2020-12-26T05:21:25Z,77.0,Charge 4
2020-12-26T05:21:30Z,76.0,Charge 4
2020-12-26T05:21:35Z,77.0,Charge 4
2020-12-26T05:21:40Z,78.0,Charge 4
2020-12-26T05:21:45Z,77.0,Charge 4
2020-12-26T05:22:00Z,76.0,Charge 4
2020-12-26T05:22:05Z,75.0,Charge 4
2020-12-26T05:22:10Z,75.0,Charge 4
2020-12-26T05:22:15Z,76.0,Charge 4
2020-12-26T05:22:25Z,76.0,Charge 4
2020-12-26T05:22:30Z,77.0,Charge 4
2020-12-26T05:22:40Z,78.0,Charge 4
2020-12-26T05:22:50Z,77.0,Charge 4
2020-12-26T05:22:55Z,78.0,Charge 4
2020-12-26T05:23:00Z,76.0,Charge 4
2020-12-26T05:23:15Z,76.0,Charge 4
2020-12-26T05:23:20Z,77.0,Charge 4
2020-12-26T05:23:25Z,78.0,Charge 4
2020-12-26T05:23:35Z,77.0,Charge 4
2020-12-26T05:23:45Z,76.0,Charge 4
2020-12-26T05:24:00Z,75.0,Charge 4
2020-12-26T05:24:05Z,76.0,Charge 4
2020-12-26T05:24:10Z,78.0,Charge 4
2020-12-26T05:24:20Z,77.0,Charge 4
2020-12-26T05:24:25Z,77.0,Charge 4
2020-12-26T05:24:35Z,75.0,Charge 4
2020-12-26T05:24:50Z,75.0,Charge 4
2020-12-26T05:24:55Z,76.0,Charge 4
2020-12-26T05:25:00Z,78.0,Charge 4
2020-12-26T05:25:15Z,78.0,Charge 4
2020-12-26T05:25:25Z,79.0,Charge 4
2020-12-26T05:25:30Z,77.0,Charge 4
2020-12-26T05:25:35Z,76.0,Charge 4
2020-12-26T05:25:45Z,77.0,Charge 4
2020-12-26T05:25:51Z,76.0,Charge 4
2020-12-26T05:25:56Z,75.0,Charge 4
2020-12-26T05:26:06Z,76.0,Charge 4
2020-12-26T05:26:11Z,77.0,Charge 4
2020-12-26T05:26:26Z,78.0,Charge 4
2020-12-26T05:26:41Z,77.0,Charge 4
2020-12-26T05:26:46Z,76.0,Charge 4
2020-12-26T05:26:51Z,75.0,Charge 4
2020-12-26T05:26:56Z,76.0,Charge 4
2020-12-26T05:27:06Z,78.0,Charge 4
2020-12-26T05:27:16Z,77.0,Charge 4
2020-12-26T05:27:21Z,76.0,Charge 4
2020-12-26T05:27:31Z,77.0,Charge 4
2020-12-26T05:27:41Z,78.0,Charge 4
2020-12-26T05:27:46Z,79.0,Charge 4
2020-12-26T05:27:51Z,78.0,Charge 4
2020-12-26T05:27:56Z,76.0,Charge 4
2020-12-26T05:28:11Z,77.0,Charge 4
2020-12-26T05:28:16Z,77.0,Charge 4
2020-12-26T05:28:21Z,76.0,Charge 4
2020-12-26T05:28:31Z,77.0,Charge 4
2020-12-26T05:28:36Z,76.0,Charge 4
2020-12-26T05:28:51Z,77.0,Charge 4
2020-12-26T05:28:56Z,78.0,Charge 4
2020-12-26T05:29:01Z,77.0,Charge 4
2020-12-26T05:29:06Z,76.0,Charge 4
2020-12-26T05:29:21Z,76.0,Charge 4
2020-12-26T05:29:26Z,77.0,Charge 4
2020-12-26T05:29:31Z,78.0,Charge 4
2020-12-26T05:29:36Z,77.0,Charge 4
2020-12-26T05:29:51Z,77.0,Charge 4
2020-12-26T05:29:56Z,78.0,Charge 4
2020-12-26T05:30:01Z,79.0,Charge 4
2020-12-26T05:30:16Z,78.0,Charge 4
2020-12-26T05:30:21Z,77.0,Charge 4
2020-12-26T05:30:26Z,78.0,Charge 4
2020-12-26T05:30:36Z,77.0,Charge 4
2020-12-26T05:30:46Z,76.0,Charge 4
2020-12-26T05:30:56Z,77.0,Charge 4
2020-12-26T05:31:01Z,78.0,Charge 4
2020-12-26T05:31:06Z,77.0,Charge 4
2020-12-26T05:31:16Z,76.0,Charge 4
2020-12-26T05:31:26Z,77.0,Charge 4
2020-12-26T05:31:31Z,76.0,Charge 4
2020-12-26T05:31:46Z,76.0,Charge 4
2020-12-26T05:32:52Z,75.0,Charge 4
2020-12-26T05:33:02Z,76.0,Charge 4
2020-12-26T05:33:17Z,76.0,Charge 4
2020-12-26T05:33:32Z,76.0,Charge 4
2020-12-26T05:33:42Z,77.0,Charge 4
2020-12-26T05:33:47Z,78.0,Charge 4
2020-12-26T05:33:52Z,76.0,Charge 4
2020-12-26T05:34:02Z,77.0,Charge 4
2020-12-26T05:34:07Z,78.0,Charge 4
2020-12-26T05:34:12Z,80.0,Charge 4
2020-12-26T05:34:17Z,79.0,Charge 4
2020-12-26T05:34:22Z,77.0,Charge 4
2020-12-26T05:34:32Z,78.0,Charge 4
2020-12-26T05:34:47Z,77.0,Charge 4
2020-12-26T05:35:02Z,78.0,Charge 4
2020-12-26T05:35:07Z,77.0,Charge 4
2020-12-26T05:35:22Z,77.0,Charge 4
2020-12-26T05:35:32Z,76.0,Charge 4
2020-12-26T05:35:47Z,76.0,Charge 4
2020-12-26T05:35:52Z,77.0,Charge 4
2020-12-26T05:36:07Z,76.0,Charge 4
2020-12-26T05:36:22Z,75.0,Charge 4
2020-12-26T05:36:32Z,76.0,Charge 4
2020-12-26T05:36:42Z,75.0,Charge 4
2020-12-26T05:36:52Z,76.0,Charge 4
2020-12-26T05:36:57Z,77.0,Charge 4
2020-12-26T05:37:02Z,78.0,Charge 4
2020-12-26T05:37:07Z,77.0,Charge 4
2020-12-26T05:37:17Z,76.0,Charge 4
2020-12-26T05:37:22Z,75.0,Charge 4
2020-12-26T05:37:32Z,77.0,Charge 4
2020-12-26T05:37:47Z,77.0,Charge 4
2020-12-26T05:38:02Z,75.0,Charge 4
2020-12-26T05:38:12Z,76.0,Charge 4
2020-12-26T05:38:17Z,77.0,Charge 4
2020-12-26T05:38:22Z,76.0,Charge 4
2020-12-26T05:38:37Z,76.0,Charge 4
2020-12-26T05:38:52Z,75.0,Charge 4
2020-12-26T05:39:07Z,75.0,Charge 4
2020-12-26T05:39:22Z,76.0,Charge 4
2020-12-26T05:39:27Z,78.0,Charge 4
2020-12-26T05:39:32Z,77.0,Charge 4
2020-12-26T05:39:47Z,77.0,Charge 4
2020-12-26T05:39:57Z,79.0,Charge 4
2020-12-26T05:40:02Z,82.0,Charge 4
2020-12-26T05:40:07Z,84.0,Charge 4
2020-12-26T05:40:12Z,83.0,Charge 4
2020-12-26T05:40:17Z,80.0,Charge 4
2020-12-26T05:40:23Z,76.0,Charge 4
2020-12-26T05:40:28Z,73.0,Charge 4
2020-12-26T05:40:38Z,74.0,Charge 4
2020-12-26T05:40:43Z,76.0,Charge 4
2020-12-26T05:40:48Z,77.0,Charge 4
2020-12-26T05:40:53Z,80.0,Charge 4
2020-12-26T05:40:58Z,82.0,Charge 4
2020-12-26T05:41:03Z,80.0,Charge 4
2020-12-26T05:41:08Z,77.0,Charge 4
2020-12-26T05:41:13Z,74.0,Charge 4
2020-12-26T05:41:18Z,73.0,Charge 4
2020-12-26T05:41:23Z,74.0,Charge 4
2020-12-26T05:41:28Z,75.0,Charge 4
2020-12-26T05:41:43Z,76.0,Charge 4
2020-12-26T05:41:48Z,79.0,Charge 4
2020-12-26T05:41:53Z,84.0,Charge 4
2020-12-26T05:41:58Z,86.0,Charge 4
2020-12-26T05:42:08Z,85.0,Charge 4
2020-12-26T05:42:13Z,83.0,Charge 4
2020-12-26T05:42:23Z,85.0,Charge 4
2020-12-26T05:42:33Z,81.0,Charge 4
2020-12-26T05:42:48Z,81.0,Charge 4
2020-12-26T05:42:53Z,79.0,Charge 4
2020-12-26T05:42:58Z,75.0,Charge 4
2020-12-26T05:43:03Z,73.0,Charge 4
2020-12-26T05:43:13Z,75.0,Charge 4
2020-12-26T05:43:18Z,76.0,Charge 4
2020-12-26T05:43:23Z,77.0,Charge 4
2020-12-26T05:43:28Z,78.0,Charge 4
2020-12-26T05:43:33Z,79.0,Charge 4
2020-12-26T05:43:43Z,87.0,Charge 4
2020-12-26T05:43:48Z,88.0,Charge 4
2020-12-26T05:43:53Z,81.0,Charge 4
2020-12-26T05:43:58Z,77.0,Charge 4
2020-12-26T05:44:03Z,74.0,Charge 4
2020-12-26T05:44:08Z,75.0,Charge 4
2020-12-26T05:44:13Z,76.0,Charge 4
2020-12-26T05:44:18Z,78.0,Charge 4
2020-12-26T05:44:23Z,79.0,Charge 4
2020-12-26T05:44:28Z,80.0,Charge 4
2020-12-26T05:44:33Z,79.0,Charge 4
2020-12-26T05:44:38Z,78.0,Charge 4
2020-12-26T05:44:43Z,76.0,Charge 4
2020-12-26T05:44:48Z,75.0,Charge 4
2020-12-26T05:44:53Z,74.0,Charge 4
2020-12-26T05:44:58Z,73.0,Charge 4
2020-12-26T05:45:03Z,74.0,Charge 4
2020-12-26T05:45:08Z,75.0,Charge 4
2020-12-26T05:45:23Z,75.0,Charge 4
2020-12-26T05:45:28Z,74.0,Charge 4
2020-12-26T05:45:33Z,75.0,Charge 4
2020-12-26T05:45:43Z,76.0,Charge 4
2020-12-26T05:45:48Z,77.0,Charge 4
2020-12-26T05:45:54Z,78.0,Charge 4
2020-12-26T05:45:59Z,79.0,Charge 4
2020-12-26T05:46:04Z,80.0,Charge 4
2020-12-26T05:46:09Z,79.0,Charge 4
2020-12-26T05:46:14Z,78.0,Charge 4
2020-12-26T05:46:19Z,76.0,Charge 4
2020-12-26T05:46:34Z,75.0,Charge 4
2020-12-26T05:46:39Z,75.0,Charge 4
2020-12-26T05:46:54Z,76.0,Charge 4
2020-12-26T05:46:59Z,77.0,Charge 4
2020-12-26T05:47:04Z,79.0,Charge 4
2020-12-26T05:47:09Z,79.0,Charge 4
2020-12-26T05:47:14Z,78.0,Charge 4
2020-12-26T05:47:19Z,77.0,Charge 4
2020-12-26T05:47:24Z,76.0,Charge 4
2020-12-26T05:47:39Z,76.0,Charge 4
2020-12-26T05:47:54Z,76.0,Charge 4
2020-12-26T05:47:59Z,77.0,Charge 4
2020-12-26T05:48:09Z,78.0,Charge 4
2020-12-26T05:48:24Z,78.0,Charge 4
2020-12-26T05:48:39Z,77.0,Charge 4
2020-12-26T05:48:49Z,78.0,Charge 4
2020-12-26T05:49:04Z,78.0,Charge 4
2020-12-26T05:49:14Z,77.0,Charge 4
2020-12-26T05:49:19Z,77.0,Charge 4
2020-12-26T05:49:24Z,78.0,Charge 4
2020-12-26T05:49:29Z,79.0,Charge 4
2020-12-26T05:49:34Z,81.0,Charge 4
2020-12-26T05:49:39Z,79.0,Charge 4
2020-12-26T05:49:44Z,76.0,Charge 4
2020-12-26T05:49:49Z,74.0,Charge 4
2020-12-26T05:49:54Z,73.0,Charge 4
2020-12-26T05:50:04Z,74.0,Charge 4
2020-12-26T05:50:19Z,74.0,Charge 4
2020-12-26T05:50:34Z,74.0,Charge 4
2020-12-26T05:50:39Z,73.0,Charge 4
2020-12-26T05:50:44Z,72.0,Charge 4
2020-12-26T05:50:49Z,73.0,Charge 4
2020-12-26T05:50:54Z,74.0,Charge 4
2020-12-26T05:51:09Z,74.0,Charge 4
2020-12-26T05:51:14Z,75.0,Charge 4
2020-12-26T05:51:19Z,76.0,Charge 4
2020-12-26T05:51:24Z,77.0,Charge 4
2020-12-26T05:51:34Z,75.0,Charge 4
2020-12-26T05:51:49Z,75.0,Charge 4
2020-12-26T05:51:59Z,74.0,Charge 4
2020-12-26T05:52:04Z,73.0,Charge 4
2020-12-26T05:52:09Z,71.0,Charge 4
2020-12-26T05:52:14Z,70.0,Charge 4
2020-12-26T05:52:29Z,70.0,Charge 4
2020-12-26T05:52:34Z,72.0,Charge 4
2020-12-26T05:52:39Z,73.0,Charge 4
2020-12-26T05:52:49Z,73.0,Charge 4
2020-12-26T05:52:55Z,73.0,Charge 4
2020-12-26T05:53:05Z,76.0,Charge 4
2020-12-26T05:53:10Z,77.0,Charge 4
2020-12-26T05:53:15Z,74.0,Charge 4
2020-12-26T05:53:20Z,73.0,Charge 4
2020-12-26T05:53:30Z,72.0,Charge 4
2020-12-26T05:53:40Z,73.0,Charge 4
2020-12-26T05:53:55Z,73.0,Charge 4
2020-12-26T05:54:00Z,75.0,Charge 4
2020-12-26T05:54:15Z,76.0,Charge 4
2020-12-26T05:54:30Z,76.0,Charge 4
2020-12-26T05:54:45Z,75.0,Charge 4
2020-12-26T05:54:50Z,74.0,Charge 4
2020-12-26T05:54:55Z,73.0,Charge 4
2020-12-26T05:55:00Z,72.0,Charge 4
2020-12-26T05:55:05Z,71.0,Charge 4
2020-12-26T05:55:20Z,71.0,Charge 4
2020-12-26T05:55:25Z,72.0,Charge 4
2020-12-26T05:55:30Z,73.0,Charge 4
2020-12-26T05:55:35Z,74.0,Charge 4
2020-12-26T05:55:50Z,75.0,Charge 4
2020-12-26T05:55:55Z,74.0,Charge 4
2020-12-26T05:56:10Z,74.0,Charge 4
2020-12-26T05:56:20Z,72.0,Charge 4
2020-12-26T05:56:25Z,70.0,Charge 4
2020-12-26T05:56:35Z,72.0,Charge 4
2020-12-26T05:56:40Z,73.0,Charge 4
2020-12-26T05:56:45Z,74.0,Charge 4
2020-12-26T05:56:50Z,75.0,Charge 4
2020-12-26T05:57:00Z,74.0,Charge 4
2020-12-26T05:57:15Z,74.0,Charge 4
2020-12-26T05:57:20Z,75.0,Charge 4
2020-12-26T05:57:30Z,74.0,Charge 4
2020-12-26T05:57:45Z,74.0,Charge 4
2020-12-26T05:58:00Z,74.0,Charge 4
2020-12-26T05:58:05Z,74.0,Charge 4
2020-12-26T05:58:10Z,75.0,Charge 4
2020-12-26T05:58:15Z,76.0,Charge 4
2020-12-26T05:58:20Z,78.0,Charge 4
2020-12-26T05:58:25Z,77.0,Charge 4
2020-12-26T05:58:30Z,75.0,Charge 4
2020-12-26T05:58:35Z,73.0,Charge 4
2020-12-26T05:58:40Z,72.0,Charge 4
2020-12-26T05:58:45Z,71.0,Charge 4
2020-12-26T05:58:50Z,71.0,Charge 4
2020-12-26T05:58:55Z,72.0,Charge 4
2020-12-26T05:59:00Z,74.0,Charge 4
2020-12-26T05:59:15Z,74.0,Charge 4
2020-12-26T05:59:25Z,72.0,Charge 4
2020-12-26T05:59:30Z,71.0,Charge 4
2020-12-26T05:59:45Z,71.0,Charge 4
2020-12-26T05:59:50Z,70.0,Charge 4
2020-12-26T05:59:56Z,71.0,Charge 4
2020-12-26T06:00:06Z,72.0,Charge 4
2020-12-26T06:00:11Z,73.0,Charge 4
2020-12-26T06:00:16Z,74.0,Charge 4
2020-12-26T06:00:21Z,73.0,Charge 4
2020-12-26T06:00:26Z,72.0,Charge 4
2020-12-26T06:00:31Z,73.0,Charge 4
2020-12-26T06:00:41Z,74.0,Charge 4
2020-12-26T06:00:56Z,74.0,Charge 4
2020-12-26T06:01:01Z,76.0,Charge 4
2020-12-26T06:01:06Z,77.0,Charge 4
2020-12-26T06:01:11Z,78.0,Charge 4
2020-12-26T06:01:21Z,77.0,Charge 4
2020-12-26T06:01:31Z,75.0,Charge 4
2020-12-26T06:01:36Z,74.0,Charge 4
2020-12-26T06:01:41Z,73.0,Charge 4
2020-12-26T06:01:46Z,72.0,Charge 4
2020-12-26T06:01:51Z,71.0,Charge 4
2020-12-26T06:01:56Z,70.0,Charge 4
2020-12-26T06:02:01Z,69.0,Charge 4
2020-12-26T06:02:11Z,70.0,Charge 4
2020-12-26T06:02:16Z,71.0,Charge 4
2020-12-26T06:02:26Z,72.0,Charge 4
2020-12-26T06:02:41Z,73.0,Charge 4
2020-12-26T06:02:51Z,74.0,Charge 4
2020-12-26T06:03:01Z,75.0,Charge 4
2020-12-26T06:03:06Z,76.0,Charge 4
2020-12-26T06:03:11Z,77.0,Charge 4
2020-12-26T06:03:16Z,78.0,Charge 4
2020-12-26T06:03:26Z,77.0,Charge 4
2020-12-26T06:03:36Z,76.0,Charge 4
2020-12-26T06:03:41Z,77.0,Charge 4
2020-12-26T06:03:46Z,76.0,Charge 4
2020-12-26T06:03:56Z,75.0,Charge 4
2020-12-26T06:04:01Z,74.0,Charge 4
2020-12-26T06:04:11Z,73.0,Charge 4
2020-12-26T06:04:16Z,74.0,Charge 4
2020-12-26T06:04:26Z,75.0,Charge 4
2020-12-26T06:04:36Z,74.0,Charge 4
2020-12-26T06:04:41Z,75.0,Charge 4
2020-12-26T06:04:51Z,76.0,Charge 4
2020-12-26T06:04:56Z,75.0,Charge 4
2020-12-26T06:05:01Z,74.0,Charge 4
2020-12-26T06:05:16Z,74.0,Charge 4
2020-12-26T06:05:31Z,74.0,Charge 4
2020-12-26T06:05:36Z,75.0,Charge 4
2020-12-26T06:05:51Z,75.0,Charge 4
2020-12-26T06:06:47Z,72.0,Charge 4
2020-12-26T06:06:57Z,71.0,Charge 4
2020-12-26T06:07:07Z,72.0,Charge 4
2020-12-26T06:07:12Z,74.0,Charge 4
2020-12-26T06:07:17Z,75.0,Charge 4
2020-12-26T06:07:22Z,77.0,Charge 4
2020-12-26T06:07:32Z,76.0,Charge 4
2020-12-26T06:07:37Z,75.0,Charge 4
2020-12-26T06:07:42Z,74.0,Charge 4
2020-12-26T06:07:47Z,73.0,Charge 4
2020-12-26T06:07:57Z,72.0,Charge 4
2020-12-26T06:08:07Z,71.0,Charge 4
2020-12-26T06:08:12Z,70.0,Charge 4
2020-12-26T06:08:27Z,71.0,Charge 4
2020-12-26T06:08:32Z,72.0,Charge 4
2020-12-26T06:08:47Z,72.0,Charge 4
2020-12-26T06:08:57Z,73.0,Charge 4
2020-12-26T06:09:02Z,74.0,Charge 4
2020-12-26T06:09:17Z,73.0,Charge 4
2020-12-26T06:09:22Z,72.0,Charge 4
2020-12-26T06:09:32Z,71.0,Charge 4
2020-12-26T06:09:42Z,71.0,Charge 4
2020-12-26T06:09:52Z,73.0,Charge 4
2020-12-26T06:09:57Z,77.0,Charge 4
2020-12-26T06:10:02Z,77.0,Charge 4
2020-12-26T06:10:07Z,76.0,Charge 4
2020-12-26T06:10:17Z,77.0,Charge 4
2020-12-26T06:10:22Z,77.0,Charge 4
2020-12-26T06:10:27Z,76.0,Charge 4
2020-12-26T06:10:32Z,75.0,Charge 4
2020-12-26T06:10:42Z,76.0,Charge 4
2020-12-26T06:10:47Z,75.0,Charge 4
2020-12-26T06:10:52Z,74.0,Charge 4
2020-12-26T06:11:07Z,74.0,Charge 4
2020-12-26T06:11:12Z,76.0,Charge 4
2020-12-26T06:11:17Z,77.0,Charge 4
2020-12-26T06:11:22Z,78.0,Charge 4
2020-12-26T06:11:32Z,77.0,Charge 4
2020-12-26T06:11:37Z,76.0,Charge 4
2020-12-26T06:11:42Z,75.0,Charge 4
2020-12-26T06:11:52Z,74.0,Charge 4
2020-12-26T06:11:57Z,73.0,Charge 4
2020-12-26T06:12:02Z,74.0,Charge 4
2020-12-26T06:12:07Z,73.0,Charge 4
2020-12-26T06:12:12Z,72.0,Charge 4
2020-12-26T06:12:22Z,71.0,Charge 4
2020-12-26T06:12:37Z,71.0,Charge 4
2020-12-26T06:12:42Z,73.0,Charge 4
2020-12-26T06:12:47Z,74.0,Charge 4
2020-12-26T06:12:52Z,75.0,Charge 4
2020-12-26T06:13:07Z,75.0,Charge 4
2020-12-26T06:13:13Z,74.0,Charge 4
2020-12-26T06:13:18Z,75.0,Charge 4
2020-12-26T06:13:23Z,74.0,Charge 4
2020-12-26T06:13:33Z,75.0,Charge 4
2020-12-26T06:13:43Z,76.0,Charge 4
2020-12-26T06:13:48Z,77.0,Charge 4
2020-12-26T06:13:53Z,78.0,Charge 4
2020-12-26T06:14:03Z,76.0,Charge 4
2020-12-26T06:14:18Z,75.0,Charge 4
2020-12-26T06:14:23Z,74.0,Charge 4
2020-12-26T06:14:28Z,73.0,Charge 4
2020-12-26T06:14:43Z,73.0,Charge 4
2020-12-26T06:14:53Z,74.0,Charge 4
2020-12-26T06:14:58Z,75.0,Charge 4
2020-12-26T06:15:03Z,76.0,Charge 4
2020-12-26T06:15:13Z,75.0,Charge 4
2020-12-26T06:15:18Z,74.0,Charge 4
2020-12-26T06:15:33Z,74.0,Charge 4
2020-12-26T06:15:48Z,74.0,Charge 4
2020-12-26T06:15:53Z,75.0,Charge 4
2020-12-26T06:15:58Z,74.0,Charge 4
2020-12-26T06:16:08Z,75.0,Charge 4
2020-12-26T06:16:13Z,76.0,Charge 4
2020-12-26T06:16:18Z,75.0,Charge 4
2020-12-26T06:16:23Z,74.0,Charge 4
2020-12-26T06:16:33Z,73.0,Charge 4
2020-12-26T06:16:38Z,72.0,Charge 4
2020-12-26T06:16:43Z,72.0,Charge 4
2020-12-26T06:16:58Z,73.0,Charge 4
2020-12-26T06:17:03Z,83.0,Charge 4
2020-12-26T06:17:13Z,77.0,Charge 4
2020-12-26T06:17:18Z,73.0,Charge 4
2020-12-26T06:17:33Z,73.0,Charge 4
2020-12-26T06:17:38Z,71.0,Charge 4
2020-12-26T06:17:53Z,71.0,Charge 4
2020-12-26T06:17:58Z,72.0,Charge 4
2020-12-26T06:18:03Z,73.0,Charge 4
2020-12-26T06:18:08Z,74.0,Charge 4
2020-12-26T06:18:13Z,75.0,Charge 4
2020-12-26T06:18:28Z,75.0,Charge 4
2020-12-26T06:18:38Z,73.0,Charge 4
2020-12-26T06:18:43Z,74.0,Charge 4
2020-12-26T06:18:58Z,74.0,Charge 4
2020-12-26T06:19:08Z,73.0,Charge 4
2020-12-26T06:19:18Z,74.0,Charge 4
2020-12-26T06:19:23Z,76.0,Charge 4
2020-12-26T06:19:28Z,77.0,Charge 4
2020-12-26T06:19:43Z,77.0,Charge 4
2020-12-26T06:19:48Z,79.0,Charge 4
2020-12-26T06:19:53Z,77.0,Charge 4
2020-12-26T06:19:58Z,76.0,Charge 4
2020-12-26T06:20:04Z,75.0,Charge 4
2020-12-26T06:20:14Z,74.0,Charge 4
2020-12-26T06:20:19Z,73.0,Charge 4
2020-12-26T06:20:29Z,72.0,Charge 4
2020-12-26T06:20:39Z,71.0,Charge 4
2020-12-26T06:20:49Z,72.0,Charge 4
2020-12-26T06:20:54Z,71.0,Charge 4
2020-12-26T06:21:09Z,71.0,Charge 4
2020-12-26T06:21:14Z,72.0,Charge 4
2020-12-26T06:21:19Z,73.0,Charge 4
2020-12-26T06:21:24Z,74.0,Charge 4
2020-12-26T06:21:34Z,76.0,Charge 4
2020-12-26T06:21:44Z,77.0,Charge 4
2020-12-26T06:21:49Z,75.0,Charge 4
2020-12-26T06:21:54Z,74.0,Charge 4
2020-12-26T06:21:59Z,75.0,Charge 4
2020-12-26T06:22:04Z,74.0,Charge 4
2020-12-26T06:22:19Z,73.0,Charge 4
2020-12-26T06:22:34Z,73.0,Charge 4
2020-12-26T06:22:44Z,72.0,Charge 4
2020-12-26T06:22:59Z,73.0,Charge 4
2020-12-26T06:23:14Z,72.0,Charge 4
2020-12-26T06:23:29Z,72.0,Charge 4
2020-12-26T06:23:39Z,73.0,Charge 4
2020-12-26T06:23:49Z,74.0,Charge 4
2020-12-26T06:23:54Z,75.0,Charge 4
2020-12-26T06:23:59Z,76.0,Charge 4
2020-12-26T06:24:04Z,76.0,Charge 4
2020-12-26T06:24:19Z,76.0,Charge 4
2020-12-26T06:24:24Z,74.0,Charge 4
2020-12-26T06:24:34Z,73.0,Charge 4
2020-12-26T06:24:49Z,73.0,Charge 4
2020-12-26T06:24:54Z,73.0,Charge 4
2020-12-26T06:25:04Z,72.0,Charge 4
2020-12-26T06:25:14Z,71.0,Charge 4
2020-12-26T06:25:24Z,72.0,Charge 4
2020-12-26T06:25:29Z,74.0,Charge 4
2020-12-26T06:25:44Z,74.0,Charge 4
2020-12-26T06:25:59Z,75.0,Charge 4
2020-12-26T06:26:09Z,75.0,Charge 4
2020-12-26T06:26:14Z,74.0,Charge 4
2020-12-26T06:26:29Z,74.0,Charge 4
2020-12-26T06:26:44Z,75.0,Charge 4
2020-12-26T06:26:49Z,72.0,Charge 4
2020-12-26T06:26:54Z,71.0,Charge 4
2020-12-26T06:27:04Z,70.0,Charge 4
2020-12-26T06:27:19Z,70.0,Charge 4
2020-12-26T06:27:25Z,72.0,Charge 4
2020-12-26T06:27:40Z,73.0,Charge 4
2020-12-26T06:27:50Z,75.0,Charge 4
2020-12-26T06:27:55Z,76.0,Charge 4
2020-12-26T06:28:00Z,77.0,Charge 4
2020-12-26T06:28:05Z,76.0,Charge 4
2020-12-26T06:28:20Z,76.0,Charge 4
2020-12-26T06:28:25Z,75.0,Charge 4
2020-12-26T06:28:30Z,74.0,Charge 4
2020-12-26T06:28:35Z,72.0,Charge 4
2020-12-26T06:28:50Z,72.0,Charge 4
2020-12-26T06:28:55Z,74.0,Charge 4
2020-12-26T06:29:00Z,76.0,Charge 4
2020-12-26T06:29:05Z,75.0,Charge 4
2020-12-26T06:29:15Z,74.0,Charge 4
2020-12-26T06:29:30Z,74.0,Charge 4
2020-12-26T06:29:35Z,73.0,Charge 4
2020-12-26T06:29:45Z,72.0,Charge 4
2020-12-26T06:29:50Z,71.0,Charge 4
2020-12-26T06:29:55Z,72.0,Charge 4
2020-12-26T06:30:00Z,73.0,Charge 4
2020-12-26T06:30:05Z,74.0,Charge 4
2020-12-26T06:30:10Z,75.0,Charge 4
2020-12-26T06:30:15Z,74.0,Charge 4
2020-12-26T06:30:25Z,75.0,Charge 4
2020-12-26T06:30:30Z,76.0,Charge 4
2020-12-26T06:30:40Z,75.0,Charge 4
2020-12-26T06:30:45Z,74.0,Charge 4
2020-12-26T06:30:50Z,73.0,Charge 4
2020-12-26T06:30:55Z,72.0,Charge 4
2020-12-26T06:31:00Z,71.0,Charge 4
2020-12-26T06:31:05Z,72.0,Charge 4
2020-12-26T06:31:10Z,73.0,Charge 4
2020-12-26T06:31:15Z,74.0,Charge 4
2020-12-26T06:31:25Z,75.0,Charge 4
2020-12-26T06:31:30Z,76.0,Charge 4
2020-12-26T06:31:35Z,77.0,Charge 4
2020-12-26T06:31:45Z,76.0,Charge 4
2020-12-26T06:31:50Z,75.0,Charge 4
2020-12-26T06:31:55Z,74.0,Charge 4
2020-12-26T06:32:05Z,75.0,Charge 4
2020-12-26T06:32:10Z,73.0,Charge 4
2020-12-26T06:32:25Z,73.0,Charge 4
2020-12-26T06:32:35Z,72.0,Charge 4
2020-12-26T06:32:40Z,71.0,Charge 4
2020-12-26T06:32:55Z,71.0,Charge 4
2020-12-26T06:33:00Z,72.0,Charge 4
2020-12-26T06:33:05Z,73.0,Charge 4
2020-12-26T06:33:10Z,74.0,Charge 4
2020-12-26T06:33:20Z,75.0,Charge 4
2020-12-26T06:33:30Z,76.0,Charge 4
2020-12-26T06:33:35Z,75.0,Charge 4
2020-12-26T06:33:50Z,75.0,Charge 4
2020-12-26T06:34:05Z,75.0,Charge 4
2020-12-26T06:34:06Z,74.0,Charge 4
2020-12-26T06:34:11Z,73.0,Charge 4
2020-12-26T06:34:16Z,72.0,Charge 4
2020-12-26T06:34:26Z,73.0,Charge 4
2020-12-26T06:34:41Z,74.0,Charge 4
2020-12-26T06:34:56Z,75.0,Charge 4
2020-12-26T06:35:01Z,74.0,Charge 4
2020-12-26T06:35:06Z,73.0,Charge 4
2020-12-26T06:35:11Z,72.0,Charge 4
2020-12-26T06:35:21Z,73.0,Charge 4
2020-12-26T06:35:36Z,74.0,Charge 4
2020-12-26T06:35:51Z,73.0,Charge 4
2020-12-26T06:36:01Z,74.0,Charge 4
2020-12-26T06:36:06Z,73.0,Charge 4
2020-12-26T06:36:16Z,72.0,Charge 4
2020-12-26T06:36:31Z,72.0,Charge 4
2020-12-26T06:36:41Z,73.0,Charge 4
2020-12-26T06:36:56Z,73.0,Charge 4
2020-12-26T06:37:11Z,72.0,Charge 4
2020-12-26T06:37:21Z,73.0,Charge 4
2020-12-26T06:37:26Z,74.0,Charge 4
2020-12-26T06:37:41Z,74.0,Charge 4
2020-12-26T06:37:46Z,75.0,Charge 4
2020-12-26T06:38:01Z,75.0,Charge 4
2020-12-26T06:38:16Z,75.0,Charge 4
2020-12-26T06:38:31Z,74.0,Charge 4
2020-12-26T06:38:32Z,74.0,Charge 4
2020-12-26T06:38:37Z,73.0,Charge 4
2020-12-26T06:38:47Z,74.0,Charge 4
2020-12-26T06:38:52Z,75.0,Charge 4
2020-12-26T06:38:57Z,76.0,Charge 4
2020-12-26T06:39:02Z,74.0,Charge 4
2020-12-26T06:39:07Z,74.0,Charge 4
2020-12-26T06:39:17Z,75.0,Charge 4
2020-12-26T06:39:22Z,76.0,Charge 4
2020-12-26T06:39:27Z,85.0,Charge 4
2020-12-26T06:39:32Z,86.0,Charge 4
2020-12-26T06:39:37Z,83.0,Charge 4
2020-12-26T06:39:42Z,80.0,Charge 4
2020-12-26T06:39:47Z,77.0,Charge 4
2020-12-26T06:39:52Z,73.0,Charge 4
2020-12-26T06:39:57Z,70.0,Charge 4
2020-12-26T06:40:07Z,71.0,Charge 4
2020-12-26T06:40:12Z,72.0,Charge 4
2020-12-26T06:40:17Z,74.0,Charge 4
2020-12-26T06:40:22Z,77.0,Charge 4
2020-12-26T06:40:27Z,76.0,Charge 4
2020-12-26T06:40:32Z,74.0,Charge 4
2020-12-26T06:40:37Z,71.0,Charge 4
2020-12-26T06:40:42Z,70.0,Charge 4
2020-12-26T06:40:47Z,69.0,Charge 4
2020-12-26T06:40:52Z,68.0,Charge 4
2020-12-26T06:40:57Z,68.0,Charge 4
2020-12-26T06:41:07Z,71.0,Charge 4
2020-12-26T06:41:17Z,70.0,Charge 4
2020-12-26T06:41:22Z,69.0,Charge 4
2020-12-26T06:41:27Z,68.0,Charge 4
2020-12-26T06:41:42Z,69.0,Charge 4
2020-12-26T06:41:57Z,70.0,Charge 4
2020-12-26T06:42:02Z,69.0,Charge 4
2020-12-26T06:42:12Z,69.0,Charge 4
2020-12-26T06:42:27Z,69.0,Charge 4
2020-12-26T06:42:32Z,79.0,Charge 4
2020-12-26T06:42:37Z,88.0,Charge 4
2020-12-26T06:42:42Z,86.0,Charge 4
2020-12-26T06:42:47Z,81.0,Charge 4
2020-12-26T06:42:52Z,78.0,Charge 4
2020-12-26T06:42:57Z,76.0,Charge 4
2020-12-26T06:43:02Z,74.0,Charge 4
2020-12-26T06:43:12Z,72.0,Charge 4
2020-12-26T06:43:17Z,71.0,Charge 4
2020-12-26T06:43:22Z,70.0,Charge 4
2020-12-26T06:43:37Z,71.0,Charge 4
2020-12-26T06:43:52Z,70.0,Charge 4
2020-12-26T06:44:07Z,70.0,Charge 4
2020-12-26T06:44:17Z,71.0,Charge 4
2020-12-26T06:44:27Z,72.0,Charge 4
2020-12-26T06:44:33Z,71.0,Charge 4
2020-12-26T06:44:38Z,70.0,Charge 4
2020-12-26T06:44:48Z,69.0,Charge 4
2020-12-26T06:44:58Z,70.0,Charge 4
2020-12-26T06:45:08Z,71.0,Charge 4
2020-12-26T06:45:18Z,73.0,Charge 4
2020-12-26T06:45:23Z,72.0,Charge 4
2020-12-26T06:45:28Z,70.0,Charge 4
2020-12-26T06:45:33Z,68.0,Charge 4
2020-12-26T06:45:48Z,69.0,Charge 4
2020-12-26T06:45:53Z,70.0,Charge 4
2020-12-26T06:45:58Z,71.0,Charge 4
2020-12-26T06:46:13Z,70.0,Charge 4
2020-12-26T06:46:28Z,70.0,Charge 4
2020-12-26T06:46:33Z,69.0,Charge 4
2020-12-26T06:46:38Z,70.0,Charge 4
2020-12-26T06:46:43Z,69.0,Charge 4
2020-12-26T06:46:53Z,68.0,Charge 4
2020-12-26T06:47:08Z,69.0,Charge 4
2020-12-26T06:47:23Z,69.0,Charge 4
2020-12-26T06:47:38Z,70.0,Charge 4
2020-12-26T06:47:43Z,71.0,Charge 4
2020-12-26T06:47:48Z,70.0,Charge 4
2020-12-26T06:47:58Z,69.0,Charge 4
2020-12-26T06:48:13Z,70.0,Charge 4
2020-12-26T06:48:28Z,70.0,Charge 4
2020-12-26T06:48:43Z,70.0,Charge 4
2020-12-26T06:48:48Z,71.0,Charge 4
2020-12-26T06:48:58Z,72.0,Charge 4
2020-12-26T06:49:03Z,71.0,Charge 4
2020-12-26T06:49:08Z,70.0,Charge 4
2020-12-26T06:49:23Z,70.0,Charge 4
2020-12-26T06:49:33Z,71.0,Charge 4
2020-12-26T06:49:48Z,70.0,Charge 4
2020-12-26T06:49:58Z,69.0,Charge 4
2020-12-26T06:50:13Z,70.0,Charge 4
2020-12-26T06:50:18Z,71.0,Charge 4
2020-12-26T06:50:28Z,70.0,Charge 4
2020-12-26T06:50:43Z,69.0,Charge 4
2020-12-26T06:50:58Z,69.0,Charge 4
2020-12-26T06:51:03Z,71.0,Charge 4
2020-12-26T06:51:08Z,72.0,Charge 4
2020-12-26T06:51:18Z,71.0,Charge 4
2020-12-26T06:51:33Z,71.0,Charge 4
2020-12-26T06:51:43Z,70.0,Charge 4
2020-12-26T06:51:53Z,69.0,Charge 4
2020-12-26T06:52:03Z,70.0,Charge 4
2020-12-26T06:52:08Z,69.0,Charge 4
2020-12-26T06:52:18Z,70.0,Charge 4
2020-12-26T06:52:23Z,72.0,Charge 4
2020-12-26T06:52:28Z,73.0,Charge 4
2020-12-26T06:52:33Z,71.0,Charge 4
2020-12-26T06:52:43Z,70.0,Charge 4
2020-12-26T06:52:58Z,70.0,Charge 4
2020-12-26T06:52:59Z,69.0,Charge 4
2020-12-26T06:53:14Z,70.0,Charge 4
2020-12-26T06:53:29Z,70.0,Charge 4
2020-12-26T06:53:34Z,71.0,Charge 4
2020-12-26T06:53:39Z,70.0,Charge 4
2020-12-26T06:53:44Z,71.0,Charge 4
2020-12-26T06:53:49Z,70.0,Charge 4
2020-12-26T06:53:59Z,71.0,Charge 4
2020-12-26T06:54:14Z,71.0,Charge 4
2020-12-26T06:54:19Z,70.0,Charge 4
2020-12-26T06:54:24Z,69.0,Charge 4
2020-12-26T06:54:39Z,69.0,Charge 4
2020-12-26T06:54:44Z,70.0,Charge 4
2020-12-26T06:54:49Z,71.0,Charge 4
2020-12-26T06:55:04Z,72.0,Charge 4
2020-12-26T06:55:09Z,73.0,Charge 4
2020-12-26T06:55:19Z,72.0,Charge 4
2020-12-26T06:55:24Z,71.0,Charge 4
2020-12-26T06:55:29Z,70.0,Charge 4
2020-12-26T06:55:44Z,71.0,Charge 4
2020-12-26T06:55:49Z,72.0,Charge 4
2020-12-26T06:55:54Z,71.0,Charge 4
2020-12-26T06:56:09Z,72.0,Charge 4
2020-12-26T06:56:14Z,71.0,Charge 4
2020-12-26T06:56:19Z,70.0,Charge 4
2020-12-26T06:56:29Z,71.0,Charge 4
2020-12-26T06:56:34Z,72.0,Charge 4
2020-12-26T06:56:39Z,72.0,Charge 4
2020-12-26T06:56:49Z,71.0,Charge 4
2020-12-26T06:56:54Z,70.0,Charge 4
2020-12-26T06:57:09Z,70.0,Charge 4
2020-12-26T06:57:24Z,70.0,Charge 4
2020-12-26T06:57:29Z,71.0,Charge 4
2020-12-26T06:57:39Z,70.0,Charge 4
2020-12-26T06:57:44Z,69.0,Charge 4
2020-12-26T06:57:59Z,69.0,Charge 4
2020-12-26T06:58:04Z,72.0,Charge 4
2020-12-26T06:58:09Z,73.0,Charge 4
2020-12-26T06:58:19Z,72.0,Charge 4
2020-12-26T06:58:29Z,71.0,Charge 4
2020-12-26T06:58:34Z,70.0,Charge 4
2020-12-26T06:58:49Z,70.0,Charge 4
2020-12-26T06:58:59Z,70.0,Charge 4
2020-12-26T06:59:04Z,69.0,Charge 4
2020-12-26T06:59:19Z,69.0,Charge 4
2020-12-26T06:59:34Z,68.0,Charge 4
2020-12-26T06:59:39Z,70.0,Charge 4
2020-12-26T06:59:44Z,71.0,Charge 4
2020-12-26T06:59:59Z,71.0,Charge 4
2020-12-26T07:00:04Z,70.0,Charge 4
2020-12-26T07:00:10Z,69.0,Charge 4
2020-12-26T07:00:20Z,70.0,Charge 4
2020-12-26T07:00:30Z,69.0,Charge 4
2020-12-26T07:00:45Z,70.0,Charge 4
2020-12-26T07:00:50Z,71.0,Charge 4
2020-12-26T07:00:55Z,72.0,Charge 4
2020-12-26T07:01:00Z,71.0,Charge 4
2020-12-26T07:01:05Z,70.0,Charge 4
2020-12-26T07:01:20Z,71.0,Charge 4
2020-12-26T07:01:25Z,72.0,Charge 4
2020-12-26T07:01:30Z,71.0,Charge 4
2020-12-26T07:01:35Z,70.0,Charge 4
2020-12-26T07:01:50Z,72.0,Charge 4
2020-12-26T07:02:05Z,72.0,Charge 4
2020-12-26T07:02:10Z,71.0,Charge 4
2020-12-26T07:02:25Z,72.0,Charge 4
2020-12-26T07:02:30Z,74.0,Charge 4
2020-12-26T07:02:35Z,73.0,Charge 4
2020-12-26T07:02:40Z,72.0,Charge 4
2020-12-26T07:02:45Z,71.0,Charge 4
2020-12-26T07:02:55Z,73.0,Charge 4
2020-12-26T07:03:05Z,71.0,Charge 4
2020-12-26T07:03:15Z,70.0,Charge 4
2020-12-26T07:03:30Z,69.0,Charge 4
2020-12-26T07:03:35Z,68.0,Charge 4
2020-12-26T07:03:50Z,69.0,Charge 4
2020-12-26T07:04:05Z,69.0,Charge 4
2020-12-26T07:04:11Z,70.0,Charge 4
2020-12-26T07:04:16Z,73.0,Charge 4
2020-12-26T07:04:26Z,74.0,Charge 4
2020-12-26T07:04:31Z,79.0,Charge 4
2020-12-26T07:04:36Z,80.0,Charge 4
2020-12-26T07:04:41Z,75.0,Charge 4
2020-12-26T07:04:46Z,71.0,Charge 4
2020-12-26T07:04:51Z,70.0,Charge 4
2020-12-26T07:05:06Z,69.0,Charge 4
2020-12-26T07:05:11Z,67.0,Charge 4
2020-12-26T07:05:16Z,66.0,Charge 4
2020-12-26T07:05:21Z,69.0,Charge 4
2020-12-26T07:05:26Z,72.0,Charge 4
2020-12-26T07:05:31Z,73.0,Charge 4
2020-12-26T07:05:36Z,72.0,Charge 4
2020-12-26T07:05:41Z,70.0,Charge 4
2020-12-26T07:05:46Z,69.0,Charge 4
2020-12-26T07:05:51Z,70.0,Charge 4
2020-12-26T07:06:01Z,69.0,Charge 4
2020-12-26T07:06:06Z,68.0,Charge 4
2020-12-26T07:06:11Z,67.0,Charge 4
2020-12-26T07:06:16Z,66.0,Charge 4
2020-12-26T07:06:31Z,66.0,Charge 4
2020-12-26T07:06:46Z,69.0,Charge 4
2020-12-26T07:06:51Z,70.0,Charge 4
2020-12-26T07:07:06Z,70.0,Charge 4
2020-12-26T07:07:11Z,72.0,Charge 4
2020-12-26T07:07:16Z,70.0,Charge 4
2020-12-26T07:07:31Z,69.0,Charge 4
2020-12-26T07:07:36Z,67.0,Charge 4
2020-12-26T07:07:41Z,66.0,Charge 4
2020-12-26T07:07:56Z,65.0,Charge 4
2020-12-26T07:08:01Z,66.0,Charge 4
2020-12-26T07:08:06Z,68.0,Charge 4
2020-12-26T07:08:11Z,71.0,Charge 4
2020-12-26T07:08:16Z,73.0,Charge 4
2020-12-26T07:08:21Z,72.0,Charge 4
2020-12-26T07:08:26Z,70.0,Charge 4
2020-12-26T07:08:31Z,69.0,Charge 4
2020-12-26T07:08:36Z,68.0,Charge 4
2020-12-26T07:08:46Z,71.0,Charge 4
2020-12-26T07:08:51Z,72.0,Charge 4
2020-12-26T07:09:01Z,70.0,Charge 4
2020-12-26T07:09:06Z,68.0,Charge 4
2020-12-26T07:09:21Z,69.0,Charge 4
2020-12-26T07:09:31Z,68.0,Charge 4
2020-12-26T07:09:36Z,66.0,Charge 4
2020-12-26T07:09:46Z,67.0,Charge 4
2020-12-26T07:09:51Z,68.0,Charge 4
2020-12-26T07:10:06Z,68.0,Charge 4
2020-12-26T07:10:21Z,67.0,Charge 4
2020-12-26T07:10:26Z,68.0,Charge 4
2020-12-26T07:10:36Z,69.0,Charge 4
2020-12-26T07:10:41Z,72.0,Charge 4
2020-12-26T07:10:46Z,75.0,Charge 4
2020-12-26T07:10:51Z,77.0,Charge 4
2020-12-26T07:10:56Z,77.0,Charge 4
2020-12-26T07:11:11Z,77.0,Charge 4
2020-12-26T07:11:16Z,87.0,Charge 4
2020-12-26T07:11:21Z,88.0,Charge 4
2020-12-26T07:11:26Z,85.0,Charge 4
2020-12-26T07:11:31Z,78.0,Charge 4
2020-12-26T07:11:36Z,74.0,Charge 4
2020-12-26T07:11:46Z,73.0,Charge 4
2020-12-26T07:11:51Z,71.0,Charge 4
2020-12-26T07:11:56Z,69.0,Charge 4
2020-12-26T07:12:11Z,69.0,Charge 4
2020-12-26T07:12:16Z,73.0,Charge 4
2020-12-26T07:12:21Z,74.0,Charge 4
2020-12-26T07:12:26Z,76.0,Charge 4
2020-12-26T07:12:41Z,76.0,Charge 4
2020-12-26T07:12:46Z,72.0,Charge 4
2020-12-26T07:12:51Z,71.0,Charge 4
2020-12-26T07:12:56Z,69.0,Charge 4
2020-12-26T07:13:06Z,70.0,Charge 4
2020-12-26T07:13:16Z,71.0,Charge 4
2020-12-26T07:13:26Z,70.0,Charge 4
2020-12-26T07:13:41Z,70.0,Charge 4
2020-12-26T07:13:42Z,71.0,Charge 4
2020-12-26T07:13:47Z,72.0,Charge 4
2020-12-26T07:13:52Z,71.0,Charge 4
2020-12-26T07:14:07Z,70.0,Charge 4
2020-12-26T07:14:17Z,71.0,Charge 4
2020-12-26T07:14:22Z,72.0,Charge 4
2020-12-26T07:14:27Z,74.0,Charge 4
2020-12-26T07:14:32Z,71.0,Charge 4
2020-12-26T07:14:37Z,69.0,Charge 4
2020-12-26T07:14:42Z,68.0,Charge 4
2020-12-26T07:14:52Z,69.0,Charge 4
2020-12-26T07:14:57Z,70.0,Charge 4
2020-12-26T07:15:02Z,71.0,Charge 4
2020-12-26T07:15:17Z,71.0,Charge 4
2020-12-26T07:15:22Z,72.0,Charge 4
2020-12-26T07:15:27Z,71.0,Charge 4
2020-12-26T07:15:42Z,71.0,Charge 4
2020-12-26T07:15:47Z,70.0,Charge 4
2020-12-26T07:16:02Z,71.0,Charge 4
2020-12-26T07:16:17Z,72.0,Charge 4
2020-12-26T07:16:22Z,74.0,Charge 4
2020-12-26T07:16:27Z,77.0,Charge 4
2020-12-26T07:16:32Z,74.0,Charge 4
2020-12-26T07:16:37Z,73.0,Charge 4
2020-12-26T07:16:42Z,71.0,Charge 4
2020-12-26T07:16:47Z,70.0,Charge 4
2020-12-26T07:16:52Z,69.0,Charge 4
2020-12-26T07:16:57Z,70.0,Charge 4
2020-12-26T07:17:02Z,69.0,Charge 4
2020-12-26T07:17:12Z,70.0,Charge 4
2020-12-26T07:17:22Z,71.0,Charge 4
2020-12-26T07:17:27Z,72.0,Charge 4
2020-12-26T07:17:32Z,77.0,Charge 4
2020-12-26T07:17:42Z,74.0,Charge 4
2020-12-26T07:17:47Z,73.0,Charge 4
2020-12-26T07:17:52Z,70.0,Charge 4
2020-12-26T07:17:57Z,69.0,Charge 4
2020-12-26T07:18:02Z,68.0,Charge 4
2020-12-26T07:18:07Z,67.0,Charge 4
2020-12-26T07:18:17Z,68.0,Charge 4
2020-12-26T07:18:22Z,69.0,Charge 4
2020-12-26T07:18:27Z,70.0,Charge 4
2020-12-26T07:18:42Z,70.0,Charge 4
2020-12-26T07:18:47Z,72.0,Charge 4
2020-12-26T07:18:52Z,73.0,Charge 4
2020-12-26T07:18:57Z,75.0,Charge 4
2020-12-26T07:19:07Z,76.0,Charge 4
2020-12-26T07:19:12Z,75.0,Charge 4
2020-12-26T07:19:17Z,74.0,Charge 4
2020-12-26T07:19:22Z,73.0,Charge 4
2020-12-26T07:19:27Z,72.0,Charge 4
2020-12-26T07:19:32Z,71.0,Charge 4
2020-12-26T07:19:42Z,72.0,Charge 4
2020-12-26T07:19:48Z,73.0,Charge 4
2020-12-26T07:19:58Z,74.0,Charge 4
2020-12-26T07:20:08Z,73.0,Charge 4
2020-12-26T07:20:18Z,74.0,Charge 4
2020-12-26T07:20:23Z,73.0,Charge 4
2020-12-26T07:20:28Z,74.0,Charge 4
2020-12-26T07:20:33Z,73.0,Charge 4
2020-12-26T07:20:38Z,72.0,Charge 4
2020-12-26T07:20:43Z,73.0,Charge 4
2020-12-26T07:20:48Z,71.0,Charge 4
2020-12-26T07:20:53Z,68.0,Charge 4
2020-12-26T07:20:58Z,69.0,Charge 4
2020-12-26T07:21:03Z,71.0,Charge 4
2020-12-26T07:21:08Z,72.0,Charge 4
2020-12-26T07:21:18Z,71.0,Charge 4
2020-12-26T07:21:23Z,72.0,Charge 4
2020-12-26T07:21:38Z,71.0,Charge 4
2020-12-26T07:21:43Z,70.0,Charge 4
2020-12-26T07:21:48Z,69.0,Charge 4
2020-12-26T07:22:03Z,69.0,Charge 4
2020-12-26T07:22:18Z,69.0,Charge 4
2020-12-26T07:22:23Z,70.0,Charge 4
2020-12-26T07:22:33Z,71.0,Charge 4
2020-12-26T07:22:38Z,72.0,Charge 4
2020-12-26T07:22:43Z,74.0,Charge 4
2020-12-26T07:22:48Z,74.0,Charge 4
2020-12-26T07:23:03Z,72.0,Charge 4
2020-12-26T07:23:08Z,72.0,Charge 4
2020-12-26T07:23:13Z,71.0,Charge 4
2020-12-26T07:23:18Z,70.0,Charge 4
2020-12-26T07:23:33Z,70.0,Charge 4
2020-12-26T07:23:38Z,70.0,Charge 4
2020-12-26T07:23:43Z,71.0,Charge 4
2020-12-26T07:23:53Z,73.0,Charge 4
2020-12-26T07:23:58Z,73.0,Charge 4
2020-12-26T07:24:03Z,72.0,Charge 4
2020-12-26T07:24:18Z,72.0,Charge 4
2020-12-26T07:24:28Z,73.0,Charge 4
2020-12-26T07:24:33Z,74.0,Charge 4
2020-12-26T07:24:38Z,75.0,Charge 4
2020-12-26T07:24:43Z,74.0,Charge 4
2020-12-26T07:24:48Z,73.0,Charge 4
2020-12-26T07:24:53Z,73.0,Charge 4
2020-12-26T07:25:03Z,76.0,Charge 4
2020-12-26T07:25:08Z,78.0,Charge 4
2020-12-26T07:25:13Z,75.0,Charge 4
2020-12-26T07:25:18Z,73.0,Charge 4
2020-12-26T07:25:23Z,72.0,Charge 4
2020-12-26T07:25:28Z,71.0,Charge 4
2020-12-26T07:25:38Z,70.0,Charge 4
2020-12-26T07:25:43Z,71.0,Charge 4
2020-12-26T07:25:48Z,70.0,Charge 4
2020-12-26T07:25:53Z,69.0,Charge 4
2020-12-26T07:26:08Z,69.0,Charge 4
2020-12-26T07:26:09Z,69.0,Charge 4
2020-12-26T07:26:14Z,68.0,Charge 4
2020-12-26T07:26:19Z,67.0,Charge 4
2020-12-26T07:26:24Z,68.0,Charge 4
2020-12-26T07:26:29Z,67.0,Charge 4
2020-12-26T07:26:34Z,66.0,Charge 4
2020-12-26T07:26:39Z,67.0,Charge 4
2020-12-26T07:26:44Z,68.0,Charge 4
2020-12-26T07:26:54Z,69.0,Charge 4
2020-12-26T07:26:59Z,68.0,Charge 4
2020-12-26T07:27:14Z,68.0,Charge 4
2020-12-26T07:27:19Z,69.0,Charge 4
2020-12-26T07:27:29Z,70.0,Charge 4
2020-12-26T07:27:34Z,71.0,Charge 4
2020-12-26T07:27:49Z,70.0,Charge 4
2020-12-26T07:27:54Z,69.0,Charge 4
2020-12-26T07:28:04Z,68.0,Charge 4
2020-12-26T07:28:14Z,69.0,Charge 4
2020-12-26T07:28:29Z,69.0,Charge 4
2020-12-26T07:28:44Z,71.0,Charge 4
2020-12-26T07:28:54Z,72.0,Charge 4
2020-12-26T07:28:59Z,74.0,Charge 4
2020-12-26T07:29:04Z,73.0,Charge 4
2020-12-26T07:29:14Z,71.0,Charge 4
2020-12-26T07:29:19Z,70.0,Charge 4
2020-12-26T07:29:34Z,71.0,Charge 4
2020-12-26T07:29:39Z,72.0,Charge 4
2020-12-26T07:29:44Z,71.0,Charge 4
2020-12-26T07:29:54Z,72.0,Charge 4
2020-12-26T07:30:09Z,72.0,Charge 4
2020-12-26T07:30:14Z,73.0,Charge 4
2020-12-26T07:30:29Z,74.0,Charge 4
2020-12-26T07:30:34Z,73.0,Charge 4
2020-12-26T07:30:44Z,72.0,Charge 4
2020-12-26T07:30:54Z,73.0,Charge 4
2020-12-26T07:31:09Z,73.0,Charge 4
2020-12-26T07:31:14Z,71.0,Charge 4
2020-12-26T07:31:19Z,70.0,Charge 4
2020-12-26T07:31:24Z,68.0,Charge 4
2020-12-26T07:31:34Z,69.0,Charge 4
2020-12-26T07:31:39Z,70.0,Charge 4
2020-12-26T07:31:49Z,68.0,Charge 4
2020-12-26T07:32:04Z,68.0,Charge 4
2020-12-26T07:32:09Z,68.0,Charge 4
2020-12-26T07:32:19Z,69.0,Charge 4
2020-12-26T07:32:34Z,69.0,Charge 4
2020-12-26T07:32:49Z,69.0,Charge 4
2020-12-26T07:32:54Z,68.0,Charge 4
2020-12-26T07:32:59Z,67.0,Charge 4
2020-12-26T07:33:09Z,68.0,Charge 4
2020-12-26T07:33:14Z,69.0,Charge 4
2020-12-26T07:33:19Z,67.0,Charge 4
2020-12-26T07:33:25Z,68.0,Charge 4
2020-12-26T07:33:40Z,68.0,Charge 4
2020-12-26T07:33:45Z,69.0,Charge 4
2020-12-26T07:34:00Z,68.0,Charge 4
2020-12-26T07:34:05Z,67.0,Charge 4
2020-12-26T07:34:10Z,68.0,Charge 4
2020-12-26T07:34:15Z,69.0,Charge 4
2020-12-26T07:34:20Z,71.0,Charge 4
2020-12-26T07:34:25Z,72.0,Charge 4
2020-12-26T07:34:30Z,69.0,Charge 4
2020-12-26T07:34:40Z,70.0,Charge 4
2020-12-26T07:34:50Z,71.0,Charge 4
2020-12-26T07:34:55Z,72.0,Charge 4
2020-12-26T07:35:00Z,73.0,Charge 4
2020-12-26T07:35:05Z,74.0,Charge 4
2020-12-26T07:35:15Z,72.0,Charge 4
2020-12-26T07:35:20Z,71.0,Charge 4
2020-12-26T07:35:25Z,72.0,Charge 4
2020-12-26T07:35:30Z,72.0,Charge 4
2020-12-26T07:35:35Z,71.0,Charge 4
2020-12-26T07:35:40Z,70.0,Charge 4
2020-12-26T07:35:45Z,70.0,Charge 4
2020-12-26T07:35:55Z,71.0,Charge 4
2020-12-26T07:36:00Z,71.0,Charge 4
2020-12-26T07:36:05Z,70.0,Charge 4
2020-12-26T07:36:10Z,69.0,Charge 4
2020-12-26T07:36:25Z,69.0,Charge 4
2020-12-26T07:36:30Z,70.0,Charge 4
2020-12-26T07:36:35Z,69.0,Charge 4
2020-12-26T07:36:45Z,70.0,Charge 4
2020-12-26T07:36:55Z,71.0,Charge 4
2020-12-26T07:37:10Z,72.0,Charge 4
2020-12-26T07:37:15Z,73.0,Charge 4
2020-12-26T07:37:25Z,75.0,Charge 4
2020-12-26T07:37:30Z,76.0,Charge 4
2020-12-26T07:37:35Z,77.0,Charge 4
2020-12-26T07:37:40Z,76.0,Charge 4
2020-12-26T07:37:55Z,76.0,Charge 4
2020-12-26T07:38:00Z,74.0,Charge 4
2020-12-26T07:38:15Z,74.0,Charge 4
2020-12-26T07:38:25Z,75.0,Charge 4
2020-12-26T07:38:40Z,75.0,Charge 4
2020-12-26T07:38:45Z,75.0,Charge 4
2020-12-26T07:38:50Z,74.0,Charge 4
2020-12-26T07:39:00Z,75.0,Charge 4
2020-12-26T07:39:10Z,74.0,Charge 4
2020-12-26T07:39:15Z,73.0,Charge 4
2020-12-26T07:39:20Z,72.0,Charge 4
2020-12-26T07:39:30Z,73.0,Charge 4
2020-12-26T07:39:40Z,75.0,Charge 4
2020-12-26T07:39:45Z,77.0,Charge 4
2020-12-26T07:39:55Z,74.0,Charge 4
2020-12-26T07:40:01Z,74.0,Charge 4
2020-12-26T07:40:16Z,74.0,Charge 4
2020-12-26T07:40:31Z,74.0,Charge 4
2020-12-26T07:40:36Z,72.0,Charge 4
2020-12-26T07:40:41Z,71.0,Charge 4
2020-12-26T07:40:56Z,71.0,Charge 4
2020-12-26T07:41:11Z,71.0,Charge 4
2020-12-26T07:41:21Z,72.0,Charge 4
2020-12-26T07:41:31Z,71.0,Charge 4
2020-12-26T07:41:46Z,70.0,Charge 4
2020-12-26T07:41:51Z,69.0,Charge 4
2020-12-26T07:42:06Z,69.0,Charge 4
2020-12-26T07:42:11Z,70.0,Charge 4
2020-12-26T07:42:26Z,71.0,Charge 4
2020-12-26T07:42:36Z,70.0,Charge 4
2020-12-26T07:42:41Z,68.0,Charge 4
2020-12-26T07:42:56Z,69.0,Charge 4
2020-12-26T07:43:01Z,70.0,Charge 4
2020-12-26T07:43:11Z,71.0,Charge 4
2020-12-26T07:43:21Z,70.0,Charge 4
2020-12-26T07:43:31Z,71.0,Charge 4
2020-12-26T07:43:36Z,72.0,Charge 4
2020-12-26T07:43:51Z,72.0,Charge 4
2020-12-26T07:44:06Z,72.0,Charge 4
2020-12-26T07:44:11Z,73.0,Charge 4
2020-12-26T07:44:16Z,72.0,Charge 4
2020-12-26T07:44:31Z,72.0,Charge 4
2020-12-26T07:44:32Z,73.0,Charge 4
2020-12-26T07:44:42Z,74.0,Charge 4
2020-12-26T07:44:47Z,73.0,Charge 4
2020-12-26T07:45:02Z,72.0,Charge 4
2020-12-26T07:45:07Z,71.0,Charge 4
2020-12-26T07:45:22Z,72.0,Charge 4
2020-12-26T07:45:32Z,73.0,Charge 4
2020-12-26T07:45:37Z,74.0,Charge 4
2020-12-26T07:45:52Z,74.0,Charge 4
2020-12-26T07:46:07Z,73.0,Charge 4
2020-12-26T07:46:22Z,73.0,Charge 4
2020-12-26T07:46:37Z,73.0,Charge 4
2020-12-26T07:46:42Z,72.0,Charge 4
2020-12-26T07:46:57Z,72.0,Charge 4
2020-12-26T07:47:12Z,73.0,Charge 4
2020-12-26T07:47:27Z,75.0,Charge 4
2020-12-26T07:47:32Z,76.0,Charge 4
2020-12-26T07:47:42Z,77.0,Charge 4
2020-12-26T07:47:47Z,78.0,Charge 4
2020-12-26T07:47:52Z,79.0,Charge 4
2020-12-26T07:47:57Z,80.0,Charge 4
2020-12-26T07:48:02Z,78.0,Charge 4
2020-12-26T07:48:07Z,77.0,Charge 4
2020-12-26T07:48:12Z,76.0,Charge 4
2020-12-26T07:48:17Z,75.0,Charge 4
2020-12-26T07:48:22Z,74.0,Charge 4
2020-12-26T07:48:27Z,73.0,Charge 4
2020-12-26T07:48:32Z,72.0,Charge 4
2020-12-26T07:48:42Z,71.0,Charge 4
2020-12-26T07:48:47Z,71.0,Charge 4
2020-12-26T07:48:57Z,72.0,Charge 4
2020-12-26T07:49:02Z,72.0,Charge 4
2020-12-26T07:49:07Z,72.0,Charge 4
2020-12-26T07:49:17Z,73.0,Charge 4
2020-12-26T07:49:22Z,72.0,Charge 4
2020-12-26T07:49:32Z,70.0,Charge 4
2020-12-26T07:49:37Z,69.0,Charge 4
2020-12-26T07:49:42Z,67.0,Charge 4
2020-12-26T07:49:52Z,68.0,Charge 4
2020-12-26T07:49:57Z,70.0,Charge 4
2020-12-26T07:50:02Z,72.0,Charge 4
2020-12-26T07:50:17Z,72.0,Charge 4
2020-12-26T07:50:27Z,70.0,Charge 4
2020-12-26T07:50:42Z,70.0,Charge 4
2020-12-26T07:50:52Z,71.0,Charge 4
2020-12-26T07:51:02Z,70.0,Charge 4
2020-12-26T07:51:17Z,70.0,Charge 4
2020-12-26T07:51:27Z,72.0,Charge 4
2020-12-26T07:51:37Z,72.0,Charge 4
2020-12-26T07:51:52Z,72.0,Charge 4
2020-12-26T07:51:57Z,68.0,Charge 4
2020-12-26T07:52:02Z,67.0,Charge 4
2020-12-26T07:52:08Z,67.0,Charge 4
2020-12-26T07:52:18Z,68.0,Charge 4
2020-12-26T07:52:33Z,68.0,Charge 4
2020-12-26T07:52:43Z,67.0,Charge 4
2020-12-26T07:52:48Z,66.0,Charge 4
2020-12-26T07:52:53Z,67.0,Charge 4
2020-12-26T07:53:03Z,68.0,Charge 4
2020-12-26T07:53:13Z,69.0,Charge 4
2020-12-26T07:53:18Z,69.0,Charge 4
2020-12-26T07:53:33Z,73.0,Charge 4
2020-12-26T07:53:38Z,78.0,Charge 4
2020-12-26T07:53:43Z,77.0,Charge 4
2020-12-26T07:53:48Z,74.0,Charge 4
2020-12-26T07:53:53Z,73.0,Charge 4
2020-12-26T07:53:58Z,71.0,Charge 4
2020-12-26T07:54:13Z,71.0,Charge 4
2020-12-26T07:54:28Z,71.0,Charge 4
2020-12-26T07:54:33Z,72.0,Charge 4
2020-12-26T07:54:43Z,73.0,Charge 4
2020-12-26T07:54:48Z,72.0,Charge 4
2020-12-26T07:54:53Z,70.0,Charge 4
2020-12-26T07:54:58Z,69.0,Charge 4
2020-12-26T07:55:03Z,67.0,Charge 4
2020-12-26T07:55:18Z,68.0,Charge 4
2020-12-26T07:55:23Z,69.0,Charge 4
2020-12-26T07:55:38Z,69.0,Charge 4
2020-12-26T07:55:43Z,68.0,Charge 4
2020-12-26T07:55:48Z,68.0,Charge 4
2020-12-26T07:56:03Z,69.0,Charge 4
2020-12-26T07:56:08Z,71.0,Charge 4
2020-12-26T07:56:13Z,73.0,Charge 4
2020-12-26T07:56:18Z,71.0,Charge 4
2020-12-26T07:56:23Z,69.0,Charge 4
2020-12-26T07:56:28Z,66.0,Charge 4
2020-12-26T07:56:38Z,68.0,Charge 4
2020-12-26T07:56:43Z,70.0,Charge 4
2020-12-26T07:56:48Z,70.0,Charge 4
2020-12-26T07:56:53Z,70.0,Charge 4
2020-12-26T07:56:58Z,67.0,Charge 4
2020-12-26T07:57:03Z,65.0,Charge 4
2020-12-26T07:57:13Z,66.0,Charge 4
2020-12-26T07:57:23Z,67.0,Charge 4
2020-12-26T07:57:38Z,67.0,Charge 4
2020-12-26T07:57:43Z,69.0,Charge 4
2020-12-26T07:57:48Z,71.0,Charge 4
2020-12-26T07:57:58Z,68.0,Charge 4
2020-12-26T07:58:03Z,66.0,Charge 4
2020-12-26T07:58:18Z,66.0,Charge 4
2020-12-26T07:58:23Z,67.0,Charge 4
2020-12-26T07:58:33Z,68.0,Charge 4
2020-12-26T07:58:38Z,69.0,Charge 4
2020-12-26T07:58:43Z,70.0,Charge 4
2020-12-26T07:58:48Z,71.0,Charge 4
2020-12-26T07:58:59Z,79.0,Charge 4
2020-12-26T07:59:04Z,83.0,Charge 4
2020-12-26T07:59:09Z,81.0,Charge 4
2020-12-26T07:59:14Z,77.0,Charge 4
2020-12-26T07:59:19Z,70.0,Charge 4
2020-12-26T07:59:24Z,68.0,Charge 4
2020-12-26T07:59:29Z,66.0,Charge 4
2020-12-26T07:59:39Z,65.0,Charge 4
2020-12-26T07:59:54Z,65.0,Charge 4
2020-12-26T08:00:04Z,67.0,Charge 4
2020-12-26T08:00:09Z,69.0,Charge 4
2020-12-26T08:00:14Z,70.0,Charge 4
2020-12-26T08:00:29Z,71.0,Charge 4
2020-12-26T08:00:34Z,73.0,Charge 4
2020-12-26T08:00:39Z,72.0,Charge 4
2020-12-26T08:00:44Z,70.0,Charge 4
2020-12-26T08:00:49Z,69.0,Charge 4
2020-12-26T08:00:54Z,67.0,Charge 4
2020-12-26T08:01:04Z,66.0,Charge 4
2020-12-26T08:01:09Z,67.0,Charge 4
2020-12-26T08:01:14Z,66.0,Charge 4
2020-12-26T08:01:29Z,68.0,Charge 4
2020-12-26T08:01:34Z,71.0,Charge 4
2020-12-26T08:01:39Z,75.0,Charge 4
2020-12-26T08:01:49Z,73.0,Charge 4
2020-12-26T08:01:54Z,72.0,Charge 4
2020-12-26T08:01:59Z,70.0,Charge 4
2020-12-26T08:02:04Z,68.0,Charge 4
2020-12-26T08:02:09Z,67.0,Charge 4
2020-12-26T08:02:24Z,66.0,Charge 4
2020-12-26T08:02:34Z,65.0,Charge 4
2020-12-26T08:02:44Z,66.0,Charge 4
2020-12-26T08:02:49Z,68.0,Charge 4
2020-12-26T08:02:59Z,69.0,Charge 4
2020-12-26T08:03:04Z,72.0,Charge 4
2020-12-26T08:03:09Z,73.0,Charge 4
2020-12-26T08:03:14Z,74.0,Charge 4
2020-12-26T08:03:19Z,73.0,Charge 4
2020-12-26T08:03:24Z,72.0,Charge 4
2020-12-26T08:03:29Z,71.0,Charge 4
2020-12-26T08:03:34Z,70.0,Charge 4
2020-12-26T08:03:49Z,72.0,Charge 4
2020-12-26T08:03:59Z,70.0,Charge 4
2020-12-26T08:04:04Z,68.0,Charge 4
2020-12-26T08:04:09Z,67.0,Charge 4
2020-12-26T08:04:14Z,68.0,Charge 4
2020-12-26T08:04:19Z,69.0,Charge 4
2020-12-26T08:04:24Z,71.0,Charge 4
2020-12-26T08:04:29Z,77.0,Charge 4
2020-12-26T08:04:34Z,76.0,Charge 4
2020-12-26T08:04:39Z,75.0,Charge 4
2020-12-26T08:04:44Z,73.0,Charge 4
2020-12-26T08:04:49Z,71.0,Charge 4
2020-12-26T08:05:04Z,71.0,Charge 4
2020-12-26T08:05:05Z,70.0,Charge 4
2020-12-26T08:05:10Z,68.0,Charge 4
2020-12-26T08:05:15Z,66.0,Charge 4
2020-12-26T08:05:30Z,68.0,Charge 4
2020-12-26T08:05:35Z,69.0,Charge 4
2020-12-26T08:05:45Z,68.0,Charge 4
2020-12-26T08:05:50Z,69.0,Charge 4
2020-12-26T08:06:05Z,68.0,Charge 4
2020-12-26T08:06:15Z,67.0,Charge 4
2020-12-26T08:06:20Z,68.0,Charge 4
2020-12-26T08:06:35Z,69.0,Charge 4
2020-12-26T08:06:45Z,70.0,Charge 4
2020-12-26T08:06:50Z,71.0,Charge 4
2020-12-26T08:06:55Z,72.0,Charge 4
2020-12-26T08:07:05Z,73.0,Charge 4
2020-12-26T08:07:15Z,74.0,Charge 4
2020-12-26T08:07:20Z,75.0,Charge 4
2020-12-26T08:07:25Z,76.0,Charge 4
2020-12-26T08:07:40Z,76.0,Charge 4
2020-12-26T08:07:55Z,76.0,Charge 4
2020-12-26T08:08:00Z,75.0,Charge 4
2020-12-26T08:08:10Z,73.0,Charge 4
2020-12-26T08:08:15Z,71.0,Charge 4
2020-12-26T08:08:25Z,73.0,Charge 4
2020-12-26T08:08:35Z,74.0,Charge 4
2020-12-26T08:08:50Z,74.0,Charge 4
2020-12-26T08:08:55Z,75.0,Charge 4
2020-12-26T08:09:00Z,76.0,Charge 4
2020-12-26T08:09:05Z,75.0,Charge 4
2020-12-26T08:09:10Z,73.0,Charge 4
2020-12-26T08:09:15Z,71.0,Charge 4
2020-12-26T08:09:25Z,70.0,Charge 4
2020-12-26T08:09:40Z,70.0,Charge 4
2020-12-26T08:09:50Z,72.0,Charge 4
2020-12-26T08:09:55Z,73.0,Charge 4
2020-12-26T08:10:00Z,74.0,Charge 4
2020-12-26T08:10:05Z,75.0,Charge 4
2020-12-26T08:10:15Z,76.0,Charge 4
2020-12-26T08:10:20Z,74.0,Charge 4
2020-12-26T08:10:30Z,73.0,Charge 4
2020-12-26T08:10:35Z,71.0,Charge 4
2020-12-26T08:10:40Z,72.0,Charge 4
2020-12-26T08:10:45Z,73.0,Charge 4
2020-12-26T08:11:00Z,73.0,Charge 4
2020-12-26T08:11:05Z,70.0,Charge 4
2020-12-26T08:11:15Z,71.0,Charge 4
2020-12-26T08:11:20Z,72.0,Charge 4
2020-12-26T08:11:25Z,73.0,Charge 4
2020-12-26T08:11:40Z,73.0,Charge 4
2020-12-26T08:11:45Z,72.0,Charge 4
2020-12-26T08:11:55Z,73.0,Charge 4
2020-12-26T08:12:00Z,74.0,Charge 4
2020-12-26T08:12:10Z,73.0,Charge 4
2020-12-26T08:12:16Z,73.0,Charge 4
2020-12-26T08:12:21Z,74.0,Charge 4
2020-12-26T08:12:26Z,75.0,Charge 4
2020-12-26T08:12:31Z,77.0,Charge 4
2020-12-26T08:12:46Z,76.0,Charge 4
2020-12-26T08:12:51Z,74.0,Charge 4
2020-12-26T08:13:06Z,75.0,Charge 4
2020-12-26T08:13:21Z,75.0,Charge 4
2020-12-26T08:13:26Z,76.0,Charge 4
2020-12-26T08:13:31Z,77.0,Charge 4
2020-12-26T08:13:41Z,85.0,Charge 4
2020-12-26T08:13:46Z,91.0,Charge 4
2020-12-26T08:13:51Z,87.0,Charge 4
2020-12-26T08:13:56Z,80.0,Charge 4
2020-12-26T08:14:01Z,74.0,Charge 4
2020-12-26T08:14:06Z,72.0,Charge 4
2020-12-26T08:14:11Z,70.0,Charge 4
2020-12-26T08:14:16Z,69.0,Charge 4
2020-12-26T08:14:21Z,70.0,Charge 4
2020-12-26T08:14:36Z,71.0,Charge 4
2020-12-26T08:14:41Z,70.0,Charge 4
2020-12-26T08:14:46Z,71.0,Charge 4
2020-12-26T08:14:51Z,70.0,Charge 4
2020-12-26T08:14:56Z,72.0,Charge 4
2020-12-26T08:15:01Z,74.0,Charge 4
2020-12-26T08:15:06Z,75.0,Charge 4
2020-12-26T08:15:11Z,75.0,Charge 4
2020-12-26T08:15:16Z,74.0,Charge 4
2020-12-26T08:15:21Z,73.0,Charge 4
2020-12-26T08:15:26Z,72.0,Charge 4
2020-12-26T08:15:31Z,70.0,Charge 4
2020-12-26T08:15:41Z,68.0,Charge 4
2020-12-26T08:15:51Z,69.0,Charge 4
2020-12-26T08:15:56Z,73.0,Charge 4
2020-12-26T08:16:01Z,76.0,Charge 4
2020-12-26T08:16:11Z,74.0,Charge 4
2020-12-26T08:16:16Z,72.0,Charge 4
2020-12-26T08:16:21Z,71.0,Charge 4
2020-12-26T08:16:26Z,70.0,Charge 4
2020-12-26T08:16:41Z,69.0,Charge 4
2020-12-26T08:16:56Z,69.0,Charge 4
2020-12-26T08:17:11Z,68.0,Charge 4
2020-12-26T08:17:16Z,69.0,Charge 4
2020-12-26T08:17:26Z,72.0,Charge 4
2020-12-26T08:17:31Z,83.0,Charge 4
2020-12-26T08:17:36Z,82.0,Charge 4
2020-12-26T08:17:41Z,77.0,Charge 4
2020-12-26T08:17:46Z,72.0,Charge 4
2020-12-26T08:17:51Z,68.0,Charge 4
2020-12-26T08:17:56Z,66.0,Charge 4
2020-12-26T08:18:06Z,68.0,Charge 4
2020-12-26T08:18:11Z,69.0,Charge 4
2020-12-26T08:18:17Z,70.0,Charge 4
2020-12-26T08:18:27Z,68.0,Charge 4
2020-12-26T08:18:32Z,67.0,Charge 4
2020-12-26T08:18:37Z,66.0,Charge 4
2020-12-26T08:18:47Z,65.0,Charge 4
2020-12-26T08:18:52Z,66.0,Charge 4
2020-12-26T08:19:07Z,66.0,Charge 4
2020-12-26T08:19:12Z,69.0,Charge 4
2020-12-26T08:19:17Z,72.0,Charge 4
2020-12-26T08:19:22Z,74.0,Charge 4
2020-12-26T08:19:32Z,72.0,Charge 4
2020-12-26T08:19:47Z,72.0,Charge 4
2020-12-26T08:19:57Z,71.0,Charge 4
2020-12-26T08:20:12Z,72.0,Charge 4
2020-12-26T08:20:17Z,73.0,Charge 4
2020-12-26T08:20:32Z,71.0,Charge 4
2020-12-26T08:20:37Z,70.0,Charge 4
2020-12-26T08:20:42Z,68.0,Charge 4
2020-12-26T08:20:47Z,67.0,Charge 4
2020-12-26T08:20:57Z,68.0,Charge 4
2020-12-26T08:21:12Z,67.0,Charge 4
2020-12-26T08:21:27Z,67.0,Charge 4
2020-12-26T08:21:32Z,66.0,Charge 4
2020-12-26T08:21:47Z,67.0,Charge 4
2020-12-26T08:21:52Z,69.0,Charge 4
2020-12-26T08:22:02Z,67.0,Charge 4
2020-12-26T08:22:07Z,66.0,Charge 4
2020-12-26T08:22:12Z,66.0,Charge 4
2020-12-26T08:22:17Z,67.0,Charge 4
2020-12-26T08:22:22Z,69.0,Charge 4
2020-12-26T08:22:27Z,70.0,Charge 4
2020-12-26T08:22:32Z,71.0,Charge 4
2020-12-26T08:22:42Z,70.0,Charge 4
2020-12-26T08:22:47Z,68.0,Charge 4
2020-12-26T08:22:52Z,69.0,Charge 4
2020-12-26T08:22:57Z,68.0,Charge 4
2020-12-26T08:23:07Z,69.0,Charge 4
2020-12-26T08:23:22Z,68.0,Charge 4
2020-12-26T08:23:37Z,69.0,Charge 4
2020-12-26T08:23:42Z,68.0,Charge 4
2020-12-26T08:23:47Z,67.0,Charge 4
2020-12-26T08:23:57Z,68.0,Charge 4
2020-12-26T08:24:02Z,70.0,Charge 4
2020-12-26T08:24:07Z,73.0,Charge 4
2020-12-26T08:24:12Z,74.0,Charge 4
2020-12-26T08:24:22Z,75.0,Charge 4
2020-12-26T08:24:27Z,87.0,Charge 4
2020-12-26T08:24:32Z,88.0,Charge 4
2020-12-26T08:24:37Z,82.0,Charge 4
2020-12-26T08:24:42Z,77.0,Charge 4
2020-12-26T08:24:47Z,73.0,Charge 4
2020-12-26T08:24:52Z,70.0,Charge 4
2020-12-26T08:25:02Z,69.0,Charge 4
2020-12-26T08:25:08Z,67.0,Charge 4
2020-12-26T08:25:18Z,66.0,Charge 4
2020-12-26T08:25:28Z,67.0,Charge 4
2020-12-26T08:25:43Z,68.0,Charge 4
2020-12-26T08:25:53Z,69.0,Charge 4
2020-12-26T08:26:03Z,68.0,Charge 4
2020-12-26T08:26:08Z,66.0,Charge 4
2020-12-26T08:26:23Z,66.0,Charge 4
2020-12-26T08:26:28Z,67.0,Charge 4
2020-12-26T08:26:33Z,69.0,Charge 4
2020-12-26T08:26:43Z,70.0,Charge 4
2020-12-26T08:26:48Z,71.0,Charge 4
2020-12-26T08:26:53Z,69.0,Charge 4
2020-12-26T08:26:58Z,67.0,Charge 4
2020-12-26T08:27:08Z,68.0,Charge 4
2020-12-26T08:27:13Z,70.0,Charge 4
2020-12-26T08:27:23Z,69.0,Charge 4
2020-12-26T08:27:28Z,67.0,Charge 4
2020-12-26T08:27:38Z,68.0,Charge 4
2020-12-26T08:27:53Z,69.0,Charge 4
2020-12-26T08:28:08Z,69.0,Charge 4
2020-12-26T08:28:13Z,67.0,Charge 4
2020-12-26T08:28:18Z,66.0,Charge 4
2020-12-26T08:28:33Z,66.0,Charge 4
2020-12-26T08:28:38Z,67.0,Charge 4
2020-12-26T08:28:48Z,66.0,Charge 4
2020-12-26T08:28:58Z,64.0,Charge 4
2020-12-26T08:29:03Z,64.0,Charge 4
2020-12-26T08:29:13Z,65.0,Charge 4
2020-12-26T08:29:23Z,66.0,Charge 4
2020-12-26T08:29:28Z,67.0,Charge 4
2020-12-26T08:29:38Z,68.0,Charge 4
2020-12-26T08:29:43Z,69.0,Charge 4
2020-12-26T08:29:48Z,69.0,Charge 4
2020-12-26T08:29:53Z,70.0,Charge 4
2020-12-26T08:30:03Z,70.0,Charge 4
2020-12-26T08:30:13Z,70.0,Charge 4
2020-12-26T08:30:18Z,67.0,Charge 4
2020-12-26T08:30:23Z,65.0,Charge 4
2020-12-26T08:30:33Z,67.0,Charge 4
2020-12-26T08:30:43Z,68.0,Charge 4
2020-12-26T08:30:48Z,69.0,Charge 4
2020-12-26T08:30:58Z,70.0,Charge 4
2020-12-26T08:31:03Z,69.0,Charge 4
2020-12-26T08:31:08Z,68.0,Charge 4
2020-12-26T08:31:13Z,67.0,Charge 4
2020-12-26T08:31:23Z,66.0,Charge 4
2020-12-26T08:31:38Z,66.0,Charge 4
2020-12-26T08:31:53Z,65.0,Charge 4
2020-12-26T08:31:58Z,69.0,Charge 4
2020-12-26T08:32:03Z,71.0,Charge 4
2020-12-26T08:32:18Z,71.0,Charge 4
2020-12-26T08:32:19Z,70.0,Charge 4
2020-12-26T08:32:24Z,69.0,Charge 4
2020-12-26T08:32:29Z,70.0,Charge 4
2020-12-26T08:32:44Z,70.0,Charge 4
2020-12-26T08:32:49Z,71.0,Charge 4
2020-12-26T08:32:54Z,70.0,Charge 4
2020-12-26T08:32:59Z,68.0,Charge 4
2020-12-26T08:33:04Z,69.0,Charge 4
2020-12-26T08:33:14Z,68.0,Charge 4
2020-12-26T08:33:29Z,67.0,Charge 4
2020-12-26T08:33:44Z,67.0,Charge 4
2020-12-26T08:33:49Z,69.0,Charge 4
2020-12-26T08:33:54Z,70.0,Charge 4
2020-12-26T08:34:04Z,71.0,Charge 4
2020-12-26T08:34:09Z,73.0,Charge 4
2020-12-26T08:34:14Z,72.0,Charge 4
2020-12-26T08:34:24Z,71.0,Charge 4
2020-12-26T08:34:29Z,70.0,Charge 4
2020-12-26T08:34:34Z,71.0,Charge 4
2020-12-26T08:34:39Z,70.0,Charge 4
2020-12-26T08:34:44Z,69.0,Charge 4
2020-12-26T08:34:49Z,68.0,Charge 4
2020-12-26T08:34:54Z,67.0,Charge 4
2020-12-26T08:35:09Z,66.0,Charge 4
2020-12-26T08:35:19Z,67.0,Charge 4
2020-12-26T08:35:24Z,68.0,Charge 4
2020-12-26T08:35:34Z,70.0,Charge 4
2020-12-26T08:35:39Z,70.0,Charge 4
2020-12-26T08:35:49Z,72.0,Charge 4
2020-12-26T08:36:04Z,72.0,Charge 4
2020-12-26T08:36:09Z,71.0,Charge 4
2020-12-26T08:36:19Z,72.0,Charge 4
2020-12-26T08:36:24Z,73.0,Charge 4
2020-12-26T08:36:34Z,71.0,Charge 4
2020-12-26T08:36:39Z,69.0,Charge 4
2020-12-26T08:36:44Z,68.0,Charge 4
2020-12-26T08:36:59Z,68.0,Charge 4
2020-12-26T08:37:14Z,69.0,Charge 4
2020-12-26T08:37:19Z,70.0,Charge 4
2020-12-26T08:37:34Z,70.0,Charge 4
2020-12-26T08:37:49Z,70.0,Charge 4
2020-12-26T08:37:59Z,69.0,Charge 4
2020-12-26T08:38:09Z,70.0,Charge 4
2020-12-26T08:38:14Z,71.0,Charge 4
2020-12-26T08:38:19Z,73.0,Charge 4
2020-12-26T08:38:24Z,72.0,Charge 4
2020-12-26T08:38:34Z,71.0,Charge 4
2020-12-26T08:38:39Z,70.0,Charge 4
2020-12-26T08:38:44Z,69.0,Charge 4
2020-12-26T08:38:54Z,68.0,Charge 4
2020-12-26T08:38:59Z,69.0,Charge 4
2020-12-26T08:39:04Z,71.0,Charge 4
2020-12-26T08:39:09Z,72.0,Charge 4
2020-12-26T08:39:14Z,73.0,Charge 4
2020-12-26T08:39:20Z,73.0,Charge 4
2020-12-26T08:39:30Z,72.0,Charge 4
2020-12-26T08:39:35Z,71.0,Charge 4
2020-12-26T08:39:45Z,73.0,Charge 4
2020-12-26T08:39:50Z,73.0,Charge 4
2020-12-26T08:39:55Z,74.0,Charge 4
2020-12-26T08:40:05Z,81.0,Charge 4
2020-12-26T08:40:15Z,77.0,Charge 4
2020-12-26T08:40:20Z,74.0,Charge 4
2020-12-26T08:40:25Z,73.0,Charge 4
2020-12-26T08:40:30Z,72.0,Charge 4
2020-12-26T08:40:35Z,71.0,Charge 4
2020-12-26T08:40:50Z,71.0,Charge 4
2020-12-26T08:41:00Z,72.0,Charge 4
2020-12-26T08:41:10Z,73.0,Charge 4
2020-12-26T08:41:25Z,73.0,Charge 4
2020-12-26T08:41:30Z,72.0,Charge 4
2020-12-26T08:41:35Z,71.0,Charge 4
2020-12-26T08:41:50Z,71.0,Charge 4
2020-12-26T08:42:00Z,71.0,Charge 4
2020-12-26T08:42:05Z,72.0,Charge 4
2020-12-26T08:42:10Z,71.0,Charge 4
2020-12-26T08:42:15Z,70.0,Charge 4
2020-12-26T08:42:25Z,71.0,Charge 4
2020-12-26T08:42:30Z,72.0,Charge 4
2020-12-26T08:42:35Z,71.0,Charge 4
2020-12-26T08:42:50Z,71.0,Charge 4
2020-12-26T08:42:55Z,72.0,Charge 4
2020-12-26T08:43:00Z,73.0,Charge 4
2020-12-26T08:43:05Z,72.0,Charge 4
2020-12-26T08:43:10Z,72.0,Charge 4
2020-12-26T08:43:15Z,73.0,Charge 4
2020-12-26T08:43:20Z,74.0,Charge 4
2020-12-26T08:43:25Z,75.0,Charge 4
2020-12-26T08:43:30Z,73.0,Charge 4
2020-12-26T08:43:40Z,74.0,Charge 4
2020-12-26T08:43:45Z,73.0,Charge 4
2020-12-26T08:43:50Z,71.0,Charge 4
2020-12-26T08:44:00Z,70.0,Charge 4
2020-12-26T08:44:05Z,69.0,Charge 4
2020-12-26T08:44:15Z,70.0,Charge 4
2020-12-26T08:44:20Z,71.0,Charge 4
2020-12-26T08:44:30Z,75.0,Charge 4
2020-12-26T08:44:35Z,76.0,Charge 4
2020-12-26T08:44:40Z,73.0,Charge 4
2020-12-26T08:44:45Z,72.0,Charge 4
2020-12-26T08:44:50Z,71.0,Charge 4
2020-12-26T08:45:05Z,71.0,Charge 4
2020-12-26T08:45:10Z,72.0,Charge 4
2020-12-26T08:45:15Z,73.0,Charge 4
2020-12-26T08:45:20Z,72.0,Charge 4
2020-12-26T08:45:30Z,71.0,Charge 4
2020-12-26T08:45:45Z,71.0,Charge 4
2020-12-26T08:45:51Z,72.0,Charge 4
2020-12-26T08:45:56Z,73.0,Charge 4
2020-12-26T08:46:01Z,72.0,Charge 4
2020-12-26T08:46:11Z,72.0,Charge 4
2020-12-26T08:46:26Z,72.0,Charge 4
2020-12-26T08:46:31Z,73.0,Charge 4
2020-12-26T08:46:36Z,71.0,Charge 4
2020-12-26T08:46:41Z,71.0,Charge 4
2020-12-26T08:46:56Z,71.0,Charge 4
2020-12-26T08:47:01Z,73.0,Charge 4
2020-12-26T08:47:06Z,72.0,Charge 4
2020-12-26T08:47:11Z,71.0,Charge 4
2020-12-26T08:47:21Z,72.0,Charge 4
2020-12-26T08:47:31Z,73.0,Charge 4
2020-12-26T08:47:46Z,73.0,Charge 4
2020-12-26T08:47:51Z,75.0,Charge 4
2020-12-26T08:48:01Z,74.0,Charge 4
2020-12-26T08:48:06Z,73.0,Charge 4
2020-12-26T08:48:11Z,73.0,Charge 4
2020-12-26T08:48:21Z,74.0,Charge 4
2020-12-26T08:48:26Z,73.0,Charge 4
2020-12-26T08:48:31Z,71.0,Charge 4
2020-12-26T08:48:36Z,70.0,Charge 4
2020-12-26T08:48:51Z,70.0,Charge 4
2020-12-26T08:48:56Z,69.0,Charge 4
2020-12-26T08:49:01Z,70.0,Charge 4
2020-12-26T08:49:06Z,69.0,Charge 4
2020-12-26T08:49:11Z,67.0,Charge 4
2020-12-26T08:49:21Z,69.0,Charge 4
2020-12-26T08:49:26Z,70.0,Charge 4
2020-12-26T08:49:31Z,71.0,Charge 4
2020-12-26T08:49:36Z,69.0,Charge 4
2020-12-26T08:49:41Z,67.0,Charge 4
2020-12-26T08:49:51Z,66.0,Charge 4
2020-12-26T08:49:56Z,65.0,Charge 4
2020-12-26T08:50:01Z,66.0,Charge 4
2020-12-26T08:50:11Z,67.0,Charge 4
2020-12-26T08:50:16Z,68.0,Charge 4
2020-12-26T08:50:21Z,69.0,Charge 4
2020-12-26T08:50:36Z,70.0,Charge 4
2020-12-26T08:50:41Z,71.0,Charge 4
2020-12-26T08:50:51Z,70.0,Charge 4
2020-12-26T08:51:06Z,70.0,Charge 4
2020-12-26T08:51:16Z,68.0,Charge 4
2020-12-26T08:51:26Z,70.0,Charge 4
2020-12-26T08:51:31Z,72.0,Charge 4
2020-12-26T08:51:36Z,73.0,Charge 4
2020-12-26T08:51:46Z,75.0,Charge 4
2020-12-26T08:51:51Z,73.0,Charge 4
2020-12-26T08:52:01Z,73.0,Charge 4
2020-12-26T08:52:06Z,74.0,Charge 4
2020-12-26T08:52:11Z,73.0,Charge 4
2020-12-26T08:52:26Z,73.0,Charge 4
2020-12-26T08:52:32Z,72.0,Charge 4
2020-12-26T08:52:42Z,71.0,Charge 4
2020-12-26T08:52:47Z,69.0,Charge 4
2020-12-26T08:52:57Z,68.0,Charge 4
2020-12-26T08:53:02Z,67.0,Charge 4
2020-12-26T08:53:07Z,67.0,Charge 4
2020-12-26T08:53:12Z,68.0,Charge 4
2020-12-26T08:53:22Z,72.0,Charge 4
2020-12-26T08:53:27Z,73.0,Charge 4
2020-12-26T08:53:32Z,72.0,Charge 4
2020-12-26T08:53:37Z,73.0,Charge 4
2020-12-26T08:53:42Z,72.0,Charge 4
2020-12-26T08:53:47Z,71.0,Charge 4
2020-12-26T08:53:52Z,70.0,Charge 4
2020-12-26T08:53:57Z,69.0,Charge 4
2020-12-26T08:54:02Z,68.0,Charge 4
2020-12-26T08:54:17Z,68.0,Charge 4
2020-12-26T08:54:27Z,69.0,Charge 4
2020-12-26T08:54:37Z,69.0,Charge 4
2020-12-26T08:54:52Z,69.0,Charge 4
2020-12-26T08:54:57Z,69.0,Charge 4
2020-12-26T08:55:02Z,71.0,Charge 4
2020-12-26T08:55:07Z,72.0,Charge 4
2020-12-26T08:55:12Z,73.0,Charge 4
2020-12-26T08:55:22Z,74.0,Charge 4
2020-12-26T08:55:27Z,74.0,Charge 4
2020-12-26T08:55:32Z,74.0,Charge 4
2020-12-26T08:55:37Z,74.0,Charge 4
2020-12-26T08:55:47Z,74.0,Charge 4
2020-12-26T08:55:52Z,73.0,Charge 4
2020-12-26T08:56:02Z,75.0,Charge 4
2020-12-26T08:56:17Z,76.0,Charge 4
2020-12-26T08:56:22Z,78.0,Charge 4
2020-12-26T08:56:27Z,77.0,Charge 4
2020-12-26T08:56:32Z,71.0,Charge 4
2020-12-26T08:56:37Z,70.0,Charge 4
2020-12-26T08:56:47Z,71.0,Charge 4
2020-12-26T08:56:52Z,72.0,Charge 4
2020-12-26T08:56:57Z,73.0,Charge 4
2020-12-26T08:57:02Z,74.0,Charge 4
2020-12-26T08:57:07Z,75.0,Charge 4
2020-12-26T08:57:17Z,74.0,Charge 4
2020-12-26T08:57:27Z,73.0,Charge 4
2020-12-26T08:57:32Z,72.0,Charge 4
2020-12-26T08:57:37Z,73.0,Charge 4
2020-12-26T08:57:42Z,72.0,Charge 4
2020-12-26T08:57:52Z,71.0,Charge 4
2020-12-26T08:58:02Z,72.0,Charge 4
2020-12-26T08:58:07Z,74.0,Charge 4
2020-12-26T08:58:12Z,72.0,Charge 4
2020-12-26T08:58:17Z,72.0,Charge 4
2020-12-26T08:58:27Z,73.0,Charge 4
2020-12-26T08:58:42Z,73.0,Charge 4
2020-12-26T08:58:48Z,75.0,Charge 4
2020-12-26T08:58:53Z,77.0,Charge 4
2020-12-26T08:59:08Z,76.0,Charge 4
2020-12-26T08:59:23Z,76.0,Charge 4
2020-12-26T08:59:33Z,75.0,Charge 4
2020-12-26T08:59:38Z,74.0,Charge 4
2020-12-26T08:59:43Z,74.0,Charge 4
2020-12-26T08:59:58Z,73.0,Charge 4
2020-12-26T09:00:03Z,72.0,Charge 4
2020-12-26T09:00:08Z,71.0,Charge 4
2020-12-26T09:00:13Z,70.0,Charge 4
2020-12-26T09:00:18Z,72.0,Charge 4
2020-12-26T09:00:23Z,73.0,Charge 4
2020-12-26T09:00:33Z,72.0,Charge 4
2020-12-26T09:00:43Z,71.0,Charge 4
2020-12-26T09:00:48Z,72.0,Charge 4
2020-12-26T09:00:58Z,73.0,Charge 4
2020-12-26T09:01:13Z,72.0,Charge 4
2020-12-26T09:01:18Z,71.0,Charge 4
2020-12-26T09:01:23Z,70.0,Charge 4
2020-12-26T09:01:28Z,72.0,Charge 4
2020-12-26T09:01:33Z,74.0,Charge 4
2020-12-26T09:01:38Z,75.0,Charge 4
2020-12-26T09:01:43Z,76.0,Charge 4
2020-12-26T09:01:58Z,76.0,Charge 4
2020-12-26T09:02:03Z,75.0,Charge 4
2020-12-26T09:02:13Z,76.0,Charge 4
2020-12-26T09:02:18Z,75.0,Charge 4
2020-12-26T09:02:23Z,74.0,Charge 4
2020-12-26T09:02:38Z,75.0,Charge 4
2020-12-26T09:02:43Z,78.0,Charge 4
2020-12-26T09:02:48Z,75.0,Charge 4
2020-12-26T09:02:53Z,74.0,Charge 4
2020-12-26T09:02:58Z,76.0,Charge 4
2020-12-26T09:03:03Z,74.0,Charge 4
2020-12-26T09:03:08Z,73.0,Charge 4
2020-12-26T09:03:13Z,72.0,Charge 4
2020-12-26T09:03:18Z,71.0,Charge 4
2020-12-26T09:03:23Z,72.0,Charge 4
2020-12-26T09:03:28Z,70.0,Charge 4
2020-12-26T09:03:33Z,71.0,Charge 4
2020-12-26T09:03:48Z,72.0,Charge 4
2020-12-26T09:03:53Z,74.0,Charge 4
2020-12-26T09:03:58Z,75.0,Charge 4
2020-12-26T09:04:03Z,76.0,Charge 4
2020-12-26T09:04:08Z,75.0,Charge 4
2020-12-26T09:04:13Z,74.0,Charge 4
2020-12-26T09:04:28Z,74.0,Charge 4
2020-12-26T09:04:33Z,75.0,Charge 4
2020-12-26T09:04:38Z,76.0,Charge 4
2020-12-26T09:04:43Z,73.0,Charge 4
2020-12-26T09:04:48Z,72.0,Charge 4
2020-12-26T09:04:53Z,71.0,Charge 4
2020-12-26T09:04:59Z,70.0,Charge 4
2020-12-26T09:05:09Z,72.0,Charge 4
2020-12-26T09:05:14Z,73.0,Charge 4
2020-12-26T09:05:19Z,75.0,Charge 4
2020-12-26T09:05:24Z,76.0,Charge 4
2020-12-26T09:05:29Z,75.0,Charge 4
2020-12-26T09:05:34Z,74.0,Charge 4
2020-12-26T09:05:39Z,73.0,Charge 4
2020-12-26T09:05:49Z,71.0,Charge 4
2020-12-26T09:05:54Z,72.0,Charge 4
2020-12-26T09:05:59Z,74.0,Charge 4
2020-12-26T09:06:04Z,75.0,Charge 4
2020-12-26T09:06:14Z,76.0,Charge 4
2020-12-26T09:06:19Z,75.0,Charge 4
2020-12-26T09:06:24Z,73.0,Charge 4
2020-12-26T09:06:29Z,74.0,Charge 4
2020-12-26T09:06:44Z,74.0,Charge 4
2020-12-26T09:06:49Z,75.0,Charge 4
2020-12-26T09:06:54Z,73.0,Charge 4
2020-12-26T09:06:59Z,72.0,Charge 4
2020-12-26T09:07:14Z,72.0,Charge 4
2020-12-26T09:07:29Z,74.0,Charge 4
2020-12-26T09:07:34Z,76.0,Charge 4
2020-12-26T09:07:39Z,77.0,Charge 4
2020-12-26T09:07:49Z,76.0,Charge 4
2020-12-26T09:07:54Z,75.0,Charge 4
2020-12-26T09:07:59Z,74.0,Charge 4
2020-12-26T09:08:04Z,74.0,Charge 4
2020-12-26T09:08:09Z,73.0,Charge 4
2020-12-26T09:08:24Z,74.0,Charge 4
2020-12-26T09:08:29Z,75.0,Charge 4
2020-12-26T09:08:34Z,74.0,Charge 4
2020-12-26T09:08:44Z,73.0,Charge 4
2020-12-26T09:08:54Z,74.0,Charge 4
2020-12-26T09:09:04Z,73.0,Charge 4
2020-12-26T09:09:19Z,72.0,Charge 4
2020-12-26T09:09:34Z,72.0,Charge 4
2020-12-26T09:09:39Z,75.0,Charge 4
2020-12-26T09:09:44Z,79.0,Charge 4
2020-12-26T09:09:54Z,78.0,Charge 4
2020-12-26T09:09:59Z,76.0,Charge 4
2020-12-26T09:10:04Z,75.0,Charge 4
2020-12-26T09:10:14Z,76.0,Charge 4
2020-12-26T09:10:19Z,75.0,Charge 4
2020-12-26T09:10:24Z,74.0,Charge 4
2020-12-26T09:10:29Z,73.0,Charge 4
2020-12-26T09:10:34Z,72.0,Charge 4
2020-12-26T09:10:49Z,72.0,Charge 4
2020-12-26T09:10:54Z,73.0,Charge 4
2020-12-26T09:10:59Z,75.0,Charge 4
2020-12-26T09:11:04Z,76.0,Charge 4
2020-12-26T09:11:14Z,77.0,Charge 4
2020-12-26T09:11:29Z,77.0,Charge 4
2020-12-26T09:11:44Z,77.0,Charge 4
2020-12-26T09:11:45Z,76.0,Charge 4
2020-12-26T09:12:00Z,74.0,Charge 4
2020-12-26T09:12:10Z,73.0,Charge 4
2020-12-26T09:12:15Z,72.0,Charge 4
2020-12-26T09:12:20Z,73.0,Charge 4
2020-12-26T09:12:25Z,72.0,Charge 4
2020-12-26T09:12:40Z,73.0,Charge 4
2020-12-26T09:12:50Z,76.0,Charge 4
2020-12-26T09:12:55Z,77.0,Charge 4
2020-12-26T09:13:10Z,77.0,Charge 4
2020-12-26T09:13:20Z,78.0,Charge 4
2020-12-26T09:13:30Z,76.0,Charge 4
2020-12-26T09:13:35Z,75.0,Charge 4
2020-12-26T09:13:45Z,74.0,Charge 4
2020-12-26T09:13:50Z,70.0,Charge 4
2020-12-26T09:13:55Z,69.0,Charge 4
2020-12-26T09:14:00Z,70.0,Charge 4
2020-12-26T09:14:05Z,73.0,Charge 4
2020-12-26T09:14:10Z,76.0,Charge 4
2020-12-26T09:14:15Z,76.0,Charge 4
2020-12-26T09:14:20Z,77.0,Charge 4
2020-12-26T09:14:25Z,78.0,Charge 4
2020-12-26T09:14:30Z,77.0,Charge 4
2020-12-26T09:14:40Z,76.0,Charge 4
2020-12-26T09:14:45Z,77.0,Charge 4
2020-12-26T09:15:00Z,77.0,Charge 4
2020-12-26T09:15:05Z,76.0,Charge 4
2020-12-26T09:15:10Z,75.0,Charge 4
2020-12-26T09:15:15Z,74.0,Charge 4
2020-12-26T09:15:25Z,73.0,Charge 4
2020-12-26T09:15:30Z,75.0,Charge 4
2020-12-26T09:15:35Z,77.0,Charge 4
2020-12-26T09:15:40Z,78.0,Charge 4
2020-12-26T09:15:45Z,77.0,Charge 4
2020-12-26T09:15:55Z,76.0,Charge 4
2020-12-26T09:16:00Z,75.0,Charge 4
2020-12-26T09:16:05Z,74.0,Charge 4
2020-12-26T09:16:20Z,74.0,Charge 4
2020-12-26T09:16:35Z,74.0,Charge 4
2020-12-26T09:16:40Z,75.0,Charge 4
2020-12-26T09:16:45Z,74.0,Charge 4
2020-12-26T09:16:50Z,72.0,Charge 4
2020-12-26T09:17:05Z,73.0,Charge 4
2020-12-26T09:17:10Z,75.0,Charge 4
2020-12-26T09:17:25Z,76.0,Charge 4
2020-12-26T09:17:35Z,77.0,Charge 4
2020-12-26T09:17:40Z,79.0,Charge 4
2020-12-26T09:17:45Z,78.0,Charge 4
2020-12-26T09:17:50Z,76.0,Charge 4
2020-12-26T09:18:00Z,75.0,Charge 4
2020-12-26T09:18:15Z,75.0,Charge 4
2020-12-26T09:18:20Z,75.0,Charge 4
2020-12-26T09:18:30Z,77.0,Charge 4
2020-12-26T09:18:36Z,85.0,Charge 4
2020-12-26T09:18:41Z,84.0,Charge 4
2020-12-26T09:18:46Z,80.0,Charge 4
2020-12-26T09:18:51Z,79.0,Charge 4
2020-12-26T09:18:56Z,77.0,Charge 4
2020-12-26T09:19:01Z,76.0,Charge 4
2020-12-26T09:19:06Z,77.0,Charge 4
2020-12-26T09:19:21Z,77.0,Charge 4
2020-12-26T09:19:36Z,77.0,Charge 4
2020-12-26T09:19:41Z,76.0,Charge 4
2020-12-26T09:19:56Z,77.0,Charge 4
2020-12-26T09:20:01Z,78.0,Charge 4
2020-12-26T09:20:06Z,77.0,Charge 4
2020-12-26T09:20:11Z,78.0,Charge 4
2020-12-26T09:20:16Z,79.0,Charge 4
2020-12-26T09:20:26Z,78.0,Charge 4
2020-12-26T09:20:31Z,77.0,Charge 4
2020-12-26T09:20:36Z,76.0,Charge 4
2020-12-26T09:20:41Z,75.0,Charge 4
2020-12-26T09:20:51Z,74.0,Charge 4
2020-12-26T09:20:56Z,73.0,Charge 4
2020-12-26T09:21:01Z,72.0,Charge 4
2020-12-26T09:21:06Z,71.0,Charge 4
2020-12-26T09:21:21Z,71.0,Charge 4
2020-12-26T09:21:31Z,73.0,Charge 4
2020-12-26T09:21:41Z,74.0,Charge 4
2020-12-26T09:21:46Z,75.0,Charge 4
2020-12-26T09:21:51Z,74.0,Charge 4
2020-12-26T09:22:01Z,73.0,Charge 4
2020-12-26T09:22:06Z,74.0,Charge 4
2020-12-26T09:22:16Z,75.0,Charge 4
2020-12-26T09:22:21Z,77.0,Charge 4
2020-12-26T09:22:26Z,78.0,Charge 4
2020-12-26T09:22:31Z,77.0,Charge 4
2020-12-26T09:22:36Z,75.0,Charge 4
2020-12-26T09:22:41Z,74.0,Charge 4
2020-12-26T09:22:56Z,74.0,Charge 4
2020-12-26T09:23:11Z,75.0,Charge 4
2020-12-26T09:23:16Z,74.0,Charge 4
2020-12-26T09:23:26Z,76.0,Charge 4
2020-12-26T09:23:31Z,77.0,Charge 4
2020-12-26T09:23:36Z,78.0,Charge 4
2020-12-26T09:23:41Z,80.0,Charge 4
2020-12-26T09:23:46Z,81.0,Charge 4
2020-12-26T09:24:01Z,78.0,Charge 4
2020-12-26T09:24:11Z,77.0,Charge 4
2020-12-26T09:24:26Z,77.0,Charge 4
2020-12-26T09:24:31Z,77.0,Charge 4
2020-12-26T09:24:41Z,78.0,Charge 4
2020-12-26T09:24:56Z,78.0,Charge 4
2020-12-26T09:25:12Z,74.0,Charge 4
2020-12-26T09:25:17Z,75.0,Charge 4
2020-12-26T09:25:22Z,77.0,Charge 4
2020-12-26T09:25:27Z,78.0,Charge 4
2020-12-26T09:25:32Z,79.0,Charge 4
2020-12-26T09:25:42Z,78.0,Charge 4
2020-12-26T09:25:57Z,79.0,Charge 4
2020-12-26T09:26:02Z,78.0,Charge 4
2020-12-26T09:26:12Z,77.0,Charge 4
2020-12-26T09:26:17Z,76.0,Charge 4
2020-12-26T09:26:27Z,77.0,Charge 4
2020-12-26T09:26:32Z,78.0,Charge 4
2020-12-26T09:26:37Z,77.0,Charge 4
2020-12-26T09:26:42Z,75.0,Charge 4
2020-12-26T09:26:47Z,74.0,Charge 4
2020-12-26T09:26:52Z,73.0,Charge 4
2020-12-26T09:26:57Z,72.0,Charge 4
2020-12-26T09:27:07Z,73.0,Charge 4
2020-12-26T09:27:12Z,75.0,Charge 4
2020-12-26T09:27:17Z,78.0,Charge 4
2020-12-26T09:27:22Z,75.0,Charge 4
2020-12-26T09:27:27Z,73.0,Charge 4
2020-12-26T09:27:37Z,75.0,Charge 4
2020-12-26T09:27:42Z,79.0,Charge 4
2020-12-26T09:27:47Z,80.0,Charge 4
2020-12-26T09:27:57Z,80.0,Charge 4
2020-12-26T09:28:12Z,81.0,Charge 4
2020-12-26T09:28:17Z,93.0,Charge 4
2020-12-26T09:28:22Z,96.0,Charge 4
2020-12-26T09:28:27Z,92.0,Charge 4
2020-12-26T09:28:32Z,90.0,Charge 4
2020-12-26T09:28:37Z,89.0,Charge 4
2020-12-26T09:28:42Z,85.0,Charge 4
2020-12-26T09:28:47Z,82.0,Charge 4
2020-12-26T09:28:52Z,79.0,Charge 4
2020-12-26T09:28:57Z,76.0,Charge 4
2020-12-26T09:29:02Z,74.0,Charge 4
2020-12-26T09:29:07Z,72.0,Charge 4
2020-12-26T09:29:22Z,72.0,Charge 4
2020-12-26T09:29:37Z,72.0,Charge 4
2020-12-26T09:29:52Z,73.0,Charge 4
2020-12-26T09:29:57Z,74.0,Charge 4
2020-12-26T09:30:02Z,76.0,Charge 4
2020-12-26T09:30:12Z,75.0,Charge 4
2020-12-26T09:30:17Z,74.0,Charge 4
2020-12-26T09:30:32Z,73.0,Charge 4
2020-12-26T09:30:37Z,70.0,Charge 4
2020-12-26T09:30:42Z,69.0,Charge 4
2020-12-26T09:30:47Z,72.0,Charge 4
2020-12-26T09:30:52Z,73.0,Charge 4
2020-12-26T09:30:57Z,76.0,Charge 4
2020-12-26T09:31:02Z,77.0,Charge 4
2020-12-26T09:31:07Z,76.0,Charge 4
2020-12-26T09:31:12Z,74.0,Charge 4
2020-12-26T09:31:18Z,74.0,Charge 4
2020-12-26T09:31:28Z,75.0,Charge 4
2020-12-26T09:31:33Z,77.0,Charge 4
2020-12-26T09:31:38Z,78.0,Charge 4
2020-12-26T09:31:48Z,77.0,Charge 4
2020-12-26T09:31:58Z,78.0,Charge 4
2020-12-26T09:32:03Z,78.0,Charge 4
2020-12-26T09:32:08Z,79.0,Charge 4
2020-12-26T09:32:13Z,76.0,Charge 4
2020-12-26T09:32:18Z,72.0,Charge 4
2020-12-26T09:32:33Z,73.0,Charge 4
2020-12-26T09:32:38Z,74.0,Charge 4
2020-12-26T09:32:43Z,75.0,Charge 4
2020-12-26T09:32:48Z,77.0,Charge 4
2020-12-26T09:32:53Z,78.0,Charge 4
2020-12-26T09:32:58Z,79.0,Charge 4
2020-12-26T09:33:13Z,78.0,Charge 4
2020-12-26T09:33:18Z,77.0,Charge 4
2020-12-26T09:33:23Z,76.0,Charge 4
2020-12-26T09:33:33Z,77.0,Charge 4
2020-12-26T09:33:43Z,75.0,Charge 4
2020-12-26T09:33:48Z,73.0,Charge 4
2020-12-26T09:33:53Z,72.0,Charge 4
2020-12-26T09:34:03Z,74.0,Charge 4
2020-12-26T09:34:08Z,72.0,Charge 4
2020-12-26T09:34:13Z,71.0,Charge 4
2020-12-26T09:34:23Z,72.0,Charge 4
2020-12-26T09:34:28Z,74.0,Charge 4
2020-12-26T09:34:33Z,73.0,Charge 4
2020-12-26T09:34:48Z,73.0,Charge 4
2020-12-26T09:34:58Z,74.0,Charge 4
2020-12-26T09:35:03Z,75.0,Charge 4
2020-12-26T09:35:18Z,75.0,Charge 4
2020-12-26T09:35:33Z,77.0,Charge 4
2020-12-26T09:35:38Z,76.0,Charge 4
2020-12-26T09:35:43Z,75.0,Charge 4
2020-12-26T09:35:48Z,74.0,Charge 4
2020-12-26T09:36:03Z,73.0,Charge 4
2020-12-26T09:36:08Z,72.0,Charge 4
2020-12-26T09:36:18Z,73.0,Charge 4
2020-12-26T09:36:23Z,74.0,Charge 4
2020-12-26T09:36:28Z,75.0,Charge 4
2020-12-26T09:36:38Z,76.0,Charge 4
2020-12-26T09:36:43Z,75.0,Charge 4
2020-12-26T09:36:48Z,76.0,Charge 4
2020-12-26T09:36:53Z,77.0,Charge 4
2020-12-26T09:37:03Z,75.0,Charge 4
2020-12-26T09:37:18Z,76.0,Charge 4
2020-12-26T09:37:23Z,75.0,Charge 4
2020-12-26T09:37:33Z,76.0,Charge 4
2020-12-26T09:37:43Z,77.0,Charge 4
2020-12-26T09:37:48Z,76.0,Charge 4
2020-12-26T09:37:58Z,77.0,Charge 4
2020-12-26T09:38:03Z,78.0,Charge 4
2020-12-26T09:38:09Z,78.0,Charge 4
2020-12-26T09:38:14Z,77.0,Charge 4
2020-12-26T09:38:19Z,76.0,Charge 4
2020-12-26T09:38:24Z,74.0,Charge 4
2020-12-26T09:38:39Z,74.0,Charge 4
2020-12-26T09:38:44Z,75.0,Charge 4
2020-12-26T09:38:49Z,76.0,Charge 4
2020-12-26T09:38:54Z,77.0,Charge 4
2020-12-26T09:38:59Z,78.0,Charge 4
2020-12-26T09:39:14Z,78.0,Charge 4
2020-12-26T09:39:19Z,77.0,Charge 4
2020-12-26T09:39:24Z,76.0,Charge 4
2020-12-26T09:39:29Z,74.0,Charge 4
2020-12-26T09:39:34Z,73.0,Charge 4
2020-12-26T09:39:39Z,74.0,Charge 4
2020-12-26T09:39:44Z,75.0,Charge 4
2020-12-26T09:39:49Z,74.0,Charge 4
2020-12-26T09:39:54Z,75.0,Charge 4
2020-12-26T09:40:04Z,73.0,Charge 4
2020-12-26T09:40:14Z,74.0,Charge 4
2020-12-26T09:40:19Z,76.0,Charge 4
2020-12-26T09:40:24Z,78.0,Charge 4
2020-12-26T09:40:29Z,77.0,Charge 4
2020-12-26T09:40:44Z,76.0,Charge 4
2020-12-26T09:40:49Z,74.0,Charge 4
2020-12-26T09:41:04Z,74.0,Charge 4
2020-12-26T09:41:09Z,76.0,Charge 4
2020-12-26T09:41:14Z,76.0,Charge 4
2020-12-26T09:41:24Z,78.0,Charge 4
2020-12-26T09:41:29Z,77.0,Charge 4
2020-12-26T09:41:39Z,75.0,Charge 4
2020-12-26T09:41:44Z,74.0,Charge 4
2020-12-26T09:41:49Z,73.0,Charge 4
2020-12-26T09:41:59Z,75.0,Charge 4
2020-12-26T09:42:04Z,77.0,Charge 4
2020-12-26T09:42:09Z,79.0,Charge 4
2020-12-26T09:42:14Z,80.0,Charge 4
2020-12-26T09:42:29Z,79.0,Charge 4
2020-12-26T09:42:34Z,78.0,Charge 4
2020-12-26T09:42:39Z,76.0,Charge 4
2020-12-26T09:42:44Z,75.0,Charge 4
2020-12-26T09:42:49Z,74.0,Charge 4
2020-12-26T09:42:59Z,73.0,Charge 4
2020-12-26T09:43:14Z,73.0,Charge 4
2020-12-26T09:43:19Z,74.0,Charge 4
2020-12-26T09:43:24Z,73.0,Charge 4
2020-12-26T09:43:34Z,72.0,Charge 4
2020-12-26T09:43:44Z,75.0,Charge 4
2020-12-26T09:43:49Z,78.0,Charge 4
2020-12-26T09:43:54Z,77.0,Charge 4
2020-12-26T09:44:09Z,77.0,Charge 4
2020-12-26T09:44:24Z,78.0,Charge 4
2020-12-26T09:44:34Z,79.0,Charge 4
2020-12-26T09:44:44Z,80.0,Charge 4
2020-12-26T09:44:50Z,78.0,Charge 4
2020-12-26T09:44:55Z,76.0,Charge 4
2020-12-26T09:45:00Z,75.0,Charge 4
2020-12-26T09:45:05Z,74.0,Charge 4
2020-12-26T09:45:20Z,76.0,Charge 4
2020-12-26T09:45:25Z,78.0,Charge 4
2020-12-26T09:45:35Z,77.0,Charge 4
2020-12-26T09:45:50Z,77.0,Charge 4
2020-12-26T09:46:00Z,78.0,Charge 4
2020-12-26T09:46:05Z,79.0,Charge 4
2020-12-26T09:46:15Z,82.0,Charge 4
2020-12-26T09:46:20Z,90.0,Charge 4
2020-12-26T09:46:25Z,86.0,Charge 4
2020-12-26T09:46:30Z,83.0,Charge 4
2020-12-26T09:46:35Z,78.0,Charge 4
2020-12-26T09:46:40Z,75.0,Charge 4
2020-12-26T09:46:45Z,73.0,Charge 4
2020-12-26T09:46:55Z,74.0,Charge 4
2020-12-26T09:47:00Z,72.0,Charge 4
2020-12-26T09:47:10Z,74.0,Charge 4
2020-12-26T09:47:15Z,77.0,Charge 4
2020-12-26T09:47:20Z,78.0,Charge 4
2020-12-26T09:47:25Z,79.0,Charge 4
2020-12-26T09:47:35Z,78.0,Charge 4
2020-12-26T09:47:40Z,76.0,Charge 4
2020-12-26T09:47:45Z,77.0,Charge 4
2020-12-26T09:47:50Z,76.0,Charge 4
2020-12-26T09:47:55Z,75.0,Charge 4
2020-12-26T09:48:05Z,76.0,Charge 4
2020-12-26T09:48:10Z,77.0,Charge 4
2020-12-26T09:48:15Z,78.0,Charge 4
2020-12-26T09:48:20Z,79.0,Charge 4
2020-12-26T09:48:30Z,78.0,Charge 4
2020-12-26T09:48:35Z,77.0,Charge 4
2020-12-26T09:48:40Z,75.0,Charge 4
2020-12-26T09:48:45Z,72.0,Charge 4
2020-12-26T09:48:50Z,74.0,Charge 4
2020-12-26T09:48:55Z,75.0,Charge 4
2020-12-26T09:49:00Z,76.0,Charge 4
2020-12-26T09:49:05Z,75.0,Charge 4
2020-12-26T09:49:20Z,76.0,Charge 4
2020-12-26T09:49:25Z,75.0,Charge 4
2020-12-26T09:49:30Z,74.0,Charge 4
2020-12-26T09:49:45Z,73.0,Charge 4
2020-12-26T09:49:50Z,74.0,Charge 4
2020-12-26T09:49:55Z,75.0,Charge 4
2020-12-26T09:50:00Z,76.0,Charge 4
2020-12-26T09:50:05Z,78.0,Charge 4
2020-12-26T09:50:15Z,79.0,Charge 4
2020-12-26T09:50:20Z,78.0,Charge 4
2020-12-26T09:50:25Z,77.0,Charge 4
2020-12-26T09:50:40Z,78.0,Charge 4
2020-12-26T09:50:50Z,76.0,Charge 4
2020-12-26T09:50:55Z,76.0,Charge 4
2020-12-26T09:51:00Z,75.0,Charge 4
2020-12-26T09:51:05Z,76.0,Charge 4
2020-12-26T09:51:20Z,76.0,Charge 4
2020-12-26T09:51:35Z,77.0,Charge 4
2020-12-26T09:51:40Z,74.0,Charge 4
2020-12-26T09:51:45Z,75.0,Charge 4
2020-12-26T09:51:50Z,76.0,Charge 4
2020-12-26T09:51:55Z,78.0,Charge 4
2020-12-26T09:52:00Z,79.0,Charge 4
2020-12-26T09:52:10Z,81.0,Charge 4
2020-12-26T09:52:15Z,92.0,Charge 4
2020-12-26T09:52:20Z,94.0,Charge 4
2020-12-26T09:52:25Z,91.0,Charge 4
2020-12-26T09:52:30Z,90.0,Charge 4
2020-12-26T09:52:35Z,87.0,Charge 4
2020-12-26T09:52:40Z,83.0,Charge 4
2020-12-26T09:52:45Z,79.0,Charge 4
2020-12-26T09:52:50Z,76.0,Charge 4
2020-12-26T09:52:55Z,73.0,Charge 4
2020-12-26T09:53:00Z,73.0,Charge 4
2020-12-26T09:53:05Z,73.0,Charge 4
2020-12-26T09:53:10Z,74.0,Charge 4
2020-12-26T09:53:15Z,76.0,Charge 4
2020-12-26T09:53:21Z,77.0,Charge 4
2020-12-26T09:53:26Z,78.0,Charge 4
2020-12-26T09:53:41Z,78.0,Charge 4
2020-12-26T09:53:46Z,76.0,Charge 4
2020-12-26T09:53:51Z,74.0,Charge 4
2020-12-26T09:54:06Z,74.0,Charge 4
2020-12-26T09:54:11Z,73.0,Charge 4
2020-12-26T09:54:26Z,74.0,Charge 4
2020-12-26T09:54:31Z,75.0,Charge 4
2020-12-26T09:54:36Z,73.0,Charge 4
2020-12-26T09:54:46Z,72.0,Charge 4
2020-12-26T09:54:51Z,73.0,Charge 4
2020-12-26T09:54:56Z,74.0,Charge 4
2020-12-26T09:55:01Z,75.0,Charge 4
2020-12-26T09:55:06Z,74.0,Charge 4
2020-12-26T09:55:16Z,73.0,Charge 4
2020-12-26T09:55:21Z,74.0,Charge 4
2020-12-26T09:55:26Z,73.0,Charge 4
2020-12-26T09:55:41Z,74.0,Charge 4
2020-12-26T09:55:46Z,75.0,Charge 4
2020-12-26T09:55:56Z,74.0,Charge 4
2020-12-26T09:56:11Z,74.0,Charge 4
2020-12-26T09:56:16Z,75.0,Charge 4
2020-12-26T09:56:21Z,78.0,Charge 4
2020-12-26T09:56:26Z,77.0,Charge 4
2020-12-26T09:56:31Z,73.0,Charge 4
2020-12-26T09:56:36Z,72.0,Charge 4
2020-12-26T09:56:41Z,71.0,Charge 4
2020-12-26T09:56:46Z,70.0,Charge 4
2020-12-26T09:57:01Z,70.0,Charge 4
2020-12-26T09:57:06Z,72.0,Charge 4
2020-12-26T09:57:11Z,75.0,Charge 4
2020-12-26T09:57:16Z,76.0,Charge 4
2020-12-26T09:57:21Z,75.0,Charge 4
2020-12-26T09:57:36Z,75.0,Charge 4
2020-12-26T09:57:41Z,76.0,Charge 4
2020-12-26T09:57:51Z,75.0,Charge 4
2020-12-26T09:57:56Z,73.0,Charge 4
2020-12-26T09:58:01Z,71.0,Charge 4
2020-12-26T09:58:06Z,70.0,Charge 4
2020-12-26T09:58:21Z,70.0,Charge 4
2020-12-26T09:58:26Z,71.0,Charge 4
2020-12-26T09:58:36Z,73.0,Charge 4
2020-12-26T09:58:46Z,75.0,Charge 4
2020-12-26T09:58:51Z,81.0,Charge 4
2020-12-26T09:58:56Z,79.0,Charge 4
2020-12-26T09:59:01Z,76.0,Charge 4
2020-12-26T09:59:06Z,73.0,Charge 4
2020-12-26T09:59:11Z,72.0,Charge 4
2020-12-26T09:59:26Z,72.0,Charge 4
2020-12-26T09:59:36Z,72.0,Charge 4
2020-12-26T09:59:41Z,70.0,Charge 4
2020-12-26T09:59:56Z,70.0,Charge 4
2020-12-26T09:59:57Z,70.0,Charge 4
2020-12-26T10:00:12Z,69.0,Charge 4
2020-12-26T10:00:22Z,70.0,Charge 4
2020-12-26T10:00:32Z,69.0,Charge 4
2020-12-26T10:00:37Z,70.0,Charge 4
2020-12-26T10:00:42Z,71.0,Charge 4
2020-12-26T10:00:47Z,72.0,Charge 4
2020-12-26T10:00:52Z,73.0,Charge 4
2020-12-26T10:00:57Z,75.0,Charge 4
2020-12-26T10:01:02Z,76.0,Charge 4
2020-12-26T10:01:07Z,77.0,Charge 4
2020-12-26T10:01:12Z,76.0,Charge 4
2020-12-26T10:01:17Z,75.0,Charge 4
2020-12-26T10:01:22Z,74.0,Charge 4
2020-12-26T10:01:27Z,73.0,Charge 4
2020-12-26T10:01:32Z,72.0,Charge 4
2020-12-26T10:01:37Z,71.0,Charge 4
2020-12-26T10:01:52Z,72.0,Charge 4
2020-12-26T10:02:02Z,73.0,Charge 4
2020-12-26T10:02:17Z,72.0,Charge 4
2020-12-26T10:02:22Z,73.0,Charge 4
2020-12-26T10:02:27Z,74.0,Charge 4
2020-12-26T10:02:32Z,75.0,Charge 4
2020-12-26T10:02:37Z,74.0,Charge 4
2020-12-26T10:02:42Z,73.0,Charge 4
2020-12-26T10:02:47Z,71.0,Charge 4
2020-12-26T10:02:52Z,70.0,Charge 4
2020-12-26T10:02:57Z,71.0,Charge 4
2020-12-26T10:03:02Z,72.0,Charge 4
2020-12-26T10:03:07Z,73.0,Charge 4
2020-12-26T10:03:17Z,74.0,Charge 4
2020-12-26T10:03:22Z,73.0,Charge 4
2020-12-26T10:03:27Z,75.0,Charge 4
2020-12-26T10:03:42Z,76.0,Charge 4
2020-12-26T10:03:52Z,77.0,Charge 4
2020-12-26T10:03:57Z,78.0,Charge 4
2020-12-26T10:04:02Z,76.0,Charge 4
2020-12-26T10:04:07Z,75.0,Charge 4
2020-12-26T10:04:12Z,73.0,Charge 4
2020-12-26T10:04:17Z,72.0,Charge 4
2020-12-26T10:04:32Z,72.0,Charge 4
2020-12-26T10:04:42Z,73.0,Charge 4
2020-12-26T10:04:47Z,74.0,Charge 4
2020-12-26T10:04:52Z,73.0,Charge 4
2020-12-26T10:04:57Z,70.0,Charge 4
2020-12-26T10:05:02Z,71.0,Charge 4
2020-12-26T10:05:07Z,74.0,Charge 4
2020-12-26T10:05:12Z,75.0,Charge 4
2020-12-26T10:05:27Z,75.0,Charge 4
2020-12-26T10:05:32Z,73.0,Charge 4
2020-12-26T10:05:37Z,71.0,Charge 4
2020-12-26T10:05:42Z,72.0,Charge 4
2020-12-26T10:05:47Z,73.0,Charge 4
2020-12-26T10:05:52Z,74.0,Charge 4
2020-12-26T10:05:58Z,74.0,Charge 4
2020-12-26T10:06:03Z,75.0,Charge 4
2020-12-26T10:06:08Z,74.0,Charge 4
2020-12-26T10:06:18Z,73.0,Charge 4
2020-12-26T10:06:33Z,73.0,Charge 4
2020-12-26T10:06:38Z,72.0,Charge 4
2020-12-26T10:06:43Z,71.0,Charge 4
2020-12-26T10:06:58Z,72.0,Charge 4
2020-12-26T10:07:03Z,74.0,Charge 4
2020-12-26T10:07:08Z,72.0,Charge 4
2020-12-26T10:07:13Z,71.0,Charge 4
2020-12-26T10:07:18Z,72.0,Charge 4
2020-12-26T10:07:33Z,73.0,Charge 4
2020-12-26T10:07:43Z,74.0,Charge 4
2020-12-26T10:07:48Z,75.0,Charge 4
2020-12-26T10:07:53Z,76.0,Charge 4
2020-12-26T10:07:58Z,75.0,Charge 4
2020-12-26T10:08:03Z,74.0,Charge 4
2020-12-26T10:08:08Z,73.0,Charge 4
2020-12-26T10:08:13Z,72.0,Charge 4
2020-12-26T10:08:28Z,73.0,Charge 4
2020-12-26T10:08:38Z,73.0,Charge 4
2020-12-26T10:08:43Z,76.0,Charge 4
2020-12-26T10:08:48Z,76.0,Charge 4
2020-12-26T10:08:53Z,75.0,Charge 4
2020-12-26T10:09:03Z,76.0,Charge 4
2020-12-26T10:09:08Z,75.0,Charge 4
2020-12-26T10:09:13Z,76.0,Charge 4
2020-12-26T10:09:18Z,78.0,Charge 4
2020-12-26T10:09:28Z,77.0,Charge 4
2020-12-26T10:09:33Z,76.0,Charge 4
2020-12-26T10:09:38Z,75.0,Charge 4
2020-12-26T10:09:43Z,73.0,Charge 4
2020-12-26T10:09:53Z,74.0,Charge 4
2020-12-26T10:09:58Z,73.0,Charge 4
2020-12-26T10:10:08Z,74.0,Charge 4
2020-12-26T10:10:23Z,73.0,Charge 4
2020-12-26T10:10:28Z,71.0,Charge 4
2020-12-26T10:10:38Z,70.0,Charge 4
2020-12-26T10:10:43Z,69.0,Charge 4
2020-12-26T10:10:58Z,69.0,Charge 4
2020-12-26T10:11:13Z,69.0,Charge 4
2020-12-26T10:11:18Z,72.0,Charge 4
2020-12-26T10:11:23Z,71.0,Charge 4
2020-12-26T10:11:28Z,70.0,Charge 4
2020-12-26T10:11:33Z,71.0,Charge 4
2020-12-26T10:11:48Z,71.0,Charge 4
2020-12-26T10:12:39Z,71.0,Charge 4
2020-12-26T10:12:44Z,72.0,Charge 4
2020-12-26T10:12:59Z,72.0,Charge 4
2020-12-26T10:13:14Z,72.0,Charge 4
2020-12-26T10:13:19Z,71.0,Charge 4
2020-12-26T10:13:24Z,71.0,Charge 4
2020-12-26T10:13:29Z,72.0,Charge 4
2020-12-26T10:13:39Z,73.0,Charge 4
2020-12-26T10:13:44Z,74.0,Charge 4
2020-12-26T10:13:49Z,72.0,Charge 4
2020-12-26T10:13:54Z,71.0,Charge 4
2020-12-26T10:13:59Z,72.0,Charge 4
2020-12-26T10:14:04Z,73.0,Charge 4
2020-12-26T10:14:09Z,74.0,Charge 4
2020-12-26T10:14:14Z,72.0,Charge 4
2020-12-26T10:14:19Z,71.0,Charge 4
2020-12-26T10:14:24Z,72.0,Charge 4
2020-12-26T10:14:29Z,71.0,Charge 4
2020-12-26T10:14:39Z,72.0,Charge 4
2020-12-26T10:14:44Z,70.0,Charge 4
2020-12-26T10:14:54Z,71.0,Charge 4
2020-12-26T10:14:59Z,72.0,Charge 4
2020-12-26T10:15:09Z,71.0,Charge 4
2020-12-26T10:15:19Z,72.0,Charge 4
2020-12-26T10:15:29Z,73.0,Charge 4
2020-12-26T10:15:34Z,74.0,Charge 4
2020-12-26T10:15:39Z,75.0,Charge 4
2020-12-26T10:15:44Z,76.0,Charge 4
2020-12-26T10:15:49Z,75.0,Charge 4
2020-12-26T10:16:04Z,75.0,Charge 4
2020-12-26T10:16:14Z,77.0,Charge 4
2020-12-26T10:16:19Z,83.0,Charge 4
2020-12-26T10:16:29Z,82.0,Charge 4
2020-12-26T10:16:39Z,77.0,Charge 4
2020-12-26T10:16:44Z,75.0,Charge 4
2020-12-26T10:16:54Z,74.0,Charge 4
2020-12-26T10:17:04Z,73.0,Charge 4
2020-12-26T10:17:14Z,74.0,Charge 4
2020-12-26T10:17:24Z,73.0,Charge 4
2020-12-26T10:17:39Z,75.0,Charge 4
2020-12-26T10:17:49Z,76.0,Charge 4
2020-12-26T10:17:54Z,75.0,Charge 4
2020-12-26T10:18:09Z,75.0,Charge 4
2020-12-26T10:18:24Z,75.0,Charge 4
2020-12-26T10:18:34Z,75.0,Charge 4
2020-12-26T10:18:39Z,73.0,Charge 4
2020-12-26T10:18:54Z,73.0,Charge 4
2020-12-26T10:19:04Z,74.0,Charge 4
2020-12-26T10:19:14Z,75.0,Charge 4
2020-12-26T10:19:19Z,78.0,Charge 4
2020-12-26T10:19:24Z,76.0,Charge 4
2020-12-26T10:19:39Z,76.0,Charge 4
2020-12-26T10:19:40Z,75.0,Charge 4
2020-12-26T10:19:50Z,76.0,Charge 4
2020-12-26T10:19:55Z,75.0,Charge 4
2020-12-26T10:20:05Z,76.0,Charge 4
2020-12-26T10:20:10Z,75.0,Charge 4
2020-12-26T10:20:15Z,74.0,Charge 4
2020-12-26T10:20:20Z,75.0,Charge 4
2020-12-26T10:20:25Z,76.0,Charge 4
2020-12-26T10:20:40Z,76.0,Charge 4
2020-12-26T10:20:45Z,75.0,Charge 4
2020-12-26T10:21:00Z,75.0,Charge 4
2020-12-26T10:21:05Z,76.0,Charge 4
2020-12-26T10:21:10Z,77.0,Charge 4
2020-12-26T10:21:15Z,76.0,Charge 4
2020-12-26T10:21:20Z,75.0,Charge 4
2020-12-26T10:21:25Z,76.0,Charge 4
2020-12-26T10:21:30Z,75.0,Charge 4
2020-12-26T10:21:35Z,77.0,Charge 4
2020-12-26T10:21:40Z,76.0,Charge 4
2020-12-26T10:21:45Z,74.0,Charge 4
2020-12-26T10:21:50Z,76.0,Charge 4
2020-12-26T10:21:55Z,78.0,Charge 4
2020-12-26T10:22:00Z,79.0,Charge 4
2020-12-26T10:22:05Z,78.0,Charge 4
2020-12-26T10:22:10Z,77.0,Charge 4
2020-12-26T10:22:15Z,75.0,Charge 4
2020-12-26T10:22:20Z,75.0,Charge 4
2020-12-26T10:22:25Z,72.0,Charge 4
2020-12-26T10:22:30Z,69.0,Charge 4
2020-12-26T10:22:35Z,70.0,Charge 4
2020-12-26T10:22:40Z,71.0,Charge 4
2020-12-26T10:22:55Z,72.0,Charge 4
2020-12-26T10:23:00Z,71.0,Charge 4
2020-12-26T10:23:15Z,70.0,Charge 4
2020-12-26T10:23:20Z,71.0,Charge 4
2020-12-26T10:23:30Z,72.0,Charge 4
2020-12-26T10:23:35Z,74.0,Charge 4
2020-12-26T10:23:50Z,74.0,Charge 4
2020-12-26T10:23:55Z,75.0,Charge 4
2020-12-26T10:24:10Z,76.0,Charge 4
2020-12-26T10:24:15Z,77.0,Charge 4
2020-12-26T10:24:20Z,75.0,Charge 4
2020-12-26T10:24:35Z,75.0,Charge 4
2020-12-26T10:24:50Z,75.0,Charge 4
2020-12-26T10:25:00Z,77.0,Charge 4
2020-12-26T10:25:05Z,78.0,Charge 4
2020-12-26T10:25:10Z,79.0,Charge 4
2020-12-26T10:25:15Z,80.0,Charge 4
2020-12-26T10:25:20Z,78.0,Charge 4
2020-12-26T10:25:30Z,79.0,Charge 4
2020-12-26T10:25:45Z,79.0,Charge 4
2020-12-26T10:25:55Z,77.0,Charge 4
2020-12-26T10:26:01Z,77.0,Charge 4
2020-12-26T10:26:16Z,75.0,Charge 4
2020-12-26T10:26:21Z,71.0,Charge 4
2020-12-26T10:26:26Z,72.0,Charge 4
2020-12-26T10:26:31Z,74.0,Charge 4
2020-12-26T10:26:36Z,75.0,Charge 4
2020-12-26T10:26:51Z,75.0,Charge 4
2020-12-26T10:27:01Z,76.0,Charge 4
2020-12-26T10:27:11Z,77.0,Charge 4
2020-12-26T10:27:21Z,77.0,Charge 4
2020-12-26T10:27:26Z,78.0,Charge 4
2020-12-26T10:27:31Z,77.0,Charge 4
2020-12-26T10:27:36Z,77.0,Charge 4
2020-12-26T10:27:41Z,78.0,Charge 4
2020-12-26T10:27:46Z,79.0,Charge 4
2020-12-26T10:27:51Z,74.0,Charge 4
2020-12-26T10:27:56Z,72.0,Charge 4
2020-12-26T10:28:01Z,75.0,Charge 4
2020-12-26T10:28:06Z,77.0,Charge 4
2020-12-26T10:28:21Z,77.0,Charge 4
2020-12-26T10:28:26Z,78.0,Charge 4
2020-12-26T10:28:31Z,77.0,Charge 4
2020-12-26T10:28:36Z,76.0,Charge 4
2020-12-26T10:28:41Z,76.0,Charge 4
2020-12-26T10:28:56Z,79.0,Charge 4
2020-12-26T10:29:01Z,84.0,Charge 4
2020-12-26T10:29:06Z,82.0,Charge 4
2020-12-26T10:29:11Z,80.0,Charge 4
2020-12-26T10:29:16Z,76.0,Charge 4
2020-12-26T10:29:21Z,75.0,Charge 4
2020-12-26T10:29:26Z,74.0,Charge 4
2020-12-26T10:29:36Z,75.0,Charge 4
2020-12-26T10:29:41Z,77.0,Charge 4
2020-12-26T10:29:51Z,76.0,Charge 4
2020-12-26T10:29:56Z,75.0,Charge 4
2020-12-26T10:30:11Z,76.0,Charge 4
2020-12-26T10:30:16Z,75.0,Charge 4
2020-12-26T10:30:21Z,73.0,Charge 4
2020-12-26T10:30:36Z,74.0,Charge 4
2020-12-26T10:30:41Z,76.0,Charge 4
2020-12-26T10:30:46Z,77.0,Charge 4
2020-12-26T10:30:51Z,78.0,Charge 4
2020-12-26T10:30:56Z,77.0,Charge 4
2020-12-26T10:31:01Z,76.0,Charge 4
2020-12-26T10:31:06Z,75.0,Charge 4
2020-12-26T10:31:11Z,72.0,Charge 4
2020-12-26T10:31:26Z,72.0,Charge 4
2020-12-26T10:31:31Z,75.0,Charge 4
2020-12-26T10:31:36Z,73.0,Charge 4
2020-12-26T10:31:41Z,72.0,Charge 4
2020-12-26T10:31:46Z,73.0,Charge 4
2020-12-26T10:31:56Z,74.0,Charge 4
2020-12-26T10:32:11Z,74.0,Charge 4
2020-12-26T10:32:12Z,74.0,Charge 4
2020-12-26T10:32:22Z,75.0,Charge 4
2020-12-26T10:32:27Z,76.0,Charge 4
2020-12-26T10:32:37Z,75.0,Charge 4
2020-12-26T10:32:42Z,74.0,Charge 4
2020-12-26T10:32:52Z,75.0,Charge 4
2020-12-26T10:32:57Z,74.0,Charge 4
2020-12-26T10:33:02Z,73.0,Charge 4
2020-12-26T10:33:12Z,74.0,Charge 4
2020-12-26T10:33:22Z,75.0,Charge 4
2020-12-26T10:33:37Z,75.0,Charge 4
2020-12-26T10:33:47Z,77.0,Charge 4
2020-12-26T10:33:52Z,79.0,Charge 4
2020-12-26T10:33:57Z,80.0,Charge 4
2020-12-26T10:34:02Z,78.0,Charge 4
2020-12-26T10:34:07Z,75.0,Charge 4
2020-12-26T10:34:12Z,73.0,Charge 4
2020-12-26T10:34:27Z,73.0,Charge 4
2020-12-26T10:34:32Z,72.0,Charge 4
2020-12-26T10:34:37Z,73.0,Charge 4
2020-12-26T10:34:42Z,75.0,Charge 4
2020-12-26T10:34:47Z,76.0,Charge 4
2020-12-26T10:35:02Z,76.0,Charge 4
2020-12-26T10:35:07Z,75.0,Charge 4
2020-12-26T10:35:22Z,74.0,Charge 4
2020-12-26T10:35:27Z,72.0,Charge 4
2020-12-26T10:35:37Z,74.0,Charge 4
2020-12-26T10:35:42Z,73.0,Charge 4
2020-12-26T10:35:52Z,72.0,Charge 4
2020-12-26T10:36:07Z,74.0,Charge 4
2020-12-26T10:36:12Z,75.0,Charge 4
2020-12-26T10:36:17Z,74.0,Charge 4
2020-12-26T10:36:32Z,76.0,Charge 4
2020-12-26T10:36:37Z,77.0,Charge 4
2020-12-26T10:36:42Z,78.0,Charge 4
2020-12-26T10:36:52Z,76.0,Charge 4
2020-12-26T10:36:57Z,74.0,Charge 4
2020-12-26T10:37:02Z,73.0,Charge 4
2020-12-26T10:37:12Z,74.0,Charge 4
2020-12-26T10:37:27Z,74.0,Charge 4
2020-12-26T10:37:32Z,76.0,Charge 4
2020-12-26T10:37:47Z,77.0,Charge 4
2020-12-26T10:37:52Z,90.0,Charge 4
2020-12-26T10:37:57Z,97.0,Charge 4
2020-12-26T10:38:07Z,93.0,Charge 4
2020-12-26T10:38:12Z,92.0,Charge 4
2020-12-26T10:38:27Z,92.0,Charge 4
2020-12-26T10:38:32Z,93.0,Charge 4
2020-12-26T10:38:37Z,94.0,Charge 4
2020-12-26T10:38:47Z,95.0,Charge 4
2020-12-26T10:38:57Z,93.0,Charge 4
2020-12-26T10:39:02Z,91.0,Charge 4
2020-12-26T10:39:08Z,91.0,Charge 4
2020-12-26T10:39:13Z,91.0,Charge 4
2020-12-26T10:39:28Z,91.0,Charge 4
2020-12-26T10:39:43Z,91.0,Charge 4
2020-12-26T10:39:53Z,96.0,Charge 4
2020-12-26T10:39:58Z,97.0,Charge 4
2020-12-26T10:40:03Z,93.0,Charge 4
2020-12-26T10:40:08Z,88.0,Charge 4
2020-12-26T10:40:13Z,86.0,Charge 4
2020-12-26T10:40:18Z,86.0,Charge 4
2020-12-26T10:40:23Z,84.0,Charge 4
2020-12-26T10:40:28Z,81.0,Charge 4
2020-12-26T10:40:33Z,80.0,Charge 4
2020-12-26T10:40:38Z,80.0,Charge 4
2020-12-26T10:40:43Z,81.0,Charge 4
2020-12-26T10:40:48Z,82.0,Charge 4
2020-12-26T10:40:53Z,82.0,Charge 4
2020-12-26T10:40:58Z,83.0,Charge 4
2020-12-26T10:41:13Z,81.0,Charge 4
2020-12-26T10:41:18Z,82.0,Charge 4
2020-12-26T10:41:33Z,82.0,Charge 4
2020-12-26T10:41:38Z,83.0,Charge 4
2020-12-26T10:41:43Z,84.0,Charge 4
2020-12-26T10:41:58Z,82.0,Charge 4
2020-12-26T10:42:03Z,81.0,Charge 4
2020-12-26T10:42:08Z,79.0,Charge 4
2020-12-26T10:42:23Z,81.0,Charge 4
2020-12-26T10:42:28Z,81.0,Charge 4
2020-12-26T10:42:43Z,81.0,Charge 4
2020-12-26T10:42:48Z,82.0,Charge 4
2020-12-26T10:42:53Z,83.0,Charge 4
2020-12-26T10:43:03Z,82.0,Charge 4
2020-12-26T10:43:08Z,79.0,Charge 4
2020-12-26T10:43:13Z,78.0,Charge 4
2020-12-26T10:43:28Z,76.0,Charge 4
2020-12-26T10:43:38Z,77.0,Charge 4
2020-12-26T10:43:43Z,78.0,Charge 4
2020-12-26T10:43:48Z,77.0,Charge 4
2020-12-26T10:43:53Z,76.0,Charge 4
2020-12-26T10:43:58Z,74.0,Charge 4
2020-12-26T10:44:08Z,73.0,Charge 4
2020-12-26T10:44:18Z,75.0,Charge 4
2020-12-26T10:44:23Z,74.0,Charge 4
2020-12-26T10:44:38Z,74.0,Charge 4
2020-12-26T10:44:43Z,77.0,Charge 4
2020-12-26T10:44:48Z,79.0,Charge 4
2020-12-26T10:44:53Z,80.0,Charge 4
2020-12-26T10:44:58Z,79.0,Charge 4
2020-12-26T10:45:13Z,79.0,Charge 4
2020-12-26T10:45:18Z,80.0,Charge 4
2020-12-26T10:45:33Z,80.0,Charge 4
2020-12-26T10:45:38Z,91.0,Charge 4
2020-12-26T10:45:44Z,91.0,Charge 4
2020-12-26T10:45:49Z,90.0,Charge 4
2020-12-26T10:45:54Z,88.0,Charge 4
2020-12-26T10:45:59Z,88.0,Charge 4
2020-12-26T10:46:14Z,86.0,Charge 4
2020-12-26T10:46:19Z,82.0,Charge 4
2020-12-26T10:46:24Z,80.0,Charge 4
2020-12-26T10:46:29Z,77.0,Charge 4
2020-12-26T10:46:34Z,73.0,Charge 4
2020-12-26T10:46:44Z,72.0,Charge 4
2020-12-26T10:46:49Z,72.0,Charge 4
2020-12-26T10:46:59Z,73.0,Charge 4
2020-12-26T10:47:14Z,75.0,Charge 4
2020-12-26T10:47:19Z,76.0,Charge 4
2020-12-26T10:47:24Z,77.0,Charge 4
2020-12-26T10:47:34Z,76.0,Charge 4
2020-12-26T10:47:44Z,77.0,Charge 4
2020-12-26T10:47:54Z,78.0,Charge 4
2020-12-26T10:48:04Z,79.0,Charge 4
2020-12-26T10:48:09Z,87.0,Charge 4
2020-12-26T10:48:14Z,86.0,Charge 4
2020-12-26T10:48:19Z,83.0,Charge 4
2020-12-26T10:48:24Z,80.0,Charge 4
2020-12-26T10:48:34Z,80.0,Charge 4
2020-12-26T10:48:39Z,81.0,Charge 4
2020-12-26T10:48:44Z,83.0,Charge 4
2020-12-26T10:48:49Z,84.0,Charge 4
2020-12-26T10:48:59Z,86.0,Charge 4
2020-12-26T10:49:14Z,86.0,Charge 4
2020-12-26T10:49:19Z,84.0,Charge 4
2020-12-26T10:49:29Z,85.0,Charge 4
2020-12-26T10:49:39Z,82.0,Charge 4
2020-12-26T10:49:44Z,81.0,Charge 4
2020-12-26T10:49:49Z,84.0,Charge 4
2020-12-26T10:49:59Z,82.0,Charge 4
2020-12-26T10:50:04Z,80.0,Charge 4
2020-12-26T10:50:09Z,80.0,Charge 4
2020-12-26T10:50:14Z,79.0,Charge 4
2020-12-26T10:50:19Z,81.0,Charge 4
2020-12-26T10:50:24Z,80.0,Charge 4
2020-12-26T10:50:34Z,81.0,Charge 4
2020-12-26T10:50:39Z,83.0,Charge 4
2020-12-26T10:50:44Z,84.0,Charge 4
2020-12-26T10:50:49Z,82.0,Charge 4
2020-12-26T10:50:59Z,80.0,Charge 4
2020-12-26T10:51:04Z,78.0,Charge 4
2020-12-26T10:51:09Z,77.0,Charge 4
2020-12-26T10:51:14Z,75.0,Charge 4
2020-12-26T10:51:19Z,75.0,Charge 4
2020-12-26T10:51:24Z,76.0,Charge 4
2020-12-26T10:51:34Z,79.0,Charge 4
2020-12-26T10:51:39Z,85.0,Charge 4
2020-12-26T10:51:44Z,87.0,Charge 4
2020-12-26T10:51:50Z,87.0,Charge 4
2020-12-26T10:51:55Z,86.0,Charge 4
2020-12-26T10:52:05Z,88.0,Charge 4
2020-12-26T10:52:10Z,89.0,Charge 4
2020-12-26T10:52:15Z,87.0,Charge 4
2020-12-26T10:52:20Z,84.0,Charge 4
2020-12-26T10:52:25Z,79.0,Charge 4
2020-12-26T10:52:30Z,76.0,Charge 4
2020-12-26T10:52:35Z,75.0,Charge 4
2020-12-26T10:52:45Z,78.0,Charge 4
2020-12-26T10:52:50Z,79.0,Charge 4
2020-12-26T10:53:00Z,84.0,Charge 4
2020-12-26T10:53:05Z,88.0,Charge 4
2020-12-26T10:53:15Z,87.0,Charge 4
2020-12-26T10:53:20Z,85.0,Charge 4
2020-12-26T10:53:25Z,83.0,Charge 4
2020-12-26T10:53:30Z,82.0,Charge 4
2020-12-26T10:53:45Z,81.0,Charge 4
2020-12-26T10:53:55Z,82.0,Charge 4
2020-12-26T10:54:00Z,89.0,Charge 4
2020-12-26T10:54:05Z,91.0,Charge 4
2020-12-26T10:54:15Z,92.0,Charge 4
2020-12-26T10:54:20Z,94.0,Charge 4
2020-12-26T10:54:25Z,95.0,Charge 4
2020-12-26T10:54:30Z,96.0,Charge 4
2020-12-26T10:54:35Z,97.0,Charge 4
2020-12-26T10:54:40Z,98.0,Charge 4
2020-12-26T10:54:45Z,98.0,Charge 4
2020-12-26T10:54:50Z,97.0,Charge 4
2020-12-26T10:54:55Z,95.0,Charge 4
2020-12-26T10:55:00Z,94.0,Charge 4
2020-12-26T10:55:10Z,95.0,Charge 4
2020-12-26T10:55:15Z,96.0,Charge 4
2020-12-26T10:55:20Z,97.0,Charge 4
2020-12-26T10:55:25Z,95.0,Charge 4
2020-12-26T10:55:30Z,93.0,Charge 4
2020-12-26T10:55:40Z,89.0,Charge 4
2020-12-26T10:55:45Z,83.0,Charge 4
2020-12-26T10:56:00Z,83.0,Charge 4
2020-12-26T10:56:15Z,83.0,Charge 4
2020-12-26T10:56:30Z,83.0,Charge 4
2020-12-26T10:56:35Z,82.0,Charge 4
2020-12-26T10:56:50Z,82.0,Charge 4
2020-12-26T10:56:55Z,83.0,Charge 4
2020-12-26T10:57:10Z,83.0,Charge 4
2020-12-26T10:57:20Z,83.0,Charge 4
2020-12-26T10:57:30Z,82.0,Charge 4
2020-12-26T10:57:40Z,81.0,Charge 4
2020-12-26T10:57:45Z,78.0,Charge 4
2020-12-26T10:57:50Z,77.0,Charge 4
2020-12-26T10:58:05Z,77.0,Charge 4
2020-12-26T10:58:20Z,77.0,Charge 4
2020-12-26T10:58:30Z,78.0,Charge 4
2020-12-26T10:58:35Z,79.0,Charge 4
2020-12-26T10:58:42Z,80.0,Charge 4
2020-12-26T10:58:47Z,81.0,Charge 4
2020-12-26T10:59:02Z,82.0,Charge 4
2020-12-26T10:59:07Z,81.0,Charge 4
2020-12-26T10:59:12Z,82.0,Charge 4
2020-12-26T10:59:17Z,86.0,Charge 4
2020-12-26T10:59:22Z,89.0,Charge 4
2020-12-26T10:59:37Z,89.0,Charge 4
2020-12-26T10:59:42Z,88.0,Charge 4
2020-12-26T10:59:47Z,86.0,Charge 4
2020-12-26T10:59:52Z,85.0,Charge 4
2020-12-26T11:00:07Z,85.0,Charge 4
2020-12-26T11:00:17Z,84.0,Charge 4
2020-12-26T11:00:27Z,83.0,Charge 4
2020-12-26T11:00:32Z,82.0,Charge 4
2020-12-26T11:00:42Z,81.0,Charge 4
2020-12-26T11:00:47Z,82.0,Charge 4
2020-12-26T11:00:52Z,83.0,Charge 4
2020-12-26T11:00:57Z,81.0,Charge 4
2020-12-26T11:01:02Z,80.0,Charge 4
2020-12-26T11:01:07Z,79.0,Charge 4
2020-12-26T11:01:22Z,79.0,Charge 4
2020-12-26T11:01:27Z,78.0,Charge 4
2020-12-26T11:01:42Z,78.0,Charge 4
2020-12-26T11:01:52Z,77.0,Charge 4
2020-12-26T11:02:02Z,75.0,Charge 4
2020-12-26T11:02:12Z,76.0,Charge 4
2020-12-26T11:02:19Z,76.0,Charge 4
2020-12-26T11:02:29Z,75.0,Charge 4
2020-12-26T11:02:44Z,75.0,Charge 4
2020-12-26T11:02:49Z,77.0,Charge 4
2020-12-26T11:03:04Z,77.0,Charge 4
2020-12-26T11:03:19Z,77.0,Charge 4
2020-12-26T11:03:34Z,76.0,Charge 4
2020-12-26T11:03:49Z,76.0,Charge 4
2020-12-26T11:03:59Z,77.0,Charge 4
2020-12-26T11:04:09Z,76.0,Charge 4
2020-12-26T11:04:19Z,75.0,Charge 4
2020-12-26T11:04:24Z,74.0,Charge 4
2020-12-26T11:04:39Z,75.0,Charge 4
2020-12-26T11:04:44Z,79.0,Charge 4
2020-12-26T11:04:59Z,78.0,Charge 4
2020-12-26T11:05:04Z,74.0,Charge 4
2020-12-26T11:05:19Z,74.0,Charge 4
2020-12-26T11:05:29Z,72.0,Charge 4
2020-12-26T11:05:39Z,74.0,Charge 4
2020-12-26T11:05:44Z,75.0,Charge 4
2020-12-26T11:05:49Z,76.0,Charge 4
2020-12-26T11:06:04Z,76.0,Charge 4
2020-12-26T11:06:09Z,76.0,Charge 4
2020-12-26T11:06:24Z,76.0,Charge 4
2020-12-26T11:06:29Z,77.0,Charge 4
2020-12-26T11:06:44Z,77.0,Charge 4
2020-12-26T11:06:49Z,76.0,Charge 4
2020-12-26T11:06:54Z,76.0,Charge 4
2020-12-26T11:06:59Z,75.0,Charge 4
2020-12-26T11:07:14Z,76.0,Charge 4
2020-12-26T11:07:24Z,77.0,Charge 4
2020-12-26T11:07:29Z,76.0,Charge 4
2020-12-26T11:07:39Z,75.0,Charge 4
2020-12-26T11:07:54Z,75.0,Charge 4
2020-12-26T11:08:09Z,75.0,Charge 4
2020-12-26T11:08:14Z,76.0,Charge 4
2020-12-26T11:08:19Z,76.0,Charge 4
2020-12-26T11:08:29Z,77.0,Charge 4
2020-12-26T11:08:39Z,78.0,Charge 4
2020-12-26T11:08:54Z,77.0,Charge 4
2020-12-26T11:09:09Z,77.0,Charge 4
2020-12-26T11:09:14Z,78.0,Charge 4
2020-12-26T11:09:19Z,77.0,Charge 4
2020-12-26T11:09:24Z,75.0,Charge 4
2020-12-26T11:09:34Z,76.0,Charge 4
2020-12-26T11:09:49Z,76.0,Charge 4
2020-12-26T11:09:59Z,74.0,Charge 4
2020-12-26T11:10:04Z,73.0,Charge 4
2020-12-26T11:10:19Z,75.0,Charge 4
2020-12-26T11:10:34Z,75.0,Charge 4
2020-12-26T11:10:49Z,75.0,Charge 4
2020-12-26T11:11:04Z,75.0,Charge 4
2020-12-26T11:11:19Z,75.0,Charge 4
2020-12-26T11:11:24Z,75.0,Charge 4
2020-12-26T11:11:29Z,75.0,Charge 4
2020-12-26T11:11:39Z,75.0,Charge 4
2020-12-26T11:11:44Z,76.0,Charge 4
2020-12-26T11:11:49Z,76.0,Charge 4
2020-12-26T11:11:54Z,77.0,Charge 4
2020-12-26T11:12:09Z,77.0,Charge 4
2020-12-26T11:15:02Z,74.0,Charge 4
2020-12-26T11:15:17Z,75.0,Charge 4
2020-12-26T11:15:32Z,75.0,Charge 4
2020-12-26T11:15:47Z,75.0,Charge 4
2020-12-26T11:16:02Z,75.0,Charge 4
2020-12-26T11:16:07Z,76.0,Charge 4
2020-12-26T11:16:12Z,77.0,Charge 4
2020-12-26T11:16:27Z,77.0,Charge 4
2020-12-26T11:16:32Z,78.0,Charge 4
2020-12-26T11:16:37Z,77.0,Charge 4
2020-12-26T11:16:47Z,78.0,Charge 4
2020-12-26T11:16:52Z,79.0,Charge 4
2020-12-26T11:17:07Z,79.0,Charge 4
2020-12-26T11:17:22Z,79.0,Charge 4
2020-12-26T11:17:37Z,79.0,Charge 4
2020-12-26T11:19:08Z,77.0,Charge 4
2020-12-26T11:19:23Z,76.0,Charge 4
2020-12-26T11:19:28Z,75.0,Charge 4
2020-12-26T11:19:43Z,75.0,Charge 4
2020-12-26T11:19:58Z,75.0,Charge 4
2020-12-26T11:20:13Z,75.0,Charge 4
2020-12-26T11:20:18Z,76.0,Charge 4
2020-12-26T11:20:23Z,75.0,Charge 4
2020-12-26T11:20:28Z,75.0,Charge 4
2020-12-26T11:20:33Z,76.0,Charge 4
2020-12-26T11:20:38Z,77.0,Charge 4
2020-12-26T11:20:43Z,78.0,Charge 4
2020-12-26T11:20:48Z,79.0,Charge 4
2020-12-26T11:21:03Z,79.0,Charge 4
2020-12-26T11:21:18Z,79.0,Charge 4
2020-12-26T11:21:33Z,79.0,Charge 4
2020-12-26T11:21:38Z,78.0,Charge 4
2020-12-26T11:21:53Z,78.0,Charge 4
2020-12-26T11:21:58Z,77.0,Charge 4
2020-12-26T11:22:03Z,76.0,Charge 4
2020-12-26T11:22:08Z,75.0,Charge 4
2020-12-26T11:22:13Z,72.0,Charge 4
2020-12-26T11:22:28Z,72.0,Charge 4
2020-12-26T11:22:43Z,72.0,Charge 4
2020-12-26T11:22:48Z,73.0,Charge 4
2020-12-26T11:22:53Z,73.0,Charge 4
2020-12-26T11:22:58Z,73.0,Charge 4
2020-12-26T11:23:03Z,73.0,Charge 4
2020-12-26T11:23:18Z,73.0,Charge 4
2020-12-26T11:23:23Z,72.0,Charge 4
2020-12-26T11:23:28Z,73.0,Charge 4
2020-12-26T11:23:33Z,75.0,Charge 4
2020-12-26T11:23:43Z,76.0,Charge 4
2020-12-26T11:23:48Z,78.0,Charge 4
2020-12-26T11:23:53Z,85.0,Charge 4
2020-12-26T11:23:58Z,91.0,Charge 4
2020-12-26T11:24:03Z,96.0,Charge 4
2020-12-26T11:24:08Z,96.0,Charge 4
2020-12-26T11:24:13Z,87.0,Charge 4
2020-12-26T11:24:18Z,81.0,Charge 4
2020-12-26T11:24:23Z,79.0,Charge 4
2020-12-26T11:24:28Z,78.0,Charge 4
2020-12-26T11:24:38Z,78.0,Charge 4
2020-12-26T11:24:43Z,78.0,Charge 4
2020-12-26T11:24:48Z,81.0,Charge 4
2020-12-26T11:24:53Z,82.0,Charge 4
2020-12-26T11:25:03Z,81.0,Charge 4
2020-12-26T11:25:08Z,78.0,Charge 4
2020-12-26T11:25:13Z,76.0,Charge 4
2020-12-26T11:25:28Z,79.0,Charge 4
2020-12-26T11:25:33Z,77.0,Charge 4
2020-12-26T11:25:38Z,78.0,Charge 4
2020-12-26T11:25:43Z,79.0,Charge 4
2020-12-26T11:25:48Z,81.0,Charge 4
2020-12-26T11:25:58Z,78.0,Charge 4
2020-12-26T11:26:03Z,77.0,Charge 4
2020-12-26T11:26:08Z,76.0,Charge 4
2020-12-26T11:26:13Z,77.0,Charge 4
2020-12-26T11:26:18Z,79.0,Charge 4
2020-12-26T11:26:23Z,79.0,Charge 4
2020-12-26T11:26:28Z,80.0,Charge 4
2020-12-26T11:26:33Z,82.0,Charge 4
2020-12-26T11:26:38Z,83.0,Charge 4
2020-12-26T11:26:53Z,83.0,Charge 4
2020-12-26T11:26:58Z,82.0,Charge 4
2020-12-26T11:27:13Z,82.0,Charge 4
2020-12-26T11:27:18Z,84.0,Charge 4
2020-12-26T11:27:23Z,84.0,Charge 4
2020-12-26T11:27:28Z,81.0,Charge 4
2020-12-26T11:27:43Z,82.0,Charge 4
2020-12-26T11:27:48Z,81.0,Charge 4
2020-12-26T11:27:58Z,80.0,Charge 4
2020-12-26T11:28:08Z,79.0,Charge 4
2020-12-26T11:28:18Z,80.0,Charge 4
2020-12-26T11:28:23Z,81.0,Charge 4
2020-12-26T11:28:28Z,82.0,Charge 4
2020-12-26T11:28:33Z,83.0,Charge 4
2020-12-26T11:28:38Z,83.0,Charge 4
2020-12-26T11:28:43Z,83.0,Charge 4
2020-12-26T11:28:48Z,82.0,Charge 4
2020-12-26T11:28:53Z,81.0,Charge 4
2020-12-26T11:29:08Z,82.0,Charge 4
2020-12-26T11:29:13Z,81.0,Charge 4
2020-12-26T11:29:18Z,78.0,Charge 4
2020-12-26T11:29:23Z,77.0,Charge 4
2020-12-26T11:29:28Z,78.0,Charge 4
2020-12-26T11:29:38Z,81.0,Charge 4
2020-12-26T11:29:43Z,83.0,Charge 4
2020-12-26T11:29:58Z,84.0,Charge 4
2020-12-26T11:30:03Z,86.0,Charge 4
2020-12-26T11:30:18Z,83.0,Charge 4
2020-12-26T11:30:23Z,78.0,Charge 4
2020-12-26T11:30:28Z,76.0,Charge 4
2020-12-26T11:30:33Z,75.0,Charge 4
2020-12-26T11:30:38Z,74.0,Charge 4
2020-12-26T11:30:43Z,73.0,Charge 4
2020-12-26T11:30:58Z,73.0,Charge 4
2020-12-26T11:31:03Z,74.0,Charge 4
2020-12-26T11:31:08Z,75.0,Charge 4
2020-12-26T11:31:13Z,77.0,Charge 4
2020-12-26T11:31:28Z,83.0,Charge 4
2020-12-26T11:31:33Z,89.0,Charge 4
2020-12-26T11:31:38Z,94.0,Charge 4
2020-12-26T11:31:43Z,91.0,Charge 4
2020-12-26T11:31:48Z,90.0,Charge 4
2020-12-26T11:31:53Z,88.0,Charge 4
2020-12-26T11:31:58Z,84.0,Charge 4
2020-12-26T11:32:03Z,79.0,Charge 4
2020-12-26T11:32:08Z,76.0,Charge 4
2020-12-26T11:32:13Z,77.0,Charge 4
2020-12-26T11:32:28Z,77.0,Charge 4
2020-12-26T11:32:33Z,78.0,Charge 4
2020-12-26T11:32:38Z,81.0,Charge 4
2020-12-26T11:32:43Z,82.0,Charge 4
2020-12-26T11:32:48Z,79.0,Charge 4
2020-12-26T11:32:53Z,76.0,Charge 4
2020-12-26T11:33:08Z,76.0,Charge 4
2020-12-26T11:33:13Z,75.0,Charge 4
2020-12-26T11:33:23Z,76.0,Charge 4
2020-12-26T11:33:33Z,75.0,Charge 4
2020-12-26T11:33:43Z,76.0,Charge 4
2020-12-26T11:33:48Z,76.0,Charge 4
2020-12-26T11:33:53Z,77.0,Charge 4
2020-12-26T11:34:03Z,78.0,Charge 4
2020-12-26T11:34:18Z,78.0,Charge 4
2020-12-26T11:34:23Z,79.0,Charge 4
2020-12-26T11:34:38Z,79.0,Charge 4
2020-12-26T11:34:48Z,80.0,Charge 4
2020-12-26T11:34:53Z,80.0,Charge 4
2020-12-26T11:34:58Z,78.0,Charge 4
2020-12-26T11:35:03Z,77.0,Charge 4
2020-12-26T11:35:18Z,77.0,Charge 4
2020-12-26T11:35:23Z,78.0,Charge 4
2020-12-26T11:35:28Z,77.0,Charge 4
2020-12-26T11:35:33Z,77.0,Charge 4
2020-12-26T11:35:43Z,76.0,Charge 4
2020-12-26T11:35:48Z,75.0,Charge 4
2020-12-26T11:35:58Z,76.0,Charge 4
2020-12-26T11:36:03Z,77.0,Charge 4
2020-12-26T11:36:08Z,78.0,Charge 4
2020-12-26T11:36:23Z,80.0,Charge 4
2020-12-26T11:36:28Z,80.0,Charge 4
2020-12-26T11:36:43Z,80.0,Charge 4
2020-12-26T11:36:48Z,77.0,Charge 4
2020-12-26T11:36:53Z,76.0,Charge 4
2020-12-26T11:37:03Z,78.0,Charge 4
2020-12-26T11:37:08Z,79.0,Charge 4
2020-12-26T11:37:13Z,80.0,Charge 4
2020-12-26T11:37:28Z,80.0,Charge 4
2020-12-26T11:37:38Z,81.0,Charge 4
2020-12-26T11:37:48Z,80.0,Charge 4
2020-12-26T11:37:53Z,78.0,Charge 4
2020-12-26T11:38:08Z,78.0,Charge 4
2020-12-26T11:38:13Z,79.0,Charge 4
2020-12-26T11:38:18Z,79.0,Charge 4
2020-12-26T11:38:23Z,78.0,Charge 4
2020-12-26T11:38:28Z,77.0,Charge 4
2020-12-26T11:38:38Z,76.0,Charge 4
2020-12-26T11:38:43Z,76.0,Charge 4
2020-12-26T11:38:58Z,78.0,Charge 4
2020-12-26T11:39:03Z,79.0,Charge 4
2020-12-26T11:39:08Z,80.0,Charge 4
2020-12-26T11:39:13Z,81.0,Charge 4
2020-12-26T11:39:18Z,84.0,Charge 4
2020-12-26T11:39:28Z,81.0,Charge 4
2020-12-26T11:39:33Z,79.0,Charge 4
2020-12-26T11:39:43Z,79.0,Charge 4
2020-12-26T11:39:58Z,78.0,Charge 4
2020-12-26T11:40:03Z,77.0,Charge 4
2020-12-26T11:40:08Z,79.0,Charge 4
2020-12-26T11:40:13Z,80.0,Charge 4
2020-12-26T11:40:28Z,80.0,Charge 4
2020-12-26T11:40:33Z,81.0,Charge 4
2020-12-26T11:40:38Z,83.0,Charge 4
2020-12-26T11:40:43Z,81.0,Charge 4
2020-12-26T11:40:48Z,81.0,Charge 4
2020-12-26T11:41:03Z,79.0,Charge 4
2020-12-26T11:41:08Z,78.0,Charge 4
2020-12-26T11:41:23Z,78.0,Charge 4
2020-12-26T11:41:28Z,76.0,Charge 4
2020-12-26T11:41:38Z,75.0,Charge 4
2020-12-26T11:41:43Z,76.0,Charge 4
2020-12-26T11:41:48Z,77.0,Charge 4
2020-12-26T11:42:03Z,79.0,Charge 4
2020-12-26T11:42:08Z,85.0,Charge 4
2020-12-26T11:42:13Z,88.0,Charge 4
2020-12-26T11:42:18Z,85.0,Charge 4
2020-12-26T11:42:23Z,81.0,Charge 4
2020-12-26T11:42:29Z,81.0,Charge 4
2020-12-26T11:42:44Z,81.0,Charge 4
2020-12-26T11:42:49Z,81.0,Charge 4
2020-12-26T11:42:54Z,81.0,Charge 4
2020-12-26T11:42:59Z,82.0,Charge 4
2020-12-26T11:43:09Z,81.0,Charge 4
2020-12-26T11:43:19Z,80.0,Charge 4
2020-12-26T11:43:24Z,79.0,Charge 4
2020-12-26T11:43:29Z,78.0,Charge 4
2020-12-26T11:43:39Z,78.0,Charge 4
2020-12-26T11:43:44Z,77.0,Charge 4
2020-12-26T11:43:49Z,77.0,Charge 4
2020-12-26T11:43:54Z,78.0,Charge 4
2020-12-26T11:44:09Z,78.0,Charge 4
2020-12-26T11:44:14Z,79.0,Charge 4
2020-12-26T11:44:24Z,78.0,Charge 4
2020-12-26T11:44:29Z,77.0,Charge 4
2020-12-26T11:44:34Z,75.0,Charge 4
2020-12-26T11:44:39Z,74.0,Charge 4
2020-12-26T11:44:44Z,75.0,Charge 4
2020-12-26T11:44:54Z,76.0,Charge 4
2020-12-26T11:44:59Z,77.0,Charge 4
2020-12-26T11:45:04Z,78.0,Charge 4
2020-12-26T11:45:09Z,79.0,Charge 4
2020-12-26T11:45:14Z,81.0,Charge 4
2020-12-26T11:45:19Z,80.0,Charge 4
2020-12-26T11:45:29Z,79.0,Charge 4
2020-12-26T11:45:34Z,79.0,Charge 4
2020-12-26T11:45:44Z,78.0,Charge 4
2020-12-26T11:45:49Z,76.0,Charge 4
2020-12-26T11:45:59Z,75.0,Charge 4
2020-12-26T11:46:14Z,75.0,Charge 4
2020-12-26T11:46:24Z,77.0,Charge 4
2020-12-26T11:46:29Z,79.0,Charge 4
2020-12-26T11:46:34Z,80.0,Charge 4
2020-12-26T11:46:39Z,82.0,Charge 4
2020-12-26T11:46:44Z,81.0,Charge 4
2020-12-26T11:46:59Z,81.0,Charge 4
2020-12-26T11:47:04Z,78.0,Charge 4
2020-12-26T11:47:19Z,78.0,Charge 4
2020-12-26T11:47:24Z,84.0,Charge 4
2020-12-26T11:47:29Z,81.0,Charge 4
2020-12-26T11:47:34Z,79.0,Charge 4
2020-12-26T11:47:39Z,78.0,Charge 4
2020-12-26T11:47:44Z,80.0,Charge 4
2020-12-26T11:47:54Z,78.0,Charge 4
2020-12-26T11:47:59Z,77.0,Charge 4
2020-12-26T11:48:09Z,77.0,Charge 4
2020-12-26T11:48:14Z,78.0,Charge 4
2020-12-26T11:48:24Z,77.0,Charge 4
2020-12-26T11:48:34Z,76.0,Charge 4
2020-12-26T11:48:40Z,77.0,Charge 4
2020-12-26T11:48:45Z,76.0,Charge 4
2020-12-26T11:48:50Z,75.0,Charge 4
2020-12-26T11:48:55Z,75.0,Charge 4
2020-12-26T11:49:05Z,77.0,Charge 4
2020-12-26T11:49:10Z,76.0,Charge 4
2020-12-26T11:49:20Z,74.0,Charge 4
2020-12-26T11:49:35Z,76.0,Charge 4
2020-12-26T11:49:40Z,74.0,Charge 4
2020-12-26T11:49:45Z,73.0,Charge 4
2020-12-26T11:49:55Z,74.0,Charge 4
2020-12-26T11:50:00Z,75.0,Charge 4
2020-12-26T11:50:10Z,74.0,Charge 4
2020-12-26T11:50:20Z,75.0,Charge 4
2020-12-26T11:50:25Z,75.0,Charge 4
2020-12-26T11:50:30Z,76.0,Charge 4
2020-12-26T11:50:35Z,78.0,Charge 4
2020-12-26T11:50:40Z,80.0,Charge 4
2020-12-26T11:50:45Z,80.0,Charge 4
2020-12-26T11:51:00Z,80.0,Charge 4
2020-12-26T11:51:15Z,79.0,Charge 4
2020-12-26T11:51:20Z,79.0,Charge 4
2020-12-26T11:51:35Z,79.0,Charge 4
2020-12-26T11:51:40Z,80.0,Charge 4
2020-12-26T11:51:45Z,78.0,Charge 4
2020-12-26T11:51:50Z,76.0,Charge 4
2020-12-26T11:52:05Z,76.0,Charge 4
2020-12-26T11:52:10Z,75.0,Charge 4
2020-12-26T11:52:15Z,74.0,Charge 4
2020-12-26T11:52:25Z,75.0,Charge 4
2020-12-26T11:52:40Z,75.0,Charge 4
2020-12-26T11:52:45Z,76.0,Charge 4
2020-12-26T11:52:50Z,77.0,Charge 4
2020-12-26T11:52:55Z,78.0,Charge 4
2020-12-26T11:53:00Z,79.0,Charge 4
2020-12-26T11:53:10Z,81.0,Charge 4
2020-12-26T11:53:15Z,82.0,Charge 4
2020-12-26T11:53:20Z,80.0,Charge 4
2020-12-26T11:53:35Z,82.0,Charge 4
2020-12-26T11:53:40Z,83.0,Charge 4
2020-12-26T11:53:45Z,82.0,Charge 4
2020-12-26T11:53:55Z,83.0,Charge 4
2020-12-26T11:54:05Z,82.0,Charge 4
2020-12-26T11:54:10Z,80.0,Charge 4
2020-12-26T11:54:15Z,79.0,Charge 4
2020-12-26T11:54:25Z,80.0,Charge 4
2020-12-26T11:54:30Z,81.0,Charge 4
2020-12-26T11:54:40Z,80.0,Charge 4
2020-12-26T11:54:50Z,79.0,Charge 4
2020-12-26T11:55:05Z,80.0,Charge 4
2020-12-26T11:55:15Z,79.0,Charge 4
2020-12-26T11:55:20Z,77.0,Charge 4
2020-12-26T11:55:35Z,76.0,Charge 4
2020-12-26T11:55:45Z,77.0,Charge 4
2020-12-26T11:55:50Z,77.0,Charge 4
2020-12-26T11:55:55Z,79.0,Charge 4
2020-12-26T11:56:10Z,80.0,Charge 4
2020-12-26T11:56:15Z,79.0,Charge 4
2020-12-26T11:56:20Z,78.0,Charge 4
2020-12-26T11:56:25Z,79.0,Charge 4
2020-12-26T11:56:30Z,80.0,Charge 4
2020-12-26T11:56:35Z,83.0,Charge 4
2020-12-26T11:56:50Z,81.0,Charge 4
2020-12-26T11:56:55Z,79.0,Charge 4
2020-12-26T11:57:05Z,77.0,Charge 4
2020-12-26T11:57:20Z,77.0,Charge 4
2020-12-26T11:57:30Z,78.0,Charge 4
2020-12-26T11:57:45Z,78.0,Charge 4
2020-12-26T11:57:50Z,79.0,Charge 4
2020-12-26T11:57:55Z,86.0,Charge 4
2020-12-26T11:58:00Z,92.0,Charge 4
2020-12-26T11:58:05Z,92.0,Charge 4
2020-12-26T11:58:20Z,92.0,Charge 4
2020-12-26T11:58:25Z,93.0,Charge 4
2020-12-26T11:58:35Z,94.0,Charge 4
2020-12-26T11:58:50Z,94.0,Charge 4
2020-12-26T11:58:55Z,94.0,Charge 4
2020-12-26T11:59:10Z,94.0,Charge 4
2020-12-26T11:59:15Z,92.0,Charge 4
2020-12-26T11:59:20Z,89.0,Charge 4
2020-12-26T11:59:30Z,89.0,Charge 4
2020-12-26T11:59:38Z,90.0,Charge 4
2020-12-26T11:59:43Z,90.0,Charge 4
2020-12-26T11:59:48Z,88.0,Charge 4
2020-12-26T11:59:53Z,89.0,Charge 4
2020-12-26T12:00:08Z,89.0,Charge 4
2020-12-26T12:00:13Z,90.0,Charge 4
2020-12-26T12:00:23Z,88.0,Charge 4
2020-12-26T12:00:28Z,84.0,Charge 4
2020-12-26T12:00:33Z,83.0,Charge 4
2020-12-26T12:00:38Z,82.0,Charge 4
2020-12-26T12:00:48Z,83.0,Charge 4
2020-12-26T12:00:58Z,86.0,Charge 4
2020-12-26T12:01:13Z,85.0,Charge 4
2020-12-26T12:01:28Z,86.0,Charge 4
2020-12-26T12:01:33Z,87.0,Charge 4
2020-12-26T12:01:48Z,88.0,Charge 4
2020-12-26T12:01:53Z,89.0,Charge 4
2020-12-26T12:01:58Z,90.0,Charge 4
2020-12-26T12:02:03Z,87.0,Charge 4
2020-12-26T12:02:08Z,85.0,Charge 4
2020-12-26T12:02:18Z,86.0,Charge 4
2020-12-26T12:02:33Z,88.0,Charge 4
2020-12-26T12:02:38Z,86.0,Charge 4
2020-12-26T12:02:43Z,85.0,Charge 4
2020-12-26T12:02:48Z,86.0,Charge 4
2020-12-26T12:02:53Z,88.0,Charge 4
2020-12-26T12:02:58Z,89.0,Charge 4
2020-12-26T12:03:03Z,89.0,Charge 4
2020-12-26T12:03:08Z,92.0,Charge 4
2020-12-26T12:03:13Z,94.0,Charge 4
2020-12-26T12:03:18Z,93.0,Charge 4
2020-12-26T12:03:23Z,92.0,Charge 4
2020-12-26T12:03:38Z,95.0,Charge 4
2020-12-26T12:03:43Z,96.0,Charge 4
2020-12-26T12:03:48Z,95.0,Charge 4
2020-12-26T12:04:03Z,95.0,Charge 4
2020-12-26T12:04:08Z,94.0,Charge 4
2020-12-26T12:04:13Z,93.0,Charge 4
2020-12-26T12:04:23Z,94.0,Charge 4
2020-12-26T12:04:28Z,95.0,Charge 4
2020-12-26T12:04:38Z,92.0,Charge 4
2020-12-26T12:04:43Z,94.0,Charge 4
2020-12-26T12:04:48Z,95.0,Charge 4
2020-12-26T12:04:53Z,94.0,Charge 4
2020-12-26T12:04:58Z,93.0,Charge 4
2020-12-26T12:05:03Z,92.0,Charge 4
2020-12-26T12:05:08Z,91.0,Charge 4
2020-12-26T12:05:23Z,90.0,Charge 4
2020-12-26T12:05:38Z,90.0,Charge 4
2020-12-26T12:05:43Z,92.0,Charge 4
2020-12-26T12:05:53Z,90.0,Charge 4
2020-12-26T12:05:58Z,85.0,Charge 4
2020-12-26T12:06:03Z,84.0,Charge 4
2020-12-26T12:06:08Z,83.0,Charge 4
2020-12-26T12:06:13Z,81.0,Charge 4
2020-12-26T12:06:18Z,80.0,Charge 4
2020-12-26T12:06:23Z,79.0,Charge 4
2020-12-26T12:06:28Z,78.0,Charge 4
2020-12-26T12:06:43Z,78.0,Charge 4
2020-12-26T12:06:53Z,75.0,Charge 4
2020-12-26T12:06:58Z,74.0,Charge 4
2020-12-26T12:07:08Z,75.0,Charge 4
2020-12-26T12:07:13Z,76.0,Charge 4
2020-12-26T12:07:18Z,78.0,Charge 4
2020-12-26T12:07:23Z,76.0,Charge 4
2020-12-26T12:07:38Z,77.0,Charge 4
2020-12-26T12:07:43Z,80.0,Charge 4
2020-12-26T12:07:48Z,80.0,Charge 4
2020-12-26T12:08:03Z,80.0,Charge 4
2020-12-26T12:08:18Z,78.0,Charge 4
2020-12-26T12:08:23Z,77.0,Charge 4
2020-12-26T12:08:28Z,76.0,Charge 4
2020-12-26T12:08:33Z,75.0,Charge 4
2020-12-26T12:08:43Z,75.0,Charge 4
2020-12-26T12:08:48Z,73.0,Charge 4
2020-12-26T12:09:03Z,74.0,Charge 4
2020-12-26T12:09:08Z,77.0,Charge 4
2020-12-26T12:09:18Z,75.0,Charge 4
2020-12-26T12:09:23Z,76.0,Charge 4
2020-12-26T12:09:38Z,76.0,Charge 4
2020-12-26T12:09:48Z,75.0,Charge 4
2020-12-26T12:09:53Z,74.0,Charge 4
2020-12-26T12:10:03Z,73.0,Charge 4
2020-12-26T12:10:08Z,72.0,Charge 4
2020-12-26T12:10:23Z,74.0,Charge 4
2020-12-26T12:10:28Z,75.0,Charge 4
2020-12-26T12:10:33Z,74.0,Charge 4
2020-12-26T12:10:38Z,71.0,Charge 4
2020-12-26T12:10:43Z,72.0,Charge 4
2020-12-26T12:10:48Z,73.0,Charge 4
2020-12-26T12:10:53Z,74.0,Charge 4
2020-12-26T12:10:58Z,75.0,Charge 4
2020-12-26T12:11:03Z,77.0,Charge 4
2020-12-26T12:11:08Z,77.0,Charge 4
2020-12-26T12:11:13Z,76.0,Charge 4
2020-12-26T12:11:18Z,77.0,Charge 4
2020-12-26T12:11:23Z,78.0,Charge 4
2020-12-26T12:11:33Z,77.0,Charge 4
2020-12-26T12:11:38Z,76.0,Charge 4
2020-12-26T12:11:43Z,75.0,Charge 4
2020-12-26T12:11:53Z,76.0,Charge 4
2020-12-26T12:12:03Z,74.0,Charge 4
2020-12-26T12:12:13Z,75.0,Charge 4
2020-12-26T12:12:18Z,74.0,Charge 4
2020-12-26T12:12:33Z,74.0,Charge 4
2020-12-26T12:12:54Z,74.0,Charge 4
2020-12-26T12:13:04Z,75.0,Charge 4
2020-12-26T12:13:16Z,77.0,Charge 4
2020-12-26T14:14:43Z,70.0,Charge 4
2020-12-26T14:14:58Z,86.0,Charge 4
2020-12-26T14:15:03Z,90.0,Charge 4
2020-12-26T14:15:08Z,92.0,Charge 4
2020-12-26T14:15:13Z,93.0,Charge 4
2020-12-26T14:15:18Z,92.0,Charge 4
2020-12-26T14:15:23Z,91.0,Charge 4
2020-12-26T14:15:28Z,92.0,Charge 4
2020-12-26T14:15:33Z,91.0,Charge 4
2020-12-26T14:15:38Z,90.0,Charge 4
2020-12-26T14:15:43Z,91.0,Charge 4
2020-12-26T14:15:48Z,92.0,Charge 4
2020-12-26T14:15:53Z,93.0,Charge 4
2020-12-26T14:16:08Z,94.0,Charge 4
2020-12-26T14:16:13Z,96.0,Charge 4
2020-12-26T14:16:28Z,94.0,Charge 4
2020-12-26T14:16:33Z,93.0,Charge 4
2020-12-26T14:16:38Z,92.0,Charge 4
2020-12-26T14:16:43Z,90.0,Charge 4
2020-12-26T14:16:53Z,89.0,Charge 4
2020-12-26T14:16:58Z,88.0,Charge 4
2020-12-26T14:17:13Z,89.0,Charge 4
2020-12-26T14:17:18Z,90.0,Charge 4
2020-12-26T14:17:33Z,89.0,Charge 4
2020-12-26T14:17:48Z,89.0,Charge 4
2020-12-26T14:17:53Z,89.0,Charge 4
2020-12-26T14:17:58Z,88.0,Charge 4
2020-12-26T14:18:08Z,90.0,Charge 4
2020-12-26T14:18:13Z,91.0,Charge 4
2020-12-26T14:18:28Z,92.0,Charge 4
2020-12-26T14:18:33Z,93.0,Charge 4
2020-12-26T14:18:38Z,94.0,Charge 4
2020-12-26T14:18:53Z,94.0,Charge 4
2020-12-26T14:18:58Z,95.0,Charge 4
2020-12-26T14:19:03Z,92.0,Charge 4
2020-12-26T14:19:08Z,91.0,Charge 4
2020-12-26T14:19:13Z,92.0,Charge 4
2020-12-26T14:19:18Z,95.0,Charge 4
2020-12-26T14:19:28Z,94.0,Charge 4
2020-12-26T14:19:33Z,92.0,Charge 4
2020-12-26T14:19:43Z,90.0,Charge 4
2020-12-26T14:19:53Z,89.0,Charge 4
2020-12-26T14:19:58Z,90.0,Charge 4
2020-12-26T14:20:08Z,91.0,Charge 4
2020-12-26T14:20:13Z,90.0,Charge 4
2020-12-26T14:20:23Z,91.0,Charge 4
2020-12-26T14:20:28Z,90.0,Charge 4
2020-12-26T14:20:43Z,90.0,Charge 4
2020-12-26T14:20:58Z,90.0,Charge 4
2020-12-26T14:21:03Z,93.0,Charge 4
2020-12-26T14:21:08Z,94.0,Charge 4
2020-12-26T14:21:15Z,94.0,Charge 4
2020-12-26T14:21:20Z,95.0,Charge 4
2020-12-26T14:21:25Z,96.0,Charge 4
2020-12-26T14:21:30Z,98.0,Charge 4
2020-12-26T14:21:35Z,99.0,Charge 4
2020-12-26T14:21:40Z,100.0,Charge 4
2020-12-26T14:21:45Z,104.0,Charge 4
2020-12-26T14:21:50Z,102.0,Charge 4
2020-12-26T14:21:55Z,102.0,Charge 4
2020-12-26T14:22:00Z,102.0,Charge 4
2020-12-26T14:22:05Z,103.0,Charge 4
2020-12-26T14:22:10Z,102.0,Charge 4
2020-12-26T14:22:15Z,103.0,Charge 4
2020-12-26T14:22:20Z,101.0,Charge 4
2020-12-26T14:22:25Z,96.0,Charge 4
2020-12-26T14:22:30Z,94.0,Charge 4
2020-12-26T14:22:35Z,99.0,Charge 4
2020-12-26T14:22:40Z,103.0,Charge 4
2020-12-26T14:22:55Z,103.0,Charge 4
2020-12-26T14:23:05Z,100.0,Charge 4
2020-12-26T14:23:15Z,99.0,Charge 4
2020-12-26T14:23:20Z,97.0,Charge 4
2020-12-26T14:23:30Z,99.0,Charge 4
2020-12-26T14:23:35Z,98.0,Charge 4
2020-12-26T14:23:40Z,95.0,Charge 4
2020-12-26T14:23:50Z,96.0,Charge 4
2020-12-26T14:23:57Z,95.0,Charge 4
2020-12-26T14:24:07Z,96.0,Charge 4
2020-12-26T14:24:22Z,98.0,Charge 4
2020-12-26T14:24:27Z,99.0,Charge 4
2020-12-26T14:24:32Z,103.0,Charge 4
2020-12-26T14:24:37Z,105.0,Charge 4
2020-12-26T14:24:47Z,107.0,Charge 4
2020-12-26T14:24:57Z,106.0,Charge 4
2020-12-26T14:25:02Z,107.0,Charge 4
2020-12-26T14:25:12Z,104.0,Charge 4
2020-12-26T14:25:17Z,103.0,Charge 4
2020-12-26T14:25:22Z,104.0,Charge 4
2020-12-26T14:25:27Z,102.0,Charge 4
2020-12-26T14:25:32Z,100.0,Charge 4
2020-12-26T14:25:37Z,97.0,Charge 4
2020-12-26T14:25:42Z,94.0,Charge 4
2020-12-26T14:25:47Z,99.0,Charge 4
2020-12-26T14:25:52Z,94.0,Charge 4
2020-12-26T14:25:57Z,95.0,Charge 4
2020-12-26T14:26:02Z,96.0,Charge 4
2020-12-26T14:26:12Z,93.0,Charge 4
2020-12-26T14:26:17Z,94.0,Charge 4
2020-12-26T14:26:22Z,98.0,Charge 4
2020-12-26T14:26:32Z,96.0,Charge 4
2020-12-26T14:26:47Z,100.0,Charge 4
2020-12-26T14:26:52Z,101.0,Charge 4
2020-12-26T14:26:57Z,105.0,Charge 4
2020-12-26T14:27:02Z,106.0,Charge 4
2020-12-26T14:27:07Z,108.0,Charge 4
2020-12-26T14:27:17Z,107.0,Charge 4
2020-12-26T14:27:22Z,104.0,Charge 4
2020-12-26T14:27:37Z,104.0,Charge 4
2020-12-26T14:27:47Z,102.0,Charge 4
2020-12-26T14:27:52Z,101.0,Charge 4
2020-12-26T14:27:57Z,99.0,Charge 4
2020-12-26T14:28:12Z,99.0,Charge 4
2020-12-26T14:28:27Z,94.0,Charge 4
2020-12-26T14:28:42Z,94.0,Charge 4
2020-12-26T14:28:52Z,92.0,Charge 4
2020-12-26T14:28:57Z,91.0,Charge 4
2020-12-26T14:29:02Z,95.0,Charge 4
2020-12-26T14:29:07Z,93.0,Charge 4
2020-12-26T14:29:12Z,97.0,Charge 4
2020-12-26T14:29:22Z,96.0,Charge 4
2020-12-26T14:29:27Z,99.0,Charge 4
2020-12-26T14:29:32Z,100.0,Charge 4
2020-12-26T14:29:37Z,101.0,Charge 4
2020-12-26T14:29:52Z,101.0,Charge 4
2020-12-26T14:29:57Z,98.0,Charge 4
2020-12-26T14:30:02Z,96.0,Charge 4
2020-12-26T14:30:07Z,95.0,Charge 4
2020-12-26T14:30:12Z,96.0,Charge 4
2020-12-26T14:30:17Z,95.0,Charge 4
2020-12-26T14:30:23Z,95.0,Charge 4
2020-12-26T14:30:28Z,94.0,Charge 4
2020-12-26T14:30:33Z,95.0,Charge 4
2020-12-26T14:30:38Z,94.0,Charge 4
2020-12-26T14:30:48Z,95.0,Charge 4
2020-12-26T14:30:53Z,99.0,Charge 4
2020-12-26T14:30:58Z,101.0,Charge 4
2020-12-26T14:31:03Z,103.0,Charge 4
2020-12-26T14:31:08Z,105.0,Charge 4
2020-12-26T14:31:18Z,104.0,Charge 4
2020-12-26T14:31:23Z,105.0,Charge 4
2020-12-26T14:31:28Z,106.0,Charge 4
2020-12-26T14:31:33Z,101.0,Charge 4
2020-12-26T14:31:43Z,105.0,Charge 4
2020-12-26T14:31:48Z,107.0,Charge 4
2020-12-26T14:32:03Z,107.0,Charge 4
2020-12-26T14:32:13Z,107.0,Charge 4
2020-12-26T14:32:23Z,106.0,Charge 4
2020-12-26T14:32:38Z,106.0,Charge 4
2020-12-26T14:32:43Z,109.0,Charge 4
2020-12-26T14:32:58Z,109.0,Charge 4
2020-12-26T14:33:03Z,104.0,Charge 4
2020-12-26T14:33:08Z,103.0,Charge 4
2020-12-26T14:33:13Z,101.0,Charge 4
2020-12-26T14:33:18Z,100.0,Charge 4
2020-12-26T14:33:24Z,99.0,Charge 4
2020-12-26T14:33:39Z,100.0,Charge 4
2020-12-26T14:33:44Z,104.0,Charge 4
2020-12-26T14:33:49Z,109.0,Charge 4
2020-12-26T14:33:54Z,110.0,Charge 4
2020-12-26T14:34:09Z,110.0,Charge 4
2020-12-26T14:34:14Z,109.0,Charge 4
2020-12-26T14:34:19Z,107.0,Charge 4
2020-12-26T14:34:24Z,106.0,Charge 4
2020-12-26T14:34:29Z,104.0,Charge 4
2020-12-26T14:34:34Z,102.0,Charge 4
2020-12-26T14:34:49Z,105.0,Charge 4
2020-12-26T14:34:54Z,107.0,Charge 4
2020-12-26T14:34:59Z,106.0,Charge 4
2020-12-26T14:35:04Z,108.0,Charge 4
2020-12-26T14:35:09Z,107.0,Charge 4
2020-12-26T14:35:14Z,105.0,Charge 4
2020-12-26T14:35:19Z,107.0,Charge 4
2020-12-26T14:35:29Z,108.0,Charge 4
2020-12-26T14:35:44Z,107.0,Charge 4
2020-12-26T14:35:54Z,104.0,Charge 4
2020-12-26T14:36:09Z,104.0,Charge 4
2020-12-26T14:36:19Z,106.0,Charge 4
2020-12-26T14:36:34Z,105.0,Charge 4
2020-12-26T14:36:39Z,104.0,Charge 4
2020-12-26T14:36:44Z,102.0,Charge 4
2020-12-26T14:36:49Z,104.0,Charge 4
2020-12-26T14:36:54Z,108.0,Charge 4
2020-12-26T14:36:59Z,107.0,Charge 4
2020-12-26T14:37:14Z,107.0,Charge 4
2020-12-26T14:37:19Z,108.0,Charge 4
2020-12-26T14:37:24Z,110.0,Charge 4
2020-12-26T14:37:39Z,109.0,Charge 4
2020-12-26T14:37:44Z,108.0,Charge 4
2020-12-26T14:37:49Z,105.0,Charge 4
2020-12-26T14:37:59Z,106.0,Charge 4
2020-12-26T14:38:04Z,107.0,Charge 4
2020-12-26T14:38:09Z,108.0,Charge 4
2020-12-26T14:38:14Z,109.0,Charge 4
2020-12-26T14:38:24Z,108.0,Charge 4
2020-12-26T14:38:29Z,106.0,Charge 4
2020-12-26T14:38:39Z,107.0,Charge 4
2020-12-26T14:38:44Z,106.0,Charge 4
2020-12-26T14:38:54Z,108.0,Charge 4
2020-12-26T14:38:59Z,107.0,Charge 4
2020-12-26T14:39:04Z,106.0,Charge 4
2020-12-26T14:39:09Z,107.0,Charge 4
2020-12-26T14:39:14Z,105.0,Charge 4
2020-12-26T14:39:19Z,103.0,Charge 4
2020-12-26T14:39:24Z,107.0,Charge 4
2020-12-26T14:39:29Z,108.0,Charge 4
2020-12-26T14:39:34Z,109.0,Charge 4
2020-12-26T14:39:49Z,106.0,Charge 4
2020-12-26T14:39:54Z,107.0,Charge 4
2020-12-26T14:39:59Z,108.0,Charge 4
2020-12-26T14:40:09Z,107.0,Charge 4
2020-12-26T14:40:14Z,107.0,Charge 4
2020-12-26T14:40:19Z,104.0,Charge 4
2020-12-26T14:40:24Z,103.0,Charge 4
2020-12-26T14:40:34Z,105.0,Charge 4
2020-12-26T14:40:39Z,107.0,Charge 4
2020-12-26T14:40:44Z,109.0,Charge 4
2020-12-26T14:40:59Z,109.0,Charge 4
2020-12-26T14:41:04Z,107.0,Charge 4
2020-12-26T14:41:09Z,103.0,Charge 4
2020-12-26T14:41:14Z,99.0,Charge 4
2020-12-26T14:41:19Z,101.0,Charge 4
2020-12-26T14:41:24Z,104.0,Charge 4
2020-12-26T14:41:29Z,106.0,Charge 4
2020-12-26T14:41:34Z,104.0,Charge 4
2020-12-26T14:41:39Z,102.0,Charge 4
2020-12-26T14:41:44Z,101.0,Charge 4
2020-12-26T14:41:49Z,101.0,Charge 4
2020-12-26T14:41:59Z,100.0,Charge 4
2020-12-26T14:42:04Z,103.0,Charge 4
2020-12-26T14:42:09Z,104.0,Charge 4
2020-12-26T14:42:14Z,103.0,Charge 4
2020-12-26T14:42:29Z,103.0,Charge 4
2020-12-26T14:42:34Z,105.0,Charge 4
2020-12-26T14:42:39Z,104.0,Charge 4
2020-12-26T14:42:45Z,100.0,Charge 4
2020-12-26T14:42:55Z,101.0,Charge 4
2020-12-26T14:43:00Z,102.0,Charge 4
2020-12-26T14:43:05Z,103.0,Charge 4
2020-12-26T14:43:10Z,106.0,Charge 4
2020-12-26T14:43:15Z,111.0,Charge 4
2020-12-26T14:43:20Z,115.0,Charge 4
2020-12-26T14:43:25Z,114.0,Charge 4
2020-12-26T14:43:30Z,113.0,Charge 4
2020-12-26T14:43:35Z,111.0,Charge 4
2020-12-26T14:43:45Z,110.0,Charge 4
2020-12-26T14:43:55Z,111.0,Charge 4
2020-12-26T14:44:05Z,113.0,Charge 4
2020-12-26T14:44:10Z,114.0,Charge 4
2020-12-26T14:44:15Z,115.0,Charge 4
2020-12-26T14:44:20Z,117.0,Charge 4
2020-12-26T14:44:25Z,115.0,Charge 4
2020-12-26T14:44:30Z,110.0,Charge 4
2020-12-26T14:44:40Z,113.0,Charge 4
2020-12-26T14:44:45Z,112.0,Charge 4
2020-12-26T14:44:50Z,109.0,Charge 4
2020-12-26T14:44:55Z,108.0,Charge 4
2020-12-26T14:45:10Z,109.0,Charge 4
2020-12-26T14:45:25Z,109.0,Charge 4
2020-12-26T14:45:30Z,107.0,Charge 4
2020-12-26T14:45:35Z,108.0,Charge 4
2020-12-26T14:45:40Z,111.0,Charge 4
2020-12-26T14:45:45Z,115.0,Charge 4
2020-12-26T14:45:55Z,116.0,Charge 4
2020-12-26T14:46:00Z,114.0,Charge 4
2020-12-26T14:46:05Z,112.0,Charge 4
2020-12-26T14:46:10Z,110.0,Charge 4
2020-12-26T14:46:20Z,109.0,Charge 4
2020-12-26T14:46:25Z,108.0,Charge 4
2020-12-26T14:46:40Z,109.0,Charge 4
2020-12-26T14:46:45Z,110.0,Charge 4
2020-12-26T14:46:50Z,111.0,Charge 4
2020-12-26T14:47:00Z,110.0,Charge 4
2020-12-26T14:47:05Z,108.0,Charge 4
2020-12-26T14:47:10Z,105.0,Charge 4
2020-12-26T14:47:15Z,106.0,Charge 4
2020-12-26T14:47:20Z,107.0,Charge 4
2020-12-26T14:47:25Z,106.0,Charge 4
2020-12-26T14:47:30Z,104.0,Charge 4
2020-12-26T14:47:40Z,106.0,Charge 4
2020-12-26T14:47:45Z,107.0,Charge 4
2020-12-26T14:47:50Z,109.0,Charge 4
2020-12-26T14:47:55Z,110.0,Charge 4
2020-12-26T14:48:05Z,111.0,Charge 4
2020-12-26T14:48:20Z,111.0,Charge 4
2020-12-26T14:48:25Z,110.0,Charge 4
2020-12-26T14:48:35Z,113.0,Charge 4
2020-12-26T14:48:40Z,116.0,Charge 4
2020-12-26T14:48:46Z,116.0,Charge 4
2020-12-26T14:48:51Z,113.0,Charge 4
2020-12-26T14:48:56Z,115.0,Charge 4
2020-12-26T14:49:01Z,114.0,Charge 4
2020-12-26T14:49:06Z,110.0,Charge 4
2020-12-26T14:49:11Z,111.0,Charge 4
2020-12-26T14:49:16Z,112.0,Charge 4
2020-12-26T14:49:21Z,111.0,Charge 4
2020-12-26T14:49:36Z,110.0,Charge 4
2020-12-26T14:49:41Z,107.0,Charge 4
2020-12-26T14:49:46Z,107.0,Charge 4
2020-12-26T14:49:56Z,106.0,Charge 4
2020-12-26T14:50:01Z,105.0,Charge 4
2020-12-26T14:50:16Z,103.0,Charge 4
2020-12-26T14:50:21Z,105.0,Charge 4
2020-12-26T14:50:26Z,106.0,Charge 4
2020-12-26T14:50:36Z,107.0,Charge 4
2020-12-26T14:50:41Z,108.0,Charge 4
2020-12-26T14:50:51Z,107.0,Charge 4
2020-12-26T14:50:56Z,106.0,Charge 4
2020-12-26T14:51:11Z,106.0,Charge 4
2020-12-26T14:51:26Z,106.0,Charge 4
2020-12-26T14:51:31Z,103.0,Charge 4
2020-12-26T14:51:41Z,104.0,Charge 4
2020-12-26T14:51:46Z,105.0,Charge 4
2020-12-26T14:51:51Z,107.0,Charge 4
2020-12-26T14:51:56Z,106.0,Charge 4
2020-12-26T14:52:01Z,109.0,Charge 4
2020-12-26T14:52:06Z,107.0,Charge 4
2020-12-26T14:52:11Z,105.0,Charge 4
2020-12-26T14:52:16Z,106.0,Charge 4
2020-12-26T14:52:21Z,107.0,Charge 4
2020-12-26T14:52:26Z,108.0,Charge 4
2020-12-26T14:52:31Z,107.0,Charge 4
2020-12-26T14:52:36Z,105.0,Charge 4
2020-12-26T14:52:41Z,104.0,Charge 4
2020-12-26T14:52:46Z,105.0,Charge 4
2020-12-26T14:52:51Z,108.0,Charge 4
2020-12-26T14:52:56Z,109.0,Charge 4
2020-12-26T14:53:01Z,110.0,Charge 4
2020-12-26T14:53:06Z,109.0,Charge 4
2020-12-26T14:53:11Z,111.0,Charge 4
2020-12-26T14:53:16Z,110.0,Charge 4
2020-12-26T14:53:26Z,112.0,Charge 4
2020-12-26T14:53:31Z,114.0,Charge 4
2020-12-26T14:53:41Z,117.0,Charge 4
2020-12-26T14:53:46Z,112.0,Charge 4
2020-12-26T14:53:51Z,109.0,Charge 4
2020-12-26T14:53:56Z,105.0,Charge 4
2020-12-26T14:54:01Z,103.0,Charge 4
2020-12-26T14:54:06Z,104.0,Charge 4
2020-12-26T14:54:21Z,104.0,Charge 4
2020-12-26T14:54:26Z,107.0,Charge 4
2020-12-26T14:54:32Z,107.0,Charge 4
2020-12-26T14:54:42Z,109.0,Charge 4
2020-12-26T14:54:57Z,110.0,Charge 4
2020-12-26T14:55:02Z,113.0,Charge 4
2020-12-26T14:55:07Z,116.0,Charge 4
2020-12-26T14:55:12Z,117.0,Charge 4
2020-12-26T14:55:22Z,116.0,Charge 4
2020-12-26T14:55:37Z,119.0,Charge 4
2020-12-26T14:55:42Z,126.0,Charge 4
2020-12-26T14:55:47Z,127.0,Charge 4
2020-12-26T14:55:52Z,124.0,Charge 4
2020-12-26T14:56:02Z,121.0,Charge 4
2020-12-26T14:56:07Z,119.0,Charge 4
2020-12-26T14:56:12Z,121.0,Charge 4
2020-12-26T14:56:17Z,122.0,Charge 4
2020-12-26T14:56:22Z,124.0,Charge 4
2020-12-26T14:56:27Z,122.0,Charge 4
2020-12-26T14:56:32Z,119.0,Charge 4
2020-12-26T14:56:47Z,119.0,Charge 4
2020-12-26T14:56:52Z,117.0,Charge 4
2020-12-26T14:56:57Z,114.0,Charge 4
2020-12-26T14:57:02Z,111.0,Charge 4
2020-12-26T14:57:12Z,112.0,Charge 4
2020-12-26T14:57:17Z,111.0,Charge 4
2020-12-26T14:57:22Z,110.0,Charge 4
2020-12-26T14:57:37Z,112.0,Charge 4
2020-12-26T14:57:42Z,112.0,Charge 4
2020-12-26T14:57:47Z,112.0,Charge 4
2020-12-26T14:57:52Z,111.0,Charge 4
2020-12-26T14:57:57Z,112.0,Charge 4
2020-12-26T14:58:02Z,111.0,Charge 4
2020-12-26T14:58:07Z,110.0,Charge 4
2020-12-26T14:58:12Z,109.0,Charge 4
2020-12-26T14:58:17Z,111.0,Charge 4
2020-12-26T14:58:27Z,111.0,Charge 4
2020-12-26T14:58:32Z,113.0,Charge 4
2020-12-26T14:58:37Z,117.0,Charge 4
2020-12-26T14:58:42Z,120.0,Charge 4
2020-12-26T14:58:47Z,119.0,Charge 4
2020-12-26T14:58:57Z,118.0,Charge 4
2020-12-26T14:59:02Z,115.0,Charge 4
2020-12-26T14:59:07Z,114.0,Charge 4
2020-12-26T14:59:12Z,113.0,Charge 4
2020-12-26T14:59:17Z,111.0,Charge 4
2020-12-26T14:59:22Z,109.0,Charge 4
2020-12-26T14:59:27Z,110.0,Charge 4
2020-12-26T14:59:32Z,111.0,Charge 4
2020-12-26T14:59:37Z,112.0,Charge 4
2020-12-26T14:59:42Z,111.0,Charge 4
2020-12-26T14:59:47Z,110.0,Charge 4
2020-12-26T14:59:52Z,109.0,Charge 4
2020-12-26T14:59:57Z,108.0,Charge 4
2020-12-26T15:00:02Z,103.0,Charge 4
2020-12-26T15:00:07Z,99.0,Charge 4
2020-12-26T15:00:12Z,102.0,Charge 4
2020-12-26T15:00:17Z,103.0,Charge 4
2020-12-26T15:00:22Z,106.0,Charge 4
2020-12-26T15:00:32Z,107.0,Charge 4
2020-12-26T15:00:37Z,109.0,Charge 4
2020-12-26T15:00:42Z,109.0,Charge 4
2020-12-26T15:00:47Z,110.0,Charge 4
2020-12-26T15:00:52Z,111.0,Charge 4
2020-12-26T15:00:57Z,110.0,Charge 4
2020-12-26T15:01:07Z,109.0,Charge 4
2020-12-26T15:01:12Z,108.0,Charge 4
2020-12-26T15:01:17Z,109.0,Charge 4
2020-12-26T15:01:22Z,108.0,Charge 4
2020-12-26T15:01:32Z,109.0,Charge 4
2020-12-26T15:01:47Z,108.0,Charge 4
2020-12-26T15:01:52Z,109.0,Charge 4
2020-12-26T15:02:02Z,110.0,Charge 4
2020-12-26T15:02:07Z,108.0,Charge 4
2020-12-26T15:02:17Z,107.0,Charge 4
2020-12-26T15:02:22Z,105.0,Charge 4
2020-12-26T15:02:32Z,105.0,Charge 4
2020-12-26T15:02:37Z,104.0,Charge 4
2020-12-26T15:02:42Z,103.0,Charge 4
2020-12-26T15:02:47Z,102.0,Charge 4
2020-12-26T15:02:52Z,101.0,Charge 4
2020-12-26T15:02:57Z,102.0,Charge 4
2020-12-26T15:03:02Z,103.0,Charge 4
2020-12-26T15:03:08Z,102.0,Charge 4
2020-12-26T15:03:13Z,102.0,Charge 4
2020-12-26T15:03:18Z,104.0,Charge 4
2020-12-26T15:03:23Z,103.0,Charge 4
2020-12-26T15:03:28Z,100.0,Charge 4
2020-12-26T15:03:33Z,101.0,Charge 4
2020-12-26T15:03:38Z,98.0,Charge 4
2020-12-26T15:03:48Z,100.0,Charge 4
2020-12-26T15:03:58Z,101.0,Charge 4
2020-12-26T15:04:03Z,100.0,Charge 4
2020-12-26T15:04:08Z,99.0,Charge 4
2020-12-26T15:04:13Z,100.0,Charge 4
2020-12-26T15:04:18Z,102.0,Charge 4
2020-12-26T15:04:23Z,104.0,Charge 4
2020-12-26T15:04:28Z,103.0,Charge 4
2020-12-26T15:04:33Z,101.0,Charge 4
2020-12-26T15:04:38Z,100.0,Charge 4
2020-12-26T15:04:48Z,101.0,Charge 4
2020-12-26T15:04:53Z,102.0,Charge 4
2020-12-26T15:05:03Z,103.0,Charge 4
2020-12-26T15:05:08Z,106.0,Charge 4
2020-12-26T15:05:13Z,108.0,Charge 4
2020-12-26T15:05:28Z,108.0,Charge 4
2020-12-26T15:05:33Z,107.0,Charge 4
2020-12-26T15:05:38Z,105.0,Charge 4
2020-12-26T15:05:43Z,107.0,Charge 4
2020-12-26T15:05:48Z,105.0,Charge 4
2020-12-26T15:05:53Z,103.0,Charge 4
2020-12-26T15:05:58Z,107.0,Charge 4
2020-12-26T15:06:03Z,105.0,Charge 4
2020-12-26T15:06:08Z,106.0,Charge 4
2020-12-26T15:06:13Z,105.0,Charge 4
2020-12-26T15:06:23Z,104.0,Charge 4
2020-12-26T15:06:28Z,105.0,Charge 4
2020-12-26T15:06:38Z,106.0,Charge 4
2020-12-26T15:06:43Z,108.0,Charge 4
2020-12-26T15:06:58Z,109.0,Charge 4
2020-12-26T15:07:08Z,111.0,Charge 4
2020-12-26T15:07:13Z,112.0,Charge 4
2020-12-26T15:07:23Z,111.0,Charge 4
2020-12-26T15:07:28Z,110.0,Charge 4
2020-12-26T15:07:33Z,106.0,Charge 4
2020-12-26T15:07:43Z,104.0,Charge 4
2020-12-26T15:07:48Z,102.0,Charge 4
2020-12-26T15:07:53Z,101.0,Charge 4
2020-12-26T15:07:58Z,102.0,Charge 4
2020-12-26T15:08:03Z,104.0,Charge 4
2020-12-26T15:08:08Z,106.0,Charge 4
2020-12-26T15:08:13Z,109.0,Charge 4
2020-12-26T15:08:28Z,106.0,Charge 4
2020-12-26T15:08:33Z,108.0,Charge 4
2020-12-26T15:08:38Z,107.0,Charge 4
2020-12-26T15:08:43Z,106.0,Charge 4
2020-12-26T15:08:48Z,105.0,Charge 4
2020-12-26T15:08:53Z,104.0,Charge 4
2020-12-26T15:08:58Z,103.0,Charge 4
2020-12-26T15:09:08Z,106.0,Charge 4
2020-12-26T15:09:13Z,107.0,Charge 4
2020-12-26T15:09:18Z,108.0,Charge 4
2020-12-26T15:09:23Z,109.0,Charge 4
2020-12-26T15:09:28Z,111.0,Charge 4
2020-12-26T15:09:38Z,112.0,Charge 4
2020-12-26T15:09:43Z,115.0,Charge 4
2020-12-26T15:09:48Z,112.0,Charge 4
2020-12-26T15:09:53Z,110.0,Charge 4
2020-12-26T15:10:03Z,109.0,Charge 4
2020-12-26T15:10:08Z,108.0,Charge 4
2020-12-26T15:10:13Z,106.0,Charge 4
2020-12-26T15:10:18Z,105.0,Charge 4
2020-12-26T15:10:28Z,102.0,Charge 4
2020-12-26T15:10:38Z,101.0,Charge 4
2020-12-26T15:10:43Z,100.0,Charge 4
2020-12-26T15:10:48Z,99.0,Charge 4
2020-12-26T15:10:53Z,100.0,Charge 4
2020-12-26T15:10:58Z,101.0,Charge 4
2020-12-26T15:11:03Z,100.0,Charge 4
2020-12-26T15:11:08Z,99.0,Charge 4
2020-12-26T15:11:23Z,100.0,Charge 4
2020-12-26T15:11:28Z,101.0,Charge 4
2020-12-26T15:11:33Z,102.0,Charge 4
2020-12-26T15:11:38Z,103.0,Charge 4
2020-12-26T15:11:43Z,107.0,Charge 4
2020-12-26T15:11:48Z,108.0,Charge 4
2020-12-26T15:11:58Z,106.0,Charge 4
2020-12-26T15:12:03Z,105.0,Charge 4
2020-12-26T15:12:08Z,107.0,Charge 4
2020-12-26T15:12:13Z,106.0,Charge 4
2020-12-26T15:12:18Z,108.0,Charge 4
2020-12-26T15:12:23Z,107.0,Charge 4
2020-12-26T15:12:28Z,105.0,Charge 4
2020-12-26T15:12:38Z,107.0,Charge 4
2020-12-26T15:12:43Z,108.0,Charge 4
2020-12-26T15:12:48Z,109.0,Charge 4
2020-12-26T15:12:53Z,111.0,Charge 4
2020-12-26T15:12:58Z,114.0,Charge 4
2020-12-26T15:13:03Z,116.0,Charge 4
2020-12-26T15:13:18Z,115.0,Charge 4
2020-12-26T15:13:28Z,112.0,Charge 4
2020-12-26T15:13:33Z,109.0,Charge 4
2020-12-26T15:13:38Z,108.0,Charge 4
2020-12-26T15:13:43Z,109.0,Charge 4
2020-12-26T15:13:48Z,108.0,Charge 4
2020-12-26T15:13:53Z,106.0,Charge 4
2020-12-26T15:13:58Z,103.0,Charge 4
2020-12-26T15:14:08Z,102.0,Charge 4
2020-12-26T15:14:13Z,102.0,Charge 4
2020-12-26T15:14:18Z,103.0,Charge 4
2020-12-26T15:14:33Z,104.0,Charge 4
2020-12-26T15:14:38Z,104.0,Charge 4
2020-12-26T15:14:43Z,101.0,Charge 4
2020-12-26T15:14:48Z,102.0,Charge 4
2020-12-26T15:14:53Z,103.0,Charge 4
2020-12-26T15:15:03Z,101.0,Charge 4
2020-12-26T15:15:08Z,100.0,Charge 4
2020-12-26T15:15:13Z,99.0,Charge 4
2020-12-26T15:15:18Z,97.0,Charge 4
2020-12-26T15:15:23Z,98.0,Charge 4
2020-12-26T15:15:28Z,99.0,Charge 4
2020-12-26T15:15:33Z,100.0,Charge 4
2020-12-26T15:15:38Z,100.0,Charge 4
2020-12-26T15:15:43Z,99.0,Charge 4
2020-12-26T15:15:53Z,98.0,Charge 4
2020-12-26T15:15:58Z,97.0,Charge 4
2020-12-26T15:16:13Z,98.0,Charge 4
2020-12-26T15:16:18Z,99.0,Charge 4
2020-12-26T15:16:23Z,100.0,Charge 4
2020-12-26T15:16:38Z,100.0,Charge 4
2020-12-26T15:16:43Z,100.0,Charge 4
2020-12-26T15:16:48Z,103.0,Charge 4
2020-12-26T15:16:53Z,105.0,Charge 4
2020-12-26T15:16:58Z,104.0,Charge 4
2020-12-26T15:17:08Z,106.0,Charge 4
2020-12-26T15:17:13Z,104.0,Charge 4
2020-12-26T15:17:18Z,105.0,Charge 4
2020-12-26T15:17:23Z,104.0,Charge 4
2020-12-26T15:17:28Z,103.0,Charge 4
2020-12-26T15:17:33Z,104.0,Charge 4
2020-12-26T15:17:38Z,106.0,Charge 4
2020-12-26T15:17:53Z,106.0,Charge 4
2020-12-26T15:17:58Z,107.0,Charge 4
2020-12-26T15:18:03Z,109.0,Charge 4
2020-12-26T15:18:08Z,112.0,Charge 4
2020-12-26T15:18:13Z,114.0,Charge 4
2020-12-26T15:18:18Z,115.0,Charge 4
2020-12-26T15:18:23Z,114.0,Charge 4
2020-12-26T15:18:33Z,114.0,Charge 4
2020-12-26T15:18:38Z,115.0,Charge 4
2020-12-26T15:18:43Z,113.0,Charge 4
2020-12-26T15:18:48Z,110.0,Charge 4
2020-12-26T15:18:53Z,112.0,Charge 4
2020-12-26T15:18:58Z,113.0,Charge 4
2020-12-26T15:19:03Z,112.0,Charge 4
2020-12-26T15:19:18Z,112.0,Charge 4
2020-12-26T15:19:23Z,111.0,Charge 4
2020-12-26T15:19:28Z,108.0,Charge 4
2020-12-26T15:19:33Z,111.0,Charge 4
2020-12-26T15:19:38Z,112.0,Charge 4
2020-12-26T15:19:43Z,113.0,Charge 4
2020-12-26T15:19:48Z,115.0,Charge 4
2020-12-26T15:19:58Z,114.0,Charge 4
2020-12-26T15:20:04Z,113.0,Charge 4
2020-12-26T15:20:14Z,112.0,Charge 4
2020-12-26T15:20:19Z,110.0,Charge 4
2020-12-26T15:20:24Z,109.0,Charge 4
2020-12-26T15:20:34Z,111.0,Charge 4
2020-12-26T15:20:39Z,110.0,Charge 4
2020-12-26T15:20:44Z,109.0,Charge 4
2020-12-26T15:20:54Z,108.0,Charge 4
2020-12-26T15:20:59Z,105.0,Charge 4
2020-12-26T15:21:04Z,104.0,Charge 4
2020-12-26T15:21:09Z,107.0,Charge 4
2020-12-26T15:21:14Z,106.0,Charge 4
2020-12-26T15:21:19Z,105.0,Charge 4
2020-12-26T15:21:24Z,104.0,Charge 4
2020-12-26T15:21:29Z,106.0,Charge 4
2020-12-26T15:21:34Z,107.0,Charge 4
2020-12-26T15:21:39Z,106.0,Charge 4
2020-12-26T15:21:44Z,105.0,Charge 4
2020-12-26T15:21:49Z,103.0,Charge 4
2020-12-26T15:21:54Z,100.0,Charge 4
2020-12-26T15:21:59Z,98.0,Charge 4
2020-12-26T15:22:04Z,99.0,Charge 4
2020-12-26T15:22:09Z,101.0,Charge 4
2020-12-26T15:22:14Z,101.0,Charge 4
2020-12-26T15:22:19Z,102.0,Charge 4
2020-12-26T15:22:24Z,103.0,Charge 4
2020-12-26T15:22:29Z,105.0,Charge 4
2020-12-26T15:22:34Z,105.0,Charge 4
2020-12-26T15:22:39Z,103.0,Charge 4
2020-12-26T15:22:44Z,102.0,Charge 4
2020-12-26T15:22:49Z,103.0,Charge 4
2020-12-26T15:22:54Z,104.0,Charge 4
2020-12-26T15:22:59Z,103.0,Charge 4
2020-12-26T15:23:04Z,101.0,Charge 4
2020-12-26T15:23:09Z,102.0,Charge 4
2020-12-26T15:23:14Z,101.0,Charge 4
2020-12-26T15:23:24Z,98.0,Charge 4
2020-12-26T15:23:29Z,93.0,Charge 4
2020-12-26T15:23:34Z,89.0,Charge 4
2020-12-26T15:23:39Z,88.0,Charge 4
2020-12-26T15:23:44Z,89.0,Charge 4
2020-12-26T15:23:49Z,92.0,Charge 4
2020-12-26T15:23:54Z,91.0,Charge 4
2020-12-26T15:24:04Z,92.0,Charge 4
2020-12-26T15:24:09Z,95.0,Charge 4
2020-12-26T15:24:14Z,99.0,Charge 4
2020-12-26T15:24:19Z,100.0,Charge 4
2020-12-26T15:24:24Z,102.0,Charge 4
2020-12-26T15:24:34Z,103.0,Charge 4
2020-12-26T15:24:39Z,105.0,Charge 4
2020-12-26T15:24:44Z,104.0,Charge 4
2020-12-26T15:24:49Z,102.0,Charge 4
2020-12-26T15:24:54Z,98.0,Charge 4
2020-12-26T15:24:59Z,99.0,Charge 4
2020-12-26T15:25:04Z,99.0,Charge 4
2020-12-26T15:25:09Z,98.0,Charge 4
2020-12-26T15:25:24Z,99.0,Charge 4
2020-12-26T15:25:29Z,99.0,Charge 4
2020-12-26T15:25:34Z,100.0,Charge 4
2020-12-26T15:25:44Z,101.0,Charge 4
2020-12-26T15:25:49Z,100.0,Charge 4
2020-12-26T15:25:54Z,97.0,Charge 4
2020-12-26T15:25:59Z,95.0,Charge 4
2020-12-26T15:26:04Z,96.0,Charge 4
2020-12-26T15:26:14Z,98.0,Charge 4
2020-12-26T15:26:24Z,99.0,Charge 4
2020-12-26T15:26:29Z,100.0,Charge 4
2020-12-26T15:26:44Z,100.0,Charge 4
2020-12-26T15:26:49Z,99.0,Charge 4
2020-12-26T15:27:04Z,99.0,Charge 4
2020-12-26T15:27:09Z,102.0,Charge 4
2020-12-26T15:27:14Z,104.0,Charge 4
2020-12-26T15:27:19Z,103.0,Charge 4
2020-12-26T15:27:24Z,105.0,Charge 4
2020-12-26T15:27:29Z,108.0,Charge 4
2020-12-26T15:27:34Z,107.0,Charge 4
2020-12-26T15:27:44Z,103.0,Charge 4
2020-12-26T15:27:49Z,101.0,Charge 4
2020-12-26T15:27:54Z,100.0,Charge 4
2020-12-26T15:27:59Z,97.0,Charge 4
2020-12-26T15:28:05Z,99.0,Charge 4
2020-12-26T15:28:10Z,102.0,Charge 4
2020-12-26T15:28:15Z,103.0,Charge 4
2020-12-26T15:28:20Z,104.0,Charge 4
2020-12-26T15:28:25Z,106.0,Charge 4
2020-12-26T15:28:30Z,107.0,Charge 4
2020-12-26T15:28:35Z,109.0,Charge 4
2020-12-26T15:28:40Z,111.0,Charge 4
2020-12-26T15:28:45Z,113.0,Charge 4
2020-12-26T15:28:50Z,112.0,Charge 4
2020-12-26T15:28:55Z,109.0,Charge 4
2020-12-26T15:29:00Z,112.0,Charge 4
2020-12-26T15:29:05Z,111.0,Charge 4
2020-12-26T15:29:15Z,110.0,Charge 4
2020-12-26T15:29:20Z,111.0,Charge 4
2020-12-26T15:29:25Z,114.0,Charge 4
2020-12-26T15:29:30Z,115.0,Charge 4
2020-12-26T15:29:35Z,116.0,Charge 4
2020-12-26T15:29:40Z,118.0,Charge 4
2020-12-26T15:29:45Z,114.0,Charge 4
2020-12-26T15:29:55Z,116.0,Charge 4
2020-12-26T15:30:00Z,117.0,Charge 4
2020-12-26T15:30:05Z,115.0,Charge 4
2020-12-26T15:30:10Z,112.0,Charge 4
2020-12-26T15:30:15Z,114.0,Charge 4
2020-12-26T15:30:20Z,113.0,Charge 4
2020-12-26T15:30:25Z,114.0,Charge 4
2020-12-26T15:30:30Z,116.0,Charge 4
2020-12-26T15:30:45Z,115.0,Charge 4
2020-12-26T15:30:50Z,111.0,Charge 4
2020-12-26T15:31:05Z,112.0,Charge 4
2020-12-26T15:31:10Z,113.0,Charge 4
2020-12-26T15:31:25Z,109.0,Charge 4
2020-12-26T15:31:30Z,106.0,Charge 4
2020-12-26T15:31:35Z,104.0,Charge 4
2020-12-26T15:31:40Z,102.0,Charge 4
2020-12-26T15:31:45Z,100.0,Charge 4
2020-12-26T15:31:53Z,98.0,Charge 4
2020-12-26T15:31:54Z,99.0,Charge 4
2020-12-26T15:31:55Z,100.0,Charge 4
2020-12-26T15:31:58Z,100.0,Charge 4
2020-12-26T15:32:01Z,101.0,Charge 4
2020-12-26T15:32:04Z,102.0,Charge 4
2020-12-26T15:32:06Z,103.0,Charge 4
2020-12-26T15:32:09Z,103.0,Charge 4
2020-12-26T15:32:12Z,102.0,Charge 4
2020-12-26T15:32:13Z,101.0,Charge 4
2020-12-26T15:32:14Z,100.0,Charge 4
2020-12-26T15:32:17Z,100.0,Charge 4
2020-12-26T15:32:18Z,99.0,Charge 4
2020-12-26T15:32:19Z,98.0,Charge 4
2020-12-26T15:32:21Z,99.0,Charge 4
2020-12-26T15:32:22Z,100.0,Charge 4
2020-12-26T15:32:23Z,102.0,Charge 4
2020-12-26T15:32:24Z,104.0,Charge 4
2020-12-26T15:32:25Z,105.0,Charge 4
2020-12-26T15:32:26Z,106.0,Charge 4
2020-12-26T15:32:27Z,108.0,Charge 4
2020-12-26T15:32:28Z,109.0,Charge 4
2020-12-26T15:32:29Z,110.0,Charge 4
2020-12-26T15:32:30Z,111.0,Charge 4
2020-12-26T15:32:33Z,112.0,Charge 4
2020-12-26T15:32:36Z,112.0,Charge 4
2020-12-26T15:32:38Z,111.0,Charge 4
2020-12-26T15:32:39Z,111.0,Charge 4
2020-12-26T15:32:42Z,111.0,Charge 4
2020-12-26T15:32:45Z,111.0,Charge 4
2020-12-26T15:32:48Z,110.0,Charge 4
2020-12-26T15:32:50Z,109.0,Charge 4
2020-12-26T15:32:52Z,108.0,Charge 4
2020-12-26T15:32:55Z,108.0,Charge 4
2020-12-26T15:32:58Z,108.0,Charge 4
2020-12-26T15:33:01Z,108.0,Charge 4
2020-12-26T15:33:04Z,108.0,Charge 4
2020-12-26T15:33:07Z,108.0,Charge 4
2020-12-26T15:33:10Z,107.0,Charge 4
2020-12-26T15:33:13Z,107.0,Charge 4
2020-12-26T15:33:16Z,108.0,Charge 4
2020-12-26T15:33:17Z,109.0,Charge 4
2020-12-26T15:33:19Z,108.0,Charge 4
2020-12-26T15:33:22Z,108.0,Charge 4
2020-12-26T15:33:25Z,107.0,Charge 4
2020-12-26T15:33:26Z,105.0,Charge 4
2020-12-26T15:33:27Z,103.0,Charge 4
2020-12-26T15:33:30Z,103.0,Charge 4
2020-12-26T15:33:31Z,104.0,Charge 4
2020-12-26T15:33:33Z,105.0,Charge 4
2020-12-26T15:33:36Z,104.0,Charge 4
2020-12-26T15:33:39Z,104.0,Charge 4
2020-12-26T15:33:42Z,105.0,Charge 4
2020-12-26T15:33:43Z,104.0,Charge 4
2020-12-26T15:33:44Z,103.0,Charge 4
2020-12-26T15:33:47Z,103.0,Charge 4
2020-12-26T15:33:49Z,105.0,Charge 4
2020-12-26T15:33:50Z,106.0,Charge 4
2020-12-26T15:33:51Z,107.0,Charge 4
2020-12-26T15:33:52Z,108.0,Charge 4
2020-12-26T15:33:55Z,108.0,Charge 4
2020-12-26T15:33:57Z,107.0,Charge 4
2020-12-26T15:34:00Z,107.0,Charge 4
2020-12-26T15:34:01Z,106.0,Charge 4
2020-12-26T15:34:02Z,107.0,Charge 4
2020-12-26T15:34:03Z,108.0,Charge 4
2020-12-26T15:34:05Z,109.0,Charge 4
2020-12-26T15:34:06Z,110.0,Charge 4
2020-12-26T15:34:07Z,111.0,Charge 4
2020-12-26T15:34:09Z,111.0,Charge 4
2020-12-26T15:34:10Z,110.0,Charge 4
2020-12-26T15:34:11Z,109.0,Charge 4
2020-12-26T15:34:12Z,107.0,Charge 4
2020-12-26T15:34:13Z,106.0,Charge 4
2020-12-26T15:34:14Z,105.0,Charge 4
2020-12-26T15:34:16Z,106.0,Charge 4
2020-12-26T15:34:17Z,107.0,Charge 4
2020-12-26T15:34:20Z,107.0,Charge 4
2020-12-26T15:34:22Z,106.0,Charge 4
2020-12-26T15:34:23Z,107.0,Charge 4
2020-12-26T15:34:25Z,108.0,Charge 4
2020-12-26T15:34:26Z,108.0,Charge 4
2020-12-26T15:34:29Z,108.0,Charge 4
2020-12-26T15:34:31Z,109.0,Charge 4
2020-12-26T15:34:32Z,109.0,Charge 4
2020-12-26T15:34:35Z,109.0,Charge 4
2020-12-26T15:34:36Z,109.0,Charge 4
2020-12-26T15:34:39Z,109.0,Charge 4
2020-12-26T15:34:40Z,110.0,Charge 4
2020-12-26T15:34:43Z,110.0,Charge 4
2020-12-26T15:34:44Z,109.0,Charge 4
2020-12-26T15:34:47Z,110.0,Charge 4
2020-12-26T15:34:48Z,109.0,Charge 4
2020-12-26T15:34:50Z,108.0,Charge 4
2020-12-26T15:34:53Z,107.0,Charge 4
2020-12-26T15:34:54Z,107.0,Charge 4
2020-12-26T15:34:56Z,106.0,Charge 4
2020-12-26T15:34:57Z,105.0,Charge 4
2020-12-26T15:34:58Z,105.0,Charge 4
2020-12-26T15:35:01Z,105.0,Charge 4
2020-12-26T15:35:04Z,105.0,Charge 4
2020-12-26T15:35:07Z,105.0,Charge 4
2020-12-26T15:35:09Z,105.0,Charge 4
2020-12-26T15:35:11Z,106.0,Charge 4
2020-12-26T15:35:13Z,107.0,Charge 4
2020-12-26T15:35:16Z,108.0,Charge 4
2020-12-26T15:35:19Z,107.0,Charge 4
2020-12-26T15:35:21Z,108.0,Charge 4
2020-12-26T15:35:22Z,108.0,Charge 4
2020-12-26T15:35:25Z,108.0,Charge 4
2020-12-26T15:35:28Z,108.0,Charge 4
2020-12-26T15:35:31Z,108.0,Charge 4
2020-12-26T15:35:32Z,109.0,Charge 4
2020-12-26T15:35:34Z,110.0,Charge 4
2020-12-26T15:35:37Z,110.0,Charge 4
2020-12-26T15:35:40Z,110.0,Charge 4
2020-12-26T15:35:41Z,108.0,Charge 4
2020-12-26T15:35:44Z,109.0,Charge 4
2020-12-26T15:35:45Z,109.0,Charge 4
2020-12-26T15:35:48Z,109.0,Charge 4
2020-12-26T15:35:50Z,110.0,Charge 4
2020-12-26T15:35:53Z,111.0,Charge 4
2020-12-26T15:35:54Z,112.0,Charge 4
2020-12-26T15:35:57Z,113.0,Charge 4
2020-12-26T15:36:00Z,113.0,Charge 4
2020-12-26T15:36:03Z,112.0,Charge 4
2020-12-26T15:36:04Z,113.0,Charge 4
2020-12-26T15:36:05Z,114.0,Charge 4
2020-12-26T15:36:06Z,115.0,Charge 4
2020-12-26T15:36:07Z,116.0,Charge 4
2020-12-26T15:36:08Z,117.0,Charge 4
2020-12-26T15:36:09Z,118.0,Charge 4
2020-12-26T15:36:10Z,119.0,Charge 4
2020-12-26T15:36:11Z,120.0,Charge 4
2020-12-26T15:36:12Z,121.0,Charge 4
2020-12-26T15:36:13Z,121.0,Charge 4
2020-12-26T15:36:14Z,120.0,Charge 4
2020-12-26T15:36:15Z,118.0,Charge 4
2020-12-26T15:36:18Z,118.0,Charge 4
2020-12-26T15:36:19Z,118.0,Charge 4
2020-12-26T15:36:22Z,118.0,Charge 4
2020-12-26T15:36:24Z,117.0,Charge 4
2020-12-26T15:36:25Z,116.0,Charge 4
2020-12-26T15:36:26Z,114.0,Charge 4
2020-12-26T15:36:27Z,113.0,Charge 4
2020-12-26T15:36:28Z,112.0,Charge 4
2020-12-26T15:36:29Z,111.0,Charge 4
2020-12-26T15:36:30Z,110.0,Charge 4
2020-12-26T15:36:31Z,109.0,Charge 4
2020-12-26T15:36:32Z,108.0,Charge 4
2020-12-26T15:36:33Z,107.0,Charge 4
2020-12-26T15:36:36Z,107.0,Charge 4
2020-12-26T15:36:38Z,108.0,Charge 4
2020-12-26T15:36:41Z,109.0,Charge 4
2020-12-26T15:36:44Z,109.0,Charge 4
2020-12-26T15:36:47Z,109.0,Charge 4
2020-12-26T15:36:48Z,108.0,Charge 4
2020-12-26T15:36:49Z,109.0,Charge 4
2020-12-26T15:36:52Z,109.0,Charge 4
2020-12-26T15:36:55Z,109.0,Charge 4
2020-12-26T15:36:56Z,108.0,Charge 4
2020-12-26T15:36:59Z,108.0,Charge 4
2020-12-26T15:37:00Z,108.0,Charge 4
2020-12-26T15:37:03Z,108.0,Charge 4
2020-12-26T15:37:04Z,109.0,Charge 4
2020-12-26T15:37:05Z,108.0,Charge 4
2020-12-26T15:37:07Z,109.0,Charge 4
2020-12-26T15:37:10Z,111.0,Charge 4
2020-12-26T15:37:12Z,112.0,Charge 4
2020-12-26T15:37:15Z,112.0,Charge 4
2020-12-26T15:37:18Z,112.0,Charge 4
2020-12-26T15:37:21Z,112.0,Charge 4
2020-12-26T15:37:24Z,112.0,Charge 4
2020-12-26T15:37:25Z,111.0,Charge 4
2020-12-26T15:37:26Z,110.0,Charge 4
2020-12-26T15:37:27Z,111.0,Charge 4
2020-12-26T15:37:28Z,112.0,Charge 4
2020-12-26T15:37:29Z,113.0,Charge 4
2020-12-26T15:37:30Z,112.0,Charge 4
2020-12-26T15:37:32Z,111.0,Charge 4
2020-12-26T15:37:35Z,111.0,Charge 4
2020-12-26T15:37:38Z,110.0,Charge 4
2020-12-26T15:37:41Z,110.0,Charge 4
2020-12-26T15:37:42Z,110.0,Charge 4
2020-12-26T15:37:43Z,111.0,Charge 4
2020-12-26T15:37:45Z,112.0,Charge 4
2020-12-26T15:37:46Z,113.0,Charge 4
2020-12-26T15:37:48Z,112.0,Charge 4
2020-12-26T15:37:49Z,111.0,Charge 4
2020-12-26T15:37:50Z,109.0,Charge 4
2020-12-26T15:37:51Z,107.0,Charge 4
2020-12-26T15:37:52Z,105.0,Charge 4
2020-12-26T15:37:53Z,103.0,Charge 4
2020-12-26T15:37:54Z,101.0,Charge 4
2020-12-26T15:37:55Z,99.0,Charge 4
2020-12-26T15:37:56Z,97.0,Charge 4
2020-12-26T15:37:57Z,95.0,Charge 4
2020-12-26T15:37:58Z,94.0,Charge 4
2020-12-26T15:38:01Z,94.0,Charge 4
2020-12-26T15:38:02Z,95.0,Charge 4
2020-12-26T15:38:03Z,94.0,Charge 4
2020-12-26T15:38:05Z,93.0,Charge 4
2020-12-26T15:38:07Z,94.0,Charge 4
2020-12-26T15:38:09Z,95.0,Charge 4
2020-12-26T15:38:10Z,97.0,Charge 4
2020-12-26T15:38:11Z,99.0,Charge 4
2020-12-26T15:38:12Z,100.0,Charge 4
2020-12-26T15:38:15Z,99.0,Charge 4
2020-12-26T15:38:16Z,100.0,Charge 4
2020-12-26T15:38:18Z,100.0,Charge 4
2020-12-26T15:38:19Z,101.0,Charge 4
2020-12-26T15:38:22Z,101.0,Charge 4
2020-12-26T15:38:24Z,100.0,Charge 4
2020-12-26T15:38:27Z,101.0,Charge 4
2020-12-26T15:38:30Z,101.0,Charge 4
2020-12-26T15:38:32Z,102.0,Charge 4
2020-12-26T15:38:33Z,101.0,Charge 4
2020-12-26T15:38:36Z,101.0,Charge 4
2020-12-26T15:38:38Z,102.0,Charge 4
2020-12-26T15:38:40Z,103.0,Charge 4
2020-12-26T15:38:43Z,104.0,Charge 4
2020-12-26T15:38:45Z,105.0,Charge 4
2020-12-26T15:38:47Z,106.0,Charge 4
2020-12-26T15:38:50Z,106.0,Charge 4
2020-12-26T15:38:51Z,105.0,Charge 4
2020-12-26T15:38:54Z,105.0,Charge 4
2020-12-26T15:38:55Z,106.0,Charge 4
2020-12-26T15:38:58Z,106.0,Charge 4
2020-12-26T15:39:00Z,105.0,Charge 4
2020-12-26T15:39:03Z,105.0,Charge 4
2020-12-26T15:39:04Z,106.0,Charge 4
2020-12-26T15:39:05Z,107.0,Charge 4
2020-12-26T15:39:06Z,108.0,Charge 4
2020-12-26T15:39:07Z,109.0,Charge 4
2020-12-26T15:39:08Z,110.0,Charge 4
2020-12-26T15:39:09Z,111.0,Charge 4
2020-12-26T15:39:10Z,110.0,Charge 4
2020-12-26T15:39:12Z,111.0,Charge 4
2020-12-26T15:39:13Z,112.0,Charge 4
2020-12-26T15:39:16Z,112.0,Charge 4
2020-12-26T15:39:19Z,111.0,Charge 4
2020-12-26T15:39:21Z,110.0,Charge 4
2020-12-26T15:39:23Z,111.0,Charge 4
2020-12-26T15:39:24Z,112.0,Charge 4
2020-12-26T15:39:25Z,113.0,Charge 4
2020-12-26T15:39:26Z,112.0,Charge 4
2020-12-26T15:39:27Z,113.0,Charge 4
2020-12-26T15:39:28Z,112.0,Charge 4
2020-12-26T15:39:30Z,113.0,Charge 4
2020-12-26T15:39:33Z,112.0,Charge 4
2020-12-26T15:39:35Z,111.0,Charge 4
2020-12-26T15:39:38Z,111.0,Charge 4
2020-12-26T15:39:39Z,110.0,Charge 4
2020-12-26T15:39:40Z,109.0,Charge 4
2020-12-26T15:39:41Z,108.0,Charge 4
2020-12-26T15:39:44Z,108.0,Charge 4
2020-12-26T15:39:45Z,109.0,Charge 4
2020-12-26T15:39:46Z,109.0,Charge 4
2020-12-26T15:39:49Z,108.0,Charge 4
2020-12-26T15:39:52Z,108.0,Charge 4
2020-12-26T15:39:55Z,108.0,Charge 4
2020-12-26T15:39:57Z,109.0,Charge 4
2020-12-26T15:39:59Z,108.0,Charge 4
2020-12-26T15:40:02Z,109.0,Charge 4
2020-12-26T15:40:03Z,108.0,Charge 4
2020-12-26T15:40:04Z,107.0,Charge 4
2020-12-26T15:40:05Z,106.0,Charge 4
2020-12-26T15:40:06Z,105.0,Charge 4
2020-12-26T15:40:09Z,105.0,Charge 4
2020-12-26T15:40:12Z,105.0,Charge 4
2020-12-26T15:40:13Z,104.0,Charge 4
2020-12-26T15:40:16Z,103.0,Charge 4
2020-12-26T15:40:19Z,103.0,Charge 4
2020-12-26T15:40:22Z,103.0,Charge 4
2020-12-26T15:40:25Z,103.0,Charge 4
2020-12-26T15:40:28Z,103.0,Charge 4
2020-12-26T15:40:31Z,103.0,Charge 4
2020-12-26T15:40:33Z,104.0,Charge 4
2020-12-26T15:40:35Z,105.0,Charge 4
2020-12-26T15:40:36Z,106.0,Charge 4
2020-12-26T15:40:37Z,107.0,Charge 4
2020-12-26T15:40:40Z,107.0,Charge 4
2020-12-26T15:40:41Z,106.0,Charge 4
2020-12-26T15:40:44Z,106.0,Charge 4
2020-12-26T15:40:47Z,106.0,Charge 4
2020-12-26T15:40:50Z,106.0,Charge 4
2020-12-26T15:40:52Z,107.0,Charge 4
2020-12-26T15:40:54Z,108.0,Charge 4
2020-12-26T15:40:57Z,109.0,Charge 4
2020-12-26T15:41:00Z,110.0,Charge 4
2020-12-26T15:41:03Z,110.0,Charge 4
2020-12-26T15:41:05Z,109.0,Charge 4
2020-12-26T15:41:07Z,108.0,Charge 4
2020-12-26T15:41:08Z,107.0,Charge 4
2020-12-26T15:41:09Z,105.0,Charge 4
2020-12-26T15:41:10Z,104.0,Charge 4
2020-12-26T15:41:13Z,104.0,Charge 4
2020-12-26T15:41:14Z,105.0,Charge 4
2020-12-26T15:41:17Z,106.0,Charge 4
2020-12-26T15:41:19Z,107.0,Charge 4
2020-12-26T15:41:21Z,108.0,Charge 4
2020-12-26T15:41:24Z,108.0,Charge 4
2020-12-26T15:41:27Z,108.0,Charge 4
2020-12-26T15:41:30Z,109.0,Charge 4
2020-12-26T15:41:31Z,110.0,Charge 4
2020-12-26T15:41:34Z,111.0,Charge 4
2020-12-26T15:41:35Z,112.0,Charge 4
2020-12-26T15:41:36Z,113.0,Charge 4
2020-12-26T15:41:39Z,113.0,Charge 4
2020-12-26T15:41:42Z,113.0,Charge 4
2020-12-26T15:41:43Z,112.0,Charge 4
2020-12-26T15:41:45Z,113.0,Charge 4
2020-12-26T15:41:46Z,114.0,Charge 4
2020-12-26T15:41:49Z,114.0,Charge 4
2020-12-26T15:41:51Z,115.0,Charge 4
2020-12-26T15:41:53Z,116.0,Charge 4
2020-12-26T15:41:55Z,115.0,Charge 4
2020-12-26T15:41:57Z,116.0,Charge 4
2020-12-26T15:41:58Z,115.0,Charge 4
2020-12-26T15:41:59Z,114.0,Charge 4
2020-12-26T15:42:00Z,113.0,Charge 4
2020-12-26T15:42:01Z,114.0,Charge 4
2020-12-26T15:42:02Z,114.0,Charge 4
2020-12-26T15:42:05Z,113.0,Charge 4
2020-12-26T15:42:06Z,113.0,Charge 4
2020-12-26T15:42:09Z,113.0,Charge 4
2020-12-26T15:42:10Z,114.0,Charge 4
2020-12-26T15:42:11Z,115.0,Charge 4
2020-12-26T15:42:14Z,114.0,Charge 4
2020-12-26T15:42:15Z,112.0,Charge 4
2020-12-26T15:42:16Z,113.0,Charge 4
2020-12-26T15:42:19Z,114.0,Charge 4
2020-12-26T15:42:20Z,115.0,Charge 4
2020-12-26T15:42:22Z,114.0,Charge 4
2020-12-26T15:42:23Z,113.0,Charge 4
2020-12-26T15:42:26Z,113.0,Charge 4
2020-12-26T15:42:27Z,114.0,Charge 4
2020-12-26T15:42:29Z,115.0,Charge 4
2020-12-26T15:42:31Z,115.0,Charge 4
2020-12-26T15:42:34Z,115.0,Charge 4
2020-12-26T15:42:37Z,115.0,Charge 4
2020-12-26T15:42:40Z,115.0,Charge 4
2020-12-26T15:42:41Z,115.0,Charge 4
2020-12-26T15:42:42Z,114.0,Charge 4
2020-12-26T15:42:44Z,113.0,Charge 4
2020-12-26T15:42:47Z,112.0,Charge 4
2020-12-26T15:42:48Z,113.0,Charge 4
2020-12-26T15:42:51Z,113.0,Charge 4
2020-12-26T15:42:52Z,112.0,Charge 4
2020-12-26T15:42:53Z,111.0,Charge 4
2020-12-26T15:42:55Z,110.0,Charge 4
2020-12-26T15:42:56Z,109.0,Charge 4
2020-12-26T15:42:58Z,110.0,Charge 4
2020-12-26T15:42:59Z,111.0,Charge 4
2020-12-26T15:43:02Z,111.0,Charge 4
2020-12-26T15:43:04Z,112.0,Charge 4
2020-12-26T15:43:07Z,112.0,Charge 4
2020-12-26T15:43:10Z,112.0,Charge 4
2020-12-26T15:43:13Z,112.0,Charge 4
2020-12-26T15:43:14Z,111.0,Charge 4
2020-12-26T15:43:15Z,110.0,Charge 4
2020-12-26T15:43:16Z,109.0,Charge 4
2020-12-26T15:43:19Z,110.0,Charge 4
2020-12-26T15:43:22Z,110.0,Charge 4
2020-12-26T15:43:25Z,111.0,Charge 4
2020-12-26T15:43:26Z,112.0,Charge 4
2020-12-26T15:43:27Z,113.0,Charge 4
2020-12-26T15:43:28Z,114.0,Charge 4
2020-12-26T15:43:30Z,113.0,Charge 4
2020-12-26T15:43:32Z,112.0,Charge 4
2020-12-26T15:43:33Z,111.0,Charge 4
2020-12-26T15:43:36Z,110.0,Charge 4
2020-12-26T15:43:38Z,109.0,Charge 4
2020-12-26T15:43:39Z,108.0,Charge 4
2020-12-26T15:43:40Z,107.0,Charge 4
2020-12-26T15:43:41Z,106.0,Charge 4
2020-12-26T15:43:44Z,106.0,Charge 4
2020-12-26T15:43:47Z,106.0,Charge 4
2020-12-26T15:43:48Z,106.0,Charge 4
2020-12-26T15:43:51Z,106.0,Charge 4
2020-12-26T15:43:52Z,105.0,Charge 4
2020-12-26T15:43:54Z,104.0,Charge 4
2020-12-26T15:43:55Z,103.0,Charge 4
2020-12-26T15:43:56Z,102.0,Charge 4
2020-12-26T15:43:59Z,102.0,Charge 4
2020-12-26T15:44:02Z,102.0,Charge 4
2020-12-26T15:44:05Z,102.0,Charge 4
2020-12-26T15:44:06Z,100.0,Charge 4
2020-12-26T15:44:08Z,99.0,Charge 4
2020-12-26T15:44:11Z,99.0,Charge 4
2020-12-26T15:44:14Z,99.0,Charge 4
2020-12-26T15:44:17Z,101.0,Charge 4
2020-12-26T15:44:20Z,101.0,Charge 4
2020-12-26T15:44:23Z,101.0,Charge 4
2020-12-26T15:44:26Z,102.0,Charge 4
2020-12-26T15:44:29Z,103.0,Charge 4
2020-12-26T15:44:31Z,105.0,Charge 4
2020-12-26T15:44:33Z,106.0,Charge 4
2020-12-26T15:44:34Z,105.0,Charge 4
2020-12-26T15:44:37Z,105.0,Charge 4
2020-12-26T15:44:40Z,104.0,Charge 4
2020-12-26T15:44:43Z,104.0,Charge 4
2020-12-26T15:44:45Z,105.0,Charge 4
2020-12-26T15:44:46Z,106.0,Charge 4
2020-12-26T15:44:48Z,107.0,Charge 4
2020-12-26T15:44:49Z,107.0,Charge 4
2020-12-26T15:44:52Z,107.0,Charge 4
2020-12-26T15:44:55Z,107.0,Charge 4
2020-12-26T15:44:56Z,108.0,Charge 4
2020-12-26T15:44:59Z,108.0,Charge 4
2020-12-26T15:45:00Z,107.0,Charge 4
2020-12-26T15:45:01Z,106.0,Charge 4
2020-12-26T15:45:04Z,106.0,Charge 4
2020-12-26T15:45:05Z,107.0,Charge 4
2020-12-26T15:45:06Z,108.0,Charge 4
2020-12-26T15:45:09Z,107.0,Charge 4
2020-12-26T15:45:12Z,107.0,Charge 4
2020-12-26T15:45:13Z,106.0,Charge 4
2020-12-26T15:45:15Z,105.0,Charge 4
2020-12-26T15:45:16Z,104.0,Charge 4
2020-12-26T15:45:17Z,103.0,Charge 4
2020-12-26T15:45:18Z,102.0,Charge 4
2020-12-26T15:45:19Z,101.0,Charge 4
2020-12-26T15:45:20Z,100.0,Charge 4
2020-12-26T15:45:21Z,99.0,Charge 4
2020-12-26T15:45:22Z,99.0,Charge 4
2020-12-26T15:45:23Z,99.0,Charge 4
2020-12-26T15:45:24Z,100.0,Charge 4
2020-12-26T15:45:25Z,101.0,Charge 4
2020-12-26T15:45:26Z,100.0,Charge 4
2020-12-26T15:45:27Z,99.0,Charge 4
2020-12-26T15:45:28Z,98.0,Charge 4
2020-12-26T15:45:29Z,97.0,Charge 4
2020-12-26T15:45:30Z,98.0,Charge 4
2020-12-26T15:45:33Z,99.0,Charge 4
2020-12-26T15:45:35Z,99.0,Charge 4
2020-12-26T15:45:36Z,100.0,Charge 4
2020-12-26T15:45:37Z,101.0,Charge 4
2020-12-26T15:45:38Z,101.0,Charge 4
2020-12-26T15:45:41Z,100.0,Charge 4
2020-12-26T15:45:43Z,101.0,Charge 4
2020-12-26T15:45:46Z,101.0,Charge 4
2020-12-26T15:45:47Z,102.0,Charge 4
2020-12-26T15:45:49Z,103.0,Charge 4
2020-12-26T15:45:50Z,104.0,Charge 4
2020-12-26T15:45:53Z,105.0,Charge 4
2020-12-26T15:45:55Z,104.0,Charge 4
2020-12-26T15:45:56Z,103.0,Charge 4
2020-12-26T15:45:59Z,103.0,Charge 4
2020-12-26T15:46:02Z,103.0,Charge 4
2020-12-26T15:46:03Z,104.0,Charge 4
2020-12-26T15:46:05Z,105.0,Charge 4
2020-12-26T15:46:06Z,106.0,Charge 4
2020-12-26T15:46:07Z,107.0,Charge 4
2020-12-26T15:46:08Z,108.0,Charge 4
2020-12-26T15:46:11Z,108.0,Charge 4
2020-12-26T15:46:14Z,107.0,Charge 4
2020-12-26T15:46:17Z,107.0,Charge 4
2020-12-26T15:46:20Z,106.0,Charge 4
2020-12-26T15:46:21Z,106.0,Charge 4
2020-12-26T15:46:22Z,105.0,Charge 4
2020-12-26T15:46:23Z,104.0,Charge 4
2020-12-26T15:46:25Z,105.0,Charge 4
2020-12-26T15:46:26Z,106.0,Charge 4
2020-12-26T15:46:29Z,106.0,Charge 4
2020-12-26T15:46:32Z,107.0,Charge 4
2020-12-26T15:46:35Z,107.0,Charge 4
2020-12-26T15:46:36Z,106.0,Charge 4
2020-12-26T15:46:37Z,105.0,Charge 4
2020-12-26T15:46:40Z,105.0,Charge 4
2020-12-26T15:46:42Z,106.0,Charge 4
2020-12-26T15:46:45Z,106.0,Charge 4
2020-12-26T15:46:47Z,105.0,Charge 4
2020-12-26T15:46:50Z,105.0,Charge 4
2020-12-26T15:46:53Z,104.0,Charge 4
2020-12-26T15:46:56Z,104.0,Charge 4
2020-12-26T15:46:59Z,104.0,Charge 4
2020-12-26T15:47:02Z,104.0,Charge 4
2020-12-26T15:47:05Z,104.0,Charge 4
2020-12-26T15:47:06Z,105.0,Charge 4
2020-12-26T15:47:08Z,104.0,Charge 4
2020-12-26T15:47:10Z,103.0,Charge 4
2020-12-26T15:47:12Z,102.0,Charge 4
2020-12-26T15:47:14Z,102.0,Charge 4
2020-12-26T15:47:15Z,102.0,Charge 4
2020-12-26T15:47:17Z,101.0,Charge 4
2020-12-26T15:47:18Z,101.0,Charge 4
2020-12-26T15:47:19Z,100.0,Charge 4
2020-12-26T15:47:21Z,99.0,Charge 4
2020-12-26T15:47:24Z,100.0,Charge 4
2020-12-26T15:47:27Z,101.0,Charge 4
2020-12-26T15:47:28Z,100.0,Charge 4
2020-12-26T15:47:29Z,99.0,Charge 4
2020-12-26T15:47:30Z,98.0,Charge 4
2020-12-26T15:47:31Z,97.0,Charge 4
2020-12-26T15:47:33Z,96.0,Charge 4
2020-12-26T15:47:34Z,95.0,Charge 4
2020-12-26T15:47:37Z,94.0,Charge 4
2020-12-26T15:47:38Z,95.0,Charge 4
2020-12-26T15:47:40Z,96.0,Charge 4
2020-12-26T15:47:42Z,97.0,Charge 4
2020-12-26T15:47:45Z,97.0,Charge 4
2020-12-26T15:47:48Z,97.0,Charge 4
2020-12-26T15:47:49Z,98.0,Charge 4
2020-12-26T15:47:51Z,99.0,Charge 4
2020-12-26T15:47:54Z,98.0,Charge 4
2020-12-26T15:47:57Z,100.0,Charge 4
2020-12-26T15:47:58Z,101.0,Charge 4
2020-12-26T15:48:01Z,101.0,Charge 4
2020-12-26T15:48:02Z,100.0,Charge 4
2020-12-26T15:48:05Z,100.0,Charge 4
2020-12-26T15:48:06Z,101.0,Charge 4
2020-12-26T15:48:08Z,100.0,Charge 4
2020-12-26T15:48:09Z,100.0,Charge 4
2020-12-26T15:48:11Z,98.0,Charge 4
2020-12-26T15:48:12Z,96.0,Charge 4
2020-12-26T15:48:14Z,97.0,Charge 4
2020-12-26T15:48:15Z,98.0,Charge 4
2020-12-26T15:48:18Z,98.0,Charge 4
2020-12-26T15:48:21Z,98.0,Charge 4
2020-12-26T15:48:24Z,98.0,Charge 4
2020-12-26T15:48:27Z,98.0,Charge 4
2020-12-26T15:48:28Z,101.0,Charge 4
2020-12-26T15:48:29Z,103.0,Charge 4
2020-12-26T15:48:30Z,105.0,Charge 4
2020-12-26T15:48:31Z,107.0,Charge 4
2020-12-26T15:48:32Z,109.0,Charge 4
2020-12-26T15:48:33Z,111.0,Charge 4
2020-12-26T15:48:36Z,112.0,Charge 4
2020-12-26T15:48:37Z,113.0,Charge 4
2020-12-26T15:48:40Z,114.0,Charge 4
2020-12-26T15:48:41Z,113.0,Charge 4
2020-12-26T15:48:43Z,112.0,Charge 4
2020-12-26T15:48:46Z,111.0,Charge 4
2020-12-26T15:48:48Z,110.0,Charge 4
2020-12-26T15:48:51Z,110.0,Charge 4
2020-12-26T15:48:54Z,110.0,Charge 4
2020-12-26T15:48:55Z,109.0,Charge 4
2020-12-26T15:48:58Z,109.0,Charge 4
2020-12-26T15:49:01Z,109.0,Charge 4
2020-12-26T15:49:02Z,109.0,Charge 4
2020-12-26T15:49:05Z,109.0,Charge 4
2020-12-26T15:49:08Z,109.0,Charge 4
2020-12-26T15:49:10Z,108.0,Charge 4
2020-12-26T15:49:13Z,107.0,Charge 4
2020-12-26T15:49:16Z,107.0,Charge 4
2020-12-26T15:49:17Z,108.0,Charge 4
2020-12-26T15:49:19Z,109.0,Charge 4
2020-12-26T15:49:22Z,109.0,Charge 4
2020-12-26T15:49:25Z,109.0,Charge 4
2020-12-26T15:49:28Z,109.0,Charge 4
2020-12-26T15:49:30Z,110.0,Charge 4
2020-12-26T15:49:31Z,109.0,Charge 4
2020-12-26T15:49:32Z,108.0,Charge 4
2020-12-26T15:49:33Z,107.0,Charge 4
2020-12-26T15:49:35Z,106.0,Charge 4
2020-12-26T15:49:38Z,106.0,Charge 4
2020-12-26T15:49:40Z,105.0,Charge 4
2020-12-26T15:49:41Z,106.0,Charge 4
2020-12-26T15:49:44Z,106.0,Charge 4
2020-12-26T15:49:46Z,107.0,Charge 4
2020-12-26T15:49:47Z,108.0,Charge 4
2020-12-26T15:49:49Z,107.0,Charge 4
2020-12-26T15:49:50Z,106.0,Charge 4
2020-12-26T15:49:51Z,105.0,Charge 4
2020-12-26T15:49:54Z,105.0,Charge 4
2020-12-26T15:49:57Z,105.0,Charge 4
2020-12-26T15:49:58Z,105.0,Charge 4
2020-12-26T15:50:01Z,105.0,Charge 4
2020-12-26T15:50:04Z,105.0,Charge 4
2020-12-26T15:50:07Z,105.0,Charge 4
2020-12-26T15:50:10Z,105.0,Charge 4
2020-12-26T15:50:11Z,106.0,Charge 4
2020-12-26T15:50:13Z,107.0,Charge 4
2020-12-26T15:50:14Z,108.0,Charge 4
2020-12-26T15:50:17Z,108.0,Charge 4
2020-12-26T15:50:18Z,107.0,Charge 4
2020-12-26T15:50:19Z,106.0,Charge 4
2020-12-26T15:50:20Z,104.0,Charge 4
2020-12-26T15:50:21Z,103.0,Charge 4
2020-12-26T15:50:22Z,102.0,Charge 4
2020-12-26T15:50:23Z,101.0,Charge 4
2020-12-26T15:50:25Z,100.0,Charge 4
2020-12-26T15:50:26Z,99.0,Charge 4
2020-12-26T15:50:27Z,97.0,Charge 4
2020-12-26T15:50:28Z,96.0,Charge 4
2020-12-26T15:50:29Z,95.0,Charge 4
2020-12-26T15:50:31Z,95.0,Charge 4
2020-12-26T15:50:32Z,96.0,Charge 4
2020-12-26T15:50:34Z,98.0,Charge 4
2020-12-26T15:50:36Z,96.0,Charge 4
2020-12-26T15:50:37Z,95.0,Charge 4
2020-12-26T15:50:38Z,94.0,Charge 4
2020-12-26T15:50:39Z,93.0,Charge 4
2020-12-26T15:50:40Z,93.0,Charge 4
2020-12-26T15:50:41Z,92.0,Charge 4
2020-12-26T15:50:43Z,93.0,Charge 4
2020-12-26T15:50:45Z,94.0,Charge 4
2020-12-26T15:50:47Z,95.0,Charge 4
2020-12-26T15:50:49Z,96.0,Charge 4
2020-12-26T15:50:50Z,97.0,Charge 4
2020-12-26T15:50:53Z,98.0,Charge 4
2020-12-26T15:50:56Z,98.0,Charge 4
2020-12-26T15:50:59Z,98.0,Charge 4
2020-12-26T15:51:00Z,97.0,Charge 4
2020-12-26T15:51:03Z,97.0,Charge 4
2020-12-26T15:51:04Z,96.0,Charge 4
2020-12-26T15:51:07Z,96.0,Charge 4
2020-12-26T15:51:10Z,96.0,Charge 4
2020-12-26T15:51:11Z,97.0,Charge 4
2020-12-26T15:51:12Z,98.0,Charge 4
2020-12-26T15:51:13Z,100.0,Charge 4
2020-12-26T15:51:14Z,100.0,Charge 4
2020-12-26T15:51:17Z,100.0,Charge 4
2020-12-26T15:51:19Z,101.0,Charge 4
2020-12-26T15:51:20Z,102.0,Charge 4
2020-12-26T15:51:23Z,102.0,Charge 4
2020-12-26T15:51:26Z,102.0,Charge 4
2020-12-26T15:51:29Z,102.0,Charge 4
2020-12-26T15:51:32Z,102.0,Charge 4
2020-12-26T15:51:35Z,102.0,Charge 4
2020-12-26T15:51:36Z,102.0,Charge 4
2020-12-26T15:51:38Z,101.0,Charge 4
2020-12-26T15:51:41Z,101.0,Charge 4
2020-12-26T15:51:42Z,101.0,Charge 4
2020-12-26T15:51:45Z,100.0,Charge 4
2020-12-26T15:51:48Z,100.0,Charge 4
2020-12-26T15:51:51Z,100.0,Charge 4
2020-12-26T15:51:52Z,101.0,Charge 4
2020-12-26T15:51:53Z,102.0,Charge 4
2020-12-26T15:51:56Z,102.0,Charge 4
2020-12-26T15:51:58Z,102.0,Charge 4
2020-12-26T15:52:01Z,102.0,Charge 4
2020-12-26T15:52:04Z,103.0,Charge 4
2020-12-26T15:52:06Z,102.0,Charge 4
2020-12-26T15:52:09Z,102.0,Charge 4
2020-12-26T15:52:10Z,103.0,Charge 4
2020-12-26T15:52:11Z,104.0,Charge 4
2020-12-26T15:52:12Z,105.0,Charge 4
2020-12-26T15:52:15Z,105.0,Charge 4
2020-12-26T15:52:17Z,104.0,Charge 4
2020-12-26T15:52:18Z,104.0,Charge 4
2020-12-26T15:52:19Z,105.0,Charge 4
2020-12-26T15:52:20Z,104.0,Charge 4
2020-12-26T15:52:22Z,103.0,Charge 4
2020-12-26T15:52:23Z,102.0,Charge 4
2020-12-26T15:52:24Z,101.0,Charge 4
2020-12-26T15:52:26Z,102.0,Charge 4
2020-12-26T15:52:27Z,101.0,Charge 4
2020-12-26T15:52:28Z,102.0,Charge 4
2020-12-26T15:52:31Z,102.0,Charge 4
2020-12-26T15:52:34Z,102.0,Charge 4
2020-12-26T15:52:35Z,103.0,Charge 4
2020-12-26T15:52:38Z,103.0,Charge 4
2020-12-26T15:52:40Z,102.0,Charge 4
2020-12-26T15:52:41Z,101.0,Charge 4
2020-12-26T15:52:43Z,100.0,Charge 4
2020-12-26T15:52:46Z,100.0,Charge 4
2020-12-26T15:52:49Z,100.0,Charge 4
2020-12-26T15:52:50Z,101.0,Charge 4
2020-12-26T15:52:53Z,101.0,Charge 4
2020-12-26T15:52:56Z,101.0,Charge 4
2020-12-26T15:52:59Z,100.0,Charge 4
2020-12-26T15:53:01Z,99.0,Charge 4
2020-12-26T15:53:04Z,99.0,Charge 4
2020-12-26T15:53:06Z,99.0,Charge 4
2020-12-26T15:53:08Z,100.0,Charge 4
2020-12-26T15:53:10Z,101.0,Charge 4
2020-12-26T15:53:13Z,101.0,Charge 4
2020-12-26T15:53:14Z,102.0,Charge 4
2020-12-26T15:53:16Z,103.0,Charge 4
2020-12-26T15:53:17Z,102.0,Charge 4
2020-12-26T15:53:20Z,101.0,Charge 4
2020-12-26T15:53:22Z,100.0,Charge 4
2020-12-26T15:53:23Z,99.0,Charge 4
2020-12-26T15:53:24Z,98.0,Charge 4
2020-12-26T15:53:25Z,97.0,Charge 4
2020-12-26T15:53:27Z,98.0,Charge 4
2020-12-26T15:53:28Z,99.0,Charge 4
2020-12-26T15:53:30Z,100.0,Charge 4
2020-12-26T15:53:31Z,101.0,Charge 4
2020-12-26T15:53:32Z,103.0,Charge 4
2020-12-26T15:53:33Z,104.0,Charge 4
2020-12-26T15:53:34Z,105.0,Charge 4
2020-12-26T15:53:35Z,107.0,Charge 4
2020-12-26T15:53:36Z,110.0,Charge 4
2020-12-26T15:53:37Z,112.0,Charge 4
2020-12-26T15:53:38Z,114.0,Charge 4
2020-12-26T15:53:39Z,115.0,Charge 4
2020-12-26T15:53:41Z,114.0,Charge 4
2020-12-26T15:53:42Z,113.0,Charge 4
2020-12-26T15:53:44Z,112.0,Charge 4
2020-12-26T15:53:45Z,111.0,Charge 4
2020-12-26T15:53:48Z,111.0,Charge 4
2020-12-26T15:53:49Z,112.0,Charge 4
2020-12-26T15:53:50Z,112.0,Charge 4
2020-12-26T15:53:53Z,112.0,Charge 4
2020-12-26T15:53:55Z,111.0,Charge 4
2020-12-26T15:53:57Z,110.0,Charge 4
2020-12-26T15:54:00Z,110.0,Charge 4
2020-12-26T15:54:03Z,110.0,Charge 4
2020-12-26T15:54:06Z,110.0,Charge 4
2020-12-26T15:54:07Z,111.0,Charge 4
2020-12-26T15:54:10Z,111.0,Charge 4
2020-12-26T15:54:13Z,111.0,Charge 4
2020-12-26T15:54:16Z,112.0,Charge 4
2020-12-26T15:54:19Z,112.0,Charge 4
2020-12-26T15:54:21Z,113.0,Charge 4
2020-12-26T15:54:23Z,114.0,Charge 4
2020-12-26T15:54:24Z,113.0,Charge 4
2020-12-26T15:54:25Z,112.0,Charge 4
2020-12-26T15:54:28Z,112.0,Charge 4
2020-12-26T15:54:31Z,112.0,Charge 4
2020-12-26T15:54:34Z,112.0,Charge 4
2020-12-26T15:54:37Z,113.0,Charge 4
2020-12-26T15:54:40Z,113.0,Charge 4
2020-12-26T15:54:43Z,112.0,Charge 4
2020-12-26T15:54:45Z,111.0,Charge 4
2020-12-26T15:54:47Z,110.0,Charge 4
2020-12-26T15:54:48Z,109.0,Charge 4
2020-12-26T15:54:51Z,109.0,Charge 4
2020-12-26T15:54:52Z,108.0,Charge 4
2020-12-26T15:54:53Z,107.0,Charge 4
2020-12-26T15:54:55Z,106.0,Charge 4
2020-12-26T15:54:56Z,105.0,Charge 4
2020-12-26T15:54:57Z,104.0,Charge 4
2020-12-26T15:55:00Z,104.0,Charge 4
2020-12-26T15:55:01Z,105.0,Charge 4
2020-12-26T15:55:02Z,107.0,Charge 4
2020-12-26T15:55:03Z,106.0,Charge 4
2020-12-26T15:55:04Z,106.0,Charge 4
2020-12-26T15:55:07Z,106.0,Charge 4
2020-12-26T15:55:08Z,107.0,Charge 4
2020-12-26T15:55:09Z,108.0,Charge 4
2020-12-26T15:55:11Z,109.0,Charge 4
2020-12-26T15:55:12Z,110.0,Charge 4
2020-12-26T15:55:13Z,111.0,Charge 4
2020-12-26T15:55:15Z,110.0,Charge 4
2020-12-26T15:55:17Z,109.0,Charge 4
2020-12-26T15:55:20Z,108.0,Charge 4
2020-12-26T15:55:22Z,109.0,Charge 4
2020-12-26T15:55:25Z,110.0,Charge 4
2020-12-26T15:55:28Z,109.0,Charge 4
2020-12-26T15:55:30Z,108.0,Charge 4
2020-12-26T15:55:32Z,107.0,Charge 4
2020-12-26T15:55:34Z,108.0,Charge 4
2020-12-26T15:55:37Z,108.0,Charge 4
2020-12-26T15:55:38Z,107.0,Charge 4
2020-12-26T15:55:41Z,107.0,Charge 4
2020-12-26T15:55:43Z,106.0,Charge 4
2020-12-26T15:55:44Z,107.0,Charge 4
2020-12-26T15:55:45Z,106.0,Charge 4
2020-12-26T15:55:47Z,105.0,Charge 4
2020-12-26T15:55:48Z,104.0,Charge 4
2020-12-26T15:55:49Z,103.0,Charge 4
2020-12-26T15:55:50Z,101.0,Charge 4
2020-12-26T15:55:51Z,100.0,Charge 4
2020-12-26T15:55:52Z,101.0,Charge 4
2020-12-26T15:55:55Z,101.0,Charge 4
2020-12-26T15:55:56Z,102.0,Charge 4
2020-12-26T15:55:58Z,103.0,Charge 4
2020-12-26T15:56:01Z,103.0,Charge 4
2020-12-26T15:56:02Z,104.0,Charge 4
2020-12-26T15:56:05Z,103.0,Charge 4
2020-12-26T15:56:06Z,102.0,Charge 4
2020-12-26T15:56:08Z,103.0,Charge 4
2020-12-26T15:56:09Z,104.0,Charge 4
2020-12-26T15:56:11Z,105.0,Charge 4
2020-12-26T15:56:13Z,106.0,Charge 4
2020-12-26T15:56:16Z,106.0,Charge 4
2020-12-26T15:56:19Z,106.0,Charge 4
2020-12-26T15:56:21Z,107.0,Charge 4
2020-12-26T15:56:22Z,106.0,Charge 4
2020-12-26T15:56:24Z,105.0,Charge 4
2020-12-26T15:56:25Z,104.0,Charge 4
2020-12-26T15:56:26Z,105.0,Charge 4
2020-12-26T15:56:29Z,106.0,Charge 4
2020-12-26T15:56:30Z,107.0,Charge 4
2020-12-26T15:56:31Z,108.0,Charge 4
2020-12-26T15:56:32Z,109.0,Charge 4
2020-12-26T15:56:33Z,111.0,Charge 4
2020-12-26T15:56:36Z,111.0,Charge 4
2020-12-26T15:56:37Z,111.0,Charge 4
2020-12-26T15:56:38Z,112.0,Charge 4
2020-12-26T15:56:39Z,113.0,Charge 4
2020-12-26T15:56:40Z,114.0,Charge 4
2020-12-26T15:56:42Z,115.0,Charge 4
2020-12-26T15:56:45Z,115.0,Charge 4
2020-12-26T15:56:46Z,116.0,Charge 4
2020-12-26T15:56:47Z,117.0,Charge 4
2020-12-26T15:56:49Z,116.0,Charge 4
2020-12-26T15:56:50Z,115.0,Charge 4
2020-12-26T15:56:52Z,117.0,Charge 4
2020-12-26T15:56:53Z,118.0,Charge 4
2020-12-26T15:56:54Z,119.0,Charge 4
2020-12-26T15:56:56Z,118.0,Charge 4
2020-12-26T15:56:58Z,117.0,Charge 4
2020-12-26T15:56:59Z,115.0,Charge 4
2020-12-26T15:57:01Z,117.0,Charge 4
2020-12-26T15:57:04Z,116.0,Charge 4
2020-12-26T15:57:05Z,115.0,Charge 4
2020-12-26T15:57:06Z,114.0,Charge 4
2020-12-26T15:57:07Z,113.0,Charge 4
2020-12-26T15:57:08Z,112.0,Charge 4
2020-12-26T15:57:11Z,112.0,Charge 4
2020-12-26T15:57:12Z,113.0,Charge 4
2020-12-26T15:57:15Z,113.0,Charge 4
2020-12-26T15:57:17Z,112.0,Charge 4
2020-12-26T15:57:18Z,113.0,Charge 4
2020-12-26T15:57:21Z,112.0,Charge 4
2020-12-26T15:57:22Z,112.0,Charge 4
2020-12-26T15:57:23Z,111.0,Charge 4
2020-12-26T15:57:24Z,110.0,Charge 4
2020-12-26T15:57:25Z,111.0,Charge 4
2020-12-26T15:57:26Z,111.0,Charge 4
2020-12-26T15:57:28Z,110.0,Charge 4
2020-12-26T15:57:30Z,109.0,Charge 4
2020-12-26T15:57:31Z,108.0,Charge 4
2020-12-26T15:57:32Z,107.0,Charge 4
2020-12-26T15:57:33Z,106.0,Charge 4
2020-12-26T15:57:36Z,106.0,Charge 4
2020-12-26T15:57:39Z,106.0,Charge 4
2020-12-26T15:57:40Z,105.0,Charge 4
2020-12-26T15:57:43Z,105.0,Charge 4
2020-12-26T15:57:46Z,105.0,Charge 4
2020-12-26T15:57:49Z,105.0,Charge 4
2020-12-26T15:57:52Z,105.0,Charge 4
2020-12-26T15:57:53Z,104.0,Charge 4
2020-12-26T15:57:56Z,104.0,Charge 4
2020-12-26T15:57:57Z,105.0,Charge 4
2020-12-26T15:57:58Z,106.0,Charge 4
2020-12-26T15:57:59Z,105.0,Charge 4
2020-12-26T15:58:00Z,104.0,Charge 4
2020-12-26T15:58:01Z,103.0,Charge 4
2020-12-26T15:58:04Z,104.0,Charge 4
2020-12-26T15:58:07Z,104.0,Charge 4
2020-12-26T15:58:09Z,105.0,Charge 4
2020-12-26T15:58:10Z,106.0,Charge 4
2020-12-26T15:58:13Z,105.0,Charge 4
2020-12-26T15:58:14Z,104.0,Charge 4
2020-12-26T15:58:17Z,104.0,Charge 4
2020-12-26T15:58:20Z,104.0,Charge 4
2020-12-26T15:58:21Z,105.0,Charge 4
2020-12-26T15:58:23Z,103.0,Charge 4
2020-12-26T15:58:24Z,102.0,Charge 4
2020-12-26T15:58:25Z,102.0,Charge 4
2020-12-26T15:58:28Z,102.0,Charge 4
2020-12-26T15:58:31Z,102.0,Charge 4
2020-12-26T15:58:34Z,102.0,Charge 4
2020-12-26T15:58:37Z,102.0,Charge 4
2020-12-26T15:58:40Z,102.0,Charge 4
2020-12-26T15:58:43Z,102.0,Charge 4
2020-12-26T15:58:46Z,102.0,Charge 4
2020-12-26T15:58:48Z,103.0,Charge 4
2020-12-26T15:58:49Z,104.0,Charge 4
2020-12-26T15:58:50Z,105.0,Charge 4
2020-12-26T15:58:51Z,106.0,Charge 4
2020-12-26T15:58:52Z,107.0,Charge 4
2020-12-26T15:58:55Z,107.0,Charge 4
2020-12-26T15:58:58Z,107.0,Charge 4
2020-12-26T15:59:00Z,106.0,Charge 4
2020-12-26T15:59:01Z,105.0,Charge 4
2020-12-26T15:59:02Z,104.0,Charge 4
2020-12-26T15:59:04Z,103.0,Charge 4
2020-12-26T15:59:05Z,103.0,Charge 4
2020-12-26T15:59:08Z,103.0,Charge 4
2020-12-26T15:59:11Z,103.0,Charge 4
2020-12-26T15:59:14Z,103.0,Charge 4
2020-12-26T15:59:15Z,102.0,Charge 4
2020-12-26T15:59:17Z,101.0,Charge 4
2020-12-26T15:59:20Z,100.0,Charge 4
2020-12-26T15:59:23Z,100.0,Charge 4
2020-12-26T15:59:26Z,100.0,Charge 4
2020-12-26T15:59:29Z,100.0,Charge 4
2020-12-26T15:59:32Z,101.0,Charge 4
2020-12-26T15:59:35Z,102.0,Charge 4
2020-12-26T15:59:36Z,103.0,Charge 4
2020-12-26T15:59:39Z,104.0,Charge 4
2020-12-26T15:59:40Z,105.0,Charge 4
2020-12-26T15:59:43Z,106.0,Charge 4
2020-12-26T15:59:44Z,107.0,Charge 4
2020-12-26T15:59:46Z,108.0,Charge 4
2020-12-26T15:59:49Z,108.0,Charge 4
2020-12-26T15:59:51Z,106.0,Charge 4
2020-12-26T15:59:52Z,105.0,Charge 4
2020-12-26T15:59:55Z,105.0,Charge 4
2020-12-26T15:59:58Z,105.0,Charge 4
2020-12-26T15:59:59Z,108.0,Charge 4
2020-12-26T16:00:00Z,109.0,Charge 4
2020-12-26T16:00:03Z,110.0,Charge 4
2020-12-26T16:00:05Z,111.0,Charge 4
2020-12-26T16:00:06Z,111.0,Charge 4
2020-12-26T16:00:12Z,110.0,Charge 4
2020-12-26T16:00:17Z,107.0,Charge 4
2020-12-26T16:00:22Z,103.0,Charge 4
2020-12-26T16:00:27Z,100.0,Charge 4
2020-12-26T16:00:32Z,99.0,Charge 4
2020-12-26T16:00:37Z,100.0,Charge 4
2020-12-26T16:00:42Z,103.0,Charge 4
2020-12-26T16:00:47Z,105.0,Charge 4
2020-12-26T16:00:52Z,106.0,Charge 4
2020-12-26T16:00:57Z,102.0,Charge 4
2020-12-26T16:01:02Z,98.0,Charge 4
2020-12-26T16:01:07Z,96.0,Charge 4
2020-12-26T16:01:12Z,97.0,Charge 4
2020-12-26T16:01:17Z,99.0,Charge 4
2020-12-26T16:01:22Z,100.0,Charge 4
2020-12-26T16:01:27Z,99.0,Charge 4
2020-12-26T16:01:32Z,96.0,Charge 4
2020-12-26T16:01:37Z,97.0,Charge 4
2020-12-26T16:01:47Z,98.0,Charge 4
2020-12-26T16:01:52Z,99.0,Charge 4
2020-12-26T16:02:02Z,101.0,Charge 4
2020-12-26T16:02:07Z,95.0,Charge 4
2020-12-26T16:02:12Z,91.0,Charge 4
2020-12-26T16:02:17Z,90.0,Charge 4
2020-12-26T16:02:22Z,88.0,Charge 4
2020-12-26T16:02:32Z,87.0,Charge 4
2020-12-26T16:02:41Z,86.0,Charge 4
2020-12-26T16:02:46Z,86.0,Charge 4
2020-12-26T16:02:51Z,85.0,Charge 4
2020-12-26T16:02:56Z,84.0,Charge 4
2020-12-26T16:03:11Z,85.0,Charge 4
2020-12-26T16:03:16Z,85.0,Charge 4
2020-12-26T16:03:26Z,84.0,Charge 4
2020-12-26T16:03:41Z,83.0,Charge 4
2020-12-26T16:03:51Z,84.0,Charge 4
2020-12-26T16:03:56Z,86.0,Charge 4
2020-12-26T16:04:01Z,84.0,Charge 4
2020-12-26T16:04:16Z,83.0,Charge 4
2020-12-26T16:04:21Z,82.0,Charge 4
2020-12-26T16:04:36Z,81.0,Charge 4
2020-12-26T16:04:51Z,80.0,Charge 4
2020-12-26T16:04:56Z,80.0,Charge 4
2020-12-26T16:05:01Z,82.0,Charge 4
2020-12-26T16:05:06Z,85.0,Charge 4
2020-12-26T16:05:11Z,83.0,Charge 4
2020-12-26T16:05:16Z,82.0,Charge 4
2020-12-26T16:05:26Z,82.0,Charge 4
2020-12-26T16:05:41Z,82.0,Charge 4
2020-12-26T16:05:56Z,82.0,Charge 4
2020-12-26T16:06:01Z,81.0,Charge 4
2020-12-26T16:06:06Z,80.0,Charge 4
2020-12-26T16:06:21Z,80.0,Charge 4
2020-12-26T16:06:26Z,81.0,Charge 4
2020-12-26T16:06:31Z,81.0,Charge 4
2020-12-26T16:06:46Z,81.0,Charge 4
2020-12-26T16:06:56Z,80.0,Charge 4
2020-12-26T16:07:06Z,79.0,Charge 4
2020-12-26T16:07:11Z,79.0,Charge 4
2020-12-26T16:07:16Z,79.0,Charge 4
2020-12-26T16:07:31Z,79.0,Charge 4
2020-12-26T16:07:46Z,78.0,Charge 4
2020-12-26T16:07:51Z,77.0,Charge 4
2020-12-26T16:07:56Z,75.0,Charge 4
2020-12-26T16:08:01Z,73.0,Charge 4
2020-12-26T16:08:06Z,75.0,Charge 4
2020-12-26T16:08:11Z,79.0,Charge 4
2020-12-26T16:08:16Z,80.0,Charge 4
2020-12-26T16:08:21Z,79.0,Charge 4
2020-12-26T16:08:26Z,78.0,Charge 4
2020-12-26T16:08:41Z,78.0,Charge 4
2020-12-26T16:08:56Z,78.0,Charge 4
2020-12-26T16:09:11Z,78.0,Charge 4
2020-12-26T16:09:16Z,77.0,Charge 4
2020-12-26T16:09:21Z,75.0,Charge 4
2020-12-26T16:09:36Z,75.0,Charge 4
2020-12-26T16:09:41Z,76.0,Charge 4
2020-12-26T16:09:46Z,77.0,Charge 4
2020-12-26T16:09:51Z,78.0,Charge 4
2020-12-26T16:10:01Z,79.0,Charge 4
2020-12-26T16:10:11Z,78.0,Charge 4
2020-12-26T16:10:16Z,78.0,Charge 4
2020-12-26T16:10:21Z,77.0,Charge 4
2020-12-26T16:10:26Z,78.0,Charge 4
2020-12-26T16:10:31Z,79.0,Charge 4
2020-12-26T16:10:36Z,80.0,Charge 4
2020-12-26T16:10:46Z,79.0,Charge 4
2020-12-26T16:10:56Z,78.0,Charge 4
2020-12-26T16:11:01Z,76.0,Charge 4
2020-12-26T16:11:16Z,76.0,Charge 4
2020-12-26T16:11:26Z,77.0,Charge 4
2020-12-26T16:11:36Z,76.0,Charge 4
2020-12-26T16:11:51Z,76.0,Charge 4
2020-12-26T16:12:06Z,76.0,Charge 4
2020-12-26T16:12:21Z,76.0,Charge 4
2020-12-26T16:12:36Z,76.0,Charge 4
2020-12-26T16:12:51Z,76.0,Charge 4
2020-12-26T16:12:56Z,73.0,Charge 4
2020-12-26T16:13:06Z,72.0,Charge 4
2020-12-26T16:13:11Z,73.0,Charge 4
2020-12-26T16:13:26Z,73.0,Charge 4
2020-12-26T16:13:31Z,74.0,Charge 4
2020-12-26T16:13:36Z,75.0,Charge 4
2020-12-26T16:13:41Z,75.0,Charge 4
2020-12-26T16:13:46Z,77.0,Charge 4
2020-12-26T16:13:51Z,78.0,Charge 4
2020-12-26T16:13:56Z,78.0,Charge 4
2020-12-26T16:14:02Z,78.0,Charge 4
2020-12-26T16:14:17Z,79.0,Charge 4
2020-12-26T16:14:32Z,79.0,Charge 4
2020-12-26T16:14:37Z,80.0,Charge 4
2020-12-26T16:14:42Z,82.0,Charge 4
2020-12-26T16:14:47Z,83.0,Charge 4
2020-12-26T16:14:52Z,84.0,Charge 4
2020-12-26T16:15:07Z,85.0,Charge 4
2020-12-26T16:15:17Z,86.0,Charge 4
2020-12-26T16:15:32Z,87.0,Charge 4
2020-12-26T16:15:42Z,88.0,Charge 4
2020-12-26T16:15:52Z,87.0,Charge 4
2020-12-26T16:15:57Z,86.0,Charge 4
2020-12-26T16:16:07Z,88.0,Charge 4
2020-12-26T16:16:12Z,87.0,Charge 4
2020-12-26T16:16:17Z,86.0,Charge 4
2020-12-26T16:16:22Z,86.0,Charge 4
2020-12-26T16:16:32Z,86.0,Charge 4
2020-12-26T16:16:47Z,86.0,Charge 4
2020-12-26T16:16:57Z,82.0,Charge 4
2020-12-26T16:17:12Z,82.0,Charge 4
2020-12-26T16:17:22Z,82.0,Charge 4
2020-12-26T16:17:27Z,81.0,Charge 4
2020-12-26T16:17:42Z,81.0,Charge 4
2020-12-26T16:17:45Z,82.0,Charge 4
2020-12-26T16:18:00Z,82.0,Charge 4
2020-12-26T16:18:15Z,83.0,Charge 4
2020-12-26T16:18:20Z,77.0,Charge 4
2020-12-26T16:18:25Z,75.0,Charge 4
2020-12-26T16:18:30Z,75.0,Charge 4
2020-12-26T16:18:45Z,76.0,Charge 4
2020-12-26T16:18:50Z,77.0,Charge 4
2020-12-26T16:19:05Z,77.0,Charge 4
2020-12-26T16:19:10Z,78.0,Charge 4
2020-12-26T16:19:15Z,79.0,Charge 4
2020-12-26T16:19:20Z,80.0,Charge 4
2020-12-26T16:19:25Z,81.0,Charge 4
2020-12-26T16:19:35Z,80.0,Charge 4
2020-12-26T16:19:40Z,77.0,Charge 4
2020-12-26T16:19:45Z,75.0,Charge 4
2020-12-26T16:20:00Z,75.0,Charge 4
2020-12-26T16:20:10Z,76.0,Charge 4
2020-12-26T16:20:25Z,75.0,Charge 4
2020-12-26T16:20:30Z,76.0,Charge 4
2020-12-26T16:20:35Z,77.0,Charge 4
2020-12-26T16:20:45Z,79.0,Charge 4
2020-12-26T16:20:50Z,81.0,Charge 4
2020-12-26T16:20:55Z,81.0,Charge 4
2020-12-26T16:21:05Z,80.0,Charge 4
2020-12-26T16:21:15Z,79.0,Charge 4
2020-12-26T16:21:20Z,78.0,Charge 4
2020-12-26T16:21:25Z,76.0,Charge 4
2020-12-26T16:21:40Z,77.0,Charge 4
2020-12-26T16:21:50Z,78.0,Charge 4
2020-12-26T16:22:00Z,79.0,Charge 4
2020-12-26T16:22:10Z,78.0,Charge 4
2020-12-26T16:22:25Z,78.0,Charge 4
2020-12-26T16:22:30Z,77.0,Charge 4
2020-12-26T16:22:45Z,77.0,Charge 4
2020-12-26T16:22:50Z,76.0,Charge 4
2020-12-26T16:22:55Z,77.0,Charge 4
2020-12-26T16:23:00Z,78.0,Charge 4
2020-12-26T16:23:05Z,78.0,Charge 4
2020-12-26T16:23:10Z,77.0,Charge 4
2020-12-26T16:23:15Z,76.0,Charge 4
2020-12-26T16:23:20Z,76.0,Charge 4
2020-12-26T16:23:25Z,77.0,Charge 4
2020-12-26T16:23:30Z,76.0,Charge 4
2020-12-26T16:23:40Z,79.0,Charge 4
2020-12-26T16:23:45Z,81.0,Charge 4
2020-12-26T16:23:55Z,82.0,Charge 4
2020-12-26T16:24:00Z,84.0,Charge 4
2020-12-26T16:24:05Z,86.0,Charge 4
2020-12-26T16:24:10Z,88.0,Charge 4
2020-12-26T16:24:15Z,89.0,Charge 4
2020-12-26T16:24:30Z,90.0,Charge 4
2020-12-26T16:24:45Z,91.0,Charge 4
2020-12-26T16:24:50Z,93.0,Charge 4
2020-12-26T16:24:55Z,94.0,Charge 4
2020-12-26T16:25:00Z,95.0,Charge 4
2020-12-26T16:25:05Z,94.0,Charge 4
2020-12-26T16:25:10Z,93.0,Charge 4
2020-12-26T16:25:15Z,92.0,Charge 4
2020-12-26T16:25:25Z,93.0,Charge 4
2020-12-26T16:25:35Z,92.0,Charge 4
2020-12-26T16:25:40Z,91.0,Charge 4
2020-12-26T16:25:55Z,92.0,Charge 4
2020-12-26T16:26:00Z,91.0,Charge 4
2020-12-26T16:26:05Z,92.0,Charge 4
2020-12-26T16:26:15Z,91.0,Charge 4
2020-12-26T16:26:20Z,90.0,Charge 4
2020-12-26T16:26:23Z,89.0,Charge 4
2020-12-26T16:26:24Z,90.0,Charge 4
2020-12-26T16:26:25Z,91.0,Charge 4
2020-12-26T16:26:26Z,92.0,Charge 4
2020-12-26T16:26:27Z,93.0,Charge 4
2020-12-26T16:26:28Z,94.0,Charge 4
2020-12-26T16:26:29Z,95.0,Charge 4
2020-12-26T16:26:31Z,96.0,Charge 4
2020-12-26T16:26:32Z,97.0,Charge 4
2020-12-26T16:26:33Z,98.0,Charge 4
2020-12-26T16:26:34Z,99.0,Charge 4
2020-12-26T16:26:35Z,100.0,Charge 4
2020-12-26T16:26:37Z,101.0,Charge 4
2020-12-26T16:26:38Z,102.0,Charge 4
2020-12-26T16:26:39Z,103.0,Charge 4
2020-12-26T16:26:41Z,102.0,Charge 4
2020-12-26T16:26:43Z,101.0,Charge 4
2020-12-26T16:26:46Z,101.0,Charge 4
2020-12-26T16:26:47Z,103.0,Charge 4
2020-12-26T16:26:48Z,105.0,Charge 4
2020-12-26T16:26:51Z,105.0,Charge 4
2020-12-26T16:26:54Z,105.0,Charge 4
2020-12-26T16:26:56Z,106.0,Charge 4
2020-12-26T16:26:57Z,105.0,Charge 4
2020-12-26T16:27:00Z,105.0,Charge 4
2020-12-26T16:27:03Z,108.0,Charge 4
2020-12-26T16:27:04Z,107.0,Charge 4
2020-12-26T16:27:05Z,107.0,Charge 4
2020-12-26T16:27:07Z,108.0,Charge 4
2020-12-26T16:27:08Z,109.0,Charge 4
2020-12-26T16:27:09Z,109.0,Charge 4
2020-12-26T16:27:11Z,110.0,Charge 4
2020-12-26T16:27:12Z,112.0,Charge 4
2020-12-26T16:27:13Z,113.0,Charge 4
2020-12-26T16:27:15Z,114.0,Charge 4
2020-12-26T16:27:17Z,115.0,Charge 4
2020-12-26T16:27:19Z,116.0,Charge 4
2020-12-26T16:27:22Z,116.0,Charge 4
2020-12-26T16:27:25Z,117.0,Charge 4
2020-12-26T16:27:26Z,118.0,Charge 4
2020-12-26T16:27:29Z,118.0,Charge 4
2020-12-26T16:27:32Z,118.0,Charge 4
2020-12-26T16:27:35Z,117.0,Charge 4
2020-12-26T16:27:37Z,116.0,Charge 4
2020-12-26T16:27:38Z,115.0,Charge 4
2020-12-26T16:27:40Z,116.0,Charge 4
2020-12-26T16:27:43Z,116.0,Charge 4
2020-12-26T16:27:44Z,115.0,Charge 4
2020-12-26T16:27:45Z,114.0,Charge 4
2020-12-26T16:27:46Z,113.0,Charge 4
2020-12-26T16:27:47Z,112.0,Charge 4
2020-12-26T16:27:49Z,113.0,Charge 4
2020-12-26T16:27:50Z,114.0,Charge 4
2020-12-26T16:27:53Z,115.0,Charge 4
2020-12-26T16:27:54Z,115.0,Charge 4
2020-12-26T16:27:55Z,113.0,Charge 4
2020-12-26T16:27:58Z,113.0,Charge 4
2020-12-26T16:27:59Z,114.0,Charge 4
2020-12-26T16:28:02Z,114.0,Charge 4
2020-12-26T16:28:03Z,115.0,Charge 4
2020-12-26T16:28:06Z,115.0,Charge 4
2020-12-26T16:28:07Z,114.0,Charge 4
2020-12-26T16:28:10Z,114.0,Charge 4
2020-12-26T16:28:12Z,113.0,Charge 4
2020-12-26T16:28:14Z,112.0,Charge 4
2020-12-26T16:28:17Z,112.0,Charge 4
2020-12-26T16:28:18Z,111.0,Charge 4
2020-12-26T16:28:20Z,110.0,Charge 4
2020-12-26T16:28:21Z,108.0,Charge 4
2020-12-26T16:28:22Z,107.0,Charge 4
2020-12-26T16:28:24Z,106.0,Charge 4
2020-12-26T16:28:27Z,107.0,Charge 4
2020-12-26T16:28:30Z,107.0,Charge 4
2020-12-26T16:28:31Z,108.0,Charge 4
2020-12-26T16:28:32Z,108.0,Charge 4
2020-12-26T16:28:35Z,108.0,Charge 4
2020-12-26T16:28:38Z,108.0,Charge 4
2020-12-26T16:28:41Z,108.0,Charge 4
2020-12-26T16:28:42Z,109.0,Charge 4
2020-12-26T16:28:45Z,110.0,Charge 4
2020-12-26T16:28:46Z,111.0,Charge 4
2020-12-26T16:28:47Z,111.0,Charge 4
2020-12-26T16:28:48Z,112.0,Charge 4
2020-12-26T16:28:51Z,112.0,Charge 4
2020-12-26T16:28:54Z,111.0,Charge 4
2020-12-26T16:28:57Z,111.0,Charge 4
2020-12-26T16:29:00Z,111.0,Charge 4
2020-12-26T16:29:03Z,110.0,Charge 4
2020-12-26T16:29:06Z,110.0,Charge 4
2020-12-26T16:29:07Z,109.0,Charge 4
2020-12-26T16:29:08Z,108.0,Charge 4
2020-12-26T16:29:10Z,107.0,Charge 4
2020-12-26T16:29:13Z,106.0,Charge 4
2020-12-26T16:29:15Z,106.0,Charge 4
2020-12-26T16:29:18Z,106.0,Charge 4
2020-12-26T16:29:21Z,106.0,Charge 4
2020-12-26T16:29:23Z,105.0,Charge 4
2020-12-26T16:29:26Z,105.0,Charge 4
2020-12-26T16:29:27Z,104.0,Charge 4
2020-12-26T16:29:30Z,104.0,Charge 4
2020-12-26T16:29:33Z,104.0,Charge 4
2020-12-26T16:29:34Z,105.0,Charge 4
2020-12-26T16:29:35Z,107.0,Charge 4
2020-12-26T16:29:36Z,108.0,Charge 4
2020-12-26T16:29:37Z,109.0,Charge 4
2020-12-26T16:29:38Z,109.0,Charge 4
2020-12-26T16:29:40Z,110.0,Charge 4
2020-12-26T16:29:43Z,110.0,Charge 4
2020-12-26T16:29:44Z,111.0,Charge 4
2020-12-26T16:29:47Z,111.0,Charge 4
2020-12-26T16:29:50Z,111.0,Charge 4
2020-12-26T16:29:51Z,110.0,Charge 4
2020-12-26T16:29:52Z,109.0,Charge 4
2020-12-26T16:29:53Z,108.0,Charge 4
2020-12-26T16:29:56Z,109.0,Charge 4
2020-12-26T16:29:59Z,109.0,Charge 4
2020-12-26T16:30:02Z,109.0,Charge 4
2020-12-26T16:30:05Z,109.0,Charge 4
2020-12-26T16:30:08Z,109.0,Charge 4
2020-12-26T16:30:11Z,109.0,Charge 4
2020-12-26T16:30:14Z,109.0,Charge 4
2020-12-26T16:30:17Z,109.0,Charge 4
2020-12-26T16:30:19Z,110.0,Charge 4
2020-12-26T16:30:22Z,110.0,Charge 4
2020-12-26T16:30:23Z,111.0,Charge 4
2020-12-26T16:30:26Z,111.0,Charge 4
2020-12-26T16:30:29Z,111.0,Charge 4
2020-12-26T16:30:32Z,111.0,Charge 4
2020-12-26T16:30:33Z,110.0,Charge 4
2020-12-26T16:30:36Z,111.0,Charge 4
2020-12-26T16:30:38Z,112.0,Charge 4
2020-12-26T16:30:41Z,112.0,Charge 4
2020-12-26T16:30:43Z,113.0,Charge 4
2020-12-26T16:30:44Z,114.0,Charge 4
2020-12-26T16:30:47Z,116.0,Charge 4
2020-12-26T16:30:48Z,115.0,Charge 4
2020-12-26T16:30:49Z,114.0,Charge 4
2020-12-26T16:30:50Z,115.0,Charge 4
2020-12-26T16:30:51Z,116.0,Charge 4
2020-12-26T16:30:52Z,117.0,Charge 4
2020-12-26T16:30:53Z,116.0,Charge 4
2020-12-26T16:30:54Z,115.0,Charge 4
2020-12-26T16:30:57Z,116.0,Charge 4
2020-12-26T16:30:58Z,117.0,Charge 4
2020-12-26T16:31:01Z,117.0,Charge 4
2020-12-26T16:31:04Z,118.0,Charge 4
2020-12-26T16:31:05Z,119.0,Charge 4
2020-12-26T16:31:07Z,120.0,Charge 4
2020-12-26T16:31:08Z,121.0,Charge 4
2020-12-26T16:31:10Z,122.0,Charge 4
2020-12-26T16:31:12Z,123.0,Charge 4
2020-12-26T16:31:15Z,123.0,Charge 4
2020-12-26T16:31:17Z,122.0,Charge 4
2020-12-26T16:31:20Z,122.0,Charge 4
2020-12-26T16:31:23Z,122.0,Charge 4
2020-12-26T16:31:25Z,123.0,Charge 4
2020-12-26T16:31:28Z,123.0,Charge 4
2020-12-26T16:31:30Z,124.0,Charge 4
2020-12-26T16:31:31Z,125.0,Charge 4
2020-12-26T16:31:33Z,124.0,Charge 4
2020-12-26T16:31:34Z,123.0,Charge 4
2020-12-26T16:31:37Z,122.0,Charge 4
2020-12-26T16:31:38Z,122.0,Charge 4
2020-12-26T16:31:40Z,121.0,Charge 4
2020-12-26T16:31:43Z,121.0,Charge 4
2020-12-26T16:31:44Z,122.0,Charge 4
2020-12-26T16:31:46Z,121.0,Charge 4
2020-12-26T16:31:49Z,121.0,Charge 4
2020-12-26T16:31:50Z,122.0,Charge 4
2020-12-26T16:31:51Z,124.0,Charge 4
2020-12-26T16:31:52Z,125.0,Charge 4
2020-12-26T16:31:53Z,126.0,Charge 4
2020-12-26T16:31:56Z,126.0,Charge 4
2020-12-26T16:31:58Z,125.0,Charge 4
2020-12-26T16:32:01Z,124.0,Charge 4
2020-12-26T16:32:03Z,125.0,Charge 4
2020-12-26T16:32:05Z,124.0,Charge 4
2020-12-26T16:32:08Z,124.0,Charge 4
2020-12-26T16:32:11Z,123.0,Charge 4
2020-12-26T16:32:14Z,123.0,Charge 4
2020-12-26T16:32:16Z,124.0,Charge 4
2020-12-26T16:32:17Z,125.0,Charge 4
2020-12-26T16:32:20Z,127.0,Charge 4
2020-12-26T16:32:21Z,128.0,Charge 4
2020-12-26T16:32:24Z,129.0,Charge 4
2020-12-26T16:32:27Z,128.0,Charge 4
2020-12-26T16:32:30Z,127.0,Charge 4
2020-12-26T16:32:32Z,126.0,Charge 4
2020-12-26T16:32:34Z,125.0,Charge 4
2020-12-26T16:32:35Z,125.0,Charge 4
2020-12-26T16:32:37Z,124.0,Charge 4
2020-12-26T16:32:40Z,124.0,Charge 4
2020-12-26T16:32:43Z,124.0,Charge 4
2020-12-26T16:32:46Z,123.0,Charge 4
2020-12-26T16:32:49Z,122.0,Charge 4
2020-12-26T16:32:51Z,123.0,Charge 4
2020-12-26T16:32:53Z,125.0,Charge 4
2020-12-26T16:32:56Z,125.0,Charge 4
2020-12-26T16:32:59Z,124.0,Charge 4
2020-12-26T16:33:02Z,123.0,Charge 4
2020-12-26T16:33:04Z,122.0,Charge 4
2020-12-26T16:33:06Z,120.0,Charge 4
2020-12-26T16:33:07Z,119.0,Charge 4
2020-12-26T16:33:08Z,118.0,Charge 4
2020-12-26T16:33:11Z,118.0,Charge 4
2020-12-26T16:33:14Z,118.0,Charge 4
2020-12-26T16:33:15Z,119.0,Charge 4
2020-12-26T16:33:18Z,119.0,Charge 4
2020-12-26T16:33:20Z,120.0,Charge 4
2020-12-26T16:33:22Z,121.0,Charge 4
2020-12-26T16:33:25Z,122.0,Charge 4
2020-12-26T16:33:28Z,122.0,Charge 4
2020-12-26T16:33:29Z,123.0,Charge 4
2020-12-26T16:33:32Z,123.0,Charge 4
2020-12-26T16:33:33Z,124.0,Charge 4
2020-12-26T16:33:34Z,125.0,Charge 4
2020-12-26T16:33:35Z,125.0,Charge 4
2020-12-26T16:33:36Z,126.0,Charge 4
2020-12-26T16:33:37Z,127.0,Charge 4
2020-12-26T16:33:38Z,128.0,Charge 4
2020-12-26T16:33:40Z,129.0,Charge 4
2020-12-26T16:33:41Z,130.0,Charge 4
2020-12-26T16:33:42Z,131.0,Charge 4
2020-12-26T16:33:44Z,130.0,Charge 4
2020-12-26T16:33:47Z,129.0,Charge 4
2020-12-26T16:33:50Z,129.0,Charge 4
2020-12-26T16:33:53Z,129.0,Charge 4
2020-12-26T16:33:54Z,129.0,Charge 4
2020-12-26T16:33:56Z,128.0,Charge 4
2020-12-26T16:33:58Z,127.0,Charge 4
2020-12-26T16:33:59Z,127.0,Charge 4
2020-12-26T16:34:02Z,127.0,Charge 4
2020-12-26T16:34:04Z,126.0,Charge 4
2020-12-26T16:34:05Z,126.0,Charge 4
2020-12-26T16:34:06Z,126.0,Charge 4
2020-12-26T16:34:08Z,125.0,Charge 4
2020-12-26T16:34:11Z,125.0,Charge 4
2020-12-26T16:34:12Z,124.0,Charge 4
2020-12-26T16:34:13Z,123.0,Charge 4
2020-12-26T16:34:14Z,122.0,Charge 4
2020-12-26T16:34:15Z,121.0,Charge 4
2020-12-26T16:34:18Z,120.0,Charge 4
2020-12-26T16:34:21Z,120.0,Charge 4
2020-12-26T16:34:22Z,119.0,Charge 4
2020-12-26T16:34:24Z,118.0,Charge 4
2020-12-26T16:34:25Z,119.0,Charge 4
2020-12-26T16:34:28Z,119.0,Charge 4
2020-12-26T16:34:29Z,120.0,Charge 4
2020-12-26T16:34:32Z,119.0,Charge 4
2020-12-26T16:34:33Z,118.0,Charge 4
2020-12-26T16:34:36Z,118.0,Charge 4
2020-12-26T16:34:39Z,118.0,Charge 4
2020-12-26T16:34:42Z,118.0,Charge 4
2020-12-26T16:34:45Z,119.0,Charge 4
2020-12-26T16:34:46Z,120.0,Charge 4
2020-12-26T16:34:49Z,120.0,Charge 4
2020-12-26T16:34:50Z,121.0,Charge 4
2020-12-26T16:34:52Z,123.0,Charge 4
2020-12-26T16:34:53Z,125.0,Charge 4
2020-12-26T16:34:54Z,126.0,Charge 4
2020-12-26T16:34:56Z,127.0,Charge 4
2020-12-26T16:34:59Z,126.0,Charge 4
2020-12-26T16:35:01Z,125.0,Charge 4
2020-12-26T16:35:04Z,127.0,Charge 4
2020-12-26T16:35:07Z,126.0,Charge 4
2020-12-26T16:35:10Z,125.0,Charge 4
2020-12-26T16:35:13Z,125.0,Charge 4
2020-12-26T16:35:14Z,124.0,Charge 4
2020-12-26T16:35:15Z,123.0,Charge 4
2020-12-26T16:35:18Z,122.0,Charge 4
2020-12-26T16:35:19Z,122.0,Charge 4
2020-12-26T16:35:22Z,121.0,Charge 4
2020-12-26T16:35:25Z,121.0,Charge 4
2020-12-26T16:35:26Z,119.0,Charge 4
2020-12-26T16:35:27Z,118.0,Charge 4
2020-12-26T16:35:28Z,117.0,Charge 4
2020-12-26T16:35:30Z,116.0,Charge 4
2020-12-26T16:35:33Z,116.0,Charge 4
2020-12-26T16:35:35Z,117.0,Charge 4
2020-12-26T16:35:38Z,117.0,Charge 4
2020-12-26T16:35:41Z,117.0,Charge 4
2020-12-26T16:35:43Z,118.0,Charge 4
2020-12-26T16:35:46Z,118.0,Charge 4
2020-12-26T16:35:48Z,119.0,Charge 4
2020-12-26T16:35:51Z,120.0,Charge 4
2020-12-26T16:35:54Z,120.0,Charge 4
2020-12-26T16:35:55Z,123.0,Charge 4
2020-12-26T16:35:56Z,125.0,Charge 4
2020-12-26T16:35:58Z,124.0,Charge 4
2020-12-26T16:35:59Z,125.0,Charge 4
2020-12-26T16:36:00Z,125.0,Charge 4
2020-12-26T16:36:01Z,125.0,Charge 4
2020-12-26T16:36:04Z,124.0,Charge 4
2020-12-26T16:36:07Z,123.0,Charge 4
2020-12-26T16:36:08Z,122.0,Charge 4
2020-12-26T16:36:09Z,121.0,Charge 4
2020-12-26T16:36:11Z,119.0,Charge 4
2020-12-26T16:36:12Z,119.0,Charge 4
2020-12-26T16:36:14Z,118.0,Charge 4
2020-12-26T16:36:15Z,115.0,Charge 4
2020-12-26T16:36:16Z,114.0,Charge 4
2020-12-26T16:36:18Z,113.0,Charge 4
2020-12-26T16:36:21Z,113.0,Charge 4
2020-12-26T16:36:22Z,114.0,Charge 4
2020-12-26T16:36:25Z,114.0,Charge 4
2020-12-26T16:36:28Z,114.0,Charge 4
2020-12-26T16:36:31Z,114.0,Charge 4
2020-12-26T16:36:34Z,114.0,Charge 4
2020-12-26T16:36:35Z,114.0,Charge 4
2020-12-26T16:36:38Z,114.0,Charge 4
2020-12-26T16:36:39Z,115.0,Charge 4
2020-12-26T16:36:42Z,115.0,Charge 4
2020-12-26T16:36:44Z,114.0,Charge 4
2020-12-26T16:36:47Z,114.0,Charge 4
2020-12-26T16:36:50Z,114.0,Charge 4
2020-12-26T16:36:53Z,114.0,Charge 4
2020-12-26T16:36:56Z,114.0,Charge 4
2020-12-26T16:36:59Z,112.0,Charge 4
2020-12-26T16:37:01Z,113.0,Charge 4
2020-12-26T16:37:02Z,114.0,Charge 4
2020-12-26T16:37:03Z,116.0,Charge 4
2020-12-26T16:37:04Z,115.0,Charge 4
2020-12-26T16:37:06Z,114.0,Charge 4
2020-12-26T16:37:07Z,114.0,Charge 4
2020-12-26T16:37:09Z,113.0,Charge 4
2020-12-26T16:37:12Z,113.0,Charge 4
2020-12-26T16:37:13Z,114.0,Charge 4
2020-12-26T16:37:14Z,115.0,Charge 4
2020-12-26T16:37:15Z,116.0,Charge 4
2020-12-26T16:37:17Z,117.0,Charge 4
2020-12-26T16:37:18Z,117.0,Charge 4
2020-12-26T16:37:21Z,117.0,Charge 4
2020-12-26T16:37:22Z,118.0,Charge 4
2020-12-26T16:37:23Z,119.0,Charge 4
2020-12-26T16:37:25Z,120.0,Charge 4
2020-12-26T16:37:26Z,121.0,Charge 4
2020-12-26T16:37:27Z,123.0,Charge 4
2020-12-26T16:37:28Z,124.0,Charge 4
2020-12-26T16:37:31Z,124.0,Charge 4
2020-12-26T16:37:32Z,125.0,Charge 4
2020-12-26T16:37:33Z,125.0,Charge 4
2020-12-26T16:37:35Z,124.0,Charge 4
2020-12-26T16:37:36Z,123.0,Charge 4
2020-12-26T16:37:39Z,123.0,Charge 4
2020-12-26T16:37:40Z,122.0,Charge 4
2020-12-26T16:37:41Z,122.0,Charge 4
2020-12-26T16:37:42Z,121.0,Charge 4
2020-12-26T16:37:43Z,119.0,Charge 4
2020-12-26T16:37:44Z,118.0,Charge 4
2020-12-26T16:37:47Z,118.0,Charge 4
2020-12-26T16:37:48Z,117.0,Charge 4
2020-12-26T16:37:50Z,116.0,Charge 4
2020-12-26T16:37:52Z,115.0,Charge 4
2020-12-26T16:37:53Z,114.0,Charge 4
2020-12-26T16:37:56Z,114.0,Charge 4
2020-12-26T16:37:59Z,115.0,Charge 4
2020-12-26T16:38:00Z,116.0,Charge 4
2020-12-26T16:38:01Z,117.0,Charge 4
2020-12-26T16:38:04Z,117.0,Charge 4
2020-12-26T16:38:05Z,117.0,Charge 4
2020-12-26T16:38:06Z,118.0,Charge 4
2020-12-26T16:38:08Z,119.0,Charge 4
2020-12-26T16:38:11Z,118.0,Charge 4
2020-12-26T16:38:12Z,117.0,Charge 4
2020-12-26T16:38:13Z,118.0,Charge 4
2020-12-26T16:38:14Z,117.0,Charge 4
2020-12-26T16:38:16Z,116.0,Charge 4
2020-12-26T16:38:18Z,114.0,Charge 4
2020-12-26T16:38:19Z,113.0,Charge 4
2020-12-26T16:38:20Z,112.0,Charge 4
2020-12-26T16:38:21Z,112.0,Charge 4
2020-12-26T16:38:23Z,112.0,Charge 4
2020-12-26T16:38:24Z,113.0,Charge 4
2020-12-26T16:38:26Z,112.0,Charge 4
2020-12-26T16:38:29Z,112.0,Charge 4
2020-12-26T16:38:32Z,112.0,Charge 4
2020-12-26T16:38:35Z,112.0,Charge 4
2020-12-26T16:38:36Z,112.0,Charge 4
2020-12-26T16:38:38Z,114.0,Charge 4
2020-12-26T16:38:39Z,115.0,Charge 4
2020-12-26T16:38:42Z,114.0,Charge 4
2020-12-26T16:38:43Z,113.0,Charge 4
2020-12-26T16:38:45Z,112.0,Charge 4
2020-12-26T16:38:48Z,112.0,Charge 4
2020-12-26T16:38:51Z,113.0,Charge 4
2020-12-26T16:38:54Z,113.0,Charge 4
2020-12-26T16:38:55Z,112.0,Charge 4
2020-12-26T16:38:57Z,111.0,Charge 4
2020-12-26T16:38:58Z,109.0,Charge 4
2020-12-26T16:38:59Z,108.0,Charge 4
2020-12-26T16:39:01Z,108.0,Charge 4
2020-12-26T16:39:03Z,107.0,Charge 4
2020-12-26T16:39:04Z,106.0,Charge 4
2020-12-26T16:39:07Z,104.0,Charge 4
2020-12-26T16:39:08Z,105.0,Charge 4
2020-12-26T16:39:11Z,105.0,Charge 4
2020-12-26T16:39:12Z,106.0,Charge 4
2020-12-26T16:39:14Z,104.0,Charge 4
2020-12-26T16:39:15Z,104.0,Charge 4
2020-12-26T16:39:16Z,106.0,Charge 4
2020-12-26T16:39:17Z,108.0,Charge 4
2020-12-26T16:39:18Z,109.0,Charge 4
2020-12-26T16:39:19Z,110.0,Charge 4
2020-12-26T16:39:21Z,111.0,Charge 4
2020-12-26T16:39:22Z,111.0,Charge 4
2020-12-26T16:39:23Z,112.0,Charge 4
2020-12-26T16:39:24Z,113.0,Charge 4
2020-12-26T16:39:25Z,114.0,Charge 4
2020-12-26T16:39:27Z,113.0,Charge 4
2020-12-26T16:39:28Z,112.0,Charge 4
2020-12-26T16:39:30Z,111.0,Charge 4
2020-12-26T16:39:33Z,111.0,Charge 4
2020-12-26T16:39:36Z,111.0,Charge 4
2020-12-26T16:39:39Z,111.0,Charge 4
2020-12-26T16:39:40Z,111.0,Charge 4
2020-12-26T16:39:43Z,112.0,Charge 4
2020-12-26T16:39:45Z,111.0,Charge 4
2020-12-26T16:39:48Z,109.0,Charge 4
2020-12-26T16:39:49Z,108.0,Charge 4
2020-12-26T16:39:50Z,107.0,Charge 4
2020-12-26T16:39:53Z,108.0,Charge 4
2020-12-26T16:39:54Z,107.0,Charge 4
2020-12-26T16:39:55Z,108.0,Charge 4
2020-12-26T16:39:58Z,108.0,Charge 4
2020-12-26T16:40:00Z,109.0,Charge 4
2020-12-26T16:40:02Z,113.0,Charge 4
2020-12-26T16:40:03Z,114.0,Charge 4
2020-12-26T16:40:04Z,115.0,Charge 4
2020-12-26T16:40:07Z,115.0,Charge 4
2020-12-26T16:40:08Z,116.0,Charge 4
2020-12-26T16:40:09Z,117.0,Charge 4
2020-12-26T16:40:10Z,118.0,Charge 4
2020-12-26T16:40:11Z,119.0,Charge 4
2020-12-26T16:40:14Z,119.0,Charge 4
2020-12-26T16:40:16Z,120.0,Charge 4
2020-12-26T16:40:19Z,120.0,Charge 4
2020-12-26T16:40:22Z,120.0,Charge 4
2020-12-26T16:40:23Z,119.0,Charge 4
2020-12-26T16:40:25Z,116.0,Charge 4
2020-12-26T16:40:26Z,114.0,Charge 4
2020-12-26T16:40:28Z,113.0,Charge 4
2020-12-26T16:40:29Z,112.0,Charge 4
2020-12-26T16:40:31Z,110.0,Charge 4
2020-12-26T16:40:32Z,110.0,Charge 4
2020-12-26T16:40:35Z,110.0,Charge 4
2020-12-26T16:40:36Z,109.0,Charge 4
2020-12-26T16:40:39Z,111.0,Charge 4
2020-12-26T16:40:40Z,112.0,Charge 4
2020-12-26T16:40:41Z,113.0,Charge 4
2020-12-26T16:40:42Z,114.0,Charge 4
2020-12-26T16:40:44Z,115.0,Charge 4
2020-12-26T16:40:47Z,116.0,Charge 4
2020-12-26T16:40:49Z,117.0,Charge 4
2020-12-26T16:40:51Z,118.0,Charge 4
2020-12-26T16:40:53Z,121.0,Charge 4
2020-12-26T16:40:54Z,122.0,Charge 4
2020-12-26T16:40:56Z,123.0,Charge 4
2020-12-26T16:40:58Z,124.0,Charge 4
2020-12-26T16:40:59Z,124.0,Charge 4
2020-12-26T16:41:00Z,125.0,Charge 4
2020-12-26T16:41:03Z,125.0,Charge 4
2020-12-26T16:41:06Z,125.0,Charge 4
2020-12-26T16:41:07Z,124.0,Charge 4
2020-12-26T16:41:09Z,123.0,Charge 4
2020-12-26T16:41:10Z,122.0,Charge 4
2020-12-26T16:41:13Z,122.0,Charge 4
2020-12-26T16:41:14Z,123.0,Charge 4
2020-12-26T16:41:15Z,123.0,Charge 4
2020-12-26T16:41:18Z,122.0,Charge 4
2020-12-26T16:41:21Z,121.0,Charge 4
2020-12-26T16:41:22Z,119.0,Charge 4
2020-12-26T16:41:23Z,119.0,Charge 4
2020-12-26T16:41:24Z,119.0,Charge 4
2020-12-26T16:41:27Z,119.0,Charge 4
2020-12-26T16:41:28Z,120.0,Charge 4
2020-12-26T16:41:29Z,122.0,Charge 4
2020-12-26T16:41:30Z,121.0,Charge 4
2020-12-26T16:41:33Z,121.0,Charge 4
2020-12-26T16:41:35Z,120.0,Charge 4
2020-12-26T16:41:36Z,118.0,Charge 4
2020-12-26T16:41:37Z,117.0,Charge 4
2020-12-26T16:41:38Z,117.0,Charge 4
2020-12-26T16:41:41Z,117.0,Charge 4
2020-12-26T16:41:44Z,116.0,Charge 4
2020-12-26T16:41:47Z,116.0,Charge 4
2020-12-26T16:41:48Z,116.0,Charge 4
2020-12-26T16:41:49Z,115.0,Charge 4
2020-12-26T16:41:52Z,114.0,Charge 4
2020-12-26T16:41:53Z,114.0,Charge 4
2020-12-26T16:41:56Z,113.0,Charge 4
2020-12-26T16:41:58Z,114.0,Charge 4
2020-12-26T16:41:59Z,114.0,Charge 4
2020-12-26T16:42:02Z,114.0,Charge 4
2020-12-26T16:42:04Z,114.0,Charge 4
2020-12-26T16:42:07Z,115.0,Charge 4
2020-12-26T16:42:08Z,116.0,Charge 4
2020-12-26T16:42:10Z,117.0,Charge 4
2020-12-26T16:42:13Z,118.0,Charge 4
2020-12-26T16:42:14Z,119.0,Charge 4
2020-12-26T16:42:15Z,121.0,Charge 4
2020-12-26T16:42:17Z,122.0,Charge 4
2020-12-26T16:42:18Z,122.0,Charge 4
2020-12-26T16:42:19Z,121.0,Charge 4
2020-12-26T16:42:20Z,120.0,Charge 4
2020-12-26T16:42:21Z,119.0,Charge 4
2020-12-26T16:42:24Z,117.0,Charge 4
2020-12-26T16:42:25Z,117.0,Charge 4
2020-12-26T16:42:26Z,116.0,Charge 4
2020-12-26T16:42:28Z,116.0,Charge 4
2020-12-26T16:42:30Z,115.0,Charge 4
2020-12-26T16:42:33Z,114.0,Charge 4
2020-12-26T16:42:35Z,113.0,Charge 4
2020-12-26T16:42:36Z,113.0,Charge 4
2020-12-26T16:42:38Z,112.0,Charge 4
2020-12-26T16:42:41Z,112.0,Charge 4
2020-12-26T16:42:43Z,113.0,Charge 4
2020-12-26T16:42:44Z,113.0,Charge 4
2020-12-26T16:42:47Z,113.0,Charge 4
2020-12-26T16:42:48Z,112.0,Charge 4
2020-12-26T16:42:50Z,113.0,Charge 4
2020-12-26T16:42:51Z,115.0,Charge 4
2020-12-26T16:42:52Z,117.0,Charge 4
2020-12-26T16:42:53Z,119.0,Charge 4
2020-12-26T16:42:54Z,120.0,Charge 4
2020-12-26T16:42:55Z,121.0,Charge 4
2020-12-26T16:42:56Z,122.0,Charge 4
2020-12-26T16:42:58Z,123.0,Charge 4
2020-12-26T16:42:59Z,122.0,Charge 4
2020-12-26T16:43:02Z,122.0,Charge 4
2020-12-26T16:43:03Z,121.0,Charge 4
2020-12-26T16:43:04Z,122.0,Charge 4
2020-12-26T16:43:06Z,123.0,Charge 4
2020-12-26T16:43:09Z,123.0,Charge 4
2020-12-26T16:43:12Z,123.0,Charge 4
2020-12-26T16:43:13Z,122.0,Charge 4
2020-12-26T16:43:14Z,123.0,Charge 4
2020-12-26T16:43:15Z,122.0,Charge 4
2020-12-26T16:43:18Z,122.0,Charge 4
2020-12-26T16:43:20Z,123.0,Charge 4
2020-12-26T16:43:21Z,123.0,Charge 4
2020-12-26T16:43:23Z,125.0,Charge 4
2020-12-26T16:43:25Z,123.0,Charge 4
2020-12-26T16:43:27Z,122.0,Charge 4
2020-12-26T16:43:29Z,121.0,Charge 4
2020-12-26T16:43:32Z,121.0,Charge 4
2020-12-26T16:43:35Z,121.0,Charge 4
2020-12-26T16:43:38Z,120.0,Charge 4
2020-12-26T16:43:39Z,120.0,Charge 4
2020-12-26T16:43:42Z,120.0,Charge 4
2020-12-26T16:43:45Z,120.0,Charge 4
2020-12-26T16:43:47Z,121.0,Charge 4
2020-12-26T16:43:48Z,122.0,Charge 4
2020-12-26T16:43:51Z,122.0,Charge 4
2020-12-26T16:43:54Z,122.0,Charge 4
2020-12-26T16:43:56Z,121.0,Charge 4
2020-12-26T16:43:57Z,119.0,Charge 4
2020-12-26T16:43:59Z,118.0,Charge 4
2020-12-26T16:44:00Z,117.0,Charge 4
2020-12-26T16:44:01Z,118.0,Charge 4
2020-12-26T16:44:02Z,119.0,Charge 4
2020-12-26T16:44:05Z,119.0,Charge 4
2020-12-26T16:44:07Z,120.0,Charge 4
2020-12-26T16:44:08Z,121.0,Charge 4
2020-12-26T16:44:09Z,122.0,Charge 4
2020-12-26T16:44:10Z,123.0,Charge 4
2020-12-26T16:44:11Z,124.0,Charge 4
2020-12-26T16:44:12Z,124.0,Charge 4
2020-12-26T16:44:15Z,124.0,Charge 4
2020-12-26T16:44:18Z,124.0,Charge 4
2020-12-26T16:44:19Z,122.0,Charge 4
2020-12-26T16:44:20Z,123.0,Charge 4
2020-12-26T16:44:22Z,123.0,Charge 4
2020-12-26T16:44:24Z,123.0,Charge 4
2020-12-26T16:44:26Z,123.0,Charge 4
2020-12-26T16:44:29Z,123.0,Charge 4
2020-12-26T16:44:32Z,123.0,Charge 4
2020-12-26T16:44:33Z,124.0,Charge 4
2020-12-26T16:44:36Z,125.0,Charge 4
2020-12-26T16:44:37Z,126.0,Charge 4
2020-12-26T16:44:40Z,126.0,Charge 4
2020-12-26T16:44:43Z,126.0,Charge 4
2020-12-26T16:44:44Z,125.0,Charge 4
2020-12-26T16:44:47Z,125.0,Charge 4
2020-12-26T16:44:50Z,125.0,Charge 4
2020-12-26T16:44:53Z,125.0,Charge 4
2020-12-26T16:44:56Z,126.0,Charge 4
2020-12-26T16:44:58Z,127.0,Charge 4
2020-12-26T16:45:00Z,128.0,Charge 4
2020-12-26T16:45:01Z,129.0,Charge 4
2020-12-26T16:45:03Z,130.0,Charge 4
2020-12-26T16:45:04Z,131.0,Charge 4
2020-12-26T16:45:07Z,131.0,Charge 4
2020-12-26T16:45:10Z,131.0,Charge 4
2020-12-26T16:45:11Z,131.0,Charge 4
2020-12-26T16:45:14Z,131.0,Charge 4
2020-12-26T16:45:15Z,130.0,Charge 4
2020-12-26T16:45:16Z,129.0,Charge 4
2020-12-26T16:45:18Z,128.0,Charge 4
2020-12-26T16:45:19Z,127.0,Charge 4
2020-12-26T16:45:20Z,127.0,Charge 4
2020-12-26T16:45:21Z,126.0,Charge 4
2020-12-26T16:45:23Z,123.0,Charge 4
2020-12-26T16:45:26Z,123.0,Charge 4
2020-12-26T16:45:29Z,123.0,Charge 4
2020-12-26T16:45:31Z,122.0,Charge 4
2020-12-26T16:45:32Z,123.0,Charge 4
2020-12-26T16:45:33Z,124.0,Charge 4
2020-12-26T16:45:35Z,125.0,Charge 4
2020-12-26T16:45:36Z,126.0,Charge 4
2020-12-26T16:45:37Z,125.0,Charge 4
2020-12-26T16:45:40Z,125.0,Charge 4
2020-12-26T16:45:41Z,124.0,Charge 4
2020-12-26T16:45:42Z,123.0,Charge 4
2020-12-26T16:45:43Z,123.0,Charge 4
2020-12-26T16:45:45Z,122.0,Charge 4
2020-12-26T16:45:46Z,121.0,Charge 4
2020-12-26T16:45:48Z,121.0,Charge 4
2020-12-26T16:45:51Z,121.0,Charge 4
2020-12-26T16:45:52Z,122.0,Charge 4
2020-12-26T16:45:53Z,122.0,Charge 4
2020-12-26T16:45:54Z,122.0,Charge 4
2020-12-26T16:45:55Z,122.0,Charge 4
2020-12-26T16:45:57Z,121.0,Charge 4
2020-12-26T16:45:59Z,121.0,Charge 4
2020-12-26T16:46:00Z,122.0,Charge 4
2020-12-26T16:46:03Z,121.0,Charge 4
2020-12-26T16:46:04Z,120.0,Charge 4
2020-12-26T16:46:06Z,121.0,Charge 4
2020-12-26T16:46:08Z,122.0,Charge 4
2020-12-26T16:46:11Z,122.0,Charge 4
2020-12-26T16:46:12Z,121.0,Charge 4
2020-12-26T16:46:15Z,121.0,Charge 4
2020-12-26T16:46:16Z,120.0,Charge 4
2020-12-26T16:46:17Z,121.0,Charge 4
2020-12-26T16:46:19Z,120.0,Charge 4
2020-12-26T16:46:20Z,119.0,Charge 4
2020-12-26T16:46:23Z,119.0,Charge 4
2020-12-26T16:46:25Z,120.0,Charge 4
2020-12-26T16:46:28Z,120.0,Charge 4
2020-12-26T16:46:29Z,122.0,Charge 4
2020-12-26T16:46:32Z,123.0,Charge 4
2020-12-26T16:46:33Z,123.0,Charge 4
2020-12-26T16:46:34Z,124.0,Charge 4
2020-12-26T16:46:35Z,124.0,Charge 4
2020-12-26T16:46:36Z,125.0,Charge 4
2020-12-26T16:46:37Z,124.0,Charge 4
2020-12-26T16:46:39Z,123.0,Charge 4
2020-12-26T16:46:40Z,123.0,Charge 4
2020-12-26T16:46:41Z,122.0,Charge 4
2020-12-26T16:46:42Z,121.0,Charge 4
2020-12-26T16:46:43Z,121.0,Charge 4
2020-12-26T16:46:46Z,119.0,Charge 4
2020-12-26T16:46:49Z,118.0,Charge 4
2020-12-26T16:46:52Z,118.0,Charge 4
2020-12-26T16:46:55Z,118.0,Charge 4
2020-12-26T16:46:57Z,119.0,Charge 4
2020-12-26T16:47:00Z,120.0,Charge 4
2020-12-26T16:47:02Z,121.0,Charge 4
2020-12-26T16:47:03Z,122.0,Charge 4
2020-12-26T16:47:04Z,123.0,Charge 4
2020-12-26T16:47:05Z,123.0,Charge 4
2020-12-26T16:47:08Z,123.0,Charge 4
2020-12-26T16:47:11Z,124.0,Charge 4
2020-12-26T16:47:13Z,125.0,Charge 4
2020-12-26T16:47:16Z,125.0,Charge 4
2020-12-26T16:47:19Z,124.0,Charge 4
2020-12-26T16:47:22Z,124.0,Charge 4
2020-12-26T16:47:25Z,124.0,Charge 4
2020-12-26T16:47:27Z,123.0,Charge 4
2020-12-26T16:47:30Z,122.0,Charge 4
2020-12-26T16:47:31Z,122.0,Charge 4
2020-12-26T16:47:34Z,122.0,Charge 4
2020-12-26T16:47:37Z,123.0,Charge 4
2020-12-26T16:47:39Z,125.0,Charge 4
2020-12-26T16:47:40Z,126.0,Charge 4
2020-12-26T16:47:42Z,127.0,Charge 4
2020-12-26T16:47:43Z,128.0,Charge 4
2020-12-26T16:47:44Z,129.0,Charge 4
2020-12-26T16:47:47Z,131.0,Charge 4
2020-12-26T16:47:48Z,131.0,Charge 4
2020-12-26T16:47:49Z,133.0,Charge 4
2020-12-26T16:47:51Z,134.0,Charge 4
2020-12-26T16:47:54Z,133.0,Charge 4
2020-12-26T16:47:56Z,134.0,Charge 4
2020-12-26T16:47:58Z,133.0,Charge 4
2020-12-26T16:47:59Z,132.0,Charge 4
2020-12-26T16:48:00Z,131.0,Charge 4
2020-12-26T16:48:01Z,130.0,Charge 4
2020-12-26T16:48:02Z,129.0,Charge 4
2020-12-26T16:48:05Z,129.0,Charge 4
2020-12-26T16:48:08Z,129.0,Charge 4
2020-12-26T16:48:09Z,128.0,Charge 4
2020-12-26T16:48:10Z,127.0,Charge 4
2020-12-26T16:48:11Z,127.0,Charge 4
2020-12-26T16:48:13Z,126.0,Charge 4
2020-12-26T16:48:15Z,125.0,Charge 4
2020-12-26T16:48:18Z,128.0,Charge 4
2020-12-26T16:48:19Z,130.0,Charge 4
2020-12-26T16:48:20Z,131.0,Charge 4
2020-12-26T16:48:23Z,132.0,Charge 4
2020-12-26T16:48:24Z,131.0,Charge 4
2020-12-26T16:48:25Z,132.0,Charge 4
2020-12-26T16:48:27Z,133.0,Charge 4
2020-12-26T16:48:28Z,134.0,Charge 4
2020-12-26T16:48:31Z,134.0,Charge 4
2020-12-26T16:48:34Z,134.0,Charge 4
2020-12-26T16:48:36Z,135.0,Charge 4
2020-12-26T16:48:39Z,135.0,Charge 4
2020-12-26T16:48:42Z,132.0,Charge 4
2020-12-26T16:48:44Z,133.0,Charge 4
2020-12-26T16:48:47Z,126.0,Charge 4
2020-12-26T16:48:48Z,122.0,Charge 4
2020-12-26T16:48:49Z,121.0,Charge 4
2020-12-26T16:48:50Z,120.0,Charge 4
2020-12-26T16:48:51Z,119.0,Charge 4
2020-12-26T16:48:53Z,120.0,Charge 4
2020-12-26T16:48:56Z,120.0,Charge 4
2020-12-26T16:48:58Z,122.0,Charge 4
2020-12-26T16:49:00Z,123.0,Charge 4
2020-12-26T16:49:03Z,123.0,Charge 4
2020-12-26T16:49:05Z,124.0,Charge 4
2020-12-26T16:49:08Z,123.0,Charge 4
2020-12-26T16:49:11Z,123.0,Charge 4
2020-12-26T16:49:12Z,124.0,Charge 4
2020-12-26T16:49:13Z,125.0,Charge 4
2020-12-26T16:49:14Z,126.0,Charge 4
2020-12-26T16:49:15Z,127.0,Charge 4
2020-12-26T16:49:16Z,127.0,Charge 4
2020-12-26T16:49:17Z,128.0,Charge 4
2020-12-26T16:49:19Z,129.0,Charge 4
2020-12-26T16:49:21Z,130.0,Charge 4
2020-12-26T16:49:24Z,130.0,Charge 4
2020-12-26T16:49:27Z,130.0,Charge 4
2020-12-26T16:49:29Z,129.0,Charge 4
2020-12-26T16:49:30Z,128.0,Charge 4
2020-12-26T16:49:31Z,127.0,Charge 4
2020-12-26T16:49:33Z,127.0,Charge 4
2020-12-26T16:49:36Z,126.0,Charge 4
2020-12-26T16:49:39Z,126.0,Charge 4
2020-12-26T16:49:40Z,130.0,Charge 4
2020-12-26T16:49:41Z,131.0,Charge 4
2020-12-26T16:49:44Z,130.0,Charge 4
2020-12-26T16:49:46Z,129.0,Charge 4
2020-12-26T16:49:47Z,130.0,Charge 4
2020-12-26T16:49:49Z,131.0,Charge 4
2020-12-26T16:49:50Z,132.0,Charge 4
2020-12-26T16:49:53Z,132.0,Charge 4
2020-12-26T16:49:54Z,131.0,Charge 4
2020-12-26T16:49:57Z,130.0,Charge 4
2020-12-26T16:50:00Z,130.0,Charge 4
2020-12-26T16:50:02Z,128.0,Charge 4
2020-12-26T16:50:03Z,126.0,Charge 4
2020-12-26T16:50:05Z,125.0,Charge 4
2020-12-26T16:50:06Z,124.0,Charge 4
2020-12-26T16:50:07Z,122.0,Charge 4
2020-12-26T16:50:08Z,122.0,Charge 4
2020-12-26T16:50:09Z,121.0,Charge 4
2020-12-26T16:50:10Z,119.0,Charge 4
2020-12-26T16:50:11Z,118.0,Charge 4
2020-12-26T16:50:14Z,118.0,Charge 4
2020-12-26T16:50:15Z,118.0,Charge 4
2020-12-26T16:50:18Z,118.0,Charge 4
2020-12-26T16:50:19Z,117.0,Charge 4
2020-12-26T16:50:21Z,118.0,Charge 4
2020-12-26T16:50:24Z,118.0,Charge 4
2020-12-26T16:50:27Z,118.0,Charge 4
2020-12-26T16:50:29Z,122.0,Charge 4
2020-12-26T16:50:30Z,124.0,Charge 4
2020-12-26T16:50:31Z,126.0,Charge 4
2020-12-26T16:50:34Z,126.0,Charge 4
2020-12-26T16:50:37Z,126.0,Charge 4
2020-12-26T16:50:38Z,129.0,Charge 4
2020-12-26T16:50:39Z,131.0,Charge 4
2020-12-26T16:50:40Z,132.0,Charge 4
2020-12-26T16:50:42Z,131.0,Charge 4
2020-12-26T16:50:44Z,130.0,Charge 4
2020-12-26T16:50:45Z,129.0,Charge 4
2020-12-26T16:50:48Z,129.0,Charge 4
2020-12-26T16:50:49Z,127.0,Charge 4
2020-12-26T16:50:50Z,124.0,Charge 4
2020-12-26T16:50:51Z,123.0,Charge 4
2020-12-26T16:50:53Z,121.0,Charge 4
2020-12-26T16:50:54Z,121.0,Charge 4
2020-12-26T16:50:55Z,120.0,Charge 4
2020-12-26T16:50:56Z,120.0,Charge 4
2020-12-26T16:50:57Z,119.0,Charge 4
2020-12-26T16:51:00Z,119.0,Charge 4
2020-12-26T16:51:01Z,119.0,Charge 4
2020-12-26T16:51:04Z,119.0,Charge 4
2020-12-26T16:51:05Z,118.0,Charge 4
2020-12-26T16:51:07Z,117.0,Charge 4
2020-12-26T16:51:09Z,118.0,Charge 4
2020-12-26T16:51:10Z,119.0,Charge 4
2020-12-26T16:51:12Z,118.0,Charge 4
2020-12-26T16:51:14Z,117.0,Charge 4
2020-12-26T16:51:16Z,116.0,Charge 4
2020-12-26T16:51:17Z,117.0,Charge 4
2020-12-26T16:51:20Z,117.0,Charge 4
2020-12-26T16:51:23Z,117.0,Charge 4
2020-12-26T16:51:26Z,117.0,Charge 4
2020-12-26T16:51:29Z,117.0,Charge 4
2020-12-26T16:51:31Z,118.0,Charge 4
2020-12-26T16:51:32Z,119.0,Charge 4
2020-12-26T16:51:33Z,121.0,Charge 4
2020-12-26T16:51:34Z,122.0,Charge 4
2020-12-26T16:51:35Z,123.0,Charge 4
2020-12-26T16:51:36Z,125.0,Charge 4
2020-12-26T16:51:37Z,126.0,Charge 4
2020-12-26T16:51:38Z,127.0,Charge 4
2020-12-26T16:51:39Z,126.0,Charge 4
2020-12-26T16:51:42Z,128.0,Charge 4
2020-12-26T16:51:45Z,128.0,Charge 4
2020-12-26T16:51:47Z,127.0,Charge 4
2020-12-26T16:51:49Z,128.0,Charge 4
2020-12-26T16:51:50Z,129.0,Charge 4
2020-12-26T16:51:51Z,120.0,Charge 4
2020-12-26T16:51:53Z,119.0,Charge 4
2020-12-26T16:51:56Z,119.0,Charge 4
2020-12-26T16:51:59Z,119.0,Charge 4
2020-12-26T16:52:02Z,119.0,Charge 4
2020-12-26T16:52:04Z,118.0,Charge 4
2020-12-26T16:52:06Z,117.0,Charge 4
2020-12-26T16:52:07Z,116.0,Charge 4
2020-12-26T16:52:10Z,116.0,Charge 4
2020-12-26T16:52:13Z,116.0,Charge 4
2020-12-26T16:52:15Z,115.0,Charge 4
2020-12-26T16:52:18Z,115.0,Charge 4
2020-12-26T16:52:21Z,115.0,Charge 4
2020-12-26T16:52:24Z,115.0,Charge 4
2020-12-26T16:52:25Z,115.0,Charge 4
2020-12-26T16:52:28Z,115.0,Charge 4
2020-12-26T16:52:29Z,116.0,Charge 4
2020-12-26T16:52:31Z,117.0,Charge 4
2020-12-26T16:52:32Z,118.0,Charge 4
2020-12-26T16:52:34Z,119.0,Charge 4
2020-12-26T16:52:35Z,120.0,Charge 4
2020-12-26T16:52:38Z,120.0,Charge 4
2020-12-26T16:52:41Z,120.0,Charge 4
2020-12-26T16:52:42Z,119.0,Charge 4
2020-12-26T16:52:43Z,118.0,Charge 4
2020-12-26T16:52:44Z,117.0,Charge 4
2020-12-26T16:52:45Z,116.0,Charge 4
2020-12-26T16:52:46Z,116.0,Charge 4
2020-12-26T16:52:49Z,116.0,Charge 4
2020-12-26T16:52:51Z,114.0,Charge 4
2020-12-26T16:52:52Z,113.0,Charge 4
2020-12-26T16:52:53Z,112.0,Charge 4
2020-12-26T16:52:56Z,111.0,Charge 4
2020-12-26T16:52:58Z,111.0,Charge 4
2020-12-26T16:53:00Z,112.0,Charge 4
2020-12-26T16:53:01Z,113.0,Charge 4
2020-12-26T16:53:02Z,114.0,Charge 4
2020-12-26T16:53:05Z,115.0,Charge 4
2020-12-26T16:53:08Z,115.0,Charge 4
2020-12-26T16:53:10Z,114.0,Charge 4
2020-12-26T16:53:13Z,114.0,Charge 4
2020-12-26T16:53:14Z,113.0,Charge 4
2020-12-26T16:53:15Z,112.0,Charge 4
2020-12-26T16:53:18Z,112.0,Charge 4
2020-12-26T16:53:21Z,113.0,Charge 4
2020-12-26T16:53:24Z,113.0,Charge 4
2020-12-26T16:53:25Z,112.0,Charge 4
2020-12-26T16:53:26Z,112.0,Charge 4
2020-12-26T16:53:28Z,111.0,Charge 4
2020-12-26T16:53:31Z,112.0,Charge 4
2020-12-26T16:53:34Z,113.0,Charge 4
2020-12-26T16:53:36Z,113.0,Charge 4
2020-12-26T16:53:38Z,114.0,Charge 4
2020-12-26T16:53:41Z,114.0,Charge 4
2020-12-26T16:53:42Z,114.0,Charge 4
2020-12-26T16:53:44Z,115.0,Charge 4
2020-12-26T16:53:45Z,116.0,Charge 4
2020-12-26T16:53:48Z,116.0,Charge 4
2020-12-26T16:53:49Z,115.0,Charge 4
2020-12-26T16:53:50Z,116.0,Charge 4
2020-12-26T16:53:51Z,116.0,Charge 4
2020-12-26T16:53:52Z,117.0,Charge 4
2020-12-26T16:53:53Z,118.0,Charge 4
2020-12-26T16:53:54Z,119.0,Charge 4
2020-12-26T16:53:56Z,120.0,Charge 4
2020-12-26T16:53:57Z,120.0,Charge 4
2020-12-26T16:53:59Z,121.0,Charge 4
2020-12-26T16:54:00Z,122.0,Charge 4
2020-12-26T16:54:01Z,123.0,Charge 4
2020-12-26T16:54:02Z,124.0,Charge 4
2020-12-26T16:54:03Z,125.0,Charge 4
2020-12-26T16:54:04Z,126.0,Charge 4
2020-12-26T16:54:06Z,127.0,Charge 4
2020-12-26T16:54:08Z,128.0,Charge 4
2020-12-26T16:54:09Z,129.0,Charge 4
2020-12-26T16:54:10Z,130.0,Charge 4
2020-12-26T16:54:11Z,131.0,Charge 4
2020-12-26T16:54:14Z,131.0,Charge 4
2020-12-26T16:54:17Z,132.0,Charge 4
2020-12-26T16:54:20Z,132.0,Charge 4
2020-12-26T16:54:21Z,131.0,Charge 4
2020-12-26T16:54:23Z,132.0,Charge 4
2020-12-26T16:54:26Z,132.0,Charge 4
2020-12-26T16:54:28Z,131.0,Charge 4
2020-12-26T16:54:30Z,130.0,Charge 4
2020-12-26T16:54:31Z,130.0,Charge 4
2020-12-26T16:54:34Z,131.0,Charge 4
2020-12-26T16:54:37Z,131.0,Charge 4
2020-12-26T16:54:39Z,131.0,Charge 4
2020-12-26T16:54:41Z,131.0,Charge 4
2020-12-26T16:54:44Z,130.0,Charge 4
2020-12-26T16:54:46Z,129.0,Charge 4
2020-12-26T16:54:48Z,128.0,Charge 4
2020-12-26T16:54:49Z,127.0,Charge 4
2020-12-26T16:54:50Z,127.0,Charge 4
2020-12-26T16:54:51Z,126.0,Charge 4
2020-12-26T16:54:54Z,123.0,Charge 4
2020-12-26T16:54:55Z,123.0,Charge 4
2020-12-26T16:54:58Z,122.0,Charge 4
2020-12-26T16:55:01Z,122.0,Charge 4
2020-12-26T16:55:04Z,122.0,Charge 4
2020-12-26T16:55:05Z,122.0,Charge 4
2020-12-26T16:55:07Z,121.0,Charge 4
2020-12-26T16:55:10Z,121.0,Charge 4
2020-12-26T16:55:13Z,121.0,Charge 4
2020-12-26T16:55:14Z,120.0,Charge 4
2020-12-26T16:55:17Z,120.0,Charge 4
2020-12-26T16:55:18Z,119.0,Charge 4
2020-12-26T16:55:21Z,119.0,Charge 4
2020-12-26T16:55:22Z,118.0,Charge 4
2020-12-26T16:55:25Z,118.0,Charge 4
2020-12-26T16:55:27Z,117.0,Charge 4
2020-12-26T16:55:28Z,116.0,Charge 4
2020-12-26T16:55:29Z,116.0,Charge 4
2020-12-26T16:55:31Z,117.0,Charge 4
2020-12-26T16:55:34Z,117.0,Charge 4
2020-12-26T16:55:37Z,117.0,Charge 4
2020-12-26T16:55:40Z,117.0,Charge 4
2020-12-26T16:55:43Z,117.0,Charge 4
2020-12-26T16:55:46Z,118.0,Charge 4
2020-12-26T16:55:47Z,118.0,Charge 4
2020-12-26T16:55:50Z,118.0,Charge 4
2020-12-26T16:55:51Z,117.0,Charge 4
2020-12-26T16:55:54Z,117.0,Charge 4
2020-12-26T16:55:55Z,116.0,Charge 4
2020-12-26T16:55:56Z,115.0,Charge 4
2020-12-26T16:55:57Z,114.0,Charge 4
2020-12-26T16:55:58Z,113.0,Charge 4
2020-12-26T16:55:59Z,112.0,Charge 4
2020-12-26T16:56:00Z,111.0,Charge 4
2020-12-26T16:56:02Z,112.0,Charge 4
2020-12-26T16:56:03Z,113.0,Charge 4
2020-12-26T16:56:04Z,114.0,Charge 4
2020-12-26T16:56:05Z,115.0,Charge 4
2020-12-26T16:56:06Z,117.0,Charge 4
2020-12-26T16:56:07Z,118.0,Charge 4
2020-12-26T16:56:10Z,118.0,Charge 4
2020-12-26T16:56:11Z,119.0,Charge 4
2020-12-26T16:56:14Z,118.0,Charge 4
2020-12-26T16:56:17Z,118.0,Charge 4
2020-12-26T16:56:18Z,119.0,Charge 4
2020-12-26T16:56:21Z,118.0,Charge 4
2020-12-26T16:56:23Z,117.0,Charge 4
2020-12-26T16:56:26Z,116.0,Charge 4
2020-12-26T16:56:28Z,115.0,Charge 4
2020-12-26T16:56:29Z,114.0,Charge 4
2020-12-26T16:56:30Z,111.0,Charge 4
2020-12-26T16:56:31Z,110.0,Charge 4
2020-12-26T16:56:32Z,109.0,Charge 4
2020-12-26T16:56:34Z,108.0,Charge 4
2020-12-26T16:56:35Z,109.0,Charge 4
2020-12-26T16:56:37Z,110.0,Charge 4
2020-12-26T16:56:38Z,109.0,Charge 4
2020-12-26T16:56:39Z,108.0,Charge 4
2020-12-26T16:56:40Z,109.0,Charge 4
2020-12-26T16:56:41Z,109.0,Charge 4
2020-12-26T16:56:42Z,110.0,Charge 4
2020-12-26T16:56:43Z,109.0,Charge 4
2020-12-26T16:56:44Z,110.0,Charge 4
2020-12-26T16:56:45Z,111.0,Charge 4
2020-12-26T16:56:46Z,112.0,Charge 4
2020-12-26T16:56:47Z,113.0,Charge 4
2020-12-26T16:56:48Z,114.0,Charge 4
2020-12-26T16:56:51Z,113.0,Charge 4
2020-12-26T16:56:54Z,113.0,Charge 4
2020-12-26T16:56:56Z,114.0,Charge 4
2020-12-26T16:56:57Z,115.0,Charge 4
2020-12-26T16:56:58Z,116.0,Charge 4
2020-12-26T16:57:00Z,117.0,Charge 4
2020-12-26T16:57:01Z,118.0,Charge 4
2020-12-26T16:57:04Z,119.0,Charge 4
2020-12-26T16:57:06Z,120.0,Charge 4
2020-12-26T16:57:07Z,121.0,Charge 4
2020-12-26T16:57:09Z,122.0,Charge 4
2020-12-26T16:57:10Z,123.0,Charge 4
2020-12-26T16:57:12Z,124.0,Charge 4
2020-12-26T16:57:13Z,125.0,Charge 4
2020-12-26T16:57:15Z,124.0,Charge 4
2020-12-26T16:57:16Z,123.0,Charge 4
2020-12-26T16:57:17Z,123.0,Charge 4
2020-12-26T16:57:18Z,122.0,Charge 4
2020-12-26T16:57:21Z,121.0,Charge 4
2020-12-26T16:57:22Z,121.0,Charge 4
2020-12-26T16:57:25Z,121.0,Charge 4
2020-12-26T16:57:26Z,121.0,Charge 4
2020-12-26T16:57:27Z,121.0,Charge 4
2020-12-26T16:57:30Z,121.0,Charge 4
2020-12-26T16:57:33Z,121.0,Charge 4
2020-12-26T16:57:35Z,121.0,Charge 4
2020-12-26T16:57:37Z,121.0,Charge 4
2020-12-26T16:57:40Z,120.0,Charge 4
2020-12-26T16:57:43Z,119.0,Charge 4
2020-12-26T16:57:44Z,118.0,Charge 4
2020-12-26T16:57:46Z,117.0,Charge 4
2020-12-26T16:57:47Z,116.0,Charge 4
2020-12-26T16:57:48Z,115.0,Charge 4
2020-12-26T16:57:51Z,115.0,Charge 4
2020-12-26T16:57:52Z,117.0,Charge 4
2020-12-26T16:57:54Z,116.0,Charge 4
2020-12-26T16:57:57Z,116.0,Charge 4
2020-12-26T16:58:00Z,116.0,Charge 4
2020-12-26T16:58:02Z,117.0,Charge 4
2020-12-26T16:58:03Z,118.0,Charge 4
2020-12-26T16:58:04Z,117.0,Charge 4
2020-12-26T16:58:07Z,117.0,Charge 4
2020-12-26T16:58:09Z,116.0,Charge 4
2020-12-26T16:58:11Z,117.0,Charge 4
2020-12-26T16:58:13Z,118.0,Charge 4
2020-12-26T16:58:15Z,118.0,Charge 4
2020-12-26T16:58:16Z,118.0,Charge 4
2020-12-26T16:58:17Z,118.0,Charge 4
2020-12-26T16:58:18Z,118.0,Charge 4
2020-12-26T16:58:21Z,118.0,Charge 4
2020-12-26T16:58:23Z,117.0,Charge 4
2020-12-26T16:58:26Z,117.0,Charge 4
2020-12-26T16:58:27Z,118.0,Charge 4
2020-12-26T16:58:28Z,119.0,Charge 4
2020-12-26T16:58:29Z,120.0,Charge 4
2020-12-26T16:58:30Z,120.0,Charge 4
2020-12-26T16:58:33Z,121.0,Charge 4
2020-12-26T16:58:36Z,121.0,Charge 4
2020-12-26T16:58:39Z,121.0,Charge 4
2020-12-26T16:58:42Z,121.0,Charge 4
2020-12-26T16:58:44Z,120.0,Charge 4
2020-12-26T16:58:47Z,120.0,Charge 4
2020-12-26T16:58:50Z,119.0,Charge 4
2020-12-26T16:58:53Z,119.0,Charge 4
2020-12-26T16:58:55Z,118.0,Charge 4
2020-12-26T16:58:58Z,117.0,Charge 4
2020-12-26T16:58:59Z,117.0,Charge 4
2020-12-26T16:59:01Z,116.0,Charge 4
2020-12-26T16:59:02Z,116.0,Charge 4
2020-12-26T16:59:03Z,116.0,Charge 4
2020-12-26T16:59:05Z,117.0,Charge 4
2020-12-26T16:59:06Z,117.0,Charge 4
2020-12-26T16:59:08Z,117.0,Charge 4
2020-12-26T16:59:09Z,117.0,Charge 4
2020-12-26T16:59:12Z,118.0,Charge 4
2020-12-26T16:59:13Z,118.0,Charge 4
2020-12-26T16:59:16Z,117.0,Charge 4
2020-12-26T16:59:17Z,116.0,Charge 4
2020-12-26T16:59:20Z,116.0,Charge 4
2020-12-26T16:59:22Z,117.0,Charge 4
2020-12-26T16:59:23Z,116.0,Charge 4
2020-12-26T16:59:24Z,117.0,Charge 4
2020-12-26T16:59:27Z,116.0,Charge 4
2020-12-26T16:59:29Z,115.0,Charge 4
2020-12-26T16:59:32Z,116.0,Charge 4
2020-12-26T16:59:35Z,116.0,Charge 4
2020-12-26T16:59:36Z,117.0,Charge 4
2020-12-26T16:59:39Z,117.0,Charge 4
2020-12-26T16:59:41Z,116.0,Charge 4
2020-12-26T16:59:44Z,116.0,Charge 4
2020-12-26T16:59:45Z,118.0,Charge 4
2020-12-26T16:59:46Z,119.0,Charge 4
2020-12-26T16:59:48Z,118.0,Charge 4
2020-12-26T16:59:50Z,119.0,Charge 4
2020-12-26T16:59:52Z,120.0,Charge 4
2020-12-26T16:59:53Z,119.0,Charge 4
2020-12-26T16:59:55Z,120.0,Charge 4
2020-12-26T16:59:56Z,121.0,Charge 4
2020-12-26T16:59:57Z,122.0,Charge 4
2020-12-26T17:00:00Z,122.0,Charge 4
2020-12-26T17:00:01Z,122.0,Charge 4
2020-12-26T17:00:04Z,122.0,Charge 4
2020-12-26T17:00:06Z,122.0,Charge 4
2020-12-26T17:00:07Z,123.0,Charge 4
2020-12-26T17:00:09Z,123.0,Charge 4
2020-12-26T17:00:10Z,124.0,Charge 4
2020-12-26T17:00:12Z,126.0,Charge 4
2020-12-26T17:00:13Z,127.0,Charge 4
2020-12-26T17:00:14Z,127.0,Charge 4
2020-12-26T17:00:17Z,127.0,Charge 4
2020-12-26T17:00:20Z,128.0,Charge 4
2020-12-26T17:00:23Z,128.0,Charge 4
2020-12-26T17:00:25Z,128.0,Charge 4
2020-12-26T17:00:28Z,128.0,Charge 4
2020-12-26T17:00:31Z,128.0,Charge 4
2020-12-26T17:00:34Z,128.0,Charge 4
2020-12-26T17:00:35Z,121.0,Charge 4
2020-12-26T17:00:36Z,119.0,Charge 4
2020-12-26T17:00:37Z,117.0,Charge 4
2020-12-26T17:00:39Z,117.0,Charge 4
2020-12-26T17:00:41Z,119.0,Charge 4
2020-12-26T17:00:42Z,119.0,Charge 4
2020-12-26T17:00:43Z,120.0,Charge 4
2020-12-26T17:00:46Z,121.0,Charge 4
2020-12-26T17:00:49Z,121.0,Charge 4
2020-12-26T17:00:52Z,121.0,Charge 4
2020-12-26T17:00:53Z,120.0,Charge 4
2020-12-26T17:00:54Z,120.0,Charge 4
2020-12-26T17:00:57Z,120.0,Charge 4
2020-12-26T17:00:59Z,121.0,Charge 4
2020-12-26T17:01:01Z,122.0,Charge 4
2020-12-26T17:01:02Z,123.0,Charge 4
2020-12-26T17:01:05Z,123.0,Charge 4
2020-12-26T17:01:08Z,124.0,Charge 4
2020-12-26T17:01:09Z,125.0,Charge 4
2020-12-26T17:01:11Z,126.0,Charge 4
2020-12-26T17:01:14Z,125.0,Charge 4
2020-12-26T17:01:16Z,124.0,Charge 4
2020-12-26T17:01:17Z,118.0,Charge 4
2020-12-26T17:01:18Z,115.0,Charge 4
2020-12-26T17:01:19Z,113.0,Charge 4
2020-12-26T17:01:22Z,112.0,Charge 4
2020-12-26T17:01:23Z,111.0,Charge 4
2020-12-26T17:01:25Z,110.0,Charge 4
2020-12-26T17:01:26Z,109.0,Charge 4
2020-12-26T17:01:27Z,108.0,Charge 4
2020-12-26T17:01:28Z,107.0,Charge 4
2020-12-26T17:01:29Z,104.0,Charge 4
2020-12-26T17:01:30Z,102.0,Charge 4
2020-12-26T17:01:32Z,101.0,Charge 4
2020-12-26T17:01:35Z,101.0,Charge 4
2020-12-26T17:01:38Z,101.0,Charge 4
2020-12-26T17:01:41Z,101.0,Charge 4
2020-12-26T17:01:44Z,101.0,Charge 4
2020-12-26T17:01:45Z,101.0,Charge 4
2020-12-26T17:01:46Z,102.0,Charge 4
2020-12-26T17:01:47Z,103.0,Charge 4
2020-12-26T17:01:49Z,104.0,Charge 4
2020-12-26T17:01:50Z,104.0,Charge 4
2020-12-26T17:01:51Z,103.0,Charge 4
2020-12-26T17:01:53Z,102.0,Charge 4
2020-12-26T17:01:54Z,103.0,Charge 4
2020-12-26T17:01:55Z,102.0,Charge 4
2020-12-26T17:01:56Z,103.0,Charge 4
2020-12-26T17:01:59Z,103.0,Charge 4
2020-12-26T17:02:02Z,104.0,Charge 4
2020-12-26T17:02:04Z,104.0,Charge 4
2020-12-26T17:02:05Z,105.0,Charge 4
2020-12-26T17:02:07Z,106.0,Charge 4
2020-12-26T17:02:10Z,106.0,Charge 4
2020-12-26T17:02:12Z,106.0,Charge 4
2020-12-26T17:02:15Z,107.0,Charge 4
2020-12-26T17:02:18Z,109.0,Charge 4
2020-12-26T17:02:21Z,110.0,Charge 4
2020-12-26T17:02:24Z,111.0,Charge 4
2020-12-26T17:02:26Z,112.0,Charge 4
2020-12-26T17:02:27Z,111.0,Charge 4
2020-12-26T17:02:28Z,110.0,Charge 4
2020-12-26T17:02:30Z,111.0,Charge 4
2020-12-26T17:02:31Z,112.0,Charge 4
2020-12-26T17:02:32Z,113.0,Charge 4
2020-12-26T17:02:33Z,113.0,Charge 4
2020-12-26T17:02:34Z,115.0,Charge 4
2020-12-26T17:02:35Z,117.0,Charge 4
2020-12-26T17:02:36Z,118.0,Charge 4
2020-12-26T17:02:37Z,119.0,Charge 4
2020-12-26T17:02:39Z,118.0,Charge 4
2020-12-26T17:02:40Z,116.0,Charge 4
2020-12-26T17:02:43Z,115.0,Charge 4
2020-12-26T17:02:46Z,117.0,Charge 4
2020-12-26T17:02:47Z,119.0,Charge 4
2020-12-26T17:02:48Z,121.0,Charge 4
2020-12-26T17:02:49Z,122.0,Charge 4
2020-12-26T17:02:50Z,123.0,Charge 4
2020-12-26T17:02:51Z,124.0,Charge 4
2020-12-26T17:02:52Z,125.0,Charge 4
2020-12-26T17:02:53Z,126.0,Charge 4
2020-12-26T17:02:55Z,127.0,Charge 4
2020-12-26T17:02:56Z,128.0,Charge 4
2020-12-26T17:02:59Z,129.0,Charge 4
2020-12-26T17:03:01Z,128.0,Charge 4
2020-12-26T17:03:02Z,127.0,Charge 4
2020-12-26T17:03:05Z,127.0,Charge 4
2020-12-26T17:03:06Z,127.0,Charge 4
2020-12-26T17:03:07Z,128.0,Charge 4
2020-12-26T17:03:10Z,128.0,Charge 4
2020-12-26T17:03:11Z,127.0,Charge 4
2020-12-26T17:03:13Z,127.0,Charge 4
2020-12-26T17:03:14Z,127.0,Charge 4
2020-12-26T17:03:15Z,127.0,Charge 4
2020-12-26T17:03:16Z,126.0,Charge 4
2020-12-26T17:03:18Z,126.0,Charge 4
2020-12-26T17:03:21Z,125.0,Charge 4
2020-12-26T17:03:24Z,125.0,Charge 4
2020-12-26T17:03:25Z,123.0,Charge 4
2020-12-26T17:03:26Z,123.0,Charge 4
2020-12-26T17:03:27Z,122.0,Charge 4
2020-12-26T17:03:28Z,121.0,Charge 4
2020-12-26T17:03:29Z,120.0,Charge 4
2020-12-26T17:03:31Z,119.0,Charge 4
2020-12-26T17:03:34Z,119.0,Charge 4
2020-12-26T17:03:35Z,118.0,Charge 4
2020-12-26T17:03:38Z,118.0,Charge 4
2020-12-26T17:03:41Z,117.0,Charge 4
2020-12-26T17:03:42Z,115.0,Charge 4
2020-12-26T17:03:43Z,113.0,Charge 4
2020-12-26T17:03:44Z,112.0,Charge 4
2020-12-26T17:03:45Z,110.0,Charge 4
2020-12-26T17:03:46Z,110.0,Charge 4
2020-12-26T17:03:49Z,110.0,Charge 4
2020-12-26T17:03:50Z,111.0,Charge 4
2020-12-26T17:03:53Z,112.0,Charge 4
2020-12-26T17:03:56Z,112.0,Charge 4
2020-12-26T17:03:57Z,111.0,Charge 4
2020-12-26T17:03:59Z,112.0,Charge 4
2020-12-26T17:04:00Z,113.0,Charge 4
2020-12-26T17:04:03Z,113.0,Charge 4
2020-12-26T17:04:06Z,113.0,Charge 4
2020-12-26T17:04:08Z,112.0,Charge 4
2020-12-26T17:04:11Z,112.0,Charge 4
2020-12-26T17:04:13Z,111.0,Charge 4
2020-12-26T17:04:16Z,111.0,Charge 4
2020-12-26T17:04:19Z,111.0,Charge 4
2020-12-26T17:04:22Z,111.0,Charge 4
2020-12-26T17:04:23Z,112.0,Charge 4
2020-12-26T17:04:26Z,111.0,Charge 4
2020-12-26T17:04:29Z,111.0,Charge 4
2020-12-26T17:04:32Z,111.0,Charge 4
2020-12-26T17:04:35Z,111.0,Charge 4
2020-12-26T17:04:38Z,111.0,Charge 4
2020-12-26T17:04:41Z,111.0,Charge 4
2020-12-26T17:04:42Z,110.0,Charge 4
2020-12-26T17:04:43Z,111.0,Charge 4
2020-12-26T17:04:44Z,111.0,Charge 4
2020-12-26T17:04:47Z,111.0,Charge 4
2020-12-26T17:04:49Z,110.0,Charge 4
2020-12-26T17:04:50Z,110.0,Charge 4
2020-12-26T17:04:53Z,110.0,Charge 4
2020-12-26T17:04:54Z,111.0,Charge 4
2020-12-26T17:04:57Z,112.0,Charge 4
2020-12-26T17:05:00Z,112.0,Charge 4
2020-12-26T17:05:03Z,113.0,Charge 4
2020-12-26T17:05:04Z,113.0,Charge 4
2020-12-26T17:05:06Z,114.0,Charge 4
2020-12-26T17:05:09Z,114.0,Charge 4
2020-12-26T17:05:11Z,113.0,Charge 4
2020-12-26T17:05:14Z,113.0,Charge 4
2020-12-26T17:05:16Z,115.0,Charge 4
2020-12-26T17:05:18Z,114.0,Charge 4
2020-12-26T17:05:19Z,115.0,Charge 4
2020-12-26T17:05:22Z,115.0,Charge 4
2020-12-26T17:05:23Z,114.0,Charge 4
2020-12-26T17:05:25Z,115.0,Charge 4
2020-12-26T17:05:28Z,115.0,Charge 4
2020-12-26T17:05:30Z,115.0,Charge 4
2020-12-26T17:05:33Z,115.0,Charge 4
2020-12-26T17:05:35Z,116.0,Charge 4
2020-12-26T17:05:36Z,117.0,Charge 4
2020-12-26T17:05:37Z,118.0,Charge 4
2020-12-26T17:05:38Z,120.0,Charge 4
2020-12-26T17:05:39Z,121.0,Charge 4
2020-12-26T17:05:40Z,122.0,Charge 4
2020-12-26T17:05:41Z,123.0,Charge 4
2020-12-26T17:05:42Z,122.0,Charge 4
2020-12-26T17:05:43Z,121.0,Charge 4
2020-12-26T17:05:44Z,120.0,Charge 4
2020-12-26T17:05:45Z,121.0,Charge 4
2020-12-26T17:05:47Z,120.0,Charge 4
2020-12-26T17:05:48Z,120.0,Charge 4
2020-12-26T17:05:49Z,120.0,Charge 4
2020-12-26T17:05:50Z,119.0,Charge 4
2020-12-26T17:05:53Z,118.0,Charge 4
2020-12-26T17:05:56Z,118.0,Charge 4
2020-12-26T17:05:57Z,117.0,Charge 4
2020-12-26T17:05:59Z,116.0,Charge 4
2020-12-26T17:06:01Z,115.0,Charge 4
2020-12-26T17:06:04Z,113.0,Charge 4
2020-12-26T17:06:05Z,113.0,Charge 4
2020-12-26T17:06:08Z,112.0,Charge 4
2020-12-26T17:06:11Z,112.0,Charge 4
2020-12-26T17:06:14Z,112.0,Charge 4
2020-12-26T17:06:16Z,111.0,Charge 4
2020-12-26T17:06:18Z,112.0,Charge 4
2020-12-26T17:06:19Z,113.0,Charge 4
2020-12-26T17:06:20Z,114.0,Charge 4
2020-12-26T17:06:22Z,115.0,Charge 4
2020-12-26T17:06:24Z,115.0,Charge 4
2020-12-26T17:06:26Z,115.0,Charge 4
2020-12-26T17:06:27Z,116.0,Charge 4
2020-12-26T17:06:28Z,117.0,Charge 4
2020-12-26T17:06:31Z,117.0,Charge 4
2020-12-26T17:06:32Z,116.0,Charge 4
2020-12-26T17:06:35Z,116.0,Charge 4
2020-12-26T17:06:38Z,117.0,Charge 4
2020-12-26T17:06:41Z,120.0,Charge 4
2020-12-26T17:06:42Z,121.0,Charge 4
2020-12-26T17:06:43Z,122.0,Charge 4
2020-12-26T17:06:46Z,121.0,Charge 4
2020-12-26T17:06:48Z,120.0,Charge 4
2020-12-26T17:06:50Z,119.0,Charge 4
2020-12-26T17:06:52Z,118.0,Charge 4
2020-12-26T17:06:55Z,118.0,Charge 4
2020-12-26T17:06:58Z,118.0,Charge 4
2020-12-26T17:06:59Z,119.0,Charge 4
2020-12-26T17:07:02Z,119.0,Charge 4
2020-12-26T17:07:05Z,120.0,Charge 4
2020-12-26T17:07:06Z,121.0,Charge 4
2020-12-26T17:07:07Z,121.0,Charge 4
2020-12-26T17:07:08Z,122.0,Charge 4
2020-12-26T17:07:09Z,123.0,Charge 4
2020-12-26T17:07:10Z,122.0,Charge 4
2020-12-26T17:07:12Z,123.0,Charge 4
2020-12-26T17:07:13Z,124.0,Charge 4
2020-12-26T17:07:14Z,125.0,Charge 4
2020-12-26T17:07:15Z,126.0,Charge 4
2020-12-26T17:07:16Z,127.0,Charge 4
2020-12-26T17:07:17Z,128.0,Charge 4
2020-12-26T17:07:18Z,127.0,Charge 4
2020-12-26T17:07:21Z,127.0,Charge 4
2020-12-26T17:07:22Z,126.0,Charge 4
2020-12-26T17:07:24Z,125.0,Charge 4
2020-12-26T17:07:27Z,125.0,Charge 4
2020-12-26T17:07:30Z,125.0,Charge 4
2020-12-26T17:07:31Z,124.0,Charge 4
2020-12-26T17:07:34Z,124.0,Charge 4
2020-12-26T17:07:37Z,124.0,Charge 4
2020-12-26T17:07:38Z,123.0,Charge 4
2020-12-26T17:07:41Z,122.0,Charge 4
2020-12-26T17:07:44Z,122.0,Charge 4
2020-12-26T17:07:47Z,122.0,Charge 4
2020-12-26T17:07:49Z,121.0,Charge 4
2020-12-26T17:07:51Z,119.0,Charge 4
2020-12-26T17:07:52Z,118.0,Charge 4
2020-12-26T17:07:55Z,118.0,Charge 4
2020-12-26T17:07:58Z,118.0,Charge 4
2020-12-26T17:08:01Z,118.0,Charge 4
2020-12-26T17:08:04Z,118.0,Charge 4
2020-12-26T17:08:07Z,118.0,Charge 4
2020-12-26T17:08:09Z,119.0,Charge 4
2020-12-26T17:08:11Z,120.0,Charge 4
2020-12-26T17:08:14Z,120.0,Charge 4
2020-12-26T17:08:16Z,120.0,Charge 4
2020-12-26T17:08:17Z,120.0,Charge 4
2020-12-26T17:08:20Z,120.0,Charge 4
2020-12-26T17:08:23Z,120.0,Charge 4
2020-12-26T17:08:26Z,119.0,Charge 4
2020-12-26T17:08:29Z,119.0,Charge 4
2020-12-26T17:08:30Z,120.0,Charge 4
2020-12-26T17:08:33Z,121.0,Charge 4
2020-12-26T17:08:36Z,121.0,Charge 4
2020-12-26T17:08:37Z,122.0,Charge 4
2020-12-26T17:08:38Z,123.0,Charge 4
2020-12-26T17:08:39Z,124.0,Charge 4
2020-12-26T17:08:40Z,125.0,Charge 4
2020-12-26T17:08:42Z,127.0,Charge 4
2020-12-26T17:08:45Z,128.0,Charge 4
2020-12-26T17:08:48Z,127.0,Charge 4
2020-12-26T17:08:51Z,128.0,Charge 4
2020-12-26T17:08:52Z,129.0,Charge 4
2020-12-26T17:08:55Z,129.0,Charge 4
2020-12-26T17:08:56Z,130.0,Charge 4
2020-12-26T17:08:59Z,130.0,Charge 4
2020-12-26T17:09:02Z,130.0,Charge 4
2020-12-26T17:09:05Z,131.0,Charge 4
2020-12-26T17:09:08Z,131.0,Charge 4
2020-12-26T17:09:10Z,130.0,Charge 4
2020-12-26T17:09:13Z,130.0,Charge 4
2020-12-26T17:09:14Z,129.0,Charge 4
2020-12-26T17:09:15Z,128.0,Charge 4
2020-12-26T17:09:21Z,129.0,Charge 4
2020-12-26T17:09:26Z,128.0,Charge 4
2020-12-26T17:09:31Z,126.0,Charge 4
2020-12-26T17:09:36Z,123.0,Charge 4
2020-12-26T17:09:41Z,122.0,Charge 4
2020-12-26T17:09:46Z,121.0,Charge 4
2020-12-26T17:09:51Z,120.0,Charge 4
2020-12-26T17:10:06Z,121.0,Charge 4
2020-12-26T17:10:11Z,120.0,Charge 4
2020-12-26T17:10:16Z,118.0,Charge 4
2020-12-26T17:10:21Z,110.0,Charge 4
2020-12-26T17:10:26Z,104.0,Charge 4
2020-12-26T17:10:31Z,100.0,Charge 4
2020-12-26T17:10:36Z,99.0,Charge 4
2020-12-26T17:10:41Z,99.0,Charge 4
2020-12-26T17:10:46Z,97.0,Charge 4
2020-12-26T17:10:51Z,96.0,Charge 4
2020-12-26T17:10:56Z,96.0,Charge 4
2020-12-26T17:11:01Z,95.0,Charge 4
2020-12-26T17:11:16Z,94.0,Charge 4
2020-12-26T17:11:21Z,92.0,Charge 4
2020-12-26T17:11:26Z,92.0,Charge 4
2020-12-26T17:11:31Z,93.0,Charge 4
2020-12-26T17:11:36Z,92.0,Charge 4
2020-12-26T17:11:41Z,89.0,Charge 4
2020-12-26T17:11:46Z,88.0,Charge 4
2020-12-26T17:12:01Z,88.0,Charge 4
2020-12-26T17:12:06Z,88.0,Charge 4
2020-12-26T17:12:11Z,89.0,Charge 4
2020-12-26T17:12:16Z,91.0,Charge 4
2020-12-26T17:12:21Z,93.0,Charge 4
2020-12-26T17:12:26Z,90.0,Charge 4
2020-12-26T17:12:31Z,89.0,Charge 4
2020-12-26T17:12:41Z,89.0,Charge 4
2020-12-26T17:12:46Z,90.0,Charge 4
2020-12-26T17:12:51Z,91.0,Charge 4
2020-12-26T17:13:01Z,90.0,Charge 4
2020-12-26T17:13:06Z,89.0,Charge 4
2020-12-26T17:13:16Z,89.0,Charge 4
2020-12-26T17:13:21Z,88.0,Charge 4
2020-12-26T17:13:26Z,88.0,Charge 4
2020-12-26T17:13:36Z,89.0,Charge 4
2020-12-26T17:13:41Z,89.0,Charge 4
2020-12-26T17:13:46Z,89.0,Charge 4
2020-12-26T17:13:51Z,87.0,Charge 4
2020-12-26T17:13:56Z,87.0,Charge 4
2020-12-26T17:14:11Z,87.0,Charge 4
2020-12-26T17:14:26Z,83.0,Charge 4
2020-12-26T17:14:31Z,84.0,Charge 4
2020-12-26T17:14:41Z,83.0,Charge 4
2020-12-26T17:14:46Z,84.0,Charge 4
2020-12-26T17:14:51Z,85.0,Charge 4
2020-12-26T17:15:06Z,85.0,Charge 4
2020-12-26T17:15:10Z,85.0,Charge 4
2020-12-26T17:15:20Z,84.0,Charge 4
2020-12-26T17:15:35Z,84.0,Charge 4
2020-12-26T17:15:45Z,82.0,Charge 4
2020-12-26T17:15:50Z,83.0,Charge 4
2020-12-26T17:15:55Z,83.0,Charge 4
2020-12-26T17:16:00Z,84.0,Charge 4
2020-12-26T17:16:10Z,83.0,Charge 4
2020-12-26T17:16:25Z,83.0,Charge 4
2020-12-26T17:16:35Z,84.0,Charge 4
2020-12-26T17:16:45Z,86.0,Charge 4
2020-12-26T17:16:50Z,88.0,Charge 4
2020-12-26T17:16:55Z,89.0,Charge 4
2020-12-26T17:17:00Z,89.0,Charge 4
2020-12-26T17:17:15Z,89.0,Charge 4
2020-12-26T17:17:20Z,90.0,Charge 4
2020-12-26T17:17:25Z,92.0,Charge 4
2020-12-26T17:17:30Z,91.0,Charge 4
2020-12-26T17:17:35Z,82.0,Charge 4
2020-12-26T17:17:40Z,82.0,Charge 4
2020-12-26T17:17:45Z,84.0,Charge 4
2020-12-26T17:17:50Z,85.0,Charge 4
2020-12-26T17:17:55Z,86.0,Charge 4
2020-12-26T17:18:00Z,87.0,Charge 4
2020-12-26T17:18:05Z,88.0,Charge 4
2020-12-26T17:18:11Z,92.0,Charge 4
2020-12-26T17:18:16Z,95.0,Charge 4
2020-12-26T17:18:21Z,97.0,Charge 4
2020-12-26T17:18:26Z,98.0,Charge 4
2020-12-26T17:18:36Z,100.0,Charge 4
2020-12-26T17:18:41Z,101.0,Charge 4
2020-12-26T17:18:46Z,102.0,Charge 4
2020-12-26T17:18:51Z,101.0,Charge 4
2020-12-26T17:18:56Z,98.0,Charge 4
2020-12-26T17:19:06Z,100.0,Charge 4
2020-12-26T17:19:11Z,102.0,Charge 4
2020-12-26T17:19:16Z,109.0,Charge 4
2020-12-26T17:19:21Z,113.0,Charge 4
2020-12-26T17:19:26Z,112.0,Charge 4
2020-12-26T17:19:36Z,111.0,Charge 4
2020-12-26T17:19:41Z,109.0,Charge 4
2020-12-26T17:19:46Z,107.0,Charge 4
2020-12-26T17:19:56Z,105.0,Charge 4
2020-12-26T17:20:01Z,104.0,Charge 4
2020-12-26T17:20:06Z,102.0,Charge 4
2020-12-26T17:20:11Z,101.0,Charge 4
2020-12-26T17:20:21Z,102.0,Charge 4
2020-12-26T17:20:26Z,101.0,Charge 4
2020-12-26T17:20:41Z,101.0,Charge 4
2020-12-26T17:20:56Z,101.0,Charge 4
2020-12-26T17:21:06Z,102.0,Charge 4
2020-12-26T17:21:11Z,103.0,Charge 4
2020-12-26T17:21:16Z,103.0,Charge 4
2020-12-26T17:21:26Z,104.0,Charge 4
2020-12-26T17:21:31Z,105.0,Charge 4
2020-12-26T17:21:36Z,104.0,Charge 4
2020-12-26T17:21:41Z,102.0,Charge 4
2020-12-26T17:21:56Z,103.0,Charge 4
2020-12-26T17:22:01Z,103.0,Charge 4
2020-12-26T17:22:06Z,105.0,Charge 4
2020-12-26T17:22:11Z,107.0,Charge 4
2020-12-26T17:22:16Z,108.0,Charge 4
2020-12-26T17:22:21Z,109.0,Charge 4
2020-12-26T17:22:26Z,108.0,Charge 4
2020-12-26T17:22:36Z,107.0,Charge 4
2020-12-26T17:22:41Z,104.0,Charge 4
2020-12-26T17:22:46Z,101.0,Charge 4
2020-12-26T17:22:51Z,102.0,Charge 4
2020-12-26T17:22:56Z,101.0,Charge 4
2020-12-26T17:23:01Z,102.0,Charge 4
2020-12-26T17:23:06Z,100.0,Charge 4
2020-12-26T17:23:11Z,99.0,Charge 4
2020-12-26T17:23:16Z,100.0,Charge 4
2020-12-26T17:23:21Z,101.0,Charge 4
2020-12-26T17:23:26Z,100.0,Charge 4
2020-12-26T17:23:31Z,99.0,Charge 4
2020-12-26T17:23:41Z,97.0,Charge 4
2020-12-26T17:23:46Z,95.0,Charge 4
2020-12-26T17:23:51Z,93.0,Charge 4
2020-12-26T17:23:56Z,92.0,Charge 4
2020-12-26T17:24:01Z,94.0,Charge 4
2020-12-26T17:24:06Z,98.0,Charge 4
2020-12-26T17:24:11Z,101.0,Charge 4
2020-12-26T17:24:16Z,103.0,Charge 4
2020-12-26T17:24:21Z,106.0,Charge 4
2020-12-26T17:24:26Z,107.0,Charge 4
2020-12-26T17:24:31Z,106.0,Charge 4
2020-12-26T17:24:36Z,98.0,Charge 4
2020-12-26T17:24:41Z,97.0,Charge 4
2020-12-26T17:24:51Z,101.0,Charge 4
2020-12-26T17:24:56Z,99.0,Charge 4
2020-12-26T17:25:06Z,102.0,Charge 4
2020-12-26T17:25:16Z,101.0,Charge 4
2020-12-26T17:25:21Z,98.0,Charge 4
2020-12-26T17:25:26Z,96.0,Charge 4
2020-12-26T17:25:36Z,95.0,Charge 4
2020-12-26T17:25:41Z,94.0,Charge 4
2020-12-26T17:25:46Z,96.0,Charge 4
2020-12-26T17:25:51Z,102.0,Charge 4
2020-12-26T17:25:56Z,108.0,Charge 4
2020-12-26T17:26:01Z,112.0,Charge 4
2020-12-26T17:26:06Z,110.0,Charge 4
2020-12-26T17:26:11Z,99.0,Charge 4
2020-12-26T17:26:16Z,92.0,Charge 4
2020-12-26T17:26:21Z,90.0,Charge 4
2020-12-26T17:26:26Z,90.0,Charge 4
2020-12-26T17:26:31Z,91.0,Charge 4
2020-12-26T17:26:36Z,90.0,Charge 4
2020-12-26T17:26:51Z,90.0,Charge 4
2020-12-26T17:27:06Z,89.0,Charge 4
2020-12-26T17:27:21Z,89.0,Charge 4
2020-12-26T17:27:26Z,90.0,Charge 4
2020-12-26T17:27:41Z,90.0,Charge 4
2020-12-26T17:27:51Z,91.0,Charge 4
2020-12-26T17:28:01Z,92.0,Charge 4
2020-12-26T17:28:06Z,91.0,Charge 4
2020-12-26T17:28:21Z,91.0,Charge 4
2020-12-26T17:28:36Z,91.0,Charge 4
2020-12-26T17:28:46Z,92.0,Charge 4
2020-12-26T17:29:01Z,92.0,Charge 4
2020-12-26T17:29:06Z,91.0,Charge 4
2020-12-26T17:29:21Z,90.0,Charge 4
2020-12-26T17:29:31Z,89.0,Charge 4
2020-12-26T17:29:41Z,90.0,Charge 4
2020-12-26T17:29:51Z,91.0,Charge 4
2020-12-26T17:29:56Z,92.0,Charge 4
2020-12-26T17:30:01Z,93.0,Charge 4
2020-12-26T17:30:06Z,95.0,Charge 4
2020-12-26T17:30:11Z,92.0,Charge 4
2020-12-26T17:30:16Z,87.0,Charge 4
2020-12-26T17:30:26Z,88.0,Charge 4
2020-12-26T17:30:41Z,88.0,Charge 4
2020-12-26T17:30:46Z,88.0,Charge 4
2020-12-26T17:31:01Z,90.0,Charge 4
2020-12-26T17:31:06Z,91.0,Charge 4
2020-12-26T17:31:16Z,83.0,Charge 4
2020-12-26T17:31:21Z,79.0,Charge 4
2020-12-26T17:31:26Z,80.0,Charge 4
2020-12-26T17:31:41Z,80.0,Charge 4
2020-12-26T17:31:56Z,79.0,Charge 4
2020-12-26T17:32:06Z,80.0,Charge 4
2020-12-26T17:32:21Z,81.0,Charge 4
2020-12-26T17:32:31Z,80.0,Charge 4
2020-12-26T17:32:36Z,81.0,Charge 4
2020-12-26T17:32:41Z,80.0,Charge 4
2020-12-26T17:32:51Z,83.0,Charge 4
2020-12-26T17:32:56Z,84.0,Charge 4
2020-12-26T17:33:01Z,83.0,Charge 4
2020-12-26T17:33:06Z,82.0,Charge 4
2020-12-26T17:33:11Z,81.0,Charge 4
2020-12-26T17:33:16Z,82.0,Charge 4
2020-12-26T17:33:26Z,81.0,Charge 4
2020-12-26T17:33:41Z,82.0,Charge 4
2020-12-26T17:33:46Z,81.0,Charge 4
2020-12-26T17:34:01Z,80.0,Charge 4
2020-12-26T17:34:16Z,80.0,Charge 4
2020-12-26T17:34:31Z,80.0,Charge 4
2020-12-26T17:34:36Z,80.0,Charge 4
2020-12-26T17:34:51Z,79.0,Charge 4
2020-12-26T17:34:56Z,79.0,Charge 4
2020-12-26T17:35:11Z,79.0,Charge 4
2020-12-26T17:35:21Z,78.0,Charge 4
2020-12-26T17:35:36Z,78.0,Charge 4
2020-12-26T17:35:46Z,79.0,Charge 4
2020-12-26T17:35:56Z,77.0,Charge 4
2020-12-26T17:36:06Z,78.0,Charge 4
2020-12-26T17:36:11Z,80.0,Charge 4
2020-12-26T17:36:21Z,79.0,Charge 4
2020-12-26T17:36:26Z,77.0,Charge 4
2020-12-26T17:36:31Z,77.0,Charge 4
2020-12-26T17:36:46Z,77.0,Charge 4
2020-12-26T17:37:01Z,76.0,Charge 4
2020-12-26T17:37:06Z,76.0,Charge 4
2020-12-26T17:37:11Z,77.0,Charge 4
2020-12-26T17:37:21Z,77.0,Charge 4
2020-12-26T17:37:36Z,78.0,Charge 4
2020-12-26T17:37:41Z,79.0,Charge 4
2020-12-26T17:37:56Z,79.0,Charge 4
2020-12-26T17:38:11Z,79.0,Charge 4
2020-12-26T17:38:26Z,79.0,Charge 4
2020-12-26T17:38:41Z,78.0,Charge 4
2020-12-26T17:38:46Z,76.0,Charge 4
2020-12-26T17:38:51Z,77.0,Charge 4
2020-12-26T17:39:06Z,77.0,Charge 4
2020-12-26T17:39:16Z,79.0,Charge 4
2020-12-26T17:39:21Z,80.0,Charge 4
2020-12-26T17:39:26Z,80.0,Charge 4
2020-12-26T17:39:31Z,81.0,Charge 4
2020-12-26T17:39:36Z,80.0,Charge 4
2020-12-26T17:39:41Z,80.0,Charge 4
2020-12-26T17:39:46Z,80.0,Charge 4
2020-12-26T17:39:51Z,79.0,Charge 4
2020-12-26T17:40:06Z,79.0,Charge 4
2020-12-26T17:40:11Z,81.0,Charge 4
2020-12-26T17:40:26Z,81.0,Charge 4
2020-12-26T17:40:36Z,81.0,Charge 4
2020-12-26T17:40:41Z,81.0,Charge 4
2020-12-26T17:40:46Z,82.0,Charge 4
2020-12-26T17:40:51Z,83.0,Charge 4
2020-12-26T17:40:56Z,81.0,Charge 4
2020-12-26T17:41:01Z,81.0,Charge 4
2020-12-26T17:41:16Z,81.0,Charge 4
2020-12-26T17:41:26Z,80.0,Charge 4
2020-12-26T17:41:31Z,80.0,Charge 4
2020-12-26T17:41:46Z,80.0,Charge 4
2020-12-26T17:41:51Z,77.0,Charge 4
2020-12-26T17:41:56Z,76.0,Charge 4
2020-12-26T17:42:11Z,76.0,Charge 4
2020-12-26T17:42:26Z,76.0,Charge 4
2020-12-26T17:42:36Z,77.0,Charge 4
2020-12-26T17:42:51Z,77.0,Charge 4
2020-12-26T17:42:57Z,77.0,Charge 4
2020-12-26T17:43:12Z,78.0,Charge 4
2020-12-26T17:43:17Z,78.0,Charge 4
2020-12-26T17:43:22Z,78.0,Charge 4
2020-12-26T17:43:37Z,78.0,Charge 4
2020-12-26T17:43:42Z,77.0,Charge 4
2020-12-26T17:43:57Z,78.0,Charge 4
2020-12-26T17:44:12Z,79.0,Charge 4
2020-12-26T17:44:27Z,79.0,Charge 4
2020-12-26T17:44:32Z,79.0,Charge 4
2020-12-26T17:44:37Z,78.0,Charge 4
2020-12-26T17:44:47Z,78.0,Charge 4
2020-12-26T17:44:57Z,79.0,Charge 4
2020-12-26T17:45:07Z,80.0,Charge 4
2020-12-26T17:45:12Z,81.0,Charge 4
2020-12-26T17:45:27Z,80.0,Charge 4
2020-12-26T17:45:32Z,80.0,Charge 4
2020-12-26T17:45:47Z,81.0,Charge 4
2020-12-26T17:45:52Z,80.0,Charge 4
2020-12-26T17:46:07Z,80.0,Charge 4
2020-12-26T17:46:22Z,80.0,Charge 4
2020-12-26T17:46:27Z,80.0,Charge 4
2020-12-26T17:46:42Z,80.0,Charge 4
2020-12-26T17:46:57Z,80.0,Charge 4
2020-12-26T17:47:02Z,81.0,Charge 4
2020-12-26T17:47:07Z,80.0,Charge 4
2020-12-26T17:47:12Z,78.0,Charge 4
2020-12-26T17:47:18Z,77.0,Charge 4
2020-12-26T17:47:23Z,77.0,Charge 4
2020-12-26T17:47:38Z,77.0,Charge 4
2020-12-26T17:47:43Z,78.0,Charge 4
2020-12-26T17:47:48Z,79.0,Charge 4
2020-12-26T17:47:53Z,77.0,Charge 4
2020-12-26T17:48:08Z,77.0,Charge 4
2020-12-26T17:48:23Z,77.0,Charge 4
2020-12-26T17:48:28Z,77.0,Charge 4
2020-12-26T17:48:33Z,78.0,Charge 4
2020-12-26T17:48:38Z,77.0,Charge 4
2020-12-26T17:48:53Z,77.0,Charge 4
2020-12-26T17:48:58Z,78.0,Charge 4
2020-12-26T17:49:03Z,78.0,Charge 4
2020-12-26T17:49:18Z,78.0,Charge 4
2020-12-26T17:49:28Z,79.0,Charge 4
2020-12-26T17:49:33Z,78.0,Charge 4
2020-12-26T17:49:38Z,77.0,Charge 4
2020-12-26T17:49:43Z,76.0,Charge 4
2020-12-26T17:49:48Z,78.0,Charge 4
2020-12-26T17:49:53Z,80.0,Charge 4
2020-12-26T17:50:03Z,79.0,Charge 4
2020-12-26T17:50:18Z,79.0,Charge 4
2020-12-26T17:50:33Z,79.0,Charge 4
2020-12-26T17:50:48Z,79.0,Charge 4
2020-12-26T17:50:58Z,79.0,Charge 4
2020-12-26T17:51:08Z,80.0,Charge 4
2020-12-26T17:51:13Z,80.0,Charge 4
2020-12-26T17:51:28Z,80.0,Charge 4
2020-12-26T17:51:38Z,79.0,Charge 4
2020-12-26T17:51:43Z,78.0,Charge 4
2020-12-26T17:51:53Z,78.0,Charge 4
2020-12-26T17:51:58Z,77.0,Charge 4
2020-12-26T17:52:08Z,77.0,Charge 4
2020-12-26T17:52:23Z,77.0,Charge 4
2020-12-26T17:52:38Z,78.0,Charge 4
2020-12-26T17:52:43Z,79.0,Charge 4
2020-12-26T17:52:58Z,79.0,Charge 4
2020-12-26T17:53:03Z,81.0,Charge 4
2020-12-26T17:53:08Z,82.0,Charge 4
2020-12-26T17:53:18Z,83.0,Charge 4
2020-12-26T17:53:23Z,84.0,Charge 4
2020-12-26T17:53:38Z,84.0,Charge 4
2020-12-26T17:53:43Z,83.0,Charge 4
2020-12-26T17:53:48Z,84.0,Charge 4
2020-12-26T17:53:53Z,83.0,Charge 4
2020-12-26T17:53:58Z,84.0,Charge 4
2020-12-26T17:54:03Z,83.0,Charge 4
2020-12-26T17:54:18Z,80.0,Charge 4
2020-12-26T17:54:23Z,81.0,Charge 4
2020-12-26T17:54:38Z,81.0,Charge 4
2020-12-26T17:54:53Z,80.0,Charge 4
2020-12-26T17:54:58Z,79.0,Charge 4
2020-12-26T17:55:13Z,78.0,Charge 4
2020-12-26T17:55:18Z,78.0,Charge 4
2020-12-26T17:55:28Z,79.0,Charge 4
2020-12-26T17:55:43Z,79.0,Charge 4
2020-12-26T17:55:48Z,80.0,Charge 4
2020-12-26T17:56:03Z,79.0,Charge 4
2020-12-26T17:56:18Z,79.0,Charge 4
2020-12-26T17:56:23Z,81.0,Charge 4
2020-12-26T17:56:28Z,82.0,Charge 4
2020-12-26T17:56:43Z,81.0,Charge 4
2020-12-26T17:56:53Z,80.0,Charge 4
2020-12-26T17:57:08Z,81.0,Charge 4
2020-12-26T17:57:18Z,82.0,Charge 4
2020-12-26T17:57:33Z,82.0,Charge 4
2020-12-26T17:57:48Z,82.0,Charge 4
2020-12-26T17:58:03Z,83.0,Charge 4
2020-12-26T17:58:18Z,82.0,Charge 4
2020-12-26T17:58:33Z,82.0,Charge 4
2020-12-26T17:58:38Z,81.0,Charge 4
2020-12-26T17:58:48Z,80.0,Charge 4
2020-12-26T17:58:53Z,79.0,Charge 4
2020-12-26T17:59:03Z,80.0,Charge 4
2020-12-26T17:59:08Z,79.0,Charge 4
2020-12-26T17:59:18Z,77.0,Charge 4
2020-12-26T17:59:23Z,79.0,Charge 4
2020-12-26T17:59:38Z,79.0,Charge 4
2020-12-26T17:59:53Z,79.0,Charge 4
2020-12-26T18:00:02Z,80.0,Charge 4
2020-12-26T18:00:07Z,79.0,Charge 4
2020-12-26T18:00:22Z,79.0,Charge 4
2020-12-26T18:00:37Z,79.0,Charge 4
2020-12-26T18:00:52Z,80.0,Charge 4
2020-12-26T18:00:57Z,81.0,Charge 4
2020-12-26T18:01:12Z,81.0,Charge 4
2020-12-26T18:01:27Z,81.0,Charge 4
2020-12-26T18:01:37Z,80.0,Charge 4
2020-12-26T18:01:52Z,80.0,Charge 4
2020-12-26T18:01:57Z,81.0,Charge 4
2020-12-26T18:02:12Z,81.0,Charge 4
2020-12-26T18:02:27Z,81.0,Charge 4
2020-12-26T18:02:32Z,82.0,Charge 4
2020-12-26T18:02:42Z,76.0,Charge 4
2020-12-26T18:02:52Z,80.0,Charge 4
2020-12-26T18:03:02Z,81.0,Charge 4
2020-12-26T18:03:12Z,81.0,Charge 4
2020-12-26T18:03:27Z,81.0,Charge 4
2020-12-26T18:03:42Z,81.0,Charge 4
2020-12-26T18:03:57Z,81.0,Charge 4
2020-12-26T18:04:12Z,81.0,Charge 4
2020-12-26T18:04:17Z,81.0,Charge 4
2020-12-26T18:04:22Z,81.0,Charge 4
2020-12-26T18:04:27Z,80.0,Charge 4
2020-12-26T18:04:42Z,80.0,Charge 4
2020-12-26T18:04:52Z,80.0,Charge 4
2020-12-26T18:04:57Z,80.0,Charge 4
2020-12-26T18:05:07Z,80.0,Charge 4
2020-12-26T18:05:17Z,79.0,Charge 4
2020-12-26T18:05:27Z,80.0,Charge 4
2020-12-26T18:05:32Z,79.0,Charge 4
2020-12-26T18:05:42Z,78.0,Charge 4
2020-12-26T18:05:47Z,78.0,Charge 4
2020-12-26T18:05:52Z,77.0,Charge 4
2020-12-26T18:06:07Z,77.0,Charge 4
2020-12-26T18:06:22Z,77.0,Charge 4
2020-12-26T18:06:37Z,78.0,Charge 4
2020-12-26T18:06:52Z,78.0,Charge 4
2020-12-26T18:07:07Z,80.0,Charge 4
2020-12-26T18:07:12Z,80.0,Charge 4
2020-12-26T18:07:17Z,81.0,Charge 4
2020-12-26T18:07:32Z,81.0,Charge 4
2020-12-26T18:07:42Z,80.0,Charge 4
2020-12-26T18:07:57Z,80.0,Charge 4
2020-12-26T18:08:02Z,79.0,Charge 4
2020-12-26T18:08:07Z,78.0,Charge 4
2020-12-26T18:08:22Z,78.0,Charge 4
2020-12-26T18:08:27Z,80.0,Charge 4
2020-12-26T18:08:42Z,80.0,Charge 4
2020-12-26T18:08:47Z,81.0,Charge 4
2020-12-26T18:08:52Z,82.0,Charge 4
2020-12-26T18:09:07Z,82.0,Charge 4
2020-12-26T18:09:17Z,81.0,Charge 4
2020-12-26T18:09:22Z,81.0,Charge 4
2020-12-26T18:09:37Z,81.0,Charge 4
2020-12-26T18:09:52Z,82.0,Charge 4
2020-12-26T18:10:02Z,83.0,Charge 4
2020-12-26T18:10:07Z,84.0,Charge 4
2020-12-26T18:10:22Z,84.0,Charge 4
2020-12-26T18:10:27Z,83.0,Charge 4
2020-12-26T18:10:37Z,83.0,Charge 4
2020-12-26T18:10:52Z,83.0,Charge 4
2020-12-26T18:10:57Z,81.0,Charge 4
2020-12-26T18:11:02Z,81.0,Charge 4
2020-12-26T18:11:17Z,81.0,Charge 4
2020-12-26T18:11:32Z,81.0,Charge 4
2020-12-26T18:11:37Z,82.0,Charge 4
2020-12-26T18:11:47Z,82.0,Charge 4
2020-12-26T18:11:52Z,83.0,Charge 4
2020-12-26T18:11:57Z,82.0,Charge 4
2020-12-26T18:12:12Z,82.0,Charge 4
2020-12-26T18:12:17Z,82.0,Charge 4
2020-12-26T18:12:22Z,81.0,Charge 4
2020-12-26T18:12:32Z,80.0,Charge 4
2020-12-26T18:12:47Z,80.0,Charge 4
2020-12-26T18:12:52Z,81.0,Charge 4
2020-12-26T18:12:57Z,86.0,Charge 4
2020-12-26T18:13:12Z,86.0,Charge 4
2020-12-26T18:13:17Z,88.0,Charge 4
2020-12-26T18:13:23Z,88.0,Charge 4
2020-12-26T18:13:28Z,87.0,Charge 4
2020-12-26T18:13:38Z,86.0,Charge 4
2020-12-26T18:13:53Z,86.0,Charge 4
2020-12-26T18:13:58Z,85.0,Charge 4
2020-12-26T18:14:08Z,82.0,Charge 4
2020-12-26T18:14:13Z,81.0,Charge 4
2020-12-26T18:14:28Z,81.0,Charge 4
2020-12-26T18:14:38Z,81.0,Charge 4
2020-12-26T18:14:43Z,81.0,Charge 4
2020-12-26T18:14:58Z,81.0,Charge 4
2020-12-26T18:15:13Z,81.0,Charge 4
2020-12-26T18:15:18Z,79.0,Charge 4
2020-12-26T18:15:33Z,79.0,Charge 4
2020-12-26T18:15:48Z,79.0,Charge 4
2020-12-26T18:15:53Z,80.0,Charge 4
2020-12-26T18:15:58Z,80.0,Charge 4
2020-12-26T18:16:08Z,81.0,Charge 4
2020-12-26T18:16:18Z,82.0,Charge 4
2020-12-26T18:16:23Z,83.0,Charge 4
2020-12-26T18:16:28Z,82.0,Charge 4
2020-12-26T18:16:33Z,82.0,Charge 4
2020-12-26T18:16:48Z,82.0,Charge 4
2020-12-26T18:16:53Z,83.0,Charge 4
2020-12-26T18:16:58Z,82.0,Charge 4
2020-12-26T18:17:03Z,81.0,Charge 4
2020-12-26T18:17:12Z,81.0,Charge 4
2020-12-26T18:17:17Z,82.0,Charge 4
2020-12-26T18:17:22Z,81.0,Charge 4
2020-12-26T18:17:37Z,81.0,Charge 4
2020-12-26T18:17:42Z,82.0,Charge 4
2020-12-26T18:17:47Z,82.0,Charge 4
2020-12-26T18:17:52Z,83.0,Charge 4
2020-12-26T18:17:57Z,84.0,Charge 4
2020-12-26T18:18:12Z,84.0,Charge 4
2020-12-26T18:18:17Z,83.0,Charge 4
2020-12-26T18:18:32Z,83.0,Charge 4
2020-12-26T18:18:37Z,83.0,Charge 4
2020-12-26T18:18:42Z,83.0,Charge 4
2020-12-26T18:18:52Z,83.0,Charge 4
2020-12-26T18:18:57Z,82.0,Charge 4
2020-12-26T18:19:02Z,79.0,Charge 4
2020-12-26T18:19:07Z,77.0,Charge 4
2020-12-26T18:19:22Z,78.0,Charge 4
2020-12-26T18:19:27Z,80.0,Charge 4
2020-12-26T18:19:42Z,80.0,Charge 4
2020-12-26T18:19:47Z,81.0,Charge 4
2020-12-26T18:19:52Z,80.0,Charge 4
2020-12-26T18:19:57Z,80.0,Charge 4
2020-12-26T18:20:12Z,80.0,Charge 4
2020-12-26T18:20:27Z,81.0,Charge 4
2020-12-26T18:20:42Z,81.0,Charge 4
2020-12-26T18:20:57Z,81.0,Charge 4
2020-12-26T18:21:02Z,81.0,Charge 4
2020-12-26T18:21:07Z,81.0,Charge 4
2020-12-26T18:21:17Z,82.0,Charge 4
2020-12-26T18:21:27Z,81.0,Charge 4
2020-12-26T18:21:37Z,80.0,Charge 4
2020-12-26T18:21:47Z,81.0,Charge 4
2020-12-26T18:22:02Z,81.0,Charge 4
2020-12-26T18:22:17Z,81.0,Charge 4
2020-12-26T18:22:32Z,81.0,Charge 4
2020-12-26T18:22:47Z,81.0,Charge 4
2020-12-26T18:22:52Z,82.0,Charge 4
2020-12-26T18:23:02Z,83.0,Charge 4
2020-12-26T18:23:17Z,83.0,Charge 4
2020-12-26T18:23:22Z,84.0,Charge 4
2020-12-26T18:23:27Z,87.0,Charge 4
2020-12-26T18:23:32Z,88.0,Charge 4
2020-12-26T18:23:47Z,87.0,Charge 4
2020-12-26T18:23:52Z,85.0,Charge 4
2020-12-26T18:23:57Z,84.0,Charge 4
2020-12-26T18:24:02Z,83.0,Charge 4
2020-12-26T18:24:17Z,83.0,Charge 4
2020-12-26T18:24:32Z,83.0,Charge 4
2020-12-26T18:24:47Z,83.0,Charge 4
2020-12-26T18:24:52Z,84.0,Charge 4
2020-12-26T18:24:57Z,84.0,Charge 4
2020-12-26T18:25:12Z,84.0,Charge 4
2020-12-26T18:25:27Z,84.0,Charge 4
2020-12-26T18:25:32Z,84.0,Charge 4
2020-12-26T18:25:47Z,83.0,Charge 4
2020-12-26T18:26:02Z,83.0,Charge 4
2020-12-26T18:26:17Z,83.0,Charge 4
2020-12-26T18:26:22Z,83.0,Charge 4
2020-12-26T18:26:27Z,83.0,Charge 4
2020-12-26T18:26:32Z,84.0,Charge 4
2020-12-26T18:26:47Z,83.0,Charge 4
2020-12-26T18:27:02Z,83.0,Charge 4
2020-12-26T18:27:12Z,84.0,Charge 4
2020-12-26T18:27:22Z,85.0,Charge 4
2020-12-26T18:27:32Z,86.0,Charge 4
2020-12-26T18:27:47Z,85.0,Charge 4
2020-12-26T18:28:02Z,87.0,Charge 4
2020-12-26T18:28:12Z,90.0,Charge 4
2020-12-26T18:28:17Z,91.0,Charge 4
2020-12-26T18:28:22Z,92.0,Charge 4
2020-12-26T18:28:27Z,93.0,Charge 4
2020-12-26T18:28:42Z,93.0,Charge 4
2020-12-26T18:28:57Z,93.0,Charge 4
2020-12-26T18:29:07Z,93.0,Charge 4
2020-12-26T18:29:12Z,94.0,Charge 4
2020-12-26T18:29:17Z,93.0,Charge 4
2020-12-26T18:29:22Z,99.0,Charge 4
2020-12-26T18:29:27Z,103.0,Charge 4
2020-12-26T18:29:37Z,101.0,Charge 4
2020-12-26T18:29:42Z,100.0,Charge 4
2020-12-26T18:29:48Z,97.0,Charge 4
2020-12-26T18:29:53Z,99.0,Charge 4
2020-12-26T18:29:58Z,101.0,Charge 4
2020-12-26T18:30:03Z,102.0,Charge 4
2020-12-26T18:30:08Z,103.0,Charge 4
2020-12-26T18:30:18Z,101.0,Charge 4
2020-12-26T18:30:23Z,99.0,Charge 4
2020-12-26T18:30:28Z,102.0,Charge 4
2020-12-26T18:30:33Z,103.0,Charge 4
2020-12-26T18:30:43Z,102.0,Charge 4
2020-12-26T18:30:48Z,101.0,Charge 4
2020-12-26T18:30:53Z,103.0,Charge 4
2020-12-26T18:31:08Z,103.0,Charge 4
2020-12-26T18:31:13Z,107.0,Charge 4
2020-12-26T18:31:18Z,106.0,Charge 4
2020-12-26T18:31:23Z,105.0,Charge 4
2020-12-26T18:31:33Z,104.0,Charge 4
2020-12-26T18:31:38Z,99.0,Charge 4
2020-12-26T18:31:43Z,92.0,Charge 4
2020-12-26T18:31:53Z,92.0,Charge 4
2020-12-26T18:31:58Z,92.0,Charge 4
2020-12-26T18:32:13Z,92.0,Charge 4
2020-12-26T18:32:18Z,89.0,Charge 4
2020-12-26T18:32:23Z,88.0,Charge 4
2020-12-26T18:32:28Z,87.0,Charge 4
2020-12-26T18:32:43Z,87.0,Charge 4
2020-12-26T18:32:45Z,87.0,Charge 4
2020-12-26T18:32:55Z,88.0,Charge 4
2020-12-26T18:33:10Z,88.0,Charge 4
2020-12-26T18:33:25Z,88.0,Charge 4
2020-12-26T18:33:30Z,89.0,Charge 4
2020-12-26T18:33:40Z,90.0,Charge 4
2020-12-26T18:33:45Z,91.0,Charge 4
2020-12-26T18:33:50Z,91.0,Charge 4
2020-12-26T18:34:00Z,90.0,Charge 4
2020-12-26T18:34:05Z,87.0,Charge 4
2020-12-26T18:34:10Z,85.0,Charge 4
2020-12-26T18:34:25Z,85.0,Charge 4
2020-12-26T18:34:40Z,86.0,Charge 4
2020-12-26T18:34:50Z,85.0,Charge 4
2020-12-26T18:34:55Z,84.0,Charge 4
2020-12-26T18:35:05Z,85.0,Charge 4
2020-12-26T18:35:20Z,85.0,Charge 4
2020-12-26T18:35:30Z,85.0,Charge 4
2020-12-26T18:35:35Z,84.0,Charge 4
2020-12-26T18:35:40Z,83.0,Charge 4
2020-12-26T18:35:55Z,83.0,Charge 4
2020-12-26T18:36:00Z,84.0,Charge 4
2020-12-26T18:36:05Z,84.0,Charge 4
2020-12-26T18:36:10Z,84.0,Charge 4
2020-12-26T18:36:25Z,84.0,Charge 4
2020-12-26T18:36:30Z,85.0,Charge 4
2020-12-26T18:36:45Z,86.0,Charge 4
2020-12-26T18:36:50Z,87.0,Charge 4
2020-12-26T18:36:55Z,85.0,Charge 4
2020-12-26T18:37:00Z,84.0,Charge 4
2020-12-26T18:37:15Z,84.0,Charge 4
2020-12-26T18:37:25Z,86.0,Charge 4
2020-12-26T18:37:30Z,87.0,Charge 4
2020-12-26T18:37:45Z,87.0,Charge 4
2020-12-26T18:37:55Z,85.0,Charge 4
2020-12-26T18:38:00Z,83.0,Charge 4
2020-12-26T18:38:15Z,83.0,Charge 4
2020-12-26T18:38:30Z,82.0,Charge 4
2020-12-26T18:38:35Z,80.0,Charge 4
2020-12-26T18:38:50Z,80.0,Charge 4
2020-12-26T18:38:55Z,87.0,Charge 4
2020-12-26T18:39:00Z,88.0,Charge 4
2020-12-26T18:39:05Z,88.0,Charge 4
2020-12-26T18:39:15Z,87.0,Charge 4
2020-12-26T18:39:20Z,85.0,Charge 4
2020-12-26T18:39:25Z,84.0,Charge 4
2020-12-26T18:39:35Z,83.0,Charge 4
2020-12-26T18:39:40Z,83.0,Charge 4
2020-12-26T18:39:55Z,83.0,Charge 4
2020-12-26T18:40:10Z,82.0,Charge 4
2020-12-26T18:40:11Z,83.0,Charge 4
2020-12-26T18:40:16Z,84.0,Charge 4
2020-12-26T18:40:31Z,84.0,Charge 4
2020-12-26T18:40:41Z,87.0,Charge 4
2020-12-26T18:40:46Z,88.0,Charge 4
2020-12-26T18:41:01Z,87.0,Charge 4
2020-12-26T18:41:06Z,83.0,Charge 4
2020-12-26T18:41:11Z,83.0,Charge 4
2020-12-26T18:41:26Z,83.0,Charge 4
2020-12-26T18:41:41Z,84.0,Charge 4
2020-12-26T18:41:46Z,85.0,Charge 4
2020-12-26T18:41:51Z,86.0,Charge 4
2020-12-26T18:41:56Z,86.0,Charge 4
2020-12-26T18:42:01Z,88.0,Charge 4
2020-12-26T18:42:06Z,86.0,Charge 4
2020-12-26T18:42:11Z,84.0,Charge 4
2020-12-26T18:42:26Z,84.0,Charge 4
2020-12-26T18:42:31Z,83.0,Charge 4
2020-12-26T18:42:36Z,82.0,Charge 4
2020-12-26T18:42:41Z,81.0,Charge 4
2020-12-26T18:42:46Z,82.0,Charge 4
2020-12-26T18:42:56Z,83.0,Charge 4
2020-12-26T18:43:01Z,82.0,Charge 4
2020-12-26T18:43:06Z,82.0,Charge 4
2020-12-26T18:43:21Z,84.0,Charge 4
2020-12-26T18:43:31Z,87.0,Charge 4
2020-12-26T18:43:46Z,87.0,Charge 4
2020-12-26T18:43:51Z,88.0,Charge 4
2020-12-26T18:43:56Z,86.0,Charge 4
2020-12-26T18:44:01Z,84.0,Charge 4
2020-12-26T18:44:06Z,83.0,Charge 4
2020-12-26T18:44:16Z,83.0,Charge 4
2020-12-26T18:44:21Z,84.0,Charge 4
2020-12-26T18:44:36Z,84.0,Charge 4
2020-12-26T18:44:41Z,85.0,Charge 4
2020-12-26T18:44:56Z,85.0,Charge 4
2020-12-26T18:45:11Z,85.0,Charge 4
2020-12-26T18:45:26Z,87.0,Charge 4
2020-12-26T18:45:31Z,88.0,Charge 4
2020-12-26T18:45:36Z,88.0,Charge 4
2020-12-26T18:45:41Z,87.0,Charge 4
2020-12-26T18:45:46Z,86.0,Charge 4
2020-12-26T18:46:01Z,86.0,Charge 4
2020-12-26T18:46:06Z,87.0,Charge 4
2020-12-26T18:46:11Z,86.0,Charge 4
2020-12-26T18:46:21Z,87.0,Charge 4
2020-12-26T18:46:31Z,87.0,Charge 4
2020-12-26T18:46:41Z,88.0,Charge 4
2020-12-26T18:46:56Z,88.0,Charge 4
2020-12-26T18:47:11Z,90.0,Charge 4
2020-12-26T18:47:16Z,91.0,Charge 4
2020-12-26T18:47:21Z,91.0,Charge 4
2020-12-26T18:47:36Z,90.0,Charge 4
2020-12-26T18:47:51Z,91.0,Charge 4
2020-12-26T18:47:56Z,93.0,Charge 4
2020-12-26T18:48:01Z,93.0,Charge 4
2020-12-26T18:48:06Z,92.0,Charge 4
2020-12-26T18:48:11Z,91.0,Charge 4
2020-12-26T18:48:26Z,89.0,Charge 4
2020-12-26T18:48:31Z,87.0,Charge 4
2020-12-26T18:48:36Z,86.0,Charge 4
2020-12-26T18:48:41Z,84.0,Charge 4
2020-12-26T18:48:51Z,86.0,Charge 4
2020-12-26T18:48:56Z,85.0,Charge 4
2020-12-26T18:49:01Z,84.0,Charge 4
2020-12-26T18:49:06Z,85.0,Charge 4
2020-12-26T18:49:21Z,84.0,Charge 4
2020-12-26T18:49:31Z,85.0,Charge 4
2020-12-26T18:49:46Z,85.0,Charge 4
2020-12-26T18:49:51Z,86.0,Charge 4
2020-12-26T18:49:56Z,88.0,Charge 4
2020-12-26T18:50:01Z,87.0,Charge 4
2020-12-26T18:50:06Z,86.0,Charge 4
2020-12-26T18:50:21Z,86.0,Charge 4
2020-12-26T18:50:26Z,87.0,Charge 4
2020-12-26T18:50:41Z,88.0,Charge 4
2020-12-26T18:50:56Z,87.0,Charge 4
2020-12-26T18:51:11Z,87.0,Charge 4
2020-12-26T18:51:26Z,87.0,Charge 4
2020-12-26T18:51:41Z,87.0,Charge 4
2020-12-26T18:51:46Z,86.0,Charge 4
2020-12-26T18:51:51Z,86.0,Charge 4
2020-12-26T18:52:06Z,86.0,Charge 4
2020-12-26T18:52:16Z,86.0,Charge 4
2020-12-26T18:52:21Z,85.0,Charge 4
2020-12-26T18:52:31Z,86.0,Charge 4
2020-12-26T18:52:36Z,85.0,Charge 4
2020-12-26T18:52:41Z,84.0,Charge 4
2020-12-26T18:52:56Z,84.0,Charge 4
2020-12-26T18:53:01Z,83.0,Charge 4
2020-12-26T18:53:06Z,82.0,Charge 4
2020-12-26T18:53:16Z,83.0,Charge 4
2020-12-26T18:53:21Z,84.0,Charge 4
2020-12-26T18:53:31Z,83.0,Charge 4
2020-12-26T18:53:36Z,84.0,Charge 4
2020-12-26T18:53:46Z,85.0,Charge 4
2020-12-26T18:53:56Z,84.0,Charge 4
2020-12-26T18:54:01Z,85.0,Charge 4
2020-12-26T18:54:06Z,86.0,Charge 4
2020-12-26T18:54:21Z,86.0,Charge 4
2020-12-26T18:54:31Z,87.0,Charge 4
2020-12-26T18:54:36Z,84.0,Charge 4
2020-12-26T18:54:51Z,86.0,Charge 4
2020-12-26T18:55:06Z,85.0,Charge 4
2020-12-26T18:55:11Z,84.0,Charge 4
2020-12-26T18:55:16Z,84.0,Charge 4
2020-12-26T18:55:26Z,87.0,Charge 4
2020-12-26T18:55:31Z,89.0,Charge 4
2020-12-26T18:55:36Z,89.0,Charge 4
2020-12-26T18:55:41Z,89.0,Charge 4
2020-12-26T18:55:46Z,86.0,Charge 4
2020-12-26T18:55:51Z,86.0,Charge 4
2020-12-26T18:55:56Z,85.0,Charge 4
2020-12-26T18:56:06Z,84.0,Charge 4
2020-12-26T18:56:16Z,84.0,Charge 4
2020-12-26T18:56:26Z,83.0,Charge 4
2020-12-26T18:56:31Z,81.0,Charge 4
2020-12-26T18:56:41Z,82.0,Charge 4
2020-12-26T18:56:51Z,83.0,Charge 4
2020-12-26T18:57:01Z,83.0,Charge 4
2020-12-26T18:57:06Z,84.0,Charge 4
2020-12-26T18:57:16Z,85.0,Charge 4
2020-12-26T18:57:21Z,85.0,Charge 4
2020-12-26T18:57:26Z,85.0,Charge 4
2020-12-26T18:57:31Z,84.0,Charge 4
2020-12-26T18:57:36Z,83.0,Charge 4
2020-12-26T18:57:41Z,84.0,Charge 4
2020-12-26T18:57:56Z,84.0,Charge 4
2020-12-26T18:58:06Z,82.0,Charge 4
2020-12-26T18:58:16Z,81.0,Charge 4
2020-12-26T18:58:26Z,82.0,Charge 4
2020-12-26T18:58:36Z,83.0,Charge 4
2020-12-26T18:58:41Z,84.0,Charge 4
2020-12-26T18:58:51Z,83.0,Charge 4
2020-12-26T18:59:01Z,84.0,Charge 4
2020-12-26T18:59:07Z,84.0,Charge 4
2020-12-26T18:59:12Z,85.0,Charge 4
2020-12-26T18:59:17Z,86.0,Charge 4
2020-12-26T18:59:22Z,85.0,Charge 4
2020-12-26T18:59:27Z,84.0,Charge 4
2020-12-26T18:59:32Z,83.0,Charge 4
2020-12-26T18:59:42Z,84.0,Charge 4
2020-12-26T18:59:52Z,85.0,Charge 4
2020-12-26T19:00:07Z,85.0,Charge 4
2020-12-26T19:00:22Z,84.0,Charge 4
2020-12-26T19:00:37Z,84.0,Charge 4
2020-12-26T19:00:47Z,83.0,Charge 4
2020-12-26T19:00:52Z,85.0,Charge 4
2020-12-26T19:00:57Z,87.0,Charge 4
2020-12-26T19:01:02Z,88.0,Charge 4
2020-12-26T19:01:07Z,89.0,Charge 4
2020-12-26T19:01:22Z,89.0,Charge 4
2020-12-26T19:01:32Z,90.0,Charge 4
2020-12-26T19:01:47Z,90.0,Charge 4
2020-12-26T19:01:57Z,88.0,Charge 4
2020-12-26T19:02:07Z,87.0,Charge 4
2020-12-26T19:02:12Z,85.0,Charge 4
2020-12-26T19:02:17Z,84.0,Charge 4
2020-12-26T19:02:32Z,84.0,Charge 4
2020-12-26T19:02:37Z,84.0,Charge 4
2020-12-26T19:02:42Z,83.0,Charge 4
2020-12-26T19:02:57Z,84.0,Charge 4
2020-12-26T19:03:02Z,84.0,Charge 4
2020-12-26T19:03:17Z,83.0,Charge 4
2020-12-26T19:03:22Z,83.0,Charge 4
2020-12-26T19:03:27Z,84.0,Charge 4
2020-12-26T19:03:32Z,84.0,Charge 4
2020-12-26T19:03:37Z,84.0,Charge 4
2020-12-26T19:03:42Z,86.0,Charge 4
2020-12-26T19:03:47Z,90.0,Charge 4
2020-12-26T19:03:52Z,89.0,Charge 4
2020-12-26T19:03:57Z,88.0,Charge 4
2020-12-26T19:04:02Z,87.0,Charge 4
2020-12-26T19:04:07Z,85.0,Charge 4
2020-12-26T19:04:12Z,84.0,Charge 4
2020-12-26T19:04:17Z,83.0,Charge 4
2020-12-26T19:04:27Z,84.0,Charge 4
2020-12-26T19:04:32Z,85.0,Charge 4
2020-12-26T19:04:42Z,86.0,Charge 4
2020-12-26T19:04:47Z,86.0,Charge 4
2020-12-26T19:04:52Z,85.0,Charge 4
2020-12-26T19:04:57Z,83.0,Charge 4
2020-12-26T19:05:07Z,83.0,Charge 4
2020-12-26T19:05:12Z,82.0,Charge 4
2020-12-26T19:05:22Z,83.0,Charge 4
2020-12-26T19:05:27Z,83.0,Charge 4
2020-12-26T19:05:32Z,84.0,Charge 4
2020-12-26T19:05:37Z,85.0,Charge 4
2020-12-26T19:05:42Z,84.0,Charge 4
2020-12-26T19:05:48Z,78.0,Charge 4
2020-12-26T19:05:53Z,79.0,Charge 4
2020-12-26T19:05:58Z,80.0,Charge 4
2020-12-26T19:06:03Z,82.0,Charge 4
2020-12-26T19:06:08Z,83.0,Charge 4
2020-12-26T19:06:13Z,82.0,Charge 4
2020-12-26T19:06:23Z,81.0,Charge 4
2020-12-26T19:06:28Z,80.0,Charge 4
2020-12-26T19:06:43Z,79.0,Charge 4
2020-12-26T19:06:53Z,80.0,Charge 4
2020-12-26T19:07:03Z,82.0,Charge 4
2020-12-26T19:07:08Z,84.0,Charge 4
2020-12-26T19:07:23Z,85.0,Charge 4
2020-12-26T19:07:38Z,85.0,Charge 4
2020-12-26T19:07:43Z,86.0,Charge 4
2020-12-26T19:07:48Z,87.0,Charge 4
2020-12-26T19:07:58Z,88.0,Charge 4
2020-12-26T19:08:03Z,89.0,Charge 4
2020-12-26T19:08:08Z,90.0,Charge 4
2020-12-26T19:08:13Z,91.0,Charge 4
2020-12-26T19:08:18Z,92.0,Charge 4
2020-12-26T19:08:33Z,93.0,Charge 4
2020-12-26T19:08:38Z,94.0,Charge 4
2020-12-26T19:08:43Z,95.0,Charge 4
2020-12-26T19:08:48Z,96.0,Charge 4
2020-12-26T19:10:28Z,70.0,Charge 4
2020-12-26T19:10:38Z,79.0,Charge 4
2020-12-26T19:10:43Z,94.0,Charge 4
2020-12-26T19:10:48Z,89.0,Charge 4
2020-12-26T19:10:53Z,91.0,Charge 4
2020-12-26T19:10:58Z,91.0,Charge 4
2020-12-26T19:11:08Z,92.0,Charge 4
2020-12-26T19:11:13Z,93.0,Charge 4
2020-12-26T19:11:18Z,95.0,Charge 4
2020-12-26T19:11:23Z,96.0,Charge 4
2020-12-26T19:11:28Z,97.0,Charge 4
2020-12-26T19:11:38Z,96.0,Charge 4
2020-12-26T19:11:43Z,96.0,Charge 4
2020-12-26T19:11:48Z,95.0,Charge 4
2020-12-26T19:11:58Z,95.0,Charge 4
2020-12-26T19:12:03Z,93.0,Charge 4
2020-12-26T19:12:18Z,93.0,Charge 4
2020-12-26T19:12:23Z,93.0,Charge 4
2020-12-26T19:12:28Z,92.0,Charge 4
2020-12-26T19:12:33Z,92.0,Charge 4
2020-12-26T19:12:43Z,91.0,Charge 4
2020-12-26T19:12:48Z,90.0,Charge 4
2020-12-26T19:12:53Z,89.0,Charge 4
2020-12-26T19:13:08Z,89.0,Charge 4
2020-12-26T19:13:13Z,89.0,Charge 4
2020-12-26T19:13:18Z,90.0,Charge 4
2020-12-26T19:13:28Z,91.0,Charge 4
2020-12-26T19:13:33Z,90.0,Charge 4
2020-12-26T19:13:38Z,88.0,Charge 4
2020-12-26T19:13:43Z,90.0,Charge 4
2020-12-26T19:13:53Z,86.0,Charge 4
2020-12-26T19:13:58Z,83.0,Charge 4
2020-12-26T19:14:03Z,82.0,Charge 4
2020-12-26T19:14:08Z,83.0,Charge 4
2020-12-26T19:14:13Z,83.0,Charge 4
2020-12-26T19:14:18Z,82.0,Charge 4
2020-12-26T19:14:23Z,81.0,Charge 4
2020-12-26T19:14:28Z,83.0,Charge 4
2020-12-26T19:14:38Z,84.0,Charge 4
2020-12-26T19:14:43Z,83.0,Charge 4
2020-12-26T19:14:48Z,85.0,Charge 4
2020-12-26T19:14:53Z,86.0,Charge 4
2020-12-26T19:15:03Z,87.0,Charge 4
2020-12-26T19:15:08Z,88.0,Charge 4
2020-12-26T19:15:18Z,86.0,Charge 4
2020-12-26T19:15:28Z,85.0,Charge 4
2020-12-26T19:15:43Z,85.0,Charge 4
2020-12-26T19:15:48Z,85.0,Charge 4
2020-12-26T19:15:53Z,84.0,Charge 4
2020-12-26T19:15:58Z,85.0,Charge 4
2020-12-26T19:16:13Z,85.0,Charge 4
2020-12-26T19:16:18Z,85.0,Charge 4
2020-12-26T19:16:28Z,85.0,Charge 4
2020-12-26T19:16:38Z,85.0,Charge 4
2020-12-26T19:16:43Z,85.0,Charge 4
2020-12-26T19:16:48Z,84.0,Charge 4
2020-12-26T19:16:53Z,84.0,Charge 4
2020-12-26T19:16:58Z,82.0,Charge 4
2020-12-26T19:17:03Z,81.0,Charge 4
2020-12-26T19:17:08Z,80.0,Charge 4
2020-12-26T19:17:13Z,78.0,Charge 4
2020-12-26T19:17:18Z,81.0,Charge 4
2020-12-26T19:17:23Z,82.0,Charge 4
2020-12-26T19:17:28Z,83.0,Charge 4
2020-12-26T19:17:33Z,83.0,Charge 4
2020-12-26T19:17:48Z,83.0,Charge 4
2020-12-26T19:18:03Z,85.0,Charge 4
2020-12-26T19:18:13Z,84.0,Charge 4
2020-12-26T19:18:18Z,83.0,Charge 4
2020-12-26T19:18:23Z,82.0,Charge 4
2020-12-26T19:18:28Z,81.0,Charge 4
2020-12-26T19:18:38Z,80.0,Charge 4
2020-12-26T19:18:43Z,81.0,Charge 4
2020-12-26T19:18:53Z,79.0,Charge 4
2020-12-26T19:19:03Z,82.0,Charge 4
2020-12-26T19:19:08Z,81.0,Charge 4
2020-12-26T19:19:18Z,80.0,Charge 4
2020-12-26T19:19:23Z,80.0,Charge 4
2020-12-26T19:19:28Z,81.0,Charge 4
2020-12-26T19:19:33Z,82.0,Charge 4
2020-12-26T19:19:38Z,83.0,Charge 4
2020-12-26T19:19:53Z,82.0,Charge 4
2020-12-26T19:19:58Z,81.0,Charge 4
2020-12-26T19:20:13Z,81.0,Charge 4
2020-12-26T19:20:18Z,83.0,Charge 4
2020-12-26T19:20:23Z,83.0,Charge 4
2020-12-26T19:20:28Z,82.0,Charge 4
2020-12-26T19:20:33Z,81.0,Charge 4
2020-12-26T19:20:38Z,80.0,Charge 4
2020-12-26T19:20:43Z,79.0,Charge 4
2020-12-26T19:20:48Z,80.0,Charge 4
2020-12-26T19:20:53Z,81.0,Charge 4
2020-12-26T19:20:58Z,82.0,Charge 4
2020-12-26T19:21:03Z,80.0,Charge 4
2020-12-26T19:21:08Z,79.0,Charge 4
2020-12-26T19:21:18Z,80.0,Charge 4
2020-12-26T19:21:23Z,82.0,Charge 4
2020-12-26T19:21:28Z,82.0,Charge 4
2020-12-26T19:21:33Z,82.0,Charge 4
2020-12-26T19:21:38Z,83.0,Charge 4
2020-12-26T19:21:48Z,84.0,Charge 4
2020-12-26T19:22:03Z,84.0,Charge 4
2020-12-26T19:22:08Z,86.0,Charge 4
2020-12-26T19:22:13Z,87.0,Charge 4
2020-12-26T19:22:19Z,84.0,Charge 4
2020-12-26T19:22:24Z,83.0,Charge 4
2020-12-26T19:22:34Z,82.0,Charge 4
2020-12-26T19:22:49Z,82.0,Charge 4
2020-12-26T19:22:54Z,83.0,Charge 4
2020-12-26T19:22:59Z,84.0,Charge 4
2020-12-26T19:23:09Z,85.0,Charge 4
2020-12-26T19:23:14Z,86.0,Charge 4
2020-12-26T19:23:24Z,85.0,Charge 4
2020-12-26T19:23:29Z,84.0,Charge 4
2020-12-26T19:23:34Z,84.0,Charge 4
2020-12-26T19:23:49Z,83.0,Charge 4
2020-12-26T19:24:04Z,82.0,Charge 4
2020-12-26T19:24:09Z,79.0,Charge 4
2020-12-26T19:24:14Z,82.0,Charge 4
2020-12-26T19:24:19Z,81.0,Charge 4
2020-12-26T19:24:24Z,80.0,Charge 4
2020-12-26T19:24:29Z,81.0,Charge 4
2020-12-26T19:24:44Z,81.0,Charge 4
2020-12-26T19:24:49Z,82.0,Charge 4
2020-12-26T19:24:54Z,84.0,Charge 4
2020-12-26T19:25:09Z,84.0,Charge 4
2020-12-26T19:25:14Z,85.0,Charge 4
2020-12-26T19:25:19Z,84.0,Charge 4
2020-12-26T19:25:34Z,83.0,Charge 4
2020-12-26T19:25:39Z,83.0,Charge 4
2020-12-26T19:25:54Z,83.0,Charge 4
2020-12-26T19:25:59Z,83.0,Charge 4
2020-12-26T19:26:04Z,82.0,Charge 4
2020-12-26T19:26:19Z,81.0,Charge 4
2020-12-26T19:26:34Z,80.0,Charge 4
2020-12-26T19:26:39Z,79.0,Charge 4
2020-12-26T19:26:44Z,78.0,Charge 4
2020-12-26T19:26:49Z,77.0,Charge 4
2020-12-26T19:26:54Z,78.0,Charge 4
2020-12-26T19:26:59Z,79.0,Charge 4
2020-12-26T19:27:04Z,80.0,Charge 4
2020-12-26T19:27:09Z,80.0,Charge 4
2020-12-26T19:27:14Z,81.0,Charge 4
2020-12-26T19:27:19Z,83.0,Charge 4
2020-12-26T19:27:34Z,83.0,Charge 4
2020-12-26T19:27:49Z,83.0,Charge 4
2020-12-26T19:27:54Z,83.0,Charge 4
2020-12-26T19:27:59Z,84.0,Charge 4
2020-12-26T19:28:04Z,85.0,Charge 4
2020-12-26T19:28:09Z,85.0,Charge 4
2020-12-26T19:28:24Z,85.0,Charge 4
2020-12-26T19:28:29Z,84.0,Charge 4
2020-12-26T19:28:34Z,83.0,Charge 4
2020-12-26T19:28:39Z,82.0,Charge 4
2020-12-26T19:28:49Z,81.0,Charge 4
2020-12-26T19:28:54Z,80.0,Charge 4
2020-12-26T19:29:04Z,80.0,Charge 4
2020-12-26T19:29:09Z,81.0,Charge 4
2020-12-26T19:29:14Z,81.0,Charge 4
2020-12-26T19:29:19Z,80.0,Charge 4
2020-12-26T19:29:24Z,79.0,Charge 4
2020-12-26T19:29:29Z,80.0,Charge 4
2020-12-26T19:29:44Z,79.0,Charge 4
2020-12-26T19:29:49Z,77.0,Charge 4
2020-12-26T19:29:59Z,77.0,Charge 4
2020-12-26T19:30:14Z,77.0,Charge 4
2020-12-26T19:30:19Z,78.0,Charge 4
2020-12-26T19:30:34Z,78.0,Charge 4
2020-12-26T19:30:39Z,79.0,Charge 4
2020-12-26T19:30:49Z,80.0,Charge 4
2020-12-26T19:30:54Z,81.0,Charge 4
2020-12-26T19:31:09Z,81.0,Charge 4
2020-12-26T19:31:14Z,81.0,Charge 4
2020-12-26T19:31:19Z,82.0,Charge 4
2020-12-26T19:31:29Z,80.0,Charge 4
2020-12-26T19:31:39Z,82.0,Charge 4
2020-12-26T19:31:44Z,83.0,Charge 4
2020-12-26T19:31:49Z,85.0,Charge 4
2020-12-26T19:31:59Z,84.0,Charge 4
2020-12-26T19:32:04Z,82.0,Charge 4
2020-12-26T19:32:09Z,79.0,Charge 4
2020-12-26T19:32:14Z,77.0,Charge 4
2020-12-26T19:32:19Z,78.0,Charge 4
2020-12-26T19:32:29Z,77.0,Charge 4
2020-12-26T19:32:34Z,75.0,Charge 4
2020-12-26T19:32:39Z,75.0,Charge 4
2020-12-26T19:32:44Z,77.0,Charge 4
2020-12-26T19:32:49Z,79.0,Charge 4
2020-12-26T19:32:54Z,80.0,Charge 4
2020-12-26T19:32:59Z,80.0,Charge 4
2020-12-26T19:33:04Z,81.0,Charge 4
2020-12-26T19:33:14Z,82.0,Charge 4
2020-12-26T19:33:19Z,83.0,Charge 4
2020-12-26T19:33:24Z,84.0,Charge 4
2020-12-26T19:33:34Z,83.0,Charge 4
2020-12-26T19:33:49Z,84.0,Charge 4
2020-12-26T19:33:59Z,83.0,Charge 4
2020-12-26T19:34:09Z,85.0,Charge 4
2020-12-26T19:34:14Z,84.0,Charge 4
2020-12-26T19:34:19Z,83.0,Charge 4
2020-12-26T19:34:24Z,81.0,Charge 4
2020-12-26T19:34:29Z,80.0,Charge 4
2020-12-26T19:34:39Z,80.0,Charge 4
2020-12-26T19:34:54Z,80.0,Charge 4
2020-12-26T19:35:04Z,80.0,Charge 4
2020-12-26T19:35:09Z,81.0,Charge 4
2020-12-26T19:35:19Z,82.0,Charge 4
2020-12-26T19:35:34Z,82.0,Charge 4
2020-12-26T19:35:49Z,82.0,Charge 4
2020-12-26T19:35:59Z,83.0,Charge 4
2020-12-26T19:36:14Z,83.0,Charge 4
2020-12-26T19:36:29Z,82.0,Charge 4
2020-12-26T19:36:34Z,82.0,Charge 4
2020-12-26T19:36:39Z,81.0,Charge 4
2020-12-26T19:36:54Z,81.0,Charge 4
2020-12-26T19:36:59Z,85.0,Charge 4
2020-12-26T19:37:09Z,83.0,Charge 4
2020-12-26T19:37:14Z,82.0,Charge 4
2020-12-26T19:37:24Z,83.0,Charge 4
2020-12-26T19:37:29Z,84.0,Charge 4
2020-12-26T19:37:34Z,83.0,Charge 4
2020-12-26T19:37:39Z,83.0,Charge 4
2020-12-26T19:37:44Z,83.0,Charge 4
2020-12-26T19:37:54Z,83.0,Charge 4
2020-12-26T19:37:59Z,82.0,Charge 4
2020-12-26T19:38:09Z,82.0,Charge 4
2020-12-26T19:38:19Z,81.0,Charge 4
2020-12-26T19:38:24Z,80.0,Charge 4
2020-12-26T19:38:29Z,80.0,Charge 4
2020-12-26T19:38:39Z,81.0,Charge 4
2020-12-26T19:38:44Z,82.0,Charge 4
2020-12-26T19:38:49Z,82.0,Charge 4
2020-12-26T19:38:54Z,82.0,Charge 4
2020-12-26T19:39:04Z,83.0,Charge 4
2020-12-26T19:39:14Z,84.0,Charge 4
2020-12-26T19:39:19Z,82.0,Charge 4
2020-12-26T19:39:24Z,81.0,Charge 4
2020-12-26T19:39:29Z,80.0,Charge 4
2020-12-26T19:39:44Z,80.0,Charge 4
2020-12-26T19:39:49Z,79.0,Charge 4
2020-12-26T19:39:54Z,78.0,Charge 4
2020-12-26T19:40:09Z,78.0,Charge 4
2020-12-26T19:40:24Z,78.0,Charge 4
2020-12-26T19:40:39Z,79.0,Charge 4
2020-12-26T19:40:49Z,79.0,Charge 4
2020-12-26T19:40:54Z,79.0,Charge 4
2020-12-26T19:40:59Z,80.0,Charge 4
2020-12-26T19:41:04Z,81.0,Charge 4
2020-12-26T19:41:19Z,82.0,Charge 4
2020-12-26T19:41:24Z,83.0,Charge 4
2020-12-26T19:41:34Z,85.0,Charge 4
2020-12-26T19:41:39Z,87.0,Charge 4
2020-12-26T19:41:44Z,86.0,Charge 4
2020-12-26T19:41:49Z,85.0,Charge 4
2020-12-26T19:41:54Z,84.0,Charge 4
2020-12-26T19:41:59Z,84.0,Charge 4
2020-12-26T19:42:04Z,84.0,Charge 4
2020-12-26T19:42:09Z,82.0,Charge 4
2020-12-26T19:42:14Z,81.0,Charge 4
2020-12-26T19:42:19Z,82.0,Charge 4
2020-12-26T19:42:24Z,81.0,Charge 4
2020-12-26T19:42:34Z,80.0,Charge 4
2020-12-26T19:42:44Z,81.0,Charge 4
2020-12-26T19:42:59Z,81.0,Charge 4
2020-12-26T19:43:04Z,83.0,Charge 4
2020-12-26T19:43:10Z,84.0,Charge 4
2020-12-26T19:43:20Z,83.0,Charge 4
2020-12-26T19:43:25Z,82.0,Charge 4
2020-12-26T19:43:35Z,83.0,Charge 4
2020-12-26T19:43:50Z,83.0,Charge 4
2020-12-26T19:44:05Z,83.0,Charge 4
2020-12-26T19:44:15Z,82.0,Charge 4
2020-12-26T19:44:25Z,80.0,Charge 4
2020-12-26T19:44:40Z,80.0,Charge 4
2020-12-26T19:44:55Z,79.0,Charge 4
2020-12-26T19:45:00Z,78.0,Charge 4
2020-12-26T19:45:05Z,78.0,Charge 4
2020-12-26T19:45:10Z,79.0,Charge 4
2020-12-26T19:45:25Z,79.0,Charge 4
2020-12-26T19:45:40Z,80.0,Charge 4
2020-12-26T19:45:50Z,80.0,Charge 4
2020-12-26T19:46:05Z,81.0,Charge 4
2020-12-26T19:46:10Z,83.0,Charge 4
2020-12-26T19:46:15Z,85.0,Charge 4
2020-12-26T19:46:20Z,86.0,Charge 4
2020-12-26T19:46:25Z,87.0,Charge 4
2020-12-26T19:46:30Z,88.0,Charge 4
2020-12-26T19:46:40Z,86.0,Charge 4
2020-12-26T19:46:45Z,87.0,Charge 4
2020-12-26T19:46:50Z,86.0,Charge 4
2020-12-26T19:47:05Z,86.0,Charge 4
2020-12-26T19:47:10Z,87.0,Charge 4
2020-12-26T19:47:15Z,87.0,Charge 4
2020-12-26T19:47:25Z,86.0,Charge 4
2020-12-26T19:47:30Z,85.0,Charge 4
2020-12-26T19:47:35Z,83.0,Charge 4
2020-12-26T19:47:40Z,81.0,Charge 4
2020-12-26T19:47:45Z,80.0,Charge 4
2020-12-26T19:47:50Z,81.0,Charge 4
2020-12-26T19:48:05Z,82.0,Charge 4
2020-12-26T19:48:10Z,83.0,Charge 4
2020-12-26T19:48:15Z,84.0,Charge 4
2020-12-26T19:48:30Z,85.0,Charge 4
2020-12-26T19:48:40Z,84.0,Charge 4
2020-12-26T19:48:45Z,82.0,Charge 4
2020-12-26T19:49:00Z,82.0,Charge 4
2020-12-26T19:49:05Z,83.0,Charge 4
2020-12-26T19:49:10Z,84.0,Charge 4
2020-12-26T19:49:15Z,85.0,Charge 4
2020-12-26T19:49:25Z,84.0,Charge 4
2020-12-26T19:49:40Z,82.0,Charge 4
2020-12-26T19:49:45Z,83.0,Charge 4
2020-12-26T19:49:50Z,84.0,Charge 4
2020-12-26T19:49:55Z,85.0,Charge 4
2020-12-26T19:50:05Z,84.0,Charge 4
2020-12-26T19:50:10Z,84.0,Charge 4
2020-12-26T19:50:20Z,85.0,Charge 4
2020-12-26T19:50:30Z,84.0,Charge 4
2020-12-26T19:50:40Z,85.0,Charge 4
2020-12-26T19:50:45Z,85.0,Charge 4
2020-12-26T19:50:55Z,84.0,Charge 4
2020-12-26T19:51:05Z,85.0,Charge 4
2020-12-26T19:51:15Z,84.0,Charge 4
2020-12-26T19:51:25Z,83.0,Charge 4
2020-12-26T19:51:30Z,85.0,Charge 4
2020-12-26T19:51:35Z,84.0,Charge 4
2020-12-26T19:51:40Z,85.0,Charge 4
2020-12-26T19:51:50Z,86.0,Charge 4
2020-12-26T19:51:55Z,85.0,Charge 4
2020-12-26T19:52:05Z,84.0,Charge 4
2020-12-26T19:52:10Z,83.0,Charge 4
2020-12-26T19:52:15Z,82.0,Charge 4
2020-12-26T19:52:20Z,82.0,Charge 4
2020-12-26T19:52:25Z,81.0,Charge 4
2020-12-26T19:52:30Z,80.0,Charge 4
2020-12-26T19:52:40Z,81.0,Charge 4
2020-12-26T19:52:50Z,82.0,Charge 4
2020-12-26T19:53:00Z,83.0,Charge 4
2020-12-26T19:53:10Z,83.0,Charge 4
2020-12-26T19:53:15Z,84.0,Charge 4
2020-12-26T19:53:20Z,83.0,Charge 4
2020-12-26T19:53:35Z,83.0,Charge 4
2020-12-26T19:53:40Z,84.0,Charge 4
2020-12-26T19:53:45Z,85.0,Charge 4
2020-12-26T19:53:50Z,84.0,Charge 4
2020-12-26T19:53:55Z,83.0,Charge 4
2020-12-26T19:54:00Z,83.0,Charge 4
2020-12-26T19:54:05Z,83.0,Charge 4
2020-12-26T19:54:10Z,82.0,Charge 4
2020-12-26T19:54:20Z,83.0,Charge 4
2020-12-26T19:54:25Z,82.0,Charge 4
2020-12-26T19:54:40Z,83.0,Charge 4
2020-12-26T19:54:45Z,84.0,Charge 4
2020-12-26T19:54:50Z,83.0,Charge 4
2020-12-26T19:54:55Z,84.0,Charge 4
2020-12-26T19:55:05Z,85.0,Charge 4
2020-12-26T19:55:15Z,84.0,Charge 4
2020-12-26T19:55:20Z,84.0,Charge 4
2020-12-26T19:55:25Z,83.0,Charge 4
2020-12-26T19:55:35Z,84.0,Charge 4
2020-12-26T19:55:40Z,82.0,Charge 4
2020-12-26T19:55:55Z,82.0,Charge 4
2020-12-26T19:56:10Z,83.0,Charge 4
2020-12-26T19:56:25Z,83.0,Charge 4
2020-12-26T19:56:30Z,83.0,Charge 4
2020-12-26T19:56:45Z,83.0,Charge 4
2020-12-26T19:56:50Z,83.0,Charge 4
2020-12-26T19:57:00Z,82.0,Charge 4
2020-12-26T19:57:10Z,82.0,Charge 4
2020-12-26T19:57:15Z,81.0,Charge 4
2020-12-26T19:57:30Z,81.0,Charge 4
2020-12-26T19:57:40Z,83.0,Charge 4
2020-12-26T19:57:45Z,84.0,Charge 4
2020-12-26T19:57:50Z,85.0,Charge 4
2020-12-26T19:57:55Z,86.0,Charge 4
2020-12-26T19:58:00Z,85.0,Charge 4
2020-12-26T19:58:05Z,84.0,Charge 4
2020-12-26T19:58:10Z,83.0,Charge 4
2020-12-26T19:58:15Z,82.0,Charge 4
2020-12-26T19:58:20Z,82.0,Charge 4
2020-12-26T19:58:25Z,83.0,Charge 4
2020-12-26T19:58:35Z,85.0,Charge 4
2020-12-26T19:58:40Z,85.0,Charge 4
2020-12-26T19:58:50Z,86.0,Charge 4
2020-12-26T19:58:55Z,87.0,Charge 4
2020-12-26T19:59:00Z,86.0,Charge 4
2020-12-26T19:59:05Z,85.0,Charge 4
2020-12-26T19:59:10Z,84.0,Charge 4
2020-12-26T19:59:15Z,84.0,Charge 4
2020-12-26T19:59:30Z,83.0,Charge 4
2020-12-26T19:59:40Z,84.0,Charge 4
2020-12-26T19:59:45Z,86.0,Charge 4
2020-12-26T19:59:50Z,87.0,Charge 4
2020-12-26T20:00:05Z,88.0,Charge 4
2020-12-26T20:00:10Z,87.0,Charge 4
2020-12-26T20:00:15Z,86.0,Charge 4
2020-12-26T20:00:20Z,85.0,Charge 4
2020-12-26T20:00:25Z,84.0,Charge 4
2020-12-26T20:00:30Z,85.0,Charge 4
2020-12-26T20:00:35Z,84.0,Charge 4
2020-12-26T20:00:40Z,83.0,Charge 4
2020-12-26T20:00:55Z,82.0,Charge 4
2020-12-26T20:01:10Z,82.0,Charge 4
2020-12-26T20:01:20Z,83.0,Charge 4
2020-12-26T20:01:35Z,83.0,Charge 4
2020-12-26T20:01:45Z,82.0,Charge 4
2020-12-26T20:01:55Z,83.0,Charge 4
2020-12-26T20:02:00Z,83.0,Charge 4
2020-12-26T20:02:05Z,84.0,Charge 4
2020-12-26T20:02:10Z,86.0,Charge 4
2020-12-26T20:02:15Z,86.0,Charge 4
2020-12-26T20:02:25Z,85.0,Charge 4
2020-12-26T20:02:40Z,85.0,Charge 4
2020-12-26T20:02:50Z,82.0,Charge 4
2020-12-26T20:03:05Z,82.0,Charge 4
2020-12-26T20:03:15Z,82.0,Charge 4
2020-12-26T20:03:30Z,82.0,Charge 4
2020-12-26T20:04:57Z,84.0,Charge 4
2020-12-26T20:05:02Z,82.0,Charge 4
2020-12-26T20:05:17Z,82.0,Charge 4
2020-12-26T20:05:22Z,83.0,Charge 4
2020-12-26T20:05:27Z,83.0,Charge 4
2020-12-26T20:05:37Z,85.0,Charge 4
2020-12-26T20:05:47Z,84.0,Charge 4
2020-12-26T20:06:02Z,83.0,Charge 4
2020-12-26T20:06:07Z,82.0,Charge 4
2020-12-26T20:06:17Z,82.0,Charge 4
2020-12-26T20:06:32Z,82.0,Charge 4
2020-12-26T20:06:37Z,83.0,Charge 4
2020-12-26T20:06:42Z,80.0,Charge 4
2020-12-26T20:06:52Z,79.0,Charge 4
2020-12-26T20:06:57Z,78.0,Charge 4
2020-12-26T20:07:02Z,77.0,Charge 4
2020-12-26T20:07:07Z,74.0,Charge 4
2020-12-26T20:07:12Z,72.0,Charge 4
2020-12-26T20:07:27Z,72.0,Charge 4
2020-12-26T20:07:37Z,73.0,Charge 4
2020-12-26T20:07:52Z,72.0,Charge 4
2020-12-26T20:08:07Z,72.0,Charge 4
2020-12-26T20:08:17Z,71.0,Charge 4
2020-12-26T20:08:22Z,73.0,Charge 4
2020-12-26T20:08:27Z,78.0,Charge 4
2020-12-26T20:08:32Z,79.0,Charge 4
2020-12-26T20:08:37Z,80.0,Charge 4
2020-12-26T20:08:42Z,80.0,Charge 4
2020-12-26T20:08:47Z,81.0,Charge 4
2020-12-26T20:08:52Z,79.0,Charge 4
2020-12-26T20:08:57Z,77.0,Charge 4
2020-12-26T20:09:02Z,74.0,Charge 4
2020-12-26T20:09:17Z,74.0,Charge 4
2020-12-26T20:09:27Z,76.0,Charge 4
2020-12-26T20:09:32Z,77.0,Charge 4
2020-12-26T20:09:37Z,78.0,Charge 4
2020-12-26T20:09:52Z,78.0,Charge 4
2020-12-26T20:09:57Z,80.0,Charge 4
2020-12-26T20:10:07Z,81.0,Charge 4
2020-12-26T20:10:12Z,81.0,Charge 4
2020-12-26T20:10:22Z,82.0,Charge 4
2020-12-26T20:10:37Z,82.0,Charge 4
2020-12-26T20:10:42Z,81.0,Charge 4
2020-12-26T20:10:52Z,82.0,Charge 4
2020-12-26T20:10:57Z,83.0,Charge 4
2020-12-26T20:11:12Z,83.0,Charge 4
2020-12-26T20:11:17Z,82.0,Charge 4
2020-12-26T20:11:22Z,81.0,Charge 4
2020-12-26T20:11:27Z,80.0,Charge 4
2020-12-26T20:11:32Z,79.0,Charge 4
2020-12-26T20:11:37Z,78.0,Charge 4
2020-12-26T20:11:42Z,79.0,Charge 4
2020-12-26T20:11:48Z,79.0,Charge 4
2020-12-26T20:11:58Z,78.0,Charge 4
2020-12-26T20:12:08Z,79.0,Charge 4
2020-12-26T20:12:23Z,80.0,Charge 4
2020-12-26T20:12:33Z,81.0,Charge 4
2020-12-26T20:12:38Z,82.0,Charge 4
2020-12-26T20:12:48Z,83.0,Charge 4
2020-12-26T20:12:53Z,84.0,Charge 4
2020-12-26T20:12:58Z,79.0,Charge 4
2020-12-26T20:13:13Z,79.0,Charge 4
2020-12-26T20:13:28Z,82.0,Charge 4
2020-12-26T20:13:33Z,84.0,Charge 4
2020-12-26T20:13:38Z,85.0,Charge 4
2020-12-26T20:13:53Z,85.0,Charge 4
2020-12-26T20:14:03Z,86.0,Charge 4
2020-12-26T20:14:08Z,85.0,Charge 4
2020-12-26T20:14:13Z,84.0,Charge 4
2020-12-26T20:14:23Z,86.0,Charge 4
2020-12-26T20:14:28Z,87.0,Charge 4
2020-12-26T20:14:33Z,86.0,Charge 4
2020-12-26T20:14:38Z,85.0,Charge 4
2020-12-26T20:14:48Z,85.0,Charge 4
2020-12-26T20:15:03Z,86.0,Charge 4
2020-12-26T20:15:18Z,86.0,Charge 4
2020-12-26T20:15:33Z,86.0,Charge 4
2020-12-26T20:15:38Z,85.0,Charge 4
2020-12-26T20:15:43Z,86.0,Charge 4
2020-12-26T20:15:48Z,86.0,Charge 4
2020-12-26T20:16:03Z,86.0,Charge 4
2020-12-26T20:16:18Z,86.0,Charge 4
2020-12-26T20:16:33Z,86.0,Charge 4
2020-12-26T20:16:48Z,86.0,Charge 4
2020-12-26T20:16:58Z,85.0,Charge 4
2020-12-26T20:17:03Z,83.0,Charge 4
2020-12-26T20:17:08Z,86.0,Charge 4
2020-12-26T20:17:13Z,87.0,Charge 4
2020-12-26T20:17:28Z,87.0,Charge 4
2020-12-26T20:17:38Z,86.0,Charge 4
2020-12-26T20:17:43Z,88.0,Charge 4
2020-12-26T20:17:48Z,90.0,Charge 4
2020-12-26T20:17:53Z,91.0,Charge 4
2020-12-26T20:17:58Z,92.0,Charge 4
2020-12-26T20:18:03Z,91.0,Charge 4
2020-12-26T20:18:08Z,89.0,Charge 4
2020-12-26T20:18:13Z,88.0,Charge 4
2020-12-26T20:18:18Z,87.0,Charge 4
2020-12-26T20:18:23Z,85.0,Charge 4
2020-12-26T20:18:38Z,85.0,Charge 4
2020-12-26T20:18:43Z,86.0,Charge 4
2020-12-26T20:18:53Z,86.0,Charge 4
2020-12-26T20:18:58Z,87.0,Charge 4
2020-12-26T20:19:13Z,87.0,Charge 4
2020-12-26T20:19:18Z,86.0,Charge 4
2020-12-26T20:19:27Z,84.0,Charge 4
2020-12-26T20:19:42Z,84.0,Charge 4
2020-12-26T20:19:57Z,85.0,Charge 4
2020-12-26T20:20:02Z,86.0,Charge 4
2020-12-26T20:20:12Z,85.0,Charge 4
2020-12-26T20:20:17Z,86.0,Charge 4
2020-12-26T20:20:22Z,85.0,Charge 4
2020-12-26T20:20:27Z,84.0,Charge 4
2020-12-26T20:20:32Z,82.0,Charge 4
2020-12-26T20:20:37Z,81.0,Charge 4
2020-12-26T20:20:42Z,80.0,Charge 4
2020-12-26T20:20:47Z,79.0,Charge 4
2020-12-26T20:20:57Z,81.0,Charge 4
2020-12-26T20:21:02Z,81.0,Charge 4
2020-12-26T20:21:07Z,82.0,Charge 4
2020-12-26T20:21:17Z,81.0,Charge 4
2020-12-26T20:21:22Z,81.0,Charge 4
2020-12-26T20:21:27Z,82.0,Charge 4
2020-12-26T20:21:32Z,84.0,Charge 4
2020-12-26T20:21:42Z,83.0,Charge 4
2020-12-26T20:21:47Z,81.0,Charge 4
2020-12-26T20:22:02Z,82.0,Charge 4
2020-12-26T20:22:07Z,83.0,Charge 4
2020-12-26T20:22:12Z,84.0,Charge 4
2020-12-26T20:22:22Z,83.0,Charge 4
2020-12-26T20:22:27Z,82.0,Charge 4
2020-12-26T20:22:37Z,83.0,Charge 4
2020-12-26T20:22:42Z,84.0,Charge 4
2020-12-26T20:22:47Z,85.0,Charge 4
2020-12-26T20:22:52Z,83.0,Charge 4
2020-12-26T20:22:57Z,82.0,Charge 4
2020-12-26T20:23:02Z,83.0,Charge 4
2020-12-26T20:23:07Z,85.0,Charge 4
2020-12-26T20:23:17Z,84.0,Charge 4
2020-12-26T20:23:22Z,85.0,Charge 4
2020-12-26T20:23:27Z,86.0,Charge 4
2020-12-26T20:23:37Z,85.0,Charge 4
2020-12-26T20:23:47Z,84.0,Charge 4
2020-12-26T20:23:52Z,84.0,Charge 4
2020-12-26T20:24:07Z,84.0,Charge 4
2020-12-26T20:24:12Z,85.0,Charge 4
2020-12-26T20:24:27Z,85.0,Charge 4
2020-12-26T20:24:32Z,84.0,Charge 4
2020-12-26T20:24:37Z,83.0,Charge 4
2020-12-26T20:24:42Z,82.0,Charge 4
2020-12-26T20:24:57Z,82.0,Charge 4
2020-12-26T20:25:12Z,82.0,Charge 4
2020-12-26T20:25:17Z,81.0,Charge 4
2020-12-26T20:25:27Z,80.0,Charge 4
2020-12-26T20:25:37Z,81.0,Charge 4
2020-12-26T20:25:47Z,83.0,Charge 4
2020-12-26T20:26:02Z,83.0,Charge 4
2020-12-26T20:26:17Z,83.0,Charge 4
2020-12-26T20:26:23Z,81.0,Charge 4
2020-12-26T20:26:33Z,81.0,Charge 4
2020-12-26T20:26:38Z,79.0,Charge 4
2020-12-26T20:26:48Z,80.0,Charge 4
2020-12-26T20:26:53Z,81.0,Charge 4
2020-12-26T20:26:58Z,82.0,Charge 4
2020-12-26T20:27:03Z,82.0,Charge 4
2020-12-26T20:27:08Z,83.0,Charge 4
2020-12-26T20:27:13Z,82.0,Charge 4
2020-12-26T20:27:23Z,84.0,Charge 4
2020-12-26T20:27:28Z,85.0,Charge 4
2020-12-26T20:27:33Z,86.0,Charge 4
2020-12-26T20:27:38Z,85.0,Charge 4
2020-12-26T20:27:48Z,84.0,Charge 4
2020-12-26T20:27:53Z,85.0,Charge 4
2020-12-26T20:27:58Z,84.0,Charge 4
2020-12-26T20:28:08Z,83.0,Charge 4
2020-12-26T20:28:13Z,82.0,Charge 4
2020-12-26T20:28:18Z,81.0,Charge 4
2020-12-26T20:28:23Z,82.0,Charge 4
2020-12-26T20:28:33Z,84.0,Charge 4
2020-12-26T20:28:48Z,85.0,Charge 4
2020-12-26T20:28:58Z,91.0,Charge 4
2020-12-26T20:29:03Z,93.0,Charge 4
2020-12-26T20:29:18Z,93.0,Charge 4
2020-12-26T20:29:28Z,94.0,Charge 4
2020-12-26T20:29:43Z,95.0,Charge 4
2020-12-26T20:29:48Z,95.0,Charge 4
2020-12-26T20:30:03Z,93.0,Charge 4
2020-12-26T20:30:08Z,94.0,Charge 4
2020-12-26T20:30:13Z,93.0,Charge 4
2020-12-26T20:30:23Z,94.0,Charge 4
2020-12-26T20:30:28Z,96.0,Charge 4
2020-12-26T20:30:43Z,96.0,Charge 4
2020-12-26T20:30:48Z,97.0,Charge 4
2020-12-26T20:30:53Z,98.0,Charge 4
2020-12-26T20:31:03Z,98.0,Charge 4
2020-12-26T20:31:13Z,101.0,Charge 4
2020-12-26T20:31:18Z,101.0,Charge 4
2020-12-26T20:31:33Z,100.0,Charge 4
2020-12-26T20:31:48Z,100.0,Charge 4
2020-12-26T20:31:53Z,101.0,Charge 4
2020-12-26T20:31:58Z,100.0,Charge 4
2020-12-26T20:32:13Z,101.0,Charge 4
2020-12-26T20:32:23Z,102.0,Charge 4
2020-12-26T20:32:38Z,101.0,Charge 4
2020-12-26T20:32:43Z,100.0,Charge 4
2020-12-26T20:32:48Z,94.0,Charge 4
2020-12-26T20:32:53Z,90.0,Charge 4
2020-12-26T20:32:58Z,86.0,Charge 4
2020-12-26T20:33:08Z,85.0,Charge 4
2020-12-26T20:33:18Z,85.0,Charge 4
2020-12-26T20:33:33Z,85.0,Charge 4
2020-12-26T20:33:43Z,84.0,Charge 4
2020-12-26T20:33:49Z,84.0,Charge 4
2020-12-26T20:33:54Z,85.0,Charge 4
2020-12-26T20:34:09Z,86.0,Charge 4
2020-12-26T20:34:14Z,85.0,Charge 4
2020-12-26T20:34:19Z,83.0,Charge 4
2020-12-26T20:34:29Z,82.0,Charge 4
2020-12-26T20:34:39Z,82.0,Charge 4
2020-12-26T20:34:44Z,82.0,Charge 4
2020-12-26T20:34:49Z,81.0,Charge 4
2020-12-26T20:34:54Z,81.0,Charge 4
2020-12-26T20:34:59Z,81.0,Charge 4
2020-12-26T20:35:04Z,80.0,Charge 4
2020-12-26T20:35:09Z,80.0,Charge 4
2020-12-26T20:35:14Z,80.0,Charge 4
2020-12-26T20:35:29Z,82.0,Charge 4
2020-12-26T20:35:34Z,85.0,Charge 4
2020-12-26T20:35:39Z,83.0,Charge 4
2020-12-26T20:35:44Z,82.0,Charge 4
2020-12-26T20:35:49Z,80.0,Charge 4
2020-12-26T20:36:04Z,80.0,Charge 4
2020-12-26T20:36:14Z,80.0,Charge 4
2020-12-26T20:36:19Z,80.0,Charge 4
2020-12-26T20:36:29Z,78.0,Charge 4
2020-12-26T20:36:34Z,80.0,Charge 4
2020-12-26T20:36:39Z,81.0,Charge 4
2020-12-26T20:36:44Z,80.0,Charge 4
2020-12-26T20:36:59Z,80.0,Charge 4
2020-12-26T20:37:04Z,80.0,Charge 4
2020-12-26T20:37:14Z,80.0,Charge 4
2020-12-26T20:37:24Z,82.0,Charge 4
2020-12-26T20:37:29Z,84.0,Charge 4
2020-12-26T20:37:34Z,85.0,Charge 4
2020-12-26T20:37:39Z,84.0,Charge 4
2020-12-26T20:37:44Z,83.0,Charge 4
2020-12-26T20:37:49Z,82.0,Charge 4
2020-12-26T20:38:04Z,82.0,Charge 4
2020-12-26T20:38:19Z,82.0,Charge 4
2020-12-26T20:38:24Z,80.0,Charge 4
2020-12-26T20:38:34Z,79.0,Charge 4
2020-12-26T20:38:44Z,79.0,Charge 4
2020-12-26T20:38:49Z,80.0,Charge 4
2020-12-26T20:38:54Z,82.0,Charge 4
2020-12-26T20:38:59Z,83.0,Charge 4
2020-12-26T20:39:09Z,83.0,Charge 4
2020-12-26T20:39:24Z,82.0,Charge 4
2020-12-26T20:39:29Z,80.0,Charge 4
2020-12-26T20:39:39Z,81.0,Charge 4
2020-12-26T20:39:49Z,81.0,Charge 4
2020-12-26T20:39:54Z,82.0,Charge 4
2020-12-26T20:39:59Z,83.0,Charge 4
2020-12-26T20:40:04Z,82.0,Charge 4
2020-12-26T20:40:09Z,83.0,Charge 4
2020-12-26T20:40:14Z,82.0,Charge 4
2020-12-26T20:40:24Z,82.0,Charge 4
2020-12-26T20:40:29Z,82.0,Charge 4
2020-12-26T20:40:34Z,84.0,Charge 4
2020-12-26T20:40:39Z,83.0,Charge 4
2020-12-26T20:40:44Z,81.0,Charge 4
2020-12-26T20:40:49Z,80.0,Charge 4
2020-12-26T20:40:54Z,80.0,Charge 4
2020-12-26T20:40:59Z,81.0,Charge 4
2020-12-26T20:41:04Z,82.0,Charge 4
2020-12-26T20:41:09Z,82.0,Charge 4
2020-12-26T20:41:19Z,82.0,Charge 4
2020-12-26T20:41:29Z,82.0,Charge 4
2020-12-26T20:41:34Z,83.0,Charge 4
2020-12-26T20:41:39Z,82.0,Charge 4
2020-12-26T20:41:54Z,82.0,Charge 4
2020-12-26T20:41:59Z,83.0,Charge 4
2020-12-26T20:42:14Z,83.0,Charge 4
2020-12-26T20:42:29Z,83.0,Charge 4
2020-12-26T20:42:34Z,86.0,Charge 4
2020-12-26T20:42:49Z,86.0,Charge 4
2020-12-26T20:42:54Z,86.0,Charge 4
2020-12-26T20:43:04Z,84.0,Charge 4
2020-12-26T20:43:09Z,83.0,Charge 4
2020-12-26T20:43:14Z,82.0,Charge 4
2020-12-26T20:43:24Z,80.0,Charge 4
2020-12-26T20:43:29Z,79.0,Charge 4
2020-12-26T20:43:34Z,77.0,Charge 4
2020-12-26T20:43:44Z,78.0,Charge 4
2020-12-26T20:43:49Z,77.0,Charge 4
2020-12-26T20:43:54Z,79.0,Charge 4
2020-12-26T20:43:59Z,81.0,Charge 4
2020-12-26T20:44:04Z,80.0,Charge 4
2020-12-26T20:44:09Z,81.0,Charge 4
2020-12-26T20:44:19Z,80.0,Charge 4
2020-12-26T20:44:24Z,79.0,Charge 4
2020-12-26T20:44:29Z,80.0,Charge 4
2020-12-26T20:44:39Z,79.0,Charge 4
2020-12-26T20:44:54Z,80.0,Charge 4
2020-12-26T20:45:04Z,80.0,Charge 4
2020-12-26T20:45:14Z,81.0,Charge 4
2020-12-26T20:45:19Z,82.0,Charge 4
2020-12-26T20:45:24Z,82.0,Charge 4
2020-12-26T20:45:34Z,83.0,Charge 4
2020-12-26T20:45:39Z,85.0,Charge 4
2020-12-26T20:45:54Z,86.0,Charge 4
2020-12-26T20:45:59Z,90.0,Charge 4
2020-12-26T20:46:04Z,91.0,Charge 4
2020-12-26T20:46:14Z,89.0,Charge 4
2020-12-26T20:46:19Z,87.0,Charge 4
2020-12-26T20:46:24Z,85.0,Charge 4
2020-12-26T20:46:29Z,84.0,Charge 4
2020-12-26T20:46:39Z,85.0,Charge 4
2020-12-26T20:46:49Z,86.0,Charge 4
2020-12-26T20:46:54Z,87.0,Charge 4
2020-12-26T20:46:59Z,88.0,Charge 4
2020-12-26T20:47:04Z,88.0,Charge 4
2020-12-26T20:47:09Z,86.0,Charge 4
2020-12-26T20:47:14Z,85.0,Charge 4
2020-12-26T20:47:19Z,83.0,Charge 4
2020-12-26T20:47:29Z,82.0,Charge 4
2020-12-26T20:47:39Z,83.0,Charge 4
2020-12-26T20:47:44Z,83.0,Charge 4
2020-12-26T20:47:54Z,82.0,Charge 4
2020-12-26T20:47:59Z,81.0,Charge 4
2020-12-26T20:48:04Z,81.0,Charge 4
2020-12-26T20:48:09Z,82.0,Charge 4
2020-12-26T20:48:19Z,83.0,Charge 4
2020-12-26T20:48:34Z,83.0,Charge 4
2020-12-26T20:48:49Z,82.0,Charge 4
2020-12-26T20:48:54Z,83.0,Charge 4
2020-12-26T20:48:59Z,82.0,Charge 4
2020-12-26T20:49:09Z,80.0,Charge 4
2020-12-26T20:49:14Z,79.0,Charge 4
2020-12-26T20:49:24Z,78.0,Charge 4
2020-12-26T20:49:39Z,79.0,Charge 4
2020-12-26T20:49:44Z,80.0,Charge 4
2020-12-26T20:49:49Z,81.0,Charge 4
2020-12-26T20:50:04Z,82.0,Charge 4
2020-12-26T20:50:09Z,82.0,Charge 4
2020-12-26T20:50:14Z,82.0,Charge 4
2020-12-26T20:50:29Z,81.0,Charge 4
2020-12-26T20:50:34Z,81.0,Charge 4
2020-12-26T20:50:39Z,81.0,Charge 4
2020-12-26T20:50:49Z,82.0,Charge 4
2020-12-26T20:50:54Z,84.0,Charge 4
2020-12-26T20:51:09Z,83.0,Charge 4
2020-12-26T20:51:19Z,84.0,Charge 4
2020-12-26T20:51:29Z,85.0,Charge 4
2020-12-26T20:51:34Z,84.0,Charge 4
2020-12-26T20:51:39Z,83.0,Charge 4
2020-12-26T20:51:49Z,84.0,Charge 4
2020-12-26T20:51:54Z,83.0,Charge 4
2020-12-26T20:52:04Z,84.0,Charge 4
2020-12-26T20:52:09Z,85.0,Charge 4
2020-12-26T20:52:19Z,84.0,Charge 4
2020-12-26T20:52:24Z,83.0,Charge 4
2020-12-26T20:52:29Z,83.0,Charge 4
2020-12-26T20:52:34Z,83.0,Charge 4
2020-12-26T20:52:39Z,84.0,Charge 4
2020-12-26T20:52:44Z,83.0,Charge 4
2020-12-26T20:52:49Z,83.0,Charge 4
2020-12-26T20:52:54Z,83.0,Charge 4
2020-12-26T20:53:09Z,85.0,Charge 4
2020-12-26T20:53:14Z,84.0,Charge 4
2020-12-26T20:53:24Z,83.0,Charge 4
2020-12-26T20:53:29Z,83.0,Charge 4
2020-12-26T20:53:39Z,84.0,Charge 4
2020-12-26T20:53:49Z,83.0,Charge 4
2020-12-26T20:53:54Z,83.0,Charge 4
2020-12-26T20:53:59Z,83.0,Charge 4
2020-12-26T20:54:09Z,82.0,Charge 4
2020-12-26T20:54:14Z,82.0,Charge 4
2020-12-26T20:54:19Z,82.0,Charge 4
2020-12-26T20:54:24Z,83.0,Charge 4
2020-12-26T20:54:29Z,82.0,Charge 4
2020-12-26T20:54:34Z,81.0,Charge 4
2020-12-26T20:54:39Z,81.0,Charge 4
2020-12-26T20:54:44Z,81.0,Charge 4
2020-12-26T20:54:59Z,81.0,Charge 4
2020-12-26T20:55:04Z,82.0,Charge 4
2020-12-26T20:55:09Z,81.0,Charge 4
2020-12-26T20:55:14Z,82.0,Charge 4
2020-12-26T20:55:29Z,81.0,Charge 4
2020-12-26T20:55:34Z,82.0,Charge 4
2020-12-26T20:55:49Z,82.0,Charge 4
2020-12-26T20:55:54Z,85.0,Charge 4
2020-12-26T20:55:59Z,87.0,Charge 4
2020-12-26T20:56:04Z,85.0,Charge 4
2020-12-26T20:56:19Z,85.0,Charge 4
2020-12-26T20:56:29Z,84.0,Charge 4
2020-12-26T20:56:44Z,84.0,Charge 4
2020-12-26T20:56:49Z,84.0,Charge 4
2020-12-26T20:56:54Z,83.0,Charge 4
2020-12-26T20:56:59Z,82.0,Charge 4
2020-12-26T20:57:09Z,83.0,Charge 4
2020-12-26T20:57:14Z,82.0,Charge 4
2020-12-26T20:57:19Z,81.0,Charge 4
2020-12-26T20:57:24Z,81.0,Charge 4
2020-12-26T20:57:34Z,83.0,Charge 4
2020-12-26T20:57:39Z,82.0,Charge 4
2020-12-26T20:57:44Z,83.0,Charge 4
2020-12-26T20:57:49Z,84.0,Charge 4
2020-12-26T20:57:59Z,85.0,Charge 4
2020-12-26T20:58:04Z,86.0,Charge 4
2020-12-26T20:58:09Z,87.0,Charge 4
2020-12-26T20:58:14Z,87.0,Charge 4
2020-12-26T20:58:19Z,87.0,Charge 4
2020-12-26T20:58:29Z,87.0,Charge 4
2020-12-26T20:58:34Z,85.0,Charge 4
2020-12-26T20:58:39Z,83.0,Charge 4
2020-12-26T20:58:49Z,81.0,Charge 4
2020-12-26T20:59:04Z,82.0,Charge 4
2020-12-26T20:59:14Z,82.0,Charge 4
2020-12-26T20:59:19Z,83.0,Charge 4
2020-12-26T20:59:24Z,83.0,Charge 4
2020-12-26T20:59:39Z,83.0,Charge 4
2020-12-26T20:59:49Z,83.0,Charge 4
2020-12-26T20:59:54Z,82.0,Charge 4
2020-12-26T20:59:59Z,81.0,Charge 4
2020-12-26T21:00:09Z,80.0,Charge 4
2020-12-26T21:00:14Z,80.0,Charge 4
2020-12-26T21:00:19Z,81.0,Charge 4
2020-12-26T21:00:24Z,81.0,Charge 4
2020-12-26T21:00:30Z,83.0,Charge 4
2020-12-26T21:00:40Z,82.0,Charge 4
2020-12-26T21:00:45Z,82.0,Charge 4
2020-12-26T21:00:50Z,79.0,Charge 4
2020-12-26T21:00:55Z,79.0,Charge 4
2020-12-26T21:01:00Z,80.0,Charge 4
2020-12-26T21:01:05Z,81.0,Charge 4
2020-12-26T21:01:10Z,81.0,Charge 4
2020-12-26T21:01:20Z,80.0,Charge 4
2020-12-26T21:01:35Z,81.0,Charge 4
2020-12-26T21:01:40Z,82.0,Charge 4
2020-12-26T21:01:45Z,83.0,Charge 4
2020-12-26T21:01:55Z,86.0,Charge 4
2020-12-26T21:02:10Z,86.0,Charge 4
2020-12-26T21:02:15Z,85.0,Charge 4
2020-12-26T21:02:20Z,84.0,Charge 4
2020-12-26T21:02:25Z,85.0,Charge 4
2020-12-26T21:02:30Z,87.0,Charge 4
2020-12-26T21:02:45Z,85.0,Charge 4
2020-12-26T21:02:50Z,84.0,Charge 4
2020-12-26T21:02:55Z,83.0,Charge 4
2020-12-26T21:03:05Z,84.0,Charge 4
2020-12-26T21:03:10Z,85.0,Charge 4
2020-12-26T21:03:15Z,86.0,Charge 4
2020-12-26T21:03:25Z,87.0,Charge 4
2020-12-26T21:03:35Z,86.0,Charge 4
2020-12-26T21:03:50Z,85.0,Charge 4
2020-12-26T21:03:55Z,84.0,Charge 4
2020-12-26T21:04:05Z,83.0,Charge 4
2020-12-26T21:04:10Z,83.0,Charge 4
2020-12-26T21:04:15Z,82.0,Charge 4
2020-12-26T21:04:30Z,82.0,Charge 4
2020-12-26T21:04:35Z,84.0,Charge 4
2020-12-26T21:04:40Z,85.0,Charge 4
2020-12-26T21:04:55Z,85.0,Charge 4
2020-12-26T21:05:00Z,84.0,Charge 4
2020-12-26T21:05:05Z,83.0,Charge 4
2020-12-26T21:05:10Z,83.0,Charge 4
2020-12-26T21:05:15Z,83.0,Charge 4
2020-12-26T21:05:25Z,82.0,Charge 4
2020-12-26T21:05:30Z,82.0,Charge 4
2020-12-26T21:05:35Z,82.0,Charge 4
2020-12-26T21:05:40Z,82.0,Charge 4
2020-12-26T21:05:50Z,82.0,Charge 4
2020-12-26T21:05:55Z,83.0,Charge 4
2020-12-26T21:06:10Z,83.0,Charge 4
2020-12-26T21:06:15Z,88.0,Charge 4
2020-12-26T21:06:25Z,88.0,Charge 4
2020-12-26T21:06:40Z,88.0,Charge 4
2020-12-26T21:07:01Z,84.0,Charge 4
2020-12-26T21:07:06Z,84.0,Charge 4
2020-12-26T21:07:11Z,84.0,Charge 4
2020-12-26T21:07:16Z,83.0,Charge 4
2020-12-26T21:07:31Z,83.0,Charge 4
2020-12-26T21:07:36Z,84.0,Charge 4
2020-12-26T21:07:41Z,84.0,Charge 4
2020-12-26T21:07:46Z,85.0,Charge 4
2020-12-26T21:07:51Z,84.0,Charge 4
2020-12-26T21:07:56Z,83.0,Charge 4
2020-12-26T21:08:06Z,84.0,Charge 4
2020-12-26T21:08:11Z,85.0,Charge 4
2020-12-26T21:08:16Z,90.0,Charge 4
2020-12-26T21:08:21Z,92.0,Charge 4
2020-12-26T21:08:26Z,88.0,Charge 4
2020-12-26T21:08:31Z,84.0,Charge 4
2020-12-26T21:08:36Z,84.0,Charge 4
2020-12-26T21:08:41Z,83.0,Charge 4
2020-12-26T21:08:51Z,84.0,Charge 4
2020-12-26T21:08:56Z,85.0,Charge 4
2020-12-26T21:09:01Z,86.0,Charge 4
2020-12-26T21:09:06Z,88.0,Charge 4
2020-12-26T21:09:16Z,89.0,Charge 4
2020-12-26T21:09:21Z,87.0,Charge 4
2020-12-26T21:09:26Z,85.0,Charge 4
2020-12-26T21:09:31Z,85.0,Charge 4
2020-12-26T21:09:36Z,84.0,Charge 4
2020-12-26T21:09:41Z,84.0,Charge 4
2020-12-26T21:09:46Z,86.0,Charge 4
2020-12-26T21:09:51Z,87.0,Charge 4
2020-12-26T21:10:01Z,85.0,Charge 4
2020-12-26T21:10:06Z,85.0,Charge 4
2020-12-26T21:10:16Z,84.0,Charge 4
2020-12-26T21:10:21Z,83.0,Charge 4
2020-12-26T21:10:26Z,82.0,Charge 4
2020-12-26T21:10:31Z,82.0,Charge 4
2020-12-26T21:10:36Z,83.0,Charge 4
2020-12-26T21:10:41Z,82.0,Charge 4
2020-12-26T21:10:46Z,81.0,Charge 4
2020-12-26T21:11:01Z,83.0,Charge 4
2020-12-26T21:11:06Z,84.0,Charge 4
2020-12-26T21:11:11Z,83.0,Charge 4
2020-12-26T21:11:16Z,81.0,Charge 4
2020-12-26T21:11:21Z,81.0,Charge 4
2020-12-26T21:11:26Z,82.0,Charge 4
2020-12-26T21:11:31Z,82.0,Charge 4
2020-12-26T21:11:36Z,83.0,Charge 4
2020-12-26T21:11:51Z,83.0,Charge 4
2020-12-26T21:12:06Z,83.0,Charge 4
2020-12-26T21:12:16Z,84.0,Charge 4
2020-12-26T21:12:26Z,85.0,Charge 4
2020-12-26T21:12:31Z,84.0,Charge 4
2020-12-26T21:12:36Z,83.0,Charge 4
2020-12-26T21:12:46Z,83.0,Charge 4
2020-12-26T21:12:51Z,83.0,Charge 4
2020-12-26T21:12:56Z,83.0,Charge 4
2020-12-26T21:13:01Z,83.0,Charge 4
2020-12-26T21:13:06Z,83.0,Charge 4
2020-12-26T21:13:11Z,84.0,Charge 4
2020-12-26T21:13:26Z,83.0,Charge 4
2020-12-26T21:13:31Z,83.0,Charge 4
2020-12-26T21:13:41Z,84.0,Charge 4
2020-12-26T21:13:46Z,85.0,Charge 4
2020-12-26T21:13:51Z,85.0,Charge 4
2020-12-26T21:14:06Z,84.0,Charge 4
2020-12-26T21:14:16Z,82.0,Charge 4
2020-12-26T21:14:21Z,82.0,Charge 4
2020-12-26T21:14:26Z,83.0,Charge 4
2020-12-26T21:14:31Z,82.0,Charge 4
2020-12-26T21:14:46Z,81.0,Charge 4
2020-12-26T21:14:51Z,81.0,Charge 4
2020-12-26T21:14:56Z,82.0,Charge 4
2020-12-26T21:15:06Z,81.0,Charge 4
2020-12-26T21:15:21Z,82.0,Charge 4
2020-12-26T21:15:26Z,84.0,Charge 4
2020-12-26T21:15:41Z,83.0,Charge 4
2020-12-26T21:15:51Z,82.0,Charge 4
2020-12-26T21:15:56Z,82.0,Charge 4
2020-12-26T21:16:01Z,82.0,Charge 4
2020-12-26T21:16:11Z,83.0,Charge 4
2020-12-26T21:16:16Z,82.0,Charge 4
2020-12-26T21:16:21Z,80.0,Charge 4
2020-12-26T21:16:26Z,79.0,Charge 4
2020-12-26T21:16:31Z,80.0,Charge 4
2020-12-26T21:16:41Z,79.0,Charge 4
2020-12-26T21:16:46Z,79.0,Charge 4
2020-12-26T21:16:51Z,80.0,Charge 4
2020-12-26T21:17:01Z,81.0,Charge 4
2020-12-26T21:17:06Z,81.0,Charge 4
2020-12-26T21:17:11Z,81.0,Charge 4
2020-12-26T21:17:21Z,82.0,Charge 4
2020-12-26T21:17:26Z,83.0,Charge 4
2020-12-26T21:17:31Z,87.0,Charge 4
2020-12-26T21:17:36Z,93.0,Charge 4
2020-12-26T21:17:41Z,95.0,Charge 4
2020-12-26T21:17:46Z,94.0,Charge 4
2020-12-26T21:17:51Z,92.0,Charge 4
2020-12-26T21:17:56Z,91.0,Charge 4
2020-12-26T21:18:06Z,91.0,Charge 4
2020-12-26T21:18:16Z,89.0,Charge 4
2020-12-26T21:18:21Z,87.0,Charge 4
2020-12-26T21:18:26Z,84.0,Charge 4
2020-12-26T21:18:31Z,83.0,Charge 4
2020-12-26T21:18:36Z,82.0,Charge 4
2020-12-26T21:18:51Z,81.0,Charge 4
2020-12-26T21:18:56Z,81.0,Charge 4
2020-12-26T21:19:01Z,81.0,Charge 4
2020-12-26T21:19:11Z,82.0,Charge 4
2020-12-26T21:19:16Z,82.0,Charge 4
2020-12-26T21:19:21Z,83.0,Charge 4
2020-12-26T21:19:36Z,83.0,Charge 4
2020-12-26T21:19:41Z,82.0,Charge 4
2020-12-26T21:19:46Z,84.0,Charge 4
2020-12-26T21:19:51Z,85.0,Charge 4
2020-12-26T21:19:56Z,84.0,Charge 4
2020-12-26T21:20:01Z,85.0,Charge 4
2020-12-26T21:20:11Z,84.0,Charge 4
2020-12-26T21:20:21Z,84.0,Charge 4
2020-12-26T21:20:26Z,83.0,Charge 4
2020-12-26T21:20:31Z,83.0,Charge 4
2020-12-26T21:20:36Z,81.0,Charge 4
2020-12-26T21:20:41Z,78.0,Charge 4
2020-12-26T21:20:51Z,79.0,Charge 4
2020-12-26T21:21:01Z,80.0,Charge 4
2020-12-26T21:21:11Z,82.0,Charge 4
2020-12-26T21:21:16Z,83.0,Charge 4
2020-12-26T21:21:26Z,83.0,Charge 4
2020-12-26T21:21:31Z,84.0,Charge 4
2020-12-26T21:21:36Z,85.0,Charge 4
2020-12-26T21:21:46Z,84.0,Charge 4
2020-12-26T21:22:01Z,84.0,Charge 4
2020-12-26T21:22:06Z,84.0,Charge 4
2020-12-26T21:22:11Z,81.0,Charge 4
2020-12-26T21:22:16Z,79.0,Charge 4
2020-12-26T21:22:31Z,79.0,Charge 4
2020-12-26T21:22:36Z,79.0,Charge 4
2020-12-26T21:22:51Z,79.0,Charge 4
2020-12-26T21:22:56Z,79.0,Charge 4
2020-12-26T21:23:01Z,80.0,Charge 4
2020-12-26T21:23:16Z,79.0,Charge 4
2020-12-26T21:23:26Z,78.0,Charge 4
2020-12-26T21:23:31Z,77.0,Charge 4
2020-12-26T21:23:41Z,78.0,Charge 4
2020-12-26T21:23:56Z,78.0,Charge 4
2020-12-26T21:24:11Z,78.0,Charge 4
2020-12-26T21:24:16Z,79.0,Charge 4
2020-12-26T21:24:21Z,80.0,Charge 4
2020-12-26T21:24:26Z,80.0,Charge 4
2020-12-26T21:24:31Z,79.0,Charge 4
2020-12-26T21:24:41Z,78.0,Charge 4
2020-12-26T21:24:46Z,77.0,Charge 4
2020-12-26T21:24:51Z,78.0,Charge 4
2020-12-26T21:24:56Z,78.0,Charge 4
2020-12-26T21:25:11Z,78.0,Charge 4
2020-12-26T21:25:26Z,79.0,Charge 4
2020-12-26T21:25:36Z,80.0,Charge 4
2020-12-26T21:25:41Z,81.0,Charge 4
2020-12-26T21:25:46Z,83.0,Charge 4
2020-12-26T21:25:51Z,84.0,Charge 4
2020-12-26T21:25:56Z,89.0,Charge 4
2020-12-26T21:26:01Z,92.0,Charge 4
2020-12-26T21:26:06Z,94.0,Charge 4
2020-12-26T21:26:11Z,94.0,Charge 4
2020-12-26T21:26:26Z,92.0,Charge 4
2020-12-26T21:26:31Z,91.0,Charge 4
2020-12-26T21:26:46Z,92.0,Charge 4
2020-12-26T21:26:51Z,91.0,Charge 4
2020-12-26T21:26:56Z,88.0,Charge 4
2020-12-26T21:27:01Z,87.0,Charge 4
2020-12-26T21:27:16Z,87.0,Charge 4
2020-12-26T21:27:31Z,88.0,Charge 4
2020-12-26T21:27:36Z,89.0,Charge 4
2020-12-26T21:27:41Z,89.0,Charge 4
2020-12-26T21:27:46Z,90.0,Charge 4
2020-12-26T21:27:51Z,90.0,Charge 4
2020-12-26T21:27:56Z,89.0,Charge 4
2020-12-26T21:28:11Z,89.0,Charge 4
2020-12-26T21:28:16Z,90.0,Charge 4
2020-12-26T21:28:31Z,90.0,Charge 4
2020-12-26T21:28:36Z,91.0,Charge 4
2020-12-26T21:28:51Z,91.0,Charge 4
2020-12-26T21:29:01Z,89.0,Charge 4
2020-12-26T21:29:06Z,89.0,Charge 4
2020-12-26T21:29:16Z,90.0,Charge 4
2020-12-26T21:29:21Z,93.0,Charge 4
2020-12-26T21:29:36Z,93.0,Charge 4
2020-12-26T21:29:46Z,97.0,Charge 4
2020-12-26T21:30:01Z,98.0,Charge 4
2020-12-26T21:30:11Z,97.0,Charge 4
2020-12-26T21:30:16Z,97.0,Charge 4
2020-12-26T21:30:26Z,98.0,Charge 4
2020-12-26T21:30:41Z,98.0,Charge 4
2020-12-26T21:30:51Z,97.0,Charge 4
2020-12-26T21:30:56Z,98.0,Charge 4
2020-12-26T21:31:06Z,96.0,Charge 4
2020-12-26T21:31:21Z,96.0,Charge 4
2020-12-26T21:31:26Z,94.0,Charge 4
2020-12-26T21:31:31Z,92.0,Charge 4
2020-12-26T21:31:46Z,92.0,Charge 4
2020-12-26T21:31:51Z,91.0,Charge 4
2020-12-26T21:32:01Z,90.0,Charge 4
2020-12-26T21:32:06Z,89.0,Charge 4
2020-12-26T21:32:11Z,83.0,Charge 4
2020-12-26T21:32:16Z,80.0,Charge 4
2020-12-26T21:32:26Z,82.0,Charge 4
2020-12-26T21:32:31Z,84.0,Charge 4
2020-12-26T21:32:41Z,83.0,Charge 4
2020-12-26T21:32:46Z,82.0,Charge 4
2020-12-26T21:32:56Z,80.0,Charge 4
2020-12-26T21:33:11Z,80.0,Charge 4
2020-12-26T21:33:16Z,77.0,Charge 4
2020-12-26T21:33:21Z,76.0,Charge 4
2020-12-26T21:33:31Z,79.0,Charge 4
2020-12-26T21:33:36Z,80.0,Charge 4
2020-12-26T21:33:42Z,78.0,Charge 4
2020-12-26T21:33:47Z,76.0,Charge 4
2020-12-26T21:34:02Z,79.0,Charge 4
2020-12-26T21:34:07Z,80.0,Charge 4
2020-12-26T21:34:12Z,76.0,Charge 4
2020-12-26T21:34:17Z,73.0,Charge 4
2020-12-26T21:34:22Z,75.0,Charge 4
2020-12-26T21:34:27Z,75.0,Charge 4
2020-12-26T21:34:32Z,78.0,Charge 4
2020-12-26T21:34:42Z,77.0,Charge 4
2020-12-26T21:34:47Z,77.0,Charge 4
2020-12-26T21:34:57Z,82.0,Charge 4
2020-12-26T21:35:02Z,81.0,Charge 4
2020-12-26T21:35:07Z,79.0,Charge 4
2020-12-26T21:35:12Z,79.0,Charge 4
2020-12-26T21:35:27Z,79.0,Charge 4
2020-12-26T21:35:32Z,80.0,Charge 4
2020-12-26T21:35:37Z,80.0,Charge 4
2020-12-26T21:35:42Z,79.0,Charge 4
2020-12-26T21:35:57Z,79.0,Charge 4
2020-12-26T21:36:02Z,78.0,Charge 4
2020-12-26T21:36:07Z,78.0,Charge 4
2020-12-26T21:36:22Z,77.0,Charge 4
2020-12-26T21:36:37Z,81.0,Charge 4
2020-12-26T21:36:42Z,82.0,Charge 4
2020-12-26T21:36:47Z,80.0,Charge 4
2020-12-26T21:36:57Z,78.0,Charge 4
2020-12-26T21:37:02Z,78.0,Charge 4
2020-12-26T21:37:07Z,78.0,Charge 4
2020-12-26T21:37:12Z,79.0,Charge 4
2020-12-26T21:37:17Z,81.0,Charge 4
2020-12-26T21:37:27Z,81.0,Charge 4
2020-12-26T21:37:42Z,82.0,Charge 4
2020-12-26T21:37:47Z,82.0,Charge 4
2020-12-26T21:38:02Z,81.0,Charge 4
2020-12-26T21:38:07Z,80.0,Charge 4
2020-12-26T21:38:17Z,78.0,Charge 4
2020-12-26T21:38:22Z,77.0,Charge 4
2020-12-26T21:38:32Z,77.0,Charge 4
2020-12-26T21:38:37Z,77.0,Charge 4
2020-12-26T21:38:42Z,76.0,Charge 4
2020-12-26T21:38:47Z,75.0,Charge 4
2020-12-26T21:38:57Z,77.0,Charge 4
2020-12-26T21:39:02Z,78.0,Charge 4
2020-12-26T21:39:07Z,78.0,Charge 4
2020-12-26T21:39:12Z,79.0,Charge 4
2020-12-26T21:39:17Z,80.0,Charge 4
2020-12-26T21:39:22Z,81.0,Charge 4
2020-12-26T21:39:27Z,80.0,Charge 4
2020-12-26T21:39:32Z,79.0,Charge 4
2020-12-26T21:39:42Z,79.0,Charge 4
2020-12-26T21:39:57Z,84.0,Charge 4
2020-12-26T21:40:02Z,85.0,Charge 4
2020-12-26T21:40:12Z,84.0,Charge 4
2020-12-26T21:40:17Z,83.0,Charge 4
2020-12-26T21:40:22Z,81.0,Charge 4
2020-12-26T21:40:27Z,81.0,Charge 4
2020-12-26T21:40:32Z,81.0,Charge 4
2020-12-26T21:40:42Z,80.0,Charge 4
2020-12-26T21:40:47Z,79.0,Charge 4
2020-12-26T21:40:52Z,77.0,Charge 4
2020-12-26T21:40:57Z,77.0,Charge 4
2020-12-26T21:41:07Z,78.0,Charge 4
2020-12-26T21:41:12Z,79.0,Charge 4
2020-12-26T21:41:17Z,80.0,Charge 4
2020-12-26T21:41:22Z,81.0,Charge 4
2020-12-26T21:41:37Z,81.0,Charge 4
2020-12-26T21:41:47Z,80.0,Charge 4
2020-12-26T21:41:57Z,79.0,Charge 4
2020-12-26T21:42:02Z,78.0,Charge 4
2020-12-26T21:42:17Z,78.0,Charge 4
2020-12-26T21:42:22Z,79.0,Charge 4
2020-12-26T21:42:27Z,79.0,Charge 4
2020-12-26T21:42:42Z,79.0,Charge 4
2020-12-26T21:42:52Z,79.0,Charge 4
2020-12-26T21:42:57Z,78.0,Charge 4
2020-12-26T21:43:02Z,79.0,Charge 4
2020-12-26T21:43:12Z,81.0,Charge 4
2020-12-26T21:43:17Z,83.0,Charge 4
2020-12-26T21:43:27Z,82.0,Charge 4
2020-12-26T21:43:32Z,81.0,Charge 4
2020-12-26T21:43:37Z,81.0,Charge 4
2020-12-26T21:43:42Z,80.0,Charge 4
2020-12-26T21:43:47Z,79.0,Charge 4
2020-12-26T21:44:02Z,78.0,Charge 4
2020-12-26T21:44:07Z,77.0,Charge 4
2020-12-26T21:44:22Z,77.0,Charge 4
2020-12-26T21:44:27Z,76.0,Charge 4
2020-12-26T21:44:32Z,77.0,Charge 4
2020-12-26T21:44:37Z,78.0,Charge 4
2020-12-26T21:44:42Z,79.0,Charge 4
2020-12-26T21:44:52Z,80.0,Charge 4
2020-12-26T21:45:07Z,80.0,Charge 4
2020-12-26T21:45:17Z,79.0,Charge 4
2020-12-26T21:45:22Z,78.0,Charge 4
2020-12-26T21:45:32Z,76.0,Charge 4
2020-12-26T21:45:37Z,75.0,Charge 4
2020-12-26T21:45:42Z,73.0,Charge 4
2020-12-26T21:45:52Z,74.0,Charge 4
2020-12-26T21:45:57Z,76.0,Charge 4
2020-12-26T21:46:07Z,77.0,Charge 4
2020-12-26T21:46:12Z,79.0,Charge 4
2020-12-26T21:46:22Z,77.0,Charge 4
2020-12-26T21:46:27Z,76.0,Charge 4
2020-12-26T21:46:32Z,75.0,Charge 4
2020-12-26T21:46:37Z,74.0,Charge 4
2020-12-26T21:46:42Z,75.0,Charge 4
2020-12-26T21:46:47Z,76.0,Charge 4
2020-12-26T21:46:52Z,77.0,Charge 4
2020-12-26T21:46:57Z,77.0,Charge 4
2020-12-26T21:47:02Z,78.0,Charge 4
2020-12-26T21:47:12Z,78.0,Charge 4
2020-12-26T21:47:22Z,79.0,Charge 4
2020-12-26T21:47:32Z,77.0,Charge 4
2020-12-26T21:47:42Z,76.0,Charge 4
2020-12-26T21:47:52Z,76.0,Charge 4
2020-12-26T21:48:02Z,77.0,Charge 4
2020-12-26T21:48:07Z,78.0,Charge 4
2020-12-26T21:48:12Z,77.0,Charge 4
2020-12-26T21:48:17Z,78.0,Charge 4
2020-12-26T21:48:22Z,77.0,Charge 4
2020-12-26T21:48:37Z,77.0,Charge 4
2020-12-26T21:50:08Z,84.0,Charge 4
2020-12-26T21:50:23Z,84.0,Charge 4
2020-12-26T21:50:28Z,82.0,Charge 4
2020-12-26T21:50:33Z,80.0,Charge 4
2020-12-26T21:50:38Z,79.0,Charge 4
2020-12-26T21:50:43Z,79.0,Charge 4
2020-12-26T21:50:48Z,80.0,Charge 4
2020-12-26T21:50:58Z,80.0,Charge 4
2020-12-26T21:51:08Z,79.0,Charge 4
2020-12-26T21:51:13Z,78.0,Charge 4
2020-12-26T21:51:28Z,77.0,Charge 4
2020-12-26T21:51:33Z,78.0,Charge 4
2020-12-26T21:51:48Z,78.0,Charge 4
2020-12-26T21:51:58Z,78.0,Charge 4
2020-12-26T21:52:03Z,80.0,Charge 4
2020-12-26T21:52:08Z,81.0,Charge 4
2020-12-26T21:52:13Z,83.0,Charge 4
2020-12-26T21:52:23Z,82.0,Charge 4
2020-12-26T21:52:28Z,81.0,Charge 4
2020-12-26T21:52:33Z,81.0,Charge 4
2020-12-26T21:52:43Z,80.0,Charge 4
2020-12-26T21:52:48Z,74.0,Charge 4
2020-12-26T21:52:58Z,75.0,Charge 4
2020-12-26T21:53:03Z,76.0,Charge 4
2020-12-26T21:53:08Z,78.0,Charge 4
2020-12-26T21:53:13Z,79.0,Charge 4
2020-12-26T21:53:18Z,80.0,Charge 4
2020-12-26T21:53:23Z,80.0,Charge 4
2020-12-26T21:53:28Z,83.0,Charge 4
2020-12-26T21:53:33Z,87.0,Charge 4
2020-12-26T21:53:48Z,87.0,Charge 4
2020-12-26T21:53:58Z,86.0,Charge 4
2020-12-26T21:54:13Z,84.0,Charge 4
2020-12-26T21:54:18Z,83.0,Charge 4
2020-12-26T21:54:23Z,82.0,Charge 4
2020-12-26T21:54:38Z,82.0,Charge 4
2020-12-26T21:54:43Z,81.0,Charge 4
2020-12-26T21:54:53Z,82.0,Charge 4
2020-12-26T21:54:58Z,81.0,Charge 4
2020-12-26T21:55:03Z,80.0,Charge 4
2020-12-26T21:55:18Z,78.0,Charge 4
2020-12-26T21:55:28Z,77.0,Charge 4
2020-12-26T21:55:33Z,76.0,Charge 4
2020-12-26T21:55:48Z,77.0,Charge 4
2020-12-26T21:55:53Z,77.0,Charge 4
2020-12-26T21:55:58Z,78.0,Charge 4
2020-12-26T21:56:03Z,79.0,Charge 4
2020-12-26T21:56:08Z,79.0,Charge 4
2020-12-26T21:56:23Z,78.0,Charge 4
2020-12-26T21:56:38Z,78.0,Charge 4
2020-12-26T21:56:43Z,79.0,Charge 4
2020-12-26T21:56:48Z,79.0,Charge 4
2020-12-26T21:56:53Z,81.0,Charge 4
2020-12-26T21:56:58Z,84.0,Charge 4
2020-12-26T21:57:03Z,86.0,Charge 4
2020-12-26T21:57:08Z,84.0,Charge 4
2020-12-26T21:57:13Z,83.0,Charge 4
2020-12-26T21:57:18Z,80.0,Charge 4
2020-12-26T21:57:33Z,80.0,Charge 4
2020-12-26T21:57:48Z,81.0,Charge 4
2020-12-26T21:57:53Z,85.0,Charge 4
2020-12-26T21:57:58Z,86.0,Charge 4
2020-12-26T21:58:13Z,87.0,Charge 4
2020-12-26T21:58:18Z,90.0,Charge 4
2020-12-26T21:58:28Z,91.0,Charge 4
2020-12-26T21:58:33Z,94.0,Charge 4
2020-12-26T21:58:38Z,93.0,Charge 4
2020-12-26T21:58:43Z,91.0,Charge 4
2020-12-26T21:58:48Z,90.0,Charge 4
2020-12-26T21:58:53Z,89.0,Charge 4
2020-12-26T21:58:58Z,85.0,Charge 4
2020-12-26T21:59:03Z,83.0,Charge 4
2020-12-26T21:59:08Z,82.0,Charge 4
2020-12-26T21:59:23Z,82.0,Charge 4
2020-12-26T21:59:28Z,83.0,Charge 4
2020-12-26T21:59:33Z,85.0,Charge 4
2020-12-26T21:59:48Z,86.0,Charge 4
2020-12-26T21:59:53Z,87.0,Charge 4
2020-12-26T21:59:58Z,92.0,Charge 4
2020-12-26T22:00:03Z,93.0,Charge 4
2020-12-26T22:00:08Z,91.0,Charge 4
2020-12-26T22:00:13Z,89.0,Charge 4
2020-12-26T22:00:18Z,88.0,Charge 4
2020-12-26T22:00:23Z,86.0,Charge 4
2020-12-26T22:00:28Z,84.0,Charge 4
2020-12-26T22:00:43Z,84.0,Charge 4
2020-12-26T22:00:48Z,85.0,Charge 4
2020-12-26T22:01:03Z,86.0,Charge 4
2020-12-26T22:01:13Z,85.0,Charge 4
2020-12-26T22:01:28Z,82.0,Charge 4
2020-12-26T22:01:43Z,82.0,Charge 4
2020-12-26T22:01:58Z,82.0,Charge 4
2020-12-26T22:02:08Z,81.0,Charge 4
2020-12-26T22:02:13Z,80.0,Charge 4
2020-12-26T22:02:28Z,80.0,Charge 4
2020-12-26T22:02:38Z,81.0,Charge 4
2020-12-26T22:02:43Z,82.0,Charge 4
2020-12-26T22:02:48Z,83.0,Charge 4
2020-12-26T22:02:53Z,83.0,Charge 4
2020-12-26T22:02:58Z,82.0,Charge 4
2020-12-26T22:03:03Z,82.0,Charge 4
2020-12-26T22:03:18Z,81.0,Charge 4
2020-12-26T22:03:23Z,80.0,Charge 4
2020-12-26T22:03:28Z,79.0,Charge 4
2020-12-26T22:03:38Z,80.0,Charge 4
2020-12-26T22:03:43Z,81.0,Charge 4
2020-12-26T22:03:58Z,79.0,Charge 4
2020-12-26T22:04:13Z,78.0,Charge 4
2020-12-26T22:04:18Z,77.0,Charge 4
2020-12-26T22:04:23Z,78.0,Charge 4
2020-12-26T22:04:28Z,80.0,Charge 4
2020-12-26T22:04:33Z,84.0,Charge 4
2020-12-26T22:04:38Z,85.0,Charge 4
2020-12-26T22:04:48Z,84.0,Charge 4
2020-12-26T22:04:58Z,84.0,Charge 4
2020-12-26T22:05:13Z,84.0,Charge 4
2020-12-26T22:07:09Z,89.0,Charge 4
2020-12-26T22:07:19Z,92.0,Charge 4
2020-12-26T22:07:24Z,93.0,Charge 4
2020-12-26T22:07:29Z,95.0,Charge 4
2020-12-26T22:07:39Z,94.0,Charge 4
2020-12-26T22:07:49Z,93.0,Charge 4
2020-12-26T22:08:04Z,93.0,Charge 4
2020-12-26T22:08:09Z,91.0,Charge 4
2020-12-26T22:08:14Z,87.0,Charge 4
2020-12-26T22:08:19Z,86.0,Charge 4
2020-12-26T22:08:29Z,87.0,Charge 4
2020-12-26T22:08:34Z,88.0,Charge 4
2020-12-26T22:08:44Z,86.0,Charge 4
2020-12-26T22:08:54Z,87.0,Charge 4
2020-12-26T22:08:59Z,89.0,Charge 4
2020-12-26T22:09:04Z,88.0,Charge 4
2020-12-26T22:09:19Z,86.0,Charge 4
2020-12-26T22:09:24Z,85.0,Charge 4
2020-12-26T22:09:39Z,85.0,Charge 4
2020-12-26T22:09:49Z,84.0,Charge 4
2020-12-26T22:10:04Z,84.0,Charge 4
2020-12-26T22:10:14Z,85.0,Charge 4
2020-12-26T22:10:19Z,84.0,Charge 4
2020-12-26T22:10:24Z,83.0,Charge 4
2020-12-26T22:10:29Z,82.0,Charge 4
2020-12-26T22:10:39Z,81.0,Charge 4
2020-12-26T22:10:54Z,81.0,Charge 4
2020-12-26T22:10:59Z,80.0,Charge 4
2020-12-26T22:11:04Z,78.0,Charge 4
2020-12-26T22:11:09Z,77.0,Charge 4
2020-12-26T22:11:24Z,77.0,Charge 4
2020-12-26T22:11:29Z,78.0,Charge 4
2020-12-26T22:11:34Z,79.0,Charge 4
2020-12-26T22:11:39Z,80.0,Charge 4
2020-12-26T22:11:44Z,81.0,Charge 4
2020-12-26T22:11:54Z,80.0,Charge 4
2020-12-26T22:12:04Z,79.0,Charge 4
2020-12-26T22:12:14Z,78.0,Charge 4
2020-12-26T22:12:24Z,77.0,Charge 4
2020-12-26T22:12:39Z,76.0,Charge 4
2020-12-26T22:12:44Z,77.0,Charge 4
2020-12-26T22:12:49Z,78.0,Charge 4
2020-12-26T22:12:54Z,79.0,Charge 4
2020-12-26T22:12:59Z,80.0,Charge 4
2020-12-26T22:13:09Z,81.0,Charge 4
2020-12-26T22:13:14Z,80.0,Charge 4
2020-12-26T22:13:29Z,81.0,Charge 4
2020-12-26T22:13:34Z,82.0,Charge 4
2020-12-26T22:13:39Z,83.0,Charge 4
2020-12-26T22:13:44Z,84.0,Charge 4
2020-12-26T22:13:49Z,83.0,Charge 4
2020-12-26T22:13:54Z,82.0,Charge 4
2020-12-26T22:13:59Z,82.0,Charge 4
2020-12-26T22:14:09Z,83.0,Charge 4
2020-12-26T22:14:14Z,83.0,Charge 4
2020-12-26T22:14:19Z,82.0,Charge 4
2020-12-26T22:14:29Z,81.0,Charge 4
2020-12-26T22:14:34Z,79.0,Charge 4
2020-12-26T22:14:39Z,78.0,Charge 4
2020-12-26T22:14:44Z,77.0,Charge 4
2020-12-26T22:14:49Z,76.0,Charge 4
2020-12-26T22:14:54Z,77.0,Charge 4
2020-12-26T22:15:09Z,77.0,Charge 4
2020-12-26T22:15:24Z,78.0,Charge 4
2020-12-26T22:15:29Z,80.0,Charge 4
2020-12-26T22:15:34Z,82.0,Charge 4
2020-12-26T22:15:49Z,82.0,Charge 4
2020-12-26T22:16:04Z,81.0,Charge 4
2020-12-26T22:16:09Z,79.0,Charge 4
2020-12-26T22:16:14Z,77.0,Charge 4
2020-12-26T22:16:19Z,76.0,Charge 4
2020-12-26T22:16:29Z,75.0,Charge 4
2020-12-26T22:16:34Z,76.0,Charge 4
2020-12-26T22:16:49Z,76.0,Charge 4
2020-12-26T22:16:54Z,77.0,Charge 4
2020-12-26T22:17:04Z,78.0,Charge 4
2020-12-26T22:17:09Z,79.0,Charge 4
2020-12-26T22:17:19Z,78.0,Charge 4
2020-12-26T22:17:24Z,75.0,Charge 4
2020-12-26T22:17:29Z,75.0,Charge 4
2020-12-26T22:17:34Z,76.0,Charge 4
2020-12-26T22:17:39Z,80.0,Charge 4
2020-12-26T22:17:44Z,87.0,Charge 4
2020-12-26T22:17:49Z,90.0,Charge 4
2020-12-26T22:17:54Z,86.0,Charge 4
2020-12-26T22:17:59Z,83.0,Charge 4
2020-12-26T22:18:04Z,82.0,Charge 4
2020-12-26T22:18:19Z,83.0,Charge 4
2020-12-26T22:18:24Z,84.0,Charge 4
2020-12-26T22:18:29Z,83.0,Charge 4
2020-12-26T22:18:34Z,82.0,Charge 4
2020-12-26T22:18:39Z,80.0,Charge 4
2020-12-26T22:18:44Z,78.0,Charge 4
2020-12-26T22:18:49Z,77.0,Charge 4
2020-12-26T22:19:04Z,78.0,Charge 4
2020-12-26T22:19:19Z,78.0,Charge 4
2020-12-26T22:19:24Z,77.0,Charge 4
2020-12-26T22:19:29Z,76.0,Charge 4
2020-12-26T22:19:34Z,74.0,Charge 4
2020-12-26T22:19:39Z,75.0,Charge 4
2020-12-26T22:19:49Z,76.0,Charge 4
2020-12-26T22:20:04Z,76.0,Charge 4
2020-12-26T22:20:14Z,78.0,Charge 4
2020-12-26T22:20:24Z,78.0,Charge 4
2020-12-26T22:20:29Z,76.0,Charge 4
2020-12-26T22:20:34Z,76.0,Charge 4
2020-12-26T22:20:44Z,77.0,Charge 4
2020-12-26T22:20:59Z,78.0,Charge 4
2020-12-26T22:21:04Z,78.0,Charge 4
2020-12-26T22:21:14Z,78.0,Charge 4
2020-12-26T22:21:19Z,79.0,Charge 4
2020-12-26T22:21:34Z,78.0,Charge 4
2020-12-26T22:21:49Z,78.0,Charge 4
2020-12-26T22:21:54Z,77.0,Charge 4
2020-12-26T22:22:04Z,79.0,Charge 4
2020-12-26T22:22:09Z,80.0,Charge 4
2020-12-26T22:22:14Z,81.0,Charge 4
2020-12-26T22:22:19Z,84.0,Charge 4
2020-12-26T22:22:24Z,82.0,Charge 4
2020-12-26T22:22:29Z,79.0,Charge 4
2020-12-26T22:22:34Z,78.0,Charge 4
2020-12-26T22:22:44Z,78.0,Charge 4
2020-12-26T22:22:49Z,79.0,Charge 4
2020-12-26T22:22:59Z,79.0,Charge 4
2020-12-26T22:23:04Z,78.0,Charge 4
2020-12-26T22:23:09Z,78.0,Charge 4
2020-12-26T22:23:14Z,77.0,Charge 4
2020-12-26T22:23:29Z,77.0,Charge 4
2020-12-26T22:23:39Z,75.0,Charge 4
2020-12-26T22:23:44Z,75.0,Charge 4
2020-12-26T22:23:54Z,76.0,Charge 4
2020-12-26T22:24:04Z,76.0,Charge 4
2020-12-26T22:24:19Z,76.0,Charge 4
2020-12-26T22:24:24Z,78.0,Charge 4
2020-12-26T22:24:30Z,81.0,Charge 4
2020-12-26T22:24:40Z,80.0,Charge 4
2020-12-26T22:24:50Z,81.0,Charge 4
2020-12-26T22:25:00Z,83.0,Charge 4
2020-12-26T22:25:05Z,82.0,Charge 4
2020-12-26T22:25:10Z,80.0,Charge 4
2020-12-26T22:25:20Z,80.0,Charge 4
2020-12-26T22:25:35Z,81.0,Charge 4
2020-12-26T22:25:40Z,80.0,Charge 4
2020-12-26T22:25:55Z,80.0,Charge 4
2020-12-26T22:26:00Z,79.0,Charge 4
2020-12-26T22:26:15Z,79.0,Charge 4
2020-12-26T22:26:25Z,78.0,Charge 4
2020-12-26T22:26:30Z,77.0,Charge 4
2020-12-26T22:26:35Z,76.0,Charge 4
2020-12-26T22:26:45Z,75.0,Charge 4
2020-12-26T22:27:00Z,75.0,Charge 4
2020-12-26T22:27:10Z,77.0,Charge 4
2020-12-26T22:27:20Z,77.0,Charge 4
2020-12-26T22:27:30Z,76.0,Charge 4
2020-12-26T22:27:40Z,75.0,Charge 4
2020-12-26T22:27:50Z,74.0,Charge 4
2020-12-26T22:27:55Z,75.0,Charge 4
2020-12-26T22:28:00Z,76.0,Charge 4
2020-12-26T22:28:05Z,78.0,Charge 4
2020-12-26T22:28:10Z,79.0,Charge 4
2020-12-26T22:28:25Z,80.0,Charge 4
2020-12-26T22:28:30Z,81.0,Charge 4
2020-12-26T22:28:40Z,82.0,Charge 4
2020-12-26T22:28:45Z,80.0,Charge 4
2020-12-26T22:28:50Z,78.0,Charge 4
2020-12-26T22:29:00Z,77.0,Charge 4
2020-12-26T22:29:05Z,76.0,Charge 4
2020-12-26T22:29:10Z,75.0,Charge 4
2020-12-26T22:29:15Z,74.0,Charge 4
2020-12-26T22:29:20Z,74.0,Charge 4
2020-12-26T22:29:25Z,75.0,Charge 4
2020-12-26T22:29:30Z,75.0,Charge 4
2020-12-26T22:29:40Z,76.0,Charge 4
2020-12-26T22:29:45Z,78.0,Charge 4
2020-12-26T22:29:50Z,81.0,Charge 4
2020-12-26T22:29:55Z,82.0,Charge 4
2020-12-26T22:30:10Z,83.0,Charge 4
2020-12-26T22:30:20Z,81.0,Charge 4
2020-12-26T22:30:30Z,80.0,Charge 4
2020-12-26T22:30:35Z,78.0,Charge 4
2020-12-26T22:30:50Z,78.0,Charge 4
2020-12-26T22:30:55Z,80.0,Charge 4
2020-12-26T22:31:00Z,81.0,Charge 4
2020-12-26T22:31:05Z,80.0,Charge 4
2020-12-26T22:31:10Z,79.0,Charge 4
2020-12-26T22:31:20Z,78.0,Charge 4
2020-12-26T22:31:25Z,77.0,Charge 4
2020-12-26T22:31:30Z,77.0,Charge 4
2020-12-26T22:31:35Z,77.0,Charge 4
2020-12-26T22:31:40Z,76.0,Charge 4
2020-12-26T22:31:50Z,75.0,Charge 4
2020-12-26T22:31:55Z,74.0,Charge 4
2020-12-26T22:32:00Z,72.0,Charge 4
2020-12-26T22:32:05Z,74.0,Charge 4
2020-12-26T22:32:10Z,76.0,Charge 4
2020-12-26T22:32:15Z,77.0,Charge 4
2020-12-26T22:32:20Z,79.0,Charge 4
2020-12-26T22:32:25Z,80.0,Charge 4
2020-12-26T22:32:30Z,79.0,Charge 4
2020-12-26T22:32:35Z,78.0,Charge 4
2020-12-26T22:32:40Z,80.0,Charge 4
2020-12-26T22:32:45Z,81.0,Charge 4
2020-12-26T22:32:50Z,81.0,Charge 4
2020-12-26T22:32:55Z,81.0,Charge 4
2020-12-26T22:33:05Z,80.0,Charge 4
2020-12-26T22:33:20Z,80.0,Charge 4
2020-12-26T22:33:25Z,80.0,Charge 4
2020-12-26T22:33:30Z,81.0,Charge 4
2020-12-26T22:33:35Z,82.0,Charge 4
2020-12-26T22:33:45Z,83.0,Charge 4
2020-12-26T22:33:50Z,86.0,Charge 4
2020-12-26T22:33:55Z,84.0,Charge 4
2020-12-26T22:34:00Z,83.0,Charge 4
2020-12-26T22:34:10Z,84.0,Charge 4
2020-12-26T22:34:25Z,82.0,Charge 4
2020-12-26T22:34:30Z,76.0,Charge 4
2020-12-26T22:34:35Z,76.0,Charge 4
2020-12-26T22:34:40Z,78.0,Charge 4
2020-12-26T22:34:45Z,80.0,Charge 4
2020-12-26T22:35:00Z,79.0,Charge 4
2020-12-26T22:35:05Z,80.0,Charge 4
2020-12-26T22:35:15Z,79.0,Charge 4
2020-12-26T22:35:20Z,81.0,Charge 4
2020-12-26T22:35:25Z,82.0,Charge 4
2020-12-26T22:35:40Z,83.0,Charge 4
2020-12-26T22:35:45Z,82.0,Charge 4
2020-12-26T22:35:50Z,81.0,Charge 4
2020-12-26T22:36:05Z,82.0,Charge 4
2020-12-26T22:36:10Z,81.0,Charge 4
2020-12-26T22:36:20Z,82.0,Charge 4
2020-12-26T22:36:25Z,81.0,Charge 4
2020-12-26T22:36:35Z,82.0,Charge 4
2020-12-26T22:36:40Z,83.0,Charge 4
2020-12-26T22:36:50Z,82.0,Charge 4
2020-12-26T22:37:05Z,81.0,Charge 4
2020-12-26T22:37:10Z,81.0,Charge 4
2020-12-26T22:37:15Z,81.0,Charge 4
2020-12-26T22:37:20Z,82.0,Charge 4
2020-12-26T22:37:25Z,85.0,Charge 4
2020-12-26T22:37:30Z,83.0,Charge 4
2020-12-26T22:37:35Z,81.0,Charge 4
2020-12-26T22:37:40Z,80.0,Charge 4
2020-12-26T22:37:45Z,79.0,Charge 4
2020-12-26T22:37:50Z,80.0,Charge 4
2020-12-26T22:37:55Z,81.0,Charge 4
2020-12-26T22:38:10Z,81.0,Charge 4
2020-12-26T22:38:15Z,80.0,Charge 4
2020-12-26T22:38:20Z,81.0,Charge 4
2020-12-26T22:38:25Z,82.0,Charge 4
2020-12-26T22:38:30Z,81.0,Charge 4
2020-12-26T22:38:35Z,80.0,Charge 4
2020-12-26T22:38:40Z,81.0,Charge 4
2020-12-26T22:38:45Z,83.0,Charge 4
2020-12-26T22:38:50Z,81.0,Charge 4
2020-12-26T22:38:55Z,80.0,Charge 4
2020-12-26T22:39:10Z,81.0,Charge 4
2020-12-26T22:39:15Z,82.0,Charge 4
2020-12-26T22:39:20Z,82.0,Charge 4
2020-12-26T22:39:30Z,83.0,Charge 4
2020-12-26T22:39:40Z,84.0,Charge 4
2020-12-26T22:39:45Z,85.0,Charge 4
2020-12-26T22:39:50Z,84.0,Charge 4
2020-12-26T22:40:00Z,83.0,Charge 4
2020-12-26T22:40:10Z,82.0,Charge 4
2020-12-26T22:40:15Z,83.0,Charge 4
2020-12-26T22:40:20Z,82.0,Charge 4
2020-12-26T22:40:30Z,83.0,Charge 4
2020-12-26T22:40:45Z,83.0,Charge 4
2020-12-26T22:40:51Z,87.0,Charge 4
2020-12-26T22:40:56Z,84.0,Charge 4
2020-12-26T22:41:01Z,81.0,Charge 4
2020-12-26T22:41:06Z,80.0,Charge 4
2020-12-26T22:41:16Z,78.0,Charge 4
2020-12-26T22:41:31Z,79.0,Charge 4
2020-12-26T22:41:36Z,78.0,Charge 4
2020-12-26T22:41:41Z,77.0,Charge 4
2020-12-26T22:41:46Z,79.0,Charge 4
2020-12-26T22:41:51Z,80.0,Charge 4
2020-12-26T22:41:56Z,82.0,Charge 4
2020-12-26T22:42:01Z,83.0,Charge 4
2020-12-26T22:42:11Z,82.0,Charge 4
2020-12-26T22:42:16Z,81.0,Charge 4
2020-12-26T22:42:21Z,80.0,Charge 4
2020-12-26T22:42:36Z,80.0,Charge 4
2020-12-26T22:42:41Z,82.0,Charge 4
2020-12-26T22:42:56Z,82.0,Charge 4
2020-12-26T22:43:01Z,81.0,Charge 4
2020-12-26T22:43:16Z,81.0,Charge 4
2020-12-26T22:43:31Z,83.0,Charge 4
2020-12-26T22:43:36Z,85.0,Charge 4
2020-12-26T22:43:41Z,87.0,Charge 4
2020-12-26T22:43:51Z,86.0,Charge 4
2020-12-26T22:43:56Z,87.0,Charge 4
2020-12-26T22:44:01Z,87.0,Charge 4
2020-12-26T22:44:16Z,84.0,Charge 4
2020-12-26T22:44:21Z,82.0,Charge 4
2020-12-26T22:44:26Z,82.0,Charge 4
2020-12-26T22:44:36Z,85.0,Charge 4
2020-12-26T22:44:46Z,85.0,Charge 4
2020-12-26T22:44:51Z,84.0,Charge 4
2020-12-26T22:44:56Z,83.0,Charge 4
2020-12-26T22:45:01Z,82.0,Charge 4
2020-12-26T22:45:06Z,82.0,Charge 4
2020-12-26T22:45:21Z,82.0,Charge 4
2020-12-26T22:45:26Z,81.0,Charge 4
2020-12-26T22:45:31Z,81.0,Charge 4
2020-12-26T22:45:36Z,82.0,Charge 4
2020-12-26T22:45:41Z,83.0,Charge 4
2020-12-26T22:45:46Z,82.0,Charge 4
2020-12-26T22:45:51Z,83.0,Charge 4
2020-12-26T22:45:56Z,82.0,Charge 4
2020-12-26T22:46:01Z,80.0,Charge 4
2020-12-26T22:46:11Z,79.0,Charge 4
2020-12-26T22:46:26Z,79.0,Charge 4
2020-12-26T22:46:31Z,78.0,Charge 4
2020-12-26T22:46:46Z,80.0,Charge 4
2020-12-26T22:46:56Z,80.0,Charge 4
2020-12-26T22:47:01Z,79.0,Charge 4
2020-12-26T22:47:06Z,77.0,Charge 4
2020-12-26T22:47:16Z,78.0,Charge 4
2020-12-26T22:47:21Z,79.0,Charge 4
2020-12-26T22:47:31Z,80.0,Charge 4
2020-12-26T22:47:36Z,82.0,Charge 4
2020-12-26T22:47:41Z,83.0,Charge 4
2020-12-26T22:47:51Z,84.0,Charge 4
2020-12-26T22:48:01Z,83.0,Charge 4
2020-12-26T22:48:06Z,82.0,Charge 4
2020-12-26T22:48:11Z,81.0,Charge 4
2020-12-26T22:48:16Z,80.0,Charge 4
2020-12-26T22:48:31Z,80.0,Charge 4
2020-12-26T22:48:36Z,81.0,Charge 4
2020-12-26T22:48:41Z,81.0,Charge 4
2020-12-26T22:48:46Z,80.0,Charge 4
2020-12-26T22:48:51Z,78.0,Charge 4
2020-12-26T22:48:56Z,75.0,Charge 4
2020-12-26T22:49:01Z,75.0,Charge 4
2020-12-26T22:49:16Z,75.0,Charge 4
2020-12-26T22:49:31Z,75.0,Charge 4
2020-12-26T22:49:36Z,76.0,Charge 4
2020-12-26T22:49:41Z,82.0,Charge 4
2020-12-26T22:49:46Z,83.0,Charge 4
2020-12-26T22:49:51Z,82.0,Charge 4
2020-12-26T22:50:06Z,82.0,Charge 4
2020-12-26T22:50:21Z,83.0,Charge 4
2020-12-26T22:50:26Z,83.0,Charge 4
2020-12-26T22:50:31Z,81.0,Charge 4
2020-12-26T22:50:36Z,80.0,Charge 4
2020-12-26T22:50:41Z,79.0,Charge 4
2020-12-26T22:50:46Z,82.0,Charge 4
2020-12-26T22:50:51Z,82.0,Charge 4
2020-12-26T22:51:06Z,82.0,Charge 4
2020-12-26T22:51:16Z,82.0,Charge 4
2020-12-26T22:51:21Z,83.0,Charge 4
2020-12-26T22:51:36Z,82.0,Charge 4
2020-12-26T22:51:51Z,80.0,Charge 4
2020-12-26T22:52:06Z,80.0,Charge 4
2020-12-26T22:52:16Z,82.0,Charge 4
2020-12-26T22:52:21Z,84.0,Charge 4
2020-12-26T22:52:31Z,84.0,Charge 4
2020-12-26T22:52:41Z,87.0,Charge 4
2020-12-26T22:52:46Z,87.0,Charge 4
2020-12-26T22:52:51Z,80.0,Charge 4
2020-12-26T22:53:01Z,81.0,Charge 4
2020-12-26T22:53:06Z,82.0,Charge 4
2020-12-26T22:53:16Z,81.0,Charge 4
2020-12-26T22:53:31Z,81.0,Charge 4
2020-12-26T22:53:36Z,82.0,Charge 4
2020-12-26T22:53:41Z,81.0,Charge 4
2020-12-26T22:53:56Z,82.0,Charge 4
2020-12-26T22:54:01Z,83.0,Charge 4
2020-12-26T22:54:06Z,84.0,Charge 4
2020-12-26T22:54:11Z,83.0,Charge 4
2020-12-26T22:54:16Z,82.0,Charge 4
2020-12-26T22:54:21Z,81.0,Charge 4
2020-12-26T22:54:31Z,81.0,Charge 4
2020-12-26T22:54:36Z,81.0,Charge 4
2020-12-26T22:54:41Z,81.0,Charge 4
2020-12-26T22:54:51Z,80.0,Charge 4
2020-12-26T22:54:56Z,79.0,Charge 4
2020-12-26T22:55:11Z,79.0,Charge 4
2020-12-26T22:55:26Z,81.0,Charge 4
2020-12-26T22:55:36Z,79.0,Charge 4
2020-12-26T22:55:41Z,76.0,Charge 4
2020-12-26T22:55:46Z,76.0,Charge 4
2020-12-26T22:55:51Z,77.0,Charge 4
2020-12-26T22:55:56Z,79.0,Charge 4
2020-12-26T22:56:01Z,80.0,Charge 4
2020-12-26T22:56:16Z,81.0,Charge 4
2020-12-26T22:56:21Z,82.0,Charge 4
2020-12-26T22:56:26Z,83.0,Charge 4
2020-12-26T22:56:41Z,83.0,Charge 4
2020-12-26T22:56:46Z,84.0,Charge 4
2020-12-26T22:56:56Z,83.0,Charge 4
2020-12-26T22:57:01Z,83.0,Charge 4
2020-12-26T22:57:06Z,82.0,Charge 4
2020-12-26T22:57:11Z,80.0,Charge 4
2020-12-26T22:57:26Z,80.0,Charge 4
2020-12-26T22:57:31Z,77.0,Charge 4
2020-12-26T22:57:36Z,78.0,Charge 4
2020-12-26T22:57:41Z,78.0,Charge 4
2020-12-26T22:57:56Z,78.0,Charge 4
2020-12-26T22:58:01Z,79.0,Charge 4
2020-12-26T22:58:07Z,79.0,Charge 4
2020-12-26T22:58:22Z,78.0,Charge 4
2020-12-26T22:58:27Z,80.0,Charge 4
2020-12-26T22:58:32Z,80.0,Charge 4
2020-12-26T22:58:42Z,79.0,Charge 4
2020-12-26T22:58:47Z,78.0,Charge 4
2020-12-26T22:59:02Z,80.0,Charge 4
2020-12-26T22:59:07Z,79.0,Charge 4
2020-12-26T22:59:22Z,79.0,Charge 4
2020-12-26T22:59:27Z,80.0,Charge 4
2020-12-26T22:59:42Z,80.0,Charge 4
2020-12-26T22:59:47Z,80.0,Charge 4
2020-12-26T22:59:52Z,79.0,Charge 4
2020-12-26T22:59:57Z,79.0,Charge 4
2020-12-26T23:00:07Z,81.0,Charge 4
2020-12-26T23:00:17Z,80.0,Charge 4
2020-12-26T23:00:22Z,80.0,Charge 4
2020-12-26T23:00:27Z,79.0,Charge 4
2020-12-26T23:00:37Z,79.0,Charge 4
2020-12-26T23:00:52Z,79.0,Charge 4
2020-12-26T23:00:57Z,83.0,Charge 4
2020-12-26T23:01:02Z,82.0,Charge 4
2020-12-26T23:01:07Z,80.0,Charge 4
2020-12-26T23:01:12Z,78.0,Charge 4
2020-12-26T23:01:17Z,77.0,Charge 4
2020-12-26T23:01:22Z,77.0,Charge 4
2020-12-26T23:01:27Z,78.0,Charge 4
2020-12-26T23:01:32Z,78.0,Charge 4
2020-12-26T23:01:37Z,78.0,Charge 4
2020-12-26T23:01:42Z,77.0,Charge 4
2020-12-26T23:01:57Z,78.0,Charge 4
2020-12-26T23:02:02Z,79.0,Charge 4
2020-12-26T23:02:07Z,80.0,Charge 4
2020-12-26T23:02:22Z,80.0,Charge 4
2020-12-26T23:02:27Z,82.0,Charge 4
2020-12-26T23:02:32Z,83.0,Charge 4
2020-12-26T23:02:37Z,82.0,Charge 4
2020-12-26T23:02:42Z,81.0,Charge 4
2020-12-26T23:02:57Z,81.0,Charge 4
2020-12-26T23:03:02Z,81.0,Charge 4
2020-12-26T23:03:17Z,81.0,Charge 4
2020-12-26T23:03:27Z,82.0,Charge 4
2020-12-26T23:03:32Z,82.0,Charge 4
2020-12-26T23:03:42Z,80.0,Charge 4
2020-12-26T23:03:47Z,80.0,Charge 4
2020-12-26T23:03:57Z,81.0,Charge 4
2020-12-26T23:04:02Z,82.0,Charge 4
2020-12-26T23:04:07Z,83.0,Charge 4
2020-12-26T23:04:12Z,82.0,Charge 4
2020-12-26T23:04:22Z,81.0,Charge 4
2020-12-26T23:04:27Z,79.0,Charge 4
2020-12-26T23:04:32Z,79.0,Charge 4
2020-12-26T23:04:37Z,79.0,Charge 4
2020-12-26T23:04:42Z,80.0,Charge 4
2020-12-26T23:04:47Z,81.0,Charge 4
2020-12-26T23:04:57Z,83.0,Charge 4
2020-12-26T23:05:02Z,81.0,Charge 4
2020-12-26T23:05:12Z,82.0,Charge 4
2020-12-26T23:05:17Z,83.0,Charge 4
2020-12-26T23:05:22Z,85.0,Charge 4
2020-12-26T23:05:27Z,87.0,Charge 4
2020-12-26T23:05:32Z,86.0,Charge 4
2020-12-26T23:05:37Z,85.0,Charge 4
2020-12-26T23:05:47Z,83.0,Charge 4
2020-12-26T23:05:52Z,80.0,Charge 4
2020-12-26T23:05:57Z,78.0,Charge 4
2020-12-26T23:06:07Z,79.0,Charge 4
2020-12-26T23:06:17Z,80.0,Charge 4
2020-12-26T23:06:22Z,81.0,Charge 4
2020-12-26T23:06:27Z,82.0,Charge 4
2020-12-26T23:06:37Z,81.0,Charge 4
2020-12-26T23:06:52Z,80.0,Charge 4
2020-12-26T23:07:07Z,79.0,Charge 4
2020-12-26T23:07:12Z,79.0,Charge 4
2020-12-26T23:07:22Z,78.0,Charge 4
2020-12-26T23:07:32Z,77.0,Charge 4
2020-12-26T23:07:37Z,78.0,Charge 4
2020-12-26T23:07:47Z,77.0,Charge 4
2020-12-26T23:07:57Z,78.0,Charge 4
2020-12-26T23:08:12Z,78.0,Charge 4
2020-12-26T23:08:17Z,77.0,Charge 4
2020-12-26T23:08:22Z,75.0,Charge 4
2020-12-26T23:08:27Z,74.0,Charge 4
2020-12-26T23:08:32Z,73.0,Charge 4
2020-12-26T23:08:37Z,74.0,Charge 4
2020-12-26T23:08:42Z,72.0,Charge 4
2020-12-26T23:08:57Z,74.0,Charge 4
2020-12-26T23:09:02Z,75.0,Charge 4
2020-12-26T23:09:07Z,76.0,Charge 4
2020-12-26T23:09:12Z,76.0,Charge 4
2020-12-26T23:09:17Z,77.0,Charge 4
2020-12-26T23:09:22Z,78.0,Charge 4
2020-12-26T23:09:32Z,78.0,Charge 4
2020-12-26T23:09:42Z,79.0,Charge 4
2020-12-26T23:09:47Z,79.0,Charge 4
2020-12-26T23:09:52Z,80.0,Charge 4
2020-12-26T23:10:02Z,79.0,Charge 4
2020-12-26T23:10:07Z,79.0,Charge 4
2020-12-26T23:10:12Z,79.0,Charge 4
2020-12-26T23:10:22Z,78.0,Charge 4
2020-12-26T23:10:27Z,77.0,Charge 4
2020-12-26T23:10:32Z,75.0,Charge 4
2020-12-26T23:10:37Z,73.0,Charge 4
2020-12-26T23:10:47Z,74.0,Charge 4
2020-12-26T23:11:02Z,76.0,Charge 4
2020-12-26T23:11:07Z,77.0,Charge 4
2020-12-26T23:11:22Z,77.0,Charge 4
2020-12-26T23:11:27Z,78.0,Charge 4
2020-12-26T23:11:32Z,77.0,Charge 4
2020-12-26T23:11:42Z,78.0,Charge 4
2020-12-26T23:11:47Z,79.0,Charge 4
2020-12-26T23:11:52Z,80.0,Charge 4
2020-12-26T23:12:07Z,80.0,Charge 4
2020-12-26T23:12:12Z,81.0,Charge 4
2020-12-26T23:12:17Z,82.0,Charge 4
2020-12-26T23:12:22Z,83.0,Charge 4
2020-12-26T23:12:27Z,84.0,Charge 4
2020-12-26T23:12:32Z,85.0,Charge 4
2020-12-26T23:12:37Z,87.0,Charge 4
2020-12-26T23:12:42Z,92.0,Charge 4
2020-12-26T23:12:47Z,93.0,Charge 4
2020-12-26T23:12:57Z,94.0,Charge 4
2020-12-26T23:13:02Z,94.0,Charge 4
2020-12-26T23:13:07Z,96.0,Charge 4
2020-12-26T23:13:12Z,97.0,Charge 4
2020-12-26T23:13:22Z,96.0,Charge 4
2020-12-26T23:13:27Z,94.0,Charge 4
2020-12-26T23:13:32Z,92.0,Charge 4
2020-12-26T23:13:47Z,92.0,Charge 4
2020-12-26T23:13:52Z,92.0,Charge 4
2020-12-26T23:13:57Z,92.0,Charge 4
2020-12-26T23:14:02Z,95.0,Charge 4
2020-12-26T23:14:12Z,96.0,Charge 4
2020-12-26T23:14:17Z,97.0,Charge 4
2020-12-26T23:14:23Z,97.0,Charge 4
2020-12-26T23:14:28Z,96.0,Charge 4
2020-12-26T23:14:43Z,96.0,Charge 4
2020-12-26T23:14:58Z,96.0,Charge 4
2020-12-26T23:15:13Z,96.0,Charge 4
2020-12-26T23:15:18Z,90.0,Charge 4
2020-12-26T23:15:23Z,87.0,Charge 4
2020-12-26T23:15:28Z,85.0,Charge 4
2020-12-26T23:15:33Z,84.0,Charge 4
2020-12-26T23:15:43Z,85.0,Charge 4
2020-12-26T23:15:48Z,84.0,Charge 4
2020-12-26T23:15:53Z,84.0,Charge 4
2020-12-26T23:15:58Z,84.0,Charge 4
2020-12-26T23:16:03Z,81.0,Charge 4
2020-12-26T23:16:18Z,81.0,Charge 4
2020-12-26T23:16:28Z,80.0,Charge 4
2020-12-26T23:16:33Z,77.0,Charge 4
2020-12-26T23:16:38Z,76.0,Charge 4
2020-12-26T23:16:48Z,76.0,Charge 4
2020-12-26T23:16:53Z,76.0,Charge 4
2020-12-26T23:16:58Z,76.0,Charge 4
2020-12-26T23:17:13Z,76.0,Charge 4
2020-12-26T23:17:18Z,77.0,Charge 4
2020-12-26T23:17:23Z,79.0,Charge 4
2020-12-26T23:17:28Z,82.0,Charge 4
2020-12-26T23:17:33Z,85.0,Charge 4
2020-12-26T23:17:38Z,86.0,Charge 4
2020-12-26T23:17:43Z,86.0,Charge 4
2020-12-26T23:17:48Z,91.0,Charge 4
2020-12-26T23:17:53Z,93.0,Charge 4
2020-12-26T23:18:08Z,93.0,Charge 4
2020-12-26T23:18:18Z,94.0,Charge 4
2020-12-26T23:18:23Z,95.0,Charge 4
2020-12-26T23:18:28Z,97.0,Charge 4
2020-12-26T23:18:33Z,96.0,Charge 4
2020-12-26T23:18:48Z,92.0,Charge 4
2020-12-26T23:18:53Z,87.0,Charge 4
2020-12-26T23:18:58Z,85.0,Charge 4
2020-12-26T23:19:03Z,83.0,Charge 4
2020-12-26T23:19:08Z,82.0,Charge 4
2020-12-26T23:19:13Z,83.0,Charge 4
2020-12-26T23:19:18Z,82.0,Charge 4
2020-12-26T23:19:23Z,81.0,Charge 4
2020-12-26T23:19:28Z,80.0,Charge 4
2020-12-26T23:19:38Z,79.0,Charge 4
2020-12-26T23:19:43Z,79.0,Charge 4
2020-12-26T23:19:48Z,79.0,Charge 4
2020-12-26T23:19:53Z,80.0,Charge 4
2020-12-26T23:20:08Z,79.0,Charge 4
2020-12-26T23:20:13Z,78.0,Charge 4
2020-12-26T23:20:18Z,77.0,Charge 4
2020-12-26T23:20:33Z,78.0,Charge 4
2020-12-26T23:20:38Z,79.0,Charge 4
2020-12-26T23:20:48Z,80.0,Charge 4
2020-12-26T23:20:53Z,81.0,Charge 4
2020-12-26T23:21:08Z,80.0,Charge 4
2020-12-26T23:21:18Z,79.0,Charge 4
2020-12-26T23:21:28Z,81.0,Charge 4
2020-12-26T23:21:43Z,80.0,Charge 4
2020-12-26T23:21:48Z,79.0,Charge 4
2020-12-26T23:21:53Z,78.0,Charge 4
2020-12-26T23:22:08Z,78.0,Charge 4
2020-12-26T23:22:13Z,77.0,Charge 4
2020-12-26T23:22:18Z,78.0,Charge 4
2020-12-26T23:22:28Z,77.0,Charge 4
2020-12-26T23:22:43Z,77.0,Charge 4
2020-12-26T23:22:48Z,78.0,Charge 4
2020-12-26T23:22:53Z,78.0,Charge 4
2020-12-26T23:23:03Z,80.0,Charge 4
2020-12-26T23:23:08Z,82.0,Charge 4
2020-12-26T23:23:13Z,85.0,Charge 4
2020-12-26T23:23:23Z,83.0,Charge 4
2020-12-26T23:23:28Z,82.0,Charge 4
2020-12-26T23:23:33Z,80.0,Charge 4
2020-12-26T23:23:43Z,79.0,Charge 4
2020-12-26T23:23:48Z,78.0,Charge 4
2020-12-26T23:23:58Z,77.0,Charge 4
2020-12-26T23:24:13Z,76.0,Charge 4
2020-12-26T23:24:23Z,75.0,Charge 4
2020-12-26T23:24:33Z,77.0,Charge 4
2020-12-26T23:24:38Z,78.0,Charge 4
2020-12-26T23:24:43Z,76.0,Charge 4
2020-12-26T23:24:48Z,74.0,Charge 4
2020-12-26T23:25:03Z,74.0,Charge 4
2020-12-26T23:25:08Z,73.0,Charge 4
2020-12-26T23:25:18Z,74.0,Charge 4
2020-12-26T23:25:23Z,75.0,Charge 4
2020-12-26T23:25:28Z,76.0,Charge 4
2020-12-26T23:25:33Z,76.0,Charge 4
2020-12-26T23:25:48Z,76.0,Charge 4
2020-12-26T23:25:53Z,77.0,Charge 4
2020-12-26T23:26:08Z,76.0,Charge 4
2020-12-26T23:26:13Z,75.0,Charge 4
2020-12-26T23:26:23Z,73.0,Charge 4
2020-12-26T23:26:33Z,74.0,Charge 4
2020-12-26T23:26:38Z,75.0,Charge 4
2020-12-26T23:26:43Z,76.0,Charge 4
2020-12-26T23:26:48Z,77.0,Charge 4
2020-12-26T23:26:53Z,76.0,Charge 4
2020-12-26T23:26:58Z,74.0,Charge 4
2020-12-26T23:27:03Z,74.0,Charge 4
2020-12-26T23:27:08Z,74.0,Charge 4
2020-12-26T23:27:13Z,75.0,Charge 4
2020-12-26T23:27:18Z,74.0,Charge 4
2020-12-26T23:27:23Z,75.0,Charge 4
2020-12-26T23:27:28Z,76.0,Charge 4
2020-12-26T23:27:33Z,78.0,Charge 4
2020-12-26T23:27:43Z,76.0,Charge 4
2020-12-26T23:27:48Z,76.0,Charge 4
2020-12-26T23:27:58Z,78.0,Charge 4
2020-12-26T23:28:03Z,80.0,Charge 4
2020-12-26T23:28:08Z,79.0,Charge 4
2020-12-26T23:28:23Z,79.0,Charge 4
2020-12-26T23:28:28Z,77.0,Charge 4
2020-12-26T23:28:33Z,77.0,Charge 4
2020-12-26T23:28:38Z,78.0,Charge 4
2020-12-26T23:28:48Z,76.0,Charge 4
2020-12-26T23:28:53Z,75.0,Charge 4
2020-12-26T23:28:58Z,76.0,Charge 4
2020-12-26T23:29:03Z,80.0,Charge 4
2020-12-26T23:29:08Z,82.0,Charge 4
2020-12-26T23:29:18Z,83.0,Charge 4
2020-12-26T23:29:33Z,83.0,Charge 4
2020-12-26T23:29:38Z,81.0,Charge 4
2020-12-26T23:29:43Z,81.0,Charge 4
2020-12-26T23:29:48Z,80.0,Charge 4
2020-12-26T23:29:53Z,79.0,Charge 4
2020-12-26T23:29:58Z,77.0,Charge 4
2020-12-26T23:30:03Z,78.0,Charge 4
2020-12-26T23:30:08Z,78.0,Charge 4
2020-12-26T23:30:18Z,79.0,Charge 4
2020-12-26T23:30:23Z,82.0,Charge 4
2020-12-26T23:30:33Z,81.0,Charge 4
2020-12-26T23:30:38Z,78.0,Charge 4
2020-12-26T23:30:43Z,77.0,Charge 4
2020-12-26T23:30:49Z,77.0,Charge 4
2020-12-26T23:30:54Z,76.0,Charge 4
2020-12-26T23:31:04Z,75.0,Charge 4
2020-12-26T23:31:19Z,75.0,Charge 4
2020-12-26T23:31:29Z,77.0,Charge 4
2020-12-26T23:31:34Z,76.0,Charge 4
2020-12-26T23:31:49Z,77.0,Charge 4
2020-12-26T23:31:54Z,78.0,Charge 4
2020-12-26T23:32:04Z,79.0,Charge 4
2020-12-26T23:32:14Z,77.0,Charge 4
2020-12-26T23:32:19Z,75.0,Charge 4
2020-12-26T23:32:29Z,74.0,Charge 4
2020-12-26T23:32:34Z,75.0,Charge 4
2020-12-26T23:32:39Z,77.0,Charge 4
2020-12-26T23:32:44Z,78.0,Charge 4
2020-12-26T23:32:54Z,77.0,Charge 4
2020-12-26T23:32:59Z,77.0,Charge 4
2020-12-26T23:33:04Z,78.0,Charge 4
2020-12-26T23:33:14Z,81.0,Charge 4
2020-12-26T23:33:19Z,85.0,Charge 4
2020-12-26T23:33:29Z,85.0,Charge 4
2020-12-26T23:33:34Z,83.0,Charge 4
2020-12-26T23:33:44Z,81.0,Charge 4
2020-12-26T23:33:54Z,80.0,Charge 4
2020-12-26T23:33:59Z,79.0,Charge 4
2020-12-26T23:34:04Z,78.0,Charge 4
2020-12-26T23:34:09Z,77.0,Charge 4
2020-12-26T23:34:14Z,77.0,Charge 4
2020-12-26T23:34:19Z,78.0,Charge 4
2020-12-26T23:34:24Z,79.0,Charge 4
2020-12-26T23:34:34Z,79.0,Charge 4
2020-12-26T23:34:44Z,78.0,Charge 4
2020-12-26T23:34:54Z,79.0,Charge 4
2020-12-26T23:35:09Z,81.0,Charge 4
2020-12-26T23:35:14Z,80.0,Charge 4
2020-12-26T23:35:19Z,79.0,Charge 4
2020-12-26T23:35:34Z,78.0,Charge 4
2020-12-26T23:35:49Z,78.0,Charge 4
2020-12-26T23:36:04Z,77.0,Charge 4
2020-12-26T23:36:19Z,77.0,Charge 4
2020-12-26T23:36:24Z,76.0,Charge 4
2020-12-26T23:36:39Z,76.0,Charge 4
2020-12-26T23:36:44Z,78.0,Charge 4
2020-12-26T23:36:49Z,80.0,Charge 4
2020-12-26T23:37:04Z,79.0,Charge 4
2020-12-26T23:37:14Z,77.0,Charge 4
2020-12-26T23:37:19Z,76.0,Charge 4
2020-12-26T23:37:24Z,77.0,Charge 4
2020-12-26T23:37:29Z,76.0,Charge 4
2020-12-26T23:37:34Z,75.0,Charge 4
2020-12-26T23:37:44Z,76.0,Charge 4
2020-12-26T23:37:49Z,77.0,Charge 4
2020-12-26T23:37:54Z,78.0,Charge 4
2020-12-26T23:37:59Z,77.0,Charge 4
2020-12-26T23:38:04Z,77.0,Charge 4
2020-12-26T23:38:09Z,77.0,Charge 4
2020-12-26T23:38:14Z,78.0,Charge 4
2020-12-26T23:38:29Z,78.0,Charge 4
2020-12-26T23:38:34Z,79.0,Charge 4
2020-12-26T23:38:39Z,81.0,Charge 4
2020-12-26T23:38:44Z,81.0,Charge 4
2020-12-26T23:38:49Z,81.0,Charge 4
2020-12-26T23:38:59Z,82.0,Charge 4
2020-12-26T23:39:04Z,82.0,Charge 4
2020-12-26T23:39:14Z,83.0,Charge 4
2020-12-26T23:39:19Z,84.0,Charge 4
2020-12-26T23:39:34Z,85.0,Charge 4
2020-12-26T23:39:39Z,90.0,Charge 4
2020-12-26T23:39:44Z,92.0,Charge 4
2020-12-26T23:39:49Z,92.0,Charge 4
2020-12-26T23:40:04Z,93.0,Charge 4
2020-12-26T23:40:09Z,94.0,Charge 4
2020-12-26T23:40:24Z,94.0,Charge 4
2020-12-26T23:40:39Z,94.0,Charge 4
2020-12-26T23:40:44Z,95.0,Charge 4
2020-12-26T23:40:49Z,92.0,Charge 4
2020-12-26T23:40:54Z,88.0,Charge 4
2020-12-26T23:40:59Z,86.0,Charge 4
2020-12-26T23:41:04Z,84.0,Charge 4
2020-12-26T23:41:09Z,82.0,Charge 4
2020-12-26T23:41:14Z,80.0,Charge 4
2020-12-26T23:41:19Z,80.0,Charge 4
2020-12-26T23:41:34Z,80.0,Charge 4
2020-12-26T23:41:49Z,80.0,Charge 4
2020-12-26T23:41:54Z,78.0,Charge 4
2020-12-26T23:41:59Z,79.0,Charge 4
2020-12-26T23:42:04Z,78.0,Charge 4
2020-12-26T23:42:09Z,79.0,Charge 4
2020-12-26T23:42:14Z,80.0,Charge 4
2020-12-26T23:42:29Z,81.0,Charge 4
2020-12-26T23:42:34Z,82.0,Charge 4
2020-12-26T23:42:39Z,82.0,Charge 4
2020-12-26T23:42:44Z,83.0,Charge 4
2020-12-26T23:42:49Z,81.0,Charge 4
2020-12-26T23:42:54Z,81.0,Charge 4
2020-12-26T23:42:59Z,80.0,Charge 4
2020-12-26T23:43:04Z,77.0,Charge 4
2020-12-26T23:43:09Z,74.0,Charge 4
2020-12-26T23:43:19Z,75.0,Charge 4
2020-12-26T23:43:24Z,76.0,Charge 4
2020-12-26T23:43:39Z,76.0,Charge 4
2020-12-26T23:43:54Z,76.0,Charge 4
2020-12-26T23:44:09Z,76.0,Charge 4
2020-12-26T23:44:14Z,78.0,Charge 4
2020-12-26T23:44:24Z,79.0,Charge 4
2020-12-26T23:44:29Z,80.0,Charge 4
2020-12-26T23:44:34Z,81.0,Charge 4
2020-12-26T23:44:44Z,80.0,Charge 4
2020-12-26T23:44:49Z,79.0,Charge 4
2020-12-26T23:44:54Z,78.0,Charge 4
2020-12-26T23:44:59Z,77.0,Charge 4
2020-12-26T23:45:09Z,76.0,Charge 4
2020-12-26T23:45:14Z,76.0,Charge 4
2020-12-26T23:45:29Z,76.0,Charge 4
2020-12-26T23:45:34Z,77.0,Charge 4
2020-12-26T23:45:39Z,78.0,Charge 4
2020-12-26T23:45:54Z,79.0,Charge 4
2020-12-26T23:45:59Z,79.0,Charge 4
2020-12-26T23:46:09Z,80.0,Charge 4
2020-12-26T23:46:19Z,79.0,Charge 4
2020-12-26T23:46:24Z,78.0,Charge 4
2020-12-26T23:46:29Z,77.0,Charge 4
2020-12-26T23:46:34Z,78.0,Charge 4
2020-12-26T23:46:44Z,77.0,Charge 4
2020-12-26T23:46:49Z,77.0,Charge 4
2020-12-26T23:46:54Z,78.0,Charge 4
2020-12-26T23:47:04Z,80.0,Charge 4
2020-12-26T23:47:09Z,81.0,Charge 4
2020-12-26T23:47:24Z,81.0,Charge 4
2020-12-26T23:47:29Z,80.0,Charge 4
2020-12-26T23:47:34Z,79.0,Charge 4
2020-12-26T23:47:44Z,80.0,Charge 4
2020-12-26T23:47:49Z,81.0,Charge 4
2020-12-26T23:47:54Z,80.0,Charge 4
2020-12-26T23:48:09Z,80.0,Charge 4
2020-12-26T23:48:10Z,79.0,Charge 4
2020-12-26T23:48:15Z,80.0,Charge 4
2020-12-26T23:48:30Z,80.0,Charge 4
2020-12-26T23:48:40Z,79.0,Charge 4
2020-12-26T23:48:45Z,78.0,Charge 4
2020-12-26T23:48:50Z,77.0,Charge 4
2020-12-26T23:49:00Z,78.0,Charge 4
2020-12-26T23:49:05Z,77.0,Charge 4
2020-12-26T23:49:20Z,76.0,Charge 4
2020-12-26T23:49:30Z,75.0,Charge 4
2020-12-26T23:49:45Z,75.0,Charge 4
2020-12-26T23:49:50Z,73.0,Charge 4
2020-12-26T23:50:00Z,75.0,Charge 4
2020-12-26T23:50:10Z,76.0,Charge 4
2020-12-26T23:50:15Z,75.0,Charge 4
2020-12-26T23:50:20Z,72.0,Charge 4
2020-12-26T23:50:30Z,73.0,Charge 4
2020-12-26T23:50:35Z,74.0,Charge 4
2020-12-26T23:50:45Z,76.0,Charge 4
2020-12-26T23:50:50Z,78.0,Charge 4
2020-12-26T23:51:00Z,79.0,Charge 4
2020-12-26T23:51:05Z,80.0,Charge 4
2020-12-26T23:51:15Z,81.0,Charge 4
2020-12-26T23:51:25Z,83.0,Charge 4
2020-12-26T23:51:30Z,84.0,Charge 4
2020-12-26T23:51:35Z,83.0,Charge 4
2020-12-26T23:51:40Z,82.0,Charge 4
2020-12-26T23:51:45Z,80.0,Charge 4
2020-12-26T23:51:50Z,79.0,Charge 4
2020-12-26T23:52:00Z,78.0,Charge 4
2020-12-26T23:52:10Z,74.0,Charge 4
2020-12-26T23:52:15Z,74.0,Charge 4
2020-12-26T23:52:20Z,75.0,Charge 4
2020-12-26T23:52:25Z,77.0,Charge 4
2020-12-26T23:52:35Z,76.0,Charge 4
2020-12-26T23:52:40Z,77.0,Charge 4
2020-12-26T23:52:45Z,76.0,Charge 4
2020-12-26T23:52:55Z,77.0,Charge 4
2020-12-26T23:53:00Z,77.0,Charge 4
2020-12-26T23:53:05Z,78.0,Charge 4
2020-12-26T23:53:10Z,79.0,Charge 4
2020-12-26T23:53:15Z,81.0,Charge 4
2020-12-26T23:53:20Z,84.0,Charge 4
2020-12-26T23:53:25Z,85.0,Charge 4
2020-12-26T23:53:30Z,82.0,Charge 4
2020-12-26T23:53:35Z,80.0,Charge 4
2020-12-26T23:53:40Z,79.0,Charge 4
2020-12-26T23:53:45Z,78.0,Charge 4
2020-12-26T23:53:50Z,76.0,Charge 4
2020-12-26T23:53:55Z,74.0,Charge 4
2020-12-26T23:54:00Z,73.0,Charge 4
2020-12-26T23:54:05Z,75.0,Charge 4
2020-12-26T23:54:10Z,79.0,Charge 4
2020-12-26T23:54:15Z,81.0,Charge 4
2020-12-26T23:54:20Z,81.0,Charge 4
2020-12-26T23:54:30Z,82.0,Charge 4
2020-12-26T23:54:35Z,80.0,Charge 4
2020-12-26T23:54:40Z,78.0,Charge 4
2020-12-26T23:54:45Z,77.0,Charge 4
2020-12-26T23:55:00Z,77.0,Charge 4
2020-12-26T23:55:10Z,76.0,Charge 4
2020-12-26T23:55:20Z,75.0,Charge 4
2020-12-26T23:55:25Z,74.0,Charge 4
2020-12-26T23:55:30Z,72.0,Charge 4
2020-12-26T23:55:45Z,72.0,Charge 4
2020-12-26T23:55:50Z,73.0,Charge 4
2020-12-26T23:55:55Z,74.0,Charge 4
2020-12-26T23:56:05Z,75.0,Charge 4
2020-12-26T23:56:10Z,77.0,Charge 4
2020-12-26T23:56:15Z,78.0,Charge 4
2020-12-26T23:56:20Z,79.0,Charge 4
2020-12-26T23:56:25Z,78.0,Charge 4
2020-12-26T23:56:30Z,76.0,Charge 4
2020-12-26T23:56:35Z,74.0,Charge 4
2020-12-26T23:56:45Z,75.0,Charge 4
2020-12-26T23:57:00Z,75.0,Charge 4
2020-12-26T23:57:15Z,75.0,Charge 4
2020-12-26T23:57:20Z,74.0,Charge 4
2020-12-26T23:57:35Z,75.0,Charge 4
2020-12-26T23:57:40Z,76.0,Charge 4
2020-12-26T23:57:50Z,77.0,Charge 4
2020-12-26T23:57:55Z,76.0,Charge 4
2020-12-26T23:58:00Z,75.0,Charge 4
2020-12-26T23:58:15Z,76.0,Charge 4
2020-12-26T23:58:25Z,75.0,Charge 4
2020-12-26T23:58:30Z,74.0,Charge 4
2020-12-26T23:58:40Z,73.0,Charge 4
2020-12-26T23:58:55Z,74.0,Charge 4
2020-12-26T23:59:00Z,76.0,Charge 4
2020-12-26T23:59:15Z,77.0,Charge 4
2020-12-26T23:59:25Z,79.0,Charge 4
2020-12-26T23:59:30Z,81.0,Charge 4
2020-12-26T23:59:45Z,81.0,Charge 4
2020-12-26T23:59:50Z,80.0,Charge 4
2020-12-26T23:59:55Z,79.0,Charge 4
