timestamp,beats per minute,data source
2024-12-23T00:00:01Z,66.0,Charge 6
2024-12-23T00:00:04Z,66.0,Charge 6
2024-12-23T00:00:05Z,67.0,Charge 6
2024-12-23T00:00:08Z,67.0,Charge 6
2024-12-23T00:00:09Z,66.0,Charge 6
2024-12-23T00:00:12Z,66.0,Charge 6
2024-12-23T00:00:15Z,65.0,Charge 6
2024-12-23T00:00:16Z,64.0,Charge 6
2024-12-23T00:00:19Z,64.0,Charge 6
2024-12-23T00:00:20Z,64.0,Charge 6
2024-12-23T00:00:23Z,64.0,Charge 6
2024-12-23T00:00:24Z,63.0,Charge 6
2024-12-23T00:00:27Z,63.0,Charge 6
2024-12-23T00:00:30Z,64.0,Charge 6
2024-12-23T00:00:33Z,64.0,Charge 6
2024-12-23T00:00:36Z,65.0,Charge 6
2024-12-23T00:00:39Z,65.0,Charge 6
2024-12-23T00:00:42Z,65.0,Charge 6
2024-12-23T00:00:45Z,65.0,Charge 6
2024-12-23T00:00:47Z,66.0,Charge 6
2024-12-23T00:00:50Z,66.0,Charge 6
2024-12-23T00:00:51Z,67.0,Charge 6
2024-12-23T00:00:53Z,68.0,Charge 6
2024-12-23T00:00:56Z,68.0,Charge 6
2024-12-23T00:00:59Z,68.0,Charge 6
2024-12-23T00:01:02Z,68.0,Charge 6
2024-12-23T00:01:05Z,68.0,Charge 6
2024-12-23T00:01:08Z,68.0,Charge 6
2024-12-23T00:01:10Z,69.0,Charge 6
2024-12-23T00:01:13Z,69.0,Charge 6
2024-12-23T00:01:16Z,68.0,Charge 6
2024-12-23T00:01:19Z,68.0,Charge 6
2024-12-23T00:01:22Z,67.0,Charge 6
2024-12-23T00:01:25Z,67.0,Charge 6
2024-12-23T00:01:28Z,67.0,Charge 6
2024-12-23T00:01:29Z,66.0,Charge 6
2024-12-23T00:01:31Z,66.0,Charge 6
2024-12-23T00:01:34Z,66.0,Charge 6
2024-12-23T00:01:35Z,67.0,Charge 6
2024-12-23T00:01:38Z,67.0,Charge 6
2024-12-23T00:01:41Z,67.0,Charge 6
2024-12-23T00:01:44Z,67.0,Charge 6
2024-12-23T00:01:45Z,68.0,Charge 6
2024-12-23T00:01:48Z,68.0,Charge 6
2024-12-23T00:01:49Z,67.0,Charge 6
2024-12-23T00:01:52Z,66.0,Charge 6
2024-12-23T00:01:55Z,66.0,Charge 6
2024-12-23T00:01:58Z,66.0,Charge 6
2024-12-23T00:02:00Z,67.0,Charge 6
2024-12-23T00:02:03Z,67.0,Charge 6
2024-12-23T00:02:06Z,67.0,Charge 6
2024-12-23T00:02:09Z,67.0,Charge 6
2024-12-23T00:02:10Z,66.0,Charge 6
2024-12-23T00:02:13Z,66.0,Charge 6
2024-12-23T00:02:14Z,67.0,Charge 6
2024-12-23T00:02:17Z,68.0,Charge 6
2024-12-23T00:02:20Z,68.0,Charge 6
2024-12-23T00:02:23Z,68.0,Charge 6
2024-12-23T00:02:26Z,68.0,Charge 6
2024-12-23T00:02:29Z,68.0,Charge 6
2024-12-23T00:02:32Z,68.0,Charge 6
2024-12-23T00:02:33Z,67.0,Charge 6
2024-12-23T00:02:35Z,66.0,Charge 6
2024-12-23T00:02:37Z,66.0,Charge 6
2024-12-23T00:02:40Z,66.0,Charge 6
2024-12-23T00:02:43Z,66.0,Charge 6
2024-12-23T00:02:46Z,66.0,Charge 6
2024-12-23T00:02:49Z,66.0,Charge 6
2024-12-23T00:02:52Z,67.0,Charge 6
2024-12-23T00:02:55Z,67.0,Charge 6
2024-12-23T00:02:58Z,66.0,Charge 6
2024-12-23T00:03:01Z,66.0,Charge 6
2024-12-23T00:03:04Z,66.0,Charge 6
2024-12-23T00:03:07Z,66.0,Charge 6
2024-12-23T00:03:10Z,66.0,Charge 6
2024-12-23T00:03:13Z,66.0,Charge 6
2024-12-23T00:03:16Z,66.0,Charge 6
2024-12-23T00:03:19Z,66.0,Charge 6
2024-12-23T00:03:22Z,66.0,Charge 6
2024-12-23T00:03:25Z,66.0,Charge 6
2024-12-23T00:03:28Z,67.0,Charge 6
2024-12-23T00:03:31Z,67.0,Charge 6
2024-12-23T00:03:34Z,67.0,Charge 6
2024-12-23T00:03:37Z,67.0,Charge 6
2024-12-23T00:03:38Z,68.0,Charge 6
2024-12-23T00:03:41Z,68.0,Charge 6
2024-12-23T00:03:42Z,67.0,Charge 6
2024-12-23T00:03:44Z,66.0,Charge 6
2024-12-23T00:03:47Z,66.0,Charge 6
2024-12-23T00:03:48Z,65.0,Charge 6
2024-12-23T00:03:50Z,65.0,Charge 6
2024-12-23T00:03:53Z,66.0,Charge 6
2024-12-23T00:03:56Z,66.0,Charge 6
2024-12-23T00:03:59Z,66.0,Charge 6
2024-12-23T00:04:02Z,66.0,Charge 6
2024-12-23T00:04:05Z,66.0,Charge 6
2024-12-23T00:04:08Z,66.0,Charge 6
2024-12-23T00:04:09Z,65.0,Charge 6
2024-12-23T00:04:12Z,65.0,Charge 6
2024-12-23T00:04:13Z,64.0,Charge 6
2024-12-23T00:04:16Z,64.0,Charge 6
2024-12-23T00:04:18Z,65.0,Charge 6
2024-12-23T00:04:20Z,64.0,Charge 6
2024-12-23T00:04:23Z,64.0,Charge 6
2024-12-23T00:04:26Z,63.0,Charge 6
2024-12-23T00:04:29Z,63.0,Charge 6
2024-12-23T00:04:30Z,62.0,Charge 6
2024-12-23T00:04:33Z,62.0,Charge 6
2024-12-23T00:04:36Z,61.0,Charge 6
2024-12-23T00:04:39Z,61.0,Charge 6
2024-12-23T00:04:40Z,62.0,Charge 6
2024-12-23T00:04:43Z,61.0,Charge 6
2024-12-23T00:04:45Z,60.0,Charge 6
2024-12-23T00:04:48Z,60.0,Charge 6
2024-12-23T00:04:51Z,60.0,Charge 6
2024-12-23T00:04:54Z,60.0,Charge 6
2024-12-23T00:04:57Z,61.0,Charge 6
2024-12-23T00:04:59Z,61.0,Charge 6
2024-12-23T00:05:01Z,62.0,Charge 6
2024-12-23T00:05:04Z,62.0,Charge 6
2024-12-23T00:05:07Z,62.0,Charge 6
2024-12-23T00:05:08Z,64.0,Charge 6
2024-12-23T00:05:11Z,64.0,Charge 6
2024-12-23T00:05:12Z,65.0,Charge 6
2024-12-23T00:05:15Z,65.0,Charge 6
2024-12-23T00:05:18Z,64.0,Charge 6
2024-12-23T00:05:21Z,64.0,Charge 6
2024-12-23T00:05:24Z,65.0,Charge 6
2024-12-23T00:05:26Z,66.0,Charge 6
2024-12-23T00:05:29Z,66.0,Charge 6
2024-12-23T00:05:32Z,66.0,Charge 6
2024-12-23T00:05:35Z,68.0,Charge 6
2024-12-23T00:05:38Z,68.0,Charge 6
2024-12-23T00:05:41Z,68.0,Charge 6
2024-12-23T00:05:43Z,67.0,Charge 6
2024-12-23T00:05:46Z,67.0,Charge 6
2024-12-23T00:05:49Z,67.0,Charge 6
2024-12-23T00:05:51Z,66.0,Charge 6
2024-12-23T00:05:54Z,66.0,Charge 6
2024-12-23T00:05:57Z,66.0,Charge 6
2024-12-23T00:06:00Z,66.0,Charge 6
2024-12-23T00:06:03Z,66.0,Charge 6
2024-12-23T00:06:06Z,66.0,Charge 6
2024-12-23T00:06:09Z,66.0,Charge 6
2024-12-23T00:06:10Z,66.0,Charge 6
2024-12-23T00:06:13Z,66.0,Charge 6
2024-12-23T00:06:16Z,66.0,Charge 6
2024-12-23T00:06:19Z,66.0,Charge 6
2024-12-23T00:06:22Z,66.0,Charge 6
2024-12-23T00:06:25Z,66.0,Charge 6
2024-12-23T00:06:28Z,66.0,Charge 6
2024-12-23T00:06:31Z,66.0,Charge 6
2024-12-23T00:06:33Z,65.0,Charge 6
2024-12-23T00:06:35Z,64.0,Charge 6
2024-12-23T00:06:38Z,64.0,Charge 6
2024-12-23T00:06:41Z,64.0,Charge 6
2024-12-23T00:06:44Z,65.0,Charge 6
2024-12-23T00:06:47Z,65.0,Charge 6
2024-12-23T00:06:50Z,64.0,Charge 6
2024-12-23T00:06:53Z,64.0,Charge 6
2024-12-23T00:06:56Z,64.0,Charge 6
2024-12-23T00:06:58Z,65.0,Charge 6
2024-12-23T00:07:00Z,66.0,Charge 6
2024-12-23T00:07:02Z,65.0,Charge 6
2024-12-23T00:07:05Z,65.0,Charge 6
2024-12-23T00:07:08Z,65.0,Charge 6
2024-12-23T00:07:09Z,66.0,Charge 6
2024-12-23T00:07:12Z,66.0,Charge 6
2024-12-23T00:07:13Z,65.0,Charge 6
2024-12-23T00:07:16Z,65.0,Charge 6
2024-12-23T00:07:19Z,65.0,Charge 6
2024-12-23T00:07:21Z,66.0,Charge 6
2024-12-23T00:07:24Z,66.0,Charge 6
2024-12-23T00:07:27Z,66.0,Charge 6
2024-12-23T00:07:30Z,66.0,Charge 6
2024-12-23T00:07:33Z,66.0,Charge 6
2024-12-23T00:07:36Z,66.0,Charge 6
2024-12-23T00:07:38Z,65.0,Charge 6
2024-12-23T00:07:41Z,65.0,Charge 6
2024-12-23T00:07:44Z,65.0,Charge 6
2024-12-23T00:07:46Z,66.0,Charge 6
2024-12-23T00:07:49Z,66.0,Charge 6
2024-12-23T00:07:50Z,65.0,Charge 6
2024-12-23T00:07:53Z,65.0,Charge 6
2024-12-23T00:07:55Z,66.0,Charge 6
2024-12-23T00:07:58Z,66.0,Charge 6
2024-12-23T00:08:01Z,66.0,Charge 6
2024-12-23T00:08:04Z,66.0,Charge 6
2024-12-23T00:08:07Z,66.0,Charge 6
2024-12-23T00:08:10Z,66.0,Charge 6
2024-12-23T00:08:13Z,66.0,Charge 6
2024-12-23T00:08:16Z,66.0,Charge 6
2024-12-23T00:08:19Z,66.0,Charge 6
2024-12-23T00:08:22Z,64.0,Charge 6
2024-12-23T00:08:25Z,64.0,Charge 6
2024-12-23T00:08:28Z,65.0,Charge 6
2024-12-23T00:08:30Z,66.0,Charge 6
2024-12-23T00:08:33Z,66.0,Charge 6
2024-12-23T00:08:34Z,66.0,Charge 6
2024-12-23T00:08:37Z,66.0,Charge 6
2024-12-23T00:08:38Z,65.0,Charge 6
2024-12-23T00:08:40Z,66.0,Charge 6
2024-12-23T00:08:43Z,66.0,Charge 6
2024-12-23T00:08:46Z,66.0,Charge 6
2024-12-23T00:08:49Z,66.0,Charge 6
2024-12-23T00:08:52Z,66.0,Charge 6
2024-12-23T00:08:55Z,66.0,Charge 6
2024-12-23T00:08:58Z,66.0,Charge 6
2024-12-23T00:08:59Z,67.0,Charge 6
2024-12-23T00:09:02Z,67.0,Charge 6
2024-12-23T00:09:03Z,66.0,Charge 6
2024-12-23T00:09:06Z,66.0,Charge 6
2024-12-23T00:09:09Z,66.0,Charge 6
2024-12-23T00:09:12Z,66.0,Charge 6
2024-12-23T00:09:15Z,66.0,Charge 6
2024-12-23T00:09:18Z,66.0,Charge 6
2024-12-23T00:09:20Z,67.0,Charge 6
2024-12-23T00:09:22Z,68.0,Charge 6
2024-12-23T00:09:25Z,68.0,Charge 6
2024-12-23T00:09:28Z,68.0,Charge 6
2024-12-23T00:09:31Z,67.0,Charge 6
2024-12-23T00:09:33Z,66.0,Charge 6
2024-12-23T00:09:36Z,66.0,Charge 6
2024-12-23T00:09:39Z,66.0,Charge 6
2024-12-23T00:09:42Z,66.0,Charge 6
2024-12-23T00:09:43Z,66.0,Charge 6
2024-12-23T00:09:46Z,66.0,Charge 6
2024-12-23T00:09:47Z,67.0,Charge 6
2024-12-23T00:09:49Z,68.0,Charge 6
2024-12-23T00:09:52Z,68.0,Charge 6
2024-12-23T00:09:55Z,68.0,Charge 6
2024-12-23T00:09:58Z,67.0,Charge 6
2024-12-23T00:10:00Z,66.0,Charge 6
2024-12-23T00:10:03Z,66.0,Charge 6
2024-12-23T00:10:06Z,66.0,Charge 6
2024-12-23T00:10:09Z,66.0,Charge 6
2024-12-23T00:10:12Z,66.0,Charge 6
2024-12-23T00:10:15Z,66.0,Charge 6
2024-12-23T00:10:16Z,68.0,Charge 6
2024-12-23T00:10:19Z,68.0,Charge 6
2024-12-23T00:10:22Z,68.0,Charge 6
2024-12-23T00:10:23Z,67.0,Charge 6
2024-12-23T00:10:25Z,68.0,Charge 6
2024-12-23T00:10:28Z,68.0,Charge 6
2024-12-23T00:10:31Z,68.0,Charge 6
2024-12-23T00:10:34Z,68.0,Charge 6
2024-12-23T00:10:37Z,68.0,Charge 6
2024-12-23T00:10:40Z,67.0,Charge 6
2024-12-23T00:10:43Z,67.0,Charge 6
2024-12-23T00:10:44Z,68.0,Charge 6
2024-12-23T00:10:47Z,68.0,Charge 6
2024-12-23T00:10:50Z,68.0,Charge 6
2024-12-23T00:10:52Z,68.0,Charge 6
2024-12-23T00:10:54Z,69.0,Charge 6
2024-12-23T00:10:57Z,69.0,Charge 6
2024-12-23T00:10:58Z,68.0,Charge 6
2024-12-23T00:11:01Z,68.0,Charge 6
2024-12-23T00:11:04Z,68.0,Charge 6
2024-12-23T00:11:07Z,68.0,Charge 6
2024-12-23T00:11:10Z,68.0,Charge 6
2024-12-23T00:11:13Z,68.0,Charge 6
2024-12-23T00:11:16Z,68.0,Charge 6
2024-12-23T00:11:19Z,68.0,Charge 6
2024-12-23T00:11:22Z,68.0,Charge 6
2024-12-23T00:11:25Z,68.0,Charge 6
2024-12-23T00:11:28Z,68.0,Charge 6
2024-12-23T00:11:30Z,69.0,Charge 6
2024-12-23T00:11:33Z,69.0,Charge 6
2024-12-23T00:11:36Z,68.0,Charge 6
2024-12-23T00:11:39Z,68.0,Charge 6
2024-12-23T00:11:42Z,68.0,Charge 6
2024-12-23T00:11:45Z,68.0,Charge 6
2024-12-23T00:11:48Z,67.0,Charge 6
2024-12-23T00:11:50Z,66.0,Charge 6
2024-12-23T00:11:52Z,67.0,Charge 6
2024-12-23T00:11:55Z,68.0,Charge 6
2024-12-23T00:11:58Z,68.0,Charge 6
2024-12-23T00:12:01Z,68.0,Charge 6
2024-12-23T00:12:04Z,68.0,Charge 6
2024-12-23T00:12:05Z,68.0,Charge 6
2024-12-23T00:12:08Z,68.0,Charge 6
2024-12-23T00:12:11Z,67.0,Charge 6
2024-12-23T00:12:14Z,67.0,Charge 6
2024-12-23T00:12:17Z,67.0,Charge 6
2024-12-23T00:12:20Z,67.0,Charge 6
2024-12-23T00:12:23Z,67.0,Charge 6
2024-12-23T00:12:26Z,66.0,Charge 6
2024-12-23T00:12:29Z,66.0,Charge 6
2024-12-23T00:12:32Z,66.0,Charge 6
2024-12-23T00:12:34Z,67.0,Charge 6
2024-12-23T00:12:37Z,67.0,Charge 6
2024-12-23T00:12:38Z,66.0,Charge 6
2024-12-23T00:12:41Z,67.0,Charge 6
2024-12-23T00:12:44Z,67.0,Charge 6
2024-12-23T00:12:47Z,67.0,Charge 6
2024-12-23T00:12:49Z,66.0,Charge 6
2024-12-23T00:12:52Z,66.0,Charge 6
2024-12-23T00:12:55Z,66.0,Charge 6
2024-12-23T00:12:58Z,66.0,Charge 6
2024-12-23T00:12:59Z,67.0,Charge 6
2024-12-23T00:13:02Z,67.0,Charge 6
2024-12-23T00:13:03Z,66.0,Charge 6
2024-12-23T00:13:06Z,66.0,Charge 6
2024-12-23T00:13:09Z,66.0,Charge 6
2024-12-23T00:13:12Z,67.0,Charge 6
2024-12-23T00:13:15Z,67.0,Charge 6
2024-12-23T00:13:16Z,67.0,Charge 6
2024-12-23T00:13:18Z,68.0,Charge 6
2024-12-23T00:13:21Z,68.0,Charge 6
2024-12-23T00:13:22Z,67.0,Charge 6
2024-12-23T00:13:25Z,67.0,Charge 6
2024-12-23T00:13:28Z,68.0,Charge 6
2024-12-23T00:13:31Z,68.0,Charge 6
2024-12-23T00:13:34Z,68.0,Charge 6
2024-12-23T00:13:37Z,68.0,Charge 6
2024-12-23T00:13:39Z,67.0,Charge 6
2024-12-23T00:13:41Z,66.0,Charge 6
2024-12-23T00:13:44Z,66.0,Charge 6
2024-12-23T00:13:47Z,66.0,Charge 6
2024-12-23T00:13:50Z,66.0,Charge 6
2024-12-23T00:13:53Z,66.0,Charge 6
2024-12-23T00:13:56Z,66.0,Charge 6
2024-12-23T00:13:59Z,66.0,Charge 6
2024-12-23T00:14:02Z,66.0,Charge 6
2024-12-23T00:14:04Z,67.0,Charge 6
2024-12-23T00:14:07Z,67.0,Charge 6
2024-12-23T00:14:08Z,68.0,Charge 6
2024-12-23T00:14:11Z,68.0,Charge 6
2024-12-23T00:14:14Z,68.0,Charge 6
2024-12-23T00:14:17Z,68.0,Charge 6
2024-12-23T00:14:20Z,68.0,Charge 6
2024-12-23T00:14:23Z,68.0,Charge 6
2024-12-23T00:14:26Z,68.0,Charge 6
2024-12-23T00:14:27Z,68.0,Charge 6
2024-12-23T00:14:30Z,68.0,Charge 6
2024-12-23T00:14:33Z,68.0,Charge 6
2024-12-23T00:14:35Z,68.0,Charge 6
2024-12-23T00:14:37Z,69.0,Charge 6
2024-12-23T00:14:39Z,68.0,Charge 6
2024-12-23T00:14:42Z,68.0,Charge 6
2024-12-23T00:14:44Z,67.0,Charge 6
2024-12-23T00:14:46Z,66.0,Charge 6
2024-12-23T00:14:49Z,66.0,Charge 6
2024-12-23T00:14:52Z,67.0,Charge 6
2024-12-23T00:14:54Z,68.0,Charge 6
2024-12-23T00:14:57Z,68.0,Charge 6
2024-12-23T00:15:00Z,68.0,Charge 6
2024-12-23T00:15:03Z,68.0,Charge 6
2024-12-23T00:15:06Z,68.0,Charge 6
2024-12-23T00:15:09Z,68.0,Charge 6
2024-12-23T00:15:12Z,68.0,Charge 6
2024-12-23T00:15:15Z,68.0,Charge 6
2024-12-23T00:15:18Z,68.0,Charge 6
2024-12-23T00:15:21Z,68.0,Charge 6
2024-12-23T00:15:24Z,68.0,Charge 6
2024-12-23T00:15:27Z,68.0,Charge 6
2024-12-23T00:15:30Z,68.0,Charge 6
2024-12-23T00:15:33Z,68.0,Charge 6
2024-12-23T00:15:36Z,67.0,Charge 6
2024-12-23T00:15:39Z,67.0,Charge 6
2024-12-23T00:15:40Z,67.0,Charge 6
2024-12-23T00:15:42Z,68.0,Charge 6
2024-12-23T00:15:45Z,68.0,Charge 6
2024-12-23T00:15:48Z,68.0,Charge 6
2024-12-23T00:15:51Z,68.0,Charge 6
2024-12-23T00:15:54Z,68.0,Charge 6
2024-12-23T00:15:57Z,69.0,Charge 6
2024-12-23T00:16:00Z,69.0,Charge 6
2024-12-23T00:16:03Z,69.0,Charge 6
2024-12-23T00:16:06Z,69.0,Charge 6
2024-12-23T00:16:09Z,68.0,Charge 6
2024-12-23T00:16:12Z,68.0,Charge 6
2024-12-23T00:16:13Z,67.0,Charge 6
2024-12-23T00:16:15Z,66.0,Charge 6
2024-12-23T00:16:18Z,66.0,Charge 6
2024-12-23T00:16:21Z,66.0,Charge 6
2024-12-23T00:16:24Z,66.0,Charge 6
2024-12-23T00:16:27Z,66.0,Charge 6
2024-12-23T00:16:28Z,65.0,Charge 6
2024-12-23T00:16:30Z,64.0,Charge 6
2024-12-23T00:16:33Z,64.0,Charge 6
2024-12-23T00:16:36Z,64.0,Charge 6
2024-12-23T00:16:39Z,64.0,Charge 6
2024-12-23T00:16:42Z,64.0,Charge 6
2024-12-23T00:16:45Z,64.0,Charge 6
2024-12-23T00:16:48Z,64.0,Charge 6
2024-12-23T00:16:51Z,64.0,Charge 6
2024-12-23T00:16:53Z,64.0,Charge 6
2024-12-23T00:16:56Z,64.0,Charge 6
2024-12-23T00:16:59Z,65.0,Charge 6
2024-12-23T00:17:01Z,66.0,Charge 6
2024-12-23T00:17:04Z,66.0,Charge 6
2024-12-23T00:17:07Z,66.0,Charge 6
2024-12-23T00:17:10Z,66.0,Charge 6
2024-12-23T00:17:13Z,66.0,Charge 6
2024-12-23T00:17:16Z,66.0,Charge 6
2024-12-23T00:17:18Z,68.0,Charge 6
2024-12-23T00:17:21Z,68.0,Charge 6
2024-12-23T00:17:24Z,68.0,Charge 6
2024-12-23T00:17:27Z,68.0,Charge 6
2024-12-23T00:17:29Z,67.0,Charge 6
2024-12-23T00:17:32Z,67.0,Charge 6
2024-12-23T00:17:33Z,66.0,Charge 6
2024-12-23T00:17:36Z,66.0,Charge 6
2024-12-23T00:17:37Z,67.0,Charge 6
2024-12-23T00:17:40Z,67.0,Charge 6
2024-12-23T00:17:43Z,66.0,Charge 6
2024-12-23T00:17:46Z,66.0,Charge 6
2024-12-23T00:17:47Z,67.0,Charge 6
2024-12-23T00:17:50Z,67.0,Charge 6
2024-12-23T00:17:51Z,68.0,Charge 6
2024-12-23T00:17:54Z,68.0,Charge 6
2024-12-23T00:17:56Z,67.0,Charge 6
2024-12-23T00:17:59Z,67.0,Charge 6
2024-12-23T00:18:00Z,66.0,Charge 6
2024-12-23T00:18:03Z,66.0,Charge 6
2024-12-23T00:18:06Z,66.0,Charge 6
2024-12-23T00:18:09Z,66.0,Charge 6
2024-12-23T00:18:12Z,66.0,Charge 6
2024-12-23T00:18:15Z,66.0,Charge 6
2024-12-23T00:18:18Z,66.0,Charge 6
2024-12-23T00:18:21Z,66.0,Charge 6
2024-12-23T00:18:23Z,67.0,Charge 6
2024-12-23T00:18:25Z,68.0,Charge 6
2024-12-23T00:18:28Z,68.0,Charge 6
2024-12-23T00:18:31Z,68.0,Charge 6
2024-12-23T00:18:34Z,68.0,Charge 6
2024-12-23T00:18:37Z,68.0,Charge 6
2024-12-23T00:18:40Z,68.0,Charge 6
2024-12-23T00:18:43Z,68.0,Charge 6
2024-12-23T00:18:46Z,68.0,Charge 6
2024-12-23T00:18:49Z,68.0,Charge 6
2024-12-23T00:18:52Z,67.0,Charge 6
2024-12-23T00:18:55Z,67.0,Charge 6
2024-12-23T00:18:56Z,68.0,Charge 6
2024-12-23T00:18:59Z,68.0,Charge 6
2024-12-23T00:19:02Z,67.0,Charge 6
2024-12-23T00:19:04Z,66.0,Charge 6
2024-12-23T00:19:07Z,66.0,Charge 6
2024-12-23T00:19:10Z,66.0,Charge 6
2024-12-23T00:19:11Z,67.0,Charge 6
2024-12-23T00:19:13Z,66.0,Charge 6
2024-12-23T00:19:16Z,66.0,Charge 6
2024-12-23T00:19:19Z,65.0,Charge 6
2024-12-23T00:19:21Z,64.0,Charge 6
2024-12-23T00:19:24Z,64.0,Charge 6
2024-12-23T00:19:27Z,64.0,Charge 6
2024-12-23T00:19:28Z,63.0,Charge 6
2024-12-23T00:19:30Z,64.0,Charge 6
2024-12-23T00:19:33Z,64.0,Charge 6
2024-12-23T00:19:34Z,66.0,Charge 6
2024-12-23T00:19:37Z,66.0,Charge 6
2024-12-23T00:19:38Z,68.0,Charge 6
2024-12-23T00:19:40Z,73.0,Charge 6
2024-12-23T00:19:42Z,76.0,Charge 6
2024-12-23T00:19:44Z,77.0,Charge 6
2024-12-23T00:19:46Z,79.0,Charge 6
2024-12-23T00:19:48Z,80.0,Charge 6
2024-12-23T00:19:51Z,80.0,Charge 6
2024-12-23T00:19:54Z,80.0,Charge 6
2024-12-23T00:19:55Z,78.0,Charge 6
2024-12-23T00:19:57Z,76.0,Charge 6
2024-12-23T00:19:59Z,74.0,Charge 6
2024-12-23T00:20:01Z,73.0,Charge 6
2024-12-23T00:20:03Z,72.0,Charge 6
2024-12-23T00:20:05Z,71.0,Charge 6
2024-12-23T00:20:07Z,70.0,Charge 6
2024-12-23T00:20:09Z,68.0,Charge 6
2024-12-23T00:20:11Z,67.0,Charge 6
2024-12-23T00:20:13Z,66.0,Charge 6
2024-12-23T00:20:16Z,65.0,Charge 6
2024-12-23T00:20:19Z,65.0,Charge 6
2024-12-23T00:20:22Z,66.0,Charge 6
2024-12-23T00:20:25Z,66.0,Charge 6
2024-12-23T00:20:26Z,65.0,Charge 6
2024-12-23T00:20:29Z,65.0,Charge 6
2024-12-23T00:20:30Z,66.0,Charge 6
2024-12-23T00:20:33Z,66.0,Charge 6
2024-12-23T00:20:34Z,67.0,Charge 6
2024-12-23T00:20:37Z,67.0,Charge 6
2024-12-23T00:20:40Z,68.0,Charge 6
2024-12-23T00:20:43Z,69.0,Charge 6
2024-12-23T00:20:45Z,70.0,Charge 6
2024-12-23T00:20:47Z,71.0,Charge 6
2024-12-23T00:20:50Z,71.0,Charge 6
2024-12-23T00:20:51Z,70.0,Charge 6
2024-12-23T00:20:54Z,70.0,Charge 6
2024-12-23T00:20:55Z,69.0,Charge 6
2024-12-23T00:20:57Z,68.0,Charge 6
2024-12-23T00:21:00Z,68.0,Charge 6
2024-12-23T00:21:03Z,67.0,Charge 6
2024-12-23T00:21:06Z,67.0,Charge 6
2024-12-23T00:21:08Z,66.0,Charge 6
2024-12-23T00:21:11Z,66.0,Charge 6
2024-12-23T00:21:14Z,66.0,Charge 6
2024-12-23T00:21:16Z,66.0,Charge 6
2024-12-23T00:21:19Z,66.0,Charge 6
2024-12-23T00:21:22Z,67.0,Charge 6
2024-12-23T00:21:24Z,68.0,Charge 6
2024-12-23T00:21:27Z,68.0,Charge 6
2024-12-23T00:21:28Z,69.0,Charge 6
2024-12-23T00:21:31Z,68.0,Charge 6
2024-12-23T00:21:34Z,68.0,Charge 6
2024-12-23T00:21:37Z,68.0,Charge 6
2024-12-23T00:21:40Z,68.0,Charge 6
2024-12-23T00:21:43Z,68.0,Charge 6
2024-12-23T00:21:46Z,68.0,Charge 6
2024-12-23T00:21:49Z,68.0,Charge 6
2024-12-23T00:21:52Z,68.0,Charge 6
2024-12-23T00:21:55Z,68.0,Charge 6
2024-12-23T00:21:58Z,68.0,Charge 6
2024-12-23T00:22:00Z,69.0,Charge 6
2024-12-23T00:22:02Z,70.0,Charge 6
2024-12-23T00:22:05Z,70.0,Charge 6
2024-12-23T00:22:08Z,70.0,Charge 6
2024-12-23T00:22:11Z,70.0,Charge 6
2024-12-23T00:22:14Z,70.0,Charge 6
2024-12-23T00:22:17Z,69.0,Charge 6
2024-12-23T00:22:19Z,68.0,Charge 6
2024-12-23T00:22:22Z,68.0,Charge 6
2024-12-23T00:22:25Z,68.0,Charge 6
2024-12-23T00:22:28Z,68.0,Charge 6
2024-12-23T00:22:29Z,68.0,Charge 6
2024-12-23T00:22:32Z,68.0,Charge 6
2024-12-23T00:22:35Z,68.0,Charge 6
2024-12-23T00:22:38Z,68.0,Charge 6
2024-12-23T00:22:39Z,69.0,Charge 6
2024-12-23T00:22:40Z,68.0,Charge 6
2024-12-23T00:22:43Z,68.0,Charge 6
2024-12-23T00:22:46Z,68.0,Charge 6
2024-12-23T00:22:48Z,67.0,Charge 6
2024-12-23T00:22:51Z,67.0,Charge 6
2024-12-23T00:22:52Z,68.0,Charge 6
2024-12-23T00:22:55Z,68.0,Charge 6
2024-12-23T00:22:58Z,68.0,Charge 6
2024-12-23T00:23:01Z,68.0,Charge 6
2024-12-23T00:23:04Z,69.0,Charge 6
2024-12-23T00:23:05Z,70.0,Charge 6
2024-12-23T00:23:08Z,70.0,Charge 6
2024-12-23T00:23:11Z,70.0,Charge 6
2024-12-23T00:23:14Z,70.0,Charge 6
2024-12-23T00:23:17Z,70.0,Charge 6
2024-12-23T00:23:20Z,70.0,Charge 6
2024-12-23T00:23:23Z,70.0,Charge 6
2024-12-23T00:23:26Z,70.0,Charge 6
2024-12-23T00:23:29Z,70.0,Charge 6
2024-12-23T00:23:32Z,68.0,Charge 6
2024-12-23T00:23:35Z,68.0,Charge 6
2024-12-23T00:23:38Z,68.0,Charge 6
2024-12-23T00:23:40Z,68.0,Charge 6
2024-12-23T00:23:43Z,68.0,Charge 6
2024-12-23T00:23:44Z,67.0,Charge 6
2024-12-23T00:23:47Z,67.0,Charge 6
2024-12-23T00:23:48Z,66.0,Charge 6
2024-12-23T00:23:51Z,66.0,Charge 6
2024-12-23T00:23:54Z,66.0,Charge 6
2024-12-23T00:23:55Z,68.0,Charge 6
2024-12-23T00:23:58Z,68.0,Charge 6
2024-12-23T00:23:59Z,69.0,Charge 6
2024-12-23T00:24:01Z,68.0,Charge 6
2024-12-23T00:24:04Z,68.0,Charge 6
2024-12-23T00:24:05Z,67.0,Charge 6
2024-12-23T00:24:08Z,67.0,Charge 6
2024-12-23T00:24:09Z,66.0,Charge 6
2024-12-23T00:24:12Z,66.0,Charge 6
2024-12-23T00:24:15Z,66.0,Charge 6
2024-12-23T00:24:18Z,66.0,Charge 6
2024-12-23T00:24:21Z,66.0,Charge 6
2024-12-23T00:24:22Z,67.0,Charge 6
2024-12-23T00:24:25Z,67.0,Charge 6
2024-12-23T00:24:26Z,68.0,Charge 6
2024-12-23T00:24:28Z,67.0,Charge 6
2024-12-23T00:24:31Z,67.0,Charge 6
2024-12-23T00:24:34Z,67.0,Charge 6
2024-12-23T00:24:37Z,67.0,Charge 6
2024-12-23T00:24:40Z,67.0,Charge 6
2024-12-23T00:24:41Z,67.0,Charge 6
2024-12-23T00:24:44Z,67.0,Charge 6
2024-12-23T00:24:45Z,66.0,Charge 6
2024-12-23T00:24:48Z,66.0,Charge 6
2024-12-23T00:24:51Z,66.0,Charge 6
2024-12-23T00:24:54Z,66.0,Charge 6
2024-12-23T00:24:57Z,66.0,Charge 6
2024-12-23T00:25:00Z,66.0,Charge 6
2024-12-23T00:25:03Z,66.0,Charge 6
2024-12-23T00:25:06Z,66.0,Charge 6
2024-12-23T00:25:08Z,65.0,Charge 6
2024-12-23T00:25:11Z,65.0,Charge 6
2024-12-23T00:25:12Z,66.0,Charge 6
2024-12-23T00:25:15Z,66.0,Charge 6
2024-12-23T00:25:18Z,66.0,Charge 6
2024-12-23T00:25:21Z,66.0,Charge 6
2024-12-23T00:25:24Z,66.0,Charge 6
2024-12-23T00:25:27Z,66.0,Charge 6
2024-12-23T00:25:29Z,67.0,Charge 6
2024-12-23T00:25:31Z,68.0,Charge 6
2024-12-23T00:25:34Z,68.0,Charge 6
2024-12-23T00:25:37Z,68.0,Charge 6
2024-12-23T00:25:40Z,68.0,Charge 6
2024-12-23T00:25:41Z,69.0,Charge 6
2024-12-23T00:25:44Z,69.0,Charge 6
2024-12-23T00:25:47Z,68.0,Charge 6
2024-12-23T00:25:50Z,68.0,Charge 6
2024-12-23T00:25:51Z,68.0,Charge 6
2024-12-23T00:25:54Z,68.0,Charge 6
2024-12-23T00:25:57Z,68.0,Charge 6
2024-12-23T00:25:58Z,69.0,Charge 6
2024-12-23T00:26:01Z,69.0,Charge 6
2024-12-23T00:26:04Z,69.0,Charge 6
2024-12-23T00:26:06Z,68.0,Charge 6
2024-12-23T00:26:09Z,68.0,Charge 6
2024-12-23T00:26:12Z,66.0,Charge 6
2024-12-23T00:26:15Z,66.0,Charge 6
2024-12-23T00:26:18Z,66.0,Charge 6
2024-12-23T00:26:21Z,66.0,Charge 6
2024-12-23T00:26:24Z,66.0,Charge 6
2024-12-23T00:26:27Z,66.0,Charge 6
2024-12-23T00:26:30Z,66.0,Charge 6
2024-12-23T00:26:33Z,66.0,Charge 6
2024-12-23T00:26:36Z,66.0,Charge 6
2024-12-23T00:26:39Z,66.0,Charge 6
2024-12-23T00:26:42Z,66.0,Charge 6
2024-12-23T00:26:45Z,66.0,Charge 6
2024-12-23T00:26:48Z,66.0,Charge 6
2024-12-23T00:26:51Z,66.0,Charge 6
2024-12-23T00:26:54Z,66.0,Charge 6
2024-12-23T00:26:57Z,66.0,Charge 6
2024-12-23T00:27:00Z,66.0,Charge 6
2024-12-23T00:27:03Z,66.0,Charge 6
2024-12-23T00:27:06Z,66.0,Charge 6
2024-12-23T00:27:07Z,66.0,Charge 6
2024-12-23T00:27:09Z,67.0,Charge 6
2024-12-23T00:27:12Z,67.0,Charge 6
2024-12-23T00:27:15Z,67.0,Charge 6
2024-12-23T00:27:17Z,68.0,Charge 6
2024-12-23T00:27:20Z,68.0,Charge 6
2024-12-23T00:27:21Z,66.0,Charge 6
2024-12-23T00:27:24Z,66.0,Charge 6
2024-12-23T00:27:27Z,66.0,Charge 6
2024-12-23T00:27:30Z,66.0,Charge 6
2024-12-23T00:27:33Z,66.0,Charge 6
2024-12-23T00:27:36Z,66.0,Charge 6
2024-12-23T00:27:39Z,66.0,Charge 6
2024-12-23T00:27:42Z,67.0,Charge 6
2024-12-23T00:27:45Z,67.0,Charge 6
2024-12-23T00:27:48Z,67.0,Charge 6
2024-12-23T00:27:51Z,67.0,Charge 6
2024-12-23T00:27:52Z,66.0,Charge 6
2024-12-23T00:27:55Z,66.0,Charge 6
2024-12-23T00:27:58Z,66.0,Charge 6
2024-12-23T00:28:01Z,66.0,Charge 6
2024-12-23T00:28:03Z,67.0,Charge 6
2024-12-23T00:28:06Z,67.0,Charge 6
2024-12-23T00:28:09Z,66.0,Charge 6
2024-12-23T00:28:12Z,66.0,Charge 6
2024-12-23T00:28:15Z,66.0,Charge 6
2024-12-23T00:28:18Z,66.0,Charge 6
2024-12-23T00:28:20Z,66.0,Charge 6
2024-12-23T00:28:23Z,66.0,Charge 6
2024-12-23T00:28:26Z,66.0,Charge 6
2024-12-23T00:28:29Z,66.0,Charge 6
2024-12-23T00:28:32Z,66.0,Charge 6
2024-12-23T00:28:35Z,66.0,Charge 6
2024-12-23T00:28:38Z,66.0,Charge 6
2024-12-23T00:28:41Z,66.0,Charge 6
2024-12-23T00:28:44Z,66.0,Charge 6
2024-12-23T00:28:46Z,67.0,Charge 6
2024-12-23T00:28:48Z,66.0,Charge 6
2024-12-23T00:28:51Z,66.0,Charge 6
2024-12-23T00:28:52Z,65.0,Charge 6
2024-12-23T00:28:54Z,64.0,Charge 6
2024-12-23T00:28:57Z,64.0,Charge 6
2024-12-23T00:29:00Z,64.0,Charge 6
2024-12-23T00:29:03Z,64.0,Charge 6
2024-12-23T00:29:06Z,64.0,Charge 6
2024-12-23T00:29:07Z,65.0,Charge 6
2024-12-23T00:29:09Z,64.0,Charge 6
2024-12-23T00:29:12Z,64.0,Charge 6
2024-12-23T00:29:15Z,64.0,Charge 6
2024-12-23T00:29:18Z,64.0,Charge 6
2024-12-23T00:29:21Z,65.0,Charge 6
2024-12-23T00:29:23Z,66.0,Charge 6
2024-12-23T00:29:26Z,66.0,Charge 6
2024-12-23T00:29:29Z,66.0,Charge 6
2024-12-23T00:29:30Z,66.0,Charge 6
2024-12-23T00:29:33Z,66.0,Charge 6
2024-12-23T00:29:36Z,66.0,Charge 6
2024-12-23T00:29:39Z,66.0,Charge 6
2024-12-23T00:29:42Z,66.0,Charge 6
2024-12-23T00:29:44Z,67.0,Charge 6
2024-12-23T00:29:47Z,67.0,Charge 6
2024-12-23T00:29:50Z,66.0,Charge 6
2024-12-23T00:29:52Z,67.0,Charge 6
2024-12-23T00:29:54Z,66.0,Charge 6
2024-12-23T00:29:55Z,67.0,Charge 6
2024-12-23T00:29:58Z,67.0,Charge 6
2024-12-23T00:29:59Z,66.0,Charge 6
2024-12-23T00:30:02Z,66.0,Charge 6
2024-12-23T00:30:05Z,66.0,Charge 6
2024-12-23T00:30:08Z,66.0,Charge 6
2024-12-23T00:30:11Z,66.0,Charge 6
2024-12-23T00:30:14Z,66.0,Charge 6
2024-12-23T00:30:17Z,66.0,Charge 6
2024-12-23T00:30:20Z,67.0,Charge 6
2024-12-23T00:30:23Z,67.0,Charge 6
2024-12-23T00:30:24Z,66.0,Charge 6
2024-12-23T00:30:27Z,66.0,Charge 6
2024-12-23T00:30:30Z,66.0,Charge 6
2024-12-23T00:30:32Z,68.0,Charge 6
2024-12-23T00:30:35Z,68.0,Charge 6
2024-12-23T00:30:38Z,68.0,Charge 6
2024-12-23T00:30:40Z,68.0,Charge 6
2024-12-23T00:30:43Z,68.0,Charge 6
2024-12-23T00:30:46Z,68.0,Charge 6
2024-12-23T00:30:49Z,67.0,Charge 6
2024-12-23T00:30:52Z,67.0,Charge 6
2024-12-23T00:30:55Z,67.0,Charge 6
2024-12-23T00:30:58Z,67.0,Charge 6
2024-12-23T00:30:59Z,66.0,Charge 6
2024-12-23T00:31:02Z,66.0,Charge 6
2024-12-23T00:31:05Z,66.0,Charge 6
2024-12-23T00:31:08Z,66.0,Charge 6
2024-12-23T00:31:10Z,65.0,Charge 6
2024-12-23T00:31:12Z,64.0,Charge 6
2024-12-23T00:31:15Z,64.0,Charge 6
2024-12-23T00:31:16Z,63.0,Charge 6
2024-12-23T00:31:18Z,64.0,Charge 6
2024-12-23T00:31:21Z,64.0,Charge 6
2024-12-23T00:31:24Z,63.0,Charge 6
2024-12-23T00:31:26Z,62.0,Charge 6
2024-12-23T00:31:29Z,62.0,Charge 6
2024-12-23T00:31:32Z,62.0,Charge 6
2024-12-23T00:31:33Z,63.0,Charge 6
2024-12-23T00:31:36Z,63.0,Charge 6
2024-12-23T00:31:37Z,64.0,Charge 6
2024-12-23T00:31:40Z,64.0,Charge 6
2024-12-23T00:31:43Z,65.0,Charge 6
2024-12-23T00:31:45Z,66.0,Charge 6
2024-12-23T00:31:47Z,66.0,Charge 6
2024-12-23T00:31:50Z,66.0,Charge 6
2024-12-23T00:31:51Z,65.0,Charge 6
2024-12-23T00:31:54Z,65.0,Charge 6
2024-12-23T00:31:57Z,65.0,Charge 6
2024-12-23T00:32:00Z,65.0,Charge 6
2024-12-23T00:32:02Z,66.0,Charge 6
2024-12-23T00:32:05Z,66.0,Charge 6
2024-12-23T00:32:08Z,66.0,Charge 6
2024-12-23T00:32:11Z,66.0,Charge 6
2024-12-23T00:32:14Z,66.0,Charge 6
2024-12-23T00:32:17Z,66.0,Charge 6
2024-12-23T00:32:20Z,66.0,Charge 6
2024-12-23T00:32:23Z,66.0,Charge 6
2024-12-23T00:32:26Z,66.0,Charge 6
2024-12-23T00:32:29Z,66.0,Charge 6
2024-12-23T00:32:32Z,66.0,Charge 6
2024-12-23T00:32:35Z,66.0,Charge 6
2024-12-23T00:32:38Z,66.0,Charge 6
2024-12-23T00:32:39Z,67.0,Charge 6
2024-12-23T00:32:42Z,67.0,Charge 6
2024-12-23T00:32:45Z,67.0,Charge 6
2024-12-23T00:32:48Z,67.0,Charge 6
2024-12-23T00:32:51Z,67.0,Charge 6
2024-12-23T00:32:54Z,66.0,Charge 6
2024-12-23T00:32:57Z,66.0,Charge 6
2024-12-23T00:33:00Z,66.0,Charge 6
2024-12-23T00:33:02Z,66.0,Charge 6
2024-12-23T00:33:04Z,67.0,Charge 6
2024-12-23T00:33:07Z,66.0,Charge 6
2024-12-23T00:33:10Z,66.0,Charge 6
2024-12-23T00:33:11Z,65.0,Charge 6
2024-12-23T00:33:13Z,64.0,Charge 6
2024-12-23T00:33:16Z,64.0,Charge 6
2024-12-23T00:33:17Z,66.0,Charge 6
2024-12-23T00:33:20Z,66.0,Charge 6
2024-12-23T00:33:23Z,66.0,Charge 6
2024-12-23T00:33:26Z,66.0,Charge 6
2024-12-23T00:33:29Z,66.0,Charge 6
2024-12-23T00:33:32Z,65.0,Charge 6
2024-12-23T00:33:34Z,66.0,Charge 6
2024-12-23T00:33:37Z,66.0,Charge 6
2024-12-23T00:33:40Z,68.0,Charge 6
2024-12-23T00:33:43Z,68.0,Charge 6
2024-12-23T00:33:44Z,67.0,Charge 6
2024-12-23T00:33:46Z,66.0,Charge 6
2024-12-23T00:33:48Z,65.0,Charge 6
2024-12-23T00:33:50Z,64.0,Charge 6
2024-12-23T00:33:53Z,64.0,Charge 6
2024-12-23T00:33:56Z,64.0,Charge 6
2024-12-23T00:33:59Z,64.0,Charge 6
2024-12-23T00:34:01Z,65.0,Charge 6
2024-12-23T00:34:03Z,66.0,Charge 6
2024-12-23T00:34:06Z,66.0,Charge 6
2024-12-23T00:34:07Z,66.0,Charge 6
2024-12-23T00:34:10Z,66.0,Charge 6
2024-12-23T00:34:11Z,67.0,Charge 6
2024-12-23T00:34:14Z,67.0,Charge 6
2024-12-23T00:34:15Z,66.0,Charge 6
2024-12-23T00:34:18Z,66.0,Charge 6
2024-12-23T00:34:21Z,66.0,Charge 6
2024-12-23T00:34:24Z,66.0,Charge 6
2024-12-23T00:34:27Z,66.0,Charge 6
2024-12-23T00:34:28Z,64.0,Charge 6
2024-12-23T00:34:31Z,64.0,Charge 6
2024-12-23T00:34:34Z,64.0,Charge 6
2024-12-23T00:34:37Z,64.0,Charge 6
2024-12-23T00:34:40Z,64.0,Charge 6
2024-12-23T00:34:43Z,63.0,Charge 6
2024-12-23T00:34:46Z,63.0,Charge 6
2024-12-23T00:34:47Z,64.0,Charge 6
2024-12-23T00:34:50Z,64.0,Charge 6
2024-12-23T00:34:53Z,64.0,Charge 6
2024-12-23T00:34:55Z,63.0,Charge 6
2024-12-23T00:34:58Z,63.0,Charge 6
2024-12-23T00:34:59Z,64.0,Charge 6
2024-12-23T00:35:02Z,64.0,Charge 6
2024-12-23T00:35:05Z,65.0,Charge 6
2024-12-23T00:35:06Z,66.0,Charge 6
2024-12-23T00:35:09Z,66.0,Charge 6
2024-12-23T00:35:12Z,66.0,Charge 6
2024-12-23T00:35:14Z,66.0,Charge 6
2024-12-23T00:35:17Z,66.0,Charge 6
2024-12-23T00:35:20Z,66.0,Charge 6
2024-12-23T00:35:23Z,66.0,Charge 6
2024-12-23T00:35:26Z,66.0,Charge 6
2024-12-23T00:35:28Z,67.0,Charge 6
2024-12-23T00:35:31Z,67.0,Charge 6
2024-12-23T00:35:34Z,67.0,Charge 6
2024-12-23T00:35:37Z,66.0,Charge 6
2024-12-23T00:35:40Z,66.0,Charge 6
2024-12-23T00:35:41Z,65.0,Charge 6
2024-12-23T00:35:44Z,65.0,Charge 6
2024-12-23T00:35:47Z,66.0,Charge 6
2024-12-23T00:35:50Z,66.0,Charge 6
2024-12-23T00:35:53Z,67.0,Charge 6
2024-12-23T00:35:56Z,68.0,Charge 6
2024-12-23T00:35:59Z,68.0,Charge 6
2024-12-23T00:36:02Z,66.0,Charge 6
2024-12-23T00:36:05Z,66.0,Charge 6
2024-12-23T00:36:08Z,66.0,Charge 6
2024-12-23T00:36:11Z,66.0,Charge 6
2024-12-23T00:36:12Z,65.0,Charge 6
2024-12-23T00:36:15Z,65.0,Charge 6
2024-12-23T00:36:18Z,65.0,Charge 6
2024-12-23T00:36:21Z,65.0,Charge 6
2024-12-23T00:36:23Z,66.0,Charge 6
2024-12-23T00:36:26Z,66.0,Charge 6
2024-12-23T00:36:27Z,66.0,Charge 6
2024-12-23T00:36:30Z,66.0,Charge 6
2024-12-23T00:36:33Z,66.0,Charge 6
2024-12-23T00:36:36Z,66.0,Charge 6
2024-12-23T00:36:39Z,66.0,Charge 6
2024-12-23T00:36:41Z,67.0,Charge 6
2024-12-23T00:36:42Z,66.0,Charge 6
2024-12-23T00:36:45Z,66.0,Charge 6
2024-12-23T00:36:46Z,65.0,Charge 6
2024-12-23T00:36:49Z,65.0,Charge 6
2024-12-23T00:36:52Z,64.0,Charge 6
2024-12-23T00:36:54Z,65.0,Charge 6
2024-12-23T00:36:56Z,66.0,Charge 6
2024-12-23T00:36:59Z,66.0,Charge 6
2024-12-23T00:37:02Z,66.0,Charge 6
2024-12-23T00:37:05Z,66.0,Charge 6
2024-12-23T00:37:08Z,66.0,Charge 6
2024-12-23T00:37:11Z,66.0,Charge 6
2024-12-23T00:37:14Z,66.0,Charge 6
2024-12-23T00:37:17Z,66.0,Charge 6
2024-12-23T00:37:20Z,66.0,Charge 6
2024-12-23T00:37:23Z,66.0,Charge 6
2024-12-23T00:37:26Z,66.0,Charge 6
2024-12-23T00:37:29Z,66.0,Charge 6
2024-12-23T00:37:32Z,66.0,Charge 6
2024-12-23T00:37:35Z,66.0,Charge 6
2024-12-23T00:37:38Z,66.0,Charge 6
2024-12-23T00:37:40Z,66.0,Charge 6
2024-12-23T00:37:43Z,66.0,Charge 6
2024-12-23T00:37:46Z,66.0,Charge 6
2024-12-23T00:37:49Z,66.0,Charge 6
2024-12-23T00:37:52Z,66.0,Charge 6
2024-12-23T00:37:55Z,66.0,Charge 6
2024-12-23T00:37:57Z,65.0,Charge 6
2024-12-23T00:37:59Z,66.0,Charge 6
2024-12-23T00:38:02Z,66.0,Charge 6
2024-12-23T00:38:05Z,66.0,Charge 6
2024-12-23T00:38:08Z,66.0,Charge 6
2024-12-23T00:38:11Z,66.0,Charge 6
2024-12-23T00:38:14Z,66.0,Charge 6
2024-12-23T00:38:17Z,66.0,Charge 6
2024-12-23T00:38:18Z,68.0,Charge 6
2024-12-23T00:38:21Z,68.0,Charge 6
2024-12-23T00:38:24Z,68.0,Charge 6
2024-12-23T00:38:27Z,68.0,Charge 6
2024-12-23T00:38:30Z,68.0,Charge 6
2024-12-23T00:38:33Z,68.0,Charge 6
2024-12-23T00:38:34Z,67.0,Charge 6
2024-12-23T00:38:37Z,67.0,Charge 6
2024-12-23T00:38:40Z,67.0,Charge 6
2024-12-23T00:38:43Z,67.0,Charge 6
2024-12-23T00:38:45Z,68.0,Charge 6
2024-12-23T00:38:47Z,67.0,Charge 6
2024-12-23T00:38:50Z,67.0,Charge 6
2024-12-23T00:38:51Z,68.0,Charge 6
2024-12-23T00:38:54Z,68.0,Charge 6
2024-12-23T00:38:57Z,68.0,Charge 6
2024-12-23T00:39:00Z,68.0,Charge 6
2024-12-23T00:39:01Z,66.0,Charge 6
2024-12-23T00:39:04Z,66.0,Charge 6
2024-12-23T00:39:06Z,67.0,Charge 6
2024-12-23T00:39:09Z,67.0,Charge 6
2024-12-23T00:39:10Z,68.0,Charge 6
2024-12-23T00:39:13Z,68.0,Charge 6
2024-12-23T00:39:16Z,69.0,Charge 6
2024-12-23T00:39:18Z,68.0,Charge 6
2024-12-23T00:39:21Z,68.0,Charge 6
2024-12-23T00:39:22Z,67.0,Charge 6
2024-12-23T00:39:24Z,66.0,Charge 6
2024-12-23T00:39:27Z,66.0,Charge 6
2024-12-23T00:39:30Z,66.0,Charge 6
2024-12-23T00:39:33Z,66.0,Charge 6
2024-12-23T00:39:36Z,66.0,Charge 6
2024-12-23T00:39:39Z,66.0,Charge 6
2024-12-23T00:39:42Z,66.0,Charge 6
2024-12-23T00:39:45Z,66.0,Charge 6
2024-12-23T00:39:48Z,66.0,Charge 6
2024-12-23T00:39:51Z,66.0,Charge 6
2024-12-23T00:39:54Z,66.0,Charge 6
2024-12-23T00:39:57Z,66.0,Charge 6
2024-12-23T00:40:00Z,66.0,Charge 6
2024-12-23T00:40:02Z,66.0,Charge 6
2024-12-23T00:40:05Z,66.0,Charge 6
2024-12-23T00:40:08Z,66.0,Charge 6
2024-12-23T00:40:11Z,66.0,Charge 6
2024-12-23T00:40:12Z,65.0,Charge 6
2024-12-23T00:40:15Z,65.0,Charge 6
2024-12-23T00:40:16Z,66.0,Charge 6
2024-12-23T00:40:19Z,66.0,Charge 6
2024-12-23T00:40:22Z,66.0,Charge 6
2024-12-23T00:40:25Z,66.0,Charge 6
2024-12-23T00:40:27Z,65.0,Charge 6
2024-12-23T00:40:30Z,65.0,Charge 6
2024-12-23T00:40:33Z,65.0,Charge 6
2024-12-23T00:40:35Z,64.0,Charge 6
2024-12-23T00:40:37Z,65.0,Charge 6
2024-12-23T00:40:39Z,64.0,Charge 6
2024-12-23T00:40:42Z,65.0,Charge 6
2024-12-23T00:40:44Z,64.0,Charge 6
2024-12-23T00:40:46Z,65.0,Charge 6
2024-12-23T00:40:48Z,66.0,Charge 6
2024-12-23T00:40:51Z,66.0,Charge 6
2024-12-23T00:40:54Z,67.0,Charge 6
2024-12-23T00:40:56Z,68.0,Charge 6
2024-12-23T00:40:59Z,68.0,Charge 6
2024-12-23T00:41:02Z,67.0,Charge 6
2024-12-23T00:41:05Z,67.0,Charge 6
2024-12-23T00:41:07Z,68.0,Charge 6
2024-12-23T00:41:09Z,68.0,Charge 6
2024-12-23T00:41:12Z,68.0,Charge 6
2024-12-23T00:41:15Z,68.0,Charge 6
2024-12-23T00:41:18Z,68.0,Charge 6
2024-12-23T00:41:21Z,68.0,Charge 6
2024-12-23T00:41:23Z,69.0,Charge 6
2024-12-23T00:41:26Z,69.0,Charge 6
2024-12-23T00:41:29Z,69.0,Charge 6
2024-12-23T00:41:30Z,70.0,Charge 6
2024-12-23T00:41:33Z,70.0,Charge 6
2024-12-23T00:41:36Z,70.0,Charge 6
2024-12-23T00:41:39Z,70.0,Charge 6
2024-12-23T00:41:42Z,70.0,Charge 6
2024-12-23T00:41:45Z,70.0,Charge 6
2024-12-23T00:41:48Z,69.0,Charge 6
2024-12-23T00:41:51Z,69.0,Charge 6
2024-12-23T00:41:54Z,70.0,Charge 6
2024-12-23T00:41:57Z,70.0,Charge 6
2024-12-23T00:42:00Z,70.0,Charge 6
2024-12-23T00:42:03Z,70.0,Charge 6
2024-12-23T00:42:06Z,70.0,Charge 6
2024-12-23T00:42:07Z,69.0,Charge 6
2024-12-23T00:42:10Z,69.0,Charge 6
2024-12-23T00:42:13Z,69.0,Charge 6
2024-12-23T00:42:16Z,69.0,Charge 6
2024-12-23T00:42:17Z,70.0,Charge 6
2024-12-23T00:42:20Z,70.0,Charge 6
2024-12-23T00:42:22Z,70.0,Charge 6
2024-12-23T00:42:25Z,70.0,Charge 6
2024-12-23T00:42:26Z,69.0,Charge 6
2024-12-23T00:42:28Z,68.0,Charge 6
2024-12-23T00:42:31Z,68.0,Charge 6
2024-12-23T00:42:34Z,68.0,Charge 6
2024-12-23T00:42:37Z,68.0,Charge 6
2024-12-23T00:42:40Z,68.0,Charge 6
2024-12-23T00:42:43Z,68.0,Charge 6
2024-12-23T00:42:46Z,68.0,Charge 6
2024-12-23T00:42:49Z,69.0,Charge 6
2024-12-23T00:42:52Z,69.0,Charge 6
2024-12-23T00:42:53Z,70.0,Charge 6
2024-12-23T00:42:56Z,70.0,Charge 6
2024-12-23T00:42:59Z,70.0,Charge 6
2024-12-23T00:43:02Z,70.0,Charge 6
2024-12-23T00:43:05Z,70.0,Charge 6
2024-12-23T00:43:08Z,70.0,Charge 6
2024-12-23T00:43:11Z,70.0,Charge 6
2024-12-23T00:43:14Z,70.0,Charge 6
2024-12-23T00:43:17Z,70.0,Charge 6
2024-12-23T00:43:20Z,69.0,Charge 6
2024-12-23T00:43:23Z,69.0,Charge 6
2024-12-23T00:43:26Z,68.0,Charge 6
2024-12-23T00:43:28Z,69.0,Charge 6
2024-12-23T00:43:31Z,69.0,Charge 6
2024-12-23T00:43:34Z,69.0,Charge 6
2024-12-23T00:43:35Z,70.0,Charge 6
2024-12-23T00:43:38Z,70.0,Charge 6
2024-12-23T00:43:41Z,70.0,Charge 6
2024-12-23T00:43:44Z,70.0,Charge 6
2024-12-23T00:43:47Z,70.0,Charge 6
2024-12-23T00:43:50Z,70.0,Charge 6
2024-12-23T00:43:53Z,69.0,Charge 6
2024-12-23T00:43:56Z,70.0,Charge 6
2024-12-23T00:43:59Z,70.0,Charge 6
2024-12-23T00:44:02Z,70.0,Charge 6
2024-12-23T00:44:05Z,70.0,Charge 6
2024-12-23T00:44:06Z,71.0,Charge 6
2024-12-23T00:44:09Z,71.0,Charge 6
2024-12-23T00:44:10Z,70.0,Charge 6
2024-12-23T00:44:12Z,69.0,Charge 6
2024-12-23T00:44:14Z,68.0,Charge 6
2024-12-23T00:44:17Z,68.0,Charge 6
2024-12-23T00:44:20Z,68.0,Charge 6
2024-12-23T00:44:23Z,68.0,Charge 6
2024-12-23T00:44:26Z,68.0,Charge 6
2024-12-23T00:44:29Z,68.0,Charge 6
2024-12-23T00:44:32Z,68.0,Charge 6
2024-12-23T00:44:35Z,68.0,Charge 6
2024-12-23T00:44:37Z,69.0,Charge 6
2024-12-23T00:44:39Z,68.0,Charge 6
2024-12-23T00:44:42Z,68.0,Charge 6
2024-12-23T00:44:45Z,68.0,Charge 6
2024-12-23T00:44:46Z,68.0,Charge 6
2024-12-23T00:44:49Z,68.0,Charge 6
2024-12-23T00:44:50Z,66.0,Charge 6
2024-12-23T00:44:53Z,66.0,Charge 6
2024-12-23T00:44:56Z,66.0,Charge 6
2024-12-23T00:44:59Z,66.0,Charge 6
2024-12-23T00:45:02Z,67.0,Charge 6
2024-12-23T00:45:04Z,68.0,Charge 6
2024-12-23T00:45:07Z,68.0,Charge 6
2024-12-23T00:45:10Z,68.0,Charge 6
2024-12-23T00:45:13Z,68.0,Charge 6
2024-12-23T00:45:16Z,68.0,Charge 6
2024-12-23T00:45:19Z,68.0,Charge 6
2024-12-23T00:45:22Z,68.0,Charge 6
2024-12-23T00:45:25Z,68.0,Charge 6
2024-12-23T00:45:28Z,68.0,Charge 6
2024-12-23T00:45:31Z,68.0,Charge 6
2024-12-23T00:45:32Z,67.0,Charge 6
2024-12-23T00:45:34Z,66.0,Charge 6
2024-12-23T00:45:37Z,66.0,Charge 6
2024-12-23T00:45:38Z,67.0,Charge 6
2024-12-23T00:45:40Z,68.0,Charge 6
2024-12-23T00:45:43Z,68.0,Charge 6
2024-12-23T00:45:46Z,68.0,Charge 6
2024-12-23T00:45:49Z,68.0,Charge 6
2024-12-23T00:45:50Z,69.0,Charge 6
2024-12-23T00:45:52Z,68.0,Charge 6
2024-12-23T00:45:54Z,68.0,Charge 6
2024-12-23T00:45:57Z,68.0,Charge 6
2024-12-23T00:46:00Z,68.0,Charge 6
2024-12-23T00:46:03Z,69.0,Charge 6
2024-12-23T00:46:06Z,69.0,Charge 6
2024-12-23T00:46:07Z,70.0,Charge 6
2024-12-23T00:46:09Z,69.0,Charge 6
2024-12-23T00:46:12Z,69.0,Charge 6
2024-12-23T00:46:15Z,70.0,Charge 6
2024-12-23T00:46:18Z,70.0,Charge 6
2024-12-23T00:46:20Z,69.0,Charge 6
2024-12-23T00:46:22Z,68.0,Charge 6
2024-12-23T00:46:25Z,68.0,Charge 6
2024-12-23T00:46:26Z,67.0,Charge 6
2024-12-23T00:46:29Z,67.0,Charge 6
2024-12-23T00:46:30Z,68.0,Charge 6
2024-12-23T00:46:33Z,68.0,Charge 6
2024-12-23T00:46:36Z,68.0,Charge 6
2024-12-23T00:46:39Z,68.0,Charge 6
2024-12-23T00:46:42Z,68.0,Charge 6
2024-12-23T00:46:43Z,69.0,Charge 6
2024-12-23T00:46:45Z,70.0,Charge 6
2024-12-23T00:46:48Z,70.0,Charge 6
2024-12-23T00:46:49Z,71.0,Charge 6
2024-12-23T00:46:51Z,72.0,Charge 6
2024-12-23T00:46:54Z,72.0,Charge 6
2024-12-23T00:46:55Z,70.0,Charge 6
2024-12-23T00:46:57Z,68.0,Charge 6
2024-12-23T00:47:00Z,68.0,Charge 6
2024-12-23T00:47:03Z,68.0,Charge 6
2024-12-23T00:47:06Z,68.0,Charge 6
2024-12-23T00:47:09Z,68.0,Charge 6
2024-12-23T00:47:12Z,68.0,Charge 6
2024-12-23T00:47:15Z,68.0,Charge 6
2024-12-23T00:47:18Z,68.0,Charge 6
2024-12-23T00:47:21Z,68.0,Charge 6
2024-12-23T00:47:24Z,67.0,Charge 6
2024-12-23T00:47:27Z,67.0,Charge 6
2024-12-23T00:47:28Z,68.0,Charge 6
2024-12-23T00:47:31Z,68.0,Charge 6
2024-12-23T00:47:34Z,68.0,Charge 6
2024-12-23T00:47:35Z,67.0,Charge 6
2024-12-23T00:47:38Z,67.0,Charge 6
2024-12-23T00:47:39Z,68.0,Charge 6
2024-12-23T00:47:42Z,68.0,Charge 6
2024-12-23T00:47:45Z,68.0,Charge 6
2024-12-23T00:47:48Z,68.0,Charge 6
2024-12-23T00:47:51Z,68.0,Charge 6
2024-12-23T00:47:54Z,69.0,Charge 6
2024-12-23T00:47:57Z,69.0,Charge 6
2024-12-23T00:48:00Z,69.0,Charge 6
2024-12-23T00:48:03Z,69.0,Charge 6
2024-12-23T00:48:06Z,70.0,Charge 6
2024-12-23T00:48:09Z,70.0,Charge 6
2024-12-23T00:48:10Z,70.0,Charge 6
2024-12-23T00:48:13Z,70.0,Charge 6
2024-12-23T00:48:16Z,69.0,Charge 6
2024-12-23T00:48:19Z,68.0,Charge 6
2024-12-23T00:48:22Z,68.0,Charge 6
2024-12-23T00:48:25Z,69.0,Charge 6
2024-12-23T00:48:28Z,69.0,Charge 6
2024-12-23T00:48:31Z,68.0,Charge 6
2024-12-23T00:48:34Z,68.0,Charge 6
2024-12-23T00:48:35Z,67.0,Charge 6
2024-12-23T00:48:38Z,67.0,Charge 6
2024-12-23T00:48:41Z,68.0,Charge 6
2024-12-23T00:48:44Z,68.0,Charge 6
2024-12-23T00:48:47Z,68.0,Charge 6
2024-12-23T00:48:48Z,69.0,Charge 6
2024-12-23T00:48:51Z,69.0,Charge 6
2024-12-23T00:48:54Z,70.0,Charge 6
2024-12-23T00:48:57Z,70.0,Charge 6
2024-12-23T00:49:00Z,70.0,Charge 6
2024-12-23T00:49:03Z,70.0,Charge 6
2024-12-23T00:49:04Z,69.0,Charge 6
2024-12-23T00:49:06Z,68.0,Charge 6
2024-12-23T00:49:09Z,68.0,Charge 6
2024-12-23T00:49:12Z,68.0,Charge 6
2024-12-23T00:49:15Z,68.0,Charge 6
2024-12-23T00:49:18Z,68.0,Charge 6
2024-12-23T00:49:21Z,68.0,Charge 6
2024-12-23T00:49:23Z,68.0,Charge 6
2024-12-23T00:49:26Z,68.0,Charge 6
2024-12-23T00:49:27Z,67.0,Charge 6
2024-12-23T00:49:30Z,67.0,Charge 6
2024-12-23T00:49:33Z,67.0,Charge 6
2024-12-23T00:49:34Z,68.0,Charge 6
2024-12-23T00:49:37Z,68.0,Charge 6
2024-12-23T00:49:40Z,69.0,Charge 6
2024-12-23T00:49:42Z,70.0,Charge 6
2024-12-23T00:49:45Z,70.0,Charge 6
2024-12-23T00:49:48Z,69.0,Charge 6
2024-12-23T00:49:50Z,68.0,Charge 6
2024-12-23T00:49:53Z,68.0,Charge 6
2024-12-23T00:49:56Z,68.0,Charge 6
2024-12-23T00:49:59Z,68.0,Charge 6
2024-12-23T00:50:02Z,68.0,Charge 6
2024-12-23T00:50:05Z,68.0,Charge 6
2024-12-23T00:50:08Z,68.0,Charge 6
2024-12-23T00:50:11Z,68.0,Charge 6
2024-12-23T00:50:14Z,68.0,Charge 6
2024-12-23T00:50:15Z,69.0,Charge 6
2024-12-23T00:50:18Z,69.0,Charge 6
2024-12-23T00:50:20Z,68.0,Charge 6
2024-12-23T00:50:23Z,68.0,Charge 6
2024-12-23T00:50:24Z,67.0,Charge 6
2024-12-23T00:50:27Z,67.0,Charge 6
2024-12-23T00:50:30Z,68.0,Charge 6
2024-12-23T00:50:32Z,68.0,Charge 6
2024-12-23T00:50:35Z,68.0,Charge 6
2024-12-23T00:50:38Z,68.0,Charge 6
2024-12-23T00:50:41Z,68.0,Charge 6
2024-12-23T00:50:44Z,68.0,Charge 6
2024-12-23T00:50:47Z,68.0,Charge 6
2024-12-23T00:50:50Z,68.0,Charge 6
2024-12-23T00:50:53Z,68.0,Charge 6
2024-12-23T00:50:56Z,68.0,Charge 6
2024-12-23T00:50:59Z,68.0,Charge 6
2024-12-23T00:51:01Z,69.0,Charge 6
2024-12-23T00:51:04Z,69.0,Charge 6
2024-12-23T00:51:06Z,70.0,Charge 6
2024-12-23T00:51:09Z,70.0,Charge 6
2024-12-23T00:51:10Z,69.0,Charge 6
2024-12-23T00:51:13Z,69.0,Charge 6
2024-12-23T00:51:14Z,68.0,Charge 6
2024-12-23T00:51:17Z,68.0,Charge 6
2024-12-23T00:51:20Z,68.0,Charge 6
2024-12-23T00:51:23Z,68.0,Charge 6
2024-12-23T00:51:26Z,68.0,Charge 6
2024-12-23T00:51:29Z,68.0,Charge 6
2024-12-23T00:51:32Z,68.0,Charge 6
2024-12-23T00:51:35Z,69.0,Charge 6
2024-12-23T00:51:37Z,70.0,Charge 6
2024-12-23T00:51:40Z,70.0,Charge 6
2024-12-23T00:51:41Z,69.0,Charge 6
2024-12-23T00:51:43Z,68.0,Charge 6
2024-12-23T00:51:46Z,68.0,Charge 6
2024-12-23T00:51:49Z,68.0,Charge 6
2024-12-23T00:51:52Z,68.0,Charge 6
2024-12-23T00:51:55Z,68.0,Charge 6
2024-12-23T00:51:58Z,68.0,Charge 6
2024-12-23T00:52:01Z,68.0,Charge 6
2024-12-23T00:52:04Z,68.0,Charge 6
2024-12-23T00:52:07Z,68.0,Charge 6
2024-12-23T00:52:10Z,68.0,Charge 6
2024-12-23T00:52:13Z,68.0,Charge 6
2024-12-23T00:52:14Z,66.0,Charge 6
2024-12-23T00:52:17Z,66.0,Charge 6
2024-12-23T00:52:20Z,66.0,Charge 6
2024-12-23T00:52:23Z,67.0,Charge 6
2024-12-23T00:52:26Z,67.0,Charge 6
2024-12-23T00:52:29Z,67.0,Charge 6
2024-12-23T00:52:32Z,67.0,Charge 6
2024-12-23T00:52:35Z,68.0,Charge 6
2024-12-23T00:52:38Z,68.0,Charge 6
2024-12-23T00:52:41Z,68.0,Charge 6
2024-12-23T00:52:44Z,68.0,Charge 6
2024-12-23T00:52:47Z,68.0,Charge 6
2024-12-23T00:52:50Z,68.0,Charge 6
2024-12-23T00:52:53Z,68.0,Charge 6
2024-12-23T00:52:54Z,67.0,Charge 6
2024-12-23T00:52:56Z,66.0,Charge 6
2024-12-23T00:52:58Z,66.0,Charge 6
2024-12-23T00:53:01Z,66.0,Charge 6
2024-12-23T00:53:04Z,66.0,Charge 6
2024-12-23T00:53:07Z,66.0,Charge 6
2024-12-23T00:53:09Z,67.0,Charge 6
2024-12-23T00:53:12Z,67.0,Charge 6
2024-12-23T00:53:15Z,67.0,Charge 6
2024-12-23T00:53:18Z,67.0,Charge 6
2024-12-23T00:53:19Z,66.0,Charge 6
2024-12-23T00:53:21Z,67.0,Charge 6
2024-12-23T00:53:24Z,67.0,Charge 6
2024-12-23T00:53:25Z,68.0,Charge 6
2024-12-23T00:53:28Z,68.0,Charge 6
2024-12-23T00:53:29Z,67.0,Charge 6
2024-12-23T00:53:30Z,66.0,Charge 6
2024-12-23T00:53:33Z,66.0,Charge 6
2024-12-23T00:53:36Z,67.0,Charge 6
2024-12-23T00:53:38Z,68.0,Charge 6
2024-12-23T00:53:41Z,68.0,Charge 6
2024-12-23T00:53:42Z,69.0,Charge 6
2024-12-23T00:53:45Z,69.0,Charge 6
2024-12-23T00:53:48Z,69.0,Charge 6
2024-12-23T00:53:50Z,68.0,Charge 6
2024-12-23T00:53:53Z,68.0,Charge 6
2024-12-23T00:53:56Z,68.0,Charge 6
2024-12-23T00:53:59Z,68.0,Charge 6
2024-12-23T00:54:02Z,68.0,Charge 6
2024-12-23T00:54:03Z,68.0,Charge 6
2024-12-23T00:54:06Z,68.0,Charge 6
2024-12-23T00:54:09Z,69.0,Charge 6
2024-12-23T00:54:12Z,69.0,Charge 6
2024-12-23T00:54:15Z,70.0,Charge 6
2024-12-23T00:54:18Z,71.0,Charge 6
2024-12-23T00:54:20Z,72.0,Charge 6
2024-12-23T00:54:22Z,74.0,Charge 6
2024-12-23T00:54:24Z,76.0,Charge 6
2024-12-23T00:54:26Z,77.0,Charge 6
2024-12-23T00:54:28Z,78.0,Charge 6
2024-12-23T00:54:30Z,80.0,Charge 6
2024-12-23T00:54:32Z,82.0,Charge 6
2024-12-23T00:54:34Z,83.0,Charge 6
2024-12-23T00:54:36Z,84.0,Charge 6
2024-12-23T00:54:38Z,86.0,Charge 6
2024-12-23T00:54:41Z,86.0,Charge 6
2024-12-23T00:54:42Z,84.0,Charge 6
2024-12-23T00:54:43Z,82.0,Charge 6
2024-12-23T00:54:45Z,80.0,Charge 6
2024-12-23T00:54:47Z,79.0,Charge 6
2024-12-23T00:54:49Z,80.0,Charge 6
2024-12-23T00:54:52Z,80.0,Charge 6
2024-12-23T00:54:55Z,80.0,Charge 6
2024-12-23T00:54:57Z,78.0,Charge 6
2024-12-23T00:55:00Z,78.0,Charge 6
2024-12-23T00:55:03Z,78.0,Charge 6
2024-12-23T00:55:05Z,79.0,Charge 6
2024-12-23T00:55:08Z,79.0,Charge 6
2024-12-23T00:55:10Z,78.0,Charge 6
2024-12-23T00:55:12Z,76.0,Charge 6
2024-12-23T00:55:14Z,73.0,Charge 6
2024-12-23T00:55:16Z,70.0,Charge 6
2024-12-23T00:55:18Z,69.0,Charge 6
2024-12-23T00:55:20Z,67.0,Charge 6
2024-12-23T00:55:22Z,66.0,Charge 6
2024-12-23T00:55:24Z,65.0,Charge 6
2024-12-23T00:55:26Z,64.0,Charge 6
2024-12-23T00:55:28Z,63.0,Charge 6
2024-12-23T00:55:31Z,63.0,Charge 6
2024-12-23T00:55:34Z,63.0,Charge 6
2024-12-23T00:55:37Z,63.0,Charge 6
2024-12-23T00:55:39Z,64.0,Charge 6
2024-12-23T00:55:42Z,64.0,Charge 6
2024-12-23T00:55:45Z,65.0,Charge 6
2024-12-23T00:55:48Z,65.0,Charge 6
2024-12-23T00:55:51Z,65.0,Charge 6
2024-12-23T00:55:54Z,66.0,Charge 6
2024-12-23T00:55:56Z,67.0,Charge 6
2024-12-23T00:55:58Z,68.0,Charge 6
2024-12-23T00:56:00Z,70.0,Charge 6
2024-12-23T00:56:02Z,71.0,Charge 6
2024-12-23T00:56:05Z,71.0,Charge 6
2024-12-23T00:56:06Z,70.0,Charge 6
2024-12-23T00:56:08Z,68.0,Charge 6
2024-12-23T00:56:11Z,68.0,Charge 6
2024-12-23T00:56:14Z,68.0,Charge 6
2024-12-23T00:56:17Z,68.0,Charge 6
2024-12-23T00:56:20Z,68.0,Charge 6
2024-12-23T00:56:21Z,66.0,Charge 6
2024-12-23T00:56:24Z,66.0,Charge 6
2024-12-23T00:56:27Z,66.0,Charge 6
2024-12-23T00:56:30Z,66.0,Charge 6
2024-12-23T00:56:33Z,65.0,Charge 6
2024-12-23T00:56:35Z,64.0,Charge 6
2024-12-23T00:56:38Z,64.0,Charge 6
2024-12-23T00:56:41Z,64.0,Charge 6
2024-12-23T00:56:44Z,64.0,Charge 6
2024-12-23T00:56:46Z,65.0,Charge 6
2024-12-23T00:56:48Z,66.0,Charge 6
2024-12-23T00:56:51Z,66.0,Charge 6
2024-12-23T00:56:54Z,66.0,Charge 6
2024-12-23T00:56:57Z,66.0,Charge 6
2024-12-23T00:57:00Z,66.0,Charge 6
2024-12-23T00:57:03Z,66.0,Charge 6
2024-12-23T00:57:06Z,66.0,Charge 6
2024-12-23T00:57:09Z,66.0,Charge 6
2024-12-23T00:57:12Z,66.0,Charge 6
2024-12-23T00:57:15Z,66.0,Charge 6
2024-12-23T00:57:18Z,66.0,Charge 6
2024-12-23T00:57:19Z,68.0,Charge 6
2024-12-23T00:57:21Z,68.0,Charge 6
2024-12-23T00:57:24Z,68.0,Charge 6
2024-12-23T00:57:27Z,67.0,Charge 6
2024-12-23T00:57:29Z,66.0,Charge 6
2024-12-23T00:57:32Z,67.0,Charge 6
2024-12-23T00:57:34Z,68.0,Charge 6
2024-12-23T00:57:37Z,68.0,Charge 6
2024-12-23T00:57:40Z,68.0,Charge 6
2024-12-23T00:57:43Z,68.0,Charge 6
2024-12-23T00:57:46Z,68.0,Charge 6
2024-12-23T00:57:49Z,68.0,Charge 6
2024-12-23T00:57:52Z,68.0,Charge 6
2024-12-23T00:57:55Z,68.0,Charge 6
2024-12-23T00:57:57Z,69.0,Charge 6
2024-12-23T00:57:59Z,70.0,Charge 6
2024-12-23T00:58:02Z,70.0,Charge 6
2024-12-23T00:58:03Z,72.0,Charge 6
2024-12-23T00:58:05Z,72.0,Charge 6
2024-12-23T00:58:08Z,72.0,Charge 6
2024-12-23T00:58:09Z,73.0,Charge 6
2024-12-23T00:58:11Z,74.0,Charge 6
2024-12-23T00:58:14Z,74.0,Charge 6
2024-12-23T00:58:17Z,74.0,Charge 6
2024-12-23T00:58:18Z,75.0,Charge 6
2024-12-23T00:58:20Z,76.0,Charge 6
2024-12-23T00:58:22Z,77.0,Charge 6
2024-12-23T00:58:24Z,78.0,Charge 6
2024-12-23T00:58:26Z,80.0,Charge 6
2024-12-23T00:58:28Z,81.0,Charge 6
2024-12-23T00:58:30Z,80.0,Charge 6
2024-12-23T00:58:32Z,77.0,Charge 6
2024-12-23T00:58:34Z,74.0,Charge 6
2024-12-23T00:58:36Z,70.0,Charge 6
2024-12-23T00:58:38Z,68.0,Charge 6
2024-12-23T00:58:40Z,67.0,Charge 6
2024-12-23T00:58:42Z,66.0,Charge 6
2024-12-23T00:58:43Z,64.0,Charge 6
2024-12-23T00:58:46Z,64.0,Charge 6
2024-12-23T00:58:49Z,63.0,Charge 6
2024-12-23T00:58:52Z,63.0,Charge 6
2024-12-23T00:58:53Z,62.0,Charge 6
2024-12-23T00:58:56Z,62.0,Charge 6
2024-12-23T00:58:59Z,62.0,Charge 6
2024-12-23T00:59:02Z,62.0,Charge 6
2024-12-23T00:59:05Z,62.0,Charge 6
2024-12-23T00:59:08Z,63.0,Charge 6
2024-12-23T00:59:10Z,64.0,Charge 6
2024-12-23T00:59:13Z,64.0,Charge 6
2024-12-23T00:59:16Z,64.0,Charge 6
2024-12-23T00:59:19Z,64.0,Charge 6
2024-12-23T00:59:22Z,66.0,Charge 6
2024-12-23T00:59:25Z,66.0,Charge 6
2024-12-23T00:59:28Z,66.0,Charge 6
2024-12-23T00:59:31Z,67.0,Charge 6
2024-12-23T00:59:33Z,67.0,Charge 6
2024-12-23T00:59:35Z,66.0,Charge 6
2024-12-23T00:59:38Z,66.0,Charge 6
2024-12-23T00:59:41Z,65.0,Charge 6
2024-12-23T00:59:44Z,65.0,Charge 6
2024-12-23T00:59:46Z,66.0,Charge 6
2024-12-23T00:59:48Z,65.0,Charge 6
2024-12-23T00:59:51Z,65.0,Charge 6
2024-12-23T00:59:54Z,65.0,Charge 6
2024-12-23T00:59:56Z,66.0,Charge 6
2024-12-23T00:59:59Z,65.0,Charge 6
2024-12-23T01:00:01Z,66.0,Charge 6
2024-12-23T01:00:03Z,65.0,Charge 6
2024-12-23T01:00:06Z,65.0,Charge 6
2024-12-23T01:00:09Z,65.0,Charge 6
2024-12-23T01:00:11Z,66.0,Charge 6
2024-12-23T01:00:14Z,66.0,Charge 6
2024-12-23T01:00:17Z,67.0,Charge 6
2024-12-23T01:00:19Z,68.0,Charge 6
2024-12-23T01:00:21Z,69.0,Charge 6
2024-12-23T01:00:22Z,70.0,Charge 6
2024-12-23T01:00:25Z,70.0,Charge 6
2024-12-23T01:00:26Z,71.0,Charge 6
2024-12-23T01:00:28Z,70.0,Charge 6
2024-12-23T01:00:30Z,69.0,Charge 6
2024-12-23T01:00:32Z,68.0,Charge 6
2024-12-23T01:00:35Z,68.0,Charge 6
2024-12-23T01:00:36Z,68.0,Charge 6
2024-12-23T01:00:38Z,67.0,Charge 6
2024-12-23T01:00:40Z,66.0,Charge 6
2024-12-23T01:00:43Z,66.0,Charge 6
2024-12-23T01:00:44Z,64.0,Charge 6
2024-12-23T01:00:47Z,64.0,Charge 6
2024-12-23T01:00:49Z,65.0,Charge 6
2024-12-23T01:00:52Z,65.0,Charge 6
2024-12-23T01:00:55Z,66.0,Charge 6
2024-12-23T01:00:58Z,66.0,Charge 6
2024-12-23T01:01:01Z,66.0,Charge 6
2024-12-23T01:01:03Z,67.0,Charge 6
2024-12-23T01:01:05Z,68.0,Charge 6
2024-12-23T01:01:08Z,68.0,Charge 6
2024-12-23T01:01:09Z,67.0,Charge 6
2024-12-23T01:01:10Z,66.0,Charge 6
2024-12-23T01:01:13Z,66.0,Charge 6
2024-12-23T01:01:16Z,66.0,Charge 6
2024-12-23T01:01:19Z,66.0,Charge 6
2024-12-23T01:01:22Z,66.0,Charge 6
2024-12-23T01:01:25Z,66.0,Charge 6
2024-12-23T01:01:28Z,66.0,Charge 6
2024-12-23T01:01:31Z,66.0,Charge 6
2024-12-23T01:01:34Z,66.0,Charge 6
2024-12-23T01:01:35Z,67.0,Charge 6
2024-12-23T01:01:38Z,67.0,Charge 6
2024-12-23T01:01:41Z,67.0,Charge 6
2024-12-23T01:01:43Z,66.0,Charge 6
2024-12-23T01:01:46Z,66.0,Charge 6
2024-12-23T01:01:49Z,66.0,Charge 6
2024-12-23T01:01:52Z,66.0,Charge 6
2024-12-23T01:01:53Z,67.0,Charge 6
2024-12-23T01:01:55Z,66.0,Charge 6
2024-12-23T01:01:58Z,66.0,Charge 6
2024-12-23T01:02:01Z,66.0,Charge 6
2024-12-23T01:02:04Z,66.0,Charge 6
2024-12-23T01:02:07Z,66.0,Charge 6
2024-12-23T01:02:08Z,67.0,Charge 6
2024-12-23T01:02:10Z,68.0,Charge 6
2024-12-23T01:02:13Z,68.0,Charge 6
2024-12-23T01:02:16Z,68.0,Charge 6
2024-12-23T01:02:18Z,67.0,Charge 6
2024-12-23T01:02:20Z,66.0,Charge 6
2024-12-23T01:02:23Z,66.0,Charge 6
2024-12-23T01:02:26Z,66.0,Charge 6
2024-12-23T01:02:29Z,66.0,Charge 6
2024-12-23T01:02:32Z,66.0,Charge 6
2024-12-23T01:02:35Z,66.0,Charge 6
2024-12-23T01:02:38Z,66.0,Charge 6
2024-12-23T01:02:41Z,66.0,Charge 6
2024-12-23T01:02:44Z,66.0,Charge 6
2024-12-23T01:02:47Z,66.0,Charge 6
2024-12-23T01:02:50Z,67.0,Charge 6
2024-12-23T01:02:53Z,67.0,Charge 6
2024-12-23T01:02:54Z,68.0,Charge 6
2024-12-23T01:02:57Z,68.0,Charge 6
2024-12-23T01:03:00Z,68.0,Charge 6
2024-12-23T01:03:03Z,68.0,Charge 6
2024-12-23T01:03:06Z,67.0,Charge 6
2024-12-23T01:03:08Z,66.0,Charge 6
2024-12-23T01:03:11Z,66.0,Charge 6
2024-12-23T01:03:14Z,66.0,Charge 6
2024-12-23T01:03:17Z,66.0,Charge 6
2024-12-23T01:03:20Z,66.0,Charge 6
2024-12-23T01:03:23Z,66.0,Charge 6
2024-12-23T01:03:26Z,66.0,Charge 6
2024-12-23T01:03:29Z,66.0,Charge 6
2024-12-23T01:03:32Z,66.0,Charge 6
2024-12-23T01:03:35Z,66.0,Charge 6
2024-12-23T01:03:36Z,65.0,Charge 6
2024-12-23T01:03:38Z,64.0,Charge 6
2024-12-23T01:03:41Z,64.0,Charge 6
2024-12-23T01:03:44Z,64.0,Charge 6
2024-12-23T01:03:47Z,64.0,Charge 6
2024-12-23T01:03:50Z,64.0,Charge 6
2024-12-23T01:03:53Z,64.0,Charge 6
2024-12-23T01:03:56Z,64.0,Charge 6
2024-12-23T01:03:59Z,65.0,Charge 6
2024-12-23T01:04:02Z,65.0,Charge 6
2024-12-23T01:04:03Z,66.0,Charge 6
2024-12-23T01:04:06Z,66.0,Charge 6
2024-12-23T01:04:07Z,66.0,Charge 6
2024-12-23T01:04:10Z,66.0,Charge 6
2024-12-23T01:04:13Z,66.0,Charge 6
2024-12-23T01:04:16Z,66.0,Charge 6
2024-12-23T01:04:17Z,68.0,Charge 6
2024-12-23T01:04:20Z,68.0,Charge 6
2024-12-23T01:04:23Z,68.0,Charge 6
2024-12-23T01:04:26Z,68.0,Charge 6
2024-12-23T01:04:29Z,68.0,Charge 6
2024-12-23T01:04:32Z,67.0,Charge 6
2024-12-23T01:04:34Z,66.0,Charge 6
2024-12-23T01:04:37Z,66.0,Charge 6
2024-12-23T01:04:40Z,66.0,Charge 6
2024-12-23T01:04:43Z,66.0,Charge 6
2024-12-23T01:04:46Z,66.0,Charge 6
2024-12-23T01:04:49Z,65.0,Charge 6
2024-12-23T01:04:51Z,66.0,Charge 6
2024-12-23T01:04:54Z,66.0,Charge 6
2024-12-23T01:04:57Z,67.0,Charge 6
2024-12-23T01:05:00Z,67.0,Charge 6
2024-12-23T01:05:03Z,66.0,Charge 6
2024-12-23T01:05:06Z,66.0,Charge 6
2024-12-23T01:05:09Z,67.0,Charge 6
2024-12-23T01:05:10Z,68.0,Charge 6
2024-12-23T01:05:13Z,68.0,Charge 6
2024-12-23T01:05:16Z,68.0,Charge 6
2024-12-23T01:05:18Z,66.0,Charge 6
2024-12-23T01:05:20Z,66.0,Charge 6
2024-12-23T01:05:22Z,65.0,Charge 6
2024-12-23T01:05:25Z,65.0,Charge 6
2024-12-23T01:05:26Z,64.0,Charge 6
2024-12-23T01:05:29Z,64.0,Charge 6
2024-12-23T01:05:30Z,65.0,Charge 6
2024-12-23T01:05:33Z,65.0,Charge 6
2024-12-23T01:05:35Z,66.0,Charge 6
2024-12-23T01:05:38Z,66.0,Charge 6
2024-12-23T01:05:41Z,66.0,Charge 6
2024-12-23T01:05:44Z,66.0,Charge 6
2024-12-23T01:05:47Z,66.0,Charge 6
2024-12-23T01:05:50Z,66.0,Charge 6
2024-12-23T01:05:53Z,66.0,Charge 6
2024-12-23T01:05:56Z,66.0,Charge 6
2024-12-23T01:05:58Z,65.0,Charge 6
2024-12-23T01:06:00Z,64.0,Charge 6
2024-12-23T01:06:03Z,64.0,Charge 6
2024-12-23T01:06:06Z,64.0,Charge 6
2024-12-23T01:06:08Z,65.0,Charge 6
2024-12-23T01:06:11Z,65.0,Charge 6
2024-12-23T01:06:12Z,66.0,Charge 6
2024-12-23T01:06:15Z,66.0,Charge 6
2024-12-23T01:06:18Z,66.0,Charge 6
2024-12-23T01:06:21Z,66.0,Charge 6
2024-12-23T01:06:24Z,66.0,Charge 6
2024-12-23T01:06:27Z,66.0,Charge 6
2024-12-23T01:06:29Z,66.0,Charge 6
2024-12-23T01:06:32Z,66.0,Charge 6
2024-12-23T01:06:35Z,66.0,Charge 6
2024-12-23T01:06:37Z,67.0,Charge 6
2024-12-23T01:06:39Z,68.0,Charge 6
2024-12-23T01:06:42Z,68.0,Charge 6
2024-12-23T01:06:45Z,68.0,Charge 6
2024-12-23T01:06:48Z,68.0,Charge 6
2024-12-23T01:06:51Z,68.0,Charge 6
2024-12-23T01:06:52Z,67.0,Charge 6
2024-12-23T01:06:55Z,67.0,Charge 6
2024-12-23T01:06:56Z,66.0,Charge 6
2024-12-23T01:06:59Z,66.0,Charge 6
2024-12-23T01:07:02Z,66.0,Charge 6
2024-12-23T01:07:05Z,66.0,Charge 6
2024-12-23T01:07:08Z,66.0,Charge 6
2024-12-23T01:07:11Z,66.0,Charge 6
2024-12-23T01:07:14Z,66.0,Charge 6
2024-12-23T01:07:17Z,66.0,Charge 6
2024-12-23T01:07:20Z,66.0,Charge 6
2024-12-23T01:07:23Z,65.0,Charge 6
2024-12-23T01:07:26Z,65.0,Charge 6
2024-12-23T01:07:27Z,66.0,Charge 6
2024-12-23T01:07:30Z,66.0,Charge 6
2024-12-23T01:07:33Z,67.0,Charge 6
2024-12-23T01:07:34Z,68.0,Charge 6
2024-12-23T01:07:37Z,68.0,Charge 6
2024-12-23T01:07:38Z,68.0,Charge 6
2024-12-23T01:07:41Z,68.0,Charge 6
2024-12-23T01:07:44Z,68.0,Charge 6
2024-12-23T01:07:46Z,67.0,Charge 6
2024-12-23T01:07:48Z,66.0,Charge 6
2024-12-23T01:07:51Z,66.0,Charge 6
2024-12-23T01:07:54Z,66.0,Charge 6
2024-12-23T01:07:57Z,66.0,Charge 6
2024-12-23T01:07:58Z,65.0,Charge 6
2024-12-23T01:07:59Z,64.0,Charge 6
2024-12-23T01:08:02Z,64.0,Charge 6
2024-12-23T01:08:03Z,63.0,Charge 6
2024-12-23T01:08:06Z,63.0,Charge 6
2024-12-23T01:08:09Z,63.0,Charge 6
2024-12-23T01:08:12Z,63.0,Charge 6
2024-12-23T01:08:13Z,64.0,Charge 6
2024-12-23T01:08:16Z,64.0,Charge 6
2024-12-23T01:08:19Z,64.0,Charge 6
2024-12-23T01:08:22Z,64.0,Charge 6
2024-12-23T01:08:25Z,64.0,Charge 6
2024-12-23T01:08:26Z,66.0,Charge 6
2024-12-23T01:08:29Z,66.0,Charge 6
2024-12-23T01:08:32Z,65.0,Charge 6
2024-12-23T01:08:34Z,64.0,Charge 6
2024-12-23T01:08:36Z,63.0,Charge 6
2024-12-23T01:08:38Z,62.0,Charge 6
2024-12-23T01:08:41Z,62.0,Charge 6
2024-12-23T01:08:42Z,62.0,Charge 6
2024-12-23T01:08:44Z,63.0,Charge 6
2024-12-23T01:08:46Z,64.0,Charge 6
2024-12-23T01:08:49Z,64.0,Charge 6
2024-12-23T01:08:52Z,64.0,Charge 6
2024-12-23T01:08:55Z,64.0,Charge 6
2024-12-23T01:08:58Z,64.0,Charge 6
2024-12-23T01:08:59Z,65.0,Charge 6
2024-12-23T01:09:01Z,64.0,Charge 6
2024-12-23T01:09:04Z,64.0,Charge 6
2024-12-23T01:09:05Z,65.0,Charge 6
2024-12-23T01:09:08Z,65.0,Charge 6
2024-12-23T01:09:09Z,66.0,Charge 6
2024-12-23T01:09:10Z,67.0,Charge 6
2024-12-23T01:09:12Z,68.0,Charge 6
2024-12-23T01:09:15Z,68.0,Charge 6
2024-12-23T01:09:16Z,67.0,Charge 6
2024-12-23T01:09:18Z,66.0,Charge 6
2024-12-23T01:09:21Z,66.0,Charge 6
2024-12-23T01:09:24Z,66.0,Charge 6
2024-12-23T01:09:27Z,66.0,Charge 6
2024-12-23T01:09:30Z,66.0,Charge 6
2024-12-23T01:09:33Z,66.0,Charge 6
2024-12-23T01:09:36Z,66.0,Charge 6
2024-12-23T01:09:39Z,67.0,Charge 6
2024-12-23T01:09:41Z,68.0,Charge 6
2024-12-23T01:09:44Z,68.0,Charge 6
2024-12-23T01:09:45Z,68.0,Charge 6
2024-12-23T01:09:47Z,68.0,Charge 6
2024-12-23T01:09:50Z,68.0,Charge 6
2024-12-23T01:09:51Z,68.0,Charge 6
2024-12-23T01:09:54Z,68.0,Charge 6
2024-12-23T01:09:57Z,68.0,Charge 6
2024-12-23T01:09:58Z,66.0,Charge 6
2024-12-23T01:10:01Z,66.0,Charge 6
2024-12-23T01:10:04Z,65.0,Charge 6
2024-12-23T01:10:06Z,64.0,Charge 6
2024-12-23T01:10:09Z,64.0,Charge 6
2024-12-23T01:10:12Z,64.0,Charge 6
2024-12-23T01:10:15Z,64.0,Charge 6
2024-12-23T01:10:18Z,64.0,Charge 6
2024-12-23T01:10:21Z,64.0,Charge 6
2024-12-23T01:10:24Z,64.0,Charge 6
2024-12-23T01:10:27Z,64.0,Charge 6
2024-12-23T01:10:30Z,64.0,Charge 6
2024-12-23T01:10:31Z,65.0,Charge 6
2024-12-23T01:10:33Z,67.0,Charge 6
2024-12-23T01:10:35Z,68.0,Charge 6
2024-12-23T01:10:37Z,70.0,Charge 6
2024-12-23T01:10:40Z,70.0,Charge 6
2024-12-23T01:10:43Z,68.0,Charge 6
2024-12-23T01:10:45Z,67.0,Charge 6
2024-12-23T01:10:46Z,66.0,Charge 6
2024-12-23T01:10:49Z,66.0,Charge 6
2024-12-23T01:10:50Z,66.0,Charge 6
2024-12-23T01:10:53Z,66.0,Charge 6
2024-12-23T01:10:56Z,66.0,Charge 6
2024-12-23T01:10:59Z,66.0,Charge 6
2024-12-23T01:11:02Z,66.0,Charge 6
2024-12-23T01:11:05Z,66.0,Charge 6
2024-12-23T01:11:08Z,66.0,Charge 6
2024-12-23T01:11:11Z,66.0,Charge 6
2024-12-23T01:11:14Z,66.0,Charge 6
2024-12-23T01:11:17Z,66.0,Charge 6
2024-12-23T01:11:20Z,66.0,Charge 6
2024-12-23T01:11:23Z,66.0,Charge 6
2024-12-23T01:11:26Z,66.0,Charge 6
2024-12-23T01:11:29Z,65.0,Charge 6
2024-12-23T01:11:31Z,66.0,Charge 6
2024-12-23T01:11:34Z,66.0,Charge 6
2024-12-23T01:11:37Z,66.0,Charge 6
2024-12-23T01:11:40Z,66.0,Charge 6
2024-12-23T01:11:43Z,66.0,Charge 6
2024-12-23T01:11:46Z,66.0,Charge 6
2024-12-23T01:11:49Z,66.0,Charge 6
2024-12-23T01:11:52Z,66.0,Charge 6
2024-12-23T01:11:55Z,66.0,Charge 6
2024-12-23T01:11:58Z,66.0,Charge 6
2024-12-23T01:12:01Z,66.0,Charge 6
2024-12-23T01:12:04Z,66.0,Charge 6
2024-12-23T01:12:07Z,66.0,Charge 6
2024-12-23T01:12:09Z,66.0,Charge 6
2024-12-23T01:12:12Z,66.0,Charge 6
2024-12-23T01:12:15Z,66.0,Charge 6
2024-12-23T01:12:18Z,66.0,Charge 6
2024-12-23T01:12:21Z,66.0,Charge 6
2024-12-23T01:12:22Z,64.0,Charge 6
2024-12-23T01:12:25Z,64.0,Charge 6
2024-12-23T01:12:26Z,65.0,Charge 6
2024-12-23T01:12:29Z,65.0,Charge 6
2024-12-23T01:12:32Z,66.0,Charge 6
2024-12-23T01:12:34Z,65.0,Charge 6
2024-12-23T01:12:36Z,64.0,Charge 6
2024-12-23T01:12:39Z,64.0,Charge 6
2024-12-23T01:12:40Z,65.0,Charge 6
2024-12-23T01:12:42Z,66.0,Charge 6
2024-12-23T01:12:45Z,66.0,Charge 6
2024-12-23T01:12:48Z,66.0,Charge 6
2024-12-23T01:12:51Z,66.0,Charge 6
2024-12-23T01:12:54Z,66.0,Charge 6
2024-12-23T01:12:55Z,65.0,Charge 6
2024-12-23T01:12:57Z,66.0,Charge 6
2024-12-23T01:13:00Z,66.0,Charge 6
2024-12-23T01:13:03Z,66.0,Charge 6
2024-12-23T01:13:06Z,66.0,Charge 6
2024-12-23T01:13:09Z,66.0,Charge 6
2024-12-23T01:13:10Z,65.0,Charge 6
2024-12-23T01:13:12Z,64.0,Charge 6
2024-12-23T01:13:14Z,64.0,Charge 6
2024-12-23T01:13:16Z,63.0,Charge 6
2024-12-23T01:13:18Z,64.0,Charge 6
2024-12-23T01:13:21Z,64.0,Charge 6
2024-12-23T01:13:24Z,64.0,Charge 6
2024-12-23T01:13:27Z,64.0,Charge 6
2024-12-23T01:13:30Z,64.0,Charge 6
2024-12-23T01:13:33Z,64.0,Charge 6
2024-12-23T01:13:36Z,64.0,Charge 6
2024-12-23T01:13:39Z,64.0,Charge 6
2024-12-23T01:13:42Z,64.0,Charge 6
2024-12-23T01:13:45Z,65.0,Charge 6
2024-12-23T01:13:48Z,65.0,Charge 6
2024-12-23T01:13:51Z,66.0,Charge 6
2024-12-23T01:13:54Z,66.0,Charge 6
2024-12-23T01:13:57Z,67.0,Charge 6
2024-12-23T01:13:58Z,68.0,Charge 6
2024-12-23T01:14:01Z,68.0,Charge 6
2024-12-23T01:14:04Z,67.0,Charge 6
2024-12-23T01:14:06Z,66.0,Charge 6
2024-12-23T01:14:08Z,65.0,Charge 6
2024-12-23T01:14:11Z,65.0,Charge 6
2024-12-23T01:14:12Z,66.0,Charge 6
2024-12-23T01:14:15Z,66.0,Charge 6
2024-12-23T01:14:16Z,67.0,Charge 6
2024-12-23T01:14:18Z,68.0,Charge 6
2024-12-23T01:14:21Z,68.0,Charge 6
2024-12-23T01:14:22Z,66.0,Charge 6
2024-12-23T01:14:25Z,66.0,Charge 6
2024-12-23T01:14:28Z,66.0,Charge 6
2024-12-23T01:14:31Z,66.0,Charge 6
2024-12-23T01:14:34Z,66.0,Charge 6
2024-12-23T01:14:37Z,66.0,Charge 6
2024-12-23T01:14:39Z,67.0,Charge 6
2024-12-23T01:14:41Z,66.0,Charge 6
2024-12-23T01:14:43Z,67.0,Charge 6
2024-12-23T01:14:46Z,67.0,Charge 6
2024-12-23T01:14:48Z,68.0,Charge 6
2024-12-23T01:14:51Z,68.0,Charge 6
2024-12-23T01:14:54Z,68.0,Charge 6
2024-12-23T01:14:57Z,68.0,Charge 6
2024-12-23T01:15:00Z,68.0,Charge 6
2024-12-23T01:15:02Z,67.0,Charge 6
2024-12-23T01:15:04Z,66.0,Charge 6
2024-12-23T01:15:07Z,66.0,Charge 6
2024-12-23T01:15:10Z,66.0,Charge 6
2024-12-23T01:15:11Z,68.0,Charge 6
2024-12-23T01:15:14Z,68.0,Charge 6
2024-12-23T01:15:15Z,69.0,Charge 6
2024-12-23T01:15:17Z,68.0,Charge 6
2024-12-23T01:15:20Z,68.0,Charge 6
2024-12-23T01:15:21Z,66.0,Charge 6
2024-12-23T01:15:24Z,66.0,Charge 6
2024-12-23T01:15:25Z,65.0,Charge 6
2024-12-23T01:15:27Z,65.0,Charge 6
2024-12-23T01:15:29Z,64.0,Charge 6
2024-12-23T01:15:31Z,65.0,Charge 6
2024-12-23T01:15:33Z,66.0,Charge 6
2024-12-23T01:15:34Z,68.0,Charge 6
2024-12-23T01:15:36Z,70.0,Charge 6
2024-12-23T01:15:38Z,72.0,Charge 6
2024-12-23T01:15:40Z,72.0,Charge 6
2024-12-23T01:15:43Z,72.0,Charge 6
2024-12-23T01:15:44Z,71.0,Charge 6
2024-12-23T01:15:46Z,70.0,Charge 6
2024-12-23T01:15:48Z,69.0,Charge 6
2024-12-23T01:15:50Z,68.0,Charge 6
2024-12-23T01:15:53Z,68.0,Charge 6
2024-12-23T01:15:56Z,69.0,Charge 6
2024-12-23T01:15:59Z,68.0,Charge 6
2024-12-23T01:16:02Z,68.0,Charge 6
2024-12-23T01:16:05Z,68.0,Charge 6
2024-12-23T01:16:08Z,68.0,Charge 6
2024-12-23T01:16:11Z,69.0,Charge 6
2024-12-23T01:16:14Z,69.0,Charge 6
2024-12-23T01:16:15Z,70.0,Charge 6
2024-12-23T01:16:18Z,70.0,Charge 6
2024-12-23T01:16:21Z,70.0,Charge 6
2024-12-23T01:16:24Z,70.0,Charge 6
2024-12-23T01:16:27Z,70.0,Charge 6
2024-12-23T01:16:30Z,69.0,Charge 6
2024-12-23T01:16:32Z,68.0,Charge 6
2024-12-23T01:16:35Z,68.0,Charge 6
2024-12-23T01:16:38Z,67.0,Charge 6
2024-12-23T01:16:40Z,68.0,Charge 6
2024-12-23T01:16:43Z,68.0,Charge 6
2024-12-23T01:16:44Z,66.0,Charge 6
2024-12-23T01:16:47Z,66.0,Charge 6
2024-12-23T01:16:50Z,66.0,Charge 6
2024-12-23T01:16:53Z,66.0,Charge 6
2024-12-23T01:16:56Z,66.0,Charge 6
2024-12-23T01:16:57Z,65.0,Charge 6
2024-12-23T01:16:59Z,64.0,Charge 6
2024-12-23T01:17:02Z,64.0,Charge 6
2024-12-23T01:17:05Z,64.0,Charge 6
2024-12-23T01:17:07Z,65.0,Charge 6
2024-12-23T01:17:09Z,66.0,Charge 6
2024-12-23T01:17:12Z,68.0,Charge 6
2024-12-23T01:17:15Z,68.0,Charge 6
2024-12-23T01:17:18Z,68.0,Charge 6
2024-12-23T01:17:21Z,68.0,Charge 6
2024-12-23T01:17:24Z,68.0,Charge 6
2024-12-23T01:17:27Z,68.0,Charge 6
2024-12-23T01:17:30Z,68.0,Charge 6
2024-12-23T01:17:33Z,68.0,Charge 6
2024-12-23T01:17:34Z,67.0,Charge 6
2024-12-23T01:17:35Z,66.0,Charge 6
2024-12-23T01:17:38Z,66.0,Charge 6
2024-12-23T01:17:39Z,66.0,Charge 6
2024-12-23T01:17:42Z,66.0,Charge 6
2024-12-23T01:17:45Z,66.0,Charge 6
2024-12-23T01:17:48Z,66.0,Charge 6
2024-12-23T01:17:49Z,65.0,Charge 6
2024-12-23T01:17:52Z,65.0,Charge 6
2024-12-23T01:17:55Z,66.0,Charge 6
2024-12-23T01:17:58Z,66.0,Charge 6
2024-12-23T01:18:01Z,66.0,Charge 6
2024-12-23T01:18:04Z,67.0,Charge 6
2024-12-23T01:18:07Z,67.0,Charge 6
2024-12-23T01:18:08Z,68.0,Charge 6
2024-12-23T01:18:11Z,68.0,Charge 6
2024-12-23T01:18:14Z,68.0,Charge 6
2024-12-23T01:18:17Z,68.0,Charge 6
2024-12-23T01:18:20Z,68.0,Charge 6
2024-12-23T01:18:22Z,67.0,Charge 6
2024-12-23T01:18:23Z,66.0,Charge 6
2024-12-23T01:18:26Z,66.0,Charge 6
2024-12-23T01:18:29Z,65.0,Charge 6
2024-12-23T01:18:31Z,64.0,Charge 6
2024-12-23T01:18:34Z,64.0,Charge 6
2024-12-23T01:18:37Z,64.0,Charge 6
2024-12-23T01:18:40Z,64.0,Charge 6
2024-12-23T01:18:43Z,63.0,Charge 6
2024-12-23T01:18:46Z,63.0,Charge 6
2024-12-23T01:18:49Z,63.0,Charge 6
2024-12-23T01:18:50Z,63.0,Charge 6
2024-12-23T01:18:53Z,63.0,Charge 6
2024-12-23T01:18:56Z,63.0,Charge 6
2024-12-23T01:18:59Z,63.0,Charge 6
2024-12-23T01:19:00Z,64.0,Charge 6
2024-12-23T01:19:03Z,64.0,Charge 6
2024-12-23T01:19:06Z,64.0,Charge 6
2024-12-23T01:19:09Z,64.0,Charge 6
2024-12-23T01:19:12Z,64.0,Charge 6
2024-12-23T01:19:15Z,65.0,Charge 6
2024-12-23T01:19:17Z,66.0,Charge 6
2024-12-23T01:19:20Z,66.0,Charge 6
2024-12-23T01:19:23Z,66.0,Charge 6
2024-12-23T01:19:26Z,66.0,Charge 6
2024-12-23T01:19:29Z,64.0,Charge 6
2024-12-23T01:19:32Z,64.0,Charge 6
2024-12-23T01:19:35Z,64.0,Charge 6
2024-12-23T01:19:38Z,64.0,Charge 6
2024-12-23T01:19:41Z,64.0,Charge 6
2024-12-23T01:19:44Z,64.0,Charge 6
2024-12-23T01:19:47Z,64.0,Charge 6
2024-12-23T01:19:50Z,65.0,Charge 6
2024-12-23T01:19:53Z,65.0,Charge 6
2024-12-23T01:19:54Z,66.0,Charge 6
2024-12-23T01:19:56Z,65.0,Charge 6
2024-12-23T01:19:58Z,66.0,Charge 6
2024-12-23T01:20:01Z,66.0,Charge 6
2024-12-23T01:20:03Z,65.0,Charge 6
2024-12-23T01:20:06Z,65.0,Charge 6
2024-12-23T01:20:09Z,66.0,Charge 6
2024-12-23T01:20:12Z,66.0,Charge 6
2024-12-23T01:20:15Z,66.0,Charge 6
2024-12-23T01:20:18Z,66.0,Charge 6
2024-12-23T01:20:21Z,66.0,Charge 6
2024-12-23T01:20:24Z,66.0,Charge 6
2024-12-23T01:20:26Z,67.0,Charge 6
2024-12-23T01:20:29Z,67.0,Charge 6
2024-12-23T01:20:32Z,66.0,Charge 6
2024-12-23T01:20:35Z,66.0,Charge 6
2024-12-23T01:20:38Z,66.0,Charge 6
2024-12-23T01:20:41Z,66.0,Charge 6
2024-12-23T01:20:44Z,66.0,Charge 6
2024-12-23T01:20:47Z,66.0,Charge 6
2024-12-23T01:20:50Z,66.0,Charge 6
2024-12-23T01:20:53Z,68.0,Charge 6
2024-12-23T01:20:56Z,68.0,Charge 6
2024-12-23T01:20:59Z,68.0,Charge 6
2024-12-23T01:21:02Z,68.0,Charge 6
2024-12-23T01:21:05Z,68.0,Charge 6
2024-12-23T01:21:08Z,68.0,Charge 6
2024-12-23T01:21:11Z,68.0,Charge 6
2024-12-23T01:21:14Z,67.0,Charge 6
2024-12-23T01:21:17Z,67.0,Charge 6
2024-12-23T01:21:20Z,67.0,Charge 6
2024-12-23T01:21:22Z,68.0,Charge 6
2024-12-23T01:21:25Z,68.0,Charge 6
2024-12-23T01:21:26Z,67.0,Charge 6
2024-12-23T01:21:28Z,66.0,Charge 6
2024-12-23T01:21:31Z,66.0,Charge 6
2024-12-23T01:21:32Z,65.0,Charge 6
2024-12-23T01:21:34Z,64.0,Charge 6
2024-12-23T01:21:37Z,64.0,Charge 6
2024-12-23T01:21:40Z,64.0,Charge 6
2024-12-23T01:21:43Z,64.0,Charge 6
2024-12-23T01:21:45Z,62.0,Charge 6
2024-12-23T01:21:48Z,62.0,Charge 6
2024-12-23T01:21:51Z,61.0,Charge 6
2024-12-23T01:21:53Z,62.0,Charge 6
2024-12-23T01:21:56Z,62.0,Charge 6
2024-12-23T01:21:59Z,62.0,Charge 6
2024-12-23T01:22:00Z,63.0,Charge 6
2024-12-23T01:22:02Z,62.0,Charge 6
2024-12-23T01:22:05Z,62.0,Charge 6
2024-12-23T01:22:08Z,62.0,Charge 6
2024-12-23T01:22:11Z,62.0,Charge 6
2024-12-23T01:22:12Z,63.0,Charge 6
2024-12-23T01:22:14Z,64.0,Charge 6
2024-12-23T01:22:17Z,64.0,Charge 6
2024-12-23T01:22:20Z,63.0,Charge 6
2024-12-23T01:22:22Z,62.0,Charge 6
2024-12-23T01:22:25Z,62.0,Charge 6
2024-12-23T01:22:27Z,62.0,Charge 6
2024-12-23T01:22:29Z,64.0,Charge 6
2024-12-23T01:22:32Z,64.0,Charge 6
2024-12-23T01:22:33Z,63.0,Charge 6
2024-12-23T01:22:35Z,62.0,Charge 6
2024-12-23T01:22:38Z,62.0,Charge 6
2024-12-23T01:22:41Z,62.0,Charge 6
2024-12-23T01:22:44Z,62.0,Charge 6
2024-12-23T01:22:47Z,62.0,Charge 6
2024-12-23T01:22:50Z,62.0,Charge 6
2024-12-23T01:22:53Z,62.0,Charge 6
2024-12-23T01:22:56Z,62.0,Charge 6
2024-12-23T01:22:59Z,62.0,Charge 6
2024-12-23T01:23:02Z,62.0,Charge 6
2024-12-23T01:23:05Z,62.0,Charge 6
2024-12-23T01:23:08Z,62.0,Charge 6
2024-12-23T01:23:10Z,61.0,Charge 6
2024-12-23T01:23:13Z,60.0,Charge 6
2024-12-23T01:23:16Z,60.0,Charge 6
2024-12-23T01:23:19Z,60.0,Charge 6
2024-12-23T01:23:21Z,61.0,Charge 6
2024-12-23T01:23:23Z,62.0,Charge 6
2024-12-23T01:23:26Z,62.0,Charge 6
2024-12-23T01:23:27Z,61.0,Charge 6
2024-12-23T01:23:30Z,61.0,Charge 6
2024-12-23T01:23:33Z,62.0,Charge 6
2024-12-23T01:23:36Z,62.0,Charge 6
2024-12-23T01:23:38Z,62.0,Charge 6
2024-12-23T01:23:40Z,63.0,Charge 6
2024-12-23T01:23:42Z,64.0,Charge 6
2024-12-23T01:23:45Z,64.0,Charge 6
2024-12-23T01:23:48Z,65.0,Charge 6
2024-12-23T01:23:50Z,66.0,Charge 6
2024-12-23T01:23:52Z,68.0,Charge 6
2024-12-23T01:23:54Z,70.0,Charge 6
2024-12-23T01:23:56Z,72.0,Charge 6
2024-12-23T01:23:58Z,76.0,Charge 6
2024-12-23T01:23:59Z,81.0,Charge 6
2024-12-23T01:24:01Z,78.0,Charge 6
2024-12-23T01:24:04Z,78.0,Charge 6
2024-12-23T01:24:05Z,80.0,Charge 6
2024-12-23T01:24:07Z,81.0,Charge 6
2024-12-23T01:24:09Z,82.0,Charge 6
2024-12-23T01:24:12Z,82.0,Charge 6
2024-12-23T01:24:13Z,81.0,Charge 6
2024-12-23T01:24:15Z,80.0,Charge 6
2024-12-23T01:24:17Z,77.0,Charge 6
2024-12-23T01:24:19Z,76.0,Charge 6
2024-12-23T01:24:21Z,74.0,Charge 6
2024-12-23T01:24:22Z,72.0,Charge 6
2024-12-23T01:24:24Z,71.0,Charge 6
2024-12-23T01:24:26Z,70.0,Charge 6
2024-12-23T01:24:28Z,69.0,Charge 6
2024-12-23T01:24:30Z,68.0,Charge 6
2024-12-23T01:24:32Z,66.0,Charge 6
2024-12-23T01:24:34Z,65.0,Charge 6
2024-12-23T01:24:36Z,64.0,Charge 6
2024-12-23T01:24:38Z,63.0,Charge 6
2024-12-23T01:24:41Z,63.0,Charge 6
2024-12-23T01:24:42Z,62.0,Charge 6
2024-12-23T01:24:45Z,62.0,Charge 6
2024-12-23T01:24:47Z,61.0,Charge 6
2024-12-23T01:24:50Z,61.0,Charge 6
2024-12-23T01:24:53Z,62.0,Charge 6
2024-12-23T01:24:56Z,62.0,Charge 6
2024-12-23T01:24:59Z,62.0,Charge 6
2024-12-23T01:25:02Z,62.0,Charge 6
2024-12-23T01:25:05Z,62.0,Charge 6
2024-12-23T01:25:07Z,63.0,Charge 6
2024-12-23T01:25:09Z,64.0,Charge 6
2024-12-23T01:25:12Z,65.0,Charge 6
2024-12-23T01:25:15Z,65.0,Charge 6
2024-12-23T01:25:18Z,66.0,Charge 6
2024-12-23T01:25:21Z,66.0,Charge 6
2024-12-23T01:25:22Z,65.0,Charge 6
2024-12-23T01:25:24Z,64.0,Charge 6
2024-12-23T01:25:27Z,64.0,Charge 6
2024-12-23T01:25:30Z,65.0,Charge 6
2024-12-23T01:25:32Z,66.0,Charge 6
2024-12-23T01:25:35Z,66.0,Charge 6
2024-12-23T01:25:38Z,66.0,Charge 6
2024-12-23T01:25:39Z,66.0,Charge 6
2024-12-23T01:25:41Z,67.0,Charge 6
2024-12-23T01:25:43Z,68.0,Charge 6
2024-12-23T01:25:46Z,68.0,Charge 6
2024-12-23T01:25:49Z,68.0,Charge 6
2024-12-23T01:25:52Z,68.0,Charge 6
2024-12-23T01:25:55Z,68.0,Charge 6
2024-12-23T01:25:58Z,68.0,Charge 6
2024-12-23T01:26:01Z,68.0,Charge 6
2024-12-23T01:26:04Z,68.0,Charge 6
2024-12-23T01:26:06Z,67.0,Charge 6
2024-12-23T01:26:09Z,67.0,Charge 6
2024-12-23T01:26:12Z,67.0,Charge 6
2024-12-23T01:26:14Z,66.0,Charge 6
2024-12-23T01:26:17Z,66.0,Charge 6
2024-12-23T01:26:18Z,67.0,Charge 6
2024-12-23T01:26:21Z,67.0,Charge 6
2024-12-23T01:26:23Z,66.0,Charge 6
2024-12-23T01:26:26Z,66.0,Charge 6
2024-12-23T01:26:29Z,66.0,Charge 6
2024-12-23T01:26:32Z,66.0,Charge 6
2024-12-23T01:26:35Z,66.0,Charge 6
2024-12-23T01:26:37Z,65.0,Charge 6
2024-12-23T01:26:40Z,65.0,Charge 6
2024-12-23T01:26:43Z,65.0,Charge 6
2024-12-23T01:26:46Z,66.0,Charge 6
2024-12-23T01:26:49Z,66.0,Charge 6
2024-12-23T01:26:50Z,66.0,Charge 6
2024-12-23T01:26:53Z,66.0,Charge 6
2024-12-23T01:26:56Z,66.0,Charge 6
2024-12-23T01:26:59Z,66.0,Charge 6
2024-12-23T01:27:02Z,66.0,Charge 6
2024-12-23T01:27:04Z,67.0,Charge 6
2024-12-23T01:27:06Z,68.0,Charge 6
2024-12-23T01:27:09Z,68.0,Charge 6
2024-12-23T01:27:11Z,67.0,Charge 6
2024-12-23T01:27:13Z,66.0,Charge 6
2024-12-23T01:27:15Z,67.0,Charge 6
2024-12-23T01:27:17Z,66.0,Charge 6
2024-12-23T01:27:20Z,66.0,Charge 6
2024-12-23T01:27:23Z,66.0,Charge 6
2024-12-23T01:27:26Z,66.0,Charge 6
2024-12-23T01:27:29Z,66.0,Charge 6
2024-12-23T01:27:32Z,66.0,Charge 6
2024-12-23T01:27:35Z,66.0,Charge 6
2024-12-23T01:27:38Z,66.0,Charge 6
2024-12-23T01:27:41Z,66.0,Charge 6
2024-12-23T01:27:44Z,66.0,Charge 6
2024-12-23T01:27:47Z,66.0,Charge 6
2024-12-23T01:27:50Z,66.0,Charge 6
2024-12-23T01:27:52Z,67.0,Charge 6
2024-12-23T01:27:55Z,67.0,Charge 6
2024-12-23T01:27:58Z,67.0,Charge 6
2024-12-23T01:27:59Z,66.0,Charge 6
2024-12-23T01:28:01Z,67.0,Charge 6
2024-12-23T01:28:03Z,68.0,Charge 6
2024-12-23T01:28:06Z,68.0,Charge 6
2024-12-23T01:28:09Z,67.0,Charge 6
2024-12-23T01:28:12Z,67.0,Charge 6
2024-12-23T01:28:15Z,67.0,Charge 6
2024-12-23T01:28:17Z,66.0,Charge 6
2024-12-23T01:28:20Z,66.0,Charge 6
2024-12-23T01:28:22Z,65.0,Charge 6
2024-12-23T01:28:25Z,65.0,Charge 6
2024-12-23T01:28:28Z,66.0,Charge 6
2024-12-23T01:28:31Z,66.0,Charge 6
2024-12-23T01:28:34Z,66.0,Charge 6
2024-12-23T01:28:37Z,66.0,Charge 6
2024-12-23T01:28:40Z,66.0,Charge 6
2024-12-23T01:28:42Z,65.0,Charge 6
2024-12-23T01:28:45Z,65.0,Charge 6
2024-12-23T01:28:48Z,65.0,Charge 6
2024-12-23T01:28:49Z,66.0,Charge 6
2024-12-23T01:28:52Z,66.0,Charge 6
2024-12-23T01:28:55Z,66.0,Charge 6
2024-12-23T01:28:58Z,66.0,Charge 6
2024-12-23T01:29:01Z,66.0,Charge 6
2024-12-23T01:29:03Z,67.0,Charge 6
2024-12-23T01:29:06Z,67.0,Charge 6
2024-12-23T01:29:09Z,66.0,Charge 6
2024-12-23T01:29:12Z,66.0,Charge 6
2024-12-23T01:29:14Z,66.0,Charge 6
2024-12-23T01:29:16Z,67.0,Charge 6
2024-12-23T01:29:19Z,67.0,Charge 6
2024-12-23T01:29:22Z,68.0,Charge 6
2024-12-23T01:29:24Z,67.0,Charge 6
2024-12-23T01:29:27Z,67.0,Charge 6
2024-12-23T01:29:30Z,67.0,Charge 6
2024-12-23T01:29:33Z,67.0,Charge 6
2024-12-23T01:29:36Z,67.0,Charge 6
2024-12-23T01:29:39Z,67.0,Charge 6
2024-12-23T01:29:41Z,66.0,Charge 6
2024-12-23T01:29:44Z,66.0,Charge 6
2024-12-23T01:29:47Z,66.0,Charge 6
2024-12-23T01:29:50Z,66.0,Charge 6
2024-12-23T01:29:53Z,66.0,Charge 6
2024-12-23T01:29:56Z,66.0,Charge 6
2024-12-23T01:29:58Z,67.0,Charge 6
2024-12-23T01:30:01Z,67.0,Charge 6
2024-12-23T01:30:04Z,67.0,Charge 6
2024-12-23T01:30:06Z,66.0,Charge 6
2024-12-23T01:30:09Z,66.0,Charge 6
2024-12-23T01:30:12Z,66.0,Charge 6
2024-12-23T01:30:15Z,66.0,Charge 6
2024-12-23T01:30:18Z,67.0,Charge 6
2024-12-23T01:30:20Z,68.0,Charge 6
2024-12-23T01:30:23Z,67.0,Charge 6
2024-12-23T01:30:26Z,67.0,Charge 6
2024-12-23T01:30:27Z,67.0,Charge 6
2024-12-23T01:30:29Z,66.0,Charge 6
2024-12-23T01:30:32Z,66.0,Charge 6
2024-12-23T01:30:35Z,66.0,Charge 6
2024-12-23T01:30:38Z,66.0,Charge 6
2024-12-23T01:30:41Z,66.0,Charge 6
2024-12-23T01:30:43Z,65.0,Charge 6
2024-12-23T01:30:46Z,65.0,Charge 6
2024-12-23T01:30:49Z,64.0,Charge 6
2024-12-23T01:30:52Z,64.0,Charge 6
2024-12-23T01:30:53Z,66.0,Charge 6
2024-12-23T01:30:56Z,66.0,Charge 6
2024-12-23T01:30:57Z,67.0,Charge 6
2024-12-23T01:30:59Z,68.0,Charge 6
2024-12-23T01:31:01Z,67.0,Charge 6
2024-12-23T01:31:03Z,66.0,Charge 6
2024-12-23T01:31:06Z,66.0,Charge 6
2024-12-23T01:31:09Z,66.0,Charge 6
2024-12-23T01:31:12Z,66.0,Charge 6
2024-12-23T01:31:15Z,66.0,Charge 6
2024-12-23T01:31:18Z,66.0,Charge 6
2024-12-23T01:31:21Z,66.0,Charge 6
2024-12-23T01:31:22Z,67.0,Charge 6
2024-12-23T01:31:25Z,67.0,Charge 6
2024-12-23T01:31:28Z,67.0,Charge 6
2024-12-23T01:31:31Z,67.0,Charge 6
2024-12-23T01:31:34Z,67.0,Charge 6
2024-12-23T01:31:35Z,67.0,Charge 6
2024-12-23T01:31:38Z,67.0,Charge 6
2024-12-23T01:31:39Z,66.0,Charge 6
2024-12-23T01:31:42Z,66.0,Charge 6
2024-12-23T01:31:45Z,66.0,Charge 6
2024-12-23T01:31:48Z,66.0,Charge 6
2024-12-23T01:31:51Z,66.0,Charge 6
2024-12-23T01:31:54Z,67.0,Charge 6
2024-12-23T01:31:57Z,67.0,Charge 6
2024-12-23T01:31:58Z,68.0,Charge 6
2024-12-23T01:32:00Z,67.0,Charge 6
2024-12-23T01:32:02Z,66.0,Charge 6
2024-12-23T01:32:05Z,66.0,Charge 6
2024-12-23T01:32:08Z,66.0,Charge 6
2024-12-23T01:32:11Z,66.0,Charge 6
2024-12-23T01:32:14Z,66.0,Charge 6
2024-12-23T01:32:17Z,66.0,Charge 6
2024-12-23T01:32:20Z,66.0,Charge 6
2024-12-23T01:32:21Z,67.0,Charge 6
2024-12-23T01:32:24Z,67.0,Charge 6
2024-12-23T01:32:25Z,66.0,Charge 6
2024-12-23T01:32:28Z,66.0,Charge 6
2024-12-23T01:32:31Z,66.0,Charge 6
2024-12-23T01:32:34Z,66.0,Charge 6
2024-12-23T01:32:37Z,67.0,Charge 6
2024-12-23T01:32:39Z,68.0,Charge 6
2024-12-23T01:32:42Z,68.0,Charge 6
2024-12-23T01:32:44Z,68.0,Charge 6
2024-12-23T01:32:47Z,68.0,Charge 6
2024-12-23T01:32:48Z,67.0,Charge 6
2024-12-23T01:32:51Z,67.0,Charge 6
2024-12-23T01:32:54Z,67.0,Charge 6
2024-12-23T01:32:56Z,68.0,Charge 6
2024-12-23T01:32:59Z,68.0,Charge 6
2024-12-23T01:33:02Z,68.0,Charge 6
2024-12-23T01:33:05Z,68.0,Charge 6
2024-12-23T01:33:08Z,68.0,Charge 6
2024-12-23T01:33:11Z,68.0,Charge 6
2024-12-23T01:33:14Z,68.0,Charge 6
2024-12-23T01:33:15Z,67.0,Charge 6
2024-12-23T01:33:17Z,66.0,Charge 6
2024-12-23T01:33:20Z,66.0,Charge 6
2024-12-23T01:33:23Z,66.0,Charge 6
2024-12-23T01:33:25Z,67.0,Charge 6
2024-12-23T01:33:28Z,67.0,Charge 6
2024-12-23T01:33:31Z,67.0,Charge 6
2024-12-23T01:33:34Z,67.0,Charge 6
2024-12-23T01:33:36Z,66.0,Charge 6
2024-12-23T01:33:39Z,66.0,Charge 6
2024-12-23T01:33:42Z,67.0,Charge 6
2024-12-23T01:33:45Z,67.0,Charge 6
2024-12-23T01:33:48Z,68.0,Charge 6
2024-12-23T01:33:51Z,68.0,Charge 6
2024-12-23T01:33:52Z,66.0,Charge 6
2024-12-23T01:33:54Z,66.0,Charge 6
2024-12-23T01:33:57Z,66.0,Charge 6
2024-12-23T01:34:00Z,66.0,Charge 6
2024-12-23T01:34:03Z,66.0,Charge 6
2024-12-23T01:34:06Z,66.0,Charge 6
2024-12-23T01:34:09Z,65.0,Charge 6
2024-12-23T01:34:12Z,65.0,Charge 6
2024-12-23T01:34:15Z,65.0,Charge 6
2024-12-23T01:34:18Z,65.0,Charge 6
2024-12-23T01:34:21Z,65.0,Charge 6
2024-12-23T01:34:24Z,65.0,Charge 6
2024-12-23T01:34:27Z,65.0,Charge 6
2024-12-23T01:34:30Z,66.0,Charge 6
2024-12-23T01:34:33Z,66.0,Charge 6
2024-12-23T01:34:36Z,66.0,Charge 6
2024-12-23T01:34:39Z,66.0,Charge 6
2024-12-23T01:34:42Z,66.0,Charge 6
2024-12-23T01:34:45Z,66.0,Charge 6
2024-12-23T01:34:48Z,66.0,Charge 6
2024-12-23T01:34:51Z,66.0,Charge 6
2024-12-23T01:34:54Z,66.0,Charge 6
2024-12-23T01:34:57Z,66.0,Charge 6
2024-12-23T01:35:00Z,66.0,Charge 6
2024-12-23T01:35:03Z,66.0,Charge 6
2024-12-23T01:35:06Z,66.0,Charge 6
2024-12-23T01:35:09Z,66.0,Charge 6
2024-12-23T01:35:10Z,65.0,Charge 6
2024-12-23T01:35:12Z,65.0,Charge 6
2024-12-23T01:35:15Z,65.0,Charge 6
2024-12-23T01:35:18Z,65.0,Charge 6
2024-12-23T01:35:20Z,66.0,Charge 6
2024-12-23T01:35:23Z,66.0,Charge 6
2024-12-23T01:35:26Z,66.0,Charge 6
2024-12-23T01:35:29Z,66.0,Charge 6
2024-12-23T01:35:32Z,66.0,Charge 6
2024-12-23T01:35:33Z,67.0,Charge 6
2024-12-23T01:35:36Z,67.0,Charge 6
2024-12-23T01:35:37Z,66.0,Charge 6
2024-12-23T01:35:40Z,66.0,Charge 6
2024-12-23T01:35:43Z,66.0,Charge 6
2024-12-23T01:35:46Z,66.0,Charge 6
2024-12-23T01:35:49Z,66.0,Charge 6
2024-12-23T01:35:52Z,66.0,Charge 6
2024-12-23T01:35:55Z,66.0,Charge 6
2024-12-23T01:35:58Z,66.0,Charge 6
2024-12-23T01:36:01Z,66.0,Charge 6
2024-12-23T01:36:04Z,66.0,Charge 6
2024-12-23T01:36:07Z,66.0,Charge 6
2024-12-23T01:36:10Z,66.0,Charge 6
2024-12-23T01:36:13Z,66.0,Charge 6
2024-12-23T01:36:16Z,66.0,Charge 6
2024-12-23T01:36:19Z,66.0,Charge 6
2024-12-23T01:36:22Z,66.0,Charge 6
2024-12-23T01:36:25Z,66.0,Charge 6
2024-12-23T01:36:27Z,66.0,Charge 6
2024-12-23T01:36:30Z,66.0,Charge 6
2024-12-23T01:36:33Z,66.0,Charge 6
2024-12-23T01:36:36Z,66.0,Charge 6
2024-12-23T01:36:37Z,67.0,Charge 6
2024-12-23T01:36:40Z,67.0,Charge 6
2024-12-23T01:36:43Z,67.0,Charge 6
2024-12-23T01:36:44Z,68.0,Charge 6
2024-12-23T01:36:47Z,68.0,Charge 6
2024-12-23T01:36:48Z,69.0,Charge 6
2024-12-23T01:36:51Z,69.0,Charge 6
2024-12-23T01:36:52Z,68.0,Charge 6
2024-12-23T01:36:54Z,67.0,Charge 6
2024-12-23T01:36:57Z,67.0,Charge 6
2024-12-23T01:36:58Z,66.0,Charge 6
2024-12-23T01:37:01Z,66.0,Charge 6
2024-12-23T01:37:04Z,66.0,Charge 6
2024-12-23T01:37:06Z,65.0,Charge 6
2024-12-23T01:37:09Z,64.0,Charge 6
2024-12-23T01:37:12Z,64.0,Charge 6
2024-12-23T01:37:15Z,64.0,Charge 6
2024-12-23T01:37:17Z,65.0,Charge 6
2024-12-23T01:37:20Z,65.0,Charge 6
2024-12-23T01:37:23Z,64.0,Charge 6
2024-12-23T01:37:26Z,64.0,Charge 6
2024-12-23T01:37:27Z,65.0,Charge 6
2024-12-23T01:37:29Z,66.0,Charge 6
2024-12-23T01:37:30Z,66.0,Charge 6
2024-12-23T01:37:33Z,66.0,Charge 6
2024-12-23T01:37:36Z,66.0,Charge 6
2024-12-23T01:37:39Z,66.0,Charge 6
2024-12-23T01:37:42Z,66.0,Charge 6
2024-12-23T01:37:44Z,67.0,Charge 6
2024-12-23T01:37:47Z,67.0,Charge 6
2024-12-23T01:37:50Z,67.0,Charge 6
2024-12-23T01:37:53Z,67.0,Charge 6
2024-12-23T01:37:55Z,66.0,Charge 6
2024-12-23T01:37:58Z,66.0,Charge 6
2024-12-23T01:38:01Z,66.0,Charge 6
2024-12-23T01:38:04Z,66.0,Charge 6
2024-12-23T01:38:07Z,66.0,Charge 6
2024-12-23T01:38:10Z,66.0,Charge 6
2024-12-23T01:38:13Z,66.0,Charge 6
2024-12-23T01:38:16Z,66.0,Charge 6
2024-12-23T01:38:19Z,66.0,Charge 6
2024-12-23T01:38:22Z,66.0,Charge 6
2024-12-23T01:38:25Z,66.0,Charge 6
2024-12-23T01:38:28Z,66.0,Charge 6
2024-12-23T01:38:31Z,66.0,Charge 6
2024-12-23T01:38:34Z,67.0,Charge 6
2024-12-23T01:38:37Z,67.0,Charge 6
2024-12-23T01:38:38Z,66.0,Charge 6
2024-12-23T01:38:41Z,66.0,Charge 6
2024-12-23T01:38:42Z,67.0,Charge 6
2024-12-23T01:38:43Z,67.0,Charge 6
2024-12-23T01:38:46Z,67.0,Charge 6
2024-12-23T01:38:49Z,66.0,Charge 6
2024-12-23T01:38:52Z,66.0,Charge 6
2024-12-23T01:38:53Z,67.0,Charge 6
2024-12-23T01:38:55Z,68.0,Charge 6
2024-12-23T01:38:58Z,68.0,Charge 6
2024-12-23T01:38:59Z,67.0,Charge 6
2024-12-23T01:39:02Z,67.0,Charge 6
2024-12-23T01:39:05Z,67.0,Charge 6
2024-12-23T01:39:08Z,67.0,Charge 6
2024-12-23T01:39:11Z,67.0,Charge 6
2024-12-23T01:39:12Z,66.0,Charge 6
2024-12-23T01:39:15Z,66.0,Charge 6
2024-12-23T01:39:18Z,66.0,Charge 6
2024-12-23T01:39:20Z,67.0,Charge 6
2024-12-23T01:39:23Z,67.0,Charge 6
2024-12-23T01:39:24Z,68.0,Charge 6
2024-12-23T01:39:27Z,68.0,Charge 6
2024-12-23T01:39:30Z,68.0,Charge 6
2024-12-23T01:39:33Z,68.0,Charge 6
2024-12-23T01:39:36Z,68.0,Charge 6
2024-12-23T01:39:39Z,68.0,Charge 6
2024-12-23T01:39:42Z,68.0,Charge 6
2024-12-23T01:39:45Z,68.0,Charge 6
2024-12-23T01:39:48Z,68.0,Charge 6
2024-12-23T01:39:51Z,68.0,Charge 6
2024-12-23T01:39:53Z,68.0,Charge 6
2024-12-23T01:39:56Z,68.0,Charge 6
2024-12-23T01:39:59Z,68.0,Charge 6
2024-12-23T01:40:02Z,68.0,Charge 6
2024-12-23T01:40:05Z,68.0,Charge 6
2024-12-23T01:40:08Z,68.0,Charge 6
2024-12-23T01:40:11Z,68.0,Charge 6
2024-12-23T01:40:14Z,68.0,Charge 6
2024-12-23T01:40:17Z,68.0,Charge 6
2024-12-23T01:40:20Z,68.0,Charge 6
2024-12-23T01:40:21Z,67.0,Charge 6
2024-12-23T01:40:23Z,66.0,Charge 6
2024-12-23T01:40:26Z,66.0,Charge 6
2024-12-23T01:40:29Z,66.0,Charge 6
2024-12-23T01:40:32Z,66.0,Charge 6
2024-12-23T01:40:35Z,66.0,Charge 6
2024-12-23T01:40:38Z,66.0,Charge 6
2024-12-23T01:40:41Z,66.0,Charge 6
2024-12-23T01:40:44Z,66.0,Charge 6
2024-12-23T01:40:47Z,66.0,Charge 6
2024-12-23T01:40:50Z,66.0,Charge 6
2024-12-23T01:40:53Z,66.0,Charge 6
2024-12-23T01:40:54Z,67.0,Charge 6
2024-12-23T01:40:57Z,67.0,Charge 6
2024-12-23T01:41:00Z,66.0,Charge 6
2024-12-23T01:41:03Z,66.0,Charge 6
2024-12-23T01:41:06Z,66.0,Charge 6
2024-12-23T01:41:07Z,66.0,Charge 6
2024-12-23T01:41:10Z,66.0,Charge 6
2024-12-23T01:41:13Z,66.0,Charge 6
2024-12-23T01:41:16Z,66.0,Charge 6
2024-12-23T01:41:19Z,66.0,Charge 6
2024-12-23T01:41:22Z,66.0,Charge 6
2024-12-23T01:41:23Z,67.0,Charge 6
2024-12-23T01:41:26Z,67.0,Charge 6
2024-12-23T01:41:29Z,68.0,Charge 6
2024-12-23T01:41:32Z,68.0,Charge 6
2024-12-23T01:41:35Z,68.0,Charge 6
2024-12-23T01:41:38Z,68.0,Charge 6
2024-12-23T01:41:41Z,68.0,Charge 6
2024-12-23T01:41:42Z,67.0,Charge 6
2024-12-23T01:41:44Z,66.0,Charge 6
2024-12-23T01:41:46Z,67.0,Charge 6
2024-12-23T01:41:48Z,68.0,Charge 6
2024-12-23T01:41:50Z,67.0,Charge 6
2024-12-23T01:41:53Z,67.0,Charge 6
2024-12-23T01:41:55Z,66.0,Charge 6
2024-12-23T01:41:58Z,66.0,Charge 6
2024-12-23T01:41:59Z,67.0,Charge 6
2024-12-23T01:42:01Z,68.0,Charge 6
2024-12-23T01:42:04Z,68.0,Charge 6
2024-12-23T01:42:07Z,67.0,Charge 6
2024-12-23T01:42:10Z,67.0,Charge 6
2024-12-23T01:42:11Z,66.0,Charge 6
2024-12-23T01:42:13Z,66.0,Charge 6
2024-12-23T01:42:16Z,66.0,Charge 6
2024-12-23T01:42:19Z,66.0,Charge 6
2024-12-23T01:42:20Z,67.0,Charge 6
2024-12-23T01:42:22Z,66.0,Charge 6
2024-12-23T01:42:25Z,66.0,Charge 6
2024-12-23T01:42:28Z,66.0,Charge 6
2024-12-23T01:42:31Z,66.0,Charge 6
2024-12-23T01:42:34Z,66.0,Charge 6
2024-12-23T01:42:37Z,66.0,Charge 6
2024-12-23T01:42:40Z,66.0,Charge 6
2024-12-23T01:42:42Z,67.0,Charge 6
2024-12-23T01:42:45Z,67.0,Charge 6
2024-12-23T01:42:47Z,68.0,Charge 6
2024-12-23T01:42:49Z,67.0,Charge 6
2024-12-23T01:42:52Z,67.0,Charge 6
2024-12-23T01:42:53Z,68.0,Charge 6
2024-12-23T01:42:56Z,68.0,Charge 6
2024-12-23T01:42:59Z,67.0,Charge 6
2024-12-23T01:43:02Z,67.0,Charge 6
2024-12-23T01:43:05Z,67.0,Charge 6
2024-12-23T01:43:06Z,68.0,Charge 6
2024-12-23T01:43:09Z,68.0,Charge 6
2024-12-23T01:43:12Z,67.0,Charge 6
2024-12-23T01:43:15Z,67.0,Charge 6
2024-12-23T01:43:16Z,66.0,Charge 6
2024-12-23T01:43:19Z,66.0,Charge 6
2024-12-23T01:43:20Z,66.0,Charge 6
2024-12-23T01:43:23Z,66.0,Charge 6
2024-12-23T01:43:26Z,66.0,Charge 6
2024-12-23T01:43:28Z,65.0,Charge 6
2024-12-23T01:43:30Z,64.0,Charge 6
2024-12-23T01:43:31Z,65.0,Charge 6
2024-12-23T01:43:33Z,66.0,Charge 6
2024-12-23T01:43:36Z,66.0,Charge 6
2024-12-23T01:43:39Z,68.0,Charge 6
2024-12-23T01:43:42Z,68.0,Charge 6
2024-12-23T01:43:45Z,68.0,Charge 6
2024-12-23T01:43:48Z,68.0,Charge 6
2024-12-23T01:43:51Z,68.0,Charge 6
2024-12-23T01:43:54Z,68.0,Charge 6
2024-12-23T01:43:57Z,68.0,Charge 6
2024-12-23T01:44:00Z,67.0,Charge 6
2024-12-23T01:44:03Z,67.0,Charge 6
2024-12-23T01:44:06Z,68.0,Charge 6
2024-12-23T01:44:09Z,68.0,Charge 6
2024-12-23T01:44:12Z,67.0,Charge 6
2024-12-23T01:44:14Z,66.0,Charge 6
2024-12-23T01:44:17Z,66.0,Charge 6
2024-12-23T01:44:20Z,66.0,Charge 6
2024-12-23T01:44:23Z,66.0,Charge 6
2024-12-23T01:44:26Z,66.0,Charge 6
2024-12-23T01:44:27Z,67.0,Charge 6
2024-12-23T01:44:30Z,67.0,Charge 6
2024-12-23T01:44:31Z,67.0,Charge 6
2024-12-23T01:44:33Z,68.0,Charge 6
2024-12-23T01:44:36Z,68.0,Charge 6
2024-12-23T01:44:39Z,68.0,Charge 6
2024-12-23T01:44:42Z,67.0,Charge 6
2024-12-23T01:44:44Z,66.0,Charge 6
2024-12-23T01:44:47Z,66.0,Charge 6
2024-12-23T01:44:50Z,66.0,Charge 6
2024-12-23T01:44:52Z,67.0,Charge 6
2024-12-23T01:44:54Z,66.0,Charge 6
2024-12-23T01:44:57Z,66.0,Charge 6
2024-12-23T01:45:00Z,66.0,Charge 6
2024-12-23T01:45:03Z,66.0,Charge 6
2024-12-23T01:45:06Z,66.0,Charge 6
2024-12-23T01:45:09Z,66.0,Charge 6
2024-12-23T01:45:12Z,66.0,Charge 6
2024-12-23T01:45:15Z,66.0,Charge 6
2024-12-23T01:45:18Z,66.0,Charge 6
2024-12-23T01:45:21Z,66.0,Charge 6
2024-12-23T01:45:24Z,66.0,Charge 6
2024-12-23T01:45:25Z,67.0,Charge 6
2024-12-23T01:45:27Z,68.0,Charge 6
2024-12-23T01:45:30Z,68.0,Charge 6
2024-12-23T01:45:32Z,67.0,Charge 6
2024-12-23T01:45:34Z,66.0,Charge 6
2024-12-23T01:45:37Z,66.0,Charge 6
2024-12-23T01:45:40Z,66.0,Charge 6
2024-12-23T01:45:42Z,66.0,Charge 6
2024-12-23T01:45:45Z,66.0,Charge 6
2024-12-23T01:45:48Z,66.0,Charge 6
2024-12-23T01:45:51Z,66.0,Charge 6
2024-12-23T01:45:54Z,66.0,Charge 6
2024-12-23T01:45:57Z,66.0,Charge 6
2024-12-23T01:46:00Z,66.0,Charge 6
2024-12-23T01:46:01Z,67.0,Charge 6
2024-12-23T01:46:03Z,68.0,Charge 6
2024-12-23T01:46:06Z,68.0,Charge 6
2024-12-23T01:46:07Z,67.0,Charge 6
2024-12-23T01:46:09Z,66.0,Charge 6
2024-12-23T01:46:12Z,66.0,Charge 6
2024-12-23T01:46:15Z,66.0,Charge 6
2024-12-23T01:46:18Z,66.0,Charge 6
2024-12-23T01:46:21Z,66.0,Charge 6
2024-12-23T01:46:24Z,66.0,Charge 6
2024-12-23T01:46:26Z,67.0,Charge 6
2024-12-23T01:46:29Z,67.0,Charge 6
2024-12-23T01:46:30Z,66.0,Charge 6
2024-12-23T01:46:33Z,66.0,Charge 6
2024-12-23T01:46:36Z,66.0,Charge 6
2024-12-23T01:46:39Z,66.0,Charge 6
2024-12-23T01:46:42Z,66.0,Charge 6
2024-12-23T01:46:45Z,66.0,Charge 6
2024-12-23T01:46:48Z,66.0,Charge 6
2024-12-23T01:46:51Z,66.0,Charge 6
2024-12-23T01:46:53Z,66.0,Charge 6
2024-12-23T01:46:56Z,66.0,Charge 6
2024-12-23T01:46:59Z,66.0,Charge 6
2024-12-23T01:47:02Z,66.0,Charge 6
2024-12-23T01:47:05Z,66.0,Charge 6
2024-12-23T01:47:08Z,66.0,Charge 6
2024-12-23T01:47:11Z,66.0,Charge 6
2024-12-23T01:47:12Z,65.0,Charge 6
2024-12-23T01:47:15Z,65.0,Charge 6
2024-12-23T01:47:18Z,65.0,Charge 6
2024-12-23T01:47:20Z,66.0,Charge 6
2024-12-23T01:47:23Z,66.0,Charge 6
2024-12-23T01:47:26Z,66.0,Charge 6
2024-12-23T01:47:29Z,66.0,Charge 6
2024-12-23T01:47:30Z,67.0,Charge 6
2024-12-23T01:47:33Z,67.0,Charge 6
2024-12-23T01:47:36Z,67.0,Charge 6
2024-12-23T01:47:39Z,66.0,Charge 6
2024-12-23T01:47:42Z,66.0,Charge 6
2024-12-23T01:47:45Z,66.0,Charge 6
2024-12-23T01:47:48Z,66.0,Charge 6
2024-12-23T01:47:51Z,66.0,Charge 6
2024-12-23T01:47:54Z,66.0,Charge 6
2024-12-23T01:47:57Z,66.0,Charge 6
2024-12-23T01:48:00Z,67.0,Charge 6
2024-12-23T01:48:03Z,67.0,Charge 6
2024-12-23T01:48:06Z,67.0,Charge 6
2024-12-23T01:48:08Z,68.0,Charge 6
2024-12-23T01:48:11Z,68.0,Charge 6
2024-12-23T01:48:14Z,67.0,Charge 6
2024-12-23T01:48:17Z,67.0,Charge 6
2024-12-23T01:48:19Z,68.0,Charge 6
2024-12-23T01:48:22Z,68.0,Charge 6
2024-12-23T01:48:25Z,68.0,Charge 6
2024-12-23T01:48:27Z,67.0,Charge 6
2024-12-23T01:48:29Z,66.0,Charge 6
2024-12-23T01:48:32Z,66.0,Charge 6
2024-12-23T01:48:35Z,66.0,Charge 6
2024-12-23T01:48:38Z,66.0,Charge 6
2024-12-23T01:48:41Z,66.0,Charge 6
2024-12-23T01:48:44Z,66.0,Charge 6
2024-12-23T01:48:47Z,66.0,Charge 6
2024-12-23T01:48:50Z,66.0,Charge 6
2024-12-23T01:48:53Z,66.0,Charge 6
2024-12-23T01:48:56Z,66.0,Charge 6
2024-12-23T01:48:59Z,66.0,Charge 6
2024-12-23T01:49:00Z,67.0,Charge 6
2024-12-23T01:49:02Z,68.0,Charge 6
2024-12-23T01:49:05Z,68.0,Charge 6
2024-12-23T01:49:08Z,68.0,Charge 6
2024-12-23T01:49:11Z,68.0,Charge 6
2024-12-23T01:49:14Z,68.0,Charge 6
2024-12-23T01:49:15Z,66.0,Charge 6
2024-12-23T01:49:18Z,66.0,Charge 6
2024-12-23T01:49:19Z,66.0,Charge 6
2024-12-23T01:49:22Z,66.0,Charge 6
2024-12-23T01:49:25Z,66.0,Charge 6
2024-12-23T01:49:28Z,66.0,Charge 6
2024-12-23T01:49:29Z,67.0,Charge 6
2024-12-23T01:49:30Z,68.0,Charge 6
2024-12-23T01:49:33Z,68.0,Charge 6
2024-12-23T01:49:36Z,68.0,Charge 6
2024-12-23T01:49:39Z,68.0,Charge 6
2024-12-23T01:49:42Z,68.0,Charge 6
2024-12-23T01:49:45Z,68.0,Charge 6
2024-12-23T01:49:46Z,67.0,Charge 6
2024-12-23T01:49:49Z,67.0,Charge 6
2024-12-23T01:49:52Z,67.0,Charge 6
2024-12-23T01:49:55Z,68.0,Charge 6
2024-12-23T01:49:58Z,68.0,Charge 6
2024-12-23T01:49:59Z,67.0,Charge 6
2024-12-23T01:50:01Z,66.0,Charge 6
2024-12-23T01:50:04Z,66.0,Charge 6
2024-12-23T01:50:07Z,66.0,Charge 6
2024-12-23T01:50:10Z,66.0,Charge 6
2024-12-23T01:50:11Z,67.0,Charge 6
2024-12-23T01:50:13Z,66.0,Charge 6
2024-12-23T01:50:16Z,66.0,Charge 6
2024-12-23T01:50:17Z,65.0,Charge 6
2024-12-23T01:50:18Z,64.0,Charge 6
2024-12-23T01:50:21Z,64.0,Charge 6
2024-12-23T01:50:22Z,64.0,Charge 6
2024-12-23T01:50:25Z,64.0,Charge 6
2024-12-23T01:50:28Z,65.0,Charge 6
2024-12-23T01:50:30Z,66.0,Charge 6
2024-12-23T01:50:33Z,66.0,Charge 6
2024-12-23T01:50:34Z,67.0,Charge 6
2024-12-23T01:50:37Z,67.0,Charge 6
2024-12-23T01:50:40Z,67.0,Charge 6
2024-12-23T01:50:42Z,68.0,Charge 6
2024-12-23T01:50:45Z,68.0,Charge 6
2024-12-23T01:50:48Z,68.0,Charge 6
2024-12-23T01:50:51Z,68.0,Charge 6
2024-12-23T01:50:53Z,67.0,Charge 6
2024-12-23T01:50:55Z,66.0,Charge 6
2024-12-23T01:50:58Z,66.0,Charge 6
2024-12-23T01:51:01Z,66.0,Charge 6
2024-12-23T01:51:04Z,66.0,Charge 6
2024-12-23T01:51:07Z,66.0,Charge 6
2024-12-23T01:51:10Z,66.0,Charge 6
2024-12-23T01:51:12Z,65.0,Charge 6
2024-12-23T01:51:15Z,65.0,Charge 6
2024-12-23T01:51:16Z,64.0,Charge 6
2024-12-23T01:51:18Z,65.0,Charge 6
2024-12-23T01:51:20Z,66.0,Charge 6
2024-12-23T01:51:23Z,66.0,Charge 6
2024-12-23T01:51:26Z,65.0,Charge 6
2024-12-23T01:51:29Z,65.0,Charge 6
2024-12-23T01:51:30Z,65.0,Charge 6
2024-12-23T01:51:33Z,65.0,Charge 6
2024-12-23T01:51:36Z,65.0,Charge 6
2024-12-23T01:51:39Z,65.0,Charge 6
2024-12-23T01:51:41Z,66.0,Charge 6
2024-12-23T01:51:44Z,66.0,Charge 6
2024-12-23T01:51:47Z,66.0,Charge 6
2024-12-23T01:51:50Z,66.0,Charge 6
2024-12-23T01:51:53Z,66.0,Charge 6
2024-12-23T01:51:56Z,67.0,Charge 6
2024-12-23T01:51:59Z,67.0,Charge 6
2024-12-23T01:52:02Z,68.0,Charge 6
2024-12-23T01:52:05Z,68.0,Charge 6
2024-12-23T01:52:08Z,68.0,Charge 6
2024-12-23T01:52:11Z,68.0,Charge 6
2024-12-23T01:52:14Z,68.0,Charge 6
2024-12-23T01:52:17Z,68.0,Charge 6
2024-12-23T01:52:19Z,67.0,Charge 6
2024-12-23T01:52:22Z,67.0,Charge 6
2024-12-23T01:52:25Z,67.0,Charge 6
2024-12-23T01:52:27Z,68.0,Charge 6
2024-12-23T01:52:30Z,68.0,Charge 6
2024-12-23T01:52:33Z,68.0,Charge 6
2024-12-23T01:52:36Z,68.0,Charge 6
2024-12-23T01:52:39Z,68.0,Charge 6
2024-12-23T01:52:42Z,68.0,Charge 6
2024-12-23T01:52:45Z,68.0,Charge 6
2024-12-23T01:52:46Z,68.0,Charge 6
2024-12-23T01:52:49Z,68.0,Charge 6
2024-12-23T01:52:52Z,67.0,Charge 6
2024-12-23T01:52:54Z,66.0,Charge 6
2024-12-23T01:52:57Z,66.0,Charge 6
2024-12-23T01:53:00Z,66.0,Charge 6
2024-12-23T01:53:03Z,66.0,Charge 6
2024-12-23T01:53:06Z,66.0,Charge 6
2024-12-23T01:53:09Z,66.0,Charge 6
2024-12-23T01:53:12Z,66.0,Charge 6
2024-12-23T01:53:15Z,66.0,Charge 6
2024-12-23T01:53:18Z,66.0,Charge 6
2024-12-23T01:53:21Z,66.0,Charge 6
2024-12-23T01:53:24Z,66.0,Charge 6
2024-12-23T01:53:27Z,66.0,Charge 6
2024-12-23T01:53:30Z,67.0,Charge 6
2024-12-23T01:53:32Z,68.0,Charge 6
2024-12-23T01:53:35Z,68.0,Charge 6
2024-12-23T01:53:36Z,66.0,Charge 6
2024-12-23T01:53:39Z,66.0,Charge 6
2024-12-23T01:53:40Z,64.0,Charge 6
2024-12-23T01:53:43Z,64.0,Charge 6
2024-12-23T01:53:46Z,64.0,Charge 6
2024-12-23T01:53:49Z,64.0,Charge 6
2024-12-23T01:53:50Z,65.0,Charge 6
2024-12-23T01:53:53Z,65.0,Charge 6
2024-12-23T01:53:54Z,66.0,Charge 6
2024-12-23T01:53:55Z,66.0,Charge 6
2024-12-23T01:53:58Z,66.0,Charge 6
2024-12-23T01:53:59Z,67.0,Charge 6
2024-12-23T01:54:02Z,67.0,Charge 6
2024-12-23T01:54:03Z,66.0,Charge 6
2024-12-23T01:54:06Z,66.0,Charge 6
2024-12-23T01:54:09Z,66.0,Charge 6
2024-12-23T01:54:12Z,66.0,Charge 6
2024-12-23T01:54:15Z,66.0,Charge 6
2024-12-23T01:54:18Z,67.0,Charge 6
2024-12-23T01:54:21Z,67.0,Charge 6
2024-12-23T01:54:24Z,67.0,Charge 6
2024-12-23T01:54:27Z,67.0,Charge 6
2024-12-23T01:54:28Z,66.0,Charge 6
2024-12-23T01:54:31Z,66.0,Charge 6
2024-12-23T01:54:34Z,66.0,Charge 6
2024-12-23T01:54:37Z,66.0,Charge 6
2024-12-23T01:54:40Z,66.0,Charge 6
2024-12-23T01:54:42Z,67.0,Charge 6
2024-12-23T01:54:43Z,68.0,Charge 6
2024-12-23T01:54:46Z,68.0,Charge 6
2024-12-23T01:54:49Z,68.0,Charge 6
2024-12-23T01:54:52Z,68.0,Charge 6
2024-12-23T01:54:55Z,68.0,Charge 6
2024-12-23T01:54:58Z,68.0,Charge 6
2024-12-23T01:55:01Z,68.0,Charge 6
2024-12-23T01:55:03Z,67.0,Charge 6
2024-12-23T01:55:05Z,67.0,Charge 6
2024-12-23T01:55:06Z,66.0,Charge 6
2024-12-23T01:55:09Z,66.0,Charge 6
2024-12-23T01:55:10Z,67.0,Charge 6
2024-12-23T01:55:13Z,67.0,Charge 6
2024-12-23T01:55:16Z,67.0,Charge 6
2024-12-23T01:55:18Z,66.0,Charge 6
2024-12-23T01:55:21Z,66.0,Charge 6
2024-12-23T01:55:24Z,66.0,Charge 6
2024-12-23T01:55:26Z,67.0,Charge 6
2024-12-23T01:55:29Z,67.0,Charge 6
2024-12-23T01:55:30Z,68.0,Charge 6
2024-12-23T01:55:31Z,67.0,Charge 6
2024-12-23T01:55:33Z,66.0,Charge 6
2024-12-23T01:55:36Z,66.0,Charge 6
2024-12-23T01:55:39Z,66.0,Charge 6
2024-12-23T01:55:42Z,66.0,Charge 6
2024-12-23T01:55:45Z,67.0,Charge 6
2024-12-23T01:55:48Z,67.0,Charge 6
2024-12-23T01:55:51Z,68.0,Charge 6
2024-12-23T01:55:54Z,68.0,Charge 6
2024-12-23T01:55:57Z,68.0,Charge 6
2024-12-23T01:56:00Z,67.0,Charge 6
2024-12-23T01:56:03Z,67.0,Charge 6
2024-12-23T01:56:06Z,67.0,Charge 6
2024-12-23T01:56:09Z,67.0,Charge 6
2024-12-23T01:56:10Z,66.0,Charge 6
2024-12-23T01:56:12Z,66.0,Charge 6
2024-12-23T01:56:15Z,66.0,Charge 6
2024-12-23T01:56:18Z,67.0,Charge 6
2024-12-23T01:56:19Z,68.0,Charge 6
2024-12-23T01:56:21Z,66.0,Charge 6
2024-12-23T01:56:24Z,66.0,Charge 6
2024-12-23T01:56:27Z,65.0,Charge 6
2024-12-23T01:56:30Z,65.0,Charge 6
2024-12-23T01:56:33Z,65.0,Charge 6
2024-12-23T01:56:35Z,66.0,Charge 6
2024-12-23T01:56:38Z,66.0,Charge 6
2024-12-23T01:56:41Z,66.0,Charge 6
2024-12-23T01:56:44Z,67.0,Charge 6
2024-12-23T01:56:46Z,68.0,Charge 6
2024-12-23T01:56:49Z,68.0,Charge 6
2024-12-23T01:56:52Z,68.0,Charge 6
2024-12-23T01:56:55Z,68.0,Charge 6
2024-12-23T01:56:58Z,68.0,Charge 6
2024-12-23T01:57:01Z,68.0,Charge 6
2024-12-23T01:57:04Z,67.0,Charge 6
2024-12-23T01:57:07Z,67.0,Charge 6
2024-12-23T01:57:10Z,67.0,Charge 6
2024-12-23T01:57:11Z,68.0,Charge 6
2024-12-23T01:57:14Z,68.0,Charge 6
2024-12-23T01:57:17Z,68.0,Charge 6
2024-12-23T01:57:20Z,68.0,Charge 6
2024-12-23T01:57:23Z,67.0,Charge 6
2024-12-23T01:57:25Z,66.0,Charge 6
2024-12-23T01:57:28Z,66.0,Charge 6
2024-12-23T01:57:29Z,65.0,Charge 6
2024-12-23T01:57:30Z,64.0,Charge 6
2024-12-23T01:57:33Z,64.0,Charge 6
2024-12-23T01:57:36Z,64.0,Charge 6
2024-12-23T01:57:39Z,64.0,Charge 6
2024-12-23T01:57:42Z,64.0,Charge 6
2024-12-23T01:57:45Z,64.0,Charge 6
2024-12-23T01:57:48Z,64.0,Charge 6
2024-12-23T01:57:51Z,64.0,Charge 6
2024-12-23T01:57:54Z,64.0,Charge 6
2024-12-23T01:57:57Z,64.0,Charge 6
2024-12-23T01:58:00Z,64.0,Charge 6
2024-12-23T01:58:01Z,65.0,Charge 6
2024-12-23T01:58:03Z,66.0,Charge 6
2024-12-23T01:58:05Z,67.0,Charge 6
2024-12-23T01:58:07Z,68.0,Charge 6
2024-12-23T01:58:09Z,70.0,Charge 6
2024-12-23T01:58:11Z,72.0,Charge 6
2024-12-23T01:58:13Z,75.0,Charge 6
2024-12-23T01:58:16Z,75.0,Charge 6
2024-12-23T01:58:17Z,76.0,Charge 6
2024-12-23T01:58:18Z,77.0,Charge 6
2024-12-23T01:58:20Z,78.0,Charge 6
2024-12-23T01:58:23Z,78.0,Charge 6
2024-12-23T01:58:24Z,76.0,Charge 6
2024-12-23T01:58:26Z,76.0,Charge 6
2024-12-23T01:58:28Z,75.0,Charge 6
2024-12-23T01:58:30Z,74.0,Charge 6
2024-12-23T01:58:33Z,74.0,Charge 6
2024-12-23T01:58:36Z,74.0,Charge 6
2024-12-23T01:58:39Z,74.0,Charge 6
2024-12-23T01:58:40Z,73.0,Charge 6
2024-12-23T01:58:42Z,72.0,Charge 6
2024-12-23T01:58:43Z,71.0,Charge 6
2024-12-23T01:58:45Z,70.0,Charge 6
2024-12-23T01:58:47Z,68.0,Charge 6
2024-12-23T01:58:49Z,67.0,Charge 6
2024-12-23T01:58:51Z,66.0,Charge 6
2024-12-23T01:58:53Z,65.0,Charge 6
2024-12-23T01:58:55Z,64.0,Charge 6
2024-12-23T01:58:58Z,64.0,Charge 6
2024-12-23T01:58:59Z,63.0,Charge 6
2024-12-23T01:59:02Z,63.0,Charge 6
2024-12-23T01:59:03Z,64.0,Charge 6
2024-12-23T01:59:06Z,66.0,Charge 6
2024-12-23T01:59:08Z,67.0,Charge 6
2024-12-23T01:59:10Z,68.0,Charge 6
2024-12-23T01:59:12Z,69.0,Charge 6
2024-12-23T01:59:14Z,70.0,Charge 6
2024-12-23T01:59:16Z,69.0,Charge 6
2024-12-23T01:59:18Z,68.0,Charge 6
2024-12-23T01:59:21Z,68.0,Charge 6
2024-12-23T01:59:22Z,69.0,Charge 6
2024-12-23T01:59:25Z,69.0,Charge 6
2024-12-23T01:59:26Z,68.0,Charge 6
2024-12-23T01:59:29Z,68.0,Charge 6
2024-12-23T01:59:30Z,67.0,Charge 6
2024-12-23T01:59:31Z,66.0,Charge 6
2024-12-23T01:59:34Z,66.0,Charge 6
2024-12-23T01:59:37Z,65.0,Charge 6
2024-12-23T01:59:39Z,64.0,Charge 6
2024-12-23T01:59:42Z,64.0,Charge 6
2024-12-23T01:59:45Z,64.0,Charge 6
2024-12-23T01:59:47Z,65.0,Charge 6
2024-12-23T01:59:49Z,66.0,Charge 6
2024-12-23T01:59:52Z,66.0,Charge 6
2024-12-23T01:59:53Z,68.0,Charge 6
2024-12-23T01:59:56Z,68.0,Charge 6
2024-12-23T01:59:59Z,68.0,Charge 6
2024-12-23T02:00:02Z,69.0,Charge 6
2024-12-23T02:00:05Z,69.0,Charge 6
2024-12-23T02:00:06Z,68.0,Charge 6
2024-12-23T02:00:08Z,67.0,Charge 6
2024-12-23T02:00:10Z,66.0,Charge 6
2024-12-23T02:00:12Z,64.0,Charge 6
2024-12-23T02:00:15Z,64.0,Charge 6
2024-12-23T02:00:18Z,64.0,Charge 6
2024-12-23T02:00:21Z,65.0,Charge 6
2024-12-23T02:00:23Z,66.0,Charge 6
2024-12-23T02:00:25Z,66.0,Charge 6
2024-12-23T02:00:27Z,67.0,Charge 6
2024-12-23T02:00:29Z,68.0,Charge 6
2024-12-23T02:00:31Z,69.0,Charge 6
2024-12-23T02:00:33Z,70.0,Charge 6
2024-12-23T02:00:35Z,72.0,Charge 6
2024-12-23T02:00:37Z,73.0,Charge 6
2024-12-23T02:00:40Z,73.0,Charge 6
2024-12-23T02:00:42Z,72.0,Charge 6
2024-12-23T02:00:44Z,70.0,Charge 6
2024-12-23T02:00:46Z,69.0,Charge 6
2024-12-23T02:00:48Z,68.0,Charge 6
2024-12-23T02:00:50Z,66.0,Charge 6
2024-12-23T02:00:52Z,65.0,Charge 6
2024-12-23T02:00:54Z,64.0,Charge 6
2024-12-23T02:00:56Z,63.0,Charge 6
2024-12-23T02:00:58Z,62.0,Charge 6
2024-12-23T02:01:01Z,62.0,Charge 6
2024-12-23T02:01:04Z,62.0,Charge 6
2024-12-23T02:01:07Z,62.0,Charge 6
2024-12-23T02:01:10Z,62.0,Charge 6
2024-12-23T02:01:13Z,63.0,Charge 6
2024-12-23T02:01:16Z,63.0,Charge 6
2024-12-23T02:01:19Z,62.0,Charge 6
2024-12-23T02:01:22Z,62.0,Charge 6
2024-12-23T02:01:25Z,62.0,Charge 6
2024-12-23T02:01:27Z,63.0,Charge 6
2024-12-23T02:01:29Z,64.0,Charge 6
2024-12-23T02:01:32Z,64.0,Charge 6
2024-12-23T02:01:35Z,64.0,Charge 6
2024-12-23T02:01:38Z,64.0,Charge 6
2024-12-23T02:01:41Z,64.0,Charge 6
2024-12-23T02:01:44Z,64.0,Charge 6
2024-12-23T02:01:47Z,64.0,Charge 6
2024-12-23T02:01:50Z,64.0,Charge 6
2024-12-23T02:01:53Z,64.0,Charge 6
2024-12-23T02:01:56Z,64.0,Charge 6
2024-12-23T02:01:59Z,64.0,Charge 6
2024-12-23T02:02:02Z,64.0,Charge 6
2024-12-23T02:02:05Z,64.0,Charge 6
2024-12-23T02:02:08Z,64.0,Charge 6
2024-12-23T02:02:11Z,64.0,Charge 6
2024-12-23T02:02:14Z,64.0,Charge 6
2024-12-23T02:02:17Z,64.0,Charge 6
2024-12-23T02:02:20Z,64.0,Charge 6
2024-12-23T02:02:23Z,64.0,Charge 6
2024-12-23T02:02:26Z,64.0,Charge 6
2024-12-23T02:02:29Z,65.0,Charge 6
2024-12-23T02:02:32Z,65.0,Charge 6
2024-12-23T02:02:33Z,66.0,Charge 6
2024-12-23T02:02:36Z,66.0,Charge 6
2024-12-23T02:02:39Z,66.0,Charge 6
2024-12-23T02:02:42Z,66.0,Charge 6
2024-12-23T02:02:45Z,66.0,Charge 6
2024-12-23T02:02:46Z,66.0,Charge 6
2024-12-23T02:02:48Z,65.0,Charge 6
2024-12-23T02:02:50Z,64.0,Charge 6
2024-12-23T02:02:53Z,64.0,Charge 6
2024-12-23T02:02:56Z,65.0,Charge 6
2024-12-23T02:02:59Z,65.0,Charge 6
2024-12-23T02:03:02Z,65.0,Charge 6
2024-12-23T02:03:05Z,65.0,Charge 6
2024-12-23T02:03:07Z,66.0,Charge 6
2024-12-23T02:03:10Z,66.0,Charge 6
2024-12-23T02:03:13Z,66.0,Charge 6
2024-12-23T02:03:15Z,65.0,Charge 6
2024-12-23T02:03:18Z,65.0,Charge 6
2024-12-23T02:03:21Z,64.0,Charge 6
2024-12-23T02:03:24Z,64.0,Charge 6
2024-12-23T02:03:26Z,65.0,Charge 6
2024-12-23T02:03:29Z,65.0,Charge 6
2024-12-23T02:03:30Z,64.0,Charge 6
2024-12-23T02:03:33Z,64.0,Charge 6
2024-12-23T02:03:36Z,65.0,Charge 6
2024-12-23T02:03:39Z,65.0,Charge 6
2024-12-23T02:03:42Z,66.0,Charge 6
2024-12-23T02:03:45Z,66.0,Charge 6
2024-12-23T02:03:48Z,66.0,Charge 6
2024-12-23T02:03:51Z,66.0,Charge 6
2024-12-23T02:03:54Z,66.0,Charge 6
2024-12-23T02:03:57Z,66.0,Charge 6
2024-12-23T02:03:59Z,65.0,Charge 6
2024-12-23T02:04:01Z,64.0,Charge 6
2024-12-23T02:04:04Z,64.0,Charge 6
2024-12-23T02:04:07Z,64.0,Charge 6
2024-12-23T02:04:10Z,64.0,Charge 6
2024-12-23T02:04:11Z,65.0,Charge 6
2024-12-23T02:04:14Z,66.0,Charge 6
2024-12-23T02:04:17Z,66.0,Charge 6
2024-12-23T02:04:20Z,66.0,Charge 6
2024-12-23T02:04:23Z,66.0,Charge 6
2024-12-23T02:04:26Z,66.0,Charge 6
2024-12-23T02:04:29Z,66.0,Charge 6
2024-12-23T02:04:32Z,66.0,Charge 6
2024-12-23T02:04:35Z,66.0,Charge 6
2024-12-23T02:04:38Z,66.0,Charge 6
2024-12-23T02:04:41Z,66.0,Charge 6
2024-12-23T02:04:44Z,66.0,Charge 6
2024-12-23T02:04:45Z,65.0,Charge 6
2024-12-23T02:04:48Z,65.0,Charge 6
2024-12-23T02:04:51Z,65.0,Charge 6
2024-12-23T02:04:54Z,65.0,Charge 6
2024-12-23T02:04:57Z,65.0,Charge 6
2024-12-23T02:05:00Z,65.0,Charge 6
2024-12-23T02:05:03Z,65.0,Charge 6
2024-12-23T02:05:04Z,66.0,Charge 6
2024-12-23T02:05:07Z,66.0,Charge 6
2024-12-23T02:05:10Z,66.0,Charge 6
2024-12-23T02:05:12Z,66.0,Charge 6
2024-12-23T02:05:15Z,66.0,Charge 6
2024-12-23T02:05:18Z,66.0,Charge 6
2024-12-23T02:05:21Z,66.0,Charge 6
2024-12-23T02:05:24Z,66.0,Charge 6
2024-12-23T02:05:27Z,66.0,Charge 6
2024-12-23T02:05:29Z,68.0,Charge 6
2024-12-23T02:05:32Z,68.0,Charge 6
2024-12-23T02:05:35Z,68.0,Charge 6
2024-12-23T02:05:37Z,69.0,Charge 6
2024-12-23T02:05:39Z,68.0,Charge 6
2024-12-23T02:05:42Z,68.0,Charge 6
2024-12-23T02:05:45Z,68.0,Charge 6
2024-12-23T02:05:48Z,68.0,Charge 6
2024-12-23T02:05:51Z,68.0,Charge 6
2024-12-23T02:05:54Z,67.0,Charge 6
2024-12-23T02:05:56Z,66.0,Charge 6
2024-12-23T02:05:59Z,66.0,Charge 6
2024-12-23T02:06:02Z,65.0,Charge 6
2024-12-23T02:06:04Z,64.0,Charge 6
2024-12-23T02:06:07Z,64.0,Charge 6
2024-12-23T02:06:08Z,65.0,Charge 6
2024-12-23T02:06:11Z,65.0,Charge 6
2024-12-23T02:06:14Z,65.0,Charge 6
2024-12-23T02:06:15Z,64.0,Charge 6
2024-12-23T02:06:18Z,64.0,Charge 6
2024-12-23T02:06:19Z,65.0,Charge 6
2024-12-23T02:06:21Z,66.0,Charge 6
2024-12-23T02:06:24Z,66.0,Charge 6
2024-12-23T02:06:27Z,66.0,Charge 6
2024-12-23T02:06:29Z,68.0,Charge 6
2024-12-23T02:06:32Z,68.0,Charge 6
2024-12-23T02:06:33Z,69.0,Charge 6
2024-12-23T02:06:35Z,70.0,Charge 6
2024-12-23T02:06:37Z,72.0,Charge 6
2024-12-23T02:06:40Z,74.0,Charge 6
2024-12-23T02:06:42Z,76.0,Charge 6
2024-12-23T02:06:44Z,76.0,Charge 6
2024-12-23T02:06:46Z,78.0,Charge 6
2024-12-23T02:06:48Z,80.0,Charge 6
2024-12-23T02:06:51Z,80.0,Charge 6
2024-12-23T02:06:52Z,78.0,Charge 6
2024-12-23T02:06:54Z,76.0,Charge 6
2024-12-23T02:06:56Z,74.0,Charge 6
2024-12-23T02:06:58Z,72.0,Charge 6
2024-12-23T02:07:00Z,71.0,Charge 6
2024-12-23T02:07:02Z,70.0,Charge 6
2024-12-23T02:07:03Z,69.0,Charge 6
2024-12-23T02:07:06Z,69.0,Charge 6
2024-12-23T02:07:07Z,68.0,Charge 6
2024-12-23T02:07:10Z,68.0,Charge 6
2024-12-23T02:07:13Z,68.0,Charge 6
2024-12-23T02:07:15Z,69.0,Charge 6
2024-12-23T02:07:17Z,70.0,Charge 6
2024-12-23T02:07:19Z,70.0,Charge 6
2024-12-23T02:07:21Z,68.0,Charge 6
2024-12-23T02:07:24Z,68.0,Charge 6
2024-12-23T02:07:25Z,66.0,Charge 6
2024-12-23T02:07:26Z,65.0,Charge 6
2024-12-23T02:07:28Z,64.0,Charge 6
2024-12-23T02:07:31Z,64.0,Charge 6
2024-12-23T02:07:32Z,63.0,Charge 6
2024-12-23T02:07:35Z,63.0,Charge 6
2024-12-23T02:07:36Z,62.0,Charge 6
2024-12-23T02:07:38Z,61.0,Charge 6
2024-12-23T02:07:40Z,60.0,Charge 6
2024-12-23T02:07:43Z,60.0,Charge 6
2024-12-23T02:07:46Z,61.0,Charge 6
2024-12-23T02:07:48Z,62.0,Charge 6
2024-12-23T02:07:51Z,62.0,Charge 6
2024-12-23T02:07:54Z,62.0,Charge 6
2024-12-23T02:07:57Z,62.0,Charge 6
2024-12-23T02:07:59Z,63.0,Charge 6
2024-12-23T02:08:02Z,63.0,Charge 6
2024-12-23T02:08:03Z,64.0,Charge 6
2024-12-23T02:08:05Z,63.0,Charge 6
2024-12-23T02:08:08Z,63.0,Charge 6
2024-12-23T02:08:09Z,62.0,Charge 6
2024-12-23T02:08:12Z,62.0,Charge 6
2024-12-23T02:08:15Z,62.0,Charge 6
2024-12-23T02:08:18Z,63.0,Charge 6
2024-12-23T02:08:20Z,64.0,Charge 6
2024-12-23T02:08:23Z,64.0,Charge 6
2024-12-23T02:08:26Z,64.0,Charge 6
2024-12-23T02:08:29Z,64.0,Charge 6
2024-12-23T02:08:32Z,65.0,Charge 6
2024-12-23T02:08:35Z,65.0,Charge 6
2024-12-23T02:08:38Z,66.0,Charge 6
2024-12-23T02:08:41Z,66.0,Charge 6
2024-12-23T02:08:44Z,66.0,Charge 6
2024-12-23T02:08:47Z,65.0,Charge 6
2024-12-23T02:08:49Z,64.0,Charge 6
2024-12-23T02:08:52Z,64.0,Charge 6
2024-12-23T02:08:55Z,64.0,Charge 6
2024-12-23T02:08:58Z,64.0,Charge 6
2024-12-23T02:09:01Z,64.0,Charge 6
2024-12-23T02:09:04Z,65.0,Charge 6
2024-12-23T02:09:06Z,66.0,Charge 6
2024-12-23T02:09:09Z,66.0,Charge 6
2024-12-23T02:09:12Z,66.0,Charge 6
2024-12-23T02:09:15Z,66.0,Charge 6
2024-12-23T02:09:18Z,66.0,Charge 6
2024-12-23T02:09:21Z,66.0,Charge 6
2024-12-23T02:09:24Z,65.0,Charge 6
2024-12-23T02:09:27Z,65.0,Charge 6
2024-12-23T02:09:29Z,64.0,Charge 6
2024-12-23T02:09:32Z,64.0,Charge 6
2024-12-23T02:09:35Z,64.0,Charge 6
2024-12-23T02:09:37Z,64.0,Charge 6
2024-12-23T02:09:39Z,65.0,Charge 6
2024-12-23T02:09:42Z,65.0,Charge 6
2024-12-23T02:09:45Z,65.0,Charge 6
2024-12-23T02:09:48Z,65.0,Charge 6
2024-12-23T02:09:49Z,66.0,Charge 6
2024-12-23T02:09:52Z,66.0,Charge 6
2024-12-23T02:09:54Z,65.0,Charge 6
2024-12-23T02:09:57Z,65.0,Charge 6
2024-12-23T02:09:58Z,66.0,Charge 6
2024-12-23T02:10:01Z,66.0,Charge 6
2024-12-23T02:10:02Z,65.0,Charge 6
2024-12-23T02:10:05Z,65.0,Charge 6
2024-12-23T02:10:06Z,64.0,Charge 6
2024-12-23T02:10:09Z,64.0,Charge 6
2024-12-23T02:10:12Z,64.0,Charge 6
2024-12-23T02:10:14Z,65.0,Charge 6
2024-12-23T02:10:15Z,66.0,Charge 6
2024-12-23T02:10:18Z,66.0,Charge 6
2024-12-23T02:10:19Z,65.0,Charge 6
2024-12-23T02:10:21Z,64.0,Charge 6
2024-12-23T02:10:24Z,64.0,Charge 6
2024-12-23T02:10:27Z,64.0,Charge 6
2024-12-23T02:10:30Z,64.0,Charge 6
2024-12-23T02:10:31Z,65.0,Charge 6
2024-12-23T02:10:34Z,65.0,Charge 6
2024-12-23T02:10:35Z,66.0,Charge 6
2024-12-23T02:10:37Z,65.0,Charge 6
2024-12-23T02:10:38Z,64.0,Charge 6
2024-12-23T02:10:41Z,64.0,Charge 6
2024-12-23T02:10:44Z,64.0,Charge 6
2024-12-23T02:10:47Z,64.0,Charge 6
2024-12-23T02:10:50Z,64.0,Charge 6
2024-12-23T02:10:53Z,64.0,Charge 6
2024-12-23T02:10:56Z,63.0,Charge 6
2024-12-23T02:10:59Z,63.0,Charge 6
2024-12-23T02:11:02Z,64.0,Charge 6
2024-12-23T02:11:05Z,64.0,Charge 6
2024-12-23T02:11:08Z,64.0,Charge 6
2024-12-23T02:11:09Z,65.0,Charge 6
2024-12-23T02:11:12Z,65.0,Charge 6
2024-12-23T02:11:13Z,64.0,Charge 6
2024-12-23T02:11:16Z,64.0,Charge 6
2024-12-23T02:11:19Z,64.0,Charge 6
2024-12-23T02:11:21Z,65.0,Charge 6
2024-12-23T02:11:24Z,65.0,Charge 6
2024-12-23T02:11:25Z,66.0,Charge 6
2024-12-23T02:11:28Z,66.0,Charge 6
2024-12-23T02:11:30Z,65.0,Charge 6
2024-12-23T02:11:33Z,65.0,Charge 6
2024-12-23T02:11:34Z,64.0,Charge 6
2024-12-23T02:11:36Z,65.0,Charge 6
2024-12-23T02:11:39Z,65.0,Charge 6
2024-12-23T02:11:42Z,66.0,Charge 6
2024-12-23T02:11:44Z,66.0,Charge 6
2024-12-23T02:11:47Z,66.0,Charge 6
2024-12-23T02:11:50Z,66.0,Charge 6
2024-12-23T02:11:51Z,67.0,Charge 6
2024-12-23T02:11:53Z,68.0,Charge 6
2024-12-23T02:11:55Z,67.0,Charge 6
2024-12-23T02:11:58Z,67.0,Charge 6
2024-12-23T02:11:59Z,66.0,Charge 6
2024-12-23T02:12:02Z,66.0,Charge 6
2024-12-23T02:12:05Z,66.0,Charge 6
2024-12-23T02:12:07Z,65.0,Charge 6
2024-12-23T02:12:09Z,64.0,Charge 6
2024-12-23T02:12:12Z,64.0,Charge 6
2024-12-23T02:12:15Z,64.0,Charge 6
2024-12-23T02:12:18Z,64.0,Charge 6
2024-12-23T02:12:21Z,64.0,Charge 6
2024-12-23T02:12:24Z,64.0,Charge 6
2024-12-23T02:12:27Z,64.0,Charge 6
2024-12-23T02:12:30Z,65.0,Charge 6
2024-12-23T02:12:33Z,65.0,Charge 6
2024-12-23T02:12:36Z,64.0,Charge 6
2024-12-23T02:12:39Z,64.0,Charge 6
2024-12-23T02:12:42Z,64.0,Charge 6
2024-12-23T02:12:45Z,64.0,Charge 6
2024-12-23T02:12:48Z,64.0,Charge 6
2024-12-23T02:12:51Z,64.0,Charge 6
2024-12-23T02:12:54Z,64.0,Charge 6
2024-12-23T02:12:55Z,64.0,Charge 6
2024-12-23T02:12:58Z,64.0,Charge 6
2024-12-23T02:13:01Z,64.0,Charge 6
2024-12-23T02:13:04Z,64.0,Charge 6
2024-12-23T02:13:07Z,64.0,Charge 6
2024-12-23T02:13:10Z,64.0,Charge 6
2024-12-23T02:13:13Z,64.0,Charge 6
2024-12-23T02:13:16Z,64.0,Charge 6
2024-12-23T02:13:19Z,64.0,Charge 6
2024-12-23T02:13:22Z,63.0,Charge 6
2024-12-23T02:13:25Z,63.0,Charge 6
2024-12-23T02:13:28Z,63.0,Charge 6
2024-12-23T02:13:29Z,64.0,Charge 6
2024-12-23T02:13:32Z,64.0,Charge 6
2024-12-23T02:13:35Z,64.0,Charge 6
2024-12-23T02:13:38Z,64.0,Charge 6
2024-12-23T02:13:41Z,64.0,Charge 6
2024-12-23T02:13:44Z,64.0,Charge 6
2024-12-23T02:13:47Z,64.0,Charge 6
2024-12-23T02:13:50Z,64.0,Charge 6
2024-12-23T02:13:53Z,64.0,Charge 6
2024-12-23T02:13:54Z,65.0,Charge 6
2024-12-23T02:13:57Z,65.0,Charge 6
2024-12-23T02:14:00Z,65.0,Charge 6
2024-12-23T02:14:02Z,64.0,Charge 6
2024-12-23T02:14:04Z,65.0,Charge 6
2024-12-23T02:14:07Z,65.0,Charge 6
2024-12-23T02:14:08Z,65.0,Charge 6
2024-12-23T02:14:11Z,65.0,Charge 6
2024-12-23T02:14:14Z,65.0,Charge 6
2024-12-23T02:14:17Z,66.0,Charge 6
2024-12-23T02:14:20Z,66.0,Charge 6
2024-12-23T02:14:23Z,66.0,Charge 6
2024-12-23T02:14:26Z,66.0,Charge 6
2024-12-23T02:14:27Z,65.0,Charge 6
2024-12-23T02:14:30Z,65.0,Charge 6
2024-12-23T02:14:33Z,65.0,Charge 6
2024-12-23T02:14:35Z,64.0,Charge 6
2024-12-23T02:14:38Z,64.0,Charge 6
2024-12-23T02:14:41Z,64.0,Charge 6
2024-12-23T02:14:44Z,64.0,Charge 6
2024-12-23T02:14:47Z,64.0,Charge 6
2024-12-23T02:14:50Z,64.0,Charge 6
2024-12-23T02:14:53Z,64.0,Charge 6
2024-12-23T02:14:56Z,64.0,Charge 6
2024-12-23T02:14:59Z,64.0,Charge 6
2024-12-23T02:15:02Z,64.0,Charge 6
2024-12-23T02:15:05Z,65.0,Charge 6
2024-12-23T02:15:08Z,65.0,Charge 6
2024-12-23T02:15:11Z,64.0,Charge 6
2024-12-23T02:15:13Z,65.0,Charge 6
2024-12-23T02:15:16Z,65.0,Charge 6
2024-12-23T02:15:17Z,64.0,Charge 6
2024-12-23T02:15:20Z,64.0,Charge 6
2024-12-23T02:15:21Z,64.0,Charge 6
2024-12-23T02:15:24Z,64.0,Charge 6
2024-12-23T02:15:27Z,64.0,Charge 6
2024-12-23T02:15:30Z,63.0,Charge 6
2024-12-23T02:15:33Z,63.0,Charge 6
2024-12-23T02:15:34Z,64.0,Charge 6
2024-12-23T02:15:37Z,64.0,Charge 6
2024-12-23T02:15:40Z,64.0,Charge 6
2024-12-23T02:15:43Z,64.0,Charge 6
2024-12-23T02:15:46Z,64.0,Charge 6
2024-12-23T02:15:49Z,64.0,Charge 6
2024-12-23T02:15:50Z,65.0,Charge 6
2024-12-23T02:15:51Z,64.0,Charge 6
2024-12-23T02:15:54Z,64.0,Charge 6
2024-12-23T02:15:57Z,64.0,Charge 6
2024-12-23T02:15:59Z,63.0,Charge 6
2024-12-23T02:16:02Z,63.0,Charge 6
2024-12-23T02:16:05Z,63.0,Charge 6
2024-12-23T02:16:07Z,64.0,Charge 6
2024-12-23T02:16:10Z,64.0,Charge 6
2024-12-23T02:16:13Z,64.0,Charge 6
2024-12-23T02:16:16Z,64.0,Charge 6
2024-12-23T02:16:19Z,64.0,Charge 6
2024-12-23T02:16:22Z,65.0,Charge 6
2024-12-23T02:16:25Z,65.0,Charge 6
2024-12-23T02:16:26Z,66.0,Charge 6
2024-12-23T02:16:28Z,65.0,Charge 6
2024-12-23T02:16:30Z,66.0,Charge 6
2024-12-23T02:16:33Z,66.0,Charge 6
2024-12-23T02:16:36Z,66.0,Charge 6
2024-12-23T02:16:39Z,65.0,Charge 6
2024-12-23T02:16:42Z,65.0,Charge 6
2024-12-23T02:16:43Z,64.0,Charge 6
2024-12-23T02:16:46Z,64.0,Charge 6
2024-12-23T02:16:49Z,64.0,Charge 6
2024-12-23T02:16:52Z,64.0,Charge 6
2024-12-23T02:16:55Z,64.0,Charge 6
2024-12-23T02:16:58Z,64.0,Charge 6
2024-12-23T02:17:01Z,64.0,Charge 6
2024-12-23T02:17:04Z,64.0,Charge 6
2024-12-23T02:17:07Z,64.0,Charge 6
2024-12-23T02:17:10Z,64.0,Charge 6
2024-12-23T02:17:13Z,64.0,Charge 6
2024-12-23T02:17:16Z,64.0,Charge 6
2024-12-23T02:17:19Z,64.0,Charge 6
2024-12-23T02:17:22Z,64.0,Charge 6
2024-12-23T02:17:25Z,64.0,Charge 6
2024-12-23T02:17:28Z,64.0,Charge 6
2024-12-23T02:17:31Z,64.0,Charge 6
2024-12-23T02:17:34Z,64.0,Charge 6
2024-12-23T02:17:37Z,64.0,Charge 6
2024-12-23T02:17:40Z,64.0,Charge 6
2024-12-23T02:17:43Z,64.0,Charge 6
2024-12-23T02:17:45Z,65.0,Charge 6
2024-12-23T02:17:47Z,65.0,Charge 6
2024-12-23T02:17:50Z,65.0,Charge 6
2024-12-23T02:17:52Z,64.0,Charge 6
2024-12-23T02:17:55Z,64.0,Charge 6
2024-12-23T02:17:58Z,64.0,Charge 6
2024-12-23T02:18:01Z,64.0,Charge 6
2024-12-23T02:18:04Z,64.0,Charge 6
2024-12-23T02:18:07Z,64.0,Charge 6
2024-12-23T02:18:10Z,64.0,Charge 6
2024-12-23T02:18:13Z,64.0,Charge 6
2024-12-23T02:18:16Z,64.0,Charge 6
2024-12-23T02:18:19Z,64.0,Charge 6
2024-12-23T02:18:22Z,64.0,Charge 6
2024-12-23T02:18:25Z,64.0,Charge 6
2024-12-23T02:18:28Z,64.0,Charge 6
2024-12-23T02:18:31Z,64.0,Charge 6
2024-12-23T02:18:34Z,64.0,Charge 6
2024-12-23T02:18:37Z,64.0,Charge 6
2024-12-23T02:18:38Z,65.0,Charge 6
2024-12-23T02:18:40Z,66.0,Charge 6
2024-12-23T02:18:43Z,66.0,Charge 6
2024-12-23T02:18:46Z,66.0,Charge 6
2024-12-23T02:18:48Z,65.0,Charge 6
2024-12-23T02:18:51Z,65.0,Charge 6
2024-12-23T02:18:52Z,64.0,Charge 6
2024-12-23T02:18:55Z,64.0,Charge 6
2024-12-23T02:18:58Z,64.0,Charge 6
2024-12-23T02:19:00Z,64.0,Charge 6
2024-12-23T02:19:03Z,64.0,Charge 6
2024-12-23T02:19:06Z,64.0,Charge 6
2024-12-23T02:19:09Z,64.0,Charge 6
2024-12-23T02:19:12Z,64.0,Charge 6
2024-12-23T02:19:15Z,64.0,Charge 6
2024-12-23T02:19:18Z,64.0,Charge 6
2024-12-23T02:19:21Z,64.0,Charge 6
2024-12-23T02:19:24Z,64.0,Charge 6
2024-12-23T02:19:25Z,63.0,Charge 6
2024-12-23T02:19:28Z,63.0,Charge 6
2024-12-23T02:19:31Z,63.0,Charge 6
2024-12-23T02:19:32Z,64.0,Charge 6
2024-12-23T02:19:35Z,64.0,Charge 6
2024-12-23T02:19:38Z,65.0,Charge 6
2024-12-23T02:19:41Z,65.0,Charge 6
2024-12-23T02:19:44Z,65.0,Charge 6
2024-12-23T02:19:47Z,65.0,Charge 6
2024-12-23T02:19:50Z,64.0,Charge 6
2024-12-23T02:19:53Z,64.0,Charge 6
2024-12-23T02:19:56Z,64.0,Charge 6
2024-12-23T02:19:59Z,64.0,Charge 6
2024-12-23T02:20:01Z,65.0,Charge 6
2024-12-23T02:20:04Z,65.0,Charge 6
2024-12-23T02:20:07Z,65.0,Charge 6
2024-12-23T02:20:09Z,64.0,Charge 6
2024-12-23T02:20:12Z,64.0,Charge 6
2024-12-23T02:20:13Z,64.0,Charge 6
2024-12-23T02:20:14Z,65.0,Charge 6
2024-12-23T02:20:17Z,65.0,Charge 6
2024-12-23T02:20:18Z,64.0,Charge 6
2024-12-23T02:20:21Z,64.0,Charge 6
2024-12-23T02:20:24Z,64.0,Charge 6
2024-12-23T02:20:27Z,64.0,Charge 6
2024-12-23T02:20:28Z,63.0,Charge 6
2024-12-23T02:20:31Z,63.0,Charge 6
2024-12-23T02:20:34Z,63.0,Charge 6
2024-12-23T02:20:36Z,62.0,Charge 6
2024-12-23T02:20:39Z,62.0,Charge 6
2024-12-23T02:20:41Z,63.0,Charge 6
2024-12-23T02:20:43Z,64.0,Charge 6
2024-12-23T02:20:46Z,64.0,Charge 6
2024-12-23T02:20:49Z,64.0,Charge 6
2024-12-23T02:20:52Z,64.0,Charge 6
2024-12-23T02:20:55Z,64.0,Charge 6
2024-12-23T02:20:58Z,64.0,Charge 6
2024-12-23T02:21:01Z,63.0,Charge 6
2024-12-23T02:21:04Z,63.0,Charge 6
2024-12-23T02:21:07Z,63.0,Charge 6
2024-12-23T02:21:10Z,63.0,Charge 6
2024-12-23T02:21:13Z,63.0,Charge 6
2024-12-23T02:21:14Z,64.0,Charge 6
2024-12-23T02:21:17Z,64.0,Charge 6
2024-12-23T02:21:20Z,64.0,Charge 6
2024-12-23T02:21:22Z,64.0,Charge 6
2024-12-23T02:21:25Z,64.0,Charge 6
2024-12-23T02:21:28Z,64.0,Charge 6
2024-12-23T02:21:29Z,65.0,Charge 6
2024-12-23T02:21:32Z,65.0,Charge 6
2024-12-23T02:21:35Z,65.0,Charge 6
2024-12-23T02:21:38Z,65.0,Charge 6
2024-12-23T02:21:41Z,65.0,Charge 6
2024-12-23T02:21:44Z,65.0,Charge 6
2024-12-23T02:21:45Z,64.0,Charge 6
2024-12-23T02:21:47Z,63.0,Charge 6
2024-12-23T02:21:49Z,62.0,Charge 6
2024-12-23T02:21:52Z,62.0,Charge 6
2024-12-23T02:21:54Z,63.0,Charge 6
2024-12-23T02:21:56Z,64.0,Charge 6
2024-12-23T02:21:59Z,64.0,Charge 6
2024-12-23T02:22:02Z,64.0,Charge 6
2024-12-23T02:22:05Z,64.0,Charge 6
2024-12-23T02:22:06Z,65.0,Charge 6
2024-12-23T02:22:08Z,66.0,Charge 6
2024-12-23T02:22:10Z,65.0,Charge 6
2024-12-23T02:22:13Z,65.0,Charge 6
2024-12-23T02:22:14Z,64.0,Charge 6
2024-12-23T02:22:15Z,65.0,Charge 6
2024-12-23T02:22:18Z,65.0,Charge 6
2024-12-23T02:22:21Z,65.0,Charge 6
2024-12-23T02:22:24Z,65.0,Charge 6
2024-12-23T02:22:25Z,66.0,Charge 6
2024-12-23T02:22:27Z,65.0,Charge 6
2024-12-23T02:22:30Z,65.0,Charge 6
2024-12-23T02:22:33Z,65.0,Charge 6
2024-12-23T02:22:36Z,65.0,Charge 6
2024-12-23T02:22:39Z,65.0,Charge 6
2024-12-23T02:22:40Z,64.0,Charge 6
2024-12-23T02:22:43Z,64.0,Charge 6
2024-12-23T02:22:46Z,65.0,Charge 6
2024-12-23T02:22:48Z,64.0,Charge 6
2024-12-23T02:22:51Z,64.0,Charge 6
2024-12-23T02:22:54Z,65.0,Charge 6
2024-12-23T02:22:57Z,65.0,Charge 6
2024-12-23T02:23:00Z,65.0,Charge 6
2024-12-23T02:23:02Z,64.0,Charge 6
2024-12-23T02:23:05Z,64.0,Charge 6
2024-12-23T02:23:08Z,64.0,Charge 6
2024-12-23T02:23:11Z,64.0,Charge 6
2024-12-23T02:23:14Z,64.0,Charge 6
2024-12-23T02:23:17Z,64.0,Charge 6
2024-12-23T02:23:20Z,64.0,Charge 6
2024-12-23T02:23:23Z,64.0,Charge 6
2024-12-23T02:23:26Z,64.0,Charge 6
2024-12-23T02:23:29Z,64.0,Charge 6
2024-12-23T02:23:32Z,64.0,Charge 6
2024-12-23T02:23:35Z,64.0,Charge 6
2024-12-23T02:23:36Z,65.0,Charge 6
2024-12-23T02:23:38Z,65.0,Charge 6
2024-12-23T02:23:41Z,65.0,Charge 6
2024-12-23T02:23:44Z,65.0,Charge 6
2024-12-23T02:23:47Z,65.0,Charge 6
2024-12-23T02:23:48Z,66.0,Charge 6
2024-12-23T02:23:50Z,65.0,Charge 6
2024-12-23T02:23:53Z,64.0,Charge 6
2024-12-23T02:23:56Z,64.0,Charge 6
2024-12-23T02:23:59Z,64.0,Charge 6
2024-12-23T02:24:02Z,64.0,Charge 6
2024-12-23T02:24:05Z,64.0,Charge 6
2024-12-23T02:24:08Z,64.0,Charge 6
2024-12-23T02:24:11Z,64.0,Charge 6
2024-12-23T02:24:14Z,64.0,Charge 6
2024-12-23T02:24:16Z,65.0,Charge 6
2024-12-23T02:24:19Z,65.0,Charge 6
2024-12-23T02:24:20Z,66.0,Charge 6
2024-12-23T02:24:22Z,65.0,Charge 6
2024-12-23T02:24:25Z,65.0,Charge 6
2024-12-23T02:24:26Z,64.0,Charge 6
2024-12-23T02:24:29Z,64.0,Charge 6
2024-12-23T02:24:32Z,64.0,Charge 6
2024-12-23T02:24:35Z,64.0,Charge 6
2024-12-23T02:24:38Z,64.0,Charge 6
2024-12-23T02:24:41Z,64.0,Charge 6
2024-12-23T02:24:44Z,64.0,Charge 6
2024-12-23T02:24:45Z,63.0,Charge 6
2024-12-23T02:24:47Z,64.0,Charge 6
2024-12-23T02:24:50Z,64.0,Charge 6
2024-12-23T02:24:53Z,64.0,Charge 6
2024-12-23T02:24:56Z,64.0,Charge 6
2024-12-23T02:24:59Z,65.0,Charge 6
2024-12-23T02:25:01Z,66.0,Charge 6
2024-12-23T02:25:04Z,66.0,Charge 6
2024-12-23T02:25:07Z,66.0,Charge 6
2024-12-23T02:25:08Z,66.0,Charge 6
2024-12-23T02:25:10Z,66.0,Charge 6
2024-12-23T02:25:13Z,66.0,Charge 6
2024-12-23T02:25:16Z,66.0,Charge 6
2024-12-23T02:25:18Z,65.0,Charge 6
2024-12-23T02:25:21Z,65.0,Charge 6
2024-12-23T02:25:24Z,65.0,Charge 6
2024-12-23T02:25:27Z,65.0,Charge 6
2024-12-23T02:25:29Z,64.0,Charge 6
2024-12-23T02:25:32Z,64.0,Charge 6
2024-12-23T02:25:35Z,64.0,Charge 6
2024-12-23T02:25:37Z,65.0,Charge 6
2024-12-23T02:25:39Z,66.0,Charge 6
2024-12-23T02:25:42Z,66.0,Charge 6
2024-12-23T02:25:45Z,66.0,Charge 6
2024-12-23T02:25:48Z,66.0,Charge 6
2024-12-23T02:25:51Z,66.0,Charge 6
2024-12-23T02:25:54Z,66.0,Charge 6
2024-12-23T02:25:57Z,66.0,Charge 6
2024-12-23T02:25:58Z,65.0,Charge 6
2024-12-23T02:26:01Z,65.0,Charge 6
2024-12-23T02:26:04Z,65.0,Charge 6
2024-12-23T02:26:06Z,64.0,Charge 6
2024-12-23T02:26:09Z,64.0,Charge 6
2024-12-23T02:26:12Z,64.0,Charge 6
2024-12-23T02:26:15Z,64.0,Charge 6
2024-12-23T02:26:18Z,64.0,Charge 6
2024-12-23T02:26:21Z,64.0,Charge 6
2024-12-23T02:26:24Z,64.0,Charge 6
2024-12-23T02:26:27Z,64.0,Charge 6
2024-12-23T02:26:30Z,64.0,Charge 6
2024-12-23T02:26:33Z,64.0,Charge 6
2024-12-23T02:26:36Z,64.0,Charge 6
2024-12-23T02:26:39Z,64.0,Charge 6
2024-12-23T02:26:42Z,64.0,Charge 6
2024-12-23T02:26:45Z,64.0,Charge 6
2024-12-23T02:26:48Z,64.0,Charge 6
2024-12-23T02:26:51Z,64.0,Charge 6
2024-12-23T02:26:52Z,65.0,Charge 6
2024-12-23T02:26:54Z,66.0,Charge 6
2024-12-23T02:26:57Z,66.0,Charge 6
2024-12-23T02:27:00Z,66.0,Charge 6
2024-12-23T02:27:02Z,65.0,Charge 6
2024-12-23T02:27:03Z,64.0,Charge 6
2024-12-23T02:27:06Z,64.0,Charge 6
2024-12-23T02:27:09Z,65.0,Charge 6
2024-12-23T02:27:11Z,64.0,Charge 6
2024-12-23T02:27:14Z,64.0,Charge 6
2024-12-23T02:27:17Z,64.0,Charge 6
2024-12-23T02:27:20Z,64.0,Charge 6
2024-12-23T02:27:23Z,64.0,Charge 6
2024-12-23T02:27:26Z,64.0,Charge 6
2024-12-23T02:27:29Z,64.0,Charge 6
2024-12-23T02:27:32Z,64.0,Charge 6
2024-12-23T02:27:35Z,64.0,Charge 6
2024-12-23T02:27:38Z,63.0,Charge 6
2024-12-23T02:27:41Z,63.0,Charge 6
2024-12-23T02:27:44Z,63.0,Charge 6
2024-12-23T02:27:46Z,64.0,Charge 6
2024-12-23T02:27:49Z,64.0,Charge 6
2024-12-23T02:27:52Z,64.0,Charge 6
2024-12-23T02:27:53Z,65.0,Charge 6
2024-12-23T02:27:55Z,66.0,Charge 6
2024-12-23T02:27:58Z,66.0,Charge 6
2024-12-23T02:27:59Z,64.0,Charge 6
2024-12-23T02:28:02Z,64.0,Charge 6
2024-12-23T02:28:05Z,64.0,Charge 6
2024-12-23T02:28:08Z,64.0,Charge 6
2024-12-23T02:28:11Z,64.0,Charge 6
2024-12-23T02:28:14Z,65.0,Charge 6
2024-12-23T02:28:16Z,66.0,Charge 6
2024-12-23T02:28:19Z,66.0,Charge 6
2024-12-23T02:28:22Z,66.0,Charge 6
2024-12-23T02:28:24Z,65.0,Charge 6
2024-12-23T02:28:26Z,64.0,Charge 6
2024-12-23T02:28:29Z,64.0,Charge 6
2024-12-23T02:28:32Z,64.0,Charge 6
2024-12-23T02:28:35Z,64.0,Charge 6
2024-12-23T02:28:38Z,64.0,Charge 6
2024-12-23T02:28:41Z,64.0,Charge 6
2024-12-23T02:28:44Z,64.0,Charge 6
2024-12-23T02:28:47Z,64.0,Charge 6
2024-12-23T02:28:49Z,63.0,Charge 6
2024-12-23T02:28:52Z,63.0,Charge 6
2024-12-23T02:28:55Z,63.0,Charge 6
2024-12-23T02:28:57Z,62.0,Charge 6
2024-12-23T02:29:00Z,62.0,Charge 6
2024-12-23T02:29:03Z,62.0,Charge 6
2024-12-23T02:29:06Z,62.0,Charge 6
2024-12-23T02:29:09Z,62.0,Charge 6
2024-12-23T02:29:12Z,62.0,Charge 6
2024-12-23T02:29:14Z,63.0,Charge 6
2024-12-23T02:29:17Z,63.0,Charge 6
2024-12-23T02:29:20Z,63.0,Charge 6
2024-12-23T02:29:22Z,62.0,Charge 6
2024-12-23T02:29:24Z,63.0,Charge 6
2024-12-23T02:29:27Z,63.0,Charge 6
2024-12-23T02:29:30Z,63.0,Charge 6
2024-12-23T02:29:31Z,62.0,Charge 6
2024-12-23T02:29:34Z,62.0,Charge 6
2024-12-23T02:29:35Z,62.0,Charge 6
2024-12-23T02:29:38Z,62.0,Charge 6
2024-12-23T02:29:39Z,63.0,Charge 6
2024-12-23T02:29:41Z,64.0,Charge 6
2024-12-23T02:29:44Z,64.0,Charge 6
2024-12-23T02:29:45Z,63.0,Charge 6
2024-12-23T02:29:48Z,63.0,Charge 6
2024-12-23T02:29:50Z,64.0,Charge 6
2024-12-23T02:29:53Z,64.0,Charge 6
2024-12-23T02:29:56Z,64.0,Charge 6
2024-12-23T02:29:59Z,64.0,Charge 6
2024-12-23T02:30:02Z,64.0,Charge 6
2024-12-23T02:30:05Z,64.0,Charge 6
2024-12-23T02:30:08Z,64.0,Charge 6
2024-12-23T02:30:11Z,64.0,Charge 6
2024-12-23T02:30:14Z,64.0,Charge 6
2024-12-23T02:30:17Z,64.0,Charge 6
2024-12-23T02:30:20Z,64.0,Charge 6
2024-12-23T02:30:23Z,64.0,Charge 6
2024-12-23T02:30:26Z,64.0,Charge 6
2024-12-23T02:30:27Z,63.0,Charge 6
2024-12-23T02:30:30Z,63.0,Charge 6
2024-12-23T02:30:33Z,63.0,Charge 6
2024-12-23T02:30:36Z,63.0,Charge 6
2024-12-23T02:30:39Z,63.0,Charge 6
2024-12-23T02:30:40Z,64.0,Charge 6
2024-12-23T02:30:43Z,64.0,Charge 6
2024-12-23T02:30:44Z,64.0,Charge 6
2024-12-23T02:30:47Z,64.0,Charge 6
2024-12-23T02:30:48Z,63.0,Charge 6
2024-12-23T02:30:51Z,63.0,Charge 6
2024-12-23T02:30:54Z,64.0,Charge 6
2024-12-23T02:30:57Z,64.0,Charge 6
2024-12-23T02:31:00Z,64.0,Charge 6
2024-12-23T02:31:03Z,64.0,Charge 6
2024-12-23T02:31:06Z,64.0,Charge 6
2024-12-23T02:31:09Z,64.0,Charge 6
2024-12-23T02:31:12Z,64.0,Charge 6
2024-12-23T02:31:15Z,64.0,Charge 6
2024-12-23T02:31:18Z,64.0,Charge 6
2024-12-23T02:31:21Z,64.0,Charge 6
2024-12-23T02:31:23Z,65.0,Charge 6
2024-12-23T02:31:26Z,64.0,Charge 6
2024-12-23T02:31:29Z,64.0,Charge 6
2024-12-23T02:31:32Z,64.0,Charge 6
2024-12-23T02:31:35Z,64.0,Charge 6
2024-12-23T02:31:38Z,64.0,Charge 6
2024-12-23T02:31:41Z,64.0,Charge 6
2024-12-23T02:31:44Z,64.0,Charge 6
2024-12-23T02:31:47Z,64.0,Charge 6
2024-12-23T02:31:48Z,65.0,Charge 6
2024-12-23T02:31:51Z,65.0,Charge 6
2024-12-23T02:31:54Z,65.0,Charge 6
2024-12-23T02:31:57Z,65.0,Charge 6
2024-12-23T02:31:59Z,64.0,Charge 6
2024-12-23T02:32:02Z,64.0,Charge 6
2024-12-23T02:32:03Z,63.0,Charge 6
2024-12-23T02:32:05Z,62.0,Charge 6
2024-12-23T02:32:08Z,62.0,Charge 6
2024-12-23T02:32:11Z,62.0,Charge 6
2024-12-23T02:32:13Z,63.0,Charge 6
2024-12-23T02:32:14Z,64.0,Charge 6
2024-12-23T02:32:17Z,64.0,Charge 6
2024-12-23T02:32:20Z,64.0,Charge 6
2024-12-23T02:32:23Z,64.0,Charge 6
2024-12-23T02:32:26Z,64.0,Charge 6
2024-12-23T02:32:29Z,64.0,Charge 6
2024-12-23T02:32:32Z,64.0,Charge 6
2024-12-23T02:32:35Z,64.0,Charge 6
2024-12-23T02:32:38Z,64.0,Charge 6
2024-12-23T02:32:39Z,65.0,Charge 6
2024-12-23T02:32:42Z,65.0,Charge 6
2024-12-23T02:32:45Z,65.0,Charge 6
2024-12-23T02:32:48Z,64.0,Charge 6
2024-12-23T02:32:51Z,64.0,Charge 6
2024-12-23T02:32:54Z,64.0,Charge 6
2024-12-23T02:32:57Z,64.0,Charge 6
2024-12-23T02:33:00Z,64.0,Charge 6
2024-12-23T02:33:03Z,64.0,Charge 6
2024-12-23T02:33:06Z,64.0,Charge 6
2024-12-23T02:33:09Z,64.0,Charge 6
2024-12-23T02:33:11Z,64.0,Charge 6
2024-12-23T02:33:13Z,63.0,Charge 6
2024-12-23T02:33:16Z,63.0,Charge 6
2024-12-23T02:33:17Z,62.0,Charge 6
2024-12-23T02:33:20Z,62.0,Charge 6
2024-12-23T02:33:22Z,63.0,Charge 6
2024-12-23T02:33:25Z,63.0,Charge 6
2024-12-23T02:33:28Z,63.0,Charge 6
2024-12-23T02:33:30Z,62.0,Charge 6
2024-12-23T02:33:32Z,63.0,Charge 6
2024-12-23T02:33:35Z,63.0,Charge 6
2024-12-23T02:33:36Z,64.0,Charge 6
2024-12-23T02:33:38Z,65.0,Charge 6
2024-12-23T02:33:40Z,66.0,Charge 6
2024-12-23T02:33:42Z,64.0,Charge 6
2024-12-23T02:33:45Z,62.0,Charge 6
2024-12-23T02:33:48Z,62.0,Charge 6
2024-12-23T02:33:49Z,61.0,Charge 6
2024-12-23T02:33:51Z,60.0,Charge 6
2024-12-23T02:33:54Z,60.0,Charge 6
2024-12-23T02:33:57Z,62.0,Charge 6
2024-12-23T02:34:00Z,62.0,Charge 6
2024-12-23T02:34:03Z,62.0,Charge 6
2024-12-23T02:34:05Z,63.0,Charge 6
2024-12-23T02:34:08Z,63.0,Charge 6
2024-12-23T02:34:11Z,63.0,Charge 6
2024-12-23T02:34:12Z,64.0,Charge 6
2024-12-23T02:34:14Z,64.0,Charge 6
2024-12-23T02:34:17Z,64.0,Charge 6
2024-12-23T02:34:20Z,64.0,Charge 6
2024-12-23T02:34:23Z,64.0,Charge 6
2024-12-23T02:34:26Z,64.0,Charge 6
2024-12-23T02:34:29Z,64.0,Charge 6
2024-12-23T02:34:32Z,64.0,Charge 6
2024-12-23T02:34:33Z,63.0,Charge 6
2024-12-23T02:34:35Z,64.0,Charge 6
2024-12-23T02:34:38Z,64.0,Charge 6
2024-12-23T02:34:39Z,63.0,Charge 6
2024-12-23T02:34:42Z,63.0,Charge 6
2024-12-23T02:34:43Z,62.0,Charge 6
2024-12-23T02:34:46Z,62.0,Charge 6
2024-12-23T02:34:49Z,62.0,Charge 6
2024-12-23T02:34:52Z,62.0,Charge 6
2024-12-23T02:34:55Z,62.0,Charge 6
2024-12-23T02:34:58Z,62.0,Charge 6
2024-12-23T02:35:01Z,62.0,Charge 6
2024-12-23T02:35:02Z,63.0,Charge 6
2024-12-23T02:35:04Z,64.0,Charge 6
2024-12-23T02:35:07Z,64.0,Charge 6
2024-12-23T02:35:10Z,64.0,Charge 6
2024-12-23T02:35:13Z,64.0,Charge 6
2024-12-23T02:35:16Z,64.0,Charge 6
2024-12-23T02:35:19Z,64.0,Charge 6
2024-12-23T02:35:21Z,63.0,Charge 6
2024-12-23T02:35:23Z,62.0,Charge 6
2024-12-23T02:35:26Z,62.0,Charge 6
2024-12-23T02:35:27Z,63.0,Charge 6
2024-12-23T02:35:30Z,63.0,Charge 6
2024-12-23T02:35:31Z,64.0,Charge 6
2024-12-23T02:35:34Z,64.0,Charge 6
2024-12-23T02:35:37Z,63.0,Charge 6
2024-12-23T02:35:40Z,63.0,Charge 6
2024-12-23T02:35:41Z,64.0,Charge 6
2024-12-23T02:35:44Z,64.0,Charge 6
2024-12-23T02:35:47Z,64.0,Charge 6
2024-12-23T02:35:50Z,64.0,Charge 6
2024-12-23T02:35:53Z,64.0,Charge 6
2024-12-23T02:35:56Z,64.0,Charge 6
2024-12-23T02:35:59Z,64.0,Charge 6
2024-12-23T02:36:02Z,64.0,Charge 6
2024-12-23T02:36:05Z,64.0,Charge 6
2024-12-23T02:36:08Z,64.0,Charge 6
2024-12-23T02:36:11Z,64.0,Charge 6
2024-12-23T02:36:13Z,65.0,Charge 6
2024-12-23T02:36:15Z,66.0,Charge 6
2024-12-23T02:36:18Z,66.0,Charge 6
2024-12-23T02:36:19Z,65.0,Charge 6
2024-12-23T02:36:21Z,64.0,Charge 6
2024-12-23T02:36:24Z,64.0,Charge 6
2024-12-23T02:36:25Z,62.0,Charge 6
2024-12-23T02:36:28Z,62.0,Charge 6
2024-12-23T02:36:29Z,62.0,Charge 6
2024-12-23T02:36:32Z,62.0,Charge 6
2024-12-23T02:36:35Z,62.0,Charge 6
2024-12-23T02:36:38Z,62.0,Charge 6
2024-12-23T02:36:41Z,62.0,Charge 6
2024-12-23T02:36:44Z,62.0,Charge 6
2024-12-23T02:36:47Z,62.0,Charge 6
2024-12-23T02:36:48Z,61.0,Charge 6
2024-12-23T02:36:51Z,61.0,Charge 6
2024-12-23T02:36:52Z,62.0,Charge 6
2024-12-23T02:36:55Z,62.0,Charge 6
2024-12-23T02:36:58Z,62.0,Charge 6
2024-12-23T02:37:01Z,62.0,Charge 6
2024-12-23T02:37:03Z,64.0,Charge 6
2024-12-23T02:37:06Z,64.0,Charge 6
2024-12-23T02:37:09Z,63.0,Charge 6
2024-12-23T02:37:12Z,63.0,Charge 6
2024-12-23T02:37:15Z,62.0,Charge 6
2024-12-23T02:37:18Z,62.0,Charge 6
2024-12-23T02:37:21Z,62.0,Charge 6
2024-12-23T02:37:24Z,62.0,Charge 6
2024-12-23T02:37:27Z,62.0,Charge 6
2024-12-23T02:37:30Z,62.0,Charge 6
2024-12-23T02:37:33Z,62.0,Charge 6
2024-12-23T02:37:36Z,62.0,Charge 6
2024-12-23T02:37:38Z,63.0,Charge 6
2024-12-23T02:37:40Z,64.0,Charge 6
2024-12-23T02:37:42Z,64.0,Charge 6
2024-12-23T02:37:45Z,63.0,Charge 6
2024-12-23T02:37:47Z,62.0,Charge 6
2024-12-23T02:37:50Z,62.0,Charge 6
2024-12-23T02:37:53Z,63.0,Charge 6
2024-12-23T02:37:56Z,63.0,Charge 6
2024-12-23T02:37:59Z,63.0,Charge 6
2024-12-23T02:38:02Z,63.0,Charge 6
2024-12-23T02:38:05Z,62.0,Charge 6
2024-12-23T02:38:07Z,63.0,Charge 6
2024-12-23T02:38:10Z,63.0,Charge 6
2024-12-23T02:38:13Z,63.0,Charge 6
2024-12-23T02:38:14Z,62.0,Charge 6
2024-12-23T02:38:17Z,62.0,Charge 6
2024-12-23T02:38:20Z,62.0,Charge 6
2024-12-23T02:38:22Z,63.0,Charge 6
2024-12-23T02:38:24Z,64.0,Charge 6
2024-12-23T02:38:26Z,63.0,Charge 6
2024-12-23T02:38:28Z,64.0,Charge 6
2024-12-23T02:38:31Z,64.0,Charge 6
2024-12-23T02:38:34Z,64.0,Charge 6
2024-12-23T02:38:37Z,63.0,Charge 6
2024-12-23T02:38:39Z,62.0,Charge 6
2024-12-23T02:38:41Z,61.0,Charge 6
2024-12-23T02:38:44Z,61.0,Charge 6
2024-12-23T02:38:47Z,62.0,Charge 6
2024-12-23T02:38:50Z,62.0,Charge 6
2024-12-23T02:38:51Z,62.0,Charge 6
2024-12-23T02:38:54Z,62.0,Charge 6
2024-12-23T02:38:57Z,62.0,Charge 6
2024-12-23T02:38:58Z,63.0,Charge 6
2024-12-23T02:39:01Z,63.0,Charge 6
2024-12-23T02:39:04Z,63.0,Charge 6
2024-12-23T02:39:07Z,63.0,Charge 6
2024-12-23T02:39:10Z,63.0,Charge 6
2024-12-23T02:39:12Z,62.0,Charge 6
2024-12-23T02:39:15Z,62.0,Charge 6
2024-12-23T02:39:18Z,62.0,Charge 6
2024-12-23T02:39:21Z,62.0,Charge 6
2024-12-23T02:39:23Z,61.0,Charge 6
2024-12-23T02:39:26Z,61.0,Charge 6
2024-12-23T02:39:27Z,60.0,Charge 6
2024-12-23T02:39:29Z,61.0,Charge 6
2024-12-23T02:39:32Z,61.0,Charge 6
2024-12-23T02:39:33Z,60.0,Charge 6
2024-12-23T02:39:36Z,60.0,Charge 6
2024-12-23T02:39:39Z,60.0,Charge 6
2024-12-23T02:39:42Z,60.0,Charge 6
2024-12-23T02:39:43Z,62.0,Charge 6
2024-12-23T02:39:46Z,63.0,Charge 6
2024-12-23T02:39:48Z,64.0,Charge 6
2024-12-23T02:39:51Z,64.0,Charge 6
2024-12-23T02:39:54Z,64.0,Charge 6
2024-12-23T02:39:57Z,64.0,Charge 6
2024-12-23T02:39:58Z,64.0,Charge 6
2024-12-23T02:40:01Z,64.0,Charge 6
2024-12-23T02:40:04Z,64.0,Charge 6
2024-12-23T02:40:07Z,64.0,Charge 6
2024-12-23T02:40:10Z,64.0,Charge 6
2024-12-23T02:40:13Z,64.0,Charge 6
2024-12-23T02:40:16Z,64.0,Charge 6
2024-12-23T02:40:19Z,64.0,Charge 6
2024-12-23T02:40:22Z,64.0,Charge 6
2024-12-23T02:40:25Z,64.0,Charge 6
2024-12-23T02:40:28Z,64.0,Charge 6
2024-12-23T02:40:31Z,64.0,Charge 6
2024-12-23T02:40:34Z,64.0,Charge 6
2024-12-23T02:40:37Z,64.0,Charge 6
2024-12-23T02:40:40Z,64.0,Charge 6
2024-12-23T02:40:43Z,64.0,Charge 6
2024-12-23T02:40:46Z,64.0,Charge 6
2024-12-23T02:40:48Z,65.0,Charge 6
2024-12-23T02:40:50Z,66.0,Charge 6
2024-12-23T02:40:53Z,66.0,Charge 6
2024-12-23T02:40:56Z,66.0,Charge 6
2024-12-23T02:40:59Z,66.0,Charge 6
2024-12-23T02:41:02Z,66.0,Charge 6
2024-12-23T02:41:05Z,66.0,Charge 6
2024-12-23T02:41:07Z,65.0,Charge 6
2024-12-23T02:41:09Z,64.0,Charge 6
2024-12-23T02:41:12Z,64.0,Charge 6
2024-12-23T02:41:13Z,64.0,Charge 6
2024-12-23T02:41:16Z,64.0,Charge 6
2024-12-23T02:41:17Z,63.0,Charge 6
2024-12-23T02:41:20Z,63.0,Charge 6
2024-12-23T02:41:23Z,63.0,Charge 6
2024-12-23T02:41:26Z,62.0,Charge 6
2024-12-23T02:41:29Z,62.0,Charge 6
2024-12-23T02:41:32Z,62.0,Charge 6
2024-12-23T02:41:35Z,62.0,Charge 6
2024-12-23T02:41:38Z,62.0,Charge 6
2024-12-23T02:41:41Z,62.0,Charge 6
2024-12-23T02:41:44Z,62.0,Charge 6
2024-12-23T02:41:47Z,63.0,Charge 6
2024-12-23T02:41:49Z,64.0,Charge 6
2024-12-23T02:41:52Z,64.0,Charge 6
2024-12-23T02:41:55Z,64.0,Charge 6
2024-12-23T02:41:58Z,64.0,Charge 6
2024-12-23T02:42:01Z,64.0,Charge 6
2024-12-23T02:42:04Z,64.0,Charge 6
2024-12-23T02:42:07Z,63.0,Charge 6
2024-12-23T02:42:10Z,63.0,Charge 6
2024-12-23T02:42:12Z,64.0,Charge 6
2024-12-23T02:42:15Z,64.0,Charge 6
2024-12-23T02:42:16Z,63.0,Charge 6
2024-12-23T02:42:19Z,63.0,Charge 6
2024-12-23T02:42:22Z,63.0,Charge 6
2024-12-23T02:42:25Z,63.0,Charge 6
2024-12-23T02:42:26Z,64.0,Charge 6
2024-12-23T02:42:29Z,64.0,Charge 6
2024-12-23T02:42:32Z,64.0,Charge 6
2024-12-23T02:42:33Z,63.0,Charge 6
2024-12-23T02:42:35Z,62.0,Charge 6
2024-12-23T02:42:38Z,62.0,Charge 6
2024-12-23T02:42:41Z,62.0,Charge 6
2024-12-23T02:42:44Z,62.0,Charge 6
2024-12-23T02:42:45Z,63.0,Charge 6
2024-12-23T02:42:47Z,64.0,Charge 6
2024-12-23T02:42:50Z,64.0,Charge 6
2024-12-23T02:42:53Z,64.0,Charge 6
2024-12-23T02:42:56Z,64.0,Charge 6
2024-12-23T02:42:57Z,65.0,Charge 6
2024-12-23T02:42:58Z,66.0,Charge 6
2024-12-23T02:43:00Z,67.0,Charge 6
2024-12-23T02:43:02Z,66.0,Charge 6
2024-12-23T02:43:04Z,65.0,Charge 6
2024-12-23T02:43:06Z,64.0,Charge 6
2024-12-23T02:43:08Z,62.0,Charge 6
2024-12-23T02:43:11Z,62.0,Charge 6
2024-12-23T02:43:12Z,61.0,Charge 6
2024-12-23T02:43:15Z,61.0,Charge 6
2024-12-23T02:43:16Z,62.0,Charge 6
2024-12-23T02:43:19Z,62.0,Charge 6
2024-12-23T02:43:21Z,63.0,Charge 6
2024-12-23T02:43:24Z,63.0,Charge 6
2024-12-23T02:43:25Z,63.0,Charge 6
2024-12-23T02:43:28Z,63.0,Charge 6
2024-12-23T02:43:31Z,63.0,Charge 6
2024-12-23T02:43:34Z,63.0,Charge 6
2024-12-23T02:43:37Z,63.0,Charge 6
2024-12-23T02:43:40Z,63.0,Charge 6
2024-12-23T02:43:41Z,64.0,Charge 6
2024-12-23T02:43:43Z,63.0,Charge 6
2024-12-23T02:43:46Z,63.0,Charge 6
2024-12-23T02:43:49Z,63.0,Charge 6
2024-12-23T02:43:50Z,62.0,Charge 6
2024-12-23T02:43:53Z,62.0,Charge 6
2024-12-23T02:43:56Z,62.0,Charge 6
2024-12-23T02:43:59Z,62.0,Charge 6
2024-12-23T02:44:02Z,61.0,Charge 6
2024-12-23T02:44:04Z,60.0,Charge 6
2024-12-23T02:44:07Z,60.0,Charge 6
2024-12-23T02:44:10Z,60.0,Charge 6
2024-12-23T02:44:13Z,60.0,Charge 6
2024-12-23T02:44:16Z,60.0,Charge 6
2024-12-23T02:44:17Z,61.0,Charge 6
2024-12-23T02:44:19Z,62.0,Charge 6
2024-12-23T02:44:22Z,62.0,Charge 6
2024-12-23T02:44:23Z,65.0,Charge 6
2024-12-23T02:44:25Z,67.0,Charge 6
2024-12-23T02:44:28Z,67.0,Charge 6
2024-12-23T02:44:29Z,68.0,Charge 6
2024-12-23T02:44:31Z,68.0,Charge 6
2024-12-23T02:44:33Z,68.0,Charge 6
2024-12-23T02:44:36Z,68.0,Charge 6
2024-12-23T02:44:39Z,68.0,Charge 6
2024-12-23T02:44:42Z,66.0,Charge 6
2024-12-23T02:44:45Z,66.0,Charge 6
2024-12-23T02:44:48Z,66.0,Charge 6
2024-12-23T02:44:51Z,66.0,Charge 6
2024-12-23T02:44:52Z,65.0,Charge 6
2024-12-23T02:44:54Z,64.0,Charge 6
2024-12-23T02:44:57Z,64.0,Charge 6
2024-12-23T02:45:00Z,64.0,Charge 6
2024-12-23T02:45:03Z,65.0,Charge 6
2024-12-23T02:45:06Z,65.0,Charge 6
2024-12-23T02:45:09Z,65.0,Charge 6
2024-12-23T02:45:12Z,65.0,Charge 6
2024-12-23T02:45:13Z,66.0,Charge 6
2024-12-23T02:45:15Z,67.0,Charge 6
2024-12-23T02:45:18Z,67.0,Charge 6
2024-12-23T02:45:21Z,66.0,Charge 6
2024-12-23T02:45:22Z,65.0,Charge 6
2024-12-23T02:45:24Z,64.0,Charge 6
2024-12-23T02:45:27Z,64.0,Charge 6
2024-12-23T02:45:28Z,64.0,Charge 6
2024-12-23T02:45:31Z,64.0,Charge 6
2024-12-23T02:45:32Z,64.0,Charge 6
2024-12-23T02:45:35Z,64.0,Charge 6
2024-12-23T02:45:36Z,64.0,Charge 6
2024-12-23T02:45:39Z,64.0,Charge 6
2024-12-23T02:45:40Z,63.0,Charge 6
2024-12-23T02:45:42Z,62.0,Charge 6
2024-12-23T02:45:45Z,62.0,Charge 6
2024-12-23T02:45:48Z,62.0,Charge 6
2024-12-23T02:45:51Z,62.0,Charge 6
2024-12-23T02:45:54Z,62.0,Charge 6
2024-12-23T02:45:57Z,62.0,Charge 6
2024-12-23T02:46:00Z,62.0,Charge 6
2024-12-23T02:46:03Z,62.0,Charge 6
2024-12-23T02:46:05Z,63.0,Charge 6
2024-12-23T02:46:07Z,64.0,Charge 6
2024-12-23T02:46:10Z,64.0,Charge 6
2024-12-23T02:46:13Z,64.0,Charge 6
2024-12-23T02:46:16Z,64.0,Charge 6
2024-12-23T02:46:19Z,64.0,Charge 6
2024-12-23T02:46:20Z,65.0,Charge 6
2024-12-23T02:46:23Z,65.0,Charge 6
2024-12-23T02:46:26Z,65.0,Charge 6
2024-12-23T02:46:29Z,65.0,Charge 6
2024-12-23T02:46:32Z,65.0,Charge 6
2024-12-23T02:46:35Z,66.0,Charge 6
2024-12-23T02:46:38Z,66.0,Charge 6
2024-12-23T02:46:39Z,66.0,Charge 6
2024-12-23T02:46:41Z,67.0,Charge 6
2024-12-23T02:46:43Z,66.0,Charge 6
2024-12-23T02:46:45Z,64.0,Charge 6
2024-12-23T02:46:47Z,63.0,Charge 6
2024-12-23T02:46:49Z,62.0,Charge 6
2024-12-23T02:46:52Z,62.0,Charge 6
2024-12-23T02:46:55Z,62.0,Charge 6
2024-12-23T02:46:58Z,63.0,Charge 6
2024-12-23T02:47:01Z,63.0,Charge 6
2024-12-23T02:47:02Z,64.0,Charge 6
2024-12-23T02:47:04Z,63.0,Charge 6
2024-12-23T02:47:07Z,63.0,Charge 6
2024-12-23T02:47:10Z,62.0,Charge 6
2024-12-23T02:47:13Z,62.0,Charge 6
2024-12-23T02:47:16Z,62.0,Charge 6
2024-12-23T02:47:19Z,62.0,Charge 6
2024-12-23T02:47:20Z,61.0,Charge 6
2024-12-23T02:47:21Z,60.0,Charge 6
2024-12-23T02:47:24Z,60.0,Charge 6
2024-12-23T02:47:27Z,60.0,Charge 6
2024-12-23T02:47:30Z,60.0,Charge 6
2024-12-23T02:47:33Z,60.0,Charge 6
2024-12-23T02:47:35Z,59.0,Charge 6
2024-12-23T02:47:38Z,59.0,Charge 6
2024-12-23T02:47:41Z,59.0,Charge 6
2024-12-23T02:47:44Z,59.0,Charge 6
2024-12-23T02:47:46Z,58.0,Charge 6
2024-12-23T02:47:49Z,58.0,Charge 6
2024-12-23T02:47:52Z,59.0,Charge 6
2024-12-23T02:47:54Z,60.0,Charge 6
2024-12-23T02:47:56Z,62.0,Charge 6
2024-12-23T02:47:59Z,62.0,Charge 6
2024-12-23T02:48:02Z,62.0,Charge 6
2024-12-23T02:48:05Z,62.0,Charge 6
2024-12-23T02:48:08Z,63.0,Charge 6
2024-12-23T02:48:09Z,64.0,Charge 6
2024-12-23T02:48:11Z,65.0,Charge 6
2024-12-23T02:48:14Z,65.0,Charge 6
2024-12-23T02:48:15Z,66.0,Charge 6
2024-12-23T02:48:18Z,66.0,Charge 6
2024-12-23T02:48:21Z,65.0,Charge 6
2024-12-23T02:48:23Z,64.0,Charge 6
2024-12-23T02:48:26Z,64.0,Charge 6
2024-12-23T02:48:27Z,65.0,Charge 6
2024-12-23T02:48:29Z,66.0,Charge 6
2024-12-23T02:48:31Z,65.0,Charge 6
2024-12-23T02:48:34Z,65.0,Charge 6
2024-12-23T02:48:36Z,64.0,Charge 6
2024-12-23T02:48:39Z,64.0,Charge 6
2024-12-23T02:48:42Z,65.0,Charge 6
2024-12-23T02:48:44Z,66.0,Charge 6
2024-12-23T02:48:46Z,65.0,Charge 6
2024-12-23T02:48:48Z,64.0,Charge 6
2024-12-23T02:48:51Z,64.0,Charge 6
2024-12-23T02:48:54Z,64.0,Charge 6
2024-12-23T02:48:57Z,64.0,Charge 6
2024-12-23T02:48:59Z,64.0,Charge 6
2024-12-23T02:49:02Z,64.0,Charge 6
2024-12-23T02:49:05Z,64.0,Charge 6
2024-12-23T02:49:08Z,64.0,Charge 6
2024-12-23T02:49:11Z,64.0,Charge 6
2024-12-23T02:49:14Z,64.0,Charge 6
2024-12-23T02:49:15Z,65.0,Charge 6
2024-12-23T02:49:18Z,65.0,Charge 6
2024-12-23T02:49:19Z,66.0,Charge 6
2024-12-23T02:49:22Z,68.0,Charge 6
2024-12-23T02:49:25Z,68.0,Charge 6
2024-12-23T02:49:28Z,67.0,Charge 6
2024-12-23T02:49:30Z,66.0,Charge 6
2024-12-23T02:49:32Z,65.0,Charge 6
2024-12-23T02:49:34Z,64.0,Charge 6
2024-12-23T02:49:37Z,64.0,Charge 6
2024-12-23T02:49:40Z,65.0,Charge 6
2024-12-23T02:49:43Z,65.0,Charge 6
2024-12-23T02:49:45Z,64.0,Charge 6
2024-12-23T02:49:48Z,64.0,Charge 6
2024-12-23T02:49:51Z,64.0,Charge 6
2024-12-23T02:49:54Z,64.0,Charge 6
2024-12-23T02:49:57Z,64.0,Charge 6
2024-12-23T02:50:00Z,64.0,Charge 6
2024-12-23T02:50:01Z,65.0,Charge 6
2024-12-23T02:50:03Z,66.0,Charge 6
2024-12-23T02:50:05Z,67.0,Charge 6
2024-12-23T02:50:07Z,68.0,Charge 6
2024-12-23T02:50:09Z,67.0,Charge 6
2024-12-23T02:50:10Z,66.0,Charge 6
2024-12-23T02:50:13Z,66.0,Charge 6
2024-12-23T02:50:14Z,64.0,Charge 6
2024-12-23T02:50:17Z,64.0,Charge 6
2024-12-23T02:50:18Z,63.0,Charge 6
2024-12-23T02:50:21Z,63.0,Charge 6
2024-12-23T02:50:24Z,63.0,Charge 6
2024-12-23T02:50:27Z,63.0,Charge 6
2024-12-23T02:50:28Z,62.0,Charge 6
2024-12-23T02:50:31Z,62.0,Charge 6
2024-12-23T02:50:34Z,62.0,Charge 6
2024-12-23T02:50:37Z,62.0,Charge 6
2024-12-23T02:50:39Z,63.0,Charge 6
2024-12-23T02:50:42Z,63.0,Charge 6
2024-12-23T02:50:43Z,64.0,Charge 6
2024-12-23T02:50:46Z,64.0,Charge 6
2024-12-23T02:50:49Z,64.0,Charge 6
2024-12-23T02:50:52Z,64.0,Charge 6
2024-12-23T02:50:55Z,64.0,Charge 6
2024-12-23T02:50:58Z,64.0,Charge 6
2024-12-23T02:51:01Z,64.0,Charge 6
2024-12-23T02:51:04Z,64.0,Charge 6
2024-12-23T02:51:07Z,64.0,Charge 6
2024-12-23T02:51:10Z,64.0,Charge 6
2024-12-23T02:51:12Z,65.0,Charge 6
2024-12-23T02:51:14Z,66.0,Charge 6
2024-12-23T02:51:17Z,66.0,Charge 6
2024-12-23T02:51:20Z,66.0,Charge 6
2024-12-23T02:51:21Z,67.0,Charge 6
2024-12-23T02:51:23Z,68.0,Charge 6
2024-12-23T02:51:26Z,68.0,Charge 6
2024-12-23T02:51:29Z,68.0,Charge 6
2024-12-23T02:51:31Z,67.0,Charge 6
2024-12-23T02:51:33Z,66.0,Charge 6
2024-12-23T02:51:36Z,66.0,Charge 6
2024-12-23T02:51:39Z,66.0,Charge 6
2024-12-23T02:51:42Z,66.0,Charge 6
2024-12-23T02:51:45Z,66.0,Charge 6
2024-12-23T02:51:46Z,65.0,Charge 6
2024-12-23T02:51:49Z,65.0,Charge 6
2024-12-23T02:51:52Z,65.0,Charge 6
2024-12-23T02:51:54Z,64.0,Charge 6
2024-12-23T02:51:57Z,64.0,Charge 6
2024-12-23T02:51:58Z,65.0,Charge 6
2024-12-23T02:52:00Z,66.0,Charge 6
2024-12-23T02:52:03Z,66.0,Charge 6
2024-12-23T02:52:06Z,66.0,Charge 6
2024-12-23T02:52:08Z,65.0,Charge 6
2024-12-23T02:52:11Z,64.0,Charge 6
2024-12-23T02:52:14Z,64.0,Charge 6
2024-12-23T02:52:17Z,64.0,Charge 6
2024-12-23T02:52:20Z,64.0,Charge 6
2024-12-23T02:52:21Z,63.0,Charge 6
2024-12-23T02:52:23Z,62.0,Charge 6
2024-12-23T02:52:26Z,62.0,Charge 6
2024-12-23T02:52:29Z,62.0,Charge 6
2024-12-23T02:52:32Z,62.0,Charge 6
2024-12-23T02:52:35Z,62.0,Charge 6
2024-12-23T02:52:38Z,62.0,Charge 6
2024-12-23T02:52:41Z,62.0,Charge 6
2024-12-23T02:52:42Z,63.0,Charge 6
2024-12-23T02:52:45Z,63.0,Charge 6
2024-12-23T02:52:46Z,64.0,Charge 6
2024-12-23T02:52:49Z,64.0,Charge 6
2024-12-23T02:52:50Z,63.0,Charge 6
2024-12-23T02:52:53Z,63.0,Charge 6
2024-12-23T02:52:56Z,63.0,Charge 6
2024-12-23T02:52:57Z,64.0,Charge 6
2024-12-23T02:53:00Z,64.0,Charge 6
2024-12-23T02:53:03Z,64.0,Charge 6
2024-12-23T02:53:05Z,63.0,Charge 6
2024-12-23T02:53:07Z,62.0,Charge 6
2024-12-23T02:53:10Z,62.0,Charge 6
2024-12-23T02:53:13Z,63.0,Charge 6
2024-12-23T02:53:15Z,64.0,Charge 6
2024-12-23T02:53:18Z,64.0,Charge 6
2024-12-23T02:53:21Z,65.0,Charge 6
2024-12-23T02:53:24Z,65.0,Charge 6
2024-12-23T02:53:27Z,65.0,Charge 6
2024-12-23T02:53:28Z,65.0,Charge 6
2024-12-23T02:53:30Z,66.0,Charge 6
2024-12-23T02:53:33Z,66.0,Charge 6
2024-12-23T02:53:36Z,66.0,Charge 6
2024-12-23T02:53:39Z,66.0,Charge 6
2024-12-23T02:53:42Z,66.0,Charge 6
2024-12-23T02:53:45Z,66.0,Charge 6
2024-12-23T02:53:48Z,66.0,Charge 6
2024-12-23T02:53:51Z,66.0,Charge 6
2024-12-23T02:53:54Z,66.0,Charge 6
2024-12-23T02:53:57Z,65.0,Charge 6
2024-12-23T02:53:59Z,64.0,Charge 6
2024-12-23T02:54:02Z,64.0,Charge 6
2024-12-23T02:54:05Z,65.0,Charge 6
2024-12-23T02:54:08Z,65.0,Charge 6
2024-12-23T02:54:10Z,66.0,Charge 6
2024-12-23T02:54:12Z,65.0,Charge 6
2024-12-23T02:54:15Z,65.0,Charge 6
2024-12-23T02:54:16Z,64.0,Charge 6
2024-12-23T02:54:19Z,64.0,Charge 6
2024-12-23T02:54:22Z,64.0,Charge 6
2024-12-23T02:54:25Z,64.0,Charge 6
2024-12-23T02:54:26Z,64.0,Charge 6
2024-12-23T02:54:28Z,65.0,Charge 6
2024-12-23T02:54:30Z,66.0,Charge 6
2024-12-23T02:54:32Z,67.0,Charge 6
2024-12-23T02:54:35Z,66.0,Charge 6
2024-12-23T02:54:37Z,65.0,Charge 6
2024-12-23T02:54:39Z,64.0,Charge 6
2024-12-23T02:54:41Z,62.0,Charge 6
2024-12-23T02:54:44Z,62.0,Charge 6
2024-12-23T02:54:47Z,62.0,Charge 6
2024-12-23T02:54:49Z,63.0,Charge 6
2024-12-23T02:54:52Z,63.0,Charge 6
2024-12-23T02:54:53Z,64.0,Charge 6
2024-12-23T02:54:56Z,64.0,Charge 6
2024-12-23T02:54:59Z,64.0,Charge 6
2024-12-23T02:55:02Z,64.0,Charge 6
2024-12-23T02:55:05Z,64.0,Charge 6
2024-12-23T02:55:06Z,65.0,Charge 6
2024-12-23T02:55:08Z,66.0,Charge 6
2024-12-23T02:55:10Z,68.0,Charge 6
2024-12-23T02:55:12Z,70.0,Charge 6
2024-12-23T02:55:15Z,70.0,Charge 6
2024-12-23T02:55:16Z,72.0,Charge 6
2024-12-23T02:55:19Z,72.0,Charge 6
2024-12-23T02:55:20Z,72.0,Charge 6
2024-12-23T02:55:23Z,72.0,Charge 6
2024-12-23T02:55:25Z,71.0,Charge 6
2024-12-23T02:55:27Z,70.0,Charge 6
2024-12-23T02:55:29Z,68.0,Charge 6
2024-12-23T02:55:32Z,68.0,Charge 6
2024-12-23T02:55:33Z,67.0,Charge 6
2024-12-23T02:55:35Z,66.0,Charge 6
2024-12-23T02:55:37Z,65.0,Charge 6
2024-12-23T02:55:39Z,64.0,Charge 6
2024-12-23T02:55:42Z,64.0,Charge 6
2024-12-23T02:55:45Z,64.0,Charge 6
2024-12-23T02:55:46Z,63.0,Charge 6
2024-12-23T02:55:49Z,63.0,Charge 6
2024-12-23T02:55:52Z,64.0,Charge 6
2024-12-23T02:55:55Z,64.0,Charge 6
2024-12-23T02:55:58Z,63.0,Charge 6
2024-12-23T02:56:01Z,63.0,Charge 6
2024-12-23T02:56:02Z,62.0,Charge 6
2024-12-23T02:56:05Z,62.0,Charge 6
2024-12-23T02:56:06Z,63.0,Charge 6
2024-12-23T02:56:08Z,64.0,Charge 6
2024-12-23T02:56:11Z,64.0,Charge 6
2024-12-23T02:56:14Z,64.0,Charge 6
2024-12-23T02:56:17Z,65.0,Charge 6
2024-12-23T02:56:19Z,66.0,Charge 6
2024-12-23T02:56:22Z,66.0,Charge 6
2024-12-23T02:56:25Z,66.0,Charge 6
2024-12-23T02:56:28Z,66.0,Charge 6
2024-12-23T02:56:29Z,65.0,Charge 6
2024-12-23T02:56:31Z,64.0,Charge 6
2024-12-23T02:56:34Z,64.0,Charge 6
2024-12-23T02:56:37Z,64.0,Charge 6
2024-12-23T02:56:40Z,64.0,Charge 6
2024-12-23T02:56:43Z,64.0,Charge 6
2024-12-23T02:56:44Z,63.0,Charge 6
2024-12-23T02:56:47Z,63.0,Charge 6
2024-12-23T02:56:50Z,63.0,Charge 6
2024-12-23T02:56:52Z,64.0,Charge 6
2024-12-23T02:56:55Z,64.0,Charge 6
2024-12-23T02:56:56Z,63.0,Charge 6
2024-12-23T02:56:57Z,62.0,Charge 6
2024-12-23T02:57:00Z,62.0,Charge 6
2024-12-23T02:57:03Z,62.0,Charge 6
2024-12-23T02:57:05Z,63.0,Charge 6
2024-12-23T02:57:08Z,63.0,Charge 6
2024-12-23T02:57:11Z,63.0,Charge 6
2024-12-23T02:57:13Z,62.0,Charge 6
2024-12-23T02:57:16Z,62.0,Charge 6
2024-12-23T02:57:19Z,63.0,Charge 6
2024-12-23T02:57:21Z,64.0,Charge 6
2024-12-23T02:57:24Z,64.0,Charge 6
2024-12-23T02:57:27Z,64.0,Charge 6
2024-12-23T02:57:30Z,64.0,Charge 6
2024-12-23T02:57:33Z,64.0,Charge 6
2024-12-23T02:57:36Z,64.0,Charge 6
2024-12-23T02:57:39Z,64.0,Charge 6
2024-12-23T02:57:42Z,64.0,Charge 6
2024-12-23T02:57:44Z,63.0,Charge 6
2024-12-23T02:57:45Z,62.0,Charge 6
2024-12-23T02:57:47Z,61.0,Charge 6
2024-12-23T02:57:49Z,60.0,Charge 6
2024-12-23T02:57:51Z,60.0,Charge 6
2024-12-23T02:57:53Z,62.0,Charge 6
2024-12-23T02:57:56Z,62.0,Charge 6
2024-12-23T02:57:59Z,60.0,Charge 6
2024-12-23T02:58:02Z,60.0,Charge 6
2024-12-23T02:58:03Z,59.0,Charge 6
2024-12-23T02:58:05Z,58.0,Charge 6
2024-12-23T02:58:08Z,58.0,Charge 6
2024-12-23T02:58:09Z,59.0,Charge 6
2024-12-23T02:58:10Z,60.0,Charge 6
2024-12-23T02:58:12Z,61.0,Charge 6
2024-12-23T02:58:14Z,62.0,Charge 6
2024-12-23T02:58:16Z,63.0,Charge 6
2024-12-23T02:58:18Z,64.0,Charge 6
2024-12-23T02:58:21Z,64.0,Charge 6
2024-12-23T02:58:22Z,64.0,Charge 6
2024-12-23T02:58:24Z,66.0,Charge 6
2024-12-23T02:58:26Z,66.0,Charge 6
2024-12-23T02:58:29Z,66.0,Charge 6
2024-12-23T02:58:30Z,64.0,Charge 6
2024-12-23T02:58:32Z,63.0,Charge 6
2024-12-23T02:58:33Z,62.0,Charge 6
2024-12-23T02:58:35Z,60.0,Charge 6
2024-12-23T02:58:38Z,60.0,Charge 6
2024-12-23T02:58:41Z,60.0,Charge 6
2024-12-23T02:58:43Z,61.0,Charge 6
2024-12-23T02:58:45Z,62.0,Charge 6
2024-12-23T02:58:47Z,63.0,Charge 6
2024-12-23T02:58:49Z,64.0,Charge 6
2024-12-23T02:58:51Z,65.0,Charge 6
2024-12-23T02:58:54Z,65.0,Charge 6
2024-12-23T02:58:55Z,66.0,Charge 6
2024-12-23T02:58:58Z,66.0,Charge 6
2024-12-23T02:59:00Z,67.0,Charge 6
2024-12-23T02:59:02Z,68.0,Charge 6
2024-12-23T02:59:05Z,68.0,Charge 6
2024-12-23T02:59:08Z,68.0,Charge 6
2024-12-23T02:59:11Z,68.0,Charge 6
2024-12-23T02:59:14Z,68.0,Charge 6
2024-12-23T02:59:17Z,68.0,Charge 6
2024-12-23T02:59:18Z,67.0,Charge 6
2024-12-23T02:59:20Z,66.0,Charge 6
2024-12-23T02:59:23Z,67.0,Charge 6
2024-12-23T02:59:25Z,66.0,Charge 6
2024-12-23T02:59:28Z,66.0,Charge 6
2024-12-23T02:59:31Z,66.0,Charge 6
2024-12-23T02:59:34Z,66.0,Charge 6
2024-12-23T02:59:35Z,65.0,Charge 6
2024-12-23T02:59:38Z,65.0,Charge 6
2024-12-23T02:59:41Z,65.0,Charge 6
2024-12-23T02:59:43Z,66.0,Charge 6
2024-12-23T02:59:45Z,65.0,Charge 6
2024-12-23T02:59:48Z,65.0,Charge 6
2024-12-23T02:59:50Z,64.0,Charge 6
2024-12-23T02:59:52Z,64.0,Charge 6
2024-12-23T02:59:55Z,64.0,Charge 6
2024-12-23T02:59:56Z,64.0,Charge 6
2024-12-23T02:59:58Z,65.0,Charge 6
2024-12-23T03:00:00Z,66.0,Charge 6
2024-12-23T03:00:02Z,66.0,Charge 6
2024-12-23T03:00:04Z,65.0,Charge 6
2024-12-23T03:00:06Z,64.0,Charge 6
2024-12-23T03:00:09Z,63.0,Charge 6
2024-12-23T03:00:11Z,62.0,Charge 6
2024-12-23T03:00:14Z,62.0,Charge 6
2024-12-23T03:00:17Z,62.0,Charge 6
2024-12-23T03:00:19Z,63.0,Charge 6
2024-12-23T03:00:21Z,64.0,Charge 6
2024-12-23T03:00:24Z,64.0,Charge 6
2024-12-23T03:00:25Z,66.0,Charge 6
2024-12-23T03:00:27Z,64.0,Charge 6
2024-12-23T03:00:29Z,64.0,Charge 6
2024-12-23T03:00:31Z,62.0,Charge 6
2024-12-23T03:00:33Z,62.0,Charge 6
2024-12-23T03:00:34Z,62.0,Charge 6
2024-12-23T03:00:37Z,62.0,Charge 6
2024-12-23T03:00:40Z,62.0,Charge 6
2024-12-23T03:00:42Z,63.0,Charge 6
2024-12-23T03:00:45Z,63.0,Charge 6
2024-12-23T03:00:46Z,64.0,Charge 6
2024-12-23T03:00:49Z,64.0,Charge 6
2024-12-23T03:00:50Z,64.0,Charge 6
2024-12-23T03:00:53Z,64.0,Charge 6
2024-12-23T03:00:56Z,64.0,Charge 6
2024-12-23T03:00:59Z,64.0,Charge 6
2024-12-23T03:01:02Z,64.0,Charge 6
2024-12-23T03:01:03Z,65.0,Charge 6
2024-12-23T03:01:05Z,66.0,Charge 6
2024-12-23T03:01:08Z,66.0,Charge 6
2024-12-23T03:01:11Z,65.0,Charge 6
2024-12-23T03:01:13Z,64.0,Charge 6
2024-12-23T03:01:16Z,64.0,Charge 6
2024-12-23T03:01:17Z,66.0,Charge 6
2024-12-23T03:01:20Z,66.0,Charge 6
2024-12-23T03:01:23Z,66.0,Charge 6
2024-12-23T03:01:24Z,68.0,Charge 6
2024-12-23T03:01:27Z,68.0,Charge 6
2024-12-23T03:01:30Z,68.0,Charge 6
2024-12-23T03:01:32Z,66.0,Charge 6
2024-12-23T03:01:34Z,64.0,Charge 6
2024-12-23T03:01:37Z,64.0,Charge 6
2024-12-23T03:01:38Z,62.0,Charge 6
2024-12-23T03:01:41Z,62.0,Charge 6
2024-12-23T03:01:44Z,62.0,Charge 6
2024-12-23T03:01:47Z,62.0,Charge 6
2024-12-23T03:01:50Z,62.0,Charge 6
2024-12-23T03:01:53Z,62.0,Charge 6
2024-12-23T03:01:55Z,61.0,Charge 6
2024-12-23T03:01:57Z,60.0,Charge 6
2024-12-23T03:02:00Z,60.0,Charge 6
2024-12-23T03:02:03Z,60.0,Charge 6
2024-12-23T03:02:06Z,60.0,Charge 6
2024-12-23T03:02:09Z,60.0,Charge 6
2024-12-23T03:02:12Z,60.0,Charge 6
2024-12-23T03:02:15Z,60.0,Charge 6
2024-12-23T03:02:16Z,61.0,Charge 6
2024-12-23T03:02:19Z,61.0,Charge 6
2024-12-23T03:02:20Z,60.0,Charge 6
2024-12-23T03:02:23Z,60.0,Charge 6
2024-12-23T03:02:24Z,59.0,Charge 6
2024-12-23T03:02:27Z,59.0,Charge 6
2024-12-23T03:02:30Z,60.0,Charge 6
2024-12-23T03:02:33Z,61.0,Charge 6
2024-12-23T03:02:35Z,62.0,Charge 6
2024-12-23T03:02:38Z,62.0,Charge 6
2024-12-23T03:02:41Z,62.0,Charge 6
2024-12-23T03:02:44Z,62.0,Charge 6
2024-12-23T03:02:47Z,62.0,Charge 6
2024-12-23T03:02:50Z,62.0,Charge 6
2024-12-23T03:02:51Z,63.0,Charge 6
2024-12-23T03:02:53Z,62.0,Charge 6
2024-12-23T03:02:56Z,62.0,Charge 6
2024-12-23T03:02:57Z,63.0,Charge 6
2024-12-23T03:03:00Z,63.0,Charge 6
2024-12-23T03:03:02Z,62.0,Charge 6
2024-12-23T03:03:04Z,62.0,Charge 6
2024-12-23T03:03:07Z,62.0,Charge 6
2024-12-23T03:03:10Z,62.0,Charge 6
2024-12-23T03:03:13Z,62.0,Charge 6
2024-12-23T03:03:16Z,62.0,Charge 6
2024-12-23T03:03:19Z,62.0,Charge 6
2024-12-23T03:03:22Z,62.0,Charge 6
2024-12-23T03:03:25Z,62.0,Charge 6
2024-12-23T03:03:28Z,62.0,Charge 6
2024-12-23T03:03:29Z,61.0,Charge 6
2024-12-23T03:03:31Z,60.0,Charge 6
2024-12-23T03:03:33Z,61.0,Charge 6
2024-12-23T03:03:35Z,60.0,Charge 6
2024-12-23T03:03:38Z,60.0,Charge 6
2024-12-23T03:03:41Z,60.0,Charge 6
2024-12-23T03:03:44Z,60.0,Charge 6
2024-12-23T03:03:47Z,60.0,Charge 6
2024-12-23T03:03:50Z,60.0,Charge 6
2024-12-23T03:03:53Z,60.0,Charge 6
2024-12-23T03:03:56Z,60.0,Charge 6
2024-12-23T03:03:57Z,59.0,Charge 6
2024-12-23T03:03:59Z,58.0,Charge 6
2024-12-23T03:04:02Z,58.0,Charge 6
2024-12-23T03:04:05Z,58.0,Charge 6
2024-12-23T03:04:06Z,59.0,Charge 6
2024-12-23T03:04:08Z,60.0,Charge 6
2024-12-23T03:04:10Z,62.0,Charge 6
2024-12-23T03:04:12Z,62.0,Charge 6
2024-12-23T03:04:15Z,62.0,Charge 6
2024-12-23T03:04:18Z,62.0,Charge 6
2024-12-23T03:04:20Z,63.0,Charge 6
2024-12-23T03:04:22Z,64.0,Charge 6
2024-12-23T03:04:25Z,64.0,Charge 6
2024-12-23T03:04:28Z,64.0,Charge 6
2024-12-23T03:04:29Z,63.0,Charge 6
2024-12-23T03:04:32Z,63.0,Charge 6
2024-12-23T03:04:33Z,62.0,Charge 6
2024-12-23T03:04:36Z,62.0,Charge 6
2024-12-23T03:04:39Z,62.0,Charge 6
2024-12-23T03:04:42Z,62.0,Charge 6
2024-12-23T03:04:45Z,62.0,Charge 6
2024-12-23T03:04:47Z,61.0,Charge 6
2024-12-23T03:04:50Z,61.0,Charge 6
2024-12-23T03:04:51Z,60.0,Charge 6
2024-12-23T03:04:54Z,60.0,Charge 6
2024-12-23T03:04:57Z,60.0,Charge 6
2024-12-23T03:05:00Z,60.0,Charge 6
2024-12-23T03:05:03Z,60.0,Charge 6
2024-12-23T03:05:06Z,60.0,Charge 6
2024-12-23T03:05:09Z,60.0,Charge 6
2024-12-23T03:05:12Z,61.0,Charge 6
2024-12-23T03:05:14Z,62.0,Charge 6
2024-12-23T03:05:17Z,63.0,Charge 6
2024-12-23T03:05:19Z,64.0,Charge 6
2024-12-23T03:05:21Z,64.0,Charge 6
2024-12-23T03:05:24Z,64.0,Charge 6
2024-12-23T03:05:27Z,64.0,Charge 6
2024-12-23T03:05:29Z,65.0,Charge 6
2024-12-23T03:05:31Z,66.0,Charge 6
2024-12-23T03:05:33Z,67.0,Charge 6
2024-12-23T03:05:35Z,66.0,Charge 6
2024-12-23T03:05:37Z,65.0,Charge 6
2024-12-23T03:05:39Z,63.0,Charge 6
2024-12-23T03:05:40Z,62.0,Charge 6
2024-12-23T03:05:43Z,62.0,Charge 6
2024-12-23T03:05:46Z,62.0,Charge 6
2024-12-23T03:05:49Z,62.0,Charge 6
2024-12-23T03:05:50Z,63.0,Charge 6
2024-12-23T03:05:52Z,64.0,Charge 6
2024-12-23T03:05:55Z,64.0,Charge 6
2024-12-23T03:05:58Z,64.0,Charge 6
2024-12-23T03:06:01Z,64.0,Charge 6
2024-12-23T03:06:04Z,64.0,Charge 6
2024-12-23T03:06:07Z,64.0,Charge 6
2024-12-23T03:06:10Z,64.0,Charge 6
2024-12-23T03:06:13Z,64.0,Charge 6
2024-12-23T03:06:16Z,64.0,Charge 6
2024-12-23T03:06:17Z,64.0,Charge 6
2024-12-23T03:06:19Z,65.0,Charge 6
2024-12-23T03:06:21Z,65.0,Charge 6
2024-12-23T03:06:23Z,64.0,Charge 6
2024-12-23T03:06:25Z,64.0,Charge 6
2024-12-23T03:06:27Z,62.0,Charge 6
2024-12-23T03:06:30Z,61.0,Charge 6
2024-12-23T03:06:33Z,61.0,Charge 6
2024-12-23T03:06:34Z,62.0,Charge 6
2024-12-23T03:06:37Z,62.0,Charge 6
2024-12-23T03:06:38Z,63.0,Charge 6
2024-12-23T03:06:40Z,64.0,Charge 6
2024-12-23T03:06:42Z,66.0,Charge 6
2024-12-23T03:06:45Z,66.0,Charge 6
2024-12-23T03:06:48Z,66.0,Charge 6
2024-12-23T03:06:51Z,66.0,Charge 6
2024-12-23T03:06:54Z,66.0,Charge 6
2024-12-23T03:06:57Z,66.0,Charge 6
2024-12-23T03:07:00Z,66.0,Charge 6
2024-12-23T03:07:03Z,66.0,Charge 6
2024-12-23T03:07:06Z,66.0,Charge 6
2024-12-23T03:07:09Z,66.0,Charge 6
2024-12-23T03:07:12Z,66.0,Charge 6
2024-12-23T03:07:15Z,66.0,Charge 6
2024-12-23T03:07:18Z,65.0,Charge 6
2024-12-23T03:07:20Z,64.0,Charge 6
2024-12-23T03:07:23Z,64.0,Charge 6
2024-12-23T03:07:24Z,63.0,Charge 6
2024-12-23T03:07:26Z,62.0,Charge 6
2024-12-23T03:07:29Z,62.0,Charge 6
2024-12-23T03:07:32Z,62.0,Charge 6
2024-12-23T03:07:34Z,63.0,Charge 6
2024-12-23T03:07:37Z,63.0,Charge 6
2024-12-23T03:07:39Z,62.0,Charge 6
2024-12-23T03:07:42Z,62.0,Charge 6
2024-12-23T03:07:45Z,62.0,Charge 6
2024-12-23T03:07:48Z,62.0,Charge 6
2024-12-23T03:07:49Z,63.0,Charge 6
2024-12-23T03:07:51Z,64.0,Charge 6
2024-12-23T03:07:54Z,64.0,Charge 6
2024-12-23T03:07:57Z,65.0,Charge 6
2024-12-23T03:07:59Z,66.0,Charge 6
2024-12-23T03:08:01Z,67.0,Charge 6
2024-12-23T03:08:03Z,68.0,Charge 6
2024-12-23T03:08:06Z,67.0,Charge 6
2024-12-23T03:08:08Z,66.0,Charge 6
2024-12-23T03:08:11Z,66.0,Charge 6
2024-12-23T03:08:14Z,65.0,Charge 6
2024-12-23T03:08:17Z,65.0,Charge 6
2024-12-23T03:08:18Z,66.0,Charge 6
2024-12-23T03:08:21Z,66.0,Charge 6
2024-12-23T03:08:22Z,67.0,Charge 6
2024-12-23T03:08:24Z,66.0,Charge 6
2024-12-23T03:08:27Z,66.0,Charge 6
2024-12-23T03:08:29Z,66.0,Charge 6
2024-12-23T03:08:31Z,67.0,Charge 6
2024-12-23T03:08:33Z,68.0,Charge 6
2024-12-23T03:08:36Z,68.0,Charge 6
2024-12-23T03:08:37Z,70.0,Charge 6
2024-12-23T03:08:40Z,70.0,Charge 6
2024-12-23T03:08:41Z,71.0,Charge 6
2024-12-23T03:08:43Z,72.0,Charge 6
2024-12-23T03:08:46Z,72.0,Charge 6
2024-12-23T03:08:47Z,72.0,Charge 6
2024-12-23T03:08:50Z,72.0,Charge 6
2024-12-23T03:08:53Z,72.0,Charge 6
2024-12-23T03:08:54Z,71.0,Charge 6
2024-12-23T03:08:56Z,70.0,Charge 6
2024-12-23T03:08:59Z,70.0,Charge 6
2024-12-23T03:09:00Z,68.0,Charge 6
2024-12-23T03:09:03Z,68.0,Charge 6
2024-12-23T03:09:04Z,67.0,Charge 6
2024-12-23T03:09:06Z,66.0,Charge 6
2024-12-23T03:09:09Z,66.0,Charge 6
2024-12-23T03:09:10Z,64.0,Charge 6
2024-12-23T03:09:13Z,64.0,Charge 6
2024-12-23T03:09:16Z,64.0,Charge 6
2024-12-23T03:09:19Z,64.0,Charge 6
2024-12-23T03:09:22Z,64.0,Charge 6
2024-12-23T03:09:25Z,64.0,Charge 6
2024-12-23T03:09:28Z,64.0,Charge 6
2024-12-23T03:09:31Z,65.0,Charge 6
2024-12-23T03:09:33Z,66.0,Charge 6
2024-12-23T03:09:36Z,66.0,Charge 6
2024-12-23T03:09:37Z,67.0,Charge 6
2024-12-23T03:09:39Z,68.0,Charge 6
2024-12-23T03:09:42Z,69.0,Charge 6
2024-12-23T03:09:44Z,70.0,Charge 6
2024-12-23T03:09:46Z,71.0,Charge 6
2024-12-23T03:09:48Z,72.0,Charge 6
2024-12-23T03:09:51Z,72.0,Charge 6
2024-12-23T03:09:52Z,70.0,Charge 6
2024-12-23T03:09:54Z,70.0,Charge 6
2024-12-23T03:09:56Z,68.0,Charge 6
2024-12-23T03:09:59Z,68.0,Charge 6
2024-12-23T03:10:00Z,68.0,Charge 6
2024-12-23T03:10:03Z,69.0,Charge 6
2024-12-23T03:10:06Z,69.0,Charge 6
2024-12-23T03:10:07Z,68.0,Charge 6
2024-12-23T03:10:10Z,68.0,Charge 6
2024-12-23T03:10:11Z,67.0,Charge 6
2024-12-23T03:10:13Z,66.0,Charge 6
2024-12-23T03:10:15Z,65.0,Charge 6
2024-12-23T03:10:17Z,64.0,Charge 6
2024-12-23T03:10:19Z,63.0,Charge 6
2024-12-23T03:10:21Z,62.0,Charge 6
2024-12-23T03:10:24Z,62.0,Charge 6
2024-12-23T03:10:25Z,61.0,Charge 6
2024-12-23T03:10:27Z,60.0,Charge 6
2024-12-23T03:10:30Z,60.0,Charge 6
2024-12-23T03:10:33Z,60.0,Charge 6
2024-12-23T03:10:36Z,60.0,Charge 6
2024-12-23T03:10:38Z,60.0,Charge 6
2024-12-23T03:10:41Z,60.0,Charge 6
2024-12-23T03:10:44Z,61.0,Charge 6
2024-12-23T03:10:46Z,62.0,Charge 6
2024-12-23T03:10:48Z,63.0,Charge 6
2024-12-23T03:10:50Z,65.0,Charge 6
2024-12-23T03:10:51Z,68.0,Charge 6
2024-12-23T03:10:53Z,69.0,Charge 6
2024-12-23T03:10:55Z,70.0,Charge 6
2024-12-23T03:10:57Z,72.0,Charge 6
2024-12-23T03:10:59Z,74.0,Charge 6
2024-12-23T03:11:02Z,74.0,Charge 6
2024-12-23T03:11:03Z,71.0,Charge 6
2024-12-23T03:11:05Z,69.0,Charge 6
2024-12-23T03:11:07Z,67.0,Charge 6
2024-12-23T03:11:09Z,65.0,Charge 6
2024-12-23T03:11:11Z,65.0,Charge 6
2024-12-23T03:11:14Z,65.0,Charge 6
2024-12-23T03:11:15Z,66.0,Charge 6
2024-12-23T03:11:16Z,67.0,Charge 6
2024-12-23T03:11:19Z,67.0,Charge 6
2024-12-23T03:11:20Z,68.0,Charge 6
2024-12-23T03:11:22Z,67.0,Charge 6
2024-12-23T03:11:24Z,66.0,Charge 6
2024-12-23T03:11:27Z,66.0,Charge 6
2024-12-23T03:11:28Z,65.0,Charge 6
2024-12-23T03:11:30Z,64.0,Charge 6
2024-12-23T03:11:32Z,63.0,Charge 6
2024-12-23T03:11:35Z,63.0,Charge 6
2024-12-23T03:11:36Z,62.0,Charge 6
2024-12-23T03:11:39Z,62.0,Charge 6
2024-12-23T03:11:41Z,61.0,Charge 6
2024-12-23T03:11:44Z,61.0,Charge 6
2024-12-23T03:11:47Z,60.0,Charge 6
2024-12-23T03:11:50Z,60.0,Charge 6
2024-12-23T03:11:53Z,60.0,Charge 6
2024-12-23T03:11:56Z,60.0,Charge 6
2024-12-23T03:11:59Z,60.0,Charge 6
2024-12-23T03:12:02Z,60.0,Charge 6
2024-12-23T03:12:04Z,61.0,Charge 6
2024-12-23T03:12:07Z,61.0,Charge 6
2024-12-23T03:12:10Z,62.0,Charge 6
2024-12-23T03:12:13Z,62.0,Charge 6
2024-12-23T03:12:16Z,62.0,Charge 6
2024-12-23T03:12:19Z,62.0,Charge 6
2024-12-23T03:12:20Z,63.0,Charge 6
2024-12-23T03:12:23Z,63.0,Charge 6
2024-12-23T03:12:24Z,64.0,Charge 6
2024-12-23T03:12:27Z,64.0,Charge 6
2024-12-23T03:12:30Z,64.0,Charge 6
2024-12-23T03:12:33Z,64.0,Charge 6
2024-12-23T03:12:36Z,64.0,Charge 6
2024-12-23T03:12:39Z,64.0,Charge 6
2024-12-23T03:12:42Z,64.0,Charge 6
2024-12-23T03:12:43Z,64.0,Charge 6
2024-12-23T03:12:45Z,66.0,Charge 6
2024-12-23T03:12:47Z,66.0,Charge 6
2024-12-23T03:12:49Z,68.0,Charge 6
2024-12-23T03:12:52Z,68.0,Charge 6
2024-12-23T03:12:55Z,68.0,Charge 6
2024-12-23T03:12:58Z,68.0,Charge 6
2024-12-23T03:13:01Z,68.0,Charge 6
2024-12-23T03:13:04Z,67.0,Charge 6
2024-12-23T03:13:06Z,68.0,Charge 6
2024-12-23T03:13:09Z,68.0,Charge 6
2024-12-23T03:13:10Z,69.0,Charge 6
2024-12-23T03:13:13Z,69.0,Charge 6
2024-12-23T03:13:14Z,68.0,Charge 6
2024-12-23T03:13:17Z,67.0,Charge 6
2024-12-23T03:13:19Z,66.0,Charge 6
2024-12-23T03:13:21Z,65.0,Charge 6
2024-12-23T03:13:23Z,64.0,Charge 6
2024-12-23T03:13:25Z,62.0,Charge 6
2024-12-23T03:13:28Z,62.0,Charge 6
2024-12-23T03:13:31Z,61.0,Charge 6
2024-12-23T03:13:33Z,60.0,Charge 6
2024-12-23T03:13:35Z,61.0,Charge 6
2024-12-23T03:13:38Z,61.0,Charge 6
2024-12-23T03:13:39Z,62.0,Charge 6
2024-12-23T03:13:42Z,62.0,Charge 6
2024-12-23T03:13:44Z,60.0,Charge 6
2024-12-23T03:13:46Z,60.0,Charge 6
2024-12-23T03:13:49Z,60.0,Charge 6
2024-12-23T03:13:52Z,60.0,Charge 6
2024-12-23T03:13:54Z,59.0,Charge 6
2024-12-23T03:13:56Z,58.0,Charge 6
2024-12-23T03:13:59Z,58.0,Charge 6
2024-12-23T03:14:02Z,58.0,Charge 6
2024-12-23T03:14:05Z,58.0,Charge 6
2024-12-23T03:14:07Z,56.0,Charge 6
2024-12-23T03:14:10Z,56.0,Charge 6
2024-12-23T03:14:11Z,57.0,Charge 6
2024-12-23T03:14:13Z,58.0,Charge 6
2024-12-23T03:14:16Z,58.0,Charge 6
2024-12-23T03:14:19Z,58.0,Charge 6
2024-12-23T03:14:22Z,58.0,Charge 6
2024-12-23T03:14:25Z,58.0,Charge 6
2024-12-23T03:14:27Z,59.0,Charge 6
2024-12-23T03:14:28Z,58.0,Charge 6
2024-12-23T03:14:31Z,58.0,Charge 6
2024-12-23T03:14:34Z,58.0,Charge 6
2024-12-23T03:14:37Z,58.0,Charge 6
2024-12-23T03:14:38Z,59.0,Charge 6
2024-12-23T03:14:41Z,59.0,Charge 6
2024-12-23T03:14:44Z,59.0,Charge 6
2024-12-23T03:14:47Z,59.0,Charge 6
2024-12-23T03:14:50Z,59.0,Charge 6
2024-12-23T03:14:51Z,60.0,Charge 6
2024-12-23T03:14:53Z,60.0,Charge 6
2024-12-23T03:14:56Z,60.0,Charge 6
2024-12-23T03:14:59Z,60.0,Charge 6
2024-12-23T03:15:02Z,60.0,Charge 6
2024-12-23T03:15:05Z,60.0,Charge 6
2024-12-23T03:15:08Z,60.0,Charge 6
2024-12-23T03:15:11Z,60.0,Charge 6
2024-12-23T03:15:14Z,60.0,Charge 6
2024-12-23T03:15:17Z,60.0,Charge 6
2024-12-23T03:15:20Z,60.0,Charge 6
2024-12-23T03:15:23Z,60.0,Charge 6
2024-12-23T03:15:26Z,60.0,Charge 6
2024-12-23T03:15:29Z,60.0,Charge 6
2024-12-23T03:15:32Z,60.0,Charge 6
2024-12-23T03:15:35Z,60.0,Charge 6
2024-12-23T03:15:38Z,60.0,Charge 6
2024-12-23T03:15:39Z,61.0,Charge 6
2024-12-23T03:15:41Z,62.0,Charge 6
2024-12-23T03:15:44Z,62.0,Charge 6
2024-12-23T03:15:47Z,61.0,Charge 6
2024-12-23T03:15:50Z,61.0,Charge 6
2024-12-23T03:15:53Z,61.0,Charge 6
2024-12-23T03:15:55Z,62.0,Charge 6
2024-12-23T03:15:58Z,62.0,Charge 6
2024-12-23T03:16:01Z,62.0,Charge 6
2024-12-23T03:16:04Z,62.0,Charge 6
2024-12-23T03:16:07Z,62.0,Charge 6
2024-12-23T03:16:08Z,62.0,Charge 6
2024-12-23T03:16:11Z,62.0,Charge 6
2024-12-23T03:16:12Z,63.0,Charge 6
2024-12-23T03:16:15Z,63.0,Charge 6
2024-12-23T03:16:18Z,63.0,Charge 6
2024-12-23T03:16:21Z,63.0,Charge 6
2024-12-23T03:16:24Z,64.0,Charge 6
2024-12-23T03:16:27Z,64.0,Charge 6
2024-12-23T03:16:30Z,64.0,Charge 6
2024-12-23T03:16:33Z,64.0,Charge 6
2024-12-23T03:16:36Z,64.0,Charge 6
2024-12-23T03:16:39Z,64.0,Charge 6
2024-12-23T03:16:41Z,63.0,Charge 6
2024-12-23T03:16:44Z,63.0,Charge 6
2024-12-23T03:16:47Z,63.0,Charge 6
2024-12-23T03:16:50Z,63.0,Charge 6
2024-12-23T03:16:52Z,62.0,Charge 6
2024-12-23T03:16:55Z,62.0,Charge 6
2024-12-23T03:16:58Z,62.0,Charge 6
2024-12-23T03:17:01Z,62.0,Charge 6
2024-12-23T03:17:04Z,62.0,Charge 6
2024-12-23T03:17:07Z,62.0,Charge 6
2024-12-23T03:17:10Z,62.0,Charge 6
2024-12-23T03:17:13Z,62.0,Charge 6
2024-12-23T03:17:16Z,62.0,Charge 6
2024-12-23T03:17:19Z,62.0,Charge 6
2024-12-23T03:17:21Z,61.0,Charge 6
2024-12-23T03:17:23Z,60.0,Charge 6
2024-12-23T03:17:26Z,60.0,Charge 6
2024-12-23T03:17:29Z,60.0,Charge 6
2024-12-23T03:17:32Z,60.0,Charge 6
2024-12-23T03:17:35Z,60.0,Charge 6
2024-12-23T03:17:38Z,60.0,Charge 6
2024-12-23T03:17:41Z,60.0,Charge 6
2024-12-23T03:17:44Z,60.0,Charge 6
2024-12-23T03:17:47Z,60.0,Charge 6
2024-12-23T03:17:50Z,60.0,Charge 6
2024-12-23T03:17:53Z,60.0,Charge 6
2024-12-23T03:17:56Z,60.0,Charge 6
2024-12-23T03:17:59Z,60.0,Charge 6
2024-12-23T03:18:02Z,60.0,Charge 6
2024-12-23T03:18:03Z,61.0,Charge 6
2024-12-23T03:18:05Z,62.0,Charge 6
2024-12-23T03:18:08Z,62.0,Charge 6
2024-12-23T03:18:11Z,62.0,Charge 6
2024-12-23T03:18:14Z,62.0,Charge 6
2024-12-23T03:18:17Z,63.0,Charge 6
2024-12-23T03:18:19Z,64.0,Charge 6
2024-12-23T03:18:22Z,64.0,Charge 6
2024-12-23T03:18:25Z,64.0,Charge 6
2024-12-23T03:18:27Z,63.0,Charge 6
2024-12-23T03:18:28Z,62.0,Charge 6
2024-12-23T03:18:31Z,62.0,Charge 6
2024-12-23T03:18:34Z,63.0,Charge 6
2024-12-23T03:18:36Z,63.0,Charge 6
2024-12-23T03:18:38Z,63.0,Charge 6
2024-12-23T03:18:40Z,64.0,Charge 6
2024-12-23T03:18:42Z,65.0,Charge 6
2024-12-23T03:18:44Z,66.0,Charge 6
2024-12-23T03:18:46Z,68.0,Charge 6
2024-12-23T03:18:49Z,68.0,Charge 6
2024-12-23T03:18:50Z,69.0,Charge 6
2024-12-23T03:18:51Z,70.0,Charge 6
2024-12-23T03:18:53Z,71.0,Charge 6
2024-12-23T03:18:55Z,72.0,Charge 6
2024-12-23T03:18:58Z,72.0,Charge 6
2024-12-23T03:18:59Z,70.0,Charge 6
2024-12-23T03:19:01Z,69.0,Charge 6
2024-12-23T03:19:03Z,68.0,Charge 6
2024-12-23T03:19:05Z,67.0,Charge 6
2024-12-23T03:19:07Z,66.0,Charge 6
2024-12-23T03:19:09Z,67.0,Charge 6
2024-12-23T03:19:12Z,67.0,Charge 6
2024-12-23T03:19:13Z,66.0,Charge 6
2024-12-23T03:19:16Z,66.0,Charge 6
2024-12-23T03:19:19Z,66.0,Charge 6
2024-12-23T03:19:20Z,68.0,Charge 6
2024-12-23T03:19:22Z,69.0,Charge 6
2024-12-23T03:19:24Z,69.0,Charge 6
2024-12-23T03:19:26Z,68.0,Charge 6
2024-12-23T03:19:28Z,69.0,Charge 6
2024-12-23T03:19:30Z,69.0,Charge 6
2024-12-23T03:19:32Z,70.0,Charge 6
2024-12-23T03:19:34Z,71.0,Charge 6
2024-12-23T03:19:36Z,72.0,Charge 6
2024-12-23T03:19:39Z,74.0,Charge 6
2024-12-23T03:19:42Z,74.0,Charge 6
2024-12-23T03:19:43Z,75.0,Charge 6
2024-12-23T03:19:46Z,75.0,Charge 6
2024-12-23T03:19:47Z,76.0,Charge 6
2024-12-23T03:19:50Z,76.0,Charge 6
2024-12-23T03:19:51Z,78.0,Charge 6
2024-12-23T03:19:53Z,77.0,Charge 6
2024-12-23T03:19:56Z,77.0,Charge 6
2024-12-23T03:19:57Z,78.0,Charge 6
2024-12-23T03:19:59Z,80.0,Charge 6
2024-12-23T03:20:01Z,82.0,Charge 6
2024-12-23T03:20:03Z,84.0,Charge 6
2024-12-23T03:20:04Z,85.0,Charge 6
2024-12-23T03:20:06Z,86.0,Charge 6
2024-12-23T03:20:09Z,86.0,Charge 6
2024-12-23T03:20:12Z,85.0,Charge 6
2024-12-23T03:20:14Z,84.0,Charge 6
2024-12-23T03:20:16Z,84.0,Charge 6
2024-12-23T03:20:19Z,84.0,Charge 6
2024-12-23T03:20:22Z,82.0,Charge 6
2024-12-23T03:20:24Z,81.0,Charge 6
2024-12-23T03:20:26Z,82.0,Charge 6
2024-12-23T03:20:27Z,82.0,Charge 6
2024-12-23T03:20:30Z,82.0,Charge 6
2024-12-23T03:20:33Z,82.0,Charge 6
2024-12-23T03:20:36Z,82.0,Charge 6
2024-12-23T03:20:37Z,81.0,Charge 6
2024-12-23T03:20:39Z,80.0,Charge 6
2024-12-23T03:20:42Z,80.0,Charge 6
2024-12-23T03:20:43Z,78.0,Charge 6
2024-12-23T03:20:45Z,76.0,Charge 6
2024-12-23T03:20:48Z,76.0,Charge 6
2024-12-23T03:20:49Z,75.0,Charge 6
2024-12-23T03:20:51Z,74.0,Charge 6
2024-12-23T03:20:54Z,74.0,Charge 6
2024-12-23T03:20:56Z,75.0,Charge 6
2024-12-23T03:20:59Z,75.0,Charge 6
2024-12-23T03:21:00Z,74.0,Charge 6
2024-12-23T03:21:02Z,73.0,Charge 6
2024-12-23T03:21:04Z,72.0,Charge 6
2024-12-23T03:21:07Z,72.0,Charge 6
2024-12-23T03:21:10Z,71.0,Charge 6
2024-12-23T03:21:13Z,71.0,Charge 6
2024-12-23T03:21:16Z,71.0,Charge 6
2024-12-23T03:21:17Z,70.0,Charge 6
2024-12-23T03:21:19Z,71.0,Charge 6
2024-12-23T03:21:21Z,70.0,Charge 6
2024-12-23T03:21:24Z,70.0,Charge 6
2024-12-23T03:21:25Z,69.0,Charge 6
2024-12-23T03:21:27Z,68.0,Charge 6
2024-12-23T03:21:30Z,68.0,Charge 6
2024-12-23T03:21:31Z,66.0,Charge 6
2024-12-23T03:21:34Z,66.0,Charge 6
2024-12-23T03:21:37Z,66.0,Charge 6
2024-12-23T03:21:39Z,66.0,Charge 6
2024-12-23T03:21:40Z,66.0,Charge 6
2024-12-23T03:21:42Z,66.0,Charge 6
2024-12-23T03:21:45Z,66.0,Charge 6
2024-12-23T03:21:48Z,66.0,Charge 6
2024-12-23T03:21:50Z,68.0,Charge 6
2024-12-23T03:21:53Z,68.0,Charge 6
2024-12-23T03:21:56Z,68.0,Charge 6
2024-12-23T03:21:58Z,67.0,Charge 6
2024-12-23T03:22:00Z,66.0,Charge 6
2024-12-23T03:22:03Z,66.0,Charge 6
2024-12-23T03:22:05Z,66.0,Charge 6
2024-12-23T03:22:08Z,66.0,Charge 6
2024-12-23T03:22:11Z,65.0,Charge 6
2024-12-23T03:22:13Z,65.0,Charge 6
2024-12-23T03:22:16Z,65.0,Charge 6
2024-12-23T03:22:19Z,64.0,Charge 6
2024-12-23T03:22:22Z,64.0,Charge 6
2024-12-23T03:22:25Z,64.0,Charge 6
2024-12-23T03:22:28Z,64.0,Charge 6
2024-12-23T03:22:31Z,64.0,Charge 6
2024-12-23T03:22:34Z,64.0,Charge 6
2024-12-23T03:22:36Z,64.0,Charge 6
2024-12-23T03:22:38Z,65.0,Charge 6
2024-12-23T03:22:40Z,66.0,Charge 6
2024-12-23T03:22:43Z,66.0,Charge 6
2024-12-23T03:22:46Z,66.0,Charge 6
2024-12-23T03:22:49Z,66.0,Charge 6
2024-12-23T03:22:50Z,67.0,Charge 6
2024-12-23T03:22:51Z,67.0,Charge 6
2024-12-23T03:22:53Z,68.0,Charge 6
2024-12-23T03:22:56Z,68.0,Charge 6
2024-12-23T03:22:59Z,69.0,Charge 6
2024-12-23T03:23:02Z,69.0,Charge 6
2024-12-23T03:23:05Z,69.0,Charge 6
2024-12-23T03:23:07Z,68.0,Charge 6
2024-12-23T03:23:10Z,68.0,Charge 6
2024-12-23T03:23:11Z,67.0,Charge 6
2024-12-23T03:23:13Z,66.0,Charge 6
2024-12-23T03:23:16Z,65.0,Charge 6
2024-12-23T03:23:18Z,64.0,Charge 6
2024-12-23T03:23:21Z,64.0,Charge 6
2024-12-23T03:23:24Z,64.0,Charge 6
2024-12-23T03:23:27Z,64.0,Charge 6
2024-12-23T03:23:30Z,64.0,Charge 6
2024-12-23T03:23:33Z,64.0,Charge 6
2024-12-23T03:23:36Z,64.0,Charge 6
2024-12-23T03:23:39Z,64.0,Charge 6
2024-12-23T03:23:42Z,64.0,Charge 6
2024-12-23T03:23:43Z,65.0,Charge 6
2024-12-23T03:23:46Z,65.0,Charge 6
2024-12-23T03:23:47Z,66.0,Charge 6
2024-12-23T03:23:50Z,66.0,Charge 6
2024-12-23T03:23:51Z,65.0,Charge 6
2024-12-23T03:23:53Z,64.0,Charge 6
2024-12-23T03:23:55Z,65.0,Charge 6
2024-12-23T03:23:58Z,65.0,Charge 6
2024-12-23T03:23:59Z,66.0,Charge 6
2024-12-23T03:24:02Z,66.0,Charge 6
2024-12-23T03:24:05Z,66.0,Charge 6
2024-12-23T03:24:08Z,64.0,Charge 6
2024-12-23T03:24:11Z,64.0,Charge 6
2024-12-23T03:24:14Z,63.0,Charge 6
2024-12-23T03:24:16Z,63.0,Charge 6
2024-12-23T03:24:18Z,62.0,Charge 6
2024-12-23T03:24:21Z,62.0,Charge 6
2024-12-23T03:24:24Z,64.0,Charge 6
2024-12-23T03:24:27Z,64.0,Charge 6
2024-12-23T03:24:29Z,65.0,Charge 6
2024-12-23T03:24:31Z,66.0,Charge 6
2024-12-23T03:24:34Z,66.0,Charge 6
2024-12-23T03:24:37Z,66.0,Charge 6
2024-12-23T03:24:40Z,66.0,Charge 6
2024-12-23T03:24:41Z,66.0,Charge 6
2024-12-23T03:24:43Z,65.0,Charge 6
2024-12-23T03:24:46Z,65.0,Charge 6
2024-12-23T03:24:47Z,64.0,Charge 6
2024-12-23T03:24:50Z,64.0,Charge 6
2024-12-23T03:24:51Z,65.0,Charge 6
2024-12-23T03:24:52Z,66.0,Charge 6
2024-12-23T03:24:54Z,67.0,Charge 6
2024-12-23T03:24:56Z,68.0,Charge 6
2024-12-23T03:24:59Z,68.0,Charge 6
2024-12-23T03:25:00Z,69.0,Charge 6
2024-12-23T03:25:02Z,71.0,Charge 6
2024-12-23T03:25:05Z,71.0,Charge 6
2024-12-23T03:25:06Z,73.0,Charge 6
2024-12-23T03:25:08Z,75.0,Charge 6
2024-12-23T03:25:11Z,75.0,Charge 6
2024-12-23T03:25:14Z,75.0,Charge 6
2024-12-23T03:25:17Z,74.0,Charge 6
2024-12-23T03:25:20Z,74.0,Charge 6
2024-12-23T03:25:23Z,72.0,Charge 6
2024-12-23T03:25:25Z,71.0,Charge 6
2024-12-23T03:25:27Z,70.0,Charge 6
2024-12-23T03:25:30Z,70.0,Charge 6
2024-12-23T03:25:33Z,70.0,Charge 6
2024-12-23T03:25:35Z,69.0,Charge 6
2024-12-23T03:25:37Z,70.0,Charge 6
2024-12-23T03:25:39Z,70.0,Charge 6
2024-12-23T03:25:40Z,69.0,Charge 6
2024-12-23T03:25:42Z,70.0,Charge 6
2024-12-23T03:25:45Z,70.0,Charge 6
2024-12-23T03:25:46Z,70.0,Charge 6
2024-12-23T03:25:48Z,72.0,Charge 6
2024-12-23T03:25:51Z,72.0,Charge 6
2024-12-23T03:25:52Z,74.0,Charge 6
2024-12-23T03:25:54Z,76.0,Charge 6
2024-12-23T03:25:56Z,75.0,Charge 6
2024-12-23T03:25:59Z,75.0,Charge 6
2024-12-23T03:26:00Z,76.0,Charge 6
2024-12-23T03:26:02Z,74.0,Charge 6
2024-12-23T03:26:03Z,73.0,Charge 6
2024-12-23T03:26:06Z,73.0,Charge 6
2024-12-23T03:26:07Z,72.0,Charge 6
2024-12-23T03:26:09Z,71.0,Charge 6
2024-12-23T03:26:11Z,72.0,Charge 6
2024-12-23T03:26:13Z,71.0,Charge 6
2024-12-23T03:26:16Z,71.0,Charge 6
2024-12-23T03:26:17Z,70.0,Charge 6
2024-12-23T03:26:19Z,71.0,Charge 6
2024-12-23T03:26:21Z,72.0,Charge 6
2024-12-23T03:26:23Z,74.0,Charge 6
2024-12-23T03:26:26Z,74.0,Charge 6
2024-12-23T03:26:27Z,75.0,Charge 6
2024-12-23T03:26:30Z,74.0,Charge 6
2024-12-23T03:26:32Z,73.0,Charge 6
2024-12-23T03:26:34Z,72.0,Charge 6
2024-12-23T03:26:36Z,70.0,Charge 6
2024-12-23T03:26:38Z,70.0,Charge 6
2024-12-23T03:26:40Z,70.0,Charge 6
2024-12-23T03:26:42Z,69.0,Charge 6
2024-12-23T03:26:44Z,68.0,Charge 6
2024-12-23T03:26:47Z,68.0,Charge 6
2024-12-23T03:26:50Z,68.0,Charge 6
2024-12-23T03:26:53Z,68.0,Charge 6
2024-12-23T03:26:56Z,68.0,Charge 6
2024-12-23T03:26:59Z,68.0,Charge 6
2024-12-23T03:27:02Z,68.0,Charge 6
2024-12-23T03:27:03Z,67.0,Charge 6
2024-12-23T03:27:05Z,66.0,Charge 6
2024-12-23T03:27:08Z,66.0,Charge 6
2024-12-23T03:27:11Z,66.0,Charge 6
2024-12-23T03:27:14Z,66.0,Charge 6
2024-12-23T03:27:17Z,66.0,Charge 6
2024-12-23T03:27:20Z,66.0,Charge 6
2024-12-23T03:27:23Z,66.0,Charge 6
2024-12-23T03:27:26Z,66.0,Charge 6
2024-12-23T03:27:29Z,66.0,Charge 6
2024-12-23T03:27:30Z,65.0,Charge 6
2024-12-23T03:27:33Z,65.0,Charge 6
2024-12-23T03:27:34Z,64.0,Charge 6
2024-12-23T03:27:36Z,65.0,Charge 6
2024-12-23T03:27:38Z,67.0,Charge 6
2024-12-23T03:27:39Z,71.0,Charge 6
2024-12-23T03:27:41Z,74.0,Charge 6
2024-12-23T03:27:43Z,77.0,Charge 6
2024-12-23T03:27:45Z,81.0,Charge 6
2024-12-23T03:27:47Z,80.0,Charge 6
2024-12-23T03:27:49Z,77.0,Charge 6
2024-12-23T03:27:51Z,75.0,Charge 6
2024-12-23T03:27:53Z,74.0,Charge 6
2024-12-23T03:27:56Z,74.0,Charge 6
2024-12-23T03:27:59Z,75.0,Charge 6
2024-12-23T03:28:01Z,76.0,Charge 6
2024-12-23T03:28:03Z,78.0,Charge 6
2024-12-23T03:28:04Z,79.0,Charge 6
2024-12-23T03:28:06Z,80.0,Charge 6
2024-12-23T03:28:09Z,80.0,Charge 6
2024-12-23T03:28:10Z,81.0,Charge 6
2024-12-23T03:28:12Z,83.0,Charge 6
2024-12-23T03:28:15Z,83.0,Charge 6
2024-12-23T03:28:18Z,84.0,Charge 6
2024-12-23T03:28:20Z,85.0,Charge 6
2024-12-23T03:28:23Z,85.0,Charge 6
2024-12-23T03:28:24Z,84.0,Charge 6
2024-12-23T03:28:26Z,83.0,Charge 6
2024-12-23T03:28:27Z,83.0,Charge 6
2024-12-23T03:28:29Z,84.0,Charge 6
2024-12-23T03:28:32Z,84.0,Charge 6
2024-12-23T03:28:33Z,83.0,Charge 6
2024-12-23T03:28:35Z,79.0,Charge 6
2024-12-23T03:28:37Z,78.0,Charge 6
2024-12-23T03:28:39Z,76.0,Charge 6
2024-12-23T03:28:41Z,75.0,Charge 6
2024-12-23T03:28:43Z,77.0,Charge 6
2024-12-23T03:28:45Z,78.0,Charge 6
2024-12-23T03:28:47Z,77.0,Charge 6
2024-12-23T03:28:50Z,77.0,Charge 6
2024-12-23T03:28:51Z,76.0,Charge 6
2024-12-23T03:28:54Z,77.0,Charge 6
2024-12-23T03:28:56Z,78.0,Charge 6
2024-12-23T03:28:58Z,77.0,Charge 6
2024-12-23T03:29:00Z,78.0,Charge 6
2024-12-23T03:29:03Z,78.0,Charge 6
2024-12-23T03:29:04Z,77.0,Charge 6
2024-12-23T03:29:06Z,78.0,Charge 6
2024-12-23T03:29:08Z,76.0,Charge 6
2024-12-23T03:29:11Z,76.0,Charge 6
2024-12-23T03:29:12Z,79.0,Charge 6
2024-12-23T03:29:14Z,80.0,Charge 6
2024-12-23T03:29:17Z,80.0,Charge 6
2024-12-23T03:29:20Z,80.0,Charge 6
2024-12-23T03:29:23Z,81.0,Charge 6
2024-12-23T03:29:25Z,82.0,Charge 6
2024-12-23T03:29:28Z,82.0,Charge 6
2024-12-23T03:29:31Z,82.0,Charge 6
2024-12-23T03:29:33Z,83.0,Charge 6
2024-12-23T03:29:36Z,83.0,Charge 6
2024-12-23T03:29:37Z,84.0,Charge 6
2024-12-23T03:29:39Z,83.0,Charge 6
2024-12-23T03:29:40Z,82.0,Charge 6
2024-12-23T03:29:42Z,80.0,Charge 6
2024-12-23T03:29:44Z,78.0,Charge 6
2024-12-23T03:29:46Z,76.0,Charge 6
2024-12-23T03:29:48Z,74.0,Charge 6
2024-12-23T03:29:51Z,74.0,Charge 6
2024-12-23T03:29:54Z,73.0,Charge 6
2024-12-23T03:29:56Z,72.0,Charge 6
2024-12-23T03:29:59Z,72.0,Charge 6
2024-12-23T03:30:02Z,72.0,Charge 6
2024-12-23T03:30:03Z,73.0,Charge 6
2024-12-23T03:30:06Z,73.0,Charge 6
2024-12-23T03:30:07Z,74.0,Charge 6
2024-12-23T03:30:09Z,75.0,Charge 6
2024-12-23T03:30:11Z,76.0,Charge 6
2024-12-23T03:30:14Z,76.0,Charge 6
2024-12-23T03:30:15Z,77.0,Charge 6
2024-12-23T03:30:18Z,77.0,Charge 6
2024-12-23T03:30:19Z,78.0,Charge 6
2024-12-23T03:30:22Z,78.0,Charge 6
2024-12-23T03:30:25Z,76.0,Charge 6
2024-12-23T03:30:27Z,79.0,Charge 6
2024-12-23T03:30:30Z,79.0,Charge 6
2024-12-23T03:30:32Z,80.0,Charge 6
2024-12-23T03:30:35Z,80.0,Charge 6
2024-12-23T03:30:38Z,81.0,Charge 6
2024-12-23T03:30:41Z,81.0,Charge 6
2024-12-23T03:30:42Z,82.0,Charge 6
2024-12-23T03:30:44Z,82.0,Charge 6
2024-12-23T03:30:46Z,80.0,Charge 6
2024-12-23T03:30:48Z,79.0,Charge 6
2024-12-23T03:30:50Z,77.0,Charge 6
2024-12-23T03:30:51Z,75.0,Charge 6
2024-12-23T03:30:53Z,74.0,Charge 6
2024-12-23T03:30:56Z,74.0,Charge 6
2024-12-23T03:30:57Z,72.0,Charge 6
2024-12-23T03:31:00Z,72.0,Charge 6
2024-12-23T03:31:01Z,71.0,Charge 6
2024-12-23T03:31:04Z,71.0,Charge 6
2024-12-23T03:31:07Z,71.0,Charge 6
2024-12-23T03:31:10Z,71.0,Charge 6
2024-12-23T03:31:11Z,70.0,Charge 6
2024-12-23T03:31:14Z,70.0,Charge 6
2024-12-23T03:31:15Z,70.0,Charge 6
2024-12-23T03:31:16Z,69.0,Charge 6
2024-12-23T03:31:18Z,68.0,Charge 6
2024-12-23T03:31:21Z,68.0,Charge 6
2024-12-23T03:31:24Z,68.0,Charge 6
2024-12-23T03:31:27Z,68.0,Charge 6
2024-12-23T03:31:30Z,68.0,Charge 6
2024-12-23T03:31:33Z,68.0,Charge 6
2024-12-23T03:31:36Z,68.0,Charge 6
2024-12-23T03:31:39Z,68.0,Charge 6
2024-12-23T03:31:42Z,68.0,Charge 6
2024-12-23T03:31:43Z,68.0,Charge 6
2024-12-23T03:31:46Z,68.0,Charge 6
2024-12-23T03:31:49Z,68.0,Charge 6
2024-12-23T03:31:52Z,68.0,Charge 6
2024-12-23T03:31:55Z,68.0,Charge 6
2024-12-23T03:31:58Z,68.0,Charge 6
2024-12-23T03:32:01Z,68.0,Charge 6
2024-12-23T03:32:04Z,68.0,Charge 6
2024-12-23T03:32:07Z,68.0,Charge 6
2024-12-23T03:32:10Z,68.0,Charge 6
2024-12-23T03:32:13Z,68.0,Charge 6
2024-12-23T03:32:14Z,67.0,Charge 6
2024-12-23T03:32:17Z,67.0,Charge 6
2024-12-23T03:32:18Z,68.0,Charge 6
2024-12-23T03:32:21Z,68.0,Charge 6
2024-12-23T03:32:22Z,67.0,Charge 6
2024-12-23T03:32:25Z,67.0,Charge 6
2024-12-23T03:32:26Z,66.0,Charge 6
2024-12-23T03:32:29Z,66.0,Charge 6
2024-12-23T03:32:32Z,66.0,Charge 6
2024-12-23T03:32:33Z,67.0,Charge 6
2024-12-23T03:32:36Z,67.0,Charge 6
2024-12-23T03:32:37Z,66.0,Charge 6
2024-12-23T03:32:40Z,66.0,Charge 6
2024-12-23T03:32:43Z,66.0,Charge 6
2024-12-23T03:32:46Z,66.0,Charge 6
2024-12-23T03:32:47Z,64.0,Charge 6
2024-12-23T03:32:49Z,64.0,Charge 6
2024-12-23T03:32:51Z,63.0,Charge 6
2024-12-23T03:32:52Z,62.0,Charge 6
2024-12-23T03:32:55Z,62.0,Charge 6
2024-12-23T03:32:58Z,62.0,Charge 6
2024-12-23T03:33:00Z,61.0,Charge 6
2024-12-23T03:33:02Z,60.0,Charge 6
2024-12-23T03:33:05Z,60.0,Charge 6
2024-12-23T03:33:06Z,61.0,Charge 6
2024-12-23T03:33:08Z,62.0,Charge 6
2024-12-23T03:33:11Z,62.0,Charge 6
2024-12-23T03:33:12Z,63.0,Charge 6
2024-12-23T03:33:15Z,64.0,Charge 6
2024-12-23T03:33:18Z,64.0,Charge 6
2024-12-23T03:33:21Z,64.0,Charge 6
2024-12-23T03:33:24Z,64.0,Charge 6
2024-12-23T03:33:27Z,64.0,Charge 6
2024-12-23T03:33:30Z,64.0,Charge 6
2024-12-23T03:33:33Z,64.0,Charge 6
2024-12-23T03:33:36Z,64.0,Charge 6
2024-12-23T03:33:39Z,64.0,Charge 6
2024-12-23T03:33:42Z,64.0,Charge 6
2024-12-23T03:33:45Z,64.0,Charge 6
2024-12-23T03:33:46Z,63.0,Charge 6
2024-12-23T03:33:49Z,63.0,Charge 6
2024-12-23T03:33:50Z,62.0,Charge 6
2024-12-23T03:33:53Z,62.0,Charge 6
2024-12-23T03:33:54Z,63.0,Charge 6
2024-12-23T03:33:56Z,64.0,Charge 6
2024-12-23T03:33:59Z,64.0,Charge 6
2024-12-23T03:34:02Z,64.0,Charge 6
2024-12-23T03:34:05Z,64.0,Charge 6
2024-12-23T03:34:08Z,64.0,Charge 6
2024-12-23T03:34:11Z,64.0,Charge 6
2024-12-23T03:34:13Z,65.0,Charge 6
2024-12-23T03:34:16Z,65.0,Charge 6
2024-12-23T03:34:17Z,66.0,Charge 6
2024-12-23T03:34:19Z,65.0,Charge 6
2024-12-23T03:34:22Z,65.0,Charge 6
2024-12-23T03:34:23Z,64.0,Charge 6
2024-12-23T03:34:26Z,64.0,Charge 6
2024-12-23T03:34:29Z,64.0,Charge 6
2024-12-23T03:34:32Z,64.0,Charge 6
2024-12-23T03:34:34Z,65.0,Charge 6
2024-12-23T03:34:36Z,66.0,Charge 6
2024-12-23T03:34:38Z,68.0,Charge 6
2024-12-23T03:34:41Z,68.0,Charge 6
2024-12-23T03:34:44Z,68.0,Charge 6
2024-12-23T03:34:46Z,67.0,Charge 6
2024-12-23T03:34:48Z,66.0,Charge 6
2024-12-23T03:34:51Z,66.0,Charge 6
2024-12-23T03:34:52Z,64.0,Charge 6
2024-12-23T03:34:55Z,64.0,Charge 6
2024-12-23T03:34:58Z,64.0,Charge 6
2024-12-23T03:35:00Z,64.0,Charge 6
2024-12-23T03:35:03Z,64.0,Charge 6
2024-12-23T03:35:06Z,64.0,Charge 6
2024-12-23T03:35:09Z,64.0,Charge 6
2024-12-23T03:35:12Z,64.0,Charge 6
2024-12-23T03:35:15Z,64.0,Charge 6
2024-12-23T03:35:18Z,64.0,Charge 6
2024-12-23T03:35:21Z,64.0,Charge 6
2024-12-23T03:35:24Z,64.0,Charge 6
2024-12-23T03:35:27Z,64.0,Charge 6
2024-12-23T03:35:30Z,64.0,Charge 6
2024-12-23T03:35:33Z,64.0,Charge 6
2024-12-23T03:35:36Z,63.0,Charge 6
2024-12-23T03:35:39Z,63.0,Charge 6
2024-12-23T03:35:40Z,62.0,Charge 6
2024-12-23T03:35:43Z,62.0,Charge 6
2024-12-23T03:35:46Z,62.0,Charge 6
2024-12-23T03:35:49Z,62.0,Charge 6
2024-12-23T03:35:52Z,62.0,Charge 6
2024-12-23T03:35:55Z,62.0,Charge 6
2024-12-23T03:35:58Z,62.0,Charge 6
2024-12-23T03:36:01Z,62.0,Charge 6
2024-12-23T03:36:04Z,62.0,Charge 6
2024-12-23T03:36:07Z,62.0,Charge 6
2024-12-23T03:36:10Z,62.0,Charge 6
2024-12-23T03:36:13Z,62.0,Charge 6
2024-12-23T03:36:16Z,62.0,Charge 6
2024-12-23T03:36:17Z,62.0,Charge 6
2024-12-23T03:36:20Z,62.0,Charge 6
2024-12-23T03:36:23Z,62.0,Charge 6
2024-12-23T03:36:24Z,63.0,Charge 6
2024-12-23T03:36:27Z,63.0,Charge 6
2024-12-23T03:36:30Z,62.0,Charge 6
2024-12-23T03:36:33Z,62.0,Charge 6
2024-12-23T03:36:36Z,62.0,Charge 6
2024-12-23T03:36:39Z,62.0,Charge 6
2024-12-23T03:36:42Z,62.0,Charge 6
2024-12-23T03:36:45Z,62.0,Charge 6
2024-12-23T03:36:48Z,62.0,Charge 6
2024-12-23T03:36:49Z,63.0,Charge 6
2024-12-23T03:36:52Z,63.0,Charge 6
2024-12-23T03:36:55Z,63.0,Charge 6
2024-12-23T03:36:58Z,63.0,Charge 6
2024-12-23T03:37:01Z,63.0,Charge 6
2024-12-23T03:37:04Z,63.0,Charge 6
2024-12-23T03:37:05Z,62.0,Charge 6
2024-12-23T03:37:07Z,63.0,Charge 6
2024-12-23T03:37:10Z,63.0,Charge 6
2024-12-23T03:37:13Z,63.0,Charge 6
2024-12-23T03:37:16Z,63.0,Charge 6
2024-12-23T03:37:18Z,62.0,Charge 6
2024-12-23T03:37:21Z,62.0,Charge 6
2024-12-23T03:37:24Z,62.0,Charge 6
2024-12-23T03:37:26Z,63.0,Charge 6
2024-12-23T03:37:28Z,64.0,Charge 6
2024-12-23T03:37:30Z,63.0,Charge 6
2024-12-23T03:37:33Z,63.0,Charge 6
2024-12-23T03:37:35Z,62.0,Charge 6
2024-12-23T03:37:38Z,62.0,Charge 6
2024-12-23T03:37:41Z,62.0,Charge 6
2024-12-23T03:37:44Z,62.0,Charge 6
2024-12-23T03:37:45Z,63.0,Charge 6
2024-12-23T03:37:48Z,63.0,Charge 6
2024-12-23T03:37:51Z,63.0,Charge 6
2024-12-23T03:37:53Z,64.0,Charge 6
2024-12-23T03:37:56Z,64.0,Charge 6
2024-12-23T03:37:57Z,63.0,Charge 6
2024-12-23T03:38:00Z,63.0,Charge 6
2024-12-23T03:38:03Z,63.0,Charge 6
2024-12-23T03:38:04Z,64.0,Charge 6
2024-12-23T03:38:07Z,64.0,Charge 6
2024-12-23T03:38:08Z,63.0,Charge 6
2024-12-23T03:38:11Z,63.0,Charge 6
2024-12-23T03:38:12Z,64.0,Charge 6
2024-12-23T03:38:15Z,64.0,Charge 6
2024-12-23T03:38:18Z,64.0,Charge 6
2024-12-23T03:38:21Z,64.0,Charge 6
2024-12-23T03:38:24Z,64.0,Charge 6
2024-12-23T03:38:27Z,64.0,Charge 6
2024-12-23T03:38:30Z,64.0,Charge 6
2024-12-23T03:38:33Z,64.0,Charge 6
2024-12-23T03:38:35Z,64.0,Charge 6
2024-12-23T03:38:38Z,64.0,Charge 6
2024-12-23T03:38:41Z,64.0,Charge 6
2024-12-23T03:38:44Z,64.0,Charge 6
2024-12-23T03:38:46Z,63.0,Charge 6
2024-12-23T03:38:48Z,64.0,Charge 6
2024-12-23T03:38:51Z,64.0,Charge 6
2024-12-23T03:38:54Z,64.0,Charge 6
2024-12-23T03:38:57Z,64.0,Charge 6
2024-12-23T03:39:00Z,64.0,Charge 6
2024-12-23T03:39:03Z,64.0,Charge 6
2024-12-23T03:39:06Z,64.0,Charge 6
2024-12-23T03:39:09Z,64.0,Charge 6
2024-12-23T03:39:12Z,64.0,Charge 6
2024-12-23T03:39:15Z,64.0,Charge 6
2024-12-23T03:39:18Z,64.0,Charge 6
2024-12-23T03:39:21Z,64.0,Charge 6
2024-12-23T03:39:24Z,64.0,Charge 6
2024-12-23T03:39:25Z,66.0,Charge 6
2024-12-23T03:39:27Z,65.0,Charge 6
2024-12-23T03:39:29Z,64.0,Charge 6
2024-12-23T03:39:32Z,64.0,Charge 6
2024-12-23T03:39:35Z,64.0,Charge 6
2024-12-23T03:39:38Z,64.0,Charge 6
2024-12-23T03:39:41Z,64.0,Charge 6
2024-12-23T03:39:44Z,64.0,Charge 6
2024-12-23T03:39:47Z,64.0,Charge 6
2024-12-23T03:39:48Z,64.0,Charge 6
2024-12-23T03:39:51Z,64.0,Charge 6
2024-12-23T03:39:54Z,64.0,Charge 6
2024-12-23T03:39:57Z,64.0,Charge 6
2024-12-23T03:40:00Z,64.0,Charge 6
2024-12-23T03:40:03Z,64.0,Charge 6
2024-12-23T03:40:06Z,64.0,Charge 6
2024-12-23T03:40:09Z,65.0,Charge 6
2024-12-23T03:40:11Z,66.0,Charge 6
2024-12-23T03:40:13Z,65.0,Charge 6
2024-12-23T03:40:16Z,65.0,Charge 6
2024-12-23T03:40:19Z,64.0,Charge 6
2024-12-23T03:40:22Z,64.0,Charge 6
2024-12-23T03:40:25Z,64.0,Charge 6
2024-12-23T03:40:28Z,64.0,Charge 6
2024-12-23T03:40:31Z,64.0,Charge 6
2024-12-23T03:40:34Z,64.0,Charge 6
2024-12-23T03:40:37Z,64.0,Charge 6
2024-12-23T03:40:40Z,64.0,Charge 6
2024-12-23T03:40:43Z,64.0,Charge 6
2024-12-23T03:40:44Z,65.0,Charge 6
2024-12-23T03:40:45Z,66.0,Charge 6
2024-12-23T03:40:48Z,66.0,Charge 6
2024-12-23T03:40:49Z,65.0,Charge 6
2024-12-23T03:40:52Z,65.0,Charge 6
2024-12-23T03:40:55Z,65.0,Charge 6
2024-12-23T03:40:57Z,64.0,Charge 6
2024-12-23T03:40:59Z,64.0,Charge 6
2024-12-23T03:41:01Z,63.0,Charge 6
2024-12-23T03:41:04Z,63.0,Charge 6
2024-12-23T03:41:05Z,62.0,Charge 6
2024-12-23T03:41:08Z,62.0,Charge 6
2024-12-23T03:41:11Z,62.0,Charge 6
2024-12-23T03:41:14Z,61.0,Charge 6
2024-12-23T03:41:17Z,61.0,Charge 6
2024-12-23T03:41:20Z,61.0,Charge 6
2024-12-23T03:41:23Z,61.0,Charge 6
2024-12-23T03:41:26Z,61.0,Charge 6
2024-12-23T03:41:29Z,61.0,Charge 6
2024-12-23T03:41:32Z,61.0,Charge 6
2024-12-23T03:41:33Z,62.0,Charge 6
2024-12-23T03:41:36Z,62.0,Charge 6
2024-12-23T03:41:39Z,62.0,Charge 6
2024-12-23T03:41:42Z,62.0,Charge 6
2024-12-23T03:41:45Z,62.0,Charge 6
2024-12-23T03:41:48Z,62.0,Charge 6
2024-12-23T03:41:51Z,62.0,Charge 6
2024-12-23T03:41:53Z,61.0,Charge 6
2024-12-23T03:41:56Z,61.0,Charge 6
2024-12-23T03:41:57Z,62.0,Charge 6
2024-12-23T03:42:00Z,62.0,Charge 6
2024-12-23T03:42:03Z,62.0,Charge 6
2024-12-23T03:42:06Z,62.0,Charge 6
2024-12-23T03:42:09Z,62.0,Charge 6
2024-12-23T03:42:10Z,62.0,Charge 6
2024-12-23T03:42:13Z,62.0,Charge 6
2024-12-23T03:42:16Z,62.0,Charge 6
2024-12-23T03:42:18Z,63.0,Charge 6
2024-12-23T03:42:20Z,63.0,Charge 6
2024-12-23T03:42:21Z,64.0,Charge 6
2024-12-23T03:42:23Z,65.0,Charge 6
2024-12-23T03:42:25Z,66.0,Charge 6
2024-12-23T03:42:27Z,68.0,Charge 6
2024-12-23T03:42:30Z,68.0,Charge 6
2024-12-23T03:42:33Z,68.0,Charge 6
2024-12-23T03:42:35Z,67.0,Charge 6
2024-12-23T03:42:37Z,65.0,Charge 6
2024-12-23T03:42:39Z,64.0,Charge 6
2024-12-23T03:42:41Z,62.0,Charge 6
2024-12-23T03:42:44Z,62.0,Charge 6
2024-12-23T03:42:45Z,61.0,Charge 6
2024-12-23T03:42:48Z,61.0,Charge 6
2024-12-23T03:42:50Z,60.0,Charge 6
2024-12-23T03:42:53Z,60.0,Charge 6
2024-12-23T03:42:56Z,60.0,Charge 6
2024-12-23T03:42:59Z,60.0,Charge 6
2024-12-23T03:43:02Z,60.0,Charge 6
2024-12-23T03:43:05Z,60.0,Charge 6
2024-12-23T03:43:08Z,61.0,Charge 6
2024-12-23T03:43:09Z,62.0,Charge 6
2024-12-23T03:43:12Z,62.0,Charge 6
2024-12-23T03:43:13Z,62.0,Charge 6
2024-12-23T03:43:16Z,62.0,Charge 6
2024-12-23T03:43:19Z,63.0,Charge 6
2024-12-23T03:43:22Z,63.0,Charge 6
2024-12-23T03:43:25Z,64.0,Charge 6
2024-12-23T03:43:28Z,64.0,Charge 6
2024-12-23T03:43:31Z,63.0,Charge 6
2024-12-23T03:43:34Z,63.0,Charge 6
2024-12-23T03:43:36Z,62.0,Charge 6
2024-12-23T03:43:39Z,62.0,Charge 6
2024-12-23T03:43:40Z,62.0,Charge 6
2024-12-23T03:43:42Z,63.0,Charge 6
2024-12-23T03:43:44Z,64.0,Charge 6
2024-12-23T03:43:46Z,65.0,Charge 6
2024-12-23T03:43:48Z,66.0,Charge 6
2024-12-23T03:43:50Z,67.0,Charge 6
2024-12-23T03:43:53Z,67.0,Charge 6
2024-12-23T03:43:56Z,68.0,Charge 6
2024-12-23T03:43:59Z,68.0,Charge 6
2024-12-23T03:44:01Z,67.0,Charge 6
2024-12-23T03:44:04Z,67.0,Charge 6
2024-12-23T03:44:07Z,67.0,Charge 6
2024-12-23T03:44:09Z,66.0,Charge 6
2024-12-23T03:44:12Z,66.0,Charge 6
2024-12-23T03:44:15Z,66.0,Charge 6
2024-12-23T03:44:18Z,66.0,Charge 6
2024-12-23T03:44:21Z,66.0,Charge 6
2024-12-23T03:44:22Z,65.0,Charge 6
2024-12-23T03:44:25Z,65.0,Charge 6
2024-12-23T03:44:28Z,66.0,Charge 6
2024-12-23T03:44:31Z,66.0,Charge 6
2024-12-23T03:44:34Z,66.0,Charge 6
2024-12-23T03:44:37Z,66.0,Charge 6
2024-12-23T03:44:40Z,66.0,Charge 6
2024-12-23T03:44:43Z,66.0,Charge 6
2024-12-23T03:44:46Z,66.0,Charge 6
2024-12-23T03:44:49Z,66.0,Charge 6
2024-12-23T03:44:52Z,66.0,Charge 6
2024-12-23T03:44:55Z,66.0,Charge 6
2024-12-23T03:44:58Z,66.0,Charge 6
2024-12-23T03:45:01Z,66.0,Charge 6
2024-12-23T03:45:04Z,66.0,Charge 6
2024-12-23T03:45:07Z,66.0,Charge 6
2024-12-23T03:45:10Z,65.0,Charge 6
2024-12-23T03:45:13Z,65.0,Charge 6
2024-12-23T03:45:16Z,65.0,Charge 6
2024-12-23T03:45:19Z,65.0,Charge 6
2024-12-23T03:45:20Z,64.0,Charge 6
2024-12-23T03:45:23Z,64.0,Charge 6
2024-12-23T03:45:26Z,64.0,Charge 6
2024-12-23T03:45:29Z,64.0,Charge 6
2024-12-23T03:45:30Z,63.0,Charge 6
2024-12-23T03:45:33Z,64.0,Charge 6
2024-12-23T03:45:36Z,64.0,Charge 6
2024-12-23T03:45:37Z,64.0,Charge 6
2024-12-23T03:45:40Z,64.0,Charge 6
2024-12-23T03:45:43Z,64.0,Charge 6
2024-12-23T03:45:46Z,64.0,Charge 6
2024-12-23T03:45:49Z,65.0,Charge 6
2024-12-23T03:45:51Z,66.0,Charge 6
2024-12-23T03:45:54Z,66.0,Charge 6
2024-12-23T03:45:57Z,66.0,Charge 6
2024-12-23T03:46:00Z,67.0,Charge 6
2024-12-23T03:46:02Z,68.0,Charge 6
2024-12-23T03:46:05Z,68.0,Charge 6
2024-12-23T03:46:08Z,68.0,Charge 6
2024-12-23T03:46:11Z,68.0,Charge 6
2024-12-23T03:46:12Z,67.0,Charge 6
2024-12-23T03:46:15Z,67.0,Charge 6
2024-12-23T03:46:16Z,66.0,Charge 6
2024-12-23T03:46:19Z,66.0,Charge 6
2024-12-23T03:46:22Z,66.0,Charge 6
2024-12-23T03:46:25Z,66.0,Charge 6
2024-12-23T03:46:28Z,66.0,Charge 6
2024-12-23T03:46:29Z,66.0,Charge 6
2024-12-23T03:46:31Z,66.0,Charge 6
2024-12-23T03:46:34Z,66.0,Charge 6
2024-12-23T03:46:37Z,66.0,Charge 6
2024-12-23T03:46:40Z,66.0,Charge 6
2024-12-23T03:46:43Z,65.0,Charge 6
2024-12-23T03:46:45Z,64.0,Charge 6
2024-12-23T03:46:46Z,64.0,Charge 6
2024-12-23T03:46:49Z,64.0,Charge 6
2024-12-23T03:46:52Z,64.0,Charge 6
2024-12-23T03:46:55Z,64.0,Charge 6
2024-12-23T03:46:58Z,64.0,Charge 6
2024-12-23T03:47:00Z,63.0,Charge 6
2024-12-23T03:47:02Z,64.0,Charge 6
2024-12-23T03:47:05Z,64.0,Charge 6
2024-12-23T03:47:08Z,64.0,Charge 6
2024-12-23T03:47:11Z,64.0,Charge 6
2024-12-23T03:47:14Z,64.0,Charge 6
2024-12-23T03:47:17Z,64.0,Charge 6
2024-12-23T03:47:19Z,63.0,Charge 6
2024-12-23T03:47:22Z,63.0,Charge 6
2024-12-23T03:47:25Z,63.0,Charge 6
2024-12-23T03:47:28Z,63.0,Charge 6
2024-12-23T03:47:29Z,62.0,Charge 6
2024-12-23T03:47:32Z,62.0,Charge 6
2024-12-23T03:47:35Z,62.0,Charge 6
2024-12-23T03:47:38Z,62.0,Charge 6
2024-12-23T03:47:40Z,61.0,Charge 6
2024-12-23T03:47:42Z,60.0,Charge 6
2024-12-23T03:47:45Z,60.0,Charge 6
2024-12-23T03:47:46Z,61.0,Charge 6
2024-12-23T03:47:49Z,61.0,Charge 6
2024-12-23T03:47:52Z,61.0,Charge 6
2024-12-23T03:47:55Z,61.0,Charge 6
2024-12-23T03:47:56Z,60.0,Charge 6
2024-12-23T03:47:59Z,60.0,Charge 6
2024-12-23T03:48:01Z,61.0,Charge 6
2024-12-23T03:48:03Z,62.0,Charge 6
2024-12-23T03:48:06Z,62.0,Charge 6
2024-12-23T03:48:09Z,62.0,Charge 6
2024-12-23T03:48:11Z,61.0,Charge 6
2024-12-23T03:48:13Z,60.0,Charge 6
2024-12-23T03:48:16Z,60.0,Charge 6
2024-12-23T03:48:17Z,61.0,Charge 6
2024-12-23T03:48:20Z,61.0,Charge 6
2024-12-23T03:48:21Z,60.0,Charge 6
2024-12-23T03:48:24Z,60.0,Charge 6
2024-12-23T03:48:27Z,60.0,Charge 6
2024-12-23T03:48:30Z,61.0,Charge 6
2024-12-23T03:48:33Z,61.0,Charge 6
2024-12-23T03:48:36Z,61.0,Charge 6
2024-12-23T03:48:39Z,61.0,Charge 6
2024-12-23T03:48:42Z,61.0,Charge 6
2024-12-23T03:48:45Z,60.0,Charge 6
2024-12-23T03:48:48Z,60.0,Charge 6
2024-12-23T03:48:51Z,60.0,Charge 6
2024-12-23T03:48:54Z,60.0,Charge 6
2024-12-23T03:48:57Z,60.0,Charge 6
2024-12-23T03:49:00Z,60.0,Charge 6
2024-12-23T03:49:03Z,60.0,Charge 6
2024-12-23T03:49:05Z,61.0,Charge 6
2024-12-23T03:49:07Z,61.0,Charge 6
2024-12-23T03:49:09Z,60.0,Charge 6
2024-12-23T03:49:12Z,60.0,Charge 6
2024-12-23T03:49:14Z,61.0,Charge 6
2024-12-23T03:49:16Z,62.0,Charge 6
2024-12-23T03:49:19Z,62.0,Charge 6
2024-12-23T03:49:22Z,62.0,Charge 6
2024-12-23T03:49:25Z,62.0,Charge 6
2024-12-23T03:49:28Z,62.0,Charge 6
2024-12-23T03:49:31Z,62.0,Charge 6
2024-12-23T03:49:34Z,62.0,Charge 6
2024-12-23T03:49:37Z,62.0,Charge 6
2024-12-23T03:49:40Z,62.0,Charge 6
2024-12-23T03:49:43Z,62.0,Charge 6
2024-12-23T03:49:46Z,62.0,Charge 6
2024-12-23T03:49:49Z,62.0,Charge 6
2024-12-23T03:49:52Z,62.0,Charge 6
2024-12-23T03:49:55Z,62.0,Charge 6
2024-12-23T03:49:58Z,62.0,Charge 6
2024-12-23T03:50:01Z,62.0,Charge 6
2024-12-23T03:50:04Z,62.0,Charge 6
2024-12-23T03:50:07Z,62.0,Charge 6
2024-12-23T03:50:10Z,62.0,Charge 6
2024-12-23T03:50:13Z,62.0,Charge 6
2024-12-23T03:50:16Z,62.0,Charge 6
2024-12-23T03:50:19Z,62.0,Charge 6
2024-12-23T03:50:22Z,62.0,Charge 6
2024-12-23T03:50:23Z,62.0,Charge 6
2024-12-23T03:50:26Z,62.0,Charge 6
2024-12-23T03:50:29Z,61.0,Charge 6
2024-12-23T03:50:31Z,60.0,Charge 6
2024-12-23T03:50:34Z,60.0,Charge 6
2024-12-23T03:50:37Z,61.0,Charge 6
2024-12-23T03:50:40Z,61.0,Charge 6
2024-12-23T03:50:41Z,62.0,Charge 6
2024-12-23T03:50:44Z,62.0,Charge 6
2024-12-23T03:50:47Z,62.0,Charge 6
2024-12-23T03:50:50Z,62.0,Charge 6
2024-12-23T03:50:53Z,62.0,Charge 6
2024-12-23T03:50:56Z,62.0,Charge 6
2024-12-23T03:50:58Z,63.0,Charge 6
2024-12-23T03:51:01Z,63.0,Charge 6
2024-12-23T03:51:04Z,63.0,Charge 6
2024-12-23T03:51:07Z,63.0,Charge 6
2024-12-23T03:51:10Z,63.0,Charge 6
2024-12-23T03:51:11Z,62.0,Charge 6
2024-12-23T03:51:14Z,62.0,Charge 6
2024-12-23T03:51:17Z,62.0,Charge 6
2024-12-23T03:51:20Z,62.0,Charge 6
2024-12-23T03:51:23Z,62.0,Charge 6
2024-12-23T03:51:26Z,62.0,Charge 6
2024-12-23T03:51:29Z,61.0,Charge 6
2024-12-23T03:51:31Z,60.0,Charge 6
2024-12-23T03:51:33Z,62.0,Charge 6
2024-12-23T03:51:34Z,62.0,Charge 6
2024-12-23T03:51:36Z,63.0,Charge 6
2024-12-23T03:51:39Z,63.0,Charge 6
2024-12-23T03:51:42Z,64.0,Charge 6
2024-12-23T03:51:44Z,64.0,Charge 6
2024-12-23T03:51:46Z,66.0,Charge 6
2024-12-23T03:51:49Z,66.0,Charge 6
2024-12-23T03:51:50Z,68.0,Charge 6
2024-12-23T03:51:53Z,68.0,Charge 6
2024-12-23T03:51:56Z,68.0,Charge 6
2024-12-23T03:51:57Z,68.0,Charge 6
2024-12-23T03:51:59Z,69.0,Charge 6
2024-12-23T03:52:02Z,69.0,Charge 6
2024-12-23T03:52:03Z,70.0,Charge 6
2024-12-23T03:52:05Z,71.0,Charge 6
2024-12-23T03:52:07Z,73.0,Charge 6
2024-12-23T03:52:10Z,73.0,Charge 6
2024-12-23T03:52:11Z,71.0,Charge 6
2024-12-23T03:52:13Z,71.0,Charge 6
2024-12-23T03:52:15Z,70.0,Charge 6
2024-12-23T03:52:18Z,70.0,Charge 6
2024-12-23T03:52:21Z,69.0,Charge 6
2024-12-23T03:52:22Z,68.0,Charge 6
2024-12-23T03:52:25Z,68.0,Charge 6
2024-12-23T03:52:26Z,66.0,Charge 6
2024-12-23T03:52:29Z,66.0,Charge 6
2024-12-23T03:52:32Z,66.0,Charge 6
2024-12-23T03:52:34Z,66.0,Charge 6
2024-12-23T03:52:36Z,65.0,Charge 6
2024-12-23T03:52:39Z,65.0,Charge 6
2024-12-23T03:52:42Z,66.0,Charge 6
2024-12-23T03:52:44Z,65.0,Charge 6
2024-12-23T03:52:47Z,65.0,Charge 6
2024-12-23T03:52:49Z,66.0,Charge 6
2024-12-23T03:52:52Z,66.0,Charge 6
2024-12-23T03:52:55Z,66.0,Charge 6
2024-12-23T03:52:57Z,65.0,Charge 6
2024-12-23T03:52:59Z,64.0,Charge 6
2024-12-23T03:53:02Z,64.0,Charge 6
2024-12-23T03:53:05Z,64.0,Charge 6
2024-12-23T03:53:08Z,64.0,Charge 6
2024-12-23T03:53:11Z,64.0,Charge 6
2024-12-23T03:53:12Z,63.0,Charge 6
2024-12-23T03:53:15Z,63.0,Charge 6
2024-12-23T03:53:18Z,64.0,Charge 6
2024-12-23T03:53:21Z,64.0,Charge 6
2024-12-23T03:53:24Z,64.0,Charge 6
2024-12-23T03:53:27Z,64.0,Charge 6
2024-12-23T03:53:30Z,64.0,Charge 6
2024-12-23T03:53:33Z,64.0,Charge 6
2024-12-23T03:53:36Z,64.0,Charge 6
2024-12-23T03:53:39Z,64.0,Charge 6
2024-12-23T03:53:42Z,64.0,Charge 6
2024-12-23T03:53:45Z,64.0,Charge 6
2024-12-23T03:53:47Z,63.0,Charge 6
2024-12-23T03:53:50Z,63.0,Charge 6
2024-12-23T03:53:51Z,62.0,Charge 6
2024-12-23T03:53:54Z,62.0,Charge 6
2024-12-23T03:53:57Z,62.0,Charge 6
2024-12-23T03:54:00Z,62.0,Charge 6
2024-12-23T03:54:02Z,61.0,Charge 6
2024-12-23T03:54:05Z,61.0,Charge 6
2024-12-23T03:54:06Z,60.0,Charge 6
2024-12-23T03:54:09Z,60.0,Charge 6
2024-12-23T03:54:12Z,60.0,Charge 6
2024-12-23T03:54:15Z,60.0,Charge 6
2024-12-23T03:54:16Z,59.0,Charge 6
2024-12-23T03:54:19Z,59.0,Charge 6
2024-12-23T03:54:22Z,59.0,Charge 6
2024-12-23T03:54:23Z,58.0,Charge 6
2024-12-23T03:54:25Z,59.0,Charge 6
2024-12-23T03:54:28Z,59.0,Charge 6
2024-12-23T03:54:31Z,59.0,Charge 6
2024-12-23T03:54:33Z,58.0,Charge 6
2024-12-23T03:54:35Z,59.0,Charge 6
2024-12-23T03:54:38Z,59.0,Charge 6
2024-12-23T03:54:39Z,60.0,Charge 6
2024-12-23T03:54:42Z,60.0,Charge 6
2024-12-23T03:54:45Z,60.0,Charge 6
2024-12-23T03:54:48Z,60.0,Charge 6
2024-12-23T03:54:51Z,60.0,Charge 6
2024-12-23T03:54:52Z,60.0,Charge 6
2024-12-23T03:54:55Z,60.0,Charge 6
2024-12-23T03:54:56Z,61.0,Charge 6
2024-12-23T03:54:59Z,61.0,Charge 6
2024-12-23T03:55:00Z,62.0,Charge 6
2024-12-23T03:55:03Z,62.0,Charge 6
2024-12-23T03:55:04Z,61.0,Charge 6
2024-12-23T03:55:06Z,62.0,Charge 6
2024-12-23T03:55:09Z,62.0,Charge 6
2024-12-23T03:55:11Z,63.0,Charge 6
2024-12-23T03:55:13Z,64.0,Charge 6
2024-12-23T03:55:16Z,64.0,Charge 6
2024-12-23T03:55:19Z,64.0,Charge 6
2024-12-23T03:55:22Z,64.0,Charge 6
2024-12-23T03:55:25Z,64.0,Charge 6
2024-12-23T03:55:28Z,64.0,Charge 6
2024-12-23T03:55:31Z,63.0,Charge 6
2024-12-23T03:55:33Z,62.0,Charge 6
2024-12-23T03:55:36Z,62.0,Charge 6
2024-12-23T03:55:38Z,61.0,Charge 6
2024-12-23T03:55:41Z,61.0,Charge 6
2024-12-23T03:55:44Z,60.0,Charge 6
2024-12-23T03:55:47Z,60.0,Charge 6
2024-12-23T03:55:50Z,60.0,Charge 6
2024-12-23T03:55:53Z,60.0,Charge 6
2024-12-23T03:55:56Z,61.0,Charge 6
2024-12-23T03:55:59Z,62.0,Charge 6
2024-12-23T03:56:01Z,62.0,Charge 6
2024-12-23T03:56:04Z,62.0,Charge 6
2024-12-23T03:56:07Z,62.0,Charge 6
2024-12-23T03:56:09Z,63.0,Charge 6
2024-12-23T03:56:11Z,64.0,Charge 6
2024-12-23T03:56:13Z,65.0,Charge 6
2024-12-23T03:56:15Z,66.0,Charge 6
2024-12-23T03:56:18Z,66.0,Charge 6
2024-12-23T03:56:21Z,66.0,Charge 6
2024-12-23T03:56:24Z,66.0,Charge 6
2024-12-23T03:56:26Z,67.0,Charge 6
2024-12-23T03:56:29Z,67.0,Charge 6
2024-12-23T03:56:30Z,68.0,Charge 6
2024-12-23T03:56:33Z,68.0,Charge 6
2024-12-23T03:56:36Z,68.0,Charge 6
2024-12-23T03:56:39Z,68.0,Charge 6
2024-12-23T03:56:42Z,68.0,Charge 6
2024-12-23T03:56:45Z,68.0,Charge 6
2024-12-23T03:56:47Z,67.0,Charge 6
2024-12-23T03:56:50Z,67.0,Charge 6
2024-12-23T03:56:53Z,68.0,Charge 6
2024-12-23T03:56:56Z,68.0,Charge 6
2024-12-23T03:56:59Z,68.0,Charge 6
2024-12-23T03:57:02Z,68.0,Charge 6
2024-12-23T03:57:05Z,67.0,Charge 6
2024-12-23T03:57:08Z,67.0,Charge 6
2024-12-23T03:57:09Z,66.0,Charge 6
2024-12-23T03:57:10Z,66.0,Charge 6
2024-12-23T03:57:13Z,66.0,Charge 6
2024-12-23T03:57:16Z,66.0,Charge 6
2024-12-23T03:57:18Z,65.0,Charge 6
2024-12-23T03:57:21Z,65.0,Charge 6
2024-12-23T03:57:22Z,64.0,Charge 6
2024-12-23T03:57:25Z,64.0,Charge 6
2024-12-23T03:57:28Z,63.0,Charge 6
2024-12-23T03:57:31Z,63.0,Charge 6
2024-12-23T03:57:32Z,62.0,Charge 6
2024-12-23T03:57:35Z,62.0,Charge 6
2024-12-23T03:57:38Z,62.0,Charge 6
2024-12-23T03:57:41Z,62.0,Charge 6
2024-12-23T03:57:44Z,62.0,Charge 6
2024-12-23T03:57:47Z,62.0,Charge 6
2024-12-23T03:57:49Z,61.0,Charge 6
2024-12-23T03:57:51Z,60.0,Charge 6
2024-12-23T03:57:54Z,60.0,Charge 6
2024-12-23T03:57:57Z,61.0,Charge 6
2024-12-23T03:57:58Z,62.0,Charge 6
2024-12-23T03:58:00Z,63.0,Charge 6
2024-12-23T03:58:03Z,63.0,Charge 6
2024-12-23T03:58:04Z,62.0,Charge 6
2024-12-23T03:58:07Z,62.0,Charge 6
2024-12-23T03:58:10Z,61.0,Charge 6
2024-12-23T03:58:12Z,62.0,Charge 6
2024-12-23T03:58:15Z,62.0,Charge 6
2024-12-23T03:58:16Z,62.0,Charge 6
2024-12-23T03:58:19Z,62.0,Charge 6
2024-12-23T03:58:20Z,61.0,Charge 6
2024-12-23T03:58:21Z,60.0,Charge 6
2024-12-23T03:58:23Z,61.0,Charge 6
2024-12-23T03:58:26Z,61.0,Charge 6
2024-12-23T03:58:27Z,62.0,Charge 6
2024-12-23T03:58:30Z,62.0,Charge 6
2024-12-23T03:58:33Z,62.0,Charge 6
2024-12-23T03:58:36Z,62.0,Charge 6
2024-12-23T03:58:37Z,63.0,Charge 6
2024-12-23T03:58:39Z,64.0,Charge 6
2024-12-23T03:58:42Z,64.0,Charge 6
2024-12-23T03:58:45Z,65.0,Charge 6
2024-12-23T03:58:48Z,65.0,Charge 6
2024-12-23T03:58:50Z,64.0,Charge 6
2024-12-23T03:58:53Z,64.0,Charge 6
2024-12-23T03:58:54Z,63.0,Charge 6
2024-12-23T03:58:57Z,63.0,Charge 6
2024-12-23T03:59:00Z,62.0,Charge 6
2024-12-23T03:59:03Z,62.0,Charge 6
2024-12-23T03:59:06Z,62.0,Charge 6
2024-12-23T03:59:09Z,62.0,Charge 6
2024-12-23T03:59:12Z,62.0,Charge 6
2024-12-23T03:59:15Z,62.0,Charge 6
2024-12-23T03:59:17Z,63.0,Charge 6
2024-12-23T03:59:20Z,63.0,Charge 6
2024-12-23T03:59:21Z,63.0,Charge 6
2024-12-23T03:59:24Z,63.0,Charge 6
2024-12-23T03:59:25Z,62.0,Charge 6
2024-12-23T03:59:28Z,62.0,Charge 6
2024-12-23T03:59:31Z,62.0,Charge 6
2024-12-23T03:59:34Z,63.0,Charge 6
2024-12-23T03:59:37Z,63.0,Charge 6
2024-12-23T03:59:40Z,64.0,Charge 6
2024-12-23T03:59:43Z,64.0,Charge 6
2024-12-23T03:59:44Z,65.0,Charge 6
2024-12-23T03:59:46Z,66.0,Charge 6
2024-12-23T03:59:49Z,66.0,Charge 6
2024-12-23T03:59:52Z,66.0,Charge 6
2024-12-23T03:59:55Z,66.0,Charge 6
2024-12-23T03:59:58Z,66.0,Charge 6
2024-12-23T03:59:59Z,65.0,Charge 6
2024-12-23T04:00:01Z,64.0,Charge 6
2024-12-23T04:00:04Z,64.0,Charge 6
2024-12-23T04:00:05Z,63.0,Charge 6
2024-12-23T04:00:07Z,62.0,Charge 6
2024-12-23T04:00:10Z,62.0,Charge 6
2024-12-23T04:00:11Z,63.0,Charge 6
2024-12-23T04:00:13Z,64.0,Charge 6
2024-12-23T04:00:15Z,65.0,Charge 6
2024-12-23T04:00:18Z,65.0,Charge 6
2024-12-23T04:00:19Z,64.0,Charge 6
2024-12-23T04:00:21Z,63.0,Charge 6
2024-12-23T04:00:22Z,62.0,Charge 6
2024-12-23T04:00:25Z,62.0,Charge 6
2024-12-23T04:00:28Z,62.0,Charge 6
2024-12-23T04:00:31Z,62.0,Charge 6
2024-12-23T04:00:32Z,63.0,Charge 6
2024-12-23T04:00:34Z,64.0,Charge 6
2024-12-23T04:00:37Z,64.0,Charge 6
2024-12-23T04:00:40Z,64.0,Charge 6
2024-12-23T04:00:43Z,64.0,Charge 6
2024-12-23T04:00:46Z,64.0,Charge 6
2024-12-23T04:00:47Z,63.0,Charge 6
2024-12-23T04:00:50Z,63.0,Charge 6
2024-12-23T04:00:53Z,63.0,Charge 6
2024-12-23T04:00:56Z,63.0,Charge 6
2024-12-23T04:00:59Z,63.0,Charge 6
2024-12-23T04:01:02Z,63.0,Charge 6
2024-12-23T04:01:05Z,63.0,Charge 6
2024-12-23T04:01:08Z,63.0,Charge 6
2024-12-23T04:01:10Z,62.0,Charge 6
2024-12-23T04:01:13Z,62.0,Charge 6
2024-12-23T04:01:16Z,62.0,Charge 6
2024-12-23T04:01:19Z,62.0,Charge 6
2024-12-23T04:01:22Z,62.0,Charge 6
2024-12-23T04:01:25Z,62.0,Charge 6
2024-12-23T04:01:28Z,61.0,Charge 6
2024-12-23T04:01:30Z,60.0,Charge 6
2024-12-23T04:01:33Z,60.0,Charge 6
2024-12-23T04:01:35Z,60.0,Charge 6
2024-12-23T04:01:38Z,60.0,Charge 6
2024-12-23T04:01:41Z,60.0,Charge 6
2024-12-23T04:01:44Z,60.0,Charge 6
2024-12-23T04:01:47Z,60.0,Charge 6
2024-12-23T04:01:50Z,60.0,Charge 6
2024-12-23T04:01:53Z,60.0,Charge 6
2024-12-23T04:01:56Z,60.0,Charge 6
2024-12-23T04:01:57Z,59.0,Charge 6
2024-12-23T04:02:00Z,59.0,Charge 6
2024-12-23T04:02:02Z,60.0,Charge 6
2024-12-23T04:02:05Z,60.0,Charge 6
2024-12-23T04:02:08Z,60.0,Charge 6
2024-12-23T04:02:11Z,60.0,Charge 6
2024-12-23T04:02:14Z,60.0,Charge 6
2024-12-23T04:02:16Z,61.0,Charge 6
2024-12-23T04:02:18Z,62.0,Charge 6
2024-12-23T04:02:21Z,62.0,Charge 6
2024-12-23T04:02:23Z,61.0,Charge 6
2024-12-23T04:02:26Z,61.0,Charge 6
2024-12-23T04:02:29Z,62.0,Charge 6
2024-12-23T04:02:32Z,62.0,Charge 6
2024-12-23T04:02:35Z,62.0,Charge 6
2024-12-23T04:02:38Z,62.0,Charge 6
2024-12-23T04:02:41Z,62.0,Charge 6
2024-12-23T04:02:44Z,62.0,Charge 6
2024-12-23T04:02:47Z,62.0,Charge 6
2024-12-23T04:02:48Z,62.0,Charge 6
2024-12-23T04:02:51Z,62.0,Charge 6
2024-12-23T04:02:54Z,62.0,Charge 6
2024-12-23T04:02:57Z,62.0,Charge 6
2024-12-23T04:03:00Z,62.0,Charge 6
2024-12-23T04:03:03Z,62.0,Charge 6
2024-12-23T04:03:06Z,62.0,Charge 6
2024-12-23T04:03:09Z,62.0,Charge 6
2024-12-23T04:03:12Z,62.0,Charge 6
2024-12-23T04:03:15Z,62.0,Charge 6
2024-12-23T04:03:18Z,62.0,Charge 6
2024-12-23T04:03:21Z,62.0,Charge 6
2024-12-23T04:03:24Z,62.0,Charge 6
2024-12-23T04:03:27Z,62.0,Charge 6
2024-12-23T04:03:29Z,63.0,Charge 6
2024-12-23T04:03:32Z,63.0,Charge 6
2024-12-23T04:03:35Z,63.0,Charge 6
2024-12-23T04:03:38Z,63.0,Charge 6
2024-12-23T04:03:40Z,64.0,Charge 6
2024-12-23T04:03:43Z,64.0,Charge 6
2024-12-23T04:03:46Z,64.0,Charge 6
2024-12-23T04:03:49Z,64.0,Charge 6
2024-12-23T04:03:52Z,64.0,Charge 6
2024-12-23T04:03:55Z,64.0,Charge 6
2024-12-23T04:03:58Z,64.0,Charge 6
2024-12-23T04:04:01Z,64.0,Charge 6
2024-12-23T04:04:04Z,64.0,Charge 6
2024-12-23T04:04:05Z,64.0,Charge 6
2024-12-23T04:04:07Z,65.0,Charge 6
2024-12-23T04:04:10Z,65.0,Charge 6
2024-12-23T04:04:11Z,66.0,Charge 6
2024-12-23T04:04:13Z,65.0,Charge 6
2024-12-23T04:04:16Z,65.0,Charge 6
2024-12-23T04:04:19Z,64.0,Charge 6
2024-12-23T04:04:22Z,64.0,Charge 6
2024-12-23T04:04:25Z,64.0,Charge 6
2024-12-23T04:04:28Z,64.0,Charge 6
2024-12-23T04:04:31Z,64.0,Charge 6
2024-12-23T04:04:34Z,64.0,Charge 6
2024-12-23T04:04:37Z,64.0,Charge 6
2024-12-23T04:04:40Z,64.0,Charge 6
2024-12-23T04:04:43Z,64.0,Charge 6
2024-12-23T04:04:46Z,64.0,Charge 6
2024-12-23T04:04:49Z,63.0,Charge 6
2024-12-23T04:04:51Z,62.0,Charge 6
2024-12-23T04:04:54Z,62.0,Charge 6
2024-12-23T04:04:57Z,62.0,Charge 6
2024-12-23T04:05:00Z,62.0,Charge 6
2024-12-23T04:05:03Z,61.0,Charge 6
2024-12-23T04:05:05Z,62.0,Charge 6
2024-12-23T04:05:08Z,62.0,Charge 6
2024-12-23T04:05:11Z,62.0,Charge 6
2024-12-23T04:05:14Z,62.0,Charge 6
2024-12-23T04:05:17Z,62.0,Charge 6
2024-12-23T04:05:18Z,61.0,Charge 6
2024-12-23T04:05:21Z,61.0,Charge 6
2024-12-23T04:05:22Z,62.0,Charge 6
2024-12-23T04:05:25Z,62.0,Charge 6
2024-12-23T04:05:28Z,62.0,Charge 6
2024-12-23T04:05:30Z,63.0,Charge 6
2024-12-23T04:05:33Z,63.0,Charge 6
2024-12-23T04:05:36Z,63.0,Charge 6
2024-12-23T04:05:37Z,64.0,Charge 6
2024-12-23T04:05:40Z,64.0,Charge 6
2024-12-23T04:05:43Z,64.0,Charge 6
2024-12-23T04:05:46Z,64.0,Charge 6
2024-12-23T04:05:49Z,64.0,Charge 6
2024-12-23T04:05:52Z,64.0,Charge 6
2024-12-23T04:05:55Z,64.0,Charge 6
2024-12-23T04:05:58Z,64.0,Charge 6
2024-12-23T04:06:01Z,64.0,Charge 6
2024-12-23T04:06:04Z,64.0,Charge 6
2024-12-23T04:06:07Z,64.0,Charge 6
2024-12-23T04:06:10Z,64.0,Charge 6
2024-12-23T04:06:13Z,64.0,Charge 6
2024-12-23T04:06:15Z,66.0,Charge 6
2024-12-23T04:06:18Z,66.0,Charge 6
2024-12-23T04:06:20Z,65.0,Charge 6
2024-12-23T04:06:22Z,64.0,Charge 6
2024-12-23T04:06:25Z,64.0,Charge 6
2024-12-23T04:06:28Z,64.0,Charge 6
2024-12-23T04:06:30Z,64.0,Charge 6
2024-12-23T04:06:33Z,64.0,Charge 6
2024-12-23T04:06:36Z,64.0,Charge 6
2024-12-23T04:06:39Z,64.0,Charge 6
2024-12-23T04:06:42Z,64.0,Charge 6
2024-12-23T04:06:45Z,64.0,Charge 6
2024-12-23T04:06:48Z,64.0,Charge 6
2024-12-23T04:06:51Z,64.0,Charge 6
2024-12-23T04:06:54Z,64.0,Charge 6
2024-12-23T04:06:57Z,64.0,Charge 6
2024-12-23T04:07:00Z,64.0,Charge 6
2024-12-23T04:07:03Z,65.0,Charge 6
2024-12-23T04:07:06Z,64.0,Charge 6
2024-12-23T04:07:09Z,64.0,Charge 6
2024-12-23T04:07:12Z,64.0,Charge 6
2024-12-23T04:07:14Z,65.0,Charge 6
2024-12-23T04:07:17Z,65.0,Charge 6
2024-12-23T04:07:20Z,65.0,Charge 6
2024-12-23T04:07:23Z,65.0,Charge 6
2024-12-23T04:07:24Z,64.0,Charge 6
2024-12-23T04:07:27Z,64.0,Charge 6
2024-12-23T04:07:30Z,64.0,Charge 6
2024-12-23T04:07:33Z,64.0,Charge 6
2024-12-23T04:07:36Z,64.0,Charge 6
2024-12-23T04:07:39Z,64.0,Charge 6
2024-12-23T04:07:42Z,64.0,Charge 6
2024-12-23T04:07:45Z,64.0,Charge 6
2024-12-23T04:07:47Z,64.0,Charge 6
2024-12-23T04:07:50Z,64.0,Charge 6
2024-12-23T04:07:51Z,65.0,Charge 6
2024-12-23T04:07:54Z,65.0,Charge 6
2024-12-23T04:07:57Z,65.0,Charge 6
2024-12-23T04:08:00Z,65.0,Charge 6
2024-12-23T04:08:03Z,65.0,Charge 6
2024-12-23T04:08:06Z,65.0,Charge 6
2024-12-23T04:08:09Z,65.0,Charge 6
2024-12-23T04:08:12Z,65.0,Charge 6
2024-12-23T04:08:15Z,65.0,Charge 6
2024-12-23T04:08:16Z,64.0,Charge 6
2024-12-23T04:08:19Z,64.0,Charge 6
2024-12-23T04:08:22Z,64.0,Charge 6
2024-12-23T04:08:25Z,64.0,Charge 6
2024-12-23T04:08:28Z,64.0,Charge 6
2024-12-23T04:08:31Z,64.0,Charge 6
2024-12-23T04:08:34Z,64.0,Charge 6
2024-12-23T04:08:37Z,64.0,Charge 6
2024-12-23T04:08:39Z,65.0,Charge 6
2024-12-23T04:08:40Z,66.0,Charge 6
2024-12-23T04:08:43Z,66.0,Charge 6
2024-12-23T04:08:46Z,66.0,Charge 6
2024-12-23T04:08:49Z,66.0,Charge 6
2024-12-23T04:08:52Z,66.0,Charge 6
2024-12-23T04:08:55Z,66.0,Charge 6
2024-12-23T04:08:58Z,66.0,Charge 6
2024-12-23T04:09:00Z,66.0,Charge 6
2024-12-23T04:09:03Z,66.0,Charge 6
2024-12-23T04:09:06Z,66.0,Charge 6
2024-12-23T04:09:09Z,66.0,Charge 6
2024-12-23T04:09:12Z,66.0,Charge 6
2024-12-23T04:09:15Z,65.0,Charge 6
2024-12-23T04:09:17Z,64.0,Charge 6
2024-12-23T04:09:20Z,64.0,Charge 6
2024-12-23T04:09:23Z,64.0,Charge 6
2024-12-23T04:09:26Z,64.0,Charge 6
2024-12-23T04:09:29Z,64.0,Charge 6
2024-12-23T04:09:32Z,64.0,Charge 6
2024-12-23T04:09:35Z,64.0,Charge 6
2024-12-23T04:09:38Z,64.0,Charge 6
2024-12-23T04:09:41Z,64.0,Charge 6
2024-12-23T04:09:44Z,64.0,Charge 6
2024-12-23T04:09:47Z,64.0,Charge 6
2024-12-23T04:09:48Z,63.0,Charge 6
2024-12-23T04:09:50Z,62.0,Charge 6
2024-12-23T04:09:53Z,62.0,Charge 6
2024-12-23T04:09:55Z,63.0,Charge 6
2024-12-23T04:09:57Z,64.0,Charge 6
2024-12-23T04:10:00Z,64.0,Charge 6
2024-12-23T04:10:03Z,64.0,Charge 6
2024-12-23T04:10:05Z,65.0,Charge 6
2024-12-23T04:10:07Z,66.0,Charge 6
2024-12-23T04:10:10Z,66.0,Charge 6
2024-12-23T04:10:11Z,66.0,Charge 6
2024-12-23T04:10:14Z,66.0,Charge 6
2024-12-23T04:10:17Z,66.0,Charge 6
2024-12-23T04:10:20Z,66.0,Charge 6
2024-12-23T04:10:23Z,66.0,Charge 6
2024-12-23T04:10:26Z,66.0,Charge 6
2024-12-23T04:10:29Z,66.0,Charge 6
2024-12-23T04:10:30Z,65.0,Charge 6
2024-12-23T04:10:32Z,64.0,Charge 6
2024-12-23T04:10:35Z,64.0,Charge 6
2024-12-23T04:10:36Z,62.0,Charge 6
2024-12-23T04:10:39Z,62.0,Charge 6
2024-12-23T04:10:42Z,62.0,Charge 6
2024-12-23T04:10:43Z,63.0,Charge 6
2024-12-23T04:10:46Z,63.0,Charge 6
2024-12-23T04:10:49Z,63.0,Charge 6
2024-12-23T04:10:52Z,63.0,Charge 6
2024-12-23T04:10:53Z,64.0,Charge 6
2024-12-23T04:10:56Z,64.0,Charge 6
2024-12-23T04:10:59Z,64.0,Charge 6
2024-12-23T04:11:02Z,64.0,Charge 6
2024-12-23T04:11:04Z,65.0,Charge 6
2024-12-23T04:11:06Z,66.0,Charge 6
2024-12-23T04:11:09Z,66.0,Charge 6
2024-12-23T04:11:12Z,66.0,Charge 6
2024-12-23T04:11:15Z,66.0,Charge 6
2024-12-23T04:11:18Z,66.0,Charge 6
2024-12-23T04:11:20Z,64.0,Charge 6
2024-12-23T04:11:23Z,64.0,Charge 6
2024-12-23T04:11:26Z,64.0,Charge 6
2024-12-23T04:11:29Z,64.0,Charge 6
2024-12-23T04:11:32Z,64.0,Charge 6
2024-12-23T04:11:35Z,64.0,Charge 6
2024-12-23T04:11:38Z,64.0,Charge 6
2024-12-23T04:11:41Z,64.0,Charge 6
2024-12-23T04:11:44Z,64.0,Charge 6
2024-12-23T04:11:45Z,63.0,Charge 6
2024-12-23T04:11:47Z,64.0,Charge 6
2024-12-23T04:11:50Z,64.0,Charge 6
2024-12-23T04:11:53Z,64.0,Charge 6
2024-12-23T04:11:56Z,64.0,Charge 6
2024-12-23T04:11:59Z,64.0,Charge 6
2024-12-23T04:12:02Z,64.0,Charge 6
2024-12-23T04:12:05Z,64.0,Charge 6
2024-12-23T04:12:06Z,65.0,Charge 6
2024-12-23T04:12:08Z,66.0,Charge 6
2024-12-23T04:12:11Z,66.0,Charge 6
2024-12-23T04:12:14Z,66.0,Charge 6
2024-12-23T04:12:16Z,65.0,Charge 6
2024-12-23T04:12:19Z,64.0,Charge 6
2024-12-23T04:12:22Z,64.0,Charge 6
2024-12-23T04:12:23Z,65.0,Charge 6
2024-12-23T04:12:26Z,65.0,Charge 6
2024-12-23T04:12:29Z,65.0,Charge 6
2024-12-23T04:12:31Z,65.0,Charge 6
2024-12-23T04:12:33Z,64.0,Charge 6
2024-12-23T04:12:36Z,64.0,Charge 6
2024-12-23T04:12:39Z,64.0,Charge 6
2024-12-23T04:12:42Z,64.0,Charge 6
2024-12-23T04:12:45Z,64.0,Charge 6
2024-12-23T04:12:48Z,64.0,Charge 6
2024-12-23T04:12:51Z,64.0,Charge 6
2024-12-23T04:12:54Z,64.0,Charge 6
2024-12-23T04:12:56Z,63.0,Charge 6
2024-12-23T04:12:59Z,63.0,Charge 6
2024-12-23T04:13:00Z,64.0,Charge 6
2024-12-23T04:13:03Z,64.0,Charge 6
2024-12-23T04:13:06Z,64.0,Charge 6
2024-12-23T04:13:09Z,64.0,Charge 6
2024-12-23T04:13:12Z,64.0,Charge 6
2024-12-23T04:13:15Z,65.0,Charge 6
2024-12-23T04:13:17Z,66.0,Charge 6
2024-12-23T04:13:20Z,66.0,Charge 6
2024-12-23T04:13:23Z,66.0,Charge 6
2024-12-23T04:13:26Z,66.0,Charge 6
2024-12-23T04:13:29Z,66.0,Charge 6
2024-12-23T04:13:32Z,66.0,Charge 6
2024-12-23T04:13:35Z,66.0,Charge 6
2024-12-23T04:13:36Z,65.0,Charge 6
2024-12-23T04:13:39Z,65.0,Charge 6
2024-12-23T04:13:42Z,65.0,Charge 6
2024-12-23T04:13:44Z,64.0,Charge 6
2024-12-23T04:13:47Z,64.0,Charge 6
2024-12-23T04:13:50Z,64.0,Charge 6
2024-12-23T04:13:53Z,64.0,Charge 6
2024-12-23T04:13:56Z,64.0,Charge 6
2024-12-23T04:13:57Z,65.0,Charge 6
2024-12-23T04:14:00Z,65.0,Charge 6
2024-12-23T04:14:01Z,66.0,Charge 6
2024-12-23T04:14:04Z,66.0,Charge 6
2024-12-23T04:14:07Z,66.0,Charge 6
2024-12-23T04:14:09Z,67.0,Charge 6
2024-12-23T04:14:12Z,67.0,Charge 6
2024-12-23T04:14:13Z,68.0,Charge 6
2024-12-23T04:14:16Z,68.0,Charge 6
2024-12-23T04:14:19Z,68.0,Charge 6
2024-12-23T04:14:22Z,68.0,Charge 6
2024-12-23T04:14:25Z,68.0,Charge 6
2024-12-23T04:14:26Z,66.0,Charge 6
2024-12-23T04:14:29Z,66.0,Charge 6
2024-12-23T04:14:30Z,65.0,Charge 6
2024-12-23T04:14:32Z,66.0,Charge 6
2024-12-23T04:14:35Z,66.0,Charge 6
2024-12-23T04:14:38Z,66.0,Charge 6
2024-12-23T04:14:41Z,66.0,Charge 6
2024-12-23T04:14:44Z,66.0,Charge 6
2024-12-23T04:14:47Z,66.0,Charge 6
2024-12-23T04:14:50Z,66.0,Charge 6
2024-12-23T04:14:51Z,66.0,Charge 6
2024-12-23T04:14:54Z,66.0,Charge 6
2024-12-23T04:14:57Z,66.0,Charge 6
2024-12-23T04:15:00Z,66.0,Charge 6
2024-12-23T04:15:01Z,65.0,Charge 6
2024-12-23T04:15:03Z,66.0,Charge 6
2024-12-23T04:15:04Z,65.0,Charge 6
2024-12-23T04:15:07Z,65.0,Charge 6
2024-12-23T04:15:08Z,66.0,Charge 6
2024-12-23T04:15:11Z,66.0,Charge 6
2024-12-23T04:15:14Z,66.0,Charge 6
2024-12-23T04:15:16Z,65.0,Charge 6
2024-12-23T04:15:19Z,65.0,Charge 6
2024-12-23T04:15:22Z,65.0,Charge 6
2024-12-23T04:15:24Z,64.0,Charge 6
2024-12-23T04:15:27Z,64.0,Charge 6
2024-12-23T04:15:30Z,64.0,Charge 6
2024-12-23T04:15:33Z,64.0,Charge 6
2024-12-23T04:15:36Z,64.0,Charge 6
2024-12-23T04:15:39Z,64.0,Charge 6
2024-12-23T04:15:42Z,64.0,Charge 6
2024-12-23T04:15:45Z,65.0,Charge 6
2024-12-23T04:15:47Z,66.0,Charge 6
2024-12-23T04:15:50Z,66.0,Charge 6
2024-12-23T04:15:53Z,66.0,Charge 6
2024-12-23T04:15:56Z,66.0,Charge 6
2024-12-23T04:15:59Z,66.0,Charge 6
2024-12-23T04:16:00Z,66.0,Charge 6
2024-12-23T04:16:03Z,66.0,Charge 6
2024-12-23T04:16:06Z,66.0,Charge 6
2024-12-23T04:16:09Z,66.0,Charge 6
2024-12-23T04:16:12Z,66.0,Charge 6
2024-12-23T04:16:15Z,66.0,Charge 6
2024-12-23T04:16:16Z,65.0,Charge 6
2024-12-23T04:16:19Z,65.0,Charge 6
2024-12-23T04:16:22Z,65.0,Charge 6
2024-12-23T04:16:23Z,66.0,Charge 6
2024-12-23T04:16:26Z,66.0,Charge 6
2024-12-23T04:16:29Z,66.0,Charge 6
2024-12-23T04:16:32Z,66.0,Charge 6
2024-12-23T04:16:35Z,66.0,Charge 6
2024-12-23T04:16:38Z,66.0,Charge 6
2024-12-23T04:16:41Z,66.0,Charge 6
2024-12-23T04:16:44Z,66.0,Charge 6
2024-12-23T04:16:47Z,66.0,Charge 6
2024-12-23T04:16:48Z,67.0,Charge 6
2024-12-23T04:16:51Z,67.0,Charge 6
2024-12-23T04:16:54Z,67.0,Charge 6
2024-12-23T04:16:57Z,67.0,Charge 6
2024-12-23T04:17:00Z,67.0,Charge 6
2024-12-23T04:17:02Z,68.0,Charge 6
2024-12-23T04:17:05Z,68.0,Charge 6
2024-12-23T04:17:08Z,68.0,Charge 6
2024-12-23T04:17:11Z,68.0,Charge 6
2024-12-23T04:17:13Z,68.0,Charge 6
2024-12-23T04:17:16Z,68.0,Charge 6
2024-12-23T04:17:19Z,68.0,Charge 6
2024-12-23T04:17:21Z,67.0,Charge 6
2024-12-23T04:17:23Z,66.0,Charge 6
2024-12-23T04:17:26Z,66.0,Charge 6
2024-12-23T04:17:28Z,67.0,Charge 6
2024-12-23T04:17:31Z,67.0,Charge 6
2024-12-23T04:17:32Z,66.0,Charge 6
2024-12-23T04:17:35Z,66.0,Charge 6
2024-12-23T04:17:38Z,66.0,Charge 6
2024-12-23T04:17:41Z,66.0,Charge 6
2024-12-23T04:17:42Z,67.0,Charge 6
2024-12-23T04:17:44Z,68.0,Charge 6
2024-12-23T04:17:47Z,68.0,Charge 6
2024-12-23T04:17:50Z,67.0,Charge 6
2024-12-23T04:17:52Z,66.0,Charge 6
2024-12-23T04:17:55Z,66.0,Charge 6
2024-12-23T04:17:58Z,66.0,Charge 6
2024-12-23T04:18:01Z,66.0,Charge 6
2024-12-23T04:18:04Z,66.0,Charge 6
2024-12-23T04:18:07Z,65.0,Charge 6
2024-12-23T04:18:10Z,65.0,Charge 6
2024-12-23T04:18:11Z,66.0,Charge 6
2024-12-23T04:18:14Z,66.0,Charge 6
2024-12-23T04:18:15Z,68.0,Charge 6
2024-12-23T04:18:16Z,67.0,Charge 6
2024-12-23T04:18:18Z,66.0,Charge 6
2024-12-23T04:18:21Z,66.0,Charge 6
2024-12-23T04:18:24Z,66.0,Charge 6
2024-12-23T04:18:27Z,66.0,Charge 6
2024-12-23T04:18:30Z,66.0,Charge 6
2024-12-23T04:18:33Z,66.0,Charge 6
2024-12-23T04:18:34Z,67.0,Charge 6
2024-12-23T04:18:36Z,66.0,Charge 6
2024-12-23T04:18:39Z,66.0,Charge 6
2024-12-23T04:18:42Z,66.0,Charge 6
2024-12-23T04:18:45Z,66.0,Charge 6
2024-12-23T04:18:47Z,65.0,Charge 6
2024-12-23T04:18:50Z,65.0,Charge 6
2024-12-23T04:18:53Z,66.0,Charge 6
2024-12-23T04:18:56Z,66.0,Charge 6
2024-12-23T04:18:59Z,66.0,Charge 6
2024-12-23T04:19:02Z,66.0,Charge 6
2024-12-23T04:19:04Z,67.0,Charge 6
2024-12-23T04:19:07Z,67.0,Charge 6
2024-12-23T04:19:10Z,66.0,Charge 6
2024-12-23T04:19:13Z,66.0,Charge 6
2024-12-23T04:19:16Z,65.0,Charge 6
2024-12-23T04:19:19Z,65.0,Charge 6
2024-12-23T04:19:20Z,66.0,Charge 6
2024-12-23T04:19:22Z,65.0,Charge 6
2024-12-23T04:19:25Z,65.0,Charge 6
2024-12-23T04:19:28Z,64.0,Charge 6
2024-12-23T04:19:29Z,65.0,Charge 6
2024-12-23T04:19:31Z,66.0,Charge 6
2024-12-23T04:19:34Z,66.0,Charge 6
2024-12-23T04:19:37Z,67.0,Charge 6
2024-12-23T04:19:39Z,68.0,Charge 6
2024-12-23T04:19:42Z,68.0,Charge 6
2024-12-23T04:19:45Z,68.0,Charge 6
2024-12-23T04:19:47Z,67.0,Charge 6
2024-12-23T04:19:49Z,68.0,Charge 6
2024-12-23T04:19:51Z,67.0,Charge 6
2024-12-23T04:19:52Z,68.0,Charge 6
2024-12-23T04:19:55Z,68.0,Charge 6
2024-12-23T04:19:58Z,68.0,Charge 6
2024-12-23T04:20:00Z,67.0,Charge 6
2024-12-23T04:20:02Z,66.0,Charge 6
2024-12-23T04:20:05Z,66.0,Charge 6
2024-12-23T04:20:08Z,66.0,Charge 6
2024-12-23T04:20:11Z,66.0,Charge 6
2024-12-23T04:20:14Z,66.0,Charge 6
2024-12-23T04:20:17Z,66.0,Charge 6
2024-12-23T04:20:20Z,66.0,Charge 6
2024-12-23T04:20:23Z,66.0,Charge 6
2024-12-23T04:20:26Z,66.0,Charge 6
2024-12-23T04:20:29Z,66.0,Charge 6
2024-12-23T04:20:32Z,66.0,Charge 6
2024-12-23T04:20:35Z,66.0,Charge 6
2024-12-23T04:20:37Z,67.0,Charge 6
2024-12-23T04:20:39Z,67.0,Charge 6
2024-12-23T04:20:42Z,66.0,Charge 6
2024-12-23T04:20:45Z,66.0,Charge 6
2024-12-23T04:20:48Z,66.0,Charge 6
2024-12-23T04:20:51Z,66.0,Charge 6
2024-12-23T04:20:52Z,65.0,Charge 6
2024-12-23T04:20:55Z,65.0,Charge 6
2024-12-23T04:20:58Z,65.0,Charge 6
2024-12-23T04:21:01Z,65.0,Charge 6
2024-12-23T04:21:04Z,65.0,Charge 6
2024-12-23T04:21:07Z,65.0,Charge 6
2024-12-23T04:21:09Z,66.0,Charge 6
2024-12-23T04:21:12Z,66.0,Charge 6
2024-12-23T04:21:15Z,65.0,Charge 6
2024-12-23T04:21:17Z,66.0,Charge 6
2024-12-23T04:21:20Z,66.0,Charge 6
2024-12-23T04:21:23Z,67.0,Charge 6
2024-12-23T04:21:26Z,67.0,Charge 6
2024-12-23T04:21:27Z,66.0,Charge 6
2024-12-23T04:21:30Z,66.0,Charge 6
2024-12-23T04:21:33Z,66.0,Charge 6
2024-12-23T04:21:36Z,65.0,Charge 6
2024-12-23T04:21:39Z,65.0,Charge 6
2024-12-23T04:21:40Z,64.0,Charge 6
2024-12-23T04:21:43Z,64.0,Charge 6
2024-12-23T04:21:46Z,64.0,Charge 6
2024-12-23T04:21:49Z,64.0,Charge 6
2024-12-23T04:21:50Z,64.0,Charge 6
2024-12-23T04:21:53Z,64.0,Charge 6
2024-12-23T04:21:55Z,65.0,Charge 6
2024-12-23T04:21:58Z,65.0,Charge 6
2024-12-23T04:21:59Z,66.0,Charge 6
2024-12-23T04:22:02Z,66.0,Charge 6
2024-12-23T04:22:05Z,66.0,Charge 6
2024-12-23T04:22:08Z,66.0,Charge 6
2024-12-23T04:22:11Z,66.0,Charge 6
2024-12-23T04:22:14Z,66.0,Charge 6
2024-12-23T04:22:17Z,66.0,Charge 6
2024-12-23T04:22:20Z,66.0,Charge 6
2024-12-23T04:22:22Z,67.0,Charge 6
2024-12-23T04:22:24Z,68.0,Charge 6
2024-12-23T04:22:27Z,68.0,Charge 6
2024-12-23T04:22:30Z,68.0,Charge 6
2024-12-23T04:22:32Z,67.0,Charge 6
2024-12-23T04:22:34Z,66.0,Charge 6
2024-12-23T04:22:37Z,66.0,Charge 6
2024-12-23T04:22:40Z,67.0,Charge 6
2024-12-23T04:22:41Z,68.0,Charge 6
2024-12-23T04:22:44Z,68.0,Charge 6
2024-12-23T04:22:47Z,68.0,Charge 6
2024-12-23T04:22:49Z,67.0,Charge 6
2024-12-23T04:22:51Z,66.0,Charge 6
2024-12-23T04:22:54Z,66.0,Charge 6
2024-12-23T04:22:57Z,66.0,Charge 6
2024-12-23T04:22:59Z,66.0,Charge 6
2024-12-23T04:23:02Z,66.0,Charge 6
2024-12-23T04:23:05Z,66.0,Charge 6
2024-12-23T04:23:08Z,66.0,Charge 6
2024-12-23T04:23:11Z,66.0,Charge 6
2024-12-23T04:23:14Z,66.0,Charge 6
2024-12-23T04:23:17Z,66.0,Charge 6
2024-12-23T04:23:20Z,66.0,Charge 6
2024-12-23T04:23:23Z,66.0,Charge 6
2024-12-23T04:23:26Z,66.0,Charge 6
2024-12-23T04:23:29Z,66.0,Charge 6
2024-12-23T04:23:32Z,66.0,Charge 6
2024-12-23T04:23:35Z,66.0,Charge 6
2024-12-23T04:23:38Z,66.0,Charge 6
2024-12-23T04:23:41Z,66.0,Charge 6
2024-12-23T04:23:43Z,67.0,Charge 6
2024-12-23T04:23:46Z,67.0,Charge 6
2024-12-23T04:23:47Z,66.0,Charge 6
2024-12-23T04:23:50Z,66.0,Charge 6
2024-12-23T04:23:53Z,66.0,Charge 6
2024-12-23T04:23:56Z,66.0,Charge 6
2024-12-23T04:23:58Z,67.0,Charge 6
2024-12-23T04:24:01Z,67.0,Charge 6
2024-12-23T04:24:02Z,66.0,Charge 6
2024-12-23T04:24:05Z,66.0,Charge 6
2024-12-23T04:24:08Z,65.0,Charge 6
2024-12-23T04:24:10Z,66.0,Charge 6
2024-12-23T04:24:12Z,66.0,Charge 6
2024-12-23T04:24:15Z,66.0,Charge 6
2024-12-23T04:24:16Z,67.0,Charge 6
2024-12-23T04:24:17Z,68.0,Charge 6
2024-12-23T04:24:20Z,68.0,Charge 6
2024-12-23T04:24:23Z,68.0,Charge 6
2024-12-23T04:24:25Z,67.0,Charge 6
2024-12-23T04:24:27Z,66.0,Charge 6
2024-12-23T04:24:30Z,66.0,Charge 6
2024-12-23T04:24:33Z,66.0,Charge 6
2024-12-23T04:24:36Z,66.0,Charge 6
2024-12-23T04:24:39Z,66.0,Charge 6
2024-12-23T04:24:42Z,66.0,Charge 6
2024-12-23T04:24:44Z,67.0,Charge 6
2024-12-23T04:24:47Z,67.0,Charge 6
2024-12-23T04:24:48Z,68.0,Charge 6
2024-12-23T04:24:51Z,68.0,Charge 6
2024-12-23T04:24:54Z,69.0,Charge 6
2024-12-23T04:24:57Z,69.0,Charge 6
2024-12-23T04:25:00Z,69.0,Charge 6
2024-12-23T04:25:02Z,68.0,Charge 6
2024-12-23T04:25:05Z,66.0,Charge 6
2024-12-23T04:25:08Z,66.0,Charge 6
2024-12-23T04:25:09Z,65.0,Charge 6
2024-12-23T04:25:12Z,65.0,Charge 6
2024-12-23T04:25:13Z,66.0,Charge 6
2024-12-23T04:25:16Z,66.0,Charge 6
2024-12-23T04:25:17Z,65.0,Charge 6
2024-12-23T04:25:19Z,64.0,Charge 6
2024-12-23T04:25:22Z,64.0,Charge 6
2024-12-23T04:25:25Z,64.0,Charge 6
2024-12-23T04:25:28Z,64.0,Charge 6
2024-12-23T04:25:31Z,64.0,Charge 6
2024-12-23T04:25:34Z,65.0,Charge 6
2024-12-23T04:25:37Z,65.0,Charge 6
2024-12-23T04:25:38Z,66.0,Charge 6
2024-12-23T04:25:40Z,65.0,Charge 6
2024-12-23T04:25:42Z,64.0,Charge 6
2024-12-23T04:25:45Z,64.0,Charge 6
2024-12-23T04:25:46Z,63.0,Charge 6
2024-12-23T04:25:48Z,64.0,Charge 6
2024-12-23T04:25:51Z,64.0,Charge 6
2024-12-23T04:25:54Z,64.0,Charge 6
2024-12-23T04:25:55Z,65.0,Charge 6
2024-12-23T04:25:57Z,66.0,Charge 6
2024-12-23T04:26:00Z,66.0,Charge 6
2024-12-23T04:26:03Z,66.0,Charge 6
2024-12-23T04:26:06Z,66.0,Charge 6
2024-12-23T04:26:09Z,66.0,Charge 6
2024-12-23T04:26:12Z,66.0,Charge 6
2024-12-23T04:26:15Z,65.0,Charge 6
2024-12-23T04:26:16Z,64.0,Charge 6
2024-12-23T04:26:19Z,64.0,Charge 6
2024-12-23T04:26:22Z,64.0,Charge 6
2024-12-23T04:26:24Z,64.0,Charge 6
2024-12-23T04:26:27Z,64.0,Charge 6
2024-12-23T04:26:30Z,63.0,Charge 6
2024-12-23T04:26:32Z,64.0,Charge 6
2024-12-23T04:26:35Z,64.0,Charge 6
2024-12-23T04:26:38Z,64.0,Charge 6
2024-12-23T04:26:40Z,66.0,Charge 6
2024-12-23T04:26:43Z,66.0,Charge 6
2024-12-23T04:26:46Z,66.0,Charge 6
2024-12-23T04:26:49Z,66.0,Charge 6
2024-12-23T04:26:52Z,66.0,Charge 6
2024-12-23T04:26:53Z,67.0,Charge 6
2024-12-23T04:26:55Z,68.0,Charge 6
2024-12-23T04:26:58Z,68.0,Charge 6
2024-12-23T04:27:01Z,68.0,Charge 6
2024-12-23T04:27:04Z,68.0,Charge 6
2024-12-23T04:27:07Z,68.0,Charge 6
2024-12-23T04:27:10Z,66.0,Charge 6
2024-12-23T04:27:13Z,66.0,Charge 6
2024-12-23T04:27:16Z,66.0,Charge 6
2024-12-23T04:27:19Z,66.0,Charge 6
2024-12-23T04:27:22Z,66.0,Charge 6
2024-12-23T04:27:25Z,66.0,Charge 6
2024-12-23T04:27:28Z,66.0,Charge 6
2024-12-23T04:27:31Z,66.0,Charge 6
2024-12-23T04:27:34Z,66.0,Charge 6
2024-12-23T04:27:37Z,66.0,Charge 6
2024-12-23T04:27:39Z,66.0,Charge 6
2024-12-23T04:27:42Z,66.0,Charge 6
2024-12-23T04:27:45Z,66.0,Charge 6
2024-12-23T04:27:48Z,66.0,Charge 6
2024-12-23T04:27:51Z,66.0,Charge 6
2024-12-23T04:27:54Z,66.0,Charge 6
2024-12-23T04:27:57Z,66.0,Charge 6
2024-12-23T04:28:00Z,66.0,Charge 6
2024-12-23T04:28:03Z,66.0,Charge 6
2024-12-23T04:28:04Z,67.0,Charge 6
2024-12-23T04:28:06Z,68.0,Charge 6
2024-12-23T04:28:08Z,67.0,Charge 6
2024-12-23T04:28:10Z,66.0,Charge 6
2024-12-23T04:28:13Z,66.0,Charge 6
2024-12-23T04:28:16Z,66.0,Charge 6
2024-12-23T04:28:19Z,66.0,Charge 6
2024-12-23T04:28:22Z,66.0,Charge 6
2024-12-23T04:28:23Z,67.0,Charge 6
2024-12-23T04:28:25Z,68.0,Charge 6
2024-12-23T04:28:28Z,68.0,Charge 6
2024-12-23T04:28:31Z,68.0,Charge 6
2024-12-23T04:28:34Z,68.0,Charge 6
2024-12-23T04:28:37Z,68.0,Charge 6
2024-12-23T04:28:40Z,68.0,Charge 6
2024-12-23T04:28:43Z,68.0,Charge 6
2024-12-23T04:28:44Z,67.0,Charge 6
2024-12-23T04:28:46Z,66.0,Charge 6
2024-12-23T04:28:48Z,66.0,Charge 6
2024-12-23T04:28:51Z,66.0,Charge 6
2024-12-23T04:28:54Z,65.0,Charge 6
2024-12-23T04:28:57Z,65.0,Charge 6
2024-12-23T04:28:58Z,64.0,Charge 6
2024-12-23T04:29:01Z,64.0,Charge 6
2024-12-23T04:29:02Z,65.0,Charge 6
2024-12-23T04:29:04Z,66.0,Charge 6
2024-12-23T04:29:07Z,66.0,Charge 6
2024-12-23T04:29:10Z,66.0,Charge 6
2024-12-23T04:29:11Z,65.0,Charge 6
2024-12-23T04:29:14Z,65.0,Charge 6
2024-12-23T04:29:17Z,66.0,Charge 6
2024-12-23T04:29:20Z,66.0,Charge 6
2024-12-23T04:29:23Z,66.0,Charge 6
2024-12-23T04:29:26Z,66.0,Charge 6
2024-12-23T04:29:29Z,66.0,Charge 6
2024-12-23T04:29:32Z,66.0,Charge 6
2024-12-23T04:29:35Z,66.0,Charge 6
2024-12-23T04:29:36Z,64.0,Charge 6
2024-12-23T04:29:39Z,64.0,Charge 6
2024-12-23T04:29:42Z,64.0,Charge 6
2024-12-23T04:29:45Z,64.0,Charge 6
2024-12-23T04:29:48Z,64.0,Charge 6
2024-12-23T04:29:51Z,64.0,Charge 6
2024-12-23T04:29:54Z,64.0,Charge 6
2024-12-23T04:29:57Z,64.0,Charge 6
2024-12-23T04:29:59Z,65.0,Charge 6
2024-12-23T04:30:01Z,66.0,Charge 6
2024-12-23T04:30:04Z,66.0,Charge 6
2024-12-23T04:30:05Z,67.0,Charge 6
2024-12-23T04:30:08Z,67.0,Charge 6
2024-12-23T04:30:11Z,66.0,Charge 6
2024-12-23T04:30:14Z,66.0,Charge 6
2024-12-23T04:30:17Z,66.0,Charge 6
2024-12-23T04:30:20Z,66.0,Charge 6
2024-12-23T04:30:22Z,65.0,Charge 6
2024-12-23T04:30:25Z,65.0,Charge 6
2024-12-23T04:30:26Z,66.0,Charge 6
2024-12-23T04:30:29Z,66.0,Charge 6
2024-12-23T04:30:32Z,66.0,Charge 6
2024-12-23T04:30:35Z,66.0,Charge 6
2024-12-23T04:30:38Z,66.0,Charge 6
2024-12-23T04:30:41Z,66.0,Charge 6
2024-12-23T04:30:44Z,66.0,Charge 6
2024-12-23T04:30:45Z,65.0,Charge 6
2024-12-23T04:30:48Z,65.0,Charge 6
2024-12-23T04:30:51Z,66.0,Charge 6
2024-12-23T04:30:54Z,66.0,Charge 6
2024-12-23T04:30:57Z,66.0,Charge 6
2024-12-23T04:31:00Z,66.0,Charge 6
2024-12-23T04:31:03Z,67.0,Charge 6
2024-12-23T04:31:06Z,68.0,Charge 6
2024-12-23T04:31:09Z,68.0,Charge 6
2024-12-23T04:31:10Z,67.0,Charge 6
2024-12-23T04:31:12Z,66.0,Charge 6
2024-12-23T04:31:15Z,66.0,Charge 6
2024-12-23T04:31:18Z,66.0,Charge 6
2024-12-23T04:31:21Z,66.0,Charge 6
2024-12-23T04:31:24Z,66.0,Charge 6
2024-12-23T04:31:27Z,66.0,Charge 6
2024-12-23T04:31:28Z,67.0,Charge 6
2024-12-23T04:31:31Z,67.0,Charge 6
2024-12-23T04:31:34Z,67.0,Charge 6
2024-12-23T04:31:35Z,68.0,Charge 6
2024-12-23T04:31:38Z,68.0,Charge 6
2024-12-23T04:31:39Z,67.0,Charge 6
2024-12-23T04:31:42Z,67.0,Charge 6
2024-12-23T04:31:45Z,67.0,Charge 6
2024-12-23T04:31:48Z,67.0,Charge 6
2024-12-23T04:31:51Z,67.0,Charge 6
2024-12-23T04:31:54Z,66.0,Charge 6
2024-12-23T04:31:57Z,66.0,Charge 6
2024-12-23T04:32:00Z,66.0,Charge 6
2024-12-23T04:32:02Z,67.0,Charge 6
2024-12-23T04:32:05Z,67.0,Charge 6
2024-12-23T04:32:06Z,68.0,Charge 6
2024-12-23T04:32:09Z,68.0,Charge 6
2024-12-23T04:32:10Z,67.0,Charge 6
2024-12-23T04:32:12Z,66.0,Charge 6
2024-12-23T04:32:15Z,66.0,Charge 6
2024-12-23T04:32:16Z,66.0,Charge 6
2024-12-23T04:32:19Z,65.0,Charge 6
2024-12-23T04:32:22Z,65.0,Charge 6
2024-12-23T04:32:23Z,66.0,Charge 6
2024-12-23T04:32:26Z,66.0,Charge 6
2024-12-23T04:32:27Z,65.0,Charge 6
2024-12-23T04:32:30Z,65.0,Charge 6
2024-12-23T04:32:33Z,65.0,Charge 6
2024-12-23T04:32:35Z,66.0,Charge 6
2024-12-23T04:32:38Z,66.0,Charge 6
2024-12-23T04:32:41Z,66.0,Charge 6
2024-12-23T04:32:44Z,66.0,Charge 6
2024-12-23T04:32:46Z,67.0,Charge 6
2024-12-23T04:32:49Z,67.0,Charge 6
2024-12-23T04:32:50Z,68.0,Charge 6
2024-12-23T04:32:53Z,68.0,Charge 6
2024-12-23T04:32:56Z,68.0,Charge 6
2024-12-23T04:32:59Z,68.0,Charge 6
2024-12-23T04:33:02Z,68.0,Charge 6
2024-12-23T04:33:05Z,68.0,Charge 6
2024-12-23T04:33:08Z,68.0,Charge 6
2024-12-23T04:33:09Z,66.0,Charge 6
2024-12-23T04:33:12Z,66.0,Charge 6
2024-12-23T04:33:13Z,65.0,Charge 6
2024-12-23T04:33:15Z,64.0,Charge 6
2024-12-23T04:33:18Z,64.0,Charge 6
2024-12-23T04:33:19Z,65.0,Charge 6
2024-12-23T04:33:21Z,66.0,Charge 6
2024-12-23T04:33:24Z,66.0,Charge 6
2024-12-23T04:33:27Z,66.0,Charge 6
2024-12-23T04:33:28Z,67.0,Charge 6
2024-12-23T04:33:30Z,68.0,Charge 6
2024-12-23T04:33:33Z,68.0,Charge 6
2024-12-23T04:33:34Z,67.0,Charge 6
2024-12-23T04:33:36Z,66.0,Charge 6
2024-12-23T04:33:39Z,66.0,Charge 6
2024-12-23T04:33:40Z,65.0,Charge 6
2024-12-23T04:33:43Z,65.0,Charge 6
2024-12-23T04:33:44Z,66.0,Charge 6
2024-12-23T04:33:47Z,66.0,Charge 6
2024-12-23T04:33:50Z,66.0,Charge 6
2024-12-23T04:33:53Z,66.0,Charge 6
2024-12-23T04:33:55Z,67.0,Charge 6
2024-12-23T04:33:58Z,67.0,Charge 6
2024-12-23T04:34:01Z,67.0,Charge 6
2024-12-23T04:34:03Z,68.0,Charge 6
2024-12-23T04:34:06Z,68.0,Charge 6
2024-12-23T04:34:09Z,68.0,Charge 6
2024-12-23T04:34:12Z,68.0,Charge 6
2024-12-23T04:34:13Z,67.0,Charge 6
2024-12-23T04:34:15Z,66.0,Charge 6
2024-12-23T04:34:18Z,66.0,Charge 6
2024-12-23T04:34:21Z,66.0,Charge 6
2024-12-23T04:34:22Z,65.0,Charge 6
2024-12-23T04:34:24Z,65.0,Charge 6
2024-12-23T04:34:26Z,64.0,Charge 6
2024-12-23T04:34:28Z,65.0,Charge 6
2024-12-23T04:34:31Z,65.0,Charge 6
2024-12-23T04:34:32Z,66.0,Charge 6
2024-12-23T04:34:35Z,66.0,Charge 6
2024-12-23T04:34:38Z,66.0,Charge 6
2024-12-23T04:34:40Z,67.0,Charge 6
2024-12-23T04:34:41Z,68.0,Charge 6
2024-12-23T04:34:44Z,68.0,Charge 6
2024-12-23T04:34:47Z,68.0,Charge 6
2024-12-23T04:34:50Z,68.0,Charge 6
2024-12-23T04:34:53Z,68.0,Charge 6
2024-12-23T04:34:56Z,68.0,Charge 6
2024-12-23T04:34:57Z,67.0,Charge 6
2024-12-23T04:34:59Z,66.0,Charge 6
2024-12-23T04:35:02Z,66.0,Charge 6
2024-12-23T04:35:05Z,66.0,Charge 6
2024-12-23T04:35:08Z,65.0,Charge 6
2024-12-23T04:35:11Z,65.0,Charge 6
2024-12-23T04:35:14Z,65.0,Charge 6
2024-12-23T04:35:17Z,65.0,Charge 6
2024-12-23T04:35:20Z,65.0,Charge 6
2024-12-23T04:35:23Z,65.0,Charge 6
2024-12-23T04:35:24Z,66.0,Charge 6
2024-12-23T04:35:27Z,66.0,Charge 6
2024-12-23T04:35:30Z,66.0,Charge 6
2024-12-23T04:35:31Z,66.0,Charge 6
2024-12-23T04:35:34Z,66.0,Charge 6
2024-12-23T04:35:37Z,66.0,Charge 6
2024-12-23T04:35:40Z,66.0,Charge 6
2024-12-23T04:35:43Z,66.0,Charge 6
2024-12-23T04:35:45Z,67.0,Charge 6
2024-12-23T04:35:48Z,67.0,Charge 6
2024-12-23T04:35:51Z,66.0,Charge 6
2024-12-23T04:35:54Z,67.0,Charge 6
2024-12-23T04:35:57Z,67.0,Charge 6
2024-12-23T04:35:58Z,68.0,Charge 6
2024-12-23T04:36:01Z,68.0,Charge 6
2024-12-23T04:36:04Z,68.0,Charge 6
2024-12-23T04:36:07Z,68.0,Charge 6
2024-12-23T04:36:10Z,68.0,Charge 6
2024-12-23T04:36:12Z,66.0,Charge 6
2024-12-23T04:36:15Z,66.0,Charge 6
2024-12-23T04:36:18Z,66.0,Charge 6
2024-12-23T04:36:21Z,67.0,Charge 6
2024-12-23T04:36:23Z,68.0,Charge 6
2024-12-23T04:36:26Z,68.0,Charge 6
2024-12-23T04:36:29Z,68.0,Charge 6
2024-12-23T04:36:31Z,67.0,Charge 6
2024-12-23T04:36:34Z,67.0,Charge 6
2024-12-23T04:36:35Z,66.0,Charge 6
2024-12-23T04:36:38Z,66.0,Charge 6
2024-12-23T04:36:40Z,67.0,Charge 6
2024-12-23T04:36:42Z,67.0,Charge 6
2024-12-23T04:36:44Z,68.0,Charge 6
2024-12-23T04:36:47Z,68.0,Charge 6
2024-12-23T04:36:50Z,68.0,Charge 6
2024-12-23T04:36:53Z,67.0,Charge 6
2024-12-23T04:36:55Z,68.0,Charge 6
2024-12-23T04:36:58Z,68.0,Charge 6
2024-12-23T04:37:00Z,67.0,Charge 6
2024-12-23T04:37:02Z,66.0,Charge 6
2024-12-23T04:37:05Z,66.0,Charge 6
2024-12-23T04:37:06Z,65.0,Charge 6
2024-12-23T04:37:09Z,65.0,Charge 6
2024-12-23T04:37:10Z,66.0,Charge 6
2024-12-23T04:37:13Z,66.0,Charge 6
2024-12-23T04:37:16Z,66.0,Charge 6
2024-12-23T04:37:19Z,66.0,Charge 6
2024-12-23T04:37:22Z,66.0,Charge 6
2024-12-23T04:37:23Z,67.0,Charge 6
2024-12-23T04:37:25Z,68.0,Charge 6
2024-12-23T04:37:28Z,68.0,Charge 6
2024-12-23T04:37:31Z,66.0,Charge 6
2024-12-23T04:37:34Z,66.0,Charge 6
2024-12-23T04:37:35Z,65.0,Charge 6
2024-12-23T04:37:37Z,64.0,Charge 6
2024-12-23T04:37:40Z,64.0,Charge 6
2024-12-23T04:37:43Z,65.0,Charge 6
2024-12-23T04:37:45Z,64.0,Charge 6
2024-12-23T04:37:46Z,65.0,Charge 6
2024-12-23T04:37:49Z,65.0,Charge 6
2024-12-23T04:37:50Z,66.0,Charge 6
2024-12-23T04:37:53Z,66.0,Charge 6
2024-12-23T04:37:56Z,66.0,Charge 6
2024-12-23T04:37:58Z,67.0,Charge 6
2024-12-23T04:38:00Z,66.0,Charge 6
2024-12-23T04:38:03Z,66.0,Charge 6
2024-12-23T04:38:04Z,67.0,Charge 6
2024-12-23T04:38:06Z,68.0,Charge 6
2024-12-23T04:38:08Z,67.0,Charge 6
2024-12-23T04:38:10Z,66.0,Charge 6
2024-12-23T04:38:11Z,65.0,Charge 6
2024-12-23T04:38:13Z,64.0,Charge 6
2024-12-23T04:38:16Z,64.0,Charge 6
2024-12-23T04:38:19Z,64.0,Charge 6
2024-12-23T04:38:22Z,64.0,Charge 6
2024-12-23T04:38:25Z,65.0,Charge 6
2024-12-23T04:38:27Z,66.0,Charge 6
2024-12-23T04:38:30Z,66.0,Charge 6
2024-12-23T04:38:33Z,66.0,Charge 6
2024-12-23T04:38:36Z,68.0,Charge 6
2024-12-23T04:38:39Z,68.0,Charge 6
2024-12-23T04:38:42Z,67.0,Charge 6
2024-12-23T04:38:45Z,67.0,Charge 6
2024-12-23T04:38:46Z,68.0,Charge 6
2024-12-23T04:38:49Z,68.0,Charge 6
2024-12-23T04:38:50Z,68.0,Charge 6
2024-12-23T04:38:53Z,68.0,Charge 6
2024-12-23T04:38:56Z,68.0,Charge 6
2024-12-23T04:38:59Z,68.0,Charge 6
2024-12-23T04:39:02Z,68.0,Charge 6
2024-12-23T04:39:05Z,68.0,Charge 6
2024-12-23T04:39:08Z,68.0,Charge 6
2024-12-23T04:39:09Z,67.0,Charge 6
2024-12-23T04:39:11Z,66.0,Charge 6
2024-12-23T04:39:14Z,66.0,Charge 6
2024-12-23T04:39:17Z,66.0,Charge 6
2024-12-23T04:39:20Z,66.0,Charge 6
2024-12-23T04:39:23Z,66.0,Charge 6
2024-12-23T04:39:26Z,66.0,Charge 6
2024-12-23T04:39:29Z,66.0,Charge 6
2024-12-23T04:39:32Z,66.0,Charge 6
2024-12-23T04:39:35Z,66.0,Charge 6
2024-12-23T04:39:38Z,66.0,Charge 6
2024-12-23T04:39:40Z,67.0,Charge 6
2024-12-23T04:39:42Z,68.0,Charge 6
2024-12-23T04:39:44Z,67.0,Charge 6
2024-12-23T04:39:47Z,67.0,Charge 6
2024-12-23T04:39:50Z,67.0,Charge 6
2024-12-23T04:39:51Z,68.0,Charge 6
2024-12-23T04:39:54Z,68.0,Charge 6
2024-12-23T04:39:55Z,69.0,Charge 6
2024-12-23T04:39:57Z,68.0,Charge 6
2024-12-23T04:39:59Z,68.0,Charge 6
2024-12-23T04:40:01Z,66.0,Charge 6
2024-12-23T04:40:04Z,66.0,Charge 6
2024-12-23T04:40:05Z,64.0,Charge 6
2024-12-23T04:40:08Z,64.0,Charge 6
2024-12-23T04:40:11Z,64.0,Charge 6
2024-12-23T04:40:12Z,66.0,Charge 6
2024-12-23T04:40:14Z,65.0,Charge 6
2024-12-23T04:40:17Z,65.0,Charge 6
2024-12-23T04:40:20Z,65.0,Charge 6
2024-12-23T04:40:23Z,65.0,Charge 6
2024-12-23T04:40:26Z,65.0,Charge 6
2024-12-23T04:40:28Z,66.0,Charge 6
2024-12-23T04:40:31Z,66.0,Charge 6
2024-12-23T04:40:34Z,66.0,Charge 6
2024-12-23T04:40:35Z,67.0,Charge 6
2024-12-23T04:40:37Z,68.0,Charge 6
2024-12-23T04:40:40Z,68.0,Charge 6
2024-12-23T04:40:43Z,68.0,Charge 6
2024-12-23T04:40:45Z,66.0,Charge 6
2024-12-23T04:40:48Z,66.0,Charge 6
2024-12-23T04:40:49Z,65.0,Charge 6
2024-12-23T04:40:51Z,64.0,Charge 6
2024-12-23T04:40:54Z,64.0,Charge 6
2024-12-23T04:40:57Z,64.0,Charge 6
2024-12-23T04:41:00Z,64.0,Charge 6
2024-12-23T04:41:03Z,64.0,Charge 6
2024-12-23T04:41:04Z,64.0,Charge 6
2024-12-23T04:41:07Z,64.0,Charge 6
2024-12-23T04:41:10Z,64.0,Charge 6
2024-12-23T04:41:13Z,64.0,Charge 6
2024-12-23T04:41:16Z,65.0,Charge 6
2024-12-23T04:41:19Z,65.0,Charge 6
2024-12-23T04:41:22Z,65.0,Charge 6
2024-12-23T04:41:25Z,65.0,Charge 6
2024-12-23T04:41:28Z,65.0,Charge 6
2024-12-23T04:41:29Z,66.0,Charge 6
2024-12-23T04:41:32Z,66.0,Charge 6
2024-12-23T04:41:33Z,67.0,Charge 6
2024-12-23T04:41:35Z,68.0,Charge 6
2024-12-23T04:41:38Z,68.0,Charge 6
2024-12-23T04:41:41Z,66.0,Charge 6
2024-12-23T04:41:44Z,66.0,Charge 6
2024-12-23T04:41:47Z,66.0,Charge 6
2024-12-23T04:41:50Z,66.0,Charge 6
2024-12-23T04:41:53Z,66.0,Charge 6
2024-12-23T04:41:56Z,66.0,Charge 6
2024-12-23T04:41:59Z,66.0,Charge 6
2024-12-23T04:42:00Z,64.0,Charge 6
2024-12-23T04:42:03Z,64.0,Charge 6
2024-12-23T04:42:06Z,64.0,Charge 6
2024-12-23T04:42:09Z,64.0,Charge 6
2024-12-23T04:42:10Z,65.0,Charge 6
2024-12-23T04:42:13Z,66.0,Charge 6
2024-12-23T04:42:15Z,66.0,Charge 6
2024-12-23T04:42:18Z,66.0,Charge 6
2024-12-23T04:42:21Z,66.0,Charge 6
2024-12-23T04:42:23Z,67.0,Charge 6
2024-12-23T04:42:25Z,68.0,Charge 6
2024-12-23T04:42:28Z,68.0,Charge 6
2024-12-23T04:42:31Z,68.0,Charge 6
2024-12-23T04:42:34Z,68.0,Charge 6
2024-12-23T04:42:37Z,68.0,Charge 6
2024-12-23T04:42:40Z,67.0,Charge 6
2024-12-23T04:42:43Z,67.0,Charge 6
2024-12-23T04:42:44Z,68.0,Charge 6
2024-12-23T04:42:47Z,68.0,Charge 6
2024-12-23T04:42:50Z,68.0,Charge 6
2024-12-23T04:42:53Z,68.0,Charge 6
2024-12-23T04:42:56Z,68.0,Charge 6
2024-12-23T04:42:59Z,67.0,Charge 6
2024-12-23T04:43:01Z,66.0,Charge 6
2024-12-23T04:43:04Z,66.0,Charge 6
2024-12-23T04:43:05Z,67.0,Charge 6
2024-12-23T04:43:07Z,68.0,Charge 6
2024-12-23T04:43:09Z,69.0,Charge 6
2024-12-23T04:43:11Z,70.0,Charge 6
2024-12-23T04:43:13Z,72.0,Charge 6
2024-12-23T04:43:15Z,73.0,Charge 6
2024-12-23T04:43:17Z,74.0,Charge 6
2024-12-23T04:43:19Z,77.0,Charge 6
2024-12-23T04:43:21Z,80.0,Charge 6
2024-12-23T04:43:22Z,82.0,Charge 6
2024-12-23T04:43:24Z,84.0,Charge 6
2024-12-23T04:43:26Z,85.0,Charge 6
2024-12-23T04:43:28Z,84.0,Charge 6
2024-12-23T04:43:31Z,84.0,Charge 6
2024-12-23T04:43:32Z,81.0,Charge 6
2024-12-23T04:43:34Z,77.0,Charge 6
2024-12-23T04:43:36Z,74.0,Charge 6
2024-12-23T04:43:38Z,71.0,Charge 6
2024-12-23T04:43:40Z,69.0,Charge 6
2024-12-23T04:43:42Z,68.0,Charge 6
2024-12-23T04:43:44Z,67.0,Charge 6
2024-12-23T04:43:46Z,66.0,Charge 6
2024-12-23T04:43:47Z,64.0,Charge 6
2024-12-23T04:43:49Z,63.0,Charge 6
2024-12-23T04:43:51Z,62.0,Charge 6
2024-12-23T04:43:54Z,62.0,Charge 6
2024-12-23T04:43:57Z,61.0,Charge 6
2024-12-23T04:44:00Z,61.0,Charge 6
2024-12-23T04:44:01Z,62.0,Charge 6
2024-12-23T04:44:03Z,63.0,Charge 6
2024-12-23T04:44:05Z,64.0,Charge 6
2024-12-23T04:44:08Z,64.0,Charge 6
2024-12-23T04:44:09Z,65.0,Charge 6
2024-12-23T04:44:12Z,65.0,Charge 6
2024-12-23T04:44:14Z,64.0,Charge 6
2024-12-23T04:44:16Z,64.0,Charge 6
2024-12-23T04:44:19Z,64.0,Charge 6
2024-12-23T04:44:22Z,64.0,Charge 6
2024-12-23T04:44:24Z,62.0,Charge 6
2024-12-23T04:44:27Z,62.0,Charge 6
2024-12-23T04:44:30Z,62.0,Charge 6
2024-12-23T04:44:33Z,62.0,Charge 6
2024-12-23T04:44:34Z,61.0,Charge 6
2024-12-23T04:44:37Z,62.0,Charge 6
2024-12-23T04:44:40Z,62.0,Charge 6
2024-12-23T04:44:43Z,63.0,Charge 6
2024-12-23T04:44:45Z,64.0,Charge 6
2024-12-23T04:44:48Z,64.0,Charge 6
2024-12-23T04:44:51Z,64.0,Charge 6
2024-12-23T04:44:54Z,64.0,Charge 6
2024-12-23T04:44:57Z,63.0,Charge 6
2024-12-23T04:45:00Z,62.0,Charge 6
2024-12-23T04:45:03Z,62.0,Charge 6
2024-12-23T04:45:04Z,62.0,Charge 6
2024-12-23T04:45:06Z,62.0,Charge 6
2024-12-23T04:45:09Z,62.0,Charge 6
2024-12-23T04:45:12Z,61.0,Charge 6
2024-12-23T04:45:14Z,60.0,Charge 6
2024-12-23T04:45:17Z,60.0,Charge 6
2024-12-23T04:45:18Z,61.0,Charge 6
2024-12-23T04:45:21Z,61.0,Charge 6
2024-12-23T04:45:22Z,62.0,Charge 6
2024-12-23T04:45:23Z,62.0,Charge 6
2024-12-23T04:45:25Z,63.0,Charge 6
2024-12-23T04:45:28Z,63.0,Charge 6
2024-12-23T04:45:31Z,63.0,Charge 6
2024-12-23T04:45:33Z,62.0,Charge 6
2024-12-23T04:45:35Z,63.0,Charge 6
2024-12-23T04:45:38Z,63.0,Charge 6
2024-12-23T04:45:41Z,62.0,Charge 6
2024-12-23T04:45:44Z,62.0,Charge 6
2024-12-23T04:45:47Z,62.0,Charge 6
2024-12-23T04:45:50Z,62.0,Charge 6
2024-12-23T04:45:53Z,62.0,Charge 6
2024-12-23T04:45:56Z,62.0,Charge 6
2024-12-23T04:45:59Z,62.0,Charge 6
2024-12-23T04:46:02Z,62.0,Charge 6
2024-12-23T04:46:05Z,62.0,Charge 6
2024-12-23T04:46:08Z,62.0,Charge 6
2024-12-23T04:46:11Z,62.0,Charge 6
2024-12-23T04:46:14Z,62.0,Charge 6
2024-12-23T04:46:17Z,62.0,Charge 6
2024-12-23T04:46:20Z,62.0,Charge 6
2024-12-23T04:46:23Z,62.0,Charge 6
2024-12-23T04:46:26Z,62.0,Charge 6
2024-12-23T04:46:29Z,63.0,Charge 6
2024-12-23T04:46:32Z,63.0,Charge 6
2024-12-23T04:46:33Z,64.0,Charge 6
2024-12-23T04:46:36Z,65.0,Charge 6
2024-12-23T04:46:38Z,65.0,Charge 6
2024-12-23T04:46:40Z,64.0,Charge 6
2024-12-23T04:46:42Z,66.0,Charge 6
2024-12-23T04:46:45Z,66.0,Charge 6
2024-12-23T04:46:46Z,66.0,Charge 6
2024-12-23T04:46:49Z,66.0,Charge 6
2024-12-23T04:46:52Z,66.0,Charge 6
2024-12-23T04:46:54Z,65.0,Charge 6
2024-12-23T04:46:56Z,64.0,Charge 6
2024-12-23T04:46:59Z,65.0,Charge 6
2024-12-23T04:47:01Z,64.0,Charge 6
2024-12-23T04:47:04Z,64.0,Charge 6
2024-12-23T04:47:07Z,64.0,Charge 6
2024-12-23T04:47:10Z,64.0,Charge 6
2024-12-23T04:47:13Z,64.0,Charge 6
2024-12-23T04:47:16Z,64.0,Charge 6
2024-12-23T04:47:17Z,63.0,Charge 6
2024-12-23T04:47:19Z,62.0,Charge 6
2024-12-23T04:47:22Z,63.0,Charge 6
2024-12-23T04:47:25Z,63.0,Charge 6
2024-12-23T04:47:28Z,64.0,Charge 6
2024-12-23T04:47:31Z,64.0,Charge 6
2024-12-23T04:47:32Z,63.0,Charge 6
2024-12-23T04:47:35Z,63.0,Charge 6
2024-12-23T04:47:38Z,64.0,Charge 6
2024-12-23T04:47:41Z,64.0,Charge 6
2024-12-23T04:47:44Z,64.0,Charge 6
2024-12-23T04:47:46Z,64.0,Charge 6
2024-12-23T04:47:49Z,64.0,Charge 6
2024-12-23T04:47:52Z,64.0,Charge 6
2024-12-23T04:47:53Z,65.0,Charge 6
2024-12-23T04:47:55Z,66.0,Charge 6
2024-12-23T04:47:58Z,66.0,Charge 6
2024-12-23T04:48:01Z,66.0,Charge 6
2024-12-23T04:48:03Z,65.0,Charge 6
2024-12-23T04:48:05Z,64.0,Charge 6
2024-12-23T04:48:08Z,64.0,Charge 6
2024-12-23T04:48:09Z,64.0,Charge 6
2024-12-23T04:48:12Z,66.0,Charge 6
2024-12-23T04:48:14Z,68.0,Charge 6
2024-12-23T04:48:16Z,69.0,Charge 6
2024-12-23T04:48:18Z,70.0,Charge 6
2024-12-23T04:48:20Z,73.0,Charge 6
2024-12-23T04:48:22Z,74.0,Charge 6
2024-12-23T04:48:24Z,75.0,Charge 6
2024-12-23T04:48:26Z,76.0,Charge 6
2024-12-23T04:48:28Z,79.0,Charge 6
2024-12-23T04:48:30Z,80.0,Charge 6
2024-12-23T04:48:33Z,80.0,Charge 6
2024-12-23T04:48:34Z,77.0,Charge 6
2024-12-23T04:48:35Z,74.0,Charge 6
2024-12-23T04:48:37Z,71.0,Charge 6
2024-12-23T04:48:39Z,68.0,Charge 6
2024-12-23T04:48:41Z,66.0,Charge 6
2024-12-23T04:48:43Z,65.0,Charge 6
2024-12-23T04:48:45Z,64.0,Charge 6
2024-12-23T04:48:47Z,63.0,Charge 6
2024-12-23T04:48:49Z,62.0,Charge 6
2024-12-23T04:48:51Z,61.0,Charge 6
2024-12-23T04:48:54Z,61.0,Charge 6
2024-12-23T04:48:57Z,60.0,Charge 6
2024-12-23T04:49:00Z,60.0,Charge 6
2024-12-23T04:49:03Z,60.0,Charge 6
2024-12-23T04:49:04Z,61.0,Charge 6
2024-12-23T04:49:06Z,62.0,Charge 6
2024-12-23T04:49:09Z,62.0,Charge 6
2024-12-23T04:49:12Z,62.0,Charge 6
2024-12-23T04:49:15Z,62.0,Charge 6
2024-12-23T04:49:16Z,63.0,Charge 6
2024-12-23T04:49:18Z,64.0,Charge 6
2024-12-23T04:49:21Z,64.0,Charge 6
2024-12-23T04:49:22Z,64.0,Charge 6
2024-12-23T04:49:23Z,64.0,Charge 6
2024-12-23T04:49:26Z,64.0,Charge 6
2024-12-23T04:49:29Z,65.0,Charge 6
2024-12-23T04:49:32Z,65.0,Charge 6
2024-12-23T04:49:35Z,65.0,Charge 6
2024-12-23T04:49:38Z,65.0,Charge 6
2024-12-23T04:49:39Z,64.0,Charge 6
2024-12-23T04:49:42Z,64.0,Charge 6
2024-12-23T04:49:45Z,64.0,Charge 6
2024-12-23T04:49:46Z,65.0,Charge 6
2024-12-23T04:49:49Z,65.0,Charge 6
2024-12-23T04:49:52Z,65.0,Charge 6
2024-12-23T04:49:54Z,64.0,Charge 6
2024-12-23T04:49:57Z,64.0,Charge 6
2024-12-23T04:50:00Z,64.0,Charge 6
2024-12-23T04:50:02Z,65.0,Charge 6
2024-12-23T04:50:04Z,66.0,Charge 6
2024-12-23T04:50:07Z,66.0,Charge 6
2024-12-23T04:50:08Z,67.0,Charge 6
2024-12-23T04:50:11Z,67.0,Charge 6
2024-12-23T04:50:13Z,66.0,Charge 6
2024-12-23T04:50:16Z,66.0,Charge 6
2024-12-23T04:50:19Z,67.0,Charge 6
2024-12-23T04:50:22Z,67.0,Charge 6
2024-12-23T04:50:25Z,67.0,Charge 6
2024-12-23T04:50:27Z,66.0,Charge 6
2024-12-23T04:50:30Z,66.0,Charge 6
2024-12-23T04:50:33Z,65.0,Charge 6
2024-12-23T04:50:36Z,65.0,Charge 6
2024-12-23T04:50:39Z,65.0,Charge 6
2024-12-23T04:50:42Z,65.0,Charge 6
2024-12-23T04:50:45Z,65.0,Charge 6
2024-12-23T04:50:48Z,65.0,Charge 6
2024-12-23T04:50:51Z,65.0,Charge 6
2024-12-23T04:50:52Z,66.0,Charge 6
2024-12-23T04:50:55Z,66.0,Charge 6
2024-12-23T04:50:56Z,66.0,Charge 6
2024-12-23T04:50:58Z,66.0,Charge 6
2024-12-23T04:51:01Z,66.0,Charge 6
2024-12-23T04:51:03Z,68.0,Charge 6
2024-12-23T04:51:06Z,68.0,Charge 6
2024-12-23T04:51:09Z,68.0,Charge 6
2024-12-23T04:51:12Z,68.0,Charge 6
2024-12-23T04:51:15Z,68.0,Charge 6
2024-12-23T04:51:18Z,68.0,Charge 6
2024-12-23T04:51:19Z,66.0,Charge 6
2024-12-23T04:51:22Z,66.0,Charge 6
2024-12-23T04:51:25Z,66.0,Charge 6
2024-12-23T04:51:28Z,66.0,Charge 6
2024-12-23T04:51:31Z,66.0,Charge 6
2024-12-23T04:51:32Z,66.0,Charge 6
2024-12-23T04:51:35Z,66.0,Charge 6
2024-12-23T04:51:38Z,66.0,Charge 6
2024-12-23T04:51:41Z,66.0,Charge 6
2024-12-23T04:51:42Z,68.0,Charge 6
2024-12-23T04:51:45Z,68.0,Charge 6
2024-12-23T04:51:48Z,68.0,Charge 6
2024-12-23T04:51:49Z,68.0,Charge 6
2024-12-23T04:51:52Z,68.0,Charge 6
2024-12-23T04:51:53Z,68.0,Charge 6
2024-12-23T04:51:56Z,68.0,Charge 6
2024-12-23T04:51:57Z,69.0,Charge 6
2024-12-23T04:52:00Z,69.0,Charge 6
2024-12-23T04:52:01Z,70.0,Charge 6
2024-12-23T04:52:04Z,70.0,Charge 6
2024-12-23T04:52:05Z,68.0,Charge 6
2024-12-23T04:52:08Z,68.0,Charge 6
2024-12-23T04:52:09Z,67.0,Charge 6
2024-12-23T04:52:10Z,66.0,Charge 6
2024-12-23T04:52:13Z,66.0,Charge 6
2024-12-23T04:52:16Z,66.0,Charge 6
2024-12-23T04:52:19Z,66.0,Charge 6
2024-12-23T04:52:20Z,65.0,Charge 6
2024-12-23T04:52:23Z,65.0,Charge 6
2024-12-23T04:52:26Z,65.0,Charge 6
2024-12-23T04:52:28Z,64.0,Charge 6
2024-12-23T04:52:31Z,64.0,Charge 6
2024-12-23T04:52:34Z,64.0,Charge 6
2024-12-23T04:52:37Z,65.0,Charge 6
2024-12-23T04:52:39Z,66.0,Charge 6
2024-12-23T04:52:42Z,66.0,Charge 6
2024-12-23T04:52:45Z,66.0,Charge 6
2024-12-23T04:52:48Z,66.0,Charge 6
2024-12-23T04:52:49Z,66.0,Charge 6
2024-12-23T04:52:52Z,66.0,Charge 6
2024-12-23T04:52:55Z,66.0,Charge 6
2024-12-23T04:52:58Z,66.0,Charge 6
2024-12-23T04:53:00Z,65.0,Charge 6
2024-12-23T04:53:02Z,64.0,Charge 6
2024-12-23T04:53:04Z,65.0,Charge 6
2024-12-23T04:53:06Z,66.0,Charge 6
2024-12-23T04:53:09Z,66.0,Charge 6
2024-12-23T04:53:12Z,66.0,Charge 6
2024-12-23T04:53:15Z,66.0,Charge 6
2024-12-23T04:53:18Z,66.0,Charge 6
2024-12-23T04:53:21Z,66.0,Charge 6
2024-12-23T04:53:24Z,66.0,Charge 6
2024-12-23T04:53:27Z,66.0,Charge 6
2024-12-23T04:53:30Z,66.0,Charge 6
2024-12-23T04:53:33Z,66.0,Charge 6
2024-12-23T04:53:36Z,66.0,Charge 6
2024-12-23T04:53:37Z,65.0,Charge 6
2024-12-23T04:53:39Z,64.0,Charge 6
2024-12-23T04:53:42Z,64.0,Charge 6
2024-12-23T04:53:43Z,64.0,Charge 6
2024-12-23T04:53:45Z,66.0,Charge 6
2024-12-23T04:53:46Z,66.0,Charge 6
2024-12-23T04:53:49Z,66.0,Charge 6
2024-12-23T04:53:50Z,65.0,Charge 6
2024-12-23T04:53:53Z,65.0,Charge 6
2024-12-23T04:53:54Z,66.0,Charge 6
2024-12-23T04:53:56Z,66.0,Charge 6
2024-12-23T04:53:59Z,66.0,Charge 6
2024-12-23T04:54:02Z,66.0,Charge 6
2024-12-23T04:54:05Z,66.0,Charge 6
2024-12-23T04:54:08Z,66.0,Charge 6
2024-12-23T04:54:11Z,66.0,Charge 6
2024-12-23T04:54:13Z,67.0,Charge 6
2024-12-23T04:54:16Z,67.0,Charge 6
2024-12-23T04:54:17Z,66.0,Charge 6
2024-12-23T04:54:20Z,66.0,Charge 6
2024-12-23T04:54:23Z,67.0,Charge 6
2024-12-23T04:54:26Z,67.0,Charge 6
2024-12-23T04:54:27Z,68.0,Charge 6
2024-12-23T04:54:30Z,68.0,Charge 6
2024-12-23T04:54:33Z,68.0,Charge 6
2024-12-23T04:54:36Z,68.0,Charge 6
2024-12-23T04:54:38Z,69.0,Charge 6
2024-12-23T04:54:40Z,70.0,Charge 6
2024-12-23T04:54:42Z,70.0,Charge 6
2024-12-23T04:54:44Z,70.0,Charge 6
2024-12-23T04:54:46Z,69.0,Charge 6
2024-12-23T04:54:49Z,69.0,Charge 6
2024-12-23T04:54:50Z,68.0,Charge 6
2024-12-23T04:54:53Z,68.0,Charge 6
2024-12-23T04:54:56Z,68.0,Charge 6
2024-12-23T04:54:59Z,67.0,Charge 6
2024-12-23T04:55:02Z,67.0,Charge 6
2024-12-23T04:55:03Z,66.0,Charge 6
2024-12-23T04:55:06Z,66.0,Charge 6
2024-12-23T04:55:09Z,66.0,Charge 6
2024-12-23T04:55:12Z,66.0,Charge 6
2024-12-23T04:55:15Z,66.0,Charge 6
2024-12-23T04:55:18Z,66.0,Charge 6
2024-12-23T04:55:19Z,66.0,Charge 6
2024-12-23T04:55:21Z,66.0,Charge 6
2024-12-23T04:55:22Z,66.0,Charge 6
2024-12-23T04:55:24Z,67.0,Charge 6
2024-12-23T04:55:27Z,67.0,Charge 6
2024-12-23T04:55:28Z,68.0,Charge 6
2024-12-23T04:55:30Z,68.0,Charge 6
2024-12-23T04:55:32Z,69.0,Charge 6
2024-12-23T04:55:34Z,68.0,Charge 6
2024-12-23T04:55:37Z,68.0,Charge 6
2024-12-23T04:55:38Z,66.0,Charge 6
2024-12-23T04:55:41Z,66.0,Charge 6
2024-12-23T04:55:44Z,66.0,Charge 6
2024-12-23T04:55:47Z,66.0,Charge 6
2024-12-23T04:55:49Z,65.0,Charge 6
2024-12-23T04:55:52Z,65.0,Charge 6
2024-12-23T04:55:53Z,64.0,Charge 6
2024-12-23T04:55:55Z,64.0,Charge 6
2024-12-23T04:55:57Z,65.0,Charge 6
2024-12-23T04:55:59Z,64.0,Charge 6
2024-12-23T04:56:02Z,64.0,Charge 6
2024-12-23T04:56:03Z,64.0,Charge 6
2024-12-23T04:56:06Z,64.0,Charge 6
2024-12-23T04:56:09Z,64.0,Charge 6
2024-12-23T04:56:12Z,64.0,Charge 6
2024-12-23T04:56:15Z,64.0,Charge 6
2024-12-23T04:56:18Z,64.0,Charge 6
2024-12-23T04:56:20Z,64.0,Charge 6
2024-12-23T04:56:23Z,64.0,Charge 6
2024-12-23T04:56:24Z,65.0,Charge 6
2024-12-23T04:56:26Z,66.0,Charge 6
2024-12-23T04:56:29Z,66.0,Charge 6
2024-12-23T04:56:32Z,66.0,Charge 6
2024-12-23T04:56:35Z,66.0,Charge 6
2024-12-23T04:56:38Z,66.0,Charge 6
2024-12-23T04:56:39Z,66.0,Charge 6
2024-12-23T04:56:42Z,66.0,Charge 6
2024-12-23T04:56:43Z,66.0,Charge 6
2024-12-23T04:56:45Z,66.0,Charge 6
2024-12-23T04:56:47Z,66.0,Charge 6
2024-12-23T04:56:50Z,66.0,Charge 6
2024-12-23T04:56:53Z,66.0,Charge 6
2024-12-23T04:56:56Z,66.0,Charge 6
2024-12-23T04:56:59Z,66.0,Charge 6
2024-12-23T04:57:02Z,66.0,Charge 6
2024-12-23T04:57:05Z,66.0,Charge 6
2024-12-23T04:57:06Z,67.0,Charge 6
2024-12-23T04:57:08Z,68.0,Charge 6
2024-12-23T04:57:11Z,68.0,Charge 6
2024-12-23T04:57:14Z,68.0,Charge 6
2024-12-23T04:57:16Z,69.0,Charge 6
2024-12-23T04:57:19Z,69.0,Charge 6
2024-12-23T04:57:20Z,70.0,Charge 6
2024-12-23T04:57:23Z,70.0,Charge 6
2024-12-23T04:57:25Z,69.0,Charge 6
2024-12-23T04:57:27Z,68.0,Charge 6
2024-12-23T04:57:30Z,68.0,Charge 6
2024-12-23T04:57:33Z,68.0,Charge 6
2024-12-23T04:57:35Z,67.0,Charge 6
2024-12-23T04:57:37Z,66.0,Charge 6
2024-12-23T04:57:40Z,66.0,Charge 6
2024-12-23T04:57:41Z,65.0,Charge 6
2024-12-23T04:57:43Z,64.0,Charge 6
2024-12-23T04:57:46Z,64.0,Charge 6
2024-12-23T04:57:49Z,64.0,Charge 6
2024-12-23T04:57:50Z,65.0,Charge 6
2024-12-23T04:57:53Z,65.0,Charge 6
2024-12-23T04:57:54Z,64.0,Charge 6
2024-12-23T04:57:56Z,64.0,Charge 6
2024-12-23T04:57:58Z,63.0,Charge 6
2024-12-23T04:58:00Z,62.0,Charge 6
2024-12-23T04:58:02Z,63.0,Charge 6
2024-12-23T04:58:04Z,63.0,Charge 6
2024-12-23T04:58:07Z,63.0,Charge 6
2024-12-23T04:58:08Z,64.0,Charge 6
2024-12-23T04:58:11Z,64.0,Charge 6
2024-12-23T04:58:14Z,64.0,Charge 6
2024-12-23T04:58:17Z,64.0,Charge 6
2024-12-23T04:58:20Z,64.0,Charge 6
2024-12-23T04:58:23Z,64.0,Charge 6
2024-12-23T04:58:25Z,65.0,Charge 6
2024-12-23T04:58:27Z,66.0,Charge 6
2024-12-23T04:58:29Z,66.0,Charge 6
2024-12-23T04:58:31Z,66.0,Charge 6
2024-12-23T04:58:33Z,66.0,Charge 6
2024-12-23T04:58:36Z,66.0,Charge 6
2024-12-23T04:58:39Z,66.0,Charge 6
2024-12-23T04:58:42Z,66.0,Charge 6
2024-12-23T04:58:45Z,66.0,Charge 6
2024-12-23T04:58:48Z,66.0,Charge 6
2024-12-23T04:58:51Z,66.0,Charge 6
2024-12-23T04:58:54Z,67.0,Charge 6
2024-12-23T04:58:56Z,68.0,Charge 6
2024-12-23T04:58:59Z,68.0,Charge 6
2024-12-23T04:59:02Z,68.0,Charge 6
2024-12-23T04:59:05Z,68.0,Charge 6
2024-12-23T04:59:08Z,68.0,Charge 6
2024-12-23T04:59:11Z,68.0,Charge 6
2024-12-23T04:59:13Z,68.0,Charge 6
2024-12-23T04:59:16Z,68.0,Charge 6
2024-12-23T04:59:17Z,67.0,Charge 6
2024-12-23T04:59:20Z,67.0,Charge 6
2024-12-23T04:59:21Z,66.0,Charge 6
2024-12-23T04:59:24Z,67.0,Charge 6
2024-12-23T04:59:26Z,68.0,Charge 6
2024-12-23T04:59:29Z,68.0,Charge 6
2024-12-23T04:59:32Z,68.0,Charge 6
2024-12-23T04:59:35Z,68.0,Charge 6
2024-12-23T04:59:36Z,68.0,Charge 6
2024-12-23T04:59:39Z,68.0,Charge 6
2024-12-23T04:59:42Z,68.0,Charge 6
2024-12-23T04:59:45Z,68.0,Charge 6
2024-12-23T04:59:48Z,68.0,Charge 6
2024-12-23T04:59:49Z,67.0,Charge 6
2024-12-23T04:59:51Z,66.0,Charge 6
2024-12-23T04:59:53Z,67.0,Charge 6
2024-12-23T04:59:55Z,68.0,Charge 6
2024-12-23T04:59:58Z,68.0,Charge 6
2024-12-23T05:00:01Z,68.0,Charge 6
2024-12-23T05:00:03Z,66.0,Charge 6
2024-12-23T05:00:06Z,66.0,Charge 6
2024-12-23T05:00:09Z,66.0,Charge 6
2024-12-23T05:00:10Z,66.0,Charge 6
2024-12-23T05:00:12Z,67.0,Charge 6
2024-12-23T05:00:14Z,66.0,Charge 6
2024-12-23T05:00:17Z,66.0,Charge 6
2024-12-23T05:00:18Z,65.0,Charge 6
2024-12-23T05:00:20Z,65.0,Charge 6
2024-12-23T05:00:22Z,64.0,Charge 6
2024-12-23T05:00:24Z,65.0,Charge 6
2024-12-23T05:00:26Z,66.0,Charge 6
2024-12-23T05:00:29Z,66.0,Charge 6
2024-12-23T05:00:32Z,66.0,Charge 6
2024-12-23T05:00:35Z,66.0,Charge 6
2024-12-23T05:00:38Z,66.0,Charge 6
2024-12-23T05:00:39Z,65.0,Charge 6
2024-12-23T05:00:41Z,66.0,Charge 6
2024-12-23T05:00:44Z,66.0,Charge 6
2024-12-23T05:00:47Z,66.0,Charge 6
2024-12-23T05:00:49Z,66.0,Charge 6
2024-12-23T05:00:52Z,66.0,Charge 6
2024-12-23T05:00:55Z,66.0,Charge 6
2024-12-23T05:00:57Z,68.0,Charge 6
2024-12-23T05:00:58Z,68.0,Charge 6
2024-12-23T05:01:01Z,68.0,Charge 6
2024-12-23T05:01:02Z,67.0,Charge 6
2024-12-23T05:01:04Z,66.0,Charge 6
2024-12-23T05:01:07Z,66.0,Charge 6
2024-12-23T05:01:10Z,66.0,Charge 6
2024-12-23T05:01:12Z,68.0,Charge 6
2024-12-23T05:01:15Z,68.0,Charge 6
2024-12-23T05:01:18Z,67.0,Charge 6
2024-12-23T05:01:20Z,66.0,Charge 6
2024-12-23T05:01:23Z,68.0,Charge 6
2024-12-23T05:01:26Z,68.0,Charge 6
2024-12-23T05:01:29Z,68.0,Charge 6
2024-12-23T05:01:31Z,67.0,Charge 6
2024-12-23T05:01:33Z,66.0,Charge 6
2024-12-23T05:01:35Z,65.0,Charge 6
2024-12-23T05:01:37Z,64.0,Charge 6
2024-12-23T05:01:39Z,65.0,Charge 6
2024-12-23T05:01:41Z,66.0,Charge 6
2024-12-23T05:01:43Z,66.0,Charge 6
2024-12-23T05:01:46Z,66.0,Charge 6
2024-12-23T05:01:49Z,66.0,Charge 6
2024-12-23T05:01:52Z,66.0,Charge 6
2024-12-23T05:01:55Z,66.0,Charge 6
2024-12-23T05:01:58Z,66.0,Charge 6
2024-12-23T05:02:01Z,66.0,Charge 6
2024-12-23T05:02:04Z,66.0,Charge 6
2024-12-23T05:02:07Z,66.0,Charge 6
2024-12-23T05:02:08Z,66.0,Charge 6
2024-12-23T05:02:10Z,68.0,Charge 6
2024-12-23T05:02:13Z,70.0,Charge 6
2024-12-23T05:02:15Z,70.0,Charge 6
2024-12-23T05:02:17Z,70.0,Charge 6
2024-12-23T05:02:19Z,69.0,Charge 6
2024-12-23T05:02:21Z,68.0,Charge 6
2024-12-23T05:02:24Z,68.0,Charge 6
2024-12-23T05:02:27Z,68.0,Charge 6
2024-12-23T05:02:29Z,67.0,Charge 6
2024-12-23T05:02:32Z,67.0,Charge 6
2024-12-23T05:02:33Z,66.0,Charge 6
2024-12-23T05:02:36Z,66.0,Charge 6
2024-12-23T05:02:39Z,66.0,Charge 6
2024-12-23T05:02:40Z,66.0,Charge 6
2024-12-23T05:02:42Z,66.0,Charge 6
2024-12-23T05:02:45Z,66.0,Charge 6
2024-12-23T05:02:48Z,67.0,Charge 6
2024-12-23T05:02:50Z,67.0,Charge 6
2024-12-23T05:02:52Z,68.0,Charge 6
2024-12-23T05:02:55Z,68.0,Charge 6
2024-12-23T05:02:56Z,69.0,Charge 6
2024-12-23T05:02:59Z,68.0,Charge 6
2024-12-23T05:03:02Z,68.0,Charge 6
2024-12-23T05:03:05Z,68.0,Charge 6
2024-12-23T05:03:07Z,68.0,Charge 6
2024-12-23T05:03:10Z,68.0,Charge 6
2024-12-23T05:03:13Z,68.0,Charge 6
2024-12-23T05:03:15Z,67.0,Charge 6
2024-12-23T05:03:18Z,67.0,Charge 6
2024-12-23T05:03:21Z,67.0,Charge 6
2024-12-23T05:03:24Z,66.0,Charge 6
2024-12-23T05:03:27Z,66.0,Charge 6
2024-12-23T05:03:30Z,66.0,Charge 6
2024-12-23T05:03:33Z,66.0,Charge 6
2024-12-23T05:03:36Z,66.0,Charge 6
2024-12-23T05:03:39Z,66.0,Charge 6
2024-12-23T05:03:42Z,66.0,Charge 6
2024-12-23T05:03:45Z,66.0,Charge 6
2024-12-23T05:03:48Z,66.0,Charge 6
2024-12-23T05:03:49Z,67.0,Charge 6
2024-12-23T05:03:51Z,68.0,Charge 6
2024-12-23T05:03:54Z,68.0,Charge 6
2024-12-23T05:03:55Z,67.0,Charge 6
2024-12-23T05:03:58Z,67.0,Charge 6
2024-12-23T05:03:59Z,68.0,Charge 6
2024-12-23T05:04:02Z,68.0,Charge 6
2024-12-23T05:04:05Z,68.0,Charge 6
2024-12-23T05:04:07Z,69.0,Charge 6
2024-12-23T05:04:09Z,68.0,Charge 6
2024-12-23T05:04:12Z,68.0,Charge 6
2024-12-23T05:04:15Z,68.0,Charge 6
2024-12-23T05:04:16Z,67.0,Charge 6
2024-12-23T05:04:19Z,67.0,Charge 6
2024-12-23T05:04:20Z,66.0,Charge 6
2024-12-23T05:04:22Z,67.0,Charge 6
2024-12-23T05:04:25Z,67.0,Charge 6
2024-12-23T05:04:28Z,67.0,Charge 6
2024-12-23T05:04:30Z,66.0,Charge 6
2024-12-23T05:04:33Z,66.0,Charge 6
2024-12-23T05:04:34Z,65.0,Charge 6
2024-12-23T05:04:35Z,64.0,Charge 6
2024-12-23T05:04:38Z,64.0,Charge 6
2024-12-23T05:04:41Z,64.0,Charge 6
2024-12-23T05:04:43Z,65.0,Charge 6
2024-12-23T05:04:46Z,65.0,Charge 6
2024-12-23T05:04:47Z,66.0,Charge 6
2024-12-23T05:04:50Z,66.0,Charge 6
2024-12-23T05:04:53Z,66.0,Charge 6
2024-12-23T05:04:56Z,66.0,Charge 6
2024-12-23T05:04:59Z,66.0,Charge 6
2024-12-23T05:05:02Z,66.0,Charge 6
2024-12-23T05:05:04Z,66.0,Charge 6
2024-12-23T05:05:06Z,67.0,Charge 6
2024-12-23T05:05:09Z,67.0,Charge 6
2024-12-23T05:05:12Z,66.0,Charge 6
2024-12-23T05:05:15Z,66.0,Charge 6
2024-12-23T05:05:16Z,68.0,Charge 6
2024-12-23T05:05:18Z,70.0,Charge 6
2024-12-23T05:05:20Z,72.0,Charge 6
2024-12-23T05:05:22Z,73.0,Charge 6
2024-12-23T05:05:25Z,72.0,Charge 6
2024-12-23T05:05:28Z,72.0,Charge 6
2024-12-23T05:05:29Z,71.0,Charge 6
2024-12-23T05:05:31Z,70.0,Charge 6
2024-12-23T05:05:34Z,70.0,Charge 6
2024-12-23T05:05:35Z,69.0,Charge 6
2024-12-23T05:05:37Z,68.0,Charge 6
2024-12-23T05:05:39Z,68.0,Charge 6
2024-12-23T05:05:41Z,68.0,Charge 6
2024-12-23T05:05:43Z,67.0,Charge 6
2024-12-23T05:05:45Z,66.0,Charge 6
2024-12-23T05:05:48Z,65.0,Charge 6
2024-12-23T05:05:50Z,64.0,Charge 6
2024-12-23T05:05:53Z,64.0,Charge 6
2024-12-23T05:05:54Z,65.0,Charge 6
2024-12-23T05:05:56Z,64.0,Charge 6
2024-12-23T05:05:59Z,64.0,Charge 6
2024-12-23T05:06:02Z,64.0,Charge 6
2024-12-23T05:06:04Z,64.0,Charge 6
2024-12-23T05:06:07Z,64.0,Charge 6
2024-12-23T05:06:08Z,63.0,Charge 6
2024-12-23T05:06:10Z,62.0,Charge 6
2024-12-23T05:06:13Z,63.0,Charge 6
2024-12-23T05:06:15Z,64.0,Charge 6
2024-12-23T05:06:18Z,64.0,Charge 6
2024-12-23T05:06:21Z,64.0,Charge 6
2024-12-23T05:06:24Z,64.0,Charge 6
2024-12-23T05:06:27Z,64.0,Charge 6
2024-12-23T05:06:30Z,64.0,Charge 6
2024-12-23T05:06:33Z,65.0,Charge 6
2024-12-23T05:06:34Z,66.0,Charge 6
2024-12-23T05:06:36Z,65.0,Charge 6
2024-12-23T05:06:38Z,65.0,Charge 6
2024-12-23T05:06:40Z,66.0,Charge 6
2024-12-23T05:06:43Z,66.0,Charge 6
2024-12-23T05:06:44Z,67.0,Charge 6
2024-12-23T05:06:47Z,67.0,Charge 6
2024-12-23T05:06:48Z,66.0,Charge 6
2024-12-23T05:06:51Z,66.0,Charge 6
2024-12-23T05:06:52Z,65.0,Charge 6
2024-12-23T05:06:54Z,64.0,Charge 6
2024-12-23T05:06:57Z,64.0,Charge 6
2024-12-23T05:06:59Z,65.0,Charge 6
2024-12-23T05:07:02Z,65.0,Charge 6
2024-12-23T05:07:05Z,65.0,Charge 6
2024-12-23T05:07:07Z,65.0,Charge 6
2024-12-23T05:07:10Z,65.0,Charge 6
2024-12-23T05:07:13Z,65.0,Charge 6
2024-12-23T05:07:15Z,66.0,Charge 6
2024-12-23T05:07:17Z,66.0,Charge 6
2024-12-23T05:07:19Z,68.0,Charge 6
2024-12-23T05:07:21Z,69.0,Charge 6
2024-12-23T05:07:22Z,70.0,Charge 6
2024-12-23T05:07:24Z,68.0,Charge 6
2024-12-23T05:07:26Z,67.0,Charge 6
2024-12-23T05:07:28Z,66.0,Charge 6
2024-12-23T05:07:30Z,65.0,Charge 6
2024-12-23T05:07:32Z,66.0,Charge 6
2024-12-23T05:07:34Z,66.0,Charge 6
2024-12-23T05:07:37Z,66.0,Charge 6
2024-12-23T05:07:38Z,67.0,Charge 6
2024-12-23T05:07:40Z,68.0,Charge 6
2024-12-23T05:07:43Z,68.0,Charge 6
2024-12-23T05:07:44Z,69.0,Charge 6
2024-12-23T05:07:46Z,70.0,Charge 6
2024-12-23T05:07:49Z,70.0,Charge 6
2024-12-23T05:07:52Z,70.0,Charge 6
2024-12-23T05:07:55Z,70.0,Charge 6
2024-12-23T05:07:56Z,69.0,Charge 6
2024-12-23T05:07:59Z,69.0,Charge 6
2024-12-23T05:08:02Z,69.0,Charge 6
2024-12-23T05:08:03Z,68.0,Charge 6
2024-12-23T05:08:05Z,69.0,Charge 6
2024-12-23T05:08:07Z,70.0,Charge 6
2024-12-23T05:08:10Z,70.0,Charge 6
2024-12-23T05:08:13Z,68.0,Charge 6
2024-12-23T05:08:16Z,68.0,Charge 6
2024-12-23T05:08:17Z,67.0,Charge 6
2024-12-23T05:08:19Z,66.0,Charge 6
2024-12-23T05:08:22Z,66.0,Charge 6
2024-12-23T05:08:25Z,65.0,Charge 6
2024-12-23T05:08:28Z,64.0,Charge 6
2024-12-23T05:08:31Z,64.0,Charge 6
2024-12-23T05:08:34Z,64.0,Charge 6
2024-12-23T05:08:37Z,64.0,Charge 6
2024-12-23T05:08:40Z,65.0,Charge 6
2024-12-23T05:08:42Z,66.0,Charge 6
2024-12-23T05:08:45Z,66.0,Charge 6
2024-12-23T05:08:48Z,65.0,Charge 6
2024-12-23T05:08:49Z,64.0,Charge 6
2024-12-23T05:08:52Z,64.0,Charge 6
2024-12-23T05:08:53Z,63.0,Charge 6
2024-12-23T05:08:55Z,64.0,Charge 6
2024-12-23T05:08:58Z,64.0,Charge 6
2024-12-23T05:08:59Z,63.0,Charge 6
2024-12-23T05:09:02Z,63.0,Charge 6
2024-12-23T05:09:05Z,63.0,Charge 6
2024-12-23T05:09:08Z,63.0,Charge 6
2024-12-23T05:09:09Z,64.0,Charge 6
2024-12-23T05:09:11Z,64.0,Charge 6
2024-12-23T05:09:14Z,64.0,Charge 6
2024-12-23T05:09:17Z,64.0,Charge 6
2024-12-23T05:09:20Z,65.0,Charge 6
2024-12-23T05:09:22Z,66.0,Charge 6
2024-12-23T05:09:25Z,66.0,Charge 6
2024-12-23T05:09:26Z,67.0,Charge 6
2024-12-23T05:09:28Z,68.0,Charge 6
2024-12-23T05:09:30Z,67.0,Charge 6
2024-12-23T05:09:33Z,67.0,Charge 6
2024-12-23T05:09:36Z,67.0,Charge 6
2024-12-23T05:09:39Z,67.0,Charge 6
2024-12-23T05:09:42Z,67.0,Charge 6
2024-12-23T05:09:45Z,68.0,Charge 6
2024-12-23T05:09:48Z,68.0,Charge 6
2024-12-23T05:09:51Z,68.0,Charge 6
2024-12-23T05:09:53Z,69.0,Charge 6
2024-12-23T05:09:55Z,70.0,Charge 6
2024-12-23T05:09:57Z,71.0,Charge 6
2024-12-23T05:09:59Z,72.0,Charge 6
2024-12-23T05:10:02Z,71.0,Charge 6
2024-12-23T05:10:04Z,70.0,Charge 6
2024-12-23T05:10:07Z,70.0,Charge 6
2024-12-23T05:10:10Z,70.0,Charge 6
2024-12-23T05:10:13Z,70.0,Charge 6
2024-12-23T05:10:16Z,70.0,Charge 6
2024-12-23T05:10:19Z,70.0,Charge 6
2024-12-23T05:10:20Z,70.0,Charge 6
2024-12-23T05:10:23Z,70.0,Charge 6
2024-12-23T05:10:24Z,69.0,Charge 6
2024-12-23T05:10:25Z,68.0,Charge 6
2024-12-23T05:10:28Z,68.0,Charge 6
2024-12-23T05:10:31Z,68.0,Charge 6
2024-12-23T05:10:34Z,68.0,Charge 6
2024-12-23T05:10:37Z,67.0,Charge 6
2024-12-23T05:10:39Z,66.0,Charge 6
2024-12-23T05:10:42Z,66.0,Charge 6
2024-12-23T05:10:45Z,66.0,Charge 6
2024-12-23T05:10:48Z,66.0,Charge 6
2024-12-23T05:10:51Z,66.0,Charge 6
2024-12-23T05:10:54Z,66.0,Charge 6
2024-12-23T05:10:57Z,66.0,Charge 6
2024-12-23T05:11:00Z,66.0,Charge 6
2024-12-23T05:11:03Z,66.0,Charge 6
2024-12-23T05:11:06Z,66.0,Charge 6
2024-12-23T05:11:09Z,66.0,Charge 6
2024-12-23T05:11:12Z,66.0,Charge 6
2024-12-23T05:11:15Z,66.0,Charge 6
2024-12-23T05:11:18Z,66.0,Charge 6
2024-12-23T05:11:19Z,67.0,Charge 6
2024-12-23T05:11:21Z,68.0,Charge 6
2024-12-23T05:11:24Z,68.0,Charge 6
2024-12-23T05:11:27Z,68.0,Charge 6
2024-12-23T05:11:30Z,68.0,Charge 6
2024-12-23T05:11:31Z,68.0,Charge 6
2024-12-23T05:11:33Z,70.0,Charge 6
2024-12-23T05:11:35Z,71.0,Charge 6
2024-12-23T05:11:38Z,70.0,Charge 6
2024-12-23T05:11:40Z,68.0,Charge 6
2024-12-23T05:11:43Z,68.0,Charge 6
2024-12-23T05:11:44Z,67.0,Charge 6
2024-12-23T05:11:46Z,66.0,Charge 6
2024-12-23T05:11:49Z,66.0,Charge 6
2024-12-23T05:11:50Z,67.0,Charge 6
2024-12-23T05:11:53Z,67.0,Charge 6
2024-12-23T05:11:56Z,66.0,Charge 6
2024-12-23T05:11:59Z,66.0,Charge 6
2024-12-23T05:12:00Z,65.0,Charge 6
2024-12-23T05:12:03Z,65.0,Charge 6
2024-12-23T05:12:05Z,66.0,Charge 6
2024-12-23T05:12:07Z,68.0,Charge 6
2024-12-23T05:12:10Z,68.0,Charge 6
2024-12-23T05:12:11Z,66.0,Charge 6
2024-12-23T05:12:13Z,65.0,Charge 6
2024-12-23T05:12:15Z,63.0,Charge 6
2024-12-23T05:12:17Z,62.0,Charge 6
2024-12-23T05:12:20Z,62.0,Charge 6
2024-12-23T05:12:21Z,61.0,Charge 6
2024-12-23T05:12:23Z,62.0,Charge 6
2024-12-23T05:12:25Z,63.0,Charge 6
2024-12-23T05:12:26Z,64.0,Charge 6
2024-12-23T05:12:28Z,65.0,Charge 6
2024-12-23T05:12:30Z,66.0,Charge 6
2024-12-23T05:12:33Z,66.0,Charge 6
2024-12-23T05:12:36Z,66.0,Charge 6
2024-12-23T05:12:39Z,66.0,Charge 6
2024-12-23T05:12:42Z,66.0,Charge 6
2024-12-23T05:12:45Z,66.0,Charge 6
2024-12-23T05:12:46Z,67.0,Charge 6
2024-12-23T05:12:48Z,68.0,Charge 6
2024-12-23T05:12:51Z,68.0,Charge 6
2024-12-23T05:12:53Z,69.0,Charge 6
2024-12-23T05:12:55Z,68.0,Charge 6
2024-12-23T05:12:58Z,68.0,Charge 6
2024-12-23T05:12:59Z,68.0,Charge 6
2024-12-23T05:13:02Z,68.0,Charge 6
2024-12-23T05:13:05Z,68.0,Charge 6
2024-12-23T05:13:08Z,68.0,Charge 6
2024-12-23T05:13:11Z,68.0,Charge 6
2024-12-23T05:13:14Z,68.0,Charge 6
2024-12-23T05:13:17Z,68.0,Charge 6
2024-12-23T05:13:20Z,68.0,Charge 6
2024-12-23T05:13:23Z,68.0,Charge 6
2024-12-23T05:13:26Z,68.0,Charge 6
2024-12-23T05:13:28Z,67.0,Charge 6
2024-12-23T05:13:30Z,66.0,Charge 6
2024-12-23T05:13:33Z,66.0,Charge 6
2024-12-23T05:13:36Z,66.0,Charge 6
2024-12-23T05:13:37Z,65.0,Charge 6
2024-12-23T05:13:39Z,64.0,Charge 6
2024-12-23T05:13:42Z,64.0,Charge 6
2024-12-23T05:13:43Z,64.0,Charge 6
2024-12-23T05:13:46Z,64.0,Charge 6
2024-12-23T05:13:49Z,64.0,Charge 6
2024-12-23T05:13:52Z,64.0,Charge 6
2024-12-23T05:13:55Z,64.0,Charge 6
2024-12-23T05:13:57Z,64.0,Charge 6
2024-12-23T05:13:59Z,64.0,Charge 6
2024-12-23T05:14:02Z,64.0,Charge 6
2024-12-23T05:14:05Z,64.0,Charge 6
2024-12-23T05:14:08Z,64.0,Charge 6
2024-12-23T05:14:11Z,64.0,Charge 6
2024-12-23T05:14:14Z,64.0,Charge 6
2024-12-23T05:14:17Z,64.0,Charge 6
2024-12-23T05:14:18Z,65.0,Charge 6
2024-12-23T05:14:21Z,65.0,Charge 6
2024-12-23T05:14:22Z,66.0,Charge 6
2024-12-23T05:14:25Z,66.0,Charge 6
2024-12-23T05:14:28Z,66.0,Charge 6
2024-12-23T05:14:31Z,66.0,Charge 6
2024-12-23T05:14:34Z,66.0,Charge 6
2024-12-23T05:14:35Z,67.0,Charge 6
2024-12-23T05:14:38Z,67.0,Charge 6
2024-12-23T05:14:41Z,68.0,Charge 6
2024-12-23T05:14:44Z,68.0,Charge 6
2024-12-23T05:14:45Z,68.0,Charge 6
2024-12-23T05:14:47Z,67.0,Charge 6
2024-12-23T05:14:49Z,68.0,Charge 6
2024-12-23T05:14:50Z,70.0,Charge 6
2024-12-23T05:14:52Z,72.0,Charge 6
2024-12-23T05:14:55Z,72.0,Charge 6
2024-12-23T05:14:58Z,70.0,Charge 6
2024-12-23T05:15:00Z,68.0,Charge 6
2024-12-23T05:15:03Z,68.0,Charge 6
2024-12-23T05:15:04Z,66.0,Charge 6
2024-12-23T05:15:07Z,66.0,Charge 6
2024-12-23T05:15:10Z,66.0,Charge 6
2024-12-23T05:15:13Z,66.0,Charge 6
2024-12-23T05:15:16Z,66.0,Charge 6
2024-12-23T05:15:17Z,67.0,Charge 6
2024-12-23T05:15:20Z,67.0,Charge 6
2024-12-23T05:15:21Z,66.0,Charge 6
2024-12-23T05:15:23Z,64.0,Charge 6
2024-12-23T05:15:25Z,63.0,Charge 6
2024-12-23T05:15:27Z,62.0,Charge 6
2024-12-23T05:15:30Z,62.0,Charge 6
2024-12-23T05:15:33Z,62.0,Charge 6
2024-12-23T05:15:36Z,62.0,Charge 6
2024-12-23T05:15:39Z,62.0,Charge 6
2024-12-23T05:15:42Z,62.0,Charge 6
2024-12-23T05:15:45Z,62.0,Charge 6
2024-12-23T05:15:48Z,62.0,Charge 6
2024-12-23T05:15:50Z,63.0,Charge 6
2024-12-23T05:15:52Z,64.0,Charge 6
2024-12-23T05:15:55Z,64.0,Charge 6
2024-12-23T05:15:58Z,64.0,Charge 6
2024-12-23T05:16:00Z,65.0,Charge 6
2024-12-23T05:16:01Z,66.0,Charge 6
2024-12-23T05:16:04Z,66.0,Charge 6
2024-12-23T05:16:05Z,65.0,Charge 6
2024-12-23T05:16:08Z,65.0,Charge 6
2024-12-23T05:16:09Z,66.0,Charge 6
2024-12-23T05:16:12Z,66.0,Charge 6
2024-12-23T05:16:13Z,67.0,Charge 6
2024-12-23T05:16:15Z,67.0,Charge 6
2024-12-23T05:16:17Z,68.0,Charge 6
2024-12-23T05:16:20Z,68.0,Charge 6
2024-12-23T05:16:23Z,69.0,Charge 6
2024-12-23T05:16:25Z,68.0,Charge 6
2024-12-23T05:16:28Z,67.0,Charge 6
2024-12-23T05:16:30Z,66.0,Charge 6
2024-12-23T05:16:32Z,66.0,Charge 6
2024-12-23T05:16:34Z,65.0,Charge 6
2024-12-23T05:16:37Z,65.0,Charge 6
2024-12-23T05:16:40Z,65.0,Charge 6
2024-12-23T05:16:43Z,65.0,Charge 6
2024-12-23T05:16:46Z,65.0,Charge 6
2024-12-23T05:16:49Z,66.0,Charge 6
2024-12-23T05:16:52Z,66.0,Charge 6
2024-12-23T05:16:53Z,66.0,Charge 6
2024-12-23T05:16:56Z,66.0,Charge 6
2024-12-23T05:16:59Z,66.0,Charge 6
2024-12-23T05:17:02Z,66.0,Charge 6
2024-12-23T05:17:03Z,66.0,Charge 6
2024-12-23T05:17:06Z,66.0,Charge 6
2024-12-23T05:17:07Z,66.0,Charge 6
2024-12-23T05:17:10Z,66.0,Charge 6
2024-12-23T05:17:13Z,66.0,Charge 6
2024-12-23T05:17:16Z,66.0,Charge 6
2024-12-23T05:17:19Z,66.0,Charge 6
2024-12-23T05:17:20Z,68.0,Charge 6
2024-12-23T05:17:23Z,68.0,Charge 6
2024-12-23T05:17:26Z,67.0,Charge 6
2024-12-23T05:17:29Z,67.0,Charge 6
2024-12-23T05:17:32Z,67.0,Charge 6
2024-12-23T05:17:35Z,67.0,Charge 6
2024-12-23T05:17:36Z,68.0,Charge 6
2024-12-23T05:17:37Z,68.0,Charge 6
2024-12-23T05:17:40Z,68.0,Charge 6
2024-12-23T05:17:41Z,68.0,Charge 6
2024-12-23T05:17:44Z,68.0,Charge 6
2024-12-23T05:17:47Z,68.0,Charge 6
2024-12-23T05:17:50Z,68.0,Charge 6
2024-12-23T05:17:53Z,68.0,Charge 6
2024-12-23T05:17:55Z,69.0,Charge 6
2024-12-23T05:17:58Z,69.0,Charge 6
2024-12-23T05:17:59Z,69.0,Charge 6
2024-12-23T05:18:01Z,68.0,Charge 6
2024-12-23T05:18:04Z,68.0,Charge 6
2024-12-23T05:18:06Z,68.0,Charge 6
2024-12-23T05:18:09Z,68.0,Charge 6
2024-12-23T05:18:12Z,68.0,Charge 6
2024-12-23T05:18:15Z,68.0,Charge 6
2024-12-23T05:18:18Z,69.0,Charge 6
2024-12-23T05:18:20Z,70.0,Charge 6
2024-12-23T05:18:23Z,70.0,Charge 6
2024-12-23T05:18:25Z,68.0,Charge 6
2024-12-23T05:18:27Z,67.0,Charge 6
2024-12-23T05:18:29Z,66.0,Charge 6
2024-12-23T05:18:32Z,66.0,Charge 6
2024-12-23T05:18:33Z,66.0,Charge 6
2024-12-23T05:18:36Z,66.0,Charge 6
2024-12-23T05:18:37Z,67.0,Charge 6
2024-12-23T05:18:39Z,68.0,Charge 6
2024-12-23T05:18:42Z,68.0,Charge 6
2024-12-23T05:18:45Z,68.0,Charge 6
2024-12-23T05:18:47Z,67.0,Charge 6
2024-12-23T05:18:49Z,66.0,Charge 6
2024-12-23T05:18:52Z,66.0,Charge 6
2024-12-23T05:18:55Z,66.0,Charge 6
2024-12-23T05:18:58Z,66.0,Charge 6
2024-12-23T05:19:01Z,66.0,Charge 6
2024-12-23T05:19:04Z,66.0,Charge 6
2024-12-23T05:19:06Z,66.0,Charge 6
2024-12-23T05:19:09Z,66.0,Charge 6
2024-12-23T05:19:12Z,65.0,Charge 6
2024-12-23T05:19:15Z,66.0,Charge 6
2024-12-23T05:19:18Z,66.0,Charge 6
2024-12-23T05:19:21Z,67.0,Charge 6
2024-12-23T05:19:24Z,67.0,Charge 6
2024-12-23T05:19:27Z,66.0,Charge 6
2024-12-23T05:19:30Z,66.0,Charge 6
2024-12-23T05:19:33Z,66.0,Charge 6
2024-12-23T05:19:36Z,66.0,Charge 6
2024-12-23T05:19:39Z,66.0,Charge 6
2024-12-23T05:19:42Z,66.0,Charge 6
2024-12-23T05:19:45Z,66.0,Charge 6
2024-12-23T05:19:48Z,66.0,Charge 6
2024-12-23T05:19:51Z,66.0,Charge 6
2024-12-23T05:19:54Z,65.0,Charge 6
2024-12-23T05:19:57Z,65.0,Charge 6
2024-12-23T05:20:00Z,66.0,Charge 6
2024-12-23T05:20:01Z,68.0,Charge 6
2024-12-23T05:20:03Z,70.0,Charge 6
2024-12-23T05:20:05Z,72.0,Charge 6
2024-12-23T05:20:07Z,71.0,Charge 6
2024-12-23T05:20:10Z,71.0,Charge 6
2024-12-23T05:20:13Z,73.0,Charge 6
2024-12-23T05:20:15Z,77.0,Charge 6
2024-12-23T05:20:17Z,80.0,Charge 6
2024-12-23T05:20:19Z,83.0,Charge 6
2024-12-23T05:20:21Z,85.0,Charge 6
2024-12-23T05:20:23Z,84.0,Charge 6
2024-12-23T05:20:25Z,80.0,Charge 6
2024-12-23T05:20:26Z,75.0,Charge 6
2024-12-23T05:20:28Z,71.0,Charge 6
2024-12-23T05:20:30Z,68.0,Charge 6
2024-12-23T05:20:32Z,66.0,Charge 6
2024-12-23T05:20:34Z,65.0,Charge 6
2024-12-23T05:20:37Z,65.0,Charge 6
2024-12-23T05:20:38Z,64.0,Charge 6
2024-12-23T05:20:40Z,63.0,Charge 6
2024-12-23T05:20:43Z,63.0,Charge 6
2024-12-23T05:20:46Z,62.0,Charge 6
2024-12-23T05:20:49Z,62.0,Charge 6
2024-12-23T05:20:51Z,61.0,Charge 6
2024-12-23T05:20:54Z,61.0,Charge 6
2024-12-23T05:20:55Z,60.0,Charge 6
2024-12-23T05:20:58Z,60.0,Charge 6
2024-12-23T05:21:01Z,60.0,Charge 6
2024-12-23T05:21:03Z,61.0,Charge 6
2024-12-23T05:21:06Z,61.0,Charge 6
2024-12-23T05:21:07Z,62.0,Charge 6
2024-12-23T05:21:10Z,62.0,Charge 6
2024-12-23T05:21:11Z,63.0,Charge 6
2024-12-23T05:21:13Z,64.0,Charge 6
2024-12-23T05:21:14Z,66.0,Charge 6
2024-12-23T05:21:16Z,66.0,Charge 6
2024-12-23T05:21:19Z,66.0,Charge 6
2024-12-23T05:21:22Z,66.0,Charge 6
2024-12-23T05:21:25Z,66.0,Charge 6
2024-12-23T05:21:28Z,66.0,Charge 6
2024-12-23T05:21:31Z,66.0,Charge 6
2024-12-23T05:21:34Z,66.0,Charge 6
2024-12-23T05:21:37Z,65.0,Charge 6
2024-12-23T05:21:39Z,64.0,Charge 6
2024-12-23T05:21:41Z,65.0,Charge 6
2024-12-23T05:21:44Z,65.0,Charge 6
2024-12-23T05:21:47Z,66.0,Charge 6
2024-12-23T05:21:50Z,66.0,Charge 6
2024-12-23T05:21:53Z,65.0,Charge 6
2024-12-23T05:21:55Z,64.0,Charge 6
2024-12-23T05:21:58Z,64.0,Charge 6
2024-12-23T05:22:01Z,65.0,Charge 6
2024-12-23T05:22:04Z,65.0,Charge 6
2024-12-23T05:22:07Z,65.0,Charge 6
2024-12-23T05:22:10Z,65.0,Charge 6
2024-12-23T05:22:12Z,66.0,Charge 6
2024-12-23T05:22:15Z,66.0,Charge 6
2024-12-23T05:22:18Z,66.0,Charge 6
2024-12-23T05:22:21Z,66.0,Charge 6
2024-12-23T05:22:24Z,66.0,Charge 6
2024-12-23T05:22:27Z,67.0,Charge 6
2024-12-23T05:22:29Z,68.0,Charge 6
2024-12-23T05:22:31Z,68.0,Charge 6
2024-12-23T05:22:34Z,68.0,Charge 6
2024-12-23T05:22:37Z,68.0,Charge 6
2024-12-23T05:22:40Z,68.0,Charge 6
2024-12-23T05:22:43Z,68.0,Charge 6
2024-12-23T05:22:46Z,68.0,Charge 6
2024-12-23T05:22:49Z,67.0,Charge 6
2024-12-23T05:22:50Z,66.0,Charge 6
2024-12-23T05:22:52Z,67.0,Charge 6
2024-12-23T05:22:55Z,67.0,Charge 6
2024-12-23T05:22:56Z,68.0,Charge 6
2024-12-23T05:22:59Z,68.0,Charge 6
2024-12-23T05:23:00Z,67.0,Charge 6
2024-12-23T05:23:02Z,66.0,Charge 6
2024-12-23T05:23:04Z,67.0,Charge 6
2024-12-23T05:23:06Z,68.0,Charge 6
2024-12-23T05:23:09Z,68.0,Charge 6
2024-12-23T05:23:10Z,69.0,Charge 6
2024-12-23T05:23:12Z,70.0,Charge 6
2024-12-23T05:23:13Z,70.0,Charge 6
2024-12-23T05:23:15Z,71.0,Charge 6
2024-12-23T05:23:17Z,71.0,Charge 6
2024-12-23T05:23:19Z,70.0,Charge 6
2024-12-23T05:23:21Z,70.0,Charge 6
2024-12-23T05:23:23Z,69.0,Charge 6
2024-12-23T05:23:25Z,68.0,Charge 6
2024-12-23T05:23:28Z,68.0,Charge 6
2024-12-23T05:23:29Z,68.0,Charge 6
2024-12-23T05:23:32Z,68.0,Charge 6
2024-12-23T05:23:35Z,68.0,Charge 6
2024-12-23T05:23:38Z,68.0,Charge 6
2024-12-23T05:23:41Z,68.0,Charge 6
2024-12-23T05:23:44Z,68.0,Charge 6
2024-12-23T05:23:47Z,68.0,Charge 6
2024-12-23T05:23:50Z,67.0,Charge 6
2024-12-23T05:23:52Z,68.0,Charge 6
2024-12-23T05:23:55Z,68.0,Charge 6
2024-12-23T05:23:58Z,67.0,Charge 6
2024-12-23T05:24:01Z,68.0,Charge 6
2024-12-23T05:24:04Z,68.0,Charge 6
2024-12-23T05:24:07Z,68.0,Charge 6
2024-12-23T05:24:09Z,67.0,Charge 6
2024-12-23T05:24:11Z,66.0,Charge 6
2024-12-23T05:24:14Z,66.0,Charge 6
2024-12-23T05:24:17Z,66.0,Charge 6
2024-12-23T05:24:20Z,66.0,Charge 6
2024-12-23T05:24:21Z,67.0,Charge 6
2024-12-23T05:24:24Z,67.0,Charge 6
2024-12-23T05:24:26Z,66.0,Charge 6
2024-12-23T05:24:29Z,66.0,Charge 6
2024-12-23T05:24:32Z,65.0,Charge 6
2024-12-23T05:24:35Z,65.0,Charge 6
2024-12-23T05:24:36Z,66.0,Charge 6
2024-12-23T05:24:39Z,66.0,Charge 6
2024-12-23T05:24:40Z,66.0,Charge 6
2024-12-23T05:24:43Z,66.0,Charge 6
2024-12-23T05:24:46Z,66.0,Charge 6
2024-12-23T05:24:49Z,67.0,Charge 6
2024-12-23T05:24:52Z,67.0,Charge 6
2024-12-23T05:24:53Z,68.0,Charge 6
2024-12-23T05:24:56Z,68.0,Charge 6
2024-12-23T05:24:59Z,69.0,Charge 6
2024-12-23T05:25:01Z,70.0,Charge 6
2024-12-23T05:25:04Z,70.0,Charge 6
2024-12-23T05:25:05Z,71.0,Charge 6
2024-12-23T05:25:08Z,71.0,Charge 6
2024-12-23T05:25:09Z,70.0,Charge 6
2024-12-23T05:25:12Z,70.0,Charge 6
2024-12-23T05:25:15Z,70.0,Charge 6
2024-12-23T05:25:16Z,71.0,Charge 6
2024-12-23T05:25:18Z,70.0,Charge 6
2024-12-23T05:25:21Z,70.0,Charge 6
2024-12-23T05:25:24Z,69.0,Charge 6
2024-12-23T05:25:27Z,69.0,Charge 6
2024-12-23T05:25:28Z,70.0,Charge 6
2024-12-23T05:25:31Z,70.0,Charge 6
2024-12-23T05:25:34Z,70.0,Charge 6
2024-12-23T05:25:36Z,69.0,Charge 6
2024-12-23T05:25:37Z,68.0,Charge 6
2024-12-23T05:25:40Z,68.0,Charge 6
2024-12-23T05:25:43Z,69.0,Charge 6
2024-12-23T05:25:45Z,70.0,Charge 6
2024-12-23T05:25:47Z,71.0,Charge 6
2024-12-23T05:25:49Z,72.0,Charge 6
2024-12-23T05:25:52Z,72.0,Charge 6
2024-12-23T05:25:55Z,72.0,Charge 6
2024-12-23T05:25:58Z,72.0,Charge 6
2024-12-23T05:26:01Z,72.0,Charge 6
2024-12-23T05:26:04Z,72.0,Charge 6
2024-12-23T05:26:06Z,74.0,Charge 6
2024-12-23T05:26:08Z,73.0,Charge 6
2024-12-23T05:26:10Z,72.0,Charge 6
2024-12-23T05:26:12Z,70.0,Charge 6
2024-12-23T05:26:15Z,70.0,Charge 6
2024-12-23T05:26:16Z,68.0,Charge 6
2024-12-23T05:26:19Z,68.0,Charge 6
2024-12-23T05:26:20Z,67.0,Charge 6
2024-12-23T05:26:23Z,67.0,Charge 6
2024-12-23T05:26:25Z,68.0,Charge 6
2024-12-23T05:26:28Z,68.0,Charge 6
2024-12-23T05:26:29Z,69.0,Charge 6
2024-12-23T05:26:31Z,70.0,Charge 6
2024-12-23T05:26:34Z,70.0,Charge 6
2024-12-23T05:26:35Z,71.0,Charge 6
2024-12-23T05:26:37Z,72.0,Charge 6
2024-12-23T05:26:40Z,72.0,Charge 6
2024-12-23T05:26:43Z,72.0,Charge 6
2024-12-23T05:26:46Z,72.0,Charge 6
2024-12-23T05:26:47Z,70.0,Charge 6
2024-12-23T05:26:50Z,69.0,Charge 6
2024-12-23T05:26:52Z,68.0,Charge 6
2024-12-23T05:26:54Z,69.0,Charge 6
2024-12-23T05:26:56Z,70.0,Charge 6
2024-12-23T05:26:58Z,69.0,Charge 6
2024-12-23T05:27:00Z,68.0,Charge 6
2024-12-23T05:27:03Z,68.0,Charge 6
2024-12-23T05:27:06Z,68.0,Charge 6
2024-12-23T05:27:09Z,68.0,Charge 6
2024-12-23T05:27:10Z,69.0,Charge 6
2024-12-23T05:27:12Z,70.0,Charge 6
2024-12-23T05:27:15Z,68.0,Charge 6
2024-12-23T05:27:18Z,68.0,Charge 6
2024-12-23T05:27:21Z,68.0,Charge 6
2024-12-23T05:27:24Z,68.0,Charge 6
2024-12-23T05:27:27Z,68.0,Charge 6
2024-12-23T05:27:30Z,68.0,Charge 6
2024-12-23T05:27:33Z,68.0,Charge 6
2024-12-23T05:27:36Z,68.0,Charge 6
2024-12-23T05:27:37Z,68.0,Charge 6
2024-12-23T05:27:40Z,69.0,Charge 6
2024-12-23T05:27:42Z,69.0,Charge 6
2024-12-23T05:27:44Z,68.0,Charge 6
2024-12-23T05:27:46Z,67.0,Charge 6
2024-12-23T05:27:48Z,65.0,Charge 6
2024-12-23T05:27:50Z,64.0,Charge 6
2024-12-23T05:27:52Z,64.0,Charge 6
2024-12-23T05:27:55Z,64.0,Charge 6
2024-12-23T05:27:58Z,66.0,Charge 6
2024-12-23T05:28:00Z,67.0,Charge 6
2024-12-23T05:28:03Z,67.0,Charge 6
2024-12-23T05:28:05Z,66.0,Charge 6
2024-12-23T05:28:08Z,66.0,Charge 6
2024-12-23T05:28:11Z,66.0,Charge 6
2024-12-23T05:28:14Z,66.0,Charge 6
2024-12-23T05:28:17Z,66.0,Charge 6
2024-12-23T05:28:20Z,66.0,Charge 6
2024-12-23T05:28:23Z,65.0,Charge 6
2024-12-23T05:28:26Z,66.0,Charge 6
2024-12-23T05:28:29Z,66.0,Charge 6
2024-12-23T05:28:30Z,65.0,Charge 6
2024-12-23T05:28:33Z,65.0,Charge 6
2024-12-23T05:28:36Z,65.0,Charge 6
2024-12-23T05:28:38Z,66.0,Charge 6
2024-12-23T05:28:41Z,66.0,Charge 6
2024-12-23T05:28:44Z,66.0,Charge 6
2024-12-23T05:28:47Z,66.0,Charge 6
2024-12-23T05:28:50Z,66.0,Charge 6
2024-12-23T05:28:53Z,67.0,Charge 6
2024-12-23T05:28:55Z,68.0,Charge 6
2024-12-23T05:28:58Z,68.0,Charge 6
2024-12-23T05:29:01Z,68.0,Charge 6
2024-12-23T05:29:04Z,68.0,Charge 6
2024-12-23T05:29:05Z,68.0,Charge 6
2024-12-23T05:29:08Z,68.0,Charge 6
2024-12-23T05:29:11Z,68.0,Charge 6
2024-12-23T05:29:14Z,67.0,Charge 6
2024-12-23T05:29:17Z,67.0,Charge 6
2024-12-23T05:29:20Z,66.0,Charge 6
2024-12-23T05:29:22Z,66.0,Charge 6
2024-12-23T05:29:25Z,66.0,Charge 6
2024-12-23T05:29:28Z,66.0,Charge 6
2024-12-23T05:29:30Z,66.0,Charge 6
2024-12-23T05:29:33Z,66.0,Charge 6
2024-12-23T05:29:36Z,66.0,Charge 6
2024-12-23T05:29:37Z,65.0,Charge 6
2024-12-23T05:29:39Z,66.0,Charge 6
2024-12-23T05:29:42Z,66.0,Charge 6
2024-12-23T05:29:45Z,67.0,Charge 6
2024-12-23T05:29:47Z,68.0,Charge 6
2024-12-23T05:29:50Z,68.0,Charge 6
2024-12-23T05:29:53Z,66.0,Charge 6
2024-12-23T05:29:56Z,66.0,Charge 6
2024-12-23T05:29:59Z,66.0,Charge 6
2024-12-23T05:30:01Z,66.0,Charge 6
2024-12-23T05:30:02Z,68.0,Charge 6
2024-12-23T05:30:05Z,68.0,Charge 6
2024-12-23T05:30:06Z,69.0,Charge 6
2024-12-23T05:30:08Z,68.0,Charge 6
2024-12-23T05:30:11Z,68.0,Charge 6
2024-12-23T05:30:12Z,67.0,Charge 6
2024-12-23T05:30:14Z,68.0,Charge 6
2024-12-23T05:30:16Z,69.0,Charge 6
2024-12-23T05:30:19Z,69.0,Charge 6
2024-12-23T05:30:20Z,68.0,Charge 6
2024-12-23T05:30:22Z,67.0,Charge 6
2024-12-23T05:30:24Z,66.0,Charge 6
2024-12-23T05:30:25Z,64.0,Charge 6
2024-12-23T05:30:28Z,64.0,Charge 6
2024-12-23T05:30:29Z,63.0,Charge 6
2024-12-23T05:30:31Z,62.0,Charge 6
2024-12-23T05:30:33Z,64.0,Charge 6
2024-12-23T05:30:35Z,65.0,Charge 6
2024-12-23T05:30:37Z,67.0,Charge 6
2024-12-23T05:30:39Z,68.0,Charge 6
2024-12-23T05:30:42Z,68.0,Charge 6
2024-12-23T05:30:43Z,69.0,Charge 6
2024-12-23T05:30:45Z,68.0,Charge 6
2024-12-23T05:30:47Z,69.0,Charge 6
2024-12-23T05:30:49Z,70.0,Charge 6
2024-12-23T05:30:52Z,70.0,Charge 6
2024-12-23T05:30:54Z,68.0,Charge 6
2024-12-23T05:30:56Z,67.0,Charge 6
2024-12-23T05:30:58Z,66.0,Charge 6
2024-12-23T05:31:00Z,65.0,Charge 6
2024-12-23T05:31:02Z,64.0,Charge 6
2024-12-23T05:31:05Z,64.0,Charge 6
2024-12-23T05:31:06Z,64.0,Charge 6
2024-12-23T05:31:09Z,64.0,Charge 6
2024-12-23T05:31:12Z,64.0,Charge 6
2024-12-23T05:31:15Z,64.0,Charge 6
2024-12-23T05:31:18Z,64.0,Charge 6
2024-12-23T05:31:21Z,64.0,Charge 6
2024-12-23T05:31:23Z,65.0,Charge 6
2024-12-23T05:31:26Z,65.0,Charge 6
2024-12-23T05:31:27Z,66.0,Charge 6
2024-12-23T05:31:30Z,66.0,Charge 6
2024-12-23T05:31:33Z,66.0,Charge 6
2024-12-23T05:31:36Z,66.0,Charge 6
2024-12-23T05:31:39Z,66.0,Charge 6
2024-12-23T05:31:42Z,66.0,Charge 6
2024-12-23T05:31:45Z,66.0,Charge 6
2024-12-23T05:31:46Z,64.0,Charge 6
2024-12-23T05:31:49Z,64.0,Charge 6
2024-12-23T05:31:50Z,63.0,Charge 6
2024-12-23T05:31:53Z,63.0,Charge 6
2024-12-23T05:31:54Z,64.0,Charge 6
2024-12-23T05:31:57Z,64.0,Charge 6
2024-12-23T05:32:00Z,64.0,Charge 6
2024-12-23T05:32:03Z,64.0,Charge 6
2024-12-23T05:32:06Z,64.0,Charge 6
2024-12-23T05:32:09Z,64.0,Charge 6
2024-12-23T05:32:12Z,64.0,Charge 6
2024-12-23T05:32:15Z,64.0,Charge 6
2024-12-23T05:32:17Z,64.0,Charge 6
2024-12-23T05:32:20Z,64.0,Charge 6
2024-12-23T05:32:23Z,64.0,Charge 6
2024-12-23T05:32:25Z,65.0,Charge 6
2024-12-23T05:32:26Z,66.0,Charge 6
2024-12-23T05:32:28Z,67.0,Charge 6
2024-12-23T05:32:31Z,67.0,Charge 6
2024-12-23T05:32:32Z,66.0,Charge 6
2024-12-23T05:32:34Z,65.0,Charge 6
2024-12-23T05:32:36Z,64.0,Charge 6
2024-12-23T05:32:39Z,64.0,Charge 6
2024-12-23T05:32:42Z,65.0,Charge 6
2024-12-23T05:32:44Z,66.0,Charge 6
2024-12-23T05:32:46Z,67.0,Charge 6
2024-12-23T05:32:48Z,68.0,Charge 6
2024-12-23T05:32:49Z,69.0,Charge 6
2024-12-23T05:32:51Z,68.0,Charge 6
2024-12-23T05:32:54Z,68.0,Charge 6
2024-12-23T05:32:57Z,68.0,Charge 6
2024-12-23T05:33:00Z,68.0,Charge 6
2024-12-23T05:33:03Z,68.0,Charge 6
2024-12-23T05:33:05Z,67.0,Charge 6
2024-12-23T05:33:07Z,66.0,Charge 6
2024-12-23T05:33:10Z,66.0,Charge 6
2024-12-23T05:33:13Z,66.0,Charge 6
2024-12-23T05:33:16Z,66.0,Charge 6
2024-12-23T05:33:19Z,66.0,Charge 6
2024-12-23T05:33:20Z,67.0,Charge 6
2024-12-23T05:33:22Z,68.0,Charge 6
2024-12-23T05:33:24Z,67.0,Charge 6
2024-12-23T05:33:26Z,66.0,Charge 6
2024-12-23T05:33:28Z,64.0,Charge 6
2024-12-23T05:33:31Z,64.0,Charge 6
2024-12-23T05:33:32Z,63.0,Charge 6
2024-12-23T05:33:34Z,62.0,Charge 6
2024-12-23T05:33:37Z,62.0,Charge 6
2024-12-23T05:33:40Z,62.0,Charge 6
2024-12-23T05:33:41Z,63.0,Charge 6
2024-12-23T05:33:43Z,64.0,Charge 6
2024-12-23T05:33:46Z,64.0,Charge 6
2024-12-23T05:33:49Z,64.0,Charge 6
2024-12-23T05:33:52Z,64.0,Charge 6
2024-12-23T05:33:55Z,64.0,Charge 6
2024-12-23T05:33:58Z,64.0,Charge 6
2024-12-23T05:33:59Z,63.0,Charge 6
2024-12-23T05:34:01Z,62.0,Charge 6
2024-12-23T05:34:04Z,62.0,Charge 6
2024-12-23T05:34:07Z,62.0,Charge 6
2024-12-23T05:34:08Z,63.0,Charge 6
2024-12-23T05:34:10Z,64.0,Charge 6
2024-12-23T05:34:12Z,63.0,Charge 6
2024-12-23T05:34:15Z,63.0,Charge 6
2024-12-23T05:34:18Z,62.0,Charge 6
2024-12-23T05:34:21Z,62.0,Charge 6
2024-12-23T05:34:22Z,63.0,Charge 6
2024-12-23T05:34:24Z,64.0,Charge 6
2024-12-23T05:34:27Z,64.0,Charge 6
2024-12-23T05:34:30Z,64.0,Charge 6
2024-12-23T05:34:33Z,64.0,Charge 6
2024-12-23T05:34:36Z,64.0,Charge 6
2024-12-23T05:34:39Z,65.0,Charge 6
2024-12-23T05:34:41Z,66.0,Charge 6
2024-12-23T05:34:44Z,66.0,Charge 6
2024-12-23T05:34:45Z,67.0,Charge 6
2024-12-23T05:34:48Z,67.0,Charge 6
2024-12-23T05:34:50Z,66.0,Charge 6
2024-12-23T05:34:52Z,67.0,Charge 6
2024-12-23T05:34:54Z,68.0,Charge 6
2024-12-23T05:34:57Z,68.0,Charge 6
2024-12-23T05:34:58Z,67.0,Charge 6
2024-12-23T05:35:00Z,66.0,Charge 6
2024-12-23T05:35:03Z,66.0,Charge 6
2024-12-23T05:35:04Z,67.0,Charge 6
2024-12-23T05:35:06Z,68.0,Charge 6
2024-12-23T05:35:08Z,69.0,Charge 6
2024-12-23T05:35:10Z,72.0,Charge 6
2024-12-23T05:35:12Z,74.0,Charge 6
2024-12-23T05:35:13Z,75.0,Charge 6
2024-12-23T05:35:15Z,76.0,Charge 6
2024-12-23T05:35:17Z,78.0,Charge 6
2024-12-23T05:35:19Z,79.0,Charge 6
2024-12-23T05:35:21Z,80.0,Charge 6
2024-12-23T05:35:23Z,83.0,Charge 6
2024-12-23T05:35:25Z,86.0,Charge 6
2024-12-23T05:35:27Z,85.0,Charge 6
2024-12-23T05:35:29Z,84.0,Charge 6
2024-12-23T05:35:32Z,84.0,Charge 6
2024-12-23T05:35:33Z,77.0,Charge 6
2024-12-23T05:35:36Z,77.0,Charge 6
2024-12-23T05:35:37Z,76.0,Charge 6
2024-12-23T05:35:40Z,76.0,Charge 6
2024-12-23T05:35:42Z,75.0,Charge 6
2024-12-23T05:35:44Z,74.0,Charge 6
2024-12-23T05:35:46Z,73.0,Charge 6
2024-12-23T05:35:48Z,71.0,Charge 6
2024-12-23T05:35:50Z,70.0,Charge 6
2024-12-23T05:35:52Z,68.0,Charge 6
2024-12-23T05:35:54Z,67.0,Charge 6
2024-12-23T05:35:57Z,67.0,Charge 6
2024-12-23T05:35:58Z,66.0,Charge 6
2024-12-23T05:36:01Z,65.0,Charge 6
2024-12-23T05:36:03Z,64.0,Charge 6
2024-12-23T05:36:05Z,63.0,Charge 6
2024-12-23T05:36:08Z,63.0,Charge 6
2024-12-23T05:36:09Z,64.0,Charge 6
2024-12-23T05:36:11Z,62.0,Charge 6
2024-12-23T05:36:14Z,62.0,Charge 6
2024-12-23T05:36:17Z,61.0,Charge 6
2024-12-23T05:36:19Z,61.0,Charge 6
2024-12-23T05:36:22Z,61.0,Charge 6
2024-12-23T05:36:23Z,62.0,Charge 6
2024-12-23T05:36:26Z,62.0,Charge 6
2024-12-23T05:36:29Z,62.0,Charge 6
2024-12-23T05:36:32Z,63.0,Charge 6
2024-12-23T05:36:35Z,63.0,Charge 6
2024-12-23T05:36:38Z,63.0,Charge 6
2024-12-23T05:36:41Z,63.0,Charge 6
2024-12-23T05:36:42Z,62.0,Charge 6
2024-12-23T05:36:44Z,63.0,Charge 6
2024-12-23T05:36:47Z,63.0,Charge 6
2024-12-23T05:36:50Z,63.0,Charge 6
2024-12-23T05:36:53Z,64.0,Charge 6
2024-12-23T05:36:56Z,64.0,Charge 6
2024-12-23T05:36:59Z,64.0,Charge 6
2024-12-23T05:37:01Z,65.0,Charge 6
2024-12-23T05:37:03Z,66.0,Charge 6
2024-12-23T05:37:06Z,66.0,Charge 6
2024-12-23T05:37:09Z,66.0,Charge 6
2024-12-23T05:37:11Z,67.0,Charge 6
2024-12-23T05:37:13Z,68.0,Charge 6
2024-12-23T05:37:16Z,68.0,Charge 6
2024-12-23T05:37:19Z,68.0,Charge 6
2024-12-23T05:37:22Z,68.0,Charge 6
2024-12-23T05:37:24Z,69.0,Charge 6
2024-12-23T05:37:26Z,70.0,Charge 6
2024-12-23T05:37:28Z,70.0,Charge 6
2024-12-23T05:37:31Z,70.0,Charge 6
2024-12-23T05:37:34Z,69.0,Charge 6
2024-12-23T05:37:37Z,69.0,Charge 6
2024-12-23T05:37:39Z,68.0,Charge 6
2024-12-23T05:37:42Z,68.0,Charge 6
2024-12-23T05:37:45Z,68.0,Charge 6
2024-12-23T05:37:47Z,67.0,Charge 6
2024-12-23T05:37:50Z,67.0,Charge 6
2024-12-23T05:37:51Z,66.0,Charge 6
2024-12-23T05:37:54Z,66.0,Charge 6
2024-12-23T05:37:57Z,66.0,Charge 6
2024-12-23T05:38:00Z,66.0,Charge 6
2024-12-23T05:38:02Z,65.0,Charge 6
2024-12-23T05:38:05Z,65.0,Charge 6
2024-12-23T05:38:06Z,64.0,Charge 6
2024-12-23T05:38:09Z,64.0,Charge 6
2024-12-23T05:38:12Z,64.0,Charge 6
2024-12-23T05:38:14Z,65.0,Charge 6
2024-12-23T05:38:17Z,65.0,Charge 6
2024-12-23T05:38:20Z,64.0,Charge 6
2024-12-23T05:38:23Z,64.0,Charge 6
2024-12-23T05:38:26Z,64.0,Charge 6
2024-12-23T05:38:29Z,64.0,Charge 6
2024-12-23T05:38:32Z,64.0,Charge 6
2024-12-23T05:38:35Z,64.0,Charge 6
2024-12-23T05:38:38Z,64.0,Charge 6
2024-12-23T05:38:39Z,64.0,Charge 6
2024-12-23T05:38:42Z,64.0,Charge 6
2024-12-23T05:38:45Z,64.0,Charge 6
2024-12-23T05:38:48Z,64.0,Charge 6
2024-12-23T05:38:51Z,64.0,Charge 6
2024-12-23T05:38:54Z,64.0,Charge 6
2024-12-23T05:38:57Z,64.0,Charge 6
2024-12-23T05:39:00Z,64.0,Charge 6
2024-12-23T05:39:03Z,64.0,Charge 6
2024-12-23T05:39:06Z,65.0,Charge 6
2024-12-23T05:39:09Z,65.0,Charge 6
2024-12-23T05:39:10Z,66.0,Charge 6
2024-12-23T05:39:13Z,66.0,Charge 6
2024-12-23T05:39:16Z,66.0,Charge 6
2024-12-23T05:39:19Z,66.0,Charge 6
2024-12-23T05:39:22Z,66.0,Charge 6
2024-12-23T05:39:24Z,68.0,Charge 6
2024-12-23T05:39:26Z,69.0,Charge 6
2024-12-23T05:39:28Z,70.0,Charge 6
2024-12-23T05:39:30Z,68.0,Charge 6
2024-12-23T05:39:31Z,67.0,Charge 6
2024-12-23T05:39:33Z,66.0,Charge 6
2024-12-23T05:39:35Z,64.0,Charge 6
2024-12-23T05:39:37Z,63.0,Charge 6
2024-12-23T05:39:40Z,63.0,Charge 6
2024-12-23T05:39:43Z,64.0,Charge 6
2024-12-23T05:39:45Z,63.0,Charge 6
2024-12-23T05:39:47Z,62.0,Charge 6
2024-12-23T05:39:50Z,62.0,Charge 6
2024-12-23T05:39:51Z,63.0,Charge 6
2024-12-23T05:39:54Z,64.0,Charge 6
2024-12-23T05:39:57Z,64.0,Charge 6
2024-12-23T05:40:00Z,64.0,Charge 6
2024-12-23T05:40:03Z,64.0,Charge 6
2024-12-23T05:40:06Z,63.0,Charge 6
2024-12-23T05:40:08Z,62.0,Charge 6
2024-12-23T05:40:11Z,62.0,Charge 6
2024-12-23T05:40:12Z,63.0,Charge 6
2024-12-23T05:40:15Z,63.0,Charge 6
2024-12-23T05:40:18Z,64.0,Charge 6
2024-12-23T05:40:21Z,64.0,Charge 6
2024-12-23T05:40:24Z,64.0,Charge 6
2024-12-23T05:40:27Z,64.0,Charge 6
2024-12-23T05:40:30Z,64.0,Charge 6
2024-12-23T05:40:33Z,64.0,Charge 6
2024-12-23T05:40:36Z,64.0,Charge 6
2024-12-23T05:40:39Z,64.0,Charge 6
2024-12-23T05:40:42Z,64.0,Charge 6
2024-12-23T05:40:45Z,64.0,Charge 6
2024-12-23T05:40:48Z,64.0,Charge 6
2024-12-23T05:40:50Z,65.0,Charge 6
2024-12-23T05:40:52Z,66.0,Charge 6
2024-12-23T05:40:54Z,68.0,Charge 6
2024-12-23T05:40:56Z,69.0,Charge 6
2024-12-23T05:40:58Z,70.0,Charge 6
2024-12-23T05:41:00Z,71.0,Charge 6
2024-12-23T05:41:02Z,73.0,Charge 6
2024-12-23T05:41:05Z,73.0,Charge 6
2024-12-23T05:41:06Z,74.0,Charge 6
2024-12-23T05:41:09Z,74.0,Charge 6
2024-12-23T05:41:11Z,72.0,Charge 6
2024-12-23T05:41:13Z,71.0,Charge 6
2024-12-23T05:41:15Z,70.0,Charge 6
2024-12-23T05:41:18Z,70.0,Charge 6
2024-12-23T05:41:19Z,68.0,Charge 6
2024-12-23T05:41:21Z,67.0,Charge 6
2024-12-23T05:41:23Z,66.0,Charge 6
2024-12-23T05:41:25Z,64.0,Charge 6
2024-12-23T05:41:28Z,64.0,Charge 6
2024-12-23T05:41:30Z,65.0,Charge 6
2024-12-23T05:41:33Z,65.0,Charge 6
2024-12-23T05:41:34Z,64.0,Charge 6
2024-12-23T05:41:37Z,64.0,Charge 6
2024-12-23T05:41:40Z,64.0,Charge 6
2024-12-23T05:41:43Z,64.0,Charge 6
2024-12-23T05:41:46Z,64.0,Charge 6
2024-12-23T05:41:49Z,64.0,Charge 6
2024-12-23T05:41:50Z,63.0,Charge 6
2024-12-23T05:41:53Z,63.0,Charge 6
2024-12-23T05:41:54Z,62.0,Charge 6
2024-12-23T05:41:57Z,62.0,Charge 6
2024-12-23T05:41:59Z,63.0,Charge 6
2024-12-23T05:42:01Z,64.0,Charge 6
2024-12-23T05:42:04Z,64.0,Charge 6
2024-12-23T05:42:07Z,64.0,Charge 6
2024-12-23T05:42:10Z,64.0,Charge 6
2024-12-23T05:42:13Z,64.0,Charge 6
2024-12-23T05:42:16Z,64.0,Charge 6
2024-12-23T05:42:19Z,64.0,Charge 6
2024-12-23T05:42:22Z,64.0,Charge 6
2024-12-23T05:42:25Z,64.0,Charge 6
2024-12-23T05:42:28Z,66.0,Charge 6
2024-12-23T05:42:31Z,66.0,Charge 6
2024-12-23T05:42:34Z,66.0,Charge 6
2024-12-23T05:42:37Z,66.0,Charge 6
2024-12-23T05:42:38Z,65.0,Charge 6
2024-12-23T05:42:40Z,66.0,Charge 6
2024-12-23T05:42:43Z,67.0,Charge 6
2024-12-23T05:42:45Z,68.0,Charge 6
2024-12-23T05:42:48Z,68.0,Charge 6
2024-12-23T05:42:51Z,68.0,Charge 6
2024-12-23T05:42:54Z,68.0,Charge 6
2024-12-23T05:42:57Z,68.0,Charge 6
2024-12-23T05:43:00Z,68.0,Charge 6
2024-12-23T05:43:03Z,68.0,Charge 6
2024-12-23T05:43:06Z,68.0,Charge 6
2024-12-23T05:43:09Z,68.0,Charge 6
2024-12-23T05:43:12Z,68.0,Charge 6
2024-12-23T05:43:14Z,67.0,Charge 6
2024-12-23T05:43:16Z,66.0,Charge 6
2024-12-23T05:43:19Z,66.0,Charge 6
2024-12-23T05:43:22Z,65.0,Charge 6
2024-12-23T05:43:25Z,65.0,Charge 6
2024-12-23T05:43:28Z,65.0,Charge 6
2024-12-23T05:43:30Z,64.0,Charge 6
2024-12-23T05:43:33Z,64.0,Charge 6
2024-12-23T05:43:36Z,64.0,Charge 6
2024-12-23T05:43:39Z,64.0,Charge 6
2024-12-23T05:43:42Z,64.0,Charge 6
2024-12-23T05:43:45Z,64.0,Charge 6
2024-12-23T05:43:48Z,64.0,Charge 6
2024-12-23T05:43:51Z,64.0,Charge 6
2024-12-23T05:43:53Z,63.0,Charge 6
2024-12-23T05:43:56Z,62.0,Charge 6
2024-12-23T05:43:59Z,62.0,Charge 6
2024-12-23T05:44:00Z,63.0,Charge 6
2024-12-23T05:44:02Z,64.0,Charge 6
2024-12-23T05:44:04Z,63.0,Charge 6
2024-12-23T05:44:07Z,63.0,Charge 6
2024-12-23T05:44:08Z,62.0,Charge 6
2024-12-23T05:44:11Z,62.0,Charge 6
2024-12-23T05:44:14Z,62.0,Charge 6
2024-12-23T05:44:17Z,62.0,Charge 6
2024-12-23T05:44:18Z,61.0,Charge 6
2024-12-23T05:44:19Z,60.0,Charge 6
2024-12-23T05:44:21Z,60.0,Charge 6
2024-12-23T05:44:24Z,60.0,Charge 6
2024-12-23T05:44:25Z,61.0,Charge 6
2024-12-23T05:44:27Z,62.0,Charge 6
2024-12-23T05:44:30Z,62.0,Charge 6
2024-12-23T05:44:33Z,62.0,Charge 6
2024-12-23T05:44:36Z,62.0,Charge 6
2024-12-23T05:44:39Z,62.0,Charge 6
2024-12-23T05:44:42Z,62.0,Charge 6
2024-12-23T05:44:45Z,62.0,Charge 6
2024-12-23T05:44:48Z,62.0,Charge 6
2024-12-23T05:44:50Z,64.0,Charge 6
2024-12-23T05:44:53Z,64.0,Charge 6
2024-12-23T05:44:56Z,66.0,Charge 6
2024-12-23T05:44:59Z,66.0,Charge 6
2024-12-23T05:45:02Z,66.0,Charge 6
2024-12-23T05:45:05Z,66.0,Charge 6
2024-12-23T05:45:07Z,65.0,Charge 6
2024-12-23T05:45:09Z,64.0,Charge 6
2024-12-23T05:45:12Z,64.0,Charge 6
2024-12-23T05:45:15Z,64.0,Charge 6
2024-12-23T05:45:18Z,64.0,Charge 6
2024-12-23T05:45:21Z,64.0,Charge 6
2024-12-23T05:45:24Z,64.0,Charge 6
2024-12-23T05:45:27Z,64.0,Charge 6
2024-12-23T05:45:30Z,64.0,Charge 6
2024-12-23T05:45:33Z,64.0,Charge 6
2024-12-23T05:45:34Z,64.0,Charge 6
2024-12-23T05:45:37Z,64.0,Charge 6
2024-12-23T05:45:40Z,64.0,Charge 6
2024-12-23T05:45:43Z,64.0,Charge 6
2024-12-23T05:45:46Z,64.0,Charge 6
2024-12-23T05:45:48Z,63.0,Charge 6
2024-12-23T05:45:50Z,62.0,Charge 6
2024-12-23T05:45:53Z,62.0,Charge 6
2024-12-23T05:45:55Z,63.0,Charge 6
2024-12-23T05:45:57Z,62.0,Charge 6
2024-12-23T05:46:00Z,62.0,Charge 6
2024-12-23T05:46:03Z,63.0,Charge 6
2024-12-23T05:46:06Z,63.0,Charge 6
2024-12-23T05:46:09Z,64.0,Charge 6
2024-12-23T05:46:12Z,64.0,Charge 6
2024-12-23T05:46:15Z,64.0,Charge 6
2024-12-23T05:46:18Z,64.0,Charge 6
2024-12-23T05:46:21Z,64.0,Charge 6
2024-12-23T05:46:24Z,64.0,Charge 6
2024-12-23T05:46:26Z,65.0,Charge 6
2024-12-23T05:46:28Z,66.0,Charge 6
2024-12-23T05:46:31Z,66.0,Charge 6
2024-12-23T05:46:34Z,64.0,Charge 6
2024-12-23T05:46:37Z,64.0,Charge 6
2024-12-23T05:46:38Z,63.0,Charge 6
2024-12-23T05:46:40Z,64.0,Charge 6
2024-12-23T05:46:43Z,66.0,Charge 6
2024-12-23T05:46:45Z,67.0,Charge 6
2024-12-23T05:46:47Z,68.0,Charge 6
2024-12-23T05:46:50Z,68.0,Charge 6
2024-12-23T05:46:51Z,67.0,Charge 6
2024-12-23T05:46:53Z,65.0,Charge 6
2024-12-23T05:46:55Z,63.0,Charge 6
2024-12-23T05:46:57Z,62.0,Charge 6
2024-12-23T05:46:59Z,61.0,Charge 6
2024-12-23T05:47:01Z,60.0,Charge 6
2024-12-23T05:47:03Z,62.0,Charge 6
2024-12-23T05:47:06Z,63.0,Charge 6
2024-12-23T05:47:08Z,64.0,Charge 6
2024-12-23T05:47:10Z,65.0,Charge 6
2024-12-23T05:47:12Z,66.0,Charge 6
2024-12-23T05:47:14Z,67.0,Charge 6
2024-12-23T05:47:16Z,66.0,Charge 6
2024-12-23T05:47:19Z,66.0,Charge 6
2024-12-23T05:47:22Z,66.0,Charge 6
2024-12-23T05:47:24Z,67.0,Charge 6
2024-12-23T05:47:27Z,67.0,Charge 6
2024-12-23T05:47:30Z,68.0,Charge 6
2024-12-23T05:47:33Z,68.0,Charge 6
2024-12-23T05:47:36Z,68.0,Charge 6
2024-12-23T05:47:37Z,67.0,Charge 6
2024-12-23T05:47:40Z,67.0,Charge 6
2024-12-23T05:47:43Z,67.0,Charge 6
2024-12-23T05:47:46Z,67.0,Charge 6
2024-12-23T05:47:47Z,67.0,Charge 6
2024-12-23T05:47:49Z,66.0,Charge 6
2024-12-23T05:47:52Z,66.0,Charge 6
2024-12-23T05:47:55Z,66.0,Charge 6
2024-12-23T05:47:58Z,66.0,Charge 6
2024-12-23T05:48:01Z,66.0,Charge 6
2024-12-23T05:48:04Z,66.0,Charge 6
2024-12-23T05:48:06Z,65.0,Charge 6
2024-12-23T05:48:08Z,64.0,Charge 6
2024-12-23T05:48:11Z,64.0,Charge 6
2024-12-23T05:48:14Z,64.0,Charge 6
2024-12-23T05:48:17Z,64.0,Charge 6
2024-12-23T05:48:20Z,64.0,Charge 6
2024-12-23T05:48:23Z,64.0,Charge 6
2024-12-23T05:48:26Z,64.0,Charge 6
2024-12-23T05:48:27Z,64.0,Charge 6
2024-12-23T05:48:29Z,66.0,Charge 6
2024-12-23T05:48:31Z,67.0,Charge 6
2024-12-23T05:48:33Z,68.0,Charge 6
2024-12-23T05:48:35Z,70.0,Charge 6
2024-12-23T05:48:37Z,71.0,Charge 6
2024-12-23T05:48:39Z,72.0,Charge 6
2024-12-23T05:48:41Z,73.0,Charge 6
2024-12-23T05:48:42Z,73.0,Charge 6
2024-12-23T05:48:45Z,73.0,Charge 6
2024-12-23T05:48:46Z,71.0,Charge 6
2024-12-23T05:48:48Z,70.0,Charge 6
2024-12-23T05:48:50Z,70.0,Charge 6
2024-12-23T05:48:52Z,68.0,Charge 6
2024-12-23T05:48:54Z,67.0,Charge 6
2024-12-23T05:48:56Z,66.0,Charge 6
2024-12-23T05:48:58Z,64.0,Charge 6
2024-12-23T05:49:01Z,64.0,Charge 6
2024-12-23T05:49:02Z,63.0,Charge 6
2024-12-23T05:49:04Z,62.0,Charge 6
2024-12-23T05:49:07Z,62.0,Charge 6
2024-12-23T05:49:10Z,62.0,Charge 6
2024-12-23T05:49:13Z,62.0,Charge 6
2024-12-23T05:49:16Z,62.0,Charge 6
2024-12-23T05:49:19Z,62.0,Charge 6
2024-12-23T05:49:22Z,62.0,Charge 6
2024-12-23T05:49:25Z,61.0,Charge 6
2024-12-23T05:49:27Z,60.0,Charge 6
2024-12-23T05:49:30Z,61.0,Charge 6
2024-12-23T05:49:32Z,62.0,Charge 6
2024-12-23T05:49:35Z,62.0,Charge 6
2024-12-23T05:49:36Z,63.0,Charge 6
2024-12-23T05:49:39Z,63.0,Charge 6
2024-12-23T05:49:42Z,62.0,Charge 6
2024-12-23T05:49:45Z,62.0,Charge 6
2024-12-23T05:49:48Z,62.0,Charge 6
2024-12-23T05:49:50Z,63.0,Charge 6
2024-12-23T05:49:52Z,64.0,Charge 6
2024-12-23T05:49:55Z,64.0,Charge 6
2024-12-23T05:49:57Z,64.0,Charge 6
2024-12-23T05:49:59Z,65.0,Charge 6
2024-12-23T05:50:01Z,65.0,Charge 6
2024-12-23T05:50:03Z,64.0,Charge 6
2024-12-23T05:50:06Z,64.0,Charge 6
2024-12-23T05:50:07Z,63.0,Charge 6
2024-12-23T05:50:09Z,62.0,Charge 6
2024-12-23T05:50:12Z,62.0,Charge 6
2024-12-23T05:50:15Z,62.0,Charge 6
2024-12-23T05:50:17Z,61.0,Charge 6
2024-12-23T05:50:18Z,62.0,Charge 6
2024-12-23T05:50:21Z,62.0,Charge 6
2024-12-23T05:50:24Z,62.0,Charge 6
2024-12-23T05:50:27Z,62.0,Charge 6
2024-12-23T05:50:28Z,63.0,Charge 6
2024-12-23T05:50:30Z,64.0,Charge 6
2024-12-23T05:50:32Z,65.0,Charge 6
2024-12-23T05:50:34Z,66.0,Charge 6
2024-12-23T05:50:37Z,66.0,Charge 6
2024-12-23T05:50:38Z,67.0,Charge 6
2024-12-23T05:50:41Z,67.0,Charge 6
2024-12-23T05:50:44Z,67.0,Charge 6
2024-12-23T05:50:45Z,68.0,Charge 6
2024-12-23T05:50:48Z,68.0,Charge 6
2024-12-23T05:50:49Z,69.0,Charge 6
2024-12-23T05:50:52Z,69.0,Charge 6
2024-12-23T05:50:53Z,68.0,Charge 6
2024-12-23T05:50:55Z,68.0,Charge 6
2024-12-23T05:50:57Z,66.0,Charge 6
2024-12-23T05:51:00Z,66.0,Charge 6
2024-12-23T05:51:03Z,66.0,Charge 6
2024-12-23T05:51:05Z,67.0,Charge 6
2024-12-23T05:51:08Z,67.0,Charge 6
2024-12-23T05:51:10Z,66.0,Charge 6
2024-12-23T05:51:13Z,66.0,Charge 6
2024-12-23T05:51:16Z,66.0,Charge 6
2024-12-23T05:51:19Z,66.0,Charge 6
2024-12-23T05:51:20Z,65.0,Charge 6
2024-12-23T05:51:22Z,64.0,Charge 6
2024-12-23T05:51:24Z,65.0,Charge 6
2024-12-23T05:51:26Z,66.0,Charge 6
2024-12-23T05:51:29Z,66.0,Charge 6
2024-12-23T05:51:32Z,66.0,Charge 6
2024-12-23T05:51:33Z,65.0,Charge 6
2024-12-23T05:51:35Z,64.0,Charge 6
2024-12-23T05:51:38Z,64.0,Charge 6
2024-12-23T05:51:41Z,65.0,Charge 6
2024-12-23T05:51:44Z,65.0,Charge 6
2024-12-23T05:51:47Z,64.0,Charge 6
2024-12-23T05:51:50Z,64.0,Charge 6
2024-12-23T05:51:53Z,64.0,Charge 6
2024-12-23T05:51:56Z,64.0,Charge 6
2024-12-23T05:51:58Z,65.0,Charge 6
2024-12-23T05:52:00Z,66.0,Charge 6
2024-12-23T05:52:02Z,66.0,Charge 6
2024-12-23T05:52:04Z,68.0,Charge 6
2024-12-23T05:52:07Z,68.0,Charge 6
2024-12-23T05:52:10Z,67.0,Charge 6
2024-12-23T05:52:12Z,66.0,Charge 6
2024-12-23T05:52:15Z,66.0,Charge 6
2024-12-23T05:52:18Z,67.0,Charge 6
2024-12-23T05:52:19Z,68.0,Charge 6
2024-12-23T05:52:22Z,68.0,Charge 6
2024-12-23T05:52:25Z,68.0,Charge 6
2024-12-23T05:52:27Z,67.0,Charge 6
2024-12-23T05:52:30Z,67.0,Charge 6
2024-12-23T05:52:33Z,66.0,Charge 6
2024-12-23T05:52:36Z,66.0,Charge 6
2024-12-23T05:52:37Z,65.0,Charge 6
2024-12-23T05:52:39Z,64.0,Charge 6
2024-12-23T05:52:42Z,64.0,Charge 6
2024-12-23T05:52:45Z,64.0,Charge 6
2024-12-23T05:52:48Z,64.0,Charge 6
2024-12-23T05:52:51Z,64.0,Charge 6
2024-12-23T05:52:52Z,63.0,Charge 6
2024-12-23T05:52:55Z,63.0,Charge 6
2024-12-23T05:52:58Z,63.0,Charge 6
2024-12-23T05:53:01Z,63.0,Charge 6
2024-12-23T05:53:02Z,62.0,Charge 6
2024-12-23T05:53:05Z,62.0,Charge 6
2024-12-23T05:53:08Z,62.0,Charge 6
2024-12-23T05:53:09Z,62.0,Charge 6
2024-12-23T05:53:12Z,62.0,Charge 6
2024-12-23T05:53:15Z,62.0,Charge 6
2024-12-23T05:53:18Z,62.0,Charge 6
2024-12-23T05:53:21Z,62.0,Charge 6
2024-12-23T05:53:24Z,62.0,Charge 6
2024-12-23T05:53:27Z,62.0,Charge 6
2024-12-23T05:53:29Z,64.0,Charge 6
2024-12-23T05:53:32Z,64.0,Charge 6
2024-12-23T05:53:34Z,65.0,Charge 6
2024-12-23T05:53:36Z,66.0,Charge 6
2024-12-23T05:53:39Z,66.0,Charge 6
2024-12-23T05:53:42Z,67.0,Charge 6
2024-12-23T05:53:45Z,67.0,Charge 6
2024-12-23T05:53:48Z,66.0,Charge 6
2024-12-23T05:53:51Z,66.0,Charge 6
2024-12-23T05:53:54Z,65.0,Charge 6
2024-12-23T05:53:55Z,64.0,Charge 6
2024-12-23T05:53:58Z,64.0,Charge 6
2024-12-23T05:54:01Z,64.0,Charge 6
2024-12-23T05:54:03Z,65.0,Charge 6
2024-12-23T05:54:05Z,65.0,Charge 6
2024-12-23T05:54:07Z,64.0,Charge 6
2024-12-23T05:54:10Z,64.0,Charge 6
2024-12-23T05:54:11Z,64.0,Charge 6
2024-12-23T05:54:14Z,64.0,Charge 6
2024-12-23T05:54:17Z,64.0,Charge 6
2024-12-23T05:54:18Z,64.0,Charge 6
2024-12-23T05:54:21Z,64.0,Charge 6
2024-12-23T05:54:24Z,63.0,Charge 6
2024-12-23T05:54:27Z,63.0,Charge 6
2024-12-23T05:54:30Z,63.0,Charge 6
2024-12-23T05:54:33Z,63.0,Charge 6
2024-12-23T05:54:36Z,63.0,Charge 6
2024-12-23T05:54:39Z,63.0,Charge 6
2024-12-23T05:54:40Z,64.0,Charge 6
2024-12-23T05:54:43Z,64.0,Charge 6
2024-12-23T05:54:46Z,64.0,Charge 6
2024-12-23T05:54:49Z,64.0,Charge 6
2024-12-23T05:54:52Z,64.0,Charge 6
2024-12-23T05:54:55Z,64.0,Charge 6
2024-12-23T05:54:58Z,64.0,Charge 6
2024-12-23T05:55:01Z,64.0,Charge 6
2024-12-23T05:55:04Z,64.0,Charge 6
2024-12-23T05:55:07Z,64.0,Charge 6
2024-12-23T05:55:10Z,64.0,Charge 6
2024-12-23T05:55:12Z,65.0,Charge 6
2024-12-23T05:55:15Z,65.0,Charge 6
2024-12-23T05:55:18Z,64.0,Charge 6
2024-12-23T05:55:21Z,64.0,Charge 6
2024-12-23T05:55:24Z,64.0,Charge 6
2024-12-23T05:55:27Z,64.0,Charge 6
2024-12-23T05:55:30Z,64.0,Charge 6
2024-12-23T05:55:33Z,64.0,Charge 6
2024-12-23T05:55:35Z,63.0,Charge 6
2024-12-23T05:55:38Z,63.0,Charge 6
2024-12-23T05:55:41Z,63.0,Charge 6
2024-12-23T05:55:43Z,64.0,Charge 6
2024-12-23T05:55:46Z,64.0,Charge 6
2024-12-23T05:55:49Z,64.0,Charge 6
2024-12-23T05:55:52Z,64.0,Charge 6
2024-12-23T05:55:55Z,64.0,Charge 6
2024-12-23T05:55:58Z,64.0,Charge 6
2024-12-23T05:56:01Z,64.0,Charge 6
2024-12-23T05:56:04Z,64.0,Charge 6
2024-12-23T05:56:07Z,64.0,Charge 6
2024-12-23T05:56:10Z,65.0,Charge 6
2024-12-23T05:56:13Z,65.0,Charge 6
2024-12-23T05:56:14Z,64.0,Charge 6
2024-12-23T05:56:17Z,64.0,Charge 6
2024-12-23T05:56:19Z,65.0,Charge 6
2024-12-23T05:56:21Z,66.0,Charge 6
2024-12-23T05:56:24Z,66.0,Charge 6
2024-12-23T05:56:25Z,64.0,Charge 6
2024-12-23T05:56:28Z,64.0,Charge 6
2024-12-23T05:56:29Z,63.0,Charge 6
2024-12-23T05:56:31Z,62.0,Charge 6
2024-12-23T05:56:34Z,62.0,Charge 6
2024-12-23T05:56:37Z,63.0,Charge 6
2024-12-23T05:56:40Z,63.0,Charge 6
2024-12-23T05:56:41Z,64.0,Charge 6
2024-12-23T05:56:42Z,64.0,Charge 6
2024-12-23T05:56:45Z,64.0,Charge 6
2024-12-23T05:56:46Z,65.0,Charge 6
2024-12-23T05:56:48Z,64.0,Charge 6
2024-12-23T05:56:51Z,64.0,Charge 6
2024-12-23T05:56:54Z,64.0,Charge 6
2024-12-23T05:56:57Z,64.0,Charge 6
2024-12-23T05:56:58Z,65.0,Charge 6
2024-12-23T05:57:00Z,64.0,Charge 6
2024-12-23T05:57:03Z,64.0,Charge 6
2024-12-23T05:57:06Z,63.0,Charge 6
2024-12-23T05:57:07Z,62.0,Charge 6
2024-12-23T05:57:10Z,62.0,Charge 6
2024-12-23T05:57:11Z,63.0,Charge 6
2024-12-23T05:57:14Z,63.0,Charge 6
2024-12-23T05:57:17Z,63.0,Charge 6
2024-12-23T05:57:19Z,62.0,Charge 6
2024-12-23T05:57:22Z,62.0,Charge 6
2024-12-23T05:57:25Z,62.0,Charge 6
2024-12-23T05:57:27Z,63.0,Charge 6
2024-12-23T05:57:30Z,63.0,Charge 6
2024-12-23T05:57:32Z,62.0,Charge 6
2024-12-23T05:57:35Z,62.0,Charge 6
2024-12-23T05:57:38Z,62.0,Charge 6
2024-12-23T05:57:40Z,63.0,Charge 6
2024-12-23T05:57:42Z,64.0,Charge 6
2024-12-23T05:57:45Z,64.0,Charge 6
2024-12-23T05:57:46Z,64.0,Charge 6
2024-12-23T05:57:49Z,64.0,Charge 6
2024-12-23T05:57:52Z,64.0,Charge 6
2024-12-23T05:57:55Z,64.0,Charge 6
2024-12-23T05:57:58Z,64.0,Charge 6
2024-12-23T05:58:01Z,64.0,Charge 6
2024-12-23T05:58:03Z,63.0,Charge 6
2024-12-23T05:58:06Z,63.0,Charge 6
2024-12-23T05:58:09Z,63.0,Charge 6
2024-12-23T05:58:11Z,64.0,Charge 6
2024-12-23T05:58:14Z,64.0,Charge 6
2024-12-23T05:58:17Z,64.0,Charge 6
2024-12-23T05:58:20Z,64.0,Charge 6
2024-12-23T05:58:23Z,64.0,Charge 6
2024-12-23T05:58:26Z,64.0,Charge 6
2024-12-23T05:58:29Z,64.0,Charge 6
2024-12-23T05:58:32Z,65.0,Charge 6
2024-12-23T05:58:34Z,66.0,Charge 6
2024-12-23T05:58:37Z,66.0,Charge 6
2024-12-23T05:58:38Z,68.0,Charge 6
2024-12-23T05:58:41Z,68.0,Charge 6
2024-12-23T05:58:43Z,69.0,Charge 6
2024-12-23T05:58:46Z,69.0,Charge 6
2024-12-23T05:58:47Z,68.0,Charge 6
2024-12-23T05:58:50Z,68.0,Charge 6
2024-12-23T05:58:53Z,67.0,Charge 6
2024-12-23T05:58:55Z,66.0,Charge 6
2024-12-23T05:58:57Z,67.0,Charge 6
2024-12-23T05:58:59Z,66.0,Charge 6
2024-12-23T05:59:02Z,66.0,Charge 6
2024-12-23T05:59:05Z,66.0,Charge 6
2024-12-23T05:59:08Z,66.0,Charge 6
2024-12-23T05:59:11Z,66.0,Charge 6
2024-12-23T05:59:14Z,66.0,Charge 6
2024-12-23T05:59:17Z,66.0,Charge 6
2024-12-23T05:59:20Z,66.0,Charge 6
2024-12-23T05:59:23Z,66.0,Charge 6
2024-12-23T05:59:24Z,65.0,Charge 6
2024-12-23T05:59:26Z,64.0,Charge 6
2024-12-23T05:59:29Z,64.0,Charge 6
2024-12-23T05:59:30Z,65.0,Charge 6
2024-12-23T05:59:31Z,64.0,Charge 6
2024-12-23T05:59:34Z,64.0,Charge 6
2024-12-23T05:59:35Z,63.0,Charge 6
2024-12-23T05:59:37Z,62.0,Charge 6
2024-12-23T05:59:39Z,60.0,Charge 6
2024-12-23T05:59:42Z,60.0,Charge 6
2024-12-23T05:59:43Z,61.0,Charge 6
2024-12-23T05:59:45Z,62.0,Charge 6
2024-12-23T05:59:48Z,62.0,Charge 6
2024-12-23T05:59:49Z,63.0,Charge 6
2024-12-23T05:59:51Z,64.0,Charge 6
2024-12-23T05:59:54Z,64.0,Charge 6
2024-12-23T05:59:57Z,64.0,Charge 6
2024-12-23T05:59:58Z,64.0,Charge 6
2024-12-23T06:00:01Z,64.0,Charge 6
2024-12-23T06:00:04Z,64.0,Charge 6
2024-12-23T06:00:07Z,64.0,Charge 6
2024-12-23T06:00:10Z,64.0,Charge 6
2024-12-23T06:00:13Z,64.0,Charge 6
2024-12-23T06:00:14Z,65.0,Charge 6
2024-12-23T06:00:17Z,65.0,Charge 6
2024-12-23T06:00:20Z,65.0,Charge 6
2024-12-23T06:00:21Z,64.0,Charge 6
2024-12-23T06:00:24Z,64.0,Charge 6
2024-12-23T06:00:25Z,65.0,Charge 6
2024-12-23T06:00:28Z,65.0,Charge 6
2024-12-23T06:00:31Z,65.0,Charge 6
2024-12-23T06:00:33Z,64.0,Charge 6
2024-12-23T06:00:36Z,64.0,Charge 6
2024-12-23T06:00:37Z,63.0,Charge 6
2024-12-23T06:00:40Z,63.0,Charge 6
2024-12-23T06:00:42Z,64.0,Charge 6
2024-12-23T06:00:45Z,64.0,Charge 6
2024-12-23T06:00:48Z,64.0,Charge 6
2024-12-23T06:00:51Z,64.0,Charge 6
2024-12-23T06:00:54Z,64.0,Charge 6
2024-12-23T06:00:57Z,64.0,Charge 6
2024-12-23T06:01:00Z,64.0,Charge 6
2024-12-23T06:01:03Z,64.0,Charge 6
2024-12-23T06:01:06Z,64.0,Charge 6
2024-12-23T06:01:07Z,64.0,Charge 6
2024-12-23T06:01:09Z,63.0,Charge 6
2024-12-23T06:01:12Z,63.0,Charge 6
2024-12-23T06:01:15Z,63.0,Charge 6
2024-12-23T06:01:17Z,64.0,Charge 6
2024-12-23T06:01:20Z,64.0,Charge 6
2024-12-23T06:01:23Z,64.0,Charge 6
2024-12-23T06:01:26Z,64.0,Charge 6
2024-12-23T06:01:29Z,64.0,Charge 6
2024-12-23T06:01:32Z,64.0,Charge 6
2024-12-23T06:01:35Z,64.0,Charge 6
2024-12-23T06:01:38Z,64.0,Charge 6
2024-12-23T06:01:41Z,64.0,Charge 6
2024-12-23T06:01:44Z,64.0,Charge 6
2024-12-23T06:01:47Z,64.0,Charge 6
2024-12-23T06:01:50Z,64.0,Charge 6
2024-12-23T06:01:53Z,64.0,Charge 6
2024-12-23T06:01:56Z,64.0,Charge 6
2024-12-23T06:01:59Z,64.0,Charge 6
2024-12-23T06:02:02Z,64.0,Charge 6
2024-12-23T06:02:05Z,64.0,Charge 6
2024-12-23T06:02:08Z,64.0,Charge 6
2024-12-23T06:02:11Z,64.0,Charge 6
2024-12-23T06:02:14Z,64.0,Charge 6
2024-12-23T06:02:15Z,65.0,Charge 6
2024-12-23T06:02:18Z,65.0,Charge 6
2024-12-23T06:02:21Z,65.0,Charge 6
2024-12-23T06:02:22Z,65.0,Charge 6
2024-12-23T06:02:24Z,64.0,Charge 6
2024-12-23T06:02:27Z,64.0,Charge 6
2024-12-23T06:02:30Z,64.0,Charge 6
2024-12-23T06:02:33Z,64.0,Charge 6
2024-12-23T06:02:36Z,64.0,Charge 6
2024-12-23T06:02:38Z,63.0,Charge 6
2024-12-23T06:02:40Z,63.0,Charge 6
2024-12-23T06:02:42Z,64.0,Charge 6
2024-12-23T06:02:43Z,66.0,Charge 6
2024-12-23T06:02:45Z,69.0,Charge 6
2024-12-23T06:02:48Z,69.0,Charge 6
2024-12-23T06:02:49Z,70.0,Charge 6
2024-12-23T06:02:51Z,73.0,Charge 6
2024-12-23T06:02:53Z,75.0,Charge 6
2024-12-23T06:02:55Z,77.0,Charge 6
2024-12-23T06:02:57Z,78.0,Charge 6
2024-12-23T06:02:59Z,77.0,Charge 6
2024-12-23T06:03:01Z,75.0,Charge 6
2024-12-23T06:03:03Z,74.0,Charge 6
2024-12-23T06:03:05Z,71.0,Charge 6
2024-12-23T06:03:06Z,70.0,Charge 6
2024-12-23T06:03:08Z,69.0,Charge 6
2024-12-23T06:03:11Z,69.0,Charge 6
2024-12-23T06:03:12Z,68.0,Charge 6
2024-12-23T06:03:14Z,67.0,Charge 6
2024-12-23T06:03:16Z,66.0,Charge 6
2024-12-23T06:03:18Z,65.0,Charge 6
2024-12-23T06:03:20Z,64.0,Charge 6
2024-12-23T06:03:23Z,64.0,Charge 6
2024-12-23T06:03:26Z,63.0,Charge 6
2024-12-23T06:03:28Z,62.0,Charge 6
2024-12-23T06:03:31Z,62.0,Charge 6
2024-12-23T06:03:33Z,63.0,Charge 6
2024-12-23T06:03:35Z,64.0,Charge 6
2024-12-23T06:03:38Z,64.0,Charge 6
2024-12-23T06:03:41Z,64.0,Charge 6
2024-12-23T06:03:44Z,64.0,Charge 6
2024-12-23T06:03:47Z,66.0,Charge 6
2024-12-23T06:03:50Z,66.0,Charge 6
2024-12-23T06:03:53Z,65.0,Charge 6
2024-12-23T06:03:56Z,64.0,Charge 6
2024-12-23T06:03:59Z,64.0,Charge 6
2024-12-23T06:04:02Z,64.0,Charge 6
2024-12-23T06:04:05Z,64.0,Charge 6
2024-12-23T06:04:08Z,64.0,Charge 6
2024-12-23T06:04:11Z,64.0,Charge 6
2024-12-23T06:04:14Z,64.0,Charge 6
2024-12-23T06:04:17Z,64.0,Charge 6
2024-12-23T06:04:20Z,64.0,Charge 6
2024-12-23T06:04:23Z,64.0,Charge 6
2024-12-23T06:04:26Z,64.0,Charge 6
2024-12-23T06:04:29Z,64.0,Charge 6
2024-12-23T06:04:32Z,64.0,Charge 6
2024-12-23T06:04:33Z,64.0,Charge 6
2024-12-23T06:04:36Z,64.0,Charge 6
2024-12-23T06:04:39Z,64.0,Charge 6
2024-12-23T06:04:42Z,64.0,Charge 6
2024-12-23T06:04:45Z,64.0,Charge 6
2024-12-23T06:04:48Z,64.0,Charge 6
2024-12-23T06:04:50Z,63.0,Charge 6
2024-12-23T06:04:53Z,63.0,Charge 6
2024-12-23T06:04:54Z,62.0,Charge 6
2024-12-23T06:04:56Z,61.0,Charge 6
2024-12-23T06:04:59Z,61.0,Charge 6
2024-12-23T06:05:02Z,62.0,Charge 6
2024-12-23T06:05:05Z,62.0,Charge 6
2024-12-23T06:05:06Z,63.0,Charge 6
2024-12-23T06:05:09Z,63.0,Charge 6
2024-12-23T06:05:12Z,63.0,Charge 6
2024-12-23T06:05:13Z,64.0,Charge 6
2024-12-23T06:05:16Z,64.0,Charge 6
2024-12-23T06:05:19Z,64.0,Charge 6
2024-12-23T06:05:22Z,64.0,Charge 6
2024-12-23T06:05:25Z,64.0,Charge 6
2024-12-23T06:05:28Z,64.0,Charge 6
2024-12-23T06:05:30Z,63.0,Charge 6
2024-12-23T06:05:33Z,63.0,Charge 6
2024-12-23T06:05:34Z,62.0,Charge 6
2024-12-23T06:05:37Z,62.0,Charge 6
2024-12-23T06:05:38Z,63.0,Charge 6
2024-12-23T06:05:40Z,63.0,Charge 6
2024-12-23T06:05:43Z,63.0,Charge 6
2024-12-23T06:05:46Z,62.0,Charge 6
2024-12-23T06:05:49Z,62.0,Charge 6
2024-12-23T06:05:52Z,62.0,Charge 6
2024-12-23T06:05:55Z,62.0,Charge 6
2024-12-23T06:05:58Z,62.0,Charge 6
2024-12-23T06:06:01Z,62.0,Charge 6
2024-12-23T06:06:04Z,62.0,Charge 6
2024-12-23T06:06:07Z,62.0,Charge 6
2024-12-23T06:06:10Z,62.0,Charge 6
2024-12-23T06:06:13Z,62.0,Charge 6
2024-12-23T06:06:16Z,62.0,Charge 6
2024-12-23T06:06:18Z,63.0,Charge 6
2024-12-23T06:06:20Z,64.0,Charge 6
2024-12-23T06:06:23Z,64.0,Charge 6
2024-12-23T06:06:26Z,65.0,Charge 6
2024-12-23T06:06:29Z,65.0,Charge 6
2024-12-23T06:06:32Z,65.0,Charge 6
2024-12-23T06:06:35Z,65.0,Charge 6
2024-12-23T06:06:38Z,65.0,Charge 6
2024-12-23T06:06:41Z,65.0,Charge 6
2024-12-23T06:06:42Z,66.0,Charge 6
2024-12-23T06:06:45Z,66.0,Charge 6
2024-12-23T06:06:48Z,66.0,Charge 6
2024-12-23T06:06:49Z,65.0,Charge 6
2024-12-23T06:06:52Z,65.0,Charge 6
2024-12-23T06:06:53Z,64.0,Charge 6
2024-12-23T06:06:56Z,64.0,Charge 6
2024-12-23T06:06:59Z,64.0,Charge 6
2024-12-23T06:07:02Z,64.0,Charge 6
2024-12-23T06:07:05Z,64.0,Charge 6
2024-12-23T06:07:08Z,64.0,Charge 6
2024-12-23T06:07:11Z,64.0,Charge 6
2024-12-23T06:07:14Z,64.0,Charge 6
2024-12-23T06:07:17Z,64.0,Charge 6
2024-12-23T06:07:20Z,64.0,Charge 6
2024-12-23T06:07:23Z,64.0,Charge 6
2024-12-23T06:07:24Z,65.0,Charge 6
2024-12-23T06:07:27Z,65.0,Charge 6
2024-12-23T06:07:28Z,64.0,Charge 6
2024-12-23T06:07:31Z,64.0,Charge 6
2024-12-23T06:07:33Z,63.0,Charge 6
2024-12-23T06:07:35Z,64.0,Charge 6
2024-12-23T06:07:38Z,64.0,Charge 6
2024-12-23T06:07:41Z,62.0,Charge 6
2024-12-23T06:07:44Z,62.0,Charge 6
2024-12-23T06:07:47Z,62.0,Charge 6
2024-12-23T06:07:50Z,62.0,Charge 6
2024-12-23T06:07:53Z,61.0,Charge 6
2024-12-23T06:07:56Z,61.0,Charge 6
2024-12-23T06:07:59Z,61.0,Charge 6
2024-12-23T06:08:00Z,62.0,Charge 6
2024-12-23T06:08:03Z,62.0,Charge 6
2024-12-23T06:08:04Z,62.0,Charge 6
2024-12-23T06:08:07Z,62.0,Charge 6
2024-12-23T06:08:10Z,62.0,Charge 6
2024-12-23T06:08:13Z,62.0,Charge 6
2024-12-23T06:08:16Z,62.0,Charge 6
2024-12-23T06:08:19Z,62.0,Charge 6
2024-12-23T06:08:22Z,62.0,Charge 6
2024-12-23T06:08:25Z,63.0,Charge 6
2024-12-23T06:08:27Z,64.0,Charge 6
2024-12-23T06:08:30Z,64.0,Charge 6
2024-12-23T06:08:33Z,64.0,Charge 6
2024-12-23T06:08:36Z,64.0,Charge 6
2024-12-23T06:08:39Z,64.0,Charge 6
2024-12-23T06:08:42Z,64.0,Charge 6
2024-12-23T06:08:45Z,64.0,Charge 6
2024-12-23T06:08:48Z,64.0,Charge 6
2024-12-23T06:08:51Z,64.0,Charge 6
2024-12-23T06:08:54Z,64.0,Charge 6
2024-12-23T06:08:57Z,64.0,Charge 6
2024-12-23T06:08:58Z,63.0,Charge 6
2024-12-23T06:09:01Z,63.0,Charge 6
2024-12-23T06:09:04Z,64.0,Charge 6
2024-12-23T06:09:07Z,64.0,Charge 6
2024-12-23T06:09:10Z,64.0,Charge 6
2024-12-23T06:09:13Z,64.0,Charge 6
2024-12-23T06:09:16Z,64.0,Charge 6
2024-12-23T06:09:17Z,63.0,Charge 6
2024-12-23T06:09:19Z,62.0,Charge 6
2024-12-23T06:09:22Z,62.0,Charge 6
2024-12-23T06:09:23Z,63.0,Charge 6
2024-12-23T06:09:25Z,62.0,Charge 6
2024-12-23T06:09:28Z,62.0,Charge 6
2024-12-23T06:09:31Z,62.0,Charge 6
2024-12-23T06:09:32Z,63.0,Charge 6
2024-12-23T06:09:35Z,63.0,Charge 6
2024-12-23T06:09:36Z,62.0,Charge 6
2024-12-23T06:09:39Z,62.0,Charge 6
2024-12-23T06:09:42Z,62.0,Charge 6
2024-12-23T06:09:45Z,62.0,Charge 6
2024-12-23T06:09:48Z,62.0,Charge 6
2024-12-23T06:09:51Z,62.0,Charge 6
2024-12-23T06:09:54Z,62.0,Charge 6
2024-12-23T06:09:57Z,62.0,Charge 6
2024-12-23T06:10:00Z,62.0,Charge 6
2024-12-23T06:10:03Z,62.0,Charge 6
2024-12-23T06:10:06Z,62.0,Charge 6
2024-12-23T06:10:09Z,62.0,Charge 6
2024-12-23T06:10:12Z,62.0,Charge 6
2024-12-23T06:10:15Z,63.0,Charge 6
2024-12-23T06:10:17Z,64.0,Charge 6
2024-12-23T06:10:20Z,64.0,Charge 6
2024-12-23T06:10:23Z,64.0,Charge 6
2024-12-23T06:10:26Z,64.0,Charge 6
2024-12-23T06:10:29Z,64.0,Charge 6
2024-12-23T06:10:31Z,64.0,Charge 6
2024-12-23T06:10:34Z,64.0,Charge 6
2024-12-23T06:10:37Z,64.0,Charge 6
2024-12-23T06:10:40Z,64.0,Charge 6
2024-12-23T06:10:43Z,64.0,Charge 6
2024-12-23T06:10:46Z,64.0,Charge 6
2024-12-23T06:10:49Z,64.0,Charge 6
2024-12-23T06:10:52Z,64.0,Charge 6
2024-12-23T06:10:55Z,64.0,Charge 6
2024-12-23T06:10:56Z,63.0,Charge 6
2024-12-23T06:10:59Z,63.0,Charge 6
2024-12-23T06:11:01Z,64.0,Charge 6
2024-12-23T06:11:04Z,64.0,Charge 6
2024-12-23T06:11:07Z,64.0,Charge 6
2024-12-23T06:11:10Z,64.0,Charge 6
2024-12-23T06:11:13Z,64.0,Charge 6
2024-12-23T06:11:16Z,64.0,Charge 6
2024-12-23T06:11:17Z,66.0,Charge 6
2024-12-23T06:11:20Z,66.0,Charge 6
2024-12-23T06:11:22Z,64.0,Charge 6
2024-12-23T06:11:24Z,63.0,Charge 6
2024-12-23T06:11:26Z,62.0,Charge 6
2024-12-23T06:11:29Z,62.0,Charge 6
2024-12-23T06:11:32Z,62.0,Charge 6
2024-12-23T06:11:35Z,62.0,Charge 6
2024-12-23T06:11:38Z,62.0,Charge 6
2024-12-23T06:11:41Z,62.0,Charge 6
2024-12-23T06:11:42Z,62.0,Charge 6
2024-12-23T06:11:44Z,63.0,Charge 6
2024-12-23T06:11:47Z,63.0,Charge 6
2024-12-23T06:11:50Z,63.0,Charge 6
2024-12-23T06:11:53Z,64.0,Charge 6
2024-12-23T06:11:56Z,64.0,Charge 6
2024-12-23T06:11:59Z,64.0,Charge 6
2024-12-23T06:12:02Z,64.0,Charge 6
2024-12-23T06:12:05Z,64.0,Charge 6
2024-12-23T06:12:08Z,64.0,Charge 6
2024-12-23T06:12:10Z,63.0,Charge 6
2024-12-23T06:12:13Z,63.0,Charge 6
2024-12-23T06:12:14Z,62.0,Charge 6
2024-12-23T06:12:17Z,62.0,Charge 6
2024-12-23T06:12:20Z,62.0,Charge 6
2024-12-23T06:12:23Z,62.0,Charge 6
2024-12-23T06:12:24Z,63.0,Charge 6
2024-12-23T06:12:26Z,64.0,Charge 6
2024-12-23T06:12:29Z,64.0,Charge 6
2024-12-23T06:12:32Z,64.0,Charge 6
2024-12-23T06:12:35Z,64.0,Charge 6
2024-12-23T06:12:38Z,64.0,Charge 6
2024-12-23T06:12:41Z,64.0,Charge 6
2024-12-23T06:12:44Z,64.0,Charge 6
2024-12-23T06:12:47Z,64.0,Charge 6
2024-12-23T06:12:50Z,64.0,Charge 6
2024-12-23T06:12:51Z,63.0,Charge 6
2024-12-23T06:12:53Z,63.0,Charge 6
2024-12-23T06:12:56Z,63.0,Charge 6
2024-12-23T06:12:57Z,62.0,Charge 6
2024-12-23T06:13:00Z,62.0,Charge 6
2024-12-23T06:13:03Z,62.0,Charge 6
2024-12-23T06:13:06Z,62.0,Charge 6
2024-12-23T06:13:09Z,62.0,Charge 6
2024-12-23T06:13:12Z,62.0,Charge 6
2024-12-23T06:13:15Z,62.0,Charge 6
2024-12-23T06:13:18Z,62.0,Charge 6
2024-12-23T06:13:21Z,62.0,Charge 6
2024-12-23T06:13:24Z,62.0,Charge 6
2024-12-23T06:13:27Z,62.0,Charge 6
2024-12-23T06:13:30Z,62.0,Charge 6
2024-12-23T06:13:33Z,62.0,Charge 6
2024-12-23T06:13:36Z,62.0,Charge 6
2024-12-23T06:13:39Z,62.0,Charge 6
2024-12-23T06:13:42Z,62.0,Charge 6
2024-12-23T06:13:45Z,62.0,Charge 6
2024-12-23T06:13:48Z,62.0,Charge 6
2024-12-23T06:13:51Z,62.0,Charge 6
2024-12-23T06:13:52Z,63.0,Charge 6
2024-12-23T06:13:55Z,63.0,Charge 6
2024-12-23T06:13:58Z,63.0,Charge 6
2024-12-23T06:14:00Z,64.0,Charge 6
2024-12-23T06:14:03Z,64.0,Charge 6
2024-12-23T06:14:06Z,64.0,Charge 6
2024-12-23T06:14:08Z,63.0,Charge 6
2024-12-23T06:14:11Z,63.0,Charge 6
2024-12-23T06:14:14Z,63.0,Charge 6
2024-12-23T06:14:17Z,63.0,Charge 6
2024-12-23T06:14:20Z,63.0,Charge 6
2024-12-23T06:14:23Z,64.0,Charge 6
2024-12-23T06:14:25Z,63.0,Charge 6
2024-12-23T06:14:28Z,63.0,Charge 6
2024-12-23T06:14:31Z,63.0,Charge 6
2024-12-23T06:14:34Z,63.0,Charge 6
2024-12-23T06:14:36Z,62.0,Charge 6
2024-12-23T06:14:39Z,62.0,Charge 6
2024-12-23T06:14:42Z,63.0,Charge 6
2024-12-23T06:14:45Z,63.0,Charge 6
2024-12-23T06:14:46Z,64.0,Charge 6
2024-12-23T06:14:49Z,64.0,Charge 6
2024-12-23T06:14:52Z,63.0,Charge 6
2024-12-23T06:14:55Z,63.0,Charge 6
2024-12-23T06:14:56Z,62.0,Charge 6
2024-12-23T06:14:59Z,62.0,Charge 6
2024-12-23T06:15:02Z,62.0,Charge 6
2024-12-23T06:15:05Z,62.0,Charge 6
2024-12-23T06:15:08Z,62.0,Charge 6
2024-12-23T06:15:11Z,62.0,Charge 6
2024-12-23T06:15:13Z,63.0,Charge 6
2024-12-23T06:15:16Z,63.0,Charge 6
2024-12-23T06:15:17Z,64.0,Charge 6
2024-12-23T06:15:19Z,64.0,Charge 6
2024-12-23T06:15:22Z,65.0,Charge 6
2024-12-23T06:15:25Z,65.0,Charge 6
2024-12-23T06:15:26Z,64.0,Charge 6
2024-12-23T06:15:28Z,65.0,Charge 6
2024-12-23T06:15:31Z,65.0,Charge 6
2024-12-23T06:15:32Z,66.0,Charge 6
2024-12-23T06:15:35Z,66.0,Charge 6
2024-12-23T06:15:36Z,67.0,Charge 6
2024-12-23T06:15:39Z,67.0,Charge 6
2024-12-23T06:15:40Z,68.0,Charge 6
2024-12-23T06:15:43Z,68.0,Charge 6
2024-12-23T06:15:46Z,67.0,Charge 6
2024-12-23T06:15:47Z,66.0,Charge 6
2024-12-23T06:15:50Z,66.0,Charge 6
2024-12-23T06:15:53Z,65.0,Charge 6
2024-12-23T06:15:55Z,64.0,Charge 6
2024-12-23T06:15:58Z,64.0,Charge 6
2024-12-23T06:16:01Z,64.0,Charge 6
2024-12-23T06:16:04Z,64.0,Charge 6
2024-12-23T06:16:07Z,64.0,Charge 6
2024-12-23T06:16:10Z,64.0,Charge 6
2024-12-23T06:16:12Z,63.0,Charge 6
2024-12-23T06:16:15Z,63.0,Charge 6
2024-12-23T06:16:18Z,62.0,Charge 6
2024-12-23T06:16:21Z,62.0,Charge 6
2024-12-23T06:16:24Z,62.0,Charge 6
2024-12-23T06:16:26Z,62.0,Charge 6
2024-12-23T06:16:29Z,62.0,Charge 6
2024-12-23T06:16:32Z,63.0,Charge 6
2024-12-23T06:16:35Z,64.0,Charge 6
2024-12-23T06:16:38Z,64.0,Charge 6
2024-12-23T06:16:41Z,64.0,Charge 6
2024-12-23T06:16:44Z,64.0,Charge 6
2024-12-23T06:16:47Z,64.0,Charge 6
2024-12-23T06:16:50Z,64.0,Charge 6
2024-12-23T06:16:51Z,63.0,Charge 6
2024-12-23T06:16:54Z,63.0,Charge 6
2024-12-23T06:16:55Z,62.0,Charge 6
2024-12-23T06:16:57Z,63.0,Charge 6
2024-12-23T06:16:58Z,64.0,Charge 6
2024-12-23T06:17:01Z,64.0,Charge 6
2024-12-23T06:17:04Z,64.0,Charge 6
2024-12-23T06:17:07Z,64.0,Charge 6
2024-12-23T06:17:10Z,64.0,Charge 6
2024-12-23T06:17:13Z,64.0,Charge 6
2024-12-23T06:17:16Z,64.0,Charge 6
2024-12-23T06:17:19Z,64.0,Charge 6
2024-12-23T06:17:22Z,63.0,Charge 6
2024-12-23T06:17:23Z,64.0,Charge 6
2024-12-23T06:17:26Z,64.0,Charge 6
2024-12-23T06:17:29Z,64.0,Charge 6
2024-12-23T06:17:32Z,64.0,Charge 6
2024-12-23T06:17:35Z,64.0,Charge 6
2024-12-23T06:17:37Z,64.0,Charge 6
2024-12-23T06:17:40Z,64.0,Charge 6
2024-12-23T06:17:43Z,63.0,Charge 6
2024-12-23T06:17:45Z,62.0,Charge 6
2024-12-23T06:17:48Z,62.0,Charge 6
2024-12-23T06:17:50Z,63.0,Charge 6
2024-12-23T06:17:52Z,64.0,Charge 6
2024-12-23T06:17:55Z,64.0,Charge 6
2024-12-23T06:17:58Z,64.0,Charge 6
2024-12-23T06:18:00Z,63.0,Charge 6
2024-12-23T06:18:03Z,63.0,Charge 6
2024-12-23T06:18:06Z,64.0,Charge 6
2024-12-23T06:18:09Z,64.0,Charge 6
2024-12-23T06:18:12Z,64.0,Charge 6
2024-12-23T06:18:15Z,62.0,Charge 6
2024-12-23T06:18:18Z,62.0,Charge 6
2024-12-23T06:18:21Z,62.0,Charge 6
2024-12-23T06:18:24Z,62.0,Charge 6
2024-12-23T06:18:27Z,63.0,Charge 6
2024-12-23T06:18:30Z,63.0,Charge 6
2024-12-23T06:18:31Z,64.0,Charge 6
2024-12-23T06:18:34Z,64.0,Charge 6
2024-12-23T06:18:37Z,64.0,Charge 6
2024-12-23T06:18:38Z,66.0,Charge 6
2024-12-23T06:18:41Z,66.0,Charge 6
2024-12-23T06:18:44Z,66.0,Charge 6
2024-12-23T06:18:46Z,65.0,Charge 6
2024-12-23T06:18:48Z,64.0,Charge 6
2024-12-23T06:18:51Z,64.0,Charge 6
2024-12-23T06:18:52Z,65.0,Charge 6
2024-12-23T06:18:54Z,64.0,Charge 6
2024-12-23T06:18:57Z,64.0,Charge 6
2024-12-23T06:18:59Z,62.0,Charge 6
2024-12-23T06:19:02Z,62.0,Charge 6
2024-12-23T06:19:05Z,62.0,Charge 6
2024-12-23T06:19:07Z,63.0,Charge 6
2024-12-23T06:19:09Z,64.0,Charge 6
2024-12-23T06:19:12Z,64.0,Charge 6
2024-12-23T06:19:13Z,65.0,Charge 6
2024-12-23T06:19:15Z,66.0,Charge 6
2024-12-23T06:19:18Z,66.0,Charge 6
2024-12-23T06:19:21Z,66.0,Charge 6
2024-12-23T06:19:24Z,66.0,Charge 6
2024-12-23T06:19:27Z,66.0,Charge 6
2024-12-23T06:19:30Z,66.0,Charge 6
2024-12-23T06:19:32Z,65.0,Charge 6
2024-12-23T06:19:34Z,64.0,Charge 6
2024-12-23T06:19:37Z,64.0,Charge 6
2024-12-23T06:19:40Z,64.0,Charge 6
2024-12-23T06:19:43Z,64.0,Charge 6
2024-12-23T06:19:46Z,64.0,Charge 6
2024-12-23T06:19:47Z,63.0,Charge 6
2024-12-23T06:19:50Z,63.0,Charge 6
2024-12-23T06:19:53Z,64.0,Charge 6
2024-12-23T06:19:55Z,64.0,Charge 6
2024-12-23T06:19:58Z,64.0,Charge 6
2024-12-23T06:20:01Z,64.0,Charge 6
2024-12-23T06:20:03Z,63.0,Charge 6
2024-12-23T06:20:05Z,64.0,Charge 6
2024-12-23T06:20:08Z,64.0,Charge 6
2024-12-23T06:20:11Z,64.0,Charge 6
2024-12-23T06:20:14Z,64.0,Charge 6
2024-12-23T06:20:17Z,64.0,Charge 6
2024-12-23T06:20:20Z,64.0,Charge 6
2024-12-23T06:20:23Z,64.0,Charge 6
2024-12-23T06:20:26Z,63.0,Charge 6
2024-12-23T06:20:29Z,63.0,Charge 6
2024-12-23T06:20:30Z,64.0,Charge 6
2024-12-23T06:20:33Z,64.0,Charge 6
2024-12-23T06:20:36Z,64.0,Charge 6
2024-12-23T06:20:37Z,63.0,Charge 6
2024-12-23T06:20:39Z,62.0,Charge 6
2024-12-23T06:20:42Z,62.0,Charge 6
2024-12-23T06:20:45Z,62.0,Charge 6
2024-12-23T06:20:47Z,63.0,Charge 6
2024-12-23T06:20:49Z,64.0,Charge 6
2024-12-23T06:20:52Z,64.0,Charge 6
2024-12-23T06:20:53Z,65.0,Charge 6
2024-12-23T06:20:56Z,65.0,Charge 6
2024-12-23T06:20:57Z,66.0,Charge 6
2024-12-23T06:21:00Z,66.0,Charge 6
2024-12-23T06:21:02Z,66.0,Charge 6
2024-12-23T06:21:05Z,66.0,Charge 6
2024-12-23T06:21:06Z,65.0,Charge 6
2024-12-23T06:21:09Z,65.0,Charge 6
2024-12-23T06:21:10Z,66.0,Charge 6
2024-12-23T06:21:13Z,66.0,Charge 6
2024-12-23T06:21:16Z,66.0,Charge 6
2024-12-23T06:21:19Z,66.0,Charge 6
2024-12-23T06:21:22Z,66.0,Charge 6
2024-12-23T06:21:25Z,66.0,Charge 6
2024-12-23T06:21:28Z,66.0,Charge 6
2024-12-23T06:21:31Z,66.0,Charge 6
2024-12-23T06:21:34Z,66.0,Charge 6
2024-12-23T06:21:37Z,66.0,Charge 6
2024-12-23T06:21:40Z,66.0,Charge 6
2024-12-23T06:21:43Z,66.0,Charge 6
2024-12-23T06:21:46Z,66.0,Charge 6
2024-12-23T06:21:49Z,66.0,Charge 6
2024-12-23T06:21:52Z,66.0,Charge 6
2024-12-23T06:21:55Z,66.0,Charge 6
2024-12-23T06:21:56Z,65.0,Charge 6
2024-12-23T06:21:59Z,65.0,Charge 6
2024-12-23T06:22:00Z,64.0,Charge 6
2024-12-23T06:22:03Z,64.0,Charge 6
2024-12-23T06:22:06Z,64.0,Charge 6
2024-12-23T06:22:09Z,64.0,Charge 6
2024-12-23T06:22:11Z,65.0,Charge 6
2024-12-23T06:22:13Z,66.0,Charge 6
2024-12-23T06:22:16Z,66.0,Charge 6
2024-12-23T06:22:17Z,64.0,Charge 6
2024-12-23T06:22:20Z,64.0,Charge 6
2024-12-23T06:22:21Z,63.0,Charge 6
2024-12-23T06:22:24Z,63.0,Charge 6
2024-12-23T06:22:25Z,64.0,Charge 6
2024-12-23T06:22:28Z,64.0,Charge 6
2024-12-23T06:22:31Z,65.0,Charge 6
2024-12-23T06:22:34Z,65.0,Charge 6
2024-12-23T06:22:37Z,65.0,Charge 6
2024-12-23T06:22:38Z,66.0,Charge 6
2024-12-23T06:22:41Z,66.0,Charge 6
2024-12-23T06:22:44Z,66.0,Charge 6
2024-12-23T06:22:47Z,66.0,Charge 6
2024-12-23T06:22:48Z,64.0,Charge 6
2024-12-23T06:22:51Z,64.0,Charge 6
2024-12-23T06:22:54Z,63.0,Charge 6
2024-12-23T06:22:56Z,62.0,Charge 6
2024-12-23T06:22:59Z,62.0,Charge 6
2024-12-23T06:23:02Z,62.0,Charge 6
2024-12-23T06:23:05Z,61.0,Charge 6
2024-12-23T06:23:08Z,61.0,Charge 6
2024-12-23T06:23:09Z,62.0,Charge 6
2024-12-23T06:23:12Z,62.0,Charge 6
2024-12-23T06:23:15Z,62.0,Charge 6
2024-12-23T06:23:17Z,62.0,Charge 6
2024-12-23T06:23:19Z,62.0,Charge 6
2024-12-23T06:23:22Z,63.0,Charge 6
2024-12-23T06:23:24Z,64.0,Charge 6
2024-12-23T06:23:26Z,66.0,Charge 6
2024-12-23T06:23:28Z,75.0,Charge 6
2024-12-23T06:23:30Z,80.0,Charge 6
2024-12-23T06:23:32Z,83.0,Charge 6
2024-12-23T06:23:34Z,85.0,Charge 6
2024-12-23T06:23:36Z,86.0,Charge 6
2024-12-23T06:23:38Z,83.0,Charge 6
2024-12-23T06:23:40Z,72.0,Charge 6
2024-12-23T06:23:42Z,67.0,Charge 6
2024-12-23T06:23:44Z,66.0,Charge 6
2024-12-23T06:23:46Z,63.0,Charge 6
2024-12-23T06:23:47Z,60.0,Charge 6
2024-12-23T06:23:50Z,60.0,Charge 6
2024-12-23T06:23:53Z,59.0,Charge 6
2024-12-23T06:23:55Z,60.0,Charge 6
2024-12-23T06:23:58Z,60.0,Charge 6
2024-12-23T06:24:01Z,60.0,Charge 6
2024-12-23T06:24:03Z,61.0,Charge 6
2024-12-23T06:24:06Z,61.0,Charge 6
2024-12-23T06:24:07Z,62.0,Charge 6
2024-12-23T06:24:10Z,62.0,Charge 6
2024-12-23T06:24:12Z,63.0,Charge 6
2024-12-23T06:24:14Z,64.0,Charge 6
2024-12-23T06:24:17Z,64.0,Charge 6
2024-12-23T06:24:20Z,64.0,Charge 6
2024-12-23T06:24:23Z,64.0,Charge 6
2024-12-23T06:24:24Z,66.0,Charge 6
2024-12-23T06:24:27Z,66.0,Charge 6
2024-12-23T06:24:28Z,65.0,Charge 6
2024-12-23T06:24:30Z,64.0,Charge 6
2024-12-23T06:24:33Z,64.0,Charge 6
2024-12-23T06:24:36Z,64.0,Charge 6
2024-12-23T06:24:39Z,64.0,Charge 6
2024-12-23T06:24:41Z,65.0,Charge 6
2024-12-23T06:24:43Z,66.0,Charge 6
2024-12-23T06:24:46Z,66.0,Charge 6
2024-12-23T06:24:47Z,67.0,Charge 6
2024-12-23T06:24:49Z,68.0,Charge 6
2024-12-23T06:24:51Z,67.0,Charge 6
2024-12-23T06:24:53Z,66.0,Charge 6
2024-12-23T06:24:56Z,66.0,Charge 6
2024-12-23T06:24:59Z,66.0,Charge 6
2024-12-23T06:25:02Z,66.0,Charge 6
2024-12-23T06:25:04Z,65.0,Charge 6
2024-12-23T06:25:07Z,65.0,Charge 6
2024-12-23T06:25:08Z,66.0,Charge 6
2024-12-23T06:25:11Z,66.0,Charge 6
2024-12-23T06:25:14Z,65.0,Charge 6
2024-12-23T06:25:16Z,64.0,Charge 6
2024-12-23T06:25:18Z,64.0,Charge 6
2024-12-23T06:25:20Z,63.0,Charge 6
2024-12-23T06:25:23Z,62.0,Charge 6
2024-12-23T06:25:25Z,63.0,Charge 6
2024-12-23T06:25:27Z,64.0,Charge 6
2024-12-23T06:25:30Z,64.0,Charge 6
2024-12-23T06:25:33Z,64.0,Charge 6
2024-12-23T06:25:35Z,65.0,Charge 6
2024-12-23T06:25:37Z,66.0,Charge 6
2024-12-23T06:25:39Z,67.0,Charge 6
2024-12-23T06:25:42Z,67.0,Charge 6
2024-12-23T06:25:45Z,66.0,Charge 6
2024-12-23T06:25:48Z,66.0,Charge 6
2024-12-23T06:25:51Z,66.0,Charge 6
2024-12-23T06:25:52Z,67.0,Charge 6
2024-12-23T06:25:55Z,67.0,Charge 6
2024-12-23T06:25:56Z,66.0,Charge 6
2024-12-23T06:25:59Z,66.0,Charge 6
2024-12-23T06:26:02Z,66.0,Charge 6
2024-12-23T06:26:05Z,66.0,Charge 6
2024-12-23T06:26:08Z,66.0,Charge 6
2024-12-23T06:26:11Z,66.0,Charge 6
2024-12-23T06:26:14Z,66.0,Charge 6
2024-12-23T06:26:17Z,66.0,Charge 6
2024-12-23T06:26:20Z,66.0,Charge 6
2024-12-23T06:26:21Z,67.0,Charge 6
2024-12-23T06:26:24Z,67.0,Charge 6
2024-12-23T06:26:25Z,67.0,Charge 6
2024-12-23T06:26:27Z,66.0,Charge 6
2024-12-23T06:26:30Z,66.0,Charge 6
2024-12-23T06:26:33Z,66.0,Charge 6
2024-12-23T06:26:36Z,66.0,Charge 6
2024-12-23T06:26:39Z,66.0,Charge 6
2024-12-23T06:26:40Z,65.0,Charge 6
2024-12-23T06:26:42Z,64.0,Charge 6
2024-12-23T06:26:45Z,64.0,Charge 6
2024-12-23T06:26:48Z,64.0,Charge 6
2024-12-23T06:26:51Z,64.0,Charge 6
2024-12-23T06:26:54Z,64.0,Charge 6
2024-12-23T06:26:57Z,64.0,Charge 6
2024-12-23T06:26:58Z,63.0,Charge 6
2024-12-23T06:27:01Z,63.0,Charge 6
2024-12-23T06:27:04Z,63.0,Charge 6
2024-12-23T06:27:05Z,64.0,Charge 6
2024-12-23T06:27:08Z,64.0,Charge 6
2024-12-23T06:27:11Z,64.0,Charge 6
2024-12-23T06:27:14Z,64.0,Charge 6
2024-12-23T06:27:15Z,65.0,Charge 6
2024-12-23T06:27:18Z,65.0,Charge 6
2024-12-23T06:27:21Z,65.0,Charge 6
2024-12-23T06:27:22Z,66.0,Charge 6
2024-12-23T06:27:25Z,66.0,Charge 6
2024-12-23T06:27:26Z,65.0,Charge 6
2024-12-23T06:27:28Z,64.0,Charge 6
2024-12-23T06:27:30Z,64.0,Charge 6
2024-12-23T06:27:33Z,64.0,Charge 6
2024-12-23T06:27:34Z,63.0,Charge 6
2024-12-23T06:27:37Z,63.0,Charge 6
2024-12-23T06:27:40Z,64.0,Charge 6
2024-12-23T06:27:43Z,64.0,Charge 6
2024-12-23T06:27:46Z,64.0,Charge 6
2024-12-23T06:27:49Z,65.0,Charge 6
2024-12-23T06:27:52Z,65.0,Charge 6
2024-12-23T06:27:55Z,65.0,Charge 6
2024-12-23T06:27:58Z,65.0,Charge 6
2024-12-23T06:28:01Z,65.0,Charge 6
2024-12-23T06:28:03Z,64.0,Charge 6
2024-12-23T06:28:06Z,64.0,Charge 6
2024-12-23T06:28:09Z,65.0,Charge 6
2024-12-23T06:28:10Z,66.0,Charge 6
2024-12-23T06:28:13Z,66.0,Charge 6
2024-12-23T06:28:14Z,65.0,Charge 6
2024-12-23T06:28:16Z,64.0,Charge 6
2024-12-23T06:28:19Z,64.0,Charge 6
2024-12-23T06:28:22Z,64.0,Charge 6
2024-12-23T06:28:25Z,64.0,Charge 6
2024-12-23T06:28:28Z,65.0,Charge 6
2024-12-23T06:28:30Z,64.0,Charge 6
2024-12-23T06:28:33Z,64.0,Charge 6
2024-12-23T06:28:36Z,64.0,Charge 6
2024-12-23T06:28:39Z,64.0,Charge 6
2024-12-23T06:28:41Z,64.0,Charge 6
2024-12-23T06:28:44Z,64.0,Charge 6
2024-12-23T06:28:47Z,64.0,Charge 6
2024-12-23T06:28:50Z,64.0,Charge 6
2024-12-23T06:28:53Z,64.0,Charge 6
2024-12-23T06:28:56Z,64.0,Charge 6
2024-12-23T06:28:59Z,64.0,Charge 6
2024-12-23T06:29:00Z,65.0,Charge 6
2024-12-23T06:29:03Z,65.0,Charge 6
2024-12-23T06:29:04Z,64.0,Charge 6
2024-12-23T06:29:07Z,64.0,Charge 6
2024-12-23T06:29:10Z,64.0,Charge 6
2024-12-23T06:29:13Z,64.0,Charge 6
2024-12-23T06:29:16Z,63.0,Charge 6
2024-12-23T06:29:19Z,63.0,Charge 6
2024-12-23T06:29:20Z,62.0,Charge 6
2024-12-23T06:29:22Z,63.0,Charge 6
2024-12-23T06:29:25Z,63.0,Charge 6
2024-12-23T06:29:28Z,63.0,Charge 6
2024-12-23T06:29:29Z,64.0,Charge 6
2024-12-23T06:29:32Z,64.0,Charge 6
2024-12-23T06:29:35Z,64.0,Charge 6
2024-12-23T06:29:38Z,64.0,Charge 6
2024-12-23T06:29:41Z,63.0,Charge 6
2024-12-23T06:29:43Z,62.0,Charge 6
2024-12-23T06:29:46Z,62.0,Charge 6
2024-12-23T06:29:49Z,62.0,Charge 6
2024-12-23T06:29:50Z,62.0,Charge 6
2024-12-23T06:29:53Z,62.0,Charge 6
2024-12-23T06:29:56Z,62.0,Charge 6
2024-12-23T06:29:58Z,63.0,Charge 6
2024-12-23T06:30:01Z,63.0,Charge 6
2024-12-23T06:30:04Z,63.0,Charge 6
2024-12-23T06:30:07Z,63.0,Charge 6
2024-12-23T06:30:08Z,64.0,Charge 6
2024-12-23T06:30:11Z,64.0,Charge 6
2024-12-23T06:30:14Z,64.0,Charge 6
2024-12-23T06:30:15Z,65.0,Charge 6
2024-12-23T06:30:17Z,64.0,Charge 6
2024-12-23T06:30:20Z,64.0,Charge 6
2024-12-23T06:30:23Z,64.0,Charge 6
2024-12-23T06:30:26Z,64.0,Charge 6
2024-12-23T06:30:29Z,64.0,Charge 6
2024-12-23T06:30:31Z,65.0,Charge 6
2024-12-23T06:30:33Z,66.0,Charge 6
2024-12-23T06:30:36Z,65.0,Charge 6
2024-12-23T06:30:39Z,65.0,Charge 6
2024-12-23T06:30:42Z,65.0,Charge 6
2024-12-23T06:30:44Z,64.0,Charge 6
2024-12-23T06:30:47Z,64.0,Charge 6
2024-12-23T06:30:50Z,64.0,Charge 6
2024-12-23T06:30:53Z,64.0,Charge 6
2024-12-23T06:30:56Z,64.0,Charge 6
2024-12-23T06:30:59Z,64.0,Charge 6
2024-12-23T06:31:01Z,64.0,Charge 6
2024-12-23T06:31:04Z,64.0,Charge 6
2024-12-23T06:31:07Z,64.0,Charge 6
2024-12-23T06:31:10Z,64.0,Charge 6
2024-12-23T06:31:13Z,63.0,Charge 6
2024-12-23T06:31:16Z,63.0,Charge 6
2024-12-23T06:31:17Z,62.0,Charge 6
2024-12-23T06:31:19Z,63.0,Charge 6
2024-12-23T06:31:21Z,64.0,Charge 6
2024-12-23T06:31:24Z,64.0,Charge 6
2024-12-23T06:31:27Z,64.0,Charge 6
2024-12-23T06:31:30Z,64.0,Charge 6
2024-12-23T06:31:33Z,64.0,Charge 6
2024-12-23T06:31:36Z,64.0,Charge 6
2024-12-23T06:31:39Z,64.0,Charge 6
2024-12-23T06:31:42Z,65.0,Charge 6
2024-12-23T06:31:45Z,65.0,Charge 6
2024-12-23T06:31:46Z,64.0,Charge 6
2024-12-23T06:31:49Z,64.0,Charge 6
2024-12-23T06:31:52Z,64.0,Charge 6
2024-12-23T06:31:55Z,64.0,Charge 6
2024-12-23T06:31:58Z,64.0,Charge 6
2024-12-23T06:32:01Z,64.0,Charge 6
2024-12-23T06:32:04Z,64.0,Charge 6
2024-12-23T06:32:05Z,65.0,Charge 6
2024-12-23T06:32:07Z,66.0,Charge 6
2024-12-23T06:32:10Z,65.0,Charge 6
2024-12-23T06:32:12Z,65.0,Charge 6
2024-12-23T06:32:15Z,65.0,Charge 6
2024-12-23T06:32:16Z,64.0,Charge 6
2024-12-23T06:32:19Z,64.0,Charge 6
2024-12-23T06:32:20Z,63.0,Charge 6
2024-12-23T06:32:23Z,63.0,Charge 6
2024-12-23T06:32:26Z,63.0,Charge 6
2024-12-23T06:32:29Z,63.0,Charge 6
2024-12-23T06:32:32Z,63.0,Charge 6
2024-12-23T06:32:35Z,64.0,Charge 6
2024-12-23T06:32:38Z,64.0,Charge 6
2024-12-23T06:32:41Z,64.0,Charge 6
2024-12-23T06:32:43Z,63.0,Charge 6
2024-12-23T06:32:46Z,63.0,Charge 6
2024-12-23T06:32:49Z,63.0,Charge 6
2024-12-23T06:32:52Z,63.0,Charge 6
2024-12-23T06:32:55Z,64.0,Charge 6
2024-12-23T06:32:58Z,64.0,Charge 6
2024-12-23T06:33:01Z,64.0,Charge 6
2024-12-23T06:33:04Z,64.0,Charge 6
2024-12-23T06:33:07Z,64.0,Charge 6
2024-12-23T06:33:10Z,64.0,Charge 6
2024-12-23T06:33:13Z,64.0,Charge 6
2024-12-23T06:33:16Z,64.0,Charge 6
2024-12-23T06:33:19Z,64.0,Charge 6
2024-12-23T06:33:20Z,63.0,Charge 6
2024-12-23T06:33:22Z,64.0,Charge 6
2024-12-23T06:33:23Z,64.0,Charge 6
2024-12-23T06:33:26Z,64.0,Charge 6
2024-12-23T06:33:29Z,65.0,Charge 6
2024-12-23T06:33:32Z,65.0,Charge 6
2024-12-23T06:33:35Z,65.0,Charge 6
2024-12-23T06:33:37Z,66.0,Charge 6
2024-12-23T06:33:40Z,66.0,Charge 6
2024-12-23T06:33:43Z,66.0,Charge 6
2024-12-23T06:33:46Z,66.0,Charge 6
2024-12-23T06:33:49Z,66.0,Charge 6
2024-12-23T06:33:52Z,66.0,Charge 6
2024-12-23T06:33:55Z,66.0,Charge 6
2024-12-23T06:33:58Z,65.0,Charge 6
2024-12-23T06:34:01Z,65.0,Charge 6
2024-12-23T06:34:02Z,64.0,Charge 6
2024-12-23T06:34:05Z,64.0,Charge 6
2024-12-23T06:34:08Z,64.0,Charge 6
2024-12-23T06:34:10Z,63.0,Charge 6
2024-12-23T06:34:13Z,63.0,Charge 6
2024-12-23T06:34:16Z,63.0,Charge 6
2024-12-23T06:34:19Z,63.0,Charge 6
2024-12-23T06:34:22Z,63.0,Charge 6
2024-12-23T06:34:25Z,63.0,Charge 6
2024-12-23T06:34:27Z,64.0,Charge 6
2024-12-23T06:34:30Z,64.0,Charge 6
2024-12-23T06:34:33Z,64.0,Charge 6
2024-12-23T06:34:36Z,64.0,Charge 6
2024-12-23T06:34:38Z,64.0,Charge 6
2024-12-23T06:34:41Z,64.0,Charge 6
2024-12-23T06:34:44Z,64.0,Charge 6
2024-12-23T06:34:46Z,65.0,Charge 6
2024-12-23T06:34:48Z,66.0,Charge 6
2024-12-23T06:34:51Z,66.0,Charge 6
2024-12-23T06:34:54Z,66.0,Charge 6
2024-12-23T06:34:57Z,66.0,Charge 6
2024-12-23T06:35:00Z,66.0,Charge 6
2024-12-23T06:35:03Z,66.0,Charge 6
2024-12-23T06:35:06Z,66.0,Charge 6
2024-12-23T06:35:09Z,65.0,Charge 6
2024-12-23T06:35:11Z,64.0,Charge 6
2024-12-23T06:35:14Z,64.0,Charge 6
2024-12-23T06:35:15Z,65.0,Charge 6
2024-12-23T06:35:17Z,66.0,Charge 6
2024-12-23T06:35:19Z,65.0,Charge 6
2024-12-23T06:35:21Z,64.0,Charge 6
2024-12-23T06:35:24Z,63.0,Charge 6
2024-12-23T06:35:27Z,63.0,Charge 6
2024-12-23T06:35:28Z,64.0,Charge 6
2024-12-23T06:35:31Z,64.0,Charge 6
2024-12-23T06:35:32Z,65.0,Charge 6
2024-12-23T06:35:35Z,65.0,Charge 6
2024-12-23T06:35:36Z,64.0,Charge 6
2024-12-23T06:35:39Z,64.0,Charge 6
2024-12-23T06:35:42Z,64.0,Charge 6
2024-12-23T06:35:44Z,64.0,Charge 6
2024-12-23T06:35:46Z,65.0,Charge 6
2024-12-23T06:35:49Z,65.0,Charge 6
2024-12-23T06:35:52Z,65.0,Charge 6
2024-12-23T06:35:53Z,64.0,Charge 6
2024-12-23T06:35:56Z,64.0,Charge 6
2024-12-23T06:35:59Z,64.0,Charge 6
2024-12-23T06:36:02Z,64.0,Charge 6
2024-12-23T06:36:05Z,64.0,Charge 6
2024-12-23T06:36:08Z,64.0,Charge 6
2024-12-23T06:36:10Z,65.0,Charge 6
2024-12-23T06:36:12Z,66.0,Charge 6
2024-12-23T06:36:14Z,65.0,Charge 6
2024-12-23T06:36:16Z,64.0,Charge 6
2024-12-23T06:36:18Z,63.0,Charge 6
2024-12-23T06:36:20Z,62.0,Charge 6
2024-12-23T06:36:23Z,62.0,Charge 6
2024-12-23T06:36:26Z,63.0,Charge 6
2024-12-23T06:36:28Z,64.0,Charge 6
2024-12-23T06:36:31Z,64.0,Charge 6
2024-12-23T06:36:34Z,63.0,Charge 6
2024-12-23T06:36:37Z,63.0,Charge 6
2024-12-23T06:36:40Z,63.0,Charge 6
2024-12-23T06:36:43Z,64.0,Charge 6
2024-12-23T06:36:46Z,64.0,Charge 6
2024-12-23T06:36:49Z,64.0,Charge 6
2024-12-23T06:36:51Z,63.0,Charge 6
2024-12-23T06:36:53Z,62.0,Charge 6
2024-12-23T06:36:56Z,62.0,Charge 6
2024-12-23T06:36:57Z,61.0,Charge 6
2024-12-23T06:37:00Z,62.0,Charge 6
2024-12-23T06:37:03Z,62.0,Charge 6
2024-12-23T06:37:06Z,62.0,Charge 6
2024-12-23T06:37:09Z,62.0,Charge 6
2024-12-23T06:37:12Z,62.0,Charge 6
2024-12-23T06:37:15Z,62.0,Charge 6
2024-12-23T06:37:18Z,63.0,Charge 6
2024-12-23T06:37:20Z,64.0,Charge 6
2024-12-23T06:37:23Z,64.0,Charge 6
2024-12-23T06:37:26Z,64.0,Charge 6
2024-12-23T06:37:27Z,65.0,Charge 6
2024-12-23T06:37:29Z,64.0,Charge 6
2024-12-23T06:37:32Z,64.0,Charge 6
2024-12-23T06:37:35Z,64.0,Charge 6
2024-12-23T06:37:37Z,65.0,Charge 6
2024-12-23T06:37:39Z,66.0,Charge 6
2024-12-23T06:37:42Z,66.0,Charge 6
2024-12-23T06:37:45Z,66.0,Charge 6
2024-12-23T06:37:48Z,66.0,Charge 6
2024-12-23T06:37:51Z,66.0,Charge 6
2024-12-23T06:37:54Z,66.0,Charge 6
2024-12-23T06:37:57Z,66.0,Charge 6
2024-12-23T06:38:00Z,66.0,Charge 6
2024-12-23T06:38:02Z,65.0,Charge 6
2024-12-23T06:38:04Z,64.0,Charge 6
2024-12-23T06:38:07Z,64.0,Charge 6
2024-12-23T06:38:08Z,65.0,Charge 6
2024-12-23T06:38:10Z,66.0,Charge 6
2024-12-23T06:38:13Z,66.0,Charge 6
2024-12-23T06:38:15Z,65.0,Charge 6
2024-12-23T06:38:17Z,64.0,Charge 6
2024-12-23T06:38:20Z,64.0,Charge 6
2024-12-23T06:38:23Z,64.0,Charge 6
2024-12-23T06:38:26Z,64.0,Charge 6
2024-12-23T06:38:29Z,63.0,Charge 6
2024-12-23T06:38:31Z,62.0,Charge 6
2024-12-23T06:38:34Z,62.0,Charge 6
2024-12-23T06:38:37Z,62.0,Charge 6
2024-12-23T06:38:40Z,63.0,Charge 6
2024-12-23T06:38:43Z,63.0,Charge 6
2024-12-23T06:38:44Z,64.0,Charge 6
2024-12-23T06:38:47Z,64.0,Charge 6
2024-12-23T06:38:50Z,64.0,Charge 6
2024-12-23T06:38:53Z,64.0,Charge 6
2024-12-23T06:38:56Z,64.0,Charge 6
2024-12-23T06:38:58Z,65.0,Charge 6
2024-12-23T06:39:01Z,64.0,Charge 6
2024-12-23T06:39:04Z,64.0,Charge 6
2024-12-23T06:39:07Z,64.0,Charge 6
2024-12-23T06:39:10Z,64.0,Charge 6
2024-12-23T06:39:13Z,66.0,Charge 6
2024-12-23T06:39:15Z,66.0,Charge 6
2024-12-23T06:39:18Z,66.0,Charge 6
2024-12-23T06:39:21Z,66.0,Charge 6
2024-12-23T06:39:24Z,66.0,Charge 6
2024-12-23T06:39:26Z,65.0,Charge 6
2024-12-23T06:39:28Z,64.0,Charge 6
2024-12-23T06:39:31Z,64.0,Charge 6
2024-12-23T06:39:34Z,64.0,Charge 6
2024-12-23T06:39:37Z,64.0,Charge 6
2024-12-23T06:39:40Z,64.0,Charge 6
2024-12-23T06:39:42Z,63.0,Charge 6
2024-12-23T06:39:45Z,63.0,Charge 6
2024-12-23T06:39:46Z,64.0,Charge 6
2024-12-23T06:39:49Z,64.0,Charge 6
2024-12-23T06:39:52Z,64.0,Charge 6
2024-12-23T06:39:55Z,64.0,Charge 6
2024-12-23T06:39:57Z,65.0,Charge 6
2024-12-23T06:40:00Z,65.0,Charge 6
2024-12-23T06:40:03Z,64.0,Charge 6
2024-12-23T06:40:06Z,64.0,Charge 6
2024-12-23T06:40:09Z,65.0,Charge 6
2024-12-23T06:40:10Z,64.0,Charge 6
2024-12-23T06:40:13Z,64.0,Charge 6
2024-12-23T06:40:16Z,63.0,Charge 6
2024-12-23T06:40:19Z,63.0,Charge 6
2024-12-23T06:40:22Z,64.0,Charge 6
2024-12-23T06:40:25Z,64.0,Charge 6
2024-12-23T06:40:26Z,64.0,Charge 6
2024-12-23T06:40:28Z,63.0,Charge 6
2024-12-23T06:40:31Z,63.0,Charge 6
2024-12-23T06:40:32Z,64.0,Charge 6
2024-12-23T06:40:35Z,64.0,Charge 6
2024-12-23T06:40:38Z,64.0,Charge 6
2024-12-23T06:40:41Z,64.0,Charge 6
2024-12-23T06:40:44Z,64.0,Charge 6
2024-12-23T06:40:47Z,65.0,Charge 6
2024-12-23T06:40:49Z,66.0,Charge 6
2024-12-23T06:40:52Z,66.0,Charge 6
2024-12-23T06:40:55Z,66.0,Charge 6
2024-12-23T06:40:57Z,65.0,Charge 6
2024-12-23T06:41:00Z,65.0,Charge 6
2024-12-23T06:41:03Z,65.0,Charge 6
2024-12-23T06:41:05Z,64.0,Charge 6
2024-12-23T06:41:08Z,64.0,Charge 6
2024-12-23T06:41:11Z,63.0,Charge 6
2024-12-23T06:41:12Z,62.0,Charge 6
2024-12-23T06:41:14Z,63.0,Charge 6
2024-12-23T06:41:17Z,63.0,Charge 6
2024-12-23T06:41:20Z,63.0,Charge 6
2024-12-23T06:41:22Z,64.0,Charge 6
2024-12-23T06:41:25Z,64.0,Charge 6
2024-12-23T06:41:28Z,64.0,Charge 6
2024-12-23T06:41:30Z,65.0,Charge 6
2024-12-23T06:41:33Z,65.0,Charge 6
2024-12-23T06:41:34Z,65.0,Charge 6
2024-12-23T06:41:35Z,66.0,Charge 6
2024-12-23T06:41:38Z,66.0,Charge 6
2024-12-23T06:41:41Z,66.0,Charge 6
2024-12-23T06:41:44Z,66.0,Charge 6
2024-12-23T06:41:47Z,66.0,Charge 6
2024-12-23T06:41:50Z,66.0,Charge 6
2024-12-23T06:41:53Z,65.0,Charge 6
2024-12-23T06:41:55Z,64.0,Charge 6
2024-12-23T06:41:58Z,64.0,Charge 6
2024-12-23T06:42:01Z,64.0,Charge 6
2024-12-23T06:42:02Z,63.0,Charge 6
2024-12-23T06:42:04Z,62.0,Charge 6
2024-12-23T06:42:07Z,62.0,Charge 6
2024-12-23T06:42:10Z,63.0,Charge 6
2024-12-23T06:42:13Z,63.0,Charge 6
2024-12-23T06:42:14Z,64.0,Charge 6
2024-12-23T06:42:17Z,64.0,Charge 6
2024-12-23T06:42:20Z,63.0,Charge 6
2024-12-23T06:42:23Z,63.0,Charge 6
2024-12-23T06:42:26Z,63.0,Charge 6
2024-12-23T06:42:29Z,64.0,Charge 6
2024-12-23T06:42:32Z,64.0,Charge 6
2024-12-23T06:42:35Z,64.0,Charge 6
2024-12-23T06:42:38Z,64.0,Charge 6
2024-12-23T06:42:41Z,65.0,Charge 6
2024-12-23T06:42:44Z,65.0,Charge 6
2024-12-23T06:42:45Z,64.0,Charge 6
2024-12-23T06:42:48Z,62.0,Charge 6
2024-12-23T06:42:51Z,62.0,Charge 6
2024-12-23T06:42:52Z,61.0,Charge 6
2024-12-23T06:42:54Z,62.0,Charge 6
2024-12-23T06:42:57Z,62.0,Charge 6
2024-12-23T06:42:58Z,64.0,Charge 6
2024-12-23T06:43:01Z,64.0,Charge 6
2024-12-23T06:43:02Z,63.0,Charge 6
2024-12-23T06:43:04Z,62.0,Charge 6
2024-12-23T06:43:07Z,62.0,Charge 6
2024-12-23T06:43:10Z,62.0,Charge 6
2024-12-23T06:43:11Z,63.0,Charge 6
2024-12-23T06:43:14Z,63.0,Charge 6
2024-12-23T06:43:17Z,64.0,Charge 6
2024-12-23T06:43:20Z,64.0,Charge 6
2024-12-23T06:43:23Z,64.0,Charge 6
2024-12-23T06:43:26Z,64.0,Charge 6
2024-12-23T06:43:29Z,64.0,Charge 6
2024-12-23T06:43:32Z,64.0,Charge 6
2024-12-23T06:43:33Z,63.0,Charge 6
2024-12-23T06:43:36Z,63.0,Charge 6
2024-12-23T06:43:38Z,64.0,Charge 6
2024-12-23T06:43:41Z,64.0,Charge 6
2024-12-23T06:43:44Z,64.0,Charge 6
2024-12-23T06:43:47Z,64.0,Charge 6
2024-12-23T06:43:50Z,64.0,Charge 6
2024-12-23T06:43:52Z,64.0,Charge 6
2024-12-23T06:43:55Z,64.0,Charge 6
2024-12-23T06:43:58Z,63.0,Charge 6
2024-12-23T06:44:01Z,63.0,Charge 6
2024-12-23T06:44:04Z,63.0,Charge 6
2024-12-23T06:44:07Z,62.0,Charge 6
2024-12-23T06:44:10Z,62.0,Charge 6
2024-12-23T06:44:13Z,62.0,Charge 6
2024-12-23T06:44:16Z,62.0,Charge 6
2024-12-23T06:44:19Z,62.0,Charge 6
2024-12-23T06:44:21Z,63.0,Charge 6
2024-12-23T06:44:23Z,64.0,Charge 6
2024-12-23T06:44:24Z,63.0,Charge 6
2024-12-23T06:44:27Z,63.0,Charge 6
2024-12-23T06:44:28Z,62.0,Charge 6
2024-12-23T06:44:31Z,62.0,Charge 6
2024-12-23T06:44:32Z,63.0,Charge 6
2024-12-23T06:44:34Z,64.0,Charge 6
2024-12-23T06:44:36Z,63.0,Charge 6
2024-12-23T06:44:39Z,63.0,Charge 6
2024-12-23T06:44:40Z,62.0,Charge 6
2024-12-23T06:44:43Z,62.0,Charge 6
2024-12-23T06:44:46Z,62.0,Charge 6
2024-12-23T06:44:49Z,62.0,Charge 6
2024-12-23T06:44:51Z,63.0,Charge 6
2024-12-23T06:44:54Z,63.0,Charge 6
2024-12-23T06:44:57Z,63.0,Charge 6
2024-12-23T06:44:59Z,64.0,Charge 6
2024-12-23T06:45:02Z,64.0,Charge 6
2024-12-23T06:45:05Z,64.0,Charge 6
2024-12-23T06:45:08Z,64.0,Charge 6
2024-12-23T06:45:11Z,64.0,Charge 6
2024-12-23T06:45:14Z,64.0,Charge 6
2024-12-23T06:45:17Z,64.0,Charge 6
2024-12-23T06:45:20Z,64.0,Charge 6
2024-12-23T06:45:23Z,64.0,Charge 6
2024-12-23T06:45:26Z,64.0,Charge 6
2024-12-23T06:45:29Z,64.0,Charge 6
2024-12-23T06:45:32Z,64.0,Charge 6
2024-12-23T06:45:35Z,64.0,Charge 6
2024-12-23T06:45:38Z,64.0,Charge 6
2024-12-23T06:45:41Z,64.0,Charge 6
2024-12-23T06:45:43Z,63.0,Charge 6
2024-12-23T06:45:46Z,63.0,Charge 6
2024-12-23T06:45:47Z,62.0,Charge 6
2024-12-23T06:45:50Z,62.0,Charge 6
2024-12-23T06:45:51Z,63.0,Charge 6
2024-12-23T06:45:54Z,63.0,Charge 6
2024-12-23T06:45:57Z,63.0,Charge 6
2024-12-23T06:46:00Z,62.0,Charge 6
2024-12-23T06:46:03Z,62.0,Charge 6
2024-12-23T06:46:06Z,62.0,Charge 6
2024-12-23T06:46:09Z,62.0,Charge 6
2024-12-23T06:46:12Z,62.0,Charge 6
2024-12-23T06:46:14Z,62.0,Charge 6
2024-12-23T06:46:17Z,62.0,Charge 6
2024-12-23T06:46:20Z,62.0,Charge 6
2024-12-23T06:46:23Z,62.0,Charge 6
2024-12-23T06:46:26Z,62.0,Charge 6
2024-12-23T06:46:29Z,63.0,Charge 6
2024-12-23T06:46:32Z,63.0,Charge 6
2024-12-23T06:46:35Z,63.0,Charge 6
2024-12-23T06:46:38Z,63.0,Charge 6
2024-12-23T06:46:39Z,64.0,Charge 6
2024-12-23T06:46:42Z,64.0,Charge 6
2024-12-23T06:46:43Z,63.0,Charge 6
2024-12-23T06:46:46Z,63.0,Charge 6
2024-12-23T06:46:48Z,62.0,Charge 6
2024-12-23T06:46:51Z,62.0,Charge 6
2024-12-23T06:46:52Z,63.0,Charge 6
2024-12-23T06:46:54Z,62.0,Charge 6
2024-12-23T06:46:57Z,62.0,Charge 6
2024-12-23T06:47:00Z,60.0,Charge 6
2024-12-23T06:47:02Z,61.0,Charge 6
2024-12-23T06:47:05Z,61.0,Charge 6
2024-12-23T06:47:08Z,61.0,Charge 6
2024-12-23T06:47:10Z,62.0,Charge 6
2024-12-23T06:47:13Z,62.0,Charge 6
2024-12-23T06:47:16Z,62.0,Charge 6
2024-12-23T06:47:19Z,62.0,Charge 6
2024-12-23T06:47:22Z,62.0,Charge 6
2024-12-23T06:47:23Z,62.0,Charge 6
2024-12-23T06:47:26Z,62.0,Charge 6
2024-12-23T06:47:29Z,62.0,Charge 6
2024-12-23T06:47:32Z,62.0,Charge 6
2024-12-23T06:47:33Z,63.0,Charge 6
2024-12-23T06:47:35Z,64.0,Charge 6
2024-12-23T06:47:38Z,64.0,Charge 6
2024-12-23T06:47:41Z,64.0,Charge 6
2024-12-23T06:47:44Z,64.0,Charge 6
2024-12-23T06:47:47Z,64.0,Charge 6
2024-12-23T06:47:50Z,64.0,Charge 6
2024-12-23T06:47:53Z,64.0,Charge 6
2024-12-23T06:47:56Z,64.0,Charge 6
2024-12-23T06:47:59Z,64.0,Charge 6
2024-12-23T06:48:02Z,64.0,Charge 6
2024-12-23T06:48:05Z,64.0,Charge 6
2024-12-23T06:48:08Z,64.0,Charge 6
2024-12-23T06:48:09Z,65.0,Charge 6
2024-12-23T06:48:11Z,66.0,Charge 6
2024-12-23T06:48:14Z,66.0,Charge 6
2024-12-23T06:48:17Z,65.0,Charge 6
2024-12-23T06:48:20Z,65.0,Charge 6
2024-12-23T06:48:21Z,64.0,Charge 6
2024-12-23T06:48:23Z,65.0,Charge 6
2024-12-23T06:48:24Z,66.0,Charge 6
2024-12-23T06:48:27Z,66.0,Charge 6
2024-12-23T06:48:30Z,66.0,Charge 6
2024-12-23T06:48:32Z,66.0,Charge 6
2024-12-23T06:48:35Z,66.0,Charge 6
2024-12-23T06:48:36Z,65.0,Charge 6
2024-12-23T06:48:38Z,66.0,Charge 6
2024-12-23T06:48:40Z,67.0,Charge 6
2024-12-23T06:48:43Z,67.0,Charge 6
2024-12-23T06:48:46Z,67.0,Charge 6
2024-12-23T06:48:49Z,68.0,Charge 6
2024-12-23T06:48:51Z,67.0,Charge 6
2024-12-23T06:48:54Z,67.0,Charge 6
2024-12-23T06:48:55Z,66.0,Charge 6
2024-12-23T06:48:58Z,66.0,Charge 6
2024-12-23T06:49:01Z,66.0,Charge 6
2024-12-23T06:49:04Z,66.0,Charge 6
2024-12-23T06:49:07Z,66.0,Charge 6
2024-12-23T06:49:10Z,66.0,Charge 6
2024-12-23T06:49:13Z,66.0,Charge 6
2024-12-23T06:49:16Z,67.0,Charge 6
2024-12-23T06:49:18Z,66.0,Charge 6
2024-12-23T06:49:21Z,66.0,Charge 6
2024-12-23T06:49:22Z,65.0,Charge 6
2024-12-23T06:49:24Z,64.0,Charge 6
2024-12-23T06:49:27Z,64.0,Charge 6
2024-12-23T06:49:30Z,64.0,Charge 6
2024-12-23T06:49:32Z,63.0,Charge 6
2024-12-23T06:49:34Z,62.0,Charge 6
2024-12-23T06:49:37Z,62.0,Charge 6
2024-12-23T06:49:39Z,62.0,Charge 6
2024-12-23T06:49:42Z,62.0,Charge 6
2024-12-23T06:49:45Z,62.0,Charge 6
2024-12-23T06:49:47Z,62.0,Charge 6
2024-12-23T06:49:49Z,64.0,Charge 6
2024-12-23T06:49:51Z,65.0,Charge 6
2024-12-23T06:49:53Z,66.0,Charge 6
2024-12-23T06:49:55Z,65.0,Charge 6
2024-12-23T06:49:57Z,64.0,Charge 6
2024-12-23T06:49:59Z,62.0,Charge 6
2024-12-23T06:50:00Z,62.0,Charge 6
2024-12-23T06:50:02Z,61.0,Charge 6
2024-12-23T06:50:04Z,60.0,Charge 6
2024-12-23T06:50:06Z,61.0,Charge 6
2024-12-23T06:50:08Z,62.0,Charge 6
2024-12-23T06:50:11Z,62.0,Charge 6
2024-12-23T06:50:14Z,62.0,Charge 6
2024-12-23T06:50:17Z,62.0,Charge 6
2024-12-23T06:50:20Z,62.0,Charge 6
2024-12-23T06:50:23Z,62.0,Charge 6
2024-12-23T06:50:26Z,62.0,Charge 6
2024-12-23T06:50:27Z,61.0,Charge 6
2024-12-23T06:50:29Z,60.0,Charge 6
2024-12-23T06:50:32Z,60.0,Charge 6
2024-12-23T06:50:35Z,60.0,Charge 6
2024-12-23T06:50:37Z,61.0,Charge 6
2024-12-23T06:50:39Z,62.0,Charge 6
2024-12-23T06:50:41Z,62.0,Charge 6
2024-12-23T06:50:43Z,63.0,Charge 6
2024-12-23T06:50:45Z,64.0,Charge 6
2024-12-23T06:50:48Z,64.0,Charge 6
2024-12-23T06:50:51Z,64.0,Charge 6
2024-12-23T06:50:52Z,62.0,Charge 6
2024-12-23T06:50:55Z,62.0,Charge 6
2024-12-23T06:50:58Z,62.0,Charge 6
2024-12-23T06:51:00Z,64.0,Charge 6
2024-12-23T06:51:02Z,65.0,Charge 6
2024-12-23T06:51:05Z,65.0,Charge 6
2024-12-23T06:51:06Z,64.0,Charge 6
2024-12-23T06:51:08Z,63.0,Charge 6
2024-12-23T06:51:10Z,62.0,Charge 6
2024-12-23T06:51:11Z,62.0,Charge 6
2024-12-23T06:51:13Z,60.0,Charge 6
2024-12-23T06:51:16Z,60.0,Charge 6
2024-12-23T06:51:19Z,60.0,Charge 6
2024-12-23T06:51:21Z,62.0,Charge 6
2024-12-23T06:51:24Z,62.0,Charge 6
2024-12-23T06:51:27Z,62.0,Charge 6
2024-12-23T06:51:29Z,63.0,Charge 6
2024-12-23T06:51:31Z,62.0,Charge 6
2024-12-23T06:51:34Z,62.0,Charge 6
2024-12-23T06:51:37Z,62.0,Charge 6
2024-12-23T06:51:40Z,62.0,Charge 6
2024-12-23T06:51:43Z,62.0,Charge 6
2024-12-23T06:51:44Z,62.0,Charge 6
2024-12-23T06:51:47Z,62.0,Charge 6
2024-12-23T06:51:50Z,62.0,Charge 6
2024-12-23T06:51:53Z,62.0,Charge 6
2024-12-23T06:51:56Z,62.0,Charge 6
2024-12-23T06:51:59Z,62.0,Charge 6
2024-12-23T06:52:02Z,62.0,Charge 6
2024-12-23T06:52:05Z,62.0,Charge 6
2024-12-23T06:52:08Z,62.0,Charge 6
2024-12-23T06:52:11Z,62.0,Charge 6
2024-12-23T06:52:14Z,62.0,Charge 6
2024-12-23T06:52:17Z,62.0,Charge 6
2024-12-23T06:52:19Z,61.0,Charge 6
2024-12-23T06:52:21Z,62.0,Charge 6
2024-12-23T06:52:24Z,62.0,Charge 6
2024-12-23T06:52:27Z,62.0,Charge 6
2024-12-23T06:52:30Z,62.0,Charge 6
2024-12-23T06:52:32Z,63.0,Charge 6
2024-12-23T06:52:35Z,63.0,Charge 6
2024-12-23T06:52:38Z,62.0,Charge 6
2024-12-23T06:52:41Z,62.0,Charge 6
2024-12-23T06:52:44Z,62.0,Charge 6
2024-12-23T06:52:46Z,63.0,Charge 6
2024-12-23T06:52:49Z,62.0,Charge 6
2024-12-23T06:52:52Z,62.0,Charge 6
2024-12-23T06:52:55Z,64.0,Charge 6
2024-12-23T06:52:57Z,65.0,Charge 6
2024-12-23T06:52:59Z,65.0,Charge 6
2024-12-23T06:53:01Z,64.0,Charge 6
2024-12-23T06:53:03Z,62.0,Charge 6
2024-12-23T06:53:05Z,62.0,Charge 6
2024-12-23T06:53:07Z,61.0,Charge 6
2024-12-23T06:53:10Z,61.0,Charge 6
2024-12-23T06:53:12Z,62.0,Charge 6
2024-12-23T06:53:15Z,62.0,Charge 6
2024-12-23T06:53:18Z,62.0,Charge 6
2024-12-23T06:53:21Z,62.0,Charge 6
2024-12-23T06:53:22Z,63.0,Charge 6
2024-12-23T06:53:24Z,64.0,Charge 6
2024-12-23T06:53:27Z,64.0,Charge 6
2024-12-23T06:53:30Z,64.0,Charge 6
2024-12-23T06:53:32Z,63.0,Charge 6
2024-12-23T06:53:34Z,62.0,Charge 6
2024-12-23T06:53:37Z,62.0,Charge 6
2024-12-23T06:53:40Z,62.0,Charge 6
2024-12-23T06:53:43Z,61.0,Charge 6
2024-12-23T06:53:45Z,60.0,Charge 6
2024-12-23T06:53:48Z,60.0,Charge 6
2024-12-23T06:53:51Z,60.0,Charge 6
2024-12-23T06:53:53Z,59.0,Charge 6
2024-12-23T06:53:56Z,59.0,Charge 6
2024-12-23T06:53:57Z,58.0,Charge 6
2024-12-23T06:54:00Z,58.0,Charge 6
2024-12-23T06:54:03Z,58.0,Charge 6
2024-12-23T06:54:04Z,58.0,Charge 6
2024-12-23T06:54:06Z,59.0,Charge 6
2024-12-23T06:54:08Z,60.0,Charge 6
2024-12-23T06:54:11Z,60.0,Charge 6
2024-12-23T06:54:14Z,60.0,Charge 6
2024-12-23T06:54:17Z,60.0,Charge 6
2024-12-23T06:54:20Z,60.0,Charge 6
2024-12-23T06:54:22Z,61.0,Charge 6
2024-12-23T06:54:23Z,62.0,Charge 6
2024-12-23T06:54:26Z,62.0,Charge 6
2024-12-23T06:54:29Z,62.0,Charge 6
2024-12-23T06:54:32Z,62.0,Charge 6
2024-12-23T06:54:35Z,62.0,Charge 6
2024-12-23T06:54:38Z,62.0,Charge 6
2024-12-23T06:54:41Z,62.0,Charge 6
2024-12-23T06:54:44Z,62.0,Charge 6
2024-12-23T06:54:47Z,62.0,Charge 6
2024-12-23T06:54:50Z,60.0,Charge 6
2024-12-23T06:54:53Z,60.0,Charge 6
2024-12-23T06:54:54Z,59.0,Charge 6
2024-12-23T06:54:57Z,59.0,Charge 6
2024-12-23T06:55:00Z,60.0,Charge 6
2024-12-23T06:55:02Z,61.0,Charge 6
2024-12-23T06:55:04Z,62.0,Charge 6
2024-12-23T06:55:07Z,62.0,Charge 6
2024-12-23T06:55:10Z,61.0,Charge 6
2024-12-23T06:55:11Z,60.0,Charge 6
2024-12-23T06:55:13Z,60.0,Charge 6
2024-12-23T06:55:15Z,61.0,Charge 6
2024-12-23T06:55:18Z,61.0,Charge 6
2024-12-23T06:55:19Z,62.0,Charge 6
2024-12-23T06:55:22Z,62.0,Charge 6
2024-12-23T06:55:25Z,63.0,Charge 6
2024-12-23T06:55:28Z,63.0,Charge 6
2024-12-23T06:55:31Z,62.0,Charge 6
2024-12-23T06:55:33Z,63.0,Charge 6
2024-12-23T06:55:36Z,63.0,Charge 6
2024-12-23T06:55:38Z,64.0,Charge 6
2024-12-23T06:55:41Z,64.0,Charge 6
2024-12-23T06:55:44Z,64.0,Charge 6
2024-12-23T06:55:46Z,65.0,Charge 6
2024-12-23T06:55:48Z,66.0,Charge 6
2024-12-23T06:55:50Z,69.0,Charge 6
2024-12-23T06:55:52Z,73.0,Charge 6
2024-12-23T06:55:54Z,75.0,Charge 6
2024-12-23T06:55:56Z,76.0,Charge 6
2024-12-23T06:55:58Z,77.0,Charge 6
2024-12-23T06:55:59Z,78.0,Charge 6
2024-12-23T06:56:02Z,78.0,Charge 6
2024-12-23T06:56:05Z,76.0,Charge 6
2024-12-23T06:56:07Z,72.0,Charge 6
2024-12-23T06:56:09Z,69.0,Charge 6
2024-12-23T06:56:11Z,66.0,Charge 6
2024-12-23T06:56:13Z,64.0,Charge 6
2024-12-23T06:56:15Z,64.0,Charge 6
2024-12-23T06:56:17Z,63.0,Charge 6
2024-12-23T06:56:19Z,62.0,Charge 6
2024-12-23T06:56:22Z,62.0,Charge 6
2024-12-23T06:56:23Z,63.0,Charge 6
2024-12-23T06:56:26Z,63.0,Charge 6
2024-12-23T06:56:28Z,64.0,Charge 6
2024-12-23T06:56:31Z,64.0,Charge 6
2024-12-23T06:56:34Z,64.0,Charge 6
2024-12-23T06:56:36Z,65.0,Charge 6
2024-12-23T06:56:39Z,65.0,Charge 6
2024-12-23T06:56:40Z,64.0,Charge 6
2024-12-23T06:56:43Z,64.0,Charge 6
2024-12-23T06:56:46Z,64.0,Charge 6
2024-12-23T06:56:49Z,63.0,Charge 6
2024-12-23T06:56:52Z,63.0,Charge 6
2024-12-23T06:56:55Z,63.0,Charge 6
2024-12-23T06:56:57Z,62.0,Charge 6
2024-12-23T06:57:00Z,62.0,Charge 6
2024-12-23T06:57:03Z,62.0,Charge 6
2024-12-23T06:57:06Z,62.0,Charge 6
2024-12-23T06:57:09Z,62.0,Charge 6
2024-12-23T06:57:11Z,64.0,Charge 6
2024-12-23T06:57:14Z,64.0,Charge 6
2024-12-23T06:57:17Z,64.0,Charge 6
2024-12-23T06:57:18Z,63.0,Charge 6
2024-12-23T06:57:21Z,63.0,Charge 6
2024-12-23T06:57:22Z,63.0,Charge 6
2024-12-23T06:57:25Z,63.0,Charge 6
2024-12-23T06:57:28Z,63.0,Charge 6
2024-12-23T06:57:31Z,63.0,Charge 6
2024-12-23T06:57:32Z,62.0,Charge 6
2024-12-23T06:57:35Z,62.0,Charge 6
2024-12-23T06:57:38Z,62.0,Charge 6
2024-12-23T06:57:41Z,62.0,Charge 6
2024-12-23T06:57:44Z,62.0,Charge 6
2024-12-23T06:57:47Z,62.0,Charge 6
2024-12-23T06:57:50Z,62.0,Charge 6
2024-12-23T06:57:51Z,63.0,Charge 6
2024-12-23T06:57:54Z,63.0,Charge 6
2024-12-23T06:57:55Z,64.0,Charge 6
2024-12-23T06:57:57Z,65.0,Charge 6
2024-12-23T06:57:59Z,66.0,Charge 6
2024-12-23T06:58:00Z,68.0,Charge 6
2024-12-23T06:58:02Z,71.0,Charge 6
2024-12-23T06:58:04Z,74.0,Charge 6
2024-12-23T06:58:06Z,75.0,Charge 6
2024-12-23T06:58:08Z,76.0,Charge 6
2024-12-23T06:58:11Z,76.0,Charge 6
2024-12-23T06:58:12Z,74.0,Charge 6
2024-12-23T06:58:14Z,74.0,Charge 6
2024-12-23T06:58:16Z,72.0,Charge 6
2024-12-23T06:58:18Z,70.0,Charge 6
2024-12-23T06:58:20Z,68.0,Charge 6
2024-12-23T06:58:22Z,67.0,Charge 6
2024-12-23T06:58:23Z,65.0,Charge 6
2024-12-23T06:58:25Z,64.0,Charge 6
2024-12-23T06:58:27Z,63.0,Charge 6
2024-12-23T06:58:29Z,62.0,Charge 6
2024-12-23T06:58:31Z,61.0,Charge 6
2024-12-23T06:58:33Z,60.0,Charge 6
2024-12-23T06:58:35Z,59.0,Charge 6
2024-12-23T06:58:37Z,58.0,Charge 6
2024-12-23T06:58:39Z,57.0,Charge 6
2024-12-23T06:58:42Z,57.0,Charge 6
2024-12-23T06:58:45Z,58.0,Charge 6
2024-12-23T06:58:48Z,59.0,Charge 6
2024-12-23T06:58:50Z,58.0,Charge 6
2024-12-23T06:58:53Z,58.0,Charge 6
2024-12-23T06:58:54Z,58.0,Charge 6
2024-12-23T06:58:56Z,58.0,Charge 6
2024-12-23T06:58:58Z,57.0,Charge 6
2024-12-23T06:59:01Z,57.0,Charge 6
2024-12-23T06:59:04Z,57.0,Charge 6
2024-12-23T06:59:06Z,58.0,Charge 6
2024-12-23T06:59:09Z,58.0,Charge 6
2024-12-23T06:59:11Z,59.0,Charge 6
2024-12-23T06:59:14Z,59.0,Charge 6
2024-12-23T06:59:15Z,60.0,Charge 6
2024-12-23T06:59:18Z,60.0,Charge 6
2024-12-23T06:59:21Z,60.0,Charge 6
2024-12-23T06:59:23Z,61.0,Charge 6
2024-12-23T06:59:25Z,60.0,Charge 6
2024-12-23T06:59:28Z,60.0,Charge 6
2024-12-23T06:59:31Z,60.0,Charge 6
2024-12-23T06:59:34Z,60.0,Charge 6
2024-12-23T06:59:36Z,61.0,Charge 6
2024-12-23T06:59:38Z,62.0,Charge 6
2024-12-23T06:59:41Z,62.0,Charge 6
2024-12-23T06:59:44Z,62.0,Charge 6
2024-12-23T06:59:47Z,62.0,Charge 6
2024-12-23T06:59:48Z,64.0,Charge 6
2024-12-23T06:59:51Z,64.0,Charge 6
2024-12-23T06:59:52Z,66.0,Charge 6
2024-12-23T06:59:54Z,65.0,Charge 6
2024-12-23T06:59:56Z,64.0,Charge 6
2024-12-23T06:59:59Z,63.0,Charge 6
2024-12-23T07:00:02Z,63.0,Charge 6
2024-12-23T07:00:03Z,64.0,Charge 6
2024-12-23T07:00:05Z,65.0,Charge 6
2024-12-23T07:00:07Z,66.0,Charge 6
2024-12-23T07:00:10Z,66.0,Charge 6
2024-12-23T07:00:11Z,68.0,Charge 6
2024-12-23T07:00:14Z,68.0,Charge 6
2024-12-23T07:00:15Z,69.0,Charge 6
2024-12-23T07:00:18Z,69.0,Charge 6
2024-12-23T07:00:21Z,69.0,Charge 6
2024-12-23T07:00:23Z,70.0,Charge 6
2024-12-23T07:00:24Z,71.0,Charge 6
2024-12-23T07:00:26Z,72.0,Charge 6
2024-12-23T07:00:28Z,74.0,Charge 6
2024-12-23T07:00:30Z,76.0,Charge 6
2024-12-23T07:00:32Z,79.0,Charge 6
2024-12-23T07:00:34Z,81.0,Charge 6
2024-12-23T07:00:36Z,82.0,Charge 6
2024-12-23T07:00:38Z,84.0,Charge 6
2024-12-23T07:00:41Z,84.0,Charge 6
2024-12-23T07:00:42Z,85.0,Charge 6
2024-12-23T07:00:44Z,86.0,Charge 6
2024-12-23T07:00:47Z,85.0,Charge 6
2024-12-23T07:00:49Z,84.0,Charge 6
2024-12-23T07:00:51Z,81.0,Charge 6
2024-12-23T07:00:53Z,74.0,Charge 6
2024-12-23T07:00:55Z,69.0,Charge 6
2024-12-23T07:00:57Z,67.0,Charge 6
2024-12-23T07:00:59Z,66.0,Charge 6
2024-12-23T07:01:01Z,64.0,Charge 6
2024-12-23T07:01:04Z,64.0,Charge 6
2024-12-23T07:01:05Z,64.0,Charge 6
2024-12-23T07:01:07Z,63.0,Charge 6
2024-12-23T07:01:10Z,63.0,Charge 6
2024-12-23T07:01:11Z,64.0,Charge 6
2024-12-23T07:01:12Z,63.0,Charge 6
2024-12-23T07:01:15Z,63.0,Charge 6
2024-12-23T07:01:16Z,61.0,Charge 6
2024-12-23T07:01:18Z,60.0,Charge 6
2024-12-23T07:01:20Z,59.0,Charge 6
2024-12-23T07:01:23Z,59.0,Charge 6
2024-12-23T07:01:24Z,58.0,Charge 6
2024-12-23T07:01:27Z,58.0,Charge 6
2024-12-23T07:01:30Z,58.0,Charge 6
2024-12-23T07:01:33Z,58.0,Charge 6
2024-12-23T07:01:36Z,58.0,Charge 6
2024-12-23T07:01:39Z,57.0,Charge 6
2024-12-23T07:01:42Z,57.0,Charge 6
2024-12-23T07:01:43Z,58.0,Charge 6
2024-12-23T07:01:46Z,58.0,Charge 6
2024-12-23T07:01:47Z,59.0,Charge 6
2024-12-23T07:01:49Z,60.0,Charge 6
2024-12-23T07:01:52Z,60.0,Charge 6
2024-12-23T07:01:55Z,60.0,Charge 6
2024-12-23T07:01:58Z,60.0,Charge 6
2024-12-23T07:02:01Z,60.0,Charge 6
2024-12-23T07:02:04Z,61.0,Charge 6
2024-12-23T07:02:06Z,62.0,Charge 6
2024-12-23T07:02:09Z,62.0,Charge 6
2024-12-23T07:02:12Z,63.0,Charge 6
2024-12-23T07:02:14Z,64.0,Charge 6
2024-12-23T07:02:17Z,64.0,Charge 6
2024-12-23T07:02:18Z,65.0,Charge 6
2024-12-23T07:02:20Z,66.0,Charge 6
2024-12-23T07:02:23Z,67.0,Charge 6
2024-12-23T07:02:25Z,68.0,Charge 6
2024-12-23T07:02:28Z,68.0,Charge 6
2024-12-23T07:02:31Z,68.0,Charge 6
2024-12-23T07:02:34Z,68.0,Charge 6
2024-12-23T07:02:37Z,67.0,Charge 6
2024-12-23T07:02:40Z,67.0,Charge 6
2024-12-23T07:02:43Z,67.0,Charge 6
2024-12-23T07:02:45Z,66.0,Charge 6
2024-12-23T07:02:48Z,65.0,Charge 6
2024-12-23T07:02:51Z,65.0,Charge 6
2024-12-23T07:02:54Z,64.0,Charge 6
2024-12-23T07:02:56Z,63.0,Charge 6
2024-12-23T07:02:58Z,62.0,Charge 6
2024-12-23T07:03:00Z,61.0,Charge 6
2024-12-23T07:03:02Z,60.0,Charge 6
2024-12-23T07:03:05Z,60.0,Charge 6
2024-12-23T07:03:08Z,60.0,Charge 6
2024-12-23T07:03:11Z,60.0,Charge 6
2024-12-23T07:03:14Z,60.0,Charge 6
2024-12-23T07:03:17Z,60.0,Charge 6
2024-12-23T07:03:20Z,60.0,Charge 6
2024-12-23T07:03:21Z,61.0,Charge 6
2024-12-23T07:03:24Z,61.0,Charge 6
2024-12-23T07:03:27Z,62.0,Charge 6
2024-12-23T07:03:30Z,62.0,Charge 6
2024-12-23T07:03:33Z,62.0,Charge 6
2024-12-23T07:03:36Z,63.0,Charge 6
2024-12-23T07:03:38Z,63.0,Charge 6
2024-12-23T07:03:41Z,63.0,Charge 6
2024-12-23T07:03:42Z,62.0,Charge 6
2024-12-23T07:03:45Z,62.0,Charge 6
2024-12-23T07:03:46Z,63.0,Charge 6
2024-12-23T07:03:48Z,64.0,Charge 6
2024-12-23T07:03:51Z,64.0,Charge 6
2024-12-23T07:03:54Z,64.0,Charge 6
2024-12-23T07:03:57Z,64.0,Charge 6
2024-12-23T07:03:59Z,65.0,Charge 6
2024-12-23T07:04:02Z,65.0,Charge 6
2024-12-23T07:04:05Z,65.0,Charge 6
2024-12-23T07:04:08Z,65.0,Charge 6
2024-12-23T07:04:11Z,64.0,Charge 6
2024-12-23T07:04:14Z,64.0,Charge 6
2024-12-23T07:04:17Z,64.0,Charge 6
2024-12-23T07:04:20Z,64.0,Charge 6
2024-12-23T07:04:23Z,64.0,Charge 6
2024-12-23T07:04:26Z,64.0,Charge 6
2024-12-23T07:04:29Z,64.0,Charge 6
2024-12-23T07:04:32Z,64.0,Charge 6
2024-12-23T07:04:34Z,64.0,Charge 6
2024-12-23T07:04:36Z,65.0,Charge 6
2024-12-23T07:04:38Z,66.0,Charge 6
2024-12-23T07:04:40Z,68.0,Charge 6
2024-12-23T07:04:43Z,68.0,Charge 6
2024-12-23T07:04:44Z,69.0,Charge 6
2024-12-23T07:04:46Z,68.0,Charge 6
2024-12-23T07:04:49Z,67.0,Charge 6
2024-12-23T07:04:51Z,66.0,Charge 6
2024-12-23T07:04:54Z,66.0,Charge 6
2024-12-23T07:04:55Z,65.0,Charge 6
2024-12-23T07:04:57Z,64.0,Charge 6
2024-12-23T07:05:00Z,64.0,Charge 6
2024-12-23T07:05:01Z,63.0,Charge 6
2024-12-23T07:05:04Z,63.0,Charge 6
2024-12-23T07:05:05Z,62.0,Charge 6
2024-12-23T07:05:08Z,62.0,Charge 6
2024-12-23T07:05:09Z,63.0,Charge 6
2024-12-23T07:05:12Z,64.0,Charge 6
2024-12-23T07:05:15Z,64.0,Charge 6
2024-12-23T07:05:18Z,64.0,Charge 6
2024-12-23T07:05:21Z,64.0,Charge 6
2024-12-23T07:05:22Z,65.0,Charge 6
2024-12-23T07:05:24Z,64.0,Charge 6
2024-12-23T07:05:27Z,64.0,Charge 6
2024-12-23T07:05:30Z,64.0,Charge 6
2024-12-23T07:05:33Z,64.0,Charge 6
2024-12-23T07:05:36Z,64.0,Charge 6
2024-12-23T07:05:39Z,64.0,Charge 6
2024-12-23T07:05:42Z,64.0,Charge 6
2024-12-23T07:05:45Z,64.0,Charge 6
2024-12-23T07:05:48Z,64.0,Charge 6
2024-12-23T07:05:51Z,64.0,Charge 6
2024-12-23T07:05:53Z,64.0,Charge 6
2024-12-23T07:05:56Z,64.0,Charge 6
2024-12-23T07:05:59Z,64.0,Charge 6
2024-12-23T07:06:00Z,63.0,Charge 6
2024-12-23T07:06:02Z,64.0,Charge 6
2024-12-23T07:06:05Z,64.0,Charge 6
2024-12-23T07:06:08Z,64.0,Charge 6
2024-12-23T07:06:10Z,63.0,Charge 6
2024-12-23T07:06:13Z,63.0,Charge 6
2024-12-23T07:06:16Z,63.0,Charge 6
2024-12-23T07:06:19Z,63.0,Charge 6
2024-12-23T07:06:22Z,64.0,Charge 6
2024-12-23T07:06:25Z,64.0,Charge 6
2024-12-23T07:06:28Z,64.0,Charge 6
2024-12-23T07:06:29Z,63.0,Charge 6
2024-12-23T07:06:31Z,62.0,Charge 6
2024-12-23T07:06:34Z,62.0,Charge 6
2024-12-23T07:06:37Z,63.0,Charge 6
2024-12-23T07:06:39Z,64.0,Charge 6
2024-12-23T07:06:42Z,64.0,Charge 6
2024-12-23T07:06:43Z,65.0,Charge 6
2024-12-23T07:06:45Z,64.0,Charge 6
2024-12-23T07:06:48Z,64.0,Charge 6
2024-12-23T07:06:51Z,64.0,Charge 6
2024-12-23T07:06:54Z,64.0,Charge 6
2024-12-23T07:06:56Z,63.0,Charge 6
2024-12-23T07:06:59Z,63.0,Charge 6
2024-12-23T07:07:00Z,62.0,Charge 6
2024-12-23T07:07:03Z,62.0,Charge 6
2024-12-23T07:07:06Z,62.0,Charge 6
2024-12-23T07:07:09Z,62.0,Charge 6
2024-12-23T07:07:12Z,62.0,Charge 6
2024-12-23T07:07:15Z,62.0,Charge 6
2024-12-23T07:07:18Z,62.0,Charge 6
2024-12-23T07:07:19Z,63.0,Charge 6
2024-12-23T07:07:21Z,64.0,Charge 6
2024-12-23T07:07:24Z,64.0,Charge 6
2024-12-23T07:07:27Z,64.0,Charge 6
2024-12-23T07:07:30Z,64.0,Charge 6
2024-12-23T07:07:33Z,64.0,Charge 6
2024-12-23T07:07:36Z,64.0,Charge 6
2024-12-23T07:07:39Z,64.0,Charge 6
2024-12-23T07:07:42Z,64.0,Charge 6
2024-12-23T07:07:45Z,64.0,Charge 6
2024-12-23T07:07:48Z,65.0,Charge 6
2024-12-23T07:07:51Z,65.0,Charge 6
2024-12-23T07:07:52Z,64.0,Charge 6
2024-12-23T07:07:54Z,64.0,Charge 6
2024-12-23T07:07:56Z,63.0,Charge 6
2024-12-23T07:07:58Z,62.0,Charge 6
2024-12-23T07:08:01Z,62.0,Charge 6
2024-12-23T07:08:04Z,62.0,Charge 6
2024-12-23T07:08:05Z,63.0,Charge 6
2024-12-23T07:08:08Z,63.0,Charge 6
2024-12-23T07:08:09Z,63.0,Charge 6
2024-12-23T07:08:12Z,63.0,Charge 6
2024-12-23T07:08:15Z,63.0,Charge 6
2024-12-23T07:08:18Z,63.0,Charge 6
2024-12-23T07:08:21Z,63.0,Charge 6
2024-12-23T07:08:24Z,63.0,Charge 6
2024-12-23T07:08:26Z,62.0,Charge 6
2024-12-23T07:08:29Z,62.0,Charge 6
2024-12-23T07:08:32Z,62.0,Charge 6
2024-12-23T07:08:35Z,62.0,Charge 6
2024-12-23T07:08:36Z,63.0,Charge 6
2024-12-23T07:08:38Z,64.0,Charge 6
2024-12-23T07:08:41Z,64.0,Charge 6
2024-12-23T07:08:42Z,65.0,Charge 6
2024-12-23T07:08:44Z,66.0,Charge 6
2024-12-23T07:08:47Z,67.0,Charge 6
2024-12-23T07:08:49Z,68.0,Charge 6
2024-12-23T07:08:52Z,68.0,Charge 6
2024-12-23T07:08:53Z,67.0,Charge 6
2024-12-23T07:08:55Z,66.0,Charge 6
2024-12-23T07:08:57Z,64.0,Charge 6
2024-12-23T07:09:00Z,64.0,Charge 6
2024-12-23T07:09:03Z,64.0,Charge 6
2024-12-23T07:09:06Z,64.0,Charge 6
2024-12-23T07:09:09Z,64.0,Charge 6
2024-12-23T07:09:12Z,64.0,Charge 6
2024-12-23T07:09:15Z,64.0,Charge 6
2024-12-23T07:09:16Z,64.0,Charge 6
2024-12-23T07:09:19Z,64.0,Charge 6
2024-12-23T07:09:20Z,63.0,Charge 6
2024-12-23T07:09:23Z,63.0,Charge 6
2024-12-23T07:09:26Z,63.0,Charge 6
2024-12-23T07:09:29Z,63.0,Charge 6
2024-12-23T07:09:30Z,64.0,Charge 6
2024-12-23T07:09:33Z,64.0,Charge 6
2024-12-23T07:09:36Z,64.0,Charge 6
2024-12-23T07:09:37Z,65.0,Charge 6
2024-12-23T07:09:39Z,66.0,Charge 6
2024-12-23T07:09:41Z,65.0,Charge 6
2024-12-23T07:09:43Z,64.0,Charge 6
2024-12-23T07:09:45Z,63.0,Charge 6
2024-12-23T07:09:47Z,62.0,Charge 6
2024-12-23T07:09:50Z,62.0,Charge 6
2024-12-23T07:09:51Z,63.0,Charge 6
2024-12-23T07:09:53Z,64.0,Charge 6
2024-12-23T07:09:55Z,66.0,Charge 6
2024-12-23T07:09:57Z,67.0,Charge 6
2024-12-23T07:09:59Z,68.0,Charge 6
2024-12-23T07:10:02Z,69.0,Charge 6
2024-12-23T07:10:04Z,70.0,Charge 6
2024-12-23T07:10:07Z,70.0,Charge 6
2024-12-23T07:10:10Z,69.0,Charge 6
2024-12-23T07:10:12Z,68.0,Charge 6
2024-12-23T07:10:15Z,68.0,Charge 6
2024-12-23T07:10:16Z,67.0,Charge 6
2024-12-23T07:10:18Z,66.0,Charge 6
2024-12-23T07:10:21Z,66.0,Charge 6
2024-12-23T07:10:23Z,65.0,Charge 6
2024-12-23T07:10:25Z,64.0,Charge 6
2024-12-23T07:10:27Z,64.0,Charge 6
2024-12-23T07:10:30Z,64.0,Charge 6
2024-12-23T07:10:33Z,66.0,Charge 6
2024-12-23T07:10:35Z,67.0,Charge 6
2024-12-23T07:10:37Z,68.0,Charge 6
2024-12-23T07:10:39Z,73.0,Charge 6
2024-12-23T07:10:41Z,75.0,Charge 6
2024-12-23T07:10:43Z,76.0,Charge 6
2024-12-23T07:10:46Z,76.0,Charge 6
2024-12-23T07:10:49Z,76.0,Charge 6
2024-12-23T07:10:52Z,76.0,Charge 6
2024-12-23T07:10:55Z,76.0,Charge 6
2024-12-23T07:10:58Z,77.0,Charge 6
2024-12-23T07:11:00Z,76.0,Charge 6
2024-12-23T07:11:02Z,77.0,Charge 6
2024-12-23T07:11:05Z,77.0,Charge 6
2024-12-23T07:11:06Z,78.0,Charge 6
2024-12-23T07:11:09Z,78.0,Charge 6
2024-12-23T07:11:10Z,79.0,Charge 6
2024-12-23T07:11:11Z,78.0,Charge 6
2024-12-23T07:11:13Z,75.0,Charge 6
2024-12-23T07:11:15Z,73.0,Charge 6
2024-12-23T07:11:17Z,71.0,Charge 6
2024-12-23T07:11:19Z,70.0,Charge 6
2024-12-23T07:11:21Z,69.0,Charge 6
2024-12-23T07:11:23Z,68.0,Charge 6
2024-12-23T07:11:26Z,68.0,Charge 6
2024-12-23T07:11:27Z,67.0,Charge 6
2024-12-23T07:11:29Z,66.0,Charge 6
2024-12-23T07:11:31Z,66.0,Charge 6
2024-12-23T07:11:33Z,64.0,Charge 6
2024-12-23T07:11:36Z,63.0,Charge 6
2024-12-23T07:11:38Z,62.0,Charge 6
2024-12-23T07:11:41Z,62.0,Charge 6
2024-12-23T07:11:42Z,63.0,Charge 6
2024-12-23T07:11:44Z,64.0,Charge 6
2024-12-23T07:11:46Z,65.0,Charge 6
2024-12-23T07:11:48Z,66.0,Charge 6
2024-12-23T07:11:50Z,68.0,Charge 6
2024-12-23T07:11:53Z,68.0,Charge 6
2024-12-23T07:11:54Z,69.0,Charge 6
2024-12-23T07:11:57Z,69.0,Charge 6
2024-12-23T07:11:58Z,68.0,Charge 6
2024-12-23T07:12:00Z,67.0,Charge 6
2024-12-23T07:12:02Z,65.0,Charge 6
2024-12-23T07:12:04Z,64.0,Charge 6
2024-12-23T07:12:07Z,64.0,Charge 6
2024-12-23T07:12:08Z,62.0,Charge 6
2024-12-23T07:12:11Z,62.0,Charge 6
2024-12-23T07:12:12Z,62.0,Charge 6
2024-12-23T07:12:13Z,61.0,Charge 6
2024-12-23T07:12:15Z,60.0,Charge 6
2024-12-23T07:12:18Z,60.0,Charge 6
2024-12-23T07:12:21Z,60.0,Charge 6
2024-12-23T07:12:23Z,59.0,Charge 6
2024-12-23T07:12:26Z,59.0,Charge 6
2024-12-23T07:12:29Z,59.0,Charge 6
2024-12-23T07:12:32Z,59.0,Charge 6
2024-12-23T07:12:35Z,59.0,Charge 6
2024-12-23T07:12:38Z,59.0,Charge 6
2024-12-23T07:12:41Z,59.0,Charge 6
2024-12-23T07:12:42Z,60.0,Charge 6
2024-12-23T07:12:45Z,60.0,Charge 6
2024-12-23T07:12:48Z,60.0,Charge 6
2024-12-23T07:12:51Z,60.0,Charge 6
2024-12-23T07:12:54Z,60.0,Charge 6
2024-12-23T07:12:57Z,60.0,Charge 6
2024-12-23T07:13:00Z,60.0,Charge 6
2024-12-23T07:13:03Z,60.0,Charge 6
2024-12-23T07:13:06Z,60.0,Charge 6
2024-12-23T07:13:07Z,62.0,Charge 6
2024-12-23T07:13:10Z,62.0,Charge 6
2024-12-23T07:13:13Z,63.0,Charge 6
2024-12-23T07:13:16Z,63.0,Charge 6
2024-12-23T07:13:17Z,64.0,Charge 6
2024-12-23T07:13:20Z,64.0,Charge 6
2024-12-23T07:13:21Z,64.0,Charge 6
2024-12-23T07:13:24Z,64.0,Charge 6
2024-12-23T07:13:27Z,64.0,Charge 6
2024-12-23T07:13:30Z,64.0,Charge 6
2024-12-23T07:13:33Z,64.0,Charge 6
2024-12-23T07:13:36Z,64.0,Charge 6
2024-12-23T07:13:38Z,63.0,Charge 6
2024-12-23T07:13:41Z,63.0,Charge 6
2024-12-23T07:13:44Z,62.0,Charge 6
2024-12-23T07:13:47Z,62.0,Charge 6
2024-12-23T07:13:50Z,62.0,Charge 6
2024-12-23T07:13:53Z,62.0,Charge 6
2024-12-23T07:13:56Z,62.0,Charge 6
2024-12-23T07:13:59Z,62.0,Charge 6
2024-12-23T07:14:01Z,63.0,Charge 6
2024-12-23T07:14:04Z,63.0,Charge 6
2024-12-23T07:14:07Z,64.0,Charge 6
2024-12-23T07:14:10Z,64.0,Charge 6
2024-12-23T07:14:13Z,64.0,Charge 6
2024-12-23T07:14:16Z,64.0,Charge 6
2024-12-23T07:14:18Z,63.0,Charge 6
2024-12-23T07:14:21Z,63.0,Charge 6
2024-12-23T07:14:22Z,62.0,Charge 6
2024-12-23T07:14:25Z,62.0,Charge 6
2024-12-23T07:14:28Z,63.0,Charge 6
2024-12-23T07:14:30Z,64.0,Charge 6
2024-12-23T07:14:32Z,63.0,Charge 6
2024-12-23T07:14:34Z,63.0,Charge 6
2024-12-23T07:14:36Z,62.0,Charge 6
2024-12-23T07:14:39Z,62.0,Charge 6
2024-12-23T07:14:41Z,63.0,Charge 6
2024-12-23T07:14:43Z,64.0,Charge 6
2024-12-23T07:14:46Z,64.0,Charge 6
2024-12-23T07:14:49Z,64.0,Charge 6
2024-12-23T07:14:52Z,64.0,Charge 6
2024-12-23T07:14:55Z,64.0,Charge 6
2024-12-23T07:14:58Z,64.0,Charge 6
2024-12-23T07:15:01Z,64.0,Charge 6
2024-12-23T07:15:04Z,65.0,Charge 6
2024-12-23T07:15:06Z,64.0,Charge 6
2024-12-23T07:15:09Z,64.0,Charge 6
2024-12-23T07:15:12Z,63.0,Charge 6
2024-12-23T07:15:15Z,63.0,Charge 6
2024-12-23T07:15:16Z,62.0,Charge 6
2024-12-23T07:15:18Z,63.0,Charge 6
2024-12-23T07:15:21Z,63.0,Charge 6
2024-12-23T07:15:22Z,64.0,Charge 6
2024-12-23T07:15:25Z,64.0,Charge 6
2024-12-23T07:15:28Z,64.0,Charge 6
2024-12-23T07:15:31Z,64.0,Charge 6
2024-12-23T07:15:34Z,64.0,Charge 6
2024-12-23T07:15:37Z,64.0,Charge 6
2024-12-23T07:15:40Z,64.0,Charge 6
2024-12-23T07:15:43Z,65.0,Charge 6
2024-12-23T07:15:45Z,65.0,Charge 6
2024-12-23T07:15:48Z,65.0,Charge 6
2024-12-23T07:15:50Z,64.0,Charge 6
2024-12-23T07:15:53Z,64.0,Charge 6
2024-12-23T07:15:56Z,64.0,Charge 6
2024-12-23T07:15:59Z,64.0,Charge 6
2024-12-23T07:16:00Z,63.0,Charge 6
2024-12-23T07:16:02Z,62.0,Charge 6
2024-12-23T07:16:05Z,62.0,Charge 6
2024-12-23T07:16:08Z,62.0,Charge 6
2024-12-23T07:16:11Z,62.0,Charge 6
2024-12-23T07:16:12Z,63.0,Charge 6
2024-12-23T07:16:15Z,63.0,Charge 6
2024-12-23T07:16:17Z,62.0,Charge 6
2024-12-23T07:16:20Z,62.0,Charge 6
2024-12-23T07:16:23Z,62.0,Charge 6
2024-12-23T07:16:26Z,62.0,Charge 6
2024-12-23T07:16:29Z,62.0,Charge 6
2024-12-23T07:16:31Z,61.0,Charge 6
2024-12-23T07:16:33Z,60.0,Charge 6
2024-12-23T07:16:35Z,59.0,Charge 6
2024-12-23T07:16:38Z,59.0,Charge 6
2024-12-23T07:16:40Z,60.0,Charge 6
2024-12-23T07:16:43Z,60.0,Charge 6
2024-12-23T07:16:44Z,61.0,Charge 6
2024-12-23T07:16:46Z,62.0,Charge 6
2024-12-23T07:16:49Z,62.0,Charge 6
2024-12-23T07:16:50Z,63.0,Charge 6
2024-12-23T07:16:53Z,63.0,Charge 6
2024-12-23T07:16:56Z,63.0,Charge 6
2024-12-23T07:16:58Z,62.0,Charge 6
2024-12-23T07:17:01Z,62.0,Charge 6
2024-12-23T07:17:04Z,62.0,Charge 6
2024-12-23T07:17:07Z,62.0,Charge 6
2024-12-23T07:17:10Z,62.0,Charge 6
2024-12-23T07:17:13Z,62.0,Charge 6
2024-12-23T07:17:16Z,62.0,Charge 6
2024-12-23T07:17:19Z,63.0,Charge 6
2024-12-23T07:17:22Z,63.0,Charge 6
2024-12-23T07:17:23Z,62.0,Charge 6
2024-12-23T07:17:26Z,62.0,Charge 6
2024-12-23T07:17:29Z,62.0,Charge 6
2024-12-23T07:17:32Z,61.0,Charge 6
2024-12-23T07:17:34Z,60.0,Charge 6
2024-12-23T07:17:37Z,60.0,Charge 6
2024-12-23T07:17:40Z,60.0,Charge 6
2024-12-23T07:17:42Z,62.0,Charge 6
2024-12-23T07:17:45Z,62.0,Charge 6
2024-12-23T07:17:48Z,62.0,Charge 6
2024-12-23T07:17:49Z,61.0,Charge 6
2024-12-23T07:17:52Z,61.0,Charge 6
2024-12-23T07:17:53Z,62.0,Charge 6
2024-12-23T07:17:56Z,62.0,Charge 6
2024-12-23T07:17:59Z,62.0,Charge 6
2024-12-23T07:18:01Z,62.0,Charge 6
2024-12-23T07:18:04Z,62.0,Charge 6
2024-12-23T07:18:07Z,62.0,Charge 6
2024-12-23T07:18:09Z,63.0,Charge 6
2024-12-23T07:18:12Z,64.0,Charge 6
2024-12-23T07:18:15Z,64.0,Charge 6
2024-12-23T07:18:18Z,64.0,Charge 6
2024-12-23T07:18:21Z,64.0,Charge 6
2024-12-23T07:18:24Z,64.0,Charge 6
2024-12-23T07:18:27Z,64.0,Charge 6
2024-12-23T07:18:30Z,64.0,Charge 6
2024-12-23T07:18:33Z,64.0,Charge 6
2024-12-23T07:18:36Z,64.0,Charge 6
2024-12-23T07:18:39Z,64.0,Charge 6
2024-12-23T07:18:42Z,64.0,Charge 6
2024-12-23T07:18:45Z,64.0,Charge 6
2024-12-23T07:18:48Z,64.0,Charge 6
2024-12-23T07:18:51Z,64.0,Charge 6
2024-12-23T07:18:53Z,65.0,Charge 6
2024-12-23T07:18:55Z,66.0,Charge 6
2024-12-23T07:18:58Z,66.0,Charge 6
2024-12-23T07:19:01Z,66.0,Charge 6
2024-12-23T07:19:04Z,66.0,Charge 6
2024-12-23T07:19:06Z,65.0,Charge 6
2024-12-23T07:19:09Z,65.0,Charge 6
2024-12-23T07:19:12Z,65.0,Charge 6
2024-12-23T07:19:15Z,65.0,Charge 6
2024-12-23T07:19:16Z,66.0,Charge 6
2024-12-23T07:19:18Z,65.0,Charge 6
2024-12-23T07:19:20Z,64.0,Charge 6
2024-12-23T07:19:23Z,64.0,Charge 6
2024-12-23T07:19:24Z,63.0,Charge 6
2024-12-23T07:19:25Z,62.0,Charge 6
2024-12-23T07:19:28Z,62.0,Charge 6
2024-12-23T07:19:31Z,62.0,Charge 6
2024-12-23T07:19:34Z,62.0,Charge 6
2024-12-23T07:19:37Z,62.0,Charge 6
2024-12-23T07:19:40Z,62.0,Charge 6
2024-12-23T07:19:43Z,62.0,Charge 6
2024-12-23T07:19:45Z,63.0,Charge 6
2024-12-23T07:19:47Z,64.0,Charge 6
2024-12-23T07:19:50Z,64.0,Charge 6
2024-12-23T07:19:53Z,64.0,Charge 6
2024-12-23T07:19:56Z,64.0,Charge 6
2024-12-23T07:19:59Z,64.0,Charge 6
2024-12-23T07:20:02Z,64.0,Charge 6
2024-12-23T07:20:05Z,64.0,Charge 6
2024-12-23T07:20:08Z,64.0,Charge 6
2024-12-23T07:20:11Z,64.0,Charge 6
2024-12-23T07:20:12Z,65.0,Charge 6
2024-12-23T07:20:15Z,64.0,Charge 6
2024-12-23T07:20:18Z,64.0,Charge 6
2024-12-23T07:20:21Z,63.0,Charge 6
2024-12-23T07:20:23Z,62.0,Charge 6
2024-12-23T07:20:25Z,62.0,Charge 6
2024-12-23T07:20:28Z,62.0,Charge 6
2024-12-23T07:20:31Z,62.0,Charge 6
2024-12-23T07:20:34Z,62.0,Charge 6
2024-12-23T07:20:37Z,62.0,Charge 6
2024-12-23T07:20:40Z,62.0,Charge 6
2024-12-23T07:20:42Z,63.0,Charge 6
2024-12-23T07:20:45Z,63.0,Charge 6
2024-12-23T07:20:48Z,63.0,Charge 6
2024-12-23T07:20:51Z,63.0,Charge 6
2024-12-23T07:20:54Z,62.0,Charge 6
2024-12-23T07:20:57Z,62.0,Charge 6
2024-12-23T07:21:00Z,62.0,Charge 6
2024-12-23T07:21:03Z,62.0,Charge 6
2024-12-23T07:21:05Z,63.0,Charge 6
2024-12-23T07:21:08Z,63.0,Charge 6
2024-12-23T07:21:11Z,63.0,Charge 6
2024-12-23T07:21:14Z,63.0,Charge 6
2024-12-23T07:21:17Z,63.0,Charge 6
2024-12-23T07:21:20Z,63.0,Charge 6
2024-12-23T07:21:21Z,64.0,Charge 6
2024-12-23T07:21:24Z,63.0,Charge 6
2024-12-23T07:21:27Z,63.0,Charge 6
2024-12-23T07:21:30Z,64.0,Charge 6
2024-12-23T07:21:33Z,64.0,Charge 6
2024-12-23T07:21:36Z,64.0,Charge 6
2024-12-23T07:21:39Z,64.0,Charge 6
2024-12-23T07:21:40Z,64.0,Charge 6
2024-12-23T07:21:43Z,64.0,Charge 6
2024-12-23T07:21:46Z,64.0,Charge 6
2024-12-23T07:21:49Z,64.0,Charge 6
2024-12-23T07:21:52Z,64.0,Charge 6
2024-12-23T07:21:55Z,64.0,Charge 6
2024-12-23T07:21:58Z,64.0,Charge 6
2024-12-23T07:22:01Z,64.0,Charge 6
2024-12-23T07:22:03Z,65.0,Charge 6
2024-12-23T07:22:05Z,66.0,Charge 6
2024-12-23T07:22:08Z,66.0,Charge 6
2024-12-23T07:22:11Z,65.0,Charge 6
2024-12-23T07:22:12Z,64.0,Charge 6
2024-12-23T07:22:15Z,64.0,Charge 6
2024-12-23T07:22:18Z,64.0,Charge 6
2024-12-23T07:22:20Z,63.0,Charge 6
2024-12-23T07:22:23Z,63.0,Charge 6
2024-12-23T07:22:24Z,62.0,Charge 6
2024-12-23T07:22:27Z,62.0,Charge 6
2024-12-23T07:22:30Z,62.0,Charge 6
2024-12-23T07:22:33Z,62.0,Charge 6
2024-12-23T07:22:36Z,62.0,Charge 6
2024-12-23T07:22:39Z,62.0,Charge 6
2024-12-23T07:22:42Z,62.0,Charge 6
2024-12-23T07:22:45Z,62.0,Charge 6
2024-12-23T07:22:48Z,62.0,Charge 6
2024-12-23T07:22:51Z,62.0,Charge 6
2024-12-23T07:22:53Z,62.0,Charge 6
2024-12-23T07:22:56Z,62.0,Charge 6
2024-12-23T07:22:59Z,62.0,Charge 6
2024-12-23T07:23:02Z,62.0,Charge 6
2024-12-23T07:23:05Z,62.0,Charge 6
2024-12-23T07:23:08Z,62.0,Charge 6
2024-12-23T07:23:11Z,62.0,Charge 6
2024-12-23T07:23:14Z,62.0,Charge 6
2024-12-23T07:23:17Z,62.0,Charge 6
2024-12-23T07:23:20Z,62.0,Charge 6
2024-12-23T07:23:23Z,62.0,Charge 6
2024-12-23T07:23:26Z,62.0,Charge 6
2024-12-23T07:23:29Z,62.0,Charge 6
2024-12-23T07:23:32Z,62.0,Charge 6
2024-12-23T07:23:33Z,63.0,Charge 6
2024-12-23T07:23:36Z,63.0,Charge 6
2024-12-23T07:23:39Z,63.0,Charge 6
2024-12-23T07:23:42Z,63.0,Charge 6
2024-12-23T07:23:45Z,64.0,Charge 6
2024-12-23T07:23:48Z,63.0,Charge 6
2024-12-23T07:23:51Z,63.0,Charge 6
2024-12-23T07:23:52Z,62.0,Charge 6
2024-12-23T07:23:55Z,62.0,Charge 6
2024-12-23T07:23:58Z,62.0,Charge 6
2024-12-23T07:24:01Z,62.0,Charge 6
2024-12-23T07:24:04Z,62.0,Charge 6
2024-12-23T07:24:07Z,62.0,Charge 6
2024-12-23T07:24:08Z,62.0,Charge 6
2024-12-23T07:24:11Z,62.0,Charge 6
2024-12-23T07:24:14Z,62.0,Charge 6
2024-12-23T07:24:17Z,62.0,Charge 6
2024-12-23T07:24:20Z,62.0,Charge 6
2024-12-23T07:24:23Z,62.0,Charge 6
2024-12-23T07:24:26Z,62.0,Charge 6
2024-12-23T07:24:27Z,61.0,Charge 6
2024-12-23T07:24:29Z,62.0,Charge 6
2024-12-23T07:24:32Z,62.0,Charge 6
2024-12-23T07:24:35Z,62.0,Charge 6
2024-12-23T07:24:36Z,61.0,Charge 6
2024-12-23T07:24:39Z,61.0,Charge 6
2024-12-23T07:24:40Z,62.0,Charge 6
2024-12-23T07:24:43Z,62.0,Charge 6
2024-12-23T07:24:46Z,62.0,Charge 6
2024-12-23T07:24:49Z,62.0,Charge 6
2024-12-23T07:24:52Z,62.0,Charge 6
2024-12-23T07:24:55Z,62.0,Charge 6
2024-12-23T07:24:58Z,63.0,Charge 6
2024-12-23T07:25:01Z,63.0,Charge 6
2024-12-23T07:25:04Z,63.0,Charge 6
2024-12-23T07:25:07Z,64.0,Charge 6
2024-12-23T07:25:10Z,64.0,Charge 6
2024-12-23T07:25:13Z,65.0,Charge 6
2024-12-23T07:25:15Z,66.0,Charge 6
2024-12-23T07:25:18Z,66.0,Charge 6
2024-12-23T07:25:19Z,66.0,Charge 6
2024-12-23T07:25:22Z,66.0,Charge 6
2024-12-23T07:25:25Z,66.0,Charge 6
2024-12-23T07:25:28Z,66.0,Charge 6
2024-12-23T07:25:31Z,66.0,Charge 6
2024-12-23T07:25:34Z,66.0,Charge 6
2024-12-23T07:25:37Z,66.0,Charge 6
2024-12-23T07:25:38Z,65.0,Charge 6
2024-12-23T07:25:41Z,65.0,Charge 6
2024-12-23T07:25:44Z,65.0,Charge 6
2024-12-23T07:25:46Z,64.0,Charge 6
2024-12-23T07:25:49Z,63.0,Charge 6
2024-12-23T07:25:51Z,62.0,Charge 6
2024-12-23T07:25:54Z,62.0,Charge 6
2024-12-23T07:25:57Z,62.0,Charge 6
2024-12-23T07:26:00Z,62.0,Charge 6
2024-12-23T07:26:03Z,63.0,Charge 6
2024-12-23T07:26:06Z,63.0,Charge 6
2024-12-23T07:26:07Z,64.0,Charge 6
2024-12-23T07:26:10Z,64.0,Charge 6
2024-12-23T07:26:13Z,64.0,Charge 6
2024-12-23T07:26:16Z,64.0,Charge 6
2024-12-23T07:26:19Z,64.0,Charge 6
2024-12-23T07:26:22Z,63.0,Charge 6
2024-12-23T07:26:24Z,62.0,Charge 6
2024-12-23T07:26:27Z,62.0,Charge 6
2024-12-23T07:26:30Z,62.0,Charge 6
2024-12-23T07:26:32Z,62.0,Charge 6
2024-12-23T07:26:34Z,63.0,Charge 6
2024-12-23T07:26:37Z,64.0,Charge 6
2024-12-23T07:26:40Z,64.0,Charge 6
2024-12-23T07:26:43Z,64.0,Charge 6
2024-12-23T07:26:46Z,64.0,Charge 6
2024-12-23T07:26:49Z,64.0,Charge 6
2024-12-23T07:26:52Z,64.0,Charge 6
2024-12-23T07:26:55Z,64.0,Charge 6
2024-12-23T07:26:58Z,64.0,Charge 6
2024-12-23T07:27:01Z,64.0,Charge 6
2024-12-23T07:27:04Z,64.0,Charge 6
2024-12-23T07:27:07Z,64.0,Charge 6
2024-12-23T07:27:10Z,64.0,Charge 6
2024-12-23T07:27:13Z,64.0,Charge 6
2024-12-23T07:27:14Z,63.0,Charge 6
2024-12-23T07:27:16Z,62.0,Charge 6
2024-12-23T07:27:19Z,62.0,Charge 6
2024-12-23T07:27:22Z,62.0,Charge 6
2024-12-23T07:27:25Z,62.0,Charge 6
2024-12-23T07:27:28Z,62.0,Charge 6
2024-12-23T07:27:31Z,62.0,Charge 6
2024-12-23T07:27:34Z,62.0,Charge 6
2024-12-23T07:27:37Z,61.0,Charge 6
2024-12-23T07:27:39Z,60.0,Charge 6
2024-12-23T07:27:42Z,60.0,Charge 6
2024-12-23T07:27:45Z,60.0,Charge 6
2024-12-23T07:27:47Z,60.0,Charge 6
2024-12-23T07:27:48Z,61.0,Charge 6
2024-12-23T07:27:51Z,61.0,Charge 6
2024-12-23T07:27:52Z,62.0,Charge 6
2024-12-23T07:27:55Z,62.0,Charge 6
2024-12-23T07:27:58Z,62.0,Charge 6
2024-12-23T07:28:01Z,62.0,Charge 6
2024-12-23T07:28:02Z,63.0,Charge 6
2024-12-23T07:28:05Z,63.0,Charge 6
2024-12-23T07:28:06Z,64.0,Charge 6
2024-12-23T07:28:09Z,64.0,Charge 6
2024-12-23T07:28:12Z,64.0,Charge 6
2024-12-23T07:28:13Z,63.0,Charge 6
2024-12-23T07:28:16Z,63.0,Charge 6
2024-12-23T07:28:17Z,62.0,Charge 6
2024-12-23T07:28:20Z,62.0,Charge 6
2024-12-23T07:28:23Z,62.0,Charge 6
2024-12-23T07:28:26Z,62.0,Charge 6
2024-12-23T07:28:27Z,61.0,Charge 6
2024-12-23T07:28:29Z,60.0,Charge 6
2024-12-23T07:28:32Z,60.0,Charge 6
2024-12-23T07:28:35Z,60.0,Charge 6
2024-12-23T07:28:38Z,61.0,Charge 6
2024-12-23T07:28:41Z,61.0,Charge 6
2024-12-23T07:28:42Z,62.0,Charge 6
2024-12-23T07:28:45Z,62.0,Charge 6
2024-12-23T07:28:46Z,61.0,Charge 6
2024-12-23T07:28:48Z,60.0,Charge 6
2024-12-23T07:28:51Z,60.0,Charge 6
2024-12-23T07:28:54Z,60.0,Charge 6
2024-12-23T07:28:57Z,60.0,Charge 6
2024-12-23T07:29:00Z,60.0,Charge 6
2024-12-23T07:29:03Z,61.0,Charge 6
2024-12-23T07:29:05Z,62.0,Charge 6
2024-12-23T07:29:08Z,62.0,Charge 6
2024-12-23T07:29:11Z,62.0,Charge 6
2024-12-23T07:29:14Z,62.0,Charge 6
2024-12-23T07:29:17Z,63.0,Charge 6
2024-12-23T07:29:20Z,63.0,Charge 6
2024-12-23T07:29:23Z,63.0,Charge 6
2024-12-23T07:29:24Z,62.0,Charge 6
2024-12-23T07:29:27Z,62.0,Charge 6
2024-12-23T07:29:30Z,62.0,Charge 6
2024-12-23T07:29:32Z,63.0,Charge 6
2024-12-23T07:29:34Z,64.0,Charge 6
2024-12-23T07:29:37Z,64.0,Charge 6
2024-12-23T07:29:40Z,64.0,Charge 6
2024-12-23T07:29:43Z,64.0,Charge 6
2024-12-23T07:29:46Z,64.0,Charge 6
2024-12-23T07:29:49Z,65.0,Charge 6
2024-12-23T07:29:51Z,64.0,Charge 6
2024-12-23T07:29:54Z,64.0,Charge 6
2024-12-23T07:29:57Z,64.0,Charge 6
2024-12-23T07:30:00Z,64.0,Charge 6
2024-12-23T07:30:01Z,64.0,Charge 6
2024-12-23T07:30:04Z,64.0,Charge 6
2024-12-23T07:30:07Z,63.0,Charge 6
2024-12-23T07:30:10Z,63.0,Charge 6
2024-12-23T07:30:12Z,62.0,Charge 6
2024-12-23T07:30:15Z,62.0,Charge 6
2024-12-23T07:30:16Z,63.0,Charge 6
2024-12-23T07:30:19Z,63.0,Charge 6
2024-12-23T07:30:22Z,62.0,Charge 6
2024-12-23T07:30:25Z,62.0,Charge 6
2024-12-23T07:30:28Z,62.0,Charge 6
2024-12-23T07:30:31Z,62.0,Charge 6
2024-12-23T07:30:34Z,62.0,Charge 6
2024-12-23T07:30:36Z,63.0,Charge 6
2024-12-23T07:30:39Z,64.0,Charge 6
2024-12-23T07:30:42Z,64.0,Charge 6
2024-12-23T07:30:45Z,64.0,Charge 6
2024-12-23T07:30:47Z,65.0,Charge 6
2024-12-23T07:30:49Z,66.0,Charge 6
2024-12-23T07:30:52Z,66.0,Charge 6
2024-12-23T07:30:55Z,64.0,Charge 6
2024-12-23T07:30:57Z,63.0,Charge 6
2024-12-23T07:30:59Z,62.0,Charge 6
2024-12-23T07:31:02Z,62.0,Charge 6
2024-12-23T07:31:05Z,62.0,Charge 6
2024-12-23T07:31:08Z,62.0,Charge 6
2024-12-23T07:31:11Z,62.0,Charge 6
2024-12-23T07:31:12Z,62.0,Charge 6
2024-12-23T07:31:15Z,62.0,Charge 6
2024-12-23T07:31:16Z,61.0,Charge 6
2024-12-23T07:31:19Z,61.0,Charge 6
2024-12-23T07:31:20Z,62.0,Charge 6
2024-12-23T07:31:23Z,62.0,Charge 6
2024-12-23T07:31:26Z,62.0,Charge 6
2024-12-23T07:31:29Z,62.0,Charge 6
2024-12-23T07:31:32Z,62.0,Charge 6
2024-12-23T07:31:35Z,62.0,Charge 6
2024-12-23T07:31:38Z,62.0,Charge 6
2024-12-23T07:31:41Z,62.0,Charge 6
2024-12-23T07:31:44Z,62.0,Charge 6
2024-12-23T07:31:47Z,62.0,Charge 6
2024-12-23T07:31:50Z,62.0,Charge 6
2024-12-23T07:31:52Z,63.0,Charge 6
2024-12-23T07:31:55Z,63.0,Charge 6
2024-12-23T07:31:58Z,63.0,Charge 6
2024-12-23T07:32:01Z,63.0,Charge 6
2024-12-23T07:32:04Z,63.0,Charge 6
2024-12-23T07:32:06Z,62.0,Charge 6
2024-12-23T07:32:09Z,62.0,Charge 6
2024-12-23T07:32:12Z,62.0,Charge 6
2024-12-23T07:32:15Z,62.0,Charge 6
2024-12-23T07:32:17Z,61.0,Charge 6
2024-12-23T07:32:20Z,61.0,Charge 6
2024-12-23T07:32:23Z,60.0,Charge 6
2024-12-23T07:32:25Z,60.0,Charge 6
2024-12-23T07:32:27Z,61.0,Charge 6
2024-12-23T07:32:30Z,61.0,Charge 6
2024-12-23T07:32:31Z,62.0,Charge 6
2024-12-23T07:32:34Z,62.0,Charge 6
2024-12-23T07:32:37Z,62.0,Charge 6
2024-12-23T07:32:40Z,62.0,Charge 6
2024-12-23T07:32:42Z,63.0,Charge 6
2024-12-23T07:32:44Z,64.0,Charge 6
2024-12-23T07:32:47Z,64.0,Charge 6
2024-12-23T07:32:50Z,64.0,Charge 6
2024-12-23T07:32:53Z,64.0,Charge 6
2024-12-23T07:32:56Z,64.0,Charge 6
2024-12-23T07:32:59Z,64.0,Charge 6
2024-12-23T07:33:02Z,64.0,Charge 6
2024-12-23T07:33:05Z,64.0,Charge 6
2024-12-23T07:33:08Z,64.0,Charge 6
2024-12-23T07:33:09Z,63.0,Charge 6
2024-12-23T07:33:12Z,63.0,Charge 6
2024-12-23T07:33:15Z,63.0,Charge 6
2024-12-23T07:33:18Z,63.0,Charge 6
2024-12-23T07:33:21Z,64.0,Charge 6
2024-12-23T07:33:24Z,64.0,Charge 6
2024-12-23T07:33:27Z,64.0,Charge 6
2024-12-23T07:33:30Z,64.0,Charge 6
2024-12-23T07:33:33Z,64.0,Charge 6
2024-12-23T07:33:34Z,63.0,Charge 6
2024-12-23T07:33:36Z,63.0,Charge 6
2024-12-23T07:33:38Z,62.0,Charge 6
2024-12-23T07:33:41Z,62.0,Charge 6
2024-12-23T07:33:44Z,62.0,Charge 6
2024-12-23T07:33:47Z,62.0,Charge 6
2024-12-23T07:33:50Z,62.0,Charge 6
2024-12-23T07:33:51Z,61.0,Charge 6
2024-12-23T07:33:53Z,60.0,Charge 6
2024-12-23T07:33:55Z,61.0,Charge 6
2024-12-23T07:33:57Z,60.0,Charge 6
2024-12-23T07:34:00Z,60.0,Charge 6
2024-12-23T07:34:01Z,59.0,Charge 6
2024-12-23T07:34:04Z,59.0,Charge 6
2024-12-23T07:34:07Z,59.0,Charge 6
2024-12-23T07:34:09Z,60.0,Charge 6
2024-12-23T07:34:12Z,60.0,Charge 6
2024-12-23T07:34:15Z,60.0,Charge 6
2024-12-23T07:34:18Z,60.0,Charge 6
2024-12-23T07:34:21Z,60.0,Charge 6
2024-12-23T07:34:24Z,60.0,Charge 6
2024-12-23T07:34:26Z,61.0,Charge 6
2024-12-23T07:34:28Z,62.0,Charge 6
2024-12-23T07:34:31Z,62.0,Charge 6
2024-12-23T07:34:34Z,62.0,Charge 6
2024-12-23T07:34:37Z,62.0,Charge 6
2024-12-23T07:34:40Z,62.0,Charge 6
2024-12-23T07:34:43Z,62.0,Charge 6
2024-12-23T07:34:45Z,63.0,Charge 6
2024-12-23T07:34:48Z,63.0,Charge 6
2024-12-23T07:34:51Z,62.0,Charge 6
2024-12-23T07:34:54Z,62.0,Charge 6
2024-12-23T07:34:57Z,62.0,Charge 6
2024-12-23T07:34:59Z,63.0,Charge 6
2024-12-23T07:35:00Z,62.0,Charge 6
2024-12-23T07:35:03Z,62.0,Charge 6
2024-12-23T07:35:04Z,60.0,Charge 6
2024-12-23T07:35:07Z,60.0,Charge 6
2024-12-23T07:35:08Z,59.0,Charge 6
2024-12-23T07:35:10Z,58.0,Charge 6
2024-12-23T07:35:12Z,59.0,Charge 6
2024-12-23T07:35:14Z,60.0,Charge 6
2024-12-23T07:35:17Z,60.0,Charge 6
2024-12-23T07:35:18Z,62.0,Charge 6
2024-12-23T07:35:21Z,62.0,Charge 6
2024-12-23T07:35:22Z,63.0,Charge 6
2024-12-23T07:35:25Z,63.0,Charge 6
2024-12-23T07:35:28Z,63.0,Charge 6
2024-12-23T07:35:29Z,64.0,Charge 6
2024-12-23T07:35:32Z,64.0,Charge 6
2024-12-23T07:35:35Z,64.0,Charge 6
2024-12-23T07:35:38Z,64.0,Charge 6
2024-12-23T07:35:41Z,64.0,Charge 6
2024-12-23T07:35:44Z,64.0,Charge 6
2024-12-23T07:35:47Z,64.0,Charge 6
2024-12-23T07:35:48Z,64.0,Charge 6
2024-12-23T07:35:51Z,64.0,Charge 6
2024-12-23T07:35:54Z,64.0,Charge 6
2024-12-23T07:35:57Z,64.0,Charge 6
2024-12-23T07:36:00Z,64.0,Charge 6
2024-12-23T07:36:03Z,64.0,Charge 6
2024-12-23T07:36:04Z,63.0,Charge 6
2024-12-23T07:36:07Z,63.0,Charge 6
2024-12-23T07:36:10Z,63.0,Charge 6
2024-12-23T07:36:13Z,62.0,Charge 6
2024-12-23T07:36:16Z,62.0,Charge 6
2024-12-23T07:36:19Z,62.0,Charge 6
2024-12-23T07:36:22Z,62.0,Charge 6
2024-12-23T07:36:25Z,63.0,Charge 6
2024-12-23T07:36:28Z,63.0,Charge 6
2024-12-23T07:36:29Z,64.0,Charge 6
2024-12-23T07:36:31Z,63.0,Charge 6
2024-12-23T07:36:33Z,62.0,Charge 6
2024-12-23T07:36:36Z,62.0,Charge 6
2024-12-23T07:36:39Z,62.0,Charge 6
2024-12-23T07:36:42Z,62.0,Charge 6
2024-12-23T07:36:45Z,62.0,Charge 6
2024-12-23T07:36:46Z,63.0,Charge 6
2024-12-23T07:36:48Z,64.0,Charge 6
2024-12-23T07:36:51Z,64.0,Charge 6
2024-12-23T07:36:54Z,64.0,Charge 6
2024-12-23T07:36:57Z,64.0,Charge 6
2024-12-23T07:36:58Z,64.0,Charge 6
2024-12-23T07:37:01Z,65.0,Charge 6
2024-12-23T07:37:03Z,66.0,Charge 6
2024-12-23T07:37:05Z,65.0,Charge 6
2024-12-23T07:37:07Z,64.0,Charge 6
2024-12-23T07:37:10Z,64.0,Charge 6
2024-12-23T07:37:13Z,64.0,Charge 6
2024-12-23T07:37:16Z,64.0,Charge 6
2024-12-23T07:37:19Z,64.0,Charge 6
2024-12-23T07:37:22Z,64.0,Charge 6
2024-12-23T07:37:24Z,63.0,Charge 6
2024-12-23T07:37:27Z,63.0,Charge 6
2024-12-23T07:37:28Z,62.0,Charge 6
2024-12-23T07:37:31Z,62.0,Charge 6
2024-12-23T07:37:34Z,62.0,Charge 6
2024-12-23T07:37:37Z,62.0,Charge 6
2024-12-23T07:37:40Z,62.0,Charge 6
2024-12-23T07:37:42Z,61.0,Charge 6
2024-12-23T07:37:44Z,62.0,Charge 6
2024-12-23T07:37:47Z,62.0,Charge 6
2024-12-23T07:37:50Z,62.0,Charge 6
2024-12-23T07:37:53Z,62.0,Charge 6
2024-12-23T07:37:56Z,62.0,Charge 6
2024-12-23T07:37:59Z,63.0,Charge 6
2024-12-23T07:38:02Z,63.0,Charge 6
2024-12-23T07:38:05Z,63.0,Charge 6
2024-12-23T07:38:08Z,63.0,Charge 6
2024-12-23T07:38:09Z,64.0,Charge 6
2024-12-23T07:38:11Z,63.0,Charge 6
2024-12-23T07:38:14Z,62.0,Charge 6
2024-12-23T07:38:17Z,62.0,Charge 6
2024-12-23T07:38:20Z,62.0,Charge 6
2024-12-23T07:38:23Z,62.0,Charge 6
2024-12-23T07:38:26Z,62.0,Charge 6
2024-12-23T07:38:29Z,62.0,Charge 6
2024-12-23T07:38:32Z,62.0,Charge 6
2024-12-23T07:38:35Z,62.0,Charge 6
2024-12-23T07:38:38Z,62.0,Charge 6
2024-12-23T07:38:41Z,62.0,Charge 6
2024-12-23T07:38:44Z,62.0,Charge 6
2024-12-23T07:38:47Z,63.0,Charge 6
2024-12-23T07:38:50Z,63.0,Charge 6
2024-12-23T07:38:51Z,64.0,Charge 6
2024-12-23T07:38:54Z,64.0,Charge 6
2024-12-23T07:38:57Z,63.0,Charge 6
2024-12-23T07:39:00Z,62.0,Charge 6
2024-12-23T07:39:03Z,62.0,Charge 6
2024-12-23T07:39:06Z,62.0,Charge 6
2024-12-23T07:39:09Z,62.0,Charge 6
2024-12-23T07:39:12Z,62.0,Charge 6
2024-12-23T07:39:15Z,62.0,Charge 6
2024-12-23T07:39:18Z,62.0,Charge 6
2024-12-23T07:39:21Z,62.0,Charge 6
2024-12-23T07:39:24Z,62.0,Charge 6
2024-12-23T07:39:25Z,62.0,Charge 6
2024-12-23T07:39:28Z,62.0,Charge 6
2024-12-23T07:39:31Z,62.0,Charge 6
2024-12-23T07:39:34Z,62.0,Charge 6
2024-12-23T07:39:37Z,62.0,Charge 6
2024-12-23T07:39:40Z,62.0,Charge 6
2024-12-23T07:39:43Z,63.0,Charge 6
2024-12-23T07:39:45Z,64.0,Charge 6
2024-12-23T07:39:48Z,64.0,Charge 6
2024-12-23T07:39:51Z,64.0,Charge 6
2024-12-23T07:39:54Z,64.0,Charge 6
2024-12-23T07:39:57Z,64.0,Charge 6
2024-12-23T07:40:00Z,64.0,Charge 6
2024-12-23T07:40:03Z,64.0,Charge 6
2024-12-23T07:40:06Z,65.0,Charge 6
2024-12-23T07:40:08Z,64.0,Charge 6
2024-12-23T07:40:11Z,64.0,Charge 6
2024-12-23T07:40:14Z,64.0,Charge 6
2024-12-23T07:40:17Z,64.0,Charge 6
2024-12-23T07:40:20Z,64.0,Charge 6
2024-12-23T07:40:23Z,64.0,Charge 6
2024-12-23T07:40:25Z,63.0,Charge 6
2024-12-23T07:40:28Z,63.0,Charge 6
2024-12-23T07:40:31Z,63.0,Charge 6
2024-12-23T07:40:34Z,63.0,Charge 6
2024-12-23T07:40:37Z,63.0,Charge 6
2024-12-23T07:40:38Z,62.0,Charge 6
2024-12-23T07:40:40Z,62.0,Charge 6
2024-12-23T07:40:43Z,62.0,Charge 6
2024-12-23T07:40:46Z,62.0,Charge 6
2024-12-23T07:40:48Z,63.0,Charge 6
2024-12-23T07:40:51Z,63.0,Charge 6
2024-12-23T07:40:54Z,63.0,Charge 6
2024-12-23T07:40:57Z,63.0,Charge 6
2024-12-23T07:41:00Z,63.0,Charge 6
2024-12-23T07:41:01Z,62.0,Charge 6
2024-12-23T07:41:04Z,62.0,Charge 6
2024-12-23T07:41:07Z,62.0,Charge 6
2024-12-23T07:41:09Z,63.0,Charge 6
2024-12-23T07:41:11Z,64.0,Charge 6
2024-12-23T07:41:13Z,63.0,Charge 6
2024-12-23T07:41:16Z,63.0,Charge 6
2024-12-23T07:41:17Z,62.0,Charge 6
2024-12-23T07:41:20Z,62.0,Charge 6
2024-12-23T07:41:21Z,61.0,Charge 6
2024-12-23T07:41:24Z,61.0,Charge 6
2024-12-23T07:41:26Z,62.0,Charge 6
2024-12-23T07:41:29Z,62.0,Charge 6
2024-12-23T07:41:32Z,62.0,Charge 6
2024-12-23T07:41:34Z,63.0,Charge 6
2024-12-23T07:41:37Z,63.0,Charge 6
2024-12-23T07:41:40Z,64.0,Charge 6
2024-12-23T07:41:43Z,64.0,Charge 6
2024-12-23T07:41:46Z,64.0,Charge 6
2024-12-23T07:41:48Z,64.0,Charge 6
2024-12-23T07:41:49Z,62.0,Charge 6
2024-12-23T07:41:52Z,62.0,Charge 6
2024-12-23T07:41:55Z,62.0,Charge 6
2024-12-23T07:41:58Z,62.0,Charge 6
2024-12-23T07:42:01Z,62.0,Charge 6
2024-12-23T07:42:04Z,62.0,Charge 6
2024-12-23T07:42:05Z,61.0,Charge 6
2024-12-23T07:42:07Z,60.0,Charge 6
2024-12-23T07:42:10Z,60.0,Charge 6
2024-12-23T07:42:11Z,61.0,Charge 6
2024-12-23T07:42:12Z,62.0,Charge 6
2024-12-23T07:42:15Z,62.0,Charge 6
2024-12-23T07:42:18Z,61.0,Charge 6
2024-12-23T07:42:21Z,61.0,Charge 6
2024-12-23T07:42:24Z,61.0,Charge 6
2024-12-23T07:42:26Z,62.0,Charge 6
2024-12-23T07:42:28Z,61.0,Charge 6
2024-12-23T07:42:31Z,61.0,Charge 6
2024-12-23T07:42:34Z,61.0,Charge 6
2024-12-23T07:42:37Z,62.0,Charge 6
2024-12-23T07:42:40Z,62.0,Charge 6
2024-12-23T07:42:43Z,63.0,Charge 6
2024-12-23T07:42:46Z,63.0,Charge 6
2024-12-23T07:42:49Z,64.0,Charge 6
2024-12-23T07:42:52Z,64.0,Charge 6
2024-12-23T07:42:55Z,64.0,Charge 6
2024-12-23T07:42:57Z,64.0,Charge 6
2024-12-23T07:43:00Z,64.0,Charge 6
2024-12-23T07:43:01Z,63.0,Charge 6
2024-12-23T07:43:03Z,62.0,Charge 6
2024-12-23T07:43:06Z,62.0,Charge 6
2024-12-23T07:43:09Z,62.0,Charge 6
2024-12-23T07:43:12Z,62.0,Charge 6
2024-12-23T07:43:15Z,62.0,Charge 6
2024-12-23T07:43:18Z,62.0,Charge 6
2024-12-23T07:43:20Z,63.0,Charge 6
2024-12-23T07:43:22Z,64.0,Charge 6
2024-12-23T07:43:24Z,66.0,Charge 6
2024-12-23T07:43:26Z,68.0,Charge 6
2024-12-23T07:43:28Z,70.0,Charge 6
2024-12-23T07:43:30Z,71.0,Charge 6
2024-12-23T07:43:32Z,73.0,Charge 6
2024-12-23T07:43:34Z,75.0,Charge 6
2024-12-23T07:43:35Z,76.0,Charge 6
2024-12-23T07:43:37Z,78.0,Charge 6
2024-12-23T07:43:39Z,80.0,Charge 6
2024-12-23T07:43:41Z,79.0,Charge 6
2024-12-23T07:43:43Z,80.0,Charge 6
2024-12-23T07:43:45Z,80.0,Charge 6
2024-12-23T07:43:47Z,80.0,Charge 6
2024-12-23T07:43:49Z,81.0,Charge 6
2024-12-23T07:43:51Z,81.0,Charge 6
2024-12-23T07:43:53Z,79.0,Charge 6
2024-12-23T07:43:55Z,76.0,Charge 6
2024-12-23T07:43:57Z,72.0,Charge 6
2024-12-23T07:43:59Z,68.0,Charge 6
2024-12-23T07:44:00Z,64.0,Charge 6
2024-12-23T07:44:02Z,63.0,Charge 6
2024-12-23T07:44:05Z,63.0,Charge 6
2024-12-23T07:44:06Z,62.0,Charge 6
2024-12-23T07:44:08Z,61.0,Charge 6
2024-12-23T07:44:10Z,60.0,Charge 6
2024-12-23T07:44:13Z,60.0,Charge 6
2024-12-23T07:44:16Z,58.0,Charge 6
2024-12-23T07:44:19Z,58.0,Charge 6
2024-12-23T07:44:22Z,58.0,Charge 6
2024-12-23T07:44:23Z,57.0,Charge 6
2024-12-23T07:44:26Z,57.0,Charge 6
2024-12-23T07:44:29Z,57.0,Charge 6
2024-12-23T07:44:32Z,57.0,Charge 6
2024-12-23T07:44:35Z,58.0,Charge 6
2024-12-23T07:44:38Z,58.0,Charge 6
2024-12-23T07:44:41Z,59.0,Charge 6
2024-12-23T07:44:43Z,60.0,Charge 6
2024-12-23T07:44:46Z,60.0,Charge 6
2024-12-23T07:44:49Z,60.0,Charge 6
2024-12-23T07:44:52Z,60.0,Charge 6
2024-12-23T07:44:55Z,60.0,Charge 6
2024-12-23T07:44:58Z,60.0,Charge 6
2024-12-23T07:45:01Z,60.0,Charge 6
2024-12-23T07:45:02Z,60.0,Charge 6
2024-12-23T07:45:05Z,60.0,Charge 6
2024-12-23T07:45:08Z,60.0,Charge 6
2024-12-23T07:45:11Z,60.0,Charge 6
2024-12-23T07:45:14Z,60.0,Charge 6
2024-12-23T07:45:17Z,60.0,Charge 6
2024-12-23T07:45:19Z,61.0,Charge 6
2024-12-23T07:45:22Z,61.0,Charge 6
2024-12-23T07:45:23Z,62.0,Charge 6
2024-12-23T07:45:26Z,62.0,Charge 6
2024-12-23T07:45:29Z,61.0,Charge 6
2024-12-23T07:45:32Z,61.0,Charge 6
2024-12-23T07:45:35Z,61.0,Charge 6
2024-12-23T07:45:38Z,62.0,Charge 6
2024-12-23T07:45:41Z,62.0,Charge 6
2024-12-23T07:45:44Z,60.0,Charge 6
2024-12-23T07:45:47Z,60.0,Charge 6
2024-12-23T07:45:50Z,61.0,Charge 6
2024-12-23T07:45:52Z,62.0,Charge 6
2024-12-23T07:45:55Z,62.0,Charge 6
2024-12-23T07:45:58Z,62.0,Charge 6
2024-12-23T07:46:01Z,62.0,Charge 6
2024-12-23T07:46:03Z,63.0,Charge 6
2024-12-23T07:46:05Z,64.0,Charge 6
2024-12-23T07:46:08Z,64.0,Charge 6
2024-12-23T07:46:11Z,64.0,Charge 6
2024-12-23T07:46:14Z,64.0,Charge 6
2024-12-23T07:46:15Z,64.0,Charge 6
2024-12-23T07:46:18Z,64.0,Charge 6
2024-12-23T07:46:19Z,63.0,Charge 6
2024-12-23T07:46:21Z,62.0,Charge 6
2024-12-23T07:46:24Z,62.0,Charge 6
2024-12-23T07:46:27Z,62.0,Charge 6
2024-12-23T07:46:30Z,62.0,Charge 6
2024-12-23T07:46:32Z,61.0,Charge 6
2024-12-23T07:46:34Z,60.0,Charge 6
2024-12-23T07:46:37Z,60.0,Charge 6
2024-12-23T07:46:40Z,60.0,Charge 6
2024-12-23T07:46:43Z,60.0,Charge 6
2024-12-23T07:46:46Z,60.0,Charge 6
2024-12-23T07:46:49Z,60.0,Charge 6
2024-12-23T07:46:52Z,60.0,Charge 6
2024-12-23T07:46:55Z,60.0,Charge 6
2024-12-23T07:46:57Z,61.0,Charge 6
2024-12-23T07:47:00Z,61.0,Charge 6
2024-12-23T07:47:03Z,61.0,Charge 6
2024-12-23T07:47:06Z,61.0,Charge 6
2024-12-23T07:47:07Z,62.0,Charge 6
2024-12-23T07:47:10Z,62.0,Charge 6
2024-12-23T07:47:11Z,63.0,Charge 6
2024-12-23T07:47:12Z,64.0,Charge 6
2024-12-23T07:47:15Z,64.0,Charge 6
2024-12-23T07:47:18Z,62.0,Charge 6
2024-12-23T07:47:21Z,62.0,Charge 6
2024-12-23T07:47:22Z,61.0,Charge 6
2024-12-23T07:47:25Z,61.0,Charge 6
2024-12-23T07:47:26Z,60.0,Charge 6
2024-12-23T07:47:29Z,60.0,Charge 6
2024-12-23T07:47:32Z,60.0,Charge 6
2024-12-23T07:47:35Z,59.0,Charge 6
2024-12-23T07:47:37Z,60.0,Charge 6
2024-12-23T07:47:40Z,60.0,Charge 6
2024-12-23T07:47:43Z,60.0,Charge 6
2024-12-23T07:47:46Z,60.0,Charge 6
2024-12-23T07:47:47Z,61.0,Charge 6
2024-12-23T07:47:49Z,62.0,Charge 6
2024-12-23T07:47:52Z,62.0,Charge 6
2024-12-23T07:47:55Z,62.0,Charge 6
2024-12-23T07:47:58Z,62.0,Charge 6
2024-12-23T07:47:59Z,63.0,Charge 6
2024-12-23T07:48:02Z,64.0,Charge 6
2024-12-23T07:48:05Z,64.0,Charge 6
2024-12-23T07:48:08Z,64.0,Charge 6
2024-12-23T07:48:11Z,64.0,Charge 6
2024-12-23T07:48:14Z,63.0,Charge 6
2024-12-23T07:48:16Z,62.0,Charge 6
2024-12-23T07:48:18Z,63.0,Charge 6
2024-12-23T07:48:21Z,63.0,Charge 6
2024-12-23T07:48:23Z,62.0,Charge 6
2024-12-23T07:48:26Z,62.0,Charge 6
2024-12-23T07:48:29Z,62.0,Charge 6
2024-12-23T07:48:31Z,62.0,Charge 6
2024-12-23T07:48:34Z,62.0,Charge 6
2024-12-23T07:48:35Z,61.0,Charge 6
2024-12-23T07:48:37Z,60.0,Charge 6
2024-12-23T07:48:40Z,60.0,Charge 6
2024-12-23T07:48:41Z,61.0,Charge 6
2024-12-23T07:48:43Z,62.0,Charge 6
2024-12-23T07:48:45Z,61.0,Charge 6
2024-12-23T07:48:47Z,60.0,Charge 6
2024-12-23T07:48:50Z,59.0,Charge 6
2024-12-23T07:48:53Z,59.0,Charge 6
2024-12-23T07:48:56Z,59.0,Charge 6
2024-12-23T07:48:58Z,60.0,Charge 6
2024-12-23T07:49:01Z,60.0,Charge 6
2024-12-23T07:49:04Z,60.0,Charge 6
2024-12-23T07:49:07Z,60.0,Charge 6
2024-12-23T07:49:10Z,60.0,Charge 6
2024-12-23T07:49:13Z,60.0,Charge 6
2024-12-23T07:49:16Z,60.0,Charge 6
2024-12-23T07:49:19Z,60.0,Charge 6
2024-12-23T07:49:22Z,60.0,Charge 6
2024-12-23T07:49:25Z,60.0,Charge 6
2024-12-23T07:49:28Z,60.0,Charge 6
2024-12-23T07:49:31Z,60.0,Charge 6
2024-12-23T07:49:34Z,60.0,Charge 6
2024-12-23T07:49:37Z,60.0,Charge 6
2024-12-23T07:49:40Z,59.0,Charge 6
2024-12-23T07:49:42Z,59.0,Charge 6
2024-12-23T07:49:45Z,59.0,Charge 6
2024-12-23T07:49:46Z,60.0,Charge 6
2024-12-23T07:49:49Z,60.0,Charge 6
2024-12-23T07:49:52Z,60.0,Charge 6
2024-12-23T07:49:55Z,60.0,Charge 6
2024-12-23T07:49:58Z,61.0,Charge 6
2024-12-23T07:49:59Z,62.0,Charge 6
2024-12-23T07:50:02Z,62.0,Charge 6
2024-12-23T07:50:05Z,62.0,Charge 6
2024-12-23T07:50:08Z,62.0,Charge 6
2024-12-23T07:50:11Z,62.0,Charge 6
2024-12-23T07:50:14Z,62.0,Charge 6
2024-12-23T07:50:17Z,62.0,Charge 6
2024-12-23T07:50:20Z,62.0,Charge 6
2024-12-23T07:50:23Z,61.0,Charge 6
2024-12-23T07:50:26Z,61.0,Charge 6
2024-12-23T07:50:29Z,61.0,Charge 6
2024-12-23T07:50:32Z,60.0,Charge 6
2024-12-23T07:50:35Z,60.0,Charge 6
2024-12-23T07:50:38Z,60.0,Charge 6
2024-12-23T07:50:41Z,60.0,Charge 6
2024-12-23T07:50:44Z,60.0,Charge 6
2024-12-23T07:50:46Z,59.0,Charge 6
2024-12-23T07:50:49Z,58.0,Charge 6
2024-12-23T07:50:52Z,58.0,Charge 6
2024-12-23T07:50:53Z,60.0,Charge 6
2024-12-23T07:50:55Z,60.0,Charge 6
2024-12-23T07:50:58Z,60.0,Charge 6
2024-12-23T07:50:59Z,61.0,Charge 6
2024-12-23T07:51:02Z,61.0,Charge 6
2024-12-23T07:51:03Z,60.0,Charge 6
2024-12-23T07:51:05Z,61.0,Charge 6
2024-12-23T07:51:08Z,61.0,Charge 6
2024-12-23T07:51:11Z,61.0,Charge 6
2024-12-23T07:51:12Z,60.0,Charge 6
2024-12-23T07:51:15Z,60.0,Charge 6
2024-12-23T07:51:18Z,59.0,Charge 6
2024-12-23T07:51:21Z,59.0,Charge 6
2024-12-23T07:51:22Z,58.0,Charge 6
2024-12-23T07:51:25Z,58.0,Charge 6
2024-12-23T07:51:26Z,59.0,Charge 6
2024-12-23T07:51:29Z,59.0,Charge 6
2024-12-23T07:51:30Z,60.0,Charge 6
2024-12-23T07:51:33Z,60.0,Charge 6
2024-12-23T07:51:34Z,59.0,Charge 6
2024-12-23T07:51:37Z,58.0,Charge 6
2024-12-23T07:51:39Z,59.0,Charge 6
2024-12-23T07:51:42Z,59.0,Charge 6
2024-12-23T07:51:43Z,60.0,Charge 6
2024-12-23T07:51:46Z,60.0,Charge 6
2024-12-23T07:51:49Z,60.0,Charge 6
2024-12-23T07:51:52Z,60.0,Charge 6
2024-12-23T07:51:55Z,60.0,Charge 6
2024-12-23T07:51:57Z,60.0,Charge 6
2024-12-23T07:52:00Z,61.0,Charge 6
2024-12-23T07:52:02Z,62.0,Charge 6
2024-12-23T07:52:05Z,62.0,Charge 6
2024-12-23T07:52:06Z,61.0,Charge 6
2024-12-23T07:52:08Z,60.0,Charge 6
2024-12-23T07:52:11Z,60.0,Charge 6
2024-12-23T07:52:14Z,60.0,Charge 6
2024-12-23T07:52:17Z,60.0,Charge 6
2024-12-23T07:52:20Z,60.0,Charge 6
2024-12-23T07:52:23Z,60.0,Charge 6
2024-12-23T07:52:26Z,60.0,Charge 6
2024-12-23T07:52:29Z,60.0,Charge 6
2024-12-23T07:52:32Z,60.0,Charge 6
2024-12-23T07:52:33Z,59.0,Charge 6
2024-12-23T07:52:35Z,58.0,Charge 6
2024-12-23T07:52:37Z,57.0,Charge 6
2024-12-23T07:52:39Z,56.0,Charge 6
2024-12-23T07:52:42Z,56.0,Charge 6
2024-12-23T07:52:45Z,57.0,Charge 6
2024-12-23T07:52:48Z,57.0,Charge 6
2024-12-23T07:52:51Z,57.0,Charge 6
2024-12-23T07:52:52Z,58.0,Charge 6
2024-12-23T07:52:55Z,58.0,Charge 6
2024-12-23T07:52:58Z,58.0,Charge 6
2024-12-23T07:53:01Z,58.0,Charge 6
2024-12-23T07:53:04Z,58.0,Charge 6
2024-12-23T07:53:06Z,59.0,Charge 6
2024-12-23T07:53:09Z,59.0,Charge 6
2024-12-23T07:53:10Z,60.0,Charge 6
2024-12-23T07:53:13Z,60.0,Charge 6
2024-12-23T07:53:16Z,60.0,Charge 6
2024-12-23T07:53:19Z,60.0,Charge 6
2024-12-23T07:53:22Z,60.0,Charge 6
2024-12-23T07:53:25Z,60.0,Charge 6
2024-12-23T07:53:28Z,60.0,Charge 6
2024-12-23T07:53:31Z,60.0,Charge 6
2024-12-23T07:53:34Z,60.0,Charge 6
2024-12-23T07:53:37Z,60.0,Charge 6
2024-12-23T07:53:40Z,60.0,Charge 6
2024-12-23T07:53:43Z,60.0,Charge 6
2024-12-23T07:53:46Z,60.0,Charge 6
2024-12-23T07:53:49Z,60.0,Charge 6
2024-12-23T07:53:52Z,60.0,Charge 6
2024-12-23T07:53:55Z,60.0,Charge 6
2024-12-23T07:53:56Z,61.0,Charge 6
2024-12-23T07:53:58Z,62.0,Charge 6
2024-12-23T07:54:01Z,62.0,Charge 6
2024-12-23T07:54:04Z,62.0,Charge 6
2024-12-23T07:54:05Z,63.0,Charge 6
2024-12-23T07:54:08Z,63.0,Charge 6
2024-12-23T07:54:09Z,64.0,Charge 6
2024-12-23T07:54:12Z,64.0,Charge 6
2024-12-23T07:54:15Z,64.0,Charge 6
2024-12-23T07:54:17Z,64.0,Charge 6
2024-12-23T07:54:19Z,65.0,Charge 6
2024-12-23T07:54:22Z,65.0,Charge 6
2024-12-23T07:54:23Z,64.0,Charge 6
2024-12-23T07:54:26Z,63.0,Charge 6
2024-12-23T07:54:28Z,62.0,Charge 6
2024-12-23T07:54:31Z,62.0,Charge 6
2024-12-23T07:54:34Z,62.0,Charge 6
2024-12-23T07:54:37Z,62.0,Charge 6
2024-12-23T07:54:40Z,62.0,Charge 6
2024-12-23T07:54:43Z,62.0,Charge 6
2024-12-23T07:54:46Z,62.0,Charge 6
2024-12-23T07:54:49Z,62.0,Charge 6
2024-12-23T07:54:52Z,62.0,Charge 6
2024-12-23T07:54:53Z,60.0,Charge 6
2024-12-23T07:54:56Z,60.0,Charge 6
2024-12-23T07:54:57Z,58.0,Charge 6
2024-12-23T07:55:00Z,58.0,Charge 6
2024-12-23T07:55:03Z,58.0,Charge 6
2024-12-23T07:55:05Z,59.0,Charge 6
2024-12-23T07:55:08Z,59.0,Charge 6
2024-12-23T07:55:09Z,58.0,Charge 6
2024-12-23T07:55:11Z,59.0,Charge 6
2024-12-23T07:55:14Z,60.0,Charge 6
2024-12-23T07:55:17Z,60.0,Charge 6
2024-12-23T07:55:20Z,60.0,Charge 6
2024-12-23T07:55:23Z,60.0,Charge 6
2024-12-23T07:55:24Z,60.0,Charge 6
2024-12-23T07:55:27Z,60.0,Charge 6
2024-12-23T07:55:30Z,60.0,Charge 6
2024-12-23T07:55:32Z,59.0,Charge 6
2024-12-23T07:55:34Z,58.0,Charge 6
2024-12-23T07:55:37Z,58.0,Charge 6
2024-12-23T07:55:40Z,58.0,Charge 6
2024-12-23T07:55:43Z,58.0,Charge 6
2024-12-23T07:55:46Z,58.0,Charge 6
2024-12-23T07:55:49Z,58.0,Charge 6
2024-12-23T07:55:52Z,58.0,Charge 6
2024-12-23T07:55:55Z,58.0,Charge 6
2024-12-23T07:55:58Z,58.0,Charge 6
2024-12-23T07:56:01Z,58.0,Charge 6
2024-12-23T07:56:02Z,57.0,Charge 6
2024-12-23T07:56:05Z,57.0,Charge 6
2024-12-23T07:56:06Z,58.0,Charge 6
2024-12-23T07:56:09Z,58.0,Charge 6
2024-12-23T07:56:12Z,59.0,Charge 6
2024-12-23T07:56:14Z,58.0,Charge 6
2024-12-23T07:56:17Z,58.0,Charge 6
2024-12-23T07:56:20Z,58.0,Charge 6
2024-12-23T07:56:22Z,59.0,Charge 6
2024-12-23T07:56:25Z,60.0,Charge 6
2024-12-23T07:56:28Z,60.0,Charge 6
2024-12-23T07:56:31Z,59.0,Charge 6
2024-12-23T07:56:33Z,60.0,Charge 6
2024-12-23T07:56:35Z,60.0,Charge 6
2024-12-23T07:56:38Z,60.0,Charge 6
2024-12-23T07:56:41Z,60.0,Charge 6
2024-12-23T07:56:44Z,60.0,Charge 6
2024-12-23T07:56:47Z,60.0,Charge 6
2024-12-23T07:56:48Z,61.0,Charge 6
2024-12-23T07:56:51Z,61.0,Charge 6
2024-12-23T07:56:52Z,62.0,Charge 6
2024-12-23T07:56:55Z,62.0,Charge 6
2024-12-23T07:56:56Z,61.0,Charge 6
2024-12-23T07:56:58Z,60.0,Charge 6
2024-12-23T07:57:01Z,60.0,Charge 6
2024-12-23T07:57:04Z,60.0,Charge 6
2024-12-23T07:57:07Z,60.0,Charge 6
2024-12-23T07:57:10Z,60.0,Charge 6
2024-12-23T07:57:13Z,60.0,Charge 6
2024-12-23T07:57:16Z,60.0,Charge 6
2024-12-23T07:57:19Z,60.0,Charge 6
2024-12-23T07:57:22Z,60.0,Charge 6
2024-12-23T07:57:23Z,61.0,Charge 6
2024-12-23T07:57:26Z,61.0,Charge 6
2024-12-23T07:57:29Z,62.0,Charge 6
2024-12-23T07:57:32Z,62.0,Charge 6
2024-12-23T07:57:35Z,62.0,Charge 6
2024-12-23T07:57:38Z,62.0,Charge 6
2024-12-23T07:57:41Z,62.0,Charge 6
2024-12-23T07:57:42Z,63.0,Charge 6
2024-12-23T07:57:44Z,64.0,Charge 6
2024-12-23T07:57:46Z,66.0,Charge 6
2024-12-23T07:57:48Z,71.0,Charge 6
2024-12-23T07:57:50Z,75.0,Charge 6
2024-12-23T07:57:53Z,75.0,Charge 6
2024-12-23T07:57:56Z,76.0,Charge 6
2024-12-23T07:57:59Z,75.0,Charge 6
2024-12-23T07:58:01Z,73.0,Charge 6
2024-12-23T07:58:03Z,70.0,Charge 6
2024-12-23T07:58:05Z,68.0,Charge 6
2024-12-23T07:58:07Z,65.0,Charge 6
2024-12-23T07:58:09Z,63.0,Charge 6
2024-12-23T07:58:11Z,63.0,Charge 6
2024-12-23T07:58:13Z,62.0,Charge 6
2024-12-23T07:58:15Z,61.0,Charge 6
2024-12-23T07:58:17Z,60.0,Charge 6
2024-12-23T07:58:19Z,59.0,Charge 6
2024-12-23T07:58:21Z,58.0,Charge 6
2024-12-23T07:58:23Z,57.0,Charge 6
2024-12-23T07:58:26Z,57.0,Charge 6
2024-12-23T07:58:29Z,57.0,Charge 6
2024-12-23T07:58:32Z,57.0,Charge 6
2024-12-23T07:58:35Z,57.0,Charge 6
2024-12-23T07:58:38Z,57.0,Charge 6
2024-12-23T07:58:41Z,57.0,Charge 6
2024-12-23T07:58:42Z,58.0,Charge 6
2024-12-23T07:58:44Z,58.0,Charge 6
2024-12-23T07:58:46Z,58.0,Charge 6
2024-12-23T07:58:47Z,58.0,Charge 6
2024-12-23T07:58:50Z,58.0,Charge 6
2024-12-23T07:58:53Z,58.0,Charge 6
2024-12-23T07:58:55Z,58.0,Charge 6
2024-12-23T07:58:58Z,58.0,Charge 6
2024-12-23T07:59:01Z,58.0,Charge 6
2024-12-23T07:59:03Z,59.0,Charge 6
2024-12-23T07:59:05Z,58.0,Charge 6
2024-12-23T07:59:07Z,58.0,Charge 6
2024-12-23T07:59:09Z,59.0,Charge 6
2024-12-23T07:59:12Z,59.0,Charge 6
2024-12-23T07:59:15Z,59.0,Charge 6
2024-12-23T07:59:16Z,59.0,Charge 6
2024-12-23T07:59:18Z,60.0,Charge 6
2024-12-23T07:59:21Z,60.0,Charge 6
2024-12-23T07:59:24Z,60.0,Charge 6
2024-12-23T07:59:27Z,60.0,Charge 6
2024-12-23T07:59:28Z,60.0,Charge 6
2024-12-23T07:59:30Z,60.0,Charge 6
2024-12-23T07:59:33Z,60.0,Charge 6
2024-12-23T07:59:34Z,60.0,Charge 6
2024-12-23T07:59:35Z,61.0,Charge 6
2024-12-23T07:59:37Z,61.0,Charge 6
2024-12-23T07:59:40Z,61.0,Charge 6
2024-12-23T07:59:43Z,62.0,Charge 6
2024-12-23T07:59:46Z,62.0,Charge 6
2024-12-23T07:59:47Z,62.0,Charge 6
2024-12-23T07:59:50Z,62.0,Charge 6
2024-12-23T07:59:51Z,62.0,Charge 6
2024-12-23T07:59:54Z,62.0,Charge 6
2024-12-23T07:59:55Z,62.0,Charge 6
2024-12-23T07:59:57Z,61.0,Charge 6
2024-12-23T07:59:59Z,60.0,Charge 6
2024-12-23T08:00:02Z,62.0,Charge 6
2024-12-23T08:00:05Z,62.0,Charge 6
2024-12-23T08:00:06Z,61.0,Charge 6
2024-12-23T08:00:09Z,61.0,Charge 6
2024-12-23T08:00:10Z,60.0,Charge 6
2024-12-23T08:00:13Z,60.0,Charge 6
2024-12-23T08:00:16Z,60.0,Charge 6
2024-12-23T08:00:19Z,60.0,Charge 6
2024-12-23T08:00:22Z,61.0,Charge 6
2024-12-23T08:00:23Z,62.0,Charge 6
2024-12-23T08:00:26Z,62.0,Charge 6
2024-12-23T08:00:29Z,63.0,Charge 6
2024-12-23T08:00:31Z,64.0,Charge 6
2024-12-23T08:00:34Z,64.0,Charge 6
2024-12-23T08:00:35Z,64.0,Charge 6
2024-12-23T08:00:38Z,64.0,Charge 6
2024-12-23T08:00:41Z,64.0,Charge 6
2024-12-23T08:00:43Z,63.0,Charge 6
2024-12-23T08:00:45Z,62.0,Charge 6
2024-12-23T08:00:48Z,61.0,Charge 6
2024-12-23T08:00:50Z,60.0,Charge 6
2024-12-23T08:00:53Z,60.0,Charge 6
2024-12-23T08:00:56Z,60.0,Charge 6
2024-12-23T08:00:59Z,60.0,Charge 6
2024-12-23T08:01:02Z,60.0,Charge 6
2024-12-23T08:01:05Z,60.0,Charge 6
2024-12-23T08:01:08Z,60.0,Charge 6
2024-12-23T08:01:11Z,60.0,Charge 6
2024-12-23T08:01:14Z,60.0,Charge 6
2024-12-23T08:01:17Z,60.0,Charge 6
2024-12-23T08:01:20Z,60.0,Charge 6
2024-12-23T08:01:23Z,60.0,Charge 6
2024-12-23T08:01:26Z,60.0,Charge 6
2024-12-23T08:01:29Z,60.0,Charge 6
2024-12-23T08:01:32Z,60.0,Charge 6
2024-12-23T08:01:35Z,61.0,Charge 6
2024-12-23T08:01:36Z,62.0,Charge 6
2024-12-23T08:01:39Z,62.0,Charge 6
2024-12-23T08:01:42Z,60.0,Charge 6
2024-12-23T08:01:45Z,60.0,Charge 6
2024-12-23T08:01:46Z,58.0,Charge 6
2024-12-23T08:01:49Z,58.0,Charge 6
2024-12-23T08:01:50Z,59.0,Charge 6
2024-12-23T08:01:52Z,60.0,Charge 6
2024-12-23T08:01:54Z,60.0,Charge 6
2024-12-23T08:01:57Z,60.0,Charge 6
2024-12-23T08:01:58Z,61.0,Charge 6
2024-12-23T08:01:59Z,62.0,Charge 6
2024-12-23T08:02:01Z,62.0,Charge 6
2024-12-23T08:02:03Z,62.0,Charge 6
2024-12-23T08:02:06Z,62.0,Charge 6
2024-12-23T08:02:09Z,62.0,Charge 6
2024-12-23T08:02:12Z,62.0,Charge 6
2024-12-23T08:02:15Z,62.0,Charge 6
2024-12-23T08:02:18Z,62.0,Charge 6
2024-12-23T08:02:21Z,62.0,Charge 6
2024-12-23T08:02:23Z,60.0,Charge 6
2024-12-23T08:02:24Z,60.0,Charge 6
2024-12-23T08:02:26Z,59.0,Charge 6
2024-12-23T08:02:29Z,59.0,Charge 6
2024-12-23T08:02:30Z,58.0,Charge 6
2024-12-23T08:02:33Z,58.0,Charge 6
2024-12-23T08:02:36Z,58.0,Charge 6
2024-12-23T08:02:39Z,58.0,Charge 6
2024-12-23T08:02:40Z,58.0,Charge 6
2024-12-23T08:02:42Z,58.0,Charge 6
2024-12-23T08:02:44Z,58.0,Charge 6
2024-12-23T08:02:47Z,58.0,Charge 6
2024-12-23T08:02:49Z,59.0,Charge 6
2024-12-23T08:02:52Z,59.0,Charge 6
2024-12-23T08:02:53Z,60.0,Charge 6
2024-12-23T08:02:56Z,60.0,Charge 6
2024-12-23T08:02:59Z,60.0,Charge 6
2024-12-23T08:03:02Z,60.0,Charge 6
2024-12-23T08:03:03Z,60.0,Charge 6
2024-12-23T08:03:05Z,60.0,Charge 6
2024-12-23T08:03:08Z,60.0,Charge 6
2024-12-23T08:03:11Z,60.0,Charge 6
2024-12-23T08:03:14Z,60.0,Charge 6
2024-12-23T08:03:17Z,60.0,Charge 6
2024-12-23T08:03:20Z,60.0,Charge 6
2024-12-23T08:03:23Z,60.0,Charge 6
2024-12-23T08:03:24Z,61.0,Charge 6
2024-12-23T08:03:26Z,62.0,Charge 6
2024-12-23T08:03:29Z,62.0,Charge 6
2024-12-23T08:03:30Z,61.0,Charge 6
2024-12-23T08:03:32Z,60.0,Charge 6
2024-12-23T08:03:34Z,59.0,Charge 6
2024-12-23T08:03:35Z,58.0,Charge 6
2024-12-23T08:03:38Z,58.0,Charge 6
2024-12-23T08:03:39Z,59.0,Charge 6
2024-12-23T08:03:41Z,60.0,Charge 6
2024-12-23T08:03:44Z,60.0,Charge 6
2024-12-23T08:03:47Z,61.0,Charge 6
2024-12-23T08:03:49Z,62.0,Charge 6
2024-12-23T08:03:52Z,62.0,Charge 6
2024-12-23T08:03:55Z,62.0,Charge 6
2024-12-23T08:03:58Z,62.0,Charge 6
2024-12-23T08:04:01Z,62.0,Charge 6
2024-12-23T08:04:04Z,62.0,Charge 6
2024-12-23T08:04:07Z,62.0,Charge 6
2024-12-23T08:04:08Z,62.0,Charge 6
2024-12-23T08:04:11Z,62.0,Charge 6
2024-12-23T08:04:12Z,63.0,Charge 6
2024-12-23T08:04:14Z,66.0,Charge 6
2024-12-23T08:04:16Z,67.0,Charge 6
2024-12-23T08:04:19Z,67.0,Charge 6
2024-12-23T08:04:20Z,66.0,Charge 6
2024-12-23T08:04:22Z,64.0,Charge 6
2024-12-23T08:04:23Z,63.0,Charge 6
2024-12-23T08:04:25Z,62.0,Charge 6
2024-12-23T08:04:28Z,62.0,Charge 6
2024-12-23T08:04:29Z,60.0,Charge 6
2024-12-23T08:04:32Z,60.0,Charge 6
2024-12-23T08:04:33Z,60.0,Charge 6
2024-12-23T08:04:35Z,58.0,Charge 6
2024-12-23T08:04:38Z,58.0,Charge 6
2024-12-23T08:04:41Z,58.0,Charge 6
2024-12-23T08:04:44Z,58.0,Charge 6
2024-12-23T08:04:47Z,60.0,Charge 6
2024-12-23T08:04:50Z,60.0,Charge 6
2024-12-23T08:04:53Z,60.0,Charge 6
2024-12-23T08:04:54Z,59.0,Charge 6
2024-12-23T08:04:56Z,58.0,Charge 6
2024-12-23T08:04:59Z,58.0,Charge 6
2024-12-23T08:05:02Z,59.0,Charge 6
2024-12-23T08:05:05Z,59.0,Charge 6
2024-12-23T08:05:06Z,58.0,Charge 6
2024-12-23T08:05:08Z,56.0,Charge 6
2024-12-23T08:05:11Z,55.0,Charge 6
2024-12-23T08:05:14Z,55.0,Charge 6
2024-12-23T08:05:17Z,56.0,Charge 6
2024-12-23T08:05:19Z,57.0,Charge 6
2024-12-23T08:05:21Z,58.0,Charge 6
2024-12-23T08:05:23Z,59.0,Charge 6
2024-12-23T08:05:26Z,59.0,Charge 6
2024-12-23T08:05:29Z,59.0,Charge 6
2024-12-23T08:05:32Z,59.0,Charge 6
2024-12-23T08:05:33Z,60.0,Charge 6
2024-12-23T08:05:36Z,60.0,Charge 6
2024-12-23T08:05:38Z,61.0,Charge 6
2024-12-23T08:05:40Z,62.0,Charge 6
2024-12-23T08:05:43Z,62.0,Charge 6
2024-12-23T08:05:46Z,62.0,Charge 6
2024-12-23T08:05:49Z,62.0,Charge 6
2024-12-23T08:05:52Z,62.0,Charge 6
2024-12-23T08:05:55Z,62.0,Charge 6
2024-12-23T08:05:58Z,62.0,Charge 6
2024-12-23T08:06:01Z,61.0,Charge 6
2024-12-23T08:06:04Z,61.0,Charge 6
2024-12-23T08:06:07Z,60.0,Charge 6
2024-12-23T08:06:09Z,59.0,Charge 6
2024-12-23T08:06:11Z,58.0,Charge 6
2024-12-23T08:06:14Z,58.0,Charge 6
2024-12-23T08:06:17Z,59.0,Charge 6
2024-12-23T08:06:19Z,60.0,Charge 6
2024-12-23T08:06:21Z,61.0,Charge 6
2024-12-23T08:06:24Z,60.0,Charge 6
2024-12-23T08:06:27Z,60.0,Charge 6
2024-12-23T08:06:28Z,60.0,Charge 6
2024-12-23T08:06:30Z,60.0,Charge 6
2024-12-23T08:06:33Z,60.0,Charge 6
2024-12-23T08:06:36Z,59.0,Charge 6
2024-12-23T08:06:39Z,59.0,Charge 6
2024-12-23T08:06:42Z,59.0,Charge 6
2024-12-23T08:06:44Z,58.0,Charge 6
2024-12-23T08:06:47Z,58.0,Charge 6
2024-12-23T08:06:50Z,58.0,Charge 6
2024-12-23T08:06:53Z,58.0,Charge 6
2024-12-23T08:06:56Z,58.0,Charge 6
2024-12-23T08:06:57Z,58.0,Charge 6
2024-12-23T08:07:00Z,58.0,Charge 6
2024-12-23T08:07:03Z,58.0,Charge 6
2024-12-23T08:07:06Z,58.0,Charge 6
2024-12-23T08:07:07Z,59.0,Charge 6
2024-12-23T08:07:10Z,59.0,Charge 6
2024-12-23T08:07:11Z,60.0,Charge 6
2024-12-23T08:07:14Z,60.0,Charge 6
2024-12-23T08:07:17Z,60.0,Charge 6
2024-12-23T08:07:20Z,60.0,Charge 6
2024-12-23T08:07:23Z,60.0,Charge 6
2024-12-23T08:07:26Z,60.0,Charge 6
2024-12-23T08:07:28Z,60.0,Charge 6
2024-12-23T08:07:31Z,60.0,Charge 6
2024-12-23T08:07:34Z,60.0,Charge 6
2024-12-23T08:07:37Z,60.0,Charge 6
2024-12-23T08:07:40Z,60.0,Charge 6
2024-12-23T08:07:43Z,60.0,Charge 6
2024-12-23T08:07:46Z,60.0,Charge 6
2024-12-23T08:07:49Z,60.0,Charge 6
2024-12-23T08:07:51Z,61.0,Charge 6
2024-12-23T08:07:53Z,62.0,Charge 6
2024-12-23T08:07:56Z,62.0,Charge 6
2024-12-23T08:07:59Z,62.0,Charge 6
2024-12-23T08:08:02Z,62.0,Charge 6
2024-12-23T08:08:05Z,62.0,Charge 6
2024-12-23T08:08:08Z,62.0,Charge 6
2024-12-23T08:08:10Z,61.0,Charge 6
2024-12-23T08:08:12Z,62.0,Charge 6
2024-12-23T08:08:14Z,61.0,Charge 6
2024-12-23T08:08:16Z,62.0,Charge 6
2024-12-23T08:08:18Z,62.0,Charge 6
2024-12-23T08:08:21Z,62.0,Charge 6
2024-12-23T08:08:23Z,61.0,Charge 6
2024-12-23T08:08:25Z,60.0,Charge 6
2024-12-23T08:08:27Z,61.0,Charge 6
2024-12-23T08:08:29Z,62.0,Charge 6
2024-12-23T08:08:31Z,63.0,Charge 6
2024-12-23T08:08:33Z,64.0,Charge 6
2024-12-23T08:08:35Z,64.0,Charge 6
2024-12-23T08:08:37Z,62.0,Charge 6
2024-12-23T08:08:40Z,62.0,Charge 6
2024-12-23T08:08:41Z,62.0,Charge 6
2024-12-23T08:08:43Z,60.0,Charge 6
2024-12-23T08:08:46Z,60.0,Charge 6
2024-12-23T08:08:48Z,59.0,Charge 6
2024-12-23T08:08:51Z,59.0,Charge 6
2024-12-23T08:08:54Z,60.0,Charge 6
2024-12-23T08:08:57Z,60.0,Charge 6
2024-12-23T08:09:00Z,60.0,Charge 6
2024-12-23T08:09:02Z,61.0,Charge 6
2024-12-23T08:09:05Z,61.0,Charge 6
2024-12-23T08:09:06Z,60.0,Charge 6
2024-12-23T08:09:09Z,60.0,Charge 6
2024-12-23T08:09:12Z,60.0,Charge 6
2024-12-23T08:09:13Z,61.0,Charge 6
2024-12-23T08:09:15Z,62.0,Charge 6
2024-12-23T08:09:17Z,62.0,Charge 6
2024-12-23T08:09:20Z,62.0,Charge 6
2024-12-23T08:09:21Z,60.0,Charge 6
2024-12-23T08:09:24Z,60.0,Charge 6
2024-12-23T08:09:25Z,59.0,Charge 6
2024-12-23T08:09:27Z,58.0,Charge 6
2024-12-23T08:09:30Z,58.0,Charge 6
2024-12-23T08:09:33Z,59.0,Charge 6
2024-12-23T08:09:35Z,59.0,Charge 6
2024-12-23T08:09:36Z,60.0,Charge 6
2024-12-23T08:09:39Z,60.0,Charge 6
2024-12-23T08:09:40Z,60.0,Charge 6
2024-12-23T08:09:43Z,60.0,Charge 6
2024-12-23T08:09:46Z,60.0,Charge 6
2024-12-23T08:09:49Z,60.0,Charge 6
2024-12-23T08:09:52Z,60.0,Charge 6
2024-12-23T08:09:55Z,60.0,Charge 6
2024-12-23T08:09:56Z,60.0,Charge 6
2024-12-23T08:09:59Z,60.0,Charge 6
2024-12-23T08:10:02Z,60.0,Charge 6
2024-12-23T08:10:05Z,60.0,Charge 6
2024-12-23T08:10:08Z,60.0,Charge 6
2024-12-23T08:10:09Z,59.0,Charge 6
2024-12-23T08:10:12Z,59.0,Charge 6
2024-12-23T08:10:15Z,58.0,Charge 6
2024-12-23T08:10:18Z,58.0,Charge 6
2024-12-23T08:10:21Z,58.0,Charge 6
2024-12-23T08:10:24Z,58.0,Charge 6
2024-12-23T08:10:26Z,59.0,Charge 6
2024-12-23T08:10:28Z,60.0,Charge 6
2024-12-23T08:10:30Z,61.0,Charge 6
2024-12-23T08:10:32Z,63.0,Charge 6
2024-12-23T08:10:34Z,64.0,Charge 6
2024-12-23T08:10:36Z,67.0,Charge 6
2024-12-23T08:10:38Z,71.0,Charge 6
2024-12-23T08:10:40Z,73.0,Charge 6
2024-12-23T08:10:42Z,71.0,Charge 6
2024-12-23T08:10:44Z,72.0,Charge 6
2024-12-23T08:10:46Z,71.0,Charge 6
2024-12-23T08:10:47Z,70.0,Charge 6
2024-12-23T08:10:49Z,68.0,Charge 6
2024-12-23T08:10:51Z,67.0,Charge 6
2024-12-23T08:10:53Z,65.0,Charge 6
2024-12-23T08:10:55Z,64.0,Charge 6
2024-12-23T08:10:57Z,62.0,Charge 6
2024-12-23T08:11:00Z,62.0,Charge 6
2024-12-23T08:11:01Z,60.0,Charge 6
2024-12-23T08:11:04Z,60.0,Charge 6
2024-12-23T08:11:07Z,59.0,Charge 6
2024-12-23T08:11:10Z,59.0,Charge 6
2024-12-23T08:11:11Z,58.0,Charge 6
2024-12-23T08:11:14Z,58.0,Charge 6
2024-12-23T08:11:17Z,58.0,Charge 6
2024-12-23T08:11:20Z,58.0,Charge 6
2024-12-23T08:11:22Z,57.0,Charge 6
2024-12-23T08:11:25Z,57.0,Charge 6
2024-12-23T08:11:26Z,58.0,Charge 6
2024-12-23T08:11:29Z,58.0,Charge 6
2024-12-23T08:11:30Z,57.0,Charge 6
2024-12-23T08:11:33Z,57.0,Charge 6
2024-12-23T08:11:34Z,56.0,Charge 6
2024-12-23T08:11:37Z,56.0,Charge 6
2024-12-23T08:11:40Z,56.0,Charge 6
2024-12-23T08:11:41Z,57.0,Charge 6
2024-12-23T08:11:43Z,58.0,Charge 6
2024-12-23T08:11:45Z,59.0,Charge 6
2024-12-23T08:11:47Z,60.0,Charge 6
2024-12-23T08:11:49Z,62.0,Charge 6
2024-12-23T08:11:51Z,61.0,Charge 6
2024-12-23T08:11:53Z,60.0,Charge 6
2024-12-23T08:11:55Z,59.0,Charge 6
2024-12-23T08:11:58Z,59.0,Charge 6
2024-12-23T08:11:59Z,58.0,Charge 6
2024-12-23T08:12:00Z,57.0,Charge 6
2024-12-23T08:12:03Z,57.0,Charge 6
2024-12-23T08:12:06Z,56.0,Charge 6
2024-12-23T08:12:09Z,56.0,Charge 6
2024-12-23T08:12:10Z,57.0,Charge 6
2024-12-23T08:12:13Z,57.0,Charge 6
2024-12-23T08:12:14Z,58.0,Charge 6
2024-12-23T08:12:17Z,58.0,Charge 6
2024-12-23T08:12:20Z,59.0,Charge 6
2024-12-23T08:12:23Z,59.0,Charge 6
2024-12-23T08:12:26Z,59.0,Charge 6
2024-12-23T08:12:29Z,59.0,Charge 6
2024-12-23T08:12:32Z,59.0,Charge 6
2024-12-23T08:12:35Z,59.0,Charge 6
2024-12-23T08:12:37Z,58.0,Charge 6
2024-12-23T08:12:39Z,59.0,Charge 6
2024-12-23T08:12:42Z,59.0,Charge 6
2024-12-23T08:12:43Z,60.0,Charge 6
2024-12-23T08:12:46Z,60.0,Charge 6
2024-12-23T08:12:49Z,60.0,Charge 6
2024-12-23T08:12:52Z,60.0,Charge 6
2024-12-23T08:12:54Z,61.0,Charge 6
2024-12-23T08:12:57Z,61.0,Charge 6
2024-12-23T08:13:00Z,61.0,Charge 6
2024-12-23T08:13:03Z,61.0,Charge 6
2024-12-23T08:13:04Z,62.0,Charge 6
2024-12-23T08:13:07Z,62.0,Charge 6
2024-12-23T08:13:10Z,62.0,Charge 6
2024-12-23T08:13:11Z,60.0,Charge 6
2024-12-23T08:13:14Z,60.0,Charge 6
2024-12-23T08:13:17Z,60.0,Charge 6
2024-12-23T08:13:19Z,60.0,Charge 6
2024-12-23T08:13:22Z,60.0,Charge 6
2024-12-23T08:13:23Z,62.0,Charge 6
2024-12-23T08:13:26Z,62.0,Charge 6
2024-12-23T08:13:29Z,62.0,Charge 6
2024-12-23T08:13:32Z,62.0,Charge 6
2024-12-23T08:13:35Z,62.0,Charge 6
2024-12-23T08:13:36Z,62.0,Charge 6
2024-12-23T08:13:38Z,61.0,Charge 6
2024-12-23T08:13:40Z,60.0,Charge 6
2024-12-23T08:13:43Z,60.0,Charge 6
2024-12-23T08:13:46Z,60.0,Charge 6
2024-12-23T08:13:49Z,60.0,Charge 6
2024-12-23T08:13:50Z,60.0,Charge 6
2024-12-23T08:13:53Z,60.0,Charge 6
2024-12-23T08:13:56Z,60.0,Charge 6
2024-12-23T08:13:59Z,60.0,Charge 6
2024-12-23T08:14:02Z,60.0,Charge 6
2024-12-23T08:14:05Z,60.0,Charge 6
2024-12-23T08:14:06Z,59.0,Charge 6
2024-12-23T08:14:09Z,58.0,Charge 6
2024-12-23T08:14:12Z,58.0,Charge 6
2024-12-23T08:14:13Z,59.0,Charge 6
2024-12-23T08:14:16Z,59.0,Charge 6
2024-12-23T08:14:19Z,59.0,Charge 6
2024-12-23T08:14:22Z,59.0,Charge 6
2024-12-23T08:14:25Z,59.0,Charge 6
2024-12-23T08:14:27Z,60.0,Charge 6
2024-12-23T08:14:30Z,60.0,Charge 6
2024-12-23T08:14:33Z,60.0,Charge 6
2024-12-23T08:14:36Z,58.0,Charge 6
2024-12-23T08:14:39Z,58.0,Charge 6
2024-12-23T08:14:42Z,58.0,Charge 6
2024-12-23T08:14:45Z,58.0,Charge 6
2024-12-23T08:14:46Z,60.0,Charge 6
2024-12-23T08:14:49Z,60.0,Charge 6
2024-12-23T08:14:50Z,59.0,Charge 6
2024-12-23T08:14:52Z,58.0,Charge 6
2024-12-23T08:14:54Z,59.0,Charge 6
2024-12-23T08:14:56Z,60.0,Charge 6
2024-12-23T08:14:57Z,60.0,Charge 6
2024-12-23T08:14:59Z,61.0,Charge 6
2024-12-23T08:15:01Z,62.0,Charge 6
2024-12-23T08:15:04Z,62.0,Charge 6
2024-12-23T08:15:07Z,62.0,Charge 6
2024-12-23T08:15:10Z,62.0,Charge 6
2024-12-23T08:15:13Z,62.0,Charge 6
2024-12-23T08:15:16Z,62.0,Charge 6
2024-12-23T08:15:19Z,62.0,Charge 6
2024-12-23T08:15:22Z,61.0,Charge 6
2024-12-23T08:15:24Z,60.0,Charge 6
2024-12-23T08:15:27Z,60.0,Charge 6
2024-12-23T08:15:30Z,60.0,Charge 6
2024-12-23T08:15:33Z,60.0,Charge 6
2024-12-23T08:15:36Z,60.0,Charge 6
2024-12-23T08:15:38Z,62.0,Charge 6
2024-12-23T08:15:41Z,62.0,Charge 6
2024-12-23T08:15:42Z,64.0,Charge 6
2024-12-23T08:15:45Z,63.0,Charge 6
2024-12-23T08:15:47Z,62.0,Charge 6
2024-12-23T08:15:49Z,61.0,Charge 6
2024-12-23T08:15:51Z,60.0,Charge 6
2024-12-23T08:15:54Z,60.0,Charge 6
2024-12-23T08:15:57Z,60.0,Charge 6
2024-12-23T08:15:59Z,61.0,Charge 6
2024-12-23T08:16:01Z,62.0,Charge 6
2024-12-23T08:16:03Z,64.0,Charge 6
2024-12-23T08:16:05Z,65.0,Charge 6
2024-12-23T08:16:07Z,66.0,Charge 6
2024-12-23T08:16:10Z,65.0,Charge 6
2024-12-23T08:16:12Z,64.0,Charge 6
2024-12-23T08:16:15Z,64.0,Charge 6
2024-12-23T08:16:16Z,63.0,Charge 6
2024-12-23T08:16:18Z,62.0,Charge 6
2024-12-23T08:16:21Z,62.0,Charge 6
2024-12-23T08:16:22Z,61.0,Charge 6
2024-12-23T08:16:24Z,60.0,Charge 6
2024-12-23T08:16:27Z,60.0,Charge 6
2024-12-23T08:16:30Z,60.0,Charge 6
2024-12-23T08:16:32Z,59.0,Charge 6
2024-12-23T08:16:35Z,59.0,Charge 6
2024-12-23T08:16:37Z,60.0,Charge 6
2024-12-23T08:16:39Z,63.0,Charge 6
2024-12-23T08:16:41Z,64.0,Charge 6
2024-12-23T08:16:43Z,63.0,Charge 6
2024-12-23T08:16:45Z,62.0,Charge 6
2024-12-23T08:16:47Z,61.0,Charge 6
2024-12-23T08:16:49Z,60.0,Charge 6
2024-12-23T08:16:51Z,59.0,Charge 6
2024-12-23T08:16:53Z,58.0,Charge 6
2024-12-23T08:16:56Z,58.0,Charge 6
2024-12-23T08:16:59Z,58.0,Charge 6
2024-12-23T08:17:02Z,58.0,Charge 6
2024-12-23T08:17:05Z,58.0,Charge 6
2024-12-23T08:17:06Z,58.0,Charge 6
2024-12-23T08:17:09Z,58.0,Charge 6
2024-12-23T08:17:10Z,59.0,Charge 6
2024-12-23T08:17:13Z,59.0,Charge 6
2024-12-23T08:17:16Z,58.0,Charge 6
2024-12-23T08:17:19Z,58.0,Charge 6
2024-12-23T08:17:22Z,58.0,Charge 6
2024-12-23T08:17:25Z,58.0,Charge 6
2024-12-23T08:17:28Z,58.0,Charge 6
2024-12-23T08:17:31Z,58.0,Charge 6
2024-12-23T08:17:33Z,60.0,Charge 6
2024-12-23T08:17:36Z,60.0,Charge 6
2024-12-23T08:17:37Z,58.0,Charge 6
2024-12-23T08:17:39Z,57.0,Charge 6
2024-12-23T08:17:41Z,56.0,Charge 6
2024-12-23T08:17:44Z,56.0,Charge 6
2024-12-23T08:17:47Z,56.0,Charge 6
2024-12-23T08:17:50Z,58.0,Charge 6
2024-12-23T08:17:52Z,59.0,Charge 6
2024-12-23T08:17:54Z,60.0,Charge 6
2024-12-23T08:17:57Z,60.0,Charge 6
2024-12-23T08:18:00Z,61.0,Charge 6
2024-12-23T08:18:03Z,61.0,Charge 6
2024-12-23T08:18:06Z,62.0,Charge 6
2024-12-23T08:18:09Z,62.0,Charge 6
2024-12-23T08:18:11Z,64.0,Charge 6
2024-12-23T08:18:13Z,66.0,Charge 6
2024-12-23T08:18:15Z,66.0,Charge 6
2024-12-23T08:18:17Z,64.0,Charge 6
2024-12-23T08:18:19Z,62.0,Charge 6
2024-12-23T08:18:22Z,62.0,Charge 6
2024-12-23T08:18:23Z,61.0,Charge 6
2024-12-23T08:18:25Z,60.0,Charge 6
2024-12-23T08:18:28Z,60.0,Charge 6
2024-12-23T08:18:31Z,60.0,Charge 6
2024-12-23T08:18:33Z,61.0,Charge 6
2024-12-23T08:18:34Z,62.0,Charge 6
2024-12-23T08:18:37Z,62.0,Charge 6
2024-12-23T08:18:40Z,61.0,Charge 6
2024-12-23T08:18:42Z,60.0,Charge 6
2024-12-23T08:18:45Z,60.0,Charge 6
2024-12-23T08:18:48Z,60.0,Charge 6
2024-12-23T08:18:51Z,60.0,Charge 6
2024-12-23T08:18:54Z,60.0,Charge 6
2024-12-23T08:18:57Z,60.0,Charge 6
2024-12-23T08:19:00Z,60.0,Charge 6
2024-12-23T08:19:03Z,60.0,Charge 6
2024-12-23T08:19:06Z,60.0,Charge 6
2024-12-23T08:19:07Z,59.0,Charge 6
2024-12-23T08:19:09Z,58.0,Charge 6
2024-12-23T08:19:12Z,58.0,Charge 6
2024-12-23T08:19:15Z,58.0,Charge 6
2024-12-23T08:19:17Z,59.0,Charge 6
2024-12-23T08:19:19Z,60.0,Charge 6
2024-12-23T08:19:21Z,60.0,Charge 6
2024-12-23T08:19:24Z,60.0,Charge 6
2024-12-23T08:19:26Z,62.0,Charge 6
2024-12-23T08:19:29Z,62.0,Charge 6
2024-12-23T08:19:30Z,63.0,Charge 6
2024-12-23T08:19:33Z,63.0,Charge 6
2024-12-23T08:19:34Z,64.0,Charge 6
2024-12-23T08:19:37Z,64.0,Charge 6
2024-12-23T08:19:40Z,64.0,Charge 6
2024-12-23T08:19:43Z,64.0,Charge 6
2024-12-23T08:19:46Z,64.0,Charge 6
2024-12-23T08:19:49Z,64.0,Charge 6
2024-12-23T08:19:52Z,64.0,Charge 6
2024-12-23T08:19:53Z,63.0,Charge 6
2024-12-23T08:19:55Z,62.0,Charge 6
2024-12-23T08:19:58Z,62.0,Charge 6
2024-12-23T08:19:59Z,62.0,Charge 6
2024-12-23T08:20:01Z,63.0,Charge 6
2024-12-23T08:20:03Z,64.0,Charge 6
2024-12-23T08:20:05Z,67.0,Charge 6
2024-12-23T08:20:08Z,67.0,Charge 6
2024-12-23T08:20:10Z,73.0,Charge 6
2024-12-23T08:20:12Z,75.0,Charge 6
2024-12-23T08:20:14Z,77.0,Charge 6
2024-12-23T08:20:16Z,79.0,Charge 6
2024-12-23T08:20:18Z,77.0,Charge 6
2024-12-23T08:20:20Z,74.0,Charge 6
2024-12-23T08:20:22Z,71.0,Charge 6
2024-12-23T08:20:24Z,68.0,Charge 6
2024-12-23T08:20:26Z,67.0,Charge 6
2024-12-23T08:20:28Z,65.0,Charge 6
2024-12-23T08:20:30Z,64.0,Charge 6
2024-12-23T08:20:32Z,65.0,Charge 6
2024-12-23T08:20:33Z,66.0,Charge 6
2024-12-23T08:20:35Z,64.0,Charge 6
2024-12-23T08:20:38Z,64.0,Charge 6
2024-12-23T08:20:39Z,62.0,Charge 6
2024-12-23T08:20:41Z,60.0,Charge 6
2024-12-23T08:20:43Z,60.0,Charge 6
2024-12-23T08:20:45Z,59.0,Charge 6
2024-12-23T08:20:47Z,58.0,Charge 6
2024-12-23T08:20:50Z,58.0,Charge 6
2024-12-23T08:20:53Z,57.0,Charge 6
2024-12-23T08:20:56Z,57.0,Charge 6
2024-12-23T08:20:57Z,58.0,Charge 6
2024-12-23T08:21:00Z,58.0,Charge 6
2024-12-23T08:21:03Z,58.0,Charge 6
2024-12-23T08:21:06Z,60.0,Charge 6
2024-12-23T08:21:09Z,60.0,Charge 6
2024-12-23T08:21:12Z,62.0,Charge 6
2024-12-23T08:21:14Z,63.0,Charge 6
2024-12-23T08:21:16Z,64.0,Charge 6
2024-12-23T08:21:19Z,64.0,Charge 6
2024-12-23T08:21:22Z,64.0,Charge 6
2024-12-23T08:21:23Z,63.0,Charge 6
2024-12-23T08:21:25Z,62.0,Charge 6
2024-12-23T08:21:28Z,62.0,Charge 6
2024-12-23T08:21:31Z,60.0,Charge 6
2024-12-23T08:21:33Z,59.0,Charge 6
2024-12-23T08:21:35Z,58.0,Charge 6
2024-12-23T08:21:38Z,58.0,Charge 6
2024-12-23T08:21:41Z,58.0,Charge 6
2024-12-23T08:21:44Z,58.0,Charge 6
2024-12-23T08:21:45Z,60.0,Charge 6
2024-12-23T08:21:48Z,60.0,Charge 6
2024-12-23T08:21:51Z,60.0,Charge 6
2024-12-23T08:21:54Z,60.0,Charge 6
2024-12-23T08:21:57Z,60.0,Charge 6
2024-12-23T08:22:00Z,61.0,Charge 6
2024-12-23T08:22:02Z,62.0,Charge 6
2024-12-23T08:22:05Z,62.0,Charge 6
2024-12-23T08:22:06Z,64.0,Charge 6
2024-12-23T08:22:08Z,65.0,Charge 6
2024-12-23T08:22:09Z,66.0,Charge 6
2024-12-23T08:22:11Z,65.0,Charge 6
2024-12-23T08:22:13Z,64.0,Charge 6
2024-12-23T08:22:15Z,62.0,Charge 6
2024-12-23T08:22:17Z,61.0,Charge 6
2024-12-23T08:22:19Z,60.0,Charge 6
2024-12-23T08:22:22Z,60.0,Charge 6
2024-12-23T08:22:25Z,60.0,Charge 6
2024-12-23T08:22:27Z,62.0,Charge 6
2024-12-23T08:22:29Z,63.0,Charge 6
2024-12-23T08:22:31Z,64.0,Charge 6
2024-12-23T08:22:34Z,64.0,Charge 6
2024-12-23T08:22:36Z,63.0,Charge 6
2024-12-23T08:22:38Z,62.0,Charge 6
2024-12-23T08:22:40Z,62.0,Charge 6
2024-12-23T08:22:43Z,62.0,Charge 6
2024-12-23T08:22:46Z,62.0,Charge 6
2024-12-23T08:22:49Z,62.0,Charge 6
2024-12-23T08:22:52Z,62.0,Charge 6
2024-12-23T08:22:55Z,62.0,Charge 6
2024-12-23T08:22:58Z,62.0,Charge 6
2024-12-23T08:22:59Z,61.0,Charge 6
2024-12-23T08:23:02Z,61.0,Charge 6
2024-12-23T08:23:05Z,61.0,Charge 6
2024-12-23T08:23:08Z,61.0,Charge 6
2024-12-23T08:23:09Z,62.0,Charge 6
2024-12-23T08:23:11Z,62.0,Charge 6
2024-12-23T08:23:13Z,64.0,Charge 6
2024-12-23T08:23:15Z,67.0,Charge 6
2024-12-23T08:23:17Z,69.0,Charge 6
2024-12-23T08:23:19Z,70.0,Charge 6
2024-12-23T08:23:21Z,72.0,Charge 6
2024-12-23T08:23:22Z,73.0,Charge 6
2024-12-23T08:23:25Z,73.0,Charge 6
2024-12-23T08:23:26Z,79.0,Charge 6
2024-12-23T08:23:28Z,83.0,Charge 6
2024-12-23T08:23:30Z,84.0,Charge 6
2024-12-23T08:23:32Z,82.0,Charge 6
2024-12-23T08:23:34Z,80.0,Charge 6
2024-12-23T08:23:36Z,76.0,Charge 6
2024-12-23T08:23:38Z,73.0,Charge 6
2024-12-23T08:23:40Z,72.0,Charge 6
2024-12-23T08:23:42Z,70.0,Charge 6
2024-12-23T08:23:44Z,69.0,Charge 6
2024-12-23T08:23:45Z,68.0,Charge 6
2024-12-23T08:23:48Z,68.0,Charge 6
2024-12-23T08:23:49Z,67.0,Charge 6
2024-12-23T08:23:51Z,66.0,Charge 6
2024-12-23T08:23:54Z,66.0,Charge 6
2024-12-23T08:23:57Z,66.0,Charge 6
2024-12-23T08:23:59Z,65.0,Charge 6
2024-12-23T08:24:01Z,64.0,Charge 6
2024-12-23T08:24:03Z,63.0,Charge 6
2024-12-23T08:24:05Z,62.0,Charge 6
2024-12-23T08:24:08Z,62.0,Charge 6
2024-12-23T08:24:10Z,60.0,Charge 6
2024-12-23T08:24:13Z,60.0,Charge 6
2024-12-23T08:24:14Z,58.0,Charge 6
2024-12-23T08:24:17Z,58.0,Charge 6
2024-12-23T08:24:18Z,57.0,Charge 6
2024-12-23T08:24:21Z,57.0,Charge 6
2024-12-23T08:24:24Z,56.0,Charge 6
2024-12-23T08:24:26Z,56.0,Charge 6
2024-12-23T08:24:29Z,56.0,Charge 6
2024-12-23T08:24:32Z,56.0,Charge 6
2024-12-23T08:24:35Z,56.0,Charge 6
2024-12-23T08:24:37Z,57.0,Charge 6
2024-12-23T08:24:39Z,58.0,Charge 6
2024-12-23T08:24:42Z,58.0,Charge 6
2024-12-23T08:24:43Z,57.0,Charge 6
2024-12-23T08:24:46Z,57.0,Charge 6
2024-12-23T08:24:49Z,57.0,Charge 6
2024-12-23T08:24:52Z,57.0,Charge 6
2024-12-23T08:24:55Z,58.0,Charge 6
2024-12-23T08:24:58Z,57.0,Charge 6
2024-12-23T08:25:01Z,57.0,Charge 6
2024-12-23T08:25:04Z,58.0,Charge 6
2024-12-23T08:25:07Z,58.0,Charge 6
2024-12-23T08:25:10Z,58.0,Charge 6
2024-12-23T08:25:12Z,59.0,Charge 6
2024-12-23T08:25:14Z,60.0,Charge 6
2024-12-23T08:25:17Z,60.0,Charge 6
2024-12-23T08:25:20Z,61.0,Charge 6
2024-12-23T08:25:23Z,61.0,Charge 6
2024-12-23T08:25:25Z,62.0,Charge 6
2024-12-23T08:25:28Z,62.0,Charge 6
2024-12-23T08:25:31Z,62.0,Charge 6
2024-12-23T08:25:34Z,62.0,Charge 6
2024-12-23T08:25:35Z,61.0,Charge 6
2024-12-23T08:25:37Z,60.0,Charge 6
2024-12-23T08:25:40Z,60.0,Charge 6
2024-12-23T08:25:43Z,60.0,Charge 6
2024-12-23T08:25:46Z,59.0,Charge 6
2024-12-23T08:25:49Z,59.0,Charge 6
2024-12-23T08:25:50Z,60.0,Charge 6
2024-12-23T08:25:53Z,60.0,Charge 6
2024-12-23T08:25:56Z,60.0,Charge 6
2024-12-23T08:25:59Z,60.0,Charge 6
2024-12-23T08:26:02Z,61.0,Charge 6
2024-12-23T08:26:04Z,62.0,Charge 6
2024-12-23T08:26:07Z,62.0,Charge 6
2024-12-23T08:26:10Z,62.0,Charge 6
2024-12-23T08:26:13Z,62.0,Charge 6
2024-12-23T08:26:16Z,62.0,Charge 6
2024-12-23T08:26:19Z,62.0,Charge 6
2024-12-23T08:26:21Z,63.0,Charge 6
2024-12-23T08:26:23Z,62.0,Charge 6
2024-12-23T08:26:26Z,62.0,Charge 6
2024-12-23T08:26:29Z,62.0,Charge 6
2024-12-23T08:26:32Z,62.0,Charge 6
2024-12-23T08:26:35Z,62.0,Charge 6
2024-12-23T08:26:38Z,63.0,Charge 6
2024-12-23T08:26:40Z,64.0,Charge 6
2024-12-23T08:26:42Z,63.0,Charge 6
2024-12-23T08:26:45Z,63.0,Charge 6
2024-12-23T08:26:46Z,62.0,Charge 6
2024-12-23T08:26:48Z,62.0,Charge 6
2024-12-23T08:26:51Z,62.0,Charge 6
2024-12-23T08:26:54Z,62.0,Charge 6
2024-12-23T08:26:57Z,62.0,Charge 6
2024-12-23T08:27:00Z,62.0,Charge 6
2024-12-23T08:27:01Z,61.0,Charge 6
2024-12-23T08:27:03Z,62.0,Charge 6
2024-12-23T08:27:06Z,62.0,Charge 6
2024-12-23T08:27:09Z,62.0,Charge 6
2024-12-23T08:27:12Z,62.0,Charge 6
2024-12-23T08:27:15Z,62.0,Charge 6
2024-12-23T08:27:18Z,62.0,Charge 6
2024-12-23T08:27:21Z,63.0,Charge 6
2024-12-23T08:27:24Z,62.0,Charge 6
2024-12-23T08:27:27Z,62.0,Charge 6
2024-12-23T08:27:30Z,62.0,Charge 6
2024-12-23T08:27:33Z,62.0,Charge 6
2024-12-23T08:27:36Z,62.0,Charge 6
2024-12-23T08:27:39Z,62.0,Charge 6
2024-12-23T08:27:42Z,63.0,Charge 6
2024-12-23T08:27:44Z,64.0,Charge 6
2024-12-23T08:27:47Z,64.0,Charge 6
2024-12-23T08:27:50Z,64.0,Charge 6
2024-12-23T08:27:53Z,64.0,Charge 6
2024-12-23T08:27:55Z,65.0,Charge 6
2024-12-23T08:27:58Z,65.0,Charge 6
2024-12-23T08:27:59Z,64.0,Charge 6
2024-12-23T08:28:01Z,64.0,Charge 6
2024-12-23T08:28:04Z,64.0,Charge 6
2024-12-23T08:28:07Z,65.0,Charge 6
2024-12-23T08:28:10Z,65.0,Charge 6
2024-12-23T08:28:12Z,64.0,Charge 6
2024-12-23T08:28:15Z,64.0,Charge 6
2024-12-23T08:28:18Z,64.0,Charge 6
2024-12-23T08:28:21Z,64.0,Charge 6
2024-12-23T08:28:24Z,64.0,Charge 6
2024-12-23T08:28:27Z,64.0,Charge 6
2024-12-23T08:28:30Z,63.0,Charge 6
2024-12-23T08:28:33Z,62.0,Charge 6
2024-12-23T08:28:36Z,62.0,Charge 6
2024-12-23T08:28:39Z,60.0,Charge 6
2024-12-23T08:28:42Z,60.0,Charge 6
2024-12-23T08:28:45Z,60.0,Charge 6
2024-12-23T08:28:47Z,61.0,Charge 6
2024-12-23T08:28:50Z,61.0,Charge 6
2024-12-23T08:28:53Z,60.0,Charge 6
2024-12-23T08:28:56Z,60.0,Charge 6
2024-12-23T08:28:59Z,60.0,Charge 6
2024-12-23T08:29:00Z,62.0,Charge 6
2024-12-23T08:29:03Z,62.0,Charge 6
2024-12-23T08:29:06Z,60.0,Charge 6
2024-12-23T08:29:09Z,60.0,Charge 6
2024-12-23T08:29:10Z,59.0,Charge 6
2024-12-23T08:29:12Z,58.0,Charge 6
2024-12-23T08:29:14Z,59.0,Charge 6
2024-12-23T08:29:16Z,60.0,Charge 6
2024-12-23T08:29:19Z,60.0,Charge 6
2024-12-23T08:29:20Z,62.0,Charge 6
2024-12-23T08:29:23Z,63.0,Charge 6
2024-12-23T08:29:26Z,63.0,Charge 6
2024-12-23T08:29:27Z,64.0,Charge 6
2024-12-23T08:29:30Z,64.0,Charge 6
2024-12-23T08:29:33Z,66.0,Charge 6
2024-12-23T08:29:36Z,66.0,Charge 6
2024-12-23T08:29:39Z,66.0,Charge 6
2024-12-23T08:29:41Z,66.0,Charge 6
2024-12-23T08:29:43Z,65.0,Charge 6
2024-12-23T08:29:46Z,65.0,Charge 6
2024-12-23T08:29:49Z,65.0,Charge 6
2024-12-23T08:29:50Z,66.0,Charge 6
2024-12-23T08:29:52Z,65.0,Charge 6
2024-12-23T08:29:54Z,64.0,Charge 6
2024-12-23T08:29:57Z,64.0,Charge 6
2024-12-23T08:30:00Z,64.0,Charge 6
2024-12-23T08:30:03Z,64.0,Charge 6
2024-12-23T08:30:06Z,64.0,Charge 6
2024-12-23T08:30:08Z,66.0,Charge 6
2024-12-23T08:30:09Z,65.0,Charge 6
2024-12-23T08:30:11Z,64.0,Charge 6
2024-12-23T08:30:13Z,62.0,Charge 6
2024-12-23T08:30:16Z,62.0,Charge 6
2024-12-23T08:30:17Z,61.0,Charge 6
2024-12-23T08:30:19Z,60.0,Charge 6
2024-12-23T08:30:22Z,60.0,Charge 6
2024-12-23T08:30:25Z,60.0,Charge 6
2024-12-23T08:30:28Z,60.0,Charge 6
2024-12-23T08:30:29Z,61.0,Charge 6
2024-12-23T08:30:31Z,62.0,Charge 6
2024-12-23T08:30:34Z,62.0,Charge 6
2024-12-23T08:30:36Z,63.0,Charge 6
2024-12-23T08:30:39Z,63.0,Charge 6
2024-12-23T08:30:42Z,63.0,Charge 6
2024-12-23T08:30:45Z,63.0,Charge 6
2024-12-23T08:30:48Z,63.0,Charge 6
2024-12-23T08:30:51Z,63.0,Charge 6
2024-12-23T08:30:54Z,62.0,Charge 6
2024-12-23T08:30:57Z,62.0,Charge 6
2024-12-23T08:30:59Z,63.0,Charge 6
2024-12-23T08:31:01Z,64.0,Charge 6
2024-12-23T08:31:04Z,64.0,Charge 6
2024-12-23T08:31:07Z,64.0,Charge 6
2024-12-23T08:31:10Z,64.0,Charge 6
2024-12-23T08:31:13Z,64.0,Charge 6
2024-12-23T08:31:16Z,64.0,Charge 6
2024-12-23T08:31:19Z,64.0,Charge 6
2024-12-23T08:31:22Z,64.0,Charge 6
2024-12-23T08:31:25Z,64.0,Charge 6
2024-12-23T08:31:28Z,64.0,Charge 6
2024-12-23T08:31:30Z,64.0,Charge 6
2024-12-23T08:31:33Z,64.0,Charge 6
2024-12-23T08:31:34Z,65.0,Charge 6
2024-12-23T08:31:36Z,66.0,Charge 6
2024-12-23T08:31:39Z,66.0,Charge 6
2024-12-23T08:31:40Z,66.0,Charge 6
2024-12-23T08:31:42Z,65.0,Charge 6
2024-12-23T08:31:44Z,64.0,Charge 6
2024-12-23T08:31:45Z,63.0,Charge 6
2024-12-23T08:31:47Z,62.0,Charge 6
2024-12-23T08:31:50Z,62.0,Charge 6
2024-12-23T08:31:53Z,61.0,Charge 6
2024-12-23T08:31:55Z,60.0,Charge 6
2024-12-23T08:31:58Z,60.0,Charge 6
2024-12-23T08:32:01Z,60.0,Charge 6
2024-12-23T08:32:03Z,59.0,Charge 6
2024-12-23T08:32:06Z,59.0,Charge 6
2024-12-23T08:32:07Z,58.0,Charge 6
2024-12-23T08:32:10Z,58.0,Charge 6
2024-12-23T08:32:13Z,58.0,Charge 6
2024-12-23T08:32:16Z,58.0,Charge 6
2024-12-23T08:32:19Z,58.0,Charge 6
2024-12-23T08:32:20Z,59.0,Charge 6
2024-12-23T08:32:23Z,59.0,Charge 6
2024-12-23T08:32:26Z,60.0,Charge 6
2024-12-23T08:32:29Z,60.0,Charge 6
2024-12-23T08:32:30Z,62.0,Charge 6
2024-12-23T08:32:32Z,62.0,Charge 6
2024-12-23T08:32:35Z,62.0,Charge 6
2024-12-23T08:32:38Z,62.0,Charge 6
2024-12-23T08:32:41Z,62.0,Charge 6
2024-12-23T08:32:44Z,62.0,Charge 6
2024-12-23T08:32:45Z,64.0,Charge 6
2024-12-23T08:32:48Z,64.0,Charge 6
2024-12-23T08:32:51Z,63.0,Charge 6
2024-12-23T08:32:53Z,62.0,Charge 6
2024-12-23T08:32:56Z,62.0,Charge 6
2024-12-23T08:32:59Z,62.0,Charge 6
2024-12-23T08:33:02Z,63.0,Charge 6
2024-12-23T08:33:04Z,62.0,Charge 6
2024-12-23T08:33:07Z,62.0,Charge 6
2024-12-23T08:33:08Z,61.0,Charge 6
2024-12-23T08:33:10Z,60.0,Charge 6
2024-12-23T08:33:13Z,60.0,Charge 6
2024-12-23T08:33:16Z,60.0,Charge 6
2024-12-23T08:33:19Z,60.0,Charge 6
2024-12-23T08:33:21Z,62.0,Charge 6
2024-12-23T08:33:24Z,62.0,Charge 6
2024-12-23T08:33:27Z,61.0,Charge 6
2024-12-23T08:33:29Z,60.0,Charge 6
2024-12-23T08:33:31Z,58.0,Charge 6
2024-12-23T08:33:34Z,58.0,Charge 6
2024-12-23T08:33:37Z,58.0,Charge 6
2024-12-23T08:33:39Z,59.0,Charge 6
2024-12-23T08:33:41Z,60.0,Charge 6
2024-12-23T08:33:44Z,60.0,Charge 6
2024-12-23T08:33:45Z,61.0,Charge 6
2024-12-23T08:33:46Z,62.0,Charge 6
2024-12-23T08:33:49Z,62.0,Charge 6
2024-12-23T08:33:50Z,63.0,Charge 6
2024-12-23T08:33:52Z,64.0,Charge 6
2024-12-23T08:33:55Z,64.0,Charge 6
2024-12-23T08:33:56Z,63.0,Charge 6
2024-12-23T08:33:59Z,63.0,Charge 6
2024-12-23T08:34:02Z,63.0,Charge 6
2024-12-23T08:34:05Z,63.0,Charge 6
2024-12-23T08:34:06Z,64.0,Charge 6
2024-12-23T08:34:09Z,64.0,Charge 6
2024-12-23T08:34:12Z,64.0,Charge 6
2024-12-23T08:34:15Z,64.0,Charge 6
2024-12-23T08:34:18Z,64.0,Charge 6
2024-12-23T08:34:19Z,65.0,Charge 6
2024-12-23T08:34:21Z,66.0,Charge 6
2024-12-23T08:34:24Z,66.0,Charge 6
2024-12-23T08:34:27Z,66.0,Charge 6
2024-12-23T08:34:29Z,67.0,Charge 6
2024-12-23T08:34:31Z,68.0,Charge 6
2024-12-23T08:34:34Z,66.0,Charge 6
2024-12-23T08:34:37Z,66.0,Charge 6
2024-12-23T08:34:40Z,66.0,Charge 6
2024-12-23T08:34:42Z,65.0,Charge 6
2024-12-23T08:34:44Z,65.0,Charge 6
2024-12-23T08:34:47Z,65.0,Charge 6
2024-12-23T08:34:48Z,64.0,Charge 6
2024-12-23T08:34:51Z,64.0,Charge 6
2024-12-23T08:34:54Z,64.0,Charge 6
2024-12-23T08:34:57Z,64.0,Charge 6
2024-12-23T08:35:00Z,64.0,Charge 6
2024-12-23T08:35:03Z,64.0,Charge 6
2024-12-23T08:35:06Z,64.0,Charge 6
2024-12-23T08:35:09Z,64.0,Charge 6
2024-12-23T08:35:12Z,64.0,Charge 6
2024-12-23T08:35:15Z,63.0,Charge 6
2024-12-23T08:35:18Z,63.0,Charge 6
2024-12-23T08:35:19Z,64.0,Charge 6
2024-12-23T08:35:22Z,64.0,Charge 6
2024-12-23T08:35:25Z,64.0,Charge 6
2024-12-23T08:35:26Z,66.0,Charge 6
2024-12-23T08:35:29Z,66.0,Charge 6
2024-12-23T08:35:30Z,67.0,Charge 6
2024-12-23T08:35:32Z,68.0,Charge 6
2024-12-23T08:35:34Z,67.0,Charge 6
2024-12-23T08:35:36Z,66.0,Charge 6
2024-12-23T08:35:38Z,65.0,Charge 6
2024-12-23T08:35:41Z,65.0,Charge 6
2024-12-23T08:35:42Z,66.0,Charge 6
2024-12-23T08:35:45Z,66.0,Charge 6
2024-12-23T08:35:48Z,66.0,Charge 6
2024-12-23T08:35:49Z,66.0,Charge 6
2024-12-23T08:35:51Z,65.0,Charge 6
2024-12-23T08:35:54Z,65.0,Charge 6
2024-12-23T08:35:55Z,64.0,Charge 6
2024-12-23T08:35:58Z,64.0,Charge 6
2024-12-23T08:36:01Z,64.0,Charge 6
2024-12-23T08:36:03Z,63.0,Charge 6
2024-12-23T08:36:05Z,62.0,Charge 6
2024-12-23T08:36:08Z,62.0,Charge 6
2024-12-23T08:36:11Z,62.0,Charge 6
2024-12-23T08:36:14Z,62.0,Charge 6
2024-12-23T08:36:17Z,62.0,Charge 6
2024-12-23T08:36:20Z,62.0,Charge 6
2024-12-23T08:36:22Z,63.0,Charge 6
2024-12-23T08:36:24Z,64.0,Charge 6
2024-12-23T08:36:27Z,64.0,Charge 6
2024-12-23T08:36:30Z,63.0,Charge 6
2024-12-23T08:36:32Z,62.0,Charge 6
2024-12-23T08:36:33Z,60.0,Charge 6
2024-12-23T08:36:35Z,60.0,Charge 6
2024-12-23T08:36:37Z,59.0,Charge 6
2024-12-23T08:36:39Z,60.0,Charge 6
2024-12-23T08:36:42Z,60.0,Charge 6
2024-12-23T08:36:43Z,62.0,Charge 6
2024-12-23T08:36:45Z,63.0,Charge 6
2024-12-23T08:36:47Z,64.0,Charge 6
2024-12-23T08:36:49Z,65.0,Charge 6
2024-12-23T08:36:51Z,66.0,Charge 6
2024-12-23T08:36:54Z,66.0,Charge 6
2024-12-23T08:36:55Z,67.0,Charge 6
2024-12-23T08:36:57Z,68.0,Charge 6
2024-12-23T08:37:00Z,68.0,Charge 6
2024-12-23T08:37:03Z,68.0,Charge 6
2024-12-23T08:37:04Z,70.0,Charge 6
2024-12-23T08:37:06Z,71.0,Charge 6
2024-12-23T08:37:08Z,73.0,Charge 6
2024-12-23T08:37:10Z,74.0,Charge 6
2024-12-23T08:37:12Z,76.0,Charge 6
2024-12-23T08:37:14Z,78.0,Charge 6
2024-12-23T08:37:16Z,80.0,Charge 6
2024-12-23T08:37:19Z,80.0,Charge 6
2024-12-23T08:37:20Z,82.0,Charge 6
2024-12-23T08:37:21Z,83.0,Charge 6
2024-12-23T08:37:23Z,82.0,Charge 6
2024-12-23T08:37:25Z,81.0,Charge 6
2024-12-23T08:37:27Z,80.0,Charge 6
2024-12-23T08:37:29Z,77.0,Charge 6
2024-12-23T08:37:31Z,74.0,Charge 6
2024-12-23T08:37:33Z,72.0,Charge 6
2024-12-23T08:37:35Z,71.0,Charge 6
2024-12-23T08:37:37Z,69.0,Charge 6
2024-12-23T08:37:39Z,68.0,Charge 6
2024-12-23T08:37:41Z,66.0,Charge 6
2024-12-23T08:37:44Z,66.0,Charge 6
2024-12-23T08:37:45Z,66.0,Charge 6
2024-12-23T08:37:48Z,66.0,Charge 6
2024-12-23T08:37:51Z,66.0,Charge 6
2024-12-23T08:37:52Z,64.0,Charge 6
2024-12-23T08:37:55Z,64.0,Charge 6
2024-12-23T08:37:58Z,63.0,Charge 6
2024-12-23T08:38:00Z,62.0,Charge 6
2024-12-23T08:38:02Z,63.0,Charge 6
2024-12-23T08:38:04Z,64.0,Charge 6
2024-12-23T08:38:07Z,64.0,Charge 6
2024-12-23T08:38:08Z,63.0,Charge 6
2024-12-23T08:38:09Z,62.0,Charge 6
2024-12-23T08:38:11Z,62.0,Charge 6
2024-12-23T08:38:14Z,62.0,Charge 6
2024-12-23T08:38:15Z,63.0,Charge 6
2024-12-23T08:38:17Z,66.0,Charge 6
2024-12-23T08:38:19Z,69.0,Charge 6
2024-12-23T08:38:21Z,72.0,Charge 6
2024-12-23T08:38:23Z,77.0,Charge 6
2024-12-23T08:38:25Z,78.0,Charge 6
2024-12-23T08:38:27Z,79.0,Charge 6
2024-12-23T08:38:29Z,81.0,Charge 6
2024-12-23T08:38:32Z,81.0,Charge 6
2024-12-23T08:38:33Z,80.0,Charge 6
2024-12-23T08:38:34Z,78.0,Charge 6
2024-12-23T08:38:36Z,74.0,Charge 6
2024-12-23T08:38:38Z,73.0,Charge 6
2024-12-23T08:38:40Z,70.0,Charge 6
2024-12-23T08:38:43Z,70.0,Charge 6
2024-12-23T08:38:44Z,69.0,Charge 6
2024-12-23T08:38:47Z,69.0,Charge 6
2024-12-23T08:38:48Z,70.0,Charge 6
2024-12-23T08:38:50Z,70.0,Charge 6
2024-12-23T08:38:52Z,71.0,Charge 6
2024-12-23T08:38:54Z,71.0,Charge 6
2024-12-23T08:38:56Z,70.0,Charge 6
2024-12-23T08:38:57Z,71.0,Charge 6
2024-12-23T08:38:59Z,72.0,Charge 6
2024-12-23T08:39:01Z,73.0,Charge 6
2024-12-23T08:39:03Z,74.0,Charge 6
2024-12-23T08:39:05Z,74.0,Charge 6
2024-12-23T08:39:07Z,75.0,Charge 6
2024-12-23T08:39:09Z,74.0,Charge 6
2024-12-23T08:39:11Z,74.0,Charge 6
2024-12-23T08:39:14Z,74.0,Charge 6
2024-12-23T08:39:15Z,74.0,Charge 6
2024-12-23T08:39:17Z,72.0,Charge 6
2024-12-23T08:39:20Z,72.0,Charge 6
2024-12-23T08:39:22Z,71.0,Charge 6
2024-12-23T08:39:24Z,70.0,Charge 6
2024-12-23T08:39:26Z,71.0,Charge 6
2024-12-23T08:39:29Z,71.0,Charge 6
2024-12-23T08:39:32Z,71.0,Charge 6
2024-12-23T08:39:34Z,70.0,Charge 6
2024-12-23T08:39:36Z,70.0,Charge 6
2024-12-23T08:39:39Z,70.0,Charge 6
2024-12-23T08:39:40Z,69.0,Charge 6
2024-12-23T08:39:42Z,68.0,Charge 6
2024-12-23T08:39:45Z,68.0,Charge 6
2024-12-23T08:39:48Z,68.0,Charge 6
2024-12-23T08:39:51Z,68.0,Charge 6
2024-12-23T08:39:53Z,67.0,Charge 6
2024-12-23T08:39:56Z,67.0,Charge 6
2024-12-23T08:39:57Z,68.0,Charge 6
2024-12-23T08:40:00Z,68.0,Charge 6
2024-12-23T08:40:03Z,68.0,Charge 6
2024-12-23T08:40:06Z,68.0,Charge 6
2024-12-23T08:40:09Z,68.0,Charge 6
2024-12-23T08:40:12Z,68.0,Charge 6
2024-12-23T08:40:14Z,69.0,Charge 6
2024-12-23T08:40:16Z,68.0,Charge 6
2024-12-23T08:40:19Z,68.0,Charge 6
2024-12-23T08:40:20Z,67.0,Charge 6
2024-12-23T08:40:22Z,66.0,Charge 6
2024-12-23T08:40:25Z,66.0,Charge 6
2024-12-23T08:40:28Z,66.0,Charge 6
2024-12-23T08:40:31Z,66.0,Charge 6
2024-12-23T08:40:34Z,66.0,Charge 6
2024-12-23T08:40:37Z,66.0,Charge 6
2024-12-23T08:40:40Z,66.0,Charge 6
2024-12-23T08:40:43Z,66.0,Charge 6
2024-12-23T08:40:45Z,65.0,Charge 6
2024-12-23T08:40:47Z,64.0,Charge 6
2024-12-23T08:40:49Z,65.0,Charge 6
2024-12-23T08:40:51Z,66.0,Charge 6
2024-12-23T08:40:54Z,66.0,Charge 6
2024-12-23T08:40:57Z,66.0,Charge 6
2024-12-23T08:40:58Z,67.0,Charge 6
2024-12-23T08:41:00Z,68.0,Charge 6
2024-12-23T08:41:02Z,69.0,Charge 6
2024-12-23T08:41:04Z,70.0,Charge 6
2024-12-23T08:41:07Z,70.0,Charge 6
2024-12-23T08:41:10Z,70.0,Charge 6
2024-12-23T08:41:13Z,70.0,Charge 6
2024-12-23T08:41:14Z,71.0,Charge 6
2024-12-23T08:41:16Z,70.0,Charge 6
2024-12-23T08:41:19Z,70.0,Charge 6
2024-12-23T08:41:22Z,70.0,Charge 6
2024-12-23T08:41:25Z,70.0,Charge 6
2024-12-23T08:41:28Z,70.0,Charge 6
2024-12-23T08:41:31Z,70.0,Charge 6
2024-12-23T08:41:34Z,70.0,Charge 6
2024-12-23T08:41:37Z,69.0,Charge 6
2024-12-23T08:41:39Z,68.0,Charge 6
2024-12-23T08:41:42Z,68.0,Charge 6
2024-12-23T08:41:45Z,67.0,Charge 6
2024-12-23T08:41:48Z,67.0,Charge 6
2024-12-23T08:41:51Z,67.0,Charge 6
2024-12-23T08:41:52Z,66.0,Charge 6
2024-12-23T08:41:55Z,66.0,Charge 6
2024-12-23T08:41:56Z,65.0,Charge 6
2024-12-23T08:41:58Z,64.0,Charge 6
2024-12-23T08:42:01Z,64.0,Charge 6
2024-12-23T08:42:02Z,63.0,Charge 6
2024-12-23T08:42:04Z,62.0,Charge 6
2024-12-23T08:42:07Z,62.0,Charge 6
2024-12-23T08:42:10Z,62.0,Charge 6
2024-12-23T08:42:13Z,62.0,Charge 6
2024-12-23T08:42:15Z,61.0,Charge 6
2024-12-23T08:42:17Z,60.0,Charge 6
2024-12-23T08:42:20Z,60.0,Charge 6
2024-12-23T08:42:23Z,60.0,Charge 6
2024-12-23T08:42:26Z,60.0,Charge 6
2024-12-23T08:42:29Z,60.0,Charge 6
2024-12-23T08:42:32Z,60.0,Charge 6
2024-12-23T08:42:35Z,60.0,Charge 6
2024-12-23T08:42:38Z,60.0,Charge 6
2024-12-23T08:42:40Z,59.0,Charge 6
2024-12-23T08:42:43Z,59.0,Charge 6
2024-12-23T08:42:46Z,59.0,Charge 6
2024-12-23T08:42:48Z,60.0,Charge 6
2024-12-23T08:42:51Z,60.0,Charge 6
2024-12-23T08:42:52Z,61.0,Charge 6
2024-12-23T08:42:54Z,62.0,Charge 6
2024-12-23T08:42:57Z,62.0,Charge 6
2024-12-23T08:42:59Z,62.0,Charge 6
2024-12-23T08:43:02Z,62.0,Charge 6
2024-12-23T08:43:03Z,63.0,Charge 6
2024-12-23T08:43:06Z,63.0,Charge 6
2024-12-23T08:43:07Z,64.0,Charge 6
2024-12-23T08:43:10Z,64.0,Charge 6
2024-12-23T08:43:13Z,64.0,Charge 6
2024-12-23T08:43:16Z,64.0,Charge 6
2024-12-23T08:43:19Z,64.0,Charge 6
2024-12-23T08:43:22Z,63.0,Charge 6
2024-12-23T08:43:24Z,62.0,Charge 6
2024-12-23T08:43:26Z,61.0,Charge 6
2024-12-23T08:43:28Z,60.0,Charge 6
2024-12-23T08:43:31Z,60.0,Charge 6
2024-12-23T08:43:32Z,60.0,Charge 6
2024-12-23T08:43:35Z,60.0,Charge 6
2024-12-23T08:43:38Z,60.0,Charge 6
2024-12-23T08:43:40Z,60.0,Charge 6
2024-12-23T08:43:43Z,60.0,Charge 6
2024-12-23T08:43:46Z,60.0,Charge 6
2024-12-23T08:43:49Z,61.0,Charge 6
2024-12-23T08:43:52Z,61.0,Charge 6
2024-12-23T08:43:55Z,61.0,Charge 6
2024-12-23T08:43:58Z,61.0,Charge 6
2024-12-23T08:43:59Z,62.0,Charge 6
2024-12-23T08:44:02Z,62.0,Charge 6
2024-12-23T08:44:05Z,62.0,Charge 6
2024-12-23T08:44:07Z,62.0,Charge 6
2024-12-23T08:44:09Z,63.0,Charge 6
2024-12-23T08:44:12Z,62.0,Charge 6
2024-12-23T08:44:15Z,62.0,Charge 6
2024-12-23T08:44:16Z,63.0,Charge 6
2024-12-23T08:44:19Z,63.0,Charge 6
2024-12-23T08:44:22Z,63.0,Charge 6
2024-12-23T08:44:25Z,63.0,Charge 6
2024-12-23T08:44:28Z,63.0,Charge 6
2024-12-23T08:44:31Z,63.0,Charge 6
2024-12-23T08:44:34Z,63.0,Charge 6
2024-12-23T08:44:37Z,62.0,Charge 6
2024-12-23T08:44:40Z,62.0,Charge 6
2024-12-23T08:44:43Z,62.0,Charge 6
2024-12-23T08:44:46Z,62.0,Charge 6
2024-12-23T08:44:49Z,62.0,Charge 6
2024-12-23T08:44:52Z,62.0,Charge 6
2024-12-23T08:44:55Z,62.0,Charge 6
2024-12-23T08:44:58Z,62.0,Charge 6
2024-12-23T08:45:01Z,62.0,Charge 6
2024-12-23T08:45:04Z,62.0,Charge 6
2024-12-23T08:45:07Z,62.0,Charge 6
2024-12-23T08:45:10Z,62.0,Charge 6
2024-12-23T08:45:13Z,62.0,Charge 6
2024-12-23T08:45:16Z,62.0,Charge 6
2024-12-23T08:45:19Z,62.0,Charge 6
2024-12-23T08:45:22Z,62.0,Charge 6
2024-12-23T08:45:24Z,62.0,Charge 6
2024-12-23T08:45:27Z,62.0,Charge 6
2024-12-23T08:45:30Z,62.0,Charge 6
2024-12-23T08:45:33Z,62.0,Charge 6
2024-12-23T08:45:35Z,61.0,Charge 6
2024-12-23T08:45:37Z,60.0,Charge 6
2024-12-23T08:45:40Z,60.0,Charge 6
2024-12-23T08:45:43Z,61.0,Charge 6
2024-12-23T08:45:46Z,61.0,Charge 6
2024-12-23T08:45:49Z,60.0,Charge 6
2024-12-23T08:45:52Z,60.0,Charge 6
2024-12-23T08:45:55Z,60.0,Charge 6
2024-12-23T08:45:58Z,61.0,Charge 6
2024-12-23T08:46:00Z,62.0,Charge 6
2024-12-23T08:46:03Z,62.0,Charge 6
2024-12-23T08:46:06Z,63.0,Charge 6
2024-12-23T08:46:09Z,63.0,Charge 6
2024-12-23T08:46:12Z,64.0,Charge 6
2024-12-23T08:46:15Z,64.0,Charge 6
2024-12-23T08:46:16Z,64.0,Charge 6
2024-12-23T08:46:18Z,66.0,Charge 6
2024-12-23T08:46:20Z,68.0,Charge 6
2024-12-23T08:46:21Z,72.0,Charge 6
2024-12-23T08:46:23Z,73.0,Charge 6
2024-12-23T08:46:25Z,75.0,Charge 6
2024-12-23T08:46:27Z,76.0,Charge 6
2024-12-23T08:46:29Z,78.0,Charge 6
2024-12-23T08:46:31Z,80.0,Charge 6
2024-12-23T08:46:33Z,81.0,Charge 6
2024-12-23T08:46:35Z,80.0,Charge 6
2024-12-23T08:46:38Z,80.0,Charge 6
2024-12-23T08:46:39Z,78.0,Charge 6
2024-12-23T08:46:41Z,76.0,Charge 6
2024-12-23T08:46:43Z,75.0,Charge 6
2024-12-23T08:46:45Z,73.0,Charge 6
2024-12-23T08:46:46Z,72.0,Charge 6
2024-12-23T08:46:49Z,72.0,Charge 6
2024-12-23T08:46:50Z,72.0,Charge 6
2024-12-23T08:46:53Z,72.0,Charge 6
2024-12-23T08:46:56Z,70.0,Charge 6
2024-12-23T08:46:59Z,70.0,Charge 6
2024-12-23T08:47:02Z,69.0,Charge 6
2024-12-23T08:47:04Z,68.0,Charge 6
2024-12-23T08:47:07Z,68.0,Charge 6
2024-12-23T08:47:10Z,68.0,Charge 6
2024-12-23T08:47:13Z,68.0,Charge 6
2024-12-23T08:47:16Z,68.0,Charge 6
2024-12-23T08:47:19Z,67.0,Charge 6
2024-12-23T08:47:22Z,67.0,Charge 6
2024-12-23T08:47:23Z,66.0,Charge 6
2024-12-23T08:47:26Z,66.0,Charge 6
2024-12-23T08:47:29Z,65.0,Charge 6
2024-12-23T08:47:31Z,66.0,Charge 6
2024-12-23T08:47:34Z,66.0,Charge 6
2024-12-23T08:47:36Z,66.0,Charge 6
2024-12-23T08:47:39Z,66.0,Charge 6
2024-12-23T08:47:42Z,66.0,Charge 6
2024-12-23T08:47:45Z,66.0,Charge 6
2024-12-23T08:47:48Z,67.0,Charge 6
2024-12-23T08:47:50Z,68.0,Charge 6
2024-12-23T08:47:53Z,68.0,Charge 6
2024-12-23T08:47:56Z,68.0,Charge 6
2024-12-23T08:47:59Z,68.0,Charge 6
2024-12-23T08:48:01Z,67.0,Charge 6
2024-12-23T08:48:03Z,66.0,Charge 6
2024-12-23T08:48:06Z,66.0,Charge 6
2024-12-23T08:48:07Z,65.0,Charge 6
2024-12-23T08:48:09Z,64.0,Charge 6
2024-12-23T08:48:12Z,64.0,Charge 6
2024-12-23T08:48:15Z,64.0,Charge 6
2024-12-23T08:48:18Z,64.0,Charge 6
2024-12-23T08:48:19Z,63.0,Charge 6
2024-12-23T08:48:21Z,62.0,Charge 6
2024-12-23T08:48:24Z,62.0,Charge 6
2024-12-23T08:48:27Z,62.0,Charge 6
2024-12-23T08:48:28Z,63.0,Charge 6
2024-12-23T08:48:30Z,64.0,Charge 6
2024-12-23T08:48:33Z,64.0,Charge 6
2024-12-23T08:48:36Z,64.0,Charge 6
2024-12-23T08:48:39Z,64.0,Charge 6
2024-12-23T08:48:42Z,64.0,Charge 6
2024-12-23T08:48:44Z,64.0,Charge 6
2024-12-23T08:48:47Z,64.0,Charge 6
2024-12-23T08:48:49Z,65.0,Charge 6
2024-12-23T08:48:51Z,66.0,Charge 6
2024-12-23T08:48:53Z,68.0,Charge 6
2024-12-23T08:48:55Z,69.0,Charge 6
2024-12-23T08:48:57Z,72.0,Charge 6
2024-12-23T08:48:59Z,73.0,Charge 6
2024-12-23T08:49:01Z,74.0,Charge 6
2024-12-23T08:49:03Z,76.0,Charge 6
2024-12-23T08:49:05Z,78.0,Charge 6
2024-12-23T08:49:07Z,80.0,Charge 6
2024-12-23T08:49:09Z,80.0,Charge 6
2024-12-23T08:49:10Z,79.0,Charge 6
2024-12-23T08:49:12Z,78.0,Charge 6
2024-12-23T08:49:14Z,76.0,Charge 6
2024-12-23T08:49:16Z,75.0,Charge 6
2024-12-23T08:49:18Z,74.0,Charge 6
2024-12-23T08:49:20Z,73.0,Charge 6
2024-12-23T08:49:22Z,72.0,Charge 6
2024-12-23T08:49:25Z,72.0,Charge 6
2024-12-23T08:49:26Z,72.0,Charge 6
2024-12-23T08:49:29Z,72.0,Charge 6
2024-12-23T08:49:32Z,71.0,Charge 6
2024-12-23T08:49:33Z,70.0,Charge 6
2024-12-23T08:49:36Z,70.0,Charge 6
2024-12-23T08:49:39Z,70.0,Charge 6
2024-12-23T08:49:41Z,70.0,Charge 6
2024-12-23T08:49:44Z,70.0,Charge 6
2024-12-23T08:49:45Z,69.0,Charge 6
2024-12-23T08:49:47Z,68.0,Charge 6
2024-12-23T08:49:50Z,68.0,Charge 6
2024-12-23T08:49:53Z,68.0,Charge 6
2024-12-23T08:49:56Z,68.0,Charge 6
2024-12-23T08:49:58Z,68.0,Charge 6
2024-12-23T08:50:01Z,68.0,Charge 6
2024-12-23T08:50:04Z,68.0,Charge 6
2024-12-23T08:50:06Z,69.0,Charge 6
2024-12-23T08:50:08Z,68.0,Charge 6
2024-12-23T08:50:11Z,68.0,Charge 6
2024-12-23T08:50:14Z,67.0,Charge 6
2024-12-23T08:50:16Z,66.0,Charge 6
2024-12-23T08:50:19Z,66.0,Charge 6
2024-12-23T08:50:22Z,66.0,Charge 6
2024-12-23T08:50:25Z,66.0,Charge 6
2024-12-23T08:50:28Z,66.0,Charge 6
2024-12-23T08:50:31Z,66.0,Charge 6
2024-12-23T08:50:34Z,66.0,Charge 6
2024-12-23T08:50:35Z,65.0,Charge 6
2024-12-23T08:50:38Z,65.0,Charge 6
2024-12-23T08:50:39Z,64.0,Charge 6
2024-12-23T08:50:42Z,64.0,Charge 6
2024-12-23T08:50:45Z,64.0,Charge 6
2024-12-23T08:50:48Z,64.0,Charge 6
2024-12-23T08:50:50Z,64.0,Charge 6
2024-12-23T08:50:53Z,64.0,Charge 6
2024-12-23T08:50:56Z,63.0,Charge 6
2024-12-23T08:50:59Z,63.0,Charge 6
2024-12-23T08:51:00Z,62.0,Charge 6
2024-12-23T08:51:03Z,62.0,Charge 6
2024-12-23T08:51:06Z,62.0,Charge 6
2024-12-23T08:51:09Z,62.0,Charge 6
2024-12-23T08:51:12Z,62.0,Charge 6
2024-12-23T08:51:15Z,62.0,Charge 6
2024-12-23T08:51:18Z,62.0,Charge 6
2024-12-23T08:51:21Z,62.0,Charge 6
2024-12-23T08:51:24Z,62.0,Charge 6
2024-12-23T08:51:27Z,62.0,Charge 6
2024-12-23T08:51:29Z,61.0,Charge 6
2024-12-23T08:51:31Z,61.0,Charge 6
2024-12-23T08:51:33Z,62.0,Charge 6
2024-12-23T08:51:36Z,61.0,Charge 6
2024-12-23T08:51:39Z,61.0,Charge 6
2024-12-23T08:51:42Z,62.0,Charge 6
2024-12-23T08:51:45Z,62.0,Charge 6
2024-12-23T08:51:46Z,63.0,Charge 6
2024-12-23T08:51:48Z,64.0,Charge 6
2024-12-23T08:51:51Z,64.0,Charge 6
2024-12-23T08:51:54Z,65.0,Charge 6
2024-12-23T08:51:56Z,66.0,Charge 6
2024-12-23T08:51:59Z,67.0,Charge 6
2024-12-23T08:52:01Z,67.0,Charge 6
2024-12-23T08:52:03Z,68.0,Charge 6
2024-12-23T08:52:06Z,68.0,Charge 6
2024-12-23T08:52:09Z,68.0,Charge 6
2024-12-23T08:52:12Z,68.0,Charge 6
2024-12-23T08:52:15Z,68.0,Charge 6
2024-12-23T08:52:18Z,68.0,Charge 6
2024-12-23T08:52:21Z,68.0,Charge 6
2024-12-23T08:52:22Z,69.0,Charge 6
2024-12-23T08:52:25Z,69.0,Charge 6
2024-12-23T08:52:28Z,68.0,Charge 6
2024-12-23T08:52:30Z,67.0,Charge 6
2024-12-23T08:52:32Z,66.0,Charge 6
2024-12-23T08:52:35Z,66.0,Charge 6
2024-12-23T08:52:38Z,66.0,Charge 6
2024-12-23T08:52:40Z,65.0,Charge 6
2024-12-23T08:52:42Z,64.0,Charge 6
2024-12-23T08:52:45Z,63.0,Charge 6
2024-12-23T08:52:48Z,63.0,Charge 6
2024-12-23T08:52:49Z,62.0,Charge 6
2024-12-23T08:52:52Z,62.0,Charge 6
2024-12-23T08:52:55Z,62.0,Charge 6
2024-12-23T08:52:58Z,62.0,Charge 6
2024-12-23T08:53:01Z,62.0,Charge 6
2024-12-23T08:53:03Z,61.0,Charge 6
2024-12-23T08:53:05Z,60.0,Charge 6
2024-12-23T08:53:07Z,61.0,Charge 6
2024-12-23T08:53:09Z,62.0,Charge 6
2024-12-23T08:53:10Z,62.0,Charge 6
2024-12-23T08:53:13Z,62.0,Charge 6
2024-12-23T08:53:16Z,62.0,Charge 6
2024-12-23T08:53:18Z,62.0,Charge 6
2024-12-23T08:53:20Z,62.0,Charge 6
2024-12-23T08:53:22Z,63.0,Charge 6
2024-12-23T08:53:25Z,63.0,Charge 6
2024-12-23T08:53:28Z,63.0,Charge 6
2024-12-23T08:53:31Z,63.0,Charge 6
2024-12-23T08:53:33Z,64.0,Charge 6
2024-12-23T08:53:36Z,64.0,Charge 6
2024-12-23T08:53:39Z,64.0,Charge 6
2024-12-23T08:53:41Z,63.0,Charge 6
2024-12-23T08:53:43Z,63.0,Charge 6
2024-12-23T08:53:45Z,64.0,Charge 6
2024-12-23T08:53:47Z,64.0,Charge 6
2024-12-23T08:53:50Z,64.0,Charge 6
2024-12-23T08:53:51Z,65.0,Charge 6
2024-12-23T08:53:53Z,64.0,Charge 6
2024-12-23T08:53:55Z,64.0,Charge 6
2024-12-23T08:53:57Z,64.0,Charge 6
2024-12-23T08:54:00Z,64.0,Charge 6
2024-12-23T08:54:02Z,64.0,Charge 6
2024-12-23T08:54:05Z,64.0,Charge 6
2024-12-23T08:54:06Z,64.0,Charge 6
2024-12-23T08:54:09Z,64.0,Charge 6
2024-12-23T08:54:10Z,63.0,Charge 6
2024-12-23T08:54:13Z,63.0,Charge 6
2024-12-23T08:54:16Z,64.0,Charge 6
2024-12-23T08:54:19Z,64.0,Charge 6
2024-12-23T08:54:22Z,64.0,Charge 6
2024-12-23T08:54:23Z,63.0,Charge 6
2024-12-23T08:54:26Z,63.0,Charge 6
2024-12-23T08:54:29Z,63.0,Charge 6
2024-12-23T08:54:32Z,63.0,Charge 6
2024-12-23T08:54:33Z,62.0,Charge 6
2024-12-23T08:54:36Z,62.0,Charge 6
2024-12-23T08:54:37Z,63.0,Charge 6
2024-12-23T08:54:39Z,64.0,Charge 6
2024-12-23T08:54:42Z,64.0,Charge 6
2024-12-23T08:54:45Z,64.0,Charge 6
2024-12-23T08:54:46Z,64.0,Charge 6
2024-12-23T08:54:49Z,64.0,Charge 6
2024-12-23T08:54:52Z,64.0,Charge 6
2024-12-23T08:54:55Z,64.0,Charge 6
2024-12-23T08:54:58Z,62.0,Charge 6
2024-12-23T08:55:01Z,62.0,Charge 6
2024-12-23T08:55:04Z,62.0,Charge 6
2024-12-23T08:55:06Z,62.0,Charge 6
2024-12-23T08:55:09Z,63.0,Charge 6
2024-12-23T08:55:11Z,62.0,Charge 6
2024-12-23T08:55:13Z,62.0,Charge 6
2024-12-23T08:55:15Z,62.0,Charge 6
2024-12-23T08:55:17Z,62.0,Charge 6
2024-12-23T08:55:20Z,62.0,Charge 6
2024-12-23T08:55:23Z,62.0,Charge 6
2024-12-23T08:55:26Z,62.0,Charge 6
2024-12-23T08:55:29Z,62.0,Charge 6
2024-12-23T08:55:31Z,62.0,Charge 6
2024-12-23T08:55:34Z,63.0,Charge 6
2024-12-23T08:55:37Z,63.0,Charge 6
2024-12-23T08:55:40Z,63.0,Charge 6
2024-12-23T08:55:42Z,62.0,Charge 6
2024-12-23T08:55:44Z,63.0,Charge 6
2024-12-23T08:55:46Z,63.0,Charge 6
2024-12-23T08:55:48Z,64.0,Charge 6
2024-12-23T08:55:51Z,64.0,Charge 6
2024-12-23T08:55:54Z,64.0,Charge 6
2024-12-23T08:55:57Z,64.0,Charge 6
2024-12-23T08:56:00Z,64.0,Charge 6
2024-12-23T08:56:03Z,64.0,Charge 6
2024-12-23T08:56:06Z,64.0,Charge 6
2024-12-23T08:56:09Z,64.0,Charge 6
2024-12-23T08:56:12Z,64.0,Charge 6
2024-12-23T08:56:13Z,65.0,Charge 6
2024-12-23T08:56:16Z,65.0,Charge 6
2024-12-23T08:56:19Z,65.0,Charge 6
2024-12-23T08:56:21Z,65.0,Charge 6
2024-12-23T08:56:24Z,65.0,Charge 6
2024-12-23T08:56:27Z,65.0,Charge 6
2024-12-23T08:56:28Z,65.0,Charge 6
2024-12-23T08:56:30Z,66.0,Charge 6
2024-12-23T08:56:33Z,66.0,Charge 6
2024-12-23T08:56:36Z,66.0,Charge 6
2024-12-23T08:56:39Z,66.0,Charge 6
2024-12-23T08:56:40Z,67.0,Charge 6
2024-12-23T08:56:43Z,67.0,Charge 6
2024-12-23T08:56:44Z,66.0,Charge 6
2024-12-23T08:56:47Z,65.0,Charge 6
2024-12-23T08:56:50Z,65.0,Charge 6
2024-12-23T08:56:53Z,65.0,Charge 6
2024-12-23T08:56:55Z,64.0,Charge 6
2024-12-23T08:56:58Z,64.0,Charge 6
2024-12-23T08:57:01Z,64.0,Charge 6
2024-12-23T08:57:04Z,64.0,Charge 6
2024-12-23T08:57:07Z,64.0,Charge 6
2024-12-23T08:57:10Z,65.0,Charge 6
2024-12-23T08:57:12Z,66.0,Charge 6
2024-12-23T08:57:15Z,66.0,Charge 6
2024-12-23T08:57:16Z,65.0,Charge 6
2024-12-23T08:57:18Z,64.0,Charge 6
2024-12-23T08:57:21Z,64.0,Charge 6
2024-12-23T08:57:24Z,64.0,Charge 6
2024-12-23T08:57:27Z,64.0,Charge 6
2024-12-23T08:57:30Z,64.0,Charge 6
2024-12-23T08:57:33Z,64.0,Charge 6
2024-12-23T08:57:35Z,63.0,Charge 6
2024-12-23T08:57:37Z,62.0,Charge 6
2024-12-23T08:57:40Z,62.0,Charge 6
2024-12-23T08:57:43Z,62.0,Charge 6
2024-12-23T08:57:45Z,63.0,Charge 6
2024-12-23T08:57:48Z,63.0,Charge 6
2024-12-23T08:57:49Z,63.0,Charge 6
2024-12-23T08:57:51Z,63.0,Charge 6
2024-12-23T08:57:54Z,63.0,Charge 6
2024-12-23T08:57:57Z,63.0,Charge 6
2024-12-23T08:57:58Z,63.0,Charge 6
2024-12-23T08:58:00Z,64.0,Charge 6
2024-12-23T08:58:03Z,64.0,Charge 6
2024-12-23T08:58:04Z,65.0,Charge 6
2024-12-23T08:58:06Z,64.0,Charge 6
2024-12-23T08:58:09Z,64.0,Charge 6
2024-12-23T08:58:12Z,64.0,Charge 6
2024-12-23T08:58:15Z,64.0,Charge 6
2024-12-23T08:58:18Z,64.0,Charge 6
2024-12-23T08:58:20Z,64.0,Charge 6
2024-12-23T08:58:23Z,64.0,Charge 6
2024-12-23T08:58:26Z,64.0,Charge 6
2024-12-23T08:58:27Z,64.0,Charge 6
2024-12-23T08:58:30Z,64.0,Charge 6
2024-12-23T08:58:31Z,64.0,Charge 6
2024-12-23T08:58:34Z,64.0,Charge 6
2024-12-23T08:58:37Z,64.0,Charge 6
2024-12-23T08:58:39Z,63.0,Charge 6
2024-12-23T08:58:41Z,64.0,Charge 6
2024-12-23T08:58:44Z,64.0,Charge 6
2024-12-23T08:58:47Z,64.0,Charge 6
2024-12-23T08:58:48Z,63.0,Charge 6
2024-12-23T08:58:50Z,62.0,Charge 6
2024-12-23T08:58:53Z,62.0,Charge 6
2024-12-23T08:58:56Z,63.0,Charge 6
2024-12-23T08:58:59Z,63.0,Charge 6
2024-12-23T08:59:02Z,64.0,Charge 6
2024-12-23T08:59:05Z,64.0,Charge 6
2024-12-23T08:59:08Z,63.0,Charge 6
2024-12-23T08:59:11Z,63.0,Charge 6
2024-12-23T08:59:13Z,64.0,Charge 6
2024-12-23T08:59:16Z,64.0,Charge 6
2024-12-23T08:59:19Z,64.0,Charge 6
2024-12-23T08:59:21Z,65.0,Charge 6
2024-12-23T08:59:23Z,66.0,Charge 6
2024-12-23T08:59:26Z,66.0,Charge 6
2024-12-23T08:59:27Z,67.0,Charge 6
2024-12-23T08:59:29Z,68.0,Charge 6
2024-12-23T08:59:32Z,68.0,Charge 6
2024-12-23T08:59:33Z,68.0,Charge 6
2024-12-23T08:59:34Z,66.0,Charge 6
2024-12-23T08:59:36Z,66.0,Charge 6
2024-12-23T08:59:38Z,66.0,Charge 6
2024-12-23T08:59:40Z,65.0,Charge 6
2024-12-23T08:59:42Z,64.0,Charge 6
2024-12-23T08:59:44Z,64.0,Charge 6
2024-12-23T08:59:46Z,62.0,Charge 6
2024-12-23T08:59:49Z,62.0,Charge 6
2024-12-23T08:59:52Z,62.0,Charge 6
2024-12-23T08:59:55Z,62.0,Charge 6
2024-12-23T08:59:57Z,61.0,Charge 6
2024-12-23T09:00:00Z,61.0,Charge 6
2024-12-23T09:00:03Z,62.0,Charge 6
2024-12-23T09:00:05Z,62.0,Charge 6
2024-12-23T09:00:08Z,62.0,Charge 6
2024-12-23T09:00:11Z,62.0,Charge 6
2024-12-23T09:00:13Z,62.0,Charge 6
2024-12-23T09:00:16Z,62.0,Charge 6
2024-12-23T09:00:19Z,62.0,Charge 6
2024-12-23T09:00:22Z,62.0,Charge 6
2024-12-23T09:00:25Z,62.0,Charge 6
2024-12-23T09:00:26Z,63.0,Charge 6
2024-12-23T09:00:28Z,64.0,Charge 6
2024-12-23T09:00:31Z,64.0,Charge 6
2024-12-23T09:00:34Z,63.0,Charge 6
2024-12-23T09:00:36Z,64.0,Charge 6
2024-12-23T09:00:39Z,64.0,Charge 6
2024-12-23T09:00:42Z,65.0,Charge 6
2024-12-23T09:00:44Z,64.0,Charge 6
2024-12-23T09:00:45Z,64.0,Charge 6
2024-12-23T09:00:48Z,64.0,Charge 6
2024-12-23T09:00:51Z,64.0,Charge 6
2024-12-23T09:00:53Z,64.0,Charge 6
2024-12-23T09:00:55Z,65.0,Charge 6
2024-12-23T09:00:57Z,66.0,Charge 6
2024-12-23T09:00:59Z,66.0,Charge 6
2024-12-23T09:01:02Z,66.0,Charge 6
2024-12-23T09:01:03Z,66.0,Charge 6
2024-12-23T09:01:06Z,66.0,Charge 6
2024-12-23T09:01:07Z,67.0,Charge 6
2024-12-23T09:01:09Z,68.0,Charge 6
2024-12-23T09:01:12Z,68.0,Charge 6
2024-12-23T09:01:14Z,67.0,Charge 6
2024-12-23T09:01:16Z,66.0,Charge 6
2024-12-23T09:01:19Z,66.0,Charge 6
2024-12-23T09:01:20Z,65.0,Charge 6
2024-12-23T09:01:22Z,64.0,Charge 6
2024-12-23T09:01:25Z,64.0,Charge 6
2024-12-23T09:01:28Z,63.0,Charge 6
2024-12-23T09:01:30Z,62.0,Charge 6
2024-12-23T09:01:33Z,62.0,Charge 6
2024-12-23T09:01:36Z,62.0,Charge 6
2024-12-23T09:01:39Z,62.0,Charge 6
2024-12-23T09:01:42Z,62.0,Charge 6
2024-12-23T09:01:43Z,61.0,Charge 6
2024-12-23T09:01:46Z,61.0,Charge 6
2024-12-23T09:01:49Z,62.0,Charge 6
2024-12-23T09:01:52Z,62.0,Charge 6
2024-12-23T09:01:53Z,62.0,Charge 6
2024-12-23T09:01:55Z,62.0,Charge 6
2024-12-23T09:01:58Z,62.0,Charge 6
2024-12-23T09:02:00Z,62.0,Charge 6
2024-12-23T09:02:03Z,62.0,Charge 6
2024-12-23T09:02:06Z,63.0,Charge 6
2024-12-23T09:02:09Z,63.0,Charge 6
2024-12-23T09:02:10Z,64.0,Charge 6
2024-12-23T09:02:12Z,64.0,Charge 6
2024-12-23T09:02:15Z,64.0,Charge 6
2024-12-23T09:02:18Z,64.0,Charge 6
2024-12-23T09:02:21Z,64.0,Charge 6
2024-12-23T09:02:24Z,64.0,Charge 6
2024-12-23T09:02:27Z,64.0,Charge 6
2024-12-23T09:02:29Z,63.0,Charge 6
2024-12-23T09:02:32Z,63.0,Charge 6
2024-12-23T09:02:33Z,64.0,Charge 6
2024-12-23T09:02:36Z,64.0,Charge 6
2024-12-23T09:02:39Z,64.0,Charge 6
2024-12-23T09:02:42Z,64.0,Charge 6
2024-12-23T09:02:45Z,64.0,Charge 6
2024-12-23T09:02:48Z,64.0,Charge 6
2024-12-23T09:02:51Z,64.0,Charge 6
2024-12-23T09:02:52Z,64.0,Charge 6
2024-12-23T09:02:55Z,64.0,Charge 6
2024-12-23T09:02:58Z,64.0,Charge 6
2024-12-23T09:03:00Z,65.0,Charge 6
2024-12-23T09:03:02Z,66.0,Charge 6
2024-12-23T09:03:04Z,66.0,Charge 6
2024-12-23T09:03:07Z,66.0,Charge 6
2024-12-23T09:03:10Z,66.0,Charge 6
2024-12-23T09:03:13Z,66.0,Charge 6
2024-12-23T09:03:15Z,65.0,Charge 6
2024-12-23T09:03:17Z,64.0,Charge 6
2024-12-23T09:03:20Z,64.0,Charge 6
2024-12-23T09:03:21Z,63.0,Charge 6
2024-12-23T09:03:23Z,63.0,Charge 6
2024-12-23T09:03:25Z,63.0,Charge 6
2024-12-23T09:03:27Z,63.0,Charge 6
2024-12-23T09:03:29Z,63.0,Charge 6
2024-12-23T09:03:31Z,64.0,Charge 6
2024-12-23T09:03:33Z,64.0,Charge 6
2024-12-23T09:03:34Z,64.0,Charge 6
2024-12-23T09:03:36Z,64.0,Charge 6
2024-12-23T09:03:39Z,64.0,Charge 6
2024-12-23T09:03:42Z,64.0,Charge 6
2024-12-23T09:03:45Z,64.0,Charge 6
2024-12-23T09:03:48Z,64.0,Charge 6
2024-12-23T09:03:51Z,64.0,Charge 6
2024-12-23T09:03:52Z,63.0,Charge 6
2024-12-23T09:03:55Z,63.0,Charge 6
2024-12-23T09:03:56Z,62.0,Charge 6
2024-12-23T09:03:59Z,62.0,Charge 6
2024-12-23T09:04:02Z,62.0,Charge 6
2024-12-23T09:04:03Z,63.0,Charge 6
2024-12-23T09:04:05Z,64.0,Charge 6
2024-12-23T09:04:08Z,64.0,Charge 6
2024-12-23T09:04:09Z,63.0,Charge 6
2024-12-23T09:04:12Z,63.0,Charge 6
2024-12-23T09:04:13Z,64.0,Charge 6
2024-12-23T09:04:16Z,64.0,Charge 6
2024-12-23T09:04:17Z,63.0,Charge 6
2024-12-23T09:04:19Z,62.0,Charge 6
2024-12-23T09:04:21Z,61.0,Charge 6
2024-12-23T09:04:22Z,60.0,Charge 6
2024-12-23T09:04:25Z,60.0,Charge 6
2024-12-23T09:04:28Z,60.0,Charge 6
2024-12-23T09:04:30Z,61.0,Charge 6
2024-12-23T09:04:32Z,62.0,Charge 6
2024-12-23T09:04:35Z,62.0,Charge 6
2024-12-23T09:04:36Z,62.0,Charge 6
2024-12-23T09:04:39Z,62.0,Charge 6
2024-12-23T09:04:42Z,62.0,Charge 6
2024-12-23T09:04:45Z,62.0,Charge 6
2024-12-23T09:04:48Z,62.0,Charge 6
2024-12-23T09:04:49Z,62.0,Charge 6
2024-12-23T09:04:51Z,63.0,Charge 6
2024-12-23T09:04:54Z,63.0,Charge 6
2024-12-23T09:04:55Z,63.0,Charge 6
2024-12-23T09:04:58Z,63.0,Charge 6
2024-12-23T09:05:01Z,63.0,Charge 6
2024-12-23T09:05:03Z,63.0,Charge 6
2024-12-23T09:05:05Z,64.0,Charge 6
2024-12-23T09:05:07Z,65.0,Charge 6
2024-12-23T09:05:09Z,66.0,Charge 6
2024-12-23T09:05:10Z,64.0,Charge 6
2024-12-23T09:05:13Z,64.0,Charge 6
2024-12-23T09:05:16Z,63.0,Charge 6
2024-12-23T09:05:18Z,62.0,Charge 6
2024-12-23T09:05:20Z,63.0,Charge 6
2024-12-23T09:05:22Z,64.0,Charge 6
2024-12-23T09:05:25Z,64.0,Charge 6
2024-12-23T09:05:28Z,65.0,Charge 6
2024-12-23T09:05:30Z,66.0,Charge 6
2024-12-23T09:05:33Z,66.0,Charge 6
2024-12-23T09:05:36Z,66.0,Charge 6
2024-12-23T09:05:37Z,64.0,Charge 6
2024-12-23T09:05:40Z,64.0,Charge 6
2024-12-23T09:05:41Z,63.0,Charge 6
2024-12-23T09:05:44Z,63.0,Charge 6
2024-12-23T09:05:47Z,63.0,Charge 6
2024-12-23T09:05:49Z,62.0,Charge 6
2024-12-23T09:05:52Z,62.0,Charge 6
2024-12-23T09:05:55Z,62.0,Charge 6
2024-12-23T09:05:57Z,64.0,Charge 6
2024-12-23T09:05:58Z,64.0,Charge 6
2024-12-23T09:06:00Z,65.0,Charge 6
2024-12-23T09:06:02Z,67.0,Charge 6
2024-12-23T09:06:04Z,68.0,Charge 6
2024-12-23T09:06:06Z,70.0,Charge 6
2024-12-23T09:06:08Z,74.0,Charge 6
2024-12-23T09:06:10Z,76.0,Charge 6
2024-12-23T09:06:12Z,78.0,Charge 6
2024-12-23T09:06:14Z,80.0,Charge 6
2024-12-23T09:06:16Z,82.0,Charge 6
2024-12-23T09:06:19Z,82.0,Charge 6
2024-12-23T09:06:20Z,80.0,Charge 6
2024-12-23T09:06:21Z,78.0,Charge 6
2024-12-23T09:06:23Z,76.0,Charge 6
2024-12-23T09:06:25Z,74.0,Charge 6
2024-12-23T09:06:27Z,72.0,Charge 6
2024-12-23T09:06:29Z,71.0,Charge 6
2024-12-23T09:06:31Z,70.0,Charge 6
2024-12-23T09:06:33Z,69.0,Charge 6
2024-12-23T09:06:35Z,68.0,Charge 6
2024-12-23T09:06:38Z,68.0,Charge 6
2024-12-23T09:06:39Z,67.0,Charge 6
2024-12-23T09:06:41Z,66.0,Charge 6
2024-12-23T09:06:43Z,65.0,Charge 6
2024-12-23T09:06:45Z,64.0,Charge 6
2024-12-23T09:06:46Z,62.0,Charge 6
2024-12-23T09:06:49Z,62.0,Charge 6
2024-12-23T09:06:50Z,61.0,Charge 6
2024-12-23T09:06:52Z,60.0,Charge 6
2024-12-23T09:06:55Z,60.0,Charge 6
2024-12-23T09:06:58Z,60.0,Charge 6
2024-12-23T09:07:00Z,60.0,Charge 6
2024-12-23T09:07:03Z,60.0,Charge 6
2024-12-23T09:07:06Z,60.0,Charge 6
2024-12-23T09:07:09Z,60.0,Charge 6
2024-12-23T09:07:12Z,60.0,Charge 6
2024-12-23T09:07:15Z,60.0,Charge 6
2024-12-23T09:07:18Z,60.0,Charge 6
2024-12-23T09:07:19Z,61.0,Charge 6
2024-12-23T09:07:22Z,61.0,Charge 6
2024-12-23T09:07:23Z,62.0,Charge 6
2024-12-23T09:07:26Z,62.0,Charge 6
2024-12-23T09:07:29Z,62.0,Charge 6
2024-12-23T09:07:32Z,62.0,Charge 6
2024-12-23T09:07:34Z,61.0,Charge 6
2024-12-23T09:07:37Z,61.0,Charge 6
2024-12-23T09:07:38Z,62.0,Charge 6
2024-12-23T09:07:41Z,62.0,Charge 6
2024-12-23T09:07:42Z,61.0,Charge 6
2024-12-23T09:07:45Z,61.0,Charge 6
2024-12-23T09:07:48Z,62.0,Charge 6
2024-12-23T09:07:51Z,62.0,Charge 6
2024-12-23T09:07:54Z,62.0,Charge 6
2024-12-23T09:07:57Z,62.0,Charge 6
2024-12-23T09:08:00Z,62.0,Charge 6
2024-12-23T09:08:03Z,62.0,Charge 6
2024-12-23T09:08:06Z,62.0,Charge 6
2024-12-23T09:08:09Z,62.0,Charge 6
2024-12-23T09:08:11Z,62.0,Charge 6
2024-12-23T09:08:14Z,62.0,Charge 6
2024-12-23T09:08:17Z,62.0,Charge 6
2024-12-23T09:08:20Z,62.0,Charge 6
2024-12-23T09:08:23Z,62.0,Charge 6
2024-12-23T09:08:26Z,62.0,Charge 6
2024-12-23T09:08:29Z,62.0,Charge 6
2024-12-23T09:08:32Z,62.0,Charge 6
2024-12-23T09:08:35Z,62.0,Charge 6
2024-12-23T09:08:38Z,61.0,Charge 6
2024-12-23T09:08:41Z,61.0,Charge 6
2024-12-23T09:08:42Z,60.0,Charge 6
2024-12-23T09:08:44Z,61.0,Charge 6
2024-12-23T09:08:47Z,60.0,Charge 6
2024-12-23T09:08:49Z,61.0,Charge 6
2024-12-23T09:08:51Z,60.0,Charge 6
2024-12-23T09:08:54Z,60.0,Charge 6
2024-12-23T09:08:57Z,61.0,Charge 6
2024-12-23T09:09:00Z,61.0,Charge 6
2024-12-23T09:09:01Z,62.0,Charge 6
2024-12-23T09:09:04Z,62.0,Charge 6
2024-12-23T09:09:05Z,61.0,Charge 6
2024-12-23T09:09:08Z,61.0,Charge 6
2024-12-23T09:09:10Z,62.0,Charge 6
2024-12-23T09:09:13Z,62.0,Charge 6
2024-12-23T09:09:16Z,62.0,Charge 6
2024-12-23T09:09:19Z,62.0,Charge 6
2024-12-23T09:09:20Z,62.0,Charge 6
2024-12-23T09:09:22Z,61.0,Charge 6
2024-12-23T09:09:25Z,61.0,Charge 6
2024-12-23T09:09:28Z,62.0,Charge 6
2024-12-23T09:09:31Z,62.0,Charge 6
2024-12-23T09:09:32Z,64.0,Charge 6
2024-12-23T09:09:35Z,64.0,Charge 6
2024-12-23T09:09:37Z,65.0,Charge 6
2024-12-23T09:09:39Z,66.0,Charge 6
2024-12-23T09:09:42Z,66.0,Charge 6
2024-12-23T09:09:43Z,65.0,Charge 6
2024-12-23T09:09:45Z,64.0,Charge 6
2024-12-23T09:09:48Z,64.0,Charge 6
2024-12-23T09:09:49Z,63.0,Charge 6
2024-12-23T09:09:52Z,63.0,Charge 6
2024-12-23T09:09:55Z,64.0,Charge 6
2024-12-23T09:09:58Z,64.0,Charge 6
2024-12-23T09:10:00Z,63.0,Charge 6
2024-12-23T09:10:02Z,62.0,Charge 6
2024-12-23T09:10:05Z,62.0,Charge 6
2024-12-23T09:10:08Z,62.0,Charge 6
2024-12-23T09:10:10Z,63.0,Charge 6
2024-12-23T09:10:13Z,63.0,Charge 6
2024-12-23T09:10:14Z,62.0,Charge 6
2024-12-23T09:10:17Z,62.0,Charge 6
2024-12-23T09:10:20Z,62.0,Charge 6
2024-12-23T09:10:23Z,63.0,Charge 6
2024-12-23T09:10:25Z,63.0,Charge 6
2024-12-23T09:10:28Z,63.0,Charge 6
2024-12-23T09:10:31Z,63.0,Charge 6
2024-12-23T09:10:34Z,63.0,Charge 6
2024-12-23T09:10:35Z,64.0,Charge 6
2024-12-23T09:10:38Z,64.0,Charge 6
2024-12-23T09:10:41Z,64.0,Charge 6
2024-12-23T09:10:43Z,66.0,Charge 6
2024-12-23T09:10:46Z,67.0,Charge 6
2024-12-23T09:10:49Z,67.0,Charge 6
2024-12-23T09:10:50Z,66.0,Charge 6
2024-12-23T09:10:52Z,65.0,Charge 6
2024-12-23T09:10:54Z,64.0,Charge 6
2024-12-23T09:10:57Z,64.0,Charge 6
2024-12-23T09:11:00Z,64.0,Charge 6
2024-12-23T09:11:03Z,64.0,Charge 6
2024-12-23T09:11:04Z,65.0,Charge 6
2024-12-23T09:11:06Z,66.0,Charge 6
2024-12-23T09:11:08Z,65.0,Charge 6
2024-12-23T09:11:11Z,66.0,Charge 6
2024-12-23T09:11:14Z,66.0,Charge 6
2024-12-23T09:11:15Z,65.0,Charge 6
2024-12-23T09:11:18Z,65.0,Charge 6
2024-12-23T09:11:19Z,64.0,Charge 6
2024-12-23T09:11:22Z,64.0,Charge 6
2024-12-23T09:11:25Z,63.0,Charge 6
2024-12-23T09:11:27Z,62.0,Charge 6
2024-12-23T09:11:29Z,62.0,Charge 6
2024-12-23T09:11:32Z,62.0,Charge 6
2024-12-23T09:11:35Z,62.0,Charge 6
2024-12-23T09:11:38Z,62.0,Charge 6
2024-12-23T09:11:41Z,62.0,Charge 6
2024-12-23T09:11:44Z,62.0,Charge 6
2024-12-23T09:11:47Z,62.0,Charge 6
2024-12-23T09:11:50Z,61.0,Charge 6
2024-12-23T09:11:53Z,61.0,Charge 6
2024-12-23T09:11:56Z,62.0,Charge 6
2024-12-23T09:11:59Z,62.0,Charge 6
2024-12-23T09:12:02Z,62.0,Charge 6
2024-12-23T09:12:05Z,63.0,Charge 6
2024-12-23T09:12:08Z,63.0,Charge 6
2024-12-23T09:12:09Z,64.0,Charge 6
2024-12-23T09:12:12Z,64.0,Charge 6
2024-12-23T09:12:15Z,65.0,Charge 6
2024-12-23T09:12:17Z,64.0,Charge 6
2024-12-23T09:12:20Z,64.0,Charge 6
2024-12-23T09:12:21Z,62.0,Charge 6
2024-12-23T09:12:24Z,61.0,Charge 6
2024-12-23T09:12:27Z,61.0,Charge 6
2024-12-23T09:12:30Z,61.0,Charge 6
2024-12-23T09:12:33Z,61.0,Charge 6
2024-12-23T09:12:34Z,62.0,Charge 6
2024-12-23T09:12:37Z,62.0,Charge 6
2024-12-23T09:12:40Z,62.0,Charge 6
2024-12-23T09:12:42Z,62.0,Charge 6
2024-12-23T09:12:45Z,61.0,Charge 6
2024-12-23T09:12:47Z,62.0,Charge 6
2024-12-23T09:12:50Z,62.0,Charge 6
2024-12-23T09:12:53Z,62.0,Charge 6
2024-12-23T09:12:56Z,62.0,Charge 6
2024-12-23T09:12:59Z,62.0,Charge 6
2024-12-23T09:13:02Z,62.0,Charge 6
2024-12-23T09:13:03Z,63.0,Charge 6
2024-12-23T09:13:05Z,64.0,Charge 6
2024-12-23T09:13:08Z,64.0,Charge 6
2024-12-23T09:13:11Z,64.0,Charge 6
2024-12-23T09:13:14Z,64.0,Charge 6
2024-12-23T09:13:17Z,64.0,Charge 6
2024-12-23T09:13:20Z,64.0,Charge 6
2024-12-23T09:13:22Z,63.0,Charge 6
2024-12-23T09:13:25Z,63.0,Charge 6
2024-12-23T09:13:28Z,64.0,Charge 6
2024-12-23T09:13:31Z,64.0,Charge 6
2024-12-23T09:13:34Z,64.0,Charge 6
2024-12-23T09:13:37Z,64.0,Charge 6
2024-12-23T09:13:40Z,64.0,Charge 6
2024-12-23T09:13:43Z,64.0,Charge 6
2024-12-23T09:13:46Z,64.0,Charge 6
2024-12-23T09:13:49Z,64.0,Charge 6
2024-12-23T09:13:52Z,64.0,Charge 6
2024-12-23T09:13:55Z,64.0,Charge 6
2024-12-23T09:13:57Z,64.0,Charge 6
2024-12-23T09:13:58Z,63.0,Charge 6
2024-12-23T09:14:01Z,63.0,Charge 6
2024-12-23T09:14:02Z,62.0,Charge 6
2024-12-23T09:14:05Z,62.0,Charge 6
2024-12-23T09:14:08Z,62.0,Charge 6
2024-12-23T09:14:11Z,62.0,Charge 6
2024-12-23T09:14:14Z,62.0,Charge 6
2024-12-23T09:14:17Z,62.0,Charge 6
2024-12-23T09:14:18Z,63.0,Charge 6
2024-12-23T09:14:21Z,63.0,Charge 6
2024-12-23T09:14:24Z,63.0,Charge 6
2024-12-23T09:14:27Z,64.0,Charge 6
2024-12-23T09:14:30Z,64.0,Charge 6
2024-12-23T09:14:33Z,66.0,Charge 6
2024-12-23T09:14:36Z,66.0,Charge 6
2024-12-23T09:14:39Z,67.0,Charge 6
2024-12-23T09:14:41Z,68.0,Charge 6
2024-12-23T09:14:44Z,68.0,Charge 6
2024-12-23T09:14:47Z,68.0,Charge 6
2024-12-23T09:14:48Z,67.0,Charge 6
2024-12-23T09:14:51Z,67.0,Charge 6
2024-12-23T09:14:54Z,67.0,Charge 6
2024-12-23T09:14:56Z,66.0,Charge 6
2024-12-23T09:14:59Z,66.0,Charge 6
2024-12-23T09:15:00Z,64.0,Charge 6
2024-12-23T09:15:03Z,64.0,Charge 6
2024-12-23T09:15:04Z,64.0,Charge 6
2024-12-23T09:15:07Z,64.0,Charge 6
2024-12-23T09:15:10Z,64.0,Charge 6
2024-12-23T09:15:13Z,64.0,Charge 6
2024-12-23T09:15:16Z,64.0,Charge 6
2024-12-23T09:15:17Z,63.0,Charge 6
2024-12-23T09:15:19Z,62.0,Charge 6
2024-12-23T09:15:22Z,62.0,Charge 6
2024-12-23T09:15:25Z,62.0,Charge 6
2024-12-23T09:15:28Z,62.0,Charge 6
2024-12-23T09:15:29Z,61.0,Charge 6
2024-12-23T09:15:32Z,61.0,Charge 6
2024-12-23T09:15:33Z,62.0,Charge 6
2024-12-23T09:15:36Z,62.0,Charge 6
2024-12-23T09:15:39Z,62.0,Charge 6
2024-12-23T09:15:42Z,62.0,Charge 6
2024-12-23T09:15:45Z,62.0,Charge 6
2024-12-23T09:15:48Z,62.0,Charge 6
2024-12-23T09:15:51Z,62.0,Charge 6
2024-12-23T09:15:54Z,63.0,Charge 6
2024-12-23T09:15:57Z,63.0,Charge 6
2024-12-23T09:16:00Z,62.0,Charge 6
2024-12-23T09:16:03Z,62.0,Charge 6
2024-12-23T09:16:04Z,63.0,Charge 6
2024-12-23T09:16:07Z,63.0,Charge 6
2024-12-23T09:16:08Z,64.0,Charge 6
2024-12-23T09:16:09Z,63.0,Charge 6
2024-12-23T09:16:11Z,62.0,Charge 6
2024-12-23T09:16:14Z,62.0,Charge 6
2024-12-23T09:16:17Z,64.0,Charge 6
2024-12-23T09:16:20Z,64.0,Charge 6
2024-12-23T09:16:21Z,63.0,Charge 6
2024-12-23T09:16:23Z,62.0,Charge 6
2024-12-23T09:16:26Z,62.0,Charge 6
2024-12-23T09:16:29Z,62.0,Charge 6
2024-12-23T09:16:31Z,63.0,Charge 6
2024-12-23T09:16:33Z,64.0,Charge 6
2024-12-23T09:16:36Z,64.0,Charge 6
2024-12-23T09:16:38Z,65.0,Charge 6
2024-12-23T09:16:41Z,65.0,Charge 6
2024-12-23T09:16:44Z,66.0,Charge 6
2024-12-23T09:16:47Z,66.0,Charge 6
2024-12-23T09:16:50Z,65.0,Charge 6
2024-12-23T09:16:53Z,65.0,Charge 6
2024-12-23T09:16:56Z,65.0,Charge 6
2024-12-23T09:16:59Z,65.0,Charge 6
2024-12-23T09:17:02Z,65.0,Charge 6
2024-12-23T09:17:05Z,65.0,Charge 6
2024-12-23T09:17:07Z,64.0,Charge 6
2024-12-23T09:17:10Z,64.0,Charge 6
2024-12-23T09:17:13Z,66.0,Charge 6
2024-12-23T09:17:15Z,67.0,Charge 6
2024-12-23T09:17:17Z,70.0,Charge 6
2024-12-23T09:17:19Z,73.0,Charge 6
2024-12-23T09:17:21Z,73.0,Charge 6
2024-12-23T09:17:24Z,74.0,Charge 6
2024-12-23T09:17:26Z,76.0,Charge 6
2024-12-23T09:17:28Z,82.0,Charge 6
2024-12-23T09:17:31Z,82.0,Charge 6
2024-12-23T09:17:32Z,81.0,Charge 6
2024-12-23T09:17:35Z,81.0,Charge 6
2024-12-23T09:17:36Z,80.0,Charge 6
2024-12-23T09:17:38Z,78.0,Charge 6
2024-12-23T09:17:41Z,78.0,Charge 6
2024-12-23T09:17:42Z,77.0,Charge 6
2024-12-23T09:17:44Z,78.0,Charge 6
2024-12-23T09:17:45Z,78.0,Charge 6
2024-12-23T09:17:47Z,79.0,Charge 6
2024-12-23T09:17:49Z,80.0,Charge 6
2024-12-23T09:17:51Z,79.0,Charge 6
2024-12-23T09:17:54Z,79.0,Charge 6
2024-12-23T09:17:55Z,80.0,Charge 6
2024-12-23T09:17:57Z,81.0,Charge 6
2024-12-23T09:18:00Z,81.0,Charge 6
2024-12-23T09:18:01Z,83.0,Charge 6
2024-12-23T09:18:04Z,83.0,Charge 6
2024-12-23T09:18:07Z,84.0,Charge 6
2024-12-23T09:18:10Z,85.0,Charge 6
2024-12-23T09:18:12Z,87.0,Charge 6
2024-12-23T09:18:14Z,88.0,Charge 6
2024-12-23T09:18:16Z,89.0,Charge 6
2024-12-23T09:18:18Z,91.0,Charge 6
2024-12-23T09:18:21Z,91.0,Charge 6
2024-12-23T09:18:22Z,90.0,Charge 6
2024-12-23T09:18:24Z,88.0,Charge 6
2024-12-23T09:18:26Z,87.0,Charge 6
2024-12-23T09:18:29Z,87.0,Charge 6
2024-12-23T09:18:30Z,86.0,Charge 6
2024-12-23T09:18:32Z,85.0,Charge 6
2024-12-23T09:18:35Z,83.0,Charge 6
2024-12-23T09:18:37Z,84.0,Charge 6
2024-12-23T09:18:39Z,83.0,Charge 6
2024-12-23T09:18:41Z,82.0,Charge 6
2024-12-23T09:18:43Z,81.0,Charge 6
2024-12-23T09:18:45Z,80.0,Charge 6
2024-12-23T09:18:48Z,80.0,Charge 6
2024-12-23T09:18:51Z,79.0,Charge 6
2024-12-23T09:18:53Z,79.0,Charge 6
2024-12-23T09:18:55Z,78.0,Charge 6
2024-12-23T09:18:57Z,79.0,Charge 6
2024-12-23T09:18:58Z,80.0,Charge 6
2024-12-23T09:19:00Z,81.0,Charge 6
2024-12-23T09:19:03Z,81.0,Charge 6
2024-12-23T09:19:04Z,80.0,Charge 6
2024-12-23T09:19:06Z,79.0,Charge 6
2024-12-23T09:19:08Z,77.0,Charge 6
2024-12-23T09:19:10Z,74.0,Charge 6
2024-12-23T09:19:13Z,74.0,Charge 6
2024-12-23T09:19:14Z,73.0,Charge 6
2024-12-23T09:19:17Z,73.0,Charge 6
2024-12-23T09:19:18Z,74.0,Charge 6
2024-12-23T09:19:20Z,75.0,Charge 6
2024-12-23T09:19:21Z,77.0,Charge 6
2024-12-23T09:19:23Z,78.0,Charge 6
2024-12-23T09:19:26Z,78.0,Charge 6
2024-12-23T09:19:29Z,78.0,Charge 6
2024-12-23T09:19:32Z,78.0,Charge 6
2024-12-23T09:19:35Z,78.0,Charge 6
2024-12-23T09:19:37Z,79.0,Charge 6
2024-12-23T09:19:39Z,78.0,Charge 6
2024-12-23T09:19:42Z,78.0,Charge 6
2024-12-23T09:19:43Z,76.0,Charge 6
2024-12-23T09:19:46Z,75.0,Charge 6
2024-12-23T09:19:48Z,74.0,Charge 6
2024-12-23T09:19:51Z,74.0,Charge 6
2024-12-23T09:19:52Z,74.0,Charge 6
2024-12-23T09:19:54Z,74.0,Charge 6
2024-12-23T09:19:56Z,74.0,Charge 6
2024-12-23T09:19:59Z,74.0,Charge 6
2024-12-23T09:20:00Z,75.0,Charge 6
2024-12-23T09:20:03Z,75.0,Charge 6
2024-12-23T09:20:04Z,74.0,Charge 6
2024-12-23T09:20:07Z,74.0,Charge 6
2024-12-23T09:20:08Z,75.0,Charge 6
2024-12-23T09:20:09Z,76.0,Charge 6
2024-12-23T09:20:11Z,77.0,Charge 6
2024-12-23T09:20:14Z,77.0,Charge 6
2024-12-23T09:20:17Z,77.0,Charge 6
2024-12-23T09:20:19Z,76.0,Charge 6
2024-12-23T09:20:21Z,76.0,Charge 6
2024-12-23T09:20:24Z,76.0,Charge 6
2024-12-23T09:20:25Z,76.0,Charge 6
2024-12-23T09:20:28Z,76.0,Charge 6
2024-12-23T09:20:29Z,76.0,Charge 6
2024-12-23T09:20:32Z,76.0,Charge 6
2024-12-23T09:20:33Z,75.0,Charge 6
2024-12-23T09:20:34Z,74.0,Charge 6
2024-12-23T09:20:36Z,72.0,Charge 6
2024-12-23T09:20:39Z,72.0,Charge 6
2024-12-23T09:20:42Z,71.0,Charge 6
2024-12-23T09:20:45Z,71.0,Charge 6
2024-12-23T09:20:46Z,72.0,Charge 6
2024-12-23T09:20:49Z,72.0,Charge 6
2024-12-23T09:20:50Z,72.0,Charge 6
2024-12-23T09:20:53Z,72.0,Charge 6
2024-12-23T09:20:54Z,73.0,Charge 6
2024-12-23T09:20:57Z,73.0,Charge 6
2024-12-23T09:21:00Z,73.0,Charge 6
2024-12-23T09:21:01Z,74.0,Charge 6
2024-12-23T09:21:04Z,74.0,Charge 6
2024-12-23T09:21:05Z,75.0,Charge 6
2024-12-23T09:21:07Z,74.0,Charge 6
2024-12-23T09:21:09Z,74.0,Charge 6
2024-12-23T09:21:11Z,75.0,Charge 6
2024-12-23T09:21:13Z,78.0,Charge 6
2024-12-23T09:21:15Z,81.0,Charge 6
2024-12-23T09:21:17Z,83.0,Charge 6
2024-12-23T09:21:20Z,83.0,Charge 6
2024-12-23T09:21:21Z,84.0,Charge 6
2024-12-23T09:21:22Z,85.0,Charge 6
2024-12-23T09:21:25Z,85.0,Charge 6
2024-12-23T09:21:26Z,86.0,Charge 6
2024-12-23T09:21:28Z,85.0,Charge 6
2024-12-23T09:21:30Z,83.0,Charge 6
2024-12-23T09:21:33Z,83.0,Charge 6
2024-12-23T09:21:34Z,81.0,Charge 6
2024-12-23T09:21:36Z,79.0,Charge 6
2024-12-23T09:21:38Z,78.0,Charge 6
2024-12-23T09:21:41Z,78.0,Charge 6
2024-12-23T09:21:44Z,78.0,Charge 6
2024-12-23T09:21:45Z,77.0,Charge 6
2024-12-23T09:21:47Z,76.0,Charge 6
2024-12-23T09:21:49Z,75.0,Charge 6
2024-12-23T09:21:52Z,75.0,Charge 6
2024-12-23T09:21:53Z,74.0,Charge 6
2024-12-23T09:21:56Z,74.0,Charge 6
2024-12-23T09:21:59Z,74.0,Charge 6
2024-12-23T09:22:01Z,73.0,Charge 6
2024-12-23T09:22:03Z,72.0,Charge 6
2024-12-23T09:22:05Z,72.0,Charge 6
2024-12-23T09:22:07Z,70.0,Charge 6
2024-12-23T09:22:09Z,71.0,Charge 6
2024-12-23T09:22:10Z,72.0,Charge 6
2024-12-23T09:22:13Z,72.0,Charge 6
2024-12-23T09:22:14Z,73.0,Charge 6
2024-12-23T09:22:16Z,74.0,Charge 6
2024-12-23T09:22:19Z,74.0,Charge 6
2024-12-23T09:22:20Z,76.0,Charge 6
2024-12-23T09:22:23Z,76.0,Charge 6
2024-12-23T09:22:26Z,75.0,Charge 6
2024-12-23T09:22:28Z,74.0,Charge 6
2024-12-23T09:22:31Z,74.0,Charge 6
2024-12-23T09:22:33Z,75.0,Charge 6
2024-12-23T09:22:36Z,75.0,Charge 6
2024-12-23T09:22:37Z,74.0,Charge 6
2024-12-23T09:22:40Z,74.0,Charge 6
2024-12-23T09:22:41Z,72.0,Charge 6
2024-12-23T09:22:44Z,72.0,Charge 6
2024-12-23T09:22:45Z,71.0,Charge 6
2024-12-23T09:22:47Z,70.0,Charge 6
2024-12-23T09:22:50Z,70.0,Charge 6
2024-12-23T09:22:53Z,70.0,Charge 6
2024-12-23T09:22:56Z,70.0,Charge 6
2024-12-23T09:22:57Z,70.0,Charge 6
2024-12-23T09:22:58Z,70.0,Charge 6
2024-12-23T09:23:00Z,72.0,Charge 6
2024-12-23T09:23:02Z,72.0,Charge 6
2024-12-23T09:23:05Z,72.0,Charge 6
2024-12-23T09:23:06Z,73.0,Charge 6
2024-12-23T09:23:08Z,74.0,Charge 6
2024-12-23T09:23:10Z,74.0,Charge 6
2024-12-23T09:23:12Z,73.0,Charge 6
2024-12-23T09:23:15Z,73.0,Charge 6
2024-12-23T09:23:16Z,72.0,Charge 6
2024-12-23T09:23:18Z,73.0,Charge 6
2024-12-23T09:23:20Z,74.0,Charge 6
2024-12-23T09:23:23Z,78.0,Charge 6
2024-12-23T09:23:24Z,77.0,Charge 6
2024-12-23T09:23:26Z,78.0,Charge 6
2024-12-23T09:23:29Z,78.0,Charge 6
2024-12-23T09:23:30Z,79.0,Charge 6
2024-12-23T09:23:32Z,78.0,Charge 6
2024-12-23T09:23:33Z,77.0,Charge 6
2024-12-23T09:23:35Z,75.0,Charge 6
2024-12-23T09:23:37Z,74.0,Charge 6
2024-12-23T09:23:39Z,73.0,Charge 6
2024-12-23T09:23:41Z,74.0,Charge 6
2024-12-23T09:23:44Z,74.0,Charge 6
2024-12-23T09:23:45Z,73.0,Charge 6
2024-12-23T09:23:47Z,74.0,Charge 6
2024-12-23T09:23:49Z,73.0,Charge 6
2024-12-23T09:23:51Z,72.0,Charge 6
2024-12-23T09:23:53Z,72.0,Charge 6
2024-12-23T09:23:55Z,73.0,Charge 6
2024-12-23T09:23:56Z,74.0,Charge 6
2024-12-23T09:23:59Z,74.0,Charge 6
2024-12-23T09:24:02Z,73.0,Charge 6
2024-12-23T09:24:04Z,72.0,Charge 6
2024-12-23T09:24:07Z,72.0,Charge 6
2024-12-23T09:24:10Z,72.0,Charge 6
2024-12-23T09:24:13Z,72.0,Charge 6
2024-12-23T09:24:14Z,71.0,Charge 6
2024-12-23T09:24:16Z,70.0,Charge 6
2024-12-23T09:24:18Z,70.0,Charge 6
2024-12-23T09:24:21Z,70.0,Charge 6
2024-12-23T09:24:23Z,70.0,Charge 6
2024-12-23T09:24:26Z,70.0,Charge 6
2024-12-23T09:24:27Z,69.0,Charge 6
2024-12-23T09:24:29Z,68.0,Charge 6
2024-12-23T09:24:31Z,69.0,Charge 6
2024-12-23T09:24:34Z,69.0,Charge 6
2024-12-23T09:24:35Z,69.0,Charge 6
2024-12-23T09:24:38Z,69.0,Charge 6
2024-12-23T09:24:41Z,69.0,Charge 6
2024-12-23T09:24:44Z,70.0,Charge 6
2024-12-23T09:24:47Z,70.0,Charge 6
2024-12-23T09:24:50Z,70.0,Charge 6
2024-12-23T09:24:52Z,69.0,Charge 6
2024-12-23T09:24:55Z,69.0,Charge 6
2024-12-23T09:24:56Z,69.0,Charge 6
2024-12-23T09:24:58Z,70.0,Charge 6
2024-12-23T09:25:01Z,70.0,Charge 6
2024-12-23T09:25:04Z,70.0,Charge 6
2024-12-23T09:25:07Z,70.0,Charge 6
2024-12-23T09:25:08Z,70.0,Charge 6
2024-12-23T09:25:11Z,70.0,Charge 6
2024-12-23T09:25:13Z,72.0,Charge 6
2024-12-23T09:25:15Z,74.0,Charge 6
2024-12-23T09:25:17Z,76.0,Charge 6
2024-12-23T09:25:19Z,79.0,Charge 6
2024-12-23T09:25:21Z,81.0,Charge 6
2024-12-23T09:25:24Z,81.0,Charge 6
2024-12-23T09:25:25Z,79.0,Charge 6
2024-12-23T09:25:27Z,76.0,Charge 6
2024-12-23T09:25:29Z,74.0,Charge 6
2024-12-23T09:25:32Z,73.0,Charge 6
2024-12-23T09:25:34Z,74.0,Charge 6
2024-12-23T09:25:36Z,75.0,Charge 6
2024-12-23T09:25:38Z,76.0,Charge 6
2024-12-23T09:25:40Z,77.0,Charge 6
2024-12-23T09:25:42Z,80.0,Charge 6
2024-12-23T09:25:44Z,82.0,Charge 6
2024-12-23T09:25:46Z,85.0,Charge 6
2024-12-23T09:25:48Z,86.0,Charge 6
2024-12-23T09:25:50Z,90.0,Charge 6
2024-12-23T09:25:52Z,93.0,Charge 6
2024-12-23T09:25:54Z,94.0,Charge 6
2024-12-23T09:25:56Z,96.0,Charge 6
2024-12-23T09:25:59Z,94.0,Charge 6
2024-12-23T09:26:01Z,89.0,Charge 6
2024-12-23T09:26:03Z,88.0,Charge 6
2024-12-23T09:26:05Z,86.0,Charge 6
2024-12-23T09:26:08Z,86.0,Charge 6
2024-12-23T09:26:11Z,86.0,Charge 6
2024-12-23T09:26:13Z,87.0,Charge 6
2024-12-23T09:26:15Z,83.0,Charge 6
2024-12-23T09:26:17Z,80.0,Charge 6
2024-12-23T09:26:19Z,79.0,Charge 6
2024-12-23T09:26:20Z,80.0,Charge 6
2024-12-23T09:26:23Z,80.0,Charge 6
2024-12-23T09:26:24Z,81.0,Charge 6
2024-12-23T09:26:26Z,83.0,Charge 6
2024-12-23T09:26:29Z,83.0,Charge 6
2024-12-23T09:26:30Z,84.0,Charge 6
2024-12-23T09:26:32Z,84.0,Charge 6
2024-12-23T09:26:34Z,86.0,Charge 6
2024-12-23T09:26:36Z,87.0,Charge 6
2024-12-23T09:26:38Z,89.0,Charge 6
2024-12-23T09:26:40Z,90.0,Charge 6
2024-12-23T09:26:43Z,90.0,Charge 6
2024-12-23T09:26:44Z,93.0,Charge 6
2024-12-23T09:26:45Z,95.0,Charge 6
2024-12-23T09:26:47Z,93.0,Charge 6
2024-12-23T09:26:49Z,92.0,Charge 6
2024-12-23T09:26:51Z,91.0,Charge 6
2024-12-23T09:26:53Z,92.0,Charge 6
2024-12-23T09:26:56Z,92.0,Charge 6
2024-12-23T09:26:57Z,89.0,Charge 6
2024-12-23T09:26:59Z,90.0,Charge 6
2024-12-23T09:27:01Z,96.0,Charge 6
2024-12-23T09:27:03Z,93.0,Charge 6
2024-12-23T09:27:05Z,90.0,Charge 6
2024-12-23T09:27:07Z,88.0,Charge 6
2024-12-23T09:27:08Z,86.0,Charge 6
2024-12-23T09:27:10Z,83.0,Charge 6
2024-12-23T09:27:12Z,84.0,Charge 6
2024-12-23T09:27:15Z,84.0,Charge 6
2024-12-23T09:27:18Z,84.0,Charge 6
2024-12-23T09:27:21Z,84.0,Charge 6
2024-12-23T09:27:22Z,83.0,Charge 6
2024-12-23T09:27:25Z,83.0,Charge 6
2024-12-23T09:27:28Z,87.0,Charge 6
2024-12-23T09:27:30Z,89.0,Charge 6
2024-12-23T09:27:32Z,90.0,Charge 6
2024-12-23T09:27:33Z,90.0,Charge 6
2024-12-23T09:27:35Z,88.0,Charge 6
2024-12-23T09:27:37Z,86.0,Charge 6
2024-12-23T09:27:40Z,86.0,Charge 6
2024-12-23T09:27:41Z,85.0,Charge 6
2024-12-23T09:27:43Z,84.0,Charge 6
2024-12-23T09:27:45Z,86.0,Charge 6
2024-12-23T09:27:47Z,87.0,Charge 6
2024-12-23T09:27:49Z,88.0,Charge 6
2024-12-23T09:27:52Z,88.0,Charge 6
2024-12-23T09:27:53Z,87.0,Charge 6
2024-12-23T09:27:55Z,86.0,Charge 6
2024-12-23T09:27:56Z,85.0,Charge 6
2024-12-23T09:27:58Z,84.0,Charge 6
2024-12-23T09:28:01Z,84.0,Charge 6
2024-12-23T09:28:04Z,85.0,Charge 6
2024-12-23T09:28:06Z,86.0,Charge 6
2024-12-23T09:28:09Z,86.0,Charge 6
2024-12-23T09:28:10Z,85.0,Charge 6
2024-12-23T09:28:13Z,85.0,Charge 6
2024-12-23T09:28:16Z,86.0,Charge 6
2024-12-23T09:28:19Z,86.0,Charge 6
2024-12-23T09:28:20Z,87.0,Charge 6
2024-12-23T09:28:23Z,86.0,Charge 6
2024-12-23T09:28:26Z,86.0,Charge 6
2024-12-23T09:28:27Z,85.0,Charge 6
2024-12-23T09:28:29Z,86.0,Charge 6
2024-12-23T09:28:31Z,89.0,Charge 6
2024-12-23T09:28:33Z,92.0,Charge 6
2024-12-23T09:28:35Z,90.0,Charge 6
2024-12-23T09:28:37Z,87.0,Charge 6
2024-12-23T09:28:40Z,87.0,Charge 6
2024-12-23T09:28:41Z,88.0,Charge 6
2024-12-23T09:28:43Z,88.0,Charge 6
2024-12-23T09:28:44Z,89.0,Charge 6
2024-12-23T09:28:47Z,89.0,Charge 6
2024-12-23T09:28:48Z,90.0,Charge 6
2024-12-23T09:28:51Z,90.0,Charge 6
2024-12-23T09:28:54Z,90.0,Charge 6
2024-12-23T09:28:56Z,89.0,Charge 6
2024-12-23T09:28:58Z,88.0,Charge 6
2024-12-23T09:29:01Z,88.0,Charge 6
2024-12-23T09:29:02Z,90.0,Charge 6
2024-12-23T09:29:04Z,92.0,Charge 6
2024-12-23T09:29:07Z,92.0,Charge 6
2024-12-23T09:29:08Z,90.0,Charge 6
2024-12-23T09:29:11Z,90.0,Charge 6
2024-12-23T09:29:14Z,90.0,Charge 6
2024-12-23T09:29:17Z,89.0,Charge 6
2024-12-23T09:29:19Z,88.0,Charge 6
2024-12-23T09:29:22Z,88.0,Charge 6
2024-12-23T09:29:23Z,89.0,Charge 6
2024-12-23T09:29:25Z,90.0,Charge 6
2024-12-23T09:29:27Z,89.0,Charge 6
2024-12-23T09:29:29Z,88.0,Charge 6
2024-12-23T09:29:32Z,88.0,Charge 6
2024-12-23T09:29:34Z,89.0,Charge 6
2024-12-23T09:29:36Z,91.0,Charge 6
2024-12-23T09:29:38Z,91.0,Charge 6
2024-12-23T09:29:40Z,91.0,Charge 6
2024-12-23T09:29:42Z,90.0,Charge 6
2024-12-23T09:29:44Z,90.0,Charge 6
2024-12-23T09:29:46Z,90.0,Charge 6
2024-12-23T09:29:48Z,88.0,Charge 6
2024-12-23T09:29:51Z,88.0,Charge 6
2024-12-23T09:29:54Z,90.0,Charge 6
2024-12-23T09:29:57Z,89.0,Charge 6
2024-12-23T09:29:59Z,86.0,Charge 6
2024-12-23T09:30:01Z,85.0,Charge 6
2024-12-23T09:30:04Z,85.0,Charge 6
2024-12-23T09:30:05Z,86.0,Charge 6
2024-12-23T09:30:07Z,87.0,Charge 6
2024-12-23T09:30:10Z,87.0,Charge 6
2024-12-23T09:30:11Z,86.0,Charge 6
2024-12-23T09:30:14Z,86.0,Charge 6
2024-12-23T09:30:17Z,85.0,Charge 6
2024-12-23T09:30:19Z,90.0,Charge 6
2024-12-23T09:30:22Z,89.0,Charge 6
2024-12-23T09:30:25Z,89.0,Charge 6
2024-12-23T09:30:28Z,88.0,Charge 6
2024-12-23T09:30:30Z,90.0,Charge 6
2024-12-23T09:30:32Z,91.0,Charge 6
2024-12-23T09:30:34Z,92.0,Charge 6
2024-12-23T09:30:36Z,93.0,Charge 6
2024-12-23T09:30:39Z,93.0,Charge 6
2024-12-23T09:30:40Z,92.0,Charge 6
2024-12-23T09:30:42Z,93.0,Charge 6
2024-12-23T09:30:44Z,92.0,Charge 6
2024-12-23T09:30:47Z,92.0,Charge 6
2024-12-23T09:30:49Z,91.0,Charge 6
2024-12-23T09:30:51Z,90.0,Charge 6
2024-12-23T09:30:53Z,88.0,Charge 6
2024-12-23T09:30:56Z,88.0,Charge 6
2024-12-23T09:30:59Z,88.0,Charge 6
2024-12-23T09:31:01Z,89.0,Charge 6
2024-12-23T09:31:03Z,87.0,Charge 6
2024-12-23T09:31:06Z,87.0,Charge 6
2024-12-23T09:31:08Z,86.0,Charge 6
2024-12-23T09:31:10Z,84.0,Charge 6
2024-12-23T09:31:12Z,84.0,Charge 6
2024-12-23T09:31:14Z,84.0,Charge 6
2024-12-23T09:31:17Z,84.0,Charge 6
2024-12-23T09:31:18Z,85.0,Charge 6
2024-12-23T09:31:21Z,85.0,Charge 6
2024-12-23T09:31:24Z,86.0,Charge 6
2024-12-23T09:31:26Z,85.0,Charge 6
2024-12-23T09:31:28Z,86.0,Charge 6
2024-12-23T09:31:31Z,86.0,Charge 6
2024-12-23T09:31:34Z,86.0,Charge 6
2024-12-23T09:31:37Z,85.0,Charge 6
2024-12-23T09:31:39Z,84.0,Charge 6
2024-12-23T09:31:41Z,83.0,Charge 6
2024-12-23T09:31:43Z,82.0,Charge 6
2024-12-23T09:31:45Z,83.0,Charge 6
2024-12-23T09:31:47Z,83.0,Charge 6
2024-12-23T09:31:49Z,82.0,Charge 6
2024-12-23T09:31:51Z,81.0,Charge 6
2024-12-23T09:31:53Z,80.0,Charge 6
2024-12-23T09:31:56Z,80.0,Charge 6
2024-12-23T09:31:58Z,80.0,Charge 6
2024-12-23T09:32:01Z,80.0,Charge 6
2024-12-23T09:32:04Z,78.0,Charge 6
2024-12-23T09:32:06Z,76.0,Charge 6
2024-12-23T09:32:09Z,76.0,Charge 6
2024-12-23T09:32:12Z,76.0,Charge 6
2024-12-23T09:32:14Z,77.0,Charge 6
2024-12-23T09:32:17Z,77.0,Charge 6
2024-12-23T09:32:18Z,76.0,Charge 6
2024-12-23T09:32:20Z,78.0,Charge 6
2024-12-23T09:32:22Z,77.0,Charge 6
2024-12-23T09:32:25Z,78.0,Charge 6
2024-12-23T09:32:28Z,78.0,Charge 6
2024-12-23T09:32:29Z,77.0,Charge 6
2024-12-23T09:32:31Z,77.0,Charge 6
2024-12-23T09:32:33Z,76.0,Charge 6
2024-12-23T09:32:36Z,76.0,Charge 6
2024-12-23T09:32:37Z,77.0,Charge 6
2024-12-23T09:32:39Z,76.0,Charge 6
2024-12-23T09:32:41Z,77.0,Charge 6
2024-12-23T09:32:44Z,77.0,Charge 6
2024-12-23T09:32:45Z,76.0,Charge 6
2024-12-23T09:32:47Z,74.0,Charge 6
2024-12-23T09:32:48Z,75.0,Charge 6
2024-12-23T09:32:50Z,74.0,Charge 6
2024-12-23T09:32:52Z,73.0,Charge 6
2024-12-23T09:32:54Z,74.0,Charge 6
2024-12-23T09:32:56Z,76.0,Charge 6
2024-12-23T09:32:59Z,76.0,Charge 6
2024-12-23T09:33:00Z,75.0,Charge 6
2024-12-23T09:33:03Z,75.0,Charge 6
2024-12-23T09:33:04Z,73.0,Charge 6
2024-12-23T09:33:06Z,74.0,Charge 6
2024-12-23T09:33:09Z,74.0,Charge 6
2024-12-23T09:33:10Z,73.0,Charge 6
2024-12-23T09:33:12Z,75.0,Charge 6
2024-12-23T09:33:13Z,76.0,Charge 6
2024-12-23T09:33:16Z,76.0,Charge 6
2024-12-23T09:33:17Z,75.0,Charge 6
2024-12-23T09:33:19Z,74.0,Charge 6
2024-12-23T09:33:21Z,71.0,Charge 6
2024-12-23T09:33:23Z,73.0,Charge 6
2024-12-23T09:33:25Z,74.0,Charge 6
2024-12-23T09:33:27Z,73.0,Charge 6
2024-12-23T09:33:30Z,73.0,Charge 6
2024-12-23T09:33:31Z,74.0,Charge 6
2024-12-23T09:33:34Z,74.0,Charge 6
2024-12-23T09:33:36Z,73.0,Charge 6
2024-12-23T09:33:38Z,72.0,Charge 6
2024-12-23T09:33:40Z,73.0,Charge 6
2024-12-23T09:33:43Z,73.0,Charge 6
2024-12-23T09:33:46Z,73.0,Charge 6
2024-12-23T09:33:48Z,74.0,Charge 6
2024-12-23T09:33:51Z,74.0,Charge 6
2024-12-23T09:33:52Z,73.0,Charge 6
2024-12-23T09:33:55Z,73.0,Charge 6
2024-12-23T09:33:56Z,71.0,Charge 6
2024-12-23T09:33:59Z,71.0,Charge 6
2024-12-23T09:34:02Z,71.0,Charge 6
2024-12-23T09:34:05Z,72.0,Charge 6
2024-12-23T09:34:07Z,71.0,Charge 6
2024-12-23T09:34:09Z,70.0,Charge 6
2024-12-23T09:34:12Z,70.0,Charge 6
2024-12-23T09:34:15Z,70.0,Charge 6
2024-12-23T09:34:17Z,71.0,Charge 6
2024-12-23T09:34:20Z,71.0,Charge 6
2024-12-23T09:34:23Z,71.0,Charge 6
2024-12-23T09:34:26Z,71.0,Charge 6
2024-12-23T09:34:29Z,71.0,Charge 6
2024-12-23T09:34:32Z,70.0,Charge 6
2024-12-23T09:34:34Z,69.0,Charge 6
2024-12-23T09:34:36Z,68.0,Charge 6
2024-12-23T09:34:38Z,69.0,Charge 6
2024-12-23T09:34:40Z,69.0,Charge 6
2024-12-23T09:34:43Z,69.0,Charge 6
2024-12-23T09:34:44Z,69.0,Charge 6
2024-12-23T09:34:46Z,68.0,Charge 6
2024-12-23T09:34:49Z,68.0,Charge 6
2024-12-23T09:34:52Z,68.0,Charge 6
2024-12-23T09:34:53Z,69.0,Charge 6
2024-12-23T09:34:55Z,69.0,Charge 6
2024-12-23T09:34:58Z,69.0,Charge 6
2024-12-23T09:34:59Z,70.0,Charge 6
2024-12-23T09:35:02Z,70.0,Charge 6
2024-12-23T09:35:05Z,70.0,Charge 6
2024-12-23T09:35:08Z,70.0,Charge 6
2024-12-23T09:35:09Z,70.0,Charge 6
2024-12-23T09:35:11Z,70.0,Charge 6
2024-12-23T09:35:12Z,71.0,Charge 6
2024-12-23T09:35:15Z,71.0,Charge 6
2024-12-23T09:35:18Z,73.0,Charge 6
2024-12-23T09:35:20Z,74.0,Charge 6
2024-12-23T09:35:23Z,74.0,Charge 6
2024-12-23T09:35:24Z,73.0,Charge 6
2024-12-23T09:35:26Z,74.0,Charge 6
2024-12-23T09:35:28Z,73.0,Charge 6
2024-12-23T09:35:30Z,76.0,Charge 6
2024-12-23T09:35:32Z,79.0,Charge 6
2024-12-23T09:35:34Z,81.0,Charge 6
2024-12-23T09:35:36Z,78.0,Charge 6
2024-12-23T09:35:37Z,85.0,Charge 6
2024-12-23T09:35:39Z,87.0,Charge 6
2024-12-23T09:35:41Z,84.0,Charge 6
2024-12-23T09:35:43Z,80.0,Charge 6
2024-12-23T09:35:45Z,75.0,Charge 6
2024-12-23T09:35:47Z,76.0,Charge 6
2024-12-23T09:35:49Z,79.0,Charge 6
2024-12-23T09:35:51Z,83.0,Charge 6
2024-12-23T09:35:53Z,77.0,Charge 6
2024-12-23T09:35:55Z,79.0,Charge 6
2024-12-23T09:35:57Z,75.0,Charge 6
2024-12-23T09:35:59Z,72.0,Charge 6
2024-12-23T09:36:00Z,73.0,Charge 6
2024-12-23T09:36:02Z,71.0,Charge 6
2024-12-23T09:36:04Z,73.0,Charge 6
2024-12-23T09:36:06Z,74.0,Charge 6
2024-12-23T09:36:08Z,75.0,Charge 6
2024-12-23T09:36:11Z,75.0,Charge 6
2024-12-23T09:36:12Z,80.0,Charge 6
2024-12-23T09:36:14Z,83.0,Charge 6
2024-12-23T09:36:16Z,75.0,Charge 6
2024-12-23T09:36:18Z,79.0,Charge 6
2024-12-23T09:36:20Z,80.0,Charge 6
2024-12-23T09:36:22Z,78.0,Charge 6
2024-12-23T09:36:24Z,83.0,Charge 6
2024-12-23T09:36:25Z,81.0,Charge 6
2024-12-23T09:36:27Z,75.0,Charge 6
2024-12-23T09:36:30Z,75.0,Charge 6
2024-12-23T09:36:31Z,74.0,Charge 6
2024-12-23T09:36:33Z,72.0,Charge 6
2024-12-23T09:36:35Z,74.0,Charge 6
2024-12-23T09:36:37Z,73.0,Charge 6
2024-12-23T09:36:39Z,72.0,Charge 6
2024-12-23T09:36:41Z,75.0,Charge 6
2024-12-23T09:36:43Z,73.0,Charge 6
2024-12-23T09:36:45Z,72.0,Charge 6
2024-12-23T09:36:48Z,71.0,Charge 6
2024-12-23T09:36:51Z,71.0,Charge 6
2024-12-23T09:36:52Z,72.0,Charge 6
2024-12-23T09:36:54Z,69.0,Charge 6
2024-12-23T09:36:56Z,65.0,Charge 6
2024-12-23T09:36:58Z,71.0,Charge 6
2024-12-23T09:37:00Z,63.0,Charge 6
2024-12-23T09:37:02Z,62.0,Charge 6
2024-12-23T09:37:05Z,62.0,Charge 6
2024-12-23T09:37:06Z,60.0,Charge 6
2024-12-23T09:37:09Z,60.0,Charge 6
2024-12-23T09:37:10Z,69.0,Charge 6
2024-12-23T09:37:12Z,66.0,Charge 6
2024-12-23T09:37:13Z,66.0,Charge 6
2024-12-23T09:37:15Z,69.0,Charge 6
2024-12-23T09:37:17Z,62.0,Charge 6
2024-12-23T09:37:19Z,63.0,Charge 6
2024-12-23T09:37:21Z,75.0,Charge 6
2024-12-23T09:37:23Z,81.0,Charge 6
2024-12-23T09:37:25Z,81.0,Charge 6
2024-12-23T09:37:27Z,83.0,Charge 6
2024-12-23T09:37:29Z,84.0,Charge 6
2024-12-23T09:37:32Z,84.0,Charge 6
2024-12-23T09:37:35Z,83.0,Charge 6
2024-12-23T09:37:36Z,82.0,Charge 6
2024-12-23T09:37:38Z,81.0,Charge 6
2024-12-23T09:37:41Z,81.0,Charge 6
2024-12-23T09:37:42Z,82.0,Charge 6
2024-12-23T09:37:44Z,83.0,Charge 6
2024-12-23T09:37:47Z,83.0,Charge 6
2024-12-23T09:37:50Z,83.0,Charge 6
2024-12-23T09:37:53Z,83.0,Charge 6
2024-12-23T09:37:56Z,82.0,Charge 6
2024-12-23T09:37:59Z,82.0,Charge 6
2024-12-23T09:38:02Z,82.0,Charge 6
2024-12-23T09:38:05Z,82.0,Charge 6
2024-12-23T09:38:08Z,82.0,Charge 6
2024-12-23T09:38:11Z,83.0,Charge 6
2024-12-23T09:38:13Z,84.0,Charge 6
2024-12-23T09:38:16Z,84.0,Charge 6
2024-12-23T09:38:17Z,83.0,Charge 6
2024-12-23T09:38:19Z,82.0,Charge 6
2024-12-23T09:38:21Z,81.0,Charge 6
2024-12-23T09:38:23Z,82.0,Charge 6
2024-12-23T09:38:26Z,82.0,Charge 6
2024-12-23T09:38:29Z,83.0,Charge 6
2024-12-23T09:38:31Z,84.0,Charge 6
2024-12-23T09:38:33Z,85.0,Charge 6
2024-12-23T09:38:35Z,86.0,Charge 6
2024-12-23T09:38:37Z,88.0,Charge 6
2024-12-23T09:38:39Z,91.0,Charge 6
2024-12-23T09:38:41Z,92.0,Charge 6
2024-12-23T09:38:43Z,91.0,Charge 6
2024-12-23T09:38:46Z,91.0,Charge 6
2024-12-23T09:38:47Z,89.0,Charge 6
2024-12-23T09:38:48Z,87.0,Charge 6
2024-12-23T09:38:50Z,86.0,Charge 6
2024-12-23T09:38:52Z,87.0,Charge 6
2024-12-23T09:38:55Z,87.0,Charge 6
2024-12-23T09:38:56Z,86.0,Charge 6
2024-12-23T09:38:58Z,85.0,Charge 6
2024-12-23T09:39:01Z,85.0,Charge 6
2024-12-23T09:39:02Z,88.0,Charge 6
2024-12-23T09:39:05Z,88.0,Charge 6
2024-12-23T09:39:08Z,87.0,Charge 6
2024-12-23T09:39:11Z,87.0,Charge 6
2024-12-23T09:39:12Z,88.0,Charge 6
2024-12-23T09:39:13Z,89.0,Charge 6
2024-12-23T09:39:15Z,88.0,Charge 6
2024-12-23T09:39:17Z,86.0,Charge 6
2024-12-23T09:39:19Z,85.0,Charge 6
2024-12-23T09:39:22Z,85.0,Charge 6
2024-12-23T09:39:23Z,86.0,Charge 6
2024-12-23T09:39:25Z,85.0,Charge 6
2024-12-23T09:39:27Z,84.0,Charge 6
2024-12-23T09:39:30Z,84.0,Charge 6
2024-12-23T09:39:31Z,83.0,Charge 6
2024-12-23T09:39:33Z,84.0,Charge 6
2024-12-23T09:39:35Z,85.0,Charge 6
2024-12-23T09:39:38Z,85.0,Charge 6
2024-12-23T09:39:41Z,85.0,Charge 6
2024-12-23T09:39:42Z,86.0,Charge 6
2024-12-23T09:39:44Z,86.0,Charge 6
2024-12-23T09:39:47Z,86.0,Charge 6
2024-12-23T09:39:48Z,84.0,Charge 6
2024-12-23T09:39:50Z,84.0,Charge 6
2024-12-23T09:39:53Z,84.0,Charge 6
2024-12-23T09:39:56Z,84.0,Charge 6
2024-12-23T09:39:59Z,84.0,Charge 6
2024-12-23T09:40:01Z,83.0,Charge 6
2024-12-23T09:40:03Z,84.0,Charge 6
2024-12-23T09:40:05Z,85.0,Charge 6
2024-12-23T09:40:08Z,85.0,Charge 6
2024-12-23T09:40:09Z,86.0,Charge 6
2024-12-23T09:40:12Z,86.0,Charge 6
2024-12-23T09:40:13Z,84.0,Charge 6
2024-12-23T09:40:15Z,81.0,Charge 6
2024-12-23T09:40:17Z,84.0,Charge 6
2024-12-23T09:40:19Z,85.0,Charge 6
2024-12-23T09:40:22Z,85.0,Charge 6
2024-12-23T09:40:23Z,86.0,Charge 6
2024-12-23T09:40:24Z,85.0,Charge 6
2024-12-23T09:40:26Z,86.0,Charge 6
2024-12-23T09:40:28Z,87.0,Charge 6
2024-12-23T09:40:30Z,86.0,Charge 6
2024-12-23T09:40:33Z,86.0,Charge 6
2024-12-23T09:40:36Z,86.0,Charge 6
2024-12-23T09:40:38Z,87.0,Charge 6
2024-12-23T09:40:41Z,87.0,Charge 6
2024-12-23T09:40:44Z,87.0,Charge 6
2024-12-23T09:40:47Z,87.0,Charge 6
2024-12-23T09:40:49Z,88.0,Charge 6
2024-12-23T09:40:52Z,88.0,Charge 6
2024-12-23T09:40:53Z,87.0,Charge 6
2024-12-23T09:40:56Z,87.0,Charge 6
2024-12-23T09:40:57Z,86.0,Charge 6
2024-12-23T09:40:59Z,87.0,Charge 6
2024-12-23T09:41:01Z,88.0,Charge 6
2024-12-23T09:41:03Z,87.0,Charge 6
2024-12-23T09:41:05Z,86.0,Charge 6
2024-12-23T09:41:07Z,86.0,Charge 6
2024-12-23T09:41:09Z,85.0,Charge 6
2024-12-23T09:41:12Z,86.0,Charge 6
2024-12-23T09:41:14Z,87.0,Charge 6
2024-12-23T09:41:16Z,86.0,Charge 6
2024-12-23T09:41:18Z,87.0,Charge 6
2024-12-23T09:41:21Z,87.0,Charge 6
2024-12-23T09:41:22Z,87.0,Charge 6
2024-12-23T09:41:24Z,88.0,Charge 6
2024-12-23T09:41:26Z,86.0,Charge 6
2024-12-23T09:41:29Z,86.0,Charge 6
2024-12-23T09:41:32Z,86.0,Charge 6
2024-12-23T09:41:35Z,86.0,Charge 6
2024-12-23T09:41:36Z,85.0,Charge 6
2024-12-23T09:41:37Z,84.0,Charge 6
2024-12-23T09:41:39Z,83.0,Charge 6
2024-12-23T09:41:41Z,84.0,Charge 6
2024-12-23T09:41:44Z,84.0,Charge 6
2024-12-23T09:41:47Z,84.0,Charge 6
2024-12-23T09:41:50Z,84.0,Charge 6
2024-12-23T09:41:51Z,87.0,Charge 6
2024-12-23T09:41:53Z,88.0,Charge 6
2024-12-23T09:41:56Z,88.0,Charge 6
2024-12-23T09:41:57Z,87.0,Charge 6
2024-12-23T09:42:00Z,84.0,Charge 6
2024-12-23T09:42:02Z,82.0,Charge 6
2024-12-23T09:42:04Z,80.0,Charge 6
2024-12-23T09:42:06Z,78.0,Charge 6
2024-12-23T09:42:08Z,77.0,Charge 6
2024-12-23T09:42:10Z,81.0,Charge 6
2024-12-23T09:42:12Z,85.0,Charge 6
2024-12-23T09:42:14Z,86.0,Charge 6
2024-12-23T09:42:16Z,88.0,Charge 6
2024-12-23T09:42:18Z,89.0,Charge 6
2024-12-23T09:42:20Z,89.0,Charge 6
2024-12-23T09:42:22Z,90.0,Charge 6
2024-12-23T09:42:24Z,89.0,Charge 6
2024-12-23T09:42:27Z,89.0,Charge 6
2024-12-23T09:42:29Z,90.0,Charge 6
2024-12-23T09:42:31Z,89.0,Charge 6
2024-12-23T09:42:33Z,87.0,Charge 6
2024-12-23T09:42:36Z,87.0,Charge 6
2024-12-23T09:42:37Z,85.0,Charge 6
2024-12-23T09:42:39Z,86.0,Charge 6
2024-12-23T09:42:42Z,86.0,Charge 6
2024-12-23T09:42:43Z,87.0,Charge 6
2024-12-23T09:42:45Z,88.0,Charge 6
2024-12-23T09:42:47Z,87.0,Charge 6
2024-12-23T09:42:48Z,88.0,Charge 6
2024-12-23T09:42:51Z,88.0,Charge 6
2024-12-23T09:42:54Z,88.0,Charge 6
2024-12-23T09:42:57Z,88.0,Charge 6
2024-12-23T09:42:58Z,87.0,Charge 6
2024-12-23T09:43:00Z,88.0,Charge 6
2024-12-23T09:43:03Z,88.0,Charge 6
2024-12-23T09:43:06Z,86.0,Charge 6
2024-12-23T09:43:09Z,86.0,Charge 6
2024-12-23T09:43:12Z,86.0,Charge 6
2024-12-23T09:43:15Z,85.0,Charge 6
2024-12-23T09:43:18Z,85.0,Charge 6
2024-12-23T09:43:19Z,87.0,Charge 6
2024-12-23T09:43:21Z,89.0,Charge 6
2024-12-23T09:43:23Z,90.0,Charge 6
2024-12-23T09:43:25Z,89.0,Charge 6
2024-12-23T09:43:28Z,89.0,Charge 6
2024-12-23T09:43:31Z,90.0,Charge 6
2024-12-23T09:43:34Z,90.0,Charge 6
2024-12-23T09:43:35Z,89.0,Charge 6
2024-12-23T09:43:36Z,86.0,Charge 6
2024-12-23T09:43:38Z,85.0,Charge 6
2024-12-23T09:43:40Z,86.0,Charge 6
2024-12-23T09:43:42Z,88.0,Charge 6
2024-12-23T09:43:44Z,89.0,Charge 6
2024-12-23T09:43:46Z,88.0,Charge 6
2024-12-23T09:43:48Z,87.0,Charge 6
2024-12-23T09:43:50Z,88.0,Charge 6
2024-12-23T09:43:52Z,89.0,Charge 6
2024-12-23T09:43:54Z,90.0,Charge 6
2024-12-23T09:43:57Z,90.0,Charge 6
2024-12-23T09:43:58Z,89.0,Charge 6
2024-12-23T09:44:00Z,88.0,Charge 6
2024-12-23T09:44:01Z,87.0,Charge 6
2024-12-23T09:44:04Z,87.0,Charge 6
2024-12-23T09:44:07Z,89.0,Charge 6
2024-12-23T09:44:10Z,89.0,Charge 6
2024-12-23T09:44:13Z,89.0,Charge 6
2024-12-23T09:44:16Z,89.0,Charge 6
2024-12-23T09:44:19Z,89.0,Charge 6
2024-12-23T09:44:21Z,88.0,Charge 6
2024-12-23T09:44:24Z,88.0,Charge 6
2024-12-23T09:44:27Z,88.0,Charge 6
2024-12-23T09:44:28Z,87.0,Charge 6
2024-12-23T09:44:30Z,86.0,Charge 6
2024-12-23T09:44:32Z,85.0,Charge 6
2024-12-23T09:44:35Z,85.0,Charge 6
2024-12-23T09:44:38Z,86.0,Charge 6
2024-12-23T09:44:40Z,87.0,Charge 6
2024-12-23T09:44:42Z,89.0,Charge 6
2024-12-23T09:44:44Z,90.0,Charge 6
2024-12-23T09:44:47Z,90.0,Charge 6
2024-12-23T09:44:48Z,93.0,Charge 6
2024-12-23T09:44:49Z,94.0,Charge 6
2024-12-23T09:44:51Z,95.0,Charge 6
2024-12-23T09:44:54Z,95.0,Charge 6
2024-12-23T09:44:55Z,94.0,Charge 6
2024-12-23T09:44:57Z,96.0,Charge 6
2024-12-23T09:44:59Z,97.0,Charge 6
2024-12-23T09:45:02Z,97.0,Charge 6
2024-12-23T09:45:03Z,99.0,Charge 6
2024-12-23T09:45:05Z,96.0,Charge 6
2024-12-23T09:45:07Z,90.0,Charge 6
2024-12-23T09:45:09Z,86.0,Charge 6
2024-12-23T09:45:11Z,83.0,Charge 6
2024-12-23T09:45:12Z,80.0,Charge 6
2024-12-23T09:45:14Z,79.0,Charge 6
2024-12-23T09:45:16Z,74.0,Charge 6
2024-12-23T09:45:18Z,73.0,Charge 6
2024-12-23T09:45:20Z,74.0,Charge 6
2024-12-23T09:45:23Z,74.0,Charge 6
2024-12-23T09:45:24Z,76.0,Charge 6
2024-12-23T09:45:26Z,78.0,Charge 6
2024-12-23T09:45:28Z,80.0,Charge 6
2024-12-23T09:45:30Z,81.0,Charge 6
2024-12-23T09:45:32Z,82.0,Charge 6
2024-12-23T09:45:35Z,82.0,Charge 6
2024-12-23T09:45:37Z,81.0,Charge 6
2024-12-23T09:45:39Z,80.0,Charge 6
2024-12-23T09:45:41Z,79.0,Charge 6
2024-12-23T09:45:43Z,78.0,Charge 6
2024-12-23T09:45:45Z,76.0,Charge 6
2024-12-23T09:45:47Z,76.0,Charge 6
2024-12-23T09:45:50Z,76.0,Charge 6
2024-12-23T09:45:53Z,76.0,Charge 6
2024-12-23T09:45:55Z,77.0,Charge 6
2024-12-23T09:45:58Z,77.0,Charge 6
2024-12-23T09:45:59Z,78.0,Charge 6
2024-12-23T09:46:00Z,77.0,Charge 6
2024-12-23T09:46:02Z,76.0,Charge 6
2024-12-23T09:46:05Z,76.0,Charge 6
2024-12-23T09:46:08Z,77.0,Charge 6
2024-12-23T09:46:10Z,78.0,Charge 6
2024-12-23T09:46:12Z,77.0,Charge 6
2024-12-23T09:46:14Z,78.0,Charge 6
2024-12-23T09:46:17Z,78.0,Charge 6
2024-12-23T09:46:18Z,78.0,Charge 6
2024-12-23T09:46:20Z,78.0,Charge 6
2024-12-23T09:46:22Z,80.0,Charge 6
2024-12-23T09:46:24Z,80.0,Charge 6
2024-12-23T09:46:27Z,80.0,Charge 6
2024-12-23T09:46:30Z,80.0,Charge 6
2024-12-23T09:46:33Z,80.0,Charge 6
2024-12-23T09:46:36Z,80.0,Charge 6
2024-12-23T09:46:37Z,80.0,Charge 6
2024-12-23T09:46:39Z,81.0,Charge 6
2024-12-23T09:46:41Z,82.0,Charge 6
2024-12-23T09:46:44Z,82.0,Charge 6
2024-12-23T09:46:45Z,81.0,Charge 6
2024-12-23T09:46:47Z,80.0,Charge 6
2024-12-23T09:46:48Z,78.0,Charge 6
2024-12-23T09:46:51Z,78.0,Charge 6
2024-12-23T09:46:52Z,77.0,Charge 6
2024-12-23T09:46:54Z,76.0,Charge 6
2024-12-23T09:46:57Z,76.0,Charge 6
2024-12-23T09:46:58Z,75.0,Charge 6
2024-12-23T09:47:00Z,74.0,Charge 6
2024-12-23T09:47:03Z,74.0,Charge 6
2024-12-23T09:47:06Z,74.0,Charge 6
2024-12-23T09:47:09Z,74.0,Charge 6
2024-12-23T09:47:10Z,74.0,Charge 6
2024-12-23T09:47:12Z,74.0,Charge 6
2024-12-23T09:47:15Z,74.0,Charge 6
2024-12-23T09:47:18Z,74.0,Charge 6
2024-12-23T09:47:19Z,75.0,Charge 6
2024-12-23T09:47:22Z,75.0,Charge 6
2024-12-23T09:47:25Z,74.0,Charge 6
2024-12-23T09:47:27Z,73.0,Charge 6
2024-12-23T09:47:30Z,73.0,Charge 6
2024-12-23T09:47:31Z,72.0,Charge 6
2024-12-23T09:47:34Z,72.0,Charge 6
2024-12-23T09:47:37Z,72.0,Charge 6
2024-12-23T09:47:40Z,72.0,Charge 6
2024-12-23T09:47:43Z,72.0,Charge 6
2024-12-23T09:47:46Z,72.0,Charge 6
2024-12-23T09:47:49Z,72.0,Charge 6
2024-12-23T09:47:50Z,73.0,Charge 6
2024-12-23T09:47:52Z,74.0,Charge 6
2024-12-23T09:47:54Z,73.0,Charge 6
2024-12-23T09:47:56Z,73.0,Charge 6
2024-12-23T09:47:59Z,73.0,Charge 6
2024-12-23T09:48:01Z,74.0,Charge 6
2024-12-23T09:48:04Z,74.0,Charge 6
2024-12-23T09:48:05Z,75.0,Charge 6
2024-12-23T09:48:07Z,77.0,Charge 6
2024-12-23T09:48:09Z,79.0,Charge 6
2024-12-23T09:48:11Z,80.0,Charge 6
2024-12-23T09:48:13Z,82.0,Charge 6
2024-12-23T09:48:15Z,81.0,Charge 6
2024-12-23T09:48:17Z,80.0,Charge 6
2024-12-23T09:48:19Z,79.0,Charge 6
2024-12-23T09:48:21Z,78.0,Charge 6
2024-12-23T09:48:23Z,77.0,Charge 6
2024-12-23T09:48:24Z,76.0,Charge 6
2024-12-23T09:48:27Z,76.0,Charge 6
2024-12-23T09:48:28Z,74.0,Charge 6
2024-12-23T09:48:31Z,74.0,Charge 6
2024-12-23T09:48:34Z,73.0,Charge 6
2024-12-23T09:48:36Z,72.0,Charge 6
2024-12-23T09:48:39Z,72.0,Charge 6
2024-12-23T09:48:40Z,71.0,Charge 6
2024-12-23T09:48:42Z,72.0,Charge 6
2024-12-23T09:48:45Z,72.0,Charge 6
2024-12-23T09:48:48Z,72.0,Charge 6
2024-12-23T09:48:51Z,72.0,Charge 6
2024-12-23T09:48:53Z,74.0,Charge 6
2024-12-23T09:48:56Z,74.0,Charge 6
2024-12-23T09:48:59Z,76.0,Charge 6
2024-12-23T09:49:01Z,77.0,Charge 6
2024-12-23T09:49:03Z,79.0,Charge 6
2024-12-23T09:49:05Z,80.0,Charge 6
2024-12-23T09:49:07Z,81.0,Charge 6
2024-12-23T09:49:09Z,83.0,Charge 6
2024-12-23T09:49:11Z,86.0,Charge 6
2024-12-23T09:49:12Z,92.0,Charge 6
2024-12-23T09:49:14Z,94.0,Charge 6
2024-12-23T09:49:16Z,93.0,Charge 6
2024-12-23T09:49:18Z,91.0,Charge 6
2024-12-23T09:49:20Z,88.0,Charge 6
2024-12-23T09:49:23Z,88.0,Charge 6
2024-12-23T09:49:24Z,87.0,Charge 6
2024-12-23T09:49:26Z,85.0,Charge 6
2024-12-23T09:49:28Z,84.0,Charge 6
2024-12-23T09:49:30Z,82.0,Charge 6
2024-12-23T09:49:32Z,80.0,Charge 6
2024-12-23T09:49:34Z,79.0,Charge 6
2024-12-23T09:49:36Z,79.0,Charge 6
2024-12-23T09:49:37Z,78.0,Charge 6
2024-12-23T09:49:39Z,78.0,Charge 6
2024-12-23T09:49:41Z,77.0,Charge 6
2024-12-23T09:49:43Z,76.0,Charge 6
2024-12-23T09:49:46Z,76.0,Charge 6
2024-12-23T09:49:49Z,75.0,Charge 6
2024-12-23T09:49:51Z,73.0,Charge 6
2024-12-23T09:49:53Z,72.0,Charge 6
2024-12-23T09:49:56Z,72.0,Charge 6
2024-12-23T09:49:59Z,74.0,Charge 6
2024-12-23T09:50:02Z,75.0,Charge 6
2024-12-23T09:50:04Z,76.0,Charge 6
2024-12-23T09:50:07Z,76.0,Charge 6
2024-12-23T09:50:08Z,74.0,Charge 6
2024-12-23T09:50:10Z,73.0,Charge 6
2024-12-23T09:50:12Z,72.0,Charge 6
2024-12-23T09:50:14Z,71.0,Charge 6
2024-12-23T09:50:16Z,70.0,Charge 6
2024-12-23T09:50:19Z,70.0,Charge 6
2024-12-23T09:50:22Z,68.0,Charge 6
2024-12-23T09:50:24Z,67.0,Charge 6
2024-12-23T09:50:25Z,66.0,Charge 6
2024-12-23T09:50:27Z,64.0,Charge 6
2024-12-23T09:50:29Z,62.0,Charge 6
2024-12-23T09:50:32Z,62.0,Charge 6
2024-12-23T09:50:33Z,64.0,Charge 6
2024-12-23T09:50:35Z,66.0,Charge 6
2024-12-23T09:50:37Z,67.0,Charge 6
2024-12-23T09:50:39Z,68.0,Charge 6
2024-12-23T09:50:42Z,68.0,Charge 6
2024-12-23T09:50:43Z,70.0,Charge 6
2024-12-23T09:50:46Z,70.0,Charge 6
2024-12-23T09:50:47Z,71.0,Charge 6
2024-12-23T09:50:48Z,70.0,Charge 6
2024-12-23T09:50:50Z,68.0,Charge 6
2024-12-23T09:50:53Z,68.0,Charge 6
2024-12-23T09:50:56Z,68.0,Charge 6
2024-12-23T09:50:59Z,68.0,Charge 6
2024-12-23T09:51:02Z,68.0,Charge 6
2024-12-23T09:51:04Z,69.0,Charge 6
2024-12-23T09:51:07Z,69.0,Charge 6
2024-12-23T09:51:10Z,70.0,Charge 6
2024-12-23T09:51:12Z,70.0,Charge 6
2024-12-23T09:51:15Z,70.0,Charge 6
2024-12-23T09:51:17Z,69.0,Charge 6
2024-12-23T09:51:19Z,68.0,Charge 6
2024-12-23T09:51:22Z,68.0,Charge 6
2024-12-23T09:51:25Z,68.0,Charge 6
2024-12-23T09:51:28Z,68.0,Charge 6
2024-12-23T09:51:29Z,67.0,Charge 6
2024-12-23T09:51:31Z,66.0,Charge 6
2024-12-23T09:51:34Z,66.0,Charge 6
2024-12-23T09:51:36Z,65.0,Charge 6
2024-12-23T09:51:38Z,64.0,Charge 6
2024-12-23T09:51:41Z,64.0,Charge 6
2024-12-23T09:51:44Z,64.0,Charge 6
2024-12-23T09:51:46Z,65.0,Charge 6
2024-12-23T09:51:49Z,65.0,Charge 6
2024-12-23T09:51:52Z,65.0,Charge 6
2024-12-23T09:51:54Z,66.0,Charge 6
2024-12-23T09:51:57Z,66.0,Charge 6
2024-12-23T09:52:00Z,66.0,Charge 6
2024-12-23T09:52:03Z,66.0,Charge 6
2024-12-23T09:52:06Z,66.0,Charge 6
2024-12-23T09:52:09Z,66.0,Charge 6
2024-12-23T09:52:11Z,65.0,Charge 6
2024-12-23T09:52:14Z,65.0,Charge 6
2024-12-23T09:52:17Z,65.0,Charge 6
2024-12-23T09:52:19Z,66.0,Charge 6
2024-12-23T09:52:21Z,66.0,Charge 6
2024-12-23T09:52:23Z,66.0,Charge 6
2024-12-23T09:52:24Z,67.0,Charge 6
2024-12-23T09:52:26Z,69.0,Charge 6
2024-12-23T09:52:28Z,70.0,Charge 6
2024-12-23T09:52:30Z,71.0,Charge 6
2024-12-23T09:52:32Z,72.0,Charge 6
2024-12-23T09:52:34Z,73.0,Charge 6
2024-12-23T09:52:37Z,73.0,Charge 6
2024-12-23T09:52:38Z,74.0,Charge 6
2024-12-23T09:52:40Z,74.0,Charge 6
2024-12-23T09:52:42Z,75.0,Charge 6
2024-12-23T09:52:44Z,74.0,Charge 6
2024-12-23T09:52:46Z,72.0,Charge 6
2024-12-23T09:52:48Z,70.0,Charge 6
2024-12-23T09:52:51Z,69.0,Charge 6
2024-12-23T09:52:53Z,68.0,Charge 6
2024-12-23T09:52:56Z,68.0,Charge 6
2024-12-23T09:52:59Z,66.0,Charge 6
2024-12-23T09:53:02Z,66.0,Charge 6
2024-12-23T09:53:05Z,66.0,Charge 6
2024-12-23T09:53:08Z,66.0,Charge 6
2024-12-23T09:53:11Z,66.0,Charge 6
2024-12-23T09:53:12Z,65.0,Charge 6
2024-12-23T09:53:14Z,64.0,Charge 6
2024-12-23T09:53:17Z,64.0,Charge 6
2024-12-23T09:53:20Z,64.0,Charge 6
2024-12-23T09:53:22Z,64.0,Charge 6
2024-12-23T09:53:24Z,66.0,Charge 6
2024-12-23T09:53:26Z,67.0,Charge 6
2024-12-23T09:53:28Z,68.0,Charge 6
2024-12-23T09:53:30Z,70.0,Charge 6
2024-12-23T09:53:33Z,70.0,Charge 6
2024-12-23T09:53:34Z,71.0,Charge 6
2024-12-23T09:53:36Z,74.0,Charge 6
2024-12-23T09:53:39Z,74.0,Charge 6
2024-12-23T09:53:40Z,75.0,Charge 6
2024-12-23T09:53:43Z,75.0,Charge 6
2024-12-23T09:53:46Z,74.0,Charge 6
2024-12-23T09:53:48Z,73.0,Charge 6
2024-12-23T09:53:50Z,72.0,Charge 6
2024-12-23T09:53:52Z,70.0,Charge 6
2024-12-23T09:53:55Z,69.0,Charge 6
2024-12-23T09:53:57Z,68.0,Charge 6
2024-12-23T09:54:00Z,68.0,Charge 6
2024-12-23T09:54:01Z,67.0,Charge 6
2024-12-23T09:54:03Z,66.0,Charge 6
2024-12-23T09:54:06Z,66.0,Charge 6
2024-12-23T09:54:07Z,66.0,Charge 6
2024-12-23T09:54:10Z,66.0,Charge 6
2024-12-23T09:54:11Z,67.0,Charge 6
2024-12-23T09:54:13Z,68.0,Charge 6
2024-12-23T09:54:16Z,68.0,Charge 6
2024-12-23T09:54:17Z,69.0,Charge 6
2024-12-23T09:54:20Z,70.0,Charge 6
2024-12-23T09:54:23Z,70.0,Charge 6
2024-12-23T09:54:24Z,68.0,Charge 6
2024-12-23T09:54:26Z,68.0,Charge 6
2024-12-23T09:54:29Z,68.0,Charge 6
2024-12-23T09:54:32Z,68.0,Charge 6
2024-12-23T09:54:35Z,68.0,Charge 6
2024-12-23T09:54:38Z,68.0,Charge 6
2024-12-23T09:54:41Z,68.0,Charge 6
2024-12-23T09:54:44Z,68.0,Charge 6
2024-12-23T09:54:47Z,68.0,Charge 6
2024-12-23T09:54:50Z,68.0,Charge 6
2024-12-23T09:54:53Z,67.0,Charge 6
2024-12-23T09:54:55Z,66.0,Charge 6
2024-12-23T09:54:58Z,66.0,Charge 6
2024-12-23T09:54:59Z,65.0,Charge 6
2024-12-23T09:55:02Z,65.0,Charge 6
2024-12-23T09:55:03Z,64.0,Charge 6
2024-12-23T09:55:06Z,64.0,Charge 6
2024-12-23T09:55:07Z,64.0,Charge 6
2024-12-23T09:55:10Z,64.0,Charge 6
2024-12-23T09:55:12Z,65.0,Charge 6
2024-12-23T09:55:14Z,66.0,Charge 6
2024-12-23T09:55:16Z,67.0,Charge 6
2024-12-23T09:55:18Z,68.0,Charge 6
2024-12-23T09:55:21Z,68.0,Charge 6
2024-12-23T09:55:22Z,70.0,Charge 6
2024-12-23T09:55:24Z,72.0,Charge 6
2024-12-23T09:55:27Z,72.0,Charge 6
2024-12-23T09:55:28Z,71.0,Charge 6
2024-12-23T09:55:30Z,70.0,Charge 6
2024-12-23T09:55:31Z,70.0,Charge 6
2024-12-23T09:55:34Z,70.0,Charge 6
2024-12-23T09:55:37Z,71.0,Charge 6
2024-12-23T09:55:39Z,70.0,Charge 6
2024-12-23T09:55:41Z,69.0,Charge 6
2024-12-23T09:55:43Z,68.0,Charge 6
2024-12-23T09:55:46Z,68.0,Charge 6
2024-12-23T09:55:49Z,66.0,Charge 6
2024-12-23T09:55:52Z,66.0,Charge 6
2024-12-23T09:55:53Z,64.0,Charge 6
2024-12-23T09:55:56Z,66.0,Charge 6
2024-12-23T09:55:59Z,66.0,Charge 6
2024-12-23T09:56:02Z,66.0,Charge 6
2024-12-23T09:56:04Z,65.0,Charge 6
2024-12-23T09:56:06Z,64.0,Charge 6
2024-12-23T09:56:09Z,64.0,Charge 6
2024-12-23T09:56:12Z,64.0,Charge 6
2024-12-23T09:56:15Z,64.0,Charge 6
2024-12-23T09:56:18Z,64.0,Charge 6
2024-12-23T09:56:21Z,63.0,Charge 6
2024-12-23T09:56:24Z,63.0,Charge 6
2024-12-23T09:56:27Z,63.0,Charge 6
2024-12-23T09:56:29Z,62.0,Charge 6
2024-12-23T09:56:32Z,62.0,Charge 6
2024-12-23T09:56:35Z,62.0,Charge 6
2024-12-23T09:56:38Z,62.0,Charge 6
2024-12-23T09:56:41Z,62.0,Charge 6
2024-12-23T09:56:43Z,63.0,Charge 6
2024-12-23T09:56:46Z,62.0,Charge 6
2024-12-23T09:56:49Z,62.0,Charge 6
2024-12-23T09:56:50Z,63.0,Charge 6
2024-12-23T09:56:52Z,64.0,Charge 6
2024-12-23T09:56:55Z,64.0,Charge 6
2024-12-23T09:56:56Z,63.0,Charge 6
2024-12-23T09:56:59Z,63.0,Charge 6
2024-12-23T09:57:02Z,63.0,Charge 6
2024-12-23T09:57:04Z,64.0,Charge 6
2024-12-23T09:57:06Z,65.0,Charge 6
2024-12-23T09:57:07Z,66.0,Charge 6
2024-12-23T09:57:10Z,66.0,Charge 6
2024-12-23T09:57:11Z,68.0,Charge 6
2024-12-23T09:57:13Z,69.0,Charge 6
2024-12-23T09:57:15Z,70.0,Charge 6
2024-12-23T09:57:17Z,72.0,Charge 6
2024-12-23T09:57:19Z,74.0,Charge 6
2024-12-23T09:57:21Z,75.0,Charge 6
2024-12-23T09:57:23Z,76.0,Charge 6
2024-12-23T09:57:26Z,76.0,Charge 6
2024-12-23T09:57:29Z,76.0,Charge 6
2024-12-23T09:57:31Z,76.0,Charge 6
2024-12-23T09:57:34Z,74.0,Charge 6
2024-12-23T09:57:37Z,74.0,Charge 6
2024-12-23T09:57:38Z,74.0,Charge 6
2024-12-23T09:57:41Z,74.0,Charge 6
2024-12-23T09:57:42Z,74.0,Charge 6
2024-12-23T09:57:44Z,73.0,Charge 6
2024-12-23T09:57:46Z,72.0,Charge 6
2024-12-23T09:57:48Z,70.0,Charge 6
2024-12-23T09:57:51Z,70.0,Charge 6
2024-12-23T09:57:54Z,70.0,Charge 6
2024-12-23T09:57:57Z,71.0,Charge 6
2024-12-23T09:57:59Z,72.0,Charge 6
2024-12-23T09:58:02Z,72.0,Charge 6
2024-12-23T09:58:03Z,74.0,Charge 6
2024-12-23T09:58:05Z,75.0,Charge 6
2024-12-23T09:58:07Z,74.0,Charge 6
2024-12-23T09:58:10Z,74.0,Charge 6
2024-12-23T09:58:13Z,74.0,Charge 6
2024-12-23T09:58:15Z,75.0,Charge 6
2024-12-23T09:58:17Z,76.0,Charge 6
2024-12-23T09:58:19Z,77.0,Charge 6
2024-12-23T09:58:20Z,78.0,Charge 6
2024-12-23T09:58:23Z,78.0,Charge 6
2024-12-23T09:58:24Z,79.0,Charge 6
2024-12-23T09:58:26Z,81.0,Charge 6
2024-12-23T09:58:28Z,79.0,Charge 6
2024-12-23T09:58:30Z,78.0,Charge 6
2024-12-23T09:58:33Z,78.0,Charge 6
2024-12-23T09:58:36Z,81.0,Charge 6
2024-12-23T09:58:38Z,84.0,Charge 6
2024-12-23T09:58:40Z,88.0,Charge 6
2024-12-23T09:58:42Z,90.0,Charge 6
2024-12-23T09:58:45Z,90.0,Charge 6
2024-12-23T09:58:47Z,89.0,Charge 6
2024-12-23T09:58:50Z,89.0,Charge 6
2024-12-23T09:58:51Z,89.0,Charge 6
2024-12-23T09:58:53Z,90.0,Charge 6
2024-12-23T09:58:55Z,91.0,Charge 6
2024-12-23T09:58:57Z,92.0,Charge 6
2024-12-23T09:58:59Z,93.0,Charge 6
2024-12-23T09:59:01Z,96.0,Charge 6
2024-12-23T09:59:03Z,92.0,Charge 6
2024-12-23T09:59:05Z,91.0,Charge 6
2024-12-23T09:59:07Z,88.0,Charge 6
2024-12-23T09:59:08Z,85.0,Charge 6
2024-12-23T09:59:10Z,82.0,Charge 6
2024-12-23T09:59:12Z,80.0,Charge 6
2024-12-23T09:59:14Z,78.0,Charge 6
2024-12-23T09:59:16Z,77.0,Charge 6
2024-12-23T09:59:18Z,76.0,Charge 6
2024-12-23T09:59:20Z,75.0,Charge 6
2024-12-23T09:59:23Z,75.0,Charge 6
2024-12-23T09:59:24Z,74.0,Charge 6
2024-12-23T09:59:26Z,74.0,Charge 6
2024-12-23T09:59:29Z,74.0,Charge 6
2024-12-23T09:59:32Z,74.0,Charge 6
2024-12-23T09:59:35Z,74.0,Charge 6
2024-12-23T09:59:38Z,74.0,Charge 6
2024-12-23T09:59:41Z,74.0,Charge 6
2024-12-23T09:59:44Z,74.0,Charge 6
2024-12-23T09:59:47Z,74.0,Charge 6
2024-12-23T09:59:49Z,73.0,Charge 6
2024-12-23T09:59:52Z,73.0,Charge 6
2024-12-23T09:59:53Z,72.0,Charge 6
2024-12-23T09:59:55Z,73.0,Charge 6
2024-12-23T09:59:58Z,74.0,Charge 6
2024-12-23T10:00:01Z,74.0,Charge 6
2024-12-23T10:00:02Z,75.0,Charge 6
2024-12-23T10:00:04Z,76.0,Charge 6
2024-12-23T10:00:07Z,76.0,Charge 6
2024-12-23T10:00:10Z,76.0,Charge 6
2024-12-23T10:00:13Z,76.0,Charge 6
2024-12-23T10:00:14Z,75.0,Charge 6
2024-12-23T10:00:16Z,74.0,Charge 6
2024-12-23T10:00:18Z,72.0,Charge 6
2024-12-23T10:00:19Z,70.0,Charge 6
2024-12-23T10:00:21Z,70.0,Charge 6
2024-12-23T10:00:23Z,68.0,Charge 6
2024-12-23T10:00:26Z,68.0,Charge 6
2024-12-23T10:00:29Z,68.0,Charge 6
2024-12-23T10:00:31Z,68.0,Charge 6
2024-12-23T10:00:34Z,68.0,Charge 6
2024-12-23T10:00:37Z,68.0,Charge 6
2024-12-23T10:00:39Z,70.0,Charge 6
2024-12-23T10:00:41Z,71.0,Charge 6
2024-12-23T10:00:43Z,72.0,Charge 6
2024-12-23T10:00:44Z,71.0,Charge 6
2024-12-23T10:00:46Z,70.0,Charge 6
2024-12-23T10:00:49Z,70.0,Charge 6
2024-12-23T10:00:52Z,71.0,Charge 6
2024-12-23T10:00:55Z,71.0,Charge 6
2024-12-23T10:00:56Z,72.0,Charge 6
2024-12-23T10:00:59Z,72.0,Charge 6
2024-12-23T10:01:02Z,73.0,Charge 6
2024-12-23T10:01:04Z,74.0,Charge 6
2024-12-23T10:01:07Z,74.0,Charge 6
2024-12-23T10:01:09Z,74.0,Charge 6
2024-12-23T10:01:12Z,74.0,Charge 6
2024-12-23T10:01:13Z,72.0,Charge 6
2024-12-23T10:01:16Z,72.0,Charge 6
2024-12-23T10:01:17Z,71.0,Charge 6
2024-12-23T10:01:19Z,70.0,Charge 6
2024-12-23T10:01:22Z,70.0,Charge 6
2024-12-23T10:01:25Z,70.0,Charge 6
2024-12-23T10:01:27Z,69.0,Charge 6
2024-12-23T10:01:30Z,69.0,Charge 6
2024-12-23T10:01:31Z,70.0,Charge 6
2024-12-23T10:01:32Z,70.0,Charge 6
2024-12-23T10:01:34Z,69.0,Charge 6
2024-12-23T10:01:37Z,69.0,Charge 6
2024-12-23T10:01:40Z,69.0,Charge 6
2024-12-23T10:01:43Z,69.0,Charge 6
2024-12-23T10:01:46Z,69.0,Charge 6
2024-12-23T10:01:49Z,69.0,Charge 6
2024-12-23T10:01:50Z,68.0,Charge 6
2024-12-23T10:01:53Z,68.0,Charge 6
2024-12-23T10:01:55Z,67.0,Charge 6
2024-12-23T10:01:57Z,66.0,Charge 6
2024-12-23T10:01:59Z,67.0,Charge 6
2024-12-23T10:02:01Z,68.0,Charge 6
2024-12-23T10:02:03Z,69.0,Charge 6
2024-12-23T10:02:06Z,69.0,Charge 6
2024-12-23T10:02:07Z,70.0,Charge 6
2024-12-23T10:02:09Z,71.0,Charge 6
2024-12-23T10:02:11Z,72.0,Charge 6
2024-12-23T10:02:14Z,72.0,Charge 6
2024-12-23T10:02:17Z,72.0,Charge 6
2024-12-23T10:02:20Z,71.0,Charge 6
2024-12-23T10:02:23Z,71.0,Charge 6
2024-12-23T10:02:26Z,71.0,Charge 6
2024-12-23T10:02:28Z,72.0,Charge 6
2024-12-23T10:02:30Z,73.0,Charge 6
2024-12-23T10:02:32Z,75.0,Charge 6
2024-12-23T10:02:35Z,75.0,Charge 6
2024-12-23T10:02:36Z,75.0,Charge 6
2024-12-23T10:02:38Z,74.0,Charge 6
2024-12-23T10:02:41Z,74.0,Charge 6
2024-12-23T10:02:43Z,73.0,Charge 6
2024-12-23T10:02:45Z,74.0,Charge 6
2024-12-23T10:02:47Z,73.0,Charge 6
2024-12-23T10:02:49Z,72.0,Charge 6
2024-12-23T10:02:51Z,71.0,Charge 6
2024-12-23T10:02:53Z,70.0,Charge 6
2024-12-23T10:02:55Z,68.0,Charge 6
2024-12-23T10:02:58Z,68.0,Charge 6
2024-12-23T10:02:59Z,66.0,Charge 6
2024-12-23T10:03:02Z,66.0,Charge 6
2024-12-23T10:03:05Z,66.0,Charge 6
2024-12-23T10:03:08Z,66.0,Charge 6
2024-12-23T10:03:10Z,65.0,Charge 6
2024-12-23T10:03:12Z,64.0,Charge 6
2024-12-23T10:03:14Z,65.0,Charge 6
2024-12-23T10:03:17Z,65.0,Charge 6
2024-12-23T10:03:20Z,65.0,Charge 6
2024-12-23T10:03:22Z,64.0,Charge 6
2024-12-23T10:03:25Z,64.0,Charge 6
2024-12-23T10:03:28Z,64.0,Charge 6
2024-12-23T10:03:31Z,64.0,Charge 6
2024-12-23T10:03:34Z,64.0,Charge 6
2024-12-23T10:03:37Z,64.0,Charge 6
2024-12-23T10:03:39Z,65.0,Charge 6
2024-12-23T10:03:41Z,66.0,Charge 6
2024-12-23T10:03:44Z,66.0,Charge 6
2024-12-23T10:03:47Z,66.0,Charge 6
2024-12-23T10:03:49Z,67.0,Charge 6
2024-12-23T10:03:51Z,68.0,Charge 6
2024-12-23T10:03:54Z,68.0,Charge 6
2024-12-23T10:03:56Z,69.0,Charge 6
2024-12-23T10:03:58Z,70.0,Charge 6
2024-12-23T10:04:01Z,70.0,Charge 6
2024-12-23T10:04:04Z,71.0,Charge 6
2024-12-23T10:04:06Z,72.0,Charge 6
2024-12-23T10:04:09Z,72.0,Charge 6
2024-12-23T10:04:10Z,73.0,Charge 6
2024-12-23T10:04:13Z,73.0,Charge 6
2024-12-23T10:04:16Z,73.0,Charge 6
2024-12-23T10:04:18Z,72.0,Charge 6
2024-12-23T10:04:21Z,73.0,Charge 6
2024-12-23T10:04:23Z,74.0,Charge 6
2024-12-23T10:04:26Z,74.0,Charge 6
2024-12-23T10:04:29Z,74.0,Charge 6
2024-12-23T10:04:31Z,74.0,Charge 6
2024-12-23T10:04:34Z,74.0,Charge 6
2024-12-23T10:04:35Z,73.0,Charge 6
2024-12-23T10:04:38Z,73.0,Charge 6
2024-12-23T10:04:41Z,74.0,Charge 6
2024-12-23T10:04:43Z,74.0,Charge 6
2024-12-23T10:04:46Z,73.0,Charge 6
2024-12-23T10:04:48Z,72.0,Charge 6
2024-12-23T10:04:51Z,72.0,Charge 6
2024-12-23T10:04:52Z,71.0,Charge 6
2024-12-23T10:04:54Z,70.0,Charge 6
2024-12-23T10:04:56Z,69.0,Charge 6
2024-12-23T10:04:58Z,68.0,Charge 6
2024-12-23T10:05:00Z,67.0,Charge 6
2024-12-23T10:05:02Z,66.0,Charge 6
2024-12-23T10:05:05Z,66.0,Charge 6
2024-12-23T10:05:06Z,65.0,Charge 6
2024-12-23T10:05:07Z,64.0,Charge 6
2024-12-23T10:05:10Z,64.0,Charge 6
2024-12-23T10:05:13Z,64.0,Charge 6
2024-12-23T10:05:15Z,65.0,Charge 6
2024-12-23T10:05:17Z,66.0,Charge 6
2024-12-23T10:05:20Z,66.0,Charge 6
2024-12-23T10:05:21Z,68.0,Charge 6
2024-12-23T10:05:23Z,69.0,Charge 6
2024-12-23T10:05:25Z,70.0,Charge 6
2024-12-23T10:05:27Z,71.0,Charge 6
2024-12-23T10:05:29Z,72.0,Charge 6
2024-12-23T10:05:31Z,73.0,Charge 6
2024-12-23T10:05:32Z,74.0,Charge 6
2024-12-23T10:05:34Z,76.0,Charge 6
2024-12-23T10:05:36Z,78.0,Charge 6
2024-12-23T10:05:38Z,79.0,Charge 6
2024-12-23T10:05:40Z,80.0,Charge 6
2024-12-23T10:05:42Z,79.0,Charge 6
2024-12-23T10:05:44Z,78.0,Charge 6
2024-12-23T10:05:46Z,76.0,Charge 6
2024-12-23T10:05:48Z,74.0,Charge 6
2024-12-23T10:05:51Z,74.0,Charge 6
2024-12-23T10:05:52Z,73.0,Charge 6
2024-12-23T10:05:55Z,72.0,Charge 6
2024-12-23T10:05:58Z,72.0,Charge 6
2024-12-23T10:05:59Z,71.0,Charge 6
2024-12-23T10:06:02Z,71.0,Charge 6
2024-12-23T10:06:05Z,72.0,Charge 6
2024-12-23T10:06:07Z,73.0,Charge 6
2024-12-23T10:06:09Z,74.0,Charge 6
2024-12-23T10:06:12Z,74.0,Charge 6
2024-12-23T10:06:13Z,75.0,Charge 6
2024-12-23T10:06:15Z,73.0,Charge 6
2024-12-23T10:06:17Z,72.0,Charge 6
2024-12-23T10:06:19Z,71.0,Charge 6
2024-12-23T10:06:20Z,72.0,Charge 6
2024-12-23T10:06:23Z,72.0,Charge 6
2024-12-23T10:06:24Z,73.0,Charge 6
2024-12-23T10:06:26Z,72.0,Charge 6
2024-12-23T10:06:29Z,72.0,Charge 6
2024-12-23T10:06:32Z,73.0,Charge 6
2024-12-23T10:06:35Z,73.0,Charge 6
2024-12-23T10:06:36Z,74.0,Charge 6
2024-12-23T10:06:38Z,73.0,Charge 6
2024-12-23T10:06:40Z,72.0,Charge 6
2024-12-23T10:06:43Z,71.0,Charge 6
2024-12-23T10:06:45Z,71.0,Charge 6
2024-12-23T10:06:48Z,71.0,Charge 6
2024-12-23T10:06:49Z,70.0,Charge 6
2024-12-23T10:06:52Z,70.0,Charge 6
2024-12-23T10:06:55Z,69.0,Charge 6
2024-12-23T10:06:57Z,68.0,Charge 6
2024-12-23T10:06:59Z,68.0,Charge 6
2024-12-23T10:07:02Z,68.0,Charge 6
2024-12-23T10:07:05Z,69.0,Charge 6
2024-12-23T10:07:08Z,69.0,Charge 6
2024-12-23T10:07:10Z,68.0,Charge 6
2024-12-23T10:07:13Z,68.0,Charge 6
2024-12-23T10:07:16Z,68.0,Charge 6
2024-12-23T10:07:19Z,68.0,Charge 6
2024-12-23T10:07:22Z,68.0,Charge 6
2024-12-23T10:07:24Z,67.0,Charge 6
2024-12-23T10:07:27Z,67.0,Charge 6
2024-12-23T10:07:30Z,66.0,Charge 6
2024-12-23T10:07:33Z,64.0,Charge 6
2024-12-23T10:07:36Z,64.0,Charge 6
2024-12-23T10:07:39Z,64.0,Charge 6
2024-12-23T10:07:42Z,64.0,Charge 6
2024-12-23T10:07:45Z,64.0,Charge 6
2024-12-23T10:07:47Z,63.0,Charge 6
2024-12-23T10:07:50Z,63.0,Charge 6
2024-12-23T10:07:51Z,63.0,Charge 6
2024-12-23T10:07:54Z,63.0,Charge 6
2024-12-23T10:07:56Z,62.0,Charge 6
2024-12-23T10:07:59Z,62.0,Charge 6
2024-12-23T10:08:00Z,63.0,Charge 6
2024-12-23T10:08:03Z,63.0,Charge 6
2024-12-23T10:08:04Z,64.0,Charge 6
2024-12-23T10:08:07Z,64.0,Charge 6
2024-12-23T10:08:10Z,64.0,Charge 6
2024-12-23T10:08:12Z,65.0,Charge 6
2024-12-23T10:08:14Z,66.0,Charge 6
2024-12-23T10:08:16Z,66.0,Charge 6
2024-12-23T10:08:18Z,68.0,Charge 6
2024-12-23T10:08:19Z,70.0,Charge 6
2024-12-23T10:08:21Z,74.0,Charge 6
2024-12-23T10:08:23Z,76.0,Charge 6
2024-12-23T10:08:26Z,76.0,Charge 6
2024-12-23T10:08:27Z,77.0,Charge 6
2024-12-23T10:08:29Z,82.0,Charge 6
2024-12-23T10:08:31Z,84.0,Charge 6
2024-12-23T10:08:33Z,83.0,Charge 6
2024-12-23T10:08:35Z,81.0,Charge 6
2024-12-23T10:08:37Z,79.0,Charge 6
2024-12-23T10:08:39Z,77.0,Charge 6
2024-12-23T10:08:41Z,76.0,Charge 6
2024-12-23T10:08:43Z,74.0,Charge 6
2024-12-23T10:08:46Z,74.0,Charge 6
2024-12-23T10:08:47Z,74.0,Charge 6
2024-12-23T10:08:50Z,74.0,Charge 6
2024-12-23T10:08:51Z,72.0,Charge 6
2024-12-23T10:08:53Z,71.0,Charge 6
2024-12-23T10:08:55Z,70.0,Charge 6
2024-12-23T10:08:58Z,70.0,Charge 6
2024-12-23T10:09:01Z,70.0,Charge 6
2024-12-23T10:09:04Z,70.0,Charge 6
2024-12-23T10:09:07Z,70.0,Charge 6
2024-12-23T10:09:10Z,72.0,Charge 6
2024-12-23T10:09:13Z,72.0,Charge 6
2024-12-23T10:09:16Z,72.0,Charge 6
2024-12-23T10:09:18Z,72.0,Charge 6
2024-12-23T10:09:21Z,74.0,Charge 6
2024-12-23T10:09:23Z,75.0,Charge 6
2024-12-23T10:09:25Z,76.0,Charge 6
2024-12-23T10:09:28Z,76.0,Charge 6
2024-12-23T10:09:29Z,75.0,Charge 6
2024-12-23T10:09:31Z,74.0,Charge 6
2024-12-23T10:09:33Z,74.0,Charge 6
2024-12-23T10:09:36Z,74.0,Charge 6
2024-12-23T10:09:39Z,75.0,Charge 6
2024-12-23T10:09:41Z,76.0,Charge 6
2024-12-23T10:09:43Z,77.0,Charge 6
2024-12-23T10:09:44Z,76.0,Charge 6
2024-12-23T10:09:46Z,75.0,Charge 6
2024-12-23T10:09:48Z,74.0,Charge 6
2024-12-23T10:09:50Z,74.0,Charge 6
2024-12-23T10:09:53Z,74.0,Charge 6
2024-12-23T10:09:54Z,75.0,Charge 6
2024-12-23T10:09:56Z,76.0,Charge 6
2024-12-23T10:09:58Z,78.0,Charge 6
2024-12-23T10:10:00Z,76.0,Charge 6
2024-12-23T10:10:02Z,74.0,Charge 6
2024-12-23T10:10:04Z,71.0,Charge 6
2024-12-23T10:10:06Z,70.0,Charge 6
2024-12-23T10:10:09Z,69.0,Charge 6
2024-12-23T10:10:12Z,69.0,Charge 6
2024-12-23T10:10:15Z,68.0,Charge 6
2024-12-23T10:10:18Z,68.0,Charge 6
2024-12-23T10:10:21Z,68.0,Charge 6
2024-12-23T10:10:24Z,68.0,Charge 6
2024-12-23T10:10:27Z,68.0,Charge 6
2024-12-23T10:10:29Z,67.0,Charge 6
2024-12-23T10:10:31Z,66.0,Charge 6
2024-12-23T10:10:34Z,67.0,Charge 6
2024-12-23T10:10:37Z,67.0,Charge 6
2024-12-23T10:10:40Z,67.0,Charge 6
2024-12-23T10:10:43Z,67.0,Charge 6
2024-12-23T10:10:46Z,67.0,Charge 6
2024-12-23T10:10:48Z,68.0,Charge 6
2024-12-23T10:10:51Z,68.0,Charge 6
2024-12-23T10:10:54Z,68.0,Charge 6
2024-12-23T10:10:56Z,69.0,Charge 6
2024-12-23T10:10:57Z,70.0,Charge 6
2024-12-23T10:11:00Z,70.0,Charge 6
2024-12-23T10:11:03Z,69.0,Charge 6
2024-12-23T10:11:06Z,69.0,Charge 6
2024-12-23T10:11:09Z,70.0,Charge 6
2024-12-23T10:11:12Z,70.0,Charge 6
2024-12-23T10:11:13Z,70.0,Charge 6
2024-12-23T10:11:16Z,70.0,Charge 6
2024-12-23T10:11:19Z,71.0,Charge 6
2024-12-23T10:11:20Z,72.0,Charge 6
2024-12-23T10:11:22Z,74.0,Charge 6
2024-12-23T10:11:25Z,74.0,Charge 6
2024-12-23T10:11:26Z,75.0,Charge 6
2024-12-23T10:11:28Z,74.0,Charge 6
2024-12-23T10:11:30Z,74.0,Charge 6
2024-12-23T10:11:32Z,73.0,Charge 6
2024-12-23T10:11:35Z,73.0,Charge 6
2024-12-23T10:11:36Z,74.0,Charge 6
2024-12-23T10:11:38Z,75.0,Charge 6
2024-12-23T10:11:41Z,75.0,Charge 6
2024-12-23T10:11:44Z,75.0,Charge 6
2024-12-23T10:11:45Z,76.0,Charge 6
2024-12-23T10:11:47Z,77.0,Charge 6
2024-12-23T10:11:50Z,77.0,Charge 6
2024-12-23T10:11:51Z,77.0,Charge 6
2024-12-23T10:11:53Z,76.0,Charge 6
2024-12-23T10:11:55Z,74.0,Charge 6
2024-12-23T10:11:57Z,73.0,Charge 6
2024-12-23T10:11:59Z,74.0,Charge 6
2024-12-23T10:12:02Z,74.0,Charge 6
2024-12-23T10:12:03Z,75.0,Charge 6
2024-12-23T10:12:05Z,76.0,Charge 6
2024-12-23T10:12:08Z,76.0,Charge 6
2024-12-23T10:12:10Z,76.0,Charge 6
2024-12-23T10:12:12Z,77.0,Charge 6
2024-12-23T10:12:14Z,76.0,Charge 6
2024-12-23T10:12:16Z,77.0,Charge 6
2024-12-23T10:12:19Z,77.0,Charge 6
2024-12-23T10:12:20Z,76.0,Charge 6
2024-12-23T10:12:23Z,76.0,Charge 6
2024-12-23T10:12:26Z,76.0,Charge 6
2024-12-23T10:12:28Z,77.0,Charge 6
2024-12-23T10:12:31Z,77.0,Charge 6
2024-12-23T10:12:32Z,76.0,Charge 6
2024-12-23T10:12:33Z,75.0,Charge 6
2024-12-23T10:12:35Z,74.0,Charge 6
2024-12-23T10:12:37Z,73.0,Charge 6
2024-12-23T10:12:39Z,74.0,Charge 6
2024-12-23T10:12:42Z,74.0,Charge 6
2024-12-23T10:12:43Z,73.0,Charge 6
2024-12-23T10:12:45Z,72.0,Charge 6
2024-12-23T10:12:47Z,71.0,Charge 6
2024-12-23T10:12:49Z,70.0,Charge 6
2024-12-23T10:12:51Z,71.0,Charge 6
2024-12-23T10:12:53Z,72.0,Charge 6
2024-12-23T10:12:56Z,72.0,Charge 6
2024-12-23T10:12:59Z,72.0,Charge 6
2024-12-23T10:13:00Z,71.0,Charge 6
2024-12-23T10:13:03Z,71.0,Charge 6
2024-12-23T10:13:04Z,72.0,Charge 6
2024-12-23T10:13:07Z,72.0,Charge 6
2024-12-23T10:13:10Z,72.0,Charge 6
2024-12-23T10:13:12Z,71.0,Charge 6
2024-12-23T10:13:14Z,70.0,Charge 6
2024-12-23T10:13:16Z,69.0,Charge 6
2024-12-23T10:13:19Z,69.0,Charge 6
2024-12-23T10:13:20Z,70.0,Charge 6
2024-12-23T10:13:23Z,69.0,Charge 6
2024-12-23T10:13:25Z,68.0,Charge 6
2024-12-23T10:13:27Z,69.0,Charge 6
2024-12-23T10:13:30Z,69.0,Charge 6
2024-12-23T10:13:31Z,68.0,Charge 6
2024-12-23T10:13:34Z,68.0,Charge 6
2024-12-23T10:13:37Z,68.0,Charge 6
2024-12-23T10:13:39Z,69.0,Charge 6
2024-12-23T10:13:41Z,70.0,Charge 6
2024-12-23T10:13:44Z,69.0,Charge 6
2024-12-23T10:13:47Z,69.0,Charge 6
2024-12-23T10:13:48Z,70.0,Charge 6
2024-12-23T10:13:50Z,70.0,Charge 6
2024-12-23T10:13:52Z,68.0,Charge 6
2024-12-23T10:13:54Z,68.0,Charge 6
2024-12-23T10:13:57Z,68.0,Charge 6
2024-12-23T10:14:00Z,68.0,Charge 6
2024-12-23T10:14:02Z,68.0,Charge 6
2024-12-23T10:14:04Z,68.0,Charge 6
2024-12-23T10:14:06Z,67.0,Charge 6
2024-12-23T10:14:08Z,66.0,Charge 6
2024-12-23T10:14:09Z,68.0,Charge 6
2024-12-23T10:14:11Z,69.0,Charge 6
2024-12-23T10:14:13Z,70.0,Charge 6
2024-12-23T10:14:16Z,70.0,Charge 6
2024-12-23T10:14:19Z,70.0,Charge 6
2024-12-23T10:14:22Z,70.0,Charge 6
2024-12-23T10:14:25Z,70.0,Charge 6
2024-12-23T10:14:28Z,70.0,Charge 6
2024-12-23T10:14:31Z,69.0,Charge 6
2024-12-23T10:14:34Z,70.0,Charge 6
2024-12-23T10:14:36Z,71.0,Charge 6
2024-12-23T10:14:39Z,71.0,Charge 6
2024-12-23T10:14:40Z,70.0,Charge 6
2024-12-23T10:14:43Z,70.0,Charge 6
2024-12-23T10:14:44Z,69.0,Charge 6
2024-12-23T10:14:46Z,68.0,Charge 6
2024-12-23T10:14:48Z,69.0,Charge 6
2024-12-23T10:14:50Z,71.0,Charge 6
2024-12-23T10:14:52Z,72.0,Charge 6
2024-12-23T10:14:55Z,72.0,Charge 6
2024-12-23T10:14:56Z,71.0,Charge 6
2024-12-23T10:14:57Z,70.0,Charge 6
2024-12-23T10:14:59Z,69.0,Charge 6
2024-12-23T10:15:01Z,70.0,Charge 6
2024-12-23T10:15:04Z,70.0,Charge 6
2024-12-23T10:15:05Z,71.0,Charge 6
2024-12-23T10:15:07Z,71.0,Charge 6
2024-12-23T10:15:09Z,70.0,Charge 6
2024-12-23T10:15:11Z,70.0,Charge 6
2024-12-23T10:15:14Z,70.0,Charge 6
2024-12-23T10:15:17Z,70.0,Charge 6
2024-12-23T10:15:20Z,70.0,Charge 6
2024-12-23T10:15:22Z,70.0,Charge 6
2024-12-23T10:15:24Z,70.0,Charge 6
2024-12-23T10:15:27Z,70.0,Charge 6
2024-12-23T10:15:30Z,71.0,Charge 6
2024-12-23T10:15:32Z,72.0,Charge 6
2024-12-23T10:15:35Z,72.0,Charge 6
2024-12-23T10:15:36Z,74.0,Charge 6
2024-12-23T10:15:39Z,74.0,Charge 6
2024-12-23T10:15:42Z,74.0,Charge 6
2024-12-23T10:15:45Z,75.0,Charge 6
2024-12-23T10:15:48Z,75.0,Charge 6
2024-12-23T10:15:49Z,77.0,Charge 6
2024-12-23T10:15:51Z,76.0,Charge 6
2024-12-23T10:15:54Z,76.0,Charge 6
2024-12-23T10:15:57Z,76.0,Charge 6
2024-12-23T10:15:59Z,75.0,Charge 6
2024-12-23T10:16:01Z,74.0,Charge 6
2024-12-23T10:16:03Z,73.0,Charge 6
2024-12-23T10:16:05Z,72.0,Charge 6
2024-12-23T10:16:07Z,71.0,Charge 6
2024-12-23T10:16:10Z,70.0,Charge 6
2024-12-23T10:16:13Z,70.0,Charge 6
2024-12-23T10:16:16Z,70.0,Charge 6
2024-12-23T10:16:19Z,70.0,Charge 6
2024-12-23T10:16:20Z,69.0,Charge 6
2024-12-23T10:16:22Z,68.0,Charge 6
2024-12-23T10:16:25Z,68.0,Charge 6
2024-12-23T10:16:28Z,68.0,Charge 6
2024-12-23T10:16:30Z,69.0,Charge 6
2024-12-23T10:16:33Z,68.0,Charge 6
2024-12-23T10:16:36Z,68.0,Charge 6
2024-12-23T10:16:39Z,68.0,Charge 6
2024-12-23T10:16:41Z,69.0,Charge 6
2024-12-23T10:16:43Z,68.0,Charge 6
2024-12-23T10:16:46Z,68.0,Charge 6
2024-12-23T10:16:49Z,70.0,Charge 6
2024-12-23T10:16:52Z,70.0,Charge 6
2024-12-23T10:16:55Z,70.0,Charge 6
2024-12-23T10:16:56Z,72.0,Charge 6
2024-12-23T10:16:58Z,74.0,Charge 6
2024-12-23T10:17:00Z,75.0,Charge 6
2024-12-23T10:17:03Z,75.0,Charge 6
2024-12-23T10:17:04Z,76.0,Charge 6
2024-12-23T10:17:07Z,76.0,Charge 6
2024-12-23T10:17:08Z,75.0,Charge 6
2024-12-23T10:17:11Z,75.0,Charge 6
2024-12-23T10:17:14Z,75.0,Charge 6
2024-12-23T10:17:16Z,74.0,Charge 6
2024-12-23T10:17:19Z,74.0,Charge 6
2024-12-23T10:17:22Z,74.0,Charge 6
2024-12-23T10:17:23Z,75.0,Charge 6
2024-12-23T10:17:25Z,77.0,Charge 6
2024-12-23T10:17:28Z,77.0,Charge 6
2024-12-23T10:17:29Z,79.0,Charge 6
2024-12-23T10:17:31Z,81.0,Charge 6
2024-12-23T10:17:33Z,77.0,Charge 6
2024-12-23T10:17:36Z,77.0,Charge 6
2024-12-23T10:17:37Z,78.0,Charge 6
2024-12-23T10:17:39Z,77.0,Charge 6
2024-12-23T10:17:41Z,76.0,Charge 6
2024-12-23T10:17:44Z,76.0,Charge 6
2024-12-23T10:17:46Z,77.0,Charge 6
2024-12-23T10:17:49Z,77.0,Charge 6
2024-12-23T10:17:52Z,77.0,Charge 6
2024-12-23T10:17:54Z,76.0,Charge 6
2024-12-23T10:17:57Z,76.0,Charge 6
2024-12-23T10:18:00Z,77.0,Charge 6
2024-12-23T10:18:03Z,77.0,Charge 6
2024-12-23T10:18:04Z,76.0,Charge 6
2024-12-23T10:18:06Z,76.0,Charge 6
2024-12-23T10:18:08Z,75.0,Charge 6
2024-12-23T10:18:11Z,75.0,Charge 6
2024-12-23T10:18:14Z,75.0,Charge 6
2024-12-23T10:18:17Z,76.0,Charge 6
2024-12-23T10:18:19Z,75.0,Charge 6
2024-12-23T10:18:21Z,74.0,Charge 6
2024-12-23T10:18:24Z,74.0,Charge 6
2024-12-23T10:18:27Z,74.0,Charge 6
2024-12-23T10:18:29Z,76.0,Charge 6
2024-12-23T10:18:32Z,77.0,Charge 6
2024-12-23T10:18:34Z,78.0,Charge 6
2024-12-23T10:18:36Z,79.0,Charge 6
2024-12-23T10:18:38Z,80.0,Charge 6
2024-12-23T10:18:41Z,80.0,Charge 6
2024-12-23T10:18:42Z,81.0,Charge 6
2024-12-23T10:18:45Z,81.0,Charge 6
2024-12-23T10:18:46Z,80.0,Charge 6
2024-12-23T10:18:49Z,80.0,Charge 6
2024-12-23T10:18:50Z,79.0,Charge 6
2024-12-23T10:18:52Z,78.0,Charge 6
2024-12-23T10:18:55Z,78.0,Charge 6
2024-12-23T10:18:56Z,77.0,Charge 6
2024-12-23T10:18:57Z,76.0,Charge 6
2024-12-23T10:19:00Z,76.0,Charge 6
2024-12-23T10:19:03Z,75.0,Charge 6
2024-12-23T10:19:06Z,75.0,Charge 6
2024-12-23T10:19:07Z,76.0,Charge 6
2024-12-23T10:19:10Z,76.0,Charge 6
2024-12-23T10:19:13Z,75.0,Charge 6
2024-12-23T10:19:15Z,74.0,Charge 6
2024-12-23T10:19:18Z,74.0,Charge 6
2024-12-23T10:19:21Z,74.0,Charge 6
2024-12-23T10:19:24Z,74.0,Charge 6
2024-12-23T10:19:27Z,74.0,Charge 6
2024-12-23T10:19:28Z,75.0,Charge 6
2024-12-23T10:19:30Z,76.0,Charge 6
2024-12-23T10:19:33Z,76.0,Charge 6
2024-12-23T10:19:34Z,77.0,Charge 6
2024-12-23T10:19:37Z,77.0,Charge 6
2024-12-23T10:19:40Z,77.0,Charge 6
2024-12-23T10:19:43Z,77.0,Charge 6
2024-12-23T10:19:46Z,77.0,Charge 6
2024-12-23T10:19:47Z,78.0,Charge 6
2024-12-23T10:19:50Z,78.0,Charge 6
2024-12-23T10:19:53Z,78.0,Charge 6
2024-12-23T10:19:56Z,78.0,Charge 6
2024-12-23T10:19:57Z,78.0,Charge 6
2024-12-23T10:20:00Z,78.0,Charge 6
2024-12-23T10:20:03Z,78.0,Charge 6
2024-12-23T10:20:05Z,77.0,Charge 6
2024-12-23T10:20:07Z,76.0,Charge 6
2024-12-23T10:20:08Z,77.0,Charge 6
2024-12-23T10:20:10Z,76.0,Charge 6
2024-12-23T10:20:12Z,77.0,Charge 6
2024-12-23T10:20:14Z,78.0,Charge 6
2024-12-23T10:20:17Z,78.0,Charge 6
2024-12-23T10:20:20Z,78.0,Charge 6
2024-12-23T10:20:22Z,77.0,Charge 6
2024-12-23T10:20:25Z,76.0,Charge 6
2024-12-23T10:20:28Z,76.0,Charge 6
2024-12-23T10:20:31Z,78.0,Charge 6
2024-12-23T10:20:34Z,78.0,Charge 6
2024-12-23T10:20:37Z,78.0,Charge 6
2024-12-23T10:20:39Z,77.0,Charge 6
2024-12-23T10:20:41Z,76.0,Charge 6
2024-12-23T10:20:44Z,76.0,Charge 6
2024-12-23T10:20:47Z,76.0,Charge 6
2024-12-23T10:20:50Z,75.0,Charge 6
2024-12-23T10:20:53Z,75.0,Charge 6
2024-12-23T10:20:54Z,74.0,Charge 6
2024-12-23T10:20:57Z,74.0,Charge 6
2024-12-23T10:21:00Z,74.0,Charge 6
2024-12-23T10:21:03Z,74.0,Charge 6
2024-12-23T10:21:06Z,74.0,Charge 6
2024-12-23T10:21:08Z,73.0,Charge 6
2024-12-23T10:21:11Z,73.0,Charge 6
2024-12-23T10:21:13Z,74.0,Charge 6
2024-12-23T10:21:16Z,74.0,Charge 6
2024-12-23T10:21:19Z,74.0,Charge 6
2024-12-23T10:21:22Z,74.0,Charge 6
2024-12-23T10:21:23Z,74.0,Charge 6
2024-12-23T10:21:26Z,74.0,Charge 6
2024-12-23T10:21:29Z,74.0,Charge 6
2024-12-23T10:21:32Z,74.0,Charge 6
2024-12-23T10:21:35Z,75.0,Charge 6
2024-12-23T10:21:37Z,76.0,Charge 6
2024-12-23T10:21:40Z,76.0,Charge 6
2024-12-23T10:21:43Z,76.0,Charge 6
2024-12-23T10:21:44Z,77.0,Charge 6
2024-12-23T10:21:47Z,77.0,Charge 6
2024-12-23T10:21:50Z,77.0,Charge 6
2024-12-23T10:21:53Z,77.0,Charge 6
2024-12-23T10:21:56Z,77.0,Charge 6
2024-12-23T10:21:58Z,75.0,Charge 6
2024-12-23T10:22:01Z,74.0,Charge 6
2024-12-23T10:22:03Z,73.0,Charge 6
2024-12-23T10:22:05Z,74.0,Charge 6
2024-12-23T10:22:08Z,74.0,Charge 6
2024-12-23T10:22:11Z,74.0,Charge 6
2024-12-23T10:22:14Z,74.0,Charge 6
2024-12-23T10:22:15Z,73.0,Charge 6
2024-12-23T10:22:18Z,73.0,Charge 6
2024-12-23T10:22:19Z,72.0,Charge 6
2024-12-23T10:22:22Z,72.0,Charge 6
2024-12-23T10:22:25Z,72.0,Charge 6
2024-12-23T10:22:28Z,72.0,Charge 6
2024-12-23T10:22:31Z,72.0,Charge 6
2024-12-23T10:22:32Z,72.0,Charge 6
2024-12-23T10:22:35Z,72.0,Charge 6
2024-12-23T10:22:36Z,70.0,Charge 6
2024-12-23T10:22:39Z,70.0,Charge 6
2024-12-23T10:22:42Z,71.0,Charge 6
2024-12-23T10:22:44Z,73.0,Charge 6
2024-12-23T10:22:46Z,74.0,Charge 6
2024-12-23T10:22:48Z,78.0,Charge 6
2024-12-23T10:22:49Z,81.0,Charge 6
2024-12-23T10:22:51Z,83.0,Charge 6
2024-12-23T10:22:53Z,84.0,Charge 6
2024-12-23T10:22:56Z,84.0,Charge 6
2024-12-23T10:22:57Z,85.0,Charge 6
2024-12-23T10:22:59Z,90.0,Charge 6
2024-12-23T10:23:01Z,95.0,Charge 6
2024-12-23T10:23:03Z,96.0,Charge 6
2024-12-23T10:23:05Z,94.0,Charge 6
2024-12-23T10:23:07Z,89.0,Charge 6
2024-12-23T10:23:09Z,87.0,Charge 6
2024-12-23T10:23:11Z,85.0,Charge 6
2024-12-23T10:23:13Z,84.0,Charge 6
2024-12-23T10:23:16Z,84.0,Charge 6
2024-12-23T10:23:18Z,86.0,Charge 6
2024-12-23T10:23:20Z,89.0,Charge 6
2024-12-23T10:23:22Z,90.0,Charge 6
2024-12-23T10:23:24Z,92.0,Charge 6
2024-12-23T10:23:26Z,93.0,Charge 6
2024-12-23T10:23:28Z,93.0,Charge 6
2024-12-23T10:23:30Z,90.0,Charge 6
2024-12-23T10:23:33Z,90.0,Charge 6
2024-12-23T10:23:34Z,92.0,Charge 6
2024-12-23T10:23:37Z,91.0,Charge 6
2024-12-23T10:23:39Z,90.0,Charge 6
2024-12-23T10:23:41Z,88.0,Charge 6
2024-12-23T10:23:43Z,87.0,Charge 6
2024-12-23T10:23:45Z,86.0,Charge 6
2024-12-23T10:23:48Z,86.0,Charge 6
2024-12-23T10:23:51Z,88.0,Charge 6
2024-12-23T10:23:54Z,88.0,Charge 6
2024-12-23T10:23:57Z,89.0,Charge 6
2024-12-23T10:24:00Z,89.0,Charge 6
2024-12-23T10:24:01Z,90.0,Charge 6
2024-12-23T10:24:02Z,91.0,Charge 6
2024-12-23T10:24:04Z,92.0,Charge 6
2024-12-23T10:24:06Z,93.0,Charge 6
2024-12-23T10:24:09Z,93.0,Charge 6
2024-12-23T10:24:10Z,91.0,Charge 6
2024-12-23T10:24:12Z,92.0,Charge 6
2024-12-23T10:24:14Z,93.0,Charge 6
2024-12-23T10:24:17Z,93.0,Charge 6
2024-12-23T10:24:20Z,92.0,Charge 6
2024-12-23T10:24:22Z,90.0,Charge 6
2024-12-23T10:24:25Z,91.0,Charge 6
2024-12-23T10:24:28Z,91.0,Charge 6
2024-12-23T10:24:29Z,89.0,Charge 6
2024-12-23T10:24:31Z,87.0,Charge 6
2024-12-23T10:24:33Z,88.0,Charge 6
2024-12-23T10:24:36Z,88.0,Charge 6
2024-12-23T10:24:37Z,86.0,Charge 6
2024-12-23T10:24:39Z,84.0,Charge 6
2024-12-23T10:24:41Z,82.0,Charge 6
2024-12-23T10:24:43Z,80.0,Charge 6
2024-12-23T10:24:45Z,81.0,Charge 6
2024-12-23T10:24:47Z,82.0,Charge 6
2024-12-23T10:24:50Z,82.0,Charge 6
2024-12-23T10:24:53Z,82.0,Charge 6
2024-12-23T10:24:56Z,82.0,Charge 6
2024-12-23T10:24:58Z,83.0,Charge 6
2024-12-23T10:25:01Z,83.0,Charge 6
2024-12-23T10:25:02Z,88.0,Charge 6
2024-12-23T10:25:04Z,90.0,Charge 6
2024-12-23T10:25:07Z,90.0,Charge 6
2024-12-23T10:25:10Z,91.0,Charge 6
2024-12-23T10:25:12Z,89.0,Charge 6
2024-12-23T10:25:13Z,90.0,Charge 6
2024-12-23T10:25:15Z,90.0,Charge 6
2024-12-23T10:25:17Z,88.0,Charge 6
2024-12-23T10:25:19Z,85.0,Charge 6
2024-12-23T10:25:21Z,84.0,Charge 6
2024-12-23T10:25:23Z,85.0,Charge 6
2024-12-23T10:25:26Z,85.0,Charge 6
2024-12-23T10:25:27Z,85.0,Charge 6
2024-12-23T10:25:29Z,86.0,Charge 6
2024-12-23T10:25:31Z,85.0,Charge 6
2024-12-23T10:25:34Z,85.0,Charge 6
2024-12-23T10:25:35Z,86.0,Charge 6
2024-12-23T10:25:37Z,87.0,Charge 6
2024-12-23T10:25:40Z,88.0,Charge 6
2024-12-23T10:25:43Z,88.0,Charge 6
2024-12-23T10:25:46Z,86.0,Charge 6
2024-12-23T10:25:48Z,87.0,Charge 6
2024-12-23T10:25:50Z,86.0,Charge 6
2024-12-23T10:25:52Z,85.0,Charge 6
2024-12-23T10:25:54Z,86.0,Charge 6
2024-12-23T10:25:57Z,86.0,Charge 6
2024-12-23T10:25:58Z,85.0,Charge 6
2024-12-23T10:26:00Z,84.0,Charge 6
2024-12-23T10:26:01Z,83.0,Charge 6
2024-12-23T10:26:04Z,83.0,Charge 6
2024-12-23T10:26:05Z,84.0,Charge 6
2024-12-23T10:26:07Z,85.0,Charge 6
2024-12-23T10:26:09Z,84.0,Charge 6
2024-12-23T10:26:12Z,84.0,Charge 6
2024-12-23T10:26:13Z,82.0,Charge 6
2024-12-23T10:26:16Z,82.0,Charge 6
2024-12-23T10:26:17Z,81.0,Charge 6
2024-12-23T10:26:20Z,81.0,Charge 6
2024-12-23T10:26:21Z,82.0,Charge 6
2024-12-23T10:26:23Z,85.0,Charge 6
2024-12-23T10:26:25Z,86.0,Charge 6
2024-12-23T10:26:26Z,93.0,Charge 6
2024-12-23T10:26:28Z,94.0,Charge 6
2024-12-23T10:26:30Z,91.0,Charge 6
2024-12-23T10:26:33Z,91.0,Charge 6
2024-12-23T10:26:34Z,89.0,Charge 6
2024-12-23T10:26:37Z,89.0,Charge 6
2024-12-23T10:26:38Z,88.0,Charge 6
2024-12-23T10:26:40Z,89.0,Charge 6
2024-12-23T10:26:42Z,90.0,Charge 6
2024-12-23T10:26:44Z,91.0,Charge 6
2024-12-23T10:26:47Z,91.0,Charge 6
2024-12-23T10:26:50Z,91.0,Charge 6
2024-12-23T10:26:53Z,90.0,Charge 6
2024-12-23T10:26:55Z,89.0,Charge 6
2024-12-23T10:26:58Z,89.0,Charge 6
2024-12-23T10:26:59Z,88.0,Charge 6
2024-12-23T10:27:01Z,86.0,Charge 6
2024-12-23T10:27:03Z,87.0,Charge 6
2024-12-23T10:27:06Z,87.0,Charge 6
2024-12-23T10:27:07Z,88.0,Charge 6
2024-12-23T10:27:10Z,88.0,Charge 6
2024-12-23T10:27:13Z,88.0,Charge 6
2024-12-23T10:27:14Z,88.0,Charge 6
2024-12-23T10:27:17Z,88.0,Charge 6
2024-12-23T10:27:18Z,87.0,Charge 6
2024-12-23T10:27:20Z,88.0,Charge 6
2024-12-23T10:27:23Z,88.0,Charge 6
2024-12-23T10:27:24Z,86.0,Charge 6
2024-12-23T10:27:26Z,87.0,Charge 6
2024-12-23T10:27:29Z,87.0,Charge 6
2024-12-23T10:27:30Z,85.0,Charge 6
2024-12-23T10:27:32Z,86.0,Charge 6
2024-12-23T10:27:34Z,87.0,Charge 6
2024-12-23T10:27:36Z,86.0,Charge 6
2024-12-23T10:27:37Z,87.0,Charge 6
2024-12-23T10:27:40Z,87.0,Charge 6
2024-12-23T10:27:41Z,86.0,Charge 6
2024-12-23T10:27:43Z,85.0,Charge 6
2024-12-23T10:27:46Z,85.0,Charge 6
2024-12-23T10:27:47Z,84.0,Charge 6
2024-12-23T10:27:50Z,84.0,Charge 6
2024-12-23T10:27:53Z,84.0,Charge 6
2024-12-23T10:27:56Z,84.0,Charge 6
2024-12-23T10:27:57Z,83.0,Charge 6
2024-12-23T10:27:59Z,82.0,Charge 6
2024-12-23T10:28:02Z,82.0,Charge 6
2024-12-23T10:28:04Z,81.0,Charge 6
2024-12-23T10:28:06Z,81.0,Charge 6
2024-12-23T10:28:08Z,80.0,Charge 6
2024-12-23T10:28:11Z,80.0,Charge 6
2024-12-23T10:28:14Z,80.0,Charge 6
2024-12-23T10:28:17Z,80.0,Charge 6
2024-12-23T10:28:18Z,80.0,Charge 6
2024-12-23T10:28:21Z,80.0,Charge 6
2024-12-23T10:28:22Z,78.0,Charge 6
2024-12-23T10:28:24Z,77.0,Charge 6
2024-12-23T10:28:25Z,76.0,Charge 6
2024-12-23T10:28:27Z,77.0,Charge 6
2024-12-23T10:28:30Z,77.0,Charge 6
2024-12-23T10:28:33Z,76.0,Charge 6
2024-12-23T10:28:36Z,76.0,Charge 6
2024-12-23T10:28:37Z,77.0,Charge 6
2024-12-23T10:28:40Z,77.0,Charge 6
2024-12-23T10:28:41Z,76.0,Charge 6
2024-12-23T10:28:44Z,76.0,Charge 6
2024-12-23T10:28:45Z,74.0,Charge 6
2024-12-23T10:28:48Z,74.0,Charge 6
2024-12-23T10:28:50Z,75.0,Charge 6
2024-12-23T10:28:52Z,77.0,Charge 6
2024-12-23T10:28:54Z,80.0,Charge 6
2024-12-23T10:28:56Z,82.0,Charge 6
2024-12-23T10:28:59Z,82.0,Charge 6
2024-12-23T10:29:02Z,80.0,Charge 6
2024-12-23T10:29:04Z,77.0,Charge 6
2024-12-23T10:29:06Z,77.0,Charge 6
2024-12-23T10:29:08Z,76.0,Charge 6
2024-12-23T10:29:11Z,76.0,Charge 6
2024-12-23T10:29:12Z,75.0,Charge 6
2024-12-23T10:29:13Z,74.0,Charge 6
2024-12-23T10:29:15Z,74.0,Charge 6
2024-12-23T10:29:18Z,74.0,Charge 6
2024-12-23T10:29:21Z,75.0,Charge 6
2024-12-23T10:29:23Z,74.0,Charge 6
2024-12-23T10:29:26Z,74.0,Charge 6
2024-12-23T10:29:29Z,76.0,Charge 6
2024-12-23T10:29:31Z,77.0,Charge 6
2024-12-23T10:29:34Z,77.0,Charge 6
2024-12-23T10:29:35Z,76.0,Charge 6
2024-12-23T10:29:37Z,75.0,Charge 6
2024-12-23T10:29:38Z,71.0,Charge 6
2024-12-23T10:29:40Z,72.0,Charge 6
2024-12-23T10:29:42Z,73.0,Charge 6
2024-12-23T10:29:44Z,71.0,Charge 6
2024-12-23T10:29:46Z,73.0,Charge 6
2024-12-23T10:29:48Z,76.0,Charge 6
2024-12-23T10:29:50Z,78.0,Charge 6
2024-12-23T10:29:52Z,80.0,Charge 6
2024-12-23T10:29:54Z,79.0,Charge 6
2024-12-23T10:29:56Z,78.0,Charge 6
2024-12-23T10:29:58Z,77.0,Charge 6
2024-12-23T10:30:01Z,76.0,Charge 6
2024-12-23T10:30:03Z,74.0,Charge 6
2024-12-23T10:30:05Z,73.0,Charge 6
2024-12-23T10:30:08Z,73.0,Charge 6
2024-12-23T10:30:11Z,72.0,Charge 6
2024-12-23T10:30:14Z,72.0,Charge 6
2024-12-23T10:30:15Z,71.0,Charge 6
2024-12-23T10:30:17Z,70.0,Charge 6
2024-12-23T10:30:19Z,70.0,Charge 6
2024-12-23T10:30:22Z,70.0,Charge 6
2024-12-23T10:30:25Z,70.0,Charge 6
2024-12-23T10:30:28Z,70.0,Charge 6
2024-12-23T10:30:30Z,71.0,Charge 6
2024-12-23T10:30:32Z,72.0,Charge 6
2024-12-23T10:30:34Z,71.0,Charge 6
2024-12-23T10:30:36Z,70.0,Charge 6
2024-12-23T10:30:39Z,70.0,Charge 6
2024-12-23T10:30:40Z,71.0,Charge 6
2024-12-23T10:30:42Z,72.0,Charge 6
2024-12-23T10:30:44Z,71.0,Charge 6
2024-12-23T10:30:47Z,71.0,Charge 6
2024-12-23T10:30:49Z,72.0,Charge 6
2024-12-23T10:30:51Z,71.0,Charge 6
2024-12-23T10:30:54Z,71.0,Charge 6
2024-12-23T10:30:55Z,72.0,Charge 6
2024-12-23T10:30:57Z,71.0,Charge 6
2024-12-23T10:30:59Z,70.0,Charge 6
2024-12-23T10:31:01Z,71.0,Charge 6
2024-12-23T10:31:03Z,72.0,Charge 6
2024-12-23T10:31:06Z,72.0,Charge 6
2024-12-23T10:31:09Z,72.0,Charge 6
2024-12-23T10:31:12Z,72.0,Charge 6
2024-12-23T10:31:14Z,73.0,Charge 6
2024-12-23T10:31:16Z,73.0,Charge 6
2024-12-23T10:31:18Z,74.0,Charge 6
2024-12-23T10:31:20Z,75.0,Charge 6
2024-12-23T10:31:22Z,76.0,Charge 6
2024-12-23T10:31:25Z,76.0,Charge 6
2024-12-23T10:31:28Z,75.0,Charge 6
2024-12-23T10:31:30Z,74.0,Charge 6
2024-12-23T10:31:32Z,75.0,Charge 6
2024-12-23T10:31:34Z,76.0,Charge 6
2024-12-23T10:31:37Z,75.0,Charge 6
2024-12-23T10:31:39Z,76.0,Charge 6
2024-12-23T10:31:42Z,76.0,Charge 6
2024-12-23T10:31:45Z,77.0,Charge 6
2024-12-23T10:31:47Z,78.0,Charge 6
2024-12-23T10:31:50Z,78.0,Charge 6
2024-12-23T10:31:51Z,77.0,Charge 6
2024-12-23T10:31:53Z,76.0,Charge 6
2024-12-23T10:31:55Z,75.0,Charge 6
2024-12-23T10:31:57Z,74.0,Charge 6
2024-12-23T10:31:59Z,73.0,Charge 6
2024-12-23T10:32:01Z,74.0,Charge 6
2024-12-23T10:32:04Z,73.0,Charge 6
2024-12-23T10:32:06Z,72.0,Charge 6
2024-12-23T10:32:09Z,72.0,Charge 6
2024-12-23T10:32:10Z,73.0,Charge 6
2024-12-23T10:32:12Z,74.0,Charge 6
2024-12-23T10:32:14Z,73.0,Charge 6
2024-12-23T10:32:16Z,73.0,Charge 6
2024-12-23T10:32:18Z,72.0,Charge 6
2024-12-23T10:32:21Z,72.0,Charge 6
2024-12-23T10:32:24Z,72.0,Charge 6
2024-12-23T10:32:25Z,72.0,Charge 6
2024-12-23T10:32:27Z,72.0,Charge 6
2024-12-23T10:32:29Z,71.0,Charge 6
2024-12-23T10:32:32Z,71.0,Charge 6
2024-12-23T10:32:35Z,71.0,Charge 6
2024-12-23T10:32:37Z,70.0,Charge 6
2024-12-23T10:32:39Z,70.0,Charge 6
2024-12-23T10:32:41Z,72.0,Charge 6
2024-12-23T10:32:44Z,72.0,Charge 6
2024-12-23T10:32:47Z,71.0,Charge 6
2024-12-23T10:32:50Z,72.0,Charge 6
2024-12-23T10:32:53Z,72.0,Charge 6
2024-12-23T10:32:56Z,72.0,Charge 6
2024-12-23T10:32:58Z,73.0,Charge 6
2024-12-23T10:33:00Z,74.0,Charge 6
2024-12-23T10:33:02Z,76.0,Charge 6
2024-12-23T10:33:05Z,76.0,Charge 6
2024-12-23T10:33:06Z,77.0,Charge 6
2024-12-23T10:33:08Z,78.0,Charge 6
2024-12-23T10:33:10Z,77.0,Charge 6
2024-12-23T10:33:13Z,77.0,Charge 6
2024-12-23T10:33:16Z,77.0,Charge 6
2024-12-23T10:33:19Z,76.0,Charge 6
2024-12-23T10:33:21Z,76.0,Charge 6
2024-12-23T10:33:23Z,75.0,Charge 6
2024-12-23T10:33:26Z,75.0,Charge 6
2024-12-23T10:33:27Z,74.0,Charge 6
2024-12-23T10:33:30Z,74.0,Charge 6
2024-12-23T10:33:33Z,74.0,Charge 6
2024-12-23T10:33:36Z,74.0,Charge 6
2024-12-23T10:33:39Z,74.0,Charge 6
2024-12-23T10:33:42Z,73.0,Charge 6
2024-12-23T10:33:45Z,73.0,Charge 6
2024-12-23T10:33:48Z,72.0,Charge 6
2024-12-23T10:33:51Z,72.0,Charge 6
2024-12-23T10:33:52Z,70.0,Charge 6
2024-12-23T10:33:55Z,70.0,Charge 6
2024-12-23T10:33:58Z,69.0,Charge 6
2024-12-23T10:34:01Z,68.0,Charge 6
2024-12-23T10:34:04Z,68.0,Charge 6
2024-12-23T10:34:07Z,68.0,Charge 6
2024-12-23T10:34:10Z,68.0,Charge 6
2024-12-23T10:34:11Z,67.0,Charge 6
2024-12-23T10:34:14Z,67.0,Charge 6
2024-12-23T10:34:15Z,68.0,Charge 6
2024-12-23T10:34:18Z,68.0,Charge 6
2024-12-23T10:34:21Z,67.0,Charge 6
2024-12-23T10:34:23Z,66.0,Charge 6
2024-12-23T10:34:25Z,67.0,Charge 6
2024-12-23T10:34:26Z,68.0,Charge 6
2024-12-23T10:34:28Z,69.0,Charge 6
2024-12-23T10:34:30Z,71.0,Charge 6
2024-12-23T10:34:32Z,72.0,Charge 6
2024-12-23T10:34:34Z,74.0,Charge 6
2024-12-23T10:34:37Z,74.0,Charge 6
2024-12-23T10:34:38Z,73.0,Charge 6
2024-12-23T10:34:40Z,72.0,Charge 6
2024-12-23T10:34:43Z,72.0,Charge 6
2024-12-23T10:34:46Z,72.0,Charge 6
2024-12-23T10:34:49Z,72.0,Charge 6
2024-12-23T10:34:52Z,72.0,Charge 6
2024-12-23T10:34:55Z,72.0,Charge 6
2024-12-23T10:34:57Z,70.0,Charge 6
2024-12-23T10:35:00Z,70.0,Charge 6
2024-12-23T10:35:03Z,70.0,Charge 6
2024-12-23T10:35:06Z,70.0,Charge 6
2024-12-23T10:35:09Z,70.0,Charge 6
2024-12-23T10:35:12Z,70.0,Charge 6
2024-12-23T10:35:15Z,70.0,Charge 6
2024-12-23T10:35:16Z,69.0,Charge 6
2024-12-23T10:35:19Z,69.0,Charge 6
2024-12-23T10:35:20Z,70.0,Charge 6
2024-12-23T10:35:23Z,70.0,Charge 6
2024-12-23T10:35:26Z,70.0,Charge 6
2024-12-23T10:35:29Z,70.0,Charge 6
2024-12-23T10:35:32Z,70.0,Charge 6
2024-12-23T10:35:34Z,69.0,Charge 6
2024-12-23T10:35:35Z,68.0,Charge 6
2024-12-23T10:35:37Z,69.0,Charge 6
2024-12-23T10:35:38Z,70.0,Charge 6
2024-12-23T10:35:41Z,70.0,Charge 6
2024-12-23T10:35:42Z,71.0,Charge 6
2024-12-23T10:35:45Z,71.0,Charge 6
2024-12-23T10:35:46Z,72.0,Charge 6
2024-12-23T10:35:49Z,72.0,Charge 6
2024-12-23T10:35:50Z,73.0,Charge 6
2024-12-23T10:35:53Z,73.0,Charge 6
2024-12-23T10:35:54Z,72.0,Charge 6
2024-12-23T10:35:57Z,72.0,Charge 6
2024-12-23T10:36:00Z,72.0,Charge 6
2024-12-23T10:36:02Z,73.0,Charge 6
2024-12-23T10:36:03Z,74.0,Charge 6
2024-12-23T10:36:05Z,75.0,Charge 6
2024-12-23T10:36:07Z,76.0,Charge 6
2024-12-23T10:36:10Z,76.0,Charge 6
2024-12-23T10:36:11Z,75.0,Charge 6
2024-12-23T10:36:13Z,74.0,Charge 6
2024-12-23T10:36:16Z,74.0,Charge 6
2024-12-23T10:36:19Z,74.0,Charge 6
2024-12-23T10:36:22Z,74.0,Charge 6
2024-12-23T10:36:23Z,72.0,Charge 6
2024-12-23T10:36:26Z,72.0,Charge 6
2024-12-23T10:36:29Z,72.0,Charge 6
2024-12-23T10:36:32Z,72.0,Charge 6
2024-12-23T10:36:34Z,71.0,Charge 6
2024-12-23T10:36:36Z,70.0,Charge 6
2024-12-23T10:36:38Z,71.0,Charge 6
2024-12-23T10:36:41Z,71.0,Charge 6
2024-12-23T10:36:44Z,70.0,Charge 6
2024-12-23T10:36:47Z,70.0,Charge 6
2024-12-23T10:36:50Z,70.0,Charge 6
2024-12-23T10:36:53Z,70.0,Charge 6
2024-12-23T10:36:56Z,70.0,Charge 6
2024-12-23T10:36:59Z,70.0,Charge 6
2024-12-23T10:37:01Z,71.0,Charge 6
2024-12-23T10:37:03Z,72.0,Charge 6
2024-12-23T10:37:06Z,72.0,Charge 6
2024-12-23T10:37:09Z,72.0,Charge 6
2024-12-23T10:37:11Z,74.0,Charge 6
2024-12-23T10:37:13Z,76.0,Charge 6
2024-12-23T10:37:14Z,78.0,Charge 6
2024-12-23T10:37:16Z,79.0,Charge 6
2024-12-23T10:37:19Z,79.0,Charge 6
2024-12-23T10:37:20Z,78.0,Charge 6
2024-12-23T10:37:22Z,77.0,Charge 6
2024-12-23T10:37:24Z,76.0,Charge 6
2024-12-23T10:37:27Z,76.0,Charge 6
2024-12-23T10:37:28Z,76.0,Charge 6
2024-12-23T10:37:30Z,74.0,Charge 6
2024-12-23T10:37:33Z,74.0,Charge 6
2024-12-23T10:37:34Z,73.0,Charge 6
2024-12-23T10:37:36Z,73.0,Charge 6
2024-12-23T10:37:38Z,72.0,Charge 6
2024-12-23T10:37:39Z,73.0,Charge 6
2024-12-23T10:37:41Z,74.0,Charge 6
2024-12-23T10:37:44Z,74.0,Charge 6
2024-12-23T10:37:45Z,76.0,Charge 6
2024-12-23T10:37:47Z,77.0,Charge 6
2024-12-23T10:37:49Z,78.0,Charge 6
2024-12-23T10:37:51Z,79.0,Charge 6
2024-12-23T10:37:53Z,81.0,Charge 6
2024-12-23T10:37:55Z,82.0,Charge 6
2024-12-23T10:37:58Z,82.0,Charge 6
2024-12-23T10:37:59Z,81.0,Charge 6
2024-12-23T10:38:01Z,80.0,Charge 6
2024-12-23T10:38:02Z,80.0,Charge 6
2024-12-23T10:38:04Z,81.0,Charge 6
2024-12-23T10:38:06Z,82.0,Charge 6
2024-12-23T10:38:08Z,83.0,Charge 6
2024-12-23T10:38:10Z,84.0,Charge 6
2024-12-23T10:38:13Z,84.0,Charge 6
2024-12-23T10:38:16Z,82.0,Charge 6
2024-12-23T10:38:18Z,81.0,Charge 6
2024-12-23T10:38:20Z,80.0,Charge 6
2024-12-23T10:38:22Z,80.0,Charge 6
2024-12-23T10:38:24Z,79.0,Charge 6
2024-12-23T10:38:27Z,80.0,Charge 6
2024-12-23T10:38:30Z,80.0,Charge 6
2024-12-23T10:38:31Z,80.0,Charge 6
2024-12-23T10:38:33Z,80.0,Charge 6
2024-12-23T10:38:36Z,80.0,Charge 6
2024-12-23T10:38:37Z,78.0,Charge 6
2024-12-23T10:38:40Z,78.0,Charge 6
2024-12-23T10:38:43Z,78.0,Charge 6
2024-12-23T10:38:46Z,78.0,Charge 6
2024-12-23T10:38:49Z,77.0,Charge 6
2024-12-23T10:38:50Z,76.0,Charge 6
2024-12-23T10:38:52Z,74.0,Charge 6
2024-12-23T10:38:54Z,75.0,Charge 6
2024-12-23T10:38:56Z,76.0,Charge 6
2024-12-23T10:38:59Z,76.0,Charge 6
2024-12-23T10:39:02Z,74.0,Charge 6
2024-12-23T10:39:05Z,74.0,Charge 6
2024-12-23T10:39:08Z,76.0,Charge 6
2024-12-23T10:39:10Z,78.0,Charge 6
2024-12-23T10:39:12Z,79.0,Charge 6
2024-12-23T10:39:14Z,78.0,Charge 6
2024-12-23T10:39:17Z,78.0,Charge 6
2024-12-23T10:39:20Z,78.0,Charge 6
2024-12-23T10:39:21Z,78.0,Charge 6
2024-12-23T10:39:24Z,78.0,Charge 6
2024-12-23T10:39:25Z,77.0,Charge 6
2024-12-23T10:39:27Z,75.0,Charge 6
2024-12-23T10:39:29Z,74.0,Charge 6
2024-12-23T10:39:31Z,73.0,Charge 6
2024-12-23T10:39:33Z,73.0,Charge 6
2024-12-23T10:39:35Z,74.0,Charge 6
2024-12-23T10:39:37Z,76.0,Charge 6
2024-12-23T10:39:40Z,76.0,Charge 6
2024-12-23T10:39:43Z,76.0,Charge 6
2024-12-23T10:39:44Z,76.0,Charge 6
2024-12-23T10:39:46Z,76.0,Charge 6
2024-12-23T10:39:49Z,76.0,Charge 6
2024-12-23T10:39:50Z,75.0,Charge 6
2024-12-23T10:39:52Z,74.0,Charge 6
2024-12-23T10:39:54Z,74.0,Charge 6
2024-12-23T10:39:57Z,74.0,Charge 6
2024-12-23T10:40:00Z,76.0,Charge 6
2024-12-23T10:40:03Z,77.0,Charge 6
2024-12-23T10:40:05Z,78.0,Charge 6
2024-12-23T10:40:07Z,79.0,Charge 6
2024-12-23T10:40:10Z,79.0,Charge 6
2024-12-23T10:40:11Z,80.0,Charge 6
2024-12-23T10:40:13Z,81.0,Charge 6
2024-12-23T10:40:15Z,82.0,Charge 6
2024-12-23T10:40:17Z,84.0,Charge 6
2024-12-23T10:40:19Z,83.0,Charge 6
2024-12-23T10:40:21Z,80.0,Charge 6
2024-12-23T10:40:23Z,78.0,Charge 6
2024-12-23T10:40:25Z,77.0,Charge 6
2024-12-23T10:40:26Z,76.0,Charge 6
2024-12-23T10:40:28Z,76.0,Charge 6
2024-12-23T10:40:30Z,77.0,Charge 6
2024-12-23T10:40:32Z,79.0,Charge 6
2024-12-23T10:40:34Z,81.0,Charge 6
2024-12-23T10:40:36Z,82.0,Charge 6
2024-12-23T10:40:39Z,82.0,Charge 6
2024-12-23T10:40:40Z,80.0,Charge 6
2024-12-23T10:40:42Z,79.0,Charge 6
2024-12-23T10:40:44Z,78.0,Charge 6
2024-12-23T10:40:47Z,78.0,Charge 6
2024-12-23T10:40:50Z,79.0,Charge 6
2024-12-23T10:40:51Z,78.0,Charge 6
2024-12-23T10:40:53Z,77.0,Charge 6
2024-12-23T10:40:55Z,76.0,Charge 6
2024-12-23T10:40:58Z,76.0,Charge 6
2024-12-23T10:41:01Z,76.0,Charge 6
2024-12-23T10:41:04Z,76.0,Charge 6
2024-12-23T10:41:05Z,76.0,Charge 6
2024-12-23T10:41:07Z,75.0,Charge 6
2024-12-23T10:41:10Z,75.0,Charge 6
2024-12-23T10:41:11Z,74.0,Charge 6
2024-12-23T10:41:13Z,76.0,Charge 6
2024-12-23T10:41:16Z,76.0,Charge 6
2024-12-23T10:41:19Z,76.0,Charge 6
2024-12-23T10:41:22Z,77.0,Charge 6
2024-12-23T10:41:24Z,78.0,Charge 6
2024-12-23T10:41:27Z,78.0,Charge 6
2024-12-23T10:41:30Z,78.0,Charge 6
2024-12-23T10:41:32Z,78.0,Charge 6
2024-12-23T10:41:34Z,77.0,Charge 6
2024-12-23T10:41:36Z,76.0,Charge 6
2024-12-23T10:41:39Z,76.0,Charge 6
2024-12-23T10:41:41Z,76.0,Charge 6
2024-12-23T10:41:44Z,76.0,Charge 6
2024-12-23T10:41:45Z,75.0,Charge 6
2024-12-23T10:41:47Z,74.0,Charge 6
2024-12-23T10:41:50Z,74.0,Charge 6
2024-12-23T10:41:53Z,74.0,Charge 6
2024-12-23T10:41:56Z,74.0,Charge 6
2024-12-23T10:41:57Z,72.0,Charge 6
2024-12-23T10:41:59Z,71.0,Charge 6
2024-12-23T10:42:01Z,70.0,Charge 6
2024-12-23T10:42:04Z,71.0,Charge 6
2024-12-23T10:42:06Z,72.0,Charge 6
2024-12-23T10:42:09Z,72.0,Charge 6
2024-12-23T10:42:12Z,73.0,Charge 6
2024-12-23T10:42:14Z,74.0,Charge 6
2024-12-23T10:42:17Z,74.0,Charge 6
2024-12-23T10:42:18Z,74.0,Charge 6
2024-12-23T10:42:21Z,74.0,Charge 6
2024-12-23T10:42:24Z,74.0,Charge 6
2024-12-23T10:42:27Z,75.0,Charge 6
2024-12-23T10:42:29Z,76.0,Charge 6
2024-12-23T10:42:32Z,76.0,Charge 6
2024-12-23T10:42:33Z,77.0,Charge 6
2024-12-23T10:42:35Z,78.0,Charge 6
2024-12-23T10:42:38Z,78.0,Charge 6
2024-12-23T10:42:39Z,78.0,Charge 6
2024-12-23T10:42:41Z,78.0,Charge 6
2024-12-23T10:42:44Z,78.0,Charge 6
2024-12-23T10:42:45Z,78.0,Charge 6
2024-12-23T10:42:47Z,77.0,Charge 6
2024-12-23T10:42:49Z,76.0,Charge 6
2024-12-23T10:42:50Z,75.0,Charge 6
2024-12-23T10:42:52Z,74.0,Charge 6
2024-12-23T10:42:55Z,74.0,Charge 6
2024-12-23T10:42:56Z,73.0,Charge 6
2024-12-23T10:42:58Z,72.0,Charge 6
2024-12-23T10:43:01Z,72.0,Charge 6
2024-12-23T10:43:02Z,71.0,Charge 6
2024-12-23T10:43:04Z,70.0,Charge 6
2024-12-23T10:43:07Z,70.0,Charge 6
2024-12-23T10:43:10Z,69.0,Charge 6
2024-12-23T10:43:12Z,68.0,Charge 6
2024-12-23T10:43:15Z,68.0,Charge 6
2024-12-23T10:43:17Z,68.0,Charge 6
2024-12-23T10:43:19Z,68.0,Charge 6
2024-12-23T10:43:22Z,68.0,Charge 6
2024-12-23T10:43:23Z,69.0,Charge 6
2024-12-23T10:43:25Z,70.0,Charge 6
2024-12-23T10:43:27Z,70.0,Charge 6
2024-12-23T10:43:30Z,70.0,Charge 6
2024-12-23T10:43:31Z,70.0,Charge 6
2024-12-23T10:43:34Z,70.0,Charge 6
2024-12-23T10:43:37Z,68.0,Charge 6
2024-12-23T10:43:40Z,67.0,Charge 6
2024-12-23T10:43:43Z,67.0,Charge 6
2024-12-23T10:43:44Z,68.0,Charge 6
2024-12-23T10:43:47Z,68.0,Charge 6
2024-12-23T10:43:50Z,67.0,Charge 6
2024-12-23T10:43:52Z,68.0,Charge 6
2024-12-23T10:43:55Z,68.0,Charge 6
2024-12-23T10:43:56Z,70.0,Charge 6
2024-12-23T10:43:58Z,70.0,Charge 6
2024-12-23T10:44:00Z,71.0,Charge 6
2024-12-23T10:44:02Z,70.0,Charge 6
2024-12-23T10:44:03Z,71.0,Charge 6
2024-12-23T10:44:05Z,72.0,Charge 6
2024-12-23T10:44:08Z,72.0,Charge 6
2024-12-23T10:44:09Z,73.0,Charge 6
2024-12-23T10:44:11Z,74.0,Charge 6
2024-12-23T10:44:14Z,74.0,Charge 6
2024-12-23T10:44:17Z,74.0,Charge 6
2024-12-23T10:44:19Z,74.0,Charge 6
2024-12-23T10:44:21Z,76.0,Charge 6
2024-12-23T10:44:23Z,77.0,Charge 6
2024-12-23T10:44:25Z,78.0,Charge 6
2024-12-23T10:44:28Z,78.0,Charge 6
2024-12-23T10:44:31Z,78.0,Charge 6
2024-12-23T10:44:32Z,78.0,Charge 6
2024-12-23T10:44:35Z,78.0,Charge 6
2024-12-23T10:44:36Z,80.0,Charge 6
2024-12-23T10:44:38Z,83.0,Charge 6
2024-12-23T10:44:40Z,84.0,Charge 6
2024-12-23T10:44:42Z,84.0,Charge 6
2024-12-23T10:44:44Z,82.0,Charge 6
2024-12-23T10:44:46Z,80.0,Charge 6
2024-12-23T10:44:48Z,79.0,Charge 6
2024-12-23T10:44:50Z,78.0,Charge 6
2024-12-23T10:44:51Z,77.0,Charge 6
2024-12-23T10:44:53Z,76.0,Charge 6
2024-12-23T10:44:55Z,77.0,Charge 6
2024-12-23T10:44:58Z,77.0,Charge 6
2024-12-23T10:44:59Z,76.0,Charge 6
2024-12-23T10:45:01Z,75.0,Charge 6
2024-12-23T10:45:03Z,74.0,Charge 6
2024-12-23T10:45:06Z,74.0,Charge 6
2024-12-23T10:45:07Z,75.0,Charge 6
2024-12-23T10:45:09Z,76.0,Charge 6
2024-12-23T10:45:11Z,77.0,Charge 6
2024-12-23T10:45:13Z,77.0,Charge 6
2024-12-23T10:45:14Z,76.0,Charge 6
2024-12-23T10:45:16Z,75.0,Charge 6
2024-12-23T10:45:18Z,73.0,Charge 6
2024-12-23T10:45:20Z,72.0,Charge 6
2024-12-23T10:45:23Z,72.0,Charge 6
2024-12-23T10:45:24Z,72.0,Charge 6
2024-12-23T10:45:26Z,74.0,Charge 6
2024-12-23T10:45:29Z,74.0,Charge 6
2024-12-23T10:45:30Z,75.0,Charge 6
2024-12-23T10:45:32Z,76.0,Charge 6
2024-12-23T10:45:34Z,78.0,Charge 6
2024-12-23T10:45:37Z,78.0,Charge 6
2024-12-23T10:45:38Z,80.0,Charge 6
2024-12-23T10:45:41Z,80.0,Charge 6
2024-12-23T10:45:44Z,80.0,Charge 6
2024-12-23T10:45:45Z,81.0,Charge 6
2024-12-23T10:45:47Z,81.0,Charge 6
2024-12-23T10:45:49Z,80.0,Charge 6
2024-12-23T10:45:51Z,81.0,Charge 6
2024-12-23T10:45:53Z,82.0,Charge 6
2024-12-23T10:45:56Z,82.0,Charge 6
2024-12-23T10:45:57Z,84.0,Charge 6
2024-12-23T10:46:00Z,84.0,Charge 6
2024-12-23T10:46:01Z,84.0,Charge 6
2024-12-23T10:46:02Z,84.0,Charge 6
2024-12-23T10:46:04Z,82.0,Charge 6
2024-12-23T10:46:06Z,80.0,Charge 6
2024-12-23T10:46:08Z,79.0,Charge 6
2024-12-23T10:46:10Z,78.0,Charge 6
2024-12-23T10:46:12Z,78.0,Charge 6
2024-12-23T10:46:14Z,77.0,Charge 6
2024-12-23T10:46:17Z,77.0,Charge 6
2024-12-23T10:46:18Z,76.0,Charge 6
2024-12-23T10:46:21Z,76.0,Charge 6
2024-12-23T10:46:24Z,76.0,Charge 6
2024-12-23T10:46:26Z,76.0,Charge 6
2024-12-23T10:46:29Z,76.0,Charge 6
2024-12-23T10:46:31Z,75.0,Charge 6
2024-12-23T10:46:34Z,75.0,Charge 6
2024-12-23T10:46:35Z,76.0,Charge 6
2024-12-23T10:46:38Z,76.0,Charge 6
2024-12-23T10:46:41Z,76.0,Charge 6
2024-12-23T10:46:44Z,76.0,Charge 6
2024-12-23T10:46:47Z,76.0,Charge 6
2024-12-23T10:46:49Z,78.0,Charge 6
2024-12-23T10:46:50Z,78.0,Charge 6
2024-12-23T10:46:52Z,79.0,Charge 6
2024-12-23T10:46:54Z,80.0,Charge 6
2024-12-23T10:46:56Z,80.0,Charge 6
2024-12-23T10:46:59Z,80.0,Charge 6
2024-12-23T10:47:00Z,78.0,Charge 6
2024-12-23T10:47:03Z,78.0,Charge 6
2024-12-23T10:47:04Z,76.0,Charge 6
2024-12-23T10:47:07Z,76.0,Charge 6
2024-12-23T10:47:10Z,76.0,Charge 6
2024-12-23T10:47:12Z,75.0,Charge 6
2024-12-23T10:47:14Z,74.0,Charge 6
2024-12-23T10:47:17Z,74.0,Charge 6
2024-12-23T10:47:19Z,73.0,Charge 6
2024-12-23T10:47:21Z,72.0,Charge 6
2024-12-23T10:47:24Z,72.0,Charge 6
2024-12-23T10:47:25Z,73.0,Charge 6
2024-12-23T10:47:27Z,74.0,Charge 6
2024-12-23T10:47:29Z,75.0,Charge 6
2024-12-23T10:47:31Z,77.0,Charge 6
2024-12-23T10:47:33Z,78.0,Charge 6
2024-12-23T10:47:35Z,78.0,Charge 6
2024-12-23T10:47:38Z,78.0,Charge 6
2024-12-23T10:47:41Z,78.0,Charge 6
2024-12-23T10:47:44Z,78.0,Charge 6
2024-12-23T10:47:47Z,78.0,Charge 6
2024-12-23T10:47:48Z,77.0,Charge 6
2024-12-23T10:47:50Z,76.0,Charge 6
2024-12-23T10:47:53Z,76.0,Charge 6
2024-12-23T10:47:54Z,78.0,Charge 6
2024-12-23T10:47:57Z,78.0,Charge 6
2024-12-23T10:48:00Z,78.0,Charge 6
2024-12-23T10:48:02Z,76.0,Charge 6
2024-12-23T10:48:03Z,74.0,Charge 6
2024-12-23T10:48:05Z,72.0,Charge 6
2024-12-23T10:48:07Z,71.0,Charge 6
2024-12-23T10:48:09Z,70.0,Charge 6
2024-12-23T10:48:12Z,70.0,Charge 6
2024-12-23T10:48:15Z,70.0,Charge 6
2024-12-23T10:48:17Z,69.0,Charge 6
2024-12-23T10:48:19Z,68.0,Charge 6
2024-12-23T10:48:21Z,68.0,Charge 6
2024-12-23T10:48:23Z,68.0,Charge 6
2024-12-23T10:48:25Z,69.0,Charge 6
2024-12-23T10:48:26Z,69.0,Charge 6
2024-12-23T10:48:28Z,70.0,Charge 6
2024-12-23T10:48:30Z,69.0,Charge 6
2024-12-23T10:48:32Z,68.0,Charge 6
2024-12-23T10:48:35Z,68.0,Charge 6
2024-12-23T10:48:38Z,68.0,Charge 6
2024-12-23T10:48:41Z,68.0,Charge 6
2024-12-23T10:48:44Z,68.0,Charge 6
2024-12-23T10:48:46Z,67.0,Charge 6
2024-12-23T10:48:49Z,67.0,Charge 6
2024-12-23T10:48:50Z,67.0,Charge 6
2024-12-23T10:48:51Z,68.0,Charge 6
2024-12-23T10:48:53Z,68.0,Charge 6
2024-12-23T10:48:56Z,68.0,Charge 6
2024-12-23T10:48:57Z,70.0,Charge 6
2024-12-23T10:48:59Z,71.0,Charge 6
2024-12-23T10:49:01Z,72.0,Charge 6
2024-12-23T10:49:04Z,72.0,Charge 6
2024-12-23T10:49:07Z,72.0,Charge 6
2024-12-23T10:49:09Z,73.0,Charge 6
2024-12-23T10:49:11Z,74.0,Charge 6
2024-12-23T10:49:14Z,75.0,Charge 6
2024-12-23T10:49:16Z,77.0,Charge 6
2024-12-23T10:49:18Z,78.0,Charge 6
2024-12-23T10:49:20Z,79.0,Charge 6
2024-12-23T10:49:22Z,78.0,Charge 6
2024-12-23T10:49:24Z,76.0,Charge 6
2024-12-23T10:49:26Z,74.0,Charge 6
2024-12-23T10:49:28Z,73.0,Charge 6
2024-12-23T10:49:30Z,74.0,Charge 6
2024-12-23T10:49:32Z,74.0,Charge 6
2024-12-23T10:49:35Z,74.0,Charge 6
2024-12-23T10:49:36Z,76.0,Charge 6
2024-12-23T10:49:38Z,76.0,Charge 6
2024-12-23T10:49:39Z,77.0,Charge 6
2024-12-23T10:49:42Z,77.0,Charge 6
2024-12-23T10:49:43Z,76.0,Charge 6
2024-12-23T10:49:45Z,75.0,Charge 6
2024-12-23T10:49:47Z,74.0,Charge 6
2024-12-23T10:49:49Z,74.0,Charge 6
2024-12-23T10:49:51Z,73.0,Charge 6
2024-12-23T10:49:53Z,72.0,Charge 6
2024-12-23T10:49:55Z,71.0,Charge 6
2024-12-23T10:49:57Z,70.0,Charge 6
2024-12-23T10:50:00Z,70.0,Charge 6
2024-12-23T10:50:01Z,71.0,Charge 6
2024-12-23T10:50:02Z,72.0,Charge 6
2024-12-23T10:50:05Z,72.0,Charge 6
2024-12-23T10:50:06Z,71.0,Charge 6
2024-12-23T10:50:08Z,70.0,Charge 6
2024-12-23T10:50:11Z,70.0,Charge 6
2024-12-23T10:50:12Z,70.0,Charge 6
2024-12-23T10:50:15Z,70.0,Charge 6
2024-12-23T10:50:18Z,70.0,Charge 6
2024-12-23T10:50:20Z,72.0,Charge 6
2024-12-23T10:50:23Z,72.0,Charge 6
2024-12-23T10:50:24Z,74.0,Charge 6
2024-12-23T10:50:26Z,77.0,Charge 6
2024-12-23T10:50:27Z,79.0,Charge 6
2024-12-23T10:50:30Z,79.0,Charge 6
2024-12-23T10:50:31Z,78.0,Charge 6
2024-12-23T10:50:33Z,75.0,Charge 6
2024-12-23T10:50:35Z,74.0,Charge 6
2024-12-23T10:50:37Z,73.0,Charge 6
2024-12-23T10:50:40Z,73.0,Charge 6
2024-12-23T10:50:41Z,73.0,Charge 6
2024-12-23T10:50:44Z,72.0,Charge 6
2024-12-23T10:50:47Z,72.0,Charge 6
2024-12-23T10:50:50Z,72.0,Charge 6
2024-12-23T10:50:53Z,72.0,Charge 6
2024-12-23T10:50:56Z,73.0,Charge 6
2024-12-23T10:50:58Z,72.0,Charge 6
2024-12-23T10:51:00Z,72.0,Charge 6
2024-12-23T10:51:03Z,72.0,Charge 6
2024-12-23T10:51:05Z,72.0,Charge 6
2024-12-23T10:51:07Z,72.0,Charge 6
2024-12-23T10:51:10Z,72.0,Charge 6
2024-12-23T10:51:11Z,72.0,Charge 6
2024-12-23T10:51:13Z,72.0,Charge 6
2024-12-23T10:51:16Z,72.0,Charge 6
2024-12-23T10:51:17Z,73.0,Charge 6
2024-12-23T10:51:19Z,73.0,Charge 6
2024-12-23T10:51:21Z,72.0,Charge 6
2024-12-23T10:51:23Z,73.0,Charge 6
2024-12-23T10:51:25Z,72.0,Charge 6
2024-12-23T10:51:28Z,71.0,Charge 6
2024-12-23T10:51:30Z,70.0,Charge 6
2024-12-23T10:51:33Z,70.0,Charge 6
2024-12-23T10:51:36Z,70.0,Charge 6
2024-12-23T10:51:39Z,70.0,Charge 6
2024-12-23T10:51:40Z,68.0,Charge 6
2024-12-23T10:51:42Z,67.0,Charge 6
2024-12-23T10:51:45Z,67.0,Charge 6
2024-12-23T10:51:46Z,68.0,Charge 6
2024-12-23T10:51:48Z,70.0,Charge 6
2024-12-23T10:51:50Z,72.0,Charge 6
2024-12-23T10:51:53Z,72.0,Charge 6
2024-12-23T10:51:55Z,71.0,Charge 6
2024-12-23T10:51:58Z,71.0,Charge 6
2024-12-23T10:52:01Z,72.0,Charge 6
2024-12-23T10:52:03Z,74.0,Charge 6
2024-12-23T10:52:05Z,76.0,Charge 6
2024-12-23T10:52:07Z,77.0,Charge 6
2024-12-23T10:52:10Z,77.0,Charge 6
2024-12-23T10:52:13Z,75.0,Charge 6
2024-12-23T10:52:15Z,74.0,Charge 6
2024-12-23T10:52:16Z,73.0,Charge 6
2024-12-23T10:52:18Z,72.0,Charge 6
2024-12-23T10:52:21Z,72.0,Charge 6
2024-12-23T10:52:24Z,72.0,Charge 6
2024-12-23T10:52:27Z,72.0,Charge 6
2024-12-23T10:52:30Z,71.0,Charge 6
2024-12-23T10:52:33Z,71.0,Charge 6
2024-12-23T10:52:34Z,72.0,Charge 6
2024-12-23T10:52:37Z,72.0,Charge 6
2024-12-23T10:52:38Z,72.0,Charge 6
2024-12-23T10:52:41Z,72.0,Charge 6
2024-12-23T10:52:44Z,72.0,Charge 6
2024-12-23T10:52:45Z,73.0,Charge 6
2024-12-23T10:52:47Z,74.0,Charge 6
2024-12-23T10:52:50Z,74.0,Charge 6
2024-12-23T10:52:51Z,74.0,Charge 6
2024-12-23T10:52:54Z,74.0,Charge 6
2024-12-23T10:52:55Z,75.0,Charge 6
2024-12-23T10:52:58Z,75.0,Charge 6
2024-12-23T10:53:01Z,75.0,Charge 6
2024-12-23T10:53:03Z,74.0,Charge 6
2024-12-23T10:53:04Z,74.0,Charge 6
2024-12-23T10:53:06Z,74.0,Charge 6
2024-12-23T10:53:09Z,74.0,Charge 6
2024-12-23T10:53:10Z,73.0,Charge 6
2024-12-23T10:53:12Z,72.0,Charge 6
2024-12-23T10:53:14Z,72.0,Charge 6
2024-12-23T10:53:17Z,72.0,Charge 6
2024-12-23T10:53:18Z,70.0,Charge 6
2024-12-23T10:53:21Z,70.0,Charge 6
2024-12-23T10:53:24Z,70.0,Charge 6
2024-12-23T10:53:26Z,70.0,Charge 6
2024-12-23T10:53:29Z,69.0,Charge 6
2024-12-23T10:53:32Z,69.0,Charge 6
2024-12-23T10:53:35Z,69.0,Charge 6
2024-12-23T10:53:37Z,70.0,Charge 6
2024-12-23T10:53:40Z,70.0,Charge 6
2024-12-23T10:53:43Z,70.0,Charge 6
2024-12-23T10:53:45Z,70.0,Charge 6
2024-12-23T10:53:48Z,70.0,Charge 6
2024-12-23T10:53:51Z,70.0,Charge 6
2024-12-23T10:53:54Z,70.0,Charge 6
2024-12-23T10:53:57Z,70.0,Charge 6
2024-12-23T10:53:58Z,72.0,Charge 6
2024-12-23T10:54:01Z,72.0,Charge 6
2024-12-23T10:54:02Z,73.0,Charge 6
2024-12-23T10:54:05Z,73.0,Charge 6
2024-12-23T10:54:06Z,72.0,Charge 6
2024-12-23T10:54:09Z,72.0,Charge 6
2024-12-23T10:54:10Z,73.0,Charge 6
2024-12-23T10:54:12Z,72.0,Charge 6
2024-12-23T10:54:15Z,72.0,Charge 6
2024-12-23T10:54:18Z,72.0,Charge 6
2024-12-23T10:54:19Z,73.0,Charge 6
2024-12-23T10:54:21Z,74.0,Charge 6
2024-12-23T10:54:23Z,74.0,Charge 6
2024-12-23T10:54:26Z,74.0,Charge 6
2024-12-23T10:54:27Z,74.0,Charge 6
2024-12-23T10:54:30Z,74.0,Charge 6
2024-12-23T10:54:33Z,74.0,Charge 6
2024-12-23T10:54:36Z,74.0,Charge 6
2024-12-23T10:54:37Z,73.0,Charge 6
2024-12-23T10:54:39Z,72.0,Charge 6
2024-12-23T10:54:42Z,72.0,Charge 6
2024-12-23T10:54:45Z,72.0,Charge 6
2024-12-23T10:54:48Z,72.0,Charge 6
2024-12-23T10:54:51Z,72.0,Charge 6
2024-12-23T10:54:54Z,72.0,Charge 6
2024-12-23T10:54:57Z,72.0,Charge 6
2024-12-23T10:54:58Z,71.0,Charge 6
2024-12-23T10:55:00Z,70.0,Charge 6
2024-12-23T10:55:03Z,70.0,Charge 6
2024-12-23T10:55:05Z,69.0,Charge 6
2024-12-23T10:55:07Z,70.0,Charge 6
2024-12-23T10:55:10Z,70.0,Charge 6
2024-12-23T10:55:11Z,71.0,Charge 6
2024-12-23T10:55:13Z,72.0,Charge 6
2024-12-23T10:55:16Z,72.0,Charge 6
2024-12-23T10:55:17Z,74.0,Charge 6
2024-12-23T10:55:19Z,75.0,Charge 6
2024-12-23T10:55:21Z,75.0,Charge 6
2024-12-23T10:55:23Z,74.0,Charge 6
2024-12-23T10:55:25Z,74.0,Charge 6
2024-12-23T10:55:27Z,73.0,Charge 6
2024-12-23T10:55:30Z,73.0,Charge 6
2024-12-23T10:55:32Z,73.0,Charge 6
2024-12-23T10:55:34Z,73.0,Charge 6
2024-12-23T10:55:37Z,73.0,Charge 6
2024-12-23T10:55:40Z,74.0,Charge 6
2024-12-23T10:55:43Z,74.0,Charge 6
2024-12-23T10:55:46Z,74.0,Charge 6
2024-12-23T10:55:48Z,73.0,Charge 6
2024-12-23T10:55:50Z,73.0,Charge 6
2024-12-23T10:55:51Z,74.0,Charge 6
2024-12-23T10:55:54Z,74.0,Charge 6
2024-12-23T10:55:57Z,74.0,Charge 6
2024-12-23T10:55:59Z,72.0,Charge 6
2024-12-23T10:56:01Z,71.0,Charge 6
2024-12-23T10:56:03Z,70.0,Charge 6
2024-12-23T10:56:06Z,70.0,Charge 6
2024-12-23T10:56:07Z,71.0,Charge 6
2024-12-23T10:56:09Z,72.0,Charge 6
2024-12-23T10:56:12Z,72.0,Charge 6
2024-12-23T10:56:13Z,72.0,Charge 6
2024-12-23T10:56:15Z,72.0,Charge 6
2024-12-23T10:56:18Z,72.0,Charge 6
2024-12-23T10:56:21Z,72.0,Charge 6
2024-12-23T10:56:22Z,73.0,Charge 6
2024-12-23T10:56:25Z,73.0,Charge 6
2024-12-23T10:56:26Z,72.0,Charge 6
2024-12-23T10:56:29Z,72.0,Charge 6
2024-12-23T10:56:30Z,71.0,Charge 6
2024-12-23T10:56:33Z,71.0,Charge 6
2024-12-23T10:56:36Z,71.0,Charge 6
2024-12-23T10:56:38Z,70.0,Charge 6
2024-12-23T10:56:41Z,69.0,Charge 6
2024-12-23T10:56:44Z,69.0,Charge 6
2024-12-23T10:56:45Z,70.0,Charge 6
2024-12-23T10:56:48Z,70.0,Charge 6
2024-12-23T10:56:51Z,70.0,Charge 6
2024-12-23T10:56:53Z,71.0,Charge 6
2024-12-23T10:56:55Z,72.0,Charge 6
2024-12-23T10:56:58Z,72.0,Charge 6
2024-12-23T10:57:01Z,72.0,Charge 6
2024-12-23T10:57:04Z,72.0,Charge 6
2024-12-23T10:57:07Z,72.0,Charge 6
2024-12-23T10:57:08Z,72.0,Charge 6
2024-12-23T10:57:10Z,71.0,Charge 6
2024-12-23T10:57:12Z,70.0,Charge 6
2024-12-23T10:57:15Z,70.0,Charge 6
2024-12-23T10:57:18Z,70.0,Charge 6
2024-12-23T10:57:20Z,70.0,Charge 6
2024-12-23T10:57:23Z,70.0,Charge 6
2024-12-23T10:57:26Z,71.0,Charge 6
2024-12-23T10:57:27Z,71.0,Charge 6
2024-12-23T10:57:30Z,71.0,Charge 6
2024-12-23T10:57:31Z,70.0,Charge 6
2024-12-23T10:57:33Z,70.0,Charge 6
2024-12-23T10:57:36Z,70.0,Charge 6
2024-12-23T10:57:39Z,70.0,Charge 6
2024-12-23T10:57:41Z,71.0,Charge 6
2024-12-23T10:57:44Z,71.0,Charge 6
2024-12-23T10:57:45Z,70.0,Charge 6
2024-12-23T10:57:48Z,70.0,Charge 6
2024-12-23T10:57:49Z,69.0,Charge 6
2024-12-23T10:57:51Z,68.0,Charge 6
2024-12-23T10:57:52Z,68.0,Charge 6
2024-12-23T10:57:54Z,67.0,Charge 6
2024-12-23T10:57:57Z,67.0,Charge 6
2024-12-23T10:57:58Z,67.0,Charge 6
2024-12-23T10:58:00Z,68.0,Charge 6
2024-12-23T10:58:03Z,68.0,Charge 6
2024-12-23T10:58:04Z,68.0,Charge 6
2024-12-23T10:58:07Z,68.0,Charge 6
2024-12-23T10:58:08Z,67.0,Charge 6
2024-12-23T10:58:11Z,67.0,Charge 6
2024-12-23T10:58:12Z,67.0,Charge 6
2024-12-23T10:58:14Z,68.0,Charge 6
2024-12-23T10:58:15Z,68.0,Charge 6
2024-12-23T10:58:18Z,68.0,Charge 6
2024-12-23T10:58:21Z,68.0,Charge 6
2024-12-23T10:58:23Z,68.0,Charge 6
2024-12-23T10:58:26Z,68.0,Charge 6
2024-12-23T10:58:27Z,68.0,Charge 6
2024-12-23T10:58:30Z,68.0,Charge 6
2024-12-23T10:58:31Z,70.0,Charge 6
2024-12-23T10:58:34Z,70.0,Charge 6
2024-12-23T10:58:37Z,69.0,Charge 6
2024-12-23T10:58:40Z,69.0,Charge 6
2024-12-23T10:58:43Z,69.0,Charge 6
2024-12-23T10:58:44Z,70.0,Charge 6
2024-12-23T10:58:47Z,70.0,Charge 6
2024-12-23T10:58:48Z,70.0,Charge 6
2024-12-23T10:58:51Z,70.0,Charge 6
2024-12-23T10:58:54Z,72.0,Charge 6
2024-12-23T10:58:56Z,75.0,Charge 6
2024-12-23T10:58:58Z,76.0,Charge 6
2024-12-23T10:59:00Z,74.0,Charge 6
2024-12-23T10:59:02Z,72.0,Charge 6
2024-12-23T10:59:03Z,70.0,Charge 6
2024-12-23T10:59:05Z,69.0,Charge 6
2024-12-23T10:59:07Z,67.0,Charge 6
2024-12-23T10:59:09Z,67.0,Charge 6
2024-12-23T10:59:11Z,68.0,Charge 6
2024-12-23T10:59:13Z,69.0,Charge 6
2024-12-23T10:59:15Z,70.0,Charge 6
2024-12-23T10:59:18Z,70.0,Charge 6
2024-12-23T10:59:21Z,70.0,Charge 6
2024-12-23T10:59:23Z,70.0,Charge 6
2024-12-23T10:59:26Z,70.0,Charge 6
2024-12-23T10:59:29Z,70.0,Charge 6
2024-12-23T10:59:32Z,70.0,Charge 6
2024-12-23T10:59:35Z,70.0,Charge 6
2024-12-23T10:59:38Z,70.0,Charge 6
2024-12-23T10:59:41Z,70.0,Charge 6
2024-12-23T10:59:42Z,69.0,Charge 6
2024-12-23T10:59:44Z,68.0,Charge 6
2024-12-23T10:59:47Z,68.0,Charge 6
2024-12-23T10:59:48Z,69.0,Charge 6
2024-12-23T10:59:51Z,70.0,Charge 6
2024-12-23T10:59:53Z,70.0,Charge 6
2024-12-23T10:59:56Z,70.0,Charge 6
2024-12-23T10:59:57Z,72.0,Charge 6
2024-12-23T11:00:00Z,72.0,Charge 6
2024-12-23T11:00:03Z,73.0,Charge 6
2024-12-23T11:00:06Z,73.0,Charge 6
2024-12-23T11:00:07Z,72.0,Charge 6
2024-12-23T11:00:10Z,72.0,Charge 6
2024-12-23T11:00:11Z,70.0,Charge 6
2024-12-23T11:00:14Z,70.0,Charge 6
2024-12-23T11:00:15Z,70.0,Charge 6
2024-12-23T11:00:18Z,70.0,Charge 6
2024-12-23T11:00:20Z,71.0,Charge 6
2024-12-23T11:00:22Z,72.0,Charge 6
2024-12-23T11:00:24Z,73.0,Charge 6
2024-12-23T11:00:26Z,74.0,Charge 6
2024-12-23T11:00:28Z,75.0,Charge 6
2024-12-23T11:00:30Z,78.0,Charge 6
2024-12-23T11:00:32Z,79.0,Charge 6
2024-12-23T11:00:34Z,80.0,Charge 6
2024-12-23T11:00:36Z,87.0,Charge 6
2024-12-23T11:00:38Z,94.0,Charge 6
2024-12-23T11:00:39Z,98.0,Charge 6
2024-12-23T11:00:41Z,99.0,Charge 6
2024-12-23T11:00:43Z,97.0,Charge 6
2024-12-23T11:00:45Z,94.0,Charge 6
2024-12-23T11:00:47Z,92.0,Charge 6
2024-12-23T11:00:49Z,93.0,Charge 6
2024-12-23T11:00:51Z,94.0,Charge 6
2024-12-23T11:00:53Z,93.0,Charge 6
2024-12-23T11:00:55Z,90.0,Charge 6
2024-12-23T11:00:57Z,85.0,Charge 6
2024-12-23T11:00:59Z,80.0,Charge 6
2024-12-23T11:01:01Z,79.0,Charge 6
2024-12-23T11:01:03Z,74.0,Charge 6
2024-12-23T11:01:04Z,72.0,Charge 6
2024-12-23T11:01:07Z,72.0,Charge 6
2024-12-23T11:01:10Z,72.0,Charge 6
2024-12-23T11:01:12Z,71.0,Charge 6
2024-12-23T11:01:14Z,72.0,Charge 6
2024-12-23T11:01:17Z,72.0,Charge 6
2024-12-23T11:01:18Z,71.0,Charge 6
2024-12-23T11:01:20Z,70.0,Charge 6
2024-12-23T11:01:22Z,68.0,Charge 6
2024-12-23T11:01:24Z,68.0,Charge 6
2024-12-23T11:01:27Z,68.0,Charge 6
2024-12-23T11:01:29Z,69.0,Charge 6
2024-12-23T11:01:31Z,70.0,Charge 6
2024-12-23T11:01:33Z,69.0,Charge 6
2024-12-23T11:01:36Z,69.0,Charge 6
2024-12-23T11:01:37Z,68.0,Charge 6
2024-12-23T11:01:40Z,68.0,Charge 6
2024-12-23T11:01:41Z,69.0,Charge 6
2024-12-23T11:01:44Z,69.0,Charge 6
2024-12-23T11:01:47Z,70.0,Charge 6
2024-12-23T11:01:50Z,70.0,Charge 6
2024-12-23T11:01:53Z,70.0,Charge 6
2024-12-23T11:01:56Z,70.0,Charge 6
2024-12-23T11:01:59Z,70.0,Charge 6
2024-12-23T11:02:02Z,70.0,Charge 6
2024-12-23T11:02:04Z,71.0,Charge 6
2024-12-23T11:02:06Z,72.0,Charge 6
2024-12-23T11:02:09Z,72.0,Charge 6
2024-12-23T11:02:12Z,73.0,Charge 6
2024-12-23T11:02:15Z,73.0,Charge 6
2024-12-23T11:02:18Z,73.0,Charge 6
2024-12-23T11:02:21Z,72.0,Charge 6
2024-12-23T11:02:24Z,72.0,Charge 6
2024-12-23T11:02:27Z,72.0,Charge 6
2024-12-23T11:02:29Z,72.0,Charge 6
2024-12-23T11:02:31Z,71.0,Charge 6
2024-12-23T11:02:34Z,71.0,Charge 6
2024-12-23T11:02:37Z,71.0,Charge 6
2024-12-23T11:02:40Z,71.0,Charge 6
2024-12-23T11:02:43Z,71.0,Charge 6
2024-12-23T11:02:44Z,70.0,Charge 6
2024-12-23T11:02:47Z,70.0,Charge 6
2024-12-23T11:02:48Z,71.0,Charge 6
2024-12-23T11:02:51Z,71.0,Charge 6
2024-12-23T11:02:52Z,71.0,Charge 6
2024-12-23T11:02:55Z,71.0,Charge 6
2024-12-23T11:02:56Z,70.0,Charge 6
2024-12-23T11:02:59Z,70.0,Charge 6
2024-12-23T11:03:02Z,70.0,Charge 6
2024-12-23T11:03:05Z,70.0,Charge 6
2024-12-23T11:03:08Z,70.0,Charge 6
2024-12-23T11:03:11Z,70.0,Charge 6
2024-12-23T11:03:14Z,70.0,Charge 6
2024-12-23T11:03:17Z,70.0,Charge 6
2024-12-23T11:03:20Z,70.0,Charge 6
2024-12-23T11:03:23Z,70.0,Charge 6
2024-12-23T11:03:25Z,70.0,Charge 6
2024-12-23T11:03:27Z,69.0,Charge 6
2024-12-23T11:03:28Z,69.0,Charge 6
2024-12-23T11:03:30Z,68.0,Charge 6
2024-12-23T11:03:33Z,68.0,Charge 6
2024-12-23T11:03:34Z,68.0,Charge 6
2024-12-23T11:03:37Z,68.0,Charge 6
2024-12-23T11:03:40Z,68.0,Charge 6
2024-12-23T11:03:43Z,68.0,Charge 6
2024-12-23T11:03:46Z,70.0,Charge 6
2024-12-23T11:03:48Z,71.0,Charge 6
2024-12-23T11:03:50Z,72.0,Charge 6
2024-12-23T11:03:51Z,73.0,Charge 6
2024-12-23T11:03:54Z,73.0,Charge 6
2024-12-23T11:03:55Z,73.0,Charge 6
2024-12-23T11:03:58Z,73.0,Charge 6
2024-12-23T11:03:59Z,74.0,Charge 6
2024-12-23T11:04:02Z,74.0,Charge 6
2024-12-23T11:04:05Z,73.0,Charge 6
2024-12-23T11:04:07Z,72.0,Charge 6
2024-12-23T11:04:10Z,72.0,Charge 6
2024-12-23T11:04:11Z,71.0,Charge 6
2024-12-23T11:04:13Z,70.0,Charge 6
2024-12-23T11:04:15Z,70.0,Charge 6
2024-12-23T11:04:16Z,69.0,Charge 6
2024-12-23T11:04:18Z,68.0,Charge 6
2024-12-23T11:04:20Z,68.0,Charge 6
2024-12-23T11:04:22Z,68.0,Charge 6
2024-12-23T11:04:25Z,68.0,Charge 6
2024-12-23T11:04:28Z,68.0,Charge 6
2024-12-23T11:04:30Z,68.0,Charge 6
2024-12-23T11:04:33Z,68.0,Charge 6
2024-12-23T11:04:34Z,68.0,Charge 6
2024-12-23T11:04:37Z,68.0,Charge 6
2024-12-23T11:04:38Z,68.0,Charge 6
2024-12-23T11:04:41Z,68.0,Charge 6
2024-12-23T11:04:44Z,68.0,Charge 6
2024-12-23T11:04:45Z,69.0,Charge 6
2024-12-23T11:04:48Z,69.0,Charge 6
2024-12-23T11:04:49Z,68.0,Charge 6
2024-12-23T11:04:51Z,68.0,Charge 6
2024-12-23T11:04:54Z,68.0,Charge 6
2024-12-23T11:04:55Z,69.0,Charge 6
2024-12-23T11:04:58Z,69.0,Charge 6
2024-12-23T11:05:01Z,68.0,Charge 6
2024-12-23T11:05:04Z,68.0,Charge 6
2024-12-23T11:05:06Z,69.0,Charge 6
2024-12-23T11:05:09Z,69.0,Charge 6
2024-12-23T11:05:10Z,70.0,Charge 6
2024-12-23T11:05:13Z,70.0,Charge 6
2024-12-23T11:05:16Z,70.0,Charge 6
2024-12-23T11:05:19Z,70.0,Charge 6
2024-12-23T11:05:22Z,70.0,Charge 6
2024-12-23T11:05:25Z,70.0,Charge 6
2024-12-23T11:05:28Z,70.0,Charge 6
2024-12-23T11:05:31Z,70.0,Charge 6
2024-12-23T11:05:33Z,69.0,Charge 6
2024-12-23T11:05:35Z,68.0,Charge 6
2024-12-23T11:05:38Z,68.0,Charge 6
2024-12-23T11:05:39Z,69.0,Charge 6
2024-12-23T11:05:41Z,68.0,Charge 6
2024-12-23T11:05:43Z,67.0,Charge 6
2024-12-23T11:05:46Z,67.0,Charge 6
2024-12-23T11:05:47Z,68.0,Charge 6
2024-12-23T11:05:48Z,70.0,Charge 6
2024-12-23T11:05:50Z,70.0,Charge 6
2024-12-23T11:05:52Z,70.0,Charge 6
2024-12-23T11:05:55Z,70.0,Charge 6
2024-12-23T11:05:58Z,70.0,Charge 6
2024-12-23T11:05:59Z,71.0,Charge 6
2024-12-23T11:06:01Z,72.0,Charge 6
2024-12-23T11:06:04Z,72.0,Charge 6
2024-12-23T11:06:07Z,73.0,Charge 6
2024-12-23T11:06:09Z,74.0,Charge 6
2024-12-23T11:06:12Z,74.0,Charge 6
2024-12-23T11:06:13Z,73.0,Charge 6
2024-12-23T11:06:15Z,74.0,Charge 6
2024-12-23T11:06:18Z,74.0,Charge 6
2024-12-23T11:06:21Z,72.0,Charge 6
2024-12-23T11:06:22Z,71.0,Charge 6
2024-12-23T11:06:24Z,72.0,Charge 6
2024-12-23T11:06:27Z,72.0,Charge 6
2024-12-23T11:06:30Z,73.0,Charge 6
2024-12-23T11:06:32Z,72.0,Charge 6
2024-12-23T11:06:35Z,72.0,Charge 6
2024-12-23T11:06:38Z,72.0,Charge 6
2024-12-23T11:06:40Z,72.0,Charge 6
2024-12-23T11:06:42Z,72.0,Charge 6
2024-12-23T11:06:45Z,72.0,Charge 6
2024-12-23T11:06:46Z,74.0,Charge 6
2024-12-23T11:06:49Z,73.0,Charge 6
2024-12-23T11:06:51Z,72.0,Charge 6
2024-12-23T11:06:54Z,72.0,Charge 6
2024-12-23T11:06:57Z,72.0,Charge 6
2024-12-23T11:07:00Z,72.0,Charge 6
2024-12-23T11:07:03Z,70.0,Charge 6
2024-12-23T11:07:06Z,70.0,Charge 6
2024-12-23T11:07:09Z,70.0,Charge 6
2024-12-23T11:07:12Z,70.0,Charge 6
2024-12-23T11:07:14Z,70.0,Charge 6
2024-12-23T11:07:17Z,70.0,Charge 6
2024-12-23T11:07:20Z,70.0,Charge 6
2024-12-23T11:07:22Z,70.0,Charge 6
2024-12-23T11:07:25Z,70.0,Charge 6
2024-12-23T11:07:28Z,70.0,Charge 6
2024-12-23T11:07:31Z,70.0,Charge 6
2024-12-23T11:07:32Z,71.0,Charge 6
2024-12-23T11:07:34Z,70.0,Charge 6
2024-12-23T11:07:37Z,69.0,Charge 6
2024-12-23T11:07:39Z,70.0,Charge 6
2024-12-23T11:07:42Z,70.0,Charge 6
2024-12-23T11:07:43Z,71.0,Charge 6
2024-12-23T11:07:45Z,70.0,Charge 6
2024-12-23T11:07:47Z,69.0,Charge 6
2024-12-23T11:07:50Z,69.0,Charge 6
2024-12-23T11:07:51Z,70.0,Charge 6
2024-12-23T11:07:54Z,70.0,Charge 6
2024-12-23T11:07:55Z,71.0,Charge 6
2024-12-23T11:07:58Z,72.0,Charge 6
2024-12-23T11:08:00Z,71.0,Charge 6
2024-12-23T11:08:03Z,71.0,Charge 6
2024-12-23T11:08:06Z,72.0,Charge 6
2024-12-23T11:08:08Z,71.0,Charge 6
2024-12-23T11:08:10Z,72.0,Charge 6
2024-12-23T11:08:12Z,72.0,Charge 6
2024-12-23T11:08:15Z,72.0,Charge 6
2024-12-23T11:08:16Z,73.0,Charge 6
2024-12-23T11:08:19Z,73.0,Charge 6
2024-12-23T11:08:22Z,73.0,Charge 6
2024-12-23T11:08:25Z,72.0,Charge 6
2024-12-23T11:08:28Z,72.0,Charge 6
2024-12-23T11:08:29Z,71.0,Charge 6
2024-12-23T11:08:31Z,70.0,Charge 6
2024-12-23T11:08:33Z,70.0,Charge 6
2024-12-23T11:08:36Z,70.0,Charge 6
2024-12-23T11:08:39Z,70.0,Charge 6
2024-12-23T11:08:41Z,69.0,Charge 6
2024-12-23T11:08:44Z,69.0,Charge 6
2024-12-23T11:08:47Z,69.0,Charge 6
2024-12-23T11:08:50Z,69.0,Charge 6
2024-12-23T11:08:52Z,69.0,Charge 6
2024-12-23T11:08:54Z,69.0,Charge 6
2024-12-23T11:08:56Z,69.0,Charge 6
2024-12-23T11:08:59Z,69.0,Charge 6
2024-12-23T11:09:02Z,69.0,Charge 6
2024-12-23T11:09:04Z,69.0,Charge 6
2024-12-23T11:09:06Z,70.0,Charge 6
2024-12-23T11:09:09Z,70.0,Charge 6
2024-12-23T11:09:12Z,70.0,Charge 6
2024-12-23T11:09:13Z,70.0,Charge 6
2024-12-23T11:09:15Z,70.0,Charge 6
2024-12-23T11:09:18Z,70.0,Charge 6
2024-12-23T11:09:19Z,70.0,Charge 6
2024-12-23T11:09:21Z,70.0,Charge 6
2024-12-23T11:09:23Z,70.0,Charge 6
2024-12-23T11:09:25Z,70.0,Charge 6
2024-12-23T11:09:28Z,70.0,Charge 6
2024-12-23T11:09:29Z,71.0,Charge 6
2024-12-23T11:09:31Z,72.0,Charge 6
2024-12-23T11:09:33Z,73.0,Charge 6
2024-12-23T11:09:36Z,72.0,Charge 6
2024-12-23T11:09:38Z,77.0,Charge 6
2024-12-23T11:09:40Z,78.0,Charge 6
2024-12-23T11:09:42Z,74.0,Charge 6
2024-12-23T11:09:44Z,72.0,Charge 6
2024-12-23T11:09:46Z,70.0,Charge 6
2024-12-23T11:09:49Z,70.0,Charge 6
2024-12-23T11:09:50Z,70.0,Charge 6
2024-12-23T11:09:52Z,69.0,Charge 6
2024-12-23T11:09:55Z,69.0,Charge 6
2024-12-23T11:09:58Z,69.0,Charge 6
2024-12-23T11:09:59Z,71.0,Charge 6
2024-12-23T11:10:02Z,71.0,Charge 6
2024-12-23T11:10:03Z,72.0,Charge 6
2024-12-23T11:10:06Z,72.0,Charge 6
2024-12-23T11:10:09Z,72.0,Charge 6
2024-12-23T11:10:11Z,71.0,Charge 6
2024-12-23T11:10:14Z,71.0,Charge 6
2024-12-23T11:10:17Z,71.0,Charge 6
2024-12-23T11:10:20Z,71.0,Charge 6
2024-12-23T11:10:22Z,71.0,Charge 6
2024-12-23T11:10:24Z,70.0,Charge 6
2024-12-23T11:10:27Z,70.0,Charge 6
2024-12-23T11:10:30Z,70.0,Charge 6
2024-12-23T11:10:33Z,70.0,Charge 6
2024-12-23T11:10:34Z,70.0,Charge 6
2024-12-23T11:10:37Z,70.0,Charge 6
2024-12-23T11:10:40Z,70.0,Charge 6
2024-12-23T11:10:42Z,68.0,Charge 6
2024-12-23T11:10:45Z,68.0,Charge 6
2024-12-23T11:10:48Z,68.0,Charge 6
2024-12-23T11:10:51Z,68.0,Charge 6
2024-12-23T11:10:54Z,68.0,Charge 6
2024-12-23T11:10:55Z,69.0,Charge 6
2024-12-23T11:10:57Z,72.0,Charge 6
2024-12-23T11:10:59Z,73.0,Charge 6
2024-12-23T11:11:02Z,73.0,Charge 6
2024-12-23T11:11:03Z,74.0,Charge 6
2024-12-23T11:11:05Z,72.0,Charge 6
2024-12-23T11:11:07Z,71.0,Charge 6
2024-12-23T11:11:09Z,70.0,Charge 6
2024-12-23T11:11:12Z,69.0,Charge 6
2024-12-23T11:11:15Z,69.0,Charge 6
2024-12-23T11:11:18Z,69.0,Charge 6
2024-12-23T11:11:20Z,71.0,Charge 6
2024-12-23T11:11:23Z,71.0,Charge 6
2024-12-23T11:11:24Z,72.0,Charge 6
2024-12-23T11:11:26Z,71.0,Charge 6
2024-12-23T11:11:28Z,70.0,Charge 6
2024-12-23T11:11:31Z,70.0,Charge 6
2024-12-23T11:11:34Z,69.0,Charge 6
2024-12-23T11:11:35Z,68.0,Charge 6
2024-12-23T11:11:37Z,67.0,Charge 6
2024-12-23T11:11:39Z,66.0,Charge 6
2024-12-23T11:11:42Z,66.0,Charge 6
2024-12-23T11:11:43Z,67.0,Charge 6
2024-12-23T11:11:46Z,67.0,Charge 6
2024-12-23T11:11:47Z,65.0,Charge 6
2024-12-23T11:11:49Z,66.0,Charge 6
2024-12-23T11:11:52Z,66.0,Charge 6
2024-12-23T11:11:55Z,67.0,Charge 6
2024-12-23T11:11:57Z,68.0,Charge 6
2024-12-23T11:11:58Z,69.0,Charge 6
2024-12-23T11:12:00Z,69.0,Charge 6
2024-12-23T11:12:02Z,70.0,Charge 6
2024-12-23T11:12:05Z,70.0,Charge 6
2024-12-23T11:12:06Z,72.0,Charge 6
2024-12-23T11:12:09Z,72.0,Charge 6
2024-12-23T11:12:12Z,72.0,Charge 6
2024-12-23T11:12:14Z,71.0,Charge 6
2024-12-23T11:12:16Z,70.0,Charge 6
2024-12-23T11:12:19Z,70.0,Charge 6
2024-12-23T11:12:22Z,70.0,Charge 6
2024-12-23T11:12:25Z,70.0,Charge 6
2024-12-23T11:12:27Z,70.0,Charge 6
2024-12-23T11:12:29Z,69.0,Charge 6
2024-12-23T11:12:32Z,69.0,Charge 6
2024-12-23T11:12:35Z,69.0,Charge 6
2024-12-23T11:12:37Z,70.0,Charge 6
2024-12-23T11:12:39Z,69.0,Charge 6
2024-12-23T11:12:41Z,70.0,Charge 6
2024-12-23T11:12:44Z,70.0,Charge 6
2024-12-23T11:12:45Z,71.0,Charge 6
2024-12-23T11:12:46Z,72.0,Charge 6
2024-12-23T11:12:49Z,72.0,Charge 6
2024-12-23T11:12:50Z,71.0,Charge 6
2024-12-23T11:12:52Z,70.0,Charge 6
2024-12-23T11:12:55Z,70.0,Charge 6
2024-12-23T11:12:56Z,70.0,Charge 6
2024-12-23T11:12:59Z,70.0,Charge 6
2024-12-23T11:13:02Z,68.0,Charge 6
2024-12-23T11:13:04Z,69.0,Charge 6
2024-12-23T11:13:06Z,70.0,Charge 6
2024-12-23T11:13:08Z,69.0,Charge 6
2024-12-23T11:13:11Z,70.0,Charge 6
2024-12-23T11:13:13Z,69.0,Charge 6
2024-12-23T11:13:15Z,70.0,Charge 6
2024-12-23T11:13:18Z,70.0,Charge 6
2024-12-23T11:13:19Z,69.0,Charge 6
2024-12-23T11:13:21Z,70.0,Charge 6
2024-12-23T11:13:23Z,69.0,Charge 6
2024-12-23T11:13:25Z,68.0,Charge 6
2024-12-23T11:13:28Z,68.0,Charge 6
2024-12-23T11:13:29Z,69.0,Charge 6
2024-12-23T11:13:31Z,68.0,Charge 6
2024-12-23T11:13:33Z,69.0,Charge 6
2024-12-23T11:13:36Z,70.0,Charge 6
2024-12-23T11:13:39Z,70.0,Charge 6
2024-12-23T11:13:42Z,70.0,Charge 6
2024-12-23T11:13:45Z,70.0,Charge 6
2024-12-23T11:13:48Z,70.0,Charge 6
2024-12-23T11:13:50Z,71.0,Charge 6
2024-12-23T11:13:53Z,71.0,Charge 6
2024-12-23T11:13:54Z,70.0,Charge 6
2024-12-23T11:13:57Z,70.0,Charge 6
2024-12-23T11:13:58Z,70.0,Charge 6
2024-12-23T11:14:01Z,71.0,Charge 6
2024-12-23T11:14:03Z,72.0,Charge 6
2024-12-23T11:14:05Z,71.0,Charge 6
2024-12-23T11:14:08Z,71.0,Charge 6
2024-12-23T11:14:09Z,70.0,Charge 6
2024-12-23T11:14:12Z,70.0,Charge 6
2024-12-23T11:14:15Z,70.0,Charge 6
2024-12-23T11:14:18Z,70.0,Charge 6
2024-12-23T11:14:21Z,70.0,Charge 6
2024-12-23T11:14:24Z,70.0,Charge 6
2024-12-23T11:14:27Z,70.0,Charge 6
2024-12-23T11:14:30Z,70.0,Charge 6
2024-12-23T11:14:32Z,70.0,Charge 6
2024-12-23T11:14:34Z,69.0,Charge 6
2024-12-23T11:14:37Z,69.0,Charge 6
2024-12-23T11:14:38Z,70.0,Charge 6
2024-12-23T11:14:40Z,70.0,Charge 6
2024-12-23T11:14:43Z,70.0,Charge 6
2024-12-23T11:14:44Z,70.0,Charge 6
2024-12-23T11:14:46Z,69.0,Charge 6
2024-12-23T11:14:49Z,69.0,Charge 6
2024-12-23T11:14:51Z,70.0,Charge 6
2024-12-23T11:14:54Z,70.0,Charge 6
2024-12-23T11:14:57Z,70.0,Charge 6
2024-12-23T11:14:59Z,69.0,Charge 6
2024-12-23T11:15:01Z,68.0,Charge 6
2024-12-23T11:15:03Z,69.0,Charge 6
2024-12-23T11:15:06Z,69.0,Charge 6
2024-12-23T11:15:09Z,70.0,Charge 6
2024-12-23T11:15:10Z,69.0,Charge 6
2024-12-23T11:15:12Z,70.0,Charge 6
2024-12-23T11:15:15Z,70.0,Charge 6
2024-12-23T11:15:18Z,70.0,Charge 6
2024-12-23T11:15:21Z,70.0,Charge 6
2024-12-23T11:15:24Z,70.0,Charge 6
2024-12-23T11:15:27Z,70.0,Charge 6
2024-12-23T11:15:30Z,70.0,Charge 6
2024-12-23T11:15:32Z,69.0,Charge 6
2024-12-23T11:15:34Z,69.0,Charge 6
2024-12-23T11:15:35Z,68.0,Charge 6
2024-12-23T11:15:37Z,69.0,Charge 6
2024-12-23T11:15:40Z,69.0,Charge 6
2024-12-23T11:15:41Z,70.0,Charge 6
2024-12-23T11:15:44Z,70.0,Charge 6
2024-12-23T11:15:45Z,69.0,Charge 6
2024-12-23T11:15:48Z,69.0,Charge 6
2024-12-23T11:15:49Z,70.0,Charge 6
2024-12-23T11:15:52Z,70.0,Charge 6
2024-12-23T11:15:55Z,70.0,Charge 6
2024-12-23T11:15:58Z,71.0,Charge 6
2024-12-23T11:16:01Z,71.0,Charge 6
2024-12-23T11:16:02Z,72.0,Charge 6
2024-12-23T11:16:04Z,71.0,Charge 6
2024-12-23T11:16:06Z,71.0,Charge 6
2024-12-23T11:16:08Z,70.0,Charge 6
2024-12-23T11:16:10Z,70.0,Charge 6
2024-12-23T11:16:12Z,71.0,Charge 6
2024-12-23T11:16:15Z,71.0,Charge 6
2024-12-23T11:16:18Z,71.0,Charge 6
2024-12-23T11:16:20Z,70.0,Charge 6
2024-12-23T11:16:22Z,70.0,Charge 6
2024-12-23T11:16:23Z,71.0,Charge 6
2024-12-23T11:16:25Z,70.0,Charge 6
2024-12-23T11:16:28Z,70.0,Charge 6
2024-12-23T11:16:29Z,70.0,Charge 6
2024-12-23T11:16:31Z,71.0,Charge 6
2024-12-23T11:16:33Z,71.0,Charge 6
2024-12-23T11:16:35Z,72.0,Charge 6
2024-12-23T11:16:37Z,71.0,Charge 6
2024-12-23T11:16:39Z,70.0,Charge 6
2024-12-23T11:16:42Z,70.0,Charge 6
2024-12-23T11:16:45Z,70.0,Charge 6
2024-12-23T11:16:48Z,70.0,Charge 6
2024-12-23T11:16:50Z,69.0,Charge 6
2024-12-23T11:16:52Z,70.0,Charge 6
2024-12-23T11:16:55Z,70.0,Charge 6
2024-12-23T11:16:58Z,70.0,Charge 6
2024-12-23T11:17:01Z,70.0,Charge 6
2024-12-23T11:17:04Z,70.0,Charge 6
2024-12-23T11:17:06Z,71.0,Charge 6
2024-12-23T11:17:08Z,71.0,Charge 6
2024-12-23T11:17:10Z,72.0,Charge 6
2024-12-23T11:17:13Z,72.0,Charge 6
2024-12-23T11:17:15Z,71.0,Charge 6
2024-12-23T11:17:17Z,70.0,Charge 6
2024-12-23T11:17:20Z,70.0,Charge 6
2024-12-23T11:17:23Z,70.0,Charge 6
2024-12-23T11:17:26Z,70.0,Charge 6
2024-12-23T11:17:29Z,71.0,Charge 6
2024-12-23T11:17:31Z,73.0,Charge 6
2024-12-23T11:17:33Z,74.0,Charge 6
2024-12-23T11:17:34Z,73.0,Charge 6
2024-12-23T11:17:36Z,72.0,Charge 6
2024-12-23T11:17:39Z,72.0,Charge 6
2024-12-23T11:17:42Z,72.0,Charge 6
2024-12-23T11:17:45Z,72.0,Charge 6
2024-12-23T11:17:46Z,71.0,Charge 6
2024-12-23T11:17:48Z,70.0,Charge 6
2024-12-23T11:17:51Z,70.0,Charge 6
2024-12-23T11:17:52Z,71.0,Charge 6
2024-12-23T11:17:54Z,70.0,Charge 6
2024-12-23T11:17:57Z,70.0,Charge 6
2024-12-23T11:18:00Z,70.0,Charge 6
2024-12-23T11:18:01Z,69.0,Charge 6
2024-12-23T11:18:03Z,70.0,Charge 6
2024-12-23T11:18:06Z,70.0,Charge 6
2024-12-23T11:18:07Z,70.0,Charge 6
2024-12-23T11:18:09Z,69.0,Charge 6
2024-12-23T11:18:12Z,69.0,Charge 6
2024-12-23T11:18:15Z,70.0,Charge 6
2024-12-23T11:18:17Z,74.0,Charge 6
2024-12-23T11:18:19Z,79.0,Charge 6
2024-12-23T11:18:21Z,75.0,Charge 6
2024-12-23T11:18:22Z,72.0,Charge 6
2024-12-23T11:18:25Z,72.0,Charge 6
2024-12-23T11:18:28Z,72.0,Charge 6
2024-12-23T11:18:30Z,73.0,Charge 6
2024-12-23T11:18:33Z,73.0,Charge 6
2024-12-23T11:18:34Z,72.0,Charge 6
2024-12-23T11:18:36Z,73.0,Charge 6
2024-12-23T11:18:38Z,72.0,Charge 6
2024-12-23T11:18:40Z,71.0,Charge 6
2024-12-23T11:18:42Z,72.0,Charge 6
2024-12-23T11:18:44Z,71.0,Charge 6
2024-12-23T11:18:46Z,72.0,Charge 6
2024-12-23T11:18:49Z,71.0,Charge 6
2024-12-23T11:18:51Z,72.0,Charge 6
2024-12-23T11:18:53Z,73.0,Charge 6
2024-12-23T11:18:56Z,73.0,Charge 6
2024-12-23T11:18:57Z,74.0,Charge 6
2024-12-23T11:19:00Z,74.0,Charge 6
2024-12-23T11:19:01Z,73.0,Charge 6
2024-12-23T11:19:03Z,74.0,Charge 6
2024-12-23T11:19:06Z,74.0,Charge 6
2024-12-23T11:19:07Z,74.0,Charge 6
2024-12-23T11:19:10Z,74.0,Charge 6
2024-12-23T11:19:13Z,74.0,Charge 6
2024-12-23T11:19:16Z,74.0,Charge 6
2024-12-23T11:19:18Z,73.0,Charge 6
2024-12-23T11:19:21Z,73.0,Charge 6
2024-12-23T11:19:24Z,72.0,Charge 6
2024-12-23T11:19:27Z,72.0,Charge 6
2024-12-23T11:19:28Z,71.0,Charge 6
2024-12-23T11:19:30Z,70.0,Charge 6
2024-12-23T11:19:33Z,70.0,Charge 6
2024-12-23T11:19:36Z,70.0,Charge 6
2024-12-23T11:19:39Z,70.0,Charge 6
2024-12-23T11:19:42Z,70.0,Charge 6
2024-12-23T11:19:45Z,71.0,Charge 6
2024-12-23T11:19:48Z,71.0,Charge 6
2024-12-23T11:19:49Z,70.0,Charge 6
2024-12-23T11:19:52Z,70.0,Charge 6
2024-12-23T11:19:55Z,69.0,Charge 6
2024-12-23T11:19:57Z,68.0,Charge 6
2024-12-23T11:20:00Z,68.0,Charge 6
2024-12-23T11:20:03Z,68.0,Charge 6
2024-12-23T11:20:04Z,69.0,Charge 6
2024-12-23T11:20:07Z,69.0,Charge 6
2024-12-23T11:20:08Z,71.0,Charge 6
2024-12-23T11:20:10Z,72.0,Charge 6
2024-12-23T11:20:13Z,72.0,Charge 6
2024-12-23T11:20:14Z,71.0,Charge 6
2024-12-23T11:20:17Z,71.0,Charge 6
2024-12-23T11:20:18Z,70.0,Charge 6
2024-12-23T11:20:21Z,70.0,Charge 6
2024-12-23T11:20:22Z,71.0,Charge 6
2024-12-23T11:20:25Z,71.0,Charge 6
2024-12-23T11:20:27Z,72.0,Charge 6
2024-12-23T11:20:29Z,71.0,Charge 6
2024-12-23T11:20:32Z,71.0,Charge 6
2024-12-23T11:20:33Z,72.0,Charge 6
2024-12-23T11:20:36Z,72.0,Charge 6
2024-12-23T11:20:39Z,72.0,Charge 6
2024-12-23T11:20:41Z,71.0,Charge 6
2024-12-23T11:20:44Z,71.0,Charge 6
2024-12-23T11:20:45Z,72.0,Charge 6
2024-12-23T11:20:46Z,71.0,Charge 6
2024-12-23T11:20:49Z,71.0,Charge 6
2024-12-23T11:20:52Z,71.0,Charge 6
2024-12-23T11:20:53Z,70.0,Charge 6
2024-12-23T11:20:56Z,70.0,Charge 6
2024-12-23T11:20:59Z,70.0,Charge 6
2024-12-23T11:21:01Z,71.0,Charge 6
2024-12-23T11:21:02Z,70.0,Charge 6
2024-12-23T11:21:04Z,70.0,Charge 6
2024-12-23T11:21:07Z,70.0,Charge 6
2024-12-23T11:21:10Z,70.0,Charge 6
2024-12-23T11:21:13Z,70.0,Charge 6
2024-12-23T11:21:14Z,70.0,Charge 6
2024-12-23T11:21:17Z,70.0,Charge 6
2024-12-23T11:21:18Z,71.0,Charge 6
2024-12-23T11:21:21Z,71.0,Charge 6
2024-12-23T11:21:22Z,70.0,Charge 6
2024-12-23T11:21:25Z,70.0,Charge 6
2024-12-23T11:21:26Z,71.0,Charge 6
2024-12-23T11:21:29Z,70.0,Charge 6
2024-12-23T11:21:31Z,71.0,Charge 6
2024-12-23T11:21:34Z,71.0,Charge 6
2024-12-23T11:21:35Z,72.0,Charge 6
2024-12-23T11:21:38Z,72.0,Charge 6
2024-12-23T11:21:39Z,74.0,Charge 6
2024-12-23T11:21:41Z,76.0,Charge 6
2024-12-23T11:21:44Z,76.0,Charge 6
2024-12-23T11:21:45Z,75.0,Charge 6
2024-12-23T11:21:48Z,75.0,Charge 6
2024-12-23T11:21:49Z,75.0,Charge 6
2024-12-23T11:21:50Z,75.0,Charge 6
2024-12-23T11:21:53Z,75.0,Charge 6
2024-12-23T11:21:54Z,74.0,Charge 6
2024-12-23T11:21:57Z,74.0,Charge 6
2024-12-23T11:22:00Z,74.0,Charge 6
2024-12-23T11:22:02Z,73.0,Charge 6
2024-12-23T11:22:05Z,73.0,Charge 6
2024-12-23T11:22:06Z,72.0,Charge 6
2024-12-23T11:22:09Z,72.0,Charge 6
2024-12-23T11:22:10Z,72.0,Charge 6
2024-12-23T11:22:12Z,71.0,Charge 6
2024-12-23T11:22:14Z,70.0,Charge 6
2024-12-23T11:22:17Z,68.0,Charge 6
2024-12-23T11:22:20Z,68.0,Charge 6
2024-12-23T11:22:23Z,68.0,Charge 6
2024-12-23T11:22:26Z,68.0,Charge 6
2024-12-23T11:22:29Z,68.0,Charge 6
2024-12-23T11:22:31Z,67.0,Charge 6
2024-12-23T11:22:33Z,67.0,Charge 6
2024-12-23T11:22:36Z,67.0,Charge 6
2024-12-23T11:22:38Z,66.0,Charge 6
2024-12-23T11:22:40Z,66.0,Charge 6
2024-12-23T11:22:42Z,67.0,Charge 6
2024-12-23T11:22:44Z,68.0,Charge 6
2024-12-23T11:22:47Z,68.0,Charge 6
2024-12-23T11:22:48Z,69.0,Charge 6
2024-12-23T11:22:50Z,69.0,Charge 6
2024-12-23T11:22:52Z,70.0,Charge 6
2024-12-23T11:22:55Z,70.0,Charge 6
2024-12-23T11:22:56Z,73.0,Charge 6
2024-12-23T11:22:58Z,76.0,Charge 6
2024-12-23T11:23:00Z,80.0,Charge 6
2024-12-23T11:23:02Z,84.0,Charge 6
2024-12-23T11:23:03Z,85.0,Charge 6
2024-12-23T11:23:05Z,84.0,Charge 6
2024-12-23T11:23:07Z,83.0,Charge 6
2024-12-23T11:23:09Z,79.0,Charge 6
2024-12-23T11:23:11Z,76.0,Charge 6
2024-12-23T11:23:13Z,74.0,Charge 6
2024-12-23T11:23:15Z,73.0,Charge 6
2024-12-23T11:23:17Z,72.0,Charge 6
2024-12-23T11:23:20Z,72.0,Charge 6
2024-12-23T11:23:23Z,73.0,Charge 6
2024-12-23T11:23:25Z,75.0,Charge 6
2024-12-23T11:23:26Z,73.0,Charge 6
2024-12-23T11:23:28Z,74.0,Charge 6
2024-12-23T11:23:30Z,73.0,Charge 6
2024-12-23T11:23:33Z,73.0,Charge 6
2024-12-23T11:23:34Z,72.0,Charge 6
2024-12-23T11:23:36Z,72.0,Charge 6
2024-12-23T11:23:38Z,71.0,Charge 6
2024-12-23T11:23:40Z,70.0,Charge 6
2024-12-23T11:23:42Z,69.0,Charge 6
2024-12-23T11:23:44Z,68.0,Charge 6
2024-12-23T11:23:47Z,68.0,Charge 6
2024-12-23T11:23:50Z,68.0,Charge 6
2024-12-23T11:23:51Z,67.0,Charge 6
2024-12-23T11:23:53Z,66.0,Charge 6
2024-12-23T11:23:56Z,66.0,Charge 6
2024-12-23T11:23:59Z,66.0,Charge 6
2024-12-23T11:24:01Z,67.0,Charge 6
2024-12-23T11:24:03Z,66.0,Charge 6
2024-12-23T11:24:06Z,66.0,Charge 6
2024-12-23T11:24:07Z,66.0,Charge 6
2024-12-23T11:24:10Z,66.0,Charge 6
2024-12-23T11:24:13Z,66.0,Charge 6
2024-12-23T11:24:16Z,68.0,Charge 6
2024-12-23T11:24:19Z,68.0,Charge 6
2024-12-23T11:24:22Z,68.0,Charge 6
2024-12-23T11:24:24Z,69.0,Charge 6
2024-12-23T11:24:26Z,68.0,Charge 6
2024-12-23T11:24:29Z,68.0,Charge 6
2024-12-23T11:24:32Z,68.0,Charge 6
2024-12-23T11:24:35Z,68.0,Charge 6
2024-12-23T11:24:38Z,67.0,Charge 6
2024-12-23T11:24:39Z,66.0,Charge 6
2024-12-23T11:24:42Z,66.0,Charge 6
2024-12-23T11:24:45Z,66.0,Charge 6
2024-12-23T11:24:48Z,66.0,Charge 6
2024-12-23T11:24:49Z,65.0,Charge 6
2024-12-23T11:24:51Z,64.0,Charge 6
2024-12-23T11:24:53Z,65.0,Charge 6
2024-12-23T11:24:56Z,65.0,Charge 6
2024-12-23T11:24:59Z,65.0,Charge 6
2024-12-23T11:25:01Z,66.0,Charge 6
2024-12-23T11:25:04Z,66.0,Charge 6
2024-12-23T11:25:07Z,66.0,Charge 6
2024-12-23T11:25:10Z,66.0,Charge 6
2024-12-23T11:25:13Z,66.0,Charge 6
2024-12-23T11:25:16Z,68.0,Charge 6
2024-12-23T11:25:18Z,69.0,Charge 6
2024-12-23T11:25:20Z,71.0,Charge 6
2024-12-23T11:25:22Z,72.0,Charge 6
2024-12-23T11:25:24Z,73.0,Charge 6
2024-12-23T11:25:27Z,72.0,Charge 6
2024-12-23T11:25:30Z,72.0,Charge 6
2024-12-23T11:25:31Z,72.0,Charge 6
2024-12-23T11:25:34Z,72.0,Charge 6
2024-12-23T11:25:35Z,71.0,Charge 6
2024-12-23T11:25:37Z,70.0,Charge 6
2024-12-23T11:25:39Z,69.0,Charge 6
2024-12-23T11:25:41Z,68.0,Charge 6
2024-12-23T11:25:44Z,68.0,Charge 6
2024-12-23T11:25:47Z,69.0,Charge 6
2024-12-23T11:25:49Z,68.0,Charge 6
2024-12-23T11:25:52Z,68.0,Charge 6
2024-12-23T11:25:54Z,67.0,Charge 6
2024-12-23T11:25:56Z,66.0,Charge 6
2024-12-23T11:25:59Z,66.0,Charge 6
2024-12-23T11:26:00Z,64.0,Charge 6
2024-12-23T11:26:03Z,64.0,Charge 6
2024-12-23T11:26:06Z,66.0,Charge 6
2024-12-23T11:26:08Z,67.0,Charge 6
2024-12-23T11:26:11Z,67.0,Charge 6
2024-12-23T11:26:12Z,68.0,Charge 6
2024-12-23T11:26:15Z,69.0,Charge 6
2024-12-23T11:26:17Z,70.0,Charge 6
2024-12-23T11:26:19Z,70.0,Charge 6
2024-12-23T11:26:22Z,70.0,Charge 6
2024-12-23T11:26:25Z,70.0,Charge 6
2024-12-23T11:26:28Z,70.0,Charge 6
2024-12-23T11:26:31Z,70.0,Charge 6
2024-12-23T11:26:34Z,70.0,Charge 6
2024-12-23T11:26:35Z,68.0,Charge 6
2024-12-23T11:26:38Z,68.0,Charge 6
2024-12-23T11:26:40Z,69.0,Charge 6
2024-12-23T11:26:42Z,69.0,Charge 6
2024-12-23T11:26:44Z,69.0,Charge 6
2024-12-23T11:26:46Z,68.0,Charge 6
2024-12-23T11:26:49Z,68.0,Charge 6
2024-12-23T11:26:50Z,67.0,Charge 6
2024-12-23T11:26:53Z,67.0,Charge 6
2024-12-23T11:26:54Z,68.0,Charge 6
2024-12-23T11:26:57Z,68.0,Charge 6
2024-12-23T11:27:00Z,69.0,Charge 6
2024-12-23T11:27:02Z,68.0,Charge 6
2024-12-23T11:27:05Z,68.0,Charge 6
2024-12-23T11:27:07Z,69.0,Charge 6
2024-12-23T11:27:09Z,70.0,Charge 6
2024-12-23T11:27:12Z,70.0,Charge 6
2024-12-23T11:27:13Z,69.0,Charge 6
2024-12-23T11:27:15Z,68.0,Charge 6
2024-12-23T11:27:18Z,68.0,Charge 6
2024-12-23T11:27:21Z,68.0,Charge 6
2024-12-23T11:27:23Z,68.0,Charge 6
2024-12-23T11:27:25Z,68.0,Charge 6
2024-12-23T11:27:28Z,66.0,Charge 6
2024-12-23T11:27:30Z,67.0,Charge 6
2024-12-23T11:27:32Z,66.0,Charge 6
2024-12-23T11:27:35Z,66.0,Charge 6
2024-12-23T11:27:38Z,66.0,Charge 6
2024-12-23T11:27:41Z,66.0,Charge 6
2024-12-23T11:27:42Z,67.0,Charge 6
2024-12-23T11:27:44Z,66.0,Charge 6
2024-12-23T11:27:46Z,67.0,Charge 6
2024-12-23T11:27:49Z,67.0,Charge 6
2024-12-23T11:27:50Z,66.0,Charge 6
2024-12-23T11:27:53Z,67.0,Charge 6
2024-12-23T11:27:56Z,67.0,Charge 6
2024-12-23T11:27:57Z,66.0,Charge 6
2024-12-23T11:28:00Z,66.0,Charge 6
2024-12-23T11:28:01Z,65.0,Charge 6
2024-12-23T11:28:04Z,65.0,Charge 6
2024-12-23T11:28:05Z,64.0,Charge 6
2024-12-23T11:28:07Z,66.0,Charge 6
2024-12-23T11:28:10Z,66.0,Charge 6
2024-12-23T11:28:13Z,66.0,Charge 6
2024-12-23T11:28:16Z,67.0,Charge 6
2024-12-23T11:28:18Z,68.0,Charge 6
2024-12-23T11:28:21Z,68.0,Charge 6
2024-12-23T11:28:24Z,68.0,Charge 6
2024-12-23T11:28:26Z,67.0,Charge 6
2024-12-23T11:28:28Z,67.0,Charge 6
2024-12-23T11:28:31Z,67.0,Charge 6
2024-12-23T11:28:34Z,67.0,Charge 6
2024-12-23T11:28:36Z,68.0,Charge 6
2024-12-23T11:28:39Z,68.0,Charge 6
2024-12-23T11:28:42Z,68.0,Charge 6
2024-12-23T11:28:45Z,68.0,Charge 6
2024-12-23T11:28:48Z,68.0,Charge 6
2024-12-23T11:28:51Z,69.0,Charge 6
2024-12-23T11:28:54Z,69.0,Charge 6
2024-12-23T11:28:57Z,70.0,Charge 6
2024-12-23T11:29:00Z,70.0,Charge 6
2024-12-23T11:29:01Z,71.0,Charge 6
2024-12-23T11:29:02Z,75.0,Charge 6
2024-12-23T11:29:04Z,77.0,Charge 6
2024-12-23T11:29:06Z,78.0,Charge 6
2024-12-23T11:29:08Z,79.0,Charge 6
2024-12-23T11:29:10Z,79.0,Charge 6
2024-12-23T11:29:12Z,78.0,Charge 6
2024-12-23T11:29:14Z,77.0,Charge 6
2024-12-23T11:29:16Z,76.0,Charge 6
2024-12-23T11:29:18Z,74.0,Charge 6
2024-12-23T11:29:21Z,74.0,Charge 6
2024-12-23T11:29:22Z,73.0,Charge 6
2024-12-23T11:29:24Z,72.0,Charge 6
2024-12-23T11:29:27Z,71.0,Charge 6
2024-12-23T11:29:29Z,72.0,Charge 6
2024-12-23T11:29:31Z,71.0,Charge 6
2024-12-23T11:29:34Z,71.0,Charge 6
2024-12-23T11:29:35Z,70.0,Charge 6
2024-12-23T11:29:38Z,70.0,Charge 6
2024-12-23T11:29:41Z,70.0,Charge 6
2024-12-23T11:29:43Z,70.0,Charge 6
2024-12-23T11:29:46Z,70.0,Charge 6
2024-12-23T11:29:49Z,70.0,Charge 6
2024-12-23T11:29:52Z,70.0,Charge 6
2024-12-23T11:29:54Z,71.0,Charge 6
2024-12-23T11:29:56Z,72.0,Charge 6
2024-12-23T11:29:59Z,72.0,Charge 6
2024-12-23T11:30:00Z,73.0,Charge 6
2024-12-23T11:30:02Z,73.0,Charge 6
2024-12-23T11:30:05Z,73.0,Charge 6
2024-12-23T11:30:06Z,72.0,Charge 6
2024-12-23T11:30:09Z,72.0,Charge 6
2024-12-23T11:30:10Z,71.0,Charge 6
2024-12-23T11:30:12Z,70.0,Charge 6
2024-12-23T11:30:14Z,70.0,Charge 6
2024-12-23T11:30:15Z,68.0,Charge 6
2024-12-23T11:30:17Z,68.0,Charge 6
2024-12-23T11:30:20Z,68.0,Charge 6
2024-12-23T11:30:21Z,67.0,Charge 6
2024-12-23T11:30:23Z,66.0,Charge 6
2024-12-23T11:30:26Z,66.0,Charge 6
2024-12-23T11:30:27Z,66.0,Charge 6
2024-12-23T11:30:29Z,65.0,Charge 6
2024-12-23T11:30:31Z,66.0,Charge 6
2024-12-23T11:30:33Z,65.0,Charge 6
2024-12-23T11:30:36Z,65.0,Charge 6
2024-12-23T11:30:38Z,64.0,Charge 6
2024-12-23T11:30:41Z,64.0,Charge 6
2024-12-23T11:30:44Z,63.0,Charge 6
2024-12-23T11:30:46Z,64.0,Charge 6
2024-12-23T11:30:48Z,64.0,Charge 6
2024-12-23T11:30:51Z,64.0,Charge 6
2024-12-23T11:30:54Z,64.0,Charge 6
2024-12-23T11:30:56Z,63.0,Charge 6
2024-12-23T11:30:58Z,64.0,Charge 6
2024-12-23T11:31:01Z,64.0,Charge 6
2024-12-23T11:31:04Z,64.0,Charge 6
2024-12-23T11:31:05Z,64.0,Charge 6
2024-12-23T11:31:08Z,64.0,Charge 6
2024-12-23T11:31:11Z,64.0,Charge 6
2024-12-23T11:31:13Z,65.0,Charge 6
2024-12-23T11:31:16Z,65.0,Charge 6
2024-12-23T11:31:17Z,66.0,Charge 6
2024-12-23T11:31:20Z,66.0,Charge 6
2024-12-23T11:31:23Z,66.0,Charge 6
2024-12-23T11:31:25Z,67.0,Charge 6
2024-12-23T11:31:26Z,68.0,Charge 6
2024-12-23T11:31:28Z,67.0,Charge 6
2024-12-23T11:31:30Z,67.0,Charge 6
2024-12-23T11:31:32Z,68.0,Charge 6
2024-12-23T11:31:34Z,67.0,Charge 6
2024-12-23T11:31:36Z,66.0,Charge 6
2024-12-23T11:31:39Z,66.0,Charge 6
2024-12-23T11:31:42Z,66.0,Charge 6
2024-12-23T11:31:44Z,67.0,Charge 6
2024-12-23T11:31:46Z,68.0,Charge 6
2024-12-23T11:31:49Z,68.0,Charge 6
2024-12-23T11:31:52Z,68.0,Charge 6
2024-12-23T11:31:55Z,68.0,Charge 6
2024-12-23T11:31:58Z,68.0,Charge 6
2024-12-23T11:32:01Z,68.0,Charge 6
2024-12-23T11:32:03Z,68.0,Charge 6
2024-12-23T11:32:05Z,69.0,Charge 6
2024-12-23T11:32:07Z,70.0,Charge 6
2024-12-23T11:32:10Z,70.0,Charge 6
2024-12-23T11:32:11Z,70.0,Charge 6
2024-12-23T11:32:13Z,71.0,Charge 6
2024-12-23T11:32:16Z,70.0,Charge 6
2024-12-23T11:32:19Z,70.0,Charge 6
2024-12-23T11:32:22Z,70.0,Charge 6
2024-12-23T11:32:25Z,70.0,Charge 6
2024-12-23T11:32:26Z,70.0,Charge 6
2024-12-23T11:32:29Z,70.0,Charge 6
2024-12-23T11:32:30Z,68.0,Charge 6
2024-12-23T11:32:33Z,68.0,Charge 6
2024-12-23T11:32:34Z,68.0,Charge 6
2024-12-23T11:32:36Z,69.0,Charge 6
2024-12-23T11:32:38Z,69.0,Charge 6
2024-12-23T11:32:41Z,69.0,Charge 6
2024-12-23T11:32:44Z,69.0,Charge 6
2024-12-23T11:32:45Z,68.0,Charge 6
2024-12-23T11:32:47Z,67.0,Charge 6
2024-12-23T11:32:50Z,67.0,Charge 6
2024-12-23T11:32:51Z,66.0,Charge 6
2024-12-23T11:32:53Z,67.0,Charge 6
2024-12-23T11:32:55Z,68.0,Charge 6
2024-12-23T11:32:58Z,68.0,Charge 6
2024-12-23T11:32:59Z,71.0,Charge 6
2024-12-23T11:33:01Z,76.0,Charge 6
2024-12-23T11:33:02Z,71.0,Charge 6
2024-12-23T11:33:04Z,68.0,Charge 6
2024-12-23T11:33:06Z,67.0,Charge 6
2024-12-23T11:33:08Z,68.0,Charge 6
2024-12-23T11:33:11Z,68.0,Charge 6
2024-12-23T11:33:12Z,69.0,Charge 6
2024-12-23T11:33:14Z,69.0,Charge 6
2024-12-23T11:33:17Z,69.0,Charge 6
2024-12-23T11:33:20Z,69.0,Charge 6
2024-12-23T11:33:22Z,70.0,Charge 6
2024-12-23T11:33:24Z,75.0,Charge 6
2024-12-23T11:33:26Z,79.0,Charge 6
2024-12-23T11:33:27Z,72.0,Charge 6
2024-12-23T11:33:29Z,73.0,Charge 6
2024-12-23T11:33:32Z,73.0,Charge 6
2024-12-23T11:33:33Z,74.0,Charge 6
2024-12-23T11:33:35Z,75.0,Charge 6
2024-12-23T11:33:38Z,75.0,Charge 6
2024-12-23T11:33:39Z,73.0,Charge 6
2024-12-23T11:33:42Z,73.0,Charge 6
2024-12-23T11:33:43Z,71.0,Charge 6
2024-12-23T11:33:46Z,71.0,Charge 6
2024-12-23T11:33:47Z,70.0,Charge 6
2024-12-23T11:33:50Z,70.0,Charge 6
2024-12-23T11:33:53Z,70.0,Charge 6
2024-12-23T11:33:56Z,70.0,Charge 6
2024-12-23T11:33:59Z,70.0,Charge 6
2024-12-23T11:34:02Z,70.0,Charge 6
2024-12-23T11:34:04Z,71.0,Charge 6
2024-12-23T11:34:07Z,71.0,Charge 6
2024-12-23T11:34:08Z,72.0,Charge 6
2024-12-23T11:34:10Z,70.0,Charge 6
2024-12-23T11:34:12Z,69.0,Charge 6
2024-12-23T11:34:15Z,68.0,Charge 6
2024-12-23T11:34:18Z,68.0,Charge 6
2024-12-23T11:34:21Z,68.0,Charge 6
2024-12-23T11:34:23Z,69.0,Charge 6
2024-12-23T11:34:25Z,70.0,Charge 6
2024-12-23T11:34:28Z,70.0,Charge 6
2024-12-23T11:34:31Z,70.0,Charge 6
2024-12-23T11:34:33Z,70.0,Charge 6
2024-12-23T11:34:35Z,70.0,Charge 6
2024-12-23T11:34:37Z,70.0,Charge 6
2024-12-23T11:34:40Z,70.0,Charge 6
2024-12-23T11:34:42Z,70.0,Charge 6
2024-12-23T11:34:44Z,70.0,Charge 6
2024-12-23T11:34:47Z,70.0,Charge 6
2024-12-23T11:34:50Z,70.0,Charge 6
2024-12-23T11:34:53Z,70.0,Charge 6
2024-12-23T11:34:54Z,70.0,Charge 6
2024-12-23T11:34:57Z,70.0,Charge 6
2024-12-23T11:34:58Z,69.0,Charge 6
2024-12-23T11:35:00Z,68.0,Charge 6
2024-12-23T11:35:03Z,68.0,Charge 6
2024-12-23T11:35:06Z,68.0,Charge 6
2024-12-23T11:35:07Z,68.0,Charge 6
2024-12-23T11:35:10Z,68.0,Charge 6
2024-12-23T11:35:13Z,69.0,Charge 6
2024-12-23T11:35:15Z,68.0,Charge 6
2024-12-23T11:35:18Z,68.0,Charge 6
2024-12-23T11:35:19Z,69.0,Charge 6
2024-12-23T11:35:21Z,70.0,Charge 6
2024-12-23T11:35:24Z,70.0,Charge 6
2024-12-23T11:35:27Z,70.0,Charge 6
2024-12-23T11:35:30Z,70.0,Charge 6
2024-12-23T11:35:32Z,69.0,Charge 6
2024-12-23T11:35:35Z,69.0,Charge 6
2024-12-23T11:35:36Z,69.0,Charge 6
2024-12-23T11:35:38Z,68.0,Charge 6
2024-12-23T11:35:41Z,68.0,Charge 6
2024-12-23T11:35:42Z,68.0,Charge 6
2024-12-23T11:35:44Z,68.0,Charge 6
2024-12-23T11:35:46Z,69.0,Charge 6
2024-12-23T11:35:49Z,69.0,Charge 6
2024-12-23T11:35:50Z,68.0,Charge 6
2024-12-23T11:35:53Z,68.0,Charge 6
2024-12-23T11:35:56Z,68.0,Charge 6
2024-12-23T11:35:59Z,68.0,Charge 6
2024-12-23T11:36:02Z,68.0,Charge 6
2024-12-23T11:36:03Z,69.0,Charge 6
2024-12-23T11:36:05Z,68.0,Charge 6
2024-12-23T11:36:08Z,68.0,Charge 6
2024-12-23T11:36:11Z,68.0,Charge 6
2024-12-23T11:36:14Z,68.0,Charge 6
2024-12-23T11:36:16Z,67.0,Charge 6
2024-12-23T11:36:18Z,66.0,Charge 6
2024-12-23T11:36:21Z,66.0,Charge 6
2024-12-23T11:36:22Z,67.0,Charge 6
2024-12-23T11:36:25Z,67.0,Charge 6
2024-12-23T11:36:26Z,68.0,Charge 6
2024-12-23T11:36:28Z,66.0,Charge 6
2024-12-23T11:36:31Z,66.0,Charge 6
2024-12-23T11:36:32Z,66.0,Charge 6
2024-12-23T11:36:35Z,66.0,Charge 6
2024-12-23T11:36:37Z,66.0,Charge 6
2024-12-23T11:36:39Z,67.0,Charge 6
2024-12-23T11:36:42Z,67.0,Charge 6
2024-12-23T11:36:45Z,68.0,Charge 6
2024-12-23T11:36:47Z,70.0,Charge 6
2024-12-23T11:36:49Z,72.0,Charge 6
2024-12-23T11:36:52Z,72.0,Charge 6
2024-12-23T11:36:55Z,72.0,Charge 6
2024-12-23T11:36:57Z,70.0,Charge 6
2024-12-23T11:37:00Z,69.0,Charge 6
2024-12-23T11:37:03Z,69.0,Charge 6
2024-12-23T11:37:04Z,70.0,Charge 6
2024-12-23T11:37:06Z,71.0,Charge 6
2024-12-23T11:37:09Z,71.0,Charge 6
2024-12-23T11:37:12Z,72.0,Charge 6
2024-12-23T11:37:15Z,72.0,Charge 6
2024-12-23T11:37:18Z,72.0,Charge 6
2024-12-23T11:37:20Z,71.0,Charge 6
2024-12-23T11:37:21Z,70.0,Charge 6
2024-12-23T11:37:24Z,70.0,Charge 6
2024-12-23T11:37:27Z,70.0,Charge 6
2024-12-23T11:37:30Z,70.0,Charge 6
2024-12-23T11:37:33Z,70.0,Charge 6
2024-12-23T11:37:36Z,70.0,Charge 6
2024-12-23T11:37:37Z,70.0,Charge 6
2024-12-23T11:37:40Z,70.0,Charge 6
2024-12-23T11:37:41Z,69.0,Charge 6
2024-12-23T11:37:43Z,69.0,Charge 6
2024-12-23T11:37:46Z,68.0,Charge 6
2024-12-23T11:37:49Z,68.0,Charge 6
2024-12-23T11:37:50Z,67.0,Charge 6
2024-12-23T11:37:52Z,68.0,Charge 6
2024-12-23T11:37:55Z,68.0,Charge 6
2024-12-23T11:37:58Z,68.0,Charge 6
2024-12-23T11:38:01Z,68.0,Charge 6
2024-12-23T11:38:02Z,68.0,Charge 6
2024-12-23T11:38:05Z,68.0,Charge 6
2024-12-23T11:38:06Z,69.0,Charge 6
2024-12-23T11:38:08Z,70.0,Charge 6
2024-12-23T11:38:09Z,69.0,Charge 6
2024-12-23T11:38:12Z,69.0,Charge 6
2024-12-23T11:38:13Z,70.0,Charge 6
2024-12-23T11:38:15Z,70.0,Charge 6
2024-12-23T11:38:17Z,72.0,Charge 6
2024-12-23T11:38:19Z,72.0,Charge 6
2024-12-23T11:38:22Z,72.0,Charge 6
2024-12-23T11:38:23Z,74.0,Charge 6
2024-12-23T11:38:25Z,73.0,Charge 6
2024-12-23T11:38:28Z,73.0,Charge 6
2024-12-23T11:38:29Z,72.0,Charge 6
2024-12-23T11:38:31Z,70.0,Charge 6
2024-12-23T11:38:33Z,69.0,Charge 6
2024-12-23T11:38:34Z,68.0,Charge 6
2024-12-23T11:38:36Z,68.0,Charge 6
2024-12-23T11:38:38Z,68.0,Charge 6
2024-12-23T11:38:40Z,69.0,Charge 6
2024-12-23T11:38:42Z,68.0,Charge 6
2024-12-23T11:38:44Z,68.0,Charge 6
2024-12-23T11:38:47Z,68.0,Charge 6
2024-12-23T11:38:50Z,68.0,Charge 6
2024-12-23T11:38:53Z,68.0,Charge 6
2024-12-23T11:38:56Z,69.0,Charge 6
2024-12-23T11:38:59Z,69.0,Charge 6
2024-12-23T11:39:01Z,70.0,Charge 6
2024-12-23T11:39:04Z,70.0,Charge 6
2024-12-23T11:39:07Z,70.0,Charge 6
2024-12-23T11:39:10Z,70.0,Charge 6
2024-12-23T11:39:11Z,69.0,Charge 6
2024-12-23T11:39:13Z,68.0,Charge 6
2024-12-23T11:39:15Z,68.0,Charge 6
2024-12-23T11:39:18Z,68.0,Charge 6
2024-12-23T11:39:19Z,68.0,Charge 6
2024-12-23T11:39:22Z,69.0,Charge 6
2024-12-23T11:39:24Z,70.0,Charge 6
2024-12-23T11:39:26Z,72.0,Charge 6
2024-12-23T11:39:28Z,74.0,Charge 6
2024-12-23T11:39:31Z,74.0,Charge 6
2024-12-23T11:39:34Z,74.0,Charge 6
2024-12-23T11:39:36Z,72.0,Charge 6
2024-12-23T11:39:38Z,73.0,Charge 6
2024-12-23T11:39:40Z,74.0,Charge 6
2024-12-23T11:39:42Z,76.0,Charge 6
2024-12-23T11:39:45Z,75.0,Charge 6
2024-12-23T11:39:48Z,75.0,Charge 6
2024-12-23T11:39:49Z,74.0,Charge 6
2024-12-23T11:39:52Z,74.0,Charge 6
2024-12-23T11:39:53Z,74.0,Charge 6
2024-12-23T11:39:56Z,74.0,Charge 6
2024-12-23T11:39:59Z,72.0,Charge 6
2024-12-23T11:40:02Z,72.0,Charge 6
2024-12-23T11:40:05Z,73.0,Charge 6
2024-12-23T11:40:07Z,73.0,Charge 6
2024-12-23T11:40:09Z,72.0,Charge 6
2024-12-23T11:40:10Z,71.0,Charge 6
2024-12-23T11:40:12Z,70.0,Charge 6
2024-12-23T11:40:14Z,71.0,Charge 6
2024-12-23T11:40:17Z,71.0,Charge 6
2024-12-23T11:40:18Z,72.0,Charge 6
2024-12-23T11:40:21Z,72.0,Charge 6
2024-12-23T11:40:24Z,72.0,Charge 6
2024-12-23T11:40:27Z,72.0,Charge 6
2024-12-23T11:40:30Z,72.0,Charge 6
2024-12-23T11:40:33Z,71.0,Charge 6
2024-12-23T11:40:35Z,70.0,Charge 6
2024-12-23T11:40:38Z,70.0,Charge 6
2024-12-23T11:40:39Z,70.0,Charge 6
2024-12-23T11:40:42Z,70.0,Charge 6
2024-12-23T11:40:45Z,70.0,Charge 6
2024-12-23T11:40:47Z,70.0,Charge 6
2024-12-23T11:40:49Z,70.0,Charge 6
2024-12-23T11:40:52Z,70.0,Charge 6
2024-12-23T11:40:53Z,71.0,Charge 6
2024-12-23T11:40:55Z,72.0,Charge 6
2024-12-23T11:40:58Z,71.0,Charge 6
2024-12-23T11:41:00Z,70.0,Charge 6
2024-12-23T11:41:02Z,70.0,Charge 6
2024-12-23T11:41:04Z,70.0,Charge 6
2024-12-23T11:41:07Z,70.0,Charge 6
2024-12-23T11:41:10Z,70.0,Charge 6
2024-12-23T11:41:13Z,70.0,Charge 6
2024-12-23T11:41:16Z,70.0,Charge 6
2024-12-23T11:41:19Z,70.0,Charge 6
2024-12-23T11:41:21Z,71.0,Charge 6
2024-12-23T11:41:24Z,71.0,Charge 6
2024-12-23T11:41:27Z,72.0,Charge 6
2024-12-23T11:41:30Z,72.0,Charge 6
2024-12-23T11:41:33Z,72.0,Charge 6
2024-12-23T11:41:36Z,72.0,Charge 6
2024-12-23T11:41:39Z,72.0,Charge 6
2024-12-23T11:41:42Z,72.0,Charge 6
2024-12-23T11:41:45Z,72.0,Charge 6
2024-12-23T11:41:48Z,71.0,Charge 6
2024-12-23T11:41:51Z,71.0,Charge 6
2024-12-23T11:41:52Z,71.0,Charge 6
2024-12-23T11:41:54Z,70.0,Charge 6
2024-12-23T11:41:56Z,70.0,Charge 6
2024-12-23T11:41:58Z,70.0,Charge 6
2024-12-23T11:42:01Z,70.0,Charge 6
2024-12-23T11:42:04Z,70.0,Charge 6
2024-12-23T11:42:07Z,70.0,Charge 6
2024-12-23T11:42:08Z,71.0,Charge 6
2024-12-23T11:42:09Z,70.0,Charge 6
2024-12-23T11:42:11Z,70.0,Charge 6
2024-12-23T11:42:14Z,70.0,Charge 6
2024-12-23T11:42:17Z,70.0,Charge 6
2024-12-23T11:42:19Z,70.0,Charge 6
2024-12-23T11:42:22Z,70.0,Charge 6
2024-12-23T11:42:25Z,70.0,Charge 6
2024-12-23T11:42:27Z,70.0,Charge 6
2024-12-23T11:42:29Z,70.0,Charge 6
2024-12-23T11:42:32Z,70.0,Charge 6
2024-12-23T11:42:34Z,69.0,Charge 6
2024-12-23T11:42:37Z,69.0,Charge 6
2024-12-23T11:42:38Z,70.0,Charge 6
2024-12-23T11:42:41Z,70.0,Charge 6
2024-12-23T11:42:42Z,69.0,Charge 6
2024-12-23T11:42:44Z,69.0,Charge 6
2024-12-23T11:42:47Z,69.0,Charge 6
2024-12-23T11:42:50Z,69.0,Charge 6
2024-12-23T11:42:53Z,69.0,Charge 6
2024-12-23T11:42:56Z,68.0,Charge 6
2024-12-23T11:42:57Z,67.0,Charge 6
2024-12-23T11:42:59Z,67.0,Charge 6
2024-12-23T11:43:01Z,68.0,Charge 6
2024-12-23T11:43:04Z,68.0,Charge 6
2024-12-23T11:43:05Z,68.0,Charge 6
2024-12-23T11:43:08Z,68.0,Charge 6
2024-12-23T11:43:09Z,67.0,Charge 6
2024-12-23T11:43:11Z,68.0,Charge 6
2024-12-23T11:43:13Z,70.0,Charge 6
2024-12-23T11:43:16Z,70.0,Charge 6
2024-12-23T11:43:17Z,69.0,Charge 6
2024-12-23T11:43:19Z,68.0,Charge 6
2024-12-23T11:43:21Z,67.0,Charge 6
2024-12-23T11:43:24Z,68.0,Charge 6
2024-12-23T11:43:26Z,69.0,Charge 6
2024-12-23T11:43:28Z,71.0,Charge 6
2024-12-23T11:43:30Z,72.0,Charge 6
2024-12-23T11:43:32Z,74.0,Charge 6
2024-12-23T11:43:35Z,74.0,Charge 6
2024-12-23T11:43:38Z,74.0,Charge 6
2024-12-23T11:43:41Z,74.0,Charge 6
2024-12-23T11:43:44Z,74.0,Charge 6
2024-12-23T11:43:45Z,73.0,Charge 6
2024-12-23T11:43:47Z,72.0,Charge 6
2024-12-23T11:43:50Z,72.0,Charge 6
2024-12-23T11:43:53Z,72.0,Charge 6
2024-12-23T11:43:56Z,72.0,Charge 6
2024-12-23T11:43:57Z,71.0,Charge 6
2024-12-23T11:43:59Z,70.0,Charge 6
2024-12-23T11:44:02Z,70.0,Charge 6
2024-12-23T11:44:03Z,71.0,Charge 6
2024-12-23T11:44:06Z,71.0,Charge 6
2024-12-23T11:44:09Z,71.0,Charge 6
2024-12-23T11:44:10Z,72.0,Charge 6
2024-12-23T11:44:13Z,72.0,Charge 6
2024-12-23T11:44:14Z,73.0,Charge 6
2024-12-23T11:44:17Z,73.0,Charge 6
2024-12-23T11:44:18Z,74.0,Charge 6
2024-12-23T11:44:21Z,74.0,Charge 6
2024-12-23T11:44:22Z,77.0,Charge 6
2024-12-23T11:44:24Z,78.0,Charge 6
2024-12-23T11:44:26Z,79.0,Charge 6
2024-12-23T11:44:28Z,80.0,Charge 6
2024-12-23T11:44:31Z,80.0,Charge 6
2024-12-23T11:44:32Z,81.0,Charge 6
2024-12-23T11:44:35Z,81.0,Charge 6
2024-12-23T11:44:37Z,80.0,Charge 6
2024-12-23T11:44:39Z,82.0,Charge 6
2024-12-23T11:44:42Z,82.0,Charge 6
2024-12-23T11:44:43Z,85.0,Charge 6
2024-12-23T11:44:45Z,88.0,Charge 6
2024-12-23T11:44:47Z,90.0,Charge 6
2024-12-23T11:44:49Z,91.0,Charge 6
2024-12-23T11:44:51Z,88.0,Charge 6
2024-12-23T11:44:53Z,82.0,Charge 6
2024-12-23T11:44:55Z,76.0,Charge 6
2024-12-23T11:44:57Z,72.0,Charge 6
2024-12-23T11:44:58Z,71.0,Charge 6
2024-12-23T11:45:00Z,69.0,Charge 6
2024-12-23T11:45:03Z,69.0,Charge 6
2024-12-23T11:45:06Z,70.0,Charge 6
2024-12-23T11:45:08Z,71.0,Charge 6
2024-12-23T11:45:11Z,71.0,Charge 6
2024-12-23T11:45:12Z,72.0,Charge 6
2024-12-23T11:45:15Z,72.0,Charge 6
2024-12-23T11:45:18Z,72.0,Charge 6
2024-12-23T11:45:21Z,73.0,Charge 6
2024-12-23T11:45:23Z,76.0,Charge 6
2024-12-23T11:45:25Z,78.0,Charge 6
2024-12-23T11:45:28Z,78.0,Charge 6
2024-12-23T11:45:29Z,76.0,Charge 6
2024-12-23T11:45:31Z,77.0,Charge 6
2024-12-23T11:45:33Z,80.0,Charge 6
2024-12-23T11:45:35Z,77.0,Charge 6
2024-12-23T11:45:38Z,77.0,Charge 6
2024-12-23T11:45:39Z,76.0,Charge 6
2024-12-23T11:45:41Z,78.0,Charge 6
2024-12-23T11:45:43Z,77.0,Charge 6
2024-12-23T11:45:45Z,75.0,Charge 6
2024-12-23T11:45:48Z,73.0,Charge 6
2024-12-23T11:45:50Z,72.0,Charge 6
2024-12-23T11:45:52Z,74.0,Charge 6
2024-12-23T11:45:54Z,75.0,Charge 6
2024-12-23T11:45:56Z,76.0,Charge 6
2024-12-23T11:45:58Z,76.0,Charge 6
2024-12-23T11:46:01Z,76.0,Charge 6
2024-12-23T11:46:04Z,76.0,Charge 6
2024-12-23T11:46:06Z,77.0,Charge 6
2024-12-23T11:46:08Z,78.0,Charge 6
2024-12-23T11:46:09Z,80.0,Charge 6
2024-12-23T11:46:11Z,76.0,Charge 6
2024-12-23T11:46:14Z,76.0,Charge 6
2024-12-23T11:46:17Z,73.0,Charge 6
2024-12-23T11:46:19Z,75.0,Charge 6
2024-12-23T11:46:21Z,77.0,Charge 6
2024-12-23T11:46:23Z,78.0,Charge 6
2024-12-23T11:46:25Z,79.0,Charge 6
2024-12-23T11:46:27Z,81.0,Charge 6
2024-12-23T11:46:30Z,81.0,Charge 6
2024-12-23T11:46:31Z,83.0,Charge 6
2024-12-23T11:46:33Z,84.0,Charge 6
2024-12-23T11:46:36Z,84.0,Charge 6
2024-12-23T11:46:38Z,85.0,Charge 6
2024-12-23T11:46:40Z,86.0,Charge 6
2024-12-23T11:46:42Z,87.0,Charge 6
2024-12-23T11:46:45Z,87.0,Charge 6
2024-12-23T11:46:48Z,87.0,Charge 6
2024-12-23T11:46:50Z,88.0,Charge 6
2024-12-23T11:46:53Z,88.0,Charge 6
2024-12-23T11:46:54Z,90.0,Charge 6
2024-12-23T11:46:56Z,89.0,Charge 6
2024-12-23T11:46:57Z,88.0,Charge 6
2024-12-23T11:46:59Z,89.0,Charge 6
2024-12-23T11:47:02Z,89.0,Charge 6
2024-12-23T11:47:03Z,88.0,Charge 6
2024-12-23T11:47:05Z,87.0,Charge 6
2024-12-23T11:47:08Z,87.0,Charge 6
2024-12-23T11:47:11Z,88.0,Charge 6
2024-12-23T11:47:14Z,88.0,Charge 6
2024-12-23T11:47:17Z,89.0,Charge 6
2024-12-23T11:47:19Z,90.0,Charge 6
2024-12-23T11:47:22Z,90.0,Charge 6
2024-12-23T11:47:25Z,90.0,Charge 6
2024-12-23T11:47:28Z,89.0,Charge 6
2024-12-23T11:47:30Z,91.0,Charge 6
2024-12-23T11:47:33Z,91.0,Charge 6
2024-12-23T11:47:34Z,93.0,Charge 6
2024-12-23T11:47:36Z,90.0,Charge 6
2024-12-23T11:47:38Z,89.0,Charge 6
2024-12-23T11:47:40Z,88.0,Charge 6
2024-12-23T11:47:42Z,87.0,Charge 6
2024-12-23T11:47:45Z,86.0,Charge 6
2024-12-23T11:47:48Z,86.0,Charge 6
2024-12-23T11:47:49Z,85.0,Charge 6
2024-12-23T11:47:52Z,85.0,Charge 6
2024-12-23T11:47:55Z,85.0,Charge 6
2024-12-23T11:47:57Z,85.0,Charge 6
2024-12-23T11:47:59Z,86.0,Charge 6
2024-12-23T11:48:02Z,86.0,Charge 6
2024-12-23T11:48:03Z,87.0,Charge 6
2024-12-23T11:48:05Z,86.0,Charge 6
2024-12-23T11:48:07Z,81.0,Charge 6
2024-12-23T11:48:09Z,78.0,Charge 6
2024-12-23T11:48:10Z,77.0,Charge 6
2024-12-23T11:48:13Z,77.0,Charge 6
2024-12-23T11:48:14Z,76.0,Charge 6
2024-12-23T11:48:17Z,76.0,Charge 6
2024-12-23T11:48:20Z,75.0,Charge 6
2024-12-23T11:48:22Z,75.0,Charge 6
2024-12-23T11:48:24Z,75.0,Charge 6
2024-12-23T11:48:26Z,74.0,Charge 6
2024-12-23T11:48:28Z,76.0,Charge 6
2024-12-23T11:48:30Z,77.0,Charge 6
2024-12-23T11:48:32Z,79.0,Charge 6
2024-12-23T11:48:35Z,80.0,Charge 6
2024-12-23T11:48:38Z,80.0,Charge 6
2024-12-23T11:48:41Z,79.0,Charge 6
2024-12-23T11:48:44Z,79.0,Charge 6
2024-12-23T11:48:47Z,78.0,Charge 6
2024-12-23T11:48:50Z,78.0,Charge 6
2024-12-23T11:48:51Z,77.0,Charge 6
2024-12-23T11:48:54Z,77.0,Charge 6
2024-12-23T11:48:55Z,76.0,Charge 6
2024-12-23T11:48:57Z,76.0,Charge 6
2024-12-23T11:49:00Z,75.0,Charge 6
2024-12-23T11:49:02Z,76.0,Charge 6
2024-12-23T11:49:05Z,76.0,Charge 6
2024-12-23T11:49:08Z,76.0,Charge 6
2024-12-23T11:49:10Z,77.0,Charge 6
2024-12-23T11:49:13Z,77.0,Charge 6
2024-12-23T11:49:16Z,77.0,Charge 6
2024-12-23T11:49:19Z,77.0,Charge 6
2024-12-23T11:49:20Z,78.0,Charge 6
2024-12-23T11:49:21Z,77.0,Charge 6
2024-12-23T11:49:23Z,75.0,Charge 6
2024-12-23T11:49:26Z,75.0,Charge 6
2024-12-23T11:49:27Z,74.0,Charge 6
2024-12-23T11:49:29Z,73.0,Charge 6
2024-12-23T11:49:32Z,73.0,Charge 6
2024-12-23T11:49:35Z,73.0,Charge 6
2024-12-23T11:49:37Z,74.0,Charge 6
2024-12-23T11:49:39Z,76.0,Charge 6
2024-12-23T11:49:41Z,75.0,Charge 6
2024-12-23T11:49:44Z,75.0,Charge 6
2024-12-23T11:49:47Z,75.0,Charge 6
2024-12-23T11:49:48Z,73.0,Charge 6
2024-12-23T11:49:50Z,72.0,Charge 6
2024-12-23T11:49:53Z,72.0,Charge 6
2024-12-23T11:49:54Z,71.0,Charge 6
2024-12-23T11:49:57Z,71.0,Charge 6
2024-12-23T11:49:58Z,71.0,Charge 6
2024-12-23T11:50:00Z,72.0,Charge 6
2024-12-23T11:50:02Z,72.0,Charge 6
2024-12-23T11:50:05Z,72.0,Charge 6
2024-12-23T11:50:08Z,72.0,Charge 6
2024-12-23T11:50:11Z,74.0,Charge 6
2024-12-23T11:50:13Z,75.0,Charge 6
2024-12-23T11:50:15Z,76.0,Charge 6
2024-12-23T11:50:18Z,76.0,Charge 6
2024-12-23T11:50:19Z,77.0,Charge 6
2024-12-23T11:50:21Z,79.0,Charge 6
2024-12-23T11:50:24Z,79.0,Charge 6
2024-12-23T11:50:25Z,78.0,Charge 6
2024-12-23T11:50:28Z,78.0,Charge 6
2024-12-23T11:50:31Z,79.0,Charge 6
2024-12-23T11:50:34Z,79.0,Charge 6
2024-12-23T11:50:36Z,80.0,Charge 6
2024-12-23T11:50:38Z,79.0,Charge 6
2024-12-23T11:50:41Z,79.0,Charge 6
2024-12-23T11:50:44Z,78.0,Charge 6
2024-12-23T11:50:47Z,78.0,Charge 6
2024-12-23T11:50:48Z,79.0,Charge 6
2024-12-23T11:50:51Z,79.0,Charge 6
2024-12-23T11:50:52Z,80.0,Charge 6
2024-12-23T11:50:54Z,79.0,Charge 6
2024-12-23T11:50:56Z,78.0,Charge 6
2024-12-23T11:50:59Z,78.0,Charge 6
2024-12-23T11:51:01Z,81.0,Charge 6
2024-12-23T11:51:03Z,83.0,Charge 6
2024-12-23T11:51:06Z,82.0,Charge 6
2024-12-23T11:51:08Z,79.0,Charge 6
2024-12-23T11:51:10Z,76.0,Charge 6
2024-12-23T11:51:12Z,74.0,Charge 6
2024-12-23T11:51:15Z,73.0,Charge 6
2024-12-23T11:51:18Z,73.0,Charge 6
2024-12-23T11:51:21Z,73.0,Charge 6
2024-12-23T11:51:23Z,74.0,Charge 6
2024-12-23T11:51:26Z,74.0,Charge 6
2024-12-23T11:51:27Z,72.0,Charge 6
2024-12-23T11:51:29Z,73.0,Charge 6
2024-12-23T11:51:31Z,74.0,Charge 6
2024-12-23T11:51:34Z,74.0,Charge 6
2024-12-23T11:51:37Z,75.0,Charge 6
2024-12-23T11:51:39Z,77.0,Charge 6
2024-12-23T11:51:40Z,79.0,Charge 6
2024-12-23T11:51:42Z,81.0,Charge 6
2024-12-23T11:51:45Z,81.0,Charge 6
2024-12-23T11:51:48Z,80.0,Charge 6
2024-12-23T11:51:51Z,80.0,Charge 6
2024-12-23T11:51:54Z,77.0,Charge 6
2024-12-23T11:51:56Z,76.0,Charge 6
2024-12-23T11:51:58Z,75.0,Charge 6
2024-12-23T11:52:00Z,74.0,Charge 6
2024-12-23T11:52:02Z,75.0,Charge 6
2024-12-23T11:52:03Z,73.0,Charge 6
2024-12-23T11:52:05Z,72.0,Charge 6
2024-12-23T11:52:07Z,70.0,Charge 6
2024-12-23T11:52:10Z,70.0,Charge 6
2024-12-23T11:52:13Z,72.0,Charge 6
2024-12-23T11:52:16Z,72.0,Charge 6
2024-12-23T11:52:17Z,73.0,Charge 6
2024-12-23T11:52:19Z,74.0,Charge 6
2024-12-23T11:52:21Z,73.0,Charge 6
2024-12-23T11:52:23Z,74.0,Charge 6
2024-12-23T11:52:25Z,75.0,Charge 6
2024-12-23T11:52:27Z,74.0,Charge 6
2024-12-23T11:52:30Z,74.0,Charge 6
2024-12-23T11:52:32Z,73.0,Charge 6
2024-12-23T11:52:35Z,73.0,Charge 6
2024-12-23T11:52:36Z,74.0,Charge 6
2024-12-23T11:52:39Z,74.0,Charge 6
2024-12-23T11:52:42Z,73.0,Charge 6
2024-12-23T11:52:44Z,72.0,Charge 6
2024-12-23T11:52:47Z,72.0,Charge 6
2024-12-23T11:52:48Z,71.0,Charge 6
2024-12-23T11:52:50Z,70.0,Charge 6
2024-12-23T11:52:51Z,72.0,Charge 6
2024-12-23T11:52:53Z,76.0,Charge 6
2024-12-23T11:52:55Z,75.0,Charge 6
2024-12-23T11:52:57Z,73.0,Charge 6
2024-12-23T11:52:59Z,71.0,Charge 6
2024-12-23T11:53:01Z,69.0,Charge 6
2024-12-23T11:53:04Z,69.0,Charge 6
2024-12-23T11:53:05Z,68.0,Charge 6
2024-12-23T11:53:07Z,69.0,Charge 6
2024-12-23T11:53:10Z,69.0,Charge 6
2024-12-23T11:53:13Z,68.0,Charge 6
2024-12-23T11:53:16Z,68.0,Charge 6
2024-12-23T11:53:19Z,68.0,Charge 6
2024-12-23T11:53:22Z,67.0,Charge 6
2024-12-23T11:53:24Z,68.0,Charge 6
2024-12-23T11:53:26Z,70.0,Charge 6
2024-12-23T11:53:28Z,69.0,Charge 6
2024-12-23T11:53:31Z,69.0,Charge 6
2024-12-23T11:53:32Z,68.0,Charge 6
2024-12-23T11:53:34Z,69.0,Charge 6
2024-12-23T11:53:36Z,68.0,Charge 6
2024-12-23T11:53:39Z,67.0,Charge 6
2024-12-23T11:53:42Z,67.0,Charge 6
2024-12-23T11:53:45Z,67.0,Charge 6
2024-12-23T11:53:47Z,68.0,Charge 6
2024-12-23T11:53:50Z,68.0,Charge 6
2024-12-23T11:53:51Z,69.0,Charge 6
2024-12-23T11:53:54Z,69.0,Charge 6
2024-12-23T11:53:55Z,70.0,Charge 6
2024-12-23T11:53:57Z,72.0,Charge 6
2024-12-23T11:54:00Z,72.0,Charge 6
2024-12-23T11:54:01Z,75.0,Charge 6
2024-12-23T11:54:03Z,77.0,Charge 6
2024-12-23T11:54:04Z,78.0,Charge 6
2024-12-23T11:54:06Z,80.0,Charge 6
2024-12-23T11:54:09Z,80.0,Charge 6
2024-12-23T11:54:12Z,83.0,Charge 6
2024-12-23T11:54:15Z,83.0,Charge 6
2024-12-23T11:54:16Z,82.0,Charge 6
2024-12-23T11:54:18Z,80.0,Charge 6
2024-12-23T11:54:20Z,77.0,Charge 6
2024-12-23T11:54:22Z,75.0,Charge 6
2024-12-23T11:54:25Z,75.0,Charge 6
2024-12-23T11:54:28Z,75.0,Charge 6
2024-12-23T11:54:31Z,75.0,Charge 6
2024-12-23T11:54:33Z,73.0,Charge 6
2024-12-23T11:54:35Z,72.0,Charge 6
2024-12-23T11:54:37Z,73.0,Charge 6
2024-12-23T11:54:40Z,73.0,Charge 6
2024-12-23T11:54:43Z,72.0,Charge 6
2024-12-23T11:54:46Z,72.0,Charge 6
2024-12-23T11:54:49Z,72.0,Charge 6
2024-12-23T11:54:52Z,74.0,Charge 6
2024-12-23T11:54:55Z,74.0,Charge 6
2024-12-23T11:54:58Z,74.0,Charge 6
2024-12-23T11:55:01Z,74.0,Charge 6
2024-12-23T11:55:02Z,76.0,Charge 6
2024-12-23T11:55:04Z,78.0,Charge 6
2024-12-23T11:55:07Z,78.0,Charge 6
2024-12-23T11:55:08Z,76.0,Charge 6
2024-12-23T11:55:10Z,75.0,Charge 6
2024-12-23T11:55:12Z,74.0,Charge 6
2024-12-23T11:55:14Z,72.0,Charge 6
2024-12-23T11:55:15Z,73.0,Charge 6
2024-12-23T11:55:17Z,72.0,Charge 6
2024-12-23T11:55:20Z,72.0,Charge 6
2024-12-23T11:55:23Z,72.0,Charge 6
2024-12-23T11:55:25Z,72.0,Charge 6
2024-12-23T11:55:27Z,73.0,Charge 6
2024-12-23T11:55:30Z,73.0,Charge 6
2024-12-23T11:55:31Z,74.0,Charge 6
2024-12-23T11:55:34Z,74.0,Charge 6
2024-12-23T11:55:37Z,74.0,Charge 6
2024-12-23T11:55:40Z,74.0,Charge 6
2024-12-23T11:55:42Z,75.0,Charge 6
2024-12-23T11:55:44Z,77.0,Charge 6
2024-12-23T11:55:46Z,78.0,Charge 6
2024-12-23T11:55:48Z,79.0,Charge 6
2024-12-23T11:55:50Z,80.0,Charge 6
2024-12-23T11:55:52Z,79.0,Charge 6
2024-12-23T11:55:54Z,79.0,Charge 6
2024-12-23T11:55:56Z,78.0,Charge 6
2024-12-23T11:55:59Z,78.0,Charge 6
2024-12-23T11:56:00Z,76.0,Charge 6
2024-12-23T11:56:03Z,74.0,Charge 6
2024-12-23T11:56:05Z,73.0,Charge 6
2024-12-23T11:56:07Z,73.0,Charge 6
2024-12-23T11:56:09Z,72.0,Charge 6
2024-12-23T11:56:11Z,70.0,Charge 6
2024-12-23T11:56:14Z,70.0,Charge 6
2024-12-23T11:56:17Z,70.0,Charge 6
2024-12-23T11:56:20Z,70.0,Charge 6
2024-12-23T11:56:23Z,70.0,Charge 6
2024-12-23T11:56:26Z,70.0,Charge 6
2024-12-23T11:56:28Z,70.0,Charge 6
2024-12-23T11:56:31Z,70.0,Charge 6
2024-12-23T11:56:34Z,70.0,Charge 6
2024-12-23T11:56:36Z,70.0,Charge 6
2024-12-23T11:56:39Z,70.0,Charge 6
2024-12-23T11:56:40Z,71.0,Charge 6
2024-12-23T11:56:42Z,72.0,Charge 6
2024-12-23T11:56:44Z,71.0,Charge 6
2024-12-23T11:56:46Z,70.0,Charge 6
2024-12-23T11:56:49Z,70.0,Charge 6
2024-12-23T11:56:50Z,70.0,Charge 6
2024-12-23T11:56:51Z,70.0,Charge 6
2024-12-23T11:56:54Z,70.0,Charge 6
2024-12-23T11:56:55Z,71.0,Charge 6
2024-12-23T11:56:57Z,72.0,Charge 6
2024-12-23T11:57:00Z,72.0,Charge 6
2024-12-23T11:57:03Z,72.0,Charge 6
2024-12-23T11:57:06Z,72.0,Charge 6
2024-12-23T11:57:07Z,72.0,Charge 6
2024-12-23T11:57:09Z,72.0,Charge 6
2024-12-23T11:57:12Z,72.0,Charge 6
2024-12-23T11:57:13Z,71.0,Charge 6
2024-12-23T11:57:15Z,70.0,Charge 6
2024-12-23T11:57:18Z,70.0,Charge 6
2024-12-23T11:57:21Z,70.0,Charge 6
2024-12-23T11:57:22Z,71.0,Charge 6
2024-12-23T11:57:24Z,70.0,Charge 6
2024-12-23T11:57:27Z,70.0,Charge 6
2024-12-23T11:57:28Z,69.0,Charge 6
2024-12-23T11:57:30Z,69.0,Charge 6
2024-12-23T11:57:32Z,70.0,Charge 6
2024-12-23T11:57:35Z,70.0,Charge 6
2024-12-23T11:57:36Z,70.0,Charge 6
2024-12-23T11:57:38Z,72.0,Charge 6
2024-12-23T11:57:39Z,72.0,Charge 6
2024-12-23T11:57:42Z,72.0,Charge 6
2024-12-23T11:57:45Z,73.0,Charge 6
2024-12-23T11:57:48Z,73.0,Charge 6
2024-12-23T11:57:51Z,73.0,Charge 6
2024-12-23T11:57:53Z,73.0,Charge 6
2024-12-23T11:57:55Z,72.0,Charge 6
2024-12-23T11:57:58Z,72.0,Charge 6
2024-12-23T11:57:59Z,72.0,Charge 6
2024-12-23T11:58:02Z,72.0,Charge 6
2024-12-23T11:58:03Z,72.0,Charge 6
2024-12-23T11:58:04Z,71.0,Charge 6
2024-12-23T11:58:06Z,70.0,Charge 6
2024-12-23T11:58:09Z,70.0,Charge 6
2024-12-23T11:58:10Z,71.0,Charge 6
2024-12-23T11:58:12Z,71.0,Charge 6
2024-12-23T11:58:14Z,72.0,Charge 6
2024-12-23T11:58:16Z,71.0,Charge 6
2024-12-23T11:58:18Z,70.0,Charge 6
2024-12-23T11:58:20Z,70.0,Charge 6
2024-12-23T11:58:22Z,71.0,Charge 6
2024-12-23T11:58:24Z,72.0,Charge 6
2024-12-23T11:58:26Z,76.0,Charge 6
2024-12-23T11:58:27Z,78.0,Charge 6
2024-12-23T11:58:29Z,79.0,Charge 6
2024-12-23T11:58:31Z,81.0,Charge 6
2024-12-23T11:58:33Z,82.0,Charge 6
2024-12-23T11:58:36Z,82.0,Charge 6
2024-12-23T11:58:37Z,81.0,Charge 6
2024-12-23T11:58:39Z,80.0,Charge 6
2024-12-23T11:58:42Z,80.0,Charge 6
2024-12-23T11:58:43Z,79.0,Charge 6
2024-12-23T11:58:46Z,79.0,Charge 6
2024-12-23T11:58:47Z,78.0,Charge 6
2024-12-23T11:58:50Z,78.0,Charge 6
2024-12-23T11:58:51Z,78.0,Charge 6
2024-12-23T11:58:54Z,78.0,Charge 6
2024-12-23T11:58:56Z,76.0,Charge 6
2024-12-23T11:58:59Z,76.0,Charge 6
2024-12-23T11:59:00Z,74.0,Charge 6
2024-12-23T11:59:03Z,74.0,Charge 6
2024-12-23T11:59:06Z,74.0,Charge 6
2024-12-23T11:59:08Z,73.0,Charge 6
2024-12-23T11:59:10Z,74.0,Charge 6
2024-12-23T11:59:13Z,74.0,Charge 6
2024-12-23T11:59:14Z,73.0,Charge 6
2024-12-23T11:59:15Z,75.0,Charge 6
2024-12-23T11:59:17Z,77.0,Charge 6
2024-12-23T11:59:19Z,78.0,Charge 6
2024-12-23T11:59:22Z,78.0,Charge 6
2024-12-23T11:59:23Z,79.0,Charge 6
2024-12-23T11:59:25Z,83.0,Charge 6
2024-12-23T11:59:27Z,84.0,Charge 6
2024-12-23T11:59:29Z,83.0,Charge 6
2024-12-23T11:59:31Z,80.0,Charge 6
2024-12-23T11:59:34Z,80.0,Charge 6
2024-12-23T11:59:37Z,81.0,Charge 6
2024-12-23T11:59:39Z,82.0,Charge 6
2024-12-23T11:59:40Z,84.0,Charge 6
2024-12-23T11:59:42Z,85.0,Charge 6
2024-12-23T11:59:44Z,86.0,Charge 6
2024-12-23T11:59:46Z,88.0,Charge 6
2024-12-23T11:59:49Z,88.0,Charge 6
2024-12-23T11:59:52Z,87.0,Charge 6
2024-12-23T11:59:54Z,84.0,Charge 6
2024-12-23T11:59:56Z,82.0,Charge 6
2024-12-23T11:59:58Z,80.0,Charge 6
2024-12-23T12:00:00Z,78.0,Charge 6
2024-12-23T12:00:02Z,77.0,Charge 6
2024-12-23T12:00:03Z,76.0,Charge 6
2024-12-23T12:00:05Z,75.0,Charge 6
2024-12-23T12:00:08Z,75.0,Charge 6
2024-12-23T12:00:09Z,74.0,Charge 6
2024-12-23T12:00:12Z,74.0,Charge 6
2024-12-23T12:00:13Z,73.0,Charge 6
2024-12-23T12:00:15Z,72.0,Charge 6
2024-12-23T12:00:18Z,72.0,Charge 6
2024-12-23T12:00:19Z,71.0,Charge 6
2024-12-23T12:00:21Z,70.0,Charge 6
2024-12-23T12:00:24Z,70.0,Charge 6
2024-12-23T12:00:27Z,70.0,Charge 6
2024-12-23T12:00:30Z,70.0,Charge 6
2024-12-23T12:00:33Z,70.0,Charge 6
2024-12-23T12:00:36Z,70.0,Charge 6
2024-12-23T12:00:39Z,70.0,Charge 6
2024-12-23T12:00:42Z,70.0,Charge 6
2024-12-23T12:00:44Z,69.0,Charge 6
2024-12-23T12:00:46Z,70.0,Charge 6
2024-12-23T12:00:49Z,70.0,Charge 6
2024-12-23T12:00:51Z,69.0,Charge 6
2024-12-23T12:00:53Z,69.0,Charge 6
2024-12-23T12:00:56Z,69.0,Charge 6
2024-12-23T12:00:57Z,69.0,Charge 6
2024-12-23T12:00:59Z,70.0,Charge 6
2024-12-23T12:01:01Z,69.0,Charge 6
2024-12-23T12:01:04Z,69.0,Charge 6
2024-12-23T12:01:05Z,70.0,Charge 6
2024-12-23T12:01:07Z,69.0,Charge 6
2024-12-23T12:01:09Z,70.0,Charge 6
2024-12-23T12:01:12Z,70.0,Charge 6
2024-12-23T12:01:15Z,70.0,Charge 6
2024-12-23T12:01:18Z,70.0,Charge 6
2024-12-23T12:01:21Z,70.0,Charge 6
2024-12-23T12:01:22Z,71.0,Charge 6
2024-12-23T12:01:25Z,71.0,Charge 6
2024-12-23T12:01:26Z,70.0,Charge 6
2024-12-23T12:01:29Z,70.0,Charge 6
2024-12-23T12:01:32Z,71.0,Charge 6
2024-12-23T12:01:34Z,72.0,Charge 6
2024-12-23T12:01:37Z,72.0,Charge 6
2024-12-23T12:01:38Z,72.0,Charge 6
2024-12-23T12:01:41Z,71.0,Charge 6
2024-12-23T12:01:43Z,72.0,Charge 6
2024-12-23T12:01:46Z,72.0,Charge 6
2024-12-23T12:01:47Z,73.0,Charge 6
2024-12-23T12:01:50Z,73.0,Charge 6
2024-12-23T12:01:53Z,72.0,Charge 6
2024-12-23T12:01:56Z,72.0,Charge 6
2024-12-23T12:01:59Z,72.0,Charge 6
2024-12-23T12:02:01Z,70.0,Charge 6
2024-12-23T12:02:03Z,70.0,Charge 6
2024-12-23T12:02:04Z,69.0,Charge 6
2024-12-23T12:02:06Z,70.0,Charge 6
2024-12-23T12:02:08Z,69.0,Charge 6
2024-12-23T12:02:10Z,68.0,Charge 6
2024-12-23T12:02:13Z,68.0,Charge 6
2024-12-23T12:02:16Z,69.0,Charge 6
2024-12-23T12:02:19Z,69.0,Charge 6
2024-12-23T12:02:20Z,70.0,Charge 6
2024-12-23T12:02:23Z,70.0,Charge 6
2024-12-23T12:02:26Z,70.0,Charge 6
2024-12-23T12:02:29Z,70.0,Charge 6
2024-12-23T12:02:32Z,70.0,Charge 6
2024-12-23T12:02:35Z,70.0,Charge 6
2024-12-23T12:02:38Z,70.0,Charge 6
2024-12-23T12:02:41Z,70.0,Charge 6
2024-12-23T12:02:44Z,70.0,Charge 6
2024-12-23T12:02:47Z,70.0,Charge 6
2024-12-23T12:02:50Z,70.0,Charge 6
2024-12-23T12:02:53Z,70.0,Charge 6
2024-12-23T12:02:54Z,69.0,Charge 6
2024-12-23T12:02:56Z,68.0,Charge 6
2024-12-23T12:02:59Z,68.0,Charge 6
2024-12-23T12:03:02Z,68.0,Charge 6
2024-12-23T12:03:04Z,69.0,Charge 6
2024-12-23T12:03:06Z,70.0,Charge 6
2024-12-23T12:03:09Z,70.0,Charge 6
2024-12-23T12:03:10Z,70.0,Charge 6
2024-12-23T12:03:13Z,70.0,Charge 6
2024-12-23T12:03:14Z,70.0,Charge 6
2024-12-23T12:03:17Z,70.0,Charge 6
2024-12-23T12:03:20Z,70.0,Charge 6
2024-12-23T12:03:21Z,70.0,Charge 6
2024-12-23T12:03:24Z,70.0,Charge 6
2024-12-23T12:03:27Z,70.0,Charge 6
2024-12-23T12:03:30Z,70.0,Charge 6
2024-12-23T12:03:33Z,71.0,Charge 6
2024-12-23T12:03:35Z,72.0,Charge 6
2024-12-23T12:03:37Z,73.0,Charge 6
2024-12-23T12:03:39Z,74.0,Charge 6
2024-12-23T12:03:40Z,75.0,Charge 6
2024-12-23T12:03:43Z,75.0,Charge 6
2024-12-23T12:03:44Z,74.0,Charge 6
2024-12-23T12:03:46Z,72.0,Charge 6
2024-12-23T12:03:48Z,70.0,Charge 6
2024-12-23T12:03:50Z,71.0,Charge 6
2024-12-23T12:03:53Z,71.0,Charge 6
2024-12-23T12:03:56Z,70.0,Charge 6
2024-12-23T12:03:59Z,70.0,Charge 6
2024-12-23T12:04:02Z,68.0,Charge 6
2024-12-23T12:04:05Z,67.0,Charge 6
2024-12-23T12:04:07Z,66.0,Charge 6
2024-12-23T12:04:10Z,66.0,Charge 6
2024-12-23T12:04:13Z,66.0,Charge 6
2024-12-23T12:04:15Z,66.0,Charge 6
2024-12-23T12:04:17Z,66.0,Charge 6
2024-12-23T12:04:19Z,66.0,Charge 6
2024-12-23T12:04:21Z,66.0,Charge 6
2024-12-23T12:04:24Z,66.0,Charge 6
2024-12-23T12:04:25Z,65.0,Charge 6
2024-12-23T12:04:27Z,65.0,Charge 6
2024-12-23T12:04:30Z,66.0,Charge 6
2024-12-23T12:04:32Z,67.0,Charge 6
2024-12-23T12:04:34Z,68.0,Charge 6
2024-12-23T12:04:36Z,67.0,Charge 6
2024-12-23T12:04:38Z,66.0,Charge 6
2024-12-23T12:04:41Z,66.0,Charge 6
2024-12-23T12:04:44Z,66.0,Charge 6
2024-12-23T12:04:46Z,68.0,Charge 6
2024-12-23T12:04:49Z,68.0,Charge 6
2024-12-23T12:04:51Z,69.0,Charge 6
2024-12-23T12:04:53Z,70.0,Charge 6
2024-12-23T12:04:56Z,70.0,Charge 6
2024-12-23T12:04:57Z,70.0,Charge 6
2024-12-23T12:04:59Z,71.0,Charge 6
2024-12-23T12:05:01Z,70.0,Charge 6
2024-12-23T12:05:04Z,70.0,Charge 6
2024-12-23T12:05:05Z,71.0,Charge 6
2024-12-23T12:05:08Z,71.0,Charge 6
2024-12-23T12:05:11Z,70.0,Charge 6
2024-12-23T12:05:14Z,70.0,Charge 6
2024-12-23T12:05:15Z,70.0,Charge 6
2024-12-23T12:05:16Z,71.0,Charge 6
2024-12-23T12:05:19Z,71.0,Charge 6
2024-12-23T12:05:22Z,72.0,Charge 6
2024-12-23T12:05:25Z,72.0,Charge 6
2024-12-23T12:05:26Z,71.0,Charge 6
2024-12-23T12:05:28Z,73.0,Charge 6
2024-12-23T12:05:31Z,73.0,Charge 6
2024-12-23T12:05:32Z,72.0,Charge 6
2024-12-23T12:05:35Z,72.0,Charge 6
2024-12-23T12:05:38Z,72.0,Charge 6
2024-12-23T12:05:41Z,73.0,Charge 6
2024-12-23T12:05:44Z,73.0,Charge 6
2024-12-23T12:05:45Z,72.0,Charge 6
2024-12-23T12:05:47Z,71.0,Charge 6
2024-12-23T12:05:49Z,70.0,Charge 6
2024-12-23T12:05:52Z,70.0,Charge 6
2024-12-23T12:05:55Z,70.0,Charge 6
2024-12-23T12:05:57Z,69.0,Charge 6
2024-12-23T12:06:00Z,69.0,Charge 6
2024-12-23T12:06:03Z,70.0,Charge 6
2024-12-23T12:06:04Z,71.0,Charge 6
2024-12-23T12:06:06Z,73.0,Charge 6
2024-12-23T12:06:08Z,75.0,Charge 6
2024-12-23T12:06:10Z,77.0,Charge 6
2024-12-23T12:06:12Z,81.0,Charge 6
2024-12-23T12:06:15Z,81.0,Charge 6
2024-12-23T12:06:17Z,85.0,Charge 6
2024-12-23T12:06:19Z,87.0,Charge 6
2024-12-23T12:06:21Z,86.0,Charge 6
2024-12-23T12:06:22Z,87.0,Charge 6
2024-12-23T12:06:24Z,88.0,Charge 6
2024-12-23T12:06:26Z,89.0,Charge 6
2024-12-23T12:06:28Z,87.0,Charge 6
2024-12-23T12:06:30Z,86.0,Charge 6
2024-12-23T12:06:32Z,87.0,Charge 6
2024-12-23T12:06:34Z,86.0,Charge 6
2024-12-23T12:06:36Z,89.0,Charge 6
2024-12-23T12:06:38Z,92.0,Charge 6
2024-12-23T12:06:40Z,90.0,Charge 6
2024-12-23T12:06:43Z,90.0,Charge 6
2024-12-23T12:06:44Z,84.0,Charge 6
2024-12-23T12:06:45Z,82.0,Charge 6
2024-12-23T12:06:47Z,84.0,Charge 6
2024-12-23T12:06:49Z,83.0,Charge 6
2024-12-23T12:06:51Z,81.0,Charge 6
2024-12-23T12:06:53Z,80.0,Charge 6
2024-12-23T12:06:55Z,81.0,Charge 6
2024-12-23T12:06:57Z,79.0,Charge 6
2024-12-23T12:06:59Z,77.0,Charge 6
2024-12-23T12:07:01Z,76.0,Charge 6
2024-12-23T12:07:03Z,75.0,Charge 6
2024-12-23T12:07:06Z,75.0,Charge 6
2024-12-23T12:07:07Z,76.0,Charge 6
2024-12-23T12:07:09Z,77.0,Charge 6
2024-12-23T12:07:10Z,75.0,Charge 6
2024-12-23T12:07:13Z,75.0,Charge 6
2024-12-23T12:07:14Z,74.0,Charge 6
2024-12-23T12:07:16Z,74.0,Charge 6
2024-12-23T12:07:18Z,74.0,Charge 6
2024-12-23T12:07:21Z,74.0,Charge 6
2024-12-23T12:07:22Z,73.0,Charge 6
2024-12-23T12:07:24Z,72.0,Charge 6
2024-12-23T12:07:27Z,72.0,Charge 6
2024-12-23T12:07:30Z,72.0,Charge 6
2024-12-23T12:07:32Z,73.0,Charge 6
2024-12-23T12:07:35Z,75.0,Charge 6
2024-12-23T12:07:37Z,77.0,Charge 6
2024-12-23T12:07:39Z,78.0,Charge 6
2024-12-23T12:07:41Z,79.0,Charge 6
2024-12-23T12:07:43Z,78.0,Charge 6
2024-12-23T12:07:45Z,76.0,Charge 6
2024-12-23T12:07:47Z,75.0,Charge 6
2024-12-23T12:07:49Z,74.0,Charge 6
2024-12-23T12:07:51Z,74.0,Charge 6
2024-12-23T12:07:54Z,74.0,Charge 6
2024-12-23T12:07:55Z,74.0,Charge 6
2024-12-23T12:07:57Z,73.0,Charge 6
2024-12-23T12:08:00Z,74.0,Charge 6
2024-12-23T12:08:02Z,75.0,Charge 6
2024-12-23T12:08:04Z,76.0,Charge 6
2024-12-23T12:08:06Z,79.0,Charge 6
2024-12-23T12:08:08Z,81.0,Charge 6
2024-12-23T12:08:11Z,81.0,Charge 6
2024-12-23T12:08:12Z,83.0,Charge 6
2024-12-23T12:08:15Z,83.0,Charge 6
2024-12-23T12:08:18Z,83.0,Charge 6
2024-12-23T12:08:21Z,84.0,Charge 6
2024-12-23T12:08:23Z,82.0,Charge 6
2024-12-23T12:08:25Z,79.0,Charge 6
2024-12-23T12:08:28Z,79.0,Charge 6
2024-12-23T12:08:29Z,78.0,Charge 6
2024-12-23T12:08:31Z,79.0,Charge 6
2024-12-23T12:08:34Z,79.0,Charge 6
2024-12-23T12:08:35Z,80.0,Charge 6
2024-12-23T12:08:38Z,80.0,Charge 6
2024-12-23T12:08:39Z,81.0,Charge 6
2024-12-23T12:08:41Z,82.0,Charge 6
2024-12-23T12:08:43Z,81.0,Charge 6
2024-12-23T12:08:45Z,80.0,Charge 6
2024-12-23T12:08:48Z,80.0,Charge 6
2024-12-23T12:08:50Z,79.0,Charge 6
2024-12-23T12:08:53Z,79.0,Charge 6
2024-12-23T12:08:54Z,78.0,Charge 6
2024-12-23T12:08:56Z,77.0,Charge 6
2024-12-23T12:08:58Z,76.0,Charge 6
2024-12-23T12:09:01Z,76.0,Charge 6
2024-12-23T12:09:04Z,74.0,Charge 6
2024-12-23T12:09:06Z,74.0,Charge 6
2024-12-23T12:09:09Z,72.0,Charge 6
2024-12-23T12:09:11Z,72.0,Charge 6
2024-12-23T12:09:14Z,72.0,Charge 6
2024-12-23T12:09:17Z,74.0,Charge 6
2024-12-23T12:09:20Z,74.0,Charge 6
2024-12-23T12:09:23Z,74.0,Charge 6
2024-12-23T12:09:26Z,74.0,Charge 6
2024-12-23T12:09:29Z,74.0,Charge 6
2024-12-23T12:09:32Z,74.0,Charge 6
2024-12-23T12:09:35Z,74.0,Charge 6
2024-12-23T12:09:36Z,76.0,Charge 6
2024-12-23T12:09:39Z,76.0,Charge 6
2024-12-23T12:09:42Z,76.0,Charge 6
2024-12-23T12:09:44Z,76.0,Charge 6
2024-12-23T12:09:47Z,76.0,Charge 6
2024-12-23T12:09:48Z,76.0,Charge 6
2024-12-23T12:09:51Z,76.0,Charge 6
2024-12-23T12:09:52Z,74.0,Charge 6
2024-12-23T12:09:55Z,74.0,Charge 6
2024-12-23T12:09:57Z,74.0,Charge 6
2024-12-23T12:10:00Z,74.0,Charge 6
2024-12-23T12:10:01Z,74.0,Charge 6
2024-12-23T12:10:04Z,74.0,Charge 6
2024-12-23T12:10:07Z,75.0,Charge 6
2024-12-23T12:10:10Z,75.0,Charge 6
2024-12-23T12:10:11Z,74.0,Charge 6
2024-12-23T12:10:13Z,74.0,Charge 6
2024-12-23T12:10:16Z,74.0,Charge 6
2024-12-23T12:10:19Z,74.0,Charge 6
2024-12-23T12:10:21Z,74.0,Charge 6
2024-12-23T12:10:22Z,72.0,Charge 6
2024-12-23T12:10:24Z,72.0,Charge 6
2024-12-23T12:10:26Z,73.0,Charge 6
2024-12-23T12:10:28Z,74.0,Charge 6
2024-12-23T12:10:31Z,74.0,Charge 6
2024-12-23T12:10:34Z,75.0,Charge 6
2024-12-23T12:10:37Z,75.0,Charge 6
2024-12-23T12:10:38Z,74.0,Charge 6
2024-12-23T12:10:41Z,74.0,Charge 6
2024-12-23T12:10:44Z,74.0,Charge 6
2024-12-23T12:10:47Z,74.0,Charge 6
2024-12-23T12:10:49Z,73.0,Charge 6
2024-12-23T12:10:51Z,72.0,Charge 6
2024-12-23T12:10:54Z,72.0,Charge 6
2024-12-23T12:10:55Z,73.0,Charge 6
2024-12-23T12:10:58Z,73.0,Charge 6
2024-12-23T12:10:59Z,74.0,Charge 6
2024-12-23T12:11:02Z,74.0,Charge 6
2024-12-23T12:11:03Z,73.0,Charge 6
2024-12-23T12:11:06Z,73.0,Charge 6
2024-12-23T12:11:09Z,73.0,Charge 6
2024-12-23T12:11:10Z,72.0,Charge 6
2024-12-23T12:11:12Z,71.0,Charge 6
2024-12-23T12:11:14Z,70.0,Charge 6
2024-12-23T12:11:16Z,69.0,Charge 6
2024-12-23T12:11:19Z,69.0,Charge 6
2024-12-23T12:11:22Z,69.0,Charge 6
2024-12-23T12:11:25Z,69.0,Charge 6
2024-12-23T12:11:28Z,70.0,Charge 6
2024-12-23T12:11:31Z,70.0,Charge 6
2024-12-23T12:11:33Z,70.0,Charge 6
2024-12-23T12:11:36Z,70.0,Charge 6
2024-12-23T12:11:37Z,70.0,Charge 6
2024-12-23T12:11:40Z,70.0,Charge 6
2024-12-23T12:11:43Z,71.0,Charge 6
2024-12-23T12:11:46Z,71.0,Charge 6
2024-12-23T12:11:49Z,71.0,Charge 6
2024-12-23T12:11:51Z,70.0,Charge 6
2024-12-23T12:11:53Z,71.0,Charge 6
2024-12-23T12:11:55Z,72.0,Charge 6
2024-12-23T12:11:58Z,72.0,Charge 6
2024-12-23T12:12:01Z,72.0,Charge 6
2024-12-23T12:12:04Z,72.0,Charge 6
2024-12-23T12:12:06Z,73.0,Charge 6
2024-12-23T12:12:08Z,74.0,Charge 6
2024-12-23T12:12:10Z,75.0,Charge 6
2024-12-23T12:12:12Z,76.0,Charge 6
2024-12-23T12:12:14Z,76.0,Charge 6
2024-12-23T12:12:16Z,77.0,Charge 6
2024-12-23T12:12:18Z,78.0,Charge 6
2024-12-23T12:12:20Z,80.0,Charge 6
2024-12-23T12:12:21Z,82.0,Charge 6
2024-12-23T12:12:23Z,83.0,Charge 6
2024-12-23T12:12:25Z,82.0,Charge 6
2024-12-23T12:12:27Z,81.0,Charge 6
2024-12-23T12:12:29Z,80.0,Charge 6
2024-12-23T12:12:31Z,78.0,Charge 6
2024-12-23T12:12:34Z,78.0,Charge 6
2024-12-23T12:12:35Z,78.0,Charge 6
2024-12-23T12:12:38Z,78.0,Charge 6
2024-12-23T12:12:39Z,76.0,Charge 6
2024-12-23T12:12:42Z,76.0,Charge 6
2024-12-23T12:12:43Z,75.0,Charge 6
2024-12-23T12:12:45Z,74.0,Charge 6
2024-12-23T12:12:46Z,73.0,Charge 6
2024-12-23T12:12:48Z,72.0,Charge 6
2024-12-23T12:12:50Z,70.0,Charge 6
2024-12-23T12:12:53Z,70.0,Charge 6
2024-12-23T12:12:56Z,70.0,Charge 6
2024-12-23T12:12:59Z,70.0,Charge 6
2024-12-23T12:13:00Z,69.0,Charge 6
2024-12-23T12:13:02Z,69.0,Charge 6
2024-12-23T12:13:05Z,69.0,Charge 6
2024-12-23T12:13:08Z,70.0,Charge 6
2024-12-23T12:13:11Z,71.0,Charge 6
2024-12-23T12:13:13Z,72.0,Charge 6
2024-12-23T12:13:15Z,74.0,Charge 6
2024-12-23T12:13:17Z,76.0,Charge 6
2024-12-23T12:13:19Z,77.0,Charge 6
2024-12-23T12:13:22Z,77.0,Charge 6
2024-12-23T12:13:25Z,78.0,Charge 6
2024-12-23T12:13:28Z,78.0,Charge 6
2024-12-23T12:13:29Z,77.0,Charge 6
2024-12-23T12:13:32Z,77.0,Charge 6
2024-12-23T12:13:34Z,75.0,Charge 6
2024-12-23T12:13:36Z,74.0,Charge 6
2024-12-23T12:13:38Z,73.0,Charge 6
2024-12-23T12:13:40Z,72.0,Charge 6
2024-12-23T12:13:42Z,71.0,Charge 6
2024-12-23T12:13:45Z,71.0,Charge 6
2024-12-23T12:13:46Z,70.0,Charge 6
2024-12-23T12:13:48Z,71.0,Charge 6
2024-12-23T12:13:51Z,71.0,Charge 6
2024-12-23T12:13:52Z,70.0,Charge 6
2024-12-23T12:13:55Z,70.0,Charge 6
2024-12-23T12:13:58Z,70.0,Charge 6
2024-12-23T12:14:01Z,72.0,Charge 6
2024-12-23T12:14:04Z,72.0,Charge 6
2024-12-23T12:14:05Z,73.0,Charge 6
2024-12-23T12:14:07Z,74.0,Charge 6
2024-12-23T12:14:10Z,74.0,Charge 6
2024-12-23T12:14:13Z,76.0,Charge 6
2024-12-23T12:14:15Z,77.0,Charge 6
2024-12-23T12:14:17Z,78.0,Charge 6
2024-12-23T12:14:19Z,78.0,Charge 6
2024-12-23T12:14:21Z,76.0,Charge 6
2024-12-23T12:14:22Z,74.0,Charge 6
2024-12-23T12:14:24Z,73.0,Charge 6
2024-12-23T12:14:26Z,72.0,Charge 6
2024-12-23T12:14:28Z,71.0,Charge 6
2024-12-23T12:14:30Z,71.0,Charge 6
2024-12-23T12:14:32Z,70.0,Charge 6
2024-12-23T12:14:34Z,71.0,Charge 6
2024-12-23T12:14:36Z,72.0,Charge 6
2024-12-23T12:14:38Z,73.0,Charge 6
2024-12-23T12:14:41Z,73.0,Charge 6
2024-12-23T12:14:42Z,72.0,Charge 6
2024-12-23T12:14:44Z,72.0,Charge 6
2024-12-23T12:14:47Z,72.0,Charge 6
2024-12-23T12:14:49Z,72.0,Charge 6
2024-12-23T12:14:51Z,72.0,Charge 6
2024-12-23T12:14:54Z,72.0,Charge 6
2024-12-23T12:14:57Z,72.0,Charge 6
2024-12-23T12:15:00Z,72.0,Charge 6
2024-12-23T12:15:01Z,73.0,Charge 6
2024-12-23T12:15:03Z,74.0,Charge 6
2024-12-23T12:15:05Z,74.0,Charge 6
2024-12-23T12:15:07Z,73.0,Charge 6
2024-12-23T12:15:10Z,74.0,Charge 6
2024-12-23T12:15:13Z,74.0,Charge 6
2024-12-23T12:15:14Z,74.0,Charge 6
2024-12-23T12:15:16Z,74.0,Charge 6
2024-12-23T12:15:19Z,74.0,Charge 6
2024-12-23T12:15:20Z,72.0,Charge 6
2024-12-23T12:15:23Z,72.0,Charge 6
2024-12-23T12:15:24Z,73.0,Charge 6
2024-12-23T12:15:27Z,73.0,Charge 6
2024-12-23T12:15:28Z,72.0,Charge 6
2024-12-23T12:15:30Z,72.0,Charge 6
2024-12-23T12:15:32Z,71.0,Charge 6
2024-12-23T12:15:33Z,70.0,Charge 6
2024-12-23T12:15:35Z,70.0,Charge 6
2024-12-23T12:15:38Z,70.0,Charge 6
2024-12-23T12:15:39Z,70.0,Charge 6
2024-12-23T12:15:42Z,70.0,Charge 6
2024-12-23T12:15:45Z,70.0,Charge 6
2024-12-23T12:15:48Z,70.0,Charge 6
2024-12-23T12:15:51Z,71.0,Charge 6
2024-12-23T12:15:53Z,72.0,Charge 6
2024-12-23T12:15:55Z,74.0,Charge 6
2024-12-23T12:15:57Z,78.0,Charge 6
2024-12-23T12:16:00Z,77.0,Charge 6
2024-12-23T12:16:03Z,77.0,Charge 6
2024-12-23T12:16:04Z,76.0,Charge 6
2024-12-23T12:16:06Z,75.0,Charge 6
2024-12-23T12:16:08Z,76.0,Charge 6
2024-12-23T12:16:10Z,77.0,Charge 6
2024-12-23T12:16:13Z,77.0,Charge 6
2024-12-23T12:16:14Z,77.0,Charge 6
2024-12-23T12:16:16Z,76.0,Charge 6
2024-12-23T12:16:18Z,75.0,Charge 6
2024-12-23T12:16:20Z,74.0,Charge 6
2024-12-23T12:16:23Z,74.0,Charge 6
2024-12-23T12:16:26Z,74.0,Charge 6
2024-12-23T12:16:27Z,73.0,Charge 6
2024-12-23T12:16:30Z,73.0,Charge 6
2024-12-23T12:16:33Z,73.0,Charge 6
2024-12-23T12:16:36Z,73.0,Charge 6
2024-12-23T12:16:39Z,73.0,Charge 6
2024-12-23T12:16:41Z,74.0,Charge 6
2024-12-23T12:16:43Z,75.0,Charge 6
2024-12-23T12:16:45Z,77.0,Charge 6
2024-12-23T12:16:46Z,78.0,Charge 6
2024-12-23T12:16:48Z,79.0,Charge 6
2024-12-23T12:16:50Z,80.0,Charge 6
2024-12-23T12:16:52Z,82.0,Charge 6
2024-12-23T12:16:54Z,83.0,Charge 6
2024-12-23T12:16:56Z,82.0,Charge 6
2024-12-23T12:16:58Z,81.0,Charge 6
2024-12-23T12:17:01Z,81.0,Charge 6
2024-12-23T12:17:02Z,80.0,Charge 6
2024-12-23T12:17:04Z,82.0,Charge 6
2024-12-23T12:17:06Z,84.0,Charge 6
2024-12-23T12:17:08Z,86.0,Charge 6
2024-12-23T12:17:09Z,86.0,Charge 6
2024-12-23T12:17:11Z,88.0,Charge 6
2024-12-23T12:17:13Z,87.0,Charge 6
2024-12-23T12:17:16Z,87.0,Charge 6
2024-12-23T12:17:17Z,88.0,Charge 6
2024-12-23T12:17:19Z,87.0,Charge 6
2024-12-23T12:17:21Z,85.0,Charge 6
2024-12-23T12:17:24Z,85.0,Charge 6
2024-12-23T12:17:25Z,86.0,Charge 6
2024-12-23T12:17:27Z,87.0,Charge 6
2024-12-23T12:17:29Z,83.0,Charge 6
2024-12-23T12:17:31Z,81.0,Charge 6
2024-12-23T12:17:33Z,78.0,Charge 6
2024-12-23T12:17:34Z,76.0,Charge 6
2024-12-23T12:17:37Z,76.0,Charge 6
2024-12-23T12:17:40Z,76.0,Charge 6
2024-12-23T12:17:43Z,76.0,Charge 6
2024-12-23T12:17:46Z,74.0,Charge 6
2024-12-23T12:17:48Z,73.0,Charge 6
2024-12-23T12:17:51Z,73.0,Charge 6
2024-12-23T12:17:54Z,73.0,Charge 6
2024-12-23T12:17:56Z,73.0,Charge 6
2024-12-23T12:17:57Z,74.0,Charge 6
2024-12-23T12:18:00Z,74.0,Charge 6
2024-12-23T12:18:01Z,73.0,Charge 6
2024-12-23T12:18:03Z,72.0,Charge 6
2024-12-23T12:18:05Z,73.0,Charge 6
2024-12-23T12:18:07Z,74.0,Charge 6
2024-12-23T12:18:09Z,75.0,Charge 6
2024-12-23T12:18:12Z,75.0,Charge 6
2024-12-23T12:18:13Z,74.0,Charge 6
2024-12-23T12:18:16Z,74.0,Charge 6
2024-12-23T12:18:19Z,74.0,Charge 6
2024-12-23T12:18:22Z,74.0,Charge 6
2024-12-23T12:18:25Z,74.0,Charge 6
2024-12-23T12:18:26Z,73.0,Charge 6
2024-12-23T12:18:29Z,73.0,Charge 6
2024-12-23T12:18:32Z,72.0,Charge 6
2024-12-23T12:18:35Z,72.0,Charge 6
2024-12-23T12:18:38Z,72.0,Charge 6
2024-12-23T12:18:41Z,72.0,Charge 6
2024-12-23T12:18:42Z,71.0,Charge 6
2024-12-23T12:18:45Z,72.0,Charge 6
2024-12-23T12:18:48Z,72.0,Charge 6
2024-12-23T12:18:51Z,73.0,Charge 6
2024-12-23T12:18:54Z,73.0,Charge 6
2024-12-23T12:18:57Z,73.0,Charge 6
2024-12-23T12:18:59Z,75.0,Charge 6
2024-12-23T12:19:01Z,79.0,Charge 6
2024-12-23T12:19:03Z,81.0,Charge 6
2024-12-23T12:19:06Z,81.0,Charge 6
2024-12-23T12:19:07Z,82.0,Charge 6
2024-12-23T12:19:09Z,83.0,Charge 6
2024-12-23T12:19:10Z,80.0,Charge 6
2024-12-23T12:19:12Z,78.0,Charge 6
2024-12-23T12:19:14Z,76.0,Charge 6
2024-12-23T12:19:16Z,74.0,Charge 6
2024-12-23T12:19:18Z,73.0,Charge 6
2024-12-23T12:19:20Z,70.0,Charge 6
2024-12-23T12:19:23Z,70.0,Charge 6
2024-12-23T12:19:24Z,69.0,Charge 6
2024-12-23T12:19:27Z,69.0,Charge 6
2024-12-23T12:19:28Z,70.0,Charge 6
2024-12-23T12:19:31Z,70.0,Charge 6
2024-12-23T12:19:32Z,75.0,Charge 6
2024-12-23T12:19:33Z,74.0,Charge 6
2024-12-23T12:19:35Z,75.0,Charge 6
2024-12-23T12:19:38Z,75.0,Charge 6
2024-12-23T12:19:41Z,76.0,Charge 6
2024-12-23T12:19:44Z,76.0,Charge 6
2024-12-23T12:19:45Z,75.0,Charge 6
2024-12-23T12:19:48Z,75.0,Charge 6
2024-12-23T12:19:49Z,74.0,Charge 6
2024-12-23T12:19:51Z,75.0,Charge 6
2024-12-23T12:19:53Z,76.0,Charge 6
2024-12-23T12:19:56Z,76.0,Charge 6
2024-12-23T12:19:58Z,75.0,Charge 6
2024-12-23T12:20:00Z,74.0,Charge 6
2024-12-23T12:20:03Z,74.0,Charge 6
2024-12-23T12:20:06Z,74.0,Charge 6
2024-12-23T12:20:08Z,73.0,Charge 6
2024-12-23T12:20:10Z,72.0,Charge 6
2024-12-23T12:20:12Z,72.0,Charge 6
2024-12-23T12:20:15Z,72.0,Charge 6
2024-12-23T12:20:18Z,72.0,Charge 6
2024-12-23T12:20:21Z,71.0,Charge 6
2024-12-23T12:20:24Z,71.0,Charge 6
2024-12-23T12:20:25Z,72.0,Charge 6
2024-12-23T12:20:27Z,73.0,Charge 6
2024-12-23T12:20:29Z,76.0,Charge 6
2024-12-23T12:20:32Z,76.0,Charge 6
2024-12-23T12:20:33Z,78.0,Charge 6
2024-12-23T12:20:35Z,79.0,Charge 6
2024-12-23T12:20:37Z,80.0,Charge 6
2024-12-23T12:20:39Z,78.0,Charge 6
2024-12-23T12:20:41Z,76.0,Charge 6
2024-12-23T12:20:43Z,75.0,Charge 6
2024-12-23T12:20:45Z,74.0,Charge 6
2024-12-23T12:20:46Z,74.0,Charge 6
2024-12-23T12:20:49Z,74.0,Charge 6
2024-12-23T12:20:52Z,72.0,Charge 6
2024-12-23T12:20:55Z,72.0,Charge 6
2024-12-23T12:20:58Z,71.0,Charge 6
2024-12-23T12:21:01Z,71.0,Charge 6
2024-12-23T12:21:04Z,70.0,Charge 6
2024-12-23T12:21:06Z,69.0,Charge 6
2024-12-23T12:21:09Z,68.0,Charge 6
2024-12-23T12:21:12Z,68.0,Charge 6
2024-12-23T12:21:13Z,68.0,Charge 6
2024-12-23T12:21:15Z,68.0,Charge 6
2024-12-23T12:21:18Z,68.0,Charge 6
2024-12-23T12:21:21Z,68.0,Charge 6
2024-12-23T12:21:22Z,66.0,Charge 6
2024-12-23T12:21:25Z,66.0,Charge 6
2024-12-23T12:21:28Z,66.0,Charge 6
2024-12-23T12:21:31Z,65.0,Charge 6
2024-12-23T12:21:33Z,64.0,Charge 6
2024-12-23T12:21:35Z,64.0,Charge 6
2024-12-23T12:21:38Z,64.0,Charge 6
2024-12-23T12:21:39Z,64.0,Charge 6
2024-12-23T12:21:41Z,64.0,Charge 6
2024-12-23T12:21:44Z,64.0,Charge 6
2024-12-23T12:21:47Z,64.0,Charge 6
2024-12-23T12:21:50Z,64.0,Charge 6
2024-12-23T12:21:52Z,65.0,Charge 6
2024-12-23T12:21:54Z,66.0,Charge 6
2024-12-23T12:21:57Z,66.0,Charge 6
2024-12-23T12:21:58Z,67.0,Charge 6
2024-12-23T12:22:01Z,67.0,Charge 6
2024-12-23T12:22:02Z,68.0,Charge 6
2024-12-23T12:22:04Z,69.0,Charge 6
2024-12-23T12:22:06Z,68.0,Charge 6
2024-12-23T12:22:08Z,71.0,Charge 6
2024-12-23T12:22:10Z,72.0,Charge 6
2024-12-23T12:22:13Z,73.0,Charge 6
2024-12-23T12:22:16Z,73.0,Charge 6
2024-12-23T12:22:17Z,70.0,Charge 6
2024-12-23T12:22:19Z,69.0,Charge 6
2024-12-23T12:22:22Z,69.0,Charge 6
2024-12-23T12:22:25Z,70.0,Charge 6
2024-12-23T12:22:28Z,70.0,Charge 6
2024-12-23T12:22:31Z,70.0,Charge 6
2024-12-23T12:22:33Z,72.0,Charge 6
2024-12-23T12:22:36Z,72.0,Charge 6
2024-12-23T12:22:39Z,72.0,Charge 6
2024-12-23T12:22:42Z,72.0,Charge 6
2024-12-23T12:22:45Z,72.0,Charge 6
2024-12-23T12:22:46Z,71.0,Charge 6
2024-12-23T12:22:48Z,72.0,Charge 6
2024-12-23T12:22:51Z,72.0,Charge 6
2024-12-23T12:22:54Z,72.0,Charge 6
2024-12-23T12:22:56Z,71.0,Charge 6
2024-12-23T12:22:59Z,72.0,Charge 6
2024-12-23T12:23:02Z,72.0,Charge 6
2024-12-23T12:23:05Z,71.0,Charge 6
2024-12-23T12:23:07Z,70.0,Charge 6
2024-12-23T12:23:10Z,70.0,Charge 6
2024-12-23T12:23:13Z,71.0,Charge 6
2024-12-23T12:23:15Z,73.0,Charge 6
2024-12-23T12:23:17Z,74.0,Charge 6
2024-12-23T12:23:19Z,76.0,Charge 6
2024-12-23T12:23:22Z,76.0,Charge 6
2024-12-23T12:23:25Z,76.0,Charge 6
2024-12-23T12:23:26Z,75.0,Charge 6
2024-12-23T12:23:29Z,75.0,Charge 6
2024-12-23T12:23:30Z,74.0,Charge 6
2024-12-23T12:23:32Z,72.0,Charge 6
2024-12-23T12:23:34Z,70.0,Charge 6
2024-12-23T12:23:37Z,70.0,Charge 6
2024-12-23T12:23:38Z,69.0,Charge 6
2024-12-23T12:23:40Z,69.0,Charge 6
2024-12-23T12:23:42Z,70.0,Charge 6
2024-12-23T12:23:44Z,69.0,Charge 6
2024-12-23T12:23:47Z,69.0,Charge 6
2024-12-23T12:23:49Z,68.0,Charge 6
2024-12-23T12:23:52Z,68.0,Charge 6
2024-12-23T12:23:53Z,68.0,Charge 6
2024-12-23T12:23:56Z,68.0,Charge 6
2024-12-23T12:23:59Z,68.0,Charge 6
2024-12-23T12:24:02Z,68.0,Charge 6
2024-12-23T12:24:03Z,68.0,Charge 6
2024-12-23T12:24:06Z,68.0,Charge 6
2024-12-23T12:24:07Z,67.0,Charge 6
2024-12-23T12:24:09Z,66.0,Charge 6
2024-12-23T12:24:10Z,65.0,Charge 6
2024-12-23T12:24:12Z,64.0,Charge 6
2024-12-23T12:24:14Z,65.0,Charge 6
2024-12-23T12:24:16Z,67.0,Charge 6
2024-12-23T12:24:18Z,67.0,Charge 6
2024-12-23T12:24:20Z,66.0,Charge 6
2024-12-23T12:24:22Z,65.0,Charge 6
2024-12-23T12:24:24Z,64.0,Charge 6
2024-12-23T12:24:27Z,64.0,Charge 6
2024-12-23T12:24:30Z,64.0,Charge 6
2024-12-23T12:24:33Z,64.0,Charge 6
2024-12-23T12:24:35Z,66.0,Charge 6
2024-12-23T12:24:37Z,68.0,Charge 6
2024-12-23T12:24:39Z,69.0,Charge 6
2024-12-23T12:24:42Z,69.0,Charge 6
2024-12-23T12:24:45Z,69.0,Charge 6
2024-12-23T12:24:48Z,69.0,Charge 6
2024-12-23T12:24:51Z,69.0,Charge 6
2024-12-23T12:24:53Z,70.0,Charge 6
2024-12-23T12:24:55Z,69.0,Charge 6
2024-12-23T12:24:57Z,70.0,Charge 6
2024-12-23T12:25:00Z,70.0,Charge 6
2024-12-23T12:25:03Z,70.0,Charge 6
2024-12-23T12:25:06Z,71.0,Charge 6
2024-12-23T12:25:08Z,70.0,Charge 6
2024-12-23T12:25:11Z,70.0,Charge 6
2024-12-23T12:25:14Z,70.0,Charge 6
2024-12-23T12:25:17Z,70.0,Charge 6
2024-12-23T12:25:20Z,70.0,Charge 6
2024-12-23T12:25:22Z,71.0,Charge 6
2024-12-23T12:25:23Z,70.0,Charge 6
2024-12-23T12:25:26Z,70.0,Charge 6
2024-12-23T12:25:29Z,71.0,Charge 6
2024-12-23T12:25:31Z,71.0,Charge 6
2024-12-23T12:25:33Z,70.0,Charge 6
2024-12-23T12:25:35Z,71.0,Charge 6
2024-12-23T12:25:38Z,71.0,Charge 6
2024-12-23T12:25:39Z,70.0,Charge 6
2024-12-23T12:25:42Z,70.0,Charge 6
2024-12-23T12:25:45Z,70.0,Charge 6
2024-12-23T12:25:48Z,70.0,Charge 6
2024-12-23T12:25:51Z,70.0,Charge 6
2024-12-23T12:25:54Z,70.0,Charge 6
2024-12-23T12:25:57Z,70.0,Charge 6
2024-12-23T12:26:00Z,70.0,Charge 6
2024-12-23T12:26:02Z,69.0,Charge 6
2024-12-23T12:26:05Z,69.0,Charge 6
2024-12-23T12:26:06Z,70.0,Charge 6
2024-12-23T12:26:09Z,70.0,Charge 6
2024-12-23T12:26:11Z,69.0,Charge 6
2024-12-23T12:26:13Z,68.0,Charge 6
2024-12-23T12:26:15Z,68.0,Charge 6
2024-12-23T12:26:17Z,69.0,Charge 6
2024-12-23T12:26:19Z,68.0,Charge 6
2024-12-23T12:26:22Z,68.0,Charge 6
2024-12-23T12:26:25Z,69.0,Charge 6
2024-12-23T12:26:27Z,72.0,Charge 6
2024-12-23T12:26:29Z,73.0,Charge 6
2024-12-23T12:26:31Z,72.0,Charge 6
2024-12-23T12:26:33Z,69.0,Charge 6
2024-12-23T12:26:34Z,69.0,Charge 6
2024-12-23T12:26:37Z,69.0,Charge 6
2024-12-23T12:26:38Z,70.0,Charge 6
2024-12-23T12:26:41Z,70.0,Charge 6
2024-12-23T12:26:42Z,71.0,Charge 6
2024-12-23T12:26:44Z,70.0,Charge 6
2024-12-23T12:26:47Z,70.0,Charge 6
2024-12-23T12:26:50Z,69.0,Charge 6
2024-12-23T12:26:52Z,70.0,Charge 6
2024-12-23T12:26:55Z,70.0,Charge 6
2024-12-23T12:26:58Z,70.0,Charge 6
2024-12-23T12:26:59Z,70.0,Charge 6
2024-12-23T12:27:02Z,70.0,Charge 6
2024-12-23T12:27:05Z,71.0,Charge 6
2024-12-23T12:27:07Z,72.0,Charge 6
2024-12-23T12:27:09Z,72.0,Charge 6
2024-12-23T12:27:12Z,72.0,Charge 6
2024-12-23T12:27:13Z,71.0,Charge 6
2024-12-23T12:27:15Z,70.0,Charge 6
2024-12-23T12:27:18Z,70.0,Charge 6
2024-12-23T12:27:19Z,71.0,Charge 6
2024-12-23T12:27:21Z,72.0,Charge 6
2024-12-23T12:27:24Z,72.0,Charge 6
2024-12-23T12:27:27Z,72.0,Charge 6
2024-12-23T12:27:28Z,71.0,Charge 6
2024-12-23T12:27:30Z,70.0,Charge 6
2024-12-23T12:27:32Z,72.0,Charge 6
2024-12-23T12:27:34Z,72.0,Charge 6
2024-12-23T12:27:36Z,73.0,Charge 6
2024-12-23T12:27:39Z,73.0,Charge 6
2024-12-23T12:27:42Z,74.0,Charge 6
2024-12-23T12:27:44Z,73.0,Charge 6
2024-12-23T12:27:46Z,75.0,Charge 6
2024-12-23T12:27:47Z,76.0,Charge 6
2024-12-23T12:27:49Z,75.0,Charge 6
2024-12-23T12:27:51Z,74.0,Charge 6
2024-12-23T12:27:54Z,74.0,Charge 6
2024-12-23T12:27:55Z,71.0,Charge 6
2024-12-23T12:27:58Z,71.0,Charge 6
2024-12-23T12:27:59Z,70.0,Charge 6
2024-12-23T12:28:01Z,71.0,Charge 6
2024-12-23T12:28:03Z,72.0,Charge 6
2024-12-23T12:28:06Z,72.0,Charge 6
2024-12-23T12:28:09Z,73.0,Charge 6
2024-12-23T12:28:12Z,74.0,Charge 6
2024-12-23T12:28:15Z,74.0,Charge 6
2024-12-23T12:28:18Z,73.0,Charge 6
2024-12-23T12:28:20Z,72.0,Charge 6
2024-12-23T12:28:22Z,73.0,Charge 6
2024-12-23T12:28:24Z,74.0,Charge 6
2024-12-23T12:28:27Z,74.0,Charge 6
2024-12-23T12:28:28Z,75.0,Charge 6
2024-12-23T12:28:30Z,76.0,Charge 6
2024-12-23T12:28:32Z,78.0,Charge 6
2024-12-23T12:28:34Z,78.0,Charge 6
2024-12-23T12:28:35Z,76.0,Charge 6
2024-12-23T12:28:37Z,75.0,Charge 6
2024-12-23T12:28:39Z,76.0,Charge 6
2024-12-23T12:28:41Z,75.0,Charge 6
2024-12-23T12:28:43Z,74.0,Charge 6
2024-12-23T12:28:46Z,74.0,Charge 6
2024-12-23T12:28:47Z,73.0,Charge 6
2024-12-23T12:28:50Z,73.0,Charge 6
2024-12-23T12:28:53Z,74.0,Charge 6
2024-12-23T12:28:56Z,74.0,Charge 6
2024-12-23T12:28:58Z,73.0,Charge 6
2024-12-23T12:29:00Z,72.0,Charge 6
2024-12-23T12:29:03Z,72.0,Charge 6
2024-12-23T12:29:06Z,72.0,Charge 6
2024-12-23T12:29:09Z,72.0,Charge 6
2024-12-23T12:29:10Z,71.0,Charge 6
2024-12-23T12:29:12Z,72.0,Charge 6
2024-12-23T12:29:14Z,75.0,Charge 6
2024-12-23T12:29:16Z,74.0,Charge 6
2024-12-23T12:29:18Z,73.0,Charge 6
2024-12-23T12:29:20Z,73.0,Charge 6
2024-12-23T12:29:22Z,72.0,Charge 6
2024-12-23T12:29:25Z,72.0,Charge 6
2024-12-23T12:29:28Z,72.0,Charge 6
2024-12-23T12:29:31Z,72.0,Charge 6
2024-12-23T12:29:34Z,72.0,Charge 6
2024-12-23T12:29:35Z,72.0,Charge 6
2024-12-23T12:29:37Z,72.0,Charge 6
2024-12-23T12:29:39Z,72.0,Charge 6
2024-12-23T12:29:42Z,72.0,Charge 6
2024-12-23T12:29:43Z,72.0,Charge 6
2024-12-23T12:29:46Z,72.0,Charge 6
2024-12-23T12:29:49Z,72.0,Charge 6
2024-12-23T12:29:52Z,72.0,Charge 6
2024-12-23T12:29:55Z,72.0,Charge 6
2024-12-23T12:29:58Z,71.0,Charge 6
2024-12-23T12:30:00Z,70.0,Charge 6
2024-12-23T12:30:03Z,70.0,Charge 6
2024-12-23T12:30:04Z,71.0,Charge 6
2024-12-23T12:30:06Z,73.0,Charge 6
2024-12-23T12:30:09Z,73.0,Charge 6
2024-12-23T12:30:10Z,74.0,Charge 6
2024-12-23T12:30:11Z,73.0,Charge 6
2024-12-23T12:30:13Z,72.0,Charge 6
2024-12-23T12:30:15Z,71.0,Charge 6
2024-12-23T12:30:17Z,72.0,Charge 6
2024-12-23T12:30:20Z,72.0,Charge 6
2024-12-23T12:30:23Z,72.0,Charge 6
2024-12-23T12:30:26Z,72.0,Charge 6
2024-12-23T12:30:29Z,71.0,Charge 6
2024-12-23T12:30:31Z,71.0,Charge 6
2024-12-23T12:30:33Z,70.0,Charge 6
2024-12-23T12:30:36Z,70.0,Charge 6
2024-12-23T12:30:38Z,70.0,Charge 6
2024-12-23T12:30:40Z,70.0,Charge 6
2024-12-23T12:30:43Z,70.0,Charge 6
2024-12-23T12:30:44Z,70.0,Charge 6
2024-12-23T12:30:47Z,70.0,Charge 6
2024-12-23T12:30:50Z,70.0,Charge 6
2024-12-23T12:30:52Z,70.0,Charge 6
2024-12-23T12:30:55Z,70.0,Charge 6
2024-12-23T12:30:58Z,70.0,Charge 6
2024-12-23T12:30:59Z,69.0,Charge 6
2024-12-23T12:31:02Z,69.0,Charge 6
2024-12-23T12:31:03Z,69.0,Charge 6
2024-12-23T12:31:06Z,69.0,Charge 6
2024-12-23T12:31:07Z,70.0,Charge 6
2024-12-23T12:31:10Z,70.0,Charge 6
2024-12-23T12:31:11Z,72.0,Charge 6
2024-12-23T12:31:14Z,72.0,Charge 6
2024-12-23T12:31:15Z,75.0,Charge 6
2024-12-23T12:31:17Z,78.0,Charge 6
2024-12-23T12:31:19Z,80.0,Charge 6
2024-12-23T12:31:21Z,81.0,Charge 6
2024-12-23T12:31:22Z,79.0,Charge 6
2024-12-23T12:31:24Z,77.0,Charge 6
2024-12-23T12:31:26Z,76.0,Charge 6
2024-12-23T12:31:28Z,75.0,Charge 6
2024-12-23T12:31:30Z,74.0,Charge 6
2024-12-23T12:31:32Z,76.0,Charge 6
2024-12-23T12:31:34Z,76.0,Charge 6
2024-12-23T12:31:37Z,76.0,Charge 6
2024-12-23T12:31:38Z,77.0,Charge 6
2024-12-23T12:31:40Z,78.0,Charge 6
2024-12-23T12:31:43Z,78.0,Charge 6
2024-12-23T12:31:44Z,79.0,Charge 6
2024-12-23T12:31:47Z,78.0,Charge 6
2024-12-23T12:31:49Z,77.0,Charge 6
2024-12-23T12:31:51Z,76.0,Charge 6
2024-12-23T12:31:53Z,74.0,Charge 6
2024-12-23T12:31:55Z,74.0,Charge 6
2024-12-23T12:31:57Z,72.0,Charge 6
2024-12-23T12:32:00Z,72.0,Charge 6
2024-12-23T12:32:03Z,71.0,Charge 6
2024-12-23T12:32:05Z,71.0,Charge 6
2024-12-23T12:32:07Z,72.0,Charge 6
2024-12-23T12:32:10Z,73.0,Charge 6
2024-12-23T12:32:12Z,74.0,Charge 6
2024-12-23T12:32:15Z,74.0,Charge 6
2024-12-23T12:32:16Z,75.0,Charge 6
2024-12-23T12:32:19Z,75.0,Charge 6
2024-12-23T12:32:22Z,75.0,Charge 6
2024-12-23T12:32:24Z,74.0,Charge 6
2024-12-23T12:32:27Z,74.0,Charge 6
2024-12-23T12:32:30Z,74.0,Charge 6
2024-12-23T12:32:33Z,74.0,Charge 6
2024-12-23T12:32:35Z,75.0,Charge 6
2024-12-23T12:32:37Z,76.0,Charge 6
2024-12-23T12:32:40Z,76.0,Charge 6
2024-12-23T12:32:43Z,76.0,Charge 6
2024-12-23T12:32:45Z,75.0,Charge 6
2024-12-23T12:32:47Z,74.0,Charge 6
2024-12-23T12:32:50Z,74.0,Charge 6
2024-12-23T12:32:53Z,74.0,Charge 6
2024-12-23T12:32:55Z,73.0,Charge 6
2024-12-23T12:32:58Z,72.0,Charge 6
2024-12-23T12:33:01Z,72.0,Charge 6
2024-12-23T12:33:04Z,72.0,Charge 6
2024-12-23T12:33:07Z,72.0,Charge 6
2024-12-23T12:33:08Z,71.0,Charge 6
2024-12-23T12:33:10Z,70.0,Charge 6
2024-12-23T12:33:13Z,70.0,Charge 6
2024-12-23T12:33:16Z,70.0,Charge 6
2024-12-23T12:33:19Z,70.0,Charge 6
2024-12-23T12:33:22Z,70.0,Charge 6
2024-12-23T12:33:23Z,69.0,Charge 6
2024-12-23T12:33:26Z,69.0,Charge 6
2024-12-23T12:33:27Z,68.0,Charge 6
2024-12-23T12:33:30Z,68.0,Charge 6
2024-12-23T12:33:31Z,66.0,Charge 6
2024-12-23T12:33:34Z,66.0,Charge 6
2024-12-23T12:33:37Z,66.0,Charge 6
2024-12-23T12:33:40Z,66.0,Charge 6
2024-12-23T12:33:43Z,66.0,Charge 6
2024-12-23T12:33:45Z,66.0,Charge 6
2024-12-23T12:33:48Z,66.0,Charge 6
2024-12-23T12:33:51Z,66.0,Charge 6
2024-12-23T12:33:52Z,67.0,Charge 6
2024-12-23T12:33:54Z,68.0,Charge 6
2024-12-23T12:33:57Z,68.0,Charge 6
2024-12-23T12:33:58Z,70.0,Charge 6
2024-12-23T12:34:01Z,70.0,Charge 6
2024-12-23T12:34:04Z,71.0,Charge 6
2024-12-23T12:34:06Z,72.0,Charge 6
2024-12-23T12:34:08Z,72.0,Charge 6
2024-12-23T12:34:11Z,72.0,Charge 6
2024-12-23T12:34:14Z,72.0,Charge 6
2024-12-23T12:34:15Z,73.0,Charge 6
2024-12-23T12:34:17Z,74.0,Charge 6
2024-12-23T12:34:20Z,74.0,Charge 6
2024-12-23T12:34:21Z,73.0,Charge 6
2024-12-23T12:34:23Z,72.0,Charge 6
2024-12-23T12:34:26Z,72.0,Charge 6
2024-12-23T12:34:29Z,72.0,Charge 6
2024-12-23T12:34:32Z,72.0,Charge 6
2024-12-23T12:34:35Z,72.0,Charge 6
2024-12-23T12:34:38Z,72.0,Charge 6
2024-12-23T12:34:41Z,72.0,Charge 6
2024-12-23T12:34:44Z,72.0,Charge 6
2024-12-23T12:34:47Z,72.0,Charge 6
2024-12-23T12:34:50Z,71.0,Charge 6
2024-12-23T12:34:52Z,70.0,Charge 6
2024-12-23T12:34:55Z,70.0,Charge 6
2024-12-23T12:34:58Z,70.0,Charge 6
2024-12-23T12:35:01Z,70.0,Charge 6
2024-12-23T12:35:03Z,71.0,Charge 6
2024-12-23T12:35:05Z,70.0,Charge 6
2024-12-23T12:35:08Z,70.0,Charge 6
2024-12-23T12:35:09Z,72.0,Charge 6
2024-12-23T12:35:12Z,72.0,Charge 6
2024-12-23T12:35:15Z,75.0,Charge 6
2024-12-23T12:35:17Z,77.0,Charge 6
2024-12-23T12:35:19Z,76.0,Charge 6
2024-12-23T12:35:21Z,77.0,Charge 6
2024-12-23T12:35:22Z,74.0,Charge 6
2024-12-23T12:35:25Z,74.0,Charge 6
2024-12-23T12:35:26Z,72.0,Charge 6
2024-12-23T12:35:28Z,71.0,Charge 6
2024-12-23T12:35:31Z,71.0,Charge 6
2024-12-23T12:35:32Z,72.0,Charge 6
2024-12-23T12:35:35Z,72.0,Charge 6
2024-12-23T12:35:38Z,73.0,Charge 6
2024-12-23T12:35:41Z,73.0,Charge 6
2024-12-23T12:35:44Z,73.0,Charge 6
2024-12-23T12:35:47Z,73.0,Charge 6
2024-12-23T12:35:49Z,72.0,Charge 6
2024-12-23T12:35:52Z,72.0,Charge 6
2024-12-23T12:35:53Z,73.0,Charge 6
2024-12-23T12:35:55Z,74.0,Charge 6
2024-12-23T12:35:58Z,74.0,Charge 6
2024-12-23T12:36:01Z,74.0,Charge 6
2024-12-23T12:36:04Z,74.0,Charge 6
2024-12-23T12:36:07Z,74.0,Charge 6
2024-12-23T12:36:10Z,74.0,Charge 6
2024-12-23T12:36:13Z,74.0,Charge 6
2024-12-23T12:36:16Z,74.0,Charge 6
2024-12-23T12:36:18Z,73.0,Charge 6
2024-12-23T12:36:20Z,72.0,Charge 6
2024-12-23T12:36:22Z,73.0,Charge 6
2024-12-23T12:36:25Z,74.0,Charge 6
2024-12-23T12:36:28Z,74.0,Charge 6
2024-12-23T12:36:29Z,76.0,Charge 6
2024-12-23T12:36:31Z,77.0,Charge 6
2024-12-23T12:36:33Z,76.0,Charge 6
2024-12-23T12:36:35Z,75.0,Charge 6
2024-12-23T12:36:37Z,74.0,Charge 6
2024-12-23T12:36:40Z,74.0,Charge 6
2024-12-23T12:36:41Z,73.0,Charge 6
2024-12-23T12:36:43Z,72.0,Charge 6
2024-12-23T12:36:44Z,70.0,Charge 6
2024-12-23T12:36:47Z,70.0,Charge 6
2024-12-23T12:36:50Z,68.0,Charge 6
2024-12-23T12:36:53Z,68.0,Charge 6
2024-12-23T12:36:54Z,67.0,Charge 6
2024-12-23T12:36:57Z,67.0,Charge 6
2024-12-23T12:36:58Z,68.0,Charge 6
2024-12-23T12:37:01Z,68.0,Charge 6
2024-12-23T12:37:04Z,68.0,Charge 6
2024-12-23T12:37:06Z,69.0,Charge 6
2024-12-23T12:37:09Z,69.0,Charge 6
2024-12-23T12:37:11Z,70.0,Charge 6
2024-12-23T12:37:13Z,70.0,Charge 6
2024-12-23T12:37:16Z,70.0,Charge 6
2024-12-23T12:37:17Z,70.0,Charge 6
2024-12-23T12:37:20Z,70.0,Charge 6
2024-12-23T12:37:23Z,70.0,Charge 6
2024-12-23T12:37:26Z,70.0,Charge 6
2024-12-23T12:37:29Z,70.0,Charge 6
2024-12-23T12:37:32Z,70.0,Charge 6
2024-12-23T12:37:35Z,70.0,Charge 6
2024-12-23T12:37:36Z,69.0,Charge 6
2024-12-23T12:37:38Z,68.0,Charge 6
2024-12-23T12:37:41Z,68.0,Charge 6
2024-12-23T12:37:44Z,69.0,Charge 6
2024-12-23T12:37:46Z,70.0,Charge 6
2024-12-23T12:37:49Z,70.0,Charge 6
2024-12-23T12:37:52Z,70.0,Charge 6
2024-12-23T12:37:55Z,70.0,Charge 6
2024-12-23T12:37:58Z,70.0,Charge 6
2024-12-23T12:38:01Z,70.0,Charge 6
2024-12-23T12:38:03Z,71.0,Charge 6
2024-12-23T12:38:05Z,70.0,Charge 6
2024-12-23T12:38:07Z,70.0,Charge 6
2024-12-23T12:38:10Z,70.0,Charge 6
2024-12-23T12:38:11Z,69.0,Charge 6
2024-12-23T12:38:14Z,69.0,Charge 6
2024-12-23T12:38:15Z,70.0,Charge 6
2024-12-23T12:38:17Z,70.0,Charge 6
2024-12-23T12:38:19Z,69.0,Charge 6
2024-12-23T12:38:20Z,68.0,Charge 6
2024-12-23T12:38:23Z,68.0,Charge 6
2024-12-23T12:38:24Z,68.0,Charge 6
2024-12-23T12:38:26Z,69.0,Charge 6
2024-12-23T12:38:29Z,69.0,Charge 6
2024-12-23T12:38:32Z,69.0,Charge 6
2024-12-23T12:38:34Z,70.0,Charge 6
2024-12-23T12:38:37Z,70.0,Charge 6
2024-12-23T12:38:40Z,70.0,Charge 6
2024-12-23T12:38:42Z,70.0,Charge 6
2024-12-23T12:38:45Z,70.0,Charge 6
2024-12-23T12:38:47Z,69.0,Charge 6
2024-12-23T12:38:49Z,68.0,Charge 6
2024-12-23T12:38:52Z,68.0,Charge 6
2024-12-23T12:38:55Z,68.0,Charge 6
2024-12-23T12:38:57Z,68.0,Charge 6
2024-12-23T12:39:00Z,68.0,Charge 6
2024-12-23T12:39:01Z,67.0,Charge 6
2024-12-23T12:39:04Z,67.0,Charge 6
2024-12-23T12:39:05Z,66.0,Charge 6
2024-12-23T12:39:07Z,66.0,Charge 6
2024-12-23T12:39:10Z,66.0,Charge 6
2024-12-23T12:39:13Z,66.0,Charge 6
2024-12-23T12:39:16Z,66.0,Charge 6
2024-12-23T12:39:19Z,66.0,Charge 6
2024-12-23T12:39:20Z,67.0,Charge 6
2024-12-23T12:39:22Z,68.0,Charge 6
2024-12-23T12:39:25Z,68.0,Charge 6
2024-12-23T12:39:28Z,70.0,Charge 6
2024-12-23T12:39:30Z,70.0,Charge 6
2024-12-23T12:39:32Z,71.0,Charge 6
2024-12-23T12:39:35Z,71.0,Charge 6
2024-12-23T12:39:37Z,70.0,Charge 6
2024-12-23T12:39:40Z,70.0,Charge 6
2024-12-23T12:39:43Z,69.0,Charge 6
2024-12-23T12:39:46Z,69.0,Charge 6
2024-12-23T12:39:49Z,69.0,Charge 6
2024-12-23T12:39:52Z,69.0,Charge 6
2024-12-23T12:39:53Z,70.0,Charge 6
2024-12-23T12:39:56Z,70.0,Charge 6
2024-12-23T12:39:59Z,70.0,Charge 6
2024-12-23T12:40:02Z,70.0,Charge 6
2024-12-23T12:40:04Z,70.0,Charge 6
2024-12-23T12:40:07Z,70.0,Charge 6
2024-12-23T12:40:10Z,70.0,Charge 6
2024-12-23T12:40:12Z,71.0,Charge 6
2024-12-23T12:40:14Z,72.0,Charge 6
2024-12-23T12:40:16Z,72.0,Charge 6
2024-12-23T12:40:18Z,73.0,Charge 6
2024-12-23T12:40:20Z,74.0,Charge 6
2024-12-23T12:40:21Z,75.0,Charge 6
2024-12-23T12:40:23Z,76.0,Charge 6
2024-12-23T12:40:26Z,76.0,Charge 6
2024-12-23T12:40:27Z,75.0,Charge 6
2024-12-23T12:40:29Z,74.0,Charge 6
2024-12-23T12:40:32Z,74.0,Charge 6
2024-12-23T12:40:35Z,74.0,Charge 6
2024-12-23T12:40:38Z,74.0,Charge 6
2024-12-23T12:40:41Z,75.0,Charge 6
2024-12-23T12:40:43Z,74.0,Charge 6
2024-12-23T12:40:46Z,74.0,Charge 6
2024-12-23T12:40:49Z,74.0,Charge 6
2024-12-23T12:40:50Z,72.0,Charge 6
2024-12-23T12:40:52Z,72.0,Charge 6
2024-12-23T12:40:55Z,72.0,Charge 6
2024-12-23T12:40:56Z,71.0,Charge 6
2024-12-23T12:40:58Z,70.0,Charge 6
2024-12-23T12:41:01Z,70.0,Charge 6
2024-12-23T12:41:02Z,69.0,Charge 6
2024-12-23T12:41:04Z,68.0,Charge 6
2024-12-23T12:41:07Z,68.0,Charge 6
2024-12-23T12:41:10Z,68.0,Charge 6
2024-12-23T12:41:11Z,68.0,Charge 6
2024-12-23T12:41:13Z,69.0,Charge 6
2024-12-23T12:41:15Z,70.0,Charge 6
2024-12-23T12:41:17Z,72.0,Charge 6
2024-12-23T12:41:20Z,72.0,Charge 6
2024-12-23T12:41:21Z,72.0,Charge 6
2024-12-23T12:41:23Z,70.0,Charge 6
2024-12-23T12:41:26Z,70.0,Charge 6
2024-12-23T12:41:27Z,70.0,Charge 6
2024-12-23T12:41:30Z,70.0,Charge 6
2024-12-23T12:41:31Z,71.0,Charge 6
2024-12-23T12:41:32Z,72.0,Charge 6
2024-12-23T12:41:35Z,72.0,Charge 6
2024-12-23T12:41:38Z,72.0,Charge 6
2024-12-23T12:41:40Z,70.0,Charge 6
2024-12-23T12:41:42Z,70.0,Charge 6
2024-12-23T12:41:45Z,70.0,Charge 6
2024-12-23T12:41:48Z,70.0,Charge 6
2024-12-23T12:41:51Z,70.0,Charge 6
2024-12-23T12:41:54Z,70.0,Charge 6
2024-12-23T12:41:57Z,70.0,Charge 6
2024-12-23T12:42:00Z,70.0,Charge 6
2024-12-23T12:42:03Z,70.0,Charge 6
2024-12-23T12:42:05Z,71.0,Charge 6
2024-12-23T12:42:08Z,71.0,Charge 6
2024-12-23T12:42:11Z,71.0,Charge 6
2024-12-23T12:42:14Z,71.0,Charge 6
2024-12-23T12:42:15Z,70.0,Charge 6
2024-12-23T12:42:18Z,70.0,Charge 6
2024-12-23T12:42:19Z,70.0,Charge 6
2024-12-23T12:42:20Z,69.0,Charge 6
2024-12-23T12:42:23Z,69.0,Charge 6
2024-12-23T12:42:24Z,68.0,Charge 6
2024-12-23T12:42:27Z,68.0,Charge 6
2024-12-23T12:42:30Z,68.0,Charge 6
2024-12-23T12:42:33Z,68.0,Charge 6
2024-12-23T12:42:36Z,68.0,Charge 6
2024-12-23T12:42:39Z,68.0,Charge 6
2024-12-23T12:42:40Z,67.0,Charge 6
2024-12-23T12:42:43Z,67.0,Charge 6
2024-12-23T12:42:46Z,67.0,Charge 6
2024-12-23T12:42:47Z,66.0,Charge 6
2024-12-23T12:42:50Z,66.0,Charge 6
2024-12-23T12:42:51Z,66.0,Charge 6
2024-12-23T12:42:54Z,66.0,Charge 6
2024-12-23T12:42:55Z,68.0,Charge 6
2024-12-23T12:42:58Z,68.0,Charge 6
2024-12-23T12:42:59Z,68.0,Charge 6
2024-12-23T12:43:02Z,68.0,Charge 6
2024-12-23T12:43:05Z,68.0,Charge 6
2024-12-23T12:43:08Z,69.0,Charge 6
2024-12-23T12:43:10Z,70.0,Charge 6
2024-12-23T12:43:13Z,70.0,Charge 6
2024-12-23T12:43:14Z,70.0,Charge 6
2024-12-23T12:43:17Z,70.0,Charge 6
2024-12-23T12:43:20Z,69.0,Charge 6
2024-12-23T12:43:22Z,68.0,Charge 6
2024-12-23T12:43:25Z,68.0,Charge 6
2024-12-23T12:43:26Z,69.0,Charge 6
2024-12-23T12:43:28Z,70.0,Charge 6
2024-12-23T12:43:30Z,68.0,Charge 6
2024-12-23T12:43:33Z,66.0,Charge 6
2024-12-23T12:43:36Z,66.0,Charge 6
2024-12-23T12:43:39Z,67.0,Charge 6
2024-12-23T12:43:42Z,67.0,Charge 6
2024-12-23T12:43:45Z,67.0,Charge 6
2024-12-23T12:43:47Z,68.0,Charge 6
2024-12-23T12:43:50Z,68.0,Charge 6
2024-12-23T12:43:53Z,69.0,Charge 6
2024-12-23T12:43:56Z,69.0,Charge 6
2024-12-23T12:43:58Z,68.0,Charge 6
2024-12-23T12:44:01Z,68.0,Charge 6
2024-12-23T12:44:04Z,68.0,Charge 6
2024-12-23T12:44:07Z,68.0,Charge 6
2024-12-23T12:44:10Z,68.0,Charge 6
2024-12-23T12:44:13Z,68.0,Charge 6
2024-12-23T12:44:16Z,69.0,Charge 6
2024-12-23T12:44:19Z,69.0,Charge 6
2024-12-23T12:44:22Z,69.0,Charge 6
2024-12-23T12:44:25Z,69.0,Charge 6
2024-12-23T12:44:28Z,69.0,Charge 6
2024-12-23T12:44:31Z,68.0,Charge 6
2024-12-23T12:44:34Z,68.0,Charge 6
2024-12-23T12:44:35Z,68.0,Charge 6
2024-12-23T12:44:38Z,68.0,Charge 6
2024-12-23T12:44:41Z,68.0,Charge 6
2024-12-23T12:44:43Z,67.0,Charge 6
2024-12-23T12:44:44Z,66.0,Charge 6
2024-12-23T12:44:46Z,67.0,Charge 6
2024-12-23T12:44:48Z,68.0,Charge 6
2024-12-23T12:44:51Z,68.0,Charge 6
2024-12-23T12:44:54Z,68.0,Charge 6
2024-12-23T12:44:57Z,68.0,Charge 6
2024-12-23T12:45:00Z,69.0,Charge 6
2024-12-23T12:45:03Z,69.0,Charge 6
2024-12-23T12:45:04Z,70.0,Charge 6
2024-12-23T12:45:06Z,70.0,Charge 6
2024-12-23T12:45:09Z,70.0,Charge 6
2024-12-23T12:45:11Z,70.0,Charge 6
2024-12-23T12:45:13Z,71.0,Charge 6
2024-12-23T12:45:15Z,72.0,Charge 6
2024-12-23T12:45:18Z,72.0,Charge 6
2024-12-23T12:45:19Z,70.0,Charge 6
2024-12-23T12:45:22Z,70.0,Charge 6
2024-12-23T12:45:23Z,70.0,Charge 6
2024-12-23T12:45:25Z,70.0,Charge 6
2024-12-23T12:45:27Z,70.0,Charge 6
2024-12-23T12:45:29Z,69.0,Charge 6
2024-12-23T12:45:31Z,68.0,Charge 6
2024-12-23T12:45:34Z,68.0,Charge 6
2024-12-23T12:45:36Z,68.0,Charge 6
2024-12-23T12:45:38Z,67.0,Charge 6
2024-12-23T12:45:41Z,67.0,Charge 6
2024-12-23T12:45:42Z,68.0,Charge 6
2024-12-23T12:45:45Z,68.0,Charge 6
2024-12-23T12:45:48Z,68.0,Charge 6
2024-12-23T12:45:51Z,68.0,Charge 6
2024-12-23T12:45:54Z,69.0,Charge 6
2024-12-23T12:45:56Z,70.0,Charge 6
2024-12-23T12:45:59Z,70.0,Charge 6
2024-12-23T12:46:02Z,70.0,Charge 6
2024-12-23T12:46:05Z,71.0,Charge 6
2024-12-23T12:46:07Z,72.0,Charge 6
2024-12-23T12:46:09Z,71.0,Charge 6
2024-12-23T12:46:11Z,70.0,Charge 6
2024-12-23T12:46:13Z,69.0,Charge 6
2024-12-23T12:46:15Z,68.0,Charge 6
2024-12-23T12:46:17Z,69.0,Charge 6
2024-12-23T12:46:19Z,70.0,Charge 6
2024-12-23T12:46:22Z,72.0,Charge 6
2024-12-23T12:46:24Z,71.0,Charge 6
2024-12-23T12:46:26Z,70.0,Charge 6
2024-12-23T12:46:28Z,69.0,Charge 6
2024-12-23T12:46:30Z,68.0,Charge 6
2024-12-23T12:46:33Z,68.0,Charge 6
2024-12-23T12:46:34Z,70.0,Charge 6
2024-12-23T12:46:37Z,70.0,Charge 6
2024-12-23T12:46:38Z,70.0,Charge 6
2024-12-23T12:46:41Z,70.0,Charge 6
2024-12-23T12:46:44Z,70.0,Charge 6
2024-12-23T12:46:45Z,71.0,Charge 6
2024-12-23T12:46:47Z,72.0,Charge 6
2024-12-23T12:46:49Z,70.0,Charge 6
2024-12-23T12:46:52Z,70.0,Charge 6
2024-12-23T12:46:55Z,70.0,Charge 6
2024-12-23T12:46:58Z,70.0,Charge 6
2024-12-23T12:47:01Z,70.0,Charge 6
2024-12-23T12:47:04Z,70.0,Charge 6
2024-12-23T12:47:07Z,69.0,Charge 6
2024-12-23T12:47:08Z,68.0,Charge 6
2024-12-23T12:47:11Z,68.0,Charge 6
2024-12-23T12:47:14Z,68.0,Charge 6
2024-12-23T12:47:17Z,68.0,Charge 6
2024-12-23T12:47:18Z,69.0,Charge 6
2024-12-23T12:47:21Z,69.0,Charge 6
2024-12-23T12:47:24Z,69.0,Charge 6
2024-12-23T12:47:26Z,68.0,Charge 6
2024-12-23T12:47:28Z,68.0,Charge 6
2024-12-23T12:47:31Z,68.0,Charge 6
2024-12-23T12:47:34Z,68.0,Charge 6
2024-12-23T12:47:37Z,68.0,Charge 6
2024-12-23T12:47:40Z,68.0,Charge 6
2024-12-23T12:47:43Z,68.0,Charge 6
2024-12-23T12:47:46Z,68.0,Charge 6
2024-12-23T12:47:47Z,68.0,Charge 6
2024-12-23T12:47:50Z,68.0,Charge 6
2024-12-23T12:47:53Z,69.0,Charge 6
2024-12-23T12:47:55Z,70.0,Charge 6
2024-12-23T12:47:56Z,70.0,Charge 6
2024-12-23T12:47:59Z,70.0,Charge 6
2024-12-23T12:48:00Z,71.0,Charge 6
2024-12-23T12:48:02Z,70.0,Charge 6
2024-12-23T12:48:05Z,70.0,Charge 6
2024-12-23T12:48:06Z,71.0,Charge 6
2024-12-23T12:48:09Z,71.0,Charge 6
2024-12-23T12:48:10Z,70.0,Charge 6
2024-12-23T12:48:13Z,70.0,Charge 6
2024-12-23T12:48:14Z,70.0,Charge 6
2024-12-23T12:48:16Z,70.0,Charge 6
2024-12-23T12:48:19Z,70.0,Charge 6
2024-12-23T12:48:20Z,70.0,Charge 6
2024-12-23T12:48:23Z,70.0,Charge 6
2024-12-23T12:48:26Z,70.0,Charge 6
2024-12-23T12:48:29Z,70.0,Charge 6
2024-12-23T12:48:32Z,70.0,Charge 6
2024-12-23T12:48:35Z,69.0,Charge 6
2024-12-23T12:48:37Z,68.0,Charge 6
2024-12-23T12:48:40Z,68.0,Charge 6
2024-12-23T12:48:41Z,68.0,Charge 6
2024-12-23T12:48:43Z,69.0,Charge 6
2024-12-23T12:48:44Z,70.0,Charge 6
2024-12-23T12:48:46Z,72.0,Charge 6
2024-12-23T12:48:49Z,72.0,Charge 6
2024-12-23T12:48:50Z,73.0,Charge 6
2024-12-23T12:48:52Z,74.0,Charge 6
2024-12-23T12:48:54Z,75.0,Charge 6
2024-12-23T12:48:57Z,75.0,Charge 6
2024-12-23T12:48:58Z,74.0,Charge 6
2024-12-23T12:49:01Z,74.0,Charge 6
2024-12-23T12:49:02Z,73.0,Charge 6
2024-12-23T12:49:04Z,72.0,Charge 6
2024-12-23T12:49:07Z,72.0,Charge 6
2024-12-23T12:49:08Z,71.0,Charge 6
2024-12-23T12:49:09Z,70.0,Charge 6
2024-12-23T12:49:12Z,70.0,Charge 6
2024-12-23T12:49:13Z,69.0,Charge 6
2024-12-23T12:49:16Z,69.0,Charge 6
2024-12-23T12:49:17Z,70.0,Charge 6
2024-12-23T12:49:19Z,69.0,Charge 6
2024-12-23T12:49:22Z,69.0,Charge 6
2024-12-23T12:49:23Z,68.0,Charge 6
2024-12-23T12:49:26Z,68.0,Charge 6
2024-12-23T12:49:27Z,68.0,Charge 6
2024-12-23T12:49:29Z,68.0,Charge 6
2024-12-23T12:49:31Z,67.0,Charge 6
2024-12-23T12:49:34Z,67.0,Charge 6
2024-12-23T12:49:36Z,67.0,Charge 6
2024-12-23T12:49:39Z,67.0,Charge 6
2024-12-23T12:49:40Z,66.0,Charge 6
2024-12-23T12:49:42Z,67.0,Charge 6
2024-12-23T12:49:44Z,68.0,Charge 6
2024-12-23T12:49:47Z,68.0,Charge 6
2024-12-23T12:49:50Z,68.0,Charge 6
2024-12-23T12:49:53Z,68.0,Charge 6
2024-12-23T12:49:56Z,69.0,Charge 6
2024-12-23T12:49:59Z,69.0,Charge 6
2024-12-23T12:50:01Z,68.0,Charge 6
2024-12-23T12:50:04Z,68.0,Charge 6
2024-12-23T12:50:05Z,67.0,Charge 6
2024-12-23T12:50:08Z,67.0,Charge 6
2024-12-23T12:50:09Z,68.0,Charge 6
2024-12-23T12:50:11Z,68.0,Charge 6
2024-12-23T12:50:13Z,68.0,Charge 6
2024-12-23T12:50:16Z,68.0,Charge 6
2024-12-23T12:50:19Z,68.0,Charge 6
2024-12-23T12:50:22Z,68.0,Charge 6
2024-12-23T12:50:25Z,68.0,Charge 6
2024-12-23T12:50:28Z,68.0,Charge 6
2024-12-23T12:50:30Z,70.0,Charge 6
2024-12-23T12:50:33Z,70.0,Charge 6
2024-12-23T12:50:36Z,70.0,Charge 6
2024-12-23T12:50:38Z,69.0,Charge 6
2024-12-23T12:50:40Z,70.0,Charge 6
2024-12-23T12:50:43Z,70.0,Charge 6
2024-12-23T12:50:46Z,70.0,Charge 6
2024-12-23T12:50:47Z,70.0,Charge 6
2024-12-23T12:50:50Z,70.0,Charge 6
2024-12-23T12:50:51Z,70.0,Charge 6
2024-12-23T12:50:54Z,70.0,Charge 6
2024-12-23T12:50:57Z,70.0,Charge 6
2024-12-23T12:51:00Z,70.0,Charge 6
2024-12-23T12:51:01Z,70.0,Charge 6
2024-12-23T12:51:04Z,70.0,Charge 6
2024-12-23T12:51:07Z,70.0,Charge 6
2024-12-23T12:51:08Z,69.0,Charge 6
2024-12-23T12:51:11Z,69.0,Charge 6
2024-12-23T12:51:14Z,69.0,Charge 6
2024-12-23T12:51:16Z,70.0,Charge 6
2024-12-23T12:51:19Z,70.0,Charge 6
2024-12-23T12:51:22Z,70.0,Charge 6
2024-12-23T12:51:25Z,70.0,Charge 6
2024-12-23T12:51:28Z,70.0,Charge 6
2024-12-23T12:51:31Z,70.0,Charge 6
2024-12-23T12:51:32Z,69.0,Charge 6
2024-12-23T12:51:34Z,68.0,Charge 6
2024-12-23T12:51:37Z,68.0,Charge 6
2024-12-23T12:51:40Z,68.0,Charge 6
2024-12-23T12:51:43Z,68.0,Charge 6
2024-12-23T12:51:45Z,70.0,Charge 6
2024-12-23T12:51:48Z,70.0,Charge 6
2024-12-23T12:51:49Z,70.0,Charge 6
2024-12-23T12:51:51Z,70.0,Charge 6
2024-12-23T12:51:53Z,68.0,Charge 6
2024-12-23T12:51:56Z,68.0,Charge 6
2024-12-23T12:51:59Z,69.0,Charge 6
2024-12-23T12:52:01Z,70.0,Charge 6
2024-12-23T12:52:03Z,71.0,Charge 6
2024-12-23T12:52:06Z,71.0,Charge 6
2024-12-23T12:52:07Z,70.0,Charge 6
2024-12-23T12:52:09Z,68.0,Charge 6
2024-12-23T12:52:12Z,68.0,Charge 6
2024-12-23T12:52:14Z,69.0,Charge 6
2024-12-23T12:52:16Z,70.0,Charge 6
2024-12-23T12:52:19Z,70.0,Charge 6
2024-12-23T12:52:22Z,70.0,Charge 6
2024-12-23T12:52:24Z,72.0,Charge 6
2024-12-23T12:52:27Z,72.0,Charge 6
2024-12-23T12:52:28Z,72.0,Charge 6
2024-12-23T12:52:30Z,70.0,Charge 6
2024-12-23T12:52:32Z,68.0,Charge 6
2024-12-23T12:52:33Z,67.0,Charge 6
2024-12-23T12:52:35Z,65.0,Charge 6
2024-12-23T12:52:37Z,64.0,Charge 6
2024-12-23T12:52:39Z,66.0,Charge 6
2024-12-23T12:52:42Z,66.0,Charge 6
2024-12-23T12:52:45Z,66.0,Charge 6
2024-12-23T12:52:47Z,68.0,Charge 6
2024-12-23T12:52:50Z,68.0,Charge 6
2024-12-23T12:52:53Z,68.0,Charge 6
2024-12-23T12:52:55Z,69.0,Charge 6
2024-12-23T12:52:57Z,70.0,Charge 6
2024-12-23T12:52:58Z,70.0,Charge 6
2024-12-23T12:53:00Z,71.0,Charge 6
2024-12-23T12:53:03Z,71.0,Charge 6
2024-12-23T12:53:04Z,70.0,Charge 6
2024-12-23T12:53:06Z,71.0,Charge 6
2024-12-23T12:53:08Z,72.0,Charge 6
2024-12-23T12:53:11Z,72.0,Charge 6
2024-12-23T12:53:12Z,73.0,Charge 6
2024-12-23T12:53:14Z,74.0,Charge 6
2024-12-23T12:53:16Z,73.0,Charge 6
2024-12-23T12:53:18Z,72.0,Charge 6
2024-12-23T12:53:21Z,73.0,Charge 6
2024-12-23T12:53:24Z,73.0,Charge 6
2024-12-23T12:53:25Z,74.0,Charge 6
2024-12-23T12:53:28Z,74.0,Charge 6
2024-12-23T12:53:31Z,74.0,Charge 6
2024-12-23T12:53:33Z,76.0,Charge 6
2024-12-23T12:53:36Z,76.0,Charge 6
2024-12-23T12:53:37Z,75.0,Charge 6
2024-12-23T12:53:39Z,74.0,Charge 6
2024-12-23T12:53:41Z,74.0,Charge 6
2024-12-23T12:53:43Z,72.0,Charge 6
2024-12-23T12:53:46Z,72.0,Charge 6
2024-12-23T12:53:48Z,70.0,Charge 6
2024-12-23T12:53:51Z,70.0,Charge 6
2024-12-23T12:53:52Z,69.0,Charge 6
2024-12-23T12:53:54Z,69.0,Charge 6
2024-12-23T12:53:56Z,70.0,Charge 6
2024-12-23T12:53:59Z,70.0,Charge 6
2024-12-23T12:54:00Z,69.0,Charge 6
2024-12-23T12:54:02Z,68.0,Charge 6
2024-12-23T12:54:05Z,68.0,Charge 6
2024-12-23T12:54:08Z,69.0,Charge 6
2024-12-23T12:54:09Z,70.0,Charge 6
2024-12-23T12:54:12Z,70.0,Charge 6
2024-12-23T12:54:15Z,68.0,Charge 6
2024-12-23T12:54:18Z,68.0,Charge 6
2024-12-23T12:54:21Z,68.0,Charge 6
2024-12-23T12:54:23Z,69.0,Charge 6
2024-12-23T12:54:25Z,70.0,Charge 6
2024-12-23T12:54:28Z,70.0,Charge 6
2024-12-23T12:54:31Z,70.0,Charge 6
2024-12-23T12:54:33Z,69.0,Charge 6
2024-12-23T12:54:34Z,70.0,Charge 6
2024-12-23T12:54:37Z,70.0,Charge 6
2024-12-23T12:54:38Z,69.0,Charge 6
2024-12-23T12:54:40Z,70.0,Charge 6
2024-12-23T12:54:42Z,70.0,Charge 6
2024-12-23T12:54:45Z,70.0,Charge 6
2024-12-23T12:54:48Z,69.0,Charge 6
2024-12-23T12:54:51Z,69.0,Charge 6
2024-12-23T12:54:52Z,68.0,Charge 6
2024-12-23T12:54:54Z,68.0,Charge 6
2024-12-23T12:54:56Z,67.0,Charge 6
2024-12-23T12:54:57Z,66.0,Charge 6
2024-12-23T12:55:00Z,66.0,Charge 6
2024-12-23T12:55:01Z,68.0,Charge 6
2024-12-23T12:55:03Z,69.0,Charge 6
2024-12-23T12:55:05Z,70.0,Charge 6
2024-12-23T12:55:08Z,70.0,Charge 6
2024-12-23T12:55:11Z,70.0,Charge 6
2024-12-23T12:55:14Z,70.0,Charge 6
2024-12-23T12:55:17Z,70.0,Charge 6
2024-12-23T12:55:20Z,70.0,Charge 6
2024-12-23T12:55:22Z,68.0,Charge 6
2024-12-23T12:55:24Z,67.0,Charge 6
2024-12-23T12:55:26Z,68.0,Charge 6
2024-12-23T12:55:29Z,68.0,Charge 6
2024-12-23T12:55:32Z,69.0,Charge 6
2024-12-23T12:55:34Z,69.0,Charge 6
2024-12-23T12:55:36Z,70.0,Charge 6
2024-12-23T12:55:38Z,70.0,Charge 6
2024-12-23T12:55:41Z,70.0,Charge 6
2024-12-23T12:55:44Z,70.0,Charge 6
2024-12-23T12:55:47Z,70.0,Charge 6
2024-12-23T12:55:50Z,70.0,Charge 6
2024-12-23T12:55:51Z,69.0,Charge 6
2024-12-23T12:55:53Z,68.0,Charge 6
2024-12-23T12:55:56Z,68.0,Charge 6
2024-12-23T12:55:57Z,68.0,Charge 6
2024-12-23T12:55:59Z,69.0,Charge 6
2024-12-23T12:56:01Z,68.0,Charge 6
2024-12-23T12:56:03Z,69.0,Charge 6
2024-12-23T12:56:06Z,69.0,Charge 6
2024-12-23T12:56:07Z,68.0,Charge 6
2024-12-23T12:56:09Z,69.0,Charge 6
2024-12-23T12:56:12Z,69.0,Charge 6
2024-12-23T12:56:14Z,70.0,Charge 6
2024-12-23T12:56:17Z,70.0,Charge 6
2024-12-23T12:56:20Z,69.0,Charge 6
2024-12-23T12:56:22Z,68.0,Charge 6
2024-12-23T12:56:25Z,68.0,Charge 6
2024-12-23T12:56:28Z,68.0,Charge 6
2024-12-23T12:56:31Z,68.0,Charge 6
2024-12-23T12:56:32Z,67.0,Charge 6
2024-12-23T12:56:35Z,66.0,Charge 6
2024-12-23T12:56:38Z,66.0,Charge 6
2024-12-23T12:56:41Z,66.0,Charge 6
2024-12-23T12:56:44Z,66.0,Charge 6
2024-12-23T12:56:47Z,66.0,Charge 6
2024-12-23T12:56:50Z,66.0,Charge 6
2024-12-23T12:56:51Z,67.0,Charge 6
2024-12-23T12:56:54Z,67.0,Charge 6
2024-12-23T12:56:55Z,68.0,Charge 6
2024-12-23T12:56:58Z,68.0,Charge 6
2024-12-23T12:57:01Z,68.0,Charge 6
2024-12-23T12:57:02Z,68.0,Charge 6
2024-12-23T12:57:05Z,68.0,Charge 6
2024-12-23T12:57:08Z,68.0,Charge 6
2024-12-23T12:57:11Z,68.0,Charge 6
2024-12-23T12:57:14Z,68.0,Charge 6
2024-12-23T12:57:16Z,68.0,Charge 6
2024-12-23T12:57:18Z,69.0,Charge 6
2024-12-23T12:57:21Z,69.0,Charge 6
2024-12-23T12:57:23Z,70.0,Charge 6
2024-12-23T12:57:25Z,72.0,Charge 6
2024-12-23T12:57:27Z,74.0,Charge 6
2024-12-23T12:57:30Z,74.0,Charge 6
2024-12-23T12:57:31Z,73.0,Charge 6
2024-12-23T12:57:33Z,72.0,Charge 6
2024-12-23T12:57:36Z,72.0,Charge 6
2024-12-23T12:57:37Z,71.0,Charge 6
2024-12-23T12:57:39Z,72.0,Charge 6
2024-12-23T12:57:41Z,70.0,Charge 6
2024-12-23T12:57:44Z,70.0,Charge 6
2024-12-23T12:57:45Z,69.0,Charge 6
2024-12-23T12:57:46Z,68.0,Charge 6
2024-12-23T12:57:49Z,68.0,Charge 6
2024-12-23T12:57:50Z,69.0,Charge 6
2024-12-23T12:57:52Z,69.0,Charge 6
2024-12-23T12:57:54Z,70.0,Charge 6
2024-12-23T12:57:57Z,70.0,Charge 6
2024-12-23T12:57:58Z,70.0,Charge 6
2024-12-23T12:58:00Z,70.0,Charge 6
2024-12-23T12:58:03Z,70.0,Charge 6
2024-12-23T12:58:06Z,70.0,Charge 6
2024-12-23T12:58:09Z,70.0,Charge 6
2024-12-23T12:58:11Z,68.0,Charge 6
2024-12-23T12:58:14Z,68.0,Charge 6
2024-12-23T12:58:17Z,68.0,Charge 6
2024-12-23T12:58:20Z,68.0,Charge 6
2024-12-23T12:58:21Z,68.0,Charge 6
2024-12-23T12:58:23Z,69.0,Charge 6
2024-12-23T12:58:25Z,70.0,Charge 6
2024-12-23T12:58:28Z,70.0,Charge 6
2024-12-23T12:58:31Z,70.0,Charge 6
2024-12-23T12:58:34Z,70.0,Charge 6
2024-12-23T12:58:36Z,70.0,Charge 6
2024-12-23T12:58:39Z,70.0,Charge 6
2024-12-23T12:58:42Z,70.0,Charge 6
2024-12-23T12:58:45Z,70.0,Charge 6
2024-12-23T12:58:48Z,70.0,Charge 6
2024-12-23T12:58:51Z,70.0,Charge 6
2024-12-23T12:58:52Z,68.0,Charge 6
2024-12-23T12:58:55Z,68.0,Charge 6
2024-12-23T12:58:57Z,69.0,Charge 6
2024-12-23T12:58:59Z,69.0,Charge 6
2024-12-23T12:59:02Z,69.0,Charge 6
2024-12-23T12:59:05Z,69.0,Charge 6
2024-12-23T12:59:08Z,69.0,Charge 6
2024-12-23T12:59:09Z,68.0,Charge 6
2024-12-23T12:59:12Z,68.0,Charge 6
2024-12-23T12:59:15Z,68.0,Charge 6
2024-12-23T12:59:18Z,68.0,Charge 6
2024-12-23T12:59:19Z,69.0,Charge 6
2024-12-23T12:59:22Z,69.0,Charge 6
2024-12-23T12:59:24Z,70.0,Charge 6
2024-12-23T12:59:26Z,70.0,Charge 6
2024-12-23T12:59:28Z,71.0,Charge 6
2024-12-23T12:59:31Z,71.0,Charge 6
2024-12-23T12:59:34Z,72.0,Charge 6
2024-12-23T12:59:37Z,72.0,Charge 6
2024-12-23T12:59:40Z,74.0,Charge 6
2024-12-23T12:59:43Z,74.0,Charge 6
2024-12-23T12:59:45Z,75.0,Charge 6
2024-12-23T12:59:47Z,74.0,Charge 6
2024-12-23T12:59:49Z,72.0,Charge 6
2024-12-23T12:59:51Z,70.0,Charge 6
2024-12-23T12:59:53Z,69.0,Charge 6
2024-12-23T12:59:55Z,68.0,Charge 6
2024-12-23T12:59:58Z,68.0,Charge 6
2024-12-23T12:59:59Z,70.0,Charge 6
2024-12-23T13:00:01Z,72.0,Charge 6
2024-12-23T13:00:03Z,74.0,Charge 6
2024-12-23T13:00:05Z,75.0,Charge 6
2024-12-23T13:00:07Z,76.0,Charge 6
2024-12-23T13:00:10Z,74.0,Charge 6
2024-12-23T13:00:12Z,74.0,Charge 6
2024-12-23T13:00:15Z,74.0,Charge 6
2024-12-23T13:00:18Z,74.0,Charge 6
2024-12-23T13:00:20Z,73.0,Charge 6
2024-12-23T13:00:22Z,72.0,Charge 6
2024-12-23T13:00:24Z,71.0,Charge 6
2024-12-23T13:00:27Z,71.0,Charge 6
2024-12-23T13:00:30Z,71.0,Charge 6
2024-12-23T13:00:32Z,70.0,Charge 6
2024-12-23T13:00:35Z,70.0,Charge 6
2024-12-23T13:00:38Z,70.0,Charge 6
2024-12-23T13:00:41Z,70.0,Charge 6
2024-12-23T13:00:43Z,72.0,Charge 6
2024-12-23T13:00:46Z,72.0,Charge 6
2024-12-23T13:00:47Z,73.0,Charge 6
2024-12-23T13:00:49Z,74.0,Charge 6
2024-12-23T13:00:51Z,75.0,Charge 6
2024-12-23T13:00:53Z,76.0,Charge 6
2024-12-23T13:00:55Z,77.0,Charge 6
2024-12-23T13:00:57Z,78.0,Charge 6
2024-12-23T13:00:58Z,79.0,Charge 6
2024-12-23T13:01:00Z,78.0,Charge 6
2024-12-23T13:01:03Z,78.0,Charge 6
2024-12-23T13:01:04Z,76.0,Charge 6
2024-12-23T13:01:07Z,76.0,Charge 6
2024-12-23T13:01:10Z,75.0,Charge 6
2024-12-23T13:01:13Z,75.0,Charge 6
2024-12-23T13:01:14Z,74.0,Charge 6
2024-12-23T13:01:17Z,74.0,Charge 6
2024-12-23T13:01:20Z,72.0,Charge 6
2024-12-23T13:01:23Z,72.0,Charge 6
2024-12-23T13:01:25Z,71.0,Charge 6
2024-12-23T13:01:27Z,69.0,Charge 6
2024-12-23T13:01:29Z,68.0,Charge 6
2024-12-23T13:01:31Z,67.0,Charge 6
2024-12-23T13:01:34Z,67.0,Charge 6
2024-12-23T13:01:35Z,66.0,Charge 6
2024-12-23T13:01:38Z,66.0,Charge 6
2024-12-23T13:01:41Z,66.0,Charge 6
2024-12-23T13:01:44Z,66.0,Charge 6
2024-12-23T13:01:45Z,67.0,Charge 6
2024-12-23T13:01:46Z,68.0,Charge 6
2024-12-23T13:01:48Z,68.0,Charge 6
2024-12-23T13:01:51Z,68.0,Charge 6
2024-12-23T13:01:52Z,67.0,Charge 6
2024-12-23T13:01:54Z,66.0,Charge 6
2024-12-23T13:01:57Z,66.0,Charge 6
2024-12-23T13:01:58Z,68.0,Charge 6
2024-12-23T13:02:01Z,68.0,Charge 6
2024-12-23T13:02:02Z,69.0,Charge 6
2024-12-23T13:02:05Z,69.0,Charge 6
2024-12-23T13:02:08Z,70.0,Charge 6
2024-12-23T13:02:11Z,69.0,Charge 6
2024-12-23T13:02:13Z,68.0,Charge 6
2024-12-23T13:02:15Z,68.0,Charge 6
2024-12-23T13:02:17Z,66.0,Charge 6
2024-12-23T13:02:19Z,67.0,Charge 6
2024-12-23T13:02:22Z,67.0,Charge 6
2024-12-23T13:02:23Z,68.0,Charge 6
2024-12-23T13:02:26Z,68.0,Charge 6
2024-12-23T13:02:29Z,67.0,Charge 6
2024-12-23T13:02:32Z,67.0,Charge 6
2024-12-23T13:02:33Z,68.0,Charge 6
2024-12-23T13:02:34Z,69.0,Charge 6
2024-12-23T13:02:36Z,70.0,Charge 6
2024-12-23T13:02:39Z,70.0,Charge 6
2024-12-23T13:02:42Z,70.0,Charge 6
2024-12-23T13:02:45Z,70.0,Charge 6
2024-12-23T13:02:46Z,69.0,Charge 6
2024-12-23T13:02:48Z,68.0,Charge 6
2024-12-23T13:02:50Z,69.0,Charge 6
2024-12-23T13:02:52Z,70.0,Charge 6
2024-12-23T13:02:54Z,69.0,Charge 6
2024-12-23T13:02:56Z,68.0,Charge 6
2024-12-23T13:02:59Z,67.0,Charge 6
2024-12-23T13:03:01Z,68.0,Charge 6
2024-12-23T13:03:03Z,68.0,Charge 6
2024-12-23T13:03:06Z,68.0,Charge 6
2024-12-23T13:03:07Z,68.0,Charge 6
2024-12-23T13:03:10Z,68.0,Charge 6
2024-12-23T13:03:11Z,67.0,Charge 6
2024-12-23T13:03:13Z,67.0,Charge 6
2024-12-23T13:03:15Z,68.0,Charge 6
2024-12-23T13:03:18Z,68.0,Charge 6
2024-12-23T13:03:21Z,68.0,Charge 6
2024-12-23T13:03:24Z,69.0,Charge 6
2024-12-23T13:03:27Z,69.0,Charge 6
2024-12-23T13:03:28Z,68.0,Charge 6
2024-12-23T13:03:30Z,67.0,Charge 6
2024-12-23T13:03:33Z,67.0,Charge 6
2024-12-23T13:03:34Z,68.0,Charge 6
2024-12-23T13:03:37Z,68.0,Charge 6
2024-12-23T13:03:40Z,68.0,Charge 6
2024-12-23T13:03:42Z,66.0,Charge 6
2024-12-23T13:03:45Z,66.0,Charge 6
2024-12-23T13:03:48Z,66.0,Charge 6
2024-12-23T13:03:49Z,67.0,Charge 6
2024-12-23T13:03:52Z,67.0,Charge 6
2024-12-23T13:03:53Z,66.0,Charge 6
2024-12-23T13:03:56Z,66.0,Charge 6
2024-12-23T13:03:57Z,68.0,Charge 6
2024-12-23T13:04:00Z,68.0,Charge 6
2024-12-23T13:04:01Z,69.0,Charge 6
2024-12-23T13:04:03Z,70.0,Charge 6
2024-12-23T13:04:05Z,70.0,Charge 6
2024-12-23T13:04:08Z,70.0,Charge 6
2024-12-23T13:04:10Z,69.0,Charge 6
2024-12-23T13:04:13Z,69.0,Charge 6
2024-12-23T13:04:14Z,70.0,Charge 6
2024-12-23T13:04:17Z,70.0,Charge 6
2024-12-23T13:04:18Z,70.0,Charge 6
2024-12-23T13:04:21Z,70.0,Charge 6
2024-12-23T13:04:22Z,71.0,Charge 6
2024-12-23T13:04:25Z,71.0,Charge 6
2024-12-23T13:04:28Z,70.0,Charge 6
2024-12-23T13:04:30Z,70.0,Charge 6
2024-12-23T13:04:33Z,70.0,Charge 6
2024-12-23T13:04:36Z,70.0,Charge 6
2024-12-23T13:04:39Z,70.0,Charge 6
2024-12-23T13:04:42Z,70.0,Charge 6
2024-12-23T13:04:45Z,69.0,Charge 6
2024-12-23T13:04:48Z,69.0,Charge 6
2024-12-23T13:04:51Z,68.0,Charge 6
2024-12-23T13:04:54Z,68.0,Charge 6
2024-12-23T13:04:57Z,68.0,Charge 6
2024-12-23T13:05:00Z,68.0,Charge 6
2024-12-23T13:05:03Z,68.0,Charge 6
2024-12-23T13:05:06Z,68.0,Charge 6
2024-12-23T13:05:08Z,69.0,Charge 6
2024-12-23T13:05:10Z,68.0,Charge 6
2024-12-23T13:05:12Z,69.0,Charge 6
2024-12-23T13:05:15Z,69.0,Charge 6
2024-12-23T13:05:18Z,70.0,Charge 6
2024-12-23T13:05:21Z,70.0,Charge 6
2024-12-23T13:05:24Z,70.0,Charge 6
2024-12-23T13:05:25Z,70.0,Charge 6
2024-12-23T13:05:28Z,70.0,Charge 6
2024-12-23T13:05:31Z,70.0,Charge 6
2024-12-23T13:05:34Z,70.0,Charge 6
2024-12-23T13:05:35Z,69.0,Charge 6
2024-12-23T13:05:37Z,70.0,Charge 6
2024-12-23T13:05:40Z,70.0,Charge 6
2024-12-23T13:05:43Z,70.0,Charge 6
2024-12-23T13:05:45Z,69.0,Charge 6
2024-12-23T13:05:46Z,69.0,Charge 6
2024-12-23T13:05:48Z,70.0,Charge 6
2024-12-23T13:05:51Z,70.0,Charge 6
2024-12-23T13:05:52Z,70.0,Charge 6
2024-12-23T13:05:54Z,69.0,Charge 6
2024-12-23T13:05:56Z,68.0,Charge 6
2024-12-23T13:05:59Z,68.0,Charge 6
2024-12-23T13:06:02Z,68.0,Charge 6
2024-12-23T13:06:05Z,68.0,Charge 6
2024-12-23T13:06:08Z,68.0,Charge 6
2024-12-23T13:06:09Z,66.0,Charge 6
2024-12-23T13:06:11Z,66.0,Charge 6
2024-12-23T13:06:14Z,66.0,Charge 6
2024-12-23T13:06:15Z,68.0,Charge 6
2024-12-23T13:06:17Z,69.0,Charge 6
2024-12-23T13:06:19Z,70.0,Charge 6
2024-12-23T13:06:22Z,70.0,Charge 6
2024-12-23T13:06:23Z,70.0,Charge 6
2024-12-23T13:06:25Z,69.0,Charge 6
2024-12-23T13:06:27Z,70.0,Charge 6
2024-12-23T13:06:30Z,70.0,Charge 6
2024-12-23T13:06:31Z,71.0,Charge 6
2024-12-23T13:06:34Z,70.0,Charge 6
2024-12-23T13:06:37Z,69.0,Charge 6
2024-12-23T13:06:39Z,68.0,Charge 6
2024-12-23T13:06:42Z,68.0,Charge 6
2024-12-23T13:06:45Z,70.0,Charge 6
2024-12-23T13:06:48Z,70.0,Charge 6
2024-12-23T13:06:49Z,70.0,Charge 6
2024-12-23T13:06:52Z,70.0,Charge 6
2024-12-23T13:06:53Z,69.0,Charge 6
2024-12-23T13:06:55Z,70.0,Charge 6
2024-12-23T13:06:58Z,71.0,Charge 6
2024-12-23T13:07:01Z,71.0,Charge 6
2024-12-23T13:07:02Z,70.0,Charge 6
2024-12-23T13:07:05Z,70.0,Charge 6
2024-12-23T13:07:06Z,69.0,Charge 6
2024-12-23T13:07:08Z,68.0,Charge 6
2024-12-23T13:07:10Z,69.0,Charge 6
2024-12-23T13:07:12Z,70.0,Charge 6
2024-12-23T13:07:15Z,70.0,Charge 6
2024-12-23T13:07:18Z,68.0,Charge 6
2024-12-23T13:07:21Z,68.0,Charge 6
2024-12-23T13:07:23Z,69.0,Charge 6
2024-12-23T13:07:25Z,70.0,Charge 6
2024-12-23T13:07:27Z,70.0,Charge 6
2024-12-23T13:07:30Z,70.0,Charge 6
2024-12-23T13:07:31Z,68.0,Charge 6
2024-12-23T13:07:33Z,67.0,Charge 6
2024-12-23T13:07:36Z,67.0,Charge 6
2024-12-23T13:07:37Z,67.0,Charge 6
2024-12-23T13:07:40Z,67.0,Charge 6
2024-12-23T13:07:43Z,67.0,Charge 6
2024-12-23T13:07:45Z,66.0,Charge 6
2024-12-23T13:07:46Z,67.0,Charge 6
2024-12-23T13:07:48Z,66.0,Charge 6
2024-12-23T13:07:51Z,66.0,Charge 6
2024-12-23T13:07:54Z,66.0,Charge 6
2024-12-23T13:07:57Z,66.0,Charge 6
2024-12-23T13:08:00Z,66.0,Charge 6
2024-12-23T13:08:03Z,66.0,Charge 6
2024-12-23T13:08:06Z,66.0,Charge 6
2024-12-23T13:08:08Z,68.0,Charge 6
2024-12-23T13:08:10Z,67.0,Charge 6
2024-12-23T13:08:11Z,66.0,Charge 6
2024-12-23T13:08:14Z,66.0,Charge 6
2024-12-23T13:08:15Z,65.0,Charge 6
2024-12-23T13:08:17Z,66.0,Charge 6
2024-12-23T13:08:19Z,67.0,Charge 6
2024-12-23T13:08:21Z,68.0,Charge 6
2024-12-23T13:08:24Z,68.0,Charge 6
2024-12-23T13:08:27Z,68.0,Charge 6
2024-12-23T13:08:29Z,70.0,Charge 6
2024-12-23T13:08:32Z,70.0,Charge 6
2024-12-23T13:08:33Z,70.0,Charge 6
2024-12-23T13:08:34Z,69.0,Charge 6
2024-12-23T13:08:37Z,69.0,Charge 6
2024-12-23T13:08:38Z,70.0,Charge 6
2024-12-23T13:08:40Z,71.0,Charge 6
2024-12-23T13:08:42Z,72.0,Charge 6
2024-12-23T13:08:45Z,72.0,Charge 6
2024-12-23T13:08:46Z,70.0,Charge 6
2024-12-23T13:08:48Z,68.0,Charge 6
2024-12-23T13:08:51Z,68.0,Charge 6
2024-12-23T13:08:52Z,67.0,Charge 6
2024-12-23T13:08:55Z,67.0,Charge 6
2024-12-23T13:08:56Z,68.0,Charge 6
2024-12-23T13:08:58Z,69.0,Charge 6
2024-12-23T13:08:59Z,70.0,Charge 6
2024-12-23T13:09:01Z,69.0,Charge 6
2024-12-23T13:09:03Z,68.0,Charge 6
2024-12-23T13:09:05Z,69.0,Charge 6
2024-12-23T13:09:08Z,69.0,Charge 6
2024-12-23T13:09:11Z,70.0,Charge 6
2024-12-23T13:09:13Z,70.0,Charge 6
2024-12-23T13:09:15Z,71.0,Charge 6
2024-12-23T13:09:17Z,72.0,Charge 6
2024-12-23T13:09:20Z,72.0,Charge 6
2024-12-23T13:09:21Z,71.0,Charge 6
2024-12-23T13:09:22Z,70.0,Charge 6
2024-12-23T13:09:25Z,70.0,Charge 6
2024-12-23T13:09:26Z,71.0,Charge 6
2024-12-23T13:09:28Z,72.0,Charge 6
2024-12-23T13:09:30Z,72.0,Charge 6
2024-12-23T13:09:32Z,70.0,Charge 6
2024-12-23T13:09:35Z,70.0,Charge 6
2024-12-23T13:09:38Z,69.0,Charge 6
2024-12-23T13:09:40Z,68.0,Charge 6
2024-12-23T13:09:43Z,68.0,Charge 6
2024-12-23T13:09:44Z,69.0,Charge 6
2024-12-23T13:09:47Z,68.0,Charge 6
2024-12-23T13:09:49Z,68.0,Charge 6
2024-12-23T13:09:52Z,68.0,Charge 6
2024-12-23T13:09:53Z,69.0,Charge 6
2024-12-23T13:09:55Z,70.0,Charge 6
2024-12-23T13:09:58Z,70.0,Charge 6
2024-12-23T13:10:01Z,70.0,Charge 6
2024-12-23T13:10:03Z,69.0,Charge 6
2024-12-23T13:10:05Z,68.0,Charge 6
2024-12-23T13:10:08Z,68.0,Charge 6
2024-12-23T13:10:09Z,69.0,Charge 6
2024-12-23T13:10:10Z,70.0,Charge 6
2024-12-23T13:10:12Z,69.0,Charge 6
2024-12-23T13:10:14Z,70.0,Charge 6
2024-12-23T13:10:16Z,71.0,Charge 6
2024-12-23T13:10:18Z,72.0,Charge 6
2024-12-23T13:10:20Z,72.0,Charge 6
2024-12-23T13:10:23Z,72.0,Charge 6
2024-12-23T13:10:24Z,70.0,Charge 6
2024-12-23T13:10:26Z,69.0,Charge 6
2024-12-23T13:10:28Z,68.0,Charge 6
2024-12-23T13:10:30Z,68.0,Charge 6
2024-12-23T13:10:33Z,68.0,Charge 6
2024-12-23T13:10:36Z,68.0,Charge 6
2024-12-23T13:10:37Z,68.0,Charge 6
2024-12-23T13:10:39Z,67.0,Charge 6
2024-12-23T13:10:41Z,67.0,Charge 6
2024-12-23T13:10:43Z,67.0,Charge 6
2024-12-23T13:10:46Z,67.0,Charge 6
2024-12-23T13:10:47Z,66.0,Charge 6
2024-12-23T13:10:50Z,66.0,Charge 6
2024-12-23T13:10:53Z,66.0,Charge 6
2024-12-23T13:10:55Z,68.0,Charge 6
2024-12-23T13:10:57Z,69.0,Charge 6
2024-12-23T13:10:58Z,70.0,Charge 6
2024-12-23T13:11:00Z,69.0,Charge 6
2024-12-23T13:11:02Z,68.0,Charge 6
2024-12-23T13:11:05Z,68.0,Charge 6
2024-12-23T13:11:08Z,68.0,Charge 6
2024-12-23T13:11:11Z,68.0,Charge 6
2024-12-23T13:11:14Z,68.0,Charge 6
2024-12-23T13:11:17Z,68.0,Charge 6
2024-12-23T13:11:20Z,69.0,Charge 6
2024-12-23T13:11:22Z,70.0,Charge 6
2024-12-23T13:11:23Z,71.0,Charge 6
2024-12-23T13:11:26Z,71.0,Charge 6
2024-12-23T13:11:27Z,70.0,Charge 6
2024-12-23T13:11:29Z,68.0,Charge 6
2024-12-23T13:11:32Z,68.0,Charge 6
2024-12-23T13:11:35Z,68.0,Charge 6
2024-12-23T13:11:38Z,68.0,Charge 6
2024-12-23T13:11:41Z,68.0,Charge 6
2024-12-23T13:11:43Z,68.0,Charge 6
2024-12-23T13:11:45Z,70.0,Charge 6
2024-12-23T13:11:46Z,72.0,Charge 6
2024-12-23T13:11:48Z,73.0,Charge 6
2024-12-23T13:11:50Z,74.0,Charge 6
2024-12-23T13:11:53Z,74.0,Charge 6
2024-12-23T13:11:54Z,73.0,Charge 6
2024-12-23T13:11:56Z,73.0,Charge 6
2024-12-23T13:11:59Z,73.0,Charge 6
2024-12-23T13:12:02Z,73.0,Charge 6
2024-12-23T13:12:04Z,73.0,Charge 6
2024-12-23T13:12:06Z,72.0,Charge 6
2024-12-23T13:12:08Z,71.0,Charge 6
2024-12-23T13:12:10Z,70.0,Charge 6
2024-12-23T13:12:13Z,70.0,Charge 6
2024-12-23T13:12:16Z,70.0,Charge 6
2024-12-23T13:12:19Z,70.0,Charge 6
2024-12-23T13:12:21Z,71.0,Charge 6
2024-12-23T13:12:23Z,72.0,Charge 6
2024-12-23T13:12:25Z,73.0,Charge 6
2024-12-23T13:12:28Z,73.0,Charge 6
2024-12-23T13:12:29Z,72.0,Charge 6
2024-12-23T13:12:31Z,70.0,Charge 6
2024-12-23T13:12:34Z,70.0,Charge 6
2024-12-23T13:12:37Z,70.0,Charge 6
2024-12-23T13:12:40Z,70.0,Charge 6
2024-12-23T13:12:43Z,70.0,Charge 6
2024-12-23T13:12:46Z,70.0,Charge 6
2024-12-23T13:12:49Z,70.0,Charge 6
2024-12-23T13:12:52Z,68.0,Charge 6
2024-12-23T13:12:55Z,68.0,Charge 6
2024-12-23T13:12:58Z,68.0,Charge 6
2024-12-23T13:13:01Z,67.0,Charge 6
2024-12-23T13:13:03Z,68.0,Charge 6
2024-12-23T13:13:06Z,68.0,Charge 6
2024-12-23T13:13:09Z,68.0,Charge 6
2024-12-23T13:13:12Z,68.0,Charge 6
2024-12-23T13:13:15Z,69.0,Charge 6
2024-12-23T13:13:17Z,70.0,Charge 6
2024-12-23T13:13:20Z,70.0,Charge 6
2024-12-23T13:13:23Z,70.0,Charge 6
2024-12-23T13:13:26Z,70.0,Charge 6
2024-12-23T13:13:29Z,70.0,Charge 6
2024-12-23T13:13:32Z,70.0,Charge 6
2024-12-23T13:13:35Z,70.0,Charge 6
2024-12-23T13:13:36Z,71.0,Charge 6
2024-12-23T13:13:39Z,71.0,Charge 6
2024-12-23T13:13:42Z,70.0,Charge 6
2024-12-23T13:13:45Z,70.0,Charge 6
2024-12-23T13:13:48Z,70.0,Charge 6
2024-12-23T13:13:51Z,70.0,Charge 6
2024-12-23T13:13:54Z,70.0,Charge 6
2024-12-23T13:13:55Z,69.0,Charge 6
2024-12-23T13:13:57Z,70.0,Charge 6
2024-12-23T13:14:00Z,70.0,Charge 6
2024-12-23T13:14:03Z,70.0,Charge 6
2024-12-23T13:14:06Z,70.0,Charge 6
2024-12-23T13:14:09Z,70.0,Charge 6
2024-12-23T13:14:12Z,70.0,Charge 6
2024-12-23T13:14:14Z,71.0,Charge 6
2024-12-23T13:14:17Z,71.0,Charge 6
2024-12-23T13:14:20Z,70.0,Charge 6
2024-12-23T13:14:23Z,70.0,Charge 6
2024-12-23T13:14:24Z,71.0,Charge 6
2024-12-23T13:14:26Z,72.0,Charge 6
2024-12-23T13:14:29Z,72.0,Charge 6
2024-12-23T13:14:30Z,71.0,Charge 6
2024-12-23T13:14:32Z,70.0,Charge 6
2024-12-23T13:14:34Z,71.0,Charge 6
2024-12-23T13:14:35Z,72.0,Charge 6
2024-12-23T13:14:38Z,72.0,Charge 6
2024-12-23T13:14:41Z,73.0,Charge 6
2024-12-23T13:14:43Z,72.0,Charge 6
2024-12-23T13:14:46Z,72.0,Charge 6
2024-12-23T13:14:49Z,71.0,Charge 6
2024-12-23T13:14:52Z,71.0,Charge 6
2024-12-23T13:14:55Z,70.0,Charge 6
2024-12-23T13:14:58Z,71.0,Charge 6
2024-12-23T13:15:01Z,71.0,Charge 6
2024-12-23T13:15:04Z,70.0,Charge 6
2024-12-23T13:15:07Z,70.0,Charge 6
2024-12-23T13:15:10Z,70.0,Charge 6
2024-12-23T13:15:13Z,70.0,Charge 6
2024-12-23T13:15:16Z,69.0,Charge 6
2024-12-23T13:15:18Z,70.0,Charge 6
2024-12-23T13:15:21Z,70.0,Charge 6
2024-12-23T13:15:24Z,70.0,Charge 6
2024-12-23T13:15:25Z,70.0,Charge 6
2024-12-23T13:15:28Z,70.0,Charge 6
2024-12-23T13:15:29Z,72.0,Charge 6
2024-12-23T13:15:31Z,71.0,Charge 6
2024-12-23T13:15:33Z,70.0,Charge 6
2024-12-23T13:15:35Z,69.0,Charge 6
2024-12-23T13:15:37Z,68.0,Charge 6
2024-12-23T13:15:40Z,68.0,Charge 6
2024-12-23T13:15:43Z,68.0,Charge 6
2024-12-23T13:15:46Z,69.0,Charge 6
2024-12-23T13:15:48Z,71.0,Charge 6
2024-12-23T13:15:51Z,71.0,Charge 6
2024-12-23T13:15:52Z,70.0,Charge 6
2024-12-23T13:15:55Z,70.0,Charge 6
2024-12-23T13:15:58Z,70.0,Charge 6
2024-12-23T13:16:01Z,70.0,Charge 6
2024-12-23T13:16:02Z,71.0,Charge 6
2024-12-23T13:16:04Z,72.0,Charge 6
2024-12-23T13:16:06Z,73.0,Charge 6
2024-12-23T13:16:09Z,73.0,Charge 6
2024-12-23T13:16:11Z,74.0,Charge 6
2024-12-23T13:16:13Z,74.0,Charge 6
2024-12-23T13:16:16Z,74.0,Charge 6
2024-12-23T13:16:19Z,74.0,Charge 6
2024-12-23T13:16:21Z,74.0,Charge 6
2024-12-23T13:16:23Z,75.0,Charge 6
2024-12-23T13:16:26Z,75.0,Charge 6
2024-12-23T13:16:27Z,74.0,Charge 6
2024-12-23T13:16:30Z,74.0,Charge 6
2024-12-23T13:16:33Z,75.0,Charge 6
2024-12-23T13:16:36Z,75.0,Charge 6
2024-12-23T13:16:38Z,74.0,Charge 6
2024-12-23T13:16:41Z,74.0,Charge 6
2024-12-23T13:16:44Z,74.0,Charge 6
2024-12-23T13:16:47Z,74.0,Charge 6
2024-12-23T13:16:48Z,73.0,Charge 6
2024-12-23T13:16:50Z,72.0,Charge 6
2024-12-23T13:16:53Z,72.0,Charge 6
2024-12-23T13:16:54Z,73.0,Charge 6
2024-12-23T13:16:56Z,74.0,Charge 6
2024-12-23T13:16:59Z,73.0,Charge 6
2024-12-23T13:17:01Z,72.0,Charge 6
2024-12-23T13:17:04Z,72.0,Charge 6
2024-12-23T13:17:05Z,73.0,Charge 6
2024-12-23T13:17:07Z,74.0,Charge 6
2024-12-23T13:17:09Z,75.0,Charge 6
2024-12-23T13:17:11Z,76.0,Charge 6
2024-12-23T13:17:14Z,76.0,Charge 6
2024-12-23T13:17:17Z,77.0,Charge 6
2024-12-23T13:17:20Z,77.0,Charge 6
2024-12-23T13:17:22Z,76.0,Charge 6
2024-12-23T13:17:24Z,75.0,Charge 6
2024-12-23T13:17:26Z,74.0,Charge 6
2024-12-23T13:17:28Z,74.0,Charge 6
2024-12-23T13:17:30Z,74.0,Charge 6
2024-12-23T13:17:32Z,75.0,Charge 6
2024-12-23T13:17:35Z,75.0,Charge 6
2024-12-23T13:17:36Z,74.0,Charge 6
2024-12-23T13:17:38Z,72.0,Charge 6
2024-12-23T13:17:40Z,70.0,Charge 6
2024-12-23T13:17:42Z,69.0,Charge 6
2024-12-23T13:17:44Z,69.0,Charge 6
2024-12-23T13:17:47Z,70.0,Charge 6
2024-12-23T13:17:50Z,70.0,Charge 6
2024-12-23T13:17:51Z,70.0,Charge 6
2024-12-23T13:17:53Z,69.0,Charge 6
2024-12-23T13:17:55Z,68.0,Charge 6
2024-12-23T13:17:57Z,69.0,Charge 6
2024-12-23T13:17:59Z,70.0,Charge 6
2024-12-23T13:18:01Z,72.0,Charge 6
2024-12-23T13:18:03Z,73.0,Charge 6
2024-12-23T13:18:06Z,73.0,Charge 6
2024-12-23T13:18:07Z,72.0,Charge 6
2024-12-23T13:18:09Z,71.0,Charge 6
2024-12-23T13:18:10Z,70.0,Charge 6
2024-12-23T13:18:13Z,70.0,Charge 6
2024-12-23T13:18:16Z,70.0,Charge 6
2024-12-23T13:18:18Z,71.0,Charge 6
2024-12-23T13:18:20Z,70.0,Charge 6
2024-12-23T13:18:23Z,70.0,Charge 6
2024-12-23T13:18:24Z,68.0,Charge 6
2024-12-23T13:18:26Z,68.0,Charge 6
2024-12-23T13:18:29Z,68.0,Charge 6
2024-12-23T13:18:30Z,68.0,Charge 6
2024-12-23T13:18:33Z,68.0,Charge 6
2024-12-23T13:18:34Z,70.0,Charge 6
2024-12-23T13:18:35Z,70.0,Charge 6
2024-12-23T13:18:37Z,71.0,Charge 6
2024-12-23T13:18:39Z,72.0,Charge 6
2024-12-23T13:18:41Z,71.0,Charge 6
2024-12-23T13:18:43Z,70.0,Charge 6
2024-12-23T13:18:46Z,70.0,Charge 6
2024-12-23T13:18:49Z,70.0,Charge 6
2024-12-23T13:18:51Z,70.0,Charge 6
2024-12-23T13:18:53Z,70.0,Charge 6
2024-12-23T13:18:56Z,70.0,Charge 6
2024-12-23T13:18:59Z,70.0,Charge 6
2024-12-23T13:19:02Z,70.0,Charge 6
2024-12-23T13:19:05Z,70.0,Charge 6
2024-12-23T13:19:08Z,70.0,Charge 6
2024-12-23T13:19:10Z,69.0,Charge 6
2024-12-23T13:19:12Z,70.0,Charge 6
2024-12-23T13:19:14Z,70.0,Charge 6
2024-12-23T13:19:17Z,70.0,Charge 6
2024-12-23T13:19:20Z,70.0,Charge 6
2024-12-23T13:19:23Z,71.0,Charge 6
2024-12-23T13:19:25Z,72.0,Charge 6
2024-12-23T13:19:28Z,72.0,Charge 6
2024-12-23T13:19:29Z,71.0,Charge 6
2024-12-23T13:19:31Z,71.0,Charge 6
2024-12-23T13:19:34Z,71.0,Charge 6
2024-12-23T13:19:35Z,70.0,Charge 6
2024-12-23T13:19:37Z,70.0,Charge 6
2024-12-23T13:19:40Z,70.0,Charge 6
2024-12-23T13:19:43Z,70.0,Charge 6
2024-12-23T13:19:46Z,69.0,Charge 6
2024-12-23T13:19:48Z,68.0,Charge 6
2024-12-23T13:19:51Z,68.0,Charge 6
2024-12-23T13:19:54Z,69.0,Charge 6
2024-12-23T13:19:57Z,69.0,Charge 6
2024-12-23T13:19:58Z,69.0,Charge 6
2024-12-23T13:20:01Z,69.0,Charge 6
2024-12-23T13:20:04Z,70.0,Charge 6
2024-12-23T13:20:07Z,70.0,Charge 6
2024-12-23T13:20:10Z,69.0,Charge 6
2024-12-23T13:20:11Z,68.0,Charge 6
2024-12-23T13:20:13Z,69.0,Charge 6
2024-12-23T13:20:15Z,70.0,Charge 6
2024-12-23T13:20:18Z,70.0,Charge 6
2024-12-23T13:20:19Z,70.0,Charge 6
2024-12-23T13:20:22Z,70.0,Charge 6
2024-12-23T13:20:25Z,70.0,Charge 6
2024-12-23T13:20:28Z,70.0,Charge 6
2024-12-23T13:20:29Z,70.0,Charge 6
2024-12-23T13:20:32Z,70.0,Charge 6
2024-12-23T13:20:35Z,70.0,Charge 6
2024-12-23T13:20:36Z,72.0,Charge 6
2024-12-23T13:20:39Z,72.0,Charge 6
2024-12-23T13:20:42Z,71.0,Charge 6
2024-12-23T13:20:44Z,70.0,Charge 6
2024-12-23T13:20:47Z,70.0,Charge 6
2024-12-23T13:20:48Z,71.0,Charge 6
2024-12-23T13:20:50Z,71.0,Charge 6
2024-12-23T13:20:53Z,71.0,Charge 6
2024-12-23T13:20:54Z,70.0,Charge 6
2024-12-23T13:20:57Z,70.0,Charge 6
2024-12-23T13:21:00Z,70.0,Charge 6
2024-12-23T13:21:01Z,70.0,Charge 6
2024-12-23T13:21:03Z,70.0,Charge 6
2024-12-23T13:21:06Z,70.0,Charge 6
2024-12-23T13:21:09Z,70.0,Charge 6
2024-12-23T13:21:11Z,69.0,Charge 6
2024-12-23T13:21:14Z,69.0,Charge 6
2024-12-23T13:21:15Z,70.0,Charge 6
2024-12-23T13:21:18Z,70.0,Charge 6
2024-12-23T13:21:19Z,69.0,Charge 6
2024-12-23T13:21:21Z,68.0,Charge 6
2024-12-23T13:21:22Z,67.0,Charge 6
2024-12-23T13:21:24Z,68.0,Charge 6
2024-12-23T13:21:27Z,68.0,Charge 6
2024-12-23T13:21:28Z,70.0,Charge 6
2024-12-23T13:21:31Z,70.0,Charge 6
2024-12-23T13:21:34Z,70.0,Charge 6
2024-12-23T13:21:37Z,70.0,Charge 6
2024-12-23T13:21:40Z,68.0,Charge 6
2024-12-23T13:21:43Z,68.0,Charge 6
2024-12-23T13:21:46Z,68.0,Charge 6
2024-12-23T13:21:49Z,69.0,Charge 6
2024-12-23T13:21:51Z,70.0,Charge 6
2024-12-23T13:21:54Z,70.0,Charge 6
2024-12-23T13:21:55Z,69.0,Charge 6
2024-12-23T13:21:57Z,68.0,Charge 6
2024-12-23T13:22:00Z,68.0,Charge 6
2024-12-23T13:22:03Z,68.0,Charge 6
2024-12-23T13:22:05Z,68.0,Charge 6
2024-12-23T13:22:08Z,68.0,Charge 6
2024-12-23T13:22:11Z,68.0,Charge 6
2024-12-23T13:22:14Z,68.0,Charge 6
2024-12-23T13:22:16Z,70.0,Charge 6
2024-12-23T13:22:18Z,71.0,Charge 6
2024-12-23T13:22:21Z,71.0,Charge 6
2024-12-23T13:22:22Z,70.0,Charge 6
2024-12-23T13:22:24Z,69.0,Charge 6
2024-12-23T13:22:26Z,68.0,Charge 6
2024-12-23T13:22:29Z,68.0,Charge 6
2024-12-23T13:22:30Z,67.0,Charge 6
2024-12-23T13:22:32Z,68.0,Charge 6
2024-12-23T13:22:34Z,70.0,Charge 6
2024-12-23T13:22:36Z,71.0,Charge 6
2024-12-23T13:22:37Z,72.0,Charge 6
2024-12-23T13:22:39Z,74.0,Charge 6
2024-12-23T13:22:42Z,74.0,Charge 6
2024-12-23T13:22:43Z,73.0,Charge 6
2024-12-23T13:22:45Z,74.0,Charge 6
2024-12-23T13:22:48Z,74.0,Charge 6
2024-12-23T13:22:51Z,74.0,Charge 6
2024-12-23T13:22:53Z,74.0,Charge 6
2024-12-23T13:22:55Z,72.0,Charge 6
2024-12-23T13:22:57Z,71.0,Charge 6
2024-12-23T13:23:00Z,71.0,Charge 6
2024-12-23T13:23:01Z,72.0,Charge 6
2024-12-23T13:23:02Z,72.0,Charge 6
2024-12-23T13:23:04Z,73.0,Charge 6
2024-12-23T13:23:06Z,72.0,Charge 6
2024-12-23T13:23:08Z,71.0,Charge 6
2024-12-23T13:23:10Z,69.0,Charge 6
2024-12-23T13:23:12Z,68.0,Charge 6
2024-12-23T13:23:15Z,68.0,Charge 6
2024-12-23T13:23:18Z,68.0,Charge 6
2024-12-23T13:23:20Z,69.0,Charge 6
2024-12-23T13:23:23Z,69.0,Charge 6
2024-12-23T13:23:24Z,70.0,Charge 6
2024-12-23T13:23:25Z,71.0,Charge 6
2024-12-23T13:23:28Z,71.0,Charge 6
2024-12-23T13:23:31Z,70.0,Charge 6
2024-12-23T13:23:34Z,70.0,Charge 6
2024-12-23T13:23:35Z,70.0,Charge 6
2024-12-23T13:23:38Z,70.0,Charge 6
2024-12-23T13:23:41Z,72.0,Charge 6
2024-12-23T13:23:44Z,72.0,Charge 6
2024-12-23T13:23:47Z,71.0,Charge 6
2024-12-23T13:23:49Z,70.0,Charge 6
2024-12-23T13:23:52Z,71.0,Charge 6
2024-12-23T13:23:55Z,71.0,Charge 6
2024-12-23T13:23:56Z,70.0,Charge 6
2024-12-23T13:23:59Z,70.0,Charge 6
2024-12-23T13:24:00Z,69.0,Charge 6
2024-12-23T13:24:02Z,70.0,Charge 6
2024-12-23T13:24:04Z,70.0,Charge 6
2024-12-23T13:24:06Z,69.0,Charge 6
2024-12-23T13:24:08Z,68.0,Charge 6
2024-12-23T13:24:11Z,68.0,Charge 6
2024-12-23T13:24:14Z,68.0,Charge 6
2024-12-23T13:24:17Z,68.0,Charge 6
2024-12-23T13:24:19Z,68.0,Charge 6
2024-12-23T13:24:21Z,70.0,Charge 6
2024-12-23T13:24:24Z,70.0,Charge 6
2024-12-23T13:24:25Z,70.0,Charge 6
2024-12-23T13:24:28Z,70.0,Charge 6
2024-12-23T13:24:31Z,70.0,Charge 6
2024-12-23T13:24:34Z,70.0,Charge 6
2024-12-23T13:24:37Z,70.0,Charge 6
2024-12-23T13:24:40Z,70.0,Charge 6
2024-12-23T13:24:43Z,70.0,Charge 6
2024-12-23T13:24:44Z,71.0,Charge 6
2024-12-23T13:24:47Z,71.0,Charge 6
2024-12-23T13:24:48Z,70.0,Charge 6
2024-12-23T13:24:51Z,70.0,Charge 6
2024-12-23T13:24:52Z,69.0,Charge 6
2024-12-23T13:24:54Z,69.0,Charge 6
2024-12-23T13:24:56Z,70.0,Charge 6
2024-12-23T13:24:59Z,70.0,Charge 6
2024-12-23T13:25:02Z,70.0,Charge 6
2024-12-23T13:25:03Z,70.0,Charge 6
2024-12-23T13:25:06Z,70.0,Charge 6
2024-12-23T13:25:07Z,70.0,Charge 6
2024-12-23T13:25:10Z,70.0,Charge 6
2024-12-23T13:25:13Z,70.0,Charge 6
2024-12-23T13:25:15Z,69.0,Charge 6
2024-12-23T13:25:17Z,70.0,Charge 6
2024-12-23T13:25:19Z,70.0,Charge 6
2024-12-23T13:25:22Z,70.0,Charge 6
2024-12-23T13:25:23Z,69.0,Charge 6
2024-12-23T13:25:26Z,70.0,Charge 6
2024-12-23T13:25:29Z,70.0,Charge 6
2024-12-23T13:25:32Z,71.0,Charge 6
2024-12-23T13:25:34Z,72.0,Charge 6
2024-12-23T13:25:37Z,72.0,Charge 6
2024-12-23T13:25:38Z,71.0,Charge 6
2024-12-23T13:25:40Z,70.0,Charge 6
2024-12-23T13:25:43Z,70.0,Charge 6
2024-12-23T13:25:46Z,71.0,Charge 6
2024-12-23T13:25:48Z,72.0,Charge 6
2024-12-23T13:25:51Z,72.0,Charge 6
2024-12-23T13:25:53Z,71.0,Charge 6
2024-12-23T13:25:56Z,71.0,Charge 6
2024-12-23T13:25:57Z,72.0,Charge 6
2024-12-23T13:26:00Z,72.0,Charge 6
2024-12-23T13:26:01Z,73.0,Charge 6
2024-12-23T13:26:03Z,72.0,Charge 6
2024-12-23T13:26:05Z,72.0,Charge 6
2024-12-23T13:26:07Z,71.0,Charge 6
2024-12-23T13:26:09Z,70.0,Charge 6
2024-12-23T13:26:12Z,70.0,Charge 6
2024-12-23T13:26:13Z,70.0,Charge 6
2024-12-23T13:26:14Z,68.0,Charge 6
2024-12-23T13:26:17Z,68.0,Charge 6
2024-12-23T13:26:18Z,66.0,Charge 6
2024-12-23T13:26:21Z,66.0,Charge 6
2024-12-23T13:26:22Z,67.0,Charge 6
2024-12-23T13:26:24Z,66.0,Charge 6
2024-12-23T13:26:26Z,67.0,Charge 6
2024-12-23T13:26:29Z,67.0,Charge 6
2024-12-23T13:26:32Z,68.0,Charge 6
2024-12-23T13:26:35Z,68.0,Charge 6
2024-12-23T13:26:38Z,68.0,Charge 6
2024-12-23T13:26:41Z,68.0,Charge 6
2024-12-23T13:26:44Z,68.0,Charge 6
2024-12-23T13:26:47Z,69.0,Charge 6
2024-12-23T13:26:50Z,69.0,Charge 6
2024-12-23T13:26:53Z,69.0,Charge 6
2024-12-23T13:26:55Z,68.0,Charge 6
2024-12-23T13:26:58Z,68.0,Charge 6
2024-12-23T13:27:01Z,68.0,Charge 6
2024-12-23T13:27:04Z,68.0,Charge 6
2024-12-23T13:27:07Z,68.0,Charge 6
2024-12-23T13:27:10Z,68.0,Charge 6
2024-12-23T13:27:13Z,68.0,Charge 6
2024-12-23T13:27:16Z,68.0,Charge 6
2024-12-23T13:27:18Z,68.0,Charge 6
2024-12-23T13:27:21Z,68.0,Charge 6
2024-12-23T13:27:24Z,68.0,Charge 6
2024-12-23T13:27:27Z,69.0,Charge 6
2024-12-23T13:27:30Z,69.0,Charge 6
2024-12-23T13:27:33Z,69.0,Charge 6
2024-12-23T13:27:36Z,69.0,Charge 6
2024-12-23T13:27:39Z,70.0,Charge 6
2024-12-23T13:27:42Z,70.0,Charge 6
2024-12-23T13:27:45Z,70.0,Charge 6
2024-12-23T13:27:48Z,70.0,Charge 6
2024-12-23T13:27:51Z,70.0,Charge 6
2024-12-23T13:27:54Z,70.0,Charge 6
2024-12-23T13:27:57Z,70.0,Charge 6
2024-12-23T13:28:00Z,72.0,Charge 6
2024-12-23T13:28:02Z,73.0,Charge 6
2024-12-23T13:28:04Z,74.0,Charge 6
2024-12-23T13:28:07Z,74.0,Charge 6
2024-12-23T13:28:08Z,73.0,Charge 6
2024-12-23T13:28:11Z,73.0,Charge 6
2024-12-23T13:28:13Z,74.0,Charge 6
2024-12-23T13:28:16Z,74.0,Charge 6
2024-12-23T13:28:17Z,75.0,Charge 6
2024-12-23T13:28:19Z,74.0,Charge 6
2024-12-23T13:28:22Z,74.0,Charge 6
2024-12-23T13:28:25Z,74.0,Charge 6
2024-12-23T13:28:28Z,74.0,Charge 6
2024-12-23T13:28:29Z,74.0,Charge 6
2024-12-23T13:28:31Z,73.0,Charge 6
2024-12-23T13:28:33Z,72.0,Charge 6
2024-12-23T13:28:36Z,72.0,Charge 6
2024-12-23T13:28:37Z,70.0,Charge 6
2024-12-23T13:28:38Z,70.0,Charge 6
2024-12-23T13:28:40Z,71.0,Charge 6
2024-12-23T13:28:42Z,72.0,Charge 6
2024-12-23T13:28:45Z,72.0,Charge 6
2024-12-23T13:28:46Z,72.0,Charge 6
2024-12-23T13:28:49Z,72.0,Charge 6
2024-12-23T13:28:52Z,73.0,Charge 6
2024-12-23T13:28:54Z,74.0,Charge 6
2024-12-23T13:28:57Z,74.0,Charge 6
2024-12-23T13:29:00Z,73.0,Charge 6
2024-12-23T13:29:03Z,73.0,Charge 6
2024-12-23T13:29:06Z,73.0,Charge 6
2024-12-23T13:29:07Z,74.0,Charge 6
2024-12-23T13:29:10Z,74.0,Charge 6
2024-12-23T13:29:13Z,74.0,Charge 6
2024-12-23T13:29:16Z,74.0,Charge 6
2024-12-23T13:29:17Z,73.0,Charge 6
2024-12-23T13:29:19Z,72.0,Charge 6
2024-12-23T13:29:22Z,72.0,Charge 6
2024-12-23T13:29:25Z,70.0,Charge 6
2024-12-23T13:29:28Z,70.0,Charge 6
2024-12-23T13:29:31Z,70.0,Charge 6
2024-12-23T13:29:32Z,70.0,Charge 6
2024-12-23T13:29:35Z,70.0,Charge 6
2024-12-23T13:29:38Z,70.0,Charge 6
2024-12-23T13:29:41Z,70.0,Charge 6
2024-12-23T13:29:42Z,71.0,Charge 6
2024-12-23T13:29:44Z,72.0,Charge 6
2024-12-23T13:29:47Z,72.0,Charge 6
2024-12-23T13:29:49Z,70.0,Charge 6
2024-12-23T13:29:51Z,69.0,Charge 6
2024-12-23T13:29:53Z,68.0,Charge 6
2024-12-23T13:29:56Z,68.0,Charge 6
2024-12-23T13:29:57Z,70.0,Charge 6
2024-12-23T13:29:59Z,72.0,Charge 6
2024-12-23T13:30:01Z,71.0,Charge 6
2024-12-23T13:30:03Z,69.0,Charge 6
2024-12-23T13:30:05Z,68.0,Charge 6
2024-12-23T13:30:07Z,67.0,Charge 6
2024-12-23T13:30:09Z,66.0,Charge 6
2024-12-23T13:30:12Z,66.0,Charge 6
2024-12-23T13:30:14Z,68.0,Charge 6
2024-12-23T13:30:16Z,69.0,Charge 6
2024-12-23T13:30:18Z,70.0,Charge 6
2024-12-23T13:30:20Z,70.0,Charge 6
2024-12-23T13:30:22Z,72.0,Charge 6
2024-12-23T13:30:25Z,72.0,Charge 6
2024-12-23T13:30:28Z,70.0,Charge 6
2024-12-23T13:30:31Z,70.0,Charge 6
2024-12-23T13:30:32Z,70.0,Charge 6
2024-12-23T13:30:35Z,70.0,Charge 6
2024-12-23T13:30:38Z,70.0,Charge 6
2024-12-23T13:30:39Z,69.0,Charge 6
2024-12-23T13:30:41Z,68.0,Charge 6
2024-12-23T13:30:43Z,69.0,Charge 6
2024-12-23T13:30:45Z,70.0,Charge 6
2024-12-23T13:30:47Z,71.0,Charge 6
2024-12-23T13:30:49Z,72.0,Charge 6
2024-12-23T13:30:52Z,72.0,Charge 6
2024-12-23T13:30:53Z,72.0,Charge 6
2024-12-23T13:30:56Z,72.0,Charge 6
2024-12-23T13:30:59Z,72.0,Charge 6
2024-12-23T13:31:02Z,72.0,Charge 6
2024-12-23T13:31:05Z,72.0,Charge 6
2024-12-23T13:31:08Z,72.0,Charge 6
2024-12-23T13:31:10Z,72.0,Charge 6
2024-12-23T13:31:13Z,72.0,Charge 6
2024-12-23T13:31:14Z,72.0,Charge 6
2024-12-23T13:31:17Z,72.0,Charge 6
2024-12-23T13:31:20Z,72.0,Charge 6
2024-12-23T13:31:23Z,72.0,Charge 6
2024-12-23T13:31:26Z,72.0,Charge 6
2024-12-23T13:31:27Z,71.0,Charge 6
2024-12-23T13:31:29Z,70.0,Charge 6
2024-12-23T13:31:32Z,70.0,Charge 6
2024-12-23T13:31:35Z,70.0,Charge 6
2024-12-23T13:31:37Z,70.0,Charge 6
2024-12-23T13:31:40Z,70.0,Charge 6
2024-12-23T13:31:43Z,70.0,Charge 6
2024-12-23T13:31:45Z,71.0,Charge 6
2024-12-23T13:31:47Z,72.0,Charge 6
2024-12-23T13:31:50Z,72.0,Charge 6
2024-12-23T13:31:53Z,72.0,Charge 6
2024-12-23T13:31:56Z,72.0,Charge 6
2024-12-23T13:31:59Z,72.0,Charge 6
2024-12-23T13:32:00Z,73.0,Charge 6
2024-12-23T13:32:03Z,73.0,Charge 6
2024-12-23T13:32:04Z,72.0,Charge 6
2024-12-23T13:32:07Z,72.0,Charge 6
2024-12-23T13:32:08Z,70.0,Charge 6
2024-12-23T13:32:11Z,70.0,Charge 6
2024-12-23T13:32:12Z,71.0,Charge 6
2024-12-23T13:32:13Z,71.0,Charge 6
2024-12-23T13:32:15Z,72.0,Charge 6
2024-12-23T13:32:17Z,71.0,Charge 6
2024-12-23T13:32:19Z,70.0,Charge 6
2024-12-23T13:32:22Z,70.0,Charge 6
2024-12-23T13:32:23Z,71.0,Charge 6
2024-12-23T13:32:25Z,72.0,Charge 6
2024-12-23T13:32:27Z,72.0,Charge 6
2024-12-23T13:32:29Z,72.0,Charge 6
2024-12-23T13:32:32Z,72.0,Charge 6
2024-12-23T13:32:33Z,71.0,Charge 6
2024-12-23T13:32:35Z,70.0,Charge 6
2024-12-23T13:32:38Z,70.0,Charge 6
2024-12-23T13:32:41Z,70.0,Charge 6
2024-12-23T13:32:42Z,70.0,Charge 6
2024-12-23T13:32:45Z,70.0,Charge 6
2024-12-23T13:32:46Z,70.0,Charge 6
2024-12-23T13:32:49Z,70.0,Charge 6
2024-12-23T13:32:50Z,72.0,Charge 6
2024-12-23T13:32:52Z,73.0,Charge 6
2024-12-23T13:32:54Z,74.0,Charge 6
2024-12-23T13:32:57Z,74.0,Charge 6
2024-12-23T13:33:00Z,74.0,Charge 6
2024-12-23T13:33:01Z,75.0,Charge 6
2024-12-23T13:33:03Z,76.0,Charge 6
2024-12-23T13:33:05Z,78.0,Charge 6
2024-12-23T13:33:07Z,78.0,Charge 6
2024-12-23T13:33:10Z,78.0,Charge 6
2024-12-23T13:33:11Z,77.0,Charge 6
2024-12-23T13:33:13Z,76.0,Charge 6
2024-12-23T13:33:15Z,74.0,Charge 6
2024-12-23T13:33:17Z,73.0,Charge 6
2024-12-23T13:33:19Z,74.0,Charge 6
2024-12-23T13:33:21Z,73.0,Charge 6
2024-12-23T13:33:23Z,72.0,Charge 6
2024-12-23T13:33:26Z,71.0,Charge 6
2024-12-23T13:33:29Z,71.0,Charge 6
2024-12-23T13:33:30Z,72.0,Charge 6
2024-12-23T13:33:32Z,74.0,Charge 6
2024-12-23T13:33:35Z,74.0,Charge 6
2024-12-23T13:33:36Z,75.0,Charge 6
2024-12-23T13:33:38Z,76.0,Charge 6
2024-12-23T13:33:41Z,76.0,Charge 6
2024-12-23T13:33:42Z,78.0,Charge 6
2024-12-23T13:33:44Z,80.0,Charge 6
2024-12-23T13:33:46Z,82.0,Charge 6
2024-12-23T13:33:48Z,86.0,Charge 6
2024-12-23T13:33:49Z,89.0,Charge 6
2024-12-23T13:33:51Z,87.0,Charge 6
2024-12-23T13:33:53Z,84.0,Charge 6
2024-12-23T13:33:55Z,79.0,Charge 6
2024-12-23T13:33:57Z,78.0,Charge 6
2024-12-23T13:34:00Z,78.0,Charge 6
2024-12-23T13:34:01Z,79.0,Charge 6
2024-12-23T13:34:03Z,80.0,Charge 6
2024-12-23T13:34:05Z,80.0,Charge 6
2024-12-23T13:34:07Z,81.0,Charge 6
2024-12-23T13:34:10Z,81.0,Charge 6
2024-12-23T13:34:13Z,82.0,Charge 6
2024-12-23T13:34:16Z,82.0,Charge 6
2024-12-23T13:34:18Z,83.0,Charge 6
2024-12-23T13:34:20Z,84.0,Charge 6
2024-12-23T13:34:23Z,84.0,Charge 6
2024-12-23T13:34:26Z,84.0,Charge 6
2024-12-23T13:34:29Z,84.0,Charge 6
2024-12-23T13:34:30Z,84.0,Charge 6
2024-12-23T13:34:32Z,85.0,Charge 6
2024-12-23T13:34:34Z,84.0,Charge 6
2024-12-23T13:34:36Z,83.0,Charge 6
2024-12-23T13:34:37Z,82.0,Charge 6
2024-12-23T13:34:40Z,82.0,Charge 6
2024-12-23T13:34:41Z,84.0,Charge 6
2024-12-23T13:34:44Z,84.0,Charge 6
2024-12-23T13:34:45Z,82.0,Charge 6
2024-12-23T13:34:47Z,80.0,Charge 6
2024-12-23T13:34:49Z,78.0,Charge 6
2024-12-23T13:34:51Z,77.0,Charge 6
2024-12-23T13:34:54Z,77.0,Charge 6
2024-12-23T13:34:55Z,78.0,Charge 6
2024-12-23T13:34:58Z,78.0,Charge 6
2024-12-23T13:35:01Z,80.0,Charge 6
2024-12-23T13:35:02Z,81.0,Charge 6
2024-12-23T13:35:04Z,79.0,Charge 6
2024-12-23T13:35:06Z,81.0,Charge 6
2024-12-23T13:35:09Z,81.0,Charge 6
2024-12-23T13:35:12Z,81.0,Charge 6
2024-12-23T13:35:14Z,80.0,Charge 6
2024-12-23T13:35:17Z,80.0,Charge 6
2024-12-23T13:35:20Z,80.0,Charge 6
2024-12-23T13:35:22Z,81.0,Charge 6
2024-12-23T13:35:25Z,81.0,Charge 6
2024-12-23T13:35:27Z,82.0,Charge 6
2024-12-23T13:35:29Z,82.0,Charge 6
2024-12-23T13:35:32Z,82.0,Charge 6
2024-12-23T13:35:35Z,82.0,Charge 6
2024-12-23T13:35:37Z,83.0,Charge 6
2024-12-23T13:35:39Z,84.0,Charge 6
2024-12-23T13:35:41Z,85.0,Charge 6
2024-12-23T13:35:43Z,86.0,Charge 6
2024-12-23T13:35:46Z,86.0,Charge 6
2024-12-23T13:35:47Z,85.0,Charge 6
2024-12-23T13:35:50Z,85.0,Charge 6
2024-12-23T13:35:52Z,84.0,Charge 6
2024-12-23T13:35:54Z,87.0,Charge 6
2024-12-23T13:35:57Z,87.0,Charge 6
2024-12-23T13:35:58Z,88.0,Charge 6
2024-12-23T13:36:00Z,90.0,Charge 6
2024-12-23T13:36:02Z,91.0,Charge 6
2024-12-23T13:36:04Z,93.0,Charge 6
2024-12-23T13:36:06Z,94.0,Charge 6
2024-12-23T13:36:09Z,94.0,Charge 6
2024-12-23T13:36:10Z,91.0,Charge 6
2024-12-23T13:36:12Z,89.0,Charge 6
2024-12-23T13:36:15Z,89.0,Charge 6
2024-12-23T13:36:17Z,87.0,Charge 6
2024-12-23T13:36:19Z,86.0,Charge 6
2024-12-23T13:36:21Z,87.0,Charge 6
2024-12-23T13:36:24Z,87.0,Charge 6
2024-12-23T13:36:25Z,88.0,Charge 6
2024-12-23T13:36:27Z,90.0,Charge 6
2024-12-23T13:36:29Z,91.0,Charge 6
2024-12-23T13:36:31Z,92.0,Charge 6
2024-12-23T13:36:33Z,92.0,Charge 6
2024-12-23T13:36:35Z,91.0,Charge 6
2024-12-23T13:36:38Z,90.0,Charge 6
2024-12-23T13:36:40Z,89.0,Charge 6
2024-12-23T13:36:42Z,90.0,Charge 6
2024-12-23T13:36:45Z,90.0,Charge 6
2024-12-23T13:36:48Z,90.0,Charge 6
2024-12-23T13:36:50Z,91.0,Charge 6
2024-12-23T13:36:52Z,92.0,Charge 6
2024-12-23T13:36:54Z,93.0,Charge 6
2024-12-23T13:36:56Z,92.0,Charge 6
2024-12-23T13:36:59Z,92.0,Charge 6
2024-12-23T13:37:00Z,93.0,Charge 6
2024-12-23T13:37:03Z,93.0,Charge 6
2024-12-23T13:37:06Z,95.0,Charge 6
2024-12-23T13:37:09Z,95.0,Charge 6
2024-12-23T13:37:10Z,94.0,Charge 6
2024-12-23T13:37:11Z,93.0,Charge 6
2024-12-23T13:37:13Z,91.0,Charge 6
2024-12-23T13:37:16Z,91.0,Charge 6
2024-12-23T13:37:19Z,92.0,Charge 6
2024-12-23T13:37:21Z,91.0,Charge 6
2024-12-23T13:37:23Z,90.0,Charge 6
2024-12-23T13:37:26Z,90.0,Charge 6
2024-12-23T13:37:27Z,90.0,Charge 6
2024-12-23T13:37:29Z,88.0,Charge 6
2024-12-23T13:37:31Z,86.0,Charge 6
2024-12-23T13:37:34Z,84.0,Charge 6
2024-12-23T13:37:37Z,84.0,Charge 6
2024-12-23T13:37:40Z,84.0,Charge 6
2024-12-23T13:37:42Z,83.0,Charge 6
2024-12-23T13:37:44Z,81.0,Charge 6
2024-12-23T13:37:46Z,79.0,Charge 6
2024-12-23T13:37:48Z,78.0,Charge 6
2024-12-23T13:37:51Z,78.0,Charge 6
2024-12-23T13:37:54Z,78.0,Charge 6
2024-12-23T13:37:57Z,78.0,Charge 6
2024-12-23T13:38:00Z,78.0,Charge 6
2024-12-23T13:38:01Z,77.0,Charge 6
2024-12-23T13:38:04Z,77.0,Charge 6
2024-12-23T13:38:07Z,76.0,Charge 6
2024-12-23T13:38:10Z,76.0,Charge 6
2024-12-23T13:38:13Z,76.0,Charge 6
2024-12-23T13:38:16Z,76.0,Charge 6
2024-12-23T13:38:17Z,79.0,Charge 6
2024-12-23T13:38:19Z,81.0,Charge 6
2024-12-23T13:38:21Z,83.0,Charge 6
2024-12-23T13:38:22Z,88.0,Charge 6
2024-12-23T13:38:24Z,90.0,Charge 6
2024-12-23T13:38:26Z,91.0,Charge 6
2024-12-23T13:38:29Z,91.0,Charge 6
2024-12-23T13:38:30Z,91.0,Charge 6
2024-12-23T13:38:33Z,91.0,Charge 6
2024-12-23T13:38:34Z,86.0,Charge 6
2024-12-23T13:38:36Z,84.0,Charge 6
2024-12-23T13:38:39Z,84.0,Charge 6
2024-12-23T13:38:40Z,85.0,Charge 6
2024-12-23T13:38:42Z,86.0,Charge 6
2024-12-23T13:38:45Z,86.0,Charge 6
2024-12-23T13:38:46Z,88.0,Charge 6
2024-12-23T13:38:47Z,90.0,Charge 6
2024-12-23T13:38:50Z,90.0,Charge 6
2024-12-23T13:38:51Z,91.0,Charge 6
2024-12-23T13:38:53Z,92.0,Charge 6
2024-12-23T13:38:55Z,93.0,Charge 6
2024-12-23T13:38:57Z,96.0,Charge 6
2024-12-23T13:39:00Z,96.0,Charge 6
2024-12-23T13:39:01Z,97.0,Charge 6
2024-12-23T13:39:03Z,95.0,Charge 6
2024-12-23T13:39:06Z,95.0,Charge 6
2024-12-23T13:39:07Z,94.0,Charge 6
2024-12-23T13:39:09Z,95.0,Charge 6
2024-12-23T13:39:10Z,96.0,Charge 6
2024-12-23T13:39:12Z,100.0,Charge 6
2024-12-23T13:39:14Z,99.0,Charge 6
2024-12-23T13:39:16Z,96.0,Charge 6
2024-12-23T13:39:18Z,95.0,Charge 6
2024-12-23T13:39:20Z,96.0,Charge 6
2024-12-23T13:39:22Z,96.0,Charge 6
2024-12-23T13:39:24Z,97.0,Charge 6
2024-12-23T13:39:26Z,96.0,Charge 6
2024-12-23T13:39:28Z,94.0,Charge 6
2024-12-23T13:39:31Z,94.0,Charge 6
2024-12-23T13:39:32Z,93.0,Charge 6
2024-12-23T13:39:34Z,90.0,Charge 6
2024-12-23T13:39:35Z,89.0,Charge 6
2024-12-23T13:39:38Z,89.0,Charge 6
2024-12-23T13:39:39Z,90.0,Charge 6
2024-12-23T13:39:42Z,90.0,Charge 6
2024-12-23T13:39:45Z,90.0,Charge 6
2024-12-23T13:39:48Z,90.0,Charge 6
2024-12-23T13:39:49Z,88.0,Charge 6
2024-12-23T13:39:52Z,88.0,Charge 6
2024-12-23T13:39:53Z,86.0,Charge 6
2024-12-23T13:39:56Z,86.0,Charge 6
2024-12-23T13:39:58Z,88.0,Charge 6
2024-12-23T13:40:00Z,87.0,Charge 6
2024-12-23T13:40:02Z,86.0,Charge 6
2024-12-23T13:40:04Z,84.0,Charge 6
2024-12-23T13:40:07Z,84.0,Charge 6
2024-12-23T13:40:08Z,84.0,Charge 6
2024-12-23T13:40:11Z,84.0,Charge 6
2024-12-23T13:40:12Z,85.0,Charge 6
2024-12-23T13:40:15Z,85.0,Charge 6
2024-12-23T13:40:16Z,84.0,Charge 6
2024-12-23T13:40:18Z,84.0,Charge 6
2024-12-23T13:40:20Z,83.0,Charge 6
2024-12-23T13:40:23Z,82.0,Charge 6
2024-12-23T13:40:25Z,83.0,Charge 6
2024-12-23T13:40:28Z,83.0,Charge 6
2024-12-23T13:40:31Z,82.0,Charge 6
2024-12-23T13:40:34Z,82.0,Charge 6
2024-12-23T13:40:37Z,82.0,Charge 6
2024-12-23T13:40:40Z,82.0,Charge 6
2024-12-23T13:40:43Z,82.0,Charge 6
2024-12-23T13:40:46Z,82.0,Charge 6
2024-12-23T13:40:48Z,81.0,Charge 6
2024-12-23T13:40:51Z,81.0,Charge 6
2024-12-23T13:40:54Z,81.0,Charge 6
2024-12-23T13:40:57Z,81.0,Charge 6
2024-12-23T13:40:58Z,82.0,Charge 6
2024-12-23T13:41:01Z,82.0,Charge 6
2024-12-23T13:41:02Z,83.0,Charge 6
2024-12-23T13:41:04Z,84.0,Charge 6
2024-12-23T13:41:06Z,82.0,Charge 6
2024-12-23T13:41:08Z,80.0,Charge 6
2024-12-23T13:41:10Z,79.0,Charge 6
2024-12-23T13:41:11Z,77.0,Charge 6
2024-12-23T13:41:13Z,77.0,Charge 6
2024-12-23T13:41:15Z,79.0,Charge 6
2024-12-23T13:41:17Z,81.0,Charge 6
2024-12-23T13:41:19Z,80.0,Charge 6
2024-12-23T13:41:21Z,79.0,Charge 6
2024-12-23T13:41:24Z,79.0,Charge 6
2024-12-23T13:41:25Z,78.0,Charge 6
2024-12-23T13:41:27Z,77.0,Charge 6
2024-12-23T13:41:30Z,77.0,Charge 6
2024-12-23T13:41:31Z,76.0,Charge 6
2024-12-23T13:41:34Z,76.0,Charge 6
2024-12-23T13:41:37Z,76.0,Charge 6
2024-12-23T13:41:38Z,77.0,Charge 6
2024-12-23T13:41:40Z,78.0,Charge 6
2024-12-23T13:41:42Z,76.0,Charge 6
2024-12-23T13:41:44Z,78.0,Charge 6
2024-12-23T13:41:46Z,79.0,Charge 6
2024-12-23T13:41:48Z,78.0,Charge 6
2024-12-23T13:41:51Z,78.0,Charge 6
2024-12-23T13:41:52Z,79.0,Charge 6
2024-12-23T13:41:54Z,78.0,Charge 6
2024-12-23T13:41:57Z,78.0,Charge 6
2024-12-23T13:41:59Z,77.0,Charge 6
2024-12-23T13:42:02Z,77.0,Charge 6
2024-12-23T13:42:03Z,78.0,Charge 6
2024-12-23T13:42:06Z,78.0,Charge 6
2024-12-23T13:42:07Z,77.0,Charge 6
2024-12-23T13:42:09Z,76.0,Charge 6
2024-12-23T13:42:12Z,76.0,Charge 6
2024-12-23T13:42:15Z,75.0,Charge 6
2024-12-23T13:42:17Z,76.0,Charge 6
2024-12-23T13:42:19Z,76.0,Charge 6
2024-12-23T13:42:22Z,77.0,Charge 6
2024-12-23T13:42:24Z,79.0,Charge 6
2024-12-23T13:42:26Z,84.0,Charge 6
2024-12-23T13:42:28Z,88.0,Charge 6
2024-12-23T13:42:30Z,90.0,Charge 6
2024-12-23T13:42:32Z,93.0,Charge 6
2024-12-23T13:42:34Z,94.0,Charge 6
2024-12-23T13:42:36Z,92.0,Charge 6
2024-12-23T13:42:38Z,91.0,Charge 6
2024-12-23T13:42:40Z,85.0,Charge 6
2024-12-23T13:42:43Z,85.0,Charge 6
2024-12-23T13:42:44Z,86.0,Charge 6
2024-12-23T13:42:46Z,87.0,Charge 6
2024-12-23T13:42:47Z,88.0,Charge 6
2024-12-23T13:42:49Z,89.0,Charge 6
2024-12-23T13:42:51Z,91.0,Charge 6
2024-12-23T13:42:53Z,93.0,Charge 6
2024-12-23T13:42:56Z,93.0,Charge 6
2024-12-23T13:42:57Z,92.0,Charge 6
2024-12-23T13:42:59Z,93.0,Charge 6
2024-12-23T13:43:01Z,94.0,Charge 6
2024-12-23T13:43:03Z,92.0,Charge 6
2024-12-23T13:43:06Z,92.0,Charge 6
2024-12-23T13:43:07Z,91.0,Charge 6
2024-12-23T13:43:09Z,93.0,Charge 6
2024-12-23T13:43:10Z,95.0,Charge 6
2024-12-23T13:43:12Z,96.0,Charge 6
2024-12-23T13:43:14Z,97.0,Charge 6
2024-12-23T13:43:16Z,99.0,Charge 6
2024-12-23T13:43:18Z,98.0,Charge 6
2024-12-23T13:43:20Z,97.0,Charge 6
2024-12-23T13:43:22Z,96.0,Charge 6
2024-12-23T13:43:24Z,95.0,Charge 6
2024-12-23T13:43:26Z,93.0,Charge 6
2024-12-23T13:43:28Z,94.0,Charge 6
2024-12-23T13:43:30Z,93.0,Charge 6
2024-12-23T13:43:32Z,94.0,Charge 6
2024-12-23T13:43:35Z,94.0,Charge 6
2024-12-23T13:43:37Z,98.0,Charge 6
2024-12-23T13:43:39Z,100.0,Charge 6
2024-12-23T13:43:42Z,100.0,Charge 6
2024-12-23T13:43:43Z,99.0,Charge 6
2024-12-23T13:43:45Z,98.0,Charge 6
2024-12-23T13:43:48Z,98.0,Charge 6
2024-12-23T13:43:51Z,98.0,Charge 6
2024-12-23T13:43:54Z,98.0,Charge 6
2024-12-23T13:43:55Z,97.0,Charge 6
2024-12-23T13:43:57Z,95.0,Charge 6
2024-12-23T13:43:58Z,94.0,Charge 6
2024-12-23T13:44:01Z,94.0,Charge 6
2024-12-23T13:44:02Z,93.0,Charge 6
2024-12-23T13:44:04Z,92.0,Charge 6
2024-12-23T13:44:07Z,92.0,Charge 6
2024-12-23T13:44:08Z,92.0,Charge 6
2024-12-23T13:44:10Z,93.0,Charge 6
2024-12-23T13:44:13Z,93.0,Charge 6
2024-12-23T13:44:16Z,93.0,Charge 6
2024-12-23T13:44:19Z,93.0,Charge 6
2024-12-23T13:44:20Z,92.0,Charge 6
2024-12-23T13:44:22Z,93.0,Charge 6
2024-12-23T13:44:25Z,93.0,Charge 6
2024-12-23T13:44:28Z,93.0,Charge 6
2024-12-23T13:44:31Z,93.0,Charge 6
2024-12-23T13:44:33Z,91.0,Charge 6
2024-12-23T13:44:36Z,91.0,Charge 6
2024-12-23T13:44:39Z,90.0,Charge 6
2024-12-23T13:44:41Z,89.0,Charge 6
2024-12-23T13:44:43Z,94.0,Charge 6
2024-12-23T13:44:45Z,97.0,Charge 6
2024-12-23T13:44:46Z,100.0,Charge 6
2024-12-23T13:44:48Z,96.0,Charge 6
2024-12-23T13:44:50Z,93.0,Charge 6
2024-12-23T13:44:53Z,93.0,Charge 6
2024-12-23T13:44:54Z,96.0,Charge 6
2024-12-23T13:44:56Z,95.0,Charge 6
2024-12-23T13:44:58Z,94.0,Charge 6
2024-12-23T13:45:01Z,94.0,Charge 6
2024-12-23T13:45:02Z,93.0,Charge 6
2024-12-23T13:45:04Z,94.0,Charge 6
2024-12-23T13:45:06Z,95.0,Charge 6
2024-12-23T13:45:08Z,95.0,Charge 6
2024-12-23T13:45:11Z,96.0,Charge 6
2024-12-23T13:45:14Z,96.0,Charge 6
2024-12-23T13:45:17Z,96.0,Charge 6
2024-12-23T13:45:19Z,95.0,Charge 6
2024-12-23T13:45:22Z,95.0,Charge 6
2024-12-23T13:45:23Z,96.0,Charge 6
2024-12-23T13:45:25Z,97.0,Charge 6
2024-12-23T13:45:27Z,98.0,Charge 6
2024-12-23T13:45:30Z,98.0,Charge 6
2024-12-23T13:45:33Z,97.0,Charge 6
2024-12-23T13:45:34Z,96.0,Charge 6
2024-12-23T13:45:37Z,96.0,Charge 6
2024-12-23T13:45:38Z,95.0,Charge 6
2024-12-23T13:45:40Z,94.0,Charge 6
2024-12-23T13:45:43Z,94.0,Charge 6
2024-12-23T13:45:46Z,95.0,Charge 6
2024-12-23T13:45:48Z,96.0,Charge 6
2024-12-23T13:45:51Z,96.0,Charge 6
2024-12-23T13:45:54Z,96.0,Charge 6
2024-12-23T13:45:56Z,94.0,Charge 6
2024-12-23T13:45:59Z,94.0,Charge 6
2024-12-23T13:46:01Z,95.0,Charge 6
2024-12-23T13:46:04Z,95.0,Charge 6
2024-12-23T13:46:05Z,96.0,Charge 6
2024-12-23T13:46:07Z,97.0,Charge 6
2024-12-23T13:46:09Z,96.0,Charge 6
2024-12-23T13:46:11Z,94.0,Charge 6
2024-12-23T13:46:13Z,95.0,Charge 6
2024-12-23T13:46:15Z,92.0,Charge 6
2024-12-23T13:46:17Z,94.0,Charge 6
2024-12-23T13:46:19Z,93.0,Charge 6
2024-12-23T13:46:21Z,91.0,Charge 6
2024-12-23T13:46:22Z,90.0,Charge 6
2024-12-23T13:46:24Z,91.0,Charge 6
2024-12-23T13:46:26Z,92.0,Charge 6
2024-12-23T13:46:28Z,93.0,Charge 6
2024-12-23T13:46:31Z,93.0,Charge 6
2024-12-23T13:46:32Z,95.0,Charge 6
2024-12-23T13:46:35Z,95.0,Charge 6
2024-12-23T13:46:38Z,95.0,Charge 6
2024-12-23T13:46:41Z,95.0,Charge 6
2024-12-23T13:46:42Z,93.0,Charge 6
2024-12-23T13:46:45Z,93.0,Charge 6
2024-12-23T13:46:46Z,92.0,Charge 6
2024-12-23T13:46:47Z,93.0,Charge 6
2024-12-23T13:46:49Z,92.0,Charge 6
2024-12-23T13:46:52Z,92.0,Charge 6
2024-12-23T13:46:53Z,91.0,Charge 6
2024-12-23T13:46:55Z,90.0,Charge 6
2024-12-23T13:46:58Z,90.0,Charge 6
2024-12-23T13:47:01Z,90.0,Charge 6
2024-12-23T13:47:03Z,87.0,Charge 6
2024-12-23T13:47:06Z,87.0,Charge 6
2024-12-23T13:47:07Z,88.0,Charge 6
2024-12-23T13:47:10Z,87.0,Charge 6
2024-12-23T13:47:13Z,87.0,Charge 6
2024-12-23T13:47:14Z,88.0,Charge 6
2024-12-23T13:47:16Z,87.0,Charge 6
2024-12-23T13:47:18Z,87.0,Charge 6
2024-12-23T13:47:20Z,86.0,Charge 6
2024-12-23T13:47:22Z,87.0,Charge 6
2024-12-23T13:47:24Z,88.0,Charge 6
2024-12-23T13:47:26Z,89.0,Charge 6
2024-12-23T13:47:29Z,89.0,Charge 6
2024-12-23T13:47:30Z,90.0,Charge 6
2024-12-23T13:47:32Z,89.0,Charge 6
2024-12-23T13:47:35Z,88.0,Charge 6
2024-12-23T13:47:38Z,88.0,Charge 6
2024-12-23T13:47:39Z,89.0,Charge 6
2024-12-23T13:47:41Z,90.0,Charge 6
2024-12-23T13:47:43Z,91.0,Charge 6
2024-12-23T13:47:46Z,91.0,Charge 6
2024-12-23T13:47:47Z,88.0,Charge 6
2024-12-23T13:47:49Z,86.0,Charge 6
2024-12-23T13:47:51Z,87.0,Charge 6
2024-12-23T13:47:54Z,87.0,Charge 6
2024-12-23T13:47:55Z,88.0,Charge 6
2024-12-23T13:47:58Z,88.0,Charge 6
2024-12-23T13:48:00Z,86.0,Charge 6
2024-12-23T13:48:03Z,86.0,Charge 6
2024-12-23T13:48:04Z,88.0,Charge 6
2024-12-23T13:48:06Z,87.0,Charge 6
2024-12-23T13:48:08Z,88.0,Charge 6
2024-12-23T13:48:10Z,91.0,Charge 6
2024-12-23T13:48:12Z,92.0,Charge 6
2024-12-23T13:48:14Z,94.0,Charge 6
2024-12-23T13:48:17Z,94.0,Charge 6
2024-12-23T13:48:20Z,94.0,Charge 6
2024-12-23T13:48:23Z,93.0,Charge 6
2024-12-23T13:48:26Z,93.0,Charge 6
2024-12-23T13:48:29Z,94.0,Charge 6
2024-12-23T13:48:32Z,94.0,Charge 6
2024-12-23T13:48:33Z,96.0,Charge 6
2024-12-23T13:48:35Z,95.0,Charge 6
2024-12-23T13:48:38Z,95.0,Charge 6
2024-12-23T13:48:39Z,94.0,Charge 6
2024-12-23T13:48:41Z,92.0,Charge 6
2024-12-23T13:48:44Z,92.0,Charge 6
2024-12-23T13:48:45Z,93.0,Charge 6
2024-12-23T13:48:48Z,93.0,Charge 6
2024-12-23T13:48:51Z,93.0,Charge 6
2024-12-23T13:48:52Z,92.0,Charge 6
2024-12-23T13:48:55Z,92.0,Charge 6
2024-12-23T13:48:58Z,93.0,Charge 6
2024-12-23T13:49:00Z,95.0,Charge 6
2024-12-23T13:49:02Z,93.0,Charge 6
2024-12-23T13:49:04Z,92.0,Charge 6
2024-12-23T13:49:06Z,93.0,Charge 6
2024-12-23T13:49:08Z,94.0,Charge 6
2024-12-23T13:49:10Z,92.0,Charge 6
2024-12-23T13:49:11Z,91.0,Charge 6
2024-12-23T13:49:13Z,92.0,Charge 6
2024-12-23T13:49:16Z,92.0,Charge 6
2024-12-23T13:49:19Z,90.0,Charge 6
2024-12-23T13:49:22Z,90.0,Charge 6
2024-12-23T13:49:23Z,92.0,Charge 6
2024-12-23T13:49:25Z,91.0,Charge 6
2024-12-23T13:49:27Z,92.0,Charge 6
2024-12-23T13:49:29Z,93.0,Charge 6
2024-12-23T13:49:32Z,93.0,Charge 6
2024-12-23T13:49:34Z,94.0,Charge 6
2024-12-23T13:49:37Z,94.0,Charge 6
2024-12-23T13:49:38Z,95.0,Charge 6
2024-12-23T13:49:40Z,94.0,Charge 6
2024-12-23T13:49:43Z,94.0,Charge 6
2024-12-23T13:49:46Z,95.0,Charge 6
2024-12-23T13:49:48Z,97.0,Charge 6
2024-12-23T13:49:50Z,98.0,Charge 6
2024-12-23T13:49:53Z,98.0,Charge 6
2024-12-23T13:49:54Z,99.0,Charge 6
2024-12-23T13:49:56Z,98.0,Charge 6
2024-12-23T13:49:59Z,94.0,Charge 6
2024-12-23T13:50:02Z,94.0,Charge 6
2024-12-23T13:50:05Z,93.0,Charge 6
2024-12-23T13:50:07Z,94.0,Charge 6
2024-12-23T13:50:09Z,96.0,Charge 6
2024-12-23T13:50:11Z,97.0,Charge 6
2024-12-23T13:50:13Z,98.0,Charge 6
2024-12-23T13:50:15Z,99.0,Charge 6
2024-12-23T13:50:17Z,98.0,Charge 6
2024-12-23T13:50:20Z,98.0,Charge 6
2024-12-23T13:50:21Z,99.0,Charge 6
2024-12-23T13:50:24Z,99.0,Charge 6
2024-12-23T13:50:26Z,98.0,Charge 6
2024-12-23T13:50:28Z,97.0,Charge 6
2024-12-23T13:50:30Z,98.0,Charge 6
2024-12-23T13:50:32Z,99.0,Charge 6
2024-12-23T13:50:34Z,102.0,Charge 6
2024-12-23T13:50:37Z,102.0,Charge 6
2024-12-23T13:50:40Z,102.0,Charge 6
2024-12-23T13:50:42Z,101.0,Charge 6
2024-12-23T13:50:44Z,100.0,Charge 6
2024-12-23T13:50:46Z,99.0,Charge 6
2024-12-23T13:50:47Z,100.0,Charge 6
2024-12-23T13:50:49Z,102.0,Charge 6
2024-12-23T13:50:51Z,104.0,Charge 6
2024-12-23T13:50:53Z,102.0,Charge 6
2024-12-23T13:50:55Z,101.0,Charge 6
2024-12-23T13:50:57Z,100.0,Charge 6
2024-12-23T13:51:00Z,100.0,Charge 6
2024-12-23T13:51:03Z,98.0,Charge 6
2024-12-23T13:51:05Z,96.0,Charge 6
2024-12-23T13:51:08Z,96.0,Charge 6
2024-12-23T13:51:10Z,97.0,Charge 6
2024-12-23T13:51:12Z,99.0,Charge 6
2024-12-23T13:51:14Z,98.0,Charge 6
2024-12-23T13:51:16Z,96.0,Charge 6
2024-12-23T13:51:18Z,97.0,Charge 6
2024-12-23T13:51:20Z,96.0,Charge 6
2024-12-23T13:51:22Z,95.0,Charge 6
2024-12-23T13:51:24Z,96.0,Charge 6
2024-12-23T13:51:27Z,96.0,Charge 6
2024-12-23T13:51:28Z,99.0,Charge 6
2024-12-23T13:51:30Z,100.0,Charge 6
2024-12-23T13:51:33Z,100.0,Charge 6
2024-12-23T13:51:34Z,99.0,Charge 6
2024-12-23T13:51:35Z,98.0,Charge 6
2024-12-23T13:51:37Z,97.0,Charge 6
2024-12-23T13:51:40Z,97.0,Charge 6
2024-12-23T13:51:41Z,96.0,Charge 6
2024-12-23T13:51:43Z,98.0,Charge 6
2024-12-23T13:51:45Z,100.0,Charge 6
2024-12-23T13:51:47Z,99.0,Charge 6
2024-12-23T13:51:49Z,97.0,Charge 6
2024-12-23T13:51:52Z,97.0,Charge 6
2024-12-23T13:51:53Z,96.0,Charge 6
2024-12-23T13:51:55Z,95.0,Charge 6
2024-12-23T13:51:57Z,98.0,Charge 6
2024-12-23T13:51:59Z,100.0,Charge 6
2024-12-23T13:52:01Z,101.0,Charge 6
2024-12-23T22:12:59Z,99.0,Charge 6
2024-12-23T22:13:01Z,100.0,Charge 6
2024-12-23T22:13:03Z,99.0,Charge 6
2024-12-23T22:13:05Z,100.0,Charge 6
2024-12-23T22:13:08Z,100.0,Charge 6
2024-12-23T22:13:09Z,98.0,Charge 6
2024-12-23T22:13:11Z,97.0,Charge 6
2024-12-23T22:13:14Z,97.0,Charge 6
2024-12-23T22:13:15Z,98.0,Charge 6
2024-12-23T22:13:18Z,100.0,Charge 6
2024-12-23T22:13:21Z,100.0,Charge 6
2024-12-23T22:13:24Z,101.0,Charge 6
2024-12-23T22:13:26Z,101.0,Charge 6
2024-12-23T22:13:28Z,99.0,Charge 6
2024-12-23T22:13:30Z,101.0,Charge 6
2024-12-23T22:13:32Z,102.0,Charge 6
2024-12-23T22:13:34Z,101.0,Charge 6
2024-12-23T22:13:36Z,100.0,Charge 6
2024-12-23T22:13:38Z,100.0,Charge 6
2024-12-23T22:13:40Z,99.0,Charge 6
2024-12-23T22:13:41Z,98.0,Charge 6
2024-12-23T22:13:43Z,99.0,Charge 6
2024-12-23T22:13:45Z,101.0,Charge 6
2024-12-23T22:13:47Z,106.0,Charge 6
2024-12-23T22:13:50Z,106.0,Charge 6
2024-12-23T22:13:51Z,107.0,Charge 6
2024-12-23T22:13:54Z,107.0,Charge 6
2024-12-23T22:13:55Z,107.0,Charge 6
2024-12-23T22:13:58Z,107.0,Charge 6
2024-12-23T22:14:01Z,106.0,Charge 6
2024-12-23T22:14:04Z,106.0,Charge 6
2024-12-23T22:14:06Z,105.0,Charge 6
2024-12-23T22:14:08Z,104.0,Charge 6
2024-12-23T22:14:10Z,102.0,Charge 6
2024-12-23T22:14:13Z,102.0,Charge 6
2024-12-23T22:14:16Z,102.0,Charge 6
2024-12-23T22:14:18Z,101.0,Charge 6
2024-12-23T22:14:20Z,100.0,Charge 6
2024-12-23T22:14:22Z,99.0,Charge 6
2024-12-23T22:14:24Z,98.0,Charge 6
2024-12-23T22:14:26Z,99.0,Charge 6
2024-12-23T22:14:28Z,98.0,Charge 6
2024-12-23T22:14:31Z,100.0,Charge 6
2024-12-23T22:14:34Z,100.0,Charge 6
2024-12-23T22:14:37Z,101.0,Charge 6
2024-12-23T22:14:39Z,103.0,Charge 6
2024-12-23T22:14:41Z,102.0,Charge 6
2024-12-23T22:14:44Z,102.0,Charge 6
2024-12-23T22:14:47Z,100.0,Charge 6
2024-12-23T22:14:50Z,100.0,Charge 6
2024-12-23T22:14:51Z,98.0,Charge 6
2024-12-23T22:14:54Z,98.0,Charge 6
2024-12-23T22:14:57Z,98.0,Charge 6
2024-12-23T22:14:58Z,98.0,Charge 6
2024-12-23T22:15:00Z,96.0,Charge 6
2024-12-23T22:15:03Z,96.0,Charge 6
2024-12-23T22:15:06Z,96.0,Charge 6
2024-12-23T22:15:09Z,96.0,Charge 6
2024-12-23T22:15:10Z,97.0,Charge 6
2024-12-23T22:15:12Z,96.0,Charge 6
2024-12-23T22:15:14Z,95.0,Charge 6
2024-12-23T22:15:16Z,94.0,Charge 6
2024-12-23T22:15:17Z,95.0,Charge 6
2024-12-23T22:15:19Z,98.0,Charge 6
2024-12-23T22:15:21Z,99.0,Charge 6
2024-12-23T22:15:23Z,100.0,Charge 6
2024-12-23T22:15:25Z,98.0,Charge 6
2024-12-23T22:15:27Z,97.0,Charge 6
2024-12-23T22:15:29Z,98.0,Charge 6
2024-12-23T22:15:31Z,97.0,Charge 6
2024-12-23T22:15:33Z,98.0,Charge 6
2024-12-23T22:15:36Z,98.0,Charge 6
2024-12-23T22:15:39Z,98.0,Charge 6
2024-12-23T22:15:41Z,100.0,Charge 6
2024-12-23T22:15:42Z,99.0,Charge 6
2024-12-23T22:15:44Z,98.0,Charge 6
2024-12-23T22:15:46Z,97.0,Charge 6
2024-12-23T22:15:48Z,96.0,Charge 6
2024-12-23T22:15:50Z,93.0,Charge 6
2024-12-23T22:15:52Z,90.0,Charge 6
2024-12-23T22:15:54Z,88.0,Charge 6
2024-12-23T22:15:56Z,88.0,Charge 6
2024-12-23T22:15:59Z,88.0,Charge 6
2024-12-23T22:16:00Z,91.0,Charge 6
2024-12-23T22:16:02Z,93.0,Charge 6
2024-12-23T22:16:04Z,94.0,Charge 6
2024-12-23T22:16:05Z,93.0,Charge 6
2024-12-23T22:16:07Z,91.0,Charge 6
2024-12-23T22:16:09Z,90.0,Charge 6
2024-12-23T22:16:11Z,88.0,Charge 6
2024-12-23T22:16:13Z,87.0,Charge 6
2024-12-23T22:16:15Z,86.0,Charge 6
2024-12-23T22:16:18Z,86.0,Charge 6
2024-12-23T22:16:21Z,86.0,Charge 6
2024-12-23T22:16:24Z,86.0,Charge 6
2024-12-23T22:16:25Z,86.0,Charge 6
2024-12-23T22:16:28Z,86.0,Charge 6
2024-12-23T22:16:31Z,86.0,Charge 6
2024-12-23T22:16:32Z,86.0,Charge 6
2024-12-23T22:16:35Z,86.0,Charge 6
2024-12-23T22:16:36Z,86.0,Charge 6
2024-12-23T22:16:38Z,86.0,Charge 6
2024-12-23T22:16:40Z,87.0,Charge 6
2024-12-23T22:16:42Z,86.0,Charge 6
2024-12-23T22:16:44Z,85.0,Charge 6
2024-12-23T22:16:46Z,84.0,Charge 6
2024-12-23T22:16:49Z,84.0,Charge 6
2024-12-23T22:16:50Z,83.0,Charge 6
2024-12-23T22:16:52Z,84.0,Charge 6
2024-12-23T22:16:55Z,84.0,Charge 6
2024-12-23T22:16:58Z,84.0,Charge 6
2024-12-23T22:17:01Z,84.0,Charge 6
2024-12-23T22:17:04Z,84.0,Charge 6
2024-12-23T22:17:07Z,84.0,Charge 6
2024-12-23T22:17:10Z,84.0,Charge 6
2024-12-23T22:17:11Z,83.0,Charge 6
2024-12-23T22:17:14Z,83.0,Charge 6
2024-12-23T22:17:15Z,84.0,Charge 6
2024-12-23T22:17:17Z,85.0,Charge 6
2024-12-23T22:17:18Z,86.0,Charge 6
2024-12-23T22:17:20Z,84.0,Charge 6
2024-12-23T22:17:23Z,84.0,Charge 6
2024-12-23T22:17:24Z,82.0,Charge 6
2024-12-23T22:17:26Z,81.0,Charge 6
2024-12-23T22:17:28Z,79.0,Charge 6
2024-12-23T22:17:30Z,78.0,Charge 6
2024-12-23T22:17:33Z,78.0,Charge 6
2024-12-23T22:17:34Z,78.0,Charge 6
2024-12-23T22:17:37Z,78.0,Charge 6
2024-12-23T22:17:40Z,78.0,Charge 6
2024-12-23T22:17:43Z,79.0,Charge 6
2024-12-23T22:17:45Z,80.0,Charge 6
2024-12-23T22:17:48Z,80.0,Charge 6
2024-12-23T22:17:51Z,80.0,Charge 6
2024-12-23T22:17:54Z,80.0,Charge 6
2024-12-23T22:17:55Z,81.0,Charge 6
2024-12-23T22:17:57Z,80.0,Charge 6
2024-12-23T22:18:00Z,80.0,Charge 6
2024-12-23T22:18:01Z,79.0,Charge 6
2024-12-23T22:18:03Z,80.0,Charge 6
2024-12-23T22:18:06Z,80.0,Charge 6
2024-12-23T22:18:07Z,81.0,Charge 6
2024-12-23T22:18:10Z,81.0,Charge 6
2024-12-23T22:18:13Z,80.0,Charge 6
2024-12-23T22:18:16Z,80.0,Charge 6
2024-12-23T22:18:18Z,81.0,Charge 6
2024-12-23T22:18:20Z,80.0,Charge 6
2024-12-23T22:18:22Z,81.0,Charge 6
2024-12-23T22:18:24Z,82.0,Charge 6
2024-12-23T22:18:26Z,83.0,Charge 6
2024-12-23T22:18:28Z,84.0,Charge 6
2024-12-23T22:18:31Z,84.0,Charge 6
2024-12-23T22:18:34Z,84.0,Charge 6
2024-12-23T22:18:37Z,84.0,Charge 6
2024-12-23T22:18:39Z,82.0,Charge 6
2024-12-23T22:18:41Z,82.0,Charge 6
2024-12-23T22:18:44Z,82.0,Charge 6
2024-12-23T22:18:45Z,81.0,Charge 6
2024-12-23T22:18:47Z,80.0,Charge 6
2024-12-23T22:18:50Z,80.0,Charge 6
2024-12-23T22:18:51Z,78.0,Charge 6
2024-12-23T22:18:54Z,78.0,Charge 6
2024-12-23T22:18:55Z,78.0,Charge 6
2024-12-23T22:18:57Z,78.0,Charge 6
2024-12-23T22:19:00Z,78.0,Charge 6
2024-12-23T22:19:03Z,77.0,Charge 6
2024-12-23T22:19:04Z,76.0,Charge 6
2024-12-23T22:19:06Z,77.0,Charge 6
2024-12-23T22:19:08Z,78.0,Charge 6
2024-12-23T22:19:10Z,79.0,Charge 6
2024-12-23T22:19:12Z,81.0,Charge 6
2024-12-23T22:19:14Z,83.0,Charge 6
2024-12-23T22:19:16Z,84.0,Charge 6
2024-12-23T22:19:18Z,82.0,Charge 6
2024-12-23T22:19:21Z,82.0,Charge 6
2024-12-23T22:19:22Z,81.0,Charge 6
2024-12-23T22:19:24Z,80.0,Charge 6
2024-12-23T22:19:27Z,80.0,Charge 6
2024-12-23T22:19:30Z,80.0,Charge 6
2024-12-23T22:19:33Z,80.0,Charge 6
2024-12-23T22:19:35Z,79.0,Charge 6
2024-12-23T22:19:37Z,78.0,Charge 6
2024-12-23T22:19:40Z,78.0,Charge 6
2024-12-23T22:19:43Z,80.0,Charge 6
2024-12-23T22:19:46Z,80.0,Charge 6
2024-12-23T22:19:47Z,78.0,Charge 6
2024-12-23T22:19:49Z,76.0,Charge 6
2024-12-23T22:19:51Z,74.0,Charge 6
2024-12-23T22:19:52Z,72.0,Charge 6
2024-12-23T22:19:54Z,70.0,Charge 6
2024-12-23T22:19:56Z,69.0,Charge 6
2024-12-23T22:19:58Z,70.0,Charge 6
2024-12-23T22:20:00Z,71.0,Charge 6
2024-12-23T22:20:02Z,72.0,Charge 6
2024-12-23T22:20:04Z,73.0,Charge 6
2024-12-23T22:20:06Z,75.0,Charge 6
2024-12-23T22:20:08Z,76.0,Charge 6
2024-12-23T22:20:10Z,77.0,Charge 6
2024-12-23T22:20:12Z,78.0,Charge 6
2024-12-23T22:20:15Z,78.0,Charge 6
2024-12-23T22:20:18Z,78.0,Charge 6
2024-12-23T22:20:21Z,77.0,Charge 6
2024-12-23T22:20:24Z,77.0,Charge 6
2024-12-23T22:20:27Z,77.0,Charge 6
2024-12-23T22:20:30Z,77.0,Charge 6
2024-12-23T22:20:33Z,77.0,Charge 6
2024-12-23T22:20:36Z,77.0,Charge 6
2024-12-23T22:20:37Z,78.0,Charge 6
2024-12-23T22:20:40Z,78.0,Charge 6
2024-12-23T22:20:43Z,78.0,Charge 6
2024-12-23T22:20:46Z,78.0,Charge 6
2024-12-23T22:20:49Z,78.0,Charge 6
2024-12-23T22:20:50Z,79.0,Charge 6
2024-12-23T22:20:53Z,79.0,Charge 6
2024-12-23T22:20:54Z,80.0,Charge 6
2024-12-23T22:20:56Z,80.0,Charge 6
2024-12-23T22:20:58Z,80.0,Charge 6
2024-12-23T22:21:01Z,80.0,Charge 6
2024-12-23T22:21:03Z,80.0,Charge 6
2024-12-23T22:21:06Z,80.0,Charge 6
2024-12-23T22:21:09Z,80.0,Charge 6
2024-12-23T22:21:11Z,81.0,Charge 6
2024-12-23T22:21:13Z,82.0,Charge 6
2024-12-23T22:21:16Z,82.0,Charge 6
2024-12-23T22:21:17Z,80.0,Charge 6
2024-12-23T22:21:20Z,80.0,Charge 6
2024-12-23T22:21:21Z,78.0,Charge 6
2024-12-23T22:21:23Z,78.0,Charge 6
2024-12-23T22:21:26Z,78.0,Charge 6
2024-12-23T22:21:27Z,77.0,Charge 6
2024-12-23T22:21:30Z,76.0,Charge 6
2024-12-23T22:21:32Z,76.0,Charge 6
2024-12-23T22:21:34Z,77.0,Charge 6
2024-12-23T22:21:37Z,77.0,Charge 6
2024-12-23T22:21:38Z,78.0,Charge 6
2024-12-23T22:21:41Z,78.0,Charge 6
2024-12-23T22:21:44Z,78.0,Charge 6
2024-12-23T22:21:46Z,78.0,Charge 6
2024-12-23T22:21:49Z,78.0,Charge 6
2024-12-23T22:21:52Z,78.0,Charge 6
2024-12-23T22:21:53Z,77.0,Charge 6
2024-12-23T22:21:56Z,77.0,Charge 6
2024-12-23T22:21:57Z,76.0,Charge 6
2024-12-23T22:21:59Z,76.0,Charge 6
2024-12-23T22:22:02Z,76.0,Charge 6
2024-12-23T22:22:03Z,77.0,Charge 6
2024-12-23T22:22:05Z,78.0,Charge 6
2024-12-23T22:22:08Z,78.0,Charge 6
2024-12-23T22:22:11Z,78.0,Charge 6
2024-12-23T22:22:13Z,79.0,Charge 6
2024-12-23T22:22:16Z,79.0,Charge 6
2024-12-23T22:22:18Z,79.0,Charge 6
2024-12-23T22:22:21Z,79.0,Charge 6
2024-12-23T22:22:22Z,78.0,Charge 6
2024-12-23T22:22:25Z,78.0,Charge 6
2024-12-23T22:22:28Z,78.0,Charge 6
2024-12-23T22:22:30Z,78.0,Charge 6
2024-12-23T22:22:33Z,78.0,Charge 6
2024-12-23T22:22:34Z,78.0,Charge 6
2024-12-23T22:22:37Z,78.0,Charge 6
2024-12-23T22:22:39Z,78.0,Charge 6
2024-12-23T22:22:41Z,78.0,Charge 6
2024-12-23T22:22:44Z,78.0,Charge 6
2024-12-23T22:22:45Z,79.0,Charge 6
2024-12-23T22:22:47Z,81.0,Charge 6
2024-12-23T22:22:49Z,82.0,Charge 6
2024-12-23T22:22:51Z,81.0,Charge 6
2024-12-23T22:22:54Z,81.0,Charge 6
2024-12-23T22:22:55Z,80.0,Charge 6
2024-12-23T22:22:58Z,80.0,Charge 6
2024-12-23T22:22:59Z,79.0,Charge 6
2024-12-23T22:23:01Z,78.0,Charge 6
2024-12-23T22:23:03Z,78.0,Charge 6
2024-12-23T22:23:06Z,78.0,Charge 6
2024-12-23T22:23:09Z,78.0,Charge 6
2024-12-23T22:23:12Z,78.0,Charge 6
2024-12-23T22:23:15Z,78.0,Charge 6
2024-12-23T22:23:18Z,78.0,Charge 6
2024-12-23T22:23:21Z,78.0,Charge 6
2024-12-23T22:23:24Z,78.0,Charge 6
2024-12-23T22:23:27Z,78.0,Charge 6
2024-12-23T22:23:30Z,78.0,Charge 6
2024-12-23T22:23:33Z,78.0,Charge 6
2024-12-23T22:23:36Z,78.0,Charge 6
2024-12-23T22:23:39Z,78.0,Charge 6
2024-12-23T22:23:42Z,78.0,Charge 6
2024-12-23T22:23:45Z,79.0,Charge 6
2024-12-23T22:23:47Z,78.0,Charge 6
2024-12-23T22:23:50Z,78.0,Charge 6
2024-12-23T22:23:53Z,78.0,Charge 6
2024-12-23T22:23:56Z,78.0,Charge 6
2024-12-23T22:23:59Z,78.0,Charge 6
2024-12-23T22:24:00Z,77.0,Charge 6
2024-12-23T22:24:02Z,77.0,Charge 6
2024-12-23T22:24:04Z,77.0,Charge 6
2024-12-23T22:24:07Z,77.0,Charge 6
2024-12-23T22:24:08Z,76.0,Charge 6
2024-12-23T22:24:10Z,76.0,Charge 6
2024-12-23T22:24:13Z,76.0,Charge 6
2024-12-23T22:24:14Z,77.0,Charge 6
2024-12-23T22:24:17Z,77.0,Charge 6
2024-12-23T22:24:19Z,76.0,Charge 6
2024-12-23T22:24:21Z,76.0,Charge 6
2024-12-23T22:24:24Z,76.0,Charge 6
2024-12-23T22:24:27Z,76.0,Charge 6
2024-12-23T22:24:29Z,78.0,Charge 6
2024-12-23T22:24:32Z,78.0,Charge 6
2024-12-23T22:24:33Z,78.0,Charge 6
2024-12-23T22:24:35Z,79.0,Charge 6
2024-12-23T22:24:37Z,78.0,Charge 6
2024-12-23T22:24:40Z,78.0,Charge 6
2024-12-23T22:24:43Z,78.0,Charge 6
2024-12-23T22:24:46Z,79.0,Charge 6
2024-12-23T22:24:48Z,78.0,Charge 6
2024-12-23T22:24:51Z,78.0,Charge 6
2024-12-23T22:24:54Z,79.0,Charge 6
2024-12-23T22:24:56Z,80.0,Charge 6
2024-12-23T22:24:57Z,80.0,Charge 6
2024-12-23T22:24:59Z,80.0,Charge 6
2024-12-23T22:25:01Z,78.0,Charge 6
2024-12-23T22:25:03Z,77.0,Charge 6
2024-12-23T22:25:05Z,76.0,Charge 6
2024-12-23T22:25:08Z,76.0,Charge 6
2024-12-23T22:25:09Z,75.0,Charge 6
2024-12-23T22:25:11Z,74.0,Charge 6
2024-12-23T22:25:14Z,74.0,Charge 6
2024-12-23T22:25:15Z,73.0,Charge 6
2024-12-23T22:25:18Z,73.0,Charge 6
2024-12-23T22:25:19Z,74.0,Charge 6
2024-12-23T22:25:20Z,76.0,Charge 6
2024-12-23T22:25:22Z,80.0,Charge 6
2024-12-23T22:25:24Z,86.0,Charge 6
2024-12-23T22:25:26Z,92.0,Charge 6
2024-12-23T22:25:28Z,95.0,Charge 6
2024-12-23T22:25:30Z,96.0,Charge 6
2024-12-23T22:25:32Z,96.0,Charge 6
2024-12-23T22:25:34Z,95.0,Charge 6
2024-12-23T22:25:36Z,93.0,Charge 6
2024-12-23T22:25:39Z,93.0,Charge 6
2024-12-23T22:25:42Z,93.0,Charge 6
2024-12-23T22:25:44Z,93.0,Charge 6
2024-12-23T22:25:45Z,94.0,Charge 6
2024-12-23T22:25:47Z,94.0,Charge 6
2024-12-23T22:25:50Z,94.0,Charge 6
2024-12-23T22:25:53Z,94.0,Charge 6
2024-12-23T22:25:56Z,94.0,Charge 6
2024-12-23T22:25:57Z,96.0,Charge 6
2024-12-23T22:25:59Z,97.0,Charge 6
2024-12-23T22:26:02Z,97.0,Charge 6
2024-12-23T22:26:03Z,97.0,Charge 6
2024-12-23T22:26:05Z,96.0,Charge 6
2024-12-23T22:26:07Z,96.0,Charge 6
2024-12-23T22:26:10Z,97.0,Charge 6
2024-12-23T22:26:12Z,99.0,Charge 6
2024-12-23T22:26:14Z,98.0,Charge 6
2024-12-23T22:26:17Z,98.0,Charge 6
2024-12-23T22:26:18Z,97.0,Charge 6
2024-12-23T22:26:21Z,97.0,Charge 6
2024-12-23T22:26:24Z,100.0,Charge 6
2024-12-23T22:26:26Z,99.0,Charge 6
2024-12-23T22:26:28Z,98.0,Charge 6
2024-12-23T22:26:30Z,97.0,Charge 6
2024-12-23T22:26:32Z,97.0,Charge 6
2024-12-23T22:26:33Z,98.0,Charge 6
2024-12-23T22:26:36Z,98.0,Charge 6
2024-12-23T22:26:39Z,97.0,Charge 6
2024-12-23T22:26:41Z,96.0,Charge 6
2024-12-23T22:26:43Z,94.0,Charge 6
2024-12-23T22:26:46Z,94.0,Charge 6
2024-12-23T22:26:49Z,95.0,Charge 6
2024-12-23T22:26:51Z,96.0,Charge 6
2024-12-23T22:26:54Z,96.0,Charge 6
2024-12-23T22:26:55Z,96.0,Charge 6
2024-12-23T22:26:56Z,97.0,Charge 6
2024-12-23T22:26:58Z,98.0,Charge 6
2024-12-23T22:27:01Z,98.0,Charge 6
2024-12-23T22:27:04Z,98.0,Charge 6
2024-12-23T22:27:06Z,100.0,Charge 6
2024-12-23T22:27:08Z,102.0,Charge 6
2024-12-23T22:27:11Z,102.0,Charge 6
2024-12-23T22:27:12Z,101.0,Charge 6
2024-12-23T22:27:14Z,99.0,Charge 6
2024-12-23T22:27:16Z,98.0,Charge 6
2024-12-23T22:27:19Z,98.0,Charge 6
2024-12-23T22:27:20Z,99.0,Charge 6
2024-12-23T22:27:21Z,100.0,Charge 6
2024-12-23T22:27:23Z,99.0,Charge 6
2024-12-23T22:27:25Z,98.0,Charge 6
2024-12-23T22:27:27Z,97.0,Charge 6
2024-12-23T22:27:29Z,99.0,Charge 6
2024-12-23T22:27:31Z,101.0,Charge 6
2024-12-23T22:27:33Z,102.0,Charge 6
2024-12-23T22:27:35Z,103.0,Charge 6
2024-12-23T22:27:37Z,102.0,Charge 6
2024-12-23T22:27:39Z,101.0,Charge 6
2024-12-23T22:27:41Z,100.0,Charge 6
2024-12-23T22:27:44Z,100.0,Charge 6
2024-12-23T22:27:46Z,98.0,Charge 6
2024-12-23T22:27:48Z,95.0,Charge 6
2024-12-23T22:27:50Z,92.0,Charge 6
2024-12-23T22:27:52Z,91.0,Charge 6
2024-12-23T22:27:54Z,92.0,Charge 6
2024-12-23T22:27:57Z,92.0,Charge 6
2024-12-23T22:27:58Z,94.0,Charge 6
2024-12-23T22:28:00Z,95.0,Charge 6
2024-12-23T22:28:02Z,95.0,Charge 6
2024-12-23T22:28:05Z,95.0,Charge 6
2024-12-23T22:28:08Z,96.0,Charge 6
2024-12-23T22:28:09Z,97.0,Charge 6
2024-12-23T22:28:11Z,96.0,Charge 6
2024-12-23T22:28:14Z,96.0,Charge 6
2024-12-23T22:28:15Z,95.0,Charge 6
2024-12-23T22:28:18Z,95.0,Charge 6
2024-12-23T22:28:19Z,94.0,Charge 6
2024-12-23T22:28:22Z,94.0,Charge 6
2024-12-23T22:28:23Z,93.0,Charge 6
2024-12-23T22:28:25Z,92.0,Charge 6
2024-12-23T22:28:28Z,92.0,Charge 6
2024-12-23T22:28:31Z,92.0,Charge 6
2024-12-23T22:28:32Z,94.0,Charge 6
2024-12-23T22:28:35Z,94.0,Charge 6
2024-12-23T22:28:38Z,94.0,Charge 6
2024-12-23T22:28:40Z,95.0,Charge 6
2024-12-23T22:28:42Z,96.0,Charge 6
2024-12-23T22:28:44Z,97.0,Charge 6
2024-12-23T22:28:46Z,98.0,Charge 6
2024-12-23T22:28:48Z,100.0,Charge 6
2024-12-23T22:28:50Z,101.0,Charge 6
2024-12-23T22:28:53Z,101.0,Charge 6
2024-12-23T22:28:54Z,100.0,Charge 6
2024-12-23T22:28:56Z,100.0,Charge 6
2024-12-23T22:28:57Z,100.0,Charge 6
2024-12-23T22:28:59Z,100.0,Charge 6
2024-12-23T22:29:01Z,98.0,Charge 6
2024-12-23T22:29:03Z,97.0,Charge 6
2024-12-23T22:29:06Z,97.0,Charge 6
2024-12-23T22:29:07Z,98.0,Charge 6
2024-12-23T22:29:09Z,100.0,Charge 6
2024-12-23T22:29:12Z,100.0,Charge 6
2024-12-23T22:29:13Z,99.0,Charge 6
2024-12-23T22:29:15Z,96.0,Charge 6
2024-12-23T22:29:17Z,92.0,Charge 6
2024-12-23T22:29:19Z,90.0,Charge 6
2024-12-23T22:29:20Z,88.0,Charge 6
2024-12-23T22:29:23Z,88.0,Charge 6
2024-12-23T22:29:24Z,87.0,Charge 6
2024-12-23T22:29:26Z,86.0,Charge 6
2024-12-23T22:29:28Z,84.0,Charge 6
2024-12-23T22:29:31Z,84.0,Charge 6
2024-12-23T22:29:34Z,84.0,Charge 6
2024-12-23T22:29:36Z,84.0,Charge 6
2024-12-23T22:29:38Z,87.0,Charge 6
2024-12-23T22:29:40Z,88.0,Charge 6
2024-12-23T22:29:42Z,89.0,Charge 6
2024-12-23T22:29:44Z,90.0,Charge 6
2024-12-23T22:29:47Z,90.0,Charge 6
2024-12-23T22:29:50Z,90.0,Charge 6
2024-12-23T22:29:51Z,88.0,Charge 6
2024-12-23T22:29:53Z,86.0,Charge 6
2024-12-23T22:29:55Z,85.0,Charge 6
2024-12-23T22:29:57Z,86.0,Charge 6
2024-12-23T22:29:59Z,86.0,Charge 6
2024-12-23T22:30:01Z,87.0,Charge 6
2024-12-23T22:30:03Z,86.0,Charge 6
2024-12-23T22:30:05Z,86.0,Charge 6
2024-12-23T22:30:07Z,87.0,Charge 6
2024-12-23T22:30:08Z,88.0,Charge 6
2024-12-23T22:30:10Z,88.0,Charge 6
2024-12-23T22:30:13Z,88.0,Charge 6
2024-12-23T22:30:14Z,88.0,Charge 6
2024-12-23T22:30:17Z,88.0,Charge 6
2024-12-23T22:30:18Z,90.0,Charge 6
2024-12-23T22:30:20Z,92.0,Charge 6
2024-12-23T22:30:22Z,94.0,Charge 6
2024-12-23T22:30:24Z,95.0,Charge 6
2024-12-23T22:30:26Z,95.0,Charge 6
2024-12-23T22:30:28Z,94.0,Charge 6
2024-12-23T22:30:30Z,92.0,Charge 6
2024-12-23T22:30:32Z,90.0,Charge 6
2024-12-23T22:30:33Z,91.0,Charge 6
2024-12-23T22:30:35Z,92.0,Charge 6
2024-12-23T22:30:37Z,93.0,Charge 6
2024-12-23T22:30:39Z,93.0,Charge 6
2024-12-23T22:30:41Z,91.0,Charge 6
2024-12-23T22:30:43Z,90.0,Charge 6
2024-12-23T22:30:46Z,90.0,Charge 6
2024-12-23T22:30:47Z,90.0,Charge 6
2024-12-23T22:30:50Z,90.0,Charge 6
2024-12-23T22:30:53Z,90.0,Charge 6
2024-12-23T22:30:55Z,92.0,Charge 6
2024-12-23T22:30:56Z,94.0,Charge 6
2024-12-23T22:30:59Z,94.0,Charge 6
2024-12-23T22:31:00Z,93.0,Charge 6
2024-12-23T22:31:03Z,93.0,Charge 6
2024-12-23T22:31:04Z,92.0,Charge 6
2024-12-23T22:31:07Z,92.0,Charge 6
2024-12-23T22:31:08Z,90.0,Charge 6
2024-12-23T22:31:10Z,88.0,Charge 6
2024-12-23T22:31:12Z,87.0,Charge 6
2024-12-23T22:31:14Z,86.0,Charge 6
2024-12-23T22:31:16Z,87.0,Charge 6
2024-12-23T22:31:18Z,86.0,Charge 6
2024-12-23T22:31:20Z,85.0,Charge 6
2024-12-23T22:31:21Z,84.0,Charge 6
2024-12-23T22:31:24Z,84.0,Charge 6
2024-12-23T22:31:25Z,83.0,Charge 6
2024-12-23T22:31:27Z,84.0,Charge 6
2024-12-23T22:31:29Z,86.0,Charge 6
2024-12-23T22:31:31Z,88.0,Charge 6
2024-12-23T22:31:33Z,89.0,Charge 6
2024-12-23T22:31:35Z,90.0,Charge 6
2024-12-23T22:31:37Z,88.0,Charge 6
2024-12-23T22:31:39Z,86.0,Charge 6
2024-12-23T22:31:41Z,85.0,Charge 6
2024-12-23T22:31:43Z,84.0,Charge 6
2024-12-23T22:31:44Z,83.0,Charge 6
2024-12-23T22:31:46Z,82.0,Charge 6
2024-12-23T22:31:48Z,81.0,Charge 6
2024-12-23T22:31:51Z,81.0,Charge 6
2024-12-23T22:31:54Z,83.0,Charge 6
2024-12-23T22:31:56Z,84.0,Charge 6
2024-12-23T22:31:58Z,86.0,Charge 6
2024-12-23T22:32:01Z,86.0,Charge 6
2024-12-23T22:32:02Z,85.0,Charge 6
2024-12-23T22:32:04Z,85.0,Charge 6
2024-12-23T22:32:06Z,85.0,Charge 6
2024-12-23T22:32:08Z,86.0,Charge 6
2024-12-23T22:32:09Z,87.0,Charge 6
2024-12-23T22:32:11Z,88.0,Charge 6
2024-12-23T22:32:13Z,90.0,Charge 6
2024-12-23T22:32:16Z,90.0,Charge 6
2024-12-23T22:32:19Z,90.0,Charge 6
2024-12-23T22:32:22Z,90.0,Charge 6
2024-12-23T22:32:25Z,92.0,Charge 6
2024-12-23T22:32:27Z,93.0,Charge 6
2024-12-23T22:32:29Z,94.0,Charge 6
2024-12-23T22:32:31Z,96.0,Charge 6
2024-12-23T22:32:34Z,96.0,Charge 6
2024-12-23T22:32:37Z,97.0,Charge 6
2024-12-23T22:32:39Z,98.0,Charge 6
2024-12-23T22:32:41Z,98.0,Charge 6
2024-12-23T22:32:42Z,99.0,Charge 6
2024-12-23T22:32:44Z,101.0,Charge 6
2024-12-23T22:32:46Z,102.0,Charge 6
2024-12-23T22:32:49Z,102.0,Charge 6
2024-12-23T22:32:50Z,99.0,Charge 6
2024-12-23T22:32:52Z,94.0,Charge 6
2024-12-23T22:32:54Z,96.0,Charge 6
2024-12-23T22:32:56Z,98.0,Charge 6
2024-12-23T22:32:59Z,98.0,Charge 6
2024-12-23T22:33:00Z,97.0,Charge 6
2024-12-23T22:33:02Z,98.0,Charge 6
2024-12-23T22:33:04Z,101.0,Charge 6
2024-12-23T22:33:05Z,103.0,Charge 6
2024-12-23T22:33:07Z,104.0,Charge 6
2024-12-23T22:33:10Z,104.0,Charge 6
2024-12-23T22:33:11Z,105.0,Charge 6
2024-12-23T22:33:13Z,106.0,Charge 6
2024-12-23T22:33:16Z,106.0,Charge 6
2024-12-23T22:33:19Z,106.0,Charge 6
2024-12-23T22:33:22Z,106.0,Charge 6
2024-12-23T22:33:23Z,107.0,Charge 6
2024-12-23T22:33:25Z,106.0,Charge 6
2024-12-23T22:33:27Z,104.0,Charge 6
2024-12-23T22:33:30Z,104.0,Charge 6
2024-12-23T22:33:32Z,103.0,Charge 6
2024-12-23T22:33:34Z,104.0,Charge 6
2024-12-23T22:33:36Z,104.0,Charge 6
2024-12-23T22:33:39Z,104.0,Charge 6
2024-12-23T22:33:40Z,103.0,Charge 6
2024-12-23T22:33:42Z,100.0,Charge 6
2024-12-23T22:33:44Z,98.0,Charge 6
2024-12-23T22:33:46Z,96.0,Charge 6
2024-12-23T22:33:49Z,96.0,Charge 6
2024-12-23T22:33:52Z,98.0,Charge 6
2024-12-23T22:33:53Z,99.0,Charge 6
2024-12-23T22:33:55Z,97.0,Charge 6
2024-12-23T22:33:57Z,96.0,Charge 6
2024-12-23T22:33:59Z,95.0,Charge 6
2024-12-23T22:34:01Z,94.0,Charge 6
2024-12-23T22:34:04Z,94.0,Charge 6
2024-12-23T22:34:07Z,96.0,Charge 6
2024-12-23T22:34:10Z,96.0,Charge 6
2024-12-23T22:34:13Z,96.0,Charge 6
2024-12-23T22:34:15Z,95.0,Charge 6
2024-12-23T22:34:17Z,94.0,Charge 6
2024-12-23T22:34:18Z,95.0,Charge 6
2024-12-23T22:34:20Z,97.0,Charge 6
2024-12-23T22:34:22Z,98.0,Charge 6
2024-12-23T22:34:24Z,99.0,Charge 6
2024-12-23T22:34:26Z,98.0,Charge 6
2024-12-23T22:34:29Z,98.0,Charge 6
2024-12-23T22:34:32Z,97.0,Charge 6
2024-12-23T22:34:34Z,96.0,Charge 6
2024-12-23T22:34:36Z,96.0,Charge 6
2024-12-23T22:34:39Z,96.0,Charge 6
2024-12-23T22:34:40Z,97.0,Charge 6
2024-12-23T22:34:43Z,97.0,Charge 6
2024-12-23T22:34:45Z,97.0,Charge 6
2024-12-23T22:34:47Z,96.0,Charge 6
2024-12-23T22:34:50Z,96.0,Charge 6
2024-12-23T22:34:51Z,97.0,Charge 6
2024-12-23T22:34:53Z,98.0,Charge 6
2024-12-23T22:34:55Z,98.0,Charge 6
2024-12-23T22:34:57Z,97.0,Charge 6
2024-12-23T22:34:59Z,96.0,Charge 6
2024-12-23T22:35:02Z,96.0,Charge 6
2024-12-23T22:35:05Z,97.0,Charge 6
2024-12-23T22:35:06Z,98.0,Charge 6
2024-12-23T22:35:08Z,98.0,Charge 6
2024-12-23T22:35:10Z,100.0,Charge 6
2024-12-23T22:35:13Z,100.0,Charge 6
2024-12-23T22:35:14Z,102.0,Charge 6
2024-12-23T22:35:17Z,102.0,Charge 6
2024-12-23T22:35:18Z,100.0,Charge 6
2024-12-23T22:35:21Z,100.0,Charge 6
2024-12-23T22:35:24Z,101.0,Charge 6
2024-12-23T22:35:27Z,101.0,Charge 6
2024-12-23T22:35:28Z,100.0,Charge 6
2024-12-23T22:35:31Z,100.0,Charge 6
2024-12-23T22:35:34Z,100.0,Charge 6
2024-12-23T22:35:35Z,101.0,Charge 6
2024-12-23T22:35:37Z,102.0,Charge 6
2024-12-23T22:35:39Z,102.0,Charge 6
2024-12-23T22:35:42Z,102.0,Charge 6
2024-12-23T22:35:45Z,102.0,Charge 6
2024-12-23T22:35:48Z,102.0,Charge 6
2024-12-23T22:35:51Z,102.0,Charge 6
2024-12-23T22:35:54Z,101.0,Charge 6
2024-12-23T22:35:56Z,100.0,Charge 6
2024-12-23T22:35:58Z,99.0,Charge 6
2024-12-23T22:36:00Z,100.0,Charge 6
2024-12-23T22:36:03Z,100.0,Charge 6
2024-12-23T22:36:04Z,99.0,Charge 6
2024-12-23T22:36:06Z,98.0,Charge 6
2024-12-23T22:36:08Z,96.0,Charge 6
2024-12-23T22:36:10Z,94.0,Charge 6
2024-12-23T22:36:12Z,95.0,Charge 6
2024-12-23T22:36:14Z,96.0,Charge 6
2024-12-23T22:36:17Z,95.0,Charge 6
2024-12-23T22:36:19Z,94.0,Charge 6
2024-12-23T22:36:21Z,95.0,Charge 6
2024-12-23T22:36:24Z,95.0,Charge 6
2024-12-23T22:36:25Z,95.0,Charge 6
2024-12-23T22:36:27Z,94.0,Charge 6
2024-12-23T22:36:29Z,91.0,Charge 6
2024-12-23T22:36:31Z,89.0,Charge 6
2024-12-23T22:36:33Z,90.0,Charge 6
2024-12-23T22:36:35Z,92.0,Charge 6
2024-12-23T22:36:37Z,94.0,Charge 6
2024-12-23T22:36:39Z,96.0,Charge 6
2024-12-23T22:36:41Z,98.0,Charge 6
2024-12-23T22:36:42Z,100.0,Charge 6
2024-12-23T22:36:44Z,102.0,Charge 6
2024-12-23T22:36:46Z,104.0,Charge 6
2024-12-23T22:36:49Z,104.0,Charge 6
2024-12-23T22:36:50Z,106.0,Charge 6
2024-12-23T22:36:52Z,107.0,Charge 6
2024-12-23T22:36:54Z,108.0,Charge 6
2024-12-23T22:36:57Z,108.0,Charge 6
2024-12-23T22:37:00Z,108.0,Charge 6
2024-12-23T22:37:03Z,108.0,Charge 6
2024-12-23T22:37:04Z,110.0,Charge 6
2024-12-23T22:37:07Z,107.0,Charge 6
2024-12-23T22:37:09Z,104.0,Charge 6
2024-12-23T22:37:11Z,103.0,Charge 6
2024-12-23T22:37:13Z,102.0,Charge 6
2024-12-23T22:37:15Z,103.0,Charge 6
2024-12-23T22:37:17Z,105.0,Charge 6
2024-12-23T22:37:19Z,106.0,Charge 6
2024-12-23T22:37:21Z,104.0,Charge 6
2024-12-23T22:37:23Z,103.0,Charge 6
2024-12-23T22:37:25Z,100.0,Charge 6
2024-12-23T22:37:27Z,98.0,Charge 6
2024-12-23T22:37:29Z,97.0,Charge 6
2024-12-23T22:37:30Z,97.0,Charge 6
2024-12-23T22:37:32Z,98.0,Charge 6
2024-12-23T22:37:35Z,98.0,Charge 6
2024-12-23T22:37:38Z,98.0,Charge 6
2024-12-23T22:37:40Z,97.0,Charge 6
2024-12-23T22:37:43Z,97.0,Charge 6
2024-12-23T22:37:44Z,98.0,Charge 6
2024-12-23T22:37:47Z,98.0,Charge 6
2024-12-23T22:37:48Z,99.0,Charge 6
2024-12-23T22:37:50Z,101.0,Charge 6
2024-12-23T22:37:53Z,100.0,Charge 6
2024-12-23T22:37:55Z,101.0,Charge 6
2024-12-23T22:37:57Z,102.0,Charge 6
2024-12-23T22:38:00Z,102.0,Charge 6
2024-12-23T22:38:03Z,103.0,Charge 6
2024-12-23T22:38:05Z,104.0,Charge 6
2024-12-23T22:38:08Z,104.0,Charge 6
2024-12-23T22:38:11Z,106.0,Charge 6
2024-12-23T22:38:14Z,106.0,Charge 6
2024-12-23T22:38:17Z,105.0,Charge 6
2024-12-23T22:38:18Z,104.0,Charge 6
2024-12-23T22:38:20Z,102.0,Charge 6
2024-12-23T22:38:23Z,102.0,Charge 6
2024-12-23T22:38:24Z,101.0,Charge 6
2024-12-23T22:38:26Z,100.0,Charge 6
2024-12-23T22:38:28Z,99.0,Charge 6
2024-12-23T22:38:30Z,100.0,Charge 6
2024-12-23T22:38:32Z,99.0,Charge 6
2024-12-23T22:38:35Z,99.0,Charge 6
2024-12-23T22:38:36Z,96.0,Charge 6
2024-12-23T22:38:38Z,91.0,Charge 6
2024-12-23T22:38:40Z,90.0,Charge 6
2024-12-23T22:38:43Z,88.0,Charge 6
2024-12-23T22:38:45Z,86.0,Charge 6
2024-12-23T22:38:47Z,82.0,Charge 6
2024-12-23T22:38:49Z,79.0,Charge 6
2024-12-23T22:38:51Z,80.0,Charge 6
2024-12-23T22:38:53Z,81.0,Charge 6
2024-12-23T22:38:55Z,82.0,Charge 6
2024-12-23T22:38:58Z,82.0,Charge 6
2024-12-23T22:39:01Z,82.0,Charge 6
2024-12-23T22:39:03Z,83.0,Charge 6
2024-12-23T22:39:06Z,83.0,Charge 6
2024-12-23T22:39:08Z,84.0,Charge 6
2024-12-23T22:39:11Z,84.0,Charge 6
2024-12-23T22:39:14Z,83.0,Charge 6
2024-12-23T22:39:17Z,83.0,Charge 6
2024-12-23T22:39:20Z,83.0,Charge 6
2024-12-23T22:39:23Z,83.0,Charge 6
2024-12-23T22:39:26Z,83.0,Charge 6
2024-12-23T22:39:29Z,83.0,Charge 6
2024-12-23T22:39:32Z,83.0,Charge 6
2024-12-23T22:39:33Z,84.0,Charge 6
2024-12-23T22:39:36Z,84.0,Charge 6
2024-12-23T22:39:37Z,85.0,Charge 6
2024-12-23T22:39:40Z,85.0,Charge 6
2024-12-23T22:39:41Z,84.0,Charge 6
2024-12-23T22:39:44Z,84.0,Charge 6
2024-12-23T22:39:47Z,84.0,Charge 6
2024-12-23T22:39:49Z,83.0,Charge 6
2024-12-23T22:39:52Z,83.0,Charge 6
2024-12-23T22:39:53Z,83.0,Charge 6
2024-12-23T22:39:54Z,82.0,Charge 6
2024-12-23T22:39:56Z,84.0,Charge 6
2024-12-23T22:39:59Z,84.0,Charge 6
2024-12-23T22:40:00Z,85.0,Charge 6
2024-12-23T22:40:02Z,86.0,Charge 6
2024-12-23T22:40:05Z,86.0,Charge 6
2024-12-23T22:40:06Z,84.0,Charge 6
2024-12-23T22:40:09Z,84.0,Charge 6
2024-12-23T22:40:10Z,82.0,Charge 6
2024-12-23T22:40:13Z,82.0,Charge 6
2024-12-23T22:40:14Z,83.0,Charge 6
2024-12-23T22:40:16Z,84.0,Charge 6
2024-12-23T22:40:17Z,83.0,Charge 6
2024-12-23T22:40:19Z,82.0,Charge 6
2024-12-23T22:40:21Z,80.0,Charge 6
2024-12-23T22:40:23Z,80.0,Charge 6
2024-12-23T22:40:26Z,80.0,Charge 6
2024-12-23T22:40:29Z,80.0,Charge 6
2024-12-23T22:40:32Z,80.0,Charge 6
2024-12-23T22:40:33Z,80.0,Charge 6
2024-12-23T22:40:36Z,80.0,Charge 6
2024-12-23T22:40:39Z,80.0,Charge 6
2024-12-23T22:40:42Z,80.0,Charge 6
2024-12-23T22:40:45Z,80.0,Charge 6
2024-12-23T22:40:48Z,79.0,Charge 6
2024-12-23T22:40:50Z,78.0,Charge 6
2024-12-23T22:40:52Z,79.0,Charge 6
2024-12-23T22:40:54Z,80.0,Charge 6
2024-12-23T22:40:57Z,80.0,Charge 6
2024-12-23T22:41:00Z,80.0,Charge 6
2024-12-23T22:41:02Z,80.0,Charge 6
2024-12-23T22:41:05Z,82.0,Charge 6
2024-12-23T22:41:08Z,82.0,Charge 6
2024-12-23T22:41:09Z,84.0,Charge 6
2024-12-23T22:41:12Z,84.0,Charge 6
2024-12-23T22:41:15Z,84.0,Charge 6
2024-12-23T22:41:17Z,82.0,Charge 6
2024-12-23T22:41:20Z,82.0,Charge 6
2024-12-23T22:41:21Z,80.0,Charge 6
2024-12-23T22:41:24Z,80.0,Charge 6
2024-12-23T22:41:25Z,78.0,Charge 6
2024-12-23T22:41:27Z,79.0,Charge 6
2024-12-23T22:41:28Z,80.0,Charge 6
2024-12-23T22:41:31Z,80.0,Charge 6
2024-12-23T22:41:34Z,79.0,Charge 6
2024-12-23T22:41:37Z,79.0,Charge 6
2024-12-23T22:41:38Z,80.0,Charge 6
2024-12-23T22:41:40Z,82.0,Charge 6
2024-12-23T22:41:43Z,82.0,Charge 6
2024-12-23T22:41:46Z,82.0,Charge 6
2024-12-23T22:41:49Z,82.0,Charge 6
2024-12-23T22:41:52Z,82.0,Charge 6
2024-12-23T22:41:55Z,82.0,Charge 6
2024-12-23T22:41:57Z,83.0,Charge 6
2024-12-23T22:41:59Z,84.0,Charge 6
2024-12-23T22:42:01Z,83.0,Charge 6
2024-12-23T22:42:03Z,82.0,Charge 6
2024-12-23T22:42:06Z,82.0,Charge 6
2024-12-23T22:42:07Z,82.0,Charge 6
2024-12-23T22:42:10Z,82.0,Charge 6
2024-12-23T22:42:13Z,82.0,Charge 6
2024-12-23T22:42:15Z,80.0,Charge 6
2024-12-23T22:42:16Z,79.0,Charge 6
2024-12-23T22:42:18Z,78.0,Charge 6
2024-12-23T22:42:21Z,78.0,Charge 6
2024-12-23T22:42:22Z,79.0,Charge 6
2024-12-23T22:42:24Z,78.0,Charge 6
2024-12-23T22:42:26Z,78.0,Charge 6
2024-12-23T22:42:28Z,79.0,Charge 6
2024-12-23T22:42:30Z,80.0,Charge 6
2024-12-23T22:42:32Z,80.0,Charge 6
2024-12-23T22:42:35Z,80.0,Charge 6
2024-12-23T22:42:38Z,81.0,Charge 6
2024-12-23T22:42:40Z,82.0,Charge 6
2024-12-23T22:42:43Z,81.0,Charge 6
2024-12-23T22:42:46Z,81.0,Charge 6
2024-12-23T22:42:47Z,80.0,Charge 6
2024-12-23T22:42:49Z,79.0,Charge 6
2024-12-23T22:42:51Z,78.0,Charge 6
2024-12-23T22:42:53Z,78.0,Charge 6
2024-12-23T22:42:56Z,78.0,Charge 6
2024-12-23T22:42:59Z,78.0,Charge 6
2024-12-23T22:43:02Z,78.0,Charge 6
2024-12-23T22:43:03Z,77.0,Charge 6
2024-12-23T22:43:06Z,77.0,Charge 6
2024-12-23T22:43:09Z,77.0,Charge 6
2024-12-23T22:43:12Z,77.0,Charge 6
2024-12-23T22:43:14Z,78.0,Charge 6
2024-12-23T22:43:17Z,78.0,Charge 6
2024-12-23T22:43:20Z,79.0,Charge 6
2024-12-23T22:43:22Z,80.0,Charge 6
2024-12-23T22:43:25Z,80.0,Charge 6
2024-12-23T22:43:28Z,80.0,Charge 6
2024-12-23T22:43:29Z,79.0,Charge 6
2024-12-23T22:43:31Z,78.0,Charge 6
2024-12-23T22:43:34Z,78.0,Charge 6
2024-12-23T22:43:37Z,78.0,Charge 6
2024-12-23T22:43:40Z,78.0,Charge 6
2024-12-23T22:43:43Z,77.0,Charge 6
2024-12-23T22:43:46Z,77.0,Charge 6
2024-12-23T22:43:47Z,77.0,Charge 6
2024-12-23T22:43:49Z,78.0,Charge 6
2024-12-23T22:43:52Z,78.0,Charge 6
2024-12-23T22:43:55Z,78.0,Charge 6
2024-12-23T22:43:58Z,78.0,Charge 6
2024-12-23T22:44:01Z,78.0,Charge 6
2024-12-23T22:44:04Z,78.0,Charge 6
2024-12-23T22:44:07Z,78.0,Charge 6
2024-12-23T22:44:10Z,78.0,Charge 6
2024-12-23T22:44:13Z,78.0,Charge 6
2024-12-23T22:44:16Z,78.0,Charge 6
2024-12-23T22:44:19Z,78.0,Charge 6
2024-12-23T22:44:21Z,79.0,Charge 6
2024-12-23T22:44:23Z,80.0,Charge 6
2024-12-23T22:44:26Z,80.0,Charge 6
2024-12-23T22:44:27Z,80.0,Charge 6
2024-12-23T22:44:30Z,80.0,Charge 6
2024-12-23T22:44:31Z,81.0,Charge 6
2024-12-23T22:44:33Z,82.0,Charge 6
2024-12-23T22:44:35Z,81.0,Charge 6
2024-12-23T22:44:37Z,80.0,Charge 6
2024-12-23T22:44:40Z,80.0,Charge 6
2024-12-23T22:44:42Z,80.0,Charge 6
2024-12-23T22:44:44Z,80.0,Charge 6
2024-12-23T22:44:46Z,79.0,Charge 6
2024-12-23T22:44:48Z,80.0,Charge 6
2024-12-23T22:44:51Z,80.0,Charge 6
2024-12-23T22:44:52Z,80.0,Charge 6
2024-12-23T22:44:54Z,81.0,Charge 6
2024-12-23T22:44:56Z,81.0,Charge 6
2024-12-23T22:44:58Z,80.0,Charge 6
2024-12-23T22:45:01Z,80.0,Charge 6
2024-12-23T22:45:02Z,81.0,Charge 6
2024-12-23T22:45:05Z,82.0,Charge 6
2024-12-23T22:45:07Z,80.0,Charge 6
2024-12-23T22:45:09Z,80.0,Charge 6
2024-12-23T22:45:11Z,79.0,Charge 6
2024-12-23T22:45:13Z,78.0,Charge 6
2024-12-23T22:45:15Z,79.0,Charge 6
2024-12-23T22:45:18Z,79.0,Charge 6
2024-12-23T22:45:19Z,78.0,Charge 6
2024-12-23T22:45:22Z,78.0,Charge 6
2024-12-23T22:45:23Z,78.0,Charge 6
2024-12-23T22:45:26Z,78.0,Charge 6
2024-12-23T22:45:27Z,77.0,Charge 6
2024-12-23T22:45:28Z,76.0,Charge 6
2024-12-23T22:45:31Z,76.0,Charge 6
2024-12-23T22:45:34Z,76.0,Charge 6
2024-12-23T22:45:36Z,76.0,Charge 6
2024-12-23T22:45:39Z,76.0,Charge 6
2024-12-23T22:45:40Z,77.0,Charge 6
2024-12-23T22:45:42Z,77.0,Charge 6
2024-12-23T22:45:44Z,78.0,Charge 6
2024-12-23T22:45:47Z,78.0,Charge 6
2024-12-23T22:45:48Z,78.0,Charge 6
2024-12-23T22:45:50Z,79.0,Charge 6
2024-12-23T22:45:52Z,80.0,Charge 6
2024-12-23T22:45:55Z,80.0,Charge 6
2024-12-23T22:45:58Z,80.0,Charge 6
2024-12-23T22:46:01Z,80.0,Charge 6
2024-12-23T22:46:04Z,80.0,Charge 6
2024-12-23T22:46:07Z,80.0,Charge 6
2024-12-23T22:46:09Z,79.0,Charge 6
2024-12-23T22:46:11Z,78.0,Charge 6
2024-12-23T22:46:13Z,79.0,Charge 6
2024-12-23T22:46:15Z,78.0,Charge 6
2024-12-23T22:46:16Z,78.0,Charge 6
2024-12-23T22:46:19Z,78.0,Charge 6
2024-12-23T22:46:20Z,79.0,Charge 6
2024-12-23T22:46:22Z,80.0,Charge 6
2024-12-23T22:46:25Z,80.0,Charge 6
2024-12-23T22:46:28Z,81.0,Charge 6
2024-12-23T22:46:31Z,81.0,Charge 6
2024-12-23T22:46:34Z,81.0,Charge 6
2024-12-23T22:46:36Z,80.0,Charge 6
2024-12-23T22:46:39Z,80.0,Charge 6
2024-12-23T22:46:40Z,79.0,Charge 6
2024-12-23T22:46:41Z,78.0,Charge 6
2024-12-23T22:46:44Z,78.0,Charge 6
2024-12-23T22:46:45Z,79.0,Charge 6
2024-12-23T22:46:47Z,80.0,Charge 6
2024-12-23T22:46:49Z,80.0,Charge 6
2024-12-23T22:46:51Z,82.0,Charge 6
2024-12-23T22:46:53Z,84.0,Charge 6
2024-12-23T22:46:56Z,84.0,Charge 6
2024-12-23T22:46:59Z,83.0,Charge 6
2024-12-23T22:47:01Z,82.0,Charge 6
2024-12-23T22:47:04Z,82.0,Charge 6
2024-12-23T22:47:07Z,82.0,Charge 6
2024-12-23T22:47:10Z,81.0,Charge 6
2024-12-23T22:47:13Z,81.0,Charge 6
2024-12-23T22:47:14Z,80.0,Charge 6
2024-12-23T22:47:16Z,80.0,Charge 6
2024-12-23T22:47:18Z,78.0,Charge 6
2024-12-23T22:47:20Z,78.0,Charge 6
2024-12-23T22:47:22Z,78.0,Charge 6
2024-12-23T22:47:24Z,80.0,Charge 6
2024-12-23T22:47:27Z,80.0,Charge 6
2024-12-23T22:47:28Z,80.0,Charge 6
2024-12-23T22:47:29Z,79.0,Charge 6
2024-12-23T22:47:31Z,78.0,Charge 6
2024-12-23T22:47:34Z,78.0,Charge 6
2024-12-23T22:47:35Z,78.0,Charge 6
2024-12-23T22:47:37Z,77.0,Charge 6
2024-12-23T22:47:39Z,76.0,Charge 6
2024-12-23T22:47:42Z,76.0,Charge 6
2024-12-23T22:47:45Z,76.0,Charge 6
2024-12-23T22:47:48Z,76.0,Charge 6
2024-12-23T22:47:49Z,76.0,Charge 6
2024-12-23T22:47:52Z,76.0,Charge 6
2024-12-23T22:47:55Z,76.0,Charge 6
2024-12-23T22:47:56Z,77.0,Charge 6
2024-12-23T22:47:58Z,78.0,Charge 6
2024-12-23T22:48:00Z,78.0,Charge 6
2024-12-23T22:48:03Z,78.0,Charge 6
2024-12-23T22:48:06Z,80.0,Charge 6
2024-12-23T22:48:09Z,80.0,Charge 6
2024-12-23T22:48:12Z,80.0,Charge 6
2024-12-23T22:48:15Z,80.0,Charge 6
2024-12-23T22:48:17Z,80.0,Charge 6
2024-12-23T22:48:20Z,80.0,Charge 6
2024-12-23T22:48:21Z,80.0,Charge 6
2024-12-23T22:48:24Z,80.0,Charge 6
2024-12-23T22:48:27Z,79.0,Charge 6
2024-12-23T22:48:29Z,78.0,Charge 6
2024-12-23T22:48:32Z,78.0,Charge 6
2024-12-23T22:48:33Z,77.0,Charge 6
2024-12-23T22:48:36Z,77.0,Charge 6
2024-12-23T22:48:37Z,78.0,Charge 6
2024-12-23T22:48:40Z,78.0,Charge 6
2024-12-23T22:48:42Z,79.0,Charge 6
2024-12-23T22:48:44Z,78.0,Charge 6
2024-12-23T22:48:47Z,78.0,Charge 6
2024-12-23T22:48:48Z,77.0,Charge 6
2024-12-23T22:48:50Z,76.0,Charge 6
2024-12-23T22:48:52Z,76.0,Charge 6
2024-12-23T22:48:55Z,76.0,Charge 6
2024-12-23T22:48:56Z,74.0,Charge 6
2024-12-23T22:48:59Z,74.0,Charge 6
2024-12-23T22:49:02Z,74.0,Charge 6
2024-12-23T22:49:04Z,75.0,Charge 6
2024-12-23T22:49:05Z,76.0,Charge 6
2024-12-23T22:49:07Z,76.0,Charge 6
2024-12-23T22:49:09Z,76.0,Charge 6
2024-12-23T22:49:12Z,76.0,Charge 6
2024-12-23T22:49:13Z,76.0,Charge 6
2024-12-23T22:49:15Z,76.0,Charge 6
2024-12-23T22:49:17Z,77.0,Charge 6
2024-12-23T22:49:19Z,78.0,Charge 6
2024-12-23T22:49:21Z,78.0,Charge 6
2024-12-23T22:49:23Z,77.0,Charge 6
2024-12-23T22:49:25Z,76.0,Charge 6
2024-12-23T22:49:27Z,77.0,Charge 6
2024-12-23T22:49:28Z,78.0,Charge 6
2024-12-23T22:49:31Z,78.0,Charge 6
2024-12-23T22:49:34Z,76.0,Charge 6
2024-12-23T22:49:37Z,76.0,Charge 6
2024-12-23T22:49:38Z,76.0,Charge 6
2024-12-23T22:49:40Z,75.0,Charge 6
2024-12-23T22:49:43Z,75.0,Charge 6
2024-12-23T22:49:44Z,74.0,Charge 6
2024-12-23T22:49:47Z,74.0,Charge 6
2024-12-23T22:49:48Z,74.0,Charge 6
2024-12-23T22:49:51Z,74.0,Charge 6
2024-12-23T22:49:53Z,73.0,Charge 6
2024-12-23T22:49:55Z,72.0,Charge 6
2024-12-23T22:49:57Z,73.0,Charge 6
2024-12-23T22:50:00Z,73.0,Charge 6
2024-12-23T22:50:01Z,74.0,Charge 6
2024-12-23T22:50:04Z,74.0,Charge 6
2024-12-23T22:50:07Z,74.0,Charge 6
2024-12-23T22:50:10Z,74.0,Charge 6
2024-12-23T22:50:11Z,73.0,Charge 6
2024-12-23T22:50:14Z,73.0,Charge 6
2024-12-23T22:50:17Z,73.0,Charge 6
2024-12-23T22:50:18Z,74.0,Charge 6
2024-12-23T22:50:21Z,74.0,Charge 6
2024-12-23T22:50:24Z,74.0,Charge 6
2024-12-23T22:50:26Z,76.0,Charge 6
2024-12-23T22:50:28Z,77.0,Charge 6
2024-12-23T22:50:30Z,78.0,Charge 6
2024-12-23T22:50:33Z,78.0,Charge 6
2024-12-23T22:50:36Z,78.0,Charge 6
2024-12-23T22:50:39Z,78.0,Charge 6
2024-12-23T22:50:41Z,76.0,Charge 6
2024-12-23T22:50:44Z,76.0,Charge 6
2024-12-23T22:50:45Z,76.0,Charge 6
2024-12-23T22:50:47Z,76.0,Charge 6
2024-12-23T22:50:50Z,76.0,Charge 6
2024-12-23T22:50:51Z,78.0,Charge 6
2024-12-23T22:50:53Z,80.0,Charge 6
2024-12-23T22:50:55Z,81.0,Charge 6
2024-12-23T22:50:57Z,82.0,Charge 6
2024-12-23T22:50:59Z,83.0,Charge 6
2024-12-23T22:51:01Z,82.0,Charge 6
2024-12-23T22:51:03Z,80.0,Charge 6
2024-12-23T22:51:04Z,79.0,Charge 6
2024-12-23T22:51:06Z,78.0,Charge 6
2024-12-23T22:51:08Z,77.0,Charge 6
2024-12-23T22:51:11Z,77.0,Charge 6
2024-12-23T22:51:14Z,79.0,Charge 6
2024-12-23T22:51:16Z,81.0,Charge 6
2024-12-23T22:51:18Z,83.0,Charge 6
2024-12-23T22:51:20Z,87.0,Charge 6
2024-12-23T22:51:22Z,92.0,Charge 6
2024-12-23T22:51:24Z,96.0,Charge 6
2024-12-23T22:51:26Z,101.0,Charge 6
2024-12-23T22:51:28Z,104.0,Charge 6
2024-12-23T22:51:29Z,105.0,Charge 6
2024-12-23T22:51:31Z,104.0,Charge 6
2024-12-23T22:51:33Z,97.0,Charge 6
2024-12-23T22:51:35Z,81.0,Charge 6
2024-12-23T22:51:37Z,83.0,Charge 6
2024-12-23T22:51:39Z,85.0,Charge 6
2024-12-23T22:51:41Z,89.0,Charge 6
2024-12-23T22:51:43Z,91.0,Charge 6
2024-12-23T22:51:45Z,92.0,Charge 6
2024-12-23T22:51:47Z,94.0,Charge 6
2024-12-23T22:51:49Z,96.0,Charge 6
2024-12-23T22:51:51Z,97.0,Charge 6
2024-12-23T22:51:54Z,98.0,Charge 6
2024-12-23T22:51:56Z,99.0,Charge 6
2024-12-23T22:51:59Z,99.0,Charge 6
2024-12-23T22:52:00Z,98.0,Charge 6
2024-12-23T22:52:03Z,98.0,Charge 6
2024-12-23T22:52:06Z,97.0,Charge 6
2024-12-23T22:52:08Z,96.0,Charge 6
2024-12-23T22:52:10Z,94.0,Charge 6
2024-12-23T22:52:12Z,92.0,Charge 6
2024-12-23T22:52:14Z,90.0,Charge 6
2024-12-23T22:52:16Z,89.0,Charge 6
2024-12-23T22:52:17Z,88.0,Charge 6
2024-12-23T22:52:19Z,86.0,Charge 6
2024-12-23T22:52:22Z,86.0,Charge 6
2024-12-23T22:52:23Z,87.0,Charge 6
2024-12-23T22:52:25Z,88.0,Charge 6
2024-12-23T22:52:27Z,88.0,Charge 6
2024-12-23T22:52:29Z,87.0,Charge 6
2024-12-23T22:52:31Z,86.0,Charge 6
2024-12-23T22:52:34Z,86.0,Charge 6
2024-12-23T22:52:35Z,85.0,Charge 6
2024-12-23T22:52:37Z,84.0,Charge 6
2024-12-23T22:52:39Z,84.0,Charge 6
2024-12-23T22:52:42Z,84.0,Charge 6
2024-12-23T22:52:44Z,83.0,Charge 6
2024-12-23T22:52:46Z,82.0,Charge 6
2024-12-23T22:52:48Z,80.0,Charge 6
2024-12-23T22:52:51Z,80.0,Charge 6
2024-12-23T22:52:54Z,81.0,Charge 6
2024-12-23T22:52:57Z,81.0,Charge 6
2024-12-23T22:53:00Z,81.0,Charge 6
2024-12-23T22:53:03Z,81.0,Charge 6
2024-12-23T22:53:04Z,82.0,Charge 6
2024-12-23T22:53:05Z,82.0,Charge 6
2024-12-23T22:53:08Z,82.0,Charge 6
2024-12-23T22:53:09Z,80.0,Charge 6
2024-12-23T22:53:12Z,80.0,Charge 6
2024-12-23T22:53:15Z,81.0,Charge 6
2024-12-23T22:53:17Z,82.0,Charge 6
2024-12-23T22:53:19Z,83.0,Charge 6
2024-12-23T22:53:21Z,84.0,Charge 6
2024-12-23T22:53:24Z,84.0,Charge 6
2024-12-23T22:53:27Z,82.0,Charge 6
2024-12-23T22:53:28Z,80.0,Charge 6
2024-12-23T22:53:30Z,79.0,Charge 6
2024-12-23T22:53:32Z,78.0,Charge 6
2024-12-23T22:53:35Z,78.0,Charge 6
2024-12-23T22:53:38Z,78.0,Charge 6
2024-12-23T22:53:41Z,78.0,Charge 6
2024-12-23T22:53:42Z,78.0,Charge 6
2024-12-23T22:53:44Z,79.0,Charge 6
2024-12-23T22:53:46Z,80.0,Charge 6
2024-12-23T22:53:49Z,80.0,Charge 6
2024-12-23T22:53:50Z,80.0,Charge 6
2024-12-23T22:53:52Z,81.0,Charge 6
2024-12-23T22:53:53Z,81.0,Charge 6
2024-12-23T22:53:55Z,80.0,Charge 6
2024-12-23T22:53:57Z,81.0,Charge 6
2024-12-23T22:53:59Z,82.0,Charge 6
2024-12-23T22:54:02Z,82.0,Charge 6
2024-12-23T22:54:03Z,81.0,Charge 6
2024-12-23T22:54:06Z,81.0,Charge 6
2024-12-23T22:54:07Z,82.0,Charge 6
2024-12-23T22:54:10Z,82.0,Charge 6
2024-12-23T22:54:13Z,82.0,Charge 6
2024-12-23T22:54:16Z,82.0,Charge 6
2024-12-23T22:54:19Z,82.0,Charge 6
2024-12-23T22:54:20Z,81.0,Charge 6
2024-12-23T22:54:22Z,80.0,Charge 6
2024-12-23T22:54:24Z,80.0,Charge 6
2024-12-23T22:54:26Z,79.0,Charge 6
2024-12-23T22:54:28Z,78.0,Charge 6
2024-12-23T22:54:31Z,78.0,Charge 6
2024-12-23T22:54:34Z,77.0,Charge 6
2024-12-23T22:54:36Z,76.0,Charge 6
2024-12-23T22:54:38Z,76.0,Charge 6
2024-12-23T22:54:40Z,76.0,Charge 6
2024-12-23T22:54:43Z,76.0,Charge 6
2024-12-23T22:54:46Z,76.0,Charge 6
2024-12-23T22:54:49Z,77.0,Charge 6
2024-12-23T22:54:51Z,76.0,Charge 6
2024-12-23T22:54:54Z,76.0,Charge 6
2024-12-23T22:54:55Z,77.0,Charge 6
2024-12-23T22:54:57Z,78.0,Charge 6
2024-12-23T22:54:59Z,78.0,Charge 6
2024-12-23T22:55:02Z,78.0,Charge 6
2024-12-23T22:55:05Z,78.0,Charge 6
2024-12-23T22:55:08Z,78.0,Charge 6
2024-12-23T22:55:11Z,78.0,Charge 6
2024-12-23T22:55:12Z,77.0,Charge 6
2024-12-23T22:55:14Z,77.0,Charge 6
2024-12-23T22:55:15Z,77.0,Charge 6
2024-12-23T22:55:17Z,76.0,Charge 6
2024-12-23T22:55:20Z,76.0,Charge 6
2024-12-23T22:55:23Z,76.0,Charge 6
2024-12-23T22:55:26Z,76.0,Charge 6
2024-12-23T22:55:27Z,75.0,Charge 6
2024-12-23T22:55:29Z,74.0,Charge 6
2024-12-23T22:55:32Z,74.0,Charge 6
2024-12-23T22:55:33Z,75.0,Charge 6
2024-12-23T22:55:36Z,75.0,Charge 6
2024-12-23T22:55:38Z,75.0,Charge 6
2024-12-23T22:55:40Z,76.0,Charge 6
2024-12-23T22:55:42Z,78.0,Charge 6
2024-12-23T22:55:44Z,80.0,Charge 6
2024-12-23T22:55:46Z,82.0,Charge 6
2024-12-23T22:55:49Z,82.0,Charge 6
2024-12-23T22:55:50Z,80.0,Charge 6
2024-12-23T22:55:52Z,79.0,Charge 6
2024-12-23T22:55:55Z,79.0,Charge 6
2024-12-23T22:55:56Z,80.0,Charge 6
2024-12-23T22:55:59Z,80.0,Charge 6
2024-12-23T22:56:00Z,82.0,Charge 6
2024-12-23T22:56:02Z,83.0,Charge 6
2024-12-23T22:56:03Z,84.0,Charge 6
2024-12-23T22:56:05Z,84.0,Charge 6
2024-12-23T22:56:07Z,83.0,Charge 6
2024-12-23T22:56:09Z,82.0,Charge 6
2024-12-23T22:56:11Z,80.0,Charge 6
2024-12-23T22:56:14Z,80.0,Charge 6
2024-12-23T22:56:15Z,79.0,Charge 6
2024-12-23T22:56:17Z,78.0,Charge 6
2024-12-23T22:56:20Z,78.0,Charge 6
2024-12-23T22:56:23Z,79.0,Charge 6
2024-12-23T22:56:25Z,80.0,Charge 6
2024-12-23T22:56:26Z,79.0,Charge 6
2024-12-23T22:56:28Z,78.0,Charge 6
2024-12-23T22:56:31Z,78.0,Charge 6
2024-12-23T22:56:32Z,79.0,Charge 6
2024-12-23T22:56:34Z,80.0,Charge 6
2024-12-23T22:56:36Z,80.0,Charge 6
2024-12-23T22:56:38Z,80.0,Charge 6
2024-12-23T22:56:41Z,80.0,Charge 6
2024-12-23T22:56:42Z,80.0,Charge 6
2024-12-23T22:56:45Z,80.0,Charge 6
2024-12-23T22:56:48Z,80.0,Charge 6
2024-12-23T22:56:51Z,80.0,Charge 6
2024-12-23T22:56:54Z,80.0,Charge 6
2024-12-23T22:56:55Z,80.0,Charge 6
2024-12-23T22:56:58Z,80.0,Charge 6
2024-12-23T22:56:59Z,81.0,Charge 6
2024-12-23T22:57:02Z,81.0,Charge 6
2024-12-23T22:57:05Z,81.0,Charge 6
2024-12-23T22:57:07Z,82.0,Charge 6
2024-12-23T22:57:10Z,82.0,Charge 6
2024-12-23T22:57:13Z,82.0,Charge 6
2024-12-23T22:57:14Z,84.0,Charge 6
2024-12-23T22:57:17Z,84.0,Charge 6
2024-12-23T22:57:20Z,82.0,Charge 6
2024-12-23T22:57:22Z,81.0,Charge 6
2024-12-23T22:57:24Z,80.0,Charge 6
2024-12-23T22:57:27Z,80.0,Charge 6
2024-12-23T22:57:28Z,79.0,Charge 6
2024-12-23T22:57:30Z,79.0,Charge 6
2024-12-23T22:57:33Z,79.0,Charge 6
2024-12-23T22:57:34Z,78.0,Charge 6
2024-12-23T22:57:37Z,78.0,Charge 6
2024-12-23T22:57:38Z,78.0,Charge 6
2024-12-23T22:57:41Z,78.0,Charge 6
2024-12-23T22:57:44Z,78.0,Charge 6
2024-12-23T22:57:47Z,78.0,Charge 6
2024-12-23T22:57:49Z,79.0,Charge 6
2024-12-23T22:57:51Z,80.0,Charge 6
2024-12-23T22:57:53Z,80.0,Charge 6
2024-12-23T22:57:56Z,80.0,Charge 6
2024-12-23T22:57:59Z,80.0,Charge 6
2024-12-23T22:58:02Z,80.0,Charge 6
2024-12-23T22:58:05Z,80.0,Charge 6
2024-12-23T22:58:08Z,80.0,Charge 6
2024-12-23T22:58:11Z,80.0,Charge 6
2024-12-23T22:58:14Z,81.0,Charge 6
2024-12-23T22:58:16Z,82.0,Charge 6
2024-12-23T22:58:19Z,82.0,Charge 6
2024-12-23T22:58:20Z,83.0,Charge 6
2024-12-23T22:58:22Z,85.0,Charge 6
2024-12-23T22:58:24Z,87.0,Charge 6
2024-12-23T22:58:26Z,89.0,Charge 6
2024-12-23T22:58:27Z,90.0,Charge 6
2024-12-23T22:58:29Z,93.0,Charge 6
2024-12-23T22:58:31Z,95.0,Charge 6
2024-12-23T22:58:33Z,96.0,Charge 6
2024-12-23T22:58:35Z,97.0,Charge 6
2024-12-23T22:58:37Z,98.0,Charge 6
2024-12-23T22:58:39Z,98.0,Charge 6
2024-12-23T22:58:41Z,97.0,Charge 6
2024-12-23T22:58:43Z,95.0,Charge 6
2024-12-23T22:58:45Z,93.0,Charge 6
2024-12-23T22:58:47Z,92.0,Charge 6
2024-12-23T22:58:49Z,92.0,Charge 6
2024-12-23T22:58:52Z,92.0,Charge 6
2024-12-23T22:58:55Z,92.0,Charge 6
2024-12-23T22:58:58Z,92.0,Charge 6
2024-12-23T22:59:00Z,90.0,Charge 6
2024-12-23T22:59:03Z,90.0,Charge 6
2024-12-23T22:59:06Z,91.0,Charge 6
2024-12-23T22:59:08Z,92.0,Charge 6
2024-12-23T22:59:10Z,94.0,Charge 6
2024-12-23T22:59:12Z,96.0,Charge 6
2024-12-23T22:59:15Z,96.0,Charge 6
2024-12-23T22:59:17Z,95.0,Charge 6
2024-12-23T22:59:19Z,96.0,Charge 6
2024-12-23T22:59:21Z,97.0,Charge 6
2024-12-23T22:59:24Z,97.0,Charge 6
2024-12-23T22:59:25Z,95.0,Charge 6
2024-12-23T22:59:27Z,92.0,Charge 6
2024-12-23T22:59:29Z,91.0,Charge 6
2024-12-23T22:59:31Z,92.0,Charge 6
2024-12-23T22:59:34Z,92.0,Charge 6
2024-12-23T22:59:35Z,93.0,Charge 6
2024-12-23T22:59:38Z,93.0,Charge 6
2024-12-23T22:59:41Z,93.0,Charge 6
2024-12-23T22:59:42Z,92.0,Charge 6
2024-12-23T22:59:45Z,92.0,Charge 6
2024-12-23T22:59:48Z,92.0,Charge 6
2024-12-23T22:59:50Z,93.0,Charge 6
2024-12-23T22:59:52Z,94.0,Charge 6
2024-12-23T22:59:54Z,96.0,Charge 6
2024-12-23T22:59:57Z,96.0,Charge 6
2024-12-23T22:59:58Z,97.0,Charge 6
2024-12-23T23:00:00Z,95.0,Charge 6
2024-12-23T23:00:02Z,92.0,Charge 6
2024-12-23T23:00:03Z,94.0,Charge 6
2024-12-23T23:00:05Z,93.0,Charge 6
2024-12-23T23:00:07Z,88.0,Charge 6
2024-12-23T23:00:09Z,84.0,Charge 6
2024-12-23T23:00:11Z,82.0,Charge 6
2024-12-23T23:00:13Z,79.0,Charge 6
2024-12-23T23:00:15Z,78.0,Charge 6
2024-12-23T23:00:17Z,77.0,Charge 6
2024-12-23T23:00:20Z,77.0,Charge 6
2024-12-23T23:00:23Z,78.0,Charge 6
2024-12-23T23:00:25Z,79.0,Charge 6
2024-12-23T23:00:26Z,80.0,Charge 6
2024-12-23T23:00:29Z,80.0,Charge 6
2024-12-23T23:00:32Z,80.0,Charge 6
2024-12-23T23:00:35Z,80.0,Charge 6
2024-12-23T23:00:38Z,80.0,Charge 6
2024-12-23T23:00:41Z,80.0,Charge 6
2024-12-23T23:00:42Z,78.0,Charge 6
2024-12-23T23:00:45Z,78.0,Charge 6
2024-12-23T23:00:48Z,78.0,Charge 6
2024-12-23T23:00:50Z,77.0,Charge 6
2024-12-23T23:00:51Z,78.0,Charge 6
2024-12-23T23:00:54Z,78.0,Charge 6
2024-12-23T23:00:57Z,78.0,Charge 6
2024-12-23T23:01:00Z,78.0,Charge 6
2024-12-23T23:01:03Z,78.0,Charge 6
2024-12-23T23:01:06Z,78.0,Charge 6
2024-12-23T23:01:09Z,78.0,Charge 6
2024-12-23T23:01:12Z,78.0,Charge 6
2024-12-23T23:01:13Z,79.0,Charge 6
2024-12-23T23:01:16Z,79.0,Charge 6
2024-12-23T23:01:19Z,79.0,Charge 6
2024-12-23T23:01:22Z,78.0,Charge 6
2024-12-23T23:01:25Z,78.0,Charge 6
2024-12-23T23:01:26Z,78.0,Charge 6
2024-12-23T23:01:29Z,78.0,Charge 6
2024-12-23T23:01:30Z,79.0,Charge 6
2024-12-23T23:01:32Z,78.0,Charge 6
2024-12-23T23:01:35Z,78.0,Charge 6
2024-12-23T23:01:36Z,79.0,Charge 6
2024-12-23T23:01:38Z,80.0,Charge 6
2024-12-23T23:01:39Z,79.0,Charge 6
2024-12-23T23:01:41Z,80.0,Charge 6
2024-12-23T23:01:43Z,80.0,Charge 6
2024-12-23T23:01:45Z,80.0,Charge 6
2024-12-23T23:01:48Z,80.0,Charge 6
2024-12-23T23:01:51Z,81.0,Charge 6
2024-12-23T23:01:53Z,81.0,Charge 6
2024-12-23T23:01:56Z,81.0,Charge 6
2024-12-23T23:01:57Z,81.0,Charge 6
2024-12-23T23:01:59Z,80.0,Charge 6
2024-12-23T23:02:02Z,81.0,Charge 6
2024-12-23T23:02:05Z,81.0,Charge 6
2024-12-23T23:02:06Z,80.0,Charge 6
2024-12-23T23:02:09Z,80.0,Charge 6
2024-12-23T23:02:12Z,80.0,Charge 6
2024-12-23T23:02:15Z,80.0,Charge 6
2024-12-23T23:02:18Z,80.0,Charge 6
2024-12-23T23:02:21Z,80.0,Charge 6
2024-12-23T23:02:22Z,80.0,Charge 6
2024-12-23T23:02:24Z,81.0,Charge 6
2024-12-23T23:02:27Z,82.0,Charge 6
2024-12-23T23:02:30Z,82.0,Charge 6
2024-12-23T23:02:31Z,84.0,Charge 6
2024-12-23T23:02:33Z,83.0,Charge 6
2024-12-23T23:02:35Z,83.0,Charge 6
2024-12-23T23:02:37Z,82.0,Charge 6
2024-12-23T23:02:40Z,82.0,Charge 6
2024-12-23T23:02:41Z,81.0,Charge 6
2024-12-23T23:02:43Z,81.0,Charge 6
2024-12-23T23:02:45Z,82.0,Charge 6
2024-12-23T23:02:47Z,84.0,Charge 6
2024-12-23T23:02:49Z,82.0,Charge 6
2024-12-23T23:02:50Z,81.0,Charge 6
2024-12-23T23:02:52Z,80.0,Charge 6
2024-12-23T23:02:54Z,80.0,Charge 6
2024-12-23T23:02:57Z,80.0,Charge 6
2024-12-23T23:02:58Z,78.0,Charge 6
2024-12-23T23:03:01Z,78.0,Charge 6
2024-12-23T23:03:02Z,77.0,Charge 6
2024-12-23T23:03:04Z,78.0,Charge 6
2024-12-23T23:03:07Z,78.0,Charge 6
2024-12-23T23:03:10Z,78.0,Charge 6
2024-12-23T23:03:12Z,79.0,Charge 6
2024-12-23T23:03:14Z,79.0,Charge 6
2024-12-23T23:03:17Z,78.0,Charge 6
2024-12-23T23:03:19Z,78.0,Charge 6
2024-12-23T23:03:22Z,78.0,Charge 6
2024-12-23T23:03:23Z,79.0,Charge 6
2024-12-23T23:03:26Z,79.0,Charge 6
2024-12-23T23:03:27Z,78.0,Charge 6
2024-12-23T23:03:30Z,78.0,Charge 6
2024-12-23T23:03:33Z,78.0,Charge 6
2024-12-23T23:03:36Z,78.0,Charge 6
2024-12-23T23:03:39Z,78.0,Charge 6
2024-12-23T23:03:40Z,79.0,Charge 6
2024-12-23T23:03:43Z,79.0,Charge 6
2024-12-23T23:03:46Z,79.0,Charge 6
2024-12-23T23:03:48Z,79.0,Charge 6
2024-12-23T23:03:50Z,78.0,Charge 6
2024-12-23T23:03:53Z,78.0,Charge 6
2024-12-23T23:03:54Z,77.0,Charge 6
2024-12-23T23:03:56Z,76.0,Charge 6
2024-12-23T23:03:59Z,76.0,Charge 6
2024-12-23T23:04:00Z,76.0,Charge 6
2024-12-23T23:04:02Z,75.0,Charge 6
2024-12-23T23:04:05Z,75.0,Charge 6
2024-12-23T23:04:08Z,75.0,Charge 6
2024-12-23T23:04:11Z,75.0,Charge 6
2024-12-23T23:04:13Z,75.0,Charge 6
2024-12-23T23:04:15Z,76.0,Charge 6
2024-12-23T23:04:18Z,76.0,Charge 6
2024-12-23T23:04:21Z,76.0,Charge 6
2024-12-23T23:04:24Z,76.0,Charge 6
2024-12-23T23:04:25Z,76.0,Charge 6
2024-12-23T23:04:28Z,77.0,Charge 6
2024-12-23T23:04:31Z,77.0,Charge 6
2024-12-23T23:04:32Z,77.0,Charge 6
2024-12-23T23:04:34Z,76.0,Charge 6
2024-12-23T23:04:37Z,76.0,Charge 6
2024-12-23T23:04:38Z,77.0,Charge 6
2024-12-23T23:04:40Z,78.0,Charge 6
2024-12-23T23:04:43Z,78.0,Charge 6
2024-12-23T23:04:44Z,79.0,Charge 6
2024-12-23T23:04:47Z,79.0,Charge 6
2024-12-23T23:04:48Z,78.0,Charge 6
2024-12-23T23:04:51Z,78.0,Charge 6
2024-12-23T23:04:53Z,77.0,Charge 6
2024-12-23T23:04:55Z,76.0,Charge 6
2024-12-23T23:04:58Z,76.0,Charge 6
2024-12-23T23:05:01Z,76.0,Charge 6
2024-12-23T23:05:04Z,76.0,Charge 6
2024-12-23T23:05:07Z,76.0,Charge 6
2024-12-23T23:05:10Z,76.0,Charge 6
2024-12-23T23:05:13Z,76.0,Charge 6
2024-12-23T23:05:16Z,76.0,Charge 6
2024-12-23T23:05:19Z,76.0,Charge 6
2024-12-23T23:05:22Z,76.0,Charge 6
2024-12-23T23:05:25Z,76.0,Charge 6
2024-12-23T23:05:28Z,76.0,Charge 6
2024-12-23T23:05:31Z,76.0,Charge 6
2024-12-23T23:05:34Z,76.0,Charge 6
2024-12-23T23:05:37Z,76.0,Charge 6
2024-12-23T23:05:38Z,77.0,Charge 6
2024-12-23T23:05:41Z,78.0,Charge 6
2024-12-23T23:05:44Z,78.0,Charge 6
2024-12-23T23:05:47Z,78.0,Charge 6
2024-12-23T23:05:50Z,78.0,Charge 6
2024-12-23T23:05:51Z,77.0,Charge 6
2024-12-23T23:05:54Z,77.0,Charge 6
2024-12-23T23:05:55Z,77.0,Charge 6
2024-12-23T23:05:57Z,76.0,Charge 6
2024-12-23T23:05:59Z,76.0,Charge 6
2024-12-23T23:06:02Z,76.0,Charge 6
2024-12-23T23:06:04Z,77.0,Charge 6
2024-12-23T23:06:07Z,77.0,Charge 6
2024-12-23T23:06:10Z,78.0,Charge 6
2024-12-23T23:06:13Z,78.0,Charge 6
2024-12-23T23:06:16Z,78.0,Charge 6
2024-12-23T23:06:18Z,77.0,Charge 6
2024-12-23T23:06:21Z,77.0,Charge 6
2024-12-23T23:06:22Z,76.0,Charge 6
2024-12-23T23:06:24Z,77.0,Charge 6
2024-12-23T23:06:26Z,77.0,Charge 6
2024-12-23T23:06:29Z,77.0,Charge 6
2024-12-23T23:06:32Z,77.0,Charge 6
2024-12-23T23:06:33Z,76.0,Charge 6
2024-12-23T23:06:36Z,76.0,Charge 6
2024-12-23T23:06:39Z,77.0,Charge 6
2024-12-23T23:06:42Z,77.0,Charge 6
2024-12-23T23:06:45Z,77.0,Charge 6
2024-12-23T23:06:47Z,78.0,Charge 6
2024-12-23T23:06:50Z,80.0,Charge 6
2024-12-23T23:06:53Z,80.0,Charge 6
2024-12-23T23:06:56Z,79.0,Charge 6
2024-12-23T23:06:58Z,80.0,Charge 6
2024-12-23T23:07:01Z,80.0,Charge 6
2024-12-23T23:07:04Z,80.0,Charge 6
2024-12-23T23:07:07Z,80.0,Charge 6
2024-12-23T23:07:08Z,79.0,Charge 6
2024-12-23T23:07:10Z,78.0,Charge 6
2024-12-23T23:07:13Z,78.0,Charge 6
2024-12-23T23:07:16Z,78.0,Charge 6
2024-12-23T23:07:19Z,78.0,Charge 6
2024-12-23T23:07:21Z,79.0,Charge 6
2024-12-23T23:07:23Z,80.0,Charge 6
2024-12-23T23:07:25Z,80.0,Charge 6
2024-12-23T23:07:27Z,79.0,Charge 6
2024-12-23T23:07:29Z,78.0,Charge 6
2024-12-23T23:07:32Z,78.0,Charge 6
2024-12-23T23:07:35Z,78.0,Charge 6
2024-12-23T23:07:38Z,78.0,Charge 6
2024-12-23T23:07:40Z,77.0,Charge 6
2024-12-23T23:07:43Z,77.0,Charge 6
2024-12-23T23:07:46Z,76.0,Charge 6
2024-12-23T23:07:49Z,76.0,Charge 6
2024-12-23T23:07:52Z,76.0,Charge 6
2024-12-23T23:07:55Z,76.0,Charge 6
2024-12-23T23:07:58Z,76.0,Charge 6
2024-12-23T23:08:01Z,76.0,Charge 6
2024-12-23T23:08:03Z,77.0,Charge 6
2024-12-23T23:08:06Z,77.0,Charge 6
2024-12-23T23:08:09Z,77.0,Charge 6
2024-12-23T23:08:12Z,77.0,Charge 6
2024-12-23T23:08:15Z,77.0,Charge 6
2024-12-23T23:08:17Z,76.0,Charge 6
2024-12-23T23:08:19Z,76.0,Charge 6
2024-12-23T23:08:22Z,76.0,Charge 6
2024-12-23T23:08:25Z,76.0,Charge 6
2024-12-23T23:08:28Z,76.0,Charge 6
2024-12-23T23:08:31Z,76.0,Charge 6
2024-12-23T23:08:34Z,76.0,Charge 6
2024-12-23T23:08:37Z,76.0,Charge 6
2024-12-23T23:08:40Z,77.0,Charge 6
2024-12-23T23:08:43Z,77.0,Charge 6
2024-12-23T23:08:46Z,78.0,Charge 6
2024-12-23T23:08:49Z,78.0,Charge 6
2024-12-23T23:08:52Z,78.0,Charge 6
2024-12-23T23:08:55Z,78.0,Charge 6
2024-12-23T23:08:58Z,78.0,Charge 6
2024-12-23T23:09:01Z,78.0,Charge 6
2024-12-23T23:09:04Z,78.0,Charge 6
2024-12-23T23:09:07Z,78.0,Charge 6
2024-12-23T23:09:10Z,78.0,Charge 6
2024-12-23T23:09:13Z,78.0,Charge 6
2024-12-23T23:09:16Z,78.0,Charge 6
2024-12-23T23:09:19Z,78.0,Charge 6
2024-12-23T23:09:22Z,78.0,Charge 6
2024-12-23T23:09:25Z,78.0,Charge 6
2024-12-23T23:09:28Z,78.0,Charge 6
2024-12-23T23:09:31Z,78.0,Charge 6
2024-12-23T23:09:32Z,78.0,Charge 6
2024-12-23T23:09:34Z,78.0,Charge 6
2024-12-23T23:09:36Z,78.0,Charge 6
2024-12-23T23:09:39Z,79.0,Charge 6
2024-12-23T23:09:42Z,79.0,Charge 6
2024-12-23T23:09:45Z,80.0,Charge 6
2024-12-23T23:09:48Z,80.0,Charge 6
2024-12-23T23:09:51Z,80.0,Charge 6
2024-12-23T23:09:53Z,79.0,Charge 6
2024-12-23T23:09:55Z,78.0,Charge 6
2024-12-23T23:09:58Z,78.0,Charge 6
2024-12-23T23:10:01Z,78.0,Charge 6
2024-12-23T23:10:02Z,79.0,Charge 6
2024-12-23T23:10:04Z,80.0,Charge 6
2024-12-23T23:10:06Z,80.0,Charge 6
2024-12-23T23:10:09Z,80.0,Charge 6
2024-12-23T23:10:12Z,80.0,Charge 6
2024-12-23T23:10:15Z,80.0,Charge 6
2024-12-23T23:10:18Z,79.0,Charge 6
2024-12-23T23:10:20Z,78.0,Charge 6
2024-12-23T23:10:23Z,78.0,Charge 6
2024-12-23T23:10:26Z,78.0,Charge 6
2024-12-23T23:10:29Z,78.0,Charge 6
2024-12-23T23:10:30Z,78.0,Charge 6
2024-12-23T23:10:33Z,78.0,Charge 6
2024-12-23T23:10:36Z,78.0,Charge 6
2024-12-23T23:10:37Z,78.0,Charge 6
2024-12-23T23:10:40Z,78.0,Charge 6
2024-12-23T23:10:43Z,78.0,Charge 6
2024-12-23T23:10:45Z,78.0,Charge 6
2024-12-23T23:10:48Z,78.0,Charge 6
2024-12-23T23:10:51Z,78.0,Charge 6
2024-12-23T23:10:54Z,78.0,Charge 6
2024-12-23T23:10:57Z,78.0,Charge 6
2024-12-23T23:11:00Z,78.0,Charge 6
2024-12-23T23:11:03Z,78.0,Charge 6
2024-12-23T23:11:06Z,78.0,Charge 6
2024-12-23T23:11:09Z,78.0,Charge 6
2024-12-23T23:11:12Z,78.0,Charge 6
2024-12-23T23:11:14Z,78.0,Charge 6
2024-12-23T23:11:17Z,78.0,Charge 6
2024-12-23T23:11:18Z,78.0,Charge 6
2024-12-23T23:11:21Z,80.0,Charge 6
2024-12-23T23:11:23Z,80.0,Charge 6
2024-12-23T23:11:25Z,81.0,Charge 6
2024-12-23T23:11:28Z,81.0,Charge 6
2024-12-23T23:11:29Z,80.0,Charge 6
2024-12-23T23:11:31Z,81.0,Charge 6
2024-12-23T23:11:34Z,81.0,Charge 6
2024-12-23T23:11:37Z,81.0,Charge 6
2024-12-23T23:11:40Z,81.0,Charge 6
2024-12-23T23:11:41Z,82.0,Charge 6
2024-12-23T23:11:44Z,82.0,Charge 6
2024-12-23T23:11:45Z,83.0,Charge 6
2024-12-23T23:11:46Z,82.0,Charge 6
2024-12-23T23:11:49Z,82.0,Charge 6
2024-12-23T23:11:50Z,82.0,Charge 6
2024-12-23T23:11:52Z,83.0,Charge 6
2024-12-23T23:11:54Z,84.0,Charge 6
2024-12-23T23:11:56Z,86.0,Charge 6
2024-12-23T23:11:58Z,88.0,Charge 6
2024-12-23T23:12:01Z,88.0,Charge 6
2024-12-23T23:12:02Z,86.0,Charge 6
2024-12-23T23:12:04Z,84.0,Charge 6
2024-12-23T23:12:06Z,83.0,Charge 6
2024-12-23T23:12:08Z,82.0,Charge 6
2024-12-23T23:12:09Z,81.0,Charge 6
2024-12-23T23:12:11Z,80.0,Charge 6
2024-12-23T23:12:14Z,80.0,Charge 6
2024-12-23T23:12:15Z,79.0,Charge 6
2024-12-23T23:12:17Z,78.0,Charge 6
2024-12-23T23:12:20Z,78.0,Charge 6
2024-12-23T23:12:21Z,78.0,Charge 6
2024-12-23T23:12:24Z,78.0,Charge 6
2024-12-23T23:12:25Z,77.0,Charge 6
2024-12-23T23:12:28Z,77.0,Charge 6
2024-12-23T23:12:29Z,77.0,Charge 6
2024-12-23T23:12:32Z,77.0,Charge 6
2024-12-23T23:12:33Z,76.0,Charge 6
2024-12-23T23:12:36Z,76.0,Charge 6
2024-12-23T23:12:39Z,76.0,Charge 6
2024-12-23T23:12:40Z,77.0,Charge 6
2024-12-23T23:12:42Z,76.0,Charge 6
2024-12-23T23:12:44Z,76.0,Charge 6
2024-12-23T23:12:47Z,76.0,Charge 6
2024-12-23T23:12:50Z,77.0,Charge 6
2024-12-23T23:12:53Z,77.0,Charge 6
2024-12-23T23:12:54Z,78.0,Charge 6
2024-12-23T23:12:56Z,79.0,Charge 6
2024-12-23T23:12:57Z,80.0,Charge 6
2024-12-23T23:13:00Z,80.0,Charge 6
2024-12-23T23:13:03Z,80.0,Charge 6
2024-12-23T23:13:06Z,80.0,Charge 6
2024-12-23T23:13:07Z,79.0,Charge 6
2024-12-23T23:13:09Z,78.0,Charge 6
2024-12-23T23:13:12Z,78.0,Charge 6
2024-12-23T23:13:15Z,78.0,Charge 6
2024-12-23T23:13:18Z,78.0,Charge 6
2024-12-23T23:13:21Z,79.0,Charge 6
2024-12-23T23:13:22Z,80.0,Charge 6
2024-12-23T23:13:24Z,79.0,Charge 6
2024-12-23T23:13:27Z,79.0,Charge 6
2024-12-23T23:13:28Z,78.0,Charge 6
2024-12-23T23:13:30Z,78.0,Charge 6
2024-12-23T23:13:32Z,77.0,Charge 6
2024-12-23T23:13:35Z,77.0,Charge 6
2024-12-23T23:13:38Z,77.0,Charge 6
2024-12-23T23:13:41Z,77.0,Charge 6
2024-12-23T23:13:42Z,77.0,Charge 6
2024-12-23T23:13:45Z,77.0,Charge 6
2024-12-23T23:13:47Z,78.0,Charge 6
2024-12-23T23:13:50Z,78.0,Charge 6
2024-12-23T23:13:51Z,79.0,Charge 6
2024-12-23T23:13:54Z,79.0,Charge 6
2024-12-23T23:13:55Z,78.0,Charge 6
2024-12-23T23:13:58Z,78.0,Charge 6
2024-12-23T23:14:01Z,78.0,Charge 6
2024-12-23T23:14:04Z,78.0,Charge 6
2024-12-23T23:14:07Z,78.0,Charge 6
2024-12-23T23:14:10Z,77.0,Charge 6
2024-12-23T23:14:13Z,77.0,Charge 6
2024-12-23T23:14:14Z,76.0,Charge 6
2024-12-23T23:14:17Z,76.0,Charge 6
2024-12-23T23:14:20Z,77.0,Charge 6
2024-12-23T23:14:23Z,77.0,Charge 6
2024-12-23T23:14:26Z,78.0,Charge 6
2024-12-23T23:14:29Z,78.0,Charge 6
2024-12-23T23:14:32Z,78.0,Charge 6
2024-12-23T23:14:35Z,80.0,Charge 6
2024-12-23T23:14:37Z,81.0,Charge 6
2024-12-23T23:14:39Z,82.0,Charge 6
2024-12-23T23:14:42Z,82.0,Charge 6
2024-12-23T23:14:45Z,82.0,Charge 6
2024-12-23T23:14:47Z,80.0,Charge 6
2024-12-23T23:14:49Z,80.0,Charge 6
2024-12-23T23:14:51Z,79.0,Charge 6
2024-12-23T23:14:54Z,79.0,Charge 6
2024-12-23T23:14:55Z,78.0,Charge 6
2024-12-23T23:14:57Z,79.0,Charge 6
2024-12-23T23:14:58Z,80.0,Charge 6
2024-12-23T23:15:01Z,80.0,Charge 6
2024-12-23T23:15:02Z,78.0,Charge 6
2024-12-23T23:15:05Z,78.0,Charge 6
2024-12-23T23:15:06Z,77.0,Charge 6
2024-12-23T23:15:09Z,77.0,Charge 6
2024-12-23T23:15:12Z,77.0,Charge 6
2024-12-23T23:15:14Z,76.0,Charge 6
2024-12-23T23:15:16Z,77.0,Charge 6
2024-12-23T23:15:18Z,76.0,Charge 6
2024-12-23T23:15:20Z,76.0,Charge 6
2024-12-23T23:15:21Z,76.0,Charge 6
2024-12-23T23:15:24Z,76.0,Charge 6
2024-12-23T23:15:25Z,77.0,Charge 6
2024-12-23T23:15:27Z,78.0,Charge 6
2024-12-23T23:15:29Z,78.0,Charge 6
2024-12-23T23:15:32Z,78.0,Charge 6
2024-12-23T23:15:33Z,77.0,Charge 6
2024-12-23T23:15:36Z,77.0,Charge 6
2024-12-23T23:15:37Z,77.0,Charge 6
2024-12-23T23:15:40Z,77.0,Charge 6
2024-12-23T23:15:43Z,76.0,Charge 6
2024-12-23T23:15:45Z,77.0,Charge 6
2024-12-23T23:15:48Z,77.0,Charge 6
2024-12-23T23:15:50Z,76.0,Charge 6
2024-12-23T23:15:52Z,76.0,Charge 6
2024-12-23T23:15:55Z,76.0,Charge 6
2024-12-23T23:15:56Z,77.0,Charge 6
2024-12-23T23:15:58Z,78.0,Charge 6
2024-12-23T23:16:01Z,78.0,Charge 6
2024-12-23T23:16:02Z,79.0,Charge 6
2024-12-23T23:16:05Z,79.0,Charge 6
2024-12-23T23:16:08Z,79.0,Charge 6
2024-12-23T23:16:11Z,79.0,Charge 6
2024-12-23T23:16:13Z,80.0,Charge 6
2024-12-23T23:16:15Z,80.0,Charge 6
2024-12-23T23:16:18Z,80.0,Charge 6
2024-12-23T23:16:19Z,79.0,Charge 6
2024-12-23T23:16:22Z,79.0,Charge 6
2024-12-23T23:16:23Z,78.0,Charge 6
2024-12-23T23:16:26Z,78.0,Charge 6
2024-12-23T23:16:27Z,78.0,Charge 6
2024-12-23T23:16:30Z,78.0,Charge 6
2024-12-23T23:16:33Z,78.0,Charge 6
2024-12-23T23:16:34Z,79.0,Charge 6
2024-12-23T23:16:36Z,79.0,Charge 6
2024-12-23T23:16:39Z,79.0,Charge 6
2024-12-23T23:16:40Z,78.0,Charge 6
2024-12-23T23:16:43Z,78.0,Charge 6
2024-12-23T23:16:46Z,78.0,Charge 6
2024-12-23T23:16:49Z,78.0,Charge 6
2024-12-23T23:16:50Z,79.0,Charge 6
2024-12-23T23:16:52Z,78.0,Charge 6
2024-12-23T23:16:55Z,78.0,Charge 6
2024-12-23T23:16:58Z,78.0,Charge 6
2024-12-23T23:17:01Z,78.0,Charge 6
2024-12-23T23:17:04Z,78.0,Charge 6
2024-12-23T23:17:05Z,79.0,Charge 6
2024-12-23T23:17:07Z,80.0,Charge 6
2024-12-23T23:17:10Z,80.0,Charge 6
2024-12-23T23:17:11Z,79.0,Charge 6
2024-12-23T23:17:13Z,80.0,Charge 6
2024-12-23T23:17:16Z,80.0,Charge 6
2024-12-23T23:17:19Z,80.0,Charge 6
2024-12-23T23:17:22Z,81.0,Charge 6
2024-12-23T23:17:24Z,82.0,Charge 6
2024-12-23T23:17:26Z,84.0,Charge 6
2024-12-23T23:17:29Z,84.0,Charge 6
2024-12-23T23:17:32Z,83.0,Charge 6
2024-12-23T23:17:34Z,82.0,Charge 6
2024-12-23T23:17:36Z,81.0,Charge 6
2024-12-23T23:17:39Z,81.0,Charge 6
2024-12-23T23:17:42Z,81.0,Charge 6
2024-12-23T23:17:44Z,81.0,Charge 6
2024-12-23T23:17:47Z,80.0,Charge 6
2024-12-23T23:17:49Z,80.0,Charge 6
2024-12-23T23:17:52Z,80.0,Charge 6
2024-12-23T23:17:55Z,80.0,Charge 6
2024-12-23T23:17:58Z,80.0,Charge 6
2024-12-23T23:17:59Z,79.0,Charge 6
2024-12-23T23:18:02Z,79.0,Charge 6
2024-12-23T23:18:03Z,78.0,Charge 6
2024-12-23T23:18:06Z,78.0,Charge 6
2024-12-23T23:18:09Z,76.0,Charge 6
2024-12-23T23:18:12Z,74.0,Charge 6
2024-12-23T23:18:15Z,74.0,Charge 6
2024-12-23T23:18:18Z,76.0,Charge 6
2024-12-23T23:18:20Z,77.0,Charge 6
2024-12-23T23:18:22Z,78.0,Charge 6
2024-12-23T23:18:24Z,77.0,Charge 6
2024-12-23T23:18:27Z,77.0,Charge 6
2024-12-23T23:18:30Z,78.0,Charge 6
2024-12-23T23:18:32Z,79.0,Charge 6
2024-12-23T23:18:33Z,80.0,Charge 6
2024-12-23T23:18:36Z,80.0,Charge 6
2024-12-23T23:18:39Z,79.0,Charge 6
2024-12-23T23:18:41Z,79.0,Charge 6
2024-12-23T23:18:43Z,80.0,Charge 6
2024-12-23T23:18:46Z,80.0,Charge 6
2024-12-23T23:18:47Z,78.0,Charge 6
2024-12-23T23:18:49Z,77.0,Charge 6
2024-12-23T23:18:51Z,76.0,Charge 6
2024-12-23T23:18:54Z,76.0,Charge 6
2024-12-23T23:18:55Z,78.0,Charge 6
2024-12-23T23:18:57Z,79.0,Charge 6
2024-12-23T23:18:58Z,80.0,Charge 6
2024-12-23T23:19:00Z,79.0,Charge 6
2024-12-23T23:19:02Z,78.0,Charge 6
2024-12-23T23:19:05Z,78.0,Charge 6
2024-12-23T23:19:08Z,79.0,Charge 6
2024-12-23T23:19:10Z,81.0,Charge 6
2024-12-23T23:19:12Z,84.0,Charge 6
2024-12-23T23:19:15Z,84.0,Charge 6
2024-12-23T23:19:16Z,86.0,Charge 6
2024-12-23T23:19:18Z,85.0,Charge 6
2024-12-23T23:19:20Z,84.0,Charge 6
2024-12-23T23:19:23Z,84.0,Charge 6
2024-12-23T23:19:25Z,85.0,Charge 6
2024-12-23T23:19:27Z,86.0,Charge 6
2024-12-23T23:19:30Z,86.0,Charge 6
2024-12-23T23:19:31Z,84.0,Charge 6
2024-12-23T23:19:34Z,84.0,Charge 6
2024-12-23T23:19:35Z,82.0,Charge 6
2024-12-23T23:19:38Z,82.0,Charge 6
2024-12-23T23:19:39Z,82.0,Charge 6
2024-12-23T23:19:42Z,82.0,Charge 6
2024-12-23T23:19:45Z,82.0,Charge 6
2024-12-23T23:19:46Z,84.0,Charge 6
2024-12-23T23:19:48Z,84.0,Charge 6
2024-12-23T23:19:50Z,85.0,Charge 6
2024-12-23T23:19:52Z,84.0,Charge 6
2024-12-23T23:19:55Z,84.0,Charge 6
2024-12-23T23:19:56Z,83.0,Charge 6
2024-12-23T23:19:58Z,82.0,Charge 6
2024-12-23T23:20:01Z,82.0,Charge 6
2024-12-23T23:20:04Z,82.0,Charge 6
2024-12-23T23:20:07Z,82.0,Charge 6
2024-12-23T23:20:08Z,81.0,Charge 6
2024-12-23T23:20:09Z,82.0,Charge 6
2024-12-23T23:20:12Z,82.0,Charge 6
2024-12-23T23:20:13Z,83.0,Charge 6
2024-12-23T23:20:15Z,83.0,Charge 6
2024-12-23T23:20:17Z,82.0,Charge 6
2024-12-23T23:20:20Z,82.0,Charge 6
2024-12-23T23:20:21Z,80.0,Charge 6
2024-12-23T23:20:24Z,80.0,Charge 6
2024-12-23T23:20:27Z,80.0,Charge 6
2024-12-23T23:20:30Z,80.0,Charge 6
2024-12-23T23:20:31Z,78.0,Charge 6
2024-12-23T23:20:34Z,78.0,Charge 6
2024-12-23T23:20:37Z,78.0,Charge 6
2024-12-23T23:20:40Z,78.0,Charge 6
2024-12-23T23:20:43Z,78.0,Charge 6
2024-12-23T23:20:44Z,78.0,Charge 6
2024-12-23T23:20:47Z,78.0,Charge 6
2024-12-23T23:20:50Z,78.0,Charge 6
2024-12-23T23:20:52Z,79.0,Charge 6
2024-12-23T23:20:55Z,79.0,Charge 6
2024-12-23T23:20:56Z,80.0,Charge 6
2024-12-23T23:20:59Z,80.0,Charge 6
2024-12-23T23:21:01Z,80.0,Charge 6
2024-12-23T23:21:04Z,80.0,Charge 6
2024-12-23T23:21:07Z,80.0,Charge 6
2024-12-23T23:21:09Z,80.0,Charge 6
2024-12-23T23:21:11Z,81.0,Charge 6
2024-12-23T23:21:13Z,82.0,Charge 6
2024-12-23T23:21:16Z,82.0,Charge 6
2024-12-23T23:21:17Z,80.0,Charge 6
2024-12-23T23:21:20Z,80.0,Charge 6
2024-12-23T23:21:21Z,78.0,Charge 6
2024-12-23T23:21:22Z,79.0,Charge 6
2024-12-23T23:21:24Z,80.0,Charge 6
2024-12-23T23:21:27Z,80.0,Charge 6
2024-12-23T23:21:30Z,80.0,Charge 6
2024-12-23T23:21:32Z,78.0,Charge 6
2024-12-23T23:21:35Z,78.0,Charge 6
2024-12-23T23:21:38Z,78.0,Charge 6
2024-12-23T23:21:41Z,78.0,Charge 6
2024-12-23T23:21:44Z,78.0,Charge 6
2024-12-23T23:21:45Z,78.0,Charge 6
2024-12-23T23:21:48Z,78.0,Charge 6
2024-12-23T23:21:49Z,78.0,Charge 6
2024-12-23T23:21:51Z,79.0,Charge 6
2024-12-23T23:21:53Z,80.0,Charge 6
2024-12-23T23:21:55Z,81.0,Charge 6
2024-12-23T23:21:57Z,82.0,Charge 6
2024-12-23T23:21:59Z,80.0,Charge 6
2024-12-23T23:22:01Z,78.0,Charge 6
2024-12-23T23:22:04Z,78.0,Charge 6
2024-12-23T23:22:07Z,78.0,Charge 6
2024-12-23T23:22:09Z,79.0,Charge 6
2024-12-23T23:22:10Z,80.0,Charge 6
2024-12-23T23:22:12Z,79.0,Charge 6
2024-12-23T23:22:14Z,79.0,Charge 6
2024-12-23T23:22:16Z,80.0,Charge 6
2024-12-23T23:22:18Z,80.0,Charge 6
2024-12-23T23:22:21Z,80.0,Charge 6
2024-12-23T23:22:24Z,80.0,Charge 6
2024-12-23T23:22:27Z,80.0,Charge 6
2024-12-23T23:22:30Z,80.0,Charge 6
2024-12-23T23:22:32Z,79.0,Charge 6
2024-12-23T23:22:33Z,78.0,Charge 6
2024-12-23T23:22:36Z,78.0,Charge 6
2024-12-23T23:22:37Z,78.0,Charge 6
2024-12-23T23:22:40Z,78.0,Charge 6
2024-12-23T23:22:43Z,78.0,Charge 6
2024-12-23T23:22:46Z,78.0,Charge 6
2024-12-23T23:22:49Z,78.0,Charge 6
2024-12-23T23:22:52Z,78.0,Charge 6
2024-12-23T23:22:55Z,78.0,Charge 6
2024-12-23T23:22:58Z,78.0,Charge 6
2024-12-23T23:23:01Z,78.0,Charge 6
2024-12-23T23:23:02Z,78.0,Charge 6
2024-12-23T23:23:05Z,78.0,Charge 6
2024-12-23T23:23:06Z,78.0,Charge 6
2024-12-23T23:23:09Z,78.0,Charge 6
2024-12-23T23:23:10Z,79.0,Charge 6
2024-12-23T23:23:12Z,79.0,Charge 6
2024-12-23T23:23:15Z,79.0,Charge 6
2024-12-23T23:23:16Z,79.0,Charge 6
2024-12-23T23:23:19Z,79.0,Charge 6
2024-12-23T23:23:22Z,79.0,Charge 6
2024-12-23T23:23:23Z,78.0,Charge 6
2024-12-23T23:23:26Z,78.0,Charge 6
2024-12-23T23:23:27Z,78.0,Charge 6
2024-12-23T23:23:29Z,79.0,Charge 6
2024-12-23T23:23:31Z,80.0,Charge 6
2024-12-23T23:23:34Z,80.0,Charge 6
2024-12-23T23:23:35Z,81.0,Charge 6
2024-12-23T23:23:38Z,81.0,Charge 6
2024-12-23T23:23:41Z,81.0,Charge 6
2024-12-23T23:23:43Z,80.0,Charge 6
2024-12-23T23:23:46Z,80.0,Charge 6
2024-12-23T23:23:49Z,80.0,Charge 6
2024-12-23T23:23:52Z,80.0,Charge 6
2024-12-23T23:23:54Z,79.0,Charge 6
2024-12-23T23:23:56Z,78.0,Charge 6
2024-12-23T23:23:59Z,78.0,Charge 6
2024-12-23T23:24:00Z,79.0,Charge 6
2024-12-23T23:24:02Z,82.0,Charge 6
2024-12-23T23:24:04Z,83.0,Charge 6
2024-12-23T23:24:06Z,83.0,Charge 6
2024-12-23T23:24:08Z,82.0,Charge 6
2024-12-23T23:24:09Z,81.0,Charge 6
2024-12-23T23:24:11Z,80.0,Charge 6
2024-12-23T23:24:14Z,80.0,Charge 6
2024-12-23T23:24:15Z,79.0,Charge 6
2024-12-23T23:24:17Z,78.0,Charge 6
2024-12-23T23:24:19Z,78.0,Charge 6
2024-12-23T23:24:22Z,78.0,Charge 6
2024-12-23T23:24:25Z,78.0,Charge 6
2024-12-23T23:24:28Z,78.0,Charge 6
2024-12-23T23:24:31Z,78.0,Charge 6
2024-12-23T23:24:34Z,78.0,Charge 6
2024-12-23T23:24:37Z,78.0,Charge 6
2024-12-23T23:24:40Z,78.0,Charge 6
2024-12-23T23:24:43Z,78.0,Charge 6
2024-12-23T23:24:44Z,78.0,Charge 6
2024-12-23T23:24:47Z,78.0,Charge 6
2024-12-23T23:24:48Z,78.0,Charge 6
2024-12-23T23:24:50Z,78.0,Charge 6
2024-12-23T23:24:53Z,78.0,Charge 6
2024-12-23T23:24:56Z,78.0,Charge 6
2024-12-23T23:24:59Z,78.0,Charge 6
2024-12-23T23:25:02Z,78.0,Charge 6
2024-12-23T23:25:05Z,78.0,Charge 6
2024-12-23T23:25:08Z,78.0,Charge 6
2024-12-23T23:25:09Z,77.0,Charge 6
2024-12-23T23:25:11Z,77.0,Charge 6
2024-12-23T23:25:14Z,77.0,Charge 6
2024-12-23T23:25:16Z,76.0,Charge 6
2024-12-23T23:25:18Z,76.0,Charge 6
2024-12-23T23:25:20Z,76.0,Charge 6
2024-12-23T23:25:22Z,77.0,Charge 6
2024-12-23T23:25:23Z,77.0,Charge 6
2024-12-23T23:25:26Z,77.0,Charge 6
2024-12-23T23:25:29Z,77.0,Charge 6
2024-12-23T23:25:32Z,77.0,Charge 6
2024-12-23T23:25:33Z,78.0,Charge 6
2024-12-23T23:25:36Z,78.0,Charge 6
2024-12-23T23:25:39Z,78.0,Charge 6
2024-12-23T23:25:42Z,78.0,Charge 6
2024-12-23T23:25:45Z,78.0,Charge 6
2024-12-23T23:25:48Z,78.0,Charge 6
2024-12-23T23:25:51Z,78.0,Charge 6
2024-12-23T23:25:54Z,78.0,Charge 6
2024-12-23T23:25:57Z,78.0,Charge 6
2024-12-23T23:26:00Z,78.0,Charge 6
2024-12-23T23:26:03Z,78.0,Charge 6
2024-12-23T23:26:06Z,78.0,Charge 6
2024-12-23T23:26:09Z,78.0,Charge 6
2024-12-23T23:26:10Z,78.0,Charge 6
2024-12-23T23:26:13Z,78.0,Charge 6
2024-12-23T23:26:16Z,78.0,Charge 6
2024-12-23T23:26:17Z,78.0,Charge 6
2024-12-23T23:26:19Z,78.0,Charge 6
2024-12-23T23:26:22Z,78.0,Charge 6
2024-12-23T23:26:23Z,79.0,Charge 6
2024-12-23T23:26:25Z,80.0,Charge 6
2024-12-23T23:26:28Z,80.0,Charge 6
2024-12-23T23:26:31Z,80.0,Charge 6
2024-12-23T23:26:34Z,79.0,Charge 6
2024-12-23T23:26:37Z,79.0,Charge 6
2024-12-23T23:26:38Z,80.0,Charge 6
2024-12-23T23:26:40Z,82.0,Charge 6
2024-12-23T23:26:42Z,82.0,Charge 6
2024-12-23T23:26:44Z,83.0,Charge 6
2024-12-23T23:26:46Z,82.0,Charge 6
2024-12-23T23:26:48Z,81.0,Charge 6
2024-12-23T23:26:50Z,80.0,Charge 6
2024-12-23T23:26:53Z,80.0,Charge 6
2024-12-23T23:26:54Z,78.0,Charge 6
2024-12-23T23:26:57Z,78.0,Charge 6
2024-12-23T23:27:00Z,78.0,Charge 6
2024-12-23T23:27:03Z,78.0,Charge 6
2024-12-23T23:27:06Z,78.0,Charge 6
2024-12-23T23:27:09Z,78.0,Charge 6
2024-12-23T23:27:12Z,78.0,Charge 6
2024-12-23T23:27:13Z,78.0,Charge 6
2024-12-23T23:27:15Z,77.0,Charge 6
2024-12-23T23:27:17Z,76.0,Charge 6
2024-12-23T23:27:20Z,76.0,Charge 6
2024-12-23T23:27:21Z,75.0,Charge 6
2024-12-23T23:27:24Z,75.0,Charge 6
2024-12-23T23:27:26Z,75.0,Charge 6
2024-12-23T23:27:29Z,75.0,Charge 6
2024-12-23T23:27:30Z,76.0,Charge 6
2024-12-23T23:27:33Z,76.0,Charge 6
2024-12-23T23:27:36Z,76.0,Charge 6
2024-12-23T23:27:39Z,76.0,Charge 6
2024-12-23T23:27:40Z,76.0,Charge 6
2024-12-23T23:27:42Z,76.0,Charge 6
2024-12-23T23:27:44Z,75.0,Charge 6
2024-12-23T23:27:47Z,75.0,Charge 6
2024-12-23T23:27:50Z,75.0,Charge 6
2024-12-23T23:27:51Z,76.0,Charge 6
2024-12-23T23:27:54Z,76.0,Charge 6
2024-12-23T23:27:57Z,76.0,Charge 6
2024-12-23T23:28:00Z,76.0,Charge 6
2024-12-23T23:28:01Z,76.0,Charge 6
2024-12-23T23:28:04Z,76.0,Charge 6
2024-12-23T23:28:07Z,76.0,Charge 6
2024-12-23T23:28:10Z,76.0,Charge 6
2024-12-23T23:28:12Z,76.0,Charge 6
2024-12-23T23:28:15Z,76.0,Charge 6
2024-12-23T23:28:18Z,76.0,Charge 6
2024-12-23T23:28:20Z,76.0,Charge 6
2024-12-23T23:28:22Z,76.0,Charge 6
2024-12-23T23:28:24Z,77.0,Charge 6
2024-12-23T23:28:26Z,77.0,Charge 6
2024-12-23T23:28:29Z,77.0,Charge 6
2024-12-23T23:28:32Z,77.0,Charge 6
2024-12-23T23:28:34Z,76.0,Charge 6
2024-12-23T23:28:37Z,77.0,Charge 6
2024-12-23T23:28:40Z,77.0,Charge 6
2024-12-23T23:28:41Z,77.0,Charge 6
2024-12-23T23:28:44Z,77.0,Charge 6
2024-12-23T23:28:47Z,77.0,Charge 6
2024-12-23T23:28:50Z,77.0,Charge 6
2024-12-23T23:28:53Z,76.0,Charge 6
2024-12-23T23:28:55Z,77.0,Charge 6
2024-12-23T23:28:58Z,77.0,Charge 6
2024-12-23T23:29:01Z,77.0,Charge 6
2024-12-23T23:29:02Z,78.0,Charge 6
2024-12-23T23:29:05Z,78.0,Charge 6
2024-12-23T23:29:06Z,77.0,Charge 6
2024-12-23T23:29:08Z,76.0,Charge 6
2024-12-23T23:29:11Z,76.0,Charge 6
2024-12-23T23:29:14Z,78.0,Charge 6
2024-12-23T23:29:17Z,78.0,Charge 6
2024-12-23T23:29:20Z,78.0,Charge 6
2024-12-23T23:29:23Z,78.0,Charge 6
2024-12-23T23:29:25Z,77.0,Charge 6
2024-12-23T23:29:27Z,78.0,Charge 6
2024-12-23T23:29:30Z,78.0,Charge 6
2024-12-23T23:29:31Z,77.0,Charge 6
2024-12-23T23:29:33Z,77.0,Charge 6
2024-12-23T23:29:36Z,77.0,Charge 6
2024-12-23T23:29:37Z,76.0,Charge 6
2024-12-23T23:29:40Z,76.0,Charge 6
2024-12-23T23:29:41Z,76.0,Charge 6
2024-12-23T23:29:44Z,76.0,Charge 6
2024-12-23T23:29:47Z,76.0,Charge 6
2024-12-23T23:29:50Z,76.0,Charge 6
2024-12-23T23:29:53Z,76.0,Charge 6
2024-12-23T23:29:56Z,76.0,Charge 6
2024-12-23T23:29:59Z,76.0,Charge 6
2024-12-23T23:30:02Z,76.0,Charge 6
2024-12-23T23:30:05Z,76.0,Charge 6
2024-12-23T23:30:08Z,76.0,Charge 6
2024-12-23T23:30:11Z,76.0,Charge 6
2024-12-23T23:30:14Z,76.0,Charge 6
2024-12-23T23:30:17Z,76.0,Charge 6
2024-12-23T23:30:20Z,76.0,Charge 6
2024-12-23T23:30:23Z,76.0,Charge 6
2024-12-23T23:30:25Z,76.0,Charge 6
2024-12-23T23:30:27Z,76.0,Charge 6
2024-12-23T23:30:29Z,76.0,Charge 6
2024-12-23T23:30:32Z,76.0,Charge 6
2024-12-23T23:30:35Z,76.0,Charge 6
2024-12-23T23:30:38Z,76.0,Charge 6
2024-12-23T23:30:41Z,76.0,Charge 6
2024-12-23T23:30:44Z,76.0,Charge 6
2024-12-23T23:30:46Z,76.0,Charge 6
2024-12-23T23:30:49Z,76.0,Charge 6
2024-12-23T23:30:50Z,76.0,Charge 6
2024-12-23T23:30:53Z,76.0,Charge 6
2024-12-23T23:30:54Z,76.0,Charge 6
2024-12-23T23:30:57Z,76.0,Charge 6
2024-12-23T23:30:59Z,76.0,Charge 6
2024-12-23T23:31:02Z,76.0,Charge 6
2024-12-23T23:31:05Z,76.0,Charge 6
2024-12-23T23:31:08Z,76.0,Charge 6
2024-12-23T23:31:09Z,77.0,Charge 6
2024-12-23T23:31:12Z,77.0,Charge 6
2024-12-23T23:31:13Z,78.0,Charge 6
2024-12-23T23:31:15Z,77.0,Charge 6
2024-12-23T23:31:18Z,77.0,Charge 6
2024-12-23T23:31:19Z,76.0,Charge 6
2024-12-23T23:31:21Z,76.0,Charge 6
2024-12-23T23:31:22Z,76.0,Charge 6
2024-12-23T23:31:25Z,76.0,Charge 6
2024-12-23T23:31:28Z,76.0,Charge 6
2024-12-23T23:31:30Z,75.0,Charge 6
2024-12-23T23:31:32Z,75.0,Charge 6
2024-12-23T23:31:34Z,75.0,Charge 6
2024-12-23T23:31:36Z,76.0,Charge 6
2024-12-23T23:31:39Z,76.0,Charge 6
2024-12-23T23:31:42Z,76.0,Charge 6
2024-12-23T23:31:45Z,76.0,Charge 6
2024-12-23T23:31:46Z,76.0,Charge 6
2024-12-23T23:31:47Z,76.0,Charge 6
2024-12-23T23:31:50Z,76.0,Charge 6
2024-12-23T23:31:53Z,76.0,Charge 6
2024-12-23T23:31:56Z,76.0,Charge 6
2024-12-23T23:31:57Z,77.0,Charge 6
2024-12-23T23:32:00Z,77.0,Charge 6
2024-12-23T23:32:01Z,78.0,Charge 6
2024-12-23T23:32:04Z,78.0,Charge 6
2024-12-23T23:32:05Z,78.0,Charge 6
2024-12-23T23:32:08Z,78.0,Charge 6
2024-12-23T23:32:09Z,77.0,Charge 6
2024-12-23T23:32:10Z,77.0,Charge 6
2024-12-23T23:32:12Z,77.0,Charge 6
2024-12-23T23:32:15Z,77.0,Charge 6
2024-12-23T23:32:16Z,77.0,Charge 6
2024-12-23T23:32:18Z,76.0,Charge 6
2024-12-23T23:32:21Z,76.0,Charge 6
2024-12-23T23:32:24Z,76.0,Charge 6
2024-12-23T23:32:26Z,75.0,Charge 6
2024-12-23T23:32:28Z,74.0,Charge 6
2024-12-23T23:32:31Z,74.0,Charge 6
2024-12-23T23:32:34Z,74.0,Charge 6
2024-12-23T23:32:37Z,74.0,Charge 6
2024-12-23T23:32:40Z,74.0,Charge 6
2024-12-23T23:32:43Z,74.0,Charge 6
2024-12-23T23:32:46Z,74.0,Charge 6
2024-12-23T23:32:47Z,74.0,Charge 6
2024-12-23T23:32:50Z,74.0,Charge 6
2024-12-23T23:32:53Z,74.0,Charge 6
2024-12-23T23:32:56Z,74.0,Charge 6
2024-12-23T23:32:58Z,75.0,Charge 6
2024-12-23T23:33:00Z,76.0,Charge 6
2024-12-23T23:33:03Z,76.0,Charge 6
2024-12-23T23:33:06Z,76.0,Charge 6
2024-12-23T23:33:09Z,76.0,Charge 6
2024-12-23T23:33:12Z,76.0,Charge 6
2024-12-23T23:33:14Z,76.0,Charge 6
2024-12-23T23:33:17Z,76.0,Charge 6
2024-12-23T23:33:18Z,77.0,Charge 6
2024-12-23T23:33:20Z,78.0,Charge 6
2024-12-23T23:33:22Z,77.0,Charge 6
2024-12-23T23:33:25Z,77.0,Charge 6
2024-12-23T23:33:28Z,77.0,Charge 6
2024-12-23T23:33:29Z,77.0,Charge 6
2024-12-23T23:33:32Z,77.0,Charge 6
2024-12-23T23:33:33Z,78.0,Charge 6
2024-12-23T23:33:36Z,78.0,Charge 6
2024-12-23T23:33:39Z,78.0,Charge 6
2024-12-23T23:33:42Z,78.0,Charge 6
2024-12-23T23:33:45Z,78.0,Charge 6
2024-12-23T23:33:46Z,77.0,Charge 6
2024-12-23T23:33:48Z,77.0,Charge 6
2024-12-23T23:33:50Z,76.0,Charge 6
2024-12-23T23:33:52Z,76.0,Charge 6
2024-12-23T23:33:55Z,76.0,Charge 6
2024-12-23T23:33:56Z,76.0,Charge 6
2024-12-23T23:33:59Z,76.0,Charge 6
2024-12-23T23:34:00Z,76.0,Charge 6
2024-12-23T23:34:03Z,76.0,Charge 6
2024-12-23T23:34:04Z,76.0,Charge 6
2024-12-23T23:34:07Z,76.0,Charge 6
2024-12-23T23:34:08Z,75.0,Charge 6
2024-12-23T23:34:10Z,76.0,Charge 6
2024-12-23T23:34:11Z,75.0,Charge 6
2024-12-23T23:34:14Z,75.0,Charge 6
2024-12-23T23:34:15Z,76.0,Charge 6
2024-12-23T23:34:18Z,76.0,Charge 6
2024-12-23T23:34:21Z,76.0,Charge 6
2024-12-23T23:34:23Z,75.0,Charge 6
2024-12-23T23:34:25Z,74.0,Charge 6
2024-12-23T23:34:28Z,74.0,Charge 6
2024-12-23T23:34:31Z,74.0,Charge 6
2024-12-23T23:34:34Z,75.0,Charge 6
2024-12-23T23:34:36Z,75.0,Charge 6
2024-12-23T23:34:39Z,75.0,Charge 6
2024-12-23T23:34:40Z,76.0,Charge 6
2024-12-23T23:34:43Z,76.0,Charge 6
2024-12-23T23:34:46Z,76.0,Charge 6
2024-12-23T23:34:49Z,76.0,Charge 6
2024-12-23T23:34:50Z,76.0,Charge 6
2024-12-23T23:34:52Z,76.0,Charge 6
2024-12-23T23:34:54Z,77.0,Charge 6
2024-12-23T23:34:56Z,78.0,Charge 6
2024-12-23T23:34:59Z,77.0,Charge 6
2024-12-23T23:35:01Z,76.0,Charge 6
2024-12-23T23:35:03Z,77.0,Charge 6
2024-12-23T23:35:06Z,77.0,Charge 6
2024-12-23T23:35:09Z,78.0,Charge 6
2024-12-23T23:35:11Z,80.0,Charge 6
2024-12-23T23:35:13Z,83.0,Charge 6
2024-12-23T23:35:15Z,87.0,Charge 6
2024-12-23T23:35:17Z,91.0,Charge 6
2024-12-23T23:35:19Z,94.0,Charge 6
2024-12-23T23:35:21Z,99.0,Charge 6
2024-12-23T23:35:22Z,100.0,Charge 6
2024-12-23T23:35:24Z,99.0,Charge 6
2024-12-23T23:35:26Z,94.0,Charge 6
2024-12-23T23:35:28Z,83.0,Charge 6
2024-12-23T23:35:30Z,82.0,Charge 6
2024-12-23T23:35:32Z,82.0,Charge 6
2024-12-23T23:35:35Z,82.0,Charge 6
2024-12-23T23:35:36Z,81.0,Charge 6
2024-12-23T23:35:38Z,82.0,Charge 6
2024-12-23T23:35:41Z,82.0,Charge 6
2024-12-23T23:35:42Z,84.0,Charge 6
2024-12-23T23:35:44Z,86.0,Charge 6
2024-12-23T23:35:46Z,89.0,Charge 6
2024-12-23T23:35:47Z,91.0,Charge 6
2024-12-23T23:35:49Z,93.0,Charge 6
2024-12-23T23:35:51Z,96.0,Charge 6
2024-12-23T23:35:54Z,96.0,Charge 6
2024-12-23T23:35:55Z,97.0,Charge 6
2024-12-23T23:35:57Z,97.0,Charge 6
2024-12-23T23:35:59Z,95.0,Charge 6
2024-12-23T23:36:01Z,93.0,Charge 6
2024-12-23T23:36:03Z,91.0,Charge 6
2024-12-23T23:36:05Z,90.0,Charge 6
2024-12-23T23:36:07Z,89.0,Charge 6
2024-12-23T23:36:10Z,90.0,Charge 6
2024-12-23T23:36:13Z,90.0,Charge 6
2024-12-23T23:36:14Z,91.0,Charge 6
2024-12-23T23:36:16Z,94.0,Charge 6
2024-12-23T23:36:18Z,95.0,Charge 6
2024-12-23T23:36:20Z,96.0,Charge 6
2024-12-23T23:36:23Z,96.0,Charge 6
2024-12-23T23:36:24Z,96.0,Charge 6
2024-12-23T23:36:27Z,96.0,Charge 6
2024-12-23T23:36:28Z,96.0,Charge 6
2024-12-23T23:36:30Z,94.0,Charge 6
2024-12-23T23:36:33Z,94.0,Charge 6
2024-12-23T23:36:35Z,96.0,Charge 6
2024-12-23T23:36:38Z,96.0,Charge 6
2024-12-23T23:36:41Z,94.0,Charge 6
2024-12-23T23:36:43Z,92.0,Charge 6
2024-12-23T23:36:45Z,91.0,Charge 6
2024-12-23T23:36:47Z,90.0,Charge 6
2024-12-23T23:36:49Z,93.0,Charge 6
2024-12-23T23:36:51Z,96.0,Charge 6
2024-12-23T23:36:53Z,97.0,Charge 6
2024-12-23T23:36:56Z,97.0,Charge 6
2024-12-23T23:36:57Z,96.0,Charge 6
2024-12-23T23:37:00Z,96.0,Charge 6
2024-12-23T23:37:02Z,96.0,Charge 6
2024-12-23T23:37:04Z,96.0,Charge 6
2024-12-23T23:37:07Z,96.0,Charge 6
2024-12-23T23:37:08Z,94.0,Charge 6
2024-12-23T23:37:10Z,92.0,Charge 6
2024-12-23T23:37:12Z,90.0,Charge 6
2024-12-23T23:37:14Z,88.0,Charge 6
2024-12-23T23:37:16Z,87.0,Charge 6
2024-12-23T23:37:18Z,89.0,Charge 6
2024-12-23T23:37:20Z,92.0,Charge 6
2024-12-23T23:37:23Z,91.0,Charge 6
2024-12-23T23:37:25Z,94.0,Charge 6
2024-12-23T23:37:27Z,95.0,Charge 6
2024-12-23T23:37:29Z,98.0,Charge 6
2024-12-23T23:37:32Z,98.0,Charge 6
2024-12-23T23:37:35Z,97.0,Charge 6
2024-12-23T23:37:37Z,96.0,Charge 6
2024-12-23T23:37:40Z,96.0,Charge 6
2024-12-23T23:37:41Z,95.0,Charge 6
2024-12-23T23:37:44Z,95.0,Charge 6
2024-12-23T23:37:47Z,95.0,Charge 6
2024-12-23T23:37:48Z,94.0,Charge 6
2024-12-23T23:37:50Z,93.0,Charge 6
2024-12-23T23:37:52Z,92.0,Charge 6
2024-12-23T23:37:55Z,92.0,Charge 6
2024-12-23T23:37:56Z,93.0,Charge 6
2024-12-23T23:37:59Z,93.0,Charge 6
2024-12-23T23:38:00Z,92.0,Charge 6
2024-12-23T23:38:03Z,92.0,Charge 6
2024-12-23T23:38:06Z,91.0,Charge 6
2024-12-23T23:38:09Z,91.0,Charge 6
2024-12-23T23:38:10Z,92.0,Charge 6
2024-12-23T23:38:13Z,92.0,Charge 6
2024-12-23T23:38:15Z,93.0,Charge 6
2024-12-23T23:38:17Z,94.0,Charge 6
2024-12-23T23:38:20Z,94.0,Charge 6
2024-12-23T23:38:21Z,94.0,Charge 6
2024-12-23T23:38:24Z,94.0,Charge 6
2024-12-23T23:38:25Z,96.0,Charge 6
2024-12-23T23:38:28Z,96.0,Charge 6
2024-12-23T23:38:31Z,96.0,Charge 6
2024-12-23T23:38:34Z,96.0,Charge 6
2024-12-23T23:38:36Z,97.0,Charge 6
2024-12-23T23:38:38Z,95.0,Charge 6
2024-12-23T23:38:40Z,94.0,Charge 6
2024-12-23T23:38:42Z,96.0,Charge 6
2024-12-23T23:38:45Z,96.0,Charge 6
2024-12-23T23:38:48Z,96.0,Charge 6
2024-12-23T23:38:51Z,96.0,Charge 6
2024-12-23T23:38:52Z,97.0,Charge 6
2024-12-23T23:38:54Z,96.0,Charge 6
2024-12-23T23:38:56Z,95.0,Charge 6
2024-12-23T23:38:59Z,95.0,Charge 6
2024-12-23T23:39:02Z,95.0,Charge 6
2024-12-23T23:39:05Z,96.0,Charge 6
2024-12-23T23:39:08Z,96.0,Charge 6
2024-12-23T23:39:09Z,96.0,Charge 6
2024-12-23T23:39:11Z,98.0,Charge 6
2024-12-23T23:39:14Z,98.0,Charge 6
2024-12-23T23:39:15Z,100.0,Charge 6
2024-12-23T23:39:18Z,100.0,Charge 6
2024-12-23T23:39:19Z,99.0,Charge 6
2024-12-23T23:39:21Z,98.0,Charge 6
2024-12-23T23:39:22Z,98.0,Charge 6
2024-12-23T23:39:24Z,99.0,Charge 6
2024-12-23T23:39:26Z,100.0,Charge 6
2024-12-23T23:39:29Z,100.0,Charge 6
2024-12-23T23:39:30Z,99.0,Charge 6
2024-12-23T23:39:32Z,98.0,Charge 6
2024-12-23T23:39:35Z,98.0,Charge 6
2024-12-23T23:39:36Z,98.0,Charge 6
2024-12-23T23:39:38Z,99.0,Charge 6
2024-12-23T23:39:40Z,100.0,Charge 6
2024-12-23T23:39:42Z,99.0,Charge 6
2024-12-23T23:39:44Z,98.0,Charge 6
2024-12-23T23:39:46Z,99.0,Charge 6
2024-12-23T23:39:49Z,98.0,Charge 6
2024-12-23T23:39:51Z,97.0,Charge 6
2024-12-23T23:39:53Z,96.0,Charge 6
2024-12-23T23:39:55Z,95.0,Charge 6
2024-12-23T23:39:57Z,96.0,Charge 6
2024-12-23T23:39:59Z,96.0,Charge 6
2024-12-23T23:40:01Z,96.0,Charge 6
2024-12-23T23:40:03Z,94.0,Charge 6
2024-12-23T23:40:05Z,92.0,Charge 6
2024-12-23T23:40:08Z,92.0,Charge 6
2024-12-23T23:40:09Z,92.0,Charge 6
2024-12-23T23:40:10Z,91.0,Charge 6
2024-12-23T23:40:12Z,90.0,Charge 6
2024-12-23T23:40:14Z,89.0,Charge 6
2024-12-23T23:40:17Z,89.0,Charge 6
2024-12-23T23:40:18Z,90.0,Charge 6
2024-12-23T23:40:20Z,92.0,Charge 6
2024-12-23T23:40:22Z,93.0,Charge 6
2024-12-23T23:40:25Z,93.0,Charge 6
2024-12-23T23:40:26Z,94.0,Charge 6
2024-12-23T23:40:28Z,94.0,Charge 6
2024-12-23T23:40:31Z,94.0,Charge 6
2024-12-23T23:40:32Z,92.0,Charge 6
2024-12-23T23:40:34Z,92.0,Charge 6
2024-12-23T23:40:37Z,94.0,Charge 6
2024-12-23T23:40:40Z,94.0,Charge 6
2024-12-23T23:40:41Z,94.0,Charge 6
2024-12-23T23:40:44Z,94.0,Charge 6
2024-12-23T23:40:45Z,93.0,Charge 6
2024-12-23T23:40:47Z,92.0,Charge 6
2024-12-23T23:40:50Z,92.0,Charge 6
2024-12-23T23:40:51Z,91.0,Charge 6
2024-12-23T23:40:53Z,89.0,Charge 6
2024-12-23T23:40:55Z,87.0,Charge 6
2024-12-23T23:40:57Z,84.0,Charge 6
2024-12-23T23:41:00Z,82.0,Charge 6
2024-12-23T23:41:02Z,81.0,Charge 6
2024-12-23T23:41:04Z,81.0,Charge 6
2024-12-23T23:41:06Z,80.0,Charge 6
2024-12-23T23:41:09Z,80.0,Charge 6
2024-12-23T23:41:10Z,80.0,Charge 6
2024-12-23T23:41:13Z,80.0,Charge 6
2024-12-23T23:41:14Z,82.0,Charge 6
2024-12-23T23:41:17Z,82.0,Charge 6
2024-12-23T23:41:20Z,82.0,Charge 6
2024-12-23T23:41:23Z,82.0,Charge 6
2024-12-23T23:41:26Z,82.0,Charge 6
2024-12-23T23:41:29Z,82.0,Charge 6
2024-12-23T23:41:32Z,82.0,Charge 6
2024-12-23T23:41:33Z,82.0,Charge 6
2024-12-23T23:41:35Z,82.0,Charge 6
2024-12-23T23:41:38Z,82.0,Charge 6
2024-12-23T23:41:41Z,83.0,Charge 6
2024-12-23T23:41:43Z,84.0,Charge 6
2024-12-23T23:41:46Z,84.0,Charge 6
2024-12-23T23:41:48Z,82.0,Charge 6
2024-12-23T23:41:51Z,82.0,Charge 6
2024-12-23T23:41:54Z,80.0,Charge 6
2024-12-23T23:41:57Z,80.0,Charge 6
2024-12-23T23:42:00Z,80.0,Charge 6
2024-12-23T23:42:03Z,80.0,Charge 6
2024-12-23T23:42:06Z,80.0,Charge 6
2024-12-23T23:42:09Z,80.0,Charge 6
2024-12-23T23:42:12Z,80.0,Charge 6
2024-12-23T23:42:15Z,80.0,Charge 6
2024-12-23T23:42:18Z,80.0,Charge 6
2024-12-23T23:42:21Z,80.0,Charge 6
2024-12-23T23:42:24Z,80.0,Charge 6
2024-12-23T23:42:27Z,80.0,Charge 6
2024-12-23T23:42:30Z,80.0,Charge 6
2024-12-23T23:42:31Z,79.0,Charge 6
2024-12-23T23:42:33Z,79.0,Charge 6
2024-12-23T23:42:34Z,78.0,Charge 6
2024-12-23T23:42:37Z,78.0,Charge 6
2024-12-23T23:42:40Z,77.0,Charge 6
2024-12-23T23:42:42Z,76.0,Charge 6
2024-12-23T23:42:45Z,76.0,Charge 6
2024-12-23T23:42:46Z,76.0,Charge 6
2024-12-23T23:42:49Z,76.0,Charge 6
2024-12-23T23:42:52Z,76.0,Charge 6
2024-12-23T23:42:55Z,76.0,Charge 6
2024-12-23T23:42:58Z,76.0,Charge 6
2024-12-23T23:42:59Z,78.0,Charge 6
2024-12-23T23:43:02Z,78.0,Charge 6
2024-12-23T23:43:03Z,80.0,Charge 6
2024-12-23T23:43:05Z,81.0,Charge 6
2024-12-23T23:43:07Z,82.0,Charge 6
2024-12-23T23:43:09Z,81.0,Charge 6
2024-12-23T23:43:11Z,81.0,Charge 6
2024-12-23T23:43:13Z,80.0,Charge 6
2024-12-23T23:43:15Z,80.0,Charge 6
2024-12-23T23:43:18Z,80.0,Charge 6
2024-12-23T23:43:19Z,79.0,Charge 6
2024-12-23T23:43:21Z,79.0,Charge 6
2024-12-23T23:43:22Z,78.0,Charge 6
2024-12-23T23:43:25Z,78.0,Charge 6
2024-12-23T23:43:28Z,78.0,Charge 6
2024-12-23T23:43:31Z,78.0,Charge 6
2024-12-23T23:43:32Z,78.0,Charge 6
2024-12-23T23:43:35Z,78.0,Charge 6
2024-12-23T23:43:38Z,78.0,Charge 6
2024-12-23T23:43:41Z,78.0,Charge 6
2024-12-23T23:43:44Z,79.0,Charge 6
2024-12-23T23:43:47Z,79.0,Charge 6
2024-12-23T23:43:49Z,79.0,Charge 6
2024-12-23T23:43:51Z,80.0,Charge 6
2024-12-23T23:43:54Z,80.0,Charge 6
2024-12-23T23:43:57Z,80.0,Charge 6
2024-12-23T23:44:00Z,80.0,Charge 6
2024-12-23T23:44:03Z,80.0,Charge 6
2024-12-23T23:44:05Z,80.0,Charge 6
2024-12-23T23:44:08Z,80.0,Charge 6
2024-12-23T23:44:11Z,80.0,Charge 6
2024-12-23T23:44:14Z,80.0,Charge 6
2024-12-23T23:44:17Z,80.0,Charge 6
2024-12-23T23:44:20Z,80.0,Charge 6
2024-12-23T23:44:23Z,80.0,Charge 6
2024-12-23T23:44:26Z,80.0,Charge 6
2024-12-23T23:44:29Z,80.0,Charge 6
2024-12-23T23:44:32Z,79.0,Charge 6
2024-12-23T23:44:34Z,78.0,Charge 6
2024-12-23T23:44:37Z,79.0,Charge 6
2024-12-23T23:44:39Z,80.0,Charge 6
2024-12-23T23:44:42Z,80.0,Charge 6
2024-12-23T23:44:43Z,81.0,Charge 6
2024-12-23T23:44:45Z,82.0,Charge 6
2024-12-23T23:44:48Z,82.0,Charge 6
2024-12-23T23:44:49Z,84.0,Charge 6
2024-12-23T23:44:51Z,85.0,Charge 6
2024-12-23T23:44:53Z,86.0,Charge 6
2024-12-23T23:44:56Z,86.0,Charge 6
2024-12-23T23:44:57Z,87.0,Charge 6
2024-12-23T23:44:58Z,88.0,Charge 6
2024-12-23T23:45:00Z,87.0,Charge 6
2024-12-23T23:45:02Z,84.0,Charge 6
2024-12-23T23:45:04Z,81.0,Charge 6
2024-12-23T23:45:06Z,77.0,Charge 6
2024-12-23T23:45:09Z,77.0,Charge 6
2024-12-23T23:45:12Z,78.0,Charge 6
2024-12-23T23:45:14Z,80.0,Charge 6
2024-12-23T23:45:16Z,82.0,Charge 6
2024-12-23T23:45:18Z,84.0,Charge 6
2024-12-23T23:45:21Z,84.0,Charge 6
2024-12-23T23:45:24Z,84.0,Charge 6
2024-12-23T23:45:27Z,84.0,Charge 6
2024-12-23T23:45:29Z,85.0,Charge 6
2024-12-23T23:45:31Z,86.0,Charge 6
2024-12-23T23:45:33Z,85.0,Charge 6
2024-12-23T23:45:35Z,84.0,Charge 6
2024-12-23T23:45:38Z,84.0,Charge 6
2024-12-23T23:45:41Z,84.0,Charge 6
2024-12-23T23:45:44Z,84.0,Charge 6
2024-12-23T23:45:45Z,84.0,Charge 6
2024-12-23T23:45:48Z,82.0,Charge 6
2024-12-23T23:45:50Z,81.0,Charge 6
2024-12-23T23:45:52Z,80.0,Charge 6
2024-12-23T23:45:55Z,80.0,Charge 6
2024-12-23T23:45:58Z,80.0,Charge 6
2024-12-23T23:46:00Z,81.0,Charge 6
2024-12-23T23:46:02Z,82.0,Charge 6
2024-12-23T23:46:05Z,82.0,Charge 6
2024-12-23T23:46:08Z,83.0,Charge 6
2024-12-23T23:46:10Z,84.0,Charge 6
2024-12-23T23:46:13Z,86.0,Charge 6
2024-12-23T23:46:16Z,86.0,Charge 6
2024-12-23T23:46:17Z,85.0,Charge 6
2024-12-23T23:46:19Z,83.0,Charge 6
2024-12-23T23:46:21Z,81.0,Charge 6
2024-12-23T23:46:23Z,79.0,Charge 6
2024-12-23T23:46:25Z,78.0,Charge 6
2024-12-23T23:46:27Z,77.0,Charge 6
2024-12-23T23:46:29Z,76.0,Charge 6
2024-12-23T23:46:31Z,77.0,Charge 6
2024-12-23T23:46:33Z,78.0,Charge 6
2024-12-23T23:46:34Z,78.0,Charge 6
2024-12-23T23:46:37Z,78.0,Charge 6
2024-12-23T23:46:38Z,78.0,Charge 6
2024-12-23T23:46:40Z,77.0,Charge 6
2024-12-23T23:46:43Z,77.0,Charge 6
2024-12-23T23:46:46Z,77.0,Charge 6
2024-12-23T23:46:48Z,76.0,Charge 6
2024-12-23T23:46:50Z,75.0,Charge 6
2024-12-23T23:46:52Z,74.0,Charge 6
2024-12-23T23:46:55Z,74.0,Charge 6
2024-12-23T23:46:56Z,73.0,Charge 6
2024-12-23T23:46:58Z,74.0,Charge 6
2024-12-23T23:47:01Z,76.0,Charge 6
2024-12-23T23:47:03Z,76.0,Charge 6
2024-12-23T23:47:05Z,75.0,Charge 6
2024-12-23T23:47:08Z,75.0,Charge 6
2024-12-23T23:47:11Z,75.0,Charge 6
2024-12-23T23:47:14Z,75.0,Charge 6
2024-12-23T23:47:17Z,75.0,Charge 6
2024-12-23T23:47:19Z,75.0,Charge 6
2024-12-23T23:47:21Z,76.0,Charge 6
2024-12-23T23:47:24Z,76.0,Charge 6
2024-12-23T23:47:27Z,76.0,Charge 6
2024-12-23T23:47:30Z,76.0,Charge 6
2024-12-23T23:47:32Z,77.0,Charge 6
2024-12-23T23:47:35Z,77.0,Charge 6
2024-12-23T23:47:36Z,76.0,Charge 6
2024-12-23T23:47:39Z,76.0,Charge 6
2024-12-23T23:47:40Z,76.0,Charge 6
2024-12-23T23:47:43Z,76.0,Charge 6
2024-12-23T23:47:46Z,76.0,Charge 6
2024-12-23T23:47:49Z,76.0,Charge 6
2024-12-23T23:47:52Z,76.0,Charge 6
2024-12-23T23:47:53Z,77.0,Charge 6
2024-12-23T23:47:55Z,78.0,Charge 6
2024-12-23T23:47:57Z,77.0,Charge 6
2024-12-23T23:48:00Z,77.0,Charge 6
2024-12-23T23:48:01Z,78.0,Charge 6
2024-12-23T23:48:03Z,77.0,Charge 6
2024-12-23T23:48:05Z,78.0,Charge 6
2024-12-23T23:48:07Z,78.0,Charge 6
2024-12-23T23:48:09Z,77.0,Charge 6
2024-12-23T23:48:10Z,78.0,Charge 6
2024-12-23T23:48:13Z,78.0,Charge 6
2024-12-23T23:48:14Z,79.0,Charge 6
2024-12-23T23:48:17Z,79.0,Charge 6
2024-12-23T23:48:18Z,79.0,Charge 6
2024-12-23T23:48:20Z,78.0,Charge 6
2024-12-23T23:48:23Z,78.0,Charge 6
2024-12-23T23:48:24Z,77.0,Charge 6
2024-12-23T23:48:26Z,76.0,Charge 6
2024-12-23T23:48:29Z,76.0,Charge 6
2024-12-23T23:48:30Z,76.0,Charge 6
2024-12-23T23:48:32Z,75.0,Charge 6
2024-12-23T23:48:34Z,75.0,Charge 6
2024-12-23T23:48:35Z,75.0,Charge 6
2024-12-23T23:48:37Z,76.0,Charge 6
2024-12-23T23:48:40Z,76.0,Charge 6
2024-12-23T23:48:41Z,75.0,Charge 6
2024-12-23T23:48:43Z,75.0,Charge 6
2024-12-23T23:48:45Z,74.0,Charge 6
2024-12-23T23:48:47Z,74.0,Charge 6
2024-12-23T23:48:50Z,74.0,Charge 6
2024-12-23T23:48:53Z,75.0,Charge 6
2024-12-23T23:48:55Z,76.0,Charge 6
2024-12-23T23:48:57Z,76.0,Charge 6
2024-12-23T23:49:00Z,76.0,Charge 6
2024-12-23T23:49:02Z,76.0,Charge 6
2024-12-23T23:49:04Z,76.0,Charge 6
2024-12-23T23:49:06Z,77.0,Charge 6
2024-12-23T23:49:09Z,77.0,Charge 6
2024-12-23T23:49:10Z,78.0,Charge 6
2024-12-23T23:49:13Z,78.0,Charge 6
2024-12-23T23:49:16Z,78.0,Charge 6
2024-12-23T23:49:18Z,77.0,Charge 6
2024-12-23T23:49:21Z,77.0,Charge 6
2024-12-23T23:49:23Z,76.0,Charge 6
2024-12-23T23:49:25Z,77.0,Charge 6
2024-12-23T23:49:27Z,77.0,Charge 6
2024-12-23T23:49:29Z,78.0,Charge 6
2024-12-23T23:49:32Z,78.0,Charge 6
2024-12-23T23:49:33Z,78.0,Charge 6
2024-12-23T23:49:36Z,78.0,Charge 6
2024-12-23T23:49:37Z,80.0,Charge 6
2024-12-23T23:49:39Z,80.0,Charge 6
2024-12-23T23:49:41Z,80.0,Charge 6
2024-12-23T23:49:43Z,79.0,Charge 6
2024-12-23T23:49:45Z,78.0,Charge 6
2024-12-23T23:49:48Z,77.0,Charge 6
2024-12-23T23:49:50Z,76.0,Charge 6
2024-12-23T23:49:53Z,76.0,Charge 6
2024-12-23T23:49:56Z,75.0,Charge 6
2024-12-23T23:49:58Z,76.0,Charge 6
2024-12-23T23:50:01Z,76.0,Charge 6
2024-12-23T23:50:04Z,76.0,Charge 6
2024-12-23T23:50:06Z,75.0,Charge 6
2024-12-23T23:50:08Z,76.0,Charge 6
2024-12-23T23:50:11Z,76.0,Charge 6
2024-12-23T23:50:13Z,76.0,Charge 6
2024-12-23T23:50:16Z,76.0,Charge 6
2024-12-23T23:50:17Z,76.0,Charge 6
2024-12-23T23:50:20Z,76.0,Charge 6
2024-12-23T23:50:21Z,77.0,Charge 6
2024-12-23T23:50:23Z,78.0,Charge 6
2024-12-23T23:50:26Z,78.0,Charge 6
2024-12-23T23:50:29Z,77.0,Charge 6
2024-12-23T23:50:31Z,77.0,Charge 6
2024-12-23T23:50:33Z,78.0,Charge 6
2024-12-23T23:50:34Z,78.0,Charge 6
2024-12-23T23:50:36Z,77.0,Charge 6
2024-12-23T23:50:38Z,76.0,Charge 6
2024-12-23T23:50:41Z,76.0,Charge 6
2024-12-23T23:50:44Z,76.0,Charge 6
2024-12-23T23:50:47Z,76.0,Charge 6
2024-12-23T23:50:50Z,76.0,Charge 6
2024-12-23T23:50:53Z,76.0,Charge 6
2024-12-23T23:50:54Z,77.0,Charge 6
2024-12-23T23:50:57Z,77.0,Charge 6
2024-12-23T23:50:58Z,78.0,Charge 6
2024-12-23T23:50:59Z,78.0,Charge 6
2024-12-23T23:51:02Z,78.0,Charge 6
2024-12-23T23:51:03Z,77.0,Charge 6
2024-12-23T23:51:06Z,77.0,Charge 6
2024-12-23T23:51:09Z,77.0,Charge 6
2024-12-23T23:51:12Z,77.0,Charge 6
2024-12-23T23:51:13Z,78.0,Charge 6
2024-12-23T23:51:15Z,77.0,Charge 6
2024-12-23T23:51:17Z,78.0,Charge 6
2024-12-23T23:51:20Z,78.0,Charge 6
2024-12-23T23:51:23Z,78.0,Charge 6
2024-12-23T23:51:26Z,78.0,Charge 6
2024-12-23T23:51:29Z,78.0,Charge 6
2024-12-23T23:51:32Z,78.0,Charge 6
2024-12-23T23:51:35Z,78.0,Charge 6
2024-12-23T23:51:38Z,78.0,Charge 6
2024-12-23T23:51:41Z,78.0,Charge 6
2024-12-23T23:51:44Z,79.0,Charge 6
2024-12-23T23:51:46Z,80.0,Charge 6
2024-12-23T23:51:49Z,80.0,Charge 6
2024-12-23T23:51:52Z,80.0,Charge 6
2024-12-23T23:51:53Z,79.0,Charge 6
2024-12-23T23:51:55Z,78.0,Charge 6
2024-12-23T23:51:58Z,78.0,Charge 6
2024-12-23T23:52:01Z,78.0,Charge 6
2024-12-23T23:52:04Z,78.0,Charge 6
2024-12-23T23:52:07Z,78.0,Charge 6
2024-12-23T23:52:09Z,77.0,Charge 6
2024-12-23T23:52:10Z,78.0,Charge 6
2024-12-23T23:52:13Z,78.0,Charge 6
2024-12-23T23:52:14Z,78.0,Charge 6
2024-12-23T23:52:17Z,78.0,Charge 6
2024-12-23T23:52:20Z,78.0,Charge 6
2024-12-23T23:52:22Z,78.0,Charge 6
2024-12-23T23:52:25Z,78.0,Charge 6
2024-12-23T23:52:26Z,77.0,Charge 6
2024-12-23T23:52:28Z,76.0,Charge 6
2024-12-23T23:52:31Z,76.0,Charge 6
2024-12-23T23:52:34Z,76.0,Charge 6
2024-12-23T23:52:37Z,76.0,Charge 6
2024-12-23T23:52:40Z,76.0,Charge 6
2024-12-23T23:52:43Z,76.0,Charge 6
2024-12-23T23:52:45Z,76.0,Charge 6
2024-12-23T23:52:48Z,76.0,Charge 6
2024-12-23T23:52:51Z,76.0,Charge 6
2024-12-23T23:52:54Z,76.0,Charge 6
2024-12-23T23:52:55Z,76.0,Charge 6
2024-12-23T23:52:58Z,76.0,Charge 6
2024-12-23T23:53:01Z,76.0,Charge 6
2024-12-23T23:53:02Z,76.0,Charge 6
2024-12-23T23:53:05Z,76.0,Charge 6
2024-12-23T23:53:08Z,76.0,Charge 6
2024-12-23T23:53:11Z,76.0,Charge 6
2024-12-23T23:53:14Z,76.0,Charge 6
2024-12-23T23:53:16Z,77.0,Charge 6
2024-12-23T23:53:18Z,78.0,Charge 6
2024-12-23T23:53:21Z,78.0,Charge 6
2024-12-23T23:53:22Z,79.0,Charge 6
2024-12-23T23:53:25Z,79.0,Charge 6
2024-12-23T23:53:27Z,78.0,Charge 6
2024-12-23T23:53:30Z,78.0,Charge 6
2024-12-23T23:53:33Z,78.0,Charge 6
2024-12-23T23:53:35Z,78.0,Charge 6
2024-12-23T23:53:38Z,78.0,Charge 6
2024-12-23T23:53:39Z,79.0,Charge 6
2024-12-23T23:53:41Z,80.0,Charge 6
2024-12-23T23:53:44Z,80.0,Charge 6
2024-12-23T23:53:45Z,78.0,Charge 6
2024-12-23T23:53:46Z,77.0,Charge 6
2024-12-23T23:53:48Z,76.0,Charge 6
2024-12-23T23:53:51Z,76.0,Charge 6
2024-12-23T23:53:54Z,76.0,Charge 6
2024-12-23T23:53:57Z,76.0,Charge 6
2024-12-23T23:54:00Z,76.0,Charge 6
2024-12-23T23:54:03Z,76.0,Charge 6
2024-12-23T23:54:04Z,76.0,Charge 6
2024-12-23T23:54:07Z,76.0,Charge 6
2024-12-23T23:54:08Z,74.0,Charge 6
2024-12-23T23:54:10Z,74.0,Charge 6
2024-12-23T23:54:11Z,75.0,Charge 6
2024-12-23T23:54:13Z,77.0,Charge 6
2024-12-23T23:54:15Z,78.0,Charge 6
2024-12-23T23:54:18Z,78.0,Charge 6
2024-12-23T23:54:19Z,77.0,Charge 6
2024-12-23T23:54:21Z,76.0,Charge 6
2024-12-23T23:54:23Z,74.0,Charge 6
2024-12-23T23:54:25Z,75.0,Charge 6
2024-12-23T23:54:27Z,76.0,Charge 6
2024-12-23T23:54:29Z,76.0,Charge 6
2024-12-23T23:54:32Z,76.0,Charge 6
2024-12-23T23:54:33Z,75.0,Charge 6
2024-12-23T23:54:36Z,76.0,Charge 6
2024-12-23T23:54:38Z,78.0,Charge 6
2024-12-23T23:54:41Z,78.0,Charge 6
2024-12-23T23:54:42Z,77.0,Charge 6
2024-12-23T23:54:44Z,76.0,Charge 6
2024-12-23T23:54:46Z,74.0,Charge 6
2024-12-23T23:54:49Z,74.0,Charge 6
2024-12-23T23:54:50Z,74.0,Charge 6
2024-12-23T23:54:52Z,75.0,Charge 6
2024-12-23T23:54:54Z,76.0,Charge 6
2024-12-23T23:54:57Z,76.0,Charge 6
2024-12-23T23:55:00Z,76.0,Charge 6
2024-12-23T23:55:01Z,78.0,Charge 6
2024-12-23T23:55:03Z,78.0,Charge 6
2024-12-23T23:55:06Z,78.0,Charge 6
2024-12-23T23:55:07Z,77.0,Charge 6
2024-12-23T23:55:09Z,76.0,Charge 6
2024-12-23T23:55:11Z,74.0,Charge 6
2024-12-23T23:55:14Z,74.0,Charge 6
2024-12-23T23:55:15Z,74.0,Charge 6
2024-12-23T23:55:18Z,74.0,Charge 6
2024-12-23T23:55:19Z,75.0,Charge 6
2024-12-23T23:55:21Z,76.0,Charge 6
2024-12-23T23:55:24Z,76.0,Charge 6
2024-12-23T23:55:26Z,77.0,Charge 6
2024-12-23T23:55:28Z,78.0,Charge 6
2024-12-23T23:55:30Z,78.0,Charge 6
2024-12-23T23:55:31Z,79.0,Charge 6
2024-12-23T23:55:33Z,80.0,Charge 6
2024-12-23T23:55:36Z,80.0,Charge 6
2024-12-23T23:55:37Z,78.0,Charge 6
2024-12-23T23:55:40Z,78.0,Charge 6
2024-12-23T23:55:41Z,77.0,Charge 6
2024-12-23T23:55:43Z,76.0,Charge 6
2024-12-23T23:55:46Z,76.0,Charge 6
2024-12-23T23:55:49Z,75.0,Charge 6
2024-12-23T23:55:52Z,75.0,Charge 6
2024-12-23T23:55:53Z,75.0,Charge 6
2024-12-23T23:55:56Z,75.0,Charge 6
2024-12-23T23:55:59Z,75.0,Charge 6
2024-12-23T23:56:00Z,75.0,Charge 6
2024-12-23T23:56:02Z,74.0,Charge 6
2024-12-23T23:56:04Z,75.0,Charge 6
2024-12-23T23:56:06Z,76.0,Charge 6
2024-12-23T23:56:08Z,76.0,Charge 6
2024-12-23T23:56:10Z,77.0,Charge 6
2024-12-23T23:56:13Z,77.0,Charge 6
2024-12-23T23:56:14Z,78.0,Charge 6
2024-12-23T23:56:16Z,79.0,Charge 6
2024-12-23T23:56:18Z,80.0,Charge 6
2024-12-23T23:56:19Z,81.0,Charge 6
2024-12-23T23:56:21Z,80.0,Charge 6
2024-12-23T23:56:24Z,80.0,Charge 6
2024-12-23T23:56:25Z,78.0,Charge 6
2024-12-23T23:56:27Z,79.0,Charge 6
2024-12-23T23:56:29Z,80.0,Charge 6
2024-12-23T23:56:32Z,80.0,Charge 6
2024-12-23T23:56:35Z,78.0,Charge 6
2024-12-23T23:56:37Z,77.0,Charge 6
2024-12-23T23:56:39Z,76.0,Charge 6
2024-12-23T23:56:42Z,76.0,Charge 6
2024-12-23T23:56:45Z,76.0,Charge 6
2024-12-23T23:56:48Z,76.0,Charge 6
2024-12-23T23:56:50Z,75.0,Charge 6
2024-12-23T23:56:53Z,75.0,Charge 6
2024-12-23T23:56:56Z,75.0,Charge 6
2024-12-23T23:56:58Z,76.0,Charge 6
2024-12-23T23:57:00Z,76.0,Charge 6
2024-12-23T23:57:03Z,76.0,Charge 6
2024-12-23T23:57:04Z,77.0,Charge 6
2024-12-23T23:57:06Z,78.0,Charge 6
2024-12-23T23:57:07Z,79.0,Charge 6
2024-12-23T23:57:09Z,80.0,Charge 6
2024-12-23T23:57:11Z,82.0,Charge 6
2024-12-23T23:57:13Z,81.0,Charge 6
2024-12-23T23:57:15Z,80.0,Charge 6
2024-12-23T23:57:17Z,77.0,Charge 6
2024-12-23T23:57:19Z,75.0,Charge 6
2024-12-23T23:57:21Z,74.0,Charge 6
2024-12-23T23:57:24Z,74.0,Charge 6
2024-12-23T23:57:27Z,74.0,Charge 6
2024-12-23T23:57:29Z,76.0,Charge 6
2024-12-23T23:57:32Z,76.0,Charge 6
2024-12-23T23:57:34Z,74.0,Charge 6
2024-12-23T23:57:37Z,74.0,Charge 6
2024-12-23T23:57:40Z,74.0,Charge 6
2024-12-23T23:57:42Z,76.0,Charge 6
2024-12-23T23:57:44Z,76.0,Charge 6
2024-12-23T23:57:46Z,77.0,Charge 6
2024-12-23T23:57:48Z,80.0,Charge 6
2024-12-23T23:57:50Z,83.0,Charge 6
2024-12-23T23:57:52Z,84.0,Charge 6
2024-12-23T23:57:54Z,86.0,Charge 6
2024-12-23T23:57:55Z,85.0,Charge 6
2024-12-23T23:57:57Z,82.0,Charge 6
2024-12-23T23:57:59Z,80.0,Charge 6
2024-12-23T23:58:01Z,78.0,Charge 6
2024-12-23T23:58:04Z,78.0,Charge 6
2024-12-23T23:58:05Z,77.0,Charge 6
2024-12-23T23:58:07Z,76.0,Charge 6
2024-12-23T23:58:09Z,77.0,Charge 6
2024-12-23T23:58:11Z,76.0,Charge 6
2024-12-23T23:58:14Z,76.0,Charge 6
2024-12-23T23:58:15Z,76.0,Charge 6
2024-12-23T23:58:18Z,75.0,Charge 6
2024-12-23T23:58:20Z,76.0,Charge 6
2024-12-23T23:58:23Z,76.0,Charge 6
2024-12-23T23:58:24Z,76.0,Charge 6
2024-12-23T23:58:27Z,76.0,Charge 6
2024-12-23T23:58:30Z,76.0,Charge 6
2024-12-23T23:58:33Z,76.0,Charge 6
2024-12-23T23:58:36Z,76.0,Charge 6
2024-12-23T23:58:39Z,76.0,Charge 6
2024-12-23T23:58:40Z,75.0,Charge 6
2024-12-23T23:58:42Z,75.0,Charge 6
2024-12-23T23:58:43Z,74.0,Charge 6
2024-12-23T23:58:46Z,74.0,Charge 6
2024-12-23T23:58:49Z,74.0,Charge 6
2024-12-23T23:58:52Z,74.0,Charge 6
2024-12-23T23:58:55Z,74.0,Charge 6
2024-12-23T23:58:57Z,75.0,Charge 6
2024-12-23T23:59:00Z,75.0,Charge 6
2024-12-23T23:59:01Z,76.0,Charge 6
2024-12-23T23:59:04Z,76.0,Charge 6
2024-12-23T23:59:07Z,76.0,Charge 6
2024-12-23T23:59:08Z,76.0,Charge 6
2024-12-23T23:59:11Z,76.0,Charge 6
2024-12-23T23:59:12Z,77.0,Charge 6
2024-12-23T23:59:15Z,77.0,Charge 6
2024-12-23T23:59:16Z,78.0,Charge 6
2024-12-23T23:59:19Z,78.0,Charge 6
2024-12-23T23:59:22Z,78.0,Charge 6
2024-12-23T23:59:25Z,78.0,Charge 6
2024-12-23T23:59:28Z,78.0,Charge 6
2024-12-23T23:59:31Z,80.0,Charge 6
2024-12-23T23:59:33Z,82.0,Charge 6
2024-12-23T23:59:35Z,83.0,Charge 6
2024-12-23T23:59:38Z,83.0,Charge 6
2024-12-23T23:59:41Z,82.0,Charge 6
2024-12-23T23:59:44Z,82.0,Charge 6
2024-12-23T23:59:45Z,81.0,Charge 6
2024-12-23T23:59:47Z,80.0,Charge 6
2024-12-23T23:59:50Z,80.0,Charge 6
2024-12-23T23:59:51Z,79.0,Charge 6
2024-12-23T23:59:54Z,78.0,Charge 6
2024-12-23T23:59:57Z,78.0,Charge 6
