timestamp,steps,distance millimeters,altitude gain millimeters,data source
2025-12-22T11:26:30Z,0,0,0,Charge 6
2025-12-22T11:26:31Z,2,0,0,Charge 6
2025-12-22T11:26:32Z,1,170,0,Charge 6
2025-12-22T11:26:33Z,2,260,0,Charge 6
2025-12-22T11:26:34Z,2,400,0,Charge 6
2025-12-22T11:26:35Z,2,570,0,Charge 6
2025-12-22T11:26:36Z,2,690,0,Charge 6
2025-12-22T11:26:37Z,2,820,0,Charge 6
2025-12-22T11:26:38Z,2,920,0,Charge 6
2025-12-22T11:26:39Z,2,1000,0,Charge 6
2025-12-22T11:26:40Z,2,1070,0,Charge 6
2025-12-22T11:26:41Z,1,1080,0,Charge 6
2025-12-22T11:26:42Z,3,1390,0,Charge 6
2025-12-22T11:26:43Z,1,1380,0,Charge 6
2025-12-22T11:26:44Z,2,1390,0,Charge 6
2025-12-22T11:26:45Z,2,1380,0,Charge 6
2025-12-22T11:26:46Z,2,1410,0,Charge 6
2025-12-22T11:26:47Z,1,1420,0,Charge 6
2025-12-22T11:26:48Z,2,1400,0,Charge 6
2025-12-22T11:26:49Z,2,1400,0,Charge 6
2025-12-22T11:26:50Z,2,1390,0,Charge 6
2025-12-22T11:26:51Z,2,1390,0,Charge 6
2025-12-22T11:26:52Z,2,1430,0,Charge 6
2025-12-22T11:26:53Z,2,1450,0,Charge 6
2025-12-22T11:26:54Z,2,1470,0,Charge 6
2025-12-22T11:26:55Z,2,1480,0,Charge 6
2025-12-22T11:26:56Z,2,1490,0,Charge 6
2025-12-22T11:26:57Z,2,1510,0,Charge 6
2025-12-22T11:26:58Z,2,1510,0,Charge 6
2025-12-22T11:26:59Z,2,1520,0,Charge 6
2025-12-22T11:27:00Z,2,1510,0,Charge 6
2025-12-22T11:27:01Z,2,1520,0,Charge 6
2025-12-22T11:27:02Z,2,1510,0,Charge 6
2025-12-22T11:27:03Z,2,1520,0,Charge 6
2025-12-22T11:27:04Z,1,1510,0,Charge 6
2025-12-22T11:27:05Z,2,1500,0,Charge 6
2025-12-22T11:27:06Z,0,1400,0,Charge 6
2025-12-22T11:27:07Z,0,1240,0,Charge 6
2025-12-22T11:27:08Z,1,1050,0,Charge 6
2025-12-22T11:27:09Z,2,0,0,Charge 6
2025-12-22T11:27:10Z,2,600,0,Charge 6
2025-12-22T11:27:11Z,2,600,0,Charge 6
2025-12-22T11:27:12Z,2,650,0,Charge 6
2025-12-22T11:27:13Z,2,770,0,Charge 6
2025-12-22T11:27:14Z,2,920,0,Charge 6
2025-12-22T11:27:15Z,2,1120,0,Charge 6
2025-12-22T11:27:16Z,2,1180,0,Charge 6
2025-12-22T11:27:17Z,2,1250,0,Charge 6
2025-12-22T11:27:18Z,2,1280,0,Charge 6
2025-12-22T11:27:19Z,2,1310,0,Charge 6
2025-12-22T11:27:20Z,2,1340,0,Charge 6
2025-12-22T11:27:21Z,2,1470,0,Charge 6
2025-12-22T11:27:22Z,2,1480,0,Charge 6
2025-12-22T11:27:23Z,2,1480,0,Charge 6
2025-12-22T11:27:24Z,2,1470,0,Charge 6
2025-12-22T11:27:25Z,2,1490,0,Charge 6
2025-12-22T11:27:26Z,2,1480,0,Charge 6
2025-12-22T11:27:27Z,2,1480,0,Charge 6
2025-12-22T11:27:28Z,2,1490,0,Charge 6
2025-12-22T11:27:29Z,2,1480,0,Charge 6
2025-12-22T11:27:30Z,2,1490,0,Charge 6
2025-12-22T11:27:31Z,2,1490,0,Charge 6
2025-12-22T11:27:32Z,2,1490,0,Charge 6
2025-12-22T11:27:33Z,2,1490,0,Charge 6
2025-12-22T11:27:34Z,2,1500,0,Charge 6
2025-12-22T11:27:35Z,2,1490,0,Charge 6
2025-12-22T11:27:36Z,2,1490,0,Charge 6
2025-12-22T11:27:37Z,2,1490,0,Charge 6
2025-12-22T11:27:38Z,0,1430,0,Charge 6
2025-12-22T11:27:39Z,3,1430,0,Charge 6
2025-12-22T11:27:40Z,4,1490,0,Charge 6
2025-12-22T11:27:41Z,1,1500,0,Charge 6
2025-12-22T11:27:42Z,1,1490,0,Charge 6
2025-12-22T11:27:43Z,2,1540,0,Charge 6
2025-12-22T11:27:44Z,2,1540,0,Charge 6
2025-12-22T11:27:45Z,2,1460,0,Charge 6
2025-12-22T11:27:46Z,2,1460,0,Charge 6
2025-12-22T11:27:47Z,2,1460,0,Charge 6
2025-12-22T11:27:48Z,2,1460,0,Charge 6
2025-12-22T11:27:49Z,0,1400,0,Charge 6
2025-12-22T11:27:50Z,2,1360,0,Charge 6
2025-12-22T11:27:51Z,1,1290,0,Charge 6
2025-12-22T11:27:52Z,2,1230,0,Charge 6
2025-12-22T11:27:53Z,2,1190,0,Charge 6
2025-12-22T11:27:54Z,2,1200,0,Charge 6
2025-12-22T11:27:55Z,2,1200,0,Charge 6
2025-12-22T11:27:56Z,2,1210,0,Charge 6
2025-12-22T11:27:57Z,2,1220,0,Charge 6
2025-12-22T11:27:58Z,2,1220,0,Charge 6
2025-12-22T11:27:59Z,2,1240,0,Charge 6
2025-12-22T11:28:00Z,2,1240,0,Charge 6
2025-12-22T11:28:01Z,2,1250,0,Charge 6
2025-12-22T11:28:02Z,1,1250,0,Charge 6
2025-12-22T11:28:03Z,2,1260,0,Charge 6
2025-12-22T11:28:04Z,2,1260,0,Charge 6
2025-12-22T11:28:05Z,2,1250,0,Charge 6
2025-12-22T11:28:06Z,2,1270,0,Charge 6
2025-12-22T11:28:07Z,2,1270,0,Charge 6
2025-12-22T11:28:08Z,2,1280,0,Charge 6
2025-12-22T11:28:09Z,2,1280,0,Charge 6
2025-12-22T11:28:10Z,2,1290,0,Charge 6
2025-12-22T11:28:11Z,2,1290,0,Charge 6
2025-12-22T11:28:12Z,1,1300,0,Charge 6
2025-12-22T11:28:13Z,1,1280,0,Charge 6
2025-12-22T11:28:14Z,2,1270,0,Charge 6
2025-12-22T11:28:15Z,2,1260,0,Charge 6
2025-12-22T11:28:16Z,1,1220,0,Charge 6
2025-12-22T11:28:17Z,2,1220,0,Charge 6
2025-12-22T11:28:18Z,1,1220,0,Charge 6
2025-12-22T11:28:19Z,1,1180,0,Charge 6
2025-12-22T11:28:20Z,2,1150,0,Charge 6
2025-12-22T11:28:21Z,1,1130,0,Charge 6
2025-12-22T11:28:22Z,2,1120,0,Charge 6
2025-12-22T11:28:23Z,1,1120,0,Charge 6
2025-12-22T11:28:24Z,1,1110,0,Charge 6
2025-12-22T11:28:25Z,0,1030,0,Charge 6
2025-12-22T11:28:26Z,1,920,0,Charge 6
2025-12-22T11:28:27Z,1,0,0,Charge 6
2025-12-22T11:28:28Z,3,0,0,Charge 6
2025-12-22T11:28:29Z,1,0,0,Charge 6
2025-12-22T11:28:30Z,2,280,0,Charge 6
2025-12-22T11:28:31Z,2,430,0,Charge 6
2025-12-22T11:28:32Z,2,610,0,Charge 6
2025-12-22T11:28:33Z,2,830,0,Charge 6
2025-12-22T11:28:34Z,2,1050,0,Charge 6
2025-12-22T11:28:35Z,2,1160,0,Charge 6
2025-12-22T11:28:36Z,1,1190,0,Charge 6
2025-12-22T11:28:37Z,2,1230,0,Charge 6
2025-12-22T11:28:38Z,2,1250,0,Charge 6
2025-12-22T11:28:39Z,0,1190,0,Charge 6
2025-12-22T11:28:40Z,3,1250,0,Charge 6
2025-12-22T11:28:41Z,1,1250,0,Charge 6
2025-12-22T11:28:42Z,2,1250,0,Charge 6
2025-12-22T11:28:43Z,2,1250,0,Charge 6
2025-12-22T11:28:44Z,1,1280,0,Charge 6
2025-12-22T11:28:45Z,2,1280,0,Charge 6
2025-12-22T11:28:46Z,2,1280,0,Charge 6
2025-12-22T11:28:47Z,1,1280,0,Charge 6
2025-12-22T11:28:48Z,1,1270,0,Charge 6
2025-12-22T11:28:49Z,2,1280,0,Charge 6
2025-12-22T11:28:50Z,3,1270,0,Charge 6
2025-12-22T11:28:51Z,2,1280,0,Charge 6
2025-12-22T11:28:52Z,2,1280,0,Charge 6
2025-12-22T11:28:53Z,1,1260,0,Charge 6
2025-12-22T11:28:54Z,0,1180,0,Charge 6
2025-12-22T11:28:55Z,0,1040,0,Charge 6
2025-12-22T11:28:56Z,0,0,0,Charge 6
2025-12-22T11:28:57Z,0,0,0,Charge 6
2025-12-22T11:28:58Z,0,0,0,Charge 6
2025-12-22T11:28:59Z,0,0,0,Charge 6
2025-12-22T11:29:00Z,1,0,0,Charge 6
2025-12-22T11:29:01Z,1,0,0,Charge 6
2025-12-22T11:29:02Z,2,0,0,Charge 6
2025-12-22T11:29:03Z,3,150,0,Charge 6
2025-12-22T11:29:04Z,1,290,0,Charge 6
2025-12-22T11:29:05Z,1,440,0,Charge 6
2025-12-22T11:29:06Z,0,550,0,Charge 6
2025-12-22T11:29:07Z,1,660,0,Charge 6
2025-12-22T11:29:08Z,1,650,0,Charge 6
2025-12-22T11:29:09Z,0,600,0,Charge 6
2025-12-22T11:29:10Z,0,0,0,Charge 6
2025-12-22T11:29:11Z,1,0,0,Charge 6
2025-12-22T11:29:12Z,2,0,0,Charge 6
2025-12-22T11:29:13Z,1,0,0,Charge 6
2025-12-22T11:29:14Z,3,240,0,Charge 6
2025-12-22T11:29:15Z,0,330,0,Charge 6
2025-12-22T11:29:16Z,0,390,0,Charge 6
2025-12-22T11:29:17Z,0,430,0,Charge 6
2025-12-22T11:29:18Z,0,480,0,Charge 6
2025-12-22T11:29:19Z,0,0,0,Charge 6
2025-12-22T11:29:20Z,0,0,0,Charge 6
2025-12-22T11:29:21Z,0,0,0,Charge 6
2025-12-22T11:29:22Z,0,0,0,Charge 6
2025-12-22T11:29:23Z,0,0,0,Charge 6
2025-12-22T11:29:24Z,0,0,0,Charge 6
2025-12-22T11:29:25Z,0,0,0,Charge 6
2025-12-22T11:29:26Z,0,0,0,Charge 6
2025-12-22T11:29:27Z,0,0,0,Charge 6
2025-12-22T11:29:28Z,0,0,0,Charge 6
2025-12-22T11:29:29Z,0,0,0,Charge 6
2025-12-22T11:29:30Z,0,0,0,Charge 6
2025-12-22T11:29:31Z,0,0,0,Charge 6
2025-12-22T11:29:32Z,0,0,0,Charge 6
2025-12-22T11:29:33Z,0,0,0,Charge 6
2025-12-22T11:29:34Z,0,0,0,Charge 6
2025-12-22T11:29:35Z,0,0,0,Charge 6
2025-12-22T11:29:36Z,0,0,0,Charge 6
2025-12-22T11:29:37Z,0,0,0,Charge 6
2025-12-22T11:29:38Z,0,0,0,Charge 6
2025-12-22T11:29:39Z,0,0,0,Charge 6
2025-12-22T11:29:40Z,0,0,0,Charge 6
2025-12-22T11:29:41Z,0,0,0,Charge 6
2025-12-22T11:29:42Z,0,0,0,Charge 6
2025-12-22T11:29:43Z,0,0,0,Charge 6
2025-12-22T11:29:44Z,0,0,0,Charge 6
2025-12-22T11:29:45Z,0,0,0,Charge 6
2025-12-22T11:29:46Z,0,0,0,Charge 6
2025-12-22T11:29:47Z,0,0,0,Charge 6
2025-12-22T11:29:48Z,0,0,0,Charge 6
2025-12-22T11:29:49Z,0,0,0,Charge 6
2025-12-22T11:29:50Z,0,0,0,Charge 6
2025-12-22T11:29:51Z,0,0,0,Charge 6
2025-12-22T11:29:52Z,0,0,0,Charge 6
2025-12-22T11:29:53Z,0,0,0,Charge 6
2025-12-22T11:29:54Z,0,0,0,Charge 6
2025-12-22T11:29:55Z,0,0,0,Charge 6
2025-12-22T11:29:56Z,0,0,0,Charge 6
2025-12-22T11:29:57Z,0,0,0,Charge 6
2025-12-22T11:29:58Z,0,0,0,Charge 6
2025-12-22T11:29:59Z,0,0,0,Charge 6
2025-12-22T11:30:00Z,0,0,0,Charge 6
2025-12-22T11:30:01Z,0,0,0,Charge 6
2025-12-22T11:30:02Z,0,0,0,Charge 6
2025-12-22T11:30:03Z,0,0,0,Charge 6
2025-12-22T11:30:04Z,0,0,0,Charge 6
2025-12-22T11:30:05Z,0,0,0,Charge 6
2025-12-22T11:30:06Z,0,0,0,Charge 6
2025-12-22T11:30:07Z,0,0,0,Charge 6
2025-12-22T11:30:08Z,0,0,0,Charge 6
2025-12-22T11:30:09Z,0,0,0,Charge 6
2025-12-22T11:30:10Z,0,0,0,Charge 6
2025-12-22T11:30:11Z,0,0,0,Charge 6
2025-12-22T11:30:12Z,0,0,0,Charge 6
2025-12-22T11:30:13Z,0,0,0,Charge 6
2025-12-22T11:30:14Z,0,0,0,Charge 6
2025-12-22T11:30:15Z,0,0,0,Charge 6
2025-12-22T11:30:16Z,0,0,0,Charge 6
2025-12-22T11:30:17Z,0,0,0,Charge 6
2025-12-22T11:30:18Z,0,0,0,Charge 6
2025-12-22T11:30:19Z,0,0,0,Charge 6
2025-12-22T11:30:20Z,0,0,0,Charge 6
2025-12-22T11:30:21Z,0,0,0,Charge 6
2025-12-22T11:30:22Z,0,0,0,Charge 6
2025-12-22T11:30:23Z,0,0,0,Charge 6
2025-12-22T11:30:24Z,0,0,0,Charge 6
2025-12-22T11:30:25Z,0,0,0,Charge 6
2025-12-22T11:30:26Z,0,0,0,Charge 6
2025-12-22T11:30:27Z,0,0,0,Charge 6
2025-12-22T11:30:28Z,0,0,0,Charge 6
2025-12-22T11:30:29Z,0,0,0,Charge 6
2025-12-22T11:30:30Z,0,0,0,Charge 6
2025-12-22T11:30:31Z,0,0,0,Charge 6
2025-12-22T11:30:32Z,2,0,0,Charge 6
2025-12-22T11:30:33Z,2,0,0,Charge 6
2025-12-22T11:30:34Z,0,0,0,Charge 6
2025-12-22T11:30:35Z,0,0,0,Charge 6
2025-12-22T11:30:36Z,0,0,0,Charge 6
2025-12-22T11:30:37Z,0,0,0,Charge 6
2025-12-22T11:30:38Z,0,0,0,Charge 6
2025-12-22T11:30:39Z,0,0,0,Charge 6
2025-12-22T11:30:40Z,0,0,0,Charge 6
2025-12-22T11:30:41Z,0,0,0,Charge 6
2025-12-22T11:30:42Z,0,0,0,Charge 6
2025-12-22T11:30:43Z,0,0,0,Charge 6
2025-12-22T11:30:44Z,0,0,0,Charge 6
2025-12-22T11:30:45Z,0,0,0,Charge 6
2025-12-22T11:30:46Z,0,0,0,Charge 6
2025-12-22T11:30:47Z,0,0,0,Charge 6
2025-12-22T11:30:48Z,0,0,0,Charge 6
2025-12-22T11:30:49Z,0,0,0,Charge 6
2025-12-22T11:30:50Z,0,0,0,Charge 6
2025-12-22T11:30:51Z,0,0,0,Charge 6
2025-12-22T11:30:52Z,0,0,0,Charge 6
2025-12-22T11:30:53Z,0,0,0,Charge 6
2025-12-22T11:30:54Z,0,0,0,Charge 6
2025-12-22T11:30:55Z,0,0,0,Charge 6
2025-12-22T11:30:56Z,0,0,0,Charge 6
2025-12-22T11:30:57Z,0,0,0,Charge 6
2025-12-22T11:30:58Z,0,0,0,Charge 6
2025-12-22T11:30:59Z,0,0,0,Charge 6
2025-12-22T11:31:00Z,0,0,0,Charge 6
2025-12-22T11:31:01Z,0,0,0,Charge 6
2025-12-22T11:31:02Z,0,0,0,Charge 6
2025-12-22T11:31:03Z,0,0,0,Charge 6
2025-12-22T11:31:04Z,0,0,0,Charge 6
2025-12-22T11:31:05Z,0,0,0,Charge 6
2025-12-22T11:31:06Z,0,0,0,Charge 6
2025-12-22T11:31:07Z,0,0,0,Charge 6
2025-12-22T11:31:08Z,0,0,0,Charge 6
2025-12-22T11:31:09Z,0,0,0,Charge 6
2025-12-22T11:31:10Z,0,0,0,Charge 6
2025-12-22T11:31:11Z,0,0,0,Charge 6
2025-12-22T11:31:12Z,0,0,0,Charge 6
2025-12-22T11:31:13Z,0,0,0,Charge 6
2025-12-22T11:31:14Z,0,0,0,Charge 6
2025-12-22T11:31:15Z,0,0,0,Charge 6
2025-12-22T11:31:16Z,0,0,0,Charge 6
2025-12-22T11:31:17Z,0,0,0,Charge 6
2025-12-22T11:31:18Z,0,0,0,Charge 6
2025-12-22T11:31:19Z,0,0,0,Charge 6
2025-12-22T11:31:20Z,0,0,0,Charge 6
2025-12-22T11:31:21Z,0,0,0,Charge 6
2025-12-22T11:31:22Z,0,0,0,Charge 6
2025-12-22T11:31:23Z,0,0,0,Charge 6
2025-12-22T11:31:24Z,0,0,0,Charge 6
2025-12-22T11:31:25Z,0,0,0,Charge 6
2025-12-22T11:31:26Z,0,0,0,Charge 6
2025-12-22T11:31:27Z,0,0,0,Charge 6
2025-12-22T11:31:28Z,0,0,0,Charge 6
2025-12-22T11:31:29Z,0,0,0,Charge 6
2025-12-22T11:31:30Z,0,0,0,Charge 6
2025-12-22T11:31:31Z,0,0,0,Charge 6
2025-12-22T11:31:32Z,0,0,0,Charge 6
2025-12-22T11:31:33Z,0,0,0,Charge 6
2025-12-22T11:31:34Z,0,0,0,Charge 6
2025-12-22T11:31:35Z,0,0,0,Charge 6
2025-12-22T11:31:36Z,0,0,0,Charge 6
2025-12-22T11:31:37Z,0,0,0,Charge 6
2025-12-22T11:31:38Z,0,0,0,Charge 6
2025-12-22T11:31:39Z,0,0,0,Charge 6
2025-12-22T11:31:40Z,0,0,0,Charge 6
2025-12-22T11:31:41Z,0,0,0,Charge 6
2025-12-22T11:31:42Z,0,0,0,Charge 6
2025-12-22T11:31:43Z,0,0,0,Charge 6
2025-12-22T11:31:44Z,0,0,0,Charge 6
2025-12-22T11:31:45Z,0,0,0,Charge 6
2025-12-22T11:31:46Z,0,0,0,Charge 6
2025-12-22T11:31:47Z,0,0,0,Charge 6
2025-12-22T11:31:48Z,0,0,0,Charge 6
2025-12-22T11:31:49Z,0,0,0,Charge 6
2025-12-22T11:31:50Z,0,0,0,Charge 6
2025-12-22T11:31:51Z,0,0,0,Charge 6
2025-12-22T11:31:52Z,0,0,0,Charge 6
2025-12-22T11:31:53Z,0,0,0,Charge 6
2025-12-22T11:31:54Z,0,0,0,Charge 6
2025-12-22T11:31:55Z,0,0,0,Charge 6
2025-12-22T11:31:56Z,0,0,0,Charge 6
2025-12-22T11:31:57Z,0,0,0,Charge 6
2025-12-22T11:31:58Z,0,0,0,Charge 6
2025-12-22T11:31:59Z,0,0,0,Charge 6
2025-12-22T11:32:00Z,0,0,0,Charge 6
2025-12-22T11:32:01Z,0,0,0,Charge 6
2025-12-22T11:32:02Z,0,0,0,Charge 6
2025-12-22T11:32:03Z,0,0,0,Charge 6
2025-12-22T11:32:04Z,0,0,0,Charge 6
2025-12-22T11:32:05Z,0,0,0,Charge 6
2025-12-22T11:32:06Z,0,0,0,Charge 6
2025-12-22T11:32:07Z,0,0,0,Charge 6
2025-12-22T11:32:08Z,0,0,0,Charge 6
2025-12-22T11:32:09Z,0,0,0,Charge 6
2025-12-22T11:32:10Z,0,0,0,Charge 6
2025-12-22T11:32:11Z,2,0,0,Charge 6
2025-12-22T11:32:12Z,2,0,0,Charge 6
2025-12-22T11:32:13Z,0,0,0,Charge 6
2025-12-22T11:32:14Z,0,0,0,Charge 6
2025-12-22T11:32:15Z,0,0,0,Charge 6
2025-12-22T11:32:16Z,0,0,0,Charge 6
2025-12-22T11:32:17Z,0,0,0,Charge 6
2025-12-22T11:32:18Z,0,0,0,Charge 6
2025-12-22T11:32:19Z,0,0,0,Charge 6
2025-12-22T11:32:20Z,0,0,0,Charge 6
2025-12-22T11:32:21Z,0,0,0,Charge 6
2025-12-22T11:32:22Z,0,0,0,Charge 6
2025-12-22T11:32:23Z,0,0,0,Charge 6
2025-12-22T11:32:24Z,0,0,0,Charge 6
2025-12-22T11:32:25Z,0,0,0,Charge 6
2025-12-22T11:32:26Z,0,0,0,Charge 6
2025-12-22T11:32:27Z,0,0,0,Charge 6
2025-12-22T11:32:28Z,0,0,0,Charge 6
2025-12-22T11:32:29Z,0,0,0,Charge 6
2025-12-22T11:32:30Z,0,0,0,Charge 6
2025-12-22T11:32:31Z,0,0,0,Charge 6
2025-12-22T11:32:32Z,1,0,0,Charge 6
2025-12-22T11:32:33Z,2,0,0,Charge 6
2025-12-22T11:32:34Z,2,0,0,Charge 6
2025-12-22T11:32:35Z,1,140,0,Charge 6
2025-12-22T11:32:36Z,2,330,0,Charge 6
2025-12-22T11:32:37Z,1,500,0,Charge 6
2025-12-22T11:32:38Z,2,700,0,Charge 6
2025-12-22T11:32:39Z,1,890,0,Charge 6
2025-12-22T11:32:40Z,1,920,0,Charge 6
2025-12-22T11:32:41Z,1,920,0,Charge 6
2025-12-22T11:32:42Z,1,900,0,Charge 6
2025-12-22T11:32:43Z,2,900,0,Charge 6
2025-12-22T11:32:44Z,1,890,0,Charge 6
2025-12-22T11:32:45Z,2,920,0,Charge 6
2025-12-22T11:32:46Z,2,1030,0,Charge 6
2025-12-22T11:32:47Z,1,1080,0,Charge 6
2025-12-22T11:32:48Z,1,1080,0,Charge 6
2025-12-22T11:32:49Z,0,1070,0,Charge 6
2025-12-22T11:32:50Z,1,960,0,Charge 6
2025-12-22T11:32:51Z,1,0,0,Charge 6
2025-12-22T11:32:52Z,2,630,0,Charge 6
2025-12-22T11:32:53Z,1,660,0,Charge 6
2025-12-22T11:32:54Z,2,750,0,Charge 6
2025-12-22T11:32:55Z,2,890,0,Charge 6
2025-12-22T11:32:56Z,2,1070,0,Charge 6
2025-12-22T11:32:57Z,2,1120,0,Charge 6
2025-12-22T11:32:58Z,1,1170,0,Charge 6
2025-12-22T11:32:59Z,2,1210,0,Charge 6
2025-12-22T11:37:00Z,1,0,0,Charge 6
2025-12-22T11:37:01Z,1,0,0,Charge 6
2025-12-22T11:37:02Z,2,120,0,Charge 6
2025-12-22T11:37:03Z,2,230,0,Charge 6
2025-12-22T11:37:04Z,1,340,0,Charge 6
2025-12-22T11:37:05Z,2,500,0,Charge 6
2025-12-22T11:37:06Z,1,610,0,Charge 6
2025-12-22T11:37:07Z,2,700,0,Charge 6
2025-12-22T11:37:08Z,2,770,0,Charge 6
2025-12-22T11:37:09Z,1,830,0,Charge 6
2025-12-22T11:37:10Z,2,870,0,Charge 6
2025-12-22T11:37:11Z,2,930,0,Charge 6
2025-12-22T11:37:12Z,1,1180,0,Charge 6
2025-12-22T11:37:13Z,2,1180,0,Charge 6
2025-12-22T11:37:14Z,2,1180,0,Charge 6
2025-12-22T11:37:15Z,1,1200,0,Charge 6
2025-12-22T11:37:16Z,2,1200,0,Charge 6
2025-12-22T11:37:17Z,2,1210,0,Charge 6
2025-12-22T11:37:18Z,1,1210,0,Charge 6
2025-12-22T11:37:19Z,2,1210,0,Charge 6
2025-12-22T11:37:20Z,2,1250,0,Charge 6
2025-12-22T11:37:21Z,1,1240,0,Charge 6
2025-12-22T11:37:22Z,2,1240,0,Charge 6
2025-12-22T11:37:23Z,1,1240,0,Charge 6
2025-12-22T11:37:24Z,2,1250,0,Charge 6
2025-12-22T11:37:25Z,2,1240,0,Charge 6
2025-12-22T11:37:26Z,2,1270,0,Charge 6
2025-12-22T11:37:27Z,1,1280,0,Charge 6
2025-12-22T11:37:28Z,2,1290,0,Charge 6
2025-12-22T11:37:29Z,2,1310,0,Charge 6
2025-12-22T11:37:30Z,2,1330,0,Charge 6
2025-12-22T11:37:31Z,1,1330,0,Charge 6
2025-12-22T11:37:32Z,2,1330,0,Charge 6
2025-12-22T11:37:33Z,2,1330,0,Charge 6
2025-12-22T11:37:34Z,1,1330,0,Charge 6
2025-12-22T11:37:35Z,2,1320,0,Charge 6
2025-12-22T11:37:36Z,2,1330,0,Charge 6
2025-12-22T11:37:37Z,2,1330,0,Charge 6
2025-12-22T11:37:38Z,1,1330,0,Charge 6
2025-12-22T11:37:39Z,2,1330,0,Charge 6
2025-12-22T11:37:40Z,1,1320,0,Charge 6
2025-12-22T11:37:41Z,2,1320,0,Charge 6
2025-12-22T11:37:42Z,2,1320,0,Charge 6
2025-12-22T11:37:43Z,2,1320,0,Charge 6
2025-12-22T11:37:44Z,1,1330,0,Charge 6
2025-12-22T11:37:45Z,2,1320,0,Charge 6
2025-12-22T11:37:46Z,2,1320,0,Charge 6
2025-12-22T11:37:47Z,1,1320,0,Charge 6
2025-12-22T11:37:48Z,2,1320,0,Charge 6
2025-12-22T11:37:49Z,2,1320,0,Charge 6
2025-12-22T11:37:50Z,1,1310,0,Charge 6
2025-12-22T11:37:51Z,2,1310,0,Charge 6
2025-12-22T11:37:52Z,2,1310,0,Charge 6
2025-12-22T11:37:53Z,1,1320,0,Charge 6
2025-12-22T11:37:54Z,2,1310,0,Charge 6
2025-12-22T11:37:55Z,2,1310,0,Charge 6
2025-12-22T11:37:56Z,1,1310,0,Charge 6
2025-12-22T11:37:57Z,2,1310,0,Charge 6
2025-12-22T11:37:58Z,2,1310,0,Charge 6
2025-12-22T11:37:59Z,2,1310,0,Charge 6
2025-12-22T11:38:00Z,1,1320,0,Charge 6
2025-12-22T11:38:01Z,2,1310,0,Charge 6
2025-12-22T11:38:02Z,2,1310,0,Charge 6
2025-12-22T11:38:03Z,1,1310,0,Charge 6
2025-12-22T11:38:04Z,2,1310,0,Charge 6
2025-12-22T11:38:05Z,2,1310,0,Charge 6
2025-12-22T11:38:06Z,2,1310,0,Charge 6
2025-12-22T11:38:07Z,1,1320,0,Charge 6
2025-12-22T11:38:08Z,2,1310,0,Charge 6
2025-12-22T11:38:09Z,2,1310,0,Charge 6
2025-12-22T11:38:10Z,1,1310,0,Charge 6
2025-12-22T11:38:11Z,2,1310,0,Charge 6
2025-12-22T11:38:12Z,2,1310,0,Charge 6
2025-12-22T11:38:13Z,2,1310,0,Charge 6
2025-12-22T11:38:14Z,1,1320,0,Charge 6
2025-12-22T11:38:15Z,2,1310,0,Charge 6
2025-12-22T11:38:16Z,2,1310,0,Charge 6
2025-12-22T11:38:17Z,1,1310,0,Charge 6
2025-12-22T11:38:18Z,2,1310,0,Charge 6
2025-12-22T11:38:19Z,2,1310,0,Charge 6
2025-12-22T11:38:20Z,2,1310,0,Charge 6
2025-12-22T11:38:21Z,1,1320,0,Charge 6
2025-12-22T11:38:22Z,2,1310,0,Charge 6
2025-12-22T11:38:23Z,2,1310,0,Charge 6
2025-12-22T11:38:24Z,1,1310,0,Charge 6
2025-12-22T11:38:25Z,2,1320,0,Charge 6
2025-12-22T11:38:26Z,1,1300,0,Charge 6
2025-12-22T11:38:27Z,2,1300,0,Charge 6
2025-12-22T11:38:28Z,2,1310,0,Charge 6
2025-12-22T11:38:29Z,2,1300,0,Charge 6
2025-12-22T11:38:30Z,1,1310,0,Charge 6
2025-12-22T11:38:31Z,2,1300,0,Charge 6
2025-12-22T11:38:32Z,1,1310,0,Charge 6
2025-12-22T11:38:33Z,2,1300,0,Charge 6
2025-12-22T11:38:34Z,2,1290,0,Charge 6
2025-12-22T11:38:35Z,2,1300,0,Charge 6
2025-12-22T11:38:36Z,1,1300,0,Charge 6
2025-12-22T11:38:37Z,2,1290,0,Charge 6
2025-12-22T11:38:38Z,1,1300,0,Charge 6
2025-12-22T11:38:39Z,2,1300,0,Charge 6
2025-12-22T11:38:40Z,2,1290,0,Charge 6
2025-12-22T11:38:41Z,1,1300,0,Charge 6
2025-12-22T11:38:42Z,2,1290,0,Charge 6
2025-12-22T11:38:43Z,2,1300,0,Charge 6
2025-12-22T11:38:44Z,1,1290,0,Charge 6
2025-12-22T11:38:45Z,2,1280,0,Charge 6
2025-12-22T11:38:46Z,2,1290,0,Charge 6
2025-12-22T11:38:47Z,1,1290,0,Charge 6
2025-12-22T11:38:48Z,2,1290,0,Charge 6
2025-12-22T11:38:49Z,1,1290,0,Charge 6
2025-12-22T11:38:50Z,2,1290,0,Charge 6
2025-12-22T11:38:51Z,2,1280,0,Charge 6
2025-12-22T11:38:53Z,1,1280,0,Charge 6
2025-12-22T11:38:54Z,2,1280,0,Charge 6
2025-12-22T11:38:55Z,1,1280,0,Charge 6
2025-12-22T11:38:56Z,2,1290,0,Charge 6
2025-12-22T11:38:57Z,2,1270,0,Charge 6
2025-12-22T11:38:58Z,2,1280,0,Charge 6
2025-12-22T11:38:59Z,1,1280,0,Charge 6
2025-12-22T11:39:00Z,2,1280,0,Charge 6
2025-12-22T11:39:01Z,1,1280,0,Charge 6
2025-12-22T11:39:02Z,2,1290,0,Charge 6
2025-12-22T11:39:03Z,2,1270,0,Charge 6
2025-12-22T11:39:04Z,1,1270,0,Charge 6
2025-12-22T11:39:05Z,2,1280,0,Charge 6
2025-12-22T11:39:06Z,1,1270,0,Charge 6
2025-12-22T11:39:07Z,2,1270,0,Charge 6
2025-12-22T11:39:08Z,2,1280,0,Charge 6
2025-12-22T11:39:09Z,2,1270,0,Charge 6
2025-12-22T11:39:10Z,1,1270,0,Charge 6
2025-12-22T11:39:11Z,2,1280,0,Charge 6
2025-12-22T11:39:12Z,1,1270,0,Charge 6
2025-12-22T11:39:13Z,2,1270,0,Charge 6
2025-12-22T11:39:14Z,2,1280,0,Charge 6
2025-12-22T11:39:15Z,2,1270,0,Charge 6
2025-12-22T11:39:16Z,1,1270,0,Charge 6
2025-12-22T11:39:17Z,2,1280,0,Charge 6
2025-12-22T11:39:18Z,1,1270,0,Charge 6
2025-12-22T11:39:19Z,2,1270,0,Charge 6
2025-12-22T11:39:20Z,2,1280,0,Charge 6
2025-12-22T11:39:21Z,1,1270,0,Charge 6
2025-12-22T11:39:22Z,2,1270,0,Charge 6
2025-12-22T11:39:23Z,2,1270,0,Charge 6
2025-12-22T11:39:24Z,1,1270,0,Charge 6
2025-12-22T11:39:25Z,2,1270,0,Charge 6
2025-12-22T11:39:26Z,2,1270,0,Charge 6
2025-12-22T11:39:27Z,1,1280,0,Charge 6
2025-12-22T11:39:28Z,2,1270,0,Charge 6
2025-12-22T11:39:29Z,1,1260,0,Charge 6
2025-12-22T11:39:30Z,2,1270,0,Charge 6
2025-12-22T11:39:31Z,2,1270,0,Charge 6
2025-12-22T11:39:32Z,2,1260,0,Charge 6
2025-12-22T11:39:33Z,2,1280,0,Charge 6
2025-12-22T11:39:34Z,1,1270,0,Charge 6
2025-12-22T11:39:35Z,2,1270,0,Charge 6
2025-12-22T11:39:36Z,2,1280,0,Charge 6
2025-12-22T11:39:37Z,1,1280,0,Charge 6
2025-12-22T11:39:38Z,2,1280,0,Charge 6
2025-12-22T11:39:39Z,2,1280,0,Charge 6
2025-12-22T11:39:40Z,2,1280,0,Charge 6
2025-12-22T11:39:41Z,1,1280,0,Charge 6
2025-12-22T11:39:42Z,2,1280,0,Charge 6
2025-12-22T11:39:43Z,1,1280,0,Charge 6
2025-12-22T11:39:44Z,2,1290,0,Charge 6
2025-12-22T11:39:45Z,2,1280,0,Charge 6
2025-12-22T11:39:46Z,2,1280,0,Charge 6
2025-12-22T11:39:47Z,1,1280,0,Charge 6
2025-12-22T11:39:48Z,2,1280,0,Charge 6
2025-12-22T11:39:49Z,2,1280,0,Charge 6
2025-12-22T11:39:50Z,1,1280,0,Charge 6
2025-12-22T11:39:51Z,0,1190,0,Charge 6
2025-12-22T11:39:52Z,1,1130,0,Charge 6
2025-12-22T11:39:53Z,2,1070,0,Charge 6
2025-12-22T11:39:54Z,1,990,0,Charge 6
2025-12-22T11:39:55Z,2,970,0,Charge 6
2025-12-22T11:39:56Z,2,990,0,Charge 6
2025-12-22T11:39:57Z,1,980,0,Charge 6
2025-12-22T11:39:58Z,2,1000,0,Charge 6
2025-12-22T11:39:59Z,2,1080,0,Charge 6
2025-12-22T11:40:00Z,1,1100,0,Charge 6
2025-12-22T11:40:01Z,2,1090,0,Charge 6
2025-12-22T11:40:02Z,2,1100,0,Charge 6
2025-12-22T11:40:03Z,1,1100,0,Charge 6
2025-12-22T11:40:04Z,2,1110,0,Charge 6
2025-12-22T11:40:05Z,2,1120,0,Charge 6
2025-12-22T11:40:06Z,2,1120,0,Charge 6
2025-12-22T11:40:07Z,1,1130,0,Charge 6
2025-12-22T11:40:08Z,2,1130,0,Charge 6
2025-12-22T11:40:09Z,2,1130,0,Charge 6
2025-12-22T11:40:10Z,1,1140,0,Charge 6
2025-12-22T11:40:11Z,2,1150,0,Charge 6
2025-12-22T11:40:12Z,2,1140,0,Charge 6
2025-12-22T11:40:13Z,2,1150,0,Charge 6
2025-12-22T11:40:14Z,1,1160,0,Charge 6
2025-12-22T11:40:15Z,2,1150,0,Charge 6
2025-12-22T11:40:16Z,0,1140,0,Charge 6
2025-12-22T11:40:17Z,1,1080,0,Charge 6
2025-12-22T11:40:18Z,0,960,0,Charge 6
2025-12-22T11:40:19Z,0,830,0,Charge 6
2025-12-22T11:40:20Z,0,0,0,Charge 6
2025-12-22T11:40:21Z,0,0,0,Charge 6
2025-12-22T11:40:22Z,0,0,0,Charge 6
2025-12-22T11:40:23Z,0,0,0,Charge 6
2025-12-22T11:40:24Z,0,0,0,Charge 6
2025-12-22T11:40:25Z,0,0,0,Charge 6
2025-12-22T11:40:26Z,0,0,0,Charge 6
2025-12-22T11:40:27Z,0,0,0,Charge 6
2025-12-22T11:40:28Z,0,0,0,Charge 6
2025-12-22T11:40:29Z,0,0,0,Charge 6
2025-12-22T11:40:30Z,0,0,0,Charge 6
2025-12-22T11:40:31Z,0,0,0,Charge 6
2025-12-22T11:40:32Z,0,0,0,Charge 6
2025-12-22T11:40:33Z,0,0,0,Charge 6
2025-12-22T11:40:34Z,0,0,0,Charge 6
2025-12-22T11:40:35Z,0,0,0,Charge 6
2025-12-22T11:40:36Z,0,0,0,Charge 6
2025-12-22T11:40:37Z,0,0,0,Charge 6
2025-12-22T11:40:38Z,0,0,0,Charge 6
2025-12-22T11:40:39Z,0,0,0,Charge 6
2025-12-22T11:40:40Z,0,0,0,Charge 6
2025-12-22T11:40:41Z,0,0,0,Charge 6
2025-12-22T11:40:42Z,0,0,0,Charge 6
2025-12-22T11:40:43Z,0,0,0,Charge 6
2025-12-22T11:40:44Z,0,0,0,Charge 6
2025-12-22T11:40:45Z,0,0,0,Charge 6
2025-12-22T11:40:46Z,0,0,0,Charge 6
2025-12-22T11:40:47Z,0,0,0,Charge 6
2025-12-22T11:40:48Z,0,0,0,Charge 6
2025-12-22T11:40:49Z,0,0,0,Charge 6
2025-12-22T11:40:50Z,1,0,0,Charge 6
2025-12-22T11:40:51Z,0,0,0,Charge 6
2025-12-22T11:40:52Z,1,0,0,Charge 6
2025-12-22T11:40:53Z,0,0,0,Charge 6
2025-12-22T11:40:54Z,2,0,0,Charge 6
2025-12-22T11:40:55Z,1,0,0,Charge 6
2025-12-22T11:40:56Z,2,0,0,Charge 6
2025-12-22T11:40:57Z,2,0,0,Charge 6
2025-12-22T11:40:58Z,1,140,0,Charge 6
2025-12-22T11:40:59Z,2,330,0,Charge 6
2025-12-22T11:41:00Z,1,500,0,Charge 6
2025-12-22T11:41:01Z,2,700,0,Charge 6
2025-12-22T11:41:02Z,2,930,0,Charge 6
2025-12-22T11:41:03Z,2,1030,0,Charge 6
2025-12-22T11:41:04Z,1,1050,0,Charge 6
2025-12-22T11:41:05Z,2,1130,0,Charge 6
2025-12-22T11:41:06Z,1,1130,0,Charge 6
2025-12-22T11:41:07Z,1,1100,0,Charge 6
2025-12-22T11:41:08Z,2,1130,0,Charge 6
2025-12-22T11:41:09Z,3,1200,0,Charge 6
2025-12-22T11:41:10Z,1,1200,0,Charge 6
2025-12-22T11:41:11Z,2,1250,0,Charge 6
2025-12-22T11:41:12Z,2,1320,0,Charge 6
2025-12-22T11:41:13Z,1,1320,0,Charge 6
2025-12-22T11:41:14Z,2,1310,0,Charge 6
2025-12-22T11:41:15Z,2,1320,0,Charge 6
2025-12-22T11:41:16Z,2,1320,0,Charge 6
2025-12-22T11:41:17Z,1,1320,0,Charge 6
2025-12-22T11:41:18Z,2,1320,0,Charge 6
2025-12-22T11:41:19Z,1,1310,0,Charge 6
2025-12-22T11:41:20Z,2,1310,0,Charge 6
2025-12-22T11:41:21Z,1,1310,0,Charge 6
2025-12-22T11:41:22Z,2,1300,0,Charge 6
2025-12-22T11:41:23Z,1,1300,0,Charge 6
2025-12-22T11:41:24Z,2,1300,0,Charge 6
2025-12-22T11:41:25Z,0,1200,0,Charge 6
2025-12-22T11:41:26Z,0,1090,0,Charge 6
2025-12-22T11:41:27Z,0,930,0,Charge 6
2025-12-22T11:41:28Z,0,0,0,Charge 6
2025-12-22T11:41:29Z,0,0,0,Charge 6
2025-12-22T11:41:30Z,0,0,0,Charge 6
2025-12-22T11:41:31Z,0,0,0,Charge 6
2025-12-22T11:41:32Z,0,0,0,Charge 6
2025-12-22T11:41:33Z,0,0,0,Charge 6
2025-12-22T11:41:34Z,0,0,0,Charge 6
2025-12-22T11:41:35Z,0,0,0,Charge 6
2025-12-22T11:41:36Z,0,0,0,Charge 6
2025-12-22T11:41:37Z,0,0,0,Charge 6
2025-12-22T11:41:38Z,0,0,0,Charge 6
2025-12-22T11:41:39Z,0,0,0,Charge 6
2025-12-22T11:41:40Z,0,0,0,Charge 6
2025-12-22T11:41:41Z,0,0,0,Charge 6
2025-12-22T11:41:42Z,0,0,0,Charge 6
2025-12-22T11:41:43Z,0,0,0,Charge 6
2025-12-22T11:41:44Z,0,0,0,Charge 6
2025-12-22T11:41:45Z,0,0,0,Charge 6
2025-12-22T11:41:46Z,0,0,0,Charge 6
2025-12-22T11:41:47Z,0,0,0,Charge 6
2025-12-22T11:41:48Z,0,0,0,Charge 6
2025-12-22T11:41:49Z,0,0,0,Charge 6
2025-12-22T11:41:50Z,0,0,0,Charge 6
2025-12-22T11:41:51Z,1,0,0,Charge 6
2025-12-22T11:41:52Z,1,0,0,Charge 6
2025-12-22T11:41:53Z,2,0,0,Charge 6
2025-12-22T11:41:54Z,2,0,0,Charge 6
2025-12-22T11:41:55Z,2,140,0,Charge 6
2025-12-22T11:41:56Z,1,290,0,Charge 6
2025-12-22T11:41:57Z,2,470,0,Charge 6
2025-12-22T11:41:58Z,2,680,0,Charge 6
2025-12-22T11:41:59Z,2,920,0,Charge 6
2025-12-22T11:42:00Z,2,1000,0,Charge 6
2025-12-22T11:42:01Z,1,1090,0,Charge 6
2025-12-22T11:42:02Z,1,1110,0,Charge 6
2025-12-22T11:42:03Z,2,1120,0,Charge 6
2025-12-22T11:42:04Z,2,1130,0,Charge 6
2025-12-22T11:42:05Z,1,1160,0,Charge 6
2025-12-22T11:42:06Z,2,1170,0,Charge 6
2025-12-22T11:42:07Z,1,1180,0,Charge 6
2025-12-22T11:42:08Z,2,1200,0,Charge 6
2025-12-22T11:42:09Z,2,1200,0,Charge 6
2025-12-22T11:42:10Z,1,1210,0,Charge 6
2025-12-22T11:42:11Z,2,1220,0,Charge 6
2025-12-22T11:42:12Z,2,1250,0,Charge 6
2025-12-22T11:42:13Z,1,1240,0,Charge 6
2025-12-22T11:42:14Z,2,1240,0,Charge 6
2025-12-22T11:42:15Z,1,1240,0,Charge 6
2025-12-22T11:42:16Z,2,1240,0,Charge 6
2025-12-22T11:42:17Z,2,1250,0,Charge 6
2025-12-22T11:42:18Z,1,1240,0,Charge 6
2025-12-22T11:42:19Z,2,1240,0,Charge 6
2025-12-22T11:42:20Z,2,1270,0,Charge 6
2025-12-22T11:42:21Z,1,1280,0,Charge 6
2025-12-22T11:42:22Z,2,1270,0,Charge 6
2025-12-22T11:42:23Z,2,1300,0,Charge 6
2025-12-22T11:42:24Z,1,1290,0,Charge 6
2025-12-22T11:42:25Z,2,1300,0,Charge 6
2025-12-22T11:42:26Z,2,1300,0,Charge 6
2025-12-22T11:42:27Z,1,1300,0,Charge 6
2025-12-22T11:42:28Z,2,1290,0,Charge 6
2025-12-22T11:42:29Z,1,1290,0,Charge 6
2025-12-22T11:42:30Z,2,1290,0,Charge 6
2025-12-22T11:42:31Z,1,1280,0,Charge 6
2025-12-22T11:42:32Z,2,1280,0,Charge 6
2025-12-22T11:42:33Z,1,1280,0,Charge 6
2025-12-22T11:42:34Z,1,1280,0,Charge 6
2025-12-22T11:42:35Z,3,1270,0,Charge 6
2025-12-22T11:42:36Z,1,1270,0,Charge 6
2025-12-22T11:42:37Z,1,1270,0,Charge 6
2025-12-22T11:42:38Z,2,1270,0,Charge 6
2025-12-22T11:42:39Z,2,1280,0,Charge 6
2025-12-22T11:42:40Z,1,1290,0,Charge 6
2025-12-22T11:42:41Z,2,1290,0,Charge 6
2025-12-22T11:42:42Z,1,1280,0,Charge 6
2025-12-22T11:42:43Z,1,1290,0,Charge 6
2025-12-22T11:42:44Z,2,1270,0,Charge 6
2025-12-22T11:42:45Z,1,1260,0,Charge 6
2025-12-22T11:42:46Z,1,1180,0,Charge 6
2025-12-22T11:42:47Z,1,1120,0,Charge 6
2025-12-22T11:42:48Z,2,1110,0,Charge 6
2025-12-22T11:42:49Z,0,1020,0,Charge 6
2025-12-22T11:42:50Z,1,960,0,Charge 6
2025-12-22T11:42:51Z,0,880,0,Charge 6
2025-12-22T11:42:52Z,0,730,0,Charge 6
2025-12-22T11:42:53Z,0,0,0,Charge 6
2025-12-22T11:42:54Z,0,0,0,Charge 6
2025-12-22T11:42:55Z,0,0,0,Charge 6
2025-12-22T11:42:56Z,2,0,0,Charge 6
2025-12-22T11:42:57Z,2,0,0,Charge 6
2025-12-22T11:42:58Z,0,0,0,Charge 6
2025-12-22T11:42:59Z,0,0,0,Charge 6
2025-12-22T11:43:00Z,0,0,0,Charge 6
2025-12-22T11:43:01Z,0,0,0,Charge 6
2025-12-22T11:43:02Z,0,0,0,Charge 6
2025-12-22T11:43:03Z,0,0,0,Charge 6
2025-12-22T11:43:04Z,0,0,0,Charge 6
2025-12-22T11:43:05Z,0,0,0,Charge 6
2025-12-22T11:43:06Z,0,0,0,Charge 6
2025-12-22T11:43:07Z,0,0,0,Charge 6
2025-12-22T11:43:08Z,0,0,0,Charge 6
2025-12-22T11:43:09Z,0,0,0,Charge 6
2025-12-22T11:43:10Z,0,0,0,Charge 6
2025-12-22T11:43:11Z,0,0,0,Charge 6
2025-12-22T11:43:12Z,0,0,0,Charge 6
2025-12-22T11:43:13Z,0,0,0,Charge 6
2025-12-22T11:43:14Z,0,0,0,Charge 6
2025-12-22T11:43:15Z,0,0,0,Charge 6
2025-12-22T11:43:16Z,0,0,0,Charge 6
2025-12-22T11:43:17Z,0,0,0,Charge 6
2025-12-22T11:43:18Z,0,0,0,Charge 6
2025-12-22T11:43:19Z,0,0,0,Charge 6
2025-12-22T11:43:20Z,0,0,0,Charge 6
2025-12-22T11:43:21Z,0,0,0,Charge 6
2025-12-22T11:43:22Z,0,0,0,Charge 6
2025-12-22T11:43:23Z,1,0,0,Charge 6
2025-12-22T11:43:24Z,0,0,0,Charge 6
2025-12-22T11:43:25Z,1,0,0,Charge 6
2025-12-22T11:43:26Z,1,0,0,Charge 6
2025-12-22T11:43:27Z,1,140,0,Charge 6
2025-12-22T11:43:28Z,0,250,0,Charge 6
2025-12-22T11:43:29Z,0,340,0,Charge 6
2025-12-22T11:43:30Z,0,840,0,Charge 6
2025-12-22T11:43:31Z,0,0,0,Charge 6
2025-12-22T11:43:32Z,0,0,0,Charge 6
2025-12-22T11:43:33Z,0,0,0,Charge 6
2025-12-22T11:43:34Z,0,0,0,Charge 6
2025-12-22T11:43:35Z,0,0,0,Charge 6
2025-12-22T11:43:36Z,0,0,0,Charge 6
2025-12-22T11:43:37Z,0,0,0,Charge 6
2025-12-22T11:43:38Z,0,0,0,Charge 6
2025-12-22T11:43:39Z,0,0,0,Charge 6
2025-12-22T11:43:40Z,0,0,0,Charge 6
2025-12-22T11:43:41Z,0,0,0,Charge 6
2025-12-22T11:43:42Z,0,0,0,Charge 6
2025-12-22T11:43:43Z,0,0,0,Charge 6
2025-12-22T11:43:44Z,0,0,0,Charge 6
2025-12-22T11:43:45Z,0,0,0,Charge 6
2025-12-22T11:43:46Z,0,0,0,Charge 6
2025-12-22T11:43:47Z,0,0,0,Charge 6
2025-12-22T11:43:48Z,0,0,0,Charge 6
2025-12-22T11:43:49Z,0,0,0,Charge 6
2025-12-22T11:43:50Z,0,0,0,Charge 6
2025-12-22T11:43:51Z,0,0,0,Charge 6
2025-12-22T11:43:52Z,0,0,0,Charge 6
2025-12-22T11:43:53Z,0,0,0,Charge 6
2025-12-22T11:43:54Z,0,0,0,Charge 6
2025-12-22T11:43:55Z,0,0,0,Charge 6
2025-12-22T11:43:56Z,0,0,0,Charge 6
2025-12-22T11:43:57Z,0,0,0,Charge 6
2025-12-22T11:43:58Z,0,0,0,Charge 6
2025-12-22T11:43:59Z,0,0,0,Charge 6
2025-12-22T11:44:00Z,0,0,0,Charge 6
2025-12-22T11:44:01Z,0,0,0,Charge 6
2025-12-22T11:44:02Z,0,0,0,Charge 6
2025-12-22T11:44:03Z,0,0,0,Charge 6
2025-12-22T11:44:04Z,0,0,0,Charge 6
2025-12-22T11:44:05Z,0,0,0,Charge 6
2025-12-22T11:44:06Z,0,0,0,Charge 6
2025-12-22T11:44:07Z,0,0,0,Charge 6
2025-12-22T11:44:08Z,0,0,0,Charge 6
2025-12-22T11:44:09Z,0,0,0,Charge 6
2025-12-22T11:44:10Z,0,0,0,Charge 6
2025-12-22T11:44:11Z,0,0,0,Charge 6
2025-12-22T11:44:12Z,0,0,0,Charge 6
2025-12-22T11:44:13Z,0,0,0,Charge 6
2025-12-22T11:44:14Z,0,0,0,Charge 6
2025-12-22T11:44:15Z,0,0,0,Charge 6
2025-12-22T11:44:16Z,0,0,0,Charge 6
2025-12-22T11:44:17Z,0,0,0,Charge 6
2025-12-22T11:44:18Z,0,0,0,Charge 6
2025-12-22T11:44:19Z,0,0,0,Charge 6
2025-12-22T11:44:20Z,0,0,0,Charge 6
2025-12-22T11:44:21Z,0,0,0,Charge 6
2025-12-22T11:44:22Z,0,0,0,Charge 6
2025-12-22T11:44:23Z,0,0,0,Charge 6
2025-12-22T11:44:24Z,0,0,0,Charge 6
2025-12-22T11:44:25Z,1,0,0,Charge 6
2025-12-22T11:44:26Z,1,0,0,Charge 6
2025-12-22T11:44:27Z,2,0,0,Charge 6
2025-12-22T11:44:28Z,1,0,0,Charge 6
2025-12-22T11:44:29Z,1,0,0,Charge 6
2025-12-22T11:44:30Z,0,0,0,Charge 6
2025-12-22T11:44:31Z,3,150,0,Charge 6
2025-12-22T11:44:32Z,0,250,0,Charge 6
2025-12-22T11:44:33Z,2,400,0,Charge 6
2025-12-22T11:44:34Z,0,520,0,Charge 6
2025-12-22T11:44:35Z,2,690,0,Charge 6
2025-12-22T11:44:36Z,2,740,0,Charge 6
2025-12-22T11:44:37Z,1,800,0,Charge 6
2025-12-22T11:44:38Z,1,800,0,Charge 6
2025-12-22T11:44:39Z,2,860,0,Charge 6
2025-12-22T11:44:40Z,1,940,0,Charge 6
2025-12-22T11:44:41Z,1,950,0,Charge 6
2025-12-22T11:44:42Z,0,1000,0,Charge 6
2025-12-22T11:44:43Z,0,990,0,Charge 6
2025-12-22T11:44:44Z,0,0,0,Charge 6
2025-12-22T11:44:45Z,0,0,0,Charge 6
2025-12-22T11:44:46Z,0,0,0,Charge 6
2025-12-22T11:44:47Z,0,0,0,Charge 6
2025-12-22T11:44:48Z,0,0,0,Charge 6
2025-12-22T11:44:49Z,0,0,0,Charge 6
2025-12-22T11:44:50Z,0,0,0,Charge 6
2025-12-22T11:44:51Z,0,0,0,Charge 6
2025-12-22T11:44:52Z,0,0,0,Charge 6
2025-12-22T11:44:53Z,0,0,0,Charge 6
2025-12-22T11:44:54Z,0,0,0,Charge 6
2025-12-22T11:44:55Z,0,0,0,Charge 6
2025-12-22T11:44:56Z,0,0,0,Charge 6
2025-12-22T11:44:57Z,0,0,0,Charge 6
2025-12-22T11:44:58Z,0,0,0,Charge 6
2025-12-22T11:44:59Z,0,0,0,Charge 6
2025-12-22T11:45:00Z,0,0,0,Charge 6
2025-12-22T11:45:01Z,0,0,0,Charge 6
2025-12-22T11:45:02Z,0,0,0,Charge 6
2025-12-22T11:45:03Z,0,0,0,Charge 6
2025-12-22T11:45:04Z,0,0,0,Charge 6
2025-12-22T11:45:05Z,0,0,0,Charge 6
2025-12-22T11:45:06Z,0,0,0,Charge 6
2025-12-22T11:45:07Z,0,0,0,Charge 6
2025-12-22T11:45:08Z,0,0,0,Charge 6
2025-12-22T11:45:09Z,0,0,0,Charge 6
2025-12-22T11:45:10Z,0,0,0,Charge 6
2025-12-22T11:45:11Z,0,0,0,Charge 6
2025-12-22T11:45:12Z,0,0,0,Charge 6
2025-12-22T11:45:13Z,0,0,0,Charge 6
2025-12-22T11:45:14Z,0,0,0,Charge 6
2025-12-22T11:45:15Z,0,0,0,Charge 6
2025-12-22T11:45:16Z,0,0,0,Charge 6
2025-12-22T11:45:17Z,0,0,0,Charge 6
2025-12-22T11:45:18Z,0,0,0,Charge 6
2025-12-22T11:45:19Z,0,0,0,Charge 6
2025-12-22T11:45:20Z,0,0,0,Charge 6
2025-12-22T11:45:21Z,0,0,0,Charge 6
2025-12-22T11:45:22Z,0,0,0,Charge 6
2025-12-22T11:45:23Z,0,0,0,Charge 6
2025-12-22T11:45:24Z,0,0,0,Charge 6
2025-12-22T11:45:25Z,0,0,0,Charge 6
2025-12-22T11:45:26Z,0,0,0,Charge 6
2025-12-22T11:45:27Z,0,0,0,Charge 6
2025-12-22T11:45:28Z,0,0,0,Charge 6
2025-12-22T11:45:29Z,0,0,0,Charge 6
2025-12-22T11:45:30Z,0,0,0,Charge 6
2025-12-22T11:45:31Z,0,0,0,Charge 6
2025-12-22T11:45:32Z,0,0,0,Charge 6
2025-12-22T11:45:33Z,0,0,0,Charge 6
2025-12-22T11:45:34Z,0,0,0,Charge 6
2025-12-22T11:45:35Z,0,0,0,Charge 6
2025-12-22T11:45:36Z,0,0,0,Charge 6
2025-12-22T11:45:37Z,0,0,0,Charge 6
2025-12-22T11:45:38Z,0,0,0,Charge 6
2025-12-22T11:45:39Z,0,0,0,Charge 6
2025-12-22T11:45:40Z,0,0,0,Charge 6
2025-12-22T11:45:41Z,0,0,0,Charge 6
2025-12-22T11:45:42Z,0,0,0,Charge 6
2025-12-22T11:45:43Z,0,0,0,Charge 6
2025-12-22T11:45:44Z,0,0,0,Charge 6
2025-12-22T11:45:45Z,0,0,0,Charge 6
2025-12-22T11:45:46Z,0,0,0,Charge 6
2025-12-22T11:45:47Z,0,0,0,Charge 6
2025-12-22T11:45:48Z,0,0,0,Charge 6
2025-12-22T11:45:49Z,0,0,0,Charge 6
2025-12-22T11:45:50Z,0,0,0,Charge 6
2025-12-22T11:45:51Z,0,0,0,Charge 6
2025-12-22T11:45:52Z,0,0,0,Charge 6
2025-12-22T11:45:53Z,0,0,0,Charge 6
2025-12-22T11:45:54Z,0,0,0,Charge 6
2025-12-22T11:45:55Z,0,0,0,Charge 6
2025-12-22T11:45:56Z,0,0,0,Charge 6
2025-12-22T11:45:57Z,0,0,0,Charge 6
2025-12-22T11:45:58Z,0,0,0,Charge 6
2025-12-22T11:45:59Z,0,0,0,Charge 6
2025-12-22T11:46:00Z,0,0,0,Charge 6
2025-12-22T11:46:01Z,0,0,0,Charge 6
2025-12-22T11:46:02Z,0,0,0,Charge 6
2025-12-22T11:46:03Z,0,0,0,Charge 6
2025-12-22T11:46:04Z,0,0,0,Charge 6
2025-12-22T11:46:05Z,0,0,0,Charge 6
2025-12-22T11:46:06Z,0,0,0,Charge 6
2025-12-22T11:46:07Z,0,0,0,Charge 6
2025-12-22T11:46:08Z,0,0,0,Charge 6
2025-12-22T11:46:09Z,0,0,0,Charge 6
2025-12-22T11:46:10Z,0,0,0,Charge 6
2025-12-22T11:46:11Z,0,0,0,Charge 6
2025-12-22T11:46:12Z,0,0,0,Charge 6
2025-12-22T11:46:13Z,0,0,0,Charge 6
2025-12-22T11:46:14Z,0,0,0,Charge 6
2025-12-22T11:46:15Z,0,0,0,Charge 6
2025-12-22T11:46:16Z,0,0,0,Charge 6
2025-12-22T11:46:17Z,0,0,0,Charge 6
2025-12-22T11:46:18Z,2,0,0,Charge 6
2025-12-22T11:46:19Z,2,0,0,Charge 6
2025-12-22T11:46:20Z,0,0,0,Charge 6
2025-12-22T11:46:21Z,0,0,0,Charge 6
2025-12-22T11:46:22Z,0,0,0,Charge 6
2025-12-22T11:46:23Z,0,0,0,Charge 6
2025-12-22T11:46:24Z,0,0,0,Charge 6
2025-12-22T11:46:25Z,0,0,0,Charge 6
2025-12-22T11:46:26Z,0,0,0,Charge 6
2025-12-22T11:46:27Z,0,0,0,Charge 6
2025-12-22T11:46:28Z,0,0,0,Charge 6
2025-12-22T11:46:29Z,0,0,0,Charge 6
2025-12-22T11:46:30Z,0,0,0,Charge 6
2025-12-22T11:46:31Z,0,0,0,Charge 6
2025-12-22T11:46:32Z,0,0,0,Charge 6
2025-12-22T11:59:27Z,1,0,0,Charge 6
2025-12-22T11:59:28Z,1,0,0,Charge 6
2025-12-22T11:59:29Z,2,120,0,Charge 6
2025-12-22T11:59:30Z,1,200,0,Charge 6
2025-12-22T11:59:31Z,2,330,0,Charge 6
2025-12-22T11:59:32Z,2,480,0,Charge 6
2025-12-22T11:59:33Z,1,590,0,Charge 6
2025-12-22T11:59:34Z,2,690,0,Charge 6
2025-12-22T11:59:35Z,1,760,0,Charge 6
2025-12-22T11:59:36Z,2,820,0,Charge 6
2025-12-22T11:59:37Z,2,870,0,Charge 6
2025-12-22T11:59:38Z,1,900,0,Charge 6
2025-12-22T11:59:39Z,2,1140,0,Charge 6
2025-12-22T11:59:40Z,2,1200,0,Charge 6
2025-12-22T11:59:41Z,1,1200,0,Charge 6
2025-12-22T11:59:42Z,2,1200,0,Charge 6
2025-12-22T11:59:43Z,2,1250,0,Charge 6
2025-12-22T11:59:44Z,1,1240,0,Charge 6
2025-12-22T11:59:45Z,2,1240,0,Charge 6
2025-12-22T11:59:46Z,2,1240,0,Charge 6
2025-12-22T11:59:47Z,1,1230,0,Charge 6
2025-12-22T11:59:48Z,2,1230,0,Charge 6
2025-12-22T11:59:49Z,1,1230,0,Charge 6
2025-12-22T11:59:50Z,1,1210,0,Charge 6
2025-12-22T11:59:51Z,0,1110,0,Charge 6
2025-12-22T11:59:52Z,0,990,0,Charge 6
2025-12-22T11:59:53Z,0,0,0,Charge 6
2025-12-22T11:59:54Z,0,0,0,Charge 6
2025-12-22T11:59:55Z,0,0,0,Charge 6
2025-12-22T11:59:56Z,0,0,0,Charge 6
2025-12-22T11:59:57Z,0,0,0,Charge 6
2025-12-22T11:59:58Z,0,0,0,Charge 6
2025-12-22T11:59:59Z,0,0,0,Charge 6
2025-12-22T12:00:00Z,0,0,0,Charge 6
2025-12-22T12:00:01Z,0,0,0,Charge 6
2025-12-22T12:00:02Z,1,0,0,Charge 6
2025-12-22T12:00:03Z,0,0,0,Charge 6
2025-12-22T12:00:04Z,2,0,0,Charge 6
2025-12-22T12:00:05Z,2,0,0,Charge 6
2025-12-22T12:00:06Z,2,0,0,Charge 6
2025-12-22T12:00:07Z,2,0,0,Charge 6
2025-12-22T12:00:08Z,1,130,0,Charge 6
2025-12-22T12:00:09Z,2,310,0,Charge 6
2025-12-22T12:00:10Z,2,500,0,Charge 6
2025-12-22T12:00:11Z,2,730,0,Charge 6
2025-12-22T12:00:12Z,2,960,0,Charge 6
2025-12-22T12:00:13Z,1,1040,0,Charge 6
2025-12-22T12:00:14Z,0,1020,0,Charge 6
2025-12-22T12:00:15Z,1,980,0,Charge 6
2025-12-22T12:00:16Z,2,950,0,Charge 6
2025-12-22T12:00:17Z,2,920,0,Charge 6
2025-12-22T12:00:18Z,1,1000,0,Charge 6
2025-12-22T12:00:19Z,2,1050,0,Charge 6
2025-12-22T12:00:20Z,2,1140,0,Charge 6
2025-12-22T12:00:21Z,2,1190,0,Charge 6
2025-12-22T12:00:22Z,1,1200,0,Charge 6
2025-12-22T12:00:23Z,2,1250,0,Charge 6
2025-12-22T12:00:24Z,2,1270,0,Charge 6
2025-12-22T12:00:25Z,0,1270,0,Charge 6
2025-12-22T12:00:26Z,1,1270,0,Charge 6
2025-12-22T12:00:27Z,1,1260,0,Charge 6
2025-12-22T12:00:28Z,1,1130,0,Charge 6
2025-12-22T12:00:29Z,0,960,0,Charge 6
2025-12-22T12:00:30Z,0,840,0,Charge 6
2025-12-22T12:00:31Z,0,0,0,Charge 6
2025-12-22T12:00:32Z,0,0,0,Charge 6
2025-12-22T12:00:33Z,0,0,0,Charge 6
2025-12-22T12:00:34Z,0,0,0,Charge 6
2025-12-22T12:00:35Z,0,0,0,Charge 6
2025-12-22T12:00:36Z,0,0,0,Charge 6
2025-12-22T12:00:37Z,0,0,0,Charge 6
2025-12-22T12:00:38Z,0,0,0,Charge 6
2025-12-22T12:00:39Z,0,0,0,Charge 6
2025-12-22T12:00:40Z,0,0,0,Charge 6
2025-12-22T12:00:41Z,0,0,0,Charge 6
2025-12-22T12:00:42Z,0,0,0,Charge 6
2025-12-22T12:00:43Z,0,0,0,Charge 6
2025-12-22T12:00:44Z,0,0,0,Charge 6
2025-12-22T12:00:45Z,0,0,0,Charge 6
2025-12-22T12:00:46Z,0,0,0,Charge 6
2025-12-22T12:00:47Z,0,0,0,Charge 6
2025-12-22T12:00:48Z,0,0,0,Charge 6
2025-12-22T12:00:49Z,0,0,0,Charge 6
2025-12-22T12:00:50Z,1,0,0,Charge 6
2025-12-22T12:00:51Z,0,0,0,Charge 6
2025-12-22T12:00:52Z,1,0,0,Charge 6
2025-12-22T12:00:53Z,1,0,0,Charge 6
2025-12-22T12:00:54Z,2,0,0,Charge 6
2025-12-22T12:00:55Z,1,140,0,Charge 6
2025-12-22T12:00:56Z,1,290,0,Charge 6
2025-12-22T12:00:57Z,0,390,0,Charge 6
2025-12-22T12:00:58Z,0,1020,0,Charge 6
2025-12-22T12:00:59Z,0,0,0,Charge 6
2025-12-22T12:01:00Z,0,0,0,Charge 6
2025-12-22T12:01:01Z,0,0,0,Charge 6
2025-12-22T12:01:02Z,0,0,0,Charge 6
2025-12-22T12:01:03Z,1,0,0,Charge 6
2025-12-22T12:01:04Z,1,0,0,Charge 6
2025-12-22T12:01:05Z,2,0,0,Charge 6
2025-12-22T12:01:06Z,1,0,0,Charge 6
2025-12-22T12:01:07Z,1,150,0,Charge 6
2025-12-22T12:01:08Z,1,290,0,Charge 6
2025-12-22T12:01:09Z,1,430,0,Charge 6
2025-12-22T12:01:10Z,1,580,0,Charge 6
2025-12-22T12:01:11Z,0,690,0,Charge 6
2025-12-22T12:01:12Z,0,630,0,Charge 6
2025-12-22T12:01:13Z,0,0,0,Charge 6
2025-12-22T12:01:14Z,1,0,0,Charge 6
2025-12-22T12:01:15Z,1,0,0,Charge 6
2025-12-22T12:01:16Z,2,0,0,Charge 6
2025-12-22T12:01:17Z,2,0,0,Charge 6
2025-12-22T12:01:18Z,1,170,0,Charge 6
2025-12-22T12:01:19Z,0,270,0,Charge 6
2025-12-22T12:01:20Z,0,350,0,Charge 6
2025-12-22T12:01:21Z,0,410,0,Charge 6
2025-12-22T12:01:22Z,0,450,0,Charge 6
2025-12-22T12:01:23Z,0,0,0,Charge 6
2025-12-22T12:01:24Z,0,0,0,Charge 6
2025-12-22T12:01:25Z,0,0,0,Charge 6
2025-12-22T12:01:26Z,2,0,0,Charge 6
2025-12-22T12:01:27Z,2,0,0,Charge 6
2025-12-22T12:01:28Z,0,0,0,Charge 6
2025-12-22T12:01:29Z,0,0,0,Charge 6
2025-12-22T12:01:30Z,0,0,0,Charge 6
2025-12-22T12:01:31Z,0,0,0,Charge 6
2025-12-22T12:01:32Z,0,0,0,Charge 6
2025-12-22T12:01:33Z,0,0,0,Charge 6
2025-12-22T12:01:34Z,0,0,0,Charge 6
2025-12-22T12:01:35Z,0,0,0,Charge 6
2025-12-22T12:01:36Z,0,0,0,Charge 6
2025-12-22T12:01:37Z,0,0,0,Charge 6
2025-12-22T12:01:38Z,0,0,0,Charge 6
2025-12-22T12:01:39Z,0,0,0,Charge 6
2025-12-22T12:01:40Z,0,0,0,Charge 6
2025-12-22T12:01:41Z,0,0,0,Charge 6
2025-12-22T12:01:42Z,0,0,0,Charge 6
2025-12-22T12:01:43Z,0,0,0,Charge 6
2025-12-22T12:01:44Z,0,0,0,Charge 6
2025-12-22T12:01:45Z,0,0,0,Charge 6
2025-12-22T12:01:46Z,0,0,0,Charge 6
2025-12-22T12:01:47Z,0,0,0,Charge 6
2025-12-22T12:01:48Z,0,0,0,Charge 6
2025-12-22T12:01:49Z,0,0,0,Charge 6
2025-12-22T12:01:50Z,0,0,0,Charge 6
2025-12-22T12:01:51Z,0,0,0,Charge 6
2025-12-22T12:01:52Z,0,0,0,Charge 6
2025-12-22T12:01:53Z,0,0,0,Charge 6
2025-12-22T12:01:54Z,0,0,0,Charge 6
2025-12-22T12:01:55Z,0,0,0,Charge 6
2025-12-22T12:01:56Z,0,0,0,Charge 6
2025-12-22T12:01:57Z,0,0,0,Charge 6
2025-12-22T12:01:58Z,0,0,0,Charge 6
2025-12-22T12:01:59Z,0,0,0,Charge 6
2025-12-22T12:02:00Z,0,0,0,Charge 6
2025-12-22T12:02:01Z,0,0,0,Charge 6
2025-12-22T12:02:02Z,0,0,0,Charge 6
2025-12-22T12:02:03Z,0,0,0,Charge 6
2025-12-22T12:02:04Z,0,0,0,Charge 6
2025-12-22T12:02:05Z,0,0,0,Charge 6
2025-12-22T12:02:06Z,0,0,0,Charge 6
2025-12-22T12:02:07Z,0,0,0,Charge 6
2025-12-22T12:02:08Z,0,0,0,Charge 6
2025-12-22T12:02:09Z,0,0,0,Charge 6
2025-12-22T12:02:10Z,0,0,0,Charge 6
2025-12-22T12:02:11Z,0,0,0,Charge 6
2025-12-22T12:02:12Z,0,0,0,Charge 6
2025-12-22T12:02:13Z,0,0,0,Charge 6
2025-12-22T12:02:14Z,0,0,0,Charge 6
2025-12-22T12:02:15Z,0,0,0,Charge 6
2025-12-22T12:02:16Z,0,0,0,Charge 6
2025-12-22T12:02:17Z,0,0,0,Charge 6
2025-12-22T12:02:18Z,0,0,0,Charge 6
2025-12-22T12:02:19Z,0,0,0,Charge 6
2025-12-22T12:02:20Z,0,0,0,Charge 6
2025-12-22T12:02:21Z,0,0,0,Charge 6
2025-12-22T12:02:22Z,0,0,0,Charge 6
2025-12-22T12:02:23Z,0,0,0,Charge 6
2025-12-22T12:02:24Z,0,0,0,Charge 6
2025-12-22T12:02:25Z,0,0,0,Charge 6
2025-12-22T12:02:26Z,0,0,0,Charge 6
2025-12-22T12:02:27Z,0,0,0,Charge 6
2025-12-22T12:02:28Z,0,0,0,Charge 6
2025-12-22T12:02:29Z,0,0,0,Charge 6
2025-12-22T12:02:30Z,0,0,0,Charge 6
2025-12-22T12:02:31Z,0,0,0,Charge 6
2025-12-22T12:02:32Z,0,0,0,Charge 6
2025-12-22T12:02:33Z,0,0,0,Charge 6
2025-12-22T12:02:34Z,0,0,0,Charge 6
2025-12-22T12:02:35Z,0,0,0,Charge 6
2025-12-22T12:02:36Z,0,0,0,Charge 6
2025-12-22T12:02:37Z,0,0,0,Charge 6
2025-12-22T12:02:38Z,0,0,0,Charge 6
2025-12-22T12:02:39Z,0,0,0,Charge 6
2025-12-22T12:02:40Z,0,0,0,Charge 6
2025-12-22T12:02:41Z,0,0,0,Charge 6
2025-12-22T12:02:42Z,0,0,0,Charge 6
2025-12-22T12:02:43Z,0,0,0,Charge 6
2025-12-22T12:02:44Z,0,0,0,Charge 6
2025-12-22T12:02:45Z,0,0,0,Charge 6
2025-12-22T12:02:46Z,0,0,0,Charge 6
2025-12-22T12:02:47Z,0,0,0,Charge 6
2025-12-22T12:02:48Z,0,0,0,Charge 6
2025-12-22T12:02:49Z,0,0,0,Charge 6
2025-12-22T12:02:50Z,0,0,0,Charge 6
2025-12-22T12:02:51Z,0,0,0,Charge 6
2025-12-22T12:02:52Z,0,0,0,Charge 6
2025-12-22T12:02:53Z,0,0,0,Charge 6
2025-12-22T12:02:54Z,0,0,0,Charge 6
2025-12-22T12:02:55Z,0,0,0,Charge 6
2025-12-22T12:02:56Z,1,0,0,Charge 6
2025-12-22T12:02:57Z,2,0,0,Charge 6
2025-12-22T12:02:58Z,1,0,0,Charge 6
2025-12-22T12:02:59Z,2,0,0,Charge 6
2025-12-22T12:03:00Z,2,140,0,Charge 6
2025-12-22T12:03:01Z,0,250,0,Charge 6
2025-12-22T12:03:02Z,1,370,0,Charge 6
2025-12-22T12:03:03Z,0,460,0,Charge 6
2025-12-22T12:03:04Z,0,520,0,Charge 6
2025-12-22T12:03:05Z,0,0,0,Charge 6
2025-12-22T12:03:06Z,0,0,0,Charge 6
2025-12-22T12:03:07Z,2,0,0,Charge 6
2025-12-22T12:03:08Z,2,0,0,Charge 6
2025-12-22T12:03:09Z,0,0,0,Charge 6
2025-12-22T12:03:10Z,0,0,0,Charge 6
2025-12-22T12:03:11Z,0,0,0,Charge 6
2025-12-22T12:03:12Z,0,0,0,Charge 6
2025-12-22T12:03:13Z,0,0,0,Charge 6
2025-12-22T12:03:14Z,0,0,0,Charge 6
2025-12-22T12:03:15Z,0,0,0,Charge 6
2025-12-22T12:03:16Z,0,0,0,Charge 6
2025-12-22T12:03:17Z,0,0,0,Charge 6
2025-12-22T12:03:18Z,0,0,0,Charge 6
2025-12-22T12:03:19Z,0,0,0,Charge 6
2025-12-22T12:03:20Z,0,0,0,Charge 6
2025-12-22T12:03:21Z,0,0,0,Charge 6
2025-12-22T12:03:22Z,0,0,0,Charge 6
2025-12-22T12:03:23Z,0,0,0,Charge 6
2025-12-22T12:03:24Z,0,0,0,Charge 6
2025-12-22T12:03:25Z,0,0,0,Charge 6
2025-12-22T12:03:26Z,0,0,0,Charge 6
2025-12-22T12:03:27Z,0,0,0,Charge 6
2025-12-22T12:03:28Z,0,0,0,Charge 6
2025-12-22T12:03:29Z,0,0,0,Charge 6
2025-12-22T12:03:30Z,0,0,0,Charge 6
2025-12-22T12:03:31Z,0,0,0,Charge 6
2025-12-22T12:03:32Z,0,0,0,Charge 6
2025-12-22T12:03:33Z,0,0,0,Charge 6
2025-12-22T12:03:34Z,0,0,0,Charge 6
2025-12-22T12:03:35Z,0,0,0,Charge 6
2025-12-22T12:03:36Z,0,0,0,Charge 6
2025-12-22T12:03:37Z,0,0,0,Charge 6
2025-12-22T12:03:38Z,0,0,0,Charge 6
2025-12-22T12:03:39Z,0,0,0,Charge 6
2025-12-22T12:03:40Z,0,0,0,Charge 6
2025-12-22T12:03:41Z,0,0,0,Charge 6
2025-12-22T12:03:42Z,0,0,0,Charge 6
2025-12-22T12:03:43Z,0,0,0,Charge 6
2025-12-22T12:03:44Z,0,0,0,Charge 6
2025-12-22T12:03:45Z,0,0,0,Charge 6
2025-12-22T12:03:46Z,0,0,0,Charge 6
2025-12-22T12:03:47Z,0,0,0,Charge 6
2025-12-22T12:03:48Z,0,0,0,Charge 6
2025-12-22T12:03:49Z,0,0,0,Charge 6
2025-12-22T12:03:50Z,0,0,0,Charge 6
2025-12-22T12:03:51Z,0,0,0,Charge 6
2025-12-22T12:03:52Z,0,0,0,Charge 6
2025-12-22T12:03:53Z,0,0,0,Charge 6
2025-12-22T12:03:54Z,0,0,0,Charge 6
2025-12-22T12:03:55Z,1,0,0,Charge 6
2025-12-22T12:03:56Z,1,0,0,Charge 6
2025-12-22T12:03:57Z,1,0,0,Charge 6
2025-12-22T12:03:58Z,1,0,0,Charge 6
2025-12-22T12:03:59Z,1,0,0,Charge 6
2025-12-22T12:04:00Z,0,0,0,Charge 6
2025-12-22T12:04:01Z,2,140,0,Charge 6
2025-12-22T12:04:02Z,0,250,0,Charge 6
2025-12-22T12:04:03Z,0,1180,0,Charge 6
2025-12-22T12:04:04Z,0,0,0,Charge 6
2025-12-22T12:04:05Z,0,0,0,Charge 6
2025-12-22T12:04:06Z,0,0,0,Charge 6
2025-12-22T12:04:07Z,1,0,0,Charge 6
2025-12-22T12:04:08Z,1,0,0,Charge 6
2025-12-22T12:04:09Z,2,0,0,Charge 6
2025-12-22T12:04:10Z,1,0,0,Charge 6
2025-12-22T12:04:11Z,2,0,0,Charge 6
2025-12-22T12:04:12Z,2,0,0,Charge 6
2025-12-22T12:04:13Z,0,0,0,Charge 6
2025-12-22T12:04:14Z,1,0,0,Charge 6
2025-12-22T12:04:15Z,2,0,0,Charge 6
2025-12-22T12:04:16Z,1,0,0,Charge 6
2025-12-22T12:04:17Z,2,140,0,Charge 6
2025-12-22T12:04:18Z,2,320,0,Charge 6
2025-12-22T12:04:19Z,0,470,0,Charge 6
2025-12-22T12:04:20Z,0,560,0,Charge 6
2025-12-22T12:04:21Z,0,640,0,Charge 6
2025-12-22T12:04:22Z,0,0,0,Charge 6
2025-12-22T12:04:23Z,0,0,0,Charge 6
2025-12-22T12:04:24Z,0,0,0,Charge 6
2025-12-22T12:04:25Z,0,0,0,Charge 6
2025-12-22T12:04:26Z,0,0,0,Charge 6
2025-12-22T12:04:27Z,0,0,0,Charge 6
2025-12-22T12:04:28Z,0,0,0,Charge 6
2025-12-22T12:04:29Z,0,0,0,Charge 6
2025-12-22T12:04:30Z,0,0,0,Charge 6
2025-12-22T12:17:05Z,1,0,0,Charge 6
2025-12-22T12:17:06Z,1,0,0,Charge 6
2025-12-22T12:17:07Z,2,120,0,Charge 6
2025-12-22T12:17:08Z,2,230,0,Charge 6
2025-12-22T12:17:09Z,1,340,0,Charge 6
2025-12-22T12:17:10Z,2,490,0,Charge 6
2025-12-22T12:17:11Z,2,640,0,Charge 6
2025-12-22T12:17:12Z,1,720,0,Charge 6
2025-12-22T12:17:13Z,1,760,0,Charge 6
2025-12-22T12:17:14Z,0,750,0,Charge 6
2025-12-22T12:17:15Z,0,690,0,Charge 6
2025-12-22T12:17:16Z,0,0,0,Charge 6
2025-12-22T12:17:17Z,0,0,0,Charge 6
2025-12-22T12:17:18Z,0,0,0,Charge 6
2025-12-22T12:17:19Z,0,0,0,Charge 6
2025-12-22T12:17:20Z,0,0,0,Charge 6
2025-12-22T12:17:21Z,0,0,0,Charge 6
2025-12-22T12:17:22Z,0,0,0,Charge 6
2025-12-22T12:17:23Z,0,0,0,Charge 6
2025-12-22T12:17:24Z,0,0,0,Charge 6
2025-12-22T12:17:25Z,0,0,0,Charge 6
2025-12-22T12:17:26Z,0,0,0,Charge 6
2025-12-22T12:17:27Z,0,0,0,Charge 6
2025-12-22T12:17:28Z,0,0,0,Charge 6
2025-12-22T12:17:29Z,0,0,0,Charge 6
2025-12-22T12:17:30Z,0,0,0,Charge 6
2025-12-22T12:17:31Z,0,0,0,Charge 6
2025-12-22T12:17:32Z,0,0,0,Charge 6
2025-12-22T12:17:33Z,0,0,0,Charge 6
2025-12-22T12:17:34Z,0,0,0,Charge 6
2025-12-22T12:17:35Z,0,0,0,Charge 6
2025-12-22T12:17:36Z,0,0,0,Charge 6
2025-12-22T12:17:37Z,0,0,0,Charge 6
2025-12-22T12:17:38Z,0,0,0,Charge 6
2025-12-22T12:17:39Z,0,0,0,Charge 6
2025-12-22T12:17:40Z,0,0,0,Charge 6
2025-12-22T12:17:41Z,0,0,0,Charge 6
2025-12-22T12:17:42Z,0,0,0,Charge 6
2025-12-22T12:17:43Z,0,0,0,Charge 6
2025-12-22T12:17:44Z,0,0,0,Charge 6
2025-12-22T12:17:45Z,0,0,0,Charge 6
2025-12-22T12:17:46Z,0,0,0,Charge 6
2025-12-22T12:17:47Z,0,0,0,Charge 6
2025-12-22T12:17:48Z,0,0,0,Charge 6
2025-12-22T12:17:49Z,0,0,0,Charge 6
2025-12-22T12:17:50Z,0,0,0,Charge 6
2025-12-22T12:17:51Z,0,0,0,Charge 6
2025-12-22T12:17:52Z,0,0,0,Charge 6
2025-12-22T12:17:53Z,0,0,0,Charge 6
2025-12-22T12:17:54Z,0,0,0,Charge 6
2025-12-22T12:17:55Z,0,0,0,Charge 6
2025-12-22T12:17:56Z,0,0,0,Charge 6
2025-12-22T12:17:57Z,0,0,0,Charge 6
2025-12-22T12:17:58Z,0,0,0,Charge 6
2025-12-22T12:17:59Z,0,0,0,Charge 6
2025-12-22T12:18:00Z,0,0,0,Charge 6
2025-12-22T12:18:01Z,0,0,0,Charge 6
2025-12-22T12:18:02Z,0,0,0,Charge 6
2025-12-22T12:18:03Z,0,0,0,Charge 6
2025-12-22T12:18:04Z,0,0,0,Charge 6
2025-12-22T12:18:05Z,0,0,0,Charge 6
2025-12-22T12:18:06Z,0,0,0,Charge 6
2025-12-22T12:18:07Z,0,0,0,Charge 6
2025-12-22T12:18:08Z,0,0,0,Charge 6
2025-12-22T12:18:09Z,0,0,0,Charge 6
2025-12-22T12:18:10Z,0,0,0,Charge 6
2025-12-22T12:18:11Z,0,0,0,Charge 6
2025-12-22T12:18:12Z,0,0,0,Charge 6
2025-12-22T12:18:13Z,0,0,0,Charge 6
2025-12-22T12:18:14Z,0,0,0,Charge 6
2025-12-22T12:18:15Z,0,0,0,Charge 6
2025-12-22T12:18:16Z,0,0,0,Charge 6
2025-12-22T12:18:17Z,0,0,0,Charge 6
2025-12-22T12:18:18Z,0,0,0,Charge 6
2025-12-22T12:18:19Z,0,0,0,Charge 6
2025-12-22T12:18:20Z,0,0,0,Charge 6
2025-12-22T12:18:21Z,0,0,0,Charge 6
2025-12-22T12:18:22Z,0,0,0,Charge 6
2025-12-22T12:18:23Z,0,0,0,Charge 6
2025-12-22T12:18:24Z,0,0,0,Charge 6
2025-12-22T12:18:25Z,0,0,0,Charge 6
2025-12-22T12:18:26Z,0,0,0,Charge 6
2025-12-22T12:18:27Z,0,0,0,Charge 6
2025-12-22T12:18:28Z,0,0,0,Charge 6
2025-12-22T12:18:29Z,2,0,0,Charge 6
2025-12-22T12:18:30Z,0,0,0,Charge 6
2025-12-22T12:18:31Z,4,0,0,Charge 6
2025-12-22T12:18:32Z,2,0,0,Charge 6
2025-12-22T12:18:33Z,2,140,0,Charge 6
2025-12-22T12:18:34Z,1,290,0,Charge 6
2025-12-22T12:18:35Z,1,430,0,Charge 6
2025-12-22T12:18:36Z,1,580,0,Charge 6
2025-12-22T12:18:37Z,1,580,0,Charge 6
2025-12-22T12:18:38Z,2,760,0,Charge 6
2025-12-22T12:18:39Z,0,750,0,Charge 6
2025-12-22T12:18:40Z,0,1350,0,Charge 6
2025-12-22T12:18:41Z,0,0,0,Charge 6
2025-12-22T12:18:42Z,0,0,0,Charge 6
2025-12-22T12:18:43Z,0,0,0,Charge 6
2025-12-22T12:18:44Z,0,0,0,Charge 6
2025-12-22T12:18:45Z,0,0,0,Charge 6
2025-12-22T12:18:46Z,0,0,0,Charge 6
2025-12-22T12:18:47Z,0,0,0,Charge 6
2025-12-22T12:18:48Z,0,0,0,Charge 6
2025-12-22T12:18:49Z,0,0,0,Charge 6
2025-12-22T12:18:50Z,0,0,0,Charge 6
2025-12-22T12:18:51Z,0,0,0,Charge 6
2025-12-22T12:18:52Z,0,0,0,Charge 6
2025-12-22T12:18:53Z,0,0,0,Charge 6
2025-12-22T12:18:54Z,0,0,0,Charge 6
2025-12-22T12:18:55Z,0,0,0,Charge 6
2025-12-22T12:18:56Z,0,0,0,Charge 6
2025-12-22T12:18:57Z,0,0,0,Charge 6
2025-12-22T12:18:58Z,1,0,0,Charge 6
2025-12-22T12:18:59Z,0,0,0,Charge 6
2025-12-22T12:19:00Z,0,0,0,Charge 6
2025-12-22T12:19:01Z,2,0,0,Charge 6
2025-12-22T12:19:02Z,2,140,0,Charge 6
2025-12-22T12:19:03Z,1,290,0,Charge 6
2025-12-22T12:19:04Z,2,470,0,Charge 6
2025-12-22T12:19:05Z,2,680,0,Charge 6
2025-12-22T12:19:06Z,2,910,0,Charge 6
2025-12-22T12:19:07Z,2,1000,0,Charge 6
2025-12-22T12:19:08Z,1,1090,0,Charge 6
2025-12-22T12:19:09Z,2,1140,0,Charge 6
2025-12-22T12:19:10Z,2,1180,0,Charge 6
2025-12-22T12:19:11Z,2,1210,0,Charge 6
2025-12-22T12:19:12Z,1,1260,0,Charge 6
2025-12-22T12:19:13Z,2,1290,0,Charge 6
2025-12-22T12:19:14Z,2,1310,0,Charge 6
2025-12-22T12:19:15Z,2,1330,0,Charge 6
2025-12-22T12:19:16Z,2,1330,0,Charge 6
2025-12-22T12:19:17Z,2,1390,0,Charge 6
2025-12-22T12:19:18Z,1,1380,0,Charge 6
2025-12-22T12:19:19Z,2,1370,0,Charge 6
2025-12-22T12:19:20Z,2,1380,0,Charge 6
2025-12-22T12:19:21Z,2,1370,0,Charge 6
2025-12-22T12:19:22Z,2,1380,0,Charge 6
2025-12-22T12:19:23Z,2,1410,0,Charge 6
2025-12-22T12:19:24Z,1,1420,0,Charge 6
2025-12-22T12:19:25Z,2,1410,0,Charge 6
2025-12-22T12:19:26Z,2,1410,0,Charge 6
2025-12-22T12:19:27Z,2,1400,0,Charge 6
2025-12-22T12:19:28Z,2,1410,0,Charge 6
2025-12-22T12:19:29Z,2,1440,0,Charge 6
2025-12-22T12:19:30Z,1,1440,0,Charge 6
2025-12-22T12:19:31Z,2,1430,0,Charge 6
2025-12-22T12:19:32Z,2,1430,0,Charge 6
2025-12-22T12:19:33Z,2,1430,0,Charge 6
2025-12-22T12:19:34Z,1,1430,0,Charge 6
2025-12-22T12:19:35Z,2,1420,0,Charge 6
2025-12-22T12:19:36Z,2,1430,0,Charge 6
2025-12-22T12:19:37Z,2,1420,0,Charge 6
2025-12-22T12:19:38Z,2,1420,0,Charge 6
2025-12-22T12:19:39Z,2,1440,0,Charge 6
2025-12-22T12:19:40Z,1,1450,0,Charge 6
2025-12-22T12:19:41Z,2,1450,0,Charge 6
2025-12-22T12:19:42Z,2,1440,0,Charge 6
2025-12-22T12:19:43Z,2,1440,0,Charge 6
2025-12-22T12:19:44Z,2,1440,0,Charge 6
2025-12-22T12:19:45Z,2,1430,0,Charge 6
2025-12-22T12:19:46Z,1,1440,0,Charge 6
2025-12-22T12:19:47Z,2,1440,0,Charge 6
2025-12-22T12:19:48Z,2,1440,0,Charge 6
2025-12-22T12:19:49Z,2,1430,0,Charge 6
2025-12-22T12:19:50Z,1,1430,0,Charge 6
2025-12-22T12:19:51Z,2,1430,0,Charge 6
2025-12-22T12:19:52Z,2,1430,0,Charge 6
2025-12-22T12:19:53Z,1,1420,0,Charge 6
2025-12-22T12:19:54Z,0,1300,0,Charge 6
2025-12-22T12:19:55Z,1,1200,0,Charge 6
2025-12-22T12:19:56Z,2,1120,0,Charge 6
2025-12-22T12:19:57Z,1,1040,0,Charge 6
2025-12-22T12:19:58Z,2,1010,0,Charge 6
2025-12-22T12:19:59Z,2,1010,0,Charge 6
2025-12-22T12:20:00Z,1,1010,0,Charge 6
2025-12-22T12:20:01Z,1,1020,0,Charge 6
2025-12-22T12:20:02Z,2,1020,0,Charge 6
2025-12-22T12:20:03Z,1,1020,0,Charge 6
2025-12-22T12:20:04Z,3,1040,0,Charge 6
2025-12-22T12:20:05Z,2,1110,0,Charge 6
2025-12-22T12:20:06Z,1,1120,0,Charge 6
2025-12-22T12:20:07Z,2,1120,0,Charge 6
2025-12-22T12:20:08Z,2,1230,0,Charge 6
2025-12-22T12:20:09Z,1,1230,0,Charge 6
2025-12-22T12:20:10Z,2,1220,0,Charge 6
2025-12-22T12:20:11Z,0,1220,0,Charge 6
2025-12-22T12:20:12Z,1,1150,0,Charge 6
2025-12-22T12:20:13Z,1,1050,0,Charge 6
2025-12-22T12:20:14Z,2,1010,0,Charge 6
2025-12-22T12:20:15Z,2,1000,0,Charge 6
2025-12-22T12:20:16Z,2,1000,0,Charge 6
2025-12-22T12:20:17Z,1,990,0,Charge 6
2025-12-22T12:20:18Z,2,1000,0,Charge 6
2025-12-22T12:20:19Z,1,1000,0,Charge 6
2025-12-22T12:20:20Z,2,1010,0,Charge 6
2025-12-22T12:20:21Z,1,1000,0,Charge 6
2025-12-22T12:20:22Z,1,1010,0,Charge 6
2025-12-22T12:20:23Z,2,1020,0,Charge 6
2025-12-22T12:20:24Z,2,1010,0,Charge 6
2025-12-22T12:20:25Z,1,1020,0,Charge 6
2025-12-22T12:20:26Z,2,1020,0,Charge 6
2025-12-22T12:20:27Z,1,1030,0,Charge 6
2025-12-22T12:20:28Z,2,1030,0,Charge 6
2025-12-22T12:20:29Z,1,1040,0,Charge 6
2025-12-22T12:20:30Z,2,1030,0,Charge 6
2025-12-22T12:20:31Z,2,1050,0,Charge 6
2025-12-22T12:20:32Z,2,1130,0,Charge 6
2025-12-22T12:20:33Z,1,1120,0,Charge 6
2025-12-22T12:20:34Z,2,1190,0,Charge 6
2025-12-22T12:20:35Z,2,1190,0,Charge 6
2025-12-22T12:20:36Z,2,1200,0,Charge 6
2025-12-22T12:20:37Z,2,1200,0,Charge 6
2025-12-22T12:20:38Z,1,1210,0,Charge 6
2025-12-22T12:20:39Z,1,1210,0,Charge 6
2025-12-22T12:20:40Z,1,1200,0,Charge 6
2025-12-22T12:20:41Z,2,1200,0,Charge 6
2025-12-22T12:20:42Z,2,1200,0,Charge 6
2025-12-22T12:20:43Z,2,1190,0,Charge 6
2025-12-22T12:20:44Z,2,1210,0,Charge 6
2025-12-22T12:20:45Z,2,1280,0,Charge 6
2025-12-22T12:20:46Z,1,1290,0,Charge 6
2025-12-22T12:20:47Z,2,1290,0,Charge 6
2025-12-22T12:20:48Z,2,1290,0,Charge 6
2025-12-22T12:20:49Z,2,1280,0,Charge 6
2025-12-22T12:20:50Z,2,1300,0,Charge 6
2025-12-22T12:20:51Z,2,1350,0,Charge 6
2025-12-22T12:20:52Z,2,1400,0,Charge 6
2025-12-22T12:20:53Z,1,1390,0,Charge 6
2025-12-22T12:20:54Z,3,1400,0,Charge 6
2025-12-22T12:20:55Z,1,1400,0,Charge 6
2025-12-22T12:20:56Z,2,1400,0,Charge 6
2025-12-22T12:20:57Z,2,1400,0,Charge 6
2025-12-22T12:20:58Z,2,1390,0,Charge 6
2025-12-22T12:20:59Z,1,1400,0,Charge 6
2025-12-22T12:21:00Z,2,1390,0,Charge 6
2025-12-22T12:21:01Z,2,1390,0,Charge 6
2025-12-22T12:21:02Z,3,1400,0,Charge 6
2025-12-22T12:21:03Z,2,1400,0,Charge 6
2025-12-22T12:21:04Z,1,1410,0,Charge 6
2025-12-22T12:21:05Z,2,1400,0,Charge 6
2025-12-22T12:21:06Z,2,1410,0,Charge 6
2025-12-22T12:21:07Z,2,1410,0,Charge 6
2025-12-22T12:21:08Z,2,1400,0,Charge 6
2025-12-22T12:21:09Z,0,1360,0,Charge 6
2025-12-22T12:21:10Z,3,1360,0,Charge 6
2025-12-22T12:21:11Z,2,1360,0,Charge 6
2025-12-22T12:21:12Z,2,1360,0,Charge 6
2025-12-22T12:21:13Z,1,1360,0,Charge 6
2025-12-22T12:21:14Z,2,1360,0,Charge 6
2025-12-22T12:21:15Z,2,1360,0,Charge 6
2025-12-22T12:21:16Z,2,1360,0,Charge 6
2025-12-22T12:21:17Z,2,1360,0,Charge 6
2025-12-22T12:21:18Z,2,1360,0,Charge 6
2025-12-22T12:21:19Z,2,1370,0,Charge 6
2025-12-22T12:21:20Z,1,1370,0,Charge 6
2025-12-22T12:21:21Z,2,1370,0,Charge 6
2025-12-22T12:21:22Z,2,1380,0,Charge 6
2025-12-22T12:21:23Z,2,1370,0,Charge 6
2025-12-22T12:21:24Z,1,1370,0,Charge 6
2025-12-22T12:21:25Z,2,1370,0,Charge 6
2025-12-22T12:21:26Z,2,1360,0,Charge 6
2025-12-22T12:21:27Z,2,1370,0,Charge 6
2025-12-22T12:21:28Z,1,1370,0,Charge 6
2025-12-22T12:21:29Z,2,1370,0,Charge 6
2025-12-22T12:21:30Z,1,1360,0,Charge 6
2025-12-22T12:21:31Z,2,1350,0,Charge 6
2025-12-22T12:21:32Z,2,1360,0,Charge 6
2025-12-22T12:21:33Z,1,1350,0,Charge 6
2025-12-22T12:21:34Z,2,1340,0,Charge 6
2025-12-22T12:21:35Z,2,1350,0,Charge 6
2025-12-22T12:21:36Z,2,1350,0,Charge 6
2025-12-22T12:21:37Z,2,1360,0,Charge 6
2025-12-22T12:21:38Z,1,1350,0,Charge 6
2025-12-22T12:21:39Z,2,1350,0,Charge 6
2025-12-22T12:21:40Z,2,1350,0,Charge 6
2025-12-22T12:21:41Z,1,1350,0,Charge 6
2025-12-22T12:21:42Z,2,1350,0,Charge 6
2025-12-22T12:21:43Z,2,1340,0,Charge 6
2025-12-22T12:21:44Z,2,1340,0,Charge 6
2025-12-22T12:21:45Z,2,1350,0,Charge 6
2025-12-22T12:21:46Z,2,1390,0,Charge 6
2025-12-22T12:21:47Z,1,1390,0,Charge 6
2025-12-22T12:21:48Z,2,1390,0,Charge 6
2025-12-22T12:21:49Z,1,1380,0,Charge 6
2025-12-22T12:21:50Z,2,1390,0,Charge 6
2025-12-22T12:21:51Z,2,1370,0,Charge 6
2025-12-22T12:21:52Z,2,1380,0,Charge 6
2025-12-22T12:21:53Z,1,1370,0,Charge 6
2025-12-22T12:21:54Z,2,1380,0,Charge 6
2025-12-22T12:21:55Z,2,1370,0,Charge 6
2025-12-22T12:21:56Z,1,1370,0,Charge 6
2025-12-22T12:21:57Z,1,1370,0,Charge 6
2025-12-22T12:21:58Z,3,1360,0,Charge 6
2025-12-22T12:21:59Z,2,1410,0,Charge 6
2025-12-22T12:22:00Z,1,1410,0,Charge 6
2025-12-22T12:22:01Z,2,1400,0,Charge 6
2025-12-22T12:22:02Z,2,1420,0,Charge 6
2025-12-22T12:22:03Z,2,1400,0,Charge 6
2025-12-22T12:22:04Z,1,1410,0,Charge 6
2025-12-22T12:22:05Z,2,1410,0,Charge 6
2025-12-22T12:22:06Z,2,1400,0,Charge 6
2025-12-22T12:22:07Z,1,1400,0,Charge 6
2025-12-22T12:22:08Z,2,1390,0,Charge 6
2025-12-22T12:22:09Z,2,1390,0,Charge 6
2025-12-22T12:22:10Z,1,1390,0,Charge 6
2025-12-22T12:22:11Z,2,1390,0,Charge 6
2025-12-22T12:22:12Z,2,1380,0,Charge 6
2025-12-22T12:22:13Z,1,1380,0,Charge 6
2025-12-22T12:22:14Z,2,1380,0,Charge 6
2025-12-22T12:22:15Z,1,1370,0,Charge 6
2025-12-22T12:22:16Z,2,1370,0,Charge 6
2025-12-22T12:22:17Z,2,1370,0,Charge 6
2025-12-22T12:22:18Z,2,1360,0,Charge 6
2025-12-22T12:22:19Z,1,1360,0,Charge 6
2025-12-22T12:22:20Z,2,1360,0,Charge 6
2025-12-22T12:22:21Z,2,1360,0,Charge 6
2025-12-22T12:22:22Z,2,1360,0,Charge 6
2025-12-22T12:22:23Z,2,1360,0,Charge 6
2025-12-22T12:22:24Z,1,1370,0,Charge 6
2025-12-22T12:22:25Z,2,1360,0,Charge 6
2025-12-22T12:22:26Z,2,1370,0,Charge 6
2025-12-22T12:22:27Z,2,1370,0,Charge 6
2025-12-22T12:22:28Z,2,1370,0,Charge 6
2025-12-22T12:22:29Z,2,1360,0,Charge 6
2025-12-22T12:22:30Z,1,1370,0,Charge 6
2025-12-22T12:22:31Z,2,1370,0,Charge 6
2025-12-22T12:22:32Z,2,1360,0,Charge 6
2025-12-22T12:22:33Z,2,1370,0,Charge 6
2025-12-22T12:22:34Z,1,1370,0,Charge 6
2025-12-22T12:22:35Z,2,1370,0,Charge 6
2025-12-22T12:22:36Z,2,1360,0,Charge 6
2025-12-22T12:22:37Z,2,1370,0,Charge 6
2025-12-22T12:22:38Z,2,1370,0,Charge 6
2025-12-22T12:22:39Z,2,1360,0,Charge 6
2025-12-22T12:22:40Z,2,1380,0,Charge 6
2025-12-22T12:22:41Z,2,1370,0,Charge 6
2025-12-22T12:22:42Z,2,1390,0,Charge 6
2025-12-22T12:22:43Z,2,1380,0,Charge 6
2025-12-22T12:22:44Z,2,1390,0,Charge 6
2025-12-22T12:22:45Z,1,1390,0,Charge 6
2025-12-22T12:22:46Z,2,1390,0,Charge 6
2025-12-22T12:22:47Z,2,1390,0,Charge 6
2025-12-22T12:22:48Z,2,1390,0,Charge 6
2025-12-22T12:22:49Z,2,1390,0,Charge 6
2025-12-22T12:22:50Z,2,1390,0,Charge 6
2025-12-22T12:22:51Z,1,1390,0,Charge 6
2025-12-22T12:22:52Z,2,1390,0,Charge 6
2025-12-22T12:22:53Z,2,1390,0,Charge 6
2025-12-22T12:22:54Z,2,1390,0,Charge 6
2025-12-22T12:22:55Z,1,1380,0,Charge 6
2025-12-22T12:22:56Z,2,1380,0,Charge 6
2025-12-22T12:22:57Z,2,1390,0,Charge 6
2025-12-22T12:22:58Z,2,1380,0,Charge 6
2025-12-22T12:22:59Z,1,1380,0,Charge 6
2025-12-22T12:23:00Z,1,1380,0,Charge 6
2025-12-22T12:23:01Z,1,1300,0,Charge 6
2025-12-22T12:23:02Z,4,1290,0,Charge 6
2025-12-22T12:23:03Z,2,1310,0,Charge 6
2025-12-22T12:23:04Z,2,1300,0,Charge 6
2025-12-22T12:23:05Z,1,1310,0,Charge 6
2025-12-22T12:23:06Z,2,1410,0,Charge 6
2025-12-22T12:23:07Z,2,1410,0,Charge 6
2025-12-22T12:23:08Z,2,1400,0,Charge 6
2025-12-22T12:23:09Z,2,1400,0,Charge 6
2025-12-22T12:23:10Z,1,1400,0,Charge 6
2025-12-22T12:23:11Z,2,1400,0,Charge 6
2025-12-22T12:23:12Z,2,1400,0,Charge 6
2025-12-22T12:23:13Z,2,1390,0,Charge 6
2025-12-22T12:23:14Z,2,1400,0,Charge 6
2025-12-22T12:23:15Z,1,1400,0,Charge 6
2025-12-22T12:23:16Z,2,1400,0,Charge 6
2025-12-22T12:23:17Z,2,1400,0,Charge 6
2025-12-22T12:23:18Z,1,1390,0,Charge 6
2025-12-22T12:23:19Z,2,1390,0,Charge 6
2025-12-22T12:23:20Z,2,1390,0,Charge 6
2025-12-22T12:23:21Z,2,1390,0,Charge 6
2025-12-22T12:23:22Z,1,1380,0,Charge 6
2025-12-22T12:23:23Z,1,1390,0,Charge 6
2025-12-22T12:23:24Z,3,1380,0,Charge 6
2025-12-22T12:23:25Z,2,1380,0,Charge 6
2025-12-22T12:23:26Z,1,1380,0,Charge 6
2025-12-22T12:23:27Z,2,1370,0,Charge 6
2025-12-22T12:23:28Z,2,1420,0,Charge 6
2025-12-22T12:23:29Z,2,1410,0,Charge 6
2025-12-22T12:23:30Z,2,1410,0,Charge 6
2025-12-22T12:23:31Z,1,1410,0,Charge 6
2025-12-22T12:23:32Z,2,1410,0,Charge 6
2025-12-22T12:23:33Z,2,1400,0,Charge 6
2025-12-22T12:23:34Z,1,1410,0,Charge 6
2025-12-22T12:23:35Z,2,1400,0,Charge 6
2025-12-22T12:23:36Z,2,1400,0,Charge 6
2025-12-22T12:23:37Z,2,1390,0,Charge 6
2025-12-22T12:23:38Z,2,1390,0,Charge 6
2025-12-22T12:23:39Z,1,1400,0,Charge 6
2025-12-22T12:23:40Z,2,1390,0,Charge 6
2025-12-22T12:23:41Z,2,1390,0,Charge 6
2025-12-22T12:23:42Z,1,1390,0,Charge 6
2025-12-22T12:23:43Z,2,1380,0,Charge 6
2025-12-22T12:23:44Z,2,1380,0,Charge 6
2025-12-22T12:23:45Z,2,1390,0,Charge 6
2025-12-22T12:23:46Z,2,1380,0,Charge 6
2025-12-22T12:23:47Z,1,1380,0,Charge 6
2025-12-22T12:23:48Z,2,1380,0,Charge 6
2025-12-22T12:23:49Z,2,1390,0,Charge 6
2025-12-22T12:23:50Z,2,1380,0,Charge 6
2025-12-22T12:23:51Z,1,1370,0,Charge 6
2025-12-22T12:23:52Z,2,1380,0,Charge 6
2025-12-22T12:23:53Z,2,1370,0,Charge 6
2025-12-22T12:23:54Z,2,1380,0,Charge 6
2025-12-22T12:23:55Z,1,1370,0,Charge 6
2025-12-22T12:23:56Z,2,1380,0,Charge 6
2025-12-22T12:23:57Z,2,1370,0,Charge 6
2025-12-22T12:23:58Z,2,1380,0,Charge 6
2025-12-22T12:23:59Z,1,1370,0,Charge 6
2025-12-22T12:24:00Z,2,1360,0,Charge 6
2025-12-22T12:24:01Z,2,1370,0,Charge 6
2025-12-22T12:24:02Z,2,1370,0,Charge 6
2025-12-22T12:24:03Z,1,1370,0,Charge 6
2025-12-22T12:24:04Z,2,1360,0,Charge 6
2025-12-22T12:24:05Z,2,1370,0,Charge 6
2025-12-22T12:24:06Z,2,1370,0,Charge 6
2025-12-22T12:24:07Z,1,1360,0,Charge 6
2025-12-22T12:24:08Z,2,1370,0,Charge 6
2025-12-22T12:24:09Z,2,1370,0,Charge 6
2025-12-22T12:24:10Z,1,1360,0,Charge 6
2025-12-22T12:24:11Z,1,1290,0,Charge 6
2025-12-22T12:24:12Z,3,1290,0,Charge 6
2025-12-22T12:24:13Z,2,1290,0,Charge 6
2025-12-22T12:24:14Z,1,1280,0,Charge 6
2025-12-22T12:24:15Z,2,1290,0,Charge 6
2025-12-22T12:24:16Z,2,1360,0,Charge 6
2025-12-22T12:24:17Z,2,1350,0,Charge 6
2025-12-22T12:24:18Z,2,1350,0,Charge 6
2025-12-22T12:24:19Z,1,1350,0,Charge 6
2025-12-22T12:24:20Z,2,1350,0,Charge 6
2025-12-22T12:24:21Z,2,1350,0,Charge 6
2025-12-22T12:24:22Z,1,1350,0,Charge 6
2025-12-22T12:24:23Z,2,1350,0,Charge 6
2025-12-22T12:24:24Z,2,1340,0,Charge 6
2025-12-22T12:24:25Z,1,1350,0,Charge 6
2025-12-22T12:24:26Z,2,1340,0,Charge 6
2025-12-22T12:24:27Z,2,1340,0,Charge 6
2025-12-22T12:24:28Z,2,1350,0,Charge 6
2025-12-22T12:24:29Z,1,1330,0,Charge 6
2025-12-22T12:24:30Z,2,1350,0,Charge 6
2025-12-22T12:24:31Z,2,1340,0,Charge 6
2025-12-22T12:24:32Z,2,1340,0,Charge 6
2025-12-22T12:24:33Z,1,1340,0,Charge 6
2025-12-22T12:24:34Z,2,1340,0,Charge 6
2025-12-22T12:24:35Z,2,1340,0,Charge 6
2025-12-22T12:24:36Z,2,1340,0,Charge 6
2025-12-22T12:24:37Z,2,1350,0,Charge 6
2025-12-22T12:24:38Z,2,1340,0,Charge 6
2025-12-22T12:24:39Z,2,1350,0,Charge 6
2025-12-22T12:24:40Z,1,1350,0,Charge 6
2025-12-22T12:24:41Z,2,1360,0,Charge 6
2025-12-22T12:24:42Z,2,1350,0,Charge 6
2025-12-22T12:24:43Z,1,1350,0,Charge 6
2025-12-22T12:24:44Z,2,1340,0,Charge 6
2025-12-22T12:24:45Z,2,1350,0,Charge 6
2025-12-22T12:24:46Z,2,1340,0,Charge 6
2025-12-22T12:24:47Z,1,1340,0,Charge 6
2025-12-22T12:24:48Z,2,1350,0,Charge 6
2025-12-22T12:24:49Z,1,1340,0,Charge 6
2025-12-22T12:24:50Z,1,1270,0,Charge 6
2025-12-22T12:24:51Z,1,1180,0,Charge 6
2025-12-22T12:24:52Z,4,1190,0,Charge 6
2025-12-22T12:24:53Z,1,1190,0,Charge 6
2025-12-22T12:24:54Z,2,1190,0,Charge 6
2025-12-22T12:24:55Z,2,1280,0,Charge 6
2025-12-22T12:24:56Z,1,1330,0,Charge 6
2025-12-22T12:24:57Z,2,1340,0,Charge 6
2025-12-22T12:24:58Z,2,1340,0,Charge 6
2025-12-22T12:24:59Z,1,1330,0,Charge 6
2025-12-22T12:25:00Z,2,1330,0,Charge 6
2025-12-22T12:25:01Z,2,1340,0,Charge 6
2025-12-22T12:25:02Z,1,1320,0,Charge 6
2025-12-22T12:25:03Z,3,1330,0,Charge 6
2025-12-22T12:25:04Z,2,1380,0,Charge 6
2025-12-22T12:25:05Z,1,1380,0,Charge 6
2025-12-22T12:25:06Z,2,1380,0,Charge 6
2025-12-22T12:25:07Z,1,1370,0,Charge 6
2025-12-22T12:25:08Z,1,1300,0,Charge 6
2025-12-22T12:25:09Z,0,1160,0,Charge 6
2025-12-22T12:25:10Z,2,1100,0,Charge 6
2025-12-22T12:25:11Z,3,1100,0,Charge 6
2025-12-22T12:25:12Z,1,1110,0,Charge 6
2025-12-22T12:25:13Z,2,1100,0,Charge 6
2025-12-22T12:25:14Z,2,1210,0,Charge 6
2025-12-22T12:25:15Z,1,1210,0,Charge 6
2025-12-22T12:25:16Z,2,1210,0,Charge 6
2025-12-22T12:25:17Z,2,1220,0,Charge 6
2025-12-22T12:25:18Z,2,1220,0,Charge 6
2025-12-22T12:25:19Z,1,1220,0,Charge 6
2025-12-22T12:25:20Z,1,1220,0,Charge 6
2025-12-22T12:25:21Z,1,1170,0,Charge 6
2025-12-22T12:25:22Z,2,1180,0,Charge 6
2025-12-22T12:25:23Z,1,1110,0,Charge 6
2025-12-22T12:25:24Z,2,1110,0,Charge 6
2025-12-22T12:25:25Z,1,1110,0,Charge 6
2025-12-22T12:25:26Z,2,1120,0,Charge 6
2025-12-22T12:25:27Z,2,1120,0,Charge 6
2025-12-22T12:25:28Z,1,1110,0,Charge 6
2025-12-22T12:25:29Z,1,1120,0,Charge 6
2025-12-22T12:25:30Z,2,1120,0,Charge 6
2025-12-22T12:25:31Z,2,1120,0,Charge 6
2025-12-22T12:25:32Z,1,1130,0,Charge 6
2025-12-22T12:25:33Z,2,1120,0,Charge 6
2025-12-22T12:25:34Z,1,1130,0,Charge 6
2025-12-22T12:25:35Z,2,1120,0,Charge 6
2025-12-22T12:25:36Z,2,1140,0,Charge 6
2025-12-22T12:25:37Z,2,1140,0,Charge 6
2025-12-22T12:25:38Z,1,1140,0,Charge 6
2025-12-22T12:25:39Z,2,1150,0,Charge 6
2025-12-22T12:25:40Z,1,1140,0,Charge 6
2025-12-22T12:25:41Z,2,1150,0,Charge 6
2025-12-22T12:25:42Z,2,1150,0,Charge 6
2025-12-22T12:25:43Z,2,1160,0,Charge 6
2025-12-22T12:25:44Z,1,1150,0,Charge 6
2025-12-22T12:25:45Z,2,1170,0,Charge 6
2025-12-22T12:25:46Z,1,1160,0,Charge 6
2025-12-22T12:25:47Z,1,1160,0,Charge 6
2025-12-22T12:25:48Z,2,1170,0,Charge 6
2025-12-22T12:25:49Z,2,1160,0,Charge 6
2025-12-22T12:25:50Z,2,1170,0,Charge 6
2025-12-22T12:25:51Z,1,1170,0,Charge 6
2025-12-22T12:25:52Z,2,1180,0,Charge 6
2025-12-22T12:25:53Z,1,1180,0,Charge 6
2025-12-22T12:25:54Z,2,1180,0,Charge 6
2025-12-22T12:25:55Z,2,1180,0,Charge 6
2025-12-22T12:25:56Z,1,1180,0,Charge 6
2025-12-22T12:25:57Z,2,1180,0,Charge 6
2025-12-22T12:25:58Z,1,1190,0,Charge 6
2025-12-22T12:25:59Z,2,1190,0,Charge 6
2025-12-22T12:26:00Z,2,1180,0,Charge 6
2025-12-22T12:26:01Z,1,1190,0,Charge 6
2025-12-22T12:26:02Z,2,1190,0,Charge 6
2025-12-22T12:26:03Z,2,1190,0,Charge 6
2025-12-22T12:26:04Z,2,1200,0,Charge 6
2025-12-22T12:26:05Z,1,1200,0,Charge 6
2025-12-22T12:26:06Z,2,1200,0,Charge 6
2025-12-22T12:26:07Z,1,1200,0,Charge 6
2025-12-22T12:26:08Z,2,1200,0,Charge 6
2025-12-22T12:26:09Z,1,1180,0,Charge 6
2025-12-22T12:26:10Z,2,1170,0,Charge 6
2025-12-22T12:26:11Z,2,1170,0,Charge 6
2025-12-22T12:26:12Z,1,1170,0,Charge 6
2025-12-22T12:26:13Z,2,1170,0,Charge 6
2025-12-22T12:26:14Z,1,1180,0,Charge 6
2025-12-22T12:26:15Z,2,1170,0,Charge 6
2025-12-22T12:26:16Z,2,1180,0,Charge 6
2025-12-22T12:26:17Z,1,1180,0,Charge 6
2025-12-22T12:26:18Z,2,1180,0,Charge 6
2025-12-22T12:26:19Z,2,1180,0,Charge 6
2025-12-22T12:26:20Z,1,1190,0,Charge 6
2025-12-22T12:26:21Z,2,1190,0,Charge 6
2025-12-22T12:26:22Z,2,1190,0,Charge 6
2025-12-22T12:26:23Z,1,1180,0,Charge 6
2025-12-22T12:26:24Z,2,1200,0,Charge 6
2025-12-22T12:26:25Z,1,1200,0,Charge 6
2025-12-22T12:26:26Z,2,1190,0,Charge 6
2025-12-22T12:26:27Z,2,1200,0,Charge 6
2025-12-22T12:26:28Z,1,1190,0,Charge 6
2025-12-22T12:26:29Z,2,1200,0,Charge 6
2025-12-22T12:26:30Z,1,1190,0,Charge 6
2025-12-22T12:26:31Z,2,1200,0,Charge 6
2025-12-22T12:26:32Z,2,1190,0,Charge 6
2025-12-22T12:26:33Z,1,1200,0,Charge 6
2025-12-22T12:26:34Z,2,1190,0,Charge 6
2025-12-22T12:26:35Z,1,1200,0,Charge 6
2025-12-22T12:26:36Z,2,1190,0,Charge 6
2025-12-22T12:26:37Z,1,1200,0,Charge 6
2025-12-22T12:26:38Z,2,1190,0,Charge 6
2025-12-22T12:26:39Z,1,1200,0,Charge 6
2025-12-22T12:26:40Z,2,1190,0,Charge 6
2025-12-22T12:26:41Z,1,1190,0,Charge 6
2025-12-22T12:26:42Z,2,1190,0,Charge 6
2025-12-22T12:26:43Z,2,1200,0,Charge 6
2025-12-22T12:26:44Z,1,1190,0,Charge 6
2025-12-22T12:26:45Z,2,1200,0,Charge 6
2025-12-22T12:26:46Z,1,1190,0,Charge 6
2025-12-22T12:26:47Z,2,1200,0,Charge 6
2025-12-22T12:26:48Z,2,1190,0,Charge 6
2025-12-22T12:26:49Z,1,1200,0,Charge 6
2025-12-22T12:26:50Z,2,1190,0,Charge 6
2025-12-22T12:26:51Z,1,1200,0,Charge 6
2025-12-22T12:26:52Z,2,1190,0,Charge 6
2025-12-22T12:26:53Z,2,1200,0,Charge 6
2025-12-22T12:26:54Z,1,1190,0,Charge 6
2025-12-22T12:26:55Z,2,1210,0,Charge 6
2025-12-22T12:26:56Z,1,1200,0,Charge 6
2025-12-22T12:26:57Z,2,1200,0,Charge 6
2025-12-22T12:26:58Z,1,1200,0,Charge 6
2025-12-22T12:26:59Z,2,1190,0,Charge 6
2025-12-22T12:27:00Z,1,1200,0,Charge 6
2025-12-22T12:27:01Z,2,1190,0,Charge 6
2025-12-22T12:27:02Z,1,1200,0,Charge 6
2025-12-22T12:27:03Z,2,1190,0,Charge 6
2025-12-22T12:27:04Z,2,1200,0,Charge 6
2025-12-22T12:27:05Z,1,1200,0,Charge 6
2025-12-22T12:27:06Z,2,1190,0,Charge 6
2025-12-22T12:27:07Z,2,1200,0,Charge 6
2025-12-22T12:27:08Z,1,1200,0,Charge 6
2025-12-22T12:27:09Z,2,1200,0,Charge 6
2025-12-22T12:27:10Z,2,1210,0,Charge 6
2025-12-22T12:27:11Z,1,1200,0,Charge 6
2025-12-22T12:27:12Z,2,1200,0,Charge 6
2025-12-22T12:27:13Z,2,1210,0,Charge 6
2025-12-22T12:27:14Z,1,1210,0,Charge 6
2025-12-22T12:27:15Z,2,1210,0,Charge 6
2025-12-22T12:27:16Z,1,1220,0,Charge 6
2025-12-22T12:27:17Z,2,1210,0,Charge 6
2025-12-22T12:27:18Z,2,1210,0,Charge 6
2025-12-22T12:27:19Z,2,1210,0,Charge 6
2025-12-22T12:27:20Z,1,1210,0,Charge 6
2025-12-22T12:27:21Z,2,1220,0,Charge 6
2025-12-22T12:27:22Z,1,1220,0,Charge 6
2025-12-22T12:27:23Z,2,1220,0,Charge 6
2025-12-22T12:27:24Z,2,1210,0,Charge 6
2025-12-22T12:27:25Z,1,1220,0,Charge 6
2025-12-22T12:27:26Z,2,1220,0,Charge 6
2025-12-22T12:27:27Z,2,1220,0,Charge 6
2025-12-22T12:27:28Z,1,1220,0,Charge 6
2025-12-22T12:27:29Z,2,1220,0,Charge 6
2025-12-22T12:27:30Z,1,1220,0,Charge 6
2025-12-22T12:27:31Z,3,1220,0,Charge 6
2025-12-22T12:27:32Z,1,1220,0,Charge 6
2025-12-22T12:27:33Z,2,1220,0,Charge 6
2025-12-22T12:27:34Z,2,1230,0,Charge 6
2025-12-22T12:27:35Z,3,1330,0,Charge 6
2025-12-22T12:27:36Z,2,1390,0,Charge 6
2025-12-22T12:27:37Z,1,1420,0,Charge 6
2025-12-22T12:27:38Z,2,1420,0,Charge 6
2025-12-22T12:27:39Z,1,1420,0,Charge 6
2025-12-22T12:27:40Z,2,1420,0,Charge 6
2025-12-22T12:27:41Z,1,1330,0,Charge 6
2025-12-22T12:27:42Z,2,1320,0,Charge 6
2025-12-22T12:27:43Z,1,1260,0,Charge 6
2025-12-22T12:27:44Z,2,1260,0,Charge 6
2025-12-22T12:27:45Z,2,1260,0,Charge 6
2025-12-22T12:27:46Z,1,1250,0,Charge 6
2025-12-22T12:27:47Z,2,1260,0,Charge 6
2025-12-22T12:27:48Z,2,1260,0,Charge 6
2025-12-22T12:27:49Z,3,1330,0,Charge 6
2025-12-22T12:27:50Z,1,1330,0,Charge 6
2025-12-22T12:27:51Z,1,1320,0,Charge 6
2025-12-22T12:27:52Z,2,1330,0,Charge 6
2025-12-22T12:27:53Z,1,1330,0,Charge 6
2025-12-22T12:27:54Z,2,1270,0,Charge 6
2025-12-22T12:27:55Z,1,1210,0,Charge 6
2025-12-22T12:27:56Z,1,1180,0,Charge 6
2025-12-22T12:27:57Z,2,1170,0,Charge 6
2025-12-22T12:27:58Z,1,1170,0,Charge 6
2025-12-22T12:27:59Z,2,1170,0,Charge 6
2025-12-22T12:28:00Z,1,1170,0,Charge 6
2025-12-22T12:28:01Z,1,1160,0,Charge 6
2025-12-22T12:28:02Z,2,1160,0,Charge 6
2025-12-22T12:28:03Z,1,1160,0,Charge 6
2025-12-22T12:28:04Z,2,1160,0,Charge 6
2025-12-22T12:28:05Z,2,1150,0,Charge 6
2025-12-22T12:28:06Z,2,1210,0,Charge 6
2025-12-22T12:28:07Z,2,1250,0,Charge 6
2025-12-22T12:28:08Z,1,1260,0,Charge 6
2025-12-22T12:28:09Z,2,1260,0,Charge 6
2025-12-22T12:28:10Z,1,1260,0,Charge 6
2025-12-22T12:28:11Z,2,1260,0,Charge 6
2025-12-22T12:28:12Z,2,1250,0,Charge 6
2025-12-22T12:28:13Z,2,1260,0,Charge 6
2025-12-22T12:28:14Z,2,1260,0,Charge 6
2025-12-22T12:28:15Z,2,1330,0,Charge 6
2025-12-22T12:28:16Z,2,1370,0,Charge 6
2025-12-22T12:28:17Z,2,1420,0,Charge 6
2025-12-22T12:28:18Z,2,1430,0,Charge 6
2025-12-22T12:28:19Z,1,1440,0,Charge 6
2025-12-22T12:28:20Z,3,1450,0,Charge 6
2025-12-22T12:28:21Z,2,1440,0,Charge 6
2025-12-22T12:28:22Z,0,1440,0,Charge 6
2025-12-22T12:28:23Z,3,1440,0,Charge 6
2025-12-22T12:28:24Z,2,1430,0,Charge 6
2025-12-22T12:28:25Z,1,1440,0,Charge 6
2025-12-22T12:28:26Z,1,1350,0,Charge 6
2025-12-22T12:28:27Z,2,1340,0,Charge 6
2025-12-22T12:28:28Z,2,1340,0,Charge 6
2025-12-22T12:28:29Z,2,1340,0,Charge 6
2025-12-22T12:28:30Z,2,1340,0,Charge 6
2025-12-22T12:28:31Z,1,1330,0,Charge 6
2025-12-22T12:28:32Z,2,1340,0,Charge 6
2025-12-22T12:28:33Z,2,1340,0,Charge 6
2025-12-22T12:28:34Z,2,1340,0,Charge 6
2025-12-22T12:28:35Z,1,1340,0,Charge 6
2025-12-22T12:28:36Z,2,1340,0,Charge 6
2025-12-22T12:28:37Z,2,1340,0,Charge 6
2025-12-22T12:28:38Z,2,1340,0,Charge 6
2025-12-22T12:28:39Z,2,1350,0,Charge 6
2025-12-22T12:28:40Z,2,1340,0,Charge 6
2025-12-22T12:28:41Z,0,1350,0,Charge 6
2025-12-22T12:28:42Z,2,1340,0,Charge 6
2025-12-22T12:28:43Z,1,1270,0,Charge 6
2025-12-22T12:28:44Z,1,1180,0,Charge 6
2025-12-22T12:28:45Z,2,1120,0,Charge 6
2025-12-22T12:28:46Z,1,1120,0,Charge 6
2025-12-22T12:28:47Z,2,1110,0,Charge 6
2025-12-22T12:28:48Z,1,1110,0,Charge 6
2025-12-22T12:28:49Z,2,1110,0,Charge 6
2025-12-22T12:28:50Z,2,1120,0,Charge 6
2025-12-22T12:28:51Z,1,1120,0,Charge 6
2025-12-22T12:28:52Z,1,1110,0,Charge 6
2025-12-22T12:28:53Z,2,1120,0,Charge 6
2025-12-22T12:28:54Z,1,1120,0,Charge 6
2025-12-22T12:28:55Z,1,1070,0,Charge 6
2025-12-22T12:28:56Z,1,1030,0,Charge 6
2025-12-22T12:28:57Z,2,1030,0,Charge 6
2025-12-22T12:28:58Z,2,1030,0,Charge 6
2025-12-22T12:28:59Z,1,1030,0,Charge 6
2025-12-22T12:29:00Z,2,1040,0,Charge 6
2025-12-22T12:29:01Z,2,1120,0,Charge 6
2025-12-22T12:29:02Z,1,1120,0,Charge 6
2025-12-22T12:29:03Z,2,1130,0,Charge 6
2025-12-22T12:29:04Z,2,1190,0,Charge 6
2025-12-22T12:29:05Z,2,1230,0,Charge 6
2025-12-22T12:29:06Z,1,1240,0,Charge 6
2025-12-22T12:29:07Z,1,1230,0,Charge 6
2025-12-22T12:29:08Z,1,1230,0,Charge 6
2025-12-22T12:29:09Z,2,1230,0,Charge 6
2025-12-22T12:29:10Z,1,1230,0,Charge 6
2025-12-22T12:29:11Z,2,1230,0,Charge 6
2025-12-22T12:29:12Z,1,1220,0,Charge 6
2025-12-22T12:29:13Z,1,1220,0,Charge 6
2025-12-22T12:29:14Z,2,1210,0,Charge 6
2025-12-22T12:29:15Z,1,1210,0,Charge 6
2025-12-22T12:29:16Z,2,1200,0,Charge 6
2025-12-22T12:29:17Z,2,1200,0,Charge 6
2025-12-22T12:29:18Z,1,1210,0,Charge 6
2025-12-22T12:29:19Z,3,1250,0,Charge 6
2025-12-22T12:29:20Z,2,1320,0,Charge 6
2025-12-22T12:29:21Z,2,1360,0,Charge 6
2025-12-22T12:29:22Z,1,1370,0,Charge 6
2025-12-22T12:29:23Z,2,1410,0,Charge 6
2025-12-22T12:29:24Z,2,1400,0,Charge 6
2025-12-22T12:29:25Z,1,1410,0,Charge 6
2025-12-22T12:29:26Z,1,1320,0,Charge 6
2025-12-22T12:29:27Z,2,1320,0,Charge 6
2025-12-22T12:29:28Z,1,1310,0,Charge 6
2025-12-22T12:29:29Z,2,1310,0,Charge 6
2025-12-22T12:29:30Z,1,1290,0,Charge 6
2025-12-22T12:29:31Z,2,1300,0,Charge 6
2025-12-22T12:29:32Z,1,1290,0,Charge 6
2025-12-22T12:29:33Z,1,1290,0,Charge 6
2025-12-22T12:29:34Z,2,1280,0,Charge 6
2025-12-22T12:29:35Z,2,1280,0,Charge 6
2025-12-22T12:29:36Z,2,1280,0,Charge 6
2025-12-22T12:29:37Z,1,1270,0,Charge 6
2025-12-22T12:29:38Z,2,1280,0,Charge 6
2025-12-22T12:29:39Z,1,1270,0,Charge 6
2025-12-22T12:29:40Z,2,1280,0,Charge 6
2025-12-22T12:29:41Z,1,1270,0,Charge 6
2025-12-22T12:29:42Z,2,1270,0,Charge 6
2025-12-22T12:29:43Z,2,1260,0,Charge 6
2025-12-22T12:29:44Z,2,1280,0,Charge 6
2025-12-22T12:29:45Z,3,1330,0,Charge 6
2025-12-22T12:29:46Z,2,1420,0,Charge 6
2025-12-22T12:29:47Z,1,1450,0,Charge 6
2025-12-22T12:29:48Z,2,1470,0,Charge 6
2025-12-22T12:29:49Z,2,1480,0,Charge 6
2025-12-22T12:29:50Z,1,1480,0,Charge 6
2025-12-22T12:29:51Z,0,1330,0,Charge 6
2025-12-22T12:29:52Z,2,1270,0,Charge 6
2025-12-22T12:29:53Z,1,1180,0,Charge 6
2025-12-22T12:29:54Z,2,1110,0,Charge 6
2025-12-22T12:29:55Z,1,1060,0,Charge 6
2025-12-22T12:29:56Z,2,1070,0,Charge 6
2025-12-22T12:29:57Z,2,1070,0,Charge 6
2025-12-22T12:29:58Z,2,1080,0,Charge 6
2025-12-22T12:29:59Z,1,1080,0,Charge 6
2025-12-22T12:30:00Z,2,1080,0,Charge 6
2025-12-22T12:30:01Z,2,1100,0,Charge 6
2025-12-22T12:30:02Z,0,1090,0,Charge 6
2025-12-22T12:30:03Z,1,1050,0,Charge 6
2025-12-22T12:30:04Z,0,980,0,Charge 6
2025-12-22T12:30:05Z,2,920,0,Charge 6
2025-12-22T12:30:06Z,1,800,0,Charge 6
2025-12-22T12:30:07Z,1,780,0,Charge 6
2025-12-22T12:30:08Z,3,850,0,Charge 6
2025-12-22T12:30:09Z,1,920,0,Charge 6
2025-12-22T12:30:10Z,2,980,0,Charge 6
2025-12-22T12:30:11Z,1,980,0,Charge 6
2025-12-22T12:30:12Z,2,1080,0,Charge 6
2025-12-22T12:30:13Z,2,1080,0,Charge 6
2025-12-22T12:30:14Z,1,1090,0,Charge 6
2025-12-22T12:30:15Z,1,1090,0,Charge 6
2025-12-22T12:30:16Z,2,1080,0,Charge 6
2025-12-22T12:30:17Z,2,1100,0,Charge 6
2025-12-22T12:30:18Z,2,1090,0,Charge 6
2025-12-22T12:30:19Z,1,1100,0,Charge 6
2025-12-22T12:30:20Z,2,1160,0,Charge 6
2025-12-22T12:30:21Z,2,1220,0,Charge 6
2025-12-22T12:30:22Z,1,1220,0,Charge 6
2025-12-22T12:30:23Z,2,1220,0,Charge 6
2025-12-22T12:30:24Z,2,1220,0,Charge 6
2025-12-22T12:30:25Z,2,1230,0,Charge 6
2025-12-22T12:30:26Z,1,1220,0,Charge 6
2025-12-22T12:30:27Z,2,1230,0,Charge 6
2025-12-22T12:30:28Z,1,1230,0,Charge 6
2025-12-22T12:30:29Z,2,1220,0,Charge 6
2025-12-22T12:30:30Z,2,1230,0,Charge 6
2025-12-22T12:30:31Z,2,1230,0,Charge 6
2025-12-22T12:30:32Z,2,1240,0,Charge 6
2025-12-22T12:30:33Z,2,1300,0,Charge 6
2025-12-22T12:30:34Z,2,1360,0,Charge 6
2025-12-22T12:30:35Z,0,1360,0,Charge 6
2025-12-22T12:30:36Z,2,1360,0,Charge 6
2025-12-22T12:30:37Z,3,1360,0,Charge 6
2025-12-22T12:30:38Z,1,1350,0,Charge 6
2025-12-22T12:30:39Z,2,1350,0,Charge 6
2025-12-22T12:30:40Z,2,1390,0,Charge 6
2025-12-22T12:30:41Z,2,1430,0,Charge 6
2025-12-22T12:30:42Z,2,1430,0,Charge 6
2025-12-22T12:30:43Z,1,1420,0,Charge 6
2025-12-22T12:30:44Z,2,1420,0,Charge 6
2025-12-22T12:30:45Z,2,1420,0,Charge 6
2025-12-22T12:30:46Z,1,1410,0,Charge 6
2025-12-22T12:30:47Z,2,1420,0,Charge 6
2025-12-22T12:30:48Z,2,1420,0,Charge 6
2025-12-22T12:30:49Z,2,1410,0,Charge 6
2025-12-22T12:30:50Z,1,1410,0,Charge 6
2025-12-22T12:30:51Z,2,1400,0,Charge 6
2025-12-22T12:30:52Z,2,1400,0,Charge 6
2025-12-22T12:30:53Z,1,1390,0,Charge 6
2025-12-22T12:30:54Z,2,1400,0,Charge 6
2025-12-22T12:30:55Z,2,1390,0,Charge 6
2025-12-22T12:30:56Z,2,1390,0,Charge 6
2025-12-22T12:30:57Z,1,1390,0,Charge 6
2025-12-22T12:30:58Z,2,1380,0,Charge 6
2025-12-22T12:30:59Z,1,1380,0,Charge 6
2025-12-22T12:31:00Z,1,1310,0,Charge 6
2025-12-22T12:31:01Z,3,1300,0,Charge 6
2025-12-22T12:31:02Z,2,1310,0,Charge 6
2025-12-22T12:31:03Z,2,1300,0,Charge 6
2025-12-22T12:31:04Z,2,1360,0,Charge 6
2025-12-22T12:31:05Z,1,1400,0,Charge 6
2025-12-22T12:31:06Z,2,1400,0,Charge 6
2025-12-22T12:31:07Z,2,1400,0,Charge 6
2025-12-22T12:31:08Z,1,1390,0,Charge 6
2025-12-22T12:31:09Z,2,1400,0,Charge 6
2025-12-22T12:31:10Z,1,1390,0,Charge 6
2025-12-22T12:31:11Z,1,1300,0,Charge 6
2025-12-22T12:31:12Z,2,1250,0,Charge 6
2025-12-22T12:31:13Z,1,1200,0,Charge 6
2025-12-22T12:31:14Z,2,1200,0,Charge 6
2025-12-22T12:31:15Z,1,1190,0,Charge 6
2025-12-22T12:31:16Z,2,1200,0,Charge 6
2025-12-22T12:31:17Z,1,1190,0,Charge 6
2025-12-22T12:31:18Z,2,1200,0,Charge 6
2025-12-22T12:31:19Z,2,1200,0,Charge 6
2025-12-22T12:31:20Z,1,1190,0,Charge 6
2025-12-22T12:31:21Z,2,1200,0,Charge 6
2025-12-22T12:31:22Z,1,1190,0,Charge 6
2025-12-22T12:31:23Z,2,1200,0,Charge 6
2025-12-22T12:31:24Z,1,1190,0,Charge 6
2025-12-22T12:31:25Z,1,1190,0,Charge 6
2025-12-22T12:31:26Z,2,1190,0,Charge 6
2025-12-22T12:31:27Z,2,1180,0,Charge 6
2025-12-22T12:31:28Z,1,1190,0,Charge 6
2025-12-22T12:31:29Z,2,1190,0,Charge 6
2025-12-22T12:31:30Z,1,1190,0,Charge 6
2025-12-22T12:31:31Z,2,1180,0,Charge 6
2025-12-22T12:31:32Z,1,1190,0,Charge 6
2025-12-22T12:31:33Z,2,1190,0,Charge 6
2025-12-22T12:31:34Z,2,1190,0,Charge 6
2025-12-22T12:31:35Z,1,1180,0,Charge 6
2025-12-22T12:31:36Z,2,1190,0,Charge 6
2025-12-22T12:31:37Z,1,1190,0,Charge 6
2025-12-22T12:31:38Z,2,1190,0,Charge 6
2025-12-22T12:31:39Z,1,1180,0,Charge 6
2025-12-22T12:31:40Z,2,1190,0,Charge 6
2025-12-22T12:31:41Z,2,1190,0,Charge 6
2025-12-22T12:31:42Z,1,1190,0,Charge 6
2025-12-22T12:31:43Z,2,1180,0,Charge 6
2025-12-22T12:31:44Z,2,1200,0,Charge 6
2025-12-22T12:31:45Z,2,1200,0,Charge 6
2025-12-22T12:31:46Z,2,1200,0,Charge 6
2025-12-22T12:31:47Z,1,1210,0,Charge 6
2025-12-22T12:31:48Z,2,1210,0,Charge 6
2025-12-22T12:31:49Z,1,1210,0,Charge 6
2025-12-22T12:31:50Z,0,1130,0,Charge 6
2025-12-22T12:31:51Z,1,1040,0,Charge 6
2025-12-22T12:31:52Z,2,1010,0,Charge 6
2025-12-22T12:31:53Z,1,950,0,Charge 6
2025-12-22T12:31:54Z,2,890,0,Charge 6
2025-12-22T12:31:55Z,1,930,0,Charge 6
2025-12-22T12:31:56Z,2,970,0,Charge 6
2025-12-22T12:31:57Z,1,980,0,Charge 6
2025-12-22T12:31:58Z,2,980,0,Charge 6
2025-12-22T12:31:59Z,2,1000,0,Charge 6
2025-12-22T12:32:00Z,2,1080,0,Charge 6
2025-12-22T12:32:01Z,2,1160,0,Charge 6
2025-12-22T12:32:02Z,2,1250,0,Charge 6
2025-12-22T12:32:03Z,2,1320,0,Charge 6
2025-12-22T12:32:04Z,1,1320,0,Charge 6
2025-12-22T12:32:05Z,2,1320,0,Charge 6
2025-12-22T12:32:06Z,1,1320,0,Charge 6
2025-12-22T12:32:07Z,2,1320,0,Charge 6
2025-12-22T12:32:08Z,1,1310,0,Charge 6
2025-12-22T12:32:09Z,2,1310,0,Charge 6
2025-12-22T12:32:10Z,2,1300,0,Charge 6
2025-12-22T12:32:11Z,2,1310,0,Charge 6
2025-12-22T12:32:12Z,2,1310,0,Charge 6
2025-12-22T12:32:13Z,1,1310,0,Charge 6
2025-12-22T12:32:14Z,2,1310,0,Charge 6
2025-12-22T12:32:15Z,1,1320,0,Charge 6
2025-12-22T12:32:16Z,2,1300,0,Charge 6
2025-12-22T12:32:17Z,2,1310,0,Charge 6
2025-12-22T12:32:18Z,2,1300,0,Charge 6
2025-12-22T12:32:19Z,1,1310,0,Charge 6
2025-12-22T12:32:20Z,2,1300,0,Charge 6
2025-12-22T12:32:21Z,1,1300,0,Charge 6
2025-12-22T12:32:22Z,2,1310,0,Charge 6
2025-12-22T12:32:23Z,2,1300,0,Charge 6
2025-12-22T12:32:24Z,1,1300,0,Charge 6
2025-12-22T12:32:25Z,2,1300,0,Charge 6
2025-12-22T12:32:26Z,1,1290,0,Charge 6
2025-12-22T12:32:27Z,1,1290,0,Charge 6
2025-12-22T12:32:28Z,1,1290,0,Charge 6
2025-12-22T12:32:29Z,2,1280,0,Charge 6
2025-12-22T12:32:30Z,1,1290,0,Charge 6
2025-12-22T12:32:31Z,2,1270,0,Charge 6
2025-12-22T12:32:32Z,1,1270,0,Charge 6
2025-12-22T12:32:33Z,2,1260,0,Charge 6
2025-12-22T12:32:34Z,1,1270,0,Charge 6
2025-12-22T12:32:35Z,2,1250,0,Charge 6
2025-12-22T12:32:36Z,1,1260,0,Charge 6
2025-12-22T12:32:37Z,2,1260,0,Charge 6
2025-12-22T12:32:38Z,1,1250,0,Charge 6
2025-12-22T12:32:39Z,2,1250,0,Charge 6
2025-12-22T12:32:40Z,2,1250,0,Charge 6
2025-12-22T12:32:41Z,1,1250,0,Charge 6
2025-12-22T12:32:42Z,1,1240,0,Charge 6
2025-12-22T12:32:43Z,0,1170,0,Charge 6
2025-12-22T12:32:44Z,0,1020,0,Charge 6
2025-12-22T12:32:45Z,1,0,0,Charge 6
2025-12-22T12:32:46Z,1,0,0,Charge 6
2025-12-22T12:32:47Z,1,0,0,Charge 6
2025-12-22T12:32:48Z,1,0,0,Charge 6
2025-12-22T12:32:49Z,2,0,0,Charge 6
2025-12-22T12:32:50Z,1,0,0,Charge 6
2025-12-22T12:32:51Z,2,0,0,Charge 6
2025-12-22T12:32:52Z,1,0,0,Charge 6
2025-12-22T12:32:53Z,2,0,0,Charge 6
2025-12-22T12:32:54Z,1,0,0,Charge 6
2025-12-22T12:32:55Z,1,0,0,Charge 6
2025-12-22T12:32:56Z,2,140,0,Charge 6
2025-12-22T12:32:57Z,1,290,0,Charge 6
2025-12-22T12:32:58Z,1,430,0,Charge 6
2025-12-22T12:32:59Z,3,650,0,Charge 6
2025-12-22T12:33:00Z,1,850,0,Charge 6
2025-12-22T12:33:01Z,1,890,0,Charge 6
2025-12-22T12:33:02Z,1,920,0,Charge 6
2025-12-22T12:33:03Z,2,990,0,Charge 6
2025-12-22T12:33:04Z,2,990,0,Charge 6
2025-12-22T12:33:05Z,2,1030,0,Charge 6
2025-12-22T12:33:06Z,1,1120,0,Charge 6
2025-12-22T12:33:07Z,1,1140,0,Charge 6
2025-12-22T12:33:08Z,1,1140,0,Charge 6
2025-12-22T12:33:09Z,1,1140,0,Charge 6
2025-12-22T12:33:10Z,1,1120,0,Charge 6
2025-12-22T12:33:11Z,1,1120,0,Charge 6
2025-12-22T12:33:12Z,1,1110,0,Charge 6
2025-12-22T12:33:13Z,0,980,0,Charge 6
2025-12-22T12:33:14Z,0,860,0,Charge 6
2025-12-22T12:33:15Z,0,0,0,Charge 6
2025-12-22T12:33:16Z,0,0,0,Charge 6
2025-12-22T12:33:17Z,2,0,0,Charge 6
2025-12-22T12:33:18Z,1,0,0,Charge 6
2025-12-22T12:33:19Z,2,0,0,Charge 6
2025-12-22T12:33:20Z,1,0,0,Charge 6
2025-12-22T12:33:21Z,1,150,0,Charge 6
2025-12-22T12:33:22Z,1,300,0,Charge 6
2025-12-22T12:33:23Z,1,440,0,Charge 6
2025-12-22T12:33:24Z,0,550,0,Charge 6
2025-12-22T12:33:25Z,0,630,0,Charge 6
2025-12-22T12:33:26Z,0,0,0,Charge 6
2025-12-22T12:33:27Z,0,0,0,Charge 6
2025-12-22T12:33:28Z,0,0,0,Charge 6
2025-12-22T12:33:29Z,0,0,0,Charge 6
2025-12-22T12:33:30Z,0,0,0,Charge 6
2025-12-22T12:33:31Z,0,0,0,Charge 6
2025-12-22T12:33:32Z,0,0,0,Charge 6
2025-12-22T12:33:33Z,0,0,0,Charge 6
2025-12-22T12:33:34Z,1,0,0,Charge 6
2025-12-22T12:33:35Z,1,0,0,Charge 6
2025-12-22T12:33:36Z,1,0,0,Charge 6
2025-12-22T12:33:37Z,1,0,0,Charge 6
2025-12-22T12:33:38Z,2,0,0,Charge 6
2025-12-22T12:33:39Z,2,140,0,Charge 6
2025-12-22T12:33:40Z,0,250,0,Charge 6
2025-12-22T12:33:41Z,1,370,0,Charge 6
2025-12-22T12:33:42Z,2,530,0,Charge 6
2025-12-22T12:33:43Z,2,730,0,Charge 6
2025-12-22T12:33:44Z,0,730,0,Charge 6
2025-12-22T12:33:45Z,0,1410,0,Charge 6
2025-12-22T12:33:46Z,0,0,0,Charge 6
2025-12-22T12:33:47Z,0,0,0,Charge 6
2025-12-22T12:33:48Z,0,0,0,Charge 6
2025-12-22T12:33:49Z,0,0,0,Charge 6
2025-12-22T12:33:50Z,0,0,0,Charge 6
2025-12-22T12:33:51Z,0,0,0,Charge 6
2025-12-22T12:33:52Z,0,0,0,Charge 6
2025-12-22T12:33:53Z,0,0,0,Charge 6
2025-12-22T12:33:54Z,0,0,0,Charge 6
2025-12-22T12:33:55Z,0,0,0,Charge 6
2025-12-22T12:33:56Z,0,0,0,Charge 6
2025-12-22T12:33:57Z,0,0,0,Charge 6
2025-12-22T12:33:58Z,0,0,0,Charge 6
2025-12-22T12:33:59Z,0,0,0,Charge 6
2025-12-22T12:34:00Z,0,0,0,Charge 6
2025-12-22T12:34:01Z,0,0,0,Charge 6
2025-12-22T12:34:02Z,0,0,0,Charge 6
2025-12-22T12:34:03Z,0,0,0,Charge 6
2025-12-22T12:34:04Z,0,0,0,Charge 6
2025-12-22T12:34:05Z,1,0,0,Charge 6
2025-12-22T12:34:06Z,0,0,0,Charge 6
2025-12-22T12:34:07Z,1,0,0,Charge 6
2025-12-22T12:34:08Z,1,0,0,Charge 6
2025-12-22T12:34:09Z,1,0,0,Charge 6
2025-12-22T12:34:10Z,1,0,0,Charge 6
2025-12-22T12:34:11Z,1,0,0,Charge 6
2025-12-22T12:34:12Z,1,0,0,Charge 6
2025-12-22T12:34:13Z,1,0,0,Charge 6
2025-12-22T12:34:14Z,1,0,0,Charge 6
2025-12-22T12:34:15Z,0,0,0,Charge 6
2025-12-22T12:34:16Z,1,140,0,Charge 6
2025-12-22T12:34:17Z,0,250,0,Charge 6
2025-12-22T12:34:18Z,0,1160,0,Charge 6
2025-12-22T12:34:19Z,0,0,0,Charge 6
2025-12-22T12:34:20Z,0,0,0,Charge 6
2025-12-22T12:34:21Z,0,0,0,Charge 6
2025-12-22T12:34:22Z,0,0,0,Charge 6
2025-12-22T12:34:23Z,0,0,0,Charge 6
2025-12-22T12:34:24Z,0,0,0,Charge 6
2025-12-22T12:34:25Z,0,0,0,Charge 6
2025-12-22T12:34:26Z,0,0,0,Charge 6
2025-12-22T12:34:27Z,0,0,0,Charge 6
2025-12-22T12:34:28Z,0,0,0,Charge 6
2025-12-22T12:34:29Z,0,0,0,Charge 6
2025-12-22T12:34:30Z,0,0,0,Charge 6
2025-12-22T12:34:31Z,0,0,0,Charge 6
2025-12-22T12:34:32Z,0,0,0,Charge 6
2025-12-22T12:34:33Z,0,0,0,Charge 6
2025-12-22T12:34:34Z,0,0,0,Charge 6
2025-12-22T12:34:35Z,0,0,0,Charge 6
2025-12-22T12:34:36Z,0,0,0,Charge 6
2025-12-22T12:34:37Z,0,0,0,Charge 6
2025-12-22T12:34:38Z,0,0,0,Charge 6
2025-12-22T12:34:39Z,0,0,0,Charge 6
2025-12-22T12:34:40Z,0,0,0,Charge 6
2025-12-22T12:34:41Z,1,0,0,Charge 6
2025-12-22T12:34:42Z,2,0,0,Charge 6
2025-12-22T12:34:43Z,1,0,0,Charge 6
2025-12-22T12:34:44Z,2,0,0,Charge 6
2025-12-22T12:34:45Z,1,150,0,Charge 6
2025-12-22T12:34:46Z,2,320,0,Charge 6
2025-12-22T12:34:47Z,2,530,0,Charge 6
2025-12-22T12:34:48Z,1,720,0,Charge 6
2025-12-22T12:34:49Z,1,910,0,Charge 6
2025-12-22T12:34:50Z,0,900,0,Charge 6
2025-12-22T12:34:51Z,2,820,0,Charge 6
2025-12-22T12:34:52Z,1,0,0,Charge 6
2025-12-22T12:34:53Z,0,0,0,Charge 6
2025-12-22T12:34:54Z,1,0,0,Charge 6
2025-12-22T12:34:55Z,2,0,0,Charge 6
2025-12-22T12:34:56Z,0,0,0,Charge 6
2025-12-22T12:34:57Z,3,0,0,Charge 6
2025-12-22T12:34:58Z,1,0,0,Charge 6
2025-12-22T12:34:59Z,1,0,0,Charge 6
2025-12-22T12:35:00Z,1,0,0,Charge 6
2025-12-22T12:35:01Z,1,0,0,Charge 6
2025-12-22T12:35:02Z,1,0,0,Charge 6
2025-12-22T12:35:03Z,1,0,0,Charge 6
2025-12-22T12:35:04Z,3,140,0,Charge 6
2025-12-22T12:35:05Z,1,290,0,Charge 6
2025-12-22T12:35:06Z,2,470,0,Charge 6
2025-12-22T12:35:07Z,0,610,0,Charge 6
2025-12-22T12:35:08Z,0,1350,0,Charge 6
2025-12-22T12:35:09Z,0,0,0,Charge 6
2025-12-22T12:35:10Z,0,0,0,Charge 6
2025-12-22T12:35:11Z,0,0,0,Charge 6
2025-12-22T12:35:12Z,0,0,0,Charge 6
2025-12-22T12:35:13Z,0,0,0,Charge 6
2025-12-22T12:35:14Z,0,0,0,Charge 6
2025-12-22T12:35:15Z,0,0,0,Charge 6
2025-12-22T12:35:16Z,0,0,0,Charge 6
2025-12-22T12:35:17Z,0,0,0,Charge 6
2025-12-22T12:35:18Z,0,0,0,Charge 6
2025-12-22T12:35:19Z,0,0,0,Charge 6
2025-12-22T12:35:20Z,0,0,0,Charge 6
2025-12-22T12:35:21Z,2,0,0,Charge 6
2025-12-22T12:35:22Z,1,0,0,Charge 6
2025-12-22T12:35:23Z,0,0,0,Charge 6
2025-12-22T12:35:24Z,2,0,0,Charge 6
2025-12-22T12:35:25Z,2,140,0,Charge 6
2025-12-22T12:35:26Z,1,290,0,Charge 6
2025-12-22T12:35:27Z,1,430,0,Charge 6
2025-12-22T12:35:28Z,2,610,0,Charge 6
2025-12-22T12:35:29Z,2,830,0,Charge 6
2025-12-22T12:35:30Z,0,840,0,Charge 6
2025-12-22T12:35:31Z,2,880,0,Charge 6
2025-12-22T12:35:32Z,1,920,0,Charge 6
2025-12-22T12:35:33Z,2,930,0,Charge 6
2025-12-22T12:35:34Z,1,920,0,Charge 6
2025-12-22T12:35:35Z,2,1040,0,Charge 6
2025-12-22T12:35:36Z,1,1040,0,Charge 6
2025-12-22T12:35:37Z,2,1080,0,Charge 6
2025-12-22T12:35:38Z,2,1120,0,Charge 6
2025-12-22T12:35:39Z,1,1140,0,Charge 6
2025-12-22T12:35:40Z,2,1160,0,Charge 6
2025-12-22T12:35:41Z,2,1210,0,Charge 6
2025-12-22T12:35:42Z,1,1220,0,Charge 6
2025-12-22T12:35:43Z,2,1220,0,Charge 6
2025-12-22T12:35:44Z,1,1220,0,Charge 6
2025-12-22T12:35:45Z,2,1220,0,Charge 6
2025-12-22T12:35:46Z,2,1220,0,Charge 6
2025-12-22T12:35:47Z,1,1220,0,Charge 6
2025-12-22T12:35:48Z,1,1220,0,Charge 6
2025-12-22T12:35:49Z,2,1220,0,Charge 6
2025-12-22T12:35:50Z,2,1250,0,Charge 6
2025-12-22T12:35:51Z,2,1290,0,Charge 6
2025-12-22T12:35:52Z,1,1280,0,Charge 6
2025-12-22T12:35:53Z,2,1310,0,Charge 6
2025-12-22T12:35:54Z,1,1300,0,Charge 6
2025-12-22T12:35:55Z,2,1310,0,Charge 6
2025-12-22T12:35:56Z,1,1290,0,Charge 6
2025-12-22T12:35:57Z,3,1320,0,Charge 6
2025-12-22T12:35:58Z,1,1310,0,Charge 6
2025-12-22T12:35:59Z,0,1300,0,Charge 6
2025-12-22T12:36:00Z,3,1310,0,Charge 6
2025-12-22T12:36:01Z,0,1300,0,Charge 6
2025-12-22T12:36:02Z,1,1120,0,Charge 6
2025-12-22T12:36:03Z,2,0,0,Charge 6
2025-12-22T12:36:04Z,2,0,0,Charge 6
2025-12-22T12:36:05Z,1,0,0,Charge 6
2025-12-22T12:36:06Z,3,0,0,Charge 6
2025-12-22T12:36:07Z,2,0,0,Charge 6
2025-12-22T12:36:08Z,1,0,0,Charge 6
2025-12-22T12:36:09Z,2,0,0,Charge 6
2025-12-22T12:36:10Z,2,1960,0,Charge 6
2025-12-22T12:36:11Z,1,310,0,Charge 6
2025-12-22T12:36:12Z,1,440,0,Charge 6
2025-12-22T12:36:13Z,0,550,0,Charge 6
2025-12-22T12:36:14Z,0,630,0,Charge 6
2025-12-22T12:36:15Z,0,0,0,Charge 6
2025-12-22T12:36:16Z,0,0,0,Charge 6
2025-12-22T12:36:17Z,0,0,0,Charge 6
2025-12-22T12:36:18Z,0,0,0,Charge 6
2025-12-22T12:36:19Z,0,0,0,Charge 6
2025-12-22T12:36:20Z,0,0,0,Charge 6
2025-12-22T12:36:21Z,0,0,0,Charge 6
2025-12-22T12:36:22Z,0,0,0,Charge 6
2025-12-22T12:36:23Z,0,0,0,Charge 6
2025-12-22T12:36:24Z,0,0,0,Charge 6
2025-12-22T12:36:25Z,0,0,0,Charge 6
2025-12-22T12:36:26Z,0,0,0,Charge 6
2025-12-22T12:36:27Z,1,0,0,Charge 6
2025-12-22T12:36:28Z,1,0,0,Charge 6
2025-12-22T12:36:29Z,1,0,0,Charge 6
2025-12-22T12:36:30Z,1,0,0,Charge 6
2025-12-22T12:36:31Z,0,0,0,Charge 6
2025-12-22T12:36:32Z,1,0,0,Charge 6
2025-12-22T12:36:33Z,1,0,0,Charge 6
2025-12-22T12:36:34Z,1,0,0,Charge 6
2025-12-22T12:36:35Z,1,140,0,Charge 6
2025-12-22T12:36:36Z,1,290,0,Charge 6
2025-12-22T12:36:37Z,1,430,0,Charge 6
2025-12-22T12:36:38Z,1,580,0,Charge 6
2025-12-22T12:36:39Z,1,730,0,Charge 6
2025-12-22T12:36:40Z,1,720,0,Charge 6
2025-12-22T12:36:41Z,1,730,0,Charge 6
2025-12-22T12:36:42Z,2,760,0,Charge 6
2025-12-22T12:36:43Z,1,790,0,Charge 6
2025-12-22T12:36:44Z,1,810,0,Charge 6
2025-12-22T12:36:45Z,3,900,0,Charge 6
2025-12-22T12:36:46Z,0,930,0,Charge 6
2025-12-22T12:36:47Z,0,960,0,Charge 6
2025-12-22T12:36:48Z,0,1800,0,Charge 6
2025-12-22T12:36:49Z,0,0,0,Charge 6
2025-12-22T12:36:50Z,0,0,0,Charge 6
2025-12-22T12:36:51Z,0,0,0,Charge 6
2025-12-22T12:36:52Z,0,0,0,Charge 6
2025-12-22T12:36:53Z,0,0,0,Charge 6
2025-12-22T12:36:54Z,0,0,0,Charge 6
2025-12-22T12:36:55Z,0,0,0,Charge 6
2025-12-22T12:36:56Z,0,0,0,Charge 6
2025-12-22T12:36:57Z,0,0,0,Charge 6
2025-12-22T12:36:58Z,0,0,0,Charge 6
2025-12-22T12:36:59Z,0,0,0,Charge 6
2025-12-22T12:37:00Z,0,0,0,Charge 6
2025-12-22T12:37:01Z,0,0,0,Charge 6
2025-12-22T12:37:02Z,0,0,0,Charge 6
2025-12-22T12:37:03Z,0,0,0,Charge 6
2025-12-22T12:37:04Z,0,0,0,Charge 6
2025-12-22T12:37:05Z,0,0,0,Charge 6
2025-12-22T12:37:06Z,0,0,0,Charge 6
2025-12-22T12:37:07Z,0,0,0,Charge 6
2025-12-22T12:37:08Z,0,0,0,Charge 6
2025-12-22T12:37:09Z,0,0,0,Charge 6
2025-12-22T12:37:10Z,0,0,0,Charge 6
2025-12-22T12:37:11Z,0,0,0,Charge 6
2025-12-22T12:37:12Z,0,0,0,Charge 6
2025-12-22T12:37:13Z,0,0,0,Charge 6
2025-12-22T12:37:14Z,0,0,0,Charge 6
2025-12-22T12:37:15Z,0,0,0,Charge 6
2025-12-22T12:37:16Z,0,0,0,Charge 6
2025-12-22T12:37:17Z,0,0,0,Charge 6
2025-12-22T12:37:18Z,0,0,0,Charge 6
2025-12-22T12:37:19Z,2,0,0,Charge 6
2025-12-22T12:37:20Z,1,0,0,Charge 6
2025-12-22T12:37:21Z,1,140,0,Charge 6
2025-12-22T12:37:22Z,1,290,0,Charge 6
2025-12-22T12:37:23Z,0,1420,0,Charge 6
2025-12-22T12:37:24Z,0,0,0,Charge 6
2025-12-22T12:37:25Z,2,0,0,Charge 6
2025-12-22T12:37:26Z,2,0,0,Charge 6
2025-12-22T12:37:27Z,0,0,0,Charge 6
2025-12-22T12:37:28Z,0,0,0,Charge 6
2025-12-22T12:37:29Z,0,0,0,Charge 6
2025-12-22T12:37:30Z,0,0,0,Charge 6
2025-12-22T12:37:31Z,0,0,0,Charge 6
2025-12-22T12:37:32Z,0,0,0,Charge 6
2025-12-22T12:37:33Z,0,0,0,Charge 6
2025-12-22T12:37:34Z,0,0,0,Charge 6
2025-12-22T12:37:35Z,0,0,0,Charge 6
2025-12-22T12:37:36Z,0,0,0,Charge 6
2025-12-22T12:37:37Z,0,0,0,Charge 6
2025-12-22T12:37:38Z,0,0,0,Charge 6
2025-12-22T12:37:39Z,0,0,0,Charge 6
2025-12-22T12:37:40Z,0,0,0,Charge 6
2025-12-22T12:37:41Z,0,0,0,Charge 6
2025-12-22T12:37:42Z,0,0,0,Charge 6
2025-12-22T12:37:43Z,0,0,0,Charge 6
2025-12-22T12:37:44Z,0,0,0,Charge 6
2025-12-22T12:37:45Z,0,0,0,Charge 6
2025-12-22T12:37:46Z,0,0,0,Charge 6
2025-12-22T12:37:47Z,0,0,0,Charge 6
2025-12-22T12:37:48Z,0,0,0,Charge 6
2025-12-22T12:37:49Z,1,0,0,Charge 6
2025-12-22T12:37:50Z,1,0,0,Charge 6
2025-12-22T12:37:51Z,1,0,0,Charge 6
2025-12-22T12:37:52Z,4,0,0,Charge 6
2025-12-22T12:37:53Z,1,0,0,Charge 6
2025-12-22T12:37:54Z,1,0,0,Charge 6
2025-12-22T12:37:55Z,2,0,0,Charge 6
2025-12-22T12:37:56Z,1,140,0,Charge 6
2025-12-22T12:37:57Z,1,280,0,Charge 6
2025-12-22T12:37:58Z,1,430,0,Charge 6
2025-12-22T12:37:59Z,0,540,0,Charge 6
2025-12-22T12:38:00Z,0,630,0,Charge 6
2025-12-22T12:38:01Z,0,0,0,Charge 6
2025-12-22T12:38:02Z,0,0,0,Charge 6
2025-12-22T12:38:03Z,0,0,0,Charge 6
2025-12-22T12:38:04Z,0,0,0,Charge 6
2025-12-22T12:38:05Z,0,0,0,Charge 6
2025-12-22T12:38:06Z,0,0,0,Charge 6
2025-12-22T12:38:07Z,0,0,0,Charge 6
2025-12-22T12:38:08Z,0,0,0,Charge 6
2025-12-22T12:38:09Z,0,0,0,Charge 6
2025-12-22T12:38:10Z,0,0,0,Charge 6
2025-12-22T12:38:11Z,0,0,0,Charge 6
2025-12-22T12:38:12Z,0,0,0,Charge 6
2025-12-22T12:38:13Z,0,0,0,Charge 6
2025-12-22T12:38:14Z,0,0,0,Charge 6
2025-12-22T12:38:15Z,0,0,0,Charge 6
2025-12-22T12:38:16Z,0,0,0,Charge 6
2025-12-22T12:38:17Z,0,0,0,Charge 6
2025-12-22T12:38:18Z,0,0,0,Charge 6
2025-12-22T12:38:19Z,0,0,0,Charge 6
2025-12-22T12:38:20Z,0,0,0,Charge 6
2025-12-22T12:38:21Z,0,0,0,Charge 6
2025-12-22T12:38:22Z,0,0,0,Charge 6
2025-12-22T12:38:23Z,0,0,0,Charge 6
2025-12-22T12:38:24Z,0,0,0,Charge 6
2025-12-22T12:38:25Z,0,0,0,Charge 6
2025-12-22T12:38:26Z,0,0,0,Charge 6
2025-12-22T12:38:27Z,0,0,0,Charge 6
2025-12-22T12:38:28Z,0,0,0,Charge 6
2025-12-22T12:38:29Z,0,0,0,Charge 6
2025-12-22T12:38:30Z,0,0,0,Charge 6
2025-12-22T12:38:31Z,0,0,0,Charge 6
2025-12-22T12:38:32Z,0,0,0,Charge 6
2025-12-22T12:38:33Z,0,0,0,Charge 6
2025-12-22T12:38:34Z,0,0,0,Charge 6
2025-12-22T12:38:35Z,0,0,0,Charge 6
2025-12-22T12:38:36Z,0,0,0,Charge 6
2025-12-22T12:38:37Z,0,0,0,Charge 6
2025-12-22T12:38:38Z,0,0,0,Charge 6
2025-12-22T12:38:39Z,0,0,0,Charge 6
2025-12-22T12:38:40Z,0,0,0,Charge 6
2025-12-22T12:38:41Z,0,0,0,Charge 6
2025-12-22T12:38:42Z,0,0,0,Charge 6
2025-12-22T12:38:43Z,0,0,0,Charge 6
2025-12-22T12:38:44Z,0,0,0,Charge 6
2025-12-22T12:38:45Z,0,0,0,Charge 6
2025-12-22T12:38:46Z,0,0,0,Charge 6
2025-12-22T12:38:47Z,0,0,0,Charge 6
2025-12-22T12:38:48Z,0,0,0,Charge 6
2025-12-22T12:38:49Z,0,0,0,Charge 6
2025-12-22T12:38:50Z,0,0,0,Charge 6
2025-12-22T12:38:51Z,0,0,0,Charge 6
2025-12-22T12:38:52Z,0,0,0,Charge 6
2025-12-22T12:38:53Z,0,0,0,Charge 6
2025-12-22T12:38:54Z,0,0,0,Charge 6
2025-12-22T12:38:55Z,0,0,0,Charge 6
2025-12-22T12:38:56Z,0,0,0,Charge 6
2025-12-22T12:38:57Z,0,0,0,Charge 6
2025-12-22T12:38:58Z,0,0,0,Charge 6
2025-12-22T12:38:59Z,0,0,0,Charge 6
2025-12-22T12:39:00Z,0,0,0,Charge 6
2025-12-22T12:39:01Z,0,0,0,Charge 6
2025-12-22T12:39:02Z,0,0,0,Charge 6
2025-12-22T12:39:03Z,0,0,0,Charge 6
2025-12-22T12:39:04Z,0,0,0,Charge 6
2025-12-22T12:39:05Z,0,0,0,Charge 6
2025-12-22T12:39:06Z,2,0,0,Charge 6
2025-12-22T12:39:07Z,2,0,0,Charge 6
2025-12-22T12:39:08Z,0,0,0,Charge 6
2025-12-22T12:39:09Z,0,0,0,Charge 6
2025-12-22T12:39:10Z,0,0,0,Charge 6
2025-12-22T12:39:11Z,0,0,0,Charge 6
2025-12-22T12:39:12Z,0,0,0,Charge 6
2025-12-22T12:39:13Z,0,0,0,Charge 6
2025-12-22T12:39:14Z,0,0,0,Charge 6
2025-12-22T12:39:15Z,0,0,0,Charge 6
2025-12-22T12:39:16Z,0,0,0,Charge 6
2025-12-22T12:39:17Z,0,0,0,Charge 6
2025-12-22T12:39:18Z,0,0,0,Charge 6
2025-12-22T12:39:19Z,0,0,0,Charge 6
2025-12-22T12:39:20Z,0,0,0,Charge 6
2025-12-22T12:39:21Z,0,0,0,Charge 6
2025-12-22T12:39:22Z,0,0,0,Charge 6
2025-12-22T12:39:23Z,0,0,0,Charge 6
2025-12-22T12:39:24Z,0,0,0,Charge 6
2025-12-22T12:39:25Z,0,0,0,Charge 6
2025-12-22T12:39:26Z,0,0,0,Charge 6
2025-12-22T12:39:27Z,0,0,0,Charge 6
2025-12-22T12:39:28Z,0,0,0,Charge 6
2025-12-22T12:39:29Z,0,0,0,Charge 6
2025-12-22T12:39:30Z,0,0,0,Charge 6
2025-12-22T12:39:31Z,0,0,0,Charge 6
2025-12-22T12:39:32Z,0,0,0,Charge 6
2025-12-22T12:39:33Z,0,0,0,Charge 6
2025-12-22T12:39:34Z,0,0,0,Charge 6
2025-12-22T12:39:35Z,0,0,0,Charge 6
2025-12-22T12:39:36Z,0,0,0,Charge 6
2025-12-22T12:39:37Z,0,0,0,Charge 6
2025-12-22T12:39:38Z,0,0,0,Charge 6
2025-12-22T12:39:39Z,0,0,0,Charge 6
2025-12-22T12:39:40Z,0,0,0,Charge 6
2025-12-22T12:39:41Z,0,0,0,Charge 6
2025-12-22T12:39:42Z,0,0,0,Charge 6
2025-12-22T12:39:43Z,0,0,0,Charge 6
2025-12-22T12:39:44Z,0,0,0,Charge 6
2025-12-22T12:39:45Z,0,0,0,Charge 6
2025-12-22T12:39:46Z,0,0,0,Charge 6
2025-12-22T12:39:47Z,0,0,0,Charge 6
2025-12-22T12:39:48Z,0,0,0,Charge 6
2025-12-22T12:39:49Z,0,0,0,Charge 6
2025-12-22T12:39:50Z,0,0,0,Charge 6
2025-12-22T12:39:51Z,0,0,0,Charge 6
2025-12-22T12:39:52Z,0,0,0,Charge 6
2025-12-22T12:39:53Z,0,0,0,Charge 6
2025-12-22T12:39:54Z,0,0,0,Charge 6
2025-12-22T12:39:55Z,0,0,0,Charge 6
2025-12-22T12:39:56Z,0,0,0,Charge 6
2025-12-22T12:39:57Z,0,0,0,Charge 6
2025-12-22T12:39:58Z,0,0,0,Charge 6
2025-12-22T12:39:59Z,0,0,0,Charge 6
2025-12-22T12:40:00Z,0,0,0,Charge 6
2025-12-22T12:40:01Z,0,0,0,Charge 6
2025-12-22T12:40:02Z,0,0,0,Charge 6
2025-12-22T12:40:03Z,0,0,0,Charge 6
2025-12-22T12:40:04Z,0,0,0,Charge 6
2025-12-22T12:40:05Z,0,0,0,Charge 6
2025-12-22T12:40:06Z,0,0,0,Charge 6
2025-12-22T12:40:07Z,0,0,0,Charge 6
2025-12-22T12:40:08Z,0,0,0,Charge 6
2025-12-22T12:40:09Z,0,0,0,Charge 6
2025-12-22T12:40:10Z,0,0,0,Charge 6
2025-12-22T12:40:11Z,0,0,0,Charge 6
2025-12-22T12:40:12Z,0,0,0,Charge 6
2025-12-22T12:40:13Z,0,0,0,Charge 6
2025-12-22T12:40:14Z,0,0,0,Charge 6
2025-12-22T12:40:15Z,0,0,0,Charge 6
2025-12-22T12:40:16Z,0,0,0,Charge 6
2025-12-22T12:40:17Z,0,0,0,Charge 6
2025-12-22T12:40:18Z,0,0,0,Charge 6
2025-12-22T12:40:19Z,0,0,0,Charge 6
2025-12-22T12:40:20Z,0,0,0,Charge 6
2025-12-22T12:40:21Z,0,0,0,Charge 6
2025-12-22T12:40:22Z,0,0,0,Charge 6
2025-12-22T12:40:23Z,0,0,0,Charge 6
2025-12-22T12:40:24Z,0,0,0,Charge 6
2025-12-22T12:40:25Z,0,0,0,Charge 6
2025-12-22T12:40:26Z,0,0,0,Charge 6
2025-12-22T12:40:27Z,0,0,0,Charge 6
2025-12-22T12:40:28Z,0,0,0,Charge 6
2025-12-22T12:40:29Z,0,0,0,Charge 6
2025-12-22T12:40:30Z,0,0,0,Charge 6
2025-12-22T12:40:31Z,0,0,0,Charge 6
2025-12-22T12:40:32Z,0,0,0,Charge 6
2025-12-22T12:40:33Z,0,0,0,Charge 6
2025-12-22T12:40:34Z,0,0,0,Charge 6
2025-12-22T12:40:35Z,0,0,0,Charge 6
2025-12-22T12:40:36Z,0,0,0,Charge 6
2025-12-22T12:40:37Z,0,0,0,Charge 6
2025-12-22T12:40:38Z,0,0,0,Charge 6
2025-12-22T12:40:39Z,0,0,0,Charge 6
2025-12-22T12:40:40Z,0,0,0,Charge 6
2025-12-22T12:40:41Z,0,0,0,Charge 6
2025-12-22T12:40:42Z,0,0,0,Charge 6
2025-12-22T12:40:43Z,0,0,0,Charge 6
2025-12-22T12:40:44Z,0,0,0,Charge 6
2025-12-22T12:40:45Z,0,0,0,Charge 6
2025-12-22T12:40:46Z,0,0,0,Charge 6
2025-12-22T12:40:47Z,0,0,0,Charge 6
2025-12-22T12:40:48Z,0,0,0,Charge 6
2025-12-22T12:40:49Z,0,0,0,Charge 6
2025-12-22T12:40:50Z,0,0,0,Charge 6
2025-12-22T12:40:51Z,0,0,0,Charge 6
2025-12-22T12:40:52Z,0,0,0,Charge 6
2025-12-22T12:40:53Z,0,0,0,Charge 6
2025-12-22T12:40:54Z,0,0,0,Charge 6
2025-12-22T12:40:55Z,0,0,0,Charge 6
2025-12-22T12:40:56Z,0,0,0,Charge 6
2025-12-22T12:40:57Z,0,0,0,Charge 6
2025-12-22T12:40:58Z,0,0,0,Charge 6
2025-12-22T12:40:59Z,0,0,0,Charge 6
2025-12-22T12:41:00Z,0,0,0,Charge 6
2025-12-22T12:41:01Z,0,0,0,Charge 6
2025-12-22T12:41:02Z,0,0,0,Charge 6
2025-12-22T12:41:03Z,0,0,0,Charge 6
2025-12-22T12:41:04Z,0,0,0,Charge 6
2025-12-22T12:41:05Z,0,0,0,Charge 6
2025-12-22T12:41:06Z,0,0,0,Charge 6
2025-12-22T12:41:07Z,0,0,0,Charge 6
2025-12-22T12:41:08Z,0,0,0,Charge 6
2025-12-22T12:41:09Z,0,0,0,Charge 6
2025-12-22T12:41:10Z,0,0,0,Charge 6
2025-12-22T12:41:11Z,0,0,0,Charge 6
2025-12-22T12:41:12Z,0,0,0,Charge 6
2025-12-22T12:41:13Z,0,0,0,Charge 6
2025-12-22T12:41:14Z,0,0,0,Charge 6
2025-12-22T12:41:15Z,0,0,0,Charge 6
2025-12-22T12:41:16Z,0,0,0,Charge 6
2025-12-22T12:41:17Z,2,0,0,Charge 6
2025-12-22T12:41:18Z,2,0,0,Charge 6
2025-12-22T12:41:19Z,0,0,0,Charge 6
2025-12-22T12:41:20Z,0,0,0,Charge 6
2025-12-22T12:41:21Z,0,0,0,Charge 6
2025-12-22T12:41:22Z,0,0,0,Charge 6
2025-12-22T12:41:23Z,0,0,0,Charge 6
2025-12-22T12:41:24Z,0,0,0,Charge 6
2025-12-22T12:41:25Z,0,0,0,Charge 6
2025-12-22T12:41:26Z,0,0,0,Charge 6
2025-12-22T12:41:27Z,0,0,0,Charge 6
2025-12-22T12:41:28Z,0,0,0,Charge 6
2025-12-22T12:41:29Z,0,0,0,Charge 6
2025-12-22T12:41:30Z,0,0,0,Charge 6
2025-12-22T12:41:31Z,0,0,0,Charge 6
2025-12-22T12:41:32Z,0,0,0,Charge 6
2025-12-22T12:41:33Z,0,0,0,Charge 6
2025-12-22T12:41:34Z,0,0,0,Charge 6
2025-12-22T12:41:35Z,0,0,0,Charge 6
2025-12-22T12:41:36Z,0,0,0,Charge 6
2025-12-22T12:41:37Z,0,0,0,Charge 6
2025-12-22T12:41:38Z,0,0,0,Charge 6
2025-12-22T12:41:39Z,0,0,0,Charge 6
2025-12-22T12:41:40Z,0,0,0,Charge 6
2025-12-22T12:41:41Z,0,0,0,Charge 6
2025-12-22T12:41:42Z,0,0,0,Charge 6
2025-12-22T12:41:43Z,0,0,0,Charge 6
2025-12-22T12:41:44Z,0,0,0,Charge 6
2025-12-22T12:41:45Z,0,0,0,Charge 6
2025-12-22T12:41:46Z,0,0,0,Charge 6
2025-12-22T12:41:47Z,0,0,0,Charge 6
2025-12-22T12:41:48Z,0,0,0,Charge 6
2025-12-22T12:41:49Z,0,0,0,Charge 6
2025-12-22T12:41:50Z,0,0,0,Charge 6
2025-12-22T12:41:51Z,0,0,0,Charge 6
2025-12-22T12:41:52Z,0,0,0,Charge 6
2025-12-22T12:41:53Z,0,0,0,Charge 6
2025-12-22T12:41:54Z,0,0,0,Charge 6
2025-12-22T12:41:55Z,0,0,0,Charge 6
2025-12-22T12:41:56Z,0,0,0,Charge 6
2025-12-22T12:41:57Z,0,0,0,Charge 6
2025-12-22T12:41:58Z,0,0,0,Charge 6
2025-12-22T12:41:59Z,0,0,0,Charge 6
2025-12-22T12:42:00Z,0,0,0,Charge 6
2025-12-22T12:42:01Z,0,0,0,Charge 6
2025-12-22T12:42:02Z,0,0,0,Charge 6
2025-12-22T12:42:03Z,0,0,0,Charge 6
2025-12-22T12:42:04Z,0,0,0,Charge 6
2025-12-22T12:42:05Z,0,0,0,Charge 6
2025-12-22T12:42:06Z,0,0,0,Charge 6
2025-12-22T12:42:07Z,0,0,0,Charge 6
2025-12-22T12:42:08Z,0,0,0,Charge 6
2025-12-22T12:42:09Z,0,0,0,Charge 6
2025-12-22T12:42:10Z,0,0,0,Charge 6
2025-12-22T12:42:11Z,0,0,0,Charge 6
2025-12-22T12:42:12Z,0,0,0,Charge 6
2025-12-22T12:42:13Z,0,0,0,Charge 6
2025-12-22T12:42:14Z,0,0,0,Charge 6
2025-12-22T12:42:15Z,0,0,0,Charge 6
2025-12-22T12:42:16Z,0,0,0,Charge 6
2025-12-22T12:42:17Z,0,0,0,Charge 6
2025-12-22T12:42:18Z,0,0,0,Charge 6
2025-12-22T12:42:19Z,0,0,0,Charge 6
2025-12-22T12:42:20Z,0,0,0,Charge 6
2025-12-22T12:42:21Z,0,0,0,Charge 6
2025-12-22T12:42:22Z,0,0,0,Charge 6
2025-12-22T12:42:23Z,0,0,0,Charge 6
2025-12-22T12:42:24Z,0,0,0,Charge 6
2025-12-22T12:42:25Z,0,0,0,Charge 6
2025-12-22T12:42:26Z,0,0,0,Charge 6
2025-12-22T12:42:27Z,0,0,0,Charge 6
2025-12-22T12:42:28Z,0,0,0,Charge 6
2025-12-22T12:42:29Z,0,0,0,Charge 6
2025-12-22T12:42:30Z,0,0,0,Charge 6
2025-12-22T12:42:31Z,0,0,0,Charge 6
2025-12-22T12:42:32Z,0,0,0,Charge 6
2025-12-22T12:42:33Z,0,0,0,Charge 6
2025-12-22T12:42:34Z,0,0,0,Charge 6
2025-12-22T12:42:35Z,0,0,0,Charge 6
2025-12-22T12:42:36Z,0,0,0,Charge 6
2025-12-22T12:42:37Z,0,0,0,Charge 6
2025-12-22T12:42:38Z,0,0,0,Charge 6
2025-12-22T12:42:39Z,0,0,0,Charge 6
2025-12-22T12:42:40Z,0,0,0,Charge 6
2025-12-22T12:42:41Z,0,0,0,Charge 6
2025-12-22T12:42:42Z,0,0,0,Charge 6
2025-12-22T12:42:43Z,0,0,0,Charge 6
2025-12-22T12:42:44Z,0,0,0,Charge 6
2025-12-22T12:42:45Z,0,0,0,Charge 6
2025-12-22T12:42:46Z,0,0,0,Charge 6
2025-12-22T12:42:47Z,0,0,0,Charge 6
2025-12-22T12:42:48Z,0,0,0,Charge 6
2025-12-22T12:42:49Z,0,0,0,Charge 6
2025-12-22T12:42:50Z,0,0,0,Charge 6
2025-12-22T12:42:51Z,0,0,0,Charge 6
2025-12-22T12:42:52Z,0,0,0,Charge 6
2025-12-22T12:42:53Z,0,0,0,Charge 6
2025-12-22T12:42:54Z,0,0,0,Charge 6
2025-12-22T12:42:55Z,0,0,0,Charge 6
2025-12-22T12:42:56Z,0,0,0,Charge 6
2025-12-22T12:42:58Z,0,0,0,Charge 6
2025-12-22T12:42:59Z,0,0,0,Charge 6
2025-12-22T12:43:00Z,0,0,0,Charge 6
2025-12-22T12:43:01Z,0,0,0,Charge 6
2025-12-22T12:43:02Z,0,0,0,Charge 6
2025-12-22T12:43:03Z,0,0,0,Charge 6
2025-12-22T12:43:04Z,0,0,0,Charge 6
2025-12-22T12:43:05Z,0,0,0,Charge 6
2025-12-22T12:43:06Z,0,0,0,Charge 6
2025-12-22T12:43:07Z,0,0,0,Charge 6
2025-12-22T12:43:08Z,0,0,0,Charge 6
2025-12-22T12:43:09Z,0,0,0,Charge 6
2025-12-22T12:43:10Z,0,0,0,Charge 6
2025-12-22T12:43:11Z,0,0,0,Charge 6
2025-12-22T12:43:12Z,0,0,0,Charge 6
2025-12-22T12:43:13Z,0,0,0,Charge 6
2025-12-22T12:43:14Z,0,0,0,Charge 6
2025-12-22T12:43:15Z,0,0,0,Charge 6
2025-12-22T12:43:16Z,0,0,0,Charge 6
2025-12-22T12:43:17Z,0,0,0,Charge 6
2025-12-22T12:43:18Z,0,0,0,Charge 6
2025-12-22T12:43:19Z,1,0,0,Charge 6
2025-12-22T12:43:20Z,1,0,0,Charge 6
2025-12-22T12:43:21Z,2,140,0,Charge 6
2025-12-22T12:43:22Z,0,250,0,Charge 6
2025-12-22T12:43:23Z,0,340,0,Charge 6
2025-12-22T12:43:24Z,0,390,0,Charge 6
2025-12-22T12:43:25Z,0,430,0,Charge 6
2025-12-22T12:43:26Z,0,0,0,Charge 6
2025-12-22T12:43:27Z,0,0,0,Charge 6
2025-12-22T12:43:28Z,0,0,0,Charge 6
2025-12-22T12:43:29Z,0,0,0,Charge 6
2025-12-22T12:43:30Z,0,0,0,Charge 6
2025-12-22T12:43:31Z,0,0,0,Charge 6
2025-12-22T12:43:32Z,0,0,0,Charge 6
2025-12-22T12:43:33Z,0,0,0,Charge 6
2025-12-22T12:43:34Z,0,0,0,Charge 6
2025-12-22T12:43:35Z,0,0,0,Charge 6
2025-12-22T12:43:36Z,0,0,0,Charge 6
2025-12-22T12:43:37Z,0,0,0,Charge 6
2025-12-22T12:43:38Z,0,0,0,Charge 6
2025-12-22T12:43:39Z,0,0,0,Charge 6
2025-12-22T12:43:40Z,0,0,0,Charge 6
2025-12-22T12:43:41Z,0,0,0,Charge 6
2025-12-22T12:43:42Z,0,0,0,Charge 6
2025-12-22T12:43:43Z,0,0,0,Charge 6
2025-12-22T12:43:44Z,0,0,0,Charge 6
2025-12-22T12:43:45Z,0,0,0,Charge 6
2025-12-22T12:43:46Z,0,0,0,Charge 6
2025-12-22T12:43:47Z,0,0,0,Charge 6
2025-12-22T12:43:48Z,0,0,0,Charge 6
2025-12-22T12:43:49Z,0,0,0,Charge 6
2025-12-22T12:43:50Z,0,0,0,Charge 6
2025-12-22T12:43:51Z,0,0,0,Charge 6
2025-12-22T12:43:52Z,0,0,0,Charge 6
2025-12-22T12:43:53Z,0,0,0,Charge 6
2025-12-22T12:43:54Z,0,0,0,Charge 6
2025-12-22T12:43:55Z,0,0,0,Charge 6
2025-12-22T12:43:56Z,0,0,0,Charge 6
2025-12-22T12:43:57Z,0,0,0,Charge 6
2025-12-22T12:43:58Z,0,0,0,Charge 6
2025-12-22T12:43:59Z,0,0,0,Charge 6
2025-12-22T12:44:00Z,0,0,0,Charge 6
2025-12-22T12:44:01Z,0,0,0,Charge 6
2025-12-22T12:44:02Z,0,0,0,Charge 6
2025-12-22T12:44:03Z,0,0,0,Charge 6
2025-12-22T12:44:04Z,0,0,0,Charge 6
2025-12-22T12:44:05Z,0,0,0,Charge 6
2025-12-22T12:44:06Z,0,0,0,Charge 6
2025-12-22T12:44:07Z,0,0,0,Charge 6
2025-12-22T12:44:08Z,0,0,0,Charge 6
2025-12-22T12:44:09Z,0,0,0,Charge 6
2025-12-22T12:44:10Z,0,0,0,Charge 6
2025-12-22T12:44:11Z,0,0,0,Charge 6
2025-12-22T12:44:12Z,0,0,0,Charge 6
2025-12-22T12:44:13Z,0,0,0,Charge 6
2025-12-22T12:44:14Z,0,0,0,Charge 6
2025-12-22T12:44:15Z,0,0,0,Charge 6
2025-12-22T12:44:16Z,0,0,0,Charge 6
2025-12-22T12:44:17Z,0,0,0,Charge 6
2025-12-22T12:44:18Z,0,0,0,Charge 6
2025-12-22T12:44:19Z,0,0,0,Charge 6
2025-12-22T12:44:20Z,0,0,0,Charge 6
2025-12-22T12:44:21Z,0,0,0,Charge 6
2025-12-22T12:44:22Z,0,0,0,Charge 6
2025-12-22T12:44:23Z,0,0,0,Charge 6
2025-12-22T12:44:24Z,0,0,0,Charge 6
2025-12-22T12:44:25Z,0,0,0,Charge 6
2025-12-22T12:44:26Z,0,0,0,Charge 6
2025-12-22T12:44:27Z,0,0,0,Charge 6
2025-12-22T12:44:28Z,0,0,0,Charge 6
2025-12-22T12:44:29Z,0,0,0,Charge 6
2025-12-22T12:44:30Z,0,0,0,Charge 6
2025-12-22T12:44:31Z,0,0,0,Charge 6
2025-12-22T12:44:32Z,0,0,0,Charge 6
2025-12-22T12:44:33Z,0,0,0,Charge 6
2025-12-22T12:44:34Z,0,0,0,Charge 6
2025-12-22T12:44:35Z,0,0,0,Charge 6
2025-12-22T12:44:36Z,0,0,0,Charge 6
2025-12-22T12:44:37Z,2,0,0,Charge 6
2025-12-22T12:44:38Z,2,0,0,Charge 6
2025-12-22T12:44:39Z,0,0,0,Charge 6
2025-12-22T12:44:40Z,0,0,0,Charge 6
2025-12-22T12:44:41Z,0,0,0,Charge 6
2025-12-22T12:44:42Z,0,0,0,Charge 6
2025-12-22T12:44:43Z,0,0,0,Charge 6
2025-12-22T12:44:44Z,0,0,0,Charge 6
2025-12-22T12:44:45Z,0,0,0,Charge 6
2025-12-22T12:44:46Z,0,0,0,Charge 6
2025-12-22T12:44:47Z,0,0,0,Charge 6
2025-12-22T12:44:48Z,0,0,0,Charge 6
2025-12-22T12:44:49Z,0,0,0,Charge 6
2025-12-22T12:44:50Z,0,0,0,Charge 6
2025-12-22T12:44:51Z,0,0,0,Charge 6
2025-12-22T12:44:52Z,0,0,0,Charge 6
2025-12-22T12:44:53Z,0,0,0,Charge 6
2025-12-22T12:44:54Z,0,0,0,Charge 6
2025-12-22T12:44:55Z,0,0,0,Charge 6
2025-12-22T12:44:56Z,0,0,0,Charge 6
2025-12-22T12:44:57Z,0,0,0,Charge 6
2025-12-22T12:44:58Z,0,0,0,Charge 6
2025-12-22T12:44:59Z,0,0,0,Charge 6
2025-12-22T12:45:00Z,0,0,0,Charge 6
2025-12-22T12:45:01Z,0,0,0,Charge 6
2025-12-22T12:45:02Z,0,0,0,Charge 6
2025-12-22T12:45:03Z,0,0,0,Charge 6
2025-12-22T12:45:04Z,0,0,0,Charge 6
2025-12-22T12:45:05Z,0,0,0,Charge 6
2025-12-22T12:45:06Z,0,0,0,Charge 6
2025-12-22T12:45:07Z,0,0,0,Charge 6
2025-12-22T12:45:08Z,0,0,0,Charge 6
2025-12-22T12:45:09Z,0,0,0,Charge 6
2025-12-22T12:45:10Z,0,0,0,Charge 6
2025-12-22T12:45:11Z,0,0,0,Charge 6
2025-12-22T12:45:12Z,0,0,0,Charge 6
2025-12-22T12:45:13Z,0,0,0,Charge 6
2025-12-22T12:45:14Z,0,0,0,Charge 6
2025-12-22T12:45:15Z,0,0,0,Charge 6
2025-12-22T12:45:16Z,0,0,0,Charge 6
2025-12-22T12:45:17Z,0,0,0,Charge 6
2025-12-22T12:45:18Z,0,0,0,Charge 6
2025-12-22T12:45:19Z,0,0,0,Charge 6
2025-12-22T12:45:20Z,0,0,0,Charge 6
2025-12-22T12:45:21Z,0,0,0,Charge 6
2025-12-22T12:45:22Z,0,0,0,Charge 6
2025-12-22T12:45:23Z,0,0,0,Charge 6
2025-12-22T12:45:24Z,0,0,0,Charge 6
2025-12-22T12:45:25Z,0,0,0,Charge 6
2025-12-22T12:45:26Z,0,0,0,Charge 6
2025-12-22T12:45:27Z,0,0,0,Charge 6
2025-12-22T12:45:28Z,0,0,0,Charge 6
2025-12-22T12:45:29Z,0,0,0,Charge 6
2025-12-22T12:45:30Z,0,0,0,Charge 6
2025-12-22T12:45:31Z,0,0,0,Charge 6
2025-12-22T12:45:32Z,0,0,0,Charge 6
2025-12-22T12:45:33Z,0,0,0,Charge 6
2025-12-22T12:45:34Z,0,0,0,Charge 6
2025-12-22T12:45:35Z,0,0,0,Charge 6
2025-12-22T12:45:36Z,0,0,0,Charge 6
2025-12-22T12:45:37Z,0,0,0,Charge 6
2025-12-22T12:45:38Z,0,0,0,Charge 6
2025-12-22T12:45:39Z,0,0,0,Charge 6
2025-12-22T12:45:40Z,0,0,0,Charge 6
2025-12-22T12:45:41Z,0,0,0,Charge 6
2025-12-22T12:45:42Z,0,0,0,Charge 6
2025-12-22T12:45:43Z,0,0,0,Charge 6
2025-12-22T12:45:44Z,0,0,0,Charge 6
2025-12-22T12:45:45Z,0,0,0,Charge 6
2025-12-22T12:45:46Z,0,0,0,Charge 6
2025-12-22T12:45:47Z,0,0,0,Charge 6
2025-12-22T12:45:48Z,0,0,0,Charge 6
2025-12-22T12:45:49Z,0,0,0,Charge 6
2025-12-22T12:45:50Z,0,0,0,Charge 6
2025-12-22T12:45:51Z,0,0,0,Charge 6
2025-12-22T12:45:52Z,0,0,0,Charge 6
2025-12-22T12:45:53Z,0,0,0,Charge 6
2025-12-22T12:45:54Z,0,0,0,Charge 6
2025-12-22T12:45:55Z,0,0,0,Charge 6
2025-12-22T12:45:56Z,0,0,0,Charge 6
2025-12-22T12:45:57Z,0,0,0,Charge 6
2025-12-22T12:45:58Z,0,0,0,Charge 6
2025-12-22T12:45:59Z,0,0,0,Charge 6
2025-12-22T12:46:00Z,0,0,0,Charge 6
2025-12-22T12:46:01Z,0,0,0,Charge 6
2025-12-22T12:46:02Z,0,0,0,Charge 6
2025-12-22T12:46:03Z,0,0,0,Charge 6
2025-12-22T12:46:04Z,0,0,0,Charge 6
2025-12-22T12:46:05Z,0,0,0,Charge 6
2025-12-22T12:46:06Z,0,0,0,Charge 6
2025-12-22T12:46:07Z,0,0,0,Charge 6
2025-12-22T12:46:08Z,0,0,0,Charge 6
2025-12-22T12:46:09Z,0,0,0,Charge 6
2025-12-22T12:46:10Z,0,0,0,Charge 6
2025-12-22T12:46:11Z,0,0,0,Charge 6
2025-12-22T12:46:12Z,0,0,0,Charge 6
2025-12-22T12:46:13Z,0,0,0,Charge 6
2025-12-22T12:46:14Z,0,0,0,Charge 6
2025-12-22T12:46:15Z,0,0,0,Charge 6
2025-12-22T12:46:16Z,0,0,0,Charge 6
2025-12-22T12:46:17Z,2,0,0,Charge 6
2025-12-22T12:46:18Z,2,0,0,Charge 6
2025-12-22T12:46:19Z,0,0,0,Charge 6
2025-12-22T12:46:20Z,0,0,0,Charge 6
2025-12-22T12:46:21Z,0,0,0,Charge 6
2025-12-22T12:46:22Z,0,0,0,Charge 6
2025-12-22T12:46:23Z,0,0,0,Charge 6
2025-12-22T12:46:24Z,0,0,0,Charge 6
2025-12-22T12:46:25Z,0,0,0,Charge 6
2025-12-22T12:46:26Z,0,0,0,Charge 6
2025-12-22T12:46:27Z,0,0,0,Charge 6
2025-12-22T12:46:28Z,0,0,0,Charge 6
2025-12-22T12:46:29Z,0,0,0,Charge 6
2025-12-22T12:46:30Z,0,0,0,Charge 6
2025-12-22T12:46:31Z,0,0,0,Charge 6
2025-12-22T12:46:32Z,0,0,0,Charge 6
2025-12-22T12:46:33Z,0,0,0,Charge 6
2025-12-22T12:46:34Z,0,0,0,Charge 6
2025-12-22T12:46:35Z,0,0,0,Charge 6
2025-12-22T12:46:36Z,0,0,0,Charge 6
2025-12-22T12:46:37Z,0,0,0,Charge 6
2025-12-22T12:46:38Z,0,0,0,Charge 6
2025-12-22T12:46:39Z,0,0,0,Charge 6
2025-12-22T12:46:40Z,0,0,0,Charge 6
2025-12-22T12:46:41Z,0,0,0,Charge 6
2025-12-22T12:46:42Z,1,0,0,Charge 6
2025-12-22T12:46:43Z,1,0,0,Charge 6
2025-12-22T12:46:44Z,4,0,0,Charge 6
2025-12-22T12:46:45Z,1,0,0,Charge 6
2025-12-22T12:46:46Z,2,140,0,Charge 6
2025-12-22T12:46:47Z,1,290,0,Charge 6
2025-12-22T12:46:48Z,1,430,0,Charge 6
2025-12-22T12:46:49Z,2,620,0,Charge 6
2025-12-22T12:46:50Z,1,790,0,Charge 6
2025-12-22T12:46:51Z,0,770,0,Charge 6
2025-12-22T12:46:52Z,0,730,0,Charge 6
2025-12-22T12:46:53Z,0,650,0,Charge 6
2025-12-22T12:46:54Z,0,0,0,Charge 6
2025-12-22T12:46:55Z,0,0,0,Charge 6
2025-12-22T12:46:56Z,0,0,0,Charge 6
2025-12-22T12:46:57Z,0,0,0,Charge 6
2025-12-22T12:46:58Z,0,0,0,Charge 6
2025-12-22T12:46:59Z,0,0,0,Charge 6
2025-12-22T12:47:00Z,0,0,0,Charge 6
2025-12-22T12:47:01Z,0,0,0,Charge 6
2025-12-22T12:47:02Z,0,0,0,Charge 6
2025-12-22T12:47:03Z,0,0,0,Charge 6
2025-12-22T12:47:04Z,0,0,0,Charge 6
2025-12-22T12:47:05Z,0,0,0,Charge 6
2025-12-22T12:47:06Z,0,0,0,Charge 6
2025-12-22T12:47:07Z,0,0,0,Charge 6
2025-12-22T12:47:08Z,0,0,0,Charge 6
2025-12-22T12:47:09Z,0,0,0,Charge 6
2025-12-22T12:47:10Z,0,0,0,Charge 6
2025-12-22T12:47:11Z,0,0,0,Charge 6
2025-12-22T12:47:12Z,0,0,0,Charge 6
2025-12-22T12:47:13Z,0,0,0,Charge 6
2025-12-22T12:47:14Z,0,0,0,Charge 6
2025-12-22T12:47:15Z,0,0,0,Charge 6
2025-12-22T12:47:16Z,0,0,0,Charge 6
2025-12-22T12:47:17Z,0,0,0,Charge 6
2025-12-22T12:47:18Z,0,0,0,Charge 6
2025-12-22T12:47:19Z,0,0,0,Charge 6
2025-12-22T12:47:20Z,0,0,0,Charge 6
2025-12-22T12:47:21Z,0,0,0,Charge 6
2025-12-22T12:47:22Z,0,0,0,Charge 6
2025-12-22T12:47:23Z,0,0,0,Charge 6
2025-12-22T12:47:24Z,0,0,0,Charge 6
2025-12-22T12:47:25Z,0,0,0,Charge 6
2025-12-22T12:47:26Z,0,0,0,Charge 6
2025-12-22T12:47:27Z,0,0,0,Charge 6
2025-12-22T12:47:28Z,0,0,0,Charge 6
2025-12-22T12:47:29Z,0,0,0,Charge 6
2025-12-22T12:47:30Z,0,0,0,Charge 6
2025-12-22T12:47:31Z,0,0,0,Charge 6
2025-12-22T12:47:32Z,0,0,0,Charge 6
2025-12-22T12:47:33Z,0,0,0,Charge 6
2025-12-22T12:47:34Z,0,0,0,Charge 6
2025-12-22T12:47:35Z,0,0,0,Charge 6
2025-12-22T12:47:36Z,0,0,0,Charge 6
2025-12-22T12:47:37Z,0,0,0,Charge 6
2025-12-22T12:47:38Z,0,0,0,Charge 6
2025-12-22T12:47:39Z,0,0,0,Charge 6
2025-12-22T12:47:40Z,0,0,0,Charge 6
2025-12-22T12:47:41Z,0,0,0,Charge 6
2025-12-22T12:47:42Z,0,0,0,Charge 6
2025-12-22T12:47:43Z,0,0,0,Charge 6
2025-12-22T12:47:44Z,0,0,0,Charge 6
2025-12-22T12:47:45Z,0,0,0,Charge 6
2025-12-22T12:47:46Z,0,0,0,Charge 6
2025-12-22T12:47:47Z,0,0,0,Charge 6
2025-12-22T12:47:48Z,0,0,0,Charge 6
2025-12-22T12:47:49Z,0,0,0,Charge 6
2025-12-22T12:47:50Z,0,0,0,Charge 6
2025-12-22T12:47:51Z,0,0,0,Charge 6
2025-12-22T12:47:52Z,0,0,0,Charge 6
2025-12-22T12:47:53Z,0,0,0,Charge 6
2025-12-22T12:47:54Z,0,0,0,Charge 6
2025-12-22T12:47:55Z,0,0,0,Charge 6
2025-12-22T12:47:56Z,0,0,0,Charge 6
2025-12-22T12:47:57Z,2,0,0,Charge 6
2025-12-22T12:47:58Z,2,0,0,Charge 6
2025-12-22T12:47:59Z,0,0,0,Charge 6
2025-12-22T12:48:00Z,0,0,0,Charge 6
2025-12-22T12:48:01Z,0,0,0,Charge 6
2025-12-22T12:48:02Z,0,0,0,Charge 6
2025-12-22T12:48:03Z,0,0,0,Charge 6
2025-12-22T12:48:04Z,0,0,0,Charge 6
2025-12-22T12:48:05Z,0,0,0,Charge 6
2025-12-22T12:48:06Z,0,0,0,Charge 6
2025-12-22T12:48:07Z,0,0,0,Charge 6
2025-12-22T12:48:08Z,0,0,0,Charge 6
2025-12-22T12:48:09Z,0,0,0,Charge 6
2025-12-22T12:48:10Z,0,0,0,Charge 6
2025-12-22T12:48:11Z,0,0,0,Charge 6
2025-12-22T12:48:12Z,0,0,0,Charge 6
2025-12-22T12:48:13Z,0,0,0,Charge 6
2025-12-22T12:48:14Z,0,0,0,Charge 6
2025-12-22T12:48:15Z,0,0,0,Charge 6
2025-12-22T12:48:16Z,0,0,0,Charge 6
2025-12-22T12:48:17Z,0,0,0,Charge 6
2025-12-22T12:48:18Z,0,0,0,Charge 6
2025-12-22T12:48:19Z,0,0,0,Charge 6
2025-12-22T12:48:20Z,0,0,0,Charge 6
2025-12-22T12:48:21Z,0,0,0,Charge 6
2025-12-22T12:48:22Z,0,0,0,Charge 6
2025-12-22T12:48:23Z,0,0,0,Charge 6
2025-12-22T12:48:24Z,0,0,0,Charge 6
2025-12-22T12:48:25Z,0,0,0,Charge 6
2025-12-22T12:48:26Z,0,0,0,Charge 6
2025-12-22T12:48:27Z,0,0,0,Charge 6
2025-12-22T12:48:28Z,0,0,0,Charge 6
2025-12-22T12:48:29Z,0,0,0,Charge 6
2025-12-22T12:48:30Z,0,0,0,Charge 6
2025-12-22T12:48:31Z,0,0,0,Charge 6
2025-12-22T12:48:32Z,0,0,0,Charge 6
2025-12-22T12:48:33Z,0,0,0,Charge 6
2025-12-22T12:48:34Z,0,0,0,Charge 6
2025-12-22T12:48:35Z,0,0,0,Charge 6
2025-12-22T12:48:36Z,0,0,0,Charge 6
2025-12-22T12:48:37Z,0,0,0,Charge 6
2025-12-22T12:48:38Z,0,0,0,Charge 6
2025-12-22T12:48:39Z,0,0,0,Charge 6
2025-12-22T12:48:40Z,0,0,0,Charge 6
2025-12-22T12:48:41Z,0,0,0,Charge 6
2025-12-22T12:48:42Z,0,0,0,Charge 6
2025-12-22T12:48:43Z,0,0,0,Charge 6
2025-12-22T12:48:44Z,0,0,0,Charge 6
2025-12-22T12:48:45Z,0,0,0,Charge 6
2025-12-22T12:48:46Z,0,0,0,Charge 6
2025-12-22T12:48:47Z,0,0,0,Charge 6
2025-12-22T12:48:48Z,0,0,0,Charge 6
2025-12-22T12:48:49Z,0,0,0,Charge 6
2025-12-22T12:48:50Z,0,0,0,Charge 6
2025-12-22T12:48:51Z,0,0,0,Charge 6
2025-12-22T12:48:52Z,0,0,0,Charge 6
2025-12-22T12:48:53Z,0,0,0,Charge 6
2025-12-22T12:48:54Z,0,0,0,Charge 6
2025-12-22T12:48:55Z,0,0,0,Charge 6
2025-12-22T12:48:56Z,0,0,0,Charge 6
2025-12-22T12:48:57Z,0,0,0,Charge 6
2025-12-22T12:48:58Z,0,0,0,Charge 6
2025-12-22T12:48:59Z,0,0,0,Charge 6
2025-12-22T12:49:00Z,0,0,0,Charge 6
2025-12-22T12:49:01Z,0,0,0,Charge 6
2025-12-22T12:49:02Z,0,0,0,Charge 6
2025-12-22T12:49:03Z,0,0,0,Charge 6
2025-12-22T12:49:04Z,0,0,0,Charge 6
2025-12-22T12:49:05Z,0,0,0,Charge 6
2025-12-22T12:49:06Z,0,0,0,Charge 6
2025-12-22T12:49:07Z,0,0,0,Charge 6
2025-12-22T12:49:08Z,0,0,0,Charge 6
2025-12-22T12:49:09Z,0,0,0,Charge 6
2025-12-22T12:49:10Z,0,0,0,Charge 6
2025-12-22T12:49:11Z,0,0,0,Charge 6
2025-12-22T12:49:12Z,0,0,0,Charge 6
2025-12-22T12:49:13Z,0,0,0,Charge 6
2025-12-22T12:49:14Z,0,0,0,Charge 6
2025-12-22T12:49:15Z,0,0,0,Charge 6
2025-12-22T12:49:16Z,0,0,0,Charge 6
2025-12-22T12:49:17Z,0,0,0,Charge 6
2025-12-22T12:49:18Z,0,0,0,Charge 6
2025-12-22T12:49:19Z,0,0,0,Charge 6
2025-12-22T12:49:20Z,0,0,0,Charge 6
2025-12-22T12:49:21Z,0,0,0,Charge 6
2025-12-22T12:49:22Z,0,0,0,Charge 6
2025-12-22T12:49:23Z,0,0,0,Charge 6
2025-12-22T12:49:24Z,0,0,0,Charge 6
2025-12-22T12:49:25Z,0,0,0,Charge 6
2025-12-22T12:49:26Z,0,0,0,Charge 6
2025-12-22T12:49:27Z,0,0,0,Charge 6
2025-12-22T12:49:28Z,0,0,0,Charge 6
2025-12-22T12:49:29Z,0,0,0,Charge 6
2025-12-22T12:49:30Z,0,0,0,Charge 6
2025-12-22T12:49:31Z,0,0,0,Charge 6
2025-12-22T12:49:32Z,0,0,0,Charge 6
2025-12-22T12:49:33Z,0,0,0,Charge 6
2025-12-22T12:49:34Z,0,0,0,Charge 6
2025-12-22T12:49:35Z,0,0,0,Charge 6
2025-12-22T12:49:36Z,0,0,0,Charge 6
2025-12-22T12:49:37Z,2,0,0,Charge 6
2025-12-22T12:49:38Z,2,0,0,Charge 6
2025-12-22T12:49:39Z,0,0,0,Charge 6
2025-12-22T12:49:40Z,0,0,0,Charge 6
2025-12-22T12:49:41Z,0,0,0,Charge 6
2025-12-22T12:49:42Z,0,0,0,Charge 6
2025-12-22T12:49:43Z,0,0,0,Charge 6
2025-12-22T12:49:44Z,0,0,0,Charge 6
2025-12-22T12:49:45Z,0,0,0,Charge 6
2025-12-22T12:49:46Z,0,0,0,Charge 6
2025-12-22T12:49:47Z,0,0,0,Charge 6
2025-12-22T12:49:48Z,0,0,0,Charge 6
2025-12-22T12:49:49Z,0,0,0,Charge 6
2025-12-22T12:49:50Z,0,0,0,Charge 6
2025-12-22T12:49:51Z,0,0,0,Charge 6
2025-12-22T12:49:52Z,0,0,0,Charge 6
2025-12-22T12:49:53Z,0,0,0,Charge 6
2025-12-22T12:49:54Z,0,0,0,Charge 6
2025-12-22T12:49:55Z,0,0,0,Charge 6
2025-12-22T12:49:56Z,0,0,0,Charge 6
2025-12-22T12:49:57Z,0,0,0,Charge 6
2025-12-22T12:49:58Z,0,0,0,Charge 6
2025-12-22T12:49:59Z,0,0,0,Charge 6
2025-12-22T12:50:00Z,0,0,0,Charge 6
2025-12-22T12:50:01Z,0,0,0,Charge 6
2025-12-22T12:50:02Z,0,0,0,Charge 6
2025-12-22T12:50:03Z,0,0,0,Charge 6
2025-12-22T12:50:04Z,0,0,0,Charge 6
2025-12-22T12:50:05Z,0,0,0,Charge 6
2025-12-22T12:50:06Z,0,0,0,Charge 6
2025-12-22T12:50:07Z,0,0,0,Charge 6
2025-12-22T12:50:08Z,0,0,0,Charge 6
2025-12-22T12:50:09Z,0,0,0,Charge 6
2025-12-22T12:50:10Z,0,0,0,Charge 6
2025-12-22T12:50:11Z,0,0,0,Charge 6
2025-12-22T12:50:12Z,0,0,0,Charge 6
2025-12-22T12:50:13Z,0,0,0,Charge 6
2025-12-22T12:50:14Z,0,0,0,Charge 6
2025-12-22T12:50:15Z,0,0,0,Charge 6
2025-12-22T12:50:16Z,0,0,0,Charge 6
2025-12-22T12:50:17Z,0,0,0,Charge 6
2025-12-22T12:50:18Z,0,0,0,Charge 6
2025-12-22T12:50:19Z,0,0,0,Charge 6
2025-12-22T12:50:20Z,0,0,0,Charge 6
2025-12-22T12:50:21Z,0,0,0,Charge 6
2025-12-22T12:50:22Z,0,0,0,Charge 6
2025-12-22T12:50:23Z,0,0,0,Charge 6
2025-12-22T12:50:24Z,0,0,0,Charge 6
2025-12-22T12:50:25Z,0,0,0,Charge 6
2025-12-22T12:50:26Z,0,0,0,Charge 6
2025-12-22T12:50:27Z,0,0,0,Charge 6
2025-12-22T12:50:28Z,0,0,0,Charge 6
2025-12-22T12:50:29Z,0,0,0,Charge 6
2025-12-22T12:50:30Z,0,0,0,Charge 6
2025-12-22T12:50:31Z,0,0,0,Charge 6
2025-12-22T12:50:32Z,0,0,0,Charge 6
2025-12-22T12:50:33Z,0,0,0,Charge 6
2025-12-22T12:50:34Z,0,0,0,Charge 6
2025-12-22T12:50:35Z,0,0,0,Charge 6
2025-12-22T12:50:36Z,0,0,0,Charge 6
2025-12-22T12:50:37Z,0,0,0,Charge 6
2025-12-22T12:50:38Z,0,0,0,Charge 6
2025-12-22T12:50:39Z,0,0,0,Charge 6
2025-12-22T12:50:40Z,0,0,0,Charge 6
2025-12-22T12:50:41Z,0,0,0,Charge 6
2025-12-22T12:50:42Z,0,0,0,Charge 6
2025-12-22T12:50:43Z,0,0,0,Charge 6
2025-12-22T12:50:44Z,0,0,0,Charge 6
2025-12-22T12:50:45Z,0,0,0,Charge 6
2025-12-22T12:50:46Z,0,0,0,Charge 6
2025-12-22T12:50:47Z,0,0,0,Charge 6
2025-12-22T12:50:48Z,0,0,0,Charge 6
2025-12-22T12:50:49Z,0,0,0,Charge 6
2025-12-22T12:50:50Z,0,0,0,Charge 6
2025-12-22T12:50:51Z,0,0,0,Charge 6
2025-12-22T12:50:52Z,0,0,0,Charge 6
2025-12-22T12:50:53Z,0,0,0,Charge 6
2025-12-22T12:50:54Z,0,0,0,Charge 6
2025-12-22T12:50:55Z,0,0,0,Charge 6
2025-12-22T12:50:56Z,0,0,0,Charge 6
2025-12-22T12:50:57Z,0,0,0,Charge 6
2025-12-22T12:50:58Z,0,0,0,Charge 6
2025-12-22T12:50:59Z,0,0,0,Charge 6
2025-12-22T12:51:00Z,0,0,0,Charge 6
2025-12-22T12:51:01Z,0,0,0,Charge 6
2025-12-22T12:51:02Z,0,0,0,Charge 6
2025-12-22T12:51:03Z,0,0,0,Charge 6
2025-12-22T12:51:04Z,0,0,0,Charge 6
2025-12-22T12:51:05Z,0,0,0,Charge 6
2025-12-22T12:51:06Z,0,0,0,Charge 6
2025-12-22T12:51:07Z,0,0,0,Charge 6
2025-12-22T12:51:08Z,0,0,0,Charge 6
2025-12-22T12:51:09Z,0,0,0,Charge 6
2025-12-22T12:51:10Z,0,0,0,Charge 6
2025-12-22T12:51:11Z,0,0,0,Charge 6
2025-12-22T12:51:12Z,0,0,0,Charge 6
2025-12-22T12:51:13Z,0,0,0,Charge 6
2025-12-22T12:51:14Z,0,0,0,Charge 6
2025-12-22T12:51:15Z,0,0,0,Charge 6
2025-12-22T12:51:16Z,0,0,0,Charge 6
2025-12-22T12:51:17Z,0,0,0,Charge 6
2025-12-22T12:51:18Z,2,0,0,Charge 6
2025-12-22T12:51:19Z,2,0,0,Charge 6
2025-12-22T12:51:20Z,0,0,0,Charge 6
2025-12-22T12:51:21Z,0,0,0,Charge 6
2025-12-22T12:51:22Z,0,0,0,Charge 6
2025-12-22T12:51:23Z,0,0,0,Charge 6
2025-12-22T12:51:24Z,0,0,0,Charge 6
2025-12-22T12:51:25Z,0,0,0,Charge 6
2025-12-22T12:51:26Z,0,0,0,Charge 6
2025-12-22T12:51:27Z,0,0,0,Charge 6
2025-12-22T12:51:28Z,0,0,0,Charge 6
2025-12-22T12:51:29Z,0,0,0,Charge 6
2025-12-22T12:51:30Z,0,0,0,Charge 6
2025-12-22T12:51:31Z,0,0,0,Charge 6
2025-12-22T12:51:32Z,0,0,0,Charge 6
2025-12-22T12:51:33Z,0,0,0,Charge 6
2025-12-22T12:51:34Z,0,0,0,Charge 6
2025-12-22T12:51:35Z,0,0,0,Charge 6
2025-12-22T12:51:36Z,0,0,0,Charge 6
2025-12-22T12:51:37Z,0,0,0,Charge 6
2025-12-22T12:51:38Z,0,0,0,Charge 6
2025-12-22T12:51:39Z,0,0,0,Charge 6
2025-12-22T12:51:40Z,0,0,0,Charge 6
2025-12-22T12:51:41Z,0,0,0,Charge 6
2025-12-22T12:51:42Z,0,0,0,Charge 6
2025-12-22T12:51:43Z,0,0,0,Charge 6
2025-12-22T12:51:44Z,0,0,0,Charge 6
2025-12-22T12:51:45Z,0,0,0,Charge 6
2025-12-22T12:51:46Z,0,0,0,Charge 6
2025-12-22T12:51:47Z,0,0,0,Charge 6
2025-12-22T12:51:48Z,0,0,0,Charge 6
2025-12-22T12:51:49Z,0,0,0,Charge 6
2025-12-22T12:51:50Z,0,0,0,Charge 6
2025-12-22T12:51:51Z,0,0,0,Charge 6
2025-12-22T12:51:52Z,0,0,0,Charge 6
2025-12-22T12:51:53Z,0,0,0,Charge 6
2025-12-22T12:51:54Z,0,0,0,Charge 6
2025-12-22T12:51:55Z,0,0,0,Charge 6
2025-12-22T12:51:56Z,0,0,0,Charge 6
2025-12-22T12:51:57Z,0,0,0,Charge 6
2025-12-22T12:51:58Z,0,0,0,Charge 6
2025-12-22T12:51:59Z,0,0,0,Charge 6
2025-12-22T12:52:00Z,0,0,0,Charge 6
2025-12-22T12:52:01Z,0,0,0,Charge 6
2025-12-22T12:52:02Z,0,0,0,Charge 6
2025-12-22T12:52:03Z,0,0,0,Charge 6
2025-12-22T12:52:04Z,0,0,0,Charge 6
2025-12-22T12:52:05Z,0,0,0,Charge 6
2025-12-22T12:52:06Z,0,0,0,Charge 6
2025-12-22T12:52:07Z,0,0,0,Charge 6
2025-12-22T12:52:08Z,0,0,0,Charge 6
2025-12-22T12:52:09Z,0,0,0,Charge 6
2025-12-22T12:52:10Z,0,0,0,Charge 6
2025-12-22T12:52:11Z,0,0,0,Charge 6
2025-12-22T12:52:12Z,0,0,0,Charge 6
2025-12-22T12:52:13Z,0,0,0,Charge 6
2025-12-22T12:52:14Z,0,0,0,Charge 6
2025-12-22T13:09:19Z,1,0,0,Charge 6
2025-12-22T13:09:20Z,2,0,0,Charge 6
2025-12-22T13:09:21Z,1,160,0,Charge 6
2025-12-22T13:09:22Z,2,260,0,Charge 6
2025-12-22T13:09:23Z,2,400,0,Charge 6
2025-12-22T13:09:24Z,2,560,0,Charge 6
2025-12-22T13:09:25Z,1,660,0,Charge 6
2025-12-22T13:09:26Z,2,760,0,Charge 6
2025-12-22T13:09:27Z,1,820,0,Charge 6
2025-12-22T13:09:28Z,2,860,0,Charge 6
2025-12-22T13:09:29Z,2,900,0,Charge 6
2025-12-22T13:09:30Z,2,950,0,Charge 6
2025-12-22T13:09:31Z,2,1230,0,Charge 6
2025-12-22T13:09:32Z,1,1260,0,Charge 6
2025-12-22T13:09:33Z,2,1290,0,Charge 6
2025-12-22T13:09:34Z,0,1280,0,Charge 6
2025-12-22T13:09:35Z,0,1280,0,Charge 6
2025-12-22T13:09:36Z,0,1060,0,Charge 6
2025-12-22T13:09:37Z,0,0,0,Charge 6
2025-12-22T13:09:38Z,0,0,0,Charge 6
2025-12-22T13:09:39Z,0,0,0,Charge 6
2025-12-22T13:09:40Z,0,0,0,Charge 6
2025-12-22T13:09:41Z,0,0,0,Charge 6
2025-12-22T13:09:42Z,0,0,0,Charge 6
2025-12-22T13:09:43Z,0,0,0,Charge 6
2025-12-22T13:09:44Z,0,0,0,Charge 6
2025-12-22T13:09:45Z,0,0,0,Charge 6
2025-12-22T13:09:46Z,0,0,0,Charge 6
2025-12-22T13:09:47Z,0,0,0,Charge 6
2025-12-22T13:09:48Z,0,0,0,Charge 6
2025-12-22T13:09:49Z,0,0,0,Charge 6
2025-12-22T13:09:50Z,0,0,0,Charge 6
2025-12-22T13:09:51Z,0,0,0,Charge 6
2025-12-22T13:09:52Z,0,0,0,Charge 6
2025-12-22T13:09:53Z,0,0,0,Charge 6
2025-12-22T13:09:54Z,0,0,0,Charge 6
2025-12-22T13:09:55Z,0,0,0,Charge 6
2025-12-22T13:09:56Z,0,0,0,Charge 6
2025-12-22T13:09:57Z,0,0,0,Charge 6
2025-12-22T13:09:58Z,0,0,0,Charge 6
2025-12-22T13:09:59Z,0,0,0,Charge 6
2025-12-22T13:10:00Z,2,0,0,Charge 6
2025-12-22T13:10:01Z,2,0,0,Charge 6
2025-12-22T13:10:02Z,0,0,0,Charge 6
2025-12-22T13:10:03Z,0,0,0,Charge 6
2025-12-22T13:10:04Z,0,0,0,Charge 6
2025-12-22T13:10:05Z,0,0,0,Charge 6
2025-12-22T13:10:06Z,0,0,0,Charge 6
2025-12-22T13:10:07Z,0,0,0,Charge 6
2025-12-22T13:10:08Z,0,0,0,Charge 6
2025-12-22T13:10:09Z,0,0,0,Charge 6
2025-12-22T13:10:10Z,0,0,0,Charge 6
2025-12-22T13:10:11Z,0,0,0,Charge 6
2025-12-22T13:10:12Z,0,0,0,Charge 6
2025-12-22T13:10:13Z,0,0,0,Charge 6
2025-12-22T13:10:14Z,0,0,0,Charge 6
2025-12-22T13:10:15Z,0,0,0,Charge 6
2025-12-22T13:10:16Z,0,0,0,Charge 6
2025-12-22T13:10:17Z,2,0,0,Charge 6
2025-12-22T13:10:18Z,1,0,0,Charge 6
2025-12-22T13:10:19Z,2,0,0,Charge 6
2025-12-22T13:10:20Z,1,0,0,Charge 6
2025-12-22T13:10:21Z,0,0,0,Charge 6
2025-12-22T13:10:22Z,2,0,0,Charge 6
2025-12-22T13:10:23Z,2,140,0,Charge 6
2025-12-22T13:10:24Z,2,320,0,Charge 6
2025-12-22T13:10:25Z,1,490,0,Charge 6
2025-12-22T13:10:26Z,2,680,0,Charge 6
2025-12-22T13:10:27Z,0,840,0,Charge 6
2025-12-22T13:10:28Z,1,840,0,Charge 6
2025-12-22T13:10:29Z,2,840,0,Charge 6
2025-12-22T13:10:30Z,2,880,0,Charge 6
2025-12-22T13:10:31Z,0,850,0,Charge 6
2025-12-22T13:10:32Z,1,840,0,Charge 6
2025-12-22T13:10:33Z,2,880,0,Charge 6
2025-12-22T13:10:34Z,1,880,0,Charge 6
2025-12-22T13:10:35Z,2,870,0,Charge 6
2025-12-22T13:10:36Z,1,910,0,Charge 6
2025-12-22T13:10:37Z,0,960,0,Charge 6
2025-12-22T13:10:38Z,0,950,0,Charge 6
2025-12-22T13:10:39Z,0,830,0,Charge 6
2025-12-22T13:10:40Z,0,0,0,Charge 6
2025-12-22T13:10:41Z,0,0,0,Charge 6
2025-12-22T13:10:42Z,0,0,0,Charge 6
2025-12-22T13:10:43Z,0,0,0,Charge 6
2025-12-22T13:10:44Z,0,0,0,Charge 6
2025-12-22T13:10:45Z,0,0,0,Charge 6
2025-12-22T13:10:46Z,0,0,0,Charge 6
2025-12-22T13:10:47Z,0,0,0,Charge 6
2025-12-22T13:10:48Z,0,0,0,Charge 6
2025-12-22T13:10:49Z,0,0,0,Charge 6
2025-12-22T13:10:50Z,0,0,0,Charge 6
2025-12-22T13:10:51Z,0,0,0,Charge 6
2025-12-22T13:10:52Z,0,0,0,Charge 6
2025-12-22T13:10:53Z,0,0,0,Charge 6
2025-12-22T13:10:54Z,0,0,0,Charge 6
2025-12-22T13:10:55Z,0,0,0,Charge 6
2025-12-22T13:10:56Z,0,0,0,Charge 6
2025-12-22T13:10:57Z,0,0,0,Charge 6
2025-12-22T13:10:58Z,0,0,0,Charge 6
2025-12-22T13:10:59Z,0,0,0,Charge 6
2025-12-22T13:11:00Z,0,0,0,Charge 6
2025-12-22T13:11:01Z,0,0,0,Charge 6
2025-12-22T13:11:02Z,0,0,0,Charge 6
2025-12-22T13:11:03Z,0,0,0,Charge 6
2025-12-22T13:11:04Z,0,0,0,Charge 6
2025-12-22T13:11:05Z,0,0,0,Charge 6
2025-12-22T13:11:06Z,0,0,0,Charge 6
2025-12-22T13:11:07Z,0,0,0,Charge 6
2025-12-22T13:11:08Z,0,0,0,Charge 6
2025-12-22T13:11:09Z,0,0,0,Charge 6
2025-12-22T13:11:10Z,0,0,0,Charge 6
2025-12-22T13:11:11Z,0,0,0,Charge 6
2025-12-22T13:11:12Z,0,0,0,Charge 6
2025-12-22T13:11:13Z,0,0,0,Charge 6
2025-12-22T13:11:14Z,0,0,0,Charge 6
2025-12-22T13:11:15Z,0,0,0,Charge 6
2025-12-22T13:11:16Z,0,0,0,Charge 6
2025-12-22T13:11:17Z,0,0,0,Charge 6
2025-12-22T13:11:18Z,0,0,0,Charge 6
2025-12-22T13:11:19Z,0,0,0,Charge 6
2025-12-22T13:11:20Z,0,0,0,Charge 6
2025-12-22T13:11:21Z,0,0,0,Charge 6
2025-12-22T13:11:22Z,0,0,0,Charge 6
2025-12-22T13:11:23Z,0,0,0,Charge 6
2025-12-22T13:11:24Z,0,0,0,Charge 6
2025-12-22T13:11:25Z,0,0,0,Charge 6
2025-12-22T13:11:26Z,1,0,0,Charge 6
2025-12-22T13:11:27Z,1,0,0,Charge 6
2025-12-22T13:11:28Z,1,0,0,Charge 6
2025-12-22T13:11:29Z,0,0,0,Charge 6
2025-12-22T13:11:30Z,1,0,0,Charge 6
2025-12-22T13:11:31Z,1,0,0,Charge 6
2025-12-22T13:11:32Z,2,140,0,Charge 6
2025-12-22T13:11:33Z,1,290,0,Charge 6
2025-12-22T13:11:34Z,2,470,0,Charge 6
2025-12-22T13:11:35Z,1,640,0,Charge 6
2025-12-22T13:11:36Z,1,800,0,Charge 6
2025-12-22T13:11:37Z,0,790,0,Charge 6
2025-12-22T13:11:38Z,0,740,0,Charge 6
2025-12-22T13:11:39Z,0,0,0,Charge 6
2025-12-22T13:11:40Z,2,0,0,Charge 6
2025-12-22T13:11:41Z,2,0,0,Charge 6
2025-12-22T13:11:42Z,0,0,0,Charge 6
2025-12-22T13:11:43Z,0,0,0,Charge 6
2025-12-22T13:11:44Z,0,0,0,Charge 6
2025-12-22T13:11:45Z,0,0,0,Charge 6
2025-12-22T13:11:46Z,0,0,0,Charge 6
2025-12-22T13:11:47Z,0,0,0,Charge 6
2025-12-22T13:11:48Z,0,0,0,Charge 6
2025-12-22T13:11:49Z,0,0,0,Charge 6
2025-12-22T13:11:50Z,0,0,0,Charge 6
2025-12-22T13:11:51Z,1,0,0,Charge 6
2025-12-22T13:11:52Z,1,0,0,Charge 6
2025-12-22T13:11:53Z,1,0,0,Charge 6
2025-12-22T13:11:54Z,2,0,0,Charge 6
2025-12-22T13:11:55Z,2,140,0,Charge 6
2025-12-22T13:11:56Z,1,290,0,Charge 6
2025-12-22T13:11:57Z,1,430,0,Charge 6
2025-12-22T13:11:58Z,0,540,0,Charge 6
2025-12-22T13:11:59Z,0,620,0,Charge 6
2025-12-22T13:12:00Z,0,0,0,Charge 6
2025-12-22T13:12:01Z,0,0,0,Charge 6
2025-12-22T13:12:02Z,0,0,0,Charge 6
2025-12-22T13:12:03Z,0,0,0,Charge 6
2025-12-22T13:12:04Z,0,0,0,Charge 6
2025-12-22T13:12:05Z,0,0,0,Charge 6
2025-12-22T13:12:06Z,0,0,0,Charge 6
2025-12-22T13:12:07Z,0,0,0,Charge 6
2025-12-22T13:12:08Z,0,0,0,Charge 6
2025-12-22T13:12:09Z,0,0,0,Charge 6
2025-12-22T13:12:10Z,0,0,0,Charge 6
2025-12-22T13:12:11Z,0,0,0,Charge 6
2025-12-22T13:12:12Z,0,0,0,Charge 6
2025-12-22T13:12:13Z,0,0,0,Charge 6
2025-12-22T13:12:14Z,0,0,0,Charge 6
2025-12-22T13:12:15Z,0,0,0,Charge 6
2025-12-22T13:12:16Z,0,0,0,Charge 6
2025-12-22T13:12:17Z,0,0,0,Charge 6
2025-12-22T13:12:18Z,0,0,0,Charge 6
2025-12-22T13:12:19Z,0,0,0,Charge 6
2025-12-22T13:12:20Z,0,0,0,Charge 6
2025-12-22T13:12:21Z,0,0,0,Charge 6
2025-12-22T13:12:22Z,0,0,0,Charge 6
2025-12-22T13:12:23Z,0,0,0,Charge 6
2025-12-22T13:12:24Z,0,0,0,Charge 6
2025-12-22T13:12:25Z,0,0,0,Charge 6
2025-12-22T13:12:26Z,0,0,0,Charge 6
2025-12-22T13:12:27Z,0,0,0,Charge 6
2025-12-22T13:12:28Z,0,0,0,Charge 6
2025-12-22T13:12:29Z,0,0,0,Charge 6
2025-12-22T13:12:30Z,0,0,0,Charge 6
2025-12-22T13:12:31Z,1,0,0,Charge 6
2025-12-22T13:12:32Z,2,0,0,Charge 6
2025-12-22T13:12:33Z,0,0,0,Charge 6
2025-12-22T13:12:34Z,2,0,0,Charge 6
2025-12-22T13:12:35Z,1,140,0,Charge 6
2025-12-22T13:12:36Z,1,290,0,Charge 6
2025-12-22T13:12:37Z,3,510,0,Charge 6
2025-12-22T13:12:38Z,1,700,0,Charge 6
2025-12-22T13:12:39Z,2,930,0,Charge 6
2025-12-22T13:12:40Z,1,990,0,Charge 6
2025-12-22T13:12:41Z,1,1030,0,Charge 6
2025-12-22T13:12:42Z,3,1060,0,Charge 6
2025-12-22T13:12:43Z,3,1160,0,Charge 6
2025-12-22T13:12:44Z,1,1190,0,Charge 6
2025-12-22T13:12:45Z,1,1280,0,Charge 6
2025-12-22T13:12:46Z,2,1350,0,Charge 6
2025-12-22T13:12:47Z,2,1350,0,Charge 6
2025-12-22T13:12:48Z,2,1320,0,Charge 6
2025-12-22T13:12:49Z,0,1310,0,Charge 6
2025-12-22T13:12:50Z,0,1310,0,Charge 6
2025-12-22T13:12:51Z,0,1120,0,Charge 6
2025-12-22T13:12:52Z,0,0,0,Charge 6
2025-12-22T13:12:53Z,0,0,0,Charge 6
2025-12-22T13:12:54Z,0,0,0,Charge 6
2025-12-22T13:12:55Z,0,0,0,Charge 6
2025-12-22T13:12:56Z,0,0,0,Charge 6
2025-12-22T13:12:57Z,0,0,0,Charge 6
2025-12-22T13:12:58Z,0,0,0,Charge 6
2025-12-22T13:12:59Z,0,0,0,Charge 6
2025-12-22T13:13:00Z,0,0,0,Charge 6
2025-12-22T13:13:01Z,0,0,0,Charge 6
2025-12-22T13:13:02Z,0,0,0,Charge 6
2025-12-22T13:13:03Z,0,0,0,Charge 6
2025-12-22T13:13:04Z,0,0,0,Charge 6
2025-12-22T13:13:05Z,0,0,0,Charge 6
2025-12-22T13:13:06Z,0,0,0,Charge 6
2025-12-22T13:13:07Z,0,0,0,Charge 6
2025-12-22T13:13:08Z,0,0,0,Charge 6
2025-12-22T13:13:09Z,0,0,0,Charge 6
2025-12-22T13:13:10Z,0,0,0,Charge 6
2025-12-22T13:13:11Z,0,0,0,Charge 6
2025-12-22T13:13:12Z,1,0,0,Charge 6
2025-12-22T13:13:13Z,0,0,0,Charge 6
2025-12-22T13:13:14Z,1,0,0,Charge 6
2025-12-22T13:13:15Z,2,140,0,Charge 6
2025-12-22T13:13:16Z,2,320,0,Charge 6
2025-12-22T13:13:17Z,1,500,0,Charge 6
2025-12-22T13:13:18Z,1,670,0,Charge 6
2025-12-22T13:13:19Z,2,850,0,Charge 6
2025-12-22T13:13:20Z,1,900,0,Charge 6
2025-12-22T13:13:21Z,1,890,0,Charge 6
2025-12-22T13:13:22Z,1,890,0,Charge 6
2025-12-22T13:13:23Z,0,860,0,Charge 6
2025-12-22T13:13:24Z,1,780,0,Charge 6
2025-12-22T13:13:25Z,0,0,0,Charge 6
2025-12-22T13:13:26Z,1,0,0,Charge 6
2025-12-22T13:13:27Z,1,0,0,Charge 6
2025-12-22T13:13:28Z,1,0,0,Charge 6
2025-12-22T13:13:29Z,2,0,0,Charge 6
2025-12-22T13:13:30Z,2,0,0,Charge 6
2025-12-22T13:13:31Z,1,0,0,Charge 6
2025-12-22T13:13:32Z,2,0,0,Charge 6
2025-12-22T13:13:33Z,1,140,0,Charge 6
2025-12-22T13:13:34Z,0,250,0,Charge 6
2025-12-22T13:13:35Z,0,340,0,Charge 6
2025-12-22T13:13:36Z,0,840,0,Charge 6
2025-12-22T13:13:37Z,0,0,0,Charge 6
2025-12-22T13:13:38Z,0,0,0,Charge 6
2025-12-22T13:13:39Z,0,0,0,Charge 6
2025-12-22T13:13:40Z,0,0,0,Charge 6
2025-12-22T13:13:41Z,0,0,0,Charge 6
2025-12-22T13:13:42Z,0,0,0,Charge 6
2025-12-22T13:13:43Z,0,0,0,Charge 6
2025-12-22T13:13:44Z,0,0,0,Charge 6
2025-12-22T13:13:45Z,0,0,0,Charge 6
2025-12-22T13:13:46Z,0,0,0,Charge 6
2025-12-22T13:13:47Z,0,0,0,Charge 6
2025-12-22T13:13:48Z,0,0,0,Charge 6
2025-12-22T13:13:49Z,0,0,0,Charge 6
2025-12-22T13:13:50Z,0,0,0,Charge 6
2025-12-22T13:13:51Z,0,0,0,Charge 6
2025-12-22T13:13:52Z,1,0,0,Charge 6
2025-12-22T13:13:53Z,1,0,0,Charge 6
2025-12-22T13:13:54Z,3,0,0,Charge 6
2025-12-22T13:13:55Z,1,0,0,Charge 6
2025-12-22T13:13:56Z,2,140,0,Charge 6
2025-12-22T13:13:57Z,1,290,0,Charge 6
2025-12-22T13:13:58Z,1,430,0,Charge 6
2025-12-22T13:13:59Z,1,570,0,Charge 6
2025-12-22T13:14:00Z,1,730,0,Charge 6
2025-12-22T13:14:01Z,0,690,0,Charge 6
2025-12-22T13:14:02Z,0,620,0,Charge 6
2025-12-22T13:14:03Z,0,0,0,Charge 6
2025-12-22T13:14:04Z,0,0,0,Charge 6
2025-12-22T13:14:05Z,0,0,0,Charge 6
2025-12-22T13:14:06Z,0,0,0,Charge 6
2025-12-22T13:14:07Z,0,0,0,Charge 6
2025-12-22T13:14:08Z,0,0,0,Charge 6
2025-12-22T13:14:09Z,0,0,0,Charge 6
2025-12-22T13:14:10Z,0,0,0,Charge 6
2025-12-22T13:14:11Z,0,0,0,Charge 6
2025-12-22T13:14:12Z,1,0,0,Charge 6
2025-12-22T13:14:13Z,0,0,0,Charge 6
2025-12-22T13:14:14Z,2,0,0,Charge 6
2025-12-22T13:14:15Z,1,0,0,Charge 6
2025-12-22T13:14:16Z,1,0,0,Charge 6
2025-12-22T13:14:17Z,0,0,0,Charge 6
2025-12-22T13:14:18Z,1,0,0,Charge 6
2025-12-22T13:14:19Z,1,0,0,Charge 6
2025-12-22T13:14:20Z,1,0,0,Charge 6
2025-12-22T13:14:21Z,1,140,0,Charge 6
2025-12-22T13:14:22Z,2,320,0,Charge 6
2025-12-22T13:26:03Z,0,0,0,Charge 6
2025-12-22T13:26:04Z,0,0,0,Charge 6
2025-12-22T13:26:05Z,0,0,0,Charge 6
2025-12-22T13:26:06Z,0,0,0,Charge 6
2025-12-22T13:26:07Z,0,0,0,Charge 6
2025-12-22T13:26:08Z,0,0,0,Charge 6
2025-12-22T13:26:09Z,0,0,0,Charge 6
2025-12-22T13:26:10Z,0,0,0,Charge 6
2025-12-22T13:26:11Z,0,0,0,Charge 6
2025-12-22T13:26:12Z,0,0,0,Charge 6
2025-12-22T13:26:13Z,0,0,0,Charge 6
2025-12-22T13:26:14Z,0,0,0,Charge 6
2025-12-22T13:26:15Z,0,0,0,Charge 6
2025-12-22T13:26:16Z,0,0,0,Charge 6
2025-12-22T13:26:17Z,1,0,0,Charge 6
2025-12-22T13:26:18Z,1,0,0,Charge 6
2025-12-22T13:26:19Z,0,0,0,Charge 6
2025-12-22T13:26:20Z,1,0,0,Charge 6
2025-12-22T13:26:21Z,3,0,0,Charge 6
2025-12-22T13:26:22Z,2,0,0,Charge 6
2025-12-22T13:26:23Z,2,0,0,Charge 6
2025-12-22T13:26:24Z,1,0,0,Charge 6
2025-12-22T13:26:25Z,1,0,0,Charge 6
2025-12-22T13:26:26Z,1,0,0,Charge 6
2025-12-22T13:26:27Z,3,120,0,Charge 6
2025-12-22T13:26:28Z,1,260,0,Charge 6
2025-12-22T13:26:29Z,1,400,0,Charge 6
2025-12-22T13:26:30Z,2,560,0,Charge 6
2025-12-22T13:26:31Z,3,790,0,Charge 6
2025-12-22T13:26:32Z,0,830,0,Charge 6
2025-12-22T13:26:33Z,0,830,0,Charge 6
2025-12-22T13:26:34Z,0,790,0,Charge 6
2025-12-22T13:26:35Z,0,690,0,Charge 6
2025-12-22T13:26:36Z,0,0,0,Charge 6
2025-12-22T13:26:37Z,0,0,0,Charge 6
2025-12-22T13:26:38Z,0,0,0,Charge 6
2025-12-22T13:26:39Z,0,0,0,Charge 6
2025-12-22T13:26:40Z,0,0,0,Charge 6
2025-12-22T13:26:41Z,0,0,0,Charge 6
2025-12-22T13:26:42Z,0,0,0,Charge 6
2025-12-22T13:26:43Z,0,0,0,Charge 6
2025-12-22T13:26:44Z,0,0,0,Charge 6
2025-12-22T13:26:45Z,0,0,0,Charge 6
2025-12-22T13:26:46Z,0,0,0,Charge 6
2025-12-22T13:26:47Z,0,0,0,Charge 6
2025-12-22T13:26:48Z,0,0,0,Charge 6
2025-12-22T13:26:49Z,0,0,0,Charge 6
2025-12-22T13:26:50Z,0,0,0,Charge 6
2025-12-22T13:26:51Z,0,0,0,Charge 6
2025-12-22T13:26:52Z,0,0,0,Charge 6
2025-12-22T13:26:53Z,0,0,0,Charge 6
2025-12-22T13:26:54Z,0,0,0,Charge 6
2025-12-22T13:26:55Z,0,0,0,Charge 6
2025-12-22T13:26:56Z,0,0,0,Charge 6
2025-12-22T13:26:57Z,0,0,0,Charge 6
2025-12-22T13:26:58Z,0,0,0,Charge 6
2025-12-22T13:26:59Z,0,0,0,Charge 6
2025-12-22T13:27:00Z,0,0,0,Charge 6
2025-12-22T13:27:01Z,0,0,0,Charge 6
2025-12-22T13:27:02Z,0,0,0,Charge 6
2025-12-22T13:27:03Z,0,0,0,Charge 6
2025-12-22T13:27:04Z,0,0,0,Charge 6
2025-12-22T13:27:05Z,0,0,0,Charge 6
2025-12-22T13:27:06Z,0,0,0,Charge 6
2025-12-22T13:27:07Z,0,0,0,Charge 6
2025-12-22T13:27:08Z,0,0,0,Charge 6
2025-12-22T13:27:09Z,0,0,0,Charge 6
2025-12-22T13:27:10Z,0,0,0,Charge 6
2025-12-22T13:27:11Z,0,0,0,Charge 6
2025-12-22T13:27:12Z,0,0,0,Charge 6
2025-12-22T13:27:13Z,0,0,0,Charge 6
2025-12-22T13:27:14Z,0,0,0,Charge 6
2025-12-22T13:27:15Z,0,0,0,Charge 6
2025-12-22T13:27:16Z,0,0,0,Charge 6
2025-12-22T13:27:17Z,0,0,0,Charge 6
2025-12-22T13:27:18Z,0,0,0,Charge 6
2025-12-22T13:27:19Z,2,0,0,Charge 6
2025-12-22T13:27:20Z,2,0,0,Charge 6
2025-12-22T13:27:21Z,0,0,0,Charge 6
2025-12-22T13:27:22Z,0,0,0,Charge 6
2025-12-22T13:27:23Z,0,0,0,Charge 6
2025-12-22T13:27:24Z,0,0,0,Charge 6
2025-12-22T13:27:25Z,0,0,0,Charge 6
2025-12-22T13:27:26Z,0,0,0,Charge 6
2025-12-22T13:27:27Z,0,0,0,Charge 6
2025-12-22T13:27:28Z,0,0,0,Charge 6
2025-12-22T13:27:29Z,0,0,0,Charge 6
2025-12-22T13:27:30Z,0,0,0,Charge 6
2025-12-22T13:27:31Z,0,0,0,Charge 6
2025-12-22T13:27:32Z,0,0,0,Charge 6
2025-12-22T13:27:33Z,0,0,0,Charge 6
2025-12-22T13:27:34Z,0,0,0,Charge 6
2025-12-22T13:27:35Z,0,0,0,Charge 6
2025-12-22T13:27:36Z,0,0,0,Charge 6
2025-12-22T13:27:37Z,0,0,0,Charge 6
2025-12-22T13:27:38Z,0,0,0,Charge 6
2025-12-22T13:27:39Z,0,0,0,Charge 6
2025-12-22T13:27:40Z,0,0,0,Charge 6
2025-12-22T13:27:41Z,0,0,0,Charge 6
2025-12-22T13:27:42Z,0,0,0,Charge 6
2025-12-22T13:27:43Z,0,0,0,Charge 6
2025-12-22T13:27:44Z,0,0,0,Charge 6
2025-12-22T13:27:45Z,0,0,0,Charge 6
2025-12-22T13:27:46Z,0,0,0,Charge 6
2025-12-22T13:27:47Z,0,0,0,Charge 6
2025-12-22T13:27:48Z,0,0,0,Charge 6
2025-12-22T13:27:49Z,0,0,0,Charge 6
2025-12-22T13:27:50Z,0,0,0,Charge 6
2025-12-22T13:27:51Z,0,0,0,Charge 6
2025-12-22T13:27:52Z,0,0,0,Charge 6
2025-12-22T13:27:53Z,0,0,0,Charge 6
2025-12-22T13:27:54Z,0,0,0,Charge 6
2025-12-22T13:27:55Z,0,0,0,Charge 6
2025-12-22T13:27:56Z,0,0,0,Charge 6
2025-12-22T13:27:57Z,0,0,0,Charge 6
2025-12-22T13:27:58Z,0,0,0,Charge 6
2025-12-22T13:27:59Z,0,0,0,Charge 6
2025-12-22T13:28:00Z,0,0,0,Charge 6
2025-12-22T13:28:01Z,0,0,0,Charge 6
2025-12-22T13:28:02Z,0,0,0,Charge 6
2025-12-22T13:28:03Z,0,0,0,Charge 6
2025-12-22T13:28:04Z,0,0,0,Charge 6
2025-12-22T13:28:05Z,0,0,0,Charge 6
2025-12-22T13:28:06Z,0,0,0,Charge 6
2025-12-22T13:28:07Z,0,0,0,Charge 6
2025-12-22T13:28:08Z,1,0,0,Charge 6
2025-12-22T13:28:09Z,1,0,0,Charge 6
2025-12-22T13:28:10Z,2,0,0,Charge 6
2025-12-22T13:28:11Z,1,0,0,Charge 6
2025-12-22T13:28:12Z,1,0,0,Charge 6
2025-12-22T13:28:13Z,2,0,0,Charge 6
2025-12-22T13:28:14Z,1,0,0,Charge 6
2025-12-22T13:28:15Z,2,0,0,Charge 6
2025-12-22T13:28:16Z,2,0,0,Charge 6
2025-12-22T13:28:17Z,0,0,0,Charge 6
2025-12-22T13:28:18Z,2,140,0,Charge 6
2025-12-22T13:28:19Z,0,250,0,Charge 6
2025-12-22T13:28:20Z,0,340,0,Charge 6
2025-12-22T13:28:21Z,0,390,0,Charge 6
2025-12-22T13:28:22Z,0,440,0,Charge 6
2025-12-22T13:28:23Z,0,0,0,Charge 6
2025-12-22T13:28:24Z,0,0,0,Charge 6
2025-12-22T13:28:25Z,1,0,0,Charge 6
2025-12-22T13:28:26Z,2,0,0,Charge 6
2025-12-22T13:28:27Z,0,0,0,Charge 6
2025-12-22T13:28:28Z,3,0,0,Charge 6
2025-12-22T13:28:29Z,0,0,0,Charge 6
2025-12-22T13:28:30Z,1,140,0,Charge 6
2025-12-22T13:28:31Z,0,250,0,Charge 6
2025-12-22T13:28:32Z,0,330,0,Charge 6
2025-12-22T13:28:33Z,0,390,0,Charge 6
2025-12-22T13:28:34Z,0,440,0,Charge 6
2025-12-22T13:28:35Z,0,0,0,Charge 6
2025-12-22T13:28:36Z,0,0,0,Charge 6
2025-12-22T13:28:37Z,0,0,0,Charge 6
2025-12-22T13:28:38Z,0,0,0,Charge 6
2025-12-22T13:28:39Z,0,0,0,Charge 6
2025-12-22T13:28:40Z,0,0,0,Charge 6
2025-12-22T13:28:41Z,0,0,0,Charge 6
2025-12-22T13:28:42Z,0,0,0,Charge 6
2025-12-22T13:28:43Z,0,0,0,Charge 6
2025-12-22T13:28:44Z,0,0,0,Charge 6
2025-12-22T13:28:45Z,2,0,0,Charge 6
2025-12-22T13:28:46Z,1,0,0,Charge 6
2025-12-22T13:28:47Z,1,0,0,Charge 6
2025-12-22T13:28:48Z,1,0,0,Charge 6
2025-12-22T13:28:49Z,2,140,0,Charge 6
2025-12-22T13:28:50Z,0,250,0,Charge 6
2025-12-22T13:28:51Z,1,370,0,Charge 6
2025-12-22T13:28:52Z,0,460,0,Charge 6
2025-12-22T13:28:53Z,0,520,0,Charge 6
2025-12-22T13:28:54Z,0,0,0,Charge 6
2025-12-22T13:28:55Z,0,0,0,Charge 6
2025-12-22T13:28:56Z,0,0,0,Charge 6
2025-12-22T13:28:57Z,0,0,0,Charge 6
2025-12-22T13:28:58Z,0,0,0,Charge 6
2025-12-22T13:29:00Z,0,0,0,Charge 6
2025-12-22T13:29:01Z,0,0,0,Charge 6
2025-12-22T13:29:02Z,0,0,0,Charge 6
2025-12-22T13:29:03Z,0,0,0,Charge 6
2025-12-22T13:29:04Z,0,0,0,Charge 6
2025-12-22T13:29:05Z,0,0,0,Charge 6
2025-12-22T13:29:06Z,0,0,0,Charge 6
2025-12-22T13:29:07Z,0,0,0,Charge 6
2025-12-22T13:29:08Z,0,0,0,Charge 6
2025-12-22T13:29:09Z,0,0,0,Charge 6
2025-12-22T13:29:10Z,0,0,0,Charge 6
2025-12-22T13:29:11Z,0,0,0,Charge 6
2025-12-22T13:29:12Z,0,0,0,Charge 6
2025-12-22T13:29:13Z,0,0,0,Charge 6
2025-12-22T13:29:14Z,0,0,0,Charge 6
2025-12-22T13:29:15Z,0,0,0,Charge 6
2025-12-22T13:29:16Z,0,0,0,Charge 6
2025-12-22T13:29:17Z,0,0,0,Charge 6
2025-12-22T13:29:18Z,0,0,0,Charge 6
2025-12-22T13:29:19Z,0,0,0,Charge 6
2025-12-22T13:29:20Z,0,0,0,Charge 6
2025-12-22T13:29:21Z,0,0,0,Charge 6
2025-12-22T13:29:22Z,0,0,0,Charge 6
2025-12-22T13:29:23Z,0,0,0,Charge 6
2025-12-22T13:29:24Z,0,0,0,Charge 6
2025-12-22T13:29:25Z,0,0,0,Charge 6
2025-12-22T13:29:26Z,0,0,0,Charge 6
2025-12-22T13:29:27Z,0,0,0,Charge 6
2025-12-22T13:29:28Z,0,0,0,Charge 6
2025-12-22T13:29:29Z,0,0,0,Charge 6
2025-12-22T13:29:30Z,0,0,0,Charge 6
2025-12-22T13:29:31Z,0,0,0,Charge 6
2025-12-22T13:29:32Z,0,0,0,Charge 6
2025-12-22T13:29:33Z,0,0,0,Charge 6
2025-12-22T13:29:34Z,0,0,0,Charge 6
2025-12-22T13:29:35Z,0,0,0,Charge 6
2025-12-22T13:29:36Z,0,0,0,Charge 6
2025-12-22T13:29:37Z,0,0,0,Charge 6
2025-12-22T13:29:38Z,0,0,0,Charge 6
2025-12-22T13:29:39Z,0,0,0,Charge 6
2025-12-22T13:29:40Z,0,0,0,Charge 6
2025-12-22T13:29:41Z,0,0,0,Charge 6
2025-12-22T13:29:42Z,0,0,0,Charge 6
2025-12-22T13:29:43Z,0,0,0,Charge 6
2025-12-22T13:29:44Z,0,0,0,Charge 6
2025-12-22T13:29:45Z,0,0,0,Charge 6
2025-12-22T13:29:46Z,0,0,0,Charge 6
2025-12-22T13:29:47Z,0,0,0,Charge 6
2025-12-22T13:29:48Z,0,0,0,Charge 6
2025-12-22T13:29:49Z,0,0,0,Charge 6
2025-12-22T13:29:50Z,0,0,0,Charge 6
2025-12-22T13:29:51Z,0,0,0,Charge 6
2025-12-22T13:29:52Z,0,0,0,Charge 6
2025-12-22T13:29:53Z,0,0,0,Charge 6
2025-12-22T13:29:54Z,0,0,0,Charge 6
2025-12-22T13:29:55Z,0,0,0,Charge 6
2025-12-22T13:29:56Z,0,0,0,Charge 6
2025-12-22T13:29:57Z,0,0,0,Charge 6
2025-12-22T13:29:58Z,0,0,0,Charge 6
2025-12-22T13:29:59Z,0,0,0,Charge 6
2025-12-22T13:30:00Z,0,0,0,Charge 6
2025-12-22T13:30:01Z,0,0,0,Charge 6
2025-12-22T13:30:02Z,0,0,0,Charge 6
2025-12-22T13:30:03Z,0,0,0,Charge 6
2025-12-22T13:30:04Z,0,0,0,Charge 6
2025-12-22T13:30:05Z,0,0,0,Charge 6
2025-12-22T13:30:06Z,0,0,0,Charge 6
2025-12-22T13:30:07Z,0,0,0,Charge 6
2025-12-22T13:30:08Z,0,0,0,Charge 6
2025-12-22T13:30:09Z,0,0,0,Charge 6
2025-12-22T13:30:10Z,0,0,0,Charge 6
2025-12-22T13:30:11Z,0,0,0,Charge 6
2025-12-22T13:30:12Z,0,0,0,Charge 6
2025-12-22T13:30:13Z,0,0,0,Charge 6
2025-12-22T13:30:14Z,0,0,0,Charge 6
2025-12-22T13:30:15Z,0,0,0,Charge 6
2025-12-22T13:30:16Z,0,0,0,Charge 6
2025-12-22T13:30:17Z,0,0,0,Charge 6
2025-12-22T13:30:18Z,0,0,0,Charge 6
2025-12-22T13:30:19Z,0,0,0,Charge 6
2025-12-22T13:30:20Z,0,0,0,Charge 6
2025-12-22T13:30:21Z,0,0,0,Charge 6
2025-12-22T13:30:22Z,0,0,0,Charge 6
2025-12-22T13:30:23Z,0,0,0,Charge 6
2025-12-22T13:30:24Z,0,0,0,Charge 6
2025-12-22T13:30:25Z,0,0,0,Charge 6
2025-12-22T13:30:26Z,0,0,0,Charge 6
2025-12-22T13:30:27Z,0,0,0,Charge 6
2025-12-22T13:30:28Z,0,0,0,Charge 6
2025-12-22T13:30:29Z,0,0,0,Charge 6
2025-12-22T13:30:30Z,0,0,0,Charge 6
2025-12-22T13:30:31Z,0,0,0,Charge 6
2025-12-22T13:30:32Z,0,0,0,Charge 6
2025-12-22T13:30:33Z,0,0,0,Charge 6
2025-12-22T13:30:34Z,0,0,0,Charge 6
2025-12-22T13:30:35Z,0,0,0,Charge 6
2025-12-22T13:30:36Z,0,0,0,Charge 6
2025-12-22T13:30:37Z,0,0,0,Charge 6
2025-12-22T13:30:38Z,0,0,0,Charge 6
2025-12-22T13:30:39Z,0,0,0,Charge 6
2025-12-22T13:30:40Z,2,0,0,Charge 6
2025-12-22T13:30:41Z,2,0,0,Charge 6
2025-12-22T13:30:42Z,0,0,0,Charge 6
2025-12-22T13:30:43Z,0,0,0,Charge 6
2025-12-22T13:30:44Z,0,0,0,Charge 6
2025-12-22T13:30:45Z,0,0,0,Charge 6
2025-12-22T13:30:46Z,0,0,0,Charge 6
2025-12-22T13:30:47Z,0,0,0,Charge 6
2025-12-22T13:30:48Z,0,0,0,Charge 6
2025-12-22T13:30:49Z,0,0,0,Charge 6
2025-12-22T13:30:50Z,0,0,0,Charge 6
2025-12-22T13:30:51Z,0,0,0,Charge 6
2025-12-22T13:30:52Z,0,0,0,Charge 6
2025-12-22T13:30:53Z,0,0,0,Charge 6
2025-12-22T13:30:54Z,0,0,0,Charge 6
2025-12-22T13:30:55Z,0,0,0,Charge 6
2025-12-22T13:30:56Z,0,0,0,Charge 6
2025-12-22T13:30:57Z,0,0,0,Charge 6
2025-12-22T13:30:58Z,0,0,0,Charge 6
2025-12-22T13:30:59Z,0,0,0,Charge 6
2025-12-22T13:31:00Z,0,0,0,Charge 6
2025-12-22T13:31:01Z,0,0,0,Charge 6
2025-12-22T13:31:02Z,0,0,0,Charge 6
2025-12-22T13:31:03Z,0,0,0,Charge 6
2025-12-22T13:31:04Z,0,0,0,Charge 6
2025-12-22T13:31:05Z,0,0,0,Charge 6
2025-12-22T13:31:06Z,0,0,0,Charge 6
2025-12-22T13:31:07Z,0,0,0,Charge 6
2025-12-22T14:40:17Z,0,0,0,Charge 6
2025-12-22T14:40:18Z,2,0,0,Charge 6
2025-12-22T14:40:19Z,1,0,0,Charge 6
2025-12-22T14:40:20Z,2,110,0,Charge 6
2025-12-22T14:40:21Z,1,230,0,Charge 6
2025-12-22T14:40:22Z,0,310,0,Charge 6
2025-12-22T14:40:23Z,1,410,0,Charge 6
2025-12-22T14:40:24Z,2,550,0,Charge 6
2025-12-22T14:40:25Z,1,560,0,Charge 6
2025-12-22T14:40:26Z,1,580,0,Charge 6
2025-12-22T14:40:27Z,2,650,0,Charge 6
2025-12-22T14:40:28Z,1,700,0,Charge 6
2025-12-22T14:40:29Z,2,750,0,Charge 6
2025-12-22T14:40:30Z,1,790,0,Charge 6
2025-12-22T14:40:31Z,1,980,0,Charge 6
2025-12-22T14:40:32Z,2,1000,0,Charge 6
2025-12-22T14:40:33Z,1,1020,0,Charge 6
2025-12-22T14:40:34Z,1,1010,0,Charge 6
2025-12-22T14:40:35Z,1,1020,0,Charge 6
2025-12-22T14:40:36Z,1,1000,0,Charge 6
2025-12-22T14:40:37Z,2,1010,0,Charge 6
2025-12-22T14:40:38Z,1,1010,0,Charge 6
2025-12-22T14:40:39Z,1,1000,0,Charge 6
2025-12-22T14:40:40Z,1,1000,0,Charge 6
2025-12-22T14:40:41Z,1,1000,0,Charge 6
2025-12-22T14:40:42Z,2,990,0,Charge 6
2025-12-22T14:40:43Z,0,990,0,Charge 6
2025-12-22T14:40:44Z,1,990,0,Charge 6
2025-12-22T14:40:45Z,2,980,0,Charge 6
2025-12-22T14:40:46Z,1,990,0,Charge 6
2025-12-22T14:40:47Z,2,970,0,Charge 6
2025-12-22T14:40:48Z,1,1000,0,Charge 6
2025-12-22T14:40:49Z,0,1000,0,Charge 6
2025-12-22T14:40:50Z,1,1000,0,Charge 6
2025-12-22T14:40:51Z,1,980,0,Charge 6
2025-12-22T14:40:52Z,1,890,0,Charge 6
2025-12-22T14:40:53Z,1,740,0,Charge 6
2025-12-22T14:40:54Z,0,680,0,Charge 6
2025-12-22T14:40:55Z,0,620,0,Charge 6
2025-12-22T14:40:56Z,0,0,0,Charge 6
2025-12-22T14:40:57Z,0,0,0,Charge 6
2025-12-22T14:40:58Z,0,0,0,Charge 6
2025-12-22T14:40:59Z,0,0,0,Charge 6
2025-12-22T14:41:00Z,0,0,0,Charge 6
2025-12-22T14:41:01Z,0,0,0,Charge 6
2025-12-22T14:41:02Z,0,0,0,Charge 6
2025-12-22T14:41:03Z,0,0,0,Charge 6
2025-12-22T14:41:04Z,0,0,0,Charge 6
2025-12-22T14:41:05Z,1,0,0,Charge 6
2025-12-22T14:41:06Z,0,0,0,Charge 6
2025-12-22T14:41:07Z,0,0,0,Charge 6
2025-12-22T14:41:08Z,1,0,0,Charge 6
2025-12-22T14:41:09Z,1,0,0,Charge 6
2025-12-22T14:41:10Z,2,0,0,Charge 6
2025-12-22T14:41:11Z,2,130,0,Charge 6
2025-12-22T14:41:12Z,1,280,0,Charge 6
2025-12-22T14:41:13Z,2,460,0,Charge 6
2025-12-22T14:41:14Z,2,650,0,Charge 6
2025-12-22T14:41:15Z,2,890,0,Charge 6
2025-12-22T14:41:16Z,1,940,0,Charge 6
2025-12-22T14:41:17Z,2,1030,0,Charge 6
2025-12-22T14:41:18Z,2,1080,0,Charge 6
2025-12-22T14:41:19Z,1,1100,0,Charge 6
2025-12-22T14:41:20Z,2,1110,0,Charge 6
2025-12-22T14:41:21Z,2,1240,0,Charge 6
2025-12-22T14:41:22Z,2,1260,0,Charge 6
2025-12-22T14:41:23Z,1,1250,0,Charge 6
2025-12-22T14:41:24Z,1,1240,0,Charge 6
2025-12-22T14:41:25Z,1,1250,0,Charge 6
2025-12-22T14:41:26Z,1,1230,0,Charge 6
2025-12-22T14:41:27Z,0,1080,0,Charge 6
2025-12-22T14:41:28Z,0,920,0,Charge 6
2025-12-22T14:41:29Z,0,0,0,Charge 6
2025-12-22T14:41:30Z,0,0,0,Charge 6
2025-12-22T14:41:31Z,0,0,0,Charge 6
2025-12-22T14:41:32Z,0,0,0,Charge 6
2025-12-22T14:41:33Z,0,0,0,Charge 6
2025-12-22T14:41:34Z,0,0,0,Charge 6
2025-12-22T14:41:35Z,0,0,0,Charge 6
2025-12-22T14:41:36Z,0,0,0,Charge 6
2025-12-22T14:41:37Z,0,0,0,Charge 6
2025-12-22T14:41:38Z,0,0,0,Charge 6
2025-12-22T14:41:39Z,0,0,0,Charge 6
2025-12-22T14:41:40Z,1,0,0,Charge 6
2025-12-22T14:41:41Z,1,0,0,Charge 6
2025-12-22T14:41:42Z,2,0,0,Charge 6
2025-12-22T14:41:43Z,1,0,0,Charge 6
2025-12-22T14:41:44Z,2,140,0,Charge 6
2025-12-22T14:41:45Z,1,280,0,Charge 6
2025-12-22T14:41:46Z,1,430,0,Charge 6
2025-12-22T14:41:47Z,1,580,0,Charge 6
2025-12-22T14:41:48Z,2,760,0,Charge 6
2025-12-22T14:41:49Z,1,780,0,Charge 6
2025-12-22T14:41:50Z,2,840,0,Charge 6
2025-12-22T14:41:51Z,1,880,0,Charge 6
2025-12-22T14:41:52Z,2,950,0,Charge 6
2025-12-22T14:41:53Z,1,970,0,Charge 6
2025-12-22T14:41:54Z,2,1060,0,Charge 6
2025-12-22T14:41:55Z,2,1100,0,Charge 6
2025-12-22T14:41:56Z,2,1100,0,Charge 6
2025-12-22T14:41:57Z,0,1100,0,Charge 6
2025-12-22T14:41:58Z,1,1080,0,Charge 6
2025-12-22T14:41:59Z,2,1080,0,Charge 6
2025-12-22T14:42:00Z,1,1080,0,Charge 6
2025-12-22T14:42:01Z,2,1070,0,Charge 6
2025-12-22T14:42:02Z,1,1070,0,Charge 6
2025-12-22T14:42:03Z,2,1110,0,Charge 6
2025-12-22T14:42:04Z,1,1110,0,Charge 6
2025-12-22T14:42:05Z,0,1100,0,Charge 6
2025-12-22T14:42:06Z,1,980,0,Charge 6
2025-12-22T14:42:07Z,1,0,0,Charge 6
2025-12-22T14:42:08Z,2,0,0,Charge 6
2025-12-22T14:42:09Z,2,1340,0,Charge 6
2025-12-22T14:42:10Z,1,560,0,Charge 6
2025-12-22T14:42:11Z,1,630,0,Charge 6
2025-12-22T14:42:12Z,2,760,0,Charge 6
2025-12-22T14:42:13Z,1,900,0,Charge 6
2025-12-22T14:42:14Z,2,930,0,Charge 6
2025-12-22T14:42:15Z,1,950,0,Charge 6
2025-12-22T14:42:16Z,2,1000,0,Charge 6
2025-12-22T14:42:17Z,1,1000,0,Charge 6
2025-12-22T14:42:18Z,1,1010,0,Charge 6
2025-12-22T14:42:19Z,0,980,0,Charge 6
2025-12-22T14:42:20Z,1,980,0,Charge 6
2025-12-22T14:42:21Z,1,880,0,Charge 6
2025-12-22T14:42:22Z,2,810,0,Charge 6
2025-12-22T14:42:23Z,1,790,0,Charge 6
2025-12-22T14:42:24Z,0,770,0,Charge 6
2025-12-22T14:42:25Z,0,730,0,Charge 6
2025-12-22T14:42:26Z,1,650,0,Charge 6
2025-12-22T14:42:27Z,1,0,0,Charge 6
2025-12-22T14:42:28Z,1,0,0,Charge 6
2025-12-22T14:42:29Z,2,0,0,Charge 6
2025-12-22T14:42:30Z,1,0,0,Charge 6
2025-12-22T14:42:31Z,1,180,0,Charge 6
2025-12-22T14:42:32Z,1,310,0,Charge 6
2025-12-22T14:42:33Z,1,450,0,Charge 6
2025-12-22T14:42:34Z,0,560,0,Charge 6
2025-12-22T14:42:35Z,2,700,0,Charge 6
2025-12-22T14:42:36Z,2,750,0,Charge 6
2025-12-22T14:42:37Z,1,780,0,Charge 6
2025-12-22T14:42:38Z,1,790,0,Charge 6
2025-12-22T14:42:39Z,2,890,0,Charge 6
2025-12-22T14:42:40Z,0,890,0,Charge 6
2025-12-22T14:42:41Z,1,840,0,Charge 6
2025-12-22T14:42:42Z,1,810,0,Charge 6
2025-12-22T14:42:43Z,2,830,0,Charge 6
2025-12-22T14:42:44Z,1,800,0,Charge 6
2025-12-22T14:42:45Z,1,820,0,Charge 6
2025-12-22T14:42:46Z,1,830,0,Charge 6
2025-12-22T14:42:47Z,0,800,0,Charge 6
2025-12-22T14:42:48Z,2,780,0,Charge 6
2025-12-22T14:42:49Z,2,810,0,Charge 6
2025-12-22T14:42:50Z,1,820,0,Charge 6
2025-12-22T14:42:51Z,0,790,0,Charge 6
2025-12-22T14:42:52Z,1,780,0,Charge 6
2025-12-22T14:42:53Z,1,0,0,Charge 6
2025-12-22T14:42:54Z,2,0,0,Charge 6
2025-12-22T14:42:55Z,1,0,0,Charge 6
2025-12-22T14:42:56Z,0,0,0,Charge 6
2025-12-22T14:42:57Z,2,900,0,Charge 6
2025-12-22T14:42:58Z,0,320,0,Charge 6
2025-12-22T14:42:59Z,2,440,0,Charge 6
2025-12-22T14:43:00Z,2,630,0,Charge 6
2025-12-22T14:43:01Z,2,820,0,Charge 6
2025-12-22T14:43:02Z,1,880,0,Charge 6
2025-12-22T14:43:03Z,2,980,0,Charge 6
2025-12-22T14:43:04Z,1,1030,0,Charge 6
2025-12-22T14:43:05Z,1,1020,0,Charge 6
2025-12-22T14:43:06Z,1,990,0,Charge 6
2025-12-22T14:43:07Z,1,1030,0,Charge 6
2025-12-22T14:43:08Z,0,920,0,Charge 6
2025-12-22T14:43:09Z,0,760,0,Charge 6
2025-12-22T14:43:10Z,0,0,0,Charge 6
2025-12-22T14:43:11Z,0,0,0,Charge 6
2025-12-22T14:43:12Z,0,0,0,Charge 6
2025-12-22T14:43:13Z,0,0,0,Charge 6
2025-12-22T14:43:14Z,0,0,0,Charge 6
2025-12-22T14:43:15Z,0,0,0,Charge 6
2025-12-22T14:43:16Z,0,0,0,Charge 6
2025-12-22T14:43:17Z,0,0,0,Charge 6
2025-12-22T14:43:18Z,0,0,0,Charge 6
2025-12-22T14:43:19Z,0,0,0,Charge 6
2025-12-22T14:43:20Z,0,0,0,Charge 6
2025-12-22T14:43:21Z,0,0,0,Charge 6
2025-12-22T14:43:22Z,0,0,0,Charge 6
2025-12-22T14:43:23Z,0,0,0,Charge 6
2025-12-22T14:43:24Z,0,0,0,Charge 6
2025-12-22T14:43:25Z,0,0,0,Charge 6
2025-12-22T14:43:26Z,0,0,0,Charge 6
2025-12-22T14:43:27Z,0,0,0,Charge 6
2025-12-22T14:43:28Z,0,0,0,Charge 6
2025-12-22T14:43:29Z,0,0,0,Charge 6
2025-12-22T14:43:30Z,0,0,0,Charge 6
2025-12-22T14:43:31Z,0,0,0,Charge 6
2025-12-22T14:43:32Z,0,0,0,Charge 6
2025-12-22T14:43:33Z,0,0,0,Charge 6
2025-12-22T14:43:34Z,0,0,0,Charge 6
2025-12-22T14:43:35Z,2,0,0,Charge 6
2025-12-22T14:43:36Z,2,0,0,Charge 6
2025-12-22T14:43:37Z,0,0,0,Charge 6
2025-12-22T14:43:38Z,0,0,0,Charge 6
2025-12-22T14:43:39Z,0,0,0,Charge 6
2025-12-22T14:43:40Z,0,0,0,Charge 6
2025-12-22T14:43:41Z,0,0,0,Charge 6
2025-12-22T14:43:42Z,0,0,0,Charge 6
2025-12-22T14:43:43Z,0,0,0,Charge 6
2025-12-22T14:43:44Z,0,0,0,Charge 6
2025-12-22T14:43:45Z,0,0,0,Charge 6
2025-12-22T14:43:46Z,0,0,0,Charge 6
2025-12-22T14:43:47Z,0,0,0,Charge 6
2025-12-22T14:43:48Z,0,0,0,Charge 6
2025-12-22T14:43:49Z,0,0,0,Charge 6
2025-12-22T14:43:50Z,0,0,0,Charge 6
2025-12-22T14:43:51Z,0,0,0,Charge 6
2025-12-22T14:43:52Z,0,0,0,Charge 6
2025-12-22T14:43:53Z,0,0,0,Charge 6
2025-12-22T14:43:54Z,0,0,0,Charge 6
2025-12-22T14:43:55Z,0,0,0,Charge 6
2025-12-22T14:43:56Z,0,0,0,Charge 6
2025-12-22T14:43:57Z,0,0,0,Charge 6
2025-12-22T14:43:58Z,0,0,0,Charge 6
2025-12-22T14:43:59Z,0,0,0,Charge 6
2025-12-22T14:44:00Z,0,0,0,Charge 6
2025-12-22T14:44:01Z,0,0,0,Charge 6
2025-12-22T14:44:02Z,0,0,0,Charge 6
2025-12-22T14:44:03Z,0,0,0,Charge 6
2025-12-22T14:44:04Z,0,0,0,Charge 6
2025-12-22T14:44:05Z,0,0,0,Charge 6
2025-12-22T14:44:06Z,0,0,0,Charge 6
2025-12-22T14:44:07Z,0,0,0,Charge 6
2025-12-22T14:44:08Z,0,0,0,Charge 6
2025-12-22T14:44:09Z,0,0,0,Charge 6
2025-12-22T14:44:10Z,0,0,0,Charge 6
2025-12-22T14:44:11Z,0,0,0,Charge 6
2025-12-22T14:44:12Z,0,0,0,Charge 6
2025-12-22T14:44:13Z,0,0,0,Charge 6
2025-12-22T14:44:14Z,0,0,0,Charge 6
2025-12-22T14:44:15Z,0,0,0,Charge 6
2025-12-22T14:44:16Z,0,0,0,Charge 6
2025-12-22T14:44:17Z,0,0,0,Charge 6
2025-12-22T14:44:18Z,0,0,0,Charge 6
2025-12-22T14:44:19Z,0,0,0,Charge 6
2025-12-22T14:44:20Z,0,0,0,Charge 6
2025-12-22T14:44:21Z,0,0,0,Charge 6
2025-12-22T14:44:22Z,0,0,0,Charge 6
2025-12-22T14:44:23Z,0,0,0,Charge 6
2025-12-22T14:44:24Z,0,0,0,Charge 6
2025-12-22T14:44:25Z,0,0,0,Charge 6
2025-12-22T14:44:26Z,0,0,0,Charge 6
2025-12-22T14:44:27Z,0,0,0,Charge 6
2025-12-22T14:44:28Z,0,0,0,Charge 6
2025-12-22T14:44:29Z,0,0,0,Charge 6
2025-12-22T14:44:30Z,0,0,0,Charge 6
2025-12-22T14:44:31Z,0,0,0,Charge 6
2025-12-22T14:44:32Z,0,0,0,Charge 6
2025-12-22T14:44:33Z,0,0,0,Charge 6
2025-12-22T14:44:34Z,0,0,0,Charge 6
2025-12-22T14:44:35Z,0,0,0,Charge 6
2025-12-22T14:44:36Z,0,0,0,Charge 6
2025-12-22T14:44:37Z,0,0,0,Charge 6
2025-12-22T14:44:38Z,0,0,0,Charge 6
2025-12-22T14:44:39Z,0,0,0,Charge 6
2025-12-22T14:44:40Z,0,0,0,Charge 6
2025-12-22T14:44:41Z,0,0,0,Charge 6
2025-12-22T14:44:42Z,0,0,0,Charge 6
2025-12-22T14:44:43Z,0,0,0,Charge 6
2025-12-22T14:44:44Z,0,0,0,Charge 6
2025-12-22T14:44:45Z,0,0,0,Charge 6
2025-12-22T14:44:46Z,0,0,0,Charge 6
2025-12-22T14:44:47Z,0,0,0,Charge 6
2025-12-22T14:44:48Z,0,0,0,Charge 6
2025-12-22T14:44:49Z,0,0,0,Charge 6
2025-12-22T14:44:50Z,0,0,0,Charge 6
2025-12-22T14:44:51Z,0,0,0,Charge 6
2025-12-22T14:44:52Z,0,0,0,Charge 6
2025-12-22T14:44:53Z,0,0,0,Charge 6
2025-12-22T14:44:54Z,0,0,0,Charge 6
2025-12-22T14:44:55Z,0,0,0,Charge 6
2025-12-22T14:44:56Z,0,0,0,Charge 6
2025-12-22T14:44:57Z,0,0,0,Charge 6
2025-12-22T14:44:58Z,0,0,0,Charge 6
2025-12-22T14:44:59Z,0,0,0,Charge 6
2025-12-22T14:45:00Z,0,0,0,Charge 6
2025-12-22T14:45:01Z,0,0,0,Charge 6
2025-12-22T14:45:02Z,1,0,0,Charge 6
2025-12-22T14:45:03Z,0,0,0,Charge 6
2025-12-22T14:45:04Z,1,0,0,Charge 6
2025-12-22T14:45:05Z,1,0,0,Charge 6
2025-12-22T14:45:06Z,1,0,0,Charge 6
2025-12-22T14:45:07Z,0,0,0,Charge 6
2025-12-22T14:45:08Z,4,0,0,Charge 6
2025-12-22T14:45:09Z,0,0,0,Charge 6
2025-12-22T14:45:10Z,2,0,0,Charge 6
2025-12-22T14:45:11Z,0,0,0,Charge 6
2025-12-22T14:45:12Z,4,0,0,Charge 6
2025-12-22T14:45:13Z,0,0,0,Charge 6
2025-12-22T14:45:14Z,1,0,0,Charge 6
2025-12-22T14:45:15Z,2,0,0,Charge 6
2025-12-22T14:45:16Z,2,0,0,Charge 6
2025-12-22T14:45:17Z,1,0,0,Charge 6
2025-12-22T14:45:18Z,2,0,0,Charge 6
2025-12-22T14:45:19Z,1,0,0,Charge 6
2025-12-22T14:45:20Z,1,140,0,Charge 6
2025-12-22T14:45:21Z,0,250,0,Charge 6
2025-12-22T14:45:22Z,1,370,0,Charge 6
2025-12-22T14:45:23Z,1,490,0,Charge 6
2025-12-22T14:45:24Z,2,660,0,Charge 6
2025-12-22T14:45:25Z,0,640,0,Charge 6
2025-12-22T14:45:26Z,1,660,0,Charge 6
2025-12-22T14:45:27Z,0,640,0,Charge 6
2025-12-22T14:45:28Z,0,580,0,Charge 6
2025-12-22T14:45:29Z,0,0,0,Charge 6
2025-12-22T14:45:30Z,0,0,0,Charge 6
2025-12-22T14:45:31Z,0,0,0,Charge 6
2025-12-22T14:45:32Z,0,0,0,Charge 6
2025-12-22T14:45:33Z,0,0,0,Charge 6
2025-12-22T14:45:34Z,0,0,0,Charge 6
2025-12-22T14:45:35Z,0,0,0,Charge 6
2025-12-22T14:45:36Z,0,0,0,Charge 6
2025-12-22T14:45:37Z,0,0,0,Charge 6
2025-12-22T14:45:38Z,2,0,0,Charge 6
2025-12-22T14:45:39Z,1,0,0,Charge 6
2025-12-22T14:45:40Z,1,0,0,Charge 6
2025-12-22T14:45:41Z,1,0,0,Charge 6
2025-12-22T14:45:42Z,0,0,0,Charge 6
2025-12-22T14:45:43Z,1,0,0,Charge 6
2025-12-22T14:45:44Z,2,0,0,Charge 6
2025-12-22T14:45:45Z,2,140,0,Charge 6
2025-12-22T14:45:46Z,1,290,0,Charge 6
2025-12-22T14:45:47Z,0,400,0,Charge 6
2025-12-22T14:45:48Z,1,520,0,Charge 6
2025-12-22T14:45:49Z,2,670,0,Charge 6
2025-12-22T14:45:50Z,0,650,0,Charge 6
2025-12-22T14:45:51Z,2,660,0,Charge 6
2025-12-22T14:45:52Z,1,720,0,Charge 6
2025-12-22T14:45:53Z,1,760,0,Charge 6
2025-12-22T14:45:54Z,1,750,0,Charge 6
2025-12-22T14:45:55Z,0,740,0,Charge 6
2025-12-22T14:45:56Z,0,660,0,Charge 6
2025-12-22T14:45:57Z,0,0,0,Charge 6
2025-12-22T14:45:58Z,0,0,0,Charge 6
2025-12-22T14:45:59Z,0,0,0,Charge 6
2025-12-22T14:46:00Z,0,0,0,Charge 6
2025-12-22T14:46:01Z,0,0,0,Charge 6
2025-12-22T14:46:02Z,0,0,0,Charge 6
2025-12-22T14:46:03Z,0,0,0,Charge 6
2025-12-22T14:46:04Z,0,0,0,Charge 6
2025-12-22T14:46:05Z,0,0,0,Charge 6
2025-12-22T14:46:06Z,0,0,0,Charge 6
2025-12-22T14:46:07Z,0,0,0,Charge 6
2025-12-22T14:46:08Z,0,0,0,Charge 6
2025-12-22T14:46:09Z,0,0,0,Charge 6
2025-12-22T14:46:10Z,0,0,0,Charge 6
2025-12-22T14:46:11Z,0,0,0,Charge 6
2025-12-22T14:46:12Z,0,0,0,Charge 6
2025-12-22T14:46:13Z,0,0,0,Charge 6
2025-12-22T15:00:57Z,0,0,0,Charge 6
2025-12-22T15:00:58Z,2,0,0,Charge 6
2025-12-22T15:00:59Z,1,160,0,Charge 6
2025-12-22T15:01:00Z,2,260,0,Charge 6
2025-12-22T15:01:01Z,1,360,0,Charge 6
2025-12-22T15:01:02Z,2,510,0,Charge 6
2025-12-22T15:01:03Z,2,620,0,Charge 6
2025-12-22T15:01:04Z,2,730,0,Charge 6
2025-12-22T15:01:05Z,2,830,0,Charge 6
2025-12-22T15:01:06Z,1,900,0,Charge 6
2025-12-22T15:01:07Z,1,900,0,Charge 6
2025-12-22T15:01:08Z,2,950,0,Charge 6
2025-12-22T15:01:09Z,2,990,0,Charge 6
2025-12-22T15:01:10Z,2,1270,0,Charge 6
2025-12-22T15:01:11Z,0,1210,0,Charge 6
2025-12-22T15:01:12Z,0,2260,0,Charge 6
2025-12-22T15:01:13Z,0,0,0,Charge 6
2025-12-22T15:01:14Z,0,0,0,Charge 6
2025-12-22T15:01:15Z,0,0,0,Charge 6
2025-12-22T15:01:16Z,1,0,0,Charge 6
2025-12-22T15:01:17Z,2,0,0,Charge 6
2025-12-22T15:01:18Z,1,0,0,Charge 6
2025-12-22T15:01:19Z,2,150,0,Charge 6
2025-12-22T15:01:20Z,2,320,0,Charge 6
2025-12-22T15:01:21Z,2,500,0,Charge 6
2025-12-22T15:01:22Z,2,700,0,Charge 6
2025-12-22T15:01:23Z,1,890,0,Charge 6
2025-12-22T15:01:24Z,1,940,0,Charge 6
2025-12-22T15:01:25Z,2,970,0,Charge 6
2025-12-22T15:01:26Z,1,960,0,Charge 6
2025-12-22T15:01:27Z,2,960,0,Charge 6
2025-12-22T15:01:28Z,2,990,0,Charge 6
2025-12-22T15:01:29Z,2,1180,0,Charge 6
2025-12-22T15:01:30Z,2,1230,0,Charge 6
2025-12-22T15:01:31Z,2,1290,0,Charge 6
2025-12-22T15:01:32Z,1,1320,0,Charge 6
2025-12-22T15:01:33Z,2,1320,0,Charge 6
2025-12-22T15:01:34Z,2,1340,0,Charge 6
2025-12-22T15:01:35Z,2,1340,0,Charge 6
2025-12-22T15:01:36Z,2,1360,0,Charge 6
2025-12-22T15:01:37Z,2,1390,0,Charge 6
2025-12-22T15:01:38Z,2,1420,0,Charge 6
2025-12-22T15:01:39Z,2,1440,0,Charge 6
2025-12-22T15:01:40Z,2,1460,0,Charge 6
2025-12-22T15:01:41Z,2,1480,0,Charge 6
2025-12-22T15:01:42Z,1,1480,0,Charge 6
2025-12-22T15:01:43Z,2,1470,0,Charge 6
2025-12-22T15:01:44Z,2,1470,0,Charge 6
2025-12-22T15:01:45Z,1,1460,0,Charge 6
2025-12-22T15:01:46Z,0,1320,0,Charge 6
2025-12-22T15:01:47Z,0,1180,0,Charge 6
2025-12-22T15:01:48Z,1,1000,0,Charge 6
2025-12-22T15:01:49Z,2,0,0,Charge 6
2025-12-22T15:01:50Z,2,0,0,Charge 6
2025-12-22T15:01:51Z,2,330,0,Charge 6
2025-12-22T15:01:52Z,1,430,0,Charge 6
2025-12-22T15:01:53Z,2,560,0,Charge 6
2025-12-22T15:01:54Z,2,750,0,Charge 6
2025-12-22T15:01:55Z,2,940,0,Charge 6
2025-12-22T15:01:56Z,2,1030,0,Charge 6
2025-12-22T15:01:57Z,2,1110,0,Charge 6
2025-12-22T15:01:58Z,2,1200,0,Charge 6
2025-12-22T15:01:59Z,2,1250,0,Charge 6
2025-12-22T15:02:00Z,2,1290,0,Charge 6
2025-12-22T15:02:01Z,2,1420,0,Charge 6
2025-12-22T15:02:02Z,2,1440,0,Charge 6
2025-12-22T15:02:03Z,1,1450,0,Charge 6
2025-12-22T15:02:04Z,3,1460,0,Charge 6
2025-12-22T15:02:05Z,1,1460,0,Charge 6
2025-12-22T15:02:06Z,2,1450,0,Charge 6
2025-12-22T15:02:07Z,2,1460,0,Charge 6
2025-12-22T15:02:08Z,2,1470,0,Charge 6
2025-12-22T15:02:09Z,2,1460,0,Charge 6
2025-12-22T15:02:10Z,2,1470,0,Charge 6
2025-12-22T15:02:11Z,2,1470,0,Charge 6
2025-12-22T15:02:12Z,2,1470,0,Charge 6
2025-12-22T15:02:13Z,2,1470,0,Charge 6
2025-12-22T15:02:14Z,1,1470,0,Charge 6
2025-12-22T15:02:15Z,2,1470,0,Charge 6
2025-12-22T15:02:16Z,0,1360,0,Charge 6
2025-12-22T15:02:17Z,1,1250,0,Charge 6
2025-12-22T15:02:18Z,2,1170,0,Charge 6
2025-12-22T15:02:19Z,2,1140,0,Charge 6
2025-12-22T15:02:20Z,2,1120,0,Charge 6
2025-12-22T15:02:21Z,1,1120,0,Charge 6
2025-12-22T15:02:22Z,2,1130,0,Charge 6
2025-12-22T15:02:23Z,2,1130,0,Charge 6
2025-12-22T15:02:24Z,2,1140,0,Charge 6
2025-12-22T15:02:25Z,2,1150,0,Charge 6
2025-12-22T15:02:26Z,1,1150,0,Charge 6
2025-12-22T15:02:27Z,2,1150,0,Charge 6
2025-12-22T15:02:28Z,2,1170,0,Charge 6
2025-12-22T15:02:29Z,2,1160,0,Charge 6
2025-12-22T15:02:30Z,2,1170,0,Charge 6
2025-12-22T15:02:31Z,2,1260,0,Charge 6
2025-12-22T15:02:32Z,1,1260,0,Charge 6
2025-12-22T15:02:33Z,2,1260,0,Charge 6
2025-12-22T15:02:34Z,2,1270,0,Charge 6
2025-12-22T15:02:35Z,2,1270,0,Charge 6
2025-12-22T15:02:36Z,2,1270,0,Charge 6
2025-12-22T15:02:37Z,1,1270,0,Charge 6
2025-12-22T15:02:38Z,2,1280,0,Charge 6
2025-12-22T15:02:39Z,2,1280,0,Charge 6
2025-12-22T15:02:40Z,2,1280,0,Charge 6
2025-12-22T15:02:41Z,2,1280,0,Charge 6
2025-12-22T15:02:42Z,1,1280,0,Charge 6
2025-12-22T15:02:43Z,1,1280,0,Charge 6
2025-12-22T15:02:44Z,3,1280,0,Charge 6
2025-12-22T15:02:45Z,0,1230,0,Charge 6
2025-12-22T15:02:46Z,2,1190,0,Charge 6
2025-12-22T15:02:47Z,2,1110,0,Charge 6
2025-12-22T15:02:48Z,2,1110,0,Charge 6
2025-12-22T15:02:49Z,0,1030,0,Charge 6
2025-12-22T15:02:50Z,0,0,0,Charge 6
2025-12-22T15:02:51Z,0,0,0,Charge 6
2025-12-22T15:02:52Z,0,0,0,Charge 6
2025-12-22T15:02:53Z,0,0,0,Charge 6
2025-12-22T15:02:54Z,0,0,0,Charge 6
2025-12-22T15:02:55Z,0,0,0,Charge 6
2025-12-22T15:02:56Z,0,0,0,Charge 6
2025-12-22T15:02:57Z,0,0,0,Charge 6
2025-12-22T15:02:58Z,0,0,0,Charge 6
2025-12-22T15:02:59Z,0,0,0,Charge 6
2025-12-22T15:03:00Z,0,0,0,Charge 6
2025-12-22T15:03:01Z,0,0,0,Charge 6
2025-12-22T15:03:02Z,0,0,0,Charge 6
2025-12-22T15:03:03Z,0,0,0,Charge 6
2025-12-22T15:03:04Z,0,0,0,Charge 6
2025-12-22T15:03:05Z,0,0,0,Charge 6
2025-12-22T15:03:06Z,0,0,0,Charge 6
2025-12-22T15:03:07Z,0,0,0,Charge 6
2025-12-22T15:03:08Z,0,0,0,Charge 6
2025-12-22T15:03:09Z,0,0,0,Charge 6
2025-12-22T15:03:10Z,0,0,0,Charge 6
2025-12-22T15:03:11Z,0,0,0,Charge 6
2025-12-22T15:03:12Z,0,0,0,Charge 6
2025-12-22T15:03:13Z,0,0,0,Charge 6
2025-12-22T15:03:14Z,0,0,0,Charge 6
2025-12-22T15:03:15Z,0,0,0,Charge 6
2025-12-22T15:03:16Z,0,0,0,Charge 6
2025-12-22T15:03:17Z,0,0,0,Charge 6
2025-12-22T15:03:18Z,0,0,0,Charge 6
2025-12-22T15:03:19Z,0,0,0,Charge 6
2025-12-22T15:03:20Z,0,0,0,Charge 6
2025-12-22T15:03:21Z,0,0,0,Charge 6
2025-12-22T15:03:22Z,0,0,0,Charge 6
2025-12-22T15:03:23Z,0,0,0,Charge 6
2025-12-22T15:03:24Z,0,0,0,Charge 6
2025-12-22T15:03:25Z,0,0,0,Charge 6
2025-12-22T15:03:26Z,0,0,0,Charge 6
2025-12-22T15:03:27Z,0,0,0,Charge 6
2025-12-22T15:03:28Z,0,0,0,Charge 6
2025-12-22T15:03:29Z,0,0,0,Charge 6
2025-12-22T15:03:30Z,1,0,0,Charge 6
2025-12-22T15:03:31Z,1,0,0,Charge 6
2025-12-22T15:03:32Z,1,0,0,Charge 6
2025-12-22T15:03:33Z,0,0,0,Charge 6
2025-12-22T15:03:34Z,1,0,0,Charge 6
2025-12-22T15:03:35Z,1,0,0,Charge 6
2025-12-22T15:03:36Z,2,140,0,Charge 6
2025-12-22T15:03:37Z,1,290,0,Charge 6
2025-12-22T15:03:38Z,0,400,0,Charge 6
2025-12-22T15:03:39Z,0,470,0,Charge 6
2025-12-22T15:03:40Z,0,540,0,Charge 6
2025-12-22T15:03:41Z,0,0,0,Charge 6
2025-12-22T15:03:42Z,0,0,0,Charge 6
2025-12-22T15:03:43Z,0,0,0,Charge 6
2025-12-22T15:03:44Z,0,0,0,Charge 6
2025-12-22T15:03:45Z,0,0,0,Charge 6
2025-12-22T15:03:46Z,0,0,0,Charge 6
2025-12-22T15:03:47Z,0,0,0,Charge 6
2025-12-22T15:03:48Z,0,0,0,Charge 6
2025-12-22T15:03:49Z,0,0,0,Charge 6
2025-12-22T15:03:50Z,0,0,0,Charge 6
2025-12-22T15:03:51Z,0,0,0,Charge 6
2025-12-22T15:03:52Z,2,0,0,Charge 6
2025-12-22T15:03:53Z,1,0,0,Charge 6
2025-12-22T15:03:54Z,2,0,0,Charge 6
2025-12-22T15:03:55Z,1,140,0,Charge 6
2025-12-22T15:03:56Z,2,320,0,Charge 6
2025-12-22T15:03:57Z,1,490,0,Charge 6
2025-12-22T15:03:58Z,0,630,0,Charge 6
2025-12-22T15:03:59Z,0,720,0,Charge 6
2025-12-22T15:04:00Z,0,650,0,Charge 6
2025-12-22T15:04:01Z,2,0,0,Charge 6
2025-12-22T15:04:02Z,1,0,0,Charge 6
2025-12-22T15:04:03Z,0,0,0,Charge 6
2025-12-22T15:04:04Z,1,0,0,Charge 6
2025-12-22T15:04:05Z,0,0,0,Charge 6
2025-12-22T15:04:06Z,2,0,0,Charge 6
2025-12-22T15:04:07Z,1,150,0,Charge 6
2025-12-22T15:04:08Z,1,290,0,Charge 6
2025-12-22T15:04:09Z,1,440,0,Charge 6
2025-12-22T15:04:10Z,1,580,0,Charge 6
2025-12-22T15:04:11Z,0,690,0,Charge 6
2025-12-22T15:04:12Z,0,620,0,Charge 6
2025-12-22T15:04:13Z,0,0,0,Charge 6
2025-12-22T15:04:14Z,0,0,0,Charge 6
2025-12-22T15:04:15Z,0,0,0,Charge 6
2025-12-22T15:04:16Z,0,0,0,Charge 6
2025-12-22T15:04:17Z,0,0,0,Charge 6
2025-12-22T15:04:18Z,0,0,0,Charge 6
2025-12-22T15:04:19Z,0,0,0,Charge 6
2025-12-22T15:04:20Z,0,0,0,Charge 6
2025-12-22T15:04:21Z,0,0,0,Charge 6
2025-12-22T15:04:22Z,0,0,0,Charge 6
2025-12-22T15:04:23Z,0,0,0,Charge 6
2025-12-22T15:04:24Z,0,0,0,Charge 6
2025-12-22T15:04:25Z,0,0,0,Charge 6
2025-12-22T15:04:26Z,2,0,0,Charge 6
2025-12-22T15:04:27Z,2,0,0,Charge 6
2025-12-22T15:04:28Z,0,0,0,Charge 6
2025-12-22T15:04:29Z,0,0,0,Charge 6
2025-12-22T15:04:30Z,0,0,0,Charge 6
2025-12-22T15:04:31Z,0,0,0,Charge 6
2025-12-22T15:04:32Z,1,0,0,Charge 6
2025-12-22T15:04:33Z,1,0,0,Charge 6
2025-12-22T15:04:34Z,1,0,0,Charge 6
2025-12-22T15:04:35Z,1,140,0,Charge 6
2025-12-22T15:04:36Z,0,250,0,Charge 6
2025-12-22T15:04:37Z,1,370,0,Charge 6
2025-12-22T15:04:38Z,1,490,0,Charge 6
2025-12-22T15:04:39Z,3,700,0,Charge 6
2025-12-22T15:04:40Z,1,730,0,Charge 6
2025-12-22T15:04:41Z,2,840,0,Charge 6
2025-12-22T15:04:42Z,1,930,0,Charge 6
2025-12-22T15:04:43Z,0,940,0,Charge 6
2025-12-22T15:04:44Z,0,1600,0,Charge 6
2025-12-22T15:04:45Z,0,0,0,Charge 6
2025-12-22T15:04:46Z,0,0,0,Charge 6
2025-12-22T15:04:47Z,0,0,0,Charge 6
2025-12-22T15:04:48Z,0,0,0,Charge 6
2025-12-22T15:04:49Z,0,0,0,Charge 6
2025-12-22T15:04:50Z,0,0,0,Charge 6
2025-12-22T15:04:51Z,0,0,0,Charge 6
2025-12-22T15:04:52Z,0,0,0,Charge 6
2025-12-22T15:04:53Z,0,0,0,Charge 6
2025-12-22T15:04:54Z,0,0,0,Charge 6
2025-12-22T15:04:55Z,0,0,0,Charge 6
2025-12-22T15:04:56Z,0,0,0,Charge 6
2025-12-22T15:04:57Z,0,0,0,Charge 6
2025-12-22T15:04:58Z,0,0,0,Charge 6
2025-12-22T15:04:59Z,0,0,0,Charge 6
2025-12-22T15:05:00Z,0,0,0,Charge 6
2025-12-22T15:05:01Z,1,0,0,Charge 6
2025-12-22T15:05:02Z,1,0,0,Charge 6
2025-12-22T15:05:03Z,1,0,0,Charge 6
2025-12-22T15:05:04Z,2,0,0,Charge 6
2025-12-22T15:05:05Z,1,0,0,Charge 6
2025-12-22T15:05:06Z,2,140,0,Charge 6
2025-12-22T15:05:07Z,1,290,0,Charge 6
2025-12-22T15:05:08Z,2,470,0,Charge 6
2025-12-22T15:05:09Z,1,640,0,Charge 6
2025-12-22T15:05:10Z,0,770,0,Charge 6
2025-12-22T15:05:11Z,0,720,0,Charge 6
2025-12-22T15:05:12Z,0,640,0,Charge 6
2025-12-22T15:05:13Z,0,0,0,Charge 6
2025-12-22T15:05:14Z,0,0,0,Charge 6
2025-12-22T15:05:15Z,0,0,0,Charge 6
2025-12-22T15:05:16Z,0,0,0,Charge 6
2025-12-22T15:05:17Z,0,0,0,Charge 6
2025-12-22T15:05:18Z,0,0,0,Charge 6
2025-12-22T15:05:19Z,0,0,0,Charge 6
2025-12-22T15:05:20Z,0,0,0,Charge 6
2025-12-22T15:05:21Z,0,0,0,Charge 6
2025-12-22T15:05:22Z,0,0,0,Charge 6
2025-12-22T15:05:23Z,0,0,0,Charge 6
2025-12-22T15:05:24Z,0,0,0,Charge 6
2025-12-22T15:05:25Z,0,0,0,Charge 6
2025-12-22T15:05:26Z,0,0,0,Charge 6
2025-12-22T15:05:27Z,0,0,0,Charge 6
2025-12-22T15:05:28Z,0,0,0,Charge 6
2025-12-22T15:05:29Z,0,0,0,Charge 6
2025-12-22T15:05:30Z,0,0,0,Charge 6
2025-12-22T15:05:31Z,0,0,0,Charge 6
2025-12-22T15:05:32Z,0,0,0,Charge 6
2025-12-22T15:05:33Z,0,0,0,Charge 6
2025-12-22T15:05:34Z,0,0,0,Charge 6
2025-12-22T15:05:35Z,0,0,0,Charge 6
2025-12-22T15:05:36Z,0,0,0,Charge 6
2025-12-22T15:05:37Z,0,0,0,Charge 6
2025-12-22T15:05:38Z,0,0,0,Charge 6
2025-12-22T15:05:39Z,0,0,0,Charge 6
2025-12-22T15:05:40Z,0,0,0,Charge 6
2025-12-22T15:05:41Z,0,0,0,Charge 6
2025-12-22T15:05:42Z,0,0,0,Charge 6
2025-12-22T15:05:43Z,0,0,0,Charge 6
2025-12-22T15:05:44Z,0,0,0,Charge 6
2025-12-22T15:05:45Z,0,0,0,Charge 6
2025-12-22T15:05:46Z,2,0,0,Charge 6
2025-12-22T15:05:47Z,2,150,0,Charge 6
2025-12-22T15:05:48Z,1,280,0,Charge 6
2025-12-22T15:05:49Z,1,430,0,Charge 6
2025-12-22T15:05:50Z,1,540,0,Charge 6
2025-12-22T15:05:51Z,1,0,0,Charge 6
2025-12-22T15:05:52Z,0,0,0,Charge 6
2025-12-22T15:05:53Z,2,0,0,Charge 6
2025-12-22T15:05:54Z,1,0,0,Charge 6
2025-12-22T15:05:55Z,1,0,0,Charge 6
2025-12-22T15:05:56Z,2,820,0,Charge 6
2025-12-22T15:05:57Z,0,290,0,Charge 6
2025-12-22T15:05:58Z,2,440,0,Charge 6
2025-12-22T15:05:59Z,0,550,0,Charge 6
2025-12-22T15:06:00Z,0,620,0,Charge 6
2025-12-22T15:06:01Z,0,0,0,Charge 6
2025-12-22T15:06:02Z,0,0,0,Charge 6
2025-12-22T15:06:03Z,0,0,0,Charge 6
2025-12-22T15:06:04Z,0,0,0,Charge 6
2025-12-22T15:06:05Z,0,0,0,Charge 6
2025-12-22T15:06:06Z,0,0,0,Charge 6
2025-12-22T15:06:07Z,2,0,0,Charge 6
2025-12-22T15:06:08Z,2,0,0,Charge 6
2025-12-22T15:06:09Z,0,0,0,Charge 6
2025-12-22T15:06:10Z,0,0,0,Charge 6
2025-12-22T15:06:11Z,0,0,0,Charge 6
2025-12-22T15:06:12Z,0,0,0,Charge 6
2025-12-22T15:06:13Z,0,0,0,Charge 6
2025-12-22T15:06:14Z,0,0,0,Charge 6
2025-12-22T15:06:15Z,0,0,0,Charge 6
2025-12-22T15:06:16Z,0,0,0,Charge 6
2025-12-22T15:06:17Z,0,0,0,Charge 6
2025-12-22T15:06:18Z,0,0,0,Charge 6
2025-12-22T15:06:19Z,0,0,0,Charge 6
2025-12-22T15:06:20Z,0,0,0,Charge 6
2025-12-22T15:06:21Z,0,0,0,Charge 6
2025-12-22T15:06:22Z,0,0,0,Charge 6
2025-12-22T15:06:23Z,0,0,0,Charge 6
2025-12-22T15:06:24Z,0,0,0,Charge 6
2025-12-22T15:06:25Z,0,0,0,Charge 6
2025-12-22T15:06:26Z,0,0,0,Charge 6
2025-12-22T15:06:27Z,0,0,0,Charge 6
2025-12-22T15:06:28Z,0,0,0,Charge 6
2025-12-22T15:06:29Z,0,0,0,Charge 6
2025-12-22T15:06:30Z,0,0,0,Charge 6
2025-12-22T15:06:31Z,0,0,0,Charge 6
2025-12-22T15:06:32Z,0,0,0,Charge 6
2025-12-22T15:06:33Z,0,0,0,Charge 6
2025-12-22T15:06:34Z,0,0,0,Charge 6
2025-12-22T15:06:35Z,0,0,0,Charge 6
2025-12-22T15:06:36Z,0,0,0,Charge 6
2025-12-22T15:06:37Z,0,0,0,Charge 6
2025-12-22T15:06:38Z,0,0,0,Charge 6
2025-12-22T15:06:39Z,0,0,0,Charge 6
2025-12-22T15:06:40Z,0,0,0,Charge 6
2025-12-22T15:06:41Z,0,0,0,Charge 6
2025-12-22T15:06:42Z,0,0,0,Charge 6
2025-12-22T15:06:43Z,0,0,0,Charge 6
2025-12-22T15:06:44Z,0,0,0,Charge 6
2025-12-22T15:06:45Z,0,0,0,Charge 6
2025-12-22T15:06:46Z,0,0,0,Charge 6
2025-12-22T15:06:47Z,0,0,0,Charge 6
2025-12-22T15:06:48Z,0,0,0,Charge 6
2025-12-22T15:06:49Z,0,0,0,Charge 6
2025-12-22T15:06:50Z,0,0,0,Charge 6
2025-12-22T15:06:51Z,0,0,0,Charge 6
2025-12-22T15:06:52Z,0,0,0,Charge 6
2025-12-22T15:06:53Z,0,0,0,Charge 6
2025-12-22T15:06:54Z,0,0,0,Charge 6
2025-12-22T15:06:55Z,0,0,0,Charge 6
2025-12-22T15:06:56Z,0,0,0,Charge 6
2025-12-22T15:06:57Z,0,0,0,Charge 6
2025-12-22T15:06:58Z,0,0,0,Charge 6
2025-12-22T15:12:42Z,0,0,0,Charge 6
2025-12-22T15:12:43Z,1,0,0,Charge 6
2025-12-22T15:12:44Z,2,120,0,Charge 6
2025-12-22T15:12:45Z,2,220,0,Charge 6
2025-12-22T15:12:46Z,1,350,0,Charge 6
2025-12-22T15:12:47Z,1,460,0,Charge 6
2025-12-22T15:12:48Z,2,590,0,Charge 6
2025-12-22T15:12:49Z,1,640,0,Charge 6
2025-12-22T15:12:50Z,2,700,0,Charge 6
2025-12-22T15:12:51Z,2,760,0,Charge 6
2025-12-22T15:12:52Z,0,800,0,Charge 6
2025-12-22T15:12:53Z,0,750,0,Charge 6
2025-12-22T15:12:54Z,2,700,0,Charge 6
2025-12-22T15:12:55Z,1,0,0,Charge 6
2025-12-22T15:12:56Z,2,0,0,Charge 6
2025-12-22T15:12:57Z,2,300,0,Charge 6
2025-12-22T15:12:58Z,1,380,0,Charge 6
2025-12-22T15:12:59Z,1,490,0,Charge 6
2025-12-22T15:13:00Z,2,620,0,Charge 6
2025-12-22T15:13:01Z,0,720,0,Charge 6
2025-12-22T15:13:02Z,0,670,0,Charge 6
2025-12-22T15:13:03Z,0,610,0,Charge 6
2025-12-22T15:13:04Z,0,0,0,Charge 6
2025-12-22T15:13:05Z,0,0,0,Charge 6
2025-12-22T15:13:06Z,0,0,0,Charge 6
2025-12-22T15:13:07Z,0,0,0,Charge 6
2025-12-22T15:13:08Z,1,0,0,Charge 6
2025-12-22T15:13:09Z,1,0,0,Charge 6
2025-12-22T15:13:10Z,0,0,0,Charge 6
2025-12-22T15:13:11Z,1,0,0,Charge 6
2025-12-22T15:13:12Z,1,0,0,Charge 6
2025-12-22T15:13:13Z,2,0,0,Charge 6
2025-12-22T15:13:14Z,1,0,0,Charge 6
2025-12-22T15:13:15Z,1,0,0,Charge 6
2025-12-22T15:13:16Z,2,130,0,Charge 6
2025-12-22T15:13:17Z,1,260,0,Charge 6
2025-12-22T15:13:18Z,2,440,0,Charge 6
2025-12-22T15:13:19Z,1,600,0,Charge 6
2025-12-22T15:13:20Z,3,830,0,Charge 6
2025-12-22T15:13:21Z,2,930,0,Charge 6
2025-12-22T15:13:22Z,0,970,0,Charge 6
2025-12-22T15:13:23Z,0,940,0,Charge 6
2025-12-22T15:13:24Z,0,870,0,Charge 6
2025-12-22T15:13:25Z,0,0,0,Charge 6
2025-12-22T15:13:26Z,0,0,0,Charge 6
2025-12-22T15:13:27Z,0,0,0,Charge 6
2025-12-22T15:13:28Z,0,0,0,Charge 6
2025-12-22T15:13:29Z,0,0,0,Charge 6
2025-12-22T15:13:30Z,0,0,0,Charge 6
2025-12-22T15:13:31Z,0,0,0,Charge 6
2025-12-22T15:13:32Z,0,0,0,Charge 6
2025-12-22T15:13:33Z,0,0,0,Charge 6
2025-12-22T15:13:34Z,0,0,0,Charge 6
2025-12-22T15:13:35Z,0,0,0,Charge 6
2025-12-22T15:13:36Z,0,0,0,Charge 6
2025-12-22T15:13:37Z,0,0,0,Charge 6
2025-12-22T15:13:38Z,1,0,0,Charge 6
2025-12-22T15:13:39Z,1,0,0,Charge 6
2025-12-22T15:13:40Z,1,0,0,Charge 6
2025-12-22T15:13:41Z,1,0,0,Charge 6
2025-12-22T15:13:42Z,1,0,0,Charge 6
2025-12-22T15:13:43Z,1,0,0,Charge 6
2025-12-22T15:13:44Z,2,140,0,Charge 6
2025-12-22T15:13:45Z,0,250,0,Charge 6
2025-12-22T15:13:46Z,0,320,0,Charge 6
2025-12-22T15:13:47Z,2,380,0,Charge 6
2025-12-22T15:13:48Z,1,0,0,Charge 6
2025-12-22T15:13:49Z,0,0,0,Charge 6
2025-12-22T15:13:50Z,4,0,0,Charge 6
2025-12-22T15:13:51Z,2,0,0,Charge 6
2025-12-22T15:13:52Z,2,0,0,Charge 6
2025-12-22T15:13:53Z,2,580,0,Charge 6
2025-12-22T15:13:54Z,1,300,0,Charge 6
2025-12-22T15:13:55Z,2,470,0,Charge 6
2025-12-22T15:13:56Z,1,640,0,Charge 6
2025-12-22T15:13:57Z,2,840,0,Charge 6
2025-12-22T15:13:58Z,2,910,0,Charge 6
2025-12-22T15:13:59Z,1,970,0,Charge 6
2025-12-22T15:14:00Z,1,980,0,Charge 6
2025-12-22T15:14:01Z,1,980,0,Charge 6
2025-12-22T15:14:02Z,1,950,0,Charge 6
2025-12-22T15:14:03Z,2,1010,0,Charge 6
2025-12-22T15:14:04Z,1,1010,0,Charge 6
2025-12-22T15:14:05Z,2,1010,0,Charge 6
2025-12-22T15:14:06Z,1,1040,0,Charge 6
2025-12-22T15:14:07Z,2,1070,0,Charge 6
2025-12-22T15:14:08Z,1,1070,0,Charge 6
2025-12-22T15:14:09Z,0,1070,0,Charge 6
2025-12-22T15:14:10Z,1,1060,0,Charge 6
2025-12-22T15:14:11Z,2,1050,0,Charge 6
2025-12-22T15:14:12Z,0,950,0,Charge 6
2025-12-22T15:14:13Z,0,780,0,Charge 6
2025-12-22T15:14:14Z,1,690,0,Charge 6
2025-12-22T15:14:15Z,0,0,0,Charge 6
2025-12-22T15:14:16Z,1,0,0,Charge 6
2025-12-22T15:14:17Z,1,0,0,Charge 6
2025-12-22T15:14:18Z,1,0,0,Charge 6
2025-12-22T15:14:19Z,0,0,0,Charge 6
2025-12-22T15:14:20Z,1,0,0,Charge 6
2025-12-22T15:14:21Z,2,0,0,Charge 6
2025-12-22T15:14:22Z,1,0,0,Charge 6
2025-12-22T15:14:23Z,1,0,0,Charge 6
2025-12-22T15:14:24Z,1,0,0,Charge 6
2025-12-22T15:14:25Z,1,0,0,Charge 6
2025-12-22T15:14:26Z,1,0,0,Charge 6
2025-12-22T15:14:27Z,1,0,0,Charge 6
2025-12-22T15:14:28Z,1,0,0,Charge 6
2025-12-22T15:14:29Z,1,140,0,Charge 6
2025-12-22T15:14:30Z,0,1400,0,Charge 6
2025-12-22T15:14:31Z,0,0,0,Charge 6
2025-12-22T15:14:32Z,0,0,0,Charge 6
2025-12-22T15:14:33Z,0,0,0,Charge 6
2025-12-22T15:14:34Z,0,0,0,Charge 6
2025-12-22T15:14:35Z,0,0,0,Charge 6
2025-12-22T15:14:36Z,0,0,0,Charge 6
2025-12-22T15:14:37Z,0,0,0,Charge 6
2025-12-22T15:14:38Z,0,0,0,Charge 6
2025-12-22T15:14:39Z,0,0,0,Charge 6
2025-12-22T15:14:40Z,0,0,0,Charge 6
2025-12-22T15:14:41Z,0,0,0,Charge 6
2025-12-22T15:14:42Z,0,0,0,Charge 6
2025-12-22T15:14:43Z,0,0,0,Charge 6
2025-12-22T15:14:44Z,0,0,0,Charge 6
2025-12-22T15:14:45Z,0,0,0,Charge 6
2025-12-22T15:14:46Z,0,0,0,Charge 6
2025-12-22T15:14:47Z,0,0,0,Charge 6
2025-12-22T15:14:48Z,0,0,0,Charge 6
2025-12-22T15:14:49Z,0,0,0,Charge 6
2025-12-22T15:14:50Z,0,0,0,Charge 6
2025-12-22T15:14:51Z,0,0,0,Charge 6
2025-12-22T15:14:52Z,0,0,0,Charge 6
2025-12-22T15:14:53Z,0,0,0,Charge 6
2025-12-22T15:14:54Z,0,0,0,Charge 6
2025-12-22T15:14:55Z,0,0,0,Charge 6
2025-12-22T15:14:56Z,0,0,0,Charge 6
2025-12-22T15:14:57Z,0,0,0,Charge 6
2025-12-22T15:14:58Z,0,0,0,Charge 6
2025-12-22T15:14:59Z,0,0,0,Charge 6
2025-12-22T15:15:00Z,0,0,0,Charge 6
2025-12-22T15:15:01Z,0,0,0,Charge 6
2025-12-22T15:15:02Z,0,0,0,Charge 6
2025-12-22T15:15:03Z,0,0,0,Charge 6
2025-12-22T15:15:04Z,0,0,0,Charge 6
2025-12-22T15:15:05Z,0,0,0,Charge 6
2025-12-22T15:15:06Z,0,0,0,Charge 6
2025-12-22T15:15:07Z,0,0,0,Charge 6
2025-12-22T15:15:08Z,0,0,0,Charge 6
2025-12-22T15:15:09Z,0,0,0,Charge 6
2025-12-22T15:15:10Z,0,0,0,Charge 6
2025-12-22T15:15:11Z,0,0,0,Charge 6
2025-12-22T15:15:12Z,0,0,0,Charge 6
2025-12-22T15:15:13Z,0,0,0,Charge 6
2025-12-22T15:15:14Z,0,0,0,Charge 6
2025-12-22T15:15:15Z,0,0,0,Charge 6
2025-12-22T15:15:16Z,0,0,0,Charge 6
2025-12-22T15:15:17Z,0,0,0,Charge 6
2025-12-22T15:15:18Z,0,0,0,Charge 6
2025-12-22T15:15:19Z,0,0,0,Charge 6
2025-12-22T15:15:20Z,0,0,0,Charge 6
2025-12-22T15:15:21Z,2,0,0,Charge 6
2025-12-22T15:15:22Z,2,0,0,Charge 6
2025-12-22T15:15:23Z,0,0,0,Charge 6
2025-12-22T15:15:24Z,0,0,0,Charge 6
2025-12-22T15:15:25Z,0,0,0,Charge 6
2025-12-22T15:15:26Z,0,0,0,Charge 6
2025-12-22T15:15:27Z,0,0,0,Charge 6
2025-12-22T15:15:28Z,0,0,0,Charge 6
2025-12-22T15:15:29Z,0,0,0,Charge 6
2025-12-22T15:15:30Z,2,0,0,Charge 6
2025-12-22T15:15:31Z,2,0,0,Charge 6
2025-12-22T15:15:32Z,1,0,0,Charge 6
2025-12-22T15:15:33Z,2,150,0,Charge 6
2025-12-22T15:15:34Z,2,320,0,Charge 6
2025-12-22T15:15:35Z,2,530,0,Charge 6
2025-12-22T15:15:36Z,1,720,0,Charge 6
2025-12-22T15:15:37Z,2,930,0,Charge 6
2025-12-22T15:15:38Z,2,1030,0,Charge 6
2025-12-22T15:15:39Z,1,1070,0,Charge 6
2025-12-22T15:15:40Z,2,1080,0,Charge 6
2025-12-22T15:15:41Z,2,1140,0,Charge 6
2025-12-22T15:15:42Z,2,1180,0,Charge 6
2025-12-22T15:15:43Z,1,1230,0,Charge 6
2025-12-22T15:15:44Z,2,1270,0,Charge 6
2025-12-22T15:15:45Z,2,1280,0,Charge 6
2025-12-22T15:15:46Z,2,1310,0,Charge 6
2025-12-22T15:15:47Z,2,1320,0,Charge 6
2025-12-22T15:15:48Z,1,1330,0,Charge 6
2025-12-22T15:15:49Z,2,1330,0,Charge 6
2025-12-22T15:15:50Z,2,1350,0,Charge 6
2025-12-22T15:15:51Z,2,1350,0,Charge 6
2025-12-22T15:15:52Z,1,1340,0,Charge 6
2025-12-22T15:15:53Z,2,1350,0,Charge 6
2025-12-22T15:15:54Z,2,1360,0,Charge 6
2025-12-22T15:15:55Z,2,1360,0,Charge 6
2025-12-22T15:15:56Z,0,1350,0,Charge 6
2025-12-22T15:15:57Z,0,1240,0,Charge 6
2025-12-22T15:15:58Z,2,1080,0,Charge 6
2025-12-22T15:15:59Z,2,1080,0,Charge 6
2025-12-22T15:16:00Z,1,990,0,Charge 6
2025-12-22T15:16:01Z,2,1000,0,Charge 6
2025-12-22T15:16:02Z,0,1000,0,Charge 6
2025-12-22T15:16:03Z,3,1120,0,Charge 6
2025-12-22T15:16:04Z,2,1140,0,Charge 6
2025-12-22T15:16:05Z,2,1180,0,Charge 6
2025-12-22T15:16:06Z,1,1190,0,Charge 6
2025-12-22T15:16:07Z,0,1190,0,Charge 6
2025-12-22T15:16:08Z,1,1110,0,Charge 6
2025-12-22T15:16:09Z,2,1070,0,Charge 6
2025-12-22T15:16:10Z,1,990,0,Charge 6
2025-12-22T15:16:11Z,1,930,0,Charge 6
2025-12-22T15:16:12Z,3,950,0,Charge 6
2025-12-22T15:16:13Z,2,1100,0,Charge 6
2025-12-22T15:16:14Z,1,1090,0,Charge 6
2025-12-22T15:16:15Z,2,1160,0,Charge 6
2025-12-22T15:16:16Z,1,1210,0,Charge 6
2025-12-22T15:16:17Z,2,1220,0,Charge 6
2025-12-22T15:16:18Z,1,1210,0,Charge 6
2025-12-22T15:16:19Z,2,1210,0,Charge 6
2025-12-22T15:16:20Z,1,1200,0,Charge 6
2025-12-22T15:16:21Z,0,1130,0,Charge 6
2025-12-22T15:16:22Z,0,1000,0,Charge 6
2025-12-22T15:16:23Z,0,860,0,Charge 6
2025-12-22T15:16:24Z,1,0,0,Charge 6
2025-12-22T15:16:25Z,2,0,0,Charge 6
2025-12-22T15:16:26Z,1,320,0,Charge 6
2025-12-22T15:16:27Z,1,430,0,Charge 6
2025-12-22T15:16:28Z,0,500,0,Charge 6
2025-12-22T15:16:29Z,1,550,0,Charge 6
2025-12-22T15:16:30Z,1,0,0,Charge 6
2025-12-22T15:16:31Z,2,0,0,Charge 6
2025-12-22T15:16:32Z,2,1020,0,Charge 6
2025-12-22T15:16:33Z,1,490,0,Charge 6
2025-12-22T15:16:34Z,2,620,0,Charge 6
2025-12-22T15:16:35Z,2,790,0,Charge 6
2025-12-22T15:16:36Z,1,950,0,Charge 6
2025-12-22T15:16:37Z,2,1010,0,Charge 6
2025-12-22T15:16:38Z,2,1080,0,Charge 6
2025-12-22T15:16:39Z,1,1090,0,Charge 6
2025-12-22T15:16:40Z,2,1110,0,Charge 6
2025-12-22T15:16:41Z,2,1160,0,Charge 6
2025-12-22T15:16:42Z,1,1220,0,Charge 6
2025-12-22T15:16:43Z,2,1220,0,Charge 6
2025-12-22T15:16:44Z,2,1250,0,Charge 6
2025-12-22T15:16:45Z,1,1250,0,Charge 6
2025-12-22T15:16:46Z,2,1250,0,Charge 6
2025-12-22T15:16:47Z,2,1280,0,Charge 6
2025-12-22T15:16:48Z,1,1280,0,Charge 6
2025-12-22T15:16:49Z,2,1270,0,Charge 6
2025-12-22T15:16:50Z,1,1280,0,Charge 6
2025-12-22T15:16:51Z,1,1260,0,Charge 6
2025-12-22T15:16:52Z,3,1270,0,Charge 6
2025-12-22T15:16:53Z,1,1260,0,Charge 6
2025-12-22T15:16:54Z,2,1270,0,Charge 6
2025-12-22T15:16:55Z,1,1270,0,Charge 6
2025-12-22T15:16:56Z,2,1280,0,Charge 6
2025-12-22T15:16:57Z,1,1290,0,Charge 6
2025-12-22T15:16:58Z,2,1280,0,Charge 6
2025-12-22T15:16:59Z,1,1270,0,Charge 6
2025-12-22T15:17:00Z,2,1270,0,Charge 6
2025-12-22T15:17:01Z,1,1270,0,Charge 6
2025-12-22T15:17:02Z,2,1260,0,Charge 6
2025-12-22T15:17:03Z,2,1270,0,Charge 6
2025-12-22T15:17:04Z,2,1270,0,Charge 6
2025-12-22T15:17:05Z,1,1270,0,Charge 6
2025-12-22T15:17:06Z,2,1260,0,Charge 6
2025-12-22T15:17:07Z,2,1270,0,Charge 6
2025-12-22T15:17:08Z,1,1260,0,Charge 6
2025-12-22T15:17:09Z,2,1270,0,Charge 6
2025-12-22T15:17:10Z,1,1260,0,Charge 6
2025-12-22T15:17:11Z,2,1260,0,Charge 6
2025-12-22T15:17:12Z,1,1260,0,Charge 6
2025-12-22T15:17:13Z,2,1260,0,Charge 6
2025-12-22T15:17:14Z,0,1160,0,Charge 6
2025-12-22T15:17:15Z,1,1100,0,Charge 6
2025-12-22T15:17:16Z,1,1020,0,Charge 6
2025-12-22T15:17:17Z,2,990,0,Charge 6
2025-12-22T15:17:18Z,1,930,0,Charge 6
2025-12-22T15:17:19Z,2,910,0,Charge 6
2025-12-22T15:17:20Z,0,970,0,Charge 6
2025-12-22T15:17:21Z,1,960,0,Charge 6
2025-12-22T15:17:22Z,1,900,0,Charge 6
2025-12-22T15:17:23Z,2,870,0,Charge 6
2025-12-22T15:17:24Z,2,870,0,Charge 6
2025-12-22T15:17:25Z,1,900,0,Charge 6
2025-12-22T15:17:26Z,1,950,0,Charge 6
2025-12-22T15:17:27Z,1,950,0,Charge 6
2025-12-22T15:17:28Z,2,960,0,Charge 6
2025-12-22T15:17:29Z,1,950,0,Charge 6
2025-12-22T15:17:30Z,0,900,0,Charge 6
2025-12-22T15:17:31Z,1,790,0,Charge 6
2025-12-22T15:17:32Z,1,0,0,Charge 6
2025-12-22T15:17:33Z,2,0,0,Charge 6
2025-12-22T15:17:34Z,1,0,0,Charge 6
2025-12-22T15:17:35Z,0,0,0,Charge 6
2025-12-22T15:17:36Z,2,0,0,Charge 6
2025-12-22T15:17:37Z,1,0,0,Charge 6
2025-12-22T15:17:38Z,1,870,0,Charge 6
2025-12-22T15:17:39Z,1,300,0,Charge 6
2025-12-22T15:17:40Z,1,440,0,Charge 6
2025-12-22T15:17:41Z,1,590,0,Charge 6
2025-12-22T15:17:42Z,1,730,0,Charge 6
2025-12-22T15:17:43Z,2,750,0,Charge 6
2025-12-22T15:17:44Z,0,750,0,Charge 6
2025-12-22T15:17:45Z,2,780,0,Charge 6
2025-12-22T15:17:46Z,2,840,0,Charge 6
2025-12-22T15:17:47Z,1,880,0,Charge 6
2025-12-22T15:17:48Z,2,920,0,Charge 6
2025-12-22T15:17:49Z,1,1020,0,Charge 6
2025-12-22T15:17:50Z,2,1070,0,Charge 6
2025-12-22T15:17:51Z,2,1100,0,Charge 6
2025-12-22T15:17:52Z,2,1170,0,Charge 6
2025-12-22T15:17:53Z,1,1180,0,Charge 6
2025-12-22T15:17:54Z,2,1230,0,Charge 6
2025-12-22T15:17:55Z,1,1220,0,Charge 6
2025-12-22T15:17:56Z,2,1220,0,Charge 6
2025-12-22T15:17:57Z,1,1220,0,Charge 6
2025-12-22T15:17:58Z,2,1220,0,Charge 6
2025-12-22T15:17:59Z,1,1210,0,Charge 6
2025-12-22T15:18:00Z,2,1210,0,Charge 6
2025-12-22T15:18:01Z,2,1210,0,Charge 6
2025-12-22T15:18:02Z,2,1250,0,Charge 6
2025-12-22T15:18:03Z,2,1280,0,Charge 6
2025-12-22T15:18:04Z,2,1340,0,Charge 6
2025-12-22T15:18:05Z,1,1340,0,Charge 6
2025-12-22T15:18:06Z,1,1340,0,Charge 6
2025-12-22T15:18:07Z,2,1340,0,Charge 6
2025-12-22T15:18:08Z,1,1330,0,Charge 6
2025-12-22T15:18:09Z,2,1330,0,Charge 6
2025-12-22T15:18:10Z,1,1320,0,Charge 6
2025-12-22T15:18:11Z,2,1310,0,Charge 6
2025-12-22T15:18:12Z,1,1310,0,Charge 6
2025-12-22T15:18:13Z,2,1310,0,Charge 6
2025-12-22T15:18:14Z,2,1300,0,Charge 6
2025-12-22T15:18:15Z,3,1360,0,Charge 6
2025-12-22T15:18:16Z,1,1360,0,Charge 6
2025-12-22T15:18:17Z,3,1440,0,Charge 6
2025-12-22T15:18:18Z,2,1490,0,Charge 6
2025-12-22T15:18:19Z,1,1500,0,Charge 6
2025-12-22T15:18:20Z,2,1490,0,Charge 6
2025-12-22T15:18:21Z,1,1490,0,Charge 6
2025-12-22T15:18:22Z,2,1490,0,Charge 6
2025-12-22T15:18:23Z,1,1370,0,Charge 6
2025-12-22T15:18:24Z,3,1380,0,Charge 6
2025-12-22T15:18:25Z,2,1370,0,Charge 6
2025-12-22T15:18:26Z,1,1380,0,Charge 6
2025-12-22T15:18:27Z,2,1370,0,Charge 6
2025-12-22T15:18:28Z,1,1380,0,Charge 6
2025-12-22T15:18:29Z,2,1370,0,Charge 6
2025-12-22T15:18:30Z,1,1300,0,Charge 6
2025-12-22T15:18:31Z,0,1190,0,Charge 6
2025-12-22T15:18:32Z,2,1130,0,Charge 6
2025-12-22T15:18:33Z,1,1070,0,Charge 6
2025-12-22T15:18:34Z,3,1070,0,Charge 6
2025-12-22T15:18:35Z,1,1070,0,Charge 6
2025-12-22T15:18:36Z,1,1070,0,Charge 6
2025-12-22T15:18:37Z,2,1080,0,Charge 6
2025-12-22T15:18:38Z,2,1080,0,Charge 6
2025-12-22T15:18:39Z,2,1090,0,Charge 6
2025-12-22T15:18:40Z,1,1090,0,Charge 6
2025-12-22T15:18:41Z,1,1100,0,Charge 6
2025-12-22T15:18:42Z,3,1100,0,Charge 6
2025-12-22T15:18:43Z,2,1110,0,Charge 6
2025-12-22T15:18:44Z,2,1110,0,Charge 6
2025-12-22T15:18:45Z,2,1120,0,Charge 6
2025-12-22T15:18:46Z,1,1110,0,Charge 6
2025-12-22T15:18:47Z,3,1260,0,Charge 6
2025-12-22T15:18:48Z,1,1260,0,Charge 6
2025-12-22T15:18:49Z,2,1260,0,Charge 6
2025-12-22T15:18:50Z,1,1260,0,Charge 6
2025-12-22T15:18:51Z,1,1260,0,Charge 6
2025-12-22T15:18:52Z,2,1210,0,Charge 6
2025-12-22T15:18:53Z,1,1170,0,Charge 6
2025-12-22T15:18:54Z,2,1180,0,Charge 6
2025-12-22T15:18:55Z,1,1160,0,Charge 6
2025-12-22T15:18:56Z,2,1160,0,Charge 6
2025-12-22T15:18:57Z,1,1170,0,Charge 6
2025-12-22T15:18:58Z,2,1160,0,Charge 6
2025-12-22T15:18:59Z,1,1170,0,Charge 6
2025-12-22T15:19:00Z,2,1160,0,Charge 6
2025-12-22T15:19:01Z,1,1160,0,Charge 6
2025-12-22T15:19:02Z,2,1170,0,Charge 6
2025-12-22T15:19:03Z,1,1160,0,Charge 6
2025-12-22T15:19:04Z,2,1170,0,Charge 6
2025-12-22T15:19:05Z,1,1150,0,Charge 6
2025-12-22T15:19:06Z,2,1170,0,Charge 6
2025-12-22T15:19:07Z,1,1150,0,Charge 6
2025-12-22T15:19:08Z,2,1160,0,Charge 6
2025-12-22T15:19:09Z,2,1160,0,Charge 6
2025-12-22T15:19:10Z,1,1170,0,Charge 6
2025-12-22T15:19:11Z,2,1160,0,Charge 6
2025-12-22T15:19:12Z,2,1170,0,Charge 6
2025-12-22T15:19:13Z,1,1170,0,Charge 6
2025-12-22T15:19:14Z,2,1180,0,Charge 6
2025-12-22T15:19:15Z,2,1170,0,Charge 6
2025-12-22T15:19:16Z,2,1180,0,Charge 6
2025-12-22T15:19:17Z,1,1180,0,Charge 6
2025-12-22T15:19:18Z,2,1190,0,Charge 6
2025-12-22T15:19:19Z,2,1180,0,Charge 6
2025-12-22T15:19:20Z,1,1190,0,Charge 6
2025-12-22T15:19:21Z,2,1190,0,Charge 6
2025-12-22T15:19:22Z,2,1190,0,Charge 6
2025-12-22T15:19:23Z,2,1210,0,Charge 6
2025-12-22T15:19:24Z,2,1200,0,Charge 6
2025-12-22T15:19:25Z,0,1200,0,Charge 6
2025-12-22T15:19:26Z,2,1210,0,Charge 6
2025-12-22T15:19:27Z,3,1210,0,Charge 6
2025-12-22T15:19:28Z,1,1210,0,Charge 6
2025-12-22T15:19:29Z,2,1210,0,Charge 6
2025-12-22T15:19:30Z,2,1280,0,Charge 6
2025-12-22T15:19:31Z,2,1340,0,Charge 6
2025-12-22T15:19:32Z,2,1350,0,Charge 6
2025-12-22T15:19:33Z,1,1340,0,Charge 6
2025-12-22T15:19:34Z,2,1340,0,Charge 6
2025-12-22T15:19:35Z,2,1350,0,Charge 6
2025-12-22T15:19:36Z,1,1340,0,Charge 6
2025-12-22T15:19:37Z,2,1340,0,Charge 6
2025-12-22T15:19:38Z,2,1330,0,Charge 6
2025-12-22T15:19:39Z,1,1340,0,Charge 6
2025-12-22T15:19:40Z,1,1270,0,Charge 6
2025-12-22T15:19:41Z,3,1260,0,Charge 6
2025-12-22T15:19:42Z,2,1270,0,Charge 6
2025-12-22T15:19:43Z,2,1280,0,Charge 6
2025-12-22T15:19:44Z,1,1270,0,Charge 6
2025-12-22T15:19:45Z,2,1340,0,Charge 6
2025-12-22T15:19:46Z,2,1330,0,Charge 6
2025-12-22T15:19:47Z,2,1340,0,Charge 6
2025-12-22T15:19:48Z,2,1340,0,Charge 6
2025-12-22T15:19:49Z,2,1340,0,Charge 6
2025-12-22T15:19:50Z,2,1340,0,Charge 6
2025-12-22T15:19:51Z,1,1350,0,Charge 6
2025-12-22T15:19:52Z,2,1340,0,Charge 6
2025-12-22T15:19:53Z,2,1350,0,Charge 6
2025-12-22T15:19:54Z,2,1350,0,Charge 6
2025-12-22T15:19:55Z,1,1350,0,Charge 6
2025-12-22T15:19:56Z,2,1340,0,Charge 6
2025-12-22T15:19:57Z,2,1340,0,Charge 6
2025-12-22T15:19:58Z,1,1350,0,Charge 6
2025-12-22T15:19:59Z,2,1330,0,Charge 6
2025-12-22T15:20:00Z,2,1350,0,Charge 6
2025-12-22T15:20:01Z,2,1340,0,Charge 6
2025-12-22T15:20:02Z,1,1340,0,Charge 6
2025-12-22T15:20:03Z,2,1330,0,Charge 6
2025-12-22T15:20:04Z,2,1340,0,Charge 6
2025-12-22T15:20:05Z,3,1340,0,Charge 6
2025-12-22T15:20:06Z,1,1350,0,Charge 6
2025-12-22T15:20:07Z,2,1350,0,Charge 6
2025-12-22T15:20:08Z,2,1350,0,Charge 6
2025-12-22T15:20:09Z,1,1350,0,Charge 6
2025-12-22T15:20:10Z,1,1280,0,Charge 6
2025-12-22T15:20:11Z,2,1280,0,Charge 6
2025-12-22T15:20:12Z,3,1290,0,Charge 6
2025-12-22T15:20:13Z,1,1280,0,Charge 6
2025-12-22T15:20:14Z,2,1280,0,Charge 6
2025-12-22T15:20:15Z,2,1290,0,Charge 6
2025-12-22T15:20:16Z,2,1290,0,Charge 6
2025-12-22T15:20:17Z,1,1290,0,Charge 6
2025-12-22T15:20:18Z,2,1280,0,Charge 6
2025-12-22T15:20:19Z,2,1300,0,Charge 6
2025-12-22T15:20:20Z,2,1300,0,Charge 6
2025-12-22T15:20:21Z,1,1290,0,Charge 6
2025-12-22T15:20:22Z,2,1300,0,Charge 6
2025-12-22T15:20:23Z,2,1300,0,Charge 6
2025-12-22T15:20:24Z,2,1300,0,Charge 6
2025-12-22T15:20:25Z,2,1300,0,Charge 6
2025-12-22T15:20:26Z,2,1290,0,Charge 6
2025-12-22T15:20:27Z,1,1310,0,Charge 6
2025-12-22T15:20:28Z,2,1300,0,Charge 6
2025-12-22T15:20:29Z,2,1310,0,Charge 6
2025-12-22T15:20:30Z,2,1300,0,Charge 6
2025-12-22T15:20:31Z,2,1310,0,Charge 6
2025-12-22T15:20:32Z,1,1310,0,Charge 6
2025-12-22T15:20:33Z,2,1310,0,Charge 6
2025-12-22T15:20:34Z,2,1310,0,Charge 6
2025-12-22T15:20:35Z,2,1320,0,Charge 6
2025-12-22T15:20:36Z,2,1310,0,Charge 6
2025-12-22T15:20:37Z,1,1310,0,Charge 6
2025-12-22T15:20:38Z,3,1320,0,Charge 6
2025-12-22T15:20:39Z,2,1330,0,Charge 6
2025-12-22T15:20:40Z,2,1330,0,Charge 6
2025-12-22T15:20:41Z,2,1330,0,Charge 6
2025-12-22T15:20:42Z,1,1340,0,Charge 6
2025-12-22T15:20:43Z,2,1340,0,Charge 6
2025-12-22T15:20:44Z,2,1350,0,Charge 6
2025-12-22T15:20:45Z,2,1340,0,Charge 6
2025-12-22T15:20:46Z,1,1310,0,Charge 6
2025-12-22T15:20:47Z,2,1310,0,Charge 6
2025-12-22T15:20:48Z,2,1310,0,Charge 6
2025-12-22T15:20:49Z,2,1310,0,Charge 6
2025-12-22T15:20:50Z,2,1320,0,Charge 6
2025-12-22T15:20:51Z,1,1310,0,Charge 6
2025-12-22T15:20:52Z,2,1320,0,Charge 6
2025-12-22T15:20:53Z,2,1320,0,Charge 6
2025-12-22T15:20:54Z,1,1310,0,Charge 6
2025-12-22T15:20:55Z,1,1250,0,Charge 6
2025-12-22T15:20:56Z,2,1250,0,Charge 6
2025-12-22T15:20:57Z,2,1250,0,Charge 6
2025-12-22T15:20:58Z,2,1250,0,Charge 6
2025-12-22T15:20:59Z,2,1250,0,Charge 6
2025-12-22T15:21:00Z,1,1260,0,Charge 6
2025-12-22T15:21:01Z,2,1260,0,Charge 6
2025-12-22T15:21:02Z,2,1250,0,Charge 6
2025-12-22T15:21:03Z,2,1270,0,Charge 6
2025-12-22T15:21:04Z,2,1270,0,Charge 6
2025-12-22T15:21:05Z,2,1270,0,Charge 6
2025-12-22T15:21:06Z,2,1270,0,Charge 6
2025-12-22T15:21:07Z,1,1280,0,Charge 6
2025-12-22T15:21:08Z,2,1280,0,Charge 6
2025-12-22T15:21:09Z,2,1290,0,Charge 6
2025-12-22T15:21:10Z,2,1290,0,Charge 6
2025-12-22T15:21:11Z,2,1280,0,Charge 6
2025-12-22T15:21:12Z,2,1290,0,Charge 6
2025-12-22T15:21:13Z,1,1300,0,Charge 6
2025-12-22T15:21:14Z,2,1300,0,Charge 6
2025-12-22T15:21:15Z,2,1290,0,Charge 6
2025-12-22T15:21:16Z,2,1300,0,Charge 6
2025-12-22T15:21:17Z,1,1300,0,Charge 6
2025-12-22T15:21:18Z,2,1290,0,Charge 6
2025-12-22T15:21:19Z,2,1310,0,Charge 6
2025-12-22T15:21:20Z,2,1300,0,Charge 6
2025-12-22T15:21:21Z,2,1310,0,Charge 6
2025-12-22T15:21:22Z,1,1300,0,Charge 6
2025-12-22T15:21:23Z,2,1310,0,Charge 6
2025-12-22T15:21:24Z,1,1300,0,Charge 6
2025-12-22T15:21:25Z,2,1310,0,Charge 6
2025-12-22T15:21:26Z,2,1290,0,Charge 6
2025-12-22T15:21:27Z,2,1310,0,Charge 6
2025-12-22T15:21:28Z,2,1300,0,Charge 6
2025-12-22T15:21:29Z,2,1310,0,Charge 6
2025-12-22T15:21:30Z,2,1310,0,Charge 6
2025-12-22T15:21:31Z,2,1320,0,Charge 6
2025-12-22T15:21:32Z,2,1320,0,Charge 6
2025-12-22T15:21:33Z,2,1330,0,Charge 6
2025-12-22T15:21:34Z,1,1330,0,Charge 6
2025-12-22T15:21:35Z,2,1330,0,Charge 6
2025-12-22T15:21:36Z,2,1320,0,Charge 6
2025-12-22T15:21:37Z,2,1330,0,Charge 6
2025-12-22T15:21:38Z,2,1340,0,Charge 6
2025-12-22T15:21:39Z,1,1330,0,Charge 6
2025-12-22T15:21:40Z,2,1340,0,Charge 6
2025-12-22T15:21:41Z,2,1340,0,Charge 6
2025-12-22T15:21:42Z,2,1330,0,Charge 6
2025-12-22T15:21:43Z,2,1340,0,Charge 6
2025-12-22T15:21:44Z,1,1330,0,Charge 6
2025-12-22T15:21:45Z,2,1340,0,Charge 6
2025-12-22T15:21:46Z,2,1340,0,Charge 6
2025-12-22T15:21:47Z,2,1330,0,Charge 6
2025-12-22T15:21:48Z,1,1340,0,Charge 6
2025-12-22T15:21:49Z,2,1330,0,Charge 6
2025-12-22T15:21:50Z,2,1340,0,Charge 6
2025-12-22T15:21:51Z,1,1340,0,Charge 6
2025-12-22T15:21:52Z,2,1320,0,Charge 6
2025-12-22T15:21:53Z,2,1330,0,Charge 6
2025-12-22T15:21:54Z,1,1330,0,Charge 6
2025-12-22T15:21:55Z,2,1330,0,Charge 6
2025-12-22T15:21:56Z,2,1330,0,Charge 6
2025-12-22T15:21:57Z,2,1320,0,Charge 6
2025-12-22T15:21:58Z,2,1330,0,Charge 6
2025-12-22T15:21:59Z,2,1340,0,Charge 6
2025-12-22T15:22:00Z,1,1330,0,Charge 6
2025-12-22T15:22:01Z,2,1340,0,Charge 6
2025-12-22T15:22:02Z,2,1340,0,Charge 6
2025-12-22T15:22:03Z,2,1330,0,Charge 6
2025-12-22T15:22:04Z,2,1330,0,Charge 6
2025-12-22T15:22:05Z,1,1340,0,Charge 6
2025-12-22T15:22:06Z,2,1330,0,Charge 6
2025-12-22T15:22:07Z,1,1330,0,Charge 6
2025-12-22T15:22:08Z,3,1330,0,Charge 6
2025-12-22T15:22:09Z,2,1340,0,Charge 6
2025-12-22T15:22:10Z,2,1330,0,Charge 6
2025-12-22T15:22:11Z,1,1340,0,Charge 6
2025-12-22T15:22:12Z,2,1340,0,Charge 6
2025-12-22T15:22:13Z,2,1350,0,Charge 6
2025-12-22T15:22:14Z,1,1330,0,Charge 6
2025-12-22T15:22:15Z,2,1340,0,Charge 6
2025-12-22T15:22:16Z,1,1330,0,Charge 6
2025-12-22T15:22:17Z,2,1330,0,Charge 6
2025-12-22T15:22:18Z,2,1330,0,Charge 6
2025-12-22T15:22:19Z,2,1330,0,Charge 6
2025-12-22T15:22:20Z,1,1330,0,Charge 6
2025-12-22T15:22:21Z,2,1320,0,Charge 6
2025-12-22T15:22:22Z,2,1330,0,Charge 6
2025-12-22T15:22:23Z,1,1330,0,Charge 6
2025-12-22T15:22:24Z,2,1320,0,Charge 6
2025-12-22T15:22:25Z,2,1320,0,Charge 6
2025-12-22T15:22:26Z,2,1320,0,Charge 6
2025-12-22T15:22:27Z,2,1330,0,Charge 6
2025-12-22T15:22:28Z,2,1370,0,Charge 6
2025-12-22T15:22:29Z,1,1380,0,Charge 6
2025-12-22T15:22:30Z,2,1370,0,Charge 6
2025-12-22T15:22:31Z,2,1380,0,Charge 6
2025-12-22T15:22:32Z,2,1370,0,Charge 6
2025-12-22T15:22:33Z,1,1370,0,Charge 6
2025-12-22T15:22:34Z,2,1370,0,Charge 6
2025-12-22T15:22:35Z,2,1370,0,Charge 6
2025-12-22T15:22:36Z,2,1360,0,Charge 6
2025-12-22T15:22:37Z,2,1370,0,Charge 6
2025-12-22T15:22:38Z,1,1370,0,Charge 6
2025-12-22T15:22:39Z,1,1360,0,Charge 6
2025-12-22T15:22:40Z,1,1290,0,Charge 6
2025-12-22T15:22:41Z,3,1290,0,Charge 6
2025-12-22T15:22:42Z,2,1280,0,Charge 6
2025-12-22T15:22:43Z,1,1280,0,Charge 6
2025-12-22T15:22:44Z,2,1290,0,Charge 6
2025-12-22T15:22:45Z,2,1340,0,Charge 6
2025-12-22T15:22:46Z,2,1340,0,Charge 6
2025-12-22T15:22:47Z,1,1340,0,Charge 6
2025-12-22T15:22:48Z,2,1340,0,Charge 6
2025-12-22T15:22:49Z,2,1350,0,Charge 6
2025-12-22T15:22:50Z,2,1340,0,Charge 6
2025-12-22T15:22:51Z,2,1340,0,Charge 6
2025-12-22T15:22:52Z,1,1350,0,Charge 6
2025-12-22T15:22:53Z,2,1340,0,Charge 6
2025-12-22T15:22:54Z,2,1350,0,Charge 6
2025-12-22T15:22:55Z,2,1340,0,Charge 6
2025-12-22T15:22:56Z,1,1340,0,Charge 6
2025-12-22T15:22:57Z,2,1350,0,Charge 6
2025-12-22T15:22:58Z,2,1340,0,Charge 6
2025-12-22T15:22:59Z,2,1340,0,Charge 6
2025-12-22T15:23:00Z,2,1350,0,Charge 6
2025-12-22T15:23:01Z,2,1340,0,Charge 6
2025-12-22T15:23:02Z,1,1350,0,Charge 6
2025-12-22T15:23:03Z,2,1350,0,Charge 6
2025-12-22T15:23:04Z,2,1350,0,Charge 6
2025-12-22T15:23:05Z,2,1350,0,Charge 6
2025-12-22T15:23:06Z,2,1350,0,Charge 6
2025-12-22T15:23:07Z,1,1350,0,Charge 6
2025-12-22T15:23:08Z,2,1360,0,Charge 6
2025-12-22T15:23:09Z,2,1350,0,Charge 6
2025-12-22T15:23:10Z,2,1350,0,Charge 6
2025-12-22T15:23:11Z,2,1350,0,Charge 6
2025-12-22T15:23:12Z,2,1350,0,Charge 6
2025-12-22T15:23:13Z,1,1350,0,Charge 6
2025-12-22T15:23:14Z,2,1350,0,Charge 6
2025-12-22T15:23:15Z,2,1360,0,Charge 6
2025-12-22T15:23:16Z,2,1360,0,Charge 6
2025-12-22T15:23:17Z,2,1350,0,Charge 6
2025-12-22T15:23:18Z,1,1360,0,Charge 6
2025-12-22T15:23:19Z,2,1360,0,Charge 6
2025-12-22T15:23:20Z,2,1360,0,Charge 6
2025-12-22T15:23:21Z,2,1360,0,Charge 6
2025-12-22T15:23:22Z,2,1360,0,Charge 6
2025-12-22T15:23:23Z,2,1360,0,Charge 6
2025-12-22T15:23:24Z,2,1370,0,Charge 6
2025-12-22T15:23:25Z,1,1370,0,Charge 6
2025-12-22T15:23:26Z,2,1360,0,Charge 6
2025-12-22T15:23:27Z,2,1370,0,Charge 6
2025-12-22T15:23:28Z,2,1370,0,Charge 6
2025-12-22T15:23:29Z,1,1360,0,Charge 6
2025-12-22T15:23:30Z,2,1360,0,Charge 6
2025-12-22T15:23:31Z,2,1360,0,Charge 6
2025-12-22T15:23:32Z,2,1350,0,Charge 6
2025-12-22T15:23:33Z,2,1360,0,Charge 6
2025-12-22T15:23:34Z,1,1360,0,Charge 6
2025-12-22T15:23:35Z,1,1360,0,Charge 6
2025-12-22T15:23:36Z,3,1360,0,Charge 6
2025-12-22T15:23:37Z,2,1360,0,Charge 6
2025-12-22T15:23:38Z,2,1360,0,Charge 6
2025-12-22T15:23:39Z,1,1360,0,Charge 6
2025-12-22T15:23:40Z,2,1360,0,Charge 6
2025-12-22T15:23:41Z,2,1360,0,Charge 6
2025-12-22T15:23:42Z,2,1360,0,Charge 6
2025-12-22T15:23:43Z,2,1360,0,Charge 6
2025-12-22T15:23:44Z,2,1360,0,Charge 6
2025-12-22T15:23:45Z,2,1360,0,Charge 6
2025-12-22T15:23:46Z,1,1370,0,Charge 6
2025-12-22T15:23:47Z,2,1370,0,Charge 6
2025-12-22T15:23:48Z,2,1370,0,Charge 6
2025-12-22T15:23:49Z,2,1360,0,Charge 6
2025-12-22T15:23:50Z,1,1360,0,Charge 6
2025-12-22T15:23:51Z,1,1360,0,Charge 6
2025-12-22T15:23:52Z,2,1350,0,Charge 6
2025-12-22T15:23:53Z,2,1360,0,Charge 6
2025-12-22T15:23:54Z,2,1350,0,Charge 6
2025-12-22T15:23:55Z,1,1340,0,Charge 6
2025-12-22T15:23:56Z,2,1340,0,Charge 6
2025-12-22T15:23:57Z,2,1350,0,Charge 6
2025-12-22T15:23:58Z,2,1340,0,Charge 6
2025-12-22T15:23:59Z,1,1350,0,Charge 6
2025-12-22T15:24:00Z,2,1340,0,Charge 6
2025-12-22T15:24:01Z,2,1340,0,Charge 6
2025-12-22T15:24:02Z,2,1350,0,Charge 6
2025-12-22T15:24:03Z,2,1350,0,Charge 6
2025-12-22T15:24:04Z,2,1350,0,Charge 6
2025-12-22T15:24:05Z,2,1350,0,Charge 6
2025-12-22T15:24:06Z,2,1350,0,Charge 6
2025-12-22T15:24:07Z,2,1350,0,Charge 6
2025-12-22T15:24:08Z,2,1350,0,Charge 6
2025-12-22T15:24:09Z,2,1350,0,Charge 6
2025-12-22T15:24:10Z,2,1350,0,Charge 6
2025-12-22T15:24:11Z,2,1340,0,Charge 6
2025-12-22T15:24:12Z,2,1350,0,Charge 6
2025-12-22T15:24:13Z,1,1350,0,Charge 6
2025-12-22T15:24:14Z,3,1360,0,Charge 6
2025-12-22T15:24:15Z,1,1350,0,Charge 6
2025-12-22T15:24:16Z,2,1350,0,Charge 6
2025-12-22T15:24:17Z,2,1350,0,Charge 6
2025-12-22T15:24:18Z,2,1360,0,Charge 6
2025-12-22T15:24:19Z,1,1350,0,Charge 6
2025-12-22T15:24:20Z,2,1350,0,Charge 6
2025-12-22T15:24:21Z,2,1350,0,Charge 6
2025-12-22T15:24:22Z,2,1360,0,Charge 6
2025-12-22T15:24:23Z,2,1350,0,Charge 6
2025-12-22T15:24:24Z,1,1360,0,Charge 6
2025-12-22T15:24:25Z,2,1360,0,Charge 6
2025-12-22T15:24:26Z,2,1360,0,Charge 6
2025-12-22T15:24:27Z,1,1350,0,Charge 6
2025-12-22T15:24:28Z,2,1350,0,Charge 6
2025-12-22T15:24:29Z,2,1350,0,Charge 6
2025-12-22T15:24:30Z,1,1340,0,Charge 6
2025-12-22T15:24:31Z,2,1350,0,Charge 6
2025-12-22T15:24:32Z,3,1380,0,Charge 6
2025-12-22T15:24:33Z,2,1390,0,Charge 6
2025-12-22T15:24:34Z,1,1390,0,Charge 6
2025-12-22T15:24:35Z,2,1390,0,Charge 6
2025-12-22T15:24:36Z,2,1400,0,Charge 6
2025-12-22T15:24:37Z,2,1390,0,Charge 6
2025-12-22T15:24:38Z,2,1390,0,Charge 6
2025-12-22T15:24:39Z,2,1400,0,Charge 6
2025-12-22T15:24:40Z,1,1400,0,Charge 6
2025-12-22T15:24:41Z,2,1400,0,Charge 6
2025-12-22T15:24:42Z,1,1390,0,Charge 6
2025-12-22T15:24:43Z,2,1380,0,Charge 6
2025-12-22T15:24:44Z,0,1270,0,Charge 6
2025-12-22T15:24:45Z,1,1180,0,Charge 6
2025-12-22T15:24:46Z,3,1140,0,Charge 6
2025-12-22T15:24:47Z,2,1150,0,Charge 6
2025-12-22T15:24:48Z,2,1150,0,Charge 6
2025-12-22T15:24:49Z,2,1240,0,Charge 6
2025-12-22T15:24:50Z,2,1360,0,Charge 6
2025-12-22T15:24:51Z,2,1390,0,Charge 6
2025-12-22T15:24:52Z,1,1390,0,Charge 6
2025-12-22T15:24:53Z,2,1390,0,Charge 6
2025-12-22T15:24:54Z,2,1390,0,Charge 6
2025-12-22T15:24:55Z,2,1390,0,Charge 6
2025-12-22T15:24:56Z,2,1390,0,Charge 6
2025-12-22T15:24:57Z,1,1380,0,Charge 6
2025-12-22T15:24:58Z,2,1380,0,Charge 6
2025-12-22T15:24:59Z,2,1390,0,Charge 6
2025-12-22T15:25:00Z,2,1380,0,Charge 6
2025-12-22T15:25:01Z,2,1380,0,Charge 6
2025-12-22T15:25:02Z,2,1390,0,Charge 6
2025-12-22T15:25:03Z,1,1390,0,Charge 6
2025-12-22T15:25:04Z,2,1390,0,Charge 6
2025-12-22T15:25:05Z,2,1380,0,Charge 6
2025-12-22T15:25:06Z,2,1380,0,Charge 6
2025-12-22T15:25:07Z,2,1390,0,Charge 6
2025-12-22T15:25:08Z,1,1380,0,Charge 6
2025-12-22T15:25:09Z,2,1380,0,Charge 6
2025-12-22T15:25:10Z,1,1380,0,Charge 6
2025-12-22T15:25:11Z,2,1380,0,Charge 6
2025-12-22T15:25:12Z,2,1370,0,Charge 6
2025-12-22T15:25:13Z,2,1380,0,Charge 6
2025-12-22T15:25:14Z,1,1370,0,Charge 6
2025-12-22T15:25:15Z,2,1360,0,Charge 6
2025-12-22T15:25:16Z,2,1370,0,Charge 6
2025-12-22T15:25:17Z,2,1370,0,Charge 6
2025-12-22T15:25:18Z,2,1360,0,Charge 6
2025-12-22T15:25:19Z,0,1370,0,Charge 6
2025-12-22T15:25:20Z,1,1250,0,Charge 6
2025-12-22T15:25:21Z,1,0,0,Charge 6
2025-12-22T15:25:22Z,2,2130,0,Charge 6
2025-12-22T15:25:23Z,2,1000,0,Charge 6
2025-12-22T15:25:24Z,1,1010,0,Charge 6
2025-12-22T15:25:25Z,1,1020,0,Charge 6
2025-12-22T15:25:26Z,2,1140,0,Charge 6
2025-12-22T15:25:27Z,3,1150,0,Charge 6
2025-12-22T15:25:28Z,1,1150,0,Charge 6
2025-12-22T15:25:29Z,2,1150,0,Charge 6
2025-12-22T15:25:30Z,1,1160,0,Charge 6
2025-12-22T15:25:31Z,2,1160,0,Charge 6
2025-12-22T15:25:32Z,2,1170,0,Charge 6
2025-12-22T15:25:33Z,2,1170,0,Charge 6
2025-12-22T15:25:34Z,1,1170,0,Charge 6
2025-12-22T15:25:35Z,2,1170,0,Charge 6
2025-12-22T15:25:36Z,1,1180,0,Charge 6
2025-12-22T15:25:37Z,3,1180,0,Charge 6
2025-12-22T15:25:38Z,1,1180,0,Charge 6
2025-12-22T15:25:39Z,2,1190,0,Charge 6
2025-12-22T15:25:40Z,0,1150,0,Charge 6
2025-12-22T15:25:41Z,2,1160,0,Charge 6
2025-12-22T15:25:42Z,2,1160,0,Charge 6
2025-12-22T15:25:43Z,2,1150,0,Charge 6
2025-12-22T15:25:44Z,2,1160,0,Charge 6
2025-12-22T15:25:45Z,2,1240,0,Charge 6
2025-12-22T15:25:46Z,1,1250,0,Charge 6
2025-12-22T15:25:47Z,2,1250,0,Charge 6
2025-12-22T15:25:48Z,2,1260,0,Charge 6
2025-12-22T15:25:49Z,2,1260,0,Charge 6
2025-12-22T15:25:50Z,2,1260,0,Charge 6
2025-12-22T15:25:51Z,1,1260,0,Charge 6
2025-12-22T15:25:52Z,1,1250,0,Charge 6
2025-12-22T15:25:53Z,1,1210,0,Charge 6
2025-12-22T15:25:54Z,0,1090,0,Charge 6
2025-12-22T15:25:55Z,4,1090,0,Charge 6
2025-12-22T15:25:56Z,2,1100,0,Charge 6
2025-12-22T15:25:57Z,2,1100,0,Charge 6
2025-12-22T15:25:58Z,2,1200,0,Charge 6
2025-12-22T15:25:59Z,2,1360,0,Charge 6
2025-12-22T15:26:00Z,1,1360,0,Charge 6
2025-12-22T15:26:01Z,2,1360,0,Charge 6
2025-12-22T15:26:02Z,2,1360,0,Charge 6
2025-12-22T15:26:03Z,2,1360,0,Charge 6
2025-12-22T15:26:04Z,2,1360,0,Charge 6
2025-12-22T15:26:05Z,2,1400,0,Charge 6
2025-12-22T15:26:06Z,1,1400,0,Charge 6
2025-12-22T15:26:07Z,2,1390,0,Charge 6
2025-12-22T15:26:08Z,2,1400,0,Charge 6
2025-12-22T15:26:09Z,1,1390,0,Charge 6
2025-12-22T15:26:10Z,2,1390,0,Charge 6
2025-12-22T15:26:11Z,2,1390,0,Charge 6
2025-12-22T15:26:12Z,2,1380,0,Charge 6
2025-12-22T15:26:13Z,2,1380,0,Charge 6
2025-12-22T15:26:14Z,2,1390,0,Charge 6
2025-12-22T15:26:15Z,2,1390,0,Charge 6
2025-12-22T15:26:16Z,2,1400,0,Charge 6
2025-12-22T15:26:17Z,2,1400,0,Charge 6
2025-12-22T15:26:18Z,1,1400,0,Charge 6
2025-12-22T15:26:19Z,2,1400,0,Charge 6
2025-12-22T15:26:20Z,2,1400,0,Charge 6
2025-12-22T15:26:21Z,2,1390,0,Charge 6
2025-12-22T15:26:22Z,2,1390,0,Charge 6
2025-12-22T15:26:23Z,1,1400,0,Charge 6
2025-12-22T15:26:24Z,2,1390,0,Charge 6
2025-12-22T15:26:25Z,2,1390,0,Charge 6
2025-12-22T15:26:26Z,2,1390,0,Charge 6
2025-12-22T15:26:27Z,2,1390,0,Charge 6
2025-12-22T15:26:28Z,2,1390,0,Charge 6
2025-12-22T15:26:29Z,2,1400,0,Charge 6
2025-12-22T15:26:30Z,2,1400,0,Charge 6
2025-12-22T15:26:31Z,2,1400,0,Charge 6
2025-12-22T15:26:32Z,2,1410,0,Charge 6
2025-12-22T15:26:33Z,2,1400,0,Charge 6
2025-12-22T15:26:34Z,1,1410,0,Charge 6
2025-12-22T15:26:35Z,2,1410,0,Charge 6
2025-12-22T15:26:36Z,2,1400,0,Charge 6
2025-12-22T15:26:37Z,2,1410,0,Charge 6
2025-12-22T15:26:38Z,1,1360,0,Charge 6
2025-12-22T15:26:39Z,2,1360,0,Charge 6
2025-12-22T15:26:40Z,2,1360,0,Charge 6
2025-12-22T15:26:41Z,1,1350,0,Charge 6
2025-12-22T15:26:42Z,2,1350,0,Charge 6
2025-12-22T15:26:43Z,2,1350,0,Charge 6
2025-12-22T15:26:44Z,2,1350,0,Charge 6
2025-12-22T15:26:45Z,1,1350,0,Charge 6
2025-12-22T15:26:46Z,2,1340,0,Charge 6
2025-12-22T15:26:47Z,2,1340,0,Charge 6
2025-12-22T15:26:48Z,2,1360,0,Charge 6
2025-12-22T15:26:49Z,2,1350,0,Charge 6
2025-12-22T15:26:50Z,1,1350,0,Charge 6
2025-12-22T15:26:51Z,1,1340,0,Charge 6
2025-12-22T15:26:52Z,1,1280,0,Charge 6
2025-12-22T15:26:53Z,3,1270,0,Charge 6
2025-12-22T15:26:54Z,2,1270,0,Charge 6
2025-12-22T15:26:55Z,2,1280,0,Charge 6
2025-12-22T15:26:56Z,2,1330,0,Charge 6
2025-12-22T15:26:57Z,1,1380,0,Charge 6
2025-12-22T15:26:58Z,2,1370,0,Charge 6
2025-12-22T15:26:59Z,2,1380,0,Charge 6
2025-12-22T15:27:00Z,2,1370,0,Charge 6
2025-12-22T15:27:01Z,2,1380,0,Charge 6
2025-12-22T15:27:02Z,1,1370,0,Charge 6
2025-12-22T15:27:03Z,1,1380,0,Charge 6
2025-12-22T15:27:04Z,3,1370,0,Charge 6
2025-12-22T15:27:05Z,2,1380,0,Charge 6
2025-12-22T15:27:06Z,2,1370,0,Charge 6
2025-12-22T15:27:07Z,1,1380,0,Charge 6
2025-12-22T15:27:08Z,2,1370,0,Charge 6
2025-12-22T15:27:09Z,2,1380,0,Charge 6
2025-12-22T15:27:10Z,2,1370,0,Charge 6
2025-12-22T15:27:11Z,1,1380,0,Charge 6
2025-12-22T15:27:12Z,2,1370,0,Charge 6
2025-12-22T15:27:13Z,2,1380,0,Charge 6
2025-12-22T15:27:14Z,2,1370,0,Charge 6
2025-12-22T15:27:15Z,2,1380,0,Charge 6
2025-12-22T15:27:16Z,2,1370,0,Charge 6
2025-12-22T15:27:17Z,2,1380,0,Charge 6
2025-12-22T15:27:18Z,1,1370,0,Charge 6
2025-12-22T15:27:19Z,2,1380,0,Charge 6
2025-12-22T15:27:20Z,2,1370,0,Charge 6
2025-12-22T15:27:21Z,2,1380,0,Charge 6
2025-12-22T15:27:22Z,1,1370,0,Charge 6
2025-12-22T15:27:23Z,2,1380,0,Charge 6
2025-12-22T15:27:24Z,2,1370,0,Charge 6
2025-12-22T15:27:25Z,2,1380,0,Charge 6
2025-12-22T15:27:26Z,1,1360,0,Charge 6
2025-12-22T15:27:27Z,2,1370,0,Charge 6
2025-12-22T15:27:28Z,2,1370,0,Charge 6
2025-12-22T15:27:29Z,2,1370,0,Charge 6
2025-12-22T15:27:30Z,2,1370,0,Charge 6
2025-12-22T15:27:31Z,1,1360,0,Charge 6
2025-12-22T15:27:32Z,2,1370,0,Charge 6
2025-12-22T15:27:33Z,2,1370,0,Charge 6
2025-12-22T15:27:34Z,2,1370,0,Charge 6
2025-12-22T15:27:35Z,2,1360,0,Charge 6
2025-12-22T15:27:36Z,2,1370,0,Charge 6
2025-12-22T15:27:37Z,2,1370,0,Charge 6
2025-12-22T15:27:38Z,1,1380,0,Charge 6
2025-12-22T15:27:39Z,2,1370,0,Charge 6
2025-12-22T15:27:40Z,2,1380,0,Charge 6
2025-12-22T15:27:41Z,2,1370,0,Charge 6
2025-12-22T15:27:42Z,1,1370,0,Charge 6
2025-12-22T15:27:43Z,2,1370,0,Charge 6
2025-12-22T15:27:44Z,2,1370,0,Charge 6
2025-12-22T15:27:45Z,2,1360,0,Charge 6
2025-12-22T15:27:46Z,2,1370,0,Charge 6
2025-12-22T15:27:47Z,1,1370,0,Charge 6
2025-12-22T15:27:48Z,2,1360,0,Charge 6
2025-12-22T15:27:49Z,2,1370,0,Charge 6
2025-12-22T15:27:50Z,1,1360,0,Charge 6
2025-12-22T15:27:51Z,2,1360,0,Charge 6
2025-12-22T15:27:52Z,1,1360,0,Charge 6
2025-12-22T15:27:53Z,3,1360,0,Charge 6
2025-12-22T15:27:54Z,2,1360,0,Charge 6
2025-12-22T15:27:55Z,1,1360,0,Charge 6
2025-12-22T15:27:56Z,1,1350,0,Charge 6
2025-12-22T15:27:57Z,1,1350,0,Charge 6
2025-12-22T15:27:58Z,2,1270,0,Charge 6
2025-12-22T15:27:59Z,1,1190,0,Charge 6
2025-12-22T15:28:00Z,2,1160,0,Charge 6
2025-12-22T15:28:01Z,2,1150,0,Charge 6
2025-12-22T15:28:02Z,1,1160,0,Charge 6
2025-12-22T15:28:03Z,2,1160,0,Charge 6
2025-12-22T15:28:04Z,2,1160,0,Charge 6
2025-12-22T15:28:05Z,1,1170,0,Charge 6
2025-12-22T15:28:06Z,2,1160,0,Charge 6
2025-12-22T15:28:07Z,1,1160,0,Charge 6
2025-12-22T15:28:08Z,1,1170,0,Charge 6
2025-12-22T15:28:09Z,2,1160,0,Charge 6
2025-12-22T15:28:10Z,1,1160,0,Charge 6
2025-12-22T15:28:11Z,2,1150,0,Charge 6
2025-12-22T15:28:12Z,2,1160,0,Charge 6
2025-12-22T15:28:13Z,1,1160,0,Charge 6
2025-12-22T15:28:14Z,3,1160,0,Charge 6
2025-12-22T15:28:15Z,1,1170,0,Charge 6
2025-12-22T15:28:16Z,2,1170,0,Charge 6
2025-12-22T15:28:17Z,2,1180,0,Charge 6
2025-12-22T15:28:18Z,1,1180,0,Charge 6
2025-12-22T15:28:19Z,2,1190,0,Charge 6
2025-12-22T15:28:20Z,1,1190,0,Charge 6
2025-12-22T15:28:21Z,2,1190,0,Charge 6
2025-12-22T15:28:22Z,1,1180,0,Charge 6
2025-12-22T15:28:23Z,2,1180,0,Charge 6
2025-12-22T15:28:24Z,2,1180,0,Charge 6
2025-12-22T15:28:25Z,2,1190,0,Charge 6
2025-12-22T15:28:26Z,1,1190,0,Charge 6
2025-12-22T15:28:27Z,2,1190,0,Charge 6
2025-12-22T15:28:28Z,2,1200,0,Charge 6
2025-12-22T15:28:29Z,2,1200,0,Charge 6
2025-12-22T15:28:30Z,1,1210,0,Charge 6
2025-12-22T15:28:31Z,2,1200,0,Charge 6
2025-12-22T15:28:32Z,2,1210,0,Charge 6
2025-12-22T15:28:33Z,1,1210,0,Charge 6
2025-12-22T15:28:34Z,2,1210,0,Charge 6
2025-12-22T15:28:35Z,2,1210,0,Charge 6
2025-12-22T15:28:36Z,2,1220,0,Charge 6
2025-12-22T15:28:37Z,2,1220,0,Charge 6
2025-12-22T15:28:38Z,1,1230,0,Charge 6
2025-12-22T15:28:39Z,2,1220,0,Charge 6
2025-12-22T15:28:40Z,2,1240,0,Charge 6
2025-12-22T15:28:41Z,2,1230,0,Charge 6
2025-12-22T15:28:42Z,2,1240,0,Charge 6
2025-12-22T15:28:43Z,2,1300,0,Charge 6
2025-12-22T15:28:44Z,1,1310,0,Charge 6
2025-12-22T15:28:45Z,2,1320,0,Charge 6
2025-12-22T15:28:46Z,2,1310,0,Charge 6
2025-12-22T15:28:47Z,1,1310,0,Charge 6
2025-12-22T15:28:48Z,2,1310,0,Charge 6
2025-12-22T15:28:49Z,2,1300,0,Charge 6
2025-12-22T15:28:50Z,1,1300,0,Charge 6
2025-12-22T15:28:51Z,2,1310,0,Charge 6
2025-12-22T15:28:52Z,2,1300,0,Charge 6
2025-12-22T15:28:53Z,2,1310,0,Charge 6
2025-12-22T15:28:54Z,2,1300,0,Charge 6
2025-12-22T15:28:55Z,1,1320,0,Charge 6
2025-12-22T15:28:56Z,2,1310,0,Charge 6
2025-12-22T15:28:57Z,2,1310,0,Charge 6
2025-12-22T15:28:58Z,2,1310,0,Charge 6
2025-12-22T15:28:59Z,2,1320,0,Charge 6
2025-12-22T15:29:00Z,1,1310,0,Charge 6
2025-12-22T15:29:01Z,2,1320,0,Charge 6
2025-12-22T15:29:02Z,2,1320,0,Charge 6
2025-12-22T15:29:03Z,2,1320,0,Charge 6
2025-12-22T15:29:04Z,2,1320,0,Charge 6
2025-12-22T15:29:05Z,1,1320,0,Charge 6
2025-12-22T15:29:06Z,1,1320,0,Charge 6
2025-12-22T15:29:07Z,2,1310,0,Charge 6
2025-12-22T15:29:08Z,1,1250,0,Charge 6
2025-12-22T15:29:09Z,1,1250,0,Charge 6
2025-12-22T15:29:10Z,2,1210,0,Charge 6
2025-12-22T15:29:11Z,1,1160,0,Charge 6
2025-12-22T15:29:12Z,2,1170,0,Charge 6
2025-12-22T15:29:13Z,2,1170,0,Charge 6
2025-12-22T15:29:14Z,1,1180,0,Charge 6
2025-12-22T15:29:15Z,3,1180,0,Charge 6
2025-12-22T15:29:16Z,0,1170,0,Charge 6
2025-12-22T15:29:17Z,0,2950,0,Charge 6
2025-12-22T15:29:18Z,0,0,0,Charge 6
2025-12-22T15:29:19Z,0,0,0,Charge 6
2025-12-22T15:29:20Z,0,0,0,Charge 6
2025-12-22T15:29:21Z,0,0,0,Charge 6
2025-12-22T15:29:22Z,0,0,0,Charge 6
2025-12-22T15:29:23Z,0,0,0,Charge 6
2025-12-22T15:29:24Z,1,0,0,Charge 6
2025-12-22T15:29:25Z,3,0,0,Charge 6
2025-12-22T15:29:26Z,1,0,0,Charge 6
2025-12-22T15:29:27Z,1,0,0,Charge 6
2025-12-22T15:29:28Z,2,140,0,Charge 6
2025-12-22T15:29:29Z,2,320,0,Charge 6
2025-12-22T15:29:30Z,2,530,0,Charge 6
2025-12-22T15:29:31Z,2,760,0,Charge 6
2025-12-22T15:29:32Z,0,930,0,Charge 6
2025-12-22T15:29:33Z,4,1060,0,Charge 6
2025-12-22T15:29:34Z,1,1120,0,Charge 6
2025-12-22T15:29:35Z,2,1160,0,Charge 6
2025-12-22T15:29:36Z,1,1170,0,Charge 6
2025-12-22T15:29:37Z,1,1190,0,Charge 6
2025-12-22T15:29:38Z,2,1250,0,Charge 6
2025-12-22T15:29:39Z,2,1250,0,Charge 6
2025-12-22T15:29:40Z,1,1230,0,Charge 6
2025-12-22T15:29:41Z,2,1230,0,Charge 6
2025-12-22T15:29:42Z,1,1240,0,Charge 6
2025-12-22T15:29:43Z,1,1230,0,Charge 6
2025-12-22T15:29:44Z,4,1270,0,Charge 6
2025-12-22T15:29:45Z,2,1330,0,Charge 6
2025-12-22T15:29:46Z,1,1330,0,Charge 6
2025-12-22T15:29:47Z,2,1390,0,Charge 6
2025-12-22T15:29:48Z,2,1450,0,Charge 6
2025-12-22T15:29:49Z,1,1440,0,Charge 6
2025-12-22T15:29:50Z,2,1440,0,Charge 6
2025-12-22T15:29:51Z,1,1440,0,Charge 6
2025-12-22T15:29:52Z,2,1430,0,Charge 6
2025-12-22T15:29:53Z,2,1420,0,Charge 6
2025-12-22T15:29:54Z,2,1420,0,Charge 6
2025-12-22T15:29:55Z,2,1420,0,Charge 6
2025-12-22T15:29:56Z,2,1450,0,Charge 6
2025-12-22T15:29:57Z,2,1460,0,Charge 6
2025-12-22T15:29:58Z,3,1520,0,Charge 6
2025-12-22T15:29:59Z,2,1550,0,Charge 6
2025-12-22T15:30:00Z,2,1580,0,Charge 6
2025-12-22T15:30:01Z,2,1600,0,Charge 6
2025-12-22T15:30:02Z,2,1620,0,Charge 6
2025-12-22T15:30:03Z,2,1610,0,Charge 6
2025-12-22T15:30:04Z,2,1620,0,Charge 6
2025-12-22T15:30:05Z,2,1610,0,Charge 6
2025-12-22T15:30:06Z,2,1610,0,Charge 6
2025-12-22T15:30:07Z,2,1610,0,Charge 6
2025-12-22T15:30:08Z,2,1600,0,Charge 6
2025-12-22T15:30:09Z,2,1600,0,Charge 6
2025-12-22T15:30:10Z,2,1600,0,Charge 6
2025-12-22T15:30:11Z,2,1610,0,Charge 6
2025-12-22T15:30:12Z,3,1600,0,Charge 6
2025-12-22T15:30:13Z,2,1600,0,Charge 6
2025-12-22T15:30:14Z,2,1600,0,Charge 6
2025-12-22T15:30:15Z,2,1600,0,Charge 6
2025-12-22T15:30:16Z,2,1610,0,Charge 6
2025-12-22T15:30:17Z,2,1600,0,Charge 6
2025-12-22T15:30:18Z,2,1600,0,Charge 6
2025-12-22T15:30:19Z,2,1610,0,Charge 6
2025-12-22T15:30:20Z,3,1600,0,Charge 6
2025-12-22T15:30:21Z,2,1600,0,Charge 6
2025-12-22T15:30:22Z,2,1600,0,Charge 6
2025-12-22T15:30:23Z,2,1610,0,Charge 6
2025-12-22T15:30:24Z,2,1610,0,Charge 6
2025-12-22T15:30:25Z,2,1610,0,Charge 6
2025-12-22T15:30:26Z,2,1600,0,Charge 6
2025-12-22T15:30:27Z,2,1600,0,Charge 6
2025-12-22T15:30:28Z,2,1600,0,Charge 6
2025-12-22T15:30:29Z,2,1600,0,Charge 6
2025-12-22T15:30:30Z,2,1590,0,Charge 6
2025-12-22T15:30:31Z,2,1600,0,Charge 6
2025-12-22T15:30:32Z,2,1590,0,Charge 6
2025-12-22T15:30:33Z,2,1580,0,Charge 6
2025-12-22T15:30:34Z,2,1590,0,Charge 6
2025-12-22T15:30:35Z,2,1590,0,Charge 6
2025-12-22T15:30:36Z,1,1570,0,Charge 6
2025-12-22T15:30:37Z,1,1490,0,Charge 6
2025-12-22T15:30:38Z,2,1420,0,Charge 6
2025-12-22T15:30:39Z,2,1370,0,Charge 6
2025-12-22T15:30:40Z,0,1250,0,Charge 6
2025-12-22T15:30:41Z,2,1200,0,Charge 6
2025-12-22T15:30:42Z,2,1200,0,Charge 6
2025-12-22T15:30:43Z,2,1210,0,Charge 6
2025-12-22T15:30:44Z,1,1160,0,Charge 6
2025-12-22T15:30:45Z,1,1170,0,Charge 6
2025-12-22T15:30:46Z,2,1180,0,Charge 6
2025-12-22T15:30:47Z,1,1140,0,Charge 6
2025-12-22T15:30:48Z,2,1120,0,Charge 6
2025-12-22T15:30:49Z,2,1120,0,Charge 6
2025-12-22T15:30:50Z,2,1130,0,Charge 6
2025-12-22T15:30:51Z,1,1120,0,Charge 6
2025-12-22T15:30:52Z,2,1130,0,Charge 6
2025-12-22T15:30:53Z,2,1130,0,Charge 6
2025-12-22T15:30:54Z,1,1130,0,Charge 6
2025-12-22T15:30:55Z,2,1140,0,Charge 6
2025-12-22T15:30:56Z,2,1140,0,Charge 6
2025-12-22T15:30:57Z,1,1150,0,Charge 6
2025-12-22T15:30:58Z,2,1150,0,Charge 6
2025-12-22T15:30:59Z,1,1150,0,Charge 6
2025-12-22T15:31:00Z,2,1150,0,Charge 6
2025-12-22T15:31:01Z,0,1080,0,Charge 6
2025-12-22T15:31:02Z,0,1010,0,Charge 6
2025-12-22T15:31:03Z,0,870,0,Charge 6
2025-12-22T15:31:04Z,0,0,0,Charge 6
2025-12-22T15:31:05Z,0,0,0,Charge 6
2025-12-22T15:31:06Z,0,0,0,Charge 6
2025-12-22T15:31:07Z,2,0,0,Charge 6
2025-12-22T15:31:08Z,0,0,0,Charge 6
2025-12-22T15:31:09Z,1,0,0,Charge 6
2025-12-22T15:31:10Z,2,0,0,Charge 6
2025-12-22T15:31:11Z,1,0,0,Charge 6
2025-12-22T15:31:12Z,1,0,0,Charge 6
2025-12-22T15:31:13Z,1,140,0,Charge 6
2025-12-22T15:31:14Z,2,320,0,Charge 6
2025-12-22T15:31:15Z,1,490,0,Charge 6
2025-12-22T15:31:16Z,0,630,0,Charge 6
2025-12-22T15:31:17Z,0,710,0,Charge 6
2025-12-22T15:31:18Z,0,650,0,Charge 6
2025-12-22T15:31:19Z,0,0,0,Charge 6
2025-12-22T15:31:20Z,0,0,0,Charge 6
2025-12-22T15:31:21Z,0,0,0,Charge 6
2025-12-22T15:31:22Z,0,0,0,Charge 6
2025-12-22T15:31:23Z,0,0,0,Charge 6
2025-12-22T15:31:24Z,0,0,0,Charge 6
2025-12-22T15:31:25Z,0,0,0,Charge 6
2025-12-22T15:31:26Z,0,0,0,Charge 6
2025-12-22T15:31:27Z,0,0,0,Charge 6
2025-12-22T15:31:28Z,0,0,0,Charge 6
2025-12-22T15:31:29Z,0,0,0,Charge 6
2025-12-22T15:31:30Z,0,0,0,Charge 6
2025-12-22T15:31:31Z,2,0,0,Charge 6
2025-12-22T15:31:32Z,1,0,0,Charge 6
2025-12-22T15:31:33Z,1,0,0,Charge 6
2025-12-22T15:31:34Z,2,140,0,Charge 6
2025-12-22T15:31:35Z,1,290,0,Charge 6
2025-12-22T15:31:36Z,1,430,0,Charge 6
2025-12-22T15:31:37Z,1,580,0,Charge 6
2025-12-22T15:31:38Z,0,690,0,Charge 6
2025-12-22T15:31:39Z,0,620,0,Charge 6
2025-12-22T15:31:40Z,0,0,0,Charge 6
2025-12-22T15:31:41Z,0,0,0,Charge 6
2025-12-22T15:31:42Z,0,0,0,Charge 6
2025-12-22T15:31:43Z,0,0,0,Charge 6
2025-12-22T15:31:44Z,0,0,0,Charge 6
2025-12-22T15:31:45Z,0,0,0,Charge 6
2025-12-22T15:31:46Z,0,0,0,Charge 6
2025-12-22T15:31:47Z,0,0,0,Charge 6
2025-12-22T15:31:48Z,0,0,0,Charge 6
2025-12-22T15:31:49Z,0,0,0,Charge 6
2025-12-22T15:31:50Z,0,0,0,Charge 6
2025-12-22T15:31:51Z,0,0,0,Charge 6
2025-12-22T15:31:52Z,0,0,0,Charge 6
2025-12-22T15:31:53Z,0,0,0,Charge 6
2025-12-22T15:31:54Z,0,0,0,Charge 6
2025-12-22T15:31:55Z,0,0,0,Charge 6
2025-12-22T15:31:56Z,0,0,0,Charge 6
2025-12-22T15:31:57Z,0,0,0,Charge 6
2025-12-22T15:31:58Z,0,0,0,Charge 6
2025-12-22T15:31:59Z,0,0,0,Charge 6
2025-12-22T15:32:00Z,0,0,0,Charge 6
2025-12-22T15:32:01Z,0,0,0,Charge 6
2025-12-22T15:32:02Z,0,0,0,Charge 6
2025-12-22T15:32:03Z,0,0,0,Charge 6
2025-12-22T15:32:04Z,0,0,0,Charge 6
2025-12-22T15:32:05Z,0,0,0,Charge 6
2025-12-22T15:32:06Z,0,0,0,Charge 6
2025-12-22T15:32:07Z,0,0,0,Charge 6
2025-12-22T15:32:08Z,0,0,0,Charge 6
2025-12-22T15:32:09Z,0,0,0,Charge 6
2025-12-22T15:32:10Z,0,0,0,Charge 6
2025-12-22T15:32:11Z,0,0,0,Charge 6
2025-12-22T15:32:12Z,0,0,0,Charge 6
2025-12-22T15:32:13Z,0,0,0,Charge 6
2025-12-22T15:32:14Z,0,0,0,Charge 6
2025-12-22T15:32:15Z,0,0,0,Charge 6
2025-12-22T15:32:16Z,0,0,0,Charge 6
2025-12-22T15:32:17Z,0,0,0,Charge 6
2025-12-22T15:32:18Z,0,0,0,Charge 6
2025-12-22T15:32:19Z,0,0,0,Charge 6
2025-12-22T15:32:20Z,0,0,0,Charge 6
2025-12-22T15:32:21Z,0,0,0,Charge 6
2025-12-22T15:32:22Z,0,0,0,Charge 6
2025-12-22T15:32:23Z,0,0,0,Charge 6
2025-12-22T15:32:24Z,0,0,0,Charge 6
2025-12-22T15:32:25Z,0,0,0,Charge 6
2025-12-22T15:32:26Z,0,0,0,Charge 6
2025-12-22T15:32:27Z,0,0,0,Charge 6
2025-12-22T15:32:28Z,0,0,0,Charge 6
2025-12-22T15:32:29Z,2,0,0,Charge 6
2025-12-22T15:32:30Z,2,0,0,Charge 6
2025-12-22T15:32:31Z,0,0,0,Charge 6
2025-12-22T15:32:32Z,0,0,0,Charge 6
2025-12-22T15:32:33Z,0,0,0,Charge 6
2025-12-22T15:32:34Z,0,0,0,Charge 6
2025-12-22T15:32:35Z,0,0,0,Charge 6
2025-12-22T15:32:36Z,0,0,0,Charge 6
2025-12-22T15:32:37Z,0,0,0,Charge 6
2025-12-22T15:32:38Z,0,0,0,Charge 6
2025-12-22T15:32:39Z,0,0,0,Charge 6
2025-12-22T15:32:40Z,0,0,0,Charge 6
2025-12-22T15:32:41Z,0,0,0,Charge 6
2025-12-22T15:32:42Z,0,0,0,Charge 6
2025-12-22T15:32:43Z,0,0,0,Charge 6
2025-12-22T15:32:44Z,0,0,0,Charge 6
2025-12-22T15:32:45Z,0,0,0,Charge 6
2025-12-22T15:32:46Z,0,0,0,Charge 6
2025-12-22T15:32:47Z,0,0,0,Charge 6
2025-12-22T15:32:48Z,0,0,0,Charge 6
2025-12-22T15:32:49Z,0,0,0,Charge 6
2025-12-22T15:32:50Z,0,0,0,Charge 6
2025-12-22T15:32:51Z,0,0,0,Charge 6
2025-12-22T15:32:52Z,0,0,0,Charge 6
2025-12-22T15:32:53Z,0,0,0,Charge 6
2025-12-22T15:32:54Z,0,0,0,Charge 6
2025-12-22T15:32:55Z,0,0,0,Charge 6
2025-12-22T15:32:56Z,0,0,0,Charge 6
2025-12-22T15:32:57Z,0,0,0,Charge 6
2025-12-22T15:32:58Z,0,0,0,Charge 6
2025-12-22T15:32:59Z,0,0,0,Charge 6
2025-12-22T15:33:00Z,0,0,0,Charge 6
2025-12-22T15:33:01Z,0,0,0,Charge 6
2025-12-22T15:33:02Z,0,0,0,Charge 6
2025-12-22T15:33:03Z,0,0,0,Charge 6
2025-12-22T15:33:04Z,0,0,0,Charge 6
2025-12-22T15:33:05Z,0,0,0,Charge 6
2025-12-22T15:33:06Z,0,0,0,Charge 6
2025-12-22T15:33:07Z,0,0,0,Charge 6
2025-12-22T15:33:08Z,0,0,0,Charge 6
2025-12-22T15:33:09Z,0,0,0,Charge 6
2025-12-22T15:33:10Z,0,0,0,Charge 6
2025-12-22T15:33:11Z,0,0,0,Charge 6
2025-12-22T15:33:12Z,0,0,0,Charge 6
2025-12-22T15:33:13Z,0,0,0,Charge 6
2025-12-22T15:33:14Z,0,0,0,Charge 6
2025-12-22T15:33:15Z,0,0,0,Charge 6
2025-12-22T15:33:16Z,0,0,0,Charge 6
2025-12-22T15:33:17Z,0,0,0,Charge 6
2025-12-22T15:33:18Z,0,0,0,Charge 6
2025-12-22T15:33:19Z,0,0,0,Charge 6
2025-12-22T15:33:20Z,0,0,0,Charge 6
2025-12-22T15:33:21Z,0,0,0,Charge 6
2025-12-22T15:33:22Z,0,0,0,Charge 6
2025-12-22T15:33:23Z,0,0,0,Charge 6
2025-12-22T15:33:24Z,0,0,0,Charge 6
2025-12-22T15:33:25Z,0,0,0,Charge 6
2025-12-22T15:33:26Z,0,0,0,Charge 6
2025-12-22T15:33:27Z,0,0,0,Charge 6
2025-12-22T15:33:28Z,0,0,0,Charge 6
2025-12-22T15:33:29Z,0,0,0,Charge 6
2025-12-22T15:33:30Z,0,0,0,Charge 6
2025-12-22T15:33:31Z,0,0,0,Charge 6
2025-12-22T15:33:32Z,0,0,0,Charge 6
2025-12-22T15:33:33Z,0,0,0,Charge 6
2025-12-22T15:33:34Z,0,0,0,Charge 6
2025-12-22T15:33:35Z,0,0,0,Charge 6
2025-12-22T15:33:36Z,0,0,0,Charge 6
2025-12-22T15:33:37Z,0,0,0,Charge 6
2025-12-22T15:33:38Z,0,0,0,Charge 6
2025-12-22T15:33:39Z,0,0,0,Charge 6
2025-12-22T15:33:40Z,0,0,0,Charge 6
2025-12-22T15:33:41Z,0,0,0,Charge 6
2025-12-22T15:33:42Z,0,0,0,Charge 6
2025-12-22T15:33:43Z,0,0,0,Charge 6
2025-12-22T15:33:44Z,0,0,0,Charge 6
2025-12-22T15:33:45Z,0,0,0,Charge 6
2025-12-22T15:33:46Z,0,0,0,Charge 6
2025-12-22T15:33:47Z,0,0,0,Charge 6
2025-12-22T15:33:48Z,0,0,0,Charge 6
2025-12-22T15:33:49Z,0,0,0,Charge 6
2025-12-22T15:33:50Z,0,0,0,Charge 6
2025-12-22T15:33:51Z,0,0,0,Charge 6
2025-12-22T15:33:52Z,0,0,0,Charge 6
2025-12-22T15:33:53Z,0,0,0,Charge 6
2025-12-22T15:33:54Z,0,0,0,Charge 6
2025-12-22T15:33:55Z,0,0,0,Charge 6
2025-12-22T15:33:56Z,0,0,0,Charge 6
2025-12-22T15:33:57Z,0,0,0,Charge 6
2025-12-22T15:33:58Z,0,0,0,Charge 6
2025-12-22T15:33:59Z,0,0,0,Charge 6
2025-12-22T15:34:00Z,0,0,0,Charge 6
2025-12-22T15:34:01Z,0,0,0,Charge 6
2025-12-22T15:34:02Z,0,0,0,Charge 6
2025-12-22T15:34:03Z,0,0,0,Charge 6
2025-12-22T15:34:04Z,0,0,0,Charge 6
2025-12-22T15:34:05Z,0,0,0,Charge 6
2025-12-22T15:34:06Z,0,0,0,Charge 6
2025-12-22T15:34:07Z,0,0,0,Charge 6
2025-12-22T15:34:08Z,0,0,0,Charge 6
2025-12-22T15:34:09Z,0,0,0,Charge 6
2025-12-22T15:34:10Z,2,0,0,Charge 6
2025-12-22T15:34:11Z,2,0,0,Charge 6
2025-12-22T15:34:12Z,0,0,0,Charge 6
2025-12-22T15:34:13Z,0,0,0,Charge 6
2025-12-22T15:34:14Z,0,0,0,Charge 6
2025-12-22T15:34:15Z,0,0,0,Charge 6
2025-12-22T15:34:16Z,0,0,0,Charge 6
2025-12-22T15:34:17Z,0,0,0,Charge 6
2025-12-22T15:34:18Z,0,0,0,Charge 6
2025-12-22T15:34:19Z,0,0,0,Charge 6
2025-12-22T15:34:20Z,0,0,0,Charge 6
2025-12-22T15:34:21Z,0,0,0,Charge 6
2025-12-22T15:34:22Z,0,0,0,Charge 6
2025-12-22T15:34:23Z,0,0,0,Charge 6
2025-12-22T15:34:24Z,0,0,0,Charge 6
2025-12-22T15:34:25Z,0,0,0,Charge 6
2025-12-22T15:34:26Z,0,0,0,Charge 6
2025-12-22T15:34:27Z,0,0,0,Charge 6
2025-12-22T15:34:28Z,0,0,0,Charge 6
2025-12-22T15:34:29Z,0,0,0,Charge 6
2025-12-22T15:34:30Z,0,0,0,Charge 6
2025-12-22T15:34:31Z,0,0,0,Charge 6
2025-12-22T15:34:32Z,0,0,0,Charge 6
2025-12-22T15:34:33Z,0,0,0,Charge 6
2025-12-22T15:34:34Z,0,0,0,Charge 6
2025-12-22T15:34:35Z,0,0,0,Charge 6
2025-12-22T15:34:36Z,0,0,0,Charge 6
2025-12-22T15:34:37Z,0,0,0,Charge 6
2025-12-22T15:34:38Z,0,0,0,Charge 6
2025-12-22T15:34:39Z,0,0,0,Charge 6
2025-12-22T15:34:40Z,0,0,0,Charge 6
2025-12-22T15:34:41Z,0,0,0,Charge 6
2025-12-22T15:34:42Z,0,0,0,Charge 6
2025-12-22T15:34:43Z,0,0,0,Charge 6
2025-12-22T15:34:44Z,0,0,0,Charge 6
2025-12-22T15:34:45Z,0,0,0,Charge 6
2025-12-22T15:34:46Z,0,0,0,Charge 6
2025-12-22T15:34:47Z,0,0,0,Charge 6
2025-12-22T15:34:48Z,0,0,0,Charge 6
2025-12-22T15:34:49Z,0,0,0,Charge 6
2025-12-22T15:34:50Z,0,0,0,Charge 6
2025-12-22T15:34:51Z,0,0,0,Charge 6
2025-12-22T15:34:52Z,0,0,0,Charge 6
2025-12-22T15:34:53Z,0,0,0,Charge 6
2025-12-22T15:34:54Z,0,0,0,Charge 6
2025-12-22T15:34:55Z,0,0,0,Charge 6
2025-12-22T15:34:56Z,0,0,0,Charge 6
2025-12-22T15:34:57Z,0,0,0,Charge 6
2025-12-22T15:34:58Z,0,0,0,Charge 6
2025-12-22T15:34:59Z,0,0,0,Charge 6
2025-12-22T15:35:00Z,0,0,0,Charge 6
2025-12-22T15:35:01Z,0,0,0,Charge 6
2025-12-22T15:35:02Z,0,0,0,Charge 6
2025-12-22T15:35:03Z,0,0,0,Charge 6
2025-12-22T15:35:04Z,0,0,0,Charge 6
2025-12-22T15:35:05Z,0,0,0,Charge 6
2025-12-22T15:35:06Z,0,0,0,Charge 6
2025-12-22T15:35:07Z,0,0,0,Charge 6
2025-12-22T15:35:08Z,0,0,0,Charge 6
2025-12-22T15:35:09Z,0,0,0,Charge 6
2025-12-22T15:35:10Z,0,0,0,Charge 6
2025-12-22T15:35:11Z,0,0,0,Charge 6
2025-12-22T15:35:12Z,0,0,0,Charge 6
2025-12-22T15:35:13Z,0,0,0,Charge 6
2025-12-22T15:35:14Z,0,0,0,Charge 6
2025-12-22T15:35:15Z,0,0,0,Charge 6
2025-12-22T15:35:16Z,0,0,0,Charge 6
2025-12-22T15:35:17Z,0,0,0,Charge 6
2025-12-22T15:35:18Z,0,0,0,Charge 6
2025-12-22T15:35:19Z,0,0,0,Charge 6
2025-12-22T15:35:20Z,0,0,0,Charge 6
2025-12-22T15:35:21Z,0,0,0,Charge 6
2025-12-22T15:35:22Z,0,0,0,Charge 6
2025-12-22T15:35:23Z,0,0,0,Charge 6
2025-12-22T15:35:24Z,0,0,0,Charge 6
2025-12-22T15:35:25Z,0,0,0,Charge 6
2025-12-22T15:35:26Z,0,0,0,Charge 6
2025-12-22T15:35:27Z,0,0,0,Charge 6
2025-12-22T15:35:28Z,0,0,0,Charge 6
2025-12-22T15:35:29Z,0,0,0,Charge 6
2025-12-22T15:35:30Z,0,0,0,Charge 6
2025-12-22T15:35:31Z,0,0,0,Charge 6
2025-12-22T15:35:32Z,0,0,0,Charge 6
2025-12-22T15:35:33Z,0,0,0,Charge 6
2025-12-22T15:35:34Z,0,0,0,Charge 6
2025-12-22T15:35:35Z,0,0,0,Charge 6
2025-12-22T15:35:36Z,0,0,0,Charge 6
2025-12-22T15:35:37Z,0,0,0,Charge 6
2025-12-22T15:35:38Z,0,0,0,Charge 6
2025-12-22T15:35:39Z,0,0,0,Charge 6
2025-12-22T15:35:40Z,0,0,0,Charge 6
2025-12-22T15:35:41Z,0,0,0,Charge 6
2025-12-22T15:35:42Z,0,0,0,Charge 6
2025-12-22T15:35:43Z,0,0,0,Charge 6
2025-12-22T15:35:44Z,0,0,0,Charge 6
2025-12-22T15:35:45Z,0,0,0,Charge 6
2025-12-22T15:35:46Z,0,0,0,Charge 6
2025-12-22T15:35:47Z,0,0,0,Charge 6
2025-12-22T15:35:48Z,0,0,0,Charge 6
2025-12-22T15:35:49Z,0,0,0,Charge 6
2025-12-22T15:35:50Z,2,0,0,Charge 6
2025-12-22T15:35:51Z,2,0,0,Charge 6
2025-12-22T15:35:52Z,0,0,0,Charge 6
2025-12-22T15:35:53Z,0,0,0,Charge 6
2025-12-22T15:35:54Z,0,0,0,Charge 6
2025-12-22T15:35:55Z,0,0,0,Charge 6
2025-12-22T15:35:56Z,0,0,0,Charge 6
2025-12-22T15:35:57Z,0,0,0,Charge 6
2025-12-22T15:35:58Z,0,0,0,Charge 6
2025-12-22T15:35:59Z,0,0,0,Charge 6
2025-12-22T15:36:00Z,0,0,0,Charge 6
2025-12-22T15:36:01Z,0,0,0,Charge 6
2025-12-22T15:36:02Z,0,0,0,Charge 6
2025-12-22T15:36:03Z,0,0,0,Charge 6
2025-12-22T15:36:04Z,0,0,0,Charge 6
2025-12-22T15:36:05Z,0,0,0,Charge 6
2025-12-22T15:36:06Z,0,0,0,Charge 6
2025-12-22T15:36:07Z,0,0,0,Charge 6
2025-12-22T15:36:08Z,0,0,0,Charge 6
2025-12-22T15:36:09Z,0,0,0,Charge 6
2025-12-22T15:36:10Z,0,0,0,Charge 6
2025-12-22T15:36:11Z,0,0,0,Charge 6
2025-12-22T15:36:12Z,0,0,0,Charge 6
2025-12-22T15:36:13Z,0,0,0,Charge 6
2025-12-22T15:36:14Z,0,0,0,Charge 6
2025-12-22T15:36:15Z,0,0,0,Charge 6
2025-12-22T15:36:16Z,0,0,0,Charge 6
2025-12-22T15:36:17Z,0,0,0,Charge 6
2025-12-22T15:36:18Z,0,0,0,Charge 6
2025-12-22T15:36:19Z,0,0,0,Charge 6
2025-12-22T15:36:20Z,0,0,0,Charge 6
2025-12-22T15:36:21Z,0,0,0,Charge 6
2025-12-22T15:36:22Z,0,0,0,Charge 6
2025-12-22T15:36:23Z,0,0,0,Charge 6
2025-12-22T15:36:24Z,0,0,0,Charge 6
2025-12-22T15:36:25Z,0,0,0,Charge 6
2025-12-22T15:36:26Z,0,0,0,Charge 6
2025-12-22T15:36:27Z,0,0,0,Charge 6
2025-12-22T15:36:28Z,0,0,0,Charge 6
2025-12-22T15:36:29Z,0,0,0,Charge 6
2025-12-22T15:36:30Z,0,0,0,Charge 6
2025-12-22T15:36:31Z,0,0,0,Charge 6
2025-12-22T15:36:32Z,0,0,0,Charge 6
2025-12-22T15:36:33Z,0,0,0,Charge 6
2025-12-22T15:36:34Z,0,0,0,Charge 6
2025-12-22T15:36:35Z,0,0,0,Charge 6
2025-12-22T15:36:36Z,0,0,0,Charge 6
2025-12-22T15:36:37Z,0,0,0,Charge 6
2025-12-22T15:36:38Z,0,0,0,Charge 6
2025-12-22T15:36:39Z,0,0,0,Charge 6
2025-12-22T15:36:40Z,0,0,0,Charge 6
2025-12-22T15:36:41Z,0,0,0,Charge 6
2025-12-22T15:36:42Z,0,0,0,Charge 6
2025-12-22T15:36:43Z,0,0,0,Charge 6
2025-12-22T15:36:44Z,0,0,0,Charge 6
2025-12-22T15:36:45Z,0,0,0,Charge 6
2025-12-22T15:36:46Z,0,0,0,Charge 6
2025-12-22T15:36:47Z,0,0,0,Charge 6
2025-12-22T15:36:48Z,0,0,0,Charge 6
2025-12-22T15:36:49Z,0,0,0,Charge 6
2025-12-22T15:36:50Z,0,0,0,Charge 6
2025-12-22T15:36:51Z,0,0,0,Charge 6
2025-12-22T15:36:52Z,0,0,0,Charge 6
2025-12-22T15:36:53Z,0,0,0,Charge 6
2025-12-22T15:36:54Z,0,0,0,Charge 6
2025-12-22T15:36:55Z,0,0,0,Charge 6
2025-12-22T15:36:56Z,0,0,0,Charge 6
2025-12-22T15:36:57Z,0,0,0,Charge 6
2025-12-22T15:36:58Z,0,0,0,Charge 6
2025-12-22T15:36:59Z,0,0,0,Charge 6
2025-12-22T15:37:00Z,0,0,0,Charge 6
2025-12-22T15:37:01Z,0,0,0,Charge 6
2025-12-22T15:37:02Z,0,0,0,Charge 6
2025-12-22T15:37:03Z,0,0,0,Charge 6
2025-12-22T15:37:04Z,0,0,0,Charge 6
2025-12-22T15:37:05Z,0,0,0,Charge 6
2025-12-22T15:37:06Z,0,0,0,Charge 6
2025-12-22T15:37:07Z,0,0,0,Charge 6
2025-12-22T15:37:08Z,0,0,0,Charge 6
2025-12-22T15:37:09Z,0,0,0,Charge 6
2025-12-22T15:37:10Z,0,0,0,Charge 6
2025-12-22T15:37:11Z,0,0,0,Charge 6
2025-12-22T15:37:12Z,0,0,0,Charge 6
2025-12-22T15:37:13Z,0,0,0,Charge 6
2025-12-22T15:37:14Z,0,0,0,Charge 6
2025-12-22T15:37:15Z,0,0,0,Charge 6
2025-12-22T15:37:16Z,0,0,0,Charge 6
2025-12-22T15:37:17Z,0,0,0,Charge 6
2025-12-22T15:37:18Z,0,0,0,Charge 6
2025-12-22T15:37:19Z,0,0,0,Charge 6
2025-12-22T15:37:20Z,0,0,0,Charge 6
2025-12-22T15:37:21Z,0,0,0,Charge 6
2025-12-22T15:37:22Z,0,0,0,Charge 6
2025-12-22T15:37:23Z,0,0,0,Charge 6
2025-12-22T15:37:24Z,0,0,0,Charge 6
2025-12-22T15:37:25Z,0,0,0,Charge 6
2025-12-22T15:37:26Z,0,0,0,Charge 6
2025-12-22T15:37:27Z,0,0,0,Charge 6
2025-12-22T15:37:28Z,0,0,0,Charge 6
2025-12-22T15:37:29Z,0,0,0,Charge 6
2025-12-22T15:37:31Z,0,0,0,Charge 6
2025-12-22T15:37:32Z,0,0,0,Charge 6
2025-12-22T15:37:33Z,0,0,0,Charge 6
2025-12-22T15:37:34Z,0,0,0,Charge 6
2025-12-22T15:37:35Z,0,0,0,Charge 6
2025-12-22T15:37:36Z,0,0,0,Charge 6
2025-12-22T15:37:37Z,0,0,0,Charge 6
2025-12-22T15:37:38Z,0,0,0,Charge 6
2025-12-22T15:37:39Z,0,0,0,Charge 6
2025-12-22T15:37:40Z,0,0,0,Charge 6
2025-12-22T15:37:41Z,0,0,0,Charge 6
2025-12-22T15:37:42Z,0,0,0,Charge 6
2025-12-22T15:37:43Z,0,0,0,Charge 6
2025-12-22T15:37:44Z,0,0,0,Charge 6
2025-12-22T15:37:45Z,0,0,0,Charge 6
2025-12-22T15:37:46Z,0,0,0,Charge 6
2025-12-22T15:37:47Z,0,0,0,Charge 6
2025-12-22T15:37:48Z,0,0,0,Charge 6
2025-12-22T15:37:49Z,0,0,0,Charge 6
2025-12-22T15:37:50Z,1,0,0,Charge 6
2025-12-22T15:37:51Z,1,0,0,Charge 6
2025-12-22T15:37:52Z,0,0,0,Charge 6
2025-12-22T15:37:53Z,4,0,0,Charge 6
2025-12-22T15:37:54Z,0,0,0,Charge 6
2025-12-22T15:37:55Z,2,0,0,Charge 6
2025-12-22T15:37:56Z,0,0,0,Charge 6
2025-12-22T15:37:57Z,2,0,0,Charge 6
2025-12-22T15:37:58Z,2,140,0,Charge 6
2025-12-22T15:37:59Z,0,250,0,Charge 6
2025-12-22T15:38:00Z,1,360,0,Charge 6
2025-12-22T15:38:01Z,0,460,0,Charge 6
2025-12-22T15:38:02Z,0,520,0,Charge 6
2025-12-22T15:38:03Z,0,0,0,Charge 6
2025-12-22T15:38:04Z,0,0,0,Charge 6
2025-12-22T15:38:05Z,0,0,0,Charge 6
2025-12-22T15:38:06Z,0,0,0,Charge 6
2025-12-22T15:38:07Z,0,0,0,Charge 6
2025-12-22T15:38:08Z,0,0,0,Charge 6
2025-12-22T15:38:09Z,0,0,0,Charge 6
2025-12-22T15:38:10Z,0,0,0,Charge 6
2025-12-22T15:38:11Z,0,0,0,Charge 6
2025-12-22T15:38:12Z,0,0,0,Charge 6
2025-12-22T15:38:13Z,0,0,0,Charge 6
2025-12-22T15:38:14Z,0,0,0,Charge 6
2025-12-22T15:38:15Z,0,0,0,Charge 6
2025-12-22T15:38:16Z,0,0,0,Charge 6
2025-12-22T15:38:17Z,0,0,0,Charge 6
2025-12-22T15:38:18Z,0,0,0,Charge 6
2025-12-22T15:38:19Z,0,0,0,Charge 6
2025-12-22T15:38:20Z,0,0,0,Charge 6
2025-12-22T15:38:21Z,0,0,0,Charge 6
2025-12-22T15:38:22Z,0,0,0,Charge 6
2025-12-22T15:38:23Z,0,0,0,Charge 6
2025-12-22T15:38:24Z,0,0,0,Charge 6
2025-12-22T15:38:25Z,0,0,0,Charge 6
2025-12-22T15:38:26Z,0,0,0,Charge 6
2025-12-22T15:38:27Z,0,0,0,Charge 6
2025-12-22T15:38:28Z,0,0,0,Charge 6
2025-12-22T15:38:29Z,0,0,0,Charge 6
2025-12-22T15:38:30Z,0,0,0,Charge 6
2025-12-22T15:38:31Z,0,0,0,Charge 6
2025-12-22T15:38:32Z,0,0,0,Charge 6
2025-12-22T15:38:33Z,0,0,0,Charge 6
2025-12-22T15:38:34Z,0,0,0,Charge 6
2025-12-22T15:38:35Z,0,0,0,Charge 6
2025-12-22T15:38:36Z,0,0,0,Charge 6
2025-12-22T15:38:37Z,0,0,0,Charge 6
2025-12-22T15:38:38Z,0,0,0,Charge 6
2025-12-22T15:38:39Z,0,0,0,Charge 6
2025-12-22T15:38:40Z,0,0,0,Charge 6
2025-12-22T15:38:41Z,0,0,0,Charge 6
2025-12-22T15:38:42Z,0,0,0,Charge 6
2025-12-22T15:38:43Z,0,0,0,Charge 6
2025-12-22T15:38:44Z,0,0,0,Charge 6
2025-12-22T15:38:45Z,0,0,0,Charge 6
2025-12-22T15:38:46Z,0,0,0,Charge 6
2025-12-22T15:38:47Z,0,0,0,Charge 6
2025-12-22T15:38:48Z,1,0,0,Charge 6
2025-12-22T15:38:49Z,1,0,0,Charge 6
2025-12-22T15:38:50Z,1,0,0,Charge 6
2025-12-22T15:38:51Z,0,0,0,Charge 6
2025-12-22T15:38:52Z,1,0,0,Charge 6
2025-12-22T15:38:53Z,1,0,0,Charge 6
2025-12-22T15:38:54Z,0,0,0,Charge 6
2025-12-22T15:38:55Z,2,140,0,Charge 6
2025-12-22T15:38:56Z,0,250,0,Charge 6
2025-12-22T15:38:57Z,0,330,0,Charge 6
2025-12-22T15:38:58Z,0,390,0,Charge 6
2025-12-22T15:38:59Z,0,440,0,Charge 6
2025-12-22T15:39:00Z,0,0,0,Charge 6
2025-12-22T15:39:01Z,0,0,0,Charge 6
2025-12-22T15:39:02Z,0,0,0,Charge 6
2025-12-22T15:39:03Z,0,0,0,Charge 6
2025-12-22T15:39:04Z,0,0,0,Charge 6
2025-12-22T15:39:05Z,0,0,0,Charge 6
2025-12-22T15:39:06Z,0,0,0,Charge 6
2025-12-22T15:39:07Z,0,0,0,Charge 6
2025-12-22T15:39:08Z,0,0,0,Charge 6
2025-12-22T15:39:09Z,0,0,0,Charge 6
2025-12-22T15:39:10Z,2,0,0,Charge 6
2025-12-22T15:39:11Z,2,0,0,Charge 6
2025-12-22T15:39:12Z,0,0,0,Charge 6
2025-12-22T15:39:13Z,0,0,0,Charge 6
2025-12-22T15:39:14Z,0,0,0,Charge 6
2025-12-22T15:39:15Z,0,0,0,Charge 6
2025-12-22T15:39:16Z,0,0,0,Charge 6
2025-12-22T15:39:17Z,0,0,0,Charge 6
2025-12-22T15:39:18Z,0,0,0,Charge 6
2025-12-22T15:39:19Z,0,0,0,Charge 6
2025-12-22T15:39:20Z,0,0,0,Charge 6
2025-12-22T15:39:21Z,0,0,0,Charge 6
2025-12-22T15:39:22Z,0,0,0,Charge 6
2025-12-22T15:39:23Z,0,0,0,Charge 6
2025-12-22T15:39:24Z,0,0,0,Charge 6
2025-12-22T15:39:25Z,0,0,0,Charge 6
2025-12-22T15:39:26Z,0,0,0,Charge 6
2025-12-22T15:39:27Z,0,0,0,Charge 6
2025-12-22T15:39:28Z,0,0,0,Charge 6
2025-12-22T15:39:29Z,0,0,0,Charge 6
2025-12-22T15:39:30Z,0,0,0,Charge 6
2025-12-22T15:39:31Z,0,0,0,Charge 6
2025-12-22T15:39:32Z,0,0,0,Charge 6
2025-12-22T15:39:33Z,0,0,0,Charge 6
2025-12-22T15:39:34Z,0,0,0,Charge 6
2025-12-22T15:39:35Z,0,0,0,Charge 6
2025-12-22T15:39:36Z,0,0,0,Charge 6
2025-12-22T15:39:37Z,0,0,0,Charge 6
2025-12-22T15:39:38Z,0,0,0,Charge 6
2025-12-22T15:39:39Z,0,0,0,Charge 6
2025-12-22T15:39:40Z,0,0,0,Charge 6
2025-12-22T15:39:41Z,0,0,0,Charge 6
2025-12-22T15:39:42Z,0,0,0,Charge 6
2025-12-22T15:39:43Z,0,0,0,Charge 6
2025-12-22T15:39:44Z,0,0,0,Charge 6
2025-12-22T15:39:45Z,0,0,0,Charge 6
2025-12-22T15:39:46Z,0,0,0,Charge 6
2025-12-22T15:39:47Z,0,0,0,Charge 6
2025-12-22T15:39:48Z,0,0,0,Charge 6
2025-12-22T15:39:49Z,0,0,0,Charge 6
2025-12-22T15:39:50Z,0,0,0,Charge 6
2025-12-22T15:39:51Z,2,0,0,Charge 6
2025-12-22T15:39:52Z,2,0,0,Charge 6
2025-12-22T15:39:53Z,0,0,0,Charge 6
2025-12-22T15:39:54Z,0,0,0,Charge 6
2025-12-22T15:39:55Z,0,0,0,Charge 6
2025-12-22T15:39:56Z,0,0,0,Charge 6
2025-12-22T15:39:57Z,0,0,0,Charge 6
2025-12-22T15:39:58Z,0,0,0,Charge 6
2025-12-22T15:39:59Z,0,0,0,Charge 6
2025-12-22T15:40:00Z,0,0,0,Charge 6
2025-12-22T15:40:01Z,0,0,0,Charge 6
2025-12-22T15:40:02Z,0,0,0,Charge 6
2025-12-22T15:40:03Z,0,0,0,Charge 6
2025-12-22T15:40:04Z,0,0,0,Charge 6
2025-12-22T15:40:05Z,0,0,0,Charge 6
2025-12-22T15:40:06Z,0,0,0,Charge 6
2025-12-22T15:40:07Z,0,0,0,Charge 6
2025-12-22T15:40:08Z,0,0,0,Charge 6
2025-12-22T15:40:09Z,0,0,0,Charge 6
2025-12-22T15:40:10Z,0,0,0,Charge 6
2025-12-22T15:40:11Z,0,0,0,Charge 6
2025-12-22T15:40:12Z,0,0,0,Charge 6
2025-12-22T15:40:13Z,0,0,0,Charge 6
2025-12-22T15:40:14Z,0,0,0,Charge 6
2025-12-22T15:40:15Z,0,0,0,Charge 6
2025-12-22T15:40:16Z,0,0,0,Charge 6
2025-12-22T15:40:17Z,0,0,0,Charge 6
2025-12-22T15:40:18Z,0,0,0,Charge 6
2025-12-22T15:40:19Z,0,0,0,Charge 6
2025-12-22T15:40:20Z,0,0,0,Charge 6
2025-12-22T15:40:21Z,0,0,0,Charge 6
2025-12-22T15:40:22Z,0,0,0,Charge 6
2025-12-22T15:40:23Z,0,0,0,Charge 6
2025-12-22T15:40:24Z,0,0,0,Charge 6
2025-12-22T15:40:25Z,0,0,0,Charge 6
2025-12-22T15:40:26Z,0,0,0,Charge 6
2025-12-22T15:40:27Z,0,0,0,Charge 6
2025-12-22T15:40:28Z,0,0,0,Charge 6
2025-12-22T15:40:29Z,0,0,0,Charge 6
2025-12-22T15:40:30Z,0,0,0,Charge 6
2025-12-22T15:40:31Z,0,0,0,Charge 6
2025-12-22T15:40:32Z,0,0,0,Charge 6
2025-12-22T15:40:33Z,0,0,0,Charge 6
2025-12-22T15:40:34Z,0,0,0,Charge 6
2025-12-22T15:40:35Z,0,0,0,Charge 6
2025-12-22T15:40:36Z,0,0,0,Charge 6
2025-12-22T15:40:37Z,0,0,0,Charge 6
2025-12-22T15:40:38Z,0,0,0,Charge 6
2025-12-22T15:40:39Z,0,0,0,Charge 6
2025-12-22T15:40:40Z,0,0,0,Charge 6
2025-12-22T15:40:41Z,0,0,0,Charge 6
2025-12-22T15:40:42Z,0,0,0,Charge 6
2025-12-22T15:40:43Z,0,0,0,Charge 6
2025-12-22T15:40:44Z,0,0,0,Charge 6
2025-12-22T15:40:45Z,0,0,0,Charge 6
2025-12-22T15:40:46Z,0,0,0,Charge 6
2025-12-22T15:40:47Z,0,0,0,Charge 6
2025-12-22T15:40:48Z,0,0,0,Charge 6
2025-12-22T15:40:49Z,0,0,0,Charge 6
2025-12-22T15:40:50Z,0,0,0,Charge 6
2025-12-22T15:40:51Z,0,0,0,Charge 6
2025-12-22T15:40:52Z,0,0,0,Charge 6
2025-12-22T15:40:53Z,0,0,0,Charge 6
2025-12-22T15:40:54Z,0,0,0,Charge 6
2025-12-22T15:40:55Z,0,0,0,Charge 6
2025-12-22T15:40:56Z,0,0,0,Charge 6
2025-12-22T15:40:57Z,0,0,0,Charge 6
2025-12-22T15:40:58Z,0,0,0,Charge 6
2025-12-22T15:40:59Z,0,0,0,Charge 6
2025-12-22T15:41:00Z,0,0,0,Charge 6
2025-12-22T15:41:01Z,0,0,0,Charge 6
2025-12-22T15:41:02Z,0,0,0,Charge 6
2025-12-22T15:41:03Z,0,0,0,Charge 6
2025-12-22T15:41:04Z,0,0,0,Charge 6
2025-12-22T15:41:05Z,0,0,0,Charge 6
2025-12-22T15:41:06Z,0,0,0,Charge 6
2025-12-22T15:41:07Z,0,0,0,Charge 6
2025-12-22T15:41:08Z,0,0,0,Charge 6
2025-12-22T15:41:09Z,0,0,0,Charge 6
2025-12-22T15:41:10Z,0,0,0,Charge 6
2025-12-22T15:41:11Z,0,0,0,Charge 6
2025-12-22T15:41:12Z,0,0,0,Charge 6
2025-12-22T15:41:13Z,0,0,0,Charge 6
2025-12-22T15:41:14Z,0,0,0,Charge 6
2025-12-22T15:41:15Z,0,0,0,Charge 6
2025-12-22T15:41:16Z,0,0,0,Charge 6
2025-12-22T15:41:17Z,0,0,0,Charge 6
2025-12-22T15:41:18Z,0,0,0,Charge 6
2025-12-22T15:41:19Z,0,0,0,Charge 6
2025-12-22T15:41:20Z,0,0,0,Charge 6
2025-12-22T15:41:21Z,0,0,0,Charge 6
2025-12-22T15:41:22Z,0,0,0,Charge 6
2025-12-22T15:41:23Z,0,0,0,Charge 6
2025-12-22T15:41:24Z,0,0,0,Charge 6
2025-12-22T15:41:25Z,0,0,0,Charge 6
2025-12-22T15:41:26Z,0,0,0,Charge 6
2025-12-22T15:41:27Z,0,0,0,Charge 6
2025-12-22T15:41:28Z,0,0,0,Charge 6
2025-12-22T15:41:29Z,0,0,0,Charge 6
2025-12-22T15:41:30Z,0,0,0,Charge 6
2025-12-22T15:41:31Z,0,0,0,Charge 6
2025-12-22T15:41:32Z,2,0,0,Charge 6
2025-12-22T15:41:33Z,2,0,0,Charge 6
2025-12-22T15:41:34Z,0,0,0,Charge 6
2025-12-22T15:41:35Z,0,0,0,Charge 6
2025-12-22T15:41:36Z,0,0,0,Charge 6
2025-12-22T15:41:37Z,0,0,0,Charge 6
2025-12-22T15:41:38Z,0,0,0,Charge 6
2025-12-22T15:41:39Z,0,0,0,Charge 6
2025-12-22T15:41:40Z,0,0,0,Charge 6
2025-12-22T15:41:41Z,0,0,0,Charge 6
2025-12-22T15:41:42Z,0,0,0,Charge 6
2025-12-22T15:41:43Z,0,0,0,Charge 6
2025-12-22T15:41:44Z,0,0,0,Charge 6
2025-12-22T15:41:45Z,0,0,0,Charge 6
2025-12-22T15:41:46Z,0,0,0,Charge 6
2025-12-22T15:41:47Z,0,0,0,Charge 6
2025-12-22T15:41:48Z,0,0,0,Charge 6
2025-12-22T15:41:49Z,0,0,0,Charge 6
2025-12-22T15:41:50Z,0,0,0,Charge 6
2025-12-22T15:41:51Z,0,0,0,Charge 6
2025-12-22T15:41:52Z,0,0,0,Charge 6
2025-12-22T15:41:53Z,0,0,0,Charge 6
2025-12-22T15:41:54Z,0,0,0,Charge 6
2025-12-22T15:41:55Z,0,0,0,Charge 6
2025-12-22T15:41:56Z,0,0,0,Charge 6
2025-12-22T15:41:57Z,0,0,0,Charge 6
2025-12-22T15:41:58Z,0,0,0,Charge 6
2025-12-22T15:41:59Z,0,0,0,Charge 6
2025-12-22T15:42:00Z,0,0,0,Charge 6
2025-12-22T15:42:01Z,0,0,0,Charge 6
2025-12-22T15:42:02Z,0,0,0,Charge 6
2025-12-22T15:42:03Z,0,0,0,Charge 6
2025-12-22T15:42:04Z,0,0,0,Charge 6
2025-12-22T15:42:05Z,0,0,0,Charge 6
2025-12-22T15:42:06Z,0,0,0,Charge 6
2025-12-22T15:42:07Z,0,0,0,Charge 6
2025-12-22T15:42:08Z,0,0,0,Charge 6
2025-12-22T15:42:09Z,0,0,0,Charge 6
2025-12-22T15:57:35Z,1,0,0,Charge 6
2025-12-22T15:57:36Z,2,0,0,Charge 6
2025-12-22T15:57:37Z,2,190,0,Charge 6
2025-12-22T15:57:38Z,1,280,0,Charge 6
2025-12-22T15:57:39Z,2,420,0,Charge 6
2025-12-22T15:57:40Z,1,540,0,Charge 6
2025-12-22T15:57:41Z,2,640,0,Charge 6
2025-12-22T15:57:42Z,2,720,0,Charge 6
2025-12-22T15:57:43Z,2,810,0,Charge 6
2025-12-22T15:57:44Z,2,880,0,Charge 6
2025-12-22T15:57:45Z,1,950,0,Charge 6
2025-12-22T15:57:46Z,2,980,0,Charge 6
2025-12-22T15:57:47Z,2,1260,0,Charge 6
2025-12-22T15:57:48Z,2,1280,0,Charge 6
2025-12-22T15:57:49Z,2,1300,0,Charge 6
2025-12-22T15:57:50Z,1,1320,0,Charge 6
2025-12-22T15:57:51Z,2,1330,0,Charge 6
2025-12-22T15:57:52Z,2,1330,0,Charge 6
2025-12-22T15:57:53Z,2,1350,0,Charge 6
2025-12-22T15:57:54Z,1,1330,0,Charge 6
2025-12-22T15:57:55Z,2,1340,0,Charge 6
2025-12-22T15:57:56Z,2,1350,0,Charge 6
2025-12-22T15:57:57Z,2,1350,0,Charge 6
2025-12-22T15:57:58Z,2,1350,0,Charge 6
2025-12-22T15:57:59Z,2,1390,0,Charge 6
2025-12-22T15:58:00Z,1,1390,0,Charge 6
2025-12-22T15:58:01Z,2,1390,0,Charge 6
2025-12-22T15:58:02Z,2,1390,0,Charge 6
2025-12-22T15:58:03Z,2,1390,0,Charge 6
2025-12-22T15:58:04Z,1,1390,0,Charge 6
2025-12-22T15:58:05Z,1,1390,0,Charge 6
2025-12-22T15:58:06Z,1,1380,0,Charge 6
2025-12-22T15:58:07Z,2,1380,0,Charge 6
2025-12-22T15:58:08Z,2,1370,0,Charge 6
2025-12-22T15:58:09Z,2,1370,0,Charge 6
2025-12-22T15:58:10Z,2,1360,0,Charge 6
2025-12-22T15:58:11Z,1,1370,0,Charge 6
2025-12-22T15:58:12Z,2,1370,0,Charge 6
2025-12-22T15:58:13Z,2,1370,0,Charge 6
2025-12-22T15:58:14Z,2,1360,0,Charge 6
2025-12-22T15:58:15Z,1,1370,0,Charge 6
2025-12-22T15:58:16Z,2,1370,0,Charge 6
2025-12-22T15:58:17Z,2,1370,0,Charge 6
2025-12-22T15:58:18Z,2,1360,0,Charge 6
2025-12-22T15:58:19Z,2,1370,0,Charge 6
2025-12-22T15:58:20Z,2,1400,0,Charge 6
2025-12-22T15:58:21Z,1,1400,0,Charge 6
2025-12-22T15:58:22Z,2,1390,0,Charge 6
2025-12-22T15:58:23Z,2,1400,0,Charge 6
2025-12-22T15:58:24Z,2,1400,0,Charge 6
2025-12-22T15:58:25Z,2,1400,0,Charge 6
2025-12-22T15:58:26Z,2,1400,0,Charge 6
2025-12-22T15:58:27Z,1,1400,0,Charge 6
2025-12-22T15:58:28Z,2,1400,0,Charge 6
2025-12-22T15:58:29Z,2,1390,0,Charge 6
2025-12-22T15:58:30Z,2,1400,0,Charge 6
2025-12-22T15:58:31Z,2,1400,0,Charge 6
2025-12-22T15:58:32Z,2,1400,0,Charge 6
2025-12-22T15:58:33Z,1,1400,0,Charge 6
2025-12-22T15:58:34Z,2,1400,0,Charge 6
2025-12-22T15:58:35Z,2,1390,0,Charge 6
2025-12-22T15:58:36Z,2,1400,0,Charge 6
2025-12-22T15:58:37Z,2,1400,0,Charge 6
2025-12-22T15:58:38Z,1,1390,0,Charge 6
2025-12-22T15:58:39Z,2,1390,0,Charge 6
2025-12-22T15:58:40Z,2,1390,0,Charge 6
2025-12-22T15:58:41Z,2,1390,0,Charge 6
2025-12-22T15:58:42Z,2,1390,0,Charge 6
2025-12-22T15:58:43Z,2,1400,0,Charge 6
2025-12-22T15:58:44Z,1,1390,0,Charge 6
2025-12-22T15:58:45Z,2,1390,0,Charge 6
2025-12-22T15:58:46Z,2,1390,0,Charge 6
2025-12-22T15:58:47Z,2,1390,0,Charge 6
2025-12-22T15:58:48Z,1,1390,0,Charge 6
2025-12-22T15:58:49Z,2,1380,0,Charge 6
2025-12-22T15:58:50Z,2,1380,0,Charge 6
2025-12-22T15:58:51Z,2,1390,0,Charge 6
2025-12-22T15:58:52Z,2,1380,0,Charge 6
2025-12-22T15:58:53Z,2,1390,0,Charge 6
2025-12-22T15:58:54Z,2,1390,0,Charge 6
2025-12-22T15:58:55Z,1,1390,0,Charge 6
2025-12-22T15:58:56Z,2,1390,0,Charge 6
2025-12-22T15:58:57Z,2,1390,0,Charge 6
2025-12-22T15:58:58Z,2,1390,0,Charge 6
2025-12-22T15:58:59Z,2,1390,0,Charge 6
2025-12-22T15:59:00Z,2,1390,0,Charge 6
2025-12-22T15:59:01Z,1,1400,0,Charge 6
2025-12-22T15:59:02Z,2,1390,0,Charge 6
2025-12-22T15:59:03Z,2,1390,0,Charge 6
2025-12-22T15:59:04Z,2,1390,0,Charge 6
2025-12-22T15:59:05Z,2,1390,0,Charge 6
2025-12-22T15:59:06Z,2,1390,0,Charge 6
2025-12-22T15:59:07Z,2,1390,0,Charge 6
2025-12-22T15:59:08Z,1,1390,0,Charge 6
2025-12-22T15:59:09Z,3,1400,0,Charge 6
2025-12-22T15:59:10Z,1,1400,0,Charge 6
2025-12-22T15:59:11Z,2,1390,0,Charge 6
2025-12-22T15:59:12Z,2,1390,0,Charge 6
2025-12-22T15:59:13Z,2,1400,0,Charge 6
2025-12-22T15:59:14Z,1,1350,0,Charge 6
2025-12-22T15:59:15Z,2,1350,0,Charge 6
2025-12-22T15:59:16Z,2,1350,0,Charge 6
2025-12-22T15:59:17Z,2,1350,0,Charge 6
2025-12-22T15:59:18Z,2,1350,0,Charge 6
2025-12-22T15:59:19Z,1,1360,0,Charge 6
2025-12-22T15:59:20Z,2,1350,0,Charge 6
2025-12-22T15:59:21Z,2,1350,0,Charge 6
2025-12-22T15:59:22Z,2,1350,0,Charge 6
2025-12-22T15:59:23Z,1,1350,0,Charge 6
2025-12-22T15:59:24Z,2,1350,0,Charge 6
2025-12-22T15:59:25Z,2,1350,0,Charge 6
2025-12-22T15:59:26Z,2,1360,0,Charge 6
2025-12-22T15:59:27Z,2,1350,0,Charge 6
2025-12-22T15:59:28Z,1,1350,0,Charge 6
2025-12-22T15:59:29Z,2,1350,0,Charge 6
2025-12-22T15:59:30Z,2,1350,0,Charge 6
2025-12-22T15:59:31Z,2,1350,0,Charge 6
2025-12-22T15:59:32Z,2,1360,0,Charge 6
2025-12-22T15:59:33Z,1,1350,0,Charge 6
2025-12-22T15:59:34Z,2,1350,0,Charge 6
2025-12-22T15:59:35Z,2,1350,0,Charge 6
2025-12-22T15:59:36Z,2,1350,0,Charge 6
2025-12-22T15:59:37Z,2,1350,0,Charge 6
2025-12-22T15:59:38Z,2,1360,0,Charge 6
2025-12-22T15:59:39Z,1,1360,0,Charge 6
2025-12-22T15:59:40Z,2,1360,0,Charge 6
2025-12-22T15:59:41Z,2,1360,0,Charge 6
2025-12-22T15:59:42Z,2,1360,0,Charge 6
2025-12-22T15:59:43Z,1,1350,0,Charge 6
2025-12-22T15:59:44Z,2,1350,0,Charge 6
2025-12-22T15:59:45Z,2,1350,0,Charge 6
2025-12-22T15:59:46Z,2,1360,0,Charge 6
2025-12-22T15:59:47Z,2,1350,0,Charge 6
2025-12-22T15:59:48Z,2,1350,0,Charge 6
2025-12-22T15:59:49Z,2,1360,0,Charge 6
2025-12-22T15:59:50Z,1,1360,0,Charge 6
2025-12-22T15:59:51Z,2,1360,0,Charge 6
2025-12-22T15:59:52Z,2,1360,0,Charge 6
2025-12-22T15:59:53Z,2,1360,0,Charge 6
2025-12-22T15:59:54Z,2,1350,0,Charge 6
2025-12-22T15:59:55Z,1,1360,0,Charge 6
2025-12-22T15:59:56Z,2,1360,0,Charge 6
2025-12-22T15:59:57Z,2,1360,0,Charge 6
2025-12-22T15:59:58Z,2,1360,0,Charge 6
2025-12-22T15:59:59Z,1,1350,0,Charge 6
2025-12-22T16:00:00Z,2,1360,0,Charge 6
2025-12-22T16:00:01Z,2,1360,0,Charge 6
2025-12-22T16:00:02Z,2,1360,0,Charge 6
2025-12-22T16:00:03Z,1,1350,0,Charge 6
2025-12-22T16:00:04Z,2,1350,0,Charge 6
2025-12-22T16:00:05Z,2,1360,0,Charge 6
2025-12-22T16:00:06Z,2,1350,0,Charge 6
2025-12-22T16:00:07Z,2,1350,0,Charge 6
2025-12-22T16:00:08Z,2,1360,0,Charge 6
2025-12-22T16:00:09Z,1,1360,0,Charge 6
2025-12-22T16:00:10Z,2,1360,0,Charge 6
2025-12-22T16:00:11Z,2,1360,0,Charge 6
2025-12-22T16:00:12Z,2,1360,0,Charge 6
2025-12-22T16:00:13Z,2,1360,0,Charge 6
2025-12-22T16:00:14Z,1,1360,0,Charge 6
2025-12-22T16:00:15Z,2,1350,0,Charge 6
2025-12-22T16:00:16Z,2,1360,0,Charge 6
2025-12-22T16:00:17Z,2,1360,0,Charge 6
2025-12-22T16:00:18Z,2,1360,0,Charge 6
2025-12-22T16:00:19Z,2,1360,0,Charge 6
2025-12-22T16:00:20Z,1,1360,0,Charge 6
2025-12-22T16:00:21Z,2,1360,0,Charge 6
2025-12-22T16:00:22Z,2,1360,0,Charge 6
2025-12-22T16:00:23Z,2,1360,0,Charge 6
2025-12-22T16:00:24Z,2,1360,0,Charge 6
2025-12-22T16:00:25Z,1,1360,0,Charge 6
2025-12-22T16:00:26Z,2,1360,0,Charge 6
2025-12-22T16:00:27Z,2,1360,0,Charge 6
2025-12-22T16:00:28Z,2,1360,0,Charge 6
2025-12-22T16:00:29Z,2,1360,0,Charge 6
2025-12-22T16:00:30Z,1,1360,0,Charge 6
2025-12-22T16:00:31Z,2,1350,0,Charge 6
2025-12-22T16:00:32Z,2,1360,0,Charge 6
2025-12-22T16:00:33Z,1,1360,0,Charge 6
2025-12-22T16:00:34Z,1,1280,0,Charge 6
2025-12-22T16:00:35Z,2,1290,0,Charge 6
2025-12-22T16:00:36Z,2,1280,0,Charge 6
2025-12-22T16:00:37Z,2,1280,0,Charge 6
2025-12-22T16:00:38Z,2,1280,0,Charge 6
2025-12-22T16:00:39Z,2,1340,0,Charge 6
2025-12-22T16:00:40Z,2,1380,0,Charge 6
2025-12-22T16:00:41Z,2,1380,0,Charge 6
2025-12-22T16:00:42Z,1,1380,0,Charge 6
2025-12-22T16:00:43Z,1,1390,0,Charge 6
2025-12-22T16:00:44Z,0,1260,0,Charge 6
2025-12-22T16:00:45Z,2,1170,0,Charge 6
2025-12-22T16:00:46Z,0,1040,0,Charge 6
2025-12-22T16:00:47Z,0,880,0,Charge 6
2025-12-22T16:00:48Z,1,0,0,Charge 6
2025-12-22T16:00:49Z,2,0,0,Charge 6
2025-12-22T16:00:50Z,0,0,0,Charge 6
2025-12-22T16:00:51Z,2,0,0,Charge 6
2025-12-22T16:00:52Z,0,0,0,Charge 6
2025-12-22T16:00:53Z,3,0,0,Charge 6
2025-12-22T16:00:54Z,1,160,0,Charge 6
2025-12-22T16:00:55Z,2,340,0,Charge 6
2025-12-22T16:00:56Z,2,540,0,Charge 6
2025-12-22T16:00:57Z,2,760,0,Charge 6
2025-12-22T16:00:58Z,1,970,0,Charge 6
2025-12-22T16:00:59Z,1,1020,0,Charge 6
2025-12-22T16:01:00Z,0,970,0,Charge 6
2025-12-22T16:01:01Z,0,880,0,Charge 6
2025-12-22T16:01:02Z,0,0,0,Charge 6
2025-12-22T16:01:03Z,0,0,0,Charge 6
2025-12-22T16:01:04Z,0,0,0,Charge 6
2025-12-22T16:01:05Z,0,0,0,Charge 6
2025-12-22T16:01:06Z,0,0,0,Charge 6
2025-12-22T16:01:07Z,0,0,0,Charge 6
2025-12-22T16:01:08Z,1,0,0,Charge 6
2025-12-22T16:01:09Z,1,0,0,Charge 6
2025-12-22T16:01:10Z,2,0,0,Charge 6
2025-12-22T16:01:11Z,1,0,0,Charge 6
2025-12-22T16:01:12Z,2,140,0,Charge 6
2025-12-22T16:01:13Z,2,320,0,Charge 6
2025-12-22T16:01:14Z,2,530,0,Charge 6
2025-12-22T16:01:15Z,1,720,0,Charge 6
2025-12-22T16:01:16Z,2,940,0,Charge 6
2025-12-22T16:01:17Z,2,1030,0,Charge 6
2025-12-22T16:01:18Z,2,1090,0,Charge 6
2025-12-22T16:01:19Z,1,1110,0,Charge 6
2025-12-22T16:01:20Z,2,1160,0,Charge 6
2025-12-22T16:01:21Z,2,1190,0,Charge 6
2025-12-22T16:01:22Z,2,1280,0,Charge 6
2025-12-22T16:01:23Z,2,1300,0,Charge 6
2025-12-22T16:01:24Z,2,1300,0,Charge 6
2025-12-22T16:01:25Z,2,1350,0,Charge 6
2025-12-22T16:01:26Z,1,1350,0,Charge 6
2025-12-22T16:01:27Z,2,1360,0,Charge 6
2025-12-22T16:01:28Z,2,1360,0,Charge 6
2025-12-22T16:01:29Z,2,1360,0,Charge 6
2025-12-22T16:01:30Z,2,1360,0,Charge 6
2025-12-22T16:01:31Z,1,1360,0,Charge 6
2025-12-22T16:01:32Z,2,1360,0,Charge 6
2025-12-22T16:01:33Z,2,1360,0,Charge 6
2025-12-22T16:01:34Z,1,1360,0,Charge 6
2025-12-22T16:01:35Z,1,1350,0,Charge 6
2025-12-22T16:01:36Z,4,1390,0,Charge 6
2025-12-22T16:01:37Z,1,1390,0,Charge 6
2025-12-22T16:01:38Z,2,1390,0,Charge 6
2025-12-22T16:01:39Z,2,1420,0,Charge 6
2025-12-22T16:01:40Z,2,1490,0,Charge 6
2025-12-22T16:01:41Z,2,1480,0,Charge 6
2025-12-22T16:01:42Z,2,1480,0,Charge 6
2025-12-22T16:01:43Z,1,1480,0,Charge 6
2025-12-22T16:01:44Z,2,1490,0,Charge 6
2025-12-22T16:01:45Z,2,1480,0,Charge 6
2025-12-22T16:01:46Z,2,1470,0,Charge 6
2025-12-22T16:01:47Z,2,1470,0,Charge 6
2025-12-22T16:01:48Z,2,1480,0,Charge 6
2025-12-22T16:01:49Z,1,1470,0,Charge 6
2025-12-22T16:01:50Z,2,1460,0,Charge 6
2025-12-22T16:01:51Z,2,1470,0,Charge 6
2025-12-22T16:01:52Z,2,1460,0,Charge 6
2025-12-22T16:01:53Z,2,1470,0,Charge 6
2025-12-22T16:01:54Z,2,1460,0,Charge 6
2025-12-22T16:01:55Z,1,1460,0,Charge 6
2025-12-22T16:01:56Z,2,1450,0,Charge 6
2025-12-22T16:01:57Z,2,1450,0,Charge 6
2025-12-22T16:01:58Z,2,1460,0,Charge 6
2025-12-22T16:01:59Z,2,1450,0,Charge 6
2025-12-22T16:02:00Z,2,1450,0,Charge 6
2025-12-22T16:02:01Z,2,1460,0,Charge 6
2025-12-22T16:02:02Z,1,1450,0,Charge 6
2025-12-22T16:02:03Z,2,1440,0,Charge 6
2025-12-22T16:02:04Z,2,1450,0,Charge 6
2025-12-22T16:02:05Z,2,1450,0,Charge 6
2025-12-22T16:02:06Z,1,1430,0,Charge 6
2025-12-22T16:02:07Z,0,1350,0,Charge 6
2025-12-22T16:02:08Z,0,2200,0,Charge 6
2025-12-22T16:02:09Z,0,0,0,Charge 6
2025-12-22T16:02:10Z,0,0,0,Charge 6
2025-12-22T16:02:11Z,0,0,0,Charge 6
2025-12-22T16:02:12Z,0,0,0,Charge 6
2025-12-22T16:02:13Z,0,0,0,Charge 6
2025-12-22T16:02:14Z,0,0,0,Charge 6
2025-12-22T16:02:15Z,0,0,0,Charge 6
2025-12-22T16:02:16Z,0,0,0,Charge 6
2025-12-22T16:02:17Z,0,0,0,Charge 6
2025-12-22T16:02:18Z,0,0,0,Charge 6
2025-12-22T16:02:19Z,0,0,0,Charge 6
2025-12-22T16:02:20Z,0,0,0,Charge 6
2025-12-22T16:02:21Z,0,0,0,Charge 6
2025-12-22T16:02:22Z,0,0,0,Charge 6
2025-12-22T16:02:23Z,0,0,0,Charge 6
2025-12-22T16:02:24Z,0,0,0,Charge 6
2025-12-22T16:02:25Z,1,0,0,Charge 6
2025-12-22T16:02:26Z,1,0,0,Charge 6
2025-12-22T16:02:27Z,1,0,0,Charge 6
2025-12-22T16:02:28Z,2,0,0,Charge 6
2025-12-22T16:02:29Z,2,140,0,Charge 6
2025-12-22T16:02:30Z,1,290,0,Charge 6
2025-12-22T16:02:31Z,2,470,0,Charge 6
2025-12-22T16:02:32Z,2,670,0,Charge 6
2025-12-22T16:02:33Z,1,870,0,Charge 6
2025-12-22T16:02:34Z,1,900,0,Charge 6
2025-12-22T16:02:35Z,1,930,0,Charge 6
2025-12-22T16:02:36Z,1,910,0,Charge 6
2025-12-22T16:02:37Z,1,870,0,Charge 6
2025-12-22T16:02:38Z,0,790,0,Charge 6
2025-12-22T16:02:39Z,0,700,0,Charge 6
2025-12-22T16:02:40Z,0,0,0,Charge 6
2025-12-22T16:02:41Z,0,0,0,Charge 6
2025-12-22T16:02:42Z,0,0,0,Charge 6
2025-12-22T16:02:43Z,0,0,0,Charge 6
2025-12-22T16:02:44Z,0,0,0,Charge 6
2025-12-22T16:02:45Z,0,0,0,Charge 6
2025-12-22T16:02:46Z,0,0,0,Charge 6
2025-12-22T16:02:47Z,0,0,0,Charge 6
2025-12-22T16:02:48Z,0,0,0,Charge 6
2025-12-22T16:02:49Z,0,0,0,Charge 6
2025-12-22T16:02:50Z,0,0,0,Charge 6
2025-12-22T16:02:51Z,0,0,0,Charge 6
2025-12-22T16:02:52Z,0,0,0,Charge 6
2025-12-22T16:02:53Z,0,0,0,Charge 6
2025-12-22T16:02:54Z,0,0,0,Charge 6
2025-12-22T16:02:55Z,0,0,0,Charge 6
2025-12-22T16:02:56Z,0,0,0,Charge 6
2025-12-22T16:02:57Z,0,0,0,Charge 6
2025-12-22T16:02:58Z,0,0,0,Charge 6
2025-12-22T16:02:59Z,1,0,0,Charge 6
2025-12-22T16:03:00Z,2,0,0,Charge 6
2025-12-22T16:03:01Z,1,0,0,Charge 6
2025-12-22T16:03:02Z,2,0,0,Charge 6
2025-12-22T16:03:03Z,1,140,0,Charge 6
2025-12-22T16:03:04Z,1,140,0,Charge 6
2025-12-22T16:03:05Z,1,290,0,Charge 6
2025-12-22T16:03:06Z,1,430,0,Charge 6
2025-12-22T16:03:07Z,0,540,0,Charge 6
2025-12-22T16:03:08Z,2,690,0,Charge 6
2025-12-22T16:03:09Z,1,700,0,Charge 6
2025-12-22T16:03:10Z,1,700,0,Charge 6
2025-12-22T16:03:11Z,2,740,0,Charge 6
2025-12-22T16:03:12Z,1,820,0,Charge 6
2025-12-22T16:03:13Z,2,850,0,Charge 6
2025-12-22T16:03:14Z,1,900,0,Charge 6
2025-12-22T16:03:15Z,1,930,0,Charge 6
2025-12-22T16:03:16Z,1,950,0,Charge 6
2025-12-22T16:03:17Z,0,950,0,Charge 6
2025-12-22T16:03:18Z,0,830,0,Charge 6
2025-12-22T16:03:19Z,0,0,0,Charge 6
2025-12-22T16:03:20Z,0,0,0,Charge 6
2025-12-22T16:03:21Z,0,0,0,Charge 6
2025-12-22T16:03:22Z,0,0,0,Charge 6
2025-12-22T16:03:23Z,0,0,0,Charge 6
2025-12-22T16:03:24Z,0,0,0,Charge 6
2025-12-22T16:03:25Z,0,0,0,Charge 6
2025-12-22T16:03:26Z,0,0,0,Charge 6
2025-12-22T16:03:27Z,0,0,0,Charge 6
2025-12-22T16:03:28Z,0,0,0,Charge 6
2025-12-22T16:03:29Z,0,0,0,Charge 6
2025-12-22T16:03:30Z,0,0,0,Charge 6
2025-12-22T16:03:31Z,0,0,0,Charge 6
2025-12-22T16:03:32Z,0,0,0,Charge 6
2025-12-22T16:03:33Z,0,0,0,Charge 6
2025-12-22T16:03:34Z,0,0,0,Charge 6
2025-12-22T16:03:35Z,0,0,0,Charge 6
2025-12-22T16:03:36Z,0,0,0,Charge 6
2025-12-22T16:03:37Z,0,0,0,Charge 6
2025-12-22T16:03:38Z,0,0,0,Charge 6
2025-12-22T16:03:39Z,0,0,0,Charge 6
2025-12-22T16:03:40Z,0,0,0,Charge 6
2025-12-22T16:03:41Z,0,0,0,Charge 6
2025-12-22T16:03:42Z,0,0,0,Charge 6
2025-12-22T16:03:43Z,0,0,0,Charge 6
2025-12-22T16:03:44Z,0,0,0,Charge 6
2025-12-22T16:03:45Z,0,0,0,Charge 6
2025-12-22T16:03:46Z,0,0,0,Charge 6
2025-12-22T16:03:47Z,0,0,0,Charge 6
2025-12-22T16:03:48Z,0,0,0,Charge 6
2025-12-22T16:03:49Z,0,0,0,Charge 6
2025-12-22T16:03:50Z,0,0,0,Charge 6
2025-12-22T16:03:51Z,0,0,0,Charge 6
2025-12-22T16:03:52Z,0,0,0,Charge 6
2025-12-22T16:03:53Z,0,0,0,Charge 6
2025-12-22T16:03:54Z,0,0,0,Charge 6
2025-12-22T16:03:55Z,0,0,0,Charge 6
2025-12-22T16:03:56Z,0,0,0,Charge 6
2025-12-22T16:03:57Z,0,0,0,Charge 6
2025-12-22T16:03:58Z,0,0,0,Charge 6
2025-12-22T16:03:59Z,0,0,0,Charge 6
2025-12-22T16:04:00Z,0,0,0,Charge 6
2025-12-22T16:04:01Z,0,0,0,Charge 6
2025-12-22T16:04:02Z,0,0,0,Charge 6
2025-12-22T16:04:03Z,0,0,0,Charge 6
2025-12-22T16:04:04Z,2,0,0,Charge 6
2025-12-22T16:04:05Z,1,0,0,Charge 6
2025-12-22T16:04:06Z,2,0,0,Charge 6
2025-12-22T16:04:07Z,1,140,0,Charge 6
2025-12-22T16:04:08Z,1,290,0,Charge 6
2025-12-22T16:04:09Z,2,470,0,Charge 6
2025-12-22T16:04:10Z,1,640,0,Charge 6
2025-12-22T16:04:11Z,1,800,0,Charge 6
2025-12-22T16:04:12Z,0,780,0,Charge 6
2025-12-22T16:04:13Z,0,730,0,Charge 6
2025-12-22T16:04:14Z,0,0,0,Charge 6
2025-12-22T16:04:15Z,0,0,0,Charge 6
2025-12-22T16:04:16Z,0,0,0,Charge 6
2025-12-22T16:04:17Z,0,0,0,Charge 6
2025-12-22T16:04:18Z,0,0,0,Charge 6
2025-12-22T16:04:19Z,0,0,0,Charge 6
2025-12-22T16:04:20Z,0,0,0,Charge 6
2025-12-22T16:04:21Z,0,0,0,Charge 6
2025-12-22T16:04:22Z,0,0,0,Charge 6
2025-12-22T16:04:23Z,0,0,0,Charge 6
2025-12-22T16:04:24Z,0,0,0,Charge 6
2025-12-22T16:04:25Z,0,0,0,Charge 6
2025-12-22T16:04:26Z,0,0,0,Charge 6
2025-12-22T16:04:27Z,0,0,0,Charge 6
2025-12-22T16:04:28Z,0,0,0,Charge 6
2025-12-22T16:04:29Z,0,0,0,Charge 6
2025-12-22T16:04:30Z,0,0,0,Charge 6
2025-12-22T16:04:31Z,0,0,0,Charge 6
2025-12-22T16:04:32Z,0,0,0,Charge 6
2025-12-22T16:04:33Z,0,0,0,Charge 6
2025-12-22T16:04:34Z,2,0,0,Charge 6
2025-12-22T16:04:35Z,1,0,0,Charge 6
2025-12-22T16:04:36Z,1,0,0,Charge 6
2025-12-22T16:04:37Z,1,0,0,Charge 6
2025-12-22T16:04:38Z,1,0,0,Charge 6
2025-12-22T16:04:39Z,2,0,0,Charge 6
2025-12-22T16:04:40Z,1,0,0,Charge 6
2025-12-22T16:04:41Z,1,0,0,Charge 6
2025-12-22T16:04:42Z,1,0,0,Charge 6
2025-12-22T16:04:43Z,1,140,0,Charge 6
2025-12-22T16:04:44Z,1,140,0,Charge 6
2025-12-22T16:04:45Z,1,290,0,Charge 6
2025-12-22T16:04:46Z,3,500,0,Charge 6
2025-12-22T16:04:47Z,1,700,0,Charge 6
2025-12-22T16:04:48Z,1,890,0,Charge 6
2025-12-22T16:04:49Z,2,950,0,Charge 6
2025-12-22T16:04:50Z,2,1040,0,Charge 6
2025-12-22T16:04:51Z,0,990,0,Charge 6
2025-12-22T16:04:52Z,0,930,0,Charge 6
2025-12-22T16:04:53Z,0,840,0,Charge 6
2025-12-22T16:04:54Z,0,0,0,Charge 6
2025-12-22T16:04:55Z,0,0,0,Charge 6
2025-12-22T16:04:56Z,0,0,0,Charge 6
2025-12-22T16:04:57Z,0,0,0,Charge 6
2025-12-22T16:04:58Z,0,0,0,Charge 6
2025-12-22T16:04:59Z,0,0,0,Charge 6
2025-12-22T16:05:00Z,0,0,0,Charge 6
2025-12-22T16:05:01Z,0,0,0,Charge 6
2025-12-22T16:05:02Z,0,0,0,Charge 6
2025-12-22T16:05:03Z,0,0,0,Charge 6
2025-12-22T16:05:04Z,0,0,0,Charge 6
2025-12-22T16:05:05Z,0,0,0,Charge 6
2025-12-22T16:05:06Z,0,0,0,Charge 6
2025-12-22T16:05:07Z,0,0,0,Charge 6
2025-12-22T16:05:08Z,0,0,0,Charge 6
2025-12-22T16:05:09Z,0,0,0,Charge 6
2025-12-22T16:05:10Z,0,0,0,Charge 6
2025-12-22T16:05:11Z,0,0,0,Charge 6
2025-12-22T16:05:12Z,0,0,0,Charge 6
2025-12-22T16:05:13Z,0,0,0,Charge 6
2025-12-22T16:05:14Z,0,0,0,Charge 6
2025-12-22T16:05:15Z,0,0,0,Charge 6
2025-12-22T16:05:16Z,0,0,0,Charge 6
2025-12-22T16:05:17Z,0,0,0,Charge 6
2025-12-22T16:05:18Z,0,0,0,Charge 6
2025-12-22T16:05:19Z,0,0,0,Charge 6
2025-12-22T16:05:20Z,0,0,0,Charge 6
2025-12-22T16:05:21Z,0,0,0,Charge 6
2025-12-22T16:05:22Z,0,0,0,Charge 6
2025-12-22T16:05:23Z,0,0,0,Charge 6
2025-12-22T16:05:24Z,0,0,0,Charge 6
2025-12-22T16:05:25Z,0,0,0,Charge 6
2025-12-22T16:05:26Z,0,0,0,Charge 6
2025-12-22T16:05:27Z,0,0,0,Charge 6
2025-12-22T16:05:28Z,0,0,0,Charge 6
2025-12-22T16:05:29Z,0,0,0,Charge 6
2025-12-22T16:05:30Z,0,0,0,Charge 6
2025-12-22T16:05:31Z,0,0,0,Charge 6
2025-12-22T16:05:32Z,0,0,0,Charge 6
2025-12-22T16:05:33Z,0,0,0,Charge 6
2025-12-22T16:05:34Z,0,0,0,Charge 6
2025-12-22T16:05:35Z,0,0,0,Charge 6
2025-12-22T16:05:36Z,0,0,0,Charge 6
2025-12-22T16:05:37Z,0,0,0,Charge 6
2025-12-22T16:05:38Z,0,0,0,Charge 6
2025-12-22T16:05:39Z,0,0,0,Charge 6
2025-12-22T16:05:40Z,0,0,0,Charge 6
2025-12-22T16:05:41Z,0,0,0,Charge 6
2025-12-22T16:05:42Z,0,0,0,Charge 6
2025-12-22T16:05:43Z,0,0,0,Charge 6
2025-12-22T16:05:44Z,0,0,0,Charge 6
2025-12-22T16:05:45Z,0,0,0,Charge 6
2025-12-22T16:05:46Z,0,0,0,Charge 6
2025-12-22T16:05:47Z,0,0,0,Charge 6
2025-12-22T16:05:48Z,0,0,0,Charge 6
2025-12-22T16:05:49Z,0,0,0,Charge 6
2025-12-22T16:05:50Z,0,0,0,Charge 6
2025-12-22T16:05:51Z,0,0,0,Charge 6
2025-12-22T16:05:52Z,0,0,0,Charge 6
2025-12-22T16:05:53Z,0,0,0,Charge 6
2025-12-22T16:05:54Z,0,0,0,Charge 6
2025-12-22T16:05:55Z,0,0,0,Charge 6
2025-12-22T16:05:56Z,0,0,0,Charge 6
2025-12-22T16:05:57Z,0,0,0,Charge 6
2025-12-22T16:05:58Z,0,0,0,Charge 6
2025-12-22T16:05:59Z,0,0,0,Charge 6
2025-12-22T16:06:00Z,0,0,0,Charge 6
2025-12-22T16:06:01Z,0,0,0,Charge 6
2025-12-22T16:06:02Z,0,0,0,Charge 6
2025-12-22T16:06:03Z,0,0,0,Charge 6
2025-12-22T16:06:04Z,0,0,0,Charge 6
2025-12-22T16:06:05Z,0,0,0,Charge 6
2025-12-22T16:06:06Z,0,0,0,Charge 6
2025-12-22T16:06:07Z,0,0,0,Charge 6
2025-12-22T16:06:08Z,0,0,0,Charge 6
2025-12-22T16:06:09Z,0,0,0,Charge 6
2025-12-22T16:06:10Z,0,0,0,Charge 6
2025-12-22T16:06:11Z,0,0,0,Charge 6
2025-12-22T16:06:12Z,0,0,0,Charge 6
2025-12-22T16:06:13Z,0,0,0,Charge 6
2025-12-22T16:06:14Z,0,0,0,Charge 6
2025-12-22T16:06:15Z,0,0,0,Charge 6
2025-12-22T16:06:16Z,0,0,0,Charge 6
2025-12-22T16:06:17Z,0,0,0,Charge 6
2025-12-22T16:06:18Z,0,0,0,Charge 6
2025-12-22T16:06:19Z,0,0,0,Charge 6
2025-12-22T16:06:20Z,0,0,0,Charge 6
2025-12-22T16:06:21Z,0,0,0,Charge 6
2025-12-22T16:06:22Z,0,0,0,Charge 6
2025-12-22T16:06:23Z,0,0,0,Charge 6
2025-12-22T16:30:08Z,0,0,0,Charge 6
2025-12-22T16:30:09Z,2,0,0,Charge 6
2025-12-22T16:30:10Z,2,180,0,Charge 6
2025-12-22T16:30:11Z,2,310,0,Charge 6
2025-12-22T16:30:12Z,2,460,0,Charge 6
2025-12-22T16:30:13Z,2,630,0,Charge 6
2025-12-22T16:30:14Z,1,740,0,Charge 6
2025-12-22T16:30:15Z,2,830,0,Charge 6
2025-12-22T16:30:16Z,2,890,0,Charge 6
2025-12-22T16:30:17Z,2,950,0,Charge 6
2025-12-22T16:30:18Z,2,980,0,Charge 6
2025-12-22T16:30:19Z,2,1060,0,Charge 6
2025-12-22T16:30:20Z,2,1350,0,Charge 6
2025-12-22T16:30:21Z,1,1350,0,Charge 6
2025-12-22T16:30:22Z,2,1350,0,Charge 6
2025-12-22T16:30:23Z,2,1360,0,Charge 6
2025-12-22T16:30:24Z,2,1360,0,Charge 6
2025-12-22T16:30:25Z,2,1360,0,Charge 6
2025-12-22T16:30:26Z,2,1400,0,Charge 6
2025-12-22T16:30:27Z,2,1420,0,Charge 6
2025-12-22T16:30:28Z,2,1450,0,Charge 6
2025-12-22T16:30:29Z,2,1460,0,Charge 6
2025-12-22T16:30:30Z,1,1460,0,Charge 6
2025-12-22T16:30:31Z,2,1460,0,Charge 6
2025-12-22T16:30:32Z,2,1450,0,Charge 6
2025-12-22T16:30:33Z,2,1450,0,Charge 6
2025-12-22T16:30:34Z,2,1460,0,Charge 6
2025-12-22T16:30:35Z,1,1440,0,Charge 6
2025-12-22T16:30:36Z,2,1450,0,Charge 6
2025-12-22T16:30:37Z,2,1440,0,Charge 6
2025-12-22T16:30:38Z,2,1450,0,Charge 6
2025-12-22T16:30:39Z,2,1440,0,Charge 6
2025-12-22T16:30:40Z,2,1450,0,Charge 6
2025-12-22T16:30:41Z,2,1470,0,Charge 6
2025-12-22T16:30:42Z,1,1470,0,Charge 6
2025-12-22T16:30:43Z,3,1470,0,Charge 6
2025-12-22T16:30:44Z,1,1460,0,Charge 6
2025-12-22T16:30:45Z,1,1470,0,Charge 6
2025-12-22T16:30:46Z,2,1450,0,Charge 6
2025-12-22T16:30:47Z,2,1450,0,Charge 6
2025-12-22T16:30:48Z,1,1350,0,Charge 6
2025-12-22T16:30:49Z,1,1280,0,Charge 6
2025-12-22T16:30:50Z,2,1280,0,Charge 6
2025-12-22T16:30:51Z,2,1270,0,Charge 6
2025-12-22T16:30:52Z,2,1270,0,Charge 6
2025-12-22T16:30:53Z,2,1280,0,Charge 6
2025-12-22T16:30:54Z,2,1330,0,Charge 6
2025-12-22T16:30:55Z,2,1380,0,Charge 6
2025-12-22T16:30:56Z,2,1410,0,Charge 6
2025-12-22T16:30:57Z,2,1420,0,Charge 6
2025-12-22T16:30:58Z,1,1410,0,Charge 6
2025-12-22T16:30:59Z,2,1420,0,Charge 6
2025-12-22T16:31:00Z,2,1410,0,Charge 6
2025-12-22T16:31:01Z,2,1410,0,Charge 6
2025-12-22T16:31:02Z,2,1400,0,Charge 6
2025-12-22T16:31:03Z,1,1410,0,Charge 6
2025-12-22T16:31:04Z,1,1410,0,Charge 6
2025-12-22T16:31:05Z,2,1400,0,Charge 6
2025-12-22T16:31:06Z,2,1410,0,Charge 6
2025-12-22T16:31:07Z,2,1410,0,Charge 6
2025-12-22T16:31:08Z,2,1400,0,Charge 6
2025-12-22T16:31:09Z,2,1410,0,Charge 6
2025-12-22T16:31:10Z,1,1410,0,Charge 6
2025-12-22T16:31:11Z,2,1400,0,Charge 6
2025-12-22T16:31:12Z,1,1400,0,Charge 6
2025-12-22T16:31:13Z,2,1390,0,Charge 6
2025-12-22T16:31:14Z,1,1310,0,Charge 6
2025-12-22T16:31:15Z,2,1310,0,Charge 6
2025-12-22T16:31:16Z,1,1240,0,Charge 6
2025-12-22T16:31:17Z,2,1240,0,Charge 6
2025-12-22T16:31:18Z,1,1200,0,Charge 6
2025-12-22T16:31:19Z,2,1190,0,Charge 6
2025-12-22T16:31:20Z,2,1200,0,Charge 6
2025-12-22T16:31:21Z,1,1190,0,Charge 6
2025-12-22T16:31:22Z,2,1200,0,Charge 6
2025-12-22T16:31:23Z,1,1190,0,Charge 6
2025-12-22T16:31:24Z,2,1200,0,Charge 6
2025-12-22T16:31:25Z,2,1200,0,Charge 6
2025-12-22T16:31:26Z,1,1190,0,Charge 6
2025-12-22T16:31:27Z,2,1200,0,Charge 6
2025-12-22T16:31:28Z,2,1210,0,Charge 6
2025-12-22T16:31:29Z,2,1210,0,Charge 6
2025-12-22T16:31:30Z,2,1210,0,Charge 6
2025-12-22T16:31:31Z,2,1290,0,Charge 6
2025-12-22T16:31:32Z,2,1340,0,Charge 6
2025-12-22T16:31:33Z,1,1350,0,Charge 6
2025-12-22T16:31:34Z,2,1340,0,Charge 6
2025-12-22T16:31:35Z,2,1340,0,Charge 6
2025-12-22T16:31:36Z,2,1350,0,Charge 6
2025-12-22T16:31:37Z,2,1340,0,Charge 6
2025-12-22T16:31:38Z,2,1350,0,Charge 6
2025-12-22T16:31:39Z,1,1350,0,Charge 6
2025-12-22T16:31:40Z,2,1350,0,Charge 6
2025-12-22T16:31:41Z,2,1360,0,Charge 6
2025-12-22T16:31:42Z,1,1340,0,Charge 6
2025-12-22T16:31:43Z,2,1340,0,Charge 6
2025-12-22T16:31:44Z,2,1350,0,Charge 6
2025-12-22T16:31:45Z,2,1340,0,Charge 6
2025-12-22T16:31:46Z,2,1350,0,Charge 6
2025-12-22T16:31:47Z,2,1350,0,Charge 6
2025-12-22T16:31:48Z,1,1350,0,Charge 6
2025-12-22T16:31:49Z,2,1350,0,Charge 6
2025-12-22T16:31:50Z,2,1350,0,Charge 6
2025-12-22T16:31:51Z,2,1350,0,Charge 6
2025-12-22T16:31:52Z,2,1350,0,Charge 6
2025-12-22T16:31:53Z,2,1360,0,Charge 6
2025-12-22T16:31:54Z,1,1350,0,Charge 6
2025-12-22T16:31:55Z,2,1350,0,Charge 6
2025-12-22T16:31:56Z,2,1350,0,Charge 6
2025-12-22T16:31:57Z,2,1350,0,Charge 6
2025-12-22T16:31:58Z,2,1350,0,Charge 6
2025-12-22T16:31:59Z,2,1360,0,Charge 6
2025-12-22T16:32:00Z,2,1360,0,Charge 6
2025-12-22T16:32:01Z,1,1360,0,Charge 6
2025-12-22T16:32:02Z,2,1360,0,Charge 6
2025-12-22T16:32:03Z,2,1360,0,Charge 6
2025-12-22T16:32:04Z,2,1360,0,Charge 6
2025-12-22T16:32:05Z,2,1360,0,Charge 6
2025-12-22T16:32:06Z,1,1360,0,Charge 6
2025-12-22T16:32:07Z,2,1360,0,Charge 6
2025-12-22T16:32:08Z,1,1360,0,Charge 6
2025-12-22T16:32:09Z,2,1350,0,Charge 6
2025-12-22T16:32:10Z,2,1350,0,Charge 6
2025-12-22T16:32:11Z,1,1340,0,Charge 6
2025-12-22T16:32:12Z,0,1240,0,Charge 6
2025-12-22T16:32:13Z,0,1120,0,Charge 6
2025-12-22T16:32:14Z,0,950,0,Charge 6
2025-12-22T16:32:15Z,1,0,0,Charge 6
2025-12-22T16:32:16Z,1,0,0,Charge 6
2025-12-22T16:32:17Z,2,0,0,Charge 6
2025-12-22T16:32:18Z,2,0,0,Charge 6
2025-12-22T16:32:19Z,1,0,0,Charge 6
2025-12-22T16:32:20Z,0,0,0,Charge 6
2025-12-22T16:32:21Z,1,0,0,Charge 6
2025-12-22T16:32:22Z,1,0,0,Charge 6
2025-12-22T16:32:23Z,2,0,0,Charge 6
2025-12-22T16:32:24Z,2,0,0,Charge 6
2025-12-22T16:32:25Z,1,0,0,Charge 6
2025-12-22T16:32:26Z,2,140,0,Charge 6
2025-12-22T16:32:27Z,0,250,0,Charge 6
2025-12-22T16:32:28Z,0,330,0,Charge 6
2025-12-22T16:32:29Z,0,390,0,Charge 6
2025-12-22T16:32:30Z,0,440,0,Charge 6
2025-12-22T16:32:31Z,0,0,0,Charge 6
2025-12-22T16:32:32Z,0,0,0,Charge 6
2025-12-22T16:32:33Z,0,0,0,Charge 6
2025-12-22T16:32:34Z,0,0,0,Charge 6
2025-12-22T16:32:35Z,0,0,0,Charge 6
2025-12-22T16:32:36Z,0,0,0,Charge 6
2025-12-22T16:32:37Z,0,0,0,Charge 6
2025-12-22T16:32:38Z,0,0,0,Charge 6
2025-12-22T16:32:39Z,0,0,0,Charge 6
2025-12-22T16:32:40Z,0,0,0,Charge 6
2025-12-22T16:32:41Z,0,0,0,Charge 6
2025-12-22T16:32:42Z,2,0,0,Charge 6
2025-12-22T16:32:43Z,2,0,0,Charge 6
2025-12-22T16:32:44Z,0,0,0,Charge 6
2025-12-22T16:32:45Z,0,0,0,Charge 6
2025-12-22T16:32:46Z,0,0,0,Charge 6
2025-12-22T16:32:47Z,1,0,0,Charge 6
2025-12-22T16:32:48Z,2,0,0,Charge 6
2025-12-22T16:32:49Z,0,0,0,Charge 6
2025-12-22T16:32:50Z,2,0,0,Charge 6
2025-12-22T16:32:51Z,1,0,0,Charge 6
2025-12-22T16:32:52Z,2,140,0,Charge 6
2025-12-22T16:32:53Z,2,320,0,Charge 6
2025-12-22T16:32:54Z,1,490,0,Charge 6
2025-12-22T16:32:55Z,1,660,0,Charge 6
2025-12-22T16:32:56Z,2,850,0,Charge 6
2025-12-22T16:32:57Z,1,890,0,Charge 6
2025-12-22T16:32:58Z,2,920,0,Charge 6
2025-12-22T16:32:59Z,2,980,0,Charge 6
2025-12-22T16:33:00Z,2,1050,0,Charge 6
2025-12-22T16:33:01Z,0,1050,0,Charge 6
2025-12-22T16:33:02Z,2,1120,0,Charge 6
2025-12-22T16:33:03Z,1,1110,0,Charge 6
2025-12-22T16:33:04Z,1,1100,0,Charge 6
2025-12-22T16:33:05Z,0,980,0,Charge 6
2025-12-22T16:33:06Z,0,970,0,Charge 6
2025-12-22T16:33:07Z,0,0,0,Charge 6
2025-12-22T16:33:08Z,0,0,0,Charge 6
2025-12-22T16:33:09Z,0,0,0,Charge 6
2025-12-22T16:33:10Z,0,0,0,Charge 6
2025-12-22T16:33:11Z,0,0,0,Charge 6
2025-12-22T16:33:12Z,0,0,0,Charge 6
2025-12-22T16:33:13Z,0,0,0,Charge 6
2025-12-22T16:33:14Z,0,0,0,Charge 6
2025-12-22T16:33:15Z,0,0,0,Charge 6
2025-12-22T16:33:16Z,0,0,0,Charge 6
2025-12-22T16:33:17Z,0,0,0,Charge 6
2025-12-22T16:33:18Z,0,0,0,Charge 6
2025-12-22T16:33:19Z,0,0,0,Charge 6
2025-12-22T16:33:20Z,0,0,0,Charge 6
2025-12-22T16:33:21Z,0,0,0,Charge 6
2025-12-22T16:33:22Z,0,0,0,Charge 6
2025-12-22T16:33:23Z,0,0,0,Charge 6
2025-12-22T16:33:24Z,0,0,0,Charge 6
2025-12-22T16:33:25Z,0,0,0,Charge 6
2025-12-22T16:33:26Z,0,0,0,Charge 6
2025-12-22T16:33:27Z,0,0,0,Charge 6
2025-12-22T16:33:28Z,0,0,0,Charge 6
2025-12-22T16:33:29Z,0,0,0,Charge 6
2025-12-22T16:33:30Z,0,0,0,Charge 6
2025-12-22T16:33:31Z,0,0,0,Charge 6
2025-12-22T16:33:32Z,0,0,0,Charge 6
2025-12-22T16:33:33Z,0,0,0,Charge 6
2025-12-22T16:33:34Z,0,0,0,Charge 6
2025-12-22T16:33:35Z,0,0,0,Charge 6
2025-12-22T16:33:36Z,0,0,0,Charge 6
2025-12-22T16:33:37Z,0,0,0,Charge 6
2025-12-22T16:33:38Z,0,0,0,Charge 6
2025-12-22T16:33:39Z,0,0,0,Charge 6
2025-12-22T16:33:40Z,1,0,0,Charge 6
2025-12-22T16:33:41Z,1,0,0,Charge 6
2025-12-22T16:33:42Z,2,0,0,Charge 6
2025-12-22T16:33:43Z,1,0,0,Charge 6
2025-12-22T16:33:44Z,1,0,0,Charge 6
2025-12-22T16:33:45Z,1,0,0,Charge 6
2025-12-22T16:33:46Z,1,0,0,Charge 6
2025-12-22T16:33:47Z,1,0,0,Charge 6
2025-12-22T16:33:48Z,1,0,0,Charge 6
2025-12-22T16:33:49Z,1,140,0,Charge 6
2025-12-22T16:33:50Z,1,280,0,Charge 6
2025-12-22T16:33:51Z,2,470,0,Charge 6
2025-12-22T16:33:52Z,1,640,0,Charge 6
2025-12-22T16:33:53Z,0,770,0,Charge 6
2025-12-22T16:33:54Z,2,780,0,Charge 6
2025-12-22T16:33:55Z,2,850,0,Charge 6
2025-12-22T16:33:56Z,1,850,0,Charge 6
2025-12-22T16:33:57Z,0,810,0,Charge 6
2025-12-22T16:33:58Z,1,830,0,Charge 6
2025-12-22T16:33:59Z,2,840,0,Charge 6
2025-12-22T16:34:00Z,0,770,0,Charge 6
2025-12-22T16:34:01Z,1,720,0,Charge 6
2025-12-22T16:34:02Z,1,720,0,Charge 6
2025-12-22T16:34:03Z,0,690,0,Charge 6
2025-12-22T16:34:04Z,0,0,0,Charge 6
2025-12-22T16:34:05Z,0,0,0,Charge 6
2025-12-22T16:34:06Z,0,0,0,Charge 6
2025-12-22T16:34:07Z,0,0,0,Charge 6
2025-12-22T16:34:08Z,0,0,0,Charge 6
2025-12-22T16:34:09Z,0,0,0,Charge 6
2025-12-22T16:34:10Z,0,0,0,Charge 6
2025-12-22T16:34:11Z,0,0,0,Charge 6
2025-12-22T16:34:12Z,0,0,0,Charge 6
2025-12-22T16:34:13Z,0,0,0,Charge 6
2025-12-22T16:34:14Z,0,0,0,Charge 6
2025-12-22T16:34:15Z,0,0,0,Charge 6
2025-12-22T16:34:16Z,0,0,0,Charge 6
2025-12-22T16:34:17Z,0,0,0,Charge 6
2025-12-22T16:34:18Z,0,0,0,Charge 6
2025-12-22T16:34:19Z,0,0,0,Charge 6
2025-12-22T16:34:20Z,0,0,0,Charge 6
2025-12-22T16:34:21Z,2,0,0,Charge 6
2025-12-22T16:34:22Z,2,0,0,Charge 6
2025-12-22T16:34:23Z,0,0,0,Charge 6
2025-12-22T16:34:24Z,0,0,0,Charge 6
2025-12-22T16:34:25Z,0,0,0,Charge 6
2025-12-22T16:34:26Z,0,0,0,Charge 6
2025-12-22T16:34:27Z,0,0,0,Charge 6
2025-12-22T16:34:28Z,0,0,0,Charge 6
2025-12-22T16:34:29Z,0,0,0,Charge 6
2025-12-22T16:34:30Z,0,0,0,Charge 6
2025-12-22T16:34:31Z,0,0,0,Charge 6
2025-12-22T16:34:32Z,0,0,0,Charge 6
2025-12-22T16:34:33Z,0,0,0,Charge 6
2025-12-22T16:34:34Z,0,0,0,Charge 6
2025-12-22T16:34:35Z,0,0,0,Charge 6
2025-12-22T16:34:36Z,0,0,0,Charge 6
2025-12-22T16:34:37Z,0,0,0,Charge 6
2025-12-22T16:34:38Z,0,0,0,Charge 6
2025-12-22T16:34:39Z,0,0,0,Charge 6
2025-12-22T16:34:40Z,0,0,0,Charge 6
2025-12-22T16:34:41Z,0,0,0,Charge 6
2025-12-22T16:34:42Z,0,0,0,Charge 6
2025-12-22T16:34:43Z,0,0,0,Charge 6
2025-12-22T16:34:44Z,0,0,0,Charge 6
2025-12-22T16:34:45Z,0,0,0,Charge 6
2025-12-22T16:34:46Z,0,0,0,Charge 6
2025-12-22T16:34:47Z,0,0,0,Charge 6
2025-12-22T16:34:48Z,0,0,0,Charge 6
2025-12-22T16:34:49Z,0,0,0,Charge 6
2025-12-22T16:34:50Z,0,0,0,Charge 6
2025-12-22T16:34:51Z,0,0,0,Charge 6
2025-12-22T16:34:52Z,0,0,0,Charge 6
2025-12-22T16:34:53Z,0,0,0,Charge 6
2025-12-22T16:34:54Z,0,0,0,Charge 6
2025-12-22T16:34:55Z,0,0,0,Charge 6
2025-12-22T16:34:56Z,0,0,0,Charge 6
2025-12-22T16:34:57Z,0,0,0,Charge 6
2025-12-22T16:34:58Z,0,0,0,Charge 6
2025-12-22T16:34:59Z,0,0,0,Charge 6
2025-12-22T16:35:00Z,0,0,0,Charge 6
2025-12-22T16:35:01Z,0,0,0,Charge 6
2025-12-22T16:35:02Z,0,0,0,Charge 6
2025-12-22T16:35:03Z,0,0,0,Charge 6
2025-12-22T16:35:04Z,0,0,0,Charge 6
2025-12-22T16:35:05Z,0,0,0,Charge 6
2025-12-22T16:35:06Z,0,0,0,Charge 6
2025-12-22T16:35:07Z,0,0,0,Charge 6
2025-12-22T16:35:08Z,0,0,0,Charge 6
2025-12-22T16:35:09Z,0,0,0,Charge 6
2025-12-22T16:35:10Z,0,0,0,Charge 6
2025-12-22T16:35:11Z,0,0,0,Charge 6
2025-12-22T16:35:12Z,0,0,0,Charge 6
2025-12-22T16:35:13Z,0,0,0,Charge 6
2025-12-22T16:35:14Z,0,0,0,Charge 6
2025-12-22T16:35:15Z,0,0,0,Charge 6
2025-12-22T16:35:16Z,0,0,0,Charge 6
2025-12-22T16:35:17Z,0,0,0,Charge 6
2025-12-22T16:35:18Z,0,0,0,Charge 6
2025-12-22T16:35:19Z,0,0,0,Charge 6
2025-12-22T16:35:20Z,0,0,0,Charge 6
2025-12-22T16:35:21Z,0,0,0,Charge 6
2025-12-22T16:35:22Z,0,0,0,Charge 6
2025-12-22T16:35:23Z,0,0,0,Charge 6
2025-12-22T16:35:24Z,0,0,0,Charge 6
2025-12-22T16:35:25Z,0,0,0,Charge 6
2025-12-22T16:35:26Z,0,0,0,Charge 6
2025-12-22T16:35:27Z,1,0,0,Charge 6
2025-12-22T16:35:28Z,0,0,0,Charge 6
2025-12-22T16:35:29Z,0,0,0,Charge 6
2025-12-22T16:35:30Z,2,0,0,Charge 6
2025-12-22T16:35:31Z,1,0,0,Charge 6
2025-12-22T16:35:32Z,2,140,0,Charge 6
2025-12-22T16:35:33Z,0,250,0,Charge 6
2025-12-22T16:35:34Z,1,360,0,Charge 6
2025-12-22T16:35:35Z,1,500,0,Charge 6
2025-12-22T16:35:36Z,1,610,0,Charge 6
2025-12-22T16:35:37Z,2,640,0,Charge 6
2025-12-22T16:35:38Z,1,700,0,Charge 6
2025-12-22T16:35:39Z,1,740,0,Charge 6
2025-12-22T16:35:40Z,3,840,0,Charge 6
2025-12-22T16:35:41Z,0,890,0,Charge 6
2025-12-22T16:35:42Z,2,910,0,Charge 6
2025-12-22T16:35:43Z,1,990,0,Charge 6
2025-12-22T16:35:44Z,0,960,0,Charge 6
2025-12-22T16:35:45Z,0,830,0,Charge 6
2025-12-22T16:35:46Z,0,710,0,Charge 6
2025-12-22T16:35:47Z,0,0,0,Charge 6
2025-12-22T16:35:48Z,0,0,0,Charge 6
2025-12-22T16:35:49Z,0,0,0,Charge 6
2025-12-22T16:35:50Z,0,0,0,Charge 6
2025-12-22T16:35:51Z,0,0,0,Charge 6
2025-12-22T16:35:52Z,0,0,0,Charge 6
2025-12-22T16:35:53Z,0,0,0,Charge 6
2025-12-22T16:35:54Z,0,0,0,Charge 6
2025-12-22T16:35:55Z,0,0,0,Charge 6
2025-12-22T16:35:56Z,0,0,0,Charge 6
2025-12-22T16:35:57Z,0,0,0,Charge 6
2025-12-22T16:35:58Z,0,0,0,Charge 6
2025-12-22T16:35:59Z,0,0,0,Charge 6
2025-12-22T16:36:00Z,0,0,0,Charge 6
2025-12-22T16:36:01Z,0,0,0,Charge 6
2025-12-22T16:36:02Z,2,0,0,Charge 6
2025-12-22T16:36:03Z,2,0,0,Charge 6
2025-12-22T16:36:04Z,1,0,0,Charge 6
2025-12-22T16:36:05Z,1,0,0,Charge 6
2025-12-22T16:36:06Z,2,0,0,Charge 6
2025-12-22T16:36:07Z,1,0,0,Charge 6
2025-12-22T16:36:08Z,2,140,0,Charge 6
2025-12-22T16:36:09Z,0,250,0,Charge 6
2025-12-22T16:36:10Z,2,390,0,Charge 6
2025-12-22T16:36:11Z,1,560,0,Charge 6
2025-12-22T16:36:12Z,2,740,0,Charge 6
2025-12-22T16:36:13Z,1,770,0,Charge 6
2025-12-22T16:36:14Z,2,870,0,Charge 6
2025-12-22T16:36:15Z,2,940,0,Charge 6
2025-12-22T16:36:16Z,2,1020,0,Charge 6
2025-12-22T16:36:17Z,1,1060,0,Charge 6
2025-12-22T16:36:18Z,1,1130,0,Charge 6
2025-12-22T16:36:19Z,4,1230,0,Charge 6
2025-12-22T16:36:20Z,1,1250,0,Charge 6
2025-12-22T16:36:21Z,1,1250,0,Charge 6
2025-12-22T16:36:22Z,1,1240,0,Charge 6
2025-12-22T16:36:23Z,1,1230,0,Charge 6
2025-12-22T16:36:24Z,0,1070,0,Charge 6
2025-12-22T16:36:25Z,2,1070,0,Charge 6
2025-12-22T16:36:26Z,1,1050,0,Charge 6
2025-12-22T16:36:27Z,0,950,0,Charge 6
2025-12-22T16:36:28Z,0,820,0,Charge 6
2025-12-22T16:36:29Z,0,690,0,Charge 6
2025-12-22T16:36:30Z,0,0,0,Charge 6
2025-12-22T16:36:31Z,0,0,0,Charge 6
2025-12-22T16:36:32Z,0,0,0,Charge 6
