timestamp,oxygen saturation percentage,data source
2023-12-01T08:22:33Z,96.3,Charge 5
2023-12-01T08:23:33Z,96.8,Charge 5
2023-12-01T08:24:33Z,97.0,Charge 5
2023-12-01T08:25:33Z,96.8,Charge 5
2023-12-01T08:27:33Z,96.0,Charge 5
2023-12-01T08:51:33Z,94.2,Charge 5
2023-12-01T08:52:33Z,93.7,Charge 5
2023-12-01T08:53:33Z,92.6,Charge 5
2023-12-01T08:54:33Z,92.9,Charge 5
2023-12-01T08:55:33Z,94.5,Charge 5
2023-12-01T08:56:33Z,94.1,Charge 5
2023-12-01T08:57:33Z,95.1,Charge 5
2023-12-01T08:58:33Z,95.4,Charge 5
2023-12-01T08:59:33Z,96.0,Charge 5
2023-12-01T10:49:33Z,96.2,Charge 5
2023-12-01T10:50:33Z,97.3,Charge 5
2023-12-01T10:51:33Z,97.8,Charge 5
2023-12-01T10:52:33Z,98.1,Charge 5
2023-12-01T10:53:33Z,98.4,Charge 5
2023-12-02T08:19:03Z,98.2,Charge 5
2023-12-02T08:20:03Z,99.1,Charge 5
2023-12-02T08:21:03Z,99.5,Charge 5
2023-12-02T08:22:03Z,99.5,Charge 5
2023-12-02T08:23:03Z,99.1,Charge 5
2023-12-02T08:24:03Z,99.1,Charge 5
2023-12-02T08:25:03Z,100.0,Charge 5
2023-12-02T08:26:03Z,100.0,Charge 5
2023-12-02T08:27:03Z,99.5,Charge 5
2023-12-02T08:28:03Z,97.5,Charge 5
2023-12-02T08:29:03Z,97.6,Charge 5
2023-12-02T08:30:03Z,98.5,Charge 5
2023-12-02T08:31:03Z,98.8,Charge 5
2023-12-02T08:32:03Z,99.0,Charge 5
2023-12-02T08:33:03Z,99.1,Charge 5
2023-12-02T08:34:03Z,99.1,Charge 5
2023-12-02T08:35:03Z,99.1,Charge 5
2023-12-02T08:36:03Z,98.7,Charge 5
2023-12-02T08:37:03Z,98.5,Charge 5
2023-12-02T08:38:03Z,98.7,Charge 5
2023-12-02T08:39:03Z,98.5,Charge 5
2023-12-02T08:40:03Z,98.5,Charge 5
2023-12-02T08:41:03Z,98.3,Charge 5
2023-12-02T08:42:03Z,98.2,Charge 5
2023-12-02T08:43:03Z,98.1,Charge 5
2023-12-02T08:44:03Z,97.9,Charge 5
2023-12-02T08:45:03Z,98.0,Charge 5
2023-12-02T08:46:03Z,98.0,Charge 5
2023-12-02T08:47:03Z,98.0,Charge 5
2023-12-02T08:48:03Z,98.0,Charge 5
2023-12-02T08:49:03Z,97.8,Charge 5
2023-12-02T08:50:03Z,97.7,Charge 5
2023-12-02T08:51:03Z,97.6,Charge 5
2023-12-02T08:53:03Z,96.3,Charge 5
2023-12-02T08:54:03Z,95.3,Charge 5
2023-12-02T08:55:03Z,95.0,Charge 5
2023-12-02T08:56:03Z,94.3,Charge 5
2023-12-02T08:57:03Z,95.0,Charge 5
2023-12-02T08:58:03Z,94.9,Charge 5
2023-12-02T09:07:03Z,95.9,Charge 5
2023-12-02T09:08:03Z,95.8,Charge 5
2023-12-02T09:09:03Z,97.1,Charge 5
2023-12-02T09:11:03Z,96.3,Charge 5
2023-12-02T10:24:03Z,95.4,Charge 5
2023-12-02T10:25:03Z,95.1,Charge 5
2023-12-02T10:26:03Z,95.0,Charge 5
2023-12-02T10:27:03Z,95.2,Charge 5
2023-12-02T10:28:03Z,95.8,Charge 5
2023-12-02T10:29:03Z,95.7,Charge 5
2023-12-02T10:30:03Z,95.4,Charge 5
2023-12-02T10:31:03Z,95.5,Charge 5
2023-12-02T10:32:03Z,94.2,Charge 5
2023-12-02T10:33:03Z,95.6,Charge 5
2023-12-02T10:34:03Z,95.1,Charge 5
2023-12-02T14:02:03Z,95.0,Charge 5
2023-12-02T14:04:03Z,94.8,Charge 5
2023-12-02T14:05:03Z,94.2,Charge 5
2023-12-02T14:06:03Z,93.6,Charge 5
2023-12-02T14:07:03Z,93.6,Charge 5
2023-12-02T14:08:03Z,93.0,Charge 5
2023-12-02T14:09:03Z,93.1,Charge 5
2023-12-02T14:10:03Z,92.4,Charge 5
2023-12-03T07:00:04Z,89.3,Charge 5
2023-12-03T07:01:04Z,88.5,Charge 5
2023-12-03T07:02:04Z,88.8,Charge 5
2023-12-03T07:03:04Z,88.4,Charge 5
2023-12-03T07:04:04Z,88.6,Charge 5
2023-12-03T08:13:04Z,94.3,Charge 5
2023-12-03T08:14:04Z,95.6,Charge 5
2023-12-03T08:15:04Z,96.6,Charge 5
2023-12-03T08:16:04Z,96.5,Charge 5
2023-12-03T08:17:04Z,97.1,Charge 5
2023-12-03T08:18:04Z,97.7,Charge 5
2023-12-03T08:19:04Z,97.5,Charge 5
2023-12-03T08:21:04Z,97.2,Charge 5
2023-12-03T08:22:04Z,96.6,Charge 5
2023-12-03T08:23:04Z,95.8,Charge 5
2023-12-03T08:24:04Z,95.3,Charge 5
2023-12-03T08:25:04Z,95.3,Charge 5
2023-12-03T08:26:04Z,95.1,Charge 5
2023-12-03T08:27:04Z,94.8,Charge 5
2023-12-03T08:28:04Z,95.1,Charge 5
2023-12-03T08:29:04Z,95.1,Charge 5
2023-12-03T08:30:04Z,95.1,Charge 5
2023-12-03T08:31:04Z,95.1,Charge 5
2023-12-03T08:32:04Z,95.1,Charge 5
2023-12-03T08:33:04Z,95.1,Charge 5
2023-12-03T08:34:04Z,95.1,Charge 5
2023-12-03T08:35:04Z,95.5,Charge 5
2023-12-03T08:36:04Z,95.7,Charge 5
2023-12-03T08:37:04Z,95.5,Charge 5
2023-12-03T08:38:04Z,95.1,Charge 5
2023-12-03T08:39:04Z,94.6,Charge 5
2023-12-03T08:40:04Z,94.9,Charge 5
2023-12-03T08:41:04Z,94.8,Charge 5
2023-12-03T08:42:04Z,94.9,Charge 5
2023-12-03T08:43:04Z,96.0,Charge 5
2023-12-03T08:44:04Z,96.0,Charge 5
2023-12-03T08:45:04Z,96.5,Charge 5
2023-12-03T08:46:04Z,96.6,Charge 5
2023-12-03T08:47:04Z,96.4,Charge 5
2023-12-03T08:48:04Z,96.4,Charge 5
2023-12-03T08:49:04Z,96.6,Charge 5
2023-12-03T08:50:04Z,96.9,Charge 5
2023-12-03T08:51:04Z,96.8,Charge 5
2023-12-03T08:52:04Z,96.6,Charge 5
2023-12-03T08:53:04Z,96.5,Charge 5
2023-12-03T08:54:04Z,96.0,Charge 5
2023-12-03T08:55:04Z,96.5,Charge 5
2023-12-03T08:56:04Z,96.0,Charge 5
2023-12-03T08:57:04Z,96.3,Charge 5
2023-12-03T08:58:04Z,97.0,Charge 5
2023-12-03T09:00:04Z,97.1,Charge 5
2023-12-03T09:01:04Z,97.3,Charge 5
2023-12-03T09:02:04Z,96.9,Charge 5
2023-12-03T09:03:04Z,97.4,Charge 5
2023-12-03T09:04:04Z,97.4,Charge 5
2023-12-03T09:05:04Z,97.2,Charge 5
2023-12-03T09:06:04Z,97.3,Charge 5
2023-12-03T09:07:04Z,97.1,Charge 5
2023-12-03T09:08:04Z,97.1,Charge 5
2023-12-03T09:09:04Z,96.8,Charge 5
2023-12-03T09:10:04Z,97.1,Charge 5
2023-12-03T09:11:04Z,97.0,Charge 5
2023-12-03T09:12:04Z,97.0,Charge 5
2023-12-03T09:39:04Z,92.8,Charge 5
2023-12-03T09:40:04Z,94.7,Charge 5
2023-12-03T09:41:04Z,96.0,Charge 5
2023-12-03T09:42:04Z,96.5,Charge 5
2023-12-03T09:43:04Z,95.4,Charge 5
2023-12-03T09:45:04Z,92.9,Charge 5
2023-12-03T11:23:04Z,95.0,Charge 5
2023-12-03T11:24:04Z,95.4,Charge 5
2023-12-03T11:25:04Z,95.5,Charge 5
2023-12-03T11:26:04Z,94.8,Charge 5
2023-12-03T11:27:04Z,94.3,Charge 5
2023-12-03T11:29:04Z,94.1,Charge 5
2023-12-03T11:30:04Z,94.0,Charge 5
2023-12-04T07:08:33Z,90.8,Charge 5
2023-12-04T07:09:33Z,93.0,Charge 5
2023-12-04T07:10:33Z,93.8,Charge 5
2023-12-04T07:11:33Z,94.5,Charge 5
2023-12-04T07:13:33Z,94.3,Charge 5
2023-12-04T07:14:33Z,92.6,Charge 5
2023-12-04T07:17:33Z,93.2,Charge 5
2023-12-04T08:41:33Z,91.1,Charge 5
2023-12-04T08:43:33Z,92.0,Charge 5
2023-12-04T08:44:33Z,91.4,Charge 5
2023-12-04T08:45:33Z,90.9,Charge 5
2023-12-04T08:46:33Z,91.2,Charge 5
2023-12-04T09:18:33Z,94.5,Charge 5
2023-12-04T09:19:33Z,94.3,Charge 5
2023-12-04T09:20:33Z,94.5,Charge 5
2023-12-04T09:21:33Z,95.4,Charge 5
2023-12-04T09:22:33Z,95.5,Charge 5
2023-12-04T10:41:33Z,93.6,Charge 5
2023-12-04T10:42:33Z,94.0,Charge 5
2023-12-04T10:43:33Z,94.0,Charge 5
2023-12-04T10:44:33Z,94.1,Charge 5
2023-12-04T10:45:33Z,94.5,Charge 5
2023-12-04T10:46:33Z,94.6,Charge 5
2023-12-04T10:47:33Z,94.9,Charge 5
2023-12-04T10:48:33Z,95.0,Charge 5
2023-12-04T10:49:33Z,95.3,Charge 5
2023-12-04T10:50:33Z,95.3,Charge 5
2023-12-04T10:51:33Z,95.3,Charge 5
2023-12-04T10:52:33Z,95.3,Charge 5
2023-12-04T10:53:33Z,95.5,Charge 5
2023-12-05T02:27:34Z,94.5,Charge 5
2023-12-05T02:28:34Z,94.4,Charge 5
2023-12-05T05:15:34Z,92.9,Charge 5
2023-12-05T05:18:34Z,93.6,Charge 5
2023-12-05T05:19:34Z,94.1,Charge 5
2023-12-05T05:20:34Z,93.2,Charge 5
2023-12-05T05:21:34Z,92.6,Charge 5
2023-12-05T05:22:34Z,92.4,Charge 5
2023-12-05T05:23:34Z,92.4,Charge 5
2023-12-05T05:39:34Z,97.2,Charge 5
2023-12-05T05:40:34Z,97.3,Charge 5
2023-12-05T05:41:34Z,96.1,Charge 5
2023-12-05T05:42:34Z,95.0,Charge 5
2023-12-05T05:43:34Z,94.4,Charge 5
2023-12-05T05:44:34Z,94.0,Charge 5
2023-12-05T05:45:34Z,94.1,Charge 5
2023-12-05T05:46:34Z,93.9,Charge 5
2023-12-05T05:47:34Z,94.7,Charge 5
2023-12-05T05:48:34Z,97.6,Charge 5
2023-12-05T05:49:34Z,99.0,Charge 5
2023-12-05T05:50:34Z,99.5,Charge 5
2023-12-05T05:51:34Z,99.9,Charge 5
2023-12-05T05:52:34Z,99.7,Charge 5
2023-12-05T05:53:34Z,99.6,Charge 5
2023-12-05T05:54:34Z,99.7,Charge 5
2023-12-05T05:55:34Z,100.0,Charge 5
2023-12-05T05:57:34Z,99.0,Charge 5
2023-12-05T05:58:34Z,97.8,Charge 5
2023-12-05T05:59:34Z,96.9,Charge 5
2023-12-05T06:00:34Z,96.3,Charge 5
2023-12-05T06:01:34Z,95.7,Charge 5
2023-12-05T06:02:34Z,95.3,Charge 5
2023-12-05T06:03:34Z,95.0,Charge 5
2023-12-05T06:04:34Z,94.4,Charge 5
2023-12-05T06:05:34Z,94.0,Charge 5
2023-12-05T06:06:34Z,94.2,Charge 5
2023-12-05T06:07:34Z,94.4,Charge 5
2023-12-05T06:08:34Z,94.6,Charge 5
2023-12-05T06:09:34Z,94.5,Charge 5
2023-12-05T06:10:34Z,94.4,Charge 5
2023-12-05T06:11:34Z,94.1,Charge 5
2023-12-05T06:12:34Z,93.4,Charge 5
2023-12-05T06:13:34Z,93.1,Charge 5
2023-12-05T06:14:34Z,93.6,Charge 5
2023-12-05T06:15:34Z,93.7,Charge 5
2023-12-05T06:16:34Z,94.3,Charge 5
2023-12-05T06:17:34Z,94.4,Charge 5
2023-12-05T06:18:34Z,94.1,Charge 5
2023-12-05T06:19:34Z,93.8,Charge 5
2023-12-05T06:20:34Z,93.5,Charge 5
2023-12-05T06:21:34Z,93.0,Charge 5
2023-12-05T06:22:34Z,93.2,Charge 5
2023-12-05T06:23:34Z,93.2,Charge 5
2023-12-05T06:24:34Z,93.1,Charge 5
2023-12-05T06:25:34Z,93.5,Charge 5
2023-12-05T06:26:34Z,93.8,Charge 5
2023-12-05T06:27:34Z,93.8,Charge 5
2023-12-05T06:28:34Z,93.6,Charge 5
2023-12-05T06:29:34Z,93.8,Charge 5
2023-12-05T06:30:34Z,94.0,Charge 5
2023-12-05T06:31:34Z,94.0,Charge 5
2023-12-05T06:32:34Z,93.8,Charge 5
2023-12-05T06:33:34Z,94.1,Charge 5
2023-12-05T06:34:34Z,94.3,Charge 5
2023-12-05T06:35:34Z,94.0,Charge 5
2023-12-05T06:36:34Z,94.1,Charge 5
2023-12-05T06:37:34Z,93.4,Charge 5
2023-12-05T06:38:34Z,93.2,Charge 5
2023-12-05T06:39:34Z,93.0,Charge 5
2023-12-05T06:40:34Z,92.5,Charge 5
2023-12-05T06:41:34Z,92.4,Charge 5
2023-12-05T06:42:34Z,91.7,Charge 5
2023-12-05T06:43:34Z,91.7,Charge 5
2023-12-05T06:44:34Z,91.4,Charge 5
2023-12-05T07:31:34Z,93.7,Charge 5
2023-12-05T07:32:34Z,93.4,Charge 5
2023-12-05T07:33:34Z,93.3,Charge 5
2023-12-05T07:39:34Z,93.1,Charge 5
2023-12-05T07:40:34Z,93.6,Charge 5
2023-12-05T07:41:34Z,94.2,Charge 5
2023-12-05T08:05:34Z,94.2,Charge 5
2023-12-05T10:52:33Z,95.2,Charge 5
2023-12-05T11:02:33Z,95.4,Charge 5
2023-12-05T11:03:33Z,95.4,Charge 5
2023-12-05T11:04:33Z,95.5,Charge 5
2023-12-05T11:05:33Z,95.7,Charge 5
2023-12-05T11:06:33Z,96.3,Charge 5
2023-12-05T11:07:33Z,96.1,Charge 5
2023-12-05T11:09:33Z,96.5,Charge 5
2023-12-05T11:10:33Z,97.0,Charge 5
2023-12-05T11:11:33Z,97.3,Charge 5
2023-12-05T11:15:33Z,98.4,Charge 5
2023-12-05T11:17:33Z,98.7,Charge 5
2023-12-05T11:18:33Z,98.9,Charge 5
2023-12-05T11:19:33Z,99.0,Charge 5
2023-12-05T11:20:33Z,99.2,Charge 5
2023-12-05T11:21:33Z,99.1,Charge 5
2023-12-05T11:22:33Z,98.9,Charge 5
2023-12-05T11:23:33Z,99.0,Charge 5
2023-12-05T11:24:33Z,99.0,Charge 5
2023-12-05T11:25:33Z,98.8,Charge 5
2023-12-05T11:28:33Z,99.1,Charge 5
2023-12-05T11:31:33Z,99.4,Charge 5
2023-12-05T11:33:33Z,99.1,Charge 5
2023-12-05T11:45:33Z,97.7,Charge 5
2023-12-05T11:46:33Z,98.7,Charge 5
2023-12-05T11:47:33Z,99.9,Charge 5
2023-12-05T11:49:33Z,99.8,Charge 5
2023-12-05T11:50:33Z,99.0,Charge 5
2023-12-05T11:51:33Z,98.7,Charge 5
2023-12-05T11:52:33Z,98.3,Charge 5
2023-12-05T11:53:33Z,98.4,Charge 5
2023-12-05T11:55:33Z,98.1,Charge 5
2023-12-05T11:56:33Z,98.0,Charge 5
2023-12-05T11:57:33Z,97.9,Charge 5
2023-12-05T11:58:33Z,97.7,Charge 5
2023-12-05T11:59:33Z,97.8,Charge 5
2023-12-05T12:00:33Z,97.9,Charge 5
2023-12-05T12:01:33Z,98.0,Charge 5
2023-12-05T12:02:33Z,98.3,Charge 5
2023-12-05T12:03:33Z,98.2,Charge 5
2023-12-05T12:04:33Z,98.3,Charge 5
2023-12-05T12:05:33Z,98.4,Charge 5
2023-12-05T12:06:33Z,98.5,Charge 5
2023-12-05T12:07:33Z,98.4,Charge 5
2023-12-05T12:08:33Z,98.6,Charge 5
2023-12-05T12:10:33Z,98.9,Charge 5
2023-12-05T12:11:33Z,99.0,Charge 5
2023-12-05T12:12:33Z,99.1,Charge 5
2023-12-05T12:13:33Z,99.0,Charge 5
2023-12-05T12:15:33Z,98.9,Charge 5
2023-12-05T12:16:33Z,99.1,Charge 5
2023-12-05T12:17:33Z,99.2,Charge 5
2023-12-05T12:19:33Z,99.6,Charge 5
2023-12-05T12:20:33Z,99.8,Charge 5
2023-12-05T12:21:33Z,99.8,Charge 5
2023-12-05T12:22:33Z,99.7,Charge 5
2023-12-05T12:23:33Z,99.8,Charge 5
2023-12-05T12:24:33Z,99.8,Charge 5
2023-12-05T12:25:33Z,99.9,Charge 5
2023-12-05T12:26:33Z,99.7,Charge 5
2023-12-05T12:27:33Z,99.6,Charge 5
2023-12-05T12:28:33Z,99.4,Charge 5
2023-12-05T12:29:33Z,99.6,Charge 5
2023-12-05T12:30:33Z,99.3,Charge 5
2023-12-05T12:31:33Z,98.9,Charge 5
2023-12-05T12:32:33Z,98.7,Charge 5
2023-12-05T12:33:33Z,98.7,Charge 5
2023-12-05T12:34:33Z,98.5,Charge 5
2023-12-05T12:35:33Z,98.5,Charge 5
2023-12-05T12:36:33Z,98.7,Charge 5
2023-12-05T12:37:33Z,98.9,Charge 5
2023-12-05T12:38:33Z,99.1,Charge 5
2023-12-05T12:39:33Z,99.2,Charge 5
2023-12-05T12:40:33Z,99.3,Charge 5
2023-12-05T12:41:33Z,98.7,Charge 5
2023-12-05T12:42:33Z,98.6,Charge 5
2023-12-05T12:43:33Z,99.2,Charge 5
2023-12-05T12:44:33Z,99.2,Charge 5
2023-12-05T12:45:33Z,99.0,Charge 5
2023-12-05T12:46:33Z,98.7,Charge 5
2023-12-05T12:47:33Z,98.6,Charge 5
2023-12-05T12:48:33Z,98.4,Charge 5
2023-12-05T12:49:33Z,98.7,Charge 5
2023-12-05T12:50:33Z,98.3,Charge 5
2023-12-05T12:51:33Z,98.4,Charge 5
2023-12-05T12:52:33Z,98.0,Charge 5
2023-12-05T13:41:33Z,98.2,Charge 5
2023-12-05T13:42:33Z,97.8,Charge 5
2023-12-05T13:44:33Z,98.8,Charge 5
2023-12-05T13:46:33Z,99.2,Charge 5
2023-12-05T13:47:33Z,98.9,Charge 5
2023-12-05T13:48:33Z,99.4,Charge 5
2023-12-05T13:49:33Z,99.5,Charge 5
2023-12-05T13:50:33Z,99.7,Charge 5
2023-12-05T13:52:33Z,97.6,Charge 5
2023-12-05T13:53:33Z,96.3,Charge 5
2023-12-05T13:54:33Z,95.4,Charge 5
2023-12-05T13:55:33Z,95.2,Charge 5
2023-12-05T13:56:33Z,95.4,Charge 5
2023-12-05T13:57:33Z,94.2,Charge 5
2023-12-05T13:58:33Z,93.9,Charge 5
2023-12-05T13:59:33Z,95.7,Charge 5
2023-12-05T14:00:33Z,96.0,Charge 5
2023-12-05T14:01:33Z,96.8,Charge 5
2023-12-05T14:02:33Z,96.3,Charge 5
2023-12-05T14:03:33Z,96.1,Charge 5
2023-12-05T14:04:33Z,95.5,Charge 5
2023-12-05T14:05:33Z,95.0,Charge 5
2023-12-05T14:06:33Z,95.0,Charge 5
2023-12-05T14:08:33Z,95.3,Charge 5
2023-12-05T14:09:33Z,95.4,Charge 5
2023-12-05T14:10:33Z,95.8,Charge 5
2023-12-05T14:13:33Z,95.4,Charge 5
2023-12-05T14:14:33Z,95.2,Charge 5
2023-12-05T14:15:33Z,95.7,Charge 5
2023-12-05T14:16:33Z,96.2,Charge 5
2023-12-05T14:17:33Z,97.2,Charge 5
2023-12-05T14:18:33Z,98.2,Charge 5
2023-12-05T14:19:33Z,98.7,Charge 5
2023-12-05T14:20:33Z,98.9,Charge 5
2023-12-05T14:21:33Z,99.0,Charge 5
2023-12-05T14:22:33Z,99.1,Charge 5
2023-12-05T14:23:33Z,99.2,Charge 5
2023-12-05T14:24:33Z,98.8,Charge 5
2023-12-05T14:25:33Z,98.7,Charge 5
2023-12-05T14:26:33Z,98.4,Charge 5
2023-12-05T14:28:33Z,97.1,Charge 5
2023-12-05T15:14:33Z,94.9,Charge 5
2023-12-05T15:16:33Z,95.6,Charge 5
2023-12-05T15:17:33Z,95.6,Charge 5
2023-12-06T04:49:33Z,94.2,Charge 5
2023-12-06T04:50:33Z,95.1,Charge 5
2023-12-06T04:51:33Z,95.5,Charge 5
2023-12-06T04:52:33Z,95.4,Charge 5
2023-12-06T04:53:33Z,95.7,Charge 5
2023-12-06T04:54:33Z,96.5,Charge 5
2023-12-06T04:55:33Z,96.2,Charge 5
2023-12-06T04:56:33Z,95.5,Charge 5
2023-12-06T04:57:33Z,96.3,Charge 5
2023-12-06T04:58:33Z,95.5,Charge 5
2023-12-06T04:59:33Z,95.1,Charge 5
2023-12-06T05:00:33Z,95.9,Charge 5
2023-12-06T05:01:33Z,95.8,Charge 5
2023-12-06T05:02:33Z,96.0,Charge 5
2023-12-06T05:03:33Z,96.6,Charge 5
2023-12-06T05:04:33Z,97.9,Charge 5
2023-12-06T08:23:33Z,95.1,Charge 5
2023-12-06T08:24:33Z,95.3,Charge 5
2023-12-06T08:25:33Z,95.5,Charge 5
2023-12-06T08:26:33Z,95.7,Charge 5
2023-12-06T08:27:33Z,95.8,Charge 5
2023-12-06T08:28:33Z,95.8,Charge 5
2023-12-06T08:29:33Z,95.8,Charge 5
2023-12-06T08:30:33Z,95.8,Charge 5
2023-12-06T08:31:33Z,95.8,Charge 5
2023-12-06T08:32:33Z,95.8,Charge 5
2023-12-06T08:33:33Z,95.9,Charge 5
2023-12-06T08:34:33Z,95.9,Charge 5
2023-12-06T08:35:33Z,95.8,Charge 5
2023-12-06T08:36:33Z,95.8,Charge 5
2023-12-06T08:37:33Z,95.8,Charge 5
2023-12-06T08:39:33Z,95.5,Charge 5
2023-12-06T08:40:33Z,95.4,Charge 5
2023-12-06T08:41:33Z,95.6,Charge 5
2023-12-06T08:42:33Z,96.1,Charge 5
2023-12-06T08:43:33Z,95.7,Charge 5
2023-12-06T08:44:33Z,96.1,Charge 5
2023-12-06T08:45:33Z,96.2,Charge 5
2023-12-06T08:46:33Z,96.3,Charge 5
2023-12-06T08:47:33Z,96.0,Charge 5
2023-12-06T08:48:33Z,96.1,Charge 5
2023-12-06T08:49:33Z,97.0,Charge 5
2023-12-06T08:58:33Z,92.4,Charge 5
2023-12-06T08:59:33Z,92.4,Charge 5
2023-12-06T09:00:33Z,92.5,Charge 5
2023-12-06T09:01:33Z,91.8,Charge 5
2023-12-06T09:02:33Z,92.0,Charge 5
2023-12-06T13:38:03Z,95.4,Charge 5
2023-12-07T05:06:03Z,98.7,Charge 5
2023-12-07T05:07:03Z,99.1,Charge 5
2023-12-07T05:08:03Z,99.2,Charge 5
2023-12-07T05:09:03Z,99.2,Charge 5
2023-12-07T05:10:03Z,99.3,Charge 5
2023-12-07T05:11:03Z,99.2,Charge 5
2023-12-07T05:12:03Z,98.6,Charge 5
2023-12-07T05:13:03Z,97.4,Charge 5
2023-12-07T05:14:03Z,96.0,Charge 5
2023-12-07T05:15:03Z,95.0,Charge 5
2023-12-07T05:16:03Z,94.2,Charge 5
2023-12-07T05:17:03Z,93.6,Charge 5
2023-12-07T05:18:03Z,93.3,Charge 5
2023-12-07T05:19:03Z,93.1,Charge 5
2023-12-07T05:20:03Z,92.7,Charge 5
2023-12-07T05:21:03Z,92.5,Charge 5
2023-12-07T05:22:03Z,93.0,Charge 5
2023-12-07T05:23:03Z,93.1,Charge 5
2023-12-07T05:24:03Z,93.3,Charge 5
2023-12-07T05:25:03Z,93.3,Charge 5
2023-12-07T05:26:03Z,93.3,Charge 5
2023-12-07T05:27:03Z,93.4,Charge 5
2023-12-07T05:28:03Z,93.5,Charge 5
2023-12-07T05:29:03Z,93.5,Charge 5
2023-12-07T05:30:03Z,93.0,Charge 5
2023-12-07T05:31:03Z,92.9,Charge 5
2023-12-07T05:32:03Z,93.6,Charge 5
2023-12-07T05:33:03Z,93.6,Charge 5
2023-12-07T05:34:03Z,93.8,Charge 5
2023-12-07T05:35:03Z,93.7,Charge 5
2023-12-07T05:36:03Z,93.9,Charge 5
2023-12-07T05:37:03Z,93.8,Charge 5
2023-12-07T05:38:03Z,93.7,Charge 5
2023-12-07T05:39:03Z,93.9,Charge 5
2023-12-07T05:40:03Z,93.9,Charge 5
2023-12-07T05:41:03Z,94.0,Charge 5
2023-12-07T05:43:03Z,94.6,Charge 5
2023-12-07T05:44:03Z,97.8,Charge 5
2023-12-07T05:45:03Z,99.2,Charge 5
2023-12-07T05:46:03Z,99.8,Charge 5
2023-12-07T05:47:03Z,100.0,Charge 5
2023-12-07T05:48:03Z,100.0,Charge 5
2023-12-07T05:49:03Z,100.0,Charge 5
2023-12-07T05:50:03Z,100.0,Charge 5
2023-12-07T05:51:03Z,100.0,Charge 5
2023-12-07T05:52:03Z,100.0,Charge 5
2023-12-07T05:53:03Z,100.0,Charge 5
2023-12-07T05:54:03Z,100.0,Charge 5
2023-12-07T05:55:03Z,100.0,Charge 5
2023-12-07T05:57:03Z,99.8,Charge 5
2023-12-07T05:58:03Z,97.8,Charge 5
2023-12-07T05:59:03Z,97.1,Charge 5
2023-12-07T06:00:03Z,96.4,Charge 5
2023-12-07T06:01:03Z,96.7,Charge 5
2023-12-07T06:03:03Z,96.7,Charge 5
2023-12-07T06:04:03Z,95.9,Charge 5
2023-12-07T06:06:03Z,96.7,Charge 5
2023-12-07T06:08:03Z,97.4,Charge 5
2023-12-07T06:55:03Z,99.1,Charge 5
2023-12-07T06:56:03Z,99.1,Charge 5
2023-12-07T06:57:03Z,99.2,Charge 5
2023-12-07T06:58:03Z,99.0,Charge 5
2023-12-07T06:59:03Z,99.0,Charge 5
2023-12-07T07:00:03Z,99.1,Charge 5
2023-12-07T07:01:03Z,99.2,Charge 5
2023-12-07T07:02:03Z,99.2,Charge 5
2023-12-07T07:03:03Z,99.2,Charge 5
2023-12-07T07:04:03Z,99.3,Charge 5
2023-12-07T07:05:03Z,99.3,Charge 5
2023-12-07T07:06:03Z,99.4,Charge 5
2023-12-07T07:07:03Z,99.5,Charge 5
2023-12-07T07:08:03Z,99.5,Charge 5
2023-12-07T07:50:03Z,90.7,Charge 5
2023-12-07T07:51:03Z,91.6,Charge 5
2023-12-07T07:52:03Z,91.9,Charge 5
2023-12-07T07:53:03Z,91.5,Charge 5
2023-12-07T07:54:03Z,91.3,Charge 5
2023-12-07T07:55:03Z,91.5,Charge 5
2023-12-07T07:56:03Z,91.7,Charge 5
2023-12-07T07:57:03Z,91.5,Charge 5
2023-12-07T07:58:03Z,91.5,Charge 5
2023-12-07T07:59:03Z,91.0,Charge 5
2023-12-07T08:00:03Z,91.0,Charge 5
2023-12-07T08:01:03Z,91.2,Charge 5
2023-12-07T08:02:03Z,91.7,Charge 5
2023-12-07T08:03:03Z,91.4,Charge 5
2023-12-07T08:04:03Z,91.0,Charge 5
2023-12-07T10:07:03Z,97.2,Charge 5
2023-12-07T10:08:03Z,98.0,Charge 5
2023-12-07T10:09:03Z,97.8,Charge 5
2023-12-07T10:10:03Z,98.4,Charge 5
2023-12-07T10:11:03Z,98.8,Charge 5
2023-12-07T10:12:03Z,98.8,Charge 5
2023-12-07T10:13:03Z,98.5,Charge 5
2023-12-07T10:14:03Z,98.4,Charge 5
2023-12-07T10:15:03Z,98.1,Charge 5
2023-12-07T10:16:03Z,98.2,Charge 5
2023-12-07T10:17:03Z,97.9,Charge 5
2023-12-07T10:18:03Z,97.8,Charge 5
2023-12-07T11:33:03Z,95.5,Charge 5
2023-12-07T11:34:03Z,95.9,Charge 5
2023-12-07T11:35:03Z,95.5,Charge 5
2023-12-07T11:36:03Z,95.9,Charge 5
2023-12-07T11:37:03Z,95.6,Charge 5
2023-12-07T11:38:03Z,96.0,Charge 5
2023-12-07T11:39:03Z,95.2,Charge 5
2023-12-07T11:40:03Z,95.1,Charge 5
2023-12-07T11:41:03Z,96.2,Charge 5
2023-12-07T11:42:03Z,95.8,Charge 5
2023-12-07T11:43:03Z,95.5,Charge 5
2023-12-07T11:44:03Z,95.1,Charge 5
2023-12-07T11:45:03Z,94.7,Charge 5
2023-12-07T11:46:03Z,94.8,Charge 5
2023-12-07T11:47:03Z,94.2,Charge 5
2023-12-07T11:48:03Z,93.3,Charge 5
2023-12-07T11:49:03Z,93.4,Charge 5
2023-12-07T11:50:03Z,92.3,Charge 5
2023-12-07T11:51:03Z,90.9,Charge 5
2023-12-07T11:52:03Z,90.4,Charge 5
2023-12-07T11:53:03Z,90.4,Charge 5
2023-12-07T11:54:03Z,91.0,Charge 5
2023-12-07T11:55:03Z,91.4,Charge 5
2023-12-07T11:56:03Z,90.8,Charge 5
2023-12-07T11:57:03Z,90.8,Charge 5
2023-12-07T11:58:03Z,90.6,Charge 5
2023-12-07T11:59:03Z,91.2,Charge 5
2023-12-07T12:00:03Z,91.6,Charge 5
2023-12-07T12:01:03Z,92.0,Charge 5
2023-12-07T12:02:03Z,91.5,Charge 5
2023-12-07T12:03:03Z,92.5,Charge 5
2023-12-07T12:04:03Z,91.9,Charge 5
2023-12-07T12:05:03Z,92.6,Charge 5
2023-12-07T12:06:03Z,92.7,Charge 5
2023-12-07T12:07:03Z,92.9,Charge 5
2023-12-07T12:08:03Z,93.2,Charge 5
2023-12-07T12:09:03Z,93.0,Charge 5
2023-12-07T12:10:03Z,92.8,Charge 5
2023-12-07T12:11:03Z,93.2,Charge 5
2023-12-07T12:12:03Z,93.1,Charge 5
2023-12-07T12:13:03Z,93.9,Charge 5
2023-12-07T12:14:03Z,93.8,Charge 5
2023-12-07T12:15:03Z,94.8,Charge 5
2023-12-07T12:17:03Z,95.7,Charge 5
2023-12-07T12:18:03Z,95.5,Charge 5
2023-12-07T12:19:03Z,95.3,Charge 5
2023-12-07T12:44:03Z,95.5,Charge 5
2023-12-07T12:45:03Z,96.2,Charge 5
2023-12-07T12:46:03Z,95.4,Charge 5
2023-12-07T12:48:03Z,94.9,Charge 5
2023-12-07T12:49:03Z,96.9,Charge 5
2023-12-07T12:50:03Z,97.2,Charge 5
2023-12-07T12:51:03Z,97.2,Charge 5
2023-12-07T12:52:03Z,97.7,Charge 5
2023-12-07T12:53:03Z,97.5,Charge 5
2023-12-07T12:54:03Z,97.7,Charge 5
2023-12-07T12:55:03Z,97.9,Charge 5
2023-12-07T12:56:03Z,98.0,Charge 5
2023-12-07T12:58:03Z,97.0,Charge 5
2023-12-07T12:59:03Z,94.9,Charge 5
2023-12-07T13:00:03Z,93.8,Charge 5
2023-12-07T13:01:03Z,93.8,Charge 5
2023-12-07T13:02:03Z,94.1,Charge 5
2023-12-07T13:03:03Z,93.3,Charge 5
2023-12-07T13:04:03Z,93.0,Charge 5
2023-12-07T13:05:03Z,93.1,Charge 5
2023-12-07T13:06:03Z,93.2,Charge 5
2023-12-07T13:08:03Z,93.5,Charge 5
2023-12-07T13:09:03Z,93.2,Charge 5
2023-12-07T13:10:03Z,93.9,Charge 5
2023-12-07T13:11:03Z,94.3,Charge 5
2023-12-07T13:12:03Z,94.7,Charge 5
2023-12-07T13:13:03Z,96.6,Charge 5
2023-12-07T13:14:03Z,97.5,Charge 5
2023-12-07T13:15:03Z,98.5,Charge 5
2023-12-07T13:16:03Z,98.8,Charge 5
2023-12-07T13:17:03Z,99.1,Charge 5
2023-12-07T13:18:03Z,99.0,Charge 5
2023-12-07T13:19:03Z,99.0,Charge 5
2023-12-07T13:20:03Z,99.4,Charge 5
2023-12-07T13:21:03Z,99.5,Charge 5
2023-12-07T13:22:03Z,99.7,Charge 5
2023-12-07T13:23:03Z,99.9,Charge 5
2023-12-07T13:24:03Z,99.9,Charge 5
2023-12-07T13:25:03Z,99.9,Charge 5
2023-12-07T13:26:03Z,99.9,Charge 5
2023-12-07T13:28:03Z,99.3,Charge 5
2023-12-07T13:29:03Z,98.3,Charge 5
2023-12-07T13:30:03Z,98.6,Charge 5
2023-12-07T13:31:03Z,98.6,Charge 5
2023-12-07T13:32:03Z,98.7,Charge 5
2023-12-07T13:33:03Z,98.9,Charge 5
2023-12-07T13:34:03Z,98.7,Charge 5
2023-12-08T03:44:33Z,99.5,Charge 5
2023-12-08T03:46:33Z,99.1,Charge 5
2023-12-08T03:48:33Z,97.7,Charge 5
2023-12-08T05:06:03Z,97.2,Charge 5
2023-12-08T05:07:03Z,96.6,Charge 5
2023-12-08T05:08:03Z,96.2,Charge 5
2023-12-08T05:09:03Z,95.9,Charge 5
2023-12-08T05:10:03Z,95.6,Charge 5
2023-12-08T05:11:03Z,96.1,Charge 5
2023-12-08T05:12:03Z,95.9,Charge 5
2023-12-08T05:13:03Z,95.6,Charge 5
2023-12-08T05:14:03Z,94.0,Charge 5
2023-12-08T05:15:03Z,94.7,Charge 5
2023-12-08T05:16:03Z,95.1,Charge 5
2023-12-08T05:17:03Z,95.2,Charge 5
2023-12-08T05:19:03Z,95.0,Charge 5
2023-12-08T05:20:03Z,94.2,Charge 5
2023-12-08T05:21:03Z,94.7,Charge 5
2023-12-08T05:22:03Z,95.0,Charge 5
2023-12-08T05:23:03Z,95.1,Charge 5
2023-12-08T05:24:03Z,95.1,Charge 5
2023-12-08T05:25:03Z,94.3,Charge 5
2023-12-08T05:26:03Z,94.6,Charge 5
2023-12-08T05:27:03Z,94.7,Charge 5
2023-12-08T05:28:03Z,95.8,Charge 5
2023-12-08T05:29:03Z,95.3,Charge 5
2023-12-08T05:30:03Z,93.8,Charge 5
2023-12-08T05:31:03Z,94.5,Charge 5
2023-12-08T05:32:03Z,94.6,Charge 5
2023-12-08T05:33:03Z,94.7,Charge 5
2023-12-08T05:34:03Z,94.5,Charge 5
2023-12-08T05:35:03Z,93.7,Charge 5
2023-12-08T05:36:03Z,94.3,Charge 5
2023-12-08T05:37:03Z,94.5,Charge 5
2023-12-08T05:38:03Z,94.7,Charge 5
2023-12-08T05:39:03Z,94.6,Charge 5
2023-12-08T05:40:03Z,94.6,Charge 5
2023-12-08T05:41:03Z,94.7,Charge 5
2023-12-08T05:42:03Z,94.6,Charge 5
2023-12-08T05:43:03Z,94.5,Charge 5
2023-12-08T05:44:03Z,94.2,Charge 5
2023-12-08T05:45:03Z,94.0,Charge 5
2023-12-08T05:46:03Z,93.8,Charge 5
2023-12-08T05:47:03Z,94.6,Charge 5
2023-12-08T05:48:03Z,94.9,Charge 5
2023-12-08T05:49:03Z,94.9,Charge 5
2023-12-08T05:50:03Z,94.9,Charge 5
2023-12-08T05:51:03Z,95.0,Charge 5
2023-12-08T05:52:03Z,94.7,Charge 5
2023-12-08T05:53:03Z,93.3,Charge 5
2023-12-08T05:54:03Z,93.9,Charge 5
2023-12-08T05:55:03Z,94.1,Charge 5
2023-12-08T05:56:03Z,94.3,Charge 5
2023-12-08T05:57:03Z,94.4,Charge 5
2023-12-08T05:58:03Z,94.4,Charge 5
2023-12-08T05:59:03Z,94.6,Charge 5
2023-12-08T06:00:03Z,94.8,Charge 5
2023-12-08T06:01:03Z,94.9,Charge 5
2023-12-08T06:02:03Z,95.6,Charge 5
2023-12-08T06:03:03Z,96.1,Charge 5
2023-12-08T06:55:03Z,91.5,Charge 5
2023-12-08T06:56:03Z,91.7,Charge 5
2023-12-08T06:57:03Z,92.7,Charge 5
2023-12-08T06:58:03Z,93.0,Charge 5
2023-12-08T06:59:03Z,93.6,Charge 5
2023-12-08T07:00:03Z,94.5,Charge 5
2023-12-08T07:01:03Z,93.7,Charge 5
2023-12-08T07:02:03Z,92.4,Charge 5
2023-12-08T07:03:03Z,91.4,Charge 5
2023-12-08T07:04:03Z,91.2,Charge 5
2023-12-08T07:05:03Z,90.7,Charge 5
2023-12-08T07:06:03Z,89.9,Charge 5
2023-12-08T07:07:03Z,89.8,Charge 5
2023-12-08T07:08:03Z,89.9,Charge 5
2023-12-08T07:09:03Z,90.1,Charge 5
2023-12-08T07:10:03Z,89.8,Charge 5
2023-12-08T07:11:03Z,90.1,Charge 5
2023-12-08T07:12:03Z,90.1,Charge 5
2023-12-08T07:13:03Z,90.0,Charge 5
2023-12-08T07:14:03Z,90.0,Charge 5
2023-12-08T07:15:03Z,90.2,Charge 5
2023-12-08T07:16:03Z,90.0,Charge 5
2023-12-08T07:17:03Z,89.8,Charge 5
2023-12-08T07:18:03Z,90.0,Charge 5
2023-12-08T07:19:03Z,90.0,Charge 5
2023-12-08T07:20:03Z,90.0,Charge 5
2023-12-08T07:21:03Z,90.5,Charge 5
2023-12-08T07:22:03Z,90.3,Charge 5
2023-12-08T07:23:03Z,90.8,Charge 5
2023-12-08T07:24:03Z,90.9,Charge 5
2023-12-08T07:25:03Z,90.9,Charge 5
2023-12-08T07:26:03Z,90.8,Charge 5
2023-12-08T07:27:03Z,90.6,Charge 5
2023-12-08T07:28:03Z,90.7,Charge 5
2023-12-08T07:29:03Z,90.7,Charge 5
2023-12-08T07:30:03Z,91.2,Charge 5
2023-12-08T07:31:03Z,90.7,Charge 5
2023-12-08T07:32:03Z,90.9,Charge 5
2023-12-08T07:33:03Z,90.8,Charge 5
2023-12-08T07:34:03Z,90.7,Charge 5
2023-12-08T07:35:03Z,90.9,Charge 5
2023-12-08T07:37:03Z,90.2,Charge 5
2023-12-08T07:38:03Z,90.1,Charge 5
2023-12-08T07:49:03Z,95.9,Charge 5
2023-12-08T07:50:03Z,96.8,Charge 5
2023-12-08T07:51:03Z,97.0,Charge 5
2023-12-08T08:15:03Z,92.9,Charge 5
2023-12-08T08:17:03Z,93.4,Charge 5
2023-12-08T08:18:03Z,93.6,Charge 5
2023-12-08T08:19:03Z,94.3,Charge 5
2023-12-08T08:20:03Z,94.0,Charge 5
2023-12-08T08:21:03Z,94.3,Charge 5
2023-12-08T08:22:03Z,94.6,Charge 5
2023-12-08T08:23:03Z,95.3,Charge 5
2023-12-08T08:24:03Z,94.9,Charge 5
2023-12-08T08:25:03Z,95.3,Charge 5
2023-12-08T08:26:03Z,95.1,Charge 5
2023-12-08T08:35:03Z,94.0,Charge 5
2023-12-08T08:36:03Z,94.4,Charge 5
2023-12-08T08:37:03Z,94.3,Charge 5
2023-12-08T08:38:03Z,94.9,Charge 5
2023-12-08T08:39:03Z,95.1,Charge 5
2023-12-08T08:40:03Z,95.1,Charge 5
2023-12-08T08:41:03Z,95.4,Charge 5
2023-12-08T08:42:03Z,94.6,Charge 5
2023-12-08T08:43:03Z,94.5,Charge 5
2023-12-08T08:44:03Z,94.8,Charge 5
2023-12-08T08:45:03Z,95.1,Charge 5
2023-12-08T08:46:03Z,95.8,Charge 5
2023-12-08T08:47:03Z,95.6,Charge 5
2023-12-08T08:48:03Z,94.6,Charge 5
2023-12-08T08:49:03Z,94.5,Charge 5
2023-12-08T08:50:03Z,94.2,Charge 5
2023-12-08T08:51:03Z,94.5,Charge 5
2023-12-08T08:52:03Z,95.0,Charge 5
2023-12-08T08:53:03Z,95.2,Charge 5
2023-12-08T08:54:03Z,94.8,Charge 5
2023-12-08T08:56:03Z,94.0,Charge 5
2023-12-08T08:57:03Z,94.3,Charge 5
2023-12-08T08:58:03Z,94.5,Charge 5
2023-12-08T08:59:03Z,94.4,Charge 5
2023-12-08T09:00:03Z,94.5,Charge 5
2023-12-08T09:01:03Z,94.5,Charge 5
2023-12-08T09:02:03Z,94.7,Charge 5
2023-12-08T09:03:03Z,94.6,Charge 5
2023-12-08T09:04:03Z,94.6,Charge 5
2023-12-08T09:05:03Z,94.6,Charge 5
2023-12-08T09:06:03Z,94.5,Charge 5
2023-12-08T09:07:03Z,94.5,Charge 5
2023-12-08T09:08:03Z,94.6,Charge 5
2023-12-08T09:10:03Z,95.2,Charge 5
2023-12-08T11:21:03Z,97.0,Charge 5
2023-12-08T11:22:03Z,97.0,Charge 5
2023-12-08T11:23:03Z,97.2,Charge 5
2023-12-08T11:24:03Z,97.3,Charge 5
2023-12-08T11:25:03Z,97.4,Charge 5
2023-12-08T11:26:03Z,97.3,Charge 5
2023-12-08T11:27:03Z,97.3,Charge 5
2023-12-08T11:28:03Z,97.5,Charge 5
2023-12-08T11:29:03Z,97.7,Charge 5
2023-12-08T11:30:03Z,98.0,Charge 5
2023-12-08T11:32:03Z,98.0,Charge 5
2023-12-08T11:42:03Z,96.5,Charge 5
2023-12-08T11:43:03Z,94.8,Charge 5
2023-12-08T11:44:03Z,94.2,Charge 5
2023-12-08T11:45:03Z,93.1,Charge 5
2023-12-08T11:46:03Z,93.4,Charge 5
2023-12-08T11:47:03Z,93.6,Charge 5
2023-12-08T11:48:03Z,94.0,Charge 5
2023-12-08T11:49:03Z,93.9,Charge 5
2023-12-08T11:50:03Z,93.5,Charge 5
2023-12-08T11:51:03Z,93.4,Charge 5
2023-12-08T11:52:03Z,93.7,Charge 5
2023-12-08T11:53:03Z,93.8,Charge 5
2023-12-08T11:54:03Z,94.5,Charge 5
2023-12-08T11:55:03Z,94.5,Charge 5
2023-12-08T11:56:03Z,94.8,Charge 5
2023-12-09T04:33:03Z,98.8,Charge 5
2023-12-09T04:34:03Z,98.7,Charge 5
2023-12-09T04:35:03Z,98.4,Charge 5
2023-12-09T04:36:03Z,98.3,Charge 5
2023-12-09T04:37:03Z,97.9,Charge 5
2023-12-09T04:44:03Z,96.9,Charge 5
2023-12-09T04:45:03Z,97.0,Charge 5
2023-12-09T04:46:03Z,97.1,Charge 5
2023-12-09T04:47:03Z,97.6,Charge 5
2023-12-09T04:48:03Z,97.8,Charge 5
2023-12-09T04:49:03Z,97.9,Charge 5
2023-12-09T04:50:03Z,97.9,Charge 5
2023-12-09T04:51:03Z,98.3,Charge 5
2023-12-09T04:52:03Z,99.0,Charge 5
2023-12-09T04:53:03Z,98.9,Charge 5
2023-12-09T04:54:03Z,99.0,Charge 5
2023-12-09T04:56:03Z,98.8,Charge 5
2023-12-09T04:59:03Z,97.3,Charge 5
2023-12-09T05:00:03Z,97.2,Charge 5
2023-12-09T05:01:03Z,97.1,Charge 5
2023-12-09T05:02:03Z,96.9,Charge 5
2023-12-09T05:03:03Z,97.2,Charge 5
2023-12-09T05:04:03Z,97.5,Charge 5
2023-12-09T05:05:03Z,97.8,Charge 5
2023-12-09T05:06:03Z,97.6,Charge 5
2023-12-09T05:07:03Z,97.6,Charge 5
2023-12-09T05:08:03Z,97.8,Charge 5
2023-12-09T05:09:03Z,97.5,Charge 5
2023-12-09T05:10:03Z,97.4,Charge 5
2023-12-09T05:11:03Z,97.2,Charge 5
2023-12-09T05:12:03Z,97.4,Charge 5
2023-12-09T05:13:03Z,97.3,Charge 5
2023-12-09T05:14:03Z,96.1,Charge 5
2023-12-09T05:15:03Z,95.5,Charge 5
2023-12-09T05:16:03Z,95.0,Charge 5
2023-12-09T05:17:03Z,94.4,Charge 5
2023-12-09T05:18:03Z,95.0,Charge 5
2023-12-09T05:20:03Z,95.5,Charge 5
2023-12-09T05:21:03Z,96.1,Charge 5
2023-12-09T05:22:03Z,96.5,Charge 5
2023-12-09T05:25:03Z,96.6,Charge 5
2023-12-09T05:26:03Z,96.5,Charge 5
2023-12-09T05:27:03Z,96.1,Charge 5
2023-12-09T05:28:03Z,96.4,Charge 5
2023-12-09T05:29:03Z,96.1,Charge 5
2023-12-09T05:30:03Z,96.0,Charge 5
2023-12-09T05:31:03Z,96.0,Charge 5
2023-12-09T05:32:03Z,96.0,Charge 5
2023-12-09T05:33:03Z,95.7,Charge 5
2023-12-09T05:34:03Z,95.5,Charge 5
2023-12-09T05:35:03Z,94.8,Charge 5
2023-12-09T05:36:03Z,94.5,Charge 5
2023-12-09T05:37:03Z,94.2,Charge 5
2023-12-09T05:38:03Z,94.0,Charge 5
2023-12-09T05:39:03Z,93.6,Charge 5
2023-12-09T05:40:03Z,93.4,Charge 5
2023-12-09T05:41:03Z,93.5,Charge 5
2023-12-09T05:42:03Z,93.6,Charge 5
2023-12-09T05:43:03Z,93.4,Charge 5
2023-12-09T05:44:03Z,94.2,Charge 5
2023-12-09T05:45:03Z,94.5,Charge 5
2023-12-09T05:46:03Z,94.7,Charge 5
2023-12-09T05:47:03Z,95.0,Charge 5
2023-12-09T05:48:03Z,95.0,Charge 5
2023-12-09T05:49:03Z,94.9,Charge 5
2023-12-09T05:50:03Z,94.8,Charge 5
2023-12-09T05:51:03Z,93.0,Charge 5
2023-12-09T05:52:03Z,93.5,Charge 5
2023-12-09T05:53:03Z,94.3,Charge 5
2023-12-09T05:54:03Z,94.9,Charge 5
2023-12-09T05:55:03Z,95.3,Charge 5
2023-12-09T05:56:03Z,95.6,Charge 5
2023-12-09T05:57:03Z,95.7,Charge 5
2023-12-09T05:58:03Z,95.8,Charge 5
2023-12-09T05:59:03Z,95.9,Charge 5
2023-12-09T06:00:03Z,96.0,Charge 5
2023-12-09T06:01:03Z,96.0,Charge 5
2023-12-09T06:02:03Z,95.9,Charge 5
2023-12-09T06:03:03Z,96.1,Charge 5
2023-12-09T06:04:03Z,96.2,Charge 5
2023-12-09T06:05:03Z,96.2,Charge 5
2023-12-09T06:06:03Z,96.2,Charge 5
2023-12-09T06:07:03Z,96.2,Charge 5
2023-12-09T06:08:03Z,96.3,Charge 5
2023-12-09T06:09:03Z,96.3,Charge 5
2023-12-09T06:10:03Z,96.3,Charge 5
2023-12-09T06:11:03Z,96.3,Charge 5
2023-12-09T06:12:03Z,96.1,Charge 5
2023-12-09T06:13:03Z,96.2,Charge 5
2023-12-09T06:14:03Z,96.1,Charge 5
2023-12-09T06:15:03Z,96.2,Charge 5
2023-12-09T06:16:03Z,96.2,Charge 5
2023-12-09T06:17:03Z,96.3,Charge 5
2023-12-09T06:18:03Z,96.2,Charge 5
2023-12-09T06:19:03Z,96.1,Charge 5
2023-12-09T06:20:03Z,96.0,Charge 5
2023-12-09T06:21:03Z,95.9,Charge 5
2023-12-09T06:22:03Z,95.9,Charge 5
2023-12-09T06:23:03Z,95.4,Charge 5
2023-12-09T06:25:03Z,94.8,Charge 5
2023-12-09T06:44:03Z,95.0,Charge 5
2023-12-09T06:45:03Z,94.8,Charge 5
2023-12-09T06:46:03Z,94.8,Charge 5
2023-12-09T06:47:03Z,94.5,Charge 5
2023-12-09T06:49:03Z,95.8,Charge 5
2023-12-09T06:50:03Z,97.0,Charge 5
2023-12-09T06:51:03Z,97.8,Charge 5
2023-12-09T06:53:03Z,98.9,Charge 5
2023-12-09T06:54:03Z,99.0,Charge 5
2023-12-09T06:55:03Z,99.0,Charge 5
2023-12-09T06:56:03Z,99.3,Charge 5
2023-12-09T06:57:03Z,99.2,Charge 5
2023-12-09T06:58:03Z,99.6,Charge 5
2023-12-09T06:59:03Z,99.6,Charge 5
2023-12-09T07:00:03Z,99.6,Charge 5
2023-12-09T07:01:03Z,99.3,Charge 5
2023-12-09T07:02:03Z,99.4,Charge 5
2023-12-09T07:03:03Z,99.0,Charge 5
2023-12-09T07:04:03Z,98.9,Charge 5
2023-12-09T07:05:03Z,98.2,Charge 5
2023-12-09T07:07:03Z,97.2,Charge 5
2023-12-09T07:09:03Z,95.1,Charge 5
2023-12-09T07:10:03Z,95.2,Charge 5
2023-12-09T07:11:03Z,95.1,Charge 5
2023-12-09T07:12:03Z,95.9,Charge 5
2023-12-09T07:13:03Z,93.7,Charge 5
2023-12-09T07:14:03Z,93.7,Charge 5
2023-12-09T07:15:03Z,92.7,Charge 5
2023-12-09T07:16:03Z,92.2,Charge 5
2023-12-09T07:17:03Z,91.7,Charge 5
2023-12-09T07:18:03Z,91.2,Charge 5
2023-12-09T07:19:03Z,91.0,Charge 5
2023-12-09T07:20:03Z,91.0,Charge 5
2023-12-09T07:23:03Z,91.0,Charge 5
2023-12-09T07:53:03Z,94.4,Charge 5
2023-12-09T07:54:03Z,94.7,Charge 5
2023-12-09T07:55:03Z,95.1,Charge 5
2023-12-09T07:56:03Z,95.2,Charge 5
2023-12-09T07:57:03Z,95.4,Charge 5
2023-12-09T07:58:03Z,95.2,Charge 5
2023-12-09T07:59:03Z,95.1,Charge 5
2023-12-09T08:00:03Z,95.1,Charge 5
2023-12-09T08:01:03Z,95.3,Charge 5
2023-12-09T08:02:03Z,95.6,Charge 5
2023-12-09T08:03:03Z,95.5,Charge 5
2023-12-09T08:04:03Z,95.5,Charge 5
2023-12-09T08:05:03Z,95.0,Charge 5
2023-12-09T08:06:03Z,94.5,Charge 5
2023-12-09T08:07:03Z,94.2,Charge 5
2023-12-09T08:08:03Z,94.2,Charge 5
2023-12-09T08:09:03Z,94.8,Charge 5
2023-12-09T08:10:03Z,95.6,Charge 5
2023-12-09T08:11:03Z,96.6,Charge 5
2023-12-09T08:12:03Z,97.0,Charge 5
2023-12-09T08:13:03Z,97.4,Charge 5
2023-12-09T08:14:03Z,97.8,Charge 5
2023-12-09T08:15:03Z,97.6,Charge 5
2023-12-09T08:17:03Z,97.8,Charge 5
2023-12-09T08:18:03Z,98.5,Charge 5
2023-12-09T08:19:03Z,98.9,Charge 5
2023-12-09T08:20:03Z,98.5,Charge 5
2023-12-09T08:21:03Z,98.2,Charge 5
2023-12-09T08:22:03Z,98.3,Charge 5
2023-12-09T08:26:03Z,96.5,Charge 5
2023-12-09T09:01:03Z,93.8,Charge 5
2023-12-09T09:03:03Z,93.4,Charge 5
2023-12-09T09:04:03Z,92.9,Charge 5
2023-12-09T09:05:03Z,93.1,Charge 5
2023-12-09T09:06:03Z,93.3,Charge 5
2023-12-09T09:07:03Z,94.2,Charge 5
2023-12-09T09:08:03Z,94.3,Charge 5
2023-12-09T09:10:03Z,94.8,Charge 5
2023-12-09T09:11:03Z,95.8,Charge 5
2023-12-09T09:12:03Z,96.0,Charge 5
2023-12-09T09:13:03Z,96.1,Charge 5
2023-12-09T09:14:03Z,96.2,Charge 5
2023-12-09T09:15:03Z,96.9,Charge 5
2023-12-09T09:16:03Z,96.8,Charge 5
2023-12-09T09:17:03Z,96.9,Charge 5
2023-12-09T09:18:03Z,96.9,Charge 5
2023-12-09T09:19:03Z,96.5,Charge 5
2023-12-09T09:20:03Z,96.7,Charge 5
2023-12-09T09:21:03Z,96.8,Charge 5
2023-12-09T09:22:03Z,96.7,Charge 5
2023-12-09T09:23:03Z,96.7,Charge 5
2023-12-09T09:24:03Z,96.8,Charge 5
2023-12-09T09:25:03Z,97.1,Charge 5
2023-12-09T09:26:03Z,97.7,Charge 5
2023-12-09T09:27:03Z,97.6,Charge 5
2023-12-09T09:28:03Z,97.4,Charge 5
2023-12-09T09:29:03Z,97.2,Charge 5
2023-12-09T09:30:03Z,97.7,Charge 5
2023-12-09T09:31:03Z,97.6,Charge 5
2023-12-09T09:34:03Z,95.9,Charge 5
2023-12-09T09:35:03Z,93.8,Charge 5
2023-12-09T09:36:03Z,92.5,Charge 5
2023-12-09T09:37:03Z,91.6,Charge 5
2023-12-09T09:38:03Z,91.3,Charge 5
2023-12-09T09:39:03Z,91.8,Charge 5
2023-12-09T09:40:03Z,92.5,Charge 5
2023-12-09T09:41:03Z,93.0,Charge 5
2023-12-09T09:42:03Z,93.1,Charge 5
2023-12-09T09:43:03Z,93.3,Charge 5
2023-12-09T09:44:03Z,93.5,Charge 5
2023-12-09T09:45:03Z,94.1,Charge 5
2023-12-09T09:46:03Z,94.3,Charge 5
2023-12-09T09:47:03Z,94.9,Charge 5
2023-12-09T09:48:03Z,95.1,Charge 5
2023-12-09T09:49:03Z,95.4,Charge 5
2023-12-09T09:50:03Z,96.8,Charge 5
2023-12-09T09:51:03Z,97.3,Charge 5
2023-12-09T09:53:03Z,98.2,Charge 5
2023-12-09T09:54:03Z,98.7,Charge 5
2023-12-09T10:06:03Z,91.7,Charge 5
2023-12-09T10:07:03Z,91.4,Charge 5
2023-12-09T10:08:03Z,92.6,Charge 5
2023-12-09T10:09:03Z,93.3,Charge 5
2023-12-09T10:11:03Z,94.0,Charge 5
2023-12-09T10:12:03Z,96.2,Charge 5
2023-12-09T10:13:03Z,97.7,Charge 5
2023-12-09T10:14:03Z,98.5,Charge 5
2023-12-09T10:15:03Z,98.3,Charge 5
2023-12-09T10:16:03Z,97.8,Charge 5
2023-12-09T10:57:03Z,93.5,Charge 5
2023-12-09T10:58:03Z,93.9,Charge 5
2023-12-09T10:59:03Z,94.8,Charge 5
2023-12-09T11:00:03Z,95.2,Charge 5
2023-12-09T11:01:03Z,95.8,Charge 5
2023-12-09T11:02:03Z,96.0,Charge 5
2023-12-09T11:04:03Z,96.4,Charge 5
2023-12-09T11:05:03Z,96.6,Charge 5
2023-12-09T11:57:03Z,92.3,Charge 5
2023-12-09T11:58:03Z,92.6,Charge 5
2023-12-09T11:59:03Z,92.8,Charge 5
2023-12-09T12:00:03Z,93.1,Charge 5
2023-12-09T12:01:03Z,93.3,Charge 5
2023-12-09T12:02:03Z,93.5,Charge 5
2023-12-09T12:03:03Z,93.8,Charge 5
2023-12-09T12:04:03Z,93.8,Charge 5
2023-12-09T12:05:03Z,93.7,Charge 5
2023-12-09T14:24:03Z,93.3,Charge 5
2023-12-09T14:25:03Z,93.0,Charge 5
2023-12-09T14:26:03Z,92.5,Charge 5
2023-12-09T14:27:03Z,93.2,Charge 5
2023-12-09T14:28:03Z,93.6,Charge 5
2023-12-09T14:29:03Z,93.6,Charge 5
2023-12-09T20:16:33Z,93.4,Charge 5
2023-12-09T20:17:33Z,93.6,Charge 5
2023-12-09T20:18:33Z,94.0,Charge 5
2023-12-09T20:19:33Z,94.1,Charge 5
2023-12-09T20:20:33Z,94.3,Charge 5
2023-12-09T20:22:33Z,94.6,Charge 5
2023-12-09T20:23:33Z,95.1,Charge 5
2023-12-09T20:24:33Z,94.9,Charge 5
2023-12-09T20:25:33Z,94.8,Charge 5
2023-12-09T20:26:33Z,94.7,Charge 5
2023-12-09T20:27:33Z,94.6,Charge 5
2023-12-09T20:28:33Z,94.6,Charge 5
2023-12-09T20:30:33Z,94.1,Charge 5
2023-12-09T20:31:33Z,93.6,Charge 5
2023-12-09T20:33:33Z,94.1,Charge 5
2023-12-09T20:34:33Z,93.7,Charge 5
2023-12-09T20:37:33Z,94.0,Charge 5
2023-12-09T20:38:33Z,95.0,Charge 5
2023-12-09T20:43:33Z,95.5,Charge 5
2023-12-09T20:44:33Z,95.5,Charge 5
2023-12-09T21:58:33Z,97.5,Charge 5
2023-12-09T22:00:33Z,98.1,Charge 5
2023-12-09T22:01:33Z,98.1,Charge 5
2023-12-09T22:02:33Z,98.6,Charge 5
2023-12-09T22:03:33Z,97.5,Charge 5
2023-12-09T22:04:33Z,98.1,Charge 5
2023-12-09T22:05:33Z,98.1,Charge 5
2023-12-09T22:06:33Z,97.6,Charge 5
2023-12-10T09:34:33Z,92.3,Charge 5
2023-12-10T09:35:33Z,92.5,Charge 5
2023-12-10T09:36:33Z,92.7,Charge 5
2023-12-10T09:37:33Z,92.4,Charge 5
2023-12-10T09:38:33Z,92.2,Charge 5
2023-12-10T09:39:33Z,91.9,Charge 5
2023-12-10T09:40:33Z,92.1,Charge 5
2023-12-10T09:41:33Z,91.9,Charge 5
2023-12-10T09:42:33Z,91.3,Charge 5
2023-12-10T09:43:33Z,91.4,Charge 5
2023-12-10T09:44:33Z,91.6,Charge 5
2023-12-10T09:45:33Z,91.2,Charge 5
2023-12-10T09:46:33Z,91.2,Charge 5
2023-12-10T09:47:33Z,91.1,Charge 5
2023-12-10T09:48:33Z,91.1,Charge 5
2023-12-10T09:49:33Z,91.1,Charge 5
2023-12-10T09:50:33Z,90.8,Charge 5
2023-12-10T09:51:33Z,89.8,Charge 5
2023-12-10T09:52:33Z,90.1,Charge 5
2023-12-10T09:53:33Z,90.6,Charge 5
2023-12-10T09:54:33Z,90.8,Charge 5
2023-12-10T09:55:33Z,90.7,Charge 5
2023-12-10T09:56:33Z,90.9,Charge 5
2023-12-11T05:22:33Z,97.4,Charge 5
2023-12-11T05:23:33Z,98.3,Charge 5
2023-12-11T05:24:33Z,99.5,Charge 5
2023-12-11T05:25:33Z,100.0,Charge 5
2023-12-11T05:26:33Z,100.0,Charge 5
2023-12-11T05:27:33Z,100.0,Charge 5
2023-12-11T05:28:33Z,100.0,Charge 5
2023-12-11T05:29:33Z,100.0,Charge 5
2023-12-11T05:30:33Z,99.6,Charge 5
2023-12-11T05:31:33Z,99.0,Charge 5
2023-12-11T05:32:33Z,99.5,Charge 5
2023-12-11T05:33:33Z,100.0,Charge 5
2023-12-11T05:34:33Z,100.0,Charge 5
2023-12-11T05:35:33Z,100.0,Charge 5
2023-12-11T05:36:33Z,100.0,Charge 5
2023-12-11T05:37:33Z,100.0,Charge 5
2023-12-11T05:38:33Z,100.0,Charge 5
2023-12-11T05:39:33Z,100.0,Charge 5
2023-12-11T05:40:33Z,100.0,Charge 5
2023-12-11T05:41:33Z,100.0,Charge 5
2023-12-11T05:42:33Z,100.0,Charge 5
2023-12-11T05:43:33Z,100.0,Charge 5
2023-12-11T05:44:33Z,100.0,Charge 5
2023-12-11T05:45:33Z,100.0,Charge 5
2023-12-11T05:46:33Z,100.0,Charge 5
2023-12-11T05:47:33Z,100.0,Charge 5
2023-12-11T05:48:33Z,99.7,Charge 5
2023-12-11T05:49:33Z,98.8,Charge 5
2023-12-11T05:51:33Z,96.2,Charge 5
2023-12-11T05:52:33Z,94.6,Charge 5
2023-12-11T05:53:33Z,93.8,Charge 5
2023-12-11T05:54:33Z,93.0,Charge 5
2023-12-11T05:55:33Z,92.4,Charge 5
2023-12-11T05:56:33Z,91.8,Charge 5
2023-12-11T06:07:33Z,93.7,Charge 5
2023-12-11T06:08:33Z,93.8,Charge 5
2023-12-11T06:09:33Z,94.6,Charge 5
2023-12-11T06:10:33Z,95.0,Charge 5
2023-12-11T06:11:33Z,94.7,Charge 5
2023-12-11T06:12:33Z,95.4,Charge 5
2023-12-11T06:13:33Z,95.7,Charge 5
2023-12-11T06:14:33Z,95.9,Charge 5
2023-12-11T06:15:33Z,96.4,Charge 5
2023-12-11T06:16:33Z,96.6,Charge 5
2023-12-11T06:17:33Z,95.9,Charge 5
2023-12-11T06:18:33Z,96.2,Charge 5
2023-12-11T06:19:33Z,96.1,Charge 5
2023-12-11T06:20:33Z,95.9,Charge 5
2023-12-11T06:21:33Z,96.0,Charge 5
2023-12-11T06:22:33Z,94.8,Charge 5
2023-12-11T06:23:33Z,94.8,Charge 5
2023-12-11T06:24:33Z,94.5,Charge 5
2023-12-11T06:25:33Z,93.6,Charge 5
2023-12-11T06:26:33Z,93.4,Charge 5
2023-12-11T06:27:33Z,93.5,Charge 5
2023-12-11T06:28:33Z,93.4,Charge 5
2023-12-11T06:29:33Z,92.8,Charge 5
2023-12-11T06:30:33Z,92.4,Charge 5
2023-12-11T06:31:33Z,91.8,Charge 5
2023-12-11T06:32:33Z,91.5,Charge 5
2023-12-11T06:33:33Z,91.3,Charge 5
2023-12-11T06:34:33Z,91.3,Charge 5
2023-12-11T06:35:33Z,91.5,Charge 5
2023-12-11T06:36:33Z,92.0,Charge 5
2023-12-11T06:37:33Z,91.9,Charge 5
2023-12-11T06:38:33Z,91.6,Charge 5
2023-12-11T06:39:33Z,91.8,Charge 5
2023-12-11T06:40:33Z,91.8,Charge 5
2023-12-11T06:41:33Z,91.5,Charge 5
2023-12-11T06:42:33Z,91.5,Charge 5
2023-12-11T06:43:33Z,91.7,Charge 5
2023-12-11T06:44:33Z,91.7,Charge 5
2023-12-11T06:45:33Z,91.9,Charge 5
2023-12-11T06:46:33Z,92.1,Charge 5
2023-12-11T06:47:33Z,92.5,Charge 5
2023-12-11T06:48:33Z,92.5,Charge 5
2023-12-11T06:49:33Z,92.5,Charge 5
2023-12-11T06:50:33Z,92.4,Charge 5
2023-12-11T06:51:33Z,92.6,Charge 5
2023-12-11T06:53:33Z,92.1,Charge 5
2023-12-11T06:54:33Z,92.3,Charge 5
2023-12-11T06:55:33Z,92.7,Charge 5
2023-12-11T06:56:33Z,93.0,Charge 5
2023-12-11T06:57:33Z,93.2,Charge 5
2023-12-11T06:58:33Z,93.4,Charge 5
2023-12-11T06:59:33Z,93.7,Charge 5
2023-12-11T07:00:33Z,93.7,Charge 5
2023-12-11T07:01:33Z,93.9,Charge 5
2023-12-11T07:02:33Z,93.8,Charge 5
2023-12-11T07:03:33Z,93.6,Charge 5
2023-12-11T07:04:33Z,93.6,Charge 5
2023-12-11T07:05:33Z,93.6,Charge 5
2023-12-11T07:06:33Z,93.6,Charge 5
2023-12-11T07:07:33Z,93.5,Charge 5
2023-12-11T07:08:33Z,93.5,Charge 5
2023-12-11T07:09:33Z,93.6,Charge 5
2023-12-11T07:10:33Z,93.2,Charge 5
2023-12-11T07:11:33Z,93.0,Charge 5
2023-12-11T07:12:33Z,92.9,Charge 5
2023-12-11T07:13:33Z,92.9,Charge 5
2023-12-11T07:14:33Z,93.0,Charge 5
2023-12-11T07:15:33Z,93.1,Charge 5
2023-12-11T07:16:33Z,93.1,Charge 5
2023-12-11T07:17:33Z,93.1,Charge 5
2023-12-11T07:18:33Z,93.0,Charge 5
2023-12-11T07:19:33Z,93.2,Charge 5
2023-12-11T07:20:33Z,93.2,Charge 5
2023-12-11T07:21:33Z,93.3,Charge 5
2023-12-11T07:22:33Z,93.2,Charge 5
2023-12-11T07:23:33Z,93.2,Charge 5
2023-12-11T07:24:33Z,93.2,Charge 5
2023-12-11T07:25:33Z,93.2,Charge 5
2023-12-11T07:26:33Z,93.0,Charge 5
2023-12-11T07:27:33Z,93.1,Charge 5
2023-12-11T07:28:33Z,93.1,Charge 5
2023-12-11T07:29:33Z,93.0,Charge 5
2023-12-11T07:30:33Z,92.7,Charge 5
2023-12-11T07:31:33Z,92.4,Charge 5
2023-12-11T07:32:33Z,92.2,Charge 5
2023-12-11T07:33:33Z,92.2,Charge 5
2023-12-11T07:34:33Z,91.9,Charge 5
2023-12-11T07:35:33Z,91.7,Charge 5
2023-12-11T07:36:33Z,91.7,Charge 5
2023-12-11T07:37:33Z,91.6,Charge 5
2023-12-11T07:38:33Z,91.5,Charge 5
2023-12-11T07:39:33Z,91.6,Charge 5
2023-12-11T07:40:33Z,91.4,Charge 5
2023-12-11T07:41:33Z,91.3,Charge 5
2023-12-11T07:42:33Z,91.2,Charge 5
2023-12-11T07:43:33Z,91.0,Charge 5
2023-12-11T07:44:33Z,90.9,Charge 5
2023-12-11T07:45:33Z,90.8,Charge 5
2023-12-11T08:01:33Z,92.5,Charge 5
2023-12-11T08:02:33Z,93.3,Charge 5
2023-12-11T08:03:33Z,94.5,Charge 5
2023-12-11T08:04:33Z,94.5,Charge 5
2023-12-11T08:05:33Z,95.2,Charge 5
2023-12-11T08:06:33Z,95.8,Charge 5
2023-12-11T08:07:33Z,96.2,Charge 5
2023-12-11T08:08:33Z,96.4,Charge 5
2023-12-11T08:09:33Z,96.7,Charge 5
2023-12-11T08:11:33Z,97.6,Charge 5
2023-12-11T08:12:33Z,98.4,Charge 5
2023-12-11T08:13:33Z,98.6,Charge 5
2023-12-11T08:32:33Z,97.9,Charge 5
2023-12-11T08:33:33Z,97.9,Charge 5
2023-12-11T08:35:33Z,98.2,Charge 5
2023-12-11T08:36:33Z,97.9,Charge 5
2023-12-11T08:37:33Z,97.4,Charge 5
2023-12-11T08:38:33Z,98.1,Charge 5
2023-12-11T08:39:33Z,98.8,Charge 5
2023-12-11T08:40:33Z,99.1,Charge 5
2023-12-11T08:41:33Z,99.0,Charge 5
2023-12-11T08:42:33Z,99.1,Charge 5
2023-12-11T08:43:33Z,99.4,Charge 5
2023-12-11T08:44:33Z,99.7,Charge 5
2023-12-11T08:45:33Z,99.8,Charge 5
2023-12-11T08:46:33Z,99.8,Charge 5
2023-12-11T08:47:33Z,99.9,Charge 5
2023-12-11T08:48:33Z,100.0,Charge 5
2023-12-11T08:49:33Z,100.0,Charge 5
2023-12-11T08:50:33Z,100.0,Charge 5
2023-12-11T08:51:33Z,99.9,Charge 5
2023-12-11T08:52:33Z,99.9,Charge 5
2023-12-11T08:53:33Z,99.9,Charge 5
2023-12-11T08:54:33Z,99.8,Charge 5
2023-12-11T08:55:33Z,99.8,Charge 5
2023-12-11T08:56:33Z,99.9,Charge 5
2023-12-11T08:57:33Z,99.9,Charge 5
2023-12-11T08:58:33Z,99.9,Charge 5
2023-12-11T08:59:33Z,99.8,Charge 5
2023-12-11T09:00:33Z,99.7,Charge 5
2023-12-11T09:01:33Z,99.7,Charge 5
2023-12-11T09:02:33Z,99.7,Charge 5
2023-12-11T09:03:33Z,99.7,Charge 5
2023-12-11T09:04:33Z,99.6,Charge 5
2023-12-11T09:05:33Z,99.6,Charge 5
2023-12-11T09:06:33Z,99.7,Charge 5
2023-12-11T09:07:33Z,99.7,Charge 5
2023-12-11T09:08:33Z,99.7,Charge 5
2023-12-11T09:09:33Z,99.8,Charge 5
2023-12-11T09:10:33Z,99.7,Charge 5
2023-12-11T09:11:33Z,99.6,Charge 5
2023-12-11T09:12:33Z,99.6,Charge 5
2023-12-11T09:13:33Z,99.7,Charge 5
2023-12-11T09:15:33Z,99.5,Charge 5
2023-12-11T09:47:33Z,96.0,Charge 5
2023-12-11T09:48:33Z,97.8,Charge 5
2023-12-11T09:49:33Z,99.0,Charge 5
2023-12-11T09:50:33Z,99.3,Charge 5
2023-12-11T09:51:33Z,99.3,Charge 5
2023-12-11T09:53:33Z,99.4,Charge 5
2023-12-11T09:54:33Z,99.6,Charge 5
2023-12-11T09:55:33Z,99.3,Charge 5
2023-12-11T09:56:33Z,97.9,Charge 5
2023-12-11T09:57:33Z,96.3,Charge 5
2023-12-11T09:58:33Z,95.2,Charge 5
2023-12-11T09:59:33Z,94.7,Charge 5
2023-12-11T10:00:33Z,94.2,Charge 5
2023-12-11T10:01:33Z,94.8,Charge 5
2023-12-11T10:02:33Z,94.4,Charge 5
2023-12-11T10:03:33Z,93.1,Charge 5
2023-12-11T10:04:33Z,92.8,Charge 5
2023-12-11T10:05:33Z,92.7,Charge 5
2023-12-11T10:06:33Z,92.8,Charge 5
2023-12-11T10:07:33Z,92.8,Charge 5
2023-12-11T10:08:33Z,93.4,Charge 5
2023-12-11T10:09:33Z,93.4,Charge 5
2023-12-11T10:10:33Z,93.6,Charge 5
2023-12-11T10:11:33Z,93.4,Charge 5
2023-12-11T10:12:33Z,93.6,Charge 5
2023-12-11T10:14:33Z,92.0,Charge 5
2023-12-11T10:15:33Z,91.3,Charge 5
2023-12-11T10:16:33Z,91.7,Charge 5
2023-12-11T10:17:33Z,92.3,Charge 5
2023-12-11T10:18:33Z,92.9,Charge 5
2023-12-11T10:19:33Z,93.3,Charge 5
2023-12-11T10:20:33Z,94.1,Charge 5
2023-12-11T10:21:33Z,95.2,Charge 5
2023-12-11T10:22:33Z,96.6,Charge 5
2023-12-11T10:23:33Z,97.3,Charge 5
2023-12-11T10:24:33Z,97.7,Charge 5
2023-12-11T10:25:33Z,98.0,Charge 5
2023-12-11T10:26:33Z,98.1,Charge 5
2023-12-11T10:27:33Z,98.1,Charge 5
2023-12-11T10:28:33Z,98.7,Charge 5
2023-12-11T10:30:33Z,98.9,Charge 5
2023-12-11T10:31:33Z,98.1,Charge 5
2023-12-11T10:33:33Z,97.3,Charge 5
2023-12-11T10:34:33Z,95.9,Charge 5
2023-12-11T10:35:33Z,95.2,Charge 5
2023-12-11T10:36:33Z,94.8,Charge 5
2023-12-11T10:37:33Z,94.7,Charge 5
2023-12-11T10:38:33Z,94.8,Charge 5
2023-12-11T10:39:33Z,95.0,Charge 5
2023-12-11T10:40:33Z,95.1,Charge 5
2023-12-11T10:41:33Z,95.2,Charge 5
2023-12-11T10:42:33Z,95.2,Charge 5
2023-12-11T10:43:33Z,95.2,Charge 5
2023-12-11T10:44:33Z,94.7,Charge 5
2023-12-11T10:45:33Z,94.7,Charge 5
2023-12-11T10:46:33Z,94.7,Charge 5
2023-12-11T10:47:33Z,95.5,Charge 5
2023-12-11T10:48:33Z,95.7,Charge 5
2023-12-11T10:49:33Z,96.6,Charge 5
2023-12-11T10:51:33Z,96.1,Charge 5
2023-12-11T10:52:33Z,95.5,Charge 5
2023-12-11T10:53:33Z,95.4,Charge 5
2023-12-11T10:54:33Z,95.4,Charge 5
2023-12-11T10:55:33Z,95.1,Charge 5
2023-12-11T10:56:33Z,95.2,Charge 5
2023-12-11T10:57:33Z,95.4,Charge 5
2023-12-11T10:58:33Z,95.6,Charge 5
2023-12-11T10:59:33Z,95.6,Charge 5
2023-12-11T11:35:33Z,96.0,Charge 5
2023-12-11T11:36:33Z,97.2,Charge 5
2023-12-11T11:37:33Z,97.3,Charge 5
2023-12-11T11:38:33Z,97.3,Charge 5
2023-12-11T11:39:33Z,96.6,Charge 5
2023-12-11T11:40:33Z,96.8,Charge 5
2023-12-11T11:42:33Z,96.3,Charge 5
2023-12-11T12:21:33Z,95.7,Charge 5
2023-12-11T12:22:33Z,95.5,Charge 5
2023-12-11T13:59:33Z,97.1,Charge 5
2023-12-11T14:00:33Z,97.0,Charge 5
2023-12-11T14:01:33Z,96.9,Charge 5
2023-12-11T14:02:33Z,97.7,Charge 5
2023-12-11T14:04:33Z,97.9,Charge 5
2023-12-11T14:05:33Z,98.8,Charge 5
2023-12-12T02:17:33Z,92.9,Charge 5
2023-12-12T02:18:33Z,94.2,Charge 5
2023-12-12T07:32:03Z,97.1,Charge 5
2023-12-12T07:33:03Z,98.1,Charge 5
2023-12-12T07:34:03Z,98.6,Charge 5
2023-12-12T07:35:03Z,99.2,Charge 5
2023-12-12T07:36:03Z,98.7,Charge 5
2023-12-12T07:37:03Z,98.6,Charge 5
2023-12-12T07:38:03Z,99.3,Charge 5
2023-12-12T07:40:03Z,99.5,Charge 5
2023-12-12T07:41:03Z,99.5,Charge 5
2023-12-12T07:42:03Z,98.6,Charge 5
2023-12-12T07:43:03Z,97.2,Charge 5
2023-12-12T08:10:03Z,91.7,Charge 5
2023-12-12T08:11:03Z,92.2,Charge 5
2023-12-12T08:12:03Z,93.7,Charge 5
2023-12-12T08:13:03Z,93.7,Charge 5
2023-12-12T08:14:03Z,93.3,Charge 5
2023-12-12T08:15:03Z,93.4,Charge 5
2023-12-12T08:16:03Z,93.6,Charge 5
2023-12-12T08:17:03Z,93.5,Charge 5
2023-12-12T08:18:03Z,93.2,Charge 5
2023-12-12T08:19:03Z,93.1,Charge 5
2023-12-12T08:20:03Z,93.3,Charge 5
2023-12-12T08:21:03Z,93.3,Charge 5
2023-12-12T08:22:03Z,93.4,Charge 5
2023-12-12T08:23:03Z,93.5,Charge 5
2023-12-12T08:24:03Z,93.8,Charge 5
2023-12-12T08:25:03Z,93.2,Charge 5
2023-12-12T08:26:03Z,93.3,Charge 5
2023-12-12T08:27:03Z,93.4,Charge 5
2023-12-12T08:28:03Z,93.4,Charge 5
2023-12-12T08:29:03Z,93.3,Charge 5
2023-12-12T08:30:03Z,93.4,Charge 5
2023-12-12T08:31:03Z,93.6,Charge 5
2023-12-12T08:32:03Z,93.5,Charge 5
2023-12-12T08:33:03Z,93.6,Charge 5
2023-12-12T08:34:03Z,93.6,Charge 5
2023-12-12T08:36:03Z,94.0,Charge 5
2023-12-12T08:37:03Z,95.9,Charge 5
2023-12-12T08:38:03Z,97.0,Charge 5
2023-12-12T08:39:03Z,98.3,Charge 5
2023-12-12T08:40:03Z,99.1,Charge 5
2023-12-12T08:41:03Z,99.6,Charge 5
2023-12-12T08:42:03Z,99.4,Charge 5
2023-12-12T08:43:03Z,99.6,Charge 5
2023-12-12T08:44:03Z,99.7,Charge 5
2023-12-12T09:04:03Z,94.3,Charge 5
2023-12-12T09:05:03Z,94.0,Charge 5
2023-12-12T09:06:03Z,94.2,Charge 5
2023-12-12T09:07:03Z,94.3,Charge 5
2023-12-12T09:08:03Z,94.0,Charge 5
2023-12-12T09:09:03Z,94.2,Charge 5
2023-12-12T09:10:03Z,94.2,Charge 5
2023-12-12T09:12:03Z,94.7,Charge 5
2023-12-12T09:13:03Z,95.0,Charge 5
2023-12-12T09:14:03Z,95.4,Charge 5
2023-12-12T09:16:03Z,96.1,Charge 5
2023-12-12T09:17:03Z,97.5,Charge 5
2023-12-12T09:18:03Z,98.5,Charge 5
2023-12-12T09:20:03Z,97.5,Charge 5
2023-12-12T09:21:03Z,98.3,Charge 5
2023-12-12T10:49:03Z,94.6,Charge 5
2023-12-12T10:50:03Z,94.9,Charge 5
2023-12-12T10:51:03Z,95.4,Charge 5
2023-12-12T10:52:03Z,95.7,Charge 5
2023-12-12T10:53:03Z,96.1,Charge 5
2023-12-12T10:55:03Z,96.5,Charge 5
2023-12-12T10:56:03Z,96.6,Charge 5
2023-12-12T10:57:03Z,97.5,Charge 5
2023-12-12T10:58:03Z,97.4,Charge 5
2023-12-12T10:59:03Z,97.4,Charge 5
2023-12-12T11:00:03Z,96.7,Charge 5
2023-12-12T11:01:03Z,96.5,Charge 5
2023-12-12T11:02:03Z,96.6,Charge 5
2023-12-12T11:03:03Z,96.8,Charge 5
2023-12-12T11:04:03Z,97.6,Charge 5
2023-12-12T11:05:03Z,97.3,Charge 5
2023-12-12T11:06:03Z,97.3,Charge 5
2023-12-12T11:07:03Z,97.4,Charge 5
2023-12-12T11:08:03Z,97.9,Charge 5
2023-12-12T11:09:03Z,97.7,Charge 5
2023-12-12T11:13:03Z,98.5,Charge 5
2023-12-12T11:14:03Z,99.0,Charge 5
2023-12-12T11:16:03Z,99.2,Charge 5
2023-12-12T11:17:03Z,99.2,Charge 5
2023-12-12T11:19:03Z,98.8,Charge 5
2023-12-12T11:21:03Z,98.8,Charge 5
2023-12-12T11:22:03Z,98.7,Charge 5
2023-12-12T11:23:03Z,98.1,Charge 5
2023-12-12T11:25:03Z,97.2,Charge 5
2023-12-12T11:26:03Z,96.8,Charge 5
2023-12-12T11:27:03Z,96.4,Charge 5
2023-12-12T11:28:03Z,94.0,Charge 5
2023-12-12T11:29:03Z,94.2,Charge 5
2023-12-12T11:30:03Z,95.1,Charge 5
2023-12-12T11:31:03Z,94.6,Charge 5
2023-12-12T11:32:03Z,94.8,Charge 5
2023-12-12T11:33:03Z,95.4,Charge 5
2023-12-12T11:35:03Z,97.3,Charge 5
2023-12-12T11:37:03Z,98.1,Charge 5
2023-12-12T11:38:03Z,98.4,Charge 5
2023-12-12T11:39:03Z,96.5,Charge 5
2023-12-12T11:59:03Z,97.1,Charge 5
2023-12-12T12:00:03Z,98.0,Charge 5
2023-12-12T12:01:03Z,98.6,Charge 5
2023-12-12T12:02:03Z,97.1,Charge 5
2023-12-12T12:10:03Z,95.5,Charge 5
2023-12-12T12:11:03Z,94.6,Charge 5
2023-12-12T12:12:03Z,94.0,Charge 5
2023-12-12T12:13:03Z,93.8,Charge 5
2023-12-12T12:14:03Z,94.0,Charge 5
2023-12-12T12:15:03Z,96.3,Charge 5
2023-12-12T12:16:03Z,98.0,Charge 5
2023-12-12T12:17:03Z,98.7,Charge 5
2023-12-12T12:18:03Z,98.9,Charge 5
2023-12-12T12:19:03Z,98.9,Charge 5
2023-12-12T12:20:03Z,99.2,Charge 5
2023-12-12T12:21:03Z,98.9,Charge 5
2023-12-12T12:22:03Z,99.3,Charge 5
2023-12-12T12:44:03Z,93.5,Charge 5
2023-12-12T12:45:03Z,94.7,Charge 5
2023-12-12T12:46:03Z,94.6,Charge 5
2023-12-12T12:47:03Z,94.8,Charge 5
2023-12-12T12:48:03Z,95.7,Charge 5
2023-12-12T12:49:03Z,95.9,Charge 5
2023-12-12T12:53:03Z,94.3,Charge 5
2023-12-12T13:15:03Z,95.3,Charge 5
2023-12-12T13:16:03Z,94.8,Charge 5
2023-12-13T06:02:03Z,91.7,Charge 5
2023-12-13T06:03:03Z,90.8,Charge 5
2023-12-13T06:04:03Z,90.3,Charge 5
2023-12-13T06:05:03Z,90.0,Charge 5
2023-12-13T06:06:03Z,90.6,Charge 5
2023-12-13T06:07:03Z,90.5,Charge 5
2023-12-13T06:09:03Z,90.7,Charge 5
2023-12-13T06:10:03Z,91.9,Charge 5
2023-12-13T06:11:03Z,93.4,Charge 5
2023-12-13T06:12:03Z,94.5,Charge 5
2023-12-13T06:13:03Z,95.1,Charge 5
2023-12-13T06:14:03Z,95.7,Charge 5
2023-12-13T06:15:03Z,95.9,Charge 5
2023-12-13T06:16:03Z,96.1,Charge 5
2023-12-13T06:17:03Z,96.1,Charge 5
2023-12-13T06:18:03Z,96.0,Charge 5
2023-12-13T06:19:03Z,95.9,Charge 5
2023-12-13T06:20:03Z,95.9,Charge 5
2023-12-13T06:21:03Z,96.0,Charge 5
2023-12-13T06:22:03Z,96.4,Charge 5
2023-12-13T06:23:03Z,96.4,Charge 5
2023-12-13T06:25:03Z,96.8,Charge 5
2023-12-13T06:26:03Z,96.4,Charge 5
2023-12-13T10:43:03Z,93.2,Charge 5
2023-12-13T10:44:03Z,93.7,Charge 5
2023-12-13T10:45:03Z,94.3,Charge 5
2023-12-13T10:46:03Z,94.8,Charge 5
2023-12-13T10:47:03Z,95.4,Charge 5
2023-12-14T05:48:33Z,99.2,Charge 5
2023-12-14T05:49:33Z,99.3,Charge 5
2023-12-14T05:50:33Z,99.3,Charge 5
2023-12-14T05:51:33Z,99.3,Charge 5
2023-12-14T05:52:33Z,99.1,Charge 5
2023-12-14T05:53:33Z,99.1,Charge 5
2023-12-14T05:54:33Z,99.0,Charge 5
2023-12-14T05:55:33Z,98.8,Charge 5
2023-12-14T05:56:33Z,98.6,Charge 5
2023-12-14T05:57:33Z,98.2,Charge 5
2023-12-14T05:58:33Z,98.1,Charge 5
2023-12-14T05:59:33Z,98.1,Charge 5
2023-12-14T06:00:33Z,98.2,Charge 5
2023-12-14T06:01:33Z,98.1,Charge 5
2023-12-14T06:02:33Z,98.0,Charge 5
2023-12-14T06:03:33Z,97.7,Charge 5
2023-12-14T06:04:33Z,97.8,Charge 5
2023-12-14T06:05:33Z,97.9,Charge 5
2023-12-14T06:06:33Z,97.6,Charge 5
2023-12-14T06:07:33Z,97.8,Charge 5
2023-12-14T06:08:33Z,97.6,Charge 5
2023-12-14T06:09:33Z,97.4,Charge 5
2023-12-14T06:10:33Z,97.4,Charge 5
2023-12-14T06:11:33Z,97.2,Charge 5
2023-12-14T06:12:33Z,97.3,Charge 5
2023-12-14T06:13:33Z,97.5,Charge 5
2023-12-14T06:14:33Z,97.6,Charge 5
2023-12-14T06:15:33Z,98.0,Charge 5
2023-12-14T06:16:33Z,98.2,Charge 5
2023-12-14T06:17:33Z,98.0,Charge 5
2023-12-14T06:18:33Z,97.7,Charge 5
2023-12-14T06:19:33Z,97.6,Charge 5
2023-12-14T06:20:33Z,97.4,Charge 5
2023-12-14T06:21:33Z,97.1,Charge 5
2023-12-14T06:22:33Z,96.9,Charge 5
2023-12-14T06:23:33Z,97.0,Charge 5
2023-12-14T06:24:33Z,97.0,Charge 5
2023-12-14T06:25:33Z,97.1,Charge 5
2023-12-14T06:26:33Z,97.3,Charge 5
2023-12-14T06:27:33Z,97.7,Charge 5
2023-12-14T06:28:33Z,97.5,Charge 5
2023-12-14T06:29:33Z,97.3,Charge 5
2023-12-14T06:30:33Z,97.4,Charge 5
2023-12-14T06:31:33Z,97.6,Charge 5
2023-12-14T06:32:33Z,97.8,Charge 5
2023-12-14T06:33:33Z,97.9,Charge 5
2023-12-14T06:35:33Z,97.2,Charge 5
2023-12-14T06:37:33Z,96.2,Charge 5
2023-12-14T06:38:33Z,95.9,Charge 5
2023-12-14T06:39:33Z,95.5,Charge 5
2023-12-14T06:41:33Z,95.8,Charge 5
2023-12-14T06:42:33Z,95.8,Charge 5
2023-12-14T06:43:33Z,95.6,Charge 5
2023-12-14T06:44:33Z,96.0,Charge 5
2023-12-14T06:45:33Z,96.3,Charge 5
2023-12-14T06:46:33Z,96.6,Charge 5
2023-12-14T06:48:33Z,96.9,Charge 5
2023-12-14T06:49:33Z,96.7,Charge 5
2023-12-14T06:51:33Z,96.1,Charge 5
2023-12-14T06:52:33Z,94.8,Charge 5
2023-12-14T06:54:33Z,94.9,Charge 5
2023-12-14T06:55:33Z,95.8,Charge 5
2023-12-14T06:56:33Z,95.7,Charge 5
2023-12-14T06:57:33Z,95.6,Charge 5
2023-12-14T06:58:33Z,95.7,Charge 5
2023-12-14T06:59:33Z,95.7,Charge 5
2023-12-14T07:00:33Z,95.6,Charge 5
2023-12-14T07:01:33Z,95.5,Charge 5
2023-12-14T07:02:33Z,95.3,Charge 5
2023-12-14T07:03:33Z,95.2,Charge 5
2023-12-14T07:04:33Z,95.4,Charge 5
2023-12-14T07:05:33Z,95.4,Charge 5
2023-12-14T07:06:33Z,95.3,Charge 5
2023-12-14T07:07:33Z,95.3,Charge 5
2023-12-14T07:08:33Z,95.1,Charge 5
2023-12-14T07:09:33Z,95.1,Charge 5
2023-12-14T07:10:33Z,94.9,Charge 5
2023-12-14T07:11:33Z,94.2,Charge 5
2023-12-14T07:12:33Z,94.9,Charge 5
2023-12-14T07:13:33Z,95.2,Charge 5
2023-12-14T07:14:33Z,95.2,Charge 5
2023-12-14T07:15:33Z,95.3,Charge 5
2023-12-14T07:16:33Z,95.4,Charge 5
2023-12-14T07:17:33Z,95.4,Charge 5
2023-12-14T07:18:33Z,95.4,Charge 5
2023-12-14T07:19:33Z,95.5,Charge 5
2023-12-14T07:20:33Z,95.5,Charge 5
2023-12-14T07:21:33Z,95.5,Charge 5
2023-12-14T07:22:33Z,95.6,Charge 5
2023-12-14T07:23:33Z,95.6,Charge 5
2023-12-14T07:24:33Z,95.6,Charge 5
2023-12-14T07:25:33Z,95.5,Charge 5
2023-12-14T07:26:33Z,95.5,Charge 5
2023-12-14T07:27:33Z,95.5,Charge 5
2023-12-14T07:28:33Z,95.6,Charge 5
2023-12-14T07:29:33Z,95.5,Charge 5
2023-12-14T07:30:33Z,95.5,Charge 5
2023-12-14T07:31:33Z,95.4,Charge 5
2023-12-14T07:32:33Z,95.4,Charge 5
2023-12-14T07:33:33Z,95.4,Charge 5
2023-12-14T07:34:33Z,95.5,Charge 5
2023-12-14T07:35:33Z,95.5,Charge 5
2023-12-14T07:36:33Z,95.6,Charge 5
2023-12-14T07:37:33Z,95.4,Charge 5
2023-12-14T07:38:33Z,95.5,Charge 5
2023-12-14T07:39:33Z,95.2,Charge 5
2023-12-14T07:40:33Z,95.2,Charge 5
2023-12-14T07:41:33Z,95.2,Charge 5
2023-12-14T07:42:33Z,95.2,Charge 5
2023-12-14T07:45:33Z,95.2,Charge 5
2023-12-14T07:46:33Z,96.3,Charge 5
2023-12-14T07:47:33Z,97.4,Charge 5
2023-12-14T07:48:33Z,98.0,Charge 5
2023-12-14T07:49:33Z,98.3,Charge 5
2023-12-14T07:50:33Z,98.5,Charge 5
2023-12-14T07:51:33Z,98.7,Charge 5
2023-12-14T07:52:33Z,99.0,Charge 5
2023-12-14T07:53:33Z,99.2,Charge 5
2023-12-14T07:54:33Z,99.4,Charge 5
2023-12-14T07:55:33Z,99.6,Charge 5
2023-12-14T07:56:33Z,99.7,Charge 5
2023-12-14T07:57:33Z,99.8,Charge 5
2023-12-14T07:58:33Z,99.8,Charge 5
2023-12-14T07:59:33Z,99.9,Charge 5
2023-12-14T08:00:33Z,99.9,Charge 5
2023-12-14T08:01:33Z,99.8,Charge 5
2023-12-14T08:03:33Z,98.7,Charge 5
2023-12-14T08:04:33Z,97.9,Charge 5
2023-12-14T08:05:33Z,97.7,Charge 5
2023-12-14T08:06:33Z,97.3,Charge 5
2023-12-14T08:08:33Z,97.2,Charge 5
2023-12-14T08:09:33Z,97.2,Charge 5
2023-12-14T08:10:33Z,97.4,Charge 5
2023-12-14T08:11:33Z,97.7,Charge 5
2023-12-14T08:12:33Z,98.0,Charge 5
2023-12-14T08:13:33Z,98.5,Charge 5
2023-12-14T08:14:33Z,98.6,Charge 5
2023-12-14T08:15:33Z,99.0,Charge 5
2023-12-14T08:16:33Z,99.3,Charge 5
2023-12-14T08:18:33Z,99.2,Charge 5
2023-12-14T08:20:33Z,99.0,Charge 5
2023-12-14T08:21:33Z,99.1,Charge 5
2023-12-14T08:22:33Z,99.2,Charge 5
2023-12-14T08:23:33Z,99.0,Charge 5
2023-12-14T08:24:33Z,99.0,Charge 5
2023-12-14T08:25:33Z,99.0,Charge 5
2023-12-14T08:26:33Z,98.8,Charge 5
2023-12-14T08:27:33Z,98.9,Charge 5
2023-12-14T08:28:33Z,98.8,Charge 5
2023-12-14T08:31:33Z,99.0,Charge 5
2023-12-14T08:32:33Z,99.2,Charge 5
2023-12-14T08:33:33Z,99.2,Charge 5
2023-12-14T08:34:33Z,99.6,Charge 5
2023-12-14T08:36:33Z,99.5,Charge 5
2023-12-14T08:37:33Z,98.9,Charge 5
2023-12-14T08:38:33Z,98.7,Charge 5
2023-12-14T08:39:33Z,98.5,Charge 5
2023-12-14T08:40:33Z,98.3,Charge 5
2023-12-14T08:41:33Z,98.2,Charge 5
2023-12-14T08:42:33Z,98.0,Charge 5
2023-12-14T08:43:33Z,98.2,Charge 5
2023-12-14T08:45:33Z,98.4,Charge 5
2023-12-14T08:47:33Z,98.2,Charge 5
2023-12-14T08:48:33Z,97.9,Charge 5
2023-12-14T08:49:33Z,97.7,Charge 5
2023-12-14T08:50:33Z,97.6,Charge 5
2023-12-14T08:51:33Z,97.5,Charge 5
2023-12-14T08:52:33Z,97.4,Charge 5
2023-12-14T08:53:33Z,97.4,Charge 5
2023-12-14T08:54:33Z,97.4,Charge 5
2023-12-14T08:55:33Z,97.5,Charge 5
2023-12-14T08:56:33Z,97.5,Charge 5
2023-12-14T08:57:33Z,97.6,Charge 5
2023-12-14T08:58:33Z,97.6,Charge 5
2023-12-14T08:59:33Z,97.5,Charge 5
2023-12-14T09:00:33Z,97.5,Charge 5
2023-12-14T09:01:33Z,97.4,Charge 5
2023-12-14T09:02:33Z,97.4,Charge 5
2023-12-14T09:03:33Z,97.3,Charge 5
2023-12-14T09:04:33Z,97.3,Charge 5
2023-12-14T09:05:33Z,97.3,Charge 5
2023-12-14T09:06:33Z,97.4,Charge 5
2023-12-14T09:07:33Z,97.3,Charge 5
2023-12-14T09:08:33Z,97.3,Charge 5
2023-12-14T09:09:33Z,97.3,Charge 5
2023-12-14T09:10:33Z,97.4,Charge 5
2023-12-14T09:11:33Z,97.4,Charge 5
2023-12-14T09:12:33Z,97.3,Charge 5
2023-12-14T09:13:33Z,97.3,Charge 5
2023-12-14T09:14:33Z,97.2,Charge 5
2023-12-14T09:15:33Z,97.2,Charge 5
2023-12-14T09:16:33Z,97.2,Charge 5
2023-12-14T09:17:33Z,97.2,Charge 5
2023-12-14T09:18:33Z,97.2,Charge 5
2023-12-14T09:19:33Z,97.1,Charge 5
2023-12-14T09:20:33Z,97.0,Charge 5
2023-12-14T09:21:33Z,97.0,Charge 5
2023-12-14T09:22:33Z,96.9,Charge 5
2023-12-14T09:23:33Z,96.9,Charge 5
2023-12-14T09:24:33Z,96.8,Charge 5
2023-12-14T09:26:33Z,96.9,Charge 5
2023-12-14T09:27:33Z,96.6,Charge 5
2023-12-14T09:28:33Z,96.7,Charge 5
2023-12-14T09:29:33Z,96.9,Charge 5
2023-12-14T09:31:33Z,97.1,Charge 5
2023-12-14T09:32:33Z,97.2,Charge 5
2023-12-14T09:33:33Z,97.4,Charge 5
2023-12-14T09:34:33Z,97.6,Charge 5
2023-12-14T09:35:33Z,97.7,Charge 5
2023-12-14T09:36:33Z,97.9,Charge 5
2023-12-14T09:37:33Z,98.2,Charge 5
2023-12-14T09:38:33Z,98.2,Charge 5
2023-12-14T09:39:33Z,98.2,Charge 5
2023-12-14T09:40:33Z,98.3,Charge 5
2023-12-14T09:41:33Z,98.3,Charge 5
2023-12-14T09:42:33Z,97.8,Charge 5
2023-12-14T09:43:33Z,97.9,Charge 5
2023-12-14T09:44:33Z,98.0,Charge 5
2023-12-14T09:45:33Z,98.0,Charge 5
2023-12-14T09:46:33Z,97.9,Charge 5
2023-12-14T09:47:33Z,97.9,Charge 5
2023-12-14T09:49:33Z,97.3,Charge 5
2023-12-14T09:50:33Z,96.9,Charge 5
2023-12-14T09:51:33Z,96.4,Charge 5
2023-12-14T09:52:33Z,96.2,Charge 5
2023-12-14T09:53:33Z,96.2,Charge 5
2023-12-14T09:54:33Z,96.4,Charge 5
2023-12-14T09:55:33Z,96.4,Charge 5
2023-12-14T09:56:33Z,96.4,Charge 5
2023-12-14T09:57:33Z,96.3,Charge 5
2023-12-14T09:58:33Z,96.2,Charge 5
2023-12-14T09:59:33Z,96.0,Charge 5
2023-12-14T10:00:33Z,96.1,Charge 5
2023-12-14T10:01:33Z,96.4,Charge 5
2023-12-14T10:02:33Z,96.3,Charge 5
2023-12-14T10:04:33Z,96.3,Charge 5
2023-12-14T10:06:33Z,96.9,Charge 5
2023-12-14T10:08:33Z,97.5,Charge 5
2023-12-14T10:09:33Z,97.7,Charge 5
2023-12-14T10:10:33Z,98.3,Charge 5
2023-12-14T10:11:33Z,98.5,Charge 5
2023-12-14T10:12:33Z,98.7,Charge 5
2023-12-14T10:13:33Z,98.7,Charge 5
2023-12-14T10:14:33Z,98.7,Charge 5
2023-12-14T10:15:33Z,98.7,Charge 5
2023-12-14T10:16:33Z,98.5,Charge 5
2023-12-14T10:18:33Z,98.6,Charge 5
2023-12-14T10:19:33Z,98.9,Charge 5
2023-12-14T10:21:33Z,98.3,Charge 5
2023-12-14T10:22:33Z,97.6,Charge 5
2023-12-14T10:23:33Z,97.1,Charge 5
2023-12-14T10:24:33Z,96.3,Charge 5
2023-12-14T10:25:33Z,96.3,Charge 5
2023-12-14T10:26:33Z,97.1,Charge 5
2023-12-14T10:27:33Z,97.3,Charge 5
2023-12-14T10:28:33Z,97.5,Charge 5
2023-12-14T10:30:33Z,98.9,Charge 5
2023-12-14T10:31:33Z,99.5,Charge 5
2023-12-14T10:32:33Z,99.7,Charge 5
2023-12-14T10:33:33Z,99.8,Charge 5
2023-12-14T10:34:33Z,100.0,Charge 5
2023-12-14T10:35:33Z,100.0,Charge 5
2023-12-14T10:36:33Z,100.0,Charge 5
2023-12-14T10:37:33Z,100.0,Charge 5
2023-12-14T10:38:33Z,99.7,Charge 5
2023-12-14T10:39:33Z,100.0,Charge 5
2023-12-14T10:40:33Z,99.8,Charge 5
2023-12-14T10:41:33Z,100.0,Charge 5
2023-12-14T10:42:33Z,100.0,Charge 5
2023-12-14T10:43:33Z,100.0,Charge 5
2023-12-14T10:44:33Z,100.0,Charge 5
2023-12-14T10:46:33Z,99.8,Charge 5
2023-12-14T10:47:33Z,99.5,Charge 5
2023-12-14T10:48:33Z,99.2,Charge 5
2023-12-14T10:49:33Z,99.1,Charge 5
2023-12-14T10:50:33Z,99.1,Charge 5
2023-12-14T10:51:33Z,98.6,Charge 5
2023-12-14T10:52:33Z,99.0,Charge 5
2023-12-14T10:53:33Z,98.9,Charge 5
2023-12-14T10:54:33Z,98.9,Charge 5
2023-12-14T10:55:33Z,99.1,Charge 5
2023-12-14T10:56:33Z,99.4,Charge 5
2023-12-14T10:57:33Z,99.5,Charge 5
2023-12-14T10:58:33Z,99.6,Charge 5
2023-12-14T10:59:33Z,99.8,Charge 5
2023-12-14T11:00:33Z,99.9,Charge 5
2023-12-14T11:01:33Z,100.0,Charge 5
2023-12-14T11:02:33Z,100.0,Charge 5
2023-12-14T11:03:33Z,100.0,Charge 5
2023-12-14T11:04:33Z,100.0,Charge 5
2023-12-14T11:05:33Z,100.0,Charge 5
2023-12-14T11:06:33Z,100.0,Charge 5
2023-12-14T11:08:33Z,97.6,Charge 5
2023-12-14T11:09:33Z,95.4,Charge 5
2023-12-14T11:10:33Z,94.5,Charge 5
2023-12-14T11:11:33Z,92.5,Charge 5
2023-12-14T11:12:33Z,91.2,Charge 5
2023-12-14T11:15:33Z,91.9,Charge 5
2023-12-14T11:16:33Z,92.9,Charge 5
2023-12-14T11:17:33Z,91.8,Charge 5
2023-12-14T11:29:33Z,98.7,Charge 5
2023-12-14T11:30:33Z,97.7,Charge 5
2023-12-14T11:31:33Z,96.2,Charge 5
2023-12-14T11:32:33Z,94.9,Charge 5
2023-12-14T11:33:33Z,93.6,Charge 5
2023-12-14T11:34:33Z,93.0,Charge 5
2023-12-14T11:35:33Z,92.8,Charge 5
2023-12-14T11:36:33Z,94.0,Charge 5
2023-12-14T11:37:33Z,96.2,Charge 5
2023-12-14T11:38:33Z,98.2,Charge 5
2023-12-14T11:39:33Z,95.9,Charge 5
2023-12-14T11:40:33Z,96.1,Charge 5
2023-12-14T11:41:33Z,97.4,Charge 5
2023-12-14T11:42:33Z,98.2,Charge 5
2023-12-14T11:43:33Z,99.1,Charge 5
2023-12-14T11:44:33Z,99.4,Charge 5
2023-12-14T11:45:33Z,99.5,Charge 5
2023-12-14T11:46:33Z,99.7,Charge 5
2023-12-14T11:47:33Z,99.8,Charge 5
2023-12-14T11:48:33Z,100.0,Charge 5
2023-12-14T11:49:33Z,99.7,Charge 5
2023-12-14T11:50:33Z,99.2,Charge 5
2023-12-14T11:51:33Z,97.2,Charge 5
2023-12-14T11:52:33Z,95.1,Charge 5
2023-12-14T11:53:33Z,93.1,Charge 5
2023-12-14T11:54:33Z,94.5,Charge 5
2023-12-14T11:55:33Z,96.1,Charge 5
2023-12-14T11:56:33Z,96.6,Charge 5
2023-12-14T11:57:33Z,96.3,Charge 5
2023-12-14T11:59:33Z,98.1,Charge 5
2023-12-14T12:00:33Z,97.9,Charge 5
2023-12-14T12:01:33Z,97.3,Charge 5
2023-12-14T12:02:33Z,96.9,Charge 5
2023-12-14T12:03:33Z,97.4,Charge 5
2023-12-14T12:26:33Z,94.6,Charge 5
2023-12-14T12:27:33Z,94.7,Charge 5
2023-12-14T12:28:33Z,94.8,Charge 5
2023-12-14T12:29:33Z,94.1,Charge 5
2023-12-14T12:30:33Z,94.1,Charge 5
2023-12-14T13:26:33Z,97.0,Charge 5
2023-12-14T13:27:33Z,97.2,Charge 5
2023-12-14T13:28:33Z,96.8,Charge 5
2023-12-14T13:29:33Z,97.1,Charge 5
2023-12-14T13:30:33Z,96.9,Charge 5
2023-12-14T13:31:33Z,97.1,Charge 5
2023-12-14T13:32:33Z,97.9,Charge 5
2023-12-14T13:33:33Z,97.8,Charge 5
2023-12-14T13:34:33Z,97.6,Charge 5
2023-12-14T13:36:33Z,96.3,Charge 5
2023-12-14T13:37:33Z,93.5,Charge 5
2023-12-14T14:06:33Z,96.5,Charge 5
2023-12-14T14:07:33Z,96.6,Charge 5
2023-12-14T14:08:33Z,96.7,Charge 5
2023-12-14T14:09:33Z,96.8,Charge 5
2023-12-14T14:12:33Z,96.9,Charge 5
2023-12-14T14:13:33Z,97.2,Charge 5
2023-12-14T14:14:33Z,96.8,Charge 5
2023-12-14T14:17:33Z,97.3,Charge 5
2023-12-14T14:18:33Z,97.9,Charge 5
2023-12-14T14:19:33Z,98.0,Charge 5
2023-12-14T14:20:33Z,97.3,Charge 5
2023-12-14T14:22:33Z,97.6,Charge 5
2023-12-14T14:23:33Z,97.8,Charge 5
2023-12-14T14:24:33Z,97.8,Charge 5
2023-12-14T14:25:33Z,97.7,Charge 5
2023-12-14T14:26:33Z,98.7,Charge 5
2023-12-14T14:27:33Z,99.4,Charge 5
2023-12-14T14:28:33Z,99.4,Charge 5
2023-12-14T14:29:33Z,99.6,Charge 5
2023-12-14T14:31:33Z,99.2,Charge 5
2023-12-14T14:32:33Z,99.2,Charge 5
2023-12-14T14:33:33Z,99.1,Charge 5
2023-12-14T14:34:33Z,98.4,Charge 5
2023-12-14T14:35:33Z,96.9,Charge 5
2023-12-14T14:36:33Z,96.0,Charge 5
2023-12-14T14:37:33Z,94.4,Charge 5
2023-12-14T14:40:33Z,93.1,Charge 5
2023-12-14T14:44:33Z,93.9,Charge 5
2023-12-14T14:45:33Z,94.1,Charge 5
2023-12-15T06:33:04Z,94.3,Charge 5
2023-12-15T06:34:04Z,94.5,Charge 5
2023-12-15T06:35:04Z,95.0,Charge 5
2023-12-15T06:36:04Z,95.3,Charge 5
2023-12-15T06:37:04Z,95.9,Charge 5
2023-12-15T06:38:04Z,95.3,Charge 5
2023-12-15T06:39:04Z,95.0,Charge 5
2023-12-15T06:40:04Z,95.3,Charge 5
2023-12-15T06:41:04Z,95.2,Charge 5
2023-12-15T06:42:04Z,95.2,Charge 5
2023-12-15T06:43:04Z,94.9,Charge 5
2023-12-15T06:44:04Z,94.3,Charge 5
2023-12-15T06:45:04Z,94.0,Charge 5
2023-12-15T06:46:04Z,93.3,Charge 5
2023-12-15T06:47:04Z,93.2,Charge 5
2023-12-15T06:48:04Z,92.7,Charge 5
2023-12-15T06:49:04Z,92.8,Charge 5
2023-12-15T11:28:04Z,87.3,Charge 5
2023-12-15T11:29:04Z,87.4,Charge 5
2023-12-15T11:30:04Z,87.2,Charge 5
2023-12-15T11:31:04Z,86.2,Charge 5
2023-12-15T11:32:04Z,86.3,Charge 5
2023-12-15T11:33:04Z,86.2,Charge 5
2023-12-15T11:34:04Z,86.7,Charge 5
2023-12-15T11:35:04Z,87.1,Charge 5
2023-12-16T07:07:03Z,98.4,Charge 5
2023-12-16T07:08:03Z,98.4,Charge 5
2023-12-16T07:09:03Z,97.8,Charge 5
2023-12-16T07:10:03Z,97.2,Charge 5
2023-12-16T07:11:03Z,96.6,Charge 5
2023-12-16T07:12:03Z,96.2,Charge 5
2023-12-16T07:13:03Z,95.6,Charge 5
2023-12-16T07:14:03Z,95.5,Charge 5
2023-12-16T07:15:03Z,95.5,Charge 5
2023-12-16T07:16:03Z,95.9,Charge 5
2023-12-16T07:17:03Z,96.0,Charge 5
2023-12-16T07:18:03Z,96.0,Charge 5
2023-12-16T07:19:03Z,96.1,Charge 5
2023-12-16T07:20:03Z,96.0,Charge 5
2023-12-16T07:21:03Z,95.9,Charge 5
2023-12-16T07:22:03Z,95.9,Charge 5
2023-12-16T07:23:03Z,95.9,Charge 5
2023-12-16T07:24:03Z,95.8,Charge 5
2023-12-16T07:25:03Z,95.8,Charge 5
2023-12-16T07:26:03Z,95.8,Charge 5
2023-12-16T07:27:03Z,95.8,Charge 5
2023-12-16T07:28:03Z,95.8,Charge 5
2023-12-16T07:29:03Z,95.8,Charge 5
2023-12-16T07:30:03Z,95.8,Charge 5
2023-12-16T07:31:03Z,95.8,Charge 5
2023-12-16T07:32:03Z,95.8,Charge 5
2023-12-16T07:33:03Z,95.9,Charge 5
2023-12-16T07:34:03Z,95.9,Charge 5
2023-12-16T07:35:03Z,95.9,Charge 5
2023-12-16T07:36:03Z,95.8,Charge 5
2023-12-16T07:37:03Z,95.8,Charge 5
2023-12-16T07:38:03Z,95.6,Charge 5
2023-12-16T07:39:03Z,95.5,Charge 5
2023-12-16T07:40:03Z,95.6,Charge 5
2023-12-16T07:41:03Z,95.6,Charge 5
2023-12-16T07:42:03Z,95.6,Charge 5
2023-12-16T07:43:03Z,95.8,Charge 5
2023-12-16T07:44:03Z,95.9,Charge 5
2023-12-16T07:45:03Z,95.9,Charge 5
2023-12-16T07:46:03Z,96.0,Charge 5
2023-12-16T07:47:03Z,96.1,Charge 5
2023-12-16T07:48:03Z,96.0,Charge 5
2023-12-16T07:49:03Z,96.1,Charge 5
2023-12-16T07:50:03Z,96.1,Charge 5
2023-12-16T07:53:03Z,95.8,Charge 5
2023-12-16T07:54:03Z,95.0,Charge 5
2023-12-16T07:55:03Z,94.8,Charge 5
2023-12-16T07:56:03Z,94.6,Charge 5
2023-12-16T07:57:03Z,94.8,Charge 5
2023-12-16T07:58:03Z,94.9,Charge 5
2023-12-16T07:59:03Z,94.8,Charge 5
2023-12-16T08:00:03Z,94.9,Charge 5
2023-12-16T08:01:03Z,95.4,Charge 5
2023-12-16T08:02:03Z,95.4,Charge 5
2023-12-16T08:04:03Z,95.7,Charge 5
2023-12-16T08:05:03Z,95.6,Charge 5
2023-12-16T08:07:03Z,95.8,Charge 5
2023-12-16T08:08:03Z,95.8,Charge 5
2023-12-16T08:09:03Z,95.6,Charge 5
2023-12-16T08:10:03Z,95.7,Charge 5
2023-12-16T08:11:03Z,95.7,Charge 5
2023-12-16T08:12:03Z,95.7,Charge 5
2023-12-16T08:14:03Z,95.7,Charge 5
2023-12-16T08:15:03Z,95.6,Charge 5
2023-12-16T08:16:03Z,95.5,Charge 5
2023-12-16T08:17:03Z,95.5,Charge 5
2023-12-16T08:18:03Z,95.4,Charge 5
2023-12-16T08:19:03Z,95.8,Charge 5
2023-12-16T08:20:03Z,95.9,Charge 5
2023-12-16T08:21:03Z,96.0,Charge 5
2023-12-16T08:22:03Z,96.1,Charge 5
2023-12-16T08:23:03Z,96.1,Charge 5
2023-12-16T08:24:03Z,96.2,Charge 5
2023-12-16T08:27:03Z,96.1,Charge 5
2023-12-16T08:28:03Z,96.3,Charge 5
2023-12-16T08:29:03Z,96.1,Charge 5
2023-12-16T08:30:03Z,96.3,Charge 5
2023-12-16T08:31:03Z,96.3,Charge 5
2023-12-16T08:33:03Z,96.5,Charge 5
2023-12-16T08:34:03Z,96.6,Charge 5
2023-12-16T08:35:03Z,96.9,Charge 5
2023-12-16T08:36:03Z,97.1,Charge 5
2023-12-16T08:37:03Z,97.2,Charge 5
2023-12-16T08:38:03Z,97.2,Charge 5
2023-12-16T08:39:03Z,97.1,Charge 5
2023-12-16T08:40:03Z,96.9,Charge 5
2023-12-16T08:41:03Z,96.9,Charge 5
2023-12-16T08:42:03Z,97.3,Charge 5
2023-12-16T08:43:03Z,97.4,Charge 5
2023-12-16T08:44:03Z,97.4,Charge 5
2023-12-16T08:45:03Z,97.3,Charge 5
2023-12-16T08:46:03Z,97.5,Charge 5
2023-12-16T08:47:03Z,97.5,Charge 5
2023-12-16T08:48:03Z,97.4,Charge 5
2023-12-16T08:49:03Z,97.4,Charge 5
2023-12-16T08:50:03Z,97.4,Charge 5
2023-12-16T08:51:03Z,97.3,Charge 5
2023-12-16T08:52:03Z,97.4,Charge 5
2023-12-16T08:53:03Z,97.4,Charge 5
2023-12-16T08:54:03Z,97.5,Charge 5
2023-12-16T08:55:03Z,97.5,Charge 5
2023-12-16T08:56:03Z,97.5,Charge 5
2023-12-16T08:57:03Z,97.5,Charge 5
2023-12-16T08:58:03Z,97.5,Charge 5
2023-12-16T08:59:03Z,97.6,Charge 5
2023-12-16T09:00:03Z,97.6,Charge 5
2023-12-16T09:01:03Z,97.6,Charge 5
2023-12-16T09:02:03Z,97.7,Charge 5
2023-12-16T09:03:03Z,97.7,Charge 5
2023-12-16T09:04:03Z,97.7,Charge 5
2023-12-16T09:05:03Z,97.7,Charge 5
2023-12-16T09:06:03Z,97.6,Charge 5
2023-12-16T09:07:03Z,97.7,Charge 5
2023-12-16T09:08:03Z,97.6,Charge 5
2023-12-16T09:09:03Z,97.6,Charge 5
2023-12-16T09:10:03Z,97.7,Charge 5
2023-12-16T09:11:03Z,97.7,Charge 5
2023-12-16T09:12:03Z,97.7,Charge 5
2023-12-16T09:13:03Z,97.7,Charge 5
2023-12-16T09:14:03Z,97.7,Charge 5
2023-12-16T09:15:03Z,97.7,Charge 5
2023-12-16T09:16:03Z,97.7,Charge 5
2023-12-16T09:17:03Z,97.7,Charge 5
2023-12-16T09:18:03Z,97.7,Charge 5
2023-12-16T09:19:03Z,97.6,Charge 5
2023-12-16T09:20:03Z,97.7,Charge 5
2023-12-16T09:21:03Z,97.4,Charge 5
2023-12-16T09:22:03Z,97.4,Charge 5
2023-12-16T09:24:03Z,97.3,Charge 5
2023-12-16T09:25:03Z,95.7,Charge 5
2023-12-16T09:26:03Z,94.5,Charge 5
2023-12-16T09:27:03Z,93.5,Charge 5
2023-12-16T09:29:03Z,93.0,Charge 5
2023-12-16T09:30:03Z,93.5,Charge 5
2023-12-16T09:31:03Z,93.4,Charge 5
2023-12-16T09:32:03Z,93.7,Charge 5
2023-12-16T09:33:03Z,93.5,Charge 5
2023-12-16T09:34:03Z,93.3,Charge 5
2023-12-16T09:35:03Z,94.6,Charge 5
2023-12-16T09:36:03Z,95.3,Charge 5
2023-12-16T09:37:03Z,96.0,Charge 5
2023-12-16T09:38:03Z,96.1,Charge 5
2023-12-16T09:39:03Z,96.7,Charge 5
2023-12-16T09:40:03Z,96.9,Charge 5
2023-12-16T09:41:03Z,97.3,Charge 5
2023-12-16T09:42:03Z,97.1,Charge 5
2023-12-16T09:43:03Z,97.1,Charge 5
2023-12-16T09:44:03Z,97.1,Charge 5
2023-12-16T09:45:03Z,97.0,Charge 5
2023-12-16T09:46:03Z,97.0,Charge 5
2023-12-16T09:48:03Z,97.1,Charge 5
2023-12-16T09:49:03Z,97.0,Charge 5
2023-12-16T09:50:03Z,96.9,Charge 5
2023-12-16T09:51:03Z,96.8,Charge 5
2023-12-16T09:52:03Z,96.5,Charge 5
2023-12-16T09:53:03Z,96.6,Charge 5
2023-12-16T09:55:03Z,97.0,Charge 5
2023-12-16T09:56:03Z,97.0,Charge 5
2023-12-16T09:57:03Z,97.3,Charge 5
2023-12-16T09:58:03Z,97.4,Charge 5
2023-12-16T09:59:03Z,97.6,Charge 5
2023-12-16T10:00:03Z,97.9,Charge 5
2023-12-16T10:01:03Z,98.0,Charge 5
2023-12-16T10:02:03Z,98.1,Charge 5
2023-12-16T10:03:03Z,98.3,Charge 5
2023-12-16T10:05:03Z,97.7,Charge 5
2023-12-16T10:06:03Z,96.7,Charge 5
2023-12-16T10:07:03Z,95.9,Charge 5
2023-12-16T10:08:03Z,95.9,Charge 5
2023-12-16T10:09:03Z,95.2,Charge 5
2023-12-16T10:10:03Z,94.0,Charge 5
2023-12-16T10:11:03Z,93.2,Charge 5
2023-12-16T10:12:03Z,92.7,Charge 5
2023-12-16T10:13:03Z,92.5,Charge 5
2023-12-16T10:14:03Z,92.5,Charge 5
2023-12-16T10:15:03Z,94.1,Charge 5
2023-12-16T10:16:03Z,95.0,Charge 5
2023-12-16T10:17:03Z,95.7,Charge 5
2023-12-16T10:18:03Z,96.5,Charge 5
2023-12-16T10:19:03Z,96.9,Charge 5
2023-12-16T10:22:03Z,97.1,Charge 5
2023-12-16T10:23:03Z,96.8,Charge 5
2023-12-16T10:24:03Z,96.8,Charge 5
2023-12-16T10:25:03Z,96.3,Charge 5
2023-12-16T10:26:03Z,96.4,Charge 5
2023-12-16T10:27:03Z,96.3,Charge 5
2023-12-16T10:29:03Z,97.0,Charge 5
2023-12-16T10:30:03Z,97.1,Charge 5
2023-12-16T10:33:03Z,97.1,Charge 5
2023-12-16T10:34:03Z,97.4,Charge 5
2023-12-16T10:35:03Z,97.7,Charge 5
2023-12-16T10:36:03Z,97.8,Charge 5
2023-12-16T10:37:03Z,97.8,Charge 5
2023-12-16T10:38:03Z,98.0,Charge 5
2023-12-16T10:39:03Z,97.8,Charge 5
2023-12-16T10:40:03Z,97.9,Charge 5
2023-12-16T10:41:03Z,98.0,Charge 5
2023-12-16T10:42:03Z,97.9,Charge 5
2023-12-16T10:43:03Z,98.0,Charge 5
2023-12-16T10:44:03Z,97.8,Charge 5
2023-12-16T10:45:03Z,97.7,Charge 5
2023-12-16T10:48:03Z,97.3,Charge 5
2023-12-16T10:49:03Z,96.3,Charge 5
2023-12-16T10:50:03Z,96.1,Charge 5
2023-12-16T10:51:03Z,95.4,Charge 5
2023-12-16T10:52:03Z,94.9,Charge 5
2023-12-16T10:53:03Z,94.7,Charge 5
2023-12-16T10:54:03Z,94.6,Charge 5
2023-12-16T10:55:03Z,94.4,Charge 5
2023-12-16T10:56:03Z,94.5,Charge 5
2023-12-16T10:57:03Z,94.5,Charge 5
2023-12-16T10:58:03Z,94.4,Charge 5
2023-12-16T10:59:03Z,95.3,Charge 5
2023-12-16T11:00:03Z,95.2,Charge 5
2023-12-16T11:01:03Z,95.3,Charge 5
2023-12-16T11:02:03Z,95.5,Charge 5
2023-12-16T11:03:03Z,95.6,Charge 5
2023-12-16T11:04:03Z,95.7,Charge 5
2023-12-16T11:08:03Z,96.1,Charge 5
2023-12-16T11:09:03Z,96.5,Charge 5
2023-12-16T11:10:03Z,97.0,Charge 5
2023-12-16T11:11:03Z,97.4,Charge 5
2023-12-16T11:12:03Z,97.6,Charge 5
2023-12-16T11:13:03Z,97.4,Charge 5
2023-12-16T11:15:03Z,97.0,Charge 5
2023-12-16T11:16:03Z,97.4,Charge 5
2023-12-16T11:17:03Z,97.6,Charge 5
2023-12-16T11:18:03Z,97.6,Charge 5
2023-12-16T11:19:03Z,97.8,Charge 5
2023-12-16T11:21:03Z,98.1,Charge 5
2023-12-16T11:22:03Z,98.2,Charge 5
2023-12-16T11:23:03Z,97.9,Charge 5
2023-12-16T11:24:03Z,97.6,Charge 5
2023-12-16T11:25:03Z,97.5,Charge 5
2023-12-16T11:26:03Z,97.3,Charge 5
2023-12-16T11:27:03Z,97.4,Charge 5
2023-12-16T11:28:03Z,97.3,Charge 5
2023-12-16T11:29:03Z,97.7,Charge 5
2023-12-16T11:30:03Z,97.8,Charge 5
2023-12-16T11:31:03Z,97.7,Charge 5
2023-12-16T11:32:03Z,97.9,Charge 5
2023-12-16T11:33:03Z,97.9,Charge 5
2023-12-16T11:34:03Z,97.9,Charge 5
2023-12-16T11:35:03Z,97.9,Charge 5
2023-12-16T11:36:03Z,97.9,Charge 5
2023-12-16T11:38:03Z,97.4,Charge 5
2023-12-16T11:39:03Z,95.5,Charge 5
2023-12-16T11:40:03Z,93.8,Charge 5
2023-12-16T11:41:03Z,93.3,Charge 5
2023-12-16T11:42:03Z,92.6,Charge 5
2023-12-16T11:43:03Z,92.0,Charge 5
2023-12-16T11:44:03Z,91.8,Charge 5
2023-12-16T11:45:03Z,91.4,Charge 5
2023-12-16T11:46:03Z,91.0,Charge 5
2023-12-16T11:47:03Z,90.8,Charge 5
2023-12-16T11:48:03Z,90.7,Charge 5
2023-12-16T11:49:03Z,91.2,Charge 5
2023-12-16T11:50:03Z,92.2,Charge 5
2023-12-16T11:51:03Z,92.6,Charge 5
2023-12-16T11:52:03Z,92.3,Charge 5
2023-12-16T11:53:03Z,91.6,Charge 5
2023-12-16T11:54:03Z,91.1,Charge 5
2023-12-16T11:55:03Z,91.3,Charge 5
2023-12-16T11:56:03Z,91.5,Charge 5
2023-12-16T11:57:03Z,91.1,Charge 5
2023-12-16T11:58:03Z,90.8,Charge 5
2023-12-16T11:59:03Z,90.6,Charge 5
2023-12-16T12:00:03Z,90.6,Charge 5
2023-12-16T12:01:03Z,91.3,Charge 5
2023-12-16T12:02:03Z,91.2,Charge 5
2023-12-16T12:03:03Z,91.0,Charge 5
2023-12-16T12:04:03Z,90.5,Charge 5
2023-12-16T12:05:03Z,90.0,Charge 5
2023-12-16T12:06:03Z,90.2,Charge 5
2023-12-16T12:07:03Z,90.1,Charge 5
2023-12-16T12:08:03Z,90.5,Charge 5
2023-12-16T12:09:03Z,90.9,Charge 5
2023-12-16T12:10:03Z,91.3,Charge 5
2023-12-16T12:11:03Z,91.0,Charge 5
2023-12-16T12:12:03Z,90.8,Charge 5
2023-12-16T12:13:03Z,90.7,Charge 5
2023-12-16T12:14:03Z,90.6,Charge 5
2023-12-16T12:15:03Z,90.6,Charge 5
2023-12-16T12:16:03Z,91.2,Charge 5
2023-12-16T12:17:03Z,92.0,Charge 5
2023-12-16T12:18:03Z,92.2,Charge 5
2023-12-16T12:19:03Z,91.7,Charge 5
2023-12-16T12:20:03Z,91.7,Charge 5
2023-12-16T12:21:03Z,91.4,Charge 5
2023-12-16T12:22:03Z,91.0,Charge 5
2023-12-16T12:24:03Z,92.3,Charge 5
2023-12-16T12:25:03Z,93.8,Charge 5
2023-12-16T12:27:03Z,95.3,Charge 5
2023-12-16T12:28:03Z,96.5,Charge 5
2023-12-16T12:29:03Z,97.3,Charge 5
2023-12-16T12:30:03Z,98.0,Charge 5
2023-12-16T12:31:03Z,98.3,Charge 5
2023-12-16T12:32:03Z,98.5,Charge 5
2023-12-16T12:33:03Z,98.8,Charge 5
2023-12-16T12:34:03Z,98.9,Charge 5
2023-12-16T12:35:03Z,99.3,Charge 5
2023-12-16T12:36:03Z,99.7,Charge 5
2023-12-16T12:37:03Z,100.0,Charge 5
2023-12-16T12:38:03Z,99.9,Charge 5
2023-12-16T12:40:03Z,99.8,Charge 5
2023-12-16T12:41:03Z,99.7,Charge 5
2023-12-16T12:42:03Z,99.4,Charge 5
2023-12-16T12:43:03Z,99.1,Charge 5
2023-12-16T12:44:03Z,98.8,Charge 5
2023-12-16T12:45:03Z,98.4,Charge 5
2023-12-16T12:46:03Z,98.6,Charge 5
2023-12-16T12:47:03Z,98.5,Charge 5
2023-12-16T12:48:03Z,98.5,Charge 5
2023-12-16T12:49:03Z,98.5,Charge 5
2023-12-16T12:50:03Z,98.5,Charge 5
2023-12-16T12:51:03Z,98.4,Charge 5
2023-12-16T12:52:03Z,98.4,Charge 5
2023-12-16T12:53:03Z,98.5,Charge 5
2023-12-16T12:54:03Z,98.6,Charge 5
2023-12-16T12:55:03Z,98.5,Charge 5
2023-12-16T12:56:03Z,98.5,Charge 5
2023-12-16T12:57:03Z,98.7,Charge 5
2023-12-16T12:58:03Z,98.6,Charge 5
2023-12-16T12:59:03Z,98.5,Charge 5
2023-12-16T13:00:03Z,98.3,Charge 5
2023-12-16T13:01:03Z,98.1,Charge 5
2023-12-16T13:02:03Z,98.2,Charge 5
2023-12-16T13:03:03Z,98.2,Charge 5
2023-12-16T13:04:03Z,98.1,Charge 5
2023-12-16T13:05:03Z,98.2,Charge 5
2023-12-16T13:07:03Z,98.4,Charge 5
2023-12-16T13:08:03Z,98.1,Charge 5
2023-12-16T13:09:03Z,98.3,Charge 5
2023-12-16T13:10:03Z,98.2,Charge 5
2023-12-16T13:11:03Z,98.4,Charge 5
2023-12-16T13:12:03Z,98.0,Charge 5
2023-12-16T13:13:03Z,97.9,Charge 5
2023-12-16T13:14:03Z,98.4,Charge 5
2023-12-16T13:15:03Z,98.4,Charge 5
2023-12-16T13:16:03Z,98.6,Charge 5
2023-12-16T13:17:03Z,98.9,Charge 5
2023-12-16T13:18:03Z,99.2,Charge 5
2023-12-16T13:19:03Z,99.2,Charge 5
2023-12-16T13:20:03Z,99.4,Charge 5
2023-12-16T13:21:03Z,99.5,Charge 5
2023-12-16T13:22:03Z,99.5,Charge 5
2023-12-16T13:23:03Z,99.2,Charge 5
2023-12-16T13:24:03Z,99.2,Charge 5
2023-12-16T13:25:03Z,99.1,Charge 5
2023-12-16T13:26:03Z,99.2,Charge 5
2023-12-16T13:27:03Z,99.5,Charge 5
2023-12-16T13:28:03Z,99.7,Charge 5
2023-12-16T13:29:03Z,98.9,Charge 5
2023-12-16T13:30:03Z,98.2,Charge 5
2023-12-16T13:31:03Z,97.8,Charge 5
2023-12-16T13:33:03Z,97.4,Charge 5
2023-12-16T13:34:03Z,97.7,Charge 5
2023-12-16T13:35:03Z,97.8,Charge 5
2023-12-16T13:36:03Z,98.4,Charge 5
2023-12-16T13:37:03Z,98.5,Charge 5
2023-12-16T13:38:03Z,99.1,Charge 5
2023-12-16T13:39:03Z,99.4,Charge 5
2023-12-16T13:40:03Z,99.7,Charge 5
2023-12-16T13:41:03Z,100.0,Charge 5
2023-12-16T13:42:03Z,100.0,Charge 5
2023-12-16T13:43:03Z,99.9,Charge 5
2023-12-16T13:44:03Z,100.0,Charge 5
2023-12-16T13:45:03Z,100.0,Charge 5
2023-12-16T13:46:03Z,100.0,Charge 5
2023-12-16T13:47:03Z,100.0,Charge 5
2023-12-16T13:48:03Z,100.0,Charge 5
2023-12-16T13:49:03Z,98.5,Charge 5
2023-12-16T13:50:03Z,97.0,Charge 5
2023-12-16T13:51:03Z,95.6,Charge 5
2023-12-16T13:52:03Z,94.5,Charge 5
2023-12-16T13:53:03Z,94.0,Charge 5
2023-12-16T13:54:03Z,93.6,Charge 5
2023-12-16T14:09:03Z,98.8,Charge 5
2023-12-16T14:11:03Z,99.4,Charge 5
2023-12-16T14:12:03Z,99.5,Charge 5
2023-12-16T14:13:03Z,99.5,Charge 5
2023-12-16T14:14:03Z,98.4,Charge 5
2023-12-16T14:15:03Z,97.1,Charge 5
2023-12-16T14:16:03Z,98.0,Charge 5
2023-12-16T14:17:03Z,98.8,Charge 5
2023-12-16T14:18:03Z,98.0,Charge 5
2023-12-16T14:19:03Z,96.7,Charge 5
2023-12-16T14:20:03Z,95.4,Charge 5
2023-12-17T04:50:03Z,91.3,Charge 5
2023-12-17T04:51:03Z,94.7,Charge 5
2023-12-17T04:52:03Z,94.5,Charge 5
2023-12-17T06:26:33Z,92.7,Charge 5
2023-12-17T06:27:33Z,93.1,Charge 5
2023-12-17T06:28:33Z,92.5,Charge 5
2023-12-17T06:29:33Z,91.9,Charge 5
2023-12-17T06:30:33Z,91.1,Charge 5
2023-12-17T06:31:33Z,90.7,Charge 5
2023-12-17T06:32:33Z,90.3,Charge 5
2023-12-17T06:33:33Z,89.8,Charge 5
2023-12-17T06:34:33Z,89.9,Charge 5
2023-12-17T06:35:33Z,89.9,Charge 5
2023-12-17T06:36:33Z,89.9,Charge 5
2023-12-17T06:37:33Z,89.9,Charge 5
2023-12-17T06:38:33Z,90.0,Charge 5
2023-12-17T06:39:33Z,90.0,Charge 5
2023-12-17T06:40:33Z,90.1,Charge 5
2023-12-17T06:41:33Z,89.9,Charge 5
2023-12-17T06:42:33Z,89.8,Charge 5
2023-12-17T06:43:33Z,89.8,Charge 5
2023-12-17T06:44:33Z,89.7,Charge 5
2023-12-17T06:45:33Z,89.7,Charge 5
2023-12-17T06:46:33Z,89.6,Charge 5
2023-12-17T06:47:33Z,89.6,Charge 5
2023-12-17T06:48:33Z,89.5,Charge 5
2023-12-17T06:49:33Z,89.5,Charge 5
2023-12-17T06:50:33Z,89.5,Charge 5
2023-12-17T06:51:33Z,89.4,Charge 5
2023-12-17T06:52:33Z,89.4,Charge 5
2023-12-17T06:53:33Z,89.5,Charge 5
2023-12-17T06:54:33Z,89.4,Charge 5
2023-12-17T06:55:33Z,89.5,Charge 5
2023-12-17T06:56:33Z,89.5,Charge 5
2023-12-17T06:57:33Z,89.5,Charge 5
2023-12-17T06:58:33Z,89.5,Charge 5
2023-12-17T06:59:33Z,89.6,Charge 5
2023-12-17T07:00:33Z,89.5,Charge 5
2023-12-17T07:01:33Z,89.5,Charge 5
2023-12-17T07:02:33Z,89.5,Charge 5
2023-12-17T07:03:33Z,89.6,Charge 5
2023-12-17T07:04:33Z,89.7,Charge 5
2023-12-17T07:05:33Z,90.0,Charge 5
2023-12-17T07:06:33Z,89.6,Charge 5
2023-12-17T07:07:33Z,89.7,Charge 5
2023-12-17T07:08:33Z,89.9,Charge 5
2023-12-17T07:09:33Z,89.9,Charge 5
2023-12-17T07:10:33Z,90.0,Charge 5
2023-12-17T07:11:33Z,89.9,Charge 5
2023-12-17T07:42:33Z,95.3,Charge 5
2023-12-17T07:43:33Z,97.6,Charge 5
2023-12-17T07:44:33Z,98.7,Charge 5
2023-12-17T07:45:33Z,98.8,Charge 5
2023-12-17T07:46:33Z,99.4,Charge 5
2023-12-17T07:47:33Z,99.4,Charge 5
2023-12-17T07:48:33Z,98.4,Charge 5
2023-12-17T07:49:33Z,96.9,Charge 5
2023-12-17T09:42:33Z,92.8,Charge 5
2023-12-17T09:43:33Z,93.3,Charge 5
2023-12-17T09:44:33Z,93.8,Charge 5
2023-12-17T09:45:33Z,93.8,Charge 5
2023-12-17T09:46:33Z,93.7,Charge 5
2023-12-17T09:47:33Z,93.4,Charge 5
2023-12-17T09:48:33Z,93.8,Charge 5
2023-12-17T09:49:33Z,94.2,Charge 5
2023-12-17T09:50:33Z,94.5,Charge 5
2023-12-17T09:51:33Z,94.7,Charge 5
2023-12-17T09:52:33Z,94.8,Charge 5
2023-12-17T09:53:33Z,94.7,Charge 5
2023-12-17T09:54:33Z,94.5,Charge 5
2023-12-17T09:55:33Z,94.4,Charge 5
2023-12-17T09:56:33Z,94.6,Charge 5
2023-12-17T09:57:33Z,94.7,Charge 5
2023-12-17T09:58:33Z,94.6,Charge 5
2023-12-17T09:59:33Z,94.6,Charge 5
2023-12-17T10:32:33Z,99.1,Charge 5
2023-12-17T10:33:33Z,99.1,Charge 5
2023-12-17T10:34:33Z,99.3,Charge 5
2023-12-17T10:35:33Z,99.5,Charge 5
2023-12-17T10:36:33Z,99.5,Charge 5
2023-12-17T10:37:33Z,99.6,Charge 5
2023-12-17T11:36:33Z,91.6,Charge 5
2023-12-17T11:37:33Z,92.5,Charge 5
2023-12-17T11:38:33Z,93.3,Charge 5
2023-12-17T11:39:33Z,93.4,Charge 5
2023-12-17T11:40:33Z,93.8,Charge 5
2023-12-17T11:41:33Z,94.0,Charge 5
2023-12-17T11:42:33Z,94.1,Charge 5
2023-12-17T11:43:33Z,94.2,Charge 5
2023-12-17T11:44:33Z,94.2,Charge 5
2023-12-17T11:45:33Z,94.7,Charge 5
2023-12-18T09:40:03Z,93.6,Charge 5
2023-12-18T09:41:03Z,94.4,Charge 5
2023-12-18T09:42:03Z,94.0,Charge 5
2023-12-18T09:43:03Z,93.0,Charge 5
2023-12-18T09:44:03Z,93.6,Charge 5
2023-12-19T06:03:33Z,98.3,Charge 5
2023-12-19T06:04:33Z,98.0,Charge 5
2023-12-19T06:05:33Z,97.9,Charge 5
2023-12-19T06:06:33Z,97.6,Charge 5
2023-12-19T06:07:33Z,97.8,Charge 5
2023-12-19T06:08:33Z,96.6,Charge 5
2023-12-19T06:09:33Z,96.2,Charge 5
2023-12-19T06:10:33Z,96.7,Charge 5
2023-12-19T06:11:33Z,97.0,Charge 5
2023-12-19T06:12:33Z,96.5,Charge 5
2023-12-19T06:41:33Z,95.2,Charge 5
2023-12-19T06:42:33Z,95.6,Charge 5
2023-12-19T06:43:33Z,95.9,Charge 5
2023-12-19T06:44:33Z,96.0,Charge 5
2023-12-19T06:45:33Z,96.0,Charge 5
2023-12-19T06:46:33Z,96.0,Charge 5
2023-12-19T06:47:33Z,95.9,Charge 5
2023-12-19T06:48:33Z,95.4,Charge 5
2023-12-19T06:49:33Z,95.4,Charge 5
2023-12-19T06:50:33Z,95.6,Charge 5
2023-12-19T06:52:33Z,96.5,Charge 5
2023-12-19T06:53:33Z,97.5,Charge 5
2023-12-19T06:54:33Z,98.1,Charge 5
2023-12-19T06:55:33Z,98.7,Charge 5
2023-12-19T06:56:33Z,99.3,Charge 5
2023-12-19T06:58:33Z,98.9,Charge 5
2023-12-19T07:58:33Z,94.6,Charge 5
2023-12-19T07:59:33Z,94.9,Charge 5
2023-12-19T08:00:33Z,95.0,Charge 5
2023-12-19T08:01:33Z,95.0,Charge 5
2023-12-19T08:02:33Z,94.7,Charge 5
2023-12-19T08:03:33Z,95.1,Charge 5
2023-12-19T08:04:33Z,94.9,Charge 5
2023-12-19T08:05:33Z,94.5,Charge 5
2023-12-19T08:06:33Z,95.1,Charge 5
2023-12-19T08:07:33Z,95.1,Charge 5
2023-12-19T08:08:33Z,94.9,Charge 5
2023-12-19T08:09:33Z,94.8,Charge 5
2023-12-19T08:10:33Z,95.0,Charge 5
2023-12-19T08:11:33Z,95.2,Charge 5
2023-12-19T08:12:33Z,95.1,Charge 5
2023-12-19T08:13:33Z,95.8,Charge 5
2023-12-19T08:14:33Z,97.5,Charge 5
2023-12-19T08:15:33Z,98.4,Charge 5
2023-12-19T08:16:33Z,98.9,Charge 5
2023-12-19T08:17:33Z,99.3,Charge 5
2023-12-19T08:18:33Z,99.4,Charge 5
2023-12-19T08:19:33Z,98.0,Charge 5
2023-12-19T08:20:33Z,93.4,Charge 5
2023-12-19T08:21:33Z,96.4,Charge 5
2023-12-19T08:22:33Z,98.5,Charge 5
2023-12-19T08:23:33Z,98.9,Charge 5
2023-12-19T08:24:33Z,97.3,Charge 5
2023-12-19T09:42:33Z,93.8,Charge 5
2023-12-19T09:43:33Z,93.7,Charge 5
2023-12-19T09:44:33Z,93.7,Charge 5
2023-12-19T09:45:33Z,94.4,Charge 5
2023-12-19T09:46:33Z,94.3,Charge 5
2023-12-19T09:47:33Z,94.3,Charge 5
2023-12-19T09:48:33Z,93.9,Charge 5
2023-12-19T09:49:33Z,94.4,Charge 5
2023-12-19T09:50:33Z,94.5,Charge 5
2023-12-19T09:51:33Z,94.2,Charge 5
2023-12-19T09:53:33Z,92.6,Charge 5
2023-12-19T10:27:33Z,94.4,Charge 5
2023-12-19T10:29:33Z,94.8,Charge 5
2023-12-19T10:30:33Z,93.3,Charge 5
2023-12-19T10:31:33Z,91.9,Charge 5
2023-12-19T10:32:33Z,91.4,Charge 5
2023-12-19T10:33:33Z,91.8,Charge 5
2023-12-19T10:34:33Z,92.7,Charge 5
2023-12-19T10:36:33Z,91.5,Charge 5
2023-12-19T10:37:33Z,92.7,Charge 5
2023-12-19T10:38:33Z,92.7,Charge 5
2023-12-19T10:39:33Z,93.3,Charge 5
2023-12-19T10:40:33Z,93.3,Charge 5
2023-12-19T10:41:33Z,93.6,Charge 5
2023-12-19T10:42:33Z,93.5,Charge 5
2023-12-19T10:43:33Z,93.1,Charge 5
2023-12-19T10:44:33Z,93.8,Charge 5
2023-12-19T10:45:33Z,93.7,Charge 5
2023-12-19T10:47:33Z,93.9,Charge 5
2023-12-19T10:48:33Z,92.0,Charge 5
2023-12-19T10:49:33Z,90.4,Charge 5
2023-12-19T10:50:33Z,90.2,Charge 5
2023-12-19T10:51:33Z,90.5,Charge 5
2023-12-19T10:52:33Z,90.6,Charge 5
2023-12-19T10:53:33Z,91.3,Charge 5
2023-12-19T10:54:33Z,93.6,Charge 5
2023-12-19T10:55:33Z,93.2,Charge 5
2023-12-19T10:56:33Z,93.9,Charge 5
2023-12-19T10:57:33Z,93.9,Charge 5
2023-12-19T10:58:33Z,93.3,Charge 5
2023-12-19T10:59:33Z,91.7,Charge 5
2023-12-19T11:00:33Z,91.6,Charge 5
2023-12-19T11:01:33Z,91.4,Charge 5
2023-12-19T11:02:33Z,92.2,Charge 5
2023-12-19T11:03:33Z,91.5,Charge 5
2023-12-19T11:04:33Z,91.6,Charge 5
2023-12-19T11:06:33Z,91.4,Charge 5
2023-12-19T11:07:33Z,90.9,Charge 5
2023-12-19T11:08:33Z,91.3,Charge 5
2023-12-19T11:09:33Z,92.9,Charge 5
2023-12-19T11:10:33Z,91.8,Charge 5
2023-12-19T11:11:33Z,91.6,Charge 5
2023-12-19T11:12:33Z,91.5,Charge 5
2023-12-21T04:08:33Z,94.8,Charge 5
2023-12-21T04:09:33Z,95.2,Charge 5
2023-12-21T04:10:33Z,95.5,Charge 5
2023-12-21T04:12:33Z,96.0,Charge 5
2023-12-21T04:13:33Z,96.3,Charge 5
2023-12-21T04:14:33Z,96.4,Charge 5
2023-12-21T04:20:33Z,95.7,Charge 5
2023-12-21T04:22:33Z,95.6,Charge 5
2023-12-21T04:24:33Z,96.0,Charge 5
2023-12-21T04:25:33Z,95.6,Charge 5
2023-12-21T05:55:03Z,97.0,Charge 5
2023-12-21T05:56:03Z,96.9,Charge 5
2023-12-21T05:57:03Z,97.0,Charge 5
2023-12-21T05:58:03Z,95.8,Charge 5
2023-12-21T05:59:03Z,95.1,Charge 5
2023-12-21T06:00:03Z,94.7,Charge 5
2023-12-21T06:01:03Z,93.9,Charge 5
2023-12-21T06:02:03Z,94.5,Charge 5
2023-12-21T06:03:03Z,94.8,Charge 5
2023-12-21T06:05:03Z,95.6,Charge 5
2023-12-21T06:06:03Z,96.0,Charge 5
2023-12-21T06:07:03Z,96.3,Charge 5
2023-12-21T06:08:03Z,96.4,Charge 5
2023-12-21T06:09:03Z,96.4,Charge 5
2023-12-21T06:10:03Z,96.4,Charge 5
2023-12-21T06:11:03Z,96.4,Charge 5
2023-12-21T06:12:03Z,96.5,Charge 5
2023-12-21T06:13:03Z,96.6,Charge 5
2023-12-21T06:14:03Z,96.6,Charge 5
2023-12-21T06:15:03Z,96.6,Charge 5
2023-12-21T06:16:03Z,96.6,Charge 5
2023-12-21T06:17:03Z,96.6,Charge 5
2023-12-21T06:18:03Z,96.6,Charge 5
2023-12-21T06:19:03Z,96.7,Charge 5
2023-12-21T06:20:03Z,96.8,Charge 5
2023-12-21T06:21:03Z,96.9,Charge 5
2023-12-21T06:22:03Z,96.8,Charge 5
2023-12-21T06:23:03Z,96.9,Charge 5
2023-12-21T06:24:03Z,96.9,Charge 5
2023-12-21T06:25:03Z,96.9,Charge 5
2023-12-21T06:26:03Z,96.9,Charge 5
2023-12-21T06:27:03Z,96.9,Charge 5
2023-12-21T06:28:03Z,96.8,Charge 5
2023-12-21T06:29:03Z,96.8,Charge 5
2023-12-21T06:30:03Z,96.8,Charge 5
2023-12-21T06:31:03Z,96.8,Charge 5
2023-12-21T06:32:03Z,96.8,Charge 5
2023-12-21T06:33:03Z,96.8,Charge 5
2023-12-21T06:34:03Z,96.8,Charge 5
2023-12-21T06:35:03Z,96.8,Charge 5
2023-12-21T06:36:03Z,96.8,Charge 5
2023-12-21T06:37:03Z,96.8,Charge 5
2023-12-21T06:38:03Z,96.8,Charge 5
2023-12-21T06:39:03Z,96.8,Charge 5
2023-12-21T06:40:03Z,96.6,Charge 5
2023-12-21T06:41:03Z,96.1,Charge 5
2023-12-21T06:42:03Z,95.2,Charge 5
2023-12-21T06:43:03Z,94.5,Charge 5
2023-12-21T06:45:03Z,94.2,Charge 5
2023-12-21T06:46:03Z,93.7,Charge 5
2023-12-21T06:48:03Z,93.4,Charge 5
2023-12-21T06:49:03Z,93.2,Charge 5
2023-12-21T06:50:03Z,93.0,Charge 5
2023-12-21T06:51:03Z,92.9,Charge 5
2023-12-21T06:52:03Z,92.6,Charge 5
2023-12-21T06:53:03Z,92.7,Charge 5
2023-12-21T06:54:03Z,92.7,Charge 5
2023-12-21T06:55:03Z,93.2,Charge 5
2023-12-21T06:56:03Z,93.2,Charge 5
2023-12-21T06:57:03Z,93.9,Charge 5
2023-12-21T06:58:03Z,94.2,Charge 5
2023-12-21T06:59:03Z,95.0,Charge 5
2023-12-21T07:00:03Z,95.3,Charge 5
2023-12-21T07:01:03Z,95.8,Charge 5
2023-12-21T07:02:03Z,95.9,Charge 5
2023-12-21T07:03:03Z,96.3,Charge 5
2023-12-21T07:04:03Z,96.6,Charge 5
2023-12-21T07:05:03Z,96.9,Charge 5
2023-12-21T07:06:03Z,96.9,Charge 5
2023-12-21T07:07:03Z,97.1,Charge 5
2023-12-21T07:08:03Z,97.3,Charge 5
2023-12-21T07:09:03Z,97.8,Charge 5
2023-12-21T07:10:03Z,98.0,Charge 5
2023-12-21T07:12:03Z,97.7,Charge 5
2023-12-21T07:13:03Z,97.5,Charge 5
2023-12-21T07:14:03Z,97.9,Charge 5
2023-12-21T07:15:03Z,98.0,Charge 5
2023-12-21T07:16:03Z,97.8,Charge 5
2023-12-21T07:17:03Z,98.0,Charge 5
2023-12-21T07:18:03Z,98.2,Charge 5
2023-12-21T07:19:03Z,98.2,Charge 5
2023-12-21T07:20:03Z,98.3,Charge 5
2023-12-21T07:22:03Z,98.1,Charge 5
2023-12-21T07:23:03Z,97.9,Charge 5
2023-12-21T07:24:03Z,97.7,Charge 5
2023-12-21T07:25:03Z,97.7,Charge 5
2023-12-21T07:26:03Z,97.3,Charge 5
2023-12-21T07:27:03Z,97.0,Charge 5
2023-12-21T07:28:03Z,97.0,Charge 5
2023-12-21T07:29:03Z,97.3,Charge 5
2023-12-21T07:30:03Z,97.5,Charge 5
2023-12-21T07:31:03Z,97.5,Charge 5
2023-12-21T07:32:03Z,98.0,Charge 5
2023-12-21T07:33:03Z,98.4,Charge 5
2023-12-21T07:34:03Z,98.2,Charge 5
2023-12-21T07:35:03Z,98.3,Charge 5
2023-12-21T07:36:03Z,98.0,Charge 5
2023-12-21T07:37:03Z,97.8,Charge 5
2023-12-21T07:38:03Z,97.6,Charge 5
2023-12-21T07:39:03Z,97.8,Charge 5
2023-12-21T07:40:03Z,98.0,Charge 5
2023-12-21T07:41:03Z,97.8,Charge 5
2023-12-21T07:42:03Z,97.6,Charge 5
2023-12-21T07:43:03Z,97.9,Charge 5
2023-12-21T07:44:03Z,97.7,Charge 5
2023-12-21T07:45:03Z,97.9,Charge 5
2023-12-21T07:46:03Z,98.2,Charge 5
2023-12-21T07:47:03Z,98.5,Charge 5
2023-12-21T07:48:03Z,98.8,Charge 5
2023-12-21T07:49:03Z,98.8,Charge 5
2023-12-21T07:50:03Z,98.9,Charge 5
2023-12-21T07:51:03Z,99.1,Charge 5
2023-12-21T07:52:03Z,99.1,Charge 5
2023-12-21T07:53:03Z,99.2,Charge 5
2023-12-21T07:54:03Z,99.1,Charge 5
2023-12-21T07:55:03Z,99.1,Charge 5
2023-12-21T07:56:03Z,99.1,Charge 5
2023-12-21T07:57:03Z,99.2,Charge 5
2023-12-21T07:58:03Z,99.3,Charge 5
2023-12-21T07:59:03Z,99.1,Charge 5
2023-12-21T08:00:03Z,99.0,Charge 5
2023-12-21T08:01:03Z,98.7,Charge 5
2023-12-21T08:02:03Z,98.7,Charge 5
2023-12-21T08:03:03Z,98.5,Charge 5
2023-12-21T08:04:03Z,98.2,Charge 5
2023-12-21T08:05:03Z,98.3,Charge 5
2023-12-21T08:06:03Z,98.3,Charge 5
2023-12-21T08:07:03Z,98.8,Charge 5
2023-12-21T08:08:03Z,98.9,Charge 5
2023-12-21T08:09:03Z,98.9,Charge 5
2023-12-21T08:10:03Z,98.8,Charge 5
2023-12-21T08:11:03Z,98.4,Charge 5
2023-12-21T08:12:03Z,98.5,Charge 5
2023-12-21T08:13:03Z,98.7,Charge 5
2023-12-21T08:14:03Z,98.8,Charge 5
2023-12-21T08:15:03Z,98.8,Charge 5
2023-12-21T08:16:03Z,98.8,Charge 5
2023-12-21T08:17:03Z,98.7,Charge 5
2023-12-21T08:18:03Z,98.8,Charge 5
2023-12-21T08:19:03Z,99.0,Charge 5
2023-12-21T08:20:03Z,99.0,Charge 5
2023-12-21T08:21:03Z,98.9,Charge 5
2023-12-21T08:22:03Z,99.0,Charge 5
2023-12-21T08:23:03Z,98.9,Charge 5
2023-12-21T08:24:03Z,99.0,Charge 5
2023-12-21T08:25:03Z,99.1,Charge 5
2023-12-21T08:26:03Z,99.3,Charge 5
2023-12-21T08:27:03Z,99.5,Charge 5
2023-12-21T08:28:03Z,99.4,Charge 5
2023-12-21T08:29:03Z,99.5,Charge 5
2023-12-21T08:30:03Z,99.5,Charge 5
2023-12-21T08:31:03Z,99.5,Charge 5
2023-12-21T08:32:03Z,99.3,Charge 5
2023-12-21T08:33:03Z,99.4,Charge 5
2023-12-21T08:34:03Z,99.3,Charge 5
2023-12-21T08:35:03Z,99.3,Charge 5
2023-12-21T08:36:03Z,99.3,Charge 5
2023-12-21T08:37:03Z,99.3,Charge 5
2023-12-21T08:38:03Z,99.4,Charge 5
2023-12-21T08:39:03Z,99.6,Charge 5
2023-12-21T08:40:03Z,99.6,Charge 5
2023-12-21T08:41:03Z,99.6,Charge 5
2023-12-21T08:42:03Z,99.5,Charge 5
2023-12-21T08:43:03Z,99.4,Charge 5
2023-12-21T08:44:03Z,99.4,Charge 5
2023-12-21T08:45:03Z,99.3,Charge 5
2023-12-21T08:46:03Z,99.6,Charge 5
2023-12-21T08:47:03Z,99.6,Charge 5
2023-12-21T08:48:03Z,99.7,Charge 5
2023-12-21T08:49:03Z,99.6,Charge 5
2023-12-21T08:50:03Z,99.5,Charge 5
2023-12-21T08:51:03Z,99.6,Charge 5
2023-12-21T08:52:03Z,99.7,Charge 5
2023-12-21T08:54:03Z,99.0,Charge 5
2023-12-21T08:55:03Z,98.7,Charge 5
2023-12-21T08:56:03Z,98.7,Charge 5
2023-12-21T08:57:03Z,98.7,Charge 5
2023-12-21T08:58:03Z,98.4,Charge 5
2023-12-21T08:59:03Z,98.7,Charge 5
2023-12-21T09:01:03Z,98.4,Charge 5
2023-12-21T09:02:03Z,96.2,Charge 5
2023-12-21T09:19:03Z,93.1,Charge 5
2023-12-21T09:20:03Z,93.5,Charge 5
2023-12-21T09:21:03Z,93.7,Charge 5
2023-12-21T09:22:03Z,94.1,Charge 5
2023-12-21T09:23:03Z,94.3,Charge 5
2023-12-21T09:24:03Z,94.5,Charge 5
2023-12-21T09:25:03Z,95.9,Charge 5
2023-12-21T09:26:03Z,95.2,Charge 5
2023-12-21T09:27:03Z,94.8,Charge 5
2023-12-21T09:28:03Z,94.6,Charge 5
2023-12-21T09:36:03Z,93.5,Charge 5
2023-12-21T09:37:03Z,93.2,Charge 5
2023-12-21T09:38:03Z,93.3,Charge 5
2023-12-21T09:39:03Z,92.4,Charge 5
2023-12-21T10:20:03Z,94.2,Charge 5
2023-12-21T10:21:03Z,93.0,Charge 5
2023-12-21T10:22:03Z,93.2,Charge 5
2023-12-21T10:23:03Z,93.0,Charge 5
2023-12-21T10:24:03Z,92.6,Charge 5
2023-12-21T10:25:03Z,92.7,Charge 5
2023-12-21T10:26:03Z,92.2,Charge 5
2023-12-21T10:28:03Z,91.6,Charge 5
2023-12-21T10:29:03Z,91.9,Charge 5
2023-12-21T10:30:03Z,91.5,Charge 5
2023-12-21T10:31:03Z,91.5,Charge 5
2023-12-21T10:32:03Z,92.0,Charge 5
2023-12-21T10:33:03Z,92.1,Charge 5
2023-12-21T10:34:03Z,92.8,Charge 5
2023-12-21T10:35:03Z,91.9,Charge 5
2023-12-21T10:36:03Z,92.2,Charge 5
2023-12-21T10:37:03Z,91.4,Charge 5
2023-12-21T10:38:03Z,90.8,Charge 5
2023-12-21T10:39:03Z,90.7,Charge 5
2023-12-21T10:40:03Z,90.5,Charge 5
2023-12-21T10:41:03Z,91.2,Charge 5
2023-12-21T10:42:03Z,91.4,Charge 5
2023-12-21T10:43:03Z,91.5,Charge 5
2023-12-21T10:44:03Z,92.5,Charge 5
2023-12-21T10:45:03Z,91.9,Charge 5
2023-12-21T10:46:03Z,92.9,Charge 5
2023-12-21T10:47:03Z,94.2,Charge 5
2023-12-21T10:48:03Z,93.9,Charge 5
2023-12-21T10:49:03Z,94.6,Charge 5
2023-12-21T10:50:03Z,94.6,Charge 5
2023-12-21T10:51:03Z,95.6,Charge 5
2023-12-21T10:52:03Z,95.9,Charge 5
2023-12-21T11:01:03Z,94.1,Charge 5
2023-12-21T11:02:03Z,94.5,Charge 5
2023-12-21T11:04:03Z,96.5,Charge 5
2023-12-21T11:05:03Z,97.9,Charge 5
2023-12-21T11:06:03Z,98.0,Charge 5
2023-12-21T11:07:03Z,98.2,Charge 5
2023-12-21T11:08:03Z,98.2,Charge 5
2023-12-21T11:09:03Z,98.3,Charge 5
2023-12-21T11:10:03Z,98.3,Charge 5
2023-12-21T11:11:03Z,98.6,Charge 5
2023-12-21T11:12:03Z,98.1,Charge 5
2023-12-21T11:15:03Z,96.7,Charge 5
2023-12-21T11:16:03Z,95.9,Charge 5
2023-12-21T11:17:03Z,95.4,Charge 5
2023-12-21T11:18:03Z,95.0,Charge 5
2023-12-21T11:19:03Z,95.1,Charge 5
2023-12-21T11:20:03Z,94.8,Charge 5
2023-12-21T11:21:03Z,94.0,Charge 5
2023-12-21T11:22:03Z,94.1,Charge 5
2023-12-21T11:42:03Z,93.9,Charge 5
2023-12-21T11:43:03Z,94.9,Charge 5
2023-12-21T11:44:03Z,94.5,Charge 5
2023-12-21T11:45:03Z,94.3,Charge 5
2023-12-21T11:46:03Z,95.1,Charge 5
2023-12-21T11:47:03Z,94.9,Charge 5
2023-12-21T11:48:03Z,95.5,Charge 5
2023-12-21T11:50:03Z,95.3,Charge 5
2023-12-21T11:51:03Z,96.1,Charge 5
2023-12-21T11:52:03Z,96.0,Charge 5
2023-12-21T11:53:03Z,96.1,Charge 5
2023-12-21T11:54:03Z,95.8,Charge 5
2023-12-21T11:55:03Z,96.0,Charge 5
2023-12-21T11:56:03Z,96.2,Charge 5
2023-12-21T11:57:03Z,96.2,Charge 5
2023-12-21T11:58:03Z,96.1,Charge 5
2023-12-21T11:59:03Z,96.0,Charge 5
2023-12-21T12:00:03Z,95.6,Charge 5
2023-12-21T12:01:03Z,94.9,Charge 5
2023-12-21T12:03:03Z,95.1,Charge 5
2023-12-21T12:04:03Z,95.4,Charge 5
2023-12-21T12:05:03Z,95.7,Charge 5
2023-12-21T12:06:03Z,95.8,Charge 5
2023-12-21T12:07:03Z,96.2,Charge 5
2023-12-21T12:08:03Z,96.4,Charge 5
2023-12-21T12:09:03Z,96.4,Charge 5
2023-12-21T12:10:03Z,96.4,Charge 5
2023-12-21T12:11:03Z,96.0,Charge 5
2023-12-21T12:12:03Z,96.0,Charge 5
2023-12-21T12:13:03Z,96.2,Charge 5
2023-12-21T12:14:03Z,96.5,Charge 5
2023-12-21T12:15:03Z,96.4,Charge 5
2023-12-21T12:17:03Z,97.1,Charge 5
2023-12-21T12:18:03Z,97.7,Charge 5
2023-12-21T12:19:03Z,98.4,Charge 5
2023-12-21T12:20:03Z,98.7,Charge 5
2023-12-21T12:21:03Z,99.0,Charge 5
2023-12-21T12:23:03Z,99.1,Charge 5
2023-12-21T12:24:03Z,99.4,Charge 5
2023-12-21T12:25:03Z,99.5,Charge 5
2023-12-21T12:26:03Z,99.4,Charge 5
2023-12-21T12:27:03Z,99.7,Charge 5
2023-12-21T12:28:03Z,99.9,Charge 5
2023-12-21T12:29:03Z,100.0,Charge 5
2023-12-21T12:30:03Z,100.0,Charge 5
2023-12-21T12:33:03Z,98.7,Charge 5
2023-12-21T12:34:03Z,96.2,Charge 5
2023-12-21T12:35:03Z,93.3,Charge 5
2023-12-21T12:36:03Z,90.7,Charge 5
2023-12-21T12:37:03Z,90.6,Charge 5
2023-12-21T12:38:03Z,90.8,Charge 5
2023-12-21T12:39:03Z,90.6,Charge 5
2023-12-21T12:40:03Z,90.3,Charge 5
2023-12-21T12:41:03Z,91.2,Charge 5
2023-12-21T12:42:03Z,92.9,Charge 5
2023-12-21T12:43:03Z,93.8,Charge 5
2023-12-21T12:44:03Z,93.4,Charge 5
2023-12-21T13:02:03Z,96.1,Charge 5
2023-12-21T13:03:03Z,96.8,Charge 5
2023-12-21T13:04:03Z,97.0,Charge 5
2023-12-21T13:05:03Z,97.4,Charge 5
2023-12-21T13:11:03Z,97.3,Charge 5
2023-12-21T13:14:03Z,97.5,Charge 5
2023-12-22T04:53:03Z,91.3,Charge 5
2023-12-22T04:54:03Z,93.1,Charge 5
2023-12-22T04:55:03Z,94.4,Charge 5
2023-12-22T04:56:03Z,95.9,Charge 5
2023-12-22T04:57:03Z,97.0,Charge 5
2023-12-22T04:58:03Z,97.4,Charge 5
2023-12-22T04:59:03Z,97.9,Charge 5
2023-12-22T05:00:03Z,98.4,Charge 5
2023-12-22T05:01:03Z,98.7,Charge 5
2023-12-22T05:02:03Z,98.6,Charge 5
2023-12-22T05:03:03Z,99.1,Charge 5
2023-12-22T05:04:03Z,98.8,Charge 5
2023-12-22T05:05:03Z,98.6,Charge 5
2023-12-22T05:06:03Z,98.1,Charge 5
2023-12-22T05:07:03Z,97.7,Charge 5
2023-12-22T05:08:03Z,97.3,Charge 5
2023-12-22T05:09:03Z,97.8,Charge 5
2023-12-22T05:10:03Z,98.1,Charge 5
2023-12-22T05:11:03Z,98.3,Charge 5
2023-12-22T05:12:03Z,98.0,Charge 5
2023-12-22T05:13:03Z,97.8,Charge 5
2023-12-22T05:14:03Z,98.0,Charge 5
2023-12-22T05:15:03Z,98.5,Charge 5
2023-12-22T05:16:03Z,98.5,Charge 5
2023-12-22T05:17:03Z,98.6,Charge 5
2023-12-22T05:18:03Z,98.4,Charge 5
2023-12-22T05:19:03Z,98.5,Charge 5
2023-12-22T05:20:03Z,98.8,Charge 5
2023-12-22T05:21:03Z,99.4,Charge 5
2023-12-22T05:22:03Z,99.6,Charge 5
2023-12-22T05:23:03Z,98.9,Charge 5
2023-12-22T05:24:03Z,97.6,Charge 5
2023-12-22T05:25:03Z,98.4,Charge 5
2023-12-22T05:26:03Z,98.8,Charge 5
2023-12-22T05:27:03Z,99.3,Charge 5
2023-12-22T05:28:03Z,99.3,Charge 5
2023-12-22T05:29:03Z,98.3,Charge 5
2023-12-22T05:31:03Z,97.7,Charge 5
2023-12-22T05:33:03Z,96.7,Charge 5
2023-12-22T05:34:03Z,94.4,Charge 5
2023-12-22T05:35:03Z,92.7,Charge 5
2023-12-22T05:43:03Z,89.6,Charge 5
2023-12-22T05:44:03Z,89.9,Charge 5
2023-12-22T05:45:03Z,89.9,Charge 5
2023-12-22T05:46:03Z,90.4,Charge 5
2023-12-22T06:45:03Z,91.1,Charge 5
2023-12-22T06:46:03Z,91.2,Charge 5
2023-12-22T06:47:03Z,91.1,Charge 5
2023-12-22T06:48:03Z,92.2,Charge 5
2023-12-22T06:49:03Z,92.5,Charge 5
2023-12-22T06:50:03Z,92.7,Charge 5
2023-12-22T06:51:03Z,92.7,Charge 5
2023-12-22T06:52:03Z,92.4,Charge 5
2023-12-22T06:53:03Z,92.3,Charge 5
2023-12-22T06:54:03Z,92.4,Charge 5
2023-12-22T06:55:03Z,92.5,Charge 5
2023-12-22T06:56:03Z,92.5,Charge 5
2023-12-22T06:57:03Z,92.6,Charge 5
2023-12-22T06:58:03Z,92.6,Charge 5
2023-12-22T06:59:03Z,92.5,Charge 5
2023-12-22T07:00:03Z,92.7,Charge 5
2023-12-22T07:01:03Z,93.1,Charge 5
2023-12-22T07:02:03Z,93.5,Charge 5
2023-12-22T07:03:03Z,93.5,Charge 5
2023-12-22T07:04:03Z,93.4,Charge 5
2023-12-22T07:05:03Z,93.5,Charge 5
2023-12-22T07:06:03Z,93.4,Charge 5
2023-12-22T07:07:03Z,94.0,Charge 5
2023-12-22T07:08:03Z,93.9,Charge 5
2023-12-22T07:09:03Z,94.0,Charge 5
2023-12-22T07:10:03Z,93.9,Charge 5
2023-12-22T07:11:03Z,93.7,Charge 5
2023-12-22T07:12:03Z,93.3,Charge 5
2023-12-22T07:14:03Z,93.9,Charge 5
2023-12-22T07:15:03Z,95.0,Charge 5
2023-12-22T07:16:03Z,95.9,Charge 5
2023-12-22T07:17:03Z,96.5,Charge 5
2023-12-22T10:46:03Z,95.5,Charge 5
2023-12-22T10:47:03Z,95.3,Charge 5
2023-12-22T10:48:03Z,95.1,Charge 5
2023-12-22T10:49:03Z,95.2,Charge 5
2023-12-22T10:51:03Z,96.1,Charge 5
2023-12-22T12:07:03Z,92.1,Charge 5
2023-12-22T12:08:03Z,92.1,Charge 5
2023-12-22T12:10:03Z,91.9,Charge 5
2023-12-22T12:11:03Z,91.6,Charge 5
2023-12-22T12:12:03Z,90.5,Charge 5
2023-12-23T08:18:33Z,95.4,Charge 5
2023-12-23T08:19:33Z,96.0,Charge 5
2023-12-23T08:20:33Z,96.0,Charge 5
2023-12-23T08:21:33Z,96.1,Charge 5
2023-12-23T08:22:33Z,93.4,Charge 5
2023-12-23T08:24:33Z,94.6,Charge 5
2023-12-23T08:25:33Z,95.5,Charge 5
2023-12-23T08:26:33Z,96.1,Charge 5
2023-12-23T08:27:33Z,96.7,Charge 5
2023-12-23T08:28:33Z,97.1,Charge 5
2023-12-23T08:29:33Z,97.4,Charge 5
2023-12-23T08:30:33Z,97.7,Charge 5
2023-12-23T08:31:33Z,98.0,Charge 5
2023-12-23T08:32:33Z,98.2,Charge 5
2023-12-23T08:33:33Z,98.4,Charge 5
2023-12-23T08:34:33Z,98.5,Charge 5
2023-12-23T08:35:33Z,98.6,Charge 5
2023-12-23T08:36:33Z,98.7,Charge 5
2023-12-23T08:37:33Z,98.7,Charge 5
2023-12-23T08:38:33Z,98.7,Charge 5
2023-12-23T08:39:33Z,98.9,Charge 5
2023-12-23T08:40:33Z,98.4,Charge 5
2023-12-23T08:41:33Z,98.1,Charge 5
2023-12-23T08:42:33Z,98.1,Charge 5
2023-12-23T08:43:33Z,98.0,Charge 5
2023-12-23T08:44:33Z,97.9,Charge 5
2023-12-23T08:45:33Z,98.0,Charge 5
2023-12-23T08:46:33Z,98.1,Charge 5
2023-12-23T08:47:33Z,98.1,Charge 5
2023-12-23T08:48:33Z,98.1,Charge 5
2023-12-23T08:49:33Z,98.2,Charge 5
2023-12-23T08:50:33Z,98.2,Charge 5
2023-12-23T08:51:33Z,98.2,Charge 5
2023-12-23T08:52:33Z,98.0,Charge 5
2023-12-23T08:53:33Z,98.0,Charge 5
2023-12-23T08:54:33Z,98.1,Charge 5
2023-12-23T08:56:33Z,98.8,Charge 5
2023-12-23T08:57:33Z,99.1,Charge 5
2023-12-23T08:58:33Z,99.2,Charge 5
2023-12-23T08:59:33Z,99.5,Charge 5
2023-12-23T09:00:33Z,98.0,Charge 5
2023-12-23T09:01:33Z,96.0,Charge 5
2023-12-23T13:41:33Z,95.2,Charge 5
2023-12-23T13:42:33Z,95.1,Charge 5
2023-12-23T13:43:33Z,94.4,Charge 5
2023-12-23T13:44:33Z,94.0,Charge 5
2023-12-23T13:45:33Z,94.6,Charge 5
2023-12-23T13:46:33Z,95.4,Charge 5
2023-12-24T07:12:03Z,94.2,Charge 5
2023-12-24T07:13:03Z,94.8,Charge 5
2023-12-24T07:14:03Z,95.2,Charge 5
2023-12-24T07:15:03Z,95.3,Charge 5
2023-12-24T07:16:03Z,95.3,Charge 5
2023-12-24T07:18:03Z,95.3,Charge 5
2023-12-24T07:19:03Z,95.6,Charge 5
2023-12-24T07:21:03Z,97.3,Charge 5
2023-12-24T07:22:03Z,97.4,Charge 5
2023-12-24T11:02:03Z,94.0,Charge 5
2023-12-24T11:03:03Z,95.5,Charge 5
2023-12-24T11:04:03Z,96.4,Charge 5
2023-12-24T11:05:03Z,97.2,Charge 5
2023-12-24T11:06:03Z,97.8,Charge 5
2023-12-25T05:51:33Z,96.7,Charge 5
2023-12-25T05:52:33Z,93.8,Charge 5
2023-12-25T05:53:33Z,92.2,Charge 5
2023-12-25T05:54:33Z,91.1,Charge 5
2023-12-25T05:55:33Z,89.4,Charge 5
2023-12-25T05:56:33Z,88.0,Charge 5
2023-12-25T05:57:33Z,87.6,Charge 5
2023-12-25T05:58:33Z,87.6,Charge 5
2023-12-25T05:59:33Z,87.3,Charge 5
2023-12-25T06:00:33Z,87.1,Charge 5
2023-12-25T06:01:33Z,86.6,Charge 5
2023-12-25T06:02:33Z,88.2,Charge 5
2023-12-25T06:03:33Z,89.4,Charge 5
2023-12-25T06:04:33Z,89.9,Charge 5
2023-12-25T06:05:33Z,89.2,Charge 5
2023-12-25T06:06:33Z,88.2,Charge 5
2023-12-25T06:07:33Z,88.4,Charge 5
2023-12-25T06:08:33Z,88.8,Charge 5
2023-12-25T06:09:33Z,88.8,Charge 5
2023-12-25T06:10:33Z,88.6,Charge 5
2023-12-25T06:11:33Z,88.7,Charge 5
2023-12-25T06:12:33Z,88.9,Charge 5
2023-12-25T06:13:33Z,89.3,Charge 5
2023-12-25T06:14:33Z,89.2,Charge 5
2023-12-25T06:17:33Z,91.6,Charge 5
2023-12-25T06:18:33Z,92.9,Charge 5
2023-12-25T06:19:33Z,93.4,Charge 5
2023-12-25T06:20:33Z,93.7,Charge 5
2023-12-25T06:21:33Z,93.8,Charge 5
2023-12-25T06:22:33Z,93.9,Charge 5
2023-12-25T06:23:33Z,93.8,Charge 5
2023-12-25T06:24:33Z,94.2,Charge 5
2023-12-25T06:25:33Z,94.5,Charge 5
2023-12-25T06:26:33Z,94.7,Charge 5
2023-12-25T06:27:33Z,94.7,Charge 5
2023-12-25T06:28:33Z,94.8,Charge 5
2023-12-25T06:29:33Z,94.9,Charge 5
2023-12-25T06:30:33Z,94.9,Charge 5
2023-12-25T06:31:33Z,95.1,Charge 5
2023-12-25T06:32:33Z,95.1,Charge 5
2023-12-25T06:33:33Z,95.0,Charge 5
2023-12-25T06:34:33Z,94.3,Charge 5
2023-12-25T06:35:33Z,94.6,Charge 5
2023-12-25T06:36:33Z,95.0,Charge 5
2023-12-25T06:37:33Z,95.1,Charge 5
2023-12-25T06:38:33Z,95.2,Charge 5
2023-12-25T06:39:33Z,95.4,Charge 5
2023-12-25T06:40:33Z,95.7,Charge 5
2023-12-25T06:41:33Z,95.7,Charge 5
2023-12-25T06:42:33Z,96.0,Charge 5
2023-12-25T06:43:33Z,96.1,Charge 5
2023-12-25T06:44:33Z,96.3,Charge 5
2023-12-25T06:45:33Z,96.3,Charge 5
2023-12-25T06:46:33Z,96.4,Charge 5
2023-12-25T06:47:33Z,96.3,Charge 5
2023-12-25T06:48:33Z,96.1,Charge 5
2023-12-25T06:50:33Z,96.6,Charge 5
2023-12-25T06:52:33Z,98.1,Charge 5
2023-12-25T06:53:33Z,98.1,Charge 5
2023-12-25T06:54:33Z,97.5,Charge 5
2023-12-25T06:55:33Z,97.0,Charge 5
2023-12-25T06:56:33Z,96.3,Charge 5
2023-12-25T06:57:33Z,95.9,Charge 5
2023-12-25T06:58:33Z,94.8,Charge 5
2023-12-25T06:59:33Z,95.0,Charge 5
2023-12-25T07:00:33Z,95.4,Charge 5
2023-12-25T07:01:33Z,95.4,Charge 5
2023-12-25T07:02:33Z,95.5,Charge 5
2023-12-25T07:03:33Z,95.8,Charge 5
2023-12-25T07:04:33Z,95.8,Charge 5
2023-12-25T07:06:33Z,96.5,Charge 5
2023-12-25T07:07:33Z,97.4,Charge 5
2023-12-25T07:08:33Z,97.7,Charge 5
2023-12-25T07:55:33Z,94.7,Charge 5
2023-12-25T07:56:33Z,94.4,Charge 5
2023-12-25T07:57:33Z,94.9,Charge 5
2023-12-25T07:58:33Z,95.3,Charge 5
2023-12-25T07:59:33Z,95.7,Charge 5
2023-12-25T08:00:33Z,95.8,Charge 5
2023-12-25T08:01:33Z,95.8,Charge 5
2023-12-25T08:02:33Z,95.8,Charge 5
2023-12-25T08:03:33Z,95.7,Charge 5
2023-12-25T08:04:33Z,94.9,Charge 5
2023-12-25T08:05:33Z,95.4,Charge 5
2023-12-25T08:06:33Z,95.6,Charge 5
2023-12-25T08:07:33Z,95.8,Charge 5
2023-12-25T08:08:33Z,95.7,Charge 5
2023-12-25T08:09:33Z,95.3,Charge 5
2023-12-25T08:10:33Z,94.9,Charge 5
2023-12-25T08:11:33Z,95.4,Charge 5
2023-12-25T08:12:33Z,95.8,Charge 5
2023-12-25T08:13:33Z,95.6,Charge 5
2023-12-25T08:15:33Z,95.3,Charge 5
2023-12-25T08:16:33Z,95.1,Charge 5
2023-12-25T08:17:33Z,95.2,Charge 5
2023-12-25T08:18:33Z,95.3,Charge 5
2023-12-25T08:19:33Z,95.4,Charge 5
2023-12-25T08:20:33Z,95.0,Charge 5
2023-12-25T08:21:33Z,94.8,Charge 5
2023-12-25T08:22:33Z,94.9,Charge 5
2023-12-25T08:23:33Z,94.9,Charge 5
2023-12-25T08:24:33Z,95.1,Charge 5
2023-12-25T08:26:33Z,94.5,Charge 5
2023-12-25T08:27:33Z,94.1,Charge 5
2023-12-25T08:51:33Z,97.5,Charge 5
2023-12-25T08:52:33Z,97.9,Charge 5
2023-12-25T08:53:33Z,97.9,Charge 5
2023-12-25T08:54:33Z,98.1,Charge 5
2023-12-25T08:55:33Z,98.3,Charge 5
2023-12-25T08:56:33Z,98.2,Charge 5
2023-12-25T08:57:33Z,98.3,Charge 5
2023-12-25T09:44:33Z,92.9,Charge 5
2023-12-25T09:45:33Z,92.7,Charge 5
2023-12-25T09:46:33Z,92.6,Charge 5
2023-12-25T09:47:33Z,92.4,Charge 5
2023-12-25T09:49:33Z,92.2,Charge 5
2023-12-25T09:50:33Z,92.8,Charge 5
2023-12-25T09:51:33Z,92.9,Charge 5
2023-12-25T09:52:33Z,92.7,Charge 5
2023-12-25T09:53:33Z,92.9,Charge 5
2023-12-25T10:16:33Z,93.8,Charge 5
2023-12-25T10:17:33Z,94.7,Charge 5
2023-12-25T10:18:33Z,94.8,Charge 5
2023-12-25T10:19:33Z,95.4,Charge 5
2023-12-25T10:21:33Z,94.8,Charge 5
2023-12-25T10:22:33Z,93.9,Charge 5
2023-12-25T10:23:33Z,93.2,Charge 5
2023-12-25T10:24:33Z,93.1,Charge 5
2023-12-25T10:26:33Z,93.1,Charge 5
2023-12-25T10:27:33Z,93.9,Charge 5
2023-12-25T10:28:33Z,94.4,Charge 5
2023-12-25T10:29:33Z,94.6,Charge 5
2023-12-25T10:30:33Z,94.3,Charge 5
2023-12-25T10:31:33Z,93.8,Charge 5
2023-12-25T10:33:33Z,93.5,Charge 5
2023-12-25T10:34:33Z,93.0,Charge 5
2023-12-25T10:35:33Z,92.8,Charge 5
2023-12-25T10:36:33Z,92.8,Charge 5
2023-12-25T10:37:33Z,92.4,Charge 5
2023-12-25T10:38:33Z,92.4,Charge 5
2023-12-25T10:39:33Z,92.6,Charge 5
2023-12-25T10:40:33Z,92.7,Charge 5
2023-12-25T10:41:33Z,92.8,Charge 5
2023-12-25T10:42:33Z,93.1,Charge 5
2023-12-25T10:43:33Z,93.4,Charge 5
2023-12-25T10:44:33Z,93.8,Charge 5
2023-12-25T10:45:33Z,93.8,Charge 5
2023-12-25T10:46:33Z,94.1,Charge 5
2023-12-25T10:47:33Z,94.2,Charge 5
2023-12-25T10:48:33Z,94.5,Charge 5
2023-12-25T10:49:33Z,94.4,Charge 5
2023-12-25T10:50:33Z,94.0,Charge 5
2023-12-25T10:51:33Z,94.0,Charge 5
2023-12-25T10:52:33Z,93.8,Charge 5
2023-12-25T10:53:33Z,93.9,Charge 5
2023-12-25T10:54:33Z,94.1,Charge 5
2023-12-25T10:55:33Z,94.0,Charge 5
2023-12-25T10:56:33Z,93.8,Charge 5
2023-12-25T10:57:33Z,93.9,Charge 5
2023-12-25T10:58:33Z,93.8,Charge 5
2023-12-25T10:59:33Z,93.9,Charge 5
2023-12-25T11:00:33Z,93.5,Charge 5
2023-12-25T11:01:33Z,93.4,Charge 5
2023-12-25T11:02:33Z,93.2,Charge 5
2023-12-25T11:03:33Z,93.5,Charge 5
2023-12-25T11:04:33Z,93.6,Charge 5
2023-12-25T11:05:33Z,93.7,Charge 5
2023-12-25T11:06:33Z,93.7,Charge 5
2023-12-25T11:07:33Z,93.6,Charge 5
2023-12-25T11:08:33Z,93.6,Charge 5
2023-12-25T11:11:33Z,93.7,Charge 5
2023-12-25T11:12:33Z,94.4,Charge 5
2023-12-25T11:13:33Z,95.2,Charge 5
2023-12-25T11:14:33Z,95.2,Charge 5
2023-12-25T11:15:33Z,95.4,Charge 5
2023-12-25T11:16:33Z,95.4,Charge 5
2023-12-25T11:17:33Z,95.5,Charge 5
2023-12-25T11:18:33Z,95.6,Charge 5
2023-12-25T11:19:33Z,95.8,Charge 5
2023-12-25T11:20:33Z,96.0,Charge 5
2023-12-25T11:21:33Z,95.9,Charge 5
2023-12-25T11:22:33Z,95.9,Charge 5
2023-12-25T11:24:33Z,96.6,Charge 5
2023-12-25T11:25:33Z,97.0,Charge 5
2023-12-25T11:26:33Z,97.6,Charge 5
2023-12-25T11:29:33Z,97.4,Charge 5
2023-12-25T11:30:33Z,97.4,Charge 5
2023-12-25T11:31:33Z,97.2,Charge 5
2023-12-25T11:33:33Z,97.2,Charge 5
2023-12-25T11:35:33Z,95.3,Charge 5
2023-12-25T11:36:33Z,90.8,Charge 5
2023-12-25T11:37:33Z,90.4,Charge 5
2023-12-25T11:38:33Z,90.7,Charge 5
2023-12-25T11:39:33Z,90.3,Charge 5
2023-12-25T11:40:33Z,89.9,Charge 5
2023-12-25T11:41:33Z,89.7,Charge 5
2023-12-25T11:43:33Z,93.0,Charge 5
2023-12-25T11:44:33Z,94.4,Charge 5
2023-12-25T11:45:33Z,95.2,Charge 5
2023-12-25T11:46:33Z,96.2,Charge 5
2023-12-25T12:20:33Z,96.3,Charge 5
2023-12-25T12:21:33Z,95.2,Charge 5
2023-12-25T12:22:33Z,93.5,Charge 5
2023-12-25T12:23:33Z,94.9,Charge 5
2023-12-25T12:24:33Z,95.5,Charge 5
2023-12-25T12:26:33Z,95.9,Charge 5
2023-12-25T12:27:33Z,95.6,Charge 5
2023-12-25T12:28:33Z,94.9,Charge 5
2023-12-25T12:29:33Z,94.7,Charge 5
2023-12-25T12:30:33Z,94.2,Charge 5
2023-12-25T12:31:33Z,93.2,Charge 5
2023-12-25T12:32:33Z,92.3,Charge 5
2023-12-25T12:33:33Z,92.4,Charge 5
2023-12-25T12:34:33Z,93.2,Charge 5
2023-12-25T12:36:33Z,93.5,Charge 5
2023-12-25T12:37:33Z,93.1,Charge 5
2023-12-25T12:38:33Z,93.7,Charge 5
2023-12-25T12:39:33Z,94.3,Charge 5
2023-12-25T12:40:33Z,93.4,Charge 5
2023-12-25T12:58:33Z,95.9,Charge 5
2023-12-25T12:59:33Z,95.9,Charge 5
2023-12-25T13:00:33Z,96.5,Charge 5
2023-12-25T13:01:33Z,96.4,Charge 5
2023-12-25T13:02:33Z,96.8,Charge 5
2023-12-25T13:46:33Z,98.6,Charge 5
2023-12-25T13:47:33Z,98.8,Charge 5
2023-12-25T13:48:33Z,98.7,Charge 5
2023-12-25T13:49:33Z,99.1,Charge 5
2023-12-25T13:50:33Z,99.0,Charge 5
2023-12-25T13:51:33Z,98.9,Charge 5
2023-12-25T13:52:33Z,98.6,Charge 5
2023-12-25T13:53:33Z,98.8,Charge 5
2023-12-25T13:54:33Z,98.9,Charge 5
2023-12-25T13:55:33Z,98.9,Charge 5
2023-12-25T13:56:33Z,99.1,Charge 5
2023-12-25T13:57:33Z,99.1,Charge 5
2023-12-25T13:58:33Z,99.1,Charge 5
2023-12-25T13:59:33Z,99.3,Charge 5
2023-12-25T14:11:33Z,99.4,Charge 5
2023-12-25T14:16:33Z,99.6,Charge 5
2023-12-26T05:23:03Z,94.6,Charge 5
2023-12-26T05:24:03Z,95.4,Charge 5
2023-12-26T05:25:03Z,95.5,Charge 5
2023-12-26T05:26:03Z,95.3,Charge 5
2023-12-26T05:27:03Z,95.1,Charge 5
2023-12-26T05:28:03Z,95.7,Charge 5
2023-12-26T05:29:03Z,95.2,Charge 5
2023-12-26T05:30:03Z,95.5,Charge 5
2023-12-26T05:31:03Z,95.5,Charge 5
2023-12-26T05:32:03Z,95.1,Charge 5
2023-12-26T05:33:03Z,95.1,Charge 5
2023-12-26T05:36:03Z,95.1,Charge 5
2023-12-26T05:37:03Z,95.0,Charge 5
2023-12-26T05:38:03Z,94.8,Charge 5
2023-12-26T05:39:03Z,94.6,Charge 5
2023-12-26T05:40:03Z,94.5,Charge 5
2023-12-26T05:41:03Z,94.2,Charge 5
2023-12-26T05:42:03Z,94.1,Charge 5
2023-12-26T05:43:03Z,94.0,Charge 5
2023-12-26T05:44:03Z,93.7,Charge 5
2023-12-26T05:45:03Z,93.5,Charge 5
2023-12-26T05:46:03Z,93.0,Charge 5
2023-12-26T05:47:03Z,93.4,Charge 5
2023-12-26T05:48:03Z,93.6,Charge 5
2023-12-26T05:49:03Z,93.8,Charge 5
2023-12-26T05:50:03Z,93.8,Charge 5
2023-12-26T05:51:03Z,93.6,Charge 5
2023-12-26T05:52:03Z,93.6,Charge 5
2023-12-26T05:53:03Z,93.6,Charge 5
2023-12-26T05:54:03Z,93.5,Charge 5
2023-12-26T05:55:03Z,93.7,Charge 5
2023-12-26T05:56:03Z,93.6,Charge 5
2023-12-26T05:57:03Z,93.7,Charge 5
2023-12-26T05:58:03Z,93.6,Charge 5
2023-12-26T05:59:03Z,93.6,Charge 5
2023-12-26T06:00:03Z,93.6,Charge 5
2023-12-26T06:01:03Z,93.5,Charge 5
2023-12-26T06:02:03Z,93.4,Charge 5
2023-12-26T06:03:03Z,93.2,Charge 5
2023-12-26T06:04:03Z,92.6,Charge 5
2023-12-26T06:05:03Z,92.6,Charge 5
2023-12-26T06:06:03Z,93.2,Charge 5
2023-12-26T06:08:03Z,93.8,Charge 5
2023-12-26T06:09:03Z,94.8,Charge 5
2023-12-26T08:32:03Z,92.6,Charge 5
2023-12-26T08:33:03Z,93.5,Charge 5
2023-12-26T08:34:03Z,93.6,Charge 5
2023-12-26T08:35:03Z,94.2,Charge 5
2023-12-26T08:36:03Z,93.9,Charge 5
2023-12-26T08:37:03Z,93.3,Charge 5
2023-12-26T08:38:03Z,92.3,Charge 5
2023-12-26T11:13:03Z,91.7,Charge 5
2023-12-26T11:14:03Z,91.7,Charge 5
2023-12-26T11:15:03Z,92.0,Charge 5
2023-12-26T11:16:03Z,92.3,Charge 5
2023-12-26T11:17:03Z,92.1,Charge 5
2023-12-26T11:19:03Z,91.7,Charge 5
2023-12-27T08:31:03Z,94.6,Charge 5
2023-12-27T08:32:03Z,93.8,Charge 5
2023-12-27T08:33:03Z,96.7,Charge 5
2023-12-27T08:34:03Z,98.3,Charge 5
2023-12-27T08:35:03Z,99.3,Charge 5
2023-12-27T08:36:03Z,98.7,Charge 5
2023-12-27T08:37:03Z,97.4,Charge 5
2023-12-27T08:38:03Z,96.1,Charge 5
2023-12-27T08:39:03Z,95.2,Charge 5
2023-12-27T08:41:03Z,94.8,Charge 5
2023-12-27T09:39:03Z,92.9,Charge 5
2023-12-27T09:40:03Z,92.6,Charge 5
2023-12-27T09:41:03Z,92.0,Charge 5
2023-12-27T09:42:03Z,91.0,Charge 5
2023-12-27T09:43:03Z,90.8,Charge 5
2023-12-27T09:44:03Z,90.6,Charge 5
2023-12-27T09:45:03Z,90.2,Charge 5
2023-12-27T09:46:03Z,89.5,Charge 5
2023-12-27T09:47:03Z,90.0,Charge 5
2023-12-27T09:48:03Z,91.5,Charge 5
2023-12-27T09:49:03Z,91.5,Charge 5
2023-12-27T09:50:03Z,91.5,Charge 5
2023-12-27T09:51:03Z,91.3,Charge 5
2023-12-27T09:52:03Z,91.3,Charge 5
2023-12-27T09:53:03Z,91.0,Charge 5
2023-12-27T09:54:03Z,91.6,Charge 5
2023-12-27T09:55:03Z,91.4,Charge 5
2023-12-27T09:56:03Z,91.8,Charge 5
2023-12-27T09:57:03Z,92.1,Charge 5
2023-12-27T09:58:03Z,92.4,Charge 5
2023-12-27T09:59:03Z,93.2,Charge 5
2023-12-27T10:00:03Z,92.9,Charge 5
2023-12-27T10:01:03Z,93.2,Charge 5
2023-12-27T10:02:03Z,93.5,Charge 5
2023-12-27T10:03:03Z,94.0,Charge 5
2023-12-27T10:04:03Z,94.0,Charge 5
2023-12-27T10:05:03Z,94.0,Charge 5
2023-12-27T10:06:03Z,93.7,Charge 5
2023-12-27T10:07:03Z,92.8,Charge 5
2023-12-27T10:08:03Z,92.7,Charge 5
2023-12-27T10:09:03Z,93.9,Charge 5
2023-12-27T10:10:03Z,93.8,Charge 5
2023-12-27T10:11:03Z,94.1,Charge 5
2023-12-27T10:12:03Z,93.9,Charge 5
2023-12-27T10:13:03Z,93.7,Charge 5
2023-12-27T10:14:03Z,93.9,Charge 5
2023-12-27T10:15:03Z,93.8,Charge 5
2023-12-27T10:16:03Z,94.1,Charge 5
2023-12-27T10:17:03Z,94.2,Charge 5
2023-12-27T10:19:03Z,94.3,Charge 5
2023-12-27T10:20:03Z,93.7,Charge 5
2023-12-27T10:21:03Z,93.1,Charge 5
2023-12-27T10:22:03Z,92.6,Charge 5
2023-12-27T10:24:03Z,91.8,Charge 5
2023-12-27T10:25:03Z,91.2,Charge 5
2023-12-27T12:10:03Z,96.7,Charge 5
2023-12-27T12:11:03Z,97.5,Charge 5
2023-12-27T12:12:03Z,98.3,Charge 5
2023-12-27T12:13:03Z,99.1,Charge 5
2023-12-27T12:34:03Z,95.1,Charge 5
2023-12-27T12:35:03Z,95.1,Charge 5
2023-12-27T12:36:03Z,95.0,Charge 5
2023-12-27T12:37:03Z,95.2,Charge 5
2023-12-27T12:38:03Z,95.0,Charge 5
2023-12-27T12:39:03Z,94.8,Charge 5
2023-12-27T12:40:03Z,94.9,Charge 5
2023-12-27T12:41:03Z,94.5,Charge 5
2023-12-27T12:42:03Z,95.0,Charge 5
2023-12-27T12:43:03Z,95.1,Charge 5
2023-12-27T12:44:03Z,95.0,Charge 5
2023-12-27T12:45:03Z,94.6,Charge 5
2023-12-28T05:41:34Z,90.7,Charge 5
2023-12-28T05:42:34Z,91.1,Charge 5
2023-12-28T05:43:34Z,91.6,Charge 5
2023-12-28T05:44:34Z,91.4,Charge 5
2023-12-28T05:45:34Z,90.7,Charge 5
2023-12-28T05:46:34Z,90.0,Charge 5
2023-12-28T05:47:34Z,91.7,Charge 5
2023-12-28T05:48:34Z,91.9,Charge 5
2023-12-28T05:49:34Z,91.8,Charge 5
2023-12-28T05:50:34Z,91.3,Charge 5
2023-12-28T05:51:34Z,91.0,Charge 5
2023-12-28T05:52:34Z,90.3,Charge 5
2023-12-28T05:53:34Z,90.6,Charge 5
2023-12-28T05:54:34Z,90.7,Charge 5
2023-12-28T05:55:34Z,90.8,Charge 5
2023-12-28T05:56:34Z,91.2,Charge 5
2023-12-28T05:57:34Z,91.3,Charge 5
2023-12-28T05:58:34Z,91.6,Charge 5
2023-12-28T05:59:34Z,93.0,Charge 5
2023-12-28T06:00:34Z,92.9,Charge 5
2023-12-28T06:01:34Z,93.9,Charge 5
2023-12-28T06:02:34Z,93.7,Charge 5
2023-12-28T06:03:34Z,95.0,Charge 5
2023-12-28T06:04:34Z,94.5,Charge 5
2023-12-28T06:05:34Z,94.7,Charge 5
2023-12-28T06:07:34Z,94.5,Charge 5
2023-12-28T06:08:34Z,95.2,Charge 5
2023-12-28T06:09:34Z,96.2,Charge 5
2023-12-28T06:10:34Z,96.2,Charge 5
2023-12-28T06:11:34Z,97.0,Charge 5
2023-12-28T06:12:34Z,97.3,Charge 5
2023-12-28T06:13:34Z,97.0,Charge 5
2023-12-28T06:14:34Z,97.0,Charge 5
2023-12-28T06:15:34Z,96.9,Charge 5
2023-12-28T06:16:34Z,96.7,Charge 5
2023-12-28T06:18:34Z,95.6,Charge 5
2023-12-28T06:19:34Z,95.3,Charge 5
2023-12-28T06:20:34Z,95.3,Charge 5
2023-12-28T06:21:34Z,95.2,Charge 5
2023-12-28T06:22:34Z,95.1,Charge 5
2023-12-28T06:23:34Z,93.9,Charge 5
2023-12-28T06:24:34Z,93.9,Charge 5
2023-12-28T06:25:34Z,93.3,Charge 5
2023-12-28T06:26:34Z,92.3,Charge 5
2023-12-28T06:27:34Z,91.9,Charge 5
2023-12-28T06:28:34Z,91.3,Charge 5
2023-12-28T06:29:34Z,91.6,Charge 5
2023-12-28T06:30:34Z,91.1,Charge 5
2023-12-28T06:31:34Z,91.2,Charge 5
2023-12-28T06:32:34Z,92.6,Charge 5
2023-12-28T06:33:34Z,93.4,Charge 5
2023-12-28T06:34:34Z,93.7,Charge 5
2023-12-28T06:35:34Z,93.6,Charge 5
2023-12-28T06:36:34Z,93.1,Charge 5
2023-12-28T06:37:34Z,92.6,Charge 5
2023-12-28T06:38:34Z,92.9,Charge 5
2023-12-28T06:39:34Z,92.9,Charge 5
2023-12-28T06:40:34Z,92.8,Charge 5
2023-12-28T06:41:34Z,93.2,Charge 5
2023-12-28T06:51:34Z,93.7,Charge 5
2023-12-28T06:52:34Z,94.1,Charge 5
2023-12-28T06:53:34Z,94.3,Charge 5
2023-12-28T06:54:34Z,94.1,Charge 5
2023-12-28T06:55:34Z,93.7,Charge 5
2023-12-28T06:56:34Z,93.9,Charge 5
2023-12-28T06:57:34Z,93.8,Charge 5
2023-12-28T06:58:34Z,94.0,Charge 5
2023-12-28T06:59:34Z,94.2,Charge 5
2023-12-28T07:00:34Z,94.0,Charge 5
2023-12-28T07:01:34Z,94.2,Charge 5
2023-12-28T07:02:34Z,94.2,Charge 5
2023-12-28T07:03:34Z,94.2,Charge 5
2023-12-28T07:04:34Z,93.8,Charge 5
2023-12-28T07:05:34Z,93.7,Charge 5
2023-12-28T07:06:34Z,94.2,Charge 5
2023-12-28T07:07:34Z,93.8,Charge 5
2023-12-28T07:08:34Z,93.5,Charge 5
2023-12-28T07:09:34Z,93.5,Charge 5
2023-12-28T07:10:34Z,93.7,Charge 5
2023-12-28T07:11:34Z,93.6,Charge 5
2023-12-28T07:12:34Z,93.1,Charge 5
2023-12-28T07:13:34Z,93.4,Charge 5
2023-12-28T07:14:34Z,93.7,Charge 5
2023-12-28T07:15:34Z,94.3,Charge 5
2023-12-28T07:16:34Z,94.6,Charge 5
2023-12-28T07:17:34Z,94.8,Charge 5
2023-12-28T07:18:34Z,95.5,Charge 5
2023-12-28T07:19:34Z,95.7,Charge 5
2023-12-28T07:20:34Z,95.3,Charge 5
2023-12-28T07:21:34Z,95.7,Charge 5
2023-12-28T07:22:34Z,96.6,Charge 5
2023-12-28T07:23:34Z,97.2,Charge 5
2023-12-28T07:24:34Z,97.8,Charge 5
2023-12-28T07:25:34Z,97.9,Charge 5
2023-12-28T07:26:34Z,97.8,Charge 5
2023-12-28T07:27:34Z,97.8,Charge 5
2023-12-28T07:28:34Z,97.8,Charge 5
2023-12-28T07:29:34Z,97.8,Charge 5
2023-12-28T07:30:34Z,98.3,Charge 5
2023-12-28T07:31:34Z,97.6,Charge 5
2023-12-28T07:39:34Z,97.6,Charge 5
2023-12-28T07:40:34Z,97.5,Charge 5
2023-12-28T07:41:34Z,98.4,Charge 5
2023-12-28T07:42:34Z,98.4,Charge 5
2023-12-28T07:44:34Z,97.1,Charge 5
2023-12-28T07:45:34Z,96.7,Charge 5
2023-12-28T07:46:34Z,94.5,Charge 5
2023-12-28T07:47:34Z,92.5,Charge 5
2023-12-28T07:49:34Z,92.6,Charge 5
2023-12-28T07:50:34Z,93.7,Charge 5
2023-12-28T07:51:34Z,94.2,Charge 5
2023-12-28T07:52:34Z,94.9,Charge 5
2023-12-28T07:53:34Z,96.1,Charge 5
2023-12-28T07:54:34Z,96.9,Charge 5
2023-12-28T07:55:34Z,97.0,Charge 5
2023-12-28T07:56:34Z,97.5,Charge 5
2023-12-28T07:57:34Z,97.8,Charge 5
2023-12-28T07:58:34Z,96.4,Charge 5
2023-12-28T09:03:34Z,94.2,Charge 5
2023-12-28T09:04:34Z,94.4,Charge 5
2023-12-28T09:05:34Z,95.6,Charge 5
2023-12-28T09:06:34Z,95.7,Charge 5
2023-12-28T09:07:34Z,94.0,Charge 5
2023-12-28T10:36:34Z,96.1,Charge 5
2023-12-28T10:37:34Z,97.2,Charge 5
2023-12-28T10:38:34Z,97.7,Charge 5
2023-12-28T10:39:34Z,97.5,Charge 5
2023-12-28T10:40:34Z,95.9,Charge 5
2023-12-28T10:41:34Z,97.0,Charge 5
2023-12-28T10:42:34Z,97.2,Charge 5
2023-12-28T10:43:34Z,96.9,Charge 5
2023-12-28T12:54:33Z,94.2,Charge 5
2023-12-28T12:55:33Z,94.4,Charge 5
2023-12-28T12:56:33Z,94.3,Charge 5
2023-12-28T12:57:33Z,94.5,Charge 5
2023-12-28T12:58:33Z,94.6,Charge 5
2023-12-28T12:59:33Z,95.0,Charge 5
2023-12-28T13:00:33Z,95.5,Charge 5
2023-12-28T13:01:33Z,95.0,Charge 5
2023-12-28T13:02:33Z,94.7,Charge 5
2023-12-28T13:03:33Z,94.7,Charge 5
2023-12-28T13:05:33Z,96.5,Charge 5
2023-12-28T13:06:33Z,97.6,Charge 5
2023-12-29T08:45:33Z,92.3,Charge 5
2023-12-29T08:46:33Z,92.8,Charge 5
2023-12-29T08:47:33Z,92.4,Charge 5
2023-12-29T08:48:33Z,92.8,Charge 5
2023-12-29T08:49:33Z,93.2,Charge 5
2023-12-29T08:50:33Z,92.6,Charge 5
2023-12-29T10:50:33Z,92.1,Charge 5
2023-12-29T10:51:33Z,92.5,Charge 5
2023-12-29T10:52:33Z,93.1,Charge 5
2023-12-29T10:53:33Z,93.3,Charge 5
2023-12-29T10:54:33Z,93.2,Charge 5
2023-12-30T08:37:03Z,90.4,Charge 5
2023-12-30T08:38:03Z,91.2,Charge 5
2023-12-30T08:39:03Z,90.8,Charge 5
2023-12-30T08:40:03Z,90.9,Charge 5
2023-12-30T08:41:03Z,90.9,Charge 5
2023-12-30T08:42:03Z,91.4,Charge 5
2023-12-30T08:43:03Z,90.9,Charge 5
2023-12-30T08:44:03Z,91.3,Charge 5
2023-12-30T08:45:03Z,90.6,Charge 5
2023-12-30T08:46:03Z,90.6,Charge 5
2023-12-30T08:47:03Z,90.3,Charge 5
2023-12-30T08:48:03Z,90.0,Charge 5
2023-12-30T08:49:03Z,90.6,Charge 5
2023-12-30T08:50:03Z,91.5,Charge 5
2023-12-30T08:51:03Z,91.8,Charge 5
2023-12-30T10:10:03Z,91.3,Charge 5
2023-12-30T10:11:03Z,91.7,Charge 5
2023-12-30T10:12:03Z,91.9,Charge 5
2023-12-30T10:13:03Z,91.4,Charge 5
2023-12-30T10:14:03Z,92.2,Charge 5
2023-12-30T10:15:03Z,92.0,Charge 5
2023-12-30T10:16:03Z,92.2,Charge 5
2023-12-30T12:27:03Z,92.2,Charge 5
2023-12-30T12:28:03Z,91.4,Charge 5
2023-12-30T12:29:03Z,92.2,Charge 5
2023-12-30T12:30:03Z,92.8,Charge 5
2023-12-30T12:31:03Z,92.1,Charge 5
2023-12-30T12:32:03Z,91.9,Charge 5
2023-12-30T12:33:03Z,92.3,Charge 5
2023-12-30T12:34:03Z,92.3,Charge 5
2023-12-30T12:35:03Z,92.6,Charge 5
2023-12-30T12:36:03Z,92.6,Charge 5
2023-12-31T01:04:33Z,97.4,Charge 5
2023-12-31T01:05:33Z,97.1,Charge 5
2023-12-31T01:06:33Z,96.9,Charge 5
2023-12-31T01:07:33Z,97.0,Charge 5
2023-12-31T01:08:33Z,96.2,Charge 5
2023-12-31T01:09:33Z,95.0,Charge 5
2023-12-31T05:33:03Z,99.1,Charge 5
2023-12-31T05:34:03Z,99.5,Charge 5
2023-12-31T05:35:03Z,99.9,Charge 5
2023-12-31T05:36:03Z,99.2,Charge 5
2023-12-31T05:37:03Z,99.1,Charge 5
2023-12-31T05:38:03Z,99.3,Charge 5
2023-12-31T05:39:03Z,99.6,Charge 5
2023-12-31T05:40:03Z,99.1,Charge 5
2023-12-31T05:41:03Z,99.4,Charge 5
2023-12-31T05:43:03Z,99.4,Charge 5
2023-12-31T05:44:03Z,99.1,Charge 5
2023-12-31T05:45:03Z,99.3,Charge 5
2023-12-31T05:46:03Z,99.5,Charge 5
2023-12-31T05:47:03Z,99.1,Charge 5
2023-12-31T05:48:03Z,99.5,Charge 5
2023-12-31T05:49:03Z,99.4,Charge 5
2023-12-31T05:50:03Z,99.6,Charge 5
2023-12-31T05:51:03Z,99.7,Charge 5
2023-12-31T05:52:03Z,99.8,Charge 5
2023-12-31T05:53:03Z,99.5,Charge 5
2023-12-31T05:54:03Z,99.6,Charge 5
2023-12-31T05:55:03Z,99.5,Charge 5
2023-12-31T05:56:03Z,99.4,Charge 5
2023-12-31T05:57:03Z,99.3,Charge 5
2023-12-31T05:58:03Z,98.4,Charge 5
2023-12-31T05:59:03Z,98.5,Charge 5
2023-12-31T06:00:03Z,99.3,Charge 5
2023-12-31T06:01:03Z,99.6,Charge 5
2023-12-31T06:02:03Z,99.6,Charge 5
2023-12-31T06:03:03Z,99.5,Charge 5
2023-12-31T06:04:03Z,99.5,Charge 5
2023-12-31T06:06:03Z,99.1,Charge 5
2023-12-31T06:07:03Z,99.1,Charge 5
2023-12-31T06:08:03Z,98.6,Charge 5
2023-12-31T06:09:03Z,98.5,Charge 5
2023-12-31T06:10:03Z,98.6,Charge 5
2023-12-31T06:12:03Z,98.3,Charge 5
2023-12-31T06:21:03Z,96.3,Charge 5
2023-12-31T06:22:03Z,96.8,Charge 5
2023-12-31T06:23:03Z,97.3,Charge 5
2023-12-31T06:24:03Z,97.8,Charge 5
2023-12-31T06:25:03Z,97.7,Charge 5
2023-12-31T06:26:03Z,97.7,Charge 5
2023-12-31T06:27:03Z,98.0,Charge 5
2023-12-31T06:28:03Z,97.6,Charge 5
2023-12-31T06:29:03Z,96.8,Charge 5
2023-12-31T06:30:03Z,97.3,Charge 5
2023-12-31T06:32:03Z,97.2,Charge 5
2023-12-31T06:33:03Z,97.9,Charge 5
2023-12-31T06:34:03Z,97.3,Charge 5
2023-12-31T06:35:03Z,97.7,Charge 5
2023-12-31T06:36:03Z,98.1,Charge 5
2023-12-31T06:37:03Z,98.8,Charge 5
2023-12-31T06:38:03Z,98.7,Charge 5
2023-12-31T08:37:33Z,93.7,Charge 5
2023-12-31T08:38:33Z,94.2,Charge 5
2023-12-31T08:39:33Z,94.8,Charge 5
2023-12-31T08:40:33Z,95.6,Charge 5
2023-12-31T08:41:33Z,95.3,Charge 5
2023-12-31T08:42:33Z,95.2,Charge 5
2023-12-31T08:43:33Z,95.6,Charge 5
2023-12-31T08:44:33Z,95.9,Charge 5
2023-12-31T08:46:33Z,96.6,Charge 5
2023-12-31T08:47:33Z,97.3,Charge 5
2023-12-31T08:48:33Z,98.0,Charge 5
2023-12-31T08:49:33Z,98.3,Charge 5
2023-12-31T08:50:33Z,97.7,Charge 5
2023-12-31T08:51:33Z,97.3,Charge 5
2023-12-31T08:52:33Z,97.0,Charge 5
2023-12-31T08:53:33Z,97.5,Charge 5
2023-12-31T08:54:33Z,96.9,Charge 5
2023-12-31T08:55:33Z,98.0,Charge 5
2023-12-31T08:56:33Z,98.6,Charge 5
2023-12-31T08:57:33Z,99.0,Charge 5
2023-12-31T09:00:33Z,99.3,Charge 5
2023-12-31T09:03:33Z,98.6,Charge 5
2023-12-31T09:04:33Z,98.6,Charge 5
2023-12-31T09:05:33Z,98.7,Charge 5
2023-12-31T09:06:33Z,98.7,Charge 5
2023-12-31T09:07:33Z,98.5,Charge 5
2023-12-31T09:08:33Z,98.4,Charge 5
2023-12-31T09:29:33Z,89.2,Charge 5
2023-12-31T09:30:33Z,90.2,Charge 5
2023-12-31T09:31:33Z,90.1,Charge 5
2023-12-31T09:32:33Z,90.1,Charge 5
2023-12-31T09:34:33Z,90.1,Charge 5
2023-12-31T09:35:33Z,90.6,Charge 5
2023-12-31T09:36:33Z,90.7,Charge 5
2023-12-31T09:37:33Z,90.9,Charge 5
2023-12-31T09:38:33Z,91.0,Charge 5
2023-12-31T09:39:33Z,91.3,Charge 5
2023-12-31T09:40:33Z,92.4,Charge 5
2023-12-31T09:41:33Z,92.1,Charge 5
2023-12-31T09:42:33Z,92.1,Charge 5
2023-12-31T09:43:33Z,92.2,Charge 5
2023-12-31T09:44:33Z,92.4,Charge 5
2023-12-31T09:45:33Z,92.6,Charge 5
2023-12-31T09:46:33Z,92.7,Charge 5
2023-12-31T09:47:33Z,92.5,Charge 5
2023-12-31T09:48:33Z,92.1,Charge 5
2023-12-31T09:49:33Z,92.2,Charge 5
2023-12-31T09:50:33Z,91.8,Charge 5
2023-12-31T09:51:33Z,91.8,Charge 5
2023-12-31T09:52:33Z,91.5,Charge 5
2023-12-31T09:53:33Z,91.7,Charge 5
2023-12-31T09:54:33Z,93.1,Charge 5
2023-12-31T09:55:33Z,94.8,Charge 5
2023-12-31T09:56:33Z,95.8,Charge 5
2023-12-31T09:57:33Z,96.6,Charge 5
2023-12-31T09:59:33Z,97.3,Charge 5
2023-12-31T10:00:33Z,97.5,Charge 5
2023-12-31T10:01:33Z,97.5,Charge 5
2023-12-31T10:02:33Z,97.1,Charge 5
2023-12-31T10:03:33Z,96.7,Charge 5
2023-12-31T10:04:33Z,96.8,Charge 5
2023-12-31T10:05:33Z,96.9,Charge 5
2023-12-31T10:06:33Z,96.6,Charge 5
2023-12-31T10:07:33Z,96.9,Charge 5
2023-12-31T10:08:33Z,97.0,Charge 5
2023-12-31T10:09:33Z,96.9,Charge 5
2023-12-31T10:10:33Z,97.1,Charge 5
2023-12-31T10:11:33Z,97.0,Charge 5
2023-12-31T10:12:33Z,97.1,Charge 5
2023-12-31T10:13:33Z,96.7,Charge 5
2023-12-31T10:14:33Z,95.9,Charge 5
2023-12-31T10:15:33Z,95.2,Charge 5
2023-12-31T10:16:33Z,95.0,Charge 5
2023-12-31T10:17:33Z,94.4,Charge 5
2023-12-31T10:18:33Z,94.4,Charge 5
2023-12-31T10:19:33Z,94.3,Charge 5
2023-12-31T10:20:33Z,94.1,Charge 5
2023-12-31T10:21:33Z,94.4,Charge 5
2023-12-31T10:25:33Z,93.5,Charge 5
2023-12-31T10:26:33Z,92.2,Charge 5
2023-12-31T10:27:33Z,91.4,Charge 5
2023-12-31T10:28:33Z,91.5,Charge 5
2023-12-31T10:29:33Z,90.9,Charge 5
2023-12-31T10:30:33Z,90.8,Charge 5
2023-12-31T10:31:33Z,91.0,Charge 5
2023-12-31T10:32:33Z,90.6,Charge 5
2023-12-31T10:33:33Z,90.6,Charge 5
2023-12-31T10:34:33Z,90.4,Charge 5
2023-12-31T10:35:33Z,90.1,Charge 5
2023-12-31T10:36:33Z,90.3,Charge 5
2023-12-31T10:37:33Z,89.8,Charge 5
2023-12-31T10:38:33Z,90.3,Charge 5
2023-12-31T10:39:33Z,90.4,Charge 5
2023-12-31T10:40:33Z,90.7,Charge 5
2023-12-31T10:41:33Z,90.6,Charge 5
2023-12-31T10:42:33Z,90.4,Charge 5
2023-12-31T10:43:33Z,90.2,Charge 5
2023-12-31T10:44:33Z,90.0,Charge 5
2023-12-31T10:45:33Z,89.9,Charge 5
2023-12-31T10:46:33Z,89.9,Charge 5
2023-12-31T10:47:33Z,90.1,Charge 5
2023-12-31T10:48:33Z,89.3,Charge 5
2023-12-31T10:49:33Z,88.9,Charge 5
2023-12-31T10:50:33Z,88.5,Charge 5
2023-12-31T10:51:33Z,88.7,Charge 5
2023-12-31T10:52:33Z,88.7,Charge 5
2023-12-31T10:53:33Z,88.5,Charge 5
2023-12-31T10:54:33Z,87.8,Charge 5
2023-12-31T10:55:33Z,87.0,Charge 5
2023-12-31T10:56:33Z,86.2,Charge 5
2023-12-31T10:57:33Z,85.7,Charge 5
2023-12-31T10:58:33Z,85.4,Charge 5
2023-12-31T10:59:33Z,84.5,Charge 5
2023-12-31T11:00:33Z,84.8,Charge 5
2023-12-31T11:01:33Z,86.1,Charge 5
2023-12-31T11:02:33Z,87.5,Charge 5
2023-12-31T11:03:33Z,89.7,Charge 5
2023-12-31T11:04:33Z,91.6,Charge 5
2023-12-31T11:05:33Z,93.4,Charge 5
2023-12-31T11:06:33Z,94.0,Charge 5
2023-12-31T11:07:33Z,94.8,Charge 5
2023-12-31T11:08:33Z,95.2,Charge 5
2023-12-31T11:09:33Z,95.6,Charge 5
2023-12-31T11:10:33Z,94.9,Charge 5
2023-12-31T11:11:33Z,95.2,Charge 5
2023-12-31T11:13:33Z,94.8,Charge 5
2023-12-31T11:15:33Z,95.1,Charge 5
2023-12-31T11:16:33Z,95.8,Charge 5
2023-12-31T11:17:33Z,95.8,Charge 5
2023-12-31T11:18:33Z,96.0,Charge 5
2023-12-31T12:45:33Z,93.0,Charge 5
2023-12-31T12:46:33Z,92.6,Charge 5
2023-12-31T12:47:33Z,92.8,Charge 5
2023-12-31T12:48:33Z,93.0,Charge 5
2023-12-31T12:49:33Z,92.4,Charge 5
2023-12-31T12:50:33Z,91.9,Charge 5
2023-12-31T12:51:33Z,92.5,Charge 5
2023-12-31T12:52:33Z,92.9,Charge 5
2023-12-31T12:53:33Z,93.2,Charge 5
2023-12-31T12:54:33Z,92.6,Charge 5
2023-12-31T12:55:33Z,92.1,Charge 5
2023-12-31T12:57:33Z,94.2,Charge 5
2023-12-31T12:58:33Z,93.8,Charge 5
2023-12-31T13:01:33Z,92.7,Charge 5
2023-12-31T13:02:33Z,92.3,Charge 5
2023-12-31T13:03:33Z,92.1,Charge 5
2023-12-31T13:04:33Z,92.0,Charge 5
2023-12-31T13:05:33Z,91.8,Charge 5
2023-12-31T13:06:33Z,91.6,Charge 5
2023-12-31T13:07:33Z,92.6,Charge 5
2023-12-31T13:08:33Z,93.8,Charge 5
2023-12-31T13:09:33Z,94.7,Charge 5
2023-12-31T13:10:33Z,95.4,Charge 5
2023-12-31T13:11:33Z,95.9,Charge 5
2023-12-31T13:12:33Z,96.1,Charge 5
2023-12-31T13:13:33Z,95.8,Charge 5
2023-12-31T13:14:33Z,95.7,Charge 5
2023-12-31T13:15:33Z,96.2,Charge 5
2023-12-31T13:16:33Z,96.4,Charge 5
2023-12-31T13:17:33Z,96.6,Charge 5
2023-12-31T13:18:33Z,96.6,Charge 5
2023-12-31T13:19:33Z,96.1,Charge 5
2023-12-31T13:20:33Z,95.4,Charge 5
2023-12-31T13:21:33Z,95.9,Charge 5
2023-12-31T13:22:33Z,96.3,Charge 5
2023-12-31T13:24:33Z,96.2,Charge 5
2023-12-31T13:28:33Z,94.9,Charge 5
2023-12-31T13:31:33Z,93.8,Charge 5
2023-12-31T13:34:33Z,92.6,Charge 5
