timestamp,steps,data source
2023-07-01T00:24:00Z,8,Charge 5
2023-07-01T04:42:00Z,9,Charge 5
2023-07-01T04:47:00Z,1,Charge 5
2023-07-01T07:45:00Z,17,Charge 5
2023-07-01T07:52:00Z,4,Charge 5
2023-07-01T07:53:00Z,4,Charge 5
2023-07-01T07:54:00Z,7,Charge 5
2023-07-01T08:02:00Z,12,Charge 5
2023-07-01T08:03:00Z,12,Charge 5
2023-07-01T08:05:00Z,13,Charge 5
2023-07-01T08:14:00Z,9,Charge 5
2023-07-01T08:18:00Z,7,Charge 5
2023-07-01T08:19:00Z,9,Charge 5
2023-07-01T08:21:00Z,18,Charge 5
2023-07-01T08:23:00Z,25,Charge 5
2023-07-01T08:26:00Z,28,Charge 5
2023-07-01T08:36:00Z,10,Charge 5
2023-07-01T08:37:00Z,19,Charge 5
2023-07-01T08:38:00Z,66,Charge 5
2023-07-01T08:39:00Z,2,Charge 5
2023-07-01T08:41:00Z,8,Charge 5
2023-07-01T08:42:00Z,8,Charge 5
2023-07-01T08:43:00Z,8,Charge 5
2023-07-01T08:44:00Z,10,Charge 5
2023-07-01T08:55:00Z,6,Charge 5
2023-07-01T08:56:00Z,29,Charge 5
2023-07-01T08:57:00Z,12,Charge 5
2023-07-01T08:58:00Z,34,Charge 5
2023-07-01T08:59:00Z,108,Charge 5
2023-07-01T09:00:00Z,105,Charge 5
2023-07-01T09:01:00Z,120,Charge 5
2023-07-01T09:02:00Z,127,Charge 5
2023-07-01T09:03:00Z,109,Charge 5
2023-07-01T09:04:00Z,87,Charge 5
2023-07-01T09:05:00Z,88,Charge 5
2023-07-01T09:06:00Z,59,Charge 5
2023-07-01T09:07:00Z,98,Charge 5
2023-07-01T09:08:00Z,97,Charge 5
2023-07-01T09:09:00Z,120,Charge 5
2023-07-01T09:10:00Z,137,Charge 5
2023-07-01T09:11:00Z,128,Charge 5
2023-07-01T09:12:00Z,116,Charge 5
2023-07-01T09:13:00Z,37,Charge 5
2023-07-01T11:10:00Z,14,Charge 5
2023-07-01T11:22:00Z,17,Charge 5
2023-07-01T11:23:00Z,14,Charge 5
2023-07-01T11:24:00Z,9,Charge 5
2023-07-01T11:35:00Z,10,Charge 5
2023-07-01T11:37:00Z,46,Charge 5
2023-07-01T11:38:00Z,12,Charge 5
2023-07-01T12:03:00Z,8,Charge 5
2023-07-01T13:12:00Z,8,Charge 5
2023-07-01T13:13:00Z,10,Charge 5
2023-07-01T13:24:00Z,12,Charge 5
2023-07-01T14:00:00Z,23,Charge 5
2023-07-01T14:02:00Z,22,Charge 5
2023-07-01T14:15:00Z,25,Charge 5
2023-07-01T14:16:00Z,26,Charge 5
2023-07-01T14:17:00Z,24,Charge 5
2023-07-01T14:19:00Z,8,Charge 5
2023-07-01T14:20:00Z,16,Charge 5
2023-07-01T14:51:00Z,21,Charge 5
2023-07-01T15:24:00Z,7,Charge 5
2023-07-01T15:26:00Z,9,Charge 5
2023-07-01T15:30:00Z,8,Charge 5
2023-07-01T15:35:00Z,9,Charge 5
2023-07-01T15:37:00Z,7,Charge 5
2023-07-01T15:38:00Z,14,Charge 5
2023-07-01T15:44:00Z,11,Charge 5
2023-07-01T15:45:00Z,23,Charge 5
2023-07-01T15:46:00Z,6,Charge 5
2023-07-01T15:59:00Z,8,Charge 5
2023-07-01T16:15:00Z,8,Charge 5
2023-07-01T16:17:00Z,10,Charge 5
2023-07-01T16:20:00Z,11,Charge 5
2023-07-01T16:23:00Z,53,Charge 5
2023-07-01T16:28:00Z,57,Charge 5
2023-07-01T16:29:00Z,37,Charge 5
2023-07-01T16:30:00Z,6,Charge 5
2023-07-01T16:31:00Z,16,Charge 5
2023-07-01T16:39:00Z,22,Charge 5
2023-07-01T18:25:00Z,10,Charge 5
2023-07-01T18:36:00Z,9,Charge 5
2023-07-01T18:40:00Z,13,Charge 5
2023-07-01T18:51:00Z,18,Charge 5
2023-07-01T18:55:00Z,7,Charge 5
2023-07-01T19:06:00Z,4,Charge 5
2023-07-01T19:15:00Z,9,Charge 5
2023-07-01T19:40:00Z,5,Charge 5
2023-07-01T19:48:00Z,22,Charge 5
2023-07-01T20:37:00Z,15,Charge 5
2023-07-01T20:38:00Z,6,Charge 5
2023-07-01T21:35:00Z,8,Charge 5
2023-07-01T22:19:00Z,6,Charge 5
2023-07-01T22:20:00Z,1,Charge 5
2023-07-01T22:54:00Z,8,Charge 5
2023-07-02T05:41:00Z,8,Charge 5
2023-07-02T05:42:00Z,7,Charge 5
2023-07-02T05:45:00Z,12,Charge 5
2023-07-02T05:52:00Z,4,Charge 5
2023-07-02T05:53:00Z,12,Charge 5
2023-07-02T05:58:00Z,14,Charge 5
2023-07-02T06:00:00Z,22,Charge 5
2023-07-02T06:02:00Z,13,Charge 5
2023-07-02T06:03:00Z,18,Charge 5
2023-07-02T06:04:00Z,6,Charge 5
2023-07-02T06:13:00Z,30,Charge 5
2023-07-02T06:15:00Z,23,Charge 5
2023-07-02T06:17:00Z,13,Charge 5
2023-07-02T06:52:00Z,24,Charge 5
2023-07-02T06:55:00Z,15,Charge 5
2023-07-02T06:56:00Z,20,Charge 5
2023-07-02T07:23:00Z,10,Charge 5
2023-07-02T07:24:00Z,17,Charge 5
2023-07-02T07:32:00Z,5,Charge 5
2023-07-02T07:33:00Z,15,Charge 5
2023-07-02T07:34:00Z,6,Charge 5
2023-07-02T07:38:00Z,6,Charge 5
2023-07-02T08:31:00Z,7,Charge 5
2023-07-02T08:32:00Z,30,Charge 5
2023-07-02T08:41:00Z,4,Charge 5
2023-07-02T08:56:00Z,20,Charge 5
2023-07-02T08:57:00Z,9,Charge 5
2023-07-02T09:37:00Z,9,Charge 5
2023-07-02T09:39:00Z,26,Charge 5
2023-07-02T10:12:00Z,6,Charge 5
2023-07-02T10:25:00Z,10,Charge 5
2023-07-02T10:26:00Z,7,Charge 5
2023-07-02T10:37:00Z,25,Charge 5
2023-07-02T10:38:00Z,20,Charge 5
2023-07-02T10:40:00Z,7,Charge 5
2023-07-02T10:44:00Z,39,Charge 5
2023-07-02T10:45:00Z,24,Charge 5
2023-07-02T11:01:00Z,7,Charge 5
2023-07-02T11:14:00Z,7,Charge 5
2023-07-02T11:17:00Z,10,Charge 5
2023-07-02T11:27:00Z,18,Charge 5
2023-07-02T11:57:00Z,7,Charge 5
2023-07-02T12:11:00Z,17,Charge 5
2023-07-02T12:12:00Z,10,Charge 5
2023-07-02T12:13:00Z,38,Charge 5
2023-07-02T12:14:00Z,16,Charge 5
2023-07-02T12:15:00Z,7,Charge 5
2023-07-02T12:16:00Z,32,Charge 5
2023-07-02T12:17:00Z,26,Charge 5
2023-07-02T12:18:00Z,43,Charge 5
2023-07-02T12:19:00Z,9,Charge 5
2023-07-02T12:20:00Z,43,Charge 5
2023-07-02T12:21:00Z,37,Charge 5
2023-07-02T12:22:00Z,27,Charge 5
2023-07-02T12:23:00Z,24,Charge 5
2023-07-02T12:24:00Z,15,Charge 5
2023-07-02T12:25:00Z,20,Charge 5
2023-07-02T12:26:00Z,30,Charge 5
2023-07-02T12:27:00Z,25,Charge 5
2023-07-02T12:28:00Z,25,Charge 5
2023-07-02T12:29:00Z,10,Charge 5
2023-07-02T13:08:00Z,17,Charge 5
2023-07-02T13:18:00Z,27,Charge 5
2023-07-02T13:19:00Z,36,Charge 5
2023-07-02T13:20:00Z,30,Charge 5
2023-07-02T13:21:00Z,19,Charge 5
2023-07-02T13:22:00Z,12,Charge 5
2023-07-02T13:23:00Z,18,Charge 5
2023-07-02T13:24:00Z,20,Charge 5
2023-07-02T13:25:00Z,13,Charge 5
2023-07-02T13:26:00Z,32,Charge 5
2023-07-02T13:41:00Z,7,Charge 5
2023-07-02T13:42:00Z,5,Charge 5
2023-07-02T13:43:00Z,19,Charge 5
2023-07-02T13:44:00Z,27,Charge 5
2023-07-02T13:51:00Z,30,Charge 5
2023-07-02T13:53:00Z,9,Charge 5
2023-07-02T13:55:00Z,13,Charge 5
2023-07-02T13:57:00Z,7,Charge 5
2023-07-02T13:58:00Z,51,Charge 5
2023-07-02T14:01:00Z,41,Charge 5
2023-07-02T14:06:00Z,7,Charge 5
2023-07-02T14:07:00Z,19,Charge 5
2023-07-02T14:09:00Z,8,Charge 5
2023-07-02T14:10:00Z,9,Charge 5
2023-07-02T14:11:00Z,12,Charge 5
2023-07-02T14:12:00Z,15,Charge 5
2023-07-02T14:13:00Z,32,Charge 5
2023-07-02T14:14:00Z,13,Charge 5
2023-07-02T14:16:00Z,7,Charge 5
2023-07-02T14:17:00Z,40,Charge 5
2023-07-02T14:18:00Z,7,Charge 5
2023-07-02T14:19:00Z,35,Charge 5
2023-07-02T14:21:00Z,8,Charge 5
2023-07-02T14:22:00Z,21,Charge 5
2023-07-02T14:23:00Z,16,Charge 5
2023-07-02T14:24:00Z,24,Charge 5
2023-07-02T14:25:00Z,15,Charge 5
2023-07-02T14:26:00Z,25,Charge 5
2023-07-02T14:28:00Z,22,Charge 5
2023-07-02T14:29:00Z,2,Charge 5
2023-07-02T14:30:00Z,53,Charge 5
2023-07-02T14:31:00Z,62,Charge 5
2023-07-02T14:57:00Z,9,Charge 5
2023-07-02T14:58:00Z,11,Charge 5
2023-07-02T14:59:00Z,21,Charge 5
2023-07-02T15:00:00Z,12,Charge 5
2023-07-02T15:01:00Z,35,Charge 5
2023-07-02T15:02:00Z,43,Charge 5
2023-07-02T15:03:00Z,17,Charge 5
2023-07-02T15:04:00Z,28,Charge 5
2023-07-02T15:05:00Z,23,Charge 5
2023-07-02T15:06:00Z,37,Charge 5
2023-07-02T15:07:00Z,4,Charge 5
2023-07-02T15:39:00Z,32,Charge 5
2023-07-02T15:42:00Z,20,Charge 5
2023-07-02T15:59:00Z,7,Charge 5
2023-07-02T16:07:00Z,13,Charge 5
2023-07-02T16:08:00Z,15,Charge 5
2023-07-02T16:15:00Z,10,Charge 5
2023-07-02T16:33:00Z,18,Charge 5
2023-07-02T16:36:00Z,8,Charge 5
2023-07-02T17:13:00Z,8,Charge 5
2023-07-02T17:15:00Z,10,Charge 5
2023-07-02T17:21:00Z,9,Charge 5
2023-07-02T17:33:00Z,7,Charge 5
2023-07-02T17:38:00Z,23,Charge 5
2023-07-02T17:41:00Z,8,Charge 5
2023-07-02T17:42:00Z,23,Charge 5
2023-07-02T17:43:00Z,19,Charge 5
2023-07-02T17:45:00Z,7,Charge 5
2023-07-02T18:19:00Z,11,Charge 5
2023-07-02T18:40:00Z,10,Charge 5
2023-07-02T18:41:00Z,18,Charge 5
2023-07-02T19:03:00Z,6,Charge 5
2023-07-02T19:35:00Z,13,Charge 5
2023-07-02T19:40:00Z,9,Charge 5
2023-07-02T19:41:00Z,16,Charge 5
2023-07-02T19:42:00Z,5,Charge 5
2023-07-02T19:43:00Z,47,Charge 5
2023-07-02T19:44:00Z,12,Charge 5
2023-07-02T19:45:00Z,15,Charge 5
2023-07-02T19:46:00Z,21,Charge 5
2023-07-02T19:47:00Z,20,Charge 5
2023-07-02T19:48:00Z,17,Charge 5
2023-07-02T20:36:00Z,9,Charge 5
2023-07-02T20:38:00Z,9,Charge 5
2023-07-02T21:45:00Z,8,Charge 5
2023-07-02T21:46:00Z,13,Charge 5
2023-07-02T21:47:00Z,16,Charge 5
2023-07-03T04:58:00Z,12,Charge 5
2023-07-03T04:59:00Z,8,Charge 5
2023-07-03T05:15:00Z,7,Charge 5
2023-07-03T05:24:00Z,5,Charge 5
2023-07-03T05:54:00Z,28,Charge 5
2023-07-03T05:55:00Z,17,Charge 5
2023-07-03T05:56:00Z,20,Charge 5
2023-07-03T05:59:00Z,11,Charge 5
2023-07-03T06:43:00Z,8,Charge 5
2023-07-03T06:44:00Z,18,Charge 5
2023-07-03T06:52:00Z,10,Charge 5
2023-07-03T06:53:00Z,10,Charge 5
2023-07-03T07:20:00Z,8,Charge 5
2023-07-03T07:21:00Z,1,Charge 5
2023-07-03T08:02:00Z,11,Charge 5
2023-07-03T08:03:00Z,16,Charge 5
2023-07-03T08:27:00Z,4,Charge 5
2023-07-03T08:33:00Z,13,Charge 5
2023-07-03T08:34:00Z,7,Charge 5
2023-07-03T08:35:00Z,41,Charge 5
2023-07-03T08:36:00Z,8,Charge 5
2023-07-03T08:37:00Z,17,Charge 5
2023-07-03T08:38:00Z,33,Charge 5
2023-07-03T08:39:00Z,58,Charge 5
2023-07-03T08:40:00Z,54,Charge 5
2023-07-03T08:41:00Z,40,Charge 5
2023-07-03T08:42:00Z,38,Charge 5
2023-07-03T08:43:00Z,5,Charge 5
2023-07-03T08:45:00Z,72,Charge 5
2023-07-03T08:46:00Z,106,Charge 5
2023-07-03T08:47:00Z,91,Charge 5
2023-07-03T08:48:00Z,81,Charge 5
2023-07-03T08:49:00Z,97,Charge 5
2023-07-03T08:50:00Z,85,Charge 5
2023-07-03T08:51:00Z,39,Charge 5
2023-07-03T08:52:00Z,57,Charge 5
2023-07-03T08:55:00Z,69,Charge 5
2023-07-03T08:56:00Z,99,Charge 5
2023-07-03T08:57:00Z,107,Charge 5
2023-07-03T08:58:00Z,105,Charge 5
2023-07-03T08:59:00Z,82,Charge 5
2023-07-03T09:02:00Z,24,Charge 5
2023-07-03T09:03:00Z,16,Charge 5
2023-07-03T09:04:00Z,11,Charge 5
2023-07-03T09:05:00Z,21,Charge 5
2023-07-03T09:06:00Z,9,Charge 5
2023-07-03T09:08:00Z,12,Charge 5
2023-07-03T09:10:00Z,16,Charge 5
2023-07-03T09:11:00Z,21,Charge 5
2023-07-03T09:12:00Z,15,Charge 5
2023-07-03T09:13:00Z,22,Charge 5
2023-07-03T09:14:00Z,18,Charge 5
2023-07-03T09:15:00Z,7,Charge 5
2023-07-03T09:16:00Z,40,Charge 5
2023-07-03T09:17:00Z,28,Charge 5
2023-07-03T09:18:00Z,58,Charge 5
2023-07-03T09:20:00Z,9,Charge 5
2023-07-03T09:23:00Z,69,Charge 5
2023-07-03T09:24:00Z,82,Charge 5
2023-07-03T09:25:00Z,103,Charge 5
2023-07-03T09:26:00Z,104,Charge 5
2023-07-03T09:27:00Z,51,Charge 5
2023-07-03T09:30:00Z,14,Charge 5
2023-07-03T09:31:00Z,93,Charge 5
2023-07-03T09:32:00Z,104,Charge 5
2023-07-03T09:33:00Z,103,Charge 5
2023-07-03T09:34:00Z,101,Charge 5
2023-07-03T09:35:00Z,98,Charge 5
2023-07-03T09:36:00Z,18,Charge 5
2023-07-03T09:47:00Z,11,Charge 5
2023-07-03T09:51:00Z,38,Charge 5
2023-07-03T09:53:00Z,32,Charge 5
2023-07-03T09:54:00Z,19,Charge 5
2023-07-03T09:55:00Z,11,Charge 5
2023-07-03T09:57:00Z,23,Charge 5
2023-07-03T09:58:00Z,6,Charge 5
2023-07-03T09:59:00Z,9,Charge 5
2023-07-03T10:00:00Z,23,Charge 5
2023-07-03T10:01:00Z,13,Charge 5
2023-07-03T10:02:00Z,9,Charge 5
2023-07-03T10:27:00Z,15,Charge 5
2023-07-03T10:28:00Z,6,Charge 5
2023-07-03T10:30:00Z,18,Charge 5
2023-07-03T13:20:00Z,15,Charge 5
2023-07-03T13:21:00Z,26,Charge 5
2023-07-03T13:25:00Z,21,Charge 5
2023-07-03T13:26:00Z,96,Charge 5
2023-07-03T13:27:00Z,84,Charge 5
2023-07-03T13:28:00Z,69,Charge 5
2023-07-03T13:29:00Z,13,Charge 5
2023-07-03T13:30:00Z,93,Charge 5
2023-07-03T13:31:00Z,99,Charge 5
2023-07-03T13:32:00Z,93,Charge 5
2023-07-03T13:33:00Z,97,Charge 5
2023-07-03T13:34:00Z,28,Charge 5
2023-07-03T13:37:00Z,26,Charge 5
2023-07-03T13:43:00Z,87,Charge 5
2023-07-03T13:44:00Z,15,Charge 5
2023-07-03T13:57:00Z,16,Charge 5
2023-07-03T14:06:00Z,7,Charge 5
2023-07-03T14:07:00Z,73,Charge 5
2023-07-03T14:08:00Z,102,Charge 5
2023-07-03T14:09:00Z,104,Charge 5
2023-07-03T14:10:00Z,100,Charge 5
2023-07-03T14:11:00Z,9,Charge 5
2023-07-03T14:14:00Z,4,Charge 5
2023-07-03T14:25:00Z,28,Charge 5
2023-07-03T14:26:00Z,17,Charge 5
2023-07-03T14:28:00Z,11,Charge 5
2023-07-03T14:43:00Z,13,Charge 5
2023-07-03T14:44:00Z,45,Charge 5
2023-07-03T14:45:00Z,45,Charge 5
2023-07-03T14:46:00Z,86,Charge 5
2023-07-03T14:47:00Z,73,Charge 5
2023-07-03T14:48:00Z,80,Charge 5
2023-07-03T14:53:00Z,38,Charge 5
2023-07-03T14:54:00Z,16,Charge 5
2023-07-03T15:08:00Z,14,Charge 5
2023-07-03T15:09:00Z,30,Charge 5
2023-07-03T15:11:00Z,5,Charge 5
2023-07-03T15:12:00Z,33,Charge 5
2023-07-03T15:13:00Z,79,Charge 5
2023-07-03T15:14:00Z,106,Charge 5
2023-07-03T15:15:00Z,102,Charge 5
2023-07-03T15:16:00Z,63,Charge 5
2023-07-03T15:27:00Z,74,Charge 5
2023-07-03T15:28:00Z,23,Charge 5
2023-07-03T15:30:00Z,9,Charge 5
2023-07-03T15:35:00Z,16,Charge 5
2023-07-03T15:36:00Z,77,Charge 5
2023-07-03T15:37:00Z,67,Charge 5
2023-07-03T15:38:00Z,104,Charge 5
2023-07-03T15:39:00Z,102,Charge 5
2023-07-03T15:40:00Z,106,Charge 5
2023-07-03T15:41:00Z,66,Charge 5
2023-07-03T15:42:00Z,25,Charge 5
2023-07-03T15:43:00Z,9,Charge 5
2023-07-03T15:53:00Z,11,Charge 5
2023-07-03T15:55:00Z,10,Charge 5
2023-07-03T16:02:00Z,10,Charge 5
2023-07-03T16:14:00Z,16,Charge 5
2023-07-03T16:27:00Z,18,Charge 5
2023-07-03T16:28:00Z,21,Charge 5
2023-07-03T16:30:00Z,6,Charge 5
2023-07-03T16:36:00Z,18,Charge 5
2023-07-03T16:37:00Z,12,Charge 5
2023-07-03T16:38:00Z,12,Charge 5
2023-07-03T16:39:00Z,6,Charge 5
2023-07-03T16:49:00Z,7,Charge 5
2023-07-03T16:51:00Z,11,Charge 5
2023-07-03T16:54:00Z,7,Charge 5
2023-07-03T16:55:00Z,13,Charge 5
2023-07-03T20:43:00Z,9,Charge 5
2023-07-03T20:44:00Z,8,Charge 5
2023-07-03T22:39:00Z,6,Charge 5
2023-07-04T03:30:00Z,6,Charge 5
2023-07-04T04:49:00Z,5,Charge 5
2023-07-04T04:50:00Z,4,Charge 5
2023-07-04T04:55:00Z,16,Charge 5
2023-07-04T04:56:00Z,2,Charge 5
2023-07-04T04:57:00Z,10,Charge 5
2023-07-04T05:13:00Z,8,Charge 5
2023-07-04T05:14:00Z,19,Charge 5
2023-07-04T05:16:00Z,14,Charge 5
2023-07-04T05:17:00Z,22,Charge 5
2023-07-04T05:18:00Z,6,Charge 5
2023-07-04T05:19:00Z,15,Charge 5
2023-07-04T05:20:00Z,23,Charge 5
2023-07-04T05:22:00Z,94,Charge 5
2023-07-04T05:23:00Z,95,Charge 5
2023-07-04T05:24:00Z,102,Charge 5
2023-07-04T05:25:00Z,87,Charge 5
2023-07-04T05:26:00Z,48,Charge 5
2023-07-04T05:27:00Z,51,Charge 5
2023-07-04T05:28:00Z,6,Charge 5
2023-07-04T05:29:00Z,33,Charge 5
2023-07-04T05:30:00Z,16,Charge 5
2023-07-04T05:52:00Z,10,Charge 5
2023-07-04T05:53:00Z,93,Charge 5
2023-07-04T05:54:00Z,59,Charge 5
2023-07-04T05:59:00Z,7,Charge 5
2023-07-04T06:00:00Z,10,Charge 5
2023-07-04T06:18:00Z,5,Charge 5
2023-07-04T06:20:00Z,101,Charge 5
2023-07-04T06:21:00Z,109,Charge 5
2023-07-04T06:22:00Z,101,Charge 5
2023-07-04T06:23:00Z,68,Charge 5
2023-07-04T06:24:00Z,47,Charge 5
2023-07-04T06:25:00Z,90,Charge 5
2023-07-04T06:26:00Z,83,Charge 5
2023-07-04T06:27:00Z,32,Charge 5
2023-07-04T06:28:00Z,70,Charge 5
2023-07-04T06:30:00Z,68,Charge 5
2023-07-04T06:31:00Z,11,Charge 5
2023-07-04T06:37:00Z,9,Charge 5
2023-07-04T06:38:00Z,48,Charge 5
2023-07-04T06:39:00Z,29,Charge 5
2023-07-04T06:40:00Z,62,Charge 5
2023-07-04T06:41:00Z,35,Charge 5
2023-07-04T06:51:00Z,57,Charge 5
2023-07-04T06:52:00Z,33,Charge 5
2023-07-04T06:57:00Z,7,Charge 5
2023-07-04T07:27:00Z,9,Charge 5
2023-07-04T07:59:00Z,65,Charge 5
2023-07-04T08:00:00Z,29,Charge 5
2023-07-04T08:01:00Z,37,Charge 5
2023-07-04T08:02:00Z,75,Charge 5
2023-07-04T08:04:00Z,42,Charge 5
2023-07-04T08:05:00Z,45,Charge 5
2023-07-04T08:06:00Z,43,Charge 5
2023-07-04T08:07:00Z,55,Charge 5
2023-07-04T08:11:00Z,20,Charge 5
2023-07-04T08:12:00Z,37,Charge 5
2023-07-04T08:13:00Z,37,Charge 5
2023-07-04T08:14:00Z,61,Charge 5
2023-07-04T08:15:00Z,27,Charge 5
2023-07-04T08:16:00Z,52,Charge 5
2023-07-04T08:17:00Z,47,Charge 5
2023-07-04T08:18:00Z,6,Charge 5
2023-07-04T08:19:00Z,26,Charge 5
2023-07-04T08:20:00Z,12,Charge 5
2023-07-04T08:21:00Z,37,Charge 5
2023-07-04T08:22:00Z,19,Charge 5
2023-07-04T08:23:00Z,24,Charge 5
2023-07-04T08:24:00Z,28,Charge 5
2023-07-04T08:25:00Z,19,Charge 5
2023-07-04T08:27:00Z,23,Charge 5
2023-07-04T08:28:00Z,58,Charge 5
2023-07-04T08:29:00Z,57,Charge 5
2023-07-04T08:30:00Z,47,Charge 5
2023-07-04T08:32:00Z,42,Charge 5
2023-07-04T08:33:00Z,53,Charge 5
2023-07-04T08:34:00Z,49,Charge 5
2023-07-04T08:35:00Z,64,Charge 5
2023-07-04T08:36:00Z,58,Charge 5
2023-07-04T08:37:00Z,49,Charge 5
2023-07-04T08:38:00Z,73,Charge 5
2023-07-04T08:39:00Z,29,Charge 5
2023-07-04T08:40:00Z,20,Charge 5
2023-07-04T08:41:00Z,83,Charge 5
2023-07-04T08:42:00Z,77,Charge 5
2023-07-04T08:43:00Z,56,Charge 5
2023-07-04T08:44:00Z,72,Charge 5
2023-07-04T08:45:00Z,24,Charge 5
2023-07-04T08:46:00Z,9,Charge 5
2023-07-04T08:47:00Z,39,Charge 5
2023-07-04T08:48:00Z,52,Charge 5
2023-07-04T08:49:00Z,45,Charge 5
2023-07-04T08:50:00Z,53,Charge 5
2023-07-04T08:51:00Z,52,Charge 5
2023-07-04T08:52:00Z,71,Charge 5
2023-07-04T08:53:00Z,3,Charge 5
2023-07-04T08:58:00Z,9,Charge 5
2023-07-04T09:00:00Z,7,Charge 5
2023-07-04T09:01:00Z,5,Charge 5
2023-07-04T09:09:00Z,8,Charge 5
2023-07-04T09:11:00Z,9,Charge 5
2023-07-04T09:23:00Z,12,Charge 5
2023-07-04T09:29:00Z,8,Charge 5
2023-07-04T09:31:00Z,61,Charge 5
2023-07-04T09:32:00Z,45,Charge 5
2023-07-04T09:33:00Z,37,Charge 5
2023-07-04T09:34:00Z,53,Charge 5
2023-07-04T09:35:00Z,15,Charge 5
2023-07-04T09:54:00Z,7,Charge 5
2023-07-04T09:58:00Z,21,Charge 5
2023-07-04T09:59:00Z,83,Charge 5
2023-07-04T10:00:00Z,45,Charge 5
2023-07-04T10:01:00Z,93,Charge 5
2023-07-04T10:02:00Z,8,Charge 5
2023-07-04T10:03:00Z,14,Charge 5
2023-07-04T10:05:00Z,38,Charge 5
2023-07-04T10:06:00Z,36,Charge 5
2023-07-04T10:12:00Z,16,Charge 5
2023-07-04T10:13:00Z,54,Charge 5
2023-07-04T10:56:00Z,79,Charge 5
2023-07-04T10:57:00Z,41,Charge 5
2023-07-04T12:31:00Z,9,Charge 5
2023-07-04T12:32:00Z,50,Charge 5
2023-07-04T12:33:00Z,10,Charge 5
2023-07-04T12:34:00Z,27,Charge 5
2023-07-04T12:35:00Z,8,Charge 5
2023-07-04T12:36:00Z,10,Charge 5
2023-07-04T12:37:00Z,82,Charge 5
2023-07-04T12:38:00Z,71,Charge 5
2023-07-04T12:39:00Z,17,Charge 5
2023-07-04T12:40:00Z,58,Charge 5
2023-07-04T12:41:00Z,77,Charge 5
2023-07-04T12:42:00Z,14,Charge 5
2023-07-04T12:43:00Z,31,Charge 5
2023-07-04T12:44:00Z,58,Charge 5
2023-07-04T12:45:00Z,73,Charge 5
2023-07-04T13:11:00Z,20,Charge 5
2023-07-04T13:13:00Z,7,Charge 5
2023-07-04T13:31:00Z,21,Charge 5
2023-07-04T13:59:00Z,32,Charge 5
2023-07-04T14:00:00Z,43,Charge 5
2023-07-04T14:04:00Z,6,Charge 5
2023-07-04T14:11:00Z,8,Charge 5
2023-07-04T14:55:00Z,8,Charge 5
2023-07-04T14:58:00Z,4,Charge 5
2023-07-04T15:19:00Z,11,Charge 5
2023-07-04T15:23:00Z,61,Charge 5
2023-07-04T15:47:00Z,72,Charge 5
2023-07-04T15:48:00Z,41,Charge 5
2023-07-04T15:52:00Z,7,Charge 5
2023-07-04T15:53:00Z,60,Charge 5
2023-07-04T15:54:00Z,47,Charge 5
2023-07-04T15:55:00Z,56,Charge 5
2023-07-04T15:56:00Z,58,Charge 5
2023-07-04T15:57:00Z,128,Charge 5
2023-07-04T15:58:00Z,31,Charge 5
2023-07-04T16:18:00Z,10,Charge 5
2023-07-04T16:19:00Z,49,Charge 5
2023-07-04T16:20:00Z,83,Charge 5
2023-07-04T16:21:00Z,101,Charge 5
2023-07-04T16:22:00Z,106,Charge 5
2023-07-04T16:23:00Z,104,Charge 5
2023-07-04T16:24:00Z,106,Charge 5
2023-07-04T16:25:00Z,85,Charge 5
2023-07-04T16:26:00Z,30,Charge 5
2023-07-04T16:27:00Z,88,Charge 5
2023-07-04T16:28:00Z,103,Charge 5
2023-07-04T16:29:00Z,108,Charge 5
2023-07-04T16:30:00Z,107,Charge 5
2023-07-04T16:31:00Z,105,Charge 5
2023-07-04T16:32:00Z,105,Charge 5
2023-07-04T16:33:00Z,101,Charge 5
2023-07-04T16:34:00Z,59,Charge 5
2023-07-04T16:37:00Z,10,Charge 5
2023-07-04T16:42:00Z,8,Charge 5
2023-07-04T16:43:00Z,20,Charge 5
2023-07-04T16:48:00Z,24,Charge 5
2023-07-04T16:49:00Z,25,Charge 5
2023-07-04T16:52:00Z,62,Charge 5
2023-07-04T16:53:00Z,104,Charge 5
2023-07-04T16:54:00Z,55,Charge 5
2023-07-04T17:12:00Z,64,Charge 5
2023-07-04T17:13:00Z,73,Charge 5
2023-07-04T17:14:00Z,106,Charge 5
2023-07-04T17:15:00Z,106,Charge 5
2023-07-04T17:16:00Z,92,Charge 5
2023-07-04T17:18:00Z,5,Charge 5
2023-07-04T17:19:00Z,10,Charge 5
2023-07-04T17:20:00Z,8,Charge 5
2023-07-04T17:21:00Z,9,Charge 5
2023-07-04T17:27:00Z,8,Charge 5
2023-07-04T17:53:00Z,9,Charge 5
2023-07-04T17:54:00Z,53,Charge 5
2023-07-04T17:55:00Z,24,Charge 5
2023-07-04T17:56:00Z,15,Charge 5
2023-07-04T17:57:00Z,19,Charge 5
2023-07-04T18:14:00Z,38,Charge 5
2023-07-04T19:12:00Z,16,Charge 5
2023-07-04T19:13:00Z,6,Charge 5
2023-07-04T19:14:00Z,8,Charge 5
2023-07-04T19:55:00Z,33,Charge 5
2023-07-04T20:03:00Z,7,Charge 5
2023-07-04T20:04:00Z,10,Charge 5
2023-07-04T20:05:00Z,5,Charge 5
2023-07-04T20:06:00Z,14,Charge 5
2023-07-04T20:07:00Z,4,Charge 5
2023-07-04T20:09:00Z,15,Charge 5
2023-07-04T20:10:00Z,9,Charge 5
2023-07-04T20:11:00Z,7,Charge 5
2023-07-04T20:12:00Z,32,Charge 5
2023-07-04T20:13:00Z,20,Charge 5
2023-07-04T20:17:00Z,10,Charge 5
2023-07-04T20:57:00Z,4,Charge 5
2023-07-04T20:59:00Z,29,Charge 5
2023-07-04T21:00:00Z,21,Charge 5
2023-07-04T21:01:00Z,29,Charge 5
2023-07-04T21:02:00Z,25,Charge 5
2023-07-04T21:11:00Z,31,Charge 5
2023-07-04T21:12:00Z,45,Charge 5
2023-07-04T21:13:00Z,127,Charge 5
2023-07-04T21:14:00Z,129,Charge 5
2023-07-04T21:15:00Z,134,Charge 5
2023-07-04T21:16:00Z,99,Charge 5
2023-07-04T21:17:00Z,99,Charge 5
2023-07-04T21:18:00Z,97,Charge 5
2023-07-04T21:19:00Z,90,Charge 5
2023-07-04T21:20:00Z,100,Charge 5
2023-07-04T21:21:00Z,81,Charge 5
2023-07-04T21:22:00Z,4,Charge 5
2023-07-04T21:23:00Z,9,Charge 5
2023-07-05T01:09:00Z,6,Charge 5
2023-07-05T01:10:00Z,8,Charge 5
2023-07-05T02:29:00Z,10,Charge 5
2023-07-05T03:59:00Z,14,Charge 5
2023-07-05T06:07:00Z,15,Charge 5
2023-07-05T06:11:00Z,11,Charge 5
2023-07-05T06:12:00Z,11,Charge 5
2023-07-05T06:14:00Z,7,Charge 5
2023-07-05T06:39:00Z,16,Charge 5
2023-07-05T06:40:00Z,22,Charge 5
2023-07-05T06:41:00Z,20,Charge 5
2023-07-05T06:42:00Z,27,Charge 5
2023-07-05T06:47:00Z,15,Charge 5
2023-07-05T06:48:00Z,30,Charge 5
2023-07-05T06:49:00Z,8,Charge 5
2023-07-05T06:51:00Z,15,Charge 5
2023-07-05T06:52:00Z,16,Charge 5
2023-07-05T06:53:00Z,9,Charge 5
2023-07-05T06:57:00Z,9,Charge 5
2023-07-05T07:00:00Z,16,Charge 5
2023-07-05T07:01:00Z,16,Charge 5
2023-07-05T07:02:00Z,43,Charge 5
2023-07-05T07:03:00Z,23,Charge 5
2023-07-05T07:04:00Z,44,Charge 5
2023-07-05T07:05:00Z,17,Charge 5
2023-07-05T07:06:00Z,45,Charge 5
2023-07-05T07:07:00Z,71,Charge 5
2023-07-05T07:08:00Z,49,Charge 5
2023-07-05T07:09:00Z,47,Charge 5
2023-07-05T07:10:00Z,8,Charge 5
2023-07-05T07:11:00Z,24,Charge 5
2023-07-05T07:12:00Z,8,Charge 5
2023-07-05T07:13:00Z,41,Charge 5
2023-07-05T07:14:00Z,16,Charge 5
2023-07-05T07:15:00Z,18,Charge 5
2023-07-05T07:26:00Z,10,Charge 5
2023-07-05T07:27:00Z,13,Charge 5
2023-07-05T07:28:00Z,44,Charge 5
2023-07-05T07:34:00Z,14,Charge 5
2023-07-05T07:35:00Z,21,Charge 5
2023-07-05T07:36:00Z,5,Charge 5
2023-07-05T07:38:00Z,10,Charge 5
2023-07-05T07:40:00Z,15,Charge 5
2023-07-05T07:43:00Z,28,Charge 5
2023-07-05T07:47:00Z,18,Charge 5
2023-07-05T07:48:00Z,7,Charge 5
2023-07-05T07:50:00Z,4,Charge 5
2023-07-05T07:51:00Z,5,Charge 5
2023-07-05T09:10:00Z,19,Charge 5
2023-07-05T09:11:00Z,13,Charge 5
2023-07-05T09:16:00Z,38,Charge 5
2023-07-05T09:17:00Z,17,Charge 5
2023-07-05T09:18:00Z,2,Charge 5
2023-07-05T09:23:00Z,9,Charge 5
2023-07-05T09:32:00Z,20,Charge 5
2023-07-05T09:35:00Z,23,Charge 5
2023-07-05T09:36:00Z,9,Charge 5
2023-07-05T09:42:00Z,32,Charge 5
2023-07-05T09:43:00Z,15,Charge 5
2023-07-05T09:45:00Z,32,Charge 5
2023-07-05T09:46:00Z,48,Charge 5
2023-07-05T09:47:00Z,85,Charge 5
2023-07-05T09:48:00Z,91,Charge 5
2023-07-05T09:49:00Z,78,Charge 5
2023-07-05T09:50:00Z,50,Charge 5
2023-07-05T09:51:00Z,62,Charge 5
2023-07-05T09:52:00Z,105,Charge 5
2023-07-05T09:53:00Z,61,Charge 5
2023-07-05T09:54:00Z,11,Charge 5
2023-07-05T09:55:00Z,19,Charge 5
2023-07-05T09:56:00Z,28,Charge 5
2023-07-05T09:57:00Z,9,Charge 5
2023-07-05T09:58:00Z,14,Charge 5
2023-07-05T10:00:00Z,26,Charge 5
2023-07-05T10:05:00Z,8,Charge 5
2023-07-05T10:06:00Z,6,Charge 5
2023-07-05T10:07:00Z,16,Charge 5
2023-07-05T10:08:00Z,37,Charge 5
2023-07-05T10:09:00Z,27,Charge 5
2023-07-05T10:10:00Z,26,Charge 5
2023-07-05T10:11:00Z,27,Charge 5
2023-07-05T10:12:00Z,25,Charge 5
2023-07-05T10:13:00Z,32,Charge 5
2023-07-05T10:14:00Z,22,Charge 5
2023-07-05T10:34:00Z,8,Charge 5
2023-07-05T10:45:00Z,27,Charge 5
2023-07-05T10:46:00Z,9,Charge 5
2023-07-05T10:48:00Z,10,Charge 5
2023-07-05T11:54:00Z,14,Charge 5
2023-07-05T12:01:00Z,12,Charge 5
2023-07-05T12:05:00Z,5,Charge 5
2023-07-05T12:08:00Z,13,Charge 5
2023-07-05T12:10:00Z,5,Charge 5
2023-07-05T12:22:00Z,12,Charge 5
2023-07-05T12:23:00Z,16,Charge 5
2023-07-05T12:25:00Z,23,Charge 5
2023-07-05T12:40:00Z,4,Charge 5
2023-07-05T13:32:00Z,40,Charge 5
2023-07-05T13:33:00Z,13,Charge 5
2023-07-05T13:34:00Z,7,Charge 5
2023-07-05T13:39:00Z,5,Charge 5
2023-07-05T13:40:00Z,14,Charge 5
2023-07-05T13:41:00Z,15,Charge 5
2023-07-05T13:42:00Z,44,Charge 5
2023-07-05T13:43:00Z,14,Charge 5
2023-07-05T13:44:00Z,13,Charge 5
2023-07-05T13:45:00Z,28,Charge 5
2023-07-05T13:46:00Z,29,Charge 5
2023-07-05T13:47:00Z,3,Charge 5
2023-07-05T13:48:00Z,7,Charge 5
2023-07-05T13:51:00Z,6,Charge 5
2023-07-05T13:52:00Z,32,Charge 5
2023-07-05T13:53:00Z,24,Charge 5
2023-07-05T14:52:00Z,8,Charge 5
2023-07-05T16:08:00Z,9,Charge 5
2023-07-05T16:33:00Z,22,Charge 5
2023-07-05T16:34:00Z,48,Charge 5
2023-07-05T16:35:00Z,35,Charge 5
2023-07-05T16:36:00Z,29,Charge 5
2023-07-05T16:37:00Z,10,Charge 5
2023-07-05T16:38:00Z,7,Charge 5
2023-07-05T16:40:00Z,24,Charge 5
2023-07-05T16:59:00Z,16,Charge 5
2023-07-05T17:01:00Z,7,Charge 5
2023-07-05T17:17:00Z,51,Charge 5
2023-07-05T17:18:00Z,58,Charge 5
2023-07-05T17:19:00Z,125,Charge 5
2023-07-05T17:20:00Z,120,Charge 5
2023-07-05T17:21:00Z,112,Charge 5
2023-07-05T17:22:00Z,128,Charge 5
2023-07-05T17:23:00Z,116,Charge 5
2023-07-05T17:24:00Z,13,Charge 5
2023-07-05T17:37:00Z,38,Charge 5
2023-07-05T17:41:00Z,17,Charge 5
2023-07-05T18:52:00Z,7,Charge 5
2023-07-05T18:53:00Z,11,Charge 5
2023-07-05T18:54:00Z,7,Charge 5
2023-07-05T18:59:00Z,18,Charge 5
2023-07-05T19:08:00Z,7,Charge 5
2023-07-05T19:13:00Z,4,Charge 5
2023-07-05T19:21:00Z,7,Charge 5
2023-07-05T19:23:00Z,4,Charge 5
2023-07-05T19:36:00Z,13,Charge 5
2023-07-05T19:48:00Z,10,Charge 5
2023-07-05T20:21:00Z,6,Charge 5
2023-07-05T20:25:00Z,7,Charge 5
2023-07-05T20:55:00Z,4,Charge 5
2023-07-06T05:15:00Z,8,Charge 5
2023-07-06T05:18:00Z,4,Charge 5
2023-07-06T05:19:00Z,2,Charge 5
2023-07-06T05:22:00Z,14,Charge 5
2023-07-06T05:36:00Z,18,Charge 5
2023-07-06T05:47:00Z,11,Charge 5
2023-07-06T05:49:00Z,4,Charge 5
2023-07-06T05:55:00Z,8,Charge 5
2023-07-06T05:56:00Z,8,Charge 5
2023-07-06T05:57:00Z,7,Charge 5
2023-07-06T06:11:00Z,16,Charge 5
2023-07-06T06:12:00Z,15,Charge 5
2023-07-06T06:13:00Z,12,Charge 5
2023-07-06T06:14:00Z,8,Charge 5
2023-07-06T06:16:00Z,6,Charge 5
2023-07-06T06:17:00Z,11,Charge 5
2023-07-06T06:24:00Z,9,Charge 5
2023-07-06T06:27:00Z,7,Charge 5
2023-07-06T06:28:00Z,10,Charge 5
2023-07-06T06:35:00Z,4,Charge 5
2023-07-06T06:44:00Z,16,Charge 5
2023-07-06T07:01:00Z,20,Charge 5
2023-07-06T07:02:00Z,17,Charge 5
2023-07-06T07:03:00Z,15,Charge 5
2023-07-06T07:04:00Z,13,Charge 5
2023-07-06T07:05:00Z,58,Charge 5
2023-07-06T07:06:00Z,17,Charge 5
2023-07-06T07:17:00Z,15,Charge 5
2023-07-06T07:18:00Z,31,Charge 5
2023-07-06T07:19:00Z,47,Charge 5
2023-07-06T07:20:00Z,46,Charge 5
2023-07-06T07:22:00Z,23,Charge 5
2023-07-06T07:23:00Z,13,Charge 5
2023-07-06T07:24:00Z,93,Charge 5
2023-07-06T07:25:00Z,97,Charge 5
2023-07-06T07:26:00Z,93,Charge 5
2023-07-06T07:27:00Z,81,Charge 5
2023-07-06T07:28:00Z,50,Charge 5
2023-07-06T07:29:00Z,34,Charge 5
2023-07-06T07:39:00Z,72,Charge 5
2023-07-06T07:40:00Z,106,Charge 5
2023-07-06T07:41:00Z,107,Charge 5
2023-07-06T07:42:00Z,110,Charge 5
2023-07-06T07:43:00Z,107,Charge 5
2023-07-06T07:44:00Z,55,Charge 5
2023-07-06T07:45:00Z,75,Charge 5
2023-07-06T07:46:00Z,105,Charge 5
2023-07-06T07:47:00Z,46,Charge 5
2023-07-06T08:00:00Z,8,Charge 5
2023-07-06T08:10:00Z,15,Charge 5
2023-07-06T08:11:00Z,86,Charge 5
2023-07-06T08:12:00Z,104,Charge 5
2023-07-06T08:13:00Z,71,Charge 5
2023-07-06T08:14:00Z,17,Charge 5
2023-07-06T08:15:00Z,28,Charge 5
2023-07-06T08:20:00Z,5,Charge 5
2023-07-06T08:21:00Z,11,Charge 5
2023-07-06T08:24:00Z,37,Charge 5
2023-07-06T08:25:00Z,30,Charge 5
2023-07-06T08:26:00Z,14,Charge 5
2023-07-06T09:18:00Z,7,Charge 5
2023-07-06T09:36:00Z,8,Charge 5
2023-07-06T09:55:00Z,9,Charge 5
2023-07-06T09:57:00Z,4,Charge 5
2023-07-06T09:58:00Z,20,Charge 5
2023-07-06T10:00:00Z,20,Charge 5
2023-07-06T10:37:00Z,9,Charge 5
2023-07-06T12:16:00Z,9,Charge 5
2023-07-06T13:10:00Z,7,Charge 5
2023-07-06T13:53:00Z,10,Charge 5
2023-07-06T13:54:00Z,8,Charge 5
2023-07-06T14:43:00Z,36,Charge 5
2023-07-06T14:44:00Z,36,Charge 5
2023-07-06T14:45:00Z,7,Charge 5
2023-07-06T14:46:00Z,36,Charge 5
2023-07-06T14:47:00Z,109,Charge 5
2023-07-06T14:48:00Z,96,Charge 5
2023-07-06T14:49:00Z,23,Charge 5
2023-07-06T14:50:00Z,42,Charge 5
2023-07-06T14:51:00Z,9,Charge 5
2023-07-06T15:18:00Z,10,Charge 5
2023-07-06T15:19:00Z,21,Charge 5
2023-07-06T15:20:00Z,58,Charge 5
2023-07-06T15:21:00Z,94,Charge 5
2023-07-06T15:22:00Z,25,Charge 5
2023-07-06T15:23:00Z,19,Charge 5
2023-07-06T15:24:00Z,8,Charge 5
2023-07-06T15:28:00Z,7,Charge 5
2023-07-06T15:33:00Z,93,Charge 5
2023-07-06T15:34:00Z,109,Charge 5
2023-07-06T15:35:00Z,108,Charge 5
2023-07-06T15:36:00Z,109,Charge 5
2023-07-06T15:37:00Z,48,Charge 5
2023-07-06T15:38:00Z,21,Charge 5
2023-07-06T15:40:00Z,12,Charge 5
2023-07-06T15:41:00Z,24,Charge 5
2023-07-06T15:42:00Z,18,Charge 5
2023-07-06T15:43:00Z,84,Charge 5
2023-07-06T15:44:00Z,14,Charge 5
2023-07-06T15:45:00Z,17,Charge 5
2023-07-06T15:46:00Z,9,Charge 5
2023-07-06T15:47:00Z,8,Charge 5
2023-07-06T15:48:00Z,16,Charge 5
2023-07-06T15:51:00Z,10,Charge 5
2023-07-06T15:53:00Z,10,Charge 5
2023-07-06T15:54:00Z,8,Charge 5
2023-07-06T15:55:00Z,20,Charge 5
2023-07-06T15:56:00Z,27,Charge 5
2023-07-06T15:59:00Z,15,Charge 5
2023-07-06T16:00:00Z,68,Charge 5
2023-07-06T16:01:00Z,49,Charge 5
2023-07-06T16:04:00Z,7,Charge 5
2023-07-06T16:07:00Z,17,Charge 5
2023-07-06T16:08:00Z,34,Charge 5
2023-07-06T16:10:00Z,44,Charge 5
2023-07-06T16:11:00Z,20,Charge 5
2023-07-06T16:12:00Z,28,Charge 5
2023-07-06T16:13:00Z,38,Charge 5
2023-07-06T16:14:00Z,34,Charge 5
2023-07-06T16:15:00Z,58,Charge 5
2023-07-06T16:16:00Z,22,Charge 5
2023-07-06T16:20:00Z,8,Charge 5
2023-07-06T16:24:00Z,24,Charge 5
2023-07-06T16:38:00Z,9,Charge 5
2023-07-06T17:34:00Z,6,Charge 5
2023-07-06T17:41:00Z,11,Charge 5
2023-07-06T17:43:00Z,21,Charge 5
2023-07-06T17:44:00Z,43,Charge 5
2023-07-06T17:45:00Z,15,Charge 5
2023-07-06T17:46:00Z,18,Charge 5
2023-07-06T17:47:00Z,104,Charge 5
2023-07-06T17:48:00Z,62,Charge 5
2023-07-06T17:49:00Z,122,Charge 5
2023-07-06T17:50:00Z,67,Charge 5
2023-07-06T18:16:00Z,8,Charge 5
2023-07-06T18:17:00Z,19,Charge 5
2023-07-06T18:18:00Z,13,Charge 5
2023-07-06T18:19:00Z,13,Charge 5
2023-07-06T18:21:00Z,17,Charge 5
2023-07-06T18:22:00Z,57,Charge 5
2023-07-06T18:23:00Z,27,Charge 5
2023-07-06T18:24:00Z,53,Charge 5
2023-07-06T18:28:00Z,11,Charge 5
2023-07-06T18:30:00Z,10,Charge 5
2023-07-06T18:31:00Z,49,Charge 5
2023-07-06T18:32:00Z,10,Charge 5
2023-07-06T18:33:00Z,29,Charge 5
2023-07-06T18:35:00Z,8,Charge 5
2023-07-06T18:38:00Z,14,Charge 5
2023-07-06T18:39:00Z,7,Charge 5
2023-07-06T18:40:00Z,5,Charge 5
2023-07-06T18:41:00Z,29,Charge 5
2023-07-06T18:42:00Z,38,Charge 5
2023-07-06T18:43:00Z,50,Charge 5
2023-07-06T18:44:00Z,51,Charge 5
2023-07-06T18:59:00Z,16,Charge 5
2023-07-06T19:01:00Z,25,Charge 5
2023-07-06T19:02:00Z,15,Charge 5
2023-07-06T19:03:00Z,11,Charge 5
2023-07-06T19:11:00Z,8,Charge 5
2023-07-06T20:03:00Z,5,Charge 5
2023-07-06T20:05:00Z,7,Charge 5
2023-07-06T20:23:00Z,6,Charge 5
2023-07-06T20:24:00Z,12,Charge 5
2023-07-06T20:47:00Z,15,Charge 5
2023-07-06T21:36:00Z,7,Charge 5
2023-07-06T21:37:00Z,18,Charge 5
2023-07-06T21:41:00Z,24,Charge 5
2023-07-06T21:45:00Z,10,Charge 5
2023-07-06T21:46:00Z,17,Charge 5
2023-07-06T21:47:00Z,5,Charge 5
2023-07-07T03:54:00Z,5,Charge 5
2023-07-07T04:01:00Z,5,Charge 5
2023-07-07T04:14:00Z,8,Charge 5
2023-07-07T04:16:00Z,10,Charge 5
2023-07-07T04:18:00Z,9,Charge 5
2023-07-07T05:54:00Z,7,Charge 5
2023-07-07T05:57:00Z,5,Charge 5
2023-07-07T05:59:00Z,6,Charge 5
2023-07-07T06:02:00Z,4,Charge 5
2023-07-07T06:05:00Z,6,Charge 5
2023-07-07T06:13:00Z,9,Charge 5
2023-07-07T06:16:00Z,8,Charge 5
2023-07-07T06:17:00Z,18,Charge 5
2023-07-07T06:18:00Z,10,Charge 5
2023-07-07T06:21:00Z,8,Charge 5
2023-07-07T06:22:00Z,10,Charge 5
2023-07-07T06:53:00Z,29,Charge 5
2023-07-07T06:58:00Z,28,Charge 5
2023-07-07T06:59:00Z,8,Charge 5
2023-07-07T07:25:00Z,5,Charge 5
2023-07-07T07:27:00Z,22,Charge 5
2023-07-07T07:28:00Z,24,Charge 5
2023-07-07T07:29:00Z,42,Charge 5
2023-07-07T07:30:00Z,9,Charge 5
2023-07-07T09:05:00Z,21,Charge 5
2023-07-07T09:09:00Z,10,Charge 5
2023-07-07T09:14:00Z,11,Charge 5
2023-07-07T09:48:00Z,8,Charge 5
2023-07-07T09:49:00Z,15,Charge 5
2023-07-07T09:50:00Z,10,Charge 5
2023-07-07T09:51:00Z,17,Charge 5
2023-07-07T10:27:00Z,38,Charge 5
2023-07-07T10:28:00Z,34,Charge 5
2023-07-07T10:52:00Z,7,Charge 5
2023-07-07T10:56:00Z,11,Charge 5
2023-07-07T10:57:00Z,20,Charge 5
2023-07-07T10:58:00Z,16,Charge 5
2023-07-07T11:14:00Z,4,Charge 5
2023-07-07T12:52:00Z,7,Charge 5
2023-07-07T13:34:00Z,12,Charge 5
2023-07-07T13:37:00Z,10,Charge 5
2023-07-07T13:48:00Z,11,Charge 5
2023-07-07T13:49:00Z,9,Charge 5
2023-07-07T13:50:00Z,24,Charge 5
2023-07-07T14:01:00Z,11,Charge 5
2023-07-07T14:02:00Z,29,Charge 5
2023-07-07T14:46:00Z,19,Charge 5
2023-07-07T14:47:00Z,2,Charge 5
2023-07-07T15:01:00Z,38,Charge 5
2023-07-07T15:02:00Z,22,Charge 5
2023-07-07T15:18:00Z,13,Charge 5
2023-07-07T15:19:00Z,9,Charge 5
2023-07-07T15:34:00Z,23,Charge 5
2023-07-07T15:35:00Z,23,Charge 5
2023-07-07T15:36:00Z,9,Charge 5
2023-07-07T16:46:00Z,15,Charge 5
2023-07-07T16:47:00Z,1,Charge 5
2023-07-07T16:48:00Z,6,Charge 5
2023-07-07T16:49:00Z,18,Charge 5
2023-07-07T17:11:00Z,17,Charge 5
2023-07-07T17:12:00Z,7,Charge 5
2023-07-07T17:19:00Z,4,Charge 5
2023-07-07T17:48:00Z,10,Charge 5
2023-07-07T18:20:00Z,8,Charge 5
2023-07-07T18:23:00Z,35,Charge 5
2023-07-07T18:24:00Z,5,Charge 5
2023-07-07T18:25:00Z,38,Charge 5
2023-07-07T18:26:00Z,80,Charge 5
2023-07-07T18:27:00Z,88,Charge 5
2023-07-07T18:28:00Z,97,Charge 5
2023-07-07T18:29:00Z,44,Charge 5
2023-07-07T18:30:00Z,76,Charge 5
2023-07-07T18:31:00Z,29,Charge 5
2023-07-07T18:34:00Z,22,Charge 5
2023-07-07T18:35:00Z,97,Charge 5
2023-07-07T18:36:00Z,73,Charge 5
2023-07-07T18:37:00Z,85,Charge 5
2023-07-07T18:38:00Z,100,Charge 5
2023-07-07T18:39:00Z,9,Charge 5
2023-07-07T18:40:00Z,27,Charge 5
2023-07-07T18:43:00Z,20,Charge 5
2023-07-07T18:44:00Z,15,Charge 5
2023-07-07T18:45:00Z,11,Charge 5
2023-07-07T18:48:00Z,28,Charge 5
2023-07-07T18:49:00Z,12,Charge 5
2023-07-07T18:50:00Z,9,Charge 5
2023-07-07T18:51:00Z,29,Charge 5
2023-07-07T18:52:00Z,32,Charge 5
2023-07-07T18:53:00Z,24,Charge 5
2023-07-07T18:54:00Z,22,Charge 5
2023-07-07T18:55:00Z,19,Charge 5
2023-07-07T18:56:00Z,36,Charge 5
2023-07-07T18:57:00Z,48,Charge 5
2023-07-07T18:58:00Z,27,Charge 5
2023-07-07T18:59:00Z,6,Charge 5
2023-07-07T19:02:00Z,21,Charge 5
2023-07-07T19:03:00Z,4,Charge 5
2023-07-07T19:04:00Z,55,Charge 5
2023-07-07T19:05:00Z,57,Charge 5
2023-07-07T19:07:00Z,23,Charge 5
2023-07-07T19:08:00Z,11,Charge 5
2023-07-07T19:09:00Z,46,Charge 5
2023-07-07T19:10:00Z,18,Charge 5
2023-07-07T19:11:00Z,49,Charge 5
2023-07-07T19:12:00Z,92,Charge 5
2023-07-07T19:13:00Z,70,Charge 5
2023-07-07T19:14:00Z,92,Charge 5
2023-07-07T19:15:00Z,50,Charge 5
2023-07-07T19:17:00Z,20,Charge 5
2023-07-07T19:20:00Z,69,Charge 5
2023-07-07T19:21:00Z,101,Charge 5
2023-07-07T19:22:00Z,97,Charge 5
2023-07-07T19:23:00Z,98,Charge 5
2023-07-07T19:24:00Z,89,Charge 5
2023-07-07T19:25:00Z,80,Charge 5
2023-07-07T19:26:00Z,25,Charge 5
2023-07-07T19:39:00Z,23,Charge 5
2023-07-07T19:40:00Z,12,Charge 5
2023-07-07T19:41:00Z,32,Charge 5
2023-07-07T19:42:00Z,12,Charge 5
2023-07-07T19:43:00Z,33,Charge 5
2023-07-07T19:45:00Z,17,Charge 5
2023-07-07T19:47:00Z,7,Charge 5
2023-07-07T19:48:00Z,2,Charge 5
2023-07-07T20:00:00Z,4,Charge 5
2023-07-07T20:03:00Z,8,Charge 5
2023-07-07T20:42:00Z,11,Charge 5
2023-07-07T20:43:00Z,34,Charge 5
2023-07-07T20:44:00Z,10,Charge 5
2023-07-07T22:01:00Z,16,Charge 5
2023-07-07T23:23:00Z,7,Charge 5
2023-07-08T03:40:00Z,6,Charge 5
2023-07-08T03:42:00Z,8,Charge 5
2023-07-08T07:11:00Z,6,Charge 5
2023-07-08T07:19:00Z,9,Charge 5
2023-07-08T07:38:00Z,12,Charge 5
2023-07-08T07:44:00Z,37,Charge 5
2023-07-08T07:45:00Z,16,Charge 5
2023-07-08T07:50:00Z,11,Charge 5
2023-07-08T07:51:00Z,7,Charge 5
2023-07-08T07:55:00Z,10,Charge 5
2023-07-08T07:58:00Z,4,Charge 5
2023-07-08T08:03:00Z,8,Charge 5
2023-07-08T08:09:00Z,6,Charge 5
2023-07-08T08:10:00Z,27,Charge 5
2023-07-08T08:11:00Z,12,Charge 5
2023-07-08T08:12:00Z,13,Charge 5
2023-07-08T08:24:00Z,25,Charge 5
2023-07-08T08:26:00Z,9,Charge 5
2023-07-08T08:36:00Z,14,Charge 5
2023-07-08T08:37:00Z,12,Charge 5
2023-07-08T08:43:00Z,7,Charge 5
2023-07-08T08:46:00Z,9,Charge 5
2023-07-08T09:23:00Z,14,Charge 5
2023-07-08T09:24:00Z,7,Charge 5
2023-07-08T09:25:00Z,27,Charge 5
2023-07-08T09:29:00Z,16,Charge 5
2023-07-08T09:42:00Z,70,Charge 5
2023-07-08T09:43:00Z,18,Charge 5
2023-07-08T09:45:00Z,7,Charge 5
2023-07-08T09:48:00Z,12,Charge 5
2023-07-08T09:49:00Z,36,Charge 5
2023-07-08T09:50:00Z,17,Charge 5
2023-07-08T10:01:00Z,4,Charge 5
2023-07-08T10:07:00Z,4,Charge 5
2023-07-08T10:17:00Z,18,Charge 5
2023-07-08T10:23:00Z,14,Charge 5
2023-07-08T10:33:00Z,4,Charge 5
2023-07-08T10:36:00Z,42,Charge 5
2023-07-08T10:37:00Z,32,Charge 5
2023-07-08T11:44:00Z,12,Charge 5
2023-07-08T11:56:00Z,19,Charge 5
2023-07-08T12:00:00Z,22,Charge 5
2023-07-08T12:01:00Z,4,Charge 5
2023-07-08T12:07:00Z,10,Charge 5
2023-07-08T12:10:00Z,9,Charge 5
2023-07-08T12:11:00Z,28,Charge 5
2023-07-08T12:13:00Z,19,Charge 5
2023-07-08T12:19:00Z,7,Charge 5
2023-07-08T12:24:00Z,6,Charge 5
2023-07-08T12:26:00Z,20,Charge 5
2023-07-08T12:27:00Z,8,Charge 5
2023-07-08T12:29:00Z,32,Charge 5
2023-07-08T12:30:00Z,22,Charge 5
2023-07-08T12:32:00Z,10,Charge 5
2023-07-08T12:37:00Z,6,Charge 5
2023-07-08T12:39:00Z,7,Charge 5
2023-07-08T12:40:00Z,19,Charge 5
2023-07-08T12:41:00Z,7,Charge 5
2023-07-08T12:42:00Z,23,Charge 5
2023-07-08T12:43:00Z,12,Charge 5
2023-07-08T12:44:00Z,27,Charge 5
2023-07-08T12:47:00Z,6,Charge 5
2023-07-08T12:50:00Z,14,Charge 5
2023-07-08T12:53:00Z,13,Charge 5
2023-07-08T12:54:00Z,57,Charge 5
2023-07-08T12:55:00Z,7,Charge 5
2023-07-08T12:57:00Z,15,Charge 5
2023-07-08T12:58:00Z,11,Charge 5
2023-07-08T13:00:00Z,41,Charge 5
2023-07-08T13:06:00Z,9,Charge 5
2023-07-08T13:07:00Z,24,Charge 5
2023-07-08T13:09:00Z,34,Charge 5
2023-07-08T13:10:00Z,27,Charge 5
2023-07-08T13:11:00Z,15,Charge 5
2023-07-08T13:12:00Z,25,Charge 5
2023-07-08T13:24:00Z,15,Charge 5
2023-07-08T13:26:00Z,43,Charge 5
2023-07-08T13:27:00Z,13,Charge 5
2023-07-08T13:28:00Z,12,Charge 5
2023-07-08T13:29:00Z,27,Charge 5
2023-07-08T13:31:00Z,54,Charge 5
2023-07-08T13:32:00Z,27,Charge 5
2023-07-08T13:33:00Z,32,Charge 5
2023-07-08T13:34:00Z,35,Charge 5
2023-07-08T13:35:00Z,25,Charge 5
2023-07-08T13:36:00Z,7,Charge 5
2023-07-08T13:39:00Z,8,Charge 5
2023-07-08T13:41:00Z,21,Charge 5
2023-07-08T13:42:00Z,16,Charge 5
2023-07-08T13:43:00Z,12,Charge 5
2023-07-08T13:44:00Z,29,Charge 5
2023-07-08T13:45:00Z,14,Charge 5
2023-07-08T13:46:00Z,10,Charge 5
2023-07-08T13:49:00Z,11,Charge 5
2023-07-08T13:50:00Z,4,Charge 5
2023-07-08T13:51:00Z,7,Charge 5
2023-07-08T13:57:00Z,21,Charge 5
2023-07-08T13:58:00Z,35,Charge 5
2023-07-08T13:59:00Z,36,Charge 5
2023-07-08T14:00:00Z,23,Charge 5
2023-07-08T14:01:00Z,19,Charge 5
2023-07-08T14:02:00Z,38,Charge 5
2023-07-08T14:03:00Z,23,Charge 5
2023-07-08T14:04:00Z,16,Charge 5
2023-07-08T14:05:00Z,46,Charge 5
2023-07-08T14:06:00Z,26,Charge 5
2023-07-08T14:08:00Z,18,Charge 5
2023-07-08T14:09:00Z,11,Charge 5
2023-07-08T14:12:00Z,18,Charge 5
2023-07-08T14:43:00Z,26,Charge 5
2023-07-08T14:44:00Z,20,Charge 5
2023-07-08T14:46:00Z,31,Charge 5
2023-07-08T14:47:00Z,26,Charge 5
2023-07-08T14:48:00Z,15,Charge 5
2023-07-08T14:49:00Z,19,Charge 5
2023-07-08T14:50:00Z,25,Charge 5
2023-07-08T14:51:00Z,26,Charge 5
2023-07-08T14:53:00Z,8,Charge 5
2023-07-08T14:54:00Z,25,Charge 5
2023-07-08T14:55:00Z,26,Charge 5
2023-07-08T14:57:00Z,11,Charge 5
2023-07-08T14:58:00Z,35,Charge 5
2023-07-08T14:59:00Z,18,Charge 5
2023-07-08T15:01:00Z,7,Charge 5
2023-07-08T15:05:00Z,6,Charge 5
2023-07-08T15:06:00Z,9,Charge 5
2023-07-08T15:11:00Z,16,Charge 5
2023-07-08T15:12:00Z,22,Charge 5
2023-07-08T15:13:00Z,31,Charge 5
2023-07-08T15:23:00Z,7,Charge 5
2023-07-08T15:24:00Z,29,Charge 5
2023-07-08T15:36:00Z,26,Charge 5
2023-07-08T15:37:00Z,63,Charge 5
2023-07-08T15:38:00Z,20,Charge 5
2023-07-08T15:39:00Z,6,Charge 5
2023-07-08T15:40:00Z,6,Charge 5
2023-07-08T15:41:00Z,9,Charge 5
2023-07-08T15:42:00Z,34,Charge 5
2023-07-08T15:43:00Z,39,Charge 5
2023-07-08T15:45:00Z,15,Charge 5
2023-07-08T15:46:00Z,8,Charge 5
2023-07-08T15:58:00Z,9,Charge 5
2023-07-08T15:59:00Z,26,Charge 5
2023-07-08T16:01:00Z,50,Charge 5
2023-07-08T16:02:00Z,39,Charge 5
2023-07-08T16:03:00Z,6,Charge 5
2023-07-08T16:06:00Z,20,Charge 5
2023-07-08T16:07:00Z,34,Charge 5
2023-07-08T16:08:00Z,42,Charge 5
2023-07-08T16:09:00Z,30,Charge 5
2023-07-08T16:23:00Z,11,Charge 5
2023-07-08T16:24:00Z,4,Charge 5
2023-07-08T16:25:00Z,8,Charge 5
2023-07-08T16:26:00Z,20,Charge 5
2023-07-08T16:27:00Z,7,Charge 5
2023-07-08T16:28:00Z,20,Charge 5
2023-07-08T16:29:00Z,8,Charge 5
2023-07-08T16:30:00Z,33,Charge 5
2023-07-08T16:31:00Z,6,Charge 5
2023-07-08T16:32:00Z,16,Charge 5
2023-07-08T16:37:00Z,9,Charge 5
2023-07-08T16:41:00Z,18,Charge 5
2023-07-08T16:53:00Z,7,Charge 5
2023-07-08T16:57:00Z,9,Charge 5
2023-07-08T17:00:00Z,10,Charge 5
2023-07-08T17:01:00Z,19,Charge 5
2023-07-08T17:37:00Z,18,Charge 5
2023-07-08T17:41:00Z,30,Charge 5
2023-07-08T18:09:00Z,9,Charge 5
2023-07-08T18:24:00Z,5,Charge 5
2023-07-08T18:36:00Z,19,Charge 5
2023-07-08T18:37:00Z,1,Charge 5
2023-07-08T19:01:00Z,5,Charge 5
2023-07-08T19:02:00Z,16,Charge 5
2023-07-08T19:04:00Z,20,Charge 5
2023-07-08T19:14:00Z,7,Charge 5
2023-07-08T19:31:00Z,22,Charge 5
2023-07-08T19:46:00Z,41,Charge 5
2023-07-08T19:47:00Z,13,Charge 5
2023-07-08T19:48:00Z,9,Charge 5
2023-07-08T19:49:00Z,24,Charge 5
2023-07-08T19:50:00Z,9,Charge 5
2023-07-08T19:51:00Z,15,Charge 5
2023-07-08T19:52:00Z,18,Charge 5
2023-07-08T19:55:00Z,8,Charge 5
2023-07-08T19:56:00Z,8,Charge 5
2023-07-08T19:57:00Z,17,Charge 5
2023-07-08T19:58:00Z,10,Charge 5
2023-07-08T20:19:00Z,7,Charge 5
2023-07-08T20:20:00Z,16,Charge 5
2023-07-09T08:14:00Z,8,Charge 5
2023-07-09T08:16:00Z,40,Charge 5
2023-07-09T08:22:00Z,13,Charge 5
2023-07-09T08:28:00Z,6,Charge 5
2023-07-09T08:39:00Z,7,Charge 5
2023-07-09T08:40:00Z,6,Charge 5
2023-07-09T08:45:00Z,29,Charge 5
2023-07-09T08:46:00Z,9,Charge 5
2023-07-09T08:53:00Z,13,Charge 5
2023-07-09T08:56:00Z,23,Charge 5
2023-07-09T08:57:00Z,9,Charge 5
2023-07-09T08:58:00Z,25,Charge 5
2023-07-09T09:01:00Z,6,Charge 5
2023-07-09T09:02:00Z,2,Charge 5
2023-07-09T09:04:00Z,21,Charge 5
2023-07-09T09:06:00Z,12,Charge 5
2023-07-09T09:07:00Z,14,Charge 5
2023-07-09T09:09:00Z,46,Charge 5
2023-07-09T09:10:00Z,82,Charge 5
2023-07-09T09:11:00Z,113,Charge 5
2023-07-09T09:12:00Z,81,Charge 5
2023-07-09T09:13:00Z,110,Charge 5
2023-07-09T09:14:00Z,106,Charge 5
2023-07-09T09:15:00Z,64,Charge 5
2023-07-09T09:16:00Z,64,Charge 5
2023-07-09T09:17:00Z,36,Charge 5
2023-07-09T09:18:00Z,12,Charge 5
2023-07-09T09:19:00Z,11,Charge 5
2023-07-09T09:20:00Z,11,Charge 5
2023-07-09T09:21:00Z,8,Charge 5
2023-07-09T09:22:00Z,31,Charge 5
2023-07-09T09:23:00Z,27,Charge 5
2023-07-09T09:24:00Z,15,Charge 5
2023-07-09T09:27:00Z,15,Charge 5
2023-07-09T09:29:00Z,19,Charge 5
2023-07-09T09:30:00Z,38,Charge 5
2023-07-09T09:31:00Z,14,Charge 5
2023-07-09T09:49:00Z,20,Charge 5
2023-07-09T09:50:00Z,2,Charge 5
2023-07-09T09:51:00Z,130,Charge 5
2023-07-09T09:52:00Z,47,Charge 5
2023-07-09T09:53:00Z,48,Charge 5
2023-07-09T09:55:00Z,52,Charge 5
2023-07-09T09:56:00Z,45,Charge 5
2023-07-09T09:57:00Z,74,Charge 5
2023-07-09T09:58:00Z,9,Charge 5
2023-07-09T09:59:00Z,13,Charge 5
2023-07-09T10:01:00Z,11,Charge 5
2023-07-09T10:02:00Z,17,Charge 5
2023-07-09T10:06:00Z,14,Charge 5
2023-07-09T10:07:00Z,8,Charge 5
2023-07-09T10:37:00Z,22,Charge 5
2023-07-09T10:43:00Z,7,Charge 5
2023-07-09T10:44:00Z,46,Charge 5
2023-07-09T10:45:00Z,95,Charge 5
2023-07-09T10:46:00Z,124,Charge 5
2023-07-09T10:47:00Z,33,Charge 5
2023-07-09T11:02:00Z,8,Charge 5
2023-07-09T11:05:00Z,8,Charge 5
2023-07-09T11:06:00Z,46,Charge 5
2023-07-09T11:07:00Z,6,Charge 5
2023-07-09T11:08:00Z,4,Charge 5
2023-07-09T11:12:00Z,7,Charge 5
2023-07-09T11:14:00Z,8,Charge 5
2023-07-09T11:15:00Z,13,Charge 5
2023-07-09T11:16:00Z,23,Charge 5
2023-07-09T11:17:00Z,5,Charge 5
2023-07-09T11:18:00Z,9,Charge 5
2023-07-09T11:19:00Z,19,Charge 5
2023-07-09T11:24:00Z,6,Charge 5
2023-07-09T11:27:00Z,24,Charge 5
2023-07-09T11:34:00Z,10,Charge 5
2023-07-09T11:37:00Z,8,Charge 5
2023-07-09T11:42:00Z,4,Charge 5
2023-07-09T11:52:00Z,7,Charge 5
2023-07-09T11:58:00Z,10,Charge 5
2023-07-09T11:59:00Z,2,Charge 5
2023-07-09T12:18:00Z,21,Charge 5
2023-07-09T12:19:00Z,4,Charge 5
2023-07-09T12:33:00Z,15,Charge 5
2023-07-09T12:38:00Z,16,Charge 5
2023-07-09T12:40:00Z,6,Charge 5
2023-07-09T12:47:00Z,12,Charge 5
2023-07-09T12:48:00Z,12,Charge 5
2023-07-09T12:50:00Z,45,Charge 5
2023-07-09T12:51:00Z,16,Charge 5
2023-07-09T12:52:00Z,17,Charge 5
2023-07-09T12:59:00Z,11,Charge 5
2023-07-09T13:12:00Z,10,Charge 5
2023-07-09T13:14:00Z,6,Charge 5
2023-07-09T13:15:00Z,24,Charge 5
2023-07-09T13:16:00Z,31,Charge 5
2023-07-09T13:18:00Z,20,Charge 5
2023-07-09T13:19:00Z,27,Charge 5
2023-07-09T13:20:00Z,8,Charge 5
2023-07-09T13:21:00Z,20,Charge 5
2023-07-09T13:26:00Z,4,Charge 5
2023-07-09T13:28:00Z,18,Charge 5
2023-07-09T13:29:00Z,7,Charge 5
2023-07-09T13:30:00Z,14,Charge 5
2023-07-09T13:31:00Z,30,Charge 5
2023-07-09T13:32:00Z,4,Charge 5
2023-07-09T13:34:00Z,7,Charge 5
2023-07-09T13:37:00Z,18,Charge 5
2023-07-09T13:39:00Z,33,Charge 5
2023-07-09T13:40:00Z,8,Charge 5
2023-07-09T13:42:00Z,10,Charge 5
2023-07-09T14:04:00Z,4,Charge 5
2023-07-09T14:08:00Z,8,Charge 5
2023-07-09T14:11:00Z,8,Charge 5
2023-07-09T14:16:00Z,10,Charge 5
2023-07-09T14:25:00Z,7,Charge 5
2023-07-09T14:33:00Z,13,Charge 5
2023-07-09T14:44:00Z,18,Charge 5
2023-07-09T15:01:00Z,7,Charge 5
2023-07-09T15:02:00Z,1,Charge 5
2023-07-09T15:15:00Z,11,Charge 5
2023-07-09T15:18:00Z,10,Charge 5
2023-07-09T15:20:00Z,21,Charge 5
2023-07-09T15:22:00Z,18,Charge 5
2023-07-09T15:23:00Z,6,Charge 5
2023-07-09T15:24:00Z,3,Charge 5
2023-07-09T15:31:00Z,19,Charge 5
2023-07-09T15:34:00Z,15,Charge 5
2023-07-09T15:38:00Z,6,Charge 5
2023-07-09T16:01:00Z,8,Charge 5
2023-07-09T16:06:00Z,5,Charge 5
2023-07-09T16:07:00Z,7,Charge 5
2023-07-09T16:10:00Z,10,Charge 5
2023-07-09T16:13:00Z,4,Charge 5
2023-07-09T16:16:00Z,25,Charge 5
2023-07-09T16:17:00Z,41,Charge 5
2023-07-09T16:27:00Z,7,Charge 5
2023-07-09T16:29:00Z,24,Charge 5
2023-07-09T16:30:00Z,46,Charge 5
2023-07-09T16:31:00Z,17,Charge 5
2023-07-09T16:32:00Z,26,Charge 5
2023-07-09T16:33:00Z,1,Charge 5
2023-07-09T16:34:00Z,50,Charge 5
2023-07-09T16:35:00Z,1,Charge 5
2023-07-09T16:36:00Z,26,Charge 5
2023-07-09T16:37:00Z,26,Charge 5
2023-07-09T16:38:00Z,45,Charge 5
2023-07-09T16:40:00Z,21,Charge 5
2023-07-09T16:41:00Z,6,Charge 5
2023-07-09T16:43:00Z,44,Charge 5
2023-07-09T16:44:00Z,52,Charge 5
2023-07-09T16:45:00Z,7,Charge 5
2023-07-09T16:46:00Z,10,Charge 5
2023-07-09T16:49:00Z,17,Charge 5
2023-07-09T16:50:00Z,24,Charge 5
2023-07-09T16:54:00Z,29,Charge 5
2023-07-09T16:55:00Z,6,Charge 5
2023-07-09T17:03:00Z,6,Charge 5
2023-07-09T17:04:00Z,22,Charge 5
2023-07-09T17:13:00Z,19,Charge 5
2023-07-09T17:32:00Z,6,Charge 5
2023-07-09T17:41:00Z,7,Charge 5
2023-07-09T17:46:00Z,10,Charge 5
2023-07-09T18:02:00Z,10,Charge 5
2023-07-09T18:03:00Z,6,Charge 5
2023-07-09T18:04:00Z,23,Charge 5
2023-07-09T18:05:00Z,28,Charge 5
2023-07-09T18:06:00Z,51,Charge 5
2023-07-09T18:07:00Z,56,Charge 5
2023-07-09T18:08:00Z,19,Charge 5
2023-07-09T18:09:00Z,45,Charge 5
2023-07-09T18:10:00Z,26,Charge 5
2023-07-09T18:15:00Z,13,Charge 5
2023-07-09T18:16:00Z,31,Charge 5
2023-07-09T18:31:00Z,21,Charge 5
2023-07-09T18:36:00Z,18,Charge 5
2023-07-09T18:37:00Z,54,Charge 5
2023-07-09T18:43:00Z,5,Charge 5
2023-07-09T18:47:00Z,6,Charge 5
2023-07-09T18:50:00Z,8,Charge 5
2023-07-09T19:03:00Z,7,Charge 5
2023-07-09T19:06:00Z,7,Charge 5
2023-07-09T19:07:00Z,8,Charge 5
2023-07-09T19:21:00Z,7,Charge 5
2023-07-09T19:22:00Z,19,Charge 5
2023-07-09T19:23:00Z,6,Charge 5
2023-07-09T19:24:00Z,7,Charge 5
2023-07-09T19:25:00Z,4,Charge 5
2023-07-09T19:26:00Z,1,Charge 5
2023-07-09T20:09:00Z,14,Charge 5
2023-07-09T20:13:00Z,13,Charge 5
2023-07-09T20:16:00Z,7,Charge 5
2023-07-09T21:09:00Z,8,Charge 5
2023-07-09T21:11:00Z,8,Charge 5
2023-07-09T21:18:00Z,9,Charge 5
2023-07-09T21:20:00Z,8,Charge 5
2023-07-10T06:00:00Z,7,Charge 5
2023-07-10T06:03:00Z,6,Charge 5
2023-07-10T06:04:00Z,15,Charge 5
2023-07-10T06:20:00Z,13,Charge 5
2023-07-10T06:21:00Z,29,Charge 5
2023-07-10T06:22:00Z,7,Charge 5
2023-07-10T06:24:00Z,43,Charge 5
2023-07-10T06:30:00Z,9,Charge 5
2023-07-10T06:31:00Z,10,Charge 5
2023-07-10T06:32:00Z,32,Charge 5
2023-07-10T06:33:00Z,20,Charge 5
2023-07-10T06:34:00Z,86,Charge 5
2023-07-10T06:35:00Z,97,Charge 5
2023-07-10T06:36:00Z,106,Charge 5
2023-07-10T06:37:00Z,88,Charge 5
2023-07-10T06:38:00Z,66,Charge 5
2023-07-10T06:39:00Z,15,Charge 5
2023-07-10T06:40:00Z,9,Charge 5
2023-07-10T06:43:00Z,6,Charge 5
2023-07-10T07:00:00Z,47,Charge 5
2023-07-10T07:01:00Z,83,Charge 5
2023-07-10T07:02:00Z,25,Charge 5
2023-07-10T07:10:00Z,6,Charge 5
2023-07-10T07:18:00Z,18,Charge 5
2023-07-10T07:19:00Z,2,Charge 5
2023-07-10T07:40:00Z,82,Charge 5
2023-07-10T07:41:00Z,105,Charge 5
2023-07-10T07:42:00Z,98,Charge 5
2023-07-10T07:43:00Z,48,Charge 5
2023-07-10T07:44:00Z,97,Charge 5
2023-07-10T07:45:00Z,85,Charge 5
2023-07-10T07:46:00Z,73,Charge 5
2023-07-10T07:47:00Z,31,Charge 5
2023-07-10T07:50:00Z,12,Charge 5
2023-07-10T07:52:00Z,36,Charge 5
2023-07-10T07:53:00Z,78,Charge 5
2023-07-10T07:54:00Z,92,Charge 5
2023-07-10T07:55:00Z,91,Charge 5
2023-07-10T07:56:00Z,93,Charge 5
2023-07-10T07:57:00Z,100,Charge 5
2023-07-10T07:58:00Z,102,Charge 5
2023-07-10T07:59:00Z,85,Charge 5
2023-07-10T08:00:00Z,73,Charge 5
2023-07-10T08:01:00Z,112,Charge 5
2023-07-10T08:02:00Z,105,Charge 5
2023-07-10T08:03:00Z,102,Charge 5
2023-07-10T08:04:00Z,79,Charge 5
2023-07-10T08:05:00Z,108,Charge 5
2023-07-10T08:06:00Z,94,Charge 5
2023-07-10T08:07:00Z,89,Charge 5
2023-07-10T08:08:00Z,41,Charge 5
2023-07-10T08:09:00Z,8,Charge 5
2023-07-10T08:10:00Z,48,Charge 5
2023-07-10T08:11:00Z,75,Charge 5
2023-07-10T08:12:00Z,49,Charge 5
2023-07-10T08:13:00Z,96,Charge 5
2023-07-10T08:17:00Z,6,Charge 5
2023-07-10T08:24:00Z,80,Charge 5
2023-07-10T08:25:00Z,16,Charge 5
2023-07-10T08:26:00Z,111,Charge 5
2023-07-10T08:27:00Z,63,Charge 5
2023-07-10T08:28:00Z,97,Charge 5
2023-07-10T08:29:00Z,84,Charge 5
2023-07-10T08:30:00Z,95,Charge 5
2023-07-10T08:31:00Z,64,Charge 5
2023-07-10T08:32:00Z,63,Charge 5
2023-07-10T08:33:00Z,106,Charge 5
2023-07-10T08:34:00Z,70,Charge 5
2023-07-10T08:35:00Z,106,Charge 5
2023-07-10T08:36:00Z,86,Charge 5
2023-07-10T08:37:00Z,28,Charge 5
2023-07-10T08:38:00Z,46,Charge 5
2023-07-10T08:39:00Z,78,Charge 5
2023-07-10T08:40:00Z,39,Charge 5
2023-07-10T08:41:00Z,92,Charge 5
2023-07-10T08:42:00Z,99,Charge 5
2023-07-10T08:43:00Z,63,Charge 5
2023-07-10T08:44:00Z,97,Charge 5
2023-07-10T08:45:00Z,76,Charge 5
2023-07-10T08:46:00Z,88,Charge 5
2023-07-10T08:47:00Z,93,Charge 5
2023-07-10T08:48:00Z,47,Charge 5
2023-07-10T08:49:00Z,50,Charge 5
2023-07-10T08:50:00Z,59,Charge 5
2023-07-10T08:51:00Z,57,Charge 5
2023-07-10T08:52:00Z,72,Charge 5
2023-07-10T08:53:00Z,9,Charge 5
2023-07-10T08:56:00Z,4,Charge 5
2023-07-10T08:58:00Z,9,Charge 5
2023-07-10T09:02:00Z,4,Charge 5
2023-07-10T09:23:00Z,13,Charge 5
2023-07-10T09:25:00Z,48,Charge 5
2023-07-10T09:27:00Z,79,Charge 5
2023-07-10T09:28:00Z,10,Charge 5
2023-07-10T09:50:00Z,94,Charge 5
2023-07-10T09:51:00Z,43,Charge 5
2023-07-10T09:52:00Z,79,Charge 5
2023-07-10T09:53:00Z,17,Charge 5
2023-07-10T09:54:00Z,34,Charge 5
2023-07-10T10:09:00Z,9,Charge 5
2023-07-10T10:10:00Z,85,Charge 5
2023-07-10T10:11:00Z,36,Charge 5
2023-07-10T10:12:00Z,101,Charge 5
2023-07-10T10:13:00Z,2,Charge 5
2023-07-10T10:31:00Z,8,Charge 5
2023-07-10T10:35:00Z,21,Charge 5
2023-07-10T10:36:00Z,52,Charge 5
2023-07-10T10:37:00Z,59,Charge 5
2023-07-10T10:38:00Z,29,Charge 5
2023-07-10T10:47:00Z,19,Charge 5
2023-07-10T10:48:00Z,29,Charge 5
2023-07-10T10:49:00Z,51,Charge 5
2023-07-10T10:50:00Z,45,Charge 5
2023-07-10T10:51:00Z,43,Charge 5
2023-07-10T10:52:00Z,102,Charge 5
2023-07-10T10:53:00Z,85,Charge 5
2023-07-10T10:54:00Z,57,Charge 5
2023-07-10T10:55:00Z,31,Charge 5
2023-07-10T10:56:00Z,53,Charge 5
2023-07-10T11:00:00Z,6,Charge 5
2023-07-10T11:23:00Z,79,Charge 5
2023-07-10T11:26:00Z,79,Charge 5
2023-07-10T11:30:00Z,8,Charge 5
2023-07-10T11:39:00Z,77,Charge 5
2023-07-10T11:41:00Z,80,Charge 5
2023-07-10T11:44:00Z,7,Charge 5
2023-07-10T11:46:00Z,11,Charge 5
2023-07-10T11:58:00Z,10,Charge 5
2023-07-10T12:07:00Z,4,Charge 5
2023-07-10T12:09:00Z,6,Charge 5
2023-07-10T12:16:00Z,27,Charge 5
2023-07-10T12:17:00Z,20,Charge 5
2023-07-10T12:18:00Z,35,Charge 5
2023-07-10T12:19:00Z,7,Charge 5
2023-07-10T12:20:00Z,33,Charge 5
2023-07-10T12:21:00Z,35,Charge 5
2023-07-10T12:22:00Z,32,Charge 5
2023-07-10T12:23:00Z,89,Charge 5
2023-07-10T12:24:00Z,43,Charge 5
2023-07-10T12:25:00Z,27,Charge 5
2023-07-10T12:26:00Z,41,Charge 5
2023-07-10T12:27:00Z,99,Charge 5
2023-07-10T12:28:00Z,42,Charge 5
2023-07-10T12:29:00Z,28,Charge 5
2023-07-10T12:30:00Z,8,Charge 5
2023-07-10T12:31:00Z,16,Charge 5
2023-07-10T12:42:00Z,5,Charge 5
2023-07-10T13:17:00Z,6,Charge 5
2023-07-10T13:21:00Z,7,Charge 5
2023-07-10T14:10:00Z,15,Charge 5
2023-07-10T14:11:00Z,15,Charge 5
2023-07-10T14:12:00Z,42,Charge 5
2023-07-10T14:13:00Z,60,Charge 5
2023-07-10T14:15:00Z,41,Charge 5
2023-07-10T14:16:00Z,62,Charge 5
2023-07-10T14:17:00Z,53,Charge 5
2023-07-10T14:18:00Z,40,Charge 5
2023-07-10T14:19:00Z,45,Charge 5
2023-07-10T14:20:00Z,96,Charge 5
2023-07-10T14:21:00Z,60,Charge 5
2023-07-10T14:22:00Z,53,Charge 5
2023-07-10T14:23:00Z,45,Charge 5
2023-07-10T14:24:00Z,60,Charge 5
2023-07-10T14:25:00Z,46,Charge 5
2023-07-10T14:26:00Z,64,Charge 5
2023-07-10T14:27:00Z,78,Charge 5
2023-07-10T14:28:00Z,34,Charge 5
2023-07-10T14:29:00Z,16,Charge 5
2023-07-10T14:31:00Z,62,Charge 5
2023-07-10T14:32:00Z,7,Charge 5
2023-07-10T14:33:00Z,35,Charge 5
2023-07-10T14:34:00Z,70,Charge 5
2023-07-10T14:35:00Z,20,Charge 5
2023-07-10T14:36:00Z,38,Charge 5
2023-07-10T14:37:00Z,78,Charge 5
2023-07-10T14:38:00Z,49,Charge 5
2023-07-10T14:39:00Z,77,Charge 5
2023-07-10T14:40:00Z,67,Charge 5
2023-07-10T14:41:00Z,60,Charge 5
2023-07-10T14:42:00Z,33,Charge 5
2023-07-10T14:43:00Z,12,Charge 5
2023-07-10T14:44:00Z,13,Charge 5
2023-07-10T14:45:00Z,66,Charge 5
2023-07-10T14:46:00Z,96,Charge 5
2023-07-10T14:47:00Z,62,Charge 5
2023-07-10T14:48:00Z,78,Charge 5
2023-07-10T14:50:00Z,8,Charge 5
2023-07-10T14:55:00Z,57,Charge 5
2023-07-10T14:56:00Z,45,Charge 5
2023-07-10T14:57:00Z,78,Charge 5
2023-07-10T14:58:00Z,46,Charge 5
2023-07-10T14:59:00Z,11,Charge 5
2023-07-10T15:01:00Z,21,Charge 5
2023-07-10T15:02:00Z,59,Charge 5
2023-07-10T15:03:00Z,50,Charge 5
2023-07-10T15:04:00Z,9,Charge 5
2023-07-10T15:20:00Z,7,Charge 5
2023-07-10T15:22:00Z,8,Charge 5
2023-07-10T15:26:00Z,7,Charge 5
2023-07-10T15:52:00Z,73,Charge 5
2023-07-10T15:53:00Z,48,Charge 5
2023-07-10T15:54:00Z,58,Charge 5
2023-07-10T16:04:00Z,8,Charge 5
2023-07-10T16:10:00Z,39,Charge 5
2023-07-10T16:11:00Z,59,Charge 5
2023-07-10T16:12:00Z,74,Charge 5
2023-07-10T16:33:00Z,7,Charge 5
2023-07-10T16:47:00Z,18,Charge 5
2023-07-10T16:48:00Z,47,Charge 5
2023-07-10T16:49:00Z,38,Charge 5
2023-07-10T16:50:00Z,28,Charge 5
2023-07-10T16:52:00Z,34,Charge 5
2023-07-10T16:53:00Z,69,Charge 5
2023-07-10T16:58:00Z,59,Charge 5
2023-07-10T16:59:00Z,50,Charge 5
2023-07-10T17:17:00Z,14,Charge 5
2023-07-10T17:38:00Z,88,Charge 5
2023-07-10T17:39:00Z,27,Charge 5
2023-07-10T17:40:00Z,10,Charge 5
2023-07-10T17:41:00Z,17,Charge 5
2023-07-10T17:59:00Z,12,Charge 5
2023-07-10T18:00:00Z,90,Charge 5
2023-07-10T18:01:00Z,97,Charge 5
2023-07-10T18:02:00Z,101,Charge 5
2023-07-10T18:03:00Z,82,Charge 5
2023-07-10T18:04:00Z,50,Charge 5
2023-07-10T18:05:00Z,59,Charge 5
2023-07-10T18:06:00Z,102,Charge 5
2023-07-10T18:07:00Z,54,Charge 5
2023-07-10T18:08:00Z,27,Charge 5
2023-07-10T18:12:00Z,7,Charge 5
2023-07-10T18:15:00Z,11,Charge 5
2023-07-10T18:16:00Z,6,Charge 5
2023-07-10T18:17:00Z,12,Charge 5
2023-07-10T18:18:00Z,7,Charge 5
2023-07-10T18:19:00Z,4,Charge 5
2023-07-10T18:20:00Z,5,Charge 5
2023-07-10T18:21:00Z,23,Charge 5
2023-07-10T18:22:00Z,4,Charge 5
2023-07-10T18:23:00Z,21,Charge 5
2023-07-10T18:25:00Z,7,Charge 5
2023-07-10T19:22:00Z,7,Charge 5
2023-07-10T19:30:00Z,4,Charge 5
2023-07-10T19:31:00Z,11,Charge 5
2023-07-10T19:38:00Z,4,Charge 5
2023-07-10T19:46:00Z,21,Charge 5
2023-07-10T20:21:00Z,4,Charge 5
2023-07-10T20:44:00Z,7,Charge 5
2023-07-10T20:45:00Z,10,Charge 5
2023-07-10T21:08:00Z,9,Charge 5
2023-07-10T21:09:00Z,8,Charge 5
2023-07-10T21:54:00Z,25,Charge 5
2023-07-10T21:56:00Z,12,Charge 5
2023-07-10T22:59:00Z,6,Charge 5
2023-07-10T23:00:00Z,7,Charge 5
2023-07-10T23:05:00Z,8,Charge 5
2023-07-11T05:22:00Z,9,Charge 5
2023-07-11T05:24:00Z,9,Charge 5
2023-07-11T05:28:00Z,15,Charge 5
2023-07-11T05:30:00Z,11,Charge 5
2023-07-11T05:31:00Z,7,Charge 5
2023-07-11T06:18:00Z,9,Charge 5
2023-07-11T06:19:00Z,59,Charge 5
2023-07-11T06:20:00Z,100,Charge 5
2023-07-11T06:21:00Z,102,Charge 5
2023-07-11T06:22:00Z,108,Charge 5
2023-07-11T06:23:00Z,99,Charge 5
2023-07-11T06:24:00Z,20,Charge 5
2023-07-11T06:25:00Z,8,Charge 5
2023-07-11T06:26:00Z,14,Charge 5
2023-07-11T06:27:00Z,2,Charge 5
2023-07-11T06:41:00Z,11,Charge 5
2023-07-11T06:44:00Z,69,Charge 5
2023-07-11T06:45:00Z,53,Charge 5
2023-07-11T06:46:00Z,21,Charge 5
2023-07-11T06:59:00Z,28,Charge 5
2023-07-11T07:20:00Z,9,Charge 5
2023-07-11T07:21:00Z,97,Charge 5
2023-07-11T07:22:00Z,101,Charge 5
2023-07-11T07:23:00Z,98,Charge 5
2023-07-11T07:24:00Z,55,Charge 5
2023-07-11T07:25:00Z,103,Charge 5
2023-07-11T07:26:00Z,81,Charge 5
2023-07-11T07:27:00Z,27,Charge 5
2023-07-11T07:28:00Z,33,Charge 5
2023-07-11T07:29:00Z,29,Charge 5
2023-07-11T07:30:00Z,40,Charge 5
2023-07-11T07:32:00Z,22,Charge 5
2023-07-11T07:35:00Z,15,Charge 5
2023-07-11T07:38:00Z,11,Charge 5
2023-07-11T07:39:00Z,18,Charge 5
2023-07-11T07:47:00Z,6,Charge 5
2023-07-11T07:48:00Z,10,Charge 5
2023-07-11T08:02:00Z,11,Charge 5
2023-07-11T08:04:00Z,6,Charge 5
2023-07-11T08:07:00Z,55,Charge 5
2023-07-11T08:08:00Z,30,Charge 5
2023-07-11T08:10:00Z,15,Charge 5
2023-07-11T08:11:00Z,32,Charge 5
2023-07-11T08:12:00Z,65,Charge 5
2023-07-11T08:13:00Z,19,Charge 5
2023-07-11T08:14:00Z,24,Charge 5
2023-07-11T08:15:00Z,15,Charge 5
2023-07-11T08:17:00Z,40,Charge 5
2023-07-11T08:54:00Z,60,Charge 5
2023-07-11T08:55:00Z,91,Charge 5
2023-07-11T08:56:00Z,101,Charge 5
2023-07-11T08:57:00Z,100,Charge 5
2023-07-11T08:58:00Z,68,Charge 5
2023-07-11T08:59:00Z,20,Charge 5
2023-07-11T09:57:00Z,7,Charge 5
2023-07-11T10:09:00Z,20,Charge 5
2023-07-11T10:10:00Z,78,Charge 5
2023-07-11T10:11:00Z,54,Charge 5
2023-07-11T10:12:00Z,21,Charge 5
2023-07-11T10:13:00Z,49,Charge 5
2023-07-11T10:14:00Z,27,Charge 5
2023-07-11T10:15:00Z,11,Charge 5
2023-07-11T10:21:00Z,18,Charge 5
2023-07-11T10:22:00Z,39,Charge 5
2023-07-11T10:38:00Z,17,Charge 5
2023-07-11T10:39:00Z,61,Charge 5
2023-07-11T10:40:00Z,54,Charge 5
2023-07-11T10:52:00Z,18,Charge 5
2023-07-11T10:53:00Z,58,Charge 5
2023-07-11T10:54:00Z,74,Charge 5
2023-07-11T10:55:00Z,74,Charge 5
2023-07-11T10:56:00Z,62,Charge 5
2023-07-11T10:57:00Z,28,Charge 5
2023-07-11T10:58:00Z,9,Charge 5
2023-07-11T11:02:00Z,12,Charge 5
2023-07-11T11:06:00Z,8,Charge 5
2023-07-11T11:07:00Z,9,Charge 5
2023-07-11T11:41:00Z,6,Charge 5
2023-07-11T11:54:00Z,36,Charge 5
2023-07-11T11:55:00Z,64,Charge 5
2023-07-11T11:56:00Z,61,Charge 5
2023-07-11T11:57:00Z,16,Charge 5
2023-07-11T12:01:00Z,6,Charge 5
2023-07-11T12:18:00Z,4,Charge 5
2023-07-11T12:32:00Z,98,Charge 5
2023-07-11T12:33:00Z,71,Charge 5
2023-07-11T12:34:00Z,35,Charge 5
2023-07-11T12:44:00Z,52,Charge 5
2023-07-11T12:45:00Z,68,Charge 5
2023-07-11T12:46:00Z,51,Charge 5
2023-07-11T12:47:00Z,12,Charge 5
2023-07-11T12:55:00Z,55,Charge 5
2023-07-11T12:56:00Z,76,Charge 5
2023-07-11T12:57:00Z,66,Charge 5
2023-07-11T12:58:00Z,93,Charge 5
2023-07-11T12:59:00Z,39,Charge 5
2023-07-11T13:00:00Z,2,Charge 5
2023-07-11T13:04:00Z,47,Charge 5
2023-07-11T13:05:00Z,7,Charge 5
2023-07-11T13:06:00Z,92,Charge 5
2023-07-11T13:07:00Z,90,Charge 5
2023-07-11T13:08:00Z,85,Charge 5
2023-07-11T13:09:00Z,25,Charge 5
2023-07-11T13:11:00Z,11,Charge 5
2023-07-11T13:24:00Z,8,Charge 5
2023-07-11T13:31:00Z,42,Charge 5
2023-07-11T13:32:00Z,47,Charge 5
2023-07-11T13:33:00Z,54,Charge 5
2023-07-11T13:44:00Z,8,Charge 5
2023-07-11T13:46:00Z,66,Charge 5
2023-07-11T13:47:00Z,23,Charge 5
2023-07-11T14:00:00Z,51,Charge 5
2023-07-11T14:01:00Z,38,Charge 5
2023-07-11T14:02:00Z,41,Charge 5
2023-07-11T14:13:00Z,10,Charge 5
2023-07-11T14:19:00Z,15,Charge 5
2023-07-11T14:34:00Z,4,Charge 5
2023-07-11T14:35:00Z,5,Charge 5
2023-07-11T14:44:00Z,7,Charge 5
2023-07-11T14:50:00Z,11,Charge 5
2023-07-11T14:55:00Z,10,Charge 5
2023-07-11T14:56:00Z,18,Charge 5
2023-07-11T14:57:00Z,4,Charge 5
2023-07-11T14:58:00Z,11,Charge 5
2023-07-11T15:04:00Z,7,Charge 5
2023-07-11T15:26:00Z,4,Charge 5
2023-07-11T15:28:00Z,18,Charge 5
2023-07-11T15:29:00Z,62,Charge 5
2023-07-11T15:30:00Z,53,Charge 5
2023-07-11T15:31:00Z,81,Charge 5
2023-07-11T15:32:00Z,58,Charge 5
2023-07-11T15:33:00Z,90,Charge 5
2023-07-11T15:34:00Z,105,Charge 5
2023-07-11T15:35:00Z,37,Charge 5
2023-07-11T15:36:00Z,21,Charge 5
2023-07-11T15:37:00Z,14,Charge 5
2023-07-11T15:38:00Z,8,Charge 5
2023-07-11T15:39:00Z,9,Charge 5
2023-07-11T15:53:00Z,7,Charge 5
2023-07-11T15:56:00Z,5,Charge 5
2023-07-11T16:00:00Z,7,Charge 5
2023-07-11T16:03:00Z,25,Charge 5
2023-07-11T16:04:00Z,51,Charge 5
2023-07-11T16:05:00Z,58,Charge 5
2023-07-11T16:06:00Z,33,Charge 5
2023-07-11T16:07:00Z,5,Charge 5
2023-07-11T16:08:00Z,7,Charge 5
2023-07-11T16:13:00Z,16,Charge 5
2023-07-11T16:14:00Z,43,Charge 5
2023-07-11T16:15:00Z,91,Charge 5
2023-07-11T16:16:00Z,35,Charge 5
2023-07-11T16:17:00Z,52,Charge 5
2023-07-11T16:18:00Z,17,Charge 5
2023-07-11T16:20:00Z,7,Charge 5
2023-07-11T16:21:00Z,51,Charge 5
2023-07-11T16:22:00Z,62,Charge 5
2023-07-11T16:23:00Z,25,Charge 5
2023-07-11T16:24:00Z,11,Charge 5
2023-07-11T16:27:00Z,63,Charge 5
2023-07-11T16:28:00Z,95,Charge 5
2023-07-11T16:29:00Z,66,Charge 5
2023-07-11T16:30:00Z,74,Charge 5
2023-07-11T16:31:00Z,5,Charge 5
2023-07-11T16:32:00Z,9,Charge 5
2023-07-11T16:33:00Z,8,Charge 5
2023-07-11T16:39:00Z,17,Charge 5
2023-07-11T16:40:00Z,39,Charge 5
2023-07-11T16:42:00Z,7,Charge 5
2023-07-11T16:43:00Z,6,Charge 5
2023-07-11T16:44:00Z,4,Charge 5
2023-07-11T16:49:00Z,4,Charge 5
2023-07-11T16:53:00Z,6,Charge 5
2023-07-11T16:58:00Z,10,Charge 5
2023-07-11T17:19:00Z,32,Charge 5
2023-07-11T17:20:00Z,10,Charge 5
2023-07-11T17:21:00Z,46,Charge 5
2023-07-11T17:22:00Z,69,Charge 5
2023-07-11T17:23:00Z,67,Charge 5
2023-07-11T17:24:00Z,54,Charge 5
2023-07-11T17:25:00Z,33,Charge 5
2023-07-11T17:26:00Z,12,Charge 5
2023-07-11T17:29:00Z,28,Charge 5
2023-07-11T17:30:00Z,9,Charge 5
2023-07-11T17:31:00Z,25,Charge 5
2023-07-11T17:32:00Z,21,Charge 5
2023-07-11T17:33:00Z,64,Charge 5
2023-07-11T17:34:00Z,77,Charge 5
2023-07-11T17:35:00Z,85,Charge 5
2023-07-11T17:36:00Z,116,Charge 5
2023-07-11T17:37:00Z,45,Charge 5
2023-07-11T17:38:00Z,24,Charge 5
2023-07-11T17:39:00Z,70,Charge 5
2023-07-11T17:40:00Z,67,Charge 5
2023-07-11T17:41:00Z,48,Charge 5
2023-07-11T17:43:00Z,26,Charge 5
2023-07-11T18:18:00Z,7,Charge 5
2023-07-11T18:20:00Z,19,Charge 5
2023-07-11T18:27:00Z,4,Charge 5
2023-07-11T18:28:00Z,33,Charge 5
2023-07-11T18:29:00Z,51,Charge 5
2023-07-11T18:31:00Z,41,Charge 5
2023-07-11T18:34:00Z,10,Charge 5
2023-07-11T18:47:00Z,78,Charge 5
2023-07-11T18:48:00Z,8,Charge 5
2023-07-11T18:52:00Z,25,Charge 5
2023-07-11T18:53:00Z,30,Charge 5
2023-07-11T18:54:00Z,7,Charge 5
2023-07-11T18:57:00Z,36,Charge 5
2023-07-11T18:58:00Z,39,Charge 5
2023-07-11T18:59:00Z,76,Charge 5
2023-07-11T19:00:00Z,40,Charge 5
2023-07-11T19:01:00Z,19,Charge 5
2023-07-11T19:11:00Z,7,Charge 5
2023-07-11T19:12:00Z,7,Charge 5
2023-07-11T19:19:00Z,7,Charge 5
2023-07-11T19:20:00Z,63,Charge 5
2023-07-11T19:21:00Z,95,Charge 5
2023-07-11T19:22:00Z,77,Charge 5
2023-07-11T19:23:00Z,55,Charge 5
2023-07-11T19:24:00Z,16,Charge 5
2023-07-11T19:25:00Z,10,Charge 5
2023-07-11T19:26:00Z,14,Charge 5
2023-07-11T19:27:00Z,29,Charge 5
2023-07-11T19:28:00Z,22,Charge 5
2023-07-11T19:29:00Z,16,Charge 5
2023-07-11T19:30:00Z,25,Charge 5
2023-07-11T19:31:00Z,15,Charge 5
2023-07-11T19:43:00Z,7,Charge 5
2023-07-11T20:13:00Z,7,Charge 5
2023-07-11T20:30:00Z,5,Charge 5
2023-07-11T20:46:00Z,7,Charge 5
2023-07-11T20:57:00Z,5,Charge 5
2023-07-11T21:06:00Z,5,Charge 5
2023-07-11T21:42:00Z,8,Charge 5
2023-07-11T22:13:00Z,7,Charge 5
2023-07-11T22:47:00Z,8,Charge 5
2023-07-12T02:33:00Z,10,Charge 5
2023-07-12T06:13:00Z,47,Charge 5
2023-07-12T06:14:00Z,19,Charge 5
2023-07-12T06:15:00Z,18,Charge 5
2023-07-12T06:17:00Z,7,Charge 5
2023-07-12T06:21:00Z,5,Charge 5
2023-07-12T06:22:00Z,7,Charge 5
2023-07-12T06:29:00Z,11,Charge 5
2023-07-12T06:59:00Z,16,Charge 5
2023-07-12T07:00:00Z,14,Charge 5
2023-07-12T07:05:00Z,28,Charge 5
2023-07-12T07:06:00Z,7,Charge 5
2023-07-12T07:07:00Z,31,Charge 5
2023-07-12T07:08:00Z,19,Charge 5
2023-07-12T07:31:00Z,10,Charge 5
2023-07-12T07:34:00Z,6,Charge 5
2023-07-12T07:36:00Z,7,Charge 5
2023-07-12T07:44:00Z,4,Charge 5
2023-07-12T07:45:00Z,8,Charge 5
2023-07-12T07:47:00Z,17,Charge 5
2023-07-12T07:49:00Z,25,Charge 5
2023-07-12T07:50:00Z,12,Charge 5
2023-07-12T08:03:00Z,5,Charge 5
2023-07-12T08:41:00Z,27,Charge 5
2023-07-12T08:42:00Z,57,Charge 5
2023-07-12T08:43:00Z,54,Charge 5
2023-07-12T08:44:00Z,21,Charge 5
2023-07-12T08:47:00Z,31,Charge 5
2023-07-12T08:48:00Z,48,Charge 5
2023-07-12T08:49:00Z,13,Charge 5
2023-07-12T08:51:00Z,23,Charge 5
2023-07-12T08:52:00Z,12,Charge 5
2023-07-12T08:53:00Z,40,Charge 5
2023-07-12T08:54:00Z,25,Charge 5
2023-07-12T08:55:00Z,16,Charge 5
2023-07-12T08:56:00Z,8,Charge 5
2023-07-12T08:57:00Z,12,Charge 5
2023-07-12T08:58:00Z,16,Charge 5
2023-07-12T08:59:00Z,5,Charge 5
2023-07-12T09:00:00Z,11,Charge 5
2023-07-12T09:24:00Z,28,Charge 5
2023-07-12T09:25:00Z,3,Charge 5
2023-07-12T09:26:00Z,62,Charge 5
2023-07-12T09:27:00Z,22,Charge 5
2023-07-12T09:28:00Z,9,Charge 5
2023-07-12T09:30:00Z,40,Charge 5
2023-07-12T09:51:00Z,11,Charge 5
2023-07-12T09:52:00Z,13,Charge 5
2023-07-12T09:59:00Z,16,Charge 5
2023-07-12T10:38:00Z,19,Charge 5
2023-07-12T10:39:00Z,26,Charge 5
2023-07-12T10:40:00Z,25,Charge 5
2023-07-12T10:43:00Z,16,Charge 5
2023-07-12T10:44:00Z,7,Charge 5
2023-07-12T10:45:00Z,14,Charge 5
2023-07-12T11:02:00Z,14,Charge 5
2023-07-12T12:07:00Z,11,Charge 5
2023-07-12T12:08:00Z,9,Charge 5
2023-07-12T12:11:00Z,7,Charge 5
2023-07-12T12:22:00Z,6,Charge 5
2023-07-12T12:46:00Z,10,Charge 5
2023-07-12T12:47:00Z,8,Charge 5
2023-07-12T12:49:00Z,11,Charge 5
2023-07-12T14:39:00Z,13,Charge 5
2023-07-12T14:42:00Z,10,Charge 5
2023-07-12T14:43:00Z,25,Charge 5
2023-07-12T14:44:00Z,26,Charge 5
2023-07-12T14:53:00Z,14,Charge 5
2023-07-12T14:54:00Z,7,Charge 5
2023-07-12T14:55:00Z,11,Charge 5
2023-07-12T14:58:00Z,6,Charge 5
2023-07-12T14:59:00Z,4,Charge 5
2023-07-12T15:04:00Z,12,Charge 5
2023-07-12T15:05:00Z,8,Charge 5
2023-07-12T15:06:00Z,11,Charge 5
2023-07-12T15:09:00Z,7,Charge 5
2023-07-12T15:13:00Z,7,Charge 5
2023-07-12T15:14:00Z,10,Charge 5
2023-07-12T16:01:00Z,4,Charge 5
2023-07-12T16:05:00Z,5,Charge 5
2023-07-12T16:15:00Z,9,Charge 5
2023-07-12T16:19:00Z,6,Charge 5
2023-07-12T16:20:00Z,6,Charge 5
2023-07-12T16:21:00Z,11,Charge 5
2023-07-12T16:22:00Z,14,Charge 5
2023-07-12T16:24:00Z,13,Charge 5
2023-07-12T16:25:00Z,12,Charge 5
2023-07-12T16:30:00Z,9,Charge 5
2023-07-12T16:31:00Z,17,Charge 5
2023-07-12T16:32:00Z,8,Charge 5
2023-07-12T16:33:00Z,51,Charge 5
2023-07-12T16:34:00Z,88,Charge 5
2023-07-12T16:35:00Z,43,Charge 5
2023-07-12T16:36:00Z,75,Charge 5
2023-07-12T16:37:00Z,71,Charge 5
2023-07-12T16:38:00Z,100,Charge 5
2023-07-12T16:39:00Z,96,Charge 5
2023-07-12T16:40:00Z,90,Charge 5
2023-07-12T16:41:00Z,97,Charge 5
2023-07-12T16:42:00Z,84,Charge 5
2023-07-12T16:43:00Z,46,Charge 5
2023-07-12T16:44:00Z,92,Charge 5
2023-07-12T16:45:00Z,102,Charge 5
2023-07-12T16:46:00Z,95,Charge 5
2023-07-12T16:47:00Z,51,Charge 5
2023-07-12T16:48:00Z,100,Charge 5
2023-07-12T16:49:00Z,98,Charge 5
2023-07-12T16:50:00Z,104,Charge 5
2023-07-12T16:51:00Z,88,Charge 5
2023-07-12T16:52:00Z,102,Charge 5
2023-07-12T16:53:00Z,84,Charge 5
2023-07-12T16:54:00Z,74,Charge 5
2023-07-12T16:55:00Z,88,Charge 5
2023-07-12T16:56:00Z,84,Charge 5
2023-07-12T16:57:00Z,94,Charge 5
2023-07-12T16:58:00Z,83,Charge 5
2023-07-12T16:59:00Z,85,Charge 5
2023-07-12T17:00:00Z,71,Charge 5
2023-07-12T17:01:00Z,91,Charge 5
2023-07-12T17:02:00Z,97,Charge 5
2023-07-12T17:03:00Z,92,Charge 5
2023-07-12T17:04:00Z,101,Charge 5
2023-07-12T17:05:00Z,97,Charge 5
2023-07-12T17:06:00Z,94,Charge 5
2023-07-12T17:07:00Z,58,Charge 5
2023-07-12T17:08:00Z,58,Charge 5
2023-07-12T17:09:00Z,33,Charge 5
2023-07-12T17:10:00Z,25,Charge 5
2023-07-12T17:11:00Z,8,Charge 5
2023-07-12T17:14:00Z,98,Charge 5
2023-07-12T17:15:00Z,80,Charge 5
2023-07-12T17:16:00Z,74,Charge 5
2023-07-12T17:17:00Z,23,Charge 5
2023-07-12T17:18:00Z,32,Charge 5
2023-07-12T17:19:00Z,20,Charge 5
2023-07-12T17:20:00Z,4,Charge 5
2023-07-12T17:21:00Z,28,Charge 5
2023-07-12T17:23:00Z,28,Charge 5
2023-07-12T17:24:00Z,6,Charge 5
2023-07-12T17:25:00Z,26,Charge 5
2023-07-12T17:26:00Z,91,Charge 5
2023-07-12T17:27:00Z,98,Charge 5
2023-07-12T17:28:00Z,87,Charge 5
2023-07-12T17:29:00Z,96,Charge 5
2023-07-12T17:32:00Z,4,Charge 5
2023-07-12T17:34:00Z,42,Charge 5
2023-07-12T17:35:00Z,95,Charge 5
2023-07-12T17:36:00Z,64,Charge 5
2023-07-12T17:37:00Z,91,Charge 5
2023-07-12T17:38:00Z,96,Charge 5
2023-07-12T17:39:00Z,22,Charge 5
2023-07-12T17:40:00Z,26,Charge 5
2023-07-12T17:41:00Z,22,Charge 5
2023-07-12T17:42:00Z,23,Charge 5
2023-07-12T17:44:00Z,24,Charge 5
2023-07-12T17:50:00Z,10,Charge 5
2023-07-12T17:52:00Z,19,Charge 5
2023-07-12T18:26:00Z,8,Charge 5
2023-07-12T18:28:00Z,16,Charge 5
2023-07-12T18:29:00Z,17,Charge 5
2023-07-12T18:30:00Z,19,Charge 5
2023-07-12T18:31:00Z,5,Charge 5
2023-07-12T18:32:00Z,13,Charge 5
2023-07-12T18:36:00Z,19,Charge 5
2023-07-12T18:41:00Z,6,Charge 5
2023-07-12T18:48:00Z,21,Charge 5
2023-07-12T18:49:00Z,21,Charge 5
2023-07-12T18:50:00Z,20,Charge 5
2023-07-12T18:51:00Z,7,Charge 5
2023-07-12T19:10:00Z,19,Charge 5
2023-07-12T19:11:00Z,1,Charge 5
2023-07-12T19:18:00Z,9,Charge 5
2023-07-12T19:22:00Z,23,Charge 5
2023-07-12T19:25:00Z,12,Charge 5
2023-07-12T19:26:00Z,33,Charge 5
2023-07-12T19:27:00Z,36,Charge 5
2023-07-12T19:55:00Z,14,Charge 5
2023-07-12T21:13:00Z,8,Charge 5
2023-07-12T21:16:00Z,92,Charge 5
2023-07-12T21:17:00Z,94,Charge 5
2023-07-12T21:18:00Z,7,Charge 5
2023-07-12T21:27:00Z,6,Charge 5
2023-07-12T21:55:00Z,4,Charge 5
2023-07-12T21:56:00Z,6,Charge 5
2023-07-12T21:57:00Z,4,Charge 5
2023-07-12T22:03:00Z,7,Charge 5
2023-07-13T01:25:00Z,6,Charge 5
2023-07-13T04:57:00Z,10,Charge 5
2023-07-13T05:31:00Z,5,Charge 5
2023-07-13T05:32:00Z,14,Charge 5
2023-07-13T05:33:00Z,10,Charge 5
2023-07-13T05:39:00Z,7,Charge 5
2023-07-13T06:09:00Z,13,Charge 5
2023-07-13T06:10:00Z,4,Charge 5
2023-07-13T06:11:00Z,11,Charge 5
2023-07-13T06:15:00Z,14,Charge 5
2023-07-13T06:16:00Z,15,Charge 5
2023-07-13T06:18:00Z,8,Charge 5
2023-07-13T06:30:00Z,6,Charge 5
2023-07-13T06:58:00Z,15,Charge 5
2023-07-13T06:59:00Z,12,Charge 5
2023-07-13T07:11:00Z,7,Charge 5
2023-07-13T07:12:00Z,8,Charge 5
2023-07-13T07:13:00Z,13,Charge 5
2023-07-13T07:14:00Z,18,Charge 5
2023-07-13T07:24:00Z,10,Charge 5
2023-07-13T07:28:00Z,11,Charge 5
2023-07-13T07:33:00Z,7,Charge 5
2023-07-13T07:36:00Z,4,Charge 5
2023-07-13T07:37:00Z,52,Charge 5
2023-07-13T07:38:00Z,99,Charge 5
2023-07-13T07:39:00Z,101,Charge 5
2023-07-13T07:40:00Z,106,Charge 5
2023-07-13T07:41:00Z,67,Charge 5
2023-07-13T07:42:00Z,24,Charge 5
2023-07-13T07:45:00Z,6,Charge 5
2023-07-13T07:51:00Z,15,Charge 5
2023-07-13T07:55:00Z,6,Charge 5
2023-07-13T07:56:00Z,14,Charge 5
2023-07-13T08:10:00Z,9,Charge 5
2023-07-13T08:15:00Z,5,Charge 5
2023-07-13T08:16:00Z,4,Charge 5
2023-07-13T08:23:00Z,7,Charge 5
2023-07-13T08:29:00Z,27,Charge 5
2023-07-13T08:30:00Z,86,Charge 5
2023-07-13T08:31:00Z,52,Charge 5
2023-07-13T08:32:00Z,8,Charge 5
2023-07-13T08:34:00Z,18,Charge 5
2023-07-13T09:25:00Z,10,Charge 5
2023-07-13T09:41:00Z,10,Charge 5
2023-07-13T09:52:00Z,14,Charge 5
2023-07-13T09:55:00Z,8,Charge 5
2023-07-13T10:08:00Z,12,Charge 5
2023-07-13T10:54:00Z,10,Charge 5
2023-07-13T11:09:00Z,7,Charge 5
2023-07-13T11:21:00Z,6,Charge 5
2023-07-13T11:27:00Z,4,Charge 5
2023-07-13T11:28:00Z,1,Charge 5
2023-07-13T11:33:00Z,9,Charge 5
2023-07-13T11:41:00Z,7,Charge 5
2023-07-13T11:54:00Z,7,Charge 5
2023-07-13T12:31:00Z,4,Charge 5
2023-07-13T12:52:00Z,9,Charge 5
2023-07-13T12:53:00Z,18,Charge 5
2023-07-13T12:54:00Z,8,Charge 5
2023-07-13T13:09:00Z,6,Charge 5
2023-07-13T13:30:00Z,21,Charge 5
2023-07-13T14:37:00Z,16,Charge 5
2023-07-13T14:38:00Z,38,Charge 5
2023-07-13T14:39:00Z,22,Charge 5
2023-07-13T14:40:00Z,33,Charge 5
2023-07-13T14:41:00Z,5,Charge 5
2023-07-13T14:43:00Z,30,Charge 5
2023-07-13T14:44:00Z,107,Charge 5
2023-07-13T14:45:00Z,93,Charge 5
2023-07-13T14:46:00Z,18,Charge 5
2023-07-13T14:47:00Z,14,Charge 5
2023-07-13T14:48:00Z,17,Charge 5
2023-07-13T14:58:00Z,9,Charge 5
2023-07-13T15:00:00Z,8,Charge 5
2023-07-13T15:03:00Z,6,Charge 5
2023-07-13T15:32:00Z,73,Charge 5
2023-07-13T15:33:00Z,33,Charge 5
2023-07-13T15:34:00Z,94,Charge 5
2023-07-13T15:35:00Z,105,Charge 5
2023-07-13T15:36:00Z,102,Charge 5
2023-07-13T15:37:00Z,81,Charge 5
2023-07-13T15:38:00Z,39,Charge 5
2023-07-13T15:39:00Z,23,Charge 5
2023-07-13T15:40:00Z,24,Charge 5
2023-07-13T16:06:00Z,15,Charge 5
2023-07-13T16:24:00Z,5,Charge 5
2023-07-13T16:26:00Z,4,Charge 5
2023-07-13T16:27:00Z,9,Charge 5
2023-07-13T16:28:00Z,5,Charge 5
2023-07-13T16:29:00Z,11,Charge 5
2023-07-13T16:30:00Z,4,Charge 5
2023-07-13T16:32:00Z,11,Charge 5
2023-07-13T16:33:00Z,12,Charge 5
2023-07-13T16:36:00Z,12,Charge 5
2023-07-13T16:37:00Z,13,Charge 5
2023-07-13T16:40:00Z,6,Charge 5
2023-07-13T16:41:00Z,6,Charge 5
2023-07-13T16:42:00Z,9,Charge 5
2023-07-13T16:43:00Z,10,Charge 5
2023-07-13T16:44:00Z,8,Charge 5
2023-07-13T16:45:00Z,9,Charge 5
2023-07-13T16:50:00Z,5,Charge 5
2023-07-13T16:52:00Z,13,Charge 5
2023-07-13T16:54:00Z,24,Charge 5
2023-07-13T16:55:00Z,26,Charge 5
2023-07-13T16:57:00Z,17,Charge 5
2023-07-13T17:02:00Z,8,Charge 5
2023-07-13T17:03:00Z,53,Charge 5
2023-07-13T17:04:00Z,18,Charge 5
2023-07-13T17:05:00Z,18,Charge 5
2023-07-13T17:06:00Z,9,Charge 5
2023-07-13T17:07:00Z,20,Charge 5
2023-07-13T17:32:00Z,7,Charge 5
2023-07-13T17:49:00Z,15,Charge 5
2023-07-13T17:50:00Z,12,Charge 5
2023-07-13T17:53:00Z,26,Charge 5
2023-07-13T17:54:00Z,3,Charge 5
2023-07-13T18:37:00Z,45,Charge 5
2023-07-13T18:46:00Z,4,Charge 5
2023-07-13T19:40:00Z,11,Charge 5
2023-07-13T19:55:00Z,4,Charge 5
2023-07-13T20:25:00Z,7,Charge 5
2023-07-13T20:31:00Z,9,Charge 5
2023-07-13T20:55:00Z,7,Charge 5
2023-07-13T23:36:00Z,8,Charge 5
2023-07-14T02:27:00Z,6,Charge 5
2023-07-14T03:18:00Z,6,Charge 5
2023-07-14T05:16:00Z,10,Charge 5
2023-07-14T05:17:00Z,11,Charge 5
2023-07-14T05:19:00Z,20,Charge 5
2023-07-14T05:20:00Z,19,Charge 5
2023-07-14T05:22:00Z,15,Charge 5
2023-07-14T05:24:00Z,23,Charge 5
2023-07-14T05:25:00Z,32,Charge 5
2023-07-14T05:28:00Z,12,Charge 5
2023-07-14T05:29:00Z,22,Charge 5
2023-07-14T05:30:00Z,9,Charge 5
2023-07-14T05:38:00Z,41,Charge 5
2023-07-14T05:39:00Z,32,Charge 5
2023-07-14T05:41:00Z,43,Charge 5
2023-07-14T05:42:00Z,41,Charge 5
2023-07-14T05:44:00Z,14,Charge 5
2023-07-14T05:47:00Z,11,Charge 5
2023-07-14T05:49:00Z,6,Charge 5
2023-07-14T06:18:00Z,63,Charge 5
2023-07-14T06:19:00Z,6,Charge 5
2023-07-14T07:53:00Z,15,Charge 5
2023-07-14T07:54:00Z,25,Charge 5
2023-07-14T07:56:00Z,14,Charge 5
2023-07-14T07:58:00Z,9,Charge 5
2023-07-14T08:01:00Z,21,Charge 5
2023-07-14T08:02:00Z,2,Charge 5
2023-07-14T08:15:00Z,11,Charge 5
2023-07-14T08:23:00Z,6,Charge 5
2023-07-14T08:24:00Z,1,Charge 5
2023-07-14T08:54:00Z,28,Charge 5
2023-07-14T09:38:00Z,18,Charge 5
2023-07-14T10:19:00Z,9,Charge 5
2023-07-14T11:24:00Z,9,Charge 5
2023-07-14T11:29:00Z,9,Charge 5
2023-07-14T11:30:00Z,8,Charge 5
2023-07-14T11:44:00Z,48,Charge 5
2023-07-14T11:45:00Z,13,Charge 5
2023-07-14T11:49:00Z,9,Charge 5
2023-07-14T11:50:00Z,16,Charge 5
2023-07-14T12:32:00Z,13,Charge 5
2023-07-14T12:33:00Z,29,Charge 5
2023-07-14T12:44:00Z,37,Charge 5
2023-07-14T13:51:00Z,20,Charge 5
2023-07-14T13:52:00Z,6,Charge 5
2023-07-14T13:53:00Z,30,Charge 5
2023-07-14T13:55:00Z,9,Charge 5
2023-07-14T14:37:00Z,6,Charge 5
2023-07-14T14:38:00Z,42,Charge 5
2023-07-14T14:40:00Z,18,Charge 5
2023-07-14T15:49:00Z,7,Charge 5
2023-07-14T15:54:00Z,6,Charge 5
2023-07-14T16:07:00Z,8,Charge 5
2023-07-14T16:10:00Z,7,Charge 5
2023-07-14T16:12:00Z,15,Charge 5
2023-07-14T16:13:00Z,37,Charge 5
2023-07-14T16:21:00Z,8,Charge 5
2023-07-14T16:22:00Z,8,Charge 5
2023-07-14T16:23:00Z,89,Charge 5
2023-07-14T16:24:00Z,3,Charge 5
2023-07-14T16:43:00Z,55,Charge 5
2023-07-14T16:44:00Z,9,Charge 5
2023-07-14T16:50:00Z,44,Charge 5
2023-07-14T16:53:00Z,6,Charge 5
2023-07-14T16:54:00Z,23,Charge 5
2023-07-14T16:58:00Z,8,Charge 5
2023-07-14T17:22:00Z,11,Charge 5
2023-07-14T17:25:00Z,22,Charge 5
2023-07-14T17:50:00Z,5,Charge 5
2023-07-14T17:57:00Z,4,Charge 5
2023-07-14T17:58:00Z,13,Charge 5
2023-07-14T18:00:00Z,4,Charge 5
2023-07-14T18:01:00Z,39,Charge 5
2023-07-14T18:02:00Z,5,Charge 5
2023-07-14T18:06:00Z,7,Charge 5
2023-07-14T18:31:00Z,7,Charge 5
2023-07-14T19:10:00Z,6,Charge 5
2023-07-14T19:11:00Z,17,Charge 5
2023-07-14T19:27:00Z,9,Charge 5
2023-07-14T19:29:00Z,13,Charge 5
2023-07-14T19:30:00Z,8,Charge 5
2023-07-14T19:31:00Z,19,Charge 5
2023-07-14T19:32:00Z,11,Charge 5
2023-07-14T19:39:00Z,5,Charge 5
2023-07-14T19:41:00Z,7,Charge 5
2023-07-14T19:44:00Z,5,Charge 5
2023-07-14T19:47:00Z,4,Charge 5
2023-07-14T20:07:00Z,7,Charge 5
2023-07-14T20:45:00Z,19,Charge 5
2023-07-14T20:46:00Z,5,Charge 5
2023-07-14T20:47:00Z,9,Charge 5
2023-07-14T21:55:00Z,7,Charge 5
2023-07-14T22:51:00Z,6,Charge 5
2023-07-15T06:04:00Z,11,Charge 5
2023-07-15T06:08:00Z,24,Charge 5
2023-07-15T06:09:00Z,16,Charge 5
2023-07-15T06:50:00Z,19,Charge 5
2023-07-15T06:57:00Z,4,Charge 5
2023-07-15T07:05:00Z,31,Charge 5
2023-07-15T07:06:00Z,9,Charge 5
2023-07-15T07:07:00Z,12,Charge 5
2023-07-15T07:11:00Z,18,Charge 5
2023-07-15T07:14:00Z,4,Charge 5
2023-07-15T07:19:00Z,7,Charge 5
2023-07-15T07:22:00Z,37,Charge 5
2023-07-15T07:24:00Z,51,Charge 5
2023-07-15T07:25:00Z,18,Charge 5
2023-07-15T07:26:00Z,8,Charge 5
2023-07-15T07:27:00Z,16,Charge 5
2023-07-15T07:28:00Z,12,Charge 5
2023-07-15T07:30:00Z,17,Charge 5
2023-07-15T07:31:00Z,31,Charge 5
2023-07-15T07:32:00Z,38,Charge 5
2023-07-15T07:33:00Z,100,Charge 5
2023-07-15T07:34:00Z,97,Charge 5
2023-07-15T07:35:00Z,97,Charge 5
2023-07-15T07:36:00Z,54,Charge 5
2023-07-15T07:37:00Z,56,Charge 5
2023-07-15T07:38:00Z,55,Charge 5
2023-07-15T07:51:00Z,6,Charge 5
2023-07-15T07:52:00Z,102,Charge 5
2023-07-15T07:53:00Z,96,Charge 5
2023-07-15T07:54:00Z,30,Charge 5
2023-07-15T07:55:00Z,92,Charge 5
2023-07-15T07:56:00Z,90,Charge 5
2023-07-15T07:57:00Z,89,Charge 5
2023-07-15T07:58:00Z,13,Charge 5
2023-07-15T08:00:00Z,27,Charge 5
2023-07-15T08:01:00Z,15,Charge 5
2023-07-15T08:03:00Z,10,Charge 5
2023-07-15T08:04:00Z,29,Charge 5
2023-07-15T08:05:00Z,43,Charge 5
2023-07-15T08:06:00Z,44,Charge 5
2023-07-15T08:07:00Z,92,Charge 5
2023-07-15T08:08:00Z,43,Charge 5
2023-07-15T08:12:00Z,15,Charge 5
2023-07-15T08:13:00Z,18,Charge 5
2023-07-15T08:23:00Z,68,Charge 5
2023-07-15T08:24:00Z,66,Charge 5
2023-07-15T08:25:00Z,35,Charge 5
2023-07-15T08:32:00Z,17,Charge 5
2023-07-15T08:38:00Z,19,Charge 5
2023-07-15T08:39:00Z,12,Charge 5
2023-07-15T08:42:00Z,29,Charge 5
2023-07-15T08:43:00Z,27,Charge 5
2023-07-15T08:44:00Z,8,Charge 5
2023-07-15T08:45:00Z,9,Charge 5
2023-07-15T08:46:00Z,28,Charge 5
2023-07-15T08:47:00Z,58,Charge 5
2023-07-15T08:48:00Z,28,Charge 5
2023-07-15T08:49:00Z,6,Charge 5
2023-07-15T08:51:00Z,47,Charge 5
2023-07-15T08:54:00Z,54,Charge 5
2023-07-15T08:55:00Z,22,Charge 5
2023-07-15T08:56:00Z,34,Charge 5
2023-07-15T08:59:00Z,8,Charge 5
2023-07-15T09:01:00Z,8,Charge 5
2023-07-15T09:03:00Z,12,Charge 5
2023-07-15T09:04:00Z,34,Charge 5
2023-07-15T09:05:00Z,14,Charge 5
2023-07-15T09:06:00Z,23,Charge 5
2023-07-15T09:09:00Z,11,Charge 5
2023-07-15T09:11:00Z,12,Charge 5
2023-07-15T09:12:00Z,8,Charge 5
2023-07-15T09:13:00Z,33,Charge 5
2023-07-15T09:14:00Z,42,Charge 5
2023-07-15T09:15:00Z,100,Charge 5
2023-07-15T09:16:00Z,102,Charge 5
2023-07-15T09:17:00Z,106,Charge 5
2023-07-15T09:20:00Z,47,Charge 5
2023-07-15T09:21:00Z,101,Charge 5
2023-07-15T09:22:00Z,104,Charge 5
2023-07-15T09:23:00Z,103,Charge 5
2023-07-15T09:24:00Z,37,Charge 5
2023-07-15T09:25:00Z,105,Charge 5
2023-07-15T09:26:00Z,38,Charge 5
2023-07-15T09:28:00Z,47,Charge 5
2023-07-15T09:29:00Z,6,Charge 5
2023-07-15T09:30:00Z,13,Charge 5
2023-07-15T09:31:00Z,34,Charge 5
2023-07-15T09:33:00Z,9,Charge 5
2023-07-15T10:07:00Z,11,Charge 5
2023-07-15T10:09:00Z,6,Charge 5
2023-07-15T10:14:00Z,25,Charge 5
2023-07-15T10:20:00Z,9,Charge 5
2023-07-15T10:24:00Z,22,Charge 5
2023-07-15T10:25:00Z,15,Charge 5
2023-07-15T10:27:00Z,5,Charge 5
2023-07-15T11:03:00Z,8,Charge 5
2023-07-15T11:04:00Z,17,Charge 5
2023-07-15T11:46:00Z,14,Charge 5
2023-07-15T11:47:00Z,42,Charge 5
2023-07-15T11:49:00Z,6,Charge 5
2023-07-15T11:55:00Z,11,Charge 5
2023-07-15T11:59:00Z,8,Charge 5
2023-07-15T12:00:00Z,9,Charge 5
2023-07-15T12:01:00Z,4,Charge 5
2023-07-15T12:03:00Z,75,Charge 5
2023-07-15T12:04:00Z,50,Charge 5
2023-07-15T12:05:00Z,44,Charge 5
2023-07-15T12:07:00Z,7,Charge 5
2023-07-15T12:13:00Z,13,Charge 5
2023-07-15T12:14:00Z,14,Charge 5
2023-07-15T12:15:00Z,10,Charge 5
2023-07-15T12:22:00Z,14,Charge 5
2023-07-15T12:24:00Z,32,Charge 5
2023-07-15T12:25:00Z,13,Charge 5
2023-07-15T12:26:00Z,38,Charge 5
2023-07-15T12:27:00Z,7,Charge 5
2023-07-15T13:05:00Z,9,Charge 5
2023-07-15T13:21:00Z,5,Charge 5
2023-07-15T13:27:00Z,31,Charge 5
2023-07-15T13:28:00Z,9,Charge 5
2023-07-15T13:32:00Z,62,Charge 5
2023-07-15T13:33:00Z,42,Charge 5
2023-07-15T13:42:00Z,25,Charge 5
2023-07-15T13:43:00Z,58,Charge 5
2023-07-15T13:44:00Z,16,Charge 5
2023-07-15T13:48:00Z,44,Charge 5
2023-07-15T13:49:00Z,42,Charge 5
2023-07-15T13:51:00Z,12,Charge 5
2023-07-15T14:03:00Z,12,Charge 5
2023-07-15T14:04:00Z,10,Charge 5
2023-07-15T14:05:00Z,55,Charge 5
2023-07-15T14:06:00Z,56,Charge 5
2023-07-15T14:17:00Z,8,Charge 5
2023-07-15T14:18:00Z,23,Charge 5
2023-07-15T14:19:00Z,33,Charge 5
2023-07-15T14:20:00Z,22,Charge 5
2023-07-15T14:21:00Z,22,Charge 5
2023-07-15T14:22:00Z,49,Charge 5
2023-07-15T14:23:00Z,9,Charge 5
2023-07-15T15:38:00Z,27,Charge 5
2023-07-15T15:40:00Z,9,Charge 5
2023-07-15T15:41:00Z,7,Charge 5
2023-07-15T15:43:00Z,34,Charge 5
2023-07-15T15:44:00Z,26,Charge 5
2023-07-15T15:45:00Z,43,Charge 5
2023-07-15T15:46:00Z,17,Charge 5
2023-07-15T15:47:00Z,35,Charge 5
2023-07-15T15:48:00Z,14,Charge 5
2023-07-15T15:49:00Z,4,Charge 5
2023-07-15T15:50:00Z,20,Charge 5
2023-07-15T15:52:00Z,20,Charge 5
2023-07-15T15:53:00Z,55,Charge 5
2023-07-15T15:54:00Z,21,Charge 5
2023-07-15T15:55:00Z,13,Charge 5
2023-07-15T15:56:00Z,8,Charge 5
2023-07-15T15:57:00Z,14,Charge 5
2023-07-15T15:58:00Z,5,Charge 5
2023-07-15T15:59:00Z,19,Charge 5
2023-07-15T16:01:00Z,16,Charge 5
2023-07-15T16:02:00Z,8,Charge 5
2023-07-15T16:03:00Z,17,Charge 5
2023-07-15T16:04:00Z,14,Charge 5
2023-07-15T16:08:00Z,50,Charge 5
2023-07-15T16:09:00Z,30,Charge 5
2023-07-15T16:10:00Z,10,Charge 5
2023-07-15T16:14:00Z,11,Charge 5
2023-07-15T16:15:00Z,12,Charge 5
2023-07-15T16:17:00Z,16,Charge 5
2023-07-15T16:18:00Z,12,Charge 5
2023-07-15T16:21:00Z,4,Charge 5
2023-07-15T16:30:00Z,24,Charge 5
2023-07-15T16:31:00Z,17,Charge 5
2023-07-15T16:32:00Z,11,Charge 5
2023-07-15T16:34:00Z,6,Charge 5
2023-07-15T16:35:00Z,9,Charge 5
2023-07-15T16:43:00Z,10,Charge 5
2023-07-15T16:46:00Z,9,Charge 5
2023-07-15T16:47:00Z,13,Charge 5
2023-07-15T16:48:00Z,11,Charge 5
2023-07-15T17:41:00Z,6,Charge 5
2023-07-15T17:52:00Z,4,Charge 5
2023-07-15T17:53:00Z,27,Charge 5
2023-07-15T17:54:00Z,37,Charge 5
2023-07-15T18:01:00Z,28,Charge 5
2023-07-15T18:16:00Z,13,Charge 5
2023-07-15T18:36:00Z,12,Charge 5
2023-07-15T18:37:00Z,13,Charge 5
2023-07-15T18:39:00Z,25,Charge 5
2023-07-15T18:59:00Z,4,Charge 5
2023-07-15T19:30:00Z,28,Charge 5
2023-07-15T20:25:00Z,10,Charge 5
2023-07-16T02:34:00Z,19,Charge 5
2023-07-16T04:29:00Z,10,Charge 5
2023-07-16T07:17:00Z,28,Charge 5
2023-07-16T07:18:00Z,20,Charge 5
2023-07-16T07:19:00Z,15,Charge 5
2023-07-16T07:33:00Z,8,Charge 5
2023-07-18T04:57:00Z,19,Charge 5
2023-07-18T04:58:00Z,20,Charge 5
2023-07-18T04:59:00Z,13,Charge 5
2023-07-18T05:00:00Z,10,Charge 5
2023-07-18T05:01:00Z,34,Charge 5
2023-07-18T05:02:00Z,34,Charge 5
2023-07-18T05:03:00Z,41,Charge 5
2023-07-18T05:05:00Z,5,Charge 5
2023-07-18T05:12:00Z,22,Charge 5
2023-07-18T05:14:00Z,12,Charge 5
2023-07-18T05:15:00Z,19,Charge 5
2023-07-18T05:16:00Z,58,Charge 5
2023-07-18T05:17:00Z,20,Charge 5
2023-07-18T05:18:00Z,13,Charge 5
2023-07-18T05:20:00Z,9,Charge 5
2023-07-18T05:21:00Z,40,Charge 5
2023-07-18T05:22:00Z,16,Charge 5
2023-07-18T05:23:00Z,7,Charge 5
2023-07-18T05:24:00Z,57,Charge 5
2023-07-18T05:25:00Z,98,Charge 5
2023-07-18T05:26:00Z,100,Charge 5
2023-07-18T05:27:00Z,100,Charge 5
2023-07-18T05:28:00Z,106,Charge 5
2023-07-18T05:29:00Z,33,Charge 5
2023-07-18T05:30:00Z,16,Charge 5
2023-07-18T05:31:00Z,15,Charge 5
2023-07-18T05:52:00Z,75,Charge 5
2023-07-18T05:53:00Z,59,Charge 5
2023-07-18T05:54:00Z,23,Charge 5
2023-07-18T06:09:00Z,6,Charge 5
2023-07-18T06:10:00Z,74,Charge 5
2023-07-18T06:16:00Z,4,Charge 5
2023-07-18T06:17:00Z,44,Charge 5
2023-07-18T06:18:00Z,72,Charge 5
2023-07-18T06:19:00Z,22,Charge 5
2023-07-18T06:20:00Z,7,Charge 5
2023-07-18T06:21:00Z,6,Charge 5
2023-07-18T06:41:00Z,25,Charge 5
2023-07-18T06:42:00Z,93,Charge 5
2023-07-18T06:43:00Z,79,Charge 5
2023-07-18T06:44:00Z,77,Charge 5
2023-07-18T06:45:00Z,56,Charge 5
2023-07-18T06:46:00Z,96,Charge 5
2023-07-18T06:47:00Z,92,Charge 5
2023-07-18T06:48:00Z,85,Charge 5
2023-07-18T06:49:00Z,76,Charge 5
2023-07-18T06:50:00Z,18,Charge 5
2023-07-18T06:51:00Z,86,Charge 5
2023-07-18T06:52:00Z,2,Charge 5
2023-07-18T06:53:00Z,27,Charge 5
2023-07-18T06:54:00Z,9,Charge 5
2023-07-18T06:55:00Z,65,Charge 5
2023-07-18T06:56:00Z,14,Charge 5
2023-07-18T06:57:00Z,18,Charge 5
2023-07-18T06:59:00Z,57,Charge 5
2023-07-18T07:00:00Z,95,Charge 5
2023-07-18T07:01:00Z,94,Charge 5
2023-07-18T07:02:00Z,108,Charge 5
2023-07-18T07:03:00Z,105,Charge 5
2023-07-18T07:04:00Z,105,Charge 5
2023-07-18T07:05:00Z,106,Charge 5
2023-07-18T07:06:00Z,88,Charge 5
2023-07-18T07:07:00Z,48,Charge 5
2023-07-18T07:08:00Z,24,Charge 5
2023-07-18T07:09:00Z,42,Charge 5
2023-07-18T07:10:00Z,41,Charge 5
2023-07-18T07:11:00Z,46,Charge 5
2023-07-18T07:12:00Z,28,Charge 5
2023-07-18T07:13:00Z,75,Charge 5
2023-07-18T07:14:00Z,42,Charge 5
2023-07-18T07:16:00Z,6,Charge 5
2023-07-18T07:17:00Z,8,Charge 5
2023-07-18T07:19:00Z,59,Charge 5
2023-07-18T07:20:00Z,22,Charge 5
2023-07-18T07:21:00Z,11,Charge 5
2023-07-18T07:27:00Z,4,Charge 5
2023-07-18T07:28:00Z,6,Charge 5
2023-07-18T07:55:00Z,9,Charge 5
2023-07-18T07:56:00Z,41,Charge 5
2023-07-18T08:02:00Z,11,Charge 5
2023-07-18T08:03:00Z,4,Charge 5
2023-07-18T08:11:00Z,8,Charge 5
2023-07-18T08:16:00Z,11,Charge 5
2023-07-18T08:21:00Z,7,Charge 5
2023-07-18T08:24:00Z,4,Charge 5
2023-07-18T08:36:00Z,19,Charge 5
2023-07-18T08:37:00Z,12,Charge 5
2023-07-18T08:49:00Z,6,Charge 5
2023-07-18T08:50:00Z,2,Charge 5
2023-07-18T09:16:00Z,51,Charge 5
2023-07-18T09:20:00Z,36,Charge 5
2023-07-18T09:21:00Z,97,Charge 5
2023-07-18T09:22:00Z,64,Charge 5
2023-07-18T09:23:00Z,97,Charge 5
2023-07-18T09:24:00Z,41,Charge 5
2023-07-18T09:25:00Z,61,Charge 5
2023-07-18T09:26:00Z,108,Charge 5
2023-07-18T09:27:00Z,48,Charge 5
2023-07-18T09:28:00Z,30,Charge 5
2023-07-18T09:29:00Z,87,Charge 5
2023-07-18T09:30:00Z,70,Charge 5
2023-07-18T09:31:00Z,21,Charge 5
2023-07-18T09:32:00Z,57,Charge 5
2023-07-18T09:36:00Z,46,Charge 5
2023-07-18T09:38:00Z,15,Charge 5
2023-07-18T09:47:00Z,15,Charge 5
2023-07-18T09:48:00Z,14,Charge 5
2023-07-18T09:49:00Z,14,Charge 5
2023-07-18T09:50:00Z,41,Charge 5
2023-07-18T09:51:00Z,7,Charge 5
2023-07-18T09:53:00Z,4,Charge 5
2023-07-18T09:54:00Z,51,Charge 5
2023-07-18T09:55:00Z,34,Charge 5
2023-07-18T09:56:00Z,5,Charge 5
2023-07-18T10:00:00Z,25,Charge 5
2023-07-18T10:01:00Z,28,Charge 5
2023-07-18T10:02:00Z,24,Charge 5
2023-07-18T10:04:00Z,23,Charge 5
2023-07-18T10:05:00Z,25,Charge 5
2023-07-18T10:09:00Z,22,Charge 5
2023-07-18T10:10:00Z,20,Charge 5
2023-07-18T10:23:00Z,7,Charge 5
2023-07-18T10:24:00Z,7,Charge 5
2023-07-18T10:34:00Z,13,Charge 5
2023-07-18T10:35:00Z,4,Charge 5
2023-07-18T10:39:00Z,12,Charge 5
2023-07-18T10:40:00Z,22,Charge 5
2023-07-18T10:45:00Z,35,Charge 5
2023-07-18T10:46:00Z,48,Charge 5
2023-07-18T10:47:00Z,10,Charge 5
2023-07-18T10:48:00Z,38,Charge 5
2023-07-18T10:49:00Z,59,Charge 5
2023-07-18T10:50:00Z,83,Charge 5
2023-07-18T10:51:00Z,96,Charge 5
2023-07-18T10:52:00Z,91,Charge 5
2023-07-18T10:53:00Z,87,Charge 5
2023-07-18T10:54:00Z,35,Charge 5
2023-07-18T10:55:00Z,40,Charge 5
2023-07-18T10:57:00Z,53,Charge 5
2023-07-18T10:58:00Z,26,Charge 5
2023-07-18T10:59:00Z,51,Charge 5
2023-07-18T11:00:00Z,56,Charge 5
2023-07-18T11:40:00Z,6,Charge 5
2023-07-18T12:19:00Z,104,Charge 5
2023-07-18T12:24:00Z,41,Charge 5
2023-07-18T12:25:00Z,92,Charge 5
2023-07-18T12:26:00Z,78,Charge 5
2023-07-18T12:27:00Z,6,Charge 5
2023-07-18T12:28:00Z,34,Charge 5
2023-07-18T12:29:00Z,98,Charge 5
2023-07-18T12:30:00Z,47,Charge 5
2023-07-18T12:31:00Z,75,Charge 5
2023-07-18T12:53:00Z,4,Charge 5
2023-07-18T13:02:00Z,8,Charge 5
2023-07-18T13:06:00Z,11,Charge 5
2023-07-18T13:07:00Z,95,Charge 5
2023-07-18T13:08:00Z,78,Charge 5
2023-07-18T13:14:00Z,10,Charge 5
2023-07-18T13:15:00Z,23,Charge 5
2023-07-18T13:16:00Z,67,Charge 5
2023-07-18T13:17:00Z,7,Charge 5
2023-07-18T13:18:00Z,19,Charge 5
2023-07-18T13:19:00Z,35,Charge 5
2023-07-18T13:30:00Z,4,Charge 5
2023-07-18T13:52:00Z,63,Charge 5
2023-07-18T13:53:00Z,62,Charge 5
2023-07-18T13:58:00Z,10,Charge 5
2023-07-18T13:59:00Z,53,Charge 5
2023-07-18T14:00:00Z,47,Charge 5
2023-07-18T14:01:00Z,14,Charge 5
2023-07-18T14:03:00Z,8,Charge 5
2023-07-18T14:05:00Z,56,Charge 5
2023-07-18T14:06:00Z,10,Charge 5
2023-07-18T14:14:00Z,8,Charge 5
2023-07-18T14:15:00Z,3,Charge 5
2023-07-18T14:17:00Z,6,Charge 5
2023-07-18T14:18:00Z,7,Charge 5
2023-07-18T14:20:00Z,4,Charge 5
2023-07-18T14:22:00Z,6,Charge 5
2023-07-18T14:36:00Z,18,Charge 5
2023-07-18T14:40:00Z,6,Charge 5
2023-07-18T15:00:00Z,23,Charge 5
2023-07-18T15:04:00Z,23,Charge 5
2023-07-18T15:05:00Z,11,Charge 5
2023-07-18T15:06:00Z,32,Charge 5
2023-07-18T15:07:00Z,16,Charge 5
2023-07-18T15:11:00Z,6,Charge 5
2023-07-18T15:14:00Z,12,Charge 5
2023-07-18T15:16:00Z,7,Charge 5
2023-07-18T15:17:00Z,19,Charge 5
2023-07-18T15:18:00Z,38,Charge 5
2023-07-18T15:19:00Z,61,Charge 5
2023-07-18T15:27:00Z,59,Charge 5
2023-07-18T15:28:00Z,50,Charge 5
2023-07-18T15:29:00Z,48,Charge 5
2023-07-18T15:30:00Z,65,Charge 5
2023-07-18T15:31:00Z,63,Charge 5
2023-07-18T15:32:00Z,58,Charge 5
2023-07-18T15:33:00Z,40,Charge 5
2023-07-18T15:34:00Z,92,Charge 5
2023-07-18T15:35:00Z,104,Charge 5
2023-07-18T15:36:00Z,23,Charge 5
2023-07-18T15:38:00Z,35,Charge 5
2023-07-18T15:58:00Z,86,Charge 5
2023-07-18T15:59:00Z,53,Charge 5
2023-07-18T16:06:00Z,55,Charge 5
2023-07-18T16:07:00Z,95,Charge 5
2023-07-18T16:08:00Z,40,Charge 5
2023-07-18T16:09:00Z,15,Charge 5
2023-07-18T16:10:00Z,12,Charge 5
2023-07-18T16:15:00Z,7,Charge 5
2023-07-18T16:40:00Z,35,Charge 5
2023-07-18T16:41:00Z,7,Charge 5
2023-07-18T17:21:00Z,19,Charge 5
2023-07-18T17:22:00Z,12,Charge 5
2023-07-18T17:31:00Z,9,Charge 5
2023-07-18T17:33:00Z,9,Charge 5
2023-07-18T17:34:00Z,8,Charge 5
2023-07-18T17:35:00Z,7,Charge 5
2023-07-18T17:38:00Z,17,Charge 5
2023-07-18T17:39:00Z,36,Charge 5
2023-07-18T17:45:00Z,7,Charge 5
2023-07-18T17:46:00Z,97,Charge 5
2023-07-18T17:47:00Z,76,Charge 5
2023-07-18T17:48:00Z,59,Charge 5
2023-07-18T17:49:00Z,83,Charge 5
2023-07-18T18:34:00Z,38,Charge 5
2023-07-18T18:35:00Z,24,Charge 5
2023-07-18T18:37:00Z,13,Charge 5
2023-07-18T18:38:00Z,51,Charge 5
2023-07-18T18:39:00Z,53,Charge 5
2023-07-18T18:42:00Z,8,Charge 5
2023-07-18T18:50:00Z,54,Charge 5
2023-07-18T18:51:00Z,69,Charge 5
2023-07-18T18:52:00Z,99,Charge 5
2023-07-18T18:53:00Z,97,Charge 5
2023-07-18T18:54:00Z,101,Charge 5
2023-07-18T18:55:00Z,105,Charge 5
2023-07-18T18:56:00Z,98,Charge 5
2023-07-18T18:57:00Z,23,Charge 5
2023-07-18T18:58:00Z,23,Charge 5
2023-07-18T18:59:00Z,27,Charge 5
2023-07-18T19:00:00Z,29,Charge 5
2023-07-18T19:01:00Z,16,Charge 5
2023-07-18T19:02:00Z,37,Charge 5
2023-07-18T19:03:00Z,31,Charge 5
2023-07-18T19:04:00Z,23,Charge 5
2023-07-18T19:05:00Z,13,Charge 5
2023-07-18T19:06:00Z,20,Charge 5
2023-07-18T19:07:00Z,17,Charge 5
2023-07-18T19:10:00Z,10,Charge 5
2023-07-18T19:11:00Z,24,Charge 5
2023-07-18T20:11:00Z,9,Charge 5
2023-07-18T20:33:00Z,36,Charge 5
2023-07-18T21:44:00Z,19,Charge 5
2023-07-19T04:56:00Z,9,Charge 5
2023-07-19T04:58:00Z,14,Charge 5
2023-07-19T05:04:00Z,11,Charge 5
2023-07-19T05:06:00Z,43,Charge 5
2023-07-19T05:07:00Z,123,Charge 5
2023-07-19T05:08:00Z,32,Charge 5
2023-07-19T05:09:00Z,56,Charge 5
2023-07-19T05:10:00Z,24,Charge 5
2023-07-19T05:15:00Z,21,Charge 5
2023-07-19T05:17:00Z,11,Charge 5
2023-07-19T06:18:00Z,6,Charge 5
2023-07-19T06:19:00Z,1,Charge 5
2023-07-19T06:25:00Z,8,Charge 5
2023-07-19T06:27:00Z,9,Charge 5
2023-07-19T06:38:00Z,26,Charge 5
2023-07-19T06:39:00Z,5,Charge 5
2023-07-19T06:50:00Z,6,Charge 5
2023-07-19T06:51:00Z,13,Charge 5
2023-07-19T06:52:00Z,30,Charge 5
2023-07-19T06:53:00Z,12,Charge 5
2023-07-19T07:03:00Z,4,Charge 5
2023-07-19T07:04:00Z,64,Charge 5
2023-07-19T07:05:00Z,2,Charge 5
2023-07-19T07:17:00Z,38,Charge 5
2023-07-19T07:18:00Z,22,Charge 5
2023-07-19T07:19:00Z,84,Charge 5
2023-07-19T07:20:00Z,100,Charge 5
2023-07-19T07:21:00Z,99,Charge 5
2023-07-19T07:22:00Z,89,Charge 5
2023-07-19T07:23:00Z,55,Charge 5
2023-07-19T07:24:00Z,31,Charge 5
2023-07-19T07:25:00Z,14,Charge 5
2023-07-19T07:31:00Z,9,Charge 5
2023-07-19T08:10:00Z,17,Charge 5
2023-07-19T08:11:00Z,42,Charge 5
2023-07-19T08:12:00Z,54,Charge 5
2023-07-19T08:13:00Z,89,Charge 5
2023-07-19T08:14:00Z,16,Charge 5
2023-07-19T08:15:00Z,1,Charge 5
2023-07-19T08:17:00Z,45,Charge 5
2023-07-19T08:20:00Z,39,Charge 5
2023-07-19T09:24:00Z,9,Charge 5
2023-07-19T09:33:00Z,45,Charge 5
2023-07-19T09:34:00Z,95,Charge 5
2023-07-19T09:40:00Z,8,Charge 5
2023-07-19T09:41:00Z,10,Charge 5
2023-07-19T09:42:00Z,4,Charge 5
2023-07-19T09:44:00Z,15,Charge 5
2023-07-19T09:50:00Z,10,Charge 5
2023-07-19T09:54:00Z,4,Charge 5
2023-07-19T10:30:00Z,6,Charge 5
2023-07-19T10:33:00Z,43,Charge 5
2023-07-19T11:10:00Z,11,Charge 5
2023-07-19T11:46:00Z,10,Charge 5
2023-07-19T12:18:00Z,5,Charge 5
2023-07-19T12:20:00Z,35,Charge 5
2023-07-19T12:29:00Z,9,Charge 5
2023-07-19T12:30:00Z,40,Charge 5
2023-07-19T12:34:00Z,20,Charge 5
2023-07-19T13:10:00Z,5,Charge 5
2023-07-19T13:14:00Z,9,Charge 5
2023-07-19T13:33:00Z,32,Charge 5
2023-07-19T13:34:00Z,37,Charge 5
2023-07-19T13:57:00Z,19,Charge 5
2023-07-19T13:58:00Z,27,Charge 5
2023-07-19T13:59:00Z,9,Charge 5
2023-07-19T14:00:00Z,22,Charge 5
2023-07-19T14:01:00Z,78,Charge 5
2023-07-19T14:02:00Z,108,Charge 5
2023-07-19T14:03:00Z,108,Charge 5
2023-07-19T14:04:00Z,99,Charge 5
2023-07-19T14:05:00Z,105,Charge 5
2023-07-19T14:06:00Z,82,Charge 5
2023-07-19T14:07:00Z,91,Charge 5
2023-07-19T14:08:00Z,76,Charge 5
2023-07-19T14:09:00Z,20,Charge 5
2023-07-19T14:10:00Z,17,Charge 5
2023-07-19T14:11:00Z,83,Charge 5
2023-07-19T14:12:00Z,108,Charge 5
2023-07-19T14:13:00Z,109,Charge 5
2023-07-19T14:14:00Z,109,Charge 5
2023-07-19T14:15:00Z,81,Charge 5
2023-07-19T14:16:00Z,12,Charge 5
2023-07-19T14:23:00Z,21,Charge 5
2023-07-19T14:24:00Z,7,Charge 5
2023-07-19T14:42:00Z,5,Charge 5
2023-07-19T15:09:00Z,46,Charge 5
2023-07-19T15:10:00Z,69,Charge 5
2023-07-19T15:11:00Z,101,Charge 5
2023-07-19T15:12:00Z,101,Charge 5
2023-07-19T15:13:00Z,101,Charge 5
2023-07-19T15:14:00Z,92,Charge 5
2023-07-19T15:15:00Z,15,Charge 5
2023-07-19T15:16:00Z,13,Charge 5
2023-07-19T15:17:00Z,20,Charge 5
2023-07-19T15:18:00Z,11,Charge 5
2023-07-19T15:19:00Z,9,Charge 5
2023-07-19T15:20:00Z,7,Charge 5
2023-07-19T15:22:00Z,6,Charge 5
2023-07-19T15:26:00Z,12,Charge 5
2023-07-19T15:27:00Z,24,Charge 5
2023-07-19T15:37:00Z,7,Charge 5
2023-07-19T15:38:00Z,24,Charge 5
2023-07-19T15:39:00Z,11,Charge 5
2023-07-19T15:40:00Z,50,Charge 5
2023-07-19T15:42:00Z,9,Charge 5
2023-07-19T15:43:00Z,2,Charge 5
2023-07-19T16:16:00Z,11,Charge 5
2023-07-19T16:18:00Z,23,Charge 5
2023-07-19T16:29:00Z,11,Charge 5
2023-07-19T16:30:00Z,11,Charge 5
2023-07-19T16:32:00Z,9,Charge 5
2023-07-19T16:34:00Z,8,Charge 5
2023-07-19T16:39:00Z,23,Charge 5
2023-07-19T16:40:00Z,40,Charge 5
2023-07-19T16:41:00Z,10,Charge 5
2023-07-19T16:42:00Z,18,Charge 5
2023-07-19T17:01:00Z,62,Charge 5
2023-07-19T17:02:00Z,79,Charge 5
2023-07-19T17:03:00Z,79,Charge 5
2023-07-19T17:04:00Z,110,Charge 5
2023-07-19T17:05:00Z,31,Charge 5
2023-07-19T17:06:00Z,11,Charge 5
2023-07-19T17:07:00Z,8,Charge 5
2023-07-19T17:13:00Z,118,Charge 5
2023-07-19T17:14:00Z,24,Charge 5
2023-07-19T17:27:00Z,30,Charge 5
2023-07-19T17:28:00Z,71,Charge 5
2023-07-19T17:29:00Z,35,Charge 5
2023-07-19T17:30:00Z,99,Charge 5
2023-07-19T17:31:00Z,37,Charge 5
2023-07-19T17:32:00Z,33,Charge 5
2023-07-19T17:35:00Z,12,Charge 5
2023-07-19T18:07:00Z,12,Charge 5
2023-07-19T18:29:00Z,4,Charge 5
2023-07-19T18:42:00Z,12,Charge 5
2023-07-19T18:43:00Z,18,Charge 5
2023-07-19T18:45:00Z,5,Charge 5
2023-07-19T18:48:00Z,12,Charge 5
2023-07-19T19:03:00Z,4,Charge 5
2023-07-19T19:24:00Z,19,Charge 5
2023-07-19T19:35:00Z,6,Charge 5
2023-07-19T19:55:00Z,7,Charge 5
2023-07-19T19:56:00Z,8,Charge 5
2023-07-19T19:59:00Z,18,Charge 5
2023-07-19T20:04:00Z,17,Charge 5
2023-07-19T20:34:00Z,22,Charge 5
2023-07-19T20:35:00Z,14,Charge 5
2023-07-19T20:37:00Z,5,Charge 5
2023-07-19T21:27:00Z,8,Charge 5
2023-07-20T05:11:00Z,12,Charge 5
2023-07-20T05:16:00Z,9,Charge 5
2023-07-20T05:34:00Z,5,Charge 5
2023-07-20T05:48:00Z,19,Charge 5
2023-07-20T05:52:00Z,25,Charge 5
2023-07-20T05:53:00Z,13,Charge 5
2023-07-20T05:54:00Z,8,Charge 5
2023-07-20T05:55:00Z,34,Charge 5
2023-07-20T05:56:00Z,22,Charge 5
2023-07-20T05:58:00Z,17,Charge 5
2023-07-20T06:10:00Z,21,Charge 5
2023-07-20T06:11:00Z,16,Charge 5
2023-07-20T06:26:00Z,28,Charge 5
2023-07-20T06:27:00Z,35,Charge 5
2023-07-20T06:28:00Z,11,Charge 5
2023-07-20T06:29:00Z,18,Charge 5
2023-07-20T06:33:00Z,24,Charge 5
2023-07-20T06:34:00Z,37,Charge 5
2023-07-20T06:36:00Z,11,Charge 5
2023-07-20T06:41:00Z,7,Charge 5
2023-07-20T06:43:00Z,20,Charge 5
2023-07-20T06:47:00Z,7,Charge 5
2023-07-20T06:49:00Z,72,Charge 5
2023-07-20T06:50:00Z,63,Charge 5
2023-07-20T07:03:00Z,13,Charge 5
2023-07-20T07:07:00Z,9,Charge 5
2023-07-20T07:12:00Z,53,Charge 5
2023-07-20T07:13:00Z,78,Charge 5
2023-07-20T07:14:00Z,109,Charge 5
2023-07-20T07:15:00Z,101,Charge 5
2023-07-20T07:16:00Z,24,Charge 5
2023-07-20T07:19:00Z,18,Charge 5
2023-07-20T07:22:00Z,10,Charge 5
2023-07-20T07:23:00Z,51,Charge 5
2023-07-20T07:24:00Z,8,Charge 5
2023-07-20T08:43:00Z,21,Charge 5
2023-07-20T08:46:00Z,7,Charge 5
2023-07-20T09:18:00Z,24,Charge 5
2023-07-20T09:19:00Z,4,Charge 5
2023-07-20T09:20:00Z,4,Charge 5
2023-07-20T09:21:00Z,10,Charge 5
2023-07-20T09:22:00Z,4,Charge 5
2023-07-20T09:23:00Z,9,Charge 5
2023-07-20T09:41:00Z,8,Charge 5
2023-07-20T09:42:00Z,44,Charge 5
2023-07-20T09:43:00Z,42,Charge 5
2023-07-20T09:44:00Z,95,Charge 5
2023-07-20T09:45:00Z,97,Charge 5
2023-07-20T09:46:00Z,100,Charge 5
2023-07-20T09:47:00Z,52,Charge 5
2023-07-20T09:48:00Z,93,Charge 5
2023-07-20T09:49:00Z,30,Charge 5
2023-07-20T09:50:00Z,9,Charge 5
2023-07-20T09:54:00Z,7,Charge 5
2023-07-20T10:00:00Z,53,Charge 5
2023-07-20T10:01:00Z,30,Charge 5
2023-07-20T10:02:00Z,111,Charge 5
2023-07-20T10:03:00Z,102,Charge 5
2023-07-20T10:04:00Z,115,Charge 5
2023-07-20T10:05:00Z,110,Charge 5
2023-07-20T10:06:00Z,111,Charge 5
2023-07-20T10:07:00Z,106,Charge 5
2023-07-20T10:08:00Z,109,Charge 5
2023-07-20T10:09:00Z,69,Charge 5
2023-07-20T10:10:00Z,42,Charge 5
2023-07-20T10:11:00Z,53,Charge 5
2023-07-20T10:15:00Z,9,Charge 5
2023-07-20T10:18:00Z,7,Charge 5
2023-07-20T10:22:00Z,7,Charge 5
2023-07-20T10:23:00Z,8,Charge 5
2023-07-20T10:25:00Z,11,Charge 5
2023-07-20T10:27:00Z,14,Charge 5
2023-07-20T10:28:00Z,38,Charge 5
2023-07-20T10:41:00Z,8,Charge 5
2023-07-20T10:42:00Z,17,Charge 5
2023-07-20T10:43:00Z,17,Charge 5
2023-07-20T10:44:00Z,7,Charge 5
2023-07-20T10:46:00Z,15,Charge 5
2023-07-20T10:49:00Z,14,Charge 5
2023-07-20T10:50:00Z,40,Charge 5
2023-07-20T10:52:00Z,18,Charge 5
2023-07-20T10:56:00Z,16,Charge 5
2023-07-20T10:57:00Z,6,Charge 5
2023-07-20T10:58:00Z,15,Charge 5
2023-07-20T10:59:00Z,11,Charge 5
2023-07-20T11:00:00Z,12,Charge 5
2023-07-20T11:03:00Z,17,Charge 5
2023-07-20T11:05:00Z,7,Charge 5
2023-07-20T11:06:00Z,8,Charge 5
2023-07-20T11:18:00Z,9,Charge 5
2023-07-20T11:26:00Z,14,Charge 5
2023-07-20T11:27:00Z,8,Charge 5
2023-07-20T11:30:00Z,14,Charge 5
2023-07-20T11:31:00Z,33,Charge 5
2023-07-20T11:32:00Z,49,Charge 5
2023-07-20T11:33:00Z,15,Charge 5
2023-07-20T11:35:00Z,12,Charge 5
2023-07-20T11:36:00Z,29,Charge 5
2023-07-20T11:38:00Z,62,Charge 5
2023-07-20T11:39:00Z,6,Charge 5
2023-07-20T11:46:00Z,23,Charge 5
2023-07-20T11:50:00Z,17,Charge 5
2023-07-20T11:51:00Z,12,Charge 5
2023-07-20T11:59:00Z,11,Charge 5
2023-07-20T12:00:00Z,7,Charge 5
2023-07-20T12:02:00Z,13,Charge 5
2023-07-20T12:03:00Z,15,Charge 5
2023-07-20T12:05:00Z,25,Charge 5
2023-07-20T12:06:00Z,29,Charge 5
2023-07-20T12:07:00Z,28,Charge 5
2023-07-20T12:08:00Z,22,Charge 5
2023-07-20T12:09:00Z,86,Charge 5
2023-07-20T12:10:00Z,13,Charge 5
2023-07-20T12:14:00Z,4,Charge 5
2023-07-20T12:25:00Z,6,Charge 5
2023-07-20T13:07:00Z,14,Charge 5
2023-07-20T13:08:00Z,21,Charge 5
2023-07-20T13:10:00Z,10,Charge 5
2023-07-20T13:23:00Z,11,Charge 5
2023-07-20T13:25:00Z,8,Charge 5
2023-07-20T13:44:00Z,8,Charge 5
2023-07-20T13:51:00Z,8,Charge 5
2023-07-20T13:55:00Z,15,Charge 5
2023-07-20T13:56:00Z,37,Charge 5
2023-07-20T14:06:00Z,6,Charge 5
2023-07-20T14:09:00Z,10,Charge 5
2023-07-20T14:13:00Z,12,Charge 5
2023-07-20T14:14:00Z,30,Charge 5
2023-07-20T14:15:00Z,13,Charge 5
2023-07-20T14:18:00Z,31,Charge 5
2023-07-20T14:19:00Z,28,Charge 5
2023-07-20T14:20:00Z,29,Charge 5
2023-07-20T14:24:00Z,13,Charge 5
2023-07-20T14:26:00Z,11,Charge 5
2023-07-20T14:27:00Z,26,Charge 5
2023-07-20T14:28:00Z,30,Charge 5
2023-07-20T14:29:00Z,92,Charge 5
2023-07-20T14:30:00Z,102,Charge 5
2023-07-20T14:31:00Z,101,Charge 5
2023-07-20T14:32:00Z,101,Charge 5
2023-07-20T14:33:00Z,100,Charge 5
2023-07-20T14:34:00Z,101,Charge 5
2023-07-20T14:35:00Z,100,Charge 5
2023-07-20T14:36:00Z,100,Charge 5
2023-07-20T14:37:00Z,103,Charge 5
2023-07-20T14:38:00Z,101,Charge 5
2023-07-20T14:39:00Z,41,Charge 5
2023-07-20T14:48:00Z,21,Charge 5
2023-07-20T14:49:00Z,67,Charge 5
2023-07-20T14:50:00Z,110,Charge 5
2023-07-20T14:51:00Z,104,Charge 5
2023-07-20T14:52:00Z,99,Charge 5
2023-07-20T14:53:00Z,105,Charge 5
2023-07-20T14:54:00Z,62,Charge 5
2023-07-20T14:55:00Z,37,Charge 5
2023-07-20T15:00:00Z,23,Charge 5
2023-07-20T15:01:00Z,15,Charge 5
2023-07-20T15:02:00Z,33,Charge 5
2023-07-20T15:03:00Z,16,Charge 5
2023-07-20T15:04:00Z,25,Charge 5
2023-07-20T15:05:00Z,13,Charge 5
2023-07-20T15:06:00Z,7,Charge 5
2023-07-20T15:07:00Z,35,Charge 5
2023-07-20T15:08:00Z,55,Charge 5
2023-07-20T15:09:00Z,16,Charge 5
2023-07-20T15:10:00Z,27,Charge 5
2023-07-20T15:11:00Z,49,Charge 5
2023-07-20T15:12:00Z,13,Charge 5
2023-07-20T15:13:00Z,13,Charge 5
2023-07-20T15:14:00Z,13,Charge 5
2023-07-20T15:17:00Z,12,Charge 5
2023-07-20T15:22:00Z,7,Charge 5
2023-07-20T15:23:00Z,7,Charge 5
2023-07-20T15:25:00Z,7,Charge 5
2023-07-20T15:33:00Z,19,Charge 5
2023-07-20T15:34:00Z,42,Charge 5
2023-07-20T15:36:00Z,6,Charge 5
2023-07-20T15:44:00Z,19,Charge 5
2023-07-20T15:47:00Z,16,Charge 5
2023-07-20T15:53:00Z,12,Charge 5
2023-07-20T15:54:00Z,22,Charge 5
2023-07-20T15:55:00Z,7,Charge 5
2023-07-20T15:58:00Z,21,Charge 5
2023-07-20T15:59:00Z,17,Charge 5
2023-07-20T16:02:00Z,10,Charge 5
2023-07-20T16:03:00Z,41,Charge 5
2023-07-20T16:04:00Z,25,Charge 5
2023-07-20T16:06:00Z,21,Charge 5
2023-07-20T16:07:00Z,22,Charge 5
2023-07-20T16:08:00Z,9,Charge 5
2023-07-20T16:14:00Z,10,Charge 5
2023-07-20T16:16:00Z,7,Charge 5
2023-07-20T17:03:00Z,21,Charge 5
2023-07-20T17:04:00Z,9,Charge 5
2023-07-20T17:06:00Z,13,Charge 5
2023-07-20T17:07:00Z,12,Charge 5
2023-07-20T17:08:00Z,18,Charge 5
2023-07-20T17:10:00Z,7,Charge 5
2023-07-20T17:11:00Z,4,Charge 5
2023-07-20T17:18:00Z,8,Charge 5
2023-07-20T17:19:00Z,8,Charge 5
2023-07-20T17:36:00Z,5,Charge 5
2023-07-20T18:12:00Z,5,Charge 5
2023-07-20T18:14:00Z,10,Charge 5
2023-07-20T18:20:00Z,35,Charge 5
2023-07-20T18:21:00Z,13,Charge 5
2023-07-20T18:24:00Z,13,Charge 5
2023-07-20T18:26:00Z,6,Charge 5
2023-07-20T18:39:00Z,23,Charge 5
2023-07-20T18:40:00Z,7,Charge 5
2023-07-20T18:44:00Z,34,Charge 5
2023-07-20T19:04:00Z,9,Charge 5
2023-07-20T19:06:00Z,16,Charge 5
2023-07-20T19:10:00Z,21,Charge 5
2023-07-20T19:11:00Z,1,Charge 5
2023-07-20T19:44:00Z,7,Charge 5
2023-07-20T19:45:00Z,42,Charge 5
2023-07-20T19:46:00Z,26,Charge 5
2023-07-20T19:47:00Z,7,Charge 5
2023-07-20T22:27:00Z,4,Charge 5
2023-07-20T23:06:00Z,4,Charge 5
2023-07-20T23:07:00Z,7,Charge 5
2023-07-20T23:20:00Z,31,Charge 5
2023-07-21T06:13:00Z,6,Charge 5
2023-07-21T06:18:00Z,37,Charge 5
2023-07-21T06:20:00Z,20,Charge 5
2023-07-21T06:22:00Z,36,Charge 5
2023-07-21T06:39:00Z,9,Charge 5
2023-07-21T06:52:00Z,28,Charge 5
2023-07-21T06:53:00Z,19,Charge 5
2023-07-21T06:54:00Z,23,Charge 5
2023-07-21T08:15:00Z,7,Charge 5
2023-07-21T08:17:00Z,16,Charge 5
2023-07-21T08:18:00Z,18,Charge 5
2023-07-21T08:19:00Z,29,Charge 5
2023-07-21T08:20:00Z,41,Charge 5
2023-07-21T08:22:00Z,10,Charge 5
2023-07-21T08:24:00Z,39,Charge 5
2023-07-21T08:25:00Z,14,Charge 5
2023-07-21T08:26:00Z,16,Charge 5
2023-07-21T08:27:00Z,26,Charge 5
2023-07-21T08:28:00Z,17,Charge 5
2023-07-21T08:32:00Z,26,Charge 5
2023-07-21T08:33:00Z,48,Charge 5
2023-07-21T08:34:00Z,25,Charge 5
2023-07-21T08:35:00Z,52,Charge 5
2023-07-21T08:51:00Z,82,Charge 5
2023-07-21T08:52:00Z,32,Charge 5
2023-07-21T08:53:00Z,23,Charge 5
2023-07-21T08:54:00Z,10,Charge 5
2023-07-21T09:05:00Z,16,Charge 5
2023-07-21T09:06:00Z,9,Charge 5
2023-07-21T09:16:00Z,9,Charge 5
2023-07-21T09:17:00Z,5,Charge 5
2023-07-21T09:18:00Z,25,Charge 5
2023-07-21T09:19:00Z,40,Charge 5
2023-07-21T09:20:00Z,9,Charge 5
2023-07-21T09:25:00Z,28,Charge 5
2023-07-21T09:26:00Z,15,Charge 5
2023-07-21T09:38:00Z,36,Charge 5
2023-07-21T09:41:00Z,20,Charge 5
2023-07-21T09:43:00Z,37,Charge 5
2023-07-21T10:01:00Z,16,Charge 5
2023-07-21T10:02:00Z,7,Charge 5
2023-07-21T10:03:00Z,22,Charge 5
2023-07-21T10:08:00Z,116,Charge 5
2023-07-21T10:09:00Z,37,Charge 5
2023-07-21T10:18:00Z,11,Charge 5
2023-07-21T10:20:00Z,11,Charge 5
2023-07-21T10:22:00Z,9,Charge 5
2023-07-21T10:23:00Z,7,Charge 5
2023-07-21T10:24:00Z,13,Charge 5
2023-07-21T10:25:00Z,7,Charge 5
2023-07-21T10:27:00Z,31,Charge 5
2023-07-21T10:28:00Z,43,Charge 5
2023-07-21T10:30:00Z,34,Charge 5
2023-07-21T10:31:00Z,14,Charge 5
2023-07-21T10:32:00Z,8,Charge 5
2023-07-21T10:33:00Z,6,Charge 5
2023-07-21T10:34:00Z,20,Charge 5
2023-07-21T11:02:00Z,13,Charge 5
2023-07-21T11:03:00Z,31,Charge 5
2023-07-21T11:04:00Z,14,Charge 5
2023-07-21T11:06:00Z,9,Charge 5
2023-07-21T11:07:00Z,10,Charge 5
2023-07-21T11:08:00Z,27,Charge 5
2023-07-21T11:09:00Z,33,Charge 5
2023-07-21T11:10:00Z,21,Charge 5
2023-07-21T11:11:00Z,9,Charge 5
2023-07-21T11:12:00Z,24,Charge 5
2023-07-21T11:13:00Z,16,Charge 5
2023-07-21T11:14:00Z,25,Charge 5
2023-07-21T11:15:00Z,12,Charge 5
2023-07-21T11:16:00Z,32,Charge 5
2023-07-21T11:17:00Z,7,Charge 5
2023-07-21T11:18:00Z,20,Charge 5
2023-07-21T11:19:00Z,6,Charge 5
2023-07-21T11:20:00Z,4,Charge 5
2023-07-21T11:21:00Z,8,Charge 5
2023-07-21T11:22:00Z,6,Charge 5
2023-07-21T11:23:00Z,21,Charge 5
2023-07-21T11:24:00Z,18,Charge 5
2023-07-21T11:25:00Z,33,Charge 5
2023-07-21T11:26:00Z,14,Charge 5
2023-07-21T11:27:00Z,6,Charge 5
2023-07-21T11:28:00Z,44,Charge 5
2023-07-21T11:29:00Z,16,Charge 5
2023-07-21T11:30:00Z,17,Charge 5
2023-07-21T11:31:00Z,43,Charge 5
2023-07-21T11:32:00Z,9,Charge 5
2023-07-21T11:33:00Z,13,Charge 5
2023-07-21T11:34:00Z,18,Charge 5
2023-07-21T11:35:00Z,16,Charge 5
2023-07-21T11:36:00Z,4,Charge 5
2023-07-21T11:37:00Z,8,Charge 5
2023-07-21T11:40:00Z,13,Charge 5
2023-07-21T11:41:00Z,15,Charge 5
2023-07-21T11:42:00Z,24,Charge 5
2023-07-21T11:45:00Z,16,Charge 5
2023-07-21T11:46:00Z,13,Charge 5
2023-07-21T11:47:00Z,4,Charge 5
2023-07-21T11:52:00Z,27,Charge 5
2023-07-21T11:53:00Z,22,Charge 5
2023-07-21T12:00:00Z,7,Charge 5
2023-07-21T12:02:00Z,8,Charge 5
2023-07-21T12:21:00Z,7,Charge 5
2023-07-21T14:02:00Z,7,Charge 5
2023-07-21T14:41:00Z,15,Charge 5
2023-07-21T14:42:00Z,8,Charge 5
2023-07-21T14:44:00Z,16,Charge 5
2023-07-21T14:45:00Z,20,Charge 5
2023-07-21T14:47:00Z,11,Charge 5
2023-07-21T14:48:00Z,13,Charge 5
2023-07-21T14:49:00Z,7,Charge 5
2023-07-21T14:50:00Z,13,Charge 5
2023-07-21T14:52:00Z,21,Charge 5
2023-07-21T14:53:00Z,19,Charge 5
2023-07-21T14:54:00Z,7,Charge 5
2023-07-21T14:55:00Z,27,Charge 5
2023-07-21T14:56:00Z,26,Charge 5
2023-07-21T14:57:00Z,17,Charge 5
2023-07-21T15:05:00Z,7,Charge 5
2023-07-21T15:15:00Z,12,Charge 5
2023-07-21T15:16:00Z,10,Charge 5
2023-07-21T15:17:00Z,11,Charge 5
2023-07-21T15:33:00Z,4,Charge 5
2023-07-21T15:44:00Z,7,Charge 5
2023-07-21T15:45:00Z,19,Charge 5
2023-07-21T15:47:00Z,5,Charge 5
2023-07-21T15:48:00Z,8,Charge 5
2023-07-21T15:50:00Z,15,Charge 5
2023-07-21T15:52:00Z,11,Charge 5
2023-07-21T15:53:00Z,10,Charge 5
2023-07-21T15:55:00Z,20,Charge 5
2023-07-21T15:57:00Z,10,Charge 5
2023-07-21T15:58:00Z,15,Charge 5
2023-07-21T15:59:00Z,20,Charge 5
2023-07-21T16:00:00Z,6,Charge 5
2023-07-21T16:01:00Z,7,Charge 5
2023-07-21T16:06:00Z,27,Charge 5
2023-07-21T16:09:00Z,5,Charge 5
2023-07-21T16:25:00Z,6,Charge 5
2023-07-21T16:37:00Z,12,Charge 5
2023-07-21T16:40:00Z,4,Charge 5
2023-07-21T16:47:00Z,9,Charge 5
2023-07-21T16:49:00Z,4,Charge 5
2023-07-21T16:53:00Z,7,Charge 5
2023-07-21T17:02:00Z,10,Charge 5
2023-07-21T17:12:00Z,9,Charge 5
2023-07-21T17:17:00Z,15,Charge 5
2023-07-21T17:18:00Z,41,Charge 5
2023-07-21T17:19:00Z,27,Charge 5
2023-07-21T17:20:00Z,12,Charge 5
2023-07-21T17:21:00Z,32,Charge 5
2023-07-21T17:22:00Z,27,Charge 5
2023-07-21T17:23:00Z,23,Charge 5
2023-07-21T17:24:00Z,48,Charge 5
2023-07-21T17:26:00Z,10,Charge 5
2023-07-21T17:47:00Z,38,Charge 5
2023-07-21T17:48:00Z,14,Charge 5
2023-07-21T17:50:00Z,10,Charge 5
2023-07-21T17:52:00Z,29,Charge 5
2023-07-21T17:55:00Z,16,Charge 5
2023-07-21T17:56:00Z,5,Charge 5
2023-07-21T17:57:00Z,11,Charge 5
2023-07-21T17:58:00Z,21,Charge 5
2023-07-21T17:59:00Z,39,Charge 5
2023-07-21T18:00:00Z,56,Charge 5
2023-07-21T18:01:00Z,29,Charge 5
2023-07-21T18:03:00Z,15,Charge 5
2023-07-21T18:19:00Z,9,Charge 5
2023-07-21T18:21:00Z,17,Charge 5
2023-07-21T18:22:00Z,8,Charge 5
2023-07-21T18:23:00Z,30,Charge 5
2023-07-21T18:24:00Z,24,Charge 5
2023-07-21T18:25:00Z,27,Charge 5
2023-07-21T18:26:00Z,25,Charge 5
2023-07-21T18:52:00Z,12,Charge 5
2023-07-21T18:54:00Z,19,Charge 5
2023-07-21T18:57:00Z,19,Charge 5
2023-07-21T19:00:00Z,6,Charge 5
2023-07-21T19:01:00Z,6,Charge 5
2023-07-21T19:03:00Z,16,Charge 5
2023-07-21T19:17:00Z,18,Charge 5
2023-07-21T19:18:00Z,4,Charge 5
2023-07-21T19:19:00Z,16,Charge 5
2023-07-21T19:34:00Z,8,Charge 5
2023-07-21T19:35:00Z,16,Charge 5
2023-07-21T19:36:00Z,34,Charge 5
2023-07-21T19:38:00Z,8,Charge 5
2023-07-21T20:12:00Z,12,Charge 5
2023-07-21T20:15:00Z,12,Charge 5
2023-07-21T20:29:00Z,28,Charge 5
2023-07-21T20:30:00Z,8,Charge 5
2023-07-21T20:31:00Z,8,Charge 5
2023-07-21T20:35:00Z,8,Charge 5
2023-07-21T20:36:00Z,18,Charge 5
2023-07-21T20:47:00Z,7,Charge 5
2023-07-21T20:49:00Z,8,Charge 5
2023-07-22T05:47:00Z,4,Charge 5
2023-07-22T06:01:00Z,6,Charge 5
2023-07-22T06:10:00Z,33,Charge 5
2023-07-22T06:11:00Z,25,Charge 5
2023-07-22T06:36:00Z,6,Charge 5
2023-07-22T06:42:00Z,35,Charge 5
2023-07-22T06:43:00Z,20,Charge 5
2023-07-22T07:04:00Z,7,Charge 5
2023-07-22T07:05:00Z,28,Charge 5
2023-07-22T07:06:00Z,27,Charge 5
2023-07-22T07:07:00Z,19,Charge 5
2023-07-22T07:10:00Z,18,Charge 5
2023-07-22T07:12:00Z,9,Charge 5
2023-07-22T07:20:00Z,16,Charge 5
2023-07-22T07:21:00Z,33,Charge 5
2023-07-22T07:22:00Z,13,Charge 5
2023-07-22T07:39:00Z,21,Charge 5
2023-07-22T07:40:00Z,20,Charge 5
2023-07-22T07:41:00Z,14,Charge 5
2023-07-22T07:42:00Z,28,Charge 5
2023-07-22T07:43:00Z,20,Charge 5
2023-07-22T07:44:00Z,11,Charge 5
2023-07-22T07:56:00Z,5,Charge 5
2023-07-22T08:03:00Z,7,Charge 5
2023-07-22T08:10:00Z,13,Charge 5
2023-07-22T08:16:00Z,11,Charge 5
2023-07-22T08:21:00Z,18,Charge 5
2023-07-22T08:25:00Z,10,Charge 5
2023-07-22T08:27:00Z,8,Charge 5
2023-07-22T08:28:00Z,43,Charge 5
2023-07-22T08:30:00Z,10,Charge 5
2023-07-22T08:34:00Z,20,Charge 5
2023-07-22T08:35:00Z,7,Charge 5
2023-07-22T08:40:00Z,31,Charge 5
2023-07-22T08:41:00Z,30,Charge 5
2023-07-22T08:42:00Z,34,Charge 5
2023-07-22T08:43:00Z,10,Charge 5
2023-07-22T08:56:00Z,17,Charge 5
2023-07-22T08:58:00Z,13,Charge 5
2023-07-22T08:59:00Z,5,Charge 5
2023-07-22T09:03:00Z,12,Charge 5
2023-07-22T09:04:00Z,5,Charge 5
2023-07-22T09:14:00Z,8,Charge 5
2023-07-22T09:19:00Z,11,Charge 5
2023-07-22T09:20:00Z,12,Charge 5
2023-07-22T09:22:00Z,37,Charge 5
2023-07-22T09:23:00Z,17,Charge 5
2023-07-22T09:25:00Z,9,Charge 5
2023-07-22T09:26:00Z,15,Charge 5
2023-07-22T09:28:00Z,31,Charge 5
2023-07-22T09:29:00Z,48,Charge 5
2023-07-22T09:30:00Z,6,Charge 5
2023-07-22T09:35:00Z,16,Charge 5
2023-07-22T09:39:00Z,5,Charge 5
2023-07-22T10:17:00Z,6,Charge 5
2023-07-22T10:48:00Z,11,Charge 5
2023-07-22T10:49:00Z,10,Charge 5
2023-07-22T11:01:00Z,28,Charge 5
2023-07-22T11:02:00Z,16,Charge 5
2023-07-22T11:05:00Z,5,Charge 5
2023-07-22T11:06:00Z,7,Charge 5
2023-07-22T11:08:00Z,24,Charge 5
2023-07-22T11:09:00Z,13,Charge 5
2023-07-22T11:10:00Z,9,Charge 5
2023-07-22T11:13:00Z,20,Charge 5
2023-07-22T11:14:00Z,20,Charge 5
2023-07-22T11:15:00Z,17,Charge 5
2023-07-22T11:17:00Z,19,Charge 5
2023-07-22T11:18:00Z,33,Charge 5
2023-07-22T11:19:00Z,30,Charge 5
2023-07-22T11:20:00Z,36,Charge 5
2023-07-22T11:21:00Z,42,Charge 5
2023-07-22T11:22:00Z,21,Charge 5
2023-07-22T11:23:00Z,21,Charge 5
2023-07-22T11:24:00Z,25,Charge 5
2023-07-22T11:25:00Z,23,Charge 5
2023-07-22T11:26:00Z,34,Charge 5
2023-07-22T11:29:00Z,16,Charge 5
2023-07-22T11:30:00Z,9,Charge 5
2023-07-22T11:31:00Z,14,Charge 5
2023-07-22T11:33:00Z,14,Charge 5
2023-07-22T11:34:00Z,15,Charge 5
2023-07-22T11:37:00Z,15,Charge 5
2023-07-22T11:40:00Z,5,Charge 5
2023-07-22T11:42:00Z,17,Charge 5
2023-07-22T11:43:00Z,16,Charge 5
2023-07-22T11:44:00Z,7,Charge 5
2023-07-22T11:45:00Z,24,Charge 5
2023-07-22T11:46:00Z,25,Charge 5
2023-07-22T11:47:00Z,17,Charge 5
2023-07-22T11:52:00Z,21,Charge 5
2023-07-22T12:02:00Z,8,Charge 5
2023-07-22T12:05:00Z,9,Charge 5
2023-07-22T12:06:00Z,41,Charge 5
2023-07-22T12:07:00Z,18,Charge 5
2023-07-22T12:08:00Z,45,Charge 5
2023-07-22T12:09:00Z,41,Charge 5
2023-07-22T12:11:00Z,26,Charge 5
2023-07-22T12:12:00Z,44,Charge 5
2023-07-22T12:13:00Z,41,Charge 5
2023-07-22T12:14:00Z,15,Charge 5
2023-07-22T12:15:00Z,28,Charge 5
2023-07-22T12:22:00Z,8,Charge 5
2023-07-22T12:23:00Z,23,Charge 5
2023-07-22T12:24:00Z,14,Charge 5
2023-07-22T12:25:00Z,48,Charge 5
2023-07-22T12:26:00Z,23,Charge 5
2023-07-22T12:27:00Z,14,Charge 5
2023-07-22T12:28:00Z,50,Charge 5
2023-07-22T12:29:00Z,35,Charge 5
2023-07-22T12:30:00Z,17,Charge 5
2023-07-22T12:31:00Z,32,Charge 5
2023-07-22T12:32:00Z,17,Charge 5
2023-07-22T12:33:00Z,33,Charge 5
2023-07-22T12:34:00Z,8,Charge 5
2023-07-22T12:35:00Z,34,Charge 5
2023-07-22T12:36:00Z,16,Charge 5
2023-07-22T12:37:00Z,18,Charge 5
2023-07-22T12:39:00Z,33,Charge 5
2023-07-22T12:40:00Z,40,Charge 5
2023-07-22T12:41:00Z,26,Charge 5
2023-07-22T12:42:00Z,37,Charge 5
2023-07-22T12:43:00Z,6,Charge 5
2023-07-22T12:44:00Z,8,Charge 5
2023-07-22T12:45:00Z,33,Charge 5
2023-07-22T12:46:00Z,11,Charge 5
2023-07-22T12:47:00Z,24,Charge 5
2023-07-22T12:48:00Z,30,Charge 5
2023-07-22T12:54:00Z,7,Charge 5
2023-07-22T12:55:00Z,42,Charge 5
2023-07-22T12:56:00Z,43,Charge 5
2023-07-22T12:57:00Z,51,Charge 5
2023-07-22T12:58:00Z,72,Charge 5
2023-07-22T12:59:00Z,35,Charge 5
2023-07-22T13:09:00Z,7,Charge 5
2023-07-22T13:13:00Z,7,Charge 5
2023-07-22T13:14:00Z,12,Charge 5
2023-07-22T13:15:00Z,5,Charge 5
2023-07-22T13:29:00Z,9,Charge 5
2023-07-22T13:30:00Z,10,Charge 5
2023-07-22T13:31:00Z,9,Charge 5
2023-07-22T13:32:00Z,38,Charge 5
2023-07-22T13:40:00Z,6,Charge 5
2023-07-22T13:41:00Z,24,Charge 5
2023-07-22T13:42:00Z,5,Charge 5
2023-07-22T13:47:00Z,19,Charge 5
2023-07-22T13:48:00Z,7,Charge 5
2023-07-22T13:51:00Z,8,Charge 5
2023-07-22T13:52:00Z,5,Charge 5
2023-07-22T13:57:00Z,9,Charge 5
2023-07-22T13:59:00Z,6,Charge 5
2023-07-22T14:01:00Z,10,Charge 5
2023-07-22T14:02:00Z,10,Charge 5
2023-07-22T14:19:00Z,13,Charge 5
2023-07-22T14:27:00Z,13,Charge 5
2023-07-22T14:28:00Z,2,Charge 5
2023-07-22T14:29:00Z,6,Charge 5
2023-07-22T14:35:00Z,16,Charge 5
2023-07-22T14:36:00Z,37,Charge 5
2023-07-22T14:37:00Z,12,Charge 5
2023-07-22T14:38:00Z,10,Charge 5
2023-07-22T14:39:00Z,12,Charge 5
2023-07-22T14:41:00Z,11,Charge 5
2023-07-22T14:42:00Z,7,Charge 5
2023-07-22T14:43:00Z,8,Charge 5
2023-07-22T14:44:00Z,22,Charge 5
2023-07-22T14:45:00Z,7,Charge 5
2023-07-22T14:50:00Z,46,Charge 5
2023-07-22T14:51:00Z,12,Charge 5
2023-07-22T14:54:00Z,13,Charge 5
2023-07-22T14:56:00Z,39,Charge 5
2023-07-22T14:57:00Z,19,Charge 5
2023-07-22T15:02:00Z,9,Charge 5
2023-07-22T15:03:00Z,18,Charge 5
2023-07-22T15:04:00Z,7,Charge 5
2023-07-22T15:05:00Z,4,Charge 5
2023-07-22T15:06:00Z,19,Charge 5
2023-07-22T15:18:00Z,8,Charge 5
2023-07-22T15:41:00Z,6,Charge 5
2023-07-22T15:42:00Z,30,Charge 5
2023-07-22T15:46:00Z,12,Charge 5
2023-07-22T15:50:00Z,21,Charge 5
2023-07-22T16:04:00Z,7,Charge 5
2023-07-22T16:45:00Z,16,Charge 5
2023-07-22T16:46:00Z,7,Charge 5
2023-07-22T16:48:00Z,23,Charge 5
2023-07-22T16:49:00Z,9,Charge 5
2023-07-22T16:50:00Z,12,Charge 5
2023-07-22T16:57:00Z,11,Charge 5
2023-07-22T16:58:00Z,10,Charge 5
2023-07-22T16:59:00Z,14,Charge 5
2023-07-22T17:00:00Z,26,Charge 5
2023-07-22T17:01:00Z,17,Charge 5
2023-07-22T17:02:00Z,10,Charge 5
2023-07-22T17:03:00Z,10,Charge 5
2023-07-22T17:04:00Z,11,Charge 5
2023-07-22T17:05:00Z,12,Charge 5
2023-07-22T17:06:00Z,15,Charge 5
2023-07-22T17:07:00Z,1,Charge 5
2023-07-22T17:13:00Z,41,Charge 5
2023-07-22T17:14:00Z,6,Charge 5
2023-07-22T17:16:00Z,16,Charge 5
2023-07-22T17:22:00Z,16,Charge 5
2023-07-22T17:23:00Z,37,Charge 5
2023-07-22T17:24:00Z,63,Charge 5
2023-07-22T17:25:00Z,74,Charge 5
2023-07-22T17:26:00Z,13,Charge 5
2023-07-22T17:27:00Z,40,Charge 5
2023-07-22T17:28:00Z,13,Charge 5
2023-07-22T17:29:00Z,11,Charge 5
2023-07-22T17:31:00Z,15,Charge 5
2023-07-22T17:33:00Z,22,Charge 5
2023-07-22T17:38:00Z,8,Charge 5
2023-07-22T17:42:00Z,4,Charge 5
2023-07-22T17:43:00Z,11,Charge 5
2023-07-22T17:48:00Z,8,Charge 5
2023-07-22T17:56:00Z,56,Charge 5
2023-07-22T17:57:00Z,45,Charge 5
2023-07-22T17:58:00Z,50,Charge 5
2023-07-22T17:59:00Z,24,Charge 5
2023-07-22T18:00:00Z,27,Charge 5
2023-07-22T18:01:00Z,13,Charge 5
2023-07-22T18:09:00Z,21,Charge 5
2023-07-22T18:10:00Z,8,Charge 5
2023-07-22T18:11:00Z,1,Charge 5
2023-07-22T18:12:00Z,41,Charge 5
2023-07-22T18:14:00Z,13,Charge 5
2023-07-22T18:16:00Z,16,Charge 5
2023-07-22T18:17:00Z,17,Charge 5
2023-07-22T18:19:00Z,19,Charge 5
2023-07-22T18:23:00Z,5,Charge 5
2023-07-22T18:25:00Z,17,Charge 5
2023-07-22T18:28:00Z,12,Charge 5
2023-07-22T18:29:00Z,40,Charge 5
2023-07-22T18:33:00Z,11,Charge 5
2023-07-22T18:51:00Z,9,Charge 5
2023-07-22T19:09:00Z,8,Charge 5
2023-07-22T19:12:00Z,11,Charge 5
2023-07-22T19:19:00Z,7,Charge 5
2023-07-22T19:20:00Z,21,Charge 5
2023-07-22T19:21:00Z,7,Charge 5
2023-07-22T19:22:00Z,25,Charge 5
2023-07-22T19:24:00Z,22,Charge 5
2023-07-22T19:25:00Z,35,Charge 5
2023-07-22T19:26:00Z,62,Charge 5
2023-07-22T19:27:00Z,18,Charge 5
2023-07-22T19:28:00Z,30,Charge 5
2023-07-22T19:29:00Z,23,Charge 5
2023-07-22T19:30:00Z,30,Charge 5
2023-07-22T19:31:00Z,55,Charge 5
2023-07-22T19:32:00Z,58,Charge 5
2023-07-22T19:33:00Z,18,Charge 5
2023-07-22T19:34:00Z,10,Charge 5
2023-07-22T19:35:00Z,13,Charge 5
2023-07-22T19:56:00Z,22,Charge 5
2023-07-22T19:57:00Z,8,Charge 5
2023-07-22T20:00:00Z,17,Charge 5
2023-07-22T20:03:00Z,13,Charge 5
2023-07-22T20:04:00Z,8,Charge 5
2023-07-22T20:09:00Z,12,Charge 5
2023-07-22T20:11:00Z,8,Charge 5
2023-07-22T20:17:00Z,10,Charge 5
2023-07-22T20:21:00Z,17,Charge 5
2023-07-22T20:22:00Z,8,Charge 5
2023-07-22T20:23:00Z,82,Charge 5
2023-07-22T20:24:00Z,33,Charge 5
2023-07-22T20:25:00Z,24,Charge 5
2023-07-22T20:26:00Z,41,Charge 5
2023-07-22T20:27:00Z,60,Charge 5
2023-07-22T20:28:00Z,13,Charge 5
2023-07-22T20:33:00Z,32,Charge 5
2023-07-22T20:34:00Z,26,Charge 5
2023-07-22T20:35:00Z,34,Charge 5
2023-07-22T20:36:00Z,5,Charge 5
2023-07-22T21:35:00Z,13,Charge 5
2023-07-22T22:09:00Z,13,Charge 5
2023-07-22T22:10:00Z,21,Charge 5
2023-07-22T22:12:00Z,15,Charge 5
2023-07-23T09:13:00Z,19,Charge 5
2023-07-23T09:14:00Z,31,Charge 5
2023-07-23T09:17:00Z,20,Charge 5
2023-07-23T09:19:00Z,29,Charge 5
2023-07-23T09:20:00Z,6,Charge 5
2023-07-23T09:22:00Z,9,Charge 5
2023-07-23T09:23:00Z,18,Charge 5
2023-07-23T09:33:00Z,40,Charge 5
2023-07-23T09:34:00Z,15,Charge 5
2023-07-23T09:35:00Z,8,Charge 5
2023-07-23T09:44:00Z,10,Charge 5
2023-07-23T09:47:00Z,9,Charge 5
2023-07-23T09:49:00Z,14,Charge 5
2023-07-23T09:53:00Z,7,Charge 5
2023-07-23T09:59:00Z,5,Charge 5
2023-07-23T10:02:00Z,8,Charge 5
2023-07-23T10:05:00Z,8,Charge 5
2023-07-23T10:07:00Z,6,Charge 5
2023-07-23T10:09:00Z,6,Charge 5
2023-07-23T10:10:00Z,18,Charge 5
2023-07-23T10:11:00Z,34,Charge 5
2023-07-23T10:12:00Z,61,Charge 5
2023-07-23T10:13:00Z,81,Charge 5
2023-07-23T10:14:00Z,57,Charge 5
2023-07-23T10:15:00Z,55,Charge 5
2023-07-23T10:16:00Z,56,Charge 5
2023-07-23T10:18:00Z,55,Charge 5
2023-07-23T10:19:00Z,43,Charge 5
2023-07-23T10:20:00Z,45,Charge 5
2023-07-23T10:21:00Z,51,Charge 5
2023-07-23T10:22:00Z,3,Charge 5
2023-07-23T10:23:00Z,19,Charge 5
2023-07-23T10:24:00Z,18,Charge 5
2023-07-23T10:25:00Z,13,Charge 5
2023-07-23T10:26:00Z,27,Charge 5
2023-07-23T10:27:00Z,8,Charge 5
2023-07-23T10:28:00Z,23,Charge 5
2023-07-23T10:30:00Z,38,Charge 5
2023-07-23T10:31:00Z,16,Charge 5
2023-07-23T10:32:00Z,20,Charge 5
2023-07-23T10:34:00Z,47,Charge 5
2023-07-23T10:35:00Z,32,Charge 5
2023-07-23T10:36:00Z,52,Charge 5
2023-07-23T10:37:00Z,27,Charge 5
2023-07-23T10:38:00Z,34,Charge 5
2023-07-23T10:39:00Z,31,Charge 5
2023-07-23T10:40:00Z,12,Charge 5
2023-07-23T10:41:00Z,41,Charge 5
2023-07-23T10:42:00Z,35,Charge 5
2023-07-23T10:44:00Z,42,Charge 5
2023-07-23T10:45:00Z,6,Charge 5
2023-07-23T10:54:00Z,13,Charge 5
2023-07-23T10:55:00Z,13,Charge 5
2023-07-23T10:56:00Z,3,Charge 5
2023-07-23T11:04:00Z,7,Charge 5
2023-07-23T11:06:00Z,37,Charge 5
2023-07-23T11:08:00Z,30,Charge 5
2023-07-23T11:09:00Z,111,Charge 5
2023-07-23T11:10:00Z,42,Charge 5
2023-07-23T11:11:00Z,27,Charge 5
2023-07-23T11:15:00Z,30,Charge 5
2023-07-23T11:16:00Z,74,Charge 5
2023-07-23T11:17:00Z,31,Charge 5
2023-07-23T11:18:00Z,19,Charge 5
2023-07-23T11:19:00Z,15,Charge 5
2023-07-23T11:20:00Z,26,Charge 5
2023-07-23T11:21:00Z,23,Charge 5
2023-07-23T11:22:00Z,6,Charge 5
2023-07-23T11:23:00Z,9,Charge 5
2023-07-23T11:25:00Z,52,Charge 5
2023-07-23T11:26:00Z,33,Charge 5
2023-07-23T11:27:00Z,40,Charge 5
2023-07-23T11:28:00Z,21,Charge 5
2023-07-23T11:29:00Z,4,Charge 5
2023-07-23T11:30:00Z,50,Charge 5
2023-07-23T11:40:00Z,7,Charge 5
2023-07-23T11:41:00Z,26,Charge 5
2023-07-23T11:43:00Z,4,Charge 5
2023-07-23T11:47:00Z,10,Charge 5
2023-07-23T11:50:00Z,19,Charge 5
2023-07-23T11:51:00Z,6,Charge 5
2023-07-23T11:53:00Z,12,Charge 5
2023-07-23T11:55:00Z,4,Charge 5
2023-07-23T11:56:00Z,7,Charge 5
2023-07-23T12:22:00Z,45,Charge 5
2023-07-23T12:23:00Z,15,Charge 5
2023-07-23T12:27:00Z,49,Charge 5
2023-07-23T12:28:00Z,13,Charge 5
2023-07-23T12:34:00Z,34,Charge 5
2023-07-23T12:35:00Z,62,Charge 5
2023-07-23T12:36:00Z,9,Charge 5
2023-07-23T12:46:00Z,17,Charge 5
2023-07-23T12:47:00Z,17,Charge 5
2023-07-23T12:48:00Z,15,Charge 5
2023-07-23T13:25:00Z,12,Charge 5
2023-07-23T13:27:00Z,6,Charge 5
2023-07-23T13:28:00Z,44,Charge 5
2023-07-23T13:29:00Z,75,Charge 5
2023-07-23T13:30:00Z,21,Charge 5
2023-07-23T13:33:00Z,10,Charge 5
2023-07-23T13:36:00Z,17,Charge 5
2023-07-23T13:37:00Z,8,Charge 5
2023-07-23T13:39:00Z,14,Charge 5
2023-07-23T13:40:00Z,19,Charge 5
2023-07-23T13:41:00Z,9,Charge 5
2023-07-23T13:42:00Z,12,Charge 5
2023-07-23T13:43:00Z,29,Charge 5
2023-07-23T13:44:00Z,14,Charge 5
2023-07-23T13:45:00Z,13,Charge 5
2023-07-23T13:47:00Z,26,Charge 5
2023-07-23T13:48:00Z,16,Charge 5
2023-07-23T13:54:00Z,18,Charge 5
2023-07-23T13:55:00Z,57,Charge 5
2023-07-23T13:57:00Z,10,Charge 5
2023-07-23T13:58:00Z,43,Charge 5
2023-07-23T14:00:00Z,10,Charge 5
2023-07-23T14:58:00Z,10,Charge 5
2023-07-23T15:01:00Z,14,Charge 5
2023-07-23T15:16:00Z,6,Charge 5
2023-07-23T15:18:00Z,30,Charge 5
2023-07-23T15:19:00Z,142,Charge 5
2023-07-23T15:20:00Z,108,Charge 5
2023-07-23T15:21:00Z,83,Charge 5
2023-07-23T15:22:00Z,96,Charge 5
2023-07-23T15:23:00Z,24,Charge 5
2023-07-23T15:30:00Z,7,Charge 5
2023-07-23T15:31:00Z,19,Charge 5
2023-07-23T15:32:00Z,59,Charge 5
2023-07-23T15:33:00Z,56,Charge 5
2023-07-23T15:34:00Z,91,Charge 5
2023-07-23T15:35:00Z,28,Charge 5
2023-07-23T15:37:00Z,41,Charge 5
2023-07-23T15:38:00Z,88,Charge 5
2023-07-23T15:39:00Z,96,Charge 5
2023-07-23T15:40:00Z,103,Charge 5
2023-07-23T15:41:00Z,85,Charge 5
2023-07-23T15:42:00Z,50,Charge 5
2023-07-23T15:43:00Z,84,Charge 5
2023-07-23T15:44:00Z,15,Charge 5
2023-07-23T15:51:00Z,24,Charge 5
2023-07-23T15:52:00Z,12,Charge 5
2023-07-23T15:53:00Z,30,Charge 5
2023-07-23T15:57:00Z,15,Charge 5
2023-07-23T16:04:00Z,7,Charge 5
2023-07-23T16:05:00Z,22,Charge 5
2023-07-23T16:06:00Z,76,Charge 5
2023-07-23T16:07:00Z,29,Charge 5
2023-07-23T16:08:00Z,15,Charge 5
2023-07-23T16:09:00Z,17,Charge 5
2023-07-23T16:10:00Z,25,Charge 5
2023-07-23T16:11:00Z,8,Charge 5
2023-07-23T16:12:00Z,51,Charge 5
2023-07-23T16:15:00Z,37,Charge 5
2023-07-23T16:16:00Z,31,Charge 5
2023-07-23T16:17:00Z,18,Charge 5
2023-07-23T16:18:00Z,30,Charge 5
2023-07-23T16:19:00Z,44,Charge 5
2023-07-23T16:20:00Z,29,Charge 5
2023-07-23T16:22:00Z,39,Charge 5
2023-07-23T16:23:00Z,102,Charge 5
2023-07-23T16:24:00Z,82,Charge 5
2023-07-23T16:25:00Z,51,Charge 5
2023-07-23T16:26:00Z,6,Charge 5
2023-07-23T16:28:00Z,18,Charge 5
2023-07-23T16:29:00Z,1,Charge 5
2023-07-23T16:30:00Z,24,Charge 5
2023-07-23T16:31:00Z,88,Charge 5
2023-07-23T16:32:00Z,84,Charge 5
2023-07-23T16:33:00Z,59,Charge 5
2023-07-23T16:34:00Z,59,Charge 5
2023-07-23T16:41:00Z,10,Charge 5
2023-07-23T16:42:00Z,6,Charge 5
2023-07-23T16:44:00Z,10,Charge 5
2023-07-23T16:50:00Z,13,Charge 5
2023-07-23T16:51:00Z,83,Charge 5
2023-07-23T16:52:00Z,89,Charge 5
2023-07-23T16:53:00Z,107,Charge 5
2023-07-23T16:54:00Z,105,Charge 5
2023-07-23T16:55:00Z,95,Charge 5
2023-07-23T16:56:00Z,89,Charge 5
2023-07-23T16:57:00Z,12,Charge 5
2023-07-23T16:58:00Z,17,Charge 5
2023-07-23T16:59:00Z,20,Charge 5
2023-07-23T17:01:00Z,40,Charge 5
2023-07-23T17:02:00Z,28,Charge 5
2023-07-23T17:03:00Z,18,Charge 5
2023-07-23T17:04:00Z,45,Charge 5
2023-07-23T17:05:00Z,36,Charge 5
2023-07-23T17:06:00Z,23,Charge 5
2023-07-23T17:08:00Z,6,Charge 5
2023-07-23T17:15:00Z,7,Charge 5
2023-07-23T17:23:00Z,17,Charge 5
2023-07-23T17:24:00Z,87,Charge 5
2023-07-23T17:25:00Z,95,Charge 5
2023-07-23T17:26:00Z,99,Charge 5
2023-07-23T17:27:00Z,109,Charge 5
2023-07-23T17:28:00Z,97,Charge 5
2023-07-23T17:29:00Z,106,Charge 5
2023-07-23T17:30:00Z,109,Charge 5
2023-07-23T17:31:00Z,111,Charge 5
2023-07-23T17:32:00Z,86,Charge 5
2023-07-23T17:33:00Z,44,Charge 5
2023-07-23T17:34:00Z,22,Charge 5
2023-07-23T17:35:00Z,6,Charge 5
2023-07-23T17:36:00Z,7,Charge 5
2023-07-23T17:37:00Z,12,Charge 5
2023-07-23T17:38:00Z,7,Charge 5
2023-07-23T17:39:00Z,6,Charge 5
2023-07-23T17:40:00Z,8,Charge 5
2023-07-23T17:53:00Z,18,Charge 5
2023-07-23T17:54:00Z,70,Charge 5
2023-07-23T17:55:00Z,78,Charge 5
2023-07-23T17:56:00Z,73,Charge 5
2023-07-23T17:57:00Z,36,Charge 5
2023-07-23T17:58:00Z,8,Charge 5
2023-07-23T18:01:00Z,16,Charge 5
2023-07-23T18:02:00Z,26,Charge 5
2023-07-23T18:03:00Z,16,Charge 5
2023-07-23T18:04:00Z,55,Charge 5
2023-07-23T18:05:00Z,52,Charge 5
2023-07-23T18:06:00Z,25,Charge 5
2023-07-23T18:07:00Z,40,Charge 5
2023-07-23T18:09:00Z,13,Charge 5
2023-07-23T18:10:00Z,17,Charge 5
2023-07-23T18:11:00Z,57,Charge 5
2023-07-23T18:12:00Z,39,Charge 5
2023-07-23T18:13:00Z,39,Charge 5
2023-07-23T18:14:00Z,50,Charge 5
2023-07-23T18:15:00Z,67,Charge 5
2023-07-23T18:16:00Z,15,Charge 5
2023-07-23T18:17:00Z,22,Charge 5
2023-07-23T18:21:00Z,27,Charge 5
2023-07-23T18:22:00Z,35,Charge 5
2023-07-23T18:24:00Z,5,Charge 5
2023-07-23T18:43:00Z,5,Charge 5
2023-07-23T19:49:00Z,7,Charge 5
2023-07-23T19:51:00Z,9,Charge 5
2023-07-23T19:59:00Z,21,Charge 5
2023-07-23T20:00:00Z,8,Charge 5
2023-07-23T20:02:00Z,11,Charge 5
2023-07-23T20:04:00Z,7,Charge 5
2023-07-23T20:05:00Z,55,Charge 5
2023-07-23T20:06:00Z,16,Charge 5
2023-07-23T20:10:00Z,6,Charge 5
2023-07-23T20:19:00Z,13,Charge 5
2023-07-23T20:20:00Z,4,Charge 5
2023-07-23T20:22:00Z,7,Charge 5
2023-07-23T20:23:00Z,6,Charge 5
2023-07-23T20:24:00Z,9,Charge 5
2023-07-23T20:25:00Z,13,Charge 5
2023-07-23T20:26:00Z,15,Charge 5
2023-07-23T20:31:00Z,7,Charge 5
2023-07-23T20:36:00Z,37,Charge 5
2023-07-23T20:37:00Z,12,Charge 5
2023-07-23T20:38:00Z,9,Charge 5
2023-07-23T20:40:00Z,38,Charge 5
2023-07-23T20:41:00Z,69,Charge 5
2023-07-23T20:42:00Z,44,Charge 5
2023-07-23T20:43:00Z,41,Charge 5
2023-07-23T20:44:00Z,58,Charge 5
2023-07-23T20:45:00Z,69,Charge 5
2023-07-23T20:46:00Z,41,Charge 5
2023-07-23T20:47:00Z,29,Charge 5
2023-07-23T20:48:00Z,39,Charge 5
2023-07-23T20:50:00Z,42,Charge 5
2023-07-23T20:51:00Z,3,Charge 5
2023-07-23T20:52:00Z,9,Charge 5
2023-07-23T20:56:00Z,8,Charge 5
2023-07-23T21:18:00Z,14,Charge 5
2023-07-23T21:22:00Z,28,Charge 5
2023-07-23T21:25:00Z,15,Charge 5
2023-07-23T21:27:00Z,15,Charge 5
2023-07-23T21:29:00Z,15,Charge 5
2023-07-23T21:51:00Z,7,Charge 5
2023-07-23T21:52:00Z,12,Charge 5
2023-07-23T21:57:00Z,10,Charge 5
2023-07-23T22:15:00Z,12,Charge 5
2023-07-23T22:16:00Z,10,Charge 5
2023-07-23T23:52:00Z,4,Charge 5
2023-07-24T01:48:00Z,8,Charge 5
2023-07-24T06:06:00Z,4,Charge 5
2023-07-24T06:07:00Z,12,Charge 5
2023-07-24T07:19:00Z,35,Charge 5
2023-07-24T07:21:00Z,17,Charge 5
2023-07-24T07:26:00Z,11,Charge 5
2023-07-24T07:27:00Z,10,Charge 5
2023-07-24T07:40:00Z,6,Charge 5
2023-07-24T07:43:00Z,20,Charge 5
2023-07-24T07:44:00Z,61,Charge 5
2023-07-24T07:47:00Z,31,Charge 5
2023-07-24T07:48:00Z,40,Charge 5
2023-07-24T07:50:00Z,28,Charge 5
2023-07-24T07:51:00Z,11,Charge 5
2023-07-24T07:52:00Z,6,Charge 5
2023-07-24T07:53:00Z,15,Charge 5
2023-07-24T07:55:00Z,7,Charge 5
2023-07-24T07:56:00Z,39,Charge 5
2023-07-24T07:57:00Z,24,Charge 5
2023-07-24T07:58:00Z,54,Charge 5
2023-07-24T07:59:00Z,19,Charge 5
2023-07-24T08:00:00Z,36,Charge 5
2023-07-24T08:01:00Z,9,Charge 5
2023-07-24T08:02:00Z,15,Charge 5
2023-07-24T08:03:00Z,39,Charge 5
2023-07-24T08:04:00Z,17,Charge 5
2023-07-24T08:05:00Z,41,Charge 5
2023-07-24T08:06:00Z,23,Charge 5
2023-07-24T08:07:00Z,6,Charge 5
2023-07-24T08:08:00Z,43,Charge 5
2023-07-24T08:09:00Z,8,Charge 5
2023-07-24T08:11:00Z,8,Charge 5
2023-07-24T08:12:00Z,12,Charge 5
2023-07-24T08:13:00Z,31,Charge 5
2023-07-24T08:14:00Z,11,Charge 5
2023-07-24T08:15:00Z,38,Charge 5
2023-07-24T08:16:00Z,31,Charge 5
2023-07-24T08:17:00Z,8,Charge 5
2023-07-24T08:18:00Z,4,Charge 5
2023-07-24T08:19:00Z,38,Charge 5
2023-07-24T08:20:00Z,38,Charge 5
2023-07-24T08:21:00Z,44,Charge 5
2023-07-24T08:22:00Z,35,Charge 5
2023-07-24T08:23:00Z,41,Charge 5
2023-07-24T08:24:00Z,39,Charge 5
2023-07-24T08:25:00Z,29,Charge 5
2023-07-24T08:29:00Z,29,Charge 5
2023-07-24T08:31:00Z,42,Charge 5
2023-07-24T08:32:00Z,22,Charge 5
2023-07-24T08:39:00Z,16,Charge 5
2023-07-24T08:40:00Z,1,Charge 5
2023-07-24T08:51:00Z,15,Charge 5
2023-07-24T08:52:00Z,27,Charge 5
2023-07-24T09:18:00Z,8,Charge 5
2023-07-24T09:31:00Z,6,Charge 5
2023-07-24T09:39:00Z,10,Charge 5
2023-07-24T09:42:00Z,33,Charge 5
2023-07-24T09:43:00Z,7,Charge 5
2023-07-24T09:44:00Z,7,Charge 5
2023-07-24T09:46:00Z,36,Charge 5
2023-07-24T09:48:00Z,10,Charge 5
2023-07-24T09:59:00Z,7,Charge 5
2023-07-24T10:01:00Z,6,Charge 5
2023-07-24T10:22:00Z,4,Charge 5
2023-07-24T10:27:00Z,39,Charge 5
2023-07-24T10:28:00Z,31,Charge 5
2023-07-24T10:29:00Z,27,Charge 5
2023-07-24T10:31:00Z,16,Charge 5
2023-07-24T10:34:00Z,37,Charge 5
2023-07-24T10:35:00Z,9,Charge 5
2023-07-24T10:40:00Z,20,Charge 5
2023-07-24T10:41:00Z,38,Charge 5
2023-07-24T10:42:00Z,102,Charge 5
2023-07-24T10:43:00Z,79,Charge 5
2023-07-24T10:44:00Z,14,Charge 5
2023-07-24T10:45:00Z,10,Charge 5
2023-07-24T10:46:00Z,10,Charge 5
2023-07-24T10:47:00Z,15,Charge 5
2023-07-24T10:49:00Z,9,Charge 5
2023-07-24T10:50:00Z,52,Charge 5
2023-07-24T10:51:00Z,104,Charge 5
2023-07-24T10:52:00Z,103,Charge 5
2023-07-24T10:53:00Z,102,Charge 5
2023-07-24T10:54:00Z,85,Charge 5
2023-07-24T10:55:00Z,79,Charge 5
2023-07-24T10:56:00Z,36,Charge 5
2023-07-24T10:57:00Z,33,Charge 5
2023-07-24T10:58:00Z,15,Charge 5
2023-07-24T10:59:00Z,23,Charge 5
2023-07-24T11:00:00Z,23,Charge 5
2023-07-24T11:01:00Z,28,Charge 5
2023-07-24T11:02:00Z,7,Charge 5
2023-07-24T11:03:00Z,8,Charge 5
2023-07-24T11:04:00Z,96,Charge 5
2023-07-24T11:05:00Z,72,Charge 5
2023-07-24T11:06:00Z,42,Charge 5
2023-07-24T11:07:00Z,104,Charge 5
2023-07-24T11:08:00Z,89,Charge 5
2023-07-24T11:09:00Z,32,Charge 5
2023-07-24T11:10:00Z,52,Charge 5
2023-07-24T11:11:00Z,47,Charge 5
2023-07-24T11:12:00Z,16,Charge 5
2023-07-24T11:13:00Z,50,Charge 5
2023-07-24T11:14:00Z,44,Charge 5
2023-07-24T11:15:00Z,40,Charge 5
2023-07-24T11:16:00Z,13,Charge 5
2023-07-24T11:17:00Z,6,Charge 5
2023-07-24T11:18:00Z,17,Charge 5
2023-07-24T11:20:00Z,26,Charge 5
2023-07-24T11:21:00Z,54,Charge 5
2023-07-24T11:22:00Z,47,Charge 5
2023-07-24T11:23:00Z,90,Charge 5
2023-07-24T11:24:00Z,71,Charge 5
2023-07-24T11:25:00Z,78,Charge 5
2023-07-24T11:26:00Z,80,Charge 5
2023-07-24T11:27:00Z,76,Charge 5
2023-07-24T11:28:00Z,81,Charge 5
2023-07-24T11:29:00Z,95,Charge 5
2023-07-24T11:30:00Z,70,Charge 5
2023-07-24T11:31:00Z,47,Charge 5
2023-07-24T11:32:00Z,67,Charge 5
2023-07-24T11:33:00Z,85,Charge 5
2023-07-24T11:34:00Z,94,Charge 5
2023-07-24T11:35:00Z,90,Charge 5
2023-07-24T11:36:00Z,66,Charge 5
2023-07-24T11:37:00Z,40,Charge 5
2023-07-24T11:39:00Z,8,Charge 5
2023-07-24T11:40:00Z,7,Charge 5
2023-07-24T11:41:00Z,7,Charge 5
2023-07-24T11:43:00Z,13,Charge 5
2023-07-24T11:50:00Z,11,Charge 5
2023-07-24T11:53:00Z,46,Charge 5
2023-07-24T11:54:00Z,19,Charge 5
2023-07-24T11:55:00Z,34,Charge 5
2023-07-24T11:56:00Z,51,Charge 5
2023-07-24T11:57:00Z,8,Charge 5
2023-07-24T12:03:00Z,32,Charge 5
2023-07-24T12:04:00Z,23,Charge 5
2023-07-24T12:05:00Z,10,Charge 5
2023-07-24T12:07:00Z,16,Charge 5
2023-07-24T12:12:00Z,80,Charge 5
2023-07-24T12:13:00Z,53,Charge 5
2023-07-24T12:14:00Z,46,Charge 5
2023-07-24T12:15:00Z,58,Charge 5
2023-07-24T12:16:00Z,83,Charge 5
2023-07-24T12:17:00Z,34,Charge 5
2023-07-24T12:18:00Z,80,Charge 5
2023-07-24T12:19:00Z,32,Charge 5
2023-07-24T12:20:00Z,53,Charge 5
2023-07-24T12:21:00Z,81,Charge 5
2023-07-24T12:22:00Z,80,Charge 5
2023-07-24T12:24:00Z,23,Charge 5
2023-07-24T12:26:00Z,15,Charge 5
2023-07-24T12:27:00Z,14,Charge 5
2023-07-24T12:28:00Z,16,Charge 5
2023-07-24T12:29:00Z,61,Charge 5
2023-07-24T12:30:00Z,80,Charge 5
2023-07-24T12:31:00Z,45,Charge 5
2023-07-24T12:32:00Z,34,Charge 5
2023-07-24T12:33:00Z,78,Charge 5
2023-07-24T12:34:00Z,91,Charge 5
2023-07-24T12:35:00Z,32,Charge 5
2023-07-24T12:36:00Z,12,Charge 5
2023-07-24T12:37:00Z,84,Charge 5
2023-07-24T12:38:00Z,103,Charge 5
2023-07-24T12:39:00Z,73,Charge 5
2023-07-24T12:40:00Z,110,Charge 5
2023-07-24T12:41:00Z,63,Charge 5
2023-07-24T12:42:00Z,63,Charge 5
2023-07-24T12:43:00Z,18,Charge 5
2023-07-24T12:47:00Z,101,Charge 5
2023-07-24T12:48:00Z,121,Charge 5
2023-07-24T12:49:00Z,129,Charge 5
2023-07-24T12:50:00Z,110,Charge 5
2023-07-24T12:51:00Z,109,Charge 5
2023-07-24T12:52:00Z,107,Charge 5
2023-07-24T12:53:00Z,98,Charge 5
2023-07-24T12:54:00Z,89,Charge 5
2023-07-24T12:55:00Z,83,Charge 5
2023-07-24T12:56:00Z,35,Charge 5
2023-07-24T12:57:00Z,17,Charge 5
2023-07-24T12:58:00Z,53,Charge 5
2023-07-24T12:59:00Z,12,Charge 5
2023-07-24T13:01:00Z,21,Charge 5
2023-07-24T13:17:00Z,17,Charge 5
2023-07-24T13:22:00Z,11,Charge 5
2023-07-24T13:24:00Z,28,Charge 5
2023-07-24T13:25:00Z,91,Charge 5
2023-07-24T13:26:00Z,84,Charge 5
2023-07-24T13:27:00Z,14,Charge 5
2023-07-24T13:28:00Z,11,Charge 5
2023-07-24T13:30:00Z,6,Charge 5
2023-07-24T13:32:00Z,6,Charge 5
2023-07-24T13:33:00Z,41,Charge 5
2023-07-24T13:34:00Z,3,Charge 5
2023-07-24T13:52:00Z,11,Charge 5
2023-07-24T13:53:00Z,10,Charge 5
2023-07-24T13:54:00Z,7,Charge 5
2023-07-24T14:00:00Z,10,Charge 5
2023-07-24T14:01:00Z,8,Charge 5
2023-07-24T14:05:00Z,10,Charge 5
2023-07-24T14:08:00Z,5,Charge 5
2023-07-24T14:19:00Z,26,Charge 5
2023-07-24T14:20:00Z,58,Charge 5
2023-07-24T14:21:00Z,10,Charge 5
2023-07-24T14:22:00Z,7,Charge 5
2023-07-24T14:40:00Z,57,Charge 5
2023-07-24T14:41:00Z,55,Charge 5
2023-07-24T14:42:00Z,38,Charge 5
2023-07-24T14:43:00Z,17,Charge 5
2023-07-24T14:44:00Z,17,Charge 5
2023-07-24T14:45:00Z,21,Charge 5
2023-07-24T14:46:00Z,34,Charge 5
2023-07-24T14:47:00Z,72,Charge 5
2023-07-24T14:48:00Z,84,Charge 5
2023-07-24T14:49:00Z,11,Charge 5
2023-07-24T14:51:00Z,23,Charge 5
2023-07-24T14:53:00Z,34,Charge 5
2023-07-24T14:55:00Z,6,Charge 5
2023-07-24T14:56:00Z,8,Charge 5
2023-07-24T14:59:00Z,71,Charge 5
2023-07-24T15:00:00Z,93,Charge 5
2023-07-24T15:01:00Z,91,Charge 5
2023-07-24T15:02:00Z,58,Charge 5
2023-07-24T15:04:00Z,8,Charge 5
2023-07-24T15:07:00Z,34,Charge 5
2023-07-24T15:08:00Z,90,Charge 5
2023-07-24T15:09:00Z,96,Charge 5
2023-07-24T15:10:00Z,86,Charge 5
2023-07-24T15:11:00Z,14,Charge 5
2023-07-24T15:13:00Z,15,Charge 5
2023-07-24T15:20:00Z,6,Charge 5
2023-07-24T15:21:00Z,72,Charge 5
2023-07-24T15:22:00Z,98,Charge 5
2023-07-24T15:23:00Z,63,Charge 5
2023-07-24T15:26:00Z,6,Charge 5
2023-07-24T15:27:00Z,9,Charge 5
2023-07-24T15:28:00Z,99,Charge 5
2023-07-24T15:29:00Z,27,Charge 5
2023-07-24T15:35:00Z,31,Charge 5
2023-07-24T15:39:00Z,14,Charge 5
2023-07-24T15:42:00Z,8,Charge 5
2023-07-24T15:44:00Z,17,Charge 5
2023-07-24T15:45:00Z,44,Charge 5
2023-07-24T15:46:00Z,99,Charge 5
2023-07-24T15:47:00Z,28,Charge 5
2023-07-24T15:48:00Z,38,Charge 5
2023-07-24T15:49:00Z,8,Charge 5
2023-07-24T15:50:00Z,95,Charge 5
2023-07-24T15:51:00Z,97,Charge 5
2023-07-24T15:52:00Z,45,Charge 5
2023-07-24T15:53:00Z,89,Charge 5
2023-07-24T15:54:00Z,91,Charge 5
2023-07-24T15:55:00Z,56,Charge 5
2023-07-24T15:56:00Z,30,Charge 5
2023-07-24T15:57:00Z,13,Charge 5
2023-07-24T15:59:00Z,20,Charge 5
2023-07-24T16:00:00Z,19,Charge 5
2023-07-24T16:02:00Z,36,Charge 5
2023-07-24T16:05:00Z,4,Charge 5
2023-07-24T16:08:00Z,18,Charge 5
2023-07-24T16:09:00Z,30,Charge 5
2023-07-24T16:10:00Z,64,Charge 5
2023-07-24T16:11:00Z,65,Charge 5
2023-07-24T16:12:00Z,28,Charge 5
2023-07-24T16:15:00Z,11,Charge 5
2023-07-24T16:16:00Z,23,Charge 5
2023-07-24T16:17:00Z,16,Charge 5
2023-07-24T16:20:00Z,12,Charge 5
2023-07-24T16:21:00Z,11,Charge 5
2023-07-24T16:22:00Z,84,Charge 5
2023-07-24T16:23:00Z,75,Charge 5
2023-07-24T16:24:00Z,36,Charge 5
2023-07-24T16:25:00Z,68,Charge 5
2023-07-24T16:26:00Z,33,Charge 5
2023-07-24T16:27:00Z,19,Charge 5
2023-07-24T16:28:00Z,33,Charge 5
2023-07-24T16:29:00Z,30,Charge 5
2023-07-24T16:30:00Z,49,Charge 5
2023-07-24T16:31:00Z,91,Charge 5
2023-07-24T16:32:00Z,17,Charge 5
2023-07-24T16:33:00Z,68,Charge 5
2023-07-24T16:34:00Z,52,Charge 5
2023-07-24T16:35:00Z,40,Charge 5
2023-07-24T16:36:00Z,44,Charge 5
2023-07-24T16:37:00Z,86,Charge 5
2023-07-24T16:38:00Z,97,Charge 5
2023-07-24T16:39:00Z,78,Charge 5
2023-07-24T16:40:00Z,100,Charge 5
2023-07-24T16:41:00Z,10,Charge 5
2023-07-24T16:42:00Z,100,Charge 5
2023-07-24T16:43:00Z,94,Charge 5
2023-07-24T16:44:00Z,44,Charge 5
2023-07-24T16:46:00Z,18,Charge 5
2023-07-24T16:49:00Z,65,Charge 5
2023-07-24T16:50:00Z,94,Charge 5
2023-07-24T16:51:00Z,75,Charge 5
2023-07-24T16:52:00Z,19,Charge 5
2023-07-24T16:53:00Z,64,Charge 5
2023-07-24T16:55:00Z,23,Charge 5
2023-07-24T16:57:00Z,11,Charge 5
2023-07-24T16:58:00Z,34,Charge 5
2023-07-24T16:59:00Z,41,Charge 5
2023-07-24T17:01:00Z,15,Charge 5
2023-07-24T17:02:00Z,65,Charge 5
2023-07-24T17:03:00Z,80,Charge 5
2023-07-24T17:04:00Z,99,Charge 5
2023-07-24T17:05:00Z,95,Charge 5
2023-07-24T17:06:00Z,99,Charge 5
2023-07-24T17:07:00Z,23,Charge 5
2023-07-24T17:08:00Z,87,Charge 5
2023-07-24T17:09:00Z,47,Charge 5
2023-07-24T17:10:00Z,94,Charge 5
2023-07-24T17:11:00Z,71,Charge 5
2023-07-24T17:12:00Z,96,Charge 5
2023-07-24T17:13:00Z,90,Charge 5
2023-07-24T17:14:00Z,18,Charge 5
2023-07-24T17:15:00Z,57,Charge 5
2023-07-24T17:16:00Z,76,Charge 5
2023-07-24T17:17:00Z,64,Charge 5
2023-07-24T17:20:00Z,40,Charge 5
2023-07-24T17:22:00Z,49,Charge 5
2023-07-24T17:23:00Z,77,Charge 5
2023-07-24T17:24:00Z,70,Charge 5
2023-07-24T17:25:00Z,74,Charge 5
2023-07-24T17:26:00Z,55,Charge 5
2023-07-24T17:27:00Z,81,Charge 5
2023-07-24T17:28:00Z,38,Charge 5
2023-07-24T17:29:00Z,54,Charge 5
2023-07-24T17:30:00Z,80,Charge 5
2023-07-24T17:31:00Z,59,Charge 5
2023-07-24T17:32:00Z,88,Charge 5
2023-07-24T17:33:00Z,67,Charge 5
2023-07-24T17:34:00Z,91,Charge 5
2023-07-24T17:35:00Z,102,Charge 5
2023-07-24T17:36:00Z,103,Charge 5
2023-07-24T17:37:00Z,100,Charge 5
2023-07-24T17:38:00Z,103,Charge 5
2023-07-24T17:39:00Z,33,Charge 5
2023-07-24T17:42:00Z,8,Charge 5
2023-07-24T17:44:00Z,18,Charge 5
2023-07-24T17:45:00Z,7,Charge 5
2023-07-24T17:46:00Z,64,Charge 5
2023-07-24T17:47:00Z,22,Charge 5
2023-07-24T17:49:00Z,73,Charge 5
2023-07-24T17:50:00Z,63,Charge 5
2023-07-24T17:52:00Z,6,Charge 5
2023-07-24T17:53:00Z,25,Charge 5
2023-07-24T17:56:00Z,14,Charge 5
2023-07-24T17:57:00Z,19,Charge 5
2023-07-24T17:58:00Z,11,Charge 5
2023-07-24T18:08:00Z,8,Charge 5
2023-07-24T18:09:00Z,11,Charge 5
2023-07-24T18:12:00Z,15,Charge 5
2023-07-24T18:14:00Z,7,Charge 5
2023-07-24T18:24:00Z,6,Charge 5
2023-07-24T18:25:00Z,50,Charge 5
2023-07-24T18:26:00Z,29,Charge 5
2023-07-24T18:32:00Z,8,Charge 5
2023-07-24T18:37:00Z,15,Charge 5
2023-07-24T18:38:00Z,50,Charge 5
2023-07-24T18:39:00Z,16,Charge 5
2023-07-24T18:54:00Z,26,Charge 5
2023-07-24T18:55:00Z,39,Charge 5
2023-07-24T18:56:00Z,54,Charge 5
2023-07-24T19:05:00Z,12,Charge 5
2023-07-24T19:06:00Z,3,Charge 5
2023-07-24T19:14:00Z,8,Charge 5
2023-07-24T19:15:00Z,18,Charge 5
2023-07-24T19:16:00Z,88,Charge 5
2023-07-24T19:17:00Z,8,Charge 5
2023-07-24T19:18:00Z,76,Charge 5
2023-07-24T19:29:00Z,17,Charge 5
2023-07-24T19:30:00Z,89,Charge 5
2023-07-24T19:31:00Z,40,Charge 5
2023-07-24T19:32:00Z,80,Charge 5
2023-07-24T19:34:00Z,42,Charge 5
2023-07-24T19:35:00Z,69,Charge 5
2023-07-24T19:36:00Z,48,Charge 5
2023-07-24T19:37:00Z,22,Charge 5
2023-07-24T19:44:00Z,55,Charge 5
2023-07-24T19:45:00Z,46,Charge 5
2023-07-24T19:53:00Z,87,Charge 5
2023-07-24T19:54:00Z,38,Charge 5
2023-07-24T20:15:00Z,16,Charge 5
2023-07-24T20:16:00Z,18,Charge 5
2023-07-24T20:25:00Z,5,Charge 5
2023-07-24T20:27:00Z,11,Charge 5
2023-07-24T20:28:00Z,36,Charge 5
2023-07-24T20:29:00Z,38,Charge 5
2023-07-24T20:30:00Z,22,Charge 5
2023-07-24T20:31:00Z,24,Charge 5
2023-07-24T20:32:00Z,45,Charge 5
2023-07-24T20:33:00Z,52,Charge 5
2023-07-24T20:34:00Z,74,Charge 5
2023-07-24T20:35:00Z,49,Charge 5
2023-07-24T20:36:00Z,1,Charge 5
2023-07-24T20:37:00Z,59,Charge 5
2023-07-24T20:38:00Z,4,Charge 5
2023-07-24T20:39:00Z,40,Charge 5
2023-07-24T20:40:00Z,13,Charge 5
2023-07-24T20:41:00Z,30,Charge 5
2023-07-24T20:42:00Z,15,Charge 5
2023-07-24T20:43:00Z,25,Charge 5
2023-07-24T20:44:00Z,9,Charge 5
2023-07-24T20:53:00Z,18,Charge 5
2023-07-24T20:54:00Z,3,Charge 5
2023-07-24T21:44:00Z,20,Charge 5
2023-07-24T22:14:00Z,4,Charge 5
2023-07-24T23:00:00Z,59,Charge 5
2023-07-24T23:01:00Z,19,Charge 5
2023-07-24T23:03:00Z,10,Charge 5
2023-07-24T23:04:00Z,6,Charge 5
2023-07-24T23:23:00Z,27,Charge 5
2023-07-25T06:35:00Z,22,Charge 5
2023-07-25T06:37:00Z,23,Charge 5
2023-07-25T06:51:00Z,20,Charge 5
2023-07-25T06:52:00Z,8,Charge 5
2023-07-25T06:53:00Z,21,Charge 5
2023-07-25T06:55:00Z,10,Charge 5
2023-07-25T06:56:00Z,7,Charge 5
2023-07-25T06:58:00Z,11,Charge 5
2023-07-25T06:59:00Z,26,Charge 5
2023-07-25T07:00:00Z,44,Charge 5
2023-07-25T07:01:00Z,12,Charge 5
2023-07-25T08:04:00Z,14,Charge 5
2023-07-25T08:05:00Z,28,Charge 5
2023-07-25T08:06:00Z,34,Charge 5
2023-07-25T08:08:00Z,14,Charge 5
2023-07-25T08:09:00Z,37,Charge 5
2023-07-25T08:11:00Z,13,Charge 5
2023-07-25T08:12:00Z,7,Charge 5
2023-07-25T08:13:00Z,59,Charge 5
2023-07-25T08:14:00Z,14,Charge 5
2023-07-25T08:15:00Z,8,Charge 5
2023-07-25T08:16:00Z,12,Charge 5
2023-07-25T08:18:00Z,34,Charge 5
2023-07-25T08:21:00Z,34,Charge 5
2023-07-25T08:22:00Z,56,Charge 5
2023-07-25T08:23:00Z,5,Charge 5
2023-07-25T08:25:00Z,43,Charge 5
2023-07-25T08:26:00Z,19,Charge 5
2023-07-25T08:27:00Z,16,Charge 5
2023-07-25T08:28:00Z,30,Charge 5
2023-07-25T08:29:00Z,51,Charge 5
2023-07-25T08:30:00Z,66,Charge 5
2023-07-25T08:31:00Z,62,Charge 5
2023-07-25T08:32:00Z,27,Charge 5
2023-07-25T08:33:00Z,6,Charge 5
2023-07-25T08:34:00Z,33,Charge 5
2023-07-25T08:35:00Z,27,Charge 5
2023-07-25T08:39:00Z,23,Charge 5
2023-07-25T08:42:00Z,8,Charge 5
2023-07-25T08:44:00Z,5,Charge 5
2023-07-25T08:46:00Z,8,Charge 5
2023-07-25T09:26:00Z,9,Charge 5
2023-07-25T09:29:00Z,6,Charge 5
2023-07-25T10:25:00Z,4,Charge 5
2023-07-25T10:26:00Z,17,Charge 5
2023-07-25T10:27:00Z,13,Charge 5
2023-07-25T10:28:00Z,39,Charge 5
2023-07-25T10:29:00Z,62,Charge 5
2023-07-25T10:31:00Z,5,Charge 5
2023-07-25T10:32:00Z,4,Charge 5
2023-07-25T10:33:00Z,10,Charge 5
2023-07-25T10:41:00Z,4,Charge 5
2023-07-25T10:42:00Z,17,Charge 5
2023-07-25T10:58:00Z,22,Charge 5
2023-07-25T10:59:00Z,28,Charge 5
2023-07-25T11:00:00Z,8,Charge 5
2023-07-25T11:26:00Z,26,Charge 5
2023-07-25T11:27:00Z,52,Charge 5
2023-07-25T11:28:00Z,51,Charge 5
2023-07-25T11:29:00Z,21,Charge 5
2023-07-25T11:30:00Z,40,Charge 5
2023-07-25T11:31:00Z,3,Charge 5
2023-07-25T11:32:00Z,11,Charge 5
2023-07-25T11:33:00Z,32,Charge 5
2023-07-25T11:34:00Z,92,Charge 5
2023-07-25T11:35:00Z,99,Charge 5
2023-07-25T11:36:00Z,102,Charge 5
2023-07-25T11:37:00Z,97,Charge 5
2023-07-25T11:38:00Z,101,Charge 5
2023-07-25T11:39:00Z,97,Charge 5
2023-07-25T11:40:00Z,103,Charge 5
2023-07-25T11:41:00Z,81,Charge 5
2023-07-25T11:42:00Z,65,Charge 5
2023-07-25T11:43:00Z,28,Charge 5
2023-07-25T11:47:00Z,9,Charge 5
2023-07-25T11:51:00Z,36,Charge 5
2023-07-25T11:54:00Z,15,Charge 5
2023-07-25T11:55:00Z,19,Charge 5
2023-07-25T11:56:00Z,65,Charge 5
2023-07-25T11:57:00Z,24,Charge 5
2023-07-25T11:59:00Z,7,Charge 5
2023-07-25T12:00:00Z,82,Charge 5
2023-07-25T12:01:00Z,67,Charge 5
2023-07-25T12:02:00Z,20,Charge 5
2023-07-25T12:03:00Z,18,Charge 5
2023-07-25T12:04:00Z,22,Charge 5
2023-07-25T12:05:00Z,21,Charge 5
2023-07-25T12:07:00Z,29,Charge 5
2023-07-25T12:08:00Z,66,Charge 5
2023-07-25T12:09:00Z,56,Charge 5
2023-07-25T12:10:00Z,23,Charge 5
2023-07-25T12:11:00Z,29,Charge 5
2023-07-25T12:13:00Z,13,Charge 5
2023-07-25T12:14:00Z,10,Charge 5
2023-07-25T12:15:00Z,7,Charge 5
2023-07-25T12:17:00Z,47,Charge 5
2023-07-25T12:18:00Z,37,Charge 5
2023-07-25T12:19:00Z,8,Charge 5
2023-07-25T12:20:00Z,63,Charge 5
2023-07-25T12:21:00Z,42,Charge 5
2023-07-25T12:22:00Z,6,Charge 5
2023-07-25T12:25:00Z,7,Charge 5
2023-07-25T12:27:00Z,25,Charge 5
2023-07-25T12:30:00Z,16,Charge 5
2023-07-25T12:31:00Z,45,Charge 5
2023-07-25T12:32:00Z,102,Charge 5
2023-07-25T12:33:00Z,101,Charge 5
2023-07-25T12:34:00Z,92,Charge 5
2023-07-25T12:35:00Z,30,Charge 5
2023-07-25T12:38:00Z,62,Charge 5
2023-07-25T12:40:00Z,36,Charge 5
2023-07-25T12:41:00Z,90,Charge 5
2023-07-25T12:42:00Z,32,Charge 5
2023-07-25T12:43:00Z,21,Charge 5
2023-07-25T12:44:00Z,17,Charge 5
2023-07-25T12:45:00Z,8,Charge 5
2023-07-25T12:47:00Z,10,Charge 5
2023-07-25T12:48:00Z,34,Charge 5
2023-07-25T12:49:00Z,83,Charge 5
2023-07-25T12:50:00Z,64,Charge 5
2023-07-25T12:51:00Z,59,Charge 5
2023-07-25T12:52:00Z,17,Charge 5
2023-07-25T12:53:00Z,59,Charge 5
2023-07-25T12:54:00Z,83,Charge 5
2023-07-25T12:55:00Z,68,Charge 5
2023-07-25T12:56:00Z,37,Charge 5
2023-07-25T12:57:00Z,49,Charge 5
2023-07-25T12:58:00Z,96,Charge 5
2023-07-25T12:59:00Z,104,Charge 5
2023-07-25T13:00:00Z,33,Charge 5
2023-07-25T13:01:00Z,12,Charge 5
2023-07-25T13:02:00Z,21,Charge 5
2023-07-25T13:03:00Z,8,Charge 5
2023-07-25T13:06:00Z,12,Charge 5
2023-07-25T13:11:00Z,8,Charge 5
2023-07-25T13:12:00Z,20,Charge 5
2023-07-25T13:13:00Z,17,Charge 5
2023-07-25T13:14:00Z,44,Charge 5
2023-07-25T13:15:00Z,33,Charge 5
2023-07-25T13:18:00Z,35,Charge 5
2023-07-25T13:19:00Z,99,Charge 5
2023-07-25T13:20:00Z,99,Charge 5
2023-07-25T13:21:00Z,95,Charge 5
2023-07-25T13:22:00Z,110,Charge 5
2023-07-25T13:23:00Z,104,Charge 5
2023-07-25T13:24:00Z,65,Charge 5
2023-07-25T13:25:00Z,64,Charge 5
2023-07-25T13:26:00Z,13,Charge 5
2023-07-25T13:27:00Z,10,Charge 5
2023-07-25T13:29:00Z,70,Charge 5
2023-07-25T13:30:00Z,106,Charge 5
2023-07-25T13:31:00Z,108,Charge 5
2023-07-25T13:32:00Z,101,Charge 5
2023-07-25T13:33:00Z,47,Charge 5
2023-07-25T13:34:00Z,9,Charge 5
2023-07-25T13:37:00Z,10,Charge 5
2023-07-25T13:38:00Z,15,Charge 5
2023-07-25T13:39:00Z,31,Charge 5
2023-07-25T13:40:00Z,83,Charge 5
2023-07-25T13:41:00Z,78,Charge 5
2023-07-25T13:42:00Z,103,Charge 5
2023-07-25T13:43:00Z,89,Charge 5
2023-07-25T13:46:00Z,8,Charge 5
2023-07-25T13:47:00Z,16,Charge 5
2023-07-25T13:48:00Z,58,Charge 5
2023-07-25T13:49:00Z,96,Charge 5
2023-07-25T13:50:00Z,88,Charge 5
2023-07-25T13:51:00Z,45,Charge 5
2023-07-25T13:52:00Z,28,Charge 5
2023-07-25T13:53:00Z,41,Charge 5
2023-07-25T13:54:00Z,15,Charge 5
2023-07-25T13:55:00Z,44,Charge 5
2023-07-25T13:56:00Z,87,Charge 5
2023-07-25T13:57:00Z,89,Charge 5
2023-07-25T13:58:00Z,11,Charge 5
2023-07-25T13:59:00Z,51,Charge 5
2023-07-25T14:00:00Z,53,Charge 5
2023-07-25T14:01:00Z,106,Charge 5
2023-07-25T14:02:00Z,108,Charge 5
2023-07-25T14:03:00Z,102,Charge 5
2023-07-25T14:04:00Z,107,Charge 5
2023-07-25T14:05:00Z,57,Charge 5
2023-07-25T14:06:00Z,37,Charge 5
2023-07-25T14:07:00Z,2,Charge 5
2023-07-25T14:41:00Z,6,Charge 5
2023-07-25T14:47:00Z,7,Charge 5
2023-07-25T14:52:00Z,19,Charge 5
2023-07-25T14:53:00Z,100,Charge 5
2023-07-25T14:54:00Z,91,Charge 5
2023-07-25T14:55:00Z,58,Charge 5
2023-07-25T14:59:00Z,91,Charge 5
2023-07-25T15:00:00Z,105,Charge 5
2023-07-25T15:01:00Z,46,Charge 5
2023-07-25T15:02:00Z,92,Charge 5
2023-07-25T15:03:00Z,91,Charge 5
2023-07-25T15:43:00Z,10,Charge 5
2023-07-25T15:49:00Z,7,Charge 5
2023-07-25T15:52:00Z,60,Charge 5
2023-07-25T15:53:00Z,97,Charge 5
2023-07-25T15:54:00Z,64,Charge 5
2023-07-25T15:55:00Z,25,Charge 5
2023-07-25T16:00:00Z,12,Charge 5
2023-07-25T16:01:00Z,18,Charge 5
2023-07-25T16:02:00Z,46,Charge 5
2023-07-25T16:03:00Z,80,Charge 5
2023-07-25T16:04:00Z,107,Charge 5
2023-07-25T16:05:00Z,103,Charge 5
2023-07-25T16:06:00Z,63,Charge 5
2023-07-25T16:07:00Z,85,Charge 5
2023-07-25T16:08:00Z,76,Charge 5
2023-07-25T16:09:00Z,39,Charge 5
2023-07-25T16:10:00Z,85,Charge 5
2023-07-25T16:11:00Z,40,Charge 5
2023-07-25T16:12:00Z,19,Charge 5
2023-07-25T16:13:00Z,7,Charge 5
2023-07-25T16:14:00Z,8,Charge 5
2023-07-25T16:15:00Z,82,Charge 5
2023-07-25T16:16:00Z,58,Charge 5
2023-07-25T16:17:00Z,67,Charge 5
2023-07-25T16:18:00Z,33,Charge 5
2023-07-25T16:20:00Z,8,Charge 5
2023-07-25T16:21:00Z,16,Charge 5
2023-07-25T16:24:00Z,20,Charge 5
2023-07-25T16:26:00Z,23,Charge 5
2023-07-25T16:27:00Z,6,Charge 5
2023-07-25T16:28:00Z,8,Charge 5
2023-07-25T16:32:00Z,14,Charge 5
2023-07-25T16:33:00Z,12,Charge 5
2023-07-25T16:35:00Z,12,Charge 5
2023-07-25T16:36:00Z,10,Charge 5
2023-07-25T16:38:00Z,52,Charge 5
2023-07-25T16:39:00Z,46,Charge 5
2023-07-25T16:40:00Z,13,Charge 5
2023-07-25T16:48:00Z,4,Charge 5
2023-07-25T16:49:00Z,5,Charge 5
2023-07-25T16:50:00Z,7,Charge 5
2023-07-25T16:51:00Z,62,Charge 5
2023-07-25T16:52:00Z,90,Charge 5
2023-07-25T16:53:00Z,91,Charge 5
2023-07-25T16:54:00Z,56,Charge 5
2023-07-25T16:55:00Z,93,Charge 5
2023-07-25T16:56:00Z,102,Charge 5
2023-07-25T16:57:00Z,101,Charge 5
2023-07-25T16:58:00Z,107,Charge 5
2023-07-25T16:59:00Z,64,Charge 5
2023-07-25T17:02:00Z,5,Charge 5
2023-07-25T17:03:00Z,63,Charge 5
2023-07-25T17:04:00Z,8,Charge 5
2023-07-25T17:27:00Z,5,Charge 5
2023-07-25T17:38:00Z,24,Charge 5
2023-07-25T17:39:00Z,8,Charge 5
2023-07-25T17:40:00Z,86,Charge 5
2023-07-25T17:41:00Z,15,Charge 5
2023-07-25T17:42:00Z,6,Charge 5
2023-07-25T17:43:00Z,6,Charge 5
2023-07-25T17:44:00Z,36,Charge 5
2023-07-25T17:46:00Z,7,Charge 5
2023-07-25T17:47:00Z,16,Charge 5
2023-07-25T17:48:00Z,9,Charge 5
2023-07-25T17:49:00Z,26,Charge 5
2023-07-25T17:50:00Z,38,Charge 5
2023-07-25T17:51:00Z,68,Charge 5
2023-07-25T17:52:00Z,32,Charge 5
2023-07-25T17:54:00Z,16,Charge 5
2023-07-25T17:55:00Z,31,Charge 5
2023-07-25T17:56:00Z,12,Charge 5
2023-07-25T17:57:00Z,15,Charge 5
2023-07-25T17:58:00Z,74,Charge 5
2023-07-25T17:59:00Z,32,Charge 5
2023-07-25T18:00:00Z,48,Charge 5
2023-07-25T18:01:00Z,21,Charge 5
2023-07-25T18:02:00Z,8,Charge 5
2023-07-25T18:03:00Z,6,Charge 5
2023-07-25T18:08:00Z,37,Charge 5
2023-07-25T18:09:00Z,59,Charge 5
2023-07-25T18:10:00Z,69,Charge 5
2023-07-25T18:11:00Z,8,Charge 5
2023-07-25T18:12:00Z,31,Charge 5
2023-07-25T18:13:00Z,40,Charge 5
2023-07-25T18:14:00Z,26,Charge 5
2023-07-25T18:15:00Z,9,Charge 5
2023-07-25T18:16:00Z,10,Charge 5
2023-07-25T18:17:00Z,14,Charge 5
2023-07-25T18:22:00Z,14,Charge 5
2023-07-25T18:23:00Z,27,Charge 5
2023-07-25T18:24:00Z,63,Charge 5
2023-07-25T18:41:00Z,10,Charge 5
2023-07-25T18:57:00Z,7,Charge 5
2023-07-25T19:11:00Z,12,Charge 5
2023-07-25T19:34:00Z,9,Charge 5
2023-07-25T19:49:00Z,6,Charge 5
2023-07-25T19:53:00Z,17,Charge 5
2023-07-25T20:14:00Z,32,Charge 5
2023-07-25T20:21:00Z,4,Charge 5
2023-07-25T20:23:00Z,4,Charge 5
2023-07-25T20:27:00Z,6,Charge 5
2023-07-25T20:29:00Z,28,Charge 5
2023-07-25T20:35:00Z,44,Charge 5
2023-07-25T20:36:00Z,39,Charge 5
2023-07-25T20:37:00Z,48,Charge 5
2023-07-25T20:38:00Z,46,Charge 5
2023-07-25T20:39:00Z,69,Charge 5
2023-07-25T20:40:00Z,58,Charge 5
2023-07-25T20:41:00Z,40,Charge 5
2023-07-25T20:42:00Z,49,Charge 5
2023-07-25T20:43:00Z,42,Charge 5
2023-07-25T20:44:00Z,28,Charge 5
2023-07-25T20:45:00Z,30,Charge 5
2023-07-25T20:46:00Z,24,Charge 5
2023-07-25T20:47:00Z,34,Charge 5
2023-07-25T20:48:00Z,26,Charge 5
2023-07-25T21:00:00Z,13,Charge 5
2023-07-25T21:01:00Z,15,Charge 5
2023-07-25T21:05:00Z,34,Charge 5
2023-07-25T21:06:00Z,11,Charge 5
2023-07-25T21:20:00Z,8,Charge 5
2023-07-25T21:22:00Z,12,Charge 5
2023-07-25T21:23:00Z,1,Charge 5
2023-07-25T21:49:00Z,9,Charge 5
2023-07-25T21:56:00Z,4,Charge 5
2023-07-25T21:57:00Z,31,Charge 5
2023-07-25T21:59:00Z,44,Charge 5
2023-07-25T22:00:00Z,7,Charge 5
2023-07-25T22:09:00Z,24,Charge 5
2023-07-25T22:55:00Z,11,Charge 5
2023-07-25T22:56:00Z,11,Charge 5
2023-07-25T22:57:00Z,17,Charge 5
2023-07-25T23:24:00Z,5,Charge 5
2023-07-25T23:25:00Z,5,Charge 5
2023-07-26T01:56:00Z,6,Charge 5
2023-07-26T01:57:00Z,23,Charge 5
2023-07-26T01:59:00Z,27,Charge 5
2023-07-26T04:30:00Z,5,Charge 5
2023-07-26T07:11:00Z,10,Charge 5
2023-07-26T08:02:00Z,23,Charge 5
2023-07-26T08:09:00Z,7,Charge 5
2023-07-26T08:10:00Z,28,Charge 5
2023-07-26T08:11:00Z,4,Charge 5
2023-07-26T08:15:00Z,12,Charge 5
2023-07-26T08:19:00Z,51,Charge 5
2023-07-26T08:20:00Z,53,Charge 5
2023-07-26T08:21:00Z,6,Charge 5
2023-07-26T08:27:00Z,7,Charge 5
2023-07-26T08:28:00Z,90,Charge 5
2023-07-26T08:29:00Z,12,Charge 5
2023-07-26T08:30:00Z,5,Charge 5
2023-07-26T08:32:00Z,7,Charge 5
2023-07-26T08:33:00Z,9,Charge 5
2023-07-26T08:34:00Z,26,Charge 5
2023-07-26T08:36:00Z,8,Charge 5
2023-07-26T08:38:00Z,4,Charge 5
2023-07-26T08:46:00Z,11,Charge 5
2023-07-26T08:47:00Z,13,Charge 5
2023-07-26T08:51:00Z,13,Charge 5
2023-07-26T08:52:00Z,10,Charge 5
2023-07-26T09:16:00Z,33,Charge 5
2023-07-26T09:17:00Z,43,Charge 5
2023-07-26T09:18:00Z,42,Charge 5
2023-07-26T09:19:00Z,21,Charge 5
2023-07-26T09:20:00Z,15,Charge 5
2023-07-26T09:21:00Z,17,Charge 5
2023-07-26T09:22:00Z,10,Charge 5
2023-07-26T09:23:00Z,16,Charge 5
2023-07-26T09:24:00Z,37,Charge 5
2023-07-26T09:25:00Z,21,Charge 5
2023-07-26T09:27:00Z,35,Charge 5
2023-07-26T09:28:00Z,11,Charge 5
2023-07-26T09:29:00Z,56,Charge 5
2023-07-26T09:30:00Z,42,Charge 5
2023-07-26T09:31:00Z,22,Charge 5
2023-07-26T09:34:00Z,13,Charge 5
2023-07-26T09:35:00Z,45,Charge 5
2023-07-26T09:36:00Z,26,Charge 5
2023-07-26T09:37:00Z,22,Charge 5
2023-07-26T09:38:00Z,9,Charge 5
2023-07-26T09:40:00Z,23,Charge 5
2023-07-26T09:41:00Z,12,Charge 5
2023-07-26T09:42:00Z,43,Charge 5
2023-07-26T09:43:00Z,18,Charge 5
2023-07-26T09:44:00Z,70,Charge 5
2023-07-26T09:45:00Z,55,Charge 5
2023-07-26T09:46:00Z,43,Charge 5
2023-07-26T09:47:00Z,54,Charge 5
2023-07-26T09:48:00Z,19,Charge 5
2023-07-26T09:49:00Z,34,Charge 5
2023-07-26T09:50:00Z,14,Charge 5
2023-07-26T09:53:00Z,30,Charge 5
2023-07-26T09:55:00Z,41,Charge 5
2023-07-26T09:56:00Z,11,Charge 5
2023-07-26T09:58:00Z,5,Charge 5
2023-07-26T10:00:00Z,11,Charge 5
2023-07-26T10:01:00Z,54,Charge 5
2023-07-26T10:02:00Z,60,Charge 5
2023-07-26T10:03:00Z,64,Charge 5
2023-07-26T10:04:00Z,15,Charge 5
2023-07-26T10:08:00Z,21,Charge 5
2023-07-26T10:19:00Z,16,Charge 5
2023-07-26T10:20:00Z,7,Charge 5
2023-07-26T10:21:00Z,8,Charge 5
2023-07-26T10:22:00Z,9,Charge 5
2023-07-26T10:23:00Z,20,Charge 5
2023-07-26T10:24:00Z,64,Charge 5
2023-07-26T10:25:00Z,20,Charge 5
2023-07-26T10:26:00Z,16,Charge 5
2023-07-26T10:32:00Z,14,Charge 5
2023-07-26T10:37:00Z,11,Charge 5
2023-07-26T10:38:00Z,38,Charge 5
2023-07-26T10:39:00Z,19,Charge 5
2023-07-26T10:40:00Z,27,Charge 5
2023-07-26T10:44:00Z,10,Charge 5
2023-07-26T10:45:00Z,56,Charge 5
2023-07-26T10:46:00Z,31,Charge 5
2023-07-26T10:47:00Z,43,Charge 5
2023-07-26T10:48:00Z,45,Charge 5
2023-07-26T11:04:00Z,21,Charge 5
2023-07-26T11:05:00Z,40,Charge 5
2023-07-26T11:06:00Z,55,Charge 5
2023-07-26T11:07:00Z,45,Charge 5
2023-07-26T11:08:00Z,49,Charge 5
2023-07-26T11:09:00Z,56,Charge 5
2023-07-26T11:10:00Z,37,Charge 5
2023-07-26T11:11:00Z,28,Charge 5
2023-07-26T11:12:00Z,72,Charge 5
2023-07-26T11:13:00Z,47,Charge 5
2023-07-26T11:14:00Z,71,Charge 5
2023-07-26T11:15:00Z,56,Charge 5
2023-07-26T11:16:00Z,51,Charge 5
2023-07-26T11:17:00Z,34,Charge 5
2023-07-26T11:18:00Z,60,Charge 5
2023-07-26T11:19:00Z,62,Charge 5
2023-07-26T11:20:00Z,27,Charge 5
2023-07-26T11:23:00Z,10,Charge 5
2023-07-26T11:24:00Z,14,Charge 5
2023-07-26T11:25:00Z,27,Charge 5
2023-07-26T11:28:00Z,9,Charge 5
2023-07-26T11:29:00Z,9,Charge 5
2023-07-26T11:32:00Z,12,Charge 5
2023-07-26T11:33:00Z,17,Charge 5
2023-07-26T11:37:00Z,13,Charge 5
2023-07-26T11:38:00Z,39,Charge 5
2023-07-26T11:51:00Z,7,Charge 5
2023-07-26T11:53:00Z,8,Charge 5
2023-07-26T11:56:00Z,7,Charge 5
2023-07-26T11:57:00Z,64,Charge 5
2023-07-26T11:58:00Z,36,Charge 5
2023-07-26T11:59:00Z,48,Charge 5
2023-07-26T12:00:00Z,30,Charge 5
2023-07-26T12:01:00Z,35,Charge 5
2023-07-26T12:02:00Z,55,Charge 5
2023-07-26T12:03:00Z,31,Charge 5
2023-07-26T12:04:00Z,36,Charge 5
2023-07-26T12:12:00Z,4,Charge 5
2023-07-26T12:36:00Z,6,Charge 5
2023-07-26T13:27:00Z,14,Charge 5
2023-07-26T13:33:00Z,18,Charge 5
2023-07-26T13:35:00Z,6,Charge 5
2023-07-26T13:40:00Z,10,Charge 5
2023-07-26T13:41:00Z,24,Charge 5
2023-07-26T13:42:00Z,29,Charge 5
2023-07-26T13:43:00Z,24,Charge 5
2023-07-26T13:44:00Z,42,Charge 5
2023-07-26T13:45:00Z,22,Charge 5
2023-07-26T13:46:00Z,25,Charge 5
2023-07-26T13:47:00Z,80,Charge 5
2023-07-26T13:48:00Z,56,Charge 5
2023-07-26T13:49:00Z,13,Charge 5
2023-07-26T13:50:00Z,35,Charge 5
2023-07-26T13:52:00Z,7,Charge 5
2023-07-26T13:54:00Z,16,Charge 5
2023-07-26T13:55:00Z,29,Charge 5
2023-07-26T13:56:00Z,21,Charge 5
2023-07-26T13:58:00Z,20,Charge 5
2023-07-26T13:59:00Z,39,Charge 5
2023-07-26T14:00:00Z,19,Charge 5
2023-07-26T14:03:00Z,19,Charge 5
2023-07-26T14:06:00Z,41,Charge 5
2023-07-26T14:09:00Z,31,Charge 5
2023-07-26T14:10:00Z,79,Charge 5
2023-07-26T14:11:00Z,102,Charge 5
2023-07-26T14:12:00Z,37,Charge 5
2023-07-26T14:13:00Z,18,Charge 5
2023-07-26T14:14:00Z,9,Charge 5
2023-07-26T14:15:00Z,19,Charge 5
2023-07-26T14:17:00Z,15,Charge 5
2023-07-26T14:18:00Z,87,Charge 5
2023-07-26T14:19:00Z,39,Charge 5
2023-07-26T14:20:00Z,21,Charge 5
2023-07-26T14:21:00Z,67,Charge 5
2023-07-26T14:22:00Z,16,Charge 5
2023-07-26T14:23:00Z,10,Charge 5
2023-07-26T14:24:00Z,71,Charge 5
2023-07-26T14:25:00Z,32,Charge 5
2023-07-26T14:26:00Z,34,Charge 5
2023-07-26T14:27:00Z,55,Charge 5
2023-07-26T14:28:00Z,13,Charge 5
2023-07-26T14:29:00Z,104,Charge 5
2023-07-26T14:30:00Z,89,Charge 5
2023-07-26T14:31:00Z,83,Charge 5
2023-07-26T14:32:00Z,37,Charge 5
2023-07-26T14:33:00Z,25,Charge 5
2023-07-26T15:06:00Z,27,Charge 5
2023-07-26T15:07:00Z,11,Charge 5
2023-07-26T15:09:00Z,5,Charge 5
2023-07-26T15:10:00Z,8,Charge 5
2023-07-26T15:11:00Z,7,Charge 5
2023-07-26T15:12:00Z,18,Charge 5
2023-07-26T15:18:00Z,7,Charge 5
2023-07-26T15:19:00Z,19,Charge 5
2023-07-26T15:20:00Z,6,Charge 5
2023-07-26T15:21:00Z,9,Charge 5
2023-07-26T15:22:00Z,28,Charge 5
2023-07-26T15:23:00Z,5,Charge 5
2023-07-26T15:24:00Z,35,Charge 5
2023-07-26T15:25:00Z,21,Charge 5
2023-07-26T15:26:00Z,92,Charge 5
2023-07-26T15:27:00Z,100,Charge 5
2023-07-26T15:28:00Z,102,Charge 5
2023-07-26T15:29:00Z,56,Charge 5
2023-07-26T15:30:00Z,33,Charge 5
2023-07-26T15:33:00Z,5,Charge 5
2023-07-26T15:35:00Z,32,Charge 5
2023-07-26T15:36:00Z,30,Charge 5
2023-07-26T15:38:00Z,20,Charge 5
2023-07-26T15:39:00Z,62,Charge 5
2023-07-26T15:40:00Z,42,Charge 5
2023-07-26T15:41:00Z,13,Charge 5
2023-07-26T15:44:00Z,6,Charge 5
2023-07-26T15:48:00Z,50,Charge 5
2023-07-26T15:49:00Z,83,Charge 5
2023-07-26T15:50:00Z,7,Charge 5
2023-07-26T15:51:00Z,53,Charge 5
2023-07-26T15:52:00Z,46,Charge 5
2023-07-26T15:55:00Z,107,Charge 5
2023-07-26T15:57:00Z,51,Charge 5
2023-07-26T16:02:00Z,6,Charge 5
2023-07-26T16:22:00Z,4,Charge 5
2023-07-26T16:25:00Z,14,Charge 5
2023-07-26T16:26:00Z,25,Charge 5
2023-07-26T16:27:00Z,58,Charge 5
2023-07-26T16:37:00Z,30,Charge 5
2023-07-26T16:38:00Z,71,Charge 5
2023-07-26T16:39:00Z,7,Charge 5
2023-07-26T16:44:00Z,10,Charge 5
2023-07-26T16:45:00Z,11,Charge 5
2023-07-26T16:46:00Z,5,Charge 5
2023-07-26T16:47:00Z,35,Charge 5
2023-07-26T16:48:00Z,15,Charge 5
2023-07-26T16:49:00Z,17,Charge 5
2023-07-26T16:52:00Z,7,Charge 5
2023-07-26T16:55:00Z,14,Charge 5
2023-07-26T16:56:00Z,17,Charge 5
2023-07-26T16:59:00Z,7,Charge 5
2023-07-26T17:00:00Z,15,Charge 5
2023-07-26T17:01:00Z,23,Charge 5
2023-07-26T17:06:00Z,31,Charge 5
2023-07-26T17:07:00Z,23,Charge 5
2023-07-26T17:09:00Z,7,Charge 5
2023-07-26T17:11:00Z,8,Charge 5
2023-07-26T17:12:00Z,4,Charge 5
2023-07-26T17:14:00Z,4,Charge 5
2023-07-26T17:15:00Z,10,Charge 5
2023-07-26T17:20:00Z,10,Charge 5
2023-07-26T17:21:00Z,4,Charge 5
2023-07-26T17:38:00Z,9,Charge 5
2023-07-26T17:39:00Z,9,Charge 5
2023-07-26T17:42:00Z,25,Charge 5
2023-07-26T17:43:00Z,35,Charge 5
2023-07-26T17:47:00Z,4,Charge 5
2023-07-26T18:56:00Z,16,Charge 5
2023-07-26T19:00:00Z,8,Charge 5
2023-07-26T19:01:00Z,10,Charge 5
2023-07-26T19:02:00Z,21,Charge 5
2023-07-26T19:17:00Z,7,Charge 5
2023-07-26T19:26:00Z,7,Charge 5
2023-07-26T20:03:00Z,7,Charge 5
2023-07-26T20:09:00Z,7,Charge 5
2023-07-26T21:05:00Z,5,Charge 5
2023-07-26T21:11:00Z,4,Charge 5
2023-07-26T21:21:00Z,17,Charge 5
2023-07-26T21:22:00Z,14,Charge 5
2023-07-26T21:23:00Z,11,Charge 5
2023-07-26T21:35:00Z,4,Charge 5
2023-07-26T21:50:00Z,7,Charge 5
2023-07-26T22:27:00Z,24,Charge 5
2023-07-26T22:29:00Z,8,Charge 5
2023-07-26T22:30:00Z,13,Charge 5
2023-07-26T22:32:00Z,11,Charge 5
2023-07-26T22:42:00Z,9,Charge 5
2023-07-26T22:45:00Z,8,Charge 5
2023-07-26T22:46:00Z,26,Charge 5
2023-07-26T22:47:00Z,69,Charge 5
2023-07-26T22:48:00Z,62,Charge 5
2023-07-26T22:49:00Z,95,Charge 5
2023-07-26T22:50:00Z,76,Charge 5
2023-07-26T22:51:00Z,17,Charge 5
2023-07-26T22:52:00Z,17,Charge 5
2023-07-26T22:53:00Z,9,Charge 5
2023-07-26T22:58:00Z,10,Charge 5
2023-07-26T23:00:00Z,8,Charge 5
2023-07-26T23:04:00Z,10,Charge 5
2023-07-26T23:11:00Z,23,Charge 5
2023-07-26T23:12:00Z,25,Charge 5
2023-07-26T23:13:00Z,49,Charge 5
2023-07-26T23:14:00Z,15,Charge 5
2023-07-26T23:15:00Z,14,Charge 5
2023-07-26T23:16:00Z,21,Charge 5
2023-07-26T23:17:00Z,11,Charge 5
2023-07-26T23:18:00Z,41,Charge 5
2023-07-26T23:19:00Z,32,Charge 5
2023-07-26T23:20:00Z,56,Charge 5
2023-07-26T23:21:00Z,35,Charge 5
2023-07-26T23:22:00Z,10,Charge 5
2023-07-26T23:23:00Z,70,Charge 5
2023-07-26T23:24:00Z,21,Charge 5
2023-07-26T23:26:00Z,6,Charge 5
2023-07-26T23:27:00Z,21,Charge 5
2023-07-26T23:28:00Z,8,Charge 5
2023-07-26T23:31:00Z,14,Charge 5
2023-07-26T23:35:00Z,38,Charge 5
2023-07-26T23:36:00Z,94,Charge 5
2023-07-26T23:37:00Z,88,Charge 5
2023-07-26T23:38:00Z,35,Charge 5
2023-07-26T23:39:00Z,20,Charge 5
2023-07-26T23:40:00Z,75,Charge 5
2023-07-26T23:41:00Z,105,Charge 5
2023-07-26T23:42:00Z,102,Charge 5
2023-07-26T23:43:00Z,63,Charge 5
2023-07-26T23:44:00Z,13,Charge 5
2023-07-26T23:45:00Z,18,Charge 5
2023-07-26T23:46:00Z,54,Charge 5
2023-07-26T23:47:00Z,102,Charge 5
2023-07-26T23:48:00Z,19,Charge 5
2023-07-26T23:49:00Z,6,Charge 5
2023-07-26T23:58:00Z,35,Charge 5
2023-07-26T23:59:00Z,86,Charge 5
2023-07-27T00:00:00Z,20,Charge 5
2023-07-27T00:01:00Z,79,Charge 5
2023-07-27T00:02:00Z,59,Charge 5
2023-07-27T00:03:00Z,10,Charge 5
2023-07-27T00:10:00Z,7,Charge 5
2023-07-27T00:42:00Z,23,Charge 5
2023-07-27T00:43:00Z,33,Charge 5
2023-07-27T00:44:00Z,7,Charge 5
2023-07-27T00:45:00Z,2,Charge 5
2023-07-27T00:47:00Z,8,Charge 5
2023-07-27T00:48:00Z,65,Charge 5
2023-07-27T00:54:00Z,6,Charge 5
2023-07-27T01:37:00Z,8,Charge 5
2023-07-27T01:40:00Z,17,Charge 5
2023-07-27T01:41:00Z,46,Charge 5
2023-07-27T01:42:00Z,53,Charge 5
2023-07-27T01:43:00Z,53,Charge 5
2023-07-27T01:44:00Z,63,Charge 5
2023-07-27T01:45:00Z,3,Charge 5
2023-07-27T01:58:00Z,41,Charge 5
2023-07-27T01:59:00Z,22,Charge 5
2023-07-27T02:00:00Z,11,Charge 5
2023-07-27T02:03:00Z,16,Charge 5
2023-07-27T07:13:00Z,9,Charge 5
2023-07-27T07:42:00Z,7,Charge 5
2023-07-27T10:39:00Z,6,Charge 5
2023-07-27T11:06:00Z,4,Charge 5
2023-07-27T11:07:00Z,14,Charge 5
2023-07-27T11:08:00Z,48,Charge 5
2023-07-27T11:09:00Z,47,Charge 5
2023-07-27T11:11:00Z,9,Charge 5
2023-07-27T11:12:00Z,8,Charge 5
2023-07-27T11:15:00Z,9,Charge 5
2023-07-27T11:17:00Z,5,Charge 5
2023-07-27T11:20:00Z,31,Charge 5
2023-07-27T11:21:00Z,46,Charge 5
2023-07-27T11:22:00Z,8,Charge 5
2023-07-27T11:24:00Z,28,Charge 5
2023-07-27T11:31:00Z,19,Charge 5
2023-07-27T11:32:00Z,64,Charge 5
2023-07-27T11:33:00Z,17,Charge 5
2023-07-27T11:34:00Z,10,Charge 5
2023-07-27T11:35:00Z,7,Charge 5
2023-07-27T11:36:00Z,39,Charge 5
2023-07-27T11:37:00Z,4,Charge 5
2023-07-27T12:19:00Z,17,Charge 5
2023-07-27T13:02:00Z,6,Charge 5
2023-07-27T13:03:00Z,9,Charge 5
2023-07-27T13:28:00Z,19,Charge 5
2023-07-27T13:29:00Z,28,Charge 5
2023-07-27T14:58:00Z,6,Charge 5
2023-07-27T15:08:00Z,8,Charge 5
2023-07-27T15:12:00Z,12,Charge 5
2023-07-27T15:14:00Z,9,Charge 5
2023-07-27T15:15:00Z,20,Charge 5
2023-07-27T15:16:00Z,24,Charge 5
2023-07-27T15:17:00Z,22,Charge 5
2023-07-27T15:18:00Z,79,Charge 5
2023-07-27T15:19:00Z,34,Charge 5
2023-07-27T15:20:00Z,42,Charge 5
2023-07-27T15:21:00Z,38,Charge 5
2023-07-27T15:22:00Z,27,Charge 5
2023-07-27T15:23:00Z,45,Charge 5
2023-07-27T15:24:00Z,11,Charge 5
2023-07-27T15:25:00Z,18,Charge 5
2023-07-27T15:26:00Z,57,Charge 5
2023-07-27T15:27:00Z,34,Charge 5
2023-07-27T15:47:00Z,24,Charge 5
2023-07-27T15:48:00Z,27,Charge 5
2023-07-27T15:49:00Z,61,Charge 5
2023-07-27T15:50:00Z,7,Charge 5
2023-07-27T15:51:00Z,31,Charge 5
2023-07-27T15:52:00Z,40,Charge 5
2023-07-27T15:53:00Z,35,Charge 5
2023-07-27T15:54:00Z,45,Charge 5
2023-07-27T15:55:00Z,28,Charge 5
2023-07-27T15:56:00Z,19,Charge 5
2023-07-27T15:58:00Z,20,Charge 5
2023-07-27T15:59:00Z,12,Charge 5
2023-07-27T16:01:00Z,24,Charge 5
2023-07-27T16:02:00Z,7,Charge 5
2023-07-27T16:04:00Z,24,Charge 5
2023-07-27T16:05:00Z,28,Charge 5
2023-07-27T16:06:00Z,25,Charge 5
2023-07-27T16:07:00Z,36,Charge 5
2023-07-27T16:08:00Z,31,Charge 5
2023-07-27T16:09:00Z,43,Charge 5
2023-07-27T16:10:00Z,14,Charge 5
2023-07-27T16:11:00Z,11,Charge 5
2023-07-27T16:12:00Z,17,Charge 5
2023-07-27T16:14:00Z,20,Charge 5
2023-07-27T16:15:00Z,15,Charge 5
2023-07-27T16:18:00Z,11,Charge 5
2023-07-27T16:19:00Z,57,Charge 5
2023-07-27T16:20:00Z,68,Charge 5
2023-07-27T16:21:00Z,38,Charge 5
2023-07-27T16:26:00Z,4,Charge 5
2023-07-27T16:28:00Z,4,Charge 5
2023-07-27T16:29:00Z,14,Charge 5
2023-07-27T16:30:00Z,5,Charge 5
2023-07-27T16:33:00Z,16,Charge 5
2023-07-27T16:35:00Z,45,Charge 5
2023-07-27T16:36:00Z,34,Charge 5
2023-07-27T16:37:00Z,15,Charge 5
2023-07-27T16:38:00Z,58,Charge 5
2023-07-27T16:41:00Z,60,Charge 5
2023-07-27T16:42:00Z,79,Charge 5
2023-07-27T16:43:00Z,79,Charge 5
2023-07-27T16:44:00Z,83,Charge 5
2023-07-27T16:45:00Z,26,Charge 5
2023-07-27T16:46:00Z,37,Charge 5
2023-07-27T16:55:00Z,7,Charge 5
2023-07-27T16:56:00Z,6,Charge 5
2023-07-27T16:58:00Z,52,Charge 5
2023-07-27T16:59:00Z,13,Charge 5
2023-07-27T17:00:00Z,31,Charge 5
2023-07-27T17:01:00Z,33,Charge 5
2023-07-27T17:02:00Z,13,Charge 5
2023-07-27T17:03:00Z,17,Charge 5
2023-07-27T17:05:00Z,62,Charge 5
2023-07-27T17:06:00Z,73,Charge 5
2023-07-27T17:07:00Z,131,Charge 5
2023-07-27T17:08:00Z,59,Charge 5
2023-07-27T17:09:00Z,98,Charge 5
2023-07-27T17:10:00Z,94,Charge 5
2023-07-27T17:11:00Z,103,Charge 5
2023-07-27T17:13:00Z,28,Charge 5
2023-07-27T17:14:00Z,17,Charge 5
2023-07-27T17:17:00Z,12,Charge 5
2023-07-27T17:18:00Z,8,Charge 5
2023-07-27T17:21:00Z,8,Charge 5
2023-07-27T17:25:00Z,16,Charge 5
2023-07-27T17:26:00Z,9,Charge 5
2023-07-27T17:27:00Z,33,Charge 5
2023-07-27T17:28:00Z,2,Charge 5
2023-07-27T17:29:00Z,7,Charge 5
2023-07-27T17:31:00Z,58,Charge 5
2023-07-27T17:32:00Z,43,Charge 5
2023-07-27T17:33:00Z,24,Charge 5
2023-07-27T17:34:00Z,24,Charge 5
2023-07-27T17:36:00Z,6,Charge 5
2023-07-27T17:42:00Z,59,Charge 5
2023-07-27T17:43:00Z,29,Charge 5
2023-07-27T17:44:00Z,87,Charge 5
2023-07-27T17:45:00Z,79,Charge 5
2023-07-27T17:46:00Z,10,Charge 5
2023-07-27T17:47:00Z,53,Charge 5
2023-07-27T17:48:00Z,55,Charge 5
2023-07-27T17:50:00Z,18,Charge 5
2023-07-27T17:55:00Z,21,Charge 5
2023-07-27T18:00:00Z,10,Charge 5
2023-07-27T18:02:00Z,9,Charge 5
2023-07-27T18:05:00Z,17,Charge 5
2023-07-27T18:06:00Z,10,Charge 5
2023-07-27T18:07:00Z,2,Charge 5
2023-07-27T18:09:00Z,5,Charge 5
2023-07-27T18:10:00Z,28,Charge 5
2023-07-27T18:11:00Z,18,Charge 5
2023-07-27T18:12:00Z,73,Charge 5
2023-07-27T18:13:00Z,79,Charge 5
2023-07-27T18:14:00Z,32,Charge 5
2023-07-27T18:15:00Z,67,Charge 5
2023-07-27T18:16:00Z,48,Charge 5
2023-07-27T18:17:00Z,40,Charge 5
2023-07-27T18:18:00Z,23,Charge 5
2023-07-27T18:24:00Z,11,Charge 5
2023-07-27T18:28:00Z,14,Charge 5
2023-07-27T18:37:00Z,18,Charge 5
2023-07-27T18:41:00Z,24,Charge 5
2023-07-27T18:51:00Z,10,Charge 5
2023-07-27T18:56:00Z,12,Charge 5
2023-07-27T18:57:00Z,13,Charge 5
2023-07-27T18:59:00Z,9,Charge 5
2023-07-27T19:00:00Z,7,Charge 5
2023-07-27T19:01:00Z,8,Charge 5
2023-07-27T19:04:00Z,8,Charge 5
2023-07-27T19:05:00Z,7,Charge 5
2023-07-27T19:06:00Z,21,Charge 5
2023-07-27T19:08:00Z,4,Charge 5
2023-07-27T19:09:00Z,2,Charge 5
2023-07-27T20:00:00Z,10,Charge 5
2023-07-27T20:01:00Z,4,Charge 5
2023-07-27T20:02:00Z,22,Charge 5
2023-07-27T20:04:00Z,19,Charge 5
2023-07-27T20:05:00Z,15,Charge 5
2023-07-27T20:07:00Z,29,Charge 5
2023-07-27T20:08:00Z,21,Charge 5
2023-07-27T20:09:00Z,18,Charge 5
2023-07-27T20:10:00Z,1,Charge 5
2023-07-27T20:11:00Z,6,Charge 5
2023-07-27T20:12:00Z,28,Charge 5
2023-07-27T20:13:00Z,10,Charge 5
2023-07-27T20:15:00Z,4,Charge 5
2023-07-27T20:16:00Z,45,Charge 5
2023-07-27T20:19:00Z,31,Charge 5
2023-07-27T20:20:00Z,30,Charge 5
2023-07-27T20:21:00Z,12,Charge 5
2023-07-27T20:22:00Z,72,Charge 5
2023-07-27T20:23:00Z,43,Charge 5
2023-07-27T20:24:00Z,56,Charge 5
2023-07-27T20:25:00Z,22,Charge 5
2023-07-27T20:27:00Z,18,Charge 5
2023-07-27T20:29:00Z,44,Charge 5
2023-07-27T20:30:00Z,36,Charge 5
2023-07-27T20:31:00Z,30,Charge 5
2023-07-27T20:32:00Z,16,Charge 5
2023-07-27T20:33:00Z,23,Charge 5
2023-07-27T20:35:00Z,12,Charge 5
2023-07-27T20:36:00Z,7,Charge 5
2023-07-27T20:48:00Z,28,Charge 5
2023-07-27T20:49:00Z,43,Charge 5
2023-07-27T20:50:00Z,9,Charge 5
2023-07-27T20:51:00Z,25,Charge 5
2023-07-27T20:52:00Z,16,Charge 5
2023-07-27T20:53:00Z,47,Charge 5
2023-07-27T20:54:00Z,63,Charge 5
2023-07-27T20:55:00Z,89,Charge 5
2023-07-27T20:56:00Z,58,Charge 5
2023-07-27T20:57:00Z,14,Charge 5
2023-07-27T20:59:00Z,33,Charge 5
2023-07-27T21:05:00Z,16,Charge 5
2023-07-27T21:14:00Z,6,Charge 5
2023-07-27T21:30:00Z,6,Charge 5
2023-07-27T22:27:00Z,20,Charge 5
2023-07-27T22:28:00Z,17,Charge 5
2023-07-27T22:50:00Z,6,Charge 5
2023-07-27T23:02:00Z,10,Charge 5
2023-07-27T23:23:00Z,9,Charge 5
2023-07-27T23:33:00Z,30,Charge 5
2023-07-27T23:34:00Z,10,Charge 5
2023-07-27T23:37:00Z,6,Charge 5
2023-07-27T23:46:00Z,40,Charge 5
2023-07-27T23:47:00Z,57,Charge 5
2023-07-27T23:48:00Z,70,Charge 5
2023-07-27T23:49:00Z,72,Charge 5
2023-07-27T23:50:00Z,66,Charge 5
2023-07-27T23:51:00Z,36,Charge 5
2023-07-27T23:52:00Z,25,Charge 5
2023-07-27T23:53:00Z,6,Charge 5
2023-07-28T00:14:00Z,35,Charge 5
2023-07-28T00:15:00Z,26,Charge 5
2023-07-28T00:16:00Z,7,Charge 5
2023-07-28T00:17:00Z,7,Charge 5
2023-07-28T00:18:00Z,25,Charge 5
2023-07-28T00:44:00Z,22,Charge 5
2023-07-28T00:45:00Z,29,Charge 5
2023-07-28T00:46:00Z,28,Charge 5
2023-07-28T00:47:00Z,17,Charge 5
2023-07-28T00:48:00Z,29,Charge 5
2023-07-28T00:50:00Z,11,Charge 5
2023-07-28T00:51:00Z,15,Charge 5
2023-07-28T00:53:00Z,8,Charge 5
2023-07-28T00:54:00Z,10,Charge 5
2023-07-28T00:55:00Z,12,Charge 5
2023-07-28T00:56:00Z,16,Charge 5
2023-07-28T00:57:00Z,24,Charge 5
2023-07-28T00:58:00Z,17,Charge 5
2023-07-28T00:59:00Z,5,Charge 5
2023-07-28T01:00:00Z,5,Charge 5
2023-07-28T01:01:00Z,62,Charge 5
2023-07-28T01:02:00Z,62,Charge 5
2023-07-28T01:03:00Z,7,Charge 5
2023-07-28T01:04:00Z,20,Charge 5
2023-07-28T01:05:00Z,21,Charge 5
2023-07-28T01:06:00Z,41,Charge 5
2023-07-28T01:07:00Z,18,Charge 5
2023-07-28T01:09:00Z,9,Charge 5
2023-07-28T08:03:00Z,10,Charge 5
2023-07-28T09:02:00Z,9,Charge 5
2023-07-28T09:52:00Z,40,Charge 5
2023-07-28T09:53:00Z,29,Charge 5
2023-07-28T09:54:00Z,16,Charge 5
2023-07-28T09:57:00Z,35,Charge 5
2023-07-28T09:58:00Z,7,Charge 5
2023-07-28T10:19:00Z,17,Charge 5
2023-07-28T10:27:00Z,8,Charge 5
2023-07-28T10:28:00Z,14,Charge 5
2023-07-28T10:29:00Z,5,Charge 5
2023-07-28T10:31:00Z,9,Charge 5
2023-07-28T10:33:00Z,5,Charge 5
2023-07-28T10:34:00Z,21,Charge 5
2023-07-28T10:35:00Z,7,Charge 5
2023-07-28T10:36:00Z,8,Charge 5
2023-07-28T10:41:00Z,8,Charge 5
2023-07-28T10:45:00Z,13,Charge 5
2023-07-28T10:46:00Z,30,Charge 5
2023-07-28T10:47:00Z,8,Charge 5
2023-07-28T10:48:00Z,21,Charge 5
2023-07-28T10:49:00Z,33,Charge 5
2023-07-28T10:51:00Z,11,Charge 5
2023-07-28T10:53:00Z,16,Charge 5
2023-07-28T10:54:00Z,19,Charge 5
2023-07-28T10:56:00Z,34,Charge 5
2023-07-28T10:57:00Z,8,Charge 5
2023-07-28T10:58:00Z,26,Charge 5
2023-07-28T10:59:00Z,40,Charge 5
2023-07-28T11:00:00Z,12,Charge 5
2023-07-28T11:01:00Z,25,Charge 5
2023-07-28T11:02:00Z,33,Charge 5
2023-07-28T11:03:00Z,22,Charge 5
2023-07-28T11:06:00Z,10,Charge 5
2023-07-28T11:12:00Z,38,Charge 5
2023-07-28T11:13:00Z,16,Charge 5
2023-07-28T11:14:00Z,29,Charge 5
2023-07-28T11:15:00Z,23,Charge 5
2023-07-28T11:16:00Z,23,Charge 5
2023-07-28T11:17:00Z,12,Charge 5
2023-07-28T11:18:00Z,9,Charge 5
2023-07-28T11:20:00Z,11,Charge 5
2023-07-28T11:27:00Z,7,Charge 5
2023-07-28T11:29:00Z,7,Charge 5
2023-07-28T11:30:00Z,9,Charge 5
2023-07-28T11:56:00Z,7,Charge 5
2023-07-28T12:15:00Z,7,Charge 5
2023-07-28T12:23:00Z,17,Charge 5
2023-07-28T12:31:00Z,20,Charge 5
2023-07-28T12:32:00Z,48,Charge 5
2023-07-28T12:36:00Z,84,Charge 5
2023-07-28T12:37:00Z,1,Charge 5
2023-07-28T12:41:00Z,81,Charge 5
2023-07-28T12:42:00Z,37,Charge 5
2023-07-28T12:43:00Z,14,Charge 5
2023-07-28T12:44:00Z,14,Charge 5
2023-07-28T12:45:00Z,30,Charge 5
2023-07-28T12:46:00Z,82,Charge 5
2023-07-28T12:47:00Z,46,Charge 5
2023-07-28T12:48:00Z,55,Charge 5
2023-07-28T12:49:00Z,9,Charge 5
2023-07-28T12:50:00Z,7,Charge 5
2023-07-28T12:54:00Z,14,Charge 5
2023-07-28T12:55:00Z,20,Charge 5
2023-07-28T12:56:00Z,34,Charge 5
2023-07-28T13:01:00Z,5,Charge 5
2023-07-28T13:02:00Z,67,Charge 5
2023-07-28T13:03:00Z,22,Charge 5
2023-07-28T13:04:00Z,12,Charge 5
2023-07-28T13:05:00Z,43,Charge 5
2023-07-28T13:06:00Z,14,Charge 5
2023-07-28T13:07:00Z,38,Charge 5
2023-07-28T13:08:00Z,87,Charge 5
2023-07-28T13:09:00Z,29,Charge 5
2023-07-28T13:10:00Z,52,Charge 5
2023-07-28T13:11:00Z,22,Charge 5
2023-07-28T13:12:00Z,56,Charge 5
2023-07-28T13:13:00Z,64,Charge 5
2023-07-28T13:16:00Z,35,Charge 5
2023-07-28T13:17:00Z,49,Charge 5
2023-07-28T13:18:00Z,53,Charge 5
2023-07-28T13:19:00Z,82,Charge 5
2023-07-28T13:20:00Z,71,Charge 5
2023-07-28T13:21:00Z,18,Charge 5
2023-07-28T13:22:00Z,24,Charge 5
2023-07-28T13:23:00Z,22,Charge 5
2023-07-28T13:24:00Z,44,Charge 5
2023-07-28T13:25:00Z,25,Charge 5
2023-07-28T13:26:00Z,84,Charge 5
2023-07-28T13:27:00Z,24,Charge 5
2023-07-28T13:28:00Z,41,Charge 5
2023-07-28T13:29:00Z,64,Charge 5
2023-07-28T13:45:00Z,7,Charge 5
2023-07-28T13:48:00Z,57,Charge 5
2023-07-28T13:49:00Z,45,Charge 5
2023-07-28T13:50:00Z,36,Charge 5
2023-07-28T14:00:00Z,34,Charge 5
2023-07-28T14:01:00Z,44,Charge 5
2023-07-28T14:02:00Z,95,Charge 5
2023-07-28T14:03:00Z,115,Charge 5
2023-07-28T14:04:00Z,105,Charge 5
2023-07-28T14:05:00Z,112,Charge 5
2023-07-28T14:06:00Z,88,Charge 5
2023-07-28T14:07:00Z,117,Charge 5
2023-07-28T14:08:00Z,89,Charge 5
2023-07-28T14:09:00Z,31,Charge 5
2023-07-28T14:10:00Z,37,Charge 5
2023-07-28T14:11:00Z,6,Charge 5
2023-07-28T14:13:00Z,55,Charge 5
2023-07-28T14:14:00Z,33,Charge 5
2023-07-28T14:15:00Z,25,Charge 5
2023-07-28T14:16:00Z,68,Charge 5
2023-07-28T14:17:00Z,79,Charge 5
2023-07-28T14:18:00Z,16,Charge 5
2023-07-28T14:19:00Z,30,Charge 5
2023-07-28T14:20:00Z,29,Charge 5
2023-07-28T14:22:00Z,15,Charge 5
2023-07-28T14:26:00Z,4,Charge 5
2023-07-28T14:31:00Z,66,Charge 5
2023-07-28T14:32:00Z,58,Charge 5
2023-07-28T14:33:00Z,7,Charge 5
2023-07-28T14:34:00Z,30,Charge 5
2023-07-28T15:04:00Z,71,Charge 5
2023-07-28T15:13:00Z,32,Charge 5
2023-07-28T15:14:00Z,11,Charge 5
2023-07-28T15:15:00Z,12,Charge 5
2023-07-28T15:18:00Z,11,Charge 5
2023-07-28T15:19:00Z,2,Charge 5
2023-07-28T15:23:00Z,8,Charge 5
2023-07-28T15:27:00Z,12,Charge 5
2023-07-28T15:28:00Z,20,Charge 5
2023-07-28T15:30:00Z,4,Charge 5
2023-07-28T15:33:00Z,8,Charge 5
2023-07-28T15:58:00Z,4,Charge 5
2023-07-28T18:00:00Z,8,Charge 5
2023-07-28T18:03:00Z,15,Charge 5
2023-07-28T18:20:00Z,25,Charge 5
2023-07-28T18:21:00Z,10,Charge 5
2023-07-28T18:32:00Z,9,Charge 5
2023-07-28T18:35:00Z,5,Charge 5
2023-07-28T18:39:00Z,20,Charge 5
2023-07-28T18:40:00Z,5,Charge 5
2023-07-28T18:41:00Z,23,Charge 5
2023-07-28T18:42:00Z,93,Charge 5
2023-07-28T18:43:00Z,84,Charge 5
2023-07-28T18:44:00Z,93,Charge 5
2023-07-28T18:45:00Z,98,Charge 5
2023-07-28T18:46:00Z,98,Charge 5
2023-07-28T18:47:00Z,99,Charge 5
2023-07-28T18:48:00Z,74,Charge 5
2023-07-28T18:49:00Z,68,Charge 5
2023-07-28T18:50:00Z,10,Charge 5
2023-07-28T18:51:00Z,16,Charge 5
2023-07-28T18:55:00Z,12,Charge 5
2023-07-28T18:56:00Z,9,Charge 5
2023-07-28T18:59:00Z,4,Charge 5
2023-07-28T19:01:00Z,22,Charge 5
2023-07-28T19:03:00Z,14,Charge 5
2023-07-28T19:09:00Z,10,Charge 5
2023-07-28T19:11:00Z,46,Charge 5
2023-07-28T19:12:00Z,63,Charge 5
2023-07-28T19:13:00Z,99,Charge 5
2023-07-28T19:14:00Z,93,Charge 5
2023-07-28T19:15:00Z,43,Charge 5
2023-07-28T19:21:00Z,20,Charge 5
2023-07-28T19:33:00Z,24,Charge 5
2023-07-28T19:34:00Z,67,Charge 5
2023-07-28T19:35:00Z,78,Charge 5
2023-07-28T19:37:00Z,38,Charge 5
2023-07-28T19:40:00Z,88,Charge 5
2023-07-28T19:41:00Z,30,Charge 5
2023-07-28T19:42:00Z,21,Charge 5
2023-07-28T19:47:00Z,76,Charge 5
2023-07-28T19:48:00Z,11,Charge 5
2023-07-28T19:53:00Z,8,Charge 5
2023-07-28T19:54:00Z,30,Charge 5
2023-07-28T20:09:00Z,10,Charge 5
2023-07-28T20:10:00Z,11,Charge 5
2023-07-28T20:11:00Z,11,Charge 5
2023-07-28T20:12:00Z,32,Charge 5
2023-07-28T20:13:00Z,12,Charge 5
2023-07-28T20:14:00Z,13,Charge 5
2023-07-28T20:15:00Z,27,Charge 5
2023-07-28T20:20:00Z,6,Charge 5
2023-07-28T20:21:00Z,8,Charge 5
2023-07-28T20:22:00Z,36,Charge 5
2023-07-28T20:23:00Z,37,Charge 5
2023-07-28T20:39:00Z,6,Charge 5
2023-07-28T21:00:00Z,15,Charge 5
2023-07-28T21:01:00Z,7,Charge 5
2023-07-28T21:10:00Z,4,Charge 5
2023-07-28T21:15:00Z,20,Charge 5
2023-07-28T21:16:00Z,17,Charge 5
2023-07-28T21:18:00Z,8,Charge 5
2023-07-28T21:28:00Z,11,Charge 5
2023-07-28T21:44:00Z,15,Charge 5
2023-07-28T21:49:00Z,20,Charge 5
2023-07-28T21:50:00Z,10,Charge 5
2023-07-28T22:18:00Z,38,Charge 5
2023-07-28T22:19:00Z,17,Charge 5
2023-07-28T22:20:00Z,7,Charge 5
2023-07-28T22:21:00Z,65,Charge 5
2023-07-28T22:22:00Z,101,Charge 5
2023-07-28T22:23:00Z,29,Charge 5
2023-07-28T22:24:00Z,15,Charge 5
2023-07-28T22:25:00Z,67,Charge 5
2023-07-28T22:26:00Z,2,Charge 5
2023-07-28T22:28:00Z,31,Charge 5
2023-07-28T22:31:00Z,18,Charge 5
2023-07-28T22:32:00Z,76,Charge 5
2023-07-28T22:33:00Z,96,Charge 5
2023-07-28T22:34:00Z,81,Charge 5
2023-07-28T22:35:00Z,86,Charge 5
2023-07-28T22:39:00Z,11,Charge 5
2023-07-28T22:40:00Z,93,Charge 5
2023-07-28T22:41:00Z,102,Charge 5
2023-07-28T22:42:00Z,78,Charge 5
2023-07-28T22:43:00Z,68,Charge 5
2023-07-28T22:49:00Z,7,Charge 5
2023-07-28T22:54:00Z,13,Charge 5
2023-07-28T22:55:00Z,30,Charge 5
2023-07-28T22:56:00Z,8,Charge 5
2023-07-28T22:59:00Z,54,Charge 5
2023-07-28T23:00:00Z,56,Charge 5
2023-07-28T23:01:00Z,62,Charge 5
2023-07-28T23:02:00Z,44,Charge 5
2023-07-28T23:03:00Z,72,Charge 5
2023-07-28T23:04:00Z,52,Charge 5
2023-07-28T23:05:00Z,38,Charge 5
2023-07-28T23:06:00Z,40,Charge 5
2023-07-28T23:07:00Z,23,Charge 5
2023-07-28T23:08:00Z,1,Charge 5
2023-07-28T23:09:00Z,15,Charge 5
2023-07-28T23:11:00Z,14,Charge 5
2023-07-28T23:13:00Z,32,Charge 5
2023-07-28T23:31:00Z,31,Charge 5
2023-07-29T00:11:00Z,14,Charge 5
2023-07-29T00:12:00Z,5,Charge 5
2023-07-29T00:13:00Z,4,Charge 5
2023-07-29T00:23:00Z,5,Charge 5
2023-07-29T00:28:00Z,55,Charge 5
2023-07-29T00:29:00Z,135,Charge 5
2023-07-29T00:30:00Z,15,Charge 5
2023-07-29T00:32:00Z,5,Charge 5
2023-07-29T00:34:00Z,9,Charge 5
2023-07-29T00:41:00Z,26,Charge 5
2023-07-29T00:42:00Z,19,Charge 5
2023-07-29T00:43:00Z,22,Charge 5
2023-07-29T00:47:00Z,62,Charge 5
2023-07-29T00:48:00Z,27,Charge 5
2023-07-29T00:49:00Z,54,Charge 5
2023-07-29T00:50:00Z,7,Charge 5
2023-07-29T00:55:00Z,19,Charge 5
2023-07-29T00:56:00Z,9,Charge 5
2023-07-29T00:57:00Z,19,Charge 5
2023-07-29T00:58:00Z,7,Charge 5
2023-07-29T00:59:00Z,8,Charge 5
2023-07-29T01:00:00Z,18,Charge 5
2023-07-29T01:02:00Z,4,Charge 5
2023-07-29T01:04:00Z,45,Charge 5
2023-07-29T01:05:00Z,10,Charge 5
2023-07-29T01:06:00Z,13,Charge 5
2023-07-29T01:07:00Z,32,Charge 5
2023-07-29T01:08:00Z,6,Charge 5
2023-07-29T01:09:00Z,7,Charge 5
2023-07-29T01:10:00Z,17,Charge 5
2023-07-29T01:15:00Z,9,Charge 5
2023-07-29T01:31:00Z,24,Charge 5
2023-07-29T01:32:00Z,18,Charge 5
2023-07-29T01:40:00Z,13,Charge 5
2023-07-29T02:16:00Z,19,Charge 5
2023-07-29T02:17:00Z,21,Charge 5
2023-07-29T02:18:00Z,1,Charge 5
2023-07-29T02:32:00Z,30,Charge 5
2023-07-29T02:39:00Z,9,Charge 5
2023-07-29T03:21:00Z,16,Charge 5
2023-07-29T03:22:00Z,17,Charge 5
2023-07-29T03:23:00Z,4,Charge 5
2023-07-29T04:24:00Z,10,Charge 5
2023-07-29T04:53:00Z,9,Charge 5
2023-07-29T05:54:00Z,23,Charge 5
2023-07-29T05:55:00Z,15,Charge 5
2023-07-29T05:58:00Z,15,Charge 5
2023-07-29T08:24:00Z,8,Charge 5
2023-07-29T08:52:00Z,6,Charge 5
2023-07-29T08:54:00Z,25,Charge 5
2023-07-29T08:55:00Z,15,Charge 5
2023-07-29T08:57:00Z,7,Charge 5
2023-07-29T09:04:00Z,6,Charge 5
2023-07-29T09:39:00Z,17,Charge 5
2023-07-29T09:40:00Z,2,Charge 5
2023-07-29T09:41:00Z,10,Charge 5
2023-07-29T11:03:00Z,9,Charge 5
2023-07-29T11:11:00Z,7,Charge 5
2023-07-29T11:15:00Z,20,Charge 5
2023-07-29T12:09:00Z,24,Charge 5
2023-07-29T12:35:00Z,9,Charge 5
2023-07-29T12:36:00Z,23,Charge 5
2023-07-29T12:37:00Z,7,Charge 5
2023-07-29T12:45:00Z,8,Charge 5
2023-07-29T13:05:00Z,8,Charge 5
2023-07-29T13:11:00Z,4,Charge 5
2023-07-29T13:18:00Z,19,Charge 5
2023-07-29T13:33:00Z,16,Charge 5
2023-07-29T13:44:00Z,40,Charge 5
2023-07-29T13:45:00Z,13,Charge 5
2023-07-29T13:46:00Z,16,Charge 5
2023-07-29T13:47:00Z,18,Charge 5
2023-07-29T14:15:00Z,8,Charge 5
2023-07-29T14:17:00Z,7,Charge 5
2023-07-29T14:18:00Z,10,Charge 5
2023-07-29T14:28:00Z,7,Charge 5
2023-07-29T14:29:00Z,5,Charge 5
2023-07-29T14:32:00Z,11,Charge 5
2023-07-29T14:33:00Z,10,Charge 5
2023-07-29T14:34:00Z,33,Charge 5
2023-07-29T14:36:00Z,30,Charge 5
2023-07-29T14:37:00Z,9,Charge 5
2023-07-29T14:38:00Z,59,Charge 5
2023-07-29T14:39:00Z,38,Charge 5
2023-07-29T14:40:00Z,38,Charge 5
2023-07-29T14:41:00Z,20,Charge 5
2023-07-29T14:45:00Z,8,Charge 5
2023-07-29T14:46:00Z,25,Charge 5
2023-07-29T15:08:00Z,8,Charge 5
2023-07-29T15:10:00Z,4,Charge 5
2023-07-29T15:11:00Z,9,Charge 5
2023-07-29T15:15:00Z,9,Charge 5
2023-07-29T15:24:00Z,7,Charge 5
2023-07-29T15:38:00Z,15,Charge 5
2023-07-30T01:13:00Z,10,Charge 5
2023-07-30T01:14:00Z,11,Charge 5
2023-07-30T01:15:00Z,26,Charge 5
2023-07-30T10:28:00Z,19,Charge 5
2023-07-30T11:05:00Z,8,Charge 5
2023-07-30T11:06:00Z,67,Charge 5
2023-07-30T11:14:00Z,11,Charge 5
2023-07-30T11:36:00Z,10,Charge 5
2023-07-30T11:38:00Z,11,Charge 5
2023-07-30T11:39:00Z,14,Charge 5
2023-07-30T11:42:00Z,6,Charge 5
2023-07-30T11:43:00Z,7,Charge 5
2023-07-30T11:45:00Z,12,Charge 5
2023-07-30T11:46:00Z,3,Charge 5
2023-07-30T11:52:00Z,32,Charge 5
2023-07-30T11:53:00Z,6,Charge 5
2023-07-30T11:54:00Z,13,Charge 5
2023-07-30T12:01:00Z,4,Charge 5
2023-07-30T12:06:00Z,21,Charge 5
2023-07-30T12:31:00Z,13,Charge 5
2023-07-30T12:45:00Z,9,Charge 5
2023-07-30T12:50:00Z,15,Charge 5
2023-07-30T12:51:00Z,22,Charge 5
2023-07-30T13:20:00Z,9,Charge 5
2023-07-30T13:24:00Z,7,Charge 5
2023-07-30T13:38:00Z,13,Charge 5
2023-07-30T13:39:00Z,10,Charge 5
2023-07-30T13:51:00Z,6,Charge 5
2023-07-30T13:52:00Z,13,Charge 5
2023-07-30T13:55:00Z,28,Charge 5
2023-07-30T13:56:00Z,20,Charge 5
2023-07-30T14:01:00Z,7,Charge 5
2023-07-30T14:03:00Z,6,Charge 5
2023-07-30T14:07:00Z,8,Charge 5
2023-07-30T14:08:00Z,16,Charge 5
2023-07-30T14:09:00Z,28,Charge 5
2023-07-30T14:10:00Z,21,Charge 5
2023-07-30T14:11:00Z,31,Charge 5
2023-07-30T14:12:00Z,37,Charge 5
2023-07-30T14:13:00Z,40,Charge 5
2023-07-30T14:14:00Z,23,Charge 5
2023-07-30T14:15:00Z,10,Charge 5
2023-07-30T14:41:00Z,13,Charge 5
2023-07-30T14:42:00Z,11,Charge 5
2023-07-30T14:44:00Z,16,Charge 5
2023-07-30T14:51:00Z,4,Charge 5
2023-07-30T14:52:00Z,7,Charge 5
2023-07-30T14:53:00Z,89,Charge 5
2023-07-30T15:11:00Z,8,Charge 5
2023-07-30T15:18:00Z,14,Charge 5
2023-07-30T15:23:00Z,7,Charge 5
2023-07-30T15:27:00Z,15,Charge 5
2023-07-30T15:32:00Z,5,Charge 5
2023-07-30T15:48:00Z,11,Charge 5
2023-07-30T15:54:00Z,10,Charge 5
2023-07-30T15:55:00Z,26,Charge 5
2023-07-30T15:56:00Z,24,Charge 5
2023-07-30T15:57:00Z,27,Charge 5
2023-07-30T15:58:00Z,24,Charge 5
2023-07-30T15:59:00Z,31,Charge 5
2023-07-30T16:00:00Z,4,Charge 5
2023-07-30T16:35:00Z,6,Charge 5
2023-07-30T16:39:00Z,7,Charge 5
2023-07-30T16:41:00Z,7,Charge 5
2023-07-30T16:43:00Z,6,Charge 5
2023-07-30T16:44:00Z,15,Charge 5
2023-07-30T16:51:00Z,10,Charge 5
2023-07-30T16:56:00Z,42,Charge 5
2023-07-30T16:57:00Z,37,Charge 5
2023-07-30T17:09:00Z,9,Charge 5
2023-07-30T17:26:00Z,87,Charge 5
2023-07-30T17:27:00Z,98,Charge 5
2023-07-30T17:28:00Z,65,Charge 5
2023-07-30T17:29:00Z,82,Charge 5
2023-07-30T17:30:00Z,116,Charge 5
2023-07-30T17:31:00Z,65,Charge 5
2023-07-30T17:32:00Z,18,Charge 5
2023-07-30T17:33:00Z,29,Charge 5
2023-07-30T17:34:00Z,25,Charge 5
2023-07-30T17:36:00Z,27,Charge 5
2023-07-30T17:37:00Z,30,Charge 5
2023-07-30T17:42:00Z,20,Charge 5
2023-07-30T17:52:00Z,22,Charge 5
2023-07-30T17:53:00Z,44,Charge 5
2023-07-30T17:54:00Z,12,Charge 5
2023-07-30T17:58:00Z,18,Charge 5
2023-07-30T18:03:00Z,13,Charge 5
2023-07-30T18:06:00Z,15,Charge 5
2023-07-30T18:07:00Z,7,Charge 5
2023-07-30T18:12:00Z,25,Charge 5
2023-07-30T18:18:00Z,15,Charge 5
2023-07-30T18:19:00Z,13,Charge 5
2023-07-30T18:38:00Z,11,Charge 5
2023-07-30T18:42:00Z,19,Charge 5
2023-07-30T19:01:00Z,16,Charge 5
2023-07-30T19:03:00Z,7,Charge 5
2023-07-30T19:04:00Z,4,Charge 5
2023-07-30T19:17:00Z,10,Charge 5
2023-07-30T19:18:00Z,7,Charge 5
2023-07-30T19:35:00Z,8,Charge 5
2023-07-30T19:36:00Z,11,Charge 5
2023-07-30T19:51:00Z,7,Charge 5
2023-07-30T20:06:00Z,14,Charge 5
2023-07-30T20:08:00Z,14,Charge 5
2023-07-30T20:21:00Z,10,Charge 5
2023-07-30T20:40:00Z,9,Charge 5
2023-07-30T20:51:00Z,7,Charge 5
2023-07-30T21:02:00Z,8,Charge 5
2023-07-30T21:03:00Z,4,Charge 5
2023-07-30T21:08:00Z,7,Charge 5
2023-07-30T21:12:00Z,6,Charge 5
2023-07-30T21:14:00Z,22,Charge 5
2023-07-30T21:18:00Z,9,Charge 5
2023-07-30T21:19:00Z,6,Charge 5
2023-07-30T21:20:00Z,9,Charge 5
2023-07-30T21:27:00Z,21,Charge 5
2023-07-30T21:29:00Z,15,Charge 5
2023-07-30T21:30:00Z,6,Charge 5
2023-07-30T21:32:00Z,8,Charge 5
2023-07-30T21:35:00Z,21,Charge 5
2023-07-30T21:36:00Z,16,Charge 5
2023-07-30T21:38:00Z,12,Charge 5
2023-07-30T21:42:00Z,19,Charge 5
2023-07-30T21:53:00Z,47,Charge 5
2023-07-30T21:54:00Z,8,Charge 5
2023-07-30T22:08:00Z,35,Charge 5
2023-07-30T22:09:00Z,6,Charge 5
2023-07-30T22:12:00Z,16,Charge 5
2023-07-30T22:13:00Z,1,Charge 5
2023-07-30T22:27:00Z,13,Charge 5
2023-07-30T22:32:00Z,7,Charge 5
2023-07-30T22:40:00Z,12,Charge 5
2023-07-30T22:44:00Z,13,Charge 5
2023-07-30T22:46:00Z,12,Charge 5
2023-07-30T22:47:00Z,13,Charge 5
2023-07-30T22:50:00Z,10,Charge 5
2023-07-30T23:02:00Z,10,Charge 5
2023-07-30T23:03:00Z,17,Charge 5
2023-07-30T23:04:00Z,32,Charge 5
2023-07-30T23:06:00Z,17,Charge 5
2023-07-30T23:07:00Z,15,Charge 5
2023-07-30T23:08:00Z,14,Charge 5
2023-07-30T23:11:00Z,21,Charge 5
2023-07-30T23:15:00Z,22,Charge 5
2023-07-30T23:17:00Z,14,Charge 5
2023-07-30T23:19:00Z,9,Charge 5
2023-07-30T23:21:00Z,12,Charge 5
2023-07-30T23:30:00Z,7,Charge 5
2023-07-30T23:37:00Z,8,Charge 5
2023-07-30T23:39:00Z,25,Charge 5
2023-07-30T23:45:00Z,84,Charge 5
2023-07-30T23:50:00Z,14,Charge 5
2023-07-30T23:51:00Z,91,Charge 5
2023-07-30T23:56:00Z,89,Charge 5
2023-07-30T23:57:00Z,25,Charge 5
2023-07-31T00:11:00Z,15,Charge 5
2023-07-31T00:33:00Z,57,Charge 5
2023-07-31T00:34:00Z,32,Charge 5
2023-07-31T00:35:00Z,32,Charge 5
2023-07-31T00:36:00Z,48,Charge 5
2023-07-31T00:37:00Z,34,Charge 5
2023-07-31T00:42:00Z,29,Charge 5
2023-07-31T00:43:00Z,12,Charge 5
2023-07-31T00:46:00Z,59,Charge 5
2023-07-31T00:47:00Z,39,Charge 5
2023-07-31T00:49:00Z,79,Charge 5
2023-07-31T00:50:00Z,40,Charge 5
2023-07-31T00:53:00Z,13,Charge 5
2023-07-31T01:01:00Z,4,Charge 5
2023-07-31T01:24:00Z,50,Charge 5
2023-07-31T01:25:00Z,53,Charge 5
2023-07-31T01:31:00Z,21,Charge 5
2023-07-31T01:32:00Z,6,Charge 5
2023-07-31T01:35:00Z,8,Charge 5
2023-07-31T01:37:00Z,13,Charge 5
2023-07-31T01:39:00Z,6,Charge 5
2023-07-31T01:40:00Z,10,Charge 5
2023-07-31T01:41:00Z,4,Charge 5
2023-07-31T02:07:00Z,11,Charge 5
2023-07-31T02:08:00Z,23,Charge 5
2023-07-31T02:09:00Z,9,Charge 5
2023-07-31T07:31:00Z,4,Charge 5
2023-07-31T10:05:00Z,8,Charge 5
2023-07-31T10:26:00Z,10,Charge 5
2023-07-31T11:07:00Z,26,Charge 5
2023-07-31T11:10:00Z,63,Charge 5
2023-07-31T11:11:00Z,80,Charge 5
2023-07-31T11:12:00Z,97,Charge 5
2023-07-31T11:13:00Z,93,Charge 5
2023-07-31T11:14:00Z,98,Charge 5
2023-07-31T11:15:00Z,80,Charge 5
2023-07-31T11:16:00Z,88,Charge 5
2023-07-31T11:17:00Z,95,Charge 5
2023-07-31T11:18:00Z,96,Charge 5
2023-07-31T11:19:00Z,95,Charge 5
2023-07-31T11:20:00Z,99,Charge 5
2023-07-31T11:21:00Z,61,Charge 5
2023-07-31T11:22:00Z,80,Charge 5
2023-07-31T11:23:00Z,87,Charge 5
2023-07-31T11:24:00Z,89,Charge 5
2023-07-31T11:25:00Z,88,Charge 5
2023-07-31T11:26:00Z,81,Charge 5
2023-07-31T11:27:00Z,93,Charge 5
2023-07-31T11:28:00Z,87,Charge 5
2023-07-31T11:29:00Z,88,Charge 5
2023-07-31T11:30:00Z,5,Charge 5
2023-07-31T11:31:00Z,4,Charge 5
2023-07-31T11:38:00Z,41,Charge 5
2023-07-31T11:39:00Z,41,Charge 5
2023-07-31T11:45:00Z,35,Charge 5
2023-07-31T11:50:00Z,8,Charge 5
2023-07-31T11:56:00Z,16,Charge 5
2023-07-31T11:57:00Z,6,Charge 5
2023-07-31T11:58:00Z,8,Charge 5
2023-07-31T11:59:00Z,5,Charge 5
2023-07-31T12:05:00Z,4,Charge 5
2023-07-31T12:07:00Z,7,Charge 5
2023-07-31T12:16:00Z,5,Charge 5
2023-07-31T12:18:00Z,12,Charge 5
2023-07-31T12:19:00Z,6,Charge 5
2023-07-31T13:10:00Z,7,Charge 5
2023-07-31T13:16:00Z,11,Charge 5
2023-07-31T13:17:00Z,20,Charge 5
2023-07-31T13:40:00Z,14,Charge 5
2023-07-31T13:41:00Z,1,Charge 5
2023-07-31T14:13:00Z,6,Charge 5
2023-07-31T14:30:00Z,4,Charge 5
2023-07-31T17:04:00Z,54,Charge 5
2023-07-31T17:05:00Z,53,Charge 5
2023-07-31T17:06:00Z,7,Charge 5
2023-07-31T17:08:00Z,16,Charge 5
2023-07-31T17:09:00Z,13,Charge 5
2023-07-31T17:11:00Z,34,Charge 5
2023-07-31T17:12:00Z,20,Charge 5
2023-07-31T17:18:00Z,6,Charge 5
2023-07-31T17:19:00Z,12,Charge 5
2023-07-31T17:20:00Z,4,Charge 5
2023-07-31T17:22:00Z,17,Charge 5
2023-07-31T17:23:00Z,7,Charge 5
2023-07-31T17:24:00Z,8,Charge 5
2023-07-31T17:44:00Z,13,Charge 5
2023-07-31T17:59:00Z,8,Charge 5
2023-07-31T18:00:00Z,34,Charge 5
2023-07-31T18:01:00Z,21,Charge 5
2023-07-31T18:02:00Z,36,Charge 5
2023-07-31T18:03:00Z,50,Charge 5
2023-07-31T18:09:00Z,6,Charge 5
2023-07-31T18:18:00Z,20,Charge 5
2023-07-31T18:19:00Z,47,Charge 5
2023-07-31T18:20:00Z,40,Charge 5
2023-07-31T18:23:00Z,17,Charge 5
2023-07-31T18:25:00Z,51,Charge 5
2023-07-31T18:26:00Z,16,Charge 5
2023-07-31T18:44:00Z,12,Charge 5
2023-07-31T18:45:00Z,18,Charge 5
2023-07-31T18:48:00Z,56,Charge 5
2023-07-31T18:49:00Z,32,Charge 5
2023-07-31T18:51:00Z,4,Charge 5
2023-07-31T18:58:00Z,23,Charge 5
2023-07-31T18:59:00Z,16,Charge 5
2023-07-31T19:00:00Z,32,Charge 5
2023-07-31T19:01:00Z,39,Charge 5
2023-07-31T19:14:00Z,17,Charge 5
2023-07-31T19:15:00Z,25,Charge 5
2023-07-31T19:16:00Z,47,Charge 5
2023-07-31T19:17:00Z,31,Charge 5
2023-07-31T19:18:00Z,21,Charge 5
2023-07-31T19:25:00Z,12,Charge 5
2023-07-31T19:26:00Z,19,Charge 5
2023-07-31T19:27:00Z,56,Charge 5
2023-07-31T19:28:00Z,16,Charge 5
2023-07-31T19:31:00Z,13,Charge 5
2023-07-31T19:32:00Z,52,Charge 5
2023-07-31T19:33:00Z,25,Charge 5
2023-07-31T19:34:00Z,47,Charge 5
2023-07-31T19:41:00Z,11,Charge 5
2023-07-31T19:42:00Z,7,Charge 5
2023-07-31T19:43:00Z,17,Charge 5
2023-07-31T19:45:00Z,56,Charge 5
2023-07-31T19:46:00Z,19,Charge 5
2023-07-31T19:47:00Z,49,Charge 5
2023-07-31T19:48:00Z,58,Charge 5
2023-07-31T19:49:00Z,52,Charge 5
2023-07-31T19:55:00Z,39,Charge 5
2023-07-31T19:56:00Z,67,Charge 5
2023-07-31T19:57:00Z,65,Charge 5
2023-07-31T19:58:00Z,35,Charge 5
2023-07-31T19:59:00Z,58,Charge 5
2023-07-31T20:00:00Z,48,Charge 5
2023-07-31T20:01:00Z,12,Charge 5
2023-07-31T20:02:00Z,8,Charge 5
2023-07-31T20:22:00Z,37,Charge 5
2023-07-31T20:23:00Z,15,Charge 5
2023-07-31T20:30:00Z,23,Charge 5
2023-07-31T20:32:00Z,6,Charge 5
2023-07-31T20:47:00Z,7,Charge 5
2023-07-31T20:56:00Z,30,Charge 5
2023-07-31T21:06:00Z,8,Charge 5
2023-07-31T21:25:00Z,76,Charge 5
2023-07-31T21:26:00Z,104,Charge 5
2023-07-31T21:27:00Z,90,Charge 5
2023-07-31T21:28:00Z,77,Charge 5
2023-07-31T21:29:00Z,26,Charge 5
2023-07-31T21:31:00Z,14,Charge 5
2023-07-31T21:32:00Z,76,Charge 5
2023-07-31T21:33:00Z,7,Charge 5
2023-07-31T21:34:00Z,58,Charge 5
2023-07-31T21:35:00Z,98,Charge 5
2023-07-31T21:36:00Z,31,Charge 5
2023-07-31T21:37:00Z,32,Charge 5
2023-07-31T21:38:00Z,114,Charge 5
2023-07-31T21:39:00Z,11,Charge 5
2023-07-31T21:42:00Z,13,Charge 5
2023-07-31T21:51:00Z,12,Charge 5
2023-07-31T21:54:00Z,53,Charge 5
2023-07-31T21:55:00Z,56,Charge 5
2023-07-31T21:56:00Z,10,Charge 5
2023-07-31T21:57:00Z,24,Charge 5
2023-07-31T21:58:00Z,16,Charge 5
2023-07-31T22:01:00Z,60,Charge 5
2023-07-31T22:02:00Z,43,Charge 5
2023-07-31T22:05:00Z,60,Charge 5
2023-07-31T22:25:00Z,10,Charge 5
2023-07-31T22:26:00Z,99,Charge 5
2023-07-31T22:27:00Z,87,Charge 5
2023-07-31T22:28:00Z,81,Charge 5
2023-07-31T22:29:00Z,40,Charge 5
2023-07-31T22:30:00Z,95,Charge 5
2023-07-31T22:31:00Z,102,Charge 5
2023-07-31T22:32:00Z,90,Charge 5
2023-07-31T22:33:00Z,22,Charge 5
2023-07-31T22:34:00Z,74,Charge 5
2023-07-31T22:35:00Z,77,Charge 5
2023-07-31T22:36:00Z,71,Charge 5
2023-07-31T22:37:00Z,86,Charge 5
2023-07-31T22:38:00Z,73,Charge 5
2023-07-31T22:39:00Z,99,Charge 5
2023-07-31T22:40:00Z,99,Charge 5
2023-07-31T22:41:00Z,96,Charge 5
2023-07-31T22:42:00Z,90,Charge 5
2023-07-31T22:43:00Z,70,Charge 5
2023-07-31T22:44:00Z,94,Charge 5
2023-07-31T22:45:00Z,84,Charge 5
2023-07-31T22:46:00Z,46,Charge 5
2023-07-31T22:54:00Z,50,Charge 5
2023-07-31T22:55:00Z,18,Charge 5
2023-07-31T22:56:00Z,56,Charge 5
2023-07-31T22:57:00Z,13,Charge 5
2023-07-31T22:58:00Z,31,Charge 5
2023-07-31T23:04:00Z,9,Charge 5
2023-07-31T23:08:00Z,9,Charge 5
2023-07-31T23:14:00Z,10,Charge 5
2023-07-31T23:15:00Z,8,Charge 5
2023-07-31T23:16:00Z,11,Charge 5
2023-07-31T23:20:00Z,4,Charge 5
2023-07-31T23:21:00Z,6,Charge 5
2023-07-31T23:24:00Z,7,Charge 5
2023-07-31T23:35:00Z,6,Charge 5
2023-07-31T23:36:00Z,1,Charge 5
2023-07-31T23:41:00Z,7,Charge 5
2023-07-31T23:50:00Z,88,Charge 5
2023-07-31T23:51:00Z,84,Charge 5
2023-07-31T23:52:00Z,10,Charge 5
2023-07-31T23:53:00Z,72,Charge 5
2023-07-31T23:54:00Z,47,Charge 5
2023-07-31T23:55:00Z,14,Charge 5
2023-07-31T23:56:00Z,32,Charge 5
2023-07-31T23:57:00Z,36,Charge 5
